{"baby_trigger_item": null, "chain": {"evolution_details": [], "evolves_to": [{"evolution_details": [{"base_form_id": null, "gender": null, "held_item": null, "item": null, "known_move": null, "known_move_type": null, "location": null, "min_affection": null, "min_beauty": null, "min_happiness": null, "min_level": 30, "needs_overworld_rain": false, "party_species": null, "party_type": null, "region_id": null, "relative_physical_stats": null, "time_of_day": "", "trade_species": null, "trigger": {"name": "level-up", "url": "https://pokeapi.co/api/v2/evolution-trigger/1/"}, "turn_upside_down": false}], "evolves_to": [{"evolution_details": [{"base_form_id": null, "gender": null, "held_item": null, "item": null, "known_move": null, "known_move_type": null, "location": {"name": "mt-coronet", "url": "https://pokeapi.co/api/v2/location/10/"}, "min_affection": null, "min_beauty": null, "min_happiness": null, "min_level": null, "needs_overworld_rain": false, "party_species": null, "party_type": null, "region_id": null, "relative_physical_stats": null, "time_of_day": "", "trade_species": null, "trigger": {"name": "level-up", "url": "https://pokeapi.co/api/v2/evolution-trigger/1/"}, "turn_upside_down": false}, {"base_form_id": null, "gender": null, "held_item": null, "item": null, "known_move": null, "known_move_type": null, "location": {"name": "chargestone-cave", "url": "https://pokeapi.co/api/v2/location/379/"}, "min_affection": null, "min_beauty": null, "min_happiness": null, "min_level": null, "needs_overworld_rain": false, "party_species": null, "party_type": null, "region_id": null, "relative_physical_stats": null, "time_of_day": "", "trade_species": null, "trigger": {"name": "level-up", "url": "https://pokeapi.co/api/v2/evolution-trigger/1/"}, "turn_upside_down": false}, {"base_form_id": null, "gender": null, "held_item": null, "item": null, "known_move": null, "known_move_type": null, "location": {"name": "kalos-route-13", "url": "https://pokeapi.co/api/v2/location/629/"}, "min_affection": null, "min_beauty": null, "min_happiness": null, "min_level": null, "needs_overworld_rain": false, "party_species": null, "party_type": null, "region_id": null, "relative_physical_stats": null, "time_of_day": "", "trade_species": null, "trigger": {"name": "level-up", "url": "https://pokeapi.co/api/v2/evolution-trigger/1/"}, "turn_upside_down": false}, {"base_form_id": null, "gender": null, "held_item": null, "item": null, "known_move": null, "known_move_type": null, "location": null, "min_affection": null, "min_beauty": null, "min_happiness": null, "min_level": null, "needs_overworld_rain": false, "party_species": null, "party_type": null, "region_id": null, "relative_physical_stats": null, "time_of_day": "", "trade_species": null, "trigger": {"name": "level-up", "url": "https://pokeapi.co/api/v2/evolution-trigger/1/"}, "turn_upside_down": false}, {"base_form_id": null, "gender": null, "held_item": null, "item": {"name": "thunder-stone", "url": "https://pokeapi.co/api/v2/item/83/"}, "known_move": null, "known_move_type": null, "location": null, "min_affection": null, "min_beauty": null, "min_happiness": null, "min_level": null, "needs_overworld_rain": false, "party_species": null, "party_type": null, "region_id": null, "relative_physical_stats": null, "time_of_day": "", "trade_species": null, "trigger": {"name": "use-item", "url": "https://pokeapi.co/api/v2/evolution-trigger/3/"}, "turn_upside_down": false}], "evolves_to": [], "is_baby": false, "species": {"name": "magnezone", "url": "https://pokeapi.co/api/v2/pokemon-species/462/"}}], "is_baby": false, "species": {"name": "magneton", "url": "https://pokeapi.co/api/v2/pokemon-species/82/"}}], "is_baby": false, "species": {"name": "magnemite", "url": "https://pokeapi.co/api/v2/pokemon-species/81/"}}, "id": 34}