{"baby_trigger_item": null, "chain": {"evolution_details": [], "evolves_to": [{"evolution_details": [{"base_form_id": null, "gender": null, "held_item": null, "item": null, "known_move": null, "known_move_type": null, "location": null, "min_affection": null, "min_beauty": null, "min_happiness": null, "min_level": null, "needs_overworld_rain": false, "party_species": null, "party_type": null, "region_id": null, "relative_physical_stats": null, "time_of_day": "", "trade_species": {"name": "shelmet", "url": "https://pokeapi.co/api/v2/pokemon-species/616/"}, "trigger": {"name": "trade", "url": "https://pokeapi.co/api/v2/evolution-trigger/2/"}, "turn_upside_down": false}], "evolves_to": [], "is_baby": false, "species": {"name": "escavalier", "url": "https://pokeapi.co/api/v2/pokemon-species/589/"}}], "is_baby": false, "species": {"name": "karrablast", "url": "https://pokeapi.co/api/v2/pokemon-species/588/"}}, "id": 299}