{"baby_trigger_item": null, "chain": {"evolution_details": [], "evolves_to": [{"evolution_details": [{"base_form_id": null, "gender": null, "held_item": null, "item": null, "known_move": null, "known_move_type": null, "location": null, "min_affection": null, "min_beauty": null, "min_happiness": null, "min_level": 25, "needs_overworld_rain": false, "party_species": null, "party_type": null, "region_id": null, "relative_physical_stats": null, "time_of_day": "", "trade_species": null, "trigger": {"name": "other", "url": "https://pokeapi.co/api/v2/evolution-trigger/10/"}, "turn_upside_down": false}], "evolves_to": [], "is_baby": false, "species": {"name": "maushold", "url": "https://pokeapi.co/api/v2/pokemon-species/925/"}}], "is_baby": false, "species": {"name": "tandemaus", "url": "https://pokeapi.co/api/v2/pokemon-species/924/"}}, "id": 485}