{
  "abilities": [
    {
      "name": "stench",
      "url": "https://pokeapi.co/api/v2/ability/1/"
    },
    {
      "name": "drizzle",
      "url": "https://pokeapi.co/api/v2/ability/2/"
    },
    {
      "name": "speed-boost",
      "url": "https://pokeapi.co/api/v2/ability/3/"
    },
    {
      "name": "battle-armor",
      "url": "https://pokeapi.co/api/v2/ability/4/"
    },
    {
      "name": "sturdy",
      "url": "https://pokeapi.co/api/v2/ability/5/"
    },
    {
      "name": "damp",
      "url": "https://pokeapi.co/api/v2/ability/6/"
    },
    {
      "name": "limber",
      "url": "https://pokeapi.co/api/v2/ability/7/"
    },
    {
      "name": "sand-veil",
      "url": "https://pokeapi.co/api/v2/ability/8/"
    },
    {
      "name": "static",
      "url": "https://pokeapi.co/api/v2/ability/9/"
    },
    {
      "name": "volt-absorb",
      "url": "https://pokeapi.co/api/v2/ability/10/"
    },
    {
      "name": "water-absorb",
      "url": "https://pokeapi.co/api/v2/ability/11/"
    },
    {
      "name": "oblivious",
      "url": "https://pokeapi.co/api/v2/ability/12/"
    },
    {
      "name": "cloud-nine",
      "url": "https://pokeapi.co/api/v2/ability/13/"
    },
    {
      "name": "compound-eyes",
      "url": "https://pokeapi.co/api/v2/ability/14/"
    },
    {
      "name": "insomnia",
      "url": "https://pokeapi.co/api/v2/ability/15/"
    },
    {
      "name": "color-change",
      "url": "https://pokeapi.co/api/v2/ability/16/"
    },
    {
      "name": "immunity",
      "url": "https://pokeapi.co/api/v2/ability/17/"
    },
    {
      "name": "flash-fire",
      "url": "https://pokeapi.co/api/v2/ability/18/"
    },
    {
      "name": "shield-dust",
      "url": "https://pokeapi.co/api/v2/ability/19/"
    },
    {
      "name": "own-tempo",
      "url": "https://pokeapi.co/api/v2/ability/20/"
    },
    {
      "name": "suction-cups",
      "url": "https://pokeapi.co/api/v2/ability/21/"
    },
    {
      "name": "intimidate",
      "url": "https://pokeapi.co/api/v2/ability/22/"
    },
    {
      "name": "shadow-tag",
      "url": "https://pokeapi.co/api/v2/ability/23/"
    },
    {
      "name": "rough-skin",
      "url": "https://pokeapi.co/api/v2/ability/24/"
    },
    {
      "name": "wonder-guard",
      "url": "https://pokeapi.co/api/v2/ability/25/"
    },
    {
      "name": "levitate",
      "url": "https://pokeapi.co/api/v2/ability/26/"
    },
    {
      "name": "effect-spore",
      "url": "https://pokeapi.co/api/v2/ability/27/"
    },
    {
      "name": "synchronize",
      "url": "https://pokeapi.co/api/v2/ability/28/"
    },
    {
      "name": "clear-body",
      "url": "https://pokeapi.co/api/v2/ability/29/"
    },
    {
      "name": "natural-cure",
      "url": "https://pokeapi.co/api/v2/ability/30/"
    },
    {
      "name": "lightning-rod",
      "url": "https://pokeapi.co/api/v2/ability/31/"
    },
    {
      "name": "serene-grace",
      "url": "https://pokeapi.co/api/v2/ability/32/"
    },
    {
      "name": "swift-swim",
      "url": "https://pokeapi.co/api/v2/ability/33/"
    },
    {
      "name": "chlorophyll",
      "url": "https://pokeapi.co/api/v2/ability/34/"
    },
    {
      "name": "illuminate",
      "url": "https://pokeapi.co/api/v2/ability/35/"
    },
    {
      "name": "trace",
      "url": "https://pokeapi.co/api/v2/ability/36/"
    },
    {
      "name": "huge-power",
      "url": "https://pokeapi.co/api/v2/ability/37/"
    },
    {
      "name": "poison-point",
      "url": "https://pokeapi.co/api/v2/ability/38/"
    },
    {
      "name": "inner-focus",
      "url": "https://pokeapi.co/api/v2/ability/39/"
    },
    {
      "name": "magma-armor",
      "url": "https://pokeapi.co/api/v2/ability/40/"
    },
    {
      "name": "water-veil",
      "url": "https://pokeapi.co/api/v2/ability/41/"
    },
    {
      "name": "magnet-pull",
      "url": "https://pokeapi.co/api/v2/ability/42/"
    },
    {
      "name": "soundproof",
      "url": "https://pokeapi.co/api/v2/ability/43/"
    },
    {
      "name": "rain-dish",
      "url": "https://pokeapi.co/api/v2/ability/44/"
    },
    {
      "name": "sand-stream",
      "url": "https://pokeapi.co/api/v2/ability/45/"
    },
    {
      "name": "pressure",
      "url": "https://pokeapi.co/api/v2/ability/46/"
    },
    {
      "name": "thick-fat",
      "url": "https://pokeapi.co/api/v2/ability/47/"
    },
    {
      "name": "early-bird",
      "url": "https://pokeapi.co/api/v2/ability/48/"
    },
    {
      "name": "flame-body",
      "url": "https://pokeapi.co/api/v2/ability/49/"
    },
    {
      "name": "run-away",
      "url": "https://pokeapi.co/api/v2/ability/50/"
    },
    {
      "name": "keen-eye",
      "url": "https://pokeapi.co/api/v2/ability/51/"
    },
    {
      "name": "hyper-cutter",
      "url": "https://pokeapi.co/api/v2/ability/52/"
    },
    {
      "name": "pickup",
      "url": "https://pokeapi.co/api/v2/ability/53/"
    },
    {
      "name": "truant",
      "url": "https://pokeapi.co/api/v2/ability/54/"
    },
    {
      "name": "hustle",
      "url": "https://pokeapi.co/api/v2/ability/55/"
    },
    {
      "name": "cute-charm",
      "url": "https://pokeapi.co/api/v2/ability/56/"
    },
    {
      "name": "plus",
      "url": "https://pokeapi.co/api/v2/ability/57/"
    },
    {
      "name": "minus",
      "url": "https://pokeapi.co/api/v2/ability/58/"
    },
    {
      "name": "forecast",
      "url": "https://pokeapi.co/api/v2/ability/59/"
    },
    {
      "name": "sticky-hold",
      "url": "https://pokeapi.co/api/v2/ability/60/"
    },
    {
      "name": "shed-skin",
      "url": "https://pokeapi.co/api/v2/ability/61/"
    },
    {
      "name": "guts",
      "url": "https://pokeapi.co/api/v2/ability/62/"
    },
    {
      "name": "marvel-scale",
      "url": "https://pokeapi.co/api/v2/ability/63/"
    },
    {
      "name": "liquid-ooze",
      "url": "https://pokeapi.co/api/v2/ability/64/"
    },
    {
      "name": "overgrow",
      "url": "https://pokeapi.co/api/v2/ability/65/"
    },
    {
      "name": "blaze",
      "url": "https://pokeapi.co/api/v2/ability/66/"
    },
    {
      "name": "torrent",
      "url": "https://pokeapi.co/api/v2/ability/67/"
    },
    {
      "name": "swarm",
      "url": "https://pokeapi.co/api/v2/ability/68/"
    },
    {
      "name": "rock-head",
      "url": "https://pokeapi.co/api/v2/ability/69/"
    },
    {
      "name": "drought",
      "url": "https://pokeapi.co/api/v2/ability/70/"
    },
    {
      "name": "arena-trap",
      "url": "https://pokeapi.co/api/v2/ability/71/"
    },
    {
      "name": "vital-spirit",
      "url": "https://pokeapi.co/api/v2/ability/72/"
    },
    {
      "name": "white-smoke",
      "url": "https://pokeapi.co/api/v2/ability/73/"
    },
    {
      "name": "pure-power",
      "url": "https://pokeapi.co/api/v2/ability/74/"
    },
    {
      "name": "shell-armor",
      "url": "https://pokeapi.co/api/v2/ability/75/"
    },
    {
      "name": "air-lock",
      "url": "https://pokeapi.co/api/v2/ability/76/"
    }
  ],
  "id": 3,
  "main_region": {
    "name": "hoenn",
    "url": "https://pokeapi.co/api/v2/region/3/"
  },
  "moves": [
    {
      "name": "fake-out",
      "url": "https://pokeapi.co/api/v2/move/252/"
    },
    {
      "name": "uproar",
      "url": "https://pokeapi.co/api/v2/move/253/"
    },
    {
      "name": "stockpile",
      "url": "https://pokeapi.co/api/v2/move/254/"
    },
    {
      "name": "spit-up",
      "url": "https://pokeapi.co/api/v2/move/255/"
    },
    {
      "name": "swallow",
      "url": "https://pokeapi.co/api/v2/move/256/"
    },
    {
      "name": "heat-wave",
      "url": "https://pokeapi.co/api/v2/move/257/"
    },
    {
      "name": "hail",
      "url": "https://pokeapi.co/api/v2/move/258/"
    },
    {
      "name": "torment",
      "url": "https://pokeapi.co/api/v2/move/259/"
    },
    {
      "name": "flatter",
      "url": "https://pokeapi.co/api/v2/move/260/"
    },
    {
      "name": "will-o-wisp",
      "url": "https://pokeapi.co/api/v2/move/261/"
    },
    {
      "name": "memento",
      "url": "https://pokeapi.co/api/v2/move/262/"
    },
    {
      "name": "facade",
      "url": "https://pokeapi.co/api/v2/move/263/"
    },
    {
      "name": "focus-punch",
      "url": "https://pokeapi.co/api/v2/move/264/"
    },
    {
      "name": "smelling-salts",
      "url": "https://pokeapi.co/api/v2/move/265/"
    },
    {
      "name": "follow-me",
      "url": "https://pokeapi.co/api/v2/move/266/"
    },
    {
      "name": "nature-power",
      "url": "https://pokeapi.co/api/v2/move/267/"
    },
    {
      "name": "charge",
      "url": "https://pokeapi.co/api/v2/move/268/"
    },
    {
      "name": "taunt",
      "url": "https://pokeapi.co/api/v2/move/269/"
    },
    {
      "name": "helping-hand",
      "url": "https://pokeapi.co/api/v2/move/270/"
    },
    {
      "name": "trick",
      "url": "https://pokeapi.co/api/v2/move/271/"
    },
    {
      "name": "role-play",
      "url": "https://pokeapi.co/api/v2/move/272/"
    },
    {
      "name": "wish",
      "url": "https://pokeapi.co/api/v2/move/273/"
    },
    {
      "name": "assist",
      "url": "https://pokeapi.co/api/v2/move/274/"
    },
    {
      "name": "ingrain",
      "url": "https://pokeapi.co/api/v2/move/275/"
    },
    {
      "name": "superpower",
      "url": "https://pokeapi.co/api/v2/move/276/"
    },
    {
      "name": "magic-coat",
      "url": "https://pokeapi.co/api/v2/move/277/"
    },
    {
      "name": "recycle",
      "url": "https://pokeapi.co/api/v2/move/278/"
    },
    {
      "name": "revenge",
      "url": "https://pokeapi.co/api/v2/move/279/"
    },
    {
      "name": "brick-break",
      "url": "https://pokeapi.co/api/v2/move/280/"
    },
    {
      "name": "yawn",
      "url": "https://pokeapi.co/api/v2/move/281/"
    },
    {
      "name": "knock-off",
      "url": "https://pokeapi.co/api/v2/move/282/"
    },
    {
      "name": "endeavor",
      "url": "https://pokeapi.co/api/v2/move/283/"
    },
    {
      "name": "eruption",
      "url": "https://pokeapi.co/api/v2/move/284/"
    },
    {
      "name": "skill-swap",
      "url": "https://pokeapi.co/api/v2/move/285/"
    },
    {
      "name": "imprison",
      "url": "https://pokeapi.co/api/v2/move/286/"
    },
    {
      "name": "refresh",
      "url": "https://pokeapi.co/api/v2/move/287/"
    },
    {
      "name": "grudge",
      "url": "https://pokeapi.co/api/v2/move/288/"
    },
    {
      "name": "snatch",
      "url": "https://pokeapi.co/api/v2/move/289/"
    },
    {
      "name": "secret-power",
      "url": "https://pokeapi.co/api/v2/move/290/"
    },
    {
      "name": "dive",
      "url": "https://pokeapi.co/api/v2/move/291/"
    },
    {
      "name": "arm-thrust",
      "url": "https://pokeapi.co/api/v2/move/292/"
    },
    {
      "name": "camouflage",
      "url": "https://pokeapi.co/api/v2/move/293/"
    },
    {
      "name": "tail-glow",
      "url": "https://pokeapi.co/api/v2/move/294/"
    },
    {
      "name": "luster-purge",
      "url": "https://pokeapi.co/api/v2/move/295/"
    },
    {
      "name": "mist-ball",
      "url": "https://pokeapi.co/api/v2/move/296/"
    },
    {
      "name": "feather-dance",
      "url": "https://pokeapi.co/api/v2/move/297/"
    },
    {
      "name": "teeter-dance",
      "url": "https://pokeapi.co/api/v2/move/298/"
    },
    {
      "name": "blaze-kick",
      "url": "https://pokeapi.co/api/v2/move/299/"
    },
    {
      "name": "mud-sport",
      "url": "https://pokeapi.co/api/v2/move/300/"
    },
    {
      "name": "ice-ball",
      "url": "https://pokeapi.co/api/v2/move/301/"
    },
    {
      "name": "needle-arm",
      "url": "https://pokeapi.co/api/v2/move/302/"
    },
    {
      "name": "slack-off",
      "url": "https://pokeapi.co/api/v2/move/303/"
    },
    {
      "name": "hyper-voice",
      "url": "https://pokeapi.co/api/v2/move/304/"
    },
    {
      "name": "poison-fang",
      "url": "https://pokeapi.co/api/v2/move/305/"
    },
    {
      "name": "crush-claw",
      "url": "https://pokeapi.co/api/v2/move/306/"
    },
    {
      "name": "blast-burn",
      "url": "https://pokeapi.co/api/v2/move/307/"
    },
    {
      "name": "hydro-cannon",
      "url": "https://pokeapi.co/api/v2/move/308/"
    },
    {
      "name": "meteor-mash",
      "url": "https://pokeapi.co/api/v2/move/309/"
    },
    {
      "name": "astonish",
      "url": "https://pokeapi.co/api/v2/move/310/"
    },
    {
      "name": "weather-ball",
      "url": "https://pokeapi.co/api/v2/move/311/"
    },
    {
      "name": "aromatherapy",
      "url": "https://pokeapi.co/api/v2/move/312/"
    },
    {
      "name": "fake-tears",
      "url": "https://pokeapi.co/api/v2/move/313/"
    },
    {
      "name": "air-cutter",
      "url": "https://pokeapi.co/api/v2/move/314/"
    },
    {
      "name": "overheat",
      "url": "https://pokeapi.co/api/v2/move/315/"
    },
    {
      "name": "odor-sleuth",
      "url": "https://pokeapi.co/api/v2/move/316/"
    },
    {
      "name": "rock-tomb",
      "url": "https://pokeapi.co/api/v2/move/317/"
    },
    {
      "name": "silver-wind",
      "url": "https://pokeapi.co/api/v2/move/318/"
    },
    {
      "name": "metal-sound",
      "url": "https://pokeapi.co/api/v2/move/319/"
    },
    {
      "name": "grass-whistle",
      "url": "https://pokeapi.co/api/v2/move/320/"
    },
    {
      "name": "tickle",
      "url": "https://pokeapi.co/api/v2/move/321/"
    },
    {
      "name": "cosmic-power",
      "url": "https://pokeapi.co/api/v2/move/322/"
    },
    {
      "name": "water-spout",
      "url": "https://pokeapi.co/api/v2/move/323/"
    },
    {
      "name": "signal-beam",
      "url": "https://pokeapi.co/api/v2/move/324/"
    },
    {
      "name": "shadow-punch",
      "url": "https://pokeapi.co/api/v2/move/325/"
    },
    {
      "name": "extrasensory",
      "url": "https://pokeapi.co/api/v2/move/326/"
    },
    {
      "name": "sky-uppercut",
      "url": "https://pokeapi.co/api/v2/move/327/"
    },
    {
      "name": "sand-tomb",
      "url": "https://pokeapi.co/api/v2/move/328/"
    },
    {
      "name": "sheer-cold",
      "url": "https://pokeapi.co/api/v2/move/329/"
    },
    {
      "name": "muddy-water",
      "url": "https://pokeapi.co/api/v2/move/330/"
    },
    {
      "name": "bullet-seed",
      "url": "https://pokeapi.co/api/v2/move/331/"
    },
    {
      "name": "aerial-ace",
      "url": "https://pokeapi.co/api/v2/move/332/"
    },
    {
      "name": "icicle-spear",
      "url": "https://pokeapi.co/api/v2/move/333/"
    },
    {
      "name": "iron-defense",
      "url": "https://pokeapi.co/api/v2/move/334/"
    },
    {
      "name": "block",
      "url": "https://pokeapi.co/api/v2/move/335/"
    },
    {
      "name": "howl",
      "url": "https://pokeapi.co/api/v2/move/336/"
    },
    {
      "name": "dragon-claw",
      "url": "https://pokeapi.co/api/v2/move/337/"
    },
    {
      "name": "frenzy-plant",
      "url": "https://pokeapi.co/api/v2/move/338/"
    },
    {
      "name": "bulk-up",
      "url": "https://pokeapi.co/api/v2/move/339/"
    },
    {
      "name": "bounce",
      "url": "https://pokeapi.co/api/v2/move/340/"
    },
    {
      "name": "mud-shot",
      "url": "https://pokeapi.co/api/v2/move/341/"
    },
    {
      "name": "poison-tail",
      "url": "https://pokeapi.co/api/v2/move/342/"
    },
    {
      "name": "covet",
      "url": "https://pokeapi.co/api/v2/move/343/"
    },
    {
      "name": "volt-tackle",
      "url": "https://pokeapi.co/api/v2/move/344/"
    },
    {
      "name": "magical-leaf",
      "url": "https://pokeapi.co/api/v2/move/345/"
    },
    {
      "name": "water-sport",
      "url": "https://pokeapi.co/api/v2/move/346/"
    },
    {
      "name": "calm-mind",
      "url": "https://pokeapi.co/api/v2/move/347/"
    },
    {
      "name": "leaf-blade",
      "url": "https://pokeapi.co/api/v2/move/348/"
    },
    {
      "name": "dragon-dance",
      "url": "https://pokeapi.co/api/v2/move/349/"
    },
    {
      "name": "rock-blast",
      "url": "https://pokeapi.co/api/v2/move/350/"
    },
    {
      "name": "shock-wave",
      "url": "https://pokeapi.co/api/v2/move/351/"
    },
    {
      "name": "water-pulse",
      "url": "https://pokeapi.co/api/v2/move/352/"
    },
    {
      "name": "doom-desire",
      "url": "https://pokeapi.co/api/v2/move/353/"
    },
    {
      "name": "psycho-boost",
      "url": "https://pokeapi.co/api/v2/move/354/"
    },
    {
      "name": "shadow-rush",
      "url": "https://pokeapi.co/api/v2/move/10001/"
    },
    {
      "name": "shadow-blast",
      "url": "https://pokeapi.co/api/v2/move/10002/"
    },
    {
      "name": "shadow-blitz",
      "url": "https://pokeapi.co/api/v2/move/10003/"
    },
    {
      "name": "shadow-bolt",
      "url": "https://pokeapi.co/api/v2/move/10004/"
    },
    {
      "name": "shadow-break",
      "url": "https://pokeapi.co/api/v2/move/10005/"
    },
    {
      "name": "shadow-chill",
      "url": "https://pokeapi.co/api/v2/move/10006/"
    },
    {
      "name": "shadow-end",
      "url": "https://pokeapi.co/api/v2/move/10007/"
    },
    {
      "name": "shadow-fire",
      "url": "https://pokeapi.co/api/v2/move/10008/"
    },
    {
      "name": "shadow-rave",
      "url": "https://pokeapi.co/api/v2/move/10009/"
    },
    {
      "name": "shadow-storm",
      "url": "https://pokeapi.co/api/v2/move/10010/"
    },
    {
      "name": "shadow-wave",
      "url": "https://pokeapi.co/api/v2/move/10011/"
    },
    {
      "name": "shadow-down",
      "url": "https://pokeapi.co/api/v2/move/10012/"
    },
    {
      "name": "shadow-half",
      "url": "https://pokeapi.co/api/v2/move/10013/"
    },
    {
      "name": "shadow-hold",
      "url": "https://pokeapi.co/api/v2/move/10014/"
    },
    {
      "name": "shadow-mist",
      "url": "https://pokeapi.co/api/v2/move/10015/"
    },
    {
      "name": "shadow-panic",
      "url": "https://pokeapi.co/api/v2/move/10016/"
    },
    {
      "name": "shadow-shed",
      "url": "https://pokeapi.co/api/v2/move/10017/"
    },
    {
      "name": "shadow-sky",
      "url": "https://pokeapi.co/api/v2/move/10018/"
    }
  ],
  "name": "generation-iii",
  "names": [
    {
      "language": {
        "name": "ja-Hrkt",
        "url": "https://pokeapi.co/api/v2/language/1/"
      },
      "name": "\u3060\u3044\u3055\u3093\u305b\u3060\u3044"
    },
    {
      "language": {
        "name": "ko",
        "url": "https://pokeapi.co/api/v2/language/3/"
      },
      "name": "3\uc138\ub300"
    },
    {
      "language": {
        "name": "zh-Hant",
        "url": "https://pokeapi.co/api/v2/language/4/"
      },
      "name": "\u7b2c\u4e09\u4e16\u4ee3"
    },
    {
      "language": {
        "name": "fr",
        "url": "https://pokeapi.co/api/v2/language/5/"
      },
      "name": "3e G\u00e9n\u00e9ration"
    },
    {
      "language": {
        "name": "de",
        "url": "https://pokeapi.co/api/v2/language/6/"
      },
      "name": "Generation III"
    },
    {
      "language": {
        "name": "es",
        "url": "https://pokeapi.co/api/v2/language/7/"
      },
      "name": "Generaci\u00f3n III"
    },
    {
      "language": {
        "name": "en",
        "url": "https://pokeapi.co/api/v2/language/9/"
      },
      "name": "Generation III"
    },
    {
      "language": {
        "name": "ja",
        "url": "https://pokeapi.co/api/v2/language/11/"
      },
      "name": "\u7b2c\u4e09\u4e16\u4ee3"
    },
    {
      "language": {
        "name": "zh-Hans",
        "url": "https://pokeapi.co/api/v2/language/12/"
      },
      "name": "\u7b2c\u4e09\u4e16\u4ee3"
    }
  ],
  "pokemon_species": [
    {
      "name": "treecko",
      "url": "https://pokeapi.co/api/v2/pokemon-species/252/"
    },
    {
      "name": "torchic",
      "url": "https://pokeapi.co/api/v2/pokemon-species/255/"
    },
    {
      "name": "mudkip",
      "url": "https://pokeapi.co/api/v2/pokemon-species/258/"
    },
    {
      "name": "poochyena",
      "url": "https://pokeapi.co/api/v2/pokemon-species/261/"
    },
    {
      "name": "zigzagoon",
      "url": "https://pokeapi.co/api/v2/pokemon-species/263/"
    },
    {
      "name": "wurmple",
      "url": "https://pokeapi.co/api/v2/pokemon-species/265/"
    },
    {
      "name": "lotad",
      "url": "https://pokeapi.co/api/v2/pokemon-species/270/"
    },
    {
      "name": "seedot",
      "url": "https://pokeapi.co/api/v2/pokemon-species/273/"
    },
    {
      "name": "taillow",
      "url": "https://pokeapi.co/api/v2/pokemon-species/276/"
    },
    {
      "name": "wingull",
      "url": "https://pokeapi.co/api/v2/pokemon-species/278/"
    },
    {
      "name": "ralts",
      "url": "https://pokeapi.co/api/v2/pokemon-species/280/"
    },
    {
      "name": "surskit",
      "url": "https://pokeapi.co/api/v2/pokemon-species/283/"
    },
    {
      "name": "shroomish",
      "url": "https://pokeapi.co/api/v2/pokemon-species/285/"
    },
    {
      "name": "slakoth",
      "url": "https://pokeapi.co/api/v2/pokemon-species/287/"
    },
    {
      "name": "nincada",
      "url": "https://pokeapi.co/api/v2/pokemon-species/290/"
    },
    {
      "name": "whismur",
      "url": "https://pokeapi.co/api/v2/pokemon-species/293/"
    },
    {
      "name": "makuhita",
      "url": "https://pokeapi.co/api/v2/pokemon-species/296/"
    },
    {
      "name": "azurill",
      "url": "https://pokeapi.co/api/v2/pokemon-species/298/"
    },
    {
      "name": "nosepass",
      "url": "https://pokeapi.co/api/v2/pokemon-species/299/"
    },
    {
      "name": "skitty",
      "url": "https://pokeapi.co/api/v2/pokemon-species/300/"
    },
    {
      "name": "grovyle",
      "url": "https://pokeapi.co/api/v2/pokemon-species/253/"
    },
    {
      "name": "sceptile",
      "url": "https://pokeapi.co/api/v2/pokemon-species/254/"
    },
    {
      "name": "combusken",
      "url": "https://pokeapi.co/api/v2/pokemon-species/256/"
    },
    {
      "name": "blaziken",
      "url": "https://pokeapi.co/api/v2/pokemon-species/257/"
    },
    {
      "name": "marshtomp",
      "url": "https://pokeapi.co/api/v2/pokemon-species/259/"
    },
    {
      "name": "swampert",
      "url": "https://pokeapi.co/api/v2/pokemon-species/260/"
    },
    {
      "name": "mightyena",
      "url": "https://pokeapi.co/api/v2/pokemon-species/262/"
    },
    {
      "name": "linoone",
      "url": "https://pokeapi.co/api/v2/pokemon-species/264/"
    },
    {
      "name": "silcoon",
      "url": "https://pokeapi.co/api/v2/pokemon-species/266/"
    },
    {
      "name": "beautifly",
      "url": "https://pokeapi.co/api/v2/pokemon-species/267/"
    },
    {
      "name": "cascoon",
      "url": "https://pokeapi.co/api/v2/pokemon-species/268/"
    },
    {
      "name": "dustox",
      "url": "https://pokeapi.co/api/v2/pokemon-species/269/"
    },
    {
      "name": "lombre",
      "url": "https://pokeapi.co/api/v2/pokemon-species/271/"
    },
    {
      "name": "ludicolo",
      "url": "https://pokeapi.co/api/v2/pokemon-species/272/"
    },
    {
      "name": "nuzleaf",
      "url": "https://pokeapi.co/api/v2/pokemon-species/274/"
    },
    {
      "name": "shiftry",
      "url": "https://pokeapi.co/api/v2/pokemon-species/275/"
    },
    {
      "name": "swellow",
      "url": "https://pokeapi.co/api/v2/pokemon-species/277/"
    },
    {
      "name": "pelipper",
      "url": "https://pokeapi.co/api/v2/pokemon-species/279/"
    },
    {
      "name": "kirlia",
      "url": "https://pokeapi.co/api/v2/pokemon-species/281/"
    },
    {
      "name": "gardevoir",
      "url": "https://pokeapi.co/api/v2/pokemon-species/282/"
    },
    {
      "name": "masquerain",
      "url": "https://pokeapi.co/api/v2/pokemon-species/284/"
    },
    {
      "name": "breloom",
      "url": "https://pokeapi.co/api/v2/pokemon-species/286/"
    },
    {
      "name": "vigoroth",
      "url": "https://pokeapi.co/api/v2/pokemon-species/288/"
    },
    {
      "name": "slaking",
      "url": "https://pokeapi.co/api/v2/pokemon-species/289/"
    },
    {
      "name": "ninjask",
      "url": "https://pokeapi.co/api/v2/pokemon-species/291/"
    },
    {
      "name": "shedinja",
      "url": "https://pokeapi.co/api/v2/pokemon-species/292/"
    },
    {
      "name": "loudred",
      "url": "https://pokeapi.co/api/v2/pokemon-species/294/"
    },
    {
      "name": "exploud",
      "url": "https://pokeapi.co/api/v2/pokemon-species/295/"
    },
    {
      "name": "hariyama",
      "url": "https://pokeapi.co/api/v2/pokemon-species/297/"
    },
    {
      "name": "sableye",
      "url": "https://pokeapi.co/api/v2/pokemon-species/302/"
    },
    {
      "name": "mawile",
      "url": "https://pokeapi.co/api/v2/pokemon-species/303/"
    },
    {
      "name": "aron",
      "url": "https://pokeapi.co/api/v2/pokemon-species/304/"
    },
    {
      "name": "meditite",
      "url": "https://pokeapi.co/api/v2/pokemon-species/307/"
    },
    {
      "name": "electrike",
      "url": "https://pokeapi.co/api/v2/pokemon-species/309/"
    },
    {
      "name": "plusle",
      "url": "https://pokeapi.co/api/v2/pokemon-species/311/"
    },
    {
      "name": "minun",
      "url": "https://pokeapi.co/api/v2/pokemon-species/312/"
    },
    {
      "name": "volbeat",
      "url": "https://pokeapi.co/api/v2/pokemon-species/313/"
    },
    {
      "name": "illumise",
      "url": "https://pokeapi.co/api/v2/pokemon-species/314/"
    },
    {
      "name": "gulpin",
      "url": "https://pokeapi.co/api/v2/pokemon-species/316/"
    },
    {
      "name": "carvanha",
      "url": "https://pokeapi.co/api/v2/pokemon-species/318/"
    },
    {
      "name": "wailmer",
      "url": "https://pokeapi.co/api/v2/pokemon-species/320/"
    },
    {
      "name": "numel",
      "url": "https://pokeapi.co/api/v2/pokemon-species/322/"
    },
    {
      "name": "torkoal",
      "url": "https://pokeapi.co/api/v2/pokemon-species/324/"
    },
    {
      "name": "spoink",
      "url": "https://pokeapi.co/api/v2/pokemon-species/325/"
    },
    {
      "name": "spinda",
      "url": "https://pokeapi.co/api/v2/pokemon-species/327/"
    },
    {
      "name": "trapinch",
      "url": "https://pokeapi.co/api/v2/pokemon-species/328/"
    },
    {
      "name": "cacnea",
      "url": "https://pokeapi.co/api/v2/pokemon-species/331/"
    },
    {
      "name": "swablu",
      "url": "https://pokeapi.co/api/v2/pokemon-species/333/"
    },
    {
      "name": "zangoose",
      "url": "https://pokeapi.co/api/v2/pokemon-species/335/"
    },
    {
      "name": "seviper",
      "url": "https://pokeapi.co/api/v2/pokemon-species/336/"
    },
    {
      "name": "lunatone",
      "url": "https://pokeapi.co/api/v2/pokemon-species/337/"
    },
    {
      "name": "solrock",
      "url": "https://pokeapi.co/api/v2/pokemon-species/338/"
    },
    {
      "name": "barboach",
      "url": "https://pokeapi.co/api/v2/pokemon-species/339/"
    },
    {
      "name": "corphish",
      "url": "https://pokeapi.co/api/v2/pokemon-species/341/"
    },
    {
      "name": "baltoy",
      "url": "https://pokeapi.co/api/v2/pokemon-species/343/"
    },
    {
      "name": "lileep",
      "url": "https://pokeapi.co/api/v2/pokemon-species/345/"
    },
    {
      "name": "anorith",
      "url": "https://pokeapi.co/api/v2/pokemon-species/347/"
    },
    {
      "name": "feebas",
      "url": "https://pokeapi.co/api/v2/pokemon-species/349/"
    },
    {
      "name": "castform",
      "url": "https://pokeapi.co/api/v2/pokemon-species/351/"
    },
    {
      "name": "kecleon",
      "url": "https://pokeapi.co/api/v2/pokemon-species/352/"
    },
    {
      "name": "shuppet",
      "url": "https://pokeapi.co/api/v2/pokemon-species/353/"
    },
    {
      "name": "duskull",
      "url": "https://pokeapi.co/api/v2/pokemon-species/355/"
    },
    {
      "name": "tropius",
      "url": "https://pokeapi.co/api/v2/pokemon-species/357/"
    },
    {
      "name": "absol",
      "url": "https://pokeapi.co/api/v2/pokemon-species/359/"
    },
    {
      "name": "wynaut",
      "url": "https://pokeapi.co/api/v2/pokemon-species/360/"
    },
    {
      "name": "snorunt",
      "url": "https://pokeapi.co/api/v2/pokemon-species/361/"
    },
    {
      "name": "spheal",
      "url": "https://pokeapi.co/api/v2/pokemon-species/363/"
    },
    {
      "name": "clamperl",
      "url": "https://pokeapi.co/api/v2/pokemon-species/366/"
    },
    {
      "name": "relicanth",
      "url": "https://pokeapi.co/api/v2/pokemon-species/369/"
    },
    {
      "name": "luvdisc",
      "url": "https://pokeapi.co/api/v2/pokemon-species/370/"
    },
    {
      "name": "bagon",
      "url": "https://pokeapi.co/api/v2/pokemon-species/371/"
    },
    {
      "name": "beldum",
      "url": "https://pokeapi.co/api/v2/pokemon-species/374/"
    },
    {
      "name": "lairon",
      "url": "https://pokeapi.co/api/v2/pokemon-species/305/"
    },
    {
      "name": "aggron",
      "url": "https://pokeapi.co/api/v2/pokemon-species/306/"
    },
    {
      "name": "medicham",
      "url": "https://pokeapi.co/api/v2/pokemon-species/308/"
    },
    {
      "name": "manectric",
      "url": "https://pokeapi.co/api/v2/pokemon-species/310/"
    },
    {
      "name": "roselia",
      "url": "https://pokeapi.co/api/v2/pokemon-species/315/"
    },
    {
      "name": "swalot",
      "url": "https://pokeapi.co/api/v2/pokemon-species/317/"
    },
    {
      "name": "sharpedo",
      "url": "https://pokeapi.co/api/v2/pokemon-species/319/"
    },
    {
      "name": "wailord",
      "url": "https://pokeapi.co/api/v2/pokemon-species/321/"
    },
    {
      "name": "camerupt",
      "url": "https://pokeapi.co/api/v2/pokemon-species/323/"
    },
    {
      "name": "grumpig",
      "url": "https://pokeapi.co/api/v2/pokemon-species/326/"
    },
    {
      "name": "vibrava",
      "url": "https://pokeapi.co/api/v2/pokemon-species/329/"
    },
    {
      "name": "flygon",
      "url": "https://pokeapi.co/api/v2/pokemon-species/330/"
    },
    {
      "name": "cacturne",
      "url": "https://pokeapi.co/api/v2/pokemon-species/332/"
    },
    {
      "name": "altaria",
      "url": "https://pokeapi.co/api/v2/pokemon-species/334/"
    },
    {
      "name": "whiscash",
      "url": "https://pokeapi.co/api/v2/pokemon-species/340/"
    },
    {
      "name": "crawdaunt",
      "url": "https://pokeapi.co/api/v2/pokemon-species/342/"
    },
    {
      "name": "claydol",
      "url": "https://pokeapi.co/api/v2/pokemon-species/344/"
    },
    {
      "name": "cradily",
      "url": "https://pokeapi.co/api/v2/pokemon-species/346/"
    },
    {
      "name": "armaldo",
      "url": "https://pokeapi.co/api/v2/pokemon-species/348/"
    },
    {
      "name": "milotic",
      "url": "https://pokeapi.co/api/v2/pokemon-species/350/"
    },
    {
      "name": "banette",
      "url": "https://pokeapi.co/api/v2/pokemon-species/354/"
    },
    {
      "name": "dusclops",
      "url": "https://pokeapi.co/api/v2/pokemon-species/356/"
    },
    {
      "name": "chimecho",
      "url": "https://pokeapi.co/api/v2/pokemon-species/358/"
    },
    {
      "name": "glalie",
      "url": "https://pokeapi.co/api/v2/pokemon-species/362/"
    },
    {
      "name": "sealeo",
      "url": "https://pokeapi.co/api/v2/pokemon-species/364/"
    },
    {
      "name": "walrein",
      "url": "https://pokeapi.co/api/v2/pokemon-species/365/"
    },
    {
      "name": "huntail",
      "url": "https://pokeapi.co/api/v2/pokemon-species/367/"
    },
    {
      "name": "gorebyss",
      "url": "https://pokeapi.co/api/v2/pokemon-species/368/"
    },
    {
      "name": "shelgon",
      "url": "https://pokeapi.co/api/v2/pokemon-species/372/"
    },
    {
      "name": "salamence",
      "url": "https://pokeapi.co/api/v2/pokemon-species/373/"
    },
    {
      "name": "metang",
      "url": "https://pokeapi.co/api/v2/pokemon-species/375/"
    },
    {
      "name": "regirock",
      "url": "https://pokeapi.co/api/v2/pokemon-species/377/"
    },
    {
      "name": "regice",
      "url": "https://pokeapi.co/api/v2/pokemon-species/378/"
    },
    {
      "name": "registeel",
      "url": "https://pokeapi.co/api/v2/pokemon-species/379/"
    },
    {
      "name": "latias",
      "url": "https://pokeapi.co/api/v2/pokemon-species/380/"
    },
    {
      "name": "latios",
      "url": "https://pokeapi.co/api/v2/pokemon-species/381/"
    },
    {
      "name": "kyogre",
      "url": "https://pokeapi.co/api/v2/pokemon-species/382/"
    },
    {
      "name": "groudon",
      "url": "https://pokeapi.co/api/v2/pokemon-species/383/"
    },
    {
      "name": "rayquaza",
      "url": "https://pokeapi.co/api/v2/pokemon-species/384/"
    },
    {
      "name": "jirachi",
      "url": "https://pokeapi.co/api/v2/pokemon-species/385/"
    },
    {
      "name": "deoxys",
      "url": "https://pokeapi.co/api/v2/pokemon-species/386/"
    },
    {
      "name": "delcatty",
      "url": "https://pokeapi.co/api/v2/pokemon-species/301/"
    },
    {
      "name": "metagross",
      "url": "https://pokeapi.co/api/v2/pokemon-species/376/"
    }
  ],
  "types": [
    {
      "name": "shadow",
      "url": "https://pokeapi.co/api/v2/type/10002/"
    }
  ],
  "version_groups": [
    {
      "name": "ruby-sapphire",
      "url": "https://pokeapi.co/api/v2/version-group/5/"
    },
    {
      "name": "emerald",
      "url": "https://pokeapi.co/api/v2/version-group/6/"
    },
    {
      "name": "firered-leafgreen",
      "url": "https://pokeapi.co/api/v2/version-group/7/"
    },
    {
      "name": "colosseum",
      "url": "https://pokeapi.co/api/v2/version-group/12/"
    },
    {
      "name": "xd",
      "url": "https://pokeapi.co/api/v2/version-group/13/"
    }
  ]
}