{
  "base_happiness": 0,
  "capture_rate": 45,
  "color": {
    "name": "green",
    "url": "https://pokeapi.co/api/v2/pokemon-color/5/"
  },
  "egg_groups": [
    {
      "name": "no-eggs",
      "url": "https://pokeapi.co/api/v2/egg-group/15/"
    }
  ],
  "evolution_chain": {
    "url": "https://pokeapi.co/api/v2/evolution-chain/418/"
  },
  "evolves_from_species": null,
  "flavor_text_entries": [
    {
      "flavor_text": "\u30a6\u30eb\u30c8\u30e9\u30db\u30fc\u30eb\u304b\u3089\u3000\u3042\u3089\u308f\u308c\u305f\u3002\n\u3053\u3046\u305d\u304f\u3067\u3000\u305d\u3089\u3092\u3000\u3068\u3076\u3000\u3059\u304c\u305f\u304c\n\u3082\u304f\u3052\u304d\u3000\u3055\u308c\u305f\u3000\u30a6\u30eb\u30c8\u30e9\u30d3\u30fc\u30b9\u30c8\u3002",
      "language": {
        "name": "ja-Hrkt",
        "url": "https://pokeapi.co/api/v2/language/1/"
      },
      "version": {
        "name": "sun",
        "url": "https://pokeapi.co/api/v2/version/27/"
      }
    },
    {
      "flavor_text": "\uc6b8\ud2b8\ub77c\ud640\uc5d0\uc11c \ub098\ud0c0\ub0ac\ub2e4.\n\uace0\uc18d\uc73c\ub85c \ud558\ub298\uc744 \ub098\ub294 \ubaa8\uc2b5\uc774\n\ubaa9\uaca9\ub41c \uc6b8\ud2b8\ub77c\ube44\uc2a4\ud2b8\ub2e4.",
      "language": {
        "name": "ko",
        "url": "https://pokeapi.co/api/v2/language/3/"
      },
      "version": {
        "name": "sun",
        "url": "https://pokeapi.co/api/v2/version/27/"
      }
    },
    {
      "flavor_text": "\u5f9e\u7a76\u6975\u4e4b\u6d1e\u88e1\u51fa\u73fe\u3002\n\u88ab\u4eba\u76ee\u64ca\u4ee5\u9ad8\u901f\u5728\n\u7a7a\u4e2d\u98db\u884c\u7684\u7a76\u6975\u7570\u7378\u3002",
      "language": {
        "name": "zh-Hant",
        "url": "https://pokeapi.co/api/v2/language/4/"
      },
      "version": {
        "name": "sun",
        "url": "https://pokeapi.co/api/v2/version/27/"
      }
    },
    {
      "flavor_text": "Une Ultra-Chim\u00e8re qui a travers\u00e9 l\u2019Ultra-Br\u00e8che.\nOn l\u2019aurait aper\u00e7ue parcourir le ciel \u00e0 grande\nvitesse.",
      "language": {
        "name": "fr",
        "url": "https://pokeapi.co/api/v2/language/5/"
      },
      "version": {
        "name": "sun",
        "url": "https://pokeapi.co/api/v2/version/27/"
      }
    },
    {
      "flavor_text": "Eine Ultrabestie, die mit extremer\nGeschwindigkeit durch die L\u00fcfte rast.\nSie ist durch die Ultrapforte gekommen.",
      "language": {
        "name": "de",
        "url": "https://pokeapi.co/api/v2/language/6/"
      },
      "version": {
        "name": "sun",
        "url": "https://pokeapi.co/api/v2/version/27/"
      }
    },
    {
      "flavor_text": "Este Ultraente surgi\u00f3 de un Ultraumbral. Parece\nhaber sido avistado surcando los cielos a\nvelocidades vertiginosas.",
      "language": {
        "name": "es",
        "url": "https://pokeapi.co/api/v2/language/7/"
      },
      "version": {
        "name": "sun",
        "url": "https://pokeapi.co/api/v2/version/27/"
      }
    },
    {
      "flavor_text": "Questa Ultracreatura \u00e8 arrivata attraverso\nun Ultravarco ed \u00e8 stata avvistata mentre\nsolcava il cielo ad altissima velocit\u00e0.",
      "language": {
        "name": "it",
        "url": "https://pokeapi.co/api/v2/language/8/"
      },
      "version": {
        "name": "sun",
        "url": "https://pokeapi.co/api/v2/version/27/"
      }
    },
    {
      "flavor_text": "It appeared from the Ultra Wormhole. Witnesses\nobserved it flying across the sky at high speed.",
      "language": {
        "name": "en",
        "url": "https://pokeapi.co/api/v2/language/9/"
      },
      "version": {
        "name": "sun",
        "url": "https://pokeapi.co/api/v2/version/27/"
      }
    },
    {
      "flavor_text": "\u30a6\u30eb\u30c8\u30e9\u30db\u30fc\u30eb\u304b\u3089\u3000\u73fe\u308c\u305f\u3002\n\u9ad8\u901f\u3067\u3000\u7a7a\u3092\u3000\u98db\u3076\u3000\u59ff\u304c\n\u76ee\u6483\u3000\u3055\u308c\u305f\u3000\u30a6\u30eb\u30c8\u30e9\u30d3\u30fc\u30b9\u30c8\u3002",
      "language": {
        "name": "ja",
        "url": "https://pokeapi.co/api/v2/language/11/"
      },
      "version": {
        "name": "sun",
        "url": "https://pokeapi.co/api/v2/version/27/"
      }
    },
    {
      "flavor_text": "\u4ece\u7a76\u6781\u4e4b\u6d1e\u51fa\u73b0\u7684\u7a76\u6781\u5f02\u517d\u3002\n\u88ab\u4eba\u76ee\u51fb\u5230\u4ee5\u9ad8\u901f\u5728\n\u7a7a\u4e2d\u98de\u884c\u7684\u6837\u5b50\u3002",
      "language": {
        "name": "zh-Hans",
        "url": "https://pokeapi.co/api/v2/language/12/"
      },
      "version": {
        "name": "sun",
        "url": "https://pokeapi.co/api/v2/version/27/"
      }
    },
    {
      "flavor_text": "\uff35\uff22\u306e\u3000\u3044\u3063\u3057\u3085\u3002\u3000\uff12\u307b\u3093\u306e\u3000\u3046\u3067\u304b\u3089\n\u30ac\u30b9\u3092\u3000\u3075\u304d\u3060\u3057\u3000\u3082\u308a\u3092\u3000\u3084\u304d\u306f\u3089\u3046\n\u3059\u304c\u305f\u304c\u3000\u304b\u304f\u306b\u3093\u3000\u3055\u308c\u3066\u3044\u308b\u3002",
      "language": {
        "name": "ja-Hrkt",
        "url": "https://pokeapi.co/api/v2/language/1/"
      },
      "version": {
        "name": "moon",
        "url": "https://pokeapi.co/api/v2/version/28/"
      }
    },
    {
      "flavor_text": "UB\uc758 \uc77c\uc885. 2\uac1c\uc758 \ud314\uc5d0\uc11c\n\uac00\uc2a4\ub97c \ubfdc\uc5b4\ub0b4\uc5b4 \uc232\uc744 \ubd88\ud0dc\uc6cc\ubc84\ub9ac\ub294\n\ubaa8\uc2b5\uc774 \ud655\uc778\ub418\uc5c8\ub2e4.",
      "language": {
        "name": "ko",
        "url": "https://pokeapi.co/api/v2/language/3/"
      },
      "version": {
        "name": "moon",
        "url": "https://pokeapi.co/api/v2/version/28/"
      }
    },
    {
      "flavor_text": "\uff35\uff22\u7684\u4e00\u7a2e\u3002\n\u6709\u4eba\u770b\u898b\u7260\u5f9e\uff12\u689d\u624b\u81c2\n\u5674\u51fa\u6c23\u9ad4\u71d2\u6bc0\u68ee\u6797\u7684\u6a23\u5b50\u3002",
      "language": {
        "name": "zh-Hant",
        "url": "https://pokeapi.co/api/v2/language/4/"
      },
      "version": {
        "name": "moon",
        "url": "https://pokeapi.co/api/v2/version/28/"
      }
    },
    {
      "flavor_text": "Une esp\u00e8ce d\u2019Ultra-Chim\u00e8re. On l\u2019aurait\naper\u00e7ue expulsant du gaz par ses deux bras\net r\u00e9duisant une for\u00eat tout enti\u00e8re en cendres.",
      "language": {
        "name": "fr",
        "url": "https://pokeapi.co/api/v2/language/5/"
      },
      "version": {
        "name": "moon",
        "url": "https://pokeapi.co/api/v2/version/28/"
      }
    },
    {
      "flavor_text": "Diese Ultrabestie wurde dabei gesichtet, wie sie\nmithilfe des Gases, das aus ihren beiden Armen\nstr\u00f6mt, gro\u00dfe Waldfl\u00e4chen niederbrannte.",
      "language": {
        "name": "de",
        "url": "https://pokeapi.co/api/v2/language/6/"
      },
      "version": {
        "name": "moon",
        "url": "https://pokeapi.co/api/v2/version/28/"
      }
    },
    {
      "flavor_text": "Varios testigos afirman haber visto como este\nUltraente carbonizaba un bosque entero con el\ngas expelido por sus extremidades.",
      "language": {
        "name": "es",
        "url": "https://pokeapi.co/api/v2/language/7/"
      },
      "version": {
        "name": "moon",
        "url": "https://pokeapi.co/api/v2/version/28/"
      }
    },
    {
      "flavor_text": "\u00c8 una delle Ultracreature. \u00c8 stata vista\nincenerire un\u2019intera foresta emettendo gas\ndalle sue due braccia.",
      "language": {
        "name": "it",
        "url": "https://pokeapi.co/api/v2/language/8/"
      },
      "version": {
        "name": "moon",
        "url": "https://pokeapi.co/api/v2/version/28/"
      }
    },
    {
      "flavor_text": "One kind of Ultra Beast. Witnesses have seen it\nburn down a forest by expelling gas from its\ntwo arms.",
      "language": {
        "name": "en",
        "url": "https://pokeapi.co/api/v2/language/9/"
      },
      "version": {
        "name": "moon",
        "url": "https://pokeapi.co/api/v2/version/28/"
      }
    },
    {
      "flavor_text": "\uff35\uff22\u306e\u3000\u4e00\u7a2e\u3002\u3000\uff12\u672c\u306e\u3000\u8155\u304b\u3089\n\u30ac\u30b9\u3092\u3000\u5674\u304d\u3060\u3057\u3000\u68ee\u3092\u3000\u713c\u304d\u6255\u3046\n\u59ff\u304c\u3000\u78ba\u8a8d\u3000\u3055\u308c\u3066\u3044\u308b\u3002",
      "language": {
        "name": "ja",
        "url": "https://pokeapi.co/api/v2/language/11/"
      },
      "version": {
        "name": "moon",
        "url": "https://pokeapi.co/api/v2/version/28/"
      }
    },
    {
      "flavor_text": "\u7a76\u6781\u5f02\u517d\u7684\u4e00\u79cd\u3002\n\u4ece\uff12\u6761\u624b\u81c2\u55b7\u51fa\u6c14\u4f53\u70e7\u6bc1\n\u68ee\u6797\u7684\u6837\u5b50\u5df2\u88ab\u786e\u8ba4\u65e0\u7591\u3002",
      "language": {
        "name": "zh-Hans",
        "url": "https://pokeapi.co/api/v2/language/12/"
      },
      "version": {
        "name": "moon",
        "url": "https://pokeapi.co/api/v2/version/28/"
      }
    },
    {
      "flavor_text": "\u304d\u3051\u3093\u306a\u3000\uff35\uff22\u306e\u3000\u3044\u3063\u3057\u3085\u3002\n\u304d\u3087\u3060\u3044\u306a\u3000\u308a\u3087\u3046\u3046\u3067\u3000\u304b\u3089\u3000\u305f\u304b\u3044\n\u30a8\u30cd\u30eb\u30ae\u30fc\u306f\u3093\u306e\u3046\u3092\u3000\u3051\u3093\u3057\u3085\u3064\u3002",
      "language": {
        "name": "ja-Hrkt",
        "url": "https://pokeapi.co/api/v2/language/1/"
      },
      "version": {
        "name": "ultra-sun",
        "url": "https://pokeapi.co/api/v2/version/29/"
      }
    },
    {
      "flavor_text": "\uc704\ud5d8\ud55c UB\uc758 \uc77c\uc885\uc774\ub2e4.\n\uac70\ub300\ud55c \ub450 \ud314\uc5d0\uc11c\n\uc5d0\ub108\uc9c0 \ubc18\uc751\uc774 \uac15\ud558\uac8c \uac80\ucd9c\ub41c\ub2e4.",
      "language": {
        "name": "ko",
        "url": "https://pokeapi.co/api/v2/language/3/"
      },
      "version": {
        "name": "ultra-sun",
        "url": "https://pokeapi.co/api/v2/version/29/"
      }
    },
    {
      "flavor_text": "\u662f\u4e00\u7a2e\u5371\u96aa\u7684\u7a76\u6975\u7570\u7378\u3002\n\u5f9e\u7260\u5de8\u5927\u7684\u96d9\u81c2\u4e2d\u6aa2\u6e2c\u5230\u4e86\n\u5f37\u5927\u7684\u80fd\u91cf\u53cd\u61c9\u3002",
      "language": {
        "name": "zh-Hant",
        "url": "https://pokeapi.co/api/v2/language/4/"
      },
      "version": {
        "name": "ultra-sun",
        "url": "https://pokeapi.co/api/v2/version/29/"
      }
    },
    {
      "flavor_text": "Cette dangereuse cr\u00e9ature fait partie des\nUltra-Chim\u00e8res. On peut d\u00e9tecter des pics\nd\u2019\u00e9nergie \u00e9mis par ses bras gigantesques.",
      "language": {
        "name": "fr",
        "url": "https://pokeapi.co/api/v2/language/5/"
      },
      "version": {
        "name": "ultra-sun",
        "url": "https://pokeapi.co/api/v2/version/29/"
      }
    },
    {
      "flavor_text": "Eine der gef\u00e4hrlichen Ultrabestien. In ihren\nriesigen Armen wurden hohe Energiemengen\nnachgewiesen.",
      "language": {
        "name": "de",
        "url": "https://pokeapi.co/api/v2/language/6/"
      },
      "version": {
        "name": "ultra-sun",
        "url": "https://pokeapi.co/api/v2/version/29/"
      }
    },
    {
      "flavor_text": "Uno de los temibles Ultraentes. Las lecturas de\nlas reacciones energ\u00e9ticas procedentes de sus\nenormes brazos alcanzan picos desorbitados.",
      "language": {
        "name": "es",
        "url": "https://pokeapi.co/api/v2/language/7/"
      },
      "version": {
        "name": "ultra-sun",
        "url": "https://pokeapi.co/api/v2/version/29/"
      }
    },
    {
      "flavor_text": "Una delle temibili Ultracreature. Rilevamenti\neffettuati sulle sue gigantesche braccia hanno\nmostrato reazioni energetiche ad alta intensit\u00e0.",
      "language": {
        "name": "it",
        "url": "https://pokeapi.co/api/v2/language/8/"
      },
      "version": {
        "name": "ultra-sun",
        "url": "https://pokeapi.co/api/v2/version/29/"
      }
    },
    {
      "flavor_text": "One of the dangerous UBs, high energy readings\ncan be detected coming from both of its\nhuge arms.",
      "language": {
        "name": "en",
        "url": "https://pokeapi.co/api/v2/language/9/"
      },
      "version": {
        "name": "ultra-sun",
        "url": "https://pokeapi.co/api/v2/version/29/"
      }
    },
    {
      "flavor_text": "\u5371\u967a\u306a\u3000\uff35\uff22\u306e\u3000\u4e00\u7a2e\u3002\n\u5de8\u5927\u306a\u3000\u4e21\u8155\u304b\u3089\u3000\u9ad8\u3044\n\u30a8\u30cd\u30eb\u30ae\u30fc\u53cd\u5fdc\u3092\u3000\u691c\u51fa\u3002",
      "language": {
        "name": "ja",
        "url": "https://pokeapi.co/api/v2/language/11/"
      },
      "version": {
        "name": "ultra-sun",
        "url": "https://pokeapi.co/api/v2/version/29/"
      }
    },
    {
      "flavor_text": "\u662f\u5371\u9669\u7684\u7a76\u6781\u5f02\u517d\u4e2d\u7684\u4e00\u79cd\u3002\n\u4ece\u5b83\u5de8\u5927\u7684\u53cc\u81c2\u4e2d\u68c0\u6d4b\u51fa\u6765\n\u5f88\u9ad8\u7684\u80fd\u91cf\u53cd\u5e94\u3002",
      "language": {
        "name": "zh-Hans",
        "url": "https://pokeapi.co/api/v2/language/12/"
      },
      "version": {
        "name": "ultra-sun",
        "url": "https://pokeapi.co/api/v2/version/29/"
      }
    },
    {
      "flavor_text": "\u3053\u306e\u305b\u304b\u3044\u3067\u306f\u3000\u3044\u3057\u3064\u3067\u3000\u304d\u3051\u3093\u3060\u304c\n\u307b\u3093\u3089\u3044\u3000\u3059\u3093\u3067\u3044\u308b\u3000\u305b\u304b\u3044\u3067\u306f\n\u3075\u3064\u3046\u306b\u3000\u307f\u304b\u3051\u308b\u3000\u305b\u3044\u3076\u3064\u3089\u3057\u3044\u3002",
      "language": {
        "name": "ja-Hrkt",
        "url": "https://pokeapi.co/api/v2/language/1/"
      },
      "version": {
        "name": "ultra-moon",
        "url": "https://pokeapi.co/api/v2/version/30/"
      }
    },
    {
      "flavor_text": "\uc774 \uc138\uacc4\uc640\ub294 \uc131\uc9c8\uc774 \ub2e4\ub974\uace0\n\uc704\ud5d8\ud558\uc9c0\ub9cc \uc6d0\ub798 \uc0b4\ub358 \uc138\uacc4\uc5d0\uc11c\ub294\n\ud754\ud788 \ubcfc \uc218 \uc788\ub294 \uc0dd\ubb3c\uc778 \ub4ef\ud558\ub2e4.",
      "language": {
        "name": "ko",
        "url": "https://pokeapi.co/api/v2/language/3/"
      },
      "version": {
        "name": "ultra-moon",
        "url": "https://pokeapi.co/api/v2/version/30/"
      }
    },
    {
      "flavor_text": "\u5728\u9019\u500b\u4e16\u754c\u662f\u5371\u96aa\u7684\u7570\u985e\uff0c\n\u4f46\u7260\u5728\u539f\u672c\u68f2\u606f\u7684\u4e16\u754c\u88e1\n\u4f3c\u4e4e\u662f\u96a8\u8655\u53ef\u898b\u7684\u666e\u901a\u751f\u7269\u3002",
      "language": {
        "name": "zh-Hant",
        "url": "https://pokeapi.co/api/v2/language/4/"
      },
      "version": {
        "name": "ultra-moon",
        "url": "https://pokeapi.co/api/v2/version/30/"
      }
    },
    {
      "flavor_text": "Cette cr\u00e9ature venue d\u2019ailleurs est dangereuse\ndans notre monde, mais il semblerait qu\u2019elle soit\ntr\u00e8s commune dans le sien.",
      "language": {
        "name": "fr",
        "url": "https://pokeapi.co/api/v2/language/5/"
      },
      "version": {
        "name": "ultra-moon",
        "url": "https://pokeapi.co/api/v2/version/30/"
      }
    },
    {
      "flavor_text": "In dieser Welt wirkt sein Aussehen gef\u00e4hrlich\nund fremdartig, doch in seiner urspr\u00fcnglichen\nWelt ist es ein ganz gew\u00f6hnliches Lebewesen.",
      "language": {
        "name": "de",
        "url": "https://pokeapi.co/api/v2/language/6/"
      },
      "version": {
        "name": "ultra-moon",
        "url": "https://pokeapi.co/api/v2/version/30/"
      }
    },
    {
      "flavor_text": "Para los seres de este mundo resulta extra\u00f1o\ny peligroso, pero en el mundo del que procede\nes una criatura muy com\u00fan.",
      "language": {
        "name": "es",
        "url": "https://pokeapi.co/api/v2/language/7/"
      },
      "version": {
        "name": "ultra-moon",
        "url": "https://pokeapi.co/api/v2/version/30/"
      }
    },
    {
      "flavor_text": "Nel nostro mondo il suo aspetto appare strano\ne minaccioso, ma sembra che in quello da cui\nproviene sia una creatura molto comune.",
      "language": {
        "name": "it",
        "url": "https://pokeapi.co/api/v2/language/8/"
      },
      "version": {
        "name": "ultra-moon",
        "url": "https://pokeapi.co/api/v2/version/30/"
      }
    },
    {
      "flavor_text": "Although it\u2019s alien to this world and a danger\nhere, it\u2019s apparently a common organism in the\nworld where it normally lives.",
      "language": {
        "name": "en",
        "url": "https://pokeapi.co/api/v2/language/9/"
      },
      "version": {
        "name": "ultra-moon",
        "url": "https://pokeapi.co/api/v2/version/30/"
      }
    },
    {
      "flavor_text": "\u3053\u306e\u4e16\u754c\u3067\u306f\u3000\u7570\u8cea\u3067\u3000\u5371\u967a\u3060\u304c\n\u672c\u6765\u3000\u68f2\u3093\u3067\u3044\u308b\u3000\u4e16\u754c\u3067\u306f\n\u666e\u901a\u306b\u3000\u898b\u304b\u3051\u308b\u3000\u751f\u7269\u3089\u3057\u3044\u3002",
      "language": {
        "name": "ja",
        "url": "https://pokeapi.co/api/v2/language/11/"
      },
      "version": {
        "name": "ultra-moon",
        "url": "https://pokeapi.co/api/v2/version/30/"
      }
    },
    {
      "flavor_text": "\u5728\u8fd9\u4e2a\u4e16\u754c\u662f\u5f02\u7c7b\uff0c\u5f88\u5371\u9669\uff0c\n\u4f46\u5728\u5b83\u539f\u672c\u6816\u606f\u7684\u4e16\u754c\uff0c\n\u597d\u50cf\u53ea\u662f\u5bfb\u5e38\u80fd\u89c1\u7684\u751f\u7269\u3002",
      "language": {
        "name": "zh-Hans",
        "url": "https://pokeapi.co/api/v2/language/12/"
      },
      "version": {
        "name": "ultra-moon",
        "url": "https://pokeapi.co/api/v2/version/30/"
      }
    }
  ],
  "form_descriptions": [],
  "forms_switchable": false,
  "gender_rate": -1,
  "genera": [
    {
      "genus": "\u3046\u3061\u3042\u3052\u30dd\u30b1\u30e2\u30f3",
      "language": {
        "name": "ja-Hrkt",
        "url": "https://pokeapi.co/api/v2/language/1/"
      }
    },
    {
      "genus": "\uc3f4\uc62c\ub9ac\uae30\ud3ec\ucf13\ubaac",
      "language": {
        "name": "ko",
        "url": "https://pokeapi.co/api/v2/language/3/"
      }
    },
    {
      "genus": "\u767c\u5c04\u5bf6\u53ef\u5922",
      "language": {
        "name": "zh-Hant",
        "url": "https://pokeapi.co/api/v2/language/4/"
      }
    },
    {
      "genus": "Pok\u00e9mon D\u00e9collage",
      "language": {
        "name": "fr",
        "url": "https://pokeapi.co/api/v2/language/5/"
      }
    },
    {
      "genus": "Raketenstart-Pok\u00e9mon",
      "language": {
        "name": "de",
        "url": "https://pokeapi.co/api/v2/language/6/"
      }
    },
    {
      "genus": "Pok\u00e9mon Lanzamiento",
      "language": {
        "name": "es",
        "url": "https://pokeapi.co/api/v2/language/7/"
      }
    },
    {
      "genus": "Pok\u00e9mon Decollo",
      "language": {
        "name": "it",
        "url": "https://pokeapi.co/api/v2/language/8/"
      }
    },
    {
      "genus": "Launch Pok\u00e9mon",
      "language": {
        "name": "en",
        "url": "https://pokeapi.co/api/v2/language/9/"
      }
    },
    {
      "genus": "\u3046\u3061\u3042\u3052\u30dd\u30b1\u30e2\u30f3",
      "language": {
        "name": "ja",
        "url": "https://pokeapi.co/api/v2/language/11/"
      }
    },
    {
      "genus": "\u53d1\u5c04\u5b9d\u53ef\u68a6",
      "language": {
        "name": "zh-Hans",
        "url": "https://pokeapi.co/api/v2/language/12/"
      }
    }
  ],
  "generation": {
    "name": "generation-vii",
    "url": "https://pokeapi.co/api/v2/generation/7/"
  },
  "growth_rate": {
    "name": "slow",
    "url": "https://pokeapi.co/api/v2/growth-rate/1/"
  },
  "habitat": null,
  "has_gender_differences": false,
  "hatch_counter": 120,
  "id": 797,
  "is_baby": false,
  "is_legendary": false,
  "is_mythical": false,
  "name": "celesteela",
  "names": [
    {
      "language": {
        "name": "ja-Hrkt",
        "url": "https://pokeapi.co/api/v2/language/1/"
      },
      "name": "\u30c6\u30c3\u30ab\u30b0\u30e4"
    },
    {
      "language": {
        "name": "roomaji",
        "url": "https://pokeapi.co/api/v2/language/2/"
      },
      "name": "Tekkaguya"
    },
    {
      "language": {
        "name": "ko",
        "url": "https://pokeapi.co/api/v2/language/3/"
      },
      "name": "\ucca0\ud654\uad6c\uc57c"
    },
    {
      "language": {
        "name": "zh-Hant",
        "url": "https://pokeapi.co/api/v2/language/4/"
      },
      "name": "\u9435\u706b\u8f1d\u591c"
    },
    {
      "language": {
        "name": "fr",
        "url": "https://pokeapi.co/api/v2/language/5/"
      },
      "name": "Bamboiselle"
    },
    {
      "language": {
        "name": "de",
        "url": "https://pokeapi.co/api/v2/language/6/"
      },
      "name": "Kaguron"
    },
    {
      "language": {
        "name": "es",
        "url": "https://pokeapi.co/api/v2/language/7/"
      },
      "name": "Celesteela"
    },
    {
      "language": {
        "name": "it",
        "url": "https://pokeapi.co/api/v2/language/8/"
      },
      "name": "Celesteela"
    },
    {
      "language": {
        "name": "en",
        "url": "https://pokeapi.co/api/v2/language/9/"
      },
      "name": "Celesteela"
    },
    {
      "language": {
        "name": "ja",
        "url": "https://pokeapi.co/api/v2/language/11/"
      },
      "name": "\u30c6\u30c3\u30ab\u30b0\u30e4"
    },
    {
      "language": {
        "name": "zh-Hans",
        "url": "https://pokeapi.co/api/v2/language/12/"
      },
      "name": "\u94c1\u706b\u8f89\u591c"
    }
  ],
  "order": 797,
  "pal_park_encounters": [],
  "pokedex_numbers": [
    {
      "entry_number": 797,
      "pokedex": {
        "name": "national",
        "url": "https://pokeapi.co/api/v2/pokedex/1/"
      }
    },
    {
      "entry_number": 297,
      "pokedex": {
        "name": "original-alola",
        "url": "https://pokeapi.co/api/v2/pokedex/16/"
      }
    },
    {
      "entry_number": 397,
      "pokedex": {
        "name": "updated-alola",
        "url": "https://pokeapi.co/api/v2/pokedex/21/"
      }
    }
  ],
  "shape": {
    "name": "humanoid",
    "url": "https://pokeapi.co/api/v2/pokemon-shape/12/"
  },
  "varieties": [
    {
      "is_default": true,
      "pokemon": {
        "name": "celesteela",
        "url": "https://pokeapi.co/api/v2/pokemon/797/"
      }
    }
  ]
}