{"id": 883, "name": "arctovish", "types": [{"slot": 1, "type": {"name": "water", "url": "https://pokeapi.co/api/v2/type/11/"}}, {"slot": 2, "type": {"name": "ice", "url": "https://pokeapi.co/api/v2/type/15/"}}], "stats": [{"base_stat": 90, "effort": 0, "stat": {"name": "hp", "url": "https://pokeapi.co/api/v2/stat/1/"}}, {"base_stat": 90, "effort": 0, "stat": {"name": "attack", "url": "https://pokeapi.co/api/v2/stat/2/"}}, {"base_stat": 100, "effort": 2, "stat": {"name": "defense", "url": "https://pokeapi.co/api/v2/stat/3/"}}, {"base_stat": 80, "effort": 0, "stat": {"name": "special-attack", "url": "https://pokeapi.co/api/v2/stat/4/"}}, {"base_stat": 90, "effort": 0, "stat": {"name": "special-defense", "url": "https://pokeapi.co/api/v2/stat/5/"}}, {"base_stat": 55, "effort": 0, "stat": {"name": "speed", "url": "https://pokeapi.co/api/v2/stat/6/"}}], "abilities": [{"ability": {"name": "water-absorb", "url": "https://pokeapi.co/api/v2/ability/11/"}, "is_hidden": false, "slot": 1}, {"ability": {"name": "ice-body", "url": "https://pokeapi.co/api/v2/ability/115/"}, "is_hidden": false, "slot": 2}, {"ability": {"name": "slush-rush", "url": "https://pokeapi.co/api/v2/ability/202/"}, "is_hidden": true, "slot": 3}], "sprites": {"front_default": "https://raw.githubusercontent.com/PokeAPI/sprites/master/sprites/pokemon/883.png"}, "moves": [{"move": {"name": "body-slam"}, "earliest_level": null}, {"move": {"name": "bite"}, "earliest_level": 28}, {"move": {"name": "water-gun"}, "earliest_level": 1}, {"move": {"name": "hydro-pump"}, "earliest_level": null}, {"move": {"name": "surf"}, "earliest_level": null}, {"move": {"name": "ice-beam"}, "earliest_level": null}, {"move": {"name": "blizzard"}, "earliest_level": 77}, {"move": {"name": "hyper-beam"}, "earliest_level": null}, {"move": {"name": "waterfall"}, "earliest_level": null}, {"move": {"name": "rest"}, "earliest_level": null}, {"move": {"name": "rock-slide"}, "earliest_level": null}, {"move": {"name": "super-fang"}, "earliest_level": 49}, {"move": {"name": "substitute"}, "earliest_level": null}, {"move": {"name": "snore"}, "earliest_level": null}, {"move": {"name": "powder-snow"}, "earliest_level": 1}, {"move": {"name": "protect"}, "earliest_level": 7}, {"move": {"name": "icy-wind"}, "earliest_level": 14}, {"move": {"name": "endure"}, "earliest_level": null}, {"move": {"name": "sleep-talk"}, "earliest_level": null}, {"move": {"name": "rain-dance"}, "earliest_level": null}, {"move": {"name": "crunch"}, "earliest_level": 56}, {"move": {"name": "ancient-power"}, "earliest_level": 21}, {"move": {"name": "whirlpool"}, "earliest_level": null}, {"move": {"name": "hail"}, "earliest_level": null}, {"move": {"name": "facade"}, "earliest_level": null}, {"move": {"name": "dive"}, "earliest_level": null}, {"move": {"name": "rock-tomb"}, "earliest_level": null}, {"move": {"name": "icicle-spear"}, "earliest_level": null}, {"move": {"name": "iron-defense"}, "earliest_level": null}, {"move": {"name": "rock-blast"}, "earliest_level": null}, {"move": {"name": "brine"}, "earliest_level": null}, {"move": {"name": "giga-impact"}, "earliest_level": null}, {"move": {"name": "avalanche"}, "earliest_level": null}, {"move": {"name": "ice-fang"}, "earliest_level": null}, {"move": {"name": "zen-headbutt"}, "earliest_level": null}, {"move": {"name": "iron-head"}, "earliest_level": null}, {"move": {"name": "stone-edge"}, "earliest_level": null}, {"move": {"name": "round"}, "earliest_level": null}, {"move": {"name": "icicle-crash"}, "earliest_level": 70}, {"move": {"name": "freeze-dry"}, "earliest_level": 42}, {"move": {"name": "aurora-veil"}, "earliest_level": 35}, {"move": {"name": "psychic-fangs"}, "earliest_level": null}, {"move": {"name": "liquidation"}, "earliest_level": null}, {"move": {"name": "fishious-rend"}, "earliest_level": 63}, {"move": {"name": "meteor-beam"}, "earliest_level": null}], "species": {"url": "https://pokeapi.co/api/v2/pokemon-species/883/"}, "height": 20, "weight": 1750}