{"id": 844, "name": "sandaconda", "types": [{"slot": 1, "type": {"name": "ground", "url": "https://pokeapi.co/api/v2/type/5/"}}], "stats": [{"base_stat": 72, "effort": 0, "stat": {"name": "hp", "url": "https://pokeapi.co/api/v2/stat/1/"}}, {"base_stat": 107, "effort": 0, "stat": {"name": "attack", "url": "https://pokeapi.co/api/v2/stat/2/"}}, {"base_stat": 125, "effort": 2, "stat": {"name": "defense", "url": "https://pokeapi.co/api/v2/stat/3/"}}, {"base_stat": 65, "effort": 0, "stat": {"name": "special-attack", "url": "https://pokeapi.co/api/v2/stat/4/"}}, {"base_stat": 70, "effort": 0, "stat": {"name": "special-defense", "url": "https://pokeapi.co/api/v2/stat/5/"}}, {"base_stat": 71, "effort": 0, "stat": {"name": "speed", "url": "https://pokeapi.co/api/v2/stat/6/"}}], "abilities": [{"ability": {"name": "sand-spit", "url": "https://pokeapi.co/api/v2/ability/245/"}, "is_hidden": false, "slot": 1}, {"ability": {"name": "shed-skin", "url": "https://pokeapi.co/api/v2/ability/61/"}, "is_hidden": false, "slot": 2}, {"ability": {"name": "sand-veil", "url": "https://pokeapi.co/api/v2/ability/8/"}, "is_hidden": true, "slot": 3}], "sprites": {"front_default": "https://raw.githubusercontent.com/PokeAPI/sprites/master/sprites/pokemon/844.png"}, "moves": [{"move": {"name": "slam"}, "earliest_level": 42}, {"move": {"name": "sand-attack"}, "earliest_level": 1}, {"move": {"name": "headbutt"}, "earliest_level": 20}, {"move": {"name": "body-slam"}, "earliest_level": null}, {"move": {"name": "wrap"}, "earliest_level": 1}, {"move": {"name": "take-down"}, "earliest_level": null}, {"move": {"name": "hyper-beam"}, "earliest_level": null}, {"move": {"name": "earthquake"}, "earliest_level": null}, {"move": {"name": "dig"}, "earliest_level": 30}, {"move": {"name": "screech"}, "earliest_level": null}, {"move": {"name": "minimize"}, "earliest_level": 1}, {"move": {"name": "skull-bash"}, "earliest_level": 1}, {"move": {"name": "glare"}, "earliest_level": 25}, {"move": {"name": "rest"}, "earliest_level": null}, {"move": {"name": "rock-slide"}, "earliest_level": null}, {"move": {"name": "substitute"}, "earliest_level": null}, {"move": {"name": "snore"}, "earliest_level": null}, {"move": {"name": "protect"}, "earliest_level": null}, {"move": {"name": "scary-face"}, "earliest_level": null}, {"move": {"name": "mud-slap"}, "earliest_level": null}, {"move": {"name": "outrage"}, "earliest_level": null}, {"move": {"name": "sandstorm"}, "earliest_level": 35}, {"move": {"name": "endure"}, "earliest_level": null}, {"move": {"name": "attract"}, "earliest_level": null}, {"move": {"name": "sleep-talk"}, "earliest_level": null}, {"move": {"name": "facade"}, "earliest_level": null}, {"move": {"name": "endeavor"}, "earliest_level": null}, {"move": {"name": "rock-tomb"}, "earliest_level": null}, {"move": {"name": "sand-tomb"}, "earliest_level": 51}, {"move": {"name": "iron-defense"}, "earliest_level": null}, {"move": {"name": "mud-shot"}, "earliest_level": null}, {"move": {"name": "poison-tail"}, "earliest_level": null}, {"move": {"name": "rock-blast"}, "earliest_level": null}, {"move": {"name": "earth-power"}, "earliest_level": null}, {"move": {"name": "giga-impact"}, "earliest_level": null}, {"move": {"name": "thunder-fang"}, "earliest_level": null}, {"move": {"name": "fire-fang"}, "earliest_level": null}, {"move": {"name": "zen-headbutt"}, "earliest_level": null}, {"move": {"name": "iron-head"}, "earliest_level": null}, {"move": {"name": "stone-edge"}, "earliest_level": null}, {"move": {"name": "stealth-rock"}, "earliest_level": null}, {"move": {"name": "coil"}, "earliest_level": 49}, {"move": {"name": "round"}, "earliest_level": null}, {"move": {"name": "bulldoze"}, "earliest_level": 15}, {"move": {"name": "drill-run"}, "earliest_level": null}, {"move": {"name": "hurricane"}, "earliest_level": null}, {"move": {"name": "high-horsepower"}, "earliest_level": null}, {"move": {"name": "brutal-swing"}, "earliest_level": 1}, {"move": {"name": "body-press"}, "earliest_level": null}, {"move": {"name": "scale-shot"}, "earliest_level": null}, {"move": {"name": "skitter-smack"}, "earliest_level": null}, {"move": {"name": "scorching-sands"}, "earliest_level": null}, {"move": {"name": "tera-blast"}, "earliest_level": null}], "species": {"url": "https://pokeapi.co/api/v2/pokemon-species/844/"}, "height": 38, "weight": 655}