{
  "abilities": [
    {
      "ability": {
        "name": "dancer",
        "url": "https://pokeapi.co/api/v2/ability/216/"
      },
      "is_hidden": false,
      "slot": 1
    }
  ],
  "base_experience": 167,
  "cries": {
    "latest": "https://raw.githubusercontent.com/PokeAPI/cries/main/cries/pokemon/latest/10124.ogg",
    "legacy": null
  },
  "forms": [
    {
      "name": "oricorio-pau",
      "url": "https://pokeapi.co/api/v2/pokemon-form/10226/"
    }
  ],
  "game_indices": [],
  "height": 6,
  "held_items": [
    {
      "item": {
        "name": "honey",
        "url": "https://pokeapi.co/api/v2/item/94/"
      },
      "version_details": [
        {
          "rarity": 5,
          "version": {
            "name": "sun",
            "url": "https://pokeapi.co/api/v2/version/27/"
          }
        },
        {
          "rarity": 5,
          "version": {
            "name": "moon",
            "url": "https://pokeapi.co/api/v2/version/28/"
          }
        },
        {
          "rarity": 5,
          "version": {
            "name": "ultra-sun",
            "url": "https://pokeapi.co/api/v2/version/29/"
          }
        },
        {
          "rarity": 5,
          "version": {
            "name": "ultra-moon",
            "url": "https://pokeapi.co/api/v2/version/30/"
          }
        }
      ]
    }
  ],
  "id": 10124,
  "is_default": false,
  "location_area_encounters": "https://pokeapi.co/api/v2/pokemon/10124/encounters",
  "moves": [
    {
      "move": {
        "name": "pound",
        "url": "https://pokeapi.co/api/v2/move/1/"
      },
      "version_group_details": [
        {
          "level_learned_at": 1,
          "move_learn_method": {
            "name": "level-up",
            "url": "https://pokeapi.co/api/v2/move-learn-method/1/"
          },
          "order": null,
          "version_group": {
            "name": "sun-moon",
            "url": "https://pokeapi.co/api/v2/version-group/17/"
          }
        },
        {
          "level_learned_at": 1,
          "move_learn_method": {
            "name": "level-up",
            "url": "https://pokeapi.co/api/v2/move-learn-method/1/"
          },
          "order": null,
          "version_group": {
            "name": "ultra-sun-ultra-moon",
            "url": "https://pokeapi.co/api/v2/version-group/18/"
          }
        },
        {
          "level_learned_at": 1,
          "move_learn_method": {
            "name": "level-up",
            "url": "https://pokeapi.co/api/v2/move-learn-method/1/"
          },
          "order": null,
          "version_group": {
            "name": "scarlet-violet",
            "url": "https://pokeapi.co/api/v2/version-group/25/"
          }
        }
      ]
    },
    {
      "move": {
        "name": "double-slap",
        "url": "https://pokeapi.co/api/v2/move/3/"
      },
      "version_group_details": [
        {
          "level_learned_at": 23,
          "move_learn_method": {
            "name": "level-up",
            "url": "https://pokeapi.co/api/v2/move-learn-method/1/"
          },
          "order": null,
          "version_group": {
            "name": "sun-moon",
            "url": "https://pokeapi.co/api/v2/version-group/17/"
          }
        },
        {
          "level_learned_at": 23,
          "move_learn_method": {
            "name": "level-up",
            "url": "https://pokeapi.co/api/v2/move-learn-method/1/"
          },
          "order": null,
          "version_group": {
            "name": "ultra-sun-ultra-moon",
            "url": "https://pokeapi.co/api/v2/version-group/18/"
          }
        }
      ]
    },
    {
      "move": {
        "name": "swords-dance",
        "url": "https://pokeapi.co/api/v2/move/14/"
      },
      "version_group_details": [
        {
          "level_learned_at": 0,
          "move_learn_method": {
            "name": "machine",
            "url": "https://pokeapi.co/api/v2/move-learn-method/4/"
          },
          "order": null,
          "version_group": {
            "name": "sun-moon",
            "url": "https://pokeapi.co/api/v2/version-group/17/"
          }
        },
        {
          "level_learned_at": 0,
          "move_learn_method": {
            "name": "machine",
            "url": "https://pokeapi.co/api/v2/move-learn-method/4/"
          },
          "order": null,
          "version_group": {
            "name": "ultra-sun-ultra-moon",
            "url": "https://pokeapi.co/api/v2/version-group/18/"
          }
        },
        {
          "level_learned_at": 0,
          "move_learn_method": {
            "name": "machine",
            "url": "https://pokeapi.co/api/v2/move-learn-method/4/"
          },
          "order": null,
          "version_group": {
            "name": "scarlet-violet",
            "url": "https://pokeapi.co/api/v2/version-group/25/"
          }
        }
      ]
    },
    {
      "move": {
        "name": "fly",
        "url": "https://pokeapi.co/api/v2/move/19/"
      },
      "version_group_details": [
        {
          "level_learned_at": 0,
          "move_learn_method": {
            "name": "machine",
            "url": "https://pokeapi.co/api/v2/move-learn-method/4/"
          },
          "order": null,
          "version_group": {
            "name": "sun-moon",
            "url": "https://pokeapi.co/api/v2/version-group/17/"
          }
        },
        {
          "level_learned_at": 0,
          "move_learn_method": {
            "name": "machine",
            "url": "https://pokeapi.co/api/v2/move-learn-method/4/"
          },
          "order": null,
          "version_group": {
            "name": "ultra-sun-ultra-moon",
            "url": "https://pokeapi.co/api/v2/version-group/18/"
          }
        },
        {
          "level_learned_at": 0,
          "move_learn_method": {
            "name": "machine",
            "url": "https://pokeapi.co/api/v2/move-learn-method/4/"
          },
          "order": null,
          "version_group": {
            "name": "scarlet-violet",
            "url": "https://pokeapi.co/api/v2/version-group/25/"
          }
        }
      ]
    },
    {
      "move": {
        "name": "take-down",
        "url": "https://pokeapi.co/api/v2/move/36/"
      },
      "version_group_details": [
        {
          "level_learned_at": 0,
          "move_learn_method": {
            "name": "machine",
            "url": "https://pokeapi.co/api/v2/move-learn-method/4/"
          },
          "order": null,
          "version_group": {
            "name": "scarlet-violet",
            "url": "https://pokeapi.co/api/v2/version-group/25/"
          }
        }
      ]
    },
    {
      "move": {
        "name": "growl",
        "url": "https://pokeapi.co/api/v2/move/45/"
      },
      "version_group_details": [
        {
          "level_learned_at": 4,
          "move_learn_method": {
            "name": "level-up",
            "url": "https://pokeapi.co/api/v2/move-learn-method/1/"
          },
          "order": null,
          "version_group": {
            "name": "sun-moon",
            "url": "https://pokeapi.co/api/v2/version-group/17/"
          }
        },
        {
          "level_learned_at": 4,
          "move_learn_method": {
            "name": "level-up",
            "url": "https://pokeapi.co/api/v2/move-learn-method/1/"
          },
          "order": null,
          "version_group": {
            "name": "ultra-sun-ultra-moon",
            "url": "https://pokeapi.co/api/v2/version-group/18/"
          }
        },
        {
          "level_learned_at": 4,
          "move_learn_method": {
            "name": "level-up",
            "url": "https://pokeapi.co/api/v2/move-learn-method/1/"
          },
          "order": null,
          "version_group": {
            "name": "scarlet-violet",
            "url": "https://pokeapi.co/api/v2/version-group/25/"
          }
        }
      ]
    },
    {
      "move": {
        "name": "peck",
        "url": "https://pokeapi.co/api/v2/move/64/"
      },
      "version_group_details": [
        {
          "level_learned_at": 6,
          "move_learn_method": {
            "name": "level-up",
            "url": "https://pokeapi.co/api/v2/move-learn-method/1/"
          },
          "order": null,
          "version_group": {
            "name": "sun-moon",
            "url": "https://pokeapi.co/api/v2/version-group/17/"
          }
        },
        {
          "level_learned_at": 6,
          "move_learn_method": {
            "name": "level-up",
            "url": "https://pokeapi.co/api/v2/move-learn-method/1/"
          },
          "order": null,
          "version_group": {
            "name": "ultra-sun-ultra-moon",
            "url": "https://pokeapi.co/api/v2/version-group/18/"
          }
        },
        {
          "level_learned_at": 6,
          "move_learn_method": {
            "name": "level-up",
            "url": "https://pokeapi.co/api/v2/move-learn-method/1/"
          },
          "order": null,
          "version_group": {
            "name": "scarlet-violet",
            "url": "https://pokeapi.co/api/v2/version-group/25/"
          }
        }
      ]
    },
    {
      "move": {
        "name": "toxic",
        "url": "https://pokeapi.co/api/v2/move/92/"
      },
      "version_group_details": [
        {
          "level_learned_at": 0,
          "move_learn_method": {
            "name": "machine",
            "url": "https://pokeapi.co/api/v2/move-learn-method/4/"
          },
          "order": null,
          "version_group": {
            "name": "sun-moon",
            "url": "https://pokeapi.co/api/v2/version-group/17/"
          }
        },
        {
          "level_learned_at": 0,
          "move_learn_method": {
            "name": "machine",
            "url": "https://pokeapi.co/api/v2/move-learn-method/4/"
          },
          "order": null,
          "version_group": {
            "name": "ultra-sun-ultra-moon",
            "url": "https://pokeapi.co/api/v2/version-group/18/"
          }
        }
      ]
    },
    {
      "move": {
        "name": "agility",
        "url": "https://pokeapi.co/api/v2/move/97/"
      },
      "version_group_details": [
        {
          "level_learned_at": 46,
          "move_learn_method": {
            "name": "level-up",
            "url": "https://pokeapi.co/api/v2/move-learn-method/1/"
          },
          "order": null,
          "version_group": {
            "name": "sun-moon",
            "url": "https://pokeapi.co/api/v2/version-group/17/"
          }
        },
        {
          "level_learned_at": 46,
          "move_learn_method": {
            "name": "level-up",
            "url": "https://pokeapi.co/api/v2/move-learn-method/1/"
          },
          "order": null,
          "version_group": {
            "name": "ultra-sun-ultra-moon",
            "url": "https://pokeapi.co/api/v2/version-group/18/"
          }
        },
        {
          "level_learned_at": 43,
          "move_learn_method": {
            "name": "level-up",
            "url": "https://pokeapi.co/api/v2/move-learn-method/1/"
          },
          "order": null,
          "version_group": {
            "name": "scarlet-violet",
            "url": "https://pokeapi.co/api/v2/version-group/25/"
          }
        },
        {
          "level_learned_at": 0,
          "move_learn_method": {
            "name": "machine",
            "url": "https://pokeapi.co/api/v2/move-learn-method/4/"
          },
          "order": null,
          "version_group": {
            "name": "scarlet-violet",
            "url": "https://pokeapi.co/api/v2/version-group/25/"
          }
        }
      ]
    },
    {
      "move": {
        "name": "double-team",
        "url": "https://pokeapi.co/api/v2/move/104/"
      },
      "version_group_details": [
        {
          "level_learned_at": 0,
          "move_learn_method": {
            "name": "machine",
            "url": "https://pokeapi.co/api/v2/move-learn-method/4/"
          },
          "order": null,
          "version_group": {
            "name": "sun-moon",
            "url": "https://pokeapi.co/api/v2/version-group/17/"
          }
        },
        {
          "level_learned_at": 0,
          "move_learn_method": {
            "name": "machine",
            "url": "https://pokeapi.co/api/v2/move-learn-method/4/"
          },
          "order": null,
          "version_group": {
            "name": "ultra-sun-ultra-moon",
            "url": "https://pokeapi.co/api/v2/version-group/18/"
          }
        }
      ]
    },
    {
      "move": {
        "name": "mirror-move",
        "url": "https://pokeapi.co/api/v2/move/119/"
      },
      "version_group_details": [
        {
          "level_learned_at": 43,
          "move_learn_method": {
            "name": "level-up",
            "url": "https://pokeapi.co/api/v2/move-learn-method/1/"
          },
          "order": null,
          "version_group": {
            "name": "sun-moon",
            "url": "https://pokeapi.co/api/v2/version-group/17/"
          }
        },
        {
          "level_learned_at": 43,
          "move_learn_method": {
            "name": "level-up",
            "url": "https://pokeapi.co/api/v2/move-learn-method/1/"
          },
          "order": null,
          "version_group": {
            "name": "ultra-sun-ultra-moon",
            "url": "https://pokeapi.co/api/v2/version-group/18/"
          }
        }
      ]
    },
    {
      "move": {
        "name": "swift",
        "url": "https://pokeapi.co/api/v2/move/129/"
      },
      "version_group_details": [
        {
          "level_learned_at": 0,
          "move_learn_method": {
            "name": "machine",
            "url": "https://pokeapi.co/api/v2/move-learn-method/4/"
          },
          "order": null,
          "version_group": {
            "name": "scarlet-violet",
            "url": "https://pokeapi.co/api/v2/version-group/25/"
          }
        }
      ]
    },
    {
      "move": {
        "name": "sky-attack",
        "url": "https://pokeapi.co/api/v2/move/143/"
      },
      "version_group_details": [
        {
          "level_learned_at": 0,
          "move_learn_method": {
            "name": "tutor",
            "url": "https://pokeapi.co/api/v2/move-learn-method/3/"
          },
          "order": null,
          "version_group": {
            "name": "ultra-sun-ultra-moon",
            "url": "https://pokeapi.co/api/v2/version-group/18/"
          }
        }
      ]
    },
    {
      "move": {
        "name": "rest",
        "url": "https://pokeapi.co/api/v2/move/156/"
      },
      "version_group_details": [
        {
          "level_learned_at": 0,
          "move_learn_method": {
            "name": "machine",
            "url": "https://pokeapi.co/api/v2/move-learn-method/4/"
          },
          "order": null,
          "version_group": {
            "name": "sun-moon",
            "url": "https://pokeapi.co/api/v2/version-group/17/"
          }
        },
        {
          "level_learned_at": 0,
          "move_learn_method": {
            "name": "machine",
            "url": "https://pokeapi.co/api/v2/move-learn-method/4/"
          },
          "order": null,
          "version_group": {
            "name": "ultra-sun-ultra-moon",
            "url": "https://pokeapi.co/api/v2/version-group/18/"
          }
        },
        {
          "level_learned_at": 0,
          "move_learn_method": {
            "name": "machine",
            "url": "https://pokeapi.co/api/v2/move-learn-method/4/"
          },
          "order": null,
          "version_group": {
            "name": "scarlet-violet",
            "url": "https://pokeapi.co/api/v2/version-group/25/"
          }
        }
      ]
    },
    {
      "move": {
        "name": "substitute",
        "url": "https://pokeapi.co/api/v2/move/164/"
      },
      "version_group_details": [
        {
          "level_learned_at": 0,
          "move_learn_method": {
            "name": "machine",
            "url": "https://pokeapi.co/api/v2/move-learn-method/4/"
          },
          "order": null,
          "version_group": {
            "name": "sun-moon",
            "url": "https://pokeapi.co/api/v2/version-group/17/"
          }
        },
        {
          "level_learned_at": 0,
          "move_learn_method": {
            "name": "machine",
            "url": "https://pokeapi.co/api/v2/move-learn-method/4/"
          },
          "order": null,
          "version_group": {
            "name": "ultra-sun-ultra-moon",
            "url": "https://pokeapi.co/api/v2/version-group/18/"
          }
        },
        {
          "level_learned_at": 0,
          "move_learn_method": {
            "name": "machine",
            "url": "https://pokeapi.co/api/v2/move-learn-method/4/"
          },
          "order": null,
          "version_group": {
            "name": "scarlet-violet",
            "url": "https://pokeapi.co/api/v2/version-group/25/"
          }
        }
      ]
    },
    {
      "move": {
        "name": "snore",
        "url": "https://pokeapi.co/api/v2/move/173/"
      },
      "version_group_details": [
        {
          "level_learned_at": 0,
          "move_learn_method": {
            "name": "tutor",
            "url": "https://pokeapi.co/api/v2/move-learn-method/3/"
          },
          "order": null,
          "version_group": {
            "name": "ultra-sun-ultra-moon",
            "url": "https://pokeapi.co/api/v2/version-group/18/"
          }
        }
      ]
    },
    {
      "move": {
        "name": "reversal",
        "url": "https://pokeapi.co/api/v2/move/179/"
      },
      "version_group_details": [
        {
          "level_learned_at": 0,
          "move_learn_method": {
            "name": "machine",
            "url": "https://pokeapi.co/api/v2/move-learn-method/4/"
          },
          "order": null,
          "version_group": {
            "name": "scarlet-violet",
            "url": "https://pokeapi.co/api/v2/version-group/25/"
          }
        }
      ]
    },
    {
      "move": {
        "name": "protect",
        "url": "https://pokeapi.co/api/v2/move/182/"
      },
      "version_group_details": [
        {
          "level_learned_at": 0,
          "move_learn_method": {
            "name": "machine",
            "url": "https://pokeapi.co/api/v2/move-learn-method/4/"
          },
          "order": null,
          "version_group": {
            "name": "sun-moon",
            "url": "https://pokeapi.co/api/v2/version-group/17/"
          }
        },
        {
          "level_learned_at": 0,
          "move_learn_method": {
            "name": "machine",
            "url": "https://pokeapi.co/api/v2/move-learn-method/4/"
          },
          "order": null,
          "version_group": {
            "name": "ultra-sun-ultra-moon",
            "url": "https://pokeapi.co/api/v2/version-group/18/"
          }
        },
        {
          "level_learned_at": 0,
          "move_learn_method": {
            "name": "machine",
            "url": "https://pokeapi.co/api/v2/move-learn-method/4/"
          },
          "order": null,
          "version_group": {
            "name": "scarlet-violet",
            "url": "https://pokeapi.co/api/v2/version-group/25/"
          }
        }
      ]
    },
    {
      "move": {
        "name": "icy-wind",
        "url": "https://pokeapi.co/api/v2/move/196/"
      },
      "version_group_details": [
        {
          "level_learned_at": 0,
          "move_learn_method": {
            "name": "tutor",
            "url": "https://pokeapi.co/api/v2/move-learn-method/3/"
          },
          "order": null,
          "version_group": {
            "name": "ultra-sun-ultra-moon",
            "url": "https://pokeapi.co/api/v2/version-group/18/"
          }
        },
        {
          "level_learned_at": 0,
          "move_learn_method": {
            "name": "machine",
            "url": "https://pokeapi.co/api/v2/move-learn-method/4/"
          },
          "order": null,
          "version_group": {
            "name": "scarlet-violet",
            "url": "https://pokeapi.co/api/v2/version-group/25/"
          }
        }
      ]
    },
    {
      "move": {
        "name": "sandstorm",
        "url": "https://pokeapi.co/api/v2/move/201/"
      },
      "version_group_details": [
        {
          "level_learned_at": 0,
          "move_learn_method": {
            "name": "machine",
            "url": "https://pokeapi.co/api/v2/move-learn-method/4/"
          },
          "order": null,
          "version_group": {
            "name": "sun-moon",
            "url": "https://pokeapi.co/api/v2/version-group/17/"
          }
        },
        {
          "level_learned_at": 0,
          "move_learn_method": {
            "name": "machine",
            "url": "https://pokeapi.co/api/v2/move-learn-method/4/"
          },
          "order": null,
          "version_group": {
            "name": "ultra-sun-ultra-moon",
            "url": "https://pokeapi.co/api/v2/version-group/18/"
          }
        },
        {
          "level_learned_at": 0,
          "move_learn_method": {
            "name": "machine",
            "url": "https://pokeapi.co/api/v2/move-learn-method/4/"
          },
          "order": null,
          "version_group": {
            "name": "scarlet-violet",
            "url": "https://pokeapi.co/api/v2/version-group/25/"
          }
        }
      ]
    },
    {
      "move": {
        "name": "endure",
        "url": "https://pokeapi.co/api/v2/move/203/"
      },
      "version_group_details": [
        {
          "level_learned_at": 0,
          "move_learn_method": {
            "name": "machine",
            "url": "https://pokeapi.co/api/v2/move-learn-method/4/"
          },
          "order": null,
          "version_group": {
            "name": "scarlet-violet",
            "url": "https://pokeapi.co/api/v2/version-group/25/"
          }
        }
      ]
    },
    {
      "move": {
        "name": "charm",
        "url": "https://pokeapi.co/api/v2/move/204/"
      },
      "version_group_details": [
        {
          "level_learned_at": 0,
          "move_learn_method": {
            "name": "machine",
            "url": "https://pokeapi.co/api/v2/move-learn-method/4/"
          },
          "order": null,
          "version_group": {
            "name": "scarlet-violet",
            "url": "https://pokeapi.co/api/v2/version-group/25/"
          }
        }
      ]
    },
    {
      "move": {
        "name": "swagger",
        "url": "https://pokeapi.co/api/v2/move/207/"
      },
      "version_group_details": [
        {
          "level_learned_at": 0,
          "move_learn_method": {
            "name": "machine",
            "url": "https://pokeapi.co/api/v2/move-learn-method/4/"
          },
          "order": null,
          "version_group": {
            "name": "sun-moon",
            "url": "https://pokeapi.co/api/v2/version-group/17/"
          }
        },
        {
          "level_learned_at": 0,
          "move_learn_method": {
            "name": "machine",
            "url": "https://pokeapi.co/api/v2/move-learn-method/4/"
          },
          "order": null,
          "version_group": {
            "name": "ultra-sun-ultra-moon",
            "url": "https://pokeapi.co/api/v2/version-group/18/"
          }
        }
      ]
    },
    {
      "move": {
        "name": "steel-wing",
        "url": "https://pokeapi.co/api/v2/move/211/"
      },
      "version_group_details": [
        {
          "level_learned_at": 0,
          "move_learn_method": {
            "name": "machine",
            "url": "https://pokeapi.co/api/v2/move-learn-method/4/"
          },
          "order": null,
          "version_group": {
            "name": "sun-moon",
            "url": "https://pokeapi.co/api/v2/version-group/17/"
          }
        },
        {
          "level_learned_at": 0,
          "move_learn_method": {
            "name": "machine",
            "url": "https://pokeapi.co/api/v2/move-learn-method/4/"
          },
          "order": null,
          "version_group": {
            "name": "ultra-sun-ultra-moon",
            "url": "https://pokeapi.co/api/v2/version-group/18/"
          }
        }
      ]
    },
    {
      "move": {
        "name": "attract",
        "url": "https://pokeapi.co/api/v2/move/213/"
      },
      "version_group_details": [
        {
          "level_learned_at": 0,
          "move_learn_method": {
            "name": "machine",
            "url": "https://pokeapi.co/api/v2/move-learn-method/4/"
          },
          "order": null,
          "version_group": {
            "name": "sun-moon",
            "url": "https://pokeapi.co/api/v2/version-group/17/"
          }
        },
        {
          "level_learned_at": 0,
          "move_learn_method": {
            "name": "machine",
            "url": "https://pokeapi.co/api/v2/move-learn-method/4/"
          },
          "order": null,
          "version_group": {
            "name": "ultra-sun-ultra-moon",
            "url": "https://pokeapi.co/api/v2/version-group/18/"
          }
        },
        {
          "level_learned_at": 0,
          "move_learn_method": {
            "name": "egg",
            "url": "https://pokeapi.co/api/v2/move-learn-method/2/"
          },
          "order": null,
          "version_group": {
            "name": "scarlet-violet",
            "url": "https://pokeapi.co/api/v2/version-group/25/"
          }
        }
      ]
    },
    {
      "move": {
        "name": "sleep-talk",
        "url": "https://pokeapi.co/api/v2/move/214/"
      },
      "version_group_details": [
        {
          "level_learned_at": 0,
          "move_learn_method": {
            "name": "machine",
            "url": "https://pokeapi.co/api/v2/move-learn-method/4/"
          },
          "order": null,
          "version_group": {
            "name": "sun-moon",
            "url": "https://pokeapi.co/api/v2/version-group/17/"
          }
        },
        {
          "level_learned_at": 0,
          "move_learn_method": {
            "name": "machine",
            "url": "https://pokeapi.co/api/v2/move-learn-method/4/"
          },
          "order": null,
          "version_group": {
            "name": "ultra-sun-ultra-moon",
            "url": "https://pokeapi.co/api/v2/version-group/18/"
          }
        },
        {
          "level_learned_at": 0,
          "move_learn_method": {
            "name": "machine",
            "url": "https://pokeapi.co/api/v2/move-learn-method/4/"
          },
          "order": null,
          "version_group": {
            "name": "scarlet-violet",
            "url": "https://pokeapi.co/api/v2/version-group/25/"
          }
        }
      ]
    },
    {
      "move": {
        "name": "return",
        "url": "https://pokeapi.co/api/v2/move/216/"
      },
      "version_group_details": [
        {
          "level_learned_at": 0,
          "move_learn_method": {
            "name": "machine",
            "url": "https://pokeapi.co/api/v2/move-learn-method/4/"
          },
          "order": null,
          "version_group": {
            "name": "sun-moon",
            "url": "https://pokeapi.co/api/v2/version-group/17/"
          }
        },
        {
          "level_learned_at": 0,
          "move_learn_method": {
            "name": "machine",
            "url": "https://pokeapi.co/api/v2/move-learn-method/4/"
          },
          "order": null,
          "version_group": {
            "name": "ultra-sun-ultra-moon",
            "url": "https://pokeapi.co/api/v2/version-group/18/"
          }
        }
      ]
    },
    {
      "move": {
        "name": "frustration",
        "url": "https://pokeapi.co/api/v2/move/218/"
      },
      "version_group_details": [
        {
          "level_learned_at": 0,
          "move_learn_method": {
            "name": "machine",
            "url": "https://pokeapi.co/api/v2/move-learn-method/4/"
          },
          "order": null,
          "version_group": {
            "name": "sun-moon",
            "url": "https://pokeapi.co/api/v2/version-group/17/"
          }
        },
        {
          "level_learned_at": 0,
          "move_learn_method": {
            "name": "machine",
            "url": "https://pokeapi.co/api/v2/move-learn-method/4/"
          },
          "order": null,
          "version_group": {
            "name": "ultra-sun-ultra-moon",
            "url": "https://pokeapi.co/api/v2/version-group/18/"
          }
        }
      ]
    },
    {
      "move": {
        "name": "safeguard",
        "url": "https://pokeapi.co/api/v2/move/219/"
      },
      "version_group_details": [
        {
          "level_learned_at": 0,
          "move_learn_method": {
            "name": "egg",
            "url": "https://pokeapi.co/api/v2/move-learn-method/2/"
          },
          "order": null,
          "version_group": {
            "name": "sun-moon",
            "url": "https://pokeapi.co/api/v2/version-group/17/"
          }
        },
        {
          "level_learned_at": 0,
          "move_learn_method": {
            "name": "machine",
            "url": "https://pokeapi.co/api/v2/move-learn-method/4/"
          },
          "order": null,
          "version_group": {
            "name": "sun-moon",
            "url": "https://pokeapi.co/api/v2/version-group/17/"
          }
        },
        {
          "level_learned_at": 0,
          "move_learn_method": {
            "name": "egg",
            "url": "https://pokeapi.co/api/v2/move-learn-method/2/"
          },
          "order": null,
          "version_group": {
            "name": "ultra-sun-ultra-moon",
            "url": "https://pokeapi.co/api/v2/version-group/18/"
          }
        },
        {
          "level_learned_at": 0,
          "move_learn_method": {
            "name": "machine",
            "url": "https://pokeapi.co/api/v2/move-learn-method/4/"
          },
          "order": null,
          "version_group": {
            "name": "ultra-sun-ultra-moon",
            "url": "https://pokeapi.co/api/v2/version-group/18/"
          }
        },
        {
          "level_learned_at": 0,
          "move_learn_method": {
            "name": "egg",
            "url": "https://pokeapi.co/api/v2/move-learn-method/2/"
          },
          "order": null,
          "version_group": {
            "name": "scarlet-violet",
            "url": "https://pokeapi.co/api/v2/version-group/25/"
          }
        }
      ]
    },
    {
      "move": {
        "name": "baton-pass",
        "url": "https://pokeapi.co/api/v2/move/226/"
      },
      "version_group_details": [
        {
          "level_learned_at": 16,
          "move_learn_method": {
            "name": "level-up",
            "url": "https://pokeapi.co/api/v2/move-learn-method/1/"
          },
          "order": null,
          "version_group": {
            "name": "sun-moon",
            "url": "https://pokeapi.co/api/v2/version-group/17/"
          }
        },
        {
          "level_learned_at": 16,
          "move_learn_method": {
            "name": "level-up",
            "url": "https://pokeapi.co/api/v2/move-learn-method/1/"
          },
          "order": null,
          "version_group": {
            "name": "ultra-sun-ultra-moon",
            "url": "https://pokeapi.co/api/v2/version-group/18/"
          }
        },
        {
          "level_learned_at": 16,
          "move_learn_method": {
            "name": "level-up",
            "url": "https://pokeapi.co/api/v2/move-learn-method/1/"
          },
          "order": null,
          "version_group": {
            "name": "scarlet-violet",
            "url": "https://pokeapi.co/api/v2/version-group/25/"
          }
        },
        {
          "level_learned_at": 0,
          "move_learn_method": {
            "name": "machine",
            "url": "https://pokeapi.co/api/v2/move-learn-method/4/"
          },
          "order": null,
          "version_group": {
            "name": "scarlet-violet",
            "url": "https://pokeapi.co/api/v2/version-group/25/"
          }
        }
      ]
    },
    {
      "move": {
        "name": "hidden-power",
        "url": "https://pokeapi.co/api/v2/move/237/"
      },
      "version_group_details": [
        {
          "level_learned_at": 0,
          "move_learn_method": {
            "name": "machine",
            "url": "https://pokeapi.co/api/v2/move-learn-method/4/"
          },
          "order": null,
          "version_group": {
            "name": "sun-moon",
            "url": "https://pokeapi.co/api/v2/version-group/17/"
          }
        },
        {
          "level_learned_at": 0,
          "move_learn_method": {
            "name": "machine",
            "url": "https://pokeapi.co/api/v2/move-learn-method/4/"
          },
          "order": null,
          "version_group": {
            "name": "ultra-sun-ultra-moon",
            "url": "https://pokeapi.co/api/v2/version-group/18/"
          }
        }
      ]
    },
    {
      "move": {
        "name": "rain-dance",
        "url": "https://pokeapi.co/api/v2/move/240/"
      },
      "version_group_details": [
        {
          "level_learned_at": 0,
          "move_learn_method": {
            "name": "machine",
            "url": "https://pokeapi.co/api/v2/move-learn-method/4/"
          },
          "order": null,
          "version_group": {
            "name": "scarlet-violet",
            "url": "https://pokeapi.co/api/v2/version-group/25/"
          }
        }
      ]
    },
    {
      "move": {
        "name": "sunny-day",
        "url": "https://pokeapi.co/api/v2/move/241/"
      },
      "version_group_details": [
        {
          "level_learned_at": 0,
          "move_learn_method": {
            "name": "machine",
            "url": "https://pokeapi.co/api/v2/move-learn-method/4/"
          },
          "order": null,
          "version_group": {
            "name": "scarlet-violet",
            "url": "https://pokeapi.co/api/v2/version-group/25/"
          }
        }
      ]
    },
    {
      "move": {
        "name": "psych-up",
        "url": "https://pokeapi.co/api/v2/move/244/"
      },
      "version_group_details": [
        {
          "level_learned_at": 0,
          "move_learn_method": {
            "name": "machine",
            "url": "https://pokeapi.co/api/v2/move-learn-method/4/"
          },
          "order": null,
          "version_group": {
            "name": "scarlet-violet",
            "url": "https://pokeapi.co/api/v2/version-group/25/"
          }
        }
      ]
    },
    {
      "move": {
        "name": "flatter",
        "url": "https://pokeapi.co/api/v2/move/260/"
      },
      "version_group_details": [
        {
          "level_learned_at": 33,
          "move_learn_method": {
            "name": "level-up",
            "url": "https://pokeapi.co/api/v2/move-learn-method/1/"
          },
          "order": null,
          "version_group": {
            "name": "scarlet-violet",
            "url": "https://pokeapi.co/api/v2/version-group/25/"
          }
        }
      ]
    },
    {
      "move": {
        "name": "facade",
        "url": "https://pokeapi.co/api/v2/move/263/"
      },
      "version_group_details": [
        {
          "level_learned_at": 0,
          "move_learn_method": {
            "name": "machine",
            "url": "https://pokeapi.co/api/v2/move-learn-method/4/"
          },
          "order": null,
          "version_group": {
            "name": "sun-moon",
            "url": "https://pokeapi.co/api/v2/version-group/17/"
          }
        },
        {
          "level_learned_at": 0,
          "move_learn_method": {
            "name": "machine",
            "url": "https://pokeapi.co/api/v2/move-learn-method/4/"
          },
          "order": null,
          "version_group": {
            "name": "ultra-sun-ultra-moon",
            "url": "https://pokeapi.co/api/v2/version-group/18/"
          }
        },
        {
          "level_learned_at": 0,
          "move_learn_method": {
            "name": "machine",
            "url": "https://pokeapi.co/api/v2/move-learn-method/4/"
          },
          "order": null,
          "version_group": {
            "name": "scarlet-violet",
            "url": "https://pokeapi.co/api/v2/version-group/25/"
          }
        }
      ]
    },
    {
      "move": {
        "name": "taunt",
        "url": "https://pokeapi.co/api/v2/move/269/"
      },
      "version_group_details": [
        {
          "level_learned_at": 0,
          "move_learn_method": {
            "name": "machine",
            "url": "https://pokeapi.co/api/v2/move-learn-method/4/"
          },
          "order": null,
          "version_group": {
            "name": "sun-moon",
            "url": "https://pokeapi.co/api/v2/version-group/17/"
          }
        },
        {
          "level_learned_at": 0,
          "move_learn_method": {
            "name": "machine",
            "url": "https://pokeapi.co/api/v2/move-learn-method/4/"
          },
          "order": null,
          "version_group": {
            "name": "ultra-sun-ultra-moon",
            "url": "https://pokeapi.co/api/v2/version-group/18/"
          }
        },
        {
          "level_learned_at": 0,
          "move_learn_method": {
            "name": "machine",
            "url": "https://pokeapi.co/api/v2/move-learn-method/4/"
          },
          "order": null,
          "version_group": {
            "name": "scarlet-violet",
            "url": "https://pokeapi.co/api/v2/version-group/25/"
          }
        }
      ]
    },
    {
      "move": {
        "name": "helping-hand",
        "url": "https://pokeapi.co/api/v2/move/270/"
      },
      "version_group_details": [
        {
          "level_learned_at": 10,
          "move_learn_method": {
            "name": "level-up",
            "url": "https://pokeapi.co/api/v2/move-learn-method/1/"
          },
          "order": null,
          "version_group": {
            "name": "sun-moon",
            "url": "https://pokeapi.co/api/v2/version-group/17/"
          }
        },
        {
          "level_learned_at": 10,
          "move_learn_method": {
            "name": "level-up",
            "url": "https://pokeapi.co/api/v2/move-learn-method/1/"
          },
          "order": null,
          "version_group": {
            "name": "ultra-sun-ultra-moon",
            "url": "https://pokeapi.co/api/v2/version-group/18/"
          }
        },
        {
          "level_learned_at": 0,
          "move_learn_method": {
            "name": "tutor",
            "url": "https://pokeapi.co/api/v2/move-learn-method/3/"
          },
          "order": null,
          "version_group": {
            "name": "ultra-sun-ultra-moon",
            "url": "https://pokeapi.co/api/v2/version-group/18/"
          }
        },
        {
          "level_learned_at": 10,
          "move_learn_method": {
            "name": "level-up",
            "url": "https://pokeapi.co/api/v2/move-learn-method/1/"
          },
          "order": null,
          "version_group": {
            "name": "scarlet-violet",
            "url": "https://pokeapi.co/api/v2/version-group/25/"
          }
        },
        {
          "level_learned_at": 0,
          "move_learn_method": {
            "name": "machine",
            "url": "https://pokeapi.co/api/v2/move-learn-method/4/"
          },
          "order": null,
          "version_group": {
            "name": "scarlet-violet",
            "url": "https://pokeapi.co/api/v2/version-group/25/"
          }
        }
      ]
    },
    {
      "move": {
        "name": "role-play",
        "url": "https://pokeapi.co/api/v2/move/272/"
      },
      "version_group_details": [
        {
          "level_learned_at": 0,
          "move_learn_method": {
            "name": "tutor",
            "url": "https://pokeapi.co/api/v2/move-learn-method/3/"
          },
          "order": null,
          "version_group": {
            "name": "ultra-sun-ultra-moon",
            "url": "https://pokeapi.co/api/v2/version-group/18/"
          }
        }
      ]
    },
    {
      "move": {
        "name": "feather-dance",
        "url": "https://pokeapi.co/api/v2/move/297/"
      },
      "version_group_details": [
        {
          "level_learned_at": 20,
          "move_learn_method": {
            "name": "level-up",
            "url": "https://pokeapi.co/api/v2/move-learn-method/1/"
          },
          "order": null,
          "version_group": {
            "name": "sun-moon",
            "url": "https://pokeapi.co/api/v2/version-group/17/"
          }
        },
        {
          "level_learned_at": 20,
          "move_learn_method": {
            "name": "level-up",
            "url": "https://pokeapi.co/api/v2/move-learn-method/1/"
          },
          "order": null,
          "version_group": {
            "name": "ultra-sun-ultra-moon",
            "url": "https://pokeapi.co/api/v2/version-group/18/"
          }
        },
        {
          "level_learned_at": 20,
          "move_learn_method": {
            "name": "level-up",
            "url": "https://pokeapi.co/api/v2/move-learn-method/1/"
          },
          "order": null,
          "version_group": {
            "name": "scarlet-violet",
            "url": "https://pokeapi.co/api/v2/version-group/25/"
          }
        },
        {
          "level_learned_at": 0,
          "move_learn_method": {
            "name": "machine",
            "url": "https://pokeapi.co/api/v2/move-learn-method/4/"
          },
          "order": null,
          "version_group": {
            "name": "scarlet-violet",
            "url": "https://pokeapi.co/api/v2/version-group/25/"
          }
        }
      ]
    },
    {
      "move": {
        "name": "teeter-dance",
        "url": "https://pokeapi.co/api/v2/move/298/"
      },
      "version_group_details": [
        {
          "level_learned_at": 26,
          "move_learn_method": {
            "name": "level-up",
            "url": "https://pokeapi.co/api/v2/move-learn-method/1/"
          },
          "order": null,
          "version_group": {
            "name": "sun-moon",
            "url": "https://pokeapi.co/api/v2/version-group/17/"
          }
        },
        {
          "level_learned_at": 26,
          "move_learn_method": {
            "name": "level-up",
            "url": "https://pokeapi.co/api/v2/move-learn-method/1/"
          },
          "order": null,
          "version_group": {
            "name": "ultra-sun-ultra-moon",
            "url": "https://pokeapi.co/api/v2/version-group/18/"
          }
        },
        {
          "level_learned_at": 26,
          "move_learn_method": {
            "name": "level-up",
            "url": "https://pokeapi.co/api/v2/move-learn-method/1/"
          },
          "order": null,
          "version_group": {
            "name": "scarlet-violet",
            "url": "https://pokeapi.co/api/v2/version-group/25/"
          }
        }
      ]
    },
    {
      "move": {
        "name": "air-cutter",
        "url": "https://pokeapi.co/api/v2/move/314/"
      },
      "version_group_details": [
        {
          "level_learned_at": 13,
          "move_learn_method": {
            "name": "level-up",
            "url": "https://pokeapi.co/api/v2/move-learn-method/1/"
          },
          "order": null,
          "version_group": {
            "name": "sun-moon",
            "url": "https://pokeapi.co/api/v2/version-group/17/"
          }
        },
        {
          "level_learned_at": 13,
          "move_learn_method": {
            "name": "level-up",
            "url": "https://pokeapi.co/api/v2/move-learn-method/1/"
          },
          "order": null,
          "version_group": {
            "name": "ultra-sun-ultra-moon",
            "url": "https://pokeapi.co/api/v2/version-group/18/"
          }
        },
        {
          "level_learned_at": 13,
          "move_learn_method": {
            "name": "level-up",
            "url": "https://pokeapi.co/api/v2/move-learn-method/1/"
          },
          "order": null,
          "version_group": {
            "name": "scarlet-violet",
            "url": "https://pokeapi.co/api/v2/version-group/25/"
          }
        },
        {
          "level_learned_at": 0,
          "move_learn_method": {
            "name": "machine",
            "url": "https://pokeapi.co/api/v2/move-learn-method/4/"
          },
          "order": null,
          "version_group": {
            "name": "scarlet-violet",
            "url": "https://pokeapi.co/api/v2/version-group/25/"
          }
        }
      ]
    },
    {
      "move": {
        "name": "aerial-ace",
        "url": "https://pokeapi.co/api/v2/move/332/"
      },
      "version_group_details": [
        {
          "level_learned_at": 0,
          "move_learn_method": {
            "name": "machine",
            "url": "https://pokeapi.co/api/v2/move-learn-method/4/"
          },
          "order": null,
          "version_group": {
            "name": "sun-moon",
            "url": "https://pokeapi.co/api/v2/version-group/17/"
          }
        },
        {
          "level_learned_at": 0,
          "move_learn_method": {
            "name": "machine",
            "url": "https://pokeapi.co/api/v2/move-learn-method/4/"
          },
          "order": null,
          "version_group": {
            "name": "ultra-sun-ultra-moon",
            "url": "https://pokeapi.co/api/v2/version-group/18/"
          }
        },
        {
          "level_learned_at": 0,
          "move_learn_method": {
            "name": "machine",
            "url": "https://pokeapi.co/api/v2/move-learn-method/4/"
          },
          "order": null,
          "version_group": {
            "name": "scarlet-violet",
            "url": "https://pokeapi.co/api/v2/version-group/25/"
          }
        }
      ]
    },
    {
      "move": {
        "name": "covet",
        "url": "https://pokeapi.co/api/v2/move/343/"
      },
      "version_group_details": [
        {
          "level_learned_at": 0,
          "move_learn_method": {
            "name": "tutor",
            "url": "https://pokeapi.co/api/v2/move-learn-method/3/"
          },
          "order": null,
          "version_group": {
            "name": "ultra-sun-ultra-moon",
            "url": "https://pokeapi.co/api/v2/version-group/18/"
          }
        }
      ]
    },
    {
      "move": {
        "name": "calm-mind",
        "url": "https://pokeapi.co/api/v2/move/347/"
      },
      "version_group_details": [
        {
          "level_learned_at": 0,
          "move_learn_method": {
            "name": "machine",
            "url": "https://pokeapi.co/api/v2/move-learn-method/4/"
          },
          "order": null,
          "version_group": {
            "name": "sun-moon",
            "url": "https://pokeapi.co/api/v2/version-group/17/"
          }
        },
        {
          "level_learned_at": 0,
          "move_learn_method": {
            "name": "machine",
            "url": "https://pokeapi.co/api/v2/move-learn-method/4/"
          },
          "order": null,
          "version_group": {
            "name": "ultra-sun-ultra-moon",
            "url": "https://pokeapi.co/api/v2/version-group/18/"
          }
        },
        {
          "level_learned_at": 0,
          "move_learn_method": {
            "name": "machine",
            "url": "https://pokeapi.co/api/v2/move-learn-method/4/"
          },
          "order": null,
          "version_group": {
            "name": "scarlet-violet",
            "url": "https://pokeapi.co/api/v2/version-group/25/"
          }
        }
      ]
    },
    {
      "move": {
        "name": "roost",
        "url": "https://pokeapi.co/api/v2/move/355/"
      },
      "version_group_details": [
        {
          "level_learned_at": 30,
          "move_learn_method": {
            "name": "level-up",
            "url": "https://pokeapi.co/api/v2/move-learn-method/1/"
          },
          "order": null,
          "version_group": {
            "name": "sun-moon",
            "url": "https://pokeapi.co/api/v2/version-group/17/"
          }
        },
        {
          "level_learned_at": 0,
          "move_learn_method": {
            "name": "machine",
            "url": "https://pokeapi.co/api/v2/move-learn-method/4/"
          },
          "order": null,
          "version_group": {
            "name": "sun-moon",
            "url": "https://pokeapi.co/api/v2/version-group/17/"
          }
        },
        {
          "level_learned_at": 30,
          "move_learn_method": {
            "name": "level-up",
            "url": "https://pokeapi.co/api/v2/move-learn-method/1/"
          },
          "order": null,
          "version_group": {
            "name": "ultra-sun-ultra-moon",
            "url": "https://pokeapi.co/api/v2/version-group/18/"
          }
        },
        {
          "level_learned_at": 0,
          "move_learn_method": {
            "name": "machine",
            "url": "https://pokeapi.co/api/v2/move-learn-method/4/"
          },
          "order": null,
          "version_group": {
            "name": "ultra-sun-ultra-moon",
            "url": "https://pokeapi.co/api/v2/version-group/18/"
          }
        },
        {
          "level_learned_at": 30,
          "move_learn_method": {
            "name": "level-up",
            "url": "https://pokeapi.co/api/v2/move-learn-method/1/"
          },
          "order": null,
          "version_group": {
            "name": "scarlet-violet",
            "url": "https://pokeapi.co/api/v2/version-group/25/"
          }
        }
      ]
    },
    {
      "move": {
        "name": "pluck",
        "url": "https://pokeapi.co/api/v2/move/365/"
      },
      "version_group_details": [
        {
          "level_learned_at": 0,
          "move_learn_method": {
            "name": "egg",
            "url": "https://pokeapi.co/api/v2/move-learn-method/2/"
          },
          "order": null,
          "version_group": {
            "name": "sun-moon",
            "url": "https://pokeapi.co/api/v2/version-group/17/"
          }
        },
        {
          "level_learned_at": 0,
          "move_learn_method": {
            "name": "egg",
            "url": "https://pokeapi.co/api/v2/move-learn-method/2/"
          },
          "order": null,
          "version_group": {
            "name": "ultra-sun-ultra-moon",
            "url": "https://pokeapi.co/api/v2/version-group/18/"
          }
        },
        {
          "level_learned_at": 0,
          "move_learn_method": {
            "name": "egg",
            "url": "https://pokeapi.co/api/v2/move-learn-method/2/"
          },
          "order": null,
          "version_group": {
            "name": "scarlet-violet",
            "url": "https://pokeapi.co/api/v2/version-group/25/"
          }
        }
      ]
    },
    {
      "move": {
        "name": "tailwind",
        "url": "https://pokeapi.co/api/v2/move/366/"
      },
      "version_group_details": [
        {
          "level_learned_at": 0,
          "move_learn_method": {
            "name": "egg",
            "url": "https://pokeapi.co/api/v2/move-learn-method/2/"
          },
          "order": null,
          "version_group": {
            "name": "sun-moon",
            "url": "https://pokeapi.co/api/v2/version-group/17/"
          }
        },
        {
          "level_learned_at": 0,
          "move_learn_method": {
            "name": "egg",
            "url": "https://pokeapi.co/api/v2/move-learn-method/2/"
          },
          "order": null,
          "version_group": {
            "name": "ultra-sun-ultra-moon",
            "url": "https://pokeapi.co/api/v2/version-group/18/"
          }
        },
        {
          "level_learned_at": 0,
          "move_learn_method": {
            "name": "tutor",
            "url": "https://pokeapi.co/api/v2/move-learn-method/3/"
          },
          "order": null,
          "version_group": {
            "name": "ultra-sun-ultra-moon",
            "url": "https://pokeapi.co/api/v2/version-group/18/"
          }
        },
        {
          "level_learned_at": 0,
          "move_learn_method": {
            "name": "machine",
            "url": "https://pokeapi.co/api/v2/move-learn-method/4/"
          },
          "order": null,
          "version_group": {
            "name": "scarlet-violet",
            "url": "https://pokeapi.co/api/v2/version-group/25/"
          }
        }
      ]
    },
    {
      "move": {
        "name": "u-turn",
        "url": "https://pokeapi.co/api/v2/move/369/"
      },
      "version_group_details": [
        {
          "level_learned_at": 0,
          "move_learn_method": {
            "name": "machine",
            "url": "https://pokeapi.co/api/v2/move-learn-method/4/"
          },
          "order": null,
          "version_group": {
            "name": "sun-moon",
            "url": "https://pokeapi.co/api/v2/version-group/17/"
          }
        },
        {
          "level_learned_at": 0,
          "move_learn_method": {
            "name": "machine",
            "url": "https://pokeapi.co/api/v2/move-learn-method/4/"
          },
          "order": null,
          "version_group": {
            "name": "ultra-sun-ultra-moon",
            "url": "https://pokeapi.co/api/v2/version-group/18/"
          }
        },
        {
          "level_learned_at": 0,
          "move_learn_method": {
            "name": "machine",
            "url": "https://pokeapi.co/api/v2/move-learn-method/4/"
          },
          "order": null,
          "version_group": {
            "name": "scarlet-violet",
            "url": "https://pokeapi.co/api/v2/version-group/25/"
          }
        }
      ]
    },
    {
      "move": {
        "name": "embargo",
        "url": "https://pokeapi.co/api/v2/move/373/"
      },
      "version_group_details": [
        {
          "level_learned_at": 0,
          "move_learn_method": {
            "name": "machine",
            "url": "https://pokeapi.co/api/v2/move-learn-method/4/"
          },
          "order": null,
          "version_group": {
            "name": "sun-moon",
            "url": "https://pokeapi.co/api/v2/version-group/17/"
          }
        },
        {
          "level_learned_at": 0,
          "move_learn_method": {
            "name": "machine",
            "url": "https://pokeapi.co/api/v2/move-learn-method/4/"
          },
          "order": null,
          "version_group": {
            "name": "ultra-sun-ultra-moon",
            "url": "https://pokeapi.co/api/v2/version-group/18/"
          }
        }
      ]
    },
    {
      "move": {
        "name": "air-slash",
        "url": "https://pokeapi.co/api/v2/move/403/"
      },
      "version_group_details": [
        {
          "level_learned_at": 36,
          "move_learn_method": {
            "name": "level-up",
            "url": "https://pokeapi.co/api/v2/move-learn-method/1/"
          },
          "order": null,
          "version_group": {
            "name": "sun-moon",
            "url": "https://pokeapi.co/api/v2/version-group/17/"
          }
        },
        {
          "level_learned_at": 36,
          "move_learn_method": {
            "name": "level-up",
            "url": "https://pokeapi.co/api/v2/move-learn-method/1/"
          },
          "order": null,
          "version_group": {
            "name": "ultra-sun-ultra-moon",
            "url": "https://pokeapi.co/api/v2/version-group/18/"
          }
        },
        {
          "level_learned_at": 36,
          "move_learn_method": {
            "name": "level-up",
            "url": "https://pokeapi.co/api/v2/move-learn-method/1/"
          },
          "order": null,
          "version_group": {
            "name": "scarlet-violet",
            "url": "https://pokeapi.co/api/v2/version-group/25/"
          }
        },
        {
          "level_learned_at": 0,
          "move_learn_method": {
            "name": "machine",
            "url": "https://pokeapi.co/api/v2/move-learn-method/4/"
          },
          "order": null,
          "version_group": {
            "name": "scarlet-violet",
            "url": "https://pokeapi.co/api/v2/version-group/25/"
          }
        }
      ]
    },
    {
      "move": {
        "name": "defog",
        "url": "https://pokeapi.co/api/v2/move/432/"
      },
      "version_group_details": [
        {
          "level_learned_at": 0,
          "move_learn_method": {
            "name": "tutor",
            "url": "https://pokeapi.co/api/v2/move-learn-method/3/"
          },
          "order": null,
          "version_group": {
            "name": "ultra-sun-ultra-moon",
            "url": "https://pokeapi.co/api/v2/version-group/18/"
          }
        },
        {
          "level_learned_at": 0,
          "move_learn_method": {
            "name": "egg",
            "url": "https://pokeapi.co/api/v2/move-learn-method/2/"
          },
          "order": null,
          "version_group": {
            "name": "scarlet-violet",
            "url": "https://pokeapi.co/api/v2/version-group/25/"
          }
        }
      ]
    },
    {
      "move": {
        "name": "captivate",
        "url": "https://pokeapi.co/api/v2/move/445/"
      },
      "version_group_details": [
        {
          "level_learned_at": 33,
          "move_learn_method": {
            "name": "level-up",
            "url": "https://pokeapi.co/api/v2/move-learn-method/1/"
          },
          "order": null,
          "version_group": {
            "name": "sun-moon",
            "url": "https://pokeapi.co/api/v2/version-group/17/"
          }
        },
        {
          "level_learned_at": 0,
          "move_learn_method": {
            "name": "egg",
            "url": "https://pokeapi.co/api/v2/move-learn-method/2/"
          },
          "order": null,
          "version_group": {
            "name": "sun-moon",
            "url": "https://pokeapi.co/api/v2/version-group/17/"
          }
        },
        {
          "level_learned_at": 33,
          "move_learn_method": {
            "name": "level-up",
            "url": "https://pokeapi.co/api/v2/move-learn-method/1/"
          },
          "order": null,
          "version_group": {
            "name": "ultra-sun-ultra-moon",
            "url": "https://pokeapi.co/api/v2/version-group/18/"
          }
        },
        {
          "level_learned_at": 0,
          "move_learn_method": {
            "name": "egg",
            "url": "https://pokeapi.co/api/v2/move-learn-method/2/"
          },
          "order": null,
          "version_group": {
            "name": "ultra-sun-ultra-moon",
            "url": "https://pokeapi.co/api/v2/version-group/18/"
          }
        }
      ]
    },
    {
      "move": {
        "name": "quiver-dance",
        "url": "https://pokeapi.co/api/v2/move/483/"
      },
      "version_group_details": [
        {
          "level_learned_at": 0,
          "move_learn_method": {
            "name": "egg",
            "url": "https://pokeapi.co/api/v2/move-learn-method/2/"
          },
          "order": null,
          "version_group": {
            "name": "scarlet-violet",
            "url": "https://pokeapi.co/api/v2/version-group/25/"
          }
        }
      ]
    },
    {
      "move": {
        "name": "round",
        "url": "https://pokeapi.co/api/v2/move/496/"
      },
      "version_group_details": [
        {
          "level_learned_at": 0,
          "move_learn_method": {
            "name": "machine",
            "url": "https://pokeapi.co/api/v2/move-learn-method/4/"
          },
          "order": null,
          "version_group": {
            "name": "sun-moon",
            "url": "https://pokeapi.co/api/v2/version-group/17/"
          }
        },
        {
          "level_learned_at": 0,
          "move_learn_method": {
            "name": "machine",
            "url": "https://pokeapi.co/api/v2/move-learn-method/4/"
          },
          "order": null,
          "version_group": {
            "name": "ultra-sun-ultra-moon",
            "url": "https://pokeapi.co/api/v2/version-group/18/"
          }
        }
      ]
    },
    {
      "move": {
        "name": "quash",
        "url": "https://pokeapi.co/api/v2/move/511/"
      },
      "version_group_details": [
        {
          "level_learned_at": 0,
          "move_learn_method": {
            "name": "machine",
            "url": "https://pokeapi.co/api/v2/move-learn-method/4/"
          },
          "order": null,
          "version_group": {
            "name": "sun-moon",
            "url": "https://pokeapi.co/api/v2/version-group/17/"
          }
        },
        {
          "level_learned_at": 0,
          "move_learn_method": {
            "name": "machine",
            "url": "https://pokeapi.co/api/v2/move-learn-method/4/"
          },
          "order": null,
          "version_group": {
            "name": "ultra-sun-ultra-moon",
            "url": "https://pokeapi.co/api/v2/version-group/18/"
          }
        }
      ]
    },
    {
      "move": {
        "name": "acrobatics",
        "url": "https://pokeapi.co/api/v2/move/512/"
      },
      "version_group_details": [
        {
          "level_learned_at": 0,
          "move_learn_method": {
            "name": "machine",
            "url": "https://pokeapi.co/api/v2/move-learn-method/4/"
          },
          "order": null,
          "version_group": {
            "name": "sun-moon",
            "url": "https://pokeapi.co/api/v2/version-group/17/"
          }
        },
        {
          "level_learned_at": 0,
          "move_learn_method": {
            "name": "machine",
            "url": "https://pokeapi.co/api/v2/move-learn-method/4/"
          },
          "order": null,
          "version_group": {
            "name": "ultra-sun-ultra-moon",
            "url": "https://pokeapi.co/api/v2/version-group/18/"
          }
        },
        {
          "level_learned_at": 23,
          "move_learn_method": {
            "name": "level-up",
            "url": "https://pokeapi.co/api/v2/move-learn-method/1/"
          },
          "order": null,
          "version_group": {
            "name": "scarlet-violet",
            "url": "https://pokeapi.co/api/v2/version-group/25/"
          }
        },
        {
          "level_learned_at": 0,
          "move_learn_method": {
            "name": "machine",
            "url": "https://pokeapi.co/api/v2/move-learn-method/4/"
          },
          "order": null,
          "version_group": {
            "name": "scarlet-violet",
            "url": "https://pokeapi.co/api/v2/version-group/25/"
          }
        }
      ]
    },
    {
      "move": {
        "name": "work-up",
        "url": "https://pokeapi.co/api/v2/move/526/"
      },
      "version_group_details": [
        {
          "level_learned_at": 0,
          "move_learn_method": {
            "name": "machine",
            "url": "https://pokeapi.co/api/v2/move-learn-method/4/"
          },
          "order": null,
          "version_group": {
            "name": "sun-moon",
            "url": "https://pokeapi.co/api/v2/version-group/17/"
          }
        },
        {
          "level_learned_at": 0,
          "move_learn_method": {
            "name": "machine",
            "url": "https://pokeapi.co/api/v2/move-learn-method/4/"
          },
          "order": null,
          "version_group": {
            "name": "ultra-sun-ultra-moon",
            "url": "https://pokeapi.co/api/v2/version-group/18/"
          }
        }
      ]
    },
    {
      "move": {
        "name": "hurricane",
        "url": "https://pokeapi.co/api/v2/move/542/"
      },
      "version_group_details": [
        {
          "level_learned_at": 50,
          "move_learn_method": {
            "name": "level-up",
            "url": "https://pokeapi.co/api/v2/move-learn-method/1/"
          },
          "order": null,
          "version_group": {
            "name": "sun-moon",
            "url": "https://pokeapi.co/api/v2/version-group/17/"
          }
        },
        {
          "level_learned_at": 50,
          "move_learn_method": {
            "name": "level-up",
            "url": "https://pokeapi.co/api/v2/move-learn-method/1/"
          },
          "order": null,
          "version_group": {
            "name": "ultra-sun-ultra-moon",
            "url": "https://pokeapi.co/api/v2/version-group/18/"
          }
        },
        {
          "level_learned_at": 47,
          "move_learn_method": {
            "name": "level-up",
            "url": "https://pokeapi.co/api/v2/move-learn-method/1/"
          },
          "order": null,
          "version_group": {
            "name": "scarlet-violet",
            "url": "https://pokeapi.co/api/v2/version-group/25/"
          }
        },
        {
          "level_learned_at": 0,
          "move_learn_method": {
            "name": "machine",
            "url": "https://pokeapi.co/api/v2/move-learn-method/4/"
          },
          "order": null,
          "version_group": {
            "name": "scarlet-violet",
            "url": "https://pokeapi.co/api/v2/version-group/25/"
          }
        }
      ]
    },
    {
      "move": {
        "name": "confide",
        "url": "https://pokeapi.co/api/v2/move/590/"
      },
      "version_group_details": [
        {
          "level_learned_at": 0,
          "move_learn_method": {
            "name": "machine",
            "url": "https://pokeapi.co/api/v2/move-learn-method/4/"
          },
          "order": null,
          "version_group": {
            "name": "sun-moon",
            "url": "https://pokeapi.co/api/v2/version-group/17/"
          }
        },
        {
          "level_learned_at": 0,
          "move_learn_method": {
            "name": "machine",
            "url": "https://pokeapi.co/api/v2/move-learn-method/4/"
          },
          "order": null,
          "version_group": {
            "name": "ultra-sun-ultra-moon",
            "url": "https://pokeapi.co/api/v2/version-group/18/"
          }
        }
      ]
    },
    {
      "move": {
        "name": "revelation-dance",
        "url": "https://pokeapi.co/api/v2/move/686/"
      },
      "version_group_details": [
        {
          "level_learned_at": 40,
          "move_learn_method": {
            "name": "level-up",
            "url": "https://pokeapi.co/api/v2/move-learn-method/1/"
          },
          "order": null,
          "version_group": {
            "name": "sun-moon",
            "url": "https://pokeapi.co/api/v2/version-group/17/"
          }
        },
        {
          "level_learned_at": 40,
          "move_learn_method": {
            "name": "level-up",
            "url": "https://pokeapi.co/api/v2/move-learn-method/1/"
          },
          "order": null,
          "version_group": {
            "name": "ultra-sun-ultra-moon",
            "url": "https://pokeapi.co/api/v2/version-group/18/"
          }
        },
        {
          "level_learned_at": 40,
          "move_learn_method": {
            "name": "level-up",
            "url": "https://pokeapi.co/api/v2/move-learn-method/1/"
          },
          "order": null,
          "version_group": {
            "name": "scarlet-violet",
            "url": "https://pokeapi.co/api/v2/version-group/25/"
          }
        }
      ]
    },
    {
      "move": {
        "name": "dual-wingbeat",
        "url": "https://pokeapi.co/api/v2/move/814/"
      },
      "version_group_details": [
        {
          "level_learned_at": 0,
          "move_learn_method": {
            "name": "machine",
            "url": "https://pokeapi.co/api/v2/move-learn-method/4/"
          },
          "order": null,
          "version_group": {
            "name": "scarlet-violet",
            "url": "https://pokeapi.co/api/v2/version-group/25/"
          }
        }
      ]
    },
    {
      "move": {
        "name": "tera-blast",
        "url": "https://pokeapi.co/api/v2/move/851/"
      },
      "version_group_details": [
        {
          "level_learned_at": 0,
          "move_learn_method": {
            "name": "machine",
            "url": "https://pokeapi.co/api/v2/move-learn-method/4/"
          },
          "order": null,
          "version_group": {
            "name": "scarlet-violet",
            "url": "https://pokeapi.co/api/v2/version-group/25/"
          }
        }
      ]
    },
    {
      "move": {
        "name": "trailblaze",
        "url": "https://pokeapi.co/api/v2/move/885/"
      },
      "version_group_details": [
        {
          "level_learned_at": 0,
          "move_learn_method": {
            "name": "machine",
            "url": "https://pokeapi.co/api/v2/move-learn-method/4/"
          },
          "order": null,
          "version_group": {
            "name": "scarlet-violet",
            "url": "https://pokeapi.co/api/v2/version-group/25/"
          }
        }
      ]
    },
    {
      "move": {
        "name": "alluring-voice",
        "url": "https://pokeapi.co/api/v2/move/914/"
      },
      "version_group_details": [
        {
          "level_learned_at": 0,
          "move_learn_method": {
            "name": "machine",
            "url": "https://pokeapi.co/api/v2/move-learn-method/4/"
          },
          "order": null,
          "version_group": {
            "name": "scarlet-violet",
            "url": "https://pokeapi.co/api/v2/version-group/25/"
          }
        }
      ]
    }
  ],
  "name": "oricorio-pau",
  "order": 891,
  "past_abilities": [],
  "past_types": [],
  "species": {
    "name": "oricorio",
    "url": "https://pokeapi.co/api/v2/pokemon-species/741/"
  },
  "sprites": {
    "back_default": "https://raw.githubusercontent.com/PokeAPI/sprites/master/sprites/pokemon/back/10124.png",
    "back_female": null,
    "back_shiny": "https://raw.githubusercontent.com/PokeAPI/sprites/master/sprites/pokemon/back/shiny/10124.png",
    "back_shiny_female": null,
    "front_default": "https://raw.githubusercontent.com/PokeAPI/sprites/master/sprites/pokemon/10124.png",
    "front_female": null,
    "front_shiny": "https://raw.githubusercontent.com/PokeAPI/sprites/master/sprites/pokemon/shiny/10124.png",
    "front_shiny_female": null,
    "other": {
      "dream_world": {
        "front_default": "https://raw.githubusercontent.com/PokeAPI/sprites/master/sprites/pokemon/other/dream-world/10124.svg",
        "front_female": null
      },
      "home": {
        "front_default": "https://raw.githubusercontent.com/PokeAPI/sprites/master/sprites/pokemon/other/home/10124.png",
        "front_female": null,
        "front_shiny": "https://raw.githubusercontent.com/PokeAPI/sprites/master/sprites/pokemon/other/home/shiny/10124.png",
        "front_shiny_female": null
      },
      "official-artwork": {
        "front_default": "https://raw.githubusercontent.com/PokeAPI/sprites/master/sprites/pokemon/other/official-artwork/10124.png",
        "front_shiny": "https://raw.githubusercontent.com/PokeAPI/sprites/master/sprites/pokemon/other/official-artwork/shiny/10124.png"
      },
      "showdown": {
        "back_default": "https://raw.githubusercontent.com/PokeAPI/sprites/master/sprites/pokemon/other/showdown/back/10124.gif",
        "back_female": null,
        "back_shiny": "https://raw.githubusercontent.com/PokeAPI/sprites/master/sprites/pokemon/other/showdown/back/shiny/10124.gif",
        "back_shiny_female": null,
        "front_default": "https://raw.githubusercontent.com/PokeAPI/sprites/master/sprites/pokemon/other/showdown/10124.gif",
        "front_female": null,
        "front_shiny": "https://raw.githubusercontent.com/PokeAPI/sprites/master/sprites/pokemon/other/showdown/shiny/10124.gif",
        "front_shiny_female": null
      }
    },
    "versions": {
      "generation-i": {
        "red-blue": {
          "back_default": null,
          "back_gray": null,
          "back_transparent": null,
          "front_default": null,
          "front_gray": null,
          "front_transparent": null
        },
        "yellow": {
          "back_default": null,
          "back_gray": null,
          "back_transparent": null,
          "front_default": null,
          "front_gray": null,
          "front_transparent": null
        }
      },
      "generation-ii": {
        "crystal": {
          "back_default": null,
          "back_shiny": null,
          "back_shiny_transparent": null,
          "back_transparent": null,
          "front_default": null,
          "front_shiny": null,
          "front_shiny_transparent": null,
          "front_transparent": null
        },
        "gold": {
          "back_default": null,
          "back_shiny": null,
          "front_default": null,
          "front_shiny": null,
          "front_transparent": null
        },
        "silver": {
          "back_default": null,
          "back_shiny": null,
          "front_default": null,
          "front_shiny": null,
          "front_transparent": null
        }
      },
      "generation-iii": {
        "emerald": {
          "front_default": null,
          "front_shiny": null
        },
        "firered-leafgreen": {
          "back_default": null,
          "back_shiny": null,
          "front_default": null,
          "front_shiny": null
        },
        "ruby-sapphire": {
          "back_default": null,
          "back_shiny": null,
          "front_default": null,
          "front_shiny": null
        }
      },
      "generation-iv": {
        "diamond-pearl": {
          "back_default": null,
          "back_female": null,
          "back_shiny": null,
          "back_shiny_female": null,
          "front_default": null,
          "front_female": null,
          "front_shiny": null,
          "front_shiny_female": null
        },
        "heartgold-soulsilver": {
          "back_default": null,
          "back_female": null,
          "back_shiny": null,
          "back_shiny_female": null,
          "front_default": null,
          "front_female": null,
          "front_shiny": null,
          "front_shiny_female": null
        },
        "platinum": {
          "back_default": null,
          "back_female": null,
          "back_shiny": null,
          "back_shiny_female": null,
          "front_default": null,
          "front_female": null,
          "front_shiny": null,
          "front_shiny_female": null
        }
      },
      "generation-ix": {
        "scarlet-violet": {
          "front_default": "https://raw.githubusercontent.com/PokeAPI/sprites/master/sprites/pokemon/versions/generation-ix/scarlet-violet/741-pau.png",
          "front_female": null
        }
      },
      "generation-v": {
        "black-white": {
          "animated": {
            "back_default": null,
            "back_female": null,
            "back_shiny": null,
            "back_shiny_female": null,
            "front_default": null,
            "front_female": null,
            "front_shiny": null,
            "front_shiny_female": null
          },
          "back_default": "https://raw.githubusercontent.com/PokeAPI/sprites/master/sprites/pokemon/versions/generation-v/black-white/back/10124.png",
          "back_female": null,
          "back_shiny": "https://raw.githubusercontent.com/PokeAPI/sprites/master/sprites/pokemon/versions/generation-v/black-white/back/shiny/10124.png",
          "back_shiny_female": null,
          "front_default": "https://raw.githubusercontent.com/PokeAPI/sprites/master/sprites/pokemon/versions/generation-v/black-white/10124.png",
          "front_female": null,
          "front_shiny": "https://raw.githubusercontent.com/PokeAPI/sprites/master/sprites/pokemon/versions/generation-v/black-white/shiny/10124.png",
          "front_shiny_female": null
        }
      },
      "generation-vi": {
        "omegaruby-alphasapphire": {
          "front_default": null,
          "front_female": null,
          "front_shiny": null,
          "front_shiny_female": null
        },
        "x-y": {
          "front_default": null,
          "front_female": null,
          "front_shiny": null,
          "front_shiny_female": null
        }
      },
      "generation-vii": {
        "icons": {
          "front_default": "https://raw.githubusercontent.com/PokeAPI/sprites/master/sprites/pokemon/versions/generation-vii/icons/741-pau.png",
          "front_female": null
        },
        "ultra-sun-ultra-moon": {
          "front_default": "https://raw.githubusercontent.com/PokeAPI/sprites/master/sprites/pokemon/versions/generation-vii/ultra-sun-ultra-moon/741-pau.png",
          "front_female": null,
          "front_shiny": "https://raw.githubusercontent.com/PokeAPI/sprites/master/sprites/pokemon/versions/generation-vii/ultra-sun-ultra-moon/shiny/741-pau.png",
          "front_shiny_female": null
        }
      },
      "generation-viii": {
        "brilliant-diamond-shining-pearl": {
          "front_default": null,
          "front_female": null
        },
        "icons": {
          "front_default": "https://raw.githubusercontent.com/PokeAPI/sprites/master/sprites/pokemon/versions/generation-viii/icons/741-pau.png",
          "front_female": null
        }
      }
    }
  },
  "stats": [
    {
      "base_stat": 75,
      "effort": 0,
      "stat": {
        "name": "hp",
        "url": "https://pokeapi.co/api/v2/stat/1/"
      }
    },
    {
      "base_stat": 70,
      "effort": 0,
      "stat": {
        "name": "attack",
        "url": "https://pokeapi.co/api/v2/stat/2/"
      }
    },
    {
      "base_stat": 70,
      "effort": 0,
      "stat": {
        "name": "defense",
        "url": "https://pokeapi.co/api/v2/stat/3/"
      }
    },
    {
      "base_stat": 98,
      "effort": 2,
      "stat": {
        "name": "special-attack",
        "url": "https://pokeapi.co/api/v2/stat/4/"
      }
    },
    {
      "base_stat": 70,
      "effort": 0,
      "stat": {
        "name": "special-defense",
        "url": "https://pokeapi.co/api/v2/stat/5/"
      }
    },
    {
      "base_stat": 93,
      "effort": 0,
      "stat": {
        "name": "speed",
        "url": "https://pokeapi.co/api/v2/stat/6/"
      }
    }
  ],
  "types": [
    {
      "slot": 1,
      "type": {
        "name": "psychic",
        "url": "https://pokeapi.co/api/v2/type/14/"
      }
    },
    {
      "slot": 2,
      "type": {
        "name": "flying",
        "url": "https://pokeapi.co/api/v2/type/3/"
      }
    }
  ],
  "weight": 34
}