{"id": 221, "name": "piloswine", "types": [{"slot": 1, "type": {"name": "ice", "url": "https://pokeapi.co/api/v2/type/15/"}}, {"slot": 2, "type": {"name": "ground", "url": "https://pokeapi.co/api/v2/type/5/"}}], "stats": [{"base_stat": 100, "effort": 1, "stat": {"name": "hp", "url": "https://pokeapi.co/api/v2/stat/1/"}}, {"base_stat": 100, "effort": 1, "stat": {"name": "attack", "url": "https://pokeapi.co/api/v2/stat/2/"}}, {"base_stat": 80, "effort": 0, "stat": {"name": "defense", "url": "https://pokeapi.co/api/v2/stat/3/"}}, {"base_stat": 60, "effort": 0, "stat": {"name": "special-attack", "url": "https://pokeapi.co/api/v2/stat/4/"}}, {"base_stat": 60, "effort": 0, "stat": {"name": "special-defense", "url": "https://pokeapi.co/api/v2/stat/5/"}}, {"base_stat": 50, "effort": 0, "stat": {"name": "speed", "url": "https://pokeapi.co/api/v2/stat/6/"}}], "abilities": [{"ability": {"name": "oblivious", "url": "https://pokeapi.co/api/v2/ability/12/"}, "is_hidden": false, "slot": 1}, {"ability": {"name": "snow-cloak", "url": "https://pokeapi.co/api/v2/ability/81/"}, "is_hidden": false, "slot": 2}, {"ability": {"name": "thick-fat", "url": "https://pokeapi.co/api/v2/ability/47/"}, "is_hidden": true, "slot": 3}], "sprites": {"front_default": "https://raw.githubusercontent.com/PokeAPI/sprites/master/sprites/pokemon/221.png"}, "moves": [{"move": {"name": "headbutt"}, "earliest_level": null}, {"move": {"name": "horn-attack"}, "earliest_level": 1}, {"move": {"name": "fury-attack"}, "earliest_level": 1}, {"move": {"name": "tackle"}, "earliest_level": 1}, {"move": {"name": "body-slam"}, "earliest_level": null}, {"move": {"name": "take-down"}, "earliest_level": 28}, {"move": {"name": "thrash"}, "earliest_level": 41}, {"move": {"name": "double-edge"}, "earliest_level": 52}, {"move": {"name": "bite"}, "earliest_level": null}, {"move": {"name": "roar"}, "earliest_level": null}, {"move": {"name": "mist"}, "earliest_level": 20}, {"move": {"name": "ice-beam"}, "earliest_level": null}, {"move": {"name": "blizzard"}, "earliest_level": 43}, {"move": {"name": "hyper-beam"}, "earliest_level": null}, {"move": {"name": "peck"}, "earliest_level": 1}, {"move": {"name": "strength"}, "earliest_level": null}, {"move": {"name": "earthquake"}, "earliest_level": 40}, {"move": {"name": "fissure"}, "earliest_level": null}, {"move": {"name": "dig"}, "earliest_level": null}, {"move": {"name": "toxic"}, "earliest_level": null}, {"move": {"name": "mimic"}, "earliest_level": null}, {"move": {"name": "double-team"}, "earliest_level": null}, {"move": {"name": "defense-curl"}, "earliest_level": null}, {"move": {"name": "light-screen"}, "earliest_level": null}, {"move": {"name": "haze"}, "earliest_level": null}, {"move": {"name": "reflect"}, "earliest_level": null}, {"move": {"name": "amnesia"}, "earliest_level": 37}, {"move": {"name": "rest"}, "earliest_level": null}, {"move": {"name": "rock-slide"}, "earliest_level": null}, {"move": {"name": "substitute"}, "earliest_level": null}, {"move": {"name": "snore"}, "earliest_level": null}, {"move": {"name": "curse"}, "earliest_level": null}, {"move": {"name": "flail"}, "earliest_level": 1}, {"move": {"name": "reversal"}, "earliest_level": null}, {"move": {"name": "powder-snow"}, "earliest_level": 1}, {"move": {"name": "protect"}, "earliest_level": null}, {"move": {"name": "scary-face"}, "earliest_level": null}, {"move": {"name": "mud-slap"}, "earliest_level": 1}, {"move": {"name": "icy-wind"}, "earliest_level": 21}, {"move": {"name": "detect"}, "earliest_level": null}, {"move": {"name": "sandstorm"}, "earliest_level": null}, {"move": {"name": "endure"}, "earliest_level": 1}, {"move": {"name": "charm"}, "earliest_level": null}, {"move": {"name": "swagger"}, "earliest_level": null}, {"move": {"name": "attract"}, "earliest_level": null}, {"move": {"name": "sleep-talk"}, "earliest_level": null}, {"move": {"name": "return"}, "earliest_level": null}, {"move": {"name": "frustration"}, "earliest_level": null}, {"move": {"name": "hidden-power"}, "earliest_level": null}, {"move": {"name": "rain-dance"}, "earliest_level": null}, {"move": {"name": "ancient-power"}, "earliest_level": 1}, {"move": {"name": "rock-smash"}, "earliest_level": null}, {"move": {"name": "hail"}, "earliest_level": null}, {"move": {"name": "facade"}, "earliest_level": null}, {"move": {"name": "superpower"}, "earliest_level": null}, {"move": {"name": "endeavor"}, "earliest_level": null}, {"move": {"name": "secret-power"}, "earliest_level": null}, {"move": {"name": "mud-sport"}, "earliest_level": 1}, {"move": {"name": "odor-sleuth"}, "earliest_level": 1}, {"move": {"name": "rock-tomb"}, "earliest_level": null}, {"move": {"name": "sand-tomb"}, "earliest_level": null}, {"move": {"name": "icicle-spear"}, "earliest_level": null}, {"move": {"name": "mud-shot"}, "earliest_level": null}, {"move": {"name": "natural-gift"}, "earliest_level": null}, {"move": {"name": "earth-power"}, "earliest_level": null}, {"move": {"name": "giga-impact"}, "earliest_level": null}, {"move": {"name": "avalanche"}, "earliest_level": null}, {"move": {"name": "ice-shard"}, "earliest_level": 6}, {"move": {"name": "ice-fang"}, "earliest_level": 1}, {"move": {"name": "mud-bomb"}, "earliest_level": 18}, {"move": {"name": "stone-edge"}, "earliest_level": null}, {"move": {"name": "captivate"}, "earliest_level": null}, {"move": {"name": "stealth-rock"}, "earliest_level": null}, {"move": {"name": "smack-down"}, "earliest_level": null}, {"move": {"name": "round"}, "earliest_level": null}, {"move": {"name": "bulldoze"}, "earliest_level": 11}, {"move": {"name": "icicle-crash"}, "earliest_level": 18}, {"move": {"name": "freeze-dry"}, "earliest_level": null}, {"move": {"name": "confide"}, "earliest_level": null}, {"move": {"name": "high-horsepower"}, "earliest_level": 25}, {"move": {"name": "throat-chop"}, "earliest_level": null}, {"move": {"name": "stomping-tantrum"}, "earliest_level": null}, {"move": {"name": "tera-blast"}, "earliest_level": null}, {"move": {"name": "snowscape"}, "earliest_level": null}, {"move": {"name": "trailblaze"}, "earliest_level": null}], "species": {"url": "https://pokeapi.co/api/v2/pokemon-species/221/"}, "height": 11, "weight": 558}