{
  "base_happiness": 70,
  "capture_rate": 45,
  "color": {
    "name": "red",
    "url": "https://pokeapi.co/api/v2/pokemon-color/8/"
  },
  "egg_groups": [
    {
      "name": "ground",
      "url": "https://pokeapi.co/api/v2/egg-group/5/"
    }
  ],
  "evolution_chain": {
    "url": "https://pokeapi.co/api/v2/evolution-chain/131/"
  },
  "evolves_from_species": {
    "name": "combusken",
    "url": "https://pokeapi.co/api/v2/pokemon-species/256/"
  },
  "flavor_text_entries": [
    {
      "flavor_text": "In battle, BLAZIKEN blows out intense\nflames from its wrists and attacks foes\ncourageously.\fThe stronger the foe, the more\nintensely this POK\u00e9MON\u2019s wrists burn.",
      "language": {
        "name": "en",
        "url": "https://pokeapi.co/api/v2/language/9/"
      },
      "version": {
        "name": "ruby",
        "url": "https://pokeapi.co/api/v2/version/7/"
      }
    },
    {
      "flavor_text": "BLAZIKEN has incredibly strong legs -\nit can easily clear a 30-story building\nin one leap.\fThis POK\u00e9MON\u2019s blazing punches leave\nits foes scorched and blackened.",
      "language": {
        "name": "en",
        "url": "https://pokeapi.co/api/v2/language/9/"
      },
      "version": {
        "name": "sapphire",
        "url": "https://pokeapi.co/api/v2/version/8/"
      }
    },
    {
      "flavor_text": "It learns martial arts that use punches\nand kicks. Every several years, its old\nfeathers burn off, and new, supple\nfeathers grow back in their place.",
      "language": {
        "name": "en",
        "url": "https://pokeapi.co/api/v2/language/9/"
      },
      "version": {
        "name": "emerald",
        "url": "https://pokeapi.co/api/v2/version/9/"
      }
    },
    {
      "flavor_text": "When facing a tough foe, it looses flames\nfrom its wrists. Its powerful legs let it\njump clear over buildings.",
      "language": {
        "name": "en",
        "url": "https://pokeapi.co/api/v2/language/9/"
      },
      "version": {
        "name": "firered",
        "url": "https://pokeapi.co/api/v2/version/10/"
      }
    },
    {
      "flavor_text": "When facing a tough foe, it looses flames\nfrom its wrists. Its powerful legs let it\njump clear over buildings.",
      "language": {
        "name": "en",
        "url": "https://pokeapi.co/api/v2/language/9/"
      },
      "version": {
        "name": "leafgreen",
        "url": "https://pokeapi.co/api/v2/version/11/"
      }
    },
    {
      "flavor_text": "Flames spout from its wrists,\nenveloping its knuckles. Its\npunches scorch its foes.",
      "language": {
        "name": "en",
        "url": "https://pokeapi.co/api/v2/language/9/"
      },
      "version": {
        "name": "diamond",
        "url": "https://pokeapi.co/api/v2/version/12/"
      }
    },
    {
      "flavor_text": "Flames spout from its wrists,\nenveloping its knuckles. Its\npunches scorch its foes.",
      "language": {
        "name": "en",
        "url": "https://pokeapi.co/api/v2/language/9/"
      },
      "version": {
        "name": "pearl",
        "url": "https://pokeapi.co/api/v2/version/13/"
      }
    },
    {
      "flavor_text": "Flames spout from its wrists,\nenveloping its knuckles. Its\npunches scorch its foes.",
      "language": {
        "name": "en",
        "url": "https://pokeapi.co/api/v2/language/9/"
      },
      "version": {
        "name": "platinum",
        "url": "https://pokeapi.co/api/v2/version/14/"
      }
    },
    {
      "flavor_text": "It can clear a 30-story building\nin a leap. Its fiery punches scorch\nits foes.",
      "language": {
        "name": "en",
        "url": "https://pokeapi.co/api/v2/language/9/"
      },
      "version": {
        "name": "heartgold",
        "url": "https://pokeapi.co/api/v2/version/15/"
      }
    },
    {
      "flavor_text": "It can clear a 30-story building\nin a leap. Its fiery punches scorch\nits foes.",
      "language": {
        "name": "en",
        "url": "https://pokeapi.co/api/v2/language/9/"
      },
      "version": {
        "name": "soulsilver",
        "url": "https://pokeapi.co/api/v2/version/16/"
      }
    },
    {
      "flavor_text": "Des flammes fusent de ses\npoignets et ses coups br\u00fblent\nl\u2019ennemi.",
      "language": {
        "name": "fr",
        "url": "https://pokeapi.co/api/v2/language/5/"
      },
      "version": {
        "name": "black",
        "url": "https://pokeapi.co/api/v2/version/17/"
      }
    },
    {
      "flavor_text": "Flames spout from its wrists,\nenveloping its knuckles. Its\npunches scorch its foes.",
      "language": {
        "name": "en",
        "url": "https://pokeapi.co/api/v2/language/9/"
      },
      "version": {
        "name": "black",
        "url": "https://pokeapi.co/api/v2/version/17/"
      }
    },
    {
      "flavor_text": "Des flammes fusent de ses\npoignets et ses coups br\u00fblent\nl\u2019ennemi.",
      "language": {
        "name": "fr",
        "url": "https://pokeapi.co/api/v2/language/5/"
      },
      "version": {
        "name": "white",
        "url": "https://pokeapi.co/api/v2/version/18/"
      }
    },
    {
      "flavor_text": "Flames spout from its wrists,\nenveloping its knuckles. Its\npunches scorch its foes.",
      "language": {
        "name": "en",
        "url": "https://pokeapi.co/api/v2/language/9/"
      },
      "version": {
        "name": "white",
        "url": "https://pokeapi.co/api/v2/version/18/"
      }
    },
    {
      "flavor_text": "Flames spout from its wrists,\nenveloping its knuckles. Its\npunches scorch its foes.",
      "language": {
        "name": "en",
        "url": "https://pokeapi.co/api/v2/language/9/"
      },
      "version": {
        "name": "black-2",
        "url": "https://pokeapi.co/api/v2/version/21/"
      }
    },
    {
      "flavor_text": "Flames spout from its wrists,\nenveloping its knuckles. Its\npunches scorch its foes.",
      "language": {
        "name": "en",
        "url": "https://pokeapi.co/api/v2/language/9/"
      },
      "version": {
        "name": "white-2",
        "url": "https://pokeapi.co/api/v2/version/22/"
      }
    },
    {
      "flavor_text": "\uff13\uff10\u304b\u3044\u3060\u3066\u306e\u3000\u30d3\u30eb\u3092\u3000\u30b8\u30e3\u30f3\u30d7\u3067\n\u3068\u3073\u3053\u3059\u3000\u3061\u3087\u3046\u3084\u304f\u308a\u3087\u304f\u3002\u307b\u306e\u304a\u306e\n\u30d1\u30f3\u30c1\u304c\u3000\u3042\u3044\u3066\u3092\u3000\u3084\u304d\u3064\u304f\u3059\u3002",
      "language": {
        "name": "ja-Hrkt",
        "url": "https://pokeapi.co/api/v2/language/1/"
      },
      "version": {
        "name": "x",
        "url": "https://pokeapi.co/api/v2/version/23/"
      }
    },
    {
      "flavor_text": "30\uce35 \ube4c\ub529\uc744 \uc810\ud504\ub85c\n\ub118\ub294 \uc810\ud504\ub825\uc744 \uac00\uc84c\ub2e4.\n\ubd88\uaf43\ud380\uce58\uac00 \uc0c1\ub300\ub97c \ud0dc\uc6b4\ub2e4.",
      "language": {
        "name": "ko",
        "url": "https://pokeapi.co/api/v2/language/3/"
      },
      "version": {
        "name": "x",
        "url": "https://pokeapi.co/api/v2/version/23/"
      }
    },
    {
      "flavor_text": "Il peut bondir par-dessus un b\u00e2timent de 30 \u00e9tages.\nSes poings enflamm\u00e9s br\u00fblent ses adversaires.",
      "language": {
        "name": "fr",
        "url": "https://pokeapi.co/api/v2/language/5/"
      },
      "version": {
        "name": "x",
        "url": "https://pokeapi.co/api/v2/version/23/"
      }
    },
    {
      "flavor_text": "M\u00fchelos springt es selbst \u00fcber 30-st\u00f6ckige H\u00e4user.\nSein Feuerschlag f\u00fcgt dem Gegner Verbrennungen zu.",
      "language": {
        "name": "de",
        "url": "https://pokeapi.co/api/v2/language/6/"
      },
      "version": {
        "name": "x",
        "url": "https://pokeapi.co/api/v2/version/23/"
      }
    },
    {
      "flavor_text": "Puede saltar edificios de 30 plantas. Con sus golpes\nde fuego quema a sus rivales.",
      "language": {
        "name": "es",
        "url": "https://pokeapi.co/api/v2/language/7/"
      },
      "version": {
        "name": "x",
        "url": "https://pokeapi.co/api/v2/version/23/"
      }
    },
    {
      "flavor_text": "Riesce a superare un edificio di 30 piani con un salto.\nI suoi pugni di fuoco inceneriscono il nemico.",
      "language": {
        "name": "it",
        "url": "https://pokeapi.co/api/v2/language/8/"
      },
      "version": {
        "name": "x",
        "url": "https://pokeapi.co/api/v2/version/23/"
      }
    },
    {
      "flavor_text": "It can clear a 30-story building in a leap.\nIts fiery punches scorch its foes.",
      "language": {
        "name": "en",
        "url": "https://pokeapi.co/api/v2/language/9/"
      },
      "version": {
        "name": "x",
        "url": "https://pokeapi.co/api/v2/version/23/"
      }
    },
    {
      "flavor_text": "\uff13\uff10\u968e\u5efa\u3066\u306e\u3000\u30d3\u30eb\u3092\u3000\u30b8\u30e3\u30f3\u30d7\u3067\n\u8df3\u3073\u8d8a\u3059\u3000\u8df3\u8e8d\u529b\u3002\u708e\u306e\u3000\u30d1\u30f3\u30c1\u304c\n\u76f8\u624b\u3092\u3000\u713c\u304d\u3064\u304f\u3059\u3002",
      "language": {
        "name": "ja",
        "url": "https://pokeapi.co/api/v2/language/11/"
      },
      "version": {
        "name": "x",
        "url": "https://pokeapi.co/api/v2/version/23/"
      }
    },
    {
      "flavor_text": "\u304d\u3087\u3046\u3066\u304d\u306b\u3000\u3067\u3042\u3046\u3068\u3000\u3066\u304f\u3073\u304b\u3089\n\u307b\u306e\u304a\u3092\u3000\u3075\u304d\u3060\u3059\u3002\u30b8\u30e3\u30f3\u30d7\u3067\n\u30d3\u30eb\u3092\u3000\u3068\u3073\u3053\u3059\u3000\u304d\u3083\u304f\u308a\u3087\u304f\u3002",
      "language": {
        "name": "ja-Hrkt",
        "url": "https://pokeapi.co/api/v2/language/1/"
      },
      "version": {
        "name": "y",
        "url": "https://pokeapi.co/api/v2/version/24/"
      }
    },
    {
      "flavor_text": "\uac15\uc801\uc744 \ub9cc\ub098\uba74 \uc190\ubaa9\uc5d0\uc11c\n\ubd88\uaf43\uc744 \ub0b4\ubfdc\ub294\ub2e4. \uc810\ud504\ub85c\n\ube4c\ub529\uc744 \ub6f0\uc5b4\ub118\ub294 \ub2e4\ub9bf\uc2ec\uc744 \uac00\uc84c\ub2e4.",
      "language": {
        "name": "ko",
        "url": "https://pokeapi.co/api/v2/language/3/"
      },
      "version": {
        "name": "y",
        "url": "https://pokeapi.co/api/v2/version/24/"
      }
    },
    {
      "flavor_text": "Quand il est face \u00e0 un ennemi, il laisse s\u2019\u00e9chapper\ndes gerbes de flammes par ses poignets. Ses jambes\nlui permettent de sauter par-dessus les immeubles.",
      "language": {
        "name": "fr",
        "url": "https://pokeapi.co/api/v2/language/5/"
      },
      "version": {
        "name": "y",
        "url": "https://pokeapi.co/api/v2/version/24/"
      }
    },
    {
      "flavor_text": "Trifft es auf einen hartn\u00e4ckigen Gegner, schie\u00dfen\nFlammen aus seinen Handgelenken. Seine starken\nBeine erm\u00f6glichen ihm, \u00fcber H\u00e4user zu springen.",
      "language": {
        "name": "de",
        "url": "https://pokeapi.co/api/v2/language/6/"
      },
      "version": {
        "name": "y",
        "url": "https://pokeapi.co/api/v2/version/24/"
      }
    },
    {
      "flavor_text": "Ante un rival dif\u00edcil, expulsa llamas por las mu\u00f1ecas.\nTiene mucha fuerza en las patas; hasta puede saltar\nedificios.",
      "language": {
        "name": "es",
        "url": "https://pokeapi.co/api/v2/language/7/"
      },
      "version": {
        "name": "y",
        "url": "https://pokeapi.co/api/v2/version/24/"
      }
    },
    {
      "flavor_text": "Quando affronta un forte nemico lancia fiammate\ndai polsi. Le zampe poderose gli permettono di\nscavalcare interi palazzi.",
      "language": {
        "name": "it",
        "url": "https://pokeapi.co/api/v2/language/8/"
      },
      "version": {
        "name": "y",
        "url": "https://pokeapi.co/api/v2/version/24/"
      }
    },
    {
      "flavor_text": "When facing a tough foe, it looses flames from\nits wrists. Its powerful legs let it jump clear\nover buildings.",
      "language": {
        "name": "en",
        "url": "https://pokeapi.co/api/v2/language/9/"
      },
      "version": {
        "name": "y",
        "url": "https://pokeapi.co/api/v2/version/24/"
      }
    },
    {
      "flavor_text": "\u5f37\u6575\u306b\u3000\u51fa\u4f1a\u3046\u3068\u3000\u624b\u9996\u304b\u3089\n\u708e\u3092\u3000\u5674\u304d\u51fa\u3059\u3002\u30b8\u30e3\u30f3\u30d7\u3067\n\u30d3\u30eb\u3067\u3000\u8df3\u3073\u8d8a\u3059\u3000\u811a\u529b\u3002",
      "language": {
        "name": "ja",
        "url": "https://pokeapi.co/api/v2/language/11/"
      },
      "version": {
        "name": "y",
        "url": "https://pokeapi.co/api/v2/version/24/"
      }
    },
    {
      "flavor_text": "\u305f\u305f\u304b\u3044\u306b\u3000\u306a\u308b\u3068\u3000\u3066\u304f\u3073\u304b\u3089\u3000\u3057\u3083\u304f\u306d\u3064\u306e\n\u307b\u306e\u304a\u3092\u3000\u3075\u304d\u3042\u3052\u3000\u3086\u3046\u304b\u3093\u306b\u3000\u3044\u3069\u307f\u304b\u304b\u308b\u3002\n\u3042\u3044\u3066\u304c\u3000\u3066\u3054\u308f\u3044\u307b\u3069\u3000\u306f\u3052\u3057\u304f\u3000\u3082\u3048\u3042\u304c\u308b\u3002",
      "language": {
        "name": "ja-Hrkt",
        "url": "https://pokeapi.co/api/v2/language/1/"
      },
      "version": {
        "name": "omega-ruby",
        "url": "https://pokeapi.co/api/v2/version/25/"
      }
    },
    {
      "flavor_text": "\uc2f8\uc6b0\uac8c \ub418\uba74 \uc190\ubaa9\uc5d0\uc11c \uc791\uc5f4\ud558\ub294\n\ubd88\uaf43\uc744 \ubfdc\uc5b4 \uc62c\ub824 \uc6a9\uac10\ud788 \ub364\ubcbc\ub4e0\ub2e4.\n\uc0c1\ub300\uac00 \ubc84\uac70\uc6b8\uc218\ub85d \uac15\ub82c\ud788 \ubd88\ud0c0\uc624\ub978\ub2e4.",
      "language": {
        "name": "ko",
        "url": "https://pokeapi.co/api/v2/language/3/"
      },
      "version": {
        "name": "omega-ruby",
        "url": "https://pokeapi.co/api/v2/version/25/"
      }
    },
    {
      "flavor_text": "Au combat, Bras\u00e9gali envoie des flammes ardentes de\nses poignets. Il fait preuve d\u2019un courage exceptionnel.\nPlus l\u2019ennemi est puissant, plus les poignets de ce Pok\u00e9mon\nsont ardents.",
      "language": {
        "name": "fr",
        "url": "https://pokeapi.co/api/v2/language/5/"
      },
      "version": {
        "name": "omega-ruby",
        "url": "https://pokeapi.co/api/v2/version/25/"
      }
    },
    {
      "flavor_text": "Lohgock st\u00f6\u00dft heftige Flammen aus seinen Handgelenken\naus und greift seine Feinde mutig an. Je st\u00e4rker ein Feind ist,\ndesto st\u00e4rker lodern die Handgelenke dieses Pok\u00e9mon.",
      "language": {
        "name": "de",
        "url": "https://pokeapi.co/api/v2/language/6/"
      },
      "version": {
        "name": "omega-ruby",
        "url": "https://pokeapi.co/api/v2/version/25/"
      }
    },
    {
      "flavor_text": "En combate, Blaziken expulsa vivas llamas por las mu\u00f1ecas y\nataca al enemigo con fiereza. Cuanto m\u00e1s fuerte sea el\nenemigo, m\u00e1s intensas ser\u00e1n las llamas.",
      "language": {
        "name": "es",
        "url": "https://pokeapi.co/api/v2/language/7/"
      },
      "version": {
        "name": "omega-ruby",
        "url": "https://pokeapi.co/api/v2/version/25/"
      }
    },
    {
      "flavor_text": "In lotta Blaziken emette fiamme micidiali coi suoi pugni,\nattaccando coraggiosamente il nemico. Pi\u00f9 forte \u00e8 il nemico,\ntanto pi\u00f9 intenso \u00e8 il fuoco proveniente dai pugni.",
      "language": {
        "name": "it",
        "url": "https://pokeapi.co/api/v2/language/8/"
      },
      "version": {
        "name": "omega-ruby",
        "url": "https://pokeapi.co/api/v2/version/25/"
      }
    },
    {
      "flavor_text": "In battle, Blaziken blows out intense flames from its wrists and\nattacks foes courageously. The stronger the foe, the more\nintensely this Pok\u00e9mon\u2019s wrists burn.",
      "language": {
        "name": "en",
        "url": "https://pokeapi.co/api/v2/language/9/"
      },
      "version": {
        "name": "omega-ruby",
        "url": "https://pokeapi.co/api/v2/version/25/"
      }
    },
    {
      "flavor_text": "\u6226\u3044\u306b\u3000\u306a\u308b\u3068\u3000\u624b\u9996\u304b\u3089\u3000\u707c\u71b1\u306e\n\u708e\u3092\u3000\u5674\u304d\u4e0a\u3052\u3000\u52c7\u6562\u306b\u3000\u6311\u307f\u304b\u304b\u308b\u3001\n\u76f8\u624b\u304c\u3000\u624b\u5f37\u3044\u307b\u3069\u3000\u6fc0\u3057\u304f\u3000\u71c3\u3048\u3042\u304c\u308b\u3002",
      "language": {
        "name": "ja",
        "url": "https://pokeapi.co/api/v2/language/11/"
      },
      "version": {
        "name": "omega-ruby",
        "url": "https://pokeapi.co/api/v2/version/25/"
      }
    },
    {
      "flavor_text": "\u304d\u3087\u3046\u3058\u3093\u306a\u3000\u3042\u3057\u3053\u3057\u3092\u3000\u3082\u3061\u3000\uff13\uff10\u304b\u3044\u3000\u3060\u3066\u306e\n\u30d3\u30eb\u3082\u3000\u3089\u304f\u3089\u304f\u3000\u3068\u3073\u3053\u3059\u3000\u3053\u3068\u304c\u3000\u3067\u304d\u308b\u3002\n\u307b\u306e\u304a\u306e\u3000\u30d1\u30f3\u30c1\u3067\u3000\u3042\u3044\u3066\u3092\u3000\u304f\u308d\u3053\u3052\u306b\u3000\u3059\u308b\u3002",
      "language": {
        "name": "ja-Hrkt",
        "url": "https://pokeapi.co/api/v2/language/1/"
      },
      "version": {
        "name": "alpha-sapphire",
        "url": "https://pokeapi.co/api/v2/version/26/"
      }
    },
    {
      "flavor_text": "\uac15\uc778\ud55c \ud558\ubc18\uc2e0\uc744 \uc9c0\ub140 30\uce35\uc9dc\ub9ac\n\ube4c\ub529\ub3c4 \uac00\ubccd\uac8c \ub6f0\uc5b4\ub118\uc744 \uc218 \uc788\ub2e4.\n\ubd88\uaf43\uc758 \ud380\uce58\ub85c \uc0c1\ub300\ub97c \uc0c8\uae4c\ub9e3\uac8c \ud0dc\uc6b4\ub2e4.",
      "language": {
        "name": "ko",
        "url": "https://pokeapi.co/api/v2/language/3/"
      },
      "version": {
        "name": "alpha-sapphire",
        "url": "https://pokeapi.co/api/v2/version/26/"
      }
    },
    {
      "flavor_text": "Bras\u00e9gali a des jambes incroyablement puissantes. Il peut\nsauter par-dessus un immeuble de trente \u00e9tages. Les coups\nde poing enflamm\u00e9s de ce Pok\u00e9mon peuvent carboniser\nses ennemis.",
      "language": {
        "name": "fr",
        "url": "https://pokeapi.co/api/v2/language/5/"
      },
      "version": {
        "name": "alpha-sapphire",
        "url": "https://pokeapi.co/api/v2/version/26/"
      }
    },
    {
      "flavor_text": "Lohgock besitzt unglaublich starke Beine, mit denen\nes ein 30 Stockwerke hohes Geb\u00e4ude mit einem Sprung\n\u00fcberwinden kann. Die flammenden Schl\u00e4ge dieses\nPok\u00e9mon lassen verkohlte Gegner zur\u00fcck.",
      "language": {
        "name": "de",
        "url": "https://pokeapi.co/api/v2/language/6/"
      },
      "version": {
        "name": "alpha-sapphire",
        "url": "https://pokeapi.co/api/v2/version/26/"
      }
    },
    {
      "flavor_text": "Blaziken tiene unas piernas tan fuertes que puede saltar por\nencima de un edificio de 30 pisos con facilidad. Adem\u00e1s, da\nunos pu\u00f1etazos fulminantes que dejan al oponente\nchamuscado y lleno de tizne.",
      "language": {
        "name": "es",
        "url": "https://pokeapi.co/api/v2/language/7/"
      },
      "version": {
        "name": "alpha-sapphire",
        "url": "https://pokeapi.co/api/v2/version/26/"
      }
    },
    {
      "flavor_text": "Blaziken \u00e8 dotato di zampe molto potenti in grado di radere\nal suolo un edificio di 30 piani in un colpo solo. I suoi pugni\nfulminei lasciano il nemico ustionato e talvolta carbonizzato.",
      "language": {
        "name": "it",
        "url": "https://pokeapi.co/api/v2/language/8/"
      },
      "version": {
        "name": "alpha-sapphire",
        "url": "https://pokeapi.co/api/v2/version/26/"
      }
    },
    {
      "flavor_text": "Blaziken has incredibly strong legs\u2014it can easily clear a\n30-story building in one leap. This Pok\u00e9mon\u2019s blazing punches\nleave its foes scorched and blackened.",
      "language": {
        "name": "en",
        "url": "https://pokeapi.co/api/v2/language/9/"
      },
      "version": {
        "name": "alpha-sapphire",
        "url": "https://pokeapi.co/api/v2/version/26/"
      }
    },
    {
      "flavor_text": "\u5f37\u976d\u306a\u3000\u8db3\u8170\u3092\u3000\u6301\u3061\u3000\uff13\uff10\u968e\u3000\u5efa\u3066\u306e\n\u30d3\u30eb\u3082\u3000\u697d\u3005\u3000\u98db\u3073\u8d8a\u3059\u3000\u3053\u3068\u304c\u3000\u3067\u304d\u308b\u3002\n\u708e\u306e\u3000\u30d1\u30f3\u30c1\u3067\u3000\u76f8\u624b\u3092\u3000\u9ed2\u7126\u3052\u306b\u3000\u3059\u308b\u3002",
      "language": {
        "name": "ja",
        "url": "https://pokeapi.co/api/v2/language/11/"
      },
      "version": {
        "name": "alpha-sapphire",
        "url": "https://pokeapi.co/api/v2/version/26/"
      }
    }
  ],
  "form_descriptions": [],
  "forms_switchable": true,
  "gender_rate": 1,
  "genera": [
    {
      "genus": "\u3082\u3046\u304b\u30dd\u30b1\u30e2\u30f3",
      "language": {
        "name": "ja-Hrkt",
        "url": "https://pokeapi.co/api/v2/language/1/"
      }
    },
    {
      "genus": "\ub9f9\ud654\ud3ec\ucf13\ubaac",
      "language": {
        "name": "ko",
        "url": "https://pokeapi.co/api/v2/language/3/"
      }
    },
    {
      "genus": "\u731b\u706b\u5bf6\u53ef\u5922",
      "language": {
        "name": "zh-Hant",
        "url": "https://pokeapi.co/api/v2/language/4/"
      }
    },
    {
      "genus": "Pok\u00e9mon Ardent",
      "language": {
        "name": "fr",
        "url": "https://pokeapi.co/api/v2/language/5/"
      }
    },
    {
      "genus": "Gro\u00dfbrand-Pok\u00e9mon",
      "language": {
        "name": "de",
        "url": "https://pokeapi.co/api/v2/language/6/"
      }
    },
    {
      "genus": "Pok\u00e9mon Llameante",
      "language": {
        "name": "es",
        "url": "https://pokeapi.co/api/v2/language/7/"
      }
    },
    {
      "genus": "Pok\u00e9mon Vampe",
      "language": {
        "name": "it",
        "url": "https://pokeapi.co/api/v2/language/8/"
      }
    },
    {
      "genus": "Blaze Pok\u00e9mon",
      "language": {
        "name": "en",
        "url": "https://pokeapi.co/api/v2/language/9/"
      }
    },
    {
      "genus": "\u3082\u3046\u304b\u30dd\u30b1\u30e2\u30f3",
      "language": {
        "name": "ja",
        "url": "https://pokeapi.co/api/v2/language/11/"
      }
    },
    {
      "genus": "\u731b\u706b\u5b9d\u53ef\u68a6",
      "language": {
        "name": "zh-Hans",
        "url": "https://pokeapi.co/api/v2/language/12/"
      }
    }
  ],
  "generation": {
    "name": "generation-iii",
    "url": "https://pokeapi.co/api/v2/generation/3/"
  },
  "growth_rate": {
    "name": "medium-slow",
    "url": "https://pokeapi.co/api/v2/growth-rate/4/"
  },
  "habitat": {
    "name": "grassland",
    "url": "https://pokeapi.co/api/v2/pokemon-habitat/3/"
  },
  "has_gender_differences": true,
  "hatch_counter": 20,
  "id": 257,
  "is_baby": false,
  "is_legendary": false,
  "is_mythical": false,
  "name": "blaziken",
  "names": [
    {
      "language": {
        "name": "ja-Hrkt",
        "url": "https://pokeapi.co/api/v2/language/1/"
      },
      "name": "\u30d0\u30b7\u30e3\u30fc\u30e2"
    },
    {
      "language": {
        "name": "roomaji",
        "url": "https://pokeapi.co/api/v2/language/2/"
      },
      "name": "Bursyamo"
    },
    {
      "language": {
        "name": "ko",
        "url": "https://pokeapi.co/api/v2/language/3/"
      },
      "name": "\ubc88\uce58\ucf54"
    },
    {
      "language": {
        "name": "zh-Hant",
        "url": "https://pokeapi.co/api/v2/language/4/"
      },
      "name": "\u706b\u7130\u96de"
    },
    {
      "language": {
        "name": "fr",
        "url": "https://pokeapi.co/api/v2/language/5/"
      },
      "name": "Bras\u00e9gali"
    },
    {
      "language": {
        "name": "de",
        "url": "https://pokeapi.co/api/v2/language/6/"
      },
      "name": "Lohgock"
    },
    {
      "language": {
        "name": "es",
        "url": "https://pokeapi.co/api/v2/language/7/"
      },
      "name": "Blaziken"
    },
    {
      "language": {
        "name": "it",
        "url": "https://pokeapi.co/api/v2/language/8/"
      },
      "name": "Blaziken"
    },
    {
      "language": {
        "name": "en",
        "url": "https://pokeapi.co/api/v2/language/9/"
      },
      "name": "Blaziken"
    },
    {
      "language": {
        "name": "ja",
        "url": "https://pokeapi.co/api/v2/language/11/"
      },
      "name": "\u30d0\u30b7\u30e3\u30fc\u30e2"
    },
    {
      "language": {
        "name": "zh-Hans",
        "url": "https://pokeapi.co/api/v2/language/12/"
      },
      "name": "\u706b\u7130\u9e21"
    }
  ],
  "order": 282,
  "pal_park_encounters": [
    {
      "area": {
        "name": "field",
        "url": "https://pokeapi.co/api/v2/pal-park-area/2/"
      },
      "base_score": 90,
      "rate": 3
    }
  ],
  "pokedex_numbers": [
    {
      "entry_number": 257,
      "pokedex": {
        "name": "national",
        "url": "https://pokeapi.co/api/v2/pokedex/1/"
      }
    },
    {
      "entry_number": 6,
      "pokedex": {
        "name": "hoenn",
        "url": "https://pokeapi.co/api/v2/pokedex/4/"
      }
    },
    {
      "entry_number": 6,
      "pokedex": {
        "name": "updated-hoenn",
        "url": "https://pokeapi.co/api/v2/pokedex/15/"
      }
    },
    {
      "entry_number": 187,
      "pokedex": {
        "name": "blueberry",
        "url": "https://pokeapi.co/api/v2/pokedex/33/"
      }
    },
    {
      "entry_number": 44,
      "pokedex": {
        "name": "hyperspace",
        "url": "https://pokeapi.co/api/v2/pokedex/35/"
      }
    }
  ],
  "shape": {
    "name": "upright",
    "url": "https://pokeapi.co/api/v2/pokemon-shape/6/"
  },
  "varieties": [
    {
      "is_default": true,
      "pokemon": {
        "name": "blaziken",
        "url": "https://pokeapi.co/api/v2/pokemon/257/"
      }
    },
    {
      "is_default": false,
      "pokemon": {
        "name": "blaziken-mega",
        "url": "https://pokeapi.co/api/v2/pokemon/10050/"
      }
    }
  ]
}