{"id": 511, "name": "pansage", "types": [{"slot": 1, "type": {"name": "grass", "url": "https://pokeapi.co/api/v2/type/12/"}}], "stats": [{"base_stat": 50, "effort": 0, "stat": {"name": "hp", "url": "https://pokeapi.co/api/v2/stat/1/"}}, {"base_stat": 53, "effort": 0, "stat": {"name": "attack", "url": "https://pokeapi.co/api/v2/stat/2/"}}, {"base_stat": 48, "effort": 0, "stat": {"name": "defense", "url": "https://pokeapi.co/api/v2/stat/3/"}}, {"base_stat": 53, "effort": 0, "stat": {"name": "special-attack", "url": "https://pokeapi.co/api/v2/stat/4/"}}, {"base_stat": 48, "effort": 0, "stat": {"name": "special-defense", "url": "https://pokeapi.co/api/v2/stat/5/"}}, {"base_stat": 64, "effort": 1, "stat": {"name": "speed", "url": "https://pokeapi.co/api/v2/stat/6/"}}], "abilities": [{"ability": {"name": "gluttony", "url": "https://pokeapi.co/api/v2/ability/82/"}, "is_hidden": false, "slot": 1}, {"ability": {"name": "overgrow", "url": "https://pokeapi.co/api/v2/ability/65/"}, "is_hidden": true, "slot": 3}], "sprites": {"front_default": "https://raw.githubusercontent.com/PokeAPI/sprites/master/sprites/pokemon/511.png"}, "moves": [{"move": {"name": "scratch"}, "earliest_level": 1}, {"move": {"name": "cut"}, "earliest_level": null}, {"move": {"name": "vine-whip"}, "earliest_level": 10}, {"move": {"name": "leer"}, "earliest_level": 4}, {"move": {"name": "bite"}, "earliest_level": 19}, {"move": {"name": "low-kick"}, "earliest_level": null}, {"move": {"name": "leech-seed"}, "earliest_level": 16}, {"move": {"name": "solar-beam"}, "earliest_level": null}, {"move": {"name": "dig"}, "earliest_level": null}, {"move": {"name": "toxic"}, "earliest_level": null}, {"move": {"name": "double-team"}, "earliest_level": null}, {"move": {"name": "lick"}, "earliest_level": 7}, {"move": {"name": "flash"}, "earliest_level": null}, {"move": {"name": "fury-swipes"}, "earliest_level": 13}, {"move": {"name": "rest"}, "earliest_level": null}, {"move": {"name": "substitute"}, "earliest_level": null}, {"move": {"name": "thief"}, "earliest_level": null}, {"move": {"name": "snore"}, "earliest_level": null}, {"move": {"name": "protect"}, "earliest_level": null}, {"move": {"name": "giga-drain"}, "earliest_level": null}, {"move": {"name": "swagger"}, "earliest_level": null}, {"move": {"name": "attract"}, "earliest_level": null}, {"move": {"name": "sleep-talk"}, "earliest_level": null}, {"move": {"name": "return"}, "earliest_level": null}, {"move": {"name": "frustration"}, "earliest_level": null}, {"move": {"name": "iron-tail"}, "earliest_level": null}, {"move": {"name": "synthesis"}, "earliest_level": null}, {"move": {"name": "hidden-power"}, "earliest_level": null}, {"move": {"name": "sunny-day"}, "earliest_level": null}, {"move": {"name": "crunch"}, "earliest_level": 43}, {"move": {"name": "rock-smash"}, "earliest_level": null}, {"move": {"name": "uproar"}, "earliest_level": null}, {"move": {"name": "torment"}, "earliest_level": 25}, {"move": {"name": "facade"}, "earliest_level": null}, {"move": {"name": "focus-punch"}, "earliest_level": null}, {"move": {"name": "nature-power"}, "earliest_level": null}, {"move": {"name": "taunt"}, "earliest_level": null}, {"move": {"name": "helping-hand"}, "earliest_level": null}, {"move": {"name": "role-play"}, "earliest_level": null}, {"move": {"name": "recycle"}, "earliest_level": 37}, {"move": {"name": "knock-off"}, "earliest_level": null}, {"move": {"name": "endeavor"}, "earliest_level": null}, {"move": {"name": "secret-power"}, "earliest_level": null}, {"move": {"name": "astonish"}, "earliest_level": null}, {"move": {"name": "rock-tomb"}, "earliest_level": null}, {"move": {"name": "grass-whistle"}, "earliest_level": null}, {"move": {"name": "tickle"}, "earliest_level": null}, {"move": {"name": "bullet-seed"}, "earliest_level": null}, {"move": {"name": "covet"}, "earliest_level": null}, {"move": {"name": "magical-leaf"}, "earliest_level": null}, {"move": {"name": "natural-gift"}, "earliest_level": 40}, {"move": {"name": "payback"}, "earliest_level": null}, {"move": {"name": "fling"}, "earliest_level": 28}, {"move": {"name": "gastro-acid"}, "earliest_level": null}, {"move": {"name": "worry-seed"}, "earliest_level": null}, {"move": {"name": "seed-bomb"}, "earliest_level": 22}, {"move": {"name": "energy-ball"}, "earliest_level": null}, {"move": {"name": "nasty-plot"}, "earliest_level": null}, {"move": {"name": "shadow-claw"}, "earliest_level": null}, {"move": {"name": "leaf-storm"}, "earliest_level": null}, {"move": {"name": "gunk-shot"}, "earliest_level": null}, {"move": {"name": "grass-knot"}, "earliest_level": 34}, {"move": {"name": "hone-claws"}, "earliest_level": null}, {"move": {"name": "low-sweep"}, "earliest_level": null}, {"move": {"name": "round"}, "earliest_level": null}, {"move": {"name": "acrobatics"}, "earliest_level": 31}, {"move": {"name": "grass-pledge"}, "earliest_level": null}, {"move": {"name": "work-up"}, "earliest_level": null}, {"move": {"name": "disarming-voice"}, "earliest_level": null}, {"move": {"name": "play-nice"}, "earliest_level": 1}, {"move": {"name": "confide"}, "earliest_level": null}, {"move": {"name": "spiky-shield"}, "earliest_level": null}], "species": {"url": "https://pokeapi.co/api/v2/pokemon-species/511/"}, "height": 6, "weight": 105}