{
  "base_happiness": 70,
  "capture_rate": 120,
  "color": {
    "name": "blue",
    "url": "https://pokeapi.co/api/v2/pokemon-color/2/"
  },
  "egg_groups": [
    {
      "name": "water1",
      "url": "https://pokeapi.co/api/v2/egg-group/2/"
    }
  ],
  "evolution_chain": {
    "url": "https://pokeapi.co/api/v2/evolution-chain/26/"
  },
  "evolves_from_species": {
    "name": "poliwag",
    "url": "https://pokeapi.co/api/v2/pokemon-species/60/"
  },
  "flavor_text_entries": [
    {
      "flavor_text": "Capable of living\nin or out of\nwater. When out\fof water, it\nsweats to keep\nits body slimy.",
      "language": {
        "name": "en",
        "url": "https://pokeapi.co/api/v2/language/9/"
      },
      "version": {
        "name": "red",
        "url": "https://pokeapi.co/api/v2/version/1/"
      }
    },
    {
      "flavor_text": "Capable of living\nin or out of\nwater. When out\fof water, it\nsweats to keep\nits body slimy.",
      "language": {
        "name": "en",
        "url": "https://pokeapi.co/api/v2/language/9/"
      },
      "version": {
        "name": "blue",
        "url": "https://pokeapi.co/api/v2/version/2/"
      }
    },
    {
      "flavor_text": "Under attack, it\nuses its belly \nspiral to put the\ffoe to sleep. It\nthen makes its\nescape.",
      "language": {
        "name": "en",
        "url": "https://pokeapi.co/api/v2/language/9/"
      },
      "version": {
        "name": "yellow",
        "url": "https://pokeapi.co/api/v2/version/3/"
      }
    },
    {
      "flavor_text": "The swirl on its\nbelly subtly un\u00ad\ndulates. Staring\fat it may gradual\u00ad\nly cause drowsi\u00ad\nness.",
      "language": {
        "name": "en",
        "url": "https://pokeapi.co/api/v2/language/9/"
      },
      "version": {
        "name": "gold",
        "url": "https://pokeapi.co/api/v2/version/4/"
      }
    },
    {
      "flavor_text": "The skin on most\nof its body is\nmoist. However,\fthe skin on its\nbelly spiral feels\nsmooth.",
      "language": {
        "name": "en",
        "url": "https://pokeapi.co/api/v2/language/9/"
      },
      "version": {
        "name": "silver",
        "url": "https://pokeapi.co/api/v2/version/5/"
      }
    },
    {
      "flavor_text": "Though it is\nskilled at walk\u00ad\ning, it prefers to\flive underwater\nwhere there is\nless danger.",
      "language": {
        "name": "en",
        "url": "https://pokeapi.co/api/v2/language/9/"
      },
      "version": {
        "name": "crystal",
        "url": "https://pokeapi.co/api/v2/version/6/"
      }
    },
    {
      "flavor_text": "The surface of POLIWHIRL\u2019s body is\nalways wet and slick with an oily fluid.\nBecause of this greasy covering, it can\feasily slip and slide out of the clutches\nof any enemy in battle.",
      "language": {
        "name": "en",
        "url": "https://pokeapi.co/api/v2/language/9/"
      },
      "version": {
        "name": "ruby",
        "url": "https://pokeapi.co/api/v2/version/7/"
      }
    },
    {
      "flavor_text": "The surface of POLIWHIRL\u2019s body is\nalways wet and slick with an oily fluid.\nBecause of this greasy covering, it can\feasily slip and slide out of the clutches\nof any enemy in battle.",
      "language": {
        "name": "en",
        "url": "https://pokeapi.co/api/v2/language/9/"
      },
      "version": {
        "name": "sapphire",
        "url": "https://pokeapi.co/api/v2/version/8/"
      }
    },
    {
      "flavor_text": "Its body surface is always wet and slick\nwith an oily fluid. Because of this greasy\ncovering, it can easily slip and slide out\nof the clutches of any enemy in battle.",
      "language": {
        "name": "en",
        "url": "https://pokeapi.co/api/v2/language/9/"
      },
      "version": {
        "name": "emerald",
        "url": "https://pokeapi.co/api/v2/version/9/"
      }
    },
    {
      "flavor_text": "Its two legs are well developed.\nEven though it can live on the ground,\nit prefers living in water.",
      "language": {
        "name": "en",
        "url": "https://pokeapi.co/api/v2/language/9/"
      },
      "version": {
        "name": "firered",
        "url": "https://pokeapi.co/api/v2/version/10/"
      }
    },
    {
      "flavor_text": "It can live in or out of water. When out\nof water, it constantly sweats to keep its\nbody slimy.",
      "language": {
        "name": "en",
        "url": "https://pokeapi.co/api/v2/language/9/"
      },
      "version": {
        "name": "leafgreen",
        "url": "https://pokeapi.co/api/v2/version/11/"
      }
    },
    {
      "flavor_text": "The spiral pattern on its belly\nsubtly undulates. Staring at it\ngradually causes drowsiness.",
      "language": {
        "name": "en",
        "url": "https://pokeapi.co/api/v2/language/9/"
      },
      "version": {
        "name": "diamond",
        "url": "https://pokeapi.co/api/v2/version/12/"
      }
    },
    {
      "flavor_text": "The spiral pattern on its belly\nsubtly undulates. Staring at it\ngradually causes drowsiness.",
      "language": {
        "name": "en",
        "url": "https://pokeapi.co/api/v2/language/9/"
      },
      "version": {
        "name": "pearl",
        "url": "https://pokeapi.co/api/v2/version/13/"
      }
    },
    {
      "flavor_text": "The spiral pattern on its belly\nsubtly undulates. Staring at it\ngradually causes drowsiness.",
      "language": {
        "name": "en",
        "url": "https://pokeapi.co/api/v2/language/9/"
      },
      "version": {
        "name": "platinum",
        "url": "https://pokeapi.co/api/v2/version/14/"
      }
    },
    {
      "flavor_text": "The swirl on its belly subtly undulates.\nStaring at it may gradually\ncause drowsiness.",
      "language": {
        "name": "en",
        "url": "https://pokeapi.co/api/v2/language/9/"
      },
      "version": {
        "name": "heartgold",
        "url": "https://pokeapi.co/api/v2/version/15/"
      }
    },
    {
      "flavor_text": "The skin on most of its body is\nmoist. However, the skin on its\nbelly spiral feels smooth.",
      "language": {
        "name": "en",
        "url": "https://pokeapi.co/api/v2/language/9/"
      },
      "version": {
        "name": "soulsilver",
        "url": "https://pokeapi.co/api/v2/version/16/"
      }
    },
    {
      "flavor_text": "La spirale qui orne son ventre ondule\ndoucement. Celui qui la fixe est saisi\nd\u2019une \u00e9trange torpeur.",
      "language": {
        "name": "fr",
        "url": "https://pokeapi.co/api/v2/language/5/"
      },
      "version": {
        "name": "black",
        "url": "https://pokeapi.co/api/v2/version/17/"
      }
    },
    {
      "flavor_text": "The spiral pattern on its belly\nsubtly undulates. Staring at it\ngradually causes drowsiness.",
      "language": {
        "name": "en",
        "url": "https://pokeapi.co/api/v2/language/9/"
      },
      "version": {
        "name": "black",
        "url": "https://pokeapi.co/api/v2/version/17/"
      }
    },
    {
      "flavor_text": "La spirale qui orne son ventre ondule\ndoucement. Celui qui la fixe est saisi\nd\u2019une \u00e9trange torpeur.",
      "language": {
        "name": "fr",
        "url": "https://pokeapi.co/api/v2/language/5/"
      },
      "version": {
        "name": "white",
        "url": "https://pokeapi.co/api/v2/version/18/"
      }
    },
    {
      "flavor_text": "The spiral pattern on its belly\nsubtly undulates. Staring at it\ngradually causes drowsiness.",
      "language": {
        "name": "en",
        "url": "https://pokeapi.co/api/v2/language/9/"
      },
      "version": {
        "name": "white",
        "url": "https://pokeapi.co/api/v2/version/18/"
      }
    },
    {
      "flavor_text": "The spiral pattern on its belly\nsubtly undulates. Staring at it\ngradually causes drowsiness.",
      "language": {
        "name": "en",
        "url": "https://pokeapi.co/api/v2/language/9/"
      },
      "version": {
        "name": "black-2",
        "url": "https://pokeapi.co/api/v2/version/21/"
      }
    },
    {
      "flavor_text": "The spiral pattern on its belly\nsubtly undulates. Staring at it\ngradually causes drowsiness.",
      "language": {
        "name": "en",
        "url": "https://pokeapi.co/api/v2/language/9/"
      },
      "version": {
        "name": "white-2",
        "url": "https://pokeapi.co/api/v2/version/22/"
      }
    },
    {
      "flavor_text": "\u308a\u304f\u3067\u3082\u3000\u3059\u3044\u3061\u3085\u3046\u3067\u3082\u3000\u304f\u3089\u305b\u308b\u3002\n\u3061\u3058\u3087\u3046\u3067\u306f\u3000\u3044\u3064\u3082\u3000\u3042\u305b\u3092\u304b\u304d\n\u3072\u3075\u3092\u3000\u306c\u3081\u306c\u3081\u3000\u3055\u305b\u3066\u3044\u308b\u3002",
      "language": {
        "name": "ja-Hrkt",
        "url": "https://pokeapi.co/api/v2/language/1/"
      },
      "version": {
        "name": "x",
        "url": "https://pokeapi.co/api/v2/version/23/"
      }
    },
    {
      "flavor_text": "\uc721\uc9c0\uc5d0\uc11c\ub3c4 \uc218\uc911\uc5d0\uc11c\ub3c4 \uc0b4 \uc218 \uc788\ub2e4.\n\uc9c0\uc0c1\uc5d0\uc11c\ub294 \ud56d\uc0c1 \ub540\uc744 \ud758\ub824\uc11c\n\ud53c\ubd80\ub97c \ubbf8\ub04c\ubbf8\ub04c\ud558\uac8c \ud558\uace0 \uc788\ub2e4.",
      "language": {
        "name": "ko",
        "url": "https://pokeapi.co/api/v2/language/3/"
      },
      "version": {
        "name": "x",
        "url": "https://pokeapi.co/api/v2/version/23/"
      }
    },
    {
      "flavor_text": "Ce Pok\u00e9mon amphibie transpire continuellement\nquand il est hors de l\u2019eau afin d\u2019hydrater son corps.",
      "language": {
        "name": "fr",
        "url": "https://pokeapi.co/api/v2/language/5/"
      },
      "version": {
        "name": "x",
        "url": "https://pokeapi.co/api/v2/version/23/"
      }
    },
    {
      "flavor_text": "Dieses Pok\u00e9mon kann im Wasser und auch an Land\nleben. An Land schwitzt es sich den K\u00f6rper nass.",
      "language": {
        "name": "de",
        "url": "https://pokeapi.co/api/v2/language/6/"
      },
      "version": {
        "name": "x",
        "url": "https://pokeapi.co/api/v2/version/23/"
      }
    },
    {
      "flavor_text": "Capaz de vivir dentro o fuera del agua. Fuera del agua\nsuda para mantener baboso su cuerpo.",
      "language": {
        "name": "es",
        "url": "https://pokeapi.co/api/v2/language/7/"
      },
      "version": {
        "name": "x",
        "url": "https://pokeapi.co/api/v2/version/23/"
      }
    },
    {
      "flavor_text": "Capace di vivere dentro o fuori dall\u2019acqua. Sulla\nterraferma suda per mantenere il suo corpo unto.",
      "language": {
        "name": "it",
        "url": "https://pokeapi.co/api/v2/language/8/"
      },
      "version": {
        "name": "x",
        "url": "https://pokeapi.co/api/v2/version/23/"
      }
    },
    {
      "flavor_text": "It can live in or out of water. When out of water,\nit constantly sweats to keep its body slimy.",
      "language": {
        "name": "en",
        "url": "https://pokeapi.co/api/v2/language/9/"
      },
      "version": {
        "name": "x",
        "url": "https://pokeapi.co/api/v2/version/23/"
      }
    },
    {
      "flavor_text": "\u9678\u3067\u3082\u3000\u6c34\u4e2d\u3067\u3082\u3000\u66ae\u3089\u305b\u308b\u3002\n\u5730\u4e0a\u3067\u306f\u3000\u3044\u3064\u3082\u3000\u6c57\u3092\u304b\u304d\n\u76ae\u819a\u3092\u3000\u306c\u3081\u306c\u3081\u3000\u3055\u305b\u3066\u3044\u308b\u3002",
      "language": {
        "name": "ja",
        "url": "https://pokeapi.co/api/v2/language/11/"
      },
      "version": {
        "name": "x",
        "url": "https://pokeapi.co/api/v2/version/23/"
      }
    },
    {
      "flavor_text": "\uff12\u307b\u3093\u306e\u3000\u3042\u3057\u306f\u3000\u306f\u3063\u305f\u3064\u3057\u3066\u304a\u308a\n\u3061\u3058\u3087\u3046\u3067\u3000\u304f\u3089\u305b\u308b\u306e\u306b\u3000\u306a\u305c\u304b\n\u3059\u3044\u3061\u3085\u3046\u3000\u305b\u3044\u304b\u3064\u304c\u3000\u3059\u304d\u3002",
      "language": {
        "name": "ja-Hrkt",
        "url": "https://pokeapi.co/api/v2/language/1/"
      },
      "version": {
        "name": "y",
        "url": "https://pokeapi.co/api/v2/version/24/"
      }
    },
    {
      "flavor_text": "\ub450 \ub2e4\ub9ac\uac00 \ubc1c\ub2ec\ud558\uc5ec\n\uc9c0\uc0c1\uc5d0\uc11c \uc0b4 \uc218 \uc788\ub294\ub370\ub3c4 \uc5b4\uc9f8\uc11c\uc778\uc9c0\n\uc218\uc911 \uc0dd\ud65c\uc744 \uc88b\uc544\ud55c\ub2e4.",
      "language": {
        "name": "ko",
        "url": "https://pokeapi.co/api/v2/language/3/"
      },
      "version": {
        "name": "y",
        "url": "https://pokeapi.co/api/v2/version/24/"
      }
    },
    {
      "flavor_text": "Ses deux jambes sont tr\u00e8s d\u00e9velopp\u00e9es.\nBien qu\u2019il puisse se d\u00e9placer sur la terre ferme,\nce Pok\u00e9mon pr\u00e9f\u00e8re vivre sous l\u2019eau.",
      "language": {
        "name": "fr",
        "url": "https://pokeapi.co/api/v2/language/5/"
      },
      "version": {
        "name": "y",
        "url": "https://pokeapi.co/api/v2/version/24/"
      }
    },
    {
      "flavor_text": "Seine beiden Beine sind gut entwickelt. Auch wenn\nes an Land leben kann, bevorzugt es das Leben\nim Wasser.",
      "language": {
        "name": "de",
        "url": "https://pokeapi.co/api/v2/language/6/"
      },
      "version": {
        "name": "y",
        "url": "https://pokeapi.co/api/v2/version/24/"
      }
    },
    {
      "flavor_text": "Tiene unas extremidades inferiores muy desarrolladas.\nAunque puede vivir en tierra, prefiere el medio\nacu\u00e1tico.",
      "language": {
        "name": "es",
        "url": "https://pokeapi.co/api/v2/language/7/"
      },
      "version": {
        "name": "y",
        "url": "https://pokeapi.co/api/v2/version/24/"
      }
    },
    {
      "flavor_text": "Ha arti inferiori molto sviluppati. Pu\u00f2 vivere anche\nsulla terraferma, ma preferisce l\u2019acqua.",
      "language": {
        "name": "it",
        "url": "https://pokeapi.co/api/v2/language/8/"
      },
      "version": {
        "name": "y",
        "url": "https://pokeapi.co/api/v2/version/24/"
      }
    },
    {
      "flavor_text": "Its two legs are well developed. Even though it can\nlive on the ground, it prefers living in water.",
      "language": {
        "name": "en",
        "url": "https://pokeapi.co/api/v2/language/9/"
      },
      "version": {
        "name": "y",
        "url": "https://pokeapi.co/api/v2/version/24/"
      }
    },
    {
      "flavor_text": "\uff12\u672c\u306e\u3000\u811a\u306f\u3000\u767a\u9054\u3057\u3066\u304a\u308a\n\u5730\u4e0a\u3067\u3000\u66ae\u3089\u305b\u308b\u306e\u306b\u3000\u306a\u305c\u304b\n\u6c34\u4e2d\u3000\u751f\u6d3b\u304c\u3000\u597d\u304d\u3002",
      "language": {
        "name": "ja",
        "url": "https://pokeapi.co/api/v2/language/11/"
      },
      "version": {
        "name": "y",
        "url": "https://pokeapi.co/api/v2/version/24/"
      }
    },
    {
      "flavor_text": "\u3044\u3064\u3082\u3000\u304b\u3089\u3060\u306e\u3000\u3072\u3087\u3046\u3081\u3093\u304c\u3000\u3048\u304d\u305f\u3044\u3067\n\u306c\u308b\u306c\u308b\u3000\u306c\u308c\u3066\u3044\u308b\u305f\u3081\u3000\u3066\u304d\u306b\u3000\u3064\u304b\u307e\u3063\u3066\u3082\n\u306c\u308b\u308a\u3068\u3000\u3059\u308a\u306c\u3051\u3000\u306b\u3052\u308b\u3000\u3053\u3068\u304c\u3000\u3067\u304d\u308b\u305e\u3002",
      "language": {
        "name": "ja-Hrkt",
        "url": "https://pokeapi.co/api/v2/language/1/"
      },
      "version": {
        "name": "omega-ruby",
        "url": "https://pokeapi.co/api/v2/version/25/"
      }
    },
    {
      "flavor_text": "\ud56d\uc0c1 \ubab8\uc758 \ud45c\uba74\uc774 \uc561\uccb4\ub85c \ubbf8\ub048\ubbf8\ub048\ud558\uac8c\n\uc816\uc5b4 \uc788\uc5b4\uc11c \uc801\uc5d0\uac8c \ubd99\uc7a1\ud600\ub3c4\n\ubbf8\ub044\ub369 \ube60\uc838\ub098\uc640 \ub3c4\ub9dd\uac08 \uc218 \uc788\ub2e4.",
      "language": {
        "name": "ko",
        "url": "https://pokeapi.co/api/v2/language/3/"
      },
      "version": {
        "name": "omega-ruby",
        "url": "https://pokeapi.co/api/v2/version/25/"
      }
    },
    {
      "flavor_text": "La peau de T\u00eatarte est toujours maintenue humide par\nun liquide huileux. Gr\u00e2ce \u00e0 cette protection graisseuse,\nil peut facilement se glisser hors de l\u2019\u00e9treinte de n\u2019importe\nquel ennemi.",
      "language": {
        "name": "fr",
        "url": "https://pokeapi.co/api/v2/language/5/"
      },
      "version": {
        "name": "omega-ruby",
        "url": "https://pokeapi.co/api/v2/version/25/"
      }
    },
    {
      "flavor_text": "Quaputzis K\u00f6rper ist immer feucht und glitschig. Dadurch kann\nes w\u00e4hrend eines Kampfes leicht der Umklammerung eines\nGegners entkommen.",
      "language": {
        "name": "de",
        "url": "https://pokeapi.co/api/v2/language/6/"
      },
      "version": {
        "name": "omega-ruby",
        "url": "https://pokeapi.co/api/v2/version/25/"
      }
    },
    {
      "flavor_text": "La piel de Poliwhirl est\u00e1 siempre h\u00fameda y lubricada con un\nfluido viscoso. Gracias a esta pel\u00edcula resbaladiza, puede\nescapar de las garras del enemigo, resbal\u00e1ndosele de las\nzarpas en pleno combate.",
      "language": {
        "name": "es",
        "url": "https://pokeapi.co/api/v2/language/7/"
      },
      "version": {
        "name": "omega-ruby",
        "url": "https://pokeapi.co/api/v2/version/25/"
      }
    },
    {
      "flavor_text": "La superficie del corpo di Poliwhirl \u00e8 sempre umida e unta\ndi fluido oleoso. Grazie a questa pellicola viscida, nella lotta\nriesce a sfuggire agilmente alle grinfie del nemico.",
      "language": {
        "name": "it",
        "url": "https://pokeapi.co/api/v2/language/8/"
      },
      "version": {
        "name": "omega-ruby",
        "url": "https://pokeapi.co/api/v2/version/25/"
      }
    },
    {
      "flavor_text": "The surface of Poliwhirl\u2019s body is always wet and slick with\na slimy fluid. Because of this slippery covering, it can easily\nslip and slide out of the clutches of any enemy in battle.",
      "language": {
        "name": "en",
        "url": "https://pokeapi.co/api/v2/language/9/"
      },
      "version": {
        "name": "omega-ruby",
        "url": "https://pokeapi.co/api/v2/version/25/"
      }
    },
    {
      "flavor_text": "\u3044\u3064\u3082\u3000\u4f53\u306e\u3000\u8868\u9762\u304c\u3000\u6db2\u4f53\u3067\n\u306c\u308b\u306c\u308b\u3000\u306c\u308c\u3066\u3044\u308b\u305f\u3081\u3000\u6575\u306b\u3000\u6355\u307e\u3063\u3066\u3082\n\u306c\u308b\u308a\u3068\u3000\u3059\u308a\u629c\u3051\u3000\u9003\u3052\u308b\u3000\u3053\u3068\u304c\u3000\u3067\u304d\u308b\u305e\u3002",
      "language": {
        "name": "ja",
        "url": "https://pokeapi.co/api/v2/language/11/"
      },
      "version": {
        "name": "omega-ruby",
        "url": "https://pokeapi.co/api/v2/version/25/"
      }
    },
    {
      "flavor_text": "\u3044\u3064\u3082\u3000\u304b\u3089\u3060\u306e\u3000\u3072\u3087\u3046\u3081\u3093\u304c\u3000\u3048\u304d\u305f\u3044\u3067\n\u306c\u308b\u306c\u308b\u3000\u306c\u308c\u3066\u3044\u308b\u305f\u3081\u3000\u3066\u304d\u306b\u3000\u3064\u304b\u307e\u3063\u3066\u3082\n\u306c\u308b\u308a\u3068\u3000\u3059\u308a\u306c\u3051\u3000\u306b\u3052\u308b\u3000\u3053\u3068\u304c\u3000\u3067\u304d\u308b\u305e\u3002",
      "language": {
        "name": "ja-Hrkt",
        "url": "https://pokeapi.co/api/v2/language/1/"
      },
      "version": {
        "name": "alpha-sapphire",
        "url": "https://pokeapi.co/api/v2/version/26/"
      }
    },
    {
      "flavor_text": "\ud56d\uc0c1 \ubab8\uc758 \ud45c\uba74\uc774 \uc561\uccb4\ub85c \ubbf8\ub048\ubbf8\ub048\ud558\uac8c\n\uc816\uc5b4 \uc788\uc5b4\uc11c \uc801\uc5d0\uac8c \ubd99\uc7a1\ud600\ub3c4\n\ubbf8\ub044\ub369 \ube60\uc838\ub098\uc640 \ub3c4\ub9dd\uac08 \uc218 \uc788\ub2e4.",
      "language": {
        "name": "ko",
        "url": "https://pokeapi.co/api/v2/language/3/"
      },
      "version": {
        "name": "alpha-sapphire",
        "url": "https://pokeapi.co/api/v2/version/26/"
      }
    },
    {
      "flavor_text": "La peau de T\u00eatarte est toujours maintenue humide par\nun liquide huileux. Gr\u00e2ce \u00e0 cette protection graisseuse,\nil peut facilement se glisser hors de l\u2019\u00e9treinte de n\u2019importe\nquel ennemi.",
      "language": {
        "name": "fr",
        "url": "https://pokeapi.co/api/v2/language/5/"
      },
      "version": {
        "name": "alpha-sapphire",
        "url": "https://pokeapi.co/api/v2/version/26/"
      }
    },
    {
      "flavor_text": "Quaputzis K\u00f6rper ist immer feucht und glitschig. Dadurch kann\nes w\u00e4hrend eines Kampfes leicht der Umklammerung eines\nGegners entkommen.",
      "language": {
        "name": "de",
        "url": "https://pokeapi.co/api/v2/language/6/"
      },
      "version": {
        "name": "alpha-sapphire",
        "url": "https://pokeapi.co/api/v2/version/26/"
      }
    },
    {
      "flavor_text": "La piel de Poliwhirl est\u00e1 siempre h\u00fameda y lubricada con un\nfluido viscoso. Gracias a esta pel\u00edcula resbaladiza, puede\nescapar de las garras del enemigo, resbal\u00e1ndosele de las\nzarpas en pleno combate.",
      "language": {
        "name": "es",
        "url": "https://pokeapi.co/api/v2/language/7/"
      },
      "version": {
        "name": "alpha-sapphire",
        "url": "https://pokeapi.co/api/v2/version/26/"
      }
    },
    {
      "flavor_text": "La superficie del corpo di Poliwhirl \u00e8 sempre umida e unta\ndi fluido oleoso. Grazie a questa pellicola viscida, nella lotta\nriesce a sfuggire agilmente alle grinfie del nemico.",
      "language": {
        "name": "it",
        "url": "https://pokeapi.co/api/v2/language/8/"
      },
      "version": {
        "name": "alpha-sapphire",
        "url": "https://pokeapi.co/api/v2/version/26/"
      }
    },
    {
      "flavor_text": "The surface of Poliwhirl\u2019s body is always wet and slick with\na slimy fluid. Because of this slippery covering, it can easily\nslip and slide out of the clutches of any enemy in battle.",
      "language": {
        "name": "en",
        "url": "https://pokeapi.co/api/v2/language/9/"
      },
      "version": {
        "name": "alpha-sapphire",
        "url": "https://pokeapi.co/api/v2/version/26/"
      }
    },
    {
      "flavor_text": "\u3044\u3064\u3082\u3000\u4f53\u306e\u3000\u8868\u9762\u304c\u3000\u6db2\u4f53\u3067\n\u306c\u308b\u306c\u308b\u3000\u306c\u308c\u3066\u3044\u308b\u305f\u3081\u3000\u6575\u306b\u3000\u6355\u307e\u3063\u3066\u3082\n\u306c\u308b\u308a\u3068\u3000\u3059\u308a\u629c\u3051\u3000\u9003\u3052\u308b\u3000\u3053\u3068\u304c\u3000\u3067\u304d\u308b\u305e\u3002",
      "language": {
        "name": "ja",
        "url": "https://pokeapi.co/api/v2/language/11/"
      },
      "version": {
        "name": "alpha-sapphire",
        "url": "https://pokeapi.co/api/v2/version/26/"
      }
    },
    {
      "flavor_text": "\u308a\u304f\u306e\u3046\u3048\u3067\u3082\u3000\u3075\u3064\u3046\u306b\u3000\u304f\u3089\u305b\u308b\u304c\n\u3066\u3093\u3066\u304d\u306e\u3000\u30dd\u30b1\u30e2\u30f3\u304c\u3000\u3059\u304f\u306a\u3044\u306e\u3067\n\u307f\u305a\u306e\u3000\u306a\u304b\u306e\u3000\u305b\u3044\u304b\u3064\u3092\u3000\u3053\u306e\u3080\u3002",
      "language": {
        "name": "ja-Hrkt",
        "url": "https://pokeapi.co/api/v2/language/1/"
      },
      "version": {
        "name": "sun",
        "url": "https://pokeapi.co/api/v2/version/27/"
      }
    },
    {
      "flavor_text": "\uc721\uc9c0 \uc704\uc5d0\uc11c\ub3c4 \ubb38\uc81c\uc5c6\uc774 \uc0b4 \uc218 \uc788\uc9c0\ub9cc\n\ucc9c\uc801\uc778 \ud3ec\ucf13\ubaac\uc774 \uc801\uc5b4\uc11c\n\ubb3c\uc18d \uc0dd\ud65c\uc744 \uc120\ud638\ud55c\ub2e4.",
      "language": {
        "name": "ko",
        "url": "https://pokeapi.co/api/v2/language/3/"
      },
      "version": {
        "name": "sun",
        "url": "https://pokeapi.co/api/v2/version/27/"
      }
    },
    {
      "flavor_text": "\u5373\u4f7f\u5728\u9678\u5730\u4e0a\u4e5f\u80fd\u6b63\u5e38\u751f\u6d3b\uff0c\n\u4f46\u56e0\u70ba\u5929\u6575\u8f03\u5c11\uff0c\n\u6240\u4ee5\u66f4\u559c\u6b61\u5728\u6c34\u4e2d\u751f\u6d3b\u3002",
      "language": {
        "name": "zh-Hant",
        "url": "https://pokeapi.co/api/v2/language/4/"
      },
      "version": {
        "name": "sun",
        "url": "https://pokeapi.co/api/v2/version/27/"
      }
    },
    {
      "flavor_text": "Il est capable de vivre normalement sur la terre\nferme, mais il pr\u00e9f\u00e8re vivre dans l\u2019eau, o\u00f9 il a\nbeaucoup moins de pr\u00e9dateurs naturels.",
      "language": {
        "name": "fr",
        "url": "https://pokeapi.co/api/v2/language/5/"
      },
      "version": {
        "name": "sun",
        "url": "https://pokeapi.co/api/v2/version/27/"
      }
    },
    {
      "flavor_text": "Es kann zwar auch an Land \u00fcberleben, aber\nbevorzugt das Wasser, da es dort kaum\nnat\u00fcrliche Feinde hat.",
      "language": {
        "name": "de",
        "url": "https://pokeapi.co/api/v2/language/6/"
      },
      "version": {
        "name": "sun",
        "url": "https://pokeapi.co/api/v2/version/27/"
      }
    },
    {
      "flavor_text": "Puede vivir en tierra firme perfectamente, pero\nprefiere el agua, donde encuentra menos\nenemigos naturales.",
      "language": {
        "name": "es",
        "url": "https://pokeapi.co/api/v2/language/7/"
      },
      "version": {
        "name": "sun",
        "url": "https://pokeapi.co/api/v2/version/27/"
      }
    },
    {
      "flavor_text": "Pu\u00f2 vivere anche sulla terraferma, ma preferisce\nstare in acqua, dove ha meno nemici naturali.",
      "language": {
        "name": "it",
        "url": "https://pokeapi.co/api/v2/language/8/"
      },
      "version": {
        "name": "sun",
        "url": "https://pokeapi.co/api/v2/version/27/"
      }
    },
    {
      "flavor_text": "Although it can live on land, it prefers to stay in\nthe water, where it has fewer natural enemies.",
      "language": {
        "name": "en",
        "url": "https://pokeapi.co/api/v2/language/9/"
      },
      "version": {
        "name": "sun",
        "url": "https://pokeapi.co/api/v2/version/27/"
      }
    },
    {
      "flavor_text": "\u9678\u306e\u4e0a\u3067\u3082\u3000\u666e\u901a\u306b\u3000\u66ae\u3089\u305b\u308b\u304c\n\u5929\u6575\u306e\u3000\u30dd\u30b1\u30e2\u30f3\u304c\u3000\u5c11\u306a\u3044\u306e\u3067\n\u6c34\u306e\u3000\u4e2d\u306e\u3000\u751f\u6d3b\u3092\u3000\u597d\u3080\u3002",
      "language": {
        "name": "ja",
        "url": "https://pokeapi.co/api/v2/language/11/"
      },
      "version": {
        "name": "sun",
        "url": "https://pokeapi.co/api/v2/version/27/"
      }
    },
    {
      "flavor_text": "\u5373\u4f7f\u5728\u9646\u5730\u4e0a\u4e5f\u80fd\u6b63\u5e38\u751f\u6d3b\uff0c\n\u4f46\u56e0\u4e3a\u5929\u654c\u7684\u5b9d\u53ef\u68a6\u8f83\u5c11\uff0c\n\u6240\u4ee5\u66f4\u559c\u6b22\u5728\u6c34\u4e2d\u751f\u6d3b\u3002",
      "language": {
        "name": "zh-Hans",
        "url": "https://pokeapi.co/api/v2/language/12/"
      },
      "version": {
        "name": "sun",
        "url": "https://pokeapi.co/api/v2/version/27/"
      }
    },
    {
      "flavor_text": "\u308a\u304f\u3058\u3087\u3046\u3092\u3000\u306d\u308a\u3042\u308b\u3044\u3066\n\u30a8\u30b5\u306e\u3000\u3080\u3057\u30dd\u30b1\u30e2\u30f3\u3092\u3000\u3055\u304c\u3059\u3002\n\u305f\u3079\u308b\u306e\u306f\u3000\u3042\u3093\u305c\u3093\u306a\u3000\u307f\u305a\u306e\u306a\u304b\u3002",
      "language": {
        "name": "ja-Hrkt",
        "url": "https://pokeapi.co/api/v2/language/1/"
      },
      "version": {
        "name": "moon",
        "url": "https://pokeapi.co/api/v2/version/28/"
      }
    },
    {
      "flavor_text": "\uc721\uc9c0\ub97c \ub204\ube44\uba70\n\uba39\uc774\uc778 \ubc8c\ub808\ud3ec\ucf13\ubaac\uc744 \ucc3e\ub294\ub2e4.\n\uba39\ub294 \uacf3\uc740 \uc548\uc804\ud55c \ubb3c \uc18d\uc774\ub2e4.",
      "language": {
        "name": "ko",
        "url": "https://pokeapi.co/api/v2/language/3/"
      },
      "version": {
        "name": "moon",
        "url": "https://pokeapi.co/api/v2/version/28/"
      }
    },
    {
      "flavor_text": "\u5728\u9678\u5730\u4e0a\u5230\u8655\u8d70\u8457\uff0c\n\u641c\u5c0b\u611b\u5403\u7684\u87f2\u5bf6\u53ef\u5922\uff0c\n\u7136\u5f8c\u56de\u5230\u5b89\u5168\u7684\u6c34\u4e2d\u4eab\u7528\u3002",
      "language": {
        "name": "zh-Hant",
        "url": "https://pokeapi.co/api/v2/language/4/"
      },
      "version": {
        "name": "moon",
        "url": "https://pokeapi.co/api/v2/version/28/"
      }
    },
    {
      "flavor_text": "Il patrouille sur la terre ferme \u00e0 la recherche de\nnourriture, \u00e0 savoir des Pok\u00e9mon Insecte.\nIl les mange dans l\u2019eau, o\u00f9 il est en s\u00e9curit\u00e9.",
      "language": {
        "name": "fr",
        "url": "https://pokeapi.co/api/v2/language/5/"
      },
      "version": {
        "name": "moon",
        "url": "https://pokeapi.co/api/v2/version/28/"
      }
    },
    {
      "flavor_text": "Es geht an Land, um sich auf die Suche nach\nK\u00e4fer-Pok\u00e9mon zu machen. Diese nimmt es\nals Beute mit ins Wasser, wo es sie verzehrt.",
      "language": {
        "name": "de",
        "url": "https://pokeapi.co/api/v2/language/6/"
      },
      "version": {
        "name": "moon",
        "url": "https://pokeapi.co/api/v2/version/28/"
      }
    },
    {
      "flavor_text": "Sale a la superficie en busca de Pok\u00e9mon\ninsecto que llevarse a la boca, aunque luego\nprefiere com\u00e9rselos bajo la seguridad del agua.",
      "language": {
        "name": "es",
        "url": "https://pokeapi.co/api/v2/language/7/"
      },
      "version": {
        "name": "moon",
        "url": "https://pokeapi.co/api/v2/version/28/"
      }
    },
    {
      "flavor_text": "Cammina lentamente sulla terraferma in cerca\ndi Pok\u00e9mon di tipo Coleottero di cui cibarsi.\nMangia solo in acqua, dove si sente pi\u00f9 al sicuro.",
      "language": {
        "name": "it",
        "url": "https://pokeapi.co/api/v2/language/8/"
      },
      "version": {
        "name": "moon",
        "url": "https://pokeapi.co/api/v2/version/28/"
      }
    },
    {
      "flavor_text": "It marches over the land in search of bug\nPok\u00e9mon to eat. Then it takes them underwater\nso it can dine on them where it\u2019s safe.",
      "language": {
        "name": "en",
        "url": "https://pokeapi.co/api/v2/language/9/"
      },
      "version": {
        "name": "moon",
        "url": "https://pokeapi.co/api/v2/version/28/"
      }
    },
    {
      "flavor_text": "\u9678\u4e0a\u3092\u3000\u7df4\u308a\u6b69\u3044\u3066\n\u990c\u306e\u3000\u3080\u3057\u30dd\u30b1\u30e2\u30f3\u3092\u3000\u63a2\u3059\u3002\n\u98df\u3079\u308b\u306e\u306f\u3000\u5b89\u5168\u306a\u3000\u6c34\u306e\u4e2d\u3002",
      "language": {
        "name": "ja",
        "url": "https://pokeapi.co/api/v2/language/11/"
      },
      "version": {
        "name": "moon",
        "url": "https://pokeapi.co/api/v2/version/28/"
      }
    },
    {
      "flavor_text": "\u5728\u9646\u5730\u4e0a\u56db\u5904\u6e38\u8d70\uff0c\n\u641c\u5bfb\u730e\u7269\u2014\u2014\u866b\u5b9d\u53ef\u68a6\u3002\n\u56de\u5230\u5b89\u5168\u7684\u6c34\u4e2d\u98df\u7528\u3002",
      "language": {
        "name": "zh-Hans",
        "url": "https://pokeapi.co/api/v2/language/12/"
      },
      "version": {
        "name": "moon",
        "url": "https://pokeapi.co/api/v2/version/28/"
      }
    },
    {
      "flavor_text": "\u308a\u304f\u3067\u3082\u3000\u304f\u3089\u305b\u308b\u3088\u3046\u306b\u3000\u306a\u3063\u305f\u306e\u306b\n\u3048\u3082\u306e\u306e\u3000\u3055\u304b\u306a\u30dd\u30b1\u30e2\u30f3\u304c\u3000\u304a\u304a\u3044\n\u307f\u305a\u306e\u3000\u306a\u304b\u3067\u3000\u3059\u3054\u3057\u3066\u3044\u308b\u3002",
      "language": {
        "name": "ja-Hrkt",
        "url": "https://pokeapi.co/api/v2/language/1/"
      },
      "version": {
        "name": "ultra-sun",
        "url": "https://pokeapi.co/api/v2/version/29/"
      }
    },
    {
      "flavor_text": "\uc9c0\uc0c1\uc5d0\uc11c \uc0b4 \uc218 \uc788\uac8c \ub418\uc5c8\ub294\ub370\ub3c4\n\uba39\uc774\uc778 \ubb3c\uace0\uae30\ud3ec\ucf13\ubaac\uc774 \ub9ce\uc740\n\uc218\uc911\uc5d0\uc11c \uc9c0\ub0b8\ub2e4.",
      "language": {
        "name": "ko",
        "url": "https://pokeapi.co/api/v2/language/3/"
      },
      "version": {
        "name": "ultra-sun",
        "url": "https://pokeapi.co/api/v2/version/29/"
      }
    },
    {
      "flavor_text": "\u96d6\u7136\u5df2\u7d93\u80fd\u5728\u9678\u5730\u4e0a\u751f\u6d3b\uff0c\n\u4f46\u9084\u662f\u68f2\u606f\u5728\u6709\u5927\u91cf\u9b5a\u5bf6\u53ef\u5922\n\u53ef\u4ee5\u7375\u98df\u7684\u6c34\u4e2d\u3002",
      "language": {
        "name": "zh-Hant",
        "url": "https://pokeapi.co/api/v2/language/4/"
      },
      "version": {
        "name": "ultra-sun",
        "url": "https://pokeapi.co/api/v2/version/29/"
      }
    },
    {
      "flavor_text": "Il est enfin capable de vivre sur la terre ferme,\nmais il passe le plus clair de son temps\n\u00e0 chasser dans les eaux poissonneuses.",
      "language": {
        "name": "fr",
        "url": "https://pokeapi.co/api/v2/language/5/"
      },
      "version": {
        "name": "ultra-sun",
        "url": "https://pokeapi.co/api/v2/version/29/"
      }
    },
    {
      "flavor_text": "Es hat zwar gelernt, auch an Land zu \u00fcberleben,\nh\u00e4lt sich aber trotzdem vorwiegend im Wasser\nauf, wo es nach Fisch-Pok\u00e9mon jagen kann.",
      "language": {
        "name": "de",
        "url": "https://pokeapi.co/api/v2/language/6/"
      },
      "version": {
        "name": "ultra-sun",
        "url": "https://pokeapi.co/api/v2/version/29/"
      }
    },
    {
      "flavor_text": "Puede vivir en tierra firme perfectamente, pero\nprefiere el agua, donde encuentra m\u00e1s Pok\u00e9mon\npez que le sirven de sustento.",
      "language": {
        "name": "es",
        "url": "https://pokeapi.co/api/v2/language/7/"
      },
      "version": {
        "name": "ultra-sun",
        "url": "https://pokeapi.co/api/v2/version/29/"
      }
    },
    {
      "flavor_text": "Si \u00e8 adattato anche alla terraferma, ma passa\nla maggior parte del tempo in acqua, dove trova\nmolti Pok\u00e9mon acquatici di cui cibarsi.",
      "language": {
        "name": "it",
        "url": "https://pokeapi.co/api/v2/language/8/"
      },
      "version": {
        "name": "ultra-sun",
        "url": "https://pokeapi.co/api/v2/version/29/"
      }
    },
    {
      "flavor_text": "Although it has become capable of living on\nland, it spends its time in the water, where\nits prey, fish Pok\u00e9mon, are plentiful.",
      "language": {
        "name": "en",
        "url": "https://pokeapi.co/api/v2/language/9/"
      },
      "version": {
        "name": "ultra-sun",
        "url": "https://pokeapi.co/api/v2/version/29/"
      }
    },
    {
      "flavor_text": "\u9678\u3067\u3082\u3000\u66ae\u3089\u305b\u308b\u3088\u3046\u306b\u3000\u306a\u3063\u305f\u306e\u306b\n\u7372\u7269\u306e\u3000\u3055\u304b\u306a\u30dd\u30b1\u30e2\u30f3\u304c\u3000\u591a\u3044\n\u6c34\u306e\u3000\u4e2d\u3067\u3000\u904e\u3054\u3057\u3066\u3044\u308b\u3002",
      "language": {
        "name": "ja",
        "url": "https://pokeapi.co/api/v2/language/11/"
      },
      "version": {
        "name": "ultra-sun",
        "url": "https://pokeapi.co/api/v2/version/29/"
      }
    },
    {
      "flavor_text": "\u867d\u7136\u5df2\u7ecf\u80fd\u5728\u9646\u5730\u4e0a\u751f\u6d3b\uff0c\n\u4f46\u8fd8\u662f\u6816\u606f\u5728\u6709\u5927\u91cf\n\u9c7c\u5b9d\u53ef\u68a6\u53ef\u6355\u98df\u7684\u6c34\u4e2d\u3002",
      "language": {
        "name": "zh-Hans",
        "url": "https://pokeapi.co/api/v2/language/12/"
      },
      "version": {
        "name": "ultra-sun",
        "url": "https://pokeapi.co/api/v2/version/29/"
      }
    },
    {
      "flavor_text": "\u3072\u3075\u304c\u3000\u304b\u3093\u305d\u3046\u3059\u308b\u3068\u3000\u3052\u3093\u304d\u304c\n\u306a\u304f\u306a\u3063\u3066\u3057\u307e\u3046\u306e\u3067\u3000\u3053\u307e\u3081\u306b\n\u3059\u3044\u3076\u3093\u3092\u3000\u307b\u304d\u3085\u3046\u3057\u3066\u3000\u3042\u3052\u3088\u3046\u3002",
      "language": {
        "name": "ja-Hrkt",
        "url": "https://pokeapi.co/api/v2/language/1/"
      },
      "version": {
        "name": "ultra-moon",
        "url": "https://pokeapi.co/api/v2/version/30/"
      }
    },
    {
      "flavor_text": "\ud53c\ubd80\uac00 \uac74\uc870\ud574\uc9c0\uba74\n\uae30\ub825\uc774 \uc5c6\uc5b4\uc9c0\uac8c \ub418\ubbc0\ub85c\n\ubd80\uc9c0\ub7f0\ud788 \uc218\ubd84\uc744 \ubcf4\ucda9\ud574 \uc8fc\uc790.",
      "language": {
        "name": "ko",
        "url": "https://pokeapi.co/api/v2/language/3/"
      },
      "version": {
        "name": "ultra-moon",
        "url": "https://pokeapi.co/api/v2/version/30/"
      }
    },
    {
      "flavor_text": "\u76ae\u819a\u4e00\u65e6\u4e7e\u71e5\u5c31\u6703\n\u5931\u53bb\u6d3b\u529b\uff0c\u6240\u4ee5\u8981\n\u7d93\u5e38\u5e6b\u7260\u88dc\u5145\u6c34\u5206\u3002",
      "language": {
        "name": "zh-Hant",
        "url": "https://pokeapi.co/api/v2/language/4/"
      },
      "version": {
        "name": "ultra-moon",
        "url": "https://pokeapi.co/api/v2/version/30/"
      }
    },
    {
      "flavor_text": "Son \u00e9tat de sant\u00e9 se d\u00e9grade \u00e0 mesure que\nsa peau s\u2019ass\u00e8che, aussi faut-il veiller \u00e0 ce\nqu\u2019il soit toujours bien hydrat\u00e9.",
      "language": {
        "name": "fr",
        "url": "https://pokeapi.co/api/v2/language/5/"
      },
      "version": {
        "name": "ultra-moon",
        "url": "https://pokeapi.co/api/v2/version/30/"
      }
    },
    {
      "flavor_text": "Trocknet seine Haut aus, verliert es an Vitalit\u00e4t.\nAn Land sollte man daher stets darauf achten,\nes mit ausreichend Fl\u00fcssigkeit zu versorgen.",
      "language": {
        "name": "de",
        "url": "https://pokeapi.co/api/v2/language/6/"
      },
      "version": {
        "name": "ultra-moon",
        "url": "https://pokeapi.co/api/v2/version/30/"
      }
    },
    {
      "flavor_text": "Cuando se le seca la piel, su salud se resiente,\npor lo que conviene asegurarse de mantenerlo\nsiempre bien hidratado.",
      "language": {
        "name": "es",
        "url": "https://pokeapi.co/api/v2/language/7/"
      },
      "version": {
        "name": "ultra-moon",
        "url": "https://pokeapi.co/api/v2/version/30/"
      }
    },
    {
      "flavor_text": "Se la sua pelle si secca, perde vitalit\u00e0, quindi\n\u00e8 importante assicurarsi che sia costantemente\nidratato.",
      "language": {
        "name": "it",
        "url": "https://pokeapi.co/api/v2/language/8/"
      },
      "version": {
        "name": "ultra-moon",
        "url": "https://pokeapi.co/api/v2/version/30/"
      }
    },
    {
      "flavor_text": "Its health suffers when its skin dries out, so be\nsure to moisturize it diligently.",
      "language": {
        "name": "en",
        "url": "https://pokeapi.co/api/v2/language/9/"
      },
      "version": {
        "name": "ultra-moon",
        "url": "https://pokeapi.co/api/v2/version/30/"
      }
    },
    {
      "flavor_text": "\u76ae\u819a\u304c\u3000\u4e7e\u71e5\u3059\u308b\u3068\u3000\u5143\u6c17\u304c\n\u306a\u304f\u306a\u3063\u3066\u3057\u307e\u3046\u306e\u3067\u3000\u3053\u307e\u3081\u306b\n\u6c34\u5206\u3092\u3000\u88dc\u7d66\u3057\u3066\u3000\u3042\u3052\u3088\u3046\u3002",
      "language": {
        "name": "ja",
        "url": "https://pokeapi.co/api/v2/language/11/"
      },
      "version": {
        "name": "ultra-moon",
        "url": "https://pokeapi.co/api/v2/version/30/"
      }
    },
    {
      "flavor_text": "\u76ae\u80a4\u5e72\u71e5\u5c31\u4f1a\u5931\u53bb\u6d3b\u529b\uff0c\n\u6240\u4ee5\u7ecf\u5e38\u7ed9\u5b83\u8865\u5145\u6c34\u5206\u5427\u3002",
      "language": {
        "name": "zh-Hans",
        "url": "https://pokeapi.co/api/v2/language/12/"
      },
      "version": {
        "name": "ultra-moon",
        "url": "https://pokeapi.co/api/v2/version/30/"
      }
    },
    {
      "flavor_text": "\u304a\u305d\u308f\u308c\u305d\u3046\u306b\u3000\u306a\u308b\u3068\u3000\u304a\u306a\u304b\u306e\n\u3046\u305a\u307e\u304d\u3092\u3000\u3064\u304b\u3063\u3066\u3000\u3042\u3044\u3066\u3092\n\u306d\u3080\u3089\u305b\u3000\u305d\u306e\u3059\u304d\u306b\u3000\u306b\u3052\u308b\u3089\u3057\u3044\u3002",
      "language": {
        "name": "ja-Hrkt",
        "url": "https://pokeapi.co/api/v2/language/1/"
      },
      "version": {
        "name": "lets-go-pikachu",
        "url": "https://pokeapi.co/api/v2/version/31/"
      }
    },
    {
      "flavor_text": "\uacf5\uaca9\ub2f9\ud560 \uc704\uae30\uc5d0 \ucc98\ud558\uba74 \ubc30\uc5d0 \uc788\ub294\n\uc18c\uc6a9\ub3cc\uc774\ub97c \uc0ac\uc6a9\ud574 \uc0c1\ub300\ub97c\n\uc7a0\ub4e4\uac8c \ud55c \ub4a4 \uadf8 \ud2c8\uc5d0 \ub3c4\ub9dd\uce58\ub294 \ub4ef\ud558\ub2e4.",
      "language": {
        "name": "ko",
        "url": "https://pokeapi.co/api/v2/language/3/"
      },
      "version": {
        "name": "lets-go-pikachu",
        "url": "https://pokeapi.co/api/v2/version/31/"
      }
    },
    {
      "flavor_text": "\u906d\u5230\u8972\u64ca\u6642\u6703\u5229\u7528\u809a\u5b50\n\u4e0a\u7684\u6f29\u6e26\u5716\u6848\u50ac\u7720\u5c0d\u624b\uff0c\n\u7136\u5f8c\u8d81\u6a5f\u9003\u8dd1\u3002",
      "language": {
        "name": "zh-Hant",
        "url": "https://pokeapi.co/api/v2/language/4/"
      },
      "version": {
        "name": "lets-go-pikachu",
        "url": "https://pokeapi.co/api/v2/version/31/"
      }
    },
    {
      "flavor_text": "S\u2019il se fait attaquer, il se sert de sa spirale pour\nendormir ses ennemis. Il peut ainsi s\u2019enfuir.",
      "language": {
        "name": "fr",
        "url": "https://pokeapi.co/api/v2/language/5/"
      },
      "version": {
        "name": "lets-go-pikachu",
        "url": "https://pokeapi.co/api/v2/version/31/"
      }
    },
    {
      "flavor_text": "Wird es angegriffen, versetzt es seine Gegner\nmit dem Spiralmuster auf seinem Bauch in den\nSchlaf und flieht.",
      "language": {
        "name": "de",
        "url": "https://pokeapi.co/api/v2/language/6/"
      },
      "version": {
        "name": "lets-go-pikachu",
        "url": "https://pokeapi.co/api/v2/version/31/"
      }
    },
    {
      "flavor_text": "Cuando se siente intimidado, usa la espiral del\nvientre para adormecer al rival y aprovechar\npara escaparse.",
      "language": {
        "name": "es",
        "url": "https://pokeapi.co/api/v2/language/7/"
      },
      "version": {
        "name": "lets-go-pikachu",
        "url": "https://pokeapi.co/api/v2/version/31/"
      }
    },
    {
      "flavor_text": "Quando si sente in pericolo usa la spirale\nche ha sulla pancia per addormentare\ngli avversari, poi si d\u00e0 alla fuga.",
      "language": {
        "name": "it",
        "url": "https://pokeapi.co/api/v2/language/8/"
      },
      "version": {
        "name": "lets-go-pikachu",
        "url": "https://pokeapi.co/api/v2/version/31/"
      }
    },
    {
      "flavor_text": "Under attack, it uses its belly spiral to put\nthe foe to sleep. It then makes its escape.",
      "language": {
        "name": "en",
        "url": "https://pokeapi.co/api/v2/language/9/"
      },
      "version": {
        "name": "lets-go-pikachu",
        "url": "https://pokeapi.co/api/v2/version/31/"
      }
    },
    {
      "flavor_text": "\u8972\u308f\u308c\u305d\u3046\u306b\u3000\u306a\u308b\u3068\u3000\u304a\u8179\u306e\n\u6e26\u5dfb\u304d\u3092\u3000\u4f7f\u3063\u3066\u3000\u76f8\u624b\u3092\n\u7720\u3089\u305b\u3000\u305d\u306e\u9699\u306b\u3000\u9003\u3052\u308b\u3089\u3057\u3044\u3002",
      "language": {
        "name": "ja",
        "url": "https://pokeapi.co/api/v2/language/11/"
      },
      "version": {
        "name": "lets-go-pikachu",
        "url": "https://pokeapi.co/api/v2/version/31/"
      }
    },
    {
      "flavor_text": "\u636e\u8bf4\u5b83\u4f1a\u5728\u8981\u88ab\u5bf9\u624b\n\u653b\u51fb\u65f6\u7528\u8179\u90e8\u7684\u6f29\u6da1\n\u8ba9\u5bf9\u65b9\u7761\u7740\uff0c\u8d81\u673a\u9003\u8dd1\u3002",
      "language": {
        "name": "zh-Hans",
        "url": "https://pokeapi.co/api/v2/language/12/"
      },
      "version": {
        "name": "lets-go-pikachu",
        "url": "https://pokeapi.co/api/v2/version/31/"
      }
    },
    {
      "flavor_text": "\u304a\u305d\u308f\u308c\u305d\u3046\u306b\u3000\u306a\u308b\u3068\u3000\u304a\u306a\u304b\u306e\n\u3046\u305a\u307e\u304d\u3092\u3000\u3064\u304b\u3063\u3066\u3000\u3042\u3044\u3066\u3092\n\u306d\u3080\u3089\u305b\u3000\u305d\u306e\u3059\u304d\u306b\u3000\u306b\u3052\u308b\u3089\u3057\u3044\u3002",
      "language": {
        "name": "ja-Hrkt",
        "url": "https://pokeapi.co/api/v2/language/1/"
      },
      "version": {
        "name": "lets-go-eevee",
        "url": "https://pokeapi.co/api/v2/version/32/"
      }
    },
    {
      "flavor_text": "\uacf5\uaca9\ub2f9\ud560 \uc704\uae30\uc5d0 \ucc98\ud558\uba74 \ubc30\uc5d0 \uc788\ub294\n\uc18c\uc6a9\ub3cc\uc774\ub97c \uc0ac\uc6a9\ud574 \uc0c1\ub300\ub97c\n\uc7a0\ub4e4\uac8c \ud55c \ub4a4 \uadf8 \ud2c8\uc5d0 \ub3c4\ub9dd\uce58\ub294 \ub4ef\ud558\ub2e4.",
      "language": {
        "name": "ko",
        "url": "https://pokeapi.co/api/v2/language/3/"
      },
      "version": {
        "name": "lets-go-eevee",
        "url": "https://pokeapi.co/api/v2/version/32/"
      }
    },
    {
      "flavor_text": "\u906d\u5230\u8972\u64ca\u6642\u6703\u5229\u7528\u809a\u5b50\n\u4e0a\u7684\u6f29\u6e26\u5716\u6848\u50ac\u7720\u5c0d\u624b\uff0c\n\u7136\u5f8c\u8d81\u6a5f\u9003\u8dd1\u3002",
      "language": {
        "name": "zh-Hant",
        "url": "https://pokeapi.co/api/v2/language/4/"
      },
      "version": {
        "name": "lets-go-eevee",
        "url": "https://pokeapi.co/api/v2/version/32/"
      }
    },
    {
      "flavor_text": "S\u2019il se fait attaquer, il se sert de sa spirale pour\nendormir ses ennemis. Il peut ainsi s\u2019enfuir.",
      "language": {
        "name": "fr",
        "url": "https://pokeapi.co/api/v2/language/5/"
      },
      "version": {
        "name": "lets-go-eevee",
        "url": "https://pokeapi.co/api/v2/version/32/"
      }
    },
    {
      "flavor_text": "Wird es angegriffen, versetzt es seine Gegner\nmit dem Spiralmuster auf seinem Bauch in den\nSchlaf und flieht.",
      "language": {
        "name": "de",
        "url": "https://pokeapi.co/api/v2/language/6/"
      },
      "version": {
        "name": "lets-go-eevee",
        "url": "https://pokeapi.co/api/v2/version/32/"
      }
    },
    {
      "flavor_text": "Cuando se siente intimidado, usa la espiral del\nvientre para adormecer al rival y aprovechar\npara escaparse.",
      "language": {
        "name": "es",
        "url": "https://pokeapi.co/api/v2/language/7/"
      },
      "version": {
        "name": "lets-go-eevee",
        "url": "https://pokeapi.co/api/v2/version/32/"
      }
    },
    {
      "flavor_text": "Quando si sente in pericolo usa la spirale\nche ha sulla pancia per addormentare\ngli avversari, poi si d\u00e0 alla fuga.",
      "language": {
        "name": "it",
        "url": "https://pokeapi.co/api/v2/language/8/"
      },
      "version": {
        "name": "lets-go-eevee",
        "url": "https://pokeapi.co/api/v2/version/32/"
      }
    },
    {
      "flavor_text": "Under attack, it uses its belly spiral to put\nthe foe to sleep. It then makes its escape.",
      "language": {
        "name": "en",
        "url": "https://pokeapi.co/api/v2/language/9/"
      },
      "version": {
        "name": "lets-go-eevee",
        "url": "https://pokeapi.co/api/v2/version/32/"
      }
    },
    {
      "flavor_text": "\u8972\u308f\u308c\u305d\u3046\u306b\u3000\u306a\u308b\u3068\u3000\u304a\u8179\u306e\n\u6e26\u5dfb\u304d\u3092\u3000\u4f7f\u3063\u3066\u3000\u76f8\u624b\u3092\n\u7720\u3089\u305b\u3000\u305d\u306e\u9699\u306b\u3000\u9003\u3052\u308b\u3089\u3057\u3044\u3002",
      "language": {
        "name": "ja",
        "url": "https://pokeapi.co/api/v2/language/11/"
      },
      "version": {
        "name": "lets-go-eevee",
        "url": "https://pokeapi.co/api/v2/version/32/"
      }
    },
    {
      "flavor_text": "\u636e\u8bf4\u5b83\u4f1a\u5728\u8981\u88ab\u5bf9\u624b\n\u653b\u51fb\u65f6\u7528\u8179\u90e8\u7684\u6f29\u6da1\n\u8ba9\u5bf9\u65b9\u7761\u7740\uff0c\u8d81\u673a\u9003\u8dd1\u3002",
      "language": {
        "name": "zh-Hans",
        "url": "https://pokeapi.co/api/v2/language/12/"
      },
      "version": {
        "name": "lets-go-eevee",
        "url": "https://pokeapi.co/api/v2/version/32/"
      }
    },
    {
      "flavor_text": "\u304a\u306a\u304b\u306e\u3000\u3046\u305a\u306f\u3000\u305a\u3063\u3068\u3000\u307f\u3066\u3044\u308b\u3068\n\u306d\u3080\u304f\u306a\u308b\u3002\u3000\u3053\u3082\u308a\u3046\u305f\u3000\u304c\u308f\u308a\u306b\n\u3053\u3069\u3082\u3092\u3000\u306d\u3064\u304b\u305b\u308b\u306e\u306b\u3082\u3000\u3064\u304b\u3046\u3002",
      "language": {
        "name": "ja-Hrkt",
        "url": "https://pokeapi.co/api/v2/language/1/"
      },
      "version": {
        "name": "sword",
        "url": "https://pokeapi.co/api/v2/version/33/"
      }
    },
    {
      "flavor_text": "\ubc30\uc758 \uc18c\uc6a9\ub3cc\uc774\ub97c \uacc4\uc18d \ubcf4\ub2e4 \ubcf4\uba74\n\uc7a0\uc774 \uc628\ub2e4. \uc790\uc7a5\uac00 \ub300\uc6a9\uc73c\ub85c\n\uc544\uc774\ub97c \uc7ac\uc6b8 \ub54c\ub3c4 \uc0ac\uc6a9\ud55c\ub2e4.",
      "language": {
        "name": "ko",
        "url": "https://pokeapi.co/api/v2/language/3/"
      },
      "version": {
        "name": "sword",
        "url": "https://pokeapi.co/api/v2/version/33/"
      }
    },
    {
      "flavor_text": "\u4e00\u76f4\u76ef\u8457\u7260\u809a\u5b50\u4e0a\u7684\u6f29\u6e26\u770b\uff0c\n\u5c31\u6703\u60f3\u7761\u89ba\u3002\u7260\u6703\u5229\u7528\u9019\u82b1\u7d0b\n\u4f86\u4ee3\u66ff\u6416\u7c43\u66f2\u53bb\u54c4\u5b69\u5b50\u7761\u89ba\u3002",
      "language": {
        "name": "zh-Hant",
        "url": "https://pokeapi.co/api/v2/language/4/"
      },
      "version": {
        "name": "sword",
        "url": "https://pokeapi.co/api/v2/version/33/"
      }
    },
    {
      "flavor_text": "Il suffit de fixer la spirale sur son ventre pour\ns\u2019assoupir. On se sert parfois de lui \u00e0 la place\nd\u2019une berceuse pour endormir les enfants.",
      "language": {
        "name": "fr",
        "url": "https://pokeapi.co/api/v2/language/5/"
      },
      "version": {
        "name": "sword",
        "url": "https://pokeapi.co/api/v2/version/33/"
      }
    },
    {
      "flavor_text": "Wer l\u00e4nger auf seine Bauchspirale blickt, wird\nschl\u00e4frig. Manche Leute nutzen dies anstelle\neines Schlaflieds, damit ihre Kinder einschlafen.",
      "language": {
        "name": "de",
        "url": "https://pokeapi.co/api/v2/language/6/"
      },
      "version": {
        "name": "sword",
        "url": "https://pokeapi.co/api/v2/version/33/"
      }
    },
    {
      "flavor_text": "Mirar fijamente la espiral de su vientre provoca\nsomnolencia, por lo que puede usarse como\nalternativa a las nanas para dormir a los ni\u00f1os.",
      "language": {
        "name": "es",
        "url": "https://pokeapi.co/api/v2/language/7/"
      },
      "version": {
        "name": "sword",
        "url": "https://pokeapi.co/api/v2/version/33/"
      }
    },
    {
      "flavor_text": "Chi fissa a lungo il disegno spiraliforme sul ventre\nsi assopisce, tant\u2019\u00e8 che Poliwhirl lo utilizza al\nposto della ninnananna per far dormire i piccoli.",
      "language": {
        "name": "it",
        "url": "https://pokeapi.co/api/v2/language/8/"
      },
      "version": {
        "name": "sword",
        "url": "https://pokeapi.co/api/v2/version/33/"
      }
    },
    {
      "flavor_text": "Staring at the swirl on its belly causes drowsiness.\nThis trait of Poliwhirl\u2019s has been used in place of\nlullabies to get children to go to sleep.",
      "language": {
        "name": "en",
        "url": "https://pokeapi.co/api/v2/language/9/"
      },
      "version": {
        "name": "sword",
        "url": "https://pokeapi.co/api/v2/version/33/"
      }
    },
    {
      "flavor_text": "\u304a\u8179\u306e\u3000\u6e26\u306f\u3000\u305a\u3063\u3068\u3000\u898b\u3066\u3044\u308b\u3068\n\u7720\u304f\u306a\u308b\u3002\u3000\u5b50\u5b88\u5504\u304c\u308f\u308a\u306b\n\u5b50\u3069\u3082\u3092\u3000\u5bdd\u3064\u304b\u305b\u308b\u306e\u306b\u3082\u3000\u4f7f\u3046\u3002",
      "language": {
        "name": "ja",
        "url": "https://pokeapi.co/api/v2/language/11/"
      },
      "version": {
        "name": "sword",
        "url": "https://pokeapi.co/api/v2/version/33/"
      }
    },
    {
      "flavor_text": "\u5982\u679c\u4e00\u76f4\u76ef\u7740\u5b83\u8179\u90e8\u7684\u65cb\u6da1\u770b\uff0c\n\u5c31\u4f1a\u53d8\u5f97\u5f88\u56f0\u3002\u5b83\u4f1a\u5229\u7528\u8fd9\u82b1\u7eb9\n\u6765\u4ee3\u66ff\u6447\u7bee\u66f2\u53bb\u54c4\u5b69\u5b50\u7761\u89c9\u3002",
      "language": {
        "name": "zh-Hans",
        "url": "https://pokeapi.co/api/v2/language/12/"
      },
      "version": {
        "name": "sword",
        "url": "https://pokeapi.co/api/v2/version/33/"
      }
    },
    {
      "flavor_text": "\u306c\u3081\u306c\u3081\u3068\u3057\u305f\u3000\u306d\u3093\u3048\u304d\u3058\u3087\u3046\u306e\n\u3042\u305b\u3092\u3000\u304b\u304f\u3002\u3000\u3066\u304d\u306b\u3000\u3064\u304b\u307e\u3063\u3066\u3082\n\u306c\u308b\u308a\u3068\u3000\u3059\u308a\u306c\u3051\u3000\u306b\u3052\u308b\u306e\u3060\u3002",
      "language": {
        "name": "ja-Hrkt",
        "url": "https://pokeapi.co/api/v2/language/1/"
      },
      "version": {
        "name": "shield",
        "url": "https://pokeapi.co/api/v2/version/34/"
      }
    },
    {
      "flavor_text": "\ubbf8\ub048\ubbf8\ub048\ud55c \uc810\uc561 \ud615\ud0dc\uc758\n\ub540\uc744 \ud758\ub9b0\ub2e4. \uc801\uc5d0\uac8c \ubd99\uc7a1\ud600\ub3c4\n\uc2a4\ub974\ub975 \ube60\uc838\ub098\uc640 \ub3c4\ub9dd\uce5c\ub2e4.",
      "language": {
        "name": "ko",
        "url": "https://pokeapi.co/api/v2/language/3/"
      },
      "version": {
        "name": "shield",
        "url": "https://pokeapi.co/api/v2/version/34/"
      }
    },
    {
      "flavor_text": "\u6d41\u7684\u6c57\u662f\u53c8\u9ecf\u53c8\u6ed1\u7684\u9ecf\u6db2\u72c0\u3002\n\u5373\u4f7f\u88ab\u6575\u4eba\u6349\u4f4f\uff0c\n\u4e5f\u80fd\u6ed1\u6e9c\u6e9c\u5730\u8f15\u6613\u9003\u812b\u3002",
      "language": {
        "name": "zh-Hant",
        "url": "https://pokeapi.co/api/v2/language/4/"
      },
      "version": {
        "name": "shield",
        "url": "https://pokeapi.co/api/v2/version/34/"
      }
    },
    {
      "flavor_text": "Il s\u00e9cr\u00e8te une sorte de mucus huileux qui lui\npermet d\u2019\u00e9chapper aux ennemis qui tentent\nde l\u2019attraper.",
      "language": {
        "name": "fr",
        "url": "https://pokeapi.co/api/v2/language/5/"
      },
      "version": {
        "name": "shield",
        "url": "https://pokeapi.co/api/v2/version/34/"
      }
    },
    {
      "flavor_text": "Quaputzi schwitzt glitschigen Schleim, dank dem\nes leicht der Umklammerung eines Feindes\nentkommen kann.",
      "language": {
        "name": "de",
        "url": "https://pokeapi.co/api/v2/language/6/"
      },
      "version": {
        "name": "shield",
        "url": "https://pokeapi.co/api/v2/version/34/"
      }
    },
    {
      "flavor_text": "Secreta un sudor viscoso que le sirve para\nescurrirse y escapar del agarre de sus enemigos.",
      "language": {
        "name": "es",
        "url": "https://pokeapi.co/api/v2/language/7/"
      },
      "version": {
        "name": "shield",
        "url": "https://pokeapi.co/api/v2/version/34/"
      }
    },
    {
      "flavor_text": "Secerne un sudore viscido simile a muco,\ngrazie al quale riesce a fuggire sgusciando\nvia dalla presa dei nemici.",
      "language": {
        "name": "it",
        "url": "https://pokeapi.co/api/v2/language/8/"
      },
      "version": {
        "name": "shield",
        "url": "https://pokeapi.co/api/v2/version/34/"
      }
    },
    {
      "flavor_text": "This Pok\u00e9mon\u2019s sweat is a slimy mucus. When\ncaptured, Poliwhirl can slither from its enemies\u2019\ngrasp and escape.",
      "language": {
        "name": "en",
        "url": "https://pokeapi.co/api/v2/language/9/"
      },
      "version": {
        "name": "shield",
        "url": "https://pokeapi.co/api/v2/version/34/"
      }
    },
    {
      "flavor_text": "\u306c\u3081\u306c\u3081\u3068\u3057\u305f\u3000\u7c98\u6db2\u72b6\u306e\n\u6c57\u3092\u3000\u304b\u304f\u3002\u3000\u6575\u306b\u3000\u6355\u307e\u3063\u3066\u3082\n\u306c\u308b\u308a\u3068\u3000\u3059\u308a\u629c\u3051\u3000\u9003\u3052\u308b\u306e\u3060\u3002",
      "language": {
        "name": "ja",
        "url": "https://pokeapi.co/api/v2/language/11/"
      },
      "version": {
        "name": "shield",
        "url": "https://pokeapi.co/api/v2/version/34/"
      }
    },
    {
      "flavor_text": "\u6d41\u51fa\u7684\u6c57\u662f\u9ecf\u6ed1\u7684\u7c98\u6db2\u72b6\u3002\n\u5373\u4f7f\u88ab\u654c\u4eba\u6349\u4f4f\uff0c\n\u4e5f\u80fd\u54e7\u6e9c\u4e00\u4e0b\u6ed1\u8d70\u9003\u8131\u3002",
      "language": {
        "name": "zh-Hans",
        "url": "https://pokeapi.co/api/v2/language/12/"
      },
      "version": {
        "name": "shield",
        "url": "https://pokeapi.co/api/v2/version/34/"
      }
    }
  ],
  "form_descriptions": [],
  "forms_switchable": false,
  "gender_rate": 4,
  "genera": [
    {
      "genus": "\u304a\u305f\u307e\u30dd\u30b1\u30e2\u30f3",
      "language": {
        "name": "ja-Hrkt",
        "url": "https://pokeapi.co/api/v2/language/1/"
      }
    },
    {
      "genus": "\uc62c\ucc59\uc774\ud3ec\ucf13\ubaac",
      "language": {
        "name": "ko",
        "url": "https://pokeapi.co/api/v2/language/3/"
      }
    },
    {
      "genus": "\u874c\u86aa\u5bf6\u53ef\u5922",
      "language": {
        "name": "zh-Hant",
        "url": "https://pokeapi.co/api/v2/language/4/"
      }
    },
    {
      "genus": "Pok\u00e9mon T\u00eatard",
      "language": {
        "name": "fr",
        "url": "https://pokeapi.co/api/v2/language/5/"
      }
    },
    {
      "genus": "Kaulquappen-Pok\u00e9mon",
      "language": {
        "name": "de",
        "url": "https://pokeapi.co/api/v2/language/6/"
      }
    },
    {
      "genus": "Pok\u00e9mon Renacuajo",
      "language": {
        "name": "es",
        "url": "https://pokeapi.co/api/v2/language/7/"
      }
    },
    {
      "genus": "Pok\u00e9mon Girino",
      "language": {
        "name": "it",
        "url": "https://pokeapi.co/api/v2/language/8/"
      }
    },
    {
      "genus": "Tadpole Pok\u00e9mon",
      "language": {
        "name": "en",
        "url": "https://pokeapi.co/api/v2/language/9/"
      }
    },
    {
      "genus": "\u304a\u305f\u307e\u30dd\u30b1\u30e2\u30f3",
      "language": {
        "name": "ja",
        "url": "https://pokeapi.co/api/v2/language/11/"
      }
    },
    {
      "genus": "\u874c\u86aa\u5b9d\u53ef\u68a6",
      "language": {
        "name": "zh-Hans",
        "url": "https://pokeapi.co/api/v2/language/12/"
      }
    }
  ],
  "generation": {
    "name": "generation-i",
    "url": "https://pokeapi.co/api/v2/generation/1/"
  },
  "growth_rate": {
    "name": "medium-slow",
    "url": "https://pokeapi.co/api/v2/growth-rate/4/"
  },
  "habitat": {
    "name": "waters-edge",
    "url": "https://pokeapi.co/api/v2/pokemon-habitat/9/"
  },
  "has_gender_differences": false,
  "hatch_counter": 20,
  "id": 61,
  "is_baby": false,
  "is_legendary": false,
  "is_mythical": false,
  "name": "poliwhirl",
  "names": [
    {
      "language": {
        "name": "ja-Hrkt",
        "url": "https://pokeapi.co/api/v2/language/1/"
      },
      "name": "\u30cb\u30e7\u30ed\u30be"
    },
    {
      "language": {
        "name": "roomaji",
        "url": "https://pokeapi.co/api/v2/language/2/"
      },
      "name": "Nyorozo"
    },
    {
      "language": {
        "name": "ko",
        "url": "https://pokeapi.co/api/v2/language/3/"
      },
      "name": "\uc288\ub959\ucc59\uc774"
    },
    {
      "language": {
        "name": "zh-Hant",
        "url": "https://pokeapi.co/api/v2/language/4/"
      },
      "name": "\u868a\u9999\u541b"
    },
    {
      "language": {
        "name": "fr",
        "url": "https://pokeapi.co/api/v2/language/5/"
      },
      "name": "T\u00eatarte"
    },
    {
      "language": {
        "name": "de",
        "url": "https://pokeapi.co/api/v2/language/6/"
      },
      "name": "Quaputzi"
    },
    {
      "language": {
        "name": "es",
        "url": "https://pokeapi.co/api/v2/language/7/"
      },
      "name": "Poliwhirl"
    },
    {
      "language": {
        "name": "it",
        "url": "https://pokeapi.co/api/v2/language/8/"
      },
      "name": "Poliwhirl"
    },
    {
      "language": {
        "name": "en",
        "url": "https://pokeapi.co/api/v2/language/9/"
      },
      "name": "Poliwhirl"
    },
    {
      "language": {
        "name": "ja",
        "url": "https://pokeapi.co/api/v2/language/11/"
      },
      "name": "\u30cb\u30e7\u30ed\u30be"
    },
    {
      "language": {
        "name": "zh-Hans",
        "url": "https://pokeapi.co/api/v2/language/12/"
      },
      "name": "\u868a\u9999\u541b"
    }
  ],
  "order": 66,
  "pal_park_encounters": [
    {
      "area": {
        "name": "pond",
        "url": "https://pokeapi.co/api/v2/pal-park-area/4/"
      },
      "base_score": 80,
      "rate": 10
    }
  ],
  "pokedex_numbers": [
    {
      "entry_number": 61,
      "pokedex": {
        "name": "national",
        "url": "https://pokeapi.co/api/v2/pokedex/1/"
      }
    },
    {
      "entry_number": 61,
      "pokedex": {
        "name": "kanto",
        "url": "https://pokeapi.co/api/v2/pokedex/2/"
      }
    },
    {
      "entry_number": 73,
      "pokedex": {
        "name": "original-johto",
        "url": "https://pokeapi.co/api/v2/pokedex/3/"
      }
    },
    {
      "entry_number": 73,
      "pokedex": {
        "name": "updated-johto",
        "url": "https://pokeapi.co/api/v2/pokedex/7/"
      }
    },
    {
      "entry_number": 34,
      "pokedex": {
        "name": "kalos-mountain",
        "url": "https://pokeapi.co/api/v2/pokedex/14/"
      }
    },
    {
      "entry_number": 150,
      "pokedex": {
        "name": "original-alola",
        "url": "https://pokeapi.co/api/v2/pokedex/16/"
      }
    },
    {
      "entry_number": 77,
      "pokedex": {
        "name": "original-akala",
        "url": "https://pokeapi.co/api/v2/pokedex/18/"
      }
    },
    {
      "entry_number": 69,
      "pokedex": {
        "name": "original-ulaula",
        "url": "https://pokeapi.co/api/v2/pokedex/19/"
      }
    },
    {
      "entry_number": 183,
      "pokedex": {
        "name": "updated-alola",
        "url": "https://pokeapi.co/api/v2/pokedex/21/"
      }
    },
    {
      "entry_number": 84,
      "pokedex": {
        "name": "updated-akala",
        "url": "https://pokeapi.co/api/v2/pokedex/23/"
      }
    },
    {
      "entry_number": 75,
      "pokedex": {
        "name": "updated-ulaula",
        "url": "https://pokeapi.co/api/v2/pokedex/24/"
      }
    },
    {
      "entry_number": 61,
      "pokedex": {
        "name": "letsgo-kanto",
        "url": "https://pokeapi.co/api/v2/pokedex/26/"
      }
    },
    {
      "entry_number": 143,
      "pokedex": {
        "name": "isle-of-armor",
        "url": "https://pokeapi.co/api/v2/pokedex/28/"
      }
    },
    {
      "entry_number": 40,
      "pokedex": {
        "name": "kitakami",
        "url": "https://pokeapi.co/api/v2/pokedex/32/"
      }
    }
  ],
  "shape": {
    "name": "humanoid",
    "url": "https://pokeapi.co/api/v2/pokemon-shape/12/"
  },
  "varieties": [
    {
      "is_default": true,
      "pokemon": {
        "name": "poliwhirl",
        "url": "https://pokeapi.co/api/v2/pokemon/61/"
      }
    }
  ]
}