{"flavor_text_entries": [{"flavor_text": "A legendary bird\nPOK\u00e9MON that is\nsaid to appear to\fdoomed people who\nare lost in icy\nmountains.", "language": {"name": "en", "url": "https://pokeapi.co/api/v2/language/9/"}, "version": {"name": "red", "url": "https://pokeapi.co/api/v2/version/1/"}}, {"flavor_text": "A legendary bird\nPOK\u00e9MON that is\nsaid to appear to\fdoomed people who\nare lost in icy\nmountains.", "language": {"name": "en", "url": "https://pokeapi.co/api/v2/language/9/"}, "version": {"name": "blue", "url": "https://pokeapi.co/api/v2/version/2/"}}, {"flavor_text": "A legendary bird\nPOK\u00e9MON. It\nfreezes water\fthat is contained\nin winter air and\nmakes it snow.", "language": {"name": "en", "url": "https://pokeapi.co/api/v2/language/9/"}, "version": {"name": "yellow", "url": "https://pokeapi.co/api/v2/version/3/"}}, {"flavor_text": "The magnificent,\nseemingly translu\u00ad\ncent wings of this\flegendary bird\nPOK\u00e9MON are said\nto be made of ice.", "language": {"name": "en", "url": "https://pokeapi.co/api/v2/language/9/"}, "version": {"name": "gold", "url": "https://pokeapi.co/api/v2/version/4/"}}, {"flavor_text": "One of the legen\u00ad\ndary bird POK\u00e9MON,\nit chills moisture\fin the atmosphere\nto create snow\nwhile flying.", "language": {"name": "en", "url": "https://pokeapi.co/api/v2/language/9/"}, "version": {"name": "silver", "url": "https://pokeapi.co/api/v2/version/5/"}}, {"flavor_text": "Legendary bird\nPOK\u00e9MON. As it\nflies through the\fsky, it cools the\nair, causing snow\nto fall.", "language": {"name": "en", "url": "https://pokeapi.co/api/v2/language/9/"}, "version": {"name": "crystal", "url": "https://pokeapi.co/api/v2/version/6/"}}, {"flavor_text": "ARTICUNO is a legendary bird POK\u00e9MON\nthat can control ice.\nThe flapping of its wings chills the air.\fAs a result, it is said that when this\nPOK\u00e9MON flies, snow will fall.", "language": {"name": "en", "url": "https://pokeapi.co/api/v2/language/9/"}, "version": {"name": "ruby", "url": "https://pokeapi.co/api/v2/version/7/"}}, {"flavor_text": "ARTICUNO is a legendary bird POK\u00e9MON\nthat can control ice.\nThe flapping of its wings chills the air.\fAs a result, it is said that when this\nPOK\u00e9MON flies, snow will fall.", "language": {"name": "en", "url": "https://pokeapi.co/api/v2/language/9/"}, "version": {"name": "sapphire", "url": "https://pokeapi.co/api/v2/version/8/"}}, {"flavor_text": "ARTICUNO is a legendary bird POK\u00e9MON that\ncan control ice. The flapping of its wings\nchills the air. As a result, it is said that\nwhen this POK\u00e9MON flies, snow will fall.", "language": {"name": "en", "url": "https://pokeapi.co/api/v2/language/9/"}, "version": {"name": "emerald", "url": "https://pokeapi.co/api/v2/version/9/"}}, {"flavor_text": "One of the legendary bird POK\u00e9MON.\nWith its long tail trailing behind, its\nflying form is magnificent.", "language": {"name": "en", "url": "https://pokeapi.co/api/v2/language/9/"}, "version": {"name": "firered", "url": "https://pokeapi.co/api/v2/version/10/"}}, {"flavor_text": "A legendary bird POK\u00e9MON that is said to\nappear to doomed people who are lost in\nicy mountains.", "language": {"name": "en", "url": "https://pokeapi.co/api/v2/language/9/"}, "version": {"name": "leafgreen", "url": "https://pokeapi.co/api/v2/version/11/"}}, {"flavor_text": "A legendary bird Pok\u00e9mon.\nIt can create blizzards by\nfreezing moisture in the air.", "language": {"name": "en", "url": "https://pokeapi.co/api/v2/language/9/"}, "version": {"name": "diamond", "url": "https://pokeapi.co/api/v2/version/12/"}}, {"flavor_text": "A legendary bird Pok\u00e9mon.\nIt can create blizzards by\nfreezing moisture in the air.", "language": {"name": "en", "url": "https://pokeapi.co/api/v2/language/9/"}, "version": {"name": "pearl", "url": "https://pokeapi.co/api/v2/version/13/"}}, {"flavor_text": "A legendary bird Pok\u00e9mon.\nIt can create blizzards by\nfreezing moisture in the air.", "language": {"name": "en", "url": "https://pokeapi.co/api/v2/language/9/"}, "version": {"name": "platinum", "url": "https://pokeapi.co/api/v2/version/14/"}}, {"flavor_text": "The magnificent, seemingly translucent\nwings of this legendary bird Pok\u00e9mon\nare said to be made of ice.", "language": {"name": "en", "url": "https://pokeapi.co/api/v2/language/9/"}, "version": {"name": "heartgold", "url": "https://pokeapi.co/api/v2/version/15/"}}, {"flavor_text": "One of the legendary bird Pok\u00e9mon,\nit chills moisture in the atmosphere\nto create snow while flying.", "language": {"name": "en", "url": "https://pokeapi.co/api/v2/language/9/"}, "version": {"name": "soulsilver", "url": "https://pokeapi.co/api/v2/version/16/"}}, {"flavor_text": "A legendary bird Pok\u00e9mon.\nIt can create blizzards by\nfreezing moisture in the air.", "language": {"name": "en", "url": "https://pokeapi.co/api/v2/language/9/"}, "version": {"name": "black", "url": "https://pokeapi.co/api/v2/version/17/"}}, {"flavor_text": "A legendary bird Pok\u00e9mon.\nIt can create blizzards by\nfreezing moisture in the air.", "language": {"name": "en", "url": "https://pokeapi.co/api/v2/language/9/"}, "version": {"name": "white", "url": "https://pokeapi.co/api/v2/version/18/"}}, {"flavor_text": "A legendary bird Pok\u00e9mon.\nIt can create blizzards by\nfreezing moisture in the air.", "language": {"name": "en", "url": "https://pokeapi.co/api/v2/language/9/"}, "version": {"name": "black-2", "url": "https://pokeapi.co/api/v2/version/21/"}}, {"flavor_text": "A legendary bird Pok\u00e9mon.\nIt can create blizzards by\nfreezing moisture in the air.", "language": {"name": "en", "url": "https://pokeapi.co/api/v2/language/9/"}, "version": {"name": "white-2", "url": "https://pokeapi.co/api/v2/version/22/"}}, {"flavor_text": "A legendary bird Pok\u00e9mon. It can create blizzards\nby freezing moisture in the air.", "language": {"name": "en", "url": "https://pokeapi.co/api/v2/language/9/"}, "version": {"name": "x", "url": "https://pokeapi.co/api/v2/version/23/"}}, {"flavor_text": "A legendary bird Pok\u00e9mon that is said to appear to\ndoomed people who are lost in icy mountains.", "language": {"name": "en", "url": "https://pokeapi.co/api/v2/language/9/"}, "version": {"name": "y", "url": "https://pokeapi.co/api/v2/version/24/"}}, {"flavor_text": "Articuno is a legendary bird Pok\u00e9mon that can control ice.\nThe flapping of its wings chills the air. As a result, it is said\nthat when this Pok\u00e9mon flies, snow will fall.", "language": {"name": "en", "url": "https://pokeapi.co/api/v2/language/9/"}, "version": {"name": "omega-ruby", "url": "https://pokeapi.co/api/v2/version/25/"}}, {"flavor_text": "Articuno is a legendary bird Pok\u00e9mon that can control ice.\nThe flapping of its wings chills the air. As a result, it is said\nthat when this Pok\u00e9mon flies, snow will fall.", "language": {"name": "en", "url": "https://pokeapi.co/api/v2/language/9/"}, "version": {"name": "alpha-sapphire", "url": "https://pokeapi.co/api/v2/version/26/"}}, {"flavor_text": "A legendary bird Pok\u00e9mon. It freezes water\nthat is contained in winter air and makes it snow.", "language": {"name": "en", "url": "https://pokeapi.co/api/v2/language/9/"}, "version": {"name": "lets-go-pikachu", "url": "https://pokeapi.co/api/v2/version/31/"}}, {"flavor_text": "A legendary bird Pok\u00e9mon. It freezes water\nthat is contained in winter air and makes it snow.", "language": {"name": "en", "url": "https://pokeapi.co/api/v2/language/9/"}, "version": {"name": "lets-go-eevee", "url": "https://pokeapi.co/api/v2/version/32/"}}, {"flavor_text": "It\u2019s said that this Pok\u00e9mon\u2019s beautiful blue wings\nare made of ice. Articuno flies over snowy\nmountains, its long tail fluttering along behind it.", "language": {"name": "en", "url": "https://pokeapi.co/api/v2/language/9/"}, "version": {"name": "sword", "url": "https://pokeapi.co/api/v2/version/33/"}}, {"flavor_text": "This Pok\u00e9mon can control ice at will. Articuno\nis said to live in snowy mountains riddled\nwith permafrost.", "language": {"name": "en", "url": "https://pokeapi.co/api/v2/language/9/"}, "version": {"name": "shield", "url": "https://pokeapi.co/api/v2/version/34/"}}], "evolution_chain": {"url": "https://pokeapi.co/api/v2/evolution-chain/73/"}}