{
  "base_happiness": 70,
  "capture_rate": 120,
  "color": {
    "name": "purple",
    "url": "https://pokeapi.co/api/v2/pokemon-color/7/"
  },
  "egg_groups": [
    {
      "name": "bug",
      "url": "https://pokeapi.co/api/v2/egg-group/3/"
    },
    {
      "name": "water3",
      "url": "https://pokeapi.co/api/v2/egg-group/9/"
    }
  ],
  "evolution_chain": {
    "url": "https://pokeapi.co/api/v2/evolution-chain/234/"
  },
  "evolves_from_species": null,
  "flavor_text_entries": [
    {
      "flavor_text": "It grips prey with its tail claws\nand injects poison. It tenaciously\nhangs on until the poison takes.",
      "language": {
        "name": "en",
        "url": "https://pokeapi.co/api/v2/language/9/"
      },
      "version": {
        "name": "diamond",
        "url": "https://pokeapi.co/api/v2/version/12/"
      }
    },
    {
      "flavor_text": "It lives in arid lands. It buries\nitself in sand and lies in wait for\nunsuspecting prey.",
      "language": {
        "name": "en",
        "url": "https://pokeapi.co/api/v2/language/9/"
      },
      "version": {
        "name": "pearl",
        "url": "https://pokeapi.co/api/v2/version/13/"
      }
    },
    {
      "flavor_text": "As soon as the tail claws close,\nits needle tips secrete poison.\nIt can survive a year without food.",
      "language": {
        "name": "en",
        "url": "https://pokeapi.co/api/v2/language/9/"
      },
      "version": {
        "name": "platinum",
        "url": "https://pokeapi.co/api/v2/version/14/"
      }
    },
    {
      "flavor_text": "It burrows under the sand to lie in\nwait for prey. Its tail claws can inject\nits prey with a savage poison.",
      "language": {
        "name": "en",
        "url": "https://pokeapi.co/api/v2/language/9/"
      },
      "version": {
        "name": "heartgold",
        "url": "https://pokeapi.co/api/v2/version/15/"
      }
    },
    {
      "flavor_text": "It burrows under the sand to lie in\nwait for prey. Its tail claws can inject\nits prey with a savage poison.",
      "language": {
        "name": "en",
        "url": "https://pokeapi.co/api/v2/language/9/"
      },
      "version": {
        "name": "soulsilver",
        "url": "https://pokeapi.co/api/v2/version/16/"
      }
    },
    {
      "flavor_text": "Il saisit sa proie avec les pinces de\nsa queue et lui injecte un poison.\nIl peut survivre un an sans manger.",
      "language": {
        "name": "fr",
        "url": "https://pokeapi.co/api/v2/language/5/"
      },
      "version": {
        "name": "black",
        "url": "https://pokeapi.co/api/v2/version/17/"
      }
    },
    {
      "flavor_text": "As soon as the tail claws close,\nits needle tips secrete poison.\nIt can survive a year without food.",
      "language": {
        "name": "en",
        "url": "https://pokeapi.co/api/v2/language/9/"
      },
      "version": {
        "name": "black",
        "url": "https://pokeapi.co/api/v2/version/17/"
      }
    },
    {
      "flavor_text": "Il saisit sa proie avec les pinces de\nsa queue et lui injecte un poison.\nIl peut survivre un an sans manger.",
      "language": {
        "name": "fr",
        "url": "https://pokeapi.co/api/v2/language/5/"
      },
      "version": {
        "name": "white",
        "url": "https://pokeapi.co/api/v2/version/18/"
      }
    },
    {
      "flavor_text": "As soon as the tail claws close,\nits needle tips secrete poison.\nIt can survive a year without food.",
      "language": {
        "name": "en",
        "url": "https://pokeapi.co/api/v2/language/9/"
      },
      "version": {
        "name": "white",
        "url": "https://pokeapi.co/api/v2/version/18/"
      }
    },
    {
      "flavor_text": "It lives in arid regions and\ncan go without food for a year\nwhile waiting for prey.",
      "language": {
        "name": "en",
        "url": "https://pokeapi.co/api/v2/language/9/"
      },
      "version": {
        "name": "black-2",
        "url": "https://pokeapi.co/api/v2/version/21/"
      }
    },
    {
      "flavor_text": "It lives in arid regions and\ncan go without food for a year\nwhile waiting for prey.",
      "language": {
        "name": "en",
        "url": "https://pokeapi.co/api/v2/language/9/"
      },
      "version": {
        "name": "white-2",
        "url": "https://pokeapi.co/api/v2/version/22/"
      }
    },
    {
      "flavor_text": "\u3057\u3063\u307d\u306e\u3000\u30c4\u30e1\u3067\u3000\u3048\u3082\u306e\u3092\u3000\u306f\u3055\u307f\n\u3069\u304f\u3092\u3000\u304a\u304f\u308a\u3053\u3080\u3002\u3069\u304f\u304c\u3000\u304d\u304f\u307e\u3067\n\u305c\u3063\u305f\u3044\u306b\u3000\u306f\u306a\u3055\u306a\u3044\u3000\u3057\u3085\u3046\u306d\u3093\u3002",
      "language": {
        "name": "ja-Hrkt",
        "url": "https://pokeapi.co/api/v2/language/1/"
      },
      "version": {
        "name": "x",
        "url": "https://pokeapi.co/api/v2/version/23/"
      }
    },
    {
      "flavor_text": "\uaf2c\ub9ac\uc758 \ubc1c\ud1b1\uc73c\ub85c \uba39\uc774\ub97c \uc9d1\uc5b4\n\ub3c5\uc744 \uc8fc\uc785\ud55c\ub2e4. \ub3c5\uc774 \ud37c\uc9c8 \ub54c\uae4c\uc9c0\n\uc808\ub300 \ub193\uce58\uc9c0 \uc54a\ub294 \uc9d1\ub150\uc774 \uc788\ub2e4.",
      "language": {
        "name": "ko",
        "url": "https://pokeapi.co/api/v2/language/3/"
      },
      "version": {
        "name": "x",
        "url": "https://pokeapi.co/api/v2/version/23/"
      }
    },
    {
      "flavor_text": "Il saisit sa proie avec les pinces de sa queue, lui\ninjecte un poison et la retient jusqu\u2019\u00e0 ce qu\u2019il agisse.",
      "language": {
        "name": "fr",
        "url": "https://pokeapi.co/api/v2/language/5/"
      },
      "version": {
        "name": "x",
        "url": "https://pokeapi.co/api/v2/version/23/"
      }
    },
    {
      "flavor_text": "Es greift seine Beute mit den Krallen an seinem\nSchweif und vergiftet sie. Dann wartet es ab...",
      "language": {
        "name": "de",
        "url": "https://pokeapi.co/api/v2/language/6/"
      },
      "version": {
        "name": "x",
        "url": "https://pokeapi.co/api/v2/version/23/"
      }
    },
    {
      "flavor_text": "Agarra a sus presas con las pinzas de la cola y les\ninyecta veneno. Espera hasta que hace efecto.",
      "language": {
        "name": "es",
        "url": "https://pokeapi.co/api/v2/language/7/"
      },
      "version": {
        "name": "x",
        "url": "https://pokeapi.co/api/v2/version/23/"
      }
    },
    {
      "flavor_text": "Afferra le prede con gli artigli della coda e non si\nallontana finch\u00e9 il veleno che inietta non agisce.",
      "language": {
        "name": "it",
        "url": "https://pokeapi.co/api/v2/language/8/"
      },
      "version": {
        "name": "x",
        "url": "https://pokeapi.co/api/v2/version/23/"
      }
    },
    {
      "flavor_text": "It grips prey with its tail claws and injects poison.\nIt tenaciously hangs on until the poison takes.",
      "language": {
        "name": "en",
        "url": "https://pokeapi.co/api/v2/language/9/"
      },
      "version": {
        "name": "x",
        "url": "https://pokeapi.co/api/v2/version/23/"
      }
    },
    {
      "flavor_text": "\u5c3b\u5c3e\u306e\u3000\u30c4\u30e1\u3067\u3000\u7372\u7269\u3092\u3000\u631f\u307f\n\u6bd2\u3092\u3000\u9001\u308a\u3053\u3080\u3002\u6bd2\u304c\u3000\u52b9\u304f\u307e\u3067\n\u7d76\u5bfe\u306b\u3000\u653e\u3055\u306a\u3044\u3000\u57f7\u5ff5\u3002",
      "language": {
        "name": "ja",
        "url": "https://pokeapi.co/api/v2/language/11/"
      },
      "version": {
        "name": "x",
        "url": "https://pokeapi.co/api/v2/version/23/"
      }
    },
    {
      "flavor_text": "\u3059\u306a\u306e\u3000\u306a\u304b\u306b\u3000\u304b\u304f\u308c\u3066\u3000\u3048\u3082\u306e\u3092\n\u307e\u3061\u3076\u305b\u3059\u308b\u3002\u3057\u3063\u307d\u306e\u3000\u30c4\u30e1\u304b\u3089\n\u3069\u304f\u3092\u3000\u3060\u3057\u3066\u3000\u3048\u3082\u306e\u3092\u3000\u3057\u3068\u3081\u308b\u3002",
      "language": {
        "name": "ja-Hrkt",
        "url": "https://pokeapi.co/api/v2/language/1/"
      },
      "version": {
        "name": "y",
        "url": "https://pokeapi.co/api/v2/version/24/"
      }
    },
    {
      "flavor_text": "\ubaa8\ub798 \uc18d\uc5d0 \uc228\uc5b4 \uba39\uc774\ub97c\n\uae30\ub2e4\ub9ac\uace0 \uc788\ub2e4. \uaf2c\ub9ac\uc758 \ubc1c\ud1b1\uc5d0\uc11c\n\ub3c5\uc744 \ub0b4\uc11c \uba39\uc774\ub97c \uaf3c\uc9dd \ubabb\ud558\uac8c \ud55c\ub2e4.",
      "language": {
        "name": "ko",
        "url": "https://pokeapi.co/api/v2/language/3/"
      },
      "version": {
        "name": "y",
        "url": "https://pokeapi.co/api/v2/version/24/"
      }
    },
    {
      "flavor_text": "Il attend, en embuscade dans le sable, et empoisonne\nses proies avec les pinces de sa queue.",
      "language": {
        "name": "fr",
        "url": "https://pokeapi.co/api/v2/language/5/"
      },
      "version": {
        "name": "y",
        "url": "https://pokeapi.co/api/v2/version/24/"
      }
    },
    {
      "flavor_text": "Es wartet im Sand versteckt auf Beute, die es sich\nmit seinem giftigen Schweif krallt.",
      "language": {
        "name": "de",
        "url": "https://pokeapi.co/api/v2/language/6/"
      },
      "version": {
        "name": "y",
        "url": "https://pokeapi.co/api/v2/version/24/"
      }
    },
    {
      "flavor_text": "Acecha a sus presas escondido en la arena y las\naturde con el veneno de su cola.",
      "language": {
        "name": "es",
        "url": "https://pokeapi.co/api/v2/language/7/"
      },
      "version": {
        "name": "y",
        "url": "https://pokeapi.co/api/v2/version/24/"
      }
    },
    {
      "flavor_text": "Si seppellisce nella sabbia e tende agguati alle prede,\npoi inietta loro il veleno dagli artigli della coda.",
      "language": {
        "name": "it",
        "url": "https://pokeapi.co/api/v2/language/8/"
      },
      "version": {
        "name": "y",
        "url": "https://pokeapi.co/api/v2/version/24/"
      }
    },
    {
      "flavor_text": "It burrows under the sand to lie in wait for prey.\nIts tail claws can inject its prey with a\nsavage poison.",
      "language": {
        "name": "en",
        "url": "https://pokeapi.co/api/v2/language/9/"
      },
      "version": {
        "name": "y",
        "url": "https://pokeapi.co/api/v2/version/24/"
      }
    },
    {
      "flavor_text": "\u7802\u306e\u3000\u4e2d\u306b\u3000\u96a0\u308c\u3066\u3000\u7372\u7269\u3092\n\u5f85\u3061\u4f0f\u305b\u3059\u308b\u3002\u5c3b\u5c3e\u306e\u3000\u30c4\u30e1\u304b\u3089\n\u6bd2\u3092\u3000\u51fa\u3057\u3066\u3000\u7372\u7269\u3092\u3000\u3057\u3068\u3081\u308b\u3002",
      "language": {
        "name": "ja",
        "url": "https://pokeapi.co/api/v2/language/11/"
      },
      "version": {
        "name": "y",
        "url": "https://pokeapi.co/api/v2/version/24/"
      }
    },
    {
      "flavor_text": "\u3057\u3063\u307d\u306e\u3000\u30c4\u30e1\u3067\u3000\u3048\u3082\u306e\u3092\u3000\u306f\u3055\u307f\n\u3069\u304f\u3092\u3000\u304a\u304f\u308a\u3053\u3080\u3002\u3069\u304f\u304c\u3000\u304d\u304f\u307e\u3067\n\u305c\u3063\u305f\u3044\u306b\u3000\u306f\u306a\u3055\u306a\u3044\u3000\u3057\u3085\u3046\u306d\u3093\u3002",
      "language": {
        "name": "ja-Hrkt",
        "url": "https://pokeapi.co/api/v2/language/1/"
      },
      "version": {
        "name": "omega-ruby",
        "url": "https://pokeapi.co/api/v2/version/25/"
      }
    },
    {
      "flavor_text": "\uaf2c\ub9ac\uc758 \ubc1c\ud1b1\uc73c\ub85c \uba39\uc774\ub97c \uc9d1\uc5b4\n\ub3c5\uc744 \uc8fc\uc785\ud55c\ub2e4. \ub3c5\uc774 \ud37c\uc9c8 \ub54c\uae4c\uc9c0\n\uc808\ub300 \ub193\uce58\uc9c0 \uc54a\ub294 \uc9d1\ub150\uc774 \uc788\ub2e4.",
      "language": {
        "name": "ko",
        "url": "https://pokeapi.co/api/v2/language/3/"
      },
      "version": {
        "name": "omega-ruby",
        "url": "https://pokeapi.co/api/v2/version/25/"
      }
    },
    {
      "flavor_text": "Il saisit sa proie avec les pinces de sa queue, lui injecte\nun poison et la retient jusqu\u2019\u00e0 ce qu\u2019il agisse.",
      "language": {
        "name": "fr",
        "url": "https://pokeapi.co/api/v2/language/5/"
      },
      "version": {
        "name": "omega-ruby",
        "url": "https://pokeapi.co/api/v2/version/25/"
      }
    },
    {
      "flavor_text": "Es greift seine Beute mit den Krallen an seinem Schweif und\nvergiftet sie. Dann wartet es ab...",
      "language": {
        "name": "de",
        "url": "https://pokeapi.co/api/v2/language/6/"
      },
      "version": {
        "name": "omega-ruby",
        "url": "https://pokeapi.co/api/v2/version/25/"
      }
    },
    {
      "flavor_text": "Agarra a sus presas con las pinzas de la cola y les inyecta\nveneno. Espera hasta que hace efecto.",
      "language": {
        "name": "es",
        "url": "https://pokeapi.co/api/v2/language/7/"
      },
      "version": {
        "name": "omega-ruby",
        "url": "https://pokeapi.co/api/v2/version/25/"
      }
    },
    {
      "flavor_text": "Afferra le prede con gli artigli della coda e non si allontana\nfinch\u00e9 il veleno che inietta non agisce.",
      "language": {
        "name": "it",
        "url": "https://pokeapi.co/api/v2/language/8/"
      },
      "version": {
        "name": "omega-ruby",
        "url": "https://pokeapi.co/api/v2/version/25/"
      }
    },
    {
      "flavor_text": "It grips prey with its tail claws and injects poison.\nIt tenaciously hangs on until the poison takes.",
      "language": {
        "name": "en",
        "url": "https://pokeapi.co/api/v2/language/9/"
      },
      "version": {
        "name": "omega-ruby",
        "url": "https://pokeapi.co/api/v2/version/25/"
      }
    },
    {
      "flavor_text": "\u5c3b\u5c3e\u306e\u3000\u30c4\u30e1\u3067\u3000\u7372\u7269\u3092\u3000\u631f\u307f\n\u6bd2\u3092\u3000\u9001\u308a\u3053\u3080\u3002\u6bd2\u304c\u3000\u52b9\u304f\u307e\u3067\n\u7d76\u5bfe\u306b\u3000\u653e\u3055\u306a\u3044\u3000\u57f7\u5ff5\u3002",
      "language": {
        "name": "ja",
        "url": "https://pokeapi.co/api/v2/language/11/"
      },
      "version": {
        "name": "omega-ruby",
        "url": "https://pokeapi.co/api/v2/version/25/"
      }
    },
    {
      "flavor_text": "\u3059\u306a\u306e\u3000\u306a\u304b\u306b\u3000\u304b\u304f\u308c\u3066\u3000\u3048\u3082\u306e\u3092\n\u307e\u3061\u3076\u305b\u3059\u308b\u3002\u3057\u3063\u307d\u306e\u3000\u30c4\u30e1\u304b\u3089\n\u3069\u304f\u3092\u3000\u3060\u3057\u3066\u3000\u3048\u3082\u306e\u3092\u3000\u3057\u3068\u3081\u308b\u3002",
      "language": {
        "name": "ja-Hrkt",
        "url": "https://pokeapi.co/api/v2/language/1/"
      },
      "version": {
        "name": "alpha-sapphire",
        "url": "https://pokeapi.co/api/v2/version/26/"
      }
    },
    {
      "flavor_text": "\ubaa8\ub798 \uc18d\uc5d0 \uc228\uc5b4 \uba39\uc774\ub97c\n\uae30\ub2e4\ub9ac\uace0 \uc788\ub2e4. \uaf2c\ub9ac\uc758 \ubc1c\ud1b1\uc5d0\uc11c\n\ub3c5\uc744 \ub0b4\uc11c \uba39\uc774\ub97c \uaf3c\uc9dd \ubabb\ud558\uac8c \ud55c\ub2e4.",
      "language": {
        "name": "ko",
        "url": "https://pokeapi.co/api/v2/language/3/"
      },
      "version": {
        "name": "alpha-sapphire",
        "url": "https://pokeapi.co/api/v2/version/26/"
      }
    },
    {
      "flavor_text": "Il attend, en embuscade dans le sable, et empoisonne\nses proies avec les pinces de sa queue.",
      "language": {
        "name": "fr",
        "url": "https://pokeapi.co/api/v2/language/5/"
      },
      "version": {
        "name": "alpha-sapphire",
        "url": "https://pokeapi.co/api/v2/version/26/"
      }
    },
    {
      "flavor_text": "Es wartet im Sand versteckt auf Beute, die es sich mit seinem\ngiftigen Schweif krallt.",
      "language": {
        "name": "de",
        "url": "https://pokeapi.co/api/v2/language/6/"
      },
      "version": {
        "name": "alpha-sapphire",
        "url": "https://pokeapi.co/api/v2/version/26/"
      }
    },
    {
      "flavor_text": "Acecha a sus presas escondido en la arena y las aturde con\nel veneno de su cola.",
      "language": {
        "name": "es",
        "url": "https://pokeapi.co/api/v2/language/7/"
      },
      "version": {
        "name": "alpha-sapphire",
        "url": "https://pokeapi.co/api/v2/version/26/"
      }
    },
    {
      "flavor_text": "Si seppellisce nella sabbia e tende agguati alle prede,\npoi inietta loro il veleno dagli artigli della coda.",
      "language": {
        "name": "it",
        "url": "https://pokeapi.co/api/v2/language/8/"
      },
      "version": {
        "name": "alpha-sapphire",
        "url": "https://pokeapi.co/api/v2/version/26/"
      }
    },
    {
      "flavor_text": "It burrows under the sand to lie in wait for prey.\nIts tail claws can inject its prey with a\nsavage poison.",
      "language": {
        "name": "en",
        "url": "https://pokeapi.co/api/v2/language/9/"
      },
      "version": {
        "name": "alpha-sapphire",
        "url": "https://pokeapi.co/api/v2/version/26/"
      }
    },
    {
      "flavor_text": "\u7802\u306e\u3000\u4e2d\u306b\u3000\u96a0\u308c\u3066\u3000\u7372\u7269\u3092\n\u5f85\u3061\u4f0f\u305b\u3059\u308b\u3002\u5c3b\u5c3e\u306e\u3000\u30c4\u30e1\u304b\u3089\n\u6bd2\u3092\u3000\u51fa\u3057\u3066\u3000\u7372\u7269\u3092\u3000\u3057\u3068\u3081\u308b\u3002",
      "language": {
        "name": "ja",
        "url": "https://pokeapi.co/api/v2/language/11/"
      },
      "version": {
        "name": "alpha-sapphire",
        "url": "https://pokeapi.co/api/v2/version/26/"
      }
    },
    {
      "flavor_text": "\u3059\u306a\u306b\u3000\u304b\u3089\u3060\u3092\u3000\u3046\u305a\u3081\u3000\u3058\u3063\u3068\n\u3048\u3082\u306e\u3092\u3000\u307e\u3061\u3064\u3065\u3051\u3066\u3044\u308b\u3002\n\u30e4\u30af\u30c7\u3068\u3000\u305d\u305b\u3093\u304c\u3000\u3061\u304b\u3044\u3002",
      "language": {
        "name": "ja-Hrkt",
        "url": "https://pokeapi.co/api/v2/language/1/"
      },
      "version": {
        "name": "sword",
        "url": "https://pokeapi.co/api/v2/version/33/"
      }
    },
    {
      "flavor_text": "\ubaa8\ub798\uc5d0 \ubab8\uc744 \ud30c\ubb3b\uc740 \ucc44\n\uac00\ub9cc\ud788 \uba39\uc774\ub97c \uae30\ub2e4\ub9b0\ub2e4.\n\ud0dc\uc6b0\uc9c0\ub124\uc640 \uc870\uc0c1\uc774 \uac00\uae5d\ub2e4.",
      "language": {
        "name": "ko",
        "url": "https://pokeapi.co/api/v2/language/3/"
      },
      "version": {
        "name": "sword",
        "url": "https://pokeapi.co/api/v2/version/33/"
      }
    },
    {
      "flavor_text": "\u5c07\u81ea\u5df1\u7684\u8eab\u9ad4\u57cb\u5728\u6c99\u5b50\u88e1\uff0c\n\u4e00\u8072\u4e0d\u97ff\u5730\u7b49\u5f85\u7375\u7269\u3002\n\u7956\u5148\u548c\u71d2\u706b\u86a3\u7684\u7956\u5148\u662f\u8fd1\u89aa\u3002",
      "language": {
        "name": "zh-Hant",
        "url": "https://pokeapi.co/api/v2/language/4/"
      },
      "version": {
        "name": "sword",
        "url": "https://pokeapi.co/api/v2/version/33/"
      }
    },
    {
      "flavor_text": "Il s\u2019enfouit dans le sable et attend patiemment\nses proies. Il a des anc\u00eatres en commun\navec Grillepattes.",
      "language": {
        "name": "fr",
        "url": "https://pokeapi.co/api/v2/language/5/"
      },
      "version": {
        "name": "sword",
        "url": "https://pokeapi.co/api/v2/version/33/"
      }
    },
    {
      "flavor_text": "Dieses Pok\u00e9mon vergr\u00e4bt sich im Sand und\nlauert dort regungslos seiner Beute auf. Es ist\nartverwandt mit Thermopod.",
      "language": {
        "name": "de",
        "url": "https://pokeapi.co/api/v2/language/6/"
      },
      "version": {
        "name": "sword",
        "url": "https://pokeapi.co/api/v2/version/33/"
      }
    },
    {
      "flavor_text": "Se entierra en la arena y aguarda inm\u00f3vil a sus\npresas. Sus antepasados est\u00e1n relacionados con\nlos de Sizzlipede.",
      "language": {
        "name": "es",
        "url": "https://pokeapi.co/api/v2/language/7/"
      },
      "version": {
        "name": "sword",
        "url": "https://pokeapi.co/api/v2/version/33/"
      }
    },
    {
      "flavor_text": "Si nasconde nella sabbia e aspetta immobile\nla preda. Lui e Sizzlipede hanno antenati\nin comune.",
      "language": {
        "name": "it",
        "url": "https://pokeapi.co/api/v2/language/8/"
      },
      "version": {
        "name": "sword",
        "url": "https://pokeapi.co/api/v2/version/33/"
      }
    },
    {
      "flavor_text": "After burrowing into the sand, it waits patiently\nfor prey to come near. This Pok\u00e9mon and\nSizzlipede share common descent.",
      "language": {
        "name": "en",
        "url": "https://pokeapi.co/api/v2/language/9/"
      },
      "version": {
        "name": "sword",
        "url": "https://pokeapi.co/api/v2/version/33/"
      }
    },
    {
      "flavor_text": "\u7802\u306b\u3000\u4f53\u3092\u3000\u57cb\u3081\u3000\u3058\u3063\u3068\n\u7372\u7269\u3092\u3000\u5f85\u3061\u7d9a\u3051\u3066\u3044\u308b\u3002\n\u30e4\u30af\u30c7\u3068\u3000\u7956\u5148\u304c\u3000\u8fd1\u3044\u3002",
      "language": {
        "name": "ja",
        "url": "https://pokeapi.co/api/v2/language/11/"
      },
      "version": {
        "name": "sword",
        "url": "https://pokeapi.co/api/v2/version/33/"
      }
    },
    {
      "flavor_text": "\u5c06\u81ea\u5df1\u7684\u8eab\u4f53\u57cb\u5728\u6c99\u5b50\u91cc\uff0c\n\u4e00\u58f0\u4e0d\u54cd\u5730\u7b49\u5f85\u730e\u7269\u3002\n\u7956\u5148\u548c\u70e7\u706b\u86a3\u7684\u7956\u5148\u662f\u8fd1\u4eb2\u3002",
      "language": {
        "name": "zh-Hans",
        "url": "https://pokeapi.co/api/v2/language/12/"
      },
      "version": {
        "name": "sword",
        "url": "https://pokeapi.co/api/v2/version/33/"
      }
    },
    {
      "flavor_text": "\u3069\u304f\u306e\u3042\u308b\u3000\u3057\u3063\u307d\u306e\u3000\u30c4\u30e1\u3067\n\u304a\u305d\u3044\u304b\u304b\u308b\u3002\u3000\u306f\u3055\u307e\u308c\u308b\u3068\n\u3069\u304f\u304c\u3000\u3057\u307f\u3066\u3000\u3046\u3054\u3051\u306a\u304f\u306a\u308b\u3002",
      "language": {
        "name": "ja-Hrkt",
        "url": "https://pokeapi.co/api/v2/language/1/"
      },
      "version": {
        "name": "shield",
        "url": "https://pokeapi.co/api/v2/version/34/"
      }
    },
    {
      "flavor_text": "\ub3c5\uc774 \uc788\ub294 \uaf2c\ub9ac\uc758 \ubc1c\ud1b1\uc73c\ub85c\n\ub364\ubcbc\ub4e0\ub2e4. \uc9d1\ud788\uba74 \ub3c5\uc774 \uc2a4\uba70\ub4e4\uc5b4\n\uc6c0\uc9c1\uc77c \uc218 \uc5c6\uac8c \ub41c\ub2e4.",
      "language": {
        "name": "ko",
        "url": "https://pokeapi.co/api/v2/language/3/"
      },
      "version": {
        "name": "shield",
        "url": "https://pokeapi.co/api/v2/version/34/"
      }
    },
    {
      "flavor_text": "\u7528\u5c3e\u5df4\u4e0a\u5e36\u6bd2\u7684\u9264\u722a\u8972\u64ca\u5c0d\u624b\u3002\n\u4e00\u65e6\u88ab\u593e\u4f4f\uff0c\u6bd2\u7d20\u5c31\u6703\u64f4\u6563\u958b\u4f86\uff0c\n\u5c0e\u81f4\u5168\u8eab\u7121\u6cd5\u52d5\u5f48\u3002",
      "language": {
        "name": "zh-Hant",
        "url": "https://pokeapi.co/api/v2/language/4/"
      },
      "version": {
        "name": "shield",
        "url": "https://pokeapi.co/api/v2/version/34/"
      }
    },
    {
      "flavor_text": "Il attaque avec les pinces empoisonn\u00e9es\nde sa queue. Le venin se r\u00e9pand alors\ndans le corps de la victime et la paralyse.",
      "language": {
        "name": "fr",
        "url": "https://pokeapi.co/api/v2/language/5/"
      },
      "version": {
        "name": "shield",
        "url": "https://pokeapi.co/api/v2/version/34/"
      }
    },
    {
      "flavor_text": "Es schl\u00e4gt mit den giftigen Krallen an seinem\nSchweif zu. Wer von ihnen gestochen wird,\nbekommt ein l\u00e4hmendes Gift injiziert.",
      "language": {
        "name": "de",
        "url": "https://pokeapi.co/api/v2/language/6/"
      },
      "version": {
        "name": "shield",
        "url": "https://pokeapi.co/api/v2/version/34/"
      }
    },
    {
      "flavor_text": "Ataca con las pinzas venenosas de la cola. Tras\nclavarlas, inyecta una toxina que inmoviliza a la\npresa.",
      "language": {
        "name": "es",
        "url": "https://pokeapi.co/api/v2/language/7/"
      },
      "version": {
        "name": "shield",
        "url": "https://pokeapi.co/api/v2/version/34/"
      }
    },
    {
      "flavor_text": "Attacca la preda afferrandola con gli artigli\nvelenosi della coda, poi inietta il veleno per\nimmobilizzarla.",
      "language": {
        "name": "it",
        "url": "https://pokeapi.co/api/v2/language/8/"
      },
      "version": {
        "name": "shield",
        "url": "https://pokeapi.co/api/v2/version/34/"
      }
    },
    {
      "flavor_text": "It attacks using the claws on its tail. Once locked\nin its grip, its prey is unable to move as this\nPok\u00e9mon\u2019s poison seeps in.",
      "language": {
        "name": "en",
        "url": "https://pokeapi.co/api/v2/language/9/"
      },
      "version": {
        "name": "shield",
        "url": "https://pokeapi.co/api/v2/version/34/"
      }
    },
    {
      "flavor_text": "\u6bd2\u306e\u3042\u308b\u3000\u3057\u3063\u307d\u306e\u3000\u30c4\u30e1\u3067\n\u8972\u3044\u304b\u304b\u308b\u3002\u3000\u631f\u307e\u308c\u308b\u3068\n\u6bd2\u304c\u3000\u67d3\u307f\u3066\u3000\u52d5\u3051\u306a\u304f\u306a\u308b\u3002",
      "language": {
        "name": "ja",
        "url": "https://pokeapi.co/api/v2/language/11/"
      },
      "version": {
        "name": "shield",
        "url": "https://pokeapi.co/api/v2/version/34/"
      }
    },
    {
      "flavor_text": "\u7528\u5c3e\u5df4\u4e0a\u5e26\u6bd2\u7684\u94a9\u722a\u88ad\u51fb\u5bf9\u624b\u3002\n\u4e00\u65e6\u88ab\u5939\u4f4f\uff0c\u6bd2\u7d20\u5c31\u4f1a\u6269\u6563\u5f00\u6765\uff0c\n\u5bfc\u81f4\u5168\u8eab\u65e0\u6cd5\u52a8\u5f39\u3002",
      "language": {
        "name": "zh-Hans",
        "url": "https://pokeapi.co/api/v2/language/12/"
      },
      "version": {
        "name": "shield",
        "url": "https://pokeapi.co/api/v2/version/34/"
      }
    },
    {
      "flavor_text": "Its claws are not only razor-sharp but poisonous, making Skorupi\na highly dangerous Pok\u00e9mon. It seems to be weakened by cold\ntemperatures, however.",
      "language": {
        "name": "en",
        "url": "https://pokeapi.co/api/v2/language/9/"
      },
      "version": {
        "name": "legends-arceus",
        "url": "https://pokeapi.co/api/v2/version/39/"
      }
    }
  ],
  "form_descriptions": [],
  "forms_switchable": false,
  "gender_rate": 4,
  "genera": [
    {
      "genus": "\u3055\u305d\u308a\u30dd\u30b1\u30e2\u30f3",
      "language": {
        "name": "ja-Hrkt",
        "url": "https://pokeapi.co/api/v2/language/1/"
      }
    },
    {
      "genus": "\uc804\uac08\ud3ec\ucf13\ubaac",
      "language": {
        "name": "ko",
        "url": "https://pokeapi.co/api/v2/language/3/"
      }
    },
    {
      "genus": "\u880d\u5b50\u5bf6\u53ef\u5922",
      "language": {
        "name": "zh-Hant",
        "url": "https://pokeapi.co/api/v2/language/4/"
      }
    },
    {
      "genus": "Pok\u00e9mon Scorpion",
      "language": {
        "name": "fr",
        "url": "https://pokeapi.co/api/v2/language/5/"
      }
    },
    {
      "genus": "Skorpion-Pok\u00e9mon",
      "language": {
        "name": "de",
        "url": "https://pokeapi.co/api/v2/language/6/"
      }
    },
    {
      "genus": "Pok\u00e9mon Escorpi\u00f3n",
      "language": {
        "name": "es",
        "url": "https://pokeapi.co/api/v2/language/7/"
      }
    },
    {
      "genus": "Pok\u00e9mon Scorpione",
      "language": {
        "name": "it",
        "url": "https://pokeapi.co/api/v2/language/8/"
      }
    },
    {
      "genus": "Scorpion Pok\u00e9mon",
      "language": {
        "name": "en",
        "url": "https://pokeapi.co/api/v2/language/9/"
      }
    },
    {
      "genus": "\u3055\u305d\u308a\u30dd\u30b1\u30e2\u30f3",
      "language": {
        "name": "ja",
        "url": "https://pokeapi.co/api/v2/language/11/"
      }
    },
    {
      "genus": "\u874e\u5b50\u5b9d\u53ef\u68a6",
      "language": {
        "name": "zh-Hans",
        "url": "https://pokeapi.co/api/v2/language/12/"
      }
    }
  ],
  "generation": {
    "name": "generation-iv",
    "url": "https://pokeapi.co/api/v2/generation/4/"
  },
  "growth_rate": {
    "name": "slow",
    "url": "https://pokeapi.co/api/v2/growth-rate/1/"
  },
  "habitat": null,
  "has_gender_differences": false,
  "hatch_counter": 20,
  "id": 451,
  "is_baby": false,
  "is_legendary": false,
  "is_mythical": false,
  "name": "skorupi",
  "names": [
    {
      "language": {
        "name": "ja-Hrkt",
        "url": "https://pokeapi.co/api/v2/language/1/"
      },
      "name": "\u30b9\u30b3\u30eb\u30d4"
    },
    {
      "language": {
        "name": "roomaji",
        "url": "https://pokeapi.co/api/v2/language/2/"
      },
      "name": "Scorpi"
    },
    {
      "language": {
        "name": "ko",
        "url": "https://pokeapi.co/api/v2/language/3/"
      },
      "name": "\uc2a4\ucf5c\ud53c"
    },
    {
      "language": {
        "name": "zh-Hant",
        "url": "https://pokeapi.co/api/v2/language/4/"
      },
      "name": "\u9257\u5c3e\u880d"
    },
    {
      "language": {
        "name": "fr",
        "url": "https://pokeapi.co/api/v2/language/5/"
      },
      "name": "Rapion"
    },
    {
      "language": {
        "name": "de",
        "url": "https://pokeapi.co/api/v2/language/6/"
      },
      "name": "Pionskora"
    },
    {
      "language": {
        "name": "es",
        "url": "https://pokeapi.co/api/v2/language/7/"
      },
      "name": "Skorupi"
    },
    {
      "language": {
        "name": "it",
        "url": "https://pokeapi.co/api/v2/language/8/"
      },
      "name": "Skorupi"
    },
    {
      "language": {
        "name": "en",
        "url": "https://pokeapi.co/api/v2/language/9/"
      },
      "name": "Skorupi"
    },
    {
      "language": {
        "name": "ja",
        "url": "https://pokeapi.co/api/v2/language/11/"
      },
      "name": "\u30b9\u30b3\u30eb\u30d4"
    },
    {
      "language": {
        "name": "zh-Hans",
        "url": "https://pokeapi.co/api/v2/language/12/"
      },
      "name": "\u94b3\u5c3e\u874e"
    }
  ],
  "order": 471,
  "pal_park_encounters": [
    {
      "area": {
        "name": "sea",
        "url": "https://pokeapi.co/api/v2/pal-park-area/5/"
      },
      "base_score": 50,
      "rate": 30
    }
  ],
  "pokedex_numbers": [
    {
      "entry_number": 451,
      "pokedex": {
        "name": "national",
        "url": "https://pokeapi.co/api/v2/pokedex/1/"
      }
    },
    {
      "entry_number": 127,
      "pokedex": {
        "name": "original-sinnoh",
        "url": "https://pokeapi.co/api/v2/pokedex/5/"
      }
    },
    {
      "entry_number": 127,
      "pokedex": {
        "name": "extended-sinnoh",
        "url": "https://pokeapi.co/api/v2/pokedex/6/"
      }
    },
    {
      "entry_number": 201,
      "pokedex": {
        "name": "updated-unova",
        "url": "https://pokeapi.co/api/v2/pokedex/9/"
      }
    },
    {
      "entry_number": 156,
      "pokedex": {
        "name": "conquest-gallery",
        "url": "https://pokeapi.co/api/v2/pokedex/11/"
      }
    },
    {
      "entry_number": 15,
      "pokedex": {
        "name": "kalos-mountain",
        "url": "https://pokeapi.co/api/v2/pokedex/14/"
      }
    },
    {
      "entry_number": 285,
      "pokedex": {
        "name": "galar",
        "url": "https://pokeapi.co/api/v2/pokedex/27/"
      }
    },
    {
      "entry_number": 50,
      "pokedex": {
        "name": "isle-of-armor",
        "url": "https://pokeapi.co/api/v2/pokedex/28/"
      }
    },
    {
      "entry_number": 148,
      "pokedex": {
        "name": "hisui",
        "url": "https://pokeapi.co/api/v2/pokedex/30/"
      }
    }
  ],
  "shape": {
    "name": "armor",
    "url": "https://pokeapi.co/api/v2/pokemon-shape/14/"
  },
  "varieties": [
    {
      "is_default": true,
      "pokemon": {
        "name": "skorupi",
        "url": "https://pokeapi.co/api/v2/pokemon/451/"
      }
    }
  ]
}