{"id": 146, "name": "moltres", "types": [{"slot": 1, "type": {"name": "fire", "url": "https://pokeapi.co/api/v2/type/10/"}}, {"slot": 2, "type": {"name": "flying", "url": "https://pokeapi.co/api/v2/type/3/"}}], "stats": [{"base_stat": 90, "effort": 0, "stat": {"name": "hp", "url": "https://pokeapi.co/api/v2/stat/1/"}}, {"base_stat": 100, "effort": 0, "stat": {"name": "attack", "url": "https://pokeapi.co/api/v2/stat/2/"}}, {"base_stat": 90, "effort": 0, "stat": {"name": "defense", "url": "https://pokeapi.co/api/v2/stat/3/"}}, {"base_stat": 125, "effort": 3, "stat": {"name": "special-attack", "url": "https://pokeapi.co/api/v2/stat/4/"}}, {"base_stat": 85, "effort": 0, "stat": {"name": "special-defense", "url": "https://pokeapi.co/api/v2/stat/5/"}}, {"base_stat": 90, "effort": 0, "stat": {"name": "speed", "url": "https://pokeapi.co/api/v2/stat/6/"}}], "abilities": [{"ability": {"name": "pressure", "url": "https://pokeapi.co/api/v2/ability/46/"}, "is_hidden": false, "slot": 1}, {"ability": {"name": "flame-body", "url": "https://pokeapi.co/api/v2/ability/49/"}, "is_hidden": true, "slot": 3}], "sprites": {"front_default": "https://raw.githubusercontent.com/PokeAPI/sprites/master/sprites/pokemon/146.png"}, "moves": [{"move": {"name": "razor-wind"}, "earliest_level": null}, {"move": {"name": "gust"}, "earliest_level": 1}, {"move": {"name": "wing-attack"}, "earliest_level": 1}, {"move": {"name": "whirlwind"}, "earliest_level": null}, {"move": {"name": "fly"}, "earliest_level": null}, {"move": {"name": "headbutt"}, "earliest_level": null}, {"move": {"name": "take-down"}, "earliest_level": null}, {"move": {"name": "double-edge"}, "earliest_level": null}, {"move": {"name": "leer"}, "earliest_level": 1}, {"move": {"name": "roar"}, "earliest_level": null}, {"move": {"name": "ember"}, "earliest_level": 1}, {"move": {"name": "flamethrower"}, "earliest_level": 32}, {"move": {"name": "hyper-beam"}, "earliest_level": null}, {"move": {"name": "peck"}, "earliest_level": 1}, {"move": {"name": "solar-beam"}, "earliest_level": 64}, {"move": {"name": "fire-spin"}, "earliest_level": 1}, {"move": {"name": "toxic"}, "earliest_level": null}, {"move": {"name": "agility"}, "earliest_level": 15}, {"move": {"name": "rage"}, "earliest_level": null}, {"move": {"name": "mimic"}, "earliest_level": null}, {"move": {"name": "double-team"}, "earliest_level": null}, {"move": {"name": "reflect"}, "earliest_level": null}, {"move": {"name": "bide"}, "earliest_level": null}, {"move": {"name": "fire-blast"}, "earliest_level": null}, {"move": {"name": "swift"}, "earliest_level": null}, {"move": {"name": "sky-attack"}, "earliest_level": 1}, {"move": {"name": "rest"}, "earliest_level": null}, {"move": {"name": "substitute"}, "earliest_level": null}, {"move": {"name": "snore"}, "earliest_level": null}, {"move": {"name": "curse"}, "earliest_level": null}, {"move": {"name": "protect"}, "earliest_level": null}, {"move": {"name": "mud-slap"}, "earliest_level": null}, {"move": {"name": "detect"}, "earliest_level": null}, {"move": {"name": "sandstorm"}, "earliest_level": null}, {"move": {"name": "endure"}, "earliest_level": 22}, {"move": {"name": "swagger"}, "earliest_level": null}, {"move": {"name": "steel-wing"}, "earliest_level": null}, {"move": {"name": "sleep-talk"}, "earliest_level": null}, {"move": {"name": "return"}, "earliest_level": null}, {"move": {"name": "frustration"}, "earliest_level": null}, {"move": {"name": "safeguard"}, "earliest_level": 10}, {"move": {"name": "hidden-power"}, "earliest_level": null}, {"move": {"name": "twister"}, "earliest_level": null}, {"move": {"name": "rain-dance"}, "earliest_level": null}, {"move": {"name": "sunny-day"}, "earliest_level": 50}, {"move": {"name": "ancient-power"}, "earliest_level": 25}, {"move": {"name": "rock-smash"}, "earliest_level": null}, {"move": {"name": "heat-wave"}, "earliest_level": 1}, {"move": {"name": "will-o-wisp"}, "earliest_level": null}, {"move": {"name": "facade"}, "earliest_level": null}, {"move": {"name": "helping-hand"}, "earliest_level": null}, {"move": {"name": "secret-power"}, "earliest_level": null}, {"move": {"name": "weather-ball"}, "earliest_level": null}, {"move": {"name": "air-cutter"}, "earliest_level": null}, {"move": {"name": "overheat"}, "earliest_level": 65}, {"move": {"name": "aerial-ace"}, "earliest_level": null}, {"move": {"name": "roost"}, "earliest_level": 1}, {"move": {"name": "natural-gift"}, "earliest_level": null}, {"move": {"name": "pluck"}, "earliest_level": null}, {"move": {"name": "tailwind"}, "earliest_level": null}, {"move": {"name": "u-turn"}, "earliest_level": null}, {"move": {"name": "flare-blitz"}, "earliest_level": null}, {"move": {"name": "air-slash"}, "earliest_level": 24}, {"move": {"name": "brave-bird"}, "earliest_level": null}, {"move": {"name": "giga-impact"}, "earliest_level": null}, {"move": {"name": "defog"}, "earliest_level": null}, {"move": {"name": "ominous-wind"}, "earliest_level": null}, {"move": {"name": "flame-charge"}, "earliest_level": null}, {"move": {"name": "round"}, "earliest_level": null}, {"move": {"name": "sky-drop"}, "earliest_level": null}, {"move": {"name": "incinerate"}, "earliest_level": 30}, {"move": {"name": "acrobatics"}, "earliest_level": null}, {"move": {"name": "hurricane"}, "earliest_level": 1}, {"move": {"name": "confide"}, "earliest_level": null}, {"move": {"name": "mystical-fire"}, "earliest_level": null}, {"move": {"name": "laser-focus"}, "earliest_level": null}, {"move": {"name": "burn-up"}, "earliest_level": 65}, {"move": {"name": "burning-jealousy"}, "earliest_level": null}, {"move": {"name": "dual-wingbeat"}, "earliest_level": null}, {"move": {"name": "scorching-sands"}, "earliest_level": null}, {"move": {"name": "tera-blast"}, "earliest_level": null}, {"move": {"name": "temper-flare"}, "earliest_level": null}], "species": {"url": "https://pokeapi.co/api/v2/pokemon-species/146/"}, "height": 20, "weight": 600}