{"flavor_text_entries": [{"flavor_text": "Its bite injects a potent poison, enough\nto paralyze large bird Pok\u00e9mon that try\nto prey on it.", "language": {"name": "en", "url": "https://pokeapi.co/api/v2/language/9/"}, "version": {"name": "black", "url": "https://pokeapi.co/api/v2/version/17/"}}, {"flavor_text": "It discovers what is going on around it\nby using the feelers on its head and tail.\nIt is brutally aggressive.", "language": {"name": "en", "url": "https://pokeapi.co/api/v2/language/9/"}, "version": {"name": "white", "url": "https://pokeapi.co/api/v2/version/18/"}}, {"flavor_text": "Using the feelers on its head and tail,\nit picks up vibrations in the air to\ndetermine its prey\u2019s location and state.", "language": {"name": "en", "url": "https://pokeapi.co/api/v2/language/9/"}, "version": {"name": "black-2", "url": "https://pokeapi.co/api/v2/version/21/"}}, {"flavor_text": "Using the feelers on its head and tail,\nit picks up vibrations in the air to\ndetermine its prey\u2019s location and state.", "language": {"name": "en", "url": "https://pokeapi.co/api/v2/language/9/"}, "version": {"name": "white-2", "url": "https://pokeapi.co/api/v2/version/22/"}}, {"flavor_text": "It discovers what is going on around it by using the\nfeelers on its head and tail. It is brutally aggressive.", "language": {"name": "en", "url": "https://pokeapi.co/api/v2/language/9/"}, "version": {"name": "x", "url": "https://pokeapi.co/api/v2/version/23/"}}, {"flavor_text": "Its bite injects a potent poison, enough to paralyze\nlarge bird Pok\u00e9mon that try to prey on it.", "language": {"name": "en", "url": "https://pokeapi.co/api/v2/language/9/"}, "version": {"name": "y", "url": "https://pokeapi.co/api/v2/version/24/"}}, {"flavor_text": "It discovers what is going on around it by using the\nfeelers on its head and tail. It is brutally aggressive.", "language": {"name": "en", "url": "https://pokeapi.co/api/v2/language/9/"}, "version": {"name": "omega-ruby", "url": "https://pokeapi.co/api/v2/version/25/"}}, {"flavor_text": "Its bite injects a potent poison, enough to paralyze\nlarge bird Pok\u00e9mon that try to prey on it.", "language": {"name": "en", "url": "https://pokeapi.co/api/v2/language/9/"}, "version": {"name": "alpha-sapphire", "url": "https://pokeapi.co/api/v2/version/26/"}}, {"flavor_text": "Venipede and Sizzlipede are similar species,\nbut when the two meet, a huge fight ensues.", "language": {"name": "en", "url": "https://pokeapi.co/api/v2/language/9/"}, "version": {"name": "sword", "url": "https://pokeapi.co/api/v2/version/33/"}}, {"flavor_text": "Its fangs are highly venomous. If this Pok\u00e9mon\nfinds prey it thinks it can eat, it leaps for them\nwithout any thought of how things might turn out.", "language": {"name": "en", "url": "https://pokeapi.co/api/v2/language/9/"}, "version": {"name": "shield", "url": "https://pokeapi.co/api/v2/version/34/"}}], "evolution_chain": {"url": "https://pokeapi.co/api/v2/evolution-chain/277/"}}