{"id": 108, "name": "lickitung", "types": [{"slot": 1, "type": {"name": "normal", "url": "https://pokeapi.co/api/v2/type/1/"}}], "stats": [{"base_stat": 90, "effort": 2, "stat": {"name": "hp", "url": "https://pokeapi.co/api/v2/stat/1/"}}, {"base_stat": 55, "effort": 0, "stat": {"name": "attack", "url": "https://pokeapi.co/api/v2/stat/2/"}}, {"base_stat": 75, "effort": 0, "stat": {"name": "defense", "url": "https://pokeapi.co/api/v2/stat/3/"}}, {"base_stat": 60, "effort": 0, "stat": {"name": "special-attack", "url": "https://pokeapi.co/api/v2/stat/4/"}}, {"base_stat": 75, "effort": 0, "stat": {"name": "special-defense", "url": "https://pokeapi.co/api/v2/stat/5/"}}, {"base_stat": 30, "effort": 0, "stat": {"name": "speed", "url": "https://pokeapi.co/api/v2/stat/6/"}}], "abilities": [{"ability": {"name": "own-tempo", "url": "https://pokeapi.co/api/v2/ability/20/"}, "is_hidden": false, "slot": 1}, {"ability": {"name": "oblivious", "url": "https://pokeapi.co/api/v2/ability/12/"}, "is_hidden": false, "slot": 2}, {"ability": {"name": "cloud-nine", "url": "https://pokeapi.co/api/v2/ability/13/"}, "is_hidden": true, "slot": 3}], "sprites": {"front_default": "https://raw.githubusercontent.com/PokeAPI/sprites/master/sprites/pokemon/108.png"}, "moves": [{"move": {"name": "mega-punch"}, "earliest_level": null}, {"move": {"name": "fire-punch"}, "earliest_level": null}, {"move": {"name": "ice-punch"}, "earliest_level": null}, {"move": {"name": "thunder-punch"}, "earliest_level": null}, {"move": {"name": "swords-dance"}, "earliest_level": null}, {"move": {"name": "cut"}, "earliest_level": null}, {"move": {"name": "bind"}, "earliest_level": 25}, {"move": {"name": "slam"}, "earliest_level": 29}, {"move": {"name": "stomp"}, "earliest_level": 7}, {"move": {"name": "mega-kick"}, "earliest_level": null}, {"move": {"name": "headbutt"}, "earliest_level": null}, {"move": {"name": "tackle"}, "earliest_level": 1}, {"move": {"name": "body-slam"}, "earliest_level": null}, {"move": {"name": "wrap"}, "earliest_level": 1}, {"move": {"name": "take-down"}, "earliest_level": null}, {"move": {"name": "thrash"}, "earliest_level": 40}, {"move": {"name": "double-edge"}, "earliest_level": 25}, {"move": {"name": "supersonic"}, "earliest_level": 1}, {"move": {"name": "disable"}, "earliest_level": 15}, {"move": {"name": "acid"}, "earliest_level": 10}, {"move": {"name": "flamethrower"}, "earliest_level": null}, {"move": {"name": "water-gun"}, "earliest_level": null}, {"move": {"name": "hydro-pump"}, "earliest_level": null}, {"move": {"name": "surf"}, "earliest_level": null}, {"move": {"name": "ice-beam"}, "earliest_level": null}, {"move": {"name": "blizzard"}, "earliest_level": null}, {"move": {"name": "bubble-beam"}, "earliest_level": null}, {"move": {"name": "hyper-beam"}, "earliest_level": null}, {"move": {"name": "submission"}, "earliest_level": null}, {"move": {"name": "counter"}, "earliest_level": null}, {"move": {"name": "seismic-toss"}, "earliest_level": null}, {"move": {"name": "strength"}, "earliest_level": null}, {"move": {"name": "solar-beam"}, "earliest_level": null}, {"move": {"name": "thunderbolt"}, "earliest_level": null}, {"move": {"name": "thunder"}, "earliest_level": null}, {"move": {"name": "earthquake"}, "earliest_level": null}, {"move": {"name": "fissure"}, "earliest_level": null}, {"move": {"name": "dig"}, "earliest_level": null}, {"move": {"name": "toxic"}, "earliest_level": null}, {"move": {"name": "rage"}, "earliest_level": null}, {"move": {"name": "mimic"}, "earliest_level": null}, {"move": {"name": "screech"}, "earliest_level": 35}, {"move": {"name": "double-team"}, "earliest_level": null}, {"move": {"name": "defense-curl"}, "earliest_level": 1}, {"move": {"name": "bide"}, "earliest_level": null}, {"move": {"name": "lick"}, "earliest_level": 1}, {"move": {"name": "fire-blast"}, "earliest_level": null}, {"move": {"name": "skull-bash"}, "earliest_level": null}, {"move": {"name": "amnesia"}, "earliest_level": null}, {"move": {"name": "dream-eater"}, "earliest_level": null}, {"move": {"name": "rest"}, "earliest_level": 6}, {"move": {"name": "rock-slide"}, "earliest_level": null}, {"move": {"name": "substitute"}, "earliest_level": null}, {"move": {"name": "thief"}, "earliest_level": null}, {"move": {"name": "nightmare"}, "earliest_level": null}, {"move": {"name": "snore"}, "earliest_level": null}, {"move": {"name": "curse"}, "earliest_level": null}, {"move": {"name": "protect"}, "earliest_level": null}, {"move": {"name": "belly-drum"}, "earliest_level": 60}, {"move": {"name": "mud-slap"}, "earliest_level": null}, {"move": {"name": "icy-wind"}, "earliest_level": null}, {"move": {"name": "sandstorm"}, "earliest_level": null}, {"move": {"name": "endure"}, "earliest_level": null}, {"move": {"name": "rollout"}, "earliest_level": 6}, {"move": {"name": "swagger"}, "earliest_level": null}, {"move": {"name": "attract"}, "earliest_level": null}, {"move": {"name": "sleep-talk"}, "earliest_level": null}, {"move": {"name": "return"}, "earliest_level": null}, {"move": {"name": "frustration"}, "earliest_level": null}, {"move": {"name": "magnitude"}, "earliest_level": null}, {"move": {"name": "dynamic-punch"}, "earliest_level": null}, {"move": {"name": "iron-tail"}, "earliest_level": null}, {"move": {"name": "hidden-power"}, "earliest_level": null}, {"move": {"name": "rain-dance"}, "earliest_level": null}, {"move": {"name": "sunny-day"}, "earliest_level": null}, {"move": {"name": "psych-up"}, "earliest_level": null}, {"move": {"name": "shadow-ball"}, "earliest_level": null}, {"move": {"name": "rock-smash"}, "earliest_level": null}, {"move": {"name": "whirlpool"}, "earliest_level": null}, {"move": {"name": "facade"}, "earliest_level": null}, {"move": {"name": "focus-punch"}, "earliest_level": null}, {"move": {"name": "smelling-salts"}, "earliest_level": null}, {"move": {"name": "helping-hand"}, "earliest_level": null}, {"move": {"name": "brick-break"}, "earliest_level": null}, {"move": {"name": "knock-off"}, "earliest_level": 13}, {"move": {"name": "refresh"}, "earliest_level": 41}, {"move": {"name": "secret-power"}, "earliest_level": null}, {"move": {"name": "rock-tomb"}, "earliest_level": null}, {"move": {"name": "muddy-water"}, "earliest_level": null}, {"move": {"name": "shock-wave"}, "earliest_level": null}, {"move": {"name": "water-pulse"}, "earliest_level": null}, {"move": {"name": "hammer-arm"}, "earliest_level": null}, {"move": {"name": "natural-gift"}, "earliest_level": null}, {"move": {"name": "fling"}, "earliest_level": null}, {"move": {"name": "wring-out"}, "earliest_level": 53}, {"move": {"name": "me-first"}, "earliest_level": 37}, {"move": {"name": "aqua-tail"}, "earliest_level": null}, {"move": {"name": "giga-impact"}, "earliest_level": 43}, {"move": {"name": "zen-headbutt"}, "earliest_level": 18}, {"move": {"name": "rock-climb"}, "earliest_level": null}, {"move": {"name": "power-whip"}, "earliest_level": 45}, {"move": {"name": "captivate"}, "earliest_level": null}, {"move": {"name": "round"}, "earliest_level": null}, {"move": {"name": "chip-away"}, "earliest_level": 37}, {"move": {"name": "incinerate"}, "earliest_level": null}, {"move": {"name": "retaliate"}, "earliest_level": null}, {"move": {"name": "bulldoze"}, "earliest_level": 11}, {"move": {"name": "dragon-tail"}, "earliest_level": null}, {"move": {"name": "work-up"}, "earliest_level": null}, {"move": {"name": "belch"}, "earliest_level": null}, {"move": {"name": "confide"}, "earliest_level": null}, {"move": {"name": "power-up-punch"}, "earliest_level": null}, {"move": {"name": "brutal-swing"}, "earliest_level": null}, {"move": {"name": "stomping-tantrum"}, "earliest_level": null}, {"move": {"name": "body-press"}, "earliest_level": null}, {"move": {"name": "steel-roller"}, "earliest_level": null}, {"move": {"name": "terrain-pulse"}, "earliest_level": null}], "species": {"url": "https://pokeapi.co/api/v2/pokemon-species/108/"}, "height": 12, "weight": 655}