{"id": 997, "name": "arctibax", "types": [{"slot": 1, "type": {"name": "dragon", "url": "https://pokeapi.co/api/v2/type/16/"}}, {"slot": 2, "type": {"name": "ice", "url": "https://pokeapi.co/api/v2/type/15/"}}], "stats": [{"base_stat": 90, "effort": 0, "stat": {"name": "hp", "url": "https://pokeapi.co/api/v2/stat/1/"}}, {"base_stat": 95, "effort": 2, "stat": {"name": "attack", "url": "https://pokeapi.co/api/v2/stat/2/"}}, {"base_stat": 66, "effort": 0, "stat": {"name": "defense", "url": "https://pokeapi.co/api/v2/stat/3/"}}, {"base_stat": 45, "effort": 0, "stat": {"name": "special-attack", "url": "https://pokeapi.co/api/v2/stat/4/"}}, {"base_stat": 65, "effort": 0, "stat": {"name": "special-defense", "url": "https://pokeapi.co/api/v2/stat/5/"}}, {"base_stat": 62, "effort": 0, "stat": {"name": "speed", "url": "https://pokeapi.co/api/v2/stat/6/"}}], "abilities": [{"ability": {"name": "thermal-exchange", "url": "https://pokeapi.co/api/v2/ability/270/"}, "is_hidden": false, "slot": 1}, {"ability": {"name": "ice-body", "url": "https://pokeapi.co/api/v2/ability/115/"}, "is_hidden": true, "slot": 3}], "sprites": {"front_default": "https://raw.githubusercontent.com/PokeAPI/sprites/master/sprites/pokemon/997.png"}, "moves": [{"move": {"name": "swords-dance"}, "earliest_level": null}, {"move": {"name": "tackle"}, "earliest_level": 1}, {"move": {"name": "body-slam"}, "earliest_level": null}, {"move": {"name": "take-down"}, "earliest_level": 40}, {"move": {"name": "leer"}, "earliest_level": 1}, {"move": {"name": "bite"}, "earliest_level": 24}, {"move": {"name": "ice-beam"}, "earliest_level": 45}, {"move": {"name": "blizzard"}, "earliest_level": null}, {"move": {"name": "dig"}, "earliest_level": null}, {"move": {"name": "focus-energy"}, "earliest_level": 18}, {"move": {"name": "rest"}, "earliest_level": null}, {"move": {"name": "substitute"}, "earliest_level": null}, {"move": {"name": "protect"}, "earliest_level": null}, {"move": {"name": "scary-face"}, "earliest_level": null}, {"move": {"name": "icy-wind"}, "earliest_level": 6}, {"move": {"name": "outrage"}, "earliest_level": null}, {"move": {"name": "endure"}, "earliest_level": null}, {"move": {"name": "sleep-talk"}, "earliest_level": null}, {"move": {"name": "dragon-breath"}, "earliest_level": 12}, {"move": {"name": "rain-dance"}, "earliest_level": null}, {"move": {"name": "crunch"}, "earliest_level": 50}, {"move": {"name": "facade"}, "earliest_level": null}, {"move": {"name": "helping-hand"}, "earliest_level": null}, {"move": {"name": "brick-break"}, "earliest_level": null}, {"move": {"name": "aerial-ace"}, "earliest_level": null}, {"move": {"name": "icicle-spear"}, "earliest_level": null}, {"move": {"name": "dragon-claw"}, "earliest_level": null}, {"move": {"name": "dragon-pulse"}, "earliest_level": null}, {"move": {"name": "avalanche"}, "earliest_level": null}, {"move": {"name": "ice-fang"}, "earliest_level": 29}, {"move": {"name": "draco-meteor"}, "earliest_level": null}, {"move": {"name": "iron-head"}, "earliest_level": null}, {"move": {"name": "dragon-tail"}, "earliest_level": 1}, {"move": {"name": "icicle-crash"}, "earliest_level": 55}, {"move": {"name": "tera-blast"}, "earliest_level": null}, {"move": {"name": "snowscape"}, "earliest_level": null}], "species": {"url": "https://pokeapi.co/api/v2/pokemon-species/997/"}, "height": 8, "weight": 300}