{"flavor_text_entries": [{"flavor_text": "A bit of a dandy, it spends its free time\npreening its wings. Its preoccupation with any\ndirt on its plumage can leave it unable to battle.", "language": {"name": "en", "url": "https://pokeapi.co/api/v2/language/9/"}, "version": {"name": "sun", "url": "https://pokeapi.co/api/v2/version/27/"}}, {"flavor_text": "It throws sharp feathers called blade quills\nat enemies or prey. It seldom misses.", "language": {"name": "en", "url": "https://pokeapi.co/api/v2/language/9/"}, "version": {"name": "moon", "url": "https://pokeapi.co/api/v2/version/28/"}}, {"flavor_text": "This narcissistic Pok\u00e9mon is a clean freak.\nIf you don\u2019t groom it diligently, it will stop\nlistening to you.", "language": {"name": "en", "url": "https://pokeapi.co/api/v2/language/9/"}, "version": {"name": "ultra-sun", "url": "https://pokeapi.co/api/v2/version/29/"}}, {"flavor_text": "Supremely sensitive to the presence of others,\nit can detect opponents standing behind it,\nflinging its sharp feathers to take them out.", "language": {"name": "en", "url": "https://pokeapi.co/api/v2/language/9/"}, "version": {"name": "ultra-moon", "url": "https://pokeapi.co/api/v2/version/30/"}}, {"flavor_text": "It throws one knifelike feather after another at its\nenemies, and each one precisely strikes a weak\npoint. These feathers are known as blade quills.", "language": {"name": "en", "url": "https://pokeapi.co/api/v2/language/9/"}, "version": {"name": "sword", "url": "https://pokeapi.co/api/v2/version/33/"}}, {"flavor_text": "It never slacks when it comes to the task of\ncleaning its feathers. Thorough preening keeps it\nlooking spiffy and its blade quills nice and sharp.", "language": {"name": "en", "url": "https://pokeapi.co/api/v2/language/9/"}, "version": {"name": "shield", "url": "https://pokeapi.co/api/v2/version/34/"}}, {"flavor_text": "Regularly basks in sunlight to gather power\u2014presumably due to\nthe frigid climate. Nonetheless, the edges of the blade quills set\ninto its wings are keen as ever.", "language": {"name": "en", "url": "https://pokeapi.co/api/v2/language/9/"}, "version": {"name": "legends-arceus", "url": "https://pokeapi.co/api/v2/version/39/"}}], "evolution_chain": {"url": "https://pokeapi.co/api/v2/evolution-chain/374/"}}