{"id": 1008, "name": "miraidon", "types": [{"slot": 1, "type": {"name": "electric", "url": "https://pokeapi.co/api/v2/type/13/"}}, {"slot": 2, "type": {"name": "dragon", "url": "https://pokeapi.co/api/v2/type/16/"}}], "stats": [{"base_stat": 100, "effort": 0, "stat": {"name": "hp", "url": "https://pokeapi.co/api/v2/stat/1/"}}, {"base_stat": 85, "effort": 0, "stat": {"name": "attack", "url": "https://pokeapi.co/api/v2/stat/2/"}}, {"base_stat": 100, "effort": 0, "stat": {"name": "defense", "url": "https://pokeapi.co/api/v2/stat/3/"}}, {"base_stat": 135, "effort": 3, "stat": {"name": "special-attack", "url": "https://pokeapi.co/api/v2/stat/4/"}}, {"base_stat": 115, "effort": 0, "stat": {"name": "special-defense", "url": "https://pokeapi.co/api/v2/stat/5/"}}, {"base_stat": 135, "effort": 0, "stat": {"name": "speed", "url": "https://pokeapi.co/api/v2/stat/6/"}}], "abilities": [{"ability": {"name": "hadron-engine", "url": "https://pokeapi.co/api/v2/ability/289/"}, "is_hidden": false, "slot": 1}], "sprites": {"front_default": "https://raw.githubusercontent.com/PokeAPI/sprites/master/sprites/pokemon/1008.png"}, "moves": [{"move": {"name": "swords-dance"}, "earliest_level": null}, {"move": {"name": "body-slam"}, "earliest_level": null}, {"move": {"name": "take-down"}, "earliest_level": null}, {"move": {"name": "hyper-beam"}, "earliest_level": 98}, {"move": {"name": "solar-beam"}, "earliest_level": null}, {"move": {"name": "thunder-shock"}, "earliest_level": 1}, {"move": {"name": "thunderbolt"}, "earliest_level": null}, {"move": {"name": "thunder-wave"}, "earliest_level": null}, {"move": {"name": "thunder"}, "earliest_level": 84}, {"move": {"name": "agility"}, "earliest_level": 35}, {"move": {"name": "confuse-ray"}, "earliest_level": null}, {"move": {"name": "light-screen"}, "earliest_level": null}, {"move": {"name": "reflect"}, "earliest_level": null}, {"move": {"name": "rest"}, "earliest_level": null}, {"move": {"name": "substitute"}, "earliest_level": null}, {"move": {"name": "protect"}, "earliest_level": null}, {"move": {"name": "scary-face"}, "earliest_level": null}, {"move": {"name": "outrage"}, "earliest_level": 77}, {"move": {"name": "endure"}, "earliest_level": null}, {"move": {"name": "sleep-talk"}, "earliest_level": null}, {"move": {"name": "dragon-breath"}, "earliest_level": 1}, {"move": {"name": "crunch"}, "earliest_level": null}, {"move": {"name": "mirror-coat"}, "earliest_level": 70}, {"move": {"name": "facade"}, "earliest_level": null}, {"move": {"name": "charge"}, "earliest_level": 14}, {"move": {"name": "taunt"}, "earliest_level": null}, {"move": {"name": "helping-hand"}, "earliest_level": null}, {"move": {"name": "overheat"}, "earliest_level": 91}, {"move": {"name": "metal-sound"}, "earliest_level": 63}, {"move": {"name": "dragon-claw"}, "earliest_level": null}, {"move": {"name": "calm-mind"}, "earliest_level": null}, {"move": {"name": "shock-wave"}, "earliest_level": 7}, {"move": {"name": "u-turn"}, "earliest_level": null}, {"move": {"name": "dragon-pulse"}, "earliest_level": 42}, {"move": {"name": "power-gem"}, "earliest_level": null}, {"move": {"name": "giga-impact"}, "earliest_level": null}, {"move": {"name": "zen-headbutt"}, "earliest_level": null}, {"move": {"name": "flash-cannon"}, "earliest_level": null}, {"move": {"name": "draco-meteor"}, "earliest_level": null}, {"move": {"name": "discharge"}, "earliest_level": 28}, {"move": {"name": "charge-beam"}, "earliest_level": null}, {"move": {"name": "heavy-slam"}, "earliest_level": null}, {"move": {"name": "electro-ball"}, "earliest_level": null}, {"move": {"name": "acrobatics"}, "earliest_level": null}, {"move": {"name": "volt-switch"}, "earliest_level": null}, {"move": {"name": "dragon-tail"}, "earliest_level": null}, {"move": {"name": "wild-charge"}, "earliest_level": null}, {"move": {"name": "snarl"}, "earliest_level": null}, {"move": {"name": "parabolic-charge"}, "earliest_level": 21}, {"move": {"name": "eerie-impulse"}, "earliest_level": null}, {"move": {"name": "electric-terrain"}, "earliest_level": 1}, {"move": {"name": "dazzling-gleam"}, "earliest_level": null}, {"move": {"name": "tera-blast"}, "earliest_level": null}, {"move": {"name": "electro-drift"}, "earliest_level": 56}, {"move": {"name": "dragon-cheer"}, "earliest_level": null}, {"move": {"name": "supercell-slam"}, "earliest_level": null}], "species": {"url": "https://pokeapi.co/api/v2/pokemon-species/1008/"}, "height": 35, "weight": 2400}