{"id": 688, "name": "binacle", "types": [{"slot": 1, "type": {"name": "rock", "url": "https://pokeapi.co/api/v2/type/6/"}}, {"slot": 2, "type": {"name": "water", "url": "https://pokeapi.co/api/v2/type/11/"}}], "stats": [{"base_stat": 42, "effort": 0, "stat": {"name": "hp", "url": "https://pokeapi.co/api/v2/stat/1/"}}, {"base_stat": 52, "effort": 1, "stat": {"name": "attack", "url": "https://pokeapi.co/api/v2/stat/2/"}}, {"base_stat": 67, "effort": 0, "stat": {"name": "defense", "url": "https://pokeapi.co/api/v2/stat/3/"}}, {"base_stat": 39, "effort": 0, "stat": {"name": "special-attack", "url": "https://pokeapi.co/api/v2/stat/4/"}}, {"base_stat": 56, "effort": 0, "stat": {"name": "special-defense", "url": "https://pokeapi.co/api/v2/stat/5/"}}, {"base_stat": 50, "effort": 0, "stat": {"name": "speed", "url": "https://pokeapi.co/api/v2/stat/6/"}}], "abilities": [{"ability": {"name": "tough-claws", "url": "https://pokeapi.co/api/v2/ability/181/"}, "is_hidden": false, "slot": 1}, {"ability": {"name": "sniper", "url": "https://pokeapi.co/api/v2/ability/97/"}, "is_hidden": false, "slot": 2}, {"ability": {"name": "pickpocket", "url": "https://pokeapi.co/api/v2/ability/124/"}, "is_hidden": true, "slot": 3}], "sprites": {"front_default": "https://raw.githubusercontent.com/PokeAPI/sprites/master/sprites/pokemon/688.png"}, "moves": [{"move": {"name": "scratch"}, "earliest_level": 1}, {"move": {"name": "swords-dance"}, "earliest_level": null}, {"move": {"name": "cut"}, "earliest_level": null}, {"move": {"name": "sand-attack"}, "earliest_level": 1}, {"move": {"name": "water-gun"}, "earliest_level": 4}, {"move": {"name": "surf"}, "earliest_level": null}, {"move": {"name": "ice-beam"}, "earliest_level": null}, {"move": {"name": "blizzard"}, "earliest_level": null}, {"move": {"name": "strength"}, "earliest_level": null}, {"move": {"name": "earthquake"}, "earliest_level": null}, {"move": {"name": "dig"}, "earliest_level": null}, {"move": {"name": "toxic"}, "earliest_level": null}, {"move": {"name": "screech"}, "earliest_level": null}, {"move": {"name": "double-team"}, "earliest_level": null}, {"move": {"name": "withdraw"}, "earliest_level": 4}, {"move": {"name": "clamp"}, "earliest_level": 20}, {"move": {"name": "fury-swipes"}, "earliest_level": 10}, {"move": {"name": "rest"}, "earliest_level": null}, {"move": {"name": "rock-slide"}, "earliest_level": null}, {"move": {"name": "slash"}, "earliest_level": 13}, {"move": {"name": "substitute"}, "earliest_level": null}, {"move": {"name": "thief"}, "earliest_level": null}, {"move": {"name": "snore"}, "earliest_level": null}, {"move": {"name": "protect"}, "earliest_level": null}, {"move": {"name": "sludge-bomb"}, "earliest_level": null}, {"move": {"name": "mud-slap"}, "earliest_level": 1}, {"move": {"name": "icy-wind"}, "earliest_level": null}, {"move": {"name": "sandstorm"}, "earliest_level": null}, {"move": {"name": "endure"}, "earliest_level": null}, {"move": {"name": "false-swipe"}, "earliest_level": null}, {"move": {"name": "swagger"}, "earliest_level": null}, {"move": {"name": "fury-cutter"}, "earliest_level": 12}, {"move": {"name": "attract"}, "earliest_level": null}, {"move": {"name": "sleep-talk"}, "earliest_level": null}, {"move": {"name": "return"}, "earliest_level": null}, {"move": {"name": "frustration"}, "earliest_level": null}, {"move": {"name": "safeguard"}, "earliest_level": null}, {"move": {"name": "hidden-power"}, "earliest_level": null}, {"move": {"name": "cross-chop"}, "earliest_level": 44}, {"move": {"name": "rain-dance"}, "earliest_level": null}, {"move": {"name": "ancient-power"}, "earliest_level": 20}, {"move": {"name": "rock-smash"}, "earliest_level": null}, {"move": {"name": "beat-up"}, "earliest_level": null}, {"move": {"name": "uproar"}, "earliest_level": null}, {"move": {"name": "torment"}, "earliest_level": null}, {"move": {"name": "facade"}, "earliest_level": null}, {"move": {"name": "nature-power"}, "earliest_level": null}, {"move": {"name": "taunt"}, "earliest_level": null}, {"move": {"name": "helping-hand"}, "earliest_level": null}, {"move": {"name": "brick-break"}, "earliest_level": null}, {"move": {"name": "endeavor"}, "earliest_level": null}, {"move": {"name": "secret-power"}, "earliest_level": null}, {"move": {"name": "rock-tomb"}, "earliest_level": null}, {"move": {"name": "tickle"}, "earliest_level": null}, {"move": {"name": "aerial-ace"}, "earliest_level": null}, {"move": {"name": "iron-defense"}, "earliest_level": null}, {"move": {"name": "mud-shot"}, "earliest_level": null}, {"move": {"name": "water-sport"}, "earliest_level": null}, {"move": {"name": "rock-blast"}, "earliest_level": null}, {"move": {"name": "water-pulse"}, "earliest_level": null}, {"move": {"name": "payback"}, "earliest_level": null}, {"move": {"name": "assurance"}, "earliest_level": null}, {"move": {"name": "embargo"}, "earliest_level": null}, {"move": {"name": "fling"}, "earliest_level": null}, {"move": {"name": "rock-polish"}, "earliest_level": 24}, {"move": {"name": "poison-jab"}, "earliest_level": null}, {"move": {"name": "night-slash"}, "earliest_level": 41}, {"move": {"name": "x-scissor"}, "earliest_level": null}, {"move": {"name": "switcheroo"}, "earliest_level": null}, {"move": {"name": "shadow-claw"}, "earliest_level": null}, {"move": {"name": "stone-edge"}, "earliest_level": null}, {"move": {"name": "stealth-rock"}, "earliest_level": null}, {"move": {"name": "grass-knot"}, "earliest_level": null}, {"move": {"name": "hone-claws"}, "earliest_level": 32}, {"move": {"name": "smack-down"}, "earliest_level": null}, {"move": {"name": "sludge-wave"}, "earliest_level": null}, {"move": {"name": "round"}, "earliest_level": null}, {"move": {"name": "scald"}, "earliest_level": null}, {"move": {"name": "shell-smash"}, "earliest_level": 1}, {"move": {"name": "bulldoze"}, "earliest_level": null}, {"move": {"name": "dual-chop"}, "earliest_level": null}, {"move": {"name": "razor-shell"}, "earliest_level": 36}, {"move": {"name": "confide"}, "earliest_level": null}, {"move": {"name": "infestation"}, "earliest_level": null}, {"move": {"name": "power-up-punch"}, "earliest_level": null}, {"move": {"name": "liquidation"}, "earliest_level": null}], "species": {"url": "https://pokeapi.co/api/v2/pokemon-species/688/"}, "height": 5, "weight": 310}