{
  "abilities": [
    {
      "ability": {
        "name": "stakeout",
        "url": "https://pokeapi.co/api/v2/ability/198/"
      },
      "is_hidden": false,
      "slot": 1
    },
    {
      "ability": {
        "name": "strong-jaw",
        "url": "https://pokeapi.co/api/v2/ability/173/"
      },
      "is_hidden": false,
      "slot": 2
    },
    {
      "ability": {
        "name": "adaptability",
        "url": "https://pokeapi.co/api/v2/ability/91/"
      },
      "is_hidden": true,
      "slot": 3
    }
  ],
  "base_experience": 51,
  "cries": {
    "latest": "https://raw.githubusercontent.com/PokeAPI/cries/main/cries/pokemon/latest/734.ogg",
    "legacy": null
  },
  "forms": [
    {
      "name": "yungoos",
      "url": "https://pokeapi.co/api/v2/pokemon-form/734/"
    }
  ],
  "game_indices": [],
  "height": 4,
  "held_items": [
    {
      "item": {
        "name": "pecha-berry",
        "url": "https://pokeapi.co/api/v2/item/128/"
      },
      "version_details": [
        {
          "rarity": 5,
          "version": {
            "name": "sun",
            "url": "https://pokeapi.co/api/v2/version/27/"
          }
        },
        {
          "rarity": 5,
          "version": {
            "name": "moon",
            "url": "https://pokeapi.co/api/v2/version/28/"
          }
        },
        {
          "rarity": 5,
          "version": {
            "name": "ultra-sun",
            "url": "https://pokeapi.co/api/v2/version/29/"
          }
        },
        {
          "rarity": 5,
          "version": {
            "name": "ultra-moon",
            "url": "https://pokeapi.co/api/v2/version/30/"
          }
        }
      ]
    }
  ],
  "id": 734,
  "is_default": true,
  "location_area_encounters": "https://pokeapi.co/api/v2/pokemon/734/encounters",
  "moves": [
    {
      "move": {
        "name": "sand-attack",
        "url": "https://pokeapi.co/api/v2/move/28/"
      },
      "version_group_details": [
        {
          "level_learned_at": 10,
          "move_learn_method": {
            "name": "level-up",
            "url": "https://pokeapi.co/api/v2/move-learn-method/1/"
          },
          "order": null,
          "version_group": {
            "name": "sun-moon",
            "url": "https://pokeapi.co/api/v2/version-group/17/"
          }
        },
        {
          "level_learned_at": 10,
          "move_learn_method": {
            "name": "level-up",
            "url": "https://pokeapi.co/api/v2/move-learn-method/1/"
          },
          "order": null,
          "version_group": {
            "name": "ultra-sun-ultra-moon",
            "url": "https://pokeapi.co/api/v2/version-group/18/"
          }
        },
        {
          "level_learned_at": 10,
          "move_learn_method": {
            "name": "level-up",
            "url": "https://pokeapi.co/api/v2/move-learn-method/1/"
          },
          "order": null,
          "version_group": {
            "name": "scarlet-violet",
            "url": "https://pokeapi.co/api/v2/version-group/25/"
          }
        }
      ]
    },
    {
      "move": {
        "name": "tackle",
        "url": "https://pokeapi.co/api/v2/move/33/"
      },
      "version_group_details": [
        {
          "level_learned_at": 1,
          "move_learn_method": {
            "name": "level-up",
            "url": "https://pokeapi.co/api/v2/move-learn-method/1/"
          },
          "order": null,
          "version_group": {
            "name": "sun-moon",
            "url": "https://pokeapi.co/api/v2/version-group/17/"
          }
        },
        {
          "level_learned_at": 1,
          "move_learn_method": {
            "name": "level-up",
            "url": "https://pokeapi.co/api/v2/move-learn-method/1/"
          },
          "order": null,
          "version_group": {
            "name": "ultra-sun-ultra-moon",
            "url": "https://pokeapi.co/api/v2/version-group/18/"
          }
        },
        {
          "level_learned_at": 1,
          "move_learn_method": {
            "name": "level-up",
            "url": "https://pokeapi.co/api/v2/move-learn-method/1/"
          },
          "order": null,
          "version_group": {
            "name": "scarlet-violet",
            "url": "https://pokeapi.co/api/v2/version-group/25/"
          }
        }
      ]
    },
    {
      "move": {
        "name": "take-down",
        "url": "https://pokeapi.co/api/v2/move/36/"
      },
      "version_group_details": [
        {
          "level_learned_at": 28,
          "move_learn_method": {
            "name": "level-up",
            "url": "https://pokeapi.co/api/v2/move-learn-method/1/"
          },
          "order": null,
          "version_group": {
            "name": "sun-moon",
            "url": "https://pokeapi.co/api/v2/version-group/17/"
          }
        },
        {
          "level_learned_at": 28,
          "move_learn_method": {
            "name": "level-up",
            "url": "https://pokeapi.co/api/v2/move-learn-method/1/"
          },
          "order": null,
          "version_group": {
            "name": "ultra-sun-ultra-moon",
            "url": "https://pokeapi.co/api/v2/version-group/18/"
          }
        },
        {
          "level_learned_at": 28,
          "move_learn_method": {
            "name": "level-up",
            "url": "https://pokeapi.co/api/v2/move-learn-method/1/"
          },
          "order": null,
          "version_group": {
            "name": "scarlet-violet",
            "url": "https://pokeapi.co/api/v2/version-group/25/"
          }
        },
        {
          "level_learned_at": 0,
          "move_learn_method": {
            "name": "machine",
            "url": "https://pokeapi.co/api/v2/move-learn-method/4/"
          },
          "order": null,
          "version_group": {
            "name": "scarlet-violet",
            "url": "https://pokeapi.co/api/v2/version-group/25/"
          }
        }
      ]
    },
    {
      "move": {
        "name": "thrash",
        "url": "https://pokeapi.co/api/v2/move/37/"
      },
      "version_group_details": [
        {
          "level_learned_at": 43,
          "move_learn_method": {
            "name": "level-up",
            "url": "https://pokeapi.co/api/v2/move-learn-method/1/"
          },
          "order": null,
          "version_group": {
            "name": "sun-moon",
            "url": "https://pokeapi.co/api/v2/version-group/17/"
          }
        },
        {
          "level_learned_at": 43,
          "move_learn_method": {
            "name": "level-up",
            "url": "https://pokeapi.co/api/v2/move-learn-method/1/"
          },
          "order": null,
          "version_group": {
            "name": "ultra-sun-ultra-moon",
            "url": "https://pokeapi.co/api/v2/version-group/18/"
          }
        },
        {
          "level_learned_at": 40,
          "move_learn_method": {
            "name": "level-up",
            "url": "https://pokeapi.co/api/v2/move-learn-method/1/"
          },
          "order": null,
          "version_group": {
            "name": "scarlet-violet",
            "url": "https://pokeapi.co/api/v2/version-group/25/"
          }
        }
      ]
    },
    {
      "move": {
        "name": "double-edge",
        "url": "https://pokeapi.co/api/v2/move/38/"
      },
      "version_group_details": [
        {
          "level_learned_at": 0,
          "move_learn_method": {
            "name": "machine",
            "url": "https://pokeapi.co/api/v2/move-learn-method/4/"
          },
          "order": null,
          "version_group": {
            "name": "scarlet-violet",
            "url": "https://pokeapi.co/api/v2/version-group/25/"
          }
        }
      ]
    },
    {
      "move": {
        "name": "leer",
        "url": "https://pokeapi.co/api/v2/move/43/"
      },
      "version_group_details": [
        {
          "level_learned_at": 3,
          "move_learn_method": {
            "name": "level-up",
            "url": "https://pokeapi.co/api/v2/move-learn-method/1/"
          },
          "order": null,
          "version_group": {
            "name": "sun-moon",
            "url": "https://pokeapi.co/api/v2/version-group/17/"
          }
        },
        {
          "level_learned_at": 3,
          "move_learn_method": {
            "name": "level-up",
            "url": "https://pokeapi.co/api/v2/move-learn-method/1/"
          },
          "order": null,
          "version_group": {
            "name": "ultra-sun-ultra-moon",
            "url": "https://pokeapi.co/api/v2/version-group/18/"
          }
        },
        {
          "level_learned_at": 3,
          "move_learn_method": {
            "name": "level-up",
            "url": "https://pokeapi.co/api/v2/move-learn-method/1/"
          },
          "order": null,
          "version_group": {
            "name": "scarlet-violet",
            "url": "https://pokeapi.co/api/v2/version-group/25/"
          }
        }
      ]
    },
    {
      "move": {
        "name": "bite",
        "url": "https://pokeapi.co/api/v2/move/44/"
      },
      "version_group_details": [
        {
          "level_learned_at": 19,
          "move_learn_method": {
            "name": "level-up",
            "url": "https://pokeapi.co/api/v2/move-learn-method/1/"
          },
          "order": null,
          "version_group": {
            "name": "sun-moon",
            "url": "https://pokeapi.co/api/v2/version-group/17/"
          }
        },
        {
          "level_learned_at": 19,
          "move_learn_method": {
            "name": "level-up",
            "url": "https://pokeapi.co/api/v2/move-learn-method/1/"
          },
          "order": null,
          "version_group": {
            "name": "ultra-sun-ultra-moon",
            "url": "https://pokeapi.co/api/v2/version-group/18/"
          }
        },
        {
          "level_learned_at": 19,
          "move_learn_method": {
            "name": "level-up",
            "url": "https://pokeapi.co/api/v2/move-learn-method/1/"
          },
          "order": null,
          "version_group": {
            "name": "scarlet-violet",
            "url": "https://pokeapi.co/api/v2/version-group/25/"
          }
        }
      ]
    },
    {
      "move": {
        "name": "earthquake",
        "url": "https://pokeapi.co/api/v2/move/89/"
      },
      "version_group_details": [
        {
          "level_learned_at": 0,
          "move_learn_method": {
            "name": "machine",
            "url": "https://pokeapi.co/api/v2/move-learn-method/4/"
          },
          "order": null,
          "version_group": {
            "name": "sun-moon",
            "url": "https://pokeapi.co/api/v2/version-group/17/"
          }
        },
        {
          "level_learned_at": 0,
          "move_learn_method": {
            "name": "machine",
            "url": "https://pokeapi.co/api/v2/move-learn-method/4/"
          },
          "order": null,
          "version_group": {
            "name": "ultra-sun-ultra-moon",
            "url": "https://pokeapi.co/api/v2/version-group/18/"
          }
        }
      ]
    },
    {
      "move": {
        "name": "dig",
        "url": "https://pokeapi.co/api/v2/move/91/"
      },
      "version_group_details": [
        {
          "level_learned_at": 0,
          "move_learn_method": {
            "name": "machine",
            "url": "https://pokeapi.co/api/v2/move-learn-method/4/"
          },
          "order": null,
          "version_group": {
            "name": "scarlet-violet",
            "url": "https://pokeapi.co/api/v2/version-group/25/"
          }
        }
      ]
    },
    {
      "move": {
        "name": "toxic",
        "url": "https://pokeapi.co/api/v2/move/92/"
      },
      "version_group_details": [
        {
          "level_learned_at": 0,
          "move_learn_method": {
            "name": "machine",
            "url": "https://pokeapi.co/api/v2/move-learn-method/4/"
          },
          "order": null,
          "version_group": {
            "name": "sun-moon",
            "url": "https://pokeapi.co/api/v2/version-group/17/"
          }
        },
        {
          "level_learned_at": 0,
          "move_learn_method": {
            "name": "machine",
            "url": "https://pokeapi.co/api/v2/move-learn-method/4/"
          },
          "order": null,
          "version_group": {
            "name": "ultra-sun-ultra-moon",
            "url": "https://pokeapi.co/api/v2/version-group/18/"
          }
        }
      ]
    },
    {
      "move": {
        "name": "double-team",
        "url": "https://pokeapi.co/api/v2/move/104/"
      },
      "version_group_details": [
        {
          "level_learned_at": 0,
          "move_learn_method": {
            "name": "machine",
            "url": "https://pokeapi.co/api/v2/move-learn-method/4/"
          },
          "order": null,
          "version_group": {
            "name": "sun-moon",
            "url": "https://pokeapi.co/api/v2/version-group/17/"
          }
        },
        {
          "level_learned_at": 0,
          "move_learn_method": {
            "name": "machine",
            "url": "https://pokeapi.co/api/v2/move-learn-method/4/"
          },
          "order": null,
          "version_group": {
            "name": "ultra-sun-ultra-moon",
            "url": "https://pokeapi.co/api/v2/version-group/18/"
          }
        }
      ]
    },
    {
      "move": {
        "name": "bide",
        "url": "https://pokeapi.co/api/v2/move/117/"
      },
      "version_group_details": [
        {
          "level_learned_at": 16,
          "move_learn_method": {
            "name": "level-up",
            "url": "https://pokeapi.co/api/v2/move-learn-method/1/"
          },
          "order": null,
          "version_group": {
            "name": "sun-moon",
            "url": "https://pokeapi.co/api/v2/version-group/17/"
          }
        },
        {
          "level_learned_at": 16,
          "move_learn_method": {
            "name": "level-up",
            "url": "https://pokeapi.co/api/v2/move-learn-method/1/"
          },
          "order": null,
          "version_group": {
            "name": "ultra-sun-ultra-moon",
            "url": "https://pokeapi.co/api/v2/version-group/18/"
          }
        }
      ]
    },
    {
      "move": {
        "name": "rest",
        "url": "https://pokeapi.co/api/v2/move/156/"
      },
      "version_group_details": [
        {
          "level_learned_at": 46,
          "move_learn_method": {
            "name": "level-up",
            "url": "https://pokeapi.co/api/v2/move-learn-method/1/"
          },
          "order": null,
          "version_group": {
            "name": "sun-moon",
            "url": "https://pokeapi.co/api/v2/version-group/17/"
          }
        },
        {
          "level_learned_at": 0,
          "move_learn_method": {
            "name": "machine",
            "url": "https://pokeapi.co/api/v2/move-learn-method/4/"
          },
          "order": null,
          "version_group": {
            "name": "sun-moon",
            "url": "https://pokeapi.co/api/v2/version-group/17/"
          }
        },
        {
          "level_learned_at": 46,
          "move_learn_method": {
            "name": "level-up",
            "url": "https://pokeapi.co/api/v2/move-learn-method/1/"
          },
          "order": null,
          "version_group": {
            "name": "ultra-sun-ultra-moon",
            "url": "https://pokeapi.co/api/v2/version-group/18/"
          }
        },
        {
          "level_learned_at": 0,
          "move_learn_method": {
            "name": "machine",
            "url": "https://pokeapi.co/api/v2/move-learn-method/4/"
          },
          "order": null,
          "version_group": {
            "name": "ultra-sun-ultra-moon",
            "url": "https://pokeapi.co/api/v2/version-group/18/"
          }
        },
        {
          "level_learned_at": 43,
          "move_learn_method": {
            "name": "level-up",
            "url": "https://pokeapi.co/api/v2/move-learn-method/1/"
          },
          "order": null,
          "version_group": {
            "name": "scarlet-violet",
            "url": "https://pokeapi.co/api/v2/version-group/25/"
          }
        },
        {
          "level_learned_at": 0,
          "move_learn_method": {
            "name": "machine",
            "url": "https://pokeapi.co/api/v2/move-learn-method/4/"
          },
          "order": null,
          "version_group": {
            "name": "scarlet-violet",
            "url": "https://pokeapi.co/api/v2/version-group/25/"
          }
        }
      ]
    },
    {
      "move": {
        "name": "hyper-fang",
        "url": "https://pokeapi.co/api/v2/move/158/"
      },
      "version_group_details": [
        {
          "level_learned_at": 37,
          "move_learn_method": {
            "name": "level-up",
            "url": "https://pokeapi.co/api/v2/move-learn-method/1/"
          },
          "order": null,
          "version_group": {
            "name": "sun-moon",
            "url": "https://pokeapi.co/api/v2/version-group/17/"
          }
        },
        {
          "level_learned_at": 37,
          "move_learn_method": {
            "name": "level-up",
            "url": "https://pokeapi.co/api/v2/move-learn-method/1/"
          },
          "order": null,
          "version_group": {
            "name": "ultra-sun-ultra-moon",
            "url": "https://pokeapi.co/api/v2/version-group/18/"
          }
        }
      ]
    },
    {
      "move": {
        "name": "super-fang",
        "url": "https://pokeapi.co/api/v2/move/162/"
      },
      "version_group_details": [
        {
          "level_learned_at": 25,
          "move_learn_method": {
            "name": "level-up",
            "url": "https://pokeapi.co/api/v2/move-learn-method/1/"
          },
          "order": null,
          "version_group": {
            "name": "sun-moon",
            "url": "https://pokeapi.co/api/v2/version-group/17/"
          }
        },
        {
          "level_learned_at": 25,
          "move_learn_method": {
            "name": "level-up",
            "url": "https://pokeapi.co/api/v2/move-learn-method/1/"
          },
          "order": null,
          "version_group": {
            "name": "ultra-sun-ultra-moon",
            "url": "https://pokeapi.co/api/v2/version-group/18/"
          }
        },
        {
          "level_learned_at": 0,
          "move_learn_method": {
            "name": "tutor",
            "url": "https://pokeapi.co/api/v2/move-learn-method/3/"
          },
          "order": null,
          "version_group": {
            "name": "ultra-sun-ultra-moon",
            "url": "https://pokeapi.co/api/v2/version-group/18/"
          }
        },
        {
          "level_learned_at": 25,
          "move_learn_method": {
            "name": "level-up",
            "url": "https://pokeapi.co/api/v2/move-learn-method/1/"
          },
          "order": null,
          "version_group": {
            "name": "scarlet-violet",
            "url": "https://pokeapi.co/api/v2/version-group/25/"
          }
        },
        {
          "level_learned_at": 0,
          "move_learn_method": {
            "name": "machine",
            "url": "https://pokeapi.co/api/v2/move-learn-method/4/"
          },
          "order": null,
          "version_group": {
            "name": "scarlet-violet",
            "url": "https://pokeapi.co/api/v2/version-group/25/"
          }
        }
      ]
    },
    {
      "move": {
        "name": "substitute",
        "url": "https://pokeapi.co/api/v2/move/164/"
      },
      "version_group_details": [
        {
          "level_learned_at": 0,
          "move_learn_method": {
            "name": "machine",
            "url": "https://pokeapi.co/api/v2/move-learn-method/4/"
          },
          "order": null,
          "version_group": {
            "name": "sun-moon",
            "url": "https://pokeapi.co/api/v2/version-group/17/"
          }
        },
        {
          "level_learned_at": 0,
          "move_learn_method": {
            "name": "machine",
            "url": "https://pokeapi.co/api/v2/move-learn-method/4/"
          },
          "order": null,
          "version_group": {
            "name": "ultra-sun-ultra-moon",
            "url": "https://pokeapi.co/api/v2/version-group/18/"
          }
        },
        {
          "level_learned_at": 0,
          "move_learn_method": {
            "name": "machine",
            "url": "https://pokeapi.co/api/v2/move-learn-method/4/"
          },
          "order": null,
          "version_group": {
            "name": "scarlet-violet",
            "url": "https://pokeapi.co/api/v2/version-group/25/"
          }
        }
      ]
    },
    {
      "move": {
        "name": "thief",
        "url": "https://pokeapi.co/api/v2/move/168/"
      },
      "version_group_details": [
        {
          "level_learned_at": 0,
          "move_learn_method": {
            "name": "machine",
            "url": "https://pokeapi.co/api/v2/move-learn-method/4/"
          },
          "order": null,
          "version_group": {
            "name": "sun-moon",
            "url": "https://pokeapi.co/api/v2/version-group/17/"
          }
        },
        {
          "level_learned_at": 0,
          "move_learn_method": {
            "name": "machine",
            "url": "https://pokeapi.co/api/v2/move-learn-method/4/"
          },
          "order": null,
          "version_group": {
            "name": "ultra-sun-ultra-moon",
            "url": "https://pokeapi.co/api/v2/version-group/18/"
          }
        },
        {
          "level_learned_at": 0,
          "move_learn_method": {
            "name": "machine",
            "url": "https://pokeapi.co/api/v2/move-learn-method/4/"
          },
          "order": null,
          "version_group": {
            "name": "scarlet-violet",
            "url": "https://pokeapi.co/api/v2/version-group/25/"
          }
        }
      ]
    },
    {
      "move": {
        "name": "snore",
        "url": "https://pokeapi.co/api/v2/move/173/"
      },
      "version_group_details": [
        {
          "level_learned_at": 0,
          "move_learn_method": {
            "name": "tutor",
            "url": "https://pokeapi.co/api/v2/move-learn-method/3/"
          },
          "order": null,
          "version_group": {
            "name": "ultra-sun-ultra-moon",
            "url": "https://pokeapi.co/api/v2/version-group/18/"
          }
        }
      ]
    },
    {
      "move": {
        "name": "reversal",
        "url": "https://pokeapi.co/api/v2/move/179/"
      },
      "version_group_details": [
        {
          "level_learned_at": 0,
          "move_learn_method": {
            "name": "machine",
            "url": "https://pokeapi.co/api/v2/move-learn-method/4/"
          },
          "order": null,
          "version_group": {
            "name": "scarlet-violet",
            "url": "https://pokeapi.co/api/v2/version-group/25/"
          }
        }
      ]
    },
    {
      "move": {
        "name": "protect",
        "url": "https://pokeapi.co/api/v2/move/182/"
      },
      "version_group_details": [
        {
          "level_learned_at": 0,
          "move_learn_method": {
            "name": "machine",
            "url": "https://pokeapi.co/api/v2/move-learn-method/4/"
          },
          "order": null,
          "version_group": {
            "name": "sun-moon",
            "url": "https://pokeapi.co/api/v2/version-group/17/"
          }
        },
        {
          "level_learned_at": 0,
          "move_learn_method": {
            "name": "machine",
            "url": "https://pokeapi.co/api/v2/move-learn-method/4/"
          },
          "order": null,
          "version_group": {
            "name": "ultra-sun-ultra-moon",
            "url": "https://pokeapi.co/api/v2/version-group/18/"
          }
        },
        {
          "level_learned_at": 0,
          "move_learn_method": {
            "name": "machine",
            "url": "https://pokeapi.co/api/v2/move-learn-method/4/"
          },
          "order": null,
          "version_group": {
            "name": "scarlet-violet",
            "url": "https://pokeapi.co/api/v2/version-group/25/"
          }
        }
      ]
    },
    {
      "move": {
        "name": "scary-face",
        "url": "https://pokeapi.co/api/v2/move/184/"
      },
      "version_group_details": [
        {
          "level_learned_at": 31,
          "move_learn_method": {
            "name": "level-up",
            "url": "https://pokeapi.co/api/v2/move-learn-method/1/"
          },
          "order": null,
          "version_group": {
            "name": "sun-moon",
            "url": "https://pokeapi.co/api/v2/version-group/17/"
          }
        },
        {
          "level_learned_at": 31,
          "move_learn_method": {
            "name": "level-up",
            "url": "https://pokeapi.co/api/v2/move-learn-method/1/"
          },
          "order": null,
          "version_group": {
            "name": "ultra-sun-ultra-moon",
            "url": "https://pokeapi.co/api/v2/version-group/18/"
          }
        },
        {
          "level_learned_at": 31,
          "move_learn_method": {
            "name": "level-up",
            "url": "https://pokeapi.co/api/v2/move-learn-method/1/"
          },
          "order": null,
          "version_group": {
            "name": "scarlet-violet",
            "url": "https://pokeapi.co/api/v2/version-group/25/"
          }
        },
        {
          "level_learned_at": 0,
          "move_learn_method": {
            "name": "machine",
            "url": "https://pokeapi.co/api/v2/move-learn-method/4/"
          },
          "order": null,
          "version_group": {
            "name": "scarlet-violet",
            "url": "https://pokeapi.co/api/v2/version-group/25/"
          }
        }
      ]
    },
    {
      "move": {
        "name": "mud-slap",
        "url": "https://pokeapi.co/api/v2/move/189/"
      },
      "version_group_details": [
        {
          "level_learned_at": 22,
          "move_learn_method": {
            "name": "level-up",
            "url": "https://pokeapi.co/api/v2/move-learn-method/1/"
          },
          "order": null,
          "version_group": {
            "name": "sun-moon",
            "url": "https://pokeapi.co/api/v2/version-group/17/"
          }
        },
        {
          "level_learned_at": 22,
          "move_learn_method": {
            "name": "level-up",
            "url": "https://pokeapi.co/api/v2/move-learn-method/1/"
          },
          "order": null,
          "version_group": {
            "name": "ultra-sun-ultra-moon",
            "url": "https://pokeapi.co/api/v2/version-group/18/"
          }
        },
        {
          "level_learned_at": 22,
          "move_learn_method": {
            "name": "level-up",
            "url": "https://pokeapi.co/api/v2/move-learn-method/1/"
          },
          "order": null,
          "version_group": {
            "name": "scarlet-violet",
            "url": "https://pokeapi.co/api/v2/version-group/25/"
          }
        },
        {
          "level_learned_at": 0,
          "move_learn_method": {
            "name": "machine",
            "url": "https://pokeapi.co/api/v2/move-learn-method/4/"
          },
          "order": null,
          "version_group": {
            "name": "scarlet-violet",
            "url": "https://pokeapi.co/api/v2/version-group/25/"
          }
        }
      ]
    },
    {
      "move": {
        "name": "sandstorm",
        "url": "https://pokeapi.co/api/v2/move/201/"
      },
      "version_group_details": [
        {
          "level_learned_at": 0,
          "move_learn_method": {
            "name": "machine",
            "url": "https://pokeapi.co/api/v2/move-learn-method/4/"
          },
          "order": null,
          "version_group": {
            "name": "sun-moon",
            "url": "https://pokeapi.co/api/v2/version-group/17/"
          }
        },
        {
          "level_learned_at": 0,
          "move_learn_method": {
            "name": "machine",
            "url": "https://pokeapi.co/api/v2/move-learn-method/4/"
          },
          "order": null,
          "version_group": {
            "name": "ultra-sun-ultra-moon",
            "url": "https://pokeapi.co/api/v2/version-group/18/"
          }
        },
        {
          "level_learned_at": 0,
          "move_learn_method": {
            "name": "machine",
            "url": "https://pokeapi.co/api/v2/move-learn-method/4/"
          },
          "order": null,
          "version_group": {
            "name": "scarlet-violet",
            "url": "https://pokeapi.co/api/v2/version-group/25/"
          }
        }
      ]
    },
    {
      "move": {
        "name": "endure",
        "url": "https://pokeapi.co/api/v2/move/203/"
      },
      "version_group_details": [
        {
          "level_learned_at": 0,
          "move_learn_method": {
            "name": "machine",
            "url": "https://pokeapi.co/api/v2/move-learn-method/4/"
          },
          "order": null,
          "version_group": {
            "name": "scarlet-violet",
            "url": "https://pokeapi.co/api/v2/version-group/25/"
          }
        }
      ]
    },
    {
      "move": {
        "name": "swagger",
        "url": "https://pokeapi.co/api/v2/move/207/"
      },
      "version_group_details": [
        {
          "level_learned_at": 0,
          "move_learn_method": {
            "name": "machine",
            "url": "https://pokeapi.co/api/v2/move-learn-method/4/"
          },
          "order": null,
          "version_group": {
            "name": "sun-moon",
            "url": "https://pokeapi.co/api/v2/version-group/17/"
          }
        },
        {
          "level_learned_at": 0,
          "move_learn_method": {
            "name": "machine",
            "url": "https://pokeapi.co/api/v2/move-learn-method/4/"
          },
          "order": null,
          "version_group": {
            "name": "ultra-sun-ultra-moon",
            "url": "https://pokeapi.co/api/v2/version-group/18/"
          }
        }
      ]
    },
    {
      "move": {
        "name": "attract",
        "url": "https://pokeapi.co/api/v2/move/213/"
      },
      "version_group_details": [
        {
          "level_learned_at": 0,
          "move_learn_method": {
            "name": "machine",
            "url": "https://pokeapi.co/api/v2/move-learn-method/4/"
          },
          "order": null,
          "version_group": {
            "name": "sun-moon",
            "url": "https://pokeapi.co/api/v2/version-group/17/"
          }
        },
        {
          "level_learned_at": 0,
          "move_learn_method": {
            "name": "machine",
            "url": "https://pokeapi.co/api/v2/move-learn-method/4/"
          },
          "order": null,
          "version_group": {
            "name": "ultra-sun-ultra-moon",
            "url": "https://pokeapi.co/api/v2/version-group/18/"
          }
        }
      ]
    },
    {
      "move": {
        "name": "sleep-talk",
        "url": "https://pokeapi.co/api/v2/move/214/"
      },
      "version_group_details": [
        {
          "level_learned_at": 0,
          "move_learn_method": {
            "name": "machine",
            "url": "https://pokeapi.co/api/v2/move-learn-method/4/"
          },
          "order": null,
          "version_group": {
            "name": "sun-moon",
            "url": "https://pokeapi.co/api/v2/version-group/17/"
          }
        },
        {
          "level_learned_at": 0,
          "move_learn_method": {
            "name": "machine",
            "url": "https://pokeapi.co/api/v2/move-learn-method/4/"
          },
          "order": null,
          "version_group": {
            "name": "ultra-sun-ultra-moon",
            "url": "https://pokeapi.co/api/v2/version-group/18/"
          }
        },
        {
          "level_learned_at": 0,
          "move_learn_method": {
            "name": "machine",
            "url": "https://pokeapi.co/api/v2/move-learn-method/4/"
          },
          "order": null,
          "version_group": {
            "name": "scarlet-violet",
            "url": "https://pokeapi.co/api/v2/version-group/25/"
          }
        }
      ]
    },
    {
      "move": {
        "name": "return",
        "url": "https://pokeapi.co/api/v2/move/216/"
      },
      "version_group_details": [
        {
          "level_learned_at": 0,
          "move_learn_method": {
            "name": "machine",
            "url": "https://pokeapi.co/api/v2/move-learn-method/4/"
          },
          "order": null,
          "version_group": {
            "name": "sun-moon",
            "url": "https://pokeapi.co/api/v2/version-group/17/"
          }
        },
        {
          "level_learned_at": 0,
          "move_learn_method": {
            "name": "machine",
            "url": "https://pokeapi.co/api/v2/move-learn-method/4/"
          },
          "order": null,
          "version_group": {
            "name": "ultra-sun-ultra-moon",
            "url": "https://pokeapi.co/api/v2/version-group/18/"
          }
        }
      ]
    },
    {
      "move": {
        "name": "frustration",
        "url": "https://pokeapi.co/api/v2/move/218/"
      },
      "version_group_details": [
        {
          "level_learned_at": 0,
          "move_learn_method": {
            "name": "machine",
            "url": "https://pokeapi.co/api/v2/move-learn-method/4/"
          },
          "order": null,
          "version_group": {
            "name": "sun-moon",
            "url": "https://pokeapi.co/api/v2/version-group/17/"
          }
        },
        {
          "level_learned_at": 0,
          "move_learn_method": {
            "name": "machine",
            "url": "https://pokeapi.co/api/v2/move-learn-method/4/"
          },
          "order": null,
          "version_group": {
            "name": "ultra-sun-ultra-moon",
            "url": "https://pokeapi.co/api/v2/version-group/18/"
          }
        }
      ]
    },
    {
      "move": {
        "name": "pursuit",
        "url": "https://pokeapi.co/api/v2/move/228/"
      },
      "version_group_details": [
        {
          "level_learned_at": 7,
          "move_learn_method": {
            "name": "level-up",
            "url": "https://pokeapi.co/api/v2/move-learn-method/1/"
          },
          "order": null,
          "version_group": {
            "name": "sun-moon",
            "url": "https://pokeapi.co/api/v2/version-group/17/"
          }
        },
        {
          "level_learned_at": 7,
          "move_learn_method": {
            "name": "level-up",
            "url": "https://pokeapi.co/api/v2/move-learn-method/1/"
          },
          "order": null,
          "version_group": {
            "name": "ultra-sun-ultra-moon",
            "url": "https://pokeapi.co/api/v2/version-group/18/"
          }
        }
      ]
    },
    {
      "move": {
        "name": "iron-tail",
        "url": "https://pokeapi.co/api/v2/move/231/"
      },
      "version_group_details": [
        {
          "level_learned_at": 0,
          "move_learn_method": {
            "name": "tutor",
            "url": "https://pokeapi.co/api/v2/move-learn-method/3/"
          },
          "order": null,
          "version_group": {
            "name": "ultra-sun-ultra-moon",
            "url": "https://pokeapi.co/api/v2/version-group/18/"
          }
        }
      ]
    },
    {
      "move": {
        "name": "hidden-power",
        "url": "https://pokeapi.co/api/v2/move/237/"
      },
      "version_group_details": [
        {
          "level_learned_at": 0,
          "move_learn_method": {
            "name": "machine",
            "url": "https://pokeapi.co/api/v2/move-learn-method/4/"
          },
          "order": null,
          "version_group": {
            "name": "sun-moon",
            "url": "https://pokeapi.co/api/v2/version-group/17/"
          }
        },
        {
          "level_learned_at": 0,
          "move_learn_method": {
            "name": "machine",
            "url": "https://pokeapi.co/api/v2/move-learn-method/4/"
          },
          "order": null,
          "version_group": {
            "name": "ultra-sun-ultra-moon",
            "url": "https://pokeapi.co/api/v2/version-group/18/"
          }
        }
      ]
    },
    {
      "move": {
        "name": "rain-dance",
        "url": "https://pokeapi.co/api/v2/move/240/"
      },
      "version_group_details": [
        {
          "level_learned_at": 0,
          "move_learn_method": {
            "name": "machine",
            "url": "https://pokeapi.co/api/v2/move-learn-method/4/"
          },
          "order": null,
          "version_group": {
            "name": "scarlet-violet",
            "url": "https://pokeapi.co/api/v2/version-group/25/"
          }
        }
      ]
    },
    {
      "move": {
        "name": "sunny-day",
        "url": "https://pokeapi.co/api/v2/move/241/"
      },
      "version_group_details": [
        {
          "level_learned_at": 0,
          "move_learn_method": {
            "name": "machine",
            "url": "https://pokeapi.co/api/v2/move-learn-method/4/"
          },
          "order": null,
          "version_group": {
            "name": "scarlet-violet",
            "url": "https://pokeapi.co/api/v2/version-group/25/"
          }
        }
      ]
    },
    {
      "move": {
        "name": "crunch",
        "url": "https://pokeapi.co/api/v2/move/242/"
      },
      "version_group_details": [
        {
          "level_learned_at": 34,
          "move_learn_method": {
            "name": "level-up",
            "url": "https://pokeapi.co/api/v2/move-learn-method/1/"
          },
          "order": null,
          "version_group": {
            "name": "sun-moon",
            "url": "https://pokeapi.co/api/v2/version-group/17/"
          }
        },
        {
          "level_learned_at": 34,
          "move_learn_method": {
            "name": "level-up",
            "url": "https://pokeapi.co/api/v2/move-learn-method/1/"
          },
          "order": null,
          "version_group": {
            "name": "ultra-sun-ultra-moon",
            "url": "https://pokeapi.co/api/v2/version-group/18/"
          }
        },
        {
          "level_learned_at": 34,
          "move_learn_method": {
            "name": "level-up",
            "url": "https://pokeapi.co/api/v2/move-learn-method/1/"
          },
          "order": null,
          "version_group": {
            "name": "scarlet-violet",
            "url": "https://pokeapi.co/api/v2/version-group/25/"
          }
        },
        {
          "level_learned_at": 0,
          "move_learn_method": {
            "name": "machine",
            "url": "https://pokeapi.co/api/v2/move-learn-method/4/"
          },
          "order": null,
          "version_group": {
            "name": "scarlet-violet",
            "url": "https://pokeapi.co/api/v2/version-group/25/"
          }
        }
      ]
    },
    {
      "move": {
        "name": "uproar",
        "url": "https://pokeapi.co/api/v2/move/253/"
      },
      "version_group_details": [
        {
          "level_learned_at": 0,
          "move_learn_method": {
            "name": "tutor",
            "url": "https://pokeapi.co/api/v2/move-learn-method/3/"
          },
          "order": null,
          "version_group": {
            "name": "ultra-sun-ultra-moon",
            "url": "https://pokeapi.co/api/v2/version-group/18/"
          }
        }
      ]
    },
    {
      "move": {
        "name": "torment",
        "url": "https://pokeapi.co/api/v2/move/259/"
      },
      "version_group_details": [
        {
          "level_learned_at": 0,
          "move_learn_method": {
            "name": "machine",
            "url": "https://pokeapi.co/api/v2/move-learn-method/4/"
          },
          "order": null,
          "version_group": {
            "name": "sun-moon",
            "url": "https://pokeapi.co/api/v2/version-group/17/"
          }
        },
        {
          "level_learned_at": 0,
          "move_learn_method": {
            "name": "machine",
            "url": "https://pokeapi.co/api/v2/move-learn-method/4/"
          },
          "order": null,
          "version_group": {
            "name": "ultra-sun-ultra-moon",
            "url": "https://pokeapi.co/api/v2/version-group/18/"
          }
        }
      ]
    },
    {
      "move": {
        "name": "facade",
        "url": "https://pokeapi.co/api/v2/move/263/"
      },
      "version_group_details": [
        {
          "level_learned_at": 0,
          "move_learn_method": {
            "name": "machine",
            "url": "https://pokeapi.co/api/v2/move-learn-method/4/"
          },
          "order": null,
          "version_group": {
            "name": "sun-moon",
            "url": "https://pokeapi.co/api/v2/version-group/17/"
          }
        },
        {
          "level_learned_at": 0,
          "move_learn_method": {
            "name": "machine",
            "url": "https://pokeapi.co/api/v2/move-learn-method/4/"
          },
          "order": null,
          "version_group": {
            "name": "ultra-sun-ultra-moon",
            "url": "https://pokeapi.co/api/v2/version-group/18/"
          }
        },
        {
          "level_learned_at": 0,
          "move_learn_method": {
            "name": "machine",
            "url": "https://pokeapi.co/api/v2/move-learn-method/4/"
          },
          "order": null,
          "version_group": {
            "name": "scarlet-violet",
            "url": "https://pokeapi.co/api/v2/version-group/25/"
          }
        }
      ]
    },
    {
      "move": {
        "name": "taunt",
        "url": "https://pokeapi.co/api/v2/move/269/"
      },
      "version_group_details": [
        {
          "level_learned_at": 0,
          "move_learn_method": {
            "name": "machine",
            "url": "https://pokeapi.co/api/v2/move-learn-method/4/"
          },
          "order": null,
          "version_group": {
            "name": "sun-moon",
            "url": "https://pokeapi.co/api/v2/version-group/17/"
          }
        },
        {
          "level_learned_at": 0,
          "move_learn_method": {
            "name": "machine",
            "url": "https://pokeapi.co/api/v2/move-learn-method/4/"
          },
          "order": null,
          "version_group": {
            "name": "ultra-sun-ultra-moon",
            "url": "https://pokeapi.co/api/v2/version-group/18/"
          }
        },
        {
          "level_learned_at": 0,
          "move_learn_method": {
            "name": "machine",
            "url": "https://pokeapi.co/api/v2/move-learn-method/4/"
          },
          "order": null,
          "version_group": {
            "name": "scarlet-violet",
            "url": "https://pokeapi.co/api/v2/version-group/25/"
          }
        }
      ]
    },
    {
      "move": {
        "name": "helping-hand",
        "url": "https://pokeapi.co/api/v2/move/270/"
      },
      "version_group_details": [
        {
          "level_learned_at": 0,
          "move_learn_method": {
            "name": "machine",
            "url": "https://pokeapi.co/api/v2/move-learn-method/4/"
          },
          "order": null,
          "version_group": {
            "name": "scarlet-violet",
            "url": "https://pokeapi.co/api/v2/version-group/25/"
          }
        }
      ]
    },
    {
      "move": {
        "name": "revenge",
        "url": "https://pokeapi.co/api/v2/move/279/"
      },
      "version_group_details": [
        {
          "level_learned_at": 0,
          "move_learn_method": {
            "name": "egg",
            "url": "https://pokeapi.co/api/v2/move-learn-method/2/"
          },
          "order": null,
          "version_group": {
            "name": "sun-moon",
            "url": "https://pokeapi.co/api/v2/version-group/17/"
          }
        },
        {
          "level_learned_at": 0,
          "move_learn_method": {
            "name": "egg",
            "url": "https://pokeapi.co/api/v2/move-learn-method/2/"
          },
          "order": null,
          "version_group": {
            "name": "ultra-sun-ultra-moon",
            "url": "https://pokeapi.co/api/v2/version-group/18/"
          }
        }
      ]
    },
    {
      "move": {
        "name": "yawn",
        "url": "https://pokeapi.co/api/v2/move/281/"
      },
      "version_group_details": [
        {
          "level_learned_at": 40,
          "move_learn_method": {
            "name": "level-up",
            "url": "https://pokeapi.co/api/v2/move-learn-method/1/"
          },
          "order": null,
          "version_group": {
            "name": "sun-moon",
            "url": "https://pokeapi.co/api/v2/version-group/17/"
          }
        },
        {
          "level_learned_at": 40,
          "move_learn_method": {
            "name": "level-up",
            "url": "https://pokeapi.co/api/v2/move-learn-method/1/"
          },
          "order": null,
          "version_group": {
            "name": "ultra-sun-ultra-moon",
            "url": "https://pokeapi.co/api/v2/version-group/18/"
          }
        },
        {
          "level_learned_at": 37,
          "move_learn_method": {
            "name": "level-up",
            "url": "https://pokeapi.co/api/v2/move-learn-method/1/"
          },
          "order": null,
          "version_group": {
            "name": "scarlet-violet",
            "url": "https://pokeapi.co/api/v2/version-group/25/"
          }
        }
      ]
    },
    {
      "move": {
        "name": "endeavor",
        "url": "https://pokeapi.co/api/v2/move/283/"
      },
      "version_group_details": [
        {
          "level_learned_at": 0,
          "move_learn_method": {
            "name": "tutor",
            "url": "https://pokeapi.co/api/v2/move-learn-method/3/"
          },
          "order": null,
          "version_group": {
            "name": "ultra-sun-ultra-moon",
            "url": "https://pokeapi.co/api/v2/version-group/18/"
          }
        },
        {
          "level_learned_at": 0,
          "move_learn_method": {
            "name": "egg",
            "url": "https://pokeapi.co/api/v2/move-learn-method/2/"
          },
          "order": null,
          "version_group": {
            "name": "scarlet-violet",
            "url": "https://pokeapi.co/api/v2/version-group/25/"
          }
        },
        {
          "level_learned_at": 0,
          "move_learn_method": {
            "name": "machine",
            "url": "https://pokeapi.co/api/v2/move-learn-method/4/"
          },
          "order": null,
          "version_group": {
            "name": "scarlet-violet",
            "url": "https://pokeapi.co/api/v2/version-group/25/"
          }
        }
      ]
    },
    {
      "move": {
        "name": "odor-sleuth",
        "url": "https://pokeapi.co/api/v2/move/316/"
      },
      "version_group_details": [
        {
          "level_learned_at": 13,
          "move_learn_method": {
            "name": "level-up",
            "url": "https://pokeapi.co/api/v2/move-learn-method/1/"
          },
          "order": null,
          "version_group": {
            "name": "sun-moon",
            "url": "https://pokeapi.co/api/v2/version-group/17/"
          }
        },
        {
          "level_learned_at": 13,
          "move_learn_method": {
            "name": "level-up",
            "url": "https://pokeapi.co/api/v2/move-learn-method/1/"
          },
          "order": null,
          "version_group": {
            "name": "ultra-sun-ultra-moon",
            "url": "https://pokeapi.co/api/v2/version-group/18/"
          }
        }
      ]
    },
    {
      "move": {
        "name": "rock-tomb",
        "url": "https://pokeapi.co/api/v2/move/317/"
      },
      "version_group_details": [
        {
          "level_learned_at": 0,
          "move_learn_method": {
            "name": "machine",
            "url": "https://pokeapi.co/api/v2/move-learn-method/4/"
          },
          "order": null,
          "version_group": {
            "name": "sun-moon",
            "url": "https://pokeapi.co/api/v2/version-group/17/"
          }
        },
        {
          "level_learned_at": 0,
          "move_learn_method": {
            "name": "machine",
            "url": "https://pokeapi.co/api/v2/move-learn-method/4/"
          },
          "order": null,
          "version_group": {
            "name": "ultra-sun-ultra-moon",
            "url": "https://pokeapi.co/api/v2/version-group/18/"
          }
        },
        {
          "level_learned_at": 0,
          "move_learn_method": {
            "name": "machine",
            "url": "https://pokeapi.co/api/v2/move-learn-method/4/"
          },
          "order": null,
          "version_group": {
            "name": "scarlet-violet",
            "url": "https://pokeapi.co/api/v2/version-group/25/"
          }
        }
      ]
    },
    {
      "move": {
        "name": "mud-shot",
        "url": "https://pokeapi.co/api/v2/move/341/"
      },
      "version_group_details": [
        {
          "level_learned_at": 0,
          "move_learn_method": {
            "name": "machine",
            "url": "https://pokeapi.co/api/v2/move-learn-method/4/"
          },
          "order": null,
          "version_group": {
            "name": "scarlet-violet",
            "url": "https://pokeapi.co/api/v2/version-group/25/"
          }
        }
      ]
    },
    {
      "move": {
        "name": "shock-wave",
        "url": "https://pokeapi.co/api/v2/move/351/"
      },
      "version_group_details": [
        {
          "level_learned_at": 0,
          "move_learn_method": {
            "name": "tutor",
            "url": "https://pokeapi.co/api/v2/move-learn-method/3/"
          },
          "order": null,
          "version_group": {
            "name": "ultra-sun-ultra-moon",
            "url": "https://pokeapi.co/api/v2/version-group/18/"
          }
        }
      ]
    },
    {
      "move": {
        "name": "u-turn",
        "url": "https://pokeapi.co/api/v2/move/369/"
      },
      "version_group_details": [
        {
          "level_learned_at": 0,
          "move_learn_method": {
            "name": "machine",
            "url": "https://pokeapi.co/api/v2/move-learn-method/4/"
          },
          "order": null,
          "version_group": {
            "name": "sun-moon",
            "url": "https://pokeapi.co/api/v2/version-group/17/"
          }
        },
        {
          "level_learned_at": 0,
          "move_learn_method": {
            "name": "machine",
            "url": "https://pokeapi.co/api/v2/move-learn-method/4/"
          },
          "order": null,
          "version_group": {
            "name": "ultra-sun-ultra-moon",
            "url": "https://pokeapi.co/api/v2/version-group/18/"
          }
        },
        {
          "level_learned_at": 0,
          "move_learn_method": {
            "name": "machine",
            "url": "https://pokeapi.co/api/v2/move-learn-method/4/"
          },
          "order": null,
          "version_group": {
            "name": "scarlet-violet",
            "url": "https://pokeapi.co/api/v2/version-group/25/"
          }
        }
      ]
    },
    {
      "move": {
        "name": "payback",
        "url": "https://pokeapi.co/api/v2/move/371/"
      },
      "version_group_details": [
        {
          "level_learned_at": 0,
          "move_learn_method": {
            "name": "machine",
            "url": "https://pokeapi.co/api/v2/move-learn-method/4/"
          },
          "order": null,
          "version_group": {
            "name": "sun-moon",
            "url": "https://pokeapi.co/api/v2/version-group/17/"
          }
        },
        {
          "level_learned_at": 0,
          "move_learn_method": {
            "name": "machine",
            "url": "https://pokeapi.co/api/v2/move-learn-method/4/"
          },
          "order": null,
          "version_group": {
            "name": "ultra-sun-ultra-moon",
            "url": "https://pokeapi.co/api/v2/version-group/18/"
          }
        },
        {
          "level_learned_at": 7,
          "move_learn_method": {
            "name": "level-up",
            "url": "https://pokeapi.co/api/v2/move-learn-method/1/"
          },
          "order": null,
          "version_group": {
            "name": "scarlet-violet",
            "url": "https://pokeapi.co/api/v2/version-group/25/"
          }
        }
      ]
    },
    {
      "move": {
        "name": "last-resort",
        "url": "https://pokeapi.co/api/v2/move/387/"
      },
      "version_group_details": [
        {
          "level_learned_at": 0,
          "move_learn_method": {
            "name": "egg",
            "url": "https://pokeapi.co/api/v2/move-learn-method/2/"
          },
          "order": null,
          "version_group": {
            "name": "sun-moon",
            "url": "https://pokeapi.co/api/v2/version-group/17/"
          }
        },
        {
          "level_learned_at": 0,
          "move_learn_method": {
            "name": "egg",
            "url": "https://pokeapi.co/api/v2/move-learn-method/2/"
          },
          "order": null,
          "version_group": {
            "name": "ultra-sun-ultra-moon",
            "url": "https://pokeapi.co/api/v2/version-group/18/"
          }
        },
        {
          "level_learned_at": 0,
          "move_learn_method": {
            "name": "tutor",
            "url": "https://pokeapi.co/api/v2/move-learn-method/3/"
          },
          "order": null,
          "version_group": {
            "name": "ultra-sun-ultra-moon",
            "url": "https://pokeapi.co/api/v2/version-group/18/"
          }
        },
        {
          "level_learned_at": 0,
          "move_learn_method": {
            "name": "egg",
            "url": "https://pokeapi.co/api/v2/move-learn-method/2/"
          },
          "order": null,
          "version_group": {
            "name": "scarlet-violet",
            "url": "https://pokeapi.co/api/v2/version-group/25/"
          }
        }
      ]
    },
    {
      "move": {
        "name": "seed-bomb",
        "url": "https://pokeapi.co/api/v2/move/402/"
      },
      "version_group_details": [
        {
          "level_learned_at": 0,
          "move_learn_method": {
            "name": "machine",
            "url": "https://pokeapi.co/api/v2/move-learn-method/4/"
          },
          "order": null,
          "version_group": {
            "name": "scarlet-violet",
            "url": "https://pokeapi.co/api/v2/version-group/25/"
          }
        }
      ]
    },
    {
      "move": {
        "name": "thunder-fang",
        "url": "https://pokeapi.co/api/v2/move/422/"
      },
      "version_group_details": [
        {
          "level_learned_at": 0,
          "move_learn_method": {
            "name": "egg",
            "url": "https://pokeapi.co/api/v2/move-learn-method/2/"
          },
          "order": null,
          "version_group": {
            "name": "ultra-sun-ultra-moon",
            "url": "https://pokeapi.co/api/v2/version-group/18/"
          }
        },
        {
          "level_learned_at": 0,
          "move_learn_method": {
            "name": "egg",
            "url": "https://pokeapi.co/api/v2/move-learn-method/2/"
          },
          "order": null,
          "version_group": {
            "name": "scarlet-violet",
            "url": "https://pokeapi.co/api/v2/version-group/25/"
          }
        },
        {
          "level_learned_at": 0,
          "move_learn_method": {
            "name": "machine",
            "url": "https://pokeapi.co/api/v2/move-learn-method/4/"
          },
          "order": null,
          "version_group": {
            "name": "scarlet-violet",
            "url": "https://pokeapi.co/api/v2/version-group/25/"
          }
        }
      ]
    },
    {
      "move": {
        "name": "ice-fang",
        "url": "https://pokeapi.co/api/v2/move/423/"
      },
      "version_group_details": [
        {
          "level_learned_at": 0,
          "move_learn_method": {
            "name": "egg",
            "url": "https://pokeapi.co/api/v2/move-learn-method/2/"
          },
          "order": null,
          "version_group": {
            "name": "ultra-sun-ultra-moon",
            "url": "https://pokeapi.co/api/v2/version-group/18/"
          }
        },
        {
          "level_learned_at": 0,
          "move_learn_method": {
            "name": "egg",
            "url": "https://pokeapi.co/api/v2/move-learn-method/2/"
          },
          "order": null,
          "version_group": {
            "name": "scarlet-violet",
            "url": "https://pokeapi.co/api/v2/version-group/25/"
          }
        },
        {
          "level_learned_at": 0,
          "move_learn_method": {
            "name": "machine",
            "url": "https://pokeapi.co/api/v2/move-learn-method/4/"
          },
          "order": null,
          "version_group": {
            "name": "scarlet-violet",
            "url": "https://pokeapi.co/api/v2/version-group/25/"
          }
        }
      ]
    },
    {
      "move": {
        "name": "fire-fang",
        "url": "https://pokeapi.co/api/v2/move/424/"
      },
      "version_group_details": [
        {
          "level_learned_at": 0,
          "move_learn_method": {
            "name": "egg",
            "url": "https://pokeapi.co/api/v2/move-learn-method/2/"
          },
          "order": null,
          "version_group": {
            "name": "ultra-sun-ultra-moon",
            "url": "https://pokeapi.co/api/v2/version-group/18/"
          }
        },
        {
          "level_learned_at": 0,
          "move_learn_method": {
            "name": "egg",
            "url": "https://pokeapi.co/api/v2/move-learn-method/2/"
          },
          "order": null,
          "version_group": {
            "name": "scarlet-violet",
            "url": "https://pokeapi.co/api/v2/version-group/25/"
          }
        },
        {
          "level_learned_at": 0,
          "move_learn_method": {
            "name": "machine",
            "url": "https://pokeapi.co/api/v2/move-learn-method/4/"
          },
          "order": null,
          "version_group": {
            "name": "scarlet-violet",
            "url": "https://pokeapi.co/api/v2/version-group/25/"
          }
        }
      ]
    },
    {
      "move": {
        "name": "zen-headbutt",
        "url": "https://pokeapi.co/api/v2/move/428/"
      },
      "version_group_details": [
        {
          "level_learned_at": 0,
          "move_learn_method": {
            "name": "machine",
            "url": "https://pokeapi.co/api/v2/move-learn-method/4/"
          },
          "order": null,
          "version_group": {
            "name": "scarlet-violet",
            "url": "https://pokeapi.co/api/v2/version-group/25/"
          }
        }
      ]
    },
    {
      "move": {
        "name": "round",
        "url": "https://pokeapi.co/api/v2/move/496/"
      },
      "version_group_details": [
        {
          "level_learned_at": 0,
          "move_learn_method": {
            "name": "machine",
            "url": "https://pokeapi.co/api/v2/move-learn-method/4/"
          },
          "order": null,
          "version_group": {
            "name": "sun-moon",
            "url": "https://pokeapi.co/api/v2/version-group/17/"
          }
        },
        {
          "level_learned_at": 0,
          "move_learn_method": {
            "name": "machine",
            "url": "https://pokeapi.co/api/v2/move-learn-method/4/"
          },
          "order": null,
          "version_group": {
            "name": "ultra-sun-ultra-moon",
            "url": "https://pokeapi.co/api/v2/version-group/18/"
          }
        }
      ]
    },
    {
      "move": {
        "name": "echoed-voice",
        "url": "https://pokeapi.co/api/v2/move/497/"
      },
      "version_group_details": [
        {
          "level_learned_at": 0,
          "move_learn_method": {
            "name": "machine",
            "url": "https://pokeapi.co/api/v2/move-learn-method/4/"
          },
          "order": null,
          "version_group": {
            "name": "sun-moon",
            "url": "https://pokeapi.co/api/v2/version-group/17/"
          }
        },
        {
          "level_learned_at": 0,
          "move_learn_method": {
            "name": "machine",
            "url": "https://pokeapi.co/api/v2/move-learn-method/4/"
          },
          "order": null,
          "version_group": {
            "name": "ultra-sun-ultra-moon",
            "url": "https://pokeapi.co/api/v2/version-group/18/"
          }
        }
      ]
    },
    {
      "move": {
        "name": "bulldoze",
        "url": "https://pokeapi.co/api/v2/move/523/"
      },
      "version_group_details": [
        {
          "level_learned_at": 0,
          "move_learn_method": {
            "name": "machine",
            "url": "https://pokeapi.co/api/v2/move-learn-method/4/"
          },
          "order": null,
          "version_group": {
            "name": "scarlet-violet",
            "url": "https://pokeapi.co/api/v2/version-group/25/"
          }
        }
      ]
    },
    {
      "move": {
        "name": "work-up",
        "url": "https://pokeapi.co/api/v2/move/526/"
      },
      "version_group_details": [
        {
          "level_learned_at": 0,
          "move_learn_method": {
            "name": "machine",
            "url": "https://pokeapi.co/api/v2/move-learn-method/4/"
          },
          "order": null,
          "version_group": {
            "name": "sun-moon",
            "url": "https://pokeapi.co/api/v2/version-group/17/"
          }
        },
        {
          "level_learned_at": 0,
          "move_learn_method": {
            "name": "machine",
            "url": "https://pokeapi.co/api/v2/move-learn-method/4/"
          },
          "order": null,
          "version_group": {
            "name": "ultra-sun-ultra-moon",
            "url": "https://pokeapi.co/api/v2/version-group/18/"
          }
        },
        {
          "level_learned_at": 13,
          "move_learn_method": {
            "name": "level-up",
            "url": "https://pokeapi.co/api/v2/move-learn-method/1/"
          },
          "order": null,
          "version_group": {
            "name": "scarlet-violet",
            "url": "https://pokeapi.co/api/v2/version-group/25/"
          }
        }
      ]
    },
    {
      "move": {
        "name": "wild-charge",
        "url": "https://pokeapi.co/api/v2/move/528/"
      },
      "version_group_details": [
        {
          "level_learned_at": 0,
          "move_learn_method": {
            "name": "machine",
            "url": "https://pokeapi.co/api/v2/move-learn-method/4/"
          },
          "order": null,
          "version_group": {
            "name": "scarlet-violet",
            "url": "https://pokeapi.co/api/v2/version-group/25/"
          }
        }
      ]
    },
    {
      "move": {
        "name": "confide",
        "url": "https://pokeapi.co/api/v2/move/590/"
      },
      "version_group_details": [
        {
          "level_learned_at": 0,
          "move_learn_method": {
            "name": "machine",
            "url": "https://pokeapi.co/api/v2/move-learn-method/4/"
          },
          "order": null,
          "version_group": {
            "name": "sun-moon",
            "url": "https://pokeapi.co/api/v2/version-group/17/"
          }
        },
        {
          "level_learned_at": 0,
          "move_learn_method": {
            "name": "machine",
            "url": "https://pokeapi.co/api/v2/move-learn-method/4/"
          },
          "order": null,
          "version_group": {
            "name": "ultra-sun-ultra-moon",
            "url": "https://pokeapi.co/api/v2/version-group/18/"
          }
        }
      ]
    },
    {
      "move": {
        "name": "psychic-fangs",
        "url": "https://pokeapi.co/api/v2/move/706/"
      },
      "version_group_details": [
        {
          "level_learned_at": 0,
          "move_learn_method": {
            "name": "machine",
            "url": "https://pokeapi.co/api/v2/move-learn-method/4/"
          },
          "order": null,
          "version_group": {
            "name": "scarlet-violet",
            "url": "https://pokeapi.co/api/v2/version-group/25/"
          }
        }
      ]
    },
    {
      "move": {
        "name": "stomping-tantrum",
        "url": "https://pokeapi.co/api/v2/move/707/"
      },
      "version_group_details": [
        {
          "level_learned_at": 0,
          "move_learn_method": {
            "name": "tutor",
            "url": "https://pokeapi.co/api/v2/move-learn-method/3/"
          },
          "order": null,
          "version_group": {
            "name": "ultra-sun-ultra-moon",
            "url": "https://pokeapi.co/api/v2/version-group/18/"
          }
        },
        {
          "level_learned_at": 0,
          "move_learn_method": {
            "name": "machine",
            "url": "https://pokeapi.co/api/v2/move-learn-method/4/"
          },
          "order": null,
          "version_group": {
            "name": "scarlet-violet",
            "url": "https://pokeapi.co/api/v2/version-group/25/"
          }
        }
      ]
    },
    {
      "move": {
        "name": "tera-blast",
        "url": "https://pokeapi.co/api/v2/move/851/"
      },
      "version_group_details": [
        {
          "level_learned_at": 0,
          "move_learn_method": {
            "name": "machine",
            "url": "https://pokeapi.co/api/v2/move-learn-method/4/"
          },
          "order": null,
          "version_group": {
            "name": "scarlet-violet",
            "url": "https://pokeapi.co/api/v2/version-group/25/"
          }
        }
      ]
    },
    {
      "move": {
        "name": "trailblaze",
        "url": "https://pokeapi.co/api/v2/move/885/"
      },
      "version_group_details": [
        {
          "level_learned_at": 0,
          "move_learn_method": {
            "name": "machine",
            "url": "https://pokeapi.co/api/v2/move-learn-method/4/"
          },
          "order": null,
          "version_group": {
            "name": "scarlet-violet",
            "url": "https://pokeapi.co/api/v2/version-group/25/"
          }
        }
      ]
    },
    {
      "move": {
        "name": "chilling-water",
        "url": "https://pokeapi.co/api/v2/move/886/"
      },
      "version_group_details": [
        {
          "level_learned_at": 0,
          "move_learn_method": {
            "name": "machine",
            "url": "https://pokeapi.co/api/v2/move-learn-method/4/"
          },
          "order": null,
          "version_group": {
            "name": "scarlet-violet",
            "url": "https://pokeapi.co/api/v2/version-group/25/"
          }
        }
      ]
    }
  ],
  "name": "yungoos",
  "order": 880,
  "past_abilities": [],
  "past_types": [],
  "species": {
    "name": "yungoos",
    "url": "https://pokeapi.co/api/v2/pokemon-species/734/"
  },
  "sprites": {
    "back_default": "https://raw.githubusercontent.com/PokeAPI/sprites/master/sprites/pokemon/back/734.png",
    "back_female": null,
    "back_shiny": "https://raw.githubusercontent.com/PokeAPI/sprites/master/sprites/pokemon/back/shiny/734.png",
    "back_shiny_female": null,
    "front_default": "https://raw.githubusercontent.com/PokeAPI/sprites/master/sprites/pokemon/734.png",
    "front_female": null,
    "front_shiny": "https://raw.githubusercontent.com/PokeAPI/sprites/master/sprites/pokemon/shiny/734.png",
    "front_shiny_female": null,
    "other": {
      "dream_world": {
        "front_default": "https://raw.githubusercontent.com/PokeAPI/sprites/master/sprites/pokemon/other/dream-world/734.svg",
        "front_female": null
      },
      "home": {
        "front_default": "https://raw.githubusercontent.com/PokeAPI/sprites/master/sprites/pokemon/other/home/734.png",
        "front_female": null,
        "front_shiny": "https://raw.githubusercontent.com/PokeAPI/sprites/master/sprites/pokemon/other/home/shiny/734.png",
        "front_shiny_female": null
      },
      "official-artwork": {
        "front_default": "https://raw.githubusercontent.com/PokeAPI/sprites/master/sprites/pokemon/other/official-artwork/734.png",
        "front_shiny": "https://raw.githubusercontent.com/PokeAPI/sprites/master/sprites/pokemon/other/official-artwork/shiny/734.png"
      },
      "showdown": {
        "back_default": "https://raw.githubusercontent.com/PokeAPI/sprites/master/sprites/pokemon/other/showdown/back/734.gif",
        "back_female": null,
        "back_shiny": "https://raw.githubusercontent.com/PokeAPI/sprites/master/sprites/pokemon/other/showdown/back/shiny/734.gif",
        "back_shiny_female": null,
        "front_default": "https://raw.githubusercontent.com/PokeAPI/sprites/master/sprites/pokemon/other/showdown/734.gif",
        "front_female": null,
        "front_shiny": "https://raw.githubusercontent.com/PokeAPI/sprites/master/sprites/pokemon/other/showdown/shiny/734.gif",
        "front_shiny_female": null
      }
    },
    "versions": {
      "generation-i": {
        "red-blue": {
          "back_default": null,
          "back_gray": null,
          "back_transparent": null,
          "front_default": null,
          "front_gray": null,
          "front_transparent": null
        },
        "yellow": {
          "back_default": null,
          "back_gray": null,
          "back_transparent": null,
          "front_default": null,
          "front_gray": null,
          "front_transparent": null
        }
      },
      "generation-ii": {
        "crystal": {
          "back_default": null,
          "back_shiny": null,
          "back_shiny_transparent": null,
          "back_transparent": null,
          "front_default": null,
          "front_shiny": null,
          "front_shiny_transparent": null,
          "front_transparent": null
        },
        "gold": {
          "back_default": null,
          "back_shiny": null,
          "front_default": null,
          "front_shiny": null,
          "front_transparent": null
        },
        "silver": {
          "back_default": null,
          "back_shiny": null,
          "front_default": null,
          "front_shiny": null,
          "front_transparent": null
        }
      },
      "generation-iii": {
        "emerald": {
          "front_default": null,
          "front_shiny": null
        },
        "firered-leafgreen": {
          "back_default": null,
          "back_shiny": null,
          "front_default": null,
          "front_shiny": null
        },
        "ruby-sapphire": {
          "back_default": null,
          "back_shiny": null,
          "front_default": null,
          "front_shiny": null
        }
      },
      "generation-iv": {
        "diamond-pearl": {
          "back_default": null,
          "back_female": null,
          "back_shiny": null,
          "back_shiny_female": null,
          "front_default": null,
          "front_female": null,
          "front_shiny": null,
          "front_shiny_female": null
        },
        "heartgold-soulsilver": {
          "back_default": null,
          "back_female": null,
          "back_shiny": null,
          "back_shiny_female": null,
          "front_default": null,
          "front_female": null,
          "front_shiny": null,
          "front_shiny_female": null
        },
        "platinum": {
          "back_default": null,
          "back_female": null,
          "back_shiny": null,
          "back_shiny_female": null,
          "front_default": null,
          "front_female": null,
          "front_shiny": null,
          "front_shiny_female": null
        }
      },
      "generation-ix": {
        "scarlet-violet": {
          "front_default": "https://raw.githubusercontent.com/PokeAPI/sprites/master/sprites/pokemon/versions/generation-ix/scarlet-violet/734.png",
          "front_female": null
        }
      },
      "generation-v": {
        "black-white": {
          "animated": {
            "back_default": null,
            "back_female": null,
            "back_shiny": null,
            "back_shiny_female": null,
            "front_default": null,
            "front_female": null,
            "front_shiny": null,
            "front_shiny_female": null
          },
          "back_default": "https://raw.githubusercontent.com/PokeAPI/sprites/master/sprites/pokemon/versions/generation-v/black-white/back/734.png",
          "back_female": null,
          "back_shiny": "https://raw.githubusercontent.com/PokeAPI/sprites/master/sprites/pokemon/versions/generation-v/black-white/back/shiny/734.png",
          "back_shiny_female": null,
          "front_default": "https://raw.githubusercontent.com/PokeAPI/sprites/master/sprites/pokemon/versions/generation-v/black-white/734.png",
          "front_female": null,
          "front_shiny": "https://raw.githubusercontent.com/PokeAPI/sprites/master/sprites/pokemon/versions/generation-v/black-white/shiny/734.png",
          "front_shiny_female": null
        }
      },
      "generation-vi": {
        "omegaruby-alphasapphire": {
          "front_default": null,
          "front_female": null,
          "front_shiny": null,
          "front_shiny_female": null
        },
        "x-y": {
          "front_default": null,
          "front_female": null,
          "front_shiny": null,
          "front_shiny_female": null
        }
      },
      "generation-vii": {
        "icons": {
          "front_default": "https://raw.githubusercontent.com/PokeAPI/sprites/master/sprites/pokemon/versions/generation-vii/icons/734.png",
          "front_female": null
        },
        "ultra-sun-ultra-moon": {
          "front_default": "https://raw.githubusercontent.com/PokeAPI/sprites/master/sprites/pokemon/versions/generation-vii/ultra-sun-ultra-moon/734.png",
          "front_female": null,
          "front_shiny": "https://raw.githubusercontent.com/PokeAPI/sprites/master/sprites/pokemon/versions/generation-vii/ultra-sun-ultra-moon/shiny/734.png",
          "front_shiny_female": null
        }
      },
      "generation-viii": {
        "brilliant-diamond-shining-pearl": {
          "front_default": null,
          "front_female": null
        },
        "icons": {
          "front_default": "https://raw.githubusercontent.com/PokeAPI/sprites/master/sprites/pokemon/versions/generation-viii/icons/734.png",
          "front_female": null
        }
      }
    }
  },
  "stats": [
    {
      "base_stat": 48,
      "effort": 0,
      "stat": {
        "name": "hp",
        "url": "https://pokeapi.co/api/v2/stat/1/"
      }
    },
    {
      "base_stat": 70,
      "effort": 1,
      "stat": {
        "name": "attack",
        "url": "https://pokeapi.co/api/v2/stat/2/"
      }
    },
    {
      "base_stat": 30,
      "effort": 0,
      "stat": {
        "name": "defense",
        "url": "https://pokeapi.co/api/v2/stat/3/"
      }
    },
    {
      "base_stat": 30,
      "effort": 0,
      "stat": {
        "name": "special-attack",
        "url": "https://pokeapi.co/api/v2/stat/4/"
      }
    },
    {
      "base_stat": 30,
      "effort": 0,
      "stat": {
        "name": "special-defense",
        "url": "https://pokeapi.co/api/v2/stat/5/"
      }
    },
    {
      "base_stat": 45,
      "effort": 0,
      "stat": {
        "name": "speed",
        "url": "https://pokeapi.co/api/v2/stat/6/"
      }
    }
  ],
  "types": [
    {
      "slot": 1,
      "type": {
        "name": "normal",
        "url": "https://pokeapi.co/api/v2/type/1/"
      }
    }
  ],
  "weight": 60
}