{"id": 870, "name": "falinks", "types": [{"slot": 1, "type": {"name": "fighting", "url": "https://pokeapi.co/api/v2/type/2/"}}], "stats": [{"base_stat": 65, "effort": 0, "stat": {"name": "hp", "url": "https://pokeapi.co/api/v2/stat/1/"}}, {"base_stat": 100, "effort": 2, "stat": {"name": "attack", "url": "https://pokeapi.co/api/v2/stat/2/"}}, {"base_stat": 100, "effort": 0, "stat": {"name": "defense", "url": "https://pokeapi.co/api/v2/stat/3/"}}, {"base_stat": 70, "effort": 0, "stat": {"name": "special-attack", "url": "https://pokeapi.co/api/v2/stat/4/"}}, {"base_stat": 60, "effort": 1, "stat": {"name": "special-defense", "url": "https://pokeapi.co/api/v2/stat/5/"}}, {"base_stat": 75, "effort": 0, "stat": {"name": "speed", "url": "https://pokeapi.co/api/v2/stat/6/"}}], "abilities": [{"ability": {"name": "battle-armor", "url": "https://pokeapi.co/api/v2/ability/4/"}, "is_hidden": false, "slot": 1}, {"ability": {"name": "defiant", "url": "https://pokeapi.co/api/v2/ability/128/"}, "is_hidden": true, "slot": 3}], "sprites": {"front_default": "https://raw.githubusercontent.com/PokeAPI/sprites/master/sprites/pokemon/870.png"}, "moves": [{"move": {"name": "swords-dance"}, "earliest_level": null}, {"move": {"name": "headbutt"}, "earliest_level": 15}, {"move": {"name": "tackle"}, "earliest_level": 1}, {"move": {"name": "body-slam"}, "earliest_level": null}, {"move": {"name": "take-down"}, "earliest_level": null}, {"move": {"name": "hyper-beam"}, "earliest_level": null}, {"move": {"name": "counter"}, "earliest_level": 60}, {"move": {"name": "agility"}, "earliest_level": null}, {"move": {"name": "screech"}, "earliest_level": null}, {"move": {"name": "focus-energy"}, "earliest_level": 10}, {"move": {"name": "rest"}, "earliest_level": null}, {"move": {"name": "rock-slide"}, "earliest_level": null}, {"move": {"name": "substitute"}, "earliest_level": null}, {"move": {"name": "snore"}, "earliest_level": null}, {"move": {"name": "reversal"}, "earliest_level": 30}, {"move": {"name": "protect"}, "earliest_level": 1}, {"move": {"name": "endure"}, "earliest_level": 25}, {"move": {"name": "false-swipe"}, "earliest_level": null}, {"move": {"name": "sleep-talk"}, "earliest_level": null}, {"move": {"name": "megahorn"}, "earliest_level": 55}, {"move": {"name": "rain-dance"}, "earliest_level": null}, {"move": {"name": "sunny-day"}, "earliest_level": null}, {"move": {"name": "psych-up"}, "earliest_level": null}, {"move": {"name": "rock-smash"}, "earliest_level": 5}, {"move": {"name": "beat-up"}, "earliest_level": null}, {"move": {"name": "uproar"}, "earliest_level": null}, {"move": {"name": "facade"}, "earliest_level": null}, {"move": {"name": "helping-hand"}, "earliest_level": null}, {"move": {"name": "superpower"}, "earliest_level": null}, {"move": {"name": "revenge"}, "earliest_level": null}, {"move": {"name": "brick-break"}, "earliest_level": null}, {"move": {"name": "knock-off"}, "earliest_level": null}, {"move": {"name": "endeavor"}, "earliest_level": null}, {"move": {"name": "rock-tomb"}, "earliest_level": null}, {"move": {"name": "iron-defense"}, "earliest_level": 45}, {"move": {"name": "bulk-up"}, "earliest_level": 20}, {"move": {"name": "close-combat"}, "earliest_level": 50}, {"move": {"name": "payback"}, "earliest_level": null}, {"move": {"name": "assurance"}, "earliest_level": null}, {"move": {"name": "poison-jab"}, "earliest_level": null}, {"move": {"name": "focus-blast"}, "earliest_level": null}, {"move": {"name": "giga-impact"}, "earliest_level": null}, {"move": {"name": "zen-headbutt"}, "earliest_level": null}, {"move": {"name": "iron-head"}, "earliest_level": null}, {"move": {"name": "round"}, "earliest_level": null}, {"move": {"name": "retaliate"}, "earliest_level": null}, {"move": {"name": "first-impression"}, "earliest_level": 35}, {"move": {"name": "high-horsepower"}, "earliest_level": null}, {"move": {"name": "throat-chop"}, "earliest_level": null}, {"move": {"name": "lunge"}, "earliest_level": null}, {"move": {"name": "smart-strike"}, "earliest_level": null}, {"move": {"name": "no-retreat"}, "earliest_level": 40}, {"move": {"name": "body-press"}, "earliest_level": null}, {"move": {"name": "coaching"}, "earliest_level": null}, {"move": {"name": "tera-blast"}, "earliest_level": null}, {"move": {"name": "trailblaze"}, "earliest_level": null}, {"move": {"name": "upper-hand"}, "earliest_level": null}], "species": {"url": "https://pokeapi.co/api/v2/pokemon-species/870/"}, "height": 30, "weight": 620}