{"id": 1012, "name": "poltchageist", "types": [{"slot": 1, "type": {"name": "grass", "url": "https://pokeapi.co/api/v2/type/12/"}}, {"slot": 2, "type": {"name": "ghost", "url": "https://pokeapi.co/api/v2/type/8/"}}], "stats": [{"base_stat": 40, "effort": 0, "stat": {"name": "hp", "url": "https://pokeapi.co/api/v2/stat/1/"}}, {"base_stat": 45, "effort": 0, "stat": {"name": "attack", "url": "https://pokeapi.co/api/v2/stat/2/"}}, {"base_stat": 45, "effort": 0, "stat": {"name": "defense", "url": "https://pokeapi.co/api/v2/stat/3/"}}, {"base_stat": 74, "effort": 1, "stat": {"name": "special-attack", "url": "https://pokeapi.co/api/v2/stat/4/"}}, {"base_stat": 54, "effort": 0, "stat": {"name": "special-defense", "url": "https://pokeapi.co/api/v2/stat/5/"}}, {"base_stat": 50, "effort": 0, "stat": {"name": "speed", "url": "https://pokeapi.co/api/v2/stat/6/"}}], "abilities": [{"ability": {"name": "hospitality", "url": "https://pokeapi.co/api/v2/ability/301/"}, "is_hidden": false, "slot": 1}, {"ability": {"name": "heatproof", "url": "https://pokeapi.co/api/v2/ability/85/"}, "is_hidden": true, "slot": 3}], "sprites": {"front_default": "https://raw.githubusercontent.com/PokeAPI/sprites/master/sprites/pokemon/1012.png"}, "moves": [{"move": {"name": "absorb"}, "earliest_level": 6}, {"move": {"name": "mega-drain"}, "earliest_level": 24}, {"move": {"name": "solar-beam"}, "earliest_level": null}, {"move": {"name": "stun-spore"}, "earliest_level": 1}, {"move": {"name": "night-shade"}, "earliest_level": null}, {"move": {"name": "withdraw"}, "earliest_level": 1}, {"move": {"name": "reflect"}, "earliest_level": null}, {"move": {"name": "rest"}, "earliest_level": null}, {"move": {"name": "substitute"}, "earliest_level": null}, {"move": {"name": "curse"}, "earliest_level": null}, {"move": {"name": "spite"}, "earliest_level": null}, {"move": {"name": "protect"}, "earliest_level": null}, {"move": {"name": "giga-drain"}, "earliest_level": 42}, {"move": {"name": "endure"}, "earliest_level": null}, {"move": {"name": "sleep-talk"}, "earliest_level": null}, {"move": {"name": "pain-split"}, "earliest_level": null}, {"move": {"name": "psych-up"}, "earliest_level": null}, {"move": {"name": "shadow-ball"}, "earliest_level": 48}, {"move": {"name": "uproar"}, "earliest_level": null}, {"move": {"name": "memento"}, "earliest_level": 54}, {"move": {"name": "imprison"}, "earliest_level": null}, {"move": {"name": "astonish"}, "earliest_level": 1}, {"move": {"name": "iron-defense"}, "earliest_level": null}, {"move": {"name": "magical-leaf"}, "earliest_level": null}, {"move": {"name": "calm-mind"}, "earliest_level": null}, {"move": {"name": "energy-ball"}, "earliest_level": null}, {"move": {"name": "nasty-plot"}, "earliest_level": null}, {"move": {"name": "trick-room"}, "earliest_level": null}, {"move": {"name": "leaf-storm"}, "earliest_level": 60}, {"move": {"name": "rage-powder"}, "earliest_level": 36}, {"move": {"name": "foul-play"}, "earliest_level": 18}, {"move": {"name": "scald"}, "earliest_level": null}, {"move": {"name": "hex"}, "earliest_level": 30}, {"move": {"name": "phantom-force"}, "earliest_level": null}, {"move": {"name": "grassy-terrain"}, "earliest_level": null}, {"move": {"name": "life-dew"}, "earliest_level": 12}, {"move": {"name": "poltergeist"}, "earliest_level": null}, {"move": {"name": "tera-blast"}, "earliest_level": null}], "species": {"url": "https://pokeapi.co/api/v2/pokemon-species/1012/"}, "height": 1, "weight": 11}