{"flavor_text_entries": [{"flavor_text": "A mystical POK\u00e9MON\nthat exudes a\ngentle aura.\fHas the ability\nto change climate\nconditions.", "language": {"name": "en", "url": "https://pokeapi.co/api/v2/language/9/"}, "version": {"name": "red", "url": "https://pokeapi.co/api/v2/version/1/"}}, {"flavor_text": "A mystical POK\u00e9MON\nthat exudes a\ngentle aura.\fHas the ability\nto change climate\nconditions.", "language": {"name": "en", "url": "https://pokeapi.co/api/v2/language/9/"}, "version": {"name": "blue", "url": "https://pokeapi.co/api/v2/version/2/"}}, {"flavor_text": "According to a\nwitness, its body\nwas surrounded by\fa strange aura\nthat gave it a\nmystical look.", "language": {"name": "en", "url": "https://pokeapi.co/api/v2/language/9/"}, "version": {"name": "yellow", "url": "https://pokeapi.co/api/v2/version/3/"}}, {"flavor_text": "They say that if\nit emits an aura\nfrom its whole\fbody, the weather\nwill begin to\nchange instantly.", "language": {"name": "en", "url": "https://pokeapi.co/api/v2/language/9/"}, "version": {"name": "gold", "url": "https://pokeapi.co/api/v2/version/4/"}}, {"flavor_text": "Its crystalline\norbs appear to\ngive this POK\u00e9MON\fthe power to\nfreely control the\nweather.", "language": {"name": "en", "url": "https://pokeapi.co/api/v2/language/9/"}, "version": {"name": "silver", "url": "https://pokeapi.co/api/v2/version/5/"}}, {"flavor_text": "It is called the\ndivine POK\u00e9MON.\nWhen its entire\fbody brightens\nslightly, the\nweather changes.", "language": {"name": "en", "url": "https://pokeapi.co/api/v2/language/9/"}, "version": {"name": "crystal", "url": "https://pokeapi.co/api/v2/version/6/"}}, {"flavor_text": "DRAGONAIR stores an enormous amount\nof energy inside its body.\nIt is said to alter weather conditions\fin its vicinity by discharging energy\nfrom the crystals on its neck and tail.", "language": {"name": "en", "url": "https://pokeapi.co/api/v2/language/9/"}, "version": {"name": "ruby", "url": "https://pokeapi.co/api/v2/version/7/"}}, {"flavor_text": "DRAGONAIR stores an enormous amount\nof energy inside its body.\nIt is said to alter weather conditions\fin its vicinity by discharging energy\nfrom the crystals on its neck and tail.", "language": {"name": "en", "url": "https://pokeapi.co/api/v2/language/9/"}, "version": {"name": "sapphire", "url": "https://pokeapi.co/api/v2/version/8/"}}, {"flavor_text": "A DRAGONAIR stores an enormous amount of\nenergy inside its body. It is said to alter\nthe weather around it by loosing energy\nfrom the crystals on its neck and tail.", "language": {"name": "en", "url": "https://pokeapi.co/api/v2/language/9/"}, "version": {"name": "emerald", "url": "https://pokeapi.co/api/v2/version/9/"}}, {"flavor_text": "It is said to live in seas and lakes.\nEven though it has no wings, it has been\nseen flying occasionally.", "language": {"name": "en", "url": "https://pokeapi.co/api/v2/language/9/"}, "version": {"name": "firered", "url": "https://pokeapi.co/api/v2/version/10/"}}, {"flavor_text": "A mystical POK\u00e9MON that exudes a gentle\naura. It is said to have the ability to\nchange the weather.", "language": {"name": "en", "url": "https://pokeapi.co/api/v2/language/9/"}, "version": {"name": "leafgreen", "url": "https://pokeapi.co/api/v2/version/11/"}}, {"flavor_text": "If its body takes on an aura, the\nweather changes instantly. It is\nsaid to live in seas and lakes.", "language": {"name": "en", "url": "https://pokeapi.co/api/v2/language/9/"}, "version": {"name": "diamond", "url": "https://pokeapi.co/api/v2/version/12/"}}, {"flavor_text": "If its body takes on an aura, the\nweather changes instantly. It is\nsaid to live in seas and lakes.", "language": {"name": "en", "url": "https://pokeapi.co/api/v2/language/9/"}, "version": {"name": "pearl", "url": "https://pokeapi.co/api/v2/version/13/"}}, {"flavor_text": "If its body takes on an aura, the\nweather changes instantly. It is\nsaid to live in seas and lakes.", "language": {"name": "en", "url": "https://pokeapi.co/api/v2/language/9/"}, "version": {"name": "platinum", "url": "https://pokeapi.co/api/v2/version/14/"}}, {"flavor_text": "They say that if it emits an aura\nfrom its whole body, the weather\nwill begin to change instantly.", "language": {"name": "en", "url": "https://pokeapi.co/api/v2/language/9/"}, "version": {"name": "heartgold", "url": "https://pokeapi.co/api/v2/version/15/"}}, {"flavor_text": "Its crystalline orbs appear to\ngive this Pok\u00e9mon the power to\nfreely control the weather.", "language": {"name": "en", "url": "https://pokeapi.co/api/v2/language/9/"}, "version": {"name": "soulsilver", "url": "https://pokeapi.co/api/v2/version/16/"}}, {"flavor_text": "If its body takes on an aura, the\nweather changes instantly. It is\nsaid to live in seas and lakes.", "language": {"name": "en", "url": "https://pokeapi.co/api/v2/language/9/"}, "version": {"name": "black", "url": "https://pokeapi.co/api/v2/version/17/"}}, {"flavor_text": "If its body takes on an aura, the\nweather changes instantly. It is\nsaid to live in seas and lakes.", "language": {"name": "en", "url": "https://pokeapi.co/api/v2/language/9/"}, "version": {"name": "white", "url": "https://pokeapi.co/api/v2/version/18/"}}, {"flavor_text": "If its body takes on an aura, the\nweather changes instantly. It is\nsaid to live in seas and lakes.", "language": {"name": "en", "url": "https://pokeapi.co/api/v2/language/9/"}, "version": {"name": "black-2", "url": "https://pokeapi.co/api/v2/version/21/"}}, {"flavor_text": "If its body takes on an aura, the\nweather changes instantly. It is\nsaid to live in seas and lakes.", "language": {"name": "en", "url": "https://pokeapi.co/api/v2/language/9/"}, "version": {"name": "white-2", "url": "https://pokeapi.co/api/v2/version/22/"}}, {"flavor_text": "Its crystalline orbs appear to give this Pok\u00e9mon\nthe power to freely control the weather.", "language": {"name": "en", "url": "https://pokeapi.co/api/v2/language/9/"}, "version": {"name": "x", "url": "https://pokeapi.co/api/v2/version/23/"}}, {"flavor_text": "A mystical Pok\u00e9mon that exudes a gentle aura.\nIt is said to have the ability to change the weather.", "language": {"name": "en", "url": "https://pokeapi.co/api/v2/language/9/"}, "version": {"name": "y", "url": "https://pokeapi.co/api/v2/version/24/"}}, {"flavor_text": "Dragonair stores an enormous amount of energy inside its\nbody. It is said to alter weather conditions in its vicinity by\ndischarging energy from the crystals on its neck and tail.", "language": {"name": "en", "url": "https://pokeapi.co/api/v2/language/9/"}, "version": {"name": "omega-ruby", "url": "https://pokeapi.co/api/v2/version/25/"}}, {"flavor_text": "Dragonair stores an enormous amount of energy inside\nits body. It is said to alter weather conditions in its vicinity\nby discharging energy from the crystals on its neck and tail.", "language": {"name": "en", "url": "https://pokeapi.co/api/v2/language/9/"}, "version": {"name": "alpha-sapphire", "url": "https://pokeapi.co/api/v2/version/26/"}}, {"flavor_text": "It has long been thought that its crystalline\norbs are imbued with the power to control\nthe weather.", "language": {"name": "en", "url": "https://pokeapi.co/api/v2/language/9/"}, "version": {"name": "sun", "url": "https://pokeapi.co/api/v2/version/27/"}}, {"flavor_text": "From time immemorial, it has been venerated by\nagricultural peoples as an entity able to control\nthe weather.", "language": {"name": "en", "url": "https://pokeapi.co/api/v2/language/9/"}, "version": {"name": "moon", "url": "https://pokeapi.co/api/v2/version/28/"}}, {"flavor_text": "Lakes where Dragonair live are filled with\nofferings from people, because they believe this\nPok\u00e9mon is able to control the weather.", "language": {"name": "en", "url": "https://pokeapi.co/api/v2/language/9/"}, "version": {"name": "ultra-sun", "url": "https://pokeapi.co/api/v2/version/29/"}}, {"flavor_text": "Some say that if you see it at the start of the\nyear, flying through the sky and twisting its\nbody, you\u2019ll be healthy all year long.", "language": {"name": "en", "url": "https://pokeapi.co/api/v2/language/9/"}, "version": {"name": "ultra-moon", "url": "https://pokeapi.co/api/v2/version/30/"}}, {"flavor_text": "According to a witness, its body was surrounded\nby a strange aura that gave it a mystical look.", "language": {"name": "en", "url": "https://pokeapi.co/api/v2/language/9/"}, "version": {"name": "lets-go-pikachu", "url": "https://pokeapi.co/api/v2/version/31/"}}, {"flavor_text": "According to a witness, its body was surrounded\nby a strange aura that gave it a mystical look.", "language": {"name": "en", "url": "https://pokeapi.co/api/v2/language/9/"}, "version": {"name": "lets-go-eevee", "url": "https://pokeapi.co/api/v2/version/32/"}}, {"flavor_text": "This Pok\u00e9mon lives in pristine oceans and lakes.\nIt can control the weather, and it uses this power\nto fly into the sky, riding on the wind.", "language": {"name": "en", "url": "https://pokeapi.co/api/v2/language/9/"}, "version": {"name": "sword", "url": "https://pokeapi.co/api/v2/version/33/"}}, {"flavor_text": "This Pok\u00e9mon gathers power in the orbs on its\ntail and controls the weather. When enshrouded\nby an aura, Dragonair has a mystical appearance.", "language": {"name": "en", "url": "https://pokeapi.co/api/v2/language/9/"}, "version": {"name": "shield", "url": "https://pokeapi.co/api/v2/version/34/"}}], "evolution_chain": {"url": "https://pokeapi.co/api/v2/evolution-chain/76/"}}