{"id": 353, "name": "shuppet", "types": [{"slot": 1, "type": {"name": "ghost", "url": "https://pokeapi.co/api/v2/type/8/"}}], "stats": [{"base_stat": 44, "effort": 0, "stat": {"name": "hp", "url": "https://pokeapi.co/api/v2/stat/1/"}}, {"base_stat": 75, "effort": 1, "stat": {"name": "attack", "url": "https://pokeapi.co/api/v2/stat/2/"}}, {"base_stat": 35, "effort": 0, "stat": {"name": "defense", "url": "https://pokeapi.co/api/v2/stat/3/"}}, {"base_stat": 63, "effort": 0, "stat": {"name": "special-attack", "url": "https://pokeapi.co/api/v2/stat/4/"}}, {"base_stat": 33, "effort": 0, "stat": {"name": "special-defense", "url": "https://pokeapi.co/api/v2/stat/5/"}}, {"base_stat": 45, "effort": 0, "stat": {"name": "speed", "url": "https://pokeapi.co/api/v2/stat/6/"}}], "abilities": [{"ability": {"name": "insomnia", "url": "https://pokeapi.co/api/v2/ability/15/"}, "is_hidden": false, "slot": 1}, {"ability": {"name": "frisk", "url": "https://pokeapi.co/api/v2/ability/119/"}, "is_hidden": false, "slot": 2}, {"ability": {"name": "cursed-body", "url": "https://pokeapi.co/api/v2/ability/130/"}, "is_hidden": true, "slot": 3}], "sprites": {"front_default": "https://raw.githubusercontent.com/PokeAPI/sprites/master/sprites/pokemon/353.png"}, "moves": [{"move": {"name": "headbutt"}, "earliest_level": null}, {"move": {"name": "body-slam"}, "earliest_level": null}, {"move": {"name": "double-edge"}, "earliest_level": null}, {"move": {"name": "disable"}, "earliest_level": null}, {"move": {"name": "psybeam"}, "earliest_level": null}, {"move": {"name": "thunderbolt"}, "earliest_level": null}, {"move": {"name": "thunder-wave"}, "earliest_level": null}, {"move": {"name": "thunder"}, "earliest_level": null}, {"move": {"name": "toxic"}, "earliest_level": null}, {"move": {"name": "psychic"}, "earliest_level": null}, {"move": {"name": "night-shade"}, "earliest_level": 7}, {"move": {"name": "mimic"}, "earliest_level": null}, {"move": {"name": "screech"}, "earliest_level": 4}, {"move": {"name": "double-team"}, "earliest_level": null}, {"move": {"name": "confuse-ray"}, "earliest_level": null}, {"move": {"name": "metronome"}, "earliest_level": null}, {"move": {"name": "dream-eater"}, "earliest_level": null}, {"move": {"name": "flash"}, "earliest_level": null}, {"move": {"name": "rest"}, "earliest_level": null}, {"move": {"name": "substitute"}, "earliest_level": null}, {"move": {"name": "thief"}, "earliest_level": null}, {"move": {"name": "nightmare"}, "earliest_level": null}, {"move": {"name": "snore"}, "earliest_level": null}, {"move": {"name": "curse"}, "earliest_level": 13}, {"move": {"name": "spite"}, "earliest_level": 10}, {"move": {"name": "protect"}, "earliest_level": null}, {"move": {"name": "scary-face"}, "earliest_level": null}, {"move": {"name": "feint-attack"}, "earliest_level": 19}, {"move": {"name": "foresight"}, "earliest_level": null}, {"move": {"name": "destiny-bond"}, "earliest_level": null}, {"move": {"name": "icy-wind"}, "earliest_level": null}, {"move": {"name": "endure"}, "earliest_level": null}, {"move": {"name": "swagger"}, "earliest_level": null}, {"move": {"name": "attract"}, "earliest_level": null}, {"move": {"name": "sleep-talk"}, "earliest_level": null}, {"move": {"name": "return"}, "earliest_level": null}, {"move": {"name": "frustration"}, "earliest_level": null}, {"move": {"name": "pain-split"}, "earliest_level": 19}, {"move": {"name": "encore"}, "earliest_level": null}, {"move": {"name": "pursuit"}, "earliest_level": null}, {"move": {"name": "hidden-power"}, "earliest_level": null}, {"move": {"name": "rain-dance"}, "earliest_level": null}, {"move": {"name": "sunny-day"}, "earliest_level": null}, {"move": {"name": "psych-up"}, "earliest_level": null}, {"move": {"name": "shadow-ball"}, "earliest_level": 30}, {"move": {"name": "torment"}, "earliest_level": null}, {"move": {"name": "will-o-wisp"}, "earliest_level": 13}, {"move": {"name": "facade"}, "earliest_level": null}, {"move": {"name": "taunt"}, "earliest_level": null}, {"move": {"name": "helping-hand"}, "earliest_level": null}, {"move": {"name": "trick"}, "earliest_level": 42}, {"move": {"name": "role-play"}, "earliest_level": 34}, {"move": {"name": "magic-coat"}, "earliest_level": null}, {"move": {"name": "knock-off"}, "earliest_level": 1}, {"move": {"name": "skill-swap"}, "earliest_level": null}, {"move": {"name": "imprison"}, "earliest_level": null}, {"move": {"name": "grudge"}, "earliest_level": 46}, {"move": {"name": "snatch"}, "earliest_level": 42}, {"move": {"name": "secret-power"}, "earliest_level": null}, {"move": {"name": "astonish"}, "earliest_level": 1}, {"move": {"name": "calm-mind"}, "earliest_level": null}, {"move": {"name": "shock-wave"}, "earliest_level": null}, {"move": {"name": "natural-gift"}, "earliest_level": null}, {"move": {"name": "payback"}, "earliest_level": null}, {"move": {"name": "embargo"}, "earliest_level": 34}, {"move": {"name": "sucker-punch"}, "earliest_level": 34}, {"move": {"name": "dark-pulse"}, "earliest_level": null}, {"move": {"name": "nasty-plot"}, "earliest_level": null}, {"move": {"name": "shadow-sneak"}, "earliest_level": 13}, {"move": {"name": "trick-room"}, "earliest_level": null}, {"move": {"name": "gunk-shot"}, "earliest_level": null}, {"move": {"name": "captivate"}, "earliest_level": null}, {"move": {"name": "charge-beam"}, "earliest_level": null}, {"move": {"name": "ominous-wind"}, "earliest_level": null}, {"move": {"name": "telekinesis"}, "earliest_level": null}, {"move": {"name": "magic-room"}, "earliest_level": null}, {"move": {"name": "foul-play"}, "earliest_level": null}, {"move": {"name": "round"}, "earliest_level": null}, {"move": {"name": "ally-switch"}, "earliest_level": null}, {"move": {"name": "hex"}, "earliest_level": 22}, {"move": {"name": "phantom-force"}, "earliest_level": 48}, {"move": {"name": "confide"}, "earliest_level": null}, {"move": {"name": "dazzling-gleam"}, "earliest_level": null}, {"move": {"name": "skitter-smack"}, "earliest_level": null}, {"move": {"name": "lash-out"}, "earliest_level": null}, {"move": {"name": "poltergeist"}, "earliest_level": null}, {"move": {"name": "tera-blast"}, "earliest_level": null}, {"move": {"name": "pounce"}, "earliest_level": null}], "species": {"url": "https://pokeapi.co/api/v2/pokemon-species/353/"}, "height": 6, "weight": 23}