{
  "base_happiness": 70,
  "capture_rate": 90,
  "color": {
    "name": "yellow",
    "url": "https://pokeapi.co/api/v2/pokemon-color/10/"
  },
  "egg_groups": [
    {
      "name": "mineral",
      "url": "https://pokeapi.co/api/v2/egg-group/10/"
    },
    {
      "name": "indeterminate",
      "url": "https://pokeapi.co/api/v2/egg-group/11/"
    }
  ],
  "evolution_chain": {
    "url": "https://pokeapi.co/api/v2/evolution-chain/287/"
  },
  "evolves_from_species": {
    "name": "yamask",
    "url": "https://pokeapi.co/api/v2/pokemon-species/562/"
  },
  "flavor_text_entries": [
    {
      "flavor_text": "\ud669\uae08\uc73c\ub85c \ub41c \ubc18\uc9dd\uac70\ub9ac\ub294 \ubab8.\n\uc790\uc2e0\uc774 \uc778\uac04\uc774\uc5c8\ub2e4\ub294 \uc0ac\uc2e4\uc744\n\uc774\uc81c\ub294 \uae30\uc5b5\ud558\uc9c0 \ubabb\ud560 \uac83\uc774\ub2e4.",
      "language": {
        "name": "ko",
        "url": "https://pokeapi.co/api/v2/language/3/"
      },
      "version": {
        "name": "sword",
        "url": "https://pokeapi.co/api/v2/version/33/"
      }
    },
    {
      "flavor_text": "Il para\u00eet qu\u2019il avale les gens\net les transforme en momies.\nIl adore manger des lingots d\u2019or.",
      "language": {
        "name": "fr",
        "url": "https://pokeapi.co/api/v2/language/5/"
      },
      "version": {
        "name": "black",
        "url": "https://pokeapi.co/api/v2/version/17/"
      }
    },
    {
      "flavor_text": "It has been said that they swallow those\nwho get too close and turn them into\nmummies. They like to eat gold nuggets.",
      "language": {
        "name": "en",
        "url": "https://pokeapi.co/api/v2/language/9/"
      },
      "version": {
        "name": "black",
        "url": "https://pokeapi.co/api/v2/version/17/"
      }
    },
    {
      "flavor_text": "Il prend l\u2019apparence d\u2019un beau cercueil\npour punir les pilleurs de tombes.\nSon corps est recouvert d\u2019or pur.",
      "language": {
        "name": "fr",
        "url": "https://pokeapi.co/api/v2/language/5/"
      },
      "version": {
        "name": "white",
        "url": "https://pokeapi.co/api/v2/version/18/"
      }
    },
    {
      "flavor_text": "They pretend to be elaborate coffins\nto teach lessons to grave robbers.\nTheir bodies are covered in pure gold.",
      "language": {
        "name": "en",
        "url": "https://pokeapi.co/api/v2/language/9/"
      },
      "version": {
        "name": "white",
        "url": "https://pokeapi.co/api/v2/version/18/"
      }
    },
    {
      "flavor_text": "Grave robbers who mistake them\nfor real coffins and get too close\nend up trapped inside their bodies.",
      "language": {
        "name": "en",
        "url": "https://pokeapi.co/api/v2/language/9/"
      },
      "version": {
        "name": "black-2",
        "url": "https://pokeapi.co/api/v2/version/21/"
      }
    },
    {
      "flavor_text": "Grave robbers who mistake them\nfor real coffins and get too close\nend up trapped inside their bodies.",
      "language": {
        "name": "en",
        "url": "https://pokeapi.co/api/v2/language/9/"
      },
      "version": {
        "name": "white-2",
        "url": "https://pokeapi.co/api/v2/version/22/"
      }
    },
    {
      "flavor_text": "\u3061\u304b\u3065\u3044\u305f\u3000\u306b\u3093\u3052\u3093\u3092\u3000\u306e\u307f\u3053\u3093\u3067\n\u30df\u30a4\u30e9\u306b\u3000\u3057\u3066\u3057\u307e\u3046\u3068\u3044\u3046\u3000\u3046\u308f\u3055\u3002\n\u304d\u3093\u304b\u3044\u3092\u3000\u3053\u306e\u3093\u3067\u3000\u305f\u3079\u308b\u3002",
      "language": {
        "name": "ja-Hrkt",
        "url": "https://pokeapi.co/api/v2/language/1/"
      },
      "version": {
        "name": "x",
        "url": "https://pokeapi.co/api/v2/version/23/"
      }
    },
    {
      "flavor_text": "\uac00\uae4c\uc774 \ub2e4\uac00\uc628 \uc778\uac04\uc744 \uc0bc\ucf1c\uc11c\n\ubbf8\ub77c\ub85c \ub9cc\ub4e0\ub2e4\ub294 \uc18c\ubb38\uc774 \uc788\ub2e4.\n\uae08\uad34\ub97c \uc990\uaca8 \uba39\ub294\ub2e4.",
      "language": {
        "name": "ko",
        "url": "https://pokeapi.co/api/v2/language/3/"
      },
      "version": {
        "name": "x",
        "url": "https://pokeapi.co/api/v2/version/23/"
      }
    },
    {
      "flavor_text": "Il para\u00eet qu\u2019il avale les gens et les transforme en\nmomies. Il adore manger des lingots d\u2019or.",
      "language": {
        "name": "fr",
        "url": "https://pokeapi.co/api/v2/language/5/"
      },
      "version": {
        "name": "x",
        "url": "https://pokeapi.co/api/v2/version/23/"
      }
    },
    {
      "flavor_text": "Angeblich verschlingt es jeden, der sich ihm auch\nnur n\u00e4hert. Besonders gern frisst es Klumpen aus\nreinem Gold.",
      "language": {
        "name": "de",
        "url": "https://pokeapi.co/api/v2/language/6/"
      },
      "version": {
        "name": "x",
        "url": "https://pokeapi.co/api/v2/version/23/"
      }
    },
    {
      "flavor_text": "Se comenta que engulle a todo humano que se le\nacerca y lo momifica. Su comida favorita son las\npepitas de oro.",
      "language": {
        "name": "es",
        "url": "https://pokeapi.co/api/v2/language/7/"
      },
      "version": {
        "name": "x",
        "url": "https://pokeapi.co/api/v2/version/23/"
      }
    },
    {
      "flavor_text": "Si dice che inghiottisca le prede che gli si avvicinano\ne le trasformi in mummie. Gli piace mangiare le pepite\nd\u2019oro.",
      "language": {
        "name": "it",
        "url": "https://pokeapi.co/api/v2/language/8/"
      },
      "version": {
        "name": "x",
        "url": "https://pokeapi.co/api/v2/version/23/"
      }
    },
    {
      "flavor_text": "It has been said that they swallow those who get\ntoo close and turn them into mummies. They like to\neat gold nuggets.",
      "language": {
        "name": "en",
        "url": "https://pokeapi.co/api/v2/language/9/"
      },
      "version": {
        "name": "x",
        "url": "https://pokeapi.co/api/v2/version/23/"
      }
    },
    {
      "flavor_text": "\u8fd1\u3065\u3044\u305f\u3000\u4eba\u9593\u3092\u3000\u98f2\u307f\u3053\u3093\u3067\n\u30df\u30a4\u30e9\u306b\u3000\u3057\u3066\u3057\u307e\u3046\u3068\u3044\u3046\u3000\u30a6\u30ef\u30b5\u3002\n\u91d1\u584a\u3092\u3000\u597d\u3093\u3067\u3000\u98df\u3079\u308b\u3002",
      "language": {
        "name": "ja",
        "url": "https://pokeapi.co/api/v2/language/11/"
      },
      "version": {
        "name": "x",
        "url": "https://pokeapi.co/api/v2/version/23/"
      }
    },
    {
      "flavor_text": "\u307b\u3093\u3082\u306e\u306e\u3000\u304b\u3093\u304a\u3051\u3068\u3000\u307e\u3061\u304c\u3048\n\u3061\u304b\u3088\u3063\u3066\u304d\u305f\u3000\u306f\u304b\u30c9\u30ed\u30dc\u30a6\u3092\n\u304b\u3089\u3060\u306e\u3000\u306a\u304b\u306b\u3000\u3068\u3058\u3053\u3081\u3066\u3057\u307e\u3046\u3002",
      "language": {
        "name": "ja-Hrkt",
        "url": "https://pokeapi.co/api/v2/language/1/"
      },
      "version": {
        "name": "y",
        "url": "https://pokeapi.co/api/v2/version/24/"
      }
    },
    {
      "flavor_text": "\uc9c4\uc9dc \uad00\uacfc \ucc29\uac01\ud574\uc11c\n\ub2e4\uac00\uc628 \ub3c4\uad74\uafbc\uc744\n\ubab8\uc18d\uc5d0 \uac00\ub46c\ubc84\ub9b0\ub2e4.",
      "language": {
        "name": "ko",
        "url": "https://pokeapi.co/api/v2/language/3/"
      },
      "version": {
        "name": "y",
        "url": "https://pokeapi.co/api/v2/version/24/"
      }
    },
    {
      "flavor_text": "Il prend l\u2019apparence d\u2019un beau cercueil. Les pilleurs\nde tombes imprudents finissent enferm\u00e9s \u00e0 l\u2019int\u00e9rieur.",
      "language": {
        "name": "fr",
        "url": "https://pokeapi.co/api/v2/language/5/"
      },
      "version": {
        "name": "y",
        "url": "https://pokeapi.co/api/v2/version/24/"
      }
    },
    {
      "flavor_text": "Grabr\u00e4uber, die es mit einem echten Sarg verwechseln\nund ihm zu nahe kommen, h\u00e4lt es im Inneren seines\nK\u00f6rpers gefangen.",
      "language": {
        "name": "de",
        "url": "https://pokeapi.co/api/v2/language/6/"
      },
      "version": {
        "name": "y",
        "url": "https://pokeapi.co/api/v2/version/24/"
      }
    },
    {
      "flavor_text": "Atrapan en su interior a los ladrones de tumbas que\nlos confunden con ata\u00fades de verdad.",
      "language": {
        "name": "es",
        "url": "https://pokeapi.co/api/v2/language/7/"
      },
      "version": {
        "name": "y",
        "url": "https://pokeapi.co/api/v2/version/24/"
      }
    },
    {
      "flavor_text": "Imprigiona nel suo corpo i razziatori di tombe che gli\nvanno vicino pensando che si tratti di un sarcofago\nvero.",
      "language": {
        "name": "it",
        "url": "https://pokeapi.co/api/v2/language/8/"
      },
      "version": {
        "name": "y",
        "url": "https://pokeapi.co/api/v2/version/24/"
      }
    },
    {
      "flavor_text": "Grave robbers who mistake them for real coffins and\nget too close end up trapped inside their bodies.",
      "language": {
        "name": "en",
        "url": "https://pokeapi.co/api/v2/language/9/"
      },
      "version": {
        "name": "y",
        "url": "https://pokeapi.co/api/v2/version/24/"
      }
    },
    {
      "flavor_text": "\u672c\u7269\u306e\u3000\u304b\u3093\u304a\u3051\u3068\u3000\u9593\u9055\u3048\n\u8fd1\u5bc4\u3063\u3066\u304d\u305f\u3000\u5893\u30c9\u30ed\u30dc\u30a6\u3092\n\u4f53\u306e\u3000\u4e2d\u306b\u3000\u9589\u3058\u3053\u3081\u3066\u3057\u307e\u3046\u3002",
      "language": {
        "name": "ja",
        "url": "https://pokeapi.co/api/v2/language/11/"
      },
      "version": {
        "name": "y",
        "url": "https://pokeapi.co/api/v2/version/24/"
      }
    },
    {
      "flavor_text": "\u3061\u304b\u3065\u3044\u305f\u3000\u306b\u3093\u3052\u3093\u3092\u3000\u306e\u307f\u3053\u3093\u3067\n\u30df\u30a4\u30e9\u306b\u3000\u3057\u3066\u3057\u307e\u3046\u3068\u3044\u3046\u3000\u3046\u308f\u3055\u3002\n\u304d\u3093\u304b\u3044\u3092\u3000\u3053\u306e\u3093\u3067\u3000\u305f\u3079\u308b\u3002",
      "language": {
        "name": "ja-Hrkt",
        "url": "https://pokeapi.co/api/v2/language/1/"
      },
      "version": {
        "name": "omega-ruby",
        "url": "https://pokeapi.co/api/v2/version/25/"
      }
    },
    {
      "flavor_text": "\uac00\uae4c\uc774 \ub2e4\uac00\uc628 \uc778\uac04\uc744 \uc0bc\ucf1c\uc11c\n\ubbf8\ub77c\ub85c \ub9cc\ub4e0\ub2e4\ub294 \uc18c\ubb38\uc774 \uc788\ub2e4.\n\uae08\uad34\ub97c \uc990\uaca8 \uba39\ub294\ub2e4.",
      "language": {
        "name": "ko",
        "url": "https://pokeapi.co/api/v2/language/3/"
      },
      "version": {
        "name": "omega-ruby",
        "url": "https://pokeapi.co/api/v2/version/25/"
      }
    },
    {
      "flavor_text": "Il para\u00eet qu\u2019il avale les gens et les transforme en momies.\nIl adore manger des lingots d\u2019or.",
      "language": {
        "name": "fr",
        "url": "https://pokeapi.co/api/v2/language/5/"
      },
      "version": {
        "name": "omega-ruby",
        "url": "https://pokeapi.co/api/v2/version/25/"
      }
    },
    {
      "flavor_text": "Angeblich verschlingt es jeden, der sich ihm auch nur n\u00e4hert.\nBesonders gern frisst es Klumpen aus reinem Gold.",
      "language": {
        "name": "de",
        "url": "https://pokeapi.co/api/v2/language/6/"
      },
      "version": {
        "name": "omega-ruby",
        "url": "https://pokeapi.co/api/v2/version/25/"
      }
    },
    {
      "flavor_text": "Se comenta que engulle a todo humano que se le acerca y lo\nmomifica. Su comida favorita son las pepitas de oro.",
      "language": {
        "name": "es",
        "url": "https://pokeapi.co/api/v2/language/7/"
      },
      "version": {
        "name": "omega-ruby",
        "url": "https://pokeapi.co/api/v2/version/25/"
      }
    },
    {
      "flavor_text": "Si dice che inghiottisca le prede che gli si avvicinano e le\ntrasformi in mummie. Gli piace mangiare le pepite d\u2019oro.",
      "language": {
        "name": "it",
        "url": "https://pokeapi.co/api/v2/language/8/"
      },
      "version": {
        "name": "omega-ruby",
        "url": "https://pokeapi.co/api/v2/version/25/"
      }
    },
    {
      "flavor_text": "It has been said that they swallow those who get\ntoo close and turn them into mummies. They like to\neat gold nuggets.",
      "language": {
        "name": "en",
        "url": "https://pokeapi.co/api/v2/language/9/"
      },
      "version": {
        "name": "omega-ruby",
        "url": "https://pokeapi.co/api/v2/version/25/"
      }
    },
    {
      "flavor_text": "\u8fd1\u3065\u3044\u305f\u3000\u4eba\u9593\u3092\u3000\u98f2\u307f\u3053\u3093\u3067\n\u30df\u30a4\u30e9\u306b\u3000\u3057\u3066\u3057\u307e\u3046\u3068\u3044\u3046\u3000\u30a6\u30ef\u30b5\u3002\n\u91d1\u584a\u3092\u3000\u597d\u3093\u3067\u3000\u98df\u3079\u308b\u3002",
      "language": {
        "name": "ja",
        "url": "https://pokeapi.co/api/v2/language/11/"
      },
      "version": {
        "name": "omega-ruby",
        "url": "https://pokeapi.co/api/v2/version/25/"
      }
    },
    {
      "flavor_text": "\u307b\u3093\u3082\u306e\u306e\u3000\u304b\u3093\u304a\u3051\u3068\u3000\u307e\u3061\u304c\u3048\n\u3061\u304b\u3088\u3063\u3066\u304d\u305f\u3000\u306f\u304b\u30c9\u30ed\u30dc\u30a6\u3092\n\u304b\u3089\u3060\u306e\u3000\u306a\u304b\u306b\u3000\u3068\u3058\u3053\u3081\u3066\u3057\u307e\u3046\u3002",
      "language": {
        "name": "ja-Hrkt",
        "url": "https://pokeapi.co/api/v2/language/1/"
      },
      "version": {
        "name": "alpha-sapphire",
        "url": "https://pokeapi.co/api/v2/version/26/"
      }
    },
    {
      "flavor_text": "\uc9c4\uc9dc \uad00\uacfc \ucc29\uac01\ud574\uc11c\n\ub2e4\uac00\uc628 \ub3c4\uad74\uafbc\uc744\n\ubab8\uc18d\uc5d0 \uac00\ub46c\ubc84\ub9b0\ub2e4.",
      "language": {
        "name": "ko",
        "url": "https://pokeapi.co/api/v2/language/3/"
      },
      "version": {
        "name": "alpha-sapphire",
        "url": "https://pokeapi.co/api/v2/version/26/"
      }
    },
    {
      "flavor_text": "Il prend l\u2019apparence d\u2019un beau cercueil. Les pilleurs de tombes\nimprudents finissent enferm\u00e9s \u00e0 l\u2019int\u00e9rieur.",
      "language": {
        "name": "fr",
        "url": "https://pokeapi.co/api/v2/language/5/"
      },
      "version": {
        "name": "alpha-sapphire",
        "url": "https://pokeapi.co/api/v2/version/26/"
      }
    },
    {
      "flavor_text": "Grabr\u00e4uber, die es mit einem echten Sarg verwechseln und ihm\nzu nahe kommen, h\u00e4lt es im Inneren seines K\u00f6rpers gefangen.",
      "language": {
        "name": "de",
        "url": "https://pokeapi.co/api/v2/language/6/"
      },
      "version": {
        "name": "alpha-sapphire",
        "url": "https://pokeapi.co/api/v2/version/26/"
      }
    },
    {
      "flavor_text": "Atrapan en su interior a los ladrones de tumbas que los\nconfunden con ata\u00fades de verdad.",
      "language": {
        "name": "es",
        "url": "https://pokeapi.co/api/v2/language/7/"
      },
      "version": {
        "name": "alpha-sapphire",
        "url": "https://pokeapi.co/api/v2/version/26/"
      }
    },
    {
      "flavor_text": "Imprigiona nel suo corpo i razziatori di tombe che gli vanno\nvicino pensando che si tratti di un sarcofago vero.",
      "language": {
        "name": "it",
        "url": "https://pokeapi.co/api/v2/language/8/"
      },
      "version": {
        "name": "alpha-sapphire",
        "url": "https://pokeapi.co/api/v2/version/26/"
      }
    },
    {
      "flavor_text": "Grave robbers who mistake them for real coffins and\nget too close end up trapped inside their bodies.",
      "language": {
        "name": "en",
        "url": "https://pokeapi.co/api/v2/language/9/"
      },
      "version": {
        "name": "alpha-sapphire",
        "url": "https://pokeapi.co/api/v2/version/26/"
      }
    },
    {
      "flavor_text": "\u672c\u7269\u306e\u3000\u304b\u3093\u304a\u3051\u3068\u3000\u9593\u9055\u3048\n\u8fd1\u5bc4\u3063\u3066\u304d\u305f\u3000\u5893\u30c9\u30ed\u30dc\u30a6\u3092\n\u4f53\u306e\u3000\u4e2d\u306b\u3000\u9589\u3058\u3053\u3081\u3066\u3057\u307e\u3046\u3002",
      "language": {
        "name": "ja",
        "url": "https://pokeapi.co/api/v2/language/11/"
      },
      "version": {
        "name": "alpha-sapphire",
        "url": "https://pokeapi.co/api/v2/version/26/"
      }
    },
    {
      "flavor_text": "\u30d4\u30ab\u30d4\u30ab\u306e\u3000\u304a\u3046\u3054\u3093\u306e\u3000\u304b\u3089\u3060\u3002\n\u3082\u306f\u3084\u3000\u306b\u3093\u3052\u3093\u3060\u3063\u305f\u3000\u3053\u3068\u306f\n\u304a\u3082\u3044\u3060\u3059\u3053\u3068\u306f\u3000\u306a\u3044\u3068\u3000\u3044\u3046\u3002",
      "language": {
        "name": "ja-Hrkt",
        "url": "https://pokeapi.co/api/v2/language/1/"
      },
      "version": {
        "name": "sword",
        "url": "https://pokeapi.co/api/v2/version/33/"
      }
    },
    {
      "flavor_text": "\u64c1\u6709\u9583\u4eae\u4eae\u7684\u9ec3\u91d1\u8eab\u8ec0\u3002\n\u64da\u8aaa\u7260\u5df2\u518d\u4e5f\u7121\u6cd5\u8a18\u8d77\n\u81ea\u5df1\u66fe\u7d93\u662f\u4eba\u985e\u3002",
      "language": {
        "name": "zh-Hant",
        "url": "https://pokeapi.co/api/v2/language/4/"
      },
      "version": {
        "name": "sword",
        "url": "https://pokeapi.co/api/v2/version/33/"
      }
    },
    {
      "flavor_text": "Son corps en or brille de mille feux.\nOn raconte qu\u2019il ne se souvient d\u00e9sormais plus\nde l\u2019\u00e9poque o\u00f9 il \u00e9tait un \u00eatre humain.",
      "language": {
        "name": "fr",
        "url": "https://pokeapi.co/api/v2/language/5/"
      },
      "version": {
        "name": "sword",
        "url": "https://pokeapi.co/api/v2/version/33/"
      }
    },
    {
      "flavor_text": "Echnatoll haben einen K\u00f6rper aus glitzerndem\nGold. Man geht davon aus, dass sie sich nicht\nmehr an ihr Leben als Menschen erinnern k\u00f6nnen.",
      "language": {
        "name": "de",
        "url": "https://pokeapi.co/api/v2/language/6/"
      },
      "version": {
        "name": "sword",
        "url": "https://pokeapi.co/api/v2/version/33/"
      }
    },
    {
      "flavor_text": "Su cuerpo es de rutilante oro. Se dice que ya no\nrecuerda nada de su pasado como humano.",
      "language": {
        "name": "es",
        "url": "https://pokeapi.co/api/v2/language/7/"
      },
      "version": {
        "name": "sword",
        "url": "https://pokeapi.co/api/v2/version/33/"
      }
    },
    {
      "flavor_text": "\u00c8 ricoperto di oro scintillante. Si dice che ormai\nnon ricordi pi\u00f9 di essere stato un essere umano.",
      "language": {
        "name": "it",
        "url": "https://pokeapi.co/api/v2/language/8/"
      },
      "version": {
        "name": "sword",
        "url": "https://pokeapi.co/api/v2/version/33/"
      }
    },
    {
      "flavor_text": "This Pok\u00e9mon has a body of sparkling gold.\nPeople say it no longer remembers that it was\nonce human.",
      "language": {
        "name": "en",
        "url": "https://pokeapi.co/api/v2/language/9/"
      },
      "version": {
        "name": "sword",
        "url": "https://pokeapi.co/api/v2/version/33/"
      }
    },
    {
      "flavor_text": "\u30d4\u30ab\u30d4\u30ab\u306e\u3000\u9ec4\u91d1\u306e\u3000\u4f53\u3002\n\u3082\u306f\u3084\u3000\u4eba\u9593\u3060\u3063\u305f\u3000\u3053\u3068\u306f\n\u601d\u3044\u51fa\u3059\u3053\u3068\u306f\u3000\u306a\u3044\u3068\u3000\u3044\u3046\u3002",
      "language": {
        "name": "ja",
        "url": "https://pokeapi.co/api/v2/language/11/"
      },
      "version": {
        "name": "sword",
        "url": "https://pokeapi.co/api/v2/version/33/"
      }
    },
    {
      "flavor_text": "\u62e5\u6709\u95ea\u4eae\u4eae\u7684\u9ec4\u91d1\u4e4b\u8eaf\u3002\n\u636e\u8bf4\u5b83\u5df2\u518d\u4e5f\u65e0\u6cd5\u8bb0\u8d77\n\u81ea\u5df1\u66fe\u662f\u4eba\u7c7b\u3002",
      "language": {
        "name": "zh-Hans",
        "url": "https://pokeapi.co/api/v2/language/12/"
      },
      "version": {
        "name": "sword",
        "url": "https://pokeapi.co/api/v2/version/33/"
      }
    },
    {
      "flavor_text": "\u3075\u308b\u3044\u3000\u304a\u306f\u304b\u306e\u3000\u304b\u3079\u306b\u3000\u304a\u3046\u3055\u307e\u306e\n\u3068\u307f\u306e\u3000\u3057\u3087\u3046\u3061\u3087\u3046\u3000\u3068\u3057\u3066\n\u3048\u304c\u304b\u308c\u3066\u3000\u3044\u308b\u3053\u3068\u304c\u3000\u304a\u304a\u3044\u3002",
      "language": {
        "name": "ja-Hrkt",
        "url": "https://pokeapi.co/api/v2/language/1/"
      },
      "version": {
        "name": "shield",
        "url": "https://pokeapi.co/api/v2/version/34/"
      }
    },
    {
      "flavor_text": "\uc624\ub798\ub41c \ubb18\uc9c0\uc758 \ubcbd\uc744 \ubcf4\uba74\n\uc655\uc758 \ubd80\ub97c \ub4dc\ub7ec\ub0b4\uace0\uc790\n\uadf8\ub824\uc838 \uc788\ub294 \uacbd\uc6b0\uac00 \ub9ce\ub2e4.",
      "language": {
        "name": "ko",
        "url": "https://pokeapi.co/api/v2/language/3/"
      },
      "version": {
        "name": "shield",
        "url": "https://pokeapi.co/api/v2/version/34/"
      }
    },
    {
      "flavor_text": "\u6b7b\u795e\u68fa\u8c61\u5fb5\u8457\u570b\u738b\u7684\u8ca1\u5bcc\uff0c\n\u56e0\u6b64\u8a31\u591a\u53e4\u5893\u88e1\n\u90fd\u6709\u7260\u7684\u58c1\u756b\u3002",
      "language": {
        "name": "zh-Hant",
        "url": "https://pokeapi.co/api/v2/language/4/"
      },
      "version": {
        "name": "shield",
        "url": "https://pokeapi.co/api/v2/version/34/"
      }
    },
    {
      "flavor_text": "On le voit souvent repr\u00e9sent\u00e9 sur les murs\ndes vieilles s\u00e9pultures des rois en tant que\nsymbole de leur richesse.",
      "language": {
        "name": "fr",
        "url": "https://pokeapi.co/api/v2/language/5/"
      },
      "version": {
        "name": "shield",
        "url": "https://pokeapi.co/api/v2/version/34/"
      }
    },
    {
      "flavor_text": "Darstellungen von Echnatoll auf den W\u00e4nden\nalter K\u00f6nigsgr\u00e4ber sind ein Zeichen daf\u00fcr, dass\nder dort begrabene Regent wohlhabend war.",
      "language": {
        "name": "de",
        "url": "https://pokeapi.co/api/v2/language/6/"
      },
      "version": {
        "name": "shield",
        "url": "https://pokeapi.co/api/v2/version/34/"
      }
    },
    {
      "flavor_text": "Aparece representado en los muros de antiguas\nsepulturas como s\u00edmbolo de riqueza de reyes de\nanta\u00f1o.",
      "language": {
        "name": "es",
        "url": "https://pokeapi.co/api/v2/language/7/"
      },
      "version": {
        "name": "shield",
        "url": "https://pokeapi.co/api/v2/version/34/"
      }
    },
    {
      "flavor_text": "Viene spesso raffigurato sulle pareti di antichi\nsepolcri come simbolo dell\u2019opulenza dei re.",
      "language": {
        "name": "it",
        "url": "https://pokeapi.co/api/v2/language/8/"
      },
      "version": {
        "name": "shield",
        "url": "https://pokeapi.co/api/v2/version/34/"
      }
    },
    {
      "flavor_text": "There are many depictions of Cofagrigus\ndecorating ancient tombs. They\u2019re symbols\nof the wealth that kings of bygone eras had.",
      "language": {
        "name": "en",
        "url": "https://pokeapi.co/api/v2/language/9/"
      },
      "version": {
        "name": "shield",
        "url": "https://pokeapi.co/api/v2/version/34/"
      }
    },
    {
      "flavor_text": "\u53e4\u3044\u3000\u304a\u5893\u306e\u3000\u58c1\u306b\u3000\u738b\u69d8\u306e\n\u5bcc\u306e\u3000\u8c61\u5fb4\u3000\u3068\u3057\u3066\n\u63cf\u304b\u308c\u3066\u3000\u3044\u308b\u3053\u3068\u304c\u3000\u591a\u3044\u3002",
      "language": {
        "name": "ja",
        "url": "https://pokeapi.co/api/v2/language/11/"
      },
      "version": {
        "name": "shield",
        "url": "https://pokeapi.co/api/v2/version/34/"
      }
    },
    {
      "flavor_text": "\u8fed\u5931\u68fa\u8c61\u5f81\u7740\u56fd\u738b\u7684\u8d22\u5bcc\uff0c\n\u56e0\u6b64\u8bb8\u591a\u53e4\u5893\u91cc\n\u90fd\u6709\u5b83\u7684\u58c1\u753b\u3002",
      "language": {
        "name": "zh-Hans",
        "url": "https://pokeapi.co/api/v2/language/12/"
      },
      "version": {
        "name": "shield",
        "url": "https://pokeapi.co/api/v2/version/34/"
      }
    }
  ],
  "form_descriptions": [],
  "forms_switchable": false,
  "gender_rate": 4,
  "genera": [
    {
      "genus": "\u304b\u3093\u304a\u3051\u30dd\u30b1\u30e2\u30f3",
      "language": {
        "name": "ja-Hrkt",
        "url": "https://pokeapi.co/api/v2/language/1/"
      }
    },
    {
      "genus": "\uad00\ud3ec\ucf13\ubaac",
      "language": {
        "name": "ko",
        "url": "https://pokeapi.co/api/v2/language/3/"
      }
    },
    {
      "genus": "\u68fa\u6728\u5bf6\u53ef\u5922",
      "language": {
        "name": "zh-Hant",
        "url": "https://pokeapi.co/api/v2/language/4/"
      }
    },
    {
      "genus": "Pok\u00e9mon Cercueil",
      "language": {
        "name": "fr",
        "url": "https://pokeapi.co/api/v2/language/5/"
      }
    },
    {
      "genus": "Sarkophag-Pok\u00e9mon",
      "language": {
        "name": "de",
        "url": "https://pokeapi.co/api/v2/language/6/"
      }
    },
    {
      "genus": "Pok\u00e9mon Sepultura",
      "language": {
        "name": "es",
        "url": "https://pokeapi.co/api/v2/language/7/"
      }
    },
    {
      "genus": "Pok\u00e9mon Bara",
      "language": {
        "name": "it",
        "url": "https://pokeapi.co/api/v2/language/8/"
      }
    },
    {
      "genus": "Coffin Pok\u00e9mon",
      "language": {
        "name": "en",
        "url": "https://pokeapi.co/api/v2/language/9/"
      }
    },
    {
      "genus": "\u304b\u3093\u304a\u3051\u30dd\u30b1\u30e2\u30f3",
      "language": {
        "name": "ja",
        "url": "https://pokeapi.co/api/v2/language/11/"
      }
    },
    {
      "genus": "\u68fa\u6728\u5b9d\u53ef\u68a6",
      "language": {
        "name": "zh-Hans",
        "url": "https://pokeapi.co/api/v2/language/12/"
      }
    }
  ],
  "generation": {
    "name": "generation-v",
    "url": "https://pokeapi.co/api/v2/generation/5/"
  },
  "growth_rate": {
    "name": "medium",
    "url": "https://pokeapi.co/api/v2/growth-rate/2/"
  },
  "habitat": null,
  "has_gender_differences": false,
  "hatch_counter": 25,
  "id": 563,
  "is_baby": false,
  "is_legendary": false,
  "is_mythical": false,
  "name": "cofagrigus",
  "names": [
    {
      "language": {
        "name": "ja-Hrkt",
        "url": "https://pokeapi.co/api/v2/language/1/"
      },
      "name": "\u30c7\u30b9\u30ab\u30fc\u30f3"
    },
    {
      "language": {
        "name": "roomaji",
        "url": "https://pokeapi.co/api/v2/language/2/"
      },
      "name": "Desukarn"
    },
    {
      "language": {
        "name": "ko",
        "url": "https://pokeapi.co/api/v2/language/3/"
      },
      "name": "\ub370\uc2a4\ub2c8\uce78"
    },
    {
      "language": {
        "name": "zh-Hant",
        "url": "https://pokeapi.co/api/v2/language/4/"
      },
      "name": "\u6b7b\u795e\u68fa"
    },
    {
      "language": {
        "name": "fr",
        "url": "https://pokeapi.co/api/v2/language/5/"
      },
      "name": "Tutankafer"
    },
    {
      "language": {
        "name": "de",
        "url": "https://pokeapi.co/api/v2/language/6/"
      },
      "name": "Echnatoll"
    },
    {
      "language": {
        "name": "es",
        "url": "https://pokeapi.co/api/v2/language/7/"
      },
      "name": "Cofagrigus"
    },
    {
      "language": {
        "name": "it",
        "url": "https://pokeapi.co/api/v2/language/8/"
      },
      "name": "Cofagrigus"
    },
    {
      "language": {
        "name": "en",
        "url": "https://pokeapi.co/api/v2/language/9/"
      },
      "name": "Cofagrigus"
    },
    {
      "language": {
        "name": "ja",
        "url": "https://pokeapi.co/api/v2/language/11/"
      },
      "name": "\u30c7\u30b9\u30ab\u30fc\u30f3"
    },
    {
      "language": {
        "name": "zh-Hans",
        "url": "https://pokeapi.co/api/v2/language/12/"
      },
      "name": "\u8fed\u5931\u68fa"
    }
  ],
  "order": 564,
  "pal_park_encounters": [],
  "pokedex_numbers": [
    {
      "entry_number": 563,
      "pokedex": {
        "name": "national",
        "url": "https://pokeapi.co/api/v2/pokedex/1/"
      }
    },
    {
      "entry_number": 69,
      "pokedex": {
        "name": "original-unova",
        "url": "https://pokeapi.co/api/v2/pokedex/8/"
      }
    },
    {
      "entry_number": 125,
      "pokedex": {
        "name": "updated-unova",
        "url": "https://pokeapi.co/api/v2/pokedex/9/"
      }
    },
    {
      "entry_number": 329,
      "pokedex": {
        "name": "galar",
        "url": "https://pokeapi.co/api/v2/pokedex/27/"
      }
    },
    {
      "entry_number": 60,
      "pokedex": {
        "name": "hyperspace",
        "url": "https://pokeapi.co/api/v2/pokedex/35/"
      }
    }
  ],
  "shape": {
    "name": "blob",
    "url": "https://pokeapi.co/api/v2/pokemon-shape/5/"
  },
  "varieties": [
    {
      "is_default": true,
      "pokemon": {
        "name": "cofagrigus",
        "url": "https://pokeapi.co/api/v2/pokemon/563/"
      }
    }
  ]
}