{
  "abilities": [
    {
      "ability": {
        "name": "guts",
        "url": "https://pokeapi.co/api/v2/ability/62/"
      },
      "is_hidden": false,
      "slot": 1
    },
    {
      "ability": {
        "name": "no-guard",
        "url": "https://pokeapi.co/api/v2/ability/99/"
      },
      "is_hidden": false,
      "slot": 2
    },
    {
      "ability": {
        "name": "steadfast",
        "url": "https://pokeapi.co/api/v2/ability/80/"
      },
      "is_hidden": true,
      "slot": 3
    }
  ],
  "base_experience": 227,
  "cries": {
    "latest": "https://raw.githubusercontent.com/PokeAPI/cries/main/cries/pokemon/latest/10201.ogg",
    "legacy": null
  },
  "forms": [
    {
      "name": "machamp-gmax",
      "url": "https://pokeapi.co/api/v2/pokemon-form/10370/"
    }
  ],
  "game_indices": [],
  "height": 250,
  "held_items": [],
  "id": 10201,
  "is_default": false,
  "location_area_encounters": "https://pokeapi.co/api/v2/pokemon/10201/encounters",
  "moves": [],
  "name": "machamp-gmax",
  "order": -1,
  "past_abilities": [],
  "past_types": [],
  "species": {
    "name": "machamp",
    "url": "https://pokeapi.co/api/v2/pokemon-species/68/"
  },
  "sprites": {
    "back_default": "https://raw.githubusercontent.com/PokeAPI/sprites/master/sprites/pokemon/back/10201.png",
    "back_female": null,
    "back_shiny": "https://raw.githubusercontent.com/PokeAPI/sprites/master/sprites/pokemon/back/shiny/10201.png",
    "back_shiny_female": null,
    "front_default": "https://raw.githubusercontent.com/PokeAPI/sprites/master/sprites/pokemon/10201.png",
    "front_female": null,
    "front_shiny": "https://raw.githubusercontent.com/PokeAPI/sprites/master/sprites/pokemon/shiny/10201.png",
    "front_shiny_female": null,
    "other": {
      "dream_world": {
        "front_default": null,
        "front_female": null
      },
      "home": {
        "front_default": "https://raw.githubusercontent.com/PokeAPI/sprites/master/sprites/pokemon/other/home/10201.png",
        "front_female": null,
        "front_shiny": "https://raw.githubusercontent.com/PokeAPI/sprites/master/sprites/pokemon/other/home/shiny/10201.png",
        "front_shiny_female": null
      },
      "official-artwork": {
        "front_default": "https://raw.githubusercontent.com/PokeAPI/sprites/master/sprites/pokemon/other/official-artwork/10201.png",
        "front_shiny": "https://raw.githubusercontent.com/PokeAPI/sprites/master/sprites/pokemon/other/official-artwork/shiny/10201.png"
      },
      "showdown": {
        "back_default": "https://raw.githubusercontent.com/PokeAPI/sprites/master/sprites/pokemon/other/showdown/back/10201.gif",
        "back_female": null,
        "back_shiny": "https://raw.githubusercontent.com/PokeAPI/sprites/master/sprites/pokemon/other/showdown/back/shiny/10201.gif",
        "back_shiny_female": null,
        "front_default": "https://raw.githubusercontent.com/PokeAPI/sprites/master/sprites/pokemon/other/showdown/10201.gif",
        "front_female": null,
        "front_shiny": "https://raw.githubusercontent.com/PokeAPI/sprites/master/sprites/pokemon/other/showdown/shiny/10201.gif",
        "front_shiny_female": null
      }
    },
    "versions": {
      "generation-i": {
        "red-blue": {
          "back_default": null,
          "back_gray": null,
          "back_transparent": null,
          "front_default": null,
          "front_gray": null,
          "front_transparent": null
        },
        "yellow": {
          "back_default": null,
          "back_gray": null,
          "back_transparent": null,
          "front_default": null,
          "front_gray": null,
          "front_transparent": null
        }
      },
      "generation-ii": {
        "crystal": {
          "back_default": null,
          "back_shiny": null,
          "back_shiny_transparent": null,
          "back_transparent": null,
          "front_default": null,
          "front_shiny": null,
          "front_shiny_transparent": null,
          "front_transparent": null
        },
        "gold": {
          "back_default": null,
          "back_shiny": null,
          "front_default": null,
          "front_shiny": null,
          "front_transparent": null
        },
        "silver": {
          "back_default": null,
          "back_shiny": null,
          "front_default": null,
          "front_shiny": null,
          "front_transparent": null
        }
      },
      "generation-iii": {
        "emerald": {
          "front_default": null,
          "front_shiny": null
        },
        "firered-leafgreen": {
          "back_default": null,
          "back_shiny": null,
          "front_default": null,
          "front_shiny": null
        },
        "ruby-sapphire": {
          "back_default": null,
          "back_shiny": null,
          "front_default": null,
          "front_shiny": null
        }
      },
      "generation-iv": {
        "diamond-pearl": {
          "back_default": null,
          "back_female": null,
          "back_shiny": null,
          "back_shiny_female": null,
          "front_default": null,
          "front_female": null,
          "front_shiny": null,
          "front_shiny_female": null
        },
        "heartgold-soulsilver": {
          "back_default": null,
          "back_female": null,
          "back_shiny": null,
          "back_shiny_female": null,
          "front_default": null,
          "front_female": null,
          "front_shiny": null,
          "front_shiny_female": null
        },
        "platinum": {
          "back_default": null,
          "back_female": null,
          "back_shiny": null,
          "back_shiny_female": null,
          "front_default": null,
          "front_female": null,
          "front_shiny": null,
          "front_shiny_female": null
        }
      },
      "generation-ix": {
        "scarlet-violet": {
          "front_default": null,
          "front_female": null
        }
      },
      "generation-v": {
        "black-white": {
          "animated": {
            "back_default": null,
            "back_female": null,
            "back_shiny": null,
            "back_shiny_female": null,
            "front_default": null,
            "front_female": null,
            "front_shiny": null,
            "front_shiny_female": null
          },
          "back_default": "https://raw.githubusercontent.com/PokeAPI/sprites/master/sprites/pokemon/versions/generation-v/black-white/back/10201.png",
          "back_female": null,
          "back_shiny": "https://raw.githubusercontent.com/PokeAPI/sprites/master/sprites/pokemon/versions/generation-v/black-white/back/shiny/10201.png",
          "back_shiny_female": null,
          "front_default": "https://raw.githubusercontent.com/PokeAPI/sprites/master/sprites/pokemon/versions/generation-v/black-white/10201.png",
          "front_female": null,
          "front_shiny": "https://raw.githubusercontent.com/PokeAPI/sprites/master/sprites/pokemon/versions/generation-v/black-white/shiny/10201.png",
          "front_shiny_female": null
        }
      },
      "generation-vi": {
        "omegaruby-alphasapphire": {
          "front_default": null,
          "front_female": null,
          "front_shiny": null,
          "front_shiny_female": null
        },
        "x-y": {
          "front_default": null,
          "front_female": null,
          "front_shiny": null,
          "front_shiny_female": null
        }
      },
      "generation-vii": {
        "icons": {
          "front_default": null,
          "front_female": null
        },
        "ultra-sun-ultra-moon": {
          "front_default": null,
          "front_female": null,
          "front_shiny": null,
          "front_shiny_female": null
        }
      },
      "generation-viii": {
        "brilliant-diamond-shining-pearl": {
          "front_default": null,
          "front_female": null
        },
        "icons": {
          "front_default": "https://raw.githubusercontent.com/PokeAPI/sprites/master/sprites/pokemon/versions/generation-viii/icons/68-gmax.png",
          "front_female": null
        }
      }
    }
  },
  "stats": [
    {
      "base_stat": 90,
      "effort": 0,
      "stat": {
        "name": "hp",
        "url": "https://pokeapi.co/api/v2/stat/1/"
      }
    },
    {
      "base_stat": 130,
      "effort": 3,
      "stat": {
        "name": "attack",
        "url": "https://pokeapi.co/api/v2/stat/2/"
      }
    },
    {
      "base_stat": 80,
      "effort": 0,
      "stat": {
        "name": "defense",
        "url": "https://pokeapi.co/api/v2/stat/3/"
      }
    },
    {
      "base_stat": 65,
      "effort": 0,
      "stat": {
        "name": "special-attack",
        "url": "https://pokeapi.co/api/v2/stat/4/"
      }
    },
    {
      "base_stat": 85,
      "effort": 0,
      "stat": {
        "name": "special-defense",
        "url": "https://pokeapi.co/api/v2/stat/5/"
      }
    },
    {
      "base_stat": 55,
      "effort": 0,
      "stat": {
        "name": "speed",
        "url": "https://pokeapi.co/api/v2/stat/6/"
      }
    }
  ],
  "types": [
    {
      "slot": 1,
      "type": {
        "name": "fighting",
        "url": "https://pokeapi.co/api/v2/type/2/"
      }
    }
  ],
  "weight": 10000
}