{"id": 907, "name": "floragato", "types": [{"slot": 1, "type": {"name": "grass", "url": "https://pokeapi.co/api/v2/type/12/"}}], "stats": [{"base_stat": 61, "effort": 0, "stat": {"name": "hp", "url": "https://pokeapi.co/api/v2/stat/1/"}}, {"base_stat": 80, "effort": 0, "stat": {"name": "attack", "url": "https://pokeapi.co/api/v2/stat/2/"}}, {"base_stat": 63, "effort": 0, "stat": {"name": "defense", "url": "https://pokeapi.co/api/v2/stat/3/"}}, {"base_stat": 60, "effort": 0, "stat": {"name": "special-attack", "url": "https://pokeapi.co/api/v2/stat/4/"}}, {"base_stat": 63, "effort": 0, "stat": {"name": "special-defense", "url": "https://pokeapi.co/api/v2/stat/5/"}}, {"base_stat": 83, "effort": 2, "stat": {"name": "speed", "url": "https://pokeapi.co/api/v2/stat/6/"}}], "abilities": [{"ability": {"name": "overgrow", "url": "https://pokeapi.co/api/v2/ability/65/"}, "is_hidden": false, "slot": 1}, {"ability": {"name": "protean", "url": "https://pokeapi.co/api/v2/ability/168/"}, "is_hidden": true, "slot": 3}], "sprites": {"front_default": "https://raw.githubusercontent.com/PokeAPI/sprites/master/sprites/pokemon/907.png"}, "moves": [{"move": {"name": "thunder-punch"}, "earliest_level": null}, {"move": {"name": "scratch"}, "earliest_level": 1}, {"move": {"name": "take-down"}, "earliest_level": null}, {"move": {"name": "tail-whip"}, "earliest_level": 1}, {"move": {"name": "bite"}, "earliest_level": 7}, {"move": {"name": "low-kick"}, "earliest_level": null}, {"move": {"name": "solar-beam"}, "earliest_level": null}, {"move": {"name": "agility"}, "earliest_level": null}, {"move": {"name": "quick-attack"}, "earliest_level": 15}, {"move": {"name": "swift"}, "earliest_level": null}, {"move": {"name": "rest"}, "earliest_level": null}, {"move": {"name": "slash"}, "earliest_level": 33}, {"move": {"name": "substitute"}, "earliest_level": null}, {"move": {"name": "protect"}, "earliest_level": null}, {"move": {"name": "mud-slap"}, "earliest_level": null}, {"move": {"name": "giga-drain"}, "earliest_level": null}, {"move": {"name": "endure"}, "earliest_level": null}, {"move": {"name": "charm"}, "earliest_level": null}, {"move": {"name": "sleep-talk"}, "earliest_level": null}, {"move": {"name": "facade"}, "earliest_level": null}, {"move": {"name": "taunt"}, "earliest_level": null}, {"move": {"name": "helping-hand"}, "earliest_level": null}, {"move": {"name": "fake-tears"}, "earliest_level": null}, {"move": {"name": "bullet-seed"}, "earliest_level": null}, {"move": {"name": "aerial-ace"}, "earliest_level": null}, {"move": {"name": "magical-leaf"}, "earliest_level": 13}, {"move": {"name": "u-turn"}, "earliest_level": 24}, {"move": {"name": "fling"}, "earliest_level": null}, {"move": {"name": "worry-seed"}, "earliest_level": 28}, {"move": {"name": "seed-bomb"}, "earliest_level": 20}, {"move": {"name": "energy-ball"}, "earliest_level": 38}, {"move": {"name": "nasty-plot"}, "earliest_level": null}, {"move": {"name": "shadow-claw"}, "earliest_level": null}, {"move": {"name": "leaf-storm"}, "earliest_level": 46}, {"move": {"name": "grass-knot"}, "earliest_level": null}, {"move": {"name": "hone-claws"}, "earliest_level": 10}, {"move": {"name": "low-sweep"}, "earliest_level": null}, {"move": {"name": "acrobatics"}, "earliest_level": null}, {"move": {"name": "grass-pledge"}, "earliest_level": null}, {"move": {"name": "petal-blizzard"}, "earliest_level": null}, {"move": {"name": "disarming-voice"}, "earliest_level": null}, {"move": {"name": "grassy-terrain"}, "earliest_level": null}, {"move": {"name": "play-rough"}, "earliest_level": 42}, {"move": {"name": "leafage"}, "earliest_level": 1}, {"move": {"name": "grassy-glide"}, "earliest_level": null}, {"move": {"name": "tera-blast"}, "earliest_level": null}, {"move": {"name": "trailblaze"}, "earliest_level": null}], "species": {"url": "https://pokeapi.co/api/v2/pokemon-species/907/"}, "height": 9, "weight": 122}