{"id": 574, "name": "gothita", "types": [{"slot": 1, "type": {"name": "psychic", "url": "https://pokeapi.co/api/v2/type/14/"}}], "stats": [{"base_stat": 45, "effort": 0, "stat": {"name": "hp", "url": "https://pokeapi.co/api/v2/stat/1/"}}, {"base_stat": 30, "effort": 0, "stat": {"name": "attack", "url": "https://pokeapi.co/api/v2/stat/2/"}}, {"base_stat": 50, "effort": 0, "stat": {"name": "defense", "url": "https://pokeapi.co/api/v2/stat/3/"}}, {"base_stat": 55, "effort": 0, "stat": {"name": "special-attack", "url": "https://pokeapi.co/api/v2/stat/4/"}}, {"base_stat": 65, "effort": 1, "stat": {"name": "special-defense", "url": "https://pokeapi.co/api/v2/stat/5/"}}, {"base_stat": 45, "effort": 0, "stat": {"name": "speed", "url": "https://pokeapi.co/api/v2/stat/6/"}}], "abilities": [{"ability": {"name": "frisk", "url": "https://pokeapi.co/api/v2/ability/119/"}, "is_hidden": false, "slot": 1}, {"ability": {"name": "competitive", "url": "https://pokeapi.co/api/v2/ability/172/"}, "is_hidden": false, "slot": 2}, {"ability": {"name": "shadow-tag", "url": "https://pokeapi.co/api/v2/ability/23/"}, "is_hidden": true, "slot": 3}], "sprites": {"front_default": "https://raw.githubusercontent.com/PokeAPI/sprites/master/sprites/pokemon/574.png"}, "moves": [{"move": {"name": "pound"}, "earliest_level": 1}, {"move": {"name": "double-slap"}, "earliest_level": 14}, {"move": {"name": "psybeam"}, "earliest_level": 12}, {"move": {"name": "thunderbolt"}, "earliest_level": null}, {"move": {"name": "thunder-wave"}, "earliest_level": null}, {"move": {"name": "toxic"}, "earliest_level": null}, {"move": {"name": "confusion"}, "earliest_level": 1}, {"move": {"name": "psychic"}, "earliest_level": 36}, {"move": {"name": "hypnosis"}, "earliest_level": 24}, {"move": {"name": "double-team"}, "earliest_level": null}, {"move": {"name": "light-screen"}, "earliest_level": null}, {"move": {"name": "reflect"}, "earliest_level": null}, {"move": {"name": "swift"}, "earliest_level": null}, {"move": {"name": "dream-eater"}, "earliest_level": null}, {"move": {"name": "flash"}, "earliest_level": null}, {"move": {"name": "rest"}, "earliest_level": null}, {"move": {"name": "rock-slide"}, "earliest_level": null}, {"move": {"name": "substitute"}, "earliest_level": null}, {"move": {"name": "thief"}, "earliest_level": null}, {"move": {"name": "snore"}, "earliest_level": null}, {"move": {"name": "protect"}, "earliest_level": null}, {"move": {"name": "feint-attack"}, "earliest_level": 24}, {"move": {"name": "endure"}, "earliest_level": null}, {"move": {"name": "charm"}, "earliest_level": 16}, {"move": {"name": "swagger"}, "earliest_level": null}, {"move": {"name": "mean-look"}, "earliest_level": null}, {"move": {"name": "attract"}, "earliest_level": null}, {"move": {"name": "sleep-talk"}, "earliest_level": null}, {"move": {"name": "heal-bell"}, "earliest_level": null}, {"move": {"name": "return"}, "earliest_level": null}, {"move": {"name": "frustration"}, "earliest_level": null}, {"move": {"name": "safeguard"}, "earliest_level": null}, {"move": {"name": "hidden-power"}, "earliest_level": null}, {"move": {"name": "rain-dance"}, "earliest_level": null}, {"move": {"name": "mirror-coat"}, "earliest_level": null}, {"move": {"name": "psych-up"}, "earliest_level": 33}, {"move": {"name": "shadow-ball"}, "earliest_level": null}, {"move": {"name": "future-sight"}, "earliest_level": 31}, {"move": {"name": "fake-out"}, "earliest_level": null}, {"move": {"name": "uproar"}, "earliest_level": null}, {"move": {"name": "torment"}, "earliest_level": null}, {"move": {"name": "flatter"}, "earliest_level": 28}, {"move": {"name": "facade"}, "earliest_level": null}, {"move": {"name": "taunt"}, "earliest_level": null}, {"move": {"name": "helping-hand"}, "earliest_level": null}, {"move": {"name": "trick"}, "earliest_level": null}, {"move": {"name": "role-play"}, "earliest_level": null}, {"move": {"name": "magic-coat"}, "earliest_level": null}, {"move": {"name": "recycle"}, "earliest_level": null}, {"move": {"name": "skill-swap"}, "earliest_level": null}, {"move": {"name": "imprison"}, "earliest_level": null}, {"move": {"name": "snatch"}, "earliest_level": null}, {"move": {"name": "secret-power"}, "earliest_level": null}, {"move": {"name": "fake-tears"}, "earliest_level": 10}, {"move": {"name": "rock-tomb"}, "earliest_level": null}, {"move": {"name": "tickle"}, "earliest_level": 7}, {"move": {"name": "signal-beam"}, "earliest_level": null}, {"move": {"name": "covet"}, "earliest_level": null}, {"move": {"name": "calm-mind"}, "earliest_level": null}, {"move": {"name": "shock-wave"}, "earliest_level": null}, {"move": {"name": "gravity"}, "earliest_level": null}, {"move": {"name": "miracle-eye"}, "earliest_level": null}, {"move": {"name": "payback"}, "earliest_level": null}, {"move": {"name": "embargo"}, "earliest_level": 19}, {"move": {"name": "fling"}, "earliest_level": null}, {"move": {"name": "heal-block"}, "earliest_level": 33}, {"move": {"name": "guard-swap"}, "earliest_level": null}, {"move": {"name": "dark-pulse"}, "earliest_level": null}, {"move": {"name": "energy-ball"}, "earliest_level": null}, {"move": {"name": "nasty-plot"}, "earliest_level": null}, {"move": {"name": "zen-headbutt"}, "earliest_level": null}, {"move": {"name": "trick-room"}, "earliest_level": null}, {"move": {"name": "captivate"}, "earliest_level": null}, {"move": {"name": "grass-knot"}, "earliest_level": null}, {"move": {"name": "charge-beam"}, "earliest_level": null}, {"move": {"name": "psyshock"}, "earliest_level": 20}, {"move": {"name": "telekinesis"}, "earliest_level": 40}, {"move": {"name": "magic-room"}, "earliest_level": 48}, {"move": {"name": "foul-play"}, "earliest_level": null}, {"move": {"name": "round"}, "earliest_level": null}, {"move": {"name": "stored-power"}, "earliest_level": null}, {"move": {"name": "ally-switch"}, "earliest_level": null}, {"move": {"name": "heal-pulse"}, "earliest_level": null}, {"move": {"name": "play-nice"}, "earliest_level": 4}, {"move": {"name": "confide"}, "earliest_level": null}, {"move": {"name": "psychic-terrain"}, "earliest_level": null}, {"move": {"name": "expanding-force"}, "earliest_level": null}, {"move": {"name": "tera-blast"}, "earliest_level": null}, {"move": {"name": "psychic-noise"}, "earliest_level": null}], "species": {"url": "https://pokeapi.co/api/v2/pokemon-species/574/"}, "height": 4, "weight": 58}