{"id": 660, "name": "diggersby", "types": [{"slot": 1, "type": {"name": "normal", "url": "https://pokeapi.co/api/v2/type/1/"}}, {"slot": 2, "type": {"name": "ground", "url": "https://pokeapi.co/api/v2/type/5/"}}], "stats": [{"base_stat": 85, "effort": 2, "stat": {"name": "hp", "url": "https://pokeapi.co/api/v2/stat/1/"}}, {"base_stat": 56, "effort": 0, "stat": {"name": "attack", "url": "https://pokeapi.co/api/v2/stat/2/"}}, {"base_stat": 77, "effort": 0, "stat": {"name": "defense", "url": "https://pokeapi.co/api/v2/stat/3/"}}, {"base_stat": 50, "effort": 0, "stat": {"name": "special-attack", "url": "https://pokeapi.co/api/v2/stat/4/"}}, {"base_stat": 77, "effort": 0, "stat": {"name": "special-defense", "url": "https://pokeapi.co/api/v2/stat/5/"}}, {"base_stat": 78, "effort": 0, "stat": {"name": "speed", "url": "https://pokeapi.co/api/v2/stat/6/"}}], "abilities": [{"ability": {"name": "pickup", "url": "https://pokeapi.co/api/v2/ability/53/"}, "is_hidden": false, "slot": 1}, {"ability": {"name": "cheek-pouch", "url": "https://pokeapi.co/api/v2/ability/167/"}, "is_hidden": false, "slot": 2}, {"ability": {"name": "huge-power", "url": "https://pokeapi.co/api/v2/ability/37/"}, "is_hidden": true, "slot": 3}], "sprites": {"front_default": "https://raw.githubusercontent.com/PokeAPI/sprites/master/sprites/pokemon/660.png"}, "moves": [{"move": {"name": "double-slap"}, "earliest_level": 13}, {"move": {"name": "mega-punch"}, "earliest_level": null}, {"move": {"name": "fire-punch"}, "earliest_level": null}, {"move": {"name": "ice-punch"}, "earliest_level": null}, {"move": {"name": "thunder-punch"}, "earliest_level": null}, {"move": {"name": "swords-dance"}, "earliest_level": 1}, {"move": {"name": "cut"}, "earliest_level": null}, {"move": {"name": "double-kick"}, "earliest_level": 18}, {"move": {"name": "mega-kick"}, "earliest_level": null}, {"move": {"name": "tackle"}, "earliest_level": 1}, {"move": {"name": "body-slam"}, "earliest_level": null}, {"move": {"name": "take-down"}, "earliest_level": 15}, {"move": {"name": "leer"}, "earliest_level": 1}, {"move": {"name": "surf"}, "earliest_level": null}, {"move": {"name": "hyper-beam"}, "earliest_level": null}, {"move": {"name": "low-kick"}, "earliest_level": null}, {"move": {"name": "strength"}, "earliest_level": null}, {"move": {"name": "earthquake"}, "earliest_level": 48}, {"move": {"name": "dig"}, "earliest_level": 28}, {"move": {"name": "toxic"}, "earliest_level": null}, {"move": {"name": "agility"}, "earliest_level": 1}, {"move": {"name": "quick-attack"}, "earliest_level": 7}, {"move": {"name": "double-team"}, "earliest_level": null}, {"move": {"name": "rest"}, "earliest_level": null}, {"move": {"name": "rock-slide"}, "earliest_level": null}, {"move": {"name": "super-fang"}, "earliest_level": 48}, {"move": {"name": "substitute"}, "earliest_level": null}, {"move": {"name": "thief"}, "earliest_level": null}, {"move": {"name": "snore"}, "earliest_level": null}, {"move": {"name": "flail"}, "earliest_level": 15}, {"move": {"name": "protect"}, "earliest_level": null}, {"move": {"name": "sludge-bomb"}, "earliest_level": null}, {"move": {"name": "mud-slap"}, "earliest_level": 1}, {"move": {"name": "spikes"}, "earliest_level": null}, {"move": {"name": "sandstorm"}, "earliest_level": null}, {"move": {"name": "endure"}, "earliest_level": null}, {"move": {"name": "swagger"}, "earliest_level": null}, {"move": {"name": "attract"}, "earliest_level": null}, {"move": {"name": "sleep-talk"}, "earliest_level": null}, {"move": {"name": "return"}, "earliest_level": null}, {"move": {"name": "frustration"}, "earliest_level": null}, {"move": {"name": "iron-tail"}, "earliest_level": null}, {"move": {"name": "hidden-power"}, "earliest_level": null}, {"move": {"name": "rock-smash"}, "earliest_level": null}, {"move": {"name": "uproar"}, "earliest_level": null}, {"move": {"name": "torment"}, "earliest_level": null}, {"move": {"name": "facade"}, "earliest_level": 53}, {"move": {"name": "focus-punch"}, "earliest_level": null}, {"move": {"name": "nature-power"}, "earliest_level": null}, {"move": {"name": "superpower"}, "earliest_level": null}, {"move": {"name": "recycle"}, "earliest_level": null}, {"move": {"name": "brick-break"}, "earliest_level": null}, {"move": {"name": "knock-off"}, "earliest_level": null}, {"move": {"name": "endeavor"}, "earliest_level": null}, {"move": {"name": "snatch"}, "earliest_level": null}, {"move": {"name": "secret-power"}, "earliest_level": null}, {"move": {"name": "odor-sleuth"}, "earliest_level": 26}, {"move": {"name": "rock-tomb"}, "earliest_level": null}, {"move": {"name": "sand-tomb"}, "earliest_level": null}, {"move": {"name": "bulk-up"}, "earliest_level": null}, {"move": {"name": "bounce"}, "earliest_level": 33}, {"move": {"name": "mud-shot"}, "earliest_level": 12}, {"move": {"name": "hammer-arm"}, "earliest_level": 1}, {"move": {"name": "u-turn"}, "earliest_level": null}, {"move": {"name": "payback"}, "earliest_level": null}, {"move": {"name": "fling"}, "earliest_level": null}, {"move": {"name": "gastro-acid"}, "earliest_level": null}, {"move": {"name": "last-resort"}, "earliest_level": null}, {"move": {"name": "earth-power"}, "earliest_level": null}, {"move": {"name": "giga-impact"}, "earliest_level": null}, {"move": {"name": "gunk-shot"}, "earliest_level": null}, {"move": {"name": "iron-head"}, "earliest_level": null}, {"move": {"name": "stone-edge"}, "earliest_level": null}, {"move": {"name": "grass-knot"}, "earliest_level": null}, {"move": {"name": "smack-down"}, "earliest_level": null}, {"move": {"name": "foul-play"}, "earliest_level": null}, {"move": {"name": "round"}, "earliest_level": null}, {"move": {"name": "bulldoze"}, "earliest_level": 1}, {"move": {"name": "work-up"}, "earliest_level": null}, {"move": {"name": "wild-charge"}, "earliest_level": null}, {"move": {"name": "rototiller"}, "earliest_level": 1}, {"move": {"name": "confide"}, "earliest_level": null}, {"move": {"name": "power-up-punch"}, "earliest_level": null}, {"move": {"name": "high-horsepower"}, "earliest_level": null}, {"move": {"name": "laser-focus"}, "earliest_level": 1}, {"move": {"name": "brutal-swing"}, "earliest_level": null}, {"move": {"name": "stomping-tantrum"}, "earliest_level": null}, {"move": {"name": "scorching-sands"}, "earliest_level": null}], "species": {"url": "https://pokeapi.co/api/v2/pokemon-species/660/"}, "height": 10, "weight": 424}