{
  "base_happiness": 70,
  "capture_rate": 75,
  "color": {
    "name": "red",
    "url": "https://pokeapi.co/api/v2/pokemon-color/8/"
  },
  "egg_groups": [
    {
      "name": "bug",
      "url": "https://pokeapi.co/api/v2/egg-group/3/"
    },
    {
      "name": "mineral",
      "url": "https://pokeapi.co/api/v2/egg-group/10/"
    }
  ],
  "evolution_chain": {
    "url": "https://pokeapi.co/api/v2/evolution-chain/284/"
  },
  "evolves_from_species": {
    "name": "dwebble",
    "url": "https://pokeapi.co/api/v2/pokemon-species/557/"
  },
  "flavor_text_entries": [
    {
      "flavor_text": "Entre eux, les querelles de territoire\nsont fr\u00e9quentes et violentes. Celui qui\nse fait briser son rocher a perdu.",
      "language": {
        "name": "fr",
        "url": "https://pokeapi.co/api/v2/language/5/"
      },
      "version": {
        "name": "black",
        "url": "https://pokeapi.co/api/v2/version/17/"
      }
    },
    {
      "flavor_text": "Competing for territory, Crustle\nfight viciously. The one whose boulder\nis broken is the loser of the battle.",
      "language": {
        "name": "en",
        "url": "https://pokeapi.co/api/v2/language/9/"
      },
      "version": {
        "name": "black",
        "url": "https://pokeapi.co/api/v2/version/17/"
      }
    },
    {
      "flavor_text": "Il est assez endurant pour voyager des\njours durant dans des zones dess\u00e9ch\u00e9es\navec son lourd rocher sur le dos.",
      "language": {
        "name": "fr",
        "url": "https://pokeapi.co/api/v2/language/5/"
      },
      "version": {
        "name": "white",
        "url": "https://pokeapi.co/api/v2/version/18/"
      }
    },
    {
      "flavor_text": "It possesses legs of enormous strength,\nenabling it to carry heavy slabs for many\ndays, even when crossing arid land.",
      "language": {
        "name": "en",
        "url": "https://pokeapi.co/api/v2/language/9/"
      },
      "version": {
        "name": "white",
        "url": "https://pokeapi.co/api/v2/version/18/"
      }
    },
    {
      "flavor_text": "When its boulder is broken\nin battles for territory, it feels\nunsure and begins to weaken.",
      "language": {
        "name": "en",
        "url": "https://pokeapi.co/api/v2/language/9/"
      },
      "version": {
        "name": "black-2",
        "url": "https://pokeapi.co/api/v2/version/21/"
      }
    },
    {
      "flavor_text": "When its boulder is broken\nin battles for territory, it feels\nunsure and begins to weaken.",
      "language": {
        "name": "en",
        "url": "https://pokeapi.co/api/v2/language/9/"
      },
      "version": {
        "name": "white-2",
        "url": "https://pokeapi.co/api/v2/version/22/"
      }
    },
    {
      "flavor_text": "\u304a\u3082\u305f\u3044\u3000\u3044\u308f\u3092\u3000\u305b\u304a\u3063\u3066\n\u304b\u3093\u305d\u3046\u3057\u305f\u3000\u3068\u3061\u3092\u3000\u306a\u3093\u306b\u3061\u3067\u3082\n\u3044\u3069\u3046\u3067\u304d\u308b\u3000\u304d\u3083\u304f\u308a\u3087\u304f\u3092\u3000\u3082\u3064\u3002",
      "language": {
        "name": "ja-Hrkt",
        "url": "https://pokeapi.co/api/v2/language/1/"
      },
      "version": {
        "name": "x",
        "url": "https://pokeapi.co/api/v2/version/23/"
      }
    },
    {
      "flavor_text": "\ubb34\uac70\uc6b4 \ubc14\uc704\ub97c \ub4f1\uc5d0 \uc9c0\uace0\n\uba70\uce60\uc774\uace0 \uac74\uc870\ud55c \ub545\uc744\n\uc774\ub3d9\ud560 \uc218 \uc788\ub294 \ub2e4\ub9bf\uc2ec\uc744 \uac00\uc9c0\uace0 \uc788\ub2e4.",
      "language": {
        "name": "ko",
        "url": "https://pokeapi.co/api/v2/language/3/"
      },
      "version": {
        "name": "x",
        "url": "https://pokeapi.co/api/v2/version/23/"
      }
    },
    {
      "flavor_text": "Il est assez endurant pour voyager des jours durant\ndans des zones dess\u00e9ch\u00e9es avec son lourd rocher sur\nle dos.",
      "language": {
        "name": "fr",
        "url": "https://pokeapi.co/api/v2/language/5/"
      },
      "version": {
        "name": "x",
        "url": "https://pokeapi.co/api/v2/version/23/"
      }
    },
    {
      "flavor_text": "Es ist hart genug im Nehmen, um mitsamt seines\nschweren Felsens mehrere Tage durch trockene\nGebiete zu wandern.",
      "language": {
        "name": "de",
        "url": "https://pokeapi.co/api/v2/language/6/"
      },
      "version": {
        "name": "x",
        "url": "https://pokeapi.co/api/v2/version/23/"
      }
    },
    {
      "flavor_text": "Su inmensa capacidad motriz le permite desplazarse\ncargando a sus espaldas rocas enormes durante d\u00edas.",
      "language": {
        "name": "es",
        "url": "https://pokeapi.co/api/v2/language/7/"
      },
      "version": {
        "name": "x",
        "url": "https://pokeapi.co/api/v2/version/23/"
      }
    },
    {
      "flavor_text": "Ha una tale forza nelle gambe, che pu\u00f2 spostarsi\nper giorni in zone aride con una pesante roccia\nsulle spalle.",
      "language": {
        "name": "it",
        "url": "https://pokeapi.co/api/v2/language/8/"
      },
      "version": {
        "name": "x",
        "url": "https://pokeapi.co/api/v2/version/23/"
      }
    },
    {
      "flavor_text": "It possesses legs of enormous strength, enabling it\nto carry heavy slabs for many days, even when\ncrossing arid land.",
      "language": {
        "name": "en",
        "url": "https://pokeapi.co/api/v2/language/9/"
      },
      "version": {
        "name": "x",
        "url": "https://pokeapi.co/api/v2/version/23/"
      }
    },
    {
      "flavor_text": "\u91cd\u305f\u3044\u3000\u5ca9\u3092\u3000\u80cc\u8ca0\u3063\u3066\n\u4e7e\u71e5\u3057\u305f\u3000\u571f\u5730\u3092\u3000\u4f55\u65e5\u3067\u3082\n\u79fb\u52d5\u3067\u304d\u308b\u3000\u811a\u529b\u3092\u3000\u6301\u3064\u3002",
      "language": {
        "name": "ja",
        "url": "https://pokeapi.co/api/v2/language/11/"
      },
      "version": {
        "name": "x",
        "url": "https://pokeapi.co/api/v2/version/23/"
      }
    },
    {
      "flavor_text": "\u306a\u308f\u3070\u308a\u3092\u3000\u3068\u308a\u3042\u3063\u3066\u3000\u30a4\u30ef\u30d1\u30ec\u30b9\n\u3069\u3046\u3057\u304c\u3000\u306f\u3052\u3057\u304f\u3000\u305f\u305f\u304b\u3046\u3002\n\u3044\u308f\u3092\u3000\u3053\u308f\u3055\u308c\u305f\u3000\u307b\u3046\u304c\u3000\u307e\u3051\u3002",
      "language": {
        "name": "ja-Hrkt",
        "url": "https://pokeapi.co/api/v2/language/1/"
      },
      "version": {
        "name": "y",
        "url": "https://pokeapi.co/api/v2/version/24/"
      }
    },
    {
      "flavor_text": "\uc601\uc5ed\uc744 \ube7c\uc557\uae30 \uc704\ud574\n\uc554\ud330\ub9ac\uc2a4\ub07c\ub9ac \uaca9\ub82c\ud788 \uc2f8\uc6b4\ub2e4.\n\ubc14\uc704\uac00 \ubd80\uc11c\uc9c4 \ucabd\uc774 \ud328\ubc30\ub2e4.",
      "language": {
        "name": "ko",
        "url": "https://pokeapi.co/api/v2/language/3/"
      },
      "version": {
        "name": "y",
        "url": "https://pokeapi.co/api/v2/version/24/"
      }
    },
    {
      "flavor_text": "Entre eux, les querelles de territoire sont fr\u00e9quentes\net violentes. Celui qui se fait briser son rocher a\nperdu.",
      "language": {
        "name": "fr",
        "url": "https://pokeapi.co/api/v2/language/5/"
      },
      "version": {
        "name": "y",
        "url": "https://pokeapi.co/api/v2/version/24/"
      }
    },
    {
      "flavor_text": "Revierkonflikte f\u00fchren oft zu heftigen K\u00e4mpfen\nzwischen ihnen. Gewonnen hat, wer das\ngegnerische Haus zerst\u00f6rt.",
      "language": {
        "name": "de",
        "url": "https://pokeapi.co/api/v2/language/6/"
      },
      "version": {
        "name": "y",
        "url": "https://pokeapi.co/api/v2/version/24/"
      }
    },
    {
      "flavor_text": "Se disputa el territorio con sus cong\u00e9neres. Pierde\naquel al que le rompan la roca que lleva a cuestas.",
      "language": {
        "name": "es",
        "url": "https://pokeapi.co/api/v2/language/7/"
      },
      "version": {
        "name": "y",
        "url": "https://pokeapi.co/api/v2/version/24/"
      }
    },
    {
      "flavor_text": "I Crustle si disputano il territorio lottando ferocemente.\nVince chi distrugge la roccia del rivale.",
      "language": {
        "name": "it",
        "url": "https://pokeapi.co/api/v2/language/8/"
      },
      "version": {
        "name": "y",
        "url": "https://pokeapi.co/api/v2/version/24/"
      }
    },
    {
      "flavor_text": "Competing for territory, Crustle fight viciously.\nThe one whose boulder is broken is the loser of\nthe battle.",
      "language": {
        "name": "en",
        "url": "https://pokeapi.co/api/v2/language/9/"
      },
      "version": {
        "name": "y",
        "url": "https://pokeapi.co/api/v2/version/24/"
      }
    },
    {
      "flavor_text": "\u7e04\u5f35\u308a\u3092\u3000\u53d6\u308a\u5408\u3063\u3066\n\u30a4\u30ef\u30d1\u30ec\u30b9\u3000\u540c\u58eb\u304c\u3000\u6fc0\u3057\u304f\u3000\u6226\u3046\u3002\n\u5ca9\u3092\u3000\u58ca\u3055\u308c\u305f\u307b\u3046\u304c\u3000\u8ca0\u3051\u3002",
      "language": {
        "name": "ja",
        "url": "https://pokeapi.co/api/v2/language/11/"
      },
      "version": {
        "name": "y",
        "url": "https://pokeapi.co/api/v2/version/24/"
      }
    },
    {
      "flavor_text": "\u304a\u3082\u305f\u3044\u3000\u3044\u308f\u3092\u3000\u305b\u304a\u3063\u3066\n\u304b\u3093\u305d\u3046\u3057\u305f\u3000\u3068\u3061\u3092\u3000\u306a\u3093\u306b\u3061\u3067\u3082\n\u3044\u3069\u3046\u3067\u304d\u308b\u3000\u304d\u3083\u304f\u308a\u3087\u304f\u3092\u3000\u3082\u3064\u3002",
      "language": {
        "name": "ja-Hrkt",
        "url": "https://pokeapi.co/api/v2/language/1/"
      },
      "version": {
        "name": "omega-ruby",
        "url": "https://pokeapi.co/api/v2/version/25/"
      }
    },
    {
      "flavor_text": "\ubb34\uac70\uc6b4 \ubc14\uc704\ub97c \ub4f1\uc5d0 \uc9c0\uace0\n\uba70\uce60\uc774\uace0 \uac74\uc870\ud55c \ub545\uc744\n\uc774\ub3d9\ud560 \uc218 \uc788\ub294 \ub2e4\ub9bf\uc2ec\uc744 \uac00\uc9c0\uace0 \uc788\ub2e4.",
      "language": {
        "name": "ko",
        "url": "https://pokeapi.co/api/v2/language/3/"
      },
      "version": {
        "name": "omega-ruby",
        "url": "https://pokeapi.co/api/v2/version/25/"
      }
    },
    {
      "flavor_text": "Il est assez endurant pour voyager des jours durant\ndans des zones dess\u00e9ch\u00e9es avec son lourd rocher sur\nle dos.",
      "language": {
        "name": "fr",
        "url": "https://pokeapi.co/api/v2/language/5/"
      },
      "version": {
        "name": "omega-ruby",
        "url": "https://pokeapi.co/api/v2/version/25/"
      }
    },
    {
      "flavor_text": "Es ist hart genug im Nehmen, um mitsamt seines schweren\nFelsens mehrere Tage durch trockene Gebiete zu wandern.",
      "language": {
        "name": "de",
        "url": "https://pokeapi.co/api/v2/language/6/"
      },
      "version": {
        "name": "omega-ruby",
        "url": "https://pokeapi.co/api/v2/version/25/"
      }
    },
    {
      "flavor_text": "Su inmensa capacidad motriz le permite desplazarse cargando\na sus espaldas rocas enormes durante d\u00edas.",
      "language": {
        "name": "es",
        "url": "https://pokeapi.co/api/v2/language/7/"
      },
      "version": {
        "name": "omega-ruby",
        "url": "https://pokeapi.co/api/v2/version/25/"
      }
    },
    {
      "flavor_text": "Ha una tale forza nelle gambe, che pu\u00f2 spostarsi per giorni\nin zone aride con una pesante roccia sulle spalle.",
      "language": {
        "name": "it",
        "url": "https://pokeapi.co/api/v2/language/8/"
      },
      "version": {
        "name": "omega-ruby",
        "url": "https://pokeapi.co/api/v2/version/25/"
      }
    },
    {
      "flavor_text": "It possesses legs of enormous strength, enabling it\nto carry heavy slabs for many days, even when\ncrossing arid land.",
      "language": {
        "name": "en",
        "url": "https://pokeapi.co/api/v2/language/9/"
      },
      "version": {
        "name": "omega-ruby",
        "url": "https://pokeapi.co/api/v2/version/25/"
      }
    },
    {
      "flavor_text": "\u91cd\u305f\u3044\u3000\u5ca9\u3092\u3000\u80cc\u8ca0\u3063\u3066\n\u4e7e\u71e5\u3057\u305f\u3000\u571f\u5730\u3092\u3000\u4f55\u65e5\u3067\u3082\n\u79fb\u52d5\u3067\u304d\u308b\u3000\u811a\u529b\u3092\u3000\u6301\u3064\u3002",
      "language": {
        "name": "ja",
        "url": "https://pokeapi.co/api/v2/language/11/"
      },
      "version": {
        "name": "omega-ruby",
        "url": "https://pokeapi.co/api/v2/version/25/"
      }
    },
    {
      "flavor_text": "\u306a\u308f\u3070\u308a\u3092\u3000\u3068\u308a\u3042\u3063\u3066\u3000\u30a4\u30ef\u30d1\u30ec\u30b9\n\u3069\u3046\u3057\u304c\u3000\u306f\u3052\u3057\u304f\u3000\u305f\u305f\u304b\u3046\u3002\n\u3044\u308f\u3092\u3000\u3053\u308f\u3055\u308c\u305f\u3000\u307b\u3046\u304c\u3000\u307e\u3051\u3002",
      "language": {
        "name": "ja-Hrkt",
        "url": "https://pokeapi.co/api/v2/language/1/"
      },
      "version": {
        "name": "alpha-sapphire",
        "url": "https://pokeapi.co/api/v2/version/26/"
      }
    },
    {
      "flavor_text": "\uc601\uc5ed\uc744 \ube7c\uc557\uae30 \uc704\ud574\n\uc554\ud330\ub9ac\uc2a4\ub07c\ub9ac \uaca9\ub82c\ud788 \uc2f8\uc6b4\ub2e4.\n\ubc14\uc704\uac00 \ubd80\uc11c\uc9c4 \ucabd\uc774 \ud328\ubc30\ub2e4.",
      "language": {
        "name": "ko",
        "url": "https://pokeapi.co/api/v2/language/3/"
      },
      "version": {
        "name": "alpha-sapphire",
        "url": "https://pokeapi.co/api/v2/version/26/"
      }
    },
    {
      "flavor_text": "Entre eux, les querelles de territoire sont fr\u00e9quentes\net violentes. Celui qui se fait briser son rocher a perdu.",
      "language": {
        "name": "fr",
        "url": "https://pokeapi.co/api/v2/language/5/"
      },
      "version": {
        "name": "alpha-sapphire",
        "url": "https://pokeapi.co/api/v2/version/26/"
      }
    },
    {
      "flavor_text": "Revierkonflikte f\u00fchren oft zu heftigen K\u00e4mpfen zwischen ihnen.\nGewonnen hat, wer das gegnerische Haus zerst\u00f6rt.",
      "language": {
        "name": "de",
        "url": "https://pokeapi.co/api/v2/language/6/"
      },
      "version": {
        "name": "alpha-sapphire",
        "url": "https://pokeapi.co/api/v2/version/26/"
      }
    },
    {
      "flavor_text": "Se disputa el territorio con sus cong\u00e9neres. Pierde aquel al\nque le rompan la roca que lleva a cuestas.",
      "language": {
        "name": "es",
        "url": "https://pokeapi.co/api/v2/language/7/"
      },
      "version": {
        "name": "alpha-sapphire",
        "url": "https://pokeapi.co/api/v2/version/26/"
      }
    },
    {
      "flavor_text": "I Crustle si disputano il territorio lottando ferocemente.\nVince chi distrugge la roccia del rivale.",
      "language": {
        "name": "it",
        "url": "https://pokeapi.co/api/v2/language/8/"
      },
      "version": {
        "name": "alpha-sapphire",
        "url": "https://pokeapi.co/api/v2/version/26/"
      }
    },
    {
      "flavor_text": "Competing for territory, Crustle fight viciously.\nThe one whose boulder is broken is the loser of\nthe battle.",
      "language": {
        "name": "en",
        "url": "https://pokeapi.co/api/v2/language/9/"
      },
      "version": {
        "name": "alpha-sapphire",
        "url": "https://pokeapi.co/api/v2/version/26/"
      }
    },
    {
      "flavor_text": "\u7e04\u5f35\u308a\u3092\u3000\u53d6\u308a\u5408\u3063\u3066\n\u30a4\u30ef\u30d1\u30ec\u30b9\u3000\u540c\u58eb\u304c\u3000\u6fc0\u3057\u304f\u3000\u6226\u3046\u3002\n\u5ca9\u3092\u3000\u58ca\u3055\u308c\u305f\u307b\u3046\u304c\u3000\u8ca0\u3051\u3002",
      "language": {
        "name": "ja",
        "url": "https://pokeapi.co/api/v2/language/11/"
      },
      "version": {
        "name": "alpha-sapphire",
        "url": "https://pokeapi.co/api/v2/version/26/"
      }
    },
    {
      "flavor_text": "\u304b\u3093\u305d\u3046\u3057\u305f\u3000\u3070\u3057\u3087\u3092\u3000\u3053\u306e\u307f\n\u3042\u3081\u306e\u3072\u306f\u3000\u3044\u308f\u304b\u3089\u3000\u3067\u306a\u3044\u3002\n\u306a\u308f\u3070\u308a\u3044\u3057\u304d\u304c\u3000\u3064\u3088\u3044\u305e\u3002",
      "language": {
        "name": "ja-Hrkt",
        "url": "https://pokeapi.co/api/v2/language/1/"
      },
      "version": {
        "name": "sword",
        "url": "https://pokeapi.co/api/v2/version/33/"
      }
    },
    {
      "flavor_text": "\uac74\uc870\ud55c \uacf3\uc744 \uc88b\uc544\ud558\uba70\n\ube44\uac00 \ub0b4\ub9ac\ub294 \ub0a0\uc5d0\ub294 \ubc14\uc704\uc5d0\uc11c \ub098\uc624\uc9c0 \uc54a\ub294\ub2e4.\n\uc790\uae30 \uc601\uc5ed\uc5d0 \ub300\ud55c \uc758\uc2dd\uc774 \uac15\ud558\ub2e4.",
      "language": {
        "name": "ko",
        "url": "https://pokeapi.co/api/v2/language/3/"
      },
      "version": {
        "name": "sword",
        "url": "https://pokeapi.co/api/v2/version/33/"
      }
    },
    {
      "flavor_text": "\u559c\u6b61\u4e7e\u71e5\u7684\u5730\u65b9\uff0c\n\u4e0b\u96e8\u6642\u4e0d\u6703\u5f9e\u5ca9\u77f3\u88e1\u51fa\u4f86\u3002\n\u6709\u8457\u5f88\u5f37\u7684\u5730\u76e4\u610f\u8b58\u3002",
      "language": {
        "name": "zh-Hant",
        "url": "https://pokeapi.co/api/v2/language/4/"
      },
      "version": {
        "name": "sword",
        "url": "https://pokeapi.co/api/v2/version/33/"
      }
    },
    {
      "flavor_text": "Il pr\u00e9f\u00e8re les endroits secs, et rentre dans\nson rocher quand il pleut.\nIl d\u00e9fend farouchement son territoire.",
      "language": {
        "name": "fr",
        "url": "https://pokeapi.co/api/v2/language/5/"
      },
      "version": {
        "name": "sword",
        "url": "https://pokeapi.co/api/v2/version/33/"
      }
    },
    {
      "flavor_text": "Dieses Pok\u00e9mon mag trockene Gebiete und\nverkriecht sich bei Regen unter seinem Felsen.\nEs zeigt stark ausgepr\u00e4gtes Territorialverhalten.",
      "language": {
        "name": "de",
        "url": "https://pokeapi.co/api/v2/language/6/"
      },
      "version": {
        "name": "sword",
        "url": "https://pokeapi.co/api/v2/version/33/"
      }
    },
    {
      "flavor_text": "Este Pok\u00e9mon posee un fuerte instinto territorial\ny prefiere los entornos \u00e1ridos. Los d\u00edas de lluvia\npermanece en el interior de su roca.",
      "language": {
        "name": "es",
        "url": "https://pokeapi.co/api/v2/language/7/"
      },
      "version": {
        "name": "sword",
        "url": "https://pokeapi.co/api/v2/version/33/"
      }
    },
    {
      "flavor_text": "Predilige i luoghi aridi e nei giorni di pioggia\nnon esce dalla sua roccia. \u00c8 molto territoriale.",
      "language": {
        "name": "it",
        "url": "https://pokeapi.co/api/v2/language/8/"
      },
      "version": {
        "name": "sword",
        "url": "https://pokeapi.co/api/v2/version/33/"
      }
    },
    {
      "flavor_text": "This highly territorial Pok\u00e9mon prefers dry\nclimates. It won\u2019t come out of its boulder on\nrainy days.",
      "language": {
        "name": "en",
        "url": "https://pokeapi.co/api/v2/language/9/"
      },
      "version": {
        "name": "sword",
        "url": "https://pokeapi.co/api/v2/version/33/"
      }
    },
    {
      "flavor_text": "\u4e7e\u71e5\u3057\u305f\u3000\u5834\u6240\u3092\u3000\u597d\u307f\n\u96e8\u306e\u65e5\u306f\u3000\u5ca9\u304b\u3089\u3000\u51fa\u306a\u3044\u3002\n\u7e04\u5f35\u308a\u610f\u8b58\u304c\u3000\u5f37\u3044\u305e\u3002",
      "language": {
        "name": "ja",
        "url": "https://pokeapi.co/api/v2/language/11/"
      },
      "version": {
        "name": "sword",
        "url": "https://pokeapi.co/api/v2/version/33/"
      }
    },
    {
      "flavor_text": "\u559c\u6b22\u5e72\u71e5\u7684\u5730\u65b9\uff0c\n\u4e0b\u96e8\u65f6\u4e0d\u4f1a\u4ece\u5ca9\u77f3\u91cc\u51fa\u6765\u3002\n\u6709\u7740\u5f88\u5f3a\u7684\u5730\u76d8\u610f\u8bc6\u3002",
      "language": {
        "name": "zh-Hans",
        "url": "https://pokeapi.co/api/v2/language/12/"
      },
      "version": {
        "name": "sword",
        "url": "https://pokeapi.co/api/v2/version/33/"
      }
    },
    {
      "flavor_text": "\u3075\u3068\u3044\u3000\u30c4\u30e1\u304c\u3000\u3055\u3044\u3060\u3044\u306e\u3000\u3076\u304d\u3002\n\u30c9\u30b5\u30a4\u30c9\u30f3\u306e\u3000\u30d7\u30ed\u30c6\u30af\u30bf\u30fc\u306b\u3055\u3048\n\u3072\u3073\u3092\u3000\u3044\u308c\u308b\u307b\u3069\u3000\u304b\u305f\u3044\u305e\u3002",
      "language": {
        "name": "ja-Hrkt",
        "url": "https://pokeapi.co/api/v2/language/1/"
      },
      "version": {
        "name": "shield",
        "url": "https://pokeapi.co/api/v2/version/34/"
      }
    },
    {
      "flavor_text": "\ub450\uaebc\uc6b4 \ubc1c\ud1b1\uc774 \ucd5c\uace0\uc758 \ubb34\uae30\ub2e4.\n\uac70\ub300\ucf54\ubfcc\ub9ac\uc758 \ud504\ub85c\ud14d\ud130\uc870\ucc28\n\uae08\uc774 \uac08 \uc815\ub3c4\ub85c \ub531\ub531\ud558\ub2e4.",
      "language": {
        "name": "ko",
        "url": "https://pokeapi.co/api/v2/language/3/"
      },
      "version": {
        "name": "shield",
        "url": "https://pokeapi.co/api/v2/version/34/"
      }
    },
    {
      "flavor_text": "\u539a\u5be6\u7684\u9257\u5b50\u662f\u7260\u6700\u5927\u7684\u6b66\u5668\u3002\n\u786c\u5ea6\u9ad8\u5230\u751a\u81f3\u80fd\u8b93\n\u8d85\u7532\u72c2\u7280\u7684\u8b77\u5177\u88c2\u958b\u3002",
      "language": {
        "name": "zh-Hant",
        "url": "https://pokeapi.co/api/v2/language/4/"
      },
      "version": {
        "name": "shield",
        "url": "https://pokeapi.co/api/v2/version/34/"
      }
    },
    {
      "flavor_text": "Ses meilleures armes sont ses pinces.\nElles sont si dures qu\u2019elles peuvent \u00e9br\u00e9cher\nles Protecteurs de Rhinastoc.",
      "language": {
        "name": "fr",
        "url": "https://pokeapi.co/api/v2/language/5/"
      },
      "version": {
        "name": "shield",
        "url": "https://pokeapi.co/api/v2/version/34/"
      }
    },
    {
      "flavor_text": "Seine kr\u00e4ftigen Scheren sind robuste Waffen.\nSie sind hart genug, um selbst in den Sch\u00fctzern\nvon Rihornior Risse zu hinterlassen.",
      "language": {
        "name": "de",
        "url": "https://pokeapi.co/api/v2/language/6/"
      },
      "version": {
        "name": "shield",
        "url": "https://pokeapi.co/api/v2/version/34/"
      }
    },
    {
      "flavor_text": "Su arma m\u00e1s potente son sus gruesas pinzas, tan\nduras que pueden abrir una brecha incluso en el\nProtector de Rhyperior.",
      "language": {
        "name": "es",
        "url": "https://pokeapi.co/api/v2/language/7/"
      },
      "version": {
        "name": "shield",
        "url": "https://pokeapi.co/api/v2/version/34/"
      }
    },
    {
      "flavor_text": "Le spesse chele sono la sua arma pi\u00f9 potente.\nSono talmente dure da poter perfino aprire\nbrecce nella Copertura dei Rhyperior.",
      "language": {
        "name": "it",
        "url": "https://pokeapi.co/api/v2/language/8/"
      },
      "version": {
        "name": "shield",
        "url": "https://pokeapi.co/api/v2/version/34/"
      }
    },
    {
      "flavor_text": "Its thick claws are its greatest weapons.\nThey\u2019re mighty enough to crack\nRhyperior\u2019s carapace.",
      "language": {
        "name": "en",
        "url": "https://pokeapi.co/api/v2/language/9/"
      },
      "version": {
        "name": "shield",
        "url": "https://pokeapi.co/api/v2/version/34/"
      }
    },
    {
      "flavor_text": "\u592a\u3044\u3000\u30c4\u30e1\u304c\u3000\u6700\u5927\u306e\u3000\u6b66\u5668\u3002\n\u30c9\u30b5\u30a4\u30c9\u30f3\u306e\u3000\u30d7\u30ed\u30c6\u30af\u30bf\u30fc\u306b\u3055\u3048\n\u3072\u3073\u3092\u3000\u5165\u308c\u308b\u307b\u3069\u3000\u786c\u3044\u305e\u3002",
      "language": {
        "name": "ja",
        "url": "https://pokeapi.co/api/v2/language/11/"
      },
      "version": {
        "name": "shield",
        "url": "https://pokeapi.co/api/v2/version/34/"
      }
    },
    {
      "flavor_text": "\u539a\u5b9e\u7684\u94b3\u5b50\u662f\u5b83\u6700\u5927\u7684\u6b66\u5668\u3002\n\u786c\u5ea6\u9ad8\u5230\u751a\u81f3\u80fd\u8ba9\n\u8d85\u7532\u72c2\u7280\u7684\u62a4\u5177\u88c2\u5f00\u3002",
      "language": {
        "name": "zh-Hans",
        "url": "https://pokeapi.co/api/v2/language/12/"
      },
      "version": {
        "name": "shield",
        "url": "https://pokeapi.co/api/v2/version/34/"
      }
    }
  ],
  "form_descriptions": [],
  "forms_switchable": false,
  "gender_rate": 4,
  "genera": [
    {
      "genus": "\u3044\u308f\u3084\u3069\u30dd\u30b1\u30e2\u30f3",
      "language": {
        "name": "ja-Hrkt",
        "url": "https://pokeapi.co/api/v2/language/1/"
      }
    },
    {
      "genus": "\ubc14\uc704\uc9d1\ud3ec\ucf13\ubaac",
      "language": {
        "name": "ko",
        "url": "https://pokeapi.co/api/v2/language/3/"
      }
    },
    {
      "genus": "\u5ca9\u5c45\u5bf6\u53ef\u5922",
      "language": {
        "name": "zh-Hant",
        "url": "https://pokeapi.co/api/v2/language/4/"
      }
    },
    {
      "genus": "Pok\u00e9mon Lapidicole",
      "language": {
        "name": "fr",
        "url": "https://pokeapi.co/api/v2/language/5/"
      }
    },
    {
      "genus": "Felshaus-Pok\u00e9mon",
      "language": {
        "name": "de",
        "url": "https://pokeapi.co/api/v2/language/6/"
      }
    },
    {
      "genus": "Pok\u00e9mon Casarroca",
      "language": {
        "name": "es",
        "url": "https://pokeapi.co/api/v2/language/7/"
      }
    },
    {
      "genus": "Pok\u00e9mon Scogliocasa",
      "language": {
        "name": "it",
        "url": "https://pokeapi.co/api/v2/language/8/"
      }
    },
    {
      "genus": "Stone Home Pok\u00e9mon",
      "language": {
        "name": "en",
        "url": "https://pokeapi.co/api/v2/language/9/"
      }
    },
    {
      "genus": "\u3044\u308f\u3084\u3069\u30dd\u30b1\u30e2\u30f3",
      "language": {
        "name": "ja",
        "url": "https://pokeapi.co/api/v2/language/11/"
      }
    },
    {
      "genus": "\u5ca9\u5c45\u5b9d\u53ef\u68a6",
      "language": {
        "name": "zh-Hans",
        "url": "https://pokeapi.co/api/v2/language/12/"
      }
    }
  ],
  "generation": {
    "name": "generation-v",
    "url": "https://pokeapi.co/api/v2/generation/5/"
  },
  "growth_rate": {
    "name": "medium",
    "url": "https://pokeapi.co/api/v2/growth-rate/2/"
  },
  "habitat": null,
  "has_gender_differences": false,
  "hatch_counter": 20,
  "id": 558,
  "is_baby": false,
  "is_legendary": false,
  "is_mythical": false,
  "name": "crustle",
  "names": [
    {
      "language": {
        "name": "ja-Hrkt",
        "url": "https://pokeapi.co/api/v2/language/1/"
      },
      "name": "\u30a4\u30ef\u30d1\u30ec\u30b9"
    },
    {
      "language": {
        "name": "roomaji",
        "url": "https://pokeapi.co/api/v2/language/2/"
      },
      "name": "Iwapalace"
    },
    {
      "language": {
        "name": "ko",
        "url": "https://pokeapi.co/api/v2/language/3/"
      },
      "name": "\uc554\ud330\ub9ac\uc2a4"
    },
    {
      "language": {
        "name": "zh-Hant",
        "url": "https://pokeapi.co/api/v2/language/4/"
      },
      "name": "\u5ca9\u6bbf\u5c45\u87f9"
    },
    {
      "language": {
        "name": "fr",
        "url": "https://pokeapi.co/api/v2/language/5/"
      },
      "name": "Crabaraque"
    },
    {
      "language": {
        "name": "de",
        "url": "https://pokeapi.co/api/v2/language/6/"
      },
      "name": "Castellith"
    },
    {
      "language": {
        "name": "es",
        "url": "https://pokeapi.co/api/v2/language/7/"
      },
      "name": "Crustle"
    },
    {
      "language": {
        "name": "it",
        "url": "https://pokeapi.co/api/v2/language/8/"
      },
      "name": "Crustle"
    },
    {
      "language": {
        "name": "en",
        "url": "https://pokeapi.co/api/v2/language/9/"
      },
      "name": "Crustle"
    },
    {
      "language": {
        "name": "ja",
        "url": "https://pokeapi.co/api/v2/language/11/"
      },
      "name": "\u30a4\u30ef\u30d1\u30ec\u30b9"
    },
    {
      "language": {
        "name": "zh-Hans",
        "url": "https://pokeapi.co/api/v2/language/12/"
      },
      "name": "\u5ca9\u6bbf\u5c45\u87f9"
    }
  ],
  "order": 559,
  "pal_park_encounters": [],
  "pokedex_numbers": [
    {
      "entry_number": 558,
      "pokedex": {
        "name": "national",
        "url": "https://pokeapi.co/api/v2/pokedex/1/"
      }
    },
    {
      "entry_number": 64,
      "pokedex": {
        "name": "original-unova",
        "url": "https://pokeapi.co/api/v2/pokedex/8/"
      }
    },
    {
      "entry_number": 116,
      "pokedex": {
        "name": "updated-unova",
        "url": "https://pokeapi.co/api/v2/pokedex/9/"
      }
    },
    {
      "entry_number": 24,
      "pokedex": {
        "name": "kalos-coastal",
        "url": "https://pokeapi.co/api/v2/pokedex/13/"
      }
    },
    {
      "entry_number": 87,
      "pokedex": {
        "name": "galar",
        "url": "https://pokeapi.co/api/v2/pokedex/27/"
      }
    },
    {
      "entry_number": 123,
      "pokedex": {
        "name": "isle-of-armor",
        "url": "https://pokeapi.co/api/v2/pokedex/28/"
      }
    }
  ],
  "shape": {
    "name": "armor",
    "url": "https://pokeapi.co/api/v2/pokemon-shape/14/"
  },
  "varieties": [
    {
      "is_default": true,
      "pokemon": {
        "name": "crustle",
        "url": "https://pokeapi.co/api/v2/pokemon/558/"
      }
    }
  ]
}