{
  "base_happiness": 70,
  "capture_rate": 190,
  "color": {
    "name": "purple",
    "url": "https://pokeapi.co/api/v2/pokemon-color/7/"
  },
  "egg_groups": [
    {
      "name": "indeterminate",
      "url": "https://pokeapi.co/api/v2/egg-group/11/"
    }
  ],
  "evolution_chain": {
    "url": "https://pokeapi.co/api/v2/evolution-chain/49/"
  },
  "evolves_from_species": null,
  "flavor_text_entries": [
    {
      "flavor_text": "Because it stores\nseveral kinds of\ntoxic gases in\fits body, it is\nprone to exploding\nwithout warning.",
      "language": {
        "name": "en",
        "url": "https://pokeapi.co/api/v2/language/9/"
      },
      "version": {
        "name": "red",
        "url": "https://pokeapi.co/api/v2/version/1/"
      }
    },
    {
      "flavor_text": "Because it stores\nseveral kinds of\ntoxic gases in\fits body, it is\nprone to exploding\nwithout warning.",
      "language": {
        "name": "en",
        "url": "https://pokeapi.co/api/v2/language/9/"
      },
      "version": {
        "name": "blue",
        "url": "https://pokeapi.co/api/v2/version/2/"
      }
    },
    {
      "flavor_text": "In hot places, its\ninternal gases\ncould expand and\fexplode without\nany warning. Be\nvery careful!",
      "language": {
        "name": "en",
        "url": "https://pokeapi.co/api/v2/language/9/"
      },
      "version": {
        "name": "yellow",
        "url": "https://pokeapi.co/api/v2/version/3/"
      }
    },
    {
      "flavor_text": "Its thin, filmy\nbody is filled\nwith gases that\fcause constant\nsniffles, coughs\nand teary eyes.",
      "language": {
        "name": "en",
        "url": "https://pokeapi.co/api/v2/language/9/"
      },
      "version": {
        "name": "gold",
        "url": "https://pokeapi.co/api/v2/version/4/"
      }
    },
    {
      "flavor_text": "The poisonous\ngases it contains\nare a little bit\flighter than air,\nkeeping it slight\u00ad\nly airborne.",
      "language": {
        "name": "en",
        "url": "https://pokeapi.co/api/v2/language/9/"
      },
      "version": {
        "name": "silver",
        "url": "https://pokeapi.co/api/v2/version/5/"
      }
    },
    {
      "flavor_text": "If one gets close\nenough to it when\nit expels poison\u00ad\fous gas, the gas\nswirling inside it\ncan be seen.",
      "language": {
        "name": "en",
        "url": "https://pokeapi.co/api/v2/language/9/"
      },
      "version": {
        "name": "crystal",
        "url": "https://pokeapi.co/api/v2/version/6/"
      }
    },
    {
      "flavor_text": "If KOFFING becomes agitated, it raises\nthe toxicity of its internal gases and\njets them out from all over its body.\fThis POK\u00e9MON may also overinflate its\nround body, then explode.",
      "language": {
        "name": "en",
        "url": "https://pokeapi.co/api/v2/language/9/"
      },
      "version": {
        "name": "ruby",
        "url": "https://pokeapi.co/api/v2/version/7/"
      }
    },
    {
      "flavor_text": "KOFFING embodies toxic substances.\nIt mixes the toxins with raw garbage to\nset off a chemical reaction that\fresults in a terribly powerful poison\ngas. The higher the temperature, the\nmore gas is concocted by this POK\u00e9MON.",
      "language": {
        "name": "en",
        "url": "https://pokeapi.co/api/v2/language/9/"
      },
      "version": {
        "name": "sapphire",
        "url": "https://pokeapi.co/api/v2/version/8/"
      }
    },
    {
      "flavor_text": "Getting up close to a KOFFING will give\nyou a chance to observe, through its thin\nskin, the toxic gases swirling inside. It\nblows up at the slightest stimulation.",
      "language": {
        "name": "en",
        "url": "https://pokeapi.co/api/v2/language/9/"
      },
      "version": {
        "name": "emerald",
        "url": "https://pokeapi.co/api/v2/version/9/"
      }
    },
    {
      "flavor_text": "Its thin, balloon-like body is inflated by\nhorribly toxic gases. It reeks when it is\nnearby.",
      "language": {
        "name": "en",
        "url": "https://pokeapi.co/api/v2/language/9/"
      },
      "version": {
        "name": "firered",
        "url": "https://pokeapi.co/api/v2/version/10/"
      }
    },
    {
      "flavor_text": "Because it stores several kinds of toxic\ngases in its body, it is prone to\nexploding without warning.",
      "language": {
        "name": "en",
        "url": "https://pokeapi.co/api/v2/language/9/"
      },
      "version": {
        "name": "leafgreen",
        "url": "https://pokeapi.co/api/v2/version/11/"
      }
    },
    {
      "flavor_text": "Lighter-than-air gases in its body\nkeep it aloft. The gases not only\nsmell, they are also explosive.",
      "language": {
        "name": "en",
        "url": "https://pokeapi.co/api/v2/language/9/"
      },
      "version": {
        "name": "diamond",
        "url": "https://pokeapi.co/api/v2/version/12/"
      }
    },
    {
      "flavor_text": "Lighter-than-air gases in its body\nkeep it aloft. The gases not only\nsmell, they are also explosive.",
      "language": {
        "name": "en",
        "url": "https://pokeapi.co/api/v2/language/9/"
      },
      "version": {
        "name": "pearl",
        "url": "https://pokeapi.co/api/v2/version/13/"
      }
    },
    {
      "flavor_text": "Lighter-than-air gases in its body\nkeep it aloft. The gases not only\nsmell, they are also explosive.",
      "language": {
        "name": "en",
        "url": "https://pokeapi.co/api/v2/language/9/"
      },
      "version": {
        "name": "platinum",
        "url": "https://pokeapi.co/api/v2/version/14/"
      }
    },
    {
      "flavor_text": "Its thin, filmy body is filled\nwith gases that cause constant\nsniffles, coughs and teary eyes.",
      "language": {
        "name": "en",
        "url": "https://pokeapi.co/api/v2/language/9/"
      },
      "version": {
        "name": "heartgold",
        "url": "https://pokeapi.co/api/v2/version/15/"
      }
    },
    {
      "flavor_text": "The poisonous gases it contains\nare a little bit lighter than air,\nkeeping it slightly airborne.",
      "language": {
        "name": "en",
        "url": "https://pokeapi.co/api/v2/language/9/"
      },
      "version": {
        "name": "soulsilver",
        "url": "https://pokeapi.co/api/v2/version/16/"
      }
    },
    {
      "flavor_text": "Il flotte en retenant des gaz plus\nl\u00e9gers que l\u2019air. Ceux-ci sont\nexplosifs, en plus d\u2019\u00eatre f\u00e9tides.",
      "language": {
        "name": "fr",
        "url": "https://pokeapi.co/api/v2/language/5/"
      },
      "version": {
        "name": "black",
        "url": "https://pokeapi.co/api/v2/version/17/"
      }
    },
    {
      "flavor_text": "Lighter-than-air gases in its body\nkeep it aloft. The gases not only\nsmell, they are also explosive.",
      "language": {
        "name": "en",
        "url": "https://pokeapi.co/api/v2/language/9/"
      },
      "version": {
        "name": "black",
        "url": "https://pokeapi.co/api/v2/version/17/"
      }
    },
    {
      "flavor_text": "Il flotte en retenant des gaz plus\nl\u00e9gers que l\u2019air. Ceux-ci sont\nexplosifs, en plus d\u2019\u00eatre f\u00e9tides.",
      "language": {
        "name": "fr",
        "url": "https://pokeapi.co/api/v2/language/5/"
      },
      "version": {
        "name": "white",
        "url": "https://pokeapi.co/api/v2/version/18/"
      }
    },
    {
      "flavor_text": "Lighter-than-air gases in its body\nkeep it aloft. The gases not only\nsmell, they are also explosive.",
      "language": {
        "name": "en",
        "url": "https://pokeapi.co/api/v2/language/9/"
      },
      "version": {
        "name": "white",
        "url": "https://pokeapi.co/api/v2/version/18/"
      }
    },
    {
      "flavor_text": "Toxic gas is held within its thin,\nballoon-shaped body, so it can\ncause massive explosions.",
      "language": {
        "name": "en",
        "url": "https://pokeapi.co/api/v2/language/9/"
      },
      "version": {
        "name": "black-2",
        "url": "https://pokeapi.co/api/v2/version/21/"
      }
    },
    {
      "flavor_text": "Toxic gas is held within its thin,\nballoon-shaped body, so it can\ncause massive explosions.",
      "language": {
        "name": "en",
        "url": "https://pokeapi.co/api/v2/language/9/"
      },
      "version": {
        "name": "white-2",
        "url": "https://pokeapi.co/api/v2/version/22/"
      }
    },
    {
      "flavor_text": "\u3046\u3059\u3044\u3000\u30d0\u30eb\u30fc\u30f3\u3058\u3087\u3046\u306e\u3000\u304b\u3089\u3060\u306b\n\u3082\u3046\u3069\u304f\u306e\u3000\u30ac\u30b9\u304c\u3000\u3064\u307e\u3063\u3066\u3044\u308b\u3002\n\u3061\u304b\u304f\u306b\u304f\u308b\u3068\u3000\u304f\u3055\u3044\u3002",
      "language": {
        "name": "ja-Hrkt",
        "url": "https://pokeapi.co/api/v2/language/1/"
      },
      "version": {
        "name": "x",
        "url": "https://pokeapi.co/api/v2/version/23/"
      }
    },
    {
      "flavor_text": "\uc587\uace0 \ud48d\uc120 \uac19\uc740 \ubab8\uc5d0\n\ub9f9\ub3c5 \uac00\uc2a4\uac00 \ucc28\uc788\ub2e4.\n\uac00\uae4c\uc774 \uc624\uba74 \uc5ed\uaca8\uc6b4 \ub0c4\uc0c8\uac00 \ub09c\ub2e4.",
      "language": {
        "name": "ko",
        "url": "https://pokeapi.co/api/v2/language/3/"
      },
      "version": {
        "name": "x",
        "url": "https://pokeapi.co/api/v2/version/23/"
      }
    },
    {
      "flavor_text": "Son corps tr\u00e8s fin en forme de ballon est rempli\nd\u2019un horrible gaz toxique. L\u2019air est naus\u00e9abond \u00e0\nproximit\u00e9 de ce Pok\u00e9mon.",
      "language": {
        "name": "fr",
        "url": "https://pokeapi.co/api/v2/language/5/"
      },
      "version": {
        "name": "x",
        "url": "https://pokeapi.co/api/v2/version/23/"
      }
    },
    {
      "flavor_text": "Sein d\u00fcnner, ballonartiger K\u00f6rper ist mit\nschrecklichem Giftgas gef\u00fcllt. Es verbreitet einen\nheftigen Gestank, wenn es in der N\u00e4he ist.",
      "language": {
        "name": "de",
        "url": "https://pokeapi.co/api/v2/language/6/"
      },
      "version": {
        "name": "x",
        "url": "https://pokeapi.co/api/v2/version/23/"
      }
    },
    {
      "flavor_text": "Tiene forma de globo y es muy ligero. Est\u00e1 compuesto\npor gases t\u00f3xicos y apesta.",
      "language": {
        "name": "es",
        "url": "https://pokeapi.co/api/v2/language/7/"
      },
      "version": {
        "name": "x",
        "url": "https://pokeapi.co/api/v2/version/23/"
      }
    },
    {
      "flavor_text": "Il suo corpo fatto a pallone \u00e8 pieno di orribili sostanze\ngassose, che emanano un puzzo disgustoso.",
      "language": {
        "name": "it",
        "url": "https://pokeapi.co/api/v2/language/8/"
      },
      "version": {
        "name": "x",
        "url": "https://pokeapi.co/api/v2/version/23/"
      }
    },
    {
      "flavor_text": "Its thin, balloon-like body is inflated by horribly\ntoxic gases. It reeks when it is nearby.",
      "language": {
        "name": "en",
        "url": "https://pokeapi.co/api/v2/language/9/"
      },
      "version": {
        "name": "x",
        "url": "https://pokeapi.co/api/v2/version/23/"
      }
    },
    {
      "flavor_text": "\u8584\u3044\u3000\u30d0\u30eb\u30fc\u30f3\u72b6\u306e\u3000\u4f53\u306b\n\u731b\u6bd2\u306e\u3000\u30ac\u30b9\u304c\u3000\u3064\u307e\u3063\u3066\u3044\u308b\u3002\n\u8fd1\u304f\u306b\u3000\u6765\u308b\u3068\u3000\u304f\u3055\u3044\u3002",
      "language": {
        "name": "ja",
        "url": "https://pokeapi.co/api/v2/language/11/"
      },
      "version": {
        "name": "x",
        "url": "https://pokeapi.co/api/v2/version/23/"
      }
    },
    {
      "flavor_text": "\u304f\u3046\u304d\u3088\u308a\u3082\u3000\u304b\u308b\u3044\u3000\u30ac\u30b9\u3092\n\u304b\u3089\u3060\u306b\u3000\u305f\u3081\u3066\u3000\u3046\u304b\u3093\u3067\u3044\u308b\u3002\n\u30ac\u30b9\u306f\u3000\u304f\u3055\u3044\u3046\u3048\u306b\u3000\u3070\u304f\u306f\u3064\u3059\u308b\u3002",
      "language": {
        "name": "ja-Hrkt",
        "url": "https://pokeapi.co/api/v2/language/1/"
      },
      "version": {
        "name": "y",
        "url": "https://pokeapi.co/api/v2/version/24/"
      }
    },
    {
      "flavor_text": "\uacf5\uae30\ubcf4\ub2e4\ub3c4 \uac00\ubcbc\uc6b4 \uac00\uc2a4\ub97c\n\ubab8\uc5d0 \ubaa8\uc544\uc11c \ub5a0 \uc788\ub2e4. \uac00\uc2a4\ub294\n\ub0c4\uc0c8\ub098\ub294 \ub370\ub2e4\uac00 \ud3ed\ubc1c\ub3c4 \ud55c\ub2e4.",
      "language": {
        "name": "ko",
        "url": "https://pokeapi.co/api/v2/language/3/"
      },
      "version": {
        "name": "y",
        "url": "https://pokeapi.co/api/v2/version/24/"
      }
    },
    {
      "flavor_text": "Il flotte en retenant des gaz plus l\u00e9gers que l\u2019air.\nCeux-ci sont explosifs, en plus d\u2019\u00eatre f\u00e9tides.",
      "language": {
        "name": "fr",
        "url": "https://pokeapi.co/api/v2/language/5/"
      },
      "version": {
        "name": "y",
        "url": "https://pokeapi.co/api/v2/version/24/"
      }
    },
    {
      "flavor_text": "Gase, die leichter als Luft sind, lassen es schweben.\nDiese Gase stinken und sind explosiv.",
      "language": {
        "name": "de",
        "url": "https://pokeapi.co/api/v2/language/6/"
      },
      "version": {
        "name": "y",
        "url": "https://pokeapi.co/api/v2/version/24/"
      }
    },
    {
      "flavor_text": "Los gases de su cuerpo le permiten flotar. Estos\ngases, adem\u00e1s de oler mal, tambi\u00e9n son explosivos.",
      "language": {
        "name": "es",
        "url": "https://pokeapi.co/api/v2/language/7/"
      },
      "version": {
        "name": "y",
        "url": "https://pokeapi.co/api/v2/version/24/"
      }
    },
    {
      "flavor_text": "Fluttua a mezz\u2019aria grazie ai gas che ha in corpo.\nQuesti sono maleodoranti e altamente esplosivi.",
      "language": {
        "name": "it",
        "url": "https://pokeapi.co/api/v2/language/8/"
      },
      "version": {
        "name": "y",
        "url": "https://pokeapi.co/api/v2/version/24/"
      }
    },
    {
      "flavor_text": "Lighter-than-air gases in its body keep it aloft.\nThe gases not only smell, they are also explosive.",
      "language": {
        "name": "en",
        "url": "https://pokeapi.co/api/v2/language/9/"
      },
      "version": {
        "name": "y",
        "url": "https://pokeapi.co/api/v2/version/24/"
      }
    },
    {
      "flavor_text": "\u7a7a\u6c17\u3088\u308a\u3082\u3000\u8efd\u3044\u3000\u30ac\u30b9\u3092\n\u4f53\u306b\u3000\u305f\u3081\u3066\u3000\u6d6e\u304b\u3093\u3067\u3044\u308b\u3002\n\u30ac\u30b9\u306f\u3000\u304f\u3055\u3044\u4e0a\u306b\u3000\u7206\u767a\u3059\u308b\u3002",
      "language": {
        "name": "ja",
        "url": "https://pokeapi.co/api/v2/language/11/"
      },
      "version": {
        "name": "y",
        "url": "https://pokeapi.co/api/v2/version/24/"
      }
    },
    {
      "flavor_text": "\u3057\u3052\u304d\u3092\u3000\u3042\u305f\u3048\u308b\u3068\u3000\u30ac\u30b9\u306e\u3000\u3069\u304f\u305d\u304c\u3000\u3064\u3088\u307e\u308a\n\u304b\u3089\u3060\u306e\u3000\u3042\u3061\u3053\u3061\u304b\u3089\u3000\u3044\u304d\u304a\u3044\u3088\u304f\u3000\u3075\u304d\u3060\u3059\u3002\n\u307e\u3093\u307e\u308b\u306b\u3000\u3075\u304f\u3089\u3093\u3060\u3000\u3042\u3068\u3000\u3060\u3044\u3070\u304f\u306f\u3064\u3059\u308b\u3002",
      "language": {
        "name": "ja-Hrkt",
        "url": "https://pokeapi.co/api/v2/language/1/"
      },
      "version": {
        "name": "omega-ruby",
        "url": "https://pokeapi.co/api/v2/version/25/"
      }
    },
    {
      "flavor_text": "\uc790\uadf9\ubc1b\uc73c\uba74 \uac00\uc2a4\uc758 \ub3c5\uc18c\uac00 \uac15\ud574\uc838\n\ubab8\uc758 \uc774\uacf3\uc800\uacf3\uc5d0\uc11c \uac15\ud558\uac8c \ub0b4\ubfdc\ub294\ub2e4.\n\ub3d9\uadf8\ub797\uac8c \ubd80\ud480\uc5b4 \uc624\ub978 \ud6c4 \ub300\ud3ed\ubc1c\ud55c\ub2e4.",
      "language": {
        "name": "ko",
        "url": "https://pokeapi.co/api/v2/language/3/"
      },
      "version": {
        "name": "omega-ruby",
        "url": "https://pokeapi.co/api/v2/version/25/"
      }
    },
    {
      "flavor_text": "Lorsque Smogo s\u2019agite, \u00e7a augmente la toxicit\u00e9 de ses gaz\ninternes. Il les projette ensuite par les nombreux orifices de\nson corps. Ce Pok\u00e9mon peut aussi gonfler son corps\net le faire exploser.",
      "language": {
        "name": "fr",
        "url": "https://pokeapi.co/api/v2/language/5/"
      },
      "version": {
        "name": "omega-ruby",
        "url": "https://pokeapi.co/api/v2/version/25/"
      }
    },
    {
      "flavor_text": "Wenn Smogon sich aufregt, l\u00e4sst es das giftige Gas in seinem\nInneren entweichen. Wenn es sich zu sehr aufbl\u00e4ht, explodiert\ndieses Pok\u00e9mon.",
      "language": {
        "name": "de",
        "url": "https://pokeapi.co/api/v2/language/6/"
      },
      "version": {
        "name": "omega-ruby",
        "url": "https://pokeapi.co/api/v2/version/25/"
      }
    },
    {
      "flavor_text": "Si Koffing se pone nervioso, aumenta el nivel de toxicidad de\nlos gases que tiene y los expulsa por todo el cuerpo. Tambi\u00e9n\nsuele hincharse mucho hasta llegar a explotar.",
      "language": {
        "name": "es",
        "url": "https://pokeapi.co/api/v2/language/7/"
      },
      "version": {
        "name": "omega-ruby",
        "url": "https://pokeapi.co/api/v2/version/25/"
      }
    },
    {
      "flavor_text": "Se Koffing si agita, aumenta la tossicit\u00e0 dei suoi gas interni\ne li espelle violentemente da tutto il corpo. Questo Pok\u00e9mon\nriesce anche a gonfiarsi fino al punto di esplodere.",
      "language": {
        "name": "it",
        "url": "https://pokeapi.co/api/v2/language/8/"
      },
      "version": {
        "name": "omega-ruby",
        "url": "https://pokeapi.co/api/v2/version/25/"
      }
    },
    {
      "flavor_text": "If Koffing becomes agitated, it raises the toxicity of its internal\ngases and jets them out from all over its body. This Pok\u00e9mon\nmay also overinflate its round body, then explode.",
      "language": {
        "name": "en",
        "url": "https://pokeapi.co/api/v2/language/9/"
      },
      "version": {
        "name": "omega-ruby",
        "url": "https://pokeapi.co/api/v2/version/25/"
      }
    },
    {
      "flavor_text": "\u523a\u6fc0\u3092\u3000\u4e0e\u3048\u308b\u3068\u3000\u30ac\u30b9\u306e\u3000\u6bd2\u7d20\u304c\u3000\u5f37\u307e\u308a\n\u4f53\u306e\u3000\u3042\u3061\u3053\u3061\u304b\u3089\u3000\u52e2\u3044\u3088\u304f\u3000\u5439\u304d\u51fa\u3059\u3002\n\u771f\u3093\u4e38\u306b\u3000\u81a8\u3089\u3093\u3060\u3000\u5f8c\u3000\u5927\u7206\u767a\u3059\u308b\u3002",
      "language": {
        "name": "ja",
        "url": "https://pokeapi.co/api/v2/language/11/"
      },
      "version": {
        "name": "omega-ruby",
        "url": "https://pokeapi.co/api/v2/version/25/"
      }
    },
    {
      "flavor_text": "\u306a\u307e\u30b4\u30df\u3068\u3000\u304b\u3089\u3060\u306e\u3000\u3069\u304f\u305d\u3092\u3000\u304b\u304c\u304f\u306f\u3093\u306e\u3046\n\u3055\u305b\u308b\u3000\u3053\u3068\u3067\u3000\u3082\u3046\u3069\u304f\u306e\u3000\u30ac\u30b9\u3092\u3000\u3064\u304f\u308a\u3060\u3059\u3002\n\u304d\u304a\u3093\u304c\u3000\u305f\u304b\u3044\u307b\u3069\u3000\u30ac\u30b9\u304c\u3000\u305f\u304f\u3055\u3093\u3000\u3067\u304d\u308b\u3002",
      "language": {
        "name": "ja-Hrkt",
        "url": "https://pokeapi.co/api/v2/language/1/"
      },
      "version": {
        "name": "alpha-sapphire",
        "url": "https://pokeapi.co/api/v2/version/26/"
      }
    },
    {
      "flavor_text": "\uc74c\uc2dd\ubb3c \uc4f0\ub808\uae30\uc640 \ubab8\uc758 \ub3c5\uc18c\ub97c \ud654\ud559\ubc18\uc751\uc2dc\ucf1c\n\ub9f9\ub3c5 \uac00\uc2a4\ub97c \ub9cc\ub4e4\uc5b4 \ub0b8\ub2e4.\n\uae30\uc628\uc774 \ub192\uc744\uc218\ub85d \uac00\uc2a4\uac00 \ub9ce\uc774 \ub9cc\ub4e4\uc5b4\uc9c4\ub2e4.",
      "language": {
        "name": "ko",
        "url": "https://pokeapi.co/api/v2/language/3/"
      },
      "version": {
        "name": "alpha-sapphire",
        "url": "https://pokeapi.co/api/v2/version/26/"
      }
    },
    {
      "flavor_text": "Smogo est compos\u00e9 de substances toxiques. Il m\u00e9lange\ndes toxines et des d\u00e9tritus pour d\u00e9clencher une r\u00e9action\nchimique g\u00e9n\u00e9rant un gaz tr\u00e8s dangereux. Plus la temp\u00e9rature\nest \u00e9lev\u00e9e, plus la quantit\u00e9 de gaz est importante.",
      "language": {
        "name": "fr",
        "url": "https://pokeapi.co/api/v2/language/5/"
      },
      "version": {
        "name": "alpha-sapphire",
        "url": "https://pokeapi.co/api/v2/version/26/"
      }
    },
    {
      "flavor_text": "Smogons K\u00f6rper enth\u00e4lt giftige Substanzen. Es vermischt\ndie Toxine mit M\u00fcll, um eine chemische Reaktion in Gang\nzu bringen, die ein unheimlich starkes Giftgas hervorbringt.\nJe h\u00f6her die Temperatur, desto mehr Gas produziert es.",
      "language": {
        "name": "de",
        "url": "https://pokeapi.co/api/v2/language/6/"
      },
      "version": {
        "name": "alpha-sapphire",
        "url": "https://pokeapi.co/api/v2/version/26/"
      }
    },
    {
      "flavor_text": "Koffing contiene sustancias t\u00f3xicas que mezcla con\ndesperdicios para provocar una reacci\u00f3n qu\u00edmica que libera\nun gas tremendamente venenoso. A mayor temperatura,\nmayor ser\u00e1 la cantidad de gas que cree este Pok\u00e9mon.",
      "language": {
        "name": "es",
        "url": "https://pokeapi.co/api/v2/language/7/"
      },
      "version": {
        "name": "alpha-sapphire",
        "url": "https://pokeapi.co/api/v2/version/26/"
      }
    },
    {
      "flavor_text": "Koffing \u00e8 costituito da sostanze velenose. Mischia tossine\ncon rifiuti putrefatti per scatenare reazioni chimiche che\ngenerano un micidiale gas velenoso. Con l\u2019aumento della\ntemperatura, sale la quantit\u00e0 di gas prodotto da Koffing.",
      "language": {
        "name": "it",
        "url": "https://pokeapi.co/api/v2/language/8/"
      },
      "version": {
        "name": "alpha-sapphire",
        "url": "https://pokeapi.co/api/v2/version/26/"
      }
    },
    {
      "flavor_text": "Koffing embodies toxic substances. It mixes the toxins with raw\ngarbage to set off a chemical reaction that results in a terribly\npowerful poison gas. The higher the temperature, the more gas\nis concocted by this Pok\u00e9mon.",
      "language": {
        "name": "en",
        "url": "https://pokeapi.co/api/v2/language/9/"
      },
      "version": {
        "name": "alpha-sapphire",
        "url": "https://pokeapi.co/api/v2/version/26/"
      }
    },
    {
      "flavor_text": "\u751f\u30b4\u30df\u3068\u3000\u4f53\u306e\u3000\u6bd2\u7d20\u3092\u3000\u5316\u5b66\u53cd\u5fdc\n\u3055\u305b\u308b\u3000\u3053\u3068\u3067\u3000\u731b\u6bd2\u306e\u3000\u30ac\u30b9\u3092\u3000\u3064\u304f\u308a\u3060\u3059\u3002\n\u6c17\u6e29\u304c\u3000\u9ad8\u3044\u307b\u3069\u3000\u30ac\u30b9\u304c\u3000\u6ca2\u5c71\u3000\u3067\u304d\u308b\u3002",
      "language": {
        "name": "ja",
        "url": "https://pokeapi.co/api/v2/language/11/"
      },
      "version": {
        "name": "alpha-sapphire",
        "url": "https://pokeapi.co/api/v2/version/26/"
      }
    },
    {
      "flavor_text": "\u3042\u3064\u3044\u3068\u3053\u308d\u3000\u3067\u306f\u3000\u304b\u3089\u3060\u306e\u306a\u304b\u306e\n\u30ac\u30b9\u304c\u3000\u3075\u304f\u3089\u3093\u3067\u3000\u306f\u308c\u3064\u3059\u308b\n\u304d\u3051\u3093\u305b\u3044\u3082\u3000\u3042\u308b\u306e\u3067\u3000\u3061\u3085\u3046\u3044\u3060\u3002",
      "language": {
        "name": "ja-Hrkt",
        "url": "https://pokeapi.co/api/v2/language/1/"
      },
      "version": {
        "name": "lets-go-pikachu",
        "url": "https://pokeapi.co/api/v2/version/31/"
      }
    },
    {
      "flavor_text": "\ub354\uc6b4 \uacf3\uc5d0\uc11c\ub294 \ubab8 \uc548\uc758\n\uac00\uc2a4\uac00 \ubd80\ud480\uc5b4 \uc62c\ub77c \ud30c\uc5f4\ub420\n\uc704\ud5d8\uc131\uc774 \uc788\uc73c\ubbc0\ub85c \uc8fc\uc758\ud574\uc57c \ud55c\ub2e4.",
      "language": {
        "name": "ko",
        "url": "https://pokeapi.co/api/v2/language/3/"
      },
      "version": {
        "name": "lets-go-pikachu",
        "url": "https://pokeapi.co/api/v2/version/31/"
      }
    },
    {
      "flavor_text": "\u5728\u9ad8\u6eab\u7684\u5730\u65b9\uff0c\u7260\u9ad4\u5167\u7684\n\u6c23\u9ad4\u6703\u81a8\u8139\u800c\u6709\u7206\u70b8\u7684\u5371\u96aa\uff0c\n\u8981\u7279\u5225\u5c0f\u5fc3\u3002",
      "language": {
        "name": "zh-Hant",
        "url": "https://pokeapi.co/api/v2/language/4/"
      },
      "version": {
        "name": "lets-go-pikachu",
        "url": "https://pokeapi.co/api/v2/version/31/"
      }
    },
    {
      "flavor_text": "Les gaz que renferme son corps deviennent\ninstables lorsqu\u2019il se trouve dans un endroit\nchaud. Prenez garde, il pourrait exploser\u202f!",
      "language": {
        "name": "fr",
        "url": "https://pokeapi.co/api/v2/language/5/"
      },
      "version": {
        "name": "lets-go-pikachu",
        "url": "https://pokeapi.co/api/v2/version/31/"
      }
    },
    {
      "flavor_text": "Bei diesem Pok\u00e9mon ist Vorsicht geboten,\nda sich die Gase in seinem Innern an warmen\nOrten ausbreiten und es explodieren lassen.",
      "language": {
        "name": "de",
        "url": "https://pokeapi.co/api/v2/language/6/"
      },
      "version": {
        "name": "lets-go-pikachu",
        "url": "https://pokeapi.co/api/v2/version/31/"
      }
    },
    {
      "flavor_text": "A veces puede explotar sin avisar, ya que en\nlugares calurosos su gas interno se expande.",
      "language": {
        "name": "es",
        "url": "https://pokeapi.co/api/v2/language/7/"
      },
      "version": {
        "name": "lets-go-pikachu",
        "url": "https://pokeapi.co/api/v2/version/31/"
      }
    },
    {
      "flavor_text": "Nei luoghi caldi i suoi gas interni rischiano di\nespandersi fino a farlo scoppiare, quindi bisogna\nfare attenzione.",
      "language": {
        "name": "it",
        "url": "https://pokeapi.co/api/v2/language/8/"
      },
      "version": {
        "name": "lets-go-pikachu",
        "url": "https://pokeapi.co/api/v2/version/31/"
      }
    },
    {
      "flavor_text": "In hot places, its internal gases could\nexpand and explode without any warning.\nBe very careful!",
      "language": {
        "name": "en",
        "url": "https://pokeapi.co/api/v2/language/9/"
      },
      "version": {
        "name": "lets-go-pikachu",
        "url": "https://pokeapi.co/api/v2/version/31/"
      }
    },
    {
      "flavor_text": "\u6691\u3044\u3068\u3053\u308d\u3000\u3067\u306f\u3000\u4f53\u306e\u4e2d\u306e\n\u30ac\u30b9\u304c\u3000\u81a8\u3089\u3093\u3067\u3000\u7834\u88c2\u3059\u308b\n\u5371\u967a\u6027\u3082\u3000\u3042\u308b\u306e\u3067\u3000\u6ce8\u610f\u3060\u3002",
      "language": {
        "name": "ja",
        "url": "https://pokeapi.co/api/v2/language/11/"
      },
      "version": {
        "name": "lets-go-pikachu",
        "url": "https://pokeapi.co/api/v2/version/31/"
      }
    },
    {
      "flavor_text": "\u5728\u708e\u70ed\u7684\u5730\u65b9\uff0c\u5b83\u4f53\u5185\u7684\n\u6c14\u4f53\u4f1a\u7531\u4e8e\u81a8\u80c0\u800c\u4ea7\u751f\n\u7206\u70b8\u7684\u5371\u9669\uff0c\u9700\u8981\u6ce8\u610f\u3002",
      "language": {
        "name": "zh-Hans",
        "url": "https://pokeapi.co/api/v2/language/12/"
      },
      "version": {
        "name": "lets-go-pikachu",
        "url": "https://pokeapi.co/api/v2/version/31/"
      }
    },
    {
      "flavor_text": "\u3042\u3064\u3044\u3068\u3053\u308d\u3000\u3067\u306f\u3000\u304b\u3089\u3060\u306e\u306a\u304b\u306e\n\u30ac\u30b9\u304c\u3000\u3075\u304f\u3089\u3093\u3067\u3000\u306f\u308c\u3064\u3059\u308b\n\u304d\u3051\u3093\u305b\u3044\u3082\u3000\u3042\u308b\u306e\u3067\u3000\u3061\u3085\u3046\u3044\u3060\u3002",
      "language": {
        "name": "ja-Hrkt",
        "url": "https://pokeapi.co/api/v2/language/1/"
      },
      "version": {
        "name": "lets-go-eevee",
        "url": "https://pokeapi.co/api/v2/version/32/"
      }
    },
    {
      "flavor_text": "\ub354\uc6b4 \uacf3\uc5d0\uc11c\ub294 \ubab8 \uc548\uc758\n\uac00\uc2a4\uac00 \ubd80\ud480\uc5b4 \uc62c\ub77c \ud30c\uc5f4\ub420\n\uc704\ud5d8\uc131\uc774 \uc788\uc73c\ubbc0\ub85c \uc8fc\uc758\ud574\uc57c \ud55c\ub2e4.",
      "language": {
        "name": "ko",
        "url": "https://pokeapi.co/api/v2/language/3/"
      },
      "version": {
        "name": "lets-go-eevee",
        "url": "https://pokeapi.co/api/v2/version/32/"
      }
    },
    {
      "flavor_text": "\u5728\u9ad8\u6eab\u7684\u5730\u65b9\uff0c\u7260\u9ad4\u5167\u7684\n\u6c23\u9ad4\u6703\u81a8\u8139\u800c\u6709\u7206\u70b8\u7684\u5371\u96aa\uff0c\n\u8981\u7279\u5225\u5c0f\u5fc3\u3002",
      "language": {
        "name": "zh-Hant",
        "url": "https://pokeapi.co/api/v2/language/4/"
      },
      "version": {
        "name": "lets-go-eevee",
        "url": "https://pokeapi.co/api/v2/version/32/"
      }
    },
    {
      "flavor_text": "Les gaz que renferme son corps deviennent\ninstables lorsqu\u2019il se trouve dans un endroit\nchaud. Prenez garde, il pourrait exploser\u202f!",
      "language": {
        "name": "fr",
        "url": "https://pokeapi.co/api/v2/language/5/"
      },
      "version": {
        "name": "lets-go-eevee",
        "url": "https://pokeapi.co/api/v2/version/32/"
      }
    },
    {
      "flavor_text": "Bei diesem Pok\u00e9mon ist Vorsicht geboten,\nda sich die Gase in seinem Innern an warmen\nOrten ausbreiten und es explodieren lassen.",
      "language": {
        "name": "de",
        "url": "https://pokeapi.co/api/v2/language/6/"
      },
      "version": {
        "name": "lets-go-eevee",
        "url": "https://pokeapi.co/api/v2/version/32/"
      }
    },
    {
      "flavor_text": "A veces puede explotar sin avisar, ya que en\nlugares calurosos su gas interno se expande.",
      "language": {
        "name": "es",
        "url": "https://pokeapi.co/api/v2/language/7/"
      },
      "version": {
        "name": "lets-go-eevee",
        "url": "https://pokeapi.co/api/v2/version/32/"
      }
    },
    {
      "flavor_text": "Nei luoghi caldi i suoi gas interni rischiano di\nespandersi fino a farlo scoppiare, quindi bisogna\nfare attenzione.",
      "language": {
        "name": "it",
        "url": "https://pokeapi.co/api/v2/language/8/"
      },
      "version": {
        "name": "lets-go-eevee",
        "url": "https://pokeapi.co/api/v2/version/32/"
      }
    },
    {
      "flavor_text": "In hot places, its internal gases could\nexpand and explode without any warning.\nBe very careful!",
      "language": {
        "name": "en",
        "url": "https://pokeapi.co/api/v2/language/9/"
      },
      "version": {
        "name": "lets-go-eevee",
        "url": "https://pokeapi.co/api/v2/version/32/"
      }
    },
    {
      "flavor_text": "\u6691\u3044\u3068\u3053\u308d\u3000\u3067\u306f\u3000\u4f53\u306e\u4e2d\u306e\n\u30ac\u30b9\u304c\u3000\u81a8\u3089\u3093\u3067\u3000\u7834\u88c2\u3059\u308b\n\u5371\u967a\u6027\u3082\u3000\u3042\u308b\u306e\u3067\u3000\u6ce8\u610f\u3060\u3002",
      "language": {
        "name": "ja",
        "url": "https://pokeapi.co/api/v2/language/11/"
      },
      "version": {
        "name": "lets-go-eevee",
        "url": "https://pokeapi.co/api/v2/version/32/"
      }
    },
    {
      "flavor_text": "\u5728\u708e\u70ed\u7684\u5730\u65b9\uff0c\u5b83\u4f53\u5185\u7684\n\u6c14\u4f53\u4f1a\u7531\u4e8e\u81a8\u80c0\u800c\u4ea7\u751f\n\u7206\u70b8\u7684\u5371\u9669\uff0c\u9700\u8981\u6ce8\u610f\u3002",
      "language": {
        "name": "zh-Hans",
        "url": "https://pokeapi.co/api/v2/language/12/"
      },
      "version": {
        "name": "lets-go-eevee",
        "url": "https://pokeapi.co/api/v2/version/32/"
      }
    },
    {
      "flavor_text": "\u3069\u304f\u30ac\u30b9\u3067\u3000\u30d1\u30f3\u30d1\u30f3\u306e\u3000\u304b\u3089\u3060\u3002\n\u306a\u307e\u30b4\u30df\u306e\u3000\u304f\u3055\u3063\u305f\u3000\u306b\u304a\u3044\u3092\n\u3082\u3068\u3081\u3000\u30b4\u30df\u3059\u3066\u3070\u306b\u3000\u3084\u3063\u3066\u304f\u308b\u3002",
      "language": {
        "name": "ja-Hrkt",
        "url": "https://pokeapi.co/api/v2/language/1/"
      },
      "version": {
        "name": "sword",
        "url": "https://pokeapi.co/api/v2/version/33/"
      }
    },
    {
      "flavor_text": "\ub3c5\uac00\uc2a4\ub85c \ubab8 \uc548\uc774 \uac00\ub4dd \ucc28 \uc788\ub2e4.\n\uc74c\uc2dd\ubb3c \uc4f0\ub808\uae30\uc758 \uc545\ucde8\uc5d0\n\uc774\ub04c\ub824 \uc4f0\ub808\uae30\uc7a5\uc744 \ucc3e\uc544\uac04\ub2e4.",
      "language": {
        "name": "ko",
        "url": "https://pokeapi.co/api/v2/language/3/"
      },
      "version": {
        "name": "sword",
        "url": "https://pokeapi.co/api/v2/version/33/"
      }
    },
    {
      "flavor_text": "\u8eab\u9ad4\u88e1\u5145\u6eff\u4e86\u6bd2\u6c23\u3002\n\u6703\u70ba\u4e86\u5c0b\u6c42\u5eda\u9918\u5783\u573e\u7684\n\u8150\u6557\u6c23\u5473\u800c\u4f86\u5230\u5783\u573e\u5834\u3002",
      "language": {
        "name": "zh-Hant",
        "url": "https://pokeapi.co/api/v2/language/4/"
      },
      "version": {
        "name": "sword",
        "url": "https://pokeapi.co/api/v2/version/33/"
      }
    },
    {
      "flavor_text": "Son corps est gonfl\u00e9 de gaz toxique.\nIl se rend dans les d\u00e9charges, attir\u00e9 par l\u2019odeur\ndes d\u00e9chets alimentaires en d\u00e9composition.",
      "language": {
        "name": "fr",
        "url": "https://pokeapi.co/api/v2/language/5/"
      },
      "version": {
        "name": "sword",
        "url": "https://pokeapi.co/api/v2/version/33/"
      }
    },
    {
      "flavor_text": "Sein K\u00f6rper ist zum Bersten voll mit Giftgas.\nAngelockt vom fauligen Geruch verrottender\nAbf\u00e4lle, lungert es auf M\u00fcllhalden herum.",
      "language": {
        "name": "de",
        "url": "https://pokeapi.co/api/v2/language/6/"
      },
      "version": {
        "name": "sword",
        "url": "https://pokeapi.co/api/v2/version/33/"
      }
    },
    {
      "flavor_text": "Su cuerpo est\u00e1 lleno a rebosar de gas venenoso.\nAcude a los vertederos atra\u00eddo por el putrefacto\nolor que emana de los desperdicios.",
      "language": {
        "name": "es",
        "url": "https://pokeapi.co/api/v2/language/7/"
      },
      "version": {
        "name": "sword",
        "url": "https://pokeapi.co/api/v2/version/33/"
      }
    },
    {
      "flavor_text": "Il suo corpo \u00e8 gonfio di gas velenosi.\nVa nelle discariche attratto dall\u2019odore\ndi rifiuti putrescenti.",
      "language": {
        "name": "it",
        "url": "https://pokeapi.co/api/v2/language/8/"
      },
      "version": {
        "name": "sword",
        "url": "https://pokeapi.co/api/v2/version/33/"
      }
    },
    {
      "flavor_text": "Its body is full of poisonous gas. It floats into\ngarbage dumps, seeking out the fumes of raw,\nrotting trash.",
      "language": {
        "name": "en",
        "url": "https://pokeapi.co/api/v2/language/9/"
      },
      "version": {
        "name": "sword",
        "url": "https://pokeapi.co/api/v2/version/33/"
      }
    },
    {
      "flavor_text": "\u6bd2\u30ac\u30b9\u3067\u3000\u30d1\u30f3\u30d1\u30f3\u306e\u3000\u4f53\u3002\n\u751f\u30b4\u30df\u306e\u3000\u8150\u3063\u305f\u3000\u306b\u304a\u3044\u3092\n\u6c42\u3081\u3000\u30b4\u30df\u6368\u3066\u5834\u306b\u3000\u3084\u3063\u3066\u304f\u308b\u3002",
      "language": {
        "name": "ja",
        "url": "https://pokeapi.co/api/v2/language/11/"
      },
      "version": {
        "name": "sword",
        "url": "https://pokeapi.co/api/v2/version/33/"
      }
    },
    {
      "flavor_text": "\u8eab\u4f53\u91cc\u5145\u6ee1\u4e86\u6bd2\u6c14\u3002\n\u4f1a\u4e3a\u4e86\u5bfb\u6c42\u6e7f\u5783\u573e\u8150\u70c2\u7684\n\u6c14\u5473\u800c\u6765\u5230\u5783\u573e\u573a\u3002",
      "language": {
        "name": "zh-Hans",
        "url": "https://pokeapi.co/api/v2/language/12/"
      },
      "version": {
        "name": "sword",
        "url": "https://pokeapi.co/api/v2/version/33/"
      }
    },
    {
      "flavor_text": "\u304d\u305f\u306a\u3044\u3000\u304f\u3046\u304d\u304c\u3000\u3054\u3061\u305d\u3046\u3002\n\u3080\u304b\u3057\u306e\u3000\u30ac\u30e9\u30eb\u3061\u307b\u3046\u306b\u306f\u3000\u3044\u307e\u3088\u308a\n\u305f\u304f\u3055\u3093\u306e\u3000\u30c9\u30ac\u30fc\u30b9\u304c\u3000\u3044\u305f\u3068\u3044\u3046\u3002",
      "language": {
        "name": "ja-Hrkt",
        "url": "https://pokeapi.co/api/v2/language/1/"
      },
      "version": {
        "name": "shield",
        "url": "https://pokeapi.co/api/v2/version/34/"
      }
    },
    {
      "flavor_text": "\uc624\uc5fc\ub41c \uacf5\uae30\ub97c \uc88b\uc544\ud55c\ub2e4.\n\uc61b\ub0a0 \uac00\ub77c\ub974\uc9c0\ubc29\uc5d0\ub294 \uc9c0\uae08\ubcf4\ub2e4\n\ub9ce\uc740 \ub610\uac00\uc2a4\uac00 \uc788\uc5c8\ub2e4\uace0 \ud55c\ub2e4.",
      "language": {
        "name": "ko",
        "url": "https://pokeapi.co/api/v2/language/3/"
      },
      "version": {
        "name": "shield",
        "url": "https://pokeapi.co/api/v2/version/34/"
      }
    },
    {
      "flavor_text": "\u6c61\u6fc1\u7684\u7a7a\u6c23\u662f\u7260\u7684\u7f8e\u5473\u5927\u9910\u3002\n\u64da\u8aaa\u5728\u6614\u65e5\u7684\u4f3d\u52d2\u723e\u5730\u5340\n\u66fe\u7d93\u5b58\u5728\u8457\u66f4\u591a\u7684\u74e6\u65af\u5f48\u3002",
      "language": {
        "name": "zh-Hant",
        "url": "https://pokeapi.co/api/v2/language/4/"
      },
      "version": {
        "name": "shield",
        "url": "https://pokeapi.co/api/v2/version/34/"
      }
    },
    {
      "flavor_text": "On raconte qu\u2019il y a longtemps, ces Pok\u00e9mon\namateurs d\u2019air pollu\u00e9 \u00e9taient beaucoup plus\nnombreux \u00e0 Galar.",
      "language": {
        "name": "fr",
        "url": "https://pokeapi.co/api/v2/language/5/"
      },
      "version": {
        "name": "shield",
        "url": "https://pokeapi.co/api/v2/version/34/"
      }
    },
    {
      "flavor_text": "Angeblich waren diese nach verpesteter Luft\ngierenden Pok\u00e9mon fr\u00fcher weitaus h\u00e4ufiger\nin der Galar-Region anzutreffen als heute.",
      "language": {
        "name": "de",
        "url": "https://pokeapi.co/api/v2/language/6/"
      },
      "version": {
        "name": "shield",
        "url": "https://pokeapi.co/api/v2/version/34/"
      }
    },
    {
      "flavor_text": "Se nutre de aire contaminado. Al parecer, anta\u00f1o\neran mucho m\u00e1s numerosos en Galar.",
      "language": {
        "name": "es",
        "url": "https://pokeapi.co/api/v2/language/7/"
      },
      "version": {
        "name": "shield",
        "url": "https://pokeapi.co/api/v2/version/34/"
      }
    },
    {
      "flavor_text": "\u00c8 ghiotto di aria inquinata.\nSi dice che in passato a Galar ci fossero\nmolti pi\u00f9 Koffing rispetto a ora.",
      "language": {
        "name": "it",
        "url": "https://pokeapi.co/api/v2/language/8/"
      },
      "version": {
        "name": "shield",
        "url": "https://pokeapi.co/api/v2/version/34/"
      }
    },
    {
      "flavor_text": "It adores polluted air. Some claim that Koffing\nused to be more plentiful in the Galar region\nthan they are now.",
      "language": {
        "name": "en",
        "url": "https://pokeapi.co/api/v2/language/9/"
      },
      "version": {
        "name": "shield",
        "url": "https://pokeapi.co/api/v2/version/34/"
      }
    },
    {
      "flavor_text": "\u6c5a\u3044\u3000\u7a7a\u6c17\u304c\u3000\u3054\u3061\u305d\u3046\u3002\n\u3080\u304b\u3057\u306e\u3000\u30ac\u30e9\u30eb\u5730\u65b9\u306b\u306f\u3000\u3044\u307e\u3088\u308a\n\u305f\u304f\u3055\u3093\u306e\u3000\u30c9\u30ac\u30fc\u30b9\u304c\u3000\u3044\u305f\u3068\u3044\u3046\u3002",
      "language": {
        "name": "ja",
        "url": "https://pokeapi.co/api/v2/language/11/"
      },
      "version": {
        "name": "shield",
        "url": "https://pokeapi.co/api/v2/version/34/"
      }
    },
    {
      "flavor_text": "\u6c61\u6d4a\u7684\u7a7a\u6c14\u662f\u5b83\u7684\u7f8e\u5473\u5927\u9910\u3002\n\u636e\u8bf4\u5728\u6614\u65e5\u7684\u4f3d\u52d2\u5c14\u5730\u533a\n\u66fe\u7ecf\u5b58\u5728\u7740\u66f4\u591a\u7684\u74e6\u65af\u5f39\u3002",
      "language": {
        "name": "zh-Hans",
        "url": "https://pokeapi.co/api/v2/language/12/"
      },
      "version": {
        "name": "shield",
        "url": "https://pokeapi.co/api/v2/version/34/"
      }
    }
  ],
  "form_descriptions": [],
  "forms_switchable": false,
  "gender_rate": 4,
  "genera": [
    {
      "genus": "\u3069\u304f\u30ac\u30b9\u30dd\u30b1\u30e2\u30f3",
      "language": {
        "name": "ja-Hrkt",
        "url": "https://pokeapi.co/api/v2/language/1/"
      }
    },
    {
      "genus": "\ub3c5\uac00\uc2a4\ud3ec\ucf13\ubaac",
      "language": {
        "name": "ko",
        "url": "https://pokeapi.co/api/v2/language/3/"
      }
    },
    {
      "genus": "\u6bd2\u6c23\u5bf6\u53ef\u5922",
      "language": {
        "name": "zh-Hant",
        "url": "https://pokeapi.co/api/v2/language/4/"
      }
    },
    {
      "genus": "Pok\u00e9mon Gaz Mortel",
      "language": {
        "name": "fr",
        "url": "https://pokeapi.co/api/v2/language/5/"
      }
    },
    {
      "genus": "Giftwolken-Pok\u00e9mon",
      "language": {
        "name": "de",
        "url": "https://pokeapi.co/api/v2/language/6/"
      }
    },
    {
      "genus": "Pok\u00e9mon Gas Venenoso",
      "language": {
        "name": "es",
        "url": "https://pokeapi.co/api/v2/language/7/"
      }
    },
    {
      "genus": "Pok\u00e9mon Velenuvola",
      "language": {
        "name": "it",
        "url": "https://pokeapi.co/api/v2/language/8/"
      }
    },
    {
      "genus": "Poison Gas Pok\u00e9mon",
      "language": {
        "name": "en",
        "url": "https://pokeapi.co/api/v2/language/9/"
      }
    },
    {
      "genus": "\u3069\u304f\u30ac\u30b9\u30dd\u30b1\u30e2\u30f3",
      "language": {
        "name": "ja",
        "url": "https://pokeapi.co/api/v2/language/11/"
      }
    },
    {
      "genus": "\u6bd2\u6c14\u5b9d\u53ef\u68a6",
      "language": {
        "name": "zh-Hans",
        "url": "https://pokeapi.co/api/v2/language/12/"
      }
    }
  ],
  "generation": {
    "name": "generation-i",
    "url": "https://pokeapi.co/api/v2/generation/1/"
  },
  "growth_rate": {
    "name": "medium",
    "url": "https://pokeapi.co/api/v2/growth-rate/2/"
  },
  "habitat": {
    "name": "urban",
    "url": "https://pokeapi.co/api/v2/pokemon-habitat/8/"
  },
  "has_gender_differences": false,
  "hatch_counter": 20,
  "id": 109,
  "is_baby": false,
  "is_legendary": false,
  "is_mythical": false,
  "name": "koffing",
  "names": [
    {
      "language": {
        "name": "ja-Hrkt",
        "url": "https://pokeapi.co/api/v2/language/1/"
      },
      "name": "\u30c9\u30ac\u30fc\u30b9"
    },
    {
      "language": {
        "name": "roomaji",
        "url": "https://pokeapi.co/api/v2/language/2/"
      },
      "name": "Dogars"
    },
    {
      "language": {
        "name": "ko",
        "url": "https://pokeapi.co/api/v2/language/3/"
      },
      "name": "\ub610\uac00\uc2a4"
    },
    {
      "language": {
        "name": "zh-Hant",
        "url": "https://pokeapi.co/api/v2/language/4/"
      },
      "name": "\u74e6\u65af\u5f48"
    },
    {
      "language": {
        "name": "fr",
        "url": "https://pokeapi.co/api/v2/language/5/"
      },
      "name": "Smogo"
    },
    {
      "language": {
        "name": "de",
        "url": "https://pokeapi.co/api/v2/language/6/"
      },
      "name": "Smogon"
    },
    {
      "language": {
        "name": "es",
        "url": "https://pokeapi.co/api/v2/language/7/"
      },
      "name": "Koffing"
    },
    {
      "language": {
        "name": "it",
        "url": "https://pokeapi.co/api/v2/language/8/"
      },
      "name": "Koffing"
    },
    {
      "language": {
        "name": "en",
        "url": "https://pokeapi.co/api/v2/language/9/"
      },
      "name": "Koffing"
    },
    {
      "language": {
        "name": "ja",
        "url": "https://pokeapi.co/api/v2/language/11/"
      },
      "name": "\u30c9\u30ac\u30fc\u30b9"
    },
    {
      "language": {
        "name": "zh-Hans",
        "url": "https://pokeapi.co/api/v2/language/12/"
      },
      "name": "\u74e6\u65af\u5f39"
    }
  ],
  "order": 121,
  "pal_park_encounters": [
    {
      "area": {
        "name": "mountain",
        "url": "https://pokeapi.co/api/v2/pal-park-area/3/"
      },
      "base_score": 50,
      "rate": 30
    }
  ],
  "pokedex_numbers": [
    {
      "entry_number": 109,
      "pokedex": {
        "name": "national",
        "url": "https://pokeapi.co/api/v2/pokedex/1/"
      }
    },
    {
      "entry_number": 109,
      "pokedex": {
        "name": "kanto",
        "url": "https://pokeapi.co/api/v2/pokedex/2/"
      }
    },
    {
      "entry_number": 114,
      "pokedex": {
        "name": "original-johto",
        "url": "https://pokeapi.co/api/v2/pokedex/3/"
      }
    },
    {
      "entry_number": 108,
      "pokedex": {
        "name": "hoenn",
        "url": "https://pokeapi.co/api/v2/pokedex/4/"
      }
    },
    {
      "entry_number": 115,
      "pokedex": {
        "name": "updated-johto",
        "url": "https://pokeapi.co/api/v2/pokedex/7/"
      }
    },
    {
      "entry_number": 46,
      "pokedex": {
        "name": "updated-unova",
        "url": "https://pokeapi.co/api/v2/pokedex/9/"
      }
    },
    {
      "entry_number": 113,
      "pokedex": {
        "name": "updated-hoenn",
        "url": "https://pokeapi.co/api/v2/pokedex/15/"
      }
    },
    {
      "entry_number": 109,
      "pokedex": {
        "name": "letsgo-kanto",
        "url": "https://pokeapi.co/api/v2/pokedex/26/"
      }
    },
    {
      "entry_number": 250,
      "pokedex": {
        "name": "galar",
        "url": "https://pokeapi.co/api/v2/pokedex/27/"
      }
    },
    {
      "entry_number": 135,
      "pokedex": {
        "name": "kitakami",
        "url": "https://pokeapi.co/api/v2/pokedex/32/"
      }
    }
  ],
  "shape": {
    "name": "ball",
    "url": "https://pokeapi.co/api/v2/pokemon-shape/1/"
  },
  "varieties": [
    {
      "is_default": true,
      "pokemon": {
        "name": "koffing",
        "url": "https://pokeapi.co/api/v2/pokemon/109/"
      }
    }
  ]
}