{
  "base_happiness": 70,
  "capture_rate": 75,
  "color": {
    "name": "red",
    "url": "https://pokeapi.co/api/v2/pokemon-color/8/"
  },
  "egg_groups": [
    {
      "name": "ground",
      "url": "https://pokeapi.co/api/v2/egg-group/5/"
    }
  ],
  "evolution_chain": {
    "url": "https://pokeapi.co/api/v2/evolution-chain/263/"
  },
  "evolves_from_species": {
    "name": "pansear",
    "url": "https://pokeapi.co/api/v2/pokemon-species/513/"
  },
  "flavor_text_entries": [
    {
      "flavor_text": "Il adore les aliments sucr\u00e9s. Ils lui\nservent d\u2019\u00e9nergie pour alimenter le\nfeu \u00e0 l\u2019int\u00e9rieur de son corps.",
      "language": {
        "name": "fr",
        "url": "https://pokeapi.co/api/v2/language/5/"
      },
      "version": {
        "name": "black",
        "url": "https://pokeapi.co/api/v2/version/17/"
      }
    },
    {
      "flavor_text": "It loves sweets because they become\nenergy for the fire burning inside\nits body.",
      "language": {
        "name": "en",
        "url": "https://pokeapi.co/api/v2/language/9/"
      },
      "version": {
        "name": "black",
        "url": "https://pokeapi.co/api/v2/version/17/"
      }
    },
    {
      "flavor_text": "Son corps est en combustion. Il\nprojette des flamm\u00e8ches par la t\u00eate et\nla queue pour carboniser ses ennemis.",
      "language": {
        "name": "fr",
        "url": "https://pokeapi.co/api/v2/language/5/"
      },
      "version": {
        "name": "white",
        "url": "https://pokeapi.co/api/v2/version/18/"
      }
    },
    {
      "flavor_text": "A flame burns inside its body.\nIt scatters embers from its head\nand tail to sear its opponents.",
      "language": {
        "name": "en",
        "url": "https://pokeapi.co/api/v2/language/9/"
      },
      "version": {
        "name": "white",
        "url": "https://pokeapi.co/api/v2/version/18/"
      }
    },
    {
      "flavor_text": "When it gets excited, embers rise\nfrom its head and tail and it gets hot.\nFor some reason, it loves sweets.",
      "language": {
        "name": "en",
        "url": "https://pokeapi.co/api/v2/language/9/"
      },
      "version": {
        "name": "black-2",
        "url": "https://pokeapi.co/api/v2/version/21/"
      }
    },
    {
      "flavor_text": "When it gets excited, embers rise\nfrom its head and tail and it gets hot.\nFor some reason, it loves sweets.",
      "language": {
        "name": "en",
        "url": "https://pokeapi.co/api/v2/language/9/"
      },
      "version": {
        "name": "white-2",
        "url": "https://pokeapi.co/api/v2/version/22/"
      }
    },
    {
      "flavor_text": "\u304b\u3089\u3060\u306e\u3000\u306a\u304b\u306e\u3000\u307b\u306e\u304a\u3092\u3000\u3082\u3084\u3057\u3066\n\u3042\u305f\u307e\u3084\u3000\u3057\u3063\u307d\u304b\u3089\u3000\u3072\u306e\u3053\u3092\n\u307e\u304d\u3061\u3089\u305b\u3066\u3000\u3066\u304d\u3092\u3000\u3053\u304c\u3059\u3002",
      "language": {
        "name": "ja-Hrkt",
        "url": "https://pokeapi.co/api/v2/language/1/"
      },
      "version": {
        "name": "x",
        "url": "https://pokeapi.co/api/v2/version/23/"
      }
    },
    {
      "flavor_text": "\ubab8\uc18d\uc5d0\uc11c \ud0dc\uc6b4 \ubd88\uaf43\uc744\n\uba38\ub9ac\ub098 \uaf2c\ub9ac\ub85c \ud769\ubfcc\ub824\uc11c\n\uc0c1\ub300\ub97c \ud0dc\uc6b4\ub2e4.",
      "language": {
        "name": "ko",
        "url": "https://pokeapi.co/api/v2/language/3/"
      },
      "version": {
        "name": "x",
        "url": "https://pokeapi.co/api/v2/version/23/"
      }
    },
    {
      "flavor_text": "Son corps est en combustion. Il projette des\nflamm\u00e8ches par la t\u00eate et la queue pour carboniser\nses ennemis.",
      "language": {
        "name": "fr",
        "url": "https://pokeapi.co/api/v2/language/5/"
      },
      "version": {
        "name": "x",
        "url": "https://pokeapi.co/api/v2/version/23/"
      }
    },
    {
      "flavor_text": "Es entfacht in seinem K\u00f6rper ein Feuer und verkohlt\nGegner mit Funken aus seinem Kopf und Schweif.",
      "language": {
        "name": "de",
        "url": "https://pokeapi.co/api/v2/language/6/"
      },
      "version": {
        "name": "x",
        "url": "https://pokeapi.co/api/v2/version/23/"
      }
    },
    {
      "flavor_text": "Achicharra a sus enemigos desprendiendo llamas\npor la cola y la cabeza, fruto de su desmesurado\ncalor interno.",
      "language": {
        "name": "es",
        "url": "https://pokeapi.co/api/v2/language/7/"
      },
      "version": {
        "name": "x",
        "url": "https://pokeapi.co/api/v2/version/23/"
      }
    },
    {
      "flavor_text": "Alimentando la fiamma all\u2019interno del suo corpo,\nsparge dalla testa o dalla coda una pioggia di\nfuoco che scotta i nemici.",
      "language": {
        "name": "it",
        "url": "https://pokeapi.co/api/v2/language/8/"
      },
      "version": {
        "name": "x",
        "url": "https://pokeapi.co/api/v2/version/23/"
      }
    },
    {
      "flavor_text": "A flame burns inside its body. It scatters embers\nfrom its head and tail to sear its opponents.",
      "language": {
        "name": "en",
        "url": "https://pokeapi.co/api/v2/language/9/"
      },
      "version": {
        "name": "x",
        "url": "https://pokeapi.co/api/v2/version/23/"
      }
    },
    {
      "flavor_text": "\u4f53\u306e\u3000\u4e2d\u306e\u3000\u708e\u3092\u3000\u71c3\u3084\u3057\u3066\n\u982d\u3084\u3000\u5c3b\u5c3e\u304b\u3089\u3000\u706b\u306e\u7c89\u3092\n\u307e\u304d\u6563\u3089\u305b\u3066\u3000\u6575\u3092\u3000\u7126\u304c\u3059\u3002",
      "language": {
        "name": "ja",
        "url": "https://pokeapi.co/api/v2/language/11/"
      },
      "version": {
        "name": "x",
        "url": "https://pokeapi.co/api/v2/version/23/"
      }
    },
    {
      "flavor_text": "\u3053\u3046\u3075\u3093\u3059\u308b\u3068\u3000\u3042\u305f\u307e\u3084\u3000\u3057\u3063\u307d\u304b\u3089\n\u3072\u306e\u3053\u304c\u3000\u307e\u3044\u3042\u304c\u3063\u3066\u3000\u3042\u3064\u304f\u306a\u308b\u3002\n\u306a\u305c\u304b\u3000\u3042\u307e\u3044\u3082\u306e\u304c\u3000\u3060\u3044\u3053\u3046\u3076\u3064\u3002",
      "language": {
        "name": "ja-Hrkt",
        "url": "https://pokeapi.co/api/v2/language/1/"
      },
      "version": {
        "name": "y",
        "url": "https://pokeapi.co/api/v2/version/24/"
      }
    },
    {
      "flavor_text": "\ud765\ubd84\ud558\uba74 \uba38\ub9ac\ub098 \uaf2c\ub9ac\uc5d0\uc11c\n\ubd88\ud2f0\uac00 \ub0a0\uc544\uc62c\ub77c \ub728\uac70\uc6cc\uc9c4\ub2e4.\n\uc65c\uc778\uc9c0 \ub2ec\ucf64\ud55c \uac83\uc744 \ub9e4\uc6b0 \uc88b\uc544\ud55c\ub2e4.",
      "language": {
        "name": "ko",
        "url": "https://pokeapi.co/api/v2/language/3/"
      },
      "version": {
        "name": "y",
        "url": "https://pokeapi.co/api/v2/version/24/"
      }
    },
    {
      "flavor_text": "Quand il est excit\u00e9, des flamm\u00e8ches br\u00fblantes dansent\nsur sa t\u00eate et sa queue. Il raffole des choses sucr\u00e9es.",
      "language": {
        "name": "fr",
        "url": "https://pokeapi.co/api/v2/language/5/"
      },
      "version": {
        "name": "y",
        "url": "https://pokeapi.co/api/v2/version/24/"
      }
    },
    {
      "flavor_text": "Freut es sich, erhitzt sich sein K\u00f6rper und aus\nseinem Kopf und Schweif spr\u00fchen Funken.\nEs liebt S\u00fc\u00dfigkeiten.",
      "language": {
        "name": "de",
        "url": "https://pokeapi.co/api/v2/language/6/"
      },
      "version": {
        "name": "y",
        "url": "https://pokeapi.co/api/v2/version/24/"
      }
    },
    {
      "flavor_text": "Cuando se emociona, echa chispas por la cola y la\ncabeza, y calienta su cuerpo. Por alguna raz\u00f3n le\nencantan los dulces.",
      "language": {
        "name": "es",
        "url": "https://pokeapi.co/api/v2/language/7/"
      },
      "version": {
        "name": "y",
        "url": "https://pokeapi.co/api/v2/version/24/"
      }
    },
    {
      "flavor_text": "Quando \u00e8 concitato si scalda e iniziano a levarsi\nscintille dalla testa e dalla coda. Per qualche motivo\nadora i dolci.",
      "language": {
        "name": "it",
        "url": "https://pokeapi.co/api/v2/language/8/"
      },
      "version": {
        "name": "y",
        "url": "https://pokeapi.co/api/v2/version/24/"
      }
    },
    {
      "flavor_text": "When it gets excited, embers rise from its head\nand tail and it gets hot. For some reason, it\nloves sweets.",
      "language": {
        "name": "en",
        "url": "https://pokeapi.co/api/v2/language/9/"
      },
      "version": {
        "name": "y",
        "url": "https://pokeapi.co/api/v2/version/24/"
      }
    },
    {
      "flavor_text": "\u8208\u596e\u3059\u308b\u3068\u3000\u982d\u3084\u3000\u5c3b\u5c3e\u304b\u3089\n\u706b\u306e\u7c89\u304c\u3000\u821e\u3044\u3042\u304c\u3063\u3066\u3000\u71b1\u304f\u306a\u308b\u3002\n\u306a\u305c\u304b\u3000\u7518\u3044\u3082\u306e\u304c\u3000\u5927\u597d\u7269\u3002",
      "language": {
        "name": "ja",
        "url": "https://pokeapi.co/api/v2/language/11/"
      },
      "version": {
        "name": "y",
        "url": "https://pokeapi.co/api/v2/version/24/"
      }
    },
    {
      "flavor_text": "\u304b\u3089\u3060\u306e\u3000\u306a\u304b\u306e\u3000\u307b\u306e\u304a\u3092\u3000\u3082\u3084\u3057\u3066\n\u3042\u305f\u307e\u3084\u3000\u3057\u3063\u307d\u304b\u3089\u3000\u3072\u306e\u3053\u3092\n\u307e\u304d\u3061\u3089\u305b\u3066\u3000\u3066\u304d\u3092\u3000\u3053\u304c\u3059\u3002",
      "language": {
        "name": "ja-Hrkt",
        "url": "https://pokeapi.co/api/v2/language/1/"
      },
      "version": {
        "name": "omega-ruby",
        "url": "https://pokeapi.co/api/v2/version/25/"
      }
    },
    {
      "flavor_text": "\ubab8\uc18d\uc5d0\uc11c \ud0dc\uc6b4 \ubd88\uaf43\uc744\n\uba38\ub9ac\ub098 \uaf2c\ub9ac\ub85c \ud769\ubfcc\ub824\uc11c\n\uc0c1\ub300\ub97c \ud0dc\uc6b4\ub2e4.",
      "language": {
        "name": "ko",
        "url": "https://pokeapi.co/api/v2/language/3/"
      },
      "version": {
        "name": "omega-ruby",
        "url": "https://pokeapi.co/api/v2/version/25/"
      }
    },
    {
      "flavor_text": "Son corps est en combustion. Il projette des flamm\u00e8ches\npar la t\u00eate et la queue pour carboniser ses ennemis.",
      "language": {
        "name": "fr",
        "url": "https://pokeapi.co/api/v2/language/5/"
      },
      "version": {
        "name": "omega-ruby",
        "url": "https://pokeapi.co/api/v2/version/25/"
      }
    },
    {
      "flavor_text": "Es entfacht in seinem K\u00f6rper ein Feuer und verkohlt Gegner\nmit Funken aus seinem Kopf und Schweif.",
      "language": {
        "name": "de",
        "url": "https://pokeapi.co/api/v2/language/6/"
      },
      "version": {
        "name": "omega-ruby",
        "url": "https://pokeapi.co/api/v2/version/25/"
      }
    },
    {
      "flavor_text": "Achicharra a sus enemigos desprendiendo llamas por la cola y\nla cabeza, fruto de su desmesurado calor interno.",
      "language": {
        "name": "es",
        "url": "https://pokeapi.co/api/v2/language/7/"
      },
      "version": {
        "name": "omega-ruby",
        "url": "https://pokeapi.co/api/v2/version/25/"
      }
    },
    {
      "flavor_text": "Alimentando la fiamma all\u2019interno del suo corpo, sparge dalla\ntesta o dalla coda una pioggia di fuoco che scotta i nemici.",
      "language": {
        "name": "it",
        "url": "https://pokeapi.co/api/v2/language/8/"
      },
      "version": {
        "name": "omega-ruby",
        "url": "https://pokeapi.co/api/v2/version/25/"
      }
    },
    {
      "flavor_text": "A flame burns inside its body. It scatters embers\nfrom its head and tail to sear its opponents.",
      "language": {
        "name": "en",
        "url": "https://pokeapi.co/api/v2/language/9/"
      },
      "version": {
        "name": "omega-ruby",
        "url": "https://pokeapi.co/api/v2/version/25/"
      }
    },
    {
      "flavor_text": "\u4f53\u306e\u3000\u4e2d\u306e\u3000\u708e\u3092\u3000\u71c3\u3084\u3057\u3066\n\u982d\u3084\u3000\u5c3b\u5c3e\u304b\u3089\u3000\u706b\u306e\u7c89\u3092\n\u307e\u304d\u6563\u3089\u305b\u3066\u3000\u6575\u3092\u3000\u7126\u304c\u3059\u3002",
      "language": {
        "name": "ja",
        "url": "https://pokeapi.co/api/v2/language/11/"
      },
      "version": {
        "name": "omega-ruby",
        "url": "https://pokeapi.co/api/v2/version/25/"
      }
    },
    {
      "flavor_text": "\u3053\u3046\u3075\u3093\u3059\u308b\u3068\u3000\u3042\u305f\u307e\u3084\u3000\u3057\u3063\u307d\u304b\u3089\n\u3072\u306e\u3053\u304c\u3000\u307e\u3044\u3042\u304c\u3063\u3066\u3000\u3042\u3064\u304f\u306a\u308b\u3002\n\u306a\u305c\u304b\u3000\u3042\u307e\u3044\u3082\u306e\u304c\u3000\u3060\u3044\u3053\u3046\u3076\u3064\u3002",
      "language": {
        "name": "ja-Hrkt",
        "url": "https://pokeapi.co/api/v2/language/1/"
      },
      "version": {
        "name": "alpha-sapphire",
        "url": "https://pokeapi.co/api/v2/version/26/"
      }
    },
    {
      "flavor_text": "\ud765\ubd84\ud558\uba74 \uba38\ub9ac\ub098 \uaf2c\ub9ac\uc5d0\uc11c\n\ubd88\ud2f0\uac00 \ub0a0\uc544\uc62c\ub77c \ub728\uac70\uc6cc\uc9c4\ub2e4.\n\uc65c\uc778\uc9c0 \ub2ec\ucf64\ud55c \uac83\uc744 \ub9e4\uc6b0 \uc88b\uc544\ud55c\ub2e4.",
      "language": {
        "name": "ko",
        "url": "https://pokeapi.co/api/v2/language/3/"
      },
      "version": {
        "name": "alpha-sapphire",
        "url": "https://pokeapi.co/api/v2/version/26/"
      }
    },
    {
      "flavor_text": "Quand il est excit\u00e9, des flamm\u00e8ches br\u00fblantes dansent\nsur sa t\u00eate et sa queue. Il raffole des choses sucr\u00e9es.",
      "language": {
        "name": "fr",
        "url": "https://pokeapi.co/api/v2/language/5/"
      },
      "version": {
        "name": "alpha-sapphire",
        "url": "https://pokeapi.co/api/v2/version/26/"
      }
    },
    {
      "flavor_text": "Freut es sich, erhitzt sich sein K\u00f6rper und aus seinem Kopf\nund Schweif spr\u00fchen Funken. Es liebt S\u00fc\u00dfigkeiten.",
      "language": {
        "name": "de",
        "url": "https://pokeapi.co/api/v2/language/6/"
      },
      "version": {
        "name": "alpha-sapphire",
        "url": "https://pokeapi.co/api/v2/version/26/"
      }
    },
    {
      "flavor_text": "Cuando se emociona, echa chispas por la cola y la cabeza, y\ncalienta su cuerpo. Por alguna raz\u00f3n le encantan los dulces.",
      "language": {
        "name": "es",
        "url": "https://pokeapi.co/api/v2/language/7/"
      },
      "version": {
        "name": "alpha-sapphire",
        "url": "https://pokeapi.co/api/v2/version/26/"
      }
    },
    {
      "flavor_text": "Quando \u00e8 concitato si scalda e iniziano a levarsi scintille dalla\ntesta e dalla coda. Per qualche motivo adora i dolci.",
      "language": {
        "name": "it",
        "url": "https://pokeapi.co/api/v2/language/8/"
      },
      "version": {
        "name": "alpha-sapphire",
        "url": "https://pokeapi.co/api/v2/version/26/"
      }
    },
    {
      "flavor_text": "When it gets excited, embers rise from its head\nand tail and it gets hot. For some reason, it\nloves sweets.",
      "language": {
        "name": "en",
        "url": "https://pokeapi.co/api/v2/language/9/"
      },
      "version": {
        "name": "alpha-sapphire",
        "url": "https://pokeapi.co/api/v2/version/26/"
      }
    },
    {
      "flavor_text": "\u8208\u596e\u3059\u308b\u3068\u3000\u982d\u3084\u3000\u5c3b\u5c3e\u304b\u3089\n\u706b\u306e\u7c89\u304c\u3000\u821e\u3044\u3042\u304c\u3063\u3066\u3000\u71b1\u304f\u306a\u308b\u3002\n\u306a\u305c\u304b\u3000\u7518\u3044\u3082\u306e\u304c\u3000\u5927\u597d\u7269\u3002",
      "language": {
        "name": "ja",
        "url": "https://pokeapi.co/api/v2/language/11/"
      },
      "version": {
        "name": "alpha-sapphire",
        "url": "https://pokeapi.co/api/v2/version/26/"
      }
    }
  ],
  "form_descriptions": [],
  "forms_switchable": false,
  "gender_rate": 1,
  "genera": [
    {
      "genus": "\u3072\u306e\u3053\u30dd\u30b1\u30e2\u30f3",
      "language": {
        "name": "ja-Hrkt",
        "url": "https://pokeapi.co/api/v2/language/1/"
      }
    },
    {
      "genus": "\ubd88\ud2f0\ud3ec\ucf13\ubaac",
      "language": {
        "name": "ko",
        "url": "https://pokeapi.co/api/v2/language/3/"
      }
    },
    {
      "genus": "\u706b\u82b1\u5bf6\u53ef\u5922",
      "language": {
        "name": "zh-Hant",
        "url": "https://pokeapi.co/api/v2/language/4/"
      }
    },
    {
      "genus": "Pok\u00e9mon Braise",
      "language": {
        "name": "fr",
        "url": "https://pokeapi.co/api/v2/language/5/"
      }
    },
    {
      "genus": "Funkenregen",
      "language": {
        "name": "de",
        "url": "https://pokeapi.co/api/v2/language/6/"
      }
    },
    {
      "genus": "Pok\u00e9mon Lumbre",
      "language": {
        "name": "es",
        "url": "https://pokeapi.co/api/v2/language/7/"
      }
    },
    {
      "genus": "Pok\u00e9mon Sfavillante",
      "language": {
        "name": "it",
        "url": "https://pokeapi.co/api/v2/language/8/"
      }
    },
    {
      "genus": "Ember Pok\u00e9mon",
      "language": {
        "name": "en",
        "url": "https://pokeapi.co/api/v2/language/9/"
      }
    },
    {
      "genus": "\u3072\u306e\u3053\u30dd\u30b1\u30e2\u30f3",
      "language": {
        "name": "ja",
        "url": "https://pokeapi.co/api/v2/language/11/"
      }
    },
    {
      "genus": "\u706b\u82b1\u5b9d\u53ef\u68a6",
      "language": {
        "name": "zh-Hans",
        "url": "https://pokeapi.co/api/v2/language/12/"
      }
    }
  ],
  "generation": {
    "name": "generation-v",
    "url": "https://pokeapi.co/api/v2/generation/5/"
  },
  "growth_rate": {
    "name": "medium",
    "url": "https://pokeapi.co/api/v2/growth-rate/2/"
  },
  "habitat": null,
  "has_gender_differences": false,
  "hatch_counter": 20,
  "id": 514,
  "is_baby": false,
  "is_legendary": false,
  "is_mythical": false,
  "name": "simisear",
  "names": [
    {
      "language": {
        "name": "ja-Hrkt",
        "url": "https://pokeapi.co/api/v2/language/1/"
      },
      "name": "\u30d0\u30aa\u30c3\u30ad\u30fc"
    },
    {
      "language": {
        "name": "roomaji",
        "url": "https://pokeapi.co/api/v2/language/2/"
      },
      "name": "Baokkie"
    },
    {
      "language": {
        "name": "ko",
        "url": "https://pokeapi.co/api/v2/language/3/"
      },
      "name": "\ubc14\uc624\ud0a4"
    },
    {
      "language": {
        "name": "zh-Hant",
        "url": "https://pokeapi.co/api/v2/language/4/"
      },
      "name": "\u7206\u9999\u733f"
    },
    {
      "language": {
        "name": "fr",
        "url": "https://pokeapi.co/api/v2/language/5/"
      },
      "name": "Flamoutan"
    },
    {
      "language": {
        "name": "de",
        "url": "https://pokeapi.co/api/v2/language/6/"
      },
      "name": "Grillchita"
    },
    {
      "language": {
        "name": "es",
        "url": "https://pokeapi.co/api/v2/language/7/"
      },
      "name": "Simisear"
    },
    {
      "language": {
        "name": "it",
        "url": "https://pokeapi.co/api/v2/language/8/"
      },
      "name": "Simisear"
    },
    {
      "language": {
        "name": "en",
        "url": "https://pokeapi.co/api/v2/language/9/"
      },
      "name": "Simisear"
    },
    {
      "language": {
        "name": "ja",
        "url": "https://pokeapi.co/api/v2/language/11/"
      },
      "name": "\u30d0\u30aa\u30c3\u30ad\u30fc"
    },
    {
      "language": {
        "name": "zh-Hans",
        "url": "https://pokeapi.co/api/v2/language/12/"
      },
      "name": "\u7206\u9999\u733f"
    }
  ],
  "order": 515,
  "pal_park_encounters": [],
  "pokedex_numbers": [
    {
      "entry_number": 514,
      "pokedex": {
        "name": "national",
        "url": "https://pokeapi.co/api/v2/pokedex/1/"
      }
    },
    {
      "entry_number": 20,
      "pokedex": {
        "name": "original-unova",
        "url": "https://pokeapi.co/api/v2/pokedex/8/"
      }
    },
    {
      "entry_number": 40,
      "pokedex": {
        "name": "updated-unova",
        "url": "https://pokeapi.co/api/v2/pokedex/9/"
      }
    },
    {
      "entry_number": 139,
      "pokedex": {
        "name": "conquest-gallery",
        "url": "https://pokeapi.co/api/v2/pokedex/11/"
      }
    },
    {
      "entry_number": 32,
      "pokedex": {
        "name": "kalos-central",
        "url": "https://pokeapi.co/api/v2/pokedex/12/"
      }
    },
    {
      "entry_number": 80,
      "pokedex": {
        "name": "lumiose-city",
        "url": "https://pokeapi.co/api/v2/pokedex/34/"
      }
    }
  ],
  "shape": {
    "name": "upright",
    "url": "https://pokeapi.co/api/v2/pokemon-shape/6/"
  },
  "varieties": [
    {
      "is_default": true,
      "pokemon": {
        "name": "simisear",
        "url": "https://pokeapi.co/api/v2/pokemon/514/"
      }
    }
  ]
}