{"id": 946, "name": "bramblin", "types": [{"slot": 1, "type": {"name": "grass", "url": "https://pokeapi.co/api/v2/type/12/"}}, {"slot": 2, "type": {"name": "ghost", "url": "https://pokeapi.co/api/v2/type/8/"}}], "stats": [{"base_stat": 40, "effort": 0, "stat": {"name": "hp", "url": "https://pokeapi.co/api/v2/stat/1/"}}, {"base_stat": 65, "effort": 1, "stat": {"name": "attack", "url": "https://pokeapi.co/api/v2/stat/2/"}}, {"base_stat": 30, "effort": 0, "stat": {"name": "defense", "url": "https://pokeapi.co/api/v2/stat/3/"}}, {"base_stat": 45, "effort": 0, "stat": {"name": "special-attack", "url": "https://pokeapi.co/api/v2/stat/4/"}}, {"base_stat": 35, "effort": 0, "stat": {"name": "special-defense", "url": "https://pokeapi.co/api/v2/stat/5/"}}, {"base_stat": 60, "effort": 0, "stat": {"name": "speed", "url": "https://pokeapi.co/api/v2/stat/6/"}}], "abilities": [{"ability": {"name": "wind-rider", "url": "https://pokeapi.co/api/v2/ability/274/"}, "is_hidden": false, "slot": 1}, {"ability": {"name": "infiltrator", "url": "https://pokeapi.co/api/v2/ability/151/"}, "is_hidden": true, "slot": 3}], "sprites": {"front_default": "https://raw.githubusercontent.com/PokeAPI/sprites/master/sprites/pokemon/946.png"}, "moves": [{"move": {"name": "disable"}, "earliest_level": 29}, {"move": {"name": "absorb"}, "earliest_level": 5}, {"move": {"name": "mega-drain"}, "earliest_level": 25}, {"move": {"name": "leech-seed"}, "earliest_level": null}, {"move": {"name": "solar-beam"}, "earliest_level": null}, {"move": {"name": "night-shade"}, "earliest_level": null}, {"move": {"name": "confuse-ray"}, "earliest_level": null}, {"move": {"name": "defense-curl"}, "earliest_level": 1}, {"move": {"name": "rest"}, "earliest_level": null}, {"move": {"name": "substitute"}, "earliest_level": null}, {"move": {"name": "thief"}, "earliest_level": null}, {"move": {"name": "curse"}, "earliest_level": 45}, {"move": {"name": "spite"}, "earliest_level": null}, {"move": {"name": "protect"}, "earliest_level": null}, {"move": {"name": "scary-face"}, "earliest_level": null}, {"move": {"name": "spikes"}, "earliest_level": null}, {"move": {"name": "giga-drain"}, "earliest_level": 40}, {"move": {"name": "endure"}, "earliest_level": null}, {"move": {"name": "rollout"}, "earliest_level": 1}, {"move": {"name": "sleep-talk"}, "earliest_level": null}, {"move": {"name": "pain-split"}, "earliest_level": 50}, {"move": {"name": "rapid-spin"}, "earliest_level": 9}, {"move": {"name": "shadow-ball"}, "earliest_level": null}, {"move": {"name": "beat-up"}, "earliest_level": null}, {"move": {"name": "facade"}, "earliest_level": null}, {"move": {"name": "astonish"}, "earliest_level": 1}, {"move": {"name": "bullet-seed"}, "earliest_level": 13}, {"move": {"name": "block"}, "earliest_level": null}, {"move": {"name": "seed-bomb"}, "earliest_level": null}, {"move": {"name": "energy-ball"}, "earliest_level": null}, {"move": {"name": "shadow-sneak"}, "earliest_level": null}, {"move": {"name": "leaf-storm"}, "earliest_level": null}, {"move": {"name": "power-whip"}, "earliest_level": 55}, {"move": {"name": "grass-knot"}, "earliest_level": null}, {"move": {"name": "hex"}, "earliest_level": 21}, {"move": {"name": "phantom-force"}, "earliest_level": 35}, {"move": {"name": "grassy-terrain"}, "earliest_level": null}, {"move": {"name": "infestation"}, "earliest_level": 17}, {"move": {"name": "strength-sap"}, "earliest_level": null}, {"move": {"name": "grassy-glide"}, "earliest_level": null}, {"move": {"name": "poltergeist"}, "earliest_level": null}, {"move": {"name": "tera-blast"}, "earliest_level": null}, {"move": {"name": "pounce"}, "earliest_level": null}, {"move": {"name": "trailblaze"}, "earliest_level": null}], "species": {"url": "https://pokeapi.co/api/v2/pokemon-species/946/"}, "height": 6, "weight": 6}