{"id": 540, "name": "sewaddle", "types": [{"slot": 1, "type": {"name": "bug", "url": "https://pokeapi.co/api/v2/type/7/"}}, {"slot": 2, "type": {"name": "grass", "url": "https://pokeapi.co/api/v2/type/12/"}}], "stats": [{"base_stat": 45, "effort": 0, "stat": {"name": "hp", "url": "https://pokeapi.co/api/v2/stat/1/"}}, {"base_stat": 53, "effort": 0, "stat": {"name": "attack", "url": "https://pokeapi.co/api/v2/stat/2/"}}, {"base_stat": 70, "effort": 1, "stat": {"name": "defense", "url": "https://pokeapi.co/api/v2/stat/3/"}}, {"base_stat": 40, "effort": 0, "stat": {"name": "special-attack", "url": "https://pokeapi.co/api/v2/stat/4/"}}, {"base_stat": 60, "effort": 0, "stat": {"name": "special-defense", "url": "https://pokeapi.co/api/v2/stat/5/"}}, {"base_stat": 42, "effort": 0, "stat": {"name": "speed", "url": "https://pokeapi.co/api/v2/stat/6/"}}], "abilities": [{"ability": {"name": "swarm", "url": "https://pokeapi.co/api/v2/ability/68/"}, "is_hidden": false, "slot": 1}, {"ability": {"name": "chlorophyll", "url": "https://pokeapi.co/api/v2/ability/34/"}, "is_hidden": false, "slot": 2}, {"ability": {"name": "overcoat", "url": "https://pokeapi.co/api/v2/ability/142/"}, "is_hidden": true, "slot": 3}], "sprites": {"front_default": "https://raw.githubusercontent.com/PokeAPI/sprites/master/sprites/pokemon/540.png"}, "moves": [{"move": {"name": "razor-wind"}, "earliest_level": null}, {"move": {"name": "cut"}, "earliest_level": null}, {"move": {"name": "tackle"}, "earliest_level": 1}, {"move": {"name": "take-down"}, "earliest_level": null}, {"move": {"name": "razor-leaf"}, "earliest_level": 15}, {"move": {"name": "solar-beam"}, "earliest_level": null}, {"move": {"name": "string-shot"}, "earliest_level": 1}, {"move": {"name": "toxic"}, "earliest_level": null}, {"move": {"name": "agility"}, "earliest_level": null}, {"move": {"name": "screech"}, "earliest_level": null}, {"move": {"name": "double-team"}, "earliest_level": null}, {"move": {"name": "light-screen"}, "earliest_level": null}, {"move": {"name": "dream-eater"}, "earliest_level": null}, {"move": {"name": "flash"}, "earliest_level": null}, {"move": {"name": "rest"}, "earliest_level": null}, {"move": {"name": "substitute"}, "earliest_level": null}, {"move": {"name": "mind-reader"}, "earliest_level": null}, {"move": {"name": "snore"}, "earliest_level": null}, {"move": {"name": "flail"}, "earliest_level": 43}, {"move": {"name": "protect"}, "earliest_level": null}, {"move": {"name": "giga-drain"}, "earliest_level": null}, {"move": {"name": "endure"}, "earliest_level": 29}, {"move": {"name": "charm"}, "earliest_level": null}, {"move": {"name": "swagger"}, "earliest_level": null}, {"move": {"name": "attract"}, "earliest_level": null}, {"move": {"name": "sleep-talk"}, "earliest_level": null}, {"move": {"name": "return"}, "earliest_level": null}, {"move": {"name": "frustration"}, "earliest_level": null}, {"move": {"name": "safeguard"}, "earliest_level": null}, {"move": {"name": "baton-pass"}, "earliest_level": null}, {"move": {"name": "synthesis"}, "earliest_level": null}, {"move": {"name": "hidden-power"}, "earliest_level": null}, {"move": {"name": "rain-dance"}, "earliest_level": null}, {"move": {"name": "sunny-day"}, "earliest_level": null}, {"move": {"name": "facade"}, "earliest_level": null}, {"move": {"name": "nature-power"}, "earliest_level": null}, {"move": {"name": "magic-coat"}, "earliest_level": null}, {"move": {"name": "secret-power"}, "earliest_level": null}, {"move": {"name": "camouflage"}, "earliest_level": null}, {"move": {"name": "silver-wind"}, "earliest_level": null}, {"move": {"name": "signal-beam"}, "earliest_level": null}, {"move": {"name": "iron-defense"}, "earliest_level": null}, {"move": {"name": "magical-leaf"}, "earliest_level": null}, {"move": {"name": "calm-mind"}, "earliest_level": null}, {"move": {"name": "payback"}, "earliest_level": null}, {"move": {"name": "me-first"}, "earliest_level": null}, {"move": {"name": "worry-seed"}, "earliest_level": null}, {"move": {"name": "seed-bomb"}, "earliest_level": null}, {"move": {"name": "air-slash"}, "earliest_level": null}, {"move": {"name": "bug-buzz"}, "earliest_level": 36}, {"move": {"name": "energy-ball"}, "earliest_level": null}, {"move": {"name": "switcheroo"}, "earliest_level": null}, {"move": {"name": "grass-knot"}, "earliest_level": null}, {"move": {"name": "bug-bite"}, "earliest_level": 8}, {"move": {"name": "round"}, "earliest_level": null}, {"move": {"name": "struggle-bug"}, "earliest_level": 22}, {"move": {"name": "electroweb"}, "earliest_level": null}, {"move": {"name": "sticky-web"}, "earliest_level": 31}, {"move": {"name": "grassy-terrain"}, "earliest_level": null}, {"move": {"name": "confide"}, "earliest_level": null}, {"move": {"name": "lunge"}, "earliest_level": null}, {"move": {"name": "grassy-glide"}, "earliest_level": null}, {"move": {"name": "skitter-smack"}, "earliest_level": null}, {"move": {"name": "tera-blast"}, "earliest_level": null}, {"move": {"name": "pounce"}, "earliest_level": null}, {"move": {"name": "trailblaze"}, "earliest_level": null}], "species": {"url": "https://pokeapi.co/api/v2/pokemon-species/540/"}, "height": 3, "weight": 25}