{"flavor_text_entries": [{"flavor_text": "It has been said that they swallow those\nwho get too close and turn them into\nmummies. They like to eat gold nuggets.", "language": {"name": "en", "url": "https://pokeapi.co/api/v2/language/9/"}, "version": {"name": "black", "url": "https://pokeapi.co/api/v2/version/17/"}}, {"flavor_text": "They pretend to be elaborate coffins\nto teach lessons to grave robbers.\nTheir bodies are covered in pure gold.", "language": {"name": "en", "url": "https://pokeapi.co/api/v2/language/9/"}, "version": {"name": "white", "url": "https://pokeapi.co/api/v2/version/18/"}}, {"flavor_text": "Grave robbers who mistake them\nfor real coffins and get too close\nend up trapped inside their bodies.", "language": {"name": "en", "url": "https://pokeapi.co/api/v2/language/9/"}, "version": {"name": "black-2", "url": "https://pokeapi.co/api/v2/version/21/"}}, {"flavor_text": "Grave robbers who mistake them\nfor real coffins and get too close\nend up trapped inside their bodies.", "language": {"name": "en", "url": "https://pokeapi.co/api/v2/language/9/"}, "version": {"name": "white-2", "url": "https://pokeapi.co/api/v2/version/22/"}}, {"flavor_text": "It has been said that they swallow those who get\ntoo close and turn them into mummies. They like to\neat gold nuggets.", "language": {"name": "en", "url": "https://pokeapi.co/api/v2/language/9/"}, "version": {"name": "x", "url": "https://pokeapi.co/api/v2/version/23/"}}, {"flavor_text": "Grave robbers who mistake them for real coffins and\nget too close end up trapped inside their bodies.", "language": {"name": "en", "url": "https://pokeapi.co/api/v2/language/9/"}, "version": {"name": "y", "url": "https://pokeapi.co/api/v2/version/24/"}}, {"flavor_text": "It has been said that they swallow those who get\ntoo close and turn them into mummies. They like to\neat gold nuggets.", "language": {"name": "en", "url": "https://pokeapi.co/api/v2/language/9/"}, "version": {"name": "omega-ruby", "url": "https://pokeapi.co/api/v2/version/25/"}}, {"flavor_text": "Grave robbers who mistake them for real coffins and\nget too close end up trapped inside their bodies.", "language": {"name": "en", "url": "https://pokeapi.co/api/v2/language/9/"}, "version": {"name": "alpha-sapphire", "url": "https://pokeapi.co/api/v2/version/26/"}}, {"flavor_text": "This Pok\u00e9mon has a body of sparkling gold.\nPeople say it no longer remembers that it was\nonce human.", "language": {"name": "en", "url": "https://pokeapi.co/api/v2/language/9/"}, "version": {"name": "sword", "url": "https://pokeapi.co/api/v2/version/33/"}}, {"flavor_text": "There are many depictions of Cofagrigus\ndecorating ancient tombs. They\u2019re symbols\nof the wealth that kings of bygone eras had.", "language": {"name": "en", "url": "https://pokeapi.co/api/v2/language/9/"}, "version": {"name": "shield", "url": "https://pokeapi.co/api/v2/version/34/"}}], "evolution_chain": {"url": "https://pokeapi.co/api/v2/evolution-chain/287/"}}