{
  "base_happiness": 70,
  "capture_rate": 255,
  "color": {
    "name": "gray",
    "url": "https://pokeapi.co/api/v2/pokemon-color/4/"
  },
  "egg_groups": [
    {
      "name": "ground",
      "url": "https://pokeapi.co/api/v2/egg-group/5/"
    }
  ],
  "evolution_chain": {
    "url": "https://pokeapi.co/api/v2/evolution-chain/133/"
  },
  "evolves_from_species": null,
  "flavor_text_entries": [
    {
      "flavor_text": "At first sight, POOCHYENA takes a bite\nat anything that moves.\nThis POK\u00e9MON chases after prey until\fthe victim becomes exhausted.\nHowever, it may turn tail if the prey\nstrikes back.",
      "language": {
        "name": "en",
        "url": "https://pokeapi.co/api/v2/language/9/"
      },
      "version": {
        "name": "ruby",
        "url": "https://pokeapi.co/api/v2/version/7/"
      }
    },
    {
      "flavor_text": "POOCHYENA is an omnivore - it will eat\nanything. A distinguishing feature is\nhow large its fangs are compared to\fits body. This POK\u00e9MON tries to\nintimidate its foes by making the hair\non its tail bristle out.",
      "language": {
        "name": "en",
        "url": "https://pokeapi.co/api/v2/language/9/"
      },
      "version": {
        "name": "sapphire",
        "url": "https://pokeapi.co/api/v2/version/8/"
      }
    },
    {
      "flavor_text": "It savagely threatens foes with bared\nfangs. It chases after fleeing targets\ntenaciously. It turns tail and runs,\nhowever, if the foe strikes back.",
      "language": {
        "name": "en",
        "url": "https://pokeapi.co/api/v2/language/9/"
      },
      "version": {
        "name": "emerald",
        "url": "https://pokeapi.co/api/v2/version/9/"
      }
    },
    {
      "flavor_text": "It has a very tenacious nature. Its acute\nsense of smell lets it chase a chosen\nprey without ever losing track.",
      "language": {
        "name": "en",
        "url": "https://pokeapi.co/api/v2/language/9/"
      },
      "version": {
        "name": "firered",
        "url": "https://pokeapi.co/api/v2/version/10/"
      }
    },
    {
      "flavor_text": "It has a very tenacious nature. Its acute\nsense of smell lets it chase a chosen\nprey without ever losing track.",
      "language": {
        "name": "en",
        "url": "https://pokeapi.co/api/v2/language/9/"
      },
      "version": {
        "name": "leafgreen",
        "url": "https://pokeapi.co/api/v2/version/11/"
      }
    },
    {
      "flavor_text": "A Pok\u00e9mon with a persistent\nnature, it chases its chosen prey\nuntil the prey becomes exhausted.",
      "language": {
        "name": "en",
        "url": "https://pokeapi.co/api/v2/language/9/"
      },
      "version": {
        "name": "diamond",
        "url": "https://pokeapi.co/api/v2/version/12/"
      }
    },
    {
      "flavor_text": "A Pok\u00e9mon with a persistent\nnature, it chases its chosen prey\nuntil the prey becomes exhausted.",
      "language": {
        "name": "en",
        "url": "https://pokeapi.co/api/v2/language/9/"
      },
      "version": {
        "name": "pearl",
        "url": "https://pokeapi.co/api/v2/version/13/"
      }
    },
    {
      "flavor_text": "A Pok\u00e9mon with a persistent\nnature, it chases its chosen prey\nuntil the prey becomes exhausted.",
      "language": {
        "name": "en",
        "url": "https://pokeapi.co/api/v2/language/9/"
      },
      "version": {
        "name": "platinum",
        "url": "https://pokeapi.co/api/v2/version/14/"
      }
    },
    {
      "flavor_text": "It chases its prey until the victim\nbecomes exhausted. However, it\nturns tail if the prey strikes back.",
      "language": {
        "name": "en",
        "url": "https://pokeapi.co/api/v2/language/9/"
      },
      "version": {
        "name": "heartgold",
        "url": "https://pokeapi.co/api/v2/version/15/"
      }
    },
    {
      "flavor_text": "It chases its prey until the victim\nbecomes exhausted. However, it\nturns tail if the prey strikes back.",
      "language": {
        "name": "en",
        "url": "https://pokeapi.co/api/v2/language/9/"
      },
      "version": {
        "name": "soulsilver",
        "url": "https://pokeapi.co/api/v2/version/16/"
      }
    },
    {
      "flavor_text": "Un Pok\u00e9mon tr\u00e8s obstin\u00e9 qui\npoursuit sa proie jusqu\u2019\u00e0 ce\nqu\u2019elle soit \u00e9puis\u00e9e.",
      "language": {
        "name": "fr",
        "url": "https://pokeapi.co/api/v2/language/5/"
      },
      "version": {
        "name": "black",
        "url": "https://pokeapi.co/api/v2/version/17/"
      }
    },
    {
      "flavor_text": "A Pok\u00e9mon with a persistent\nnature, it chases its chosen prey\nuntil the prey becomes exhausted.",
      "language": {
        "name": "en",
        "url": "https://pokeapi.co/api/v2/language/9/"
      },
      "version": {
        "name": "black",
        "url": "https://pokeapi.co/api/v2/version/17/"
      }
    },
    {
      "flavor_text": "Un Pok\u00e9mon tr\u00e8s obstin\u00e9 qui\npoursuit sa proie jusqu\u2019\u00e0 ce\nqu\u2019elle soit \u00e9puis\u00e9e.",
      "language": {
        "name": "fr",
        "url": "https://pokeapi.co/api/v2/language/5/"
      },
      "version": {
        "name": "white",
        "url": "https://pokeapi.co/api/v2/version/18/"
      }
    },
    {
      "flavor_text": "A Pok\u00e9mon with a persistent\nnature, it chases its chosen prey\nuntil the prey becomes exhausted.",
      "language": {
        "name": "en",
        "url": "https://pokeapi.co/api/v2/language/9/"
      },
      "version": {
        "name": "white",
        "url": "https://pokeapi.co/api/v2/version/18/"
      }
    },
    {
      "flavor_text": "A Pok\u00e9mon with a persistent\nnature, it chases its chosen prey\nuntil the prey becomes exhausted.",
      "language": {
        "name": "en",
        "url": "https://pokeapi.co/api/v2/language/9/"
      },
      "version": {
        "name": "black-2",
        "url": "https://pokeapi.co/api/v2/version/21/"
      }
    },
    {
      "flavor_text": "A Pok\u00e9mon with a persistent\nnature, it chases its chosen prey\nuntil the prey becomes exhausted.",
      "language": {
        "name": "en",
        "url": "https://pokeapi.co/api/v2/language/9/"
      },
      "version": {
        "name": "white-2",
        "url": "https://pokeapi.co/api/v2/version/22/"
      }
    },
    {
      "flavor_text": "\u3057\u3064\u3053\u3044\u3000\u305b\u3044\u304b\u304f\u306e\u3000\u30dd\u30b1\u30e2\u30f3\u3002\n\u3081\u3092\u3064\u3051\u305f\u3000\u3048\u3082\u306e\u304c\u3000\u30d8\u30c8\u30d8\u30c8\u306b\n\u3064\u304b\u308c\u308b\u307e\u3067\u3000\u304a\u3044\u304b\u3051\u307e\u308f\u3059\u3002",
      "language": {
        "name": "ja-Hrkt",
        "url": "https://pokeapi.co/api/v2/language/1/"
      },
      "version": {
        "name": "x",
        "url": "https://pokeapi.co/api/v2/version/23/"
      }
    },
    {
      "flavor_text": "\uc9d1\uc694\ud55c \uc131\uaca9\uc758 \ud3ec\ucf13\ubaac\uc774\ub2e4.\n\uc810\ucc0d\uc740 \uba39\uc774\uac00 \uae30\uc9c4\ub9e5\uc9c4\n\uc9c0\uce60 \ub54c\uae4c\uc9c0 \ub4a4\ucad3\uc544\uac04\ub2e4.",
      "language": {
        "name": "ko",
        "url": "https://pokeapi.co/api/v2/language/3/"
      },
      "version": {
        "name": "x",
        "url": "https://pokeapi.co/api/v2/version/23/"
      }
    },
    {
      "flavor_text": "Un Pok\u00e9mon tr\u00e8s obstin\u00e9 qui poursuit sa proie jusqu\u2019\u00e0\nce qu\u2019elle soit \u00e9puis\u00e9e.",
      "language": {
        "name": "fr",
        "url": "https://pokeapi.co/api/v2/language/5/"
      },
      "version": {
        "name": "x",
        "url": "https://pokeapi.co/api/v2/version/23/"
      }
    },
    {
      "flavor_text": "Ein beharrliches Pok\u00e9mon, das seine Beute jagt,\nbis diese ersch\u00f6pft ist.",
      "language": {
        "name": "de",
        "url": "https://pokeapi.co/api/v2/language/6/"
      },
      "version": {
        "name": "x",
        "url": "https://pokeapi.co/api/v2/version/23/"
      }
    },
    {
      "flavor_text": "Es muy persistente. Si se fija en una presa, no la\ndejar\u00e1 hasta que caiga agotada.",
      "language": {
        "name": "es",
        "url": "https://pokeapi.co/api/v2/language/7/"
      },
      "version": {
        "name": "x",
        "url": "https://pokeapi.co/api/v2/version/23/"
      }
    },
    {
      "flavor_text": "Pok\u00e9mon di natura ostinata. Insegue la preda\nprescelta finch\u00e9 questa non \u00e8 esausta.",
      "language": {
        "name": "it",
        "url": "https://pokeapi.co/api/v2/language/8/"
      },
      "version": {
        "name": "x",
        "url": "https://pokeapi.co/api/v2/version/23/"
      }
    },
    {
      "flavor_text": "A Pok\u00e9mon with a persistent nature, it chases its\nchosen prey until the prey becomes exhausted.",
      "language": {
        "name": "en",
        "url": "https://pokeapi.co/api/v2/language/9/"
      },
      "version": {
        "name": "x",
        "url": "https://pokeapi.co/api/v2/version/23/"
      }
    },
    {
      "flavor_text": "\u3057\u3064\u3053\u3044\u3000\u6027\u683c\u306e\u3000\u30dd\u30b1\u30e2\u30f3\u3002\n\u76ee\u3092\u3064\u3051\u305f\u3000\u7372\u7269\u304c\u3000\u30d8\u30c8\u30d8\u30c8\u306b\n\u75b2\u308c\u308b\u307e\u3067\u3000\u8ffd\u3044\u304b\u3051\u56de\u3059\u3002",
      "language": {
        "name": "ja",
        "url": "https://pokeapi.co/api/v2/language/11/"
      },
      "version": {
        "name": "x",
        "url": "https://pokeapi.co/api/v2/version/23/"
      }
    },
    {
      "flavor_text": "\u3059\u308b\u3069\u3044\u3000\u304d\u3085\u3046\u304b\u304f\u3067\u3000\u306d\u3089\u3063\u305f\n\u3048\u3082\u306e\u306f\u3000\u305c\u3063\u305f\u3044\u306b\u3000\u306b\u304c\u3055\u306a\u3044\u3002\n\u3068\u3063\u3066\u3082\u3000\u3057\u3064\u3053\u3044\u3000\u305b\u3044\u304b\u304f\u3060\u3002",
      "language": {
        "name": "ja-Hrkt",
        "url": "https://pokeapi.co/api/v2/language/1/"
      },
      "version": {
        "name": "y",
        "url": "https://pokeapi.co/api/v2/version/24/"
      }
    },
    {
      "flavor_text": "\ub0a0\uce74\ub85c\uc6b4 \ud6c4\uac01\uc73c\ub85c \ub178\ub9b0\n\uba39\uc774\ub294 \uc808\ub300\ub85c \ub193\uce58\uc9c0 \uc54a\ub294\ub2e4.\n\ub9e4\uc6b0 \ub048\uc9c8\uae34 \uc131\uaca9\uc774\ub2e4.",
      "language": {
        "name": "ko",
        "url": "https://pokeapi.co/api/v2/language/3/"
      },
      "version": {
        "name": "y",
        "url": "https://pokeapi.co/api/v2/version/24/"
      }
    },
    {
      "flavor_text": "Medhy\u00e8na est d\u2019un temp\u00e9rament tenace.\nSon odorat tr\u00e8s d\u00e9velopp\u00e9 lui permet de ne jamais\nperdre la trace de sa proie.",
      "language": {
        "name": "fr",
        "url": "https://pokeapi.co/api/v2/language/5/"
      },
      "version": {
        "name": "y",
        "url": "https://pokeapi.co/api/v2/version/24/"
      }
    },
    {
      "flavor_text": "Es hat ein hartn\u00e4ckiges Wesen. Sein pr\u00e4ziser\nGeruchssinn erm\u00f6glicht ihm, seiner Beute\nnachzujagen, ohne die F\u00e4hrte zu verlieren.",
      "language": {
        "name": "de",
        "url": "https://pokeapi.co/api/v2/language/6/"
      },
      "version": {
        "name": "y",
        "url": "https://pokeapi.co/api/v2/version/24/"
      }
    },
    {
      "flavor_text": "Es tenaz por naturaleza. Tiene un sentido del olfato\ntan agudo que nunca se le escapa la presa que quiere.",
      "language": {
        "name": "es",
        "url": "https://pokeapi.co/api/v2/language/7/"
      },
      "version": {
        "name": "y",
        "url": "https://pokeapi.co/api/v2/version/24/"
      }
    },
    {
      "flavor_text": "Pok\u00e9mon molto tenace. L\u2019olfatto sviluppatissimo gli\npermette di seguire una preda senza mai perderne\nle tracce.",
      "language": {
        "name": "it",
        "url": "https://pokeapi.co/api/v2/language/8/"
      },
      "version": {
        "name": "y",
        "url": "https://pokeapi.co/api/v2/version/24/"
      }
    },
    {
      "flavor_text": "It has a very tenacious nature. Its acute sense of\nsmell lets it chase a chosen prey without ever\nlosing track.",
      "language": {
        "name": "en",
        "url": "https://pokeapi.co/api/v2/language/9/"
      },
      "version": {
        "name": "y",
        "url": "https://pokeapi.co/api/v2/version/24/"
      }
    },
    {
      "flavor_text": "\u92ed\u3044\u3000\u304d\u3085\u3046\u304b\u304f\u3067\u3000\u306d\u3089\u3063\u305f\u3000\u7372\u7269\u306f\n\u7d76\u5bfe\u306b\u3000\u9003\u304c\u3055\u306a\u3044\u3002\n\u3068\u3063\u3066\u3082\u3000\u3057\u3064\u3053\u3044\u3000\u6027\u683c\u3060\u3002",
      "language": {
        "name": "ja",
        "url": "https://pokeapi.co/api/v2/language/11/"
      },
      "version": {
        "name": "y",
        "url": "https://pokeapi.co/api/v2/version/24/"
      }
    },
    {
      "flavor_text": "\u3046\u3054\u304f\u3000\u3082\u306e\u3092\u3000\u307f\u3064\u3051\u308b\u3068\u3000\u3059\u3050\u306b\u3000\u304b\u307f\u3064\u304f\u3002\n\u3048\u3082\u306e\u304c\u3000\u30d8\u30c8\u30d8\u30c8\u306b\u3000\u306a\u308b\u307e\u3067\u3000\u304a\u3044\u304b\u3051\u307e\u308f\u3059\u304c\n\u306f\u3093\u3052\u304d\u3055\u308c\u308b\u3068\u3000\u3057\u308a\u3054\u307f\u3059\u308b\u3000\u3053\u3068\u3082\u3000\u3042\u308b\u3088\u3002",
      "language": {
        "name": "ja-Hrkt",
        "url": "https://pokeapi.co/api/v2/language/1/"
      },
      "version": {
        "name": "omega-ruby",
        "url": "https://pokeapi.co/api/v2/version/25/"
      }
    },
    {
      "flavor_text": "\uc6c0\uc9c1\uc774\ub294 \uac83\uc744 \ubc1c\uacac\ud558\uba74 \ubc14\ub85c \ubb38\ub2e4.\n\uba39\uc774\uac00 \uae30\uc9c4\ub9e5\uc9c4\ud574\uc9c8 \ub54c\uae4c\uc9c0 \ucad3\uc544\ub2e4\ub2c8\uc9c0\ub9cc\n\ubc18\uaca9\ub2f9\ud558\uba74 \ub4b7\uac78\uc74c\uce58\uae30\ub3c4 \ud55c\ub2e4.",
      "language": {
        "name": "ko",
        "url": "https://pokeapi.co/api/v2/language/3/"
      },
      "version": {
        "name": "omega-ruby",
        "url": "https://pokeapi.co/api/v2/version/25/"
      }
    },
    {
      "flavor_text": "Sans se poser de questions, Medhy\u00e8na essaie de mordre\ntout ce qui bouge. Ce Pok\u00e9mon pourchasse sa proie jusqu\u2019\u00e0\nce qu\u2019elle s\u2019\u00e9puise. Cependant, il se peut qu\u2019il prenne peur\net s\u2019enfuie si la proie riposte.",
      "language": {
        "name": "fr",
        "url": "https://pokeapi.co/api/v2/language/5/"
      },
      "version": {
        "name": "omega-ruby",
        "url": "https://pokeapi.co/api/v2/version/25/"
      }
    },
    {
      "flavor_text": "Sobald Fiffyen eine Bewegung wahrnimmt, schnappt es zu.\nEs jagt seine Beute so lange, bis sie vollkommen ersch\u00f6pft ist.\nWenn sich die Beute allerdings wehrt, kann es passieren,\ndass Fiffyen klein beigibt und flieht.",
      "language": {
        "name": "de",
        "url": "https://pokeapi.co/api/v2/language/6/"
      },
      "version": {
        "name": "omega-ruby",
        "url": "https://pokeapi.co/api/v2/version/25/"
      }
    },
    {
      "flavor_text": "La primera reacci\u00f3n que Poochyena tiene al ver algo moverse\nes darle un mordisco. Este Pok\u00e9mon persigue a su presa hasta\nque cae agotada. Aunque, a veces, sale huyendo si su presa\nle responde con un ataque.",
      "language": {
        "name": "es",
        "url": "https://pokeapi.co/api/v2/language/7/"
      },
      "version": {
        "name": "omega-ruby",
        "url": "https://pokeapi.co/api/v2/version/25/"
      }
    },
    {
      "flavor_text": "Poochyena azzanna al minimo movimento senza riflettere.\nCaccia la sua preda finch\u00e9 questa non \u00e8 tanto stanca\nda cedere. Tuttavia, se il nemico contrattacca, Poochyena\ntalvolta scappa.",
      "language": {
        "name": "it",
        "url": "https://pokeapi.co/api/v2/language/8/"
      },
      "version": {
        "name": "omega-ruby",
        "url": "https://pokeapi.co/api/v2/version/25/"
      }
    },
    {
      "flavor_text": "At first sight, Poochyena takes a bite at anything that moves.\nThis Pok\u00e9mon chases after prey until the victim becomes\nexhausted. However, it may turn tail if the prey strikes back.",
      "language": {
        "name": "en",
        "url": "https://pokeapi.co/api/v2/language/9/"
      },
      "version": {
        "name": "omega-ruby",
        "url": "https://pokeapi.co/api/v2/version/25/"
      }
    },
    {
      "flavor_text": "\u52d5\u304f\u3000\u3082\u306e\u3092\u3000\u898b\u3064\u3051\u308b\u3068\u3000\u3059\u3050\u306b\u3000\u304b\u307f\u3064\u304f\u3002\n\u7372\u7269\u304c\u3000\u30d8\u30c8\u30d8\u30c8\u306b\u3000\u306a\u308b\u307e\u3067\u3000\u8ffd\u3044\u304b\u3051\u56de\u3059\u304c\n\u53cd\u6483\u3055\u308c\u308b\u3068\u3000\u5c3b\u3054\u307f\u3059\u308b\u3000\u3053\u3068\u3082\u3000\u3042\u308b\u3088\u3002",
      "language": {
        "name": "ja",
        "url": "https://pokeapi.co/api/v2/language/11/"
      },
      "version": {
        "name": "omega-ruby",
        "url": "https://pokeapi.co/api/v2/version/25/"
      }
    },
    {
      "flavor_text": "\u306a\u3093\u3067\u3082\u3000\u305f\u3079\u308b\u3000\u3056\u3063\u3057\u3087\u304f\u305b\u3044\u306e\u3000\u30dd\u30b1\u30e2\u30f3\u3002\n\u304b\u3089\u3060\u306b\u3000\u304f\u3089\u3079\u3000\u304a\u304a\u304d\u306a\u3000\u30ad\u30d0\u304c\u3000\u3068\u304f\u3061\u3087\u3046\u3002\n\u3057\u3063\u307d\u306e\u3000\u3051\u3092\u3000\u3055\u304b\u3060\u3066\u3066\u3000\u3066\u304d\u3092\u3000\u3044\u304b\u304f\u3059\u308b\u3002",
      "language": {
        "name": "ja-Hrkt",
        "url": "https://pokeapi.co/api/v2/language/1/"
      },
      "version": {
        "name": "alpha-sapphire",
        "url": "https://pokeapi.co/api/v2/version/26/"
      }
    },
    {
      "flavor_text": "\ubb34\uc5c7\uc774\ub4e0 \uba39\ub294 \uc7a1\uc2dd\uc131\uc778 \ud3ec\ucf13\ubaac\uc774\ub2e4.\n\ubab8\uc5d0 \ube44\ud574 \ud070 \uc774\ube68\uc774 \ud2b9\uc9d5\uc774\ub2e4.\n\uaf2c\ub9ac\uc758 \ud138\uc744 \uc138\uc6b0\uace0 \uc801\uc744 \uc704\ud611\ud55c\ub2e4.",
      "language": {
        "name": "ko",
        "url": "https://pokeapi.co/api/v2/language/3/"
      },
      "version": {
        "name": "alpha-sapphire",
        "url": "https://pokeapi.co/api/v2/version/26/"
      }
    },
    {
      "flavor_text": "Medhy\u00e8na est omnivore. Il mange de tout. Ses crocs sont\ntr\u00e8s gros, compar\u00e9s \u00e0 son corps. Ce Pok\u00e9mon essaie\nd\u2019intimider ses ennemis en h\u00e9rissant les poils de sa queue.",
      "language": {
        "name": "fr",
        "url": "https://pokeapi.co/api/v2/language/5/"
      },
      "version": {
        "name": "alpha-sapphire",
        "url": "https://pokeapi.co/api/v2/version/26/"
      }
    },
    {
      "flavor_text": "Fiffyen ist ein Allesfresser. Auff\u00e4llig an diesem Pok\u00e9mon\nist das Verh\u00e4ltnis seiner K\u00f6rpergr\u00f6\u00dfe zur L\u00e4nge seiner Z\u00e4hne.\nEs versucht Feinde einzusch\u00fcchtern, indem es die Haare\nan seinem Schweif abstehen l\u00e4sst.",
      "language": {
        "name": "de",
        "url": "https://pokeapi.co/api/v2/language/6/"
      },
      "version": {
        "name": "alpha-sapphire",
        "url": "https://pokeapi.co/api/v2/version/26/"
      }
    },
    {
      "flavor_text": "Poochyena es un Pok\u00e9mon omn\u00edvoro. Se come lo que sea.\nLe caracteriza el gran tama\u00f1o de sus colmillos respecto al\nresto del cuerpo. Este Pok\u00e9mon hace que se le erice la cola\npara intentar intimidar a su rival.",
      "language": {
        "name": "es",
        "url": "https://pokeapi.co/api/v2/language/7/"
      },
      "version": {
        "name": "alpha-sapphire",
        "url": "https://pokeapi.co/api/v2/version/26/"
      }
    },
    {
      "flavor_text": "Poochyena \u00e8 onnivoro: mangia di tutto. Una caratteristica\ndistintiva \u00e8 la dimensione delle zanne rispetto al corpo.\nCerca di intimidire i nemici rizzando il pelo della coda.",
      "language": {
        "name": "it",
        "url": "https://pokeapi.co/api/v2/language/8/"
      },
      "version": {
        "name": "alpha-sapphire",
        "url": "https://pokeapi.co/api/v2/version/26/"
      }
    },
    {
      "flavor_text": "Poochyena is an omnivore\u2014it will eat anything. A distinguishing\nfeature is how large its fangs are compared to its body. This\nPok\u00e9mon tries to intimidate its foes by making the hair on its\ntail bristle out.",
      "language": {
        "name": "en",
        "url": "https://pokeapi.co/api/v2/language/9/"
      },
      "version": {
        "name": "alpha-sapphire",
        "url": "https://pokeapi.co/api/v2/version/26/"
      }
    },
    {
      "flavor_text": "\u306a\u3093\u3067\u3082\u3000\u98df\u3079\u308b\u3000\u96d1\u98df\u6027\u306e\u3000\u30dd\u30b1\u30e2\u30f3\u3002\n\u4f53\u306b\u3000\u6bd4\u3079\u3000\u5927\u304d\u306a\u3000\u30ad\u30d0\u304c\u3000\u7279\u5fb4\u3002\n\u5c3b\u5c3e\u306e\u3000\u6bdb\u3092\u3000\u9006\u7acb\u3066\u3066\u3000\u6575\u3092\u3000\u5a01\u5687\u3059\u308b\u3002",
      "language": {
        "name": "ja",
        "url": "https://pokeapi.co/api/v2/language/11/"
      },
      "version": {
        "name": "alpha-sapphire",
        "url": "https://pokeapi.co/api/v2/version/26/"
      }
    }
  ],
  "form_descriptions": [],
  "forms_switchable": false,
  "gender_rate": 4,
  "genera": [
    {
      "genus": "\u304b\u307f\u3064\u304d\u30dd\u30b1\u30e2\u30f3",
      "language": {
        "name": "ja-Hrkt",
        "url": "https://pokeapi.co/api/v2/language/1/"
      }
    },
    {
      "genus": "\ubb3c\uc5b4\ub72f\uae30\ud3ec\ucf13\ubaac",
      "language": {
        "name": "ko",
        "url": "https://pokeapi.co/api/v2/language/3/"
      }
    },
    {
      "genus": "\u7dca\u54ac\u5bf6\u53ef\u5922",
      "language": {
        "name": "zh-Hant",
        "url": "https://pokeapi.co/api/v2/language/4/"
      }
    },
    {
      "genus": "Pok\u00e9mon Morsure",
      "language": {
        "name": "fr",
        "url": "https://pokeapi.co/api/v2/language/5/"
      }
    },
    {
      "genus": "Biss",
      "language": {
        "name": "de",
        "url": "https://pokeapi.co/api/v2/language/6/"
      }
    },
    {
      "genus": "Pok\u00e9mon Mordisco",
      "language": {
        "name": "es",
        "url": "https://pokeapi.co/api/v2/language/7/"
      }
    },
    {
      "genus": "Pok\u00e9mon Morso",
      "language": {
        "name": "it",
        "url": "https://pokeapi.co/api/v2/language/8/"
      }
    },
    {
      "genus": "Bite Pok\u00e9mon",
      "language": {
        "name": "en",
        "url": "https://pokeapi.co/api/v2/language/9/"
      }
    },
    {
      "genus": "\u304b\u307f\u3064\u304d\u30dd\u30b1\u30e2\u30f3",
      "language": {
        "name": "ja",
        "url": "https://pokeapi.co/api/v2/language/11/"
      }
    },
    {
      "genus": "\u7d27\u54ac\u5b9d\u53ef\u68a6",
      "language": {
        "name": "zh-Hans",
        "url": "https://pokeapi.co/api/v2/language/12/"
      }
    }
  ],
  "generation": {
    "name": "generation-iii",
    "url": "https://pokeapi.co/api/v2/generation/3/"
  },
  "growth_rate": {
    "name": "medium",
    "url": "https://pokeapi.co/api/v2/growth-rate/2/"
  },
  "habitat": {
    "name": "grassland",
    "url": "https://pokeapi.co/api/v2/pokemon-habitat/3/"
  },
  "has_gender_differences": false,
  "hatch_counter": 15,
  "id": 261,
  "is_baby": false,
  "is_legendary": false,
  "is_mythical": false,
  "name": "poochyena",
  "names": [
    {
      "language": {
        "name": "ja-Hrkt",
        "url": "https://pokeapi.co/api/v2/language/1/"
      },
      "name": "\u30dd\u30c1\u30a8\u30ca"
    },
    {
      "language": {
        "name": "roomaji",
        "url": "https://pokeapi.co/api/v2/language/2/"
      },
      "name": "Pochiena"
    },
    {
      "language": {
        "name": "ko",
        "url": "https://pokeapi.co/api/v2/language/3/"
      },
      "name": "\ud3ec\ucc60\ub098"
    },
    {
      "language": {
        "name": "zh-Hant",
        "url": "https://pokeapi.co/api/v2/language/4/"
      },
      "name": "\u571f\u72fc\u72ac"
    },
    {
      "language": {
        "name": "fr",
        "url": "https://pokeapi.co/api/v2/language/5/"
      },
      "name": "Medhy\u00e8na"
    },
    {
      "language": {
        "name": "de",
        "url": "https://pokeapi.co/api/v2/language/6/"
      },
      "name": "Fiffyen"
    },
    {
      "language": {
        "name": "es",
        "url": "https://pokeapi.co/api/v2/language/7/"
      },
      "name": "Poochyena"
    },
    {
      "language": {
        "name": "it",
        "url": "https://pokeapi.co/api/v2/language/8/"
      },
      "name": "Poochyena"
    },
    {
      "language": {
        "name": "en",
        "url": "https://pokeapi.co/api/v2/language/9/"
      },
      "name": "Poochyena"
    },
    {
      "language": {
        "name": "ja",
        "url": "https://pokeapi.co/api/v2/language/11/"
      },
      "name": "\u30dd\u30c1\u30a8\u30ca"
    },
    {
      "language": {
        "name": "zh-Hans",
        "url": "https://pokeapi.co/api/v2/language/12/"
      },
      "name": "\u571f\u72fc\u72ac"
    }
  ],
  "order": 286,
  "pal_park_encounters": [
    {
      "area": {
        "name": "field",
        "url": "https://pokeapi.co/api/v2/pal-park-area/2/"
      },
      "base_score": 30,
      "rate": 50
    }
  ],
  "pokedex_numbers": [
    {
      "entry_number": 261,
      "pokedex": {
        "name": "national",
        "url": "https://pokeapi.co/api/v2/pokedex/1/"
      }
    },
    {
      "entry_number": 10,
      "pokedex": {
        "name": "hoenn",
        "url": "https://pokeapi.co/api/v2/pokedex/4/"
      }
    },
    {
      "entry_number": 44,
      "pokedex": {
        "name": "kalos-mountain",
        "url": "https://pokeapi.co/api/v2/pokedex/14/"
      }
    },
    {
      "entry_number": 10,
      "pokedex": {
        "name": "updated-hoenn",
        "url": "https://pokeapi.co/api/v2/pokedex/15/"
      }
    },
    {
      "entry_number": 7,
      "pokedex": {
        "name": "kitakami",
        "url": "https://pokeapi.co/api/v2/pokedex/32/"
      }
    }
  ],
  "shape": {
    "name": "quadruped",
    "url": "https://pokeapi.co/api/v2/pokemon-shape/8/"
  },
  "varieties": [
    {
      "is_default": true,
      "pokemon": {
        "name": "poochyena",
        "url": "https://pokeapi.co/api/v2/pokemon/261/"
      }
    }
  ]
}