{"id": 937, "name": "ceruledge", "types": [{"slot": 1, "type": {"name": "fire", "url": "https://pokeapi.co/api/v2/type/10/"}}, {"slot": 2, "type": {"name": "ghost", "url": "https://pokeapi.co/api/v2/type/8/"}}], "stats": [{"base_stat": 75, "effort": 0, "stat": {"name": "hp", "url": "https://pokeapi.co/api/v2/stat/1/"}}, {"base_stat": 125, "effort": 2, "stat": {"name": "attack", "url": "https://pokeapi.co/api/v2/stat/2/"}}, {"base_stat": 80, "effort": 0, "stat": {"name": "defense", "url": "https://pokeapi.co/api/v2/stat/3/"}}, {"base_stat": 60, "effort": 0, "stat": {"name": "special-attack", "url": "https://pokeapi.co/api/v2/stat/4/"}}, {"base_stat": 100, "effort": 0, "stat": {"name": "special-defense", "url": "https://pokeapi.co/api/v2/stat/5/"}}, {"base_stat": 85, "effort": 0, "stat": {"name": "speed", "url": "https://pokeapi.co/api/v2/stat/6/"}}], "abilities": [{"ability": {"name": "flash-fire", "url": "https://pokeapi.co/api/v2/ability/18/"}, "is_hidden": false, "slot": 1}, {"ability": {"name": "weak-armor", "url": "https://pokeapi.co/api/v2/ability/133/"}, "is_hidden": true, "slot": 3}], "sprites": {"front_default": "https://raw.githubusercontent.com/PokeAPI/sprites/master/sprites/pokemon/937.png"}, "moves": [{"move": {"name": "swords-dance"}, "earliest_level": 37}, {"move": {"name": "take-down"}, "earliest_level": null}, {"move": {"name": "leer"}, "earliest_level": 1}, {"move": {"name": "ember"}, "earliest_level": 1}, {"move": {"name": "flamethrower"}, "earliest_level": null}, {"move": {"name": "fire-spin"}, "earliest_level": 12}, {"move": {"name": "night-shade"}, "earliest_level": 20}, {"move": {"name": "confuse-ray"}, "earliest_level": null}, {"move": {"name": "light-screen"}, "earliest_level": null}, {"move": {"name": "reflect"}, "earliest_level": null}, {"move": {"name": "fire-blast"}, "earliest_level": null}, {"move": {"name": "rest"}, "earliest_level": null}, {"move": {"name": "substitute"}, "earliest_level": null}, {"move": {"name": "curse"}, "earliest_level": null}, {"move": {"name": "spite"}, "earliest_level": null}, {"move": {"name": "protect"}, "earliest_level": null}, {"move": {"name": "endure"}, "earliest_level": null}, {"move": {"name": "false-swipe"}, "earliest_level": null}, {"move": {"name": "sleep-talk"}, "earliest_level": null}, {"move": {"name": "sunny-day"}, "earliest_level": null}, {"move": {"name": "psych-up"}, "earliest_level": null}, {"move": {"name": "shadow-ball"}, "earliest_level": null}, {"move": {"name": "heat-wave"}, "earliest_level": null}, {"move": {"name": "will-o-wisp"}, "earliest_level": 16}, {"move": {"name": "facade"}, "earliest_level": null}, {"move": {"name": "taunt"}, "earliest_level": null}, {"move": {"name": "helping-hand"}, "earliest_level": null}, {"move": {"name": "brick-break"}, "earliest_level": null}, {"move": {"name": "astonish"}, "earliest_level": 1}, {"move": {"name": "overheat"}, "earliest_level": null}, {"move": {"name": "iron-defense"}, "earliest_level": null}, {"move": {"name": "dragon-claw"}, "earliest_level": null}, {"move": {"name": "bulk-up"}, "earliest_level": null}, {"move": {"name": "close-combat"}, "earliest_level": null}, {"move": {"name": "fling"}, "earliest_level": null}, {"move": {"name": "flare-blitz"}, "earliest_level": 62}, {"move": {"name": "poison-jab"}, "earliest_level": null}, {"move": {"name": "night-slash"}, "earliest_level": null}, {"move": {"name": "x-scissor"}, "earliest_level": null}, {"move": {"name": "vacuum-wave"}, "earliest_level": null}, {"move": {"name": "shadow-claw"}, "earliest_level": null}, {"move": {"name": "shadow-sneak"}, "earliest_level": null}, {"move": {"name": "psycho-cut"}, "earliest_level": 56}, {"move": {"name": "lava-plume"}, "earliest_level": 32}, {"move": {"name": "iron-head"}, "earliest_level": null}, {"move": {"name": "flame-charge"}, "earliest_level": 24}, {"move": {"name": "clear-smog"}, "earliest_level": 8}, {"move": {"name": "stored-power"}, "earliest_level": null}, {"move": {"name": "quick-guard"}, "earliest_level": null}, {"move": {"name": "ally-switch"}, "earliest_level": 42}, {"move": {"name": "hex"}, "earliest_level": null}, {"move": {"name": "incinerate"}, "earliest_level": 28}, {"move": {"name": "phantom-force"}, "earliest_level": null}, {"move": {"name": "solar-blade"}, "earliest_level": null}, {"move": {"name": "throat-chop"}, "earliest_level": null}, {"move": {"name": "poltergeist"}, "earliest_level": null}, {"move": {"name": "tera-blast"}, "earliest_level": null}, {"move": {"name": "bitter-blade"}, "earliest_level": 48}], "species": {"url": "https://pokeapi.co/api/v2/pokemon-species/937/"}, "height": 16, "weight": 620}