{"id": 10153, "name": "araquanid-totem", "types": [{"slot": 1, "type": {"name": "water", "url": "https://pokeapi.co/api/v2/type/11/"}}, {"slot": 2, "type": {"name": "bug", "url": "https://pokeapi.co/api/v2/type/7/"}}], "stats": [{"base_stat": 68, "effort": 0, "stat": {"name": "hp", "url": "https://pokeapi.co/api/v2/stat/1/"}}, {"base_stat": 70, "effort": 0, "stat": {"name": "attack", "url": "https://pokeapi.co/api/v2/stat/2/"}}, {"base_stat": 92, "effort": 0, "stat": {"name": "defense", "url": "https://pokeapi.co/api/v2/stat/3/"}}, {"base_stat": 50, "effort": 0, "stat": {"name": "special-attack", "url": "https://pokeapi.co/api/v2/stat/4/"}}, {"base_stat": 132, "effort": 2, "stat": {"name": "special-defense", "url": "https://pokeapi.co/api/v2/stat/5/"}}, {"base_stat": 42, "effort": 0, "stat": {"name": "speed", "url": "https://pokeapi.co/api/v2/stat/6/"}}], "abilities": [{"ability": {"name": "water-bubble", "url": "https://pokeapi.co/api/v2/ability/199/"}, "is_hidden": false, "slot": 1}, {"ability": {"name": "water-absorb", "url": "https://pokeapi.co/api/v2/ability/11/"}, "is_hidden": true, "slot": 3}], "sprites": {}, "moves": [{"move": {"name": "bite"}, "earliest_level": 21}, {"move": {"name": "surf"}, "earliest_level": null}, {"move": {"name": "ice-beam"}, "earliest_level": null}, {"move": {"name": "blizzard"}, "earliest_level": null}, {"move": {"name": "bubble-beam"}, "earliest_level": 16}, {"move": {"name": "toxic"}, "earliest_level": null}, {"move": {"name": "double-team"}, "earliest_level": null}, {"move": {"name": "reflect"}, "earliest_level": null}, {"move": {"name": "waterfall"}, "earliest_level": null}, {"move": {"name": "leech-life"}, "earliest_level": 33}, {"move": {"name": "bubble"}, "earliest_level": 1}, {"move": {"name": "rest"}, "earliest_level": null}, {"move": {"name": "substitute"}, "earliest_level": null}, {"move": {"name": "spider-web"}, "earliest_level": 1}, {"move": {"name": "snore"}, "earliest_level": null}, {"move": {"name": "protect"}, "earliest_level": null}, {"move": {"name": "icy-wind"}, "earliest_level": null}, {"move": {"name": "giga-drain"}, "earliest_level": null}, {"move": {"name": "swagger"}, "earliest_level": null}, {"move": {"name": "attract"}, "earliest_level": null}, {"move": {"name": "sleep-talk"}, "earliest_level": null}, {"move": {"name": "return"}, "earliest_level": null}, {"move": {"name": "frustration"}, "earliest_level": null}, {"move": {"name": "safeguard"}, "earliest_level": null}, {"move": {"name": "hidden-power"}, "earliest_level": null}, {"move": {"name": "rain-dance"}, "earliest_level": null}, {"move": {"name": "crunch"}, "earliest_level": 38}, {"move": {"name": "mirror-coat"}, "earliest_level": 50}, {"move": {"name": "facade"}, "earliest_level": null}, {"move": {"name": "magic-coat"}, "earliest_level": null}, {"move": {"name": "signal-beam"}, "earliest_level": null}, {"move": {"name": "iron-defense"}, "earliest_level": null}, {"move": {"name": "water-pulse"}, "earliest_level": null}, {"move": {"name": "aqua-ring"}, "earliest_level": 26}, {"move": {"name": "poison-jab"}, "earliest_level": null}, {"move": {"name": "x-scissor"}, "earliest_level": null}, {"move": {"name": "bug-bite"}, "earliest_level": 1}, {"move": {"name": "wide-guard"}, "earliest_level": 1}, {"move": {"name": "wonder-room"}, "earliest_level": null}, {"move": {"name": "magic-room"}, "earliest_level": null}, {"move": {"name": "soak"}, "earliest_level": 1}, {"move": {"name": "entrainment"}, "earliest_level": 62}, {"move": {"name": "round"}, "earliest_level": null}, {"move": {"name": "scald"}, "earliest_level": null}, {"move": {"name": "frost-breath"}, "earliest_level": null}, {"move": {"name": "confide"}, "earliest_level": null}, {"move": {"name": "infestation"}, "earliest_level": 1}, {"move": {"name": "laser-focus"}, "earliest_level": null}, {"move": {"name": "lunge"}, "earliest_level": 45}, {"move": {"name": "liquidation"}, "earliest_level": 57}], "species": {"url": "https://pokeapi.co/api/v2/pokemon-species/752/"}, "height": 31, "weight": 2175}