{"id": 779, "name": "bruxish", "types": [{"slot": 1, "type": {"name": "water", "url": "https://pokeapi.co/api/v2/type/11/"}}, {"slot": 2, "type": {"name": "psychic", "url": "https://pokeapi.co/api/v2/type/14/"}}], "stats": [{"base_stat": 68, "effort": 0, "stat": {"name": "hp", "url": "https://pokeapi.co/api/v2/stat/1/"}}, {"base_stat": 105, "effort": 2, "stat": {"name": "attack", "url": "https://pokeapi.co/api/v2/stat/2/"}}, {"base_stat": 70, "effort": 0, "stat": {"name": "defense", "url": "https://pokeapi.co/api/v2/stat/3/"}}, {"base_stat": 70, "effort": 0, "stat": {"name": "special-attack", "url": "https://pokeapi.co/api/v2/stat/4/"}}, {"base_stat": 70, "effort": 0, "stat": {"name": "special-defense", "url": "https://pokeapi.co/api/v2/stat/5/"}}, {"base_stat": 92, "effort": 0, "stat": {"name": "speed", "url": "https://pokeapi.co/api/v2/stat/6/"}}], "abilities": [{"ability": {"name": "dazzling", "url": "https://pokeapi.co/api/v2/ability/219/"}, "is_hidden": false, "slot": 1}, {"ability": {"name": "strong-jaw", "url": "https://pokeapi.co/api/v2/ability/173/"}, "is_hidden": false, "slot": 2}, {"ability": {"name": "wonder-skin", "url": "https://pokeapi.co/api/v2/ability/147/"}, "is_hidden": true, "slot": 3}], "sprites": {"front_default": "https://raw.githubusercontent.com/PokeAPI/sprites/master/sprites/pokemon/779.png"}, "moves": [{"move": {"name": "swords-dance"}, "earliest_level": null}, {"move": {"name": "take-down"}, "earliest_level": null}, {"move": {"name": "bite"}, "earliest_level": 12}, {"move": {"name": "disable"}, "earliest_level": 20}, {"move": {"name": "water-gun"}, "earliest_level": 1}, {"move": {"name": "hydro-pump"}, "earliest_level": null}, {"move": {"name": "surf"}, "earliest_level": null}, {"move": {"name": "ice-beam"}, "earliest_level": null}, {"move": {"name": "blizzard"}, "earliest_level": null}, {"move": {"name": "hyper-beam"}, "earliest_level": null}, {"move": {"name": "toxic"}, "earliest_level": null}, {"move": {"name": "confusion"}, "earliest_level": 9}, {"move": {"name": "psychic"}, "earliest_level": null}, {"move": {"name": "agility"}, "earliest_level": null}, {"move": {"name": "rage"}, "earliest_level": null}, {"move": {"name": "screech"}, "earliest_level": 36}, {"move": {"name": "double-team"}, "earliest_level": null}, {"move": {"name": "light-screen"}, "earliest_level": null}, {"move": {"name": "reflect"}, "earliest_level": null}, {"move": {"name": "waterfall"}, "earliest_level": null}, {"move": {"name": "dream-eater"}, "earliest_level": null}, {"move": {"name": "psywave"}, "earliest_level": 25}, {"move": {"name": "rest"}, "earliest_level": null}, {"move": {"name": "super-fang"}, "earliest_level": null}, {"move": {"name": "substitute"}, "earliest_level": null}, {"move": {"name": "snore"}, "earliest_level": null}, {"move": {"name": "protect"}, "earliest_level": null}, {"move": {"name": "scary-face"}, "earliest_level": null}, {"move": {"name": "icy-wind"}, "earliest_level": null}, {"move": {"name": "endure"}, "earliest_level": null}, {"move": {"name": "swagger"}, "earliest_level": null}, {"move": {"name": "attract"}, "earliest_level": null}, {"move": {"name": "sleep-talk"}, "earliest_level": null}, {"move": {"name": "return"}, "earliest_level": null}, {"move": {"name": "frustration"}, "earliest_level": null}, {"move": {"name": "safeguard"}, "earliest_level": null}, {"move": {"name": "pain-split"}, "earliest_level": null}, {"move": {"name": "iron-tail"}, "earliest_level": null}, {"move": {"name": "hidden-power"}, "earliest_level": null}, {"move": {"name": "rain-dance"}, "earliest_level": null}, {"move": {"name": "crunch"}, "earliest_level": 28}, {"move": {"name": "whirlpool"}, "earliest_level": null}, {"move": {"name": "uproar"}, "earliest_level": null}, {"move": {"name": "torment"}, "earliest_level": null}, {"move": {"name": "facade"}, "earliest_level": null}, {"move": {"name": "taunt"}, "earliest_level": null}, {"move": {"name": "magic-coat"}, "earliest_level": null}, {"move": {"name": "snatch"}, "earliest_level": null}, {"move": {"name": "poison-fang"}, "earliest_level": null}, {"move": {"name": "astonish"}, "earliest_level": 4}, {"move": {"name": "signal-beam"}, "earliest_level": null}, {"move": {"name": "aerial-ace"}, "earliest_level": null}, {"move": {"name": "bulk-up"}, "earliest_level": null}, {"move": {"name": "calm-mind"}, "earliest_level": null}, {"move": {"name": "water-pulse"}, "earliest_level": null}, {"move": {"name": "payback"}, "earliest_level": null}, {"move": {"name": "embargo"}, "earliest_level": null}, {"move": {"name": "fling"}, "earliest_level": null}, {"move": {"name": "aqua-tail"}, "earliest_level": 33}, {"move": {"name": "giga-impact"}, "earliest_level": null}, {"move": {"name": "ice-fang"}, "earliest_level": null}, {"move": {"name": "trick-room"}, "earliest_level": null}, {"move": {"name": "aqua-jet"}, "earliest_level": 17}, {"move": {"name": "wonder-room"}, "earliest_level": null}, {"move": {"name": "psyshock"}, "earliest_level": 25}, {"move": {"name": "venoshock"}, "earliest_level": null}, {"move": {"name": "telekinesis"}, "earliest_level": null}, {"move": {"name": "magic-room"}, "earliest_level": null}, {"move": {"name": "synchronoise"}, "earliest_level": 44}, {"move": {"name": "after-you"}, "earliest_level": null}, {"move": {"name": "round"}, "earliest_level": null}, {"move": {"name": "ally-switch"}, "earliest_level": null}, {"move": {"name": "scald"}, "earliest_level": null}, {"move": {"name": "frost-breath"}, "earliest_level": null}, {"move": {"name": "confide"}, "earliest_level": null}, {"move": {"name": "psychic-terrain"}, "earliest_level": null}, {"move": {"name": "psychic-fangs"}, "earliest_level": 41}, {"move": {"name": "liquidation"}, "earliest_level": null}, {"move": {"name": "expanding-force"}, "earliest_level": null}, {"move": {"name": "flip-turn"}, "earliest_level": null}, {"move": {"name": "wave-crash"}, "earliest_level": 44}, {"move": {"name": "tera-blast"}, "earliest_level": null}, {"move": {"name": "chilling-water"}, "earliest_level": null}, {"move": {"name": "psychic-noise"}, "earliest_level": null}], "species": {"url": "https://pokeapi.co/api/v2/pokemon-species/779/"}, "height": 9, "weight": 190}