{"id": 87, "name": "dewgong", "types": [{"slot": 1, "type": {"name": "water", "url": "https://pokeapi.co/api/v2/type/11/"}}, {"slot": 2, "type": {"name": "ice", "url": "https://pokeapi.co/api/v2/type/15/"}}], "stats": [{"base_stat": 90, "effort": 0, "stat": {"name": "hp", "url": "https://pokeapi.co/api/v2/stat/1/"}}, {"base_stat": 70, "effort": 0, "stat": {"name": "attack", "url": "https://pokeapi.co/api/v2/stat/2/"}}, {"base_stat": 80, "effort": 0, "stat": {"name": "defense", "url": "https://pokeapi.co/api/v2/stat/3/"}}, {"base_stat": 70, "effort": 0, "stat": {"name": "special-attack", "url": "https://pokeapi.co/api/v2/stat/4/"}}, {"base_stat": 95, "effort": 2, "stat": {"name": "special-defense", "url": "https://pokeapi.co/api/v2/stat/5/"}}, {"base_stat": 70, "effort": 0, "stat": {"name": "speed", "url": "https://pokeapi.co/api/v2/stat/6/"}}], "abilities": [{"ability": {"name": "thick-fat", "url": "https://pokeapi.co/api/v2/ability/47/"}, "is_hidden": false, "slot": 1}, {"ability": {"name": "hydration", "url": "https://pokeapi.co/api/v2/ability/93/"}, "is_hidden": false, "slot": 2}, {"ability": {"name": "ice-body", "url": "https://pokeapi.co/api/v2/ability/115/"}, "is_hidden": true, "slot": 3}], "sprites": {"front_default": "https://raw.githubusercontent.com/PokeAPI/sprites/master/sprites/pokemon/87.png"}, "moves": [{"move": {"name": "pay-day"}, "earliest_level": null}, {"move": {"name": "headbutt"}, "earliest_level": 1}, {"move": {"name": "horn-drill"}, "earliest_level": 1}, {"move": {"name": "body-slam"}, "earliest_level": null}, {"move": {"name": "take-down"}, "earliest_level": 32}, {"move": {"name": "double-edge"}, "earliest_level": 62}, {"move": {"name": "growl"}, "earliest_level": 1}, {"move": {"name": "disable"}, "earliest_level": null}, {"move": {"name": "water-gun"}, "earliest_level": 1}, {"move": {"name": "hydro-pump"}, "earliest_level": null}, {"move": {"name": "surf"}, "earliest_level": null}, {"move": {"name": "ice-beam"}, "earliest_level": 43}, {"move": {"name": "blizzard"}, "earliest_level": null}, {"move": {"name": "bubble-beam"}, "earliest_level": 1}, {"move": {"name": "aurora-beam"}, "earliest_level": 1}, {"move": {"name": "hyper-beam"}, "earliest_level": null}, {"move": {"name": "strength"}, "earliest_level": null}, {"move": {"name": "toxic"}, "earliest_level": null}, {"move": {"name": "rage"}, "earliest_level": null}, {"move": {"name": "mimic"}, "earliest_level": null}, {"move": {"name": "double-team"}, "earliest_level": null}, {"move": {"name": "haze"}, "earliest_level": null}, {"move": {"name": "bide"}, "earliest_level": null}, {"move": {"name": "lick"}, "earliest_level": null}, {"move": {"name": "waterfall"}, "earliest_level": 32}, {"move": {"name": "skull-bash"}, "earliest_level": null}, {"move": {"name": "rest"}, "earliest_level": 20}, {"move": {"name": "substitute"}, "earliest_level": null}, {"move": {"name": "thief"}, "earliest_level": null}, {"move": {"name": "snore"}, "earliest_level": null}, {"move": {"name": "curse"}, "earliest_level": null}, {"move": {"name": "protect"}, "earliest_level": null}, {"move": {"name": "perish-song"}, "earliest_level": null}, {"move": {"name": "icy-wind"}, "earliest_level": 1}, {"move": {"name": "endure"}, "earliest_level": null}, {"move": {"name": "charm"}, "earliest_level": null}, {"move": {"name": "swagger"}, "earliest_level": null}, {"move": {"name": "attract"}, "earliest_level": null}, {"move": {"name": "sleep-talk"}, "earliest_level": null}, {"move": {"name": "return"}, "earliest_level": null}, {"move": {"name": "frustration"}, "earliest_level": null}, {"move": {"name": "safeguard"}, "earliest_level": 51}, {"move": {"name": "megahorn"}, "earliest_level": null}, {"move": {"name": "encore"}, "earliest_level": 1}, {"move": {"name": "iron-tail"}, "earliest_level": null}, {"move": {"name": "hidden-power"}, "earliest_level": null}, {"move": {"name": "rain-dance"}, "earliest_level": null}, {"move": {"name": "whirlpool"}, "earliest_level": null}, {"move": {"name": "fake-out"}, "earliest_level": 1}, {"move": {"name": "uproar"}, "earliest_level": null}, {"move": {"name": "stockpile"}, "earliest_level": null}, {"move": {"name": "spit-up"}, "earliest_level": null}, {"move": {"name": "swallow"}, "earliest_level": null}, {"move": {"name": "hail"}, "earliest_level": 65}, {"move": {"name": "facade"}, "earliest_level": null}, {"move": {"name": "helping-hand"}, "earliest_level": null}, {"move": {"name": "knock-off"}, "earliest_level": null}, {"move": {"name": "endeavor"}, "earliest_level": null}, {"move": {"name": "secret-power"}, "earliest_level": null}, {"move": {"name": "dive"}, "earliest_level": 41}, {"move": {"name": "weather-ball"}, "earliest_level": null}, {"move": {"name": "signal-beam"}, "earliest_level": 1}, {"move": {"name": "sheer-cold"}, "earliest_level": 1}, {"move": {"name": "muddy-water"}, "earliest_level": null}, {"move": {"name": "icicle-spear"}, "earliest_level": null}, {"move": {"name": "water-pulse"}, "earliest_level": null}, {"move": {"name": "brine"}, "earliest_level": 33}, {"move": {"name": "natural-gift"}, "earliest_level": null}, {"move": {"name": "fling"}, "earliest_level": null}, {"move": {"name": "aqua-ring"}, "earliest_level": 23}, {"move": {"name": "aqua-tail"}, "earliest_level": 43}, {"move": {"name": "giga-impact"}, "earliest_level": null}, {"move": {"name": "avalanche"}, "earliest_level": null}, {"move": {"name": "ice-shard"}, "earliest_level": 15}, {"move": {"name": "captivate"}, "earliest_level": null}, {"move": {"name": "aqua-jet"}, "earliest_level": 1}, {"move": {"name": "entrainment"}, "earliest_level": null}, {"move": {"name": "round"}, "earliest_level": null}, {"move": {"name": "echoed-voice"}, "earliest_level": null}, {"move": {"name": "frost-breath"}, "earliest_level": null}, {"move": {"name": "drill-run"}, "earliest_level": null}, {"move": {"name": "belch"}, "earliest_level": null}, {"move": {"name": "play-rough"}, "earliest_level": null}, {"move": {"name": "confide"}, "earliest_level": null}, {"move": {"name": "smart-strike"}, "earliest_level": null}, {"move": {"name": "liquidation"}, "earliest_level": null}, {"move": {"name": "flip-turn"}, "earliest_level": null}, {"move": {"name": "triple-axel"}, "earliest_level": null}, {"move": {"name": "tera-blast"}, "earliest_level": null}, {"move": {"name": "ice-spinner"}, "earliest_level": null}, {"move": {"name": "snowscape"}, "earliest_level": 65}, {"move": {"name": "chilling-water"}, "earliest_level": null}, {"move": {"name": "alluring-voice"}, "earliest_level": null}], "species": {"url": "https://pokeapi.co/api/v2/pokemon-species/87/"}, "height": 17, "weight": 1200}