{
  "base_happiness": 70,
  "capture_rate": 45,
  "color": {
    "name": "red",
    "url": "https://pokeapi.co/api/v2/pokemon-color/8/"
  },
  "egg_groups": [
    {
      "name": "humanshape",
      "url": "https://pokeapi.co/api/v2/egg-group/8/"
    }
  ],
  "evolution_chain": {
    "url": "https://pokeapi.co/api/v2/evolution-chain/274/"
  },
  "evolves_from_species": null,
  "flavor_text_entries": [
    {
      "flavor_text": "Quand il noue sa ceinture, il devient\nplus puissant. Les Judokrak sauvages\ntressent leur ceinture avec des lianes.",
      "language": {
        "name": "fr",
        "url": "https://pokeapi.co/api/v2/language/5/"
      },
      "version": {
        "name": "black",
        "url": "https://pokeapi.co/api/v2/version/17/"
      }
    },
    {
      "flavor_text": "When it tightens its belt, it becomes\nstronger. Wild Throh use vines to weave\ntheir own belts.",
      "language": {
        "name": "en",
        "url": "https://pokeapi.co/api/v2/language/9/"
      },
      "version": {
        "name": "black",
        "url": "https://pokeapi.co/api/v2/version/17/"
      }
    },
    {
      "flavor_text": "Ils aiment projeter ceux qui sont plus\ngrands qu\u2019eux. On les trouve toujours\npar groupes de cinq.",
      "language": {
        "name": "fr",
        "url": "https://pokeapi.co/api/v2/language/5/"
      },
      "version": {
        "name": "white",
        "url": "https://pokeapi.co/api/v2/version/18/"
      }
    },
    {
      "flavor_text": "When they encounter foes bigger than\nthemselves, they try to throw them.\nThey always travel in packs of five.",
      "language": {
        "name": "en",
        "url": "https://pokeapi.co/api/v2/language/9/"
      },
      "version": {
        "name": "white",
        "url": "https://pokeapi.co/api/v2/version/18/"
      }
    },
    {
      "flavor_text": "When it encounters a foe bigger than\nitself, it wants to throw it.\nIt changes belts as it gets stronger.",
      "language": {
        "name": "en",
        "url": "https://pokeapi.co/api/v2/language/9/"
      },
      "version": {
        "name": "black-2",
        "url": "https://pokeapi.co/api/v2/version/21/"
      }
    },
    {
      "flavor_text": "When it encounters a foe bigger than\nitself, it wants to throw it.\nIt changes belts as it gets stronger.",
      "language": {
        "name": "en",
        "url": "https://pokeapi.co/api/v2/language/9/"
      },
      "version": {
        "name": "white-2",
        "url": "https://pokeapi.co/api/v2/version/22/"
      }
    },
    {
      "flavor_text": "\u304a\u3073\u3092\u3000\u3057\u3081\u308b\u3068\u3000\u30d1\u30ef\u30fc\u30a2\u30c3\u30d7\u3059\u308b\u3002\n\u3084\u305b\u3044\u306e\u3000\u30ca\u30b2\u30ad\u306f\u3000\u3064\u308b\u304f\u3055\u3092\n\u3042\u3093\u3067\u3000\u3058\u3076\u3093\u306e\u3000\u304a\u3073\u3092\u3000\u3064\u304f\u308b\u3002",
      "language": {
        "name": "ja-Hrkt",
        "url": "https://pokeapi.co/api/v2/language/1/"
      },
      "version": {
        "name": "x",
        "url": "https://pokeapi.co/api/v2/version/23/"
      }
    },
    {
      "flavor_text": "\ub048\uc744 \ub9e4\uba74 \ud30c\uc6cc\uac00 \uc62c\ub77c\uac04\ub2e4.\n\uc57c\uc0dd \ub358\uc9c0\ubbf8\ub294 \ub369\uad74\ud480\uc744 \uc5ee\uc5b4\n\uc790\uc2e0\uc758 \ub760\ub97c \ub9cc\ub4e0\ub2e4.",
      "language": {
        "name": "ko",
        "url": "https://pokeapi.co/api/v2/language/3/"
      },
      "version": {
        "name": "x",
        "url": "https://pokeapi.co/api/v2/version/23/"
      }
    },
    {
      "flavor_text": "Quand il noue sa ceinture, il devient plus puissant.\nLes Judokrak sauvages tressent leur ceinture avec\ndes lianes.",
      "language": {
        "name": "fr",
        "url": "https://pokeapi.co/api/v2/language/5/"
      },
      "version": {
        "name": "x",
        "url": "https://pokeapi.co/api/v2/version/23/"
      }
    },
    {
      "flavor_text": "Zurrt es seinen G\u00fcrtel fest, gewinnt es an Kraft.\nWilde Exemplare flechten sich ihren G\u00fcrtel\nin Handarbeit aus Ranken.",
      "language": {
        "name": "de",
        "url": "https://pokeapi.co/api/v2/language/6/"
      },
      "version": {
        "name": "x",
        "url": "https://pokeapi.co/api/v2/version/23/"
      }
    },
    {
      "flavor_text": "Aumenta su potencia si se aprieta el cintur\u00f3n. Un\nThroh salvaje teje su propio cintur\u00f3n usando lianas.",
      "language": {
        "name": "es",
        "url": "https://pokeapi.co/api/v2/language/7/"
      },
      "version": {
        "name": "x",
        "url": "https://pokeapi.co/api/v2/version/23/"
      }
    },
    {
      "flavor_text": "La cintura da karate lo rende pi\u00f9 forte. I Throh\nselvatici si costruiscono le cinture usando piante\nrampicanti.",
      "language": {
        "name": "it",
        "url": "https://pokeapi.co/api/v2/language/8/"
      },
      "version": {
        "name": "x",
        "url": "https://pokeapi.co/api/v2/version/23/"
      }
    },
    {
      "flavor_text": "When it tightens its belt, it becomes stronger. Wild\nThroh use vines to weave their own belts.",
      "language": {
        "name": "en",
        "url": "https://pokeapi.co/api/v2/language/9/"
      },
      "version": {
        "name": "x",
        "url": "https://pokeapi.co/api/v2/version/23/"
      }
    },
    {
      "flavor_text": "\u5e2f\u3092\u3000\u7de0\u3081\u308b\u3068\u3000\u30d1\u30ef\u30fc\u30a2\u30c3\u30d7\u3059\u308b\u3002\n\u91ce\u751f\u306e\u3000\u30ca\u30b2\u30ad\u306f\u3000\u3064\u308b\u8349\u3092\u3000\u7de8\u3093\u3067\n\u81ea\u5206\u306e\u3000\u5e2f\u3092\u3000\u4f5c\u308b\u3002",
      "language": {
        "name": "ja",
        "url": "https://pokeapi.co/api/v2/language/11/"
      },
      "version": {
        "name": "x",
        "url": "https://pokeapi.co/api/v2/version/23/"
      }
    },
    {
      "flavor_text": "\u3058\u3076\u3093\u3088\u308a\u3000\u304a\u304a\u304d\u306a\u3000\u3042\u3044\u3066\u3068\n\u3067\u3042\u3046\u3068\u3000\u3080\u3057\u3087\u3046\u306b\u3000\u306a\u3052\u305f\u304f\u306a\u308b\u3002\n\u3064\u3088\u304f\u306a\u308b\u3068\u3000\u304a\u3073\u3092\u3000\u3068\u308a\u304b\u3048\u308b\u3002",
      "language": {
        "name": "ja-Hrkt",
        "url": "https://pokeapi.co/api/v2/language/1/"
      },
      "version": {
        "name": "y",
        "url": "https://pokeapi.co/api/v2/version/24/"
      }
    },
    {
      "flavor_text": "\uc790\uc2e0\ubcf4\ub2e4 \ud070 \uc0c1\ub300\uc640 \ub9cc\ub098\uba74\n\uc774\uc720 \uc5c6\uc774 \ub0b4\ub358\uc9c0\uace0 \uc2f6\uc5b4 \ud55c\ub2e4.\n\uac15\ud574\uc9c0\uba74 \ub760\ub97c \ubc14\uafbc\ub2e4.",
      "language": {
        "name": "ko",
        "url": "https://pokeapi.co/api/v2/language/3/"
      },
      "version": {
        "name": "y",
        "url": "https://pokeapi.co/api/v2/version/24/"
      }
    },
    {
      "flavor_text": "Ils aiment projeter ceux qui sont plus grands qu\u2019eux.\nIls changent de ceinture quand ils progressent.",
      "language": {
        "name": "fr",
        "url": "https://pokeapi.co/api/v2/language/5/"
      },
      "version": {
        "name": "y",
        "url": "https://pokeapi.co/api/v2/version/24/"
      }
    },
    {
      "flavor_text": "Trifft es jemanden, der gr\u00f6\u00dfer ist als es selbst,\nwill es ihn unbedingt werfen. Wird es st\u00e4rker,\nwechselt es den G\u00fcrtel.",
      "language": {
        "name": "de",
        "url": "https://pokeapi.co/api/v2/language/6/"
      },
      "version": {
        "name": "y",
        "url": "https://pokeapi.co/api/v2/version/24/"
      }
    },
    {
      "flavor_text": "Si se topa con un rival m\u00e1s fuerte, ans\u00eda lanzarlo por\nlos aires. Al hacerse m\u00e1s fuerte, cambia su cintur\u00f3n.",
      "language": {
        "name": "es",
        "url": "https://pokeapi.co/api/v2/language/7/"
      },
      "version": {
        "name": "y",
        "url": "https://pokeapi.co/api/v2/version/24/"
      }
    },
    {
      "flavor_text": "Quando incontra un avversario pi\u00f9 grande di lui, lo\nassale l\u2019istinto di lanciarlo via. Cambia cintura quando\ndiventa pi\u00f9 forte.",
      "language": {
        "name": "it",
        "url": "https://pokeapi.co/api/v2/language/8/"
      },
      "version": {
        "name": "y",
        "url": "https://pokeapi.co/api/v2/version/24/"
      }
    },
    {
      "flavor_text": "When it encounters a foe bigger than itself, it wants\nto throw it. It changes belts as it gets stronger.",
      "language": {
        "name": "en",
        "url": "https://pokeapi.co/api/v2/language/9/"
      },
      "version": {
        "name": "y",
        "url": "https://pokeapi.co/api/v2/version/24/"
      }
    },
    {
      "flavor_text": "\u81ea\u5206\u3088\u308a\u3000\u5927\u304d\u306a\u3000\u76f8\u624b\u3068\n\u51fa\u4f1a\u3046\u3068\u3000\u7121\u6027\u306b\u3000\u6295\u3052\u305f\u304f\u306a\u308b\u3002\n\u5f37\u304f\u306a\u308b\u3068\u3000\u5e2f\u3092\u3000\u53d6\u308a\u66ff\u3048\u308b\u3002",
      "language": {
        "name": "ja",
        "url": "https://pokeapi.co/api/v2/language/11/"
      },
      "version": {
        "name": "y",
        "url": "https://pokeapi.co/api/v2/version/24/"
      }
    },
    {
      "flavor_text": "\u304a\u3073\u3092\u3000\u3057\u3081\u308b\u3068\u3000\u30d1\u30ef\u30fc\u30a2\u30c3\u30d7\u3059\u308b\u3002\n\u3084\u305b\u3044\u306e\u3000\u30ca\u30b2\u30ad\u306f\u3000\u3064\u308b\u304f\u3055\u3092\n\u3042\u3093\u3067\u3000\u3058\u3076\u3093\u306e\u3000\u304a\u3073\u3092\u3000\u3064\u304f\u308b\u3002",
      "language": {
        "name": "ja-Hrkt",
        "url": "https://pokeapi.co/api/v2/language/1/"
      },
      "version": {
        "name": "omega-ruby",
        "url": "https://pokeapi.co/api/v2/version/25/"
      }
    },
    {
      "flavor_text": "\ub760\ub97c \ub9e4\uba74 \ud30c\uc6cc\uac00 \uc62c\ub77c\uac04\ub2e4.\n\uc57c\uc0dd \ub358\uc9c0\ubbf8\ub294 \ub369\uad74\ud480\uc744 \uc5ee\uc5b4\n\uc790\uc2e0\uc758 \ub760\ub97c \ub9cc\ub4e0\ub2e4.",
      "language": {
        "name": "ko",
        "url": "https://pokeapi.co/api/v2/language/3/"
      },
      "version": {
        "name": "omega-ruby",
        "url": "https://pokeapi.co/api/v2/version/25/"
      }
    },
    {
      "flavor_text": "Quand il noue sa ceinture, il devient plus puissant.\nLes Judokrak sauvages tressent leur ceinture avec des lianes.",
      "language": {
        "name": "fr",
        "url": "https://pokeapi.co/api/v2/language/5/"
      },
      "version": {
        "name": "omega-ruby",
        "url": "https://pokeapi.co/api/v2/version/25/"
      }
    },
    {
      "flavor_text": "Zurrt es seinen G\u00fcrtel fest, gewinnt es an Kraft. Wilde\nExemplare flechten sich ihren G\u00fcrtel in Handarbeit aus Ranken.",
      "language": {
        "name": "de",
        "url": "https://pokeapi.co/api/v2/language/6/"
      },
      "version": {
        "name": "omega-ruby",
        "url": "https://pokeapi.co/api/v2/version/25/"
      }
    },
    {
      "flavor_text": "Aumenta su potencia si se aprieta el cintur\u00f3n. Un Throh\nsalvaje teje su propio cintur\u00f3n usando lianas.",
      "language": {
        "name": "es",
        "url": "https://pokeapi.co/api/v2/language/7/"
      },
      "version": {
        "name": "omega-ruby",
        "url": "https://pokeapi.co/api/v2/version/25/"
      }
    },
    {
      "flavor_text": "La cintura da karate lo rende pi\u00f9 forte. I Throh selvatici\nsi costruiscono le cinture usando piante rampicanti.",
      "language": {
        "name": "it",
        "url": "https://pokeapi.co/api/v2/language/8/"
      },
      "version": {
        "name": "omega-ruby",
        "url": "https://pokeapi.co/api/v2/version/25/"
      }
    },
    {
      "flavor_text": "When it tightens its belt, it becomes stronger. Wild\nThroh use vines to weave their own belts.",
      "language": {
        "name": "en",
        "url": "https://pokeapi.co/api/v2/language/9/"
      },
      "version": {
        "name": "omega-ruby",
        "url": "https://pokeapi.co/api/v2/version/25/"
      }
    },
    {
      "flavor_text": "\u5e2f\u3092\u3000\u7de0\u3081\u308b\u3068\u3000\u30d1\u30ef\u30fc\u30a2\u30c3\u30d7\u3059\u308b\u3002\n\u91ce\u751f\u306e\u3000\u30ca\u30b2\u30ad\u306f\u3000\u3064\u308b\u8349\u3092\u3000\u7de8\u3093\u3067\n\u81ea\u5206\u306e\u3000\u5e2f\u3092\u3000\u4f5c\u308b\u3002",
      "language": {
        "name": "ja",
        "url": "https://pokeapi.co/api/v2/language/11/"
      },
      "version": {
        "name": "omega-ruby",
        "url": "https://pokeapi.co/api/v2/version/25/"
      }
    },
    {
      "flavor_text": "\u3058\u3076\u3093\u3088\u308a\u3000\u304a\u304a\u304d\u306a\u3000\u3042\u3044\u3066\u3068\n\u3067\u3042\u3046\u3068\u3000\u3080\u3057\u3087\u3046\u306b\u3000\u306a\u3052\u305f\u304f\u306a\u308b\u3002\n\u3064\u3088\u304f\u306a\u308b\u3068\u3000\u304a\u3073\u3092\u3000\u3068\u308a\u304b\u3048\u308b\u3002",
      "language": {
        "name": "ja-Hrkt",
        "url": "https://pokeapi.co/api/v2/language/1/"
      },
      "version": {
        "name": "alpha-sapphire",
        "url": "https://pokeapi.co/api/v2/version/26/"
      }
    },
    {
      "flavor_text": "\uc790\uc2e0\ubcf4\ub2e4 \ud070 \uc0c1\ub300\uc640 \ub9cc\ub098\uba74\n\uc774\uc720 \uc5c6\uc774 \ub0b4\ub358\uc9c0\uace0 \uc2f6\uc5b4 \ud55c\ub2e4.\n\uac15\ud574\uc9c0\uba74 \ub760\ub97c \ubc14\uafbc\ub2e4.",
      "language": {
        "name": "ko",
        "url": "https://pokeapi.co/api/v2/language/3/"
      },
      "version": {
        "name": "alpha-sapphire",
        "url": "https://pokeapi.co/api/v2/version/26/"
      }
    },
    {
      "flavor_text": "Ils aiment projeter ceux qui sont plus grands qu\u2019eux.\nIls changent de ceinture quand ils progressent.",
      "language": {
        "name": "fr",
        "url": "https://pokeapi.co/api/v2/language/5/"
      },
      "version": {
        "name": "alpha-sapphire",
        "url": "https://pokeapi.co/api/v2/version/26/"
      }
    },
    {
      "flavor_text": "Trifft es jemanden, der gr\u00f6\u00dfer ist als es selbst, will es ihn\nunbedingt werfen. Wird es st\u00e4rker, wechselt es den G\u00fcrtel.",
      "language": {
        "name": "de",
        "url": "https://pokeapi.co/api/v2/language/6/"
      },
      "version": {
        "name": "alpha-sapphire",
        "url": "https://pokeapi.co/api/v2/version/26/"
      }
    },
    {
      "flavor_text": "Si se topa con un rival m\u00e1s fuerte, ans\u00eda lanzarlo por los aires.\nAl hacerse m\u00e1s fuerte, cambia su cintur\u00f3n.",
      "language": {
        "name": "es",
        "url": "https://pokeapi.co/api/v2/language/7/"
      },
      "version": {
        "name": "alpha-sapphire",
        "url": "https://pokeapi.co/api/v2/version/26/"
      }
    },
    {
      "flavor_text": "Quando incontra un avversario pi\u00f9 grande di lui, lo assale\nl\u2019istinto di lanciarlo via. Cambia cintura quando diventa\npi\u00f9 forte.",
      "language": {
        "name": "it",
        "url": "https://pokeapi.co/api/v2/language/8/"
      },
      "version": {
        "name": "alpha-sapphire",
        "url": "https://pokeapi.co/api/v2/version/26/"
      }
    },
    {
      "flavor_text": "When it encounters a foe bigger than itself, it wants\nto throw it. It changes belts as it gets stronger.",
      "language": {
        "name": "en",
        "url": "https://pokeapi.co/api/v2/language/9/"
      },
      "version": {
        "name": "alpha-sapphire",
        "url": "https://pokeapi.co/api/v2/version/26/"
      }
    },
    {
      "flavor_text": "\u81ea\u5206\u3088\u308a\u3000\u5927\u304d\u306a\u3000\u76f8\u624b\u3068\n\u51fa\u4f1a\u3046\u3068\u3000\u7121\u6027\u306b\u3000\u6295\u3052\u305f\u304f\u306a\u308b\u3002\n\u5f37\u304f\u306a\u308b\u3068\u3000\u5e2f\u3092\u3000\u53d6\u308a\u66ff\u3048\u308b\u3002",
      "language": {
        "name": "ja",
        "url": "https://pokeapi.co/api/v2/language/11/"
      },
      "version": {
        "name": "alpha-sapphire",
        "url": "https://pokeapi.co/api/v2/version/26/"
      }
    },
    {
      "flavor_text": "\u306a\u3052\u308f\u3056\u306e\u3000\u3046\u3067\u306f\u3000\u3044\u3061\u308a\u3085\u3046\u3002\n\u305f\u305f\u304b\u3044\u3067\u3000\u304b\u3044\u305f\u3000\u3042\u305b\u304c\u3000\u3057\u307f\n\u304a\u3073\u306e\u3000\u3044\u308d\u304c\u3000\u3053\u304f\u3000\u305d\u307e\u3063\u3066\u3044\u304f\u3002",
      "language": {
        "name": "ja-Hrkt",
        "url": "https://pokeapi.co/api/v2/language/1/"
      },
      "version": {
        "name": "sword",
        "url": "https://pokeapi.co/api/v2/version/33/"
      }
    },
    {
      "flavor_text": "\uba54\uce58\ub294 \uae30\uc220\uc758 \uc2e4\ub825\uc740 \uc77c\ub958\ub2e4.\n\uc2f8\uc6c0\uc73c\ub85c \ud758\ub9b0 \ub540\uc774 \ubc30\uc5b4\n\ub760\uc758 \uc0c9\uc774 \uc9c4\ud574\uc838 \uac04\ub2e4.",
      "language": {
        "name": "ko",
        "url": "https://pokeapi.co/api/v2/language/3/"
      },
      "version": {
        "name": "sword",
        "url": "https://pokeapi.co/api/v2/version/33/"
      }
    },
    {
      "flavor_text": "\u80fd\u4f7f\u51fa\u4e00\u6d41\u7684\u6295\u6454\u62db\u5f0f\u3002\n\u5e36\u5b50\u88ab\u6230\u9b25\u6642\u6d41\u4e0b\u7684\u6c57\u6c34\n\u6d78\u6fd5\uff0c\u984f\u8272\u8d8a\u8b8a\u8d8a\u6df1\u3002",
      "language": {
        "name": "zh-Hant",
        "url": "https://pokeapi.co/api/v2/language/4/"
      },
      "version": {
        "name": "sword",
        "url": "https://pokeapi.co/api/v2/version/33/"
      }
    },
    {
      "flavor_text": "Ses techniques de projection sont sans \u00e9gal.\nQuand il se bat, sa sueur coule sur sa ceinture\net lui donne une teinte plus fonc\u00e9e.",
      "language": {
        "name": "fr",
        "url": "https://pokeapi.co/api/v2/language/5/"
      },
      "version": {
        "name": "sword",
        "url": "https://pokeapi.co/api/v2/version/33/"
      }
    },
    {
      "flavor_text": "Es verf\u00fcgt \u00fcber ein exzellentes Repertoire an\nWurftechniken. Sein G\u00fcrtel f\u00e4rbt sich dunkler,\nje mehr Schwei\u00df er bei K\u00e4mpfen in sich aufsaugt.",
      "language": {
        "name": "de",
        "url": "https://pokeapi.co/api/v2/language/6/"
      },
      "version": {
        "name": "sword",
        "url": "https://pokeapi.co/api/v2/version/33/"
      }
    },
    {
      "flavor_text": "Su t\u00e9cnica de lanzamiento es formidable. El\nsudor que exhala durante el combate impregna\nsu cintur\u00f3n, cuyo color se vuelve m\u00e1s intenso.",
      "language": {
        "name": "es",
        "url": "https://pokeapi.co/api/v2/language/7/"
      },
      "version": {
        "name": "sword",
        "url": "https://pokeapi.co/api/v2/version/33/"
      }
    },
    {
      "flavor_text": "\u00c8 molto bravo nelle tecniche di lancio.\nIl sudore prodotto durante la lotta impregna\nla sua cintura da karate e la rende pi\u00f9 scura.",
      "language": {
        "name": "it",
        "url": "https://pokeapi.co/api/v2/language/8/"
      },
      "version": {
        "name": "sword",
        "url": "https://pokeapi.co/api/v2/version/33/"
      }
    },
    {
      "flavor_text": "It performs throwing moves with first-rate skill.\nOver the course of many battles, Throh\u2019s belt\ngrows darker as it absorbs its wearer\u2019s sweat.",
      "language": {
        "name": "en",
        "url": "https://pokeapi.co/api/v2/language/9/"
      },
      "version": {
        "name": "sword",
        "url": "https://pokeapi.co/api/v2/version/33/"
      }
    },
    {
      "flavor_text": "\u6295\u3052\u6280\u306e\u3000\u8155\u306f\u3000\u4e00\u6d41\u3002\n\u6226\u3044\u3067\u3000\u304b\u3044\u305f\u3000\u6c57\u304c\u3000\u67d3\u307f\n\u5e2f\u306e\u3000\u8272\u304c\u3000\u6fc3\u304f\u3000\u67d3\u307e\u3063\u3066\u3044\u304f\u3002",
      "language": {
        "name": "ja",
        "url": "https://pokeapi.co/api/v2/language/11/"
      },
      "version": {
        "name": "sword",
        "url": "https://pokeapi.co/api/v2/version/33/"
      }
    },
    {
      "flavor_text": "\u80fd\u4f7f\u51fa\u4e00\u6d41\u7684\u6295\u6454\u62db\u5f0f\u3002\n\u5e26\u5b50\u88ab\u6218\u6597\u65f6\u6d41\u4e0b\u7684\u6c57\u6c34\n\u6d78\u6e7f\uff0c\u989c\u8272\u8d8a\u53d8\u8d8a\u6df1\u3002",
      "language": {
        "name": "zh-Hans",
        "url": "https://pokeapi.co/api/v2/language/12/"
      },
      "version": {
        "name": "sword",
        "url": "https://pokeapi.co/api/v2/version/33/"
      }
    },
    {
      "flavor_text": "\uff15\u3072\u304d\u306e\u3000\u3080\u308c\u3067\u3000\u3051\u3044\u3053\u306b\u3000\u306f\u3052\u3080\u3002\n\u3051\u3044\u3053\u306b\u3000\u3064\u3044\u3066\u3044\u3051\u306a\u3044\u3000\u3082\u306e\u306f\n\u304a\u3073\u3092\u3000\u3059\u3066\u3066\u3000\u3080\u308c\u3092\u3000\u3055\u308b\u3002",
      "language": {
        "name": "ja-Hrkt",
        "url": "https://pokeapi.co/api/v2/language/1/"
      },
      "version": {
        "name": "shield",
        "url": "https://pokeapi.co/api/v2/version/34/"
      }
    },
    {
      "flavor_text": "5\ub9c8\ub9ac\uc758 \ubb34\ub9ac\uac00 \uc218\ub828\ud55c\ub2e4.\n\uc218\ub828\uc5d0 \ub4a4\ub5a8\uc5b4\uc9c0\uba74\n\ub760\ub97c \ubc84\ub9ac\uace0 \ubb34\ub9ac\ub97c \ub5a0\ub09c\ub2e4.",
      "language": {
        "name": "ko",
        "url": "https://pokeapi.co/api/v2/language/3/"
      },
      "version": {
        "name": "shield",
        "url": "https://pokeapi.co/api/v2/version/34/"
      }
    },
    {
      "flavor_text": "\uff15\u96bb\u4e00\u7d44\u4e00\u8d77\u52aa\u529b\u7df4\u7fd2\u3002\n\u5728\u7df4\u7fd2\u4e2d\u6389\u968a\u7684\u6295\u6454\u9b3c\n\u6703\u6254\u6389\u5e36\u5b50\u96e2\u958b\u5718\u968a\u3002",
      "language": {
        "name": "zh-Hant",
        "url": "https://pokeapi.co/api/v2/language/4/"
      },
      "version": {
        "name": "shield",
        "url": "https://pokeapi.co/api/v2/version/34/"
      }
    },
    {
      "flavor_text": "Ils s\u2019entra\u00eenent intens\u00e9ment par groupes de cinq.\nCeux qui ne peuvent pas suivre le rythme\nabandonnent leur ceinture et se retirent.",
      "language": {
        "name": "fr",
        "url": "https://pokeapi.co/api/v2/language/5/"
      },
      "version": {
        "name": "shield",
        "url": "https://pokeapi.co/api/v2/version/34/"
      }
    },
    {
      "flavor_text": "Es trainiert stets in F\u00fcnferrudeln. Wer beim\nTraining nicht mithalten kann, entledigt sich\nseines G\u00fcrtels und verl\u00e4sst das Rudel.",
      "language": {
        "name": "de",
        "url": "https://pokeapi.co/api/v2/language/6/"
      },
      "version": {
        "name": "shield",
        "url": "https://pokeapi.co/api/v2/version/34/"
      }
    },
    {
      "flavor_text": "Entrenan en grupos de cinco individuos. Si alguno\nes incapaz de seguir el ritmo, arroja el cintur\u00f3n y\nabandona la cuadrilla.",
      "language": {
        "name": "es",
        "url": "https://pokeapi.co/api/v2/language/7/"
      },
      "version": {
        "name": "shield",
        "url": "https://pokeapi.co/api/v2/version/34/"
      }
    },
    {
      "flavor_text": "Si allenano in gruppi di cinque. Se uno di loro\nnon riesce a stare al passo con l\u2019allenamento,\ngetta via la cintura e abbandona il gruppo.",
      "language": {
        "name": "it",
        "url": "https://pokeapi.co/api/v2/language/8/"
      },
      "version": {
        "name": "shield",
        "url": "https://pokeapi.co/api/v2/version/34/"
      }
    },
    {
      "flavor_text": "They train in groups of five. Any member that\ncan\u2019t keep up will discard its belt and leave\nthe group.",
      "language": {
        "name": "en",
        "url": "https://pokeapi.co/api/v2/language/9/"
      },
      "version": {
        "name": "shield",
        "url": "https://pokeapi.co/api/v2/version/34/"
      }
    },
    {
      "flavor_text": "\uff15\u5339\u306e\u3000\u7fa4\u308c\u3067\u3000\u7a3d\u53e4\u306b\u3000\u306f\u3052\u3080\u3002\n\u7a3d\u53e4\u306b\u3000\u3064\u3044\u3066\u3044\u3051\u306a\u3044\u3000\u3082\u306e\u306f\n\u5e2f\u3092\u3000\u6368\u3066\u3066\u3000\u7fa4\u308c\u3092\u3000\u53bb\u308b\u3002",
      "language": {
        "name": "ja",
        "url": "https://pokeapi.co/api/v2/language/11/"
      },
      "version": {
        "name": "shield",
        "url": "https://pokeapi.co/api/v2/version/34/"
      }
    },
    {
      "flavor_text": "\uff15\u53ea\u4e00\u7ec4\u4e00\u8d77\u52aa\u529b\u7ec3\u4e60\u3002\n\u5728\u7ec3\u4e60\u4e2d\u6389\u961f\u7684\u6295\u6454\u9b3c\n\u4f1a\u6254\u6389\u5e26\u5b50\u79bb\u5f00\u56e2\u961f\u3002",
      "language": {
        "name": "zh-Hans",
        "url": "https://pokeapi.co/api/v2/language/12/"
      },
      "version": {
        "name": "shield",
        "url": "https://pokeapi.co/api/v2/version/34/"
      }
    }
  ],
  "form_descriptions": [],
  "forms_switchable": false,
  "gender_rate": 0,
  "genera": [
    {
      "genus": "\u3058\u3085\u3046\u3069\u3046\u30dd\u30b1\u30e2\u30f3",
      "language": {
        "name": "ja-Hrkt",
        "url": "https://pokeapi.co/api/v2/language/1/"
      }
    },
    {
      "genus": "\uc720\ub3c4\ud3ec\ucf13\ubaac",
      "language": {
        "name": "ko",
        "url": "https://pokeapi.co/api/v2/language/3/"
      }
    },
    {
      "genus": "\u67d4\u9053\u5bf6\u53ef\u5922",
      "language": {
        "name": "zh-Hant",
        "url": "https://pokeapi.co/api/v2/language/4/"
      }
    },
    {
      "genus": "Pok\u00e9mon Judo",
      "language": {
        "name": "fr",
        "url": "https://pokeapi.co/api/v2/language/5/"
      }
    },
    {
      "genus": "Judo-Pok\u00e9mon",
      "language": {
        "name": "de",
        "url": "https://pokeapi.co/api/v2/language/6/"
      }
    },
    {
      "genus": "Pok\u00e9mon Judo",
      "language": {
        "name": "es",
        "url": "https://pokeapi.co/api/v2/language/7/"
      }
    },
    {
      "genus": "Pok\u00e9mon Judo",
      "language": {
        "name": "it",
        "url": "https://pokeapi.co/api/v2/language/8/"
      }
    },
    {
      "genus": "Judo Pok\u00e9mon",
      "language": {
        "name": "en",
        "url": "https://pokeapi.co/api/v2/language/9/"
      }
    },
    {
      "genus": "\u3058\u3085\u3046\u3069\u3046\u30dd\u30b1\u30e2\u30f3",
      "language": {
        "name": "ja",
        "url": "https://pokeapi.co/api/v2/language/11/"
      }
    },
    {
      "genus": "\u67d4\u9053\u5b9d\u53ef\u68a6",
      "language": {
        "name": "zh-Hans",
        "url": "https://pokeapi.co/api/v2/language/12/"
      }
    }
  ],
  "generation": {
    "name": "generation-v",
    "url": "https://pokeapi.co/api/v2/generation/5/"
  },
  "growth_rate": {
    "name": "medium",
    "url": "https://pokeapi.co/api/v2/growth-rate/2/"
  },
  "habitat": null,
  "has_gender_differences": false,
  "hatch_counter": 20,
  "id": 538,
  "is_baby": false,
  "is_legendary": false,
  "is_mythical": false,
  "name": "throh",
  "names": [
    {
      "language": {
        "name": "ja-Hrkt",
        "url": "https://pokeapi.co/api/v2/language/1/"
      },
      "name": "\u30ca\u30b2\u30ad"
    },
    {
      "language": {
        "name": "roomaji",
        "url": "https://pokeapi.co/api/v2/language/2/"
      },
      "name": "Nageki"
    },
    {
      "language": {
        "name": "ko",
        "url": "https://pokeapi.co/api/v2/language/3/"
      },
      "name": "\ub358\uc9c0\ubbf8"
    },
    {
      "language": {
        "name": "zh-Hant",
        "url": "https://pokeapi.co/api/v2/language/4/"
      },
      "name": "\u6295\u6454\u9b3c"
    },
    {
      "language": {
        "name": "fr",
        "url": "https://pokeapi.co/api/v2/language/5/"
      },
      "name": "Judokrak"
    },
    {
      "language": {
        "name": "de",
        "url": "https://pokeapi.co/api/v2/language/6/"
      },
      "name": "Jiutesto"
    },
    {
      "language": {
        "name": "es",
        "url": "https://pokeapi.co/api/v2/language/7/"
      },
      "name": "Throh"
    },
    {
      "language": {
        "name": "it",
        "url": "https://pokeapi.co/api/v2/language/8/"
      },
      "name": "Throh"
    },
    {
      "language": {
        "name": "en",
        "url": "https://pokeapi.co/api/v2/language/9/"
      },
      "name": "Throh"
    },
    {
      "language": {
        "name": "ja",
        "url": "https://pokeapi.co/api/v2/language/11/"
      },
      "name": "\u30ca\u30b2\u30ad"
    },
    {
      "language": {
        "name": "zh-Hans",
        "url": "https://pokeapi.co/api/v2/language/12/"
      },
      "name": "\u6295\u6454\u9b3c"
    }
  ],
  "order": 539,
  "pal_park_encounters": [],
  "pokedex_numbers": [
    {
      "entry_number": 538,
      "pokedex": {
        "name": "national",
        "url": "https://pokeapi.co/api/v2/pokedex/1/"
      }
    },
    {
      "entry_number": 44,
      "pokedex": {
        "name": "original-unova",
        "url": "https://pokeapi.co/api/v2/pokedex/8/"
      }
    },
    {
      "entry_number": 267,
      "pokedex": {
        "name": "updated-unova",
        "url": "https://pokeapi.co/api/v2/pokedex/9/"
      }
    },
    {
      "entry_number": 97,
      "pokedex": {
        "name": "kalos-coastal",
        "url": "https://pokeapi.co/api/v2/pokedex/13/"
      }
    },
    {
      "entry_number": 248,
      "pokedex": {
        "name": "galar",
        "url": "https://pokeapi.co/api/v2/pokedex/27/"
      }
    },
    {
      "entry_number": 57,
      "pokedex": {
        "name": "hyperspace",
        "url": "https://pokeapi.co/api/v2/pokedex/35/"
      }
    }
  ],
  "shape": {
    "name": "humanoid",
    "url": "https://pokeapi.co/api/v2/pokemon-shape/12/"
  },
  "varieties": [
    {
      "is_default": true,
      "pokemon": {
        "name": "throh",
        "url": "https://pokeapi.co/api/v2/pokemon/538/"
      }
    }
  ]
}