{"flavor_text_entries": [{"flavor_text": "Over the winter, it closes its bud\nand endures the cold. In spring,\nthe bud opens and releases pollen.", "language": {"name": "en", "url": "https://pokeapi.co/api/v2/language/9/"}, "version": {"name": "diamond", "url": "https://pokeapi.co/api/v2/version/12/"}}, {"flavor_text": "It lives alongside clear ponds.\nIt scatters pollen that induces\nharsh sneezing and runny noses.", "language": {"name": "en", "url": "https://pokeapi.co/api/v2/language/9/"}, "version": {"name": "pearl", "url": "https://pokeapi.co/api/v2/version/13/"}}, {"flavor_text": "Sensitive to changing temperature,\nthe bud is said to bloom when it\nfeels the sun\u2019s warm touch.", "language": {"name": "en", "url": "https://pokeapi.co/api/v2/language/9/"}, "version": {"name": "platinum", "url": "https://pokeapi.co/api/v2/version/14/"}}, {"flavor_text": "When it feels the sun\u2019s warm touch,\nit opens its bud to release pollen.\nIt lives alongside clear pools.", "language": {"name": "en", "url": "https://pokeapi.co/api/v2/language/9/"}, "version": {"name": "heartgold", "url": "https://pokeapi.co/api/v2/version/15/"}}, {"flavor_text": "When it feels the sun\u2019s warm touch,\nit opens its bud to release pollen.\nIt lives alongside clear pools.", "language": {"name": "en", "url": "https://pokeapi.co/api/v2/language/9/"}, "version": {"name": "soulsilver", "url": "https://pokeapi.co/api/v2/version/16/"}}, {"flavor_text": "Sensitive to changing temperature,\nthe bud is said to bloom when it\nfeels the sun\u2019s warm touch.", "language": {"name": "en", "url": "https://pokeapi.co/api/v2/language/9/"}, "version": {"name": "black", "url": "https://pokeapi.co/api/v2/version/17/"}}, {"flavor_text": "Sensitive to changing temperature,\nthe bud is said to bloom when it\nfeels the sun\u2019s warm touch.", "language": {"name": "en", "url": "https://pokeapi.co/api/v2/language/9/"}, "version": {"name": "white", "url": "https://pokeapi.co/api/v2/version/18/"}}, {"flavor_text": "Sensitive to changing temperatures,\nthe bud blooms when it\u2019s warm,\nreleasing toxic pollen.", "language": {"name": "en", "url": "https://pokeapi.co/api/v2/language/9/"}, "version": {"name": "black-2", "url": "https://pokeapi.co/api/v2/version/21/"}}, {"flavor_text": "Sensitive to changing temperatures,\nthe bud blooms when it\u2019s warm,\nreleasing toxic pollen.", "language": {"name": "en", "url": "https://pokeapi.co/api/v2/language/9/"}, "version": {"name": "white-2", "url": "https://pokeapi.co/api/v2/version/22/"}}, {"flavor_text": "When it feels the sun\u2019s warm touch, it opens its bud\nto release pollen. It lives alongside clear pools.", "language": {"name": "en", "url": "https://pokeapi.co/api/v2/language/9/"}, "version": {"name": "x", "url": "https://pokeapi.co/api/v2/version/23/"}}, {"flavor_text": "Over the winter, it closes its bud and endures the\ncold. In spring, the bud opens and releases pollen.", "language": {"name": "en", "url": "https://pokeapi.co/api/v2/language/9/"}, "version": {"name": "y", "url": "https://pokeapi.co/api/v2/version/24/"}}, {"flavor_text": "When it feels the sun\u2019s warm touch, it opens its bud\nto release pollen. It lives alongside clear pools.", "language": {"name": "en", "url": "https://pokeapi.co/api/v2/language/9/"}, "version": {"name": "omega-ruby", "url": "https://pokeapi.co/api/v2/version/25/"}}, {"flavor_text": "Over the winter, it closes its bud and endures the\ncold. In spring, the bud opens and releases pollen.", "language": {"name": "en", "url": "https://pokeapi.co/api/v2/language/9/"}, "version": {"name": "alpha-sapphire", "url": "https://pokeapi.co/api/v2/version/26/"}}, {"flavor_text": "The pollen it releases contains poison. If this\nPok\u00e9mon is raised on clean water, the poison\u2019s\ntoxicity is increased.", "language": {"name": "en", "url": "https://pokeapi.co/api/v2/language/9/"}, "version": {"name": "sword", "url": "https://pokeapi.co/api/v2/version/33/"}}, {"flavor_text": "This Pok\u00e9mon is highly sensitive to temperature\nchanges. When its bud starts to open, that means\nspring is right around the corner.", "language": {"name": "en", "url": "https://pokeapi.co/api/v2/language/9/"}, "version": {"name": "shield", "url": "https://pokeapi.co/api/v2/version/34/"}}, {"flavor_text": "When the sun's light strengthens, the bud atop this Pok\u00e9mon's\nhead opens. This is a sign to the people that the harsh winter is\nover, and the season of budding has begun.", "language": {"name": "en", "url": "https://pokeapi.co/api/v2/language/9/"}, "version": {"name": "legends-arceus", "url": "https://pokeapi.co/api/v2/version/39/"}}], "evolution_chain": {"url": "https://pokeapi.co/api/v2/evolution-chain/158/"}}