{
  "base_happiness": 70,
  "capture_rate": 45,
  "color": {
    "name": "blue",
    "url": "https://pokeapi.co/api/v2/pokemon-color/2/"
  },
  "egg_groups": [
    {
      "name": "water1",
      "url": "https://pokeapi.co/api/v2/egg-group/2/"
    },
    {
      "name": "ground",
      "url": "https://pokeapi.co/api/v2/egg-group/5/"
    }
  ],
  "evolution_chain": {
    "url": "https://pokeapi.co/api/v2/evolution-chain/187/"
  },
  "evolves_from_species": {
    "name": "sealeo",
    "url": "https://pokeapi.co/api/v2/pokemon-species/364/"
  },
  "flavor_text_entries": [
    {
      "flavor_text": "It swims through icy seas while shattering\nice floes with its large tusks. It is\nprotected by its thick blubber.",
      "language": {
        "name": "en",
        "url": "https://pokeapi.co/api/v2/language/9/"
      },
      "version": {
        "name": "leafgreen",
        "url": "https://pokeapi.co/api/v2/version/11/"
      }
    },
    {
      "flavor_text": "WALREIN\u2019s two massively developed\ntusks can totally shatter blocks of\nice weighing ten tons with one blow.\fThis POK\u00e9MON\u2019s thick coat of blubber\ninsulates it from subzero temperatures.",
      "language": {
        "name": "en",
        "url": "https://pokeapi.co/api/v2/language/9/"
      },
      "version": {
        "name": "ruby",
        "url": "https://pokeapi.co/api/v2/version/7/"
      }
    },
    {
      "flavor_text": "WALREIN swims all over in frigid\nseawater while crushing icebergs with\nits grand, imposing tusks.\fIts thick layer of blubber makes enemy\nattacks bounce off harmlessly.",
      "language": {
        "name": "en",
        "url": "https://pokeapi.co/api/v2/language/9/"
      },
      "version": {
        "name": "sapphire",
        "url": "https://pokeapi.co/api/v2/version/8/"
      }
    },
    {
      "flavor_text": "To protect its herd, the leader battles\nanything that invades its territory, even\nat the cost of its life. Its tusks may snap\noff in battle.",
      "language": {
        "name": "en",
        "url": "https://pokeapi.co/api/v2/language/9/"
      },
      "version": {
        "name": "emerald",
        "url": "https://pokeapi.co/api/v2/version/9/"
      }
    },
    {
      "flavor_text": "It swims through icy seas while shattering\nice floes with its large tusks. It is\nprotected by its thick blubber.",
      "language": {
        "name": "en",
        "url": "https://pokeapi.co/api/v2/language/9/"
      },
      "version": {
        "name": "firered",
        "url": "https://pokeapi.co/api/v2/version/10/"
      }
    },
    {
      "flavor_text": "It shatters ice with its big tusks.\nIts thick blubber repels not only\nthe cold, but also enemy attacks.",
      "language": {
        "name": "en",
        "url": "https://pokeapi.co/api/v2/language/9/"
      },
      "version": {
        "name": "diamond",
        "url": "https://pokeapi.co/api/v2/version/12/"
      }
    },
    {
      "flavor_text": "It shatters ice with its big tusks.\nIts thick blubber repels not only\nthe cold, but also enemy attacks.",
      "language": {
        "name": "en",
        "url": "https://pokeapi.co/api/v2/language/9/"
      },
      "version": {
        "name": "pearl",
        "url": "https://pokeapi.co/api/v2/version/13/"
      }
    },
    {
      "flavor_text": "It shatters ice with its big tusks.\nIts thick blubber repels not only\nthe cold, but also enemy attacks.",
      "language": {
        "name": "en",
        "url": "https://pokeapi.co/api/v2/language/9/"
      },
      "version": {
        "name": "platinum",
        "url": "https://pokeapi.co/api/v2/version/14/"
      }
    },
    {
      "flavor_text": "It shatters drift ice with its\nstrong tusks. Its thick layer of\nblubber repels enemy attacks.",
      "language": {
        "name": "en",
        "url": "https://pokeapi.co/api/v2/language/9/"
      },
      "version": {
        "name": "heartgold",
        "url": "https://pokeapi.co/api/v2/version/15/"
      }
    },
    {
      "flavor_text": "It shatters drift ice with its\nstrong tusks. Its thick layer of\nblubber repels enemy attacks.",
      "language": {
        "name": "en",
        "url": "https://pokeapi.co/api/v2/language/9/"
      },
      "version": {
        "name": "soulsilver",
        "url": "https://pokeapi.co/api/v2/version/16/"
      }
    },
    {
      "flavor_text": "Il brise la glace avec ses grosses\nd\u00e9fenses. Sa graisse le prot\u00e8ge du\nfroid, mais aussi des attaques.",
      "language": {
        "name": "fr",
        "url": "https://pokeapi.co/api/v2/language/5/"
      },
      "version": {
        "name": "black",
        "url": "https://pokeapi.co/api/v2/version/17/"
      }
    },
    {
      "flavor_text": "It shatters ice with its big tusks.\nIts thick blubber repels not only\nthe cold, but also enemy attacks.",
      "language": {
        "name": "en",
        "url": "https://pokeapi.co/api/v2/language/9/"
      },
      "version": {
        "name": "black",
        "url": "https://pokeapi.co/api/v2/version/17/"
      }
    },
    {
      "flavor_text": "Il brise la glace avec ses grosses\nd\u00e9fenses. Sa graisse le prot\u00e8ge du\nfroid, mais aussi des attaques.",
      "language": {
        "name": "fr",
        "url": "https://pokeapi.co/api/v2/language/5/"
      },
      "version": {
        "name": "white",
        "url": "https://pokeapi.co/api/v2/version/18/"
      }
    },
    {
      "flavor_text": "It shatters ice with its big tusks.\nIts thick blubber repels not only\nthe cold, but also enemy attacks.",
      "language": {
        "name": "en",
        "url": "https://pokeapi.co/api/v2/language/9/"
      },
      "version": {
        "name": "white",
        "url": "https://pokeapi.co/api/v2/version/18/"
      }
    },
    {
      "flavor_text": "Not only does its thick blubber keep it\nwarm, it also protects it from attacks.\nIt shatters ice with its prized tusks.",
      "language": {
        "name": "en",
        "url": "https://pokeapi.co/api/v2/language/9/"
      },
      "version": {
        "name": "black-2",
        "url": "https://pokeapi.co/api/v2/version/21/"
      }
    },
    {
      "flavor_text": "Not only does its thick blubber keep it\nwarm, it also protects it from attacks.\nIt shatters ice with its prized tusks.",
      "language": {
        "name": "en",
        "url": "https://pokeapi.co/api/v2/language/9/"
      },
      "version": {
        "name": "white-2",
        "url": "https://pokeapi.co/api/v2/version/22/"
      }
    },
    {
      "flavor_text": "\u304a\u304a\u304d\u306a\u3000\u3053\u304a\u308a\u3092\u3000\u30ad\u30d0\u3067\u3000\u304f\u3060\u304f\u3002\n\u3042\u3064\u3044\u3000\u3057\u307c\u3046\u306f\u3000\u3055\u3080\u3055\u3060\u3051\u3067\u306a\u304f\n\u3066\u304d\u306e\u3000\u3053\u3046\u3052\u304d\u3082\u3000\u306f\u306d\u304b\u3048\u3059\u3002",
      "language": {
        "name": "ja-Hrkt",
        "url": "https://pokeapi.co/api/v2/language/1/"
      },
      "version": {
        "name": "x",
        "url": "https://pokeapi.co/api/v2/version/23/"
      }
    },
    {
      "flavor_text": "\ud070 \uc5bc\uc74c\uc744 \uc774\ube68\ub85c \ubd80\uc21c\ub2e4.\n\ub450\uaebc\uc6b4 \uc9c0\ubc29\uc740 \ucd94\uc704\ubfd0\ub9cc \uc544\ub2c8\ub77c\n\uc0c1\ub300\uc758 \uacf5\uaca9\ub3c4 \uc774\uaca8\ub0b8\ub2e4.",
      "language": {
        "name": "ko",
        "url": "https://pokeapi.co/api/v2/language/3/"
      },
      "version": {
        "name": "x",
        "url": "https://pokeapi.co/api/v2/version/23/"
      }
    },
    {
      "flavor_text": "Il brise la glace avec ses grosses d\u00e9fenses.\nSa graisse le prot\u00e8ge du froid, mais aussi des\nattaques.",
      "language": {
        "name": "fr",
        "url": "https://pokeapi.co/api/v2/language/5/"
      },
      "version": {
        "name": "x",
        "url": "https://pokeapi.co/api/v2/version/23/"
      }
    },
    {
      "flavor_text": "Mit seinen Sto\u00dfz\u00e4hnen bricht es durch Eis.\nEine Speckschicht sch\u00fctzt es vor K\u00e4lte und Angriffen.",
      "language": {
        "name": "de",
        "url": "https://pokeapi.co/api/v2/language/6/"
      },
      "version": {
        "name": "x",
        "url": "https://pokeapi.co/api/v2/version/23/"
      }
    },
    {
      "flavor_text": "Rompe el hielo con sus colmillos. Su gruesa capa de\ngrasa le protege del fr\u00edo y de los enemigos.",
      "language": {
        "name": "es",
        "url": "https://pokeapi.co/api/v2/language/7/"
      },
      "version": {
        "name": "x",
        "url": "https://pokeapi.co/api/v2/version/23/"
      }
    },
    {
      "flavor_text": "Frantuma il ghiaccio con le zanne. Lo spesso strato\nadiposo respinge il freddo e gli attacchi nemici.",
      "language": {
        "name": "it",
        "url": "https://pokeapi.co/api/v2/language/8/"
      },
      "version": {
        "name": "x",
        "url": "https://pokeapi.co/api/v2/version/23/"
      }
    },
    {
      "flavor_text": "It shatters ice with its big tusks. Its thick blubber\nrepels not only the cold, but also enemy attacks.",
      "language": {
        "name": "en",
        "url": "https://pokeapi.co/api/v2/language/9/"
      },
      "version": {
        "name": "x",
        "url": "https://pokeapi.co/api/v2/version/23/"
      }
    },
    {
      "flavor_text": "\u5927\u304d\u306a\u3000\u6c37\u3092\u3000\u30ad\u30d0\u3067\u3000\u7815\u304f\u3002\n\u539a\u3044\u3000\u8102\u80aa\u306f\u3000\u5bd2\u3055\u3060\u3051\u3067\u306a\u304f\n\u6575\u306e\u3000\u653b\u6483\u3082\u3000\u306f\u306d\u8fd4\u3059\u3002",
      "language": {
        "name": "ja",
        "url": "https://pokeapi.co/api/v2/language/11/"
      },
      "version": {
        "name": "x",
        "url": "https://pokeapi.co/api/v2/version/23/"
      }
    },
    {
      "flavor_text": "\u305f\u304f\u307e\u3057\u3044\u3000\u30ad\u30d0\u3067\u3000\u308a\u3085\u3046\u3072\u3087\u3046\u3092\n\u3075\u3093\u3055\u3044\u3059\u308b\u3002\u3076\u3042\u3064\u3044\u3000\u3057\u307c\u3046\u304c\n\u3066\u304d\u306e\u3000\u3053\u3046\u3052\u304d\u3092\u3000\u306f\u306d\u304b\u3048\u3059\u3002",
      "language": {
        "name": "ja-Hrkt",
        "url": "https://pokeapi.co/api/v2/language/1/"
      },
      "version": {
        "name": "y",
        "url": "https://pokeapi.co/api/v2/version/24/"
      }
    },
    {
      "flavor_text": "\ubbff\uc74c\uc9c1\ud55c \uc1a1\uacf3\ub2c8\ub85c \uc720\ube59\uc744\n\ubd80\uc2a4\ub7ec\ub728\ub9b0\ub2e4. \ub450\uaebc\uc6b4 \uc9c0\ubc29\uc73c\ub85c\n\uc801\uc758 \uacf5\uaca9\uc744 \uc774\uaca8\ub0b8\ub2e4.",
      "language": {
        "name": "ko",
        "url": "https://pokeapi.co/api/v2/language/3/"
      },
      "version": {
        "name": "y",
        "url": "https://pokeapi.co/api/v2/version/24/"
      }
    },
    {
      "flavor_text": "Ses robustes d\u00e9fenses pulv\u00e9risent la glace, et son\n\u00e9paisse couche de graisse repousse les attaques.",
      "language": {
        "name": "fr",
        "url": "https://pokeapi.co/api/v2/language/5/"
      },
      "version": {
        "name": "y",
        "url": "https://pokeapi.co/api/v2/version/24/"
      }
    },
    {
      "flavor_text": "Seine kr\u00e4ftigen Sto\u00dfz\u00e4hne k\u00f6nnen Eisschollen\nzerschmettern. Sein dicker Speck wehrt Angriffe ab.",
      "language": {
        "name": "de",
        "url": "https://pokeapi.co/api/v2/language/6/"
      },
      "version": {
        "name": "y",
        "url": "https://pokeapi.co/api/v2/version/24/"
      }
    },
    {
      "flavor_text": "Sus fuertes colmillos destrozan los t\u00e9mpanos de hielo.\nSu capa de grasa lo protege de sus enemigos.",
      "language": {
        "name": "es",
        "url": "https://pokeapi.co/api/v2/language/7/"
      },
      "version": {
        "name": "y",
        "url": "https://pokeapi.co/api/v2/version/24/"
      }
    },
    {
      "flavor_text": "Frantuma il ghiaccio con le potenti zanne. Il suo\nspesso strato adiposo respinge gli attacchi nemici.",
      "language": {
        "name": "it",
        "url": "https://pokeapi.co/api/v2/language/8/"
      },
      "version": {
        "name": "y",
        "url": "https://pokeapi.co/api/v2/version/24/"
      }
    },
    {
      "flavor_text": "It shatters drift ice with its strong tusks. Its thick\nlayer of blubber repels enemy attacks.",
      "language": {
        "name": "en",
        "url": "https://pokeapi.co/api/v2/language/9/"
      },
      "version": {
        "name": "y",
        "url": "https://pokeapi.co/api/v2/version/24/"
      }
    },
    {
      "flavor_text": "\u305f\u304f\u307e\u3057\u3044\u3000\u30ad\u30d0\u3067\u3000\u6d41\u6c37\u3092\n\u7c89\u7815\u3059\u308b\u3002\u5206\u539a\u3044\u3000\u8102\u80aa\u304c\n\u6575\u306e\u3000\u653b\u6483\u3092\u3000\u8df3\u306d\u8fd4\u3059\u3002",
      "language": {
        "name": "ja",
        "url": "https://pokeapi.co/api/v2/language/11/"
      },
      "version": {
        "name": "y",
        "url": "https://pokeapi.co/api/v2/version/24/"
      }
    },
    {
      "flavor_text": "\u306f\u3063\u305f\u3064\u3057\u305f\u3000\uff12\u307b\u3093\u306e\u3000\u30ad\u30d0\u306f\u3000\uff11\uff10\u30c8\u30f3\u3082\u3000\u3042\u308b\n\u3072\u3087\u3046\u3056\u3093\u3092\u3000\u3044\u3061\u3052\u304d\u3067\u3000\u3075\u3093\u3055\u3044\u3059\u308b\u3002\n\u3057\u307c\u3046\u304c\u3000\u3076\u3042\u3064\u304f\u3000\u3072\u3087\u3046\u3066\u3093\u304b\u3067\u3082\u3000\u3078\u3044\u304d\u3002",
      "language": {
        "name": "ja-Hrkt",
        "url": "https://pokeapi.co/api/v2/language/1/"
      },
      "version": {
        "name": "omega-ruby",
        "url": "https://pokeapi.co/api/v2/version/25/"
      }
    },
    {
      "flavor_text": "\ubc1c\ub2ec\ud55c 2\uac1c\uc758 \uc774\ube68\uc740 10\ud1a4\uc774\ub098 \ub418\ub294\n\ube59\uc0b0\uc744 \uc77c\uaca9\uc5d0 \ubd84\uc1c4\ud55c\ub2e4.\n\uc9c0\ubc29\uc774 \ub450\uaebc\uc6cc\uc11c \uc601\ud558\uc758 \uae30\uc628\uc5d0\uc11c\ub3c4 \ub044\ub5a1\uc5c6\ub2e4.",
      "language": {
        "name": "ko",
        "url": "https://pokeapi.co/api/v2/language/3/"
      },
      "version": {
        "name": "omega-ruby",
        "url": "https://pokeapi.co/api/v2/version/25/"
      }
    },
    {
      "flavor_text": "Les deux \u00e9normes d\u00e9fenses de Kaimorse peuvent d\u00e9truire\nen un seul coup des blocs de glace de plus de 10 t.\nL\u2019\u00e9paisse couche de graisse de ce Pok\u00e9mon l\u2019isole\nlorsque la temp\u00e9rature est en dessous de z\u00e9ro.",
      "language": {
        "name": "fr",
        "url": "https://pokeapi.co/api/v2/language/5/"
      },
      "version": {
        "name": "omega-ruby",
        "url": "https://pokeapi.co/api/v2/version/25/"
      }
    },
    {
      "flavor_text": "Walraisa hat zwei massive Sto\u00dfz\u00e4hne, die mit einem Hieb\nEisbl\u00f6cke zertr\u00fcmmern k\u00f6nnen, die bis zu 10 t wiegen.\nEs besitzt eine dicke Speckschicht, die es vor eisigen\nTemperaturen sch\u00fctzt.",
      "language": {
        "name": "de",
        "url": "https://pokeapi.co/api/v2/language/6/"
      },
      "version": {
        "name": "omega-ruby",
        "url": "https://pokeapi.co/api/v2/version/25/"
      }
    },
    {
      "flavor_text": "Walrein tiene unos exagerados colmillos con los que puede\nhacer a\u00f1icos bloques de hielo de hasta 10 toneladas de una\nsola dentellada. La gruesa capa de grasa que lo recubre le\nprotege de temperaturas inferiores a 0 \u00b0C.",
      "language": {
        "name": "es",
        "url": "https://pokeapi.co/api/v2/language/7/"
      },
      "version": {
        "name": "omega-ruby",
        "url": "https://pokeapi.co/api/v2/version/25/"
      }
    },
    {
      "flavor_text": "Le due zanne molto sviluppate di Walrein sono in grado\ndi ridurre in polvere blocchi di ghiaccio del peso di\n100 quintali. Lo spesso strato di grasso attorno al corpo\nlo isola dalle rigide temperature polari.",
      "language": {
        "name": "it",
        "url": "https://pokeapi.co/api/v2/language/8/"
      },
      "version": {
        "name": "omega-ruby",
        "url": "https://pokeapi.co/api/v2/version/25/"
      }
    },
    {
      "flavor_text": "Walrein\u2019s two massively developed tusks can totally shatter\nblocks of ice weighing 10 tons with one blow. This Pok\u00e9mon\u2019s\nthick coat of blubber insulates it from subzero temperatures.",
      "language": {
        "name": "en",
        "url": "https://pokeapi.co/api/v2/language/9/"
      },
      "version": {
        "name": "omega-ruby",
        "url": "https://pokeapi.co/api/v2/version/25/"
      }
    },
    {
      "flavor_text": "\u767a\u9054\u3057\u305f\u3000\uff12\u672c\u306e\u3000\u30ad\u30d0\u306f\u3000\uff11\uff10\u30c8\u30f3\u3082\u3000\u3042\u308b\n\u6c37\u5c71\u3092\u3000\u4e00\u6483\u3067\u3000\u7c89\u7815\u3059\u308b\u3002\n\u8102\u80aa\u304c\u3000\u3076\u539a\u304f\u3000\u6c37\u70b9\u4e0b\u3067\u3082\u3000\u5e73\u6c17\u3002",
      "language": {
        "name": "ja",
        "url": "https://pokeapi.co/api/v2/language/11/"
      },
      "version": {
        "name": "omega-ruby",
        "url": "https://pokeapi.co/api/v2/version/25/"
      }
    },
    {
      "flavor_text": "\u304a\u304a\u304d\u306a\u3000\u30ad\u30d0\u3067\u3000\u3072\u3087\u3046\u3056\u3093\u3092\u3000\u304f\u3060\u304d\u306a\u304c\u3089\n\u3072\u3087\u3046\u3066\u3093\u304b\u306e\u3000\u3046\u307f\u3092\u3000\u304a\u3088\u304e\u307e\u308f\u308b\u3002\n\u3076\u3042\u3064\u3044\u3000\u3057\u307c\u3046\u304c\u3000\u3053\u3046\u3052\u304d\u3092\u3000\u306f\u306d\u304b\u3048\u3059\u3002",
      "language": {
        "name": "ja-Hrkt",
        "url": "https://pokeapi.co/api/v2/language/1/"
      },
      "version": {
        "name": "alpha-sapphire",
        "url": "https://pokeapi.co/api/v2/version/26/"
      }
    },
    {
      "flavor_text": "\ud070 \uc774\ube68\ub85c \ube59\uc0b0\uc744 \uae68\ud2b8\ub9ac\uba70\n\uc601\ud558\uc758 \ubc14\ub2e4\ub97c \ud5e4\uc5c4\uccd0 \ub2e4\ub2cc\ub2e4.\n\ub450\uaebc\uc6b4 \uc9c0\ubc29\uc774 \uacf5\uaca9\uc744 \ud295\uaca8\ub0b8\ub2e4.",
      "language": {
        "name": "ko",
        "url": "https://pokeapi.co/api/v2/language/3/"
      },
      "version": {
        "name": "alpha-sapphire",
        "url": "https://pokeapi.co/api/v2/version/26/"
      }
    },
    {
      "flavor_text": "Kaimorse nage dans l\u2019eau glac\u00e9e et d\u00e9truit les icebergs\nsur son passage \u00e0 l\u2019aide de ses grandes et impressionnantes\nd\u00e9fenses. Son \u00e9paisse couche de graisse lui permet de faire\nrebondir les attaques ennemies.",
      "language": {
        "name": "fr",
        "url": "https://pokeapi.co/api/v2/language/5/"
      },
      "version": {
        "name": "alpha-sapphire",
        "url": "https://pokeapi.co/api/v2/version/26/"
      }
    },
    {
      "flavor_text": "Walraisa schwimmt in eiskaltem Meerwasser und zertr\u00fcmmert\nEisberge mit seinen beeindruckenden Sto\u00dfz\u00e4hnen. Eine dicke\nSchicht aus Walfischspeck l\u00e4sst gegnerische Attacken von ihm\nabprallen.",
      "language": {
        "name": "de",
        "url": "https://pokeapi.co/api/v2/language/6/"
      },
      "version": {
        "name": "alpha-sapphire",
        "url": "https://pokeapi.co/api/v2/version/26/"
      }
    },
    {
      "flavor_text": "Walrein va nadando por mares glaciales y destrozando\nicebergs con los enormes e imponentes colmillos que tiene.\nLa gruesa capa de grasa que tiene en el cuerpo hace que los\nataques enemigos reboten y no le hagan ning\u00fan da\u00f1o.",
      "language": {
        "name": "es",
        "url": "https://pokeapi.co/api/v2/language/7/"
      },
      "version": {
        "name": "alpha-sapphire",
        "url": "https://pokeapi.co/api/v2/version/26/"
      }
    },
    {
      "flavor_text": "Walrein nuota in tutti i mari glaciali e frantuma gli iceberg con\nle sue enormi e potenti zanne. Lo spesso strato di grasso che\navvolge il suo corpo fa rimbalzare senza danno gli attacchi\nnemici.",
      "language": {
        "name": "it",
        "url": "https://pokeapi.co/api/v2/language/8/"
      },
      "version": {
        "name": "alpha-sapphire",
        "url": "https://pokeapi.co/api/v2/version/26/"
      }
    },
    {
      "flavor_text": "Walrein swims all over in frigid seawater while crushing\nicebergs with its grand, imposing tusks. Its thick layer of\nblubber makes enemy attacks bounce off harmlessly.",
      "language": {
        "name": "en",
        "url": "https://pokeapi.co/api/v2/language/9/"
      },
      "version": {
        "name": "alpha-sapphire",
        "url": "https://pokeapi.co/api/v2/version/26/"
      }
    },
    {
      "flavor_text": "\u5927\u304d\u306a\u3000\u30ad\u30d0\u3067\u3000\u6c37\u5c71\u3092\u3000\u7815\u304d\u306a\u304c\u3089\n\u6c37\u70b9\u4e0b\u306e\u3000\u6d77\u3092\u3000\u6cf3\u304e\u56de\u308b\u3002\n\u3076\u539a\u3044\u3000\u8102\u80aa\u304c\u3000\u653b\u6483\u3092\u3000\u8df3\u306d\u8fd4\u3059\u3002",
      "language": {
        "name": "ja",
        "url": "https://pokeapi.co/api/v2/language/11/"
      },
      "version": {
        "name": "alpha-sapphire",
        "url": "https://pokeapi.co/api/v2/version/26/"
      }
    },
    {
      "flavor_text": "\uff12\u3001\uff13\uff10\u3072\u304d\u3067\u3000\u3080\u308c\u3092\u3000\u3064\u304f\u308b\u3002\n\u3066\u304d\u306b\u3000\u304a\u305d\u308f\u308c\u308b\u3068\u3000\u30ea\u30fc\u30c0\u30fc\u306f\n\u304b\u3089\u3060\u3092\u3000\u306f\u3063\u3066\u3000\u3080\u308c\u3092\u3000\u307e\u3082\u308b\u3002",
      "language": {
        "name": "ja-Hrkt",
        "url": "https://pokeapi.co/api/v2/language/1/"
      },
      "version": {
        "name": "sword",
        "url": "https://pokeapi.co/api/v2/version/33/"
      }
    },
    {
      "flavor_text": "2, 30\ub9c8\ub9ac\uac00 \ubb34\ub9ac\ub97c \uc774\ub8ec\ub2e4.\n\uc801\uc5d0\uac8c \uacf5\uaca9\ubc1b\uc73c\uba74 \ub9ac\ub354\ub294\n\ubab8\uc744 \ub358\uc838\uc11c \ubb34\ub9ac\ub97c \uc9c0\ud0a8\ub2e4.",
      "language": {
        "name": "ko",
        "url": "https://pokeapi.co/api/v2/language/3/"
      },
      "version": {
        "name": "sword",
        "url": "https://pokeapi.co/api/v2/version/33/"
      }
    },
    {
      "flavor_text": "\u6703\u7531\uff12\u3001\uff13\uff10\u96bb\u7fa4\u5c45\u751f\u6d3b\u3002\n\u53d7\u5230\u6575\u4eba\u653b\u64ca\u6642\uff0c\u9996\u9818\u6703\n\u596e\u4e0d\u9867\u8eab\u5730\u4fdd\u8b77\u7fa4\u9ad4\u3002",
      "language": {
        "name": "zh-Hant",
        "url": "https://pokeapi.co/api/v2/language/4/"
      },
      "version": {
        "name": "sword",
        "url": "https://pokeapi.co/api/v2/version/33/"
      }
    },
    {
      "flavor_text": "Ils vivent en groupes de 20 \u00e0 30 individus.\nSi un ennemi les attaque, le chef s\u2019interpose\npour tous les prot\u00e9ger, au p\u00e9ril de sa vie.",
      "language": {
        "name": "fr",
        "url": "https://pokeapi.co/api/v2/language/5/"
      },
      "version": {
        "name": "sword",
        "url": "https://pokeapi.co/api/v2/version/33/"
      }
    },
    {
      "flavor_text": "Es bildet mit 20 bis 30 Artgenossen eine Herde.\nWird diese angegriffen, verteidigt der Anf\u00fchrer\nsie unter Einsatz seines Lebens.",
      "language": {
        "name": "de",
        "url": "https://pokeapi.co/api/v2/language/6/"
      },
      "version": {
        "name": "sword",
        "url": "https://pokeapi.co/api/v2/version/33/"
      }
    },
    {
      "flavor_text": "Forman manadas de unos 20 o 30 individuos. Si\nel grupo se ve atacado por un enemigo, el l\u00edder\nse interpondr\u00e1 para proteger al resto.",
      "language": {
        "name": "es",
        "url": "https://pokeapi.co/api/v2/language/7/"
      },
      "version": {
        "name": "sword",
        "url": "https://pokeapi.co/api/v2/version/33/"
      }
    },
    {
      "flavor_text": "Vive in branchi di 20-30 esemplari. In caso\ndi attacco nemico, il capo protegge il gruppo\na costo della vita.",
      "language": {
        "name": "it",
        "url": "https://pokeapi.co/api/v2/language/8/"
      },
      "version": {
        "name": "sword",
        "url": "https://pokeapi.co/api/v2/version/33/"
      }
    },
    {
      "flavor_text": "Walrein form herds of 20 to 30 individuals.\nWhen a threat appears, the herd\u2019s leader will\nprotect the group with its life.",
      "language": {
        "name": "en",
        "url": "https://pokeapi.co/api/v2/language/9/"
      },
      "version": {
        "name": "sword",
        "url": "https://pokeapi.co/api/v2/version/33/"
      }
    },
    {
      "flavor_text": "\uff12\u3001\uff13\uff10\u5339\u3067\u3000\u7fa4\u308c\u3092\u3000\u3064\u304f\u308b\u3002\n\u6575\u306b\u3000\u8972\u308f\u308c\u308b\u3068\u3000\u30ea\u30fc\u30c0\u30fc\u306f\n\u4f53\u3092\u3000\u5f35\u3063\u3066\u3000\u7fa4\u308c\u3092\u3000\u5b88\u308b\u3002",
      "language": {
        "name": "ja",
        "url": "https://pokeapi.co/api/v2/language/11/"
      },
      "version": {
        "name": "sword",
        "url": "https://pokeapi.co/api/v2/version/33/"
      }
    },
    {
      "flavor_text": "\uff12\u3001\uff13\uff10\u53ea\u4e00\u8d77\u7fa4\u5c45\u3002\n\u53d7\u5230\u654c\u4eba\u88ad\u51fb\u65f6\uff0c\n\u9996\u9886\u4f1a\u62fc\u547d\u4fdd\u62a4\u65cf\u7fa4\u3002",
      "language": {
        "name": "zh-Hans",
        "url": "https://pokeapi.co/api/v2/language/12/"
      },
      "version": {
        "name": "sword",
        "url": "https://pokeapi.co/api/v2/version/33/"
      }
    },
    {
      "flavor_text": "\u30ad\u30d0\u306f\u3000\u3044\u3063\u3057\u3087\u3046\u3000\u306e\u3073\u3064\u3065\u3051\u308b\u3002\n\u305f\u305f\u304b\u3044\u3067\u3000\u304a\u308c\u3066\u3082\u3000\uff11\u306d\u3093\u3042\u308c\u3070\n\u3082\u3068\u306e\u3000\u308a\u3063\u3071\u306a\u3000\u30ad\u30d0\u306b\u3000\u3082\u3069\u308b\u3002",
      "language": {
        "name": "ja-Hrkt",
        "url": "https://pokeapi.co/api/v2/language/1/"
      },
      "version": {
        "name": "shield",
        "url": "https://pokeapi.co/api/v2/version/34/"
      }
    },
    {
      "flavor_text": "\uc774\ube68\uc740 \ud3c9\uc0dd \uc790\ub780\ub2e4.\n\uc2f8\uc6b0\ub2e4 \ubd80\ub7ec\uc838\ub3c4 1\ub144\uc774 \uc9c0\ub098\uba74\n\uc6d0\ub798\uc758 \ud6cc\ub96d\ud55c \uc774\ube68\ub85c \ubcf5\uc6d0\ub41c\ub2e4.",
      "language": {
        "name": "ko",
        "url": "https://pokeapi.co/api/v2/language/3/"
      },
      "version": {
        "name": "shield",
        "url": "https://pokeapi.co/api/v2/version/34/"
      }
    },
    {
      "flavor_text": "\u7360\u7259\u6703\u4e00\u8f29\u5b50\u4e0d\u505c\u5730\u6210\u9577\u3002\n\u5373\u4f7f\u5728\u6230\u9b25\u4e2d\u6298\u65b7\uff0c\u4e5f\u53ea\u9700\u8981\n\uff11\u5e74\u7684\u6642\u9593\u5c31\u53c8\u80fd\u9577\u5f97\u5de8\u5927\u5982\u521d\u3002",
      "language": {
        "name": "zh-Hant",
        "url": "https://pokeapi.co/api/v2/language/4/"
      },
      "version": {
        "name": "shield",
        "url": "https://pokeapi.co/api/v2/version/34/"
      }
    },
    {
      "flavor_text": "Ses d\u00e9fenses poussent tout au long de sa vie.\nSi l\u2019une d\u2019elles se brise au cours d\u2019un combat,\nau bout d\u2019un an, elle aura repouss\u00e9 enti\u00e8rement.",
      "language": {
        "name": "fr",
        "url": "https://pokeapi.co/api/v2/language/5/"
      },
      "version": {
        "name": "shield",
        "url": "https://pokeapi.co/api/v2/version/34/"
      }
    },
    {
      "flavor_text": "Die Sto\u00dfz\u00e4hne wachsen sein Leben lang. Selbst,\nwenn sie im Kampf abbrechen, erreichen sie nach\nnur einem Jahr wieder ihre alte imposante Gr\u00f6\u00dfe.",
      "language": {
        "name": "de",
        "url": "https://pokeapi.co/api/v2/language/6/"
      },
      "version": {
        "name": "shield",
        "url": "https://pokeapi.co/api/v2/version/34/"
      }
    },
    {
      "flavor_text": "Sus colmillos nunca dejan de crecer. Aunque los\npierda en un combate, al cabo de un a\u00f1o ya los\nhabr\u00e1 regenerado por completo.",
      "language": {
        "name": "es",
        "url": "https://pokeapi.co/api/v2/language/7/"
      },
      "version": {
        "name": "shield",
        "url": "https://pokeapi.co/api/v2/version/34/"
      }
    },
    {
      "flavor_text": "Le sue zanne continuano a crescere per tutta la\nvita. Se si spezzano mentre lotta, tornano\nforti e robuste nell\u2019arco di un anno.",
      "language": {
        "name": "it",
        "url": "https://pokeapi.co/api/v2/language/8/"
      },
      "version": {
        "name": "shield",
        "url": "https://pokeapi.co/api/v2/version/34/"
      }
    },
    {
      "flavor_text": "Walrein\u2019s tusks keep growing throughout its life.\nTusks broken in battle will grow back to their\nusual impressive size in a year.",
      "language": {
        "name": "en",
        "url": "https://pokeapi.co/api/v2/language/9/"
      },
      "version": {
        "name": "shield",
        "url": "https://pokeapi.co/api/v2/version/34/"
      }
    },
    {
      "flavor_text": "\u30ad\u30d0\u306f\u3000\u4e00\u751f\u3000\u4f38\u3073\u7d9a\u3051\u308b\u3002\n\u6226\u3044\u3067\u3000\u6298\u308c\u3066\u3082\u3000\uff11\u5e74\u3042\u308c\u3070\n\u3082\u3068\u306e\u3000\u7acb\u6d3e\u306a\u3000\u30ad\u30d0\u306b\u3000\u3082\u3069\u308b\u3002",
      "language": {
        "name": "ja",
        "url": "https://pokeapi.co/api/v2/language/11/"
      },
      "version": {
        "name": "shield",
        "url": "https://pokeapi.co/api/v2/version/34/"
      }
    },
    {
      "flavor_text": "\u5b83\u7684\u7360\u7259\u4e00\u751f\u90fd\u4f1a\u6301\u7eed\u751f\u957f\u3002\n\u5373\u4f7f\u5728\u6218\u6597\u4e2d\u88ab\u6298\u65ad\u4e5f\u80fd\u9010\u6e10\u6062\u590d\uff0c\n\u53ea\u9700\u8981\uff11\u5e74\u7684\u65f6\u95f4\u4fbf\u80fd\u5b8c\u597d\u5982\u521d\u3002",
      "language": {
        "name": "zh-Hans",
        "url": "https://pokeapi.co/api/v2/language/12/"
      },
      "version": {
        "name": "shield",
        "url": "https://pokeapi.co/api/v2/version/34/"
      }
    },
    {
      "flavor_text": "Its thick tusks are strong enough to shatter drift ice. They have\nbeen known to break, but they will grow back by the next year.\nThe Hisui region is well known for these broken tusks.",
      "language": {
        "name": "en",
        "url": "https://pokeapi.co/api/v2/language/9/"
      },
      "version": {
        "name": "legends-arceus",
        "url": "https://pokeapi.co/api/v2/version/39/"
      }
    }
  ],
  "form_descriptions": [],
  "forms_switchable": false,
  "gender_rate": 4,
  "genera": [
    {
      "genus": "\u3053\u304a\u308a\u308f\u308a\u30dd\u30b1\u30e2\u30f3",
      "language": {
        "name": "ja-Hrkt",
        "url": "https://pokeapi.co/api/v2/language/1/"
      }
    },
    {
      "genus": "\uc5bc\uc74c\uae68\uae30\ud3ec\ucf13\ubaac",
      "language": {
        "name": "ko",
        "url": "https://pokeapi.co/api/v2/language/3/"
      }
    },
    {
      "genus": "\u7834\u51b0\u5bf6\u53ef\u5922",
      "language": {
        "name": "zh-Hant",
        "url": "https://pokeapi.co/api/v2/language/4/"
      }
    },
    {
      "genus": "Pok\u00e9mon Brise Glace",
      "language": {
        "name": "fr",
        "url": "https://pokeapi.co/api/v2/language/5/"
      }
    },
    {
      "genus": "Eisbrecher-Pok\u00e9mon",
      "language": {
        "name": "de",
        "url": "https://pokeapi.co/api/v2/language/6/"
      }
    },
    {
      "genus": "Pok\u00e9mon Rompehielo",
      "language": {
        "name": "es",
        "url": "https://pokeapi.co/api/v2/language/7/"
      }
    },
    {
      "genus": "Pok\u00e9mon Spaccagelo",
      "language": {
        "name": "it",
        "url": "https://pokeapi.co/api/v2/language/8/"
      }
    },
    {
      "genus": "Ice Break Pok\u00e9mon",
      "language": {
        "name": "en",
        "url": "https://pokeapi.co/api/v2/language/9/"
      }
    },
    {
      "genus": "\u3053\u304a\u308a\u308f\u308a\u30dd\u30b1\u30e2\u30f3",
      "language": {
        "name": "ja",
        "url": "https://pokeapi.co/api/v2/language/11/"
      }
    },
    {
      "genus": "\u7834\u51b0\u5b9d\u53ef\u68a6",
      "language": {
        "name": "zh-Hans",
        "url": "https://pokeapi.co/api/v2/language/12/"
      }
    }
  ],
  "generation": {
    "name": "generation-iii",
    "url": "https://pokeapi.co/api/v2/generation/3/"
  },
  "growth_rate": {
    "name": "medium-slow",
    "url": "https://pokeapi.co/api/v2/growth-rate/4/"
  },
  "habitat": {
    "name": "sea",
    "url": "https://pokeapi.co/api/v2/pokemon-habitat/7/"
  },
  "has_gender_differences": false,
  "hatch_counter": 20,
  "id": 365,
  "is_baby": false,
  "is_legendary": false,
  "is_mythical": false,
  "name": "walrein",
  "names": [
    {
      "language": {
        "name": "ja-Hrkt",
        "url": "https://pokeapi.co/api/v2/language/1/"
      },
      "name": "\u30c8\u30c9\u30bc\u30eb\u30ac"
    },
    {
      "language": {
        "name": "roomaji",
        "url": "https://pokeapi.co/api/v2/language/2/"
      },
      "name": "Todoseruga"
    },
    {
      "language": {
        "name": "ko",
        "url": "https://pokeapi.co/api/v2/language/3/"
      },
      "name": "\uc528\uce74\uc774\uc800"
    },
    {
      "language": {
        "name": "zh-Hant",
        "url": "https://pokeapi.co/api/v2/language/4/"
      },
      "name": "\u5e1d\u7259\u6d77\u7345"
    },
    {
      "language": {
        "name": "fr",
        "url": "https://pokeapi.co/api/v2/language/5/"
      },
      "name": "Kaimorse"
    },
    {
      "language": {
        "name": "de",
        "url": "https://pokeapi.co/api/v2/language/6/"
      },
      "name": "Walraisa"
    },
    {
      "language": {
        "name": "es",
        "url": "https://pokeapi.co/api/v2/language/7/"
      },
      "name": "Walrein"
    },
    {
      "language": {
        "name": "it",
        "url": "https://pokeapi.co/api/v2/language/8/"
      },
      "name": "Walrein"
    },
    {
      "language": {
        "name": "en",
        "url": "https://pokeapi.co/api/v2/language/9/"
      },
      "name": "Walrein"
    },
    {
      "language": {
        "name": "ja",
        "url": "https://pokeapi.co/api/v2/language/11/"
      },
      "name": "\u30c8\u30c9\u30bc\u30eb\u30ac"
    },
    {
      "language": {
        "name": "zh-Hans",
        "url": "https://pokeapi.co/api/v2/language/12/"
      },
      "name": "\u5e1d\u7259\u6d77\u72ee"
    }
  ],
  "order": 395,
  "pal_park_encounters": [
    {
      "area": {
        "name": "sea",
        "url": "https://pokeapi.co/api/v2/pal-park-area/5/"
      },
      "base_score": 80,
      "rate": 10
    }
  ],
  "pokedex_numbers": [
    {
      "entry_number": 365,
      "pokedex": {
        "name": "national",
        "url": "https://pokeapi.co/api/v2/pokedex/1/"
      }
    },
    {
      "entry_number": 175,
      "pokedex": {
        "name": "hoenn",
        "url": "https://pokeapi.co/api/v2/pokedex/4/"
      }
    },
    {
      "entry_number": 245,
      "pokedex": {
        "name": "updated-unova",
        "url": "https://pokeapi.co/api/v2/pokedex/9/"
      }
    },
    {
      "entry_number": 62,
      "pokedex": {
        "name": "conquest-gallery",
        "url": "https://pokeapi.co/api/v2/pokedex/11/"
      }
    },
    {
      "entry_number": 184,
      "pokedex": {
        "name": "updated-hoenn",
        "url": "https://pokeapi.co/api/v2/pokedex/15/"
      }
    },
    {
      "entry_number": 161,
      "pokedex": {
        "name": "crown-tundra",
        "url": "https://pokeapi.co/api/v2/pokedex/29/"
      }
    },
    {
      "entry_number": 145,
      "pokedex": {
        "name": "hisui",
        "url": "https://pokeapi.co/api/v2/pokedex/30/"
      }
    }
  ],
  "shape": {
    "name": "quadruped",
    "url": "https://pokeapi.co/api/v2/pokemon-shape/8/"
  },
  "varieties": [
    {
      "is_default": true,
      "pokemon": {
        "name": "walrein",
        "url": "https://pokeapi.co/api/v2/pokemon/365/"
      }
    }
  ]
}