{"id": 699, "name": "aurorus", "types": [{"slot": 1, "type": {"name": "rock", "url": "https://pokeapi.co/api/v2/type/6/"}}, {"slot": 2, "type": {"name": "ice", "url": "https://pokeapi.co/api/v2/type/15/"}}], "stats": [{"base_stat": 123, "effort": 2, "stat": {"name": "hp", "url": "https://pokeapi.co/api/v2/stat/1/"}}, {"base_stat": 77, "effort": 0, "stat": {"name": "attack", "url": "https://pokeapi.co/api/v2/stat/2/"}}, {"base_stat": 72, "effort": 0, "stat": {"name": "defense", "url": "https://pokeapi.co/api/v2/stat/3/"}}, {"base_stat": 99, "effort": 0, "stat": {"name": "special-attack", "url": "https://pokeapi.co/api/v2/stat/4/"}}, {"base_stat": 92, "effort": 0, "stat": {"name": "special-defense", "url": "https://pokeapi.co/api/v2/stat/5/"}}, {"base_stat": 58, "effort": 0, "stat": {"name": "speed", "url": "https://pokeapi.co/api/v2/stat/6/"}}], "abilities": [{"ability": {"name": "refrigerate", "url": "https://pokeapi.co/api/v2/ability/174/"}, "is_hidden": false, "slot": 1}, {"ability": {"name": "snow-warning", "url": "https://pokeapi.co/api/v2/ability/117/"}, "is_hidden": true, "slot": 3}], "sprites": {"front_default": "https://raw.githubusercontent.com/PokeAPI/sprites/master/sprites/pokemon/699.png"}, "moves": [{"move": {"name": "body-slam"}, "earliest_level": null}, {"move": {"name": "take-down"}, "earliest_level": 15}, {"move": {"name": "growl"}, "earliest_level": 1}, {"move": {"name": "roar"}, "earliest_level": null}, {"move": {"name": "mist"}, "earliest_level": 18}, {"move": {"name": "ice-beam"}, "earliest_level": 42}, {"move": {"name": "blizzard"}, "earliest_level": 60}, {"move": {"name": "aurora-beam"}, "earliest_level": 20}, {"move": {"name": "hyper-beam"}, "earliest_level": 63}, {"move": {"name": "thunderbolt"}, "earliest_level": null}, {"move": {"name": "thunder-wave"}, "earliest_level": 1}, {"move": {"name": "thunder"}, "earliest_level": null}, {"move": {"name": "rock-throw"}, "earliest_level": 1}, {"move": {"name": "earthquake"}, "earliest_level": null}, {"move": {"name": "toxic"}, "earliest_level": null}, {"move": {"name": "psychic"}, "earliest_level": null}, {"move": {"name": "double-team"}, "earliest_level": null}, {"move": {"name": "light-screen"}, "earliest_level": 48}, {"move": {"name": "reflect"}, "earliest_level": null}, {"move": {"name": "dream-eater"}, "earliest_level": null}, {"move": {"name": "flash"}, "earliest_level": null}, {"move": {"name": "rest"}, "earliest_level": null}, {"move": {"name": "rock-slide"}, "earliest_level": null}, {"move": {"name": "substitute"}, "earliest_level": null}, {"move": {"name": "snore"}, "earliest_level": null}, {"move": {"name": "powder-snow"}, "earliest_level": 1}, {"move": {"name": "protect"}, "earliest_level": null}, {"move": {"name": "icy-wind"}, "earliest_level": 12}, {"move": {"name": "outrage"}, "earliest_level": null}, {"move": {"name": "sandstorm"}, "earliest_level": null}, {"move": {"name": "endure"}, "earliest_level": null}, {"move": {"name": "swagger"}, "earliest_level": null}, {"move": {"name": "attract"}, "earliest_level": null}, {"move": {"name": "sleep-talk"}, "earliest_level": null}, {"move": {"name": "return"}, "earliest_level": null}, {"move": {"name": "frustration"}, "earliest_level": null}, {"move": {"name": "safeguard"}, "earliest_level": null}, {"move": {"name": "encore"}, "earliest_level": 1}, {"move": {"name": "iron-tail"}, "earliest_level": null}, {"move": {"name": "hidden-power"}, "earliest_level": null}, {"move": {"name": "rain-dance"}, "earliest_level": null}, {"move": {"name": "psych-up"}, "earliest_level": null}, {"move": {"name": "ancient-power"}, "earliest_level": 1}, {"move": {"name": "rock-smash"}, "earliest_level": null}, {"move": {"name": "hail"}, "earliest_level": 38}, {"move": {"name": "facade"}, "earliest_level": null}, {"move": {"name": "nature-power"}, "earliest_level": 32}, {"move": {"name": "secret-power"}, "earliest_level": null}, {"move": {"name": "hyper-voice"}, "earliest_level": null}, {"move": {"name": "weather-ball"}, "earliest_level": null}, {"move": {"name": "rock-tomb"}, "earliest_level": null}, {"move": {"name": "icicle-spear"}, "earliest_level": null}, {"move": {"name": "iron-defense"}, "earliest_level": null}, {"move": {"name": "mud-shot"}, "earliest_level": null}, {"move": {"name": "calm-mind"}, "earliest_level": null}, {"move": {"name": "rock-blast"}, "earliest_level": null}, {"move": {"name": "water-pulse"}, "earliest_level": null}, {"move": {"name": "magnet-rise"}, "earliest_level": null}, {"move": {"name": "rock-polish"}, "earliest_level": null}, {"move": {"name": "dark-pulse"}, "earliest_level": null}, {"move": {"name": "aqua-tail"}, "earliest_level": null}, {"move": {"name": "earth-power"}, "earliest_level": null}, {"move": {"name": "giga-impact"}, "earliest_level": null}, {"move": {"name": "avalanche"}, "earliest_level": 34}, {"move": {"name": "zen-headbutt"}, "earliest_level": null}, {"move": {"name": "flash-cannon"}, "earliest_level": null}, {"move": {"name": "iron-head"}, "earliest_level": null}, {"move": {"name": "stone-edge"}, "earliest_level": null}, {"move": {"name": "stealth-rock"}, "earliest_level": null}, {"move": {"name": "charge-beam"}, "earliest_level": null}, {"move": {"name": "round"}, "earliest_level": 16}, {"move": {"name": "echoed-voice"}, "earliest_level": null}, {"move": {"name": "bulldoze"}, "earliest_level": null}, {"move": {"name": "frost-breath"}, "earliest_level": null}, {"move": {"name": "dragon-tail"}, "earliest_level": null}, {"move": {"name": "freeze-dry"}, "earliest_level": 1}, {"move": {"name": "confide"}, "earliest_level": null}, {"move": {"name": "meteor-beam"}, "earliest_level": null}], "species": {"url": "https://pokeapi.co/api/v2/pokemon-species/699/"}, "height": 27, "weight": 2250}