{"flavor_text_entries": [{"flavor_text": "Because it stores\nseveral kinds of\ntoxic gases in\fits body, it is\nprone to exploding\nwithout warning.", "language": {"name": "en", "url": "https://pokeapi.co/api/v2/language/9/"}, "version": {"name": "red", "url": "https://pokeapi.co/api/v2/version/1/"}}, {"flavor_text": "Because it stores\nseveral kinds of\ntoxic gases in\fits body, it is\nprone to exploding\nwithout warning.", "language": {"name": "en", "url": "https://pokeapi.co/api/v2/language/9/"}, "version": {"name": "blue", "url": "https://pokeapi.co/api/v2/version/2/"}}, {"flavor_text": "In hot places, its\ninternal gases\ncould expand and\fexplode without\nany warning. Be\nvery careful!", "language": {"name": "en", "url": "https://pokeapi.co/api/v2/language/9/"}, "version": {"name": "yellow", "url": "https://pokeapi.co/api/v2/version/3/"}}, {"flavor_text": "Its thin, filmy\nbody is filled\nwith gases that\fcause constant\nsniffles, coughs\nand teary eyes.", "language": {"name": "en", "url": "https://pokeapi.co/api/v2/language/9/"}, "version": {"name": "gold", "url": "https://pokeapi.co/api/v2/version/4/"}}, {"flavor_text": "The poisonous\ngases it contains\nare a little bit\flighter than air,\nkeeping it slight\u00ad\nly airborne.", "language": {"name": "en", "url": "https://pokeapi.co/api/v2/language/9/"}, "version": {"name": "silver", "url": "https://pokeapi.co/api/v2/version/5/"}}, {"flavor_text": "If one gets close\nenough to it when\nit expels poison\u00ad\fous gas, the gas\nswirling inside it\ncan be seen.", "language": {"name": "en", "url": "https://pokeapi.co/api/v2/language/9/"}, "version": {"name": "crystal", "url": "https://pokeapi.co/api/v2/version/6/"}}, {"flavor_text": "If KOFFING becomes agitated, it raises\nthe toxicity of its internal gases and\njets them out from all over its body.\fThis POK\u00e9MON may also overinflate its\nround body, then explode.", "language": {"name": "en", "url": "https://pokeapi.co/api/v2/language/9/"}, "version": {"name": "ruby", "url": "https://pokeapi.co/api/v2/version/7/"}}, {"flavor_text": "KOFFING embodies toxic substances.\nIt mixes the toxins with raw garbage to\nset off a chemical reaction that\fresults in a terribly powerful poison\ngas. The higher the temperature, the\nmore gas is concocted by this POK\u00e9MON.", "language": {"name": "en", "url": "https://pokeapi.co/api/v2/language/9/"}, "version": {"name": "sapphire", "url": "https://pokeapi.co/api/v2/version/8/"}}, {"flavor_text": "Getting up close to a KOFFING will give\nyou a chance to observe, through its thin\nskin, the toxic gases swirling inside. It\nblows up at the slightest stimulation.", "language": {"name": "en", "url": "https://pokeapi.co/api/v2/language/9/"}, "version": {"name": "emerald", "url": "https://pokeapi.co/api/v2/version/9/"}}, {"flavor_text": "Its thin, balloon-like body is inflated by\nhorribly toxic gases. It reeks when it is\nnearby.", "language": {"name": "en", "url": "https://pokeapi.co/api/v2/language/9/"}, "version": {"name": "firered", "url": "https://pokeapi.co/api/v2/version/10/"}}, {"flavor_text": "Because it stores several kinds of toxic\ngases in its body, it is prone to\nexploding without warning.", "language": {"name": "en", "url": "https://pokeapi.co/api/v2/language/9/"}, "version": {"name": "leafgreen", "url": "https://pokeapi.co/api/v2/version/11/"}}, {"flavor_text": "Lighter-than-air gases in its body\nkeep it aloft. The gases not only\nsmell, they are also explosive.", "language": {"name": "en", "url": "https://pokeapi.co/api/v2/language/9/"}, "version": {"name": "diamond", "url": "https://pokeapi.co/api/v2/version/12/"}}, {"flavor_text": "Lighter-than-air gases in its body\nkeep it aloft. The gases not only\nsmell, they are also explosive.", "language": {"name": "en", "url": "https://pokeapi.co/api/v2/language/9/"}, "version": {"name": "pearl", "url": "https://pokeapi.co/api/v2/version/13/"}}, {"flavor_text": "Lighter-than-air gases in its body\nkeep it aloft. The gases not only\nsmell, they are also explosive.", "language": {"name": "en", "url": "https://pokeapi.co/api/v2/language/9/"}, "version": {"name": "platinum", "url": "https://pokeapi.co/api/v2/version/14/"}}, {"flavor_text": "Its thin, filmy body is filled\nwith gases that cause constant\nsniffles, coughs and teary eyes.", "language": {"name": "en", "url": "https://pokeapi.co/api/v2/language/9/"}, "version": {"name": "heartgold", "url": "https://pokeapi.co/api/v2/version/15/"}}, {"flavor_text": "The poisonous gases it contains\nare a little bit lighter than air,\nkeeping it slightly airborne.", "language": {"name": "en", "url": "https://pokeapi.co/api/v2/language/9/"}, "version": {"name": "soulsilver", "url": "https://pokeapi.co/api/v2/version/16/"}}, {"flavor_text": "Lighter-than-air gases in its body\nkeep it aloft. The gases not only\nsmell, they are also explosive.", "language": {"name": "en", "url": "https://pokeapi.co/api/v2/language/9/"}, "version": {"name": "black", "url": "https://pokeapi.co/api/v2/version/17/"}}, {"flavor_text": "Lighter-than-air gases in its body\nkeep it aloft. The gases not only\nsmell, they are also explosive.", "language": {"name": "en", "url": "https://pokeapi.co/api/v2/language/9/"}, "version": {"name": "white", "url": "https://pokeapi.co/api/v2/version/18/"}}, {"flavor_text": "Toxic gas is held within its thin,\nballoon-shaped body, so it can\ncause massive explosions.", "language": {"name": "en", "url": "https://pokeapi.co/api/v2/language/9/"}, "version": {"name": "black-2", "url": "https://pokeapi.co/api/v2/version/21/"}}, {"flavor_text": "Toxic gas is held within its thin,\nballoon-shaped body, so it can\ncause massive explosions.", "language": {"name": "en", "url": "https://pokeapi.co/api/v2/language/9/"}, "version": {"name": "white-2", "url": "https://pokeapi.co/api/v2/version/22/"}}, {"flavor_text": "Its thin, balloon-like body is inflated by horribly\ntoxic gases. It reeks when it is nearby.", "language": {"name": "en", "url": "https://pokeapi.co/api/v2/language/9/"}, "version": {"name": "x", "url": "https://pokeapi.co/api/v2/version/23/"}}, {"flavor_text": "Lighter-than-air gases in its body keep it aloft.\nThe gases not only smell, they are also explosive.", "language": {"name": "en", "url": "https://pokeapi.co/api/v2/language/9/"}, "version": {"name": "y", "url": "https://pokeapi.co/api/v2/version/24/"}}, {"flavor_text": "If Koffing becomes agitated, it raises the toxicity of its internal\ngases and jets them out from all over its body. This Pok\u00e9mon\nmay also overinflate its round body, then explode.", "language": {"name": "en", "url": "https://pokeapi.co/api/v2/language/9/"}, "version": {"name": "omega-ruby", "url": "https://pokeapi.co/api/v2/version/25/"}}, {"flavor_text": "Koffing embodies toxic substances. It mixes the toxins with raw\ngarbage to set off a chemical reaction that results in a terribly\npowerful poison gas. The higher the temperature, the more gas\nis concocted by this Pok\u00e9mon.", "language": {"name": "en", "url": "https://pokeapi.co/api/v2/language/9/"}, "version": {"name": "alpha-sapphire", "url": "https://pokeapi.co/api/v2/version/26/"}}, {"flavor_text": "In hot places, its internal gases could\nexpand and explode without any warning.\nBe very careful!", "language": {"name": "en", "url": "https://pokeapi.co/api/v2/language/9/"}, "version": {"name": "lets-go-pikachu", "url": "https://pokeapi.co/api/v2/version/31/"}}, {"flavor_text": "In hot places, its internal gases could\nexpand and explode without any warning.\nBe very careful!", "language": {"name": "en", "url": "https://pokeapi.co/api/v2/language/9/"}, "version": {"name": "lets-go-eevee", "url": "https://pokeapi.co/api/v2/version/32/"}}, {"flavor_text": "Its body is full of poisonous gas. It floats into\ngarbage dumps, seeking out the fumes of raw,\nrotting trash.", "language": {"name": "en", "url": "https://pokeapi.co/api/v2/language/9/"}, "version": {"name": "sword", "url": "https://pokeapi.co/api/v2/version/33/"}}, {"flavor_text": "It adores polluted air. Some claim that Koffing\nused to be more plentiful in the Galar region\nthan they are now.", "language": {"name": "en", "url": "https://pokeapi.co/api/v2/language/9/"}, "version": {"name": "shield", "url": "https://pokeapi.co/api/v2/version/34/"}}], "evolution_chain": {"url": "https://pokeapi.co/api/v2/evolution-chain/49/"}}