{"id": 566, "name": "archen", "types": [{"slot": 1, "type": {"name": "rock", "url": "https://pokeapi.co/api/v2/type/6/"}}, {"slot": 2, "type": {"name": "flying", "url": "https://pokeapi.co/api/v2/type/3/"}}], "stats": [{"base_stat": 55, "effort": 0, "stat": {"name": "hp", "url": "https://pokeapi.co/api/v2/stat/1/"}}, {"base_stat": 112, "effort": 1, "stat": {"name": "attack", "url": "https://pokeapi.co/api/v2/stat/2/"}}, {"base_stat": 45, "effort": 0, "stat": {"name": "defense", "url": "https://pokeapi.co/api/v2/stat/3/"}}, {"base_stat": 74, "effort": 0, "stat": {"name": "special-attack", "url": "https://pokeapi.co/api/v2/stat/4/"}}, {"base_stat": 45, "effort": 0, "stat": {"name": "special-defense", "url": "https://pokeapi.co/api/v2/stat/5/"}}, {"base_stat": 70, "effort": 0, "stat": {"name": "speed", "url": "https://pokeapi.co/api/v2/stat/6/"}}], "abilities": [{"ability": {"name": "defeatist", "url": "https://pokeapi.co/api/v2/ability/129/"}, "is_hidden": false, "slot": 1}], "sprites": {"front_default": "https://raw.githubusercontent.com/PokeAPI/sprites/master/sprites/pokemon/566.png"}, "moves": [{"move": {"name": "cut"}, "earliest_level": null}, {"move": {"name": "wing-attack"}, "earliest_level": 1}, {"move": {"name": "thrash"}, "earliest_level": 42}, {"move": {"name": "leer"}, "earliest_level": 1}, {"move": {"name": "bite"}, "earliest_level": null}, {"move": {"name": "roar"}, "earliest_level": null}, {"move": {"name": "rock-throw"}, "earliest_level": 3}, {"move": {"name": "earthquake"}, "earliest_level": null}, {"move": {"name": "dig"}, "earliest_level": null}, {"move": {"name": "toxic"}, "earliest_level": null}, {"move": {"name": "agility"}, "earliest_level": 21}, {"move": {"name": "quick-attack"}, "earliest_level": 1}, {"move": {"name": "double-team"}, "earliest_level": 8}, {"move": {"name": "swift"}, "earliest_level": null}, {"move": {"name": "rest"}, "earliest_level": null}, {"move": {"name": "rock-slide"}, "earliest_level": 24}, {"move": {"name": "substitute"}, "earliest_level": null}, {"move": {"name": "snore"}, "earliest_level": null}, {"move": {"name": "protect"}, "earliest_level": null}, {"move": {"name": "scary-face"}, "earliest_level": 11}, {"move": {"name": "sandstorm"}, "earliest_level": null}, {"move": {"name": "endure"}, "earliest_level": null}, {"move": {"name": "swagger"}, "earliest_level": null}, {"move": {"name": "steel-wing"}, "earliest_level": null}, {"move": {"name": "attract"}, "earliest_level": null}, {"move": {"name": "sleep-talk"}, "earliest_level": null}, {"move": {"name": "return"}, "earliest_level": null}, {"move": {"name": "frustration"}, "earliest_level": null}, {"move": {"name": "dragon-breath"}, "earliest_level": 9}, {"move": {"name": "iron-tail"}, "earliest_level": null}, {"move": {"name": "hidden-power"}, "earliest_level": null}, {"move": {"name": "crunch"}, "earliest_level": 30}, {"move": {"name": "ancient-power"}, "earliest_level": 12}, {"move": {"name": "rock-smash"}, "earliest_level": null}, {"move": {"name": "uproar"}, "earliest_level": null}, {"move": {"name": "heat-wave"}, "earliest_level": null}, {"move": {"name": "torment"}, "earliest_level": null}, {"move": {"name": "facade"}, "earliest_level": null}, {"move": {"name": "taunt"}, "earliest_level": null}, {"move": {"name": "knock-off"}, "earliest_level": null}, {"move": {"name": "endeavor"}, "earliest_level": 38}, {"move": {"name": "secret-power"}, "earliest_level": null}, {"move": {"name": "rock-tomb"}, "earliest_level": null}, {"move": {"name": "aerial-ace"}, "earliest_level": null}, {"move": {"name": "iron-defense"}, "earliest_level": null}, {"move": {"name": "dragon-claw"}, "earliest_level": 39}, {"move": {"name": "bounce"}, "earliest_level": null}, {"move": {"name": "rock-blast"}, "earliest_level": null}, {"move": {"name": "roost"}, "earliest_level": null}, {"move": {"name": "pluck"}, "earliest_level": 15}, {"move": {"name": "tailwind"}, "earliest_level": 36}, {"move": {"name": "u-turn"}, "earliest_level": 21}, {"move": {"name": "assurance"}, "earliest_level": null}, {"move": {"name": "rock-polish"}, "earliest_level": null}, {"move": {"name": "aqua-tail"}, "earliest_level": null}, {"move": {"name": "dragon-pulse"}, "earliest_level": null}, {"move": {"name": "earth-power"}, "earliest_level": null}, {"move": {"name": "switcheroo"}, "earliest_level": null}, {"move": {"name": "shadow-claw"}, "earliest_level": null}, {"move": {"name": "zen-headbutt"}, "earliest_level": null}, {"move": {"name": "defog"}, "earliest_level": null}, {"move": {"name": "stone-edge"}, "earliest_level": null}, {"move": {"name": "stealth-rock"}, "earliest_level": null}, {"move": {"name": "head-smash"}, "earliest_level": null}, {"move": {"name": "hone-claws"}, "earliest_level": null}, {"move": {"name": "smack-down"}, "earliest_level": null}, {"move": {"name": "round"}, "earliest_level": null}, {"move": {"name": "quick-guard"}, "earliest_level": 18}, {"move": {"name": "ally-switch"}, "earliest_level": null}, {"move": {"name": "acrobatics"}, "earliest_level": 28}, {"move": {"name": "bulldoze"}, "earliest_level": null}, {"move": {"name": "confide"}, "earliest_level": null}, {"move": {"name": "meteor-beam"}, "earliest_level": null}, {"move": {"name": "lash-out"}, "earliest_level": null}, {"move": {"name": "dual-wingbeat"}, "earliest_level": null}], "species": {"url": "https://pokeapi.co/api/v2/pokemon-species/566/"}, "height": 5, "weight": 95}