{"id": 687, "name": "malamar", "types": [{"slot": 1, "type": {"name": "dark", "url": "https://pokeapi.co/api/v2/type/17/"}}, {"slot": 2, "type": {"name": "psychic", "url": "https://pokeapi.co/api/v2/type/14/"}}], "stats": [{"base_stat": 86, "effort": 0, "stat": {"name": "hp", "url": "https://pokeapi.co/api/v2/stat/1/"}}, {"base_stat": 92, "effort": 2, "stat": {"name": "attack", "url": "https://pokeapi.co/api/v2/stat/2/"}}, {"base_stat": 88, "effort": 0, "stat": {"name": "defense", "url": "https://pokeapi.co/api/v2/stat/3/"}}, {"base_stat": 68, "effort": 0, "stat": {"name": "special-attack", "url": "https://pokeapi.co/api/v2/stat/4/"}}, {"base_stat": 75, "effort": 0, "stat": {"name": "special-defense", "url": "https://pokeapi.co/api/v2/stat/5/"}}, {"base_stat": 73, "effort": 0, "stat": {"name": "speed", "url": "https://pokeapi.co/api/v2/stat/6/"}}], "abilities": [{"ability": {"name": "contrary", "url": "https://pokeapi.co/api/v2/ability/126/"}, "is_hidden": false, "slot": 1}, {"ability": {"name": "suction-cups", "url": "https://pokeapi.co/api/v2/ability/21/"}, "is_hidden": false, "slot": 2}, {"ability": {"name": "infiltrator", "url": "https://pokeapi.co/api/v2/ability/151/"}, "is_hidden": true, "slot": 3}], "sprites": {"front_default": "https://raw.githubusercontent.com/PokeAPI/sprites/master/sprites/pokemon/687.png"}, "moves": [{"move": {"name": "cut"}, "earliest_level": null}, {"move": {"name": "bind"}, "earliest_level": null}, {"move": {"name": "tackle"}, "earliest_level": 1}, {"move": {"name": "wrap"}, "earliest_level": 1}, {"move": {"name": "disable"}, "earliest_level": null}, {"move": {"name": "flamethrower"}, "earliest_level": null}, {"move": {"name": "psybeam"}, "earliest_level": 15}, {"move": {"name": "hyper-beam"}, "earliest_level": null}, {"move": {"name": "peck"}, "earliest_level": 1}, {"move": {"name": "thunderbolt"}, "earliest_level": null}, {"move": {"name": "toxic"}, "earliest_level": null}, {"move": {"name": "psychic"}, "earliest_level": null}, {"move": {"name": "hypnosis"}, "earliest_level": 1}, {"move": {"name": "double-team"}, "earliest_level": null}, {"move": {"name": "light-screen"}, "earliest_level": 31}, {"move": {"name": "reflect"}, "earliest_level": 1}, {"move": {"name": "swift"}, "earliest_level": null}, {"move": {"name": "constrict"}, "earliest_level": 1}, {"move": {"name": "flash"}, "earliest_level": null}, {"move": {"name": "psywave"}, "earliest_level": 13}, {"move": {"name": "rest"}, "earliest_level": null}, {"move": {"name": "rock-slide"}, "earliest_level": null}, {"move": {"name": "slash"}, "earliest_level": 21}, {"move": {"name": "substitute"}, "earliest_level": null}, {"move": {"name": "thief"}, "earliest_level": null}, {"move": {"name": "snore"}, "earliest_level": null}, {"move": {"name": "reversal"}, "earliest_level": 1}, {"move": {"name": "spite"}, "earliest_level": null}, {"move": {"name": "protect"}, "earliest_level": null}, {"move": {"name": "scary-face"}, "earliest_level": null}, {"move": {"name": "destiny-bond"}, "earliest_level": null}, {"move": {"name": "endure"}, "earliest_level": null}, {"move": {"name": "swagger"}, "earliest_level": 12}, {"move": {"name": "attract"}, "earliest_level": null}, {"move": {"name": "sleep-talk"}, "earliest_level": null}, {"move": {"name": "return"}, "earliest_level": null}, {"move": {"name": "frustration"}, "earliest_level": null}, {"move": {"name": "baton-pass"}, "earliest_level": null}, {"move": {"name": "hidden-power"}, "earliest_level": null}, {"move": {"name": "rain-dance"}, "earliest_level": null}, {"move": {"name": "sunny-day"}, "earliest_level": null}, {"move": {"name": "psych-up"}, "earliest_level": null}, {"move": {"name": "future-sight"}, "earliest_level": null}, {"move": {"name": "torment"}, "earliest_level": null}, {"move": {"name": "facade"}, "earliest_level": null}, {"move": {"name": "taunt"}, "earliest_level": null}, {"move": {"name": "helping-hand"}, "earliest_level": null}, {"move": {"name": "trick"}, "earliest_level": null}, {"move": {"name": "role-play"}, "earliest_level": null}, {"move": {"name": "superpower"}, "earliest_level": 1}, {"move": {"name": "knock-off"}, "earliest_level": null}, {"move": {"name": "skill-swap"}, "earliest_level": null}, {"move": {"name": "snatch"}, "earliest_level": null}, {"move": {"name": "secret-power"}, "earliest_level": null}, {"move": {"name": "fake-tears"}, "earliest_level": null}, {"move": {"name": "signal-beam"}, "earliest_level": null}, {"move": {"name": "aerial-ace"}, "earliest_level": null}, {"move": {"name": "block"}, "earliest_level": null}, {"move": {"name": "calm-mind"}, "earliest_level": null}, {"move": {"name": "gravity"}, "earliest_level": null}, {"move": {"name": "pluck"}, "earliest_level": 12}, {"move": {"name": "acupressure"}, "earliest_level": null}, {"move": {"name": "payback"}, "earliest_level": 9}, {"move": {"name": "embargo"}, "earliest_level": null}, {"move": {"name": "fling"}, "earliest_level": null}, {"move": {"name": "guard-swap"}, "earliest_level": null}, {"move": {"name": "dark-pulse"}, "earliest_level": null}, {"move": {"name": "night-slash"}, "earliest_level": 24}, {"move": {"name": "switcheroo"}, "earliest_level": 23}, {"move": {"name": "giga-impact"}, "earliest_level": null}, {"move": {"name": "nasty-plot"}, "earliest_level": null}, {"move": {"name": "psycho-cut"}, "earliest_level": 27}, {"move": {"name": "trick-room"}, "earliest_level": null}, {"move": {"name": "psyshock"}, "earliest_level": null}, {"move": {"name": "telekinesis"}, "earliest_level": null}, {"move": {"name": "foul-play"}, "earliest_level": 8}, {"move": {"name": "round"}, "earliest_level": null}, {"move": {"name": "stored-power"}, "earliest_level": null}, {"move": {"name": "ally-switch"}, "earliest_level": null}, {"move": {"name": "retaliate"}, "earliest_level": null}, {"move": {"name": "topsy-turvy"}, "earliest_level": 15}, {"move": {"name": "confide"}, "earliest_level": null}, {"move": {"name": "throat-chop"}, "earliest_level": null}, {"move": {"name": "lunge"}, "earliest_level": null}, {"move": {"name": "brutal-swing"}, "earliest_level": null}, {"move": {"name": "liquidation"}, "earliest_level": null}, {"move": {"name": "expanding-force"}, "earliest_level": null}, {"move": {"name": "lash-out"}, "earliest_level": null}, {"move": {"name": "tera-blast"}, "earliest_level": null}, {"move": {"name": "trailblaze"}, "earliest_level": null}, {"move": {"name": "psychic-noise"}, "earliest_level": null}], "species": {"url": "https://pokeapi.co/api/v2/pokemon-species/687/"}, "height": 15, "weight": 470}