{"id": 10221, "name": "hatterene-gmax", "types": [{"slot": 1, "type": {"name": "psychic", "url": "https://pokeapi.co/api/v2/type/14/"}}, {"slot": 2, "type": {"name": "fairy", "url": "https://pokeapi.co/api/v2/type/18/"}}], "stats": [{"base_stat": 57, "effort": 0, "stat": {"name": "hp", "url": "https://pokeapi.co/api/v2/stat/1/"}}, {"base_stat": 90, "effort": 0, "stat": {"name": "attack", "url": "https://pokeapi.co/api/v2/stat/2/"}}, {"base_stat": 95, "effort": 0, "stat": {"name": "defense", "url": "https://pokeapi.co/api/v2/stat/3/"}}, {"base_stat": 136, "effort": 3, "stat": {"name": "special-attack", "url": "https://pokeapi.co/api/v2/stat/4/"}}, {"base_stat": 103, "effort": 0, "stat": {"name": "special-defense", "url": "https://pokeapi.co/api/v2/stat/5/"}}, {"base_stat": 29, "effort": 0, "stat": {"name": "speed", "url": "https://pokeapi.co/api/v2/stat/6/"}}], "abilities": [{"ability": {"name": "healer", "url": "https://pokeapi.co/api/v2/ability/131/"}, "is_hidden": false, "slot": 1}, {"ability": {"name": "anticipation", "url": "https://pokeapi.co/api/v2/ability/107/"}, "is_hidden": false, "slot": 2}, {"ability": {"name": "magic-bounce", "url": "https://pokeapi.co/api/v2/ability/156/"}, "is_hidden": true, "slot": 3}], "sprites": {"front_default": "https://raw.githubusercontent.com/PokeAPI/sprites/master/sprites/pokemon/10221.png"}, "moves": [], "species": {"url": "https://pokeapi.co/api/v2/pokemon-species/858/"}, "height": 260, "weight": 10000}