{"id": 942, "name": "maschiff", "types": [{"slot": 1, "type": {"name": "dark", "url": "https://pokeapi.co/api/v2/type/17/"}}], "stats": [{"base_stat": 60, "effort": 0, "stat": {"name": "hp", "url": "https://pokeapi.co/api/v2/stat/1/"}}, {"base_stat": 78, "effort": 1, "stat": {"name": "attack", "url": "https://pokeapi.co/api/v2/stat/2/"}}, {"base_stat": 60, "effort": 0, "stat": {"name": "defense", "url": "https://pokeapi.co/api/v2/stat/3/"}}, {"base_stat": 40, "effort": 0, "stat": {"name": "special-attack", "url": "https://pokeapi.co/api/v2/stat/4/"}}, {"base_stat": 51, "effort": 0, "stat": {"name": "special-defense", "url": "https://pokeapi.co/api/v2/stat/5/"}}, {"base_stat": 51, "effort": 0, "stat": {"name": "speed", "url": "https://pokeapi.co/api/v2/stat/6/"}}], "abilities": [{"ability": {"name": "intimidate", "url": "https://pokeapi.co/api/v2/ability/22/"}, "is_hidden": false, "slot": 1}, {"ability": {"name": "run-away", "url": "https://pokeapi.co/api/v2/ability/50/"}, "is_hidden": false, "slot": 2}, {"ability": {"name": "stakeout", "url": "https://pokeapi.co/api/v2/ability/198/"}, "is_hidden": true, "slot": 3}], "sprites": {"front_default": "https://raw.githubusercontent.com/PokeAPI/sprites/master/sprites/pokemon/942.png"}, "moves": [{"move": {"name": "headbutt"}, "earliest_level": 22}, {"move": {"name": "tackle"}, "earliest_level": 1}, {"move": {"name": "body-slam"}, "earliest_level": null}, {"move": {"name": "take-down"}, "earliest_level": null}, {"move": {"name": "double-edge"}, "earliest_level": 49}, {"move": {"name": "leer"}, "earliest_level": 1}, {"move": {"name": "bite"}, "earliest_level": 14}, {"move": {"name": "roar"}, "earliest_level": 18}, {"move": {"name": "dig"}, "earliest_level": null}, {"move": {"name": "lick"}, "earliest_level": 4}, {"move": {"name": "rest"}, "earliest_level": null}, {"move": {"name": "substitute"}, "earliest_level": null}, {"move": {"name": "thief"}, "earliest_level": null}, {"move": {"name": "reversal"}, "earliest_level": 39}, {"move": {"name": "protect"}, "earliest_level": null}, {"move": {"name": "scary-face"}, "earliest_level": 1}, {"move": {"name": "destiny-bond"}, "earliest_level": null}, {"move": {"name": "endure"}, "earliest_level": null}, {"move": {"name": "charm"}, "earliest_level": null}, {"move": {"name": "swagger"}, "earliest_level": 35}, {"move": {"name": "sleep-talk"}, "earliest_level": null}, {"move": {"name": "rain-dance"}, "earliest_level": null}, {"move": {"name": "sunny-day"}, "earliest_level": null}, {"move": {"name": "crunch"}, "earliest_level": 31}, {"move": {"name": "facade"}, "earliest_level": null}, {"move": {"name": "taunt"}, "earliest_level": null}, {"move": {"name": "helping-hand"}, "earliest_level": null}, {"move": {"name": "endeavor"}, "earliest_level": null}, {"move": {"name": "fake-tears"}, "earliest_level": null}, {"move": {"name": "payback"}, "earliest_level": 26}, {"move": {"name": "dark-pulse"}, "earliest_level": null}, {"move": {"name": "thunder-fang"}, "earliest_level": null}, {"move": {"name": "ice-fang"}, "earliest_level": null}, {"move": {"name": "fire-fang"}, "earliest_level": null}, {"move": {"name": "hone-claws"}, "earliest_level": 10}, {"move": {"name": "retaliate"}, "earliest_level": null}, {"move": {"name": "snarl"}, "earliest_level": 7}, {"move": {"name": "play-rough"}, "earliest_level": null}, {"move": {"name": "psychic-fangs"}, "earliest_level": null}, {"move": {"name": "jaw-lock"}, "earliest_level": 43}, {"move": {"name": "lash-out"}, "earliest_level": null}, {"move": {"name": "tera-blast"}, "earliest_level": null}, {"move": {"name": "trailblaze"}, "earliest_level": null}], "species": {"url": "https://pokeapi.co/api/v2/pokemon-species/942/"}, "height": 5, "weight": 160}