{
  "base_happiness": 35,
  "capture_rate": 45,
  "color": {
    "name": "white",
    "url": "https://pokeapi.co/api/v2/pokemon-color/9/"
  },
  "egg_groups": [
    {
      "name": "humanshape",
      "url": "https://pokeapi.co/api/v2/egg-group/8/"
    },
    {
      "name": "indeterminate",
      "url": "https://pokeapi.co/api/v2/egg-group/11/"
    }
  ],
  "evolution_chain": {
    "url": "https://pokeapi.co/api/v2/evolution-chain/140/"
  },
  "evolves_from_species": {
    "name": "kirlia",
    "url": "https://pokeapi.co/api/v2/pokemon-species/281/"
  },
  "flavor_text_entries": [
    {
      "flavor_text": "GARDEVOIR has the ability to read the\nfuture. If it senses impending danger\nto its TRAINER, this POK\u00e9MON is said to\funleash its psychokinetic energy at\nfull power.",
      "language": {
        "name": "en",
        "url": "https://pokeapi.co/api/v2/language/9/"
      },
      "version": {
        "name": "ruby",
        "url": "https://pokeapi.co/api/v2/version/7/"
      }
    },
    {
      "flavor_text": "GARDEVOIR has the psychokinetic\npower to distort the dimensions and\ncreate a small black hole.\fThis POK\u00e9MON will try to protect its\nTRAINER even at the risk of its own\nlife.",
      "language": {
        "name": "en",
        "url": "https://pokeapi.co/api/v2/language/9/"
      },
      "version": {
        "name": "sapphire",
        "url": "https://pokeapi.co/api/v2/version/8/"
      }
    },
    {
      "flavor_text": "It apparently does not feel the pull of\ngravity because it supports itself with\npsychic power. It will give its life to\nprotect its TRAINER.",
      "language": {
        "name": "en",
        "url": "https://pokeapi.co/api/v2/language/9/"
      },
      "version": {
        "name": "emerald",
        "url": "https://pokeapi.co/api/v2/version/9/"
      }
    },
    {
      "flavor_text": "It has the power to predict the future.\nIts power peaks when it is protecting its\nTRAINER.",
      "language": {
        "name": "en",
        "url": "https://pokeapi.co/api/v2/language/9/"
      },
      "version": {
        "name": "firered",
        "url": "https://pokeapi.co/api/v2/version/10/"
      }
    },
    {
      "flavor_text": "It has the power to predict the future.\nIts power peaks when it is protecting its\nTRAINER.",
      "language": {
        "name": "en",
        "url": "https://pokeapi.co/api/v2/language/9/"
      },
      "version": {
        "name": "leafgreen",
        "url": "https://pokeapi.co/api/v2/version/11/"
      }
    },
    {
      "flavor_text": "It will try to guard its trusted\nTrainer with its life. It has the\nability to see the future.",
      "language": {
        "name": "en",
        "url": "https://pokeapi.co/api/v2/language/9/"
      },
      "version": {
        "name": "diamond",
        "url": "https://pokeapi.co/api/v2/version/12/"
      }
    },
    {
      "flavor_text": "It will try to guard its trusted\nTrainer with its life. It has the\nability to see the future.",
      "language": {
        "name": "en",
        "url": "https://pokeapi.co/api/v2/language/9/"
      },
      "version": {
        "name": "pearl",
        "url": "https://pokeapi.co/api/v2/version/13/"
      }
    },
    {
      "flavor_text": "To protect its Trainer, it will\nexpend all its psychic power\nto create a small black hole.",
      "language": {
        "name": "en",
        "url": "https://pokeapi.co/api/v2/language/9/"
      },
      "version": {
        "name": "platinum",
        "url": "https://pokeapi.co/api/v2/version/14/"
      }
    },
    {
      "flavor_text": "It unleashes psychokinetic energy\nat full power when protecting a\nTrainer it has bonded closely with.",
      "language": {
        "name": "en",
        "url": "https://pokeapi.co/api/v2/language/9/"
      },
      "version": {
        "name": "heartgold",
        "url": "https://pokeapi.co/api/v2/version/15/"
      }
    },
    {
      "flavor_text": "It unleashes psychokinetic energy\nat full power when protecting a\nTrainer it has bonded closely with.",
      "language": {
        "name": "en",
        "url": "https://pokeapi.co/api/v2/language/9/"
      },
      "version": {
        "name": "soulsilver",
        "url": "https://pokeapi.co/api/v2/version/16/"
      }
    },
    {
      "flavor_text": "Pr\u00eat \u00e0 tout pour prot\u00e9ger son\nDresseur, il peut cr\u00e9er un mini trou\nnoir par sa seule force mentale.",
      "language": {
        "name": "fr",
        "url": "https://pokeapi.co/api/v2/language/5/"
      },
      "version": {
        "name": "black",
        "url": "https://pokeapi.co/api/v2/version/17/"
      }
    },
    {
      "flavor_text": "To protect its Trainer, it will\nexpend all its psychic power\nto create a small black hole.",
      "language": {
        "name": "en",
        "url": "https://pokeapi.co/api/v2/language/9/"
      },
      "version": {
        "name": "black",
        "url": "https://pokeapi.co/api/v2/version/17/"
      }
    },
    {
      "flavor_text": "Pr\u00eat \u00e0 tout pour prot\u00e9ger son\nDresseur, il peut cr\u00e9er un mini trou\nnoir par sa seule force mentale.",
      "language": {
        "name": "fr",
        "url": "https://pokeapi.co/api/v2/language/5/"
      },
      "version": {
        "name": "white",
        "url": "https://pokeapi.co/api/v2/version/18/"
      }
    },
    {
      "flavor_text": "To protect its Trainer, it will\nexpend all its psychic power\nto create a small black hole.",
      "language": {
        "name": "en",
        "url": "https://pokeapi.co/api/v2/language/9/"
      },
      "version": {
        "name": "white",
        "url": "https://pokeapi.co/api/v2/version/18/"
      }
    },
    {
      "flavor_text": "To protect its Trainer, it will\nexpend all its psychic power\nto create a small black hole.",
      "language": {
        "name": "en",
        "url": "https://pokeapi.co/api/v2/language/9/"
      },
      "version": {
        "name": "black-2",
        "url": "https://pokeapi.co/api/v2/version/21/"
      }
    },
    {
      "flavor_text": "To protect its Trainer, it will\nexpend all its psychic power\nto create a small black hole.",
      "language": {
        "name": "en",
        "url": "https://pokeapi.co/api/v2/language/9/"
      },
      "version": {
        "name": "white-2",
        "url": "https://pokeapi.co/api/v2/version/22/"
      }
    },
    {
      "flavor_text": "\u30c8\u30ec\u30fc\u30ca\u30fc\u3092\u3000\u307e\u3082\u308b\u305f\u3081\u306a\u3089\n\u30b5\u30a4\u30b3\u30d1\u30ef\u30fc\u3092\u3000\u3064\u304b\u3044\u304d\u308a\u3000\u3061\u3044\u3055\u306a\n\u30d6\u30e9\u30c3\u30af\u30db\u30fc\u30eb\u3092\u3000\u3064\u304f\u308a\u3060\u3059\u3002",
      "language": {
        "name": "ja-Hrkt",
        "url": "https://pokeapi.co/api/v2/language/1/"
      },
      "version": {
        "name": "x",
        "url": "https://pokeapi.co/api/v2/version/23/"
      }
    },
    {
      "flavor_text": "\ud2b8\ub808\uc774\ub108\ub97c \uc9c0\ud0a4\uae30 \uc704\ud574\uc11c\ub77c\uba74\n\uc0ac\uc774\ucf54 \ud30c\uc6cc\ub97c \ubaa8\ub450 \uc368\uc11c \uc791\uc740\n\ube14\ub799\ud640\uc744 \ub9cc\ub4e4\uc5b4 \ub0b8\ub2e4.",
      "language": {
        "name": "ko",
        "url": "https://pokeapi.co/api/v2/language/3/"
      },
      "version": {
        "name": "x",
        "url": "https://pokeapi.co/api/v2/version/23/"
      }
    },
    {
      "flavor_text": "Pr\u00eat \u00e0 tout pour prot\u00e9ger son Dresseur, il peut cr\u00e9er\nun mini trou noir par sa seule force mentale.",
      "language": {
        "name": "fr",
        "url": "https://pokeapi.co/api/v2/language/5/"
      },
      "version": {
        "name": "x",
        "url": "https://pokeapi.co/api/v2/version/23/"
      }
    },
    {
      "flavor_text": "Erzeugt ein kleines schwarzes Loch mithilfe all seiner\nPsycho-Kr\u00e4fte, um seinen Trainer zu sch\u00fctzen.",
      "language": {
        "name": "de",
        "url": "https://pokeapi.co/api/v2/language/6/"
      },
      "version": {
        "name": "x",
        "url": "https://pokeapi.co/api/v2/version/23/"
      }
    },
    {
      "flavor_text": "Para proteger a su Entrenador, emplea todo su poder\nps\u00edquico en crear un peque\u00f1o agujero negro.",
      "language": {
        "name": "es",
        "url": "https://pokeapi.co/api/v2/language/7/"
      },
      "version": {
        "name": "x",
        "url": "https://pokeapi.co/api/v2/version/23/"
      }
    },
    {
      "flavor_text": "Quando il suo Allenatore \u00e8 in pericolo usa tutto il suo\npotere psichico per creare un piccolo buco nero.",
      "language": {
        "name": "it",
        "url": "https://pokeapi.co/api/v2/language/8/"
      },
      "version": {
        "name": "x",
        "url": "https://pokeapi.co/api/v2/version/23/"
      }
    },
    {
      "flavor_text": "To protect its Trainer, it will expend all its psychic\npower to create a small black hole.",
      "language": {
        "name": "en",
        "url": "https://pokeapi.co/api/v2/language/9/"
      },
      "version": {
        "name": "x",
        "url": "https://pokeapi.co/api/v2/version/23/"
      }
    },
    {
      "flavor_text": "\u30c8\u30ec\u30fc\u30ca\u30fc\u3092\u3000\u5b88\u308b\u305f\u3081\u306a\u3089\n\u30b5\u30a4\u30b3\u30d1\u30ef\u30fc\u3092\u3000\u4f7f\u3044\u304d\u308a\u3000\u5c0f\u3055\u306a\n\u30d6\u30e9\u30c3\u30af\u30db\u30fc\u30eb\u3092\u3000\u4f5c\u308a\u51fa\u3059\u3002",
      "language": {
        "name": "ja",
        "url": "https://pokeapi.co/api/v2/language/11/"
      },
      "version": {
        "name": "x",
        "url": "https://pokeapi.co/api/v2/version/23/"
      }
    },
    {
      "flavor_text": "\u307f\u3089\u3044\u3092\u3000\u3088\u3061\u3059\u308b\u3000\u3061\u304b\u3089\u3092\u3000\u3082\u3064\u3002\n\u30c8\u30ec\u30fc\u30ca\u30fc\u3092\u3000\u307e\u3082\u308b\u3000\u3068\u304d\u306b\n\u3055\u3044\u3060\u3044\u3000\u30d1\u30ef\u30fc\u3092\u3000\u306f\u3063\u304d\u3059\u308b\u3002",
      "language": {
        "name": "ja-Hrkt",
        "url": "https://pokeapi.co/api/v2/language/1/"
      },
      "version": {
        "name": "y",
        "url": "https://pokeapi.co/api/v2/version/24/"
      }
    },
    {
      "flavor_text": "\ubbf8\ub798\ub97c \uc608\uc9c0\ud558\ub294 \ud798\uc744 \uac00\uc9c4\ub2e4.\n\ud2b8\ub808\uc774\ub108\ub97c \uc9c0\ud0ac \ub54c\n\ucd5c\ub300 \ud30c\uc6cc\ub97c \ubc1c\ud718\ud55c\ub2e4.",
      "language": {
        "name": "ko",
        "url": "https://pokeapi.co/api/v2/language/3/"
      },
      "version": {
        "name": "y",
        "url": "https://pokeapi.co/api/v2/version/24/"
      }
    },
    {
      "flavor_text": "Gardevoir est capable de pr\u00e9dire l\u2019avenir.\nSa puissance augmente quand il prot\u00e8ge son\nDresseur.",
      "language": {
        "name": "fr",
        "url": "https://pokeapi.co/api/v2/language/5/"
      },
      "version": {
        "name": "y",
        "url": "https://pokeapi.co/api/v2/version/24/"
      }
    },
    {
      "flavor_text": "Es kann die Zukunft vorhersagen. Besch\u00fctzt es\nseinen Trainer, erreicht seine Kraft den H\u00f6hepunkt.",
      "language": {
        "name": "de",
        "url": "https://pokeapi.co/api/v2/language/6/"
      },
      "version": {
        "name": "y",
        "url": "https://pokeapi.co/api/v2/version/24/"
      }
    },
    {
      "flavor_text": "Tiene la capacidad de predecir el futuro. Cuando\nprotege a su Entrenador se vuelve m\u00e1s fuerte.",
      "language": {
        "name": "es",
        "url": "https://pokeapi.co/api/v2/language/7/"
      },
      "version": {
        "name": "y",
        "url": "https://pokeapi.co/api/v2/version/24/"
      }
    },
    {
      "flavor_text": "Ha la capacit\u00e0 di prevedere il futuro. Le sue\npotenzialit\u00e0 sono esaltate quando protegge\nil suo Allenatore.",
      "language": {
        "name": "it",
        "url": "https://pokeapi.co/api/v2/language/8/"
      },
      "version": {
        "name": "y",
        "url": "https://pokeapi.co/api/v2/version/24/"
      }
    },
    {
      "flavor_text": "It has the power to predict the future. Its power\npeaks when it is protecting its Trainer.",
      "language": {
        "name": "en",
        "url": "https://pokeapi.co/api/v2/language/9/"
      },
      "version": {
        "name": "y",
        "url": "https://pokeapi.co/api/v2/version/24/"
      }
    },
    {
      "flavor_text": "\u672a\u6765\u3092\u3000\u4e88\u77e5\u3059\u308b\u3000\u529b\u3092\u3000\u6301\u3064\u3002\n\u30c8\u30ec\u30fc\u30ca\u30fc\u3092\u3000\u5b88\u308b\u3000\u3068\u304d\u306b\n\u6700\u5927\u3000\u30d1\u30ef\u30fc\u3092\u3000\u767a\u63ee\u3059\u308b\u3002",
      "language": {
        "name": "ja",
        "url": "https://pokeapi.co/api/v2/language/11/"
      },
      "version": {
        "name": "y",
        "url": "https://pokeapi.co/api/v2/version/24/"
      }
    },
    {
      "flavor_text": "\u307f\u3089\u3044\u3092\u3000\u3088\u3061\u3059\u308b\u3000\u306e\u3046\u308a\u3087\u304f\u3067\u3000\u30c8\u30ec\u30fc\u30ca\u30fc\u306e\n\u304d\u3051\u3093\u3092\u3000\u3055\u3063\u3061\u3057\u305f\u3068\u304d\u3000\u3055\u3044\u3060\u3044\u3000\u30d1\u30ef\u30fc\u306e\n\u30b5\u30a4\u30b3\u30a8\u30cd\u30eb\u30ae\u30fc\u3092\u3000\u3064\u304b\u3046\u3068\u3000\u3044\u308f\u308c\u3066\u3044\u308b\u3002",
      "language": {
        "name": "ja-Hrkt",
        "url": "https://pokeapi.co/api/v2/language/1/"
      },
      "version": {
        "name": "omega-ruby",
        "url": "https://pokeapi.co/api/v2/version/25/"
      }
    },
    {
      "flavor_text": "\ubbf8\ub798\ub97c \uc608\uc9c0\ud558\ub294 \ub2a5\ub825\uc73c\ub85c \ud2b8\ub808\uc774\ub108\uc758\n\uc704\ud5d8\uc744 \uac10\uc9c0\ud588\uc744 \ub54c \ucd5c\ub300 \ud30c\uc6cc\uc758\n\uc0ac\uc774\ucf54 \uc5d0\ub108\uc9c0\ub97c \uc0ac\uc6a9\ud55c\ub2e4\uace0 \uc804\ud574\uc9c4\ub2e4.",
      "language": {
        "name": "ko",
        "url": "https://pokeapi.co/api/v2/language/3/"
      },
      "version": {
        "name": "omega-ruby",
        "url": "https://pokeapi.co/api/v2/version/25/"
      }
    },
    {
      "flavor_text": "Gardevoir a le pouvoir de pr\u00e9dire l\u2019avenir. On raconte que\nlorsqu\u2019il sent que son Dresseur est en danger, il lib\u00e8re\nune puissante d\u00e9charge d\u2019\u00e9nergie t\u00e9l\u00e9kin\u00e9tique.",
      "language": {
        "name": "fr",
        "url": "https://pokeapi.co/api/v2/language/5/"
      },
      "version": {
        "name": "omega-ruby",
        "url": "https://pokeapi.co/api/v2/version/25/"
      }
    },
    {
      "flavor_text": "Guardevoir kann in die Zukunft schauen. Wenn es eine\nGefahr f\u00fcr seinen Trainer voraussieht, entl\u00e4dt es seine\npsychokinetische Energie mit voller Kraft.",
      "language": {
        "name": "de",
        "url": "https://pokeapi.co/api/v2/language/6/"
      },
      "version": {
        "name": "omega-ruby",
        "url": "https://pokeapi.co/api/v2/version/25/"
      }
    },
    {
      "flavor_text": "Gardevoir es capaz de leer el futuro. Si siente que su\nEntrenador est\u00e1 en peligro inminente, dicen que libera\nautom\u00e1ticamente toda su energ\u00eda psicoquin\u00e9tica.",
      "language": {
        "name": "es",
        "url": "https://pokeapi.co/api/v2/language/7/"
      },
      "version": {
        "name": "omega-ruby",
        "url": "https://pokeapi.co/api/v2/version/25/"
      }
    },
    {
      "flavor_text": "Gardevoir ha l\u2019abilit\u00e0 di prevedere il futuro. Se percepisce\nun pericolo imminente per il proprio Allenatore, pare che\nscateni tutta l\u2019energia psicocinetica di cui \u00e8 capace.",
      "language": {
        "name": "it",
        "url": "https://pokeapi.co/api/v2/language/8/"
      },
      "version": {
        "name": "omega-ruby",
        "url": "https://pokeapi.co/api/v2/version/25/"
      }
    },
    {
      "flavor_text": "Gardevoir has the ability to read the future. If it senses\nimpending danger to its Trainer, this Pok\u00e9mon is said\nto unleash its psychokinetic energy at full power.",
      "language": {
        "name": "en",
        "url": "https://pokeapi.co/api/v2/language/9/"
      },
      "version": {
        "name": "omega-ruby",
        "url": "https://pokeapi.co/api/v2/version/25/"
      }
    },
    {
      "flavor_text": "\u672a\u6765\u3092\u3000\u4e88\u77e5\u3059\u308b\u3000\u80fd\u529b\u3067\u3000\u30c8\u30ec\u30fc\u30ca\u30fc\u306e\n\u5371\u967a\u3092\u3000\u5bdf\u77e5\u3057\u305f\u3068\u304d\u3000\u6700\u5927\u3000\u30d1\u30ef\u30fc\u306e\n\u30b5\u30a4\u30b3\u30a8\u30cd\u30eb\u30ae\u30fc\u3092\u3000\u4f7f\u3046\u3068\u3000\u3044\u308f\u308c\u3066\u3044\u308b\u3002",
      "language": {
        "name": "ja",
        "url": "https://pokeapi.co/api/v2/language/11/"
      },
      "version": {
        "name": "omega-ruby",
        "url": "https://pokeapi.co/api/v2/version/25/"
      }
    },
    {
      "flavor_text": "\u30b5\u30a4\u30b3\u30d1\u30ef\u30fc\u3067\u3000\u304f\u3046\u304b\u3093\u3092\u3000\u306d\u3058\u307e\u3052\u3000\u3061\u3044\u3055\u306a\n\u30d6\u30e9\u30c3\u30af\u30db\u30fc\u30eb\u3092\u3000\u3064\u304f\u308a\u3060\u3059\u3000\u3061\u304b\u3089\u3092\u3000\u3082\u3064\u3002\n\u3044\u306e\u3061\u304c\u3051\u3067\u3000\u30c8\u30ec\u30fc\u30ca\u30fc\u3092\u3000\u307e\u3082\u308b\u3000\u30dd\u30b1\u30e2\u30f3\u3002",
      "language": {
        "name": "ja-Hrkt",
        "url": "https://pokeapi.co/api/v2/language/1/"
      },
      "version": {
        "name": "alpha-sapphire",
        "url": "https://pokeapi.co/api/v2/version/26/"
      }
    },
    {
      "flavor_text": "\uc0ac\uc774\ucf54 \ud30c\uc6cc\ub85c \uacf5\uac04\uc744 \ube44\ud2c0\uc5b4 \uc791\uc740\n\ube14\ub799\ud640\uc744 \ub9cc\ub4e4\uc5b4\ub0b4\ub294 \ud798\uc744 \uc9c0\ub154\ub2e4.\n\ubaa9\uc228\uc744 \uac78\uace0 \ud2b8\ub808\uc774\ub108\ub97c \uc9c0\ud0a4\ub294 \ud3ec\ucf13\ubaac\uc774\ub2e4.",
      "language": {
        "name": "ko",
        "url": "https://pokeapi.co/api/v2/language/3/"
      },
      "version": {
        "name": "alpha-sapphire",
        "url": "https://pokeapi.co/api/v2/version/26/"
      }
    },
    {
      "flavor_text": "Gardevoir est dot\u00e9 d\u2019un pouvoir t\u00e9l\u00e9kin\u00e9tique lui permettant\nde d\u00e9former les dimensions et de cr\u00e9er un petit trou noir.\nCe Pok\u00e9mon est pr\u00eat \u00e0 risquer sa vie pour prot\u00e9ger\nson Dresseur.",
      "language": {
        "name": "fr",
        "url": "https://pokeapi.co/api/v2/language/5/"
      },
      "version": {
        "name": "alpha-sapphire",
        "url": "https://pokeapi.co/api/v2/version/26/"
      }
    },
    {
      "flavor_text": "Guardevoir kann mit seiner psychokinetischen Energie\ndie Dimensionen verzerren und ein kleines Schwarzes Loch\nerzeugen. Es sch\u00fctzt seinen Trainer selbst unter Einsatz\nseines eigenen Lebens.",
      "language": {
        "name": "de",
        "url": "https://pokeapi.co/api/v2/language/6/"
      },
      "version": {
        "name": "alpha-sapphire",
        "url": "https://pokeapi.co/api/v2/version/26/"
      }
    },
    {
      "flavor_text": "Gardevoir tiene el poder psicoquin\u00e9tico de alterar las\ndimensiones y crear un agujero negro peque\u00f1o. Este\nPok\u00e9mon intenta proteger siempre a su Entrenador aunque\ntenga que arriesgar su propia vida.",
      "language": {
        "name": "es",
        "url": "https://pokeapi.co/api/v2/language/7/"
      },
      "version": {
        "name": "alpha-sapphire",
        "url": "https://pokeapi.co/api/v2/version/26/"
      }
    },
    {
      "flavor_text": "Gardevoir ha il potere psicocinetico di distorcere le dimensioni\ncreando un piccolo buco nero. Questo Pok\u00e9mon cerca di\nproteggere il proprio Allenatore anche a rischio della sua\nstessa vita.",
      "language": {
        "name": "it",
        "url": "https://pokeapi.co/api/v2/language/8/"
      },
      "version": {
        "name": "alpha-sapphire",
        "url": "https://pokeapi.co/api/v2/version/26/"
      }
    },
    {
      "flavor_text": "Gardevoir has the psychokinetic power to distort the\ndimensions and create a small black hole. This Pok\u00e9mon\nwill try to protect its Trainer even at the risk of its own life.",
      "language": {
        "name": "en",
        "url": "https://pokeapi.co/api/v2/language/9/"
      },
      "version": {
        "name": "alpha-sapphire",
        "url": "https://pokeapi.co/api/v2/version/26/"
      }
    },
    {
      "flavor_text": "\u30b5\u30a4\u30b3\u30d1\u30ef\u30fc\u3067\u3000\u7a7a\u9593\u3092\u3000\u306d\u3058\u66f2\u3052\u3000\u5c0f\u3055\u306a\n\u30d6\u30e9\u30c3\u30af\u30db\u30fc\u30eb\u3092\u3000\u3064\u304f\u308a\u3060\u3059\u3000\u529b\u3092\u3000\u6301\u3064\u3002\n\u547d\u61f8\u3051\u3067\u3000\u30c8\u30ec\u30fc\u30ca\u30fc\u3092\u3000\u5b88\u308b\u3000\u30dd\u30b1\u30e2\u30f3\u3002",
      "language": {
        "name": "ja",
        "url": "https://pokeapi.co/api/v2/language/11/"
      },
      "version": {
        "name": "alpha-sapphire",
        "url": "https://pokeapi.co/api/v2/version/26/"
      }
    },
    {
      "flavor_text": "\u307f\u3089\u3044\u3092\u3000\u3088\u3061\u3059\u308b\u3000\u3061\u304b\u3089\u3092\u3000\u3082\u3064\u3002\n\u30c8\u30ec\u30fc\u30ca\u30fc\u3092\u3000\u307e\u3082\u308b\u3000\u3068\u304d\u306b\n\u3055\u3044\u3060\u3044\u3000\u30d1\u30ef\u30fc\u3092\u3000\u306f\u3063\u304d\u3059\u308b\u3002",
      "language": {
        "name": "ja-Hrkt",
        "url": "https://pokeapi.co/api/v2/language/1/"
      },
      "version": {
        "name": "sword",
        "url": "https://pokeapi.co/api/v2/version/33/"
      }
    },
    {
      "flavor_text": "\ubbf8\ub798\ub97c \uc608\uc9c0\ud558\ub294 \ud798\uc744 \uac00\uc84c\ub2e4.\n\ud2b8\ub808\uc774\ub108\ub97c \uc9c0\ud0ac \ub54c\n\ucd5c\ub300 \ud30c\uc6cc\ub97c \ubc1c\ud718\ud55c\ub2e4.",
      "language": {
        "name": "ko",
        "url": "https://pokeapi.co/api/v2/language/3/"
      },
      "version": {
        "name": "sword",
        "url": "https://pokeapi.co/api/v2/version/33/"
      }
    },
    {
      "flavor_text": "\u6709\u8457\u9810\u77e5\u672a\u4f86\u7684\u80fd\u529b\u3002\n\u5728\u4fdd\u8b77\u8a13\u7df4\u5bb6\u7684\u6642\u5019\uff0c\n\u6703\u767c\u63ee\u51fa\u6700\u5f37\u7684\u529b\u91cf\u3002",
      "language": {
        "name": "zh-Hant",
        "url": "https://pokeapi.co/api/v2/language/4/"
      },
      "version": {
        "name": "sword",
        "url": "https://pokeapi.co/api/v2/version/33/"
      }
    },
    {
      "flavor_text": "Gardevoir est capable de pr\u00e9dire l\u2019avenir.\nIl d\u00e9ploie toute sa puissance quand il doit\nprot\u00e9ger son Dresseur.",
      "language": {
        "name": "fr",
        "url": "https://pokeapi.co/api/v2/language/5/"
      },
      "version": {
        "name": "sword",
        "url": "https://pokeapi.co/api/v2/version/33/"
      }
    },
    {
      "flavor_text": "Es kann die Zukunft vorhersagen. Besch\u00fctzt es\nseinen Trainer, erreicht seine Kraft ihren\nH\u00f6hepunkt.",
      "language": {
        "name": "de",
        "url": "https://pokeapi.co/api/v2/language/6/"
      },
      "version": {
        "name": "sword",
        "url": "https://pokeapi.co/api/v2/version/33/"
      }
    },
    {
      "flavor_text": "Tiene la capacidad de predecir el futuro. Para\nproteger a su Entrenador, emplea hasta la \u00faltima\ngota de su poder ps\u00edquico.",
      "language": {
        "name": "es",
        "url": "https://pokeapi.co/api/v2/language/7/"
      },
      "version": {
        "name": "sword",
        "url": "https://pokeapi.co/api/v2/version/33/"
      }
    },
    {
      "flavor_text": "Ha la capacit\u00e0 di prevedere il futuro. Quando\ndeve proteggere il suo Allenatore, mette in\nmostra tutta la sua potenza.",
      "language": {
        "name": "it",
        "url": "https://pokeapi.co/api/v2/language/8/"
      },
      "version": {
        "name": "sword",
        "url": "https://pokeapi.co/api/v2/version/33/"
      }
    },
    {
      "flavor_text": "It has the power to predict the future. Its power\npeaks when it is protecting its Trainer.",
      "language": {
        "name": "en",
        "url": "https://pokeapi.co/api/v2/language/9/"
      },
      "version": {
        "name": "sword",
        "url": "https://pokeapi.co/api/v2/version/33/"
      }
    },
    {
      "flavor_text": "\u672a\u6765\u3092\u3000\u4e88\u77e5\u3059\u308b\u3000\u529b\u3092\u3000\u3082\u3064\u3002\n\u30c8\u30ec\u30fc\u30ca\u30fc\u3092\u3000\u5b88\u308b\u3000\u3068\u304d\u306b\n\u6700\u5927\u3000\u30d1\u30ef\u30fc\u3092\u3000\u767a\u63ee\u3059\u308b\u3002",
      "language": {
        "name": "ja",
        "url": "https://pokeapi.co/api/v2/language/11/"
      },
      "version": {
        "name": "sword",
        "url": "https://pokeapi.co/api/v2/version/33/"
      }
    },
    {
      "flavor_text": "\u6709\u7740\u9884\u77e5\u672a\u6765\u7684\u80fd\u529b\u3002\n\u5728\u4fdd\u62a4\u8bad\u7ec3\u5bb6\u7684\u65f6\u5019\uff0c\n\u4f1a\u53d1\u6325\u51fa\u6700\u5f3a\u7684\u529b\u91cf\u3002",
      "language": {
        "name": "zh-Hans",
        "url": "https://pokeapi.co/api/v2/language/12/"
      },
      "version": {
        "name": "sword",
        "url": "https://pokeapi.co/api/v2/version/33/"
      }
    },
    {
      "flavor_text": "\u30c8\u30ec\u30fc\u30ca\u30fc\u3092\u3000\u307e\u3082\u308b\u305f\u3081\u306a\u3089\n\u30b5\u30a4\u30b3\u30d1\u30ef\u30fc\u3092\u3000\u3064\u304b\u3044\u304d\u308a\u3000\u3061\u3044\u3055\u306a\n\u30d6\u30e9\u30c3\u30af\u30db\u30fc\u30eb\u3092\u3000\u3064\u304f\u308a\u3060\u3059\u3002",
      "language": {
        "name": "ja-Hrkt",
        "url": "https://pokeapi.co/api/v2/language/1/"
      },
      "version": {
        "name": "shield",
        "url": "https://pokeapi.co/api/v2/version/34/"
      }
    },
    {
      "flavor_text": "\ud2b8\ub808\uc774\ub108\ub97c \uc9c0\ud0a4\uae30 \uc704\ud574\uc11c\ub77c\uba74\n\uc0ac\uc774\ucf54 \ud30c\uc6cc\ub97c \ubaa8\ub450 \uc368\uc11c\n\uc791\uc740 \ube14\ub799\ud640\uc744 \ub9cc\ub4e4\uc5b4 \ub0b8\ub2e4.",
      "language": {
        "name": "ko",
        "url": "https://pokeapi.co/api/v2/language/3/"
      },
      "version": {
        "name": "shield",
        "url": "https://pokeapi.co/api/v2/version/34/"
      }
    },
    {
      "flavor_text": "\u5982\u679c\u662f\u70ba\u4e86\u4fdd\u8b77\u8a13\u7df4\u5bb6\uff0c\n\u7260\u6703\u4e0d\u60dc\u7528\u76e1\u81ea\u5df1\u7684\u7cbe\u795e\u529b\u91cf\n\u88fd\u9020\u51fa\u5c0f\u578b\u9ed1\u6d1e\u3002",
      "language": {
        "name": "zh-Hant",
        "url": "https://pokeapi.co/api/v2/language/4/"
      },
      "version": {
        "name": "shield",
        "url": "https://pokeapi.co/api/v2/version/34/"
      }
    },
    {
      "flavor_text": "Pr\u00eat \u00e0 tout pour prot\u00e9ger son Dresseur,\nil peut aller jusqu\u2019\u00e0 \u00e9puiser sa force mentale\npour cr\u00e9er un mini trou noir.",
      "language": {
        "name": "fr",
        "url": "https://pokeapi.co/api/v2/language/5/"
      },
      "version": {
        "name": "shield",
        "url": "https://pokeapi.co/api/v2/version/34/"
      }
    },
    {
      "flavor_text": "Wenn es seinen Trainer sch\u00fctzen will, nimmt es all\nseine Psycho-Kr\u00e4fte zusammen, um so ein kleines\nschwarzes Loch zu erzeugen.",
      "language": {
        "name": "de",
        "url": "https://pokeapi.co/api/v2/language/6/"
      },
      "version": {
        "name": "shield",
        "url": "https://pokeapi.co/api/v2/version/34/"
      }
    },
    {
      "flavor_text": "Para proteger a su Entrenador, emplea todo su\npoder ps\u00edquico en crear un peque\u00f1o agujero\nnegro.",
      "language": {
        "name": "es",
        "url": "https://pokeapi.co/api/v2/language/7/"
      },
      "version": {
        "name": "shield",
        "url": "https://pokeapi.co/api/v2/version/34/"
      }
    },
    {
      "flavor_text": "Quando il suo Allenatore \u00e8 in pericolo, usa tutto\nil suo potere psichico per creare un piccolo buco\nnero.",
      "language": {
        "name": "it",
        "url": "https://pokeapi.co/api/v2/language/8/"
      },
      "version": {
        "name": "shield",
        "url": "https://pokeapi.co/api/v2/version/34/"
      }
    },
    {
      "flavor_text": "To protect its Trainer, it will expend all its psychic\npower to create a small black hole.",
      "language": {
        "name": "en",
        "url": "https://pokeapi.co/api/v2/language/9/"
      },
      "version": {
        "name": "shield",
        "url": "https://pokeapi.co/api/v2/version/34/"
      }
    },
    {
      "flavor_text": "\u30c8\u30ec\u30fc\u30ca\u30fc\u3092\u3000\u5b88\u308b\u305f\u3081\u306a\u3089\n\u30b5\u30a4\u30b3\u30d1\u30ef\u30fc\u3092\u3000\u4f7f\u3044\u304d\u308a\u3000\u5c0f\u3055\u306a\n\u30d6\u30e9\u30c3\u30af\u30db\u30fc\u30eb\u3092\u3000\u3064\u304f\u308a\u3060\u3059\u3002",
      "language": {
        "name": "ja",
        "url": "https://pokeapi.co/api/v2/language/11/"
      },
      "version": {
        "name": "shield",
        "url": "https://pokeapi.co/api/v2/version/34/"
      }
    },
    {
      "flavor_text": "\u5982\u679c\u662f\u4e3a\u4e86\u4fdd\u62a4\u8bad\u7ec3\u5bb6\uff0c\n\u5b83\u5c31\u4f1a\u7528\u5c3d\u81ea\u5df1\u7684\u7cbe\u795e\u529b\u91cf\n\u5236\u9020\u51fa\u5c0f\u578b\u9ed1\u6d1e\u3002",
      "language": {
        "name": "zh-Hans",
        "url": "https://pokeapi.co/api/v2/language/12/"
      },
      "version": {
        "name": "shield",
        "url": "https://pokeapi.co/api/v2/version/34/"
      }
    },
    {
      "flavor_text": "It will dedicate itself to defending a master it has come to\nadore. Its pure white dress, reminiscent of those worn by ladies\nof nobility, is the dress of one who is willing to risk their life.",
      "language": {
        "name": "en",
        "url": "https://pokeapi.co/api/v2/language/9/"
      },
      "version": {
        "name": "legends-arceus",
        "url": "https://pokeapi.co/api/v2/version/39/"
      }
    }
  ],
  "form_descriptions": [],
  "forms_switchable": true,
  "gender_rate": 4,
  "genera": [
    {
      "genus": "\u307b\u3046\u3088\u3046\u30dd\u30b1\u30e2\u30f3",
      "language": {
        "name": "ja-Hrkt",
        "url": "https://pokeapi.co/api/v2/language/1/"
      }
    },
    {
      "genus": "\ud3ec\uc6a9\ud3ec\ucf13\ubaac",
      "language": {
        "name": "ko",
        "url": "https://pokeapi.co/api/v2/language/3/"
      }
    },
    {
      "genus": "\u5305\u5bb9\u5bf6\u53ef\u5922",
      "language": {
        "name": "zh-Hant",
        "url": "https://pokeapi.co/api/v2/language/4/"
      }
    },
    {
      "genus": "Pok\u00e9mon \u00c9treinte",
      "language": {
        "name": "fr",
        "url": "https://pokeapi.co/api/v2/language/5/"
      }
    },
    {
      "genus": "Umarmungs-Pok\u00e9mon",
      "language": {
        "name": "de",
        "url": "https://pokeapi.co/api/v2/language/6/"
      }
    },
    {
      "genus": "Pok\u00e9mon Envolvente",
      "language": {
        "name": "es",
        "url": "https://pokeapi.co/api/v2/language/7/"
      }
    },
    {
      "genus": "Pok\u00e9mon Abbraccio",
      "language": {
        "name": "it",
        "url": "https://pokeapi.co/api/v2/language/8/"
      }
    },
    {
      "genus": "Embrace Pok\u00e9mon",
      "language": {
        "name": "en",
        "url": "https://pokeapi.co/api/v2/language/9/"
      }
    },
    {
      "genus": "\u307b\u3046\u3088\u3046\u30dd\u30b1\u30e2\u30f3",
      "language": {
        "name": "ja",
        "url": "https://pokeapi.co/api/v2/language/11/"
      }
    },
    {
      "genus": "\u5305\u5bb9\u5b9d\u53ef\u68a6",
      "language": {
        "name": "zh-Hans",
        "url": "https://pokeapi.co/api/v2/language/12/"
      }
    }
  ],
  "generation": {
    "name": "generation-iii",
    "url": "https://pokeapi.co/api/v2/generation/3/"
  },
  "growth_rate": {
    "name": "slow",
    "url": "https://pokeapi.co/api/v2/growth-rate/1/"
  },
  "habitat": {
    "name": "urban",
    "url": "https://pokeapi.co/api/v2/pokemon-habitat/8/"
  },
  "has_gender_differences": false,
  "hatch_counter": 20,
  "id": 282,
  "is_baby": false,
  "is_legendary": false,
  "is_mythical": false,
  "name": "gardevoir",
  "names": [
    {
      "language": {
        "name": "ja-Hrkt",
        "url": "https://pokeapi.co/api/v2/language/1/"
      },
      "name": "\u30b5\u30fc\u30ca\u30a4\u30c8"
    },
    {
      "language": {
        "name": "roomaji",
        "url": "https://pokeapi.co/api/v2/language/2/"
      },
      "name": "Sirnight"
    },
    {
      "language": {
        "name": "ko",
        "url": "https://pokeapi.co/api/v2/language/3/"
      },
      "name": "\uac00\ub514\uc548"
    },
    {
      "language": {
        "name": "zh-Hant",
        "url": "https://pokeapi.co/api/v2/language/4/"
      },
      "name": "\u6c99\u5948\u6735"
    },
    {
      "language": {
        "name": "fr",
        "url": "https://pokeapi.co/api/v2/language/5/"
      },
      "name": "Gardevoir"
    },
    {
      "language": {
        "name": "de",
        "url": "https://pokeapi.co/api/v2/language/6/"
      },
      "name": "Guardevoir"
    },
    {
      "language": {
        "name": "es",
        "url": "https://pokeapi.co/api/v2/language/7/"
      },
      "name": "Gardevoir"
    },
    {
      "language": {
        "name": "it",
        "url": "https://pokeapi.co/api/v2/language/8/"
      },
      "name": "Gardevoir"
    },
    {
      "language": {
        "name": "en",
        "url": "https://pokeapi.co/api/v2/language/9/"
      },
      "name": "Gardevoir"
    },
    {
      "language": {
        "name": "ja",
        "url": "https://pokeapi.co/api/v2/language/11/"
      },
      "name": "\u30b5\u30fc\u30ca\u30a4\u30c8"
    },
    {
      "language": {
        "name": "zh-Hans",
        "url": "https://pokeapi.co/api/v2/language/12/"
      },
      "name": "\u6c99\u5948\u6735"
    }
  ],
  "order": 307,
  "pal_park_encounters": [
    {
      "area": {
        "name": "field",
        "url": "https://pokeapi.co/api/v2/pal-park-area/2/"
      },
      "base_score": 80,
      "rate": 10
    }
  ],
  "pokedex_numbers": [
    {
      "entry_number": 282,
      "pokedex": {
        "name": "national",
        "url": "https://pokeapi.co/api/v2/pokedex/1/"
      }
    },
    {
      "entry_number": 31,
      "pokedex": {
        "name": "hoenn",
        "url": "https://pokeapi.co/api/v2/pokedex/4/"
      }
    },
    {
      "entry_number": 159,
      "pokedex": {
        "name": "extended-sinnoh",
        "url": "https://pokeapi.co/api/v2/pokedex/6/"
      }
    },
    {
      "entry_number": 11,
      "pokedex": {
        "name": "conquest-gallery",
        "url": "https://pokeapi.co/api/v2/pokedex/11/"
      }
    },
    {
      "entry_number": 66,
      "pokedex": {
        "name": "kalos-central",
        "url": "https://pokeapi.co/api/v2/pokedex/12/"
      }
    },
    {
      "entry_number": 31,
      "pokedex": {
        "name": "updated-hoenn",
        "url": "https://pokeapi.co/api/v2/pokedex/15/"
      }
    },
    {
      "entry_number": 122,
      "pokedex": {
        "name": "galar",
        "url": "https://pokeapi.co/api/v2/pokedex/27/"
      }
    },
    {
      "entry_number": 36,
      "pokedex": {
        "name": "isle-of-armor",
        "url": "https://pokeapi.co/api/v2/pokedex/28/"
      }
    },
    {
      "entry_number": 103,
      "pokedex": {
        "name": "hisui",
        "url": "https://pokeapi.co/api/v2/pokedex/30/"
      }
    },
    {
      "entry_number": 64,
      "pokedex": {
        "name": "paldea",
        "url": "https://pokeapi.co/api/v2/pokedex/31/"
      }
    },
    {
      "entry_number": 59,
      "pokedex": {
        "name": "kitakami",
        "url": "https://pokeapi.co/api/v2/pokedex/32/"
      }
    },
    {
      "entry_number": 89,
      "pokedex": {
        "name": "lumiose-city",
        "url": "https://pokeapi.co/api/v2/pokedex/34/"
      }
    }
  ],
  "shape": {
    "name": "humanoid",
    "url": "https://pokeapi.co/api/v2/pokemon-shape/12/"
  },
  "varieties": [
    {
      "is_default": true,
      "pokemon": {
        "name": "gardevoir",
        "url": "https://pokeapi.co/api/v2/pokemon/282/"
      }
    },
    {
      "is_default": false,
      "pokemon": {
        "name": "gardevoir-mega",
        "url": "https://pokeapi.co/api/v2/pokemon/10051/"
      }
    }
  ]
}