{"flavor_text_entries": [{"flavor_text": "The bone it holds\nis its key weapon.\nIt throws the\fbone skillfully\nlike a boomerang\nto KO targets.", "language": {"name": "en", "url": "https://pokeapi.co/api/v2/language/9/"}, "version": {"name": "red", "url": "https://pokeapi.co/api/v2/version/1/"}}, {"flavor_text": "The bone it holds\nis its key weapon.\nIt throws the\fbone skillfully\nlike a boomerang\nto KO targets.", "language": {"name": "en", "url": "https://pokeapi.co/api/v2/language/9/"}, "version": {"name": "blue", "url": "https://pokeapi.co/api/v2/version/2/"}}, {"flavor_text": "Small and weak,\nthis POK\u00e9MON is\nadept with its\fbone club. It has\ngrown more vicious\nover the ages.", "language": {"name": "en", "url": "https://pokeapi.co/api/v2/language/9/"}, "version": {"name": "yellow", "url": "https://pokeapi.co/api/v2/version/3/"}}, {"flavor_text": "It has been seen\npounding boulders\nwith the bone it\fcarries in order\nto tap out mes\u00ad\nsages to others.", "language": {"name": "en", "url": "https://pokeapi.co/api/v2/language/9/"}, "version": {"name": "gold", "url": "https://pokeapi.co/api/v2/version/4/"}}, {"flavor_text": "It collects bones\nfrom an unknown\nplace. A MAROWAK\fgraveyard exists\nsomewhere in the\nworld, rumors say.", "language": {"name": "en", "url": "https://pokeapi.co/api/v2/language/9/"}, "version": {"name": "silver", "url": "https://pokeapi.co/api/v2/version/5/"}}, {"flavor_text": "Somewhere in the\nworld is a ceme\u00ad\ntery just for\fMAROWAK. It gets\nits bones from\nthose graves.", "language": {"name": "en", "url": "https://pokeapi.co/api/v2/language/9/"}, "version": {"name": "crystal", "url": "https://pokeapi.co/api/v2/version/6/"}}, {"flavor_text": "MAROWAK is the evolved form of a CUBONE\nthat has overcome its sadness at the\nloss of its mother and grown tough.\fThis POK\u00e9MON\u2019s tempered and hardened\nspirit is not easily broken.", "language": {"name": "en", "url": "https://pokeapi.co/api/v2/language/9/"}, "version": {"name": "ruby", "url": "https://pokeapi.co/api/v2/version/7/"}}, {"flavor_text": "MAROWAK is the evolved form of a CUBONE\nthat has overcome its sadness at the\nloss of its mother and grown tough.\fThis POK\u00e9MON\u2019s tempered and hardened\nspirit is not easily broken.", "language": {"name": "en", "url": "https://pokeapi.co/api/v2/language/9/"}, "version": {"name": "sapphire", "url": "https://pokeapi.co/api/v2/version/8/"}}, {"flavor_text": "A MAROWAK is the evolved form of a CUBONE\nthat has grown tough by overcoming the\ngrief of losing its mother. Its tempered\nand hardened spirit is not easily broken.", "language": {"name": "en", "url": "https://pokeapi.co/api/v2/language/9/"}, "version": {"name": "emerald", "url": "https://pokeapi.co/api/v2/version/9/"}}, {"flavor_text": "It is small and was originally very weak.\nIts temperament turned ferocious when it\nbegan using bones.", "language": {"name": "en", "url": "https://pokeapi.co/api/v2/language/9/"}, "version": {"name": "firered", "url": "https://pokeapi.co/api/v2/version/10/"}}, {"flavor_text": "The bone it holds is its key weapon.\nIt throws the bone skillfully like a\nboomerang to KO targets.", "language": {"name": "en", "url": "https://pokeapi.co/api/v2/language/9/"}, "version": {"name": "leafgreen", "url": "https://pokeapi.co/api/v2/version/11/"}}, {"flavor_text": "From its birth, this savage Pok\u00e9mon\nconstantly holds bones. It is\nskilled in using them as weapons.", "language": {"name": "en", "url": "https://pokeapi.co/api/v2/language/9/"}, "version": {"name": "diamond", "url": "https://pokeapi.co/api/v2/version/12/"}}, {"flavor_text": "From its birth, this savage Pok\u00e9mon\nconstantly holds bones. It is\nskilled in using them as weapons.", "language": {"name": "en", "url": "https://pokeapi.co/api/v2/language/9/"}, "version": {"name": "pearl", "url": "https://pokeapi.co/api/v2/version/13/"}}, {"flavor_text": "From its birth, this savage Pok\u00e9mon\nconstantly holds bones. It is\nskilled in using them as weapons.", "language": {"name": "en", "url": "https://pokeapi.co/api/v2/language/9/"}, "version": {"name": "platinum", "url": "https://pokeapi.co/api/v2/version/14/"}}, {"flavor_text": "It has been seen pounding boulders\nwith the bone it carries in order\nto tap out messages to others.", "language": {"name": "en", "url": "https://pokeapi.co/api/v2/language/9/"}, "version": {"name": "heartgold", "url": "https://pokeapi.co/api/v2/version/15/"}}, {"flavor_text": "It collects bones from an unknown place.\nSome whisper that a MAROWAK graveyard\nexists somewhere in the world.", "language": {"name": "en", "url": "https://pokeapi.co/api/v2/language/9/"}, "version": {"name": "soulsilver", "url": "https://pokeapi.co/api/v2/version/16/"}}, {"flavor_text": "From its birth, this savage Pok\u00e9mon\nconstantly holds bones. It is\nskilled in using them as weapons.", "language": {"name": "en", "url": "https://pokeapi.co/api/v2/language/9/"}, "version": {"name": "black", "url": "https://pokeapi.co/api/v2/version/17/"}}, {"flavor_text": "From its birth, this savage Pok\u00e9mon\nconstantly holds bones. It is\nskilled in using them as weapons.", "language": {"name": "en", "url": "https://pokeapi.co/api/v2/language/9/"}, "version": {"name": "white", "url": "https://pokeapi.co/api/v2/version/18/"}}, {"flavor_text": "From its birth, this savage Pok\u00e9mon\nconstantly holds bones. It is\nskilled in using them as weapons.", "language": {"name": "en", "url": "https://pokeapi.co/api/v2/language/9/"}, "version": {"name": "black-2", "url": "https://pokeapi.co/api/v2/version/21/"}}, {"flavor_text": "From its birth, this savage Pok\u00e9mon\nconstantly holds bones. It is\nskilled in using them as weapons.", "language": {"name": "en", "url": "https://pokeapi.co/api/v2/language/9/"}, "version": {"name": "white-2", "url": "https://pokeapi.co/api/v2/version/22/"}}, {"flavor_text": "It is small and was originally very weak.\nIts temperament turned ferocious when it began\nusing bones.", "language": {"name": "en", "url": "https://pokeapi.co/api/v2/language/9/"}, "version": {"name": "x", "url": "https://pokeapi.co/api/v2/version/23/"}}, {"flavor_text": "The bone it holds is its key weapon. It throws the\nbone skillfully like a boomerang to KO targets.", "language": {"name": "en", "url": "https://pokeapi.co/api/v2/language/9/"}, "version": {"name": "y", "url": "https://pokeapi.co/api/v2/version/24/"}}, {"flavor_text": "Marowak is the evolved form of a Cubone that has overcome\nits sadness at the loss of its mother and grown tough.\nThis Pok\u00e9mon\u2019s tempered and hardened spirit is not\neasily broken.", "language": {"name": "en", "url": "https://pokeapi.co/api/v2/language/9/"}, "version": {"name": "omega-ruby", "url": "https://pokeapi.co/api/v2/version/25/"}}, {"flavor_text": "Marowak is the evolved form of a Cubone that has overcome\nits sadness at the loss of its mother and grown tough. This\nPok\u00e9mon\u2019s tempered and hardened spirit is not easily broken.", "language": {"name": "en", "url": "https://pokeapi.co/api/v2/language/9/"}, "version": {"name": "alpha-sapphire", "url": "https://pokeapi.co/api/v2/version/26/"}}, {"flavor_text": "Originally, it was weak and timid. After evolution,\nits temperament becomes violent, and it begins\nto wield bones as weapons.", "language": {"name": "en", "url": "https://pokeapi.co/api/v2/language/9/"}, "version": {"name": "sun", "url": "https://pokeapi.co/api/v2/version/27/"}}, {"flavor_text": "This Pok\u00e9mon is out for vengeance on its natural\nenemy, Mandibuzz. It throws bones like\nboomerangs to try to take it down.", "language": {"name": "en", "url": "https://pokeapi.co/api/v2/language/9/"}, "version": {"name": "moon", "url": "https://pokeapi.co/api/v2/version/28/"}}, {"flavor_text": "It throws bones at Mandibuzz to knock it down.\nIt\u2019s thought that Marowak is trying to avenge\nits parent.", "language": {"name": "en", "url": "https://pokeapi.co/api/v2/language/9/"}, "version": {"name": "ultra-sun", "url": "https://pokeapi.co/api/v2/version/29/"}}, {"flavor_text": "They thump their bones rhythmically to\ncommunicate among themselves. There are\nnearly 50 different rhythmic patterns.", "language": {"name": "en", "url": "https://pokeapi.co/api/v2/language/9/"}, "version": {"name": "ultra-moon", "url": "https://pokeapi.co/api/v2/version/30/"}}, {"flavor_text": "Small and weak, this Pok\u00e9mon is adept\nwith its bone club. It has grown more vicious\nover the ages.", "language": {"name": "en", "url": "https://pokeapi.co/api/v2/language/9/"}, "version": {"name": "lets-go-pikachu", "url": "https://pokeapi.co/api/v2/version/31/"}}, {"flavor_text": "Small and weak, this Pok\u00e9mon is adept\nwith its bone club. It has grown more vicious\nover the ages.", "language": {"name": "en", "url": "https://pokeapi.co/api/v2/language/9/"}, "version": {"name": "lets-go-eevee", "url": "https://pokeapi.co/api/v2/version/32/"}}, {"flavor_text": "This Pok\u00e9mon overcame its sorrow to evolve a\nsturdy new body. Marowak faces its opponents\nbravely, using a bone as a weapon.", "language": {"name": "en", "url": "https://pokeapi.co/api/v2/language/9/"}, "version": {"name": "sword", "url": "https://pokeapi.co/api/v2/version/33/"}}, {"flavor_text": "When this Pok\u00e9mon evolved, the skull of its\nmother fused to it. Marowak\u2019s temperament also\nturned vicious at the same time.", "language": {"name": "en", "url": "https://pokeapi.co/api/v2/language/9/"}, "version": {"name": "shield", "url": "https://pokeapi.co/api/v2/version/34/"}}], "evolution_chain": {"url": "https://pokeapi.co/api/v2/evolution-chain/46/"}}