{"flavor_text_entries": [{"flavor_text": "The seeds attached to its cotton fluff are full of\nnutrients. It spreads them on the wind so that\nplants and other Pok\u00e9mon can benefit from them.", "language": {"name": "en", "url": "https://pokeapi.co/api/v2/language/9/"}, "version": {"name": "sword", "url": "https://pokeapi.co/api/v2/version/33/"}}, {"flavor_text": "The cotton on the head of this Pok\u00e9mon can be\nspun into a glossy, gorgeous yarn\u2014a Galar\nregional specialty.", "language": {"name": "en", "url": "https://pokeapi.co/api/v2/language/9/"}, "version": {"name": "shield", "url": "https://pokeapi.co/api/v2/version/34/"}}], "evolution_chain": {"url": "https://pokeapi.co/api/v2/evolution-chain/437/"}}