{
  "base_happiness": 50,
  "capture_rate": 3,
  "color": {
    "name": "gray",
    "url": "https://pokeapi.co/api/v2/pokemon-color/4/"
  },
  "egg_groups": [
    {
      "name": "no-eggs",
      "url": "https://pokeapi.co/api/v2/egg-group/15/"
    }
  ],
  "evolution_chain": {
    "url": "https://pokeapi.co/api/v2/evolution-chain/470/"
  },
  "evolves_from_species": {
    "name": "kubfu",
    "url": "https://pokeapi.co/api/v2/pokemon-species/891/"
  },
  "flavor_text_entries": [
    {
      "flavor_text": "\u3044\u3061\u3052\u304d\u3072\u3063\u3055\u3064\u304c\u3000\u3057\u3093\u3058\u3087\u3046\u3002\n\u3042\u3044\u3066\u306e\u3000\u3075\u3068\u3053\u308d\u306b\u3000\u3068\u3073\u3053\u307f\n\u304d\u305f\u3048\u3089\u308c\u305f\u3000\u3053\u3076\u3057\u3092\u3000\u305f\u305f\u304d\u3053\u3080\u3002",
      "language": {
        "name": "ja-Hrkt",
        "url": "https://pokeapi.co/api/v2/language/1/"
      },
      "version": {
        "name": "sword",
        "url": "https://pokeapi.co/api/v2/version/33/"
      }
    },
    {
      "flavor_text": "\uc77c\uaca9\ud544\uc0b4\uc774 \uc2e0\uc870\ub2e4.\n\uc0c1\ub300\uc758 \ud488\uc73c\ub85c \ud30c\uace0\ub4e4\uc5b4\n\ub2e8\ub828\ub41c \uc8fc\uba39\uc744 \uc9c8\ub7ec \ub123\ub294\ub2e4.",
      "language": {
        "name": "ko",
        "url": "https://pokeapi.co/api/v2/language/3/"
      },
      "version": {
        "name": "sword",
        "url": "https://pokeapi.co/api/v2/version/33/"
      }
    },
    {
      "flavor_text": "\u4e00\u64ca\u5fc5\u6bba\u662f\u7260\u7684\u4fe1\u5ff5\u3002\n\u6703\u885d\u9032\u5c0d\u624b\u7684\u61f7\u88e1\uff0c\u4e0d\u7559\u60c5\u5730\n\u7528\u5343\u9318\u767e\u7149\u7684\u62f3\u982d\u7d66\u4e88\u4e00\u64ca\u3002",
      "language": {
        "name": "zh-Hant",
        "url": "https://pokeapi.co/api/v2/language/4/"
      },
      "version": {
        "name": "sword",
        "url": "https://pokeapi.co/api/v2/version/33/"
      }
    },
    {
      "flavor_text": "Adepte des techniques pouvant mettre K.O.\nen un seul coup, il se jette sur son adversaire\net le frappe de son poing robuste.",
      "language": {
        "name": "fr",
        "url": "https://pokeapi.co/api/v2/language/5/"
      },
      "version": {
        "name": "sword",
        "url": "https://pokeapi.co/api/v2/version/33/"
      }
    },
    {
      "flavor_text": "Es ist darauf spezialisiert, Gegner mit nur einem\nTreffer zu bezwingen, indem es sie schlagartig\nanf\u00e4llt und einen fokussierten Hieb austeilt.",
      "language": {
        "name": "de",
        "url": "https://pokeapi.co/api/v2/language/6/"
      },
      "version": {
        "name": "sword",
        "url": "https://pokeapi.co/api/v2/version/33/"
      }
    },
    {
      "flavor_text": "Su estilo de lucha se basa en abatir a sus rivales\nde un solo golpe. Se abalanza sobre ellos con su\npu\u00f1o cincelado por el entrenamiento.",
      "language": {
        "name": "es",
        "url": "https://pokeapi.co/api/v2/language/7/"
      },
      "version": {
        "name": "sword",
        "url": "https://pokeapi.co/api/v2/version/33/"
      }
    },
    {
      "flavor_text": "Il suo credo \u00e8 sconfiggere l\u2019avversario con un\ncolpo solo. Si lancia sul nemico e lo colpisce con\nun pugno potenziato al massimo dall\u2019allenamento.",
      "language": {
        "name": "it",
        "url": "https://pokeapi.co/api/v2/language/8/"
      },
      "version": {
        "name": "sword",
        "url": "https://pokeapi.co/api/v2/version/33/"
      }
    },
    {
      "flavor_text": "This form of Urshifu is a strong believer in the\none-hit KO. Its strategy is to leap in close to foes\nand land a devastating blow with a hardened fist.",
      "language": {
        "name": "en",
        "url": "https://pokeapi.co/api/v2/language/9/"
      },
      "version": {
        "name": "sword",
        "url": "https://pokeapi.co/api/v2/version/33/"
      }
    },
    {
      "flavor_text": "\u4e00\u6483\u5fc5\u6bba\u304c\u3000\u4fe1\u6761\u3002\n\u76f8\u624b\u306e\u3000\u61d0\u306b\u3000\u98db\u3073\u3053\u307f\n\u935b\u3048\u3089\u308c\u305f\u3000\u62f3\u3092\u3000\u53e9\u304d\u3053\u3080\u3002",
      "language": {
        "name": "ja",
        "url": "https://pokeapi.co/api/v2/language/11/"
      },
      "version": {
        "name": "sword",
        "url": "https://pokeapi.co/api/v2/version/33/"
      }
    },
    {
      "flavor_text": "\u4e00\u51fb\u5fc5\u6740\u662f\u5b83\u7684\u4fe1\u6761\u3002\n\u98de\u51b2\u5230\u5bf9\u65b9\u7684\u6000\u4e2d\uff0c\u7528\u81ea\u5df1\n\u7ecf\u8fc7\u5343\u9524\u767e\u70bc\u7684\u62f3\u5934\u4e00\u62f3\u51fb\u5165\u3002",
      "language": {
        "name": "zh-Hans",
        "url": "https://pokeapi.co/api/v2/language/12/"
      },
      "version": {
        "name": "sword",
        "url": "https://pokeapi.co/api/v2/version/33/"
      }
    },
    {
      "flavor_text": "\u3068\u304a\u3044\u3000\u3061\u307b\u3046\u306e\u3000\u3055\u3093\u304c\u304f\u3061\u305f\u3044\u3067\n\u304f\u3089\u3059\u3002\u3000\u3060\u3093\u304c\u3044\u305c\u3063\u307a\u304d\u3092\u3000\u306f\u3057\u308a\n\u3042\u3057\u3053\u3057\u3092\u3000\u304d\u305f\u3048\u3000\u308f\u3056\u3092\u3000\u307f\u304c\u304f\u3002",
      "language": {
        "name": "ja-Hrkt",
        "url": "https://pokeapi.co/api/v2/language/1/"
      },
      "version": {
        "name": "shield",
        "url": "https://pokeapi.co/api/v2/version/34/"
      }
    },
    {
      "flavor_text": "\uba3c \uc9c0\ubc29\uc758 \uc0b0\uc545\uc9c0\ub300\uc5d0 \uc0b0\ub2e4.\n\ub0ad\ub5a0\ub7ec\uc9c0 \uc808\ubcbd\uc744 \ub2ec\ub9ac\uba70\n\ud558\uccb4\ub97c \ub2e8\ub828\ud558\uace0 \uae30\uc220\uc744 \uc5f0\ub9c8\ud55c\ub2e4.",
      "language": {
        "name": "ko",
        "url": "https://pokeapi.co/api/v2/language/3/"
      },
      "version": {
        "name": "shield",
        "url": "https://pokeapi.co/api/v2/version/34/"
      }
    },
    {
      "flavor_text": "\u68f2\u606f\u5728\u9059\u9060\u5730\u5340\u7684\u5c71\u5cb3\u5730\u5e36\u3002\n\u6703\u5728\u65b7\u5d16\u7d55\u58c1\u4e0a\u4f86\u56de\u5954\u8dd1\n\u935b\u934a\u4e0b\u76e4\uff0c\u78e8\u7df4\u62db\u5f0f\u3002",
      "language": {
        "name": "zh-Hant",
        "url": "https://pokeapi.co/api/v2/language/4/"
      },
      "version": {
        "name": "shield",
        "url": "https://pokeapi.co/api/v2/version/34/"
      }
    },
    {
      "flavor_text": "Il vit dans une lointaine r\u00e9gion montagneuse o\u00f9\nil peaufine ses techniques et muscle ses jambes\nen courant le long des falaises abruptes.",
      "language": {
        "name": "fr",
        "url": "https://pokeapi.co/api/v2/language/5/"
      },
      "version": {
        "name": "shield",
        "url": "https://pokeapi.co/api/v2/version/34/"
      }
    },
    {
      "flavor_text": "Wulaosu lebt in den Bergen einer fernen Region.\nUm die Beine zu st\u00e4hlen und seine Kampftechnik\nzu verbessern, rennt es steile Klippen entlang.",
      "language": {
        "name": "de",
        "url": "https://pokeapi.co/api/v2/language/6/"
      },
      "version": {
        "name": "shield",
        "url": "https://pokeapi.co/api/v2/version/34/"
      }
    },
    {
      "flavor_text": "Vive en zonas monta\u00f1osas en \u00e1reas rec\u00f3nditas,\ndonde entrena corriendo por escarpados riscos\npara fortalecer sus piernas y refinar su t\u00e9cnica.",
      "language": {
        "name": "es",
        "url": "https://pokeapi.co/api/v2/language/7/"
      },
      "version": {
        "name": "shield",
        "url": "https://pokeapi.co/api/v2/version/34/"
      }
    },
    {
      "flavor_text": "Vive nelle zone montuose di una regione lontana.\nCorre sulle pareti dei dirupi, allenando gli arti\ninferiori e perfezionando le sue mosse.",
      "language": {
        "name": "it",
        "url": "https://pokeapi.co/api/v2/language/8/"
      },
      "version": {
        "name": "shield",
        "url": "https://pokeapi.co/api/v2/version/34/"
      }
    },
    {
      "flavor_text": "Inhabiting the mountains of a distant region, this\nPok\u00e9mon races across sheer cliffs, training its legs\nand refining its moves.",
      "language": {
        "name": "en",
        "url": "https://pokeapi.co/api/v2/language/9/"
      },
      "version": {
        "name": "shield",
        "url": "https://pokeapi.co/api/v2/version/34/"
      }
    },
    {
      "flavor_text": "\u9060\u3044\u3000\u5730\u65b9\u306e\u3000\u5c71\u5cb3\u5730\u5e2f\u3067\n\u66ae\u3089\u3059\u3002\u3000\u65ad\u5d16\u7d76\u58c1\u3092\u3000\u8d70\u308a\n\u8db3\u8170\u3092\u3000\u935b\u3048\u3000\u6280\u3092\u3000\u78e8\u304f\u3002",
      "language": {
        "name": "ja",
        "url": "https://pokeapi.co/api/v2/language/11/"
      },
      "version": {
        "name": "shield",
        "url": "https://pokeapi.co/api/v2/version/34/"
      }
    },
    {
      "flavor_text": "\u751f\u6d3b\u5728\u9065\u8fdc\u5730\u533a\u7684\u5c71\u5cb3\u5730\u5e26\u3002\n\u901a\u8fc7\u5728\u65ad\u5d16\u7edd\u58c1\u4e0a\u5954\u8dd1\n\u6765\u953b\u70bc\u8170\u817f\uff0c\u78e8\u70bc\u62db\u5f0f\u3002",
      "language": {
        "name": "zh-Hans",
        "url": "https://pokeapi.co/api/v2/language/12/"
      },
      "version": {
        "name": "shield",
        "url": "https://pokeapi.co/api/v2/version/34/"
      }
    }
  ],
  "form_descriptions": [],
  "forms_switchable": false,
  "gender_rate": 1,
  "genera": [
    {
      "genus": "\u3051\u3093\u307d\u3046\u30dd\u30b1\u30e2\u30f3",
      "language": {
        "name": "ja-Hrkt",
        "url": "https://pokeapi.co/api/v2/language/1/"
      }
    },
    {
      "genus": "\uad8c\ubc95\ud3ec\ucf13\ubaac",
      "language": {
        "name": "ko",
        "url": "https://pokeapi.co/api/v2/language/3/"
      }
    },
    {
      "genus": "\u62f3\u6cd5\u5bf6\u53ef\u5922",
      "language": {
        "name": "zh-Hant",
        "url": "https://pokeapi.co/api/v2/language/4/"
      }
    },
    {
      "genus": "Pok\u00e9mon Kung-fu",
      "language": {
        "name": "fr",
        "url": "https://pokeapi.co/api/v2/language/5/"
      }
    },
    {
      "genus": "Kung-Fu-Pok\u00e9mon",
      "language": {
        "name": "de",
        "url": "https://pokeapi.co/api/v2/language/6/"
      }
    },
    {
      "genus": "Pok\u00e9mon Kung-fu",
      "language": {
        "name": "es",
        "url": "https://pokeapi.co/api/v2/language/7/"
      }
    },
    {
      "genus": "Pok\u00e9mon Kung Fu",
      "language": {
        "name": "it",
        "url": "https://pokeapi.co/api/v2/language/8/"
      }
    },
    {
      "genus": "Wushu Pok\u00e9mon",
      "language": {
        "name": "en",
        "url": "https://pokeapi.co/api/v2/language/9/"
      }
    },
    {
      "genus": "\u3051\u3093\u307d\u3046\u30dd\u30b1\u30e2\u30f3",
      "language": {
        "name": "ja",
        "url": "https://pokeapi.co/api/v2/language/11/"
      }
    },
    {
      "genus": "\u62f3\u6cd5\u5b9d\u53ef\u68a6",
      "language": {
        "name": "zh-Hans",
        "url": "https://pokeapi.co/api/v2/language/12/"
      }
    }
  ],
  "generation": {
    "name": "generation-viii",
    "url": "https://pokeapi.co/api/v2/generation/8/"
  },
  "growth_rate": {
    "name": "slow",
    "url": "https://pokeapi.co/api/v2/growth-rate/1/"
  },
  "habitat": null,
  "has_gender_differences": false,
  "hatch_counter": 120,
  "id": 892,
  "is_baby": false,
  "is_legendary": true,
  "is_mythical": false,
  "name": "urshifu",
  "names": [
    {
      "language": {
        "name": "ja-Hrkt",
        "url": "https://pokeapi.co/api/v2/language/1/"
      },
      "name": "\u30a6\u30fc\u30e9\u30aa\u30b9"
    },
    {
      "language": {
        "name": "roomaji",
        "url": "https://pokeapi.co/api/v2/language/2/"
      },
      "name": "Wulaosu"
    },
    {
      "language": {
        "name": "ko",
        "url": "https://pokeapi.co/api/v2/language/3/"
      },
      "name": "\uc6b0\ub77c\uc624\uc2a4"
    },
    {
      "language": {
        "name": "zh-Hant",
        "url": "https://pokeapi.co/api/v2/language/4/"
      },
      "name": "\u6b66\u9053\u718a\u5e2b"
    },
    {
      "language": {
        "name": "fr",
        "url": "https://pokeapi.co/api/v2/language/5/"
      },
      "name": "Shifours"
    },
    {
      "language": {
        "name": "de",
        "url": "https://pokeapi.co/api/v2/language/6/"
      },
      "name": "Wulaosu"
    },
    {
      "language": {
        "name": "es",
        "url": "https://pokeapi.co/api/v2/language/7/"
      },
      "name": "Urshifu"
    },
    {
      "language": {
        "name": "it",
        "url": "https://pokeapi.co/api/v2/language/8/"
      },
      "name": "Urshifu"
    },
    {
      "language": {
        "name": "en",
        "url": "https://pokeapi.co/api/v2/language/9/"
      },
      "name": "Urshifu"
    },
    {
      "language": {
        "name": "ja",
        "url": "https://pokeapi.co/api/v2/language/11/"
      },
      "name": "\u30a6\u30fc\u30e9\u30aa\u30b9"
    },
    {
      "language": {
        "name": "zh-Hans",
        "url": "https://pokeapi.co/api/v2/language/12/"
      },
      "name": "\u6b66\u9053\u718a\u5e08"
    }
  ],
  "order": 892,
  "pal_park_encounters": [],
  "pokedex_numbers": [
    {
      "entry_number": 892,
      "pokedex": {
        "name": "national",
        "url": "https://pokeapi.co/api/v2/pokedex/1/"
      }
    },
    {
      "entry_number": 101,
      "pokedex": {
        "name": "isle-of-armor",
        "url": "https://pokeapi.co/api/v2/pokedex/28/"
      }
    }
  ],
  "shape": {
    "name": "humanoid",
    "url": "https://pokeapi.co/api/v2/pokemon-shape/12/"
  },
  "varieties": [
    {
      "is_default": true,
      "pokemon": {
        "name": "urshifu-single-strike",
        "url": "https://pokeapi.co/api/v2/pokemon/892/"
      }
    },
    {
      "is_default": false,
      "pokemon": {
        "name": "urshifu-rapid-strike",
        "url": "https://pokeapi.co/api/v2/pokemon/10191/"
      }
    },
    {
      "is_default": false,
      "pokemon": {
        "name": "urshifu-single-strike-gmax",
        "url": "https://pokeapi.co/api/v2/pokemon/10226/"
      }
    },
    {
      "is_default": false,
      "pokemon": {
        "name": "urshifu-rapid-strike-gmax",
        "url": "https://pokeapi.co/api/v2/pokemon/10227/"
      }
    }
  ]
}