{
  "abilities": [
    {
      "ability": {
        "name": "fluffy",
        "url": "https://pokeapi.co/api/v2/ability/218/"
      },
      "is_hidden": false,
      "slot": 1
    },
    {
      "ability": {
        "name": "klutz",
        "url": "https://pokeapi.co/api/v2/ability/103/"
      },
      "is_hidden": false,
      "slot": 2
    },
    {
      "ability": {
        "name": "cute-charm",
        "url": "https://pokeapi.co/api/v2/ability/56/"
      },
      "is_hidden": true,
      "slot": 3
    }
  ],
  "base_experience": 68,
  "cries": {
    "latest": "https://raw.githubusercontent.com/PokeAPI/cries/main/cries/pokemon/latest/759.ogg",
    "legacy": null
  },
  "forms": [
    {
      "name": "stufful",
      "url": "https://pokeapi.co/api/v2/pokemon-form/759/"
    }
  ],
  "game_indices": [],
  "height": 5,
  "held_items": [],
  "id": 759,
  "is_default": true,
  "location_area_encounters": "https://pokeapi.co/api/v2/pokemon/759/encounters",
  "moves": [
    {
      "move": {
        "name": "mega-punch",
        "url": "https://pokeapi.co/api/v2/move/5/"
      },
      "version_group_details": [
        {
          "level_learned_at": 0,
          "move_learn_method": {
            "name": "machine",
            "url": "https://pokeapi.co/api/v2/move-learn-method/4/"
          },
          "order": null,
          "version_group": {
            "name": "sword-shield",
            "url": "https://pokeapi.co/api/v2/version-group/20/"
          }
        }
      ]
    },
    {
      "move": {
        "name": "ice-punch",
        "url": "https://pokeapi.co/api/v2/move/8/"
      },
      "version_group_details": [
        {
          "level_learned_at": 0,
          "move_learn_method": {
            "name": "egg",
            "url": "https://pokeapi.co/api/v2/move-learn-method/2/"
          },
          "order": null,
          "version_group": {
            "name": "sun-moon",
            "url": "https://pokeapi.co/api/v2/version-group/17/"
          }
        },
        {
          "level_learned_at": 0,
          "move_learn_method": {
            "name": "egg",
            "url": "https://pokeapi.co/api/v2/move-learn-method/2/"
          },
          "order": null,
          "version_group": {
            "name": "ultra-sun-ultra-moon",
            "url": "https://pokeapi.co/api/v2/version-group/18/"
          }
        },
        {
          "level_learned_at": 0,
          "move_learn_method": {
            "name": "tutor",
            "url": "https://pokeapi.co/api/v2/move-learn-method/3/"
          },
          "order": null,
          "version_group": {
            "name": "ultra-sun-ultra-moon",
            "url": "https://pokeapi.co/api/v2/version-group/18/"
          }
        },
        {
          "level_learned_at": 0,
          "move_learn_method": {
            "name": "machine",
            "url": "https://pokeapi.co/api/v2/move-learn-method/4/"
          },
          "order": null,
          "version_group": {
            "name": "sword-shield",
            "url": "https://pokeapi.co/api/v2/version-group/20/"
          }
        }
      ]
    },
    {
      "move": {
        "name": "thunder-punch",
        "url": "https://pokeapi.co/api/v2/move/9/"
      },
      "version_group_details": [
        {
          "level_learned_at": 0,
          "move_learn_method": {
            "name": "egg",
            "url": "https://pokeapi.co/api/v2/move-learn-method/2/"
          },
          "order": null,
          "version_group": {
            "name": "sun-moon",
            "url": "https://pokeapi.co/api/v2/version-group/17/"
          }
        },
        {
          "level_learned_at": 0,
          "move_learn_method": {
            "name": "egg",
            "url": "https://pokeapi.co/api/v2/move-learn-method/2/"
          },
          "order": null,
          "version_group": {
            "name": "ultra-sun-ultra-moon",
            "url": "https://pokeapi.co/api/v2/version-group/18/"
          }
        },
        {
          "level_learned_at": 0,
          "move_learn_method": {
            "name": "tutor",
            "url": "https://pokeapi.co/api/v2/move-learn-method/3/"
          },
          "order": null,
          "version_group": {
            "name": "ultra-sun-ultra-moon",
            "url": "https://pokeapi.co/api/v2/version-group/18/"
          }
        },
        {
          "level_learned_at": 0,
          "move_learn_method": {
            "name": "machine",
            "url": "https://pokeapi.co/api/v2/move-learn-method/4/"
          },
          "order": null,
          "version_group": {
            "name": "sword-shield",
            "url": "https://pokeapi.co/api/v2/version-group/20/"
          }
        }
      ]
    },
    {
      "move": {
        "name": "swords-dance",
        "url": "https://pokeapi.co/api/v2/move/14/"
      },
      "version_group_details": [
        {
          "level_learned_at": 0,
          "move_learn_method": {
            "name": "machine",
            "url": "https://pokeapi.co/api/v2/move-learn-method/4/"
          },
          "order": null,
          "version_group": {
            "name": "sun-moon",
            "url": "https://pokeapi.co/api/v2/version-group/17/"
          }
        },
        {
          "level_learned_at": 0,
          "move_learn_method": {
            "name": "machine",
            "url": "https://pokeapi.co/api/v2/move-learn-method/4/"
          },
          "order": null,
          "version_group": {
            "name": "ultra-sun-ultra-moon",
            "url": "https://pokeapi.co/api/v2/version-group/18/"
          }
        },
        {
          "level_learned_at": 0,
          "move_learn_method": {
            "name": "machine",
            "url": "https://pokeapi.co/api/v2/move-learn-method/4/"
          },
          "order": null,
          "version_group": {
            "name": "sword-shield",
            "url": "https://pokeapi.co/api/v2/version-group/20/"
          }
        }
      ]
    },
    {
      "move": {
        "name": "bind",
        "url": "https://pokeapi.co/api/v2/move/20/"
      },
      "version_group_details": [
        {
          "level_learned_at": 0,
          "move_learn_method": {
            "name": "tutor",
            "url": "https://pokeapi.co/api/v2/move-learn-method/3/"
          },
          "order": null,
          "version_group": {
            "name": "ultra-sun-ultra-moon",
            "url": "https://pokeapi.co/api/v2/version-group/18/"
          }
        }
      ]
    },
    {
      "move": {
        "name": "stomp",
        "url": "https://pokeapi.co/api/v2/move/23/"
      },
      "version_group_details": [
        {
          "level_learned_at": 0,
          "move_learn_method": {
            "name": "egg",
            "url": "https://pokeapi.co/api/v2/move-learn-method/2/"
          },
          "order": null,
          "version_group": {
            "name": "sword-shield",
            "url": "https://pokeapi.co/api/v2/version-group/20/"
          }
        }
      ]
    },
    {
      "move": {
        "name": "mega-kick",
        "url": "https://pokeapi.co/api/v2/move/25/"
      },
      "version_group_details": [
        {
          "level_learned_at": 0,
          "move_learn_method": {
            "name": "egg",
            "url": "https://pokeapi.co/api/v2/move-learn-method/2/"
          },
          "order": null,
          "version_group": {
            "name": "sun-moon",
            "url": "https://pokeapi.co/api/v2/version-group/17/"
          }
        },
        {
          "level_learned_at": 0,
          "move_learn_method": {
            "name": "egg",
            "url": "https://pokeapi.co/api/v2/move-learn-method/2/"
          },
          "order": null,
          "version_group": {
            "name": "ultra-sun-ultra-moon",
            "url": "https://pokeapi.co/api/v2/version-group/18/"
          }
        },
        {
          "level_learned_at": 0,
          "move_learn_method": {
            "name": "machine",
            "url": "https://pokeapi.co/api/v2/move-learn-method/4/"
          },
          "order": null,
          "version_group": {
            "name": "sword-shield",
            "url": "https://pokeapi.co/api/v2/version-group/20/"
          }
        }
      ]
    },
    {
      "move": {
        "name": "tackle",
        "url": "https://pokeapi.co/api/v2/move/33/"
      },
      "version_group_details": [
        {
          "level_learned_at": 1,
          "move_learn_method": {
            "name": "level-up",
            "url": "https://pokeapi.co/api/v2/move-learn-method/1/"
          },
          "order": 1,
          "version_group": {
            "name": "sun-moon",
            "url": "https://pokeapi.co/api/v2/version-group/17/"
          }
        },
        {
          "level_learned_at": 1,
          "move_learn_method": {
            "name": "level-up",
            "url": "https://pokeapi.co/api/v2/move-learn-method/1/"
          },
          "order": 1,
          "version_group": {
            "name": "ultra-sun-ultra-moon",
            "url": "https://pokeapi.co/api/v2/version-group/18/"
          }
        },
        {
          "level_learned_at": 1,
          "move_learn_method": {
            "name": "level-up",
            "url": "https://pokeapi.co/api/v2/move-learn-method/1/"
          },
          "order": 1,
          "version_group": {
            "name": "sword-shield",
            "url": "https://pokeapi.co/api/v2/version-group/20/"
          }
        }
      ]
    },
    {
      "move": {
        "name": "take-down",
        "url": "https://pokeapi.co/api/v2/move/36/"
      },
      "version_group_details": [
        {
          "level_learned_at": 28,
          "move_learn_method": {
            "name": "level-up",
            "url": "https://pokeapi.co/api/v2/move-learn-method/1/"
          },
          "order": null,
          "version_group": {
            "name": "sun-moon",
            "url": "https://pokeapi.co/api/v2/version-group/17/"
          }
        },
        {
          "level_learned_at": 28,
          "move_learn_method": {
            "name": "level-up",
            "url": "https://pokeapi.co/api/v2/move-learn-method/1/"
          },
          "order": null,
          "version_group": {
            "name": "ultra-sun-ultra-moon",
            "url": "https://pokeapi.co/api/v2/version-group/18/"
          }
        },
        {
          "level_learned_at": 24,
          "move_learn_method": {
            "name": "level-up",
            "url": "https://pokeapi.co/api/v2/move-learn-method/1/"
          },
          "order": null,
          "version_group": {
            "name": "sword-shield",
            "url": "https://pokeapi.co/api/v2/version-group/20/"
          }
        }
      ]
    },
    {
      "move": {
        "name": "thrash",
        "url": "https://pokeapi.co/api/v2/move/37/"
      },
      "version_group_details": [
        {
          "level_learned_at": 37,
          "move_learn_method": {
            "name": "level-up",
            "url": "https://pokeapi.co/api/v2/move-learn-method/1/"
          },
          "order": null,
          "version_group": {
            "name": "sun-moon",
            "url": "https://pokeapi.co/api/v2/version-group/17/"
          }
        },
        {
          "level_learned_at": 37,
          "move_learn_method": {
            "name": "level-up",
            "url": "https://pokeapi.co/api/v2/move-learn-method/1/"
          },
          "order": null,
          "version_group": {
            "name": "ultra-sun-ultra-moon",
            "url": "https://pokeapi.co/api/v2/version-group/18/"
          }
        },
        {
          "level_learned_at": 36,
          "move_learn_method": {
            "name": "level-up",
            "url": "https://pokeapi.co/api/v2/move-learn-method/1/"
          },
          "order": null,
          "version_group": {
            "name": "sword-shield",
            "url": "https://pokeapi.co/api/v2/version-group/20/"
          }
        }
      ]
    },
    {
      "move": {
        "name": "double-edge",
        "url": "https://pokeapi.co/api/v2/move/38/"
      },
      "version_group_details": [
        {
          "level_learned_at": 46,
          "move_learn_method": {
            "name": "level-up",
            "url": "https://pokeapi.co/api/v2/move-learn-method/1/"
          },
          "order": null,
          "version_group": {
            "name": "sun-moon",
            "url": "https://pokeapi.co/api/v2/version-group/17/"
          }
        },
        {
          "level_learned_at": 46,
          "move_learn_method": {
            "name": "level-up",
            "url": "https://pokeapi.co/api/v2/move-learn-method/1/"
          },
          "order": null,
          "version_group": {
            "name": "ultra-sun-ultra-moon",
            "url": "https://pokeapi.co/api/v2/version-group/18/"
          }
        },
        {
          "level_learned_at": 44,
          "move_learn_method": {
            "name": "level-up",
            "url": "https://pokeapi.co/api/v2/move-learn-method/1/"
          },
          "order": null,
          "version_group": {
            "name": "sword-shield",
            "url": "https://pokeapi.co/api/v2/version-group/20/"
          }
        }
      ]
    },
    {
      "move": {
        "name": "leer",
        "url": "https://pokeapi.co/api/v2/move/43/"
      },
      "version_group_details": [
        {
          "level_learned_at": 1,
          "move_learn_method": {
            "name": "level-up",
            "url": "https://pokeapi.co/api/v2/move-learn-method/1/"
          },
          "order": 2,
          "version_group": {
            "name": "sun-moon",
            "url": "https://pokeapi.co/api/v2/version-group/17/"
          }
        },
        {
          "level_learned_at": 1,
          "move_learn_method": {
            "name": "level-up",
            "url": "https://pokeapi.co/api/v2/move-learn-method/1/"
          },
          "order": 2,
          "version_group": {
            "name": "ultra-sun-ultra-moon",
            "url": "https://pokeapi.co/api/v2/version-group/18/"
          }
        },
        {
          "level_learned_at": 1,
          "move_learn_method": {
            "name": "level-up",
            "url": "https://pokeapi.co/api/v2/move-learn-method/1/"
          },
          "order": 2,
          "version_group": {
            "name": "sword-shield",
            "url": "https://pokeapi.co/api/v2/version-group/20/"
          }
        }
      ]
    },
    {
      "move": {
        "name": "roar",
        "url": "https://pokeapi.co/api/v2/move/46/"
      },
      "version_group_details": [
        {
          "level_learned_at": 0,
          "move_learn_method": {
            "name": "machine",
            "url": "https://pokeapi.co/api/v2/move-learn-method/4/"
          },
          "order": null,
          "version_group": {
            "name": "sun-moon",
            "url": "https://pokeapi.co/api/v2/version-group/17/"
          }
        },
        {
          "level_learned_at": 0,
          "move_learn_method": {
            "name": "machine",
            "url": "https://pokeapi.co/api/v2/move-learn-method/4/"
          },
          "order": null,
          "version_group": {
            "name": "ultra-sun-ultra-moon",
            "url": "https://pokeapi.co/api/v2/version-group/18/"
          }
        }
      ]
    },
    {
      "move": {
        "name": "strength",
        "url": "https://pokeapi.co/api/v2/move/70/"
      },
      "version_group_details": [
        {
          "level_learned_at": 20,
          "move_learn_method": {
            "name": "level-up",
            "url": "https://pokeapi.co/api/v2/move-learn-method/1/"
          },
          "order": null,
          "version_group": {
            "name": "sword-shield",
            "url": "https://pokeapi.co/api/v2/version-group/20/"
          }
        }
      ]
    },
    {
      "move": {
        "name": "earthquake",
        "url": "https://pokeapi.co/api/v2/move/89/"
      },
      "version_group_details": [
        {
          "level_learned_at": 0,
          "move_learn_method": {
            "name": "machine",
            "url": "https://pokeapi.co/api/v2/move-learn-method/4/"
          },
          "order": null,
          "version_group": {
            "name": "sun-moon",
            "url": "https://pokeapi.co/api/v2/version-group/17/"
          }
        },
        {
          "level_learned_at": 0,
          "move_learn_method": {
            "name": "machine",
            "url": "https://pokeapi.co/api/v2/move-learn-method/4/"
          },
          "order": null,
          "version_group": {
            "name": "ultra-sun-ultra-moon",
            "url": "https://pokeapi.co/api/v2/version-group/18/"
          }
        },
        {
          "level_learned_at": 0,
          "move_learn_method": {
            "name": "machine",
            "url": "https://pokeapi.co/api/v2/move-learn-method/4/"
          },
          "order": null,
          "version_group": {
            "name": "sword-shield",
            "url": "https://pokeapi.co/api/v2/version-group/20/"
          }
        }
      ]
    },
    {
      "move": {
        "name": "toxic",
        "url": "https://pokeapi.co/api/v2/move/92/"
      },
      "version_group_details": [
        {
          "level_learned_at": 0,
          "move_learn_method": {
            "name": "machine",
            "url": "https://pokeapi.co/api/v2/move-learn-method/4/"
          },
          "order": null,
          "version_group": {
            "name": "sun-moon",
            "url": "https://pokeapi.co/api/v2/version-group/17/"
          }
        },
        {
          "level_learned_at": 0,
          "move_learn_method": {
            "name": "machine",
            "url": "https://pokeapi.co/api/v2/move-learn-method/4/"
          },
          "order": null,
          "version_group": {
            "name": "ultra-sun-ultra-moon",
            "url": "https://pokeapi.co/api/v2/version-group/18/"
          }
        }
      ]
    },
    {
      "move": {
        "name": "double-team",
        "url": "https://pokeapi.co/api/v2/move/104/"
      },
      "version_group_details": [
        {
          "level_learned_at": 0,
          "move_learn_method": {
            "name": "machine",
            "url": "https://pokeapi.co/api/v2/move-learn-method/4/"
          },
          "order": null,
          "version_group": {
            "name": "sun-moon",
            "url": "https://pokeapi.co/api/v2/version-group/17/"
          }
        },
        {
          "level_learned_at": 0,
          "move_learn_method": {
            "name": "machine",
            "url": "https://pokeapi.co/api/v2/move-learn-method/4/"
          },
          "order": null,
          "version_group": {
            "name": "ultra-sun-ultra-moon",
            "url": "https://pokeapi.co/api/v2/version-group/18/"
          }
        }
      ]
    },
    {
      "move": {
        "name": "defense-curl",
        "url": "https://pokeapi.co/api/v2/move/111/"
      },
      "version_group_details": [
        {
          "level_learned_at": 0,
          "move_learn_method": {
            "name": "egg",
            "url": "https://pokeapi.co/api/v2/move-learn-method/2/"
          },
          "order": null,
          "version_group": {
            "name": "sword-shield",
            "url": "https://pokeapi.co/api/v2/version-group/20/"
          }
        }
      ]
    },
    {
      "move": {
        "name": "bide",
        "url": "https://pokeapi.co/api/v2/move/117/"
      },
      "version_group_details": [
        {
          "level_learned_at": 5,
          "move_learn_method": {
            "name": "level-up",
            "url": "https://pokeapi.co/api/v2/move-learn-method/1/"
          },
          "order": null,
          "version_group": {
            "name": "sun-moon",
            "url": "https://pokeapi.co/api/v2/version-group/17/"
          }
        },
        {
          "level_learned_at": 5,
          "move_learn_method": {
            "name": "level-up",
            "url": "https://pokeapi.co/api/v2/move-learn-method/1/"
          },
          "order": null,
          "version_group": {
            "name": "ultra-sun-ultra-moon",
            "url": "https://pokeapi.co/api/v2/version-group/18/"
          }
        }
      ]
    },
    {
      "move": {
        "name": "rest",
        "url": "https://pokeapi.co/api/v2/move/156/"
      },
      "version_group_details": [
        {
          "level_learned_at": 0,
          "move_learn_method": {
            "name": "machine",
            "url": "https://pokeapi.co/api/v2/move-learn-method/4/"
          },
          "order": null,
          "version_group": {
            "name": "sun-moon",
            "url": "https://pokeapi.co/api/v2/version-group/17/"
          }
        },
        {
          "level_learned_at": 0,
          "move_learn_method": {
            "name": "machine",
            "url": "https://pokeapi.co/api/v2/move-learn-method/4/"
          },
          "order": null,
          "version_group": {
            "name": "ultra-sun-ultra-moon",
            "url": "https://pokeapi.co/api/v2/version-group/18/"
          }
        },
        {
          "level_learned_at": 0,
          "move_learn_method": {
            "name": "machine",
            "url": "https://pokeapi.co/api/v2/move-learn-method/4/"
          },
          "order": null,
          "version_group": {
            "name": "sword-shield",
            "url": "https://pokeapi.co/api/v2/version-group/20/"
          }
        }
      ]
    },
    {
      "move": {
        "name": "rock-slide",
        "url": "https://pokeapi.co/api/v2/move/157/"
      },
      "version_group_details": [
        {
          "level_learned_at": 0,
          "move_learn_method": {
            "name": "machine",
            "url": "https://pokeapi.co/api/v2/move-learn-method/4/"
          },
          "order": null,
          "version_group": {
            "name": "sun-moon",
            "url": "https://pokeapi.co/api/v2/version-group/17/"
          }
        },
        {
          "level_learned_at": 0,
          "move_learn_method": {
            "name": "machine",
            "url": "https://pokeapi.co/api/v2/move-learn-method/4/"
          },
          "order": null,
          "version_group": {
            "name": "ultra-sun-ultra-moon",
            "url": "https://pokeapi.co/api/v2/version-group/18/"
          }
        },
        {
          "level_learned_at": 0,
          "move_learn_method": {
            "name": "machine",
            "url": "https://pokeapi.co/api/v2/move-learn-method/4/"
          },
          "order": null,
          "version_group": {
            "name": "sword-shield",
            "url": "https://pokeapi.co/api/v2/version-group/20/"
          }
        }
      ]
    },
    {
      "move": {
        "name": "substitute",
        "url": "https://pokeapi.co/api/v2/move/164/"
      },
      "version_group_details": [
        {
          "level_learned_at": 0,
          "move_learn_method": {
            "name": "machine",
            "url": "https://pokeapi.co/api/v2/move-learn-method/4/"
          },
          "order": null,
          "version_group": {
            "name": "sun-moon",
            "url": "https://pokeapi.co/api/v2/version-group/17/"
          }
        },
        {
          "level_learned_at": 0,
          "move_learn_method": {
            "name": "machine",
            "url": "https://pokeapi.co/api/v2/move-learn-method/4/"
          },
          "order": null,
          "version_group": {
            "name": "ultra-sun-ultra-moon",
            "url": "https://pokeapi.co/api/v2/version-group/18/"
          }
        },
        {
          "level_learned_at": 0,
          "move_learn_method": {
            "name": "machine",
            "url": "https://pokeapi.co/api/v2/move-learn-method/4/"
          },
          "order": null,
          "version_group": {
            "name": "sword-shield",
            "url": "https://pokeapi.co/api/v2/version-group/20/"
          }
        }
      ]
    },
    {
      "move": {
        "name": "snore",
        "url": "https://pokeapi.co/api/v2/move/173/"
      },
      "version_group_details": [
        {
          "level_learned_at": 0,
          "move_learn_method": {
            "name": "tutor",
            "url": "https://pokeapi.co/api/v2/move-learn-method/3/"
          },
          "order": null,
          "version_group": {
            "name": "ultra-sun-ultra-moon",
            "url": "https://pokeapi.co/api/v2/version-group/18/"
          }
        },
        {
          "level_learned_at": 0,
          "move_learn_method": {
            "name": "machine",
            "url": "https://pokeapi.co/api/v2/move-learn-method/4/"
          },
          "order": null,
          "version_group": {
            "name": "sword-shield",
            "url": "https://pokeapi.co/api/v2/version-group/20/"
          }
        }
      ]
    },
    {
      "move": {
        "name": "flail",
        "url": "https://pokeapi.co/api/v2/move/175/"
      },
      "version_group_details": [
        {
          "level_learned_at": 19,
          "move_learn_method": {
            "name": "level-up",
            "url": "https://pokeapi.co/api/v2/move-learn-method/1/"
          },
          "order": null,
          "version_group": {
            "name": "sun-moon",
            "url": "https://pokeapi.co/api/v2/version-group/17/"
          }
        },
        {
          "level_learned_at": 19,
          "move_learn_method": {
            "name": "level-up",
            "url": "https://pokeapi.co/api/v2/move-learn-method/1/"
          },
          "order": null,
          "version_group": {
            "name": "ultra-sun-ultra-moon",
            "url": "https://pokeapi.co/api/v2/version-group/18/"
          }
        },
        {
          "level_learned_at": 28,
          "move_learn_method": {
            "name": "level-up",
            "url": "https://pokeapi.co/api/v2/move-learn-method/1/"
          },
          "order": null,
          "version_group": {
            "name": "sword-shield",
            "url": "https://pokeapi.co/api/v2/version-group/20/"
          }
        }
      ]
    },
    {
      "move": {
        "name": "protect",
        "url": "https://pokeapi.co/api/v2/move/182/"
      },
      "version_group_details": [
        {
          "level_learned_at": 0,
          "move_learn_method": {
            "name": "machine",
            "url": "https://pokeapi.co/api/v2/move-learn-method/4/"
          },
          "order": null,
          "version_group": {
            "name": "sun-moon",
            "url": "https://pokeapi.co/api/v2/version-group/17/"
          }
        },
        {
          "level_learned_at": 0,
          "move_learn_method": {
            "name": "machine",
            "url": "https://pokeapi.co/api/v2/move-learn-method/4/"
          },
          "order": null,
          "version_group": {
            "name": "ultra-sun-ultra-moon",
            "url": "https://pokeapi.co/api/v2/version-group/18/"
          }
        },
        {
          "level_learned_at": 0,
          "move_learn_method": {
            "name": "machine",
            "url": "https://pokeapi.co/api/v2/move-learn-method/4/"
          },
          "order": null,
          "version_group": {
            "name": "sword-shield",
            "url": "https://pokeapi.co/api/v2/version-group/20/"
          }
        }
      ]
    },
    {
      "move": {
        "name": "endure",
        "url": "https://pokeapi.co/api/v2/move/203/"
      },
      "version_group_details": [
        {
          "level_learned_at": 0,
          "move_learn_method": {
            "name": "egg",
            "url": "https://pokeapi.co/api/v2/move-learn-method/2/"
          },
          "order": null,
          "version_group": {
            "name": "sun-moon",
            "url": "https://pokeapi.co/api/v2/version-group/17/"
          }
        },
        {
          "level_learned_at": 0,
          "move_learn_method": {
            "name": "egg",
            "url": "https://pokeapi.co/api/v2/move-learn-method/2/"
          },
          "order": null,
          "version_group": {
            "name": "ultra-sun-ultra-moon",
            "url": "https://pokeapi.co/api/v2/version-group/18/"
          }
        },
        {
          "level_learned_at": 16,
          "move_learn_method": {
            "name": "level-up",
            "url": "https://pokeapi.co/api/v2/move-learn-method/1/"
          },
          "order": null,
          "version_group": {
            "name": "sword-shield",
            "url": "https://pokeapi.co/api/v2/version-group/20/"
          }
        },
        {
          "level_learned_at": 0,
          "move_learn_method": {
            "name": "machine",
            "url": "https://pokeapi.co/api/v2/move-learn-method/4/"
          },
          "order": null,
          "version_group": {
            "name": "sword-shield",
            "url": "https://pokeapi.co/api/v2/version-group/20/"
          }
        }
      ]
    },
    {
      "move": {
        "name": "charm",
        "url": "https://pokeapi.co/api/v2/move/204/"
      },
      "version_group_details": [
        {
          "level_learned_at": 0,
          "move_learn_method": {
            "name": "machine",
            "url": "https://pokeapi.co/api/v2/move-learn-method/4/"
          },
          "order": null,
          "version_group": {
            "name": "sword-shield",
            "url": "https://pokeapi.co/api/v2/version-group/20/"
          }
        }
      ]
    },
    {
      "move": {
        "name": "rollout",
        "url": "https://pokeapi.co/api/v2/move/205/"
      },
      "version_group_details": [
        {
          "level_learned_at": 0,
          "move_learn_method": {
            "name": "egg",
            "url": "https://pokeapi.co/api/v2/move-learn-method/2/"
          },
          "order": null,
          "version_group": {
            "name": "sword-shield",
            "url": "https://pokeapi.co/api/v2/version-group/20/"
          }
        }
      ]
    },
    {
      "move": {
        "name": "swagger",
        "url": "https://pokeapi.co/api/v2/move/207/"
      },
      "version_group_details": [
        {
          "level_learned_at": 0,
          "move_learn_method": {
            "name": "machine",
            "url": "https://pokeapi.co/api/v2/move-learn-method/4/"
          },
          "order": null,
          "version_group": {
            "name": "sun-moon",
            "url": "https://pokeapi.co/api/v2/version-group/17/"
          }
        },
        {
          "level_learned_at": 0,
          "move_learn_method": {
            "name": "machine",
            "url": "https://pokeapi.co/api/v2/move-learn-method/4/"
          },
          "order": null,
          "version_group": {
            "name": "ultra-sun-ultra-moon",
            "url": "https://pokeapi.co/api/v2/version-group/18/"
          }
        }
      ]
    },
    {
      "move": {
        "name": "attract",
        "url": "https://pokeapi.co/api/v2/move/213/"
      },
      "version_group_details": [
        {
          "level_learned_at": 0,
          "move_learn_method": {
            "name": "machine",
            "url": "https://pokeapi.co/api/v2/move-learn-method/4/"
          },
          "order": null,
          "version_group": {
            "name": "sun-moon",
            "url": "https://pokeapi.co/api/v2/version-group/17/"
          }
        },
        {
          "level_learned_at": 0,
          "move_learn_method": {
            "name": "machine",
            "url": "https://pokeapi.co/api/v2/move-learn-method/4/"
          },
          "order": null,
          "version_group": {
            "name": "ultra-sun-ultra-moon",
            "url": "https://pokeapi.co/api/v2/version-group/18/"
          }
        },
        {
          "level_learned_at": 0,
          "move_learn_method": {
            "name": "machine",
            "url": "https://pokeapi.co/api/v2/move-learn-method/4/"
          },
          "order": null,
          "version_group": {
            "name": "sword-shield",
            "url": "https://pokeapi.co/api/v2/version-group/20/"
          }
        }
      ]
    },
    {
      "move": {
        "name": "sleep-talk",
        "url": "https://pokeapi.co/api/v2/move/214/"
      },
      "version_group_details": [
        {
          "level_learned_at": 0,
          "move_learn_method": {
            "name": "machine",
            "url": "https://pokeapi.co/api/v2/move-learn-method/4/"
          },
          "order": null,
          "version_group": {
            "name": "sun-moon",
            "url": "https://pokeapi.co/api/v2/version-group/17/"
          }
        },
        {
          "level_learned_at": 0,
          "move_learn_method": {
            "name": "machine",
            "url": "https://pokeapi.co/api/v2/move-learn-method/4/"
          },
          "order": null,
          "version_group": {
            "name": "ultra-sun-ultra-moon",
            "url": "https://pokeapi.co/api/v2/version-group/18/"
          }
        },
        {
          "level_learned_at": 0,
          "move_learn_method": {
            "name": "machine",
            "url": "https://pokeapi.co/api/v2/move-learn-method/4/"
          },
          "order": null,
          "version_group": {
            "name": "sword-shield",
            "url": "https://pokeapi.co/api/v2/version-group/20/"
          }
        }
      ]
    },
    {
      "move": {
        "name": "return",
        "url": "https://pokeapi.co/api/v2/move/216/"
      },
      "version_group_details": [
        {
          "level_learned_at": 0,
          "move_learn_method": {
            "name": "machine",
            "url": "https://pokeapi.co/api/v2/move-learn-method/4/"
          },
          "order": null,
          "version_group": {
            "name": "sun-moon",
            "url": "https://pokeapi.co/api/v2/version-group/17/"
          }
        },
        {
          "level_learned_at": 0,
          "move_learn_method": {
            "name": "machine",
            "url": "https://pokeapi.co/api/v2/move-learn-method/4/"
          },
          "order": null,
          "version_group": {
            "name": "ultra-sun-ultra-moon",
            "url": "https://pokeapi.co/api/v2/version-group/18/"
          }
        }
      ]
    },
    {
      "move": {
        "name": "frustration",
        "url": "https://pokeapi.co/api/v2/move/218/"
      },
      "version_group_details": [
        {
          "level_learned_at": 0,
          "move_learn_method": {
            "name": "machine",
            "url": "https://pokeapi.co/api/v2/move-learn-method/4/"
          },
          "order": null,
          "version_group": {
            "name": "sun-moon",
            "url": "https://pokeapi.co/api/v2/version-group/17/"
          }
        },
        {
          "level_learned_at": 0,
          "move_learn_method": {
            "name": "machine",
            "url": "https://pokeapi.co/api/v2/move-learn-method/4/"
          },
          "order": null,
          "version_group": {
            "name": "ultra-sun-ultra-moon",
            "url": "https://pokeapi.co/api/v2/version-group/18/"
          }
        }
      ]
    },
    {
      "move": {
        "name": "pain-split",
        "url": "https://pokeapi.co/api/v2/move/220/"
      },
      "version_group_details": [
        {
          "level_learned_at": 41,
          "move_learn_method": {
            "name": "level-up",
            "url": "https://pokeapi.co/api/v2/move-learn-method/1/"
          },
          "order": null,
          "version_group": {
            "name": "sun-moon",
            "url": "https://pokeapi.co/api/v2/version-group/17/"
          }
        },
        {
          "level_learned_at": 41,
          "move_learn_method": {
            "name": "level-up",
            "url": "https://pokeapi.co/api/v2/move-learn-method/1/"
          },
          "order": null,
          "version_group": {
            "name": "ultra-sun-ultra-moon",
            "url": "https://pokeapi.co/api/v2/version-group/18/"
          }
        },
        {
          "level_learned_at": 0,
          "move_learn_method": {
            "name": "tutor",
            "url": "https://pokeapi.co/api/v2/move-learn-method/3/"
          },
          "order": null,
          "version_group": {
            "name": "ultra-sun-ultra-moon",
            "url": "https://pokeapi.co/api/v2/version-group/18/"
          }
        },
        {
          "level_learned_at": 40,
          "move_learn_method": {
            "name": "level-up",
            "url": "https://pokeapi.co/api/v2/move-learn-method/1/"
          },
          "order": null,
          "version_group": {
            "name": "sword-shield",
            "url": "https://pokeapi.co/api/v2/version-group/20/"
          }
        }
      ]
    },
    {
      "move": {
        "name": "hidden-power",
        "url": "https://pokeapi.co/api/v2/move/237/"
      },
      "version_group_details": [
        {
          "level_learned_at": 0,
          "move_learn_method": {
            "name": "machine",
            "url": "https://pokeapi.co/api/v2/move-learn-method/4/"
          },
          "order": null,
          "version_group": {
            "name": "sun-moon",
            "url": "https://pokeapi.co/api/v2/version-group/17/"
          }
        },
        {
          "level_learned_at": 0,
          "move_learn_method": {
            "name": "machine",
            "url": "https://pokeapi.co/api/v2/move-learn-method/4/"
          },
          "order": null,
          "version_group": {
            "name": "ultra-sun-ultra-moon",
            "url": "https://pokeapi.co/api/v2/version-group/18/"
          }
        }
      ]
    },
    {
      "move": {
        "name": "facade",
        "url": "https://pokeapi.co/api/v2/move/263/"
      },
      "version_group_details": [
        {
          "level_learned_at": 0,
          "move_learn_method": {
            "name": "machine",
            "url": "https://pokeapi.co/api/v2/move-learn-method/4/"
          },
          "order": null,
          "version_group": {
            "name": "sun-moon",
            "url": "https://pokeapi.co/api/v2/version-group/17/"
          }
        },
        {
          "level_learned_at": 0,
          "move_learn_method": {
            "name": "machine",
            "url": "https://pokeapi.co/api/v2/move-learn-method/4/"
          },
          "order": null,
          "version_group": {
            "name": "ultra-sun-ultra-moon",
            "url": "https://pokeapi.co/api/v2/version-group/18/"
          }
        },
        {
          "level_learned_at": 0,
          "move_learn_method": {
            "name": "machine",
            "url": "https://pokeapi.co/api/v2/move-learn-method/4/"
          },
          "order": null,
          "version_group": {
            "name": "sword-shield",
            "url": "https://pokeapi.co/api/v2/version-group/20/"
          }
        }
      ]
    },
    {
      "move": {
        "name": "focus-punch",
        "url": "https://pokeapi.co/api/v2/move/264/"
      },
      "version_group_details": [
        {
          "level_learned_at": 0,
          "move_learn_method": {
            "name": "tutor",
            "url": "https://pokeapi.co/api/v2/move-learn-method/3/"
          },
          "order": null,
          "version_group": {
            "name": "ultra-sun-ultra-moon",
            "url": "https://pokeapi.co/api/v2/version-group/18/"
          }
        }
      ]
    },
    {
      "move": {
        "name": "taunt",
        "url": "https://pokeapi.co/api/v2/move/269/"
      },
      "version_group_details": [
        {
          "level_learned_at": 0,
          "move_learn_method": {
            "name": "machine",
            "url": "https://pokeapi.co/api/v2/move-learn-method/4/"
          },
          "order": null,
          "version_group": {
            "name": "sun-moon",
            "url": "https://pokeapi.co/api/v2/version-group/17/"
          }
        },
        {
          "level_learned_at": 0,
          "move_learn_method": {
            "name": "machine",
            "url": "https://pokeapi.co/api/v2/move-learn-method/4/"
          },
          "order": null,
          "version_group": {
            "name": "ultra-sun-ultra-moon",
            "url": "https://pokeapi.co/api/v2/version-group/18/"
          }
        },
        {
          "level_learned_at": 0,
          "move_learn_method": {
            "name": "machine",
            "url": "https://pokeapi.co/api/v2/move-learn-method/4/"
          },
          "order": null,
          "version_group": {
            "name": "sword-shield",
            "url": "https://pokeapi.co/api/v2/version-group/20/"
          }
        }
      ]
    },
    {
      "move": {
        "name": "role-play",
        "url": "https://pokeapi.co/api/v2/move/272/"
      },
      "version_group_details": [
        {
          "level_learned_at": 0,
          "move_learn_method": {
            "name": "tutor",
            "url": "https://pokeapi.co/api/v2/move-learn-method/3/"
          },
          "order": null,
          "version_group": {
            "name": "ultra-sun-ultra-moon",
            "url": "https://pokeapi.co/api/v2/version-group/18/"
          }
        }
      ]
    },
    {
      "move": {
        "name": "superpower",
        "url": "https://pokeapi.co/api/v2/move/276/"
      },
      "version_group_details": [
        {
          "level_learned_at": 50,
          "move_learn_method": {
            "name": "level-up",
            "url": "https://pokeapi.co/api/v2/move-learn-method/1/"
          },
          "order": null,
          "version_group": {
            "name": "sun-moon",
            "url": "https://pokeapi.co/api/v2/version-group/17/"
          }
        },
        {
          "level_learned_at": 50,
          "move_learn_method": {
            "name": "level-up",
            "url": "https://pokeapi.co/api/v2/move-learn-method/1/"
          },
          "order": null,
          "version_group": {
            "name": "ultra-sun-ultra-moon",
            "url": "https://pokeapi.co/api/v2/version-group/18/"
          }
        },
        {
          "level_learned_at": 0,
          "move_learn_method": {
            "name": "tutor",
            "url": "https://pokeapi.co/api/v2/move-learn-method/3/"
          },
          "order": null,
          "version_group": {
            "name": "ultra-sun-ultra-moon",
            "url": "https://pokeapi.co/api/v2/version-group/18/"
          }
        },
        {
          "level_learned_at": 48,
          "move_learn_method": {
            "name": "level-up",
            "url": "https://pokeapi.co/api/v2/move-learn-method/1/"
          },
          "order": null,
          "version_group": {
            "name": "sword-shield",
            "url": "https://pokeapi.co/api/v2/version-group/20/"
          }
        },
        {
          "level_learned_at": 0,
          "move_learn_method": {
            "name": "machine",
            "url": "https://pokeapi.co/api/v2/move-learn-method/4/"
          },
          "order": null,
          "version_group": {
            "name": "sword-shield",
            "url": "https://pokeapi.co/api/v2/version-group/20/"
          }
        }
      ]
    },
    {
      "move": {
        "name": "brick-break",
        "url": "https://pokeapi.co/api/v2/move/280/"
      },
      "version_group_details": [
        {
          "level_learned_at": 0,
          "move_learn_method": {
            "name": "machine",
            "url": "https://pokeapi.co/api/v2/move-learn-method/4/"
          },
          "order": null,
          "version_group": {
            "name": "sun-moon",
            "url": "https://pokeapi.co/api/v2/version-group/17/"
          }
        },
        {
          "level_learned_at": 0,
          "move_learn_method": {
            "name": "machine",
            "url": "https://pokeapi.co/api/v2/move-learn-method/4/"
          },
          "order": null,
          "version_group": {
            "name": "ultra-sun-ultra-moon",
            "url": "https://pokeapi.co/api/v2/version-group/18/"
          }
        },
        {
          "level_learned_at": 0,
          "move_learn_method": {
            "name": "machine",
            "url": "https://pokeapi.co/api/v2/move-learn-method/4/"
          },
          "order": null,
          "version_group": {
            "name": "sword-shield",
            "url": "https://pokeapi.co/api/v2/version-group/20/"
          }
        }
      ]
    },
    {
      "move": {
        "name": "rock-tomb",
        "url": "https://pokeapi.co/api/v2/move/317/"
      },
      "version_group_details": [
        {
          "level_learned_at": 0,
          "move_learn_method": {
            "name": "machine",
            "url": "https://pokeapi.co/api/v2/move-learn-method/4/"
          },
          "order": null,
          "version_group": {
            "name": "sun-moon",
            "url": "https://pokeapi.co/api/v2/version-group/17/"
          }
        },
        {
          "level_learned_at": 0,
          "move_learn_method": {
            "name": "machine",
            "url": "https://pokeapi.co/api/v2/move-learn-method/4/"
          },
          "order": null,
          "version_group": {
            "name": "ultra-sun-ultra-moon",
            "url": "https://pokeapi.co/api/v2/version-group/18/"
          }
        },
        {
          "level_learned_at": 0,
          "move_learn_method": {
            "name": "machine",
            "url": "https://pokeapi.co/api/v2/move-learn-method/4/"
          },
          "order": null,
          "version_group": {
            "name": "sword-shield",
            "url": "https://pokeapi.co/api/v2/version-group/20/"
          }
        }
      ]
    },
    {
      "move": {
        "name": "aerial-ace",
        "url": "https://pokeapi.co/api/v2/move/332/"
      },
      "version_group_details": [
        {
          "level_learned_at": 0,
          "move_learn_method": {
            "name": "machine",
            "url": "https://pokeapi.co/api/v2/move-learn-method/4/"
          },
          "order": null,
          "version_group": {
            "name": "sun-moon",
            "url": "https://pokeapi.co/api/v2/version-group/17/"
          }
        },
        {
          "level_learned_at": 0,
          "move_learn_method": {
            "name": "machine",
            "url": "https://pokeapi.co/api/v2/move-learn-method/4/"
          },
          "order": null,
          "version_group": {
            "name": "ultra-sun-ultra-moon",
            "url": "https://pokeapi.co/api/v2/version-group/18/"
          }
        }
      ]
    },
    {
      "move": {
        "name": "bulk-up",
        "url": "https://pokeapi.co/api/v2/move/339/"
      },
      "version_group_details": [
        {
          "level_learned_at": 0,
          "move_learn_method": {
            "name": "machine",
            "url": "https://pokeapi.co/api/v2/move-learn-method/4/"
          },
          "order": null,
          "version_group": {
            "name": "sun-moon",
            "url": "https://pokeapi.co/api/v2/version-group/17/"
          }
        },
        {
          "level_learned_at": 0,
          "move_learn_method": {
            "name": "machine",
            "url": "https://pokeapi.co/api/v2/move-learn-method/4/"
          },
          "order": null,
          "version_group": {
            "name": "ultra-sun-ultra-moon",
            "url": "https://pokeapi.co/api/v2/version-group/18/"
          }
        },
        {
          "level_learned_at": 0,
          "move_learn_method": {
            "name": "machine",
            "url": "https://pokeapi.co/api/v2/move-learn-method/4/"
          },
          "order": null,
          "version_group": {
            "name": "sword-shield",
            "url": "https://pokeapi.co/api/v2/version-group/20/"
          }
        }
      ]
    },
    {
      "move": {
        "name": "hammer-arm",
        "url": "https://pokeapi.co/api/v2/move/359/"
      },
      "version_group_details": [
        {
          "level_learned_at": 32,
          "move_learn_method": {
            "name": "level-up",
            "url": "https://pokeapi.co/api/v2/move-learn-method/1/"
          },
          "order": null,
          "version_group": {
            "name": "sun-moon",
            "url": "https://pokeapi.co/api/v2/version-group/17/"
          }
        },
        {
          "level_learned_at": 32,
          "move_learn_method": {
            "name": "level-up",
            "url": "https://pokeapi.co/api/v2/move-learn-method/1/"
          },
          "order": null,
          "version_group": {
            "name": "ultra-sun-ultra-moon",
            "url": "https://pokeapi.co/api/v2/version-group/18/"
          }
        },
        {
          "level_learned_at": 32,
          "move_learn_method": {
            "name": "level-up",
            "url": "https://pokeapi.co/api/v2/move-learn-method/1/"
          },
          "order": null,
          "version_group": {
            "name": "sword-shield",
            "url": "https://pokeapi.co/api/v2/version-group/20/"
          }
        }
      ]
    },
    {
      "move": {
        "name": "payback",
        "url": "https://pokeapi.co/api/v2/move/371/"
      },
      "version_group_details": [
        {
          "level_learned_at": 23,
          "move_learn_method": {
            "name": "level-up",
            "url": "https://pokeapi.co/api/v2/move-learn-method/1/"
          },
          "order": null,
          "version_group": {
            "name": "sun-moon",
            "url": "https://pokeapi.co/api/v2/version-group/17/"
          }
        },
        {
          "level_learned_at": 0,
          "move_learn_method": {
            "name": "machine",
            "url": "https://pokeapi.co/api/v2/move-learn-method/4/"
          },
          "order": null,
          "version_group": {
            "name": "sun-moon",
            "url": "https://pokeapi.co/api/v2/version-group/17/"
          }
        },
        {
          "level_learned_at": 23,
          "move_learn_method": {
            "name": "level-up",
            "url": "https://pokeapi.co/api/v2/move-learn-method/1/"
          },
          "order": null,
          "version_group": {
            "name": "ultra-sun-ultra-moon",
            "url": "https://pokeapi.co/api/v2/version-group/18/"
          }
        },
        {
          "level_learned_at": 0,
          "move_learn_method": {
            "name": "machine",
            "url": "https://pokeapi.co/api/v2/move-learn-method/4/"
          },
          "order": null,
          "version_group": {
            "name": "ultra-sun-ultra-moon",
            "url": "https://pokeapi.co/api/v2/version-group/18/"
          }
        },
        {
          "level_learned_at": 8,
          "move_learn_method": {
            "name": "level-up",
            "url": "https://pokeapi.co/api/v2/move-learn-method/1/"
          },
          "order": null,
          "version_group": {
            "name": "sword-shield",
            "url": "https://pokeapi.co/api/v2/version-group/20/"
          }
        },
        {
          "level_learned_at": 0,
          "move_learn_method": {
            "name": "machine",
            "url": "https://pokeapi.co/api/v2/move-learn-method/4/"
          },
          "order": null,
          "version_group": {
            "name": "sword-shield",
            "url": "https://pokeapi.co/api/v2/version-group/20/"
          }
        }
      ]
    },
    {
      "move": {
        "name": "fling",
        "url": "https://pokeapi.co/api/v2/move/374/"
      },
      "version_group_details": [
        {
          "level_learned_at": 0,
          "move_learn_method": {
            "name": "machine",
            "url": "https://pokeapi.co/api/v2/move-learn-method/4/"
          },
          "order": null,
          "version_group": {
            "name": "sun-moon",
            "url": "https://pokeapi.co/api/v2/version-group/17/"
          }
        },
        {
          "level_learned_at": 0,
          "move_learn_method": {
            "name": "machine",
            "url": "https://pokeapi.co/api/v2/move-learn-method/4/"
          },
          "order": null,
          "version_group": {
            "name": "ultra-sun-ultra-moon",
            "url": "https://pokeapi.co/api/v2/version-group/18/"
          }
        },
        {
          "level_learned_at": 0,
          "move_learn_method": {
            "name": "machine",
            "url": "https://pokeapi.co/api/v2/move-learn-method/4/"
          },
          "order": null,
          "version_group": {
            "name": "sword-shield",
            "url": "https://pokeapi.co/api/v2/version-group/20/"
          }
        }
      ]
    },
    {
      "move": {
        "name": "force-palm",
        "url": "https://pokeapi.co/api/v2/move/395/"
      },
      "version_group_details": [
        {
          "level_learned_at": 0,
          "move_learn_method": {
            "name": "egg",
            "url": "https://pokeapi.co/api/v2/move-learn-method/2/"
          },
          "order": null,
          "version_group": {
            "name": "sun-moon",
            "url": "https://pokeapi.co/api/v2/version-group/17/"
          }
        },
        {
          "level_learned_at": 0,
          "move_learn_method": {
            "name": "egg",
            "url": "https://pokeapi.co/api/v2/move-learn-method/2/"
          },
          "order": null,
          "version_group": {
            "name": "ultra-sun-ultra-moon",
            "url": "https://pokeapi.co/api/v2/version-group/18/"
          }
        },
        {
          "level_learned_at": 0,
          "move_learn_method": {
            "name": "egg",
            "url": "https://pokeapi.co/api/v2/move-learn-method/2/"
          },
          "order": null,
          "version_group": {
            "name": "sword-shield",
            "url": "https://pokeapi.co/api/v2/version-group/20/"
          }
        }
      ]
    },
    {
      "move": {
        "name": "focus-blast",
        "url": "https://pokeapi.co/api/v2/move/411/"
      },
      "version_group_details": [
        {
          "level_learned_at": 0,
          "move_learn_method": {
            "name": "machine",
            "url": "https://pokeapi.co/api/v2/move-learn-method/4/"
          },
          "order": null,
          "version_group": {
            "name": "sun-moon",
            "url": "https://pokeapi.co/api/v2/version-group/17/"
          }
        },
        {
          "level_learned_at": 0,
          "move_learn_method": {
            "name": "machine",
            "url": "https://pokeapi.co/api/v2/move-learn-method/4/"
          },
          "order": null,
          "version_group": {
            "name": "ultra-sun-ultra-moon",
            "url": "https://pokeapi.co/api/v2/version-group/18/"
          }
        },
        {
          "level_learned_at": 0,
          "move_learn_method": {
            "name": "machine",
            "url": "https://pokeapi.co/api/v2/move-learn-method/4/"
          },
          "order": null,
          "version_group": {
            "name": "sword-shield",
            "url": "https://pokeapi.co/api/v2/version-group/20/"
          }
        }
      ]
    },
    {
      "move": {
        "name": "zen-headbutt",
        "url": "https://pokeapi.co/api/v2/move/428/"
      },
      "version_group_details": [
        {
          "level_learned_at": 0,
          "move_learn_method": {
            "name": "tutor",
            "url": "https://pokeapi.co/api/v2/move-learn-method/3/"
          },
          "order": null,
          "version_group": {
            "name": "ultra-sun-ultra-moon",
            "url": "https://pokeapi.co/api/v2/version-group/18/"
          }
        },
        {
          "level_learned_at": 0,
          "move_learn_method": {
            "name": "machine",
            "url": "https://pokeapi.co/api/v2/move-learn-method/4/"
          },
          "order": null,
          "version_group": {
            "name": "sword-shield",
            "url": "https://pokeapi.co/api/v2/version-group/20/"
          }
        }
      ]
    },
    {
      "move": {
        "name": "iron-head",
        "url": "https://pokeapi.co/api/v2/move/442/"
      },
      "version_group_details": [
        {
          "level_learned_at": 0,
          "move_learn_method": {
            "name": "tutor",
            "url": "https://pokeapi.co/api/v2/move-learn-method/3/"
          },
          "order": null,
          "version_group": {
            "name": "ultra-sun-ultra-moon",
            "url": "https://pokeapi.co/api/v2/version-group/18/"
          }
        },
        {
          "level_learned_at": 0,
          "move_learn_method": {
            "name": "machine",
            "url": "https://pokeapi.co/api/v2/move-learn-method/4/"
          },
          "order": null,
          "version_group": {
            "name": "sword-shield",
            "url": "https://pokeapi.co/api/v2/version-group/20/"
          }
        }
      ]
    },
    {
      "move": {
        "name": "wide-guard",
        "url": "https://pokeapi.co/api/v2/move/469/"
      },
      "version_group_details": [
        {
          "level_learned_at": 0,
          "move_learn_method": {
            "name": "egg",
            "url": "https://pokeapi.co/api/v2/move-learn-method/2/"
          },
          "order": null,
          "version_group": {
            "name": "sun-moon",
            "url": "https://pokeapi.co/api/v2/version-group/17/"
          }
        },
        {
          "level_learned_at": 0,
          "move_learn_method": {
            "name": "egg",
            "url": "https://pokeapi.co/api/v2/move-learn-method/2/"
          },
          "order": null,
          "version_group": {
            "name": "ultra-sun-ultra-moon",
            "url": "https://pokeapi.co/api/v2/version-group/18/"
          }
        }
      ]
    },
    {
      "move": {
        "name": "low-sweep",
        "url": "https://pokeapi.co/api/v2/move/490/"
      },
      "version_group_details": [
        {
          "level_learned_at": 0,
          "move_learn_method": {
            "name": "machine",
            "url": "https://pokeapi.co/api/v2/move-learn-method/4/"
          },
          "order": null,
          "version_group": {
            "name": "sun-moon",
            "url": "https://pokeapi.co/api/v2/version-group/17/"
          }
        },
        {
          "level_learned_at": 0,
          "move_learn_method": {
            "name": "machine",
            "url": "https://pokeapi.co/api/v2/move-learn-method/4/"
          },
          "order": null,
          "version_group": {
            "name": "ultra-sun-ultra-moon",
            "url": "https://pokeapi.co/api/v2/version-group/18/"
          }
        },
        {
          "level_learned_at": 0,
          "move_learn_method": {
            "name": "machine",
            "url": "https://pokeapi.co/api/v2/move-learn-method/4/"
          },
          "order": null,
          "version_group": {
            "name": "sword-shield",
            "url": "https://pokeapi.co/api/v2/version-group/20/"
          }
        }
      ]
    },
    {
      "move": {
        "name": "round",
        "url": "https://pokeapi.co/api/v2/move/496/"
      },
      "version_group_details": [
        {
          "level_learned_at": 0,
          "move_learn_method": {
            "name": "machine",
            "url": "https://pokeapi.co/api/v2/move-learn-method/4/"
          },
          "order": null,
          "version_group": {
            "name": "sun-moon",
            "url": "https://pokeapi.co/api/v2/version-group/17/"
          }
        },
        {
          "level_learned_at": 0,
          "move_learn_method": {
            "name": "machine",
            "url": "https://pokeapi.co/api/v2/move-learn-method/4/"
          },
          "order": null,
          "version_group": {
            "name": "ultra-sun-ultra-moon",
            "url": "https://pokeapi.co/api/v2/version-group/18/"
          }
        },
        {
          "level_learned_at": 0,
          "move_learn_method": {
            "name": "machine",
            "url": "https://pokeapi.co/api/v2/move-learn-method/4/"
          },
          "order": null,
          "version_group": {
            "name": "sword-shield",
            "url": "https://pokeapi.co/api/v2/version-group/20/"
          }
        }
      ]
    },
    {
      "move": {
        "name": "bulldoze",
        "url": "https://pokeapi.co/api/v2/move/523/"
      },
      "version_group_details": [
        {
          "level_learned_at": 0,
          "move_learn_method": {
            "name": "machine",
            "url": "https://pokeapi.co/api/v2/move-learn-method/4/"
          },
          "order": null,
          "version_group": {
            "name": "sun-moon",
            "url": "https://pokeapi.co/api/v2/version-group/17/"
          }
        },
        {
          "level_learned_at": 0,
          "move_learn_method": {
            "name": "machine",
            "url": "https://pokeapi.co/api/v2/move-learn-method/4/"
          },
          "order": null,
          "version_group": {
            "name": "ultra-sun-ultra-moon",
            "url": "https://pokeapi.co/api/v2/version-group/18/"
          }
        },
        {
          "level_learned_at": 0,
          "move_learn_method": {
            "name": "machine",
            "url": "https://pokeapi.co/api/v2/move-learn-method/4/"
          },
          "order": null,
          "version_group": {
            "name": "sword-shield",
            "url": "https://pokeapi.co/api/v2/version-group/20/"
          }
        }
      ]
    },
    {
      "move": {
        "name": "work-up",
        "url": "https://pokeapi.co/api/v2/move/526/"
      },
      "version_group_details": [
        {
          "level_learned_at": 0,
          "move_learn_method": {
            "name": "machine",
            "url": "https://pokeapi.co/api/v2/move-learn-method/4/"
          },
          "order": null,
          "version_group": {
            "name": "sun-moon",
            "url": "https://pokeapi.co/api/v2/version-group/17/"
          }
        },
        {
          "level_learned_at": 0,
          "move_learn_method": {
            "name": "machine",
            "url": "https://pokeapi.co/api/v2/move-learn-method/4/"
          },
          "order": null,
          "version_group": {
            "name": "ultra-sun-ultra-moon",
            "url": "https://pokeapi.co/api/v2/version-group/18/"
          }
        },
        {
          "level_learned_at": 0,
          "move_learn_method": {
            "name": "machine",
            "url": "https://pokeapi.co/api/v2/move-learn-method/4/"
          },
          "order": null,
          "version_group": {
            "name": "sword-shield",
            "url": "https://pokeapi.co/api/v2/version-group/20/"
          }
        }
      ]
    },
    {
      "move": {
        "name": "dual-chop",
        "url": "https://pokeapi.co/api/v2/move/530/"
      },
      "version_group_details": [
        {
          "level_learned_at": 0,
          "move_learn_method": {
            "name": "tutor",
            "url": "https://pokeapi.co/api/v2/move-learn-method/3/"
          },
          "order": null,
          "version_group": {
            "name": "ultra-sun-ultra-moon",
            "url": "https://pokeapi.co/api/v2/version-group/18/"
          }
        }
      ]
    },
    {
      "move": {
        "name": "confide",
        "url": "https://pokeapi.co/api/v2/move/590/"
      },
      "version_group_details": [
        {
          "level_learned_at": 0,
          "move_learn_method": {
            "name": "machine",
            "url": "https://pokeapi.co/api/v2/move-learn-method/4/"
          },
          "order": null,
          "version_group": {
            "name": "sun-moon",
            "url": "https://pokeapi.co/api/v2/version-group/17/"
          }
        },
        {
          "level_learned_at": 0,
          "move_learn_method": {
            "name": "machine",
            "url": "https://pokeapi.co/api/v2/move-learn-method/4/"
          },
          "order": null,
          "version_group": {
            "name": "ultra-sun-ultra-moon",
            "url": "https://pokeapi.co/api/v2/version-group/18/"
          }
        }
      ]
    },
    {
      "move": {
        "name": "baby-doll-eyes",
        "url": "https://pokeapi.co/api/v2/move/608/"
      },
      "version_group_details": [
        {
          "level_learned_at": 10,
          "move_learn_method": {
            "name": "level-up",
            "url": "https://pokeapi.co/api/v2/move-learn-method/1/"
          },
          "order": null,
          "version_group": {
            "name": "sun-moon",
            "url": "https://pokeapi.co/api/v2/version-group/17/"
          }
        },
        {
          "level_learned_at": 10,
          "move_learn_method": {
            "name": "level-up",
            "url": "https://pokeapi.co/api/v2/move-learn-method/1/"
          },
          "order": null,
          "version_group": {
            "name": "ultra-sun-ultra-moon",
            "url": "https://pokeapi.co/api/v2/version-group/18/"
          }
        },
        {
          "level_learned_at": 4,
          "move_learn_method": {
            "name": "level-up",
            "url": "https://pokeapi.co/api/v2/move-learn-method/1/"
          },
          "order": null,
          "version_group": {
            "name": "sword-shield",
            "url": "https://pokeapi.co/api/v2/version-group/20/"
          }
        }
      ]
    },
    {
      "move": {
        "name": "brutal-swing",
        "url": "https://pokeapi.co/api/v2/move/693/"
      },
      "version_group_details": [
        {
          "level_learned_at": 14,
          "move_learn_method": {
            "name": "level-up",
            "url": "https://pokeapi.co/api/v2/move-learn-method/1/"
          },
          "order": null,
          "version_group": {
            "name": "sun-moon",
            "url": "https://pokeapi.co/api/v2/version-group/17/"
          }
        },
        {
          "level_learned_at": 0,
          "move_learn_method": {
            "name": "machine",
            "url": "https://pokeapi.co/api/v2/move-learn-method/4/"
          },
          "order": null,
          "version_group": {
            "name": "sun-moon",
            "url": "https://pokeapi.co/api/v2/version-group/17/"
          }
        },
        {
          "level_learned_at": 14,
          "move_learn_method": {
            "name": "level-up",
            "url": "https://pokeapi.co/api/v2/move-learn-method/1/"
          },
          "order": null,
          "version_group": {
            "name": "ultra-sun-ultra-moon",
            "url": "https://pokeapi.co/api/v2/version-group/18/"
          }
        },
        {
          "level_learned_at": 0,
          "move_learn_method": {
            "name": "machine",
            "url": "https://pokeapi.co/api/v2/move-learn-method/4/"
          },
          "order": null,
          "version_group": {
            "name": "ultra-sun-ultra-moon",
            "url": "https://pokeapi.co/api/v2/version-group/18/"
          }
        },
        {
          "level_learned_at": 12,
          "move_learn_method": {
            "name": "level-up",
            "url": "https://pokeapi.co/api/v2/move-learn-method/1/"
          },
          "order": null,
          "version_group": {
            "name": "sword-shield",
            "url": "https://pokeapi.co/api/v2/version-group/20/"
          }
        },
        {
          "level_learned_at": 0,
          "move_learn_method": {
            "name": "machine",
            "url": "https://pokeapi.co/api/v2/move-learn-method/4/"
          },
          "order": null,
          "version_group": {
            "name": "sword-shield",
            "url": "https://pokeapi.co/api/v2/version-group/20/"
          }
        }
      ]
    },
    {
      "move": {
        "name": "stomping-tantrum",
        "url": "https://pokeapi.co/api/v2/move/707/"
      },
      "version_group_details": [
        {
          "level_learned_at": 0,
          "move_learn_method": {
            "name": "egg",
            "url": "https://pokeapi.co/api/v2/move-learn-method/2/"
          },
          "order": null,
          "version_group": {
            "name": "sun-moon",
            "url": "https://pokeapi.co/api/v2/version-group/17/"
          }
        },
        {
          "level_learned_at": 0,
          "move_learn_method": {
            "name": "egg",
            "url": "https://pokeapi.co/api/v2/move-learn-method/2/"
          },
          "order": null,
          "version_group": {
            "name": "ultra-sun-ultra-moon",
            "url": "https://pokeapi.co/api/v2/version-group/18/"
          }
        },
        {
          "level_learned_at": 0,
          "move_learn_method": {
            "name": "tutor",
            "url": "https://pokeapi.co/api/v2/move-learn-method/3/"
          },
          "order": null,
          "version_group": {
            "name": "ultra-sun-ultra-moon",
            "url": "https://pokeapi.co/api/v2/version-group/18/"
          }
        },
        {
          "level_learned_at": 0,
          "move_learn_method": {
            "name": "machine",
            "url": "https://pokeapi.co/api/v2/move-learn-method/4/"
          },
          "order": null,
          "version_group": {
            "name": "sword-shield",
            "url": "https://pokeapi.co/api/v2/version-group/20/"
          }
        }
      ]
    },
    {
      "move": {
        "name": "coaching",
        "url": "https://pokeapi.co/api/v2/move/811/"
      },
      "version_group_details": [
        {
          "level_learned_at": 0,
          "move_learn_method": {
            "name": "tutor",
            "url": "https://pokeapi.co/api/v2/move-learn-method/3/"
          },
          "order": null,
          "version_group": {
            "name": "sword-shield",
            "url": "https://pokeapi.co/api/v2/version-group/20/"
          }
        }
      ]
    }
  ],
  "name": "stufful",
  "order": 918,
  "past_abilities": [],
  "past_types": [],
  "species": {
    "name": "stufful",
    "url": "https://pokeapi.co/api/v2/pokemon-species/759/"
  },
  "sprites": {
    "back_default": "https://raw.githubusercontent.com/PokeAPI/sprites/master/sprites/pokemon/back/759.png",
    "back_female": null,
    "back_shiny": "https://raw.githubusercontent.com/PokeAPI/sprites/master/sprites/pokemon/back/shiny/759.png",
    "back_shiny_female": null,
    "front_default": "https://raw.githubusercontent.com/PokeAPI/sprites/master/sprites/pokemon/759.png",
    "front_female": null,
    "front_shiny": "https://raw.githubusercontent.com/PokeAPI/sprites/master/sprites/pokemon/shiny/759.png",
    "front_shiny_female": null,
    "other": {
      "dream_world": {
        "front_default": "https://raw.githubusercontent.com/PokeAPI/sprites/master/sprites/pokemon/other/dream-world/759.svg",
        "front_female": null
      },
      "home": {
        "front_default": "https://raw.githubusercontent.com/PokeAPI/sprites/master/sprites/pokemon/other/home/759.png",
        "front_female": null,
        "front_shiny": "https://raw.githubusercontent.com/PokeAPI/sprites/master/sprites/pokemon/other/home/shiny/759.png",
        "front_shiny_female": null
      },
      "official-artwork": {
        "front_default": "https://raw.githubusercontent.com/PokeAPI/sprites/master/sprites/pokemon/other/official-artwork/759.png",
        "front_shiny": "https://raw.githubusercontent.com/PokeAPI/sprites/master/sprites/pokemon/other/official-artwork/shiny/759.png"
      },
      "showdown": {
        "back_default": "https://raw.githubusercontent.com/PokeAPI/sprites/master/sprites/pokemon/other/showdown/back/759.gif",
        "back_female": null,
        "back_shiny": "https://raw.githubusercontent.com/PokeAPI/sprites/master/sprites/pokemon/other/showdown/back/shiny/759.gif",
        "back_shiny_female": null,
        "front_default": "https://raw.githubusercontent.com/PokeAPI/sprites/master/sprites/pokemon/other/showdown/759.gif",
        "front_female": null,
        "front_shiny": "https://raw.githubusercontent.com/PokeAPI/sprites/master/sprites/pokemon/other/showdown/shiny/759.gif",
        "front_shiny_female": null
      }
    },
    "versions": {
      "generation-i": {
        "red-blue": {
          "back_default": null,
          "back_gray": null,
          "back_transparent": null,
          "front_default": null,
          "front_gray": null,
          "front_transparent": null
        },
        "yellow": {
          "back_default": null,
          "back_gray": null,
          "back_transparent": null,
          "front_default": null,
          "front_gray": null,
          "front_transparent": null
        }
      },
      "generation-ii": {
        "crystal": {
          "back_default": null,
          "back_shiny": null,
          "back_shiny_transparent": null,
          "back_transparent": null,
          "front_default": null,
          "front_shiny": null,
          "front_shiny_transparent": null,
          "front_transparent": null
        },
        "gold": {
          "back_default": null,
          "back_shiny": null,
          "front_default": null,
          "front_shiny": null,
          "front_transparent": null
        },
        "silver": {
          "back_default": null,
          "back_shiny": null,
          "front_default": null,
          "front_shiny": null,
          "front_transparent": null
        }
      },
      "generation-iii": {
        "emerald": {
          "front_default": null,
          "front_shiny": null
        },
        "firered-leafgreen": {
          "back_default": null,
          "back_shiny": null,
          "front_default": null,
          "front_shiny": null
        },
        "ruby-sapphire": {
          "back_default": null,
          "back_shiny": null,
          "front_default": null,
          "front_shiny": null
        }
      },
      "generation-iv": {
        "diamond-pearl": {
          "back_default": null,
          "back_female": null,
          "back_shiny": null,
          "back_shiny_female": null,
          "front_default": null,
          "front_female": null,
          "front_shiny": null,
          "front_shiny_female": null
        },
        "heartgold-soulsilver": {
          "back_default": null,
          "back_female": null,
          "back_shiny": null,
          "back_shiny_female": null,
          "front_default": null,
          "front_female": null,
          "front_shiny": null,
          "front_shiny_female": null
        },
        "platinum": {
          "back_default": null,
          "back_female": null,
          "back_shiny": null,
          "back_shiny_female": null,
          "front_default": null,
          "front_female": null,
          "front_shiny": null,
          "front_shiny_female": null
        }
      },
      "generation-ix": {
        "scarlet-violet": {
          "front_default": null,
          "front_female": null
        }
      },
      "generation-v": {
        "black-white": {
          "animated": {
            "back_default": null,
            "back_female": null,
            "back_shiny": null,
            "back_shiny_female": null,
            "front_default": null,
            "front_female": null,
            "front_shiny": null,
            "front_shiny_female": null
          },
          "back_default": "https://raw.githubusercontent.com/PokeAPI/sprites/master/sprites/pokemon/versions/generation-v/black-white/back/759.png",
          "back_female": null,
          "back_shiny": "https://raw.githubusercontent.com/PokeAPI/sprites/master/sprites/pokemon/versions/generation-v/black-white/back/shiny/759.png",
          "back_shiny_female": null,
          "front_default": "https://raw.githubusercontent.com/PokeAPI/sprites/master/sprites/pokemon/versions/generation-v/black-white/759.png",
          "front_female": null,
          "front_shiny": "https://raw.githubusercontent.com/PokeAPI/sprites/master/sprites/pokemon/versions/generation-v/black-white/shiny/759.png",
          "front_shiny_female": null
        }
      },
      "generation-vi": {
        "omegaruby-alphasapphire": {
          "front_default": null,
          "front_female": null,
          "front_shiny": null,
          "front_shiny_female": null
        },
        "x-y": {
          "front_default": null,
          "front_female": null,
          "front_shiny": null,
          "front_shiny_female": null
        }
      },
      "generation-vii": {
        "icons": {
          "front_default": "https://raw.githubusercontent.com/PokeAPI/sprites/master/sprites/pokemon/versions/generation-vii/icons/759.png",
          "front_female": null
        },
        "ultra-sun-ultra-moon": {
          "front_default": "https://raw.githubusercontent.com/PokeAPI/sprites/master/sprites/pokemon/versions/generation-vii/ultra-sun-ultra-moon/759.png",
          "front_female": null,
          "front_shiny": "https://raw.githubusercontent.com/PokeAPI/sprites/master/sprites/pokemon/versions/generation-vii/ultra-sun-ultra-moon/shiny/759.png",
          "front_shiny_female": null
        }
      },
      "generation-viii": {
        "brilliant-diamond-shining-pearl": {
          "front_default": null,
          "front_female": null
        },
        "icons": {
          "front_default": "https://raw.githubusercontent.com/PokeAPI/sprites/master/sprites/pokemon/versions/generation-viii/icons/759.png",
          "front_female": null
        }
      }
    }
  },
  "stats": [
    {
      "base_stat": 70,
      "effort": 0,
      "stat": {
        "name": "hp",
        "url": "https://pokeapi.co/api/v2/stat/1/"
      }
    },
    {
      "base_stat": 75,
      "effort": 1,
      "stat": {
        "name": "attack",
        "url": "https://pokeapi.co/api/v2/stat/2/"
      }
    },
    {
      "base_stat": 50,
      "effort": 0,
      "stat": {
        "name": "defense",
        "url": "https://pokeapi.co/api/v2/stat/3/"
      }
    },
    {
      "base_stat": 45,
      "effort": 0,
      "stat": {
        "name": "special-attack",
        "url": "https://pokeapi.co/api/v2/stat/4/"
      }
    },
    {
      "base_stat": 50,
      "effort": 0,
      "stat": {
        "name": "special-defense",
        "url": "https://pokeapi.co/api/v2/stat/5/"
      }
    },
    {
      "base_stat": 50,
      "effort": 0,
      "stat": {
        "name": "speed",
        "url": "https://pokeapi.co/api/v2/stat/6/"
      }
    }
  ],
  "types": [
    {
      "slot": 1,
      "type": {
        "name": "normal",
        "url": "https://pokeapi.co/api/v2/type/1/"
      }
    },
    {
      "slot": 2,
      "type": {
        "name": "fighting",
        "url": "https://pokeapi.co/api/v2/type/2/"
      }
    }
  ],
  "weight": 68
}