{
  "base_happiness": 70,
  "capture_rate": 75,
  "color": {
    "name": "brown",
    "url": "https://pokeapi.co/api/v2/pokemon-color/3/"
  },
  "egg_groups": [
    {
      "name": "ground",
      "url": "https://pokeapi.co/api/v2/egg-group/5/"
    }
  ],
  "evolution_chain": {
    "url": "https://pokeapi.co/api/v2/evolution-chain/24/"
  },
  "evolves_from_species": {
    "name": "mankey",
    "url": "https://pokeapi.co/api/v2/pokemon-species/56/"
  },
  "flavor_text_entries": [
    {
      "flavor_text": "Always furious\nand tenacious to\nboot. It will not\fabandon chasing\nits quarry until\nit is caught.",
      "language": {
        "name": "en",
        "url": "https://pokeapi.co/api/v2/language/9/"
      },
      "version": {
        "name": "red",
        "url": "https://pokeapi.co/api/v2/version/1/"
      }
    },
    {
      "flavor_text": "Always furious\nand tenacious to\nboot. It will not\fabandon chasing\nits quarry until\nit is caught.",
      "language": {
        "name": "en",
        "url": "https://pokeapi.co/api/v2/language/9/"
      },
      "version": {
        "name": "blue",
        "url": "https://pokeapi.co/api/v2/version/2/"
      }
    },
    {
      "flavor_text": "It stops being\nangry only when\nnobody else is\faround. To view\nthis moment is\nvery difficult.",
      "language": {
        "name": "en",
        "url": "https://pokeapi.co/api/v2/language/9/"
      },
      "version": {
        "name": "yellow",
        "url": "https://pokeapi.co/api/v2/version/3/"
      }
    },
    {
      "flavor_text": "If approached\nwhile asleep, it\nmay awaken and\fangrily give chase\nin a groggy state\nof semi-sleep.",
      "language": {
        "name": "en",
        "url": "https://pokeapi.co/api/v2/language/9/"
      },
      "version": {
        "name": "gold",
        "url": "https://pokeapi.co/api/v2/version/4/"
      }
    },
    {
      "flavor_text": "It becomes wildly\nfurious if it even\nsenses someone\flooking at it. It\nchases anyone that\nmeets its glare.",
      "language": {
        "name": "en",
        "url": "https://pokeapi.co/api/v2/language/9/"
      },
      "version": {
        "name": "silver",
        "url": "https://pokeapi.co/api/v2/version/5/"
      }
    },
    {
      "flavor_text": "It will beat up\nanyone who makes\nit mad, even if it\fhas to chase them\nuntil the end of\nthe world.",
      "language": {
        "name": "en",
        "url": "https://pokeapi.co/api/v2/language/9/"
      },
      "version": {
        "name": "crystal",
        "url": "https://pokeapi.co/api/v2/version/6/"
      }
    },
    {
      "flavor_text": "When PRIMEAPE becomes furious, its\nblood circulation is boosted. In turn,\nits muscles are made even stronger.\fHowever, it also becomes much less\nintelligent at the same time.",
      "language": {
        "name": "en",
        "url": "https://pokeapi.co/api/v2/language/9/"
      },
      "version": {
        "name": "ruby",
        "url": "https://pokeapi.co/api/v2/version/7/"
      }
    },
    {
      "flavor_text": "When PRIMEAPE becomes furious, its\nblood circulation is boosted. In turn,\nits muscles are made even stronger.\fHowever, it also becomes much less\nintelligent at the same time.",
      "language": {
        "name": "en",
        "url": "https://pokeapi.co/api/v2/language/9/"
      },
      "version": {
        "name": "sapphire",
        "url": "https://pokeapi.co/api/v2/version/8/"
      }
    },
    {
      "flavor_text": "When it becomes furious, its blood\ncirculation becomes more robust, and\nits muscles are made stronger. But it\nalso becomes much less intelligent.",
      "language": {
        "name": "en",
        "url": "https://pokeapi.co/api/v2/language/9/"
      },
      "version": {
        "name": "emerald",
        "url": "https://pokeapi.co/api/v2/version/9/"
      }
    },
    {
      "flavor_text": "It is always outrageously furious. If it\ngives chase, it will tenaciously track the\ntarget no matter how far.",
      "language": {
        "name": "en",
        "url": "https://pokeapi.co/api/v2/language/9/"
      },
      "version": {
        "name": "firered",
        "url": "https://pokeapi.co/api/v2/version/10/"
      }
    },
    {
      "flavor_text": "Always furious and tenacious to boot.\nIt will not abandon chasing its quarry\nuntil it catches up.",
      "language": {
        "name": "en",
        "url": "https://pokeapi.co/api/v2/language/9/"
      },
      "version": {
        "name": "leafgreen",
        "url": "https://pokeapi.co/api/v2/version/11/"
      }
    },
    {
      "flavor_text": "It grows angry if you see its eyes\nand gets angrier if you run. If you\nbeat it, it gets even madder.",
      "language": {
        "name": "en",
        "url": "https://pokeapi.co/api/v2/language/9/"
      },
      "version": {
        "name": "diamond",
        "url": "https://pokeapi.co/api/v2/version/12/"
      }
    },
    {
      "flavor_text": "It grows angry if you see its eyes\nand gets angrier if you run. If you\nbeat it, it gets even madder.",
      "language": {
        "name": "en",
        "url": "https://pokeapi.co/api/v2/language/9/"
      },
      "version": {
        "name": "pearl",
        "url": "https://pokeapi.co/api/v2/version/13/"
      }
    },
    {
      "flavor_text": "It grows angry if you see its eyes\nand gets angrier if you run. If you\nbeat it, it gets even madder.",
      "language": {
        "name": "en",
        "url": "https://pokeapi.co/api/v2/language/9/"
      },
      "version": {
        "name": "platinum",
        "url": "https://pokeapi.co/api/v2/version/14/"
      }
    },
    {
      "flavor_text": "If approached while asleep,\nit may awaken and angrily give chase\nin a groggy state of semi-sleep.",
      "language": {
        "name": "en",
        "url": "https://pokeapi.co/api/v2/language/9/"
      },
      "version": {
        "name": "heartgold",
        "url": "https://pokeapi.co/api/v2/version/15/"
      }
    },
    {
      "flavor_text": "It becomes wildly furious if it even\nsenses someone looking at it. It\nchases anyone that meets its glare.",
      "language": {
        "name": "en",
        "url": "https://pokeapi.co/api/v2/language/9/"
      },
      "version": {
        "name": "soulsilver",
        "url": "https://pokeapi.co/api/v2/version/16/"
      }
    },
    {
      "flavor_text": "Il grogne quand on le toise, rugit\nquand on s\u2019enfuit et devient fou\nde rage quand on le frappe.",
      "language": {
        "name": "fr",
        "url": "https://pokeapi.co/api/v2/language/5/"
      },
      "version": {
        "name": "black",
        "url": "https://pokeapi.co/api/v2/version/17/"
      }
    },
    {
      "flavor_text": "It grows angry if you see its eyes\nand gets angrier if you run. If you\nbeat it, it gets even madder.",
      "language": {
        "name": "en",
        "url": "https://pokeapi.co/api/v2/language/9/"
      },
      "version": {
        "name": "black",
        "url": "https://pokeapi.co/api/v2/version/17/"
      }
    },
    {
      "flavor_text": "Il grogne quand on le toise, rugit\nquand on s\u2019enfuit et devient fou\nde rage quand on le frappe.",
      "language": {
        "name": "fr",
        "url": "https://pokeapi.co/api/v2/language/5/"
      },
      "version": {
        "name": "white",
        "url": "https://pokeapi.co/api/v2/version/18/"
      }
    },
    {
      "flavor_text": "It grows angry if you see its eyes\nand gets angrier if you run. If you\nbeat it, it gets even madder.",
      "language": {
        "name": "en",
        "url": "https://pokeapi.co/api/v2/language/9/"
      },
      "version": {
        "name": "white",
        "url": "https://pokeapi.co/api/v2/version/18/"
      }
    },
    {
      "flavor_text": "It grows angry if you see its eyes\nand gets angrier if you run. If you\nbeat it, it gets even madder.",
      "language": {
        "name": "en",
        "url": "https://pokeapi.co/api/v2/language/9/"
      },
      "version": {
        "name": "black-2",
        "url": "https://pokeapi.co/api/v2/version/21/"
      }
    },
    {
      "flavor_text": "It grows angry if you see its eyes\nand gets angrier if you run. If you\nbeat it, it gets even madder.",
      "language": {
        "name": "en",
        "url": "https://pokeapi.co/api/v2/language/9/"
      },
      "version": {
        "name": "white-2",
        "url": "https://pokeapi.co/api/v2/version/22/"
      }
    },
    {
      "flavor_text": "\u307e\u308f\u308a\u306b\u3000\u3060\u308c\u3082\u3000\u3044\u306a\u3044\u3068\u304d\u3060\u3051\u306f\n\u304a\u3053\u308b\u306e\u3092\u3000\u3084\u3081\u3066\u3044\u308b\u3002\u3057\u304b\u3057\n\u305d\u308c\u3092\u307f\u308b\u306e\u306f\u3000\u3080\u305a\u304b\u3057\u3044\u3002",
      "language": {
        "name": "ja-Hrkt",
        "url": "https://pokeapi.co/api/v2/language/1/"
      },
      "version": {
        "name": "x",
        "url": "https://pokeapi.co/api/v2/version/23/"
      }
    },
    {
      "flavor_text": "\uc8fc\uc704\uc5d0 \uc544\ubb34\ub3c4 \uc5c6\uc744 \ub54c\ub9cc\uc740\n\ud654\ub97c \ub0b4\uc9c0 \uc54a\uace0 \uc788\ub2e4. \uadf8\ub7ec\ub098\n\uadf8 \ubaa8\uc2b5\uc744 \ubcf4\uae30\uac00 \uc5b4\ub835\ub2e4.",
      "language": {
        "name": "ko",
        "url": "https://pokeapi.co/api/v2/language/3/"
      },
      "version": {
        "name": "x",
        "url": "https://pokeapi.co/api/v2/version/23/"
      }
    },
    {
      "flavor_text": "Sa fureur prend fin quand il n\u2019a plus personne \u00e0\nfrapper. Il est difficile d\u2019en \u00eatre t\u00e9moin.",
      "language": {
        "name": "fr",
        "url": "https://pokeapi.co/api/v2/language/5/"
      },
      "version": {
        "name": "x",
        "url": "https://pokeapi.co/api/v2/version/23/"
      }
    },
    {
      "flavor_text": "In ganz seltenen F\u00e4llen beruhigt sich dieses sehr\nj\u00e4hzornige Pok\u00e9mon und ist f\u00fcr einen Moment friedlich.",
      "language": {
        "name": "de",
        "url": "https://pokeapi.co/api/v2/language/6/"
      },
      "version": {
        "name": "x",
        "url": "https://pokeapi.co/api/v2/version/23/"
      }
    },
    {
      "flavor_text": "Solo se calma cuando nadie est\u00e1 cerca. Llegar a ver\nese momento es realmente dif\u00edcil.",
      "language": {
        "name": "es",
        "url": "https://pokeapi.co/api/v2/language/7/"
      },
      "version": {
        "name": "x",
        "url": "https://pokeapi.co/api/v2/version/23/"
      }
    },
    {
      "flavor_text": "Questo Pok\u00e9mon \u00e8 costantemente furioso e si\ncalma solo nella solitudine pi\u00f9 assoluta.",
      "language": {
        "name": "it",
        "url": "https://pokeapi.co/api/v2/language/8/"
      },
      "version": {
        "name": "x",
        "url": "https://pokeapi.co/api/v2/version/23/"
      }
    },
    {
      "flavor_text": "It stops being angry only when nobody else is\naround. To view this moment is very difficult.",
      "language": {
        "name": "en",
        "url": "https://pokeapi.co/api/v2/language/9/"
      },
      "version": {
        "name": "x",
        "url": "https://pokeapi.co/api/v2/version/23/"
      }
    },
    {
      "flavor_text": "\u307e\u308f\u308a\u306b\u3000\u3060\u308c\u3082\u3000\u3044\u306a\u3044\u3068\u304d\u3060\u3051\u306f\n\u6012\u308b\u306e\u3092\u3000\u3084\u3081\u3066\u3044\u308b\u3002\u3057\u304b\u3057\n\u305d\u308c\u3092\u3000\u898b\u308b\u306e\u306f\u3000\u96e3\u3057\u3044\u3002",
      "language": {
        "name": "ja",
        "url": "https://pokeapi.co/api/v2/language/11/"
      },
      "version": {
        "name": "x",
        "url": "https://pokeapi.co/api/v2/version/23/"
      }
    },
    {
      "flavor_text": "\u3044\u3064\u3082\u3000\u3082\u3046\u308c\u3064\u306b\u3000\u304a\u3053\u3063\u3066\u304a\u308a\n\u306b\u3052\u3066\u3082\u3000\u306b\u3052\u3066\u3082\n\u3069\u3053\u307e\u3067\u3082\u3000\u304a\u3044\u304b\u3051\u3066\u304f\u308b\u3002",
      "language": {
        "name": "ja-Hrkt",
        "url": "https://pokeapi.co/api/v2/language/1/"
      },
      "version": {
        "name": "y",
        "url": "https://pokeapi.co/api/v2/version/24/"
      }
    },
    {
      "flavor_text": "\ud56d\uc0c1 \ub9f9\ub82c\ud558\uac8c \ud654\ub0b4\uace0 \uc788\uc5b4\n\ub3c4\ub9dd\uce58\uace0 \ub610 \ub3c4\ub9dd\uccd0\ub3c4\n\ub05d\uae4c\uc9c0 \ucad3\uc544\uc628\ub2e4.",
      "language": {
        "name": "ko",
        "url": "https://pokeapi.co/api/v2/language/3/"
      },
      "version": {
        "name": "y",
        "url": "https://pokeapi.co/api/v2/version/24/"
      }
    },
    {
      "flavor_text": "Ce Pok\u00e9mon est constamment en rogne.\nLorsqu\u2019il traque une proie, il la pourchasse n\u2019importe\no\u00f9, peu importe la distance.",
      "language": {
        "name": "fr",
        "url": "https://pokeapi.co/api/v2/language/5/"
      },
      "version": {
        "name": "y",
        "url": "https://pokeapi.co/api/v2/version/24/"
      }
    },
    {
      "flavor_text": "Es ist immer au\u00dferordentlich w\u00fctend. Nimmt es\ndie Verfolgung auf, bleibt es dem Opfer hartn\u00e4ckig\nauf den Fersen, egal wie weit oder wie lange.",
      "language": {
        "name": "de",
        "url": "https://pokeapi.co/api/v2/language/6/"
      },
      "version": {
        "name": "y",
        "url": "https://pokeapi.co/api/v2/version/24/"
      }
    },
    {
      "flavor_text": "Siempre est\u00e1 tremendamente enfadado. Cuando se\nempe\u00f1a en una presa, no hay distancia para \u00e9l.",
      "language": {
        "name": "es",
        "url": "https://pokeapi.co/api/v2/language/7/"
      },
      "version": {
        "name": "y",
        "url": "https://pokeapi.co/api/v2/version/24/"
      }
    },
    {
      "flavor_text": "Va facilmente su tutte le furie. Se insegue una preda,\nnon si d\u00e0 per vinto finch\u00e9 non l\u2019ha catturata.",
      "language": {
        "name": "it",
        "url": "https://pokeapi.co/api/v2/language/8/"
      },
      "version": {
        "name": "y",
        "url": "https://pokeapi.co/api/v2/version/24/"
      }
    },
    {
      "flavor_text": "It is always outrageously furious. If it gives chase,\nit will tenaciously track the target no matter\nhow far.",
      "language": {
        "name": "en",
        "url": "https://pokeapi.co/api/v2/language/9/"
      },
      "version": {
        "name": "y",
        "url": "https://pokeapi.co/api/v2/version/24/"
      }
    },
    {
      "flavor_text": "\u3044\u3064\u3082\u3000\u731b\u70c8\u306b\u3000\u6012\u3063\u3066\u304a\u308a\n\u9003\u3052\u3066\u3082\u3000\u9003\u3052\u3066\u3082\n\u3069\u3053\u307e\u3067\u3082\u3000\u8ffd\u3044\u304b\u3051\u3066\u304f\u308b\u3002",
      "language": {
        "name": "ja",
        "url": "https://pokeapi.co/api/v2/language/11/"
      },
      "version": {
        "name": "y",
        "url": "https://pokeapi.co/api/v2/version/24/"
      }
    },
    {
      "flavor_text": "\u306f\u3052\u3057\u304f\u3000\u304a\u3053\u308b\u3000\u3053\u3068\u3067\u3000\u3051\u3063\u3053\u3046\u304c\u3000\u3088\u304f\u306a\u308a\n\u304d\u3093\u306b\u304f\u306e\u3000\u3061\u304b\u3089\u3092\u3000\u3064\u3088\u304f\u3059\u308b\u306e\u3060\u3002\n\u305f\u3060\u3057\u3000\u3042\u305f\u307e\u306e\u3000\u304b\u3044\u3066\u3093\u306f\u3000\u304a\u305d\u304f\u306a\u308b\u305e\u3002",
      "language": {
        "name": "ja-Hrkt",
        "url": "https://pokeapi.co/api/v2/language/1/"
      },
      "version": {
        "name": "omega-ruby",
        "url": "https://pokeapi.co/api/v2/version/25/"
      }
    },
    {
      "flavor_text": "\uaca9\ub82c\ud558\uac8c \ud654\ub97c \ub0b4\uba74 \ud608\uc561\uc21c\ud658\uc774\n\uc88b\uc544\uc838 \uadfc\uc721\uc758 \ud798\uc744 \uac15\ud558\uac8c \ub9cc\ub4e0\ub2e4.\n\ub2e8 \uba38\ub9ac \ud68c\uc804\uc740 \ub290\ub824\uc9c4\ub2e4.",
      "language": {
        "name": "ko",
        "url": "https://pokeapi.co/api/v2/language/3/"
      },
      "version": {
        "name": "omega-ruby",
        "url": "https://pokeapi.co/api/v2/version/25/"
      }
    },
    {
      "flavor_text": "Lorsque Colossinge devient furieux, sa circulation sanguine\ns\u2019acc\u00e9l\u00e8re. Du coup, ses muscles sont encore plus puissants.\nEn revanche, il devient bien moins intelligent.",
      "language": {
        "name": "fr",
        "url": "https://pokeapi.co/api/v2/language/5/"
      },
      "version": {
        "name": "omega-ruby",
        "url": "https://pokeapi.co/api/v2/version/25/"
      }
    },
    {
      "flavor_text": "Wenn Rasaff w\u00fctend ist, wird seine Blutzirkulation gesteigert\nund seine Muskeln werden noch st\u00e4rker. Allerdings mindert\ndas auch die F\u00e4higkeit zum logischen Denken.",
      "language": {
        "name": "de",
        "url": "https://pokeapi.co/api/v2/language/6/"
      },
      "version": {
        "name": "omega-ruby",
        "url": "https://pokeapi.co/api/v2/version/25/"
      }
    },
    {
      "flavor_text": "Cuando Primeape se enfada, se le acelera el ritmo card\u00edaco\ny se le fortalecen los m\u00fasculos. Con todo, pierde en\ninteligencia.",
      "language": {
        "name": "es",
        "url": "https://pokeapi.co/api/v2/language/7/"
      },
      "version": {
        "name": "omega-ruby",
        "url": "https://pokeapi.co/api/v2/version/25/"
      }
    },
    {
      "flavor_text": "Quando Primeape s\u2019infuria, la circolazione sanguigna\nsi fa intensa, irrobustendo i suoi muscoli. Allo stesso\ntempo, tuttavia, perde anche la sua lucidit\u00e0 e intelligenza.",
      "language": {
        "name": "it",
        "url": "https://pokeapi.co/api/v2/language/8/"
      },
      "version": {
        "name": "omega-ruby",
        "url": "https://pokeapi.co/api/v2/version/25/"
      }
    },
    {
      "flavor_text": "When Primeape becomes furious, its blood circulation is\nboosted. In turn, its muscles are made even stronger.\nHowever, it also becomes much less intelligent at the\nsame time.",
      "language": {
        "name": "en",
        "url": "https://pokeapi.co/api/v2/language/9/"
      },
      "version": {
        "name": "omega-ruby",
        "url": "https://pokeapi.co/api/v2/version/25/"
      }
    },
    {
      "flavor_text": "\u6fc0\u3057\u304f\u3000\u6012\u308b\u3000\u3053\u3068\u3067\u3000\u8840\u884c\u304c\u3000\u826f\u304f\u306a\u308a\n\u7b4b\u8089\u306e\u3000\u529b\u3092\u3000\u5f37\u304f\u3059\u308b\u306e\u3060\u3002\n\u305f\u3060\u3057\u3000\u982d\u306e\u3000\u56de\u8ee2\u306f\u3000\u9045\u304f\u306a\u308b\u305e\u3002",
      "language": {
        "name": "ja",
        "url": "https://pokeapi.co/api/v2/language/11/"
      },
      "version": {
        "name": "omega-ruby",
        "url": "https://pokeapi.co/api/v2/version/25/"
      }
    },
    {
      "flavor_text": "\u306f\u3052\u3057\u304f\u3000\u304a\u3053\u308b\u3000\u3053\u3068\u3067\u3000\u3051\u3063\u3053\u3046\u304c\u3000\u3088\u304f\u306a\u308a\n\u304d\u3093\u306b\u304f\u306e\u3000\u3061\u304b\u3089\u3092\u3000\u3064\u3088\u304f\u3059\u308b\u306e\u3060\u3002\n\u305f\u3060\u3057\u3000\u3042\u305f\u307e\u306e\u3000\u304b\u3044\u3066\u3093\u306f\u3000\u304a\u305d\u304f\u306a\u308b\u305e\u3002",
      "language": {
        "name": "ja-Hrkt",
        "url": "https://pokeapi.co/api/v2/language/1/"
      },
      "version": {
        "name": "alpha-sapphire",
        "url": "https://pokeapi.co/api/v2/version/26/"
      }
    },
    {
      "flavor_text": "\uaca9\ub82c\ud558\uac8c \ud654\ub97c \ub0b4\uba74 \ud608\uc561\uc21c\ud658\uc774\n\uc88b\uc544\uc838 \uadfc\uc721\uc758 \ud798\uc744 \uac15\ud558\uac8c \ub9cc\ub4e0\ub2e4.\n\ub2e8 \uba38\ub9ac \ud68c\uc804\uc740 \ub290\ub824\uc9c4\ub2e4.",
      "language": {
        "name": "ko",
        "url": "https://pokeapi.co/api/v2/language/3/"
      },
      "version": {
        "name": "alpha-sapphire",
        "url": "https://pokeapi.co/api/v2/version/26/"
      }
    },
    {
      "flavor_text": "Lorsque Colossinge devient furieux, sa circulation sanguine\ns\u2019acc\u00e9l\u00e8re. Du coup, ses muscles sont encore plus puissants.\nEn revanche, il devient bien moins intelligent.",
      "language": {
        "name": "fr",
        "url": "https://pokeapi.co/api/v2/language/5/"
      },
      "version": {
        "name": "alpha-sapphire",
        "url": "https://pokeapi.co/api/v2/version/26/"
      }
    },
    {
      "flavor_text": "Wenn Rasaff w\u00fctend ist, wird seine Blutzirkulation gesteigert\nund seine Muskeln werden noch st\u00e4rker. Allerdings sinkt dabei\nauch die F\u00e4higkeit logischen Denkens.",
      "language": {
        "name": "de",
        "url": "https://pokeapi.co/api/v2/language/6/"
      },
      "version": {
        "name": "alpha-sapphire",
        "url": "https://pokeapi.co/api/v2/version/26/"
      }
    },
    {
      "flavor_text": "Cuando Primeape se enfada, se le acelera el ritmo card\u00edaco\ny se le fortalecen los m\u00fasculos. Con todo, pierde en\ninteligencia.",
      "language": {
        "name": "es",
        "url": "https://pokeapi.co/api/v2/language/7/"
      },
      "version": {
        "name": "alpha-sapphire",
        "url": "https://pokeapi.co/api/v2/version/26/"
      }
    },
    {
      "flavor_text": "Quando Primeape s\u2019infuria, la circolazione sanguigna\nsi fa intensa, irrobustendo i suoi muscoli. Allo stesso\ntempo, tuttavia, perde anche la sua lucidit\u00e0 e intelligenza.",
      "language": {
        "name": "it",
        "url": "https://pokeapi.co/api/v2/language/8/"
      },
      "version": {
        "name": "alpha-sapphire",
        "url": "https://pokeapi.co/api/v2/version/26/"
      }
    },
    {
      "flavor_text": "When Primeape becomes furious, its blood circulation\nis boosted. In turn, its muscles are made even stronger.\nHowever, it also becomes much less intelligent at the\nsame time.",
      "language": {
        "name": "en",
        "url": "https://pokeapi.co/api/v2/language/9/"
      },
      "version": {
        "name": "alpha-sapphire",
        "url": "https://pokeapi.co/api/v2/version/26/"
      }
    },
    {
      "flavor_text": "\u6fc0\u3057\u304f\u3000\u6012\u308b\u3000\u3053\u3068\u3067\u3000\u8840\u884c\u304c\u3000\u826f\u304f\u306a\u308a\n\u7b4b\u8089\u306e\u3000\u529b\u3092\u3000\u5f37\u304f\u3059\u308b\u306e\u3060\u3002\n\u305f\u3060\u3057\u3000\u982d\u306e\u3000\u56de\u8ee2\u306f\u3000\u9045\u304f\u306a\u308b\u305e\u3002",
      "language": {
        "name": "ja",
        "url": "https://pokeapi.co/api/v2/language/11/"
      },
      "version": {
        "name": "alpha-sapphire",
        "url": "https://pokeapi.co/api/v2/version/26/"
      }
    },
    {
      "flavor_text": "\u3042\u307e\u308a\u306b\u3000\u304a\u3053\u308a\u3059\u304e\u3066\u3000\u305d\u306e\u307e\u307e\n\u3057\u3093\u3067\u3057\u307e\u3046\u3053\u3068\u304c\u3000\u3042\u308b\u307b\u3069\u3060\u304c\n\u305d\u306e\u3057\u306b\u304c\u304a\u306f\u3000\u3068\u3066\u3082\u3000\u3084\u3059\u3089\u304b\u3002",
      "language": {
        "name": "ja-Hrkt",
        "url": "https://pokeapi.co/api/v2/language/1/"
      },
      "version": {
        "name": "sun",
        "url": "https://pokeapi.co/api/v2/version/27/"
      }
    },
    {
      "flavor_text": "\ub108\ubb34 \ud654\ub97c \ub0b4\uc11c \uadf8\ub300\ub85c\n\uc0ac\ub9dd\ud558\ub294 \uacbd\uc6b0\uac00 \uc788\uc744 \uc815\ub3c4\uc9c0\ub9cc\n\uc8fd\uc740 \ud6c4\uc758 \uc5bc\uad74\uc740 \ub9e4\uc6b0 \ud3c9\uc628\ud558\ub2e4.",
      "language": {
        "name": "ko",
        "url": "https://pokeapi.co/api/v2/language/3/"
      },
      "version": {
        "name": "sun",
        "url": "https://pokeapi.co/api/v2/version/27/"
      }
    },
    {
      "flavor_text": "\u56e0\u70ba\u592a\u904e\u751f\u6c23\u800c\u5c31\u9019\u6a23\u6b7b\u53bb\uff0c\n\u9019\u6a23\u7684\u4e8b\u4e5f\u662f\u6709\u7684\u3002\n\u4f46\u6b7b\u7684\u6642\u5019\u8868\u60c5\u5f88\u5b89\u8a73\u3002",
      "language": {
        "name": "zh-Hant",
        "url": "https://pokeapi.co/api/v2/language/4/"
      },
      "version": {
        "name": "sun",
        "url": "https://pokeapi.co/api/v2/version/27/"
      }
    },
    {
      "flavor_text": "Il arrive qu\u2019il s\u2019\u00e9nerve tellement qu\u2019il en meurt.\nSon visage, lorsqu\u2019il meurt ainsi, est empreint\nd\u2019une grande s\u00e9r\u00e9nit\u00e9.",
      "language": {
        "name": "fr",
        "url": "https://pokeapi.co/api/v2/language/5/"
      },
      "version": {
        "name": "sun",
        "url": "https://pokeapi.co/api/v2/version/27/"
      }
    },
    {
      "flavor_text": "Manchmal rastet es so aus, dass es auf der\nStelle tot umf\u00e4llt. Sein Gesichtsausdruck ist\ndanach jedoch \u00e4u\u00dferst friedlich.",
      "language": {
        "name": "de",
        "url": "https://pokeapi.co/api/v2/language/6/"
      },
      "version": {
        "name": "sun",
        "url": "https://pokeapi.co/api/v2/version/27/"
      }
    },
    {
      "flavor_text": "Se han conocido casos de Primeape que se han\nenfadado tanto que han llegado a fallecer. Aun\nas\u00ed, sus rostros expresaban sosiego.",
      "language": {
        "name": "es",
        "url": "https://pokeapi.co/api/v2/language/7/"
      },
      "version": {
        "name": "sun",
        "url": "https://pokeapi.co/api/v2/version/27/"
      }
    },
    {
      "flavor_text": "A volte si arrabbia cos\u00ec tanto da morirne,\ne allora finalmente il suo volto diventa sereno.",
      "language": {
        "name": "it",
        "url": "https://pokeapi.co/api/v2/language/8/"
      },
      "version": {
        "name": "sun",
        "url": "https://pokeapi.co/api/v2/version/27/"
      }
    },
    {
      "flavor_text": "It has been known to become so angry that\nit dies as a result. Its face looks peaceful in\ndeath, however.",
      "language": {
        "name": "en",
        "url": "https://pokeapi.co/api/v2/language/9/"
      },
      "version": {
        "name": "sun",
        "url": "https://pokeapi.co/api/v2/version/27/"
      }
    },
    {
      "flavor_text": "\u3042\u307e\u308a\u306b\u3000\u6012\u308a\u3059\u304e\u3066\u3000\u305d\u306e\u307e\u307e\n\u6b7b\u3093\u3067\u3057\u307e\u3046\u3053\u3068\u304c\u3000\u3042\u308b\u307b\u3069\u3060\u304c\n\u305d\u306e\u6b7b\u306b\u9854\u306f\u3000\u3068\u3066\u3082\u3000\u5b89\u3089\u304b\u3002",
      "language": {
        "name": "ja",
        "url": "https://pokeapi.co/api/v2/language/11/"
      },
      "version": {
        "name": "sun",
        "url": "https://pokeapi.co/api/v2/version/27/"
      }
    },
    {
      "flavor_text": "\u56e0\u4e3a\u592a\u8fc7\u751f\u6c14\u4ee5\u81f4\u4e8e\u5c31\u8fd9\u4e48\u6b7b\u53bb\uff0c\n\u8fd9\u79cd\u4e8b\u4e5f\u662f\u6709\u7684\u3002\n\u4f46\u6b7b\u7684\u65f6\u5019\u8868\u60c5\u5f88\u5b89\u8be6\u3002",
      "language": {
        "name": "zh-Hans",
        "url": "https://pokeapi.co/api/v2/language/12/"
      },
      "version": {
        "name": "sun",
        "url": "https://pokeapi.co/api/v2/version/27/"
      }
    },
    {
      "flavor_text": "\u3042\u308b\u3051\u3093\u304d\u3085\u3046\u3057\u3083\u306e\u3000\u304c\u304f\u305b\u3064\u3067\u306f\n\u30e2\u30f3\u30b9\u30bf\u30fc\u30dc\u30fc\u30eb\u306e\u3000\u306a\u304b\u3067\u3082\n\u30aa\u30b3\u30ea\u30b6\u30eb\u306f\u3000\u304a\u3053\u3063\u3066\u3044\u308b\u3089\u3057\u3044\u3002",
      "language": {
        "name": "ja-Hrkt",
        "url": "https://pokeapi.co/api/v2/language/1/"
      },
      "version": {
        "name": "moon",
        "url": "https://pokeapi.co/api/v2/version/28/"
      }
    },
    {
      "flavor_text": "\uc5b4\ub290 \uc5f0\uad6c\uc790\uc758 \ud559\uc124\uc5d0 \uc758\ud558\uba74\n\ubaac\uc2a4\ud130\ubcfc \uc548\uc5d0\uc11c\ub3c4\n\uc131\uc6d0\uc22d\uc740 \ud654\ub098 \uc788\ub2e4\ub294 \ub4ef\ud558\ub2e4.",
      "language": {
        "name": "ko",
        "url": "https://pokeapi.co/api/v2/language/3/"
      },
      "version": {
        "name": "moon",
        "url": "https://pokeapi.co/api/v2/version/28/"
      }
    },
    {
      "flavor_text": "\u67d0\u4f4d\u7814\u7a76\u8005\u7684\u5b78\u8aaa\u4e2d\u63d0\u5230\uff0c\n\u5373\u4f7f\u5728\u7cbe\u9748\u7403\u88e1\uff0c\n\u706b\u7206\u7334\u597d\u50cf\u4e5f\u5728\u767c\u6012\u3002",
      "language": {
        "name": "zh-Hant",
        "url": "https://pokeapi.co/api/v2/language/4/"
      },
      "version": {
        "name": "moon",
        "url": "https://pokeapi.co/api/v2/version/28/"
      }
    },
    {
      "flavor_text": "D\u2019apr\u00e8s les recherches d\u2019un certain scientifique,\nles Colossinge continuent de bouillonner de\nfureur m\u00eame \u00e0 l\u2019int\u00e9rieur d\u2019une Pok\u00e9 Ball.",
      "language": {
        "name": "fr",
        "url": "https://pokeapi.co/api/v2/language/5/"
      },
      "version": {
        "name": "moon",
        "url": "https://pokeapi.co/api/v2/version/28/"
      }
    },
    {
      "flavor_text": "Der Theorie eines Forschers zufolge sch\u00e4umt\nRasaff sogar im Inneren von Pok\u00e9b\u00e4llen weiter\nvor Wut.",
      "language": {
        "name": "de",
        "url": "https://pokeapi.co/api/v2/language/6/"
      },
      "version": {
        "name": "moon",
        "url": "https://pokeapi.co/api/v2/version/28/"
      }
    },
    {
      "flavor_text": "Seg\u00fan muestran los estudios de un investigador\nPok\u00e9mon, Primeape sigue enfadado incluso\ndentro de la Pok\u00e9 Ball.",
      "language": {
        "name": "es",
        "url": "https://pokeapi.co/api/v2/language/7/"
      },
      "version": {
        "name": "moon",
        "url": "https://pokeapi.co/api/v2/version/28/"
      }
    },
    {
      "flavor_text": "Secondo le teorie di un certo studioso,\nPrimeape \u00e8 arrabbiato anche quando\nsi trova dentro la Pok\u00e9 Ball.",
      "language": {
        "name": "it",
        "url": "https://pokeapi.co/api/v2/language/8/"
      },
      "version": {
        "name": "moon",
        "url": "https://pokeapi.co/api/v2/version/28/"
      }
    },
    {
      "flavor_text": "Some researchers theorize that Primeape\nremains angry even when inside a Pok\u00e9 Ball.",
      "language": {
        "name": "en",
        "url": "https://pokeapi.co/api/v2/language/9/"
      },
      "version": {
        "name": "moon",
        "url": "https://pokeapi.co/api/v2/version/28/"
      }
    },
    {
      "flavor_text": "\u3042\u308b\u7814\u7a76\u8005\u306e\u3000\u5b66\u8aac\u3067\u306f\n\u30e2\u30f3\u30b9\u30bf\u30fc\u30dc\u30fc\u30eb\u306e\u3000\u4e2d\u3067\u3082\n\u30aa\u30b3\u30ea\u30b6\u30eb\u306f\u3000\u6012\u3063\u3066\u3044\u308b\u3089\u3057\u3044\u3002",
      "language": {
        "name": "ja",
        "url": "https://pokeapi.co/api/v2/language/11/"
      },
      "version": {
        "name": "moon",
        "url": "https://pokeapi.co/api/v2/version/28/"
      }
    },
    {
      "flavor_text": "\u6839\u636e\u67d0\u4f4d\u7814\u7a76\u8005\u7684\u8bba\u6587\uff0c\n\u5373\u4f7f\u5728\u7cbe\u7075\u7403\u91cc\uff0c\n\u706b\u66b4\u7334\u597d\u50cf\u4e5f\u5728\u53d1\u6012\u3002",
      "language": {
        "name": "zh-Hans",
        "url": "https://pokeapi.co/api/v2/language/12/"
      },
      "version": {
        "name": "moon",
        "url": "https://pokeapi.co/api/v2/version/28/"
      }
    },
    {
      "flavor_text": "\u304a\u3053\u3089\u305b\u305f\u3000\u3042\u3044\u3066\u3092\u3000\u3086\u308b\u3055\u305a\n\u304a\u3044\u3064\u3065\u3051\u308b\u3002\u3000\u305f\u305f\u304d\u306e\u3081\u3057\u3066\n\u3046\u3054\u304b\u306a\u304f\u306a\u3063\u3066\u3082\u3000\u307e\u3060\u3000\u3086\u308b\u3055\u306a\u3044\u3002",
      "language": {
        "name": "ja-Hrkt",
        "url": "https://pokeapi.co/api/v2/language/1/"
      },
      "version": {
        "name": "ultra-sun",
        "url": "https://pokeapi.co/api/v2/version/29/"
      }
    },
    {
      "flavor_text": "\ud654\ub098\uac8c \ud55c \uc0c1\ub300\ub97c \uc6a9\uc11c\ud558\uc9c0 \uc54a\uace0\n\uacc4\uc18d \ucad3\uc544\ub2e4\ub2cc\ub2e4. \ub54c\ub824\ub215\ud600\n\uc6c0\uc9c1\uc77c \uc218 \uc5c6\uac8c \ub3fc\ub3c4 \uc6a9\uc11c\ud558\uc9c0 \uc54a\ub294\ub2e4.",
      "language": {
        "name": "ko",
        "url": "https://pokeapi.co/api/v2/language/3/"
      },
      "version": {
        "name": "ultra-sun",
        "url": "https://pokeapi.co/api/v2/version/29/"
      }
    },
    {
      "flavor_text": "\u4e0d\u6703\u539f\u8ad2\u6fc0\u6012\u81ea\u5df1\u7684\u5c0d\u624b\uff0c\n\u6703\u4e0d\u65b7\u8ffd\u64ca\uff0c\u5c31\u7b97\u628a\u5c0d\u65b9\u63cd\u5230\n\u7121\u6cd5\u52d5\u5f48\u4e5f\u4e0d\u6703\u539f\u8ad2\u5c0d\u65b9\u3002",
      "language": {
        "name": "zh-Hant",
        "url": "https://pokeapi.co/api/v2/language/4/"
      },
      "version": {
        "name": "ultra-sun",
        "url": "https://pokeapi.co/api/v2/version/29/"
      }
    },
    {
      "flavor_text": "Il ne pardonne rien et poursuit sans rel\u00e2che\nceux qui l\u2019ont courrouc\u00e9. M\u00eame les assommer\nne suffira pas \u00e0 apaiser sa rancune.",
      "language": {
        "name": "fr",
        "url": "https://pokeapi.co/api/v2/language/5/"
      },
      "version": {
        "name": "ultra-sun",
        "url": "https://pokeapi.co/api/v2/version/29/"
      }
    },
    {
      "flavor_text": "Wer es nervt, wird auf ewig verfolgt. Selbst\nnachdem es seinen Gegner zu Boden gebracht\nhat, kann es ihm noch nicht verzeihen.",
      "language": {
        "name": "de",
        "url": "https://pokeapi.co/api/v2/language/6/"
      },
      "version": {
        "name": "ultra-sun",
        "url": "https://pokeapi.co/api/v2/version/29/"
      }
    },
    {
      "flavor_text": "Si se enfada, perseguir\u00e1 sin descanso al objeto\nde su enojo. Aun habi\u00e9ndolo golpeado hasta la\nextenuaci\u00f3n, seguir\u00e1 guard\u00e1ndole rencor.",
      "language": {
        "name": "es",
        "url": "https://pokeapi.co/api/v2/language/7/"
      },
      "version": {
        "name": "ultra-sun",
        "url": "https://pokeapi.co/api/v2/version/29/"
      }
    },
    {
      "flavor_text": "Insegue chi lo fa arrabbiare senza dargli tregua\ne non lo perdona neanche dopo averlo ridotto\nall\u2019immobilit\u00e0 a furia di percosse.",
      "language": {
        "name": "it",
        "url": "https://pokeapi.co/api/v2/language/8/"
      },
      "version": {
        "name": "ultra-sun",
        "url": "https://pokeapi.co/api/v2/version/29/"
      }
    },
    {
      "flavor_text": "It will never forgive opponents who have\nangered it. Even after it has beaten them down\nuntil they can\u2019t move, it never ever forgives.",
      "language": {
        "name": "en",
        "url": "https://pokeapi.co/api/v2/language/9/"
      },
      "version": {
        "name": "ultra-sun",
        "url": "https://pokeapi.co/api/v2/version/29/"
      }
    },
    {
      "flavor_text": "\u6012\u3089\u305b\u305f\u3000\u76f8\u624b\u3092\u3000\u8a31\u3055\u305a\n\u8ffd\u3044\u7d9a\u3051\u308b\u3002\u3000\u53e9\u304d\u306e\u3081\u3057\u3066\n\u52d5\u304b\u306a\u304f\u306a\u3063\u3066\u3082\u3000\u307e\u3060\u3000\u8a31\u3055\u306a\u3044\u3002",
      "language": {
        "name": "ja",
        "url": "https://pokeapi.co/api/v2/language/11/"
      },
      "version": {
        "name": "ultra-sun",
        "url": "https://pokeapi.co/api/v2/version/29/"
      }
    },
    {
      "flavor_text": "\u5b83\u4e0d\u4f1a\u539f\u8c05\u6fc0\u6012\u5b83\u7684\u4eba\u6216\u5b9d\u53ef\u68a6\uff0c\n\u4f1a\u6301\u7eed\u5730\u8ffd\u51fb\u5bf9\u65b9\u3002\u5c31\u7b97\u628a\u5bf9\u65b9\u63cd\u5f97\n\u65e0\u6cd5\u52a8\u5f39\u4e5f\u4f9d\u7136\u4e0d\u4f1a\u539f\u8c05\u5bf9\u65b9\u3002",
      "language": {
        "name": "zh-Hans",
        "url": "https://pokeapi.co/api/v2/language/12/"
      },
      "version": {
        "name": "ultra-sun",
        "url": "https://pokeapi.co/api/v2/version/29/"
      }
    },
    {
      "flavor_text": "\u307b\u304b\u306e\u3000\u30dd\u30b1\u30e2\u30f3\u3088\u308a\u3082\u3000\u306e\u3046\u306a\u3044\u306e\n\u3051\u3063\u304b\u3093\u304c\u3000\u3058\u3087\u3046\u3076\u306a\u306e\u3067\u3000\u304a\u3053\u308a\n\u3064\u3065\u3051\u3066\u3082\u3000\u3052\u3093\u304d\u3067\u3000\u3044\u3089\u308c\u308b\u306e\u3060\u3002",
      "language": {
        "name": "ja-Hrkt",
        "url": "https://pokeapi.co/api/v2/language/1/"
      },
      "version": {
        "name": "ultra-moon",
        "url": "https://pokeapi.co/api/v2/version/30/"
      }
    },
    {
      "flavor_text": "\ub2e4\ub978 \ud3ec\ucf13\ubaac\ub4e4\ubcf4\ub2e4\ub3c4\n\ub1cc\uc758 \ud608\uad00\uc774 \ud2bc\ud2bc\ud574\uc11c \uacc4\uc18d\n\ud654\ub97c \ub0b4\ub3c4 \uac74\uac15\uc744 \uc720\uc9c0\ud55c\ub2e4.",
      "language": {
        "name": "ko",
        "url": "https://pokeapi.co/api/v2/language/3/"
      },
      "version": {
        "name": "ultra-moon",
        "url": "https://pokeapi.co/api/v2/version/30/"
      }
    },
    {
      "flavor_text": "\u548c\u5176\u4ed6\u7684\u5bf6\u53ef\u5922\u6bd4\u8d77\u4f86\uff0c\n\u7260\u7684\u8166\u8840\u7ba1\u7279\u5225\u7d50\u5be6\uff0c\n\u5c31\u7b97\u4e00\u76f4\u767c\u6012\u4e5f\u80fd\u6d3b\u5f97\u597d\u597d\u7684\u3002",
      "language": {
        "name": "zh-Hant",
        "url": "https://pokeapi.co/api/v2/language/4/"
      },
      "version": {
        "name": "ultra-moon",
        "url": "https://pokeapi.co/api/v2/version/30/"
      }
    },
    {
      "flavor_text": "Les vaisseaux sanguins de son cerveau \u00e9tant\nplus r\u00e9sistants que ceux d\u2019autres Pok\u00e9mon,\nil peut rester en \u00e9tat de col\u00e8re perp\u00e9tuelle.",
      "language": {
        "name": "fr",
        "url": "https://pokeapi.co/api/v2/language/5/"
      },
      "version": {
        "name": "ultra-moon",
        "url": "https://pokeapi.co/api/v2/version/30/"
      }
    },
    {
      "flavor_text": "Da es robustere Hirnblutgef\u00e4\u00dfe als andere\nPok\u00e9mon hat, wirkt sich selbst kontinuierlicher\nZorn nicht sch\u00e4dlich auf seine Gesundheit aus.",
      "language": {
        "name": "de",
        "url": "https://pokeapi.co/api/v2/language/6/"
      },
      "version": {
        "name": "ultra-moon",
        "url": "https://pokeapi.co/api/v2/version/30/"
      }
    },
    {
      "flavor_text": "Los vasos sangu\u00edneos de su cerebro son m\u00e1s\nfuertes que los de otros Pok\u00e9mon, por lo que\npuede vivir en c\u00f3lera perpetua sin problemas.",
      "language": {
        "name": "es",
        "url": "https://pokeapi.co/api/v2/language/7/"
      },
      "version": {
        "name": "ultra-moon",
        "url": "https://pokeapi.co/api/v2/version/30/"
      }
    },
    {
      "flavor_text": "I vasi sanguigni del suo cervello sono pi\u00f9 robusti\ndi quelli degli altri Pok\u00e9mon e sono in grado di\nresistere al suo stato di collera perpetua.",
      "language": {
        "name": "it",
        "url": "https://pokeapi.co/api/v2/language/8/"
      },
      "version": {
        "name": "ultra-moon",
        "url": "https://pokeapi.co/api/v2/version/30/"
      }
    },
    {
      "flavor_text": "The blood vessels in its brain are sturdier than\nthose of other Pok\u00e9mon, so it can stay healthy\ndespite its constant raging.",
      "language": {
        "name": "en",
        "url": "https://pokeapi.co/api/v2/language/9/"
      },
      "version": {
        "name": "ultra-moon",
        "url": "https://pokeapi.co/api/v2/version/30/"
      }
    },
    {
      "flavor_text": "\u4ed6\u306e\u3000\u30dd\u30b1\u30e2\u30f3\u3088\u308a\u3082\u3000\u8133\u5185\u306e\n\u8840\u7ba1\u304c\u3000\u4e08\u592b\u306a\u306e\u3067\u3000\u6012\u308a\n\u7d9a\u3051\u3066\u3082\u3000\u5143\u6c17\u3067\u3000\u3044\u3089\u308c\u308b\u306e\u3060\u3002",
      "language": {
        "name": "ja",
        "url": "https://pokeapi.co/api/v2/language/11/"
      },
      "version": {
        "name": "ultra-moon",
        "url": "https://pokeapi.co/api/v2/version/30/"
      }
    },
    {
      "flavor_text": "\u6bd4\u8d77\u5176\u4ed6\u5b9d\u53ef\u68a6\uff0c\n\u5b83\u7684\u8111\u8840\u7ba1\u66f4\u52a0\u575a\u56fa\uff0c\n\u5c31\u7b97\u6301\u7eed\u53d1\u6012\u4e5f\u80fd\u7cbe\u529b\u5145\u6c9b\u3002",
      "language": {
        "name": "zh-Hans",
        "url": "https://pokeapi.co/api/v2/language/12/"
      },
      "version": {
        "name": "ultra-moon",
        "url": "https://pokeapi.co/api/v2/version/30/"
      }
    },
    {
      "flavor_text": "\u307e\u308f\u308a\u306b\u3000\u3060\u308c\u3082\u3000\u3044\u306a\u3044\u3068\u304d\u3060\u3051\u306f\n\u304a\u3053\u308b\u306e\u3092\u3000\u3084\u3081\u3066\u3044\u308b\u3002\u3057\u304b\u3057\n\u305d\u308c\u3092\u307f\u308b\u306e\u306f\u3000\u3080\u305a\u304b\u3057\u3044\u3002",
      "language": {
        "name": "ja-Hrkt",
        "url": "https://pokeapi.co/api/v2/language/1/"
      },
      "version": {
        "name": "lets-go-pikachu",
        "url": "https://pokeapi.co/api/v2/version/31/"
      }
    },
    {
      "flavor_text": "\uc8fc\uc704\uc5d0 \uc544\ubb34\ub3c4 \uc5c6\uc744 \ub54c\ub9cc\uc740\n\ud654\ub97c \ub0b4\uc9c0 \uc54a\uace0 \uc788\ub2e4. \uadf8\ub7ec\ub098\n\uadf8 \ubaa8\uc2b5\uc744 \ubcf4\uae30\uac00 \uc5b4\ub835\ub2e4.",
      "language": {
        "name": "ko",
        "url": "https://pokeapi.co/api/v2/language/3/"
      },
      "version": {
        "name": "lets-go-pikachu",
        "url": "https://pokeapi.co/api/v2/version/31/"
      }
    },
    {
      "flavor_text": "\u53ea\u6709\u7576\u8ab0\u90fd\u4e0d\u5728\u8eab\u908a\u7684\u6642\u5019\n\u624d\u6703\u505c\u6b62\u751f\u6c23\u3002\u7136\u800c\u8981\u770b\u5230\u7260\n\u4e0d\u751f\u6c23\u7684\u6a23\u5b50\u662f\u5f88\u56f0\u96e3\u7684\u3002",
      "language": {
        "name": "zh-Hant",
        "url": "https://pokeapi.co/api/v2/language/4/"
      },
      "version": {
        "name": "lets-go-pikachu",
        "url": "https://pokeapi.co/api/v2/version/31/"
      }
    },
    {
      "flavor_text": "Sa fureur prend fin quand il n\u2019a plus personne\n\u00e0 frapper. Il est difficile d\u2019en \u00eatre t\u00e9moin.",
      "language": {
        "name": "fr",
        "url": "https://pokeapi.co/api/v2/language/5/"
      },
      "version": {
        "name": "lets-go-pikachu",
        "url": "https://pokeapi.co/api/v2/version/31/"
      }
    },
    {
      "flavor_text": "Es h\u00f6rt lediglich dann auf zu toben, wenn\nniemand in der N\u00e4he ist. Diesen Anblick zu\nGesicht zu bekommen, ist daher nicht einfach.",
      "language": {
        "name": "de",
        "url": "https://pokeapi.co/api/v2/language/6/"
      },
      "version": {
        "name": "lets-go-pikachu",
        "url": "https://pokeapi.co/api/v2/version/31/"
      }
    },
    {
      "flavor_text": "Solo se calma cuando no hay nadie cerca,\npor lo que llegar a ver ese momento resulta\nverdaderamente dif\u00edcil.",
      "language": {
        "name": "es",
        "url": "https://pokeapi.co/api/v2/language/7/"
      },
      "version": {
        "name": "lets-go-pikachu",
        "url": "https://pokeapi.co/api/v2/version/31/"
      }
    },
    {
      "flavor_text": "\u00c8 molto difficile vedere questo Pok\u00e9mon calmo,\ndato che la sua furia si placa solamente\nquando si trova nella solitudine pi\u00f9 assoluta.",
      "language": {
        "name": "it",
        "url": "https://pokeapi.co/api/v2/language/8/"
      },
      "version": {
        "name": "lets-go-pikachu",
        "url": "https://pokeapi.co/api/v2/version/31/"
      }
    },
    {
      "flavor_text": "It stops being angry only when nobody else\nis around. To view this moment is very difficult.",
      "language": {
        "name": "en",
        "url": "https://pokeapi.co/api/v2/language/9/"
      },
      "version": {
        "name": "lets-go-pikachu",
        "url": "https://pokeapi.co/api/v2/version/31/"
      }
    },
    {
      "flavor_text": "\u307e\u308f\u308a\u306b\u3000\u8ab0\u3082\u3000\u3044\u306a\u3044\u3068\u304d\u3060\u3051\u306f\n\u6012\u308b\u306e\u3092\u3000\u3084\u3081\u3066\u3044\u308b\u3002\u3057\u304b\u3057\n\u305d\u308c\u3092\u898b\u308b\u306e\u306f\u3000\u96e3\u3057\u3044\u3002",
      "language": {
        "name": "ja",
        "url": "https://pokeapi.co/api/v2/language/11/"
      },
      "version": {
        "name": "lets-go-pikachu",
        "url": "https://pokeapi.co/api/v2/version/31/"
      }
    },
    {
      "flavor_text": "\u53ea\u6709\u5728\u8c01\u90fd\u4e0d\u5728\u8eab\u8fb9\u7684\n\u65f6\u5019\u624d\u4e0d\u751f\u6c14\uff0c\u4f46\u51e0\u4e4e\n\u6ca1\u6709\u4eba\u76ee\u51fb\u8fc7\u8fd9\u79cd\u60c5\u51b5\u3002",
      "language": {
        "name": "zh-Hans",
        "url": "https://pokeapi.co/api/v2/language/12/"
      },
      "version": {
        "name": "lets-go-pikachu",
        "url": "https://pokeapi.co/api/v2/version/31/"
      }
    },
    {
      "flavor_text": "\u307e\u308f\u308a\u306b\u3000\u3060\u308c\u3082\u3000\u3044\u306a\u3044\u3068\u304d\u3060\u3051\u306f\n\u304a\u3053\u308b\u306e\u3092\u3000\u3084\u3081\u3066\u3044\u308b\u3002\u3057\u304b\u3057\n\u305d\u308c\u3092\u307f\u308b\u306e\u306f\u3000\u3080\u305a\u304b\u3057\u3044\u3002",
      "language": {
        "name": "ja-Hrkt",
        "url": "https://pokeapi.co/api/v2/language/1/"
      },
      "version": {
        "name": "lets-go-eevee",
        "url": "https://pokeapi.co/api/v2/version/32/"
      }
    },
    {
      "flavor_text": "\uc8fc\uc704\uc5d0 \uc544\ubb34\ub3c4 \uc5c6\uc744 \ub54c\ub9cc\uc740\n\ud654\ub97c \ub0b4\uc9c0 \uc54a\uace0 \uc788\ub2e4. \uadf8\ub7ec\ub098\n\uadf8 \ubaa8\uc2b5\uc744 \ubcf4\uae30\uac00 \uc5b4\ub835\ub2e4.",
      "language": {
        "name": "ko",
        "url": "https://pokeapi.co/api/v2/language/3/"
      },
      "version": {
        "name": "lets-go-eevee",
        "url": "https://pokeapi.co/api/v2/version/32/"
      }
    },
    {
      "flavor_text": "\u53ea\u6709\u7576\u8ab0\u90fd\u4e0d\u5728\u8eab\u908a\u7684\u6642\u5019\n\u624d\u6703\u505c\u6b62\u751f\u6c23\u3002\u7136\u800c\u8981\u770b\u5230\u7260\n\u4e0d\u751f\u6c23\u7684\u6a23\u5b50\u662f\u5f88\u56f0\u96e3\u7684\u3002",
      "language": {
        "name": "zh-Hant",
        "url": "https://pokeapi.co/api/v2/language/4/"
      },
      "version": {
        "name": "lets-go-eevee",
        "url": "https://pokeapi.co/api/v2/version/32/"
      }
    },
    {
      "flavor_text": "Sa fureur prend fin quand il n\u2019a plus personne\n\u00e0 frapper. Il est difficile d\u2019en \u00eatre t\u00e9moin.",
      "language": {
        "name": "fr",
        "url": "https://pokeapi.co/api/v2/language/5/"
      },
      "version": {
        "name": "lets-go-eevee",
        "url": "https://pokeapi.co/api/v2/version/32/"
      }
    },
    {
      "flavor_text": "Es h\u00f6rt lediglich dann auf zu toben, wenn\nniemand in der N\u00e4he ist. Diesen Anblick zu\nGesicht zu bekommen, ist daher nicht einfach.",
      "language": {
        "name": "de",
        "url": "https://pokeapi.co/api/v2/language/6/"
      },
      "version": {
        "name": "lets-go-eevee",
        "url": "https://pokeapi.co/api/v2/version/32/"
      }
    },
    {
      "flavor_text": "Solo se calma cuando no hay nadie cerca,\npor lo que llegar a ver ese momento resulta\nverdaderamente dif\u00edcil.",
      "language": {
        "name": "es",
        "url": "https://pokeapi.co/api/v2/language/7/"
      },
      "version": {
        "name": "lets-go-eevee",
        "url": "https://pokeapi.co/api/v2/version/32/"
      }
    },
    {
      "flavor_text": "\u00c8 molto difficile vedere questo Pok\u00e9mon calmo,\ndato che la sua furia si placa solamente\nquando si trova nella solitudine pi\u00f9 assoluta.",
      "language": {
        "name": "it",
        "url": "https://pokeapi.co/api/v2/language/8/"
      },
      "version": {
        "name": "lets-go-eevee",
        "url": "https://pokeapi.co/api/v2/version/32/"
      }
    },
    {
      "flavor_text": "It stops being angry only when nobody else\nis around. To view this moment is very difficult.",
      "language": {
        "name": "en",
        "url": "https://pokeapi.co/api/v2/language/9/"
      },
      "version": {
        "name": "lets-go-eevee",
        "url": "https://pokeapi.co/api/v2/version/32/"
      }
    },
    {
      "flavor_text": "\u307e\u308f\u308a\u306b\u3000\u8ab0\u3082\u3000\u3044\u306a\u3044\u3068\u304d\u3060\u3051\u306f\n\u6012\u308b\u306e\u3092\u3000\u3084\u3081\u3066\u3044\u308b\u3002\u3057\u304b\u3057\n\u305d\u308c\u3092\u898b\u308b\u306e\u306f\u3000\u96e3\u3057\u3044\u3002",
      "language": {
        "name": "ja",
        "url": "https://pokeapi.co/api/v2/language/11/"
      },
      "version": {
        "name": "lets-go-eevee",
        "url": "https://pokeapi.co/api/v2/version/32/"
      }
    },
    {
      "flavor_text": "\u53ea\u6709\u5728\u8c01\u90fd\u4e0d\u5728\u8eab\u8fb9\u7684\n\u65f6\u5019\u624d\u4e0d\u751f\u6c14\uff0c\u4f46\u51e0\u4e4e\n\u6ca1\u6709\u4eba\u76ee\u51fb\u8fc7\u8fd9\u79cd\u60c5\u51b5\u3002",
      "language": {
        "name": "zh-Hans",
        "url": "https://pokeapi.co/api/v2/language/12/"
      },
      "version": {
        "name": "lets-go-eevee",
        "url": "https://pokeapi.co/api/v2/version/32/"
      }
    }
  ],
  "form_descriptions": [],
  "forms_switchable": false,
  "gender_rate": 4,
  "genera": [
    {
      "genus": "\u3076\u305f\u3056\u308b\u30dd\u30b1\u30e2\u30f3",
      "language": {
        "name": "ja-Hrkt",
        "url": "https://pokeapi.co/api/v2/language/1/"
      }
    },
    {
      "genus": "\ub3c8\uc22d\uc774\ud3ec\ucf13\ubaac",
      "language": {
        "name": "ko",
        "url": "https://pokeapi.co/api/v2/language/3/"
      }
    },
    {
      "genus": "\u8c6c\u7334\u5bf6\u53ef\u5922",
      "language": {
        "name": "zh-Hant",
        "url": "https://pokeapi.co/api/v2/language/4/"
      }
    },
    {
      "genus": "Pok\u00e9mon Porsinge",
      "language": {
        "name": "fr",
        "url": "https://pokeapi.co/api/v2/language/5/"
      }
    },
    {
      "genus": "Schwein/Affe",
      "language": {
        "name": "de",
        "url": "https://pokeapi.co/api/v2/language/6/"
      }
    },
    {
      "genus": "Pok\u00e9mon Mono Cerdo",
      "language": {
        "name": "es",
        "url": "https://pokeapi.co/api/v2/language/7/"
      }
    },
    {
      "genus": "Pok\u00e9mon Suinpanz\u00e9",
      "language": {
        "name": "it",
        "url": "https://pokeapi.co/api/v2/language/8/"
      }
    },
    {
      "genus": "Pig Monkey Pok\u00e9mon",
      "language": {
        "name": "en",
        "url": "https://pokeapi.co/api/v2/language/9/"
      }
    },
    {
      "genus": "\u3076\u305f\u3056\u308b\u30dd\u30b1\u30e2\u30f3",
      "language": {
        "name": "ja",
        "url": "https://pokeapi.co/api/v2/language/11/"
      }
    },
    {
      "genus": "\u732a\u7334\u5b9d\u53ef\u68a6",
      "language": {
        "name": "zh-Hans",
        "url": "https://pokeapi.co/api/v2/language/12/"
      }
    }
  ],
  "generation": {
    "name": "generation-i",
    "url": "https://pokeapi.co/api/v2/generation/1/"
  },
  "growth_rate": {
    "name": "medium",
    "url": "https://pokeapi.co/api/v2/growth-rate/2/"
  },
  "habitat": {
    "name": "mountain",
    "url": "https://pokeapi.co/api/v2/pokemon-habitat/4/"
  },
  "has_gender_differences": false,
  "hatch_counter": 20,
  "id": 57,
  "is_baby": false,
  "is_legendary": false,
  "is_mythical": false,
  "name": "primeape",
  "names": [
    {
      "language": {
        "name": "ja-Hrkt",
        "url": "https://pokeapi.co/api/v2/language/1/"
      },
      "name": "\u30aa\u30b3\u30ea\u30b6\u30eb"
    },
    {
      "language": {
        "name": "roomaji",
        "url": "https://pokeapi.co/api/v2/language/2/"
      },
      "name": "Okorizaru"
    },
    {
      "language": {
        "name": "ko",
        "url": "https://pokeapi.co/api/v2/language/3/"
      },
      "name": "\uc131\uc6d0\uc22d"
    },
    {
      "language": {
        "name": "zh-Hant",
        "url": "https://pokeapi.co/api/v2/language/4/"
      },
      "name": "\u706b\u7206\u7334"
    },
    {
      "language": {
        "name": "fr",
        "url": "https://pokeapi.co/api/v2/language/5/"
      },
      "name": "Colossinge"
    },
    {
      "language": {
        "name": "de",
        "url": "https://pokeapi.co/api/v2/language/6/"
      },
      "name": "Rasaff"
    },
    {
      "language": {
        "name": "es",
        "url": "https://pokeapi.co/api/v2/language/7/"
      },
      "name": "Primeape"
    },
    {
      "language": {
        "name": "it",
        "url": "https://pokeapi.co/api/v2/language/8/"
      },
      "name": "Primeape"
    },
    {
      "language": {
        "name": "en",
        "url": "https://pokeapi.co/api/v2/language/9/"
      },
      "name": "Primeape"
    },
    {
      "language": {
        "name": "ja",
        "url": "https://pokeapi.co/api/v2/language/11/"
      },
      "name": "\u30aa\u30b3\u30ea\u30b6\u30eb"
    },
    {
      "language": {
        "name": "zh-Hans",
        "url": "https://pokeapi.co/api/v2/language/12/"
      },
      "name": "\u706b\u66b4\u7334"
    }
  ],
  "order": 62,
  "pal_park_encounters": [
    {
      "area": {
        "name": "mountain",
        "url": "https://pokeapi.co/api/v2/pal-park-area/3/"
      },
      "base_score": 70,
      "rate": 20
    }
  ],
  "pokedex_numbers": [
    {
      "entry_number": 57,
      "pokedex": {
        "name": "national",
        "url": "https://pokeapi.co/api/v2/pokedex/1/"
      }
    },
    {
      "entry_number": 57,
      "pokedex": {
        "name": "kanto",
        "url": "https://pokeapi.co/api/v2/pokedex/2/"
      }
    },
    {
      "entry_number": 135,
      "pokedex": {
        "name": "original-johto",
        "url": "https://pokeapi.co/api/v2/pokedex/3/"
      }
    },
    {
      "entry_number": 137,
      "pokedex": {
        "name": "updated-johto",
        "url": "https://pokeapi.co/api/v2/pokedex/7/"
      }
    },
    {
      "entry_number": 80,
      "pokedex": {
        "name": "original-alola",
        "url": "https://pokeapi.co/api/v2/pokedex/16/"
      }
    },
    {
      "entry_number": 80,
      "pokedex": {
        "name": "original-melemele",
        "url": "https://pokeapi.co/api/v2/pokedex/17/"
      }
    },
    {
      "entry_number": 31,
      "pokedex": {
        "name": "original-poni",
        "url": "https://pokeapi.co/api/v2/pokedex/20/"
      }
    },
    {
      "entry_number": 94,
      "pokedex": {
        "name": "updated-alola",
        "url": "https://pokeapi.co/api/v2/pokedex/21/"
      }
    },
    {
      "entry_number": 94,
      "pokedex": {
        "name": "updated-melemele",
        "url": "https://pokeapi.co/api/v2/pokedex/22/"
      }
    },
    {
      "entry_number": 40,
      "pokedex": {
        "name": "updated-poni",
        "url": "https://pokeapi.co/api/v2/pokedex/25/"
      }
    },
    {
      "entry_number": 57,
      "pokedex": {
        "name": "letsgo-kanto",
        "url": "https://pokeapi.co/api/v2/pokedex/26/"
      }
    },
    {
      "entry_number": 159,
      "pokedex": {
        "name": "paldea",
        "url": "https://pokeapi.co/api/v2/pokedex/31/"
      }
    },
    {
      "entry_number": 100,
      "pokedex": {
        "name": "kitakami",
        "url": "https://pokeapi.co/api/v2/pokedex/32/"
      }
    },
    {
      "entry_number": 2,
      "pokedex": {
        "name": "hyperspace",
        "url": "https://pokeapi.co/api/v2/pokedex/35/"
      }
    }
  ],
  "shape": {
    "name": "upright",
    "url": "https://pokeapi.co/api/v2/pokemon-shape/6/"
  },
  "varieties": [
    {
      "is_default": true,
      "pokemon": {
        "name": "primeape",
        "url": "https://pokeapi.co/api/v2/pokemon/57/"
      }
    }
  ]
}