{"flavor_text_entries": [{"flavor_text": "Its hooves are 10\ntimes harder than\ndiamonds. It can\ftrample anything\ncompletely flat\nin little time.", "language": {"name": "en", "url": "https://pokeapi.co/api/v2/language/9/"}, "version": {"name": "red", "url": "https://pokeapi.co/api/v2/version/1/"}}, {"flavor_text": "Its hooves are 10\ntimes harder than\ndiamonds. It can\ftrample anything\ncompletely flat\nin little time.", "language": {"name": "en", "url": "https://pokeapi.co/api/v2/language/9/"}, "version": {"name": "blue", "url": "https://pokeapi.co/api/v2/version/2/"}}, {"flavor_text": "Capable of jumping\nincredibly high.\nIts hooves and\fsturdy legs absorb\nthe impact of a\nhard landing.", "language": {"name": "en", "url": "https://pokeapi.co/api/v2/language/9/"}, "version": {"name": "yellow", "url": "https://pokeapi.co/api/v2/version/3/"}}, {"flavor_text": "It is a weak run\u00ad\nner immediately\nafter birth. It\fgradually becomes\nfaster by chasing\nafter its parents.", "language": {"name": "en", "url": "https://pokeapi.co/api/v2/language/9/"}, "version": {"name": "gold", "url": "https://pokeapi.co/api/v2/version/4/"}}, {"flavor_text": "Its hind legs,\nwhich have hard\u00ad\ner-than-diamond\fhooves, kick back\nat any presence it\nsenses behind it.", "language": {"name": "en", "url": "https://pokeapi.co/api/v2/language/9/"}, "version": {"name": "silver", "url": "https://pokeapi.co/api/v2/version/5/"}}, {"flavor_text": "Training by\njumping over grass\nthat grows longer\fevery day has made\nit a world-class\njumper.", "language": {"name": "en", "url": "https://pokeapi.co/api/v2/language/9/"}, "version": {"name": "crystal", "url": "https://pokeapi.co/api/v2/version/6/"}}, {"flavor_text": "PONYTA is very weak at birth.\nIt can barely stand up.\nThis POK\u00e9MON becomes stronger by\fstumbling and falling to keep up with\nits parent.", "language": {"name": "en", "url": "https://pokeapi.co/api/v2/language/9/"}, "version": {"name": "ruby", "url": "https://pokeapi.co/api/v2/version/7/"}}, {"flavor_text": "PONYTA is very weak at birth.\nIt can barely stand up.\nThis POK\u00e9MON becomes stronger by\fstumbling and falling to keep up with\nits parent.", "language": {"name": "en", "url": "https://pokeapi.co/api/v2/language/9/"}, "version": {"name": "sapphire", "url": "https://pokeapi.co/api/v2/version/8/"}}, {"flavor_text": "A PONYTA is very weak at birth. It can\nbarely stand up. Its legs become stronger\nas it stumbles and falls while trying to\nkeep up with its parent.", "language": {"name": "en", "url": "https://pokeapi.co/api/v2/language/9/"}, "version": {"name": "emerald", "url": "https://pokeapi.co/api/v2/version/9/"}}, {"flavor_text": "Its body is light, and its legs are\nincredibly powerful. It can clear\nAyers Rock in one leap.", "language": {"name": "en", "url": "https://pokeapi.co/api/v2/language/9/"}, "version": {"name": "firered", "url": "https://pokeapi.co/api/v2/version/10/"}}, {"flavor_text": "Its hooves are ten times harder than\ndiamond. It can trample anything\ncompletely flat in little time.", "language": {"name": "en", "url": "https://pokeapi.co/api/v2/language/9/"}, "version": {"name": "leafgreen", "url": "https://pokeapi.co/api/v2/version/11/"}}, {"flavor_text": "About an hour after birth, its\nfiery mane and tail grow out,\ngiving it an impressive appearance.", "language": {"name": "en", "url": "https://pokeapi.co/api/v2/language/9/"}, "version": {"name": "diamond", "url": "https://pokeapi.co/api/v2/version/12/"}}, {"flavor_text": "Its legs grow strong while it\nchases after its parent. It runs\nin fields and mountains all day.", "language": {"name": "en", "url": "https://pokeapi.co/api/v2/language/9/"}, "version": {"name": "pearl", "url": "https://pokeapi.co/api/v2/version/13/"}}, {"flavor_text": "As a newborn, it can barely stand.\nHowever, through galloping, its\nlegs are made tougher and faster.", "language": {"name": "en", "url": "https://pokeapi.co/api/v2/language/9/"}, "version": {"name": "platinum", "url": "https://pokeapi.co/api/v2/version/14/"}}, {"flavor_text": "It is a weak runner immediately\nafter birth. It gradually becomes\nfaster by chasing after its parents.", "language": {"name": "en", "url": "https://pokeapi.co/api/v2/language/9/"}, "version": {"name": "heartgold", "url": "https://pokeapi.co/api/v2/version/15/"}}, {"flavor_text": "Its hind legs, which have hooves that\nare harder than diamond, kick back\nat any presence it senses behind it.", "language": {"name": "en", "url": "https://pokeapi.co/api/v2/language/9/"}, "version": {"name": "soulsilver", "url": "https://pokeapi.co/api/v2/version/16/"}}, {"flavor_text": "As a newborn, it can barely stand.\nHowever, through galloping, its\nlegs are made tougher and faster.", "language": {"name": "en", "url": "https://pokeapi.co/api/v2/language/9/"}, "version": {"name": "black", "url": "https://pokeapi.co/api/v2/version/17/"}}, {"flavor_text": "As a newborn, it can barely stand.\nHowever, through galloping, its\nlegs are made tougher and faster.", "language": {"name": "en", "url": "https://pokeapi.co/api/v2/language/9/"}, "version": {"name": "white", "url": "https://pokeapi.co/api/v2/version/18/"}}, {"flavor_text": "As a newborn, it can barely stand.\nHowever, through galloping, its\nlegs are made tougher and faster.", "language": {"name": "en", "url": "https://pokeapi.co/api/v2/language/9/"}, "version": {"name": "black-2", "url": "https://pokeapi.co/api/v2/version/21/"}}, {"flavor_text": "As a newborn, it can barely stand.\nHowever, through galloping, its\nlegs are made tougher and faster.", "language": {"name": "en", "url": "https://pokeapi.co/api/v2/language/9/"}, "version": {"name": "white-2", "url": "https://pokeapi.co/api/v2/version/22/"}}, {"flavor_text": "As a newborn, it can barely stand.\nHowever, through galloping, its\nlegs are made tougher and faster.", "language": {"name": "en", "url": "https://pokeapi.co/api/v2/language/9/"}, "version": {"name": "x", "url": "https://pokeapi.co/api/v2/version/23/"}}, {"flavor_text": "Its legs grow strong while it chases after its parent.\nIt runs in fields and mountains all day.", "language": {"name": "en", "url": "https://pokeapi.co/api/v2/language/9/"}, "version": {"name": "y", "url": "https://pokeapi.co/api/v2/version/24/"}}, {"flavor_text": "Ponyta is very weak at birth. It can barely stand up.\nThis Pok\u00e9mon becomes stronger by stumbling and falling to\nkeep up with its parent.", "language": {"name": "en", "url": "https://pokeapi.co/api/v2/language/9/"}, "version": {"name": "omega-ruby", "url": "https://pokeapi.co/api/v2/version/25/"}}, {"flavor_text": "Ponyta is very weak at birth. It can barely stand up.\nThis Pok\u00e9mon becomes stronger by stumbling and\nfalling to keep up with its parent.", "language": {"name": "en", "url": "https://pokeapi.co/api/v2/language/9/"}, "version": {"name": "alpha-sapphire", "url": "https://pokeapi.co/api/v2/version/26/"}}, {"flavor_text": "Capable of jumping incredibly high.\nIts hooves and sturdy legs absorb\nthe impact of a hard landing.", "language": {"name": "en", "url": "https://pokeapi.co/api/v2/language/9/"}, "version": {"name": "lets-go-pikachu", "url": "https://pokeapi.co/api/v2/version/31/"}}, {"flavor_text": "Capable of jumping incredibly high.\nIts hooves and sturdy legs absorb\nthe impact of a hard landing.", "language": {"name": "en", "url": "https://pokeapi.co/api/v2/language/9/"}, "version": {"name": "lets-go-eevee", "url": "https://pokeapi.co/api/v2/version/32/"}}, {"flavor_text": "It can\u2019t run properly when it\u2019s newly born.\nAs it races around with others of its kind,\nits legs grow stronger.", "language": {"name": "en", "url": "https://pokeapi.co/api/v2/language/9/"}, "version": {"name": "sword", "url": "https://pokeapi.co/api/v2/version/33/"}}, {"flavor_text": "If you\u2019ve been accepted by Ponyta, its burning\nmane is mysteriously no longer hot to the touch.", "language": {"name": "en", "url": "https://pokeapi.co/api/v2/language/9/"}, "version": {"name": "shield", "url": "https://pokeapi.co/api/v2/version/34/"}}, {"flavor_text": "These Pok\u00e9mon live in herds out in the grassland. Newborn\nfoals lack their fiery manes, which will develop about an hour\nafter birth.", "language": {"name": "en", "url": "https://pokeapi.co/api/v2/language/9/"}, "version": {"name": "legends-arceus", "url": "https://pokeapi.co/api/v2/version/39/"}}], "evolution_chain": {"url": "https://pokeapi.co/api/v2/evolution-chain/32/"}}