{"flavor_text_entries": [{"flavor_text": "Flittle\u2019s toes levitate about half an inch above the ground because of the psychic power emitted from the frills on the Pok\u00e9mon\u2019s belly.", "language": {"name": "en", "url": "https://pokeapi.co/api/v2/language/9/"}, "version": {"name": "scarlet", "url": "https://pokeapi.co/api/v2/version/40/"}}, {"flavor_text": "It spends its time running around wastelands. If anyone steals its beloved berries, it will chase them down and exact its revenge.", "language": {"name": "en", "url": "https://pokeapi.co/api/v2/language/9/"}, "version": {"name": "violet", "url": "https://pokeapi.co/api/v2/version/41/"}}], "evolution_chain": {"url": "https://pokeapi.co/api/v2/evolution-chain/500/"}}