{"flavor_text_entries": [{"flavor_text": "This Pok\u00e9mon wanders around snowy, icy areas. It protects its body with powerful muscles and a thick layer of fat under its skin.", "language": {"name": "en", "url": "https://pokeapi.co/api/v2/language/9/"}, "version": {"name": "scarlet", "url": "https://pokeapi.co/api/v2/version/40/"}}, {"flavor_text": "Ice energy builds up in the horn on its upper jaw, causing the horn to reach cryogenic temperatures that freeze its surroundings.", "language": {"name": "en", "url": "https://pokeapi.co/api/v2/language/9/"}, "version": {"name": "violet", "url": "https://pokeapi.co/api/v2/version/41/"}}], "evolution_chain": {"url": "https://pokeapi.co/api/v2/evolution-chain/511/"}}