{"id": 968, "name": "orthworm", "types": [{"slot": 1, "type": {"name": "steel", "url": "https://pokeapi.co/api/v2/type/9/"}}], "stats": [{"base_stat": 70, "effort": 0, "stat": {"name": "hp", "url": "https://pokeapi.co/api/v2/stat/1/"}}, {"base_stat": 85, "effort": 0, "stat": {"name": "attack", "url": "https://pokeapi.co/api/v2/stat/2/"}}, {"base_stat": 145, "effort": 2, "stat": {"name": "defense", "url": "https://pokeapi.co/api/v2/stat/3/"}}, {"base_stat": 60, "effort": 0, "stat": {"name": "special-attack", "url": "https://pokeapi.co/api/v2/stat/4/"}}, {"base_stat": 55, "effort": 0, "stat": {"name": "special-defense", "url": "https://pokeapi.co/api/v2/stat/5/"}}, {"base_stat": 65, "effort": 0, "stat": {"name": "speed", "url": "https://pokeapi.co/api/v2/stat/6/"}}], "abilities": [{"ability": {"name": "earth-eater", "url": "https://pokeapi.co/api/v2/ability/297/"}, "is_hidden": false, "slot": 1}, {"ability": {"name": "sand-veil", "url": "https://pokeapi.co/api/v2/ability/8/"}, "is_hidden": true, "slot": 3}], "sprites": {"front_default": "https://raw.githubusercontent.com/PokeAPI/sprites/master/sprites/pokemon/968.png"}, "moves": [{"move": {"name": "tackle"}, "earliest_level": 1}, {"move": {"name": "body-slam"}, "earliest_level": null}, {"move": {"name": "wrap"}, "earliest_level": 1}, {"move": {"name": "take-down"}, "earliest_level": 26}, {"move": {"name": "double-edge"}, "earliest_level": null}, {"move": {"name": "hyper-beam"}, "earliest_level": null}, {"move": {"name": "earthquake"}, "earliest_level": 47}, {"move": {"name": "dig"}, "earliest_level": 30}, {"move": {"name": "harden"}, "earliest_level": 1}, {"move": {"name": "rest"}, "earliest_level": null}, {"move": {"name": "rock-slide"}, "earliest_level": null}, {"move": {"name": "substitute"}, "earliest_level": null}, {"move": {"name": "curse"}, "earliest_level": null}, {"move": {"name": "protect"}, "earliest_level": null}, {"move": {"name": "mud-slap"}, "earliest_level": 7}, {"move": {"name": "spikes"}, "earliest_level": null}, {"move": {"name": "sandstorm"}, "earliest_level": 34}, {"move": {"name": "endure"}, "earliest_level": null}, {"move": {"name": "sleep-talk"}, "earliest_level": null}, {"move": {"name": "iron-tail"}, "earliest_level": 43}, {"move": {"name": "facade"}, "earliest_level": null}, {"move": {"name": "helping-hand"}, "earliest_level": null}, {"move": {"name": "rock-tomb"}, "earliest_level": null}, {"move": {"name": "metal-sound"}, "earliest_level": null}, {"move": {"name": "sand-tomb"}, "earliest_level": null}, {"move": {"name": "iron-defense"}, "earliest_level": 38}, {"move": {"name": "mud-shot"}, "earliest_level": null}, {"move": {"name": "rock-blast"}, "earliest_level": null}, {"move": {"name": "metal-burst"}, "earliest_level": null}, {"move": {"name": "earth-power"}, "earliest_level": null}, {"move": {"name": "giga-impact"}, "earliest_level": null}, {"move": {"name": "flash-cannon"}, "earliest_level": null}, {"move": {"name": "iron-head"}, "earliest_level": 21}, {"move": {"name": "stealth-rock"}, "earliest_level": null}, {"move": {"name": "smack-down"}, "earliest_level": 12}, {"move": {"name": "heavy-slam"}, "earliest_level": null}, {"move": {"name": "coil"}, "earliest_level": null}, {"move": {"name": "bulldoze"}, "earliest_level": 16}, {"move": {"name": "high-horsepower"}, "earliest_level": null}, {"move": {"name": "stomping-tantrum"}, "earliest_level": null}, {"move": {"name": "body-press"}, "earliest_level": null}, {"move": {"name": "steel-beam"}, "earliest_level": null}, {"move": {"name": "tera-blast"}, "earliest_level": null}, {"move": {"name": "shed-tail"}, "earliest_level": 52}], "species": {"url": "https://pokeapi.co/api/v2/pokemon-species/968/"}, "height": 25, "weight": 3100}