{"id": 60, "name": "poliwag", "types": [{"slot": 1, "type": {"name": "water", "url": "https://pokeapi.co/api/v2/type/11/"}}], "stats": [{"base_stat": 40, "effort": 0, "stat": {"name": "hp", "url": "https://pokeapi.co/api/v2/stat/1/"}}, {"base_stat": 50, "effort": 0, "stat": {"name": "attack", "url": "https://pokeapi.co/api/v2/stat/2/"}}, {"base_stat": 40, "effort": 0, "stat": {"name": "defense", "url": "https://pokeapi.co/api/v2/stat/3/"}}, {"base_stat": 40, "effort": 0, "stat": {"name": "special-attack", "url": "https://pokeapi.co/api/v2/stat/4/"}}, {"base_stat": 40, "effort": 0, "stat": {"name": "special-defense", "url": "https://pokeapi.co/api/v2/stat/5/"}}, {"base_stat": 90, "effort": 1, "stat": {"name": "speed", "url": "https://pokeapi.co/api/v2/stat/6/"}}], "abilities": [{"ability": {"name": "water-absorb", "url": "https://pokeapi.co/api/v2/ability/11/"}, "is_hidden": false, "slot": 1}, {"ability": {"name": "damp", "url": "https://pokeapi.co/api/v2/ability/6/"}, "is_hidden": false, "slot": 2}, {"ability": {"name": "swift-swim", "url": "https://pokeapi.co/api/v2/ability/33/"}, "is_hidden": true, "slot": 3}], "sprites": {"front_default": "https://raw.githubusercontent.com/PokeAPI/sprites/master/sprites/pokemon/60.png"}, "moves": [{"move": {"name": "pound"}, "earliest_level": 4}, {"move": {"name": "double-slap"}, "earliest_level": 15}, {"move": {"name": "headbutt"}, "earliest_level": null}, {"move": {"name": "body-slam"}, "earliest_level": 21}, {"move": {"name": "take-down"}, "earliest_level": null}, {"move": {"name": "double-edge"}, "earliest_level": 54}, {"move": {"name": "mist"}, "earliest_level": null}, {"move": {"name": "water-gun"}, "earliest_level": 1}, {"move": {"name": "hydro-pump"}, "earliest_level": 36}, {"move": {"name": "surf"}, "earliest_level": null}, {"move": {"name": "ice-beam"}, "earliest_level": null}, {"move": {"name": "blizzard"}, "earliest_level": null}, {"move": {"name": "bubble-beam"}, "earliest_level": 18}, {"move": {"name": "low-kick"}, "earliest_level": 26}, {"move": {"name": "dig"}, "earliest_level": null}, {"move": {"name": "toxic"}, "earliest_level": null}, {"move": {"name": "psychic"}, "earliest_level": null}, {"move": {"name": "hypnosis"}, "earliest_level": 1}, {"move": {"name": "rage"}, "earliest_level": null}, {"move": {"name": "mimic"}, "earliest_level": null}, {"move": {"name": "double-team"}, "earliest_level": null}, {"move": {"name": "defense-curl"}, "earliest_level": null}, {"move": {"name": "haze"}, "earliest_level": null}, {"move": {"name": "bide"}, "earliest_level": null}, {"move": {"name": "waterfall"}, "earliest_level": null}, {"move": {"name": "swift"}, "earliest_level": null}, {"move": {"name": "skull-bash"}, "earliest_level": null}, {"move": {"name": "amnesia"}, "earliest_level": 38}, {"move": {"name": "bubble"}, "earliest_level": 1}, {"move": {"name": "psywave"}, "earliest_level": null}, {"move": {"name": "splash"}, "earliest_level": null}, {"move": {"name": "rest"}, "earliest_level": null}, {"move": {"name": "substitute"}, "earliest_level": null}, {"move": {"name": "thief"}, "earliest_level": null}, {"move": {"name": "mind-reader"}, "earliest_level": null}, {"move": {"name": "snore"}, "earliest_level": null}, {"move": {"name": "curse"}, "earliest_level": null}, {"move": {"name": "protect"}, "earliest_level": null}, {"move": {"name": "belly-drum"}, "earliest_level": 31}, {"move": {"name": "mud-slap"}, "earliest_level": null}, {"move": {"name": "icy-wind"}, "earliest_level": null}, {"move": {"name": "endure"}, "earliest_level": null}, {"move": {"name": "swagger"}, "earliest_level": null}, {"move": {"name": "attract"}, "earliest_level": null}, {"move": {"name": "sleep-talk"}, "earliest_level": null}, {"move": {"name": "return"}, "earliest_level": null}, {"move": {"name": "frustration"}, "earliest_level": null}, {"move": {"name": "encore"}, "earliest_level": null}, {"move": {"name": "hidden-power"}, "earliest_level": null}, {"move": {"name": "rain-dance"}, "earliest_level": 18}, {"move": {"name": "whirlpool"}, "earliest_level": null}, {"move": {"name": "hail"}, "earliest_level": null}, {"move": {"name": "facade"}, "earliest_level": null}, {"move": {"name": "focus-punch"}, "earliest_level": null}, {"move": {"name": "helping-hand"}, "earliest_level": null}, {"move": {"name": "endeavor"}, "earliest_level": null}, {"move": {"name": "refresh"}, "earliest_level": null}, {"move": {"name": "secret-power"}, "earliest_level": null}, {"move": {"name": "dive"}, "earliest_level": null}, {"move": {"name": "ice-ball"}, "earliest_level": null}, {"move": {"name": "weather-ball"}, "earliest_level": null}, {"move": {"name": "muddy-water"}, "earliest_level": null}, {"move": {"name": "mud-shot"}, "earliest_level": 12}, {"move": {"name": "water-sport"}, "earliest_level": 1}, {"move": {"name": "water-pulse"}, "earliest_level": null}, {"move": {"name": "wake-up-slap"}, "earliest_level": 35}, {"move": {"name": "natural-gift"}, "earliest_level": null}, {"move": {"name": "earth-power"}, "earliest_level": 36}, {"move": {"name": "mud-bomb"}, "earliest_level": 41}, {"move": {"name": "captivate"}, "earliest_level": null}, {"move": {"name": "round"}, "earliest_level": null}, {"move": {"name": "scald"}, "earliest_level": null}, {"move": {"name": "bulldoze"}, "earliest_level": null}, {"move": {"name": "confide"}, "earliest_level": null}, {"move": {"name": "liquidation"}, "earliest_level": null}, {"move": {"name": "tera-blast"}, "earliest_level": null}, {"move": {"name": "chilling-water"}, "earliest_level": null}], "species": {"url": "https://pokeapi.co/api/v2/pokemon-species/60/"}, "height": 6, "weight": 124}