{"id": 580, "name": "ducklett", "types": [{"slot": 1, "type": {"name": "water", "url": "https://pokeapi.co/api/v2/type/11/"}}, {"slot": 2, "type": {"name": "flying", "url": "https://pokeapi.co/api/v2/type/3/"}}], "stats": [{"base_stat": 62, "effort": 1, "stat": {"name": "hp", "url": "https://pokeapi.co/api/v2/stat/1/"}}, {"base_stat": 44, "effort": 0, "stat": {"name": "attack", "url": "https://pokeapi.co/api/v2/stat/2/"}}, {"base_stat": 50, "effort": 0, "stat": {"name": "defense", "url": "https://pokeapi.co/api/v2/stat/3/"}}, {"base_stat": 44, "effort": 0, "stat": {"name": "special-attack", "url": "https://pokeapi.co/api/v2/stat/4/"}}, {"base_stat": 50, "effort": 0, "stat": {"name": "special-defense", "url": "https://pokeapi.co/api/v2/stat/5/"}}, {"base_stat": 55, "effort": 0, "stat": {"name": "speed", "url": "https://pokeapi.co/api/v2/stat/6/"}}], "abilities": [{"ability": {"name": "keen-eye", "url": "https://pokeapi.co/api/v2/ability/51/"}, "is_hidden": false, "slot": 1}, {"ability": {"name": "big-pecks", "url": "https://pokeapi.co/api/v2/ability/145/"}, "is_hidden": false, "slot": 2}, {"ability": {"name": "hydration", "url": "https://pokeapi.co/api/v2/ability/93/"}, "is_hidden": true, "slot": 3}], "sprites": {"front_default": "https://raw.githubusercontent.com/PokeAPI/sprites/master/sprites/pokemon/580.png"}, "moves": [{"move": {"name": "gust"}, "earliest_level": null}, {"move": {"name": "wing-attack"}, "earliest_level": 9}, {"move": {"name": "fly"}, "earliest_level": null}, {"move": {"name": "double-edge"}, "earliest_level": null}, {"move": {"name": "water-gun"}, "earliest_level": 1}, {"move": {"name": "surf"}, "earliest_level": null}, {"move": {"name": "ice-beam"}, "earliest_level": null}, {"move": {"name": "bubble-beam"}, "earliest_level": 19}, {"move": {"name": "toxic"}, "earliest_level": null}, {"move": {"name": "double-team"}, "earliest_level": null}, {"move": {"name": "mirror-move"}, "earliest_level": null}, {"move": {"name": "swift"}, "earliest_level": null}, {"move": {"name": "rest"}, "earliest_level": null}, {"move": {"name": "substitute"}, "earliest_level": null}, {"move": {"name": "snore"}, "earliest_level": null}, {"move": {"name": "protect"}, "earliest_level": null}, {"move": {"name": "icy-wind"}, "earliest_level": null}, {"move": {"name": "endure"}, "earliest_level": null}, {"move": {"name": "swagger"}, "earliest_level": null}, {"move": {"name": "steel-wing"}, "earliest_level": null}, {"move": {"name": "attract"}, "earliest_level": null}, {"move": {"name": "sleep-talk"}, "earliest_level": null}, {"move": {"name": "return"}, "earliest_level": null}, {"move": {"name": "frustration"}, "earliest_level": null}, {"move": {"name": "hidden-power"}, "earliest_level": null}, {"move": {"name": "rain-dance"}, "earliest_level": 34}, {"move": {"name": "whirlpool"}, "earliest_level": null}, {"move": {"name": "uproar"}, "earliest_level": null}, {"move": {"name": "hail"}, "earliest_level": null}, {"move": {"name": "facade"}, "earliest_level": null}, {"move": {"name": "helping-hand"}, "earliest_level": null}, {"move": {"name": "endeavor"}, "earliest_level": null}, {"move": {"name": "secret-power"}, "earliest_level": null}, {"move": {"name": "dive"}, "earliest_level": null}, {"move": {"name": "feather-dance"}, "earliest_level": 21}, {"move": {"name": "mud-sport"}, "earliest_level": null}, {"move": {"name": "air-cutter"}, "earliest_level": null}, {"move": {"name": "aerial-ace"}, "earliest_level": 15}, {"move": {"name": "water-sport"}, "earliest_level": 3}, {"move": {"name": "water-pulse"}, "earliest_level": 13}, {"move": {"name": "roost"}, "earliest_level": 30}, {"move": {"name": "brine"}, "earliest_level": null}, {"move": {"name": "pluck"}, "earliest_level": null}, {"move": {"name": "tailwind"}, "earliest_level": 37}, {"move": {"name": "lucky-chant"}, "earliest_level": null}, {"move": {"name": "me-first"}, "earliest_level": null}, {"move": {"name": "aqua-ring"}, "earliest_level": 24}, {"move": {"name": "air-slash"}, "earliest_level": 27}, {"move": {"name": "brave-bird"}, "earliest_level": 41}, {"move": {"name": "defog"}, "earliest_level": 6}, {"move": {"name": "aqua-jet"}, "earliest_level": null}, {"move": {"name": "round"}, "earliest_level": null}, {"move": {"name": "scald"}, "earliest_level": null}, {"move": {"name": "hurricane"}, "earliest_level": 46}, {"move": {"name": "disarming-voice"}, "earliest_level": null}, {"move": {"name": "confide"}, "earliest_level": null}, {"move": {"name": "liquidation"}, "earliest_level": null}, {"move": {"name": "tera-blast"}, "earliest_level": null}, {"move": {"name": "trailblaze"}, "earliest_level": null}, {"move": {"name": "chilling-water"}, "earliest_level": null}], "species": {"url": "https://pokeapi.co/api/v2/pokemon-species/580/"}, "height": 5, "weight": 55}