{"flavor_text_entries": [{"flavor_text": "A sudden transformation of Carbink,\nits pink, glimmering body is said to be\nthe loveliest sight in the whole world.", "language": {"name": "en", "url": "https://pokeapi.co/api/v2/language/9/"}, "version": {"name": "x", "url": "https://pokeapi.co/api/v2/version/23/"}}, {"flavor_text": "It can instantly create many diamonds\nby compressing the carbon in the air\nbetween its hands.", "language": {"name": "en", "url": "https://pokeapi.co/api/v2/language/9/"}, "version": {"name": "y", "url": "https://pokeapi.co/api/v2/version/24/"}}, {"flavor_text": "A sudden transformation of Carbink,\nits pink, glimmering body is said to be\nthe loveliest sight in the whole world.", "language": {"name": "en", "url": "https://pokeapi.co/api/v2/language/9/"}, "version": {"name": "omega-ruby", "url": "https://pokeapi.co/api/v2/version/25/"}}, {"flavor_text": "It can instantly create many diamonds\nby compressing the carbon in the air\nbetween its hands.", "language": {"name": "en", "url": "https://pokeapi.co/api/v2/language/9/"}, "version": {"name": "alpha-sapphire", "url": "https://pokeapi.co/api/v2/version/26/"}}], "evolution_chain": {"url": "https://pokeapi.co/api/v2/evolution-chain/371/"}}