{"id": 391, "name": "monferno", "types": [{"slot": 1, "type": {"name": "fire", "url": "https://pokeapi.co/api/v2/type/10/"}}, {"slot": 2, "type": {"name": "fighting", "url": "https://pokeapi.co/api/v2/type/2/"}}], "stats": [{"base_stat": 64, "effort": 0, "stat": {"name": "hp", "url": "https://pokeapi.co/api/v2/stat/1/"}}, {"base_stat": 78, "effort": 0, "stat": {"name": "attack", "url": "https://pokeapi.co/api/v2/stat/2/"}}, {"base_stat": 52, "effort": 0, "stat": {"name": "defense", "url": "https://pokeapi.co/api/v2/stat/3/"}}, {"base_stat": 78, "effort": 1, "stat": {"name": "special-attack", "url": "https://pokeapi.co/api/v2/stat/4/"}}, {"base_stat": 52, "effort": 0, "stat": {"name": "special-defense", "url": "https://pokeapi.co/api/v2/stat/5/"}}, {"base_stat": 81, "effort": 1, "stat": {"name": "speed", "url": "https://pokeapi.co/api/v2/stat/6/"}}], "abilities": [{"ability": {"name": "blaze", "url": "https://pokeapi.co/api/v2/ability/66/"}, "is_hidden": false, "slot": 1}, {"ability": {"name": "iron-fist", "url": "https://pokeapi.co/api/v2/ability/89/"}, "is_hidden": true, "slot": 3}], "sprites": {"front_default": "https://raw.githubusercontent.com/PokeAPI/sprites/master/sprites/pokemon/391.png"}, "moves": [{"move": {"name": "fire-punch"}, "earliest_level": null}, {"move": {"name": "thunder-punch"}, "earliest_level": null}, {"move": {"name": "scratch"}, "earliest_level": 1}, {"move": {"name": "swords-dance"}, "earliest_level": null}, {"move": {"name": "cut"}, "earliest_level": null}, {"move": {"name": "double-kick"}, "earliest_level": null}, {"move": {"name": "headbutt"}, "earliest_level": null}, {"move": {"name": "tackle"}, "earliest_level": 1}, {"move": {"name": "take-down"}, "earliest_level": null}, {"move": {"name": "double-edge"}, "earliest_level": 43}, {"move": {"name": "leer"}, "earliest_level": 1}, {"move": {"name": "ember"}, "earliest_level": 1}, {"move": {"name": "flamethrower"}, "earliest_level": 1}, {"move": {"name": "low-kick"}, "earliest_level": null}, {"move": {"name": "counter"}, "earliest_level": null}, {"move": {"name": "strength"}, "earliest_level": null}, {"move": {"name": "fire-spin"}, "earliest_level": 39}, {"move": {"name": "dig"}, "earliest_level": null}, {"move": {"name": "toxic"}, "earliest_level": null}, {"move": {"name": "agility"}, "earliest_level": null}, {"move": {"name": "double-team"}, "earliest_level": null}, {"move": {"name": "focus-energy"}, "earliest_level": null}, {"move": {"name": "metronome"}, "earliest_level": null}, {"move": {"name": "fire-blast"}, "earliest_level": null}, {"move": {"name": "swift"}, "earliest_level": 11}, {"move": {"name": "fury-swipes"}, "earliest_level": 16}, {"move": {"name": "rest"}, "earliest_level": null}, {"move": {"name": "rock-slide"}, "earliest_level": null}, {"move": {"name": "substitute"}, "earliest_level": null}, {"move": {"name": "thief"}, "earliest_level": null}, {"move": {"name": "flame-wheel"}, "earliest_level": 18}, {"move": {"name": "snore"}, "earliest_level": null}, {"move": {"name": "reversal"}, "earliest_level": null}, {"move": {"name": "protect"}, "earliest_level": null}, {"move": {"name": "mach-punch"}, "earliest_level": 1}, {"move": {"name": "mud-slap"}, "earliest_level": null}, {"move": {"name": "endure"}, "earliest_level": null}, {"move": {"name": "rollout"}, "earliest_level": null}, {"move": {"name": "swagger"}, "earliest_level": null}, {"move": {"name": "attract"}, "earliest_level": null}, {"move": {"name": "sleep-talk"}, "earliest_level": null}, {"move": {"name": "return"}, "earliest_level": null}, {"move": {"name": "frustration"}, "earliest_level": null}, {"move": {"name": "encore"}, "earliest_level": null}, {"move": {"name": "iron-tail"}, "earliest_level": null}, {"move": {"name": "hidden-power"}, "earliest_level": null}, {"move": {"name": "sunny-day"}, "earliest_level": null}, {"move": {"name": "psych-up"}, "earliest_level": null}, {"move": {"name": "rock-smash"}, "earliest_level": null}, {"move": {"name": "fake-out"}, "earliest_level": null}, {"move": {"name": "uproar"}, "earliest_level": null}, {"move": {"name": "heat-wave"}, "earliest_level": null}, {"move": {"name": "torment"}, "earliest_level": 29}, {"move": {"name": "will-o-wisp"}, "earliest_level": null}, {"move": {"name": "facade"}, "earliest_level": 1}, {"move": {"name": "focus-punch"}, "earliest_level": null}, {"move": {"name": "taunt"}, "earliest_level": 9}, {"move": {"name": "helping-hand"}, "earliest_level": null}, {"move": {"name": "role-play"}, "earliest_level": null}, {"move": {"name": "brick-break"}, "earliest_level": null}, {"move": {"name": "knock-off"}, "earliest_level": null}, {"move": {"name": "endeavor"}, "earliest_level": null}, {"move": {"name": "secret-power"}, "earliest_level": null}, {"move": {"name": "slack-off"}, "earliest_level": 46}, {"move": {"name": "fake-tears"}, "earliest_level": null}, {"move": {"name": "overheat"}, "earliest_level": null}, {"move": {"name": "rock-tomb"}, "earliest_level": null}, {"move": {"name": "aerial-ace"}, "earliest_level": null}, {"move": {"name": "bulk-up"}, "earliest_level": null}, {"move": {"name": "covet"}, "earliest_level": null}, {"move": {"name": "natural-gift"}, "earliest_level": null}, {"move": {"name": "feint"}, "earliest_level": 26}, {"move": {"name": "u-turn"}, "earliest_level": null}, {"move": {"name": "close-combat"}, "earliest_level": 36}, {"move": {"name": "fling"}, "earliest_level": null}, {"move": {"name": "flare-blitz"}, "earliest_level": 49}, {"move": {"name": "poison-jab"}, "earliest_level": null}, {"move": {"name": "drain-punch"}, "earliest_level": null}, {"move": {"name": "vacuum-wave"}, "earliest_level": null}, {"move": {"name": "focus-blast"}, "earliest_level": null}, {"move": {"name": "switcheroo"}, "earliest_level": null}, {"move": {"name": "nasty-plot"}, "earliest_level": 1}, {"move": {"name": "shadow-claw"}, "earliest_level": null}, {"move": {"name": "zen-headbutt"}, "earliest_level": null}, {"move": {"name": "rock-climb"}, "earliest_level": null}, {"move": {"name": "gunk-shot"}, "earliest_level": null}, {"move": {"name": "captivate"}, "earliest_level": null}, {"move": {"name": "stealth-rock"}, "earliest_level": null}, {"move": {"name": "grass-knot"}, "earliest_level": null}, {"move": {"name": "hone-claws"}, "earliest_level": null}, {"move": {"name": "smack-down"}, "earliest_level": null}, {"move": {"name": "flame-charge"}, "earliest_level": null}, {"move": {"name": "low-sweep"}, "earliest_level": null}, {"move": {"name": "round"}, "earliest_level": null}, {"move": {"name": "incinerate"}, "earliest_level": null}, {"move": {"name": "acrobatics"}, "earliest_level": 46}, {"move": {"name": "retaliate"}, "earliest_level": null}, {"move": {"name": "fire-pledge"}, "earliest_level": null}, {"move": {"name": "work-up"}, "earliest_level": null}, {"move": {"name": "dual-chop"}, "earliest_level": null}, {"move": {"name": "confide"}, "earliest_level": null}, {"move": {"name": "power-up-punch"}, "earliest_level": 12}, {"move": {"name": "burning-jealousy"}, "earliest_level": null}, {"move": {"name": "lash-out"}, "earliest_level": null}, {"move": {"name": "tera-blast"}, "earliest_level": null}, {"move": {"name": "temper-flare"}, "earliest_level": null}, {"move": {"name": "upper-hand"}, "earliest_level": null}], "species": {"url": "https://pokeapi.co/api/v2/pokemon-species/391/"}, "height": 9, "weight": 220}