{"id": 345, "name": "lileep", "types": [{"slot": 1, "type": {"name": "rock", "url": "https://pokeapi.co/api/v2/type/6/"}}, {"slot": 2, "type": {"name": "grass", "url": "https://pokeapi.co/api/v2/type/12/"}}], "stats": [{"base_stat": 66, "effort": 0, "stat": {"name": "hp", "url": "https://pokeapi.co/api/v2/stat/1/"}}, {"base_stat": 41, "effort": 0, "stat": {"name": "attack", "url": "https://pokeapi.co/api/v2/stat/2/"}}, {"base_stat": 77, "effort": 0, "stat": {"name": "defense", "url": "https://pokeapi.co/api/v2/stat/3/"}}, {"base_stat": 61, "effort": 0, "stat": {"name": "special-attack", "url": "https://pokeapi.co/api/v2/stat/4/"}}, {"base_stat": 87, "effort": 1, "stat": {"name": "special-defense", "url": "https://pokeapi.co/api/v2/stat/5/"}}, {"base_stat": 23, "effort": 0, "stat": {"name": "speed", "url": "https://pokeapi.co/api/v2/stat/6/"}}], "abilities": [{"ability": {"name": "suction-cups", "url": "https://pokeapi.co/api/v2/ability/21/"}, "is_hidden": false, "slot": 1}, {"ability": {"name": "storm-drain", "url": "https://pokeapi.co/api/v2/ability/114/"}, "is_hidden": true, "slot": 3}], "sprites": {"front_default": "https://raw.githubusercontent.com/PokeAPI/sprites/master/sprites/pokemon/345.png"}, "moves": [{"move": {"name": "swords-dance"}, "earliest_level": null}, {"move": {"name": "bind"}, "earliest_level": null}, {"move": {"name": "body-slam"}, "earliest_level": null}, {"move": {"name": "wrap"}, "earliest_level": 1}, {"move": {"name": "double-edge"}, "earliest_level": null}, {"move": {"name": "acid"}, "earliest_level": 4}, {"move": {"name": "mega-drain"}, "earliest_level": 20}, {"move": {"name": "solar-beam"}, "earliest_level": null}, {"move": {"name": "string-shot"}, "earliest_level": null}, {"move": {"name": "toxic"}, "earliest_level": null}, {"move": {"name": "mimic"}, "earliest_level": null}, {"move": {"name": "double-team"}, "earliest_level": null}, {"move": {"name": "recover"}, "earliest_level": null}, {"move": {"name": "confuse-ray"}, "earliest_level": 8}, {"move": {"name": "barrier"}, "earliest_level": null}, {"move": {"name": "constrict"}, "earliest_level": 1}, {"move": {"name": "amnesia"}, "earliest_level": 28}, {"move": {"name": "flash"}, "earliest_level": null}, {"move": {"name": "rest"}, "earliest_level": null}, {"move": {"name": "rock-slide"}, "earliest_level": null}, {"move": {"name": "substitute"}, "earliest_level": null}, {"move": {"name": "snore"}, "earliest_level": null}, {"move": {"name": "curse"}, "earliest_level": null}, {"move": {"name": "protect"}, "earliest_level": null}, {"move": {"name": "sludge-bomb"}, "earliest_level": null}, {"move": {"name": "mud-slap"}, "earliest_level": null}, {"move": {"name": "sandstorm"}, "earliest_level": null}, {"move": {"name": "giga-drain"}, "earliest_level": 26}, {"move": {"name": "endure"}, "earliest_level": null}, {"move": {"name": "swagger"}, "earliest_level": null}, {"move": {"name": "attract"}, "earliest_level": null}, {"move": {"name": "sleep-talk"}, "earliest_level": null}, {"move": {"name": "return"}, "earliest_level": null}, {"move": {"name": "frustration"}, "earliest_level": null}, {"move": {"name": "pain-split"}, "earliest_level": null}, {"move": {"name": "synthesis"}, "earliest_level": null}, {"move": {"name": "hidden-power"}, "earliest_level": null}, {"move": {"name": "sunny-day"}, "earliest_level": null}, {"move": {"name": "mirror-coat"}, "earliest_level": null}, {"move": {"name": "psych-up"}, "earliest_level": null}, {"move": {"name": "ancient-power"}, "earliest_level": 16}, {"move": {"name": "stockpile"}, "earliest_level": 41}, {"move": {"name": "spit-up"}, "earliest_level": 41}, {"move": {"name": "swallow"}, "earliest_level": 41}, {"move": {"name": "facade"}, "earliest_level": null}, {"move": {"name": "ingrain"}, "earliest_level": 9}, {"move": {"name": "secret-power"}, "earliest_level": null}, {"move": {"name": "astonish"}, "earliest_level": 1}, {"move": {"name": "rock-tomb"}, "earliest_level": null}, {"move": {"name": "tickle"}, "earliest_level": null}, {"move": {"name": "bullet-seed"}, "earliest_level": null}, {"move": {"name": "mud-shot"}, "earliest_level": null}, {"move": {"name": "rock-blast"}, "earliest_level": null}, {"move": {"name": "brine"}, "earliest_level": 21}, {"move": {"name": "natural-gift"}, "earliest_level": null}, {"move": {"name": "wring-out"}, "earliest_level": 52}, {"move": {"name": "gastro-acid"}, "earliest_level": 31}, {"move": {"name": "worry-seed"}, "earliest_level": null}, {"move": {"name": "rock-polish"}, "earliest_level": null}, {"move": {"name": "seed-bomb"}, "earliest_level": null}, {"move": {"name": "energy-ball"}, "earliest_level": 41}, {"move": {"name": "earth-power"}, "earliest_level": null}, {"move": {"name": "captivate"}, "earliest_level": null}, {"move": {"name": "stealth-rock"}, "earliest_level": null}, {"move": {"name": "grass-knot"}, "earliest_level": null}, {"move": {"name": "smack-down"}, "earliest_level": null}, {"move": {"name": "round"}, "earliest_level": null}, {"move": {"name": "confide"}, "earliest_level": null}, {"move": {"name": "infestation"}, "earliest_level": null}, {"move": {"name": "meteor-beam"}, "earliest_level": null}], "species": {"url": "https://pokeapi.co/api/v2/pokemon-species/345/"}, "height": 10, "weight": 238}