{
  "base_happiness": 50,
  "capture_rate": 45,
  "color": {
    "name": "white",
    "url": "https://pokeapi.co/api/v2/pokemon-color/9/"
  },
  "egg_groups": [
    {
      "name": "mineral",
      "url": "https://pokeapi.co/api/v2/egg-group/10/"
    },
    {
      "name": "dragon",
      "url": "https://pokeapi.co/api/v2/egg-group/14/"
    }
  ],
  "evolution_chain": {
    "url": "https://pokeapi.co/api/v2/evolution-chain/465/"
  },
  "evolves_from_species": null,
  "flavor_text_entries": [
    {
      "flavor_text": "\u307f\u304c\u304d\u3042\u3052\u305f\u3000\u304d\u3093\u305e\u304f\u306e\u3000\u3088\u3046\u306a\n\u304b\u3089\u3060\u306f\u3000\u304b\u308b\u3044\u3046\u3048\u306b\u3000\u304b\u305f\u3044\u304c\n\u3055\u3073\u3084\u3059\u3044\u306e\u304c\u3000\u3051\u3063\u3066\u3093\u306a\u306e\u3060\u3002",
      "language": {
        "name": "ja-Hrkt",
        "url": "https://pokeapi.co/api/v2/language/1/"
      },
      "version": {
        "name": "sword",
        "url": "https://pokeapi.co/api/v2/version/33/"
      }
    },
    {
      "flavor_text": "\uc724\uc774 \ub098\ub294 \uae08\uc18d\uacfc\ub3c4 \uac19\uc740\n\ubab8\uc740 \uac00\ubcbc\uc6b0\uba74\uc11c\ub3c4 \ud2bc\ud2bc\ud558\uc9c0\ub9cc\n\ub179\uc2ac\uae30 \uc27d\ub2e4\ub294 \uac83\uc774 \ud760\uc774\ub2e4.",
      "language": {
        "name": "ko",
        "url": "https://pokeapi.co/api/v2/language/3/"
      },
      "version": {
        "name": "sword",
        "url": "https://pokeapi.co/api/v2/version/33/"
      }
    },
    {
      "flavor_text": "\u8eab\u9ad4\u7336\u5982\u6253\u78e8\u904e\u7684\u91d1\u5c6c\uff0c\n\u96d6\u7136\u8f15\u800c\u5805\u786c\uff0c\u537b\u6709\u8457\n\u5bb9\u6613\u751f\u93fd\u7684\u5f31\u9ede\u3002",
      "language": {
        "name": "zh-Hant",
        "url": "https://pokeapi.co/api/v2/language/4/"
      },
      "version": {
        "name": "sword",
        "url": "https://pokeapi.co/api/v2/version/33/"
      }
    },
    {
      "flavor_text": "Son corps, semblable \u00e0 du m\u00e9tal poli,\nallie l\u00e9g\u00e8ret\u00e9 et solidit\u00e9.\nMalheureusement, il rouille facilement.",
      "language": {
        "name": "fr",
        "url": "https://pokeapi.co/api/v2/language/5/"
      },
      "version": {
        "name": "sword",
        "url": "https://pokeapi.co/api/v2/version/33/"
      }
    },
    {
      "flavor_text": "Sein an aufpoliertes Metall erinnernder K\u00f6rper ist\nnicht nur leicht, sondern auch robust. Er hat\njedoch den Nachteil, schnell zu rosten.",
      "language": {
        "name": "de",
        "url": "https://pokeapi.co/api/v2/language/6/"
      },
      "version": {
        "name": "sword",
        "url": "https://pokeapi.co/api/v2/version/33/"
      }
    },
    {
      "flavor_text": "Su cuerpo, similar a un metal pulido, es tan ligero\ncomo robusto. Sin embargo, tiene el defecto de\nque se oxida con facilidad.",
      "language": {
        "name": "es",
        "url": "https://pokeapi.co/api/v2/language/7/"
      },
      "version": {
        "name": "sword",
        "url": "https://pokeapi.co/api/v2/version/33/"
      }
    },
    {
      "flavor_text": "Il suo corpo simile a metallo lucidato \u00e8 leggero\ne resistente, ma ha il difetto di arrugginire\nfacilmente.",
      "language": {
        "name": "it",
        "url": "https://pokeapi.co/api/v2/language/8/"
      },
      "version": {
        "name": "sword",
        "url": "https://pokeapi.co/api/v2/version/33/"
      }
    },
    {
      "flavor_text": "Its body resembles polished metal, and it\u2019s both\nlightweight and strong. The only drawback is that\nit rusts easily.",
      "language": {
        "name": "en",
        "url": "https://pokeapi.co/api/v2/language/9/"
      },
      "version": {
        "name": "sword",
        "url": "https://pokeapi.co/api/v2/version/33/"
      }
    },
    {
      "flavor_text": "\u78e8\u304d\u3042\u3052\u305f\u3000\u91d1\u5c5e\u306e\u3000\u3088\u3046\u306a\n\u4f53\u306f\u3000\u8efd\u3044\u3046\u3048\u306b\u3000\u786c\u3044\u304c\n\u9306\u3073\u3084\u3059\u3044\u306e\u304c\u3000\u6b20\u70b9\u306a\u306e\u3060\u3002",
      "language": {
        "name": "ja",
        "url": "https://pokeapi.co/api/v2/language/11/"
      },
      "version": {
        "name": "sword",
        "url": "https://pokeapi.co/api/v2/version/33/"
      }
    },
    {
      "flavor_text": "\u8eab\u4f53\u72b9\u5982\u6253\u78e8\u8fc7\u7684\u91d1\u5c5e\uff0c\n\u867d\u7136\u8f7b\u800c\u575a\u786c\uff0c\u5374\u6709\u7740\n\u5bb9\u6613\u751f\u9508\u7684\u5f31\u70b9\u3002",
      "language": {
        "name": "zh-Hans",
        "url": "https://pokeapi.co/api/v2/language/12/"
      },
      "version": {
        "name": "sword",
        "url": "https://pokeapi.co/api/v2/version/33/"
      }
    },
    {
      "flavor_text": "\u3068\u304f\u3057\u3085\u306a\u3000\u304d\u3093\u305e\u304f\u306e\u3000\u304b\u3089\u3060\u306f\n\u304b\u308b\u304f\u3000\u307f\u306e\u3053\u306a\u3057\u306f\u3000\u3070\u3064\u3050\u3093\u3002\n\u3042\u3081\u304c\u3000\u306b\u304c\u3066\u3067\u3000\u3069\u3046\u304f\u3064\u306b\u3000\u3059\u3080\u3002",
      "language": {
        "name": "ja-Hrkt",
        "url": "https://pokeapi.co/api/v2/language/1/"
      },
      "version": {
        "name": "shield",
        "url": "https://pokeapi.co/api/v2/version/34/"
      }
    },
    {
      "flavor_text": "\uae08\uc18d\uc73c\ub85c \ub41c \ud2b9\uc218\ud55c \ubab8\uc740\n\uac00\ubcbc\uc6cc\uc11c \ubab8\ub180\ub9bc\uc774 \ub6f0\uc5b4\ub098\ub2e4.\n\ube44\ub97c \uc2eb\uc5b4\ud574 \ub3d9\uad74\uc5d0 \uc0b0\ub2e4.",
      "language": {
        "name": "ko",
        "url": "https://pokeapi.co/api/v2/language/3/"
      },
      "version": {
        "name": "shield",
        "url": "https://pokeapi.co/api/v2/version/34/"
      }
    },
    {
      "flavor_text": "\u7531\u7279\u6b8a\u91d1\u5c6c\u69cb\u6210\u7684\u8eab\u9ad4\n\u5341\u5206\u8f15\u76c8\uff0c\u80fd\u5920\u9748\u6d3b\u5730\u6d3b\u52d5\u3002\n\u4e0d\u559c\u6b61\u4e0b\u96e8\uff0c\u6240\u4ee5\u4f4f\u5728\u6d1e\u7a9f\u88e1\u3002",
      "language": {
        "name": "zh-Hant",
        "url": "https://pokeapi.co/api/v2/language/4/"
      },
      "version": {
        "name": "shield",
        "url": "https://pokeapi.co/api/v2/version/34/"
      }
    },
    {
      "flavor_text": "Son corps, compos\u00e9 d\u2019un m\u00e9tal sp\u00e9cial, est l\u00e9ger\net lui offre une excellente mobilit\u00e9. Il est toutefois\nsensible \u00e0 la pluie et vit donc dans les grottes.",
      "language": {
        "name": "fr",
        "url": "https://pokeapi.co/api/v2/language/5/"
      },
      "version": {
        "name": "shield",
        "url": "https://pokeapi.co/api/v2/version/34/"
      }
    },
    {
      "flavor_text": "Es ist sehr beweglich, weil sein K\u00f6rper aus einem\nspeziellen, leichten Metall besteht. Da es Regen\nnicht mag, lebt es in H\u00f6hlen.",
      "language": {
        "name": "de",
        "url": "https://pokeapi.co/api/v2/language/6/"
      },
      "version": {
        "name": "shield",
        "url": "https://pokeapi.co/api/v2/version/34/"
      }
    },
    {
      "flavor_text": "Hace gala de una agilidad extraordinaria, ya que\nsu cuerpo est\u00e1 compuesto de un metal especial.\nDetesta la lluvia, por lo que habita en cuevas.",
      "language": {
        "name": "es",
        "url": "https://pokeapi.co/api/v2/language/7/"
      },
      "version": {
        "name": "shield",
        "url": "https://pokeapi.co/api/v2/version/34/"
      }
    },
    {
      "flavor_text": "Il suo corpo fatto di un metallo speciale \u00e8\nleggero e gli conferisce un\u2019andatura impeccabile.\nVive nelle grotte perch\u00e9 odia la pioggia.",
      "language": {
        "name": "it",
        "url": "https://pokeapi.co/api/v2/language/8/"
      },
      "version": {
        "name": "shield",
        "url": "https://pokeapi.co/api/v2/version/34/"
      }
    },
    {
      "flavor_text": "The special metal that composes its body is very\nlight, so this Pok\u00e9mon has considerable agility.\nIt lives in caves because it dislikes the rain.",
      "language": {
        "name": "en",
        "url": "https://pokeapi.co/api/v2/language/9/"
      },
      "version": {
        "name": "shield",
        "url": "https://pokeapi.co/api/v2/version/34/"
      }
    },
    {
      "flavor_text": "\u7279\u6b8a\u306a\u3000\u91d1\u5c5e\u306e\u3000\u4f53\u306f\n\u8efd\u304f\u3000\u8eab\u306e\u3053\u306a\u3057\u306f\u3000\u629c\u7fa4\u3002\n\u96e8\u304c\u3000\u82e6\u624b\u3067\u3000\u6d1e\u7a9f\u306b\u3000\u68f2\u3080\u3002",
      "language": {
        "name": "ja",
        "url": "https://pokeapi.co/api/v2/language/11/"
      },
      "version": {
        "name": "shield",
        "url": "https://pokeapi.co/api/v2/version/34/"
      }
    },
    {
      "flavor_text": "\u7531\u7279\u6b8a\u91d1\u5c5e\u6784\u6210\u7684\u8eab\u4f53\n\u5341\u5206\u8f7b\u76c8\uff0c\u80fd\u591f\u7075\u6d3b\u5730\u6d3b\u52a8\u3002\n\u4e0d\u559c\u6b22\u4e0b\u96e8\uff0c\u6240\u4ee5\u4f4f\u5728\u6d1e\u7a9f\u91cc\u3002",
      "language": {
        "name": "zh-Hans",
        "url": "https://pokeapi.co/api/v2/language/12/"
      },
      "version": {
        "name": "shield",
        "url": "https://pokeapi.co/api/v2/version/34/"
      }
    }
  ],
  "form_descriptions": [],
  "forms_switchable": false,
  "gender_rate": 4,
  "genera": [
    {
      "genus": "\u3054\u3046\u304d\u3093\u30dd\u30b1\u30e2\u30f3",
      "language": {
        "name": "ja-Hrkt",
        "url": "https://pokeapi.co/api/v2/language/1/"
      }
    },
    {
      "genus": "\ud569\uae08\ud3ec\ucf13\ubaac",
      "language": {
        "name": "ko",
        "url": "https://pokeapi.co/api/v2/language/3/"
      }
    },
    {
      "genus": "\u5408\u91d1\u5bf6\u53ef\u5922",
      "language": {
        "name": "zh-Hant",
        "url": "https://pokeapi.co/api/v2/language/4/"
      }
    },
    {
      "genus": "Pok\u00e9mon Alliage",
      "language": {
        "name": "fr",
        "url": "https://pokeapi.co/api/v2/language/5/"
      }
    },
    {
      "genus": "Legierungs-Pok\u00e9mon",
      "language": {
        "name": "de",
        "url": "https://pokeapi.co/api/v2/language/6/"
      }
    },
    {
      "genus": "Pok\u00e9mon Aleaci\u00f3n",
      "language": {
        "name": "es",
        "url": "https://pokeapi.co/api/v2/language/7/"
      }
    },
    {
      "genus": "Pok\u00e9mon Metallolega",
      "language": {
        "name": "it",
        "url": "https://pokeapi.co/api/v2/language/8/"
      }
    },
    {
      "genus": "Alloy Pok\u00e9mon",
      "language": {
        "name": "en",
        "url": "https://pokeapi.co/api/v2/language/9/"
      }
    },
    {
      "genus": "\u3054\u3046\u304d\u3093\u30dd\u30b1\u30e2\u30f3",
      "language": {
        "name": "ja",
        "url": "https://pokeapi.co/api/v2/language/11/"
      }
    },
    {
      "genus": "\u5408\u91d1\u5b9d\u53ef\u68a6",
      "language": {
        "name": "zh-Hans",
        "url": "https://pokeapi.co/api/v2/language/12/"
      }
    }
  ],
  "generation": {
    "name": "generation-viii",
    "url": "https://pokeapi.co/api/v2/generation/8/"
  },
  "growth_rate": {
    "name": "medium",
    "url": "https://pokeapi.co/api/v2/growth-rate/2/"
  },
  "habitat": null,
  "has_gender_differences": false,
  "hatch_counter": 30,
  "id": 884,
  "is_baby": false,
  "is_legendary": false,
  "is_mythical": false,
  "name": "duraludon",
  "names": [
    {
      "language": {
        "name": "ja-Hrkt",
        "url": "https://pokeapi.co/api/v2/language/1/"
      },
      "name": "\u30b8\u30e5\u30e9\u30eb\u30c9\u30f3"
    },
    {
      "language": {
        "name": "roomaji",
        "url": "https://pokeapi.co/api/v2/language/2/"
      },
      "name": "Duraludon"
    },
    {
      "language": {
        "name": "ko",
        "url": "https://pokeapi.co/api/v2/language/3/"
      },
      "name": "\ub450\ub784\ub8e8\ub3c8"
    },
    {
      "language": {
        "name": "zh-Hant",
        "url": "https://pokeapi.co/api/v2/language/4/"
      },
      "name": "\u92c1\u92fc\u9f8d"
    },
    {
      "language": {
        "name": "fr",
        "url": "https://pokeapi.co/api/v2/language/5/"
      },
      "name": "Duralugon"
    },
    {
      "language": {
        "name": "de",
        "url": "https://pokeapi.co/api/v2/language/6/"
      },
      "name": "Duraludon"
    },
    {
      "language": {
        "name": "es",
        "url": "https://pokeapi.co/api/v2/language/7/"
      },
      "name": "Duraludon"
    },
    {
      "language": {
        "name": "it",
        "url": "https://pokeapi.co/api/v2/language/8/"
      },
      "name": "Duraludon"
    },
    {
      "language": {
        "name": "en",
        "url": "https://pokeapi.co/api/v2/language/9/"
      },
      "name": "Duraludon"
    },
    {
      "language": {
        "name": "ja",
        "url": "https://pokeapi.co/api/v2/language/11/"
      },
      "name": "\u30b8\u30e5\u30e9\u30eb\u30c9\u30f3"
    },
    {
      "language": {
        "name": "zh-Hans",
        "url": "https://pokeapi.co/api/v2/language/12/"
      },
      "name": "\u94dd\u94a2\u9f99"
    }
  ],
  "order": 884,
  "pal_park_encounters": [],
  "pokedex_numbers": [
    {
      "entry_number": 884,
      "pokedex": {
        "name": "national",
        "url": "https://pokeapi.co/api/v2/pokedex/1/"
      }
    },
    {
      "entry_number": 371,
      "pokedex": {
        "name": "galar",
        "url": "https://pokeapi.co/api/v2/pokedex/27/"
      }
    },
    {
      "entry_number": 161,
      "pokedex": {
        "name": "blueberry",
        "url": "https://pokeapi.co/api/v2/pokedex/33/"
      }
    }
  ],
  "shape": {
    "name": "upright",
    "url": "https://pokeapi.co/api/v2/pokemon-shape/6/"
  },
  "varieties": [
    {
      "is_default": true,
      "pokemon": {
        "name": "duraludon",
        "url": "https://pokeapi.co/api/v2/pokemon/884/"
      }
    },
    {
      "is_default": false,
      "pokemon": {
        "name": "duraludon-gmax",
        "url": "https://pokeapi.co/api/v2/pokemon/10225/"
      }
    }
  ]
}