{"id": 109, "name": "koffing", "types": [{"slot": 1, "type": {"name": "poison", "url": "https://pokeapi.co/api/v2/type/4/"}}], "stats": [{"base_stat": 40, "effort": 0, "stat": {"name": "hp", "url": "https://pokeapi.co/api/v2/stat/1/"}}, {"base_stat": 65, "effort": 0, "stat": {"name": "attack", "url": "https://pokeapi.co/api/v2/stat/2/"}}, {"base_stat": 95, "effort": 1, "stat": {"name": "defense", "url": "https://pokeapi.co/api/v2/stat/3/"}}, {"base_stat": 60, "effort": 0, "stat": {"name": "special-attack", "url": "https://pokeapi.co/api/v2/stat/4/"}}, {"base_stat": 45, "effort": 0, "stat": {"name": "special-defense", "url": "https://pokeapi.co/api/v2/stat/5/"}}, {"base_stat": 35, "effort": 0, "stat": {"name": "speed", "url": "https://pokeapi.co/api/v2/stat/6/"}}], "abilities": [{"ability": {"name": "levitate", "url": "https://pokeapi.co/api/v2/ability/26/"}, "is_hidden": false, "slot": 1}, {"ability": {"name": "neutralizing-gas", "url": "https://pokeapi.co/api/v2/ability/256/"}, "is_hidden": false, "slot": 2}, {"ability": {"name": "stench", "url": "https://pokeapi.co/api/v2/ability/1/"}, "is_hidden": true, "slot": 3}], "sprites": {"front_default": "https://raw.githubusercontent.com/PokeAPI/sprites/master/sprites/pokemon/109.png"}, "moves": [{"move": {"name": "headbutt"}, "earliest_level": null}, {"move": {"name": "tackle"}, "earliest_level": 1}, {"move": {"name": "body-slam"}, "earliest_level": null}, {"move": {"name": "take-down"}, "earliest_level": null}, {"move": {"name": "flamethrower"}, "earliest_level": null}, {"move": {"name": "psybeam"}, "earliest_level": null}, {"move": {"name": "thunderbolt"}, "earliest_level": null}, {"move": {"name": "thunder"}, "earliest_level": null}, {"move": {"name": "toxic"}, "earliest_level": 30}, {"move": {"name": "rage"}, "earliest_level": null}, {"move": {"name": "mimic"}, "earliest_level": null}, {"move": {"name": "screech"}, "earliest_level": null}, {"move": {"name": "double-team"}, "earliest_level": null}, {"move": {"name": "smokescreen"}, "earliest_level": 7}, {"move": {"name": "haze"}, "earliest_level": 24}, {"move": {"name": "bide"}, "earliest_level": null}, {"move": {"name": "self-destruct"}, "earliest_level": 17}, {"move": {"name": "smog"}, "earliest_level": 1}, {"move": {"name": "sludge"}, "earliest_level": 18}, {"move": {"name": "fire-blast"}, "earliest_level": null}, {"move": {"name": "poison-gas"}, "earliest_level": 1}, {"move": {"name": "flash"}, "earliest_level": null}, {"move": {"name": "psywave"}, "earliest_level": null}, {"move": {"name": "explosion"}, "earliest_level": 37}, {"move": {"name": "rest"}, "earliest_level": null}, {"move": {"name": "substitute"}, "earliest_level": null}, {"move": {"name": "thief"}, "earliest_level": null}, {"move": {"name": "snore"}, "earliest_level": null}, {"move": {"name": "curse"}, "earliest_level": null}, {"move": {"name": "spite"}, "earliest_level": null}, {"move": {"name": "protect"}, "earliest_level": null}, {"move": {"name": "scary-face"}, "earliest_level": null}, {"move": {"name": "sludge-bomb"}, "earliest_level": 32}, {"move": {"name": "zap-cannon"}, "earliest_level": null}, {"move": {"name": "destiny-bond"}, "earliest_level": 40}, {"move": {"name": "endure"}, "earliest_level": null}, {"move": {"name": "rollout"}, "earliest_level": null}, {"move": {"name": "swagger"}, "earliest_level": null}, {"move": {"name": "attract"}, "earliest_level": null}, {"move": {"name": "sleep-talk"}, "earliest_level": null}, {"move": {"name": "return"}, "earliest_level": null}, {"move": {"name": "frustration"}, "earliest_level": null}, {"move": {"name": "pain-split"}, "earliest_level": null}, {"move": {"name": "hidden-power"}, "earliest_level": null}, {"move": {"name": "rain-dance"}, "earliest_level": null}, {"move": {"name": "sunny-day"}, "earliest_level": null}, {"move": {"name": "shadow-ball"}, "earliest_level": null}, {"move": {"name": "uproar"}, "earliest_level": null}, {"move": {"name": "stockpile"}, "earliest_level": null}, {"move": {"name": "spit-up"}, "earliest_level": null}, {"move": {"name": "swallow"}, "earliest_level": null}, {"move": {"name": "torment"}, "earliest_level": null}, {"move": {"name": "will-o-wisp"}, "earliest_level": null}, {"move": {"name": "memento"}, "earliest_level": 45}, {"move": {"name": "facade"}, "earliest_level": null}, {"move": {"name": "taunt"}, "earliest_level": null}, {"move": {"name": "grudge"}, "earliest_level": null}, {"move": {"name": "secret-power"}, "earliest_level": null}, {"move": {"name": "shock-wave"}, "earliest_level": null}, {"move": {"name": "gyro-ball"}, "earliest_level": 29}, {"move": {"name": "natural-gift"}, "earliest_level": null}, {"move": {"name": "payback"}, "earliest_level": null}, {"move": {"name": "assurance"}, "earliest_level": 12}, {"move": {"name": "toxic-spikes"}, "earliest_level": null}, {"move": {"name": "dark-pulse"}, "earliest_level": null}, {"move": {"name": "gunk-shot"}, "earliest_level": null}, {"move": {"name": "captivate"}, "earliest_level": null}, {"move": {"name": "venoshock"}, "earliest_level": null}, {"move": {"name": "sludge-wave"}, "earliest_level": null}, {"move": {"name": "acid-spray"}, "earliest_level": null}, {"move": {"name": "round"}, "earliest_level": null}, {"move": {"name": "clear-smog"}, "earliest_level": 12}, {"move": {"name": "incinerate"}, "earliest_level": null}, {"move": {"name": "belch"}, "earliest_level": 40}, {"move": {"name": "confide"}, "earliest_level": null}, {"move": {"name": "venom-drench"}, "earliest_level": null}, {"move": {"name": "infestation"}, "earliest_level": null}, {"move": {"name": "corrosive-gas"}, "earliest_level": null}, {"move": {"name": "tera-blast"}, "earliest_level": null}], "species": {"url": "https://pokeapi.co/api/v2/pokemon-species/109/"}, "height": 6, "weight": 10}