{"flavor_text_entries": [{"flavor_text": "Originally making its home in the ozone layer,\nit hurtles to the ground when the shell enclosing\nits body grows too heavy.", "language": {"name": "en", "url": "https://pokeapi.co/api/v2/language/9/"}, "version": {"name": "sun", "url": "https://pokeapi.co/api/v2/version/27/"}}, {"flavor_text": "Strong impacts can knock it out of its shell. This\nPok\u00e9mon was born from mutated nanoparticles.", "language": {"name": "en", "url": "https://pokeapi.co/api/v2/language/9/"}, "version": {"name": "moon", "url": "https://pokeapi.co/api/v2/version/28/"}}, {"flavor_text": "It lives in the ozone layer, where it becomes\nfood for stronger Pok\u00e9mon. When it tries to run\naway, it falls to the ground.", "language": {"name": "en", "url": "https://pokeapi.co/api/v2/language/9/"}, "version": {"name": "ultra-sun", "url": "https://pokeapi.co/api/v2/version/29/"}}, {"flavor_text": "Although its outer shell is uncommonly durable,\nthe shock of falling to the ground smashes the\nshell to smithereens.", "language": {"name": "en", "url": "https://pokeapi.co/api/v2/language/9/"}, "version": {"name": "ultra-moon", "url": "https://pokeapi.co/api/v2/version/30/"}}], "evolution_chain": {"url": "https://pokeapi.co/api/v2/evolution-chain/400/"}}