{
  "base_happiness": 70,
  "capture_rate": 50,
  "color": {
    "name": "green",
    "url": "https://pokeapi.co/api/v2/pokemon-color/5/"
  },
  "egg_groups": [
    {
      "name": "indeterminate",
      "url": "https://pokeapi.co/api/v2/egg-group/11/"
    }
  ],
  "evolution_chain": {
    "url": "https://pokeapi.co/api/v2/evolution-chain/294/"
  },
  "evolves_from_species": {
    "name": "duosion",
    "url": "https://pokeapi.co/api/v2/pokemon-species/578/"
  },
  "flavor_text_entries": [
    {
      "flavor_text": "Quand ils se tiennent par la main,\nleurs cerveaux forment un r\u00e9seau qui\nd\u00e9multiplie leurs pouvoirs psychiques.",
      "language": {
        "name": "fr",
        "url": "https://pokeapi.co/api/v2/language/5/"
      },
      "version": {
        "name": "black",
        "url": "https://pokeapi.co/api/v2/version/17/"
      }
    },
    {
      "flavor_text": "When Reuniclus shake hands, a network\nforms between their brains, increasing\ntheir psychic power.",
      "language": {
        "name": "en",
        "url": "https://pokeapi.co/api/v2/language/9/"
      },
      "version": {
        "name": "black",
        "url": "https://pokeapi.co/api/v2/version/17/"
      }
    },
    {
      "flavor_text": "Il combat avec ses bras assez puissants\npour broyer des rochers.\nC\u2019est un Pok\u00e9mon tr\u00e8s intelligent.",
      "language": {
        "name": "fr",
        "url": "https://pokeapi.co/api/v2/language/5/"
      },
      "version": {
        "name": "white",
        "url": "https://pokeapi.co/api/v2/version/18/"
      }
    },
    {
      "flavor_text": "These remarkably intelligent Pok\u00e9mon\nfight by controlling arms that can\ngrip with rock-crushing power.",
      "language": {
        "name": "en",
        "url": "https://pokeapi.co/api/v2/language/9/"
      },
      "version": {
        "name": "white",
        "url": "https://pokeapi.co/api/v2/version/18/"
      }
    },
    {
      "flavor_text": "They use psychic power to control their\narms, which are made of a special liquid.\nThey can crush boulders psychically.",
      "language": {
        "name": "en",
        "url": "https://pokeapi.co/api/v2/language/9/"
      },
      "version": {
        "name": "black-2",
        "url": "https://pokeapi.co/api/v2/version/21/"
      }
    },
    {
      "flavor_text": "They use psychic power to control their\narms, which are made of a special liquid.\nThey can crush boulders psychically.",
      "language": {
        "name": "en",
        "url": "https://pokeapi.co/api/v2/language/9/"
      },
      "version": {
        "name": "white-2",
        "url": "https://pokeapi.co/api/v2/version/22/"
      }
    },
    {
      "flavor_text": "\u306f\u3063\u304d\u3057\u305f\u3000\u30b5\u30a4\u30b3\u30d1\u30ef\u30fc\u3092\u3000\u3064\u304b\u3044\n\u3068\u304f\u3057\u3085\u306a\u3000\u3048\u304d\u305f\u3044\u3067\u3000\u3064\u304f\u3089\u308c\u305f\n\u3046\u3067\u3092\u3000\u3042\u3084\u3064\u308a\u3000\u3044\u308f\u3092\u3000\u304f\u3060\u304f\u3002",
      "language": {
        "name": "ja-Hrkt",
        "url": "https://pokeapi.co/api/v2/language/1/"
      },
      "version": {
        "name": "x",
        "url": "https://pokeapi.co/api/v2/version/23/"
      }
    },
    {
      "flavor_text": "\ubc1c\ud718\ud55c \uc0ac\uc774\ucf54 \ud30c\uc6cc\ub97c \uc0ac\uc6a9\ud574\n\ud2b9\uc218\ud55c \uc561\uccb4\ub85c \ub9cc\ub4e4\uc5b4\uc9c4\n\ud314\uc744 \uc870\uc885\ud574\uc11c \ubc14\uc704\ub97c \ubd80\uc21c\ub2e4.",
      "language": {
        "name": "ko",
        "url": "https://pokeapi.co/api/v2/language/3/"
      },
      "version": {
        "name": "x",
        "url": "https://pokeapi.co/api/v2/version/23/"
      }
    },
    {
      "flavor_text": "Ses bras, faits d\u2019une mati\u00e8re conduisant ses pouvoirs\npsychiques, sont assez puissants pour broyer des\nrochers.",
      "language": {
        "name": "fr",
        "url": "https://pokeapi.co/api/v2/language/5/"
      },
      "version": {
        "name": "x",
        "url": "https://pokeapi.co/api/v2/version/23/"
      }
    },
    {
      "flavor_text": "Seine Arme bestehen aus einer speziellen Fl\u00fcssigkeit.\nDank seiner Psycho-Kr\u00e4fte kann es mit ihnen\nFelsen zerschmettern.",
      "language": {
        "name": "de",
        "url": "https://pokeapi.co/api/v2/language/6/"
      },
      "version": {
        "name": "x",
        "url": "https://pokeapi.co/api/v2/version/23/"
      }
    },
    {
      "flavor_text": "Hacen gala de su poder ps\u00edquico y mueven sus brazos\ncompuestos de l\u00edquido para controlar rocas y hacerlas\na\u00f1icos.",
      "language": {
        "name": "es",
        "url": "https://pokeapi.co/api/v2/language/7/"
      },
      "version": {
        "name": "x",
        "url": "https://pokeapi.co/api/v2/version/23/"
      }
    },
    {
      "flavor_text": "Le sue braccia, piene di un liquido che convoglia\ni suoi poteri psichici, sono anche in grado di\nfrantumare le rocce.",
      "language": {
        "name": "it",
        "url": "https://pokeapi.co/api/v2/language/8/"
      },
      "version": {
        "name": "x",
        "url": "https://pokeapi.co/api/v2/version/23/"
      }
    },
    {
      "flavor_text": "They use psychic power to control their arms,\nwhich are made of a special liquid. They can crush\nboulders psychically.",
      "language": {
        "name": "en",
        "url": "https://pokeapi.co/api/v2/language/9/"
      },
      "version": {
        "name": "x",
        "url": "https://pokeapi.co/api/v2/version/23/"
      }
    },
    {
      "flavor_text": "\u767a\u63ee\u3057\u305f\u3000\u30b5\u30a4\u30b3\u30d1\u30ef\u30fc\u3092\u3000\u4f7f\u3044\n\u7279\u6b8a\u306a\u3000\u6db2\u4f53\u3067\u3000\u3064\u304f\u3089\u308c\u305f\n\u8155\u3092\u3000\u64cd\u308a\u3000\u5ca9\u3092\u3000\u7815\u304f\u3002",
      "language": {
        "name": "ja",
        "url": "https://pokeapi.co/api/v2/language/11/"
      },
      "version": {
        "name": "x",
        "url": "https://pokeapi.co/api/v2/version/23/"
      }
    },
    {
      "flavor_text": "\u30e9\u30f3\u30af\u30eb\u30b9\u3000\u3069\u3046\u3057\u304c\u3000\u3042\u304f\u3057\u3085\u3059\u308b\u3068\n\u306e\u3046\u307f\u305d\u304c\u3000\u30cd\u30c3\u30c8\u30ef\u30fc\u30af\u3067\u3000\u3064\u306a\u304c\u308a\n\u30b5\u30a4\u30b3\u30d1\u30ef\u30fc\u304c\u3000\u305e\u3046\u3075\u304f\u3055\u308c\u308b\u306e\u3060\u3002",
      "language": {
        "name": "ja-Hrkt",
        "url": "https://pokeapi.co/api/v2/language/1/"
      },
      "version": {
        "name": "y",
        "url": "https://pokeapi.co/api/v2/version/24/"
      }
    },
    {
      "flavor_text": "\ub780\ucfe8\ub8e8\uc2a4\ub07c\ub9ac \uc545\uc218\ub97c \ud558\uba74\n\ub1cc\uac00 \ub124\ud2b8\uc6cc\ud06c\ucc98\ub7fc \uc5f0\uacb0\ub418\uc5b4\n\uc0ac\uc774\ucf54 \ud30c\uc6cc\uac00 \uc99d\ud3ed\ub41c\ub2e4.",
      "language": {
        "name": "ko",
        "url": "https://pokeapi.co/api/v2/language/3/"
      },
      "version": {
        "name": "y",
        "url": "https://pokeapi.co/api/v2/version/24/"
      }
    },
    {
      "flavor_text": "Quand ils se tiennent par la main, leurs cerveaux\nforment un r\u00e9seau qui d\u00e9multiplie leurs pouvoirs\npsychiques.",
      "language": {
        "name": "fr",
        "url": "https://pokeapi.co/api/v2/language/5/"
      },
      "version": {
        "name": "y",
        "url": "https://pokeapi.co/api/v2/version/24/"
      }
    },
    {
      "flavor_text": "Sch\u00fctteln sich zwei von ihnen die H\u00e4nde, bilden ihre\nDenkapparate ein Netzwerk und ihre Psycho-Kr\u00e4fte\nwerden st\u00e4rker.",
      "language": {
        "name": "de",
        "url": "https://pokeapi.co/api/v2/language/6/"
      },
      "version": {
        "name": "y",
        "url": "https://pokeapi.co/api/v2/version/24/"
      }
    },
    {
      "flavor_text": "Cuando los Reuniclus se dan la mano, sus cerebros se\nconectan y multiplican sus poderes ps\u00edquicos.",
      "language": {
        "name": "es",
        "url": "https://pokeapi.co/api/v2/language/7/"
      },
      "version": {
        "name": "y",
        "url": "https://pokeapi.co/api/v2/version/24/"
      }
    },
    {
      "flavor_text": "Quando i Reuniclus si tengono per mano, i loro cervelli\nsi interconnettono e i poteri psichici si amplificano.",
      "language": {
        "name": "it",
        "url": "https://pokeapi.co/api/v2/language/8/"
      },
      "version": {
        "name": "y",
        "url": "https://pokeapi.co/api/v2/version/24/"
      }
    },
    {
      "flavor_text": "When Reuniclus shake hands, a network forms\nbetween their brains, increasing their\npsychic power.",
      "language": {
        "name": "en",
        "url": "https://pokeapi.co/api/v2/language/9/"
      },
      "version": {
        "name": "y",
        "url": "https://pokeapi.co/api/v2/version/24/"
      }
    },
    {
      "flavor_text": "\u30e9\u30f3\u30af\u30eb\u30b9\u3000\u540c\u58eb\u304c\u3000\u63e1\u624b\u3059\u308b\u3068\n\u8133\u307f\u305d\u304c\u3000\u30cd\u30c3\u30c8\u30ef\u30fc\u30af\u3067\u3000\u3064\u306a\u304c\u308a\n\u30b5\u30a4\u30b3\u30d1\u30ef\u30fc\u304c\u3000\u5897\u5e45\u3055\u308c\u308b\u306e\u3060\u3002",
      "language": {
        "name": "ja",
        "url": "https://pokeapi.co/api/v2/language/11/"
      },
      "version": {
        "name": "y",
        "url": "https://pokeapi.co/api/v2/version/24/"
      }
    },
    {
      "flavor_text": "\u306f\u3063\u304d\u3057\u305f\u3000\u30b5\u30a4\u30b3\u30d1\u30ef\u30fc\u3092\u3000\u3064\u304b\u3044\n\u3068\u304f\u3057\u3085\u306a\u3000\u3048\u304d\u305f\u3044\u3067\u3000\u3064\u304f\u3089\u308c\u305f\n\u3046\u3067\u3092\u3000\u3042\u3084\u3064\u308a\u3000\u3044\u308f\u3092\u3000\u304f\u3060\u304f\u3002",
      "language": {
        "name": "ja-Hrkt",
        "url": "https://pokeapi.co/api/v2/language/1/"
      },
      "version": {
        "name": "omega-ruby",
        "url": "https://pokeapi.co/api/v2/version/25/"
      }
    },
    {
      "flavor_text": "\ubc1c\ud718\ud55c \uc0ac\uc774\ucf54 \ud30c\uc6cc\ub97c \uc0ac\uc6a9\ud574\n\ud2b9\uc218\ud55c \uc561\uccb4\ub85c \ub9cc\ub4e4\uc5b4\uc9c4\n\ud314\uc744 \uc870\uc885\ud574\uc11c \ubc14\uc704\ub97c \ubd80\uc21c\ub2e4.",
      "language": {
        "name": "ko",
        "url": "https://pokeapi.co/api/v2/language/3/"
      },
      "version": {
        "name": "omega-ruby",
        "url": "https://pokeapi.co/api/v2/version/25/"
      }
    },
    {
      "flavor_text": "Ses bras, faits d\u2019une mati\u00e8re conduisant ses pouvoirs\npsychiques, sont assez puissants pour broyer des rochers.",
      "language": {
        "name": "fr",
        "url": "https://pokeapi.co/api/v2/language/5/"
      },
      "version": {
        "name": "omega-ruby",
        "url": "https://pokeapi.co/api/v2/version/25/"
      }
    },
    {
      "flavor_text": "Seine Arme bestehen aus einer speziellen Fl\u00fcssigkeit. Dank\nseiner Psycho-Kr\u00e4fte kann es mit ihnen Felsen zerschmettern.",
      "language": {
        "name": "de",
        "url": "https://pokeapi.co/api/v2/language/6/"
      },
      "version": {
        "name": "omega-ruby",
        "url": "https://pokeapi.co/api/v2/version/25/"
      }
    },
    {
      "flavor_text": "Hacen gala de su poder ps\u00edquico y mueven sus brazos\ncompuestos de l\u00edquido para controlar rocas y hacerlas\na\u00f1icos.",
      "language": {
        "name": "es",
        "url": "https://pokeapi.co/api/v2/language/7/"
      },
      "version": {
        "name": "omega-ruby",
        "url": "https://pokeapi.co/api/v2/version/25/"
      }
    },
    {
      "flavor_text": "Le sue braccia, piene di un liquido che convoglia i suoi poteri\npsichici, sono anche in grado di frantumare le rocce.",
      "language": {
        "name": "it",
        "url": "https://pokeapi.co/api/v2/language/8/"
      },
      "version": {
        "name": "omega-ruby",
        "url": "https://pokeapi.co/api/v2/version/25/"
      }
    },
    {
      "flavor_text": "They use psychic power to control their arms,\nwhich are made of a special liquid. They can crush\nboulders psychically.",
      "language": {
        "name": "en",
        "url": "https://pokeapi.co/api/v2/language/9/"
      },
      "version": {
        "name": "omega-ruby",
        "url": "https://pokeapi.co/api/v2/version/25/"
      }
    },
    {
      "flavor_text": "\u767a\u63ee\u3057\u305f\u3000\u30b5\u30a4\u30b3\u30d1\u30ef\u30fc\u3092\u3000\u4f7f\u3044\n\u7279\u6b8a\u306a\u3000\u6db2\u4f53\u3067\u3000\u3064\u304f\u3089\u308c\u305f\n\u8155\u3092\u3000\u64cd\u308a\u3000\u5ca9\u3092\u3000\u7815\u304f\u3002",
      "language": {
        "name": "ja",
        "url": "https://pokeapi.co/api/v2/language/11/"
      },
      "version": {
        "name": "omega-ruby",
        "url": "https://pokeapi.co/api/v2/version/25/"
      }
    },
    {
      "flavor_text": "\u30e9\u30f3\u30af\u30eb\u30b9\u3000\u3069\u3046\u3057\u304c\u3000\u3042\u304f\u3057\u3085\u3059\u308b\u3068\n\u306e\u3046\u307f\u305d\u304c\u3000\u30cd\u30c3\u30c8\u30ef\u30fc\u30af\u3067\u3000\u3064\u306a\u304c\u308a\n\u30b5\u30a4\u30b3\u30d1\u30ef\u30fc\u304c\u3000\u305e\u3046\u3075\u304f\u3055\u308c\u308b\u306e\u3060\u3002",
      "language": {
        "name": "ja-Hrkt",
        "url": "https://pokeapi.co/api/v2/language/1/"
      },
      "version": {
        "name": "alpha-sapphire",
        "url": "https://pokeapi.co/api/v2/version/26/"
      }
    },
    {
      "flavor_text": "\ub780\ucfe8\ub8e8\uc2a4\ub07c\ub9ac \uc545\uc218\ub97c \ud558\uba74\n\ub1cc\uac00 \ub124\ud2b8\uc6cc\ud06c\ucc98\ub7fc \uc5f0\uacb0\ub418\uc5b4\n\uc0ac\uc774\ucf54 \ud30c\uc6cc\uac00 \uc99d\ud3ed\ub41c\ub2e4.",
      "language": {
        "name": "ko",
        "url": "https://pokeapi.co/api/v2/language/3/"
      },
      "version": {
        "name": "alpha-sapphire",
        "url": "https://pokeapi.co/api/v2/version/26/"
      }
    },
    {
      "flavor_text": "Quand ils se tiennent par la main, leurs cerveaux forment\nun r\u00e9seau qui d\u00e9multiplie leurs pouvoirs psychiques.",
      "language": {
        "name": "fr",
        "url": "https://pokeapi.co/api/v2/language/5/"
      },
      "version": {
        "name": "alpha-sapphire",
        "url": "https://pokeapi.co/api/v2/version/26/"
      }
    },
    {
      "flavor_text": "Sch\u00fctteln sich zwei von ihnen die H\u00e4nde, bilden ihre\nDenkapparate ein Netzwerk und ihre Psycho-Kr\u00e4fte\nwerden st\u00e4rker.",
      "language": {
        "name": "de",
        "url": "https://pokeapi.co/api/v2/language/6/"
      },
      "version": {
        "name": "alpha-sapphire",
        "url": "https://pokeapi.co/api/v2/version/26/"
      }
    },
    {
      "flavor_text": "Cuando los Reuniclus se dan la mano, sus cerebros se\nconectan y multiplican sus poderes ps\u00edquicos.",
      "language": {
        "name": "es",
        "url": "https://pokeapi.co/api/v2/language/7/"
      },
      "version": {
        "name": "alpha-sapphire",
        "url": "https://pokeapi.co/api/v2/version/26/"
      }
    },
    {
      "flavor_text": "Quando i Reuniclus si tengono per mano, i loro cervelli\nsi interconnettono e i poteri psichici si amplificano.",
      "language": {
        "name": "it",
        "url": "https://pokeapi.co/api/v2/language/8/"
      },
      "version": {
        "name": "alpha-sapphire",
        "url": "https://pokeapi.co/api/v2/version/26/"
      }
    },
    {
      "flavor_text": "When Reuniclus shake hands, a network forms\nbetween their brains, increasing their\npsychic power.",
      "language": {
        "name": "en",
        "url": "https://pokeapi.co/api/v2/language/9/"
      },
      "version": {
        "name": "alpha-sapphire",
        "url": "https://pokeapi.co/api/v2/version/26/"
      }
    },
    {
      "flavor_text": "\u30e9\u30f3\u30af\u30eb\u30b9\u3000\u540c\u58eb\u304c\u3000\u63e1\u624b\u3059\u308b\u3068\n\u8133\u307f\u305d\u304c\u3000\u30cd\u30c3\u30c8\u30ef\u30fc\u30af\u3067\u3000\u3064\u306a\u304c\u308a\n\u30b5\u30a4\u30b3\u30d1\u30ef\u30fc\u304c\u3000\u5897\u5e45\u3055\u308c\u308b\u306e\u3060\u3002",
      "language": {
        "name": "ja",
        "url": "https://pokeapi.co/api/v2/language/11/"
      },
      "version": {
        "name": "alpha-sapphire",
        "url": "https://pokeapi.co/api/v2/version/26/"
      }
    },
    {
      "flavor_text": "\u3061\u3087\u3046\u306e\u3046\u308a\u3087\u304f\u3092\u3000\u3064\u304b\u3046\u3088\u308a\u3082\n\u3058\u307e\u3093\u306e\u3000\u3046\u3067\u3092\u3000\u3076\u3093\u307e\u308f\u3057\u3066\n\u306a\u3050\u308a\u305f\u304a\u3059\u306e\u3092\u3000\u3053\u306e\u3093\u3067\u3044\u308b\u3002",
      "language": {
        "name": "ja-Hrkt",
        "url": "https://pokeapi.co/api/v2/language/1/"
      },
      "version": {
        "name": "sword",
        "url": "https://pokeapi.co/api/v2/version/33/"
      }
    },
    {
      "flavor_text": "\ucd08\ub2a5\ub825\uc744 \uc0ac\uc6a9\ud558\ub294 \uac83\ubcf4\ub2e4\ub294\n\uc790\ub791\uac70\ub9ac\uc778 \ud314\uc744 \ud718\ub458\ub7ec\uc11c\n\ub54c\ub824\ub215\ud788\ub294 \uac83\uc744 \uc120\ud638\ud55c\ub2e4.",
      "language": {
        "name": "ko",
        "url": "https://pokeapi.co/api/v2/language/3/"
      },
      "version": {
        "name": "sword",
        "url": "https://pokeapi.co/api/v2/version/33/"
      }
    },
    {
      "flavor_text": "\u6bd4\u8d77\u4f7f\u7528\u8d85\u80fd\u529b\uff0c\n\u7260\u66f4\u559c\u6b61\u9760\u8457\u63ee\u52d5\n\u81ea\u50b2\u7684\u624b\u81c2\u4f86\u6253\u5012\u5c0d\u624b\u3002",
      "language": {
        "name": "zh-Hant",
        "url": "https://pokeapi.co/api/v2/language/4/"
      },
      "version": {
        "name": "sword",
        "url": "https://pokeapi.co/api/v2/version/33/"
      }
    },
    {
      "flavor_text": "Fier d\u2019avoir des bras, il pr\u00e9f\u00e8re s\u2019en servir\npour assommer ses adversaires plut\u00f4t que\nd\u2019avoir recours \u00e0 ses pouvoirs psychiques.",
      "language": {
        "name": "fr",
        "url": "https://pokeapi.co/api/v2/language/5/"
      },
      "version": {
        "name": "sword",
        "url": "https://pokeapi.co/api/v2/version/33/"
      }
    },
    {
      "flavor_text": "Es ist stolz auf seine beiden Arme und greift bei\nK\u00e4mpfen lieber auf diese zur\u00fcck, anstatt seine\n\u00fcbernat\u00fcrlichen Kr\u00e4fte einzusetzen.",
      "language": {
        "name": "de",
        "url": "https://pokeapi.co/api/v2/language/6/"
      },
      "version": {
        "name": "sword",
        "url": "https://pokeapi.co/api/v2/version/33/"
      }
    },
    {
      "flavor_text": "Prefiere derribar a los rivales haciendo girar sus\nfuertes brazos antes que valerse de sus poderes\nextrasensoriales.",
      "language": {
        "name": "es",
        "url": "https://pokeapi.co/api/v2/language/7/"
      },
      "version": {
        "name": "sword",
        "url": "https://pokeapi.co/api/v2/version/33/"
      }
    },
    {
      "flavor_text": "Piuttosto che usare i suoi poteri soprannaturali,\npreferisce sferrare colpi facendo roteare\nenergicamente le braccia, di cui va molto fiero.",
      "language": {
        "name": "it",
        "url": "https://pokeapi.co/api/v2/language/8/"
      },
      "version": {
        "name": "sword",
        "url": "https://pokeapi.co/api/v2/version/33/"
      }
    },
    {
      "flavor_text": "While it could use its psychic abilities in battle,\nthis Pok\u00e9mon prefers to swing its powerful arms\naround to beat opponents into submission.",
      "language": {
        "name": "en",
        "url": "https://pokeapi.co/api/v2/language/9/"
      },
      "version": {
        "name": "sword",
        "url": "https://pokeapi.co/api/v2/version/33/"
      }
    },
    {
      "flavor_text": "\u8d85\u80fd\u529b\u3092\u3000\u4f7f\u3046\u3088\u308a\u3082\n\u81ea\u6162\u306e\u3000\u8155\u3092\u3000\u3076\u3093\u56de\u3057\u3066\n\u6bb4\u308a\u5012\u3059\u306e\u3092\u3000\u597d\u3093\u3067\u3044\u308b\u3002",
      "language": {
        "name": "ja",
        "url": "https://pokeapi.co/api/v2/language/11/"
      },
      "version": {
        "name": "sword",
        "url": "https://pokeapi.co/api/v2/version/33/"
      }
    },
    {
      "flavor_text": "\u6bd4\u8d77\u4f7f\u7528\u8d85\u80fd\u529b\uff0c\n\u5b83\u66f4\u559c\u6b22\u9760\u7740\u6325\u52a8\n\u81ea\u50b2\u7684\u624b\u81c2\u6765\u6253\u5012\u5bf9\u624b\u3002",
      "language": {
        "name": "zh-Hans",
        "url": "https://pokeapi.co/api/v2/language/12/"
      },
      "version": {
        "name": "sword",
        "url": "https://pokeapi.co/api/v2/version/33/"
      }
    },
    {
      "flavor_text": "\u3068\u304f\u3057\u3085\u306a\u3000\u3048\u304d\u305f\u3044\u3092\u3000\u306e\u3080\u3068\n\u3061\u3048\u3092\u3000\u3055\u305a\u304b\u308b\u3068\u3000\u3044\u308f\u308c\u308b\u304c\n\u30e9\u30f3\u30af\u30eb\u30b9\u3044\u304c\u3044\u306b\u306f\u3000\u3082\u3046\u3069\u304f\u3002",
      "language": {
        "name": "ja-Hrkt",
        "url": "https://pokeapi.co/api/v2/language/1/"
      },
      "version": {
        "name": "shield",
        "url": "https://pokeapi.co/api/v2/version/34/"
      }
    },
    {
      "flavor_text": "\ud2b9\uc218\ud55c \uc561\uccb4\ub97c \ub9c8\uc2dc\uba74\n\uc9c0\ud61c\ub97c \uc5bb\ub294\ub2e4\uace0 \uc804\ud574\uc9c0\uc9c0\ub9cc\n\ub780\ucfe8\ub8e8\uc2a4 \uc678\uc5d0\ub294 \ub9f9\ub3c5\uc774\ub2e4.",
      "language": {
        "name": "ko",
        "url": "https://pokeapi.co/api/v2/language/3/"
      },
      "version": {
        "name": "shield",
        "url": "https://pokeapi.co/api/v2/version/34/"
      }
    },
    {
      "flavor_text": "\u96d6\u7136\u6709\u4eba\u8aaa\u53ea\u8981\u559d\u6389\u7260\u7279\u6b8a\u7684\u6db2\u9ad4\n\u5c31\u80fd\u5f97\u5230\u667a\u6167\uff0c\u4f46\u5c0d\u4eba\u9020\u7d30\u80de\u5375\n\u4ee5\u5916\u4f86\u8aaa\uff0c\u90a3\u5176\u5be6\u662f\u5287\u6bd2\u3002",
      "language": {
        "name": "zh-Hant",
        "url": "https://pokeapi.co/api/v2/language/4/"
      },
      "version": {
        "name": "shield",
        "url": "https://pokeapi.co/api/v2/version/34/"
      }
    },
    {
      "flavor_text": "S\u2019il ne s\u2019agissait pas d\u2019un poison violent que seul\nSymbios peut boire, son curieux fluide pourrait,\nselon les dires, rendre plus intelligent.",
      "language": {
        "name": "fr",
        "url": "https://pokeapi.co/api/v2/language/5/"
      },
      "version": {
        "name": "shield",
        "url": "https://pokeapi.co/api/v2/version/34/"
      }
    },
    {
      "flavor_text": "Seine seltsame Fl\u00fcssigkeit soll gro\u00dfe Intelligenz\nverleihen, wenn man sie trinkt. Leider ist sie ein\nt\u00f6dliches Gift f\u00fcr alle au\u00dfer Zytomega.",
      "language": {
        "name": "de",
        "url": "https://pokeapi.co/api/v2/language/6/"
      },
      "version": {
        "name": "shield",
        "url": "https://pokeapi.co/api/v2/version/34/"
      }
    },
    {
      "flavor_text": "Al parecer, beber su l\u00edquido especial otorga un\nintelecto sin par, pero resulta muy venenoso,\nexcepto para los propios Reuniclus.",
      "language": {
        "name": "es",
        "url": "https://pokeapi.co/api/v2/language/7/"
      },
      "version": {
        "name": "shield",
        "url": "https://pokeapi.co/api/v2/version/34/"
      }
    },
    {
      "flavor_text": "Si dice che il suo liquido speciale doni\nintelligenza a chi lo beve, ma \u00e8 velenosissimo\nper tutti tranne che per Reuniclus.",
      "language": {
        "name": "it",
        "url": "https://pokeapi.co/api/v2/language/8/"
      },
      "version": {
        "name": "shield",
        "url": "https://pokeapi.co/api/v2/version/34/"
      }
    },
    {
      "flavor_text": "It\u2019s said that drinking the liquid surrounding\nReuniclus grants wisdom. Problem is, the liquid is\nhighly toxic to anything besides Reuniclus itself.",
      "language": {
        "name": "en",
        "url": "https://pokeapi.co/api/v2/language/9/"
      },
      "version": {
        "name": "shield",
        "url": "https://pokeapi.co/api/v2/version/34/"
      }
    },
    {
      "flavor_text": "\u7279\u6b8a\u306a\u3000\u6db2\u4f53\u3092\u3000\u98f2\u3080\u3068\n\u77e5\u6075\u3092\u3000\u6388\u304b\u308b\u3068\u3000\u3044\u308f\u308c\u308b\u304c\n\u30e9\u30f3\u30af\u30eb\u30b9\u4ee5\u5916\u306b\u306f\u3000\u731b\u6bd2\u3002",
      "language": {
        "name": "ja",
        "url": "https://pokeapi.co/api/v2/language/11/"
      },
      "version": {
        "name": "shield",
        "url": "https://pokeapi.co/api/v2/version/34/"
      }
    },
    {
      "flavor_text": "\u867d\u7136\u6709\u4eba\u8bf4\u53ea\u8981\u559d\u6389\u5b83\u7279\u6b8a\u7684\u6db2\u4f53\n\u5c31\u80fd\u5f97\u5230\u667a\u6167\uff0c\u4f46\u5bf9\u4eba\u9020\u7ec6\u80de\u5375\n\u4ee5\u5916\u6765\u8bf4\uff0c\u90a3\u5176\u5b9e\u662f\u5267\u6bd2\u3002",
      "language": {
        "name": "zh-Hans",
        "url": "https://pokeapi.co/api/v2/language/12/"
      },
      "version": {
        "name": "shield",
        "url": "https://pokeapi.co/api/v2/version/34/"
      }
    }
  ],
  "form_descriptions": [],
  "forms_switchable": false,
  "gender_rate": 4,
  "genera": [
    {
      "genus": "\u305e\u3046\u3075\u304f\u30dd\u30b1\u30e2\u30f3",
      "language": {
        "name": "ja-Hrkt",
        "url": "https://pokeapi.co/api/v2/language/1/"
      }
    },
    {
      "genus": "\uc99d\ud3ed\ud3ec\ucf13\ubaac",
      "language": {
        "name": "ko",
        "url": "https://pokeapi.co/api/v2/language/3/"
      }
    },
    {
      "genus": "\u589e\u5e45\u5bf6\u53ef\u5922",
      "language": {
        "name": "zh-Hant",
        "url": "https://pokeapi.co/api/v2/language/4/"
      }
    },
    {
      "genus": "Pok\u00e9mon Multipli\u00e9",
      "language": {
        "name": "fr",
        "url": "https://pokeapi.co/api/v2/language/5/"
      }
    },
    {
      "genus": "Vermehrungs-Pok\u00e9mon",
      "language": {
        "name": "de",
        "url": "https://pokeapi.co/api/v2/language/6/"
      }
    },
    {
      "genus": "Pok\u00e9mon Ampliaci\u00f3n",
      "language": {
        "name": "es",
        "url": "https://pokeapi.co/api/v2/language/7/"
      }
    },
    {
      "genus": "Pok\u00e9mon Espansione",
      "language": {
        "name": "it",
        "url": "https://pokeapi.co/api/v2/language/8/"
      }
    },
    {
      "genus": "Multiplying Pok\u00e9mon",
      "language": {
        "name": "en",
        "url": "https://pokeapi.co/api/v2/language/9/"
      }
    },
    {
      "genus": "\u305e\u3046\u3075\u304f\u30dd\u30b1\u30e2\u30f3",
      "language": {
        "name": "ja",
        "url": "https://pokeapi.co/api/v2/language/11/"
      }
    },
    {
      "genus": "\u589e\u5e45\u5b9d\u53ef\u68a6",
      "language": {
        "name": "zh-Hans",
        "url": "https://pokeapi.co/api/v2/language/12/"
      }
    }
  ],
  "generation": {
    "name": "generation-v",
    "url": "https://pokeapi.co/api/v2/generation/5/"
  },
  "growth_rate": {
    "name": "medium-slow",
    "url": "https://pokeapi.co/api/v2/growth-rate/4/"
  },
  "habitat": null,
  "has_gender_differences": false,
  "hatch_counter": 20,
  "id": 579,
  "is_baby": false,
  "is_legendary": false,
  "is_mythical": false,
  "name": "reuniclus",
  "names": [
    {
      "language": {
        "name": "ja-Hrkt",
        "url": "https://pokeapi.co/api/v2/language/1/"
      },
      "name": "\u30e9\u30f3\u30af\u30eb\u30b9"
    },
    {
      "language": {
        "name": "roomaji",
        "url": "https://pokeapi.co/api/v2/language/2/"
      },
      "name": "Lanculus"
    },
    {
      "language": {
        "name": "ko",
        "url": "https://pokeapi.co/api/v2/language/3/"
      },
      "name": "\ub780\ucfe8\ub8e8\uc2a4"
    },
    {
      "language": {
        "name": "zh-Hant",
        "url": "https://pokeapi.co/api/v2/language/4/"
      },
      "name": "\u4eba\u9020\u7d30\u80de\u5375"
    },
    {
      "language": {
        "name": "fr",
        "url": "https://pokeapi.co/api/v2/language/5/"
      },
      "name": "Symbios"
    },
    {
      "language": {
        "name": "de",
        "url": "https://pokeapi.co/api/v2/language/6/"
      },
      "name": "Zytomega"
    },
    {
      "language": {
        "name": "es",
        "url": "https://pokeapi.co/api/v2/language/7/"
      },
      "name": "Reuniclus"
    },
    {
      "language": {
        "name": "it",
        "url": "https://pokeapi.co/api/v2/language/8/"
      },
      "name": "Reuniclus"
    },
    {
      "language": {
        "name": "en",
        "url": "https://pokeapi.co/api/v2/language/9/"
      },
      "name": "Reuniclus"
    },
    {
      "language": {
        "name": "ja",
        "url": "https://pokeapi.co/api/v2/language/11/"
      },
      "name": "\u30e9\u30f3\u30af\u30eb\u30b9"
    },
    {
      "language": {
        "name": "zh-Hans",
        "url": "https://pokeapi.co/api/v2/language/12/"
      },
      "name": "\u4eba\u9020\u7ec6\u80de\u5375"
    }
  ],
  "order": 580,
  "pal_park_encounters": [],
  "pokedex_numbers": [
    {
      "entry_number": 579,
      "pokedex": {
        "name": "national",
        "url": "https://pokeapi.co/api/v2/pokedex/1/"
      }
    },
    {
      "entry_number": 85,
      "pokedex": {
        "name": "original-unova",
        "url": "https://pokeapi.co/api/v2/pokedex/8/"
      }
    },
    {
      "entry_number": 141,
      "pokedex": {
        "name": "updated-unova",
        "url": "https://pokeapi.co/api/v2/pokedex/9/"
      }
    },
    {
      "entry_number": 117,
      "pokedex": {
        "name": "kalos-coastal",
        "url": "https://pokeapi.co/api/v2/pokedex/13/"
      }
    },
    {
      "entry_number": 272,
      "pokedex": {
        "name": "galar",
        "url": "https://pokeapi.co/api/v2/pokedex/27/"
      }
    },
    {
      "entry_number": 56,
      "pokedex": {
        "name": "crown-tundra",
        "url": "https://pokeapi.co/api/v2/pokedex/29/"
      }
    },
    {
      "entry_number": 150,
      "pokedex": {
        "name": "blueberry",
        "url": "https://pokeapi.co/api/v2/pokedex/33/"
      }
    }
  ],
  "shape": {
    "name": "arms",
    "url": "https://pokeapi.co/api/v2/pokemon-shape/4/"
  },
  "varieties": [
    {
      "is_default": true,
      "pokemon": {
        "name": "reuniclus",
        "url": "https://pokeapi.co/api/v2/pokemon/579/"
      }
    }
  ]
}