{"flavor_text_entries": [{"flavor_text": "In the distant\npast, it was\nsomewhat stronger\fthan the horribly\nweak descendants\nthat exist today.", "language": {"name": "en", "url": "https://pokeapi.co/api/v2/language/9/"}, "version": {"name": "red", "url": "https://pokeapi.co/api/v2/version/1/"}}, {"flavor_text": "In the distant\npast, it was\nsomewhat stronger\fthan the horribly\nweak descendants\nthat exist today.", "language": {"name": "en", "url": "https://pokeapi.co/api/v2/language/9/"}, "version": {"name": "blue", "url": "https://pokeapi.co/api/v2/version/2/"}}, {"flavor_text": "Famous for being\nvery unreliable.\nIt can be found\fswimming in seas,\nlakes, rivers and\nshallow puddles.", "language": {"name": "en", "url": "https://pokeapi.co/api/v2/language/9/"}, "version": {"name": "yellow", "url": "https://pokeapi.co/api/v2/version/3/"}}, {"flavor_text": "An underpowered,\npathetic POK\u00e9MON.\nIt may jump high\fon rare occasions,\nbut never more\nthan seven feet.", "language": {"name": "en", "url": "https://pokeapi.co/api/v2/language/9/"}, "version": {"name": "gold", "url": "https://pokeapi.co/api/v2/version/4/"}}, {"flavor_text": "For no reason, it\njumps and splashes\nabout, making it\feasy for predators\nlike PIDGEOTTO to\ncatch it mid-jump.", "language": {"name": "en", "url": "https://pokeapi.co/api/v2/language/9/"}, "version": {"name": "silver", "url": "https://pokeapi.co/api/v2/version/5/"}}, {"flavor_text": "This weak and\npathetic POK\u00e9MON\ngets easily pushed\falong rivers when\nthere are strong\ncurrents.", "language": {"name": "en", "url": "https://pokeapi.co/api/v2/language/9/"}, "version": {"name": "crystal", "url": "https://pokeapi.co/api/v2/version/6/"}}, {"flavor_text": "MAGIKARP is a pathetic excuse for a\nPOK\u00e9MON that is only capable of\nflopping and splashing.\fThis behavior prompted scientists to\nundertake research into it.", "language": {"name": "en", "url": "https://pokeapi.co/api/v2/language/9/"}, "version": {"name": "ruby", "url": "https://pokeapi.co/api/v2/version/7/"}}, {"flavor_text": "MAGIKARP is virtually useless in battle\nas it can only splash around.\nAs a result, it is considered to be weak.\fHowever, it is actually a very hardy\nPOK\u00e9MON that can survive in any body of\nwater no matter how polluted it is.", "language": {"name": "en", "url": "https://pokeapi.co/api/v2/language/9/"}, "version": {"name": "sapphire", "url": "https://pokeapi.co/api/v2/version/8/"}}, {"flavor_text": "Its swimming muscles are weak, so it is\neasily washed away by currents. In places\nwhere water pools, you can see many\nMAGIKARP deposited there by the flow.", "language": {"name": "en", "url": "https://pokeapi.co/api/v2/language/9/"}, "version": {"name": "emerald", "url": "https://pokeapi.co/api/v2/version/9/"}}, {"flavor_text": "It is virtually worthless in terms of both\npower and speed. It is the most weak and\npathetic POK\u00e9MON in the world.", "language": {"name": "en", "url": "https://pokeapi.co/api/v2/language/9/"}, "version": {"name": "firered", "url": "https://pokeapi.co/api/v2/version/10/"}}, {"flavor_text": "In the distant past, it was somewhat\nstronger than the horribly weak\ndescendants that exist today.", "language": {"name": "en", "url": "https://pokeapi.co/api/v2/language/9/"}, "version": {"name": "leafgreen", "url": "https://pokeapi.co/api/v2/version/11/"}}, {"flavor_text": "It is said to be the world\u2019s\nweakest Pok\u00e9mon. No one knows why\nit has managed to survive.", "language": {"name": "en", "url": "https://pokeapi.co/api/v2/language/9/"}, "version": {"name": "diamond", "url": "https://pokeapi.co/api/v2/version/12/"}}, {"flavor_text": "It is unable to swim against even\nslow-moving currents. It always\nsplashes about for some reason.", "language": {"name": "en", "url": "https://pokeapi.co/api/v2/language/9/"}, "version": {"name": "pearl", "url": "https://pokeapi.co/api/v2/version/13/"}}, {"flavor_text": "A MAGIKARP living for many years\ncan leap a mountain using Splash.\nThe move remains useless, though.", "language": {"name": "en", "url": "https://pokeapi.co/api/v2/language/9/"}, "version": {"name": "platinum", "url": "https://pokeapi.co/api/v2/version/14/"}}, {"flavor_text": "An underpowered, pathetic Pok\u00e9mon.\nIt may jump high on rare occasions,\nbut usually not more than seven feet.", "language": {"name": "en", "url": "https://pokeapi.co/api/v2/language/9/"}, "version": {"name": "heartgold", "url": "https://pokeapi.co/api/v2/version/15/"}}, {"flavor_text": "For no reason, it jumps and splashes\nabout, making it easy for predators\nlike PIDGEOTTO to catch it mid-jump.", "language": {"name": "en", "url": "https://pokeapi.co/api/v2/language/9/"}, "version": {"name": "soulsilver", "url": "https://pokeapi.co/api/v2/version/16/"}}, {"flavor_text": "A Magikarp living for many years\ncan leap a mountain using Splash.\nThe move remains useless, though.", "language": {"name": "en", "url": "https://pokeapi.co/api/v2/language/9/"}, "version": {"name": "black", "url": "https://pokeapi.co/api/v2/version/17/"}}, {"flavor_text": "A Magikarp living for many years\ncan leap a mountain using Splash.\nThe move remains useless, though.", "language": {"name": "en", "url": "https://pokeapi.co/api/v2/language/9/"}, "version": {"name": "white", "url": "https://pokeapi.co/api/v2/version/18/"}}, {"flavor_text": "A Magikarp living for many years\ncan leap a mountain using Splash.\nThe move remains useless, though.", "language": {"name": "en", "url": "https://pokeapi.co/api/v2/language/9/"}, "version": {"name": "black-2", "url": "https://pokeapi.co/api/v2/version/21/"}}, {"flavor_text": "A Magikarp living for many years\ncan leap a mountain using Splash.\nThe move remains useless, though.", "language": {"name": "en", "url": "https://pokeapi.co/api/v2/language/9/"}, "version": {"name": "white-2", "url": "https://pokeapi.co/api/v2/version/22/"}}, {"flavor_text": "It is virtually worthless in terms of both power and\nspeed. It is the most weak and pathetic Pok\u00e9mon\nin the world.", "language": {"name": "en", "url": "https://pokeapi.co/api/v2/language/9/"}, "version": {"name": "x", "url": "https://pokeapi.co/api/v2/version/23/"}}, {"flavor_text": "In the distant past, it was somewhat stronger than\nthe horribly weak descendants that exist today.", "language": {"name": "en", "url": "https://pokeapi.co/api/v2/language/9/"}, "version": {"name": "y", "url": "https://pokeapi.co/api/v2/version/24/"}}, {"flavor_text": "Magikarp is a pathetic excuse for a Pok\u00e9mon that is only\ncapable of flopping and splashing. This behavior prompted\nscientists to undertake research into it.", "language": {"name": "en", "url": "https://pokeapi.co/api/v2/language/9/"}, "version": {"name": "omega-ruby", "url": "https://pokeapi.co/api/v2/version/25/"}}, {"flavor_text": "Magikarp is virtually useless in battle as it can only splash\naround. As a result, it is considered to be weak. However,\nit is actually a very hardy Pok\u00e9mon that can survive in any\nbody of water no matter how polluted it is.", "language": {"name": "en", "url": "https://pokeapi.co/api/v2/language/9/"}, "version": {"name": "alpha-sapphire", "url": "https://pokeapi.co/api/v2/version/26/"}}, {"flavor_text": "Although weak and helpless, this Pok\u00e9mon is\nincredibly fertile. They exist in such multitudes,\nyou\u2019ll soon grow tired of seeing them.", "language": {"name": "en", "url": "https://pokeapi.co/api/v2/language/9/"}, "version": {"name": "sun", "url": "https://pokeapi.co/api/v2/version/27/"}}, {"flavor_text": "Its reckless leaps make it easy pickings for\npredators. On the bright side, many Pok\u00e9mon\nenjoy longer life spans, thanks to Magikarp.", "language": {"name": "en", "url": "https://pokeapi.co/api/v2/language/9/"}, "version": {"name": "moon", "url": "https://pokeapi.co/api/v2/version/28/"}}, {"flavor_text": "In the distant past, they were fairly strong, but\nthey have become gradually weaker over time.", "language": {"name": "en", "url": "https://pokeapi.co/api/v2/language/9/"}, "version": {"name": "ultra-sun", "url": "https://pokeapi.co/api/v2/version/29/"}}, {"flavor_text": "Thanks to their strong hold on life, dirty water\ndoesn\u2019t bother them at all. They live in waters\nall over the world!", "language": {"name": "en", "url": "https://pokeapi.co/api/v2/language/9/"}, "version": {"name": "ultra-moon", "url": "https://pokeapi.co/api/v2/version/30/"}}, {"flavor_text": "Famous for being very unreliable. It can be\nfound swimming in seas, lakes, rivers,\nand shallow puddles.", "language": {"name": "en", "url": "https://pokeapi.co/api/v2/language/9/"}, "version": {"name": "lets-go-pikachu", "url": "https://pokeapi.co/api/v2/version/31/"}}, {"flavor_text": "Famous for being very unreliable. It can be\nfound swimming in seas, lakes, rivers,\nand shallow puddles.", "language": {"name": "en", "url": "https://pokeapi.co/api/v2/language/9/"}, "version": {"name": "lets-go-eevee", "url": "https://pokeapi.co/api/v2/version/32/"}}, {"flavor_text": "It is virtually worthless in terms of both power\nand speed. It is the most weak and pathetic\nPok\u00e9mon in the world.", "language": {"name": "en", "url": "https://pokeapi.co/api/v2/language/9/"}, "version": {"name": "sword", "url": "https://pokeapi.co/api/v2/version/33/"}}, {"flavor_text": "This weak and pathetic Pok\u00e9mon gets easily\npushed along rivers when there are strong currents.", "language": {"name": "en", "url": "https://pokeapi.co/api/v2/language/9/"}, "version": {"name": "shield", "url": "https://pokeapi.co/api/v2/version/34/"}}, {"flavor_text": "A feeble, pitiful imbecile of a Pok\u00e9mon that is nonetheless very\nhardy. Unperturbed by turbid water, it can be found living in all\nsorts of places.", "language": {"name": "en", "url": "https://pokeapi.co/api/v2/language/9/"}, "version": {"name": "legends-arceus", "url": "https://pokeapi.co/api/v2/version/39/"}}], "evolution_chain": {"url": "https://pokeapi.co/api/v2/evolution-chain/64/"}}