{"flavor_text_entries": [{"flavor_text": "This Pok\u00e9mon can store energy in its large dewlap. Mabosstiff unleashes this energy all at once to blow away enemies.", "language": {"name": "en", "url": "https://pokeapi.co/api/v2/language/9/"}, "version": {"name": "scarlet", "url": "https://pokeapi.co/api/v2/version/40/"}}, {"flavor_text": "Mabosstiff loves playing with children. Though usually gentle, it takes on an intimidating look when protecting its family.", "language": {"name": "en", "url": "https://pokeapi.co/api/v2/language/9/"}, "version": {"name": "violet", "url": "https://pokeapi.co/api/v2/version/41/"}}], "evolution_chain": {"url": "https://pokeapi.co/api/v2/evolution-chain/493/"}}