{"id": 827, "name": "nickit", "types": [{"slot": 1, "type": {"name": "dark", "url": "https://pokeapi.co/api/v2/type/17/"}}], "stats": [{"base_stat": 40, "effort": 0, "stat": {"name": "hp", "url": "https://pokeapi.co/api/v2/stat/1/"}}, {"base_stat": 28, "effort": 0, "stat": {"name": "attack", "url": "https://pokeapi.co/api/v2/stat/2/"}}, {"base_stat": 28, "effort": 0, "stat": {"name": "defense", "url": "https://pokeapi.co/api/v2/stat/3/"}}, {"base_stat": 47, "effort": 0, "stat": {"name": "special-attack", "url": "https://pokeapi.co/api/v2/stat/4/"}}, {"base_stat": 52, "effort": 1, "stat": {"name": "special-defense", "url": "https://pokeapi.co/api/v2/stat/5/"}}, {"base_stat": 50, "effort": 0, "stat": {"name": "speed", "url": "https://pokeapi.co/api/v2/stat/6/"}}], "abilities": [{"ability": {"name": "run-away", "url": "https://pokeapi.co/api/v2/ability/50/"}, "is_hidden": false, "slot": 1}, {"ability": {"name": "unburden", "url": "https://pokeapi.co/api/v2/ability/84/"}, "is_hidden": false, "slot": 2}, {"ability": {"name": "stakeout", "url": "https://pokeapi.co/api/v2/ability/198/"}, "is_hidden": true, "slot": 3}], "sprites": {"front_default": "https://raw.githubusercontent.com/PokeAPI/sprites/master/sprites/pokemon/827.png"}, "moves": [{"move": {"name": "tail-whip"}, "earliest_level": 1}, {"move": {"name": "dig"}, "earliest_level": null}, {"move": {"name": "agility"}, "earliest_level": null}, {"move": {"name": "quick-attack"}, "earliest_level": 1}, {"move": {"name": "screech"}, "earliest_level": null}, {"move": {"name": "swift"}, "earliest_level": null}, {"move": {"name": "rest"}, "earliest_level": null}, {"move": {"name": "substitute"}, "earliest_level": null}, {"move": {"name": "thief"}, "earliest_level": null}, {"move": {"name": "snore"}, "earliest_level": null}, {"move": {"name": "protect"}, "earliest_level": null}, {"move": {"name": "endure"}, "earliest_level": null}, {"move": {"name": "attract"}, "earliest_level": null}, {"move": {"name": "sleep-talk"}, "earliest_level": null}, {"move": {"name": "baton-pass"}, "earliest_level": null}, {"move": {"name": "beat-up"}, "earliest_level": 4}, {"move": {"name": "torment"}, "earliest_level": null}, {"move": {"name": "facade"}, "earliest_level": null}, {"move": {"name": "taunt"}, "earliest_level": null}, {"move": {"name": "knock-off"}, "earliest_level": null}, {"move": {"name": "fake-tears"}, "earliest_level": null}, {"move": {"name": "howl"}, "earliest_level": null}, {"move": {"name": "mud-shot"}, "earliest_level": null}, {"move": {"name": "assurance"}, "earliest_level": 16}, {"move": {"name": "sucker-punch"}, "earliest_level": 24}, {"move": {"name": "night-slash"}, "earliest_level": 28}, {"move": {"name": "nasty-plot"}, "earliest_level": 20}, {"move": {"name": "hone-claws"}, "earliest_level": 8}, {"move": {"name": "foul-play"}, "earliest_level": 36}, {"move": {"name": "round"}, "earliest_level": null}, {"move": {"name": "quick-guard"}, "earliest_level": null}, {"move": {"name": "tail-slap"}, "earliest_level": 32}, {"move": {"name": "snarl"}, "earliest_level": 12}, {"move": {"name": "play-rough"}, "earliest_level": null}, {"move": {"name": "lash-out"}, "earliest_level": null}], "species": {"url": "https://pokeapi.co/api/v2/pokemon-species/827/"}, "height": 6, "weight": 89}