{"id": 889, "name": "zamazenta", "types": [{"slot": 1, "type": {"name": "fighting", "url": "https://pokeapi.co/api/v2/type/2/"}}], "stats": [{"base_stat": 92, "effort": 0, "stat": {"name": "hp", "url": "https://pokeapi.co/api/v2/stat/1/"}}, {"base_stat": 120, "effort": 0, "stat": {"name": "attack", "url": "https://pokeapi.co/api/v2/stat/2/"}}, {"base_stat": 115, "effort": 0, "stat": {"name": "defense", "url": "https://pokeapi.co/api/v2/stat/3/"}}, {"base_stat": 80, "effort": 0, "stat": {"name": "special-attack", "url": "https://pokeapi.co/api/v2/stat/4/"}}, {"base_stat": 115, "effort": 0, "stat": {"name": "special-defense", "url": "https://pokeapi.co/api/v2/stat/5/"}}, {"base_stat": 138, "effort": 3, "stat": {"name": "speed", "url": "https://pokeapi.co/api/v2/stat/6/"}}], "abilities": [{"ability": {"name": "dauntless-shield", "url": "https://pokeapi.co/api/v2/ability/235/"}, "is_hidden": false, "slot": 1}], "sprites": {"front_default": "https://raw.githubusercontent.com/PokeAPI/sprites/master/sprites/pokemon/889.png"}, "moves": [{"move": {"name": "body-slam"}, "earliest_level": null}, {"move": {"name": "take-down"}, "earliest_level": null}, {"move": {"name": "bite"}, "earliest_level": 1}, {"move": {"name": "roar"}, "earliest_level": null}, {"move": {"name": "hyper-beam"}, "earliest_level": null}, {"move": {"name": "solar-beam"}, "earliest_level": null}, {"move": {"name": "dig"}, "earliest_level": null}, {"move": {"name": "agility"}, "earliest_level": null}, {"move": {"name": "quick-attack"}, "earliest_level": 1}, {"move": {"name": "light-screen"}, "earliest_level": null}, {"move": {"name": "reflect"}, "earliest_level": null}, {"move": {"name": "focus-energy"}, "earliest_level": null}, {"move": {"name": "swift"}, "earliest_level": null}, {"move": {"name": "rest"}, "earliest_level": null}, {"move": {"name": "slash"}, "earliest_level": 11}, {"move": {"name": "substitute"}, "earliest_level": null}, {"move": {"name": "snore"}, "earliest_level": null}, {"move": {"name": "reversal"}, "earliest_level": null}, {"move": {"name": "protect"}, "earliest_level": null}, {"move": {"name": "scary-face"}, "earliest_level": null}, {"move": {"name": "sandstorm"}, "earliest_level": null}, {"move": {"name": "endure"}, "earliest_level": null}, {"move": {"name": "sleep-talk"}, "earliest_level": null}, {"move": {"name": "safeguard"}, "earliest_level": null}, {"move": {"name": "iron-tail"}, "earliest_level": null}, {"move": {"name": "metal-claw"}, "earliest_level": 1}, {"move": {"name": "rain-dance"}, "earliest_level": null}, {"move": {"name": "sunny-day"}, "earliest_level": null}, {"move": {"name": "crunch"}, "earliest_level": 55}, {"move": {"name": "facade"}, "earliest_level": null}, {"move": {"name": "helping-hand"}, "earliest_level": null}, {"move": {"name": "revenge"}, "earliest_level": null}, {"move": {"name": "brick-break"}, "earliest_level": null}, {"move": {"name": "imprison"}, "earliest_level": null}, {"move": {"name": "hyper-voice"}, "earliest_level": null}, {"move": {"name": "iron-defense"}, "earliest_level": 22}, {"move": {"name": "howl"}, "earliest_level": 1}, {"move": {"name": "metal-burst"}, "earliest_level": 1}, {"move": {"name": "close-combat"}, "earliest_level": 77}, {"move": {"name": "payback"}, "earliest_level": null}, {"move": {"name": "power-swap"}, "earliest_level": null}, {"move": {"name": "guard-swap"}, "earliest_level": null}, {"move": {"name": "focus-blast"}, "earliest_level": null}, {"move": {"name": "giga-impact"}, "earliest_level": 88}, {"move": {"name": "thunder-fang"}, "earliest_level": null}, {"move": {"name": "ice-fang"}, "earliest_level": null}, {"move": {"name": "fire-fang"}, "earliest_level": null}, {"move": {"name": "flash-cannon"}, "earliest_level": null}, {"move": {"name": "iron-head"}, "earliest_level": 33}, {"move": {"name": "stone-edge"}, "earliest_level": null}, {"move": {"name": "wide-guard"}, "earliest_level": 1}, {"move": {"name": "heavy-slam"}, "earliest_level": null}, {"move": {"name": "round"}, "earliest_level": null}, {"move": {"name": "retaliate"}, "earliest_level": null}, {"move": {"name": "work-up"}, "earliest_level": null}, {"move": {"name": "wild-charge"}, "earliest_level": null}, {"move": {"name": "tail-slap"}, "earliest_level": null}, {"move": {"name": "snarl"}, "earliest_level": null}, {"move": {"name": "play-rough"}, "earliest_level": null}, {"move": {"name": "moonblast"}, "earliest_level": 66}, {"move": {"name": "dazzling-gleam"}, "earliest_level": null}, {"move": {"name": "laser-focus"}, "earliest_level": 44}, {"move": {"name": "psychic-fangs"}, "earliest_level": null}, {"move": {"name": "body-press"}, "earliest_level": null}, {"move": {"name": "steel-beam"}, "earliest_level": null}, {"move": {"name": "coaching"}, "earliest_level": null}, {"move": {"name": "tera-blast"}, "earliest_level": null}, {"move": {"name": "trailblaze"}, "earliest_level": null}], "species": {"url": "https://pokeapi.co/api/v2/pokemon-species/889/"}, "height": 29, "weight": 2100}