{
  "base_happiness": 70,
  "capture_rate": 190,
  "color": {
    "name": "white",
    "url": "https://pokeapi.co/api/v2/pokemon-color/9/"
  },
  "egg_groups": [
    {
      "name": "flying",
      "url": "https://pokeapi.co/api/v2/egg-group/4/"
    }
  ],
  "evolution_chain": {
    "url": "https://pokeapi.co/api/v2/evolution-chain/319/"
  },
  "evolves_from_species": null,
  "flavor_text_entries": [
    {
      "flavor_text": "They crush berries with their talons. They bravely\nstand up to any opponent, no matter how strong\nit is.",
      "language": {
        "name": "en",
        "url": "https://pokeapi.co/api/v2/language/9/"
      },
      "version": {
        "name": "omega-ruby",
        "url": "https://pokeapi.co/api/v2/version/25/"
      }
    },
    {
      "flavor_text": "Il casse les Baies avec ses serres.\nIl combat courageusement, quelle que\nsoit la force de l\u2019adversaire.",
      "language": {
        "name": "fr",
        "url": "https://pokeapi.co/api/v2/language/5/"
      },
      "version": {
        "name": "black",
        "url": "https://pokeapi.co/api/v2/version/17/"
      }
    },
    {
      "flavor_text": "They crush berries with their talons.\nThey bravely stand up to any opponent,\nno matter how strong it is.",
      "language": {
        "name": "en",
        "url": "https://pokeapi.co/api/v2/language/9/"
      },
      "version": {
        "name": "black",
        "url": "https://pokeapi.co/api/v2/version/17/"
      }
    },
    {
      "flavor_text": "Il d\u00e9fie sans discernement m\u00eame les\nennemis puissants. Il devient plus fort\nen multipliant les combats.",
      "language": {
        "name": "fr",
        "url": "https://pokeapi.co/api/v2/language/5/"
      },
      "version": {
        "name": "white",
        "url": "https://pokeapi.co/api/v2/version/18/"
      }
    },
    {
      "flavor_text": "They will challenge anything, even strong\nopponents, without fear. Their frequent\nfights help them become stronger.",
      "language": {
        "name": "en",
        "url": "https://pokeapi.co/api/v2/language/9/"
      },
      "version": {
        "name": "white",
        "url": "https://pokeapi.co/api/v2/version/18/"
      }
    },
    {
      "flavor_text": "It stands up to massive opponents, not\nout of courage, but out of recklessness.\nBut that is how it gets stronger.",
      "language": {
        "name": "en",
        "url": "https://pokeapi.co/api/v2/language/9/"
      },
      "version": {
        "name": "black-2",
        "url": "https://pokeapi.co/api/v2/version/21/"
      }
    },
    {
      "flavor_text": "It stands up to massive opponents, not\nout of courage, but out of recklessness.\nBut that is how it gets stronger.",
      "language": {
        "name": "en",
        "url": "https://pokeapi.co/api/v2/language/9/"
      },
      "version": {
        "name": "white-2",
        "url": "https://pokeapi.co/api/v2/version/22/"
      }
    },
    {
      "flavor_text": "\u304d\u3083\u304f\u308a\u3087\u304f\u3067\u3000\u304d\u306e\u307f\u3092\u3000\u304f\u3060\u304f\u3002\n\u3069\u3093\u306a\u306b\u3000\u3064\u3088\u3044\u3000\u3042\u3044\u3066\u3067\u3082\n\u3086\u3046\u304b\u3093\u306b\u3000\u305f\u3061\u3080\u304b\u3046\u3000\u3057\u3085\u3046\u305b\u3044\u3002",
      "language": {
        "name": "ja-Hrkt",
        "url": "https://pokeapi.co/api/v2/language/1/"
      },
      "version": {
        "name": "x",
        "url": "https://pokeapi.co/api/v2/version/23/"
      }
    },
    {
      "flavor_text": "\ub2e4\ub9ac \ud798\uc73c\ub85c \ub098\ubb34\uc5f4\ub9e4\ub97c \uc73c\uae6c\ub2e4.\n\uc544\ubb34\ub9ac \uac15\ud55c \uc0c1\ub300\ub77c\ub3c4\n\uc6a9\uac10\ud788 \ub9de\uc11c\ub294 \uc2b5\uc131\uc774 \uc788\ub2e4.",
      "language": {
        "name": "ko",
        "url": "https://pokeapi.co/api/v2/language/3/"
      },
      "version": {
        "name": "x",
        "url": "https://pokeapi.co/api/v2/version/23/"
      }
    },
    {
      "flavor_text": "Il casse les Baies avec ses serres. Il combat\ncourageusement, quelle que soit la force de\nl\u2019adversaire.",
      "language": {
        "name": "fr",
        "url": "https://pokeapi.co/api/v2/language/5/"
      },
      "version": {
        "name": "x",
        "url": "https://pokeapi.co/api/v2/version/23/"
      }
    },
    {
      "flavor_text": "Kann mit seinen F\u00fc\u00dfen N\u00fcsse zermalmen.\nEs stellt sich jedem noch so starken Gegner\ntapfer zum Kampf.",
      "language": {
        "name": "de",
        "url": "https://pokeapi.co/api/v2/language/6/"
      },
      "version": {
        "name": "x",
        "url": "https://pokeapi.co/api/v2/version/23/"
      }
    },
    {
      "flavor_text": "Quiebra bayas con sus extremidades. Se enfrenta con\nvalent\u00eda a todo enemigo por fuerte que este sea.",
      "language": {
        "name": "es",
        "url": "https://pokeapi.co/api/v2/language/7/"
      },
      "version": {
        "name": "x",
        "url": "https://pokeapi.co/api/v2/version/23/"
      }
    },
    {
      "flavor_text": "Si serve degli arti come schiaccianoci per rompere le\nbacche. Affronta con valore anche i nemici pi\u00f9 forti.",
      "language": {
        "name": "it",
        "url": "https://pokeapi.co/api/v2/language/8/"
      },
      "version": {
        "name": "x",
        "url": "https://pokeapi.co/api/v2/version/23/"
      }
    },
    {
      "flavor_text": "They crush berries with their talons. They bravely\nstand up to any opponent, no matter how strong\nit is.",
      "language": {
        "name": "en",
        "url": "https://pokeapi.co/api/v2/language/9/"
      },
      "version": {
        "name": "x",
        "url": "https://pokeapi.co/api/v2/version/23/"
      }
    },
    {
      "flavor_text": "\u811a\u529b\u3067\u3000\u6728\u306e\u5b9f\u3092\u3000\u7815\u304f\u3002\n\u3069\u3093\u306a\u306b\u3000\u5f37\u3044\u3000\u76f8\u624b\u3067\u3082\n\u52c7\u6562\u306b\u3000\u7acb\u3061\u5411\u304b\u3046\u3000\u7fd2\u6027\u3002",
      "language": {
        "name": "ja",
        "url": "https://pokeapi.co/api/v2/language/11/"
      },
      "version": {
        "name": "x",
        "url": "https://pokeapi.co/api/v2/version/23/"
      }
    },
    {
      "flavor_text": "\u3064\u3088\u3044\u3000\u3042\u3044\u3066\u306b\u3082\u3000\u307f\u3055\u304b\u3044\u306a\u304f\n\u305f\u305f\u304b\u3044\u3092\u3000\u3044\u3069\u3080\u3002\u305f\u305f\u304b\u3044\u3092\n\u304f\u308a\u304b\u3048\u3059\u3000\u3053\u3068\u3067\u3000\u3064\u3088\u304f\u306a\u308b\u306e\u3060\u3002",
      "language": {
        "name": "ja-Hrkt",
        "url": "https://pokeapi.co/api/v2/language/1/"
      },
      "version": {
        "name": "y",
        "url": "https://pokeapi.co/api/v2/version/24/"
      }
    },
    {
      "flavor_text": "\uac15\ud55c \uc0c1\ub300\uc5d0\uac8c\ub3c4 \ubb34\uc791\uc815\n\uc2f8\uc6c0\uc744 \uac74\ub2e4. \uc2f8\uc6c0\uc744 \uacc4\uc18d\n\ubc18\ubcf5\ud558\uba70 \uac15\ud574\uc9c4\ub2e4.",
      "language": {
        "name": "ko",
        "url": "https://pokeapi.co/api/v2/language/3/"
      },
      "version": {
        "name": "y",
        "url": "https://pokeapi.co/api/v2/version/24/"
      }
    },
    {
      "flavor_text": "Il d\u00e9fie sans discernement m\u00eame les ennemis\npuissants. Il devient plus fort en multipliant les\ncombats.",
      "language": {
        "name": "fr",
        "url": "https://pokeapi.co/api/v2/language/5/"
      },
      "version": {
        "name": "y",
        "url": "https://pokeapi.co/api/v2/version/24/"
      }
    },
    {
      "flavor_text": "Es zettelt willk\u00fcrlich K\u00e4mpfe an, egal wie stark\nder Gegner auch ist. Es gewinnt an St\u00e4rke,\nindem es seine Fehler analysiert.",
      "language": {
        "name": "de",
        "url": "https://pokeapi.co/api/v2/language/6/"
      },
      "version": {
        "name": "y",
        "url": "https://pokeapi.co/api/v2/version/24/"
      }
    },
    {
      "flavor_text": "Desaf\u00eda indiscriminadamente a rivales poderosos.\nLibrar numerosas batallas lo hace fuerte.",
      "language": {
        "name": "es",
        "url": "https://pokeapi.co/api/v2/language/7/"
      },
      "version": {
        "name": "y",
        "url": "https://pokeapi.co/api/v2/version/24/"
      }
    },
    {
      "flavor_text": "Sfida indiscriminatamente avversari anche pi\u00f9 forti\ndi lui. Si irrobustisce a forza di lottare.",
      "language": {
        "name": "it",
        "url": "https://pokeapi.co/api/v2/language/8/"
      },
      "version": {
        "name": "y",
        "url": "https://pokeapi.co/api/v2/version/24/"
      }
    },
    {
      "flavor_text": "They will challenge anything, even strong\nopponents, without fear. Their frequent fights help\nthem become stronger.",
      "language": {
        "name": "en",
        "url": "https://pokeapi.co/api/v2/language/9/"
      },
      "version": {
        "name": "y",
        "url": "https://pokeapi.co/api/v2/version/24/"
      }
    },
    {
      "flavor_text": "\u5f37\u3044\u3000\u76f8\u624b\u306b\u3082\u3000\u898b\u5883\u306a\u304f\u3000\u6226\u3044\u3092\n\u6311\u3080\u3002\u6226\u3044\u3092\u3000\u7e70\u308a\u8fd4\u3059\u3000\u3053\u3068\u3067\n\u5f37\u304f\u306a\u308b\u306e\u3060\u3002",
      "language": {
        "name": "ja",
        "url": "https://pokeapi.co/api/v2/language/11/"
      },
      "version": {
        "name": "y",
        "url": "https://pokeapi.co/api/v2/version/24/"
      }
    },
    {
      "flavor_text": "\u304d\u3083\u304f\u308a\u3087\u304f\u3067\u3000\u304d\u306e\u307f\u3092\u3000\u304f\u3060\u304f\u3002\n\u3069\u3093\u306a\u306b\u3000\u3064\u3088\u3044\u3000\u3042\u3044\u3066\u3067\u3082\n\u3086\u3046\u304b\u3093\u306b\u3000\u305f\u3061\u3080\u304b\u3046\u3000\u3057\u3085\u3046\u305b\u3044\u3002",
      "language": {
        "name": "ja-Hrkt",
        "url": "https://pokeapi.co/api/v2/language/1/"
      },
      "version": {
        "name": "omega-ruby",
        "url": "https://pokeapi.co/api/v2/version/25/"
      }
    },
    {
      "flavor_text": "\ub2e4\ub9ac \ud798\uc73c\ub85c \ub098\ubb34\uc5f4\ub9e4\ub97c \uc73c\uae6c\ub2e4.\n\uc544\ubb34\ub9ac \uac15\ud55c \uc0c1\ub300\ub77c\ub3c4\n\uc6a9\uac10\ud788 \ub9de\uc11c\ub294 \uc2b5\uc131\uc774 \uc788\ub2e4.",
      "language": {
        "name": "ko",
        "url": "https://pokeapi.co/api/v2/language/3/"
      },
      "version": {
        "name": "omega-ruby",
        "url": "https://pokeapi.co/api/v2/version/25/"
      }
    },
    {
      "flavor_text": "Il casse les Baies avec ses serres. Il combat courageusement,\nquelle que soit la force de l\u2019adversaire.",
      "language": {
        "name": "fr",
        "url": "https://pokeapi.co/api/v2/language/5/"
      },
      "version": {
        "name": "omega-ruby",
        "url": "https://pokeapi.co/api/v2/version/25/"
      }
    },
    {
      "flavor_text": "Kann mit seinen F\u00fc\u00dfen N\u00fcsse zermalmen. Es stellt sich jedem\nnoch so starken Gegner tapfer zum Kampf.",
      "language": {
        "name": "de",
        "url": "https://pokeapi.co/api/v2/language/6/"
      },
      "version": {
        "name": "omega-ruby",
        "url": "https://pokeapi.co/api/v2/version/25/"
      }
    },
    {
      "flavor_text": "Quiebra bayas con sus extremidades. Se enfrenta con valent\u00eda\na todo enemigo por fuerte que este sea.",
      "language": {
        "name": "es",
        "url": "https://pokeapi.co/api/v2/language/7/"
      },
      "version": {
        "name": "omega-ruby",
        "url": "https://pokeapi.co/api/v2/version/25/"
      }
    },
    {
      "flavor_text": "Si serve degli arti come schiaccianoci per rompere le bacche.\nAffronta con valore anche i nemici pi\u00f9 forti.",
      "language": {
        "name": "it",
        "url": "https://pokeapi.co/api/v2/language/8/"
      },
      "version": {
        "name": "omega-ruby",
        "url": "https://pokeapi.co/api/v2/version/25/"
      }
    },
    {
      "flavor_text": "\u811a\u529b\u3067\u3000\u6728\u306e\u5b9f\u3092\u3000\u7815\u304f\u3002\n\u3069\u3093\u306a\u306b\u3000\u5f37\u3044\u3000\u76f8\u624b\u3067\u3082\n\u52c7\u6562\u306b\u3000\u7acb\u3061\u5411\u304b\u3046\u3000\u7fd2\u6027\u3002",
      "language": {
        "name": "ja",
        "url": "https://pokeapi.co/api/v2/language/11/"
      },
      "version": {
        "name": "omega-ruby",
        "url": "https://pokeapi.co/api/v2/version/25/"
      }
    },
    {
      "flavor_text": "\u3064\u3088\u3044\u3000\u3042\u3044\u3066\u306b\u3082\u3000\u307f\u3055\u304b\u3044\u306a\u304f\n\u305f\u305f\u304b\u3044\u3092\u3000\u3044\u3069\u3080\u3002\u305f\u305f\u304b\u3044\u3092\n\u304f\u308a\u304b\u3048\u3059\u3000\u3053\u3068\u3067\u3000\u3064\u3088\u304f\u306a\u308b\u306e\u3060\u3002",
      "language": {
        "name": "ja-Hrkt",
        "url": "https://pokeapi.co/api/v2/language/1/"
      },
      "version": {
        "name": "alpha-sapphire",
        "url": "https://pokeapi.co/api/v2/version/26/"
      }
    },
    {
      "flavor_text": "\uac15\ud55c \uc0c1\ub300\uc5d0\uac8c\ub3c4 \ubb34\uc791\uc815\n\uc2f8\uc6c0\uc744 \uac74\ub2e4. \uc2f8\uc6c0\uc744 \uacc4\uc18d\n\ubc18\ubcf5\ud558\uba70 \uac15\ud574\uc9c4\ub2e4.",
      "language": {
        "name": "ko",
        "url": "https://pokeapi.co/api/v2/language/3/"
      },
      "version": {
        "name": "alpha-sapphire",
        "url": "https://pokeapi.co/api/v2/version/26/"
      }
    },
    {
      "flavor_text": "Il d\u00e9fie sans discernement m\u00eame les ennemis puissants.\nIl devient plus fort en multipliant les combats.",
      "language": {
        "name": "fr",
        "url": "https://pokeapi.co/api/v2/language/5/"
      },
      "version": {
        "name": "alpha-sapphire",
        "url": "https://pokeapi.co/api/v2/version/26/"
      }
    },
    {
      "flavor_text": "Es zettelt willk\u00fcrlich K\u00e4mpfe an, egal wie stark der Gegner\nauch ist. Es gewinnt an St\u00e4rke, indem es seine Fehler\nanalysiert.",
      "language": {
        "name": "de",
        "url": "https://pokeapi.co/api/v2/language/6/"
      },
      "version": {
        "name": "alpha-sapphire",
        "url": "https://pokeapi.co/api/v2/version/26/"
      }
    },
    {
      "flavor_text": "Desaf\u00eda indiscriminadamente a rivales poderosos. Librar\nnumerosas batallas lo hace fuerte.",
      "language": {
        "name": "es",
        "url": "https://pokeapi.co/api/v2/language/7/"
      },
      "version": {
        "name": "alpha-sapphire",
        "url": "https://pokeapi.co/api/v2/version/26/"
      }
    },
    {
      "flavor_text": "Sfida indiscriminatamente avversari anche pi\u00f9 forti di lui.\nSi irrobustisce a forza di lottare.",
      "language": {
        "name": "it",
        "url": "https://pokeapi.co/api/v2/language/8/"
      },
      "version": {
        "name": "alpha-sapphire",
        "url": "https://pokeapi.co/api/v2/version/26/"
      }
    },
    {
      "flavor_text": "They will challenge anything, even strong\nopponents, without fear. Their frequent fights help\nthem become stronger.",
      "language": {
        "name": "en",
        "url": "https://pokeapi.co/api/v2/language/9/"
      },
      "version": {
        "name": "alpha-sapphire",
        "url": "https://pokeapi.co/api/v2/version/26/"
      }
    },
    {
      "flavor_text": "\u5f37\u3044\u3000\u76f8\u624b\u306b\u3082\u3000\u898b\u5883\u306a\u304f\u3000\u6226\u3044\u3092\n\u6311\u3080\u3002\u6226\u3044\u3092\u3000\u7e70\u308a\u8fd4\u3059\u3000\u3053\u3068\u3067\n\u5f37\u304f\u306a\u308b\u306e\u3060\u3002",
      "language": {
        "name": "ja",
        "url": "https://pokeapi.co/api/v2/language/11/"
      },
      "version": {
        "name": "alpha-sapphire",
        "url": "https://pokeapi.co/api/v2/version/26/"
      }
    },
    {
      "flavor_text": "\u307f\u3055\u304b\u3044\u306a\u304f\u3000\u305f\u305f\u304b\u3044\u3092\u3000\u3044\u3069\u3080\u3002\n\u305f\u304a\u308c\u308b\u305f\u3073\u306b\u3000\u304d\u305a\u3064\u304f\u305f\u3073\u306b\n\u3064\u3088\u304f\u3000\u305f\u304f\u307e\u3057\u304f\u3000\u305d\u3060\u3063\u3066\u3044\u304f\u3002",
      "language": {
        "name": "ja-Hrkt",
        "url": "https://pokeapi.co/api/v2/language/1/"
      },
      "version": {
        "name": "sun",
        "url": "https://pokeapi.co/api/v2/version/27/"
      }
    },
    {
      "flavor_text": "\ubb34\uc791\uc815 \uc2f8\uc6c0\uc744 \uac74\ub2e4.\n\uc4f0\ub7ec\uc9c8 \ub54c\ub9c8\ub2e4 \ub2e4\uce60 \ub54c\ub9c8\ub2e4\n\uac15\ud558\uace0 \ub2a0\ub984\ud558\uac8c \uc131\uc7a5\ud574\uac04\ub2e4.",
      "language": {
        "name": "ko",
        "url": "https://pokeapi.co/api/v2/language/3/"
      },
      "version": {
        "name": "sun",
        "url": "https://pokeapi.co/api/v2/version/27/"
      }
    },
    {
      "flavor_text": "\u6703\u4e0d\u7531\u5206\u8aaa\u6311\u8d77\u6230\u9b25\u3002\n\u96a8\u8457\u6bcf\u6b21\u88ab\u6253\u5012\uff0c\u6bcf\u6b21\u53d7\u50b7\uff0c\n\u6703\u6210\u9577\u5f97\u66f4\u5f37\u66f4\u58ef\u3002",
      "language": {
        "name": "zh-Hant",
        "url": "https://pokeapi.co/api/v2/language/4/"
      },
      "version": {
        "name": "sun",
        "url": "https://pokeapi.co/api/v2/version/27/"
      }
    },
    {
      "flavor_text": "Il s\u2019attaque \u00e0 tout ce qui bouge, sans\ndiscrimination. Ses blessures et \u00e9checs\nne font que le rendre plus fort.",
      "language": {
        "name": "fr",
        "url": "https://pokeapi.co/api/v2/language/5/"
      },
      "version": {
        "name": "sun",
        "url": "https://pokeapi.co/api/v2/version/27/"
      }
    },
    {
      "flavor_text": "Es zettelt willk\u00fcrlich K\u00e4mpfe an, egal wie\nstark der Gegner auch ist. Es gewinnt mit\njeder Niederlage und Blessur an St\u00e4rke.",
      "language": {
        "name": "de",
        "url": "https://pokeapi.co/api/v2/language/6/"
      },
      "version": {
        "name": "sun",
        "url": "https://pokeapi.co/api/v2/version/27/"
      }
    },
    {
      "flavor_text": "Desaf\u00eda indiscriminadamente a cualquier rival.\nCada vez que le hieren en combate o se debilita\nno hace sino aumentar su fortaleza.",
      "language": {
        "name": "es",
        "url": "https://pokeapi.co/api/v2/language/7/"
      },
      "version": {
        "name": "sun",
        "url": "https://pokeapi.co/api/v2/version/27/"
      }
    },
    {
      "flavor_text": "Si scaglia contro qualsiasi avversario.\nOgni volta che viene ferito o sconfitto,\ndiventa pi\u00f9 forte.",
      "language": {
        "name": "it",
        "url": "https://pokeapi.co/api/v2/language/8/"
      },
      "version": {
        "name": "sun",
        "url": "https://pokeapi.co/api/v2/version/27/"
      }
    },
    {
      "flavor_text": "They pick fights indiscriminately. They grow\nstronger and more powerful each time they\nfaint or are injured.",
      "language": {
        "name": "en",
        "url": "https://pokeapi.co/api/v2/language/9/"
      },
      "version": {
        "name": "sun",
        "url": "https://pokeapi.co/api/v2/version/27/"
      }
    },
    {
      "flavor_text": "\u898b\u5883\u306a\u304f\u3000\u52dd\u8ca0\u3092\u3000\u6311\u3080\u3002\n\u5012\u308c\u308b\u305f\u3073\u306b\u3000\u50b7\u3064\u304f\u305f\u3073\u306b\n\u5f37\u304f\u3000\u305f\u304f\u307e\u3057\u304f\u3000\u80b2\u3063\u3066\u3044\u304f\u3002",
      "language": {
        "name": "ja",
        "url": "https://pokeapi.co/api/v2/language/11/"
      },
      "version": {
        "name": "sun",
        "url": "https://pokeapi.co/api/v2/version/27/"
      }
    },
    {
      "flavor_text": "\u4f1a\u4e0d\u7531\u5206\u8bf4\u6311\u8d77\u6218\u6597\u3002\n\u968f\u7740\u6bcf\u6b21\u88ab\u6253\u5012\uff0c\u6bcf\u6b21\u53d7\u4f24\uff0c\n\u6210\u957f\u5f97\u66f4\u5f3a\u66f4\u58ee\u3002",
      "language": {
        "name": "zh-Hans",
        "url": "https://pokeapi.co/api/v2/language/12/"
      },
      "version": {
        "name": "sun",
        "url": "https://pokeapi.co/api/v2/version/27/"
      }
    },
    {
      "flavor_text": "\u3068\u304c\u3063\u305f\u30c4\u30e1\u3092\u3000\u3048\u3082\u306e\u306b\u3000\u3064\u304d\u305f\u3066\n\u3064\u3044\u3070\u3093\u3067\u3044\u308b\u3002\u3000\u304d\u306e\u307f\u3082\u3000\u305f\u3079\u308b\u304c\n\u304d\u307b\u3093\u3066\u304d\u306b\u3000\u306b\u304f\u3057\u3087\u304f\u306e\u3000\u30dd\u30b1\u30e2\u30f3\u3002",
      "language": {
        "name": "ja-Hrkt",
        "url": "https://pokeapi.co/api/v2/language/1/"
      },
      "version": {
        "name": "moon",
        "url": "https://pokeapi.co/api/v2/version/28/"
      }
    },
    {
      "flavor_text": "\ubfb0\uc871\ud55c \ubc1c\ud1b1\uc744 \uc0ac\ub0e5\uac10\uc5d0\uac8c \uaf42\uace0\n\ucabc\uc544 \uba39\ub294\ub2e4. \ub098\ubb34\uc5f4\ub9e4\ub3c4 \uba39\uc9c0\ub9cc\n\uae30\ubcf8\uc801\uc73c\ub85c \uc721\uc2dd \ud3ec\ucf13\ubaac\uc774\ub2e4.",
      "language": {
        "name": "ko",
        "url": "https://pokeapi.co/api/v2/language/3/"
      },
      "version": {
        "name": "moon",
        "url": "https://pokeapi.co/api/v2/version/28/"
      }
    },
    {
      "flavor_text": "\u7528\u5c16\u5c16\u7684\u722a\u5b50\u523a\u7a7f\u7375\u7269\n\u5f8c\u5544\u98df\u3002\u96d6\u7136\u4e5f\u6703\u5403\u6a39\u679c\uff0c\n\u4f46\u57fa\u672c\u4e0a\u662f\u8089\u98df\u6027\u5bf6\u53ef\u5922\u3002",
      "language": {
        "name": "zh-Hant",
        "url": "https://pokeapi.co/api/v2/language/4/"
      },
      "version": {
        "name": "moon",
        "url": "https://pokeapi.co/api/v2/version/28/"
      }
    },
    {
      "flavor_text": "Il agrippe ses proies avec ses serres effil\u00e9es\net les picore. Il lui arrive de manger des Baies,\nmais au fond c\u2019est un carnivore.",
      "language": {
        "name": "fr",
        "url": "https://pokeapi.co/api/v2/language/5/"
      },
      "version": {
        "name": "moon",
        "url": "https://pokeapi.co/api/v2/version/28/"
      }
    },
    {
      "flavor_text": "Mit seinen scharfen F\u00e4ngen packt es seine\nBeute und pickt danach. Generell ist es ein\nFleischfresser, es isst aber auch Beeren.",
      "language": {
        "name": "de",
        "url": "https://pokeapi.co/api/v2/language/6/"
      },
      "version": {
        "name": "moon",
        "url": "https://pokeapi.co/api/v2/version/28/"
      }
    },
    {
      "flavor_text": "Es un Pok\u00e9mon carn\u00edvoro, aunque no les hace\nascos a las bayas. Clava con ah\u00ednco sus garras\nafiladas en la presa para picotearla sin cesar.",
      "language": {
        "name": "es",
        "url": "https://pokeapi.co/api/v2/language/7/"
      },
      "version": {
        "name": "moon",
        "url": "https://pokeapi.co/api/v2/version/28/"
      }
    },
    {
      "flavor_text": "Infilza le prede con i suoi artigli affilati e le\nattacca a beccate. \u00c8 principalmente carnivoro,\nma pu\u00f2 mangiare anche le bacche.",
      "language": {
        "name": "it",
        "url": "https://pokeapi.co/api/v2/language/8/"
      },
      "version": {
        "name": "moon",
        "url": "https://pokeapi.co/api/v2/version/28/"
      }
    },
    {
      "flavor_text": "With its sharp claws, this Pok\u00e9mon pierces its\nprey, and then it pecks at them. Although it also\nconsumes berries, it\u2019s a carnivore at heart.",
      "language": {
        "name": "en",
        "url": "https://pokeapi.co/api/v2/language/9/"
      },
      "version": {
        "name": "moon",
        "url": "https://pokeapi.co/api/v2/version/28/"
      }
    },
    {
      "flavor_text": "\u5c16\u3063\u305f\u30c4\u30e1\u3092\u3000\u7372\u7269\u306b\u3000\u7a81\u304d\u7acb\u3066\n\u3064\u3044\u3070\u3093\u3067\u3044\u308b\u3002\u3000\u6728\u306e\u5b9f\u3082\u3000\u98df\u3079\u308b\u304c\n\u57fa\u672c\u7684\u306b\u3000\u8089\u98df\u306e\u3000\u30dd\u30b1\u30e2\u30f3\u3002",
      "language": {
        "name": "ja",
        "url": "https://pokeapi.co/api/v2/language/11/"
      },
      "version": {
        "name": "moon",
        "url": "https://pokeapi.co/api/v2/version/28/"
      }
    },
    {
      "flavor_text": "\u7528\u5c16\u5c16\u7684\u722a\u5b50\u523a\u7a7f\u730e\u7269\n\u5e76\u8fdb\u884c\u5544\u98df\u3002\u4e5f\u4f1a\u5403\u6811\u679c\uff0c\n\u4f46\u57fa\u672c\u4e0a\u662f\u8089\u98df\u7c7b\u5b9d\u53ef\u68a6\u3002",
      "language": {
        "name": "zh-Hans",
        "url": "https://pokeapi.co/api/v2/language/12/"
      },
      "version": {
        "name": "moon",
        "url": "https://pokeapi.co/api/v2/version/28/"
      }
    },
    {
      "flavor_text": "\u3064\u3088\u3044\u3000\u304d\u3083\u304f\u308a\u3087\u304f\u3068\u3000\u3058\u3087\u3046\u3076\u306a\n\u30c4\u30e1\u3067\u3000\u304b\u305f\u3044\u3000\u30b7\u30a7\u30eb\u30c0\u30fc\u306e\u3000\u30ab\u30e9\u3082\n\u304f\u3060\u3044\u3066\u3000\u306a\u304b\u307f\u3092\u3000\u3064\u3044\u3070\u3080\u3002",
      "language": {
        "name": "ja-Hrkt",
        "url": "https://pokeapi.co/api/v2/language/1/"
      },
      "version": {
        "name": "ultra-sun",
        "url": "https://pokeapi.co/api/v2/version/29/"
      }
    },
    {
      "flavor_text": "\uac15\ud55c \ub2e4\ub9bf\uc2ec\uacfc \ud2bc\ud2bc\ud55c \ubc1c\ud1b1\uc73c\ub85c\n\ub531\ub531\ud55c \uc140\ub7ec\uc758 \uaecd\uc9c8\ub3c4 \ubd80\uc218\uace0\n\uc548\uc5d0 \uc788\ub294 \ub0b4\uc6a9\ubb3c\uc744 \ucabc\uc544 \uba39\ub294\ub2e4.",
      "language": {
        "name": "ko",
        "url": "https://pokeapi.co/api/v2/language/3/"
      },
      "version": {
        "name": "ultra-sun",
        "url": "https://pokeapi.co/api/v2/version/29/"
      }
    },
    {
      "flavor_text": "\u9760\u8457\u5f37\u5927\u7684\u8173\u529b\u548c\u7d50\u5be6\u7684\u722a\u5b50\uff0c\n\u9023\u5927\u820c\u8c9d\u7684\u5805\u786c\u5916\u6bbc\u90fd\u80fd\u5f04\u788e\uff0c\n\u53bb\u5544\u98df\u88e1\u9762\u7684\u6771\u897f\u3002",
      "language": {
        "name": "zh-Hant",
        "url": "https://pokeapi.co/api/v2/language/4/"
      },
      "version": {
        "name": "ultra-sun",
        "url": "https://pokeapi.co/api/v2/version/29/"
      }
    },
    {
      "flavor_text": "Gr\u00e2ce \u00e0 ses pattes puissantes et \u00e0 ses serres\nrobustes, il arrive m\u00eame \u00e0 briser la coquille de\nKokiyas pour se d\u00e9lecter de son contenu.",
      "language": {
        "name": "fr",
        "url": "https://pokeapi.co/api/v2/language/5/"
      },
      "version": {
        "name": "ultra-sun",
        "url": "https://pokeapi.co/api/v2/version/29/"
      }
    },
    {
      "flavor_text": "Mit seinen kr\u00e4ftigen Beinen und robusten Krallen\nkann es selbst die harte Schale eines Muschas\naufbrechen und das Innere herauspicken.",
      "language": {
        "name": "de",
        "url": "https://pokeapi.co/api/v2/language/6/"
      },
      "version": {
        "name": "ultra-sun",
        "url": "https://pokeapi.co/api/v2/version/29/"
      }
    },
    {
      "flavor_text": "La fuerza de los talones y dureza de las garras\nle permiten perforar la coraza de los Shellder\npara picotear su cuerpo.",
      "language": {
        "name": "es",
        "url": "https://pokeapi.co/api/v2/language/7/"
      },
      "version": {
        "name": "ultra-sun",
        "url": "https://pokeapi.co/api/v2/version/29/"
      }
    },
    {
      "flavor_text": "Ha arti potenti e artigli robusti con cui riesce\na frantumare anche la corazza degli Shellder\nper poterne beccare il corpo all\u2019interno.",
      "language": {
        "name": "it",
        "url": "https://pokeapi.co/api/v2/language/8/"
      },
      "version": {
        "name": "ultra-sun",
        "url": "https://pokeapi.co/api/v2/version/29/"
      }
    },
    {
      "flavor_text": "With its powerful legs and sturdy claws, it can\ncrack even the hard shells of Shellder and pluck\nout their insides.",
      "language": {
        "name": "en",
        "url": "https://pokeapi.co/api/v2/language/9/"
      },
      "version": {
        "name": "ultra-sun",
        "url": "https://pokeapi.co/api/v2/version/29/"
      }
    },
    {
      "flavor_text": "\u5f37\u3044\u3000\u811a\u529b\u3068\u3000\u4e08\u592b\u306a\u3000\u30c4\u30e1\u3067\n\u786c\u3044\u3000\u30b7\u30a7\u30eb\u30c0\u30fc\u306e\u3000\u30ab\u30e9\u3082\n\u7815\u3044\u3066\u3000\u4e2d\u8eab\u3092\u3000\u3064\u3044\u3070\u3080\u3002",
      "language": {
        "name": "ja",
        "url": "https://pokeapi.co/api/v2/language/11/"
      },
      "version": {
        "name": "ultra-sun",
        "url": "https://pokeapi.co/api/v2/version/29/"
      }
    },
    {
      "flavor_text": "\u7528\u5f3a\u5927\u7684\u811a\u529b\u548c\u7ed3\u5b9e\u7684\u722a\u5b50\uff0c\n\u8fde\u5927\u820c\u8d1d\u7684\u575a\u786c\u5916\u58f3\u90fd\u80fd\u5f04\u788e\uff0c\n\u5c06\u91cc\u9762\u7684\u4e1c\u897f\u5544\u51fa\u6765\u3002",
      "language": {
        "name": "zh-Hans",
        "url": "https://pokeapi.co/api/v2/language/12/"
      },
      "version": {
        "name": "ultra-sun",
        "url": "https://pokeapi.co/api/v2/version/29/"
      }
    },
    {
      "flavor_text": "\u3046\u307e\u308c\u306a\u304c\u3089\u306e\u3000\u305b\u3093\u3057\u3068\u3000\u3088\u3070\u308c\u308b\u3002\n\u3046\u307e\u308c\u3066\u3000\u3059\u3050\u306b\u3000\u304a\u3084\u306b\u3000\u3044\u3069\u307f\n\u307f\u3068\u3081\u3066\u3082\u3089\u308f\u306a\u3051\u308c\u3070\u3000\u3044\u3051\u306a\u3044\u3002",
      "language": {
        "name": "ja-Hrkt",
        "url": "https://pokeapi.co/api/v2/language/1/"
      },
      "version": {
        "name": "ultra-moon",
        "url": "https://pokeapi.co/api/v2/version/30/"
      }
    },
    {
      "flavor_text": "\ud0c0\uace0\ub09c \uc804\uc0ac\ub77c\uace0 \ubd88\ub9b0\ub2e4.\n\ud0dc\uc5b4\ub098\uc790\ub9c8\uc790 \ubd80\ubaa8\uc5d0\uac8c \ub3c4\uc804\ud558\uc5ec\n\uc778\uc815\uc744 \ubc1b\uc544\uc57c \ud55c\ub2e4.",
      "language": {
        "name": "ko",
        "url": "https://pokeapi.co/api/v2/language/3/"
      },
      "version": {
        "name": "ultra-moon",
        "url": "https://pokeapi.co/api/v2/version/30/"
      }
    },
    {
      "flavor_text": "\u88ab\u7a31\u70ba\u5929\u751f\u7684\u6230\u58eb\u3002\u4e00\u51fa\u751f\n\u5c31\u5fc5\u9808\u6311\u6230\u81ea\u5df1\u7684\u7236\u6bcd\u89aa\uff0c\n\u4e26\u7372\u5f97\u7236\u6bcd\u89aa\u7684\u8a8d\u53ef\u3002",
      "language": {
        "name": "zh-Hant",
        "url": "https://pokeapi.co/api/v2/language/4/"
      },
      "version": {
        "name": "ultra-moon",
        "url": "https://pokeapi.co/api/v2/version/30/"
      }
    },
    {
      "flavor_text": "C\u2019est un guerrier endurci d\u00e8s sa naissance.\nIl commence d\u2019ailleurs par d\u00e9fier ses parents\nau combat pour leur prouver sa valeur.",
      "language": {
        "name": "fr",
        "url": "https://pokeapi.co/api/v2/language/5/"
      },
      "version": {
        "name": "ultra-moon",
        "url": "https://pokeapi.co/api/v2/version/30/"
      }
    },
    {
      "flavor_text": "Dieses Pok\u00e9mon gilt als geborener Krieger.\nKaum ist es geschl\u00fcpft, tritt es gegen seine\nEltern an, um ihre Anerkennung zu bekommen.",
      "language": {
        "name": "de",
        "url": "https://pokeapi.co/api/v2/language/6/"
      },
      "version": {
        "name": "ultra-moon",
        "url": "https://pokeapi.co/api/v2/version/30/"
      }
    },
    {
      "flavor_text": "Su especie es guerrera y belicosa por naturaleza\ny lo primero que hacen nada m\u00e1s nacer es medir\nsus fuerzas contra sus progenitores.",
      "language": {
        "name": "es",
        "url": "https://pokeapi.co/api/v2/language/7/"
      },
      "version": {
        "name": "ultra-moon",
        "url": "https://pokeapi.co/api/v2/version/30/"
      }
    },
    {
      "flavor_text": "\u00c8 considerato un lottatore nato: la prima cosa\nche fa quando viene al mondo \u00e8 sfidare i genitori\nper guadagnarsi la loro approvazione.",
      "language": {
        "name": "it",
        "url": "https://pokeapi.co/api/v2/language/8/"
      },
      "version": {
        "name": "ultra-moon",
        "url": "https://pokeapi.co/api/v2/version/30/"
      }
    },
    {
      "flavor_text": "Known as a natural-born warrior, soon after its\nhatching, it will challenge its parent to a fight in\norder to gain their acceptance.",
      "language": {
        "name": "en",
        "url": "https://pokeapi.co/api/v2/language/9/"
      },
      "version": {
        "name": "ultra-moon",
        "url": "https://pokeapi.co/api/v2/version/30/"
      }
    },
    {
      "flavor_text": "\u751f\u307e\u308c\u306a\u304c\u3089\u306e\u3000\u6226\u58eb\u3068\u3000\u547c\u3070\u308c\u308b\u3002\n\u751f\u307e\u308c\u3066\u3000\u3059\u3050\u306b\u3000\u89aa\u306b\u3000\u6311\u307f\n\u8a8d\u3081\u3066\u3082\u3089\u308f\u306a\u3051\u308c\u3070\u3000\u3044\u3051\u306a\u3044\u3002",
      "language": {
        "name": "ja",
        "url": "https://pokeapi.co/api/v2/language/11/"
      },
      "version": {
        "name": "ultra-moon",
        "url": "https://pokeapi.co/api/v2/version/30/"
      }
    },
    {
      "flavor_text": "\u88ab\u79f0\u4e3a\u5929\u751f\u7684\u6218\u58eb\u3002\n\u51fa\u751f\u540e\u5fc5\u987b\u7acb\u5373\u5411\u7236\u6bcd\u4eb2\u53d1\u8d77\u6311\u6218\uff0c\n\u5e76\u5f97\u5230\u5bf9\u65b9\u7684\u8ba4\u53ef\u3002",
      "language": {
        "name": "zh-Hans",
        "url": "https://pokeapi.co/api/v2/language/12/"
      },
      "version": {
        "name": "ultra-moon",
        "url": "https://pokeapi.co/api/v2/version/30/"
      }
    },
    {
      "flavor_text": "\u3064\u3088\u305d\u3046\u306a\u3000\u30dd\u30b1\u30e2\u30f3\u3092\u3000\u307f\u308b\u3068\n\u305f\u305f\u304b\u3044\u3092\u3000\u3044\u3069\u307e\u305a\u306b\u3000\u3044\u3089\u308c\u306a\u3044\u3002\n\u307e\u3051\u308b\u3068\u3000\u304a\u304a\u3054\u3048\u3067\u3000\u306a\u304d\u3060\u3059\u3002",
      "language": {
        "name": "ja-Hrkt",
        "url": "https://pokeapi.co/api/v2/language/1/"
      },
      "version": {
        "name": "sword",
        "url": "https://pokeapi.co/api/v2/version/33/"
      }
    },
    {
      "flavor_text": "\uac15\ud574 \ubcf4\uc774\ub294 \ud3ec\ucf13\ubaac\uc744 \ubc1c\uacac\ud558\uba74\n\uc2f8\uc6c0\uc744 \uac78\uc9c0 \uc54a\uace0\ub294 \ubabb \ubc30\uae34\ub2e4.\n\uc9c0\uba74 \ud070 \uc18c\ub9ac\ub85c \uc6b8\uc5b4\ub304\ub2e4.",
      "language": {
        "name": "ko",
        "url": "https://pokeapi.co/api/v2/language/3/"
      },
      "version": {
        "name": "sword",
        "url": "https://pokeapi.co/api/v2/version/33/"
      }
    },
    {
      "flavor_text": "\u6bcf\u7576\u9047\u5230\u770b\u4f3c\u5f37\u52c1\u7684\u5bf6\u53ef\u5922\uff0c\n\u90fd\u6703\u5fcd\u4e0d\u4f4f\u53bb\u6311\u8d77\u6230\u9b25\u3002\n\u5982\u679c\u8f38\u4e86\u5c31\u6703\u653e\u8072\u5927\u54ed\u3002",
      "language": {
        "name": "zh-Hant",
        "url": "https://pokeapi.co/api/v2/language/4/"
      },
      "version": {
        "name": "sword",
        "url": "https://pokeapi.co/api/v2/version/33/"
      }
    },
    {
      "flavor_text": "Il ne peut pas s\u2019emp\u00eacher de d\u00e9fier les Pok\u00e9mon\nqui ont l\u2019air forts. Lorsqu\u2019il perd, il pousse un cri\nassourdissant.",
      "language": {
        "name": "fr",
        "url": "https://pokeapi.co/api/v2/language/5/"
      },
      "version": {
        "name": "sword",
        "url": "https://pokeapi.co/api/v2/version/33/"
      }
    },
    {
      "flavor_text": "Wenn es einen starken Gegner erblickt, kommt\nes nicht umhin, ihn anzugreifen. Verliert es den\nKampf, so f\u00e4ngt es an zu weinen.",
      "language": {
        "name": "de",
        "url": "https://pokeapi.co/api/v2/language/6/"
      },
      "version": {
        "name": "sword",
        "url": "https://pokeapi.co/api/v2/version/33/"
      }
    },
    {
      "flavor_text": "Cuando ve a un Pok\u00e9mon de aspecto fuerte,\nno puede resistirse a desafiarlo en combate.\nSi pierde, llora y se lamenta a pleno pulm\u00f3n.",
      "language": {
        "name": "es",
        "url": "https://pokeapi.co/api/v2/language/7/"
      },
      "version": {
        "name": "sword",
        "url": "https://pokeapi.co/api/v2/version/33/"
      }
    },
    {
      "flavor_text": "Quando scorge un Pok\u00e9mon che ha l\u2019aria di\nessere forte, lo deve sfidare a tutti i costi. Se\nperde, piange pi\u00f9 forte che pu\u00f2.",
      "language": {
        "name": "it",
        "url": "https://pokeapi.co/api/v2/language/8/"
      },
      "version": {
        "name": "sword",
        "url": "https://pokeapi.co/api/v2/version/33/"
      }
    },
    {
      "flavor_text": "If it spies a strong Pok\u00e9mon, Rufflet can\u2019t resist\nchallenging it to a battle. But if Rufflet loses,\nit starts bawling.",
      "language": {
        "name": "en",
        "url": "https://pokeapi.co/api/v2/language/9/"
      },
      "version": {
        "name": "sword",
        "url": "https://pokeapi.co/api/v2/version/33/"
      }
    },
    {
      "flavor_text": "\u5f37\u305d\u3046\u306a\u3000\u30dd\u30b1\u30e2\u30f3\u3092\u3000\u898b\u308b\u3068\n\u6226\u3044\u3092\u3000\u6311\u307e\u305a\u306b\u3000\u3044\u3089\u308c\u306a\u3044\u3002\n\u8ca0\u3051\u308b\u3068\u3000\u5927\u58f0\u3067\u3000\u6ce3\u304d\u3060\u3059\u3002",
      "language": {
        "name": "ja",
        "url": "https://pokeapi.co/api/v2/language/11/"
      },
      "version": {
        "name": "sword",
        "url": "https://pokeapi.co/api/v2/version/33/"
      }
    },
    {
      "flavor_text": "\u6bcf\u5f53\u9047\u5230\u770b\u4f3c\u5f3a\u52b2\u7684\u5b9d\u53ef\u68a6\uff0c\n\u90fd\u4f1a\u5fcd\u4e0d\u4f4f\u53bb\u6311\u8d77\u6218\u6597\u3002\n\u5982\u679c\u8f93\u4e86\u5219\u4f1a\u653e\u58f0\u5927\u54ed\u3002",
      "language": {
        "name": "zh-Hans",
        "url": "https://pokeapi.co/api/v2/language/12/"
      },
      "version": {
        "name": "sword",
        "url": "https://pokeapi.co/api/v2/version/33/"
      }
    },
    {
      "flavor_text": "\u304b\u305f\u3044\u3000\u304d\u306e\u307f\u3082\u3000\u3053\u306a\u3054\u306a\u306b\u3000\u304f\u3060\u304f\n\u3042\u304f\u308a\u3087\u304f\u3002\u3000\u30b1\u30f3\u30ab\u3063\u3071\u3084\u304f\n\u3060\u308c\u306b\u3067\u3082\u3000\u3057\u3087\u3046\u3076\u3092\u3000\u3057\u304b\u3051\u308b\u3002",
      "language": {
        "name": "ja-Hrkt",
        "url": "https://pokeapi.co/api/v2/language/1/"
      },
      "version": {
        "name": "shield",
        "url": "https://pokeapi.co/api/v2/version/34/"
      }
    },
    {
      "flavor_text": "\ub531\ub531\ud55c \ub098\ubb34\uc5f4\ub9e4\ub3c4 \uc0b0\uc0b0\uc870\uac01 \ub0b4\ub294\n\uc545\ub825\uc744 \uac00\uc84c\ub2e4. \uc27d\uac8c \ub2e4\ud22c\uace0\n\uc544\ubb34\uc5d0\uac8c\ub098 \uc2b9\ubd80\ub97c \uac74\ub2e4.",
      "language": {
        "name": "ko",
        "url": "https://pokeapi.co/api/v2/language/3/"
      },
      "version": {
        "name": "shield",
        "url": "https://pokeapi.co/api/v2/version/34/"
      }
    },
    {
      "flavor_text": "\u63e1\u529b\u5f37\uff0c\u80fd\u628a\u5805\u786c\u7684\u6a39\u679c\n\u5f04\u5f97\u7c89\u788e\u3002\u6027\u6025\u611b\u5435\u67b6\uff0c\n\u7121\u8ad6\u5c0d\u8ab0\u90fd\u6703\u6311\u8d77\u6230\u9b25\u3002",
      "language": {
        "name": "zh-Hant",
        "url": "https://pokeapi.co/api/v2/language/4/"
      },
      "version": {
        "name": "shield",
        "url": "https://pokeapi.co/api/v2/version/34/"
      }
    },
    {
      "flavor_text": "Sa poigne est telle qu\u2019il peut r\u00e9duire en miettes\nles plus dures des Baies. Belliqueux de nature,\nil n\u2019h\u00e9site pas \u00e0 d\u00e9fier tout le monde.",
      "language": {
        "name": "fr",
        "url": "https://pokeapi.co/api/v2/language/5/"
      },
      "version": {
        "name": "shield",
        "url": "https://pokeapi.co/api/v2/version/34/"
      }
    },
    {
      "flavor_text": "Seine starken Klauen k\u00f6nnen selbst harte Beeren\nzermalmen. Es ist so streits\u00fcchtig, dass es jeden\nzum Kampf herausfordert, dem es begegnet.",
      "language": {
        "name": "de",
        "url": "https://pokeapi.co/api/v2/language/6/"
      },
      "version": {
        "name": "shield",
        "url": "https://pokeapi.co/api/v2/version/34/"
      }
    },
    {
      "flavor_text": "Es capaz de partir hasta la baya m\u00e1s dura gracias\na la fuerza de sus extremidades. Belicoso por\nnaturaleza, planta cara a cualquiera.",
      "language": {
        "name": "es",
        "url": "https://pokeapi.co/api/v2/language/7/"
      },
      "version": {
        "name": "shield",
        "url": "https://pokeapi.co/api/v2/version/34/"
      }
    },
    {
      "flavor_text": "La sua stretta riduce in frantumi anche le bacche\npi\u00f9 dure. \u00c8 un attaccabrighe e sfida chiunque\ngli capiti a tiro.",
      "language": {
        "name": "it",
        "url": "https://pokeapi.co/api/v2/language/8/"
      },
      "version": {
        "name": "shield",
        "url": "https://pokeapi.co/api/v2/version/34/"
      }
    },
    {
      "flavor_text": "A combative Pok\u00e9mon, it\u2019s ready to pick a fight\nwith anyone. It has talons that can crush\nhard berries.",
      "language": {
        "name": "en",
        "url": "https://pokeapi.co/api/v2/language/9/"
      },
      "version": {
        "name": "shield",
        "url": "https://pokeapi.co/api/v2/version/34/"
      }
    },
    {
      "flavor_text": "\u786c\u3044\u3000\u6728\u306e\u5b9f\u3082\u3000\u7c89\u3005\u306b\u3000\u7815\u304f\n\u63e1\u529b\u3002\u3000\u55a7\u5629\u3063\u65e9\u304f\n\u8ab0\u306b\u3067\u3082\u3000\u52dd\u8ca0\u3092\u3000\u4ed5\u639b\u3051\u308b\u3002",
      "language": {
        "name": "ja",
        "url": "https://pokeapi.co/api/v2/language/11/"
      },
      "version": {
        "name": "shield",
        "url": "https://pokeapi.co/api/v2/version/34/"
      }
    },
    {
      "flavor_text": "\u63e1\u529b\u5f3a\uff0c\u80fd\u628a\u575a\u786c\u7684\u6811\u679c\n\u5f04\u5f97\u7c89\u788e\u3002\u6027\u6025\u7231\u5435\u67b6\uff0c\n\u65e0\u8bba\u5bf9\u8c01\u90fd\u4f1a\u6311\u8d77\u6218\u6597\u3002",
      "language": {
        "name": "zh-Hans",
        "url": "https://pokeapi.co/api/v2/language/12/"
      },
      "version": {
        "name": "shield",
        "url": "https://pokeapi.co/api/v2/version/34/"
      }
    },
    {
      "flavor_text": "Its chick-like looks belie its hotheadedness. It challenges its\nparents at every opportunity, desperate to prove its strength.",
      "language": {
        "name": "en",
        "url": "https://pokeapi.co/api/v2/language/9/"
      },
      "version": {
        "name": "legends-arceus",
        "url": "https://pokeapi.co/api/v2/version/39/"
      }
    }
  ],
  "form_descriptions": [],
  "forms_switchable": false,
  "gender_rate": 0,
  "genera": [
    {
      "genus": "\u30d2\u30ca\u308f\u3057\u30dd\u30b1\u30e2\u30f3",
      "language": {
        "name": "ja-Hrkt",
        "url": "https://pokeapi.co/api/v2/language/1/"
      }
    },
    {
      "genus": "\uc0c8\ub07c\ub3c5\uc218\ub9ac\ud3ec\ucf13\ubaac",
      "language": {
        "name": "ko",
        "url": "https://pokeapi.co/api/v2/language/3/"
      }
    },
    {
      "genus": "\u96db\u9df9\u5bf6\u53ef\u5922",
      "language": {
        "name": "zh-Hant",
        "url": "https://pokeapi.co/api/v2/language/4/"
      }
    },
    {
      "genus": "Pok\u00e9mon Aiglon",
      "language": {
        "name": "fr",
        "url": "https://pokeapi.co/api/v2/language/5/"
      }
    },
    {
      "genus": "Adlerk\u00fcken-Pok\u00e9mon",
      "language": {
        "name": "de",
        "url": "https://pokeapi.co/api/v2/language/6/"
      }
    },
    {
      "genus": "Pok\u00e9mon Aguilucho",
      "language": {
        "name": "es",
        "url": "https://pokeapi.co/api/v2/language/7/"
      }
    },
    {
      "genus": "Pok\u00e9mon Aquilotto",
      "language": {
        "name": "it",
        "url": "https://pokeapi.co/api/v2/language/8/"
      }
    },
    {
      "genus": "Eaglet Pok\u00e9mon",
      "language": {
        "name": "en",
        "url": "https://pokeapi.co/api/v2/language/9/"
      }
    },
    {
      "genus": "\u30d2\u30ca\u308f\u3057\u30dd\u30b1\u30e2\u30f3",
      "language": {
        "name": "ja",
        "url": "https://pokeapi.co/api/v2/language/11/"
      }
    },
    {
      "genus": "\u96cf\u9e70\u5b9d\u53ef\u68a6",
      "language": {
        "name": "zh-Hans",
        "url": "https://pokeapi.co/api/v2/language/12/"
      }
    }
  ],
  "generation": {
    "name": "generation-v",
    "url": "https://pokeapi.co/api/v2/generation/5/"
  },
  "growth_rate": {
    "name": "slow",
    "url": "https://pokeapi.co/api/v2/growth-rate/1/"
  },
  "habitat": null,
  "has_gender_differences": false,
  "hatch_counter": 20,
  "id": 627,
  "is_baby": false,
  "is_legendary": false,
  "is_mythical": false,
  "name": "rufflet",
  "names": [
    {
      "language": {
        "name": "ja-Hrkt",
        "url": "https://pokeapi.co/api/v2/language/1/"
      },
      "name": "\u30ef\u30b7\u30dc\u30f3"
    },
    {
      "language": {
        "name": "roomaji",
        "url": "https://pokeapi.co/api/v2/language/2/"
      },
      "name": "Washibon"
    },
    {
      "language": {
        "name": "ko",
        "url": "https://pokeapi.co/api/v2/language/3/"
      },
      "name": "\uc218\ub9ac\ub465\ubcf4"
    },
    {
      "language": {
        "name": "zh-Hant",
        "url": "https://pokeapi.co/api/v2/language/4/"
      },
      "name": "\u6bdb\u982d\u5c0f\u9df9"
    },
    {
      "language": {
        "name": "fr",
        "url": "https://pokeapi.co/api/v2/language/5/"
      },
      "name": "Furaiglon"
    },
    {
      "language": {
        "name": "de",
        "url": "https://pokeapi.co/api/v2/language/6/"
      },
      "name": "Geronimatz"
    },
    {
      "language": {
        "name": "es",
        "url": "https://pokeapi.co/api/v2/language/7/"
      },
      "name": "Rufflet"
    },
    {
      "language": {
        "name": "it",
        "url": "https://pokeapi.co/api/v2/language/8/"
      },
      "name": "Rufflet"
    },
    {
      "language": {
        "name": "en",
        "url": "https://pokeapi.co/api/v2/language/9/"
      },
      "name": "Rufflet"
    },
    {
      "language": {
        "name": "ja",
        "url": "https://pokeapi.co/api/v2/language/11/"
      },
      "name": "\u30ef\u30b7\u30dc\u30f3"
    },
    {
      "language": {
        "name": "zh-Hans",
        "url": "https://pokeapi.co/api/v2/language/12/"
      },
      "name": "\u6bdb\u5934\u5c0f\u9e70"
    }
  ],
  "order": 628,
  "pal_park_encounters": [],
  "pokedex_numbers": [
    {
      "entry_number": 627,
      "pokedex": {
        "name": "national",
        "url": "https://pokeapi.co/api/v2/pokedex/1/"
      }
    },
    {
      "entry_number": 133,
      "pokedex": {
        "name": "original-unova",
        "url": "https://pokeapi.co/api/v2/pokedex/8/"
      }
    },
    {
      "entry_number": 109,
      "pokedex": {
        "name": "updated-unova",
        "url": "https://pokeapi.co/api/v2/pokedex/9/"
      }
    },
    {
      "entry_number": 169,
      "pokedex": {
        "name": "conquest-gallery",
        "url": "https://pokeapi.co/api/v2/pokedex/11/"
      }
    },
    {
      "entry_number": 75,
      "pokedex": {
        "name": "original-alola",
        "url": "https://pokeapi.co/api/v2/pokedex/16/"
      }
    },
    {
      "entry_number": 75,
      "pokedex": {
        "name": "original-melemele",
        "url": "https://pokeapi.co/api/v2/pokedex/17/"
      }
    },
    {
      "entry_number": 26,
      "pokedex": {
        "name": "original-poni",
        "url": "https://pokeapi.co/api/v2/pokedex/20/"
      }
    },
    {
      "entry_number": 89,
      "pokedex": {
        "name": "updated-alola",
        "url": "https://pokeapi.co/api/v2/pokedex/21/"
      }
    },
    {
      "entry_number": 89,
      "pokedex": {
        "name": "updated-melemele",
        "url": "https://pokeapi.co/api/v2/pokedex/22/"
      }
    },
    {
      "entry_number": 35,
      "pokedex": {
        "name": "updated-poni",
        "url": "https://pokeapi.co/api/v2/pokedex/25/"
      }
    },
    {
      "entry_number": 281,
      "pokedex": {
        "name": "galar",
        "url": "https://pokeapi.co/api/v2/pokedex/27/"
      }
    },
    {
      "entry_number": 179,
      "pokedex": {
        "name": "isle-of-armor",
        "url": "https://pokeapi.co/api/v2/pokedex/28/"
      }
    },
    {
      "entry_number": 221,
      "pokedex": {
        "name": "hisui",
        "url": "https://pokeapi.co/api/v2/pokedex/30/"
      }
    },
    {
      "entry_number": 365,
      "pokedex": {
        "name": "paldea",
        "url": "https://pokeapi.co/api/v2/pokedex/31/"
      }
    },
    {
      "entry_number": 32,
      "pokedex": {
        "name": "blueberry",
        "url": "https://pokeapi.co/api/v2/pokedex/33/"
      }
    }
  ],
  "shape": {
    "name": "wings",
    "url": "https://pokeapi.co/api/v2/pokemon-shape/9/"
  },
  "varieties": [
    {
      "is_default": true,
      "pokemon": {
        "name": "rufflet",
        "url": "https://pokeapi.co/api/v2/pokemon/627/"
      }
    }
  ]
}