{
  "base_happiness": 70,
  "capture_rate": 100,
  "color": {
    "name": "purple",
    "url": "https://pokeapi.co/api/v2/pokemon-color/7/"
  },
  "egg_groups": [
    {
      "name": "humanshape",
      "url": "https://pokeapi.co/api/v2/egg-group/8/"
    }
  ],
  "evolution_chain": {
    "url": "https://pokeapi.co/api/v2/evolution-chain/293/"
  },
  "evolves_from_species": {
    "name": "gothita",
    "url": "https://pokeapi.co/api/v2/pokemon-species/574/"
  },
  "flavor_text_entries": [
    {
      "flavor_text": "Hypnotise les Pok\u00e9mon et les gens. Il y a\nde nombreuses l\u00e9gendes de gens enlev\u00e9s\ndans leur sommeil par des Mesm\u00e9rella.",
      "language": {
        "name": "fr",
        "url": "https://pokeapi.co/api/v2/language/5/"
      },
      "version": {
        "name": "black",
        "url": "https://pokeapi.co/api/v2/version/17/"
      }
    },
    {
      "flavor_text": "They use hypnosis to control people and\nPok\u00e9mon. Tales of Gothorita leading\npeople astray are told in every corner.",
      "language": {
        "name": "en",
        "url": "https://pokeapi.co/api/v2/language/9/"
      },
      "version": {
        "name": "black",
        "url": "https://pokeapi.co/api/v2/version/17/"
      }
    },
    {
      "flavor_text": "Tire son \u00e9nergie de la lumi\u00e8re des\n\u00e9toiles et marque leur position en\nfaisant l\u00e9viter des pierres la nuit.",
      "language": {
        "name": "fr",
        "url": "https://pokeapi.co/api/v2/language/5/"
      },
      "version": {
        "name": "white",
        "url": "https://pokeapi.co/api/v2/version/18/"
      }
    },
    {
      "flavor_text": "Starlight is the source of their power.\nAt night, they mark star positions by\nusing psychic power to float stones.",
      "language": {
        "name": "en",
        "url": "https://pokeapi.co/api/v2/language/9/"
      },
      "version": {
        "name": "white",
        "url": "https://pokeapi.co/api/v2/version/18/"
      }
    },
    {
      "flavor_text": "According to many old tales, it creates\nfriends for itself by controlling\nsleeping children on starry nights.",
      "language": {
        "name": "en",
        "url": "https://pokeapi.co/api/v2/language/9/"
      },
      "version": {
        "name": "black-2",
        "url": "https://pokeapi.co/api/v2/version/21/"
      }
    },
    {
      "flavor_text": "According to many old tales, it creates\nfriends for itself by controlling\nsleeping children on starry nights.",
      "language": {
        "name": "en",
        "url": "https://pokeapi.co/api/v2/language/9/"
      },
      "version": {
        "name": "white-2",
        "url": "https://pokeapi.co/api/v2/version/22/"
      }
    },
    {
      "flavor_text": "\u307b\u3057\u3042\u304b\u308a\u304c\u3000\u30d1\u30ef\u30fc\u306e\u3000\u307f\u306a\u3082\u3068\u3002\n\u3088\u308b\u306b\u306a\u308b\u3068\u3000\u30b5\u30a4\u30b3\u30d1\u30ef\u30fc\u3067\u3000\u3044\u3057\u3092\n\u3046\u304b\u3079\u3066\u3000\u307b\u3057\u306e\u3000\u306f\u3044\u3061\u3092\u3000\u3057\u308b\u3059\u3002",
      "language": {
        "name": "ja-Hrkt",
        "url": "https://pokeapi.co/api/v2/language/1/"
      },
      "version": {
        "name": "x",
        "url": "https://pokeapi.co/api/v2/version/23/"
      }
    },
    {
      "flavor_text": "\ubcc4\ube5b\uc774 \ud798\uc758 \uc6d0\ucc9c\uc774\ub2e4.\n\ubc24\uc774 \ub418\uba74 \uc0ac\uc774\ucf54 \ud30c\uc6cc\ub85c \ub3cc\uc744\n\ub744\uc6cc \ubcc4\uc758 \ubc30\uce58\ub97c \ud45c\uc2dc\ud55c\ub2e4.",
      "language": {
        "name": "ko",
        "url": "https://pokeapi.co/api/v2/language/3/"
      },
      "version": {
        "name": "x",
        "url": "https://pokeapi.co/api/v2/version/23/"
      }
    },
    {
      "flavor_text": "Tire son \u00e9nergie de la lumi\u00e8re des \u00e9toiles et marque\nleur position en faisant l\u00e9viter des pierres la nuit.",
      "language": {
        "name": "fr",
        "url": "https://pokeapi.co/api/v2/language/5/"
      },
      "version": {
        "name": "x",
        "url": "https://pokeapi.co/api/v2/version/23/"
      }
    },
    {
      "flavor_text": "Zieht seine Energie aus dem Sternenlicht.\nBei Nacht bringt es Steine zum Schweben\nund bildet damit Sternzeichen nach.",
      "language": {
        "name": "de",
        "url": "https://pokeapi.co/api/v2/language/6/"
      },
      "version": {
        "name": "x",
        "url": "https://pokeapi.co/api/v2/version/23/"
      }
    },
    {
      "flavor_text": "La luz de las estrellas origina su poder. De noche,\nmarca su posici\u00f3n haciendo levitar piedras con su\npoder ps\u00edquico.",
      "language": {
        "name": "es",
        "url": "https://pokeapi.co/api/v2/language/7/"
      },
      "version": {
        "name": "x",
        "url": "https://pokeapi.co/api/v2/version/23/"
      }
    },
    {
      "flavor_text": "Trae energia dalla luce delle stelle. Ne traccia la\nposizione facendo levitare le pietre con i poteri\npsichici.",
      "language": {
        "name": "it",
        "url": "https://pokeapi.co/api/v2/language/8/"
      },
      "version": {
        "name": "x",
        "url": "https://pokeapi.co/api/v2/version/23/"
      }
    },
    {
      "flavor_text": "Starlight is the source of their power. At night,\nthey mark star positions by using psychic power\nto float stones.",
      "language": {
        "name": "en",
        "url": "https://pokeapi.co/api/v2/language/9/"
      },
      "version": {
        "name": "x",
        "url": "https://pokeapi.co/api/v2/version/23/"
      }
    },
    {
      "flavor_text": "\u661f\u660e\u308a\u304c\u3000\u30d1\u30ef\u30fc\u306e\u3000\u6e90\u3002\n\u591c\u306b\u306a\u308b\u3068\u3000\u30b5\u30a4\u30b3\u30d1\u30ef\u30fc\u3067\u3000\u77f3\u3092\n\u6d6e\u304b\u3079\u3066\u3000\u661f\u306e\u3000\u914d\u7f6e\u3092\u3000\u5370\u3059\u3002",
      "language": {
        "name": "ja",
        "url": "https://pokeapi.co/api/v2/language/11/"
      },
      "version": {
        "name": "x",
        "url": "https://pokeapi.co/api/v2/version/23/"
      }
    },
    {
      "flavor_text": "\u307b\u3057\u3042\u304b\u308a\u304c\u3000\u304b\u304c\u3084\u304f\u3000\u3088\u308b\u306b\n\u306d\u3066\u3044\u308b\u3000\u3053\u3069\u3082\u305f\u3061\u3092\u3000\u3042\u3084\u3064\u3063\u3066\n\u3042\u305d\u3076\u3000\u306f\u306a\u3057\u304c\u3000\u304a\u304a\u304f\u3000\u306e\u3053\u308b\u3002",
      "language": {
        "name": "ja-Hrkt",
        "url": "https://pokeapi.co/api/v2/language/1/"
      },
      "version": {
        "name": "y",
        "url": "https://pokeapi.co/api/v2/version/24/"
      }
    },
    {
      "flavor_text": "\ubcc4\ube5b\uc774 \ube5b\ub098\ub294 \ubc24\uc5d0\n\uc7a0\uc790\ub294 \uc544\uc774\ub4e4\uc744 \uc870\uc885\ud574\uc11c\n\ub17c\ub2e4\ub294 \uc774\uc57c\uae30\uac00 \ub9ce\uc774 \ub0a8\uc544 \uc788\ub2e4.",
      "language": {
        "name": "ko",
        "url": "https://pokeapi.co/api/v2/language/3/"
      },
      "version": {
        "name": "y",
        "url": "https://pokeapi.co/api/v2/version/24/"
      }
    },
    {
      "flavor_text": "On dit qu\u2019ils apparaissent les nuits \u00e9toil\u00e9es et\nmanipulent les enfants pour jouer avec eux.",
      "language": {
        "name": "fr",
        "url": "https://pokeapi.co/api/v2/language/5/"
      },
      "version": {
        "name": "y",
        "url": "https://pokeapi.co/api/v2/version/24/"
      }
    },
    {
      "flavor_text": "Erz\u00e4hlungen zufolge machen sie sich einen Spa\u00df\ndaraus, in sternklaren N\u00e4chten von schlafenden\nKindern Besitz zu ergreifen.",
      "language": {
        "name": "de",
        "url": "https://pokeapi.co/api/v2/language/6/"
      },
      "version": {
        "name": "y",
        "url": "https://pokeapi.co/api/v2/version/24/"
      }
    },
    {
      "flavor_text": "Seg\u00fan muchas leyendas, durante las noches\nestrelladas controlan a los ni\u00f1os que duermen,\ntan solo como diversi\u00f3n.",
      "language": {
        "name": "es",
        "url": "https://pokeapi.co/api/v2/language/7/"
      },
      "version": {
        "name": "y",
        "url": "https://pokeapi.co/api/v2/version/24/"
      }
    },
    {
      "flavor_text": "Si racconta che nelle notti stellate, per giocare con\ni bambini addormentati, si diverta a muoverli come\npupazzi.",
      "language": {
        "name": "it",
        "url": "https://pokeapi.co/api/v2/language/8/"
      },
      "version": {
        "name": "y",
        "url": "https://pokeapi.co/api/v2/version/24/"
      }
    },
    {
      "flavor_text": "According to many old tales, it creates friends for\nitself by controlling sleeping children on\nstarry nights.",
      "language": {
        "name": "en",
        "url": "https://pokeapi.co/api/v2/language/9/"
      },
      "version": {
        "name": "y",
        "url": "https://pokeapi.co/api/v2/version/24/"
      }
    },
    {
      "flavor_text": "\u661f\u660e\u304b\u308a\u304c\u3000\u8f1d\u304f\u3000\u591c\u306b\n\u5bdd\u3066\u3044\u308b\u3000\u5b50\u4f9b\u305f\u3061\u3092\u3000\u64cd\u3063\u3066\n\u904a\u3076\u3000\u8a71\u304c\u3000\u591a\u304f\u3000\u6b8b\u308b\u3002",
      "language": {
        "name": "ja",
        "url": "https://pokeapi.co/api/v2/language/11/"
      },
      "version": {
        "name": "y",
        "url": "https://pokeapi.co/api/v2/version/24/"
      }
    },
    {
      "flavor_text": "\u307b\u3057\u3042\u304b\u308a\u304c\u3000\u30d1\u30ef\u30fc\u306e\u3000\u307f\u306a\u3082\u3068\u3002\n\u3088\u308b\u306b\u306a\u308b\u3068\u3000\u30b5\u30a4\u30b3\u30d1\u30ef\u30fc\u3067\u3000\u3044\u3057\u3092\n\u3046\u304b\u3079\u3066\u3000\u307b\u3057\u306e\u3000\u306f\u3044\u3061\u3092\u3000\u3057\u308b\u3059\u3002",
      "language": {
        "name": "ja-Hrkt",
        "url": "https://pokeapi.co/api/v2/language/1/"
      },
      "version": {
        "name": "omega-ruby",
        "url": "https://pokeapi.co/api/v2/version/25/"
      }
    },
    {
      "flavor_text": "\ubcc4\ube5b\uc774 \ud798\uc758 \uc6d0\ucc9c\uc774\ub2e4.\n\ubc24\uc774 \ub418\uba74 \uc0ac\uc774\ucf54 \ud30c\uc6cc\ub85c \ub3cc\uc744\n\ub744\uc6cc \ubcc4\uc758 \ubc30\uce58\ub97c \ud45c\uc2dc\ud55c\ub2e4.",
      "language": {
        "name": "ko",
        "url": "https://pokeapi.co/api/v2/language/3/"
      },
      "version": {
        "name": "omega-ruby",
        "url": "https://pokeapi.co/api/v2/version/25/"
      }
    },
    {
      "flavor_text": "Tire son \u00e9nergie de la lumi\u00e8re des \u00e9toiles et marque\nleur position en faisant l\u00e9viter des pierres la nuit.",
      "language": {
        "name": "fr",
        "url": "https://pokeapi.co/api/v2/language/5/"
      },
      "version": {
        "name": "omega-ruby",
        "url": "https://pokeapi.co/api/v2/version/25/"
      }
    },
    {
      "flavor_text": "Zieht seine Energie aus dem Sternenlicht. Bei Nacht bringt es\nSteine zum Schweben und bildet damit Sternzeichen nach.",
      "language": {
        "name": "de",
        "url": "https://pokeapi.co/api/v2/language/6/"
      },
      "version": {
        "name": "omega-ruby",
        "url": "https://pokeapi.co/api/v2/version/25/"
      }
    },
    {
      "flavor_text": "La luz de las estrellas origina su poder. De noche, marca su\nposici\u00f3n haciendo levitar piedras con su poder ps\u00edquico.",
      "language": {
        "name": "es",
        "url": "https://pokeapi.co/api/v2/language/7/"
      },
      "version": {
        "name": "omega-ruby",
        "url": "https://pokeapi.co/api/v2/version/25/"
      }
    },
    {
      "flavor_text": "Trae energia dalla luce delle stelle. Ne traccia la posizione\nfacendo levitare le pietre con i poteri psichici.",
      "language": {
        "name": "it",
        "url": "https://pokeapi.co/api/v2/language/8/"
      },
      "version": {
        "name": "omega-ruby",
        "url": "https://pokeapi.co/api/v2/version/25/"
      }
    },
    {
      "flavor_text": "Starlight is the source of their power. At night,\nthey mark star positions by using psychic power\nto float stones.",
      "language": {
        "name": "en",
        "url": "https://pokeapi.co/api/v2/language/9/"
      },
      "version": {
        "name": "omega-ruby",
        "url": "https://pokeapi.co/api/v2/version/25/"
      }
    },
    {
      "flavor_text": "\u661f\u660e\u308a\u304c\u3000\u30d1\u30ef\u30fc\u306e\u3000\u6e90\u3002\n\u591c\u306b\u306a\u308b\u3068\u3000\u30b5\u30a4\u30b3\u30d1\u30ef\u30fc\u3067\u3000\u77f3\u3092\n\u6d6e\u304b\u3079\u3066\u3000\u661f\u306e\u3000\u914d\u7f6e\u3092\u3000\u5370\u3059\u3002",
      "language": {
        "name": "ja",
        "url": "https://pokeapi.co/api/v2/language/11/"
      },
      "version": {
        "name": "omega-ruby",
        "url": "https://pokeapi.co/api/v2/version/25/"
      }
    },
    {
      "flavor_text": "\u307b\u3057\u3042\u304b\u308a\u304c\u3000\u304b\u304c\u3084\u304f\u3000\u3088\u308b\u306b\n\u306d\u3066\u3044\u308b\u3000\u3053\u3069\u3082\u305f\u3061\u3092\u3000\u3042\u3084\u3064\u3063\u3066\n\u3042\u305d\u3076\u3000\u306f\u306a\u3057\u304c\u3000\u304a\u304a\u304f\u3000\u306e\u3053\u308b\u3002",
      "language": {
        "name": "ja-Hrkt",
        "url": "https://pokeapi.co/api/v2/language/1/"
      },
      "version": {
        "name": "alpha-sapphire",
        "url": "https://pokeapi.co/api/v2/version/26/"
      }
    },
    {
      "flavor_text": "\ubcc4\ube5b\uc774 \ube5b\ub098\ub294 \ubc24\uc5d0\n\uc7a0\uc790\ub294 \uc544\uc774\ub4e4\uc744 \uc870\uc885\ud574\uc11c\n\ub17c\ub2e4\ub294 \uc774\uc57c\uae30\uac00 \ub9ce\uc774 \ub0a8\uc544 \uc788\ub2e4.",
      "language": {
        "name": "ko",
        "url": "https://pokeapi.co/api/v2/language/3/"
      },
      "version": {
        "name": "alpha-sapphire",
        "url": "https://pokeapi.co/api/v2/version/26/"
      }
    },
    {
      "flavor_text": "On dit qu\u2019ils apparaissent les nuits \u00e9toil\u00e9es et manipulent\nles enfants pour jouer avec eux.",
      "language": {
        "name": "fr",
        "url": "https://pokeapi.co/api/v2/language/5/"
      },
      "version": {
        "name": "alpha-sapphire",
        "url": "https://pokeapi.co/api/v2/version/26/"
      }
    },
    {
      "flavor_text": "Erz\u00e4hlungen zufolge machen sie sich einen Spa\u00df daraus,\nin sternklaren N\u00e4chten von schlafenden Kindern Besitz\nzu ergreifen.",
      "language": {
        "name": "de",
        "url": "https://pokeapi.co/api/v2/language/6/"
      },
      "version": {
        "name": "alpha-sapphire",
        "url": "https://pokeapi.co/api/v2/version/26/"
      }
    },
    {
      "flavor_text": "Seg\u00fan muchas leyendas, durante las noches estrelladas\ncontrolan a los ni\u00f1os que duermen, tan solo como diversi\u00f3n.",
      "language": {
        "name": "es",
        "url": "https://pokeapi.co/api/v2/language/7/"
      },
      "version": {
        "name": "alpha-sapphire",
        "url": "https://pokeapi.co/api/v2/version/26/"
      }
    },
    {
      "flavor_text": "Si racconta che nelle notti stellate, per giocare con i bambini\naddormentati, si diverta a muoverli come pupazzi.",
      "language": {
        "name": "it",
        "url": "https://pokeapi.co/api/v2/language/8/"
      },
      "version": {
        "name": "alpha-sapphire",
        "url": "https://pokeapi.co/api/v2/version/26/"
      }
    },
    {
      "flavor_text": "According to many old tales, it creates friends for\nitself by controlling sleeping children on\nstarry nights.",
      "language": {
        "name": "en",
        "url": "https://pokeapi.co/api/v2/language/9/"
      },
      "version": {
        "name": "alpha-sapphire",
        "url": "https://pokeapi.co/api/v2/version/26/"
      }
    },
    {
      "flavor_text": "\u661f\u660e\u304b\u308a\u304c\u3000\u8f1d\u304f\u3000\u591c\u306b\n\u5bdd\u3066\u3044\u308b\u3000\u5b50\u4f9b\u305f\u3061\u3092\u3000\u64cd\u3063\u3066\n\u904a\u3076\u3000\u8a71\u304c\u3000\u591a\u304f\u3000\u6b8b\u308b\u3002",
      "language": {
        "name": "ja",
        "url": "https://pokeapi.co/api/v2/language/11/"
      },
      "version": {
        "name": "alpha-sapphire",
        "url": "https://pokeapi.co/api/v2/version/26/"
      }
    },
    {
      "flavor_text": "\u307b\u3057\u304c\u3000\u304b\u304c\u3084\u304f\u3000\u3088\u308b\u306b\u3000\u306d\u3080\u3063\u305f\n\u3053\u3069\u3082\u305f\u3061\u3092\u3000\u3064\u308c\u3055\u308b\u3068\u3000\u3044\u308f\u308c\n\u305b\u3044\u3055\u3044\u306e\u307e\u3058\u3087\u3000\u3068\u3082\u3000\u3088\u3070\u308c\u308b\u3002",
      "language": {
        "name": "ja-Hrkt",
        "url": "https://pokeapi.co/api/v2/language/1/"
      },
      "version": {
        "name": "sword",
        "url": "https://pokeapi.co/api/v2/version/33/"
      }
    },
    {
      "flavor_text": "\ubcc4\uc774 \ube5b\ub098\ub294 \ubc24\uc5d0 \uc7a0\uc774 \ub4e0\n\uc544\uc774\ub4e4\uc744 \ub370\ub824\uac04\ub2e4\uace0 \uc804\ud574\uc838\n\uc2ec\ud310\uc758 \ub9c8\ub140\ub77c\uace0\ub3c4 \ubd88\ub9b0\ub2e4.",
      "language": {
        "name": "ko",
        "url": "https://pokeapi.co/api/v2/language/3/"
      },
      "version": {
        "name": "sword",
        "url": "https://pokeapi.co/api/v2/version/33/"
      }
    },
    {
      "flavor_text": "\u64da\u8aaa\u6703\u5728\u661f\u5149\u9583\u8000\u7684\u591c\u88e1\n\u628a\u7761\u8457\u7684\u5b69\u5b50\u5011\u5e36\u8d70\u3002\n\u4e5f\u6709\u4eba\u7a31\u7260\u70ba\u5236\u88c1\u9b54\u5973\u3002",
      "language": {
        "name": "zh-Hant",
        "url": "https://pokeapi.co/api/v2/language/4/"
      },
      "version": {
        "name": "sword",
        "url": "https://pokeapi.co/api/v2/version/33/"
      }
    },
    {
      "flavor_text": "On raconte qu\u2019il enl\u00e8ve les enfants endormis\npendant les nuits \u00e9toil\u00e9es. Cela lui vaut\nd\u2019\u00eatre consid\u00e9r\u00e9 comme un d\u00e9mon punisseur.",
      "language": {
        "name": "fr",
        "url": "https://pokeapi.co/api/v2/language/5/"
      },
      "version": {
        "name": "sword",
        "url": "https://pokeapi.co/api/v2/version/33/"
      }
    },
    {
      "flavor_text": "In sternklaren N\u00e4chten entf\u00fchrt es angeblich\nschlafende Kinder aus ihren Betten. Man nennt\nes auch die \u201eHexe der Bestrafung\u201c.",
      "language": {
        "name": "de",
        "url": "https://pokeapi.co/api/v2/language/6/"
      },
      "version": {
        "name": "sword",
        "url": "https://pokeapi.co/api/v2/version/33/"
      }
    },
    {
      "flavor_text": "Corre el rumor de que en las noches estrelladas\nse lleva consigo a los ni\u00f1os dormidos, por lo que\nrecibe el sobrenombre de Bruja Castigadora.",
      "language": {
        "name": "es",
        "url": "https://pokeapi.co/api/v2/language/7/"
      },
      "version": {
        "name": "sword",
        "url": "https://pokeapi.co/api/v2/version/33/"
      }
    },
    {
      "flavor_text": "Si dice che nelle notti stellate porti via con s\u00e9\ni bambini addormentati. Per questo \u00e8 chiamato\nanche \u201cstrega del castigo\u201d.",
      "language": {
        "name": "it",
        "url": "https://pokeapi.co/api/v2/language/8/"
      },
      "version": {
        "name": "sword",
        "url": "https://pokeapi.co/api/v2/version/33/"
      }
    },
    {
      "flavor_text": "It\u2019s said that when stars shine in the night sky,\nthis Pok\u00e9mon will spirit away sleeping children.\nSome call it the Witch of Punishment.",
      "language": {
        "name": "en",
        "url": "https://pokeapi.co/api/v2/language/9/"
      },
      "version": {
        "name": "sword",
        "url": "https://pokeapi.co/api/v2/version/33/"
      }
    },
    {
      "flavor_text": "\u661f\u304c\u3000\u8f1d\u304f\u3000\u591c\u306b\u3000\u7720\u3063\u305f\n\u5b50\u3069\u3082\u305f\u3061\u3092\u3000\u9023\u308c\u53bb\u308b\u3068\u3000\u8a00\u308f\u308c\n\u5236\u88c1\u306e\u9b54\u5973\u3000\u3068\u3082\u3000\u547c\u3070\u308c\u308b\u3002",
      "language": {
        "name": "ja",
        "url": "https://pokeapi.co/api/v2/language/11/"
      },
      "version": {
        "name": "sword",
        "url": "https://pokeapi.co/api/v2/version/33/"
      }
    },
    {
      "flavor_text": "\u636e\u8bf4\u4f1a\u5728\u661f\u5149\u95ea\u8000\u7684\u591c\u665a\n\u628a\u7761\u7740\u7684\u5b69\u5b50\u4eec\u5e26\u8d70\u3002\n\u4e5f\u6709\u4eba\u79f0\u5b83\u4e3a\u60e9\u7f5a\u9b54\u5973\u3002",
      "language": {
        "name": "zh-Hans",
        "url": "https://pokeapi.co/api/v2/language/12/"
      },
      "version": {
        "name": "sword",
        "url": "https://pokeapi.co/api/v2/version/33/"
      }
    },
    {
      "flavor_text": "\u307b\u3057\u306e\u3000\u304b\u304c\u3084\u304f\u3000\u3070\u3093\u306b\u3000\u3082\u3063\u3068\u3082\n\u30b5\u30a4\u30b3\u30d1\u30ef\u30fc\u304c\u3000\u305f\u304b\u307e\u308b\u3089\u3057\u3044\u3002\n\u3046\u3061\u3085\u3046\u3068\u306e\u3000\u304b\u3093\u3051\u3044\u306f\u3000\u3075\u3081\u3044\u3002",
      "language": {
        "name": "ja-Hrkt",
        "url": "https://pokeapi.co/api/v2/language/1/"
      },
      "version": {
        "name": "shield",
        "url": "https://pokeapi.co/api/v2/version/34/"
      }
    },
    {
      "flavor_text": "\ubcc4\uc774 \ube5b\ub098\ub294 \ubc24\uc5d0 \uac00\uc7a5\n\uc0ac\uc774\ucf54 \ud30c\uc6cc\uac00 \ub192\uc544\uc9c0\ub294 \ub4ef\ud558\ub2e4.\n\uc6b0\uc8fc\uc640\uc758 \uad00\uacc4\ub294 \ubd88\uba85\ud655\ud558\ub2e4.",
      "language": {
        "name": "ko",
        "url": "https://pokeapi.co/api/v2/language/3/"
      },
      "version": {
        "name": "shield",
        "url": "https://pokeapi.co/api/v2/version/34/"
      }
    },
    {
      "flavor_text": "\u54e5\u5fb7\u5c0f\u7ae5\u7684\u7cbe\u795e\u529b\u91cf\u4f3c\u4e4e\u6703\n\u5728\u661f\u5149\u9583\u8000\u7684\u591c\u665a\u9054\u5230\u6700\u9ad8\u9ede\u3002\n\u7260\u8207\u5b87\u5b99\u7684\u95dc\u4fc2\u81f3\u4eca\u4e0d\u660e\u3002",
      "language": {
        "name": "zh-Hant",
        "url": "https://pokeapi.co/api/v2/language/4/"
      },
      "version": {
        "name": "shield",
        "url": "https://pokeapi.co/api/v2/version/34/"
      }
    },
    {
      "flavor_text": "Ses pouvoirs psychiques semblent atteindre\nleur paroxysme pendant les nuits \u00e9toil\u00e9es,\nmais nul ne sait s\u2019il a un rapport avec l\u2019espace.",
      "language": {
        "name": "fr",
        "url": "https://pokeapi.co/api/v2/language/5/"
      },
      "version": {
        "name": "shield",
        "url": "https://pokeapi.co/api/v2/version/34/"
      }
    },
    {
      "flavor_text": "An sternklaren Abenden erreicht es angeblich\nden H\u00f6hepunkt seiner Psycho-Kr\u00e4fte. Seine\ngenaue Verbindung zum Weltraum ist unklar.",
      "language": {
        "name": "de",
        "url": "https://pokeapi.co/api/v2/language/6/"
      },
      "version": {
        "name": "shield",
        "url": "https://pokeapi.co/api/v2/version/34/"
      }
    },
    {
      "flavor_text": "Sus poderes ps\u00edquicos alcanzan su apogeo en las\nnoches estrelladas, aunque su posible v\u00ednculo con\nel espacio est\u00e1 envuelto en misterio.",
      "language": {
        "name": "es",
        "url": "https://pokeapi.co/api/v2/language/7/"
      },
      "version": {
        "name": "shield",
        "url": "https://pokeapi.co/api/v2/version/34/"
      }
    },
    {
      "flavor_text": "Si dice che accumuli energia psichica soprattutto\nnelle notti stellate, ma la sua connessione con\nl\u2019universo rimane un mistero.",
      "language": {
        "name": "it",
        "url": "https://pokeapi.co/api/v2/language/8/"
      },
      "version": {
        "name": "shield",
        "url": "https://pokeapi.co/api/v2/version/34/"
      }
    },
    {
      "flavor_text": "On nights when the stars shine, this Pok\u00e9mon\u2019s\npsychic power is at its strongest. It\u2019s unknown just\nwhat link Gothorita has to the greater universe.",
      "language": {
        "name": "en",
        "url": "https://pokeapi.co/api/v2/language/9/"
      },
      "version": {
        "name": "shield",
        "url": "https://pokeapi.co/api/v2/version/34/"
      }
    },
    {
      "flavor_text": "\u661f\u306e\u3000\u8f1d\u304f\u3000\u6669\u306b\u3000\u3082\u3063\u3068\u3082\n\u30b5\u30a4\u30b3\u30d1\u30ef\u30fc\u304c\u3000\u9ad8\u307e\u308b\u3089\u3057\u3044\u3002\n\u5b87\u5b99\u3068\u306e\u3000\u95a2\u4fc2\u306f\u3000\u4e0d\u660e\u3002",
      "language": {
        "name": "ja",
        "url": "https://pokeapi.co/api/v2/language/11/"
      },
      "version": {
        "name": "shield",
        "url": "https://pokeapi.co/api/v2/version/34/"
      }
    },
    {
      "flavor_text": "\u54e5\u5fb7\u5c0f\u7ae5\u7684\u7cbe\u795e\u529b\u91cf\u4f3c\u4e4e\u4f1a\n\u5728\u661f\u5149\u95ea\u8000\u7684\u591c\u665a\u8fbe\u5230\u6700\u9ad8\u70b9\u3002\n\u5b83\u4e0e\u5b87\u5b99\u7684\u5173\u7cfb\u81f3\u4eca\u4e0d\u660e\u3002",
      "language": {
        "name": "zh-Hans",
        "url": "https://pokeapi.co/api/v2/language/12/"
      },
      "version": {
        "name": "shield",
        "url": "https://pokeapi.co/api/v2/version/34/"
      }
    }
  ],
  "form_descriptions": [],
  "forms_switchable": false,
  "gender_rate": 6,
  "genera": [
    {
      "genus": "\u3042\u3084\u3064\u308a\u30dd\u30b1\u30e2\u30f3",
      "language": {
        "name": "ja-Hrkt",
        "url": "https://pokeapi.co/api/v2/language/1/"
      }
    },
    {
      "genus": "\uc870\uc791\ud3ec\ucf13\ubaac",
      "language": {
        "name": "ko",
        "url": "https://pokeapi.co/api/v2/language/3/"
      }
    },
    {
      "genus": "\u64cd\u7e31\u5bf6\u53ef\u5922",
      "language": {
        "name": "zh-Hant",
        "url": "https://pokeapi.co/api/v2/language/4/"
      }
    },
    {
      "genus": "Pok\u00e9mon Magouilleur",
      "language": {
        "name": "fr",
        "url": "https://pokeapi.co/api/v2/language/5/"
      }
    },
    {
      "genus": "Manipulator-Pok\u00e9mon",
      "language": {
        "name": "de",
        "url": "https://pokeapi.co/api/v2/language/6/"
      }
    },
    {
      "genus": "Pok\u00e9mon Manipulador",
      "language": {
        "name": "es",
        "url": "https://pokeapi.co/api/v2/language/7/"
      }
    },
    {
      "genus": "Pok\u00e9mon Raggiro",
      "language": {
        "name": "it",
        "url": "https://pokeapi.co/api/v2/language/8/"
      }
    },
    {
      "genus": "Manipulate Pok\u00e9mon",
      "language": {
        "name": "en",
        "url": "https://pokeapi.co/api/v2/language/9/"
      }
    },
    {
      "genus": "\u3042\u3084\u3064\u308a\u30dd\u30b1\u30e2\u30f3",
      "language": {
        "name": "ja",
        "url": "https://pokeapi.co/api/v2/language/11/"
      }
    },
    {
      "genus": "\u64cd\u7eb5\u5b9d\u53ef\u68a6",
      "language": {
        "name": "zh-Hans",
        "url": "https://pokeapi.co/api/v2/language/12/"
      }
    }
  ],
  "generation": {
    "name": "generation-v",
    "url": "https://pokeapi.co/api/v2/generation/5/"
  },
  "growth_rate": {
    "name": "medium-slow",
    "url": "https://pokeapi.co/api/v2/growth-rate/4/"
  },
  "habitat": null,
  "has_gender_differences": false,
  "hatch_counter": 20,
  "id": 575,
  "is_baby": false,
  "is_legendary": false,
  "is_mythical": false,
  "name": "gothorita",
  "names": [
    {
      "language": {
        "name": "ja-Hrkt",
        "url": "https://pokeapi.co/api/v2/language/1/"
      },
      "name": "\u30b4\u30c1\u30df\u30eb"
    },
    {
      "language": {
        "name": "roomaji",
        "url": "https://pokeapi.co/api/v2/language/2/"
      },
      "name": "Gothimiru"
    },
    {
      "language": {
        "name": "ko",
        "url": "https://pokeapi.co/api/v2/language/3/"
      },
      "name": "\uace0\ub514\ubcf4\ubbf8"
    },
    {
      "language": {
        "name": "zh-Hant",
        "url": "https://pokeapi.co/api/v2/language/4/"
      },
      "name": "\u54e5\u5fb7\u5c0f\u7ae5"
    },
    {
      "language": {
        "name": "fr",
        "url": "https://pokeapi.co/api/v2/language/5/"
      },
      "name": "Mesm\u00e9rella"
    },
    {
      "language": {
        "name": "de",
        "url": "https://pokeapi.co/api/v2/language/6/"
      },
      "name": "Hypnomorba"
    },
    {
      "language": {
        "name": "es",
        "url": "https://pokeapi.co/api/v2/language/7/"
      },
      "name": "Gothorita"
    },
    {
      "language": {
        "name": "it",
        "url": "https://pokeapi.co/api/v2/language/8/"
      },
      "name": "Gothorita"
    },
    {
      "language": {
        "name": "en",
        "url": "https://pokeapi.co/api/v2/language/9/"
      },
      "name": "Gothorita"
    },
    {
      "language": {
        "name": "ja",
        "url": "https://pokeapi.co/api/v2/language/11/"
      },
      "name": "\u30b4\u30c1\u30df\u30eb"
    },
    {
      "language": {
        "name": "zh-Hans",
        "url": "https://pokeapi.co/api/v2/language/12/"
      },
      "name": "\u54e5\u5fb7\u5c0f\u7ae5"
    }
  ],
  "order": 576,
  "pal_park_encounters": [],
  "pokedex_numbers": [
    {
      "entry_number": 575,
      "pokedex": {
        "name": "national",
        "url": "https://pokeapi.co/api/v2/pokedex/1/"
      }
    },
    {
      "entry_number": 81,
      "pokedex": {
        "name": "original-unova",
        "url": "https://pokeapi.co/api/v2/pokedex/8/"
      }
    },
    {
      "entry_number": 137,
      "pokedex": {
        "name": "updated-unova",
        "url": "https://pokeapi.co/api/v2/pokedex/9/"
      }
    },
    {
      "entry_number": 64,
      "pokedex": {
        "name": "conquest-gallery",
        "url": "https://pokeapi.co/api/v2/pokedex/11/"
      }
    },
    {
      "entry_number": 127,
      "pokedex": {
        "name": "kalos-mountain",
        "url": "https://pokeapi.co/api/v2/pokedex/14/"
      }
    },
    {
      "entry_number": 268,
      "pokedex": {
        "name": "galar",
        "url": "https://pokeapi.co/api/v2/pokedex/27/"
      }
    },
    {
      "entry_number": 52,
      "pokedex": {
        "name": "crown-tundra",
        "url": "https://pokeapi.co/api/v2/pokedex/29/"
      }
    },
    {
      "entry_number": 235,
      "pokedex": {
        "name": "paldea",
        "url": "https://pokeapi.co/api/v2/pokedex/31/"
      }
    },
    {
      "entry_number": 102,
      "pokedex": {
        "name": "blueberry",
        "url": "https://pokeapi.co/api/v2/pokedex/33/"
      }
    }
  ],
  "shape": {
    "name": "humanoid",
    "url": "https://pokeapi.co/api/v2/pokemon-shape/12/"
  },
  "varieties": [
    {
      "is_default": true,
      "pokemon": {
        "name": "gothorita",
        "url": "https://pokeapi.co/api/v2/pokemon/575/"
      }
    }
  ]
}