{"id": 831, "name": "wooloo", "types": [{"slot": 1, "type": {"name": "normal", "url": "https://pokeapi.co/api/v2/type/1/"}}], "stats": [{"base_stat": 42, "effort": 0, "stat": {"name": "hp", "url": "https://pokeapi.co/api/v2/stat/1/"}}, {"base_stat": 40, "effort": 0, "stat": {"name": "attack", "url": "https://pokeapi.co/api/v2/stat/2/"}}, {"base_stat": 55, "effort": 1, "stat": {"name": "defense", "url": "https://pokeapi.co/api/v2/stat/3/"}}, {"base_stat": 40, "effort": 0, "stat": {"name": "special-attack", "url": "https://pokeapi.co/api/v2/stat/4/"}}, {"base_stat": 45, "effort": 0, "stat": {"name": "special-defense", "url": "https://pokeapi.co/api/v2/stat/5/"}}, {"base_stat": 48, "effort": 0, "stat": {"name": "speed", "url": "https://pokeapi.co/api/v2/stat/6/"}}], "abilities": [{"ability": {"name": "fluffy", "url": "https://pokeapi.co/api/v2/ability/218/"}, "is_hidden": false, "slot": 1}, {"ability": {"name": "run-away", "url": "https://pokeapi.co/api/v2/ability/50/"}, "is_hidden": false, "slot": 2}, {"ability": {"name": "bulletproof", "url": "https://pokeapi.co/api/v2/ability/171/"}, "is_hidden": true, "slot": 3}], "sprites": {"front_default": "https://raw.githubusercontent.com/PokeAPI/sprites/master/sprites/pokemon/831.png"}, "moves": [{"move": {"name": "stomp"}, "earliest_level": null}, {"move": {"name": "double-kick"}, "earliest_level": 16}, {"move": {"name": "headbutt"}, "earliest_level": 21}, {"move": {"name": "tackle"}, "earliest_level": 1}, {"move": {"name": "take-down"}, "earliest_level": 25}, {"move": {"name": "double-edge"}, "earliest_level": 40}, {"move": {"name": "growl"}, "earliest_level": 1}, {"move": {"name": "counter"}, "earliest_level": null}, {"move": {"name": "thunder-wave"}, "earliest_level": null}, {"move": {"name": "agility"}, "earliest_level": null}, {"move": {"name": "defense-curl"}, "earliest_level": 4}, {"move": {"name": "rest"}, "earliest_level": null}, {"move": {"name": "substitute"}, "earliest_level": null}, {"move": {"name": "snore"}, "earliest_level": null}, {"move": {"name": "reversal"}, "earliest_level": 32}, {"move": {"name": "protect"}, "earliest_level": null}, {"move": {"name": "endure"}, "earliest_level": null}, {"move": {"name": "swagger"}, "earliest_level": null}, {"move": {"name": "attract"}, "earliest_level": null}, {"move": {"name": "sleep-talk"}, "earliest_level": null}, {"move": {"name": "facade"}, "earliest_level": null}, {"move": {"name": "payback"}, "earliest_level": null}, {"move": {"name": "copycat"}, "earliest_level": 8}, {"move": {"name": "guard-swap"}, "earliest_level": 28}, {"move": {"name": "guard-split"}, "earliest_level": 12}, {"move": {"name": "electro-ball"}, "earliest_level": null}, {"move": {"name": "round"}, "earliest_level": null}, {"move": {"name": "wild-charge"}, "earliest_level": null}, {"move": {"name": "cotton-guard"}, "earliest_level": 36}, {"move": {"name": "grassy-glide"}, "earliest_level": null}], "species": {"url": "https://pokeapi.co/api/v2/pokemon-species/831/"}, "height": 6, "weight": 60}