{"id": 810, "name": "grookey", "types": [{"slot": 1, "type": {"name": "grass", "url": "https://pokeapi.co/api/v2/type/12/"}}], "stats": [{"base_stat": 50, "effort": 0, "stat": {"name": "hp", "url": "https://pokeapi.co/api/v2/stat/1/"}}, {"base_stat": 65, "effort": 1, "stat": {"name": "attack", "url": "https://pokeapi.co/api/v2/stat/2/"}}, {"base_stat": 50, "effort": 0, "stat": {"name": "defense", "url": "https://pokeapi.co/api/v2/stat/3/"}}, {"base_stat": 40, "effort": 0, "stat": {"name": "special-attack", "url": "https://pokeapi.co/api/v2/stat/4/"}}, {"base_stat": 40, "effort": 0, "stat": {"name": "special-defense", "url": "https://pokeapi.co/api/v2/stat/5/"}}, {"base_stat": 65, "effort": 0, "stat": {"name": "speed", "url": "https://pokeapi.co/api/v2/stat/6/"}}], "abilities": [{"ability": {"name": "overgrow", "url": "https://pokeapi.co/api/v2/ability/65/"}, "is_hidden": false, "slot": 1}, {"ability": {"name": "grassy-surge", "url": "https://pokeapi.co/api/v2/ability/229/"}, "is_hidden": true, "slot": 3}], "sprites": {"front_default": "https://raw.githubusercontent.com/PokeAPI/sprites/master/sprites/pokemon/810.png"}, "moves": [{"move": {"name": "mega-punch"}, "earliest_level": null}, {"move": {"name": "scratch"}, "earliest_level": 1}, {"move": {"name": "swords-dance"}, "earliest_level": null}, {"move": {"name": "slam"}, "earliest_level": 24}, {"move": {"name": "mega-kick"}, "earliest_level": null}, {"move": {"name": "body-slam"}, "earliest_level": null}, {"move": {"name": "take-down"}, "earliest_level": null}, {"move": {"name": "growl"}, "earliest_level": 1}, {"move": {"name": "low-kick"}, "earliest_level": null}, {"move": {"name": "strength"}, "earliest_level": null}, {"move": {"name": "leech-seed"}, "earliest_level": null}, {"move": {"name": "growth"}, "earliest_level": null}, {"move": {"name": "razor-leaf"}, "earliest_level": 12}, {"move": {"name": "solar-beam"}, "earliest_level": null}, {"move": {"name": "screech"}, "earliest_level": 17}, {"move": {"name": "focus-energy"}, "earliest_level": null}, {"move": {"name": "swift"}, "earliest_level": null}, {"move": {"name": "rest"}, "earliest_level": null}, {"move": {"name": "substitute"}, "earliest_level": null}, {"move": {"name": "thief"}, "earliest_level": null}, {"move": {"name": "snore"}, "earliest_level": null}, {"move": {"name": "protect"}, "earliest_level": null}, {"move": {"name": "giga-drain"}, "earliest_level": null}, {"move": {"name": "endure"}, "earliest_level": null}, {"move": {"name": "false-swipe"}, "earliest_level": null}, {"move": {"name": "attract"}, "earliest_level": null}, {"move": {"name": "sleep-talk"}, "earliest_level": null}, {"move": {"name": "sunny-day"}, "earliest_level": null}, {"move": {"name": "fake-out"}, "earliest_level": null}, {"move": {"name": "uproar"}, "earliest_level": 28}, {"move": {"name": "facade"}, "earliest_level": null}, {"move": {"name": "nature-power"}, "earliest_level": null}, {"move": {"name": "taunt"}, "earliest_level": 8}, {"move": {"name": "knock-off"}, "earliest_level": 20}, {"move": {"name": "endeavor"}, "earliest_level": 36}, {"move": {"name": "bullet-seed"}, "earliest_level": null}, {"move": {"name": "magical-leaf"}, "earliest_level": null}, {"move": {"name": "hammer-arm"}, "earliest_level": null}, {"move": {"name": "u-turn"}, "earliest_level": null}, {"move": {"name": "assurance"}, "earliest_level": null}, {"move": {"name": "fling"}, "earliest_level": null}, {"move": {"name": "worry-seed"}, "earliest_level": null}, {"move": {"name": "seed-bomb"}, "earliest_level": null}, {"move": {"name": "drain-punch"}, "earliest_level": null}, {"move": {"name": "energy-ball"}, "earliest_level": null}, {"move": {"name": "leaf-storm"}, "earliest_level": null}, {"move": {"name": "grass-knot"}, "earliest_level": null}, {"move": {"name": "wood-hammer"}, "earliest_level": 32}, {"move": {"name": "round"}, "earliest_level": null}, {"move": {"name": "acrobatics"}, "earliest_level": null}, {"move": {"name": "grass-pledge"}, "earliest_level": null}, {"move": {"name": "work-up"}, "earliest_level": null}, {"move": {"name": "grassy-terrain"}, "earliest_level": null}, {"move": {"name": "solar-blade"}, "earliest_level": null}, {"move": {"name": "branch-poke"}, "earliest_level": 6}, {"move": {"name": "grassy-glide"}, "earliest_level": null}, {"move": {"name": "tera-blast"}, "earliest_level": null}, {"move": {"name": "trailblaze"}, "earliest_level": null}], "species": {"url": "https://pokeapi.co/api/v2/pokemon-species/810/"}, "height": 3, "weight": 50}