{"id": 892, "name": "urshifu-single-strike", "types": [{"slot": 1, "type": {"name": "fighting", "url": "https://pokeapi.co/api/v2/type/2/"}}, {"slot": 2, "type": {"name": "dark", "url": "https://pokeapi.co/api/v2/type/17/"}}], "stats": [{"base_stat": 100, "effort": 0, "stat": {"name": "hp", "url": "https://pokeapi.co/api/v2/stat/1/"}}, {"base_stat": 130, "effort": 3, "stat": {"name": "attack", "url": "https://pokeapi.co/api/v2/stat/2/"}}, {"base_stat": 100, "effort": 0, "stat": {"name": "defense", "url": "https://pokeapi.co/api/v2/stat/3/"}}, {"base_stat": 63, "effort": 0, "stat": {"name": "special-attack", "url": "https://pokeapi.co/api/v2/stat/4/"}}, {"base_stat": 60, "effort": 0, "stat": {"name": "special-defense", "url": "https://pokeapi.co/api/v2/stat/5/"}}, {"base_stat": 97, "effort": 0, "stat": {"name": "speed", "url": "https://pokeapi.co/api/v2/stat/6/"}}], "abilities": [{"ability": {"name": "unseen-fist", "url": "https://pokeapi.co/api/v2/ability/260/"}, "is_hidden": false, "slot": 1}], "sprites": {"front_default": "https://raw.githubusercontent.com/PokeAPI/sprites/master/sprites/pokemon/892.png"}, "moves": [{"move": {"name": "mega-punch"}, "earliest_level": null}, {"move": {"name": "fire-punch"}, "earliest_level": null}, {"move": {"name": "ice-punch"}, "earliest_level": null}, {"move": {"name": "thunder-punch"}, "earliest_level": null}, {"move": {"name": "swords-dance"}, "earliest_level": null}, {"move": {"name": "mega-kick"}, "earliest_level": null}, {"move": {"name": "headbutt"}, "earliest_level": 20}, {"move": {"name": "body-slam"}, "earliest_level": null}, {"move": {"name": "take-down"}, "earliest_level": null}, {"move": {"name": "double-edge"}, "earliest_level": null}, {"move": {"name": "leer"}, "earliest_level": 1}, {"move": {"name": "roar"}, "earliest_level": null}, {"move": {"name": "low-kick"}, "earliest_level": null}, {"move": {"name": "counter"}, "earliest_level": 44}, {"move": {"name": "dig"}, "earliest_level": null}, {"move": {"name": "focus-energy"}, "earliest_level": 1}, {"move": {"name": "swift"}, "earliest_level": null}, {"move": {"name": "rest"}, "earliest_level": null}, {"move": {"name": "rock-slide"}, "earliest_level": null}, {"move": {"name": "substitute"}, "earliest_level": null}, {"move": {"name": "snore"}, "earliest_level": null}, {"move": {"name": "reversal"}, "earliest_level": null}, {"move": {"name": "protect"}, "earliest_level": null}, {"move": {"name": "scary-face"}, "earliest_level": 16}, {"move": {"name": "detect"}, "earliest_level": 28}, {"move": {"name": "endure"}, "earliest_level": 1}, {"move": {"name": "false-swipe"}, "earliest_level": null}, {"move": {"name": "attract"}, "earliest_level": null}, {"move": {"name": "sleep-talk"}, "earliest_level": null}, {"move": {"name": "dynamic-punch"}, "earliest_level": 40}, {"move": {"name": "metal-claw"}, "earliest_level": null}, {"move": {"name": "crunch"}, "earliest_level": null}, {"move": {"name": "rock-smash"}, "earliest_level": 1}, {"move": {"name": "beat-up"}, "earliest_level": null}, {"move": {"name": "facade"}, "earliest_level": null}, {"move": {"name": "focus-punch"}, "earliest_level": 52}, {"move": {"name": "taunt"}, "earliest_level": null}, {"move": {"name": "helping-hand"}, "earliest_level": null}, {"move": {"name": "superpower"}, "earliest_level": null}, {"move": {"name": "revenge"}, "earliest_level": null}, {"move": {"name": "brick-break"}, "earliest_level": 24}, {"move": {"name": "rock-tomb"}, "earliest_level": null}, {"move": {"name": "aerial-ace"}, "earliest_level": 12}, {"move": {"name": "iron-defense"}, "earliest_level": null}, {"move": {"name": "bulk-up"}, "earliest_level": 32}, {"move": {"name": "u-turn"}, "earliest_level": null}, {"move": {"name": "close-combat"}, "earliest_level": 48}, {"move": {"name": "payback"}, "earliest_level": null}, {"move": {"name": "assurance"}, "earliest_level": null}, {"move": {"name": "fling"}, "earliest_level": null}, {"move": {"name": "sucker-punch"}, "earliest_level": 1}, {"move": {"name": "aura-sphere"}, "earliest_level": null}, {"move": {"name": "poison-jab"}, "earliest_level": null}, {"move": {"name": "dark-pulse"}, "earliest_level": null}, {"move": {"name": "drain-punch"}, "earliest_level": null}, {"move": {"name": "focus-blast"}, "earliest_level": null}, {"move": {"name": "giga-impact"}, "earliest_level": null}, {"move": {"name": "zen-headbutt"}, "earliest_level": null}, {"move": {"name": "iron-head"}, "earliest_level": 36}, {"move": {"name": "stone-edge"}, "earliest_level": null}, {"move": {"name": "low-sweep"}, "earliest_level": null}, {"move": {"name": "foul-play"}, "earliest_level": null}, {"move": {"name": "round"}, "earliest_level": null}, {"move": {"name": "acrobatics"}, "earliest_level": null}, {"move": {"name": "retaliate"}, "earliest_level": null}, {"move": {"name": "work-up"}, "earliest_level": null}, {"move": {"name": "snarl"}, "earliest_level": null}, {"move": {"name": "darkest-lariat"}, "earliest_level": null}, {"move": {"name": "throat-chop"}, "earliest_level": null}, {"move": {"name": "body-press"}, "earliest_level": null}, {"move": {"name": "lash-out"}, "earliest_level": null}, {"move": {"name": "coaching"}, "earliest_level": null}, {"move": {"name": "wicked-blow"}, "earliest_level": 1}, {"move": {"name": "tera-blast"}, "earliest_level": null}, {"move": {"name": "trailblaze"}, "earliest_level": null}], "species": {"url": "https://pokeapi.co/api/v2/pokemon-species/892/"}, "height": 19, "weight": 1050}