{"flavor_text_entries": [{"flavor_text": "The quills on its head are usually soft.\nWhen it flexes them, the points become\nso hard and sharp that they can pierce rock.", "language": {"name": "en", "url": "https://pokeapi.co/api/v2/language/9/"}, "version": {"name": "x", "url": "https://pokeapi.co/api/v2/version/23/"}}, {"flavor_text": "Such a thick shell of wood covers its head and back\nthat even a direct hit from a truck wouldn\u2019t faze it.", "language": {"name": "en", "url": "https://pokeapi.co/api/v2/language/9/"}, "version": {"name": "y", "url": "https://pokeapi.co/api/v2/version/24/"}}, {"flavor_text": "The quills on its head are usually soft.\nWhen it flexes them, the points become\nso hard and sharp that they can pierce rock.", "language": {"name": "en", "url": "https://pokeapi.co/api/v2/language/9/"}, "version": {"name": "omega-ruby", "url": "https://pokeapi.co/api/v2/version/25/"}}, {"flavor_text": "Such a thick shell of wood covers its head and back\nthat even a direct hit from a truck wouldn\u2019t faze it.", "language": {"name": "en", "url": "https://pokeapi.co/api/v2/language/9/"}, "version": {"name": "alpha-sapphire", "url": "https://pokeapi.co/api/v2/version/26/"}}], "evolution_chain": {"url": "https://pokeapi.co/api/v2/evolution-chain/337/"}}