{
  "base_happiness": 70,
  "capture_rate": 225,
  "color": {
    "name": "purple",
    "url": "https://pokeapi.co/api/v2/pokemon-color/7/"
  },
  "egg_groups": [
    {
      "name": "water3",
      "url": "https://pokeapi.co/api/v2/egg-group/9/"
    }
  ],
  "evolution_chain": {
    "url": "https://pokeapi.co/api/v2/evolution-chain/380/"
  },
  "evolves_from_species": null,
  "flavor_text_entries": [
    {
      "flavor_text": "\u30cf\u30b5\u30df\u3067\u3000\u3058\u3083\u304f\u3066\u3093\u3092\u3000\u30ac\u30fc\u30c9\u3057\u3064\u3064\n\u30b9\u30ad\u3092\u3000\u3046\u304b\u304c\u3044\u3000\u30d1\u30f3\u30c1\u3092\u3000\u306f\u306a\u3064\u3002\n\u307e\u3051\u305f\u307b\u3046\u306f\u3000\u30a2\u30ef\u3092\u3000\u3075\u3044\u3066\u3000\u30c0\u30a6\u30f3\u3002",
      "language": {
        "name": "ja-Hrkt",
        "url": "https://pokeapi.co/api/v2/language/1/"
      },
      "version": {
        "name": "sun",
        "url": "https://pokeapi.co/api/v2/version/27/"
      }
    },
    {
      "flavor_text": "\uac00\uc704\ub85c \uc57d\uc810\uc744 \uac00\ub4dc \ud558\uba74\uc11c\n\ud2c8\uc744 \ub178\ub824 \ud380\uce58\ub97c \ub0a0\ub9b0\ub2e4.\n\uc9c4 \ucabd\uc740 \uac70\ud488\uc744 \ubb3c\uace0 \ub2e4\uc6b4\ub41c\ub2e4.",
      "language": {
        "name": "ko",
        "url": "https://pokeapi.co/api/v2/language/3/"
      },
      "version": {
        "name": "sun",
        "url": "https://pokeapi.co/api/v2/version/27/"
      }
    },
    {
      "flavor_text": "\u7528\u9257\u5b50\u4fdd\u8b77\u81ea\u5df1\u7684\u5f31\u9ede\uff0c\n\u540c\u6642\u7b49\u5019\u6642\u6a5f\u51fa\u62f3\u3002\n\u8f38\u4e86\u7684\u8a71\u6703\u5410\u8457\u6ce1\u6ce1\u5012\u4e0b\u3002",
      "language": {
        "name": "zh-Hant",
        "url": "https://pokeapi.co/api/v2/language/4/"
      },
      "version": {
        "name": "sun",
        "url": "https://pokeapi.co/api/v2/version/27/"
      }
    },
    {
      "flavor_text": "Il prot\u00e8ge ses points faibles avec ses pinces en\nguettant le moment propice pour riposter.\nIl crache de l\u2019\u00e9cume lorsqu\u2019il tombe K.O.",
      "language": {
        "name": "fr",
        "url": "https://pokeapi.co/api/v2/language/5/"
      },
      "version": {
        "name": "sun",
        "url": "https://pokeapi.co/api/v2/version/27/"
      }
    },
    {
      "flavor_text": "Sch\u00fctzt mit den Scheren seine Schwachstellen\nund bereitet einen Gegenschlag vor. Verliert es,\nbl\u00e4st es Tr\u00fcbsal.",
      "language": {
        "name": "de",
        "url": "https://pokeapi.co/api/v2/language/6/"
      },
      "version": {
        "name": "sun",
        "url": "https://pokeapi.co/api/v2/version/27/"
      }
    },
    {
      "flavor_text": "Protege sus puntos d\u00e9biles con las pinzas y\npropina pu\u00f1etazos en cuanto tiene ocasi\u00f3n.\nCuando pierde, llora l\u00e1grimas espumosas.",
      "language": {
        "name": "es",
        "url": "https://pokeapi.co/api/v2/language/7/"
      },
      "version": {
        "name": "sun",
        "url": "https://pokeapi.co/api/v2/version/27/"
      }
    },
    {
      "flavor_text": "Protegge con le chele i propri punti deboli e, al\nmomento opportuno, contrattacca con potenti\npugni. Quando perde, crolla schiumante al suolo.",
      "language": {
        "name": "it",
        "url": "https://pokeapi.co/api/v2/language/8/"
      },
      "version": {
        "name": "sun",
        "url": "https://pokeapi.co/api/v2/version/27/"
      }
    },
    {
      "flavor_text": "While guarding its weak points with its pincers,\nit looks for an opening and unleashes punches.\nWhen it loses, it foams at the mouth and faints.",
      "language": {
        "name": "en",
        "url": "https://pokeapi.co/api/v2/language/9/"
      },
      "version": {
        "name": "sun",
        "url": "https://pokeapi.co/api/v2/version/27/"
      }
    },
    {
      "flavor_text": "\u30cf\u30b5\u30df\u3067\u3000\u5f31\u70b9\u3092\u3000\u30ac\u30fc\u30c9\u3057\u3064\u3064\n\u9699\u3092\u3000\u3046\u304b\u304c\u3044\u3000\u30d1\u30f3\u30c1\u3092\u3000\u653e\u3064\u3002\n\u8ca0\u3051\u305f\u307b\u3046\u306f\u3000\u6ce1\u3092\u3000\u3075\u3044\u3066\u3000\u30c0\u30a6\u30f3\u3002",
      "language": {
        "name": "ja",
        "url": "https://pokeapi.co/api/v2/language/11/"
      },
      "version": {
        "name": "sun",
        "url": "https://pokeapi.co/api/v2/version/27/"
      }
    },
    {
      "flavor_text": "\u7528\u94b3\u5b50\u4fdd\u62a4\u81ea\u5df1\u7684\u5f31\u70b9\uff0c\n\u540c\u65f6\u4f3a\u673a\u51fa\u62f3\u3002\n\u8f93\u4e86\u7684\u8bdd\u4f1a\u5410\u6ce1\u6ce1\u5012\u4e0b\u3002",
      "language": {
        "name": "zh-Hans",
        "url": "https://pokeapi.co/api/v2/language/12/"
      },
      "version": {
        "name": "sun",
        "url": "https://pokeapi.co/api/v2/version/27/"
      }
    },
    {
      "flavor_text": "\u306a\u3050\u308a\u3059\u304e\u3067\u3000\u30cf\u30b5\u30df\u306f\u3000\u3088\u304f\u3000\u3082\u3052\u308b\u304c\n\u3059\u3050\u306b\u3000\u306f\u3048\u308b\u3002\u3000\u30cf\u30b5\u30df\u306e\u3000\u306a\u304b\u307f\u306f\n\u3059\u304f\u306a\u3044\u304c\u3000\u30b3\u30af\u304c\u3042\u3063\u3066\u3000\u3046\u307e\u3044\u305e\u3002",
      "language": {
        "name": "ja-Hrkt",
        "url": "https://pokeapi.co/api/v2/language/1/"
      },
      "version": {
        "name": "moon",
        "url": "https://pokeapi.co/api/v2/version/28/"
      }
    },
    {
      "flavor_text": "\uc2ec\ud558\uac8c \ub54c\ub824\uc11c \uc9d1\uac8c\ub294 \uc798 \ub5a8\uc5b4\uc9c0\uc9c0\ub9cc\n\ubc14\ub85c \uc790\ub780\ub2e4. \uc9d1\uac8c \uc18d\uc0b4\uc740\n\uc801\uc9c0\ub9cc \ud48d\ubbf8\uac00 \uc788\uace0 \ub9db\uc788\ub2e4.",
      "language": {
        "name": "ko",
        "url": "https://pokeapi.co/api/v2/language/3/"
      },
      "version": {
        "name": "moon",
        "url": "https://pokeapi.co/api/v2/version/28/"
      }
    },
    {
      "flavor_text": "\u56e0\u70ba\u5e38\u5e38\u6253\u67b6\uff0c\u9257\u5b50\u7d93\u5e38\u6389\u843d\uff0c\n\u4e0d\u904e\u5f88\u5feb\u53c8\u6703\u9577\u51fa\u4f86\u3002\u9257\u5b50\u88e1\u7684\u8089\u5f88\u5c11\uff0c\n\u4f46\u5473\u9053\u6fc3\u90c1\u4e14\u975e\u5e38\u7f8e\u5473\u3002",
      "language": {
        "name": "zh-Hant",
        "url": "https://pokeapi.co/api/v2/language/4/"
      },
      "version": {
        "name": "moon",
        "url": "https://pokeapi.co/api/v2/version/28/"
      }
    },
    {
      "flavor_text": "Ses pinces se d\u00e9crochent lorsqu\u2019il s\u2019en sert trop\npour frapper, mais repoussent heureusement\naussit\u00f4t. Leur chair est fine et d\u00e9licieuse.",
      "language": {
        "name": "fr",
        "url": "https://pokeapi.co/api/v2/language/5/"
      },
      "version": {
        "name": "moon",
        "url": "https://pokeapi.co/api/v2/version/28/"
      }
    },
    {
      "flavor_text": "Es verliert oft seine Scheren im Kampf, aber sie\nwachsen schnell nach. Obwohl diese nur wenig\nFleisch enthalten, gelten sie als Delikatesse.",
      "language": {
        "name": "de",
        "url": "https://pokeapi.co/api/v2/language/6/"
      },
      "version": {
        "name": "moon",
        "url": "https://pokeapi.co/api/v2/version/28/"
      }
    },
    {
      "flavor_text": "Suele perder las pinzas por usarlas demasiado,\npero enseguida le vuelven a crecer. Estas tienen\npoca carne, pero es muy apreciada.",
      "language": {
        "name": "es",
        "url": "https://pokeapi.co/api/v2/language/7/"
      },
      "version": {
        "name": "moon",
        "url": "https://pokeapi.co/api/v2/version/28/"
      }
    },
    {
      "flavor_text": "A furia di sferrare pugni, le chele gli si\nstaccano, ma ricrescono sempre. La polpa al loro\ninterno \u00e8 poca, ma molto saporita.",
      "language": {
        "name": "it",
        "url": "https://pokeapi.co/api/v2/language/8/"
      },
      "version": {
        "name": "moon",
        "url": "https://pokeapi.co/api/v2/version/28/"
      }
    },
    {
      "flavor_text": "It punches so much, its pincers often come off\nfrom overuse, but they grow back quickly. What\nlittle meat they contain is rich and delicious.",
      "language": {
        "name": "en",
        "url": "https://pokeapi.co/api/v2/language/9/"
      },
      "version": {
        "name": "moon",
        "url": "https://pokeapi.co/api/v2/version/28/"
      }
    },
    {
      "flavor_text": "\u306a\u3050\u308a\u904e\u304e\u3067\u3000\u30cf\u30b5\u30df\u306f\u3000\u3088\u304f\u3000\u3082\u3052\u308b\u304c\n\u3059\u3050\u306b\u3000\u751f\u3048\u308b\u3002\u3000\u30cf\u30b5\u30df\u306e\u3000\u4e2d\u5473\u306f\n\u5c11\u306a\u3044\u304c\u3000\u30b3\u30af\u304c\u3042\u3063\u3066\u3000\u3046\u307e\u3044\u305e\u3002",
      "language": {
        "name": "ja",
        "url": "https://pokeapi.co/api/v2/language/11/"
      },
      "version": {
        "name": "moon",
        "url": "https://pokeapi.co/api/v2/version/28/"
      }
    },
    {
      "flavor_text": "\u56e0\u4e3a\u6253\u67b6\u592a\u9891\u7e41\uff0c\u94b3\u5b50\u5e38\u5e38\u6389\u843d\uff0c\n\u4f46\u5f88\u5feb\u53c8\u4f1a\u957f\u51fa\u6765\u3002\u94b3\u5b50\u91cc\u7684\u8089\u5f88\u5c11\uff0c\n\u4f46\u5473\u9053\u6d53\u90c1\u975e\u5e38\u9c9c\u7f8e\u3002",
      "language": {
        "name": "zh-Hans",
        "url": "https://pokeapi.co/api/v2/language/12/"
      },
      "version": {
        "name": "moon",
        "url": "https://pokeapi.co/api/v2/version/28/"
      }
    },
    {
      "flavor_text": "\u304b\u305f\u3044\u3000\u30cf\u30b5\u30df\u306f\u3000\u305b\u3081\u3082\u3000\u307e\u3082\u308a\u3082\n\u3068\u304f\u3044\u3002\u3000\u30de\u30b1\u30f3\u30ab\u30cb\u3000\u3069\u3046\u3057\u306e\n\u305f\u305f\u304b\u3044\u306f\u3000\u30dc\u30af\u30b7\u30f3\u30b0\u306e\u3000\u3088\u3046\u3060\u3002",
      "language": {
        "name": "ja-Hrkt",
        "url": "https://pokeapi.co/api/v2/language/1/"
      },
      "version": {
        "name": "ultra-sun",
        "url": "https://pokeapi.co/api/v2/version/29/"
      }
    },
    {
      "flavor_text": "\ub531\ub531\ud55c \uc9d1\uac8c\ub294 \uacf5\uaca9\uacfc \uc218\ube44\uc5d0\n\ubaa8\ub450 \ub2a5\ud558\ub2e4. \uc624\uae30\uc9c0\uac8c\ub07c\ub9ac\uc758\n\uc2f8\uc6c0\uc740 \ubcf5\uc2f1 \uac19\ub2e4.",
      "language": {
        "name": "ko",
        "url": "https://pokeapi.co/api/v2/language/3/"
      },
      "version": {
        "name": "ultra-sun",
        "url": "https://pokeapi.co/api/v2/version/29/"
      }
    },
    {
      "flavor_text": "\u5805\u786c\u7684\u9257\u5b50\u653b\u5b88\u7686\u5b9c\u3002\n\u597d\u52dd\u87f9\u8207\u597d\u52dd\u87f9\u4e4b\u9593\u7684\u6230\u9b25\n\u5c31\u50cf\u662f\u62f3\u64ca\u8cfd\u4e00\u6a23\u3002",
      "language": {
        "name": "zh-Hant",
        "url": "https://pokeapi.co/api/v2/language/4/"
      },
      "version": {
        "name": "ultra-sun",
        "url": "https://pokeapi.co/api/v2/version/29/"
      }
    },
    {
      "flavor_text": "Ses robustes pinces sont aussi efficaces pour\nl\u2019attaque que pour la d\u00e9fense. Les combats de\nCrabagarre ressemblent \u00e0 des matchs de boxe.",
      "language": {
        "name": "fr",
        "url": "https://pokeapi.co/api/v2/language/5/"
      },
      "version": {
        "name": "ultra-sun",
        "url": "https://pokeapi.co/api/v2/version/29/"
      }
    },
    {
      "flavor_text": "Seine harten Scheren eignen sich sowohl f\u00fcr\noffensive als auch defensive Techniken. K\u00e4mpfe\nzwischen zwei Krabbox \u00e4hneln Boxk\u00e4mpfen.",
      "language": {
        "name": "de",
        "url": "https://pokeapi.co/api/v2/language/6/"
      },
      "version": {
        "name": "ultra-sun",
        "url": "https://pokeapi.co/api/v2/version/29/"
      }
    },
    {
      "flavor_text": "Usa h\u00e1bilmente sus robustas pinzas tanto para\natacar como para defenderse. Las peleas entre\ncong\u00e9neres parecen combates de boxeo.",
      "language": {
        "name": "es",
        "url": "https://pokeapi.co/api/v2/language/7/"
      },
      "version": {
        "name": "ultra-sun",
        "url": "https://pokeapi.co/api/v2/version/29/"
      }
    },
    {
      "flavor_text": "Utilizza le robuste chele sia per attaccare\nche per difendersi. Le lotte tra Crabrawler\nassomigliano molto a incontri di boxe.",
      "language": {
        "name": "it",
        "url": "https://pokeapi.co/api/v2/language/8/"
      },
      "version": {
        "name": "ultra-sun",
        "url": "https://pokeapi.co/api/v2/version/29/"
      }
    },
    {
      "flavor_text": "Its hard pincers are well suited to both offense\nand defense. Fights between two Crabrawler\nare like boxing matches.",
      "language": {
        "name": "en",
        "url": "https://pokeapi.co/api/v2/language/9/"
      },
      "version": {
        "name": "ultra-sun",
        "url": "https://pokeapi.co/api/v2/version/29/"
      }
    },
    {
      "flavor_text": "\u786c\u3044\u3000\u30cf\u30b5\u30df\u306f\u3000\u653b\u3081\u3082\u3000\u5b88\u308a\u3082\n\u5f97\u610f\u3002\u3000\u30de\u30b1\u30f3\u30ab\u30cb\u3000\u540c\u58eb\u306e\n\u6226\u3044\u306f\u3000\u30dc\u30af\u30b7\u30f3\u30b0\u306e\u3000\u3088\u3046\u3060\u3002",
      "language": {
        "name": "ja",
        "url": "https://pokeapi.co/api/v2/language/11/"
      },
      "version": {
        "name": "ultra-sun",
        "url": "https://pokeapi.co/api/v2/version/29/"
      }
    },
    {
      "flavor_text": "\u575a\u786c\u7684\u94b3\u5b50\u653b\u5b88\u7686\u5b9c\u3002\n\u597d\u80dc\u87f9\u540c\u7c7b\u4e4b\u95f4\u7684\u6218\u6597\n\u5c31\u50cf\u662f\u62f3\u51fb\u4e00\u6837\u3002",
      "language": {
        "name": "zh-Hans",
        "url": "https://pokeapi.co/api/v2/language/12/"
      },
      "version": {
        "name": "ultra-sun",
        "url": "https://pokeapi.co/api/v2/version/29/"
      }
    },
    {
      "flavor_text": "\u30e4\u30b7\u306e\u304d\u3068\u3000\u307e\u3061\u304c\u3048\u3066\u3000\u30ca\u30c3\u30b7\u30fc\u306b\n\u306e\u307c\u308b\u3053\u3068\u3082\u3042\u308b\u3002\u3000\u3044\u304b\u308a\u3092\u3000\u304b\u3063\u3066\n\u3075\u308a\u304a\u3068\u3055\u308c\u3066\u3000\u3075\u307f\u3064\u3051\u3089\u308c\u308b\u3002",
      "language": {
        "name": "ja-Hrkt",
        "url": "https://pokeapi.co/api/v2/language/1/"
      },
      "version": {
        "name": "ultra-moon",
        "url": "https://pokeapi.co/api/v2/version/30/"
      }
    },
    {
      "flavor_text": "\uc57c\uc790\ub098\ubb34\ub85c \ucc29\uac01\ud558\uace0 \ub098\uc2dc\uc5d0\n\uc624\ub974\ub294 \uc77c\ub3c4 \uc788\ub2e4. \ubd84\ub178\ub97c \uc0ac\n\ub0b4\ub3d9\ub315\uc774\uccd0\uc9c4 \ub2e4\uc74c \uc9d3\ubc1f\ud78c\ub2e4.",
      "language": {
        "name": "ko",
        "url": "https://pokeapi.co/api/v2/language/3/"
      },
      "version": {
        "name": "ultra-moon",
        "url": "https://pokeapi.co/api/v2/version/30/"
      }
    },
    {
      "flavor_text": "\u6709\u6642\u6703\u932f\u628a\u6930\u86cb\u6a39\u7576\u6210\u6930\u5b50\u6a39\n\u800c\u722c\u4e0a\u53bb\u3002\u60f9\u6012\u6930\u86cb\u6a39\u7684\u7260\u6703\u88ab\n\u7529\u4e0b\u4f86\u4e26\u906d\u5230\u8e29\u8e0f\u3002",
      "language": {
        "name": "zh-Hant",
        "url": "https://pokeapi.co/api/v2/language/4/"
      },
      "version": {
        "name": "ultra-moon",
        "url": "https://pokeapi.co/api/v2/version/30/"
      }
    },
    {
      "flavor_text": "Il grimpe parfois sur un Noadkoko qu\u2019il a pris\npour un cocotier. Il se fait alors \u00e9jecter puis\npi\u00e9tiner par le Noadkoko courrouc\u00e9.",
      "language": {
        "name": "fr",
        "url": "https://pokeapi.co/api/v2/language/5/"
      },
      "version": {
        "name": "ultra-moon",
        "url": "https://pokeapi.co/api/v2/version/30/"
      }
    },
    {
      "flavor_text": "Manchmal h\u00e4lt es ein Kokowei f\u00fcr eine Palme\nund klettert es hinauf. Dieses sch\u00fcttelt es dann\nw\u00fctend ab und verpasst ihm einen Tritt.",
      "language": {
        "name": "de",
        "url": "https://pokeapi.co/api/v2/language/6/"
      },
      "version": {
        "name": "ultra-moon",
        "url": "https://pokeapi.co/api/v2/version/30/"
      }
    },
    {
      "flavor_text": "A veces trepa por Exeggutor al confundirlo con\nuna palmera de verdad. Este, presa de la ira, se\ndesembaraza de \u00e9l a sacudidas y lo pisotea.",
      "language": {
        "name": "es",
        "url": "https://pokeapi.co/api/v2/language/7/"
      },
      "version": {
        "name": "ultra-moon",
        "url": "https://pokeapi.co/api/v2/version/30/"
      }
    },
    {
      "flavor_text": "A volte si arrampica sugli Exeggutor, prendendoli\nper vere palme. Per tutta risposta, questi si\nadirano, lo scaraventano a terra e lo calpestano.",
      "language": {
        "name": "it",
        "url": "https://pokeapi.co/api/v2/language/8/"
      },
      "version": {
        "name": "ultra-moon",
        "url": "https://pokeapi.co/api/v2/version/30/"
      }
    },
    {
      "flavor_text": "Crabrawler has been known to mistake\nExeggutor for a coconut tree and climb it. The\nenraged Exeggutor shakes it off and stomps it.",
      "language": {
        "name": "en",
        "url": "https://pokeapi.co/api/v2/language/9/"
      },
      "version": {
        "name": "ultra-moon",
        "url": "https://pokeapi.co/api/v2/version/30/"
      }
    },
    {
      "flavor_text": "\u30e4\u30b7\u306e\u6728\u3068\u3000\u9593\u9055\u3048\u3066\u3000\u30ca\u30c3\u30b7\u30fc\u306b\n\u767b\u308b\u3053\u3068\u3082\u3042\u308b\u3002\u3000\u6012\u308a\u3092\u3000\u304b\u3063\u3066\n\u632f\u308a\u843d\u3068\u3055\u308c\u3066\u3000\u8e0f\u307f\u3064\u3051\u3089\u308c\u308b\u3002",
      "language": {
        "name": "ja",
        "url": "https://pokeapi.co/api/v2/language/11/"
      },
      "version": {
        "name": "ultra-moon",
        "url": "https://pokeapi.co/api/v2/version/30/"
      }
    },
    {
      "flavor_text": "\u6709\u65f6\u4f1a\u628a\u6930\u86cb\u6811\u9519\u8ba4\u4e3a\u6930\u5b50\u6811\n\u800c\u722c\u4e0a\u53bb\u3002\u60f9\u6012\u6930\u86cb\u6811\u540e\n\u88ab\u6296\u843d\u4e0b\u6765\uff0c\u5e76\u906d\u5230\u8e29\u8e0f\u3002",
      "language": {
        "name": "zh-Hans",
        "url": "https://pokeapi.co/api/v2/language/12/"
      },
      "version": {
        "name": "ultra-moon",
        "url": "https://pokeapi.co/api/v2/version/30/"
      }
    }
  ],
  "form_descriptions": [],
  "forms_switchable": false,
  "gender_rate": 4,
  "genera": [
    {
      "genus": "\u3051\u3093\u3068\u3046\u30dd\u30b1\u30e2\u30f3",
      "language": {
        "name": "ja-Hrkt",
        "url": "https://pokeapi.co/api/v2/language/1/"
      }
    },
    {
      "genus": "\uad8c\ud22c\ud3ec\ucf13\ubaac",
      "language": {
        "name": "ko",
        "url": "https://pokeapi.co/api/v2/language/3/"
      }
    },
    {
      "genus": "\u62f3\u9b25\u5bf6\u53ef\u5922",
      "language": {
        "name": "zh-Hant",
        "url": "https://pokeapi.co/api/v2/language/4/"
      }
    },
    {
      "genus": "Pok\u00e9mon Boxeur",
      "language": {
        "name": "fr",
        "url": "https://pokeapi.co/api/v2/language/5/"
      }
    },
    {
      "genus": "Boxkampf",
      "language": {
        "name": "de",
        "url": "https://pokeapi.co/api/v2/language/6/"
      }
    },
    {
      "genus": "Pok\u00e9mon P\u00fagil",
      "language": {
        "name": "es",
        "url": "https://pokeapi.co/api/v2/language/7/"
      }
    },
    {
      "genus": "Pok\u00e9mon Pugile",
      "language": {
        "name": "it",
        "url": "https://pokeapi.co/api/v2/language/8/"
      }
    },
    {
      "genus": "Boxing Pok\u00e9mon",
      "language": {
        "name": "en",
        "url": "https://pokeapi.co/api/v2/language/9/"
      }
    },
    {
      "genus": "\u3051\u3093\u3068\u3046\u30dd\u30b1\u30e2\u30f3",
      "language": {
        "name": "ja",
        "url": "https://pokeapi.co/api/v2/language/11/"
      }
    },
    {
      "genus": "\u62f3\u6597\u5b9d\u53ef\u68a6",
      "language": {
        "name": "zh-Hans",
        "url": "https://pokeapi.co/api/v2/language/12/"
      }
    }
  ],
  "generation": {
    "name": "generation-vii",
    "url": "https://pokeapi.co/api/v2/generation/7/"
  },
  "growth_rate": {
    "name": "medium",
    "url": "https://pokeapi.co/api/v2/growth-rate/2/"
  },
  "habitat": null,
  "has_gender_differences": false,
  "hatch_counter": 20,
  "id": 739,
  "is_baby": false,
  "is_legendary": false,
  "is_mythical": false,
  "name": "crabrawler",
  "names": [
    {
      "language": {
        "name": "ja-Hrkt",
        "url": "https://pokeapi.co/api/v2/language/1/"
      },
      "name": "\u30de\u30b1\u30f3\u30ab\u30cb"
    },
    {
      "language": {
        "name": "roomaji",
        "url": "https://pokeapi.co/api/v2/language/2/"
      },
      "name": "Makenkani"
    },
    {
      "language": {
        "name": "ko",
        "url": "https://pokeapi.co/api/v2/language/3/"
      },
      "name": "\uc624\uae30\uc9c0\uac8c"
    },
    {
      "language": {
        "name": "zh-Hant",
        "url": "https://pokeapi.co/api/v2/language/4/"
      },
      "name": "\u597d\u52dd\u87f9"
    },
    {
      "language": {
        "name": "fr",
        "url": "https://pokeapi.co/api/v2/language/5/"
      },
      "name": "Crabagarre"
    },
    {
      "language": {
        "name": "de",
        "url": "https://pokeapi.co/api/v2/language/6/"
      },
      "name": "Krabbox"
    },
    {
      "language": {
        "name": "es",
        "url": "https://pokeapi.co/api/v2/language/7/"
      },
      "name": "Crabrawler"
    },
    {
      "language": {
        "name": "it",
        "url": "https://pokeapi.co/api/v2/language/8/"
      },
      "name": "Crabrawler"
    },
    {
      "language": {
        "name": "en",
        "url": "https://pokeapi.co/api/v2/language/9/"
      },
      "name": "Crabrawler"
    },
    {
      "language": {
        "name": "ja",
        "url": "https://pokeapi.co/api/v2/language/11/"
      },
      "name": "\u30de\u30b1\u30f3\u30ab\u30cb"
    },
    {
      "language": {
        "name": "zh-Hans",
        "url": "https://pokeapi.co/api/v2/language/12/"
      },
      "name": "\u597d\u80dc\u87f9"
    }
  ],
  "order": 739,
  "pal_park_encounters": [],
  "pokedex_numbers": [
    {
      "entry_number": 739,
      "pokedex": {
        "name": "national",
        "url": "https://pokeapi.co/api/v2/pokedex/1/"
      }
    },
    {
      "entry_number": 59,
      "pokedex": {
        "name": "original-alola",
        "url": "https://pokeapi.co/api/v2/pokedex/16/"
      }
    },
    {
      "entry_number": 59,
      "pokedex": {
        "name": "original-melemele",
        "url": "https://pokeapi.co/api/v2/pokedex/17/"
      }
    },
    {
      "entry_number": 21,
      "pokedex": {
        "name": "original-akala",
        "url": "https://pokeapi.co/api/v2/pokedex/18/"
      }
    },
    {
      "entry_number": 30,
      "pokedex": {
        "name": "original-ulaula",
        "url": "https://pokeapi.co/api/v2/pokedex/19/"
      }
    },
    {
      "entry_number": 17,
      "pokedex": {
        "name": "original-poni",
        "url": "https://pokeapi.co/api/v2/pokedex/20/"
      }
    },
    {
      "entry_number": 71,
      "pokedex": {
        "name": "updated-alola",
        "url": "https://pokeapi.co/api/v2/pokedex/21/"
      }
    },
    {
      "entry_number": 71,
      "pokedex": {
        "name": "updated-melemele",
        "url": "https://pokeapi.co/api/v2/pokedex/22/"
      }
    },
    {
      "entry_number": 21,
      "pokedex": {
        "name": "updated-akala",
        "url": "https://pokeapi.co/api/v2/pokedex/23/"
      }
    },
    {
      "entry_number": 30,
      "pokedex": {
        "name": "updated-ulaula",
        "url": "https://pokeapi.co/api/v2/pokedex/24/"
      }
    },
    {
      "entry_number": 24,
      "pokedex": {
        "name": "updated-poni",
        "url": "https://pokeapi.co/api/v2/pokedex/25/"
      }
    },
    {
      "entry_number": 118,
      "pokedex": {
        "name": "paldea",
        "url": "https://pokeapi.co/api/v2/pokedex/31/"
      }
    },
    {
      "entry_number": 72,
      "pokedex": {
        "name": "blueberry",
        "url": "https://pokeapi.co/api/v2/pokedex/33/"
      }
    },
    {
      "entry_number": 87,
      "pokedex": {
        "name": "hyperspace",
        "url": "https://pokeapi.co/api/v2/pokedex/35/"
      }
    }
  ],
  "shape": {
    "name": "armor",
    "url": "https://pokeapi.co/api/v2/pokemon-shape/14/"
  },
  "varieties": [
    {
      "is_default": true,
      "pokemon": {
        "name": "crabrawler",
        "url": "https://pokeapi.co/api/v2/pokemon/739/"
      }
    }
  ]
}