{"id": 138, "name": "omanyte", "types": [{"slot": 1, "type": {"name": "rock", "url": "https://pokeapi.co/api/v2/type/6/"}}, {"slot": 2, "type": {"name": "water", "url": "https://pokeapi.co/api/v2/type/11/"}}], "stats": [{"base_stat": 35, "effort": 0, "stat": {"name": "hp", "url": "https://pokeapi.co/api/v2/stat/1/"}}, {"base_stat": 40, "effort": 0, "stat": {"name": "attack", "url": "https://pokeapi.co/api/v2/stat/2/"}}, {"base_stat": 100, "effort": 1, "stat": {"name": "defense", "url": "https://pokeapi.co/api/v2/stat/3/"}}, {"base_stat": 90, "effort": 0, "stat": {"name": "special-attack", "url": "https://pokeapi.co/api/v2/stat/4/"}}, {"base_stat": 55, "effort": 0, "stat": {"name": "special-defense", "url": "https://pokeapi.co/api/v2/stat/5/"}}, {"base_stat": 35, "effort": 0, "stat": {"name": "speed", "url": "https://pokeapi.co/api/v2/stat/6/"}}], "abilities": [{"ability": {"name": "swift-swim", "url": "https://pokeapi.co/api/v2/ability/33/"}, "is_hidden": false, "slot": 1}, {"ability": {"name": "shell-armor", "url": "https://pokeapi.co/api/v2/ability/75/"}, "is_hidden": false, "slot": 2}, {"ability": {"name": "weak-armor", "url": "https://pokeapi.co/api/v2/ability/133/"}, "is_hidden": true, "slot": 3}], "sprites": {"front_default": "https://raw.githubusercontent.com/PokeAPI/sprites/master/sprites/pokemon/138.png"}, "moves": [{"move": {"name": "bind"}, "earliest_level": 1}, {"move": {"name": "slam"}, "earliest_level": null}, {"move": {"name": "sand-attack"}, "earliest_level": 10}, {"move": {"name": "headbutt"}, "earliest_level": null}, {"move": {"name": "horn-attack"}, "earliest_level": 34}, {"move": {"name": "body-slam"}, "earliest_level": null}, {"move": {"name": "take-down"}, "earliest_level": null}, {"move": {"name": "double-edge"}, "earliest_level": null}, {"move": {"name": "leer"}, "earliest_level": 11}, {"move": {"name": "bite"}, "earliest_level": 7}, {"move": {"name": "supersonic"}, "earliest_level": null}, {"move": {"name": "water-gun"}, "earliest_level": 1}, {"move": {"name": "hydro-pump"}, "earliest_level": 44}, {"move": {"name": "surf"}, "earliest_level": 50}, {"move": {"name": "ice-beam"}, "earliest_level": null}, {"move": {"name": "blizzard"}, "earliest_level": null}, {"move": {"name": "bubble-beam"}, "earliest_level": null}, {"move": {"name": "aurora-beam"}, "earliest_level": null}, {"move": {"name": "rock-throw"}, "earliest_level": 26}, {"move": {"name": "toxic"}, "earliest_level": null}, {"move": {"name": "rage"}, "earliest_level": null}, {"move": {"name": "mimic"}, "earliest_level": null}, {"move": {"name": "double-team"}, "earliest_level": null}, {"move": {"name": "withdraw"}, "earliest_level": 1}, {"move": {"name": "haze"}, "earliest_level": null}, {"move": {"name": "reflect"}, "earliest_level": null}, {"move": {"name": "bide"}, "earliest_level": null}, {"move": {"name": "waterfall"}, "earliest_level": null}, {"move": {"name": "spike-cannon"}, "earliest_level": 46}, {"move": {"name": "constrict"}, "earliest_level": 1}, {"move": {"name": "rest"}, "earliest_level": null}, {"move": {"name": "rock-slide"}, "earliest_level": 37}, {"move": {"name": "substitute"}, "earliest_level": null}, {"move": {"name": "thief"}, "earliest_level": null}, {"move": {"name": "snore"}, "earliest_level": null}, {"move": {"name": "curse"}, "earliest_level": null}, {"move": {"name": "protect"}, "earliest_level": 33}, {"move": {"name": "spikes"}, "earliest_level": null}, {"move": {"name": "icy-wind"}, "earliest_level": null}, {"move": {"name": "sandstorm"}, "earliest_level": null}, {"move": {"name": "endure"}, "earliest_level": null}, {"move": {"name": "rollout"}, "earliest_level": 5}, {"move": {"name": "swagger"}, "earliest_level": null}, {"move": {"name": "attract"}, "earliest_level": null}, {"move": {"name": "sleep-talk"}, "earliest_level": null}, {"move": {"name": "return"}, "earliest_level": null}, {"move": {"name": "frustration"}, "earliest_level": null}, {"move": {"name": "hidden-power"}, "earliest_level": null}, {"move": {"name": "rain-dance"}, "earliest_level": null}, {"move": {"name": "ancient-power"}, "earliest_level": 30}, {"move": {"name": "rock-smash"}, "earliest_level": null}, {"move": {"name": "whirlpool"}, "earliest_level": null}, {"move": {"name": "hail"}, "earliest_level": null}, {"move": {"name": "facade"}, "earliest_level": null}, {"move": {"name": "knock-off"}, "earliest_level": null}, {"move": {"name": "secret-power"}, "earliest_level": null}, {"move": {"name": "dive"}, "earliest_level": null}, {"move": {"name": "rock-tomb"}, "earliest_level": null}, {"move": {"name": "tickle"}, "earliest_level": 43}, {"move": {"name": "muddy-water"}, "earliest_level": null}, {"move": {"name": "iron-defense"}, "earliest_level": null}, {"move": {"name": "mud-shot"}, "earliest_level": 25}, {"move": {"name": "rock-blast"}, "earliest_level": 45}, {"move": {"name": "water-pulse"}, "earliest_level": null}, {"move": {"name": "gyro-ball"}, "earliest_level": null}, {"move": {"name": "brine"}, "earliest_level": 28}, {"move": {"name": "natural-gift"}, "earliest_level": null}, {"move": {"name": "wring-out"}, "earliest_level": null}, {"move": {"name": "toxic-spikes"}, "earliest_level": null}, {"move": {"name": "rock-polish"}, "earliest_level": null}, {"move": {"name": "earth-power"}, "earliest_level": null}, {"move": {"name": "captivate"}, "earliest_level": null}, {"move": {"name": "stealth-rock"}, "earliest_level": null}, {"move": {"name": "smack-down"}, "earliest_level": null}, {"move": {"name": "round"}, "earliest_level": null}, {"move": {"name": "scald"}, "earliest_level": null}, {"move": {"name": "shell-smash"}, "earliest_level": 48}, {"move": {"name": "reflect-type"}, "earliest_level": null}, {"move": {"name": "confide"}, "earliest_level": null}, {"move": {"name": "meteor-beam"}, "earliest_level": null}], "species": {"url": "https://pokeapi.co/api/v2/pokemon-species/138/"}, "height": 4, "weight": 75}