{"id": 905, "name": "enamorus-incarnate", "types": [{"slot": 1, "type": {"name": "fairy", "url": "https://pokeapi.co/api/v2/type/18/"}}, {"slot": 2, "type": {"name": "flying", "url": "https://pokeapi.co/api/v2/type/3/"}}], "stats": [{"base_stat": 74, "effort": 0, "stat": {"name": "hp", "url": "https://pokeapi.co/api/v2/stat/1/"}}, {"base_stat": 115, "effort": 0, "stat": {"name": "attack", "url": "https://pokeapi.co/api/v2/stat/2/"}}, {"base_stat": 70, "effort": 0, "stat": {"name": "defense", "url": "https://pokeapi.co/api/v2/stat/3/"}}, {"base_stat": 135, "effort": 3, "stat": {"name": "special-attack", "url": "https://pokeapi.co/api/v2/stat/4/"}}, {"base_stat": 80, "effort": 0, "stat": {"name": "special-defense", "url": "https://pokeapi.co/api/v2/stat/5/"}}, {"base_stat": 106, "effort": 0, "stat": {"name": "speed", "url": "https://pokeapi.co/api/v2/stat/6/"}}], "abilities": [{"ability": {"name": "cute-charm", "url": "https://pokeapi.co/api/v2/ability/56/"}, "is_hidden": false, "slot": 1}, {"ability": {"name": "contrary", "url": "https://pokeapi.co/api/v2/ability/126/"}, "is_hidden": true, "slot": 3}], "sprites": {"front_default": "https://raw.githubusercontent.com/PokeAPI/sprites/master/sprites/pokemon/905.png"}, "moves": [{"move": {"name": "fly"}, "earliest_level": null}, {"move": {"name": "tackle"}, "earliest_level": 1}, {"move": {"name": "body-slam"}, "earliest_level": null}, {"move": {"name": "take-down"}, "earliest_level": null}, {"move": {"name": "bite"}, "earliest_level": 7}, {"move": {"name": "hyper-beam"}, "earliest_level": null}, {"move": {"name": "psychic"}, "earliest_level": null}, {"move": {"name": "agility"}, "earliest_level": null}, {"move": {"name": "rest"}, "earliest_level": null}, {"move": {"name": "substitute"}, "earliest_level": null}, {"move": {"name": "protect"}, "earliest_level": null}, {"move": {"name": "scary-face"}, "earliest_level": null}, {"move": {"name": "sludge-bomb"}, "earliest_level": null}, {"move": {"name": "outrage"}, "earliest_level": 70}, {"move": {"name": "endure"}, "earliest_level": null}, {"move": {"name": "sleep-talk"}, "earliest_level": null}, {"move": {"name": "twister"}, "earliest_level": 11}, {"move": {"name": "rain-dance"}, "earliest_level": null}, {"move": {"name": "sunny-day"}, "earliest_level": null}, {"move": {"name": "crunch"}, "earliest_level": 41}, {"move": {"name": "psych-up"}, "earliest_level": null}, {"move": {"name": "uproar"}, "earliest_level": 50}, {"move": {"name": "torment"}, "earliest_level": 5}, {"move": {"name": "flatter"}, "earliest_level": 10}, {"move": {"name": "facade"}, "earliest_level": null}, {"move": {"name": "taunt"}, "earliest_level": null}, {"move": {"name": "superpower"}, "earliest_level": 55}, {"move": {"name": "imprison"}, "earliest_level": 30}, {"move": {"name": "astonish"}, "earliest_level": 1}, {"move": {"name": "weather-ball"}, "earliest_level": null}, {"move": {"name": "extrasensory"}, "earliest_level": 31}, {"move": {"name": "iron-defense"}, "earliest_level": 22}, {"move": {"name": "calm-mind"}, "earliest_level": null}, {"move": {"name": "healing-wish"}, "earliest_level": 60}, {"move": {"name": "tailwind"}, "earliest_level": null}, {"move": {"name": "focus-blast"}, "earliest_level": null}, {"move": {"name": "earth-power"}, "earliest_level": null}, {"move": {"name": "giga-impact"}, "earliest_level": null}, {"move": {"name": "zen-headbutt"}, "earliest_level": null}, {"move": {"name": "iron-head"}, "earliest_level": null}, {"move": {"name": "grass-knot"}, "earliest_level": null}, {"move": {"name": "disarming-voice"}, "earliest_level": null}, {"move": {"name": "draining-kiss"}, "earliest_level": 14}, {"move": {"name": "grassy-terrain"}, "earliest_level": null}, {"move": {"name": "misty-terrain"}, "earliest_level": null}, {"move": {"name": "play-rough"}, "earliest_level": null}, {"move": {"name": "fairy-wind"}, "earliest_level": 1}, {"move": {"name": "moonblast"}, "earliest_level": 47}, {"move": {"name": "mystical-fire"}, "earliest_level": 35}, {"move": {"name": "dazzling-gleam"}, "earliest_level": 40}, {"move": {"name": "misty-explosion"}, "earliest_level": null}, {"move": {"name": "springtide-storm"}, "earliest_level": 52}, {"move": {"name": "tera-blast"}, "earliest_level": null}, {"move": {"name": "alluring-voice"}, "earliest_level": null}], "species": {"url": "https://pokeapi.co/api/v2/pokemon-species/905/"}, "height": 16, "weight": 480}