{"flavor_text_entries": [{"flavor_text": "LILEEP became extinct approximately\na hundred million years ago.\nThis ancient POK\u00e9MON attaches itself\fto a rock on the seafloor and catches\napproaching prey using tentacles \nshaped like flower petals.", "language": {"name": "en", "url": "https://pokeapi.co/api/v2/language/9/"}, "version": {"name": "ruby", "url": "https://pokeapi.co/api/v2/version/7/"}}, {"flavor_text": "LILEEP is an ancient POK\u00e9MON that was\nregenerated from a fossil. It remains\npermanently anchored to a rock.\fFrom its immobile perch, this POK\u00e9MON\nintently scans for prey with its two\neyes.", "language": {"name": "en", "url": "https://pokeapi.co/api/v2/language/9/"}, "version": {"name": "sapphire", "url": "https://pokeapi.co/api/v2/version/8/"}}, {"flavor_text": "It disguises itself as seaweed by making\nits tentacles sway. Unsuspecting prey\nthat come too close are swallowed whole.\nIt became extinct 100 million years ago.", "language": {"name": "en", "url": "https://pokeapi.co/api/v2/language/9/"}, "version": {"name": "emerald", "url": "https://pokeapi.co/api/v2/version/9/"}}, {"flavor_text": "It became extinct roughly 100 million\nyears ago. It was regenerated from a\nfossil using advanced techniques.", "language": {"name": "en", "url": "https://pokeapi.co/api/v2/language/9/"}, "version": {"name": "firered", "url": "https://pokeapi.co/api/v2/version/10/"}}, {"flavor_text": "It became extinct roughly 100 million\nyears ago. It was regenerated from a\nfossil using advanced techniques.", "language": {"name": "en", "url": "https://pokeapi.co/api/v2/language/9/"}, "version": {"name": "leafgreen", "url": "https://pokeapi.co/api/v2/version/11/"}}, {"flavor_text": "It lived on the seafloor 100\nmillion years ago and was\nreanimated scientifically.", "language": {"name": "en", "url": "https://pokeapi.co/api/v2/language/9/"}, "version": {"name": "diamond", "url": "https://pokeapi.co/api/v2/version/12/"}}, {"flavor_text": "It lived on the seafloor 100\nmillion years ago and was\nreanimated scientifically.", "language": {"name": "en", "url": "https://pokeapi.co/api/v2/language/9/"}, "version": {"name": "pearl", "url": "https://pokeapi.co/api/v2/version/13/"}}, {"flavor_text": "It lived on the seafloor 100\nmillion years ago and was\nreanimated scientifically.", "language": {"name": "en", "url": "https://pokeapi.co/api/v2/language/9/"}, "version": {"name": "platinum", "url": "https://pokeapi.co/api/v2/version/14/"}}, {"flavor_text": "It disguises its tentacles as\nflowers to attract and catch prey.\nIt became extinct in ancient times.", "language": {"name": "en", "url": "https://pokeapi.co/api/v2/language/9/"}, "version": {"name": "heartgold", "url": "https://pokeapi.co/api/v2/version/15/"}}, {"flavor_text": "It disguises its tentacles as\nflowers to attract and catch prey.\nIt became extinct in ancient times.", "language": {"name": "en", "url": "https://pokeapi.co/api/v2/language/9/"}, "version": {"name": "soulsilver", "url": "https://pokeapi.co/api/v2/version/16/"}}, {"flavor_text": "It lived on the seafloor 100\nmillion years ago and was\nreanimated scientifically.", "language": {"name": "en", "url": "https://pokeapi.co/api/v2/language/9/"}, "version": {"name": "black", "url": "https://pokeapi.co/api/v2/version/17/"}}, {"flavor_text": "It lived on the seafloor 100\nmillion years ago and was\nreanimated scientifically.", "language": {"name": "en", "url": "https://pokeapi.co/api/v2/language/9/"}, "version": {"name": "white", "url": "https://pokeapi.co/api/v2/version/18/"}}, {"flavor_text": "It lived on the seafloor 100\nmillion years ago and was\nreanimated scientifically.", "language": {"name": "en", "url": "https://pokeapi.co/api/v2/language/9/"}, "version": {"name": "black-2", "url": "https://pokeapi.co/api/v2/version/21/"}}, {"flavor_text": "It lived on the seafloor 100\nmillion years ago and was\nreanimated scientifically.", "language": {"name": "en", "url": "https://pokeapi.co/api/v2/language/9/"}, "version": {"name": "white-2", "url": "https://pokeapi.co/api/v2/version/22/"}}, {"flavor_text": "It disguises its tentacles as flowers to attract and\ncatch prey. It became extinct in ancient times.", "language": {"name": "en", "url": "https://pokeapi.co/api/v2/language/9/"}, "version": {"name": "x", "url": "https://pokeapi.co/api/v2/version/23/"}}, {"flavor_text": "It lived on the seafloor 100 million years ago and\nwas reanimated scientifically.", "language": {"name": "en", "url": "https://pokeapi.co/api/v2/language/9/"}, "version": {"name": "y", "url": "https://pokeapi.co/api/v2/version/24/"}}, {"flavor_text": "Lileep became extinct approximately a hundred million years\nago. This ancient Pok\u00e9mon attaches itself to a rock on the\nseafloor and catches approaching prey using tentacles shaped\nlike flower petals.", "language": {"name": "en", "url": "https://pokeapi.co/api/v2/language/9/"}, "version": {"name": "omega-ruby", "url": "https://pokeapi.co/api/v2/version/25/"}}, {"flavor_text": "Lileep is an ancient Pok\u00e9mon that was regenerated from a\nfossil. It remains permanently anchored to a rock. From its\nimmobile perch, this Pok\u00e9mon intently scans for prey with its\ntwo eyes.", "language": {"name": "en", "url": "https://pokeapi.co/api/v2/language/9/"}, "version": {"name": "alpha-sapphire", "url": "https://pokeapi.co/api/v2/version/26/"}}, {"flavor_text": "In ancient times, it lived in warm seas. It\ndisguised itself as seaweed to ambush its prey\nand devoured them whole when they got close.", "language": {"name": "en", "url": "https://pokeapi.co/api/v2/language/9/"}, "version": {"name": "ultra-sun", "url": "https://pokeapi.co/api/v2/version/29/"}}, {"flavor_text": "It sticks to rocks with its powerful suckers and\ncan\u2019t be washed away no matter how rough the\nsurf gets.", "language": {"name": "en", "url": "https://pokeapi.co/api/v2/language/9/"}, "version": {"name": "ultra-moon", "url": "https://pokeapi.co/api/v2/version/30/"}}, {"flavor_text": "This Pok\u00e9mon was restored from a fossil.\nLileep once lived in warm seas that existed\napproximately 100,000,000 years ago.", "language": {"name": "en", "url": "https://pokeapi.co/api/v2/language/9/"}, "version": {"name": "sword", "url": "https://pokeapi.co/api/v2/version/33/"}}, {"flavor_text": "Lileep clings to rocks on the seabed. When prey\ncomes close, this Pok\u00e9mon entangles it with\npetallike tentacles.", "language": {"name": "en", "url": "https://pokeapi.co/api/v2/language/9/"}, "version": {"name": "shield", "url": "https://pokeapi.co/api/v2/version/34/"}}], "evolution_chain": {"url": "https://pokeapi.co/api/v2/evolution-chain/176/"}}