{"id": 187, "name": "hoppip", "types": [{"slot": 1, "type": {"name": "grass", "url": "https://pokeapi.co/api/v2/type/12/"}}, {"slot": 2, "type": {"name": "flying", "url": "https://pokeapi.co/api/v2/type/3/"}}], "stats": [{"base_stat": 35, "effort": 0, "stat": {"name": "hp", "url": "https://pokeapi.co/api/v2/stat/1/"}}, {"base_stat": 35, "effort": 0, "stat": {"name": "attack", "url": "https://pokeapi.co/api/v2/stat/2/"}}, {"base_stat": 40, "effort": 0, "stat": {"name": "defense", "url": "https://pokeapi.co/api/v2/stat/3/"}}, {"base_stat": 35, "effort": 0, "stat": {"name": "special-attack", "url": "https://pokeapi.co/api/v2/stat/4/"}}, {"base_stat": 55, "effort": 1, "stat": {"name": "special-defense", "url": "https://pokeapi.co/api/v2/stat/5/"}}, {"base_stat": 50, "effort": 0, "stat": {"name": "speed", "url": "https://pokeapi.co/api/v2/stat/6/"}}], "abilities": [{"ability": {"name": "chlorophyll", "url": "https://pokeapi.co/api/v2/ability/34/"}, "is_hidden": false, "slot": 1}, {"ability": {"name": "leaf-guard", "url": "https://pokeapi.co/api/v2/ability/102/"}, "is_hidden": false, "slot": 2}, {"ability": {"name": "infiltrator", "url": "https://pokeapi.co/api/v2/ability/151/"}, "is_hidden": true, "slot": 3}], "sprites": {"front_default": "https://raw.githubusercontent.com/PokeAPI/sprites/master/sprites/pokemon/187.png"}, "moves": [{"move": {"name": "pay-day"}, "earliest_level": null}, {"move": {"name": "swords-dance"}, "earliest_level": null}, {"move": {"name": "headbutt"}, "earliest_level": null}, {"move": {"name": "tackle"}, "earliest_level": 1}, {"move": {"name": "take-down"}, "earliest_level": null}, {"move": {"name": "double-edge"}, "earliest_level": null}, {"move": {"name": "tail-whip"}, "earliest_level": 4}, {"move": {"name": "growl"}, "earliest_level": null}, {"move": {"name": "absorb"}, "earliest_level": 1}, {"move": {"name": "mega-drain"}, "earliest_level": 22}, {"move": {"name": "leech-seed"}, "earliest_level": 19}, {"move": {"name": "solar-beam"}, "earliest_level": null}, {"move": {"name": "poison-powder"}, "earliest_level": 10}, {"move": {"name": "stun-spore"}, "earliest_level": 10}, {"move": {"name": "sleep-powder"}, "earliest_level": 10}, {"move": {"name": "toxic"}, "earliest_level": null}, {"move": {"name": "confusion"}, "earliest_level": null}, {"move": {"name": "mimic"}, "earliest_level": null}, {"move": {"name": "double-team"}, "earliest_level": null}, {"move": {"name": "defense-curl"}, "earliest_level": null}, {"move": {"name": "light-screen"}, "earliest_level": null}, {"move": {"name": "reflect"}, "earliest_level": null}, {"move": {"name": "amnesia"}, "earliest_level": null}, {"move": {"name": "flash"}, "earliest_level": null}, {"move": {"name": "splash"}, "earliest_level": 1}, {"move": {"name": "rest"}, "earliest_level": null}, {"move": {"name": "substitute"}, "earliest_level": null}, {"move": {"name": "thief"}, "earliest_level": null}, {"move": {"name": "snore"}, "earliest_level": null}, {"move": {"name": "curse"}, "earliest_level": null}, {"move": {"name": "cotton-spore"}, "earliest_level": 25}, {"move": {"name": "protect"}, "earliest_level": null}, {"move": {"name": "giga-drain"}, "earliest_level": 32}, {"move": {"name": "endure"}, "earliest_level": null}, {"move": {"name": "charm"}, "earliest_level": null}, {"move": {"name": "swagger"}, "earliest_level": null}, {"move": {"name": "attract"}, "earliest_level": null}, {"move": {"name": "sleep-talk"}, "earliest_level": null}, {"move": {"name": "return"}, "earliest_level": null}, {"move": {"name": "frustration"}, "earliest_level": null}, {"move": {"name": "baton-pass"}, "earliest_level": null}, {"move": {"name": "encore"}, "earliest_level": null}, {"move": {"name": "sweet-scent"}, "earliest_level": null}, {"move": {"name": "synthesis"}, "earliest_level": 1}, {"move": {"name": "hidden-power"}, "earliest_level": null}, {"move": {"name": "rain-dance"}, "earliest_level": null}, {"move": {"name": "sunny-day"}, "earliest_level": null}, {"move": {"name": "psych-up"}, "earliest_level": null}, {"move": {"name": "memento"}, "earliest_level": 38}, {"move": {"name": "facade"}, "earliest_level": null}, {"move": {"name": "helping-hand"}, "earliest_level": null}, {"move": {"name": "secret-power"}, "earliest_level": null}, {"move": {"name": "aromatherapy"}, "earliest_level": null}, {"move": {"name": "silver-wind"}, "earliest_level": null}, {"move": {"name": "bullet-seed"}, "earliest_level": 12}, {"move": {"name": "aerial-ace"}, "earliest_level": null}, {"move": {"name": "bounce"}, "earliest_level": 35}, {"move": {"name": "magical-leaf"}, "earliest_level": null}, {"move": {"name": "natural-gift"}, "earliest_level": null}, {"move": {"name": "tailwind"}, "earliest_level": null}, {"move": {"name": "u-turn"}, "earliest_level": 29}, {"move": {"name": "fling"}, "earliest_level": null}, {"move": {"name": "worry-seed"}, "earliest_level": 34}, {"move": {"name": "seed-bomb"}, "earliest_level": null}, {"move": {"name": "energy-ball"}, "earliest_level": null}, {"move": {"name": "switcheroo"}, "earliest_level": null}, {"move": {"name": "leaf-storm"}, "earliest_level": null}, {"move": {"name": "captivate"}, "earliest_level": null}, {"move": {"name": "grass-knot"}, "earliest_level": null}, {"move": {"name": "rage-powder"}, "earliest_level": 31}, {"move": {"name": "round"}, "earliest_level": null}, {"move": {"name": "acrobatics"}, "earliest_level": 24}, {"move": {"name": "cotton-guard"}, "earliest_level": null}, {"move": {"name": "grassy-terrain"}, "earliest_level": null}, {"move": {"name": "fairy-wind"}, "earliest_level": 8}, {"move": {"name": "confide"}, "earliest_level": null}, {"move": {"name": "dazzling-gleam"}, "earliest_level": null}, {"move": {"name": "infestation"}, "earliest_level": null}, {"move": {"name": "strength-sap"}, "earliest_level": null}, {"move": {"name": "pollen-puff"}, "earliest_level": null}, {"move": {"name": "lunge"}, "earliest_level": null}, {"move": {"name": "tera-blast"}, "earliest_level": null}, {"move": {"name": "trailblaze"}, "earliest_level": null}], "species": {"url": "https://pokeapi.co/api/v2/pokemon-species/187/"}, "height": 4, "weight": 5}