{
  "base_happiness": 0,
  "capture_rate": 10,
  "color": {
    "name": "blue",
    "url": "https://pokeapi.co/api/v2/pokemon-color/2/"
  },
  "egg_groups": [
    {
      "name": "no-eggs",
      "url": "https://pokeapi.co/api/v2/egg-group/15/"
    }
  ],
  "evolution_chain": {
    "url": "https://pokeapi.co/api/v2/evolution-chain/467/"
  },
  "evolves_from_species": null,
  "flavor_text_entries": [
    {
      "flavor_text": "\u3067\u3093\u305b\u3064\u306e\u3000\u3048\u3044\u3086\u3046\u3068\u3000\u3088\u3070\u308c\u308b\n\u30dd\u30b1\u30e2\u30f3\u3002\u3000\u304d\u3093\u305e\u304f\u3092\u3000\u3068\u308a\u3053\u307f\n\u3076\u3050\u306b\u3000\u3078\u3093\u304b\u3055\u305b\u3000\u305f\u305f\u304b\u3046\u3002",
      "language": {
        "name": "ja-Hrkt",
        "url": "https://pokeapi.co/api/v2/language/1/"
      },
      "version": {
        "name": "sword",
        "url": "https://pokeapi.co/api/v2/version/33/"
      }
    },
    {
      "flavor_text": "\uc804\uc124\uc758 \uc601\uc6c5\uc774\ub77c\uace0 \ubd88\ub9ac\ub294\n\ud3ec\ucf13\ubaac. \uae08\uc18d\uc744 \ud761\uc218\ud55c \ub4a4\n\ubb34\uae30\ub85c \ubcc0\ud654\uc2dc\ucf1c\uc11c \uc2f8\uc6b4\ub2e4.",
      "language": {
        "name": "ko",
        "url": "https://pokeapi.co/api/v2/language/3/"
      },
      "version": {
        "name": "sword",
        "url": "https://pokeapi.co/api/v2/version/33/"
      }
    },
    {
      "flavor_text": "\u88ab\u7a31\u70ba\u50b3\u8aaa\u4e2d\u7684\u82f1\u96c4\u3002\n\u80fd\u5920\u5438\u6536\u91d1\u5c6c\uff0c\u5c07\u4e4b\n\u8f49\u5316\u70ba\u6b66\u5668\u4f86\u6230\u9b25\u3002",
      "language": {
        "name": "zh-Hant",
        "url": "https://pokeapi.co/api/v2/language/4/"
      },
      "version": {
        "name": "sword",
        "url": "https://pokeapi.co/api/v2/version/33/"
      }
    },
    {
      "flavor_text": "\u00c9galement surnomm\u00e9 \u00ab\u202fh\u00e9ros l\u00e9gendaire\u202f\u00bb,\nce Pok\u00e9mon absorbe du m\u00e9tal et se change\nen arme pour se battre.",
      "language": {
        "name": "fr",
        "url": "https://pokeapi.co/api/v2/language/5/"
      },
      "version": {
        "name": "sword",
        "url": "https://pokeapi.co/api/v2/version/33/"
      }
    },
    {
      "flavor_text": "Dieses Pok\u00e9mon gilt als legend\u00e4rer Held.\nEs nimmt Metall auf, wandelt dies in eine Waffe\num und k\u00e4mpft damit.",
      "language": {
        "name": "de",
        "url": "https://pokeapi.co/api/v2/language/6/"
      },
      "version": {
        "name": "sword",
        "url": "https://pokeapi.co/api/v2/version/33/"
      }
    },
    {
      "flavor_text": "Este Pok\u00e9mon est\u00e1 considerado como un h\u00e9roe\nde leyenda. Absorbe el metal para transformarlo\ny emplearlo como armamento.",
      "language": {
        "name": "es",
        "url": "https://pokeapi.co/api/v2/language/7/"
      },
      "version": {
        "name": "sword",
        "url": "https://pokeapi.co/api/v2/version/33/"
      }
    },
    {
      "flavor_text": "\u00c8 conosciuto come \u201cl\u2019eroe della leggenda\u201d.\nAssorbe il metallo e lo trasforma per armarsi\ndurante la lotta.",
      "language": {
        "name": "it",
        "url": "https://pokeapi.co/api/v2/language/8/"
      },
      "version": {
        "name": "sword",
        "url": "https://pokeapi.co/api/v2/version/33/"
      }
    },
    {
      "flavor_text": "Known as a legendary hero, this Pok\u00e9mon\nabsorbs metal particles, transforming them\ninto a weapon it uses to battle.",
      "language": {
        "name": "en",
        "url": "https://pokeapi.co/api/v2/language/9/"
      },
      "version": {
        "name": "sword",
        "url": "https://pokeapi.co/api/v2/version/33/"
      }
    },
    {
      "flavor_text": "\u4f1d\u8aac\u306e\u3000\u82f1\u96c4\u3068\u3000\u547c\u3070\u308c\u308b\n\u30dd\u30b1\u30e2\u30f3\u3002\u3000\u91d1\u5c5e\u3092\u3000\u53d6\u308a\u8fbc\u307f\n\u6b66\u5177\u306b\u3000\u5909\u5316\u3055\u305b\u3000\u6226\u3046\u3002",
      "language": {
        "name": "ja",
        "url": "https://pokeapi.co/api/v2/language/11/"
      },
      "version": {
        "name": "sword",
        "url": "https://pokeapi.co/api/v2/version/33/"
      }
    },
    {
      "flavor_text": "\u88ab\u79f0\u4e3a\u4f20\u8bf4\u4e2d\u7684\u82f1\u96c4\u3002\n\u80fd\u591f\u5438\u6536\u91d1\u5c5e\uff0c\u5c06\u4e4b\n\u8f6c\u5316\u4e3a\u6b66\u5668\u6765\u6218\u6597\u3002",
      "language": {
        "name": "zh-Hans",
        "url": "https://pokeapi.co/api/v2/language/12/"
      },
      "version": {
        "name": "sword",
        "url": "https://pokeapi.co/api/v2/version/33/"
      }
    },
    {
      "flavor_text": "\u306a\u304c\u3044\u3000\u306d\u3080\u308a\u306b\u3000\u3064\u3044\u3066\u3044\u305f\n\u30b6\u30de\u30bc\u30f3\u30bf\u306e\u3000\u3042\u306d\u3000\u3068\u3082\n\u30e9\u30a4\u30d0\u30eb\u3068\u3082\u3000\u3044\u308f\u308c\u308b\u3000\u30dd\u30b1\u30e2\u30f3\u3002",
      "language": {
        "name": "ja-Hrkt",
        "url": "https://pokeapi.co/api/v2/language/1/"
      },
      "version": {
        "name": "shield",
        "url": "https://pokeapi.co/api/v2/version/34/"
      }
    },
    {
      "flavor_text": "\uc624\ub79c \uc138\uc6d4 \uc7a0\ub4e4\uc5b4 \uc788\ub358\n\uc790\ub9c8\uc820\ud0c0\uc758 \ud615\uc81c\uc790\ub9e4 \ub610\ub294\n\ub77c\uc774\ubc8c\ub85c \ubd88\ub9ac\ub294 \ud3ec\ucf13\ubaac\uc774\ub2e4.",
      "language": {
        "name": "ko",
        "url": "https://pokeapi.co/api/v2/language/3/"
      },
      "version": {
        "name": "shield",
        "url": "https://pokeapi.co/api/v2/version/34/"
      }
    },
    {
      "flavor_text": "\u9019\u96bb\u5bf6\u53ef\u5922\u88ab\u8a8d\u70ba\u662f\u6c89\u7761\u5df2\u4e45\u7684\n\u85cf\u746a\u7136\u7279\u7684\u59d0\u59d0\uff0c\u4e5f\u6709\u4eba\n\u8a8d\u70ba\u7260\u5011\u4e4b\u9593\u662f\u52c1\u6575\u95dc\u4fc2\u3002",
      "language": {
        "name": "zh-Hant",
        "url": "https://pokeapi.co/api/v2/language/4/"
      },
      "version": {
        "name": "shield",
        "url": "https://pokeapi.co/api/v2/version/34/"
      }
    },
    {
      "flavor_text": "On dit qu\u2019il s\u2019agit de la figure fraternelle\net du rival de Zamazenta, un Pok\u00e9mon plong\u00e9\ndans un long sommeil.",
      "language": {
        "name": "fr",
        "url": "https://pokeapi.co/api/v2/language/5/"
      },
      "version": {
        "name": "shield",
        "url": "https://pokeapi.co/api/v2/version/34/"
      }
    },
    {
      "flavor_text": "Man sagt, es sei wie ein \u00e4lteres Geschwisterteil,\naber auch wie ein Rivale zu Zamazenta, welches\nin einen langen Schlaf gefallen war.",
      "language": {
        "name": "de",
        "url": "https://pokeapi.co/api/v2/language/6/"
      },
      "version": {
        "name": "shield",
        "url": "https://pokeapi.co/api/v2/version/34/"
      }
    },
    {
      "flavor_text": "Hay quien lo considera una suerte de figura\nfraterna a la par que rival de Zamazenta,\nun Pok\u00e9mon sumido en un profundo letargo.",
      "language": {
        "name": "es",
        "url": "https://pokeapi.co/api/v2/language/7/"
      },
      "version": {
        "name": "shield",
        "url": "https://pokeapi.co/api/v2/version/34/"
      }
    },
    {
      "flavor_text": "Viene considerato una figura fraterna e allo\nstesso tempo un rivale per Zamazenta,\nun Pok\u00e9mon rimasto a lungo addormentato.",
      "language": {
        "name": "it",
        "url": "https://pokeapi.co/api/v2/language/8/"
      },
      "version": {
        "name": "shield",
        "url": "https://pokeapi.co/api/v2/version/34/"
      }
    },
    {
      "flavor_text": "This Pok\u00e9mon has slumbered for many years.\nSome say it\u2019s Zamazenta\u2019s elder sister\u2014others\nsay the two Pok\u00e9mon are rivals.",
      "language": {
        "name": "en",
        "url": "https://pokeapi.co/api/v2/language/9/"
      },
      "version": {
        "name": "shield",
        "url": "https://pokeapi.co/api/v2/version/34/"
      }
    },
    {
      "flavor_text": "\u9577\u3044\u3000\u7720\u308a\u306b\u3000\u3064\u3044\u3066\u3044\u305f\n\u30b6\u30de\u30bc\u30f3\u30bf\u306e\u3000\u59c9\u3000\u3068\u3082\n\u30e9\u30a4\u30d0\u30eb\u3068\u3082\u3000\u3044\u308f\u308c\u308b\u3000\u30dd\u30b1\u30e2\u30f3\u3002",
      "language": {
        "name": "ja",
        "url": "https://pokeapi.co/api/v2/language/11/"
      },
      "version": {
        "name": "shield",
        "url": "https://pokeapi.co/api/v2/version/34/"
      }
    },
    {
      "flavor_text": "\u8fd9\u53ea\u5b9d\u53ef\u68a6\u88ab\u8ba4\u4e3a\u662f\u6c89\u7761\u5df2\u4e45\u7684\n\u85cf\u739b\u7136\u7279\u7684\u59d0\u59d0\uff0c\u4e5f\u6709\u4eba\n\u8ba4\u4e3a\u5b83\u4eec\u4e4b\u95f4\u662f\u52b2\u654c\u5173\u7cfb\u3002",
      "language": {
        "name": "zh-Hans",
        "url": "https://pokeapi.co/api/v2/language/12/"
      },
      "version": {
        "name": "shield",
        "url": "https://pokeapi.co/api/v2/version/34/"
      }
    }
  ],
  "form_descriptions": [],
  "forms_switchable": false,
  "gender_rate": -1,
  "genera": [
    {
      "genus": "\u3064\u308f\u3082\u306e\u30dd\u30b1\u30e2\u30f3",
      "language": {
        "name": "ja-Hrkt",
        "url": "https://pokeapi.co/api/v2/language/1/"
      }
    },
    {
      "genus": "\uac15\uc790\ud3ec\ucf13\ubaac",
      "language": {
        "name": "ko",
        "url": "https://pokeapi.co/api/v2/language/3/"
      }
    },
    {
      "genus": "\u5f37\u8005\u5bf6\u53ef\u5922",
      "language": {
        "name": "zh-Hant",
        "url": "https://pokeapi.co/api/v2/language/4/"
      }
    },
    {
      "genus": "Pok\u00e9mon Valeureux",
      "language": {
        "name": "fr",
        "url": "https://pokeapi.co/api/v2/language/5/"
      }
    },
    {
      "genus": "Krieger-Pok\u00e9mon",
      "language": {
        "name": "de",
        "url": "https://pokeapi.co/api/v2/language/6/"
      }
    },
    {
      "genus": "Pok\u00e9mon Guerrero",
      "language": {
        "name": "es",
        "url": "https://pokeapi.co/api/v2/language/7/"
      }
    },
    {
      "genus": "Pok\u00e9mon Guerriero",
      "language": {
        "name": "it",
        "url": "https://pokeapi.co/api/v2/language/8/"
      }
    },
    {
      "genus": "Warrior Pok\u00e9mon",
      "language": {
        "name": "en",
        "url": "https://pokeapi.co/api/v2/language/9/"
      }
    },
    {
      "genus": "\u3064\u308f\u3082\u306e\u30dd\u30b1\u30e2\u30f3",
      "language": {
        "name": "ja",
        "url": "https://pokeapi.co/api/v2/language/11/"
      }
    },
    {
      "genus": "\u5f3a\u8005\u5b9d\u53ef\u68a6",
      "language": {
        "name": "zh-Hans",
        "url": "https://pokeapi.co/api/v2/language/12/"
      }
    }
  ],
  "generation": {
    "name": "generation-viii",
    "url": "https://pokeapi.co/api/v2/generation/8/"
  },
  "growth_rate": {
    "name": "slow",
    "url": "https://pokeapi.co/api/v2/growth-rate/1/"
  },
  "habitat": null,
  "has_gender_differences": false,
  "hatch_counter": 120,
  "id": 888,
  "is_baby": false,
  "is_legendary": true,
  "is_mythical": false,
  "name": "zacian",
  "names": [
    {
      "language": {
        "name": "ja-Hrkt",
        "url": "https://pokeapi.co/api/v2/language/1/"
      },
      "name": "\u30b6\u30b7\u30a2\u30f3"
    },
    {
      "language": {
        "name": "roomaji",
        "url": "https://pokeapi.co/api/v2/language/2/"
      },
      "name": "Zacian"
    },
    {
      "language": {
        "name": "ko",
        "url": "https://pokeapi.co/api/v2/language/3/"
      },
      "name": "\uc790\uc2dc\uc548"
    },
    {
      "language": {
        "name": "zh-Hant",
        "url": "https://pokeapi.co/api/v2/language/4/"
      },
      "name": "\u84bc\u97ff"
    },
    {
      "language": {
        "name": "fr",
        "url": "https://pokeapi.co/api/v2/language/5/"
      },
      "name": "Zacian"
    },
    {
      "language": {
        "name": "de",
        "url": "https://pokeapi.co/api/v2/language/6/"
      },
      "name": "Zacian"
    },
    {
      "language": {
        "name": "es",
        "url": "https://pokeapi.co/api/v2/language/7/"
      },
      "name": "Zacian"
    },
    {
      "language": {
        "name": "it",
        "url": "https://pokeapi.co/api/v2/language/8/"
      },
      "name": "Zacian"
    },
    {
      "language": {
        "name": "en",
        "url": "https://pokeapi.co/api/v2/language/9/"
      },
      "name": "Zacian"
    },
    {
      "language": {
        "name": "ja",
        "url": "https://pokeapi.co/api/v2/language/11/"
      },
      "name": "\u30b6\u30b7\u30a2\u30f3"
    },
    {
      "language": {
        "name": "zh-Hans",
        "url": "https://pokeapi.co/api/v2/language/12/"
      },
      "name": "\u82cd\u54cd"
    }
  ],
  "order": 888,
  "pal_park_encounters": [],
  "pokedex_numbers": [
    {
      "entry_number": 888,
      "pokedex": {
        "name": "national",
        "url": "https://pokeapi.co/api/v2/pokedex/1/"
      }
    },
    {
      "entry_number": 398,
      "pokedex": {
        "name": "galar",
        "url": "https://pokeapi.co/api/v2/pokedex/27/"
      }
    }
  ],
  "shape": {
    "name": "quadruped",
    "url": "https://pokeapi.co/api/v2/pokemon-shape/8/"
  },
  "varieties": [
    {
      "is_default": true,
      "pokemon": {
        "name": "zacian",
        "url": "https://pokeapi.co/api/v2/pokemon/888/"
      }
    },
    {
      "is_default": false,
      "pokemon": {
        "name": "zacian-crowned",
        "url": "https://pokeapi.co/api/v2/pokemon/10188/"
      }
    }
  ]
}