{
  "base_happiness": 70,
  "capture_rate": 45,
  "color": {
    "name": "yellow",
    "url": "https://pokeapi.co/api/v2/pokemon-color/10/"
  },
  "egg_groups": [
    {
      "name": "indeterminate",
      "url": "https://pokeapi.co/api/v2/egg-group/11/"
    }
  ],
  "evolution_chain": {
    "url": "https://pokeapi.co/api/v2/evolution-chain/404/"
  },
  "evolves_from_species": null,
  "flavor_text_entries": [
    {
      "flavor_text": "\u3057\u3087\u3046\u305f\u3044\u3075\u3081\u3044\u3002\u3000\u30dc\u30ed\u304d\u308c\u306e\n\u306a\u304b\u307f\u3092\u3000\u307f\u305f\u3000\u3068\u3042\u308b\u3000\u304c\u304f\u3057\u3083\u306f\n\u304d\u3087\u3046\u3075\u306e\u3000\u3042\u307e\u308a\u3000\u30b7\u30e7\u30c3\u30af\u3057\u3057\u305f\u3002",
      "language": {
        "name": "ja-Hrkt",
        "url": "https://pokeapi.co/api/v2/language/1/"
      },
      "version": {
        "name": "sun",
        "url": "https://pokeapi.co/api/v2/version/27/"
      }
    },
    {
      "flavor_text": "\uc815\uccb4\ubd88\uba85. \ub204\ub354\uae30 \uc18d\uc744 \ubcf8\n\uc5b4\ub5a4 \ud559\uc790\ub294 \uacf5\ud3ec\uc5d0\uc11c\n\ud5e4\uc5b4\ub098\uc624\uc9c0 \ubabb\ud558\uace0 \uc1fc\ud06c\uc0ac\ud588\ub2e4.",
      "language": {
        "name": "ko",
        "url": "https://pokeapi.co/api/v2/language/3/"
      },
      "version": {
        "name": "sun",
        "url": "https://pokeapi.co/api/v2/version/27/"
      }
    },
    {
      "flavor_text": "\u771f\u9762\u76ee\u662f\u500b\u8b0e\u3002\n\u67d0\u500b\u770b\u904e\u7834\u5e03\u88e1\u9762\u7684\u5b78\u8005\n\u56e0\u70ba\u592a\u53ef\u6015\u800c\u88ab\u6d3b\u6d3b\u5687\u6b7b\u4e86\u3002",
      "language": {
        "name": "zh-Hant",
        "url": "https://pokeapi.co/api/v2/language/4/"
      },
      "version": {
        "name": "sun",
        "url": "https://pokeapi.co/api/v2/version/27/"
      }
    },
    {
      "flavor_text": "Sa v\u00e9ritable apparence est inconnue. Les\nchercheurs qui ont vu sous son d\u00e9guisement\nsont litt\u00e9ralement morts de peur.",
      "language": {
        "name": "fr",
        "url": "https://pokeapi.co/api/v2/language/5/"
      },
      "version": {
        "name": "sun",
        "url": "https://pokeapi.co/api/v2/version/27/"
      }
    },
    {
      "flavor_text": "Niemand wei\u00df, wie es wirklich aussieht. Ein\nForscher, der unter seinen Lumpen blickte, soll\nsich buchst\u00e4blich zu Tode erschreckt haben.",
      "language": {
        "name": "de",
        "url": "https://pokeapi.co/api/v2/language/6/"
      },
      "version": {
        "name": "sun",
        "url": "https://pokeapi.co/api/v2/version/27/"
      }
    },
    {
      "flavor_text": "Su verdadero aspecto es un misterio total. Un\ninvestigador que intent\u00f3 mirar dentro del saco\nrecibi\u00f3, literalmente, un susto de muerte.",
      "language": {
        "name": "es",
        "url": "https://pokeapi.co/api/v2/language/7/"
      },
      "version": {
        "name": "sun",
        "url": "https://pokeapi.co/api/v2/version/27/"
      }
    },
    {
      "flavor_text": "Nessuno conosce il suo vero aspetto.\nPare che uno studioso sia morto di paura dopo\naver guardato sotto il panno che lo nasconde.",
      "language": {
        "name": "it",
        "url": "https://pokeapi.co/api/v2/language/8/"
      },
      "version": {
        "name": "sun",
        "url": "https://pokeapi.co/api/v2/version/27/"
      }
    },
    {
      "flavor_text": "Its actual appearance is unknown. A scholar\nwho saw what was under its rag was\noverwhelmed by terror and died from the shock.",
      "language": {
        "name": "en",
        "url": "https://pokeapi.co/api/v2/language/9/"
      },
      "version": {
        "name": "sun",
        "url": "https://pokeapi.co/api/v2/version/27/"
      }
    },
    {
      "flavor_text": "\u6b63\u4f53\u4e0d\u660e\u3002\u3000\u30dc\u30ed\u5e03\u306e\n\u4e2d\u8eab\u3092\u3000\u307f\u305f\u3000\u3068\u3042\u308b\u3000\u5b66\u8005\u306f\n\u6050\u6016\u306e\u3000\u3042\u307e\u308a\u3000\u30b7\u30e7\u30c3\u30af\u6b7b\u3057\u305f\u3002",
      "language": {
        "name": "ja",
        "url": "https://pokeapi.co/api/v2/language/11/"
      },
      "version": {
        "name": "sun",
        "url": "https://pokeapi.co/api/v2/version/27/"
      }
    },
    {
      "flavor_text": "\u6b63\u8eab\u4e0d\u660e\u3002\n\u67d0\u4f4d\u5b66\u8005\u770b\u8fc7\u7834\u5e03\u91cc\u9762\u540e\uff0c\n\u56e0\u4e3a\u592a\u8fc7\u6050\u60e7\u800c\u88ab\u60ca\u5413\u81f4\u6b7b\u3002",
      "language": {
        "name": "zh-Hans",
        "url": "https://pokeapi.co/api/v2/language/12/"
      },
      "version": {
        "name": "sun",
        "url": "https://pokeapi.co/api/v2/version/27/"
      }
    },
    {
      "flavor_text": "\u304a\u305d\u308d\u3057\u3044\u3000\u3059\u304c\u305f\u3092\u3000\u30dc\u30ed\u306c\u306e\u3067\n\u304b\u304f\u3057\u3000\u3072\u3068\u3084\u3000\u307b\u304b\u306e\u3000\u30dd\u30b1\u30e2\u30f3\u306b\n\u3061\u304b\u3065\u304f\u3000\u3055\u307f\u3057\u304c\u308a\u3084\u3002",
      "language": {
        "name": "ja-Hrkt",
        "url": "https://pokeapi.co/api/v2/language/1/"
      },
      "version": {
        "name": "moon",
        "url": "https://pokeapi.co/api/v2/version/28/"
      }
    },
    {
      "flavor_text": "\ubb34\uc2dc\ubb34\uc2dc\ud55c \ubaa8\uc2b5\uc744 \ub204\ub354\uae30\ub85c \uac00\ub9ac\uace0\n\uc0ac\ub78c\uc774\ub098 \ub2e4\ub978 \ud3ec\ucf13\ubaac\uc5d0\uac8c \ub2e4\uac00\uac00\ub294\n\uc678\ub85c\uc6c0\uc774 \ub9ce\uc740 \ud3ec\ucf13\ubaac\uc774\ub2e4.",
      "language": {
        "name": "ko",
        "url": "https://pokeapi.co/api/v2/language/3/"
      },
      "version": {
        "name": "moon",
        "url": "https://pokeapi.co/api/v2/version/28/"
      }
    },
    {
      "flavor_text": "\u7528\u7834\u7834\u721b\u721b\u7684\u5e03\u96b1\u85cf\u8d77\u53ef\u6015\u7684\u6a21\u6a23\uff0c\n\u63a5\u8fd1\u4eba\u985e\u548c\u5176\u4ed6\u5bf6\u53ef\u5922\u7684\u5bc2\u5bde\u50a2\u4f19\u3002",
      "language": {
        "name": "zh-Hant",
        "url": "https://pokeapi.co/api/v2/language/4/"
      },
      "version": {
        "name": "moon",
        "url": "https://pokeapi.co/api/v2/version/28/"
      }
    },
    {
      "flavor_text": "Son apparence est si effrayante qu\u2019il doit se\nd\u00e9guiser pour oser s\u2019approcher des gens et\ndes autres Pok\u00e9mon.",
      "language": {
        "name": "fr",
        "url": "https://pokeapi.co/api/v2/language/5/"
      },
      "version": {
        "name": "moon",
        "url": "https://pokeapi.co/api/v2/version/28/"
      }
    },
    {
      "flavor_text": "Es versteckt seine schreckliche Gestalt unter\neinem Lumpen, um sich Menschen und anderen\nPok\u00e9mon zu n\u00e4hern. Oft f\u00fchlt es sich einsam.",
      "language": {
        "name": "de",
        "url": "https://pokeapi.co/api/v2/language/6/"
      },
      "version": {
        "name": "moon",
        "url": "https://pokeapi.co/api/v2/version/28/"
      }
    },
    {
      "flavor_text": "El saco andrajoso le permite ocultar su aspecto\naterrador para acercarse a otros Pok\u00e9mon o a la\ngente y vencer as\u00ed la soledad que lo atenaza.",
      "language": {
        "name": "es",
        "url": "https://pokeapi.co/api/v2/language/7/"
      },
      "version": {
        "name": "moon",
        "url": "https://pokeapi.co/api/v2/version/28/"
      }
    },
    {
      "flavor_text": "Soffre molto la solitudine e per poter avvicinare\ngli esseri umani e gli altri Pok\u00e9mon, cela il suo\ntremendo aspetto sotto a un panno.",
      "language": {
        "name": "it",
        "url": "https://pokeapi.co/api/v2/language/8/"
      },
      "version": {
        "name": "moon",
        "url": "https://pokeapi.co/api/v2/version/28/"
      }
    },
    {
      "flavor_text": "A lonely Pok\u00e9mon, it conceals its terrifying\nappearance beneath an old rag so it can get\ncloser to people and other Pok\u00e9mon.",
      "language": {
        "name": "en",
        "url": "https://pokeapi.co/api/v2/language/9/"
      },
      "version": {
        "name": "moon",
        "url": "https://pokeapi.co/api/v2/version/28/"
      }
    },
    {
      "flavor_text": "\u6050\u308d\u3057\u3044\u3000\u59ff\u3092\u3000\u30dc\u30ed\u5e03\u3067\n\u96a0\u3057\u3000\u4eba\u3084\u3000\u4ed6\u306e\u30dd\u30b1\u30e2\u30f3\u306b\n\u8fd1\u3065\u304f\u3000\u5bc2\u3057\u304c\u308a\u3084\u3002",
      "language": {
        "name": "ja",
        "url": "https://pokeapi.co/api/v2/language/11/"
      },
      "version": {
        "name": "moon",
        "url": "https://pokeapi.co/api/v2/version/28/"
      }
    },
    {
      "flavor_text": "\u8fd9\u4e2a\u6015\u5bc2\u5bde\u7684\u5bb6\u4f19\uff0c\n\u4f1a\u7528\u7834\u5e03\u9690\u85cf\u81ea\u5df1\u53ef\u6015\u7684\u6837\u5b50\n\u6765\u63a5\u8fd1\u4eba\u548c\u5176\u4ed6\u5b9d\u53ef\u68a6\u3002",
      "language": {
        "name": "zh-Hans",
        "url": "https://pokeapi.co/api/v2/language/12/"
      },
      "version": {
        "name": "moon",
        "url": "https://pokeapi.co/api/v2/version/28/"
      }
    },
    {
      "flavor_text": "\u304a\u3068\u306a\u3057\u3044\u3000\u3055\u307f\u3057\u304c\u308a\u3084\u3000\u3060\u3051\u3069\n\u30dc\u30ed\u304d\u308c\u306e\u3000\u306a\u304b\u307f\u3092\u3000\u307f\u3088\u3046\u3068\u3059\u308b\u3068\n\u306f\u3052\u3057\u304f\u3000\u3044\u3084\u304c\u308a\u3000\u3066\u3044\u3053\u3046\u3059\u308b\u3002",
      "language": {
        "name": "ja-Hrkt",
        "url": "https://pokeapi.co/api/v2/language/1/"
      },
      "version": {
        "name": "ultra-sun",
        "url": "https://pokeapi.co/api/v2/version/29/"
      }
    },
    {
      "flavor_text": "\uc58c\uc804\ud558\uace0 \uc678\ub85c\uc6c0\uc744 \uc798 \ud0c0\uc9c0\ub9cc,\n\ub11d\ub9c8 \uc870\uac01\uc758 \uc18d\uc744 \ubcf4\ub824\uace0 \ud558\uba74\n\uaca9\ub82c\ud558\uac8c \uc2eb\uc5b4\ud558\uba70 \uc800\ud56d\ud55c\ub2e4.",
      "language": {
        "name": "ko",
        "url": "https://pokeapi.co/api/v2/language/3/"
      },
      "version": {
        "name": "ultra-sun",
        "url": "https://pokeapi.co/api/v2/version/29/"
      }
    },
    {
      "flavor_text": "\u6027\u60c5\u6eab\u548c\u4e14\u5bb3\u6015\u5bc2\u5bde\uff0c\n\u4f46\u5982\u679c\u6709\u4eba\u8a66\u5716\u7aba\u770b\u7834\u5e03\u88e1\u9762\u7684\u6a23\u5b50\uff0c\n\u7260\u5c31\u6703\u975e\u5e38\u53ad\u60e1\u5730\u6fc0\u70c8\u53cd\u6297\u3002",
      "language": {
        "name": "zh-Hant",
        "url": "https://pokeapi.co/api/v2/language/4/"
      },
      "version": {
        "name": "ultra-sun",
        "url": "https://pokeapi.co/api/v2/version/29/"
      }
    },
    {
      "flavor_text": "Ce Pok\u00e9mon docile d\u00e9teste la solitude, mais\nil oppose une r\u00e9sistance acharn\u00e9e si l\u2019on essaie\nde jeter un coup d\u2019\u0153il sous son d\u00e9guisement.",
      "language": {
        "name": "fr",
        "url": "https://pokeapi.co/api/v2/language/5/"
      },
      "version": {
        "name": "ultra-sun",
        "url": "https://pokeapi.co/api/v2/version/29/"
      }
    },
    {
      "flavor_text": "Eigentlich ist es friedlich und sehnt sich nur\nnach Gesellschaft, doch versucht man, unter\nseinen Lumpen zu linsen, wehrt es sich heftig.",
      "language": {
        "name": "de",
        "url": "https://pokeapi.co/api/v2/language/6/"
      },
      "version": {
        "name": "ultra-sun",
        "url": "https://pokeapi.co/api/v2/version/29/"
      }
    },
    {
      "flavor_text": "Es de car\u00e1cter tranquilo y propenso a sentirse\nsolo. Odia que intenten mirar bajo su saco, y se\nresiste con todas sus fuerzas.",
      "language": {
        "name": "es",
        "url": "https://pokeapi.co/api/v2/language/7/"
      },
      "version": {
        "name": "ultra-sun",
        "url": "https://pokeapi.co/api/v2/version/29/"
      }
    },
    {
      "flavor_text": "\u00c8 un Pok\u00e9mon tranquillo che soffre di solitudine.\nSe qualcuno cerca di sbirciare sotto il panno che\nlo nasconde, si oppone con forza.",
      "language": {
        "name": "it",
        "url": "https://pokeapi.co/api/v2/language/8/"
      },
      "version": {
        "name": "ultra-sun",
        "url": "https://pokeapi.co/api/v2/version/29/"
      }
    },
    {
      "flavor_text": "Although it\u2019s a quiet, lonely Pok\u00e9mon, if you try\nto look at what\u2019s under its rag, it will become\nagitated and resist violently.",
      "language": {
        "name": "en",
        "url": "https://pokeapi.co/api/v2/language/9/"
      },
      "version": {
        "name": "ultra-sun",
        "url": "https://pokeapi.co/api/v2/version/29/"
      }
    },
    {
      "flavor_text": "\u5927\u4eba\u3057\u3044\u3000\u5bc2\u3057\u304c\u308a\u5c4b\u3000\u3060\u3051\u3069\n\u30dc\u30ed\u5207\u308c\u306e\u3000\u4e2d\u8eab\u3092\u3000\u898b\u3088\u3046\u3068\u3059\u308b\u3068\n\u6fc0\u3057\u304f\u3000\u5acc\u304c\u308a\u3000\u62b5\u6297\u3059\u308b\u3002",
      "language": {
        "name": "ja",
        "url": "https://pokeapi.co/api/v2/language/11/"
      },
      "version": {
        "name": "ultra-sun",
        "url": "https://pokeapi.co/api/v2/version/29/"
      }
    },
    {
      "flavor_text": "\u7a33\u91cd\u53c8\u6015\u5bc2\u5bde\uff0c\n\u4f46\u5982\u679c\u60f3\u8981\u770b\u5b83\u7684\u7834\u5e03\u91cc\u9762\uff0c\n\u5c31\u4f1a\u975e\u5e38\u538c\u6076\uff0c\u6fc0\u70c8\u53cd\u6297\u3002",
      "language": {
        "name": "zh-Hans",
        "url": "https://pokeapi.co/api/v2/language/12/"
      },
      "version": {
        "name": "ultra-sun",
        "url": "https://pokeapi.co/api/v2/version/29/"
      }
    },
    {
      "flavor_text": "\u304b\u305c\u304c\u3000\u307e\u3063\u3066\u3000\u3050\u3046\u305c\u3093\u3000\u306a\u304b\u307f\u3092\n\u307f\u3066\u3057\u307e\u3063\u305f\u3000\u30c8\u30ec\u30fc\u30ca\u30fc\u306f\u3000\u305d\u306e\u3072\u306e\n\u3070\u3093\u306b\u3000\u304f\u308b\u3057\u307f\u3000\u3082\u304c\u3044\u3066\u3000\u3057\u3093\u3060\u3002",
      "language": {
        "name": "ja-Hrkt",
        "url": "https://pokeapi.co/api/v2/language/1/"
      },
      "version": {
        "name": "ultra-moon",
        "url": "https://pokeapi.co/api/v2/version/30/"
      }
    },
    {
      "flavor_text": "\ubc14\ub78c\uc774 \ubd88\uc5b4\uc11c \uc6b0\uc5f0\ud788 \uc18d\uc744\n\ubd10 \ubc84\ub9b0 \ud2b8\ub808\uc774\ub108\ub294 \uadf8\ub0a0 \ubc24\n\uace0\ud1b5\uc5d0 \ubab8\ubd80\ub9bc\uce58\ub2e4 \uc8fd\uc5c8\ub2e4.",
      "language": {
        "name": "ko",
        "url": "https://pokeapi.co/api/v2/language/3/"
      },
      "version": {
        "name": "ultra-moon",
        "url": "https://pokeapi.co/api/v2/version/30/"
      }
    },
    {
      "flavor_text": "\u56e0\u70ba\u98a8\u628a\u5e03\u5439\u8d77\u4f86\u800c\u5076\u7136\n\u898b\u5230\u7260\u88e1\u9762\u6a21\u6a23\u7684\u8a13\u7df4\u5bb6\uff0c\n\u7576\u5929\u665a\u4e0a\u6703\u5728\u75db\u82e6\u6399\u624e\u4e2d\u6b7b\u53bb\u3002",
      "language": {
        "name": "zh-Hant",
        "url": "https://pokeapi.co/api/v2/language/4/"
      },
      "version": {
        "name": "ultra-moon",
        "url": "https://pokeapi.co/api/v2/version/30/"
      }
    },
    {
      "flavor_text": "Une bourrasque a un jour permis \u00e0 un Dresseur\nde voir sous le d\u00e9guisement de Mimiqui. Il est\nmort le soir m\u00eame dans d\u2019atroces souffrances.",
      "language": {
        "name": "fr",
        "url": "https://pokeapi.co/api/v2/language/5/"
      },
      "version": {
        "name": "ultra-moon",
        "url": "https://pokeapi.co/api/v2/version/30/"
      }
    },
    {
      "flavor_text": "Ein Trainer, der durch einen Windsto\u00df Mimigmas\nwahre Gestalt unter seinem Lumpen erblickte,\nstarb am selben Abend einen qualvollen Tod.",
      "language": {
        "name": "de",
        "url": "https://pokeapi.co/api/v2/language/6/"
      },
      "version": {
        "name": "ultra-moon",
        "url": "https://pokeapi.co/api/v2/version/30/"
      }
    },
    {
      "flavor_text": "Al levantarse su saco a causa de un golpe de\nviento, un Entrenador vio su verdadera forma y\nmuri\u00f3 dolorosamente esa misma noche.",
      "language": {
        "name": "es",
        "url": "https://pokeapi.co/api/v2/language/7/"
      },
      "version": {
        "name": "ultra-moon",
        "url": "https://pokeapi.co/api/v2/version/30/"
      }
    },
    {
      "flavor_text": "Un Allenatore che ha visto cosa si cela sotto\nil suo panno per una folata di vento \u00e8 andato\nincontro a una morte dolorosa la sera stessa.",
      "language": {
        "name": "it",
        "url": "https://pokeapi.co/api/v2/language/8/"
      },
      "version": {
        "name": "ultra-moon",
        "url": "https://pokeapi.co/api/v2/version/30/"
      }
    },
    {
      "flavor_text": "A gust of wind revealed what hides under this\nPok\u00e9mon\u2019s rag to a passing Trainer, who went\nhome and died painfully that very night.",
      "language": {
        "name": "en",
        "url": "https://pokeapi.co/api/v2/language/9/"
      },
      "version": {
        "name": "ultra-moon",
        "url": "https://pokeapi.co/api/v2/version/30/"
      }
    },
    {
      "flavor_text": "\u98a8\u304c\u3000\u821e\u3063\u3066\u3000\u5076\u7136\u3000\u4e2d\u8eab\u3092\n\u898b\u3066\u3057\u307e\u3063\u305f\u3000\u30c8\u30ec\u30fc\u30ca\u30fc\u306f\u3000\u305d\u306e\u65e5\u306e\n\u6669\u306b\u3000\u82e6\u3057\u307f\u3000\u3082\u304c\u3044\u3066\u3000\u6b7b\u3093\u3060\u3002",
      "language": {
        "name": "ja",
        "url": "https://pokeapi.co/api/v2/language/11/"
      },
      "version": {
        "name": "ultra-moon",
        "url": "https://pokeapi.co/api/v2/version/30/"
      }
    },
    {
      "flavor_text": "\u56e0\u4e3a\u98ce\u5439\u8d77\u800c\u5076\u7136\u89c1\u5230\n\u5b83\u91cc\u9762\u7684\u8bad\u7ec3\u5bb6\uff0c\n\u4f1a\u5728\u5f53\u5929\u665a\u4e0a\u75db\u82e6\u5730\u6323\u624e\u7740\u6b7b\u53bb\u3002",
      "language": {
        "name": "zh-Hans",
        "url": "https://pokeapi.co/api/v2/language/12/"
      },
      "version": {
        "name": "ultra-moon",
        "url": "https://pokeapi.co/api/v2/version/30/"
      }
    },
    {
      "flavor_text": "\u3053\u308f\u304c\u3089\u308c\u306a\u3044\u3088\u3046\u306b\u3000\u30d4\u30ab\u30c1\u30e5\u30a6\u306b\n\u306b\u305b\u305f\u3000\u30dc\u30ed\u306c\u306e\u3092\u3000\u304b\u3076\u3063\u3066\u3044\u308b\u304c\n\u3088\u3051\u3044\u3000\u3076\u304d\u307f\u306b\u3000\u306a\u3063\u3066\u3057\u307e\u3063\u305f\u3002",
      "language": {
        "name": "ja-Hrkt",
        "url": "https://pokeapi.co/api/v2/language/1/"
      },
      "version": {
        "name": "sword",
        "url": "https://pokeapi.co/api/v2/version/33/"
      }
    },
    {
      "flavor_text": "\uac81\uc744 \uc8fc\uc9c0 \uc54a\uae30 \uc704\ud574 \ud53c\uce74\uce04\uc640\n\ub2ee\uc740 \ub204\ub354\uae30\ub97c \uc4f0\uace0 \uc788\uc9c0\ub9cc\n\uc624\ud788\ub824 \ub354 \uc73c\uc2a4\uc2a4\ud574\uc84c\ub2e4.",
      "language": {
        "name": "ko",
        "url": "https://pokeapi.co/api/v2/language/3/"
      },
      "version": {
        "name": "sword",
        "url": "https://pokeapi.co/api/v2/version/33/"
      }
    },
    {
      "flavor_text": "\u70ba\u4e86\u8b93\u5225\u4eba\u4e0d\u8981\u5bb3\u6015\u81ea\u5df1\uff0c\n\u7279\u610f\u7a7f\u4e0a\u4e86\u770b\u4f3c\u76ae\u5361\u4e18\u7684\u7834\u5e03\uff0c\n\u7d50\u679c\u537b\u8b8a\u5f97\u66f4\u52a0\u4ee4\u4eba\u6bdb\u9aa8\u609a\u7136\u3002",
      "language": {
        "name": "zh-Hant",
        "url": "https://pokeapi.co/api/v2/language/4/"
      },
      "version": {
        "name": "sword",
        "url": "https://pokeapi.co/api/v2/version/33/"
      }
    },
    {
      "flavor_text": "Il se cache sous des guenilles en forme de Pikachu\npour avoir l\u2019air moins effrayant, mais cela le rend\nencore plus inqui\u00e9tant.",
      "language": {
        "name": "fr",
        "url": "https://pokeapi.co/api/v2/language/5/"
      },
      "version": {
        "name": "sword",
        "url": "https://pokeapi.co/api/v2/version/33/"
      }
    },
    {
      "flavor_text": "Es verbirgt sich unter einem Lumpen, der wie ein\nPikachu aussieht, damit niemand Angst vor ihm\nbekommt. Leider wird es dadurch noch gruseliger.",
      "language": {
        "name": "de",
        "url": "https://pokeapi.co/api/v2/language/6/"
      },
      "version": {
        "name": "sword",
        "url": "https://pokeapi.co/api/v2/version/33/"
      }
    },
    {
      "flavor_text": "Se cubre con un saco andrajoso con aspecto de\nPikachu para no resultar tan aterrador, aunque\neste le confiere un aspecto a\u00fan m\u00e1s terror\u00edfico.",
      "language": {
        "name": "es",
        "url": "https://pokeapi.co/api/v2/language/7/"
      },
      "version": {
        "name": "sword",
        "url": "https://pokeapi.co/api/v2/version/33/"
      }
    },
    {
      "flavor_text": "Per non spaventare gli altri, cela il suo aspetto\nsotto a un panno che imita le fattezze di Pikachu,\nma questo lo rende ancor pi\u00f9 inquietante.",
      "language": {
        "name": "it",
        "url": "https://pokeapi.co/api/v2/language/8/"
      },
      "version": {
        "name": "sword",
        "url": "https://pokeapi.co/api/v2/version/33/"
      }
    },
    {
      "flavor_text": "It wears a rag fashioned into a Pikachu costume\nin an effort to look less scary. Unfortunately,\nthe costume only makes it creepier.",
      "language": {
        "name": "en",
        "url": "https://pokeapi.co/api/v2/language/9/"
      },
      "version": {
        "name": "sword",
        "url": "https://pokeapi.co/api/v2/version/33/"
      }
    },
    {
      "flavor_text": "\u6016\u304c\u3089\u308c\u306a\u3044\u3088\u3046\u306b\u3000\u30d4\u30ab\u30c1\u30e5\u30a6\u306b\n\u4f3c\u305b\u305f\u3000\u30dc\u30ed\u5e03\u3092\u3000\u304b\u3076\u3063\u3066\u3044\u308b\u304c\n\u4f59\u8a08\u306b\u3000\u4e0d\u6c17\u5473\u306b\u3000\u306a\u3063\u3066\u3057\u307e\u3063\u305f\u3002",
      "language": {
        "name": "ja",
        "url": "https://pokeapi.co/api/v2/language/11/"
      },
      "version": {
        "name": "sword",
        "url": "https://pokeapi.co/api/v2/version/33/"
      }
    },
    {
      "flavor_text": "\u4e3a\u4e86\u8ba9\u522b\u4eba\u4e0d\u8981\u5bb3\u6015\u81ea\u5df1\uff0c\n\u7279\u610f\u7a7f\u4e0a\u4e86\u770b\u4f3c\u76ae\u5361\u4e18\u7684\u7834\u5e03\uff0c\n\u7ed3\u679c\u5374\u53d8\u5f97\u66f4\u52a0\u4ee4\u4eba\u6bdb\u9aa8\u609a\u7136\u3002",
      "language": {
        "name": "zh-Hans",
        "url": "https://pokeapi.co/api/v2/language/12/"
      },
      "version": {
        "name": "sword",
        "url": "https://pokeapi.co/api/v2/version/33/"
      }
    },
    {
      "flavor_text": "\u3051\u3093\u304d\u3085\u3046\u306e\u305f\u3081\u3000\u30dc\u30ed\u306c\u306e\u306e\u3000\u306a\u304b\u3092\n\u307f\u3066\u3057\u307e\u3063\u305f\u3000\u304c\u304f\u3057\u3083\u304c\u3000\u306a\u305e\u306e\n\u3073\u3087\u3046\u304d\u3067\u3000\u3044\u306e\u3061\u3092\u3000\u304a\u3068\u3057\u305f\u3002",
      "language": {
        "name": "ja-Hrkt",
        "url": "https://pokeapi.co/api/v2/language/1/"
      },
      "version": {
        "name": "shield",
        "url": "https://pokeapi.co/api/v2/version/34/"
      }
    },
    {
      "flavor_text": "\uc5f0\uad6c\ub97c \uc704\ud574 \ub204\ub354\uae30 \uc18d\uc744\n\ub4e4\uc5ec\ub2e4\ubcf8 \ud559\uc790\uac00 \uc54c \uc218 \uc5c6\ub294\n\ubcd1\uc73c\ub85c \ubaa9\uc228\uc744 \uc783\uc5c8\ub2e4.",
      "language": {
        "name": "ko",
        "url": "https://pokeapi.co/api/v2/language/3/"
      },
      "version": {
        "name": "shield",
        "url": "https://pokeapi.co/api/v2/version/34/"
      }
    },
    {
      "flavor_text": "\u6709\u4e00\u4f4d\u5b78\u8005\u70ba\u4e86\u7814\u7a76\n\u800c\u770b\u4e86\u7260\u7684\u7834\u5e03\u88e1\u9762\uff0c\n\u7d50\u679c\u60a3\u4e0a\u602a\u75c5\u800c\u96e2\u958b\u4eba\u4e16\u3002",
      "language": {
        "name": "zh-Hant",
        "url": "https://pokeapi.co/api/v2/language/4/"
      },
      "version": {
        "name": "shield",
        "url": "https://pokeapi.co/api/v2/version/34/"
      }
    },
    {
      "flavor_text": "Les malheureux chercheurs qui ont regard\u00e9\nsous son d\u00e9guisement en lambeaux ont succomb\u00e9\n\u00e0 une myst\u00e9rieuse maladie.",
      "language": {
        "name": "fr",
        "url": "https://pokeapi.co/api/v2/language/5/"
      },
      "version": {
        "name": "shield",
        "url": "https://pokeapi.co/api/v2/version/34/"
      }
    },
    {
      "flavor_text": "Alle Wissenschaftler, die zu Forschungszwecken\neinen Blick unter seinen Lumpen gewagt haben,\nsind an einer r\u00e4tselhaften Krankheit gestorben.",
      "language": {
        "name": "de",
        "url": "https://pokeapi.co/api/v2/language/6/"
      },
      "version": {
        "name": "shield",
        "url": "https://pokeapi.co/api/v2/version/34/"
      }
    },
    {
      "flavor_text": "Un investigador que mir\u00f3 dentro del saco para\nestudiar a este Pok\u00e9mon perdi\u00f3 la vida a causa\nde una misteriosa enfermedad.",
      "language": {
        "name": "es",
        "url": "https://pokeapi.co/api/v2/language/7/"
      },
      "version": {
        "name": "shield",
        "url": "https://pokeapi.co/api/v2/version/34/"
      }
    },
    {
      "flavor_text": "Uno scienziato che studiava questo Pok\u00e9mon\nmor\u00ec di una misteriosa malattia dopo aver\nguardato sotto il suo panno.",
      "language": {
        "name": "it",
        "url": "https://pokeapi.co/api/v2/language/8/"
      },
      "version": {
        "name": "shield",
        "url": "https://pokeapi.co/api/v2/version/34/"
      }
    },
    {
      "flavor_text": "There was a scientist who peeked under\nMimikyu\u2019s old rag in the name of research.\nThe scientist died of a mysterious disease.",
      "language": {
        "name": "en",
        "url": "https://pokeapi.co/api/v2/language/9/"
      },
      "version": {
        "name": "shield",
        "url": "https://pokeapi.co/api/v2/version/34/"
      }
    },
    {
      "flavor_text": "\u7814\u7a76\u306e\u305f\u3081\u3000\u30dc\u30ed\u5e03\u306e\u3000\u4e2d\u3092\n\u898b\u3066\u3057\u307e\u3063\u305f\u3000\u5b66\u8005\u304c\u3000\u8b0e\u306e\n\u75c5\u6c17\u3067\u3000\u547d\u3092\u3000\u843d\u3068\u3057\u305f\u3002",
      "language": {
        "name": "ja",
        "url": "https://pokeapi.co/api/v2/language/11/"
      },
      "version": {
        "name": "shield",
        "url": "https://pokeapi.co/api/v2/version/34/"
      }
    },
    {
      "flavor_text": "\u6709\u4e00\u4f4d\u5b66\u8005\u4e3a\u4e86\u7814\u7a76\n\u800c\u770b\u4e86\u5b83\u7684\u7834\u5e03\u91cc\u9762\uff0c\n\u7ed3\u679c\u60a3\u4e0a\u602a\u75c5\u800c\u79bb\u5f00\u4eba\u4e16\u3002",
      "language": {
        "name": "zh-Hans",
        "url": "https://pokeapi.co/api/v2/language/12/"
      },
      "version": {
        "name": "shield",
        "url": "https://pokeapi.co/api/v2/version/34/"
      }
    }
  ],
  "form_descriptions": [],
  "forms_switchable": false,
  "gender_rate": 4,
  "genera": [
    {
      "genus": "\u3070\u3051\u306e\u304b\u308f\u30dd\u30b1\u30e2\u30f3",
      "language": {
        "name": "ja-Hrkt",
        "url": "https://pokeapi.co/api/v2/language/1/"
      }
    },
    {
      "genus": "\ud0c8\ud3ec\ucf13\ubaac",
      "language": {
        "name": "ko",
        "url": "https://pokeapi.co/api/v2/language/3/"
      }
    },
    {
      "genus": "\u756b\u76ae\u5bf6\u53ef\u5922",
      "language": {
        "name": "zh-Hant",
        "url": "https://pokeapi.co/api/v2/language/4/"
      }
    },
    {
      "genus": "Pok\u00e9mon Fant\u00f4masque",
      "language": {
        "name": "fr",
        "url": "https://pokeapi.co/api/v2/language/5/"
      }
    },
    {
      "genus": "Kost\u00fcmspuk-Pok\u00e9mon",
      "language": {
        "name": "de",
        "url": "https://pokeapi.co/api/v2/language/6/"
      }
    },
    {
      "genus": "Pok\u00e9mon Disfraz",
      "language": {
        "name": "es",
        "url": "https://pokeapi.co/api/v2/language/7/"
      }
    },
    {
      "genus": "Pok\u00e9mon Fantasmanto",
      "language": {
        "name": "it",
        "url": "https://pokeapi.co/api/v2/language/8/"
      }
    },
    {
      "genus": "Disguise Pok\u00e9mon",
      "language": {
        "name": "en",
        "url": "https://pokeapi.co/api/v2/language/9/"
      }
    },
    {
      "genus": "\u3070\u3051\u306e\u304b\u308f\u30dd\u30b1\u30e2\u30f3",
      "language": {
        "name": "ja",
        "url": "https://pokeapi.co/api/v2/language/11/"
      }
    },
    {
      "genus": "\u753b\u76ae\u5b9d\u53ef\u68a6",
      "language": {
        "name": "zh-Hans",
        "url": "https://pokeapi.co/api/v2/language/12/"
      }
    }
  ],
  "generation": {
    "name": "generation-vii",
    "url": "https://pokeapi.co/api/v2/generation/7/"
  },
  "growth_rate": {
    "name": "medium",
    "url": "https://pokeapi.co/api/v2/growth-rate/2/"
  },
  "habitat": null,
  "has_gender_differences": false,
  "hatch_counter": 20,
  "id": 778,
  "is_baby": false,
  "is_legendary": false,
  "is_mythical": false,
  "name": "mimikyu",
  "names": [
    {
      "language": {
        "name": "ja-Hrkt",
        "url": "https://pokeapi.co/api/v2/language/1/"
      },
      "name": "\u30df\u30df\u30c3\u30ad\u30e5"
    },
    {
      "language": {
        "name": "roomaji",
        "url": "https://pokeapi.co/api/v2/language/2/"
      },
      "name": "Mimikkyu"
    },
    {
      "language": {
        "name": "ko",
        "url": "https://pokeapi.co/api/v2/language/3/"
      },
      "name": "\ub530\ub77c\ud050"
    },
    {
      "language": {
        "name": "zh-Hant",
        "url": "https://pokeapi.co/api/v2/language/4/"
      },
      "name": "\u8b0e\u64ec\uff31"
    },
    {
      "language": {
        "name": "fr",
        "url": "https://pokeapi.co/api/v2/language/5/"
      },
      "name": "Mimiqui"
    },
    {
      "language": {
        "name": "de",
        "url": "https://pokeapi.co/api/v2/language/6/"
      },
      "name": "Mimigma"
    },
    {
      "language": {
        "name": "es",
        "url": "https://pokeapi.co/api/v2/language/7/"
      },
      "name": "Mimikyu"
    },
    {
      "language": {
        "name": "it",
        "url": "https://pokeapi.co/api/v2/language/8/"
      },
      "name": "Mimikyu"
    },
    {
      "language": {
        "name": "en",
        "url": "https://pokeapi.co/api/v2/language/9/"
      },
      "name": "Mimikyu"
    },
    {
      "language": {
        "name": "ja",
        "url": "https://pokeapi.co/api/v2/language/11/"
      },
      "name": "\u30df\u30df\u30c3\u30ad\u30e5"
    },
    {
      "language": {
        "name": "zh-Hans",
        "url": "https://pokeapi.co/api/v2/language/12/"
      },
      "name": "\u8c1c\u62df\u4e18"
    }
  ],
  "order": 778,
  "pal_park_encounters": [],
  "pokedex_numbers": [
    {
      "entry_number": 778,
      "pokedex": {
        "name": "national",
        "url": "https://pokeapi.co/api/v2/pokedex/1/"
      }
    },
    {
      "entry_number": 242,
      "pokedex": {
        "name": "original-alola",
        "url": "https://pokeapi.co/api/v2/pokedex/16/"
      }
    },
    {
      "entry_number": 114,
      "pokedex": {
        "name": "original-ulaula",
        "url": "https://pokeapi.co/api/v2/pokedex/19/"
      }
    },
    {
      "entry_number": 315,
      "pokedex": {
        "name": "updated-alola",
        "url": "https://pokeapi.co/api/v2/pokedex/21/"
      }
    },
    {
      "entry_number": 136,
      "pokedex": {
        "name": "updated-ulaula",
        "url": "https://pokeapi.co/api/v2/pokedex/24/"
      }
    },
    {
      "entry_number": 301,
      "pokedex": {
        "name": "galar",
        "url": "https://pokeapi.co/api/v2/pokedex/27/"
      }
    },
    {
      "entry_number": 46,
      "pokedex": {
        "name": "crown-tundra",
        "url": "https://pokeapi.co/api/v2/pokedex/29/"
      }
    },
    {
      "entry_number": 239,
      "pokedex": {
        "name": "paldea",
        "url": "https://pokeapi.co/api/v2/pokedex/31/"
      }
    },
    {
      "entry_number": 189,
      "pokedex": {
        "name": "kitakami",
        "url": "https://pokeapi.co/api/v2/pokedex/32/"
      }
    },
    {
      "entry_number": 68,
      "pokedex": {
        "name": "hyperspace",
        "url": "https://pokeapi.co/api/v2/pokedex/35/"
      }
    }
  ],
  "shape": {
    "name": "squiggle",
    "url": "https://pokeapi.co/api/v2/pokemon-shape/2/"
  },
  "varieties": [
    {
      "is_default": true,
      "pokemon": {
        "name": "mimikyu-disguised",
        "url": "https://pokeapi.co/api/v2/pokemon/778/"
      }
    },
    {
      "is_default": false,
      "pokemon": {
        "name": "mimikyu-busted",
        "url": "https://pokeapi.co/api/v2/pokemon/10143/"
      }
    },
    {
      "is_default": false,
      "pokemon": {
        "name": "mimikyu-totem-disguised",
        "url": "https://pokeapi.co/api/v2/pokemon/10144/"
      }
    },
    {
      "is_default": false,
      "pokemon": {
        "name": "mimikyu-totem-busted",
        "url": "https://pokeapi.co/api/v2/pokemon/10145/"
      }
    }
  ]
}