{"id": 544, "name": "whirlipede", "types": [{"slot": 1, "type": {"name": "bug", "url": "https://pokeapi.co/api/v2/type/7/"}}, {"slot": 2, "type": {"name": "poison", "url": "https://pokeapi.co/api/v2/type/4/"}}], "stats": [{"base_stat": 40, "effort": 0, "stat": {"name": "hp", "url": "https://pokeapi.co/api/v2/stat/1/"}}, {"base_stat": 55, "effort": 0, "stat": {"name": "attack", "url": "https://pokeapi.co/api/v2/stat/2/"}}, {"base_stat": 99, "effort": 2, "stat": {"name": "defense", "url": "https://pokeapi.co/api/v2/stat/3/"}}, {"base_stat": 40, "effort": 0, "stat": {"name": "special-attack", "url": "https://pokeapi.co/api/v2/stat/4/"}}, {"base_stat": 79, "effort": 0, "stat": {"name": "special-defense", "url": "https://pokeapi.co/api/v2/stat/5/"}}, {"base_stat": 47, "effort": 0, "stat": {"name": "speed", "url": "https://pokeapi.co/api/v2/stat/6/"}}], "abilities": [{"ability": {"name": "poison-point", "url": "https://pokeapi.co/api/v2/ability/38/"}, "is_hidden": false, "slot": 1}, {"ability": {"name": "swarm", "url": "https://pokeapi.co/api/v2/ability/68/"}, "is_hidden": false, "slot": 2}, {"ability": {"name": "speed-boost", "url": "https://pokeapi.co/api/v2/ability/3/"}, "is_hidden": true, "slot": 3}], "sprites": {"front_default": "https://raw.githubusercontent.com/PokeAPI/sprites/master/sprites/pokemon/544.png"}, "moves": [{"move": {"name": "take-down"}, "earliest_level": 32}, {"move": {"name": "double-edge"}, "earliest_level": 50}, {"move": {"name": "poison-sting"}, "earliest_level": 1}, {"move": {"name": "pin-missile"}, "earliest_level": null}, {"move": {"name": "solar-beam"}, "earliest_level": null}, {"move": {"name": "toxic"}, "earliest_level": 41}, {"move": {"name": "agility"}, "earliest_level": 32}, {"move": {"name": "screech"}, "earliest_level": 1}, {"move": {"name": "double-team"}, "earliest_level": null}, {"move": {"name": "defense-curl"}, "earliest_level": 1}, {"move": {"name": "rest"}, "earliest_level": null}, {"move": {"name": "substitute"}, "earliest_level": null}, {"move": {"name": "snore"}, "earliest_level": null}, {"move": {"name": "protect"}, "earliest_level": 1}, {"move": {"name": "sludge-bomb"}, "earliest_level": null}, {"move": {"name": "spikes"}, "earliest_level": null}, {"move": {"name": "endure"}, "earliest_level": null}, {"move": {"name": "rollout"}, "earliest_level": 1}, {"move": {"name": "swagger"}, "earliest_level": null}, {"move": {"name": "attract"}, "earliest_level": null}, {"move": {"name": "sleep-talk"}, "earliest_level": null}, {"move": {"name": "return"}, "earliest_level": null}, {"move": {"name": "frustration"}, "earliest_level": null}, {"move": {"name": "pursuit"}, "earliest_level": 12}, {"move": {"name": "hidden-power"}, "earliest_level": null}, {"move": {"name": "sunny-day"}, "earliest_level": null}, {"move": {"name": "rock-smash"}, "earliest_level": null}, {"move": {"name": "facade"}, "earliest_level": null}, {"move": {"name": "endeavor"}, "earliest_level": null}, {"move": {"name": "secret-power"}, "earliest_level": null}, {"move": {"name": "signal-beam"}, "earliest_level": null}, {"move": {"name": "iron-defense"}, "earliest_level": 1}, {"move": {"name": "poison-tail"}, "earliest_level": 12}, {"move": {"name": "gyro-ball"}, "earliest_level": null}, {"move": {"name": "payback"}, "earliest_level": null}, {"move": {"name": "toxic-spikes"}, "earliest_level": null}, {"move": {"name": "poison-jab"}, "earliest_level": null}, {"move": {"name": "rock-climb"}, "earliest_level": 46}, {"move": {"name": "bug-bite"}, "earliest_level": 20}, {"move": {"name": "venoshock"}, "earliest_level": 26}, {"move": {"name": "round"}, "earliest_level": null}, {"move": {"name": "hex"}, "earliest_level": null}, {"move": {"name": "struggle-bug"}, "earliest_level": null}, {"move": {"name": "steamroller"}, "earliest_level": 37}, {"move": {"name": "confide"}, "earliest_level": null}, {"move": {"name": "venom-drench"}, "earliest_level": 43}, {"move": {"name": "infestation"}, "earliest_level": null}, {"move": {"name": "steel-roller"}, "earliest_level": null}, {"move": {"name": "skitter-smack"}, "earliest_level": null}], "species": {"url": "https://pokeapi.co/api/v2/pokemon-species/544/"}, "height": 12, "weight": 585}