{"id": 953, "name": "rellor", "types": [{"slot": 1, "type": {"name": "bug", "url": "https://pokeapi.co/api/v2/type/7/"}}], "stats": [{"base_stat": 41, "effort": 0, "stat": {"name": "hp", "url": "https://pokeapi.co/api/v2/stat/1/"}}, {"base_stat": 50, "effort": 0, "stat": {"name": "attack", "url": "https://pokeapi.co/api/v2/stat/2/"}}, {"base_stat": 60, "effort": 1, "stat": {"name": "defense", "url": "https://pokeapi.co/api/v2/stat/3/"}}, {"base_stat": 31, "effort": 0, "stat": {"name": "special-attack", "url": "https://pokeapi.co/api/v2/stat/4/"}}, {"base_stat": 58, "effort": 0, "stat": {"name": "special-defense", "url": "https://pokeapi.co/api/v2/stat/5/"}}, {"base_stat": 30, "effort": 0, "stat": {"name": "speed", "url": "https://pokeapi.co/api/v2/stat/6/"}}], "abilities": [{"ability": {"name": "compound-eyes", "url": "https://pokeapi.co/api/v2/ability/14/"}, "is_hidden": false, "slot": 1}, {"ability": {"name": "shed-skin", "url": "https://pokeapi.co/api/v2/ability/61/"}, "is_hidden": true, "slot": 3}], "sprites": {"front_default": "https://raw.githubusercontent.com/PokeAPI/sprites/master/sprites/pokemon/953.png"}, "moves": [{"move": {"name": "sand-attack"}, "earliest_level": 4}, {"move": {"name": "tackle"}, "earliest_level": 1}, {"move": {"name": "take-down"}, "earliest_level": 24}, {"move": {"name": "dig"}, "earliest_level": 29}, {"move": {"name": "recover"}, "earliest_level": null}, {"move": {"name": "defense-curl"}, "earliest_level": 1}, {"move": {"name": "leech-life"}, "earliest_level": null}, {"move": {"name": "rest"}, "earliest_level": null}, {"move": {"name": "substitute"}, "earliest_level": null}, {"move": {"name": "thief"}, "earliest_level": null}, {"move": {"name": "protect"}, "earliest_level": null}, {"move": {"name": "sludge-bomb"}, "earliest_level": null}, {"move": {"name": "mud-slap"}, "earliest_level": null}, {"move": {"name": "endure"}, "earliest_level": null}, {"move": {"name": "rollout"}, "earliest_level": 11}, {"move": {"name": "sleep-talk"}, "earliest_level": null}, {"move": {"name": "memento"}, "earliest_level": null}, {"move": {"name": "facade"}, "earliest_level": null}, {"move": {"name": "weather-ball"}, "earliest_level": null}, {"move": {"name": "rock-tomb"}, "earliest_level": null}, {"move": {"name": "cosmic-power"}, "earliest_level": null}, {"move": {"name": "iron-defense"}, "earliest_level": null}, {"move": {"name": "mud-shot"}, "earliest_level": 15}, {"move": {"name": "fling"}, "earliest_level": null}, {"move": {"name": "x-scissor"}, "earliest_level": null}, {"move": {"name": "bug-buzz"}, "earliest_level": null}, {"move": {"name": "gunk-shot"}, "earliest_level": null}, {"move": {"name": "bug-bite"}, "earliest_level": 20}, {"move": {"name": "struggle-bug"}, "earliest_level": 7}, {"move": {"name": "lunge"}, "earliest_level": 35}, {"move": {"name": "skitter-smack"}, "earliest_level": null}, {"move": {"name": "tera-blast"}, "earliest_level": null}, {"move": {"name": "pounce"}, "earliest_level": null}], "species": {"url": "https://pokeapi.co/api/v2/pokemon-species/953/"}, "height": 2, "weight": 10}