{"id": 999, "name": "gimmighoul", "types": [{"slot": 1, "type": {"name": "ghost", "url": "https://pokeapi.co/api/v2/type/8/"}}], "stats": [{"base_stat": 45, "effort": 0, "stat": {"name": "hp", "url": "https://pokeapi.co/api/v2/stat/1/"}}, {"base_stat": 30, "effort": 0, "stat": {"name": "attack", "url": "https://pokeapi.co/api/v2/stat/2/"}}, {"base_stat": 70, "effort": 0, "stat": {"name": "defense", "url": "https://pokeapi.co/api/v2/stat/3/"}}, {"base_stat": 75, "effort": 1, "stat": {"name": "special-attack", "url": "https://pokeapi.co/api/v2/stat/4/"}}, {"base_stat": 70, "effort": 0, "stat": {"name": "special-defense", "url": "https://pokeapi.co/api/v2/stat/5/"}}, {"base_stat": 10, "effort": 0, "stat": {"name": "speed", "url": "https://pokeapi.co/api/v2/stat/6/"}}], "abilities": [{"ability": {"name": "rattled", "url": "https://pokeapi.co/api/v2/ability/155/"}, "is_hidden": false, "slot": 1}], "sprites": {"front_default": "https://raw.githubusercontent.com/PokeAPI/sprites/master/sprites/pokemon/999.png"}, "moves": [{"move": {"name": "tackle"}, "earliest_level": 1}, {"move": {"name": "take-down"}, "earliest_level": null}, {"move": {"name": "night-shade"}, "earliest_level": null}, {"move": {"name": "confuse-ray"}, "earliest_level": null}, {"move": {"name": "light-screen"}, "earliest_level": null}, {"move": {"name": "reflect"}, "earliest_level": null}, {"move": {"name": "rest"}, "earliest_level": null}, {"move": {"name": "substitute"}, "earliest_level": null}, {"move": {"name": "thief"}, "earliest_level": null}, {"move": {"name": "protect"}, "earliest_level": null}, {"move": {"name": "endure"}, "earliest_level": null}, {"move": {"name": "sleep-talk"}, "earliest_level": null}, {"move": {"name": "shadow-ball"}, "earliest_level": null}, {"move": {"name": "astonish"}, "earliest_level": 1}, {"move": {"name": "power-gem"}, "earliest_level": null}, {"move": {"name": "nasty-plot"}, "earliest_level": null}, {"move": {"name": "hex"}, "earliest_level": null}, {"move": {"name": "tera-blast"}, "earliest_level": null}], "species": {"url": "https://pokeapi.co/api/v2/pokemon-species/999/"}, "height": 3, "weight": 50}