{
  "base_happiness": 70,
  "capture_rate": 45,
  "color": {
    "name": "yellow",
    "url": "https://pokeapi.co/api/v2/pokemon-color/10/"
  },
  "egg_groups": [
    {
      "name": "humanshape",
      "url": "https://pokeapi.co/api/v2/egg-group/8/"
    }
  ],
  "evolution_chain": {
    "url": "https://pokeapi.co/api/v2/evolution-chain/60/"
  },
  "evolves_from_species": {
    "name": "elekid",
    "url": "https://pokeapi.co/api/v2/pokemon-species/239/"
  },
  "flavor_text_entries": [
    {
      "flavor_text": "Normally found\nnear power plants,\nthey can wander\faway and cause\nmajor blackouts\nin cities.",
      "language": {
        "name": "en",
        "url": "https://pokeapi.co/api/v2/language/9/"
      },
      "version": {
        "name": "red",
        "url": "https://pokeapi.co/api/v2/version/1/"
      }
    },
    {
      "flavor_text": "Normally found\nnear power plants,\nthey can wander\faway and cause\nmajor blackouts\nin cities.",
      "language": {
        "name": "en",
        "url": "https://pokeapi.co/api/v2/language/9/"
      },
      "version": {
        "name": "blue",
        "url": "https://pokeapi.co/api/v2/version/2/"
      }
    },
    {
      "flavor_text": "If a major power\noutage occurs, it\nis certain that\fthis POK\u00e9MON has\neaten electricity\nat a power plant.",
      "language": {
        "name": "en",
        "url": "https://pokeapi.co/api/v2/language/9/"
      },
      "version": {
        "name": "yellow",
        "url": "https://pokeapi.co/api/v2/version/3/"
      }
    },
    {
      "flavor_text": "Electricity runs\nacross the surface\nof its body. In\fdarkness, its en\u00ad\ntire body glows a\nwhitish-blue.",
      "language": {
        "name": "en",
        "url": "https://pokeapi.co/api/v2/language/9/"
      },
      "version": {
        "name": "gold",
        "url": "https://pokeapi.co/api/v2/version/4/"
      }
    },
    {
      "flavor_text": "Its body constant\u00ad\nly discharges\nelectricity. Get\u00ad\fting close to it\nwill make your\nhair stand on end.",
      "language": {
        "name": "en",
        "url": "https://pokeapi.co/api/v2/language/9/"
      },
      "version": {
        "name": "silver",
        "url": "https://pokeapi.co/api/v2/version/5/"
      }
    },
    {
      "flavor_text": "When two\nELECTABUZZ touch,\nthey control the\felectric currents\nto communicate\ntheir feelings.",
      "language": {
        "name": "en",
        "url": "https://pokeapi.co/api/v2/language/9/"
      },
      "version": {
        "name": "crystal",
        "url": "https://pokeapi.co/api/v2/version/6/"
      }
    },
    {
      "flavor_text": "When a storm arrives, gangs of this\nPOK\u00e9MON compete with each other to\nscale heights that are likely to be\fstricken by lightning bolts.\nSome towns use ELECTABUZZ in place of\nlightning rods.",
      "language": {
        "name": "en",
        "url": "https://pokeapi.co/api/v2/language/9/"
      },
      "version": {
        "name": "ruby",
        "url": "https://pokeapi.co/api/v2/version/7/"
      }
    },
    {
      "flavor_text": "When a storm arrives, gangs of this\nPOK\u00e9MON compete with each other to\nscale heights that are likely to be\fstricken by lightning bolts.\nSome towns use ELECTABUZZ in place of\nlightning rods.",
      "language": {
        "name": "en",
        "url": "https://pokeapi.co/api/v2/language/9/"
      },
      "version": {
        "name": "sapphire",
        "url": "https://pokeapi.co/api/v2/version/8/"
      }
    },
    {
      "flavor_text": "When a storm approaches, it competes with\nothers to scale heights that are likely to\nbe stricken by lightning. Some towns use\nELECTABUZZ in place of lightning rods.",
      "language": {
        "name": "en",
        "url": "https://pokeapi.co/api/v2/language/9/"
      },
      "version": {
        "name": "emerald",
        "url": "https://pokeapi.co/api/v2/version/9/"
      }
    },
    {
      "flavor_text": "It loves to feed on strong electricity.\nIt occasionally appears around large\npower plants and so on.",
      "language": {
        "name": "en",
        "url": "https://pokeapi.co/api/v2/language/9/"
      },
      "version": {
        "name": "firered",
        "url": "https://pokeapi.co/api/v2/version/10/"
      }
    },
    {
      "flavor_text": "Normally found near power plants, they\ncan wander away and cause major\nblackouts in cities.",
      "language": {
        "name": "en",
        "url": "https://pokeapi.co/api/v2/language/9/"
      },
      "version": {
        "name": "leafgreen",
        "url": "https://pokeapi.co/api/v2/version/11/"
      }
    },
    {
      "flavor_text": "Half of all blackouts occur when\nthis Pok\u00e9mon appears at power\nplants and eats electricity.",
      "language": {
        "name": "en",
        "url": "https://pokeapi.co/api/v2/language/9/"
      },
      "version": {
        "name": "diamond",
        "url": "https://pokeapi.co/api/v2/version/12/"
      }
    },
    {
      "flavor_text": "Half of all blackouts occur when\nthis Pok\u00e9mon appears at power\nplants and eats electricity.",
      "language": {
        "name": "en",
        "url": "https://pokeapi.co/api/v2/language/9/"
      },
      "version": {
        "name": "pearl",
        "url": "https://pokeapi.co/api/v2/version/13/"
      }
    },
    {
      "flavor_text": "It windmills its arms to slightly\nboost its punches. Foes have been\nknown to escape in the meantime.",
      "language": {
        "name": "en",
        "url": "https://pokeapi.co/api/v2/language/9/"
      },
      "version": {
        "name": "platinum",
        "url": "https://pokeapi.co/api/v2/version/14/"
      }
    },
    {
      "flavor_text": "Electricity runs across the surface\nof its body. In darkness, its entire\nbody glows a whitish-blue.",
      "language": {
        "name": "en",
        "url": "https://pokeapi.co/api/v2/language/9/"
      },
      "version": {
        "name": "heartgold",
        "url": "https://pokeapi.co/api/v2/version/15/"
      }
    },
    {
      "flavor_text": "Its body constantly discharges\nelectricity. Getting close to it\nwill make your hair stand on end.",
      "language": {
        "name": "en",
        "url": "https://pokeapi.co/api/v2/language/9/"
      },
      "version": {
        "name": "soulsilver",
        "url": "https://pokeapi.co/api/v2/version/16/"
      }
    },
    {
      "flavor_text": "Il fait tournoyer ses bras pour\ndonner de la force \u00e0 ses coups.\nProfitez-en pour filer!",
      "language": {
        "name": "fr",
        "url": "https://pokeapi.co/api/v2/language/5/"
      },
      "version": {
        "name": "black",
        "url": "https://pokeapi.co/api/v2/version/17/"
      }
    },
    {
      "flavor_text": "It windmills its arms to slightly\nboost its punches. Foes have been\nknown to escape in the meantime.",
      "language": {
        "name": "en",
        "url": "https://pokeapi.co/api/v2/language/9/"
      },
      "version": {
        "name": "black",
        "url": "https://pokeapi.co/api/v2/version/17/"
      }
    },
    {
      "flavor_text": "Il fait tournoyer ses bras pour\ndonner de la force \u00e0 ses coups.\nProfitez-en pour filer!",
      "language": {
        "name": "fr",
        "url": "https://pokeapi.co/api/v2/language/5/"
      },
      "version": {
        "name": "white",
        "url": "https://pokeapi.co/api/v2/version/18/"
      }
    },
    {
      "flavor_text": "It windmills its arms to slightly\nboost its punches. Foes have been\nknown to escape in the meantime.",
      "language": {
        "name": "en",
        "url": "https://pokeapi.co/api/v2/language/9/"
      },
      "version": {
        "name": "white",
        "url": "https://pokeapi.co/api/v2/version/18/"
      }
    },
    {
      "flavor_text": "Research is progressing on storing\nlightning in Electabuzz so this\nenergy can be used at any time.",
      "language": {
        "name": "en",
        "url": "https://pokeapi.co/api/v2/language/9/"
      },
      "version": {
        "name": "black-2",
        "url": "https://pokeapi.co/api/v2/version/21/"
      }
    },
    {
      "flavor_text": "Research is progressing on storing\nlightning in Electabuzz so this\nenergy can be used at any time.",
      "language": {
        "name": "en",
        "url": "https://pokeapi.co/api/v2/language/9/"
      },
      "version": {
        "name": "white-2",
        "url": "https://pokeapi.co/api/v2/version/22/"
      }
    },
    {
      "flavor_text": "\u304b\u3089\u3060\u306e\u3000\u3072\u3087\u3046\u3081\u3093\u306b\u306f\u3000\u3067\u3093\u304d\u304c\n\u306a\u304c\u308c\u3066\u3044\u308b\u3002\u3042\u305f\u308a\u304c\u3000\u304f\u3089\u3044\u3068\n\u305c\u3093\u3057\u3093\u304c\u3000\u3042\u304a\u3058\u308d\u304f\u3000\u3072\u304b\u308b\u306e\u3060\u3002",
      "language": {
        "name": "ja-Hrkt",
        "url": "https://pokeapi.co/api/v2/language/1/"
      },
      "version": {
        "name": "x",
        "url": "https://pokeapi.co/api/v2/version/23/"
      }
    },
    {
      "flavor_text": "\ubab8\uc758 \ud45c\uba74\uc5d0\ub294 \uc804\uae30\uac00\n\ud750\ub974\uace0 \uc788\ub2e4. \uc8fc\ubcc0\uc774 \uc5b4\ub450\uc6b0\uba74\n\uc804\uc2e0\uc774 \ud478\ub974\uc2a4\ub984\ud558\uac8c \ube5b\ub09c\ub2e4.",
      "language": {
        "name": "ko",
        "url": "https://pokeapi.co/api/v2/language/3/"
      },
      "version": {
        "name": "x",
        "url": "https://pokeapi.co/api/v2/version/23/"
      }
    },
    {
      "flavor_text": "Des ondes \u00e9lectriques parcourent la surface de son\ncorps. Il brille d\u2019un \u00e9clat bleut\u00e9 dans le noir.",
      "language": {
        "name": "fr",
        "url": "https://pokeapi.co/api/v2/language/5/"
      },
      "version": {
        "name": "x",
        "url": "https://pokeapi.co/api/v2/version/23/"
      }
    },
    {
      "flavor_text": "Elektrizit\u00e4t bedeckt seinen K\u00f6rper. Im Dunkeln\nerstrahlt es in einem bl\u00e4ulichen Ton.",
      "language": {
        "name": "de",
        "url": "https://pokeapi.co/api/v2/language/6/"
      },
      "version": {
        "name": "x",
        "url": "https://pokeapi.co/api/v2/version/23/"
      }
    },
    {
      "flavor_text": "Por la superficie de su piel corre la electricidad. En la\noscuridad, su cuerpo se torna blanquecino.",
      "language": {
        "name": "es",
        "url": "https://pokeapi.co/api/v2/language/7/"
      },
      "version": {
        "name": "x",
        "url": "https://pokeapi.co/api/v2/version/23/"
      }
    },
    {
      "flavor_text": "La corrente elettrica attraversa la superficie del\nsuo corpo che al buio riluce di un blu perlato.",
      "language": {
        "name": "it",
        "url": "https://pokeapi.co/api/v2/language/8/"
      },
      "version": {
        "name": "x",
        "url": "https://pokeapi.co/api/v2/version/23/"
      }
    },
    {
      "flavor_text": "Electricity runs across the surface of its body.\nIn darkness, its entire body glows a whitish blue.",
      "language": {
        "name": "en",
        "url": "https://pokeapi.co/api/v2/language/9/"
      },
      "version": {
        "name": "x",
        "url": "https://pokeapi.co/api/v2/version/23/"
      }
    },
    {
      "flavor_text": "\u4f53\u306e\u3000\u8868\u9762\u306b\u306f\u3000\u96fb\u6c17\u304c\n\u6d41\u308c\u3066\u3044\u308b\u3002\u3042\u305f\u308a\u304c\u3000\u6697\u3044\u3068\n\u5168\u8eab\u304c\u3000\u9752\u767d\u304f\u3000\u5149\u308b\u306e\u3060\u3002",
      "language": {
        "name": "ja",
        "url": "https://pokeapi.co/api/v2/language/11/"
      },
      "version": {
        "name": "x",
        "url": "https://pokeapi.co/api/v2/version/23/"
      }
    },
    {
      "flavor_text": "\u3064\u3088\u3044\u3000\u3067\u3093\u304d\u304c\u3000\u3060\u3044\u3053\u3046\u3076\u3064\u3067\n\u304a\u304a\u304d\u306a\u3000\u306f\u3064\u3067\u3093\u3057\u3087\u3000\u306a\u3069\u306b\n\u3057\u3070\u3057\u3070\u3000\u3042\u3089\u308f\u308c\u308b\u3002",
      "language": {
        "name": "ja-Hrkt",
        "url": "https://pokeapi.co/api/v2/language/1/"
      },
      "version": {
        "name": "y",
        "url": "https://pokeapi.co/api/v2/version/24/"
      }
    },
    {
      "flavor_text": "\uac15\ud55c \uc804\uae30\ub97c \uc88b\uc544\ud558\uc5ec\n\ucee4\ub2e4\ub780 \ubc1c\uc804\uc18c \uac19\uc740 \uacf3\uc5d0\n\uc885\uc885 \ub098\ud0c0\ub09c\ub2e4.",
      "language": {
        "name": "ko",
        "url": "https://pokeapi.co/api/v2/language/3/"
      },
      "version": {
        "name": "y",
        "url": "https://pokeapi.co/api/v2/version/24/"
      }
    },
    {
      "flavor_text": "Il adore se nourrir d\u2019\u00e9lectricit\u00e9. Il appara\u00eet\noccasionnellement pr\u00e8s des grandes centrales\n\u00e9lectriques.",
      "language": {
        "name": "fr",
        "url": "https://pokeapi.co/api/v2/language/5/"
      },
      "version": {
        "name": "y",
        "url": "https://pokeapi.co/api/v2/version/24/"
      }
    },
    {
      "flavor_text": "Es konsumiert am liebsten Elektrizit\u00e4t. Gelegentlich\nsieht man es in der N\u00e4he von Kraftwerken.",
      "language": {
        "name": "de",
        "url": "https://pokeapi.co/api/v2/language/6/"
      },
      "version": {
        "name": "y",
        "url": "https://pokeapi.co/api/v2/version/24/"
      }
    },
    {
      "flavor_text": "Le encanta alimentarse de alta tensi\u00f3n. A veces,\naparece cerca de centrales el\u00e9ctricas y zonas\nsimilares.",
      "language": {
        "name": "es",
        "url": "https://pokeapi.co/api/v2/language/7/"
      },
      "version": {
        "name": "y",
        "url": "https://pokeapi.co/api/v2/version/24/"
      }
    },
    {
      "flavor_text": "Ama nutrirsi di elettricit\u00e0 ad alta tensione. \u00c8 possibile\ntrovarlo vicino a grandi centrali elettriche.",
      "language": {
        "name": "it",
        "url": "https://pokeapi.co/api/v2/language/8/"
      },
      "version": {
        "name": "y",
        "url": "https://pokeapi.co/api/v2/version/24/"
      }
    },
    {
      "flavor_text": "It loves to feed on strong electricity. It occasionally\nappears around large power plants and so on.",
      "language": {
        "name": "en",
        "url": "https://pokeapi.co/api/v2/language/9/"
      },
      "version": {
        "name": "y",
        "url": "https://pokeapi.co/api/v2/version/24/"
      }
    },
    {
      "flavor_text": "\u5f37\u3044\u3000\u96fb\u6c17\u304c\u3000\u5927\u597d\u7269\u3067\n\u5927\u304d\u306a\u3000\u767a\u96fb\u6240\u306a\u3069\u306b\n\u3057\u3070\u3057\u3070\u3000\u73fe\u308c\u308b\u3002",
      "language": {
        "name": "ja",
        "url": "https://pokeapi.co/api/v2/language/11/"
      },
      "version": {
        "name": "y",
        "url": "https://pokeapi.co/api/v2/version/24/"
      }
    },
    {
      "flavor_text": "\u3042\u3089\u3057\u304c\u3000\u304f\u308b\u3068\u3000\u304d\u306e\u3000\u3046\u3048\u3000\u306a\u3069\u3000\u30ab\u30df\u30ca\u30ea\u306e\n\u304a\u3061\u305d\u3046\u306a\u3000\u305f\u304b\u3044\u3000\u3070\u3057\u3087\u3078\u3000\u304d\u305d\u3063\u3066\u3000\u306e\u307c\u308b\u3002\n\u3072\u3089\u3044\u3057\u3093\u3000\u304c\u308f\u308a\u306b\u3000\u3059\u308b\u3000\u307e\u3061\u3082\u3000\u3042\u308b\u3002",
      "language": {
        "name": "ja-Hrkt",
        "url": "https://pokeapi.co/api/v2/language/1/"
      },
      "version": {
        "name": "omega-ruby",
        "url": "https://pokeapi.co/api/v2/version/25/"
      }
    },
    {
      "flavor_text": "\ud3ed\ud48d\uc774 \uc624\uba74 \ub098\ubb34 \uc704\ucc98\ub7fc \ubcbc\ub77d\uc774\n\ub5a8\uc5b4\uc9c8 \ub9cc\ud55c \ub192\uc740 \uc7a5\uc18c\ub85c \uc55e\ub2e4\ud22c\uc5b4 \uc62c\ub77c\uac04\ub2e4.\n\ud53c\ub8b0\uce68 \ub300\uc6a9\uc73c\ub85c \uc0bc\ub294 \ub9c8\uc744\ub3c4 \uc788\ub2e4.",
      "language": {
        "name": "ko",
        "url": "https://pokeapi.co/api/v2/language/3/"
      },
      "version": {
        "name": "omega-ruby",
        "url": "https://pokeapi.co/api/v2/version/25/"
      }
    },
    {
      "flavor_text": "Lorsqu\u2019une temp\u00eate approche, des groupes entiers de\nce Pok\u00e9mon se battent pour grimper sur les hauteurs,\no\u00f9 la foudre a le plus de chance de tomber. Certaines villes\nse servent d\u2019\u00c9lektek en guise de paratonnerres.",
      "language": {
        "name": "fr",
        "url": "https://pokeapi.co/api/v2/language/5/"
      },
      "version": {
        "name": "omega-ruby",
        "url": "https://pokeapi.co/api/v2/version/25/"
      }
    },
    {
      "flavor_text": "Bei Gewitter entbrennt unter Elektek ein Wettstreit um h\u00f6her\ngelegene Orte, an denen ein Blitzeinschlag wahrscheinlich ist.\nEinige Ortschaften benutzen diese Pok\u00e9mon anstelle von\nBlitzableitern.",
      "language": {
        "name": "de",
        "url": "https://pokeapi.co/api/v2/language/6/"
      },
      "version": {
        "name": "omega-ruby",
        "url": "https://pokeapi.co/api/v2/version/25/"
      }
    },
    {
      "flavor_text": "Al desatarse una tormenta, bandadas de estos Pok\u00e9mon se\nenfrentan entre s\u00ed para ver qui\u00e9n alcanza antes sitios altos en\nlos que suelan caer rayos. Hay ciudades que usan Electabuzz\nen lugar de pararrayos.",
      "language": {
        "name": "es",
        "url": "https://pokeapi.co/api/v2/language/7/"
      },
      "version": {
        "name": "omega-ruby",
        "url": "https://pokeapi.co/api/v2/version/25/"
      }
    },
    {
      "flavor_text": "All\u2019arrivo di un temporale questi Pok\u00e9mon si raggruppano\ne a gara scalano le vette pi\u00f9 alte sperando di riuscire\na prendere qualche fulmine. Alcune citt\u00e0 usano\ngli Electabuzz al posto dei parafulmini.",
      "language": {
        "name": "it",
        "url": "https://pokeapi.co/api/v2/language/8/"
      },
      "version": {
        "name": "omega-ruby",
        "url": "https://pokeapi.co/api/v2/version/25/"
      }
    },
    {
      "flavor_text": "When a storm arrives, gangs of this Pok\u00e9mon compete with\neach other to scale heights that are likely to be stricken by\nlightning bolts. Some towns use Electabuzz in place of\nlightning rods.",
      "language": {
        "name": "en",
        "url": "https://pokeapi.co/api/v2/language/9/"
      },
      "version": {
        "name": "omega-ruby",
        "url": "https://pokeapi.co/api/v2/version/25/"
      }
    },
    {
      "flavor_text": "\u5d50\u304c\u3000\u304f\u308b\u3068\u3000\u6728\u306e\u3000\u4e0a\u3000\u306a\u3069\u3000\u30ab\u30df\u30ca\u30ea\u306e\n\u843d\u3061\u305d\u3046\u306a\u3000\u9ad8\u3044\u3000\u5834\u6240\u3078\u3000\u7af6\u3063\u3066\u3000\u767b\u308b\u3002\n\u907f\u96f7\u91dd\u3000\u4ee3\u308f\u308a\u306b\u3000\u3059\u308b\u3000\u8857\u3082\u3000\u3042\u308b\u3002",
      "language": {
        "name": "ja",
        "url": "https://pokeapi.co/api/v2/language/11/"
      },
      "version": {
        "name": "omega-ruby",
        "url": "https://pokeapi.co/api/v2/version/25/"
      }
    },
    {
      "flavor_text": "\u3042\u3089\u3057\u304c\u3000\u304f\u308b\u3068\u3000\u304d\u306e\u3000\u3046\u3048\u3000\u306a\u3069\u3000\u30ab\u30df\u30ca\u30ea\u306e\n\u304a\u3061\u305d\u3046\u306a\u3000\u305f\u304b\u3044\u3000\u3070\u3057\u3087\u3078\u3000\u304d\u305d\u3063\u3066\u3000\u306e\u307c\u308b\u3002\n\u3072\u3089\u3044\u3057\u3093\u3000\u304c\u308f\u308a\u306b\u3000\u3059\u308b\u3000\u307e\u3061\u3082\u3000\u3042\u308b\u3002",
      "language": {
        "name": "ja-Hrkt",
        "url": "https://pokeapi.co/api/v2/language/1/"
      },
      "version": {
        "name": "alpha-sapphire",
        "url": "https://pokeapi.co/api/v2/version/26/"
      }
    },
    {
      "flavor_text": "\ud3ed\ud48d\uc774 \uc624\uba74 \ub098\ubb34 \uc704\ucc98\ub7fc \ubcbc\ub77d\uc774\n\ub5a8\uc5b4\uc9c8 \ub9cc\ud55c \ub192\uc740 \uc7a5\uc18c\ub85c \uc55e\ub2e4\ud22c\uc5b4 \uc62c\ub77c\uac04\ub2e4.\n\ud53c\ub8b0\uce68 \ub300\uc6a9\uc73c\ub85c \uc0bc\ub294 \ub9c8\uc744\ub3c4 \uc788\ub2e4.",
      "language": {
        "name": "ko",
        "url": "https://pokeapi.co/api/v2/language/3/"
      },
      "version": {
        "name": "alpha-sapphire",
        "url": "https://pokeapi.co/api/v2/version/26/"
      }
    },
    {
      "flavor_text": "Lorsqu\u2019une temp\u00eate approche, des groupes entiers de\nce Pok\u00e9mon se battent pour grimper sur les hauteurs,\no\u00f9 la foudre a le plus de chance de tomber. Certaines villes\nse servent d\u2019\u00c9lektek en guise de paratonnerres.",
      "language": {
        "name": "fr",
        "url": "https://pokeapi.co/api/v2/language/5/"
      },
      "version": {
        "name": "alpha-sapphire",
        "url": "https://pokeapi.co/api/v2/version/26/"
      }
    },
    {
      "flavor_text": "Bei Gewitter entbrennt unter Elektek ein Wettstreit um h\u00f6her\ngelegene Orte, an denen ein Blitzeinschlag wahrscheinlich ist.\nEinige Ortschaften benutzen diese Pok\u00e9mon anstelle von\nBlitzableitern.",
      "language": {
        "name": "de",
        "url": "https://pokeapi.co/api/v2/language/6/"
      },
      "version": {
        "name": "alpha-sapphire",
        "url": "https://pokeapi.co/api/v2/version/26/"
      }
    },
    {
      "flavor_text": "Al desatarse una tormenta, bandadas de estos Pok\u00e9mon se\nenfrentan entre s\u00ed para ver qui\u00e9n alcanza antes sitios altos en\nlos que suelan caer rayos. Hay ciudades que usan Electabuzz\nen lugar de pararrayos.",
      "language": {
        "name": "es",
        "url": "https://pokeapi.co/api/v2/language/7/"
      },
      "version": {
        "name": "alpha-sapphire",
        "url": "https://pokeapi.co/api/v2/version/26/"
      }
    },
    {
      "flavor_text": "All\u2019arrivo di un temporale questi Pok\u00e9mon si raggruppano\ne a gara scalano le vette pi\u00f9 alte sperando di riuscire\na prendere qualche fulmine. Alcune citt\u00e0 usano\ngli Electabuzz al posto dei parafulmini.",
      "language": {
        "name": "it",
        "url": "https://pokeapi.co/api/v2/language/8/"
      },
      "version": {
        "name": "alpha-sapphire",
        "url": "https://pokeapi.co/api/v2/version/26/"
      }
    },
    {
      "flavor_text": "When a storm arrives, gangs of this Pok\u00e9mon compete with\neach other to scale heights that are likely to be stricken by\nlightning bolts. Some towns use Electabuzz in place of\nlightning rods.",
      "language": {
        "name": "en",
        "url": "https://pokeapi.co/api/v2/language/9/"
      },
      "version": {
        "name": "alpha-sapphire",
        "url": "https://pokeapi.co/api/v2/version/26/"
      }
    },
    {
      "flavor_text": "\u5d50\u304c\u3000\u304f\u308b\u3068\u3000\u6728\u306e\u3000\u4e0a\u3000\u306a\u3069\u3000\u30ab\u30df\u30ca\u30ea\u306e\n\u843d\u3061\u305d\u3046\u306a\u3000\u9ad8\u3044\u3000\u5834\u6240\u3078\u3000\u7af6\u3063\u3066\u3000\u767b\u308b\u3002\n\u907f\u96f7\u91dd\u3000\u4ee3\u308f\u308a\u306b\u3000\u3059\u308b\u3000\u8857\u3082\u3000\u3042\u308b\u3002",
      "language": {
        "name": "ja",
        "url": "https://pokeapi.co/api/v2/language/11/"
      },
      "version": {
        "name": "alpha-sapphire",
        "url": "https://pokeapi.co/api/v2/version/26/"
      }
    },
    {
      "flavor_text": "\u3068\u3064\u305c\u3093\u304a\u3053\u308b\u3000\u3066\u3044\u3067\u3093\u306e\u3000\u306f\u3093\u3076\u3093\u306f\n\u30a8\u30ec\u30d6\u30fc\u304c\u3000\u306f\u3064\u3067\u3093\u3057\u3087\u306b\u3000\u3042\u3064\u307e\u308a\n\u3067\u3093\u304d\u3092\u3000\u304f\u3044\u3061\u3089\u304b\u3057\u305f\u3000\u304b\u3089\u3060\u3002",
      "language": {
        "name": "ja-Hrkt",
        "url": "https://pokeapi.co/api/v2/language/1/"
      },
      "version": {
        "name": "sun",
        "url": "https://pokeapi.co/api/v2/version/27/"
      }
    },
    {
      "flavor_text": "\uac11\uc790\uae30 \uc77c\uc5b4\ub098\ub294 \uc815\uc804\uc758 \ubc18\uc740\n\uc5d0\ub808\ube0c\uac00 \ubc1c\uc804\uc18c\uc5d0 \ubaa8\uc5ec\n\uc804\uae30\ub97c \ub9c8\uad6c \uba39\uc5b4\ub300\uae30 \ub54c\ubb38\uc774\ub2e4.",
      "language": {
        "name": "ko",
        "url": "https://pokeapi.co/api/v2/language/3/"
      },
      "version": {
        "name": "sun",
        "url": "https://pokeapi.co/api/v2/version/27/"
      }
    },
    {
      "flavor_text": "\u7a81\u767c\u7684\u505c\u96fb\uff0c\u6709\u4e00\u534a\n\u662f\u56e0\u70ba\u96fb\u64ca\u7378\u805a\u96c6\u5728\u767c\u96fb\u5ee0\n\u80e1\u4e82\u541e\u98df\u96fb\u529b\u9020\u6210\u7684\u3002",
      "language": {
        "name": "zh-Hant",
        "url": "https://pokeapi.co/api/v2/language/4/"
      },
      "version": {
        "name": "sun",
        "url": "https://pokeapi.co/api/v2/version/27/"
      }
    },
    {
      "flavor_text": "La moiti\u00e9 des coupures de courant soudaines\nest due \u00e0 des groupes d\u2019\u00c9lektek rassembl\u00e9s\ndans une centrale \u00e9lectrique pour se nourrir.",
      "language": {
        "name": "fr",
        "url": "https://pokeapi.co/api/v2/language/5/"
      },
      "version": {
        "name": "sun",
        "url": "https://pokeapi.co/api/v2/version/27/"
      }
    },
    {
      "flavor_text": "F\u00fcr die H\u00e4lfte aller pl\u00f6tzlichen Stromausf\u00e4lle\nsind Elektek verantwortlich. Sie belagern gerne\nKraftwerke und zapfen ihnen Strom ab.",
      "language": {
        "name": "de",
        "url": "https://pokeapi.co/api/v2/language/6/"
      },
      "version": {
        "name": "sun",
        "url": "https://pokeapi.co/api/v2/version/27/"
      }
    },
    {
      "flavor_text": "La mitad de los apagones los provoca este\nPok\u00e9mon, pues suele merodear por las centrales\nel\u00e9ctricas para alimentarse de electricidad.",
      "language": {
        "name": "es",
        "url": "https://pokeapi.co/api/v2/language/7/"
      },
      "version": {
        "name": "sun",
        "url": "https://pokeapi.co/api/v2/version/27/"
      }
    },
    {
      "flavor_text": "Una buona met\u00e0 dei blackout improvvisi sono\ncausati da Electabuzz che si riversano nelle\ncentrali per nutrirsi di elettricit\u00e0.",
      "language": {
        "name": "it",
        "url": "https://pokeapi.co/api/v2/language/8/"
      },
      "version": {
        "name": "sun",
        "url": "https://pokeapi.co/api/v2/version/27/"
      }
    },
    {
      "flavor_text": "Half of all sudden blackouts are caused\nby Electabuzz gathering at electric power\nplants and gobbling up electricity.",
      "language": {
        "name": "en",
        "url": "https://pokeapi.co/api/v2/language/9/"
      },
      "version": {
        "name": "sun",
        "url": "https://pokeapi.co/api/v2/version/27/"
      }
    },
    {
      "flavor_text": "\u7a81\u7136\u8d77\u3053\u308b\u3000\u505c\u96fb\u306e\u3000\u534a\u5206\u306f\n\u30a8\u30ec\u30d6\u30fc\u304c\u3000\u767a\u96fb\u6240\u306b\u3000\u96c6\u307e\u308a\n\u96fb\u6c17\u3092\u3000\u55b0\u3044\u6563\u3089\u304b\u3057\u305f\u3000\u304b\u3089\u3060\u3002",
      "language": {
        "name": "ja",
        "url": "https://pokeapi.co/api/v2/language/11/"
      },
      "version": {
        "name": "sun",
        "url": "https://pokeapi.co/api/v2/version/27/"
      }
    },
    {
      "flavor_text": "\u7a81\u53d1\u7684\u505c\u7535\uff0c\u6709\u4e00\u534a\n\u662f\u56e0\u4e3a\u7535\u51fb\u517d\u805a\u96c6\u5728\u53d1\u7535\u5382\n\u80e1\u4e71\u541e\u98df\u7535\u529b\u9020\u6210\u7684\u3002",
      "language": {
        "name": "zh-Hans",
        "url": "https://pokeapi.co/api/v2/language/12/"
      },
      "version": {
        "name": "sun",
        "url": "https://pokeapi.co/api/v2/version/27/"
      }
    },
    {
      "flavor_text": "\u30a8\u30b5\u3067\u3000\u304f\u3046\u3000\u3067\u3093\u304d\u308a\u3087\u3046\u3000\u3088\u308a\u3082\n\u304b\u3089\u3060\u304b\u3089\u3000\u3082\u308c\u308b\u3000\u3067\u3093\u304d\u308a\u3087\u3046\u306e\n\u307b\u3046\u304c\u3000\u3042\u3063\u3068\u3046\u3066\u304d\u306b\u3000\u304a\u304a\u3044\u3002",
      "language": {
        "name": "ja-Hrkt",
        "url": "https://pokeapi.co/api/v2/language/1/"
      },
      "version": {
        "name": "moon",
        "url": "https://pokeapi.co/api/v2/version/28/"
      }
    },
    {
      "flavor_text": "\uba39\uc774\ub85c \uba39\ub294 \uc804\uae30\ub7c9\ubcf4\ub2e4\n\ubab8\uc5d0\uc11c \uc0c8\ub294 \uc804\uae30\ub7c9\uc774\n\uc555\ub3c4\uc801\uc73c\ub85c \ub9ce\ub2e4.",
      "language": {
        "name": "ko",
        "url": "https://pokeapi.co/api/v2/language/3/"
      },
      "version": {
        "name": "moon",
        "url": "https://pokeapi.co/api/v2/version/28/"
      }
    },
    {
      "flavor_text": "\u6bd4\u8d77\u900f\u904e\u9032\u98df\u7372\u5f97\u7684\u96fb\u91cf\uff0c\n\u5f9e\u8eab\u9ad4\u6d29\u9732\u7684\u96fb\u91cf\u58d3\u5012\u6027\u5730\u591a\u3002",
      "language": {
        "name": "zh-Hant",
        "url": "https://pokeapi.co/api/v2/language/4/"
      },
      "version": {
        "name": "moon",
        "url": "https://pokeapi.co/api/v2/version/28/"
      }
    },
    {
      "flavor_text": "L\u2019\u00e9lectricit\u00e9 qui se d\u00e9gage de son corps est\nlargement sup\u00e9rieure \u00e0 celle qu\u2019il ing\u00e8re pour\nse nourrir.",
      "language": {
        "name": "fr",
        "url": "https://pokeapi.co/api/v2/language/5/"
      },
      "version": {
        "name": "moon",
        "url": "https://pokeapi.co/api/v2/version/28/"
      }
    },
    {
      "flavor_text": "Die Menge an Elektrizit\u00e4t, die aus seinem K\u00f6rper\naustritt, ist sehr viel gr\u00f6\u00dfer als jene, die es \u00fcber\nseine Nahrung zu sich nimmt.",
      "language": {
        "name": "de",
        "url": "https://pokeapi.co/api/v2/language/6/"
      },
      "version": {
        "name": "moon",
        "url": "https://pokeapi.co/api/v2/version/28/"
      }
    },
    {
      "flavor_text": "La cantidad de electricidad que descarga su\ncuerpo supera con creces la cantidad que\nconsume para alimentarse.",
      "language": {
        "name": "es",
        "url": "https://pokeapi.co/api/v2/language/7/"
      },
      "version": {
        "name": "moon",
        "url": "https://pokeapi.co/api/v2/version/28/"
      }
    },
    {
      "flavor_text": "La quantit\u00e0 di elettricit\u00e0 che libera dal suo\ncorpo \u00e8 nettamente superiore a quella che\nassorbe come nutrimento.",
      "language": {
        "name": "it",
        "url": "https://pokeapi.co/api/v2/language/8/"
      },
      "version": {
        "name": "moon",
        "url": "https://pokeapi.co/api/v2/version/28/"
      }
    },
    {
      "flavor_text": "Electricity leaks from it in amounts far greater\nthan the amount of electricity it eats.",
      "language": {
        "name": "en",
        "url": "https://pokeapi.co/api/v2/language/9/"
      },
      "version": {
        "name": "moon",
        "url": "https://pokeapi.co/api/v2/version/28/"
      }
    },
    {
      "flavor_text": "\u990c\u3067\u3000\u55b0\u3046\u3000\u96fb\u6c17\u91cf\u3000\u3088\u308a\u3082\n\u8eab\u4f53\u304b\u3089\u3000\u6f0f\u308c\u308b\u3000\u96fb\u6c17\u91cf\u306e\n\u307b\u3046\u304c\u3000\u5727\u5012\u7684\u306b\u3000\u591a\u3044\u3002",
      "language": {
        "name": "ja",
        "url": "https://pokeapi.co/api/v2/language/11/"
      },
      "version": {
        "name": "moon",
        "url": "https://pokeapi.co/api/v2/version/28/"
      }
    },
    {
      "flavor_text": "\u6bd4\u8d77\u5403\u98df\u7269\u83b7\u5f97\u7684\u7535\u91cf\uff0c\n\u4ece\u8eab\u4f53\u6cc4\u9732\u7684\u7535\u91cf\u8981\u591a\u5f97\u591a\u3002",
      "language": {
        "name": "zh-Hans",
        "url": "https://pokeapi.co/api/v2/language/12/"
      },
      "version": {
        "name": "moon",
        "url": "https://pokeapi.co/api/v2/version/28/"
      }
    },
    {
      "flavor_text": "\u305c\u3093\u3057\u3093\u304c\u3000\u3067\u3093\u304d\u3092\u3000\u304a\u3073\u3066\u3044\u308b\u3002\n\u3046\u3067\u3092\u3000\u3050\u308b\u3050\u308b\u3000\u307e\u308f\u3057\u3000\u3067\u3093\u304d\u3092\n\u30c1\u30e3\u30fc\u30b8\u3057\u3066\u304b\u3089\u3000\u30d1\u30f3\u30c1\u3092\u3000\u306f\u306a\u3064\u3002",
      "language": {
        "name": "ja-Hrkt",
        "url": "https://pokeapi.co/api/v2/language/1/"
      },
      "version": {
        "name": "ultra-sun",
        "url": "https://pokeapi.co/api/v2/version/29/"
      }
    },
    {
      "flavor_text": "\uc628\ubab8\uc774 \uc804\uae30\ub85c \ub458\ub7ec\uc2f8\uc5ec \uc788\ub2e4.\n\ud314\uc744 \ube59\ube59 \ub3cc\ub824 \uc804\uae30\ub97c\n\ucda9\uc804 \ud6c4 \ud380\uce58\ub97c \ub0a0\ub9b0\ub2e4.",
      "language": {
        "name": "ko",
        "url": "https://pokeapi.co/api/v2/language/3/"
      },
      "version": {
        "name": "ultra-sun",
        "url": "https://pokeapi.co/api/v2/version/29/"
      }
    },
    {
      "flavor_text": "\u5168\u8eab\u5e36\u8457\u96fb\u6d41\uff0c\n\u6703\u4e0d\u65b7\u8f49\u52d5\u624b\u81c2\u4f86\u5145\u96fb\n\u7136\u5f8c\u4f7f\u51fa\u62f3\u64ca\u3002",
      "language": {
        "name": "zh-Hant",
        "url": "https://pokeapi.co/api/v2/language/4/"
      },
      "version": {
        "name": "ultra-sun",
        "url": "https://pokeapi.co/api/v2/version/29/"
      }
    },
    {
      "flavor_text": "Son corps regorge d\u2019\u00e9lectricit\u00e9. Il la concentre\ndans ses bras en faisant des moulinets, avant\nde d\u00e9cocher un coup d\u2019une violence fulgurante.",
      "language": {
        "name": "fr",
        "url": "https://pokeapi.co/api/v2/language/5/"
      },
      "version": {
        "name": "ultra-sun",
        "url": "https://pokeapi.co/api/v2/version/29/"
      }
    },
    {
      "flavor_text": "Sein ganzer K\u00f6rper speichert Elektrizit\u00e4t.\nVor einem Schlag l\u00e4dt es seine Arme mit\nkreisf\u00f6rmigen Bewegungen elektrisch auf.",
      "language": {
        "name": "de",
        "url": "https://pokeapi.co/api/v2/language/6/"
      },
      "version": {
        "name": "ultra-sun",
        "url": "https://pokeapi.co/api/v2/version/29/"
      }
    },
    {
      "flavor_text": "Su cuerpo entero emite energ\u00eda el\u00e9ctrica. Hace\ngirar los brazos cuales aspas de molino para\ncargar sus pu\u00f1etazos con electricidad.",
      "language": {
        "name": "es",
        "url": "https://pokeapi.co/api/v2/language/7/"
      },
      "version": {
        "name": "ultra-sun",
        "url": "https://pokeapi.co/api/v2/version/29/"
      }
    },
    {
      "flavor_text": "Tutto il suo corpo \u00e8 pervaso di elettricit\u00e0.\nFa roteare vorticosamente le braccia prima di\nsferrare un pugno per caricarlo il pi\u00f9 possibile.",
      "language": {
        "name": "it",
        "url": "https://pokeapi.co/api/v2/language/8/"
      },
      "version": {
        "name": "ultra-sun",
        "url": "https://pokeapi.co/api/v2/version/29/"
      }
    },
    {
      "flavor_text": "Electricity permeates its body. It swings\nits arms round and round to charge up\nelectricity before unleashing a punch.",
      "language": {
        "name": "en",
        "url": "https://pokeapi.co/api/v2/language/9/"
      },
      "version": {
        "name": "ultra-sun",
        "url": "https://pokeapi.co/api/v2/version/29/"
      }
    },
    {
      "flavor_text": "\u5168\u8eab\u304c\u3000\u96fb\u6c17\u3092\u3000\u5e2f\u3073\u3066\u3044\u308b\u3002\n\u8155\u3092\u3000\u3050\u308b\u3050\u308b\u3000\u307e\u308f\u3057\u3000\u96fb\u6c17\u3092\n\u30c1\u30e3\u30fc\u30b8\u3057\u3066\u304b\u3089\u3000\u30d1\u30f3\u30c1\u3092\u3000\u653e\u3064\u3002",
      "language": {
        "name": "ja",
        "url": "https://pokeapi.co/api/v2/language/11/"
      },
      "version": {
        "name": "ultra-sun",
        "url": "https://pokeapi.co/api/v2/version/29/"
      }
    },
    {
      "flavor_text": "\u5168\u8eab\u90fd\u5e26\u7740\u7535\u3002\n\u4f1a\u4e00\u5708\u5708\u62a1\u52a8\u624b\u81c2\n\u8fdb\u884c\u5145\u7535\u540e\u518d\u51fa\u62f3\u3002",
      "language": {
        "name": "zh-Hans",
        "url": "https://pokeapi.co/api/v2/language/12/"
      },
      "version": {
        "name": "ultra-sun",
        "url": "https://pokeapi.co/api/v2/version/29/"
      }
    },
    {
      "flavor_text": "\u3066\u3044\u3067\u3093\u304c\u3000\u304a\u3053\u308b\u3000\u3052\u3093\u3044\u3093\u306b\n\u3055\u308c\u308b\u3053\u3068\u304c\u3000\u304a\u304a\u3044\u304c\u3000\u3058\u3064\u306f\n\u304b\u3044\u3057\u3083\u306e\u3000\u30df\u30b9\u306e\u3000\u307b\u3046\u304c\u3000\u304a\u304a\u3044\u3002",
      "language": {
        "name": "ja-Hrkt",
        "url": "https://pokeapi.co/api/v2/language/1/"
      },
      "version": {
        "name": "ultra-moon",
        "url": "https://pokeapi.co/api/v2/version/30/"
      }
    },
    {
      "flavor_text": "\uc815\uc804\uc774 \uc77c\uc5b4\ub098\ub294 \uc6d0\uc778\uc73c\ub85c\n\uc9c0\ubaa9\ub418\ub294 \uacbd\uc6b0\uac00 \ub9ce\uc9c0\ub9cc \uc0ac\uc2e4\uc740\n\ud68c\uc0ac\uc758 \uc2e4\uc218\uc778 \uacbd\uc6b0\uac00 \ub354 \ub9ce\ub2e4.",
      "language": {
        "name": "ko",
        "url": "https://pokeapi.co/api/v2/language/3/"
      },
      "version": {
        "name": "ultra-moon",
        "url": "https://pokeapi.co/api/v2/version/30/"
      }
    },
    {
      "flavor_text": "\u4eba\u5011\u7d93\u5e38\u628a\u505c\u96fb\u7684\u539f\u56e0\n\u6b78\u548e\u5230\u7260\u5011\u8eab\u4e0a\uff0c\u4f46\u5176\u5be6\n\u5927\u591a\u662f\u96fb\u529b\u516c\u53f8\u7684\u904e\u5931\u3002",
      "language": {
        "name": "zh-Hant",
        "url": "https://pokeapi.co/api/v2/language/4/"
      },
      "version": {
        "name": "ultra-moon",
        "url": "https://pokeapi.co/api/v2/version/30/"
      }
    },
    {
      "flavor_text": "On l\u2019accuse d\u2019\u00eatre \u00e0 l\u2019origine des coupures\nde courant, mais c\u2019est souvent une excuse pour\ncouvrir les b\u00e9vues du personnel des centrales.",
      "language": {
        "name": "fr",
        "url": "https://pokeapi.co/api/v2/language/5/"
      },
      "version": {
        "name": "ultra-moon",
        "url": "https://pokeapi.co/api/v2/version/30/"
      }
    },
    {
      "flavor_text": "Es wird oft f\u00fcr Stromausf\u00e4lle verantwortlich\ngemacht, doch viel h\u00e4ufiger handelt es sich\num eine Folge menschlichen Fehlverhaltens.",
      "language": {
        "name": "de",
        "url": "https://pokeapi.co/api/v2/language/6/"
      },
      "version": {
        "name": "ultra-moon",
        "url": "https://pokeapi.co/api/v2/version/30/"
      }
    },
    {
      "flavor_text": "Cuando se produce un apag\u00f3n, a menudo se\nculpa a este Pok\u00e9mon, aunque en realidad el\nfallo haya sido de la compa\u00f1\u00eda el\u00e9ctrica.",
      "language": {
        "name": "es",
        "url": "https://pokeapi.co/api/v2/language/7/"
      },
      "version": {
        "name": "ultra-moon",
        "url": "https://pokeapi.co/api/v2/version/30/"
      }
    },
    {
      "flavor_text": "Spesso gli si d\u00e0 la colpa dei blackout, ma in\nrealt\u00e0 in genere le vere responsabili sono le\ncompagnie elettriche.",
      "language": {
        "name": "it",
        "url": "https://pokeapi.co/api/v2/language/8/"
      },
      "version": {
        "name": "ultra-moon",
        "url": "https://pokeapi.co/api/v2/version/30/"
      }
    },
    {
      "flavor_text": "While it\u2019s often blamed for power outages, the\ntruth is the cause of outages is more often\nan error on the part of the electric company.",
      "language": {
        "name": "en",
        "url": "https://pokeapi.co/api/v2/language/9/"
      },
      "version": {
        "name": "ultra-moon",
        "url": "https://pokeapi.co/api/v2/version/30/"
      }
    },
    {
      "flavor_text": "\u505c\u96fb\u304c\u3000\u8d77\u3053\u308b\u3000\u539f\u56e0\u306b\n\u3055\u308c\u308b\u3053\u3068\u304c\u3000\u591a\u3044\u304c\u3000\u5b9f\u306f\n\u4f1a\u793e\u306e\u3000\u30df\u30b9\u306e\u3000\u307b\u3046\u304c\u591a\u3044\u3002",
      "language": {
        "name": "ja",
        "url": "https://pokeapi.co/api/v2/language/11/"
      },
      "version": {
        "name": "ultra-moon",
        "url": "https://pokeapi.co/api/v2/version/30/"
      }
    },
    {
      "flavor_text": "\u867d\u7136\u5f15\u8d77\u505c\u7535\u7684\u539f\u56e0\u591a\u88ab\n\u5f52\u548e\u4e8e\u5b83\u4eec\u8eab\u4e0a\uff0c\n\u4f46\u5176\u5b9e\u5f88\u591a\u662f\u7535\u529b\u516c\u53f8\u7684\u8fc7\u5931\u3002",
      "language": {
        "name": "zh-Hans",
        "url": "https://pokeapi.co/api/v2/language/12/"
      },
      "version": {
        "name": "ultra-moon",
        "url": "https://pokeapi.co/api/v2/version/30/"
      }
    },
    {
      "flavor_text": "\u304a\u304a\u304d\u306a\u3000\u3066\u3044\u3067\u3093\u304c\u3000\u304a\u304d\u305f\u3068\u304d\u306f\n\u30a8\u30ec\u30d6\u30fc\u304c\u3000\u306f\u3064\u3067\u3093\u3057\u3087\u306e\n\u3067\u3093\u304d\u3092\u3000\u305f\u3079\u305f\u306b\u3000\u3061\u304c\u3044\u306a\u3044\u3002",
      "language": {
        "name": "ja-Hrkt",
        "url": "https://pokeapi.co/api/v2/language/1/"
      },
      "version": {
        "name": "lets-go-pikachu",
        "url": "https://pokeapi.co/api/v2/version/31/"
      }
    },
    {
      "flavor_text": "\ub300\uaddc\ubaa8 \uc815\uc804\uc774 \uc77c\uc5b4\ub0ac\uc744 \ub550\n\uc5d0\ub808\ube0c\uac00 \ubc1c\uc804\uc18c\uc758 \uc804\uae30\ub97c\n\uba39\uc740 \uac83\uc784\uc774 \ud2c0\ub9bc\uc5c6\ub2e4.",
      "language": {
        "name": "ko",
        "url": "https://pokeapi.co/api/v2/language/3/"
      },
      "version": {
        "name": "lets-go-pikachu",
        "url": "https://pokeapi.co/api/v2/version/31/"
      }
    },
    {
      "flavor_text": "\u8981\u662f\u767c\u751f\u4e86\u5927\u898f\u6a21\u505c\u96fb\uff0c\n\u90a3\u80af\u5b9a\u662f\u56e0\u70ba\u96fb\u64ca\u7378\n\u5403\u6389\u4e86\u767c\u96fb\u5ee0\u7684\u96fb\u529b\u3002",
      "language": {
        "name": "zh-Hant",
        "url": "https://pokeapi.co/api/v2/language/4/"
      },
      "version": {
        "name": "lets-go-pikachu",
        "url": "https://pokeapi.co/api/v2/version/31/"
      }
    },
    {
      "flavor_text": "Il provoque de grosses pannes de courant en\nse nourrissant de l\u2019\u00e9lectricit\u00e9 des centrales.",
      "language": {
        "name": "fr",
        "url": "https://pokeapi.co/api/v2/language/5/"
      },
      "version": {
        "name": "lets-go-pikachu",
        "url": "https://pokeapi.co/api/v2/version/31/"
      }
    },
    {
      "flavor_text": "Gr\u00f6\u00dfere Stromausf\u00e4lle sind fast immer darauf\nzur\u00fcckzuf\u00fchren, dass ein Elektek den Strom\neines Kraftwerks einfach gefressen hat.",
      "language": {
        "name": "de",
        "url": "https://pokeapi.co/api/v2/language/6/"
      },
      "version": {
        "name": "lets-go-pikachu",
        "url": "https://pokeapi.co/api/v2/version/31/"
      }
    },
    {
      "flavor_text": "Cuando hay un apag\u00f3n, es se\u00f1al inequ\u00edvoca de\nque este Pok\u00e9mon se ha comido la energ\u00eda de\nuna central el\u00e9ctrica.",
      "language": {
        "name": "es",
        "url": "https://pokeapi.co/api/v2/language/7/"
      },
      "version": {
        "name": "lets-go-pikachu",
        "url": "https://pokeapi.co/api/v2/version/31/"
      }
    },
    {
      "flavor_text": "Quando si verifica un grosso blackout,\nsignifica che questo Pok\u00e9mon si \u00e8 intrufolato\nin una centrale per cibarsi di elettricit\u00e0.",
      "language": {
        "name": "it",
        "url": "https://pokeapi.co/api/v2/language/8/"
      },
      "version": {
        "name": "lets-go-pikachu",
        "url": "https://pokeapi.co/api/v2/version/31/"
      }
    },
    {
      "flavor_text": "If a major power outage occurs, it is certain\nthat this Pok\u00e9mon has eaten electricity\nat a power plant.",
      "language": {
        "name": "en",
        "url": "https://pokeapi.co/api/v2/language/9/"
      },
      "version": {
        "name": "lets-go-pikachu",
        "url": "https://pokeapi.co/api/v2/version/31/"
      }
    },
    {
      "flavor_text": "\u5927\u304d\u306a\u3000\u505c\u96fb\u304c\u3000\u8d77\u304d\u305f\u3068\u304d\u306f\n\u30a8\u30ec\u30d6\u30fc\u304c\u3000\u767a\u96fb\u6240\u306e\n\u96fb\u6c17\u3092\u3000\u98df\u3079\u305f\u306b\u3000\u9055\u3044\u306a\u3044\u3002",
      "language": {
        "name": "ja",
        "url": "https://pokeapi.co/api/v2/language/11/"
      },
      "version": {
        "name": "lets-go-pikachu",
        "url": "https://pokeapi.co/api/v2/version/31/"
      }
    },
    {
      "flavor_text": "\u8981\u662f\u53d1\u751f\u4e86\u5927\u7247\u7684\u505c\u7535\uff0c\n\u90a3\u4e00\u5b9a\u662f\u7535\u51fb\u517d\u5077\u5077\n\u5403\u6389\u4e86\u53d1\u7535\u7ad9\u7684\u7535\u80fd\u3002",
      "language": {
        "name": "zh-Hans",
        "url": "https://pokeapi.co/api/v2/language/12/"
      },
      "version": {
        "name": "lets-go-pikachu",
        "url": "https://pokeapi.co/api/v2/version/31/"
      }
    },
    {
      "flavor_text": "\u304a\u304a\u304d\u306a\u3000\u3066\u3044\u3067\u3093\u304c\u3000\u304a\u304d\u305f\u3068\u304d\u306f\n\u30a8\u30ec\u30d6\u30fc\u304c\u3000\u306f\u3064\u3067\u3093\u3057\u3087\u306e\n\u3067\u3093\u304d\u3092\u3000\u305f\u3079\u305f\u306b\u3000\u3061\u304c\u3044\u306a\u3044\u3002",
      "language": {
        "name": "ja-Hrkt",
        "url": "https://pokeapi.co/api/v2/language/1/"
      },
      "version": {
        "name": "lets-go-eevee",
        "url": "https://pokeapi.co/api/v2/version/32/"
      }
    },
    {
      "flavor_text": "\ub300\uaddc\ubaa8 \uc815\uc804\uc774 \uc77c\uc5b4\ub0ac\uc744 \ub550\n\uc5d0\ub808\ube0c\uac00 \ubc1c\uc804\uc18c\uc758 \uc804\uae30\ub97c\n\uba39\uc740 \uac83\uc784\uc774 \ud2c0\ub9bc\uc5c6\ub2e4.",
      "language": {
        "name": "ko",
        "url": "https://pokeapi.co/api/v2/language/3/"
      },
      "version": {
        "name": "lets-go-eevee",
        "url": "https://pokeapi.co/api/v2/version/32/"
      }
    },
    {
      "flavor_text": "\u8981\u662f\u767c\u751f\u4e86\u5927\u898f\u6a21\u505c\u96fb\uff0c\n\u90a3\u80af\u5b9a\u662f\u56e0\u70ba\u96fb\u64ca\u7378\n\u5403\u6389\u4e86\u767c\u96fb\u5ee0\u7684\u96fb\u529b\u3002",
      "language": {
        "name": "zh-Hant",
        "url": "https://pokeapi.co/api/v2/language/4/"
      },
      "version": {
        "name": "lets-go-eevee",
        "url": "https://pokeapi.co/api/v2/version/32/"
      }
    },
    {
      "flavor_text": "Il provoque de grosses pannes de courant en\nse nourrissant de l\u2019\u00e9lectricit\u00e9 des centrales.",
      "language": {
        "name": "fr",
        "url": "https://pokeapi.co/api/v2/language/5/"
      },
      "version": {
        "name": "lets-go-eevee",
        "url": "https://pokeapi.co/api/v2/version/32/"
      }
    },
    {
      "flavor_text": "Gr\u00f6\u00dfere Stromausf\u00e4lle sind fast immer darauf\nzur\u00fcckzuf\u00fchren, dass ein Elektek den Strom\neines Kraftwerks einfach gefressen hat.",
      "language": {
        "name": "de",
        "url": "https://pokeapi.co/api/v2/language/6/"
      },
      "version": {
        "name": "lets-go-eevee",
        "url": "https://pokeapi.co/api/v2/version/32/"
      }
    },
    {
      "flavor_text": "Cuando hay un apag\u00f3n, es se\u00f1al inequ\u00edvoca de\nque este Pok\u00e9mon se ha comido la energ\u00eda de\nuna central el\u00e9ctrica.",
      "language": {
        "name": "es",
        "url": "https://pokeapi.co/api/v2/language/7/"
      },
      "version": {
        "name": "lets-go-eevee",
        "url": "https://pokeapi.co/api/v2/version/32/"
      }
    },
    {
      "flavor_text": "Quando si verifica un grosso blackout,\nsignifica che questo Pok\u00e9mon si \u00e8 intrufolato\nin una centrale per cibarsi di elettricit\u00e0.",
      "language": {
        "name": "it",
        "url": "https://pokeapi.co/api/v2/language/8/"
      },
      "version": {
        "name": "lets-go-eevee",
        "url": "https://pokeapi.co/api/v2/version/32/"
      }
    },
    {
      "flavor_text": "If a major power outage occurs, it is certain\nthat this Pok\u00e9mon has eaten electricity\nat a power plant.",
      "language": {
        "name": "en",
        "url": "https://pokeapi.co/api/v2/language/9/"
      },
      "version": {
        "name": "lets-go-eevee",
        "url": "https://pokeapi.co/api/v2/version/32/"
      }
    },
    {
      "flavor_text": "\u5927\u304d\u306a\u3000\u505c\u96fb\u304c\u3000\u8d77\u304d\u305f\u3068\u304d\u306f\n\u30a8\u30ec\u30d6\u30fc\u304c\u3000\u767a\u96fb\u6240\u306e\n\u96fb\u6c17\u3092\u3000\u98df\u3079\u305f\u306b\u3000\u9055\u3044\u306a\u3044\u3002",
      "language": {
        "name": "ja",
        "url": "https://pokeapi.co/api/v2/language/11/"
      },
      "version": {
        "name": "lets-go-eevee",
        "url": "https://pokeapi.co/api/v2/version/32/"
      }
    },
    {
      "flavor_text": "\u8981\u662f\u53d1\u751f\u4e86\u5927\u7247\u7684\u505c\u7535\uff0c\n\u90a3\u4e00\u5b9a\u662f\u7535\u51fb\u517d\u5077\u5077\n\u5403\u6389\u4e86\u53d1\u7535\u7ad9\u7684\u7535\u80fd\u3002",
      "language": {
        "name": "zh-Hans",
        "url": "https://pokeapi.co/api/v2/language/12/"
      },
      "version": {
        "name": "lets-go-eevee",
        "url": "https://pokeapi.co/api/v2/version/32/"
      }
    },
    {
      "flavor_text": "\u3067\u3093\u304d\u3092\u3000\u306d\u3089\u3046\u3000\u30a8\u30ec\u30d6\u30fc\u306e\n\u305f\u3044\u3055\u304f\u306b\u3000\u3058\u3081\u3093\u30dd\u30b1\u30e2\u30f3\u3092\n\u304a\u304f\u3000\u306f\u3064\u3067\u3093\u3057\u3087\u306f\u3000\u304a\u304a\u3044\u3002",
      "language": {
        "name": "ja-Hrkt",
        "url": "https://pokeapi.co/api/v2/language/1/"
      },
      "version": {
        "name": "sword",
        "url": "https://pokeapi.co/api/v2/version/33/"
      }
    },
    {
      "flavor_text": "\uc804\uae30\ub97c \ub178\ub9ac\ub294 \uc5d0\ub808\ube0c\ub97c\n\ud1f4\uce58\ud558\uace0\uc790 \ub545\ud3ec\ucf13\ubaac\uc744 \ub450\ub294\n\ubc1c\uc804\uc18c\ub3c4 \ub9ce\ub2e4.",
      "language": {
        "name": "ko",
        "url": "https://pokeapi.co/api/v2/language/3/"
      },
      "version": {
        "name": "sword",
        "url": "https://pokeapi.co/api/v2/version/33/"
      }
    },
    {
      "flavor_text": "\u5f88\u591a\u767c\u96fb\u5ee0\u6703\u7528\u5730\u9762\u5c6c\u6027\u7684\n\u5bf6\u53ef\u5922\u7576\u5b88\u885b\uff0c\u85c9\u4ee5\u5c0d\u6297\n\u60f3\u4f3a\u6a5f\u5077\u5403\u96fb\u529b\u7684\u96fb\u64ca\u7378\u3002",
      "language": {
        "name": "zh-Hant",
        "url": "https://pokeapi.co/api/v2/language/4/"
      },
      "version": {
        "name": "sword",
        "url": "https://pokeapi.co/api/v2/version/33/"
      }
    },
    {
      "flavor_text": "De nombreuses centrales \u00e9lectriques gardent\ndes Pok\u00e9mon Sol \u00e0 proximit\u00e9 afin d\u2019emp\u00eacher\nles \u00c9lektek de leur voler de l\u2019\u00e9lectricit\u00e9.",
      "language": {
        "name": "fr",
        "url": "https://pokeapi.co/api/v2/language/5/"
      },
      "version": {
        "name": "sword",
        "url": "https://pokeapi.co/api/v2/version/33/"
      }
    },
    {
      "flavor_text": "In vielen Elektrizit\u00e4tswerken werden Pok\u00e9mon\nvom Typ Boden eingesetzt, um Elektek davon\nabzuhalten, den dortigen Strom anzuzapfen.",
      "language": {
        "name": "de",
        "url": "https://pokeapi.co/api/v2/language/6/"
      },
      "version": {
        "name": "sword",
        "url": "https://pokeapi.co/api/v2/version/33/"
      }
    },
    {
      "flavor_text": "Es habitual que las centrales el\u00e9ctricas cuenten\ncon Pok\u00e9mon de tipo Tierra para hacer frente a\nlos Electabuzz \u00e1vidos de electricidad.",
      "language": {
        "name": "es",
        "url": "https://pokeapi.co/api/v2/language/7/"
      },
      "version": {
        "name": "sword",
        "url": "https://pokeapi.co/api/v2/version/33/"
      }
    },
    {
      "flavor_text": "Molte centrali elettriche utilizzano Pok\u00e9mon\ndi tipo Terra per difendersi dagli Electabuzz\na caccia di elettricit\u00e0.",
      "language": {
        "name": "it",
        "url": "https://pokeapi.co/api/v2/language/8/"
      },
      "version": {
        "name": "sword",
        "url": "https://pokeapi.co/api/v2/version/33/"
      }
    },
    {
      "flavor_text": "Many power plants keep Ground-type Pok\u00e9mon\naround as a defense against Electabuzz that\ncome seeking electricity.",
      "language": {
        "name": "en",
        "url": "https://pokeapi.co/api/v2/language/9/"
      },
      "version": {
        "name": "sword",
        "url": "https://pokeapi.co/api/v2/version/33/"
      }
    },
    {
      "flavor_text": "\u96fb\u6c17\u3092\u3000\u72d9\u3046\u3000\u30a8\u30ec\u30d6\u30fc\u306e\u3000\u5bfe\u7b56\u306b\n\u3058\u3081\u3093\u30dd\u30b1\u30e2\u30f3\u3092\u3000\u7f6e\u304f\n\u767a\u96fb\u6240\u306f\u3000\u591a\u3044\u3002",
      "language": {
        "name": "ja",
        "url": "https://pokeapi.co/api/v2/language/11/"
      },
      "version": {
        "name": "sword",
        "url": "https://pokeapi.co/api/v2/version/33/"
      }
    },
    {
      "flavor_text": "\u5f88\u591a\u53d1\u7535\u7ad9\u4e3a\u4e86\u9632\u6b62\n\u7535\u51fb\u517d\u6765\u5077\u7535\uff0c\u4f1a\u653e\u4e00\u4e9b\n\u5730\u9762\u5c5e\u6027\u7684\u5b9d\u53ef\u68a6\u5bf9\u4ed8\u5b83\u4eec\u3002",
      "language": {
        "name": "zh-Hans",
        "url": "https://pokeapi.co/api/v2/language/12/"
      },
      "version": {
        "name": "sword",
        "url": "https://pokeapi.co/api/v2/version/33/"
      }
    },
    {
      "flavor_text": "\u3042\u3089\u3057\u304c\u3000\u304f\u308b\u3068\u3000\u305f\u304b\u3044\u3000\u304d\u306e\n\u307e\u308f\u308a\u306b\u3000\u3042\u3064\u307e\u308a\u3000\u304b\u307f\u306a\u308a\u304c\n\u304a\u3061\u308b\u306e\u3092\u3000\u3058\u3063\u3068\u3000\u307e\u3061\u3064\u3065\u3051\u308b\u3002",
      "language": {
        "name": "ja-Hrkt",
        "url": "https://pokeapi.co/api/v2/language/1/"
      },
      "version": {
        "name": "shield",
        "url": "https://pokeapi.co/api/v2/version/34/"
      }
    },
    {
      "flavor_text": "\ud3ed\ud48d\uc774 \uce58\uba74 \ub192\uc740 \ub098\ubb34\n\uc8fc\uc704\uc5d0 \ubaa8\uc5ec \ubc88\uac1c\uac00\n\ub5a8\uc5b4\uc9c0\uae30\ub97c \uac00\ub9cc\ud788 \uae30\ub2e4\ub9b0\ub2e4.",
      "language": {
        "name": "ko",
        "url": "https://pokeapi.co/api/v2/language/3/"
      },
      "version": {
        "name": "shield",
        "url": "https://pokeapi.co/api/v2/version/34/"
      }
    },
    {
      "flavor_text": "\u66b4\u98a8\u96e8\u4f86\u81e8\u6642\uff0c\u7260\u5011\u6703\n\u805a\u96c6\u5728\u9ad8\u5927\u7684\u6a39\u5468\u570d\uff0c\n\u975c\u975c\u5730\u4e00\u76f4\u7b49\u5f85\u843d\u96f7\u3002",
      "language": {
        "name": "zh-Hant",
        "url": "https://pokeapi.co/api/v2/language/4/"
      },
      "version": {
        "name": "shield",
        "url": "https://pokeapi.co/api/v2/version/34/"
      }
    },
    {
      "flavor_text": "Quand un orage approche, ils se r\u00e9unissent\ntous autour d\u2019un grand arbre et attendent\npatiemment que la foudre s\u2019abatte.",
      "language": {
        "name": "fr",
        "url": "https://pokeapi.co/api/v2/language/5/"
      },
      "version": {
        "name": "shield",
        "url": "https://pokeapi.co/api/v2/version/34/"
      }
    },
    {
      "flavor_text": "Bei Gewittern versammeln sich Elektek in der\nN\u00e4he von hohen B\u00e4umen, wo sie regungslos auf\nBlitzeinschl\u00e4ge warten.",
      "language": {
        "name": "de",
        "url": "https://pokeapi.co/api/v2/language/6/"
      },
      "version": {
        "name": "shield",
        "url": "https://pokeapi.co/api/v2/version/34/"
      }
    },
    {
      "flavor_text": "Al desatarse una tormenta, se re\u00fanen en torno\na los \u00e1rboles de mayor altura y esperan inm\u00f3viles\na que caiga alg\u00fan rayo.",
      "language": {
        "name": "es",
        "url": "https://pokeapi.co/api/v2/language/7/"
      },
      "version": {
        "name": "shield",
        "url": "https://pokeapi.co/api/v2/version/34/"
      }
    },
    {
      "flavor_text": "All\u2019arrivo di un temporale questi Pok\u00e9mon si\nraggruppano intorno agli alberi alti, aspettando\nimmobili che cada un fulmine.",
      "language": {
        "name": "it",
        "url": "https://pokeapi.co/api/v2/language/8/"
      },
      "version": {
        "name": "shield",
        "url": "https://pokeapi.co/api/v2/version/34/"
      }
    },
    {
      "flavor_text": "With the coming of a storm, many of these\nPok\u00e9mon will gather under tall trees and sit there\nwaiting for lightning to strike.",
      "language": {
        "name": "en",
        "url": "https://pokeapi.co/api/v2/language/9/"
      },
      "version": {
        "name": "shield",
        "url": "https://pokeapi.co/api/v2/version/34/"
      }
    },
    {
      "flavor_text": "\u5d50\u304c\u3000\u6765\u308b\u3068\u3000\u9ad8\u3044\u3000\u6728\u306e\n\u307e\u308f\u308a\u306b\u3000\u96c6\u307e\u308a\u3000\u96f7\u304c\u3000\u843d\u3061\u308b\u306e\u3092\n\u3058\u3063\u3068\u3000\u5f85\u3061\u7d9a\u3051\u308b\u3002",
      "language": {
        "name": "ja",
        "url": "https://pokeapi.co/api/v2/language/11/"
      },
      "version": {
        "name": "shield",
        "url": "https://pokeapi.co/api/v2/version/34/"
      }
    },
    {
      "flavor_text": "\u66b4\u98ce\u96e8\u6765\u4e34\u65f6\uff0c\u5b83\u4eec\u5c31\u4f1a\n\u96c6\u7ed3\u5728\u9ad8\u9ad8\u7684\u5927\u6811\u5468\u56f4\uff0c\n\u8010\u5fc3\u5730\u7b49\u5f85\u843d\u96f7\u3002",
      "language": {
        "name": "zh-Hans",
        "url": "https://pokeapi.co/api/v2/language/12/"
      },
      "version": {
        "name": "shield",
        "url": "https://pokeapi.co/api/v2/version/34/"
      }
    },
    {
      "flavor_text": "Feeds on electrical energy. During sudden showers beneath\nlooming thunderclouds, one can observe Electabuzz scaling tall\ntrees, where the Pok\u00e9mon will then wait for lightning to strike.",
      "language": {
        "name": "en",
        "url": "https://pokeapi.co/api/v2/language/9/"
      },
      "version": {
        "name": "legends-arceus",
        "url": "https://pokeapi.co/api/v2/version/39/"
      }
    }
  ],
  "form_descriptions": [],
  "forms_switchable": false,
  "gender_rate": 2,
  "genera": [
    {
      "genus": "\u3067\u3093\u3052\u304d\u30dd\u30b1\u30e2\u30f3",
      "language": {
        "name": "ja-Hrkt",
        "url": "https://pokeapi.co/api/v2/language/1/"
      }
    },
    {
      "genus": "\uc804\uae30\ud3ec\ucf13\ubaac",
      "language": {
        "name": "ko",
        "url": "https://pokeapi.co/api/v2/language/3/"
      }
    },
    {
      "genus": "\u96fb\u64ca\u5bf6\u53ef\u5922",
      "language": {
        "name": "zh-Hant",
        "url": "https://pokeapi.co/api/v2/language/4/"
      }
    },
    {
      "genus": "Pok\u00e9mon \u00c9lectrique",
      "language": {
        "name": "fr",
        "url": "https://pokeapi.co/api/v2/language/5/"
      }
    },
    {
      "genus": "Elektro-Pok\u00e9mon",
      "language": {
        "name": "de",
        "url": "https://pokeapi.co/api/v2/language/6/"
      }
    },
    {
      "genus": "Pok\u00e9mon El\u00e9ctrico",
      "language": {
        "name": "es",
        "url": "https://pokeapi.co/api/v2/language/7/"
      }
    },
    {
      "genus": "Pok\u00e9mon Elettrico",
      "language": {
        "name": "it",
        "url": "https://pokeapi.co/api/v2/language/8/"
      }
    },
    {
      "genus": "Electric Pok\u00e9mon",
      "language": {
        "name": "en",
        "url": "https://pokeapi.co/api/v2/language/9/"
      }
    },
    {
      "genus": "\u3067\u3093\u3052\u304d\u30dd\u30b1\u30e2\u30f3",
      "language": {
        "name": "ja",
        "url": "https://pokeapi.co/api/v2/language/11/"
      }
    },
    {
      "genus": "\u7535\u51fb\u5b9d\u53ef\u68a6",
      "language": {
        "name": "zh-Hans",
        "url": "https://pokeapi.co/api/v2/language/12/"
      }
    }
  ],
  "generation": {
    "name": "generation-i",
    "url": "https://pokeapi.co/api/v2/generation/1/"
  },
  "growth_rate": {
    "name": "medium",
    "url": "https://pokeapi.co/api/v2/growth-rate/2/"
  },
  "habitat": {
    "name": "grassland",
    "url": "https://pokeapi.co/api/v2/pokemon-habitat/3/"
  },
  "has_gender_differences": false,
  "hatch_counter": 25,
  "id": 125,
  "is_baby": false,
  "is_legendary": false,
  "is_mythical": false,
  "name": "electabuzz",
  "names": [
    {
      "language": {
        "name": "ja-Hrkt",
        "url": "https://pokeapi.co/api/v2/language/1/"
      },
      "name": "\u30a8\u30ec\u30d6\u30fc"
    },
    {
      "language": {
        "name": "roomaji",
        "url": "https://pokeapi.co/api/v2/language/2/"
      },
      "name": "Eleboo"
    },
    {
      "language": {
        "name": "ko",
        "url": "https://pokeapi.co/api/v2/language/3/"
      },
      "name": "\uc5d0\ub808\ube0c"
    },
    {
      "language": {
        "name": "zh-Hant",
        "url": "https://pokeapi.co/api/v2/language/4/"
      },
      "name": "\u96fb\u64ca\u7378"
    },
    {
      "language": {
        "name": "fr",
        "url": "https://pokeapi.co/api/v2/language/5/"
      },
      "name": "\u00c9lektek"
    },
    {
      "language": {
        "name": "de",
        "url": "https://pokeapi.co/api/v2/language/6/"
      },
      "name": "Elektek"
    },
    {
      "language": {
        "name": "es",
        "url": "https://pokeapi.co/api/v2/language/7/"
      },
      "name": "Electabuzz"
    },
    {
      "language": {
        "name": "it",
        "url": "https://pokeapi.co/api/v2/language/8/"
      },
      "name": "Electabuzz"
    },
    {
      "language": {
        "name": "en",
        "url": "https://pokeapi.co/api/v2/language/9/"
      },
      "name": "Electabuzz"
    },
    {
      "language": {
        "name": "ja",
        "url": "https://pokeapi.co/api/v2/language/11/"
      },
      "name": "\u30a8\u30ec\u30d6\u30fc"
    },
    {
      "language": {
        "name": "zh-Hans",
        "url": "https://pokeapi.co/api/v2/language/12/"
      },
      "name": "\u7535\u51fb\u517d"
    }
  ],
  "order": 146,
  "pal_park_encounters": [
    {
      "area": {
        "name": "mountain",
        "url": "https://pokeapi.co/api/v2/pal-park-area/3/"
      },
      "base_score": 70,
      "rate": 20
    }
  ],
  "pokedex_numbers": [
    {
      "entry_number": 125,
      "pokedex": {
        "name": "national",
        "url": "https://pokeapi.co/api/v2/pokedex/1/"
      }
    },
    {
      "entry_number": 125,
      "pokedex": {
        "name": "kanto",
        "url": "https://pokeapi.co/api/v2/pokedex/2/"
      }
    },
    {
      "entry_number": 155,
      "pokedex": {
        "name": "original-johto",
        "url": "https://pokeapi.co/api/v2/pokedex/3/"
      }
    },
    {
      "entry_number": 198,
      "pokedex": {
        "name": "extended-sinnoh",
        "url": "https://pokeapi.co/api/v2/pokedex/6/"
      }
    },
    {
      "entry_number": 157,
      "pokedex": {
        "name": "updated-johto",
        "url": "https://pokeapi.co/api/v2/pokedex/7/"
      }
    },
    {
      "entry_number": 57,
      "pokedex": {
        "name": "updated-unova",
        "url": "https://pokeapi.co/api/v2/pokedex/9/"
      }
    },
    {
      "entry_number": 227,
      "pokedex": {
        "name": "original-alola",
        "url": "https://pokeapi.co/api/v2/pokedex/16/"
      }
    },
    {
      "entry_number": 99,
      "pokedex": {
        "name": "original-ulaula",
        "url": "https://pokeapi.co/api/v2/pokedex/19/"
      }
    },
    {
      "entry_number": 296,
      "pokedex": {
        "name": "updated-alola",
        "url": "https://pokeapi.co/api/v2/pokedex/21/"
      }
    },
    {
      "entry_number": 117,
      "pokedex": {
        "name": "updated-ulaula",
        "url": "https://pokeapi.co/api/v2/pokedex/24/"
      }
    },
    {
      "entry_number": 125,
      "pokedex": {
        "name": "letsgo-kanto",
        "url": "https://pokeapi.co/api/v2/pokedex/26/"
      }
    },
    {
      "entry_number": 16,
      "pokedex": {
        "name": "crown-tundra",
        "url": "https://pokeapi.co/api/v2/pokedex/29/"
      }
    },
    {
      "entry_number": 183,
      "pokedex": {
        "name": "hisui",
        "url": "https://pokeapi.co/api/v2/pokedex/30/"
      }
    },
    {
      "entry_number": 11,
      "pokedex": {
        "name": "blueberry",
        "url": "https://pokeapi.co/api/v2/pokedex/33/"
      }
    }
  ],
  "shape": {
    "name": "upright",
    "url": "https://pokeapi.co/api/v2/pokemon-shape/6/"
  },
  "varieties": [
    {
      "is_default": true,
      "pokemon": {
        "name": "electabuzz",
        "url": "https://pokeapi.co/api/v2/pokemon/125/"
      }
    }
  ]
}