{"flavor_text_entries": [{"flavor_text": "It has the ability to distort\nspace. It is described as a deity\nin Sinnoh-region mythology.", "language": {"name": "en", "url": "https://pokeapi.co/api/v2/language/9/"}, "version": {"name": "diamond", "url": "https://pokeapi.co/api/v2/version/12/"}}, {"flavor_text": "It is said to live in a gap in the\nspatial dimension parallel to ours.\nIt appears in mythology.", "language": {"name": "en", "url": "https://pokeapi.co/api/v2/language/9/"}, "version": {"name": "pearl", "url": "https://pokeapi.co/api/v2/version/13/"}}, {"flavor_text": "A legendary Pok\u00e9mon of Sinnoh.\nIt is said that space becomes more\nstable with PALKIA\u2019s every breath.", "language": {"name": "en", "url": "https://pokeapi.co/api/v2/language/9/"}, "version": {"name": "platinum", "url": "https://pokeapi.co/api/v2/version/14/"}}, {"flavor_text": "Its total control over the boundaries\nof space enable it to transport itself to\nfaraway places or even other dimensions.", "language": {"name": "en", "url": "https://pokeapi.co/api/v2/language/9/"}, "version": {"name": "heartgold", "url": "https://pokeapi.co/api/v2/version/15/"}}, {"flavor_text": "Its total control over the boundaries\nof space enable it to transport itself to\nfaraway places or even other dimensions.", "language": {"name": "en", "url": "https://pokeapi.co/api/v2/language/9/"}, "version": {"name": "soulsilver", "url": "https://pokeapi.co/api/v2/version/16/"}}, {"flavor_text": "A legendary Pok\u00e9mon of Sinnoh.\nIt is said that space becomes more\nstable with Palkia\u2019s every breath.", "language": {"name": "en", "url": "https://pokeapi.co/api/v2/language/9/"}, "version": {"name": "black", "url": "https://pokeapi.co/api/v2/version/17/"}}, {"flavor_text": "A legendary Pok\u00e9mon of Sinnoh.\nIt is said that space becomes more\nstable with Palkia\u2019s every breath.", "language": {"name": "en", "url": "https://pokeapi.co/api/v2/language/9/"}, "version": {"name": "white", "url": "https://pokeapi.co/api/v2/version/18/"}}, {"flavor_text": "A legendary Pok\u00e9mon of Sinnoh.\nIt is said that space becomes more\nstable with Palkia\u2019s every breath.", "language": {"name": "en", "url": "https://pokeapi.co/api/v2/language/9/"}, "version": {"name": "black-2", "url": "https://pokeapi.co/api/v2/version/21/"}}, {"flavor_text": "A legendary Pok\u00e9mon of Sinnoh.\nIt is said that space becomes more\nstable with Palkia\u2019s every breath.", "language": {"name": "en", "url": "https://pokeapi.co/api/v2/language/9/"}, "version": {"name": "white-2", "url": "https://pokeapi.co/api/v2/version/22/"}}, {"flavor_text": "It is said to live in a gap in the spatial dimension\nparallel to ours. It appears in mythology.", "language": {"name": "en", "url": "https://pokeapi.co/api/v2/language/9/"}, "version": {"name": "x", "url": "https://pokeapi.co/api/v2/version/23/"}}, {"flavor_text": "It has the ability to distort space. It is described as\na deity in Sinnoh-region mythology.", "language": {"name": "en", "url": "https://pokeapi.co/api/v2/language/9/"}, "version": {"name": "y", "url": "https://pokeapi.co/api/v2/version/24/"}}, {"flavor_text": "It is said to live in a gap in the spatial dimension\nparallel to ours. It appears in mythology.", "language": {"name": "en", "url": "https://pokeapi.co/api/v2/language/9/"}, "version": {"name": "omega-ruby", "url": "https://pokeapi.co/api/v2/version/25/"}}, {"flavor_text": "It has the ability to distort space. It is described as\na deity in Sinnoh-region mythology.", "language": {"name": "en", "url": "https://pokeapi.co/api/v2/language/9/"}, "version": {"name": "alpha-sapphire", "url": "https://pokeapi.co/api/v2/version/26/"}}, {"flavor_text": "This Pok\u00e9mon is feared as a deity in Hisuian legend. The birth\nof Palkia was what caused the walls of our world to disappear,\ncreating a sky that spans for infinity.", "language": {"name": "en", "url": "https://pokeapi.co/api/v2/language/9/"}, "version": {"name": "legends-arceus", "url": "https://pokeapi.co/api/v2/version/39/"}}], "evolution_chain": {"url": "https://pokeapi.co/api/v2/evolution-chain/245/"}}