{"id": 934, "name": "garganacl", "types": [{"slot": 1, "type": {"name": "rock", "url": "https://pokeapi.co/api/v2/type/6/"}}], "stats": [{"base_stat": 100, "effort": 0, "stat": {"name": "hp", "url": "https://pokeapi.co/api/v2/stat/1/"}}, {"base_stat": 100, "effort": 0, "stat": {"name": "attack", "url": "https://pokeapi.co/api/v2/stat/2/"}}, {"base_stat": 130, "effort": 3, "stat": {"name": "defense", "url": "https://pokeapi.co/api/v2/stat/3/"}}, {"base_stat": 45, "effort": 0, "stat": {"name": "special-attack", "url": "https://pokeapi.co/api/v2/stat/4/"}}, {"base_stat": 90, "effort": 0, "stat": {"name": "special-defense", "url": "https://pokeapi.co/api/v2/stat/5/"}}, {"base_stat": 35, "effort": 0, "stat": {"name": "speed", "url": "https://pokeapi.co/api/v2/stat/6/"}}], "abilities": [{"ability": {"name": "purifying-salt", "url": "https://pokeapi.co/api/v2/ability/272/"}, "is_hidden": false, "slot": 1}, {"ability": {"name": "sturdy", "url": "https://pokeapi.co/api/v2/ability/5/"}, "is_hidden": false, "slot": 2}, {"ability": {"name": "clear-body", "url": "https://pokeapi.co/api/v2/ability/29/"}, "is_hidden": true, "slot": 3}], "sprites": {"front_default": "https://raw.githubusercontent.com/PokeAPI/sprites/master/sprites/pokemon/934.png"}, "moves": [{"move": {"name": "fire-punch"}, "earliest_level": null}, {"move": {"name": "ice-punch"}, "earliest_level": null}, {"move": {"name": "thunder-punch"}, "earliest_level": null}, {"move": {"name": "headbutt"}, "earliest_level": 16}, {"move": {"name": "tackle"}, "earliest_level": 1}, {"move": {"name": "body-slam"}, "earliest_level": null}, {"move": {"name": "take-down"}, "earliest_level": null}, {"move": {"name": "double-edge"}, "earliest_level": null}, {"move": {"name": "hyper-beam"}, "earliest_level": null}, {"move": {"name": "rock-throw"}, "earliest_level": 5}, {"move": {"name": "earthquake"}, "earliest_level": 49}, {"move": {"name": "dig"}, "earliest_level": null}, {"move": {"name": "recover"}, "earliest_level": 30}, {"move": {"name": "harden"}, "earliest_level": 1}, {"move": {"name": "explosion"}, "earliest_level": 60}, {"move": {"name": "rest"}, "earliest_level": null}, {"move": {"name": "rock-slide"}, "earliest_level": 34}, {"move": {"name": "substitute"}, "earliest_level": null}, {"move": {"name": "curse"}, "earliest_level": null}, {"move": {"name": "protect"}, "earliest_level": null}, {"move": {"name": "sandstorm"}, "earliest_level": null}, {"move": {"name": "endure"}, "earliest_level": null}, {"move": {"name": "sleep-talk"}, "earliest_level": null}, {"move": {"name": "rain-dance"}, "earliest_level": null}, {"move": {"name": "sunny-day"}, "earliest_level": null}, {"move": {"name": "facade"}, "earliest_level": null}, {"move": {"name": "focus-punch"}, "earliest_level": null}, {"move": {"name": "helping-hand"}, "earliest_level": null}, {"move": {"name": "brick-break"}, "earliest_level": null}, {"move": {"name": "rock-tomb"}, "earliest_level": 10}, {"move": {"name": "iron-defense"}, "earliest_level": null}, {"move": {"name": "block"}, "earliest_level": 1}, {"move": {"name": "mud-shot"}, "earliest_level": 7}, {"move": {"name": "rock-blast"}, "earliest_level": 1}, {"move": {"name": "gravity"}, "earliest_level": null}, {"move": {"name": "hammer-arm"}, "earliest_level": null}, {"move": {"name": "fling"}, "earliest_level": null}, {"move": {"name": "rock-polish"}, "earliest_level": 13}, {"move": {"name": "power-gem"}, "earliest_level": null}, {"move": {"name": "earth-power"}, "earliest_level": null}, {"move": {"name": "giga-impact"}, "earliest_level": null}, {"move": {"name": "avalanche"}, "earliest_level": null}, {"move": {"name": "zen-headbutt"}, "earliest_level": null}, {"move": {"name": "flash-cannon"}, "earliest_level": null}, {"move": {"name": "iron-head"}, "earliest_level": null}, {"move": {"name": "stone-edge"}, "earliest_level": 54}, {"move": {"name": "stealth-rock"}, "earliest_level": 40}, {"move": {"name": "wide-guard"}, "earliest_level": 1}, {"move": {"name": "smack-down"}, "earliest_level": null}, {"move": {"name": "heavy-slam"}, "earliest_level": 44}, {"move": {"name": "bulldoze"}, "earliest_level": null}, {"move": {"name": "stomping-tantrum"}, "earliest_level": null}, {"move": {"name": "body-press"}, "earliest_level": null}, {"move": {"name": "meteor-beam"}, "earliest_level": null}, {"move": {"name": "tera-blast"}, "earliest_level": null}, {"move": {"name": "salt-cure"}, "earliest_level": 24}, {"move": {"name": "hard-press"}, "earliest_level": null}], "species": {"url": "https://pokeapi.co/api/v2/pokemon-species/934/"}, "height": 23, "weight": 2400}