{"id": 596, "name": "galvantula", "types": [{"slot": 1, "type": {"name": "bug", "url": "https://pokeapi.co/api/v2/type/7/"}}, {"slot": 2, "type": {"name": "electric", "url": "https://pokeapi.co/api/v2/type/13/"}}], "stats": [{"base_stat": 70, "effort": 0, "stat": {"name": "hp", "url": "https://pokeapi.co/api/v2/stat/1/"}}, {"base_stat": 77, "effort": 0, "stat": {"name": "attack", "url": "https://pokeapi.co/api/v2/stat/2/"}}, {"base_stat": 60, "effort": 0, "stat": {"name": "defense", "url": "https://pokeapi.co/api/v2/stat/3/"}}, {"base_stat": 97, "effort": 0, "stat": {"name": "special-attack", "url": "https://pokeapi.co/api/v2/stat/4/"}}, {"base_stat": 60, "effort": 0, "stat": {"name": "special-defense", "url": "https://pokeapi.co/api/v2/stat/5/"}}, {"base_stat": 108, "effort": 2, "stat": {"name": "speed", "url": "https://pokeapi.co/api/v2/stat/6/"}}], "abilities": [{"ability": {"name": "compound-eyes", "url": "https://pokeapi.co/api/v2/ability/14/"}, "is_hidden": false, "slot": 1}, {"ability": {"name": "unnerve", "url": "https://pokeapi.co/api/v2/ability/127/"}, "is_hidden": false, "slot": 2}, {"ability": {"name": "swarm", "url": "https://pokeapi.co/api/v2/ability/68/"}, "is_hidden": true, "slot": 3}], "sprites": {"front_default": "https://raw.githubusercontent.com/PokeAPI/sprites/master/sprites/pokemon/596.png"}, "moves": [{"move": {"name": "cut"}, "earliest_level": null}, {"move": {"name": "poison-sting"}, "earliest_level": null}, {"move": {"name": "pin-missile"}, "earliest_level": null}, {"move": {"name": "hyper-beam"}, "earliest_level": null}, {"move": {"name": "absorb"}, "earliest_level": 1}, {"move": {"name": "string-shot"}, "earliest_level": 1}, {"move": {"name": "thunderbolt"}, "earliest_level": null}, {"move": {"name": "thunder-wave"}, "earliest_level": 1}, {"move": {"name": "thunder"}, "earliest_level": null}, {"move": {"name": "toxic"}, "earliest_level": null}, {"move": {"name": "agility"}, "earliest_level": 24}, {"move": {"name": "screech"}, "earliest_level": 7}, {"move": {"name": "double-team"}, "earliest_level": null}, {"move": {"name": "light-screen"}, "earliest_level": null}, {"move": {"name": "swift"}, "earliest_level": null}, {"move": {"name": "leech-life"}, "earliest_level": 1}, {"move": {"name": "flash"}, "earliest_level": null}, {"move": {"name": "rest"}, "earliest_level": null}, {"move": {"name": "slash"}, "earliest_level": 26}, {"move": {"name": "substitute"}, "earliest_level": null}, {"move": {"name": "thief"}, "earliest_level": null}, {"move": {"name": "spider-web"}, "earliest_level": 1}, {"move": {"name": "snore"}, "earliest_level": null}, {"move": {"name": "protect"}, "earliest_level": null}, {"move": {"name": "giga-drain"}, "earliest_level": null}, {"move": {"name": "endure"}, "earliest_level": null}, {"move": {"name": "swagger"}, "earliest_level": null}, {"move": {"name": "fury-cutter"}, "earliest_level": 1}, {"move": {"name": "attract"}, "earliest_level": null}, {"move": {"name": "sleep-talk"}, "earliest_level": null}, {"move": {"name": "return"}, "earliest_level": null}, {"move": {"name": "frustration"}, "earliest_level": null}, {"move": {"name": "hidden-power"}, "earliest_level": null}, {"move": {"name": "rain-dance"}, "earliest_level": null}, {"move": {"name": "facade"}, "earliest_level": null}, {"move": {"name": "charge"}, "earliest_level": null}, {"move": {"name": "helping-hand"}, "earliest_level": null}, {"move": {"name": "secret-power"}, "earliest_level": null}, {"move": {"name": "signal-beam"}, "earliest_level": 34}, {"move": {"name": "bounce"}, "earliest_level": null}, {"move": {"name": "shock-wave"}, "earliest_level": null}, {"move": {"name": "gastro-acid"}, "earliest_level": 23}, {"move": {"name": "sucker-punch"}, "earliest_level": 28}, {"move": {"name": "magnet-rise"}, "earliest_level": null}, {"move": {"name": "poison-jab"}, "earliest_level": null}, {"move": {"name": "x-scissor"}, "earliest_level": null}, {"move": {"name": "bug-buzz"}, "earliest_level": 56}, {"move": {"name": "energy-ball"}, "earliest_level": null}, {"move": {"name": "giga-impact"}, "earliest_level": null}, {"move": {"name": "discharge"}, "earliest_level": 39}, {"move": {"name": "cross-poison"}, "earliest_level": null}, {"move": {"name": "bug-bite"}, "earliest_level": 1}, {"move": {"name": "charge-beam"}, "earliest_level": null}, {"move": {"name": "electro-ball"}, "earliest_level": 20}, {"move": {"name": "round"}, "earliest_level": null}, {"move": {"name": "volt-switch"}, "earliest_level": null}, {"move": {"name": "struggle-bug"}, "earliest_level": null}, {"move": {"name": "electroweb"}, "earliest_level": 1}, {"move": {"name": "wild-charge"}, "earliest_level": null}, {"move": {"name": "sticky-web"}, "earliest_level": 1}, {"move": {"name": "confide"}, "earliest_level": null}, {"move": {"name": "infestation"}, "earliest_level": null}, {"move": {"name": "throat-chop"}, "earliest_level": null}, {"move": {"name": "lunge"}, "earliest_level": null}, {"move": {"name": "speed-swap"}, "earliest_level": null}, {"move": {"name": "rising-voltage"}, "earliest_level": null}, {"move": {"name": "skitter-smack"}, "earliest_level": null}, {"move": {"name": "tera-blast"}, "earliest_level": null}, {"move": {"name": "pounce"}, "earliest_level": null}], "species": {"url": "https://pokeapi.co/api/v2/pokemon-species/596/"}, "height": 8, "weight": 143}