{
  "base_happiness": 70,
  "capture_rate": 120,
  "color": {
    "name": "white",
    "url": "https://pokeapi.co/api/v2/pokemon-color/9/"
  },
  "egg_groups": [
    {
      "name": "fairy",
      "url": "https://pokeapi.co/api/v2/egg-group/6/"
    }
  ],
  "evolution_chain": {
    "url": "https://pokeapi.co/api/v2/evolution-chain/344/"
  },
  "evolves_from_species": {
    "name": "flabebe",
    "url": "https://pokeapi.co/api/v2/pokemon-species/669/"
  },
  "flavor_text_entries": [
    {
      "flavor_text": "\u306f\u306a\u3070\u305f\u3051\u3092\u3000\u3068\u3073\u307e\u308f\u308a\u3000\u304b\u308c\u304b\u3051\u305f\n\u306f\u306a\u3092\u3000\u305b\u308f\u3059\u308b\u3002\u306f\u306a\u306e\u3000\u3072\u3081\u3089\u308c\u305f\n\u3061\u304b\u3089\u3092\u3000\u3072\u304d\u3060\u3057\u3066\u3000\u305f\u305f\u304b\u3046\u3002",
      "language": {
        "name": "ja-Hrkt",
        "url": "https://pokeapi.co/api/v2/language/1/"
      },
      "version": {
        "name": "x",
        "url": "https://pokeapi.co/api/v2/version/23/"
      }
    },
    {
      "flavor_text": "\uaf43\ubc2d\uc744 \ub0a0\uc544\ub2e4\ub2c8\uba70 \ub9d0\ub77c\uac00\ub294\n\uaf43\uc744 \ubcf4\uc0b4\ud540\ub2e4. \uaf43\uc758 \uc228\uaca8\uc9c4\n\ud798\uc744 \ub04c\uc5b4\ub0b4\uc5b4 \uc2f8\uc6b4\ub2e4.",
      "language": {
        "name": "ko",
        "url": "https://pokeapi.co/api/v2/language/3/"
      },
      "version": {
        "name": "x",
        "url": "https://pokeapi.co/api/v2/version/23/"
      }
    },
    {
      "flavor_text": "Il survole les champs de fleurs, et prend soin de\ncelles qui sont sur le point de faner. Au combat,\nil fait appel \u00e0 leur force cach\u00e9e.",
      "language": {
        "name": "fr",
        "url": "https://pokeapi.co/api/v2/language/5/"
      },
      "version": {
        "name": "x",
        "url": "https://pokeapi.co/api/v2/version/23/"
      }
    },
    {
      "flavor_text": "Es fliegt auf Wiesen umher und k\u00fcmmert sich um\nwelkende Blumen. Es setzt deren geheime Kr\u00e4fte frei\nund nutzt diese zum K\u00e4mpfen.",
      "language": {
        "name": "de",
        "url": "https://pokeapi.co/api/v2/language/6/"
      },
      "version": {
        "name": "x",
        "url": "https://pokeapi.co/api/v2/version/23/"
      }
    },
    {
      "flavor_text": "Revolotea alrededor de campos de flores y cuida de\naquellas que empiezan a marchitarse. Usa en combate\nel poder oculto de las flores.",
      "language": {
        "name": "es",
        "url": "https://pokeapi.co/api/v2/language/7/"
      },
      "version": {
        "name": "x",
        "url": "https://pokeapi.co/api/v2/version/23/"
      }
    },
    {
      "flavor_text": "Vola sui campi in fiore e si prende cura delle piante\nche si stanno seccando. Lotta sfruttando i poteri\nnascosti dei fiori.",
      "language": {
        "name": "it",
        "url": "https://pokeapi.co/api/v2/language/8/"
      },
      "version": {
        "name": "x",
        "url": "https://pokeapi.co/api/v2/version/23/"
      }
    },
    {
      "flavor_text": "It flutters around fields of flowers and cares for\nflowers that are starting to wilt. It draws\nout the hidden power of flowers to battle.",
      "language": {
        "name": "en",
        "url": "https://pokeapi.co/api/v2/language/9/"
      },
      "version": {
        "name": "x",
        "url": "https://pokeapi.co/api/v2/version/23/"
      }
    },
    {
      "flavor_text": "\u82b1\u7551\u3092\u3000\u98db\u3073\u56de\u308a\u3000\u67af\u308c\u304b\u3051\u305f\u3000\u82b1\u3092\n\u4e16\u8a71\u3059\u308b\u3002\u82b1\u306e\u3000\u79d8\u3081\u3089\u308c\u305f\u3000\u529b\u3092\n\u5f15\u304d\u51fa\u3057\u3066\u3000\u6226\u3046\u3002",
      "language": {
        "name": "ja",
        "url": "https://pokeapi.co/api/v2/language/11/"
      },
      "version": {
        "name": "x",
        "url": "https://pokeapi.co/api/v2/version/23/"
      }
    },
    {
      "flavor_text": "\u3066\u3044\u308c\u306e\u3000\u3044\u304d\u3068\u3069\u3044\u305f\u3000\u304b\u3060\u3093\u306e\n\u306f\u306a\u304c\u3000\u3055\u304f\u3068\u3000\u3059\u304c\u305f\u3092\u3000\u3042\u3089\u308f\u3057\u3066\n\u304b\u308c\u3093\u306a\u3000\u30c0\u30f3\u30b9\u3067\u3000\u3057\u3085\u304f\u3075\u304f\u3059\u308b\u3002",
      "language": {
        "name": "ja-Hrkt",
        "url": "https://pokeapi.co/api/v2/language/1/"
      },
      "version": {
        "name": "y",
        "url": "https://pokeapi.co/api/v2/version/24/"
      }
    },
    {
      "flavor_text": "\ube48\ud2c8\uc5c6\uc774 \uc190\uc9c8\ud55c \ud654\ub2e8\uc758\n\uaf43\uc774 \ud53c\uba74 \ubaa8\uc2b5\uc744 \ub4dc\ub7ec\ub0b4\uc5b4\n\uc544\ub984\ub2e4\uc6b4 \ub304\uc2a4\ub85c \ucd95\ubcf5\ud55c\ub2e4.",
      "language": {
        "name": "ko",
        "url": "https://pokeapi.co/api/v2/language/3/"
      },
      "version": {
        "name": "y",
        "url": "https://pokeapi.co/api/v2/version/24/"
      }
    },
    {
      "flavor_text": "Quand les fleurs d\u2019une plate-bande bien soign\u00e9e\n\u00e9closent, il appara\u00eet et c\u00e9l\u00e8bre la floraison en dansant\navec une tr\u00e8s grande \u00e9l\u00e9gance.",
      "language": {
        "name": "fr",
        "url": "https://pokeapi.co/api/v2/language/5/"
      },
      "version": {
        "name": "y",
        "url": "https://pokeapi.co/api/v2/version/24/"
      }
    },
    {
      "flavor_text": "Wenn die Blumen auf einem liebevoll gepflegten\nBlumenbeet bl\u00fchen, erscheint es und feiert den\nAnblick mit einem eleganten Tanz.",
      "language": {
        "name": "de",
        "url": "https://pokeapi.co/api/v2/language/6/"
      },
      "version": {
        "name": "y",
        "url": "https://pokeapi.co/api/v2/version/24/"
      }
    },
    {
      "flavor_text": "Cuando las plantas bien cuidadas de un parterre\nflorecen, hace acto de presencia e interpreta un\nbaile primoroso para celebrarlo.",
      "language": {
        "name": "es",
        "url": "https://pokeapi.co/api/v2/language/7/"
      },
      "version": {
        "name": "y",
        "url": "https://pokeapi.co/api/v2/version/24/"
      }
    },
    {
      "flavor_text": "Quando i fiori di un\u2019aiuola ben curata sbocciano,\nappare e celebra l\u2019evento con una danza graziosa.",
      "language": {
        "name": "it",
        "url": "https://pokeapi.co/api/v2/language/8/"
      },
      "version": {
        "name": "y",
        "url": "https://pokeapi.co/api/v2/version/24/"
      }
    },
    {
      "flavor_text": "When the flowers of a well-tended flower bed bloom,\nit appears and celebrates with an elegant dance.",
      "language": {
        "name": "en",
        "url": "https://pokeapi.co/api/v2/language/9/"
      },
      "version": {
        "name": "y",
        "url": "https://pokeapi.co/api/v2/version/24/"
      }
    },
    {
      "flavor_text": "\u624b\u5165\u308c\u306e\u3000\u884c\u304d\u5c4a\u3044\u305f\u3000\u82b1\u58c7\u306e\n\u82b1\u304c\u3000\u54b2\u304f\u3068\u3000\u59ff\u3092\u3000\u73fe\u3057\u3066\n\u304b\u308c\u3093\u306a\u3000\u30c0\u30f3\u30b9\u3067\u3000\u795d\u798f\u3059\u308b\u3002",
      "language": {
        "name": "ja",
        "url": "https://pokeapi.co/api/v2/language/11/"
      },
      "version": {
        "name": "y",
        "url": "https://pokeapi.co/api/v2/version/24/"
      }
    },
    {
      "flavor_text": "\u306f\u306a\u3070\u305f\u3051\u3092\u3000\u3068\u3073\u307e\u308f\u308a\u3000\u304b\u308c\u304b\u3051\u305f\n\u306f\u306a\u3092\u3000\u305b\u308f\u3059\u308b\u3002\u306f\u306a\u306e\u3000\u3072\u3081\u3089\u308c\u305f\n\u3061\u304b\u3089\u3092\u3000\u3072\u304d\u3060\u3057\u3066\u3000\u305f\u305f\u304b\u3046\u3002",
      "language": {
        "name": "ja-Hrkt",
        "url": "https://pokeapi.co/api/v2/language/1/"
      },
      "version": {
        "name": "omega-ruby",
        "url": "https://pokeapi.co/api/v2/version/25/"
      }
    },
    {
      "flavor_text": "\uaf43\ubc2d\uc744 \ub0a0\uc544\ub2e4\ub2c8\uba70 \ub9d0\ub77c\uac00\ub294\n\uaf43\uc744 \ubcf4\uc0b4\ud540\ub2e4. \uaf43\uc758 \uc228\uaca8\uc9c4\n\ud798\uc744 \ub04c\uc5b4\ub0b4\uc5b4 \uc2f8\uc6b4\ub2e4.",
      "language": {
        "name": "ko",
        "url": "https://pokeapi.co/api/v2/language/3/"
      },
      "version": {
        "name": "omega-ruby",
        "url": "https://pokeapi.co/api/v2/version/25/"
      }
    },
    {
      "flavor_text": "Il survole les champs de fleurs, et prend soin de celles\nqui sont sur le point de faner. Au combat, il fait appel\n\u00e0 leur force cach\u00e9e.",
      "language": {
        "name": "fr",
        "url": "https://pokeapi.co/api/v2/language/5/"
      },
      "version": {
        "name": "omega-ruby",
        "url": "https://pokeapi.co/api/v2/version/25/"
      }
    },
    {
      "flavor_text": "Es fliegt auf Wiesen umher und k\u00fcmmert sich um welkende\nBlumen. Es setzt deren geheime Kr\u00e4fte frei und nutzt diese\nzum K\u00e4mpfen.",
      "language": {
        "name": "de",
        "url": "https://pokeapi.co/api/v2/language/6/"
      },
      "version": {
        "name": "omega-ruby",
        "url": "https://pokeapi.co/api/v2/version/25/"
      }
    },
    {
      "flavor_text": "Revolotea alrededor de campos de flores y cuida de aquellas\nque empiezan a marchitarse. Usa en combate el poder oculto\nde las flores.",
      "language": {
        "name": "es",
        "url": "https://pokeapi.co/api/v2/language/7/"
      },
      "version": {
        "name": "omega-ruby",
        "url": "https://pokeapi.co/api/v2/version/25/"
      }
    },
    {
      "flavor_text": "Vola sui campi in fiore e si prende cura delle piante che si\nstanno seccando. Lotta sfruttando i poteri nascosti dei fiori.",
      "language": {
        "name": "it",
        "url": "https://pokeapi.co/api/v2/language/8/"
      },
      "version": {
        "name": "omega-ruby",
        "url": "https://pokeapi.co/api/v2/version/25/"
      }
    },
    {
      "flavor_text": "It flutters around fields of flowers and cares for\nflowers that are starting to wilt. It draws\nout the hidden power of flowers to battle.",
      "language": {
        "name": "en",
        "url": "https://pokeapi.co/api/v2/language/9/"
      },
      "version": {
        "name": "omega-ruby",
        "url": "https://pokeapi.co/api/v2/version/25/"
      }
    },
    {
      "flavor_text": "\u82b1\u7551\u3092\u3000\u98db\u3073\u56de\u308a\u3000\u67af\u308c\u304b\u3051\u305f\u3000\u82b1\u3092\n\u4e16\u8a71\u3059\u308b\u3002\u82b1\u306e\u3000\u79d8\u3081\u3089\u308c\u305f\u3000\u529b\u3092\n\u5f15\u304d\u51fa\u3057\u3066\u3000\u6226\u3046\u3002",
      "language": {
        "name": "ja",
        "url": "https://pokeapi.co/api/v2/language/11/"
      },
      "version": {
        "name": "omega-ruby",
        "url": "https://pokeapi.co/api/v2/version/25/"
      }
    },
    {
      "flavor_text": "\u3066\u3044\u308c\u306e\u3000\u3044\u304d\u3068\u3069\u3044\u305f\u3000\u304b\u3060\u3093\u306e\n\u306f\u306a\u304c\u3000\u3055\u304f\u3068\u3000\u3059\u304c\u305f\u3092\u3000\u3042\u3089\u308f\u3057\u3066\n\u304b\u308c\u3093\u306a\u3000\u30c0\u30f3\u30b9\u3067\u3000\u3057\u3085\u304f\u3075\u304f\u3059\u308b\u3002",
      "language": {
        "name": "ja-Hrkt",
        "url": "https://pokeapi.co/api/v2/language/1/"
      },
      "version": {
        "name": "alpha-sapphire",
        "url": "https://pokeapi.co/api/v2/version/26/"
      }
    },
    {
      "flavor_text": "\ube48\ud2c8\uc5c6\uc774 \uc190\uc9c8\ud55c \ud654\ub2e8\uc758\n\uaf43\uc774 \ud53c\uba74 \ubaa8\uc2b5\uc744 \ub4dc\ub7ec\ub0b4\uc5b4\n\uc544\ub984\ub2e4\uc6b4 \ub304\uc2a4\ub85c \ucd95\ubcf5\ud55c\ub2e4.",
      "language": {
        "name": "ko",
        "url": "https://pokeapi.co/api/v2/language/3/"
      },
      "version": {
        "name": "alpha-sapphire",
        "url": "https://pokeapi.co/api/v2/version/26/"
      }
    },
    {
      "flavor_text": "Quand les fleurs d\u2019une plate-bande bien soign\u00e9e \u00e9closent,\nil appara\u00eet et c\u00e9l\u00e8bre la floraison en dansant avec une tr\u00e8s\ngrande \u00e9l\u00e9gance.",
      "language": {
        "name": "fr",
        "url": "https://pokeapi.co/api/v2/language/5/"
      },
      "version": {
        "name": "alpha-sapphire",
        "url": "https://pokeapi.co/api/v2/version/26/"
      }
    },
    {
      "flavor_text": "Wenn die Blumen auf einem liebevoll gepflegten\nBlumenbeet bl\u00fchen, erscheint es und feiert den\nAnblick mit einem eleganten Tanz.",
      "language": {
        "name": "de",
        "url": "https://pokeapi.co/api/v2/language/6/"
      },
      "version": {
        "name": "alpha-sapphire",
        "url": "https://pokeapi.co/api/v2/version/26/"
      }
    },
    {
      "flavor_text": "Cuando las plantas bien cuidadas de un parterre florecen,\nhace acto de presencia e interpreta un baile primoroso para\ncelebrarlo.",
      "language": {
        "name": "es",
        "url": "https://pokeapi.co/api/v2/language/7/"
      },
      "version": {
        "name": "alpha-sapphire",
        "url": "https://pokeapi.co/api/v2/version/26/"
      }
    },
    {
      "flavor_text": "Quando i fiori di un\u2019aiuola ben curata sbocciano, appare\ne celebra l\u2019evento con una danza graziosa.",
      "language": {
        "name": "it",
        "url": "https://pokeapi.co/api/v2/language/8/"
      },
      "version": {
        "name": "alpha-sapphire",
        "url": "https://pokeapi.co/api/v2/version/26/"
      }
    },
    {
      "flavor_text": "When the flowers of a well-tended flower bed bloom,\nit appears and celebrates with an elegant dance.",
      "language": {
        "name": "en",
        "url": "https://pokeapi.co/api/v2/language/9/"
      },
      "version": {
        "name": "alpha-sapphire",
        "url": "https://pokeapi.co/api/v2/version/26/"
      }
    },
    {
      "flavor_text": "\u624b\u5165\u308c\u306e\u3000\u884c\u304d\u5c4a\u3044\u305f\u3000\u82b1\u58c7\u306e\n\u82b1\u304c\u3000\u54b2\u304f\u3068\u3000\u59ff\u3092\u3000\u73fe\u3057\u3066\n\u304b\u308c\u3093\u306a\u3000\u30c0\u30f3\u30b9\u3067\u3000\u795d\u798f\u3059\u308b\u3002",
      "language": {
        "name": "ja",
        "url": "https://pokeapi.co/api/v2/language/11/"
      },
      "version": {
        "name": "alpha-sapphire",
        "url": "https://pokeapi.co/api/v2/version/26/"
      }
    },
    {
      "flavor_text": "\u306f\u306a\u3092\u3000\u305d\u3060\u3066\u3000\u3058\u3076\u3093\u306e\u3000\u3076\u304d\u3068\u3057\u3066\n\u308a\u3088\u3046\u3002\u3000\u3046\u3064\u304f\u3057\u304f\u3055\u3044\u305f\u3000\u306f\u306a\u307b\u3069\n\u304d\u3087\u3046\u308a\u3087\u304f\u306a\u30d1\u30ef\u30fc\u3092\u3000\u3072\u3081\u3066\u3044\u308b\u3002",
      "language": {
        "name": "ja-Hrkt",
        "url": "https://pokeapi.co/api/v2/language/1/"
      },
      "version": {
        "name": "ultra-sun",
        "url": "https://pokeapi.co/api/v2/version/29/"
      }
    },
    {
      "flavor_text": "\uaf43\uc744 \uae38\ub7ec \uc790\uc2e0\uc758 \ubb34\uae30\ub85c\n\uc774\uc6a9\ud55c\ub2e4. \uc544\ub984\ub2f5\uac8c \ud540 \uaf43\uc77c\uc218\ub85d\n\uac15\ub825\ud55c \ud30c\uc6cc\ub97c \uac04\uc9c1\ud558\uace0 \uc788\ub2e4.",
      "language": {
        "name": "ko",
        "url": "https://pokeapi.co/api/v2/language/3/"
      },
      "version": {
        "name": "ultra-sun",
        "url": "https://pokeapi.co/api/v2/version/29/"
      }
    },
    {
      "flavor_text": "\u6703\u57f9\u80b2\u82b1\u6735\u4f86\u7576\u6210\u81ea\u5df1\u7684\u6b66\u5668\u3002\n\u958b\u5f97\u8d8a\u7f8e\u9e97\u7684\u82b1\u6735\uff0c\n\u6240\u860a\u85cf\u7684\u529b\u91cf\u5c31\u8d8a\u5f37\u5927\u3002",
      "language": {
        "name": "zh-Hant",
        "url": "https://pokeapi.co/api/v2/language/4/"
      },
      "version": {
        "name": "ultra-sun",
        "url": "https://pokeapi.co/api/v2/version/29/"
      }
    },
    {
      "flavor_text": "Il cultive des fleurs et les utilise en tant\nqu\u2019armes. Plus une fleur est belle, plus\nelle renferme de puissance.",
      "language": {
        "name": "fr",
        "url": "https://pokeapi.co/api/v2/language/5/"
      },
      "version": {
        "name": "ultra-sun",
        "url": "https://pokeapi.co/api/v2/version/29/"
      }
    },
    {
      "flavor_text": "Es k\u00e4mpft mit einer Blume, die es selbst\ngez\u00fcchtet hat. Je sch\u00f6ner ihre Bl\u00fcte, desto\nst\u00e4rker die Macht, die sie birgt.",
      "language": {
        "name": "de",
        "url": "https://pokeapi.co/api/v2/language/6/"
      },
      "version": {
        "name": "ultra-sun",
        "url": "https://pokeapi.co/api/v2/version/29/"
      }
    },
    {
      "flavor_text": "Usa como arma la flor que cultiva por su cuenta\ny, cuanto mayor sea la belleza de esta, mayor\nser\u00e1 tambi\u00e9n el poder que oculta en su interior.",
      "language": {
        "name": "es",
        "url": "https://pokeapi.co/api/v2/language/7/"
      },
      "version": {
        "name": "ultra-sun",
        "url": "https://pokeapi.co/api/v2/version/29/"
      }
    },
    {
      "flavor_text": "Fa crescere il suo fiore e lo utilizza come arma.\nPi\u00f9 il fiore \u00e8 bello, maggiore \u00e8 il potere che\nracchiude.",
      "language": {
        "name": "it",
        "url": "https://pokeapi.co/api/v2/language/8/"
      },
      "version": {
        "name": "ultra-sun",
        "url": "https://pokeapi.co/api/v2/version/29/"
      }
    },
    {
      "flavor_text": "It raises flowers and uses them as weapons.\nThe more gorgeous the blossom, the more\npower it contains.",
      "language": {
        "name": "en",
        "url": "https://pokeapi.co/api/v2/language/9/"
      },
      "version": {
        "name": "ultra-sun",
        "url": "https://pokeapi.co/api/v2/version/29/"
      }
    },
    {
      "flavor_text": "\u82b1\u3092\u3000\u80b2\u3066\u3000\u81ea\u5206\u306e\u3000\u6b66\u5668\u3068\u3057\u3066\n\u5229\u7528\u3002\u3000\u7f8e\u3057\u304f\u54b2\u3044\u305f\u3000\u82b1\u307b\u3069\n\u5f37\u529b\u306a\u30d1\u30ef\u30fc\u3092\u3000\u79d8\u3081\u3066\u3044\u308b\u3002",
      "language": {
        "name": "ja",
        "url": "https://pokeapi.co/api/v2/language/11/"
      },
      "version": {
        "name": "ultra-sun",
        "url": "https://pokeapi.co/api/v2/version/29/"
      }
    },
    {
      "flavor_text": "\u4f1a\u57f9\u80b2\u82b1\u6735\u5f53\u4f5c\u81ea\u5df1\u7684\u6b66\u5668\u6765\u7528\u3002\n\u8d8a\u662f\u5f00\u5f97\u7f8e\u4e3d\u7684\u82b1\uff0c\n\u8574\u85cf\u7740\u7684\u529b\u91cf\u5c31\u8d8a\u5f3a\u5927\u3002",
      "language": {
        "name": "zh-Hans",
        "url": "https://pokeapi.co/api/v2/language/12/"
      },
      "version": {
        "name": "ultra-sun",
        "url": "https://pokeapi.co/api/v2/version/29/"
      }
    },
    {
      "flavor_text": "\u3058\u3076\u3093\u306e\u3000\u30d1\u30ef\u30fc\u3092\u3000\u306f\u306a\u306b\u3000\u3042\u305f\u3048\n\u3053\u3053\u308d\u3092\u3000\u3053\u3081\u3066\u3000\u305b\u308f\u3092\u3000\u3059\u308b\u3002\n\u304b\u3060\u3093\u3092\u3000\u3042\u3089\u3059\u3082\u306e\u306f\u3000\u3086\u308b\u3055\u306a\u3044\u3002",
      "language": {
        "name": "ja-Hrkt",
        "url": "https://pokeapi.co/api/v2/language/1/"
      },
      "version": {
        "name": "ultra-moon",
        "url": "https://pokeapi.co/api/v2/version/30/"
      }
    },
    {
      "flavor_text": "\uc790\uc2e0\uc758 \ud30c\uc6cc\ub97c \uaf43\uc5d0 \uc8fc\uace0\n\uc9c4\uc2ec\uc744 \ub2f4\uc544 \ub3cc\ubcf8\ub2e4.\n\ud654\ub2e8\uc744 \uc5b4\uc9c0\ub7fd\ud788\ub294 \uc790\ub294 \uc6a9\uc11c\ud558\uc9c0 \uc54a\ub294\ub2e4.",
      "language": {
        "name": "ko",
        "url": "https://pokeapi.co/api/v2/language/3/"
      },
      "version": {
        "name": "ultra-moon",
        "url": "https://pokeapi.co/api/v2/version/30/"
      }
    },
    {
      "flavor_text": "\u6703\u628a\u81ea\u5df1\u7684\u529b\u91cf\u5206\u7d66\u82b1\uff0c\n\u7528\u5fc3\u5730\u52a0\u4ee5\u7167\u6599\u3002\n\u7d55\u4e0d\u6703\u539f\u8ad2\u7834\u58de\u82b1\u58c7\u7684\u50a2\u4f19\u3002",
      "language": {
        "name": "zh-Hant",
        "url": "https://pokeapi.co/api/v2/language/4/"
      },
      "version": {
        "name": "ultra-moon",
        "url": "https://pokeapi.co/api/v2/version/30/"
      }
    },
    {
      "flavor_text": "Il fait profiter ses fleurs de ses pouvoirs et met\ntout son c\u0153ur \u00e0 leur entretien. Gare \u00e0 ceux qui\nravagent ses plates-bandes\u202f!",
      "language": {
        "name": "fr",
        "url": "https://pokeapi.co/api/v2/language/5/"
      },
      "version": {
        "name": "ultra-moon",
        "url": "https://pokeapi.co/api/v2/version/30/"
      }
    },
    {
      "flavor_text": "Es \u00fcbertr\u00e4gt seine Kraft auf Blumen und pflegt\ndiese mit ganzem Herzen. Es verzeiht keinem,\nder sein Blumenbeet verw\u00fcstet.",
      "language": {
        "name": "de",
        "url": "https://pokeapi.co/api/v2/language/6/"
      },
      "version": {
        "name": "ultra-moon",
        "url": "https://pokeapi.co/api/v2/version/30/"
      }
    },
    {
      "flavor_text": "Confiere su poder a las flores y cuida de ellas\ncon mucho esmero; no perdona que destruyan\nlos campos donde estas crecen.",
      "language": {
        "name": "es",
        "url": "https://pokeapi.co/api/v2/language/7/"
      },
      "version": {
        "name": "ultra-moon",
        "url": "https://pokeapi.co/api/v2/version/30/"
      }
    },
    {
      "flavor_text": "Trasmette il suo potere ai fiori e se ne prende\ncura con tutto il suo amore. Non ha alcuna piet\u00e0\nper chi deturpa le sue aiuole.",
      "language": {
        "name": "it",
        "url": "https://pokeapi.co/api/v2/language/8/"
      },
      "version": {
        "name": "ultra-moon",
        "url": "https://pokeapi.co/api/v2/version/30/"
      }
    },
    {
      "flavor_text": "It gives its own power to flowers, pouring its\nheart into caring for them. Floette never forgives\nanyone who messes up a flower bed.",
      "language": {
        "name": "en",
        "url": "https://pokeapi.co/api/v2/language/9/"
      },
      "version": {
        "name": "ultra-moon",
        "url": "https://pokeapi.co/api/v2/version/30/"
      }
    },
    {
      "flavor_text": "\u81ea\u5206\u306e\u3000\u30d1\u30ef\u30fc\u3092\u3000\u82b1\u306b\u3000\u4e0e\u3048\n\u5fc3\u3092\u3000\u3053\u3081\u3066\u3000\u4e16\u8a71\u3092\u3000\u3059\u308b\u3002\n\u82b1\u58c7\u3092\u3000\u8352\u3089\u3059\u3082\u306e\u306f\u3000\u8a31\u3055\u306a\u3044\u3002",
      "language": {
        "name": "ja",
        "url": "https://pokeapi.co/api/v2/language/11/"
      },
      "version": {
        "name": "ultra-moon",
        "url": "https://pokeapi.co/api/v2/version/30/"
      }
    },
    {
      "flavor_text": "\u628a\u81ea\u5df1\u7684\u529b\u91cf\u7ed9\u82b1\uff0c\u7528\u5fc3\u5730\u7167\u6599\u3002\n\u7edd\u4e0d\u539f\u8c05\u90a3\u4e9b\u7834\u574f\u82b1\u575b\u8005\u3002",
      "language": {
        "name": "zh-Hans",
        "url": "https://pokeapi.co/api/v2/language/12/"
      },
      "version": {
        "name": "ultra-moon",
        "url": "https://pokeapi.co/api/v2/version/30/"
      }
    }
  ],
  "form_descriptions": [
    {
      "description": "Floette\u2019s five regular forms only differ in appearance.  Floette\u2019s flower is set when it is encountered, or as a Flab\u00e9b\u00e9, and cannot be changed.\n\nEternal Floette has higher stats, cannot evolve or breed, and learns light of ruin at level 50.  It is currently not obtainable.",
      "language": {
        "name": "en",
        "url": "https://pokeapi.co/api/v2/language/9/"
      }
    }
  ],
  "forms_switchable": false,
  "gender_rate": 8,
  "genera": [
    {
      "genus": "\u3044\u3061\u308a\u3093\u30dd\u30b1\u30e2\u30f3",
      "language": {
        "name": "ja-Hrkt",
        "url": "https://pokeapi.co/api/v2/language/1/"
      }
    },
    {
      "genus": "\ud55c\uc1a1\uc774\ud3ec\ucf13\ubaac",
      "language": {
        "name": "ko",
        "url": "https://pokeapi.co/api/v2/language/3/"
      }
    },
    {
      "genus": "\u55ae\u6735\u5bf6\u53ef\u5922",
      "language": {
        "name": "zh-Hant",
        "url": "https://pokeapi.co/api/v2/language/4/"
      }
    },
    {
      "genus": "Pok\u00e9mon Uniflore",
      "language": {
        "name": "fr",
        "url": "https://pokeapi.co/api/v2/language/5/"
      }
    },
    {
      "genus": "Einbl\u00fctler",
      "language": {
        "name": "de",
        "url": "https://pokeapi.co/api/v2/language/6/"
      }
    },
    {
      "genus": "Pok\u00e9mon Monoflor",
      "language": {
        "name": "es",
        "url": "https://pokeapi.co/api/v2/language/7/"
      }
    },
    {
      "genus": "Pok\u00e9mon Monofiore",
      "language": {
        "name": "it",
        "url": "https://pokeapi.co/api/v2/language/8/"
      }
    },
    {
      "genus": "Single Bloom Pok\u00e9mon",
      "language": {
        "name": "en",
        "url": "https://pokeapi.co/api/v2/language/9/"
      }
    },
    {
      "genus": "\u3044\u3061\u308a\u3093\u30dd\u30b1\u30e2\u30f3",
      "language": {
        "name": "ja",
        "url": "https://pokeapi.co/api/v2/language/11/"
      }
    },
    {
      "genus": "\u5355\u6735\u5b9d\u53ef\u68a6",
      "language": {
        "name": "zh-Hans",
        "url": "https://pokeapi.co/api/v2/language/12/"
      }
    }
  ],
  "generation": {
    "name": "generation-vi",
    "url": "https://pokeapi.co/api/v2/generation/6/"
  },
  "growth_rate": {
    "name": "medium",
    "url": "https://pokeapi.co/api/v2/growth-rate/2/"
  },
  "habitat": null,
  "has_gender_differences": false,
  "hatch_counter": 20,
  "id": 670,
  "is_baby": false,
  "is_legendary": false,
  "is_mythical": false,
  "name": "floette",
  "names": [
    {
      "language": {
        "name": "ja-Hrkt",
        "url": "https://pokeapi.co/api/v2/language/1/"
      },
      "name": "\u30d5\u30e9\u30a8\u30c3\u30c6"
    },
    {
      "language": {
        "name": "roomaji",
        "url": "https://pokeapi.co/api/v2/language/2/"
      },
      "name": "Floette"
    },
    {
      "language": {
        "name": "ko",
        "url": "https://pokeapi.co/api/v2/language/3/"
      },
      "name": "\ud50c\ub77c\uc5e3\ud14c"
    },
    {
      "language": {
        "name": "zh-Hant",
        "url": "https://pokeapi.co/api/v2/language/4/"
      },
      "name": "\u82b1\u8449\u8482"
    },
    {
      "language": {
        "name": "fr",
        "url": "https://pokeapi.co/api/v2/language/5/"
      },
      "name": "Floette"
    },
    {
      "language": {
        "name": "de",
        "url": "https://pokeapi.co/api/v2/language/6/"
      },
      "name": "Floette"
    },
    {
      "language": {
        "name": "es",
        "url": "https://pokeapi.co/api/v2/language/7/"
      },
      "name": "Floette"
    },
    {
      "language": {
        "name": "it",
        "url": "https://pokeapi.co/api/v2/language/8/"
      },
      "name": "Floette"
    },
    {
      "language": {
        "name": "en",
        "url": "https://pokeapi.co/api/v2/language/9/"
      },
      "name": "Floette"
    },
    {
      "language": {
        "name": "ja",
        "url": "https://pokeapi.co/api/v2/language/11/"
      },
      "name": "\u30d5\u30e9\u30a8\u30c3\u30c6"
    },
    {
      "language": {
        "name": "zh-Hans",
        "url": "https://pokeapi.co/api/v2/language/12/"
      },
      "name": "\u82b1\u53f6\u8482"
    }
  ],
  "order": 671,
  "pal_park_encounters": [],
  "pokedex_numbers": [
    {
      "entry_number": 670,
      "pokedex": {
        "name": "national",
        "url": "https://pokeapi.co/api/v2/pokedex/1/"
      }
    },
    {
      "entry_number": 69,
      "pokedex": {
        "name": "kalos-central",
        "url": "https://pokeapi.co/api/v2/pokedex/12/"
      }
    },
    {
      "entry_number": 101,
      "pokedex": {
        "name": "updated-alola",
        "url": "https://pokeapi.co/api/v2/pokedex/21/"
      }
    },
    {
      "entry_number": 101,
      "pokedex": {
        "name": "updated-melemele",
        "url": "https://pokeapi.co/api/v2/pokedex/22/"
      }
    },
    {
      "entry_number": 46,
      "pokedex": {
        "name": "updated-ulaula",
        "url": "https://pokeapi.co/api/v2/pokedex/24/"
      }
    },
    {
      "entry_number": 45,
      "pokedex": {
        "name": "updated-poni",
        "url": "https://pokeapi.co/api/v2/pokedex/25/"
      }
    },
    {
      "entry_number": 146,
      "pokedex": {
        "name": "paldea",
        "url": "https://pokeapi.co/api/v2/pokedex/31/"
      }
    },
    {
      "entry_number": 39,
      "pokedex": {
        "name": "lumiose-city",
        "url": "https://pokeapi.co/api/v2/pokedex/34/"
      }
    }
  ],
  "shape": {
    "name": "arms",
    "url": "https://pokeapi.co/api/v2/pokemon-shape/4/"
  },
  "varieties": [
    {
      "is_default": true,
      "pokemon": {
        "name": "floette",
        "url": "https://pokeapi.co/api/v2/pokemon/670/"
      }
    },
    {
      "is_default": false,
      "pokemon": {
        "name": "floette-eternal",
        "url": "https://pokeapi.co/api/v2/pokemon/10061/"
      }
    },
    {
      "is_default": false,
      "pokemon": {
        "name": "floette-mega",
        "url": "https://pokeapi.co/api/v2/pokemon/10296/"
      }
    }
  ]
}