{
  "base_happiness": 70,
  "capture_rate": 255,
  "color": {
    "name": "pink",
    "url": "https://pokeapi.co/api/v2/pokemon-color/6/"
  },
  "egg_groups": [
    {
      "name": "fairy",
      "url": "https://pokeapi.co/api/v2/egg-group/6/"
    },
    {
      "name": "plant",
      "url": "https://pokeapi.co/api/v2/egg-group/7/"
    }
  ],
  "evolution_chain": {
    "url": "https://pokeapi.co/api/v2/evolution-chain/92/"
  },
  "evolves_from_species": null,
  "flavor_text_entries": [
    {
      "flavor_text": "To keep from being\nblown away by the\nwind, they gather\fin clusters. They\ndo enjoy gentle\nbreezes, though.",
      "language": {
        "name": "en",
        "url": "https://pokeapi.co/api/v2/language/9/"
      },
      "version": {
        "name": "gold",
        "url": "https://pokeapi.co/api/v2/version/4/"
      }
    },
    {
      "flavor_text": "Its body is so\nlight, it must\ngrip the ground\ffirmly with its\nfeet to keep from\nbeing blown away.",
      "language": {
        "name": "en",
        "url": "https://pokeapi.co/api/v2/language/9/"
      },
      "version": {
        "name": "silver",
        "url": "https://pokeapi.co/api/v2/version/5/"
      }
    },
    {
      "flavor_text": "It can be carried\naway on even the\ngentlest breeze.\fIt may even float\nall the way to the\nnext town.",
      "language": {
        "name": "en",
        "url": "https://pokeapi.co/api/v2/language/9/"
      },
      "version": {
        "name": "crystal",
        "url": "https://pokeapi.co/api/v2/version/6/"
      }
    },
    {
      "flavor_text": "This POK\u00e9MON drifts and floats with the\nwind. If it senses the approach of\nstrong winds, HOPPIP links its leaves\fwith other HOPPIP to prepare against\nbeing blown away.",
      "language": {
        "name": "en",
        "url": "https://pokeapi.co/api/v2/language/9/"
      },
      "version": {
        "name": "ruby",
        "url": "https://pokeapi.co/api/v2/version/7/"
      }
    },
    {
      "flavor_text": "This POK\u00e9MON drifts and floats with the\nwind. If it senses the approach of\nstrong winds, HOPPIP links its leaves\fwith other HOPPIP to prepare against\nbeing blown away.",
      "language": {
        "name": "en",
        "url": "https://pokeapi.co/api/v2/language/9/"
      },
      "version": {
        "name": "sapphire",
        "url": "https://pokeapi.co/api/v2/version/8/"
      }
    },
    {
      "flavor_text": "This POK\u00e9MON drifts and floats with the\nwind. If it senses the approach of strong\nwinds, a HOPPIP links leaves with others\nto prepare against being blown away.",
      "language": {
        "name": "en",
        "url": "https://pokeapi.co/api/v2/language/9/"
      },
      "version": {
        "name": "emerald",
        "url": "https://pokeapi.co/api/v2/version/9/"
      }
    },
    {
      "flavor_text": "Its body is so light, it must grip the\nground firmly with its feet to keep from\nbeing blown away.",
      "language": {
        "name": "en",
        "url": "https://pokeapi.co/api/v2/language/9/"
      },
      "version": {
        "name": "firered",
        "url": "https://pokeapi.co/api/v2/version/10/"
      }
    },
    {
      "flavor_text": "To keep from being blown away by the\nwind, they gather in clusters. They do\nenjoy gentle breezes, though.",
      "language": {
        "name": "en",
        "url": "https://pokeapi.co/api/v2/language/9/"
      },
      "version": {
        "name": "leafgreen",
        "url": "https://pokeapi.co/api/v2/version/11/"
      }
    },
    {
      "flavor_text": "It drifts on winds. It is said that\nwhen HOPPIP gather in fields and\nmountains, spring is on the way.",
      "language": {
        "name": "en",
        "url": "https://pokeapi.co/api/v2/language/9/"
      },
      "version": {
        "name": "diamond",
        "url": "https://pokeapi.co/api/v2/version/12/"
      }
    },
    {
      "flavor_text": "It drifts on winds. It is said that\nwhen HOPPIP gather in fields and\nmountains, spring is on the way.",
      "language": {
        "name": "en",
        "url": "https://pokeapi.co/api/v2/language/9/"
      },
      "version": {
        "name": "pearl",
        "url": "https://pokeapi.co/api/v2/version/13/"
      }
    },
    {
      "flavor_text": "It drifts on winds. It is said that\nwhen HOPPIP gather in fields and\nmountains, spring is on the way.",
      "language": {
        "name": "en",
        "url": "https://pokeapi.co/api/v2/language/9/"
      },
      "version": {
        "name": "platinum",
        "url": "https://pokeapi.co/api/v2/version/14/"
      }
    },
    {
      "flavor_text": "To keep from being blown away by\nthe wind, they gather in clusters.\nBut they do enjoy gentle breezes.",
      "language": {
        "name": "en",
        "url": "https://pokeapi.co/api/v2/language/9/"
      },
      "version": {
        "name": "heartgold",
        "url": "https://pokeapi.co/api/v2/version/15/"
      }
    },
    {
      "flavor_text": "Its body is so light, it must\ngrip the ground firmly with its\nfeet to keep from being blown away.",
      "language": {
        "name": "en",
        "url": "https://pokeapi.co/api/v2/language/9/"
      },
      "version": {
        "name": "soulsilver",
        "url": "https://pokeapi.co/api/v2/version/16/"
      }
    },
    {
      "flavor_text": "Il d\u00e9rive avec le vent. Sa pr\u00e9sence\nen nombre dans les champs et les\nmontagnes annonce le printemps.",
      "language": {
        "name": "fr",
        "url": "https://pokeapi.co/api/v2/language/5/"
      },
      "version": {
        "name": "black",
        "url": "https://pokeapi.co/api/v2/version/17/"
      }
    },
    {
      "flavor_text": "It drifts on winds. It is said that\nwhen Hoppip gather in fields and\nmountains, spring is on the way.",
      "language": {
        "name": "en",
        "url": "https://pokeapi.co/api/v2/language/9/"
      },
      "version": {
        "name": "black",
        "url": "https://pokeapi.co/api/v2/version/17/"
      }
    },
    {
      "flavor_text": "Il d\u00e9rive avec le vent. Sa pr\u00e9sence\nen nombre dans les champs et les\nmontagnes annonce le printemps.",
      "language": {
        "name": "fr",
        "url": "https://pokeapi.co/api/v2/language/5/"
      },
      "version": {
        "name": "white",
        "url": "https://pokeapi.co/api/v2/version/18/"
      }
    },
    {
      "flavor_text": "It drifts on winds. It is said that\nwhen Hoppip gather in fields and\nmountains, spring is on the way.",
      "language": {
        "name": "en",
        "url": "https://pokeapi.co/api/v2/language/9/"
      },
      "version": {
        "name": "white",
        "url": "https://pokeapi.co/api/v2/version/18/"
      }
    },
    {
      "flavor_text": "It drifts on winds. It is said that\nwhen Hoppip gather in fields and\nmountains, spring is on the way.",
      "language": {
        "name": "en",
        "url": "https://pokeapi.co/api/v2/language/9/"
      },
      "version": {
        "name": "black-2",
        "url": "https://pokeapi.co/api/v2/version/21/"
      }
    },
    {
      "flavor_text": "It drifts on winds. It is said that\nwhen Hoppip gather in fields and\nmountains, spring is on the way.",
      "language": {
        "name": "en",
        "url": "https://pokeapi.co/api/v2/language/9/"
      },
      "version": {
        "name": "white-2",
        "url": "https://pokeapi.co/api/v2/version/22/"
      }
    },
    {
      "flavor_text": "\u3068\u3066\u3082\u3000\u304b\u308b\u3044\u3000\u304b\u3089\u3060\u3002\n\u3075\u304d\u3068\u3070\u3055\u308c\u306a\u3044\u3088\u3046\u3000\u3057\u3063\u304b\u308a\n\u3058\u3081\u3093\u3092\u3000\u3075\u307f\u3057\u3081\u3066\u3044\u308b\u3002",
      "language": {
        "name": "ja-Hrkt",
        "url": "https://pokeapi.co/api/v2/language/1/"
      },
      "version": {
        "name": "x",
        "url": "https://pokeapi.co/api/v2/version/23/"
      }
    },
    {
      "flavor_text": "\ub9e4\uc6b0 \uac00\ubcbc\uc6b4 \ubab8\uc744 \uac00\uc84c\ub2e4.\n\ubc14\ub78c\uc5d0 \ub0a0\uc544\uac00\uc9c0 \uc54a\ub3c4\ub85d \ub2e8\ub2e8\ud788\n\uc9c0\uba74\uc744 \ubc1f\uc544 \uc9c0\ud0f1\ud558\uace0 \uc788\ub2e4.",
      "language": {
        "name": "ko",
        "url": "https://pokeapi.co/api/v2/language/3/"
      },
      "version": {
        "name": "x",
        "url": "https://pokeapi.co/api/v2/version/23/"
      }
    },
    {
      "flavor_text": "Son corps est si l\u00e9ger qu\u2019il doit s\u2019agripper au sol pour\n\u00e9viter de s\u2019envoler les jours de brise.",
      "language": {
        "name": "fr",
        "url": "https://pokeapi.co/api/v2/language/5/"
      },
      "version": {
        "name": "x",
        "url": "https://pokeapi.co/api/v2/version/23/"
      }
    },
    {
      "flavor_text": "Sein K\u00f6rper ist so leicht, dass es seine F\u00fc\u00dfe im\nBoden verankert, damit es nicht davongeweht wird.",
      "language": {
        "name": "de",
        "url": "https://pokeapi.co/api/v2/language/6/"
      },
      "version": {
        "name": "x",
        "url": "https://pokeapi.co/api/v2/version/23/"
      }
    },
    {
      "flavor_text": "Su cuerpo es tan ligero, que debe agarrarse bien al\nsuelo con las patas para no irse con el viento.",
      "language": {
        "name": "es",
        "url": "https://pokeapi.co/api/v2/language/7/"
      },
      "version": {
        "name": "x",
        "url": "https://pokeapi.co/api/v2/version/23/"
      }
    },
    {
      "flavor_text": "Ha un corpo cos\u00ec leggero che deve aggrapparsi\nsaldamente al suolo per non volare via.",
      "language": {
        "name": "it",
        "url": "https://pokeapi.co/api/v2/language/8/"
      },
      "version": {
        "name": "x",
        "url": "https://pokeapi.co/api/v2/version/23/"
      }
    },
    {
      "flavor_text": "Its body is so light, it must grip the ground firmly\nwith its feet to keep from being blown away.",
      "language": {
        "name": "en",
        "url": "https://pokeapi.co/api/v2/language/9/"
      },
      "version": {
        "name": "x",
        "url": "https://pokeapi.co/api/v2/version/23/"
      }
    },
    {
      "flavor_text": "\u3068\u3066\u3082\u3000\u8efd\u3044\u3000\u4f53\u3002\n\u5439\u304d\u98db\u3070\u3055\u308c\u306a\u3044\u3088\u3046\u3000\u3057\u3063\u304b\u308a\n\u5730\u9762\u3092\u3000\u8e0f\u307f\u3057\u3081\u3066\u3044\u308b\u3002",
      "language": {
        "name": "ja",
        "url": "https://pokeapi.co/api/v2/language/11/"
      },
      "version": {
        "name": "x",
        "url": "https://pokeapi.co/api/v2/version/23/"
      }
    },
    {
      "flavor_text": "\u304b\u305c\u306b\u3000\u306a\u304c\u3055\u308c\u3066\u3000\u305f\u3060\u3088\u3046\u3002\n\u306e\u3084\u307e\u306b\u3000\u30cf\u30cd\u30c3\u30b3\u304c\u3000\u3042\u3064\u307e\u308a\u3060\u3059\u3068\n\u306f\u308b\u304c\u3000\u304a\u3068\u305a\u308c\u308b\u3068\u3000\u3044\u308f\u308c\u3066\u3044\u308b\u3002",
      "language": {
        "name": "ja-Hrkt",
        "url": "https://pokeapi.co/api/v2/language/1/"
      },
      "version": {
        "name": "y",
        "url": "https://pokeapi.co/api/v2/version/24/"
      }
    },
    {
      "flavor_text": "\ubc14\ub78c\uc5d0 \ub0a0\ub824 \ub5a0\ub2e4\ub2cc\ub2e4.\n\uc0b0\uacfc \ub4e4\uc5d0 \ud1b5\ud1b5\ucf54\uac00 \ubaa8\uc5ec\ub4e4\uba74\n\ubd04\uc774 \ucc3e\uc544\uc628\ub2e4\uace0 \uc804\ud574\uc9c4\ub2e4.",
      "language": {
        "name": "ko",
        "url": "https://pokeapi.co/api/v2/language/3/"
      },
      "version": {
        "name": "y",
        "url": "https://pokeapi.co/api/v2/version/24/"
      }
    },
    {
      "flavor_text": "Il d\u00e9rive avec le vent. Sa pr\u00e9sence en nombre dans\nles champs et les montagnes annonce le printemps.",
      "language": {
        "name": "fr",
        "url": "https://pokeapi.co/api/v2/language/5/"
      },
      "version": {
        "name": "y",
        "url": "https://pokeapi.co/api/v2/version/24/"
      }
    },
    {
      "flavor_text": "Es reitet auf dem Wind. Man sagt, wenn sich\nHoppspross versammeln, kommt der Fr\u00fchling bald.",
      "language": {
        "name": "de",
        "url": "https://pokeapi.co/api/v2/language/6/"
      },
      "version": {
        "name": "y",
        "url": "https://pokeapi.co/api/v2/version/24/"
      }
    },
    {
      "flavor_text": "Flotan en el aire. Se dice que, cuando los Hoppip se\nre\u00fanen, es que la primavera est\u00e1 al caer.",
      "language": {
        "name": "es",
        "url": "https://pokeapi.co/api/v2/language/7/"
      },
      "version": {
        "name": "y",
        "url": "https://pokeapi.co/api/v2/version/24/"
      }
    },
    {
      "flavor_text": "Giunge sospinto dai venti. Si dice che quando\nHoppip appare su campi e monti, la primavera sia\nin arrivo.",
      "language": {
        "name": "it",
        "url": "https://pokeapi.co/api/v2/language/8/"
      },
      "version": {
        "name": "y",
        "url": "https://pokeapi.co/api/v2/version/24/"
      }
    },
    {
      "flavor_text": "It drifts on winds. It is said that when Hoppip gather\nin fields and mountains, spring is on the way.",
      "language": {
        "name": "en",
        "url": "https://pokeapi.co/api/v2/language/9/"
      },
      "version": {
        "name": "y",
        "url": "https://pokeapi.co/api/v2/version/24/"
      }
    },
    {
      "flavor_text": "\u98a8\u306b\u3000\u6d41\u3055\u308c\u3066\u3000\u6f02\u3046\u3002\n\u91ce\u5c71\u306b\u3000\u30cf\u30cd\u30c3\u30b3\u304c\u3000\u96c6\u307e\u308a\u51fa\u3059\u3068\n\u6625\u304c\u3000\u8a2a\u308c\u308b\u3068\u3000\u8a00\u308f\u308c\u3066\u3044\u308b\u3002",
      "language": {
        "name": "ja",
        "url": "https://pokeapi.co/api/v2/language/11/"
      },
      "version": {
        "name": "y",
        "url": "https://pokeapi.co/api/v2/version/24/"
      }
    },
    {
      "flavor_text": "\u304b\u305c\u306b\u3000\u306e\u3063\u3066\u3000\u3075\u308f\u3075\u308f\u3000\u305f\u3060\u3088\u3046\u3000\u30dd\u30b1\u30e2\u30f3\u3002\n\u304d\u3087\u3046\u3075\u3046\u306e\u3000\u3051\u306f\u3044\u3092\u3000\u304b\u3093\u3058\u308b\u3068\u3000\u306a\u304b\u307e\u3069\u3046\u3057\n\u306f\u3063\u3071\u3092\u3000\u304b\u3089\u3081\u3000\u3068\u3070\u3055\u308c\u306a\u3044\u3000\u3058\u3085\u3093\u3073\u3092\u3059\u308b\u3002",
      "language": {
        "name": "ja-Hrkt",
        "url": "https://pokeapi.co/api/v2/language/1/"
      },
      "version": {
        "name": "omega-ruby",
        "url": "https://pokeapi.co/api/v2/version/25/"
      }
    },
    {
      "flavor_text": "\ubc14\ub78c\uc744 \ud0c0\uace0 \ub465\ub465 \ub5a0\ub2e4\ub2c8\ub294 \ud3ec\ucf13\ubaac\uc774\ub2e4.\n\uac15\ud48d\uc758 \uae30\ucc99\uc744 \ub290\ub07c\uba74 \ub3d9\ub8cc\ub07c\ub9ac\n\uc78e\uc0ac\uadc0\ub97c \ud718\uac10\uc544 \ub0a0\uc544\uac00\uc9c0 \uc54a\ub3c4\ub85d \uc900\ube44\ud55c\ub2e4.",
      "language": {
        "name": "ko",
        "url": "https://pokeapi.co/api/v2/language/3/"
      },
      "version": {
        "name": "omega-ruby",
        "url": "https://pokeapi.co/api/v2/version/25/"
      }
    },
    {
      "flavor_text": "Ce Pok\u00e9mon flotte \u00e0 la d\u00e9rive, port\u00e9 par le vent. S\u2019il sent\nqu\u2019un vent tr\u00e8s fort approche, Granivol attache ses feuilles aux\nautres Granivol pour ne pas \u00eatre emport\u00e9 par la bourrasque.",
      "language": {
        "name": "fr",
        "url": "https://pokeapi.co/api/v2/language/5/"
      },
      "version": {
        "name": "omega-ruby",
        "url": "https://pokeapi.co/api/v2/version/25/"
      }
    },
    {
      "flavor_text": "Hoppspross l\u00e4sst sich vom Wind treiben. Wenn es bemerkt,\ndass ein Sturm aufkommt, verbindet es seine Bl\u00e4tter mit\nanderen Hoppspross, damit es nicht davongeweht wird.",
      "language": {
        "name": "de",
        "url": "https://pokeapi.co/api/v2/language/6/"
      },
      "version": {
        "name": "omega-ruby",
        "url": "https://pokeapi.co/api/v2/version/25/"
      }
    },
    {
      "flavor_text": "Este Pok\u00e9mon flota en el aire y se deja llevar. Cuando\npercibe que el viento va a cambiar a fuerte, Hoppip entrelaza\nsus hojas con otros Hoppip para hacer resistencia y evitar\nsalir volando por la fuerza de la corriente.",
      "language": {
        "name": "es",
        "url": "https://pokeapi.co/api/v2/language/7/"
      },
      "version": {
        "name": "omega-ruby",
        "url": "https://pokeapi.co/api/v2/version/25/"
      }
    },
    {
      "flavor_text": "Hoppip fluttua nell\u2019aria trasportato dal vento. Se percepisce\nl\u2019avvicinarsi di una forte corrente, Hoppip unisce le foglie con\nquelle dei suoi simili per non essere spazzato via.",
      "language": {
        "name": "it",
        "url": "https://pokeapi.co/api/v2/language/8/"
      },
      "version": {
        "name": "omega-ruby",
        "url": "https://pokeapi.co/api/v2/version/25/"
      }
    },
    {
      "flavor_text": "This Pok\u00e9mon drifts and floats with the wind. If it senses the\napproach of strong winds, Hoppip links its leaves with other\nHoppip to prepare against being blown away.",
      "language": {
        "name": "en",
        "url": "https://pokeapi.co/api/v2/language/9/"
      },
      "version": {
        "name": "omega-ruby",
        "url": "https://pokeapi.co/api/v2/version/25/"
      }
    },
    {
      "flavor_text": "\u98a8\u306b\u3000\u4e57\u3063\u3066\u3000\u3075\u308f\u3075\u308f\u3000\u6f02\u3046\u3000\u30dd\u30b1\u30e2\u30f3\u3002\n\u5f37\u98a8\u306e\u3000\u6c17\u914d\u3092\u3000\u611f\u3058\u308b\u3068\u3000\u4ef2\u9593\u540c\u58eb\n\u8449\u3063\u3071\u3092\u3000\u7d61\u3081\u3000\u98db\u3070\u3055\u308c\u306a\u3044\u3000\u6e96\u5099\u3092\u3059\u308b\u3002",
      "language": {
        "name": "ja",
        "url": "https://pokeapi.co/api/v2/language/11/"
      },
      "version": {
        "name": "omega-ruby",
        "url": "https://pokeapi.co/api/v2/version/25/"
      }
    },
    {
      "flavor_text": "\u304b\u305c\u306b\u3000\u306e\u3063\u3066\u3000\u3075\u308f\u3075\u308f\u3000\u305f\u3060\u3088\u3046\u3000\u30dd\u30b1\u30e2\u30f3\u3002\n\u304d\u3087\u3046\u3075\u3046\u306e\u3000\u3051\u306f\u3044\u3092\u3000\u304b\u3093\u3058\u308b\u3068\u3000\u306a\u304b\u307e\u3069\u3046\u3057\n\u306f\u3063\u3071\u3092\u3000\u304b\u3089\u3081\u3000\u3068\u3070\u3055\u308c\u306a\u3044\u3000\u3058\u3085\u3093\u3073\u3092\u3059\u308b\u3002",
      "language": {
        "name": "ja-Hrkt",
        "url": "https://pokeapi.co/api/v2/language/1/"
      },
      "version": {
        "name": "alpha-sapphire",
        "url": "https://pokeapi.co/api/v2/version/26/"
      }
    },
    {
      "flavor_text": "\ubc14\ub78c\uc744 \ud0c0\uace0 \ub465\ub465 \ub5a0\ub2e4\ub2c8\ub294 \ud3ec\ucf13\ubaac\uc774\ub2e4.\n\uac15\ud48d\uc758 \uae30\ucc99\uc744 \ub290\ub07c\uba74 \ub3d9\ub8cc\ub07c\ub9ac\n\uc78e\uc0ac\uadc0\ub97c \ud718\uac10\uc544 \ub0a0\uc544\uac00\uc9c0 \uc54a\ub3c4\ub85d \uc900\ube44\ud55c\ub2e4.",
      "language": {
        "name": "ko",
        "url": "https://pokeapi.co/api/v2/language/3/"
      },
      "version": {
        "name": "alpha-sapphire",
        "url": "https://pokeapi.co/api/v2/version/26/"
      }
    },
    {
      "flavor_text": "Ce Pok\u00e9mon flotte \u00e0 la d\u00e9rive, port\u00e9 par le vent. S\u2019il sent\nqu\u2019un vent tr\u00e8s fort approche, Granivol attache ses feuilles aux\nautres Granivol pour ne pas \u00eatre emport\u00e9 par la bourrasque.",
      "language": {
        "name": "fr",
        "url": "https://pokeapi.co/api/v2/language/5/"
      },
      "version": {
        "name": "alpha-sapphire",
        "url": "https://pokeapi.co/api/v2/version/26/"
      }
    },
    {
      "flavor_text": "Hoppspross l\u00e4sst sich vom Wind treiben. Wenn es bemerkt,\ndass ein Sturm aufkommt, verbindet es seine Bl\u00e4tter mit\nanderen Hoppspross, damit es nicht davongeweht wird.",
      "language": {
        "name": "de",
        "url": "https://pokeapi.co/api/v2/language/6/"
      },
      "version": {
        "name": "alpha-sapphire",
        "url": "https://pokeapi.co/api/v2/version/26/"
      }
    },
    {
      "flavor_text": "Este Pok\u00e9mon flota en el aire y se deja llevar. Cuando\npercibe que el viento va a cambiar a fuerte, Hoppip entrelaza\nsus hojas con otros Hoppip para hacer resistencia y evitar\nsalir volando por la fuerza de la corriente.",
      "language": {
        "name": "es",
        "url": "https://pokeapi.co/api/v2/language/7/"
      },
      "version": {
        "name": "alpha-sapphire",
        "url": "https://pokeapi.co/api/v2/version/26/"
      }
    },
    {
      "flavor_text": "Hoppip fluttua nell\u2019aria trasportato dal vento. Se percepisce\nl\u2019avvicinarsi di una forte corrente, Hoppip unisce le foglie con\nquelle dei suoi simili per non essere spazzato via.",
      "language": {
        "name": "it",
        "url": "https://pokeapi.co/api/v2/language/8/"
      },
      "version": {
        "name": "alpha-sapphire",
        "url": "https://pokeapi.co/api/v2/version/26/"
      }
    },
    {
      "flavor_text": "This Pok\u00e9mon drifts and floats with the wind. If it senses the\napproach of strong winds, Hoppip links its leaves with other\nHoppip to prepare against being blown away.",
      "language": {
        "name": "en",
        "url": "https://pokeapi.co/api/v2/language/9/"
      },
      "version": {
        "name": "alpha-sapphire",
        "url": "https://pokeapi.co/api/v2/version/26/"
      }
    },
    {
      "flavor_text": "\u98a8\u306b\u3000\u4e57\u3063\u3066\u3000\u3075\u308f\u3075\u308f\u3000\u6f02\u3046\u3000\u30dd\u30b1\u30e2\u30f3\u3002\n\u5f37\u98a8\u306e\u3000\u6c17\u914d\u3092\u3000\u611f\u3058\u308b\u3068\u3000\u4ef2\u9593\u540c\u58eb\n\u8449\u3063\u3071\u3092\u3000\u7d61\u3081\u3000\u98db\u3070\u3055\u308c\u306a\u3044\u3000\u6e96\u5099\u3092\u3059\u308b\u3002",
      "language": {
        "name": "ja",
        "url": "https://pokeapi.co/api/v2/language/11/"
      },
      "version": {
        "name": "alpha-sapphire",
        "url": "https://pokeapi.co/api/v2/version/26/"
      }
    },
    {
      "flavor_text": "Seinen leichten K\u00f6rper weht selbst eine Brise\ndavon. Es liebt es, sich vom warmen\nFr\u00fchlingswind treiben zu lassen.",
      "language": {
        "name": "de",
        "url": "https://pokeapi.co/api/v2/language/6/"
      },
      "version": {
        "name": "ultra-sun",
        "url": "https://pokeapi.co/api/v2/version/29/"
      }
    },
    {
      "flavor_text": "Es l\u00e4sst sich vom Wind treiben. Manchmal verirrt\nes sich, wenn es von einem Windsto\u00df davon-\ngeweht wird.",
      "language": {
        "name": "de",
        "url": "https://pokeapi.co/api/v2/language/6/"
      },
      "version": {
        "name": "ultra-moon",
        "url": "https://pokeapi.co/api/v2/version/30/"
      }
    }
  ],
  "form_descriptions": [],
  "forms_switchable": false,
  "gender_rate": 4,
  "genera": [
    {
      "genus": "\u308f\u305f\u304f\u3055\u30dd\u30b1\u30e2\u30f3",
      "language": {
        "name": "ja-Hrkt",
        "url": "https://pokeapi.co/api/v2/language/1/"
      }
    },
    {
      "genus": "\uc19c\ud480\ud3ec\ucf13\ubaac",
      "language": {
        "name": "ko",
        "url": "https://pokeapi.co/api/v2/language/3/"
      }
    },
    {
      "genus": "\u68c9\u8349\u5bf6\u53ef\u5922",
      "language": {
        "name": "zh-Hant",
        "url": "https://pokeapi.co/api/v2/language/4/"
      }
    },
    {
      "genus": "Pok\u00e9mon Pissenlit",
      "language": {
        "name": "fr",
        "url": "https://pokeapi.co/api/v2/language/5/"
      }
    },
    {
      "genus": "L\u00f6wenzahn",
      "language": {
        "name": "de",
        "url": "https://pokeapi.co/api/v2/language/6/"
      }
    },
    {
      "genus": "Pok\u00e9mon Algad\u00f3n",
      "language": {
        "name": "es",
        "url": "https://pokeapi.co/api/v2/language/7/"
      }
    },
    {
      "genus": "Pok\u00e9mon Gramigna",
      "language": {
        "name": "it",
        "url": "https://pokeapi.co/api/v2/language/8/"
      }
    },
    {
      "genus": "Cottonweed Pok\u00e9mon",
      "language": {
        "name": "en",
        "url": "https://pokeapi.co/api/v2/language/9/"
      }
    },
    {
      "genus": "\u308f\u305f\u304f\u3055\u30dd\u30b1\u30e2\u30f3",
      "language": {
        "name": "ja",
        "url": "https://pokeapi.co/api/v2/language/11/"
      }
    },
    {
      "genus": "\u68c9\u8349\u5b9d\u53ef\u68a6",
      "language": {
        "name": "zh-Hans",
        "url": "https://pokeapi.co/api/v2/language/12/"
      }
    }
  ],
  "generation": {
    "name": "generation-ii",
    "url": "https://pokeapi.co/api/v2/generation/2/"
  },
  "growth_rate": {
    "name": "medium-slow",
    "url": "https://pokeapi.co/api/v2/growth-rate/4/"
  },
  "habitat": {
    "name": "grassland",
    "url": "https://pokeapi.co/api/v2/pokemon-habitat/3/"
  },
  "has_gender_differences": false,
  "hatch_counter": 20,
  "id": 187,
  "is_baby": false,
  "is_legendary": false,
  "is_mythical": false,
  "name": "hoppip",
  "names": [
    {
      "language": {
        "name": "ja-Hrkt",
        "url": "https://pokeapi.co/api/v2/language/1/"
      },
      "name": "\u30cf\u30cd\u30c3\u30b3"
    },
    {
      "language": {
        "name": "roomaji",
        "url": "https://pokeapi.co/api/v2/language/2/"
      },
      "name": "Hanecco"
    },
    {
      "language": {
        "name": "ko",
        "url": "https://pokeapi.co/api/v2/language/3/"
      },
      "name": "\ud1b5\ud1b5\ucf54"
    },
    {
      "language": {
        "name": "zh-Hant",
        "url": "https://pokeapi.co/api/v2/language/4/"
      },
      "name": "\u6bfd\u5b50\u8349"
    },
    {
      "language": {
        "name": "fr",
        "url": "https://pokeapi.co/api/v2/language/5/"
      },
      "name": "Granivol"
    },
    {
      "language": {
        "name": "de",
        "url": "https://pokeapi.co/api/v2/language/6/"
      },
      "name": "Hoppspross"
    },
    {
      "language": {
        "name": "es",
        "url": "https://pokeapi.co/api/v2/language/7/"
      },
      "name": "Hoppip"
    },
    {
      "language": {
        "name": "it",
        "url": "https://pokeapi.co/api/v2/language/8/"
      },
      "name": "Hoppip"
    },
    {
      "language": {
        "name": "en",
        "url": "https://pokeapi.co/api/v2/language/9/"
      },
      "name": "Hoppip"
    },
    {
      "language": {
        "name": "ja",
        "url": "https://pokeapi.co/api/v2/language/11/"
      },
      "name": "\u30cf\u30cd\u30c3\u30b3"
    },
    {
      "language": {
        "name": "zh-Hans",
        "url": "https://pokeapi.co/api/v2/language/12/"
      },
      "name": "\u6bfd\u5b50\u8349"
    }
  ],
  "order": 216,
  "pal_park_encounters": [
    {
      "area": {
        "name": "field",
        "url": "https://pokeapi.co/api/v2/pal-park-area/2/"
      },
      "base_score": 50,
      "rate": 30
    }
  ],
  "pokedex_numbers": [
    {
      "entry_number": 187,
      "pokedex": {
        "name": "national",
        "url": "https://pokeapi.co/api/v2/pokedex/1/"
      }
    },
    {
      "entry_number": 67,
      "pokedex": {
        "name": "original-johto",
        "url": "https://pokeapi.co/api/v2/pokedex/3/"
      }
    },
    {
      "entry_number": 67,
      "pokedex": {
        "name": "updated-johto",
        "url": "https://pokeapi.co/api/v2/pokedex/7/"
      }
    },
    {
      "entry_number": 135,
      "pokedex": {
        "name": "kalos-central",
        "url": "https://pokeapi.co/api/v2/pokedex/12/"
      }
    },
    {
      "entry_number": 16,
      "pokedex": {
        "name": "paldea",
        "url": "https://pokeapi.co/api/v2/pokedex/31/"
      }
    }
  ],
  "shape": {
    "name": "upright",
    "url": "https://pokeapi.co/api/v2/pokemon-shape/6/"
  },
  "varieties": [
    {
      "is_default": true,
      "pokemon": {
        "name": "hoppip",
        "url": "https://pokeapi.co/api/v2/pokemon/187/"
      }
    }
  ]
}