{"flavor_text_entries": [{"flavor_text": "It can distinguish the faintest of scents.\nIt puts its sensitive sense of smell to use\nby helping pastry chefs in their work.", "language": {"name": "en", "url": "https://pokeapi.co/api/v2/language/9/"}, "version": {"name": "x", "url": "https://pokeapi.co/api/v2/version/23/"}}, {"flavor_text": "Its sense of smell is 100 million times better than\na human\u2019s, so even the faintest scent tells it about\neverything in the area. It\u2019s like it can see with its nose!", "language": {"name": "en", "url": "https://pokeapi.co/api/v2/language/9/"}, "version": {"name": "y", "url": "https://pokeapi.co/api/v2/version/24/"}}, {"flavor_text": "It can distinguish the faintest of scents.\nIt puts its sensitive sense of smell to use\nby helping pastry chefs in their work.", "language": {"name": "en", "url": "https://pokeapi.co/api/v2/language/9/"}, "version": {"name": "omega-ruby", "url": "https://pokeapi.co/api/v2/version/25/"}}, {"flavor_text": "Its sense of smell is 100 million times better than\na human\u2019s, so even the faintest scent tells it about\neverything in the area. It\u2019s like it can see with its nose!", "language": {"name": "en", "url": "https://pokeapi.co/api/v2/language/9/"}, "version": {"name": "alpha-sapphire", "url": "https://pokeapi.co/api/v2/version/26/"}}, {"flavor_text": "By taking in a person\u2019s scent, it can sniff out their\nmental and physical condition. It\u2019s hoped that\nthis skill will have many medical applications.", "language": {"name": "en", "url": "https://pokeapi.co/api/v2/language/9/"}, "version": {"name": "sword", "url": "https://pokeapi.co/api/v2/version/33/"}}, {"flavor_text": "Slurpuff\u2019s fur contains a lot of air, making it soft\nto the touch and lighter than it looks.", "language": {"name": "en", "url": "https://pokeapi.co/api/v2/language/9/"}, "version": {"name": "shield", "url": "https://pokeapi.co/api/v2/version/34/"}}], "evolution_chain": {"url": "https://pokeapi.co/api/v2/evolution-chain/351/"}}