{"flavor_text_entries": [{"flavor_text": "It spins string\nnot only from its\nrear but also from\fits mouth. It is\nhard to tell which\nend is which.", "language": {"name": "en", "url": "https://pokeapi.co/api/v2/language/9/"}, "version": {"name": "gold", "url": "https://pokeapi.co/api/v2/version/4/"}}, {"flavor_text": "A single strand of\na special string\nis endlessly spun\fout of its rear.\nThe string leads\nback to its nest.", "language": {"name": "en", "url": "https://pokeapi.co/api/v2/language/9/"}, "version": {"name": "silver", "url": "https://pokeapi.co/api/v2/version/5/"}}, {"flavor_text": "Rather than mak\u00ad\ning a nest in one\nspecific spot, it\fwanders in search\nof food after\ndarkness falls.", "language": {"name": "en", "url": "https://pokeapi.co/api/v2/language/9/"}, "version": {"name": "crystal", "url": "https://pokeapi.co/api/v2/version/6/"}}, {"flavor_text": "ARIADOS\u2019s feet are tipped with tiny\nhooked claws that enable it to scuttle\non ceilings and vertical walls.\fThis POK\u00e9MON constricts the foe with\nthin and strong silk webbing.", "language": {"name": "en", "url": "https://pokeapi.co/api/v2/language/9/"}, "version": {"name": "ruby", "url": "https://pokeapi.co/api/v2/version/7/"}}, {"flavor_text": "ARIADOS\u2019s feet are tipped with tiny\nhooked claws that enable it to scuttle\non ceilings and vertical walls.\fThis POK\u00e9MON constricts the foe with\nthin and strong silk webbing.", "language": {"name": "en", "url": "https://pokeapi.co/api/v2/language/9/"}, "version": {"name": "sapphire", "url": "https://pokeapi.co/api/v2/version/8/"}}, {"flavor_text": "Its feet are tipped with tiny hooked claws\nthat enable it to scuttle on ceilings and\nvertical walls. It constricts its foe with\nthin and strong silk webbing.", "language": {"name": "en", "url": "https://pokeapi.co/api/v2/language/9/"}, "version": {"name": "emerald", "url": "https://pokeapi.co/api/v2/version/9/"}}, {"flavor_text": "A single strand of a special string is\nendlessly spun out of its rear. The string\nleads back to its nest.", "language": {"name": "en", "url": "https://pokeapi.co/api/v2/language/9/"}, "version": {"name": "firered", "url": "https://pokeapi.co/api/v2/version/10/"}}, {"flavor_text": "It spins string not only from its rear but\nalso from its mouth. It is hard to tell\nwhich end is which.", "language": {"name": "en", "url": "https://pokeapi.co/api/v2/language/9/"}, "version": {"name": "leafgreen", "url": "https://pokeapi.co/api/v2/version/11/"}}, {"flavor_text": "It attaches silk to its prey and\nsets it free. Later, it tracks the\nsilk to the prey and its friends.", "language": {"name": "en", "url": "https://pokeapi.co/api/v2/language/9/"}, "version": {"name": "diamond", "url": "https://pokeapi.co/api/v2/version/12/"}}, {"flavor_text": "It attaches silk to its prey and\nsets it free. Later, it tracks the\nsilk to the prey and its friends.", "language": {"name": "en", "url": "https://pokeapi.co/api/v2/language/9/"}, "version": {"name": "pearl", "url": "https://pokeapi.co/api/v2/version/13/"}}, {"flavor_text": "It attaches silk to its prey and\nsets it free. Later, it tracks the\nsilk to the prey and its friends.", "language": {"name": "en", "url": "https://pokeapi.co/api/v2/language/9/"}, "version": {"name": "platinum", "url": "https://pokeapi.co/api/v2/version/14/"}}, {"flavor_text": "It spins string not only from its\nrear but also from its mouth. It\u2019s\nhard to tell which end is which.", "language": {"name": "en", "url": "https://pokeapi.co/api/v2/language/9/"}, "version": {"name": "heartgold", "url": "https://pokeapi.co/api/v2/version/15/"}}, {"flavor_text": "A single strand of a special string\nis endlessly spun out of its rear.\nThe string leads back to its nest.", "language": {"name": "en", "url": "https://pokeapi.co/api/v2/language/9/"}, "version": {"name": "soulsilver", "url": "https://pokeapi.co/api/v2/version/16/"}}, {"flavor_text": "It attaches silk to its prey and\nsets it free. Later, it tracks the\nsilk to the prey and its friends.", "language": {"name": "en", "url": "https://pokeapi.co/api/v2/language/9/"}, "version": {"name": "black", "url": "https://pokeapi.co/api/v2/version/17/"}}, {"flavor_text": "It attaches silk to its prey and\nsets it free. Later, it tracks the\nsilk to the prey and its friends.", "language": {"name": "en", "url": "https://pokeapi.co/api/v2/language/9/"}, "version": {"name": "white", "url": "https://pokeapi.co/api/v2/version/18/"}}, {"flavor_text": "It attaches silk to its prey and\nsets it free. Later, it tracks the\nsilk to the prey and its friends.", "language": {"name": "en", "url": "https://pokeapi.co/api/v2/language/9/"}, "version": {"name": "black-2", "url": "https://pokeapi.co/api/v2/version/21/"}}, {"flavor_text": "It attaches silk to its prey and\nsets it free. Later, it tracks the\nsilk to the prey and its friends.", "language": {"name": "en", "url": "https://pokeapi.co/api/v2/language/9/"}, "version": {"name": "white-2", "url": "https://pokeapi.co/api/v2/version/22/"}}, {"flavor_text": "It spins string not only from its rear but also from\nits mouth. It\u2019s hard to tell which end is which.", "language": {"name": "en", "url": "https://pokeapi.co/api/v2/language/9/"}, "version": {"name": "x", "url": "https://pokeapi.co/api/v2/version/23/"}}, {"flavor_text": "It attaches silk to its prey and sets it free. Later,\nit tracks the silk to the prey and its friends.", "language": {"name": "en", "url": "https://pokeapi.co/api/v2/language/9/"}, "version": {"name": "y", "url": "https://pokeapi.co/api/v2/version/24/"}}, {"flavor_text": "Ariados\u2019s feet are tipped with tiny hooked claws that enable it\nto scuttle on ceilings and vertical walls. This Pok\u00e9mon\nconstricts the foe with thin and strong silk webbing.", "language": {"name": "en", "url": "https://pokeapi.co/api/v2/language/9/"}, "version": {"name": "omega-ruby", "url": "https://pokeapi.co/api/v2/version/25/"}}, {"flavor_text": "Ariados\u2019s feet are tipped with tiny hooked claws that enable it\nto scuttle on ceilings and vertical walls. This Pok\u00e9mon\nconstricts the foe with thin and strong silk webbing.", "language": {"name": "en", "url": "https://pokeapi.co/api/v2/language/9/"}, "version": {"name": "alpha-sapphire", "url": "https://pokeapi.co/api/v2/version/26/"}}, {"flavor_text": "There are some areas where people use the\nstring Ariados spins for their own weaving.\nThe resulting cloth is popular for its strength.", "language": {"name": "en", "url": "https://pokeapi.co/api/v2/language/9/"}, "version": {"name": "sun", "url": "https://pokeapi.co/api/v2/version/27/"}}, {"flavor_text": "It spins thread from both its rear and its mouth.\nThen it wraps its prey up in thread and sips\ntheir bodily fluids at its leisure.", "language": {"name": "en", "url": "https://pokeapi.co/api/v2/language/9/"}, "version": {"name": "moon", "url": "https://pokeapi.co/api/v2/version/28/"}}, {"flavor_text": "Every night, it wanders around in search of\nprey, whose movements it restrains by spewing\nthreads before it bites into them with its fangs.", "language": {"name": "en", "url": "https://pokeapi.co/api/v2/language/9/"}, "version": {"name": "ultra-sun", "url": "https://pokeapi.co/api/v2/version/29/"}}, {"flavor_text": "It spews threads from its mouth to catch its\nprey. When night falls, it leaves its web to go\nhunt aggressively.", "language": {"name": "en", "url": "https://pokeapi.co/api/v2/language/9/"}, "version": {"name": "ultra-moon", "url": "https://pokeapi.co/api/v2/version/30/"}}], "evolution_chain": {"url": "https://pokeapi.co/api/v2/evolution-chain/85/"}}