{"id": 57, "name": "primeape", "types": [{"slot": 1, "type": {"name": "fighting", "url": "https://pokeapi.co/api/v2/type/2/"}}], "stats": [{"base_stat": 65, "effort": 0, "stat": {"name": "hp", "url": "https://pokeapi.co/api/v2/stat/1/"}}, {"base_stat": 105, "effort": 2, "stat": {"name": "attack", "url": "https://pokeapi.co/api/v2/stat/2/"}}, {"base_stat": 60, "effort": 0, "stat": {"name": "defense", "url": "https://pokeapi.co/api/v2/stat/3/"}}, {"base_stat": 60, "effort": 0, "stat": {"name": "special-attack", "url": "https://pokeapi.co/api/v2/stat/4/"}}, {"base_stat": 70, "effort": 0, "stat": {"name": "special-defense", "url": "https://pokeapi.co/api/v2/stat/5/"}}, {"base_stat": 95, "effort": 0, "stat": {"name": "speed", "url": "https://pokeapi.co/api/v2/stat/6/"}}], "abilities": [{"ability": {"name": "vital-spirit", "url": "https://pokeapi.co/api/v2/ability/72/"}, "is_hidden": false, "slot": 1}, {"ability": {"name": "anger-point", "url": "https://pokeapi.co/api/v2/ability/83/"}, "is_hidden": false, "slot": 2}, {"ability": {"name": "defiant", "url": "https://pokeapi.co/api/v2/ability/128/"}, "is_hidden": true, "slot": 3}], "sprites": {"front_default": "https://raw.githubusercontent.com/PokeAPI/sprites/master/sprites/pokemon/57.png"}, "moves": [{"move": {"name": "karate-chop"}, "earliest_level": 1}, {"move": {"name": "mega-punch"}, "earliest_level": null}, {"move": {"name": "pay-day"}, "earliest_level": null}, {"move": {"name": "fire-punch"}, "earliest_level": null}, {"move": {"name": "ice-punch"}, "earliest_level": null}, {"move": {"name": "thunder-punch"}, "earliest_level": null}, {"move": {"name": "scratch"}, "earliest_level": 1}, {"move": {"name": "mega-kick"}, "earliest_level": null}, {"move": {"name": "headbutt"}, "earliest_level": null}, {"move": {"name": "body-slam"}, "earliest_level": null}, {"move": {"name": "take-down"}, "earliest_level": null}, {"move": {"name": "thrash"}, "earliest_level": 30}, {"move": {"name": "double-edge"}, "earliest_level": null}, {"move": {"name": "leer"}, "earliest_level": 1}, {"move": {"name": "hyper-beam"}, "earliest_level": null}, {"move": {"name": "submission"}, "earliest_level": null}, {"move": {"name": "low-kick"}, "earliest_level": 1}, {"move": {"name": "counter"}, "earliest_level": 1}, {"move": {"name": "seismic-toss"}, "earliest_level": 12}, {"move": {"name": "strength"}, "earliest_level": null}, {"move": {"name": "thunderbolt"}, "earliest_level": null}, {"move": {"name": "thunder"}, "earliest_level": null}, {"move": {"name": "earthquake"}, "earliest_level": null}, {"move": {"name": "dig"}, "earliest_level": null}, {"move": {"name": "toxic"}, "earliest_level": null}, {"move": {"name": "rage"}, "earliest_level": 1}, {"move": {"name": "mimic"}, "earliest_level": null}, {"move": {"name": "screech"}, "earliest_level": 21}, {"move": {"name": "double-team"}, "earliest_level": null}, {"move": {"name": "defense-curl"}, "earliest_level": null}, {"move": {"name": "focus-energy"}, "earliest_level": 1}, {"move": {"name": "bide"}, "earliest_level": null}, {"move": {"name": "metronome"}, "earliest_level": null}, {"move": {"name": "swift"}, "earliest_level": null}, {"move": {"name": "skull-bash"}, "earliest_level": 30}, {"move": {"name": "fury-swipes"}, "earliest_level": 1}, {"move": {"name": "rest"}, "earliest_level": null}, {"move": {"name": "rock-slide"}, "earliest_level": null}, {"move": {"name": "substitute"}, "earliest_level": null}, {"move": {"name": "thief"}, "earliest_level": null}, {"move": {"name": "snore"}, "earliest_level": null}, {"move": {"name": "curse"}, "earliest_level": null}, {"move": {"name": "reversal"}, "earliest_level": null}, {"move": {"name": "spite"}, "earliest_level": null}, {"move": {"name": "protect"}, "earliest_level": null}, {"move": {"name": "scary-face"}, "earliest_level": null}, {"move": {"name": "mud-slap"}, "earliest_level": 8}, {"move": {"name": "detect"}, "earliest_level": null}, {"move": {"name": "outrage"}, "earliest_level": 53}, {"move": {"name": "endure"}, "earliest_level": null}, {"move": {"name": "swagger"}, "earliest_level": 17}, {"move": {"name": "attract"}, "earliest_level": null}, {"move": {"name": "sleep-talk"}, "earliest_level": null}, {"move": {"name": "return"}, "earliest_level": null}, {"move": {"name": "frustration"}, "earliest_level": null}, {"move": {"name": "dynamic-punch"}, "earliest_level": null}, {"move": {"name": "encore"}, "earliest_level": 1}, {"move": {"name": "pursuit"}, "earliest_level": 12}, {"move": {"name": "iron-tail"}, "earliest_level": null}, {"move": {"name": "hidden-power"}, "earliest_level": null}, {"move": {"name": "cross-chop"}, "earliest_level": 22}, {"move": {"name": "rain-dance"}, "earliest_level": null}, {"move": {"name": "sunny-day"}, "earliest_level": null}, {"move": {"name": "psych-up"}, "earliest_level": null}, {"move": {"name": "rock-smash"}, "earliest_level": null}, {"move": {"name": "uproar"}, "earliest_level": null}, {"move": {"name": "facade"}, "earliest_level": null}, {"move": {"name": "focus-punch"}, "earliest_level": null}, {"move": {"name": "taunt"}, "earliest_level": 1}, {"move": {"name": "helping-hand"}, "earliest_level": null}, {"move": {"name": "role-play"}, "earliest_level": null}, {"move": {"name": "brick-break"}, "earliest_level": null}, {"move": {"name": "endeavor"}, "earliest_level": null}, {"move": {"name": "secret-power"}, "earliest_level": null}, {"move": {"name": "overheat"}, "earliest_level": null}, {"move": {"name": "rock-tomb"}, "earliest_level": null}, {"move": {"name": "aerial-ace"}, "earliest_level": null}, {"move": {"name": "bulk-up"}, "earliest_level": null}, {"move": {"name": "covet"}, "earliest_level": 1}, {"move": {"name": "natural-gift"}, "earliest_level": null}, {"move": {"name": "u-turn"}, "earliest_level": 33}, {"move": {"name": "close-combat"}, "earliest_level": 39}, {"move": {"name": "payback"}, "earliest_level": null}, {"move": {"name": "assurance"}, "earliest_level": 25}, {"move": {"name": "fling"}, "earliest_level": 1}, {"move": {"name": "punishment"}, "earliest_level": 30}, {"move": {"name": "poison-jab"}, "earliest_level": null}, {"move": {"name": "seed-bomb"}, "earliest_level": null}, {"move": {"name": "drain-punch"}, "earliest_level": null}, {"move": {"name": "vacuum-wave"}, "earliest_level": null}, {"move": {"name": "focus-blast"}, "earliest_level": null}, {"move": {"name": "giga-impact"}, "earliest_level": null}, {"move": {"name": "shadow-claw"}, "earliest_level": null}, {"move": {"name": "rock-climb"}, "earliest_level": null}, {"move": {"name": "gunk-shot"}, "earliest_level": null}, {"move": {"name": "stone-edge"}, "earliest_level": null}, {"move": {"name": "captivate"}, "earliest_level": null}, {"move": {"name": "stealth-rock"}, "earliest_level": null}, {"move": {"name": "hone-claws"}, "earliest_level": null}, {"move": {"name": "smack-down"}, "earliest_level": null}, {"move": {"name": "low-sweep"}, "earliest_level": null}, {"move": {"name": "round"}, "earliest_level": null}, {"move": {"name": "acrobatics"}, "earliest_level": null}, {"move": {"name": "retaliate"}, "earliest_level": 15}, {"move": {"name": "final-gambit"}, "earliest_level": 1}, {"move": {"name": "bulldoze"}, "earliest_level": null}, {"move": {"name": "work-up"}, "earliest_level": null}, {"move": {"name": "dual-chop"}, "earliest_level": null}, {"move": {"name": "confide"}, "earliest_level": null}, {"move": {"name": "power-up-punch"}, "earliest_level": null}, {"move": {"name": "throat-chop"}, "earliest_level": null}, {"move": {"name": "stomping-tantrum"}, "earliest_level": 48}, {"move": {"name": "lash-out"}, "earliest_level": null}, {"move": {"name": "tera-blast"}, "earliest_level": null}, {"move": {"name": "rage-fist"}, "earliest_level": 35}], "species": {"url": "https://pokeapi.co/api/v2/pokemon-species/57/"}, "height": 10, "weight": 320}