{"flavor_text_entries": [{"flavor_text": "It generates a powerful, freezing\nenergy inside itself, but its body became\nfrozen when the energy leaked out.", "language": {"name": "en", "url": "https://pokeapi.co/api/v2/language/9/"}, "version": {"name": "black", "url": "https://pokeapi.co/api/v2/version/17/"}}, {"flavor_text": "It can produce ultracold air.\nIts body is frozen.", "language": {"name": "en", "url": "https://pokeapi.co/api/v2/language/9/"}, "version": {"name": "white", "url": "https://pokeapi.co/api/v2/version/18/"}}, {"flavor_text": "This legendary ice Pok\u00e9mon waits for\na hero to fill in the missing parts\nof its body with truth or ideals.", "language": {"name": "en", "url": "https://pokeapi.co/api/v2/language/9/"}, "version": {"name": "black-2", "url": "https://pokeapi.co/api/v2/version/21/"}}, {"flavor_text": "This legendary ice Pok\u00e9mon waits for\na hero to fill in the missing parts\nof its body with truth or ideals.", "language": {"name": "en", "url": "https://pokeapi.co/api/v2/language/9/"}, "version": {"name": "white-2", "url": "https://pokeapi.co/api/v2/version/22/"}}, {"flavor_text": "This legendary ice Pok\u00e9mon waits for a hero to fill\nin the missing parts of its body with truth or ideals.", "language": {"name": "en", "url": "https://pokeapi.co/api/v2/language/9/"}, "version": {"name": "x", "url": "https://pokeapi.co/api/v2/version/23/"}}, {"flavor_text": "It generates a powerful, freezing energy inside\nitself, but its body became frozen when the energy\nleaked out.", "language": {"name": "en", "url": "https://pokeapi.co/api/v2/language/9/"}, "version": {"name": "y", "url": "https://pokeapi.co/api/v2/version/24/"}}, {"flavor_text": "This legendary ice Pok\u00e9mon waits for a hero to fill\nin the missing parts of its body with truth or ideals.", "language": {"name": "en", "url": "https://pokeapi.co/api/v2/language/9/"}, "version": {"name": "omega-ruby", "url": "https://pokeapi.co/api/v2/version/25/"}}, {"flavor_text": "It generates a powerful, freezing energy inside\nitself, but its body became frozen when the energy\nleaked out.", "language": {"name": "en", "url": "https://pokeapi.co/api/v2/language/9/"}, "version": {"name": "alpha-sapphire", "url": "https://pokeapi.co/api/v2/version/26/"}}, {"flavor_text": "Dwelling within it is a power even greater than\nthat of Reshiram or Zekrom, but the extreme\ncold keeps that power bound.", "language": {"name": "en", "url": "https://pokeapi.co/api/v2/language/9/"}, "version": {"name": "sword", "url": "https://pokeapi.co/api/v2/version/33/"}}, {"flavor_text": "It appears that this Pok\u00e9mon uses its powers over\nice to freeze its own body in order to stabilize its\ncellular structure.", "language": {"name": "en", "url": "https://pokeapi.co/api/v2/language/9/"}, "version": {"name": "shield", "url": "https://pokeapi.co/api/v2/version/34/"}}], "evolution_chain": {"url": "https://pokeapi.co/api/v2/evolution-chain/333/"}}