{"id": 718, "name": "zygarde-50", "types": [{"slot": 1, "type": {"name": "dragon", "url": "https://pokeapi.co/api/v2/type/16/"}}, {"slot": 2, "type": {"name": "ground", "url": "https://pokeapi.co/api/v2/type/5/"}}], "stats": [{"base_stat": 108, "effort": 3, "stat": {"name": "hp", "url": "https://pokeapi.co/api/v2/stat/1/"}}, {"base_stat": 100, "effort": 0, "stat": {"name": "attack", "url": "https://pokeapi.co/api/v2/stat/2/"}}, {"base_stat": 121, "effort": 0, "stat": {"name": "defense", "url": "https://pokeapi.co/api/v2/stat/3/"}}, {"base_stat": 81, "effort": 0, "stat": {"name": "special-attack", "url": "https://pokeapi.co/api/v2/stat/4/"}}, {"base_stat": 95, "effort": 0, "stat": {"name": "special-defense", "url": "https://pokeapi.co/api/v2/stat/5/"}}, {"base_stat": 95, "effort": 0, "stat": {"name": "speed", "url": "https://pokeapi.co/api/v2/stat/6/"}}], "abilities": [{"ability": {"name": "aura-break", "url": "https://pokeapi.co/api/v2/ability/188/"}, "is_hidden": false, "slot": 1}], "sprites": {"front_default": "https://raw.githubusercontent.com/PokeAPI/sprites/master/sprites/pokemon/718.png"}, "moves": [{"move": {"name": "bind"}, "earliest_level": 1}, {"move": {"name": "body-slam"}, "earliest_level": null}, {"move": {"name": "bite"}, "earliest_level": 1}, {"move": {"name": "hyper-beam"}, "earliest_level": null}, {"move": {"name": "strength"}, "earliest_level": null}, {"move": {"name": "earthquake"}, "earliest_level": 55}, {"move": {"name": "dig"}, "earliest_level": 10}, {"move": {"name": "toxic"}, "earliest_level": null}, {"move": {"name": "double-team"}, "earliest_level": null}, {"move": {"name": "haze"}, "earliest_level": 8}, {"move": {"name": "swift"}, "earliest_level": null}, {"move": {"name": "glare"}, "earliest_level": 1}, {"move": {"name": "rest"}, "earliest_level": null}, {"move": {"name": "rock-slide"}, "earliest_level": null}, {"move": {"name": "substitute"}, "earliest_level": null}, {"move": {"name": "snore"}, "earliest_level": null}, {"move": {"name": "reversal"}, "earliest_level": null}, {"move": {"name": "spite"}, "earliest_level": null}, {"move": {"name": "protect"}, "earliest_level": null}, {"move": {"name": "outrage"}, "earliest_level": 80}, {"move": {"name": "sandstorm"}, "earliest_level": 35}, {"move": {"name": "endure"}, "earliest_level": null}, {"move": {"name": "swagger"}, "earliest_level": null}, {"move": {"name": "sleep-talk"}, "earliest_level": null}, {"move": {"name": "return"}, "earliest_level": null}, {"move": {"name": "frustration"}, "earliest_level": null}, {"move": {"name": "safeguard"}, "earliest_level": 5}, {"move": {"name": "pain-split"}, "earliest_level": null}, {"move": {"name": "dragon-breath"}, "earliest_level": 1}, {"move": {"name": "iron-tail"}, "earliest_level": null}, {"move": {"name": "hidden-power"}, "earliest_level": null}, {"move": {"name": "sunny-day"}, "earliest_level": null}, {"move": {"name": "crunch"}, "earliest_level": 32}, {"move": {"name": "extreme-speed"}, "earliest_level": 88}, {"move": {"name": "rock-smash"}, "earliest_level": null}, {"move": {"name": "facade"}, "earliest_level": null}, {"move": {"name": "superpower"}, "earliest_level": null}, {"move": {"name": "brick-break"}, "earliest_level": null}, {"move": {"name": "secret-power"}, "earliest_level": null}, {"move": {"name": "camouflage"}, "earliest_level": 59}, {"move": {"name": "hyper-voice"}, "earliest_level": null}, {"move": {"name": "block"}, "earliest_level": null}, {"move": {"name": "dragon-dance"}, "earliest_level": 72}, {"move": {"name": "shock-wave"}, "earliest_level": null}, {"move": {"name": "payback"}, "earliest_level": null}, {"move": {"name": "dragon-pulse"}, "earliest_level": 40}, {"move": {"name": "focus-blast"}, "earliest_level": null}, {"move": {"name": "earth-power"}, "earliest_level": null}, {"move": {"name": "giga-impact"}, "earliest_level": null}, {"move": {"name": "zen-headbutt"}, "earliest_level": null}, {"move": {"name": "draco-meteor"}, "earliest_level": null}, {"move": {"name": "stone-edge"}, "earliest_level": null}, {"move": {"name": "grass-knot"}, "earliest_level": null}, {"move": {"name": "sludge-wave"}, "earliest_level": null}, {"move": {"name": "coil"}, "earliest_level": 72}, {"move": {"name": "round"}, "earliest_level": null}, {"move": {"name": "retaliate"}, "earliest_level": null}, {"move": {"name": "bulldoze"}, "earliest_level": 1}, {"move": {"name": "dragon-tail"}, "earliest_level": null}, {"move": {"name": "confide"}, "earliest_level": null}, {"move": {"name": "thousand-arrows"}, "earliest_level": 1}, {"move": {"name": "thousand-waves"}, "earliest_level": 1}, {"move": {"name": "lands-wrath"}, "earliest_level": 26}, {"move": {"name": "high-horsepower"}, "earliest_level": null}, {"move": {"name": "core-enforcer"}, "earliest_level": 1}, {"move": {"name": "stomping-tantrum"}, "earliest_level": null}, {"move": {"name": "breaking-swipe"}, "earliest_level": null}, {"move": {"name": "scale-shot"}, "earliest_level": null}, {"move": {"name": "skitter-smack"}, "earliest_level": null}, {"move": {"name": "scorching-sands"}, "earliest_level": null}], "species": {"url": "https://pokeapi.co/api/v2/pokemon-species/718/"}, "height": 50, "weight": 3050}