{"flavor_text_entries": [{"flavor_text": "It is not yet\nskilled at storing\nelectricity.\fIt may send out a\njolt if amused\nor startled.", "language": {"name": "en", "url": "https://pokeapi.co/api/v2/language/9/"}, "version": {"name": "gold", "url": "https://pokeapi.co/api/v2/version/4/"}}, {"flavor_text": "Despite its small\nsize, it can zap\neven adult humans.\fHowever, if it\ndoes so, it also\nsurprises itself.", "language": {"name": "en", "url": "https://pokeapi.co/api/v2/language/9/"}, "version": {"name": "silver", "url": "https://pokeapi.co/api/v2/version/5/"}}, {"flavor_text": "It is unskilled at\nstoring electric\npower. Any kind of\fshock causes it to\ndischarge energy\nspontaneously.", "language": {"name": "en", "url": "https://pokeapi.co/api/v2/language/9/"}, "version": {"name": "crystal", "url": "https://pokeapi.co/api/v2/version/6/"}}, {"flavor_text": "PICHU charges itself with electricity\nmore easily on days with thunderclouds\nor when the air is very dry.\fYou can hear the crackling of static\nelectricity coming off this POK\u00e9MON.", "language": {"name": "en", "url": "https://pokeapi.co/api/v2/language/9/"}, "version": {"name": "ruby", "url": "https://pokeapi.co/api/v2/version/7/"}}, {"flavor_text": "When PICHU plays with others, it may\nshort out electricity with another\nPICHU, creating a shower of sparks.\fIn that event, this POK\u00e9MON will begin\ncrying, startled by the flash of sparks.", "language": {"name": "en", "url": "https://pokeapi.co/api/v2/language/9/"}, "version": {"name": "sapphire", "url": "https://pokeapi.co/api/v2/version/8/"}}, {"flavor_text": "It is still inept at retaining electricity.\nWhen it is startled, it discharges power\naccidentally. It gets better at holding\npower as it grows older.", "language": {"name": "en", "url": "https://pokeapi.co/api/v2/language/9/"}, "version": {"name": "emerald", "url": "https://pokeapi.co/api/v2/version/9/"}}, {"flavor_text": "Despite its small size, it can zap even\nadult humans. However, if it does so, it\nalso surprises itself.", "language": {"name": "en", "url": "https://pokeapi.co/api/v2/language/9/"}, "version": {"name": "firered", "url": "https://pokeapi.co/api/v2/version/10/"}}, {"flavor_text": "It is not yet skilled at storing\nelectricity. It may send out a jolt if\namused or startled.", "language": {"name": "en", "url": "https://pokeapi.co/api/v2/language/9/"}, "version": {"name": "leafgreen", "url": "https://pokeapi.co/api/v2/version/11/"}}, {"flavor_text": "The electric pouches on its cheeks\nare still small. They cannot store\nmuch electricity yet.", "language": {"name": "en", "url": "https://pokeapi.co/api/v2/language/9/"}, "version": {"name": "diamond", "url": "https://pokeapi.co/api/v2/version/12/"}}, {"flavor_text": "It plays with others by touching\ntails and setting off sparks. This\nappears to be a test of courage.", "language": {"name": "en", "url": "https://pokeapi.co/api/v2/language/9/"}, "version": {"name": "pearl", "url": "https://pokeapi.co/api/v2/version/13/"}}, {"flavor_text": "The electric sacs in its cheeks are\nsmall. If even a little electricity\nleaks, it becomes shocked.", "language": {"name": "en", "url": "https://pokeapi.co/api/v2/language/9/"}, "version": {"name": "platinum", "url": "https://pokeapi.co/api/v2/version/14/"}}, {"flavor_text": "It is not yet skilled at storing\nelectricity. It may send out a\njolt if amused or startled.", "language": {"name": "en", "url": "https://pokeapi.co/api/v2/language/9/"}, "version": {"name": "heartgold", "url": "https://pokeapi.co/api/v2/version/15/"}}, {"flavor_text": "Despite its small size, it can zap\neven adult humans. However, if it\ndoes so, it also surprises itself.", "language": {"name": "en", "url": "https://pokeapi.co/api/v2/language/9/"}, "version": {"name": "soulsilver", "url": "https://pokeapi.co/api/v2/version/16/"}}, {"flavor_text": "The electric sacs in its cheeks are\nsmall. If even a little electricity\nleaks, it becomes shocked.", "language": {"name": "en", "url": "https://pokeapi.co/api/v2/language/9/"}, "version": {"name": "black", "url": "https://pokeapi.co/api/v2/version/17/"}}, {"flavor_text": "The electric sacs in its cheeks are\nsmall. If even a little electricity\nleaks, it becomes shocked.", "language": {"name": "en", "url": "https://pokeapi.co/api/v2/language/9/"}, "version": {"name": "white", "url": "https://pokeapi.co/api/v2/version/18/"}}, {"flavor_text": "The electric sacs in its cheeks are\nsmall. If even a little electricity\nleaks, it becomes shocked.", "language": {"name": "en", "url": "https://pokeapi.co/api/v2/language/9/"}, "version": {"name": "black-2", "url": "https://pokeapi.co/api/v2/version/21/"}}, {"flavor_text": "The electric sacs in its cheeks are\nsmall. If even a little electricity\nleaks, it becomes shocked.", "language": {"name": "en", "url": "https://pokeapi.co/api/v2/language/9/"}, "version": {"name": "white-2", "url": "https://pokeapi.co/api/v2/version/22/"}}, {"flavor_text": "It plays with others by touching tails and setting off\nsparks. This appears to be a test of courage.", "language": {"name": "en", "url": "https://pokeapi.co/api/v2/language/9/"}, "version": {"name": "x", "url": "https://pokeapi.co/api/v2/version/23/"}}, {"flavor_text": "It is not yet skilled at storing electricity.\nIt may send out a jolt if amused or startled.", "language": {"name": "en", "url": "https://pokeapi.co/api/v2/language/9/"}, "version": {"name": "y", "url": "https://pokeapi.co/api/v2/version/24/"}}, {"flavor_text": "Pichu charges itself with electricity more easily on days with\nthunderclouds or when the air is very dry. You can hear the\ncrackling of static electricity coming off this Pok\u00e9mon.", "language": {"name": "en", "url": "https://pokeapi.co/api/v2/language/9/"}, "version": {"name": "omega-ruby", "url": "https://pokeapi.co/api/v2/version/25/"}}, {"flavor_text": "When Pichu plays with others, it may short out electricity with\nanother Pichu, creating a shower of sparks. In that event, this\nPok\u00e9mon will begin crying, startled by the flash of sparks.", "language": {"name": "en", "url": "https://pokeapi.co/api/v2/language/9/"}, "version": {"name": "alpha-sapphire", "url": "https://pokeapi.co/api/v2/version/26/"}}, {"flavor_text": "It is not yet skilled at controlling electricity.\nIf you take your eyes off it, it may shock itself.", "language": {"name": "en", "url": "https://pokeapi.co/api/v2/language/9/"}, "version": {"name": "sun", "url": "https://pokeapi.co/api/v2/version/27/"}}, {"flavor_text": "Despite this Pok\u00e9mon\u2019s cute appearance, those\nwho want to live with one should prepare to be\non the receiving end of its electric jolts.", "language": {"name": "en", "url": "https://pokeapi.co/api/v2/language/9/"}, "version": {"name": "moon", "url": "https://pokeapi.co/api/v2/version/28/"}}, {"flavor_text": "It still can\u2019t use electricity well. When it\u2019s\nsurprised or excited, it discharges\nelectricity unintentionally.", "language": {"name": "en", "url": "https://pokeapi.co/api/v2/language/9/"}, "version": {"name": "ultra-sun", "url": "https://pokeapi.co/api/v2/version/29/"}}, {"flavor_text": "It has electric sacs in its cheeks. When they\u2019re\nfully charged, Pichu plays very energetically.", "language": {"name": "en", "url": "https://pokeapi.co/api/v2/language/9/"}, "version": {"name": "ultra-moon", "url": "https://pokeapi.co/api/v2/version/30/"}}, {"flavor_text": "Despite its small size, it can zap even adult\nhumans. However, if it does so, it also\nsurprises itself.", "language": {"name": "en", "url": "https://pokeapi.co/api/v2/language/9/"}, "version": {"name": "sword", "url": "https://pokeapi.co/api/v2/version/33/"}}, {"flavor_text": "The electric sacs in its cheeks are small. If even a\nlittle electricity leaks, it becomes shocked.", "language": {"name": "en", "url": "https://pokeapi.co/api/v2/language/9/"}, "version": {"name": "shield", "url": "https://pokeapi.co/api/v2/version/34/"}}, {"flavor_text": "Pichu stores electricity in the sacs on its cheeks but discharges it\ninadvertently when agitated or excited. Being yet immature,\nthe Pok\u00e9mon's handling of electricity is rather inept.", "language": {"name": "en", "url": "https://pokeapi.co/api/v2/language/9/"}, "version": {"name": "legends-arceus", "url": "https://pokeapi.co/api/v2/version/39/"}}], "evolution_chain": {"url": "https://pokeapi.co/api/v2/evolution-chain/10/"}}