{
  "base_happiness": 70,
  "capture_rate": 120,
  "color": {
    "name": "purple",
    "url": "https://pokeapi.co/api/v2/pokemon-color/7/"
  },
  "egg_groups": [
    {
      "name": "plant",
      "url": "https://pokeapi.co/api/v2/egg-group/7/"
    }
  ],
  "evolution_chain": {
    "url": "https://pokeapi.co/api/v2/evolution-chain/392/"
  },
  "evolves_from_species": {
    "name": "bounsweet",
    "url": "https://pokeapi.co/api/v2/pokemon-species/761/"
  },
  "flavor_text_entries": [
    {
      "flavor_text": "\u307f\u3092\u3000\u307e\u3082\u308b\u305f\u3081\u3000\u30d8\u30bf\u304c\u3000\u306f\u3063\u305f\u3064\u3002\n\u304b\u306a\u308a\u306e\u3000\u304b\u305f\u3055\u3067\u3000\u3068\u308a\u30dd\u30b1\u30e2\u30f3\u306b\n\u3064\u3064\u304b\u308c\u3066\u3082\u3000\u305c\u3093\u305c\u3093\u3000\u3078\u3044\u304d\u3060\u3002",
      "language": {
        "name": "ja-Hrkt",
        "url": "https://pokeapi.co/api/v2/language/1/"
      },
      "version": {
        "name": "sun",
        "url": "https://pokeapi.co/api/v2/version/27/"
      }
    },
    {
      "flavor_text": "\ubab8\uc744 \uc9c0\ud0a4\uae30 \uc704\ud574 \uaf2d\uc9c0\uac00 \ubc1c\ub2ec\ud588\ub2e4.\n\uc0c1\ub2f9\ud788 \ub2e8\ub2e8\ud574\uc11c \uc0c8\ud3ec\ucf13\ubaac\uc774\n\ucabc\uc544\ub3c4 \uc804\ud600 \ubb38\uc81c\uc5c6\ub2e4.",
      "language": {
        "name": "ko",
        "url": "https://pokeapi.co/api/v2/language/3/"
      },
      "version": {
        "name": "sun",
        "url": "https://pokeapi.co/api/v2/version/27/"
      }
    },
    {
      "flavor_text": "\u70ba\u4e86\u4fdd\u8b77\u8eab\u9ad4\uff0c\u6bbc\u84cb\u8b8a\u5f97\u5f88\u767c\u9054\u3002\n\u56e0\u70ba\u76f8\u7576\u5805\u786c\uff0c\u5373\u4f7f\u88ab\u9ce5\u5bf6\u53ef\u5922\u5544\u5230\uff0c\n\u4e5f\u80fd\u5b8c\u5168\u5b89\u7136\u7121\u6059\u3002",
      "language": {
        "name": "zh-Hant",
        "url": "https://pokeapi.co/api/v2/language/4/"
      },
      "version": {
        "name": "sun",
        "url": "https://pokeapi.co/api/v2/version/27/"
      }
    },
    {
      "flavor_text": "Pour mieux se d\u00e9fendre, il a fait pousser sur\nson corps un calice assez solide pour r\u00e9sister\naux coups de bec des Pok\u00e9mon oiseaux.",
      "language": {
        "name": "fr",
        "url": "https://pokeapi.co/api/v2/language/5/"
      },
      "version": {
        "name": "sun",
        "url": "https://pokeapi.co/api/v2/version/27/"
      }
    },
    {
      "flavor_text": "Seinen Bl\u00fctenkelch hat es zum Selbstschutz\nausgebildet. Er ist so hart, dass selbst das\nPicken von Vogel-Pok\u00e9mon es nicht st\u00f6rt.",
      "language": {
        "name": "de",
        "url": "https://pokeapi.co/api/v2/language/6/"
      },
      "version": {
        "name": "sun",
        "url": "https://pokeapi.co/api/v2/version/27/"
      }
    },
    {
      "flavor_text": "El c\u00e1liz de su cabeza se ha desarrollado y le\nprotege todo el cuerpo. Es tan duro que no le\nimporta que lo picoteen los Pok\u00e9mon p\u00e1jaro.",
      "language": {
        "name": "es",
        "url": "https://pokeapi.co/api/v2/language/7/"
      },
      "version": {
        "name": "sun",
        "url": "https://pokeapi.co/api/v2/version/27/"
      }
    },
    {
      "flavor_text": "Per proteggersi ha sviluppato due enormi foglie\nsulla testa, cos\u00ec dure da resistere agli attacchi\ndei Pok\u00e9mon alati.",
      "language": {
        "name": "it",
        "url": "https://pokeapi.co/api/v2/language/8/"
      },
      "version": {
        "name": "sun",
        "url": "https://pokeapi.co/api/v2/version/27/"
      }
    },
    {
      "flavor_text": "The sepals on its head developed to protect its\nbody. These are quite hard, so even if pecked\nby bird Pok\u00e9mon, this Pok\u00e9mon is totally fine.",
      "language": {
        "name": "en",
        "url": "https://pokeapi.co/api/v2/language/9/"
      },
      "version": {
        "name": "sun",
        "url": "https://pokeapi.co/api/v2/version/27/"
      }
    },
    {
      "flavor_text": "\u8eab\u3092\u3000\u5b88\u308b\u305f\u3081\u3000\u30d8\u30bf\u304c\u3000\u767a\u9054\u3002\n\u304b\u306a\u308a\u306e\u3000\u786c\u3055\u3067\u3000\u3068\u308a\u30dd\u30b1\u30e2\u30f3\u306b\n\u7a81\u304b\u308c\u3066\u3082\u3000\u5168\u7136\u3000\u5e73\u6c17\u3060\u3002",
      "language": {
        "name": "ja",
        "url": "https://pokeapi.co/api/v2/language/11/"
      },
      "version": {
        "name": "sun",
        "url": "https://pokeapi.co/api/v2/version/27/"
      }
    },
    {
      "flavor_text": "\u4e3a\u4e86\u4fdd\u62a4\u8eab\u4f53\uff0c\u58f3\u76d6\u5f88\u53d1\u8fbe\u3002\n\u56e0\u4e3a\u76f8\u5f53\u575a\u786c\uff0c\u5373\u4f7f\u88ab\u9e1f\u5b9d\u53ef\u68a6\u5544\u5230\uff0c\n\u4e5f\u5b8c\u5168\u5b89\u7136\u65e0\u6059\u3002",
      "language": {
        "name": "zh-Hans",
        "url": "https://pokeapi.co/api/v2/language/12/"
      },
      "version": {
        "name": "sun",
        "url": "https://pokeapi.co/api/v2/version/27/"
      }
    },
    {
      "flavor_text": "\u3044\u3064\u3082\u3000\u3052\u3093\u304d\u306b\u3000\u3068\u3073\u306f\u306d\u3066\u3044\u308b\u3002\n\u3052\u3093\u304d\u306a\u3000\u3059\u304c\u305f\u3068\u3000\u3044\u3044\u304b\u304a\u308a\u3067\n\u307e\u308f\u308a\u306b\u3000\u30dd\u30b1\u30e2\u30f3\u304c\u3000\u3042\u3064\u307e\u3063\u3066\u304f\u308b\u3002",
      "language": {
        "name": "ja-Hrkt",
        "url": "https://pokeapi.co/api/v2/language/1/"
      },
      "version": {
        "name": "moon",
        "url": "https://pokeapi.co/api/v2/version/28/"
      }
    },
    {
      "flavor_text": "\uc5b8\uc81c\ub098 \ud798\ucc28\uac8c \ub6f0\uc5b4\uc624\ub978\ub2e4.\n\ud798\ucc2c \ubaa8\uc2b5\uacfc \uc88b\uc740 \ud5a5\uae30 \ub54c\ubb38\uc5d0\n\uc8fc\ubcc0\uc5d0 \ud3ec\ucf13\ubaac\uc774 \ubaa8\uc5ec\ub4e0\ub2e4.",
      "language": {
        "name": "ko",
        "url": "https://pokeapi.co/api/v2/language/3/"
      },
      "version": {
        "name": "moon",
        "url": "https://pokeapi.co/api/v2/version/28/"
      }
    },
    {
      "flavor_text": "\u7e3d\u662f\u7cbe\u795e\u98fd\u6eff\u5730\u8df3\u4f86\u8df3\u53bb\u3002\n\u56e0\u70ba\u6709\u8457\u5145\u6eff\u6d3b\u529b\u7684\u6a23\u5b50\u548c\u597d\u805e\u7684\u9999\u5473\uff0c\n\u5bf6\u53ef\u5922\u90fd\u6703\u805a\u96c6\u5230\u7260\u7684\u5468\u570d\u4f86\u3002",
      "language": {
        "name": "zh-Hant",
        "url": "https://pokeapi.co/api/v2/language/4/"
      },
      "version": {
        "name": "moon",
        "url": "https://pokeapi.co/api/v2/version/28/"
      }
    },
    {
      "flavor_text": "Il passe son temps \u00e0 gambader joyeusement.\nSa silhouette pleine d\u2019entrain et son parfum\nagr\u00e9able ont le don d\u2019attirer les autres Pok\u00e9mon.",
      "language": {
        "name": "fr",
        "url": "https://pokeapi.co/api/v2/language/5/"
      },
      "version": {
        "name": "moon",
        "url": "https://pokeapi.co/api/v2/version/28/"
      }
    },
    {
      "flavor_text": "Es h\u00fcpft immerzu fr\u00f6hlich umher. Seine\nlebensfrohe Art und sein Wohlgeruch\nziehen Pok\u00e9mon in der N\u00e4he f\u00f6rmlich an.",
      "language": {
        "name": "de",
        "url": "https://pokeapi.co/api/v2/language/6/"
      },
      "version": {
        "name": "moon",
        "url": "https://pokeapi.co/api/v2/version/28/"
      }
    },
    {
      "flavor_text": "Se pasa el d\u00eda saltando rebosante de felicidad.\nSu apariencia pizpireta y exquisita fragancia\nhace que otros Pok\u00e9mon acudan a su lado.",
      "language": {
        "name": "es",
        "url": "https://pokeapi.co/api/v2/language/7/"
      },
      "version": {
        "name": "moon",
        "url": "https://pokeapi.co/api/v2/version/28/"
      }
    },
    {
      "flavor_text": "Lo si vede sempre saltellare in giro allegramente.\nIl suo buon umore e il buon profumo attirano\ni Pok\u00e9mon nelle vicinanze.",
      "language": {
        "name": "it",
        "url": "https://pokeapi.co/api/v2/language/8/"
      },
      "version": {
        "name": "moon",
        "url": "https://pokeapi.co/api/v2/version/28/"
      }
    },
    {
      "flavor_text": "This Pok\u00e9mon is always bouncing around\nenergetically. Other Pok\u00e9mon are attracted by\nits lively appearance and pleasant aroma.",
      "language": {
        "name": "en",
        "url": "https://pokeapi.co/api/v2/language/9/"
      },
      "version": {
        "name": "moon",
        "url": "https://pokeapi.co/api/v2/version/28/"
      }
    },
    {
      "flavor_text": "\u3044\u3064\u3082\u3000\u5143\u6c17\u306b\u3000\u98db\u3073\u8df3\u306d\u3066\u3044\u308b\u3002\n\u5143\u6c17\u306a\u3000\u59ff\u3068\u3000\u3044\u3044\u9999\u308a\u3067\n\u5468\u308a\u306b\u3000\u30dd\u30b1\u30e2\u30f3\u304c\u3000\u96c6\u307e\u3063\u3066\u304f\u308b\u3002",
      "language": {
        "name": "ja",
        "url": "https://pokeapi.co/api/v2/language/11/"
      },
      "version": {
        "name": "moon",
        "url": "https://pokeapi.co/api/v2/version/28/"
      }
    },
    {
      "flavor_text": "\u603b\u662f\u7cbe\u795e\u9971\u6ee1\u5730\u8df3\u6765\u8df3\u53bb\u3002\n\u56e0\u4e3a\u6709\u7740\u5145\u6ee1\u6d3b\u529b\u7684\u6837\u5b50\u548c\u597d\u95fb\u7684\u9999\u5473\uff0c\n\u5b9d\u53ef\u68a6\u90fd\u4f1a\u805a\u96c6\u5230\u5b83\u5468\u56f4\u6765\u3002",
      "language": {
        "name": "zh-Hans",
        "url": "https://pokeapi.co/api/v2/language/12/"
      },
      "version": {
        "name": "moon",
        "url": "https://pokeapi.co/api/v2/version/28/"
      }
    },
    {
      "flavor_text": "\u304b\u305f\u3044\u30d8\u30bf\u3067\u3000\u307e\u3082\u3089\u308c\u3066\u3044\u308b\u306e\u3067\n\u3068\u308a\u30dd\u30b1\u30e2\u30f3\u3068\u3082\u3000\u3078\u3044\u304d\u3067\u3000\u3042\u305d\u3076\u3002\n\u3064\u3064\u304b\u308c\u307e\u304f\u308b\u304c\u3000\u304d\u306b\u3000\u3057\u3066\u3044\u306a\u3044\u3002",
      "language": {
        "name": "ja-Hrkt",
        "url": "https://pokeapi.co/api/v2/language/1/"
      },
      "version": {
        "name": "ultra-sun",
        "url": "https://pokeapi.co/api/v2/version/29/"
      }
    },
    {
      "flavor_text": "\ub531\ub531\ud55c \uaf2d\uc9c0\ub85c \ubcf4\ud638\ub418\uae30 \ub54c\ubb38\uc5d0\n\uc0c8\ud3ec\ucf13\ubaac\uacfc\ub3c4 \ubb38\uc81c\uc5c6\uc774 \ub17c\ub2e4.\n\ucabc\uc5ec\ub3c4 \uc2e0\uacbd \uc4f0\uc9c0 \uc54a\ub294\ub2e4.",
      "language": {
        "name": "ko",
        "url": "https://pokeapi.co/api/v2/language/3/"
      },
      "version": {
        "name": "ultra-sun",
        "url": "https://pokeapi.co/api/v2/version/29/"
      }
    },
    {
      "flavor_text": "\u56e0\u70ba\u88ab\u5805\u786c\u7684\u679c\u8482\u4fdd\u8b77\u8457\uff0c\n\u6240\u4ee5\u8ddf\u9ce5\u5bf6\u53ef\u5922\u4e5f\u80fd\u5b89\u5fc3\u73a9\u800d\u3002\n\u96d6\u7136\u4e0d\u505c\u88ab\u5544\uff0c\u4f46\u7260\u6beb\u4e0d\u5728\u610f\u3002",
      "language": {
        "name": "zh-Hant",
        "url": "https://pokeapi.co/api/v2/language/4/"
      },
      "version": {
        "name": "ultra-sun",
        "url": "https://pokeapi.co/api/v2/version/29/"
      }
    },
    {
      "flavor_text": "Confiant en la protection offerte par son solide\ncalice, il n\u2019h\u00e9site pas \u00e0 jouer avec les Pok\u00e9mon\noiseaux. Il se fait picorer, mais il s\u2019en moque.",
      "language": {
        "name": "fr",
        "url": "https://pokeapi.co/api/v2/language/5/"
      },
      "version": {
        "name": "ultra-sun",
        "url": "https://pokeapi.co/api/v2/version/29/"
      }
    },
    {
      "flavor_text": "Es kann bedenkenlos mit Vogel-Pok\u00e9mon\nspielen, da sein fester Bl\u00fctenkelch es sch\u00fctzt.\nDas pausenlose Gepicke ist ihm einerlei.",
      "language": {
        "name": "de",
        "url": "https://pokeapi.co/api/v2/language/6/"
      },
      "version": {
        "name": "ultra-sun",
        "url": "https://pokeapi.co/api/v2/version/29/"
      }
    },
    {
      "flavor_text": "Puede jugar con Pok\u00e9mon p\u00e1jaro sin peligro\ngracias al duro c\u00e1liz que protege su cuerpo.\nNo le importa que lo picoteen.",
      "language": {
        "name": "es",
        "url": "https://pokeapi.co/api/v2/language/7/"
      },
      "version": {
        "name": "ultra-sun",
        "url": "https://pokeapi.co/api/v2/version/29/"
      }
    },
    {
      "flavor_text": "Gioca tranquillamente anche con i Pok\u00e9mon alati\nperch\u00e9 si sente protetto dalle sue rigide foglie.\nNon sembra preoccuparsi delle loro beccate.",
      "language": {
        "name": "it",
        "url": "https://pokeapi.co/api/v2/language/8/"
      },
      "version": {
        "name": "ultra-sun",
        "url": "https://pokeapi.co/api/v2/version/29/"
      }
    },
    {
      "flavor_text": "It\u2019s protected by its hard sepals, so it plays\nwith bird Pok\u00e9mon without worry. They peck it\nrelentlessly, but it doesn\u2019t care.",
      "language": {
        "name": "en",
        "url": "https://pokeapi.co/api/v2/language/9/"
      },
      "version": {
        "name": "ultra-sun",
        "url": "https://pokeapi.co/api/v2/version/29/"
      }
    },
    {
      "flavor_text": "\u786c\u3044\u30d8\u30bf\u3067\u3000\u5b88\u3089\u308c\u3066\u3044\u308b\u306e\u3067\n\u3068\u308a\u30dd\u30b1\u30e2\u30f3\u3068\u3082\u3000\u5e73\u6c17\u3067\u3000\u904a\u3076\u3002\n\u7a81\u304b\u308c\u307e\u304f\u308b\u304c\u3000\u6c17\u306b\u3000\u3057\u3066\u3044\u306a\u3044\u3002",
      "language": {
        "name": "ja",
        "url": "https://pokeapi.co/api/v2/language/11/"
      },
      "version": {
        "name": "ultra-sun",
        "url": "https://pokeapi.co/api/v2/version/29/"
      }
    },
    {
      "flavor_text": "\u56e0\u4e3a\u88ab\u575a\u786c\u7684\u58f3\u76d6\u4fdd\u62a4\u7740\uff0c\n\u6240\u4ee5\u548c\u9e1f\u5b9d\u53ef\u68a6\u90fd\u80fd\u6de1\u5b9a\u5730\u73a9\u800d\u3002\n\u5c31\u7b97\u53cd\u590d\u88ab\u5544\u4e5f\u4e0d\u4f1a\u5728\u610f\u3002",
      "language": {
        "name": "zh-Hans",
        "url": "https://pokeapi.co/api/v2/language/12/"
      },
      "version": {
        "name": "ultra-sun",
        "url": "https://pokeapi.co/api/v2/version/29/"
      }
    },
    {
      "flavor_text": "\u3068\u3073\u306f\u306d\u308b\u3088\u3046\u306b\u3000\u3046\u3054\u304d\u307e\u308f\u308a\n\u3042\u305f\u307e\u306e\u3000\u30d8\u30bf\u3092\u3000\u3075\u308a\u307e\u308f\u3059\u3002\n\u3076\u3064\u3051\u3089\u308c\u308b\u3068\u3000\u304b\u306a\u308a\u3000\u3044\u305f\u3044\u305e\u3002",
      "language": {
        "name": "ja-Hrkt",
        "url": "https://pokeapi.co/api/v2/language/1/"
      },
      "version": {
        "name": "ultra-moon",
        "url": "https://pokeapi.co/api/v2/version/30/"
      }
    },
    {
      "flavor_text": "\ub6f0\uc5b4\uc624\ub974\ub4ef \ub3cc\uc544\ub2e4\ub2c8\uba74\uc11c\n\uba38\ub9ac\uc758 \uaf2d\uc9c0\ub97c \ud718\ub450\ub978\ub2e4.\n\ubd80\ub52a\ud788\uba74 \uc0c1\ub2f9\ud788 \uc544\ud504\ub2e4.",
      "language": {
        "name": "ko",
        "url": "https://pokeapi.co/api/v2/language/3/"
      },
      "version": {
        "name": "ultra-moon",
        "url": "https://pokeapi.co/api/v2/version/30/"
      }
    },
    {
      "flavor_text": "\u8e66\u8e66\u8df3\u8df3\u5730\u56db\u8655\u6d3b\u52d5\uff0c\n\u540c\u6642\u63ee\u821e\u982d\u4e0a\u7684\u679c\u8482\u3002\n\u5982\u679c\u88ab\u6253\u5230\u6703\u5f88\u75db\u3002",
      "language": {
        "name": "zh-Hant",
        "url": "https://pokeapi.co/api/v2/language/4/"
      },
      "version": {
        "name": "ultra-moon",
        "url": "https://pokeapi.co/api/v2/version/30/"
      }
    },
    {
      "flavor_text": "Sa d\u00e9marche sautillante fait balancer le calice\nqui se dresse sur sa t\u00eate. Recevoir un coup\nde s\u00e9pale est tr\u00e8s douloureux\u202f!",
      "language": {
        "name": "fr",
        "url": "https://pokeapi.co/api/v2/language/5/"
      },
      "version": {
        "name": "ultra-moon",
        "url": "https://pokeapi.co/api/v2/version/30/"
      }
    },
    {
      "flavor_text": "Es bewegt sich h\u00fcpfend umher und sch\u00fcttelt\ndabei den Bl\u00fctenkelch auf seinem Kopf. Ein\nZusammenprall mit ihm ist ziemlich schmerzhaft.",
      "language": {
        "name": "de",
        "url": "https://pokeapi.co/api/v2/language/6/"
      },
      "version": {
        "name": "ultra-moon",
        "url": "https://pokeapi.co/api/v2/version/30/"
      }
    },
    {
      "flavor_text": "Se desplaza dando saltos que hacen botar el\nc\u00e1liz de su cabeza. Recibir un golpe de sus\ns\u00e9palos duele bastante.",
      "language": {
        "name": "es",
        "url": "https://pokeapi.co/api/v2/language/7/"
      },
      "version": {
        "name": "ultra-moon",
        "url": "https://pokeapi.co/api/v2/version/30/"
      }
    },
    {
      "flavor_text": "Se ne va in giro saltellando e agitando le foglie\nche ha sulla testa. Andare a sbattere contro\nuno Steenee pu\u00f2 essere molto doloroso.",
      "language": {
        "name": "it",
        "url": "https://pokeapi.co/api/v2/language/8/"
      },
      "version": {
        "name": "ultra-moon",
        "url": "https://pokeapi.co/api/v2/version/30/"
      }
    },
    {
      "flavor_text": "It bounces around, swinging the sepals on its\nhead with abandon. They\u2019re quite painful when\nthey smack you!",
      "language": {
        "name": "en",
        "url": "https://pokeapi.co/api/v2/language/9/"
      },
      "version": {
        "name": "ultra-moon",
        "url": "https://pokeapi.co/api/v2/version/30/"
      }
    },
    {
      "flavor_text": "\u98db\u3073\u8df3\u306d\u308b\u3088\u3046\u306b\u3000\u52d5\u304d\u307e\u308f\u308a\n\u982d\u306e\u3000\u30d8\u30bf\u3092\u3000\u632f\u308a\u307e\u308f\u3059\u3002\n\u3076\u3064\u3051\u3089\u308c\u308b\u3068\u3000\u304b\u306a\u308a\u3000\u75db\u3044\u305e\u3002",
      "language": {
        "name": "ja",
        "url": "https://pokeapi.co/api/v2/language/11/"
      },
      "version": {
        "name": "ultra-moon",
        "url": "https://pokeapi.co/api/v2/version/30/"
      }
    },
    {
      "flavor_text": "\u8e66\u8e66\u8df3\u8df3\u5730\u56db\u5904\u884c\u52a8\uff0c\n\u6325\u821e\u7740\u5934\u90e8\u7684\u58f3\u76d6\u3002\n\u5982\u679c\u88ab\u649e\u5230\u4e86\u4f1a\u975e\u5e38\u75bc\u3002",
      "language": {
        "name": "zh-Hans",
        "url": "https://pokeapi.co/api/v2/language/12/"
      },
      "version": {
        "name": "ultra-moon",
        "url": "https://pokeapi.co/api/v2/version/30/"
      }
    },
    {
      "flavor_text": "\u304a\u3069\u308b\u3088\u3046\u306b\u3000\u30bf\u30fc\u30f3\u3057\u3066\u3000\u3042\u307e\u3044\n\u304b\u304a\u308a\u3092\u3000\u3075\u308a\u307e\u304f\u3002\u3000\u305d\u306e\u3000\u306b\u304a\u3044\u3092\n\u304b\u3050\u3068\u3000\u3057\u3042\u308f\u305b\u306a\u3000\u304d\u3082\u3061\u306b\u306a\u308b\u3002",
      "language": {
        "name": "ja-Hrkt",
        "url": "https://pokeapi.co/api/v2/language/1/"
      },
      "version": {
        "name": "sword",
        "url": "https://pokeapi.co/api/v2/version/33/"
      }
    },
    {
      "flavor_text": "\ucda4\ucd94\ub4ef\uc774 \ud68c\uc804\ud574\uc11c \ub2ec\ucf64\ud55c\n\ud5a5\uae30\ub97c \ud769\ub0a0\ub9b0\ub2e4. \uadf8 \ud5a5\uae30\ub97c\n\ub9e1\uc73c\uba74 \ud589\ubcf5\ud55c \uae30\ubd84\uc774 \ub4e0\ub2e4.",
      "language": {
        "name": "ko",
        "url": "https://pokeapi.co/api/v2/language/3/"
      },
      "version": {
        "name": "sword",
        "url": "https://pokeapi.co/api/v2/version/33/"
      }
    },
    {
      "flavor_text": "\u50cf\u8df3\u821e\u90a3\u6a23\u8f49\u5708\uff0c\n\u91cb\u653e\u51fa\u751c\u751c\u7684\u9999\u6c23\u3002\n\u805e\u5230\u90a3\u9999\u6c23\u4fbf\u6703\u611f\u5230\u5e78\u798f\u3002",
      "language": {
        "name": "zh-Hant",
        "url": "https://pokeapi.co/api/v2/language/4/"
      },
      "version": {
        "name": "sword",
        "url": "https://pokeapi.co/api/v2/version/33/"
      }
    },
    {
      "flavor_text": "Il danse en tournant sur lui-m\u00eame et r\u00e9pand\nune douce odeur dans son sillage. Sentir celle-ci\nprovoque un profond sentiment de bonheur.",
      "language": {
        "name": "fr",
        "url": "https://pokeapi.co/api/v2/language/5/"
      },
      "version": {
        "name": "sword",
        "url": "https://pokeapi.co/api/v2/version/33/"
      }
    },
    {
      "flavor_text": "Es dreht sich t\u00e4nzerisch um sich selbst und\nverstr\u00f6mt einen s\u00fc\u00dfen Duft, der jeden gl\u00fccklich\nmacht, der ihn riecht.",
      "language": {
        "name": "de",
        "url": "https://pokeapi.co/api/v2/language/6/"
      },
      "version": {
        "name": "sword",
        "url": "https://pokeapi.co/api/v2/version/33/"
      }
    },
    {
      "flavor_text": "Se mueve como si danzara, desprendiendo una\ndulce fragancia que provoca una sensaci\u00f3n de\nfelicidad en quien la inhala.",
      "language": {
        "name": "es",
        "url": "https://pokeapi.co/api/v2/language/7/"
      },
      "version": {
        "name": "sword",
        "url": "https://pokeapi.co/api/v2/version/33/"
      }
    },
    {
      "flavor_text": "Gira su se stesso come in una danza spargendo\nnell\u2019aria un dolce profumo. Chi lo annusa prova\nun sentimento di felicit\u00e0.",
      "language": {
        "name": "it",
        "url": "https://pokeapi.co/api/v2/language/8/"
      },
      "version": {
        "name": "sword",
        "url": "https://pokeapi.co/api/v2/version/33/"
      }
    },
    {
      "flavor_text": "As it twirls like a dancer, a sweet smell spreads\nout around it. Anyone who inhales the scent will\nfeel a surge of happiness.",
      "language": {
        "name": "en",
        "url": "https://pokeapi.co/api/v2/language/9/"
      },
      "version": {
        "name": "sword",
        "url": "https://pokeapi.co/api/v2/version/33/"
      }
    },
    {
      "flavor_text": "\u8e0a\u308b\u3088\u3046\u306b\u3000\u30bf\u30fc\u30f3\u3057\u3066\u3000\u7518\u3044\n\u9999\u308a\u3092\u3000\u3075\u308a\u307e\u304f\u3002\u3000\u305d\u306e\u3000\u306b\u304a\u3044\u3092\n\u55c5\u3050\u3068\u3000\u5e78\u305b\u306a\u3000\u6c17\u6301\u3061\u306b\u306a\u308b\u3002",
      "language": {
        "name": "ja",
        "url": "https://pokeapi.co/api/v2/language/11/"
      },
      "version": {
        "name": "sword",
        "url": "https://pokeapi.co/api/v2/version/33/"
      }
    },
    {
      "flavor_text": "\u50cf\u8df3\u821e\u90a3\u6837\u8f6c\u5708\uff0c\n\u91ca\u653e\u51fa\u751c\u751c\u7684\u9999\u6c14\u3002\n\u95fb\u5230\u90a3\u9999\u6c14\u4fbf\u4f1a\u611f\u5230\u5e78\u798f\u3002",
      "language": {
        "name": "zh-Hans",
        "url": "https://pokeapi.co/api/v2/language/12/"
      },
      "version": {
        "name": "sword",
        "url": "https://pokeapi.co/api/v2/version/33/"
      }
    },
    {
      "flavor_text": "\u3064\u3064\u3044\u3066\u304f\u308b\u3000\u30a2\u30aa\u30ac\u30e9\u30b9\u306b\u306f\n\u3042\u305f\u307e\u306e\u3000\u30d8\u30bf\u3067\u3000\u306a\u3050\u308a\u3064\u3051\u3066\u304b\u3089\n\u3059\u308b\u3069\u3044\u3000\u3051\u308a\u308f\u3056\u3092\u3000\u304a\u307f\u307e\u3044\u3059\u308b\u3002",
      "language": {
        "name": "ja-Hrkt",
        "url": "https://pokeapi.co/api/v2/language/1/"
      },
      "version": {
        "name": "shield",
        "url": "https://pokeapi.co/api/v2/version/34/"
      }
    },
    {
      "flavor_text": "\ucabc\uc544\ub300\ub294 \ud30c\ud06c\ub85c\uc6b0\ub97c\n\uba38\ub9ac\uc758 \uaf2d\uc9c0\ub85c \ud6c4\ub824\uce58\uace0\n\uc608\ub9ac\ud55c \ubc1c\ucc28\uae30\ub97c \uba39\uc778\ub2e4.",
      "language": {
        "name": "ko",
        "url": "https://pokeapi.co/api/v2/language/3/"
      },
      "version": {
        "name": "shield",
        "url": "https://pokeapi.co/api/v2/version/34/"
      }
    },
    {
      "flavor_text": "\u6703\u7528\u982d\u90e8\u7684\u679c\u8482\u64ca\u6253\n\u98db\u4f86\u5544\u98df\u81ea\u5df1\u7684\u85cd\u9d09\uff0c\n\u4e26\u4e14\u5c0d\u7260\u4f7f\u51fa\u731b\u70c8\u7684\u8e22\u64ca\u3002",
      "language": {
        "name": "zh-Hant",
        "url": "https://pokeapi.co/api/v2/language/4/"
      },
      "version": {
        "name": "shield",
        "url": "https://pokeapi.co/api/v2/version/34/"
      }
    },
    {
      "flavor_text": "Lorsqu\u2019un Bleuseille le picore, il commence\npar se d\u00e9fendre avec son calice, et lui ass\u00e8ne\nensuite de violents coups de pied.",
      "language": {
        "name": "fr",
        "url": "https://pokeapi.co/api/v2/language/5/"
      },
      "version": {
        "name": "shield",
        "url": "https://pokeapi.co/api/v2/version/34/"
      }
    },
    {
      "flavor_text": "Nach ihm pickende Kranoviz greift es mit dem\nBl\u00fctenkelch auf seinem Kopf an, bevor es sie mit\nagilen Kicktechniken bearbeitet.",
      "language": {
        "name": "de",
        "url": "https://pokeapi.co/api/v2/language/6/"
      },
      "version": {
        "name": "shield",
        "url": "https://pokeapi.co/api/v2/version/34/"
      }
    },
    {
      "flavor_text": "Si un Corvisquire viene a picotearlo, se defiende\ngolpe\u00e1ndolo con el c\u00e1liz de la cabeza y con\nfuertes patadas.",
      "language": {
        "name": "es",
        "url": "https://pokeapi.co/api/v2/language/7/"
      },
      "version": {
        "name": "shield",
        "url": "https://pokeapi.co/api/v2/version/34/"
      }
    },
    {
      "flavor_text": "Quando un Corvisquire viene a stuzzicarlo,\nlo colpisce prima con i sepali che ha\nsulla testa e poi con calci violenti.",
      "language": {
        "name": "it",
        "url": "https://pokeapi.co/api/v2/language/8/"
      },
      "version": {
        "name": "shield",
        "url": "https://pokeapi.co/api/v2/version/34/"
      }
    },
    {
      "flavor_text": "Any Corvisquire that pecks at this\nPok\u00e9mon will be greeted with a smack from\nits sepals followed by a sharp kick.",
      "language": {
        "name": "en",
        "url": "https://pokeapi.co/api/v2/language/9/"
      },
      "version": {
        "name": "shield",
        "url": "https://pokeapi.co/api/v2/version/34/"
      }
    },
    {
      "flavor_text": "\u7a81\u3044\u3066\u304f\u308b\u3000\u30a2\u30aa\u30ac\u30e9\u30b9\u306b\u306f\n\u982d\u306e\u3000\u30d8\u30bf\u3067\u3000\u6bb4\u308a\u3064\u3051\u3066\u304b\u3089\n\u92ed\u3044\u3000\u8e74\u308a\u6280\u3092\u3000\u304a\u307f\u307e\u3044\u3059\u308b\u3002",
      "language": {
        "name": "ja",
        "url": "https://pokeapi.co/api/v2/language/11/"
      },
      "version": {
        "name": "shield",
        "url": "https://pokeapi.co/api/v2/version/34/"
      }
    },
    {
      "flavor_text": "\u4f1a\u7528\u5934\u90e8\u7684\u58f3\u76d6\u51fb\u6253\n\u98de\u6765\u5544\u98df\u81ea\u5df1\u7684\u84dd\u9e26\uff0c\n\u5e76\u4e14\u5bf9\u5b83\u4f7f\u51fa\u731b\u70c8\u7684\u8e22\u51fb\u3002",
      "language": {
        "name": "zh-Hans",
        "url": "https://pokeapi.co/api/v2/language/12/"
      },
      "version": {
        "name": "shield",
        "url": "https://pokeapi.co/api/v2/version/34/"
      }
    }
  ],
  "form_descriptions": [],
  "forms_switchable": false,
  "gender_rate": 8,
  "genera": [
    {
      "genus": "Pok\u00e9mon Frutto",
      "language": {
        "name": "it",
        "url": "https://pokeapi.co/api/v2/language/8/"
      }
    },
    {
      "genus": "\u30d5\u30eb\u30fc\u30c4\u30dd\u30b1\u30e2\u30f3",
      "language": {
        "name": "ja-Hrkt",
        "url": "https://pokeapi.co/api/v2/language/1/"
      }
    },
    {
      "genus": "\ud6c4\ub974\uce20\ud3ec\ucf13\ubaac",
      "language": {
        "name": "ko",
        "url": "https://pokeapi.co/api/v2/language/3/"
      }
    },
    {
      "genus": "\u6c34\u679c\u5bf6\u53ef\u5922",
      "language": {
        "name": "zh-Hant",
        "url": "https://pokeapi.co/api/v2/language/4/"
      }
    },
    {
      "genus": "Pok\u00e9mon Fruit",
      "language": {
        "name": "fr",
        "url": "https://pokeapi.co/api/v2/language/5/"
      }
    },
    {
      "genus": "Obst-Pok\u00e9mon",
      "language": {
        "name": "de",
        "url": "https://pokeapi.co/api/v2/language/6/"
      }
    },
    {
      "genus": "Pok\u00e9mon Fruto",
      "language": {
        "name": "es",
        "url": "https://pokeapi.co/api/v2/language/7/"
      }
    },
    {
      "genus": "Fruit Pok\u00e9mon",
      "language": {
        "name": "en",
        "url": "https://pokeapi.co/api/v2/language/9/"
      }
    },
    {
      "genus": "\u30d5\u30eb\u30fc\u30c4\u30dd\u30b1\u30e2\u30f3",
      "language": {
        "name": "ja",
        "url": "https://pokeapi.co/api/v2/language/11/"
      }
    },
    {
      "genus": "\u6c34\u679c\u5b9d\u53ef\u68a6",
      "language": {
        "name": "zh-Hans",
        "url": "https://pokeapi.co/api/v2/language/12/"
      }
    }
  ],
  "generation": {
    "name": "generation-vii",
    "url": "https://pokeapi.co/api/v2/generation/7/"
  },
  "growth_rate": {
    "name": "medium-slow",
    "url": "https://pokeapi.co/api/v2/growth-rate/4/"
  },
  "habitat": null,
  "has_gender_differences": false,
  "hatch_counter": 20,
  "id": 762,
  "is_baby": false,
  "is_legendary": false,
  "is_mythical": false,
  "name": "steenee",
  "names": [
    {
      "language": {
        "name": "it",
        "url": "https://pokeapi.co/api/v2/language/8/"
      },
      "name": "Steenee"
    },
    {
      "language": {
        "name": "ja-Hrkt",
        "url": "https://pokeapi.co/api/v2/language/1/"
      },
      "name": "\u30a2\u30de\u30de\u30a4\u30b3"
    },
    {
      "language": {
        "name": "roomaji",
        "url": "https://pokeapi.co/api/v2/language/2/"
      },
      "name": "Amamaiko"
    },
    {
      "language": {
        "name": "ko",
        "url": "https://pokeapi.co/api/v2/language/3/"
      },
      "name": "\ub2ec\ubb34\ub9ac\ub098"
    },
    {
      "language": {
        "name": "zh-Hant",
        "url": "https://pokeapi.co/api/v2/language/4/"
      },
      "name": "\u751c\u821e\u59ae"
    },
    {
      "language": {
        "name": "fr",
        "url": "https://pokeapi.co/api/v2/language/5/"
      },
      "name": "Candine"
    },
    {
      "language": {
        "name": "de",
        "url": "https://pokeapi.co/api/v2/language/6/"
      },
      "name": "Frubaila"
    },
    {
      "language": {
        "name": "es",
        "url": "https://pokeapi.co/api/v2/language/7/"
      },
      "name": "Steenee"
    },
    {
      "language": {
        "name": "en",
        "url": "https://pokeapi.co/api/v2/language/9/"
      },
      "name": "Steenee"
    },
    {
      "language": {
        "name": "ja",
        "url": "https://pokeapi.co/api/v2/language/11/"
      },
      "name": "\u30a2\u30de\u30de\u30a4\u30b3"
    },
    {
      "language": {
        "name": "zh-Hans",
        "url": "https://pokeapi.co/api/v2/language/12/"
      },
      "name": "\u751c\u821e\u59ae"
    }
  ],
  "order": 762,
  "pal_park_encounters": [],
  "pokedex_numbers": [
    {
      "entry_number": 762,
      "pokedex": {
        "name": "national",
        "url": "https://pokeapi.co/api/v2/pokedex/1/"
      }
    },
    {
      "entry_number": 172,
      "pokedex": {
        "name": "original-alola",
        "url": "https://pokeapi.co/api/v2/pokedex/16/"
      }
    },
    {
      "entry_number": 99,
      "pokedex": {
        "name": "original-akala",
        "url": "https://pokeapi.co/api/v2/pokedex/18/"
      }
    },
    {
      "entry_number": 208,
      "pokedex": {
        "name": "updated-alola",
        "url": "https://pokeapi.co/api/v2/pokedex/21/"
      }
    },
    {
      "entry_number": 109,
      "pokedex": {
        "name": "updated-akala",
        "url": "https://pokeapi.co/api/v2/pokedex/23/"
      }
    },
    {
      "entry_number": 53,
      "pokedex": {
        "name": "galar",
        "url": "https://pokeapi.co/api/v2/pokedex/27/"
      }
    },
    {
      "entry_number": 82,
      "pokedex": {
        "name": "paldea",
        "url": "https://pokeapi.co/api/v2/pokedex/31/"
      }
    }
  ],
  "shape": {
    "name": "humanoid",
    "url": "https://pokeapi.co/api/v2/pokemon-shape/12/"
  },
  "varieties": [
    {
      "is_default": true,
      "pokemon": {
        "name": "steenee",
        "url": "https://pokeapi.co/api/v2/pokemon/762/"
      }
    }
  ]
}