{"id": 168, "name": "ariados", "types": [{"slot": 1, "type": {"name": "bug", "url": "https://pokeapi.co/api/v2/type/7/"}}, {"slot": 2, "type": {"name": "poison", "url": "https://pokeapi.co/api/v2/type/4/"}}], "stats": [{"base_stat": 70, "effort": 0, "stat": {"name": "hp", "url": "https://pokeapi.co/api/v2/stat/1/"}}, {"base_stat": 90, "effort": 2, "stat": {"name": "attack", "url": "https://pokeapi.co/api/v2/stat/2/"}}, {"base_stat": 70, "effort": 0, "stat": {"name": "defense", "url": "https://pokeapi.co/api/v2/stat/3/"}}, {"base_stat": 60, "effort": 0, "stat": {"name": "special-attack", "url": "https://pokeapi.co/api/v2/stat/4/"}}, {"base_stat": 70, "effort": 0, "stat": {"name": "special-defense", "url": "https://pokeapi.co/api/v2/stat/5/"}}, {"base_stat": 40, "effort": 0, "stat": {"name": "speed", "url": "https://pokeapi.co/api/v2/stat/6/"}}], "abilities": [{"ability": {"name": "swarm", "url": "https://pokeapi.co/api/v2/ability/68/"}, "is_hidden": false, "slot": 1}, {"ability": {"name": "insomnia", "url": "https://pokeapi.co/api/v2/ability/15/"}, "is_hidden": false, "slot": 2}, {"ability": {"name": "sniper", "url": "https://pokeapi.co/api/v2/ability/97/"}, "is_hidden": true, "slot": 3}], "sprites": {"front_default": "https://raw.githubusercontent.com/PokeAPI/sprites/master/sprites/pokemon/168.png"}, "moves": [{"move": {"name": "swords-dance"}, "earliest_level": 1}, {"move": {"name": "body-slam"}, "earliest_level": null}, {"move": {"name": "double-edge"}, "earliest_level": null}, {"move": {"name": "poison-sting"}, "earliest_level": 1}, {"move": {"name": "pin-missile"}, "earliest_level": 35}, {"move": {"name": "disable"}, "earliest_level": null}, {"move": {"name": "hyper-beam"}, "earliest_level": null}, {"move": {"name": "absorb"}, "earliest_level": 1}, {"move": {"name": "solar-beam"}, "earliest_level": null}, {"move": {"name": "string-shot"}, "earliest_level": 1}, {"move": {"name": "dig"}, "earliest_level": null}, {"move": {"name": "toxic"}, "earliest_level": null}, {"move": {"name": "psychic"}, "earliest_level": 41}, {"move": {"name": "agility"}, "earliest_level": 31}, {"move": {"name": "night-shade"}, "earliest_level": 15}, {"move": {"name": "mimic"}, "earliest_level": null}, {"move": {"name": "screech"}, "earliest_level": 53}, {"move": {"name": "double-team"}, "earliest_level": null}, {"move": {"name": "focus-energy"}, "earliest_level": 1}, {"move": {"name": "constrict"}, "earliest_level": 1}, {"move": {"name": "leech-life"}, "earliest_level": 12}, {"move": {"name": "flash"}, "earliest_level": null}, {"move": {"name": "fury-swipes"}, "earliest_level": 23}, {"move": {"name": "rest"}, "earliest_level": null}, {"move": {"name": "substitute"}, "earliest_level": null}, {"move": {"name": "thief"}, "earliest_level": null}, {"move": {"name": "spider-web"}, "earliest_level": 32}, {"move": {"name": "snore"}, "earliest_level": null}, {"move": {"name": "curse"}, "earliest_level": null}, {"move": {"name": "spite"}, "earliest_level": null}, {"move": {"name": "protect"}, "earliest_level": null}, {"move": {"name": "scary-face"}, "earliest_level": 1}, {"move": {"name": "sludge-bomb"}, "earliest_level": null}, {"move": {"name": "giga-drain"}, "earliest_level": null}, {"move": {"name": "endure"}, "earliest_level": null}, {"move": {"name": "swagger"}, "earliest_level": null}, {"move": {"name": "attract"}, "earliest_level": null}, {"move": {"name": "sleep-talk"}, "earliest_level": null}, {"move": {"name": "return"}, "earliest_level": null}, {"move": {"name": "frustration"}, "earliest_level": null}, {"move": {"name": "megahorn"}, "earliest_level": null}, {"move": {"name": "baton-pass"}, "earliest_level": null}, {"move": {"name": "hidden-power"}, "earliest_level": null}, {"move": {"name": "sunny-day"}, "earliest_level": null}, {"move": {"name": "facade"}, "earliest_level": null}, {"move": {"name": "knock-off"}, "earliest_level": null}, {"move": {"name": "secret-power"}, "earliest_level": null}, {"move": {"name": "signal-beam"}, "earliest_level": null}, {"move": {"name": "bounce"}, "earliest_level": null}, {"move": {"name": "natural-gift"}, "earliest_level": null}, {"move": {"name": "sucker-punch"}, "earliest_level": 28}, {"move": {"name": "toxic-spikes"}, "earliest_level": null}, {"move": {"name": "poison-jab"}, "earliest_level": 46}, {"move": {"name": "night-slash"}, "earliest_level": null}, {"move": {"name": "x-scissor"}, "earliest_level": null}, {"move": {"name": "bug-buzz"}, "earliest_level": null}, {"move": {"name": "giga-impact"}, "earliest_level": null}, {"move": {"name": "shadow-sneak"}, "earliest_level": 19}, {"move": {"name": "cross-poison"}, "earliest_level": 50}, {"move": {"name": "captivate"}, "earliest_level": null}, {"move": {"name": "bug-bite"}, "earliest_level": 1}, {"move": {"name": "hone-claws"}, "earliest_level": null}, {"move": {"name": "venoshock"}, "earliest_level": null}, {"move": {"name": "rage-powder"}, "earliest_level": null}, {"move": {"name": "sludge-wave"}, "earliest_level": null}, {"move": {"name": "acid-spray"}, "earliest_level": null}, {"move": {"name": "foul-play"}, "earliest_level": null}, {"move": {"name": "round"}, "earliest_level": null}, {"move": {"name": "hex"}, "earliest_level": null}, {"move": {"name": "struggle-bug"}, "earliest_level": null}, {"move": {"name": "electroweb"}, "earliest_level": null}, {"move": {"name": "sticky-web"}, "earliest_level": 54}, {"move": {"name": "fell-stinger"}, "earliest_level": 1}, {"move": {"name": "confide"}, "earliest_level": null}, {"move": {"name": "venom-drench"}, "earliest_level": 1}, {"move": {"name": "infestation"}, "earliest_level": 8}, {"move": {"name": "toxic-thread"}, "earliest_level": 59}, {"move": {"name": "throat-chop"}, "earliest_level": null}, {"move": {"name": "lunge"}, "earliest_level": null}, {"move": {"name": "smart-strike"}, "earliest_level": null}, {"move": {"name": "stomping-tantrum"}, "earliest_level": null}, {"move": {"name": "skitter-smack"}, "earliest_level": null}, {"move": {"name": "tera-blast"}, "earliest_level": null}, {"move": {"name": "pounce"}, "earliest_level": null}, {"move": {"name": "trailblaze"}, "earliest_level": null}], "species": {"url": "https://pokeapi.co/api/v2/pokemon-species/168/"}, "height": 11, "weight": 335}