{"id": 344, "name": "claydol", "types": [{"slot": 1, "type": {"name": "ground", "url": "https://pokeapi.co/api/v2/type/5/"}}, {"slot": 2, "type": {"name": "psychic", "url": "https://pokeapi.co/api/v2/type/14/"}}], "stats": [{"base_stat": 60, "effort": 0, "stat": {"name": "hp", "url": "https://pokeapi.co/api/v2/stat/1/"}}, {"base_stat": 70, "effort": 0, "stat": {"name": "attack", "url": "https://pokeapi.co/api/v2/stat/2/"}}, {"base_stat": 105, "effort": 0, "stat": {"name": "defense", "url": "https://pokeapi.co/api/v2/stat/3/"}}, {"base_stat": 70, "effort": 0, "stat": {"name": "special-attack", "url": "https://pokeapi.co/api/v2/stat/4/"}}, {"base_stat": 120, "effort": 2, "stat": {"name": "special-defense", "url": "https://pokeapi.co/api/v2/stat/5/"}}, {"base_stat": 75, "effort": 0, "stat": {"name": "speed", "url": "https://pokeapi.co/api/v2/stat/6/"}}], "abilities": [{"ability": {"name": "levitate", "url": "https://pokeapi.co/api/v2/ability/26/"}, "is_hidden": false, "slot": 1}], "sprites": {"front_default": "https://raw.githubusercontent.com/PokeAPI/sprites/master/sprites/pokemon/344.png"}, "moves": [{"move": {"name": "headbutt"}, "earliest_level": null}, {"move": {"name": "double-edge"}, "earliest_level": null}, {"move": {"name": "ice-beam"}, "earliest_level": null}, {"move": {"name": "psybeam"}, "earliest_level": 11}, {"move": {"name": "hyper-beam"}, "earliest_level": 1}, {"move": {"name": "strength"}, "earliest_level": null}, {"move": {"name": "solar-beam"}, "earliest_level": null}, {"move": {"name": "earthquake"}, "earliest_level": null}, {"move": {"name": "dig"}, "earliest_level": null}, {"move": {"name": "toxic"}, "earliest_level": null}, {"move": {"name": "confusion"}, "earliest_level": 1}, {"move": {"name": "psychic"}, "earliest_level": null}, {"move": {"name": "teleport"}, "earliest_level": 1}, {"move": {"name": "mimic"}, "earliest_level": null}, {"move": {"name": "double-team"}, "earliest_level": null}, {"move": {"name": "harden"}, "earliest_level": 1}, {"move": {"name": "light-screen"}, "earliest_level": null}, {"move": {"name": "reflect"}, "earliest_level": null}, {"move": {"name": "self-destruct"}, "earliest_level": 19}, {"move": {"name": "dream-eater"}, "earliest_level": null}, {"move": {"name": "flash"}, "earliest_level": null}, {"move": {"name": "explosion"}, "earliest_level": 48}, {"move": {"name": "rest"}, "earliest_level": null}, {"move": {"name": "rock-slide"}, "earliest_level": null}, {"move": {"name": "substitute"}, "earliest_level": null}, {"move": {"name": "snore"}, "earliest_level": null}, {"move": {"name": "protect"}, "earliest_level": null}, {"move": {"name": "mud-slap"}, "earliest_level": 1}, {"move": {"name": "sandstorm"}, "earliest_level": 31}, {"move": {"name": "endure"}, "earliest_level": null}, {"move": {"name": "swagger"}, "earliest_level": null}, {"move": {"name": "sleep-talk"}, "earliest_level": null}, {"move": {"name": "return"}, "earliest_level": null}, {"move": {"name": "frustration"}, "earliest_level": null}, {"move": {"name": "safeguard"}, "earliest_level": null}, {"move": {"name": "rapid-spin"}, "earliest_level": 1}, {"move": {"name": "hidden-power"}, "earliest_level": null}, {"move": {"name": "rain-dance"}, "earliest_level": null}, {"move": {"name": "sunny-day"}, "earliest_level": null}, {"move": {"name": "psych-up"}, "earliest_level": null}, {"move": {"name": "ancient-power"}, "earliest_level": 18}, {"move": {"name": "shadow-ball"}, "earliest_level": null}, {"move": {"name": "future-sight"}, "earliest_level": null}, {"move": {"name": "rock-smash"}, "earliest_level": null}, {"move": {"name": "facade"}, "earliest_level": null}, {"move": {"name": "trick"}, "earliest_level": null}, {"move": {"name": "magic-coat"}, "earliest_level": null}, {"move": {"name": "recycle"}, "earliest_level": null}, {"move": {"name": "skill-swap"}, "earliest_level": null}, {"move": {"name": "imprison"}, "earliest_level": 21}, {"move": {"name": "secret-power"}, "earliest_level": null}, {"move": {"name": "rock-tomb"}, "earliest_level": 9}, {"move": {"name": "cosmic-power"}, "earliest_level": 22}, {"move": {"name": "signal-beam"}, "earliest_level": null}, {"move": {"name": "extrasensory"}, "earliest_level": 27}, {"move": {"name": "sand-tomb"}, "earliest_level": null}, {"move": {"name": "iron-defense"}, "earliest_level": null}, {"move": {"name": "calm-mind"}, "earliest_level": null}, {"move": {"name": "gravity"}, "earliest_level": null}, {"move": {"name": "gyro-ball"}, "earliest_level": null}, {"move": {"name": "natural-gift"}, "earliest_level": null}, {"move": {"name": "heal-block"}, "earliest_level": 10}, {"move": {"name": "power-trick"}, "earliest_level": 12}, {"move": {"name": "power-swap"}, "earliest_level": null}, {"move": {"name": "guard-swap"}, "earliest_level": null}, {"move": {"name": "rock-polish"}, "earliest_level": null}, {"move": {"name": "earth-power"}, "earliest_level": 30}, {"move": {"name": "giga-impact"}, "earliest_level": null}, {"move": {"name": "nasty-plot"}, "earliest_level": null}, {"move": {"name": "zen-headbutt"}, "earliest_level": null}, {"move": {"name": "trick-room"}, "earliest_level": null}, {"move": {"name": "stone-edge"}, "earliest_level": null}, {"move": {"name": "stealth-rock"}, "earliest_level": null}, {"move": {"name": "grass-knot"}, "earliest_level": null}, {"move": {"name": "charge-beam"}, "earliest_level": null}, {"move": {"name": "guard-split"}, "earliest_level": 34}, {"move": {"name": "power-split"}, "earliest_level": 34}, {"move": {"name": "wonder-room"}, "earliest_level": null}, {"move": {"name": "psyshock"}, "earliest_level": null}, {"move": {"name": "telekinesis"}, "earliest_level": null}, {"move": {"name": "smack-down"}, "earliest_level": null}, {"move": {"name": "round"}, "earliest_level": null}, {"move": {"name": "stored-power"}, "earliest_level": null}, {"move": {"name": "ally-switch"}, "earliest_level": null}, {"move": {"name": "hex"}, "earliest_level": null}, {"move": {"name": "bulldoze"}, "earliest_level": null}, {"move": {"name": "drill-run"}, "earliest_level": null}, {"move": {"name": "confide"}, "earliest_level": null}, {"move": {"name": "eerie-impulse"}, "earliest_level": null}, {"move": {"name": "dazzling-gleam"}, "earliest_level": null}, {"move": {"name": "psychic-terrain"}, "earliest_level": null}, {"move": {"name": "body-press"}, "earliest_level": null}, {"move": {"name": "expanding-force"}, "earliest_level": null}, {"move": {"name": "scorching-sands"}, "earliest_level": null}], "species": {"url": "https://pokeapi.co/api/v2/pokemon-species/344/"}, "height": 15, "weight": 1080}