{
  "base_happiness": 50,
  "capture_rate": 120,
  "color": {
    "name": "green",
    "url": "https://pokeapi.co/api/v2/pokemon-color/5/"
  },
  "egg_groups": [
    {
      "name": "bug",
      "url": "https://pokeapi.co/api/v2/egg-group/3/"
    }
  ],
  "evolution_chain": {
    "url": "https://pokeapi.co/api/v2/evolution-chain/482/"
  },
  "evolves_from_species": {
    "name": "tarountula",
    "url": "https://pokeapi.co/api/v2/pokemon-species/917/"
  },
  "flavor_text_entries": [
    {
      "flavor_text": "It clings to branches and ceilings using its threads and moves without a sound. It takes out its prey before the prey even notices it.",
      "language": {
        "name": "en",
        "url": "https://pokeapi.co/api/v2/language/9/"
      },
      "version": {
        "name": "scarlet",
        "url": "https://pokeapi.co/api/v2/version/40/"
      }
    },
    {
      "flavor_text": "Spidops covers its territory in tough, sticky threads to set up traps for intruders.",
      "language": {
        "name": "en",
        "url": "https://pokeapi.co/api/v2/language/9/"
      },
      "version": {
        "name": "violet",
        "url": "https://pokeapi.co/api/v2/version/41/"
      }
    }
  ],
  "form_descriptions": [],
  "forms_switchable": false,
  "gender_rate": 4,
  "genera": [
    {
      "genus": "\u30c8\u30e9\u30c3\u30d7\u30dd\u30b1\u30e2\u30f3",
      "language": {
        "name": "ja-Hrkt",
        "url": "https://pokeapi.co/api/v2/language/1/"
      }
    },
    {
      "genus": "\ud2b8\ub7a9\ud3ec\ucf13\ubaac",
      "language": {
        "name": "ko",
        "url": "https://pokeapi.co/api/v2/language/3/"
      }
    },
    {
      "genus": "\u9677\u9631\u5bf6\u53ef\u5922",
      "language": {
        "name": "zh-Hant",
        "url": "https://pokeapi.co/api/v2/language/4/"
      }
    },
    {
      "genus": "Pi\u00e8ge",
      "language": {
        "name": "fr",
        "url": "https://pokeapi.co/api/v2/language/5/"
      }
    },
    {
      "genus": "Falle",
      "language": {
        "name": "de",
        "url": "https://pokeapi.co/api/v2/language/6/"
      }
    },
    {
      "genus": "Trap Pok\u00e9mon",
      "language": {
        "name": "en",
        "url": "https://pokeapi.co/api/v2/language/9/"
      }
    },
    {
      "genus": "\u9677\u9631\u5b9d\u53ef\u68a6",
      "language": {
        "name": "zh-Hans",
        "url": "https://pokeapi.co/api/v2/language/12/"
      }
    }
  ],
  "generation": {
    "name": "generation-ix",
    "url": "https://pokeapi.co/api/v2/generation/9/"
  },
  "growth_rate": {
    "name": "slow-then-very-fast",
    "url": "https://pokeapi.co/api/v2/growth-rate/5/"
  },
  "habitat": null,
  "has_gender_differences": false,
  "hatch_counter": 15,
  "id": 918,
  "is_baby": false,
  "is_legendary": false,
  "is_mythical": false,
  "name": "spidops",
  "names": [
    {
      "language": {
        "name": "ja-Hrkt",
        "url": "https://pokeapi.co/api/v2/language/1/"
      },
      "name": "\u30ef\u30ca\u30a4\u30c0\u30fc"
    },
    {
      "language": {
        "name": "roomaji",
        "url": "https://pokeapi.co/api/v2/language/2/"
      },
      "name": "Wanaider"
    },
    {
      "language": {
        "name": "ko",
        "url": "https://pokeapi.co/api/v2/language/3/"
      },
      "name": "\ud2b8\ub798\ud53c\ub354"
    },
    {
      "language": {
        "name": "zh-Hant",
        "url": "https://pokeapi.co/api/v2/language/4/"
      },
      "name": "\u64cd\u9677\u86db"
    },
    {
      "language": {
        "name": "fr",
        "url": "https://pokeapi.co/api/v2/language/5/"
      },
      "name": "Filentrappe"
    },
    {
      "language": {
        "name": "de",
        "url": "https://pokeapi.co/api/v2/language/6/"
      },
      "name": "Spinsidias"
    },
    {
      "language": {
        "name": "es",
        "url": "https://pokeapi.co/api/v2/language/7/"
      },
      "name": "Spidops"
    },
    {
      "language": {
        "name": "it",
        "url": "https://pokeapi.co/api/v2/language/8/"
      },
      "name": "Spidops"
    },
    {
      "language": {
        "name": "en",
        "url": "https://pokeapi.co/api/v2/language/9/"
      },
      "name": "Spidops"
    },
    {
      "language": {
        "name": "ja",
        "url": "https://pokeapi.co/api/v2/language/11/"
      },
      "name": "\u30ef\u30ca\u30a4\u30c0\u30fc"
    },
    {
      "language": {
        "name": "zh-Hans",
        "url": "https://pokeapi.co/api/v2/language/12/"
      },
      "name": "\u64cd\u9677\u86db"
    }
  ],
  "order": 919,
  "pal_park_encounters": [],
  "pokedex_numbers": [
    {
      "entry_number": 918,
      "pokedex": {
        "name": "national",
        "url": "https://pokeapi.co/api/v2/pokedex/1/"
      }
    },
    {
      "entry_number": 13,
      "pokedex": {
        "name": "paldea",
        "url": "https://pokeapi.co/api/v2/pokedex/31/"
      }
    }
  ],
  "shape": {
    "name": "armor",
    "url": "https://pokeapi.co/api/v2/pokemon-shape/14/"
  },
  "varieties": [
    {
      "is_default": true,
      "pokemon": {
        "name": "spidops",
        "url": "https://pokeapi.co/api/v2/pokemon/918/"
      }
    }
  ]
}