{"flavor_text_entries": [{"flavor_text": "Its eyes are\nspecially adapted.\nThey concentrate\feven faint light\nand enable it to\nsee in the dark.", "language": {"name": "en", "url": "https://pokeapi.co/api/v2/language/9/"}, "version": {"name": "gold", "url": "https://pokeapi.co/api/v2/version/4/"}}, {"flavor_text": "When it needs to\nthink, it rotates\nits head 180 de\u00ad\fgrees to sharpen\nits intellectual\npower.", "language": {"name": "en", "url": "https://pokeapi.co/api/v2/language/9/"}, "version": {"name": "silver", "url": "https://pokeapi.co/api/v2/version/5/"}}, {"flavor_text": "Its extremely soft\nfeathers make no\nsound in flight.\fIt silently sneaks\nup on prey without\nbeing detected.", "language": {"name": "en", "url": "https://pokeapi.co/api/v2/language/9/"}, "version": {"name": "crystal", "url": "https://pokeapi.co/api/v2/version/6/"}}, {"flavor_text": "NOCTOWL never fails at catching prey in\ndarkness. This POK\u00e9MON owes its\nsuccess to its superior vision that\fallows it to see in minimal light, and to\nits soft,  supple wings that make no\nsound in flight.", "language": {"name": "en", "url": "https://pokeapi.co/api/v2/language/9/"}, "version": {"name": "ruby", "url": "https://pokeapi.co/api/v2/version/7/"}}, {"flavor_text": "NOCTOWL never fails at catching prey in\ndarkness. This POK\u00e9MON owes its\nsuccess to its superior vision that\fallows it to see in minimal light, and to\nits soft,  supple wings that make no\nsound in flight.", "language": {"name": "en", "url": "https://pokeapi.co/api/v2/language/9/"}, "version": {"name": "sapphire", "url": "https://pokeapi.co/api/v2/version/8/"}}, {"flavor_text": "It unfailingly catches prey in darkness.\nNOCTOWL owe their success to superior\nvision that allows them to see in minimal\nlight, and to their supple and silent wings.", "language": {"name": "en", "url": "https://pokeapi.co/api/v2/language/9/"}, "version": {"name": "emerald", "url": "https://pokeapi.co/api/v2/version/9/"}}, {"flavor_text": "When it needs to think, it rotates its head\n180 degrees to sharpen its intellectual\npower.", "language": {"name": "en", "url": "https://pokeapi.co/api/v2/language/9/"}, "version": {"name": "firered", "url": "https://pokeapi.co/api/v2/version/10/"}}, {"flavor_text": "Its eyes are specially adapted. They\nconcentrate even faint light and enable it\nto see in the dark.", "language": {"name": "en", "url": "https://pokeapi.co/api/v2/language/9/"}, "version": {"name": "leafgreen", "url": "https://pokeapi.co/api/v2/version/11/"}}, {"flavor_text": "Its eyes are special. They can\npick out objects as long as there\nis the tiniest amount of light.", "language": {"name": "en", "url": "https://pokeapi.co/api/v2/language/9/"}, "version": {"name": "diamond", "url": "https://pokeapi.co/api/v2/version/12/"}}, {"flavor_text": "If it flips its head upside down,\nit\u2019s a sign that it is engaged in\nvery complex thinking.", "language": {"name": "en", "url": "https://pokeapi.co/api/v2/language/9/"}, "version": {"name": "pearl", "url": "https://pokeapi.co/api/v2/version/13/"}}, {"flavor_text": "Its eyes are specially developed\nto enable it to see clearly even in\nmurky darkness and minimal light.", "language": {"name": "en", "url": "https://pokeapi.co/api/v2/language/9/"}, "version": {"name": "platinum", "url": "https://pokeapi.co/api/v2/version/14/"}}, {"flavor_text": "Its eyes are specially adapted.\nThey concentrate even faint light\nand enable it to see in the dark.", "language": {"name": "en", "url": "https://pokeapi.co/api/v2/language/9/"}, "version": {"name": "heartgold", "url": "https://pokeapi.co/api/v2/version/15/"}}, {"flavor_text": "When it needs to think, it rotates\nits head 180 degrees to sharpen\nits intellectual power.", "language": {"name": "en", "url": "https://pokeapi.co/api/v2/language/9/"}, "version": {"name": "soulsilver", "url": "https://pokeapi.co/api/v2/version/16/"}}, {"flavor_text": "Its eyes are specially developed\nto enable it to see clearly even in\nmurky darkness and minimal light.", "language": {"name": "en", "url": "https://pokeapi.co/api/v2/language/9/"}, "version": {"name": "black", "url": "https://pokeapi.co/api/v2/version/17/"}}, {"flavor_text": "Its eyes are specially developed\nto enable it to see clearly even in\nmurky darkness and minimal light.", "language": {"name": "en", "url": "https://pokeapi.co/api/v2/language/9/"}, "version": {"name": "white", "url": "https://pokeapi.co/api/v2/version/18/"}}, {"flavor_text": "Its eyes are specially developed\nto enable it to see clearly even in\nmurky darkness and minimal light.", "language": {"name": "en", "url": "https://pokeapi.co/api/v2/language/9/"}, "version": {"name": "black-2", "url": "https://pokeapi.co/api/v2/version/21/"}}, {"flavor_text": "Its eyes are specially developed\nto enable it to see clearly even in\nmurky darkness and minimal light.", "language": {"name": "en", "url": "https://pokeapi.co/api/v2/language/9/"}, "version": {"name": "white-2", "url": "https://pokeapi.co/api/v2/version/22/"}}, {"flavor_text": "Its eyes are specially adapted. They concentrate\neven faint light and enable it to see in the dark.", "language": {"name": "en", "url": "https://pokeapi.co/api/v2/language/9/"}, "version": {"name": "x", "url": "https://pokeapi.co/api/v2/version/23/"}}, {"flavor_text": "When it needs to think, it rotates its head\n180 degrees to sharpen its intellectual power.", "language": {"name": "en", "url": "https://pokeapi.co/api/v2/language/9/"}, "version": {"name": "y", "url": "https://pokeapi.co/api/v2/version/24/"}}, {"flavor_text": "Noctowl never fails at catching prey in darkness. This Pok\u00e9mon\nowes its success to its superior vision that allows it to see in\nminimal light, and to its soft, supple wings that make no sound\nin flight.", "language": {"name": "en", "url": "https://pokeapi.co/api/v2/language/9/"}, "version": {"name": "omega-ruby", "url": "https://pokeapi.co/api/v2/version/25/"}}, {"flavor_text": "Noctowl never fails at catching prey in darkness. This Pok\u00e9mon\nowes its success to its superior vision that allows it to see in\nminimal light, and to its soft, supple wings that make no sound\nin flight.", "language": {"name": "en", "url": "https://pokeapi.co/api/v2/language/9/"}, "version": {"name": "alpha-sapphire", "url": "https://pokeapi.co/api/v2/version/26/"}}, {"flavor_text": "With eyes that can see in pitch-darkness, it\nnever lets its prey escape. Some even call it\n\u201cthe emperor of dark nights.\u201d", "language": {"name": "en", "url": "https://pokeapi.co/api/v2/language/9/"}, "version": {"name": "ultra-sun", "url": "https://pokeapi.co/api/v2/version/29/"}}, {"flavor_text": "When it turns its head entirely upside down,\nyou know it\u2019s troubled by something. If you don\u2019t\nleave it be, it will peck you.", "language": {"name": "en", "url": "https://pokeapi.co/api/v2/language/9/"}, "version": {"name": "ultra-moon", "url": "https://pokeapi.co/api/v2/version/30/"}}, {"flavor_text": "Its eyes are specially developed to enable it to\nsee clearly even in murky darkness and minimal light.", "language": {"name": "en", "url": "https://pokeapi.co/api/v2/language/9/"}, "version": {"name": "sword", "url": "https://pokeapi.co/api/v2/version/33/"}}, {"flavor_text": "When it needs to think, it rotates its head\n180 degrees to sharpen its intellectual power.", "language": {"name": "en", "url": "https://pokeapi.co/api/v2/language/9/"}, "version": {"name": "shield", "url": "https://pokeapi.co/api/v2/version/34/"}}], "evolution_chain": {"url": "https://pokeapi.co/api/v2/evolution-chain/83/"}}