{
  "base_happiness": 0,
  "capture_rate": 3,
  "color": {
    "name": "purple",
    "url": "https://pokeapi.co/api/v2/pokemon-color/7/"
  },
  "egg_groups": [
    {
      "name": "no-eggs",
      "url": "https://pokeapi.co/api/v2/egg-group/15/"
    }
  ],
  "evolution_chain": {
    "url": "https://pokeapi.co/api/v2/evolution-chain/245/"
  },
  "evolves_from_species": null,
  "flavor_text_entries": [
    {
      "flavor_text": "It has the ability to distort\nspace. It is described as a deity\nin Sinnoh-region mythology.",
      "language": {
        "name": "en",
        "url": "https://pokeapi.co/api/v2/language/9/"
      },
      "version": {
        "name": "diamond",
        "url": "https://pokeapi.co/api/v2/version/12/"
      }
    },
    {
      "flavor_text": "It is said to live in a gap in the\nspatial dimension parallel to ours.\nIt appears in mythology.",
      "language": {
        "name": "en",
        "url": "https://pokeapi.co/api/v2/language/9/"
      },
      "version": {
        "name": "pearl",
        "url": "https://pokeapi.co/api/v2/version/13/"
      }
    },
    {
      "flavor_text": "A legendary Pok\u00e9mon of Sinnoh.\nIt is said that space becomes more\nstable with PALKIA\u2019s every breath.",
      "language": {
        "name": "en",
        "url": "https://pokeapi.co/api/v2/language/9/"
      },
      "version": {
        "name": "platinum",
        "url": "https://pokeapi.co/api/v2/version/14/"
      }
    },
    {
      "flavor_text": "Its total control over the boundaries\nof space enable it to transport itself to\nfaraway places or even other dimensions.",
      "language": {
        "name": "en",
        "url": "https://pokeapi.co/api/v2/language/9/"
      },
      "version": {
        "name": "heartgold",
        "url": "https://pokeapi.co/api/v2/version/15/"
      }
    },
    {
      "flavor_text": "Its total control over the boundaries\nof space enable it to transport itself to\nfaraway places or even other dimensions.",
      "language": {
        "name": "en",
        "url": "https://pokeapi.co/api/v2/language/9/"
      },
      "version": {
        "name": "soulsilver",
        "url": "https://pokeapi.co/api/v2/version/16/"
      }
    },
    {
      "flavor_text": "On dit que la stabilit\u00e9 de l\u2019espace\nest maintenue par le souffle de ce\nPok\u00e9mon l\u00e9gendaire de Sinnoh.",
      "language": {
        "name": "fr",
        "url": "https://pokeapi.co/api/v2/language/5/"
      },
      "version": {
        "name": "black",
        "url": "https://pokeapi.co/api/v2/version/17/"
      }
    },
    {
      "flavor_text": "A legendary Pok\u00e9mon of Sinnoh.\nIt is said that space becomes more\nstable with Palkia\u2019s every breath.",
      "language": {
        "name": "en",
        "url": "https://pokeapi.co/api/v2/language/9/"
      },
      "version": {
        "name": "black",
        "url": "https://pokeapi.co/api/v2/version/17/"
      }
    },
    {
      "flavor_text": "On dit que la stabilit\u00e9 de l\u2019espace\nest maintenue par le souffle de ce\nPok\u00e9mon l\u00e9gendaire de Sinnoh.",
      "language": {
        "name": "fr",
        "url": "https://pokeapi.co/api/v2/language/5/"
      },
      "version": {
        "name": "white",
        "url": "https://pokeapi.co/api/v2/version/18/"
      }
    },
    {
      "flavor_text": "A legendary Pok\u00e9mon of Sinnoh.\nIt is said that space becomes more\nstable with Palkia\u2019s every breath.",
      "language": {
        "name": "en",
        "url": "https://pokeapi.co/api/v2/language/9/"
      },
      "version": {
        "name": "white",
        "url": "https://pokeapi.co/api/v2/version/18/"
      }
    },
    {
      "flavor_text": "A legendary Pok\u00e9mon of Sinnoh.\nIt is said that space becomes more\nstable with Palkia\u2019s every breath.",
      "language": {
        "name": "en",
        "url": "https://pokeapi.co/api/v2/language/9/"
      },
      "version": {
        "name": "black-2",
        "url": "https://pokeapi.co/api/v2/version/21/"
      }
    },
    {
      "flavor_text": "A legendary Pok\u00e9mon of Sinnoh.\nIt is said that space becomes more\nstable with Palkia\u2019s every breath.",
      "language": {
        "name": "en",
        "url": "https://pokeapi.co/api/v2/language/9/"
      },
      "version": {
        "name": "white-2",
        "url": "https://pokeapi.co/api/v2/version/22/"
      }
    },
    {
      "flavor_text": "\u3078\u3044\u3053\u3046\u3057\u3066\u3000\u306a\u3089\u3076\u3000\u304f\u3046\u304b\u3093\u306e\n\u306f\u3056\u307e\u306b\u3000\u3059\u3080\u3068\u3000\u3044\u308f\u308c\u3066\u3044\u308b\u3002\n\u3057\u3093\u308f\u306b\u3000\u3068\u3046\u3058\u3087\u3046\u3059\u308b\u3000\u30dd\u30b1\u30e2\u30f3\u3002",
      "language": {
        "name": "ja-Hrkt",
        "url": "https://pokeapi.co/api/v2/language/1/"
      },
      "version": {
        "name": "x",
        "url": "https://pokeapi.co/api/v2/version/23/"
      }
    },
    {
      "flavor_text": "\ud3c9\ud589\uc73c\ub85c \ub298\uc5b4\uc120 \uacf5\uac04\uc758\n\ud2c8\uc0c8\uc5d0 \uc0b0\ub2e4\uace0 \uc804\ud574\uc9c4\ub2e4.\n\uc2e0\ud654\uc5d0 \ub4f1\uc7a5\ud558\ub294 \ud3ec\ucf13\ubaac\uc774\ub2e4.",
      "language": {
        "name": "ko",
        "url": "https://pokeapi.co/api/v2/language/3/"
      },
      "version": {
        "name": "x",
        "url": "https://pokeapi.co/api/v2/version/23/"
      }
    },
    {
      "flavor_text": "On dit qu\u2019il hante une faille d\u2019une dimension\nparall\u00e8le \u00e0 la n\u00f4tre. Il appara\u00eet dans la mythologie.",
      "language": {
        "name": "fr",
        "url": "https://pokeapi.co/api/v2/language/5/"
      },
      "version": {
        "name": "x",
        "url": "https://pokeapi.co/api/v2/version/23/"
      }
    },
    {
      "flavor_text": "Man sagt, es lebe in einem Spalt in einer\nParalleldimension. Es wird in der Mythologie erw\u00e4hnt.",
      "language": {
        "name": "de",
        "url": "https://pokeapi.co/api/v2/language/6/"
      },
      "version": {
        "name": "x",
        "url": "https://pokeapi.co/api/v2/version/23/"
      }
    },
    {
      "flavor_text": "Se dice que vive en una dimensi\u00f3n espacial paralela.\nAparece en la mitolog\u00eda.",
      "language": {
        "name": "es",
        "url": "https://pokeapi.co/api/v2/language/7/"
      },
      "version": {
        "name": "x",
        "url": "https://pokeapi.co/api/v2/version/23/"
      }
    },
    {
      "flavor_text": "Si dice che viva in una dimensione parallela alla\nnostra. Appare nella mitologia.",
      "language": {
        "name": "it",
        "url": "https://pokeapi.co/api/v2/language/8/"
      },
      "version": {
        "name": "x",
        "url": "https://pokeapi.co/api/v2/version/23/"
      }
    },
    {
      "flavor_text": "It is said to live in a gap in the spatial dimension\nparallel to ours. It appears in mythology.",
      "language": {
        "name": "en",
        "url": "https://pokeapi.co/api/v2/language/9/"
      },
      "version": {
        "name": "x",
        "url": "https://pokeapi.co/api/v2/version/23/"
      }
    },
    {
      "flavor_text": "\u4e26\u884c\u3057\u3066\u3000\u4e26\u3076\u3000\u7a7a\u9593\u306e\u3000\u72ed\u9593\u306b\n\u4f4f\u3080\u3068\u3000\u8a00\u308f\u308c\u3066\u3044\u308b\u3002\n\u795e\u8a71\u306b\u3000\u767b\u5834\u3059\u308b\u3000\u30dd\u30b1\u30e2\u30f3\u3002",
      "language": {
        "name": "ja",
        "url": "https://pokeapi.co/api/v2/language/11/"
      },
      "version": {
        "name": "x",
        "url": "https://pokeapi.co/api/v2/version/23/"
      }
    },
    {
      "flavor_text": "\u304f\u3046\u304b\u3093\u3092\u3000\u3086\u304c\u3081\u308b\u3000\u306e\u3046\u308a\u3087\u304f\u3092\n\u3082\u3061\u3000\u30b7\u30f3\u30aa\u30a6\u3061\u307b\u3046\u306e\u3000\u3057\u3093\u308f\u3067\u306f\n\u304b\u307f\u3055\u307e\u3068\u3057\u3066\u3000\u3048\u304c\u304b\u308c\u3066\u3044\u308b\u3002",
      "language": {
        "name": "ja-Hrkt",
        "url": "https://pokeapi.co/api/v2/language/1/"
      },
      "version": {
        "name": "y",
        "url": "https://pokeapi.co/api/v2/version/24/"
      }
    },
    {
      "flavor_text": "\uacf5\uac04\uc744 \ub4a4\ud2c0\ub9ac\uac8c \ud558\ub294 \ub2a5\ub825\uc744\n\uac00\uc84c\uc73c\uba70 \uc2e0\uc624\uc9c0\ubc29\uc758 \uc2e0\ud654\uc5d0\uc11c\ub294\n\uc2e0\uc73c\ub85c \ubb18\uc0ac\ub418\uace0 \uc788\ub2e4.",
      "language": {
        "name": "ko",
        "url": "https://pokeapi.co/api/v2/language/3/"
      },
      "version": {
        "name": "y",
        "url": "https://pokeapi.co/api/v2/version/24/"
      }
    },
    {
      "flavor_text": "Il peut modeler l\u2019espace. Les mythes de Sinnoh en\nparlent comme d\u2019une divinit\u00e9 ancienne.",
      "language": {
        "name": "fr",
        "url": "https://pokeapi.co/api/v2/language/5/"
      },
      "version": {
        "name": "y",
        "url": "https://pokeapi.co/api/v2/version/24/"
      }
    },
    {
      "flavor_text": "Es hat die Macht, den Raum zu kr\u00fcmmen. In den\nMythen von Sinnoh erscheint es als Gottheit.",
      "language": {
        "name": "de",
        "url": "https://pokeapi.co/api/v2/language/6/"
      },
      "version": {
        "name": "y",
        "url": "https://pokeapi.co/api/v2/version/24/"
      }
    },
    {
      "flavor_text": "Tiene la habilidad de distorsionar el espacio. La\nmitolog\u00eda de Sinnoh lo describe como una deidad.",
      "language": {
        "name": "es",
        "url": "https://pokeapi.co/api/v2/language/7/"
      },
      "version": {
        "name": "y",
        "url": "https://pokeapi.co/api/v2/version/24/"
      }
    },
    {
      "flavor_text": "Ha l\u2019abilit\u00e0 di distorcere lo spazio. Nella mitologia\ndella regione di Sinnoh \u00e8 una divinit\u00e0.",
      "language": {
        "name": "it",
        "url": "https://pokeapi.co/api/v2/language/8/"
      },
      "version": {
        "name": "y",
        "url": "https://pokeapi.co/api/v2/version/24/"
      }
    },
    {
      "flavor_text": "It has the ability to distort space. It is described as\na deity in Sinnoh-region mythology.",
      "language": {
        "name": "en",
        "url": "https://pokeapi.co/api/v2/language/9/"
      },
      "version": {
        "name": "y",
        "url": "https://pokeapi.co/api/v2/version/24/"
      }
    },
    {
      "flavor_text": "\u7a7a\u9593\u3092\u3000\u3086\u304c\u3081\u308b\u3000\u80fd\u529b\u3092\u3000\u6301\u3061\n\u30b7\u30f3\u30aa\u30a6\u5730\u65b9\u306e\u3000\u795e\u8a71\u3067\u306f\n\u795e\u69d8\u3068\u3057\u3066\u3000\u63cf\u304b\u308c\u3066\u3044\u308b\u3002",
      "language": {
        "name": "ja",
        "url": "https://pokeapi.co/api/v2/language/11/"
      },
      "version": {
        "name": "y",
        "url": "https://pokeapi.co/api/v2/version/24/"
      }
    },
    {
      "flavor_text": "\u3078\u3044\u3053\u3046\u3057\u3066\u3000\u306a\u3089\u3076\u3000\u304f\u3046\u304b\u3093\u306e\n\u306f\u3056\u307e\u306b\u3000\u3059\u3080\u3068\u3000\u3044\u308f\u308c\u3066\u3044\u308b\u3002\n\u3057\u3093\u308f\u306b\u3000\u3068\u3046\u3058\u3087\u3046\u3059\u308b\u3000\u30dd\u30b1\u30e2\u30f3\u3002",
      "language": {
        "name": "ja-Hrkt",
        "url": "https://pokeapi.co/api/v2/language/1/"
      },
      "version": {
        "name": "omega-ruby",
        "url": "https://pokeapi.co/api/v2/version/25/"
      }
    },
    {
      "flavor_text": "\ud3c9\ud589\uc73c\ub85c \ub298\uc5b4\uc120 \uacf5\uac04\uc758\n\ud2c8\uc0c8\uc5d0 \uc0b0\ub2e4\uace0 \uc804\ud574\uc9c4\ub2e4.\n\uc2e0\ud654\uc5d0 \ub4f1\uc7a5\ud558\ub294 \ud3ec\ucf13\ubaac\uc774\ub2e4.",
      "language": {
        "name": "ko",
        "url": "https://pokeapi.co/api/v2/language/3/"
      },
      "version": {
        "name": "omega-ruby",
        "url": "https://pokeapi.co/api/v2/version/25/"
      }
    },
    {
      "flavor_text": "On dit qu\u2019il hante une faille d\u2019une dimension parall\u00e8le\n\u00e0 la n\u00f4tre. Il appara\u00eet dans la mythologie.",
      "language": {
        "name": "fr",
        "url": "https://pokeapi.co/api/v2/language/5/"
      },
      "version": {
        "name": "omega-ruby",
        "url": "https://pokeapi.co/api/v2/version/25/"
      }
    },
    {
      "flavor_text": "Man sagt, es lebe in einem Spalt in einer Paralleldimension.\nEs wird in der Mythologie erw\u00e4hnt.",
      "language": {
        "name": "de",
        "url": "https://pokeapi.co/api/v2/language/6/"
      },
      "version": {
        "name": "omega-ruby",
        "url": "https://pokeapi.co/api/v2/version/25/"
      }
    },
    {
      "flavor_text": "Se dice que vive en una dimensi\u00f3n espacial paralela. Aparece\nen la mitolog\u00eda.",
      "language": {
        "name": "es",
        "url": "https://pokeapi.co/api/v2/language/7/"
      },
      "version": {
        "name": "omega-ruby",
        "url": "https://pokeapi.co/api/v2/version/25/"
      }
    },
    {
      "flavor_text": "Si dice che viva in una dimensione parallela alla nostra.\nAppare nella mitologia.",
      "language": {
        "name": "it",
        "url": "https://pokeapi.co/api/v2/language/8/"
      },
      "version": {
        "name": "omega-ruby",
        "url": "https://pokeapi.co/api/v2/version/25/"
      }
    },
    {
      "flavor_text": "It is said to live in a gap in the spatial dimension\nparallel to ours. It appears in mythology.",
      "language": {
        "name": "en",
        "url": "https://pokeapi.co/api/v2/language/9/"
      },
      "version": {
        "name": "omega-ruby",
        "url": "https://pokeapi.co/api/v2/version/25/"
      }
    },
    {
      "flavor_text": "\u4e26\u884c\u3057\u3066\u3000\u4e26\u3076\u3000\u7a7a\u9593\u306e\u3000\u72ed\u9593\u306b\n\u4f4f\u3080\u3068\u3000\u8a00\u308f\u308c\u3066\u3044\u308b\u3002\n\u795e\u8a71\u306b\u3000\u767b\u5834\u3059\u308b\u3000\u30dd\u30b1\u30e2\u30f3\u3002",
      "language": {
        "name": "ja",
        "url": "https://pokeapi.co/api/v2/language/11/"
      },
      "version": {
        "name": "omega-ruby",
        "url": "https://pokeapi.co/api/v2/version/25/"
      }
    },
    {
      "flavor_text": "\u304f\u3046\u304b\u3093\u3092\u3000\u3086\u304c\u3081\u308b\u3000\u306e\u3046\u308a\u3087\u304f\u3092\n\u3082\u3061\u3000\u30b7\u30f3\u30aa\u30a6\u3061\u307b\u3046\u306e\u3000\u3057\u3093\u308f\u3067\u306f\n\u304b\u307f\u3055\u307e\u3068\u3057\u3066\u3000\u3048\u304c\u304b\u308c\u3066\u3044\u308b\u3002",
      "language": {
        "name": "ja-Hrkt",
        "url": "https://pokeapi.co/api/v2/language/1/"
      },
      "version": {
        "name": "alpha-sapphire",
        "url": "https://pokeapi.co/api/v2/version/26/"
      }
    },
    {
      "flavor_text": "\uacf5\uac04\uc744 \ub4a4\ud2c0\ub9ac\uac8c \ud558\ub294 \ub2a5\ub825\uc744\n\uac00\uc84c\uc73c\uba70 \uc2e0\uc624\uc9c0\ubc29\uc758 \uc2e0\ud654\uc5d0\uc11c\ub294\n\uc2e0\uc73c\ub85c \ubb18\uc0ac\ub418\uace0 \uc788\ub2e4.",
      "language": {
        "name": "ko",
        "url": "https://pokeapi.co/api/v2/language/3/"
      },
      "version": {
        "name": "alpha-sapphire",
        "url": "https://pokeapi.co/api/v2/version/26/"
      }
    },
    {
      "flavor_text": "Il peut modeler l\u2019espace. Les mythes de Sinnoh en parlent\ncomme d\u2019une divinit\u00e9 ancienne.",
      "language": {
        "name": "fr",
        "url": "https://pokeapi.co/api/v2/language/5/"
      },
      "version": {
        "name": "alpha-sapphire",
        "url": "https://pokeapi.co/api/v2/version/26/"
      }
    },
    {
      "flavor_text": "Es hat die Macht, den Raum zu kr\u00fcmmen. In den Mythen\nvon Sinnoh erscheint es als Gottheit.",
      "language": {
        "name": "de",
        "url": "https://pokeapi.co/api/v2/language/6/"
      },
      "version": {
        "name": "alpha-sapphire",
        "url": "https://pokeapi.co/api/v2/version/26/"
      }
    },
    {
      "flavor_text": "Tiene la habilidad de distorsionar el espacio. La mitolog\u00eda de\nSinnoh lo describe como una deidad.",
      "language": {
        "name": "es",
        "url": "https://pokeapi.co/api/v2/language/7/"
      },
      "version": {
        "name": "alpha-sapphire",
        "url": "https://pokeapi.co/api/v2/version/26/"
      }
    },
    {
      "flavor_text": "Ha l\u2019abilit\u00e0 di distorcere lo spazio. Nella mitologia della\nregione di Sinnoh \u00e8 una divinit\u00e0.",
      "language": {
        "name": "it",
        "url": "https://pokeapi.co/api/v2/language/8/"
      },
      "version": {
        "name": "alpha-sapphire",
        "url": "https://pokeapi.co/api/v2/version/26/"
      }
    },
    {
      "flavor_text": "It has the ability to distort space. It is described as\na deity in Sinnoh-region mythology.",
      "language": {
        "name": "en",
        "url": "https://pokeapi.co/api/v2/language/9/"
      },
      "version": {
        "name": "alpha-sapphire",
        "url": "https://pokeapi.co/api/v2/version/26/"
      }
    },
    {
      "flavor_text": "\u7a7a\u9593\u3092\u3000\u3086\u304c\u3081\u308b\u3000\u80fd\u529b\u3092\u3000\u6301\u3061\n\u30b7\u30f3\u30aa\u30a6\u5730\u65b9\u306e\u3000\u795e\u8a71\u3067\u306f\n\u795e\u69d8\u3068\u3057\u3066\u3000\u63cf\u304b\u308c\u3066\u3044\u308b\u3002",
      "language": {
        "name": "ja",
        "url": "https://pokeapi.co/api/v2/language/11/"
      },
      "version": {
        "name": "alpha-sapphire",
        "url": "https://pokeapi.co/api/v2/version/26/"
      }
    },
    {
      "flavor_text": "This Pok\u00e9mon is feared as a deity in Hisuian legend. The birth\nof Palkia was what caused the walls of our world to disappear,\ncreating a sky that spans for infinity.",
      "language": {
        "name": "en",
        "url": "https://pokeapi.co/api/v2/language/9/"
      },
      "version": {
        "name": "legends-arceus",
        "url": "https://pokeapi.co/api/v2/version/39/"
      }
    }
  ],
  "form_descriptions": [],
  "forms_switchable": false,
  "gender_rate": -1,
  "genera": [
    {
      "genus": "\u304f\u3046\u304b\u3093\u30dd\u30b1\u30e2\u30f3",
      "language": {
        "name": "ja-Hrkt",
        "url": "https://pokeapi.co/api/v2/language/1/"
      }
    },
    {
      "genus": "\uacf5\uac04\ud3ec\ucf13\ubaac",
      "language": {
        "name": "ko",
        "url": "https://pokeapi.co/api/v2/language/3/"
      }
    },
    {
      "genus": "\u7a7a\u9593\u5bf6\u53ef\u5922",
      "language": {
        "name": "zh-Hant",
        "url": "https://pokeapi.co/api/v2/language/4/"
      }
    },
    {
      "genus": "Pok\u00e9mon Espace",
      "language": {
        "name": "fr",
        "url": "https://pokeapi.co/api/v2/language/5/"
      }
    },
    {
      "genus": "R\u00e4umlich-Pok\u00e9mon",
      "language": {
        "name": "de",
        "url": "https://pokeapi.co/api/v2/language/6/"
      }
    },
    {
      "genus": "Pok\u00e9mon Espacial",
      "language": {
        "name": "es",
        "url": "https://pokeapi.co/api/v2/language/7/"
      }
    },
    {
      "genus": "Pok\u00e9mon Spazio",
      "language": {
        "name": "it",
        "url": "https://pokeapi.co/api/v2/language/8/"
      }
    },
    {
      "genus": "Spatial Pok\u00e9mon",
      "language": {
        "name": "en",
        "url": "https://pokeapi.co/api/v2/language/9/"
      }
    },
    {
      "genus": "\u304f\u3046\u304b\u3093\u30dd\u30b1\u30e2\u30f3",
      "language": {
        "name": "ja",
        "url": "https://pokeapi.co/api/v2/language/11/"
      }
    },
    {
      "genus": "\u7a7a\u95f4\u5b9d\u53ef\u68a6",
      "language": {
        "name": "zh-Hans",
        "url": "https://pokeapi.co/api/v2/language/12/"
      }
    }
  ],
  "generation": {
    "name": "generation-iv",
    "url": "https://pokeapi.co/api/v2/generation/4/"
  },
  "growth_rate": {
    "name": "slow",
    "url": "https://pokeapi.co/api/v2/growth-rate/1/"
  },
  "habitat": null,
  "has_gender_differences": false,
  "hatch_counter": 120,
  "id": 484,
  "is_baby": false,
  "is_legendary": true,
  "is_mythical": false,
  "name": "palkia",
  "names": [
    {
      "language": {
        "name": "ja-Hrkt",
        "url": "https://pokeapi.co/api/v2/language/1/"
      },
      "name": "\u30d1\u30eb\u30ad\u30a2"
    },
    {
      "language": {
        "name": "roomaji",
        "url": "https://pokeapi.co/api/v2/language/2/"
      },
      "name": "Palkia"
    },
    {
      "language": {
        "name": "ko",
        "url": "https://pokeapi.co/api/v2/language/3/"
      },
      "name": "\ud384\uae30\uc544"
    },
    {
      "language": {
        "name": "zh-Hant",
        "url": "https://pokeapi.co/api/v2/language/4/"
      },
      "name": "\u5e15\u8def\u5947\u4e9e"
    },
    {
      "language": {
        "name": "fr",
        "url": "https://pokeapi.co/api/v2/language/5/"
      },
      "name": "Palkia"
    },
    {
      "language": {
        "name": "de",
        "url": "https://pokeapi.co/api/v2/language/6/"
      },
      "name": "Palkia"
    },
    {
      "language": {
        "name": "es",
        "url": "https://pokeapi.co/api/v2/language/7/"
      },
      "name": "Palkia"
    },
    {
      "language": {
        "name": "it",
        "url": "https://pokeapi.co/api/v2/language/8/"
      },
      "name": "Palkia"
    },
    {
      "language": {
        "name": "en",
        "url": "https://pokeapi.co/api/v2/language/9/"
      },
      "name": "Palkia"
    },
    {
      "language": {
        "name": "ja",
        "url": "https://pokeapi.co/api/v2/language/11/"
      },
      "name": "\u30d1\u30eb\u30ad\u30a2"
    },
    {
      "language": {
        "name": "zh-Hans",
        "url": "https://pokeapi.co/api/v2/language/12/"
      },
      "name": "\u5e15\u8def\u5947\u4e9a"
    }
  ],
  "order": 485,
  "pal_park_encounters": [
    {
      "area": {
        "name": "mountain",
        "url": "https://pokeapi.co/api/v2/pal-park-area/3/"
      },
      "base_score": 90,
      "rate": 3
    }
  ],
  "pokedex_numbers": [
    {
      "entry_number": 484,
      "pokedex": {
        "name": "national",
        "url": "https://pokeapi.co/api/v2/pokedex/1/"
      }
    },
    {
      "entry_number": 150,
      "pokedex": {
        "name": "original-sinnoh",
        "url": "https://pokeapi.co/api/v2/pokedex/5/"
      }
    },
    {
      "entry_number": 150,
      "pokedex": {
        "name": "extended-sinnoh",
        "url": "https://pokeapi.co/api/v2/pokedex/6/"
      }
    },
    {
      "entry_number": 236,
      "pokedex": {
        "name": "hisui",
        "url": "https://pokeapi.co/api/v2/pokedex/30/"
      }
    }
  ],
  "shape": {
    "name": "upright",
    "url": "https://pokeapi.co/api/v2/pokemon-shape/6/"
  },
  "varieties": [
    {
      "is_default": true,
      "pokemon": {
        "name": "palkia",
        "url": "https://pokeapi.co/api/v2/pokemon/484/"
      }
    },
    {
      "is_default": false,
      "pokemon": {
        "name": "palkia-origin",
        "url": "https://pokeapi.co/api/v2/pokemon/10246/"
      }
    }
  ]
}