{
  "base_happiness": 70,
  "capture_rate": 75,
  "color": {
    "name": "pink",
    "url": "https://pokeapi.co/api/v2/pokemon-color/6/"
  },
  "egg_groups": [
    {
      "name": "ground",
      "url": "https://pokeapi.co/api/v2/egg-group/5/"
    }
  ],
  "evolution_chain": {
    "url": "https://pokeapi.co/api/v2/evolution-chain/265/"
  },
  "evolves_from_species": {
    "name": "munna",
    "url": "https://pokeapi.co/api/v2/pokemon-species/517/"
  },
  "flavor_text_entries": [
    {
      "flavor_text": "La fum\u00e9e qui sort de son front contient\nles r\u00eaves de nombreuses personnes et\nceux de nombreux Pok\u00e9mon.",
      "language": {
        "name": "fr",
        "url": "https://pokeapi.co/api/v2/language/5/"
      },
      "version": {
        "name": "black",
        "url": "https://pokeapi.co/api/v2/version/17/"
      }
    },
    {
      "flavor_text": "The mist emanating from their foreheads\nis packed with the dreams of people\nand Pok\u00e9mon.",
      "language": {
        "name": "en",
        "url": "https://pokeapi.co/api/v2/language/9/"
      },
      "version": {
        "name": "black",
        "url": "https://pokeapi.co/api/v2/version/17/"
      }
    },
    {
      "flavor_text": "Il peut mat\u00e9rialiser les r\u00eaves qu\u2019il a\nmang\u00e9s. La fum\u00e9e qui sort de son front\nprend la forme des objets vus en r\u00eave.",
      "language": {
        "name": "fr",
        "url": "https://pokeapi.co/api/v2/language/5/"
      },
      "version": {
        "name": "white",
        "url": "https://pokeapi.co/api/v2/version/18/"
      }
    },
    {
      "flavor_text": "With the mist from its forehead,\nit can create shapes of things\nfrom dreams it has eaten.",
      "language": {
        "name": "en",
        "url": "https://pokeapi.co/api/v2/language/9/"
      },
      "version": {
        "name": "white",
        "url": "https://pokeapi.co/api/v2/version/18/"
      }
    },
    {
      "flavor_text": "The dream mist coming from its forehead\nchanges into many different colors\ndepending on the dream that was eaten.",
      "language": {
        "name": "en",
        "url": "https://pokeapi.co/api/v2/language/9/"
      },
      "version": {
        "name": "black-2",
        "url": "https://pokeapi.co/api/v2/version/21/"
      }
    },
    {
      "flavor_text": "The dream mist coming from its forehead\nchanges into many different colors\ndepending on the dream that was eaten.",
      "language": {
        "name": "en",
        "url": "https://pokeapi.co/api/v2/language/9/"
      },
      "version": {
        "name": "white-2",
        "url": "https://pokeapi.co/api/v2/version/22/"
      }
    },
    {
      "flavor_text": "\u304a\u3067\u3053\u304b\u3089\u3000\u3067\u3066\u3044\u308b\u3000\u3051\u3080\u308a\u306e\n\u306a\u304b\u306b\u306f\u3000\u3072\u3068\u3084\u3000\u30dd\u30b1\u30e2\u30f3\u306e\u3000\u307f\u305f\n\u3086\u3081\u304c\u3000\u305f\u304f\u3055\u3093\u3000\u3064\u307e\u3063\u3066\u3044\u308b\u306e\u3060\u3002",
      "language": {
        "name": "ja-Hrkt",
        "url": "https://pokeapi.co/api/v2/language/1/"
      },
      "version": {
        "name": "x",
        "url": "https://pokeapi.co/api/v2/version/23/"
      }
    },
    {
      "flavor_text": "\uc774\ub9c8\uc5d0\uc11c \ub098\uc624\ub294 \uc5f0\uae30 \uc18d\uc5d0\ub294\n\uc0ac\ub78c\uc774\ub098 \ud3ec\ucf13\ubaac\uc774 \uafbc\n\uafc8\uc774 \ub9ce\uc774 \ubaa8\uc5ec \uc788\ub2e4.",
      "language": {
        "name": "ko",
        "url": "https://pokeapi.co/api/v2/language/3/"
      },
      "version": {
        "name": "x",
        "url": "https://pokeapi.co/api/v2/version/23/"
      }
    },
    {
      "flavor_text": "La fum\u00e9e qui sort de son front contient les r\u00eaves\nde nombreuses personnes et ceux de nombreux\nPok\u00e9mon.",
      "language": {
        "name": "fr",
        "url": "https://pokeapi.co/api/v2/language/5/"
      },
      "version": {
        "name": "x",
        "url": "https://pokeapi.co/api/v2/version/23/"
      }
    },
    {
      "flavor_text": "Der Dunst, der aus seiner Stirn tritt, enth\u00e4lt die\nTr\u00e4ume unz\u00e4hliger Menschen und Pok\u00e9mon.",
      "language": {
        "name": "de",
        "url": "https://pokeapi.co/api/v2/language/6/"
      },
      "version": {
        "name": "x",
        "url": "https://pokeapi.co/api/v2/version/23/"
      }
    },
    {
      "flavor_text": "Multitud de sue\u00f1os de humanos y Pok\u00e9mon se\nencuentran atrapados en el humo que despide por\nsu frente.",
      "language": {
        "name": "es",
        "url": "https://pokeapi.co/api/v2/language/7/"
      },
      "version": {
        "name": "x",
        "url": "https://pokeapi.co/api/v2/version/23/"
      }
    },
    {
      "flavor_text": "Nel fumo che gli esce dalla fronte sono racchiusi\nmolti sogni di esseri umani e di Pok\u00e9mon.",
      "language": {
        "name": "it",
        "url": "https://pokeapi.co/api/v2/language/8/"
      },
      "version": {
        "name": "x",
        "url": "https://pokeapi.co/api/v2/version/23/"
      }
    },
    {
      "flavor_text": "The mist emanating from their foreheads is packed\nwith the dreams of people and Pok\u00e9mon.",
      "language": {
        "name": "en",
        "url": "https://pokeapi.co/api/v2/language/9/"
      },
      "version": {
        "name": "x",
        "url": "https://pokeapi.co/api/v2/version/23/"
      }
    },
    {
      "flavor_text": "\u304a\u3067\u3053\u304b\u3089\u3000\u51fa\u3066\u3044\u308b\u3000\u7159\u306e\u3000\u4e2d\u306b\u306f\n\u4eba\u3084\u3000\u30dd\u30b1\u30e2\u30f3\u306e\u3000\u898b\u305f\u3000\u5922\u304c\n\u305f\u304f\u3055\u3093\u3000\u3064\u307e\u3063\u3066\u3044\u308b\u306e\u3060\u3002",
      "language": {
        "name": "ja",
        "url": "https://pokeapi.co/api/v2/language/11/"
      },
      "version": {
        "name": "x",
        "url": "https://pokeapi.co/api/v2/version/23/"
      }
    },
    {
      "flavor_text": "\u304a\u3067\u3053\u304b\u3089\u3000\u3067\u308b\u3000\u3086\u3081\u306e\u3051\u3080\u308a\u306f\n\u305f\u3079\u305f\u3000\u3086\u3081\u306e\u3000\u306a\u3044\u3088\u3046\u306b\u3088\u3063\u3066\n\u3055\u307e\u3056\u307e\u306a\u3000\u3044\u308d\u306b\u3000\u304b\u308f\u308b\u306e\u3060\u3002",
      "language": {
        "name": "ja-Hrkt",
        "url": "https://pokeapi.co/api/v2/language/1/"
      },
      "version": {
        "name": "y",
        "url": "https://pokeapi.co/api/v2/version/24/"
      }
    },
    {
      "flavor_text": "\uc774\ub9c8\uc5d0\uc11c \ub098\uc624\ub294 \uafc8\uc5f0\uae30\ub294\n\uba39\uc740 \uafc8\uc758 \ub0b4\uc6a9\uc5d0 \ub530\ub77c\n\uc5ec\ub7ec \uac00\uc9c0 \uc0c9\uc73c\ub85c \ubcc0\ud55c\ub2e4.",
      "language": {
        "name": "ko",
        "url": "https://pokeapi.co/api/v2/language/3/"
      },
      "version": {
        "name": "y",
        "url": "https://pokeapi.co/api/v2/version/24/"
      }
    },
    {
      "flavor_text": "La fum\u00e9e qui sort de son front change de couleur\nselon le contenu des r\u00eaves qu\u2019il a mang\u00e9s.",
      "language": {
        "name": "fr",
        "url": "https://pokeapi.co/api/v2/language/5/"
      },
      "version": {
        "name": "y",
        "url": "https://pokeapi.co/api/v2/version/24/"
      }
    },
    {
      "flavor_text": "Je nach Inhalt der Tr\u00e4ume, die es frisst, nimmt der\nDunst, der aus seiner Stirn austritt, unterschiedliche\nFarben an.",
      "language": {
        "name": "de",
        "url": "https://pokeapi.co/api/v2/language/6/"
      },
      "version": {
        "name": "y",
        "url": "https://pokeapi.co/api/v2/version/24/"
      }
    },
    {
      "flavor_text": "El color del humo que despide por su abultada frente\nvar\u00eda seg\u00fan el contenido de los sue\u00f1os que haya\nengullido.",
      "language": {
        "name": "es",
        "url": "https://pokeapi.co/api/v2/language/7/"
      },
      "version": {
        "name": "y",
        "url": "https://pokeapi.co/api/v2/version/24/"
      }
    },
    {
      "flavor_text": "Il fumo che esce dalla sua fronte cambia colore a\nseconda del contenuto del sogno che ha mangiato.",
      "language": {
        "name": "it",
        "url": "https://pokeapi.co/api/v2/language/8/"
      },
      "version": {
        "name": "y",
        "url": "https://pokeapi.co/api/v2/version/24/"
      }
    },
    {
      "flavor_text": "The dream mist coming from its forehead changes\ninto many different colors depending on the dream\nthat was eaten.",
      "language": {
        "name": "en",
        "url": "https://pokeapi.co/api/v2/language/9/"
      },
      "version": {
        "name": "y",
        "url": "https://pokeapi.co/api/v2/version/24/"
      }
    },
    {
      "flavor_text": "\u304a\u3067\u3053\u304b\u3089\u3000\u3067\u308b\u3000\u3086\u3081\u306e\u3051\u3080\u308a\u306f\n\u98df\u3079\u305f\u3000\u5922\u306e\u3000\u5185\u5bb9\u306b\u3088\u3063\u3066\n\u3055\u307e\u3056\u307e\u306a\u3000\u8272\u306b\u3000\u5909\u308f\u308b\u306e\u3060\u3002",
      "language": {
        "name": "ja",
        "url": "https://pokeapi.co/api/v2/language/11/"
      },
      "version": {
        "name": "y",
        "url": "https://pokeapi.co/api/v2/version/24/"
      }
    },
    {
      "flavor_text": "\u304a\u3067\u3053\u304b\u3089\u3000\u3067\u3066\u3044\u308b\u3000\u3051\u3080\u308a\u306e\n\u306a\u304b\u306b\u306f\u3000\u3072\u3068\u3084\u3000\u30dd\u30b1\u30e2\u30f3\u306e\u3000\u307f\u305f\n\u3086\u3081\u304c\u3000\u305f\u304f\u3055\u3093\u3000\u3064\u307e\u3063\u3066\u3044\u308b\u306e\u3060\u3002",
      "language": {
        "name": "ja-Hrkt",
        "url": "https://pokeapi.co/api/v2/language/1/"
      },
      "version": {
        "name": "omega-ruby",
        "url": "https://pokeapi.co/api/v2/version/25/"
      }
    },
    {
      "flavor_text": "\uc774\ub9c8\uc5d0\uc11c \ub098\uc624\ub294 \uc5f0\uae30 \uc18d\uc5d0\ub294\n\uc0ac\ub78c\uc774\ub098 \ud3ec\ucf13\ubaac\uc774 \uafbc\n\uafc8\uc774 \ub9ce\uc774 \ubaa8\uc5ec \uc788\ub2e4.",
      "language": {
        "name": "ko",
        "url": "https://pokeapi.co/api/v2/language/3/"
      },
      "version": {
        "name": "omega-ruby",
        "url": "https://pokeapi.co/api/v2/version/25/"
      }
    },
    {
      "flavor_text": "La fum\u00e9e qui sort de son front contient les r\u00eaves de\nnombreuses personnes et ceux de nombreux Pok\u00e9mon.",
      "language": {
        "name": "fr",
        "url": "https://pokeapi.co/api/v2/language/5/"
      },
      "version": {
        "name": "omega-ruby",
        "url": "https://pokeapi.co/api/v2/version/25/"
      }
    },
    {
      "flavor_text": "Der Dunst, der aus seiner Stirn tritt, enth\u00e4lt die Tr\u00e4ume\nunz\u00e4hliger Menschen und Pok\u00e9mon.",
      "language": {
        "name": "de",
        "url": "https://pokeapi.co/api/v2/language/6/"
      },
      "version": {
        "name": "omega-ruby",
        "url": "https://pokeapi.co/api/v2/version/25/"
      }
    },
    {
      "flavor_text": "Multitud de sue\u00f1os de humanos y Pok\u00e9mon se encuentran\natrapados en el humo que despide por su frente.",
      "language": {
        "name": "es",
        "url": "https://pokeapi.co/api/v2/language/7/"
      },
      "version": {
        "name": "omega-ruby",
        "url": "https://pokeapi.co/api/v2/version/25/"
      }
    },
    {
      "flavor_text": "Nel fumo che gli esce dalla fronte sono racchiusi molti sogni\ndi esseri umani e di Pok\u00e9mon.",
      "language": {
        "name": "it",
        "url": "https://pokeapi.co/api/v2/language/8/"
      },
      "version": {
        "name": "omega-ruby",
        "url": "https://pokeapi.co/api/v2/version/25/"
      }
    },
    {
      "flavor_text": "The mist emanating from their foreheads is packed\nwith the dreams of people and Pok\u00e9mon.",
      "language": {
        "name": "en",
        "url": "https://pokeapi.co/api/v2/language/9/"
      },
      "version": {
        "name": "omega-ruby",
        "url": "https://pokeapi.co/api/v2/version/25/"
      }
    },
    {
      "flavor_text": "\u304a\u3067\u3053\u304b\u3089\u3000\u51fa\u3066\u3044\u308b\u3000\u7159\u306e\u3000\u4e2d\u306b\u306f\n\u4eba\u3084\u3000\u30dd\u30b1\u30e2\u30f3\u306e\u3000\u898b\u305f\u3000\u5922\u304c\n\u305f\u304f\u3055\u3093\u3000\u3064\u307e\u3063\u3066\u3044\u308b\u306e\u3060\u3002",
      "language": {
        "name": "ja",
        "url": "https://pokeapi.co/api/v2/language/11/"
      },
      "version": {
        "name": "omega-ruby",
        "url": "https://pokeapi.co/api/v2/version/25/"
      }
    },
    {
      "flavor_text": "\u304a\u3067\u3053\u304b\u3089\u3000\u3067\u308b\u3000\u3086\u3081\u306e\u3051\u3080\u308a\u306f\n\u305f\u3079\u305f\u3000\u3086\u3081\u306e\u3000\u306a\u3044\u3088\u3046\u306b\u3088\u3063\u3066\n\u3055\u307e\u3056\u307e\u306a\u3000\u3044\u308d\u306b\u3000\u304b\u308f\u308b\u306e\u3060\u3002",
      "language": {
        "name": "ja-Hrkt",
        "url": "https://pokeapi.co/api/v2/language/1/"
      },
      "version": {
        "name": "alpha-sapphire",
        "url": "https://pokeapi.co/api/v2/version/26/"
      }
    },
    {
      "flavor_text": "\uc774\ub9c8\uc5d0\uc11c \ub098\uc624\ub294 \uafc8\uc5f0\uae30\ub294\n\uba39\uc740 \uafc8\uc758 \ub0b4\uc6a9\uc5d0 \ub530\ub77c\n\uc5ec\ub7ec \uac00\uc9c0 \uc0c9\uc73c\ub85c \ubcc0\ud55c\ub2e4.",
      "language": {
        "name": "ko",
        "url": "https://pokeapi.co/api/v2/language/3/"
      },
      "version": {
        "name": "alpha-sapphire",
        "url": "https://pokeapi.co/api/v2/version/26/"
      }
    },
    {
      "flavor_text": "La fum\u00e9e qui sort de son front change de couleur\nselon le contenu des r\u00eaves qu\u2019il a mang\u00e9s.",
      "language": {
        "name": "fr",
        "url": "https://pokeapi.co/api/v2/language/5/"
      },
      "version": {
        "name": "alpha-sapphire",
        "url": "https://pokeapi.co/api/v2/version/26/"
      }
    },
    {
      "flavor_text": "Je nach Inhalt der Tr\u00e4ume, die es frisst, nimmt der Dunst,\nder aus seiner Stirn austritt, unterschiedliche Farben an.",
      "language": {
        "name": "de",
        "url": "https://pokeapi.co/api/v2/language/6/"
      },
      "version": {
        "name": "alpha-sapphire",
        "url": "https://pokeapi.co/api/v2/version/26/"
      }
    },
    {
      "flavor_text": "El color del humo que despide por su abultada frente var\u00eda\nseg\u00fan el contenido de los sue\u00f1os que haya engullido.",
      "language": {
        "name": "es",
        "url": "https://pokeapi.co/api/v2/language/7/"
      },
      "version": {
        "name": "alpha-sapphire",
        "url": "https://pokeapi.co/api/v2/version/26/"
      }
    },
    {
      "flavor_text": "Il fumo che esce dalla sua fronte cambia colore a seconda del\ncontenuto del sogno che ha mangiato.",
      "language": {
        "name": "it",
        "url": "https://pokeapi.co/api/v2/language/8/"
      },
      "version": {
        "name": "alpha-sapphire",
        "url": "https://pokeapi.co/api/v2/version/26/"
      }
    },
    {
      "flavor_text": "The dream mist coming from its forehead changes\ninto many different colors depending on the dream\nthat was eaten.",
      "language": {
        "name": "en",
        "url": "https://pokeapi.co/api/v2/language/9/"
      },
      "version": {
        "name": "alpha-sapphire",
        "url": "https://pokeapi.co/api/v2/version/26/"
      }
    },
    {
      "flavor_text": "\u304a\u3067\u3053\u304b\u3089\u3000\u3067\u308b\u3000\u3086\u3081\u306e\u3051\u3080\u308a\u306f\n\u98df\u3079\u305f\u3000\u5922\u306e\u3000\u5185\u5bb9\u306b\u3088\u3063\u3066\n\u3055\u307e\u3056\u307e\u306a\u3000\u8272\u306b\u3000\u5909\u308f\u308b\u306e\u3060\u3002",
      "language": {
        "name": "ja",
        "url": "https://pokeapi.co/api/v2/language/11/"
      },
      "version": {
        "name": "alpha-sapphire",
        "url": "https://pokeapi.co/api/v2/version/26/"
      }
    },
    {
      "flavor_text": "\u3067\u3066\u308b\u3000\u3051\u3080\u308a\u304c\u3000\u304f\u308d\u3063\u307d\u3044\u3068\u304d\u306f\n\u3061\u304b\u3065\u304b\u306a\u3044\u307b\u3046\u304c\u3000\u3044\u3044\u3088\u3002\n\u3042\u304f\u3080\u304c\u3000\u3052\u3093\u3058\u3064\u306b\u3000\u306a\u308b\u305e\u3002",
      "language": {
        "name": "ja-Hrkt",
        "url": "https://pokeapi.co/api/v2/language/1/"
      },
      "version": {
        "name": "sword",
        "url": "https://pokeapi.co/api/v2/version/33/"
      }
    },
    {
      "flavor_text": "\ubfdc\uc5b4\ub0b4\ub294 \uc5f0\uae30\uac00 \uac70\ubb34\uc2a4\ub984\ud560 \ub54c\ub294\n\uac00\uae4c\uc774 \uac00\uc9c0 \uc54a\ub294 \uac83\uc774 \uc88b\ub2e4.\n\uc545\ubabd\uc774 \ud604\uc2e4\uc774 \ub418\uae30 \ub54c\ubb38\uc774\ub2e4.",
      "language": {
        "name": "ko",
        "url": "https://pokeapi.co/api/v2/language/3/"
      },
      "version": {
        "name": "sword",
        "url": "https://pokeapi.co/api/v2/version/33/"
      }
    },
    {
      "flavor_text": "\u5728\u7260\u5192\u51fa\u9ed1\u9ed1\u7684\u7159\u9727\u6642\uff0c\n\u9084\u662f\u4e0d\u8981\u63a5\u8fd1\u7260\u70ba\u5999\uff0c\n\u5426\u5247\u60e1\u5922\u5c07\u6703\u6210\u771f\u3002",
      "language": {
        "name": "zh-Hant",
        "url": "https://pokeapi.co/api/v2/language/4/"
      },
      "version": {
        "name": "sword",
        "url": "https://pokeapi.co/api/v2/version/33/"
      }
    },
    {
      "flavor_text": "Il est recommand\u00e9 de ne pas l\u2019approcher quand\nla fum\u00e9e qui sort de son front a une teinte noire,\nsinon son cauchemar risque de se mat\u00e9rialiser.",
      "language": {
        "name": "fr",
        "url": "https://pokeapi.co/api/v2/language/5/"
      },
      "version": {
        "name": "sword",
        "url": "https://pokeapi.co/api/v2/version/33/"
      }
    },
    {
      "flavor_text": "Wenn es schw\u00e4rzlichen Dunst ausstr\u00f6mt, sollte\nman sich ihm nicht n\u00e4hern, denn sonst werden\nAlptr\u00e4ume wahr.",
      "language": {
        "name": "de",
        "url": "https://pokeapi.co/api/v2/language/6/"
      },
      "version": {
        "name": "sword",
        "url": "https://pokeapi.co/api/v2/version/33/"
      }
    },
    {
      "flavor_text": "Cuando el humo que desprende es de un color\nnegruzco, conviene no acercarse, ya que puede\nhacer realidad las pesadillas.",
      "language": {
        "name": "es",
        "url": "https://pokeapi.co/api/v2/language/7/"
      },
      "version": {
        "name": "sword",
        "url": "https://pokeapi.co/api/v2/version/33/"
      }
    },
    {
      "flavor_text": "Meglio non avvicinarsi quando emette\nun fumo di colore scuro, perch\u00e9 gli incubi\ndiventano realt\u00e0.",
      "language": {
        "name": "it",
        "url": "https://pokeapi.co/api/v2/language/8/"
      },
      "version": {
        "name": "sword",
        "url": "https://pokeapi.co/api/v2/version/33/"
      }
    },
    {
      "flavor_text": "When dark mists emanate from its body, don\u2019t\nget too near. If you do, your nightmares will\nbecome reality.",
      "language": {
        "name": "en",
        "url": "https://pokeapi.co/api/v2/language/9/"
      },
      "version": {
        "name": "sword",
        "url": "https://pokeapi.co/api/v2/version/33/"
      }
    },
    {
      "flavor_text": "\u51fa\u3066\u308b\u3000\u7159\u304c\u3000\u9ed2\u3063\u307d\u3044\u3068\u304d\u306f\n\u8fd1\u3065\u304b\u306a\u3044\u307b\u3046\u304c\u3000\u3044\u3044\u3088\u3002\n\u60aa\u5922\u304c\u3000\u73fe\u5b9f\u306b\u3000\u306a\u308b\u305e\u3002",
      "language": {
        "name": "ja",
        "url": "https://pokeapi.co/api/v2/language/11/"
      },
      "version": {
        "name": "sword",
        "url": "https://pokeapi.co/api/v2/version/33/"
      }
    },
    {
      "flavor_text": "\u5728\u5b83\u5192\u51fa\u9ed1\u9ed1\u7684\u70df\u96fe\u65f6\uff0c\n\u8fd8\u662f\u4e0d\u8981\u63a5\u8fd1\u5b83\u4e3a\u5999\uff0c\n\u5426\u5219\u5669\u68a6\u5c06\u4f1a\u6210\u771f\u3002",
      "language": {
        "name": "zh-Hans",
        "url": "https://pokeapi.co/api/v2/language/12/"
      },
      "version": {
        "name": "sword",
        "url": "https://pokeapi.co/api/v2/version/33/"
      }
    },
    {
      "flavor_text": "\u3044\u3064\u3082\u3000\u307e\u3069\u308d\u307f\u3000\u3086\u3081\u3092\u3000\u307f\u3066\u3044\u308b\u3002\n\u306d\u304a\u304d\u306f\u3000\u3068\u3063\u3066\u3082\u3000\u3075\u304d\u3052\u3093\u306b\n\u306a\u308b\u306e\u3067\u3000\u305d\u3063\u3068\u3057\u3066\u3000\u304a\u3053\u3046\u3002",
      "language": {
        "name": "ja-Hrkt",
        "url": "https://pokeapi.co/api/v2/language/1/"
      },
      "version": {
        "name": "shield",
        "url": "https://pokeapi.co/api/v2/version/34/"
      }
    },
    {
      "flavor_text": "\uc5b8\uc81c\ub098 \uc120\uc7a0\uc744 \uc790\uba70 \uafc8\uc744 \uafbc\ub2e4.\n\uc7a0\uc5d0\uc11c \uae68\uba74 \ub9e4\uc6b0 \ubd88\ucf8c\ud574\ud558\ubbc0\ub85c\n\uac00\ub9cc\ud788 \ub0b4\ubc84\ub824 \ub450\uc790.",
      "language": {
        "name": "ko",
        "url": "https://pokeapi.co/api/v2/language/3/"
      },
      "version": {
        "name": "shield",
        "url": "https://pokeapi.co/api/v2/version/34/"
      }
    },
    {
      "flavor_text": "\u7e3d\u662f\u5728\u6253\u778c\u7761\u4f5c\u5922\u3002\n\u525b\u7761\u9192\u7684\u6642\u5019\u6703\u9b27\u813e\u6c23\uff0c\n\u6240\u4ee5\u6700\u597d\u5225\u53bb\u62db\u60f9\u7260\u3002",
      "language": {
        "name": "zh-Hant",
        "url": "https://pokeapi.co/api/v2/language/4/"
      },
      "version": {
        "name": "shield",
        "url": "https://pokeapi.co/api/v2/version/34/"
      }
    },
    {
      "flavor_text": "Il est sans cesse assoupi, plong\u00e9 dans ses r\u00eaves.\nIl vaut mieux \u00e9viter de le d\u00e9ranger, car il est\ntoujours mal lun\u00e9 au r\u00e9veil.",
      "language": {
        "name": "fr",
        "url": "https://pokeapi.co/api/v2/language/5/"
      },
      "version": {
        "name": "shield",
        "url": "https://pokeapi.co/api/v2/version/34/"
      }
    },
    {
      "flavor_text": "Es schlummert und tr\u00e4umt immerzu. Wenn es\ngeweckt wird, bekommt es schlechte Laune.\nDeshalb sollte man es lieber in Ruhe lassen.",
      "language": {
        "name": "de",
        "url": "https://pokeapi.co/api/v2/language/6/"
      },
      "version": {
        "name": "shield",
        "url": "https://pokeapi.co/api/v2/version/34/"
      }
    },
    {
      "flavor_text": "Siempre est\u00e1 so\u00f1ando o adormecido. Se pone de\nmuy mal humor al despertar, por lo que es mejor\nno perturbarlo.",
      "language": {
        "name": "es",
        "url": "https://pokeapi.co/api/v2/language/7/"
      },
      "version": {
        "name": "shield",
        "url": "https://pokeapi.co/api/v2/version/34/"
      }
    },
    {
      "flavor_text": "Sonnecchia costantemente, sognando.\nQuando si sveglia \u00e8 di pessimo umore,\nquindi \u00e8 meglio tenersi a debita distanza.",
      "language": {
        "name": "it",
        "url": "https://pokeapi.co/api/v2/language/8/"
      },
      "version": {
        "name": "shield",
        "url": "https://pokeapi.co/api/v2/version/34/"
      }
    },
    {
      "flavor_text": "It drowses and dreams all the time. It\u2019s best to\nleave it be if it\u2019s just woken up, as it\u2019s a terrible\ngrump when freshly roused from sleep.",
      "language": {
        "name": "en",
        "url": "https://pokeapi.co/api/v2/language/9/"
      },
      "version": {
        "name": "shield",
        "url": "https://pokeapi.co/api/v2/version/34/"
      }
    },
    {
      "flavor_text": "\u3044\u3064\u3082\u3000\u307e\u3069\u308d\u307f\u3000\u5922\u3092\u3000\u898b\u3066\u3044\u308b\u3002\n\u5bdd\u8d77\u304d\u306f\u3000\u3068\u3063\u3066\u3082\u3000\u4e0d\u6a5f\u5acc\u306b\n\u306a\u308b\u306e\u3067\u3000\u305d\u3063\u3068\u3057\u3066\u3000\u304a\u3053\u3046\u3002",
      "language": {
        "name": "ja",
        "url": "https://pokeapi.co/api/v2/language/11/"
      },
      "version": {
        "name": "shield",
        "url": "https://pokeapi.co/api/v2/version/34/"
      }
    },
    {
      "flavor_text": "\u603b\u662f\u5728\u6253\u778c\u7761\u505a\u68a6\u3002\n\u521a\u7761\u9192\u7684\u65f6\u5019\u4f1a\u95f9\u813e\u6c14\uff0c\n\u6240\u4ee5\u6700\u597d\u522b\u53bb\u62db\u60f9\u5b83\u3002",
      "language": {
        "name": "zh-Hans",
        "url": "https://pokeapi.co/api/v2/language/12/"
      },
      "version": {
        "name": "shield",
        "url": "https://pokeapi.co/api/v2/version/34/"
      }
    }
  ],
  "form_descriptions": [],
  "forms_switchable": false,
  "gender_rate": 4,
  "genera": [
    {
      "genus": "\u3086\u3081\u3046\u3064\u3064\u30dd\u30b1\u30e2\u30f3",
      "language": {
        "name": "ja-Hrkt",
        "url": "https://pokeapi.co/api/v2/language/1/"
      }
    },
    {
      "genus": "\uafc8\uacb0\ud3ec\ucf13\ubaac",
      "language": {
        "name": "ko",
        "url": "https://pokeapi.co/api/v2/language/3/"
      }
    },
    {
      "genus": "\u534a\u5922\u534a\u9192\u5bf6\u53ef\u5922",
      "language": {
        "name": "zh-Hant",
        "url": "https://pokeapi.co/api/v2/language/4/"
      }
    },
    {
      "genus": "Pok\u00e9mon R\u00eaveur",
      "language": {
        "name": "fr",
        "url": "https://pokeapi.co/api/v2/language/5/"
      }
    },
    {
      "genus": "Halbschlaf-Pok\u00e9mon",
      "language": {
        "name": "de",
        "url": "https://pokeapi.co/api/v2/language/6/"
      }
    },
    {
      "genus": "Pok\u00e9mon Duermevela",
      "language": {
        "name": "es",
        "url": "https://pokeapi.co/api/v2/language/7/"
      }
    },
    {
      "genus": "Pok\u00e9mon Dormiveglia",
      "language": {
        "name": "it",
        "url": "https://pokeapi.co/api/v2/language/8/"
      }
    },
    {
      "genus": "Drowsing Pok\u00e9mon",
      "language": {
        "name": "en",
        "url": "https://pokeapi.co/api/v2/language/9/"
      }
    },
    {
      "genus": "\u3086\u3081\u3046\u3064\u3064\u30dd\u30b1\u30e2\u30f3",
      "language": {
        "name": "ja",
        "url": "https://pokeapi.co/api/v2/language/11/"
      }
    },
    {
      "genus": "\u534a\u68a6\u534a\u9192\u5b9d\u53ef\u68a6",
      "language": {
        "name": "zh-Hans",
        "url": "https://pokeapi.co/api/v2/language/12/"
      }
    }
  ],
  "generation": {
    "name": "generation-v",
    "url": "https://pokeapi.co/api/v2/generation/5/"
  },
  "growth_rate": {
    "name": "fast",
    "url": "https://pokeapi.co/api/v2/growth-rate/3/"
  },
  "habitat": null,
  "has_gender_differences": false,
  "hatch_counter": 10,
  "id": 518,
  "is_baby": false,
  "is_legendary": false,
  "is_mythical": false,
  "name": "musharna",
  "names": [
    {
      "language": {
        "name": "ja-Hrkt",
        "url": "https://pokeapi.co/api/v2/language/1/"
      },
      "name": "\u30e0\u30b7\u30e3\u30fc\u30ca"
    },
    {
      "language": {
        "name": "roomaji",
        "url": "https://pokeapi.co/api/v2/language/2/"
      },
      "name": "Musharna"
    },
    {
      "language": {
        "name": "ko",
        "url": "https://pokeapi.co/api/v2/language/3/"
      },
      "name": "\ubabd\uc58c\ub098"
    },
    {
      "language": {
        "name": "zh-Hant",
        "url": "https://pokeapi.co/api/v2/language/4/"
      },
      "name": "\u5922\u5922\u8755"
    },
    {
      "language": {
        "name": "fr",
        "url": "https://pokeapi.co/api/v2/language/5/"
      },
      "name": "Mushana"
    },
    {
      "language": {
        "name": "de",
        "url": "https://pokeapi.co/api/v2/language/6/"
      },
      "name": "Somnivora"
    },
    {
      "language": {
        "name": "es",
        "url": "https://pokeapi.co/api/v2/language/7/"
      },
      "name": "Musharna"
    },
    {
      "language": {
        "name": "it",
        "url": "https://pokeapi.co/api/v2/language/8/"
      },
      "name": "Musharna"
    },
    {
      "language": {
        "name": "en",
        "url": "https://pokeapi.co/api/v2/language/9/"
      },
      "name": "Musharna"
    },
    {
      "language": {
        "name": "ja",
        "url": "https://pokeapi.co/api/v2/language/11/"
      },
      "name": "\u30e0\u30b7\u30e3\u30fc\u30ca"
    },
    {
      "language": {
        "name": "zh-Hans",
        "url": "https://pokeapi.co/api/v2/language/12/"
      },
      "name": "\u68a6\u68a6\u8680"
    }
  ],
  "order": 519,
  "pal_park_encounters": [],
  "pokedex_numbers": [
    {
      "entry_number": 518,
      "pokedex": {
        "name": "national",
        "url": "https://pokeapi.co/api/v2/pokedex/1/"
      }
    },
    {
      "entry_number": 24,
      "pokedex": {
        "name": "original-unova",
        "url": "https://pokeapi.co/api/v2/pokedex/8/"
      }
    },
    {
      "entry_number": 87,
      "pokedex": {
        "name": "updated-unova",
        "url": "https://pokeapi.co/api/v2/pokedex/9/"
      }
    },
    {
      "entry_number": 73,
      "pokedex": {
        "name": "conquest-gallery",
        "url": "https://pokeapi.co/api/v2/pokedex/11/"
      }
    },
    {
      "entry_number": 91,
      "pokedex": {
        "name": "galar",
        "url": "https://pokeapi.co/api/v2/pokedex/27/"
      }
    },
    {
      "entry_number": 56,
      "pokedex": {
        "name": "hyperspace",
        "url": "https://pokeapi.co/api/v2/pokedex/35/"
      }
    }
  ],
  "shape": {
    "name": "humanoid",
    "url": "https://pokeapi.co/api/v2/pokemon-shape/12/"
  },
  "varieties": [
    {
      "is_default": true,
      "pokemon": {
        "name": "musharna",
        "url": "https://pokeapi.co/api/v2/pokemon/518/"
      }
    }
  ]
}