{
  "base_happiness": 70,
  "capture_rate": 120,
  "color": {
    "name": "blue",
    "url": "https://pokeapi.co/api/v2/pokemon-color/2/"
  },
  "egg_groups": [
    {
      "name": "monster",
      "url": "https://pokeapi.co/api/v2/egg-group/1/"
    },
    {
      "name": "ground",
      "url": "https://pokeapi.co/api/v2/egg-group/5/"
    }
  ],
  "evolution_chain": {
    "url": "https://pokeapi.co/api/v2/evolution-chain/145/"
  },
  "evolves_from_species": {
    "name": "whismur",
    "url": "https://pokeapi.co/api/v2/pokemon-species/293/"
  },
  "flavor_text_entries": [
    {
      "flavor_text": "LOUDRED\u2019s bellowing can completely\ndecimate a wood-frame house. It uses\nits voice to punish its foes.\fThis POK\u00e9MON\u2019s round ears serve as\nloudspeakers.",
      "language": {
        "name": "en",
        "url": "https://pokeapi.co/api/v2/language/9/"
      },
      "version": {
        "name": "ruby",
        "url": "https://pokeapi.co/api/v2/version/7/"
      }
    },
    {
      "flavor_text": "LOUDRED shouts while stamping its feet.\nAfter it finishes shouting, this\nPOK\u00e9MON becomes incapable of hearing\fanything for a while. This is considered\nto be a weak point.",
      "language": {
        "name": "en",
        "url": "https://pokeapi.co/api/v2/language/9/"
      },
      "version": {
        "name": "sapphire",
        "url": "https://pokeapi.co/api/v2/version/8/"
      }
    },
    {
      "flavor_text": "It positions the round speakers on its\nhead to assail foes with ultrasonic waves\nat massive volume. It builds power by\nstomping the ground.",
      "language": {
        "name": "en",
        "url": "https://pokeapi.co/api/v2/language/9/"
      },
      "version": {
        "name": "emerald",
        "url": "https://pokeapi.co/api/v2/version/9/"
      }
    },
    {
      "flavor_text": "When it stamps its feet and bellows, it\ngenerates ultrasonic waves that can blow\napart a house.",
      "language": {
        "name": "en",
        "url": "https://pokeapi.co/api/v2/language/9/"
      },
      "version": {
        "name": "firered",
        "url": "https://pokeapi.co/api/v2/version/10/"
      }
    },
    {
      "flavor_text": "When it stamps its feet and bellows, it\ngenerates ultrasonic waves that can blow\napart a house.",
      "language": {
        "name": "en",
        "url": "https://pokeapi.co/api/v2/language/9/"
      },
      "version": {
        "name": "leafgreen",
        "url": "https://pokeapi.co/api/v2/version/11/"
      }
    },
    {
      "flavor_text": "The shock waves from its cries can\ntip over trucks. It stamps its\nfeet to power up.",
      "language": {
        "name": "en",
        "url": "https://pokeapi.co/api/v2/language/9/"
      },
      "version": {
        "name": "diamond",
        "url": "https://pokeapi.co/api/v2/version/12/"
      }
    },
    {
      "flavor_text": "The shock waves from its cries can\ntip over trucks. It stamps its\nfeet to power up.",
      "language": {
        "name": "en",
        "url": "https://pokeapi.co/api/v2/language/9/"
      },
      "version": {
        "name": "pearl",
        "url": "https://pokeapi.co/api/v2/version/13/"
      }
    },
    {
      "flavor_text": "The shock waves from its cries can\ntip over trucks. It stamps its\nfeet to power up.",
      "language": {
        "name": "en",
        "url": "https://pokeapi.co/api/v2/language/9/"
      },
      "version": {
        "name": "platinum",
        "url": "https://pokeapi.co/api/v2/version/14/"
      }
    },
    {
      "flavor_text": "It shouts loudly by inhaling air, and\nthen uses its well-developed\nstomach muscles to exhale.",
      "language": {
        "name": "en",
        "url": "https://pokeapi.co/api/v2/language/9/"
      },
      "version": {
        "name": "heartgold",
        "url": "https://pokeapi.co/api/v2/version/15/"
      }
    },
    {
      "flavor_text": "It shouts loudly by inhaling air, and\nthen uses its well-developed\nstomach muscles to exhale.",
      "language": {
        "name": "en",
        "url": "https://pokeapi.co/api/v2/language/9/"
      },
      "version": {
        "name": "soulsilver",
        "url": "https://pokeapi.co/api/v2/version/16/"
      }
    },
    {
      "flavor_text": "L\u2019onde de choc provoqu\u00e9e par son\ncri peut renverser un camion. Il\ntr\u00e9pigne pour augmenter sa force.",
      "language": {
        "name": "fr",
        "url": "https://pokeapi.co/api/v2/language/5/"
      },
      "version": {
        "name": "black",
        "url": "https://pokeapi.co/api/v2/version/17/"
      }
    },
    {
      "flavor_text": "The shock waves from its cries can\ntip over trucks. It stamps its\nfeet to power up.",
      "language": {
        "name": "en",
        "url": "https://pokeapi.co/api/v2/language/9/"
      },
      "version": {
        "name": "black",
        "url": "https://pokeapi.co/api/v2/version/17/"
      }
    },
    {
      "flavor_text": "L\u2019onde de choc provoqu\u00e9e par son\ncri peut renverser un camion. Il\ntr\u00e9pigne pour augmenter sa force.",
      "language": {
        "name": "fr",
        "url": "https://pokeapi.co/api/v2/language/5/"
      },
      "version": {
        "name": "white",
        "url": "https://pokeapi.co/api/v2/version/18/"
      }
    },
    {
      "flavor_text": "The shock waves from its cries can\ntip over trucks. It stamps its\nfeet to power up.",
      "language": {
        "name": "en",
        "url": "https://pokeapi.co/api/v2/language/9/"
      },
      "version": {
        "name": "white",
        "url": "https://pokeapi.co/api/v2/version/18/"
      }
    },
    {
      "flavor_text": "The shock waves from its cries can\ntip over trucks. It stamps its\nfeet to power up.",
      "language": {
        "name": "en",
        "url": "https://pokeapi.co/api/v2/language/9/"
      },
      "version": {
        "name": "black-2",
        "url": "https://pokeapi.co/api/v2/version/21/"
      }
    },
    {
      "flavor_text": "The shock waves from its cries can\ntip over trucks. It stamps its\nfeet to power up.",
      "language": {
        "name": "en",
        "url": "https://pokeapi.co/api/v2/language/9/"
      },
      "version": {
        "name": "white-2",
        "url": "https://pokeapi.co/api/v2/version/22/"
      }
    },
    {
      "flavor_text": "\u304a\u3082\u3044\u304d\u308a\u3000\u3059\u3044\u3053\u3093\u3060\u3000\u304f\u3046\u304d\u3092\n\u306f\u3063\u305f\u3064\u3057\u305f\u3000\u3075\u3063\u304d\u3093\u3092\u3000\u3064\u304b\u3063\u3066\n\u306f\u304d\u3060\u3059\u3053\u3068\u3067\u3000\u304a\u304a\u3054\u3048\u3092\u3000\u3060\u3059\u3002",
      "language": {
        "name": "ja-Hrkt",
        "url": "https://pokeapi.co/api/v2/language/1/"
      },
      "version": {
        "name": "x",
        "url": "https://pokeapi.co/api/v2/version/23/"
      }
    },
    {
      "flavor_text": "\ub9c8\uc74c\uaecf \ub4e4\uc774\ub9c8\uc2e0 \uacf5\uae30\ub97c\n\ubc1c\ub2ec\ud55c \ubcf5\uadfc\uc744 \uc368\uc11c\n\ud1a0\ud574\ub0b4 \ud070 \uc18c\ub9ac\ub97c \ub0b8\ub2e4.",
      "language": {
        "name": "ko",
        "url": "https://pokeapi.co/api/v2/language/3/"
      },
      "version": {
        "name": "x",
        "url": "https://pokeapi.co/api/v2/version/23/"
      }
    },
    {
      "flavor_text": "Gr\u00e2ce \u00e0 ses puissants muscles abdominaux, il peut\ncrier en expulsant l\u2019air qu\u2019il avait aspir\u00e9.",
      "language": {
        "name": "fr",
        "url": "https://pokeapi.co/api/v2/language/5/"
      },
      "version": {
        "name": "x",
        "url": "https://pokeapi.co/api/v2/version/23/"
      }
    },
    {
      "flavor_text": "Es atmet tief ein und nutzt seine Bauchmuskeln,\num die Luft in einem gewaltigen Schrei auszusto\u00dfen.",
      "language": {
        "name": "de",
        "url": "https://pokeapi.co/api/v2/language/6/"
      },
      "version": {
        "name": "x",
        "url": "https://pokeapi.co/api/v2/version/23/"
      }
    },
    {
      "flavor_text": "Aspira profundamente y luego, usando sus fuertes\nabdominales, suelta un potente vozarr\u00f3n.",
      "language": {
        "name": "es",
        "url": "https://pokeapi.co/api/v2/language/7/"
      },
      "version": {
        "name": "x",
        "url": "https://pokeapi.co/api/v2/version/23/"
      }
    },
    {
      "flavor_text": "Leva potenti grida inspirando tanta aria e poi\nsparandola fuori con tutta la forza degli addominali.",
      "language": {
        "name": "it",
        "url": "https://pokeapi.co/api/v2/language/8/"
      },
      "version": {
        "name": "x",
        "url": "https://pokeapi.co/api/v2/version/23/"
      }
    },
    {
      "flavor_text": "It shouts loudly by inhaling air, and then uses its\nwell-developed stomach muscles to exhale.",
      "language": {
        "name": "en",
        "url": "https://pokeapi.co/api/v2/language/9/"
      },
      "version": {
        "name": "x",
        "url": "https://pokeapi.co/api/v2/version/23/"
      }
    },
    {
      "flavor_text": "\u601d\u3044\u5207\u308a\u3000\u5438\u3044\u3053\u3093\u3060\u3000\u7a7a\u6c17\u3092\n\u767a\u9054\u3057\u305f\u3000\u8179\u7b4b\u3092\u3000\u4f7f\u3063\u3066\n\u5410\u304d\u51fa\u3059\u3053\u3068\u3067\u3000\u5927\u58f0\u3092\u3000\u51fa\u3059\u3002",
      "language": {
        "name": "ja",
        "url": "https://pokeapi.co/api/v2/language/11/"
      },
      "version": {
        "name": "x",
        "url": "https://pokeapi.co/api/v2/version/23/"
      }
    },
    {
      "flavor_text": "\u304a\u304a\u3054\u3048\u306e\u3000\u3057\u3087\u3046\u3052\u304d\u306f\u3067\n\u30c8\u30e9\u30c3\u30af\u3092\u3000\u3072\u3063\u304f\u308a\u304b\u3048\u3057\u3066\u3057\u307e\u3046\u3002\n\u3042\u3057\u3092\u3000\u3075\u307f\u306a\u3089\u3057\u3066\u3000\u30d1\u30ef\u30fc\u30a2\u30c3\u30d7\u3002",
      "language": {
        "name": "ja-Hrkt",
        "url": "https://pokeapi.co/api/v2/language/1/"
      },
      "version": {
        "name": "y",
        "url": "https://pokeapi.co/api/v2/version/24/"
      }
    },
    {
      "flavor_text": "\ud070 \uc18c\ub9ac\uc758 \ucda9\uaca9\ud30c\ub85c\n\ud2b8\ub7ed\uc744 \ub4a4\uc9d1\uc5b4 \ubc84\ub9b0\ub2e4.\n\ubc1c\uc744 \ucff5\ucf85\uac70\ub9ac\uba70 \ud30c\uc6cc\ub97c \uc62c\ub9b0\ub2e4.",
      "language": {
        "name": "ko",
        "url": "https://pokeapi.co/api/v2/language/3/"
      },
      "version": {
        "name": "y",
        "url": "https://pokeapi.co/api/v2/version/24/"
      }
    },
    {
      "flavor_text": "L\u2019onde de choc provoqu\u00e9e par son cri peut renverser\nun camion. Il tr\u00e9pigne pour augmenter sa force.",
      "language": {
        "name": "fr",
        "url": "https://pokeapi.co/api/v2/language/5/"
      },
      "version": {
        "name": "y",
        "url": "https://pokeapi.co/api/v2/version/24/"
      }
    },
    {
      "flavor_text": "Die Schockwellen, die durch sein Rufen entstehen,\nk\u00f6nnen einen LKW umkippen.",
      "language": {
        "name": "de",
        "url": "https://pokeapi.co/api/v2/language/6/"
      },
      "version": {
        "name": "y",
        "url": "https://pokeapi.co/api/v2/version/24/"
      }
    },
    {
      "flavor_text": "Las ondas de sus gritos pueden voltear un cami\u00f3n.\nPatea el suelo para ganar potencia.",
      "language": {
        "name": "es",
        "url": "https://pokeapi.co/api/v2/language/7/"
      },
      "version": {
        "name": "y",
        "url": "https://pokeapi.co/api/v2/version/24/"
      }
    },
    {
      "flavor_text": "Le onde d\u2019urto dei suoi versi ribaltano anche i\ncamion. Pesta i piedi per accumulare energia.",
      "language": {
        "name": "it",
        "url": "https://pokeapi.co/api/v2/language/8/"
      },
      "version": {
        "name": "y",
        "url": "https://pokeapi.co/api/v2/version/24/"
      }
    },
    {
      "flavor_text": "The shock waves from its cries can tip over trucks.\nIt stamps its feet to power up.",
      "language": {
        "name": "en",
        "url": "https://pokeapi.co/api/v2/language/9/"
      },
      "version": {
        "name": "y",
        "url": "https://pokeapi.co/api/v2/version/24/"
      }
    },
    {
      "flavor_text": "\u5927\u58f0\u306e\u3000\u885d\u6483\u6ce2\u3067\n\u30c8\u30e9\u30c3\u30af\u3092\u3000\u3072\u3063\u304f\u308a\u304b\u3048\u3057\u3066\u3057\u307e\u3046\u3002\n\u8db3\u3092\u3000\u8e0f\u307f\u306a\u3089\u3057\u3066\u3000\u30d1\u30ef\u30fc\u30a2\u30c3\u30d7\u3002",
      "language": {
        "name": "ja",
        "url": "https://pokeapi.co/api/v2/language/11/"
      },
      "version": {
        "name": "y",
        "url": "https://pokeapi.co/api/v2/version/24/"
      }
    },
    {
      "flavor_text": "\u3082\u304f\u305e\u3046\u306e\u3000\u3044\u3048\u3092\u3000\u30b3\u30ca\u30b4\u30ca\u306b\u3000\u3075\u304d\u3068\u3070\u3059\u307b\u3069\u306e\n\u304a\u304a\u3054\u3048\u3092\u3000\u3060\u3057\u3066\u3000\u3042\u3044\u3066\u3092\u3000\u3044\u305f\u3081\u3064\u3051\u308b\u3002\n\u307e\u308b\u3044\u3000\u307f\u307f\u304c\u3000\u30b9\u30d4\u30fc\u30ab\u30fc\u306e\u3000\u306f\u305f\u3089\u304d\u3092\u3000\u3059\u308b\u3002",
      "language": {
        "name": "ja-Hrkt",
        "url": "https://pokeapi.co/api/v2/language/1/"
      },
      "version": {
        "name": "omega-ruby",
        "url": "https://pokeapi.co/api/v2/version/25/"
      }
    },
    {
      "flavor_text": "\ub098\ubb34\ub85c \ub9cc\ub4e0 \uc9d1\uc744 \uc0b0\uc0b0\uc870\uac01 \ub0b4 \ub0a0\ub824\ubc84\ub9b4 \ub9cc\ud07c\n\ud070 \uc18c\ub9ac\ub97c \ub0b4\uc5b4 \uc0c1\ub300\ub97c \ud63c\ub0b4\uc900\ub2e4.\n\ub465\uadfc \uadc0\uac00 \uc2a4\ud53c\ucee4 \uc5ed\ud560\uc744 \ud55c\ub2e4.",
      "language": {
        "name": "ko",
        "url": "https://pokeapi.co/api/v2/language/3/"
      },
      "version": {
        "name": "omega-ruby",
        "url": "https://pokeapi.co/api/v2/version/25/"
      }
    },
    {
      "flavor_text": "Le hurlement de Ramboum est si fort qu\u2019il peut faire\ns\u2019effondrer une petite maison en bois. Il se sert de sa voix\npour punir ses ennemis. Les oreilles rondes de ce Pok\u00e9mon\nservent de haut-parleurs.",
      "language": {
        "name": "fr",
        "url": "https://pokeapi.co/api/v2/language/5/"
      },
      "version": {
        "name": "omega-ruby",
        "url": "https://pokeapi.co/api/v2/version/25/"
      }
    },
    {
      "flavor_text": "Krakeelos Br\u00fcllen kann ein Holzhaus zum Einsturz bringen.\nEs setzt seine Stimme ein, um seine Gegner anzugreifen.\nDie runden Ohren dieses Pok\u00e9mon dienen als Lautsprecher.",
      "language": {
        "name": "de",
        "url": "https://pokeapi.co/api/v2/language/6/"
      },
      "version": {
        "name": "omega-ruby",
        "url": "https://pokeapi.co/api/v2/version/25/"
      }
    },
    {
      "flavor_text": "Los bramidos de Loudred pueden echar abajo una casa\nreforzada con vigas de madera. Este Pok\u00e9mon usa el vozarr\u00f3n\nque tiene para castigar a sus rivales. Las orejas redondas le\nsirven de altavoces.",
      "language": {
        "name": "es",
        "url": "https://pokeapi.co/api/v2/language/7/"
      },
      "version": {
        "name": "omega-ruby",
        "url": "https://pokeapi.co/api/v2/version/25/"
      }
    },
    {
      "flavor_text": "I suoni assordanti emessi da Loudred sono in grado\ndi abbattere anche una casa in legno. La sua voce \u00e8\ncos\u00ec potente da poter essere usata come attacco contro\ni nemici. Le sue orecchie tonde fungono da altoparlanti.",
      "language": {
        "name": "it",
        "url": "https://pokeapi.co/api/v2/language/8/"
      },
      "version": {
        "name": "omega-ruby",
        "url": "https://pokeapi.co/api/v2/version/25/"
      }
    },
    {
      "flavor_text": "Loudred\u2019s bellowing can completely decimate a wood-frame\nhouse. It uses its voice to punish its foes. This Pok\u00e9mon\u2019s\nround ears serve as loudspeakers.",
      "language": {
        "name": "en",
        "url": "https://pokeapi.co/api/v2/language/9/"
      },
      "version": {
        "name": "omega-ruby",
        "url": "https://pokeapi.co/api/v2/version/25/"
      }
    },
    {
      "flavor_text": "\u6728\u9020\u306e\u3000\u5bb6\u3092\u3000\u30b3\u30ca\u30b4\u30ca\u306b\u3000\u5439\u304d\u98db\u3070\u3059\u307b\u3069\u306e\n\u5927\u58f0\u3092\u3000\u51fa\u3057\u3066\u3000\u76f8\u624b\u3092\u3000\u75db\u3081\u3064\u3051\u308b\u3002\n\u4e38\u3044\u3000\u8033\u304c\u3000\u30b9\u30d4\u30fc\u30ab\u30fc\u306e\u3000\u50cd\u304d\u3092\u3000\u3059\u308b\u3002",
      "language": {
        "name": "ja",
        "url": "https://pokeapi.co/api/v2/language/11/"
      },
      "version": {
        "name": "omega-ruby",
        "url": "https://pokeapi.co/api/v2/version/25/"
      }
    },
    {
      "flavor_text": "\u3042\u3057\u3092\u3000\u3075\u307f\u306a\u3089\u3057\u306a\u304c\u3089\u3000\u304a\u304a\u3054\u3048\u3092\u3000\u3060\u3059\u3002\n\u304a\u304a\u3054\u3048\u3092\u3000\u3060\u3057\u305f\u3042\u3068\u306f\u3000\u3057\u3070\u3089\u304f\u306e\u3000\u3042\u3044\u3060\n\u306a\u306b\u3082\u3000\u304d\u3053\u3048\u306a\u304f\u306a\u3063\u3066\u3057\u307e\u3046\u306e\u304c\u3000\u3058\u3083\u304f\u3066\u3093\u3002",
      "language": {
        "name": "ja-Hrkt",
        "url": "https://pokeapi.co/api/v2/language/1/"
      },
      "version": {
        "name": "alpha-sapphire",
        "url": "https://pokeapi.co/api/v2/version/26/"
      }
    },
    {
      "flavor_text": "\ubc1c\uc744 \ub3d9\ub3d9 \uad6c\ub974\uba74\uc11c \ud070 \uc18c\ub9ac\ub97c \ub0b8\ub2e4.\n\ud070 \uc18c\ub9ac\ub97c \ub0b8 \ud6c4\uc5d0\ub294 \uc7a0\uc2dc \ub3d9\uc548\n\uc544\ubb34\uac83\ub3c4 \ub4e3\uc9c0 \ubabb\ud558\uac8c \ub418\ub294 \uac83\uc774 \uc57d\uc810\uc774\ub2e4.",
      "language": {
        "name": "ko",
        "url": "https://pokeapi.co/api/v2/language/3/"
      },
      "version": {
        "name": "alpha-sapphire",
        "url": "https://pokeapi.co/api/v2/version/26/"
      }
    },
    {
      "flavor_text": "Ramboum hurle en tr\u00e9pignant. Quand il a fini de hurler,\nce Pok\u00e9mon reste incapable d\u2019entendre le moindre son\npendant un long moment. Il semble que ce soit son point\nfaible.",
      "language": {
        "name": "fr",
        "url": "https://pokeapi.co/api/v2/language/5/"
      },
      "version": {
        "name": "alpha-sapphire",
        "url": "https://pokeapi.co/api/v2/version/26/"
      }
    },
    {
      "flavor_text": "Krakeelo schreit und stampft mit seinen F\u00fc\u00dfen auf den Boden.\nDanach kann es f\u00fcr eine Weile nichts h\u00f6ren. Dies scheint die\nSchwachstelle dieses Pok\u00e9mon zu sein.",
      "language": {
        "name": "de",
        "url": "https://pokeapi.co/api/v2/language/6/"
      },
      "version": {
        "name": "alpha-sapphire",
        "url": "https://pokeapi.co/api/v2/version/26/"
      }
    },
    {
      "flavor_text": "Loudred grita a la vez que da pisotones. Una vez que deja de\nchillar, se queda ensordecido durante un buen rato; lo que se\nconsidera su punto d\u00e9bil.",
      "language": {
        "name": "es",
        "url": "https://pokeapi.co/api/v2/language/7/"
      },
      "version": {
        "name": "alpha-sapphire",
        "url": "https://pokeapi.co/api/v2/version/26/"
      }
    },
    {
      "flavor_text": "Loudred urla pestando i piedi. Alla fine dei suoi strepiti \u00e8\ntemporaneamente incapace di udire qualsiasi rumore.\nQuesto \u00e8 considerato il suo punto debole.",
      "language": {
        "name": "it",
        "url": "https://pokeapi.co/api/v2/language/8/"
      },
      "version": {
        "name": "alpha-sapphire",
        "url": "https://pokeapi.co/api/v2/version/26/"
      }
    },
    {
      "flavor_text": "Loudred shouts while stamping its feet. After it finishes\nshouting, this Pok\u00e9mon becomes incapable of hearing\nanything for a while. This is considered to be a weak point.",
      "language": {
        "name": "en",
        "url": "https://pokeapi.co/api/v2/language/9/"
      },
      "version": {
        "name": "alpha-sapphire",
        "url": "https://pokeapi.co/api/v2/version/26/"
      }
    },
    {
      "flavor_text": "\u8db3\u3092\u3000\u8e0f\u307f\u9cf4\u3089\u3057\u306a\u304c\u3089\u3000\u5927\u58f0\u3092\u3000\u51fa\u3059\u3002\n\u5927\u58f0\u3092\u3000\u51fa\u3057\u305f\u5f8c\u306f\u3000\u3057\u3070\u3089\u304f\u306e\u3000\u9593\n\u306a\u306b\u3082\u3000\u805e\u3053\u3048\u306a\u304f\u306a\u3063\u3066\u3057\u307e\u3046\u306e\u304c\u3000\u5f31\u70b9\u3002",
      "language": {
        "name": "ja",
        "url": "https://pokeapi.co/api/v2/language/11/"
      },
      "version": {
        "name": "alpha-sapphire",
        "url": "https://pokeapi.co/api/v2/version/26/"
      }
    },
    {
      "flavor_text": "\u307f\u307f\u306f\u3000\u30b9\u30d4\u30fc\u30ab\u30fc\u306e\u3000\u3084\u304f\u308f\u308a\u3002\n\u3044\u3063\u3051\u3093\u3084\u3092\u3000\u3075\u304d\u3068\u3070\u3059\u3000\u3044\u308a\u3087\u304f\u306e\n\u304a\u3093\u3071\u3092\u3000\u307f\u307f\u304b\u3089\u3000\u307b\u3046\u3057\u3083\u3059\u308b\u3002",
      "language": {
        "name": "ja-Hrkt",
        "url": "https://pokeapi.co/api/v2/language/1/"
      },
      "version": {
        "name": "sword",
        "url": "https://pokeapi.co/api/v2/version/33/"
      }
    },
    {
      "flavor_text": "\uadc0\ub294 \uc2a4\ud53c\ucee4 \uc5ed\ud560\uc744 \ud55c\ub2e4.\n\uc9d1 \ud55c \ucc44\ub97c \ub0a0\ub824\ubc84\ub9b4 \uc704\ub825\uc758\n\uc74c\ud30c\ub97c \uadc0\uc5d0\uc11c \ub0b4\ubfdc\ub294\ub2e4.",
      "language": {
        "name": "ko",
        "url": "https://pokeapi.co/api/v2/language/3/"
      },
      "version": {
        "name": "sword",
        "url": "https://pokeapi.co/api/v2/version/33/"
      }
    },
    {
      "flavor_text": "\u8033\u6735\u5177\u6709\u64f4\u97f3\u5668\u7684\u529f\u80fd\u3002\n\u6703\u5f9e\u8033\u6735\u767c\u5c04\u51fa\u5a01\u529b\u8db3\u4ee5\n\u9707\u98db\u4e00\u68df\u623f\u5b50\u7684\u97f3\u6ce2\u3002",
      "language": {
        "name": "zh-Hant",
        "url": "https://pokeapi.co/api/v2/language/4/"
      },
      "version": {
        "name": "sword",
        "url": "https://pokeapi.co/api/v2/version/33/"
      }
    },
    {
      "flavor_text": "Ses oreilles lui servant de haut-parleurs\npeuvent \u00e9mettre des ondes sonores dont\nla puissance suffit \u00e0 balayer une maison.",
      "language": {
        "name": "fr",
        "url": "https://pokeapi.co/api/v2/language/5/"
      },
      "version": {
        "name": "sword",
        "url": "https://pokeapi.co/api/v2/version/33/"
      }
    },
    {
      "flavor_text": "Seine Ohren fungieren als Lautsprecher. Mit ihnen\nkann es starke Schallwellen aussto\u00dfen, die ganze\nH\u00e4user zum Einsturz bringen.",
      "language": {
        "name": "de",
        "url": "https://pokeapi.co/api/v2/language/6/"
      },
      "version": {
        "name": "sword",
        "url": "https://pokeapi.co/api/v2/version/33/"
      }
    },
    {
      "flavor_text": "A trav\u00e9s de las orejas, que le sirven de altavoces,\nemite ondas sonoras capaces de echar abajo una\ncasa.",
      "language": {
        "name": "es",
        "url": "https://pokeapi.co/api/v2/language/7/"
      },
      "version": {
        "name": "sword",
        "url": "https://pokeapi.co/api/v2/version/33/"
      }
    },
    {
      "flavor_text": "Le sue orecchie fungono da altoparlanti e sono\nin grado di emettere onde sonore talmente\npotenti da abbattere una casa.",
      "language": {
        "name": "it",
        "url": "https://pokeapi.co/api/v2/language/8/"
      },
      "version": {
        "name": "sword",
        "url": "https://pokeapi.co/api/v2/version/33/"
      }
    },
    {
      "flavor_text": "Loudred\u2019s ears serve as speakers, and they can\nput out sound waves powerful enough to blow\naway a house.",
      "language": {
        "name": "en",
        "url": "https://pokeapi.co/api/v2/language/9/"
      },
      "version": {
        "name": "sword",
        "url": "https://pokeapi.co/api/v2/version/33/"
      }
    },
    {
      "flavor_text": "\u8033\u306f\u3000\u30b9\u30d4\u30fc\u30ab\u30fc\u306e\u3000\u5f79\u5272\u3002\n\u4e00\u8ed2\u5bb6\u3092\u3000\u5439\u304d\u3068\u3070\u3059\u3000\u5a01\u529b\u306e\n\u97f3\u6ce2\u3092\u3000\u8033\u304b\u3089\u3000\u653e\u5c04\u3059\u308b\u3002",
      "language": {
        "name": "ja",
        "url": "https://pokeapi.co/api/v2/language/11/"
      },
      "version": {
        "name": "sword",
        "url": "https://pokeapi.co/api/v2/version/33/"
      }
    },
    {
      "flavor_text": "\u5b83\u7684\u8033\u6735\u6709\u7740\u626c\u58f0\u5668\u7684\u529f\u80fd\u3002\n\u4f1a\u4ece\u8033\u6735\u4e2d\u53d1\u5c04\u51fa\u5a01\u529b\u8db3\u4ee5\n\u6380\u7ffb\u4e00\u6574\u5ea7\u623f\u5b50\u7684\u97f3\u6ce2\u3002",
      "language": {
        "name": "zh-Hans",
        "url": "https://pokeapi.co/api/v2/language/12/"
      },
      "version": {
        "name": "sword",
        "url": "https://pokeapi.co/api/v2/version/33/"
      }
    },
    {
      "flavor_text": "\u304a\u304a\u3054\u3048\u306f\u3000\u3061\u3087\u3046\u304b\u304f\u3000\u3060\u3051\u3067\u306a\u304f\n\u304f\u3046\u304d\u306e\u3000\u3042\u3064\u308a\u3087\u304f\u3068\u306a\u308a\u3000\u3066\u304d\u3092\n\u3075\u304d\u3068\u3070\u3057\u3000\u30c0\u30e1\u30fc\u30b8\u3092\u3000\u3042\u305f\u3048\u308b\u3002",
      "language": {
        "name": "ja-Hrkt",
        "url": "https://pokeapi.co/api/v2/language/1/"
      },
      "version": {
        "name": "shield",
        "url": "https://pokeapi.co/api/v2/version/34/"
      }
    },
    {
      "flavor_text": "\ud070 \ubaa9\uc18c\ub9ac\ub294 \uccad\uac01\ubfd0\ub9cc \uc544\ub2c8\ub77c\n\uacf5\uae30\uc758 \uc555\ub825\ub9c8\uc800 \ubcc0\ud654\uc2dc\ucf1c\n\uc0c1\ub300\ub97c \ub0a0\ub824\ubc84\ub9ac\uace0 \ub370\ubbf8\uc9c0\ub97c \uc900\ub2e4.",
      "language": {
        "name": "ko",
        "url": "https://pokeapi.co/api/v2/language/3/"
      },
      "version": {
        "name": "shield",
        "url": "https://pokeapi.co/api/v2/version/34/"
      }
    },
    {
      "flavor_text": "\u5de8\u5927\u7684\u53eb\u8072\u4e0d\u53ea\u6703\u50b7\u5bb3\u807d\u89ba\uff0c\n\u9084\u6703\u58d3\u7e2e\u7a7a\u6c23\u9020\u6210\u885d\u64ca\u6ce2\n\u5c07\u5c0d\u624b\u9707\u98db\u9020\u6210\u50b7\u5bb3\u3002",
      "language": {
        "name": "zh-Hant",
        "url": "https://pokeapi.co/api/v2/language/4/"
      },
      "version": {
        "name": "shield",
        "url": "https://pokeapi.co/api/v2/version/34/"
      }
    },
    {
      "flavor_text": "Ses hurlements n\u2019affectent pas seulement l\u2019ou\u00efe\u202f;\nils provoquent aussi une onde de choc qui balaie\nles ennemis et leur inflige des d\u00e9g\u00e2ts.",
      "language": {
        "name": "fr",
        "url": "https://pokeapi.co/api/v2/language/5/"
      },
      "version": {
        "name": "shield",
        "url": "https://pokeapi.co/api/v2/version/34/"
      }
    },
    {
      "flavor_text": "Sein Br\u00fcllen ist nicht nur ein Angriff aufs Geh\u00f6r,\nsondern erzeugt auch Schockwellen, durch die\nGegner weggefegt und verletzt werden.",
      "language": {
        "name": "de",
        "url": "https://pokeapi.co/api/v2/language/6/"
      },
      "version": {
        "name": "shield",
        "url": "https://pokeapi.co/api/v2/version/34/"
      }
    },
    {
      "flavor_text": "Su voz no afecta solo al o\u00eddo. Sus ondas sonoras\nprovocan variaciones de presi\u00f3n en el aire que\nhacen que sus enemigos salgan despedidos.",
      "language": {
        "name": "es",
        "url": "https://pokeapi.co/api/v2/language/7/"
      },
      "version": {
        "name": "shield",
        "url": "https://pokeapi.co/api/v2/version/34/"
      }
    },
    {
      "flavor_text": "Oltre a colpire l\u2019udito, la sua potente voce\nproduce anche delle onde d\u2019urto con le quali\nspazza via e danneggia i nemici.",
      "language": {
        "name": "it",
        "url": "https://pokeapi.co/api/v2/language/8/"
      },
      "version": {
        "name": "shield",
        "url": "https://pokeapi.co/api/v2/version/34/"
      }
    },
    {
      "flavor_text": "The force of this Pok\u00e9mon\u2019s loud voice isn\u2019t just\nthe sound\u2014it\u2019s also the wave of air pressure that\nblows opponents away and damages them.",
      "language": {
        "name": "en",
        "url": "https://pokeapi.co/api/v2/language/9/"
      },
      "version": {
        "name": "shield",
        "url": "https://pokeapi.co/api/v2/version/34/"
      }
    },
    {
      "flavor_text": "\u5927\u58f0\u306f\u3000\u8074\u899a\u3060\u3051\u3067\u306a\u304f\n\u7a7a\u6c17\u306e\u3000\u5727\u529b\u3068\u306a\u308a\u3000\u6575\u3092\n\u5439\u304d\u3068\u3070\u3057\u3000\u30c0\u30e1\u30fc\u30b8\u3092\u3000\u4e0e\u3048\u308b\u3002",
      "language": {
        "name": "ja",
        "url": "https://pokeapi.co/api/v2/language/11/"
      },
      "version": {
        "name": "shield",
        "url": "https://pokeapi.co/api/v2/version/34/"
      }
    },
    {
      "flavor_text": "\u5b83\u53d1\u51fa\u7684\u5927\u53eb\u58f0\u4e0d\u4ec5\u4f1a\u523a\u6fc0\u542c\u89c9\uff0c\n\u8fd8\u4f1a\u538b\u7f29\u7a7a\u6c14\u9020\u6210\u51b2\u51fb\u6ce2\n\u5c06\u654c\u4eba\u5439\u98de\u7ed9\u4e88\u4f24\u5bb3\u3002",
      "language": {
        "name": "zh-Hans",
        "url": "https://pokeapi.co/api/v2/language/12/"
      },
      "version": {
        "name": "shield",
        "url": "https://pokeapi.co/api/v2/version/34/"
      }
    }
  ],
  "form_descriptions": [],
  "forms_switchable": false,
  "gender_rate": 4,
  "genera": [
    {
      "genus": "\u304a\u304a\u3054\u3048\u30dd\u30b1\u30e2\u30f3",
      "language": {
        "name": "ja-Hrkt",
        "url": "https://pokeapi.co/api/v2/language/1/"
      }
    },
    {
      "genus": "\ud070\ubaa9\uc18c\ub9ac\ud3ec\ucf13\ubaac",
      "language": {
        "name": "ko",
        "url": "https://pokeapi.co/api/v2/language/3/"
      }
    },
    {
      "genus": "\u5927\u8072\u5bf6\u53ef\u5922",
      "language": {
        "name": "zh-Hant",
        "url": "https://pokeapi.co/api/v2/language/4/"
      }
    },
    {
      "genus": "Pok\u00e9mon Grosse Voix",
      "language": {
        "name": "fr",
        "url": "https://pokeapi.co/api/v2/language/5/"
      }
    },
    {
      "genus": "Lauthals-Pok\u00e9mon",
      "language": {
        "name": "de",
        "url": "https://pokeapi.co/api/v2/language/6/"
      }
    },
    {
      "genus": "Pok\u00e9mon Chill\u00f3n",
      "language": {
        "name": "es",
        "url": "https://pokeapi.co/api/v2/language/7/"
      }
    },
    {
      "genus": "Pok\u00e9mon Vocione",
      "language": {
        "name": "it",
        "url": "https://pokeapi.co/api/v2/language/8/"
      }
    },
    {
      "genus": "Big Voice Pok\u00e9mon",
      "language": {
        "name": "en",
        "url": "https://pokeapi.co/api/v2/language/9/"
      }
    },
    {
      "genus": "\u304a\u304a\u3054\u3048\u30dd\u30b1\u30e2\u30f3",
      "language": {
        "name": "ja",
        "url": "https://pokeapi.co/api/v2/language/11/"
      }
    },
    {
      "genus": "\u5927\u58f0\u5b9d\u53ef\u68a6",
      "language": {
        "name": "zh-Hans",
        "url": "https://pokeapi.co/api/v2/language/12/"
      }
    }
  ],
  "generation": {
    "name": "generation-iii",
    "url": "https://pokeapi.co/api/v2/generation/3/"
  },
  "growth_rate": {
    "name": "medium-slow",
    "url": "https://pokeapi.co/api/v2/growth-rate/4/"
  },
  "habitat": {
    "name": "cave",
    "url": "https://pokeapi.co/api/v2/pokemon-habitat/1/"
  },
  "has_gender_differences": false,
  "hatch_counter": 20,
  "id": 294,
  "is_baby": false,
  "is_legendary": false,
  "is_mythical": false,
  "name": "loudred",
  "names": [
    {
      "language": {
        "name": "ja-Hrkt",
        "url": "https://pokeapi.co/api/v2/language/1/"
      },
      "name": "\u30c9\u30b4\u30fc\u30e0"
    },
    {
      "language": {
        "name": "roomaji",
        "url": "https://pokeapi.co/api/v2/language/2/"
      },
      "name": "Dogohmb"
    },
    {
      "language": {
        "name": "ko",
        "url": "https://pokeapi.co/api/v2/language/3/"
      },
      "name": "\ub178\uacf5\ub8e1"
    },
    {
      "language": {
        "name": "zh-Hant",
        "url": "https://pokeapi.co/api/v2/language/4/"
      },
      "name": "\u543c\u7206\u5f48"
    },
    {
      "language": {
        "name": "fr",
        "url": "https://pokeapi.co/api/v2/language/5/"
      },
      "name": "Ramboum"
    },
    {
      "language": {
        "name": "de",
        "url": "https://pokeapi.co/api/v2/language/6/"
      },
      "name": "Krakeelo"
    },
    {
      "language": {
        "name": "es",
        "url": "https://pokeapi.co/api/v2/language/7/"
      },
      "name": "Loudred"
    },
    {
      "language": {
        "name": "it",
        "url": "https://pokeapi.co/api/v2/language/8/"
      },
      "name": "Loudred"
    },
    {
      "language": {
        "name": "en",
        "url": "https://pokeapi.co/api/v2/language/9/"
      },
      "name": "Loudred"
    },
    {
      "language": {
        "name": "ja",
        "url": "https://pokeapi.co/api/v2/language/11/"
      },
      "name": "\u30c9\u30b4\u30fc\u30e0"
    },
    {
      "language": {
        "name": "zh-Hans",
        "url": "https://pokeapi.co/api/v2/language/12/"
      },
      "name": "\u543c\u7206\u5f39"
    }
  ],
  "order": 320,
  "pal_park_encounters": [
    {
      "area": {
        "name": "mountain",
        "url": "https://pokeapi.co/api/v2/pal-park-area/3/"
      },
      "base_score": 70,
      "rate": 20
    }
  ],
  "pokedex_numbers": [
    {
      "entry_number": 294,
      "pokedex": {
        "name": "national",
        "url": "https://pokeapi.co/api/v2/pokedex/1/"
      }
    },
    {
      "entry_number": 46,
      "pokedex": {
        "name": "hoenn",
        "url": "https://pokeapi.co/api/v2/pokedex/4/"
      }
    },
    {
      "entry_number": 141,
      "pokedex": {
        "name": "kalos-central",
        "url": "https://pokeapi.co/api/v2/pokedex/12/"
      }
    },
    {
      "entry_number": 47,
      "pokedex": {
        "name": "updated-hoenn",
        "url": "https://pokeapi.co/api/v2/pokedex/15/"
      }
    },
    {
      "entry_number": 149,
      "pokedex": {
        "name": "isle-of-armor",
        "url": "https://pokeapi.co/api/v2/pokedex/28/"
      }
    }
  ],
  "shape": {
    "name": "upright",
    "url": "https://pokeapi.co/api/v2/pokemon-shape/6/"
  },
  "varieties": [
    {
      "is_default": true,
      "pokemon": {
        "name": "loudred",
        "url": "https://pokeapi.co/api/v2/pokemon/294/"
      }
    }
  ]
}