{"id": 254, "name": "sceptile", "types": [{"slot": 1, "type": {"name": "grass", "url": "https://pokeapi.co/api/v2/type/12/"}}], "stats": [{"base_stat": 70, "effort": 0, "stat": {"name": "hp", "url": "https://pokeapi.co/api/v2/stat/1/"}}, {"base_stat": 85, "effort": 0, "stat": {"name": "attack", "url": "https://pokeapi.co/api/v2/stat/2/"}}, {"base_stat": 65, "effort": 0, "stat": {"name": "defense", "url": "https://pokeapi.co/api/v2/stat/3/"}}, {"base_stat": 105, "effort": 0, "stat": {"name": "special-attack", "url": "https://pokeapi.co/api/v2/stat/4/"}}, {"base_stat": 85, "effort": 0, "stat": {"name": "special-defense", "url": "https://pokeapi.co/api/v2/stat/5/"}}, {"base_stat": 120, "effort": 3, "stat": {"name": "speed", "url": "https://pokeapi.co/api/v2/stat/6/"}}], "abilities": [{"ability": {"name": "overgrow", "url": "https://pokeapi.co/api/v2/ability/65/"}, "is_hidden": false, "slot": 1}, {"ability": {"name": "unburden", "url": "https://pokeapi.co/api/v2/ability/84/"}, "is_hidden": true, "slot": 3}], "sprites": {"front_default": "https://raw.githubusercontent.com/PokeAPI/sprites/master/sprites/pokemon/254.png"}, "moves": [{"move": {"name": "pound"}, "earliest_level": 1}, {"move": {"name": "mega-punch"}, "earliest_level": null}, {"move": {"name": "thunder-punch"}, "earliest_level": null}, {"move": {"name": "swords-dance"}, "earliest_level": null}, {"move": {"name": "cut"}, "earliest_level": null}, {"move": {"name": "slam"}, "earliest_level": 30}, {"move": {"name": "double-kick"}, "earliest_level": null}, {"move": {"name": "mega-kick"}, "earliest_level": null}, {"move": {"name": "headbutt"}, "earliest_level": null}, {"move": {"name": "body-slam"}, "earliest_level": null}, {"move": {"name": "take-down"}, "earliest_level": null}, {"move": {"name": "double-edge"}, "earliest_level": null}, {"move": {"name": "leer"}, "earliest_level": 1}, {"move": {"name": "roar"}, "earliest_level": null}, {"move": {"name": "hyper-beam"}, "earliest_level": null}, {"move": {"name": "low-kick"}, "earliest_level": null}, {"move": {"name": "counter"}, "earliest_level": null}, {"move": {"name": "seismic-toss"}, "earliest_level": null}, {"move": {"name": "strength"}, "earliest_level": null}, {"move": {"name": "absorb"}, "earliest_level": 1}, {"move": {"name": "mega-drain"}, "earliest_level": 5}, {"move": {"name": "leech-seed"}, "earliest_level": null}, {"move": {"name": "solar-beam"}, "earliest_level": null}, {"move": {"name": "earthquake"}, "earliest_level": null}, {"move": {"name": "dig"}, "earliest_level": null}, {"move": {"name": "toxic"}, "earliest_level": null}, {"move": {"name": "agility"}, "earliest_level": 28}, {"move": {"name": "quick-attack"}, "earliest_level": 1}, {"move": {"name": "mimic"}, "earliest_level": null}, {"move": {"name": "screech"}, "earliest_level": 23}, {"move": {"name": "double-team"}, "earliest_level": 35}, {"move": {"name": "swift"}, "earliest_level": null}, {"move": {"name": "flash"}, "earliest_level": null}, {"move": {"name": "rest"}, "earliest_level": null}, {"move": {"name": "rock-slide"}, "earliest_level": null}, {"move": {"name": "slash"}, "earliest_level": null}, {"move": {"name": "substitute"}, "earliest_level": null}, {"move": {"name": "thief"}, "earliest_level": null}, {"move": {"name": "snore"}, "earliest_level": null}, {"move": {"name": "protect"}, "earliest_level": null}, {"move": {"name": "mud-slap"}, "earliest_level": null}, {"move": {"name": "detect"}, "earliest_level": 12}, {"move": {"name": "outrage"}, "earliest_level": null}, {"move": {"name": "giga-drain"}, "earliest_level": 25}, {"move": {"name": "endure"}, "earliest_level": null}, {"move": {"name": "false-swipe"}, "earliest_level": 1}, {"move": {"name": "swagger"}, "earliest_level": null}, {"move": {"name": "fury-cutter"}, "earliest_level": 1}, {"move": {"name": "attract"}, "earliest_level": null}, {"move": {"name": "sleep-talk"}, "earliest_level": null}, {"move": {"name": "return"}, "earliest_level": null}, {"move": {"name": "frustration"}, "earliest_level": null}, {"move": {"name": "safeguard"}, "earliest_level": null}, {"move": {"name": "dynamic-punch"}, "earliest_level": null}, {"move": {"name": "dragon-breath"}, "earliest_level": null}, {"move": {"name": "pursuit"}, "earliest_level": 17}, {"move": {"name": "iron-tail"}, "earliest_level": null}, {"move": {"name": "synthesis"}, "earliest_level": null}, {"move": {"name": "hidden-power"}, "earliest_level": null}, {"move": {"name": "sunny-day"}, "earliest_level": null}, {"move": {"name": "crunch"}, "earliest_level": null}, {"move": {"name": "rock-smash"}, "earliest_level": null}, {"move": {"name": "facade"}, "earliest_level": null}, {"move": {"name": "focus-punch"}, "earliest_level": null}, {"move": {"name": "nature-power"}, "earliest_level": null}, {"move": {"name": "helping-hand"}, "earliest_level": null}, {"move": {"name": "brick-break"}, "earliest_level": null}, {"move": {"name": "endeavor"}, "earliest_level": 49}, {"move": {"name": "secret-power"}, "earliest_level": null}, {"move": {"name": "rock-tomb"}, "earliest_level": null}, {"move": {"name": "bullet-seed"}, "earliest_level": null}, {"move": {"name": "aerial-ace"}, "earliest_level": null}, {"move": {"name": "dragon-claw"}, "earliest_level": null}, {"move": {"name": "frenzy-plant"}, "earliest_level": null}, {"move": {"name": "magical-leaf"}, "earliest_level": null}, {"move": {"name": "leaf-blade"}, "earliest_level": 23}, {"move": {"name": "dragon-dance"}, "earliest_level": null}, {"move": {"name": "natural-gift"}, "earliest_level": null}, {"move": {"name": "assurance"}, "earliest_level": 20}, {"move": {"name": "fling"}, "earliest_level": null}, {"move": {"name": "worry-seed"}, "earliest_level": null}, {"move": {"name": "night-slash"}, "earliest_level": 1}, {"move": {"name": "seed-bomb"}, "earliest_level": null}, {"move": {"name": "x-scissor"}, "earliest_level": 1}, {"move": {"name": "dragon-pulse"}, "earliest_level": null}, {"move": {"name": "drain-punch"}, "earliest_level": null}, {"move": {"name": "vacuum-wave"}, "earliest_level": null}, {"move": {"name": "focus-blast"}, "earliest_level": null}, {"move": {"name": "energy-ball"}, "earliest_level": 1}, {"move": {"name": "giga-impact"}, "earliest_level": null}, {"move": {"name": "rock-climb"}, "earliest_level": null}, {"move": {"name": "leaf-storm"}, "earliest_level": 1}, {"move": {"name": "cross-poison"}, "earliest_level": null}, {"move": {"name": "captivate"}, "earliest_level": null}, {"move": {"name": "grass-knot"}, "earliest_level": null}, {"move": {"name": "hone-claws"}, "earliest_level": null}, {"move": {"name": "low-sweep"}, "earliest_level": null}, {"move": {"name": "round"}, "earliest_level": null}, {"move": {"name": "quick-guard"}, "earliest_level": 15}, {"move": {"name": "acrobatics"}, "earliest_level": null}, {"move": {"name": "grass-pledge"}, "earliest_level": null}, {"move": {"name": "bulldoze"}, "earliest_level": null}, {"move": {"name": "dragon-tail"}, "earliest_level": null}, {"move": {"name": "work-up"}, "earliest_level": null}, {"move": {"name": "dual-chop"}, "earliest_level": 1}, {"move": {"name": "grassy-terrain"}, "earliest_level": null}, {"move": {"name": "confide"}, "earliest_level": null}, {"move": {"name": "power-up-punch"}, "earliest_level": null}, {"move": {"name": "solar-blade"}, "earliest_level": null}, {"move": {"name": "leafage"}, "earliest_level": 1}, {"move": {"name": "laser-focus"}, "earliest_level": null}, {"move": {"name": "throat-chop"}, "earliest_level": null}, {"move": {"name": "brutal-swing"}, "earliest_level": null}, {"move": {"name": "breaking-swipe"}, "earliest_level": null}, {"move": {"name": "scale-shot"}, "earliest_level": null}, {"move": {"name": "grassy-glide"}, "earliest_level": null}, {"move": {"name": "tera-blast"}, "earliest_level": null}, {"move": {"name": "shed-tail"}, "earliest_level": null}, {"move": {"name": "trailblaze"}, "earliest_level": null}, {"move": {"name": "dragon-cheer"}, "earliest_level": null}, {"move": {"name": "upper-hand"}, "earliest_level": null}], "species": {"url": "https://pokeapi.co/api/v2/pokemon-species/254/"}, "height": 17, "weight": 522}