{
  "base_happiness": 70,
  "capture_rate": 190,
  "color": {
    "name": "yellow",
    "url": "https://pokeapi.co/api/v2/pokemon-color/10/"
  },
  "egg_groups": [
    {
      "name": "bug",
      "url": "https://pokeapi.co/api/v2/egg-group/3/"
    },
    {
      "name": "fairy",
      "url": "https://pokeapi.co/api/v2/egg-group/6/"
    }
  ],
  "evolution_chain": {
    "url": "https://pokeapi.co/api/v2/evolution-chain/382/"
  },
  "evolves_from_species": null,
  "flavor_text_entries": [
    {
      "flavor_text": "\u306f\u306a\u306e\u30df\u30c4\u3084\u3000\u304b\u3075\u3093\u304c\u3000\u30a8\u30b5\u3002\n\u30aa\u30fc\u30e9\u3092\u3000\u304b\u3093\u3058\u308b\u3000\u3061\u304b\u3089\u3092\u3000\u3082\u3061\n\u3055\u304d\u305d\u3046\u306a\u3000\u306f\u306a\u3092\u3000\u307f\u308f\u3051\u3066\u3044\u308b\u3002",
      "language": {
        "name": "ja-Hrkt",
        "url": "https://pokeapi.co/api/v2/language/1/"
      },
      "version": {
        "name": "sun",
        "url": "https://pokeapi.co/api/v2/version/27/"
      }
    },
    {
      "flavor_text": "\uaf43\uc758 \uafc0\uc774\ub098 \uaf43\uac00\ub8e8\uac00 \uba39\uc774\ub2e4.\n\uc624\ub77c\ub97c \ub290\ub07c\ub294 \ud798\uc744 \uc9c0\ub2c8\uace0 \uc788\uc5b4\n\ud544 \uac83 \uac19\uc740 \uaf43\uc744 \uad6c\ubcc4\ud55c\ub2e4.",
      "language": {
        "name": "ko",
        "url": "https://pokeapi.co/api/v2/language/3/"
      },
      "version": {
        "name": "sun",
        "url": "https://pokeapi.co/api/v2/version/27/"
      }
    },
    {
      "flavor_text": "\u82b1\u871c\u548c\u82b1\u7c89\u662f\u7260\u7684\u98df\u7269\u3002\n\u64c1\u6709\u611f\u77e5\u6c23\u5834\u7684\u529b\u91cf\uff0c\n\u80fd\u5206\u8fa8\u51fa\u8981\u7dbb\u653e\u7684\u82b1\u3002",
      "language": {
        "name": "zh-Hant",
        "url": "https://pokeapi.co/api/v2/language/4/"
      },
      "version": {
        "name": "sun",
        "url": "https://pokeapi.co/api/v2/version/27/"
      }
    },
    {
      "flavor_text": "Il se nourrit du nectar et du pollen des fleurs.\nAyant la capacit\u00e9 de percevoir l\u2019aura des\nchoses, il sait quelles fleurs vont bient\u00f4t \u00e9clore.",
      "language": {
        "name": "fr",
        "url": "https://pokeapi.co/api/v2/language/5/"
      },
      "version": {
        "name": "sun",
        "url": "https://pokeapi.co/api/v2/version/27/"
      }
    },
    {
      "flavor_text": "Es ern\u00e4hrt sich von Bl\u00fctenstaub und Honig. Da\nes die Aura von Lebewesen wahrnehmen kann,\nsp\u00fcrt es, wenn eine Blume bald bl\u00fchen wird.",
      "language": {
        "name": "de",
        "url": "https://pokeapi.co/api/v2/language/6/"
      },
      "version": {
        "name": "sun",
        "url": "https://pokeapi.co/api/v2/version/27/"
      }
    },
    {
      "flavor_text": "Se alimenta de n\u00e9ctar y polen. Es capaz de\ndetectar los capullos que est\u00e1n a punto de\nabrirse.",
      "language": {
        "name": "es",
        "url": "https://pokeapi.co/api/v2/language/7/"
      },
      "version": {
        "name": "sun",
        "url": "https://pokeapi.co/api/v2/version/27/"
      }
    },
    {
      "flavor_text": "Si nutre di nettare e polline. \u00c8 in grado di\npercepire l\u2019aura di tutte le cose intorno a s\u00e9\ne avverte quando un fiore sta per sbocciare.",
      "language": {
        "name": "it",
        "url": "https://pokeapi.co/api/v2/language/8/"
      },
      "version": {
        "name": "sun",
        "url": "https://pokeapi.co/api/v2/version/27/"
      }
    },
    {
      "flavor_text": "It feeds on the nectar and pollen of flowers.\nBecause it\u2019s able to sense auras, it can identify\nwhich flowers are about to bloom.",
      "language": {
        "name": "en",
        "url": "https://pokeapi.co/api/v2/language/9/"
      },
      "version": {
        "name": "sun",
        "url": "https://pokeapi.co/api/v2/version/27/"
      }
    },
    {
      "flavor_text": "\u82b1\u306e\u30df\u30c4\u3084\u3000\u82b1\u7c89\u304c\u3000\u990c\u3002\n\u30aa\u30fc\u30e9\u3092\u3000\u611f\u3058\u308b\u3000\u529b\u3092\u3000\u6301\u3061\n\u54b2\u304d\u305d\u3046\u306a\u3000\u82b1\u3092\u3000\u898b\u5206\u3051\u3066\u3044\u308b\u3002",
      "language": {
        "name": "ja",
        "url": "https://pokeapi.co/api/v2/language/11/"
      },
      "version": {
        "name": "sun",
        "url": "https://pokeapi.co/api/v2/version/27/"
      }
    },
    {
      "flavor_text": "\u82b1\u871c\u548c\u82b1\u7c89\u662f\u5b83\u7684\u98df\u7269\u3002\n\u62e5\u6709\u611f\u77e5\u6c14\u573a\u7684\u529b\u91cf\uff0c\n\u80fd\u5206\u8fa8\u51fa\u8981\u5f00\u653e\u7684\u82b1\u3002",
      "language": {
        "name": "zh-Hans",
        "url": "https://pokeapi.co/api/v2/language/12/"
      },
      "version": {
        "name": "sun",
        "url": "https://pokeapi.co/api/v2/version/27/"
      }
    },
    {
      "flavor_text": "\u306f\u306a\u306b\u3000\u306b\u305f\u3000\u30aa\u30fc\u30e9\u3092\u3000\u3082\u3064\u3000\u3072\u3068\u306e\n\u3042\u305f\u307e\u306e\u3000\u3046\u3048\u306b\u306f\u3000\u305f\u304f\u3055\u3093\u306e\n\u30a2\u30d6\u30ea\u30fc\u304c\u3000\u3042\u3064\u307e\u3063\u3066\u304f\u308b\u3088\u3002",
      "language": {
        "name": "ja-Hrkt",
        "url": "https://pokeapi.co/api/v2/language/1/"
      },
      "version": {
        "name": "moon",
        "url": "https://pokeapi.co/api/v2/version/28/"
      }
    },
    {
      "flavor_text": "\uaf43\uc744 \ub2ee\uc740 \uc624\ub77c\ub97c \uac00\uc9c4 \uc0ac\ub78c\uc758\n\uba38\ub9ac \uc704\uc5d0\ub294 \ub9ce\uc740\n\uc5d0\ube14\ub9ac\uac00 \ubaa8\uc5ec\ub4e0\ub2e4.",
      "language": {
        "name": "ko",
        "url": "https://pokeapi.co/api/v2/language/3/"
      },
      "version": {
        "name": "moon",
        "url": "https://pokeapi.co/api/v2/version/28/"
      }
    },
    {
      "flavor_text": "\u64c1\u6709\u50cf\u82b1\u4e00\u822c\u6c23\u5834\u7684\u4eba\uff0c\n\u982d\u4e0a\u6703\u6709\u8a31\u591a\u840c\u867b\u805a\u96c6\u904e\u4f86\u54e6\u3002",
      "language": {
        "name": "zh-Hant",
        "url": "https://pokeapi.co/api/v2/language/4/"
      },
      "version": {
        "name": "moon",
        "url": "https://pokeapi.co/api/v2/version/28/"
      }
    },
    {
      "flavor_text": "Ils volettent gaiement en nombre au-dessus de\nla t\u00eate de certaines personnes dont l\u2019aura\ns\u2019apparenterait \u00e0 celle d\u2019une fleur.",
      "language": {
        "name": "fr",
        "url": "https://pokeapi.co/api/v2/language/5/"
      },
      "version": {
        "name": "moon",
        "url": "https://pokeapi.co/api/v2/version/28/"
      }
    },
    {
      "flavor_text": "\u00dcber den K\u00f6pfen von Menschen, deren Auren\ndenen von Blumen gleichen, finden sich\nzahlreich Wommel ein.",
      "language": {
        "name": "de",
        "url": "https://pokeapi.co/api/v2/language/6/"
      },
      "version": {
        "name": "moon",
        "url": "https://pokeapi.co/api/v2/version/28/"
      }
    },
    {
      "flavor_text": "Revolotean en bandadas en torno a la cabeza de\naquellas personas que cuentan con un aura\nsimilar a la de las flores.",
      "language": {
        "name": "es",
        "url": "https://pokeapi.co/api/v2/language/7/"
      },
      "version": {
        "name": "moon",
        "url": "https://pokeapi.co/api/v2/version/28/"
      }
    },
    {
      "flavor_text": "Svolazzano numerosi sulla testa di persone\nche emanano un\u2019aura somigliante in qualche\nmodo a quella dei fiori.",
      "language": {
        "name": "it",
        "url": "https://pokeapi.co/api/v2/language/8/"
      },
      "version": {
        "name": "moon",
        "url": "https://pokeapi.co/api/v2/version/28/"
      }
    },
    {
      "flavor_text": "Myriads of Cutiefly flutter above the heads of\npeople who have auras resembling those\nof flowers.",
      "language": {
        "name": "en",
        "url": "https://pokeapi.co/api/v2/language/9/"
      },
      "version": {
        "name": "moon",
        "url": "https://pokeapi.co/api/v2/version/28/"
      }
    },
    {
      "flavor_text": "\u82b1\u306b\u3000\u4f3c\u305f\u3000\u30aa\u30fc\u30e9\u3092\u3000\u6301\u3064\u3000\u4eba\u306e\n\u982d\u306e\u3000\u4e0a\u306b\u306f\u3000\u305f\u304f\u3055\u3093\u306e\n\u30a2\u30d6\u30ea\u30fc\u304c\u3000\u96c6\u307e\u3063\u3066\u304f\u308b\u3088\u3002",
      "language": {
        "name": "ja",
        "url": "https://pokeapi.co/api/v2/language/11/"
      },
      "version": {
        "name": "moon",
        "url": "https://pokeapi.co/api/v2/version/28/"
      }
    },
    {
      "flavor_text": "\u62e5\u6709\u50cf\u82b1\u4e00\u6837\u7684\u6c14\u573a\u7684\u4eba\uff0c\n\u5934\u4e0a\u4f1a\u6709\u8bb8\u591a\u840c\u867b\u805a\u96c6\u8fc7\u6765\u54e6\u3002",
      "language": {
        "name": "zh-Hans",
        "url": "https://pokeapi.co/api/v2/language/12/"
      },
      "version": {
        "name": "moon",
        "url": "https://pokeapi.co/api/v2/version/28/"
      }
    },
    {
      "flavor_text": "\u306f\u306a\u306e\u30df\u30c4\u3068\u3000\u304b\u3075\u3093\u304c\u3000\u3053\u3046\u3076\u3064\u3002\n\u306f\u306a\u3070\u305f\u3051\u3067\u3000\u30a8\u30b5\u3092\u3000\u3081\u3050\u308a\n\u30d0\u30bf\u30d5\u30ea\u30fc\u3068\u3000\u3053\u305c\u308a\u3042\u3044\u3092\u3057\u3066\u3044\u308b\u3002",
      "language": {
        "name": "ja-Hrkt",
        "url": "https://pokeapi.co/api/v2/language/1/"
      },
      "version": {
        "name": "ultra-sun",
        "url": "https://pokeapi.co/api/v2/version/29/"
      }
    },
    {
      "flavor_text": "\uaf43\uc758 \uafc0\uacfc \ud654\ubd84\uc744 \uc88b\uc544\ud55c\ub2e4.\n\uaf43\ubc2d\uc5d0\uc11c \uba39\uc774\ub97c \ub450\uace0\n\ubc84\ud130\ud50c\uacfc \uc625\uc2e0\uac01\uc2e0\ud55c\ub2e4.",
      "language": {
        "name": "ko",
        "url": "https://pokeapi.co/api/v2/language/3/"
      },
      "version": {
        "name": "ultra-sun",
        "url": "https://pokeapi.co/api/v2/version/29/"
      }
    },
    {
      "flavor_text": "\u559c\u6b61\u5403\u82b1\u871c\u548c\u82b1\u7c89\u3002\n\u7d93\u5e38\u5728\u82b1\u5703\u88e1\u70ba\u4e86\u722d\u596a\u98df\u7269\n\u800c\u548c\u5df4\u5927\u8776\u767c\u751f\u5c0f\u885d\u7a81\u3002",
      "language": {
        "name": "zh-Hant",
        "url": "https://pokeapi.co/api/v2/language/4/"
      },
      "version": {
        "name": "ultra-sun",
        "url": "https://pokeapi.co/api/v2/version/29/"
      }
    },
    {
      "flavor_text": "Il aime le nectar et le pollen, et se dispute\nces denr\u00e9es avec Papilusion dans les champs\nde fleurs.",
      "language": {
        "name": "fr",
        "url": "https://pokeapi.co/api/v2/language/5/"
      },
      "version": {
        "name": "ultra-sun",
        "url": "https://pokeapi.co/api/v2/version/29/"
      }
    },
    {
      "flavor_text": "Es liebt Bl\u00fctenstaub und Nektar. Schwirrt es auf\nder Suche nach Futter durch Blumenbeete,\nhandelt es sich oft Reibereien mit Smettbo ein.",
      "language": {
        "name": "de",
        "url": "https://pokeapi.co/api/v2/language/6/"
      },
      "version": {
        "name": "ultra-sun",
        "url": "https://pokeapi.co/api/v2/version/29/"
      }
    },
    {
      "flavor_text": "Le encanta el n\u00e9ctar y el polen. Revolotea en\nbusca de alimento por campos de flores, donde\ntiene sus rifirrafes con Butterfree.",
      "language": {
        "name": "es",
        "url": "https://pokeapi.co/api/v2/language/7/"
      },
      "version": {
        "name": "ultra-sun",
        "url": "https://pokeapi.co/api/v2/version/29/"
      }
    },
    {
      "flavor_text": "Adora il nettare e il polline.\nLo si vede spesso nei prati mentre bisticcia\ncon i Butterfree per accaparrarsi il cibo.",
      "language": {
        "name": "it",
        "url": "https://pokeapi.co/api/v2/language/8/"
      },
      "version": {
        "name": "ultra-sun",
        "url": "https://pokeapi.co/api/v2/version/29/"
      }
    },
    {
      "flavor_text": "Nectar and pollen are its favorite fare. In fields\nof flowers, it gets into skirmishes with\nButterfree over food.",
      "language": {
        "name": "en",
        "url": "https://pokeapi.co/api/v2/language/9/"
      },
      "version": {
        "name": "ultra-sun",
        "url": "https://pokeapi.co/api/v2/version/29/"
      }
    },
    {
      "flavor_text": "\u82b1\u306e\u30df\u30c4\u3068\u3000\u82b1\u7c89\u304c\u3000\u597d\u7269\u3002\n\u82b1\u7551\u3067\u3000\u30a8\u30b5\u3092\u3000\u5de1\u308a\n\u30d0\u30bf\u30d5\u30ea\u30fc\u3068\u3000\u5c0f\u7af6\u308a\u5408\u3044\u3092\u3057\u3066\u3044\u308b\u3002",
      "language": {
        "name": "ja",
        "url": "https://pokeapi.co/api/v2/language/11/"
      },
      "version": {
        "name": "ultra-sun",
        "url": "https://pokeapi.co/api/v2/version/29/"
      }
    },
    {
      "flavor_text": "\u559c\u6b22\u5403\u82b1\u871c\u548c\u82b1\u7c89\u3002\n\u4f1a\u5728\u82b1\u5703\u91cc\u5bfb\u627e\u98df\u7269\uff0c\n\u548c\u5df4\u5927\u8776\u5c55\u5f00\u5c0f\u51b2\u7a81\u3002",
      "language": {
        "name": "zh-Hans",
        "url": "https://pokeapi.co/api/v2/language/12/"
      },
      "version": {
        "name": "ultra-sun",
        "url": "https://pokeapi.co/api/v2/version/29/"
      }
    },
    {
      "flavor_text": "\u3044\u304d\u3082\u306e\u306e\u3000\u30aa\u30fc\u30e9\u3092\u3000\u304b\u3093\u3058\u3068\u308b\u3002\n\u30aa\u30fc\u30e9\u304b\u3089\u3000\u3046\u3054\u304d\u3092\u3000\u3055\u304d\u3088\u307f\u3000\u3057\u3066\n\u3066\u304d\u3092\u3000\u307b\u3093\u308d\u3046\u3000\u3059\u308b\u306e\u304c\u3000\u3068\u304f\u3044\u3002",
      "language": {
        "name": "ja-Hrkt",
        "url": "https://pokeapi.co/api/v2/language/1/"
      },
      "version": {
        "name": "ultra-moon",
        "url": "https://pokeapi.co/api/v2/version/30/"
      }
    },
    {
      "flavor_text": "\uc0dd\ubb3c\uc758 \uc624\ub77c\ub97c \ub290\ub080\ub2e4.\n\uc624\ub77c\ub97c \ud1b5\ud574 \uc6c0\uc9c1\uc784\uc744 \uba3c\uc800 \uc77d\uc5b4\uc11c\n\uc801\uc744 \ub18d\ub77d\ud558\ub294 \uac83\uc774 \ud2b9\uae30\ub2e4.",
      "language": {
        "name": "ko",
        "url": "https://pokeapi.co/api/v2/language/3/"
      },
      "version": {
        "name": "ultra-moon",
        "url": "https://pokeapi.co/api/v2/version/30/"
      }
    },
    {
      "flavor_text": "\u80fd\u5920\u611f\u77e5\u751f\u7269\u7684\u6c23\u5834\u3002\n\u64c5\u9577\u900f\u904e\u6c23\u5834\u9810\u5148\u5224\u65b7\n\u6575\u4eba\u7684\u884c\u52d5\u4e26\u73a9\u5f04\u5c0d\u65b9\u3002",
      "language": {
        "name": "zh-Hant",
        "url": "https://pokeapi.co/api/v2/language/4/"
      },
      "version": {
        "name": "ultra-moon",
        "url": "https://pokeapi.co/api/v2/version/30/"
      }
    },
    {
      "flavor_text": "Il per\u00e7oit l\u2019aura des \u00eatres vivants, ce qui lui\npermet de se jouer de son adversaire en\npr\u00e9voyant et en anticipant ses mouvements.",
      "language": {
        "name": "fr",
        "url": "https://pokeapi.co/api/v2/language/5/"
      },
      "version": {
        "name": "ultra-moon",
        "url": "https://pokeapi.co/api/v2/version/30/"
      }
    },
    {
      "flavor_text": "Es kann die Aura von Lebewesen wahrnehmen.\nSo erahnt es die Bewegungen seiner Feinde und\nkann sie geschickt an der Nase herumf\u00fchren.",
      "language": {
        "name": "de",
        "url": "https://pokeapi.co/api/v2/language/6/"
      },
      "version": {
        "name": "ultra-moon",
        "url": "https://pokeapi.co/api/v2/version/30/"
      }
    },
    {
      "flavor_text": "Percibe el aura de los seres vivos. Aprovecha\nesta capacidad para juguetear con el enemigo\nanticip\u00e1ndose a sus movimientos.",
      "language": {
        "name": "es",
        "url": "https://pokeapi.co/api/v2/language/7/"
      },
      "version": {
        "name": "ultra-moon",
        "url": "https://pokeapi.co/api/v2/version/30/"
      }
    },
    {
      "flavor_text": "Percepisce l\u2019aura degli esseri viventi, riuscendo\ncos\u00ec ad anticipare i loro movimenti. Per questo\nha sempre la meglio sui nemici.",
      "language": {
        "name": "it",
        "url": "https://pokeapi.co/api/v2/language/8/"
      },
      "version": {
        "name": "ultra-moon",
        "url": "https://pokeapi.co/api/v2/version/30/"
      }
    },
    {
      "flavor_text": "Cutiefly can pick up the auras of living things. It\nskillfully reads those auras to predict its foes\u2019\nmovements and make fools of them.",
      "language": {
        "name": "en",
        "url": "https://pokeapi.co/api/v2/language/9/"
      },
      "version": {
        "name": "ultra-moon",
        "url": "https://pokeapi.co/api/v2/version/30/"
      }
    },
    {
      "flavor_text": "\u751f\u304d\u7269\u306e\u3000\u30aa\u30fc\u30e9\u3092\u3000\u611f\u3058\u53d6\u308b\u3002\n\u30aa\u30fc\u30e9\u304b\u3089\u3000\u52d5\u304d\u3092\u3000\u5148\u8aad\u307f\u3000\u3057\u3066\n\u6575\u3092\u3000\u7ffb\u5f04\u3000\u3059\u308b\u306e\u304c\u3000\u5f97\u610f\u3002",
      "language": {
        "name": "ja",
        "url": "https://pokeapi.co/api/v2/language/11/"
      },
      "version": {
        "name": "ultra-moon",
        "url": "https://pokeapi.co/api/v2/version/30/"
      }
    },
    {
      "flavor_text": "\u80fd\u591f\u611f\u77e5\u751f\u7269\u7684\u6c14\u573a\u3002\n\u5f88\u64c5\u957f\u4ece\u6c14\u573a\u4e2d\u9884\u5148\u8bfb\u53d6\n\u654c\u4eba\u7684\u884c\u52a8\uff0c\u73a9\u5f04\u5bf9\u65b9\u3002",
      "language": {
        "name": "zh-Hans",
        "url": "https://pokeapi.co/api/v2/language/12/"
      },
      "version": {
        "name": "ultra-moon",
        "url": "https://pokeapi.co/api/v2/version/30/"
      }
    },
    {
      "flavor_text": "\u304b\u3075\u3093\u3084\u3000\u307f\u3064\u304c\u3000\u3060\u3044\u3053\u3046\u3076\u3064\u3002\n\u30d2\u30e1\u30f3\u30ab\u306e\u3000\u304b\u3075\u3093\u3092\u3000\u306d\u3089\u3063\u3066\n\u30a2\u30d6\u30ea\u30fc\u304c\u3000\u3061\u304b\u304f\u3092\u3000\u3068\u3073\u307e\u308f\u308b\u3002",
      "language": {
        "name": "ja-Hrkt",
        "url": "https://pokeapi.co/api/v2/language/1/"
      },
      "version": {
        "name": "sword",
        "url": "https://pokeapi.co/api/v2/version/33/"
      }
    },
    {
      "flavor_text": "\uaf43\uac00\ub8e8\uc640 \uafc0\uc744 \uc544\uc8fc \uc88b\uc544\ud55c\ub2e4.\n\uaf2c\ubaa8\uce74\uc758 \uaf43\uac00\ub8e8\ub97c \ub178\ub9ac\uace0\n\uc5d0\ube14\ub9ac\uac00 \uc8fc\ubcc0\uc744 \ub0a0\uc544\ub2e4\ub2cc\ub2e4.",
      "language": {
        "name": "ko",
        "url": "https://pokeapi.co/api/v2/language/3/"
      },
      "version": {
        "name": "sword",
        "url": "https://pokeapi.co/api/v2/version/33/"
      }
    },
    {
      "flavor_text": "\u82b1\u7c89\u548c\u82b1\u871c\u662f\u840c\u867b\u7684\u6700\u611b\u3002\n\u70ba\u4e86\u63a1\u96c6\u5e7c\u68c9\u68c9\u7684\u82b1\u7c89\uff0c\n\u840c\u867b\u6703\u5728\u7260\u5011\u9644\u8fd1\u98db\u4f86\u98db\u53bb\u3002",
      "language": {
        "name": "zh-Hant",
        "url": "https://pokeapi.co/api/v2/language/4/"
      },
      "version": {
        "name": "sword",
        "url": "https://pokeapi.co/api/v2/version/33/"
      }
    },
    {
      "flavor_text": "Ce Pok\u00e9mon raffole du pollen et du nectar.\nIl volette souvent pr\u00e8s des Tournicoton\npour collecter leur pollen.",
      "language": {
        "name": "fr",
        "url": "https://pokeapi.co/api/v2/language/5/"
      },
      "version": {
        "name": "sword",
        "url": "https://pokeapi.co/api/v2/version/33/"
      }
    },
    {
      "flavor_text": "Es liebt Bl\u00fctenstaub und Nektar. Hat ein Wommel\nes auf den Bl\u00fctenstaub von Cottini abgesehen,\nschwirrt es in dessen N\u00e4he herum.",
      "language": {
        "name": "de",
        "url": "https://pokeapi.co/api/v2/language/6/"
      },
      "version": {
        "name": "sword",
        "url": "https://pokeapi.co/api/v2/version/33/"
      }
    },
    {
      "flavor_text": "Le fascinan el n\u00e9ctar y el polen. Suele revolotear\nalrededor de los Gossifleur, atra\u00eddo por su polen.",
      "language": {
        "name": "es",
        "url": "https://pokeapi.co/api/v2/language/7/"
      },
      "version": {
        "name": "sword",
        "url": "https://pokeapi.co/api/v2/version/33/"
      }
    },
    {
      "flavor_text": "Adora il nettare e il polline. Svolazza vicino\na Gossifleur attirato dal suo polline.",
      "language": {
        "name": "it",
        "url": "https://pokeapi.co/api/v2/language/8/"
      },
      "version": {
        "name": "sword",
        "url": "https://pokeapi.co/api/v2/version/33/"
      }
    },
    {
      "flavor_text": "Nectar and pollen are its favorite fare. You can\nfind Cutiefly hovering around Gossifleur, trying\nto get some of Gossifleur\u2019s pollen.",
      "language": {
        "name": "en",
        "url": "https://pokeapi.co/api/v2/language/9/"
      },
      "version": {
        "name": "sword",
        "url": "https://pokeapi.co/api/v2/version/33/"
      }
    },
    {
      "flavor_text": "\u82b1\u7c89\u3084\u3000\u871c\u304c\u3000\u5927\u597d\u7269\u3002\n\u30d2\u30e1\u30f3\u30ab\u306e\u3000\u82b1\u7c89\u3092\u3000\u72d9\u3063\u3066\n\u30a2\u30d6\u30ea\u30fc\u304c\u3000\u8fd1\u304f\u3092\u3000\u98db\u3073\u307e\u308f\u308b\u3002",
      "language": {
        "name": "ja",
        "url": "https://pokeapi.co/api/v2/language/11/"
      },
      "version": {
        "name": "sword",
        "url": "https://pokeapi.co/api/v2/version/33/"
      }
    },
    {
      "flavor_text": "\u82b1\u7c89\u548c\u82b1\u871c\u662f\u840c\u867b\u7684\u6700\u7231\u3002\n\u4e3a\u4e86\u91c7\u96c6\u5e7c\u68c9\u68c9\u7684\u82b1\u7c89\uff0c\n\u840c\u867b\u4f1a\u5728\u5b83\u4eec\u9644\u8fd1\u98de\u6765\u98de\u53bb\u3002",
      "language": {
        "name": "zh-Hans",
        "url": "https://pokeapi.co/api/v2/language/12/"
      },
      "version": {
        "name": "sword",
        "url": "https://pokeapi.co/api/v2/version/33/"
      }
    },
    {
      "flavor_text": "\u3066\u304d\u304c\u3000\u306f\u3063\u3059\u308b\u3000\u30aa\u30fc\u30e9\u304b\u3089\u3000\u3064\u304e\u306e\n\u3053\u3046\u3069\u3046\u3092\u3000\u3088\u305d\u304f\u3059\u308b\u3002\u3000\u3053\u3046\u3052\u304d\u3092\n\u3072\u3089\u308a\u3068\u3000\u304b\u308f\u3057\u3066\u3000\u306f\u3093\u3052\u304d\u3059\u308b\u3002",
      "language": {
        "name": "ja-Hrkt",
        "url": "https://pokeapi.co/api/v2/language/1/"
      },
      "version": {
        "name": "shield",
        "url": "https://pokeapi.co/api/v2/version/34/"
      }
    },
    {
      "flavor_text": "\uc0c1\ub300\uac00 \ub0b4\ubfdc\ub294 \uc624\ub77c\ub85c\n\ub2e4\uc74c \ud589\ub3d9\uc744 \uc608\uce21\ud55c\ub2e4.\n\uacf5\uaca9\uc744 \uac00\ubccd\uac8c \ud53c\ud558\uace0 \ubc18\uaca9\ud55c\ub2e4.",
      "language": {
        "name": "ko",
        "url": "https://pokeapi.co/api/v2/language/3/"
      },
      "version": {
        "name": "shield",
        "url": "https://pokeapi.co/api/v2/version/34/"
      }
    },
    {
      "flavor_text": "\u5f9e\u6575\u4eba\u6563\u767c\u51fa\u7684\u6c23\u5834\n\u4f86\u5224\u65b7\u5c0d\u65b9\u4e0b\u4e00\u6b65\u7684\u884c\u52d5\u3002\n\u80fd\u8f15\u76c8\u5730\u8eb2\u958b\u653b\u64ca\u4e26\u9032\u884c\u53cd\u64ca\u3002",
      "language": {
        "name": "zh-Hant",
        "url": "https://pokeapi.co/api/v2/language/4/"
      },
      "version": {
        "name": "shield",
        "url": "https://pokeapi.co/api/v2/version/34/"
      }
    },
    {
      "flavor_text": "Il per\u00e7oit l\u2019aura de son ennemi et anticipe\nses mouvements. Il parvient ainsi \u00e0 \u00e9viter\nles attaques et \u00e0 riposter dans la foul\u00e9e.",
      "language": {
        "name": "fr",
        "url": "https://pokeapi.co/api/v2/language/5/"
      },
      "version": {
        "name": "shield",
        "url": "https://pokeapi.co/api/v2/version/34/"
      }
    },
    {
      "flavor_text": "Es nimmt die Aura seiner Feinde wahr und erahnt\nihren n\u00e4chsten Zug. So kann es Angriffen\ngeschickt ausweichen und zur\u00fcckschlagen.",
      "language": {
        "name": "de",
        "url": "https://pokeapi.co/api/v2/language/6/"
      },
      "version": {
        "name": "shield",
        "url": "https://pokeapi.co/api/v2/version/34/"
      }
    },
    {
      "flavor_text": "Al percibir el aura del rival, puede predecir sus\nmovimientos y esquivarlos sin problema mientras\nlanza su contraataque.",
      "language": {
        "name": "es",
        "url": "https://pokeapi.co/api/v2/language/7/"
      },
      "version": {
        "name": "shield",
        "url": "https://pokeapi.co/api/v2/version/34/"
      }
    },
    {
      "flavor_text": "Prevede la prossima mossa del nemico\npercependone l\u2019aura. Schiva agilmente\ni suoi colpi e poi contrattacca.",
      "language": {
        "name": "it",
        "url": "https://pokeapi.co/api/v2/language/8/"
      },
      "version": {
        "name": "shield",
        "url": "https://pokeapi.co/api/v2/version/34/"
      }
    },
    {
      "flavor_text": "An opponent\u2019s aura can tell Cutiefly what that\nopponent\u2019s next move will be. Then Cutiefly can\nglide around the attack and strike back.",
      "language": {
        "name": "en",
        "url": "https://pokeapi.co/api/v2/language/9/"
      },
      "version": {
        "name": "shield",
        "url": "https://pokeapi.co/api/v2/version/34/"
      }
    },
    {
      "flavor_text": "\u6575\u304c\u3000\u767a\u3059\u308b\u3000\u30aa\u30fc\u30e9\u304b\u3089\u3000\u3064\u304e\u306e\n\u884c\u52d5\u3092\u3000\u4e88\u6e2c\u3059\u308b\u3002\u3000\u653b\u6483\u3092\n\u3072\u3089\u308a\u3068\u3000\u304b\u308f\u3057\u3066\u3000\u53cd\u6483\u3059\u308b\u3002",
      "language": {
        "name": "ja",
        "url": "https://pokeapi.co/api/v2/language/11/"
      },
      "version": {
        "name": "shield",
        "url": "https://pokeapi.co/api/v2/version/34/"
      }
    },
    {
      "flavor_text": "\u4ece\u654c\u4eba\u6563\u53d1\u51fa\u7684\u6c14\u573a\n\u6765\u5224\u65ad\u5bf9\u65b9\u4e0b\u4e00\u6b65\u7684\u884c\u52a8\u3002\n\u80fd\u8f7b\u76c8\u5730\u8eb2\u5f00\u653b\u51fb\u5e76\u8fdb\u884c\u53cd\u51fb\u3002",
      "language": {
        "name": "zh-Hans",
        "url": "https://pokeapi.co/api/v2/language/12/"
      },
      "version": {
        "name": "shield",
        "url": "https://pokeapi.co/api/v2/version/34/"
      }
    }
  ],
  "form_descriptions": [],
  "forms_switchable": false,
  "gender_rate": 4,
  "genera": [
    {
      "genus": "\u30c4\u30ea\u30a2\u30d6\u30dd\u30b1\u30e2\u30f3",
      "language": {
        "name": "ja-Hrkt",
        "url": "https://pokeapi.co/api/v2/language/1/"
      }
    },
    {
      "genus": "\uc7ac\ub2c8\ub4f1\uc5d0\ud3ec\ucf13\ubaac",
      "language": {
        "name": "ko",
        "url": "https://pokeapi.co/api/v2/language/3/"
      }
    },
    {
      "genus": "\u8702\u867b\u5bf6\u53ef\u5922",
      "language": {
        "name": "zh-Hant",
        "url": "https://pokeapi.co/api/v2/language/4/"
      }
    },
    {
      "genus": "Pok\u00e9mon Bombyle",
      "language": {
        "name": "fr",
        "url": "https://pokeapi.co/api/v2/language/5/"
      }
    },
    {
      "genus": "Hummelfliegen-Pok\u00e9mon",
      "language": {
        "name": "de",
        "url": "https://pokeapi.co/api/v2/language/6/"
      }
    },
    {
      "genus": "Pok\u00e9mon Mosca Abeja",
      "language": {
        "name": "es",
        "url": "https://pokeapi.co/api/v2/language/7/"
      }
    },
    {
      "genus": "Pok\u00e9mon Bombilide",
      "language": {
        "name": "it",
        "url": "https://pokeapi.co/api/v2/language/8/"
      }
    },
    {
      "genus": "Bee Fly Pok\u00e9mon",
      "language": {
        "name": "en",
        "url": "https://pokeapi.co/api/v2/language/9/"
      }
    },
    {
      "genus": "\u30c4\u30ea\u30a2\u30d6\u30dd\u30b1\u30e2\u30f3",
      "language": {
        "name": "ja",
        "url": "https://pokeapi.co/api/v2/language/11/"
      }
    },
    {
      "genus": "\u8702\u867b\u5b9d\u53ef\u68a6",
      "language": {
        "name": "zh-Hans",
        "url": "https://pokeapi.co/api/v2/language/12/"
      }
    }
  ],
  "generation": {
    "name": "generation-vii",
    "url": "https://pokeapi.co/api/v2/generation/7/"
  },
  "growth_rate": {
    "name": "medium",
    "url": "https://pokeapi.co/api/v2/growth-rate/2/"
  },
  "habitat": null,
  "has_gender_differences": false,
  "hatch_counter": 20,
  "id": 742,
  "is_baby": false,
  "is_legendary": false,
  "is_mythical": false,
  "name": "cutiefly",
  "names": [
    {
      "language": {
        "name": "ja-Hrkt",
        "url": "https://pokeapi.co/api/v2/language/1/"
      },
      "name": "\u30a2\u30d6\u30ea\u30fc"
    },
    {
      "language": {
        "name": "roomaji",
        "url": "https://pokeapi.co/api/v2/language/2/"
      },
      "name": "Abuly"
    },
    {
      "language": {
        "name": "ko",
        "url": "https://pokeapi.co/api/v2/language/3/"
      },
      "name": "\uc5d0\ube14\ub9ac"
    },
    {
      "language": {
        "name": "zh-Hant",
        "url": "https://pokeapi.co/api/v2/language/4/"
      },
      "name": "\u840c\u867b"
    },
    {
      "language": {
        "name": "fr",
        "url": "https://pokeapi.co/api/v2/language/5/"
      },
      "name": "Bombydou"
    },
    {
      "language": {
        "name": "de",
        "url": "https://pokeapi.co/api/v2/language/6/"
      },
      "name": "Wommel"
    },
    {
      "language": {
        "name": "es",
        "url": "https://pokeapi.co/api/v2/language/7/"
      },
      "name": "Cutiefly"
    },
    {
      "language": {
        "name": "it",
        "url": "https://pokeapi.co/api/v2/language/8/"
      },
      "name": "Cutiefly"
    },
    {
      "language": {
        "name": "en",
        "url": "https://pokeapi.co/api/v2/language/9/"
      },
      "name": "Cutiefly"
    },
    {
      "language": {
        "name": "ja",
        "url": "https://pokeapi.co/api/v2/language/11/"
      },
      "name": "\u30a2\u30d6\u30ea\u30fc"
    },
    {
      "language": {
        "name": "zh-Hans",
        "url": "https://pokeapi.co/api/v2/language/12/"
      },
      "name": "\u840c\u867b"
    }
  ],
  "order": 742,
  "pal_park_encounters": [],
  "pokedex_numbers": [
    {
      "entry_number": 742,
      "pokedex": {
        "name": "national",
        "url": "https://pokeapi.co/api/v2/pokedex/1/"
      }
    },
    {
      "entry_number": 83,
      "pokedex": {
        "name": "original-alola",
        "url": "https://pokeapi.co/api/v2/pokedex/16/"
      }
    },
    {
      "entry_number": 83,
      "pokedex": {
        "name": "original-melemele",
        "url": "https://pokeapi.co/api/v2/pokedex/17/"
      }
    },
    {
      "entry_number": 43,
      "pokedex": {
        "name": "original-ulaula",
        "url": "https://pokeapi.co/api/v2/pokedex/19/"
      }
    },
    {
      "entry_number": 33,
      "pokedex": {
        "name": "original-poni",
        "url": "https://pokeapi.co/api/v2/pokedex/20/"
      }
    },
    {
      "entry_number": 98,
      "pokedex": {
        "name": "updated-alola",
        "url": "https://pokeapi.co/api/v2/pokedex/21/"
      }
    },
    {
      "entry_number": 98,
      "pokedex": {
        "name": "updated-melemele",
        "url": "https://pokeapi.co/api/v2/pokedex/22/"
      }
    },
    {
      "entry_number": 43,
      "pokedex": {
        "name": "updated-ulaula",
        "url": "https://pokeapi.co/api/v2/pokedex/24/"
      }
    },
    {
      "entry_number": 42,
      "pokedex": {
        "name": "updated-poni",
        "url": "https://pokeapi.co/api/v2/pokedex/25/"
      }
    },
    {
      "entry_number": 187,
      "pokedex": {
        "name": "galar",
        "url": "https://pokeapi.co/api/v2/pokedex/27/"
      }
    },
    {
      "entry_number": 16,
      "pokedex": {
        "name": "kitakami",
        "url": "https://pokeapi.co/api/v2/pokedex/32/"
      }
    }
  ],
  "shape": {
    "name": "armor",
    "url": "https://pokeapi.co/api/v2/pokemon-shape/14/"
  },
  "varieties": [
    {
      "is_default": true,
      "pokemon": {
        "name": "cutiefly",
        "url": "https://pokeapi.co/api/v2/pokemon/742/"
      }
    }
  ]
}