{"id": 654, "name": "braixen", "types": [{"slot": 1, "type": {"name": "fire", "url": "https://pokeapi.co/api/v2/type/10/"}}], "stats": [{"base_stat": 59, "effort": 0, "stat": {"name": "hp", "url": "https://pokeapi.co/api/v2/stat/1/"}}, {"base_stat": 59, "effort": 0, "stat": {"name": "attack", "url": "https://pokeapi.co/api/v2/stat/2/"}}, {"base_stat": 58, "effort": 0, "stat": {"name": "defense", "url": "https://pokeapi.co/api/v2/stat/3/"}}, {"base_stat": 90, "effort": 2, "stat": {"name": "special-attack", "url": "https://pokeapi.co/api/v2/stat/4/"}}, {"base_stat": 70, "effort": 0, "stat": {"name": "special-defense", "url": "https://pokeapi.co/api/v2/stat/5/"}}, {"base_stat": 73, "effort": 0, "stat": {"name": "speed", "url": "https://pokeapi.co/api/v2/stat/6/"}}], "abilities": [{"ability": {"name": "blaze", "url": "https://pokeapi.co/api/v2/ability/66/"}, "is_hidden": false, "slot": 1}, {"ability": {"name": "magician", "url": "https://pokeapi.co/api/v2/ability/170/"}, "is_hidden": true, "slot": 3}], "sprites": {"front_default": "https://raw.githubusercontent.com/PokeAPI/sprites/master/sprites/pokemon/654.png"}, "moves": [{"move": {"name": "fire-punch"}, "earliest_level": null}, {"move": {"name": "thunder-punch"}, "earliest_level": null}, {"move": {"name": "scratch"}, "earliest_level": 1}, {"move": {"name": "cut"}, "earliest_level": null}, {"move": {"name": "take-down"}, "earliest_level": null}, {"move": {"name": "tail-whip"}, "earliest_level": 1}, {"move": {"name": "ember"}, "earliest_level": 1}, {"move": {"name": "flamethrower"}, "earliest_level": 41}, {"move": {"name": "psybeam"}, "earliest_level": 18}, {"move": {"name": "low-kick"}, "earliest_level": null}, {"move": {"name": "solar-beam"}, "earliest_level": null}, {"move": {"name": "fire-spin"}, "earliest_level": 22}, {"move": {"name": "toxic"}, "earliest_level": null}, {"move": {"name": "psychic"}, "earliest_level": 48}, {"move": {"name": "hypnosis"}, "earliest_level": null}, {"move": {"name": "agility"}, "earliest_level": null}, {"move": {"name": "double-team"}, "earliest_level": null}, {"move": {"name": "light-screen"}, "earliest_level": 28}, {"move": {"name": "fire-blast"}, "earliest_level": 55}, {"move": {"name": "swift"}, "earliest_level": null}, {"move": {"name": "dream-eater"}, "earliest_level": null}, {"move": {"name": "rest"}, "earliest_level": null}, {"move": {"name": "substitute"}, "earliest_level": null}, {"move": {"name": "thief"}, "earliest_level": null}, {"move": {"name": "snore"}, "earliest_level": null}, {"move": {"name": "protect"}, "earliest_level": null}, {"move": {"name": "mud-slap"}, "earliest_level": null}, {"move": {"name": "endure"}, "earliest_level": null}, {"move": {"name": "charm"}, "earliest_level": null}, {"move": {"name": "swagger"}, "earliest_level": null}, {"move": {"name": "attract"}, "earliest_level": null}, {"move": {"name": "sleep-talk"}, "earliest_level": null}, {"move": {"name": "return"}, "earliest_level": null}, {"move": {"name": "frustration"}, "earliest_level": null}, {"move": {"name": "safeguard"}, "earliest_level": null}, {"move": {"name": "encore"}, "earliest_level": null}, {"move": {"name": "iron-tail"}, "earliest_level": null}, {"move": {"name": "hidden-power"}, "earliest_level": null}, {"move": {"name": "rain-dance"}, "earliest_level": null}, {"move": {"name": "sunny-day"}, "earliest_level": 51}, {"move": {"name": "psych-up"}, "earliest_level": null}, {"move": {"name": "heat-wave"}, "earliest_level": null}, {"move": {"name": "will-o-wisp"}, "earliest_level": 45}, {"move": {"name": "facade"}, "earliest_level": null}, {"move": {"name": "helping-hand"}, "earliest_level": null}, {"move": {"name": "trick"}, "earliest_level": null}, {"move": {"name": "wish"}, "earliest_level": null}, {"move": {"name": "magic-coat"}, "earliest_level": null}, {"move": {"name": "recycle"}, "earliest_level": null}, {"move": {"name": "skill-swap"}, "earliest_level": null}, {"move": {"name": "imprison"}, "earliest_level": null}, {"move": {"name": "snatch"}, "earliest_level": null}, {"move": {"name": "secret-power"}, "earliest_level": null}, {"move": {"name": "overheat"}, "earliest_level": null}, {"move": {"name": "howl"}, "earliest_level": 11}, {"move": {"name": "mud-shot"}, "earliest_level": null}, {"move": {"name": "covet"}, "earliest_level": null}, {"move": {"name": "calm-mind"}, "earliest_level": null}, {"move": {"name": "shock-wave"}, "earliest_level": null}, {"move": {"name": "embargo"}, "earliest_level": null}, {"move": {"name": "lucky-chant"}, "earliest_level": 27}, {"move": {"name": "copycat"}, "earliest_level": null}, {"move": {"name": "flare-blitz"}, "earliest_level": null}, {"move": {"name": "zen-headbutt"}, "earliest_level": null}, {"move": {"name": "trick-room"}, "earliest_level": null}, {"move": {"name": "grass-knot"}, "earliest_level": null}, {"move": {"name": "wonder-room"}, "earliest_level": null}, {"move": {"name": "psyshock"}, "earliest_level": 34}, {"move": {"name": "telekinesis"}, "earliest_level": null}, {"move": {"name": "magic-room"}, "earliest_level": 53}, {"move": {"name": "flame-charge"}, "earliest_level": 14}, {"move": {"name": "foul-play"}, "earliest_level": null}, {"move": {"name": "round"}, "earliest_level": null}, {"move": {"name": "echoed-voice"}, "earliest_level": null}, {"move": {"name": "stored-power"}, "earliest_level": null}, {"move": {"name": "ally-switch"}, "earliest_level": null}, {"move": {"name": "incinerate"}, "earliest_level": null}, {"move": {"name": "fire-pledge"}, "earliest_level": null}, {"move": {"name": "work-up"}, "earliest_level": null}, {"move": {"name": "confide"}, "earliest_level": null}, {"move": {"name": "power-up-punch"}, "earliest_level": null}, {"move": {"name": "laser-focus"}, "earliest_level": null}, {"move": {"name": "psychic-terrain"}, "earliest_level": null}, {"move": {"name": "burning-jealousy"}, "earliest_level": null}, {"move": {"name": "tera-blast"}, "earliest_level": null}], "species": {"url": "https://pokeapi.co/api/v2/pokemon-species/654/"}, "height": 10, "weight": 145}