{"flavor_text_entries": [{"flavor_text": "SHUPPET is attracted by feelings\nof jealousy and vindictiveness.\nIf someone develops strong feelings of\fvengeance, this POK\u00e9MON will appear\nin a swarm and line up beneath the eaves\nof that person\u2019s home.", "language": {"name": "en", "url": "https://pokeapi.co/api/v2/language/9/"}, "version": {"name": "ruby", "url": "https://pokeapi.co/api/v2/version/7/"}}, {"flavor_text": "SHUPPET grows by feeding on dark\nemotions, such as vengefulness and \nenvy, in the hearts of people.\fIt roams through cities in search of\ngrudges that taint people.", "language": {"name": "en", "url": "https://pokeapi.co/api/v2/language/9/"}, "version": {"name": "sapphire", "url": "https://pokeapi.co/api/v2/version/8/"}}, {"flavor_text": "This POK\u00e9MON roams about deep in the\nnight seeking such negative emotions as\ngrudges and envy. It retreats to its nest\nwhen the sun begins to rise.", "language": {"name": "en", "url": "https://pokeapi.co/api/v2/language/9/"}, "version": {"name": "emerald", "url": "https://pokeapi.co/api/v2/version/9/"}}, {"flavor_text": "It loves to feed on feelings like envy and\nmalice. Its upright horn catches the\nemotions of people.", "language": {"name": "en", "url": "https://pokeapi.co/api/v2/language/9/"}, "version": {"name": "firered", "url": "https://pokeapi.co/api/v2/version/10/"}}, {"flavor_text": "It loves to feed on feelings like envy and\nmalice. Its upright horn catches the\nemotions of people.", "language": {"name": "en", "url": "https://pokeapi.co/api/v2/language/9/"}, "version": {"name": "leafgreen", "url": "https://pokeapi.co/api/v2/version/11/"}}, {"flavor_text": "It loves vengeful emotions and\nhangs in rows under the eaves of\nhouses where vengeful people live.", "language": {"name": "en", "url": "https://pokeapi.co/api/v2/language/9/"}, "version": {"name": "diamond", "url": "https://pokeapi.co/api/v2/version/12/"}}, {"flavor_text": "It loves vengeful emotions and\nhangs in rows under the eaves of\nhouses where vengeful people live.", "language": {"name": "en", "url": "https://pokeapi.co/api/v2/language/9/"}, "version": {"name": "pearl", "url": "https://pokeapi.co/api/v2/version/13/"}}, {"flavor_text": "It loves vengeful emotions and\nhangs in rows under the eaves of\nhouses where vengeful people live.", "language": {"name": "en", "url": "https://pokeapi.co/api/v2/language/9/"}, "version": {"name": "platinum", "url": "https://pokeapi.co/api/v2/version/14/"}}, {"flavor_text": "It uses its horn to feed on envy\nand malice, or so it\u2019s said.\nIt\u2019s very active at night.", "language": {"name": "en", "url": "https://pokeapi.co/api/v2/language/9/"}, "version": {"name": "heartgold", "url": "https://pokeapi.co/api/v2/version/15/"}}, {"flavor_text": "It uses its horn to feed on envy\nand malice, or so it\u2019s said.\nIt\u2019s very active at night.", "language": {"name": "en", "url": "https://pokeapi.co/api/v2/language/9/"}, "version": {"name": "soulsilver", "url": "https://pokeapi.co/api/v2/version/16/"}}, {"flavor_text": "It loves vengeful emotions and\nhangs in rows under the eaves of\nhouses where vengeful people live.", "language": {"name": "en", "url": "https://pokeapi.co/api/v2/language/9/"}, "version": {"name": "black", "url": "https://pokeapi.co/api/v2/version/17/"}}, {"flavor_text": "It loves vengeful emotions and\nhangs in rows under the eaves of\nhouses where vengeful people live.", "language": {"name": "en", "url": "https://pokeapi.co/api/v2/language/9/"}, "version": {"name": "white", "url": "https://pokeapi.co/api/v2/version/18/"}}, {"flavor_text": "It feeds on the dark emotions of\nsadness and hatred, which make it\ngrow steadily stronger.", "language": {"name": "en", "url": "https://pokeapi.co/api/v2/language/9/"}, "version": {"name": "black-2", "url": "https://pokeapi.co/api/v2/version/21/"}}, {"flavor_text": "It feeds on the dark emotions of\nsadness and hatred, which make it\ngrow steadily stronger.", "language": {"name": "en", "url": "https://pokeapi.co/api/v2/language/9/"}, "version": {"name": "white-2", "url": "https://pokeapi.co/api/v2/version/22/"}}, {"flavor_text": "It uses its horn to feed on envy and malice--\nor so it\u2019s said. It\u2019s very active at night.", "language": {"name": "en", "url": "https://pokeapi.co/api/v2/language/9/"}, "version": {"name": "x", "url": "https://pokeapi.co/api/v2/version/23/"}}, {"flavor_text": "It loves vengeful emotions and hangs in rows under\nthe eaves of houses where vengeful people live.", "language": {"name": "en", "url": "https://pokeapi.co/api/v2/language/9/"}, "version": {"name": "y", "url": "https://pokeapi.co/api/v2/version/24/"}}, {"flavor_text": "Shuppet is attracted by feelings of jealousy and vindictiveness.\nIf someone develops strong feelings of vengeance, this\nPok\u00e9mon will appear in a swarm and line up beneath the eaves\nof that person\u2019s home.", "language": {"name": "en", "url": "https://pokeapi.co/api/v2/language/9/"}, "version": {"name": "omega-ruby", "url": "https://pokeapi.co/api/v2/version/25/"}}, {"flavor_text": "Shuppet grows by feeding on dark emotions, such as\nvengefulness and envy, in the hearts of people. It roams\nthrough cities in search of grudges that taint people.", "language": {"name": "en", "url": "https://pokeapi.co/api/v2/language/9/"}, "version": {"name": "alpha-sapphire", "url": "https://pokeapi.co/api/v2/version/26/"}}, {"flavor_text": "It eats up emotions like malice, jealousy, and\nresentment, so some people are grateful for\nits presence.", "language": {"name": "en", "url": "https://pokeapi.co/api/v2/language/9/"}, "version": {"name": "ultra-sun", "url": "https://pokeapi.co/api/v2/version/29/"}}, {"flavor_text": "There\u2019s a proverb that says, \u201cShun the house\nwhere Shuppet gather in the growing dusk.\u201d", "language": {"name": "en", "url": "https://pokeapi.co/api/v2/language/9/"}, "version": {"name": "ultra-moon", "url": "https://pokeapi.co/api/v2/version/30/"}}], "evolution_chain": {"url": "https://pokeapi.co/api/v2/evolution-chain/181/"}}