{
  "base_happiness": 70,
  "capture_rate": 255,
  "color": {
    "name": "brown",
    "url": "https://pokeapi.co/api/v2/pokemon-color/3/"
  },
  "egg_groups": [
    {
      "name": "flying",
      "url": "https://pokeapi.co/api/v2/egg-group/4/"
    }
  ],
  "evolution_chain": {
    "url": "https://pokeapi.co/api/v2/evolution-chain/6/"
  },
  "evolves_from_species": null,
  "flavor_text_entries": [
    {
      "flavor_text": "A common sight in\nforests and woods.\nIt flaps its\fwings at ground\nlevel to kick up\nblinding sand.",
      "language": {
        "name": "en",
        "url": "https://pokeapi.co/api/v2/language/9/"
      },
      "version": {
        "name": "red",
        "url": "https://pokeapi.co/api/v2/version/1/"
      }
    },
    {
      "flavor_text": "A common sight in\nforests and woods.\nIt flaps its\fwings at ground\nlevel to kick up\nblinding sand.",
      "language": {
        "name": "en",
        "url": "https://pokeapi.co/api/v2/language/9/"
      },
      "version": {
        "name": "blue",
        "url": "https://pokeapi.co/api/v2/version/2/"
      }
    },
    {
      "flavor_text": "Very docile. If\nattacked, it will\noften kick up\fsand to protect\nitself rather\nthan fight back.",
      "language": {
        "name": "en",
        "url": "https://pokeapi.co/api/v2/language/9/"
      },
      "version": {
        "name": "yellow",
        "url": "https://pokeapi.co/api/v2/version/3/"
      }
    },
    {
      "flavor_text": "It usually hides\nin tall grass. Be\u00ad\ncause it dislikes\ffighting, it pro\u00ad\ntects itself by\nkicking up sand.",
      "language": {
        "name": "en",
        "url": "https://pokeapi.co/api/v2/language/9/"
      },
      "version": {
        "name": "gold",
        "url": "https://pokeapi.co/api/v2/version/4/"
      }
    },
    {
      "flavor_text": "Common in grassy\nareas and forests,\nit is very docile\fand will chase off\nenemies by flap\u00ad\nping up sand.",
      "language": {
        "name": "en",
        "url": "https://pokeapi.co/api/v2/language/9/"
      },
      "version": {
        "name": "silver",
        "url": "https://pokeapi.co/api/v2/version/5/"
      }
    },
    {
      "flavor_text": "It rapidly flaps\nits wings in the\ngrass, stirring up\fa dust cloud that\ndrives insect prey\nout into the open.",
      "language": {
        "name": "en",
        "url": "https://pokeapi.co/api/v2/language/9/"
      },
      "version": {
        "name": "crystal",
        "url": "https://pokeapi.co/api/v2/version/6/"
      }
    },
    {
      "flavor_text": "PIDGEY has an extremely sharp sense\nof direction.\nIt is capable of unerringly returning\fhome to its nest, however far it may be\nremoved from its familiar surroundings.",
      "language": {
        "name": "en",
        "url": "https://pokeapi.co/api/v2/language/9/"
      },
      "version": {
        "name": "ruby",
        "url": "https://pokeapi.co/api/v2/version/7/"
      }
    },
    {
      "flavor_text": "PIDGEY has an extremely sharp sense\nof direction.\nIt is capable of unerringly returning\fhome to its nest, however far it may be\nremoved from its familiar surroundings.",
      "language": {
        "name": "en",
        "url": "https://pokeapi.co/api/v2/language/9/"
      },
      "version": {
        "name": "sapphire",
        "url": "https://pokeapi.co/api/v2/version/8/"
      }
    },
    {
      "flavor_text": "It has an extremely sharp sense of\ndirection. It can unerringly return home to\nits nest, however far it may be removed\nfrom its familiar surroundings.",
      "language": {
        "name": "en",
        "url": "https://pokeapi.co/api/v2/language/9/"
      },
      "version": {
        "name": "emerald",
        "url": "https://pokeapi.co/api/v2/version/9/"
      }
    },
    {
      "flavor_text": "Does not like to fight. It hides in\ntall grass and so on, foraging for food\nsuch as small bugs.",
      "language": {
        "name": "en",
        "url": "https://pokeapi.co/api/v2/language/9/"
      },
      "version": {
        "name": "firered",
        "url": "https://pokeapi.co/api/v2/version/10/"
      }
    },
    {
      "flavor_text": "A common sight in forests and woods.\nIt flaps its wings at ground level to kick\nup blinding sand.",
      "language": {
        "name": "en",
        "url": "https://pokeapi.co/api/v2/language/9/"
      },
      "version": {
        "name": "leafgreen",
        "url": "https://pokeapi.co/api/v2/version/11/"
      }
    },
    {
      "flavor_text": "It is docile and prefers to avoid\nconflict. If disturbed, however,\nit can ferociously strike back.",
      "language": {
        "name": "en",
        "url": "https://pokeapi.co/api/v2/language/9/"
      },
      "version": {
        "name": "diamond",
        "url": "https://pokeapi.co/api/v2/version/12/"
      }
    },
    {
      "flavor_text": "It is docile and prefers to avoid\nconflict. If disturbed, however,\nit can ferociously strike back.",
      "language": {
        "name": "en",
        "url": "https://pokeapi.co/api/v2/language/9/"
      },
      "version": {
        "name": "pearl",
        "url": "https://pokeapi.co/api/v2/version/13/"
      }
    },
    {
      "flavor_text": "It is docile and prefers to avoid\nconflict. If disturbed, however,\nit can ferociously strike back.",
      "language": {
        "name": "en",
        "url": "https://pokeapi.co/api/v2/language/9/"
      },
      "version": {
        "name": "platinum",
        "url": "https://pokeapi.co/api/v2/version/14/"
      }
    },
    {
      "flavor_text": "It usually hides in tall grass.\nBecause it dislikes fighting,\nit protects itself by kicking up sand.",
      "language": {
        "name": "en",
        "url": "https://pokeapi.co/api/v2/language/9/"
      },
      "version": {
        "name": "heartgold",
        "url": "https://pokeapi.co/api/v2/version/15/"
      }
    },
    {
      "flavor_text": "Common in grassy areas and forests,\nit is very docile and will chase off\nenemies by flapping up sand.",
      "language": {
        "name": "en",
        "url": "https://pokeapi.co/api/v2/language/9/"
      },
      "version": {
        "name": "soulsilver",
        "url": "https://pokeapi.co/api/v2/version/16/"
      }
    },
    {
      "flavor_text": "Ce Pok\u00e9mon docile pr\u00e9f\u00e8re \u00e9viter\nle combat. Toutefois, il se montre\ntr\u00e8s f\u00e9roce quand on l\u2019agresse.",
      "language": {
        "name": "fr",
        "url": "https://pokeapi.co/api/v2/language/5/"
      },
      "version": {
        "name": "black",
        "url": "https://pokeapi.co/api/v2/version/17/"
      }
    },
    {
      "flavor_text": "It is docile and prefers to avoid\nconflict. If disturbed, however,\nit can ferociously strike back.",
      "language": {
        "name": "en",
        "url": "https://pokeapi.co/api/v2/language/9/"
      },
      "version": {
        "name": "black",
        "url": "https://pokeapi.co/api/v2/version/17/"
      }
    },
    {
      "flavor_text": "Ce Pok\u00e9mon docile pr\u00e9f\u00e8re \u00e9viter\nle combat. Toutefois, il se montre\ntr\u00e8s f\u00e9roce quand on l\u2019agresse.",
      "language": {
        "name": "fr",
        "url": "https://pokeapi.co/api/v2/language/5/"
      },
      "version": {
        "name": "white",
        "url": "https://pokeapi.co/api/v2/version/18/"
      }
    },
    {
      "flavor_text": "It is docile and prefers to avoid\nconflict. If disturbed, however,\nit can ferociously strike back.",
      "language": {
        "name": "en",
        "url": "https://pokeapi.co/api/v2/language/9/"
      },
      "version": {
        "name": "white",
        "url": "https://pokeapi.co/api/v2/version/18/"
      }
    },
    {
      "flavor_text": "It is docile and prefers to avoid\nconflict. If disturbed, however,\nit can ferociously strike back.",
      "language": {
        "name": "en",
        "url": "https://pokeapi.co/api/v2/language/9/"
      },
      "version": {
        "name": "black-2",
        "url": "https://pokeapi.co/api/v2/version/21/"
      }
    },
    {
      "flavor_text": "It is docile and prefers to avoid\nconflict. If disturbed, however,\nit can ferociously strike back.",
      "language": {
        "name": "en",
        "url": "https://pokeapi.co/api/v2/language/9/"
      },
      "version": {
        "name": "white-2",
        "url": "https://pokeapi.co/api/v2/version/22/"
      }
    },
    {
      "flavor_text": "\u3082\u308a\u3084\u3000\u306f\u3084\u3057\u306b\u3000\u304a\u304a\u304f\u3000\u3076\u3093\u3077\u3002\n\u3061\u3058\u3087\u3046\u3067\u3082\u3000\u306f\u3052\u3057\u304f\u3000\u306f\u3070\u305f\u3044\u3066\n\u3059\u306a\u3092\u3000\u304b\u3051\u305f\u308a\u3059\u308b\u3002",
      "language": {
        "name": "ja-Hrkt",
        "url": "https://pokeapi.co/api/v2/language/1/"
      },
      "version": {
        "name": "x",
        "url": "https://pokeapi.co/api/v2/version/23/"
      }
    },
    {
      "flavor_text": "\uc232\uc774\ub098 \uc218\ud480\uc5d0 \ub9ce\uc774 \ubd84\ud3ec\ud574 \uc788\ub2e4.\n\ub545\uc5d0\uc11c\ub3c4 \uaca9\ub82c\ud55c \ub0a0\uac2f\uc9d3\uc73c\ub85c\n\ubaa8\ub798\ub97c \ubfcc\ub9ac\uae30\ub3c4 \ud55c\ub2e4.",
      "language": {
        "name": "ko",
        "url": "https://pokeapi.co/api/v2/language/3/"
      },
      "version": {
        "name": "x",
        "url": "https://pokeapi.co/api/v2/version/23/"
      }
    },
    {
      "flavor_text": "On l\u2019aper\u00e7oit souvent dans les for\u00eats. Avec ses ailes,\nil brasse l\u2019air pr\u00e8s du sol pour projeter du sable.",
      "language": {
        "name": "fr",
        "url": "https://pokeapi.co/api/v2/language/5/"
      },
      "version": {
        "name": "x",
        "url": "https://pokeapi.co/api/v2/version/23/"
      }
    },
    {
      "flavor_text": "Ein vorwiegend in W\u00e4ldern lebendes Pok\u00e9mon,\ndas zur Verteidigung mit den Fl\u00fcgeln Sand aufwirbelt.",
      "language": {
        "name": "de",
        "url": "https://pokeapi.co/api/v2/language/6/"
      },
      "version": {
        "name": "x",
        "url": "https://pokeapi.co/api/v2/version/23/"
      }
    },
    {
      "flavor_text": "Muy com\u00fan en bosques y selvas. Aletea al nivel del\nsuelo para levantar la gravilla.",
      "language": {
        "name": "es",
        "url": "https://pokeapi.co/api/v2/language/7/"
      },
      "version": {
        "name": "x",
        "url": "https://pokeapi.co/api/v2/version/23/"
      }
    },
    {
      "flavor_text": "Molto comune in boschi e foreste, sbatte le ali a\nlivello del suolo per sollevare sabbia accecante.",
      "language": {
        "name": "it",
        "url": "https://pokeapi.co/api/v2/language/8/"
      },
      "version": {
        "name": "x",
        "url": "https://pokeapi.co/api/v2/version/23/"
      }
    },
    {
      "flavor_text": "A common sight in forests and woods. It flaps\nits wings at ground level to kick up blinding sand.",
      "language": {
        "name": "en",
        "url": "https://pokeapi.co/api/v2/language/9/"
      },
      "version": {
        "name": "x",
        "url": "https://pokeapi.co/api/v2/version/23/"
      }
    },
    {
      "flavor_text": "\u68ee\u3084\u3000\u6797\u306b\u3000\u591a\u304f\u3000\u5206\u5e03\u3002\n\u5730\u4e0a\u3067\u3082\u3000\u6fc0\u3057\u304f\u3000\u306f\u3070\u305f\u3044\u3066\n\u7802\u3092\u3000\u304b\u3051\u305f\u308a\u3059\u308b\u3002",
      "language": {
        "name": "ja",
        "url": "https://pokeapi.co/api/v2/language/11/"
      },
      "version": {
        "name": "x",
        "url": "https://pokeapi.co/api/v2/version/23/"
      }
    },
    {
      "flavor_text": "\u305f\u305f\u304b\u3044\u3092\u3000\u3053\u306e\u307e\u306a\u3044\u3000\u304a\u3068\u306a\u3057\u3044\n\u305b\u3044\u304b\u304f\u3060\u304c\u3000\u3078\u305f\u306b\u3000\u3066\u3092\u3000\u3060\u3059\u3068\n\u304d\u3087\u3046\u308c\u3064\u306b\u3000\u306f\u3093\u3052\u304d\u3055\u308c\u308b\u305e\u3002",
      "language": {
        "name": "ja-Hrkt",
        "url": "https://pokeapi.co/api/v2/language/1/"
      },
      "version": {
        "name": "y",
        "url": "https://pokeapi.co/api/v2/version/24/"
      }
    },
    {
      "flavor_text": "\uc2f8\uc6c0\uc744 \uc88b\uc544\ud558\uc9c0 \uc54a\ub294 \uc58c\uc804\ud55c\n\uc131\uaca9\uc774\uc9c0\ub9cc \uc5b4\uc124\ud504\uac8c \uac74\ub4dc\ub9ac\uba74\n\uac15\ub825\ud55c \ubc18\uaca9\uc744 \ub2f9\ud558\uac8c \ub41c\ub2e4.",
      "language": {
        "name": "ko",
        "url": "https://pokeapi.co/api/v2/language/3/"
      },
      "version": {
        "name": "y",
        "url": "https://pokeapi.co/api/v2/version/24/"
      }
    },
    {
      "flavor_text": "Ce Pok\u00e9mon docile pr\u00e9f\u00e8re \u00e9viter le combat.\nToutefois, il se montre tr\u00e8s f\u00e9roce quand on l\u2019agresse.",
      "language": {
        "name": "fr",
        "url": "https://pokeapi.co/api/v2/language/5/"
      },
      "version": {
        "name": "y",
        "url": "https://pokeapi.co/api/v2/version/24/"
      }
    },
    {
      "flavor_text": "Reizt man dieses an sich gutm\u00fctige Pok\u00e9mon,\nwehrt es sich w\u00fctend.",
      "language": {
        "name": "de",
        "url": "https://pokeapi.co/api/v2/language/6/"
      },
      "version": {
        "name": "y",
        "url": "https://pokeapi.co/api/v2/version/24/"
      }
    },
    {
      "flavor_text": "Es manso y prefiere evitar los problemas. Sin embargo,\nsi le molestan atacar\u00e1 ferozmente.",
      "language": {
        "name": "es",
        "url": "https://pokeapi.co/api/v2/language/7/"
      },
      "version": {
        "name": "y",
        "url": "https://pokeapi.co/api/v2/version/24/"
      }
    },
    {
      "flavor_text": "\u00c8 docile e preferisce evitare i conflitti. Ma se viene\ndisturbato, contrattacca ferocemente.",
      "language": {
        "name": "it",
        "url": "https://pokeapi.co/api/v2/language/8/"
      },
      "version": {
        "name": "y",
        "url": "https://pokeapi.co/api/v2/version/24/"
      }
    },
    {
      "flavor_text": "It is docile and prefers to avoid conflict.\nIf disturbed, however, it can ferociously strike back.",
      "language": {
        "name": "en",
        "url": "https://pokeapi.co/api/v2/language/9/"
      },
      "version": {
        "name": "y",
        "url": "https://pokeapi.co/api/v2/version/24/"
      }
    },
    {
      "flavor_text": "\u6226\u3044\u3092\u3000\u597d\u307e\u306a\u3044\u3000\u304a\u3068\u306a\u3057\u3044\n\u6027\u683c\u3060\u304c\u3000\u4e0b\u624b\u306b\u3000\u624b\u3092\u3000\u51fa\u3059\u3068\n\u5f37\u70c8\u306b\u3000\u53cd\u6483\u3055\u308c\u308b\u305e\u3002",
      "language": {
        "name": "ja",
        "url": "https://pokeapi.co/api/v2/language/11/"
      },
      "version": {
        "name": "y",
        "url": "https://pokeapi.co/api/v2/version/24/"
      }
    },
    {
      "flavor_text": "\u307b\u3046\u3053\u3046\u3000\u304b\u3093\u304b\u304f\u306b\u3000\u3068\u3066\u3082\u3000\u3059\u3050\u308c\u3066\u3044\u308b\u306e\u3067\n\u3069\u3093\u306a\u306b\u3000\u306f\u306a\u308c\u305f\u3000\u3070\u3057\u3087\u304b\u3089\u3067\u3082\u3000\u307e\u3088\u308f\u305a\u306b\n\u3058\u3076\u3093\u306e\u3000\u3059\u3000\u307e\u3067\u3000\u304b\u3048\u308b\u3000\u3053\u3068\u304c\u3000\u3067\u304d\u308b\u3002",
      "language": {
        "name": "ja-Hrkt",
        "url": "https://pokeapi.co/api/v2/language/1/"
      },
      "version": {
        "name": "omega-ruby",
        "url": "https://pokeapi.co/api/v2/version/25/"
      }
    },
    {
      "flavor_text": "\ubc29\ud5a5 \uac10\uac01\uc774 \ub9e4\uc6b0 \ub6f0\uc5b4\ub098\uc11c\n\uc544\ubb34\ub9ac \uba40\ub9ac \ub5a8\uc5b4\uc9c4 \uacf3\uc5d0\uc11c\ub3c4 \ud5e4\ub9e4\uc9c0 \uc54a\uace0\n\uc790\uc2e0\uc758 \ub465\uc9c0\uae4c\uc9c0 \ucc3e\uc544 \ub3cc\uc544\uc62c \uc218 \uc788\ub2e4.",
      "language": {
        "name": "ko",
        "url": "https://pokeapi.co/api/v2/language/3/"
      },
      "version": {
        "name": "omega-ruby",
        "url": "https://pokeapi.co/api/v2/version/25/"
      }
    },
    {
      "flavor_text": "Roucool a un excellent sens de l\u2019orientation. Il est capable de\nretrouver son nid sans jamais se tromper, m\u00eame s\u2019il est tr\u00e8s\nloin de chez lui et dans un environnement qu\u2019il ne conna\u00eet pas.",
      "language": {
        "name": "fr",
        "url": "https://pokeapi.co/api/v2/language/5/"
      },
      "version": {
        "name": "omega-ruby",
        "url": "https://pokeapi.co/api/v2/version/25/"
      }
    },
    {
      "flavor_text": "Taubsi verf\u00fcgt \u00fcber einen sehr geschulten Orientierungssinn.\nEs kehrt zielsicher zu seinem Nest zur\u00fcck, egal, wie weit es\nsich von seiner gewohnten Umgebung entfernt hat.",
      "language": {
        "name": "de",
        "url": "https://pokeapi.co/api/v2/language/6/"
      },
      "version": {
        "name": "omega-ruby",
        "url": "https://pokeapi.co/api/v2/version/25/"
      }
    },
    {
      "flavor_text": "Pidgey tiene un sentido de la orientaci\u00f3n muy desarrollado.\nEs capaz de regresar a su nido, por lejos que se encuentre\nde las zonas que le resultan familiares.",
      "language": {
        "name": "es",
        "url": "https://pokeapi.co/api/v2/language/7/"
      },
      "version": {
        "name": "omega-ruby",
        "url": "https://pokeapi.co/api/v2/version/25/"
      }
    },
    {
      "flavor_text": "Pidgey ha un senso dell\u2019orientamento molto sviluppato.\n\u00c8 sempre in grado di ritornare al suo nido, anche quando\nsi spinge molto lontano dal suo ambiente abituale.",
      "language": {
        "name": "it",
        "url": "https://pokeapi.co/api/v2/language/8/"
      },
      "version": {
        "name": "omega-ruby",
        "url": "https://pokeapi.co/api/v2/version/25/"
      }
    },
    {
      "flavor_text": "Pidgey has an extremely sharp sense of direction. It is capable\nof unerringly returning home to its nest, however far it may be\nremoved from its familiar surroundings.",
      "language": {
        "name": "en",
        "url": "https://pokeapi.co/api/v2/language/9/"
      },
      "version": {
        "name": "omega-ruby",
        "url": "https://pokeapi.co/api/v2/version/25/"
      }
    },
    {
      "flavor_text": "\u65b9\u5411\u3000\u611f\u899a\u306b\u3000\u3068\u3066\u3082\u3000\u512a\u308c\u3066\u3044\u308b\u306e\u3067\n\u3069\u3093\u306a\u306b\u3000\u96e2\u308c\u305f\u3000\u5834\u6240\u304b\u3089\u3067\u3082\u3000\u8ff7\u308f\u305a\u306b\n\u81ea\u5206\u306e\u3000\u5de3\u3000\u307e\u3067\u3000\u5e30\u308b\u3000\u3053\u3068\u304c\u3000\u3067\u304d\u308b\u3002",
      "language": {
        "name": "ja",
        "url": "https://pokeapi.co/api/v2/language/11/"
      },
      "version": {
        "name": "omega-ruby",
        "url": "https://pokeapi.co/api/v2/version/25/"
      }
    },
    {
      "flavor_text": "\u307b\u3046\u3053\u3046\u3000\u304b\u3093\u304b\u304f\u306b\u3000\u3068\u3066\u3082\u3000\u3059\u3050\u308c\u3066\u3044\u308b\u306e\u3067\n\u3069\u3093\u306a\u306b\u3000\u306f\u306a\u308c\u305f\u3000\u3070\u3057\u3087\u304b\u3089\u3067\u3082\u3000\u307e\u3088\u308f\u305a\u306b\n\u3058\u3076\u3093\u306e\u3000\u3059\u3000\u307e\u3067\u3000\u304b\u3048\u308b\u3000\u3053\u3068\u304c\u3000\u3067\u304d\u308b\u3002",
      "language": {
        "name": "ja-Hrkt",
        "url": "https://pokeapi.co/api/v2/language/1/"
      },
      "version": {
        "name": "alpha-sapphire",
        "url": "https://pokeapi.co/api/v2/version/26/"
      }
    },
    {
      "flavor_text": "\ubc29\ud5a5 \uac10\uac01\uc774 \ub9e4\uc6b0 \ub6f0\uc5b4\ub098\uc11c\n\uc544\ubb34\ub9ac \uba40\ub9ac \ub5a8\uc5b4\uc9c4 \uacf3\uc5d0\uc11c\ub3c4 \ud5e4\ub9e4\uc9c0 \uc54a\uace0\n\uc790\uc2e0\uc758 \ub465\uc9c0\uae4c\uc9c0 \ucc3e\uc544 \ub3cc\uc544\uc62c \uc218 \uc788\ub2e4.",
      "language": {
        "name": "ko",
        "url": "https://pokeapi.co/api/v2/language/3/"
      },
      "version": {
        "name": "alpha-sapphire",
        "url": "https://pokeapi.co/api/v2/version/26/"
      }
    },
    {
      "flavor_text": "Roucool a un excellent sens de l\u2019orientation. Il est capable de\nretrouver son nid sans jamais se tromper, m\u00eame s\u2019il est tr\u00e8s\nloin de chez lui et dans un environnement qu\u2019il ne conna\u00eet pas.",
      "language": {
        "name": "fr",
        "url": "https://pokeapi.co/api/v2/language/5/"
      },
      "version": {
        "name": "alpha-sapphire",
        "url": "https://pokeapi.co/api/v2/version/26/"
      }
    },
    {
      "flavor_text": "Taubsi verf\u00fcgt \u00fcber einen sehr geschulten Orientierungssinn.\nEs kehrt zielsicher zu seinem Nest zur\u00fcck, egal, wie weit es\nsich von seiner gewohnten Umgebung entfernt hat.",
      "language": {
        "name": "de",
        "url": "https://pokeapi.co/api/v2/language/6/"
      },
      "version": {
        "name": "alpha-sapphire",
        "url": "https://pokeapi.co/api/v2/version/26/"
      }
    },
    {
      "flavor_text": "Pidgey tiene un sentido de la orientaci\u00f3n muy desarrollado.\nEs capaz de regresar a su nido, por lejos que se encuentre\nde las zonas que le resultan familiares.",
      "language": {
        "name": "es",
        "url": "https://pokeapi.co/api/v2/language/7/"
      },
      "version": {
        "name": "alpha-sapphire",
        "url": "https://pokeapi.co/api/v2/version/26/"
      }
    },
    {
      "flavor_text": "Pidgey ha un senso dell\u2019orientamento molto sviluppato.\n\u00c8 sempre in grado di ritornare al suo nido, anche quando\nsi spinge molto lontano dal suo ambiente abituale.",
      "language": {
        "name": "it",
        "url": "https://pokeapi.co/api/v2/language/8/"
      },
      "version": {
        "name": "alpha-sapphire",
        "url": "https://pokeapi.co/api/v2/version/26/"
      }
    },
    {
      "flavor_text": "Pidgey has an extremely sharp sense of direction.\nIt is capable of unerringly returning home to its nest,\nhowever far it may be removed from its familiar surroundings.",
      "language": {
        "name": "en",
        "url": "https://pokeapi.co/api/v2/language/9/"
      },
      "version": {
        "name": "alpha-sapphire",
        "url": "https://pokeapi.co/api/v2/version/26/"
      }
    },
    {
      "flavor_text": "\u65b9\u5411\u3000\u611f\u899a\u306b\u3000\u3068\u3066\u3082\u3000\u512a\u308c\u3066\u3044\u308b\u306e\u3067\n\u3069\u3093\u306a\u306b\u3000\u96e2\u308c\u305f\u3000\u5834\u6240\u304b\u3089\u3067\u3082\u3000\u8ff7\u308f\u305a\u306b\n\u81ea\u5206\u306e\u3000\u5de3\u3000\u307e\u3067\u3000\u5e30\u308b\u3000\u3053\u3068\u304c\u3000\u3067\u304d\u308b\u3002",
      "language": {
        "name": "ja",
        "url": "https://pokeapi.co/api/v2/language/11/"
      },
      "version": {
        "name": "alpha-sapphire",
        "url": "https://pokeapi.co/api/v2/version/26/"
      }
    },
    {
      "flavor_text": "\u304a\u3068\u306a\u3057\u3044\u3000\u305b\u3044\u304b\u304f\u3067\u3000\u304a\u305d\u308f\u308c\u3066\u3082\n\u306f\u3093\u3052\u304d\u3000\u305b\u305a\u306b\u3000\u3059\u306a\u3092\u3000\u304b\u3051\u3066\n\u307f\u3092\u3000\u307e\u3082\u308b\u3053\u3068\u304c\u3000\u304a\u304a\u3044\u3002",
      "language": {
        "name": "ja-Hrkt",
        "url": "https://pokeapi.co/api/v2/language/1/"
      },
      "version": {
        "name": "lets-go-pikachu",
        "url": "https://pokeapi.co/api/v2/version/31/"
      }
    },
    {
      "flavor_text": "\uc58c\uc804\ud55c \uc131\uaca9\uc774\ub77c \uc2b5\uaca9\ub2f9\ud574\ub3c4\n\ubc18\uaca9\ud558\uc9c0 \uc54a\uace0 \ubaa8\ub798\ub97c \ubfcc\ub824\uc11c\n\ubab8\uc744 \uc9c0\ud0a4\ub294 \uacbd\uc6b0\uac00 \ub9ce\ub2e4.",
      "language": {
        "name": "ko",
        "url": "https://pokeapi.co/api/v2/language/3/"
      },
      "version": {
        "name": "lets-go-pikachu",
        "url": "https://pokeapi.co/api/v2/version/31/"
      }
    },
    {
      "flavor_text": "\u6027\u60c5\u6eab\u99b4\uff0c\u5373\u4f7f\u906d\u5230\u8972\u64ca\n\u4e5f\u5f88\u5c11\u53cd\u64ca\uff0c\u53ea\u6703\u671d\u5c0d\u624b\n\u6f51\u6c99\u5b50\u4f86\u4fdd\u8b77\u81ea\u5df1\u3002",
      "language": {
        "name": "zh-Hant",
        "url": "https://pokeapi.co/api/v2/language/4/"
      },
      "version": {
        "name": "lets-go-pikachu",
        "url": "https://pokeapi.co/api/v2/version/31/"
      }
    },
    {
      "flavor_text": "De nature tr\u00e8s docile, il pr\u00e9f\u00e8re projeter\ndu sable pour se d\u00e9fendre plut\u00f4t que\ncontre-attaquer.",
      "language": {
        "name": "fr",
        "url": "https://pokeapi.co/api/v2/language/5/"
      },
      "version": {
        "name": "lets-go-pikachu",
        "url": "https://pokeapi.co/api/v2/version/31/"
      }
    },
    {
      "flavor_text": "Ein sanftm\u00fctiges Pok\u00e9mon, welches lieber Sand\nzum Schutz aufwirbelt, als zur\u00fcckzuschlagen.",
      "language": {
        "name": "de",
        "url": "https://pokeapi.co/api/v2/language/6/"
      },
      "version": {
        "name": "lets-go-pikachu",
        "url": "https://pokeapi.co/api/v2/version/31/"
      }
    },
    {
      "flavor_text": "Su docilidad es tal que suelen defenderse\nlevantando arena en lugar de contraatacar.",
      "language": {
        "name": "es",
        "url": "https://pokeapi.co/api/v2/language/7/"
      },
      "version": {
        "name": "lets-go-pikachu",
        "url": "https://pokeapi.co/api/v2/version/31/"
      }
    },
    {
      "flavor_text": "Di indole docile, preferisce gettare sabbia\nverso il nemico per proteggersi piuttosto\nche attaccarlo.",
      "language": {
        "name": "it",
        "url": "https://pokeapi.co/api/v2/language/8/"
      },
      "version": {
        "name": "lets-go-pikachu",
        "url": "https://pokeapi.co/api/v2/version/31/"
      }
    },
    {
      "flavor_text": "Very docile. If attacked, it will often kick up\nsand to protect itself rather than fight back.",
      "language": {
        "name": "en",
        "url": "https://pokeapi.co/api/v2/language/9/"
      },
      "version": {
        "name": "lets-go-pikachu",
        "url": "https://pokeapi.co/api/v2/version/31/"
      }
    },
    {
      "flavor_text": "\u304a\u3068\u306a\u3057\u3044\u3000\u6027\u683c\u3067\u3000\u8972\u308f\u308c\u3066\u3082\n\u53cd\u6483\u3000\u305b\u305a\u306b\u3000\u7802\u3092\u3000\u304b\u3051\u3066\n\u8eab\u3092\u3000\u5b88\u308b\u3053\u3068\u304c\u3000\u591a\u3044\u3002",
      "language": {
        "name": "ja",
        "url": "https://pokeapi.co/api/v2/language/11/"
      },
      "version": {
        "name": "lets-go-pikachu",
        "url": "https://pokeapi.co/api/v2/version/31/"
      }
    },
    {
      "flavor_text": "\u6027\u683c\u6c89\u7740\u51b7\u9759\uff0c\u5373\u4f7f\u53d7\u5230\n\u653b\u51fb\u4e5f\u5f88\u5c11\u53cd\u51fb\uff0c\u53ea\u4f1a\u671d\n\u5bf9\u624b\u626c\u8d77\u6c99\u5b50\u4fdd\u62a4\u81ea\u5df1\u3002",
      "language": {
        "name": "zh-Hans",
        "url": "https://pokeapi.co/api/v2/language/12/"
      },
      "version": {
        "name": "lets-go-pikachu",
        "url": "https://pokeapi.co/api/v2/version/31/"
      }
    },
    {
      "flavor_text": "\u304a\u3068\u306a\u3057\u3044\u3000\u305b\u3044\u304b\u304f\u3067\u3000\u304a\u305d\u308f\u308c\u3066\u3082\n\u306f\u3093\u3052\u304d\u3000\u305b\u305a\u306b\u3000\u3059\u306a\u3092\u3000\u304b\u3051\u3066\n\u307f\u3092\u3000\u307e\u3082\u308b\u3053\u3068\u304c\u3000\u304a\u304a\u3044\u3002",
      "language": {
        "name": "ja-Hrkt",
        "url": "https://pokeapi.co/api/v2/language/1/"
      },
      "version": {
        "name": "lets-go-eevee",
        "url": "https://pokeapi.co/api/v2/version/32/"
      }
    },
    {
      "flavor_text": "\uc58c\uc804\ud55c \uc131\uaca9\uc774\ub77c \uc2b5\uaca9\ub2f9\ud574\ub3c4\n\ubc18\uaca9\ud558\uc9c0 \uc54a\uace0 \ubaa8\ub798\ub97c \ubfcc\ub824\uc11c\n\ubab8\uc744 \uc9c0\ud0a4\ub294 \uacbd\uc6b0\uac00 \ub9ce\ub2e4.",
      "language": {
        "name": "ko",
        "url": "https://pokeapi.co/api/v2/language/3/"
      },
      "version": {
        "name": "lets-go-eevee",
        "url": "https://pokeapi.co/api/v2/version/32/"
      }
    },
    {
      "flavor_text": "\u6027\u60c5\u6eab\u99b4\uff0c\u5373\u4f7f\u906d\u5230\u8972\u64ca\n\u4e5f\u5f88\u5c11\u53cd\u64ca\uff0c\u53ea\u6703\u671d\u5c0d\u624b\n\u6f51\u6c99\u5b50\u4f86\u4fdd\u8b77\u81ea\u5df1\u3002",
      "language": {
        "name": "zh-Hant",
        "url": "https://pokeapi.co/api/v2/language/4/"
      },
      "version": {
        "name": "lets-go-eevee",
        "url": "https://pokeapi.co/api/v2/version/32/"
      }
    },
    {
      "flavor_text": "De nature tr\u00e8s docile, il pr\u00e9f\u00e8re projeter\ndu sable pour se d\u00e9fendre plut\u00f4t que\ncontre-attaquer.",
      "language": {
        "name": "fr",
        "url": "https://pokeapi.co/api/v2/language/5/"
      },
      "version": {
        "name": "lets-go-eevee",
        "url": "https://pokeapi.co/api/v2/version/32/"
      }
    },
    {
      "flavor_text": "Ein sanftm\u00fctiges Pok\u00e9mon, welches lieber Sand\nzum Schutz aufwirbelt, als zur\u00fcckzuschlagen.",
      "language": {
        "name": "de",
        "url": "https://pokeapi.co/api/v2/language/6/"
      },
      "version": {
        "name": "lets-go-eevee",
        "url": "https://pokeapi.co/api/v2/version/32/"
      }
    },
    {
      "flavor_text": "Su docilidad es tal que suelen defenderse\nlevantando arena en lugar de contraatacar.",
      "language": {
        "name": "es",
        "url": "https://pokeapi.co/api/v2/language/7/"
      },
      "version": {
        "name": "lets-go-eevee",
        "url": "https://pokeapi.co/api/v2/version/32/"
      }
    },
    {
      "flavor_text": "Di indole docile, preferisce gettare sabbia\nverso il nemico per proteggersi piuttosto\nche attaccarlo.",
      "language": {
        "name": "it",
        "url": "https://pokeapi.co/api/v2/language/8/"
      },
      "version": {
        "name": "lets-go-eevee",
        "url": "https://pokeapi.co/api/v2/version/32/"
      }
    },
    {
      "flavor_text": "Very docile. If attacked, it will often kick up\nsand to protect itself rather than fight back.",
      "language": {
        "name": "en",
        "url": "https://pokeapi.co/api/v2/language/9/"
      },
      "version": {
        "name": "lets-go-eevee",
        "url": "https://pokeapi.co/api/v2/version/32/"
      }
    },
    {
      "flavor_text": "\u304a\u3068\u306a\u3057\u3044\u3000\u6027\u683c\u3067\u3000\u8972\u308f\u308c\u3066\u3082\n\u53cd\u6483\u3000\u305b\u305a\u306b\u3000\u7802\u3092\u3000\u304b\u3051\u3066\n\u8eab\u3092\u3000\u5b88\u308b\u3053\u3068\u304c\u3000\u591a\u3044\u3002",
      "language": {
        "name": "ja",
        "url": "https://pokeapi.co/api/v2/language/11/"
      },
      "version": {
        "name": "lets-go-eevee",
        "url": "https://pokeapi.co/api/v2/version/32/"
      }
    },
    {
      "flavor_text": "\u6027\u683c\u6c89\u7740\u51b7\u9759\uff0c\u5373\u4f7f\u53d7\u5230\n\u653b\u51fb\u4e5f\u5f88\u5c11\u53cd\u51fb\uff0c\u53ea\u4f1a\u671d\n\u5bf9\u624b\u626c\u8d77\u6c99\u5b50\u4fdd\u62a4\u81ea\u5df1\u3002",
      "language": {
        "name": "zh-Hans",
        "url": "https://pokeapi.co/api/v2/language/12/"
      },
      "version": {
        "name": "lets-go-eevee",
        "url": "https://pokeapi.co/api/v2/version/32/"
      }
    }
  ],
  "form_descriptions": [],
  "forms_switchable": false,
  "gender_rate": 4,
  "genera": [
    {
      "genus": "\u3053\u3068\u308a\u30dd\u30b1\u30e2\u30f3",
      "language": {
        "name": "ja-Hrkt",
        "url": "https://pokeapi.co/api/v2/language/1/"
      }
    },
    {
      "genus": "\uc544\uae30\uc0c8\ud3ec\ucf13\ubaac",
      "language": {
        "name": "ko",
        "url": "https://pokeapi.co/api/v2/language/3/"
      }
    },
    {
      "genus": "\u5c0f\u9ce5\u5bf6\u53ef\u5922",
      "language": {
        "name": "zh-Hant",
        "url": "https://pokeapi.co/api/v2/language/4/"
      }
    },
    {
      "genus": "Pok\u00e9mon Minoiseau",
      "language": {
        "name": "fr",
        "url": "https://pokeapi.co/api/v2/language/5/"
      }
    },
    {
      "genus": "Kleinvogel",
      "language": {
        "name": "de",
        "url": "https://pokeapi.co/api/v2/language/6/"
      }
    },
    {
      "genus": "Pok\u00e9mon Pajarito",
      "language": {
        "name": "es",
        "url": "https://pokeapi.co/api/v2/language/7/"
      }
    },
    {
      "genus": "Pok\u00e9mon Uccellino",
      "language": {
        "name": "it",
        "url": "https://pokeapi.co/api/v2/language/8/"
      }
    },
    {
      "genus": "Tiny Bird Pok\u00e9mon",
      "language": {
        "name": "en",
        "url": "https://pokeapi.co/api/v2/language/9/"
      }
    },
    {
      "genus": "\u3053\u3068\u308a\u30dd\u30b1\u30e2\u30f3",
      "language": {
        "name": "ja",
        "url": "https://pokeapi.co/api/v2/language/11/"
      }
    },
    {
      "genus": "\u5c0f\u9e1f\u5b9d\u53ef\u68a6",
      "language": {
        "name": "zh-Hans",
        "url": "https://pokeapi.co/api/v2/language/12/"
      }
    }
  ],
  "generation": {
    "name": "generation-i",
    "url": "https://pokeapi.co/api/v2/generation/1/"
  },
  "growth_rate": {
    "name": "medium-slow",
    "url": "https://pokeapi.co/api/v2/growth-rate/4/"
  },
  "habitat": {
    "name": "forest",
    "url": "https://pokeapi.co/api/v2/pokemon-habitat/2/"
  },
  "has_gender_differences": false,
  "hatch_counter": 15,
  "id": 16,
  "is_baby": false,
  "is_legendary": false,
  "is_mythical": false,
  "name": "pidgey",
  "names": [
    {
      "language": {
        "name": "ja-Hrkt",
        "url": "https://pokeapi.co/api/v2/language/1/"
      },
      "name": "\u30dd\u30c3\u30dd"
    },
    {
      "language": {
        "name": "roomaji",
        "url": "https://pokeapi.co/api/v2/language/2/"
      },
      "name": "Poppo"
    },
    {
      "language": {
        "name": "ko",
        "url": "https://pokeapi.co/api/v2/language/3/"
      },
      "name": "\uad6c\uad6c"
    },
    {
      "language": {
        "name": "zh-Hant",
        "url": "https://pokeapi.co/api/v2/language/4/"
      },
      "name": "\u6ce2\u6ce2"
    },
    {
      "language": {
        "name": "fr",
        "url": "https://pokeapi.co/api/v2/language/5/"
      },
      "name": "Roucool"
    },
    {
      "language": {
        "name": "de",
        "url": "https://pokeapi.co/api/v2/language/6/"
      },
      "name": "Taubsi"
    },
    {
      "language": {
        "name": "es",
        "url": "https://pokeapi.co/api/v2/language/7/"
      },
      "name": "Pidgey"
    },
    {
      "language": {
        "name": "it",
        "url": "https://pokeapi.co/api/v2/language/8/"
      },
      "name": "Pidgey"
    },
    {
      "language": {
        "name": "en",
        "url": "https://pokeapi.co/api/v2/language/9/"
      },
      "name": "Pidgey"
    },
    {
      "language": {
        "name": "ja",
        "url": "https://pokeapi.co/api/v2/language/11/"
      },
      "name": "\u30dd\u30c3\u30dd"
    },
    {
      "language": {
        "name": "zh-Hans",
        "url": "https://pokeapi.co/api/v2/language/12/"
      },
      "name": "\u6ce2\u6ce2"
    }
  ],
  "order": 16,
  "pal_park_encounters": [
    {
      "area": {
        "name": "field",
        "url": "https://pokeapi.co/api/v2/pal-park-area/2/"
      },
      "base_score": 30,
      "rate": 50
    }
  ],
  "pokedex_numbers": [
    {
      "entry_number": 16,
      "pokedex": {
        "name": "national",
        "url": "https://pokeapi.co/api/v2/pokedex/1/"
      }
    },
    {
      "entry_number": 16,
      "pokedex": {
        "name": "kanto",
        "url": "https://pokeapi.co/api/v2/pokedex/2/"
      }
    },
    {
      "entry_number": 10,
      "pokedex": {
        "name": "original-johto",
        "url": "https://pokeapi.co/api/v2/pokedex/3/"
      }
    },
    {
      "entry_number": 10,
      "pokedex": {
        "name": "updated-johto",
        "url": "https://pokeapi.co/api/v2/pokedex/7/"
      }
    },
    {
      "entry_number": 17,
      "pokedex": {
        "name": "kalos-central",
        "url": "https://pokeapi.co/api/v2/pokedex/12/"
      }
    },
    {
      "entry_number": 16,
      "pokedex": {
        "name": "letsgo-kanto",
        "url": "https://pokeapi.co/api/v2/pokedex/26/"
      }
    },
    {
      "entry_number": 21,
      "pokedex": {
        "name": "lumiose-city",
        "url": "https://pokeapi.co/api/v2/pokedex/34/"
      }
    }
  ],
  "shape": {
    "name": "wings",
    "url": "https://pokeapi.co/api/v2/pokemon-shape/9/"
  },
  "varieties": [
    {
      "is_default": true,
      "pokemon": {
        "name": "pidgey",
        "url": "https://pokeapi.co/api/v2/pokemon/16/"
      }
    }
  ]
}