{"flavor_text_entries": [{"flavor_text": "This intelligent Pok\u00e9mon has a very daring disposition. It knocks rocks into the sky with its hammer, aiming for flying Corviknight.", "language": {"name": "en", "url": "https://pokeapi.co/api/v2/language/9/"}, "version": {"name": "scarlet", "url": "https://pokeapi.co/api/v2/version/40/"}}, {"flavor_text": "The hammer tops 220 pounds, yet it gets swung around easily by Tinkaton as it steals whatever it pleases and carries its plunder back home.", "language": {"name": "en", "url": "https://pokeapi.co/api/v2/language/9/"}, "version": {"name": "violet", "url": "https://pokeapi.co/api/v2/version/41/"}}], "evolution_chain": {"url": "https://pokeapi.co/api/v2/evolution-chain/501/"}}