{"id": 469, "name": "yanmega", "types": [{"slot": 1, "type": {"name": "bug", "url": "https://pokeapi.co/api/v2/type/7/"}}, {"slot": 2, "type": {"name": "flying", "url": "https://pokeapi.co/api/v2/type/3/"}}], "stats": [{"base_stat": 86, "effort": 0, "stat": {"name": "hp", "url": "https://pokeapi.co/api/v2/stat/1/"}}, {"base_stat": 76, "effort": 2, "stat": {"name": "attack", "url": "https://pokeapi.co/api/v2/stat/2/"}}, {"base_stat": 86, "effort": 0, "stat": {"name": "defense", "url": "https://pokeapi.co/api/v2/stat/3/"}}, {"base_stat": 116, "effort": 0, "stat": {"name": "special-attack", "url": "https://pokeapi.co/api/v2/stat/4/"}}, {"base_stat": 56, "effort": 0, "stat": {"name": "special-defense", "url": "https://pokeapi.co/api/v2/stat/5/"}}, {"base_stat": 95, "effort": 0, "stat": {"name": "speed", "url": "https://pokeapi.co/api/v2/stat/6/"}}], "abilities": [{"ability": {"name": "speed-boost", "url": "https://pokeapi.co/api/v2/ability/3/"}, "is_hidden": false, "slot": 1}, {"ability": {"name": "tinted-lens", "url": "https://pokeapi.co/api/v2/ability/110/"}, "is_hidden": false, "slot": 2}, {"ability": {"name": "frisk", "url": "https://pokeapi.co/api/v2/ability/119/"}, "is_hidden": true, "slot": 3}], "sprites": {"front_default": "https://raw.githubusercontent.com/PokeAPI/sprites/master/sprites/pokemon/469.png"}, "moves": [{"move": {"name": "swords-dance"}, "earliest_level": null}, {"move": {"name": "gust"}, "earliest_level": 1}, {"move": {"name": "wing-attack"}, "earliest_level": 1}, {"move": {"name": "whirlwind"}, "earliest_level": null}, {"move": {"name": "headbutt"}, "earliest_level": null}, {"move": {"name": "tackle"}, "earliest_level": 1}, {"move": {"name": "take-down"}, "earliest_level": null}, {"move": {"name": "double-edge"}, "earliest_level": null}, {"move": {"name": "supersonic"}, "earliest_level": 22}, {"move": {"name": "sonic-boom"}, "earliest_level": 14}, {"move": {"name": "hyper-beam"}, "earliest_level": null}, {"move": {"name": "solar-beam"}, "earliest_level": null}, {"move": {"name": "string-shot"}, "earliest_level": 30}, {"move": {"name": "toxic"}, "earliest_level": null}, {"move": {"name": "psychic"}, "earliest_level": null}, {"move": {"name": "hypnosis"}, "earliest_level": 1}, {"move": {"name": "quick-attack"}, "earliest_level": 1}, {"move": {"name": "screech"}, "earliest_level": 43}, {"move": {"name": "double-team"}, "earliest_level": 1}, {"move": {"name": "swift"}, "earliest_level": null}, {"move": {"name": "dream-eater"}, "earliest_level": null}, {"move": {"name": "leech-life"}, "earliest_level": null}, {"move": {"name": "flash"}, "earliest_level": null}, {"move": {"name": "rest"}, "earliest_level": null}, {"move": {"name": "slash"}, "earliest_level": 38}, {"move": {"name": "substitute"}, "earliest_level": null}, {"move": {"name": "thief"}, "earliest_level": null}, {"move": {"name": "snore"}, "earliest_level": null}, {"move": {"name": "reversal"}, "earliest_level": null}, {"move": {"name": "protect"}, "earliest_level": null}, {"move": {"name": "scary-face"}, "earliest_level": null}, {"move": {"name": "mud-slap"}, "earliest_level": null}, {"move": {"name": "foresight"}, "earliest_level": 1}, {"move": {"name": "detect"}, "earliest_level": 17}, {"move": {"name": "giga-drain"}, "earliest_level": null}, {"move": {"name": "endure"}, "earliest_level": null}, {"move": {"name": "swagger"}, "earliest_level": null}, {"move": {"name": "steel-wing"}, "earliest_level": null}, {"move": {"name": "attract"}, "earliest_level": null}, {"move": {"name": "sleep-talk"}, "earliest_level": null}, {"move": {"name": "return"}, "earliest_level": null}, {"move": {"name": "frustration"}, "earliest_level": null}, {"move": {"name": "pursuit"}, "earliest_level": 30}, {"move": {"name": "hidden-power"}, "earliest_level": null}, {"move": {"name": "sunny-day"}, "earliest_level": null}, {"move": {"name": "crunch"}, "earliest_level": 43}, {"move": {"name": "psych-up"}, "earliest_level": null}, {"move": {"name": "ancient-power"}, "earliest_level": 33}, {"move": {"name": "shadow-ball"}, "earliest_level": null}, {"move": {"name": "uproar"}, "earliest_level": 27}, {"move": {"name": "facade"}, "earliest_level": null}, {"move": {"name": "secret-power"}, "earliest_level": null}, {"move": {"name": "air-cutter"}, "earliest_level": null}, {"move": {"name": "silver-wind"}, "earliest_level": 11}, {"move": {"name": "signal-beam"}, "earliest_level": null}, {"move": {"name": "aerial-ace"}, "earliest_level": 14}, {"move": {"name": "roost"}, "earliest_level": null}, {"move": {"name": "natural-gift"}, "earliest_level": null}, {"move": {"name": "feint"}, "earliest_level": 38}, {"move": {"name": "tailwind"}, "earliest_level": null}, {"move": {"name": "u-turn"}, "earliest_level": 46}, {"move": {"name": "night-slash"}, "earliest_level": 1}, {"move": {"name": "air-slash"}, "earliest_level": 1}, {"move": {"name": "bug-buzz"}, "earliest_level": 1}, {"move": {"name": "giga-impact"}, "earliest_level": null}, {"move": {"name": "defog"}, "earliest_level": null}, {"move": {"name": "captivate"}, "earliest_level": null}, {"move": {"name": "bug-bite"}, "earliest_level": 1}, {"move": {"name": "ominous-wind"}, "earliest_level": null}, {"move": {"name": "round"}, "earliest_level": null}, {"move": {"name": "struggle-bug"}, "earliest_level": null}, {"move": {"name": "confide"}, "earliest_level": null}, {"move": {"name": "laser-focus"}, "earliest_level": null}, {"move": {"name": "lunge"}, "earliest_level": null}, {"move": {"name": "skitter-smack"}, "earliest_level": null}, {"move": {"name": "dual-wingbeat"}, "earliest_level": null}, {"move": {"name": "tera-blast"}, "earliest_level": null}, {"move": {"name": "pounce"}, "earliest_level": null}, {"move": {"name": "psychic-noise"}, "earliest_level": null}], "species": {"url": "https://pokeapi.co/api/v2/pokemon-species/469/"}, "height": 19, "weight": 515}