{
  "base_happiness": 70,
  "capture_rate": 45,
  "color": {
    "name": "pink",
    "url": "https://pokeapi.co/api/v2/pokemon-color/6/"
  },
  "egg_groups": [
    {
      "name": "ground",
      "url": "https://pokeapi.co/api/v2/egg-group/5/"
    }
  ],
  "evolution_chain": {
    "url": "https://pokeapi.co/api/v2/evolution-chain/122/"
  },
  "evolves_from_species": null,
  "flavor_text_entries": [
    {
      "flavor_text": "Si tiene cr\u00edas, la leche que produce contiene muchos\nm\u00e1s nutrientes de lo normal.",
      "language": {
        "name": "es",
        "url": "https://pokeapi.co/api/v2/language/7/"
      },
      "version": {
        "name": "x",
        "url": "https://pokeapi.co/api/v2/version/23/"
      }
    },
    {
      "flavor_text": "Its milk is packed\nwith nutrition,\nmaking it the\fultimate beverage\nfor the sick or\nweary.",
      "language": {
        "name": "en",
        "url": "https://pokeapi.co/api/v2/language/9/"
      },
      "version": {
        "name": "gold",
        "url": "https://pokeapi.co/api/v2/version/4/"
      }
    },
    {
      "flavor_text": "If it has just had\na baby, the milk\nit produces con\u00ad\ftains much more\nnutrition than\nusual.",
      "language": {
        "name": "en",
        "url": "https://pokeapi.co/api/v2/language/9/"
      },
      "version": {
        "name": "silver",
        "url": "https://pokeapi.co/api/v2/version/5/"
      }
    },
    {
      "flavor_text": "In order to milk a\nMILTANK, one must\nhave a knack for\frhythmically pull\u00ad\ning up and down\non its udders.",
      "language": {
        "name": "en",
        "url": "https://pokeapi.co/api/v2/language/9/"
      },
      "version": {
        "name": "crystal",
        "url": "https://pokeapi.co/api/v2/version/6/"
      }
    },
    {
      "flavor_text": "MILTANK gives over five gallons of milk\non a daily basis. Its sweet milk is\nenjoyed by children and grown-ups alike.\fPeople who can\u2019t drink milk turn it into\nyogurt and eat it instead.",
      "language": {
        "name": "en",
        "url": "https://pokeapi.co/api/v2/language/9/"
      },
      "version": {
        "name": "ruby",
        "url": "https://pokeapi.co/api/v2/version/7/"
      }
    },
    {
      "flavor_text": "MILTANK gives over five gallons of milk\non a daily basis. Its sweet milk is\nenjoyed by children and grown-ups alike.\fPeople who can\u2019t drink milk turn it into\nyogurt and eat it instead.",
      "language": {
        "name": "en",
        "url": "https://pokeapi.co/api/v2/language/9/"
      },
      "version": {
        "name": "sapphire",
        "url": "https://pokeapi.co/api/v2/version/8/"
      }
    },
    {
      "flavor_text": "It gives over five gallons of milk daily.\nIts sweet milk is enjoyed by children and\ngrown-ups alike. People who can\u2019t drink\nmilk turn it into yogurt and eat it instead.",
      "language": {
        "name": "en",
        "url": "https://pokeapi.co/api/v2/language/9/"
      },
      "version": {
        "name": "emerald",
        "url": "https://pokeapi.co/api/v2/version/9/"
      }
    },
    {
      "flavor_text": "If it has just had a baby, the milk it\nproduces contains much more nutrition than\nusual.",
      "language": {
        "name": "en",
        "url": "https://pokeapi.co/api/v2/language/9/"
      },
      "version": {
        "name": "firered",
        "url": "https://pokeapi.co/api/v2/version/10/"
      }
    },
    {
      "flavor_text": "Its milk is packed with nutrition, making\nit the ultimate beverage for the sick or\nweary.",
      "language": {
        "name": "en",
        "url": "https://pokeapi.co/api/v2/language/9/"
      },
      "version": {
        "name": "leafgreen",
        "url": "https://pokeapi.co/api/v2/version/11/"
      }
    },
    {
      "flavor_text": "It is said that kids who drink\nMILTANK\u2019s milk grow up to become\nhearty, healthy adults.",
      "language": {
        "name": "en",
        "url": "https://pokeapi.co/api/v2/language/9/"
      },
      "version": {
        "name": "diamond",
        "url": "https://pokeapi.co/api/v2/version/12/"
      }
    },
    {
      "flavor_text": "It is said that kids who drink\nMILTANK\u2019s milk grow up to become\nhearty, healthy adults.",
      "language": {
        "name": "en",
        "url": "https://pokeapi.co/api/v2/language/9/"
      },
      "version": {
        "name": "pearl",
        "url": "https://pokeapi.co/api/v2/version/13/"
      }
    },
    {
      "flavor_text": "It is said that kids who drink\nMILTANK\u2019s milk grow up to become\nhearty, healthy adults.",
      "language": {
        "name": "en",
        "url": "https://pokeapi.co/api/v2/language/9/"
      },
      "version": {
        "name": "platinum",
        "url": "https://pokeapi.co/api/v2/version/14/"
      }
    },
    {
      "flavor_text": "Its milk is packed with nutrition,\nmaking it the ultimate beverage\nfor the sick or weary.",
      "language": {
        "name": "en",
        "url": "https://pokeapi.co/api/v2/language/9/"
      },
      "version": {
        "name": "heartgold",
        "url": "https://pokeapi.co/api/v2/version/15/"
      }
    },
    {
      "flavor_text": "If it is around babies, the milk\nit produces contains much more\nnutrition than usual.",
      "language": {
        "name": "en",
        "url": "https://pokeapi.co/api/v2/language/9/"
      },
      "version": {
        "name": "soulsilver",
        "url": "https://pokeapi.co/api/v2/version/16/"
      }
    },
    {
      "flavor_text": "On raconte que les enfants \u00e9lev\u00e9s\nau lait d\u2019\u00c9cr\u00e9meuh deviennent des\nadultes braves et robustes.",
      "language": {
        "name": "fr",
        "url": "https://pokeapi.co/api/v2/language/5/"
      },
      "version": {
        "name": "black",
        "url": "https://pokeapi.co/api/v2/version/17/"
      }
    },
    {
      "flavor_text": "It is said that kids who drink\nMiltank\u2019s milk grow up to become\nhearty, healthy adults.",
      "language": {
        "name": "en",
        "url": "https://pokeapi.co/api/v2/language/9/"
      },
      "version": {
        "name": "black",
        "url": "https://pokeapi.co/api/v2/version/17/"
      }
    },
    {
      "flavor_text": "On raconte que les enfants \u00e9lev\u00e9s\nau lait d\u2019\u00c9cr\u00e9meuh deviennent des\nadultes braves et robustes.",
      "language": {
        "name": "fr",
        "url": "https://pokeapi.co/api/v2/language/5/"
      },
      "version": {
        "name": "white",
        "url": "https://pokeapi.co/api/v2/version/18/"
      }
    },
    {
      "flavor_text": "It is said that kids who drink\nMiltank\u2019s milk grow up to become\nhearty, healthy adults.",
      "language": {
        "name": "en",
        "url": "https://pokeapi.co/api/v2/language/9/"
      },
      "version": {
        "name": "white",
        "url": "https://pokeapi.co/api/v2/version/18/"
      }
    },
    {
      "flavor_text": "It is said that kids who drink\nMiltank\u2019s milk grow up to become\nhearty, healthy adults.",
      "language": {
        "name": "en",
        "url": "https://pokeapi.co/api/v2/language/9/"
      },
      "version": {
        "name": "black-2",
        "url": "https://pokeapi.co/api/v2/version/21/"
      }
    },
    {
      "flavor_text": "It is said that kids who drink\nMiltank\u2019s milk grow up to become\nhearty, healthy adults.",
      "language": {
        "name": "en",
        "url": "https://pokeapi.co/api/v2/language/9/"
      },
      "version": {
        "name": "white-2",
        "url": "https://pokeapi.co/api/v2/version/22/"
      }
    },
    {
      "flavor_text": "\u3053\u3069\u3082\u304c\u3000\u3046\u307e\u308c\u305f\u3068\u304d\u306b\n\u3057\u307c\u3089\u308c\u305f\u3000\u30df\u30eb\u30af\u306b\u306f\u3000\u3044\u3064\u3082\u3088\u308a\n\u3048\u3044\u3088\u3046\u304c\u3000\u305f\u3063\u3077\u308a\u3000\u3064\u307e\u3063\u3066\u3044\u308b\u3002",
      "language": {
        "name": "ja-Hrkt",
        "url": "https://pokeapi.co/api/v2/language/1/"
      },
      "version": {
        "name": "x",
        "url": "https://pokeapi.co/api/v2/version/23/"
      }
    },
    {
      "flavor_text": "\uc0c8\ub07c\uac00 \ud0dc\uc5b4\ub0ac\uc744 \ub54c\uc5d0\n\uc9dc\ub0b8 \uc6b0\uc720\ub294 \ud3c9\uc0c1\uc2dc\ubcf4\ub2e4\n\uc601\uc591\uc774 \ub4ec\ubfcd \ub2f4\uaca8 \uc788\ub2e4.",
      "language": {
        "name": "ko",
        "url": "https://pokeapi.co/api/v2/language/3/"
      },
      "version": {
        "name": "x",
        "url": "https://pokeapi.co/api/v2/version/23/"
      }
    },
    {
      "flavor_text": "Si elle vient d\u2019avoir un petit, son lait est bien plus\nnutritif que d\u2019habitude.",
      "language": {
        "name": "fr",
        "url": "https://pokeapi.co/api/v2/language/5/"
      },
      "version": {
        "name": "x",
        "url": "https://pokeapi.co/api/v2/version/23/"
      }
    },
    {
      "flavor_text": "Wenn es gerade ein Junges hat, dann enth\u00e4lt\nseine Milch mehr N\u00e4hrstoffe als gew\u00f6hnlich.",
      "language": {
        "name": "de",
        "url": "https://pokeapi.co/api/v2/language/6/"
      },
      "version": {
        "name": "x",
        "url": "https://pokeapi.co/api/v2/version/23/"
      }
    },
    {
      "flavor_text": "Se ha appena avuto un piccolo, il latte che produce\n\u00e8 molto pi\u00f9 nutriente del normale.",
      "language": {
        "name": "it",
        "url": "https://pokeapi.co/api/v2/language/8/"
      },
      "version": {
        "name": "x",
        "url": "https://pokeapi.co/api/v2/version/23/"
      }
    },
    {
      "flavor_text": "If it is around babies, the milk it produces contains\nmuch more nutrition than usual.",
      "language": {
        "name": "en",
        "url": "https://pokeapi.co/api/v2/language/9/"
      },
      "version": {
        "name": "x",
        "url": "https://pokeapi.co/api/v2/version/23/"
      }
    },
    {
      "flavor_text": "\u5b50\u4f9b\u304c\u3000\u751f\u307e\u308c\u305f\u3068\u304d\u306b\n\u3057\u307c\u3089\u308c\u305f\u3000\u30df\u30eb\u30af\u306b\u306f\u3000\u3044\u3064\u3082\u3088\u308a\n\u6804\u990a\u304c\u3000\u305f\u3063\u3077\u308a\u3000\u3064\u307e\u3063\u3066\u3044\u308b\u3002",
      "language": {
        "name": "ja",
        "url": "https://pokeapi.co/api/v2/language/11/"
      },
      "version": {
        "name": "x",
        "url": "https://pokeapi.co/api/v2/version/23/"
      }
    },
    {
      "flavor_text": "\u30df\u30eb\u30af\u306f\u3000\u3048\u3044\u3088\u3046\u307e\u3093\u3066\u3093\u3002\n\u304a\u3068\u3057\u3088\u308a\u3084\u3000\u3073\u3087\u3046\u304d\u306e\u3000\u3072\u3068\u306b\n\u3068\u3063\u3066\u3000\u3055\u3044\u3053\u3046\u306e\u3000\u306e\u307f\u3082\u306e\u3002",
      "language": {
        "name": "ja-Hrkt",
        "url": "https://pokeapi.co/api/v2/language/1/"
      },
      "version": {
        "name": "y",
        "url": "https://pokeapi.co/api/v2/version/24/"
      }
    },
    {
      "flavor_text": "\uc6b0\uc720\ub294 \uc601\uc591 \ub9cc\uc810\uc774\ub2e4.\n\ub178\uc778\uacfc \ubcd1\ub4e0 \uc0ac\ub78c\uc5d0\uac8c\n\ucd5c\uace0\uc758 \uc74c\ub8cc\uc218\ub2e4.",
      "language": {
        "name": "ko",
        "url": "https://pokeapi.co/api/v2/language/3/"
      },
      "version": {
        "name": "y",
        "url": "https://pokeapi.co/api/v2/version/24/"
      }
    },
    {
      "flavor_text": "Son lait est tr\u00e8s nutritif. C\u2019est une boisson parfaite\npour les malades et les personnes \u00e2g\u00e9es.",
      "language": {
        "name": "fr",
        "url": "https://pokeapi.co/api/v2/language/5/"
      },
      "version": {
        "name": "y",
        "url": "https://pokeapi.co/api/v2/version/24/"
      }
    },
    {
      "flavor_text": "Aufgrund der vielen N\u00e4hrstoffe stellt seine Milch\ndas ideale Getr\u00e4nk f\u00fcr Kranke und Schwache dar.",
      "language": {
        "name": "de",
        "url": "https://pokeapi.co/api/v2/language/6/"
      },
      "version": {
        "name": "y",
        "url": "https://pokeapi.co/api/v2/version/24/"
      }
    },
    {
      "flavor_text": "Su leche, rica en nutrientes, es la mejor bebida contra\nel cansancio y la enfermedad.",
      "language": {
        "name": "es",
        "url": "https://pokeapi.co/api/v2/language/7/"
      },
      "version": {
        "name": "y",
        "url": "https://pokeapi.co/api/v2/version/24/"
      }
    },
    {
      "flavor_text": "Il suo latte \u00e8 ricco di sostanze nutrienti, che ne\nfanno il miglior rimedio per chi \u00e8 stanco o malato.",
      "language": {
        "name": "it",
        "url": "https://pokeapi.co/api/v2/language/8/"
      },
      "version": {
        "name": "y",
        "url": "https://pokeapi.co/api/v2/version/24/"
      }
    },
    {
      "flavor_text": "Its milk is packed with nutrition, making it the\nultimate beverage for the sick or weary.",
      "language": {
        "name": "en",
        "url": "https://pokeapi.co/api/v2/language/9/"
      },
      "version": {
        "name": "y",
        "url": "https://pokeapi.co/api/v2/version/24/"
      }
    },
    {
      "flavor_text": "\u30df\u30eb\u30af\u306f\u3000\u6804\u990a\u6e80\u70b9\u3002\n\u304a\u5e74\u5bc4\u308a\u3084\u3000\u75c5\u6c17\u306e\u3000\u4eba\u306b\u3000\u3068\u3063\u3066\n\u6700\u9ad8\u306e\u3000\u98f2\u307f\u7269\u3002",
      "language": {
        "name": "ja",
        "url": "https://pokeapi.co/api/v2/language/11/"
      },
      "version": {
        "name": "y",
        "url": "https://pokeapi.co/api/v2/version/24/"
      }
    },
    {
      "flavor_text": "\u307e\u3044\u306b\u3061\u3000\uff12\uff10\u30ea\u30c3\u30c8\u30eb\u306e\u3000\u30df\u30eb\u30af\u3092\u3000\u3060\u3059\u3002\n\u3042\u307e\u3044\u3000\u30df\u30eb\u30af\u306f\u3000\u304a\u3068\u306a\u3082\u3000\u3053\u3069\u3082\u3082\u3000\u3060\u3044\u3059\u304d\u3002\n\u306b\u304c\u3066\u306a\u3000\u3072\u3068\u306f\u3000\u30e8\u30fc\u30b0\u30eb\u30c8\u306b\u3057\u3066\u3000\u305f\u3079\u3066\u3044\u308b\u3002",
      "language": {
        "name": "ja-Hrkt",
        "url": "https://pokeapi.co/api/v2/language/1/"
      },
      "version": {
        "name": "omega-ruby",
        "url": "https://pokeapi.co/api/v2/version/25/"
      }
    },
    {
      "flavor_text": "\ub9e4\uc77c 20\ub9ac\ud130\uc758 \uc6b0\uc720\uac00 \ub098\uc628\ub2e4.\n\ub2ec\ucf64\ud55c \uc6b0\uc720\ub294 \uc5b4\ub978\ub3c4 \uc544\uc774\ub3c4 \ub9e4\uc6b0 \uc88b\uc544\ud55c\ub2e4.\n\uc2eb\uc5b4\ud558\ub294 \uc0ac\ub78c\uc740 \uc694\uad6c\ub974\ud2b8\ub85c \ub9cc\ub4e4\uc5b4 \uba39\ub294\ub2e4.",
      "language": {
        "name": "ko",
        "url": "https://pokeapi.co/api/v2/language/3/"
      },
      "version": {
        "name": "omega-ruby",
        "url": "https://pokeapi.co/api/v2/version/25/"
      }
    },
    {
      "flavor_text": "\u00c9cr\u00e9meuh produit plus de 20 l de lait par jour.\nSon lait sucr\u00e9 fait le bonheur des petits et des grands.\nLes gens qui ne boivent pas de lait en font du yaourt.",
      "language": {
        "name": "fr",
        "url": "https://pokeapi.co/api/v2/language/5/"
      },
      "version": {
        "name": "omega-ruby",
        "url": "https://pokeapi.co/api/v2/version/25/"
      }
    },
    {
      "flavor_text": "Miltank gibt t\u00e4glich 20 l Milch. Sie ist s\u00fc\u00dflich und wird\nvon Kindern und Erwachsenen gleicherma\u00dfen genossen.\nMenschen, die keine Milch trinken, essen sie stattdessen\nals Joghurt.",
      "language": {
        "name": "de",
        "url": "https://pokeapi.co/api/v2/language/6/"
      },
      "version": {
        "name": "omega-ruby",
        "url": "https://pokeapi.co/api/v2/version/25/"
      }
    },
    {
      "flavor_text": "Miltank da al d\u00eda 20 l de una leche dulce que es la delicia de\npeque\u00f1os y mayores. Aquellos que no pueden tomarla, se\ndecantan por los yogures.",
      "language": {
        "name": "es",
        "url": "https://pokeapi.co/api/v2/language/7/"
      },
      "version": {
        "name": "omega-ruby",
        "url": "https://pokeapi.co/api/v2/version/25/"
      }
    },
    {
      "flavor_text": "Miltank produce 20 litri di latte al giorno. Il latte \u00e8 apprezzato\nda adulti e bambini perch\u00e9 leggermente dolce. Chi non pu\u00f2\nbere latte, lo usa per farne uno yogurt squisito.",
      "language": {
        "name": "it",
        "url": "https://pokeapi.co/api/v2/language/8/"
      },
      "version": {
        "name": "omega-ruby",
        "url": "https://pokeapi.co/api/v2/version/25/"
      }
    },
    {
      "flavor_text": "Miltank gives over five gallons of milk on a daily basis.\nIts sweet milk is enjoyed by children and grown-ups alike.\nPeople who can\u2019t drink milk turn it into yogurt and eat\nit instead.",
      "language": {
        "name": "en",
        "url": "https://pokeapi.co/api/v2/language/9/"
      },
      "version": {
        "name": "omega-ruby",
        "url": "https://pokeapi.co/api/v2/version/25/"
      }
    },
    {
      "flavor_text": "\u6bce\u65e5\u3000\uff12\uff10\u30ea\u30c3\u30c8\u30eb\u306e\u3000\u30df\u30eb\u30af\u3092\u3000\u3060\u3059\u3002\n\u7518\u3044\u3000\u30df\u30eb\u30af\u306f\u3000\u5927\u4eba\u3082\u3000\u5b50\u3069\u3082\u3082\u3000\u5927\u597d\u304d\u3002\n\u82e6\u624b\u306a\u3000\u4eba\u306f\u3000\u30e8\u30fc\u30b0\u30eb\u30c8\u306b\u3057\u3066\u3000\u98df\u3079\u3066\u3044\u308b\u3002",
      "language": {
        "name": "ja",
        "url": "https://pokeapi.co/api/v2/language/11/"
      },
      "version": {
        "name": "omega-ruby",
        "url": "https://pokeapi.co/api/v2/version/25/"
      }
    },
    {
      "flavor_text": "\u307e\u3044\u306b\u3061\u3000\uff12\uff10\u30ea\u30c3\u30c8\u30eb\u306e\u3000\u30df\u30eb\u30af\u3092\u3000\u3060\u3059\u3002\n\u3042\u307e\u3044\u3000\u30df\u30eb\u30af\u306f\u3000\u304a\u3068\u306a\u3082\u3000\u3053\u3069\u3082\u3082\u3000\u3060\u3044\u3059\u304d\u3002\n\u306b\u304c\u3066\u306a\u3000\u3072\u3068\u306f\u3000\u30e8\u30fc\u30b0\u30eb\u30c8\u306b\u3057\u3066\u3000\u305f\u3079\u3066\u3044\u308b\u3002",
      "language": {
        "name": "ja-Hrkt",
        "url": "https://pokeapi.co/api/v2/language/1/"
      },
      "version": {
        "name": "alpha-sapphire",
        "url": "https://pokeapi.co/api/v2/version/26/"
      }
    },
    {
      "flavor_text": "\ub9e4\uc77c 20\ub9ac\ud130\uc758 \uc6b0\uc720\uac00 \ub098\uc628\ub2e4.\n\ub2ec\ucf64\ud55c \uc6b0\uc720\ub294 \uc5b4\ub978\ub3c4 \uc544\uc774\ub3c4 \ub9e4\uc6b0 \uc88b\uc544\ud55c\ub2e4.\n\uc2eb\uc5b4\ud558\ub294 \uc0ac\ub78c\uc740 \uc694\uad6c\ub974\ud2b8\ub85c \ub9cc\ub4e4\uc5b4 \uba39\ub294\ub2e4.",
      "language": {
        "name": "ko",
        "url": "https://pokeapi.co/api/v2/language/3/"
      },
      "version": {
        "name": "alpha-sapphire",
        "url": "https://pokeapi.co/api/v2/version/26/"
      }
    },
    {
      "flavor_text": "\u00c9cr\u00e9meuh produit plus de 20 l de lait par jour.\nSon lait sucr\u00e9 fait le bonheur des petits et des grands.\nLes gens qui ne boivent pas de lait en font du yaourt.",
      "language": {
        "name": "fr",
        "url": "https://pokeapi.co/api/v2/language/5/"
      },
      "version": {
        "name": "alpha-sapphire",
        "url": "https://pokeapi.co/api/v2/version/26/"
      }
    },
    {
      "flavor_text": "Miltank gibt t\u00e4glich 20 l Milch. Sie ist s\u00fc\u00dflich und wird\nvon Kindern und Erwachsenen gleicherma\u00dfen genossen.\nMenschen, die keine Milch trinken, essen sie stattdessen\nals Joghurt.",
      "language": {
        "name": "de",
        "url": "https://pokeapi.co/api/v2/language/6/"
      },
      "version": {
        "name": "alpha-sapphire",
        "url": "https://pokeapi.co/api/v2/version/26/"
      }
    },
    {
      "flavor_text": "Miltank da al d\u00eda 20 l de una leche dulce que es la delicia de\npeque\u00f1os y mayores. Aquellos que no pueden tomarla, se\ndecantan por los yogures.",
      "language": {
        "name": "es",
        "url": "https://pokeapi.co/api/v2/language/7/"
      },
      "version": {
        "name": "alpha-sapphire",
        "url": "https://pokeapi.co/api/v2/version/26/"
      }
    },
    {
      "flavor_text": "Miltank produce 20 litri di latte al giorno. Il latte \u00e8 apprezzato\nda adulti e bambini perch\u00e9 leggermente dolce. Chi non pu\u00f2\nbere latte, lo usa per farne uno yogurt squisito.",
      "language": {
        "name": "it",
        "url": "https://pokeapi.co/api/v2/language/8/"
      },
      "version": {
        "name": "alpha-sapphire",
        "url": "https://pokeapi.co/api/v2/version/26/"
      }
    },
    {
      "flavor_text": "Miltank gives over five gallons of milk on a daily basis. Its\nsweet milk is enjoyed by children and grown-ups alike. People\nwho can\u2019t drink milk turn it into yogurt and eat it instead.",
      "language": {
        "name": "en",
        "url": "https://pokeapi.co/api/v2/language/9/"
      },
      "version": {
        "name": "alpha-sapphire",
        "url": "https://pokeapi.co/api/v2/version/26/"
      }
    },
    {
      "flavor_text": "\u6bce\u65e5\u3000\uff12\uff10\u30ea\u30c3\u30c8\u30eb\u306e\u3000\u30df\u30eb\u30af\u3092\u3000\u3060\u3059\u3002\n\u7518\u3044\u3000\u30df\u30eb\u30af\u306f\u3000\u5927\u4eba\u3082\u3000\u5b50\u3069\u3082\u3082\u3000\u5927\u597d\u304d\u3002\n\u82e6\u624b\u306a\u3000\u4eba\u306f\u3000\u30e8\u30fc\u30b0\u30eb\u30c8\u306b\u3057\u3066\u3000\u98df\u3079\u3066\u3044\u308b\u3002",
      "language": {
        "name": "ja",
        "url": "https://pokeapi.co/api/v2/language/11/"
      },
      "version": {
        "name": "alpha-sapphire",
        "url": "https://pokeapi.co/api/v2/version/26/"
      }
    },
    {
      "flavor_text": "\u305d\u306e\u30df\u30eb\u30af\u306f\u3000\u3048\u3044\u3088\u3046\u307e\u3093\u3066\u3093\u3067\n\u3053\u3046\u30ab\u30ed\u30ea\u30fc\u3002\u3000\u3086\u3048\u306b\u3000\u306e\u307f\u3059\u304e\u308b\u3068\n\u30df\u30eb\u30bf\u30f3\u30af\u307f\u305f\u3044\u306a\u3000\u305f\u3044\u3051\u3044\u306b\u3000\u306a\u308b\u3002",
      "language": {
        "name": "ja-Hrkt",
        "url": "https://pokeapi.co/api/v2/language/1/"
      },
      "version": {
        "name": "sun",
        "url": "https://pokeapi.co/api/v2/version/27/"
      }
    },
    {
      "flavor_text": "\uadf8 \uc6b0\uc720\ub294 \uc601\uc591 \ub9cc\uc810\uc5d0\n\uace0\uce7c\ub85c\ub9ac\uc774\ub2e4. \uace0\ub85c \ub108\ubb34 \ub9ce\uc774\n\ub9c8\uc2dc\uba74 \ubc00\ud0f1\ud06c \uac19\uc740 \uccb4\ud615\uc774 \ub41c\ub2e4.",
      "language": {
        "name": "ko",
        "url": "https://pokeapi.co/api/v2/language/3/"
      },
      "version": {
        "name": "sun",
        "url": "https://pokeapi.co/api/v2/version/27/"
      }
    },
    {
      "flavor_text": "\u7260\u7684\u725b\u5976\u71df\u990a\u8c50\u5bcc\u4e14\u71b1\u91cf\u5f88\u9ad8\u3002\n\u5982\u679c\u98f2\u7528\u904e\u91cf\u7684\u8a71\n\u5c31\u6703\u8b8a\u6210\u5927\u5976\u7f50\u822c\u7684\u9ad4\u578b\u3002",
      "language": {
        "name": "zh-Hant",
        "url": "https://pokeapi.co/api/v2/language/4/"
      },
      "version": {
        "name": "sun",
        "url": "https://pokeapi.co/api/v2/version/27/"
      }
    },
    {
      "flavor_text": "Son lait est aussi nutritif qu\u2019hypercalorique.\n\u00c0 consommer avec mod\u00e9ration, sous peine de\nfinir avec une silhouette \u00ab\u202f\u00c9cr\u00e9meuh-esque\u202f\u00bb.",
      "language": {
        "name": "fr",
        "url": "https://pokeapi.co/api/v2/language/5/"
      },
      "version": {
        "name": "sun",
        "url": "https://pokeapi.co/api/v2/version/27/"
      }
    },
    {
      "flavor_text": "Seine Milch ist kalorienreich und enth\u00e4lt viele\nN\u00e4hrstoffe. Trinkt man zu viel davon, hat man\nallerdings selbst bald eine Figur wie Miltank.",
      "language": {
        "name": "de",
        "url": "https://pokeapi.co/api/v2/language/6/"
      },
      "version": {
        "name": "sun",
        "url": "https://pokeapi.co/api/v2/version/27/"
      }
    },
    {
      "flavor_text": "La leche que produce Miltank tiene muchas\ncalor\u00edas y es muy nutritiva. Si bebes demasiada,\ntu cuerpo se empezar\u00e1 a parecer al suyo.",
      "language": {
        "name": "es",
        "url": "https://pokeapi.co/api/v2/language/7/"
      },
      "version": {
        "name": "sun",
        "url": "https://pokeapi.co/api/v2/version/27/"
      }
    },
    {
      "flavor_text": "Il suo latte \u00e8 ricco di sostanze nutritive e molto\ncalorico. Se se ne beve troppo, si finisce per\navere quello che si definisce \u201cgirovita Miltank\u201d.",
      "language": {
        "name": "it",
        "url": "https://pokeapi.co/api/v2/language/8/"
      },
      "version": {
        "name": "sun",
        "url": "https://pokeapi.co/api/v2/version/27/"
      }
    },
    {
      "flavor_text": "Its milk is high in calories and packed with\nnutrients. Therefore, if you drink too much of it,\nyou may wind up with a body like Miltank\u2019s.",
      "language": {
        "name": "en",
        "url": "https://pokeapi.co/api/v2/language/9/"
      },
      "version": {
        "name": "sun",
        "url": "https://pokeapi.co/api/v2/version/27/"
      }
    },
    {
      "flavor_text": "\u305d\u306e\u30df\u30eb\u30af\u306f\u3000\u6804\u990a\u6e80\u70b9\u3067\n\u9ad8\u30ab\u30ed\u30ea\u30fc\u3002\u3000\u3086\u3048\u306b\u3000\u98f2\u307f\u3059\u304e\u308b\u3068\n\u30df\u30eb\u30bf\u30f3\u30af\u307f\u305f\u3044\u306a\u3000\u4f53\u578b\u306b\u3000\u306a\u308b\u3002",
      "language": {
        "name": "ja",
        "url": "https://pokeapi.co/api/v2/language/11/"
      },
      "version": {
        "name": "sun",
        "url": "https://pokeapi.co/api/v2/version/27/"
      }
    },
    {
      "flavor_text": "\u8fd9\u6b3e\u725b\u5976\u8425\u517b\u4e30\u5bcc\u4e14\u70ed\u91cf\u5f88\u9ad8\u3002\n\u6240\u4ee5\u996e\u7528\u8fc7\u91cf\u7684\u8bdd\n\u5c31\u4f1a\u53d8\u6210\u5927\u5976\u7f50\u90a3\u6837\u7684\u4f53\u578b\u3002",
      "language": {
        "name": "zh-Hans",
        "url": "https://pokeapi.co/api/v2/language/12/"
      },
      "version": {
        "name": "sun",
        "url": "https://pokeapi.co/api/v2/version/27/"
      }
    },
    {
      "flavor_text": "\u30df\u30eb\u30af\u3092\u3000\u3068\u308b\u305f\u3081\u3000\u305d\u3060\u3066\u308b\u3000\u3072\u3068\u304c\n\u307b\u3068\u3093\u3069\u3060\u304c\u3000\u304b\u306a\u308a\u3000\u305f\u304f\u307e\u3057\u304f\u3066\n\u30bf\u30d5\u306a\u306e\u3067\u3000\u305f\u305f\u304b\u3044\u306b\u3082\u3000\u3080\u3044\u3066\u3044\u308b\u3002",
      "language": {
        "name": "ja-Hrkt",
        "url": "https://pokeapi.co/api/v2/language/1/"
      },
      "version": {
        "name": "moon",
        "url": "https://pokeapi.co/api/v2/version/28/"
      }
    },
    {
      "flavor_text": "\uc6b0\uc720\ub97c \uc5bb\uae30 \uc704\ud574 \ud0a4\uc6b0\ub294 \uc0ac\ub78c\uc774\n\ub300\ubd80\ubd84\uc774\uc9c0\ub9cc \uc0c1\ub2f9\ud788 \ub2a0\ub984\ud558\uace0\n\ud130\ud504\ud574\uc11c \uc2f8\uc6c0\uc5d0\ub3c4 \uc801\ud569\ud558\ub2e4.",
      "language": {
        "name": "ko",
        "url": "https://pokeapi.co/api/v2/language/3/"
      },
      "version": {
        "name": "moon",
        "url": "https://pokeapi.co/api/v2/version/28/"
      }
    },
    {
      "flavor_text": "\u4eba\u5011\u5e7e\u4e4e\u90fd\u662f\u70ba\u4e86\u751f\u7522\u9bae\u5976\u800c\u57f9\u80b2\u7260\uff0c\n\u4f46\u56e0\u70ba\u76f8\u7576\u5f37\u58ef\u548c\u7d50\u5be6\uff0c\n\u4e5f\u5f88\u9069\u5408\u53c3\u52a0\u6230\u9b25\u3002",
      "language": {
        "name": "zh-Hant",
        "url": "https://pokeapi.co/api/v2/language/4/"
      },
      "version": {
        "name": "moon",
        "url": "https://pokeapi.co/api/v2/version/28/"
      }
    },
    {
      "flavor_text": "Ce Pok\u00e9mon est surtout \u00e9lev\u00e9 pour son lait,\nbien que sa stature imposante en fasse un\nPok\u00e9mon de combat tout \u00e0 fait respectable.",
      "language": {
        "name": "fr",
        "url": "https://pokeapi.co/api/v2/language/5/"
      },
      "version": {
        "name": "moon",
        "url": "https://pokeapi.co/api/v2/version/28/"
      }
    },
    {
      "flavor_text": "Den meisten Menschen dient Miltank in erster\nLinie als Milchlieferant, doch es ist stark genug,\num auch im Kampf eine gute Figur abzugeben.",
      "language": {
        "name": "de",
        "url": "https://pokeapi.co/api/v2/language/6/"
      },
      "version": {
        "name": "moon",
        "url": "https://pokeapi.co/api/v2/version/28/"
      }
    },
    {
      "flavor_text": "La mayor\u00eda de la gente cr\u00eda Miltank por su leche,\npero al ser tan resistente, este Pok\u00e9mon\ntambi\u00e9n puede usarse para combatir.",
      "language": {
        "name": "es",
        "url": "https://pokeapi.co/api/v2/language/7/"
      },
      "version": {
        "name": "moon",
        "url": "https://pokeapi.co/api/v2/version/28/"
      }
    },
    {
      "flavor_text": "Viene allevato principalmente per il latte,\nma poich\u00e9 \u00e8 piuttosto forte e robusto,\n\u00e8 efficace anche nelle lotte.",
      "language": {
        "name": "it",
        "url": "https://pokeapi.co/api/v2/language/8/"
      },
      "version": {
        "name": "moon",
        "url": "https://pokeapi.co/api/v2/version/28/"
      }
    },
    {
      "flavor_text": "Most people raise it for its milk, but it\u2019s quite\ntough and strong, so it\u2019s also well suited\nfor battle.",
      "language": {
        "name": "en",
        "url": "https://pokeapi.co/api/v2/language/9/"
      },
      "version": {
        "name": "moon",
        "url": "https://pokeapi.co/api/v2/version/28/"
      }
    },
    {
      "flavor_text": "\u30df\u30eb\u30af\u3092\u3000\u63a1\u308b\u305f\u3081\u3000\u80b2\u3066\u308b\u3000\u4eba\u304c\n\u307b\u3068\u3093\u3069\u3060\u304c\u3000\u304b\u306a\u308a\u3000\u305f\u304f\u307e\u3057\u304f\u3066\n\u30bf\u30d5\u306a\u306e\u3067\u3000\u6226\u3044\u306b\u3082\u3000\u5411\u3044\u3066\u3044\u308b\u3002",
      "language": {
        "name": "ja",
        "url": "https://pokeapi.co/api/v2/language/11/"
      },
      "version": {
        "name": "moon",
        "url": "https://pokeapi.co/api/v2/version/28/"
      }
    },
    {
      "flavor_text": "\u4eba\u4eec\u51e0\u4e4e\u90fd\u662f\u4e3a\u4e86\u91c7\u96c6\u725b\u5976\u800c\u57f9\u80b2\u5b83\uff0c\n\u4f46\u56e0\u4e3a\u76f8\u5f53\u5f3a\u58ee\u548c\u7ed3\u5b9e\uff0c\n\u4e5f\u4f1a\u7528\u6765\u6218\u6597\u3002",
      "language": {
        "name": "zh-Hans",
        "url": "https://pokeapi.co/api/v2/language/12/"
      },
      "version": {
        "name": "moon",
        "url": "https://pokeapi.co/api/v2/version/28/"
      }
    },
    {
      "flavor_text": "\u3072\u306b\u3000\uff12\uff10\u30ea\u30c3\u30c8\u30eb\u306e\u3000\u3061\u3061\u3092\u3000\u3060\u3059\u3002\n\u307c\u304f\u305d\u3046\u306e\u3000\u3057\u3064\u304c\u3000\u3088\u3044\u3000\u3068\u3061\u307b\u3069\n\u3060\u3059\u3000\u30df\u30eb\u30af\u306f\u3000\u30b3\u30af\u304c\u3042\u308a\u3000\u3046\u307e\u3044\u3002",
      "language": {
        "name": "ja-Hrkt",
        "url": "https://pokeapi.co/api/v2/language/1/"
      },
      "version": {
        "name": "ultra-sun",
        "url": "https://pokeapi.co/api/v2/version/29/"
      }
    },
    {
      "flavor_text": "\ud558\ub8e8\uc5d0 20\ub9ac\ud130\uc758 \uc816\uc744 \uc9e0\ub2e4.\n\ubaa9\ucd08\uc758 \uc9c8\uc774 \uc88b\uc740 \uc0b0\uc9c0\uc77c\uc218\ub85d\n\ubc00\ud06c\ub294 \uc9c4\ud574\uc11c \ub9db\uc788\ub2e4.",
      "language": {
        "name": "ko",
        "url": "https://pokeapi.co/api/v2/language/3/"
      },
      "version": {
        "name": "ultra-sun",
        "url": "https://pokeapi.co/api/v2/version/29/"
      }
    },
    {
      "flavor_text": "\u6bcf\u5929\u80fd\u751f\u7522\uff12\uff10\u516c\u5347\u7684\u9bae\u5976\u3002\n\u7576\u5730\u7684\u7267\u8349\u8d8a\u662f\u512a\u8cea\uff0c\n\u7260\u6240\u751f\u7522\u7684\u9bae\u5976\u5c31\u8d8a\u9999\u6fc3\u7f8e\u5473\u3002",
      "language": {
        "name": "zh-Hant",
        "url": "https://pokeapi.co/api/v2/language/4/"
      },
      "version": {
        "name": "ultra-sun",
        "url": "https://pokeapi.co/api/v2/version/29/"
      }
    },
    {
      "flavor_text": "Les 20 litres de lait qu\u2019il produit chaque jour\ngagneront en saveur et en caract\u00e8re s\u2019il vit\ndans un p\u00e2turage de bonne qualit\u00e9.",
      "language": {
        "name": "fr",
        "url": "https://pokeapi.co/api/v2/language/5/"
      },
      "version": {
        "name": "ultra-sun",
        "url": "https://pokeapi.co/api/v2/version/29/"
      }
    },
    {
      "flavor_text": "Es gibt t\u00e4glich 20 l Milch. Je besser die Qualit\u00e4t\ndes Grases ist, desto schmackhafter ist sie.",
      "language": {
        "name": "de",
        "url": "https://pokeapi.co/api/v2/language/6/"
      },
      "version": {
        "name": "ultra-sun",
        "url": "https://pokeapi.co/api/v2/version/29/"
      }
    },
    {
      "flavor_text": "Produce 20 litros de leche al d\u00eda, que es m\u00e1s\nsabrosa cuanto mejor sea el pasto.",
      "language": {
        "name": "es",
        "url": "https://pokeapi.co/api/v2/language/7/"
      },
      "version": {
        "name": "ultra-sun",
        "url": "https://pokeapi.co/api/v2/version/29/"
      }
    },
    {
      "flavor_text": "Produce 20 litri di latte al giorno. Pi\u00f9 alta \u00e8 la\nqualit\u00e0 del pascolo, pi\u00f9 gustoso sar\u00e0 il latte.",
      "language": {
        "name": "it",
        "url": "https://pokeapi.co/api/v2/language/8/"
      },
      "version": {
        "name": "ultra-sun",
        "url": "https://pokeapi.co/api/v2/version/29/"
      }
    },
    {
      "flavor_text": "It produces over five gallons of milk a day. The\nhigher the quality of the pastures it lives in,\nthe richer and tastier its milk becomes.",
      "language": {
        "name": "en",
        "url": "https://pokeapi.co/api/v2/language/9/"
      },
      "version": {
        "name": "ultra-sun",
        "url": "https://pokeapi.co/api/v2/version/29/"
      }
    },
    {
      "flavor_text": "\u65e5\u306b\u3000\uff12\uff10\u30ea\u30c3\u30c8\u30eb\u306e\u3000\u4e73\u3092\u3000\u51fa\u3059\u3002\n\u7267\u8349\u306e\u3000\u8cea\u304c\u3000\u826f\u3044\u3000\u571f\u5730\u307b\u3069\n\u51fa\u3059\u3000\u30df\u30eb\u30af\u306f\u3000\u30b3\u30af\u304c\u3042\u308a\u3000\u7f8e\u5473\u3044\u3002",
      "language": {
        "name": "ja",
        "url": "https://pokeapi.co/api/v2/language/11/"
      },
      "version": {
        "name": "ultra-sun",
        "url": "https://pokeapi.co/api/v2/version/29/"
      }
    },
    {
      "flavor_text": "\u6bcf\u5929\u80fd\u4ea7\u51fa\uff12\uff10\u5347\u7684\u725b\u5976\u3002\n\u8d8a\u662f\u80fd\u957f\u51fa\u4f18\u8d28\u7267\u8349\u7684\u571f\u5730\uff0c\n\u5b83\u6240\u4ea7\u51fa\u7684\u725b\u5976\u4e5f\u5c31\u8d8a\u9999\u6d53\u53ef\u53e3\u3002",
      "language": {
        "name": "zh-Hans",
        "url": "https://pokeapi.co/api/v2/language/12/"
      },
      "version": {
        "name": "ultra-sun",
        "url": "https://pokeapi.co/api/v2/version/29/"
      }
    },
    {
      "flavor_text": "\u30df\u30eb\u30af\u306f\u3000\u304a\u3044\u3057\u304f\u3000\u3048\u3044\u3088\u3046\u307e\u3093\u3066\u3093\u3002\n\u305f\u3060\u3057\u3000\u306e\u307f\u3059\u304e\u308b\u3068\u3000\u304a\u306a\u304b\u304c\n\u304f\u3060\u308b\u3053\u3068\u3082\u3000\u3042\u308b\u306e\u3067\u3000\u3061\u3085\u3046\u3044\u3060\u3002",
      "language": {
        "name": "ja-Hrkt",
        "url": "https://pokeapi.co/api/v2/language/1/"
      },
      "version": {
        "name": "ultra-moon",
        "url": "https://pokeapi.co/api/v2/version/30/"
      }
    },
    {
      "flavor_text": "\uc6b0\uc720\ub294 \ub9db\uc788\uace0 \uc601\uc591 \ub9cc\uc810\uc774\ub2e4.\n\ub2e8 \ub108\ubb34 \ub9c8\uc2dc\uba74 \ubc30\uac00\n\uc544\ud50c \uc218\ub3c4 \uc788\uc73c\ubbc0\ub85c \uc8fc\uc758\ud558\uc790.",
      "language": {
        "name": "ko",
        "url": "https://pokeapi.co/api/v2/language/3/"
      },
      "version": {
        "name": "ultra-moon",
        "url": "https://pokeapi.co/api/v2/version/30/"
      }
    },
    {
      "flavor_text": "\u725b\u5976\u65e2\u7f8e\u5473\u53c8\u71df\u990a\u8c50\u5bcc\uff0c\n\u4f46\u8981\u5c0f\u5fc3\uff0c\u5982\u679c\u559d\u592a\u591a\u4e86\uff0c\n\u6709\u6642\u53ef\u80fd\u6703\u62c9\u809a\u5b50\u3002",
      "language": {
        "name": "zh-Hant",
        "url": "https://pokeapi.co/api/v2/language/4/"
      },
      "version": {
        "name": "ultra-moon",
        "url": "https://pokeapi.co/api/v2/version/30/"
      }
    },
    {
      "flavor_text": "Son lait est d\u00e9licieux et tr\u00e8s nutritif, mais il ne\nfaut pas en abuser pour \u00e9viter d\u2019\u00e9ventuels\npetits probl\u00e8mes de digestion.",
      "language": {
        "name": "fr",
        "url": "https://pokeapi.co/api/v2/language/5/"
      },
      "version": {
        "name": "ultra-moon",
        "url": "https://pokeapi.co/api/v2/version/30/"
      }
    },
    {
      "flavor_text": "Seine Milch ist lecker und nahrhaft. Doch wenn\nman zu viel davon trinkt, kann man Durchfall\nbekommen.",
      "language": {
        "name": "de",
        "url": "https://pokeapi.co/api/v2/language/6/"
      },
      "version": {
        "name": "ultra-moon",
        "url": "https://pokeapi.co/api/v2/version/30/"
      }
    },
    {
      "flavor_text": "La leche de Miltank es deliciosa y nutritiva,\npero, consumida en exceso, puede causar\nretortijones.",
      "language": {
        "name": "es",
        "url": "https://pokeapi.co/api/v2/language/7/"
      },
      "version": {
        "name": "ultra-moon",
        "url": "https://pokeapi.co/api/v2/version/30/"
      }
    },
    {
      "flavor_text": "Il suo latte \u00e8 buono e ricco di sostanze nutritive,\nma se se ne beve troppo, si rischia il mal di\npancia.",
      "language": {
        "name": "it",
        "url": "https://pokeapi.co/api/v2/language/8/"
      },
      "version": {
        "name": "ultra-moon",
        "url": "https://pokeapi.co/api/v2/version/30/"
      }
    },
    {
      "flavor_text": "Its milk is delicious and chock-full of nutrients.\nHowever, if you drink too much, it could make\nyour stomach hurt, so be careful.",
      "language": {
        "name": "en",
        "url": "https://pokeapi.co/api/v2/language/9/"
      },
      "version": {
        "name": "ultra-moon",
        "url": "https://pokeapi.co/api/v2/version/30/"
      }
    },
    {
      "flavor_text": "\u30df\u30eb\u30af\u306f\u3000\u304a\u3044\u3057\u304f\u3000\u6804\u990a\u6e80\u70b9\u3002\n\u305f\u3060\u3057\u3000\u98f2\u307f\u3059\u304e\u308b\u3068\u3000\u304a\u8179\u304c\n\u4e0b\u308b\u3053\u3068\u3082\u3000\u3042\u308b\u306e\u3067\u3000\u6ce8\u610f\u3060\u3002",
      "language": {
        "name": "ja",
        "url": "https://pokeapi.co/api/v2/language/11/"
      },
      "version": {
        "name": "ultra-moon",
        "url": "https://pokeapi.co/api/v2/version/30/"
      }
    },
    {
      "flavor_text": "\u725b\u5976\u5f88\u53ef\u53e3\u53c8\u5bcc\u542b\u8425\u517b\u3002\n\u4f46\u8981\u5c0f\u5fc3\uff0c\u5982\u679c\u559d\u591a\u4e86\uff0c\n\u6709\u65f6\u5c31\u4f1a\u62c9\u809a\u5b50\u3002",
      "language": {
        "name": "zh-Hans",
        "url": "https://pokeapi.co/api/v2/language/12/"
      },
      "version": {
        "name": "ultra-moon",
        "url": "https://pokeapi.co/api/v2/version/30/"
      }
    },
    {
      "flavor_text": "\u3048\u3044\u3088\u3046\u3000\u307e\u3093\u3066\u3093\u306e\u3000\u30df\u30eb\u30af\u3092\u3000\u3060\u3059\n\u3053\u3068\u304b\u3089\u3000\u3075\u308b\u304f\u304b\u3089\u3000\u306b\u3093\u3052\u3093\u3068\n\u30dd\u30b1\u30e2\u30f3\u306e\u3000\u304f\u3089\u3057\u3092\u3000\u3055\u3055\u3048\u3066\u304d\u305f\u3002",
      "language": {
        "name": "ja-Hrkt",
        "url": "https://pokeapi.co/api/v2/language/1/"
      },
      "version": {
        "name": "sword",
        "url": "https://pokeapi.co/api/v2/version/33/"
      }
    },
    {
      "flavor_text": "\uc601\uc591 \ub9cc\uc810\uc758 \uc6b0\uc720\ub97c \ub9cc\ub4e4\uc5b4\ub0b4\uc11c\n\uc61b\ub0a0\ubd80\ud130 \uc0ac\ub78c\uacfc \ud3ec\ucf13\ubaac\uc758\n\uc0b6\uc744 \uc9c0\ud0f1\ud574\uc654\ub2e4.",
      "language": {
        "name": "ko",
        "url": "https://pokeapi.co/api/v2/language/3/"
      },
      "version": {
        "name": "sword",
        "url": "https://pokeapi.co/api/v2/version/33/"
      }
    },
    {
      "flavor_text": "\u7531\u65bc\u80fd\u751f\u7522\u71df\u990a\u6eff\u5206\u7684\n\u9bae\u5976\uff0c\u81ea\u53e4\u4ee5\u4f86\u652f\u6301\u8457\n\u4eba\u985e\u8207\u5bf6\u53ef\u5922\u7684\u751f\u6d3b\u3002",
      "language": {
        "name": "zh-Hant",
        "url": "https://pokeapi.co/api/v2/language/4/"
      },
      "version": {
        "name": "sword",
        "url": "https://pokeapi.co/api/v2/version/33/"
      }
    },
    {
      "flavor_text": "Gr\u00e2ce \u00e0 son lait tr\u00e8s nutritif, \u00c9cr\u00e9meuh contribue\ndepuis longtemps au bien-\u00eatre des humains\net des Pok\u00e9mon.",
      "language": {
        "name": "fr",
        "url": "https://pokeapi.co/api/v2/language/5/"
      },
      "version": {
        "name": "sword",
        "url": "https://pokeapi.co/api/v2/version/33/"
      }
    },
    {
      "flavor_text": "Dank seiner \u00e4u\u00dferst n\u00e4hrstoffreichen Milch tr\u00e4gt\nMiltank seit langer Zeit zum Wohl von Menschen\nund Pok\u00e9mon bei.",
      "language": {
        "name": "de",
        "url": "https://pokeapi.co/api/v2/language/6/"
      },
      "version": {
        "name": "sword",
        "url": "https://pokeapi.co/api/v2/version/33/"
      }
    },
    {
      "flavor_text": "Debido a la nutritiva leche que produce, ha\ncontribuido al bienestar de humanos y Pok\u00e9mon\ndesde tiempos inmemoriales.",
      "language": {
        "name": "es",
        "url": "https://pokeapi.co/api/v2/language/7/"
      },
      "version": {
        "name": "sword",
        "url": "https://pokeapi.co/api/v2/version/33/"
      }
    },
    {
      "flavor_text": "Il suo latte altamente nutriente contribuisce\nal sostentamento di persone e Pok\u00e9mon\nda tempo immemore.",
      "language": {
        "name": "it",
        "url": "https://pokeapi.co/api/v2/language/8/"
      },
      "version": {
        "name": "sword",
        "url": "https://pokeapi.co/api/v2/version/33/"
      }
    },
    {
      "flavor_text": "Miltank produces highly nutritious milk, so it\u2019s\nbeen supporting the lives of people and other\nPok\u00e9mon since ancient times.",
      "language": {
        "name": "en",
        "url": "https://pokeapi.co/api/v2/language/9/"
      },
      "version": {
        "name": "sword",
        "url": "https://pokeapi.co/api/v2/version/33/"
      }
    },
    {
      "flavor_text": "\u6804\u990a\u6e80\u70b9\u306e\u3000\u30df\u30eb\u30af\u3092\u3000\u51fa\u3059\u3053\u3068\u304b\u3089\n\u53e4\u304f\u304b\u3089\u3000\u4eba\u9593\u3068\u3000\u30dd\u30b1\u30e2\u30f3\u306e\n\u66ae\u3089\u3057\u3092\u3000\u652f\u3048\u3066\u304d\u305f\u3002",
      "language": {
        "name": "ja",
        "url": "https://pokeapi.co/api/v2/language/11/"
      },
      "version": {
        "name": "sword",
        "url": "https://pokeapi.co/api/v2/version/33/"
      }
    },
    {
      "flavor_text": "\u80fd\u6324\u51fa\u8425\u517b\u5341\u8db3\u7684\u9c9c\u5976\uff0c\n\u56e0\u6b64\u4ece\u5f88\u4e45\u4ee5\u524d\u5f00\u59cb\u5c31\u4e00\u76f4\n\u652f\u6301\u7740\u4eba\u7c7b\u548c\u5b9d\u53ef\u68a6\u7684\u751f\u6d3b\u3002",
      "language": {
        "name": "zh-Hans",
        "url": "https://pokeapi.co/api/v2/language/12/"
      },
      "version": {
        "name": "sword",
        "url": "https://pokeapi.co/api/v2/version/33/"
      }
    },
    {
      "flavor_text": "\u307e\u3044\u306b\u3061\u3000\u30df\u30eb\u30af\u3092\u3000\u3057\u307c\u3089\u306a\u3044\u3068\n\u3050\u3042\u3044\u304c\u3000\u308f\u308b\u304f\u306a\u308b\u3002\u3000\u30df\u30eb\u30af\u306e\n\u3042\u3058\u306f\u3000\u304d\u305b\u3064\u306b\u3000\u3088\u3063\u3066\u3000\u304b\u308f\u308b\u305e\u3002",
      "language": {
        "name": "ja-Hrkt",
        "url": "https://pokeapi.co/api/v2/language/1/"
      },
      "version": {
        "name": "shield",
        "url": "https://pokeapi.co/api/v2/version/34/"
      }
    },
    {
      "flavor_text": "\ub9e4\uc77c \uc6b0\uc720\ub97c \uc9dc\uc9c0 \uc54a\uc73c\uba74\n\ucee8\ub514\uc158\uc774 \ub098\ube60\uc9c4\ub2e4. \uc6b0\uc720\uc758\n\ub9db\uc740 \uacc4\uc808\uc5d0 \ub530\ub77c \ub2e4\ub974\ub2e4.",
      "language": {
        "name": "ko",
        "url": "https://pokeapi.co/api/v2/language/3/"
      },
      "version": {
        "name": "shield",
        "url": "https://pokeapi.co/api/v2/version/34/"
      }
    },
    {
      "flavor_text": "\u5982\u679c\u6c92\u6709\u6bcf\u5929\u64e0\u9bae\u5976\uff0c\n\u8eab\u9ad4\u7684\u72c0\u6cc1\u5c31\u6703\u8b8a\u7cdf\u3002\n\u9bae\u5976\u7684\u98a8\u5473\u6703\u96a8\u5b63\u7bc0\u6539\u8b8a\u3002",
      "language": {
        "name": "zh-Hant",
        "url": "https://pokeapi.co/api/v2/language/4/"
      },
      "version": {
        "name": "shield",
        "url": "https://pokeapi.co/api/v2/version/34/"
      }
    },
    {
      "flavor_text": "Sa sant\u00e9 d\u00e9cline si on ne le trait pas tous les jours.\nLe go\u00fbt de son lait varie selon la saison.",
      "language": {
        "name": "fr",
        "url": "https://pokeapi.co/api/v2/language/5/"
      },
      "version": {
        "name": "shield",
        "url": "https://pokeapi.co/api/v2/version/34/"
      }
    },
    {
      "flavor_text": "Miltanks Gesundheit leidet darunter, wenn es\nnicht jeden Tag gemolken wird. Der Geschmack\nseiner Milch \u00e4ndert sich je nach Jahreszeit.",
      "language": {
        "name": "de",
        "url": "https://pokeapi.co/api/v2/language/6/"
      },
      "version": {
        "name": "shield",
        "url": "https://pokeapi.co/api/v2/version/34/"
      }
    },
    {
      "flavor_text": "Si no se orde\u00f1a a Miltank a diario, enferma. El\nsabor de la leche que produce cambia seg\u00fan la\n\u00e9poca del a\u00f1o.",
      "language": {
        "name": "es",
        "url": "https://pokeapi.co/api/v2/language/7/"
      },
      "version": {
        "name": "shield",
        "url": "https://pokeapi.co/api/v2/version/34/"
      }
    },
    {
      "flavor_text": "Se non viene munto ogni giorno, la sua salute\nne risente. Il sapore del suo latte pu\u00f2 variare\nin base alla stagione.",
      "language": {
        "name": "it",
        "url": "https://pokeapi.co/api/v2/language/8/"
      },
      "version": {
        "name": "shield",
        "url": "https://pokeapi.co/api/v2/version/34/"
      }
    },
    {
      "flavor_text": "This Pok\u00e9mon needs to be milked every day,\nor else it will fall ill. The flavor of Miltank milk\nchanges with the seasons.",
      "language": {
        "name": "en",
        "url": "https://pokeapi.co/api/v2/language/9/"
      },
      "version": {
        "name": "shield",
        "url": "https://pokeapi.co/api/v2/version/34/"
      }
    },
    {
      "flavor_text": "\u6bce\u65e5\u3000\u30df\u30eb\u30af\u3092\u3000\u643e\u3089\u306a\u3044\u3068\n\u5177\u5408\u304c\u3000\u60aa\u304f\u306a\u308b\u3002\u3000\u30df\u30eb\u30af\u306e\u3000\u5473\u306f\n\u5b63\u7bc0\u306b\u3088\u3063\u3066\u3000\u5909\u308f\u308b\u305e\u3002",
      "language": {
        "name": "ja",
        "url": "https://pokeapi.co/api/v2/language/11/"
      },
      "version": {
        "name": "shield",
        "url": "https://pokeapi.co/api/v2/version/34/"
      }
    },
    {
      "flavor_text": "\u5982\u679c\u4e0d\u6bcf\u5929\u5e2e\u5b83\u6324\u9c9c\u5976\uff0c\n\u5b83\u7684\u8eab\u4f53\u5c31\u4f1a\u4e0d\u8212\u670d\u3002\n\u9c9c\u5976\u7684\u5473\u9053\u4f1a\u968f\u5b63\u8282\u6539\u53d8\u3002",
      "language": {
        "name": "zh-Hans",
        "url": "https://pokeapi.co/api/v2/language/12/"
      },
      "version": {
        "name": "shield",
        "url": "https://pokeapi.co/api/v2/version/34/"
      }
    }
  ],
  "form_descriptions": [],
  "forms_switchable": false,
  "gender_rate": 8,
  "genera": [
    {
      "genus": "\u3061\u3061\u3046\u3057\u30dd\u30b1\u30e2\u30f3",
      "language": {
        "name": "ja-Hrkt",
        "url": "https://pokeapi.co/api/v2/language/1/"
      }
    },
    {
      "genus": "\uc816\uc18c\ud3ec\ucf13\ubaac",
      "language": {
        "name": "ko",
        "url": "https://pokeapi.co/api/v2/language/3/"
      }
    },
    {
      "genus": "\u4e73\u725b\u5bf6\u53ef\u5922",
      "language": {
        "name": "zh-Hant",
        "url": "https://pokeapi.co/api/v2/language/4/"
      }
    },
    {
      "genus": "Pok\u00e9mon Vachalait",
      "language": {
        "name": "fr",
        "url": "https://pokeapi.co/api/v2/language/5/"
      }
    },
    {
      "genus": "Milchkuh-Pok\u00e9mon",
      "language": {
        "name": "de",
        "url": "https://pokeapi.co/api/v2/language/6/"
      }
    },
    {
      "genus": "Pok\u00e9mon Lechera",
      "language": {
        "name": "es",
        "url": "https://pokeapi.co/api/v2/language/7/"
      }
    },
    {
      "genus": "Pok\u00e9mon Bovino",
      "language": {
        "name": "it",
        "url": "https://pokeapi.co/api/v2/language/8/"
      }
    },
    {
      "genus": "Milk Cow Pok\u00e9mon",
      "language": {
        "name": "en",
        "url": "https://pokeapi.co/api/v2/language/9/"
      }
    },
    {
      "genus": "\u3061\u3061\u3046\u3057\u30dd\u30b1\u30e2\u30f3",
      "language": {
        "name": "ja",
        "url": "https://pokeapi.co/api/v2/language/11/"
      }
    },
    {
      "genus": "\u5976\u725b\u5b9d\u53ef\u68a6",
      "language": {
        "name": "zh-Hans",
        "url": "https://pokeapi.co/api/v2/language/12/"
      }
    }
  ],
  "generation": {
    "name": "generation-ii",
    "url": "https://pokeapi.co/api/v2/generation/2/"
  },
  "growth_rate": {
    "name": "slow",
    "url": "https://pokeapi.co/api/v2/growth-rate/1/"
  },
  "habitat": {
    "name": "grassland",
    "url": "https://pokeapi.co/api/v2/pokemon-habitat/3/"
  },
  "has_gender_differences": false,
  "hatch_counter": 20,
  "id": 241,
  "is_baby": false,
  "is_legendary": false,
  "is_mythical": false,
  "name": "miltank",
  "names": [
    {
      "language": {
        "name": "ja-Hrkt",
        "url": "https://pokeapi.co/api/v2/language/1/"
      },
      "name": "\u30df\u30eb\u30bf\u30f3\u30af"
    },
    {
      "language": {
        "name": "roomaji",
        "url": "https://pokeapi.co/api/v2/language/2/"
      },
      "name": "Miltank"
    },
    {
      "language": {
        "name": "ko",
        "url": "https://pokeapi.co/api/v2/language/3/"
      },
      "name": "\ubc00\ud0f1\ud06c"
    },
    {
      "language": {
        "name": "zh-Hant",
        "url": "https://pokeapi.co/api/v2/language/4/"
      },
      "name": "\u5927\u5976\u7f50"
    },
    {
      "language": {
        "name": "fr",
        "url": "https://pokeapi.co/api/v2/language/5/"
      },
      "name": "\u00c9cr\u00e9meuh"
    },
    {
      "language": {
        "name": "de",
        "url": "https://pokeapi.co/api/v2/language/6/"
      },
      "name": "Miltank"
    },
    {
      "language": {
        "name": "es",
        "url": "https://pokeapi.co/api/v2/language/7/"
      },
      "name": "Miltank"
    },
    {
      "language": {
        "name": "it",
        "url": "https://pokeapi.co/api/v2/language/8/"
      },
      "name": "Miltank"
    },
    {
      "language": {
        "name": "en",
        "url": "https://pokeapi.co/api/v2/language/9/"
      },
      "name": "Miltank"
    },
    {
      "language": {
        "name": "ja",
        "url": "https://pokeapi.co/api/v2/language/11/"
      },
      "name": "\u30df\u30eb\u30bf\u30f3\u30af"
    },
    {
      "language": {
        "name": "zh-Hans",
        "url": "https://pokeapi.co/api/v2/language/12/"
      },
      "name": "\u5927\u5976\u7f50"
    }
  ],
  "order": 267,
  "pal_park_encounters": [
    {
      "area": {
        "name": "field",
        "url": "https://pokeapi.co/api/v2/pal-park-area/2/"
      },
      "base_score": 70,
      "rate": 20
    }
  ],
  "pokedex_numbers": [
    {
      "entry_number": 241,
      "pokedex": {
        "name": "national",
        "url": "https://pokeapi.co/api/v2/pokedex/1/"
      }
    },
    {
      "entry_number": 149,
      "pokedex": {
        "name": "original-johto",
        "url": "https://pokeapi.co/api/v2/pokedex/3/"
      }
    },
    {
      "entry_number": 151,
      "pokedex": {
        "name": "updated-johto",
        "url": "https://pokeapi.co/api/v2/pokedex/7/"
      }
    },
    {
      "entry_number": 126,
      "pokedex": {
        "name": "kalos-coastal",
        "url": "https://pokeapi.co/api/v2/pokedex/13/"
      }
    },
    {
      "entry_number": 138,
      "pokedex": {
        "name": "original-alola",
        "url": "https://pokeapi.co/api/v2/pokedex/16/"
      }
    },
    {
      "entry_number": 65,
      "pokedex": {
        "name": "original-akala",
        "url": "https://pokeapi.co/api/v2/pokedex/18/"
      }
    },
    {
      "entry_number": 62,
      "pokedex": {
        "name": "original-poni",
        "url": "https://pokeapi.co/api/v2/pokedex/20/"
      }
    },
    {
      "entry_number": 171,
      "pokedex": {
        "name": "updated-alola",
        "url": "https://pokeapi.co/api/v2/pokedex/21/"
      }
    },
    {
      "entry_number": 72,
      "pokedex": {
        "name": "updated-akala",
        "url": "https://pokeapi.co/api/v2/pokedex/23/"
      }
    },
    {
      "entry_number": 74,
      "pokedex": {
        "name": "updated-poni",
        "url": "https://pokeapi.co/api/v2/pokedex/25/"
      }
    },
    {
      "entry_number": 117,
      "pokedex": {
        "name": "isle-of-armor",
        "url": "https://pokeapi.co/api/v2/pokedex/28/"
      }
    }
  ],
  "shape": {
    "name": "upright",
    "url": "https://pokeapi.co/api/v2/pokemon-shape/6/"
  },
  "varieties": [
    {
      "is_default": true,
      "pokemon": {
        "name": "miltank",
        "url": "https://pokeapi.co/api/v2/pokemon/241/"
      }
    }
  ]
}