{"flavor_text_entries": [{"flavor_text": "To keep from being\nblown away by the\nwind, they gather\fin clusters. They\ndo enjoy gentle\nbreezes, though.", "language": {"name": "en", "url": "https://pokeapi.co/api/v2/language/9/"}, "version": {"name": "gold", "url": "https://pokeapi.co/api/v2/version/4/"}}, {"flavor_text": "Its body is so\nlight, it must\ngrip the ground\ffirmly with its\nfeet to keep from\nbeing blown away.", "language": {"name": "en", "url": "https://pokeapi.co/api/v2/language/9/"}, "version": {"name": "silver", "url": "https://pokeapi.co/api/v2/version/5/"}}, {"flavor_text": "It can be carried\naway on even the\ngentlest breeze.\fIt may even float\nall the way to the\nnext town.", "language": {"name": "en", "url": "https://pokeapi.co/api/v2/language/9/"}, "version": {"name": "crystal", "url": "https://pokeapi.co/api/v2/version/6/"}}, {"flavor_text": "This POK\u00e9MON drifts and floats with the\nwind. If it senses the approach of\nstrong winds, HOPPIP links its leaves\fwith other HOPPIP to prepare against\nbeing blown away.", "language": {"name": "en", "url": "https://pokeapi.co/api/v2/language/9/"}, "version": {"name": "ruby", "url": "https://pokeapi.co/api/v2/version/7/"}}, {"flavor_text": "This POK\u00e9MON drifts and floats with the\nwind. If it senses the approach of\nstrong winds, HOPPIP links its leaves\fwith other HOPPIP to prepare against\nbeing blown away.", "language": {"name": "en", "url": "https://pokeapi.co/api/v2/language/9/"}, "version": {"name": "sapphire", "url": "https://pokeapi.co/api/v2/version/8/"}}, {"flavor_text": "This POK\u00e9MON drifts and floats with the\nwind. If it senses the approach of strong\nwinds, a HOPPIP links leaves with others\nto prepare against being blown away.", "language": {"name": "en", "url": "https://pokeapi.co/api/v2/language/9/"}, "version": {"name": "emerald", "url": "https://pokeapi.co/api/v2/version/9/"}}, {"flavor_text": "Its body is so light, it must grip the\nground firmly with its feet to keep from\nbeing blown away.", "language": {"name": "en", "url": "https://pokeapi.co/api/v2/language/9/"}, "version": {"name": "firered", "url": "https://pokeapi.co/api/v2/version/10/"}}, {"flavor_text": "To keep from being blown away by the\nwind, they gather in clusters. They do\nenjoy gentle breezes, though.", "language": {"name": "en", "url": "https://pokeapi.co/api/v2/language/9/"}, "version": {"name": "leafgreen", "url": "https://pokeapi.co/api/v2/version/11/"}}, {"flavor_text": "It drifts on winds. It is said that\nwhen HOPPIP gather in fields and\nmountains, spring is on the way.", "language": {"name": "en", "url": "https://pokeapi.co/api/v2/language/9/"}, "version": {"name": "diamond", "url": "https://pokeapi.co/api/v2/version/12/"}}, {"flavor_text": "It drifts on winds. It is said that\nwhen HOPPIP gather in fields and\nmountains, spring is on the way.", "language": {"name": "en", "url": "https://pokeapi.co/api/v2/language/9/"}, "version": {"name": "pearl", "url": "https://pokeapi.co/api/v2/version/13/"}}, {"flavor_text": "It drifts on winds. It is said that\nwhen HOPPIP gather in fields and\nmountains, spring is on the way.", "language": {"name": "en", "url": "https://pokeapi.co/api/v2/language/9/"}, "version": {"name": "platinum", "url": "https://pokeapi.co/api/v2/version/14/"}}, {"flavor_text": "To keep from being blown away by\nthe wind, they gather in clusters.\nBut they do enjoy gentle breezes.", "language": {"name": "en", "url": "https://pokeapi.co/api/v2/language/9/"}, "version": {"name": "heartgold", "url": "https://pokeapi.co/api/v2/version/15/"}}, {"flavor_text": "Its body is so light, it must\ngrip the ground firmly with its\nfeet to keep from being blown away.", "language": {"name": "en", "url": "https://pokeapi.co/api/v2/language/9/"}, "version": {"name": "soulsilver", "url": "https://pokeapi.co/api/v2/version/16/"}}, {"flavor_text": "It drifts on winds. It is said that\nwhen Hoppip gather in fields and\nmountains, spring is on the way.", "language": {"name": "en", "url": "https://pokeapi.co/api/v2/language/9/"}, "version": {"name": "black", "url": "https://pokeapi.co/api/v2/version/17/"}}, {"flavor_text": "It drifts on winds. It is said that\nwhen Hoppip gather in fields and\nmountains, spring is on the way.", "language": {"name": "en", "url": "https://pokeapi.co/api/v2/language/9/"}, "version": {"name": "white", "url": "https://pokeapi.co/api/v2/version/18/"}}, {"flavor_text": "It drifts on winds. It is said that\nwhen Hoppip gather in fields and\nmountains, spring is on the way.", "language": {"name": "en", "url": "https://pokeapi.co/api/v2/language/9/"}, "version": {"name": "black-2", "url": "https://pokeapi.co/api/v2/version/21/"}}, {"flavor_text": "It drifts on winds. It is said that\nwhen Hoppip gather in fields and\nmountains, spring is on the way.", "language": {"name": "en", "url": "https://pokeapi.co/api/v2/language/9/"}, "version": {"name": "white-2", "url": "https://pokeapi.co/api/v2/version/22/"}}, {"flavor_text": "Its body is so light, it must grip the ground firmly\nwith its feet to keep from being blown away.", "language": {"name": "en", "url": "https://pokeapi.co/api/v2/language/9/"}, "version": {"name": "x", "url": "https://pokeapi.co/api/v2/version/23/"}}, {"flavor_text": "It drifts on winds. It is said that when Hoppip gather\nin fields and mountains, spring is on the way.", "language": {"name": "en", "url": "https://pokeapi.co/api/v2/language/9/"}, "version": {"name": "y", "url": "https://pokeapi.co/api/v2/version/24/"}}, {"flavor_text": "This Pok\u00e9mon drifts and floats with the wind. If it senses the\napproach of strong winds, Hoppip links its leaves with other\nHoppip to prepare against being blown away.", "language": {"name": "en", "url": "https://pokeapi.co/api/v2/language/9/"}, "version": {"name": "omega-ruby", "url": "https://pokeapi.co/api/v2/version/25/"}}, {"flavor_text": "This Pok\u00e9mon drifts and floats with the wind. If it senses the\napproach of strong winds, Hoppip links its leaves with other\nHoppip to prepare against being blown away.", "language": {"name": "en", "url": "https://pokeapi.co/api/v2/language/9/"}, "version": {"name": "alpha-sapphire", "url": "https://pokeapi.co/api/v2/version/26/"}}], "evolution_chain": {"url": "https://pokeapi.co/api/v2/evolution-chain/92/"}}