{"flavor_text_entries": [{"flavor_text": "Its pincers are\nnot only powerful\nweapons, they are\fused for balance\nwhen walking\nsideways.", "language": {"name": "en", "url": "https://pokeapi.co/api/v2/language/9/"}, "version": {"name": "red", "url": "https://pokeapi.co/api/v2/version/1/"}}, {"flavor_text": "Its pincers are\nnot only powerful\nweapons, they are\fused for balance\nwhen walking\nsideways.", "language": {"name": "en", "url": "https://pokeapi.co/api/v2/language/9/"}, "version": {"name": "blue", "url": "https://pokeapi.co/api/v2/version/2/"}}, {"flavor_text": "Its pincers are\nsuperb weapons.\nThey sometimes\fbreak off during\nbattle, but they\ngrow back fast.", "language": {"name": "en", "url": "https://pokeapi.co/api/v2/language/9/"}, "version": {"name": "yellow", "url": "https://pokeapi.co/api/v2/version/3/"}}, {"flavor_text": "If it senses dan\u00ad\nger approaching,\nit cloaks itself\fwith bubbles from\nits mouth so it\nwill look bigger.", "language": {"name": "en", "url": "https://pokeapi.co/api/v2/language/9/"}, "version": {"name": "gold", "url": "https://pokeapi.co/api/v2/version/4/"}}, {"flavor_text": "The pincers break\noff easily. If it\nloses a pincer,\fit somehow becomes\nincapable of walk\u00ad\ning sideways.", "language": {"name": "en", "url": "https://pokeapi.co/api/v2/language/9/"}, "version": {"name": "silver", "url": "https://pokeapi.co/api/v2/version/5/"}}, {"flavor_text": "If it is unable\nto find food, it\nwill absorb\fnutrients by\nswallowing a\nmouthful of sand.", "language": {"name": "en", "url": "https://pokeapi.co/api/v2/language/9/"}, "version": {"name": "crystal", "url": "https://pokeapi.co/api/v2/version/6/"}}, {"flavor_text": "KRABBY live on beaches, burrowed inside\nholes dug into the sand.\nOn sandy beaches with little in the way\fof food, these POK\u00e9MON can be seen\nsquabbling with each other over\nterritory.", "language": {"name": "en", "url": "https://pokeapi.co/api/v2/language/9/"}, "version": {"name": "ruby", "url": "https://pokeapi.co/api/v2/version/7/"}}, {"flavor_text": "KRABBY live on beaches, burrowed inside\nholes dug into the sand.\nOn sandy beaches with little in the way\fof food, these POK\u00e9MON can be seen\nsquabbling with each other over\nterritory.", "language": {"name": "en", "url": "https://pokeapi.co/api/v2/language/9/"}, "version": {"name": "sapphire", "url": "https://pokeapi.co/api/v2/version/8/"}}, {"flavor_text": "KRABBY live in holes dug into beaches.\nOn sandy shores with little in the way\nof food, they can be seen squabbling with\neach other over territory.", "language": {"name": "en", "url": "https://pokeapi.co/api/v2/language/9/"}, "version": {"name": "emerald", "url": "https://pokeapi.co/api/v2/version/9/"}}, {"flavor_text": "It can be found near the sea. The large\npincers grow back if they are torn out of\ntheir sockets.", "language": {"name": "en", "url": "https://pokeapi.co/api/v2/language/9/"}, "version": {"name": "firered", "url": "https://pokeapi.co/api/v2/version/10/"}}, {"flavor_text": "Its pincers are not only powerful weapons,\nthey are used for balance when walking\nsideways.", "language": {"name": "en", "url": "https://pokeapi.co/api/v2/language/9/"}, "version": {"name": "leafgreen", "url": "https://pokeapi.co/api/v2/version/11/"}}, {"flavor_text": "It lives in burrows dug on sandy\nbeaches. Its pincers fully grow\nback if they are broken in battle.", "language": {"name": "en", "url": "https://pokeapi.co/api/v2/language/9/"}, "version": {"name": "diamond", "url": "https://pokeapi.co/api/v2/version/12/"}}, {"flavor_text": "It lives in burrows dug on sandy\nbeaches. Its pincers fully grow\nback if they are broken in battle.", "language": {"name": "en", "url": "https://pokeapi.co/api/v2/language/9/"}, "version": {"name": "pearl", "url": "https://pokeapi.co/api/v2/version/13/"}}, {"flavor_text": "It lives in burrows dug on sandy\nbeaches. Its pincers fully grow\nback if they are broken in battle.", "language": {"name": "en", "url": "https://pokeapi.co/api/v2/language/9/"}, "version": {"name": "platinum", "url": "https://pokeapi.co/api/v2/version/14/"}}, {"flavor_text": "If it senses danger approaching,\nit cloaks itself with bubbles from\nits mouth so it will look bigger.", "language": {"name": "en", "url": "https://pokeapi.co/api/v2/language/9/"}, "version": {"name": "heartgold", "url": "https://pokeapi.co/api/v2/version/15/"}}, {"flavor_text": "The pincers break off easily. If it\nloses a pincer, it somehow becomes\nincapable of walking sideways.", "language": {"name": "en", "url": "https://pokeapi.co/api/v2/language/9/"}, "version": {"name": "soulsilver", "url": "https://pokeapi.co/api/v2/version/16/"}}, {"flavor_text": "It lives in burrows dug on sandy\nbeaches. Its pincers fully grow\nback if they are broken in battle.", "language": {"name": "en", "url": "https://pokeapi.co/api/v2/language/9/"}, "version": {"name": "black", "url": "https://pokeapi.co/api/v2/version/17/"}}, {"flavor_text": "It lives in burrows dug on sandy\nbeaches. Its pincers fully grow\nback if they are broken in battle.", "language": {"name": "en", "url": "https://pokeapi.co/api/v2/language/9/"}, "version": {"name": "white", "url": "https://pokeapi.co/api/v2/version/18/"}}, {"flavor_text": "It lives in burrows dug on sandy\nbeaches. Its pincers fully grow\nback if they are broken in battle.", "language": {"name": "en", "url": "https://pokeapi.co/api/v2/language/9/"}, "version": {"name": "black-2", "url": "https://pokeapi.co/api/v2/version/21/"}}, {"flavor_text": "It lives in burrows dug on sandy\nbeaches. Its pincers fully grow\nback if they are broken in battle.", "language": {"name": "en", "url": "https://pokeapi.co/api/v2/language/9/"}, "version": {"name": "white-2", "url": "https://pokeapi.co/api/v2/version/22/"}}, {"flavor_text": "If it senses danger approaching, it cloaks itself with\nbubbles from its mouth so it will look bigger.", "language": {"name": "en", "url": "https://pokeapi.co/api/v2/language/9/"}, "version": {"name": "x", "url": "https://pokeapi.co/api/v2/version/23/"}}, {"flavor_text": "It can be found near the sea. The large pincers\ngrow back if they are torn out of their sockets.", "language": {"name": "en", "url": "https://pokeapi.co/api/v2/language/9/"}, "version": {"name": "y", "url": "https://pokeapi.co/api/v2/version/24/"}}, {"flavor_text": "Krabby live on beaches, burrowed inside holes dug into the\nsand. On sandy beaches with little in the way of food, these\nPok\u00e9mon can be seen squabbling with each other\nover territory.", "language": {"name": "en", "url": "https://pokeapi.co/api/v2/language/9/"}, "version": {"name": "omega-ruby", "url": "https://pokeapi.co/api/v2/version/25/"}}, {"flavor_text": "Krabby live on beaches, burrowed inside holes dug into\nthe sand. On sandy beaches with little in the way of food,\nthese Pok\u00e9mon can be seen squabbling with each other\nover territory.", "language": {"name": "en", "url": "https://pokeapi.co/api/v2/language/9/"}, "version": {"name": "alpha-sapphire", "url": "https://pokeapi.co/api/v2/version/26/"}}, {"flavor_text": "Its pincers are superb weapons. They sometimes\nbreak off during battle, but they grow back fast.", "language": {"name": "en", "url": "https://pokeapi.co/api/v2/language/9/"}, "version": {"name": "lets-go-pikachu", "url": "https://pokeapi.co/api/v2/version/31/"}}, {"flavor_text": "Its pincers are superb weapons. They sometimes\nbreak off during battle, but they grow back fast.", "language": {"name": "en", "url": "https://pokeapi.co/api/v2/language/9/"}, "version": {"name": "lets-go-eevee", "url": "https://pokeapi.co/api/v2/version/32/"}}, {"flavor_text": "It can be found near the sea. The large pincers\ngrow back if they are torn out of their sockets.", "language": {"name": "en", "url": "https://pokeapi.co/api/v2/language/9/"}, "version": {"name": "sword", "url": "https://pokeapi.co/api/v2/version/33/"}}, {"flavor_text": "If it senses danger approaching, it cloaks itself\nwith bubbles from its mouth so it will look bigger.", "language": {"name": "en", "url": "https://pokeapi.co/api/v2/language/9/"}, "version": {"name": "shield", "url": "https://pokeapi.co/api/v2/version/34/"}}], "evolution_chain": {"url": "https://pokeapi.co/api/v2/evolution-chain/43/"}}