{"id": 846, "name": "arrokuda", "types": [{"slot": 1, "type": {"name": "water", "url": "https://pokeapi.co/api/v2/type/11/"}}], "stats": [{"base_stat": 41, "effort": 0, "stat": {"name": "hp", "url": "https://pokeapi.co/api/v2/stat/1/"}}, {"base_stat": 63, "effort": 0, "stat": {"name": "attack", "url": "https://pokeapi.co/api/v2/stat/2/"}}, {"base_stat": 40, "effort": 0, "stat": {"name": "defense", "url": "https://pokeapi.co/api/v2/stat/3/"}}, {"base_stat": 40, "effort": 0, "stat": {"name": "special-attack", "url": "https://pokeapi.co/api/v2/stat/4/"}}, {"base_stat": 30, "effort": 0, "stat": {"name": "special-defense", "url": "https://pokeapi.co/api/v2/stat/5/"}}, {"base_stat": 66, "effort": 1, "stat": {"name": "speed", "url": "https://pokeapi.co/api/v2/stat/6/"}}], "abilities": [{"ability": {"name": "swift-swim", "url": "https://pokeapi.co/api/v2/ability/33/"}, "is_hidden": false, "slot": 1}, {"ability": {"name": "propeller-tail", "url": "https://pokeapi.co/api/v2/ability/239/"}, "is_hidden": true, "slot": 3}], "sprites": {"front_default": "https://raw.githubusercontent.com/PokeAPI/sprites/master/sprites/pokemon/846.png"}, "moves": [{"move": {"name": "fury-attack"}, "earliest_level": 6}, {"move": {"name": "take-down"}, "earliest_level": null}, {"move": {"name": "thrash"}, "earliest_level": null}, {"move": {"name": "double-edge"}, "earliest_level": 48}, {"move": {"name": "bite"}, "earliest_level": 12}, {"move": {"name": "hydro-pump"}, "earliest_level": null}, {"move": {"name": "surf"}, "earliest_level": null}, {"move": {"name": "peck"}, "earliest_level": 1}, {"move": {"name": "agility"}, "earliest_level": 18}, {"move": {"name": "focus-energy"}, "earliest_level": 30}, {"move": {"name": "waterfall"}, "earliest_level": null}, {"move": {"name": "swift"}, "earliest_level": null}, {"move": {"name": "rest"}, "earliest_level": null}, {"move": {"name": "slash"}, "earliest_level": null}, {"move": {"name": "substitute"}, "earliest_level": null}, {"move": {"name": "snore"}, "earliest_level": null}, {"move": {"name": "protect"}, "earliest_level": null}, {"move": {"name": "endure"}, "earliest_level": null}, {"move": {"name": "attract"}, "earliest_level": null}, {"move": {"name": "sleep-talk"}, "earliest_level": null}, {"move": {"name": "rain-dance"}, "earliest_level": null}, {"move": {"name": "crunch"}, "earliest_level": 36}, {"move": {"name": "whirlpool"}, "earliest_level": null}, {"move": {"name": "facade"}, "earliest_level": null}, {"move": {"name": "brick-break"}, "earliest_level": null}, {"move": {"name": "dive"}, "earliest_level": 24}, {"move": {"name": "bounce"}, "earliest_level": null}, {"move": {"name": "water-pulse"}, "earliest_level": null}, {"move": {"name": "acupressure"}, "earliest_level": null}, {"move": {"name": "close-combat"}, "earliest_level": null}, {"move": {"name": "assurance"}, "earliest_level": null}, {"move": {"name": "poison-jab"}, "earliest_level": null}, {"move": {"name": "night-slash"}, "earliest_level": null}, {"move": {"name": "ice-fang"}, "earliest_level": null}, {"move": {"name": "aqua-jet"}, "earliest_level": 1}, {"move": {"name": "round"}, "earliest_level": null}, {"move": {"name": "scald"}, "earliest_level": null}, {"move": {"name": "drill-run"}, "earliest_level": null}, {"move": {"name": "laser-focus"}, "earliest_level": 30}, {"move": {"name": "throat-chop"}, "earliest_level": null}, {"move": {"name": "psychic-fangs"}, "earliest_level": null}, {"move": {"name": "liquidation"}, "earliest_level": 42}, {"move": {"name": "scale-shot"}, "earliest_level": null}, {"move": {"name": "flip-turn"}, "earliest_level": null}, {"move": {"name": "tera-blast"}, "earliest_level": null}, {"move": {"name": "chilling-water"}, "earliest_level": null}], "species": {"url": "https://pokeapi.co/api/v2/pokemon-species/846/"}, "height": 5, "weight": 10}