{"flavor_text_entries": [{"flavor_text": "GARDEVOIR has the ability to read the\nfuture. If it senses impending danger\nto its TRAINER, this POK\u00e9MON is said to\funleash its psychokinetic energy at\nfull power.", "language": {"name": "en", "url": "https://pokeapi.co/api/v2/language/9/"}, "version": {"name": "ruby", "url": "https://pokeapi.co/api/v2/version/7/"}}, {"flavor_text": "GARDEVOIR has the psychokinetic\npower to distort the dimensions and\ncreate a small black hole.\fThis POK\u00e9MON will try to protect its\nTRAINER even at the risk of its own\nlife.", "language": {"name": "en", "url": "https://pokeapi.co/api/v2/language/9/"}, "version": {"name": "sapphire", "url": "https://pokeapi.co/api/v2/version/8/"}}, {"flavor_text": "It apparently does not feel the pull of\ngravity because it supports itself with\npsychic power. It will give its life to\nprotect its TRAINER.", "language": {"name": "en", "url": "https://pokeapi.co/api/v2/language/9/"}, "version": {"name": "emerald", "url": "https://pokeapi.co/api/v2/version/9/"}}, {"flavor_text": "It has the power to predict the future.\nIts power peaks when it is protecting its\nTRAINER.", "language": {"name": "en", "url": "https://pokeapi.co/api/v2/language/9/"}, "version": {"name": "firered", "url": "https://pokeapi.co/api/v2/version/10/"}}, {"flavor_text": "It has the power to predict the future.\nIts power peaks when it is protecting its\nTRAINER.", "language": {"name": "en", "url": "https://pokeapi.co/api/v2/language/9/"}, "version": {"name": "leafgreen", "url": "https://pokeapi.co/api/v2/version/11/"}}, {"flavor_text": "It will try to guard its trusted\nTrainer with its life. It has the\nability to see the future.", "language": {"name": "en", "url": "https://pokeapi.co/api/v2/language/9/"}, "version": {"name": "diamond", "url": "https://pokeapi.co/api/v2/version/12/"}}, {"flavor_text": "It will try to guard its trusted\nTrainer with its life. It has the\nability to see the future.", "language": {"name": "en", "url": "https://pokeapi.co/api/v2/language/9/"}, "version": {"name": "pearl", "url": "https://pokeapi.co/api/v2/version/13/"}}, {"flavor_text": "To protect its Trainer, it will\nexpend all its psychic power\nto create a small black hole.", "language": {"name": "en", "url": "https://pokeapi.co/api/v2/language/9/"}, "version": {"name": "platinum", "url": "https://pokeapi.co/api/v2/version/14/"}}, {"flavor_text": "It unleashes psychokinetic energy\nat full power when protecting a\nTrainer it has bonded closely with.", "language": {"name": "en", "url": "https://pokeapi.co/api/v2/language/9/"}, "version": {"name": "heartgold", "url": "https://pokeapi.co/api/v2/version/15/"}}, {"flavor_text": "It unleashes psychokinetic energy\nat full power when protecting a\nTrainer it has bonded closely with.", "language": {"name": "en", "url": "https://pokeapi.co/api/v2/language/9/"}, "version": {"name": "soulsilver", "url": "https://pokeapi.co/api/v2/version/16/"}}, {"flavor_text": "To protect its Trainer, it will\nexpend all its psychic power\nto create a small black hole.", "language": {"name": "en", "url": "https://pokeapi.co/api/v2/language/9/"}, "version": {"name": "black", "url": "https://pokeapi.co/api/v2/version/17/"}}, {"flavor_text": "To protect its Trainer, it will\nexpend all its psychic power\nto create a small black hole.", "language": {"name": "en", "url": "https://pokeapi.co/api/v2/language/9/"}, "version": {"name": "white", "url": "https://pokeapi.co/api/v2/version/18/"}}, {"flavor_text": "To protect its Trainer, it will\nexpend all its psychic power\nto create a small black hole.", "language": {"name": "en", "url": "https://pokeapi.co/api/v2/language/9/"}, "version": {"name": "black-2", "url": "https://pokeapi.co/api/v2/version/21/"}}, {"flavor_text": "To protect its Trainer, it will\nexpend all its psychic power\nto create a small black hole.", "language": {"name": "en", "url": "https://pokeapi.co/api/v2/language/9/"}, "version": {"name": "white-2", "url": "https://pokeapi.co/api/v2/version/22/"}}, {"flavor_text": "To protect its Trainer, it will expend all its psychic\npower to create a small black hole.", "language": {"name": "en", "url": "https://pokeapi.co/api/v2/language/9/"}, "version": {"name": "x", "url": "https://pokeapi.co/api/v2/version/23/"}}, {"flavor_text": "It has the power to predict the future. Its power\npeaks when it is protecting its Trainer.", "language": {"name": "en", "url": "https://pokeapi.co/api/v2/language/9/"}, "version": {"name": "y", "url": "https://pokeapi.co/api/v2/version/24/"}}, {"flavor_text": "Gardevoir has the ability to read the future. If it senses\nimpending danger to its Trainer, this Pok\u00e9mon is said\nto unleash its psychokinetic energy at full power.", "language": {"name": "en", "url": "https://pokeapi.co/api/v2/language/9/"}, "version": {"name": "omega-ruby", "url": "https://pokeapi.co/api/v2/version/25/"}}, {"flavor_text": "Gardevoir has the psychokinetic power to distort the\ndimensions and create a small black hole. This Pok\u00e9mon\nwill try to protect its Trainer even at the risk of its own life.", "language": {"name": "en", "url": "https://pokeapi.co/api/v2/language/9/"}, "version": {"name": "alpha-sapphire", "url": "https://pokeapi.co/api/v2/version/26/"}}, {"flavor_text": "It has the power to predict the future. Its power\npeaks when it is protecting its Trainer.", "language": {"name": "en", "url": "https://pokeapi.co/api/v2/language/9/"}, "version": {"name": "sword", "url": "https://pokeapi.co/api/v2/version/33/"}}, {"flavor_text": "To protect its Trainer, it will expend all its psychic\npower to create a small black hole.", "language": {"name": "en", "url": "https://pokeapi.co/api/v2/language/9/"}, "version": {"name": "shield", "url": "https://pokeapi.co/api/v2/version/34/"}}, {"flavor_text": "It will dedicate itself to defending a master it has come to\nadore. Its pure white dress, reminiscent of those worn by ladies\nof nobility, is the dress of one who is willing to risk their life.", "language": {"name": "en", "url": "https://pokeapi.co/api/v2/language/9/"}, "version": {"name": "legends-arceus", "url": "https://pokeapi.co/api/v2/version/39/"}}], "evolution_chain": {"url": "https://pokeapi.co/api/v2/evolution-chain/140/"}}