{"id": 398, "name": "staraptor", "types": [{"slot": 1, "type": {"name": "normal", "url": "https://pokeapi.co/api/v2/type/1/"}}, {"slot": 2, "type": {"name": "flying", "url": "https://pokeapi.co/api/v2/type/3/"}}], "stats": [{"base_stat": 85, "effort": 0, "stat": {"name": "hp", "url": "https://pokeapi.co/api/v2/stat/1/"}}, {"base_stat": 120, "effort": 3, "stat": {"name": "attack", "url": "https://pokeapi.co/api/v2/stat/2/"}}, {"base_stat": 70, "effort": 0, "stat": {"name": "defense", "url": "https://pokeapi.co/api/v2/stat/3/"}}, {"base_stat": 50, "effort": 0, "stat": {"name": "special-attack", "url": "https://pokeapi.co/api/v2/stat/4/"}}, {"base_stat": 60, "effort": 0, "stat": {"name": "special-defense", "url": "https://pokeapi.co/api/v2/stat/5/"}}, {"base_stat": 100, "effort": 0, "stat": {"name": "speed", "url": "https://pokeapi.co/api/v2/stat/6/"}}], "abilities": [{"ability": {"name": "intimidate", "url": "https://pokeapi.co/api/v2/ability/22/"}, "is_hidden": false, "slot": 1}, {"ability": {"name": "reckless", "url": "https://pokeapi.co/api/v2/ability/120/"}, "is_hidden": true, "slot": 3}], "sprites": {"front_default": "https://raw.githubusercontent.com/PokeAPI/sprites/master/sprites/pokemon/398.png"}, "moves": [{"move": {"name": "gust"}, "earliest_level": 1}, {"move": {"name": "wing-attack"}, "earliest_level": 1}, {"move": {"name": "whirlwind"}, "earliest_level": 23}, {"move": {"name": "fly"}, "earliest_level": null}, {"move": {"name": "tackle"}, "earliest_level": 1}, {"move": {"name": "take-down"}, "earliest_level": 33}, {"move": {"name": "double-edge"}, "earliest_level": 29}, {"move": {"name": "growl"}, "earliest_level": 1}, {"move": {"name": "hyper-beam"}, "earliest_level": null}, {"move": {"name": "toxic"}, "earliest_level": null}, {"move": {"name": "agility"}, "earliest_level": 41}, {"move": {"name": "quick-attack"}, "earliest_level": 1}, {"move": {"name": "double-team"}, "earliest_level": 13}, {"move": {"name": "swift"}, "earliest_level": null}, {"move": {"name": "sky-attack"}, "earliest_level": null}, {"move": {"name": "rest"}, "earliest_level": null}, {"move": {"name": "substitute"}, "earliest_level": null}, {"move": {"name": "thief"}, "earliest_level": null}, {"move": {"name": "snore"}, "earliest_level": null}, {"move": {"name": "protect"}, "earliest_level": null}, {"move": {"name": "mud-slap"}, "earliest_level": null}, {"move": {"name": "endure"}, "earliest_level": null}, {"move": {"name": "swagger"}, "earliest_level": null}, {"move": {"name": "steel-wing"}, "earliest_level": null}, {"move": {"name": "attract"}, "earliest_level": null}, {"move": {"name": "sleep-talk"}, "earliest_level": null}, {"move": {"name": "return"}, "earliest_level": null}, {"move": {"name": "frustration"}, "earliest_level": null}, {"move": {"name": "hidden-power"}, "earliest_level": null}, {"move": {"name": "twister"}, "earliest_level": null}, {"move": {"name": "rain-dance"}, "earliest_level": null}, {"move": {"name": "sunny-day"}, "earliest_level": null}, {"move": {"name": "uproar"}, "earliest_level": null}, {"move": {"name": "heat-wave"}, "earliest_level": null}, {"move": {"name": "facade"}, "earliest_level": null}, {"move": {"name": "helping-hand"}, "earliest_level": null}, {"move": {"name": "endeavor"}, "earliest_level": 18}, {"move": {"name": "secret-power"}, "earliest_level": null}, {"move": {"name": "feather-dance"}, "earliest_level": null}, {"move": {"name": "air-cutter"}, "earliest_level": null}, {"move": {"name": "aerial-ace"}, "earliest_level": 9}, {"move": {"name": "roost"}, "earliest_level": 21}, {"move": {"name": "natural-gift"}, "earliest_level": null}, {"move": {"name": "pluck"}, "earliest_level": null}, {"move": {"name": "tailwind"}, "earliest_level": null}, {"move": {"name": "u-turn"}, "earliest_level": null}, {"move": {"name": "close-combat"}, "earliest_level": 1}, {"move": {"name": "air-slash"}, "earliest_level": 15}, {"move": {"name": "brave-bird"}, "earliest_level": 37}, {"move": {"name": "giga-impact"}, "earliest_level": 47}, {"move": {"name": "defog"}, "earliest_level": null}, {"move": {"name": "captivate"}, "earliest_level": null}, {"move": {"name": "ominous-wind"}, "earliest_level": null}, {"move": {"name": "round"}, "earliest_level": null}, {"move": {"name": "echoed-voice"}, "earliest_level": null}, {"move": {"name": "acrobatics"}, "earliest_level": null}, {"move": {"name": "retaliate"}, "earliest_level": null}, {"move": {"name": "final-gambit"}, "earliest_level": 57}, {"move": {"name": "struggle-bug"}, "earliest_level": null}, {"move": {"name": "work-up"}, "earliest_level": null}, {"move": {"name": "hurricane"}, "earliest_level": null}, {"move": {"name": "confide"}, "earliest_level": null}, {"move": {"name": "laser-focus"}, "earliest_level": null}, {"move": {"name": "dual-wingbeat"}, "earliest_level": null}, {"move": {"name": "tera-blast"}, "earliest_level": null}], "species": {"url": "https://pokeapi.co/api/v2/pokemon-species/398/"}, "height": 12, "weight": 249}