{
  "base_happiness": 70,
  "capture_rate": 225,
  "color": {
    "name": "brown",
    "url": "https://pokeapi.co/api/v2/pokemon-color/3/"
  },
  "egg_groups": [
    {
      "name": "ground",
      "url": "https://pokeapi.co/api/v2/egg-group/5/"
    }
  ],
  "evolution_chain": {
    "url": "https://pokeapi.co/api/v2/evolution-chain/112/"
  },
  "evolves_from_species": null,
  "flavor_text_entries": [
    {
      "flavor_text": "It rubs its snout\non the ground to\nfind and dig up\ffood. It sometimes\ndiscovers hot\nsprings.",
      "language": {
        "name": "en",
        "url": "https://pokeapi.co/api/v2/language/9/"
      },
      "version": {
        "name": "gold",
        "url": "https://pokeapi.co/api/v2/version/4/"
      }
    },
    {
      "flavor_text": "If it smells some\u00ad\nthing enticing, it\ndashes headlong\foff to find the\nsource of the\naroma.",
      "language": {
        "name": "en",
        "url": "https://pokeapi.co/api/v2/language/9/"
      },
      "version": {
        "name": "silver",
        "url": "https://pokeapi.co/api/v2/version/5/"
      }
    },
    {
      "flavor_text": "It uses the tip of\nits nose to dig\nfor food. Its nose\fis so tough that\neven frozen ground\nposes no problem.",
      "language": {
        "name": "en",
        "url": "https://pokeapi.co/api/v2/language/9/"
      },
      "version": {
        "name": "crystal",
        "url": "https://pokeapi.co/api/v2/version/6/"
      }
    },
    {
      "flavor_text": "SWINUB roots for food by rubbing its\nsnout against the ground. Its favorite\nfood is a mushroom that grows under\fthe cover of dead grass.\nThis POK\u00e9MON occasionally roots out\nhot springs.",
      "language": {
        "name": "en",
        "url": "https://pokeapi.co/api/v2/language/9/"
      },
      "version": {
        "name": "ruby",
        "url": "https://pokeapi.co/api/v2/version/7/"
      }
    },
    {
      "flavor_text": "SWINUB roots for food by rubbing its\nsnout against the ground. Its favorite\nfood is a mushroom that grows under\fthe cover of dead grass.\nThis POK\u00e9MON occasionally roots out\nhot springs.",
      "language": {
        "name": "en",
        "url": "https://pokeapi.co/api/v2/language/9/"
      },
      "version": {
        "name": "sapphire",
        "url": "https://pokeapi.co/api/v2/version/8/"
      }
    },
    {
      "flavor_text": "It roots for food by rubbing its snout\nagainst the ground. Its favorite food is a\nmushroom that grows under dried grass.\nIt occasionally roots out hot springs.",
      "language": {
        "name": "en",
        "url": "https://pokeapi.co/api/v2/language/9/"
      },
      "version": {
        "name": "emerald",
        "url": "https://pokeapi.co/api/v2/version/9/"
      }
    },
    {
      "flavor_text": "If it smells something enticing, it dashes\noff headlong to find the source of the\naroma.",
      "language": {
        "name": "en",
        "url": "https://pokeapi.co/api/v2/language/9/"
      },
      "version": {
        "name": "firered",
        "url": "https://pokeapi.co/api/v2/version/10/"
      }
    },
    {
      "flavor_text": "It rubs its snout on the ground to find\nand dig up food. It sometimes discovers\nhot springs.",
      "language": {
        "name": "en",
        "url": "https://pokeapi.co/api/v2/language/9/"
      },
      "version": {
        "name": "leafgreen",
        "url": "https://pokeapi.co/api/v2/version/11/"
      }
    },
    {
      "flavor_text": "It loves eating mushrooms that\ngrow under dead grass. It also\nfinds hot springs while foraging.",
      "language": {
        "name": "en",
        "url": "https://pokeapi.co/api/v2/language/9/"
      },
      "version": {
        "name": "diamond",
        "url": "https://pokeapi.co/api/v2/version/12/"
      }
    },
    {
      "flavor_text": "It loves eating mushrooms that\ngrow under dead grass. It also\nfinds hot springs while foraging.",
      "language": {
        "name": "en",
        "url": "https://pokeapi.co/api/v2/language/9/"
      },
      "version": {
        "name": "pearl",
        "url": "https://pokeapi.co/api/v2/version/13/"
      }
    },
    {
      "flavor_text": "It has a very sensitive nose. It\ncan locate mushrooms, berries, and\neven hot springs buried under ice.",
      "language": {
        "name": "en",
        "url": "https://pokeapi.co/api/v2/language/9/"
      },
      "version": {
        "name": "platinum",
        "url": "https://pokeapi.co/api/v2/version/14/"
      }
    },
    {
      "flavor_text": "It rubs its snout on the ground to\nfind and dig up food. It sometimes\ndiscovers hot springs.",
      "language": {
        "name": "en",
        "url": "https://pokeapi.co/api/v2/language/9/"
      },
      "version": {
        "name": "heartgold",
        "url": "https://pokeapi.co/api/v2/version/15/"
      }
    },
    {
      "flavor_text": "If it smells something enticing, it\ndashes off headlong to find the\nsource of the aroma.",
      "language": {
        "name": "en",
        "url": "https://pokeapi.co/api/v2/language/9/"
      },
      "version": {
        "name": "soulsilver",
        "url": "https://pokeapi.co/api/v2/version/16/"
      }
    },
    {
      "flavor_text": "Son nez tr\u00e8s sensible d\u00e9tecte\nchampignons, Baies et sources\nchaudes enfouis sous la glace.",
      "language": {
        "name": "fr",
        "url": "https://pokeapi.co/api/v2/language/5/"
      },
      "version": {
        "name": "black",
        "url": "https://pokeapi.co/api/v2/version/17/"
      }
    },
    {
      "flavor_text": "It has a very sensitive nose. It\ncan locate mushrooms, berries, and\neven hot springs buried under ice.",
      "language": {
        "name": "en",
        "url": "https://pokeapi.co/api/v2/language/9/"
      },
      "version": {
        "name": "black",
        "url": "https://pokeapi.co/api/v2/version/17/"
      }
    },
    {
      "flavor_text": "Son nez tr\u00e8s sensible d\u00e9tecte\nchampignons, Baies et sources\nchaudes enfouis sous la glace.",
      "language": {
        "name": "fr",
        "url": "https://pokeapi.co/api/v2/language/5/"
      },
      "version": {
        "name": "white",
        "url": "https://pokeapi.co/api/v2/version/18/"
      }
    },
    {
      "flavor_text": "It has a very sensitive nose. It\ncan locate mushrooms, berries, and\neven hot springs buried under ice.",
      "language": {
        "name": "en",
        "url": "https://pokeapi.co/api/v2/language/9/"
      },
      "version": {
        "name": "white",
        "url": "https://pokeapi.co/api/v2/version/18/"
      }
    },
    {
      "flavor_text": "Rooting the tip of its snout\ninto the ground, it searches for food.\nSometimes it even digs up a hot spring.",
      "language": {
        "name": "en",
        "url": "https://pokeapi.co/api/v2/language/9/"
      },
      "version": {
        "name": "black-2",
        "url": "https://pokeapi.co/api/v2/version/21/"
      }
    },
    {
      "flavor_text": "Rooting the tip of its snout\ninto the ground, it searches for food.\nSometimes it even digs up a hot spring.",
      "language": {
        "name": "en",
        "url": "https://pokeapi.co/api/v2/language/9/"
      },
      "version": {
        "name": "white-2",
        "url": "https://pokeapi.co/api/v2/version/22/"
      }
    },
    {
      "flavor_text": "\u30a8\u30b5\u3092\u3000\u3055\u304c\u3059\u305f\u3081\u3000\u306f\u306a\u3092\n\u3053\u3059\u308a\u3042\u308f\u305b\u3000\u3058\u3081\u3093\u3092\u3000\u307b\u3063\u3066\u3044\u308b\u3002\n\u305f\u307e\u306b\u3000\u304a\u3093\u305b\u3093\u3092\u3000\u307b\u308a\u3042\u3066\u308b\u3002",
      "language": {
        "name": "ja-Hrkt",
        "url": "https://pokeapi.co/api/v2/language/1/"
      },
      "version": {
        "name": "x",
        "url": "https://pokeapi.co/api/v2/version/23/"
      }
    },
    {
      "flavor_text": "\uba39\uc774\ub97c \ucc3e\uae30 \uc704\ud574 \ucf54\ub97c\n\ubc14\ub2e5\uc5d0 \ube44\ubcbc \ub545\uc744 \ud30c\uace0 \uc788\ub2e4.\n\uac00\ub054 \uc628\ucc9c\uc744 \ucc3e\uc544\ub0b8\ub2e4.",
      "language": {
        "name": "ko",
        "url": "https://pokeapi.co/api/v2/language/3/"
      },
      "version": {
        "name": "x",
        "url": "https://pokeapi.co/api/v2/version/23/"
      }
    },
    {
      "flavor_text": "Il renifle le sol avec sa truffe pour y d\u00e9nicher de\nla nourriture. Il trouve parfois des sources thermales.",
      "language": {
        "name": "fr",
        "url": "https://pokeapi.co/api/v2/language/5/"
      },
      "version": {
        "name": "x",
        "url": "https://pokeapi.co/api/v2/version/23/"
      }
    },
    {
      "flavor_text": "Auf Nahrungssuche schn\u00fcffelt es am Boden entlang.\nEs entdeckt dabei manchmal auch hei\u00dfe Quellen.",
      "language": {
        "name": "de",
        "url": "https://pokeapi.co/api/v2/language/6/"
      },
      "version": {
        "name": "x",
        "url": "https://pokeapi.co/api/v2/version/23/"
      }
    },
    {
      "flavor_text": "Frota su hocico contra el suelo para desenterrar\ncomida. A veces descubre aguas termales.",
      "language": {
        "name": "es",
        "url": "https://pokeapi.co/api/v2/language/7/"
      },
      "version": {
        "name": "x",
        "url": "https://pokeapi.co/api/v2/version/23/"
      }
    },
    {
      "flavor_text": "Sfrega il muso sul terreno per scovare del cibo.\nTalvolta scopre sorgenti d\u2019acqua calda.",
      "language": {
        "name": "it",
        "url": "https://pokeapi.co/api/v2/language/8/"
      },
      "version": {
        "name": "x",
        "url": "https://pokeapi.co/api/v2/version/23/"
      }
    },
    {
      "flavor_text": "It rubs its snout on the ground to find and dig up\nfood. It sometimes discovers hot springs.",
      "language": {
        "name": "en",
        "url": "https://pokeapi.co/api/v2/language/9/"
      },
      "version": {
        "name": "x",
        "url": "https://pokeapi.co/api/v2/version/23/"
      }
    },
    {
      "flavor_text": "\u30a8\u30b5\u3092\u3000\u63a2\u3059\u305f\u3081\u3000\u9f3b\u3092\n\u3053\u3059\u308a\u5408\u308f\u305b\u3000\u5730\u9762\u3092\u3000\u6398\u3063\u3066\u3044\u308b\u3002\n\u305f\u307e\u306b\u3000\u6e29\u6cc9\u3092\u3000\u6398\u308a\u5f53\u3066\u308b\u3002",
      "language": {
        "name": "ja",
        "url": "https://pokeapi.co/api/v2/language/11/"
      },
      "version": {
        "name": "x",
        "url": "https://pokeapi.co/api/v2/version/23/"
      }
    },
    {
      "flavor_text": "\u3044\u3044\u3000\u306b\u304a\u3044\u3092\u3000\u304b\u304e\u3064\u3051\u308b\u3068\n\u3042\u3068\u3055\u304d\u3000\u304b\u3093\u304c\u3048\u305a\u3000\u306b\u304a\u3044\u306e\n\u307b\u3046\u3053\u3046\u3078\u3000\u30c0\u30c3\u30b7\u30e5\u3057\u3066\u3057\u307e\u3046\u3002",
      "language": {
        "name": "ja-Hrkt",
        "url": "https://pokeapi.co/api/v2/language/1/"
      },
      "version": {
        "name": "y",
        "url": "https://pokeapi.co/api/v2/version/24/"
      }
    },
    {
      "flavor_text": "\uc88b\uc740 \ub0c4\uc0c8\ub97c \ub9e1\uc73c\uba74\n\ub4b7\uc77c\uc744 \uc0dd\uac01\ud558\uc9c0 \uc54a\uace0 \ub0c4\uc0c8 \ub098\ub294\n\ubc29\ud5a5\uc73c\ub85c \ub300\uc2dc\ud574\ubc84\ub9b0\ub2e4.",
      "language": {
        "name": "ko",
        "url": "https://pokeapi.co/api/v2/language/3/"
      },
      "version": {
        "name": "y",
        "url": "https://pokeapi.co/api/v2/version/24/"
      }
    },
    {
      "flavor_text": "S\u2019il sent une odeur attirante, il fonce t\u00eate baiss\u00e9e\npour en trouver l\u2019origine.",
      "language": {
        "name": "fr",
        "url": "https://pokeapi.co/api/v2/language/5/"
      },
      "version": {
        "name": "y",
        "url": "https://pokeapi.co/api/v2/version/24/"
      }
    },
    {
      "flavor_text": "Wenn es etwas Vielversprechendes erschnuppert,\ndann st\u00fcrzt es in Windeseile darauf zu.",
      "language": {
        "name": "de",
        "url": "https://pokeapi.co/api/v2/language/6/"
      },
      "version": {
        "name": "y",
        "url": "https://pokeapi.co/api/v2/version/24/"
      }
    },
    {
      "flavor_text": "Si percibe un aroma tentador, se tira de cabeza para\nencontrar el origen de dicho olor.",
      "language": {
        "name": "es",
        "url": "https://pokeapi.co/api/v2/language/7/"
      },
      "version": {
        "name": "y",
        "url": "https://pokeapi.co/api/v2/version/24/"
      }
    },
    {
      "flavor_text": "Appena avverte un profumo invitante, cerca subito\ndi capire la provenienza di quell\u2019odore.",
      "language": {
        "name": "it",
        "url": "https://pokeapi.co/api/v2/language/8/"
      },
      "version": {
        "name": "y",
        "url": "https://pokeapi.co/api/v2/version/24/"
      }
    },
    {
      "flavor_text": "If it smells something enticing, it dashes off\nheadlong to find the source of the aroma.",
      "language": {
        "name": "en",
        "url": "https://pokeapi.co/api/v2/language/9/"
      },
      "version": {
        "name": "y",
        "url": "https://pokeapi.co/api/v2/version/24/"
      }
    },
    {
      "flavor_text": "\u3044\u3044\u3000\u306b\u304a\u3044\u3092\u3000\u304b\u304e\u3064\u3051\u308b\u3068\n\u3042\u3068\u3055\u304d\u3000\u8003\u3048\u305a\u306b\u3000\u306b\u304a\u3044\u306e\n\u65b9\u5411\u3078\u3000\u30c0\u30c3\u30b7\u30e5\u3057\u3066\u3057\u307e\u3046\u3002",
      "language": {
        "name": "ja",
        "url": "https://pokeapi.co/api/v2/language/11/"
      },
      "version": {
        "name": "y",
        "url": "https://pokeapi.co/api/v2/version/24/"
      }
    },
    {
      "flavor_text": "\u3058\u3081\u3093\u306b\u3000\u306f\u306a\u3092\u3000\u3053\u3059\u308a\u3064\u3051\u3066\u3000\u30a8\u30b5\u3092\u3000\u3055\u304c\u3059\u3002\n\u304b\u308c\u304f\u3055\u306e\u3000\u3057\u305f\u306b\u3000\u306f\u3048\u305f\u3000\u30ad\u30ce\u30b3\u304c\u3000\u3053\u3046\u3076\u3064\u3002\n\u305f\u307e\u306b\u3000\u304a\u3093\u305b\u3093\u3092\u3000\u307b\u308a\u3042\u3066\u308b\u3000\u3053\u3068\u304c\u3000\u3042\u308b\u3088\u3002",
      "language": {
        "name": "ja-Hrkt",
        "url": "https://pokeapi.co/api/v2/language/1/"
      },
      "version": {
        "name": "omega-ruby",
        "url": "https://pokeapi.co/api/v2/version/25/"
      }
    },
    {
      "flavor_text": "\ub545\uc5d0 \ucf54\ub97c \ube44\ube44\uba70 \uba39\uc774\ub97c \ucc3e\ub294\ub2e4.\n\ub9c8\ub978 \ud480 \ubc11\uc5d0 \ub09c \ubc84\uc12f\uc744 \uc88b\uc544\ud55c\ub2e4.\n\uac00\ub054 \uc628\ucc9c\uc744 \ud30c\ub0b4\uae30\ub3c4 \ud55c\ub2e4.",
      "language": {
        "name": "ko",
        "url": "https://pokeapi.co/api/v2/language/3/"
      },
      "version": {
        "name": "omega-ruby",
        "url": "https://pokeapi.co/api/v2/version/25/"
      }
    },
    {
      "flavor_text": "Marcacrin cherche sa nourriture en frottant son groin par terre.\nSon plat pr\u00e9f\u00e9r\u00e9 est un champignon qui pousse sous l\u2019herbe\nfan\u00e9e. Ce Pok\u00e9mon d\u00e9couvre parfois des sources d\u2019eau\nchaude.",
      "language": {
        "name": "fr",
        "url": "https://pokeapi.co/api/v2/language/5/"
      },
      "version": {
        "name": "omega-ruby",
        "url": "https://pokeapi.co/api/v2/version/25/"
      }
    },
    {
      "flavor_text": "Auf Nahrungssuche schn\u00fcffelt Quiekel am Boden entlang.\nSeine Lieblingsspeise ist ein Pilz, der unter verwesendem\nGras w\u00e4chst. Manchmal sp\u00fcrt dieses Pok\u00e9mon hei\u00dfe\nQuellen auf.",
      "language": {
        "name": "de",
        "url": "https://pokeapi.co/api/v2/language/6/"
      },
      "version": {
        "name": "omega-ruby",
        "url": "https://pokeapi.co/api/v2/version/25/"
      }
    },
    {
      "flavor_text": "Swinub busca el alimento frotando el hocico contra el suelo.\nSu comida preferida es una seta que crece bajo la hierba\nmarchita. A veces, al frotar, descubre fuentes termales.",
      "language": {
        "name": "es",
        "url": "https://pokeapi.co/api/v2/language/7/"
      },
      "version": {
        "name": "omega-ruby",
        "url": "https://pokeapi.co/api/v2/version/25/"
      }
    },
    {
      "flavor_text": "Swinub cerca il proprio nutrimento strofinando il muso\nsul terreno. \u00c8 ghiotto dei funghi che crescono sotto\nla coltre di erba e fogliame rinsecchito.\nTalvolta scova qualche sorgente termale.",
      "language": {
        "name": "it",
        "url": "https://pokeapi.co/api/v2/language/8/"
      },
      "version": {
        "name": "omega-ruby",
        "url": "https://pokeapi.co/api/v2/version/25/"
      }
    },
    {
      "flavor_text": "Swinub roots for food by rubbing its snout against the ground.\nIts favorite food is a mushroom that grows under the cover of\ndead grass. This Pok\u00e9mon occasionally roots out hot springs.",
      "language": {
        "name": "en",
        "url": "https://pokeapi.co/api/v2/language/9/"
      },
      "version": {
        "name": "omega-ruby",
        "url": "https://pokeapi.co/api/v2/version/25/"
      }
    },
    {
      "flavor_text": "\u5730\u9762\u306b\u3000\u9f3b\u3092\u3000\u64e6\u308a\u3064\u3051\u3066\u3000\u30a8\u30b5\u3092\u3000\u63a2\u3059\u3002\n\u67af\u8349\u306e\u3000\u4e0b\u306b\u3000\u751f\u3048\u305f\u3000\u30ad\u30ce\u30b3\u304c\u3000\u597d\u7269\u3002\n\u305f\u307e\u306b\u3000\u6e29\u6cc9\u3092\u3000\u6398\u308a\u5f53\u3066\u308b\u3000\u3053\u3068\u304c\u3000\u3042\u308b\u3088\u3002",
      "language": {
        "name": "ja",
        "url": "https://pokeapi.co/api/v2/language/11/"
      },
      "version": {
        "name": "omega-ruby",
        "url": "https://pokeapi.co/api/v2/version/25/"
      }
    },
    {
      "flavor_text": "\u3058\u3081\u3093\u306b\u3000\u306f\u306a\u3092\u3000\u3053\u3059\u308a\u3064\u3051\u3066\u3000\u30a8\u30b5\u3092\u3000\u3055\u304c\u3059\u3002\n\u304b\u308c\u304f\u3055\u306e\u3000\u3057\u305f\u306b\u3000\u306f\u3048\u305f\u3000\u30ad\u30ce\u30b3\u304c\u3000\u3053\u3046\u3076\u3064\u3002\n\u305f\u307e\u306b\u3000\u304a\u3093\u305b\u3093\u3092\u3000\u307b\u308a\u3042\u3066\u308b\u3000\u3053\u3068\u304c\u3000\u3042\u308b\u3088\u3002",
      "language": {
        "name": "ja-Hrkt",
        "url": "https://pokeapi.co/api/v2/language/1/"
      },
      "version": {
        "name": "alpha-sapphire",
        "url": "https://pokeapi.co/api/v2/version/26/"
      }
    },
    {
      "flavor_text": "\ub545\uc5d0 \ucf54\ub97c \ube44\ube44\uba70 \uba39\uc774\ub97c \ucc3e\ub294\ub2e4.\n\ub9c8\ub978 \ud480 \ubc11\uc5d0 \ub09c \ubc84\uc12f\uc744 \uc88b\uc544\ud55c\ub2e4.\n\uac00\ub054 \uc628\ucc9c\uc744 \ud30c\ub0b4\uae30\ub3c4 \ud55c\ub2e4.",
      "language": {
        "name": "ko",
        "url": "https://pokeapi.co/api/v2/language/3/"
      },
      "version": {
        "name": "alpha-sapphire",
        "url": "https://pokeapi.co/api/v2/version/26/"
      }
    },
    {
      "flavor_text": "Marcacrin cherche sa nourriture en frottant son groin par terre.\nSon plat pr\u00e9f\u00e9r\u00e9 est un champignon qui pousse sous l\u2019herbe\nfan\u00e9e. Ce Pok\u00e9mon d\u00e9couvre parfois des sources d\u2019eau\nchaude.",
      "language": {
        "name": "fr",
        "url": "https://pokeapi.co/api/v2/language/5/"
      },
      "version": {
        "name": "alpha-sapphire",
        "url": "https://pokeapi.co/api/v2/version/26/"
      }
    },
    {
      "flavor_text": "Auf Nahrungssuche schn\u00fcffelt Quiekel am Boden entlang.\nSeine Lieblingsspeise ist ein Pilz, der unter abgestorbenem\nGras w\u00e4chst. Manchmal sp\u00fcrt dieses Pok\u00e9mon hei\u00dfe Quellen\nauf.",
      "language": {
        "name": "de",
        "url": "https://pokeapi.co/api/v2/language/6/"
      },
      "version": {
        "name": "alpha-sapphire",
        "url": "https://pokeapi.co/api/v2/version/26/"
      }
    },
    {
      "flavor_text": "Swinub busca el alimento frotando el hocico contra el suelo.\nSu comida preferida es una seta que crece bajo la hierba\nmarchita. A veces, al frotar, descubre fuentes termales.",
      "language": {
        "name": "es",
        "url": "https://pokeapi.co/api/v2/language/7/"
      },
      "version": {
        "name": "alpha-sapphire",
        "url": "https://pokeapi.co/api/v2/version/26/"
      }
    },
    {
      "flavor_text": "Swinub cerca il proprio nutrimento strofinando il muso\nsul terreno. \u00c8 ghiotto dei funghi che crescono sotto\nla coltre di erba e fogliame rinsecchito.\nTalvolta scova qualche sorgente termale.",
      "language": {
        "name": "it",
        "url": "https://pokeapi.co/api/v2/language/8/"
      },
      "version": {
        "name": "alpha-sapphire",
        "url": "https://pokeapi.co/api/v2/version/26/"
      }
    },
    {
      "flavor_text": "Swinub roots for food by rubbing its snout against the ground.\nIts favorite food is a mushroom that grows under the cover of\ndead grass. This Pok\u00e9mon occasionally roots out hot springs.",
      "language": {
        "name": "en",
        "url": "https://pokeapi.co/api/v2/language/9/"
      },
      "version": {
        "name": "alpha-sapphire",
        "url": "https://pokeapi.co/api/v2/version/26/"
      }
    },
    {
      "flavor_text": "\u5730\u9762\u306b\u3000\u9f3b\u3092\u3000\u64e6\u308a\u3064\u3051\u3066\u3000\u30a8\u30b5\u3092\u3000\u63a2\u3059\u3002\n\u67af\u8349\u306e\u3000\u4e0b\u306b\u3000\u751f\u3048\u305f\u3000\u30ad\u30ce\u30b3\u304c\u3000\u597d\u7269\u3002\n\u305f\u307e\u306b\u3000\u6e29\u6cc9\u3092\u3000\u6398\u308a\u5f53\u3066\u308b\u3000\u3053\u3068\u304c\u3000\u3042\u308b\u3088\u3002",
      "language": {
        "name": "ja",
        "url": "https://pokeapi.co/api/v2/language/11/"
      },
      "version": {
        "name": "alpha-sapphire",
        "url": "https://pokeapi.co/api/v2/version/26/"
      }
    },
    {
      "flavor_text": "\u30a8\u30b5\u3092\u3000\u3055\u304c\u3059\u305f\u3081\u3000\u306f\u306a\u3092\n\u3053\u3059\u308a\u3042\u308f\u305b\u3000\u3058\u3081\u3093\u3092\u3000\u307b\u3063\u3066\u3044\u308b\u3002\n\u305f\u307e\u306b\u3000\u304a\u3093\u305b\u3093\u3092\u3000\u307b\u308a\u3042\u3066\u308b\u3002",
      "language": {
        "name": "ja-Hrkt",
        "url": "https://pokeapi.co/api/v2/language/1/"
      },
      "version": {
        "name": "sword",
        "url": "https://pokeapi.co/api/v2/version/33/"
      }
    },
    {
      "flavor_text": "\uba39\uc774\ub97c \ucc3e\uae30 \uc704\ud574 \ucf54\ub97c\n\ubc14\ub2e5\uc5d0 \ube44\ubcbc \ub545\uc744 \ud30c\uace0 \uc788\ub2e4.\n\uac00\ub054 \uc628\ucc9c\uc744 \ucc3e\uc544\ub0b8\ub2e4.",
      "language": {
        "name": "ko",
        "url": "https://pokeapi.co/api/v2/language/3/"
      },
      "version": {
        "name": "sword",
        "url": "https://pokeapi.co/api/v2/version/33/"
      }
    },
    {
      "flavor_text": "\u70ba\u4e86\u5c0b\u627e\u98df\u7269\uff0c\n\u6703\u7528\u9f3b\u5b50\u6469\u64e6\u5730\u9762\u4f86\u6316\u6398\u3002\n\u5076\u723e\u6703\u6316\u5230\u6eab\u6cc9\u3002",
      "language": {
        "name": "zh-Hant",
        "url": "https://pokeapi.co/api/v2/language/4/"
      },
      "version": {
        "name": "sword",
        "url": "https://pokeapi.co/api/v2/version/33/"
      }
    },
    {
      "flavor_text": "Il creuse le sol avec son groin pour y d\u00e9nicher\nde la nourriture. Il trouve parfois des sources\nd\u2019eau chaude.",
      "language": {
        "name": "fr",
        "url": "https://pokeapi.co/api/v2/language/5/"
      },
      "version": {
        "name": "sword",
        "url": "https://pokeapi.co/api/v2/version/33/"
      }
    },
    {
      "flavor_text": "Auf Nahrungssuche w\u00fchlt es sich mit der Nase\ndurch den Erdboden. Manchmal entdeckt es\ndabei auch hei\u00dfe Quellen.",
      "language": {
        "name": "de",
        "url": "https://pokeapi.co/api/v2/language/6/"
      },
      "version": {
        "name": "sword",
        "url": "https://pokeapi.co/api/v2/version/33/"
      }
    },
    {
      "flavor_text": "Frota el hocico contra el suelo para desenterrar\ncomida. A veces descubre aguas termales.",
      "language": {
        "name": "es",
        "url": "https://pokeapi.co/api/v2/language/7/"
      },
      "version": {
        "name": "sword",
        "url": "https://pokeapi.co/api/v2/version/33/"
      }
    },
    {
      "flavor_text": "Scava con il muso nel terreno per scovare del\ncibo. Talvolta scopre sorgenti d\u2019acqua calda.",
      "language": {
        "name": "it",
        "url": "https://pokeapi.co/api/v2/language/8/"
      },
      "version": {
        "name": "sword",
        "url": "https://pokeapi.co/api/v2/version/33/"
      }
    },
    {
      "flavor_text": "It rubs its snout on the ground to find and dig up\nfood. It sometimes discovers hot springs.",
      "language": {
        "name": "en",
        "url": "https://pokeapi.co/api/v2/language/9/"
      },
      "version": {
        "name": "sword",
        "url": "https://pokeapi.co/api/v2/version/33/"
      }
    },
    {
      "flavor_text": "\u30a8\u30b5\u3092\u3000\u63a2\u3059\u305f\u3081\u3000\u9f3b\u3092\n\u3053\u3059\u308a\u5408\u308f\u305b\u3000\u5730\u9762\u3092\u3000\u6398\u3063\u3066\u3044\u308b\u3002\n\u305f\u307e\u306b\u3000\u6e29\u6cc9\u3092\u3000\u6398\u308a\u5f53\u3066\u308b\u3002",
      "language": {
        "name": "ja",
        "url": "https://pokeapi.co/api/v2/language/11/"
      },
      "version": {
        "name": "sword",
        "url": "https://pokeapi.co/api/v2/version/33/"
      }
    },
    {
      "flavor_text": "\u4e3a\u4e86\u5bfb\u627e\u98df\u7269\uff0c\n\u4f1a\u7528\u9f3b\u5b50\u6469\u64e6\u5730\u9762\u5e76\u8fdb\u884c\u6316\u6398\u3002\n\u5076\u5c14\u4f1a\u6316\u5230\u6e29\u6cc9\u3002",
      "language": {
        "name": "zh-Hans",
        "url": "https://pokeapi.co/api/v2/language/12/"
      },
      "version": {
        "name": "sword",
        "url": "https://pokeapi.co/api/v2/version/33/"
      }
    },
    {
      "flavor_text": "\u3044\u3044\u3000\u306b\u304a\u3044\u3092\u3000\u304b\u304e\u3064\u3051\u308b\u3068\n\u3042\u3068\u3055\u304d\u3000\u304b\u3093\u304c\u3048\u305a\u3000\u306b\u304a\u3044\u306e\n\u307b\u3046\u3053\u3046\u3078\u3000\u30c0\u30c3\u30b7\u30e5\u3057\u3066\u3057\u307e\u3046\u3002",
      "language": {
        "name": "ja-Hrkt",
        "url": "https://pokeapi.co/api/v2/language/1/"
      },
      "version": {
        "name": "shield",
        "url": "https://pokeapi.co/api/v2/version/34/"
      }
    },
    {
      "flavor_text": "\uc88b\uc740 \ub0c4\uc0c8\ub97c \ub9e1\uc73c\uba74\n\ub4b7\uc77c\uc744 \uc0dd\uac01\ud558\uc9c0 \uc54a\uace0 \ub0c4\uc0c8 \ub098\ub294\n\ubc29\ud5a5\uc73c\ub85c \ub300\uc2dc\ud574\ubc84\ub9b0\ub2e4.",
      "language": {
        "name": "ko",
        "url": "https://pokeapi.co/api/v2/language/3/"
      },
      "version": {
        "name": "shield",
        "url": "https://pokeapi.co/api/v2/version/34/"
      }
    },
    {
      "flavor_text": "\u4e00\u805e\u5230\u8a98\u4eba\u7684\u9999\u5473\u6642\uff0c\n\u5c31\u6703\u4e0d\u9867\u4e00\u5207\u5730\n\u671d\u9999\u5473\u50b3\u4f86\u7684\u65b9\u5411\u98db\u5954\u800c\u53bb\u3002",
      "language": {
        "name": "zh-Hant",
        "url": "https://pokeapi.co/api/v2/language/4/"
      },
      "version": {
        "name": "shield",
        "url": "https://pokeapi.co/api/v2/version/34/"
      }
    },
    {
      "flavor_text": "S\u2019il sent une odeur attrayante, il fonce la t\u00eate\nla premi\u00e8re pour trouver d\u2019o\u00f9 elle vient.",
      "language": {
        "name": "fr",
        "url": "https://pokeapi.co/api/v2/language/5/"
      },
      "version": {
        "name": "shield",
        "url": "https://pokeapi.co/api/v2/version/34/"
      }
    },
    {
      "flavor_text": "Wenn es etwas Vielversprechendes erschnuppert,\nsprintet es Hals \u00fcber Kopf darauf los, ohne\nnachzudenken.",
      "language": {
        "name": "de",
        "url": "https://pokeapi.co/api/v2/language/6/"
      },
      "version": {
        "name": "shield",
        "url": "https://pokeapi.co/api/v2/version/34/"
      }
    },
    {
      "flavor_text": "Si percibe un aroma tentador, se lanza de cabeza\nsin pens\u00e1rselo dos veces para hallar su origen.",
      "language": {
        "name": "es",
        "url": "https://pokeapi.co/api/v2/language/7/"
      },
      "version": {
        "name": "shield",
        "url": "https://pokeapi.co/api/v2/version/34/"
      }
    },
    {
      "flavor_text": "Appena avverte un profumo invitante, si fionda\nnella direzione da cui proviene senza la minima\nesitazione.",
      "language": {
        "name": "it",
        "url": "https://pokeapi.co/api/v2/language/8/"
      },
      "version": {
        "name": "shield",
        "url": "https://pokeapi.co/api/v2/version/34/"
      }
    },
    {
      "flavor_text": "If it smells something enticing, it dashes off\nheadlong to find the source of the aroma.",
      "language": {
        "name": "en",
        "url": "https://pokeapi.co/api/v2/language/9/"
      },
      "version": {
        "name": "shield",
        "url": "https://pokeapi.co/api/v2/version/34/"
      }
    },
    {
      "flavor_text": "\u3044\u3044\u3000\u306b\u304a\u3044\u3092\u3000\u304b\u304e\u3064\u3051\u308b\u3068\n\u3042\u3068\u3055\u304d\u3000\u8003\u3048\u305a\u306b\u3000\u306b\u304a\u3044\u306e\n\u65b9\u5411\u3078\u3000\u30c0\u30c3\u30b7\u30e5\u3057\u3066\u3057\u307e\u3046\u3002",
      "language": {
        "name": "ja",
        "url": "https://pokeapi.co/api/v2/language/11/"
      },
      "version": {
        "name": "shield",
        "url": "https://pokeapi.co/api/v2/version/34/"
      }
    },
    {
      "flavor_text": "\u55c5\u5230\u8bf1\u4eba\u7684\u9999\u5473\u65f6\uff0c\n\u4fbf\u4f1a\u4e0d\u987e\u4e00\u5207\u5730\u671d\u7740\n\u6c14\u5473\u7684\u65b9\u5411\u98de\u5954\u8fc7\u53bb\u3002",
      "language": {
        "name": "zh-Hans",
        "url": "https://pokeapi.co/api/v2/language/12/"
      },
      "version": {
        "name": "shield",
        "url": "https://pokeapi.co/api/v2/version/34/"
      }
    },
    {
      "flavor_text": "Swinub excels at sniffing out mushrooms buried beneath grass or\nsnow. Since ancient times, the people of Hisui have often relied\nupon this skill.",
      "language": {
        "name": "en",
        "url": "https://pokeapi.co/api/v2/language/9/"
      },
      "version": {
        "name": "legends-arceus",
        "url": "https://pokeapi.co/api/v2/version/39/"
      }
    }
  ],
  "form_descriptions": [],
  "forms_switchable": false,
  "gender_rate": 4,
  "genera": [
    {
      "genus": "\u3044\u306e\u3076\u305f\u30dd\u30b1\u30e2\u30f3",
      "language": {
        "name": "ja-Hrkt",
        "url": "https://pokeapi.co/api/v2/language/1/"
      }
    },
    {
      "genus": "\uc0b0\ub3fc\uc9c0\ud3ec\ucf13\ubaac",
      "language": {
        "name": "ko",
        "url": "https://pokeapi.co/api/v2/language/3/"
      }
    },
    {
      "genus": "\u5c0f\u8c6c\u5bf6\u53ef\u5922",
      "language": {
        "name": "zh-Hant",
        "url": "https://pokeapi.co/api/v2/language/4/"
      }
    },
    {
      "genus": "Pok\u00e9mon Cochon",
      "language": {
        "name": "fr",
        "url": "https://pokeapi.co/api/v2/language/5/"
      }
    },
    {
      "genus": "Ferkel-Pok\u00e9mon",
      "language": {
        "name": "de",
        "url": "https://pokeapi.co/api/v2/language/6/"
      }
    },
    {
      "genus": "Pok\u00e9mon Cerdo",
      "language": {
        "name": "es",
        "url": "https://pokeapi.co/api/v2/language/7/"
      }
    },
    {
      "genus": "Pok\u00e9mon Maiale",
      "language": {
        "name": "it",
        "url": "https://pokeapi.co/api/v2/language/8/"
      }
    },
    {
      "genus": "Pig Pok\u00e9mon",
      "language": {
        "name": "en",
        "url": "https://pokeapi.co/api/v2/language/9/"
      }
    },
    {
      "genus": "\u3044\u306e\u3076\u305f\u30dd\u30b1\u30e2\u30f3",
      "language": {
        "name": "ja",
        "url": "https://pokeapi.co/api/v2/language/11/"
      }
    },
    {
      "genus": "\u5c0f\u732a\u5b9d\u53ef\u68a6",
      "language": {
        "name": "zh-Hans",
        "url": "https://pokeapi.co/api/v2/language/12/"
      }
    }
  ],
  "generation": {
    "name": "generation-ii",
    "url": "https://pokeapi.co/api/v2/generation/2/"
  },
  "growth_rate": {
    "name": "slow",
    "url": "https://pokeapi.co/api/v2/growth-rate/1/"
  },
  "habitat": {
    "name": "cave",
    "url": "https://pokeapi.co/api/v2/pokemon-habitat/1/"
  },
  "has_gender_differences": false,
  "hatch_counter": 20,
  "id": 220,
  "is_baby": false,
  "is_legendary": false,
  "is_mythical": false,
  "name": "swinub",
  "names": [
    {
      "language": {
        "name": "ja-Hrkt",
        "url": "https://pokeapi.co/api/v2/language/1/"
      },
      "name": "\u30a6\u30ea\u30e0\u30fc"
    },
    {
      "language": {
        "name": "roomaji",
        "url": "https://pokeapi.co/api/v2/language/2/"
      },
      "name": "Urimoo"
    },
    {
      "language": {
        "name": "ko",
        "url": "https://pokeapi.co/api/v2/language/3/"
      },
      "name": "\uafb8\uafb8\ub9ac"
    },
    {
      "language": {
        "name": "zh-Hant",
        "url": "https://pokeapi.co/api/v2/language/4/"
      },
      "name": "\u5c0f\u5c71\u8c6c"
    },
    {
      "language": {
        "name": "fr",
        "url": "https://pokeapi.co/api/v2/language/5/"
      },
      "name": "Marcacrin"
    },
    {
      "language": {
        "name": "de",
        "url": "https://pokeapi.co/api/v2/language/6/"
      },
      "name": "Quiekel"
    },
    {
      "language": {
        "name": "es",
        "url": "https://pokeapi.co/api/v2/language/7/"
      },
      "name": "Swinub"
    },
    {
      "language": {
        "name": "it",
        "url": "https://pokeapi.co/api/v2/language/8/"
      },
      "name": "Swinub"
    },
    {
      "language": {
        "name": "en",
        "url": "https://pokeapi.co/api/v2/language/9/"
      },
      "name": "Swinub"
    },
    {
      "language": {
        "name": "ja",
        "url": "https://pokeapi.co/api/v2/language/11/"
      },
      "name": "\u30a6\u30ea\u30e0\u30fc"
    },
    {
      "language": {
        "name": "zh-Hans",
        "url": "https://pokeapi.co/api/v2/language/12/"
      },
      "name": "\u5c0f\u5c71\u732a"
    }
  ],
  "order": 251,
  "pal_park_encounters": [
    {
      "area": {
        "name": "mountain",
        "url": "https://pokeapi.co/api/v2/pal-park-area/3/"
      },
      "base_score": 50,
      "rate": 30
    }
  ],
  "pokedex_numbers": [
    {
      "entry_number": 220,
      "pokedex": {
        "name": "national",
        "url": "https://pokeapi.co/api/v2/pokedex/1/"
      }
    },
    {
      "entry_number": 191,
      "pokedex": {
        "name": "original-johto",
        "url": "https://pokeapi.co/api/v2/pokedex/3/"
      }
    },
    {
      "entry_number": 203,
      "pokedex": {
        "name": "extended-sinnoh",
        "url": "https://pokeapi.co/api/v2/pokedex/6/"
      }
    },
    {
      "entry_number": 195,
      "pokedex": {
        "name": "updated-johto",
        "url": "https://pokeapi.co/api/v2/pokedex/7/"
      }
    },
    {
      "entry_number": 258,
      "pokedex": {
        "name": "updated-unova",
        "url": "https://pokeapi.co/api/v2/pokedex/9/"
      }
    },
    {
      "entry_number": 76,
      "pokedex": {
        "name": "kalos-mountain",
        "url": "https://pokeapi.co/api/v2/pokedex/14/"
      }
    },
    {
      "entry_number": 75,
      "pokedex": {
        "name": "galar",
        "url": "https://pokeapi.co/api/v2/pokedex/27/"
      }
    },
    {
      "entry_number": 7,
      "pokedex": {
        "name": "crown-tundra",
        "url": "https://pokeapi.co/api/v2/pokedex/29/"
      }
    },
    {
      "entry_number": 212,
      "pokedex": {
        "name": "hisui",
        "url": "https://pokeapi.co/api/v2/pokedex/30/"
      }
    },
    {
      "entry_number": 50,
      "pokedex": {
        "name": "kitakami",
        "url": "https://pokeapi.co/api/v2/pokedex/32/"
      }
    }
  ],
  "shape": {
    "name": "quadruped",
    "url": "https://pokeapi.co/api/v2/pokemon-shape/8/"
  },
  "varieties": [
    {
      "is_default": true,
      "pokemon": {
        "name": "swinub",
        "url": "https://pokeapi.co/api/v2/pokemon/220/"
      }
    }
  ]
}