{"flavor_text_entries": [{"flavor_text": "It is thought that Conkeldurr taught\nhumans how to make concrete more\nthan 2,000 years ago.", "language": {"name": "en", "url": "https://pokeapi.co/api/v2/language/9/"}, "version": {"name": "black", "url": "https://pokeapi.co/api/v2/version/17/"}}, {"flavor_text": "They use concrete pillars as walking\ncanes. They know moves that enable them\nto swing the pillars freely in battle.", "language": {"name": "en", "url": "https://pokeapi.co/api/v2/language/9/"}, "version": {"name": "white", "url": "https://pokeapi.co/api/v2/version/18/"}}, {"flavor_text": "Rather than rely on force,\nthey master moves that utilize the\ncentrifugal force of spinning concrete.", "language": {"name": "en", "url": "https://pokeapi.co/api/v2/language/9/"}, "version": {"name": "black-2", "url": "https://pokeapi.co/api/v2/version/21/"}}, {"flavor_text": "Rather than rely on force,\nthey master moves that utilize the\ncentrifugal force of spinning concrete.", "language": {"name": "en", "url": "https://pokeapi.co/api/v2/language/9/"}, "version": {"name": "white-2", "url": "https://pokeapi.co/api/v2/version/22/"}}, {"flavor_text": "It is thought that Conkeldurr taught humans how to\nmake concrete more than 2,000 years ago.", "language": {"name": "en", "url": "https://pokeapi.co/api/v2/language/9/"}, "version": {"name": "x", "url": "https://pokeapi.co/api/v2/version/23/"}}, {"flavor_text": "Rather than rely on force, they master moves that\nutilize the centrifugal force of spinning concrete.", "language": {"name": "en", "url": "https://pokeapi.co/api/v2/language/9/"}, "version": {"name": "y", "url": "https://pokeapi.co/api/v2/version/24/"}}, {"flavor_text": "It is thought that Conkeldurr taught humans how to\nmake concrete more than 2,000 years ago.", "language": {"name": "en", "url": "https://pokeapi.co/api/v2/language/9/"}, "version": {"name": "omega-ruby", "url": "https://pokeapi.co/api/v2/version/25/"}}, {"flavor_text": "Rather than rely on force, they master moves that\nutilize the centrifugal force of spinning concrete.", "language": {"name": "en", "url": "https://pokeapi.co/api/v2/language/9/"}, "version": {"name": "alpha-sapphire", "url": "https://pokeapi.co/api/v2/version/26/"}}, {"flavor_text": "Concrete mixed by Conkeldurr is much more\ndurable than normal concrete, even when the\ncompositions of the two materials are the same.", "language": {"name": "en", "url": "https://pokeapi.co/api/v2/language/9/"}, "version": {"name": "sword", "url": "https://pokeapi.co/api/v2/version/33/"}}, {"flavor_text": "When going all out, this Pok\u00e9mon throws aside\nits concrete pillars and leaps at opponents to\npummel them with its fists.", "language": {"name": "en", "url": "https://pokeapi.co/api/v2/language/9/"}, "version": {"name": "shield", "url": "https://pokeapi.co/api/v2/version/34/"}}], "evolution_chain": {"url": "https://pokeapi.co/api/v2/evolution-chain/272/"}}