{
  "abilities": [
    {
      "ability": {
        "name": "intimidate",
        "url": "https://pokeapi.co/api/v2/ability/22/"
      },
      "is_hidden": false,
      "slot": 1
    },
    {
      "ability": {
        "name": "hustle",
        "url": "https://pokeapi.co/api/v2/ability/55/"
      },
      "is_hidden": false,
      "slot": 2
    },
    {
      "ability": {
        "name": "guts",
        "url": "https://pokeapi.co/api/v2/ability/62/"
      },
      "is_hidden": true,
      "slot": 3
    }
  ],
  "base_experience": 146,
  "cries": {
    "latest": "https://raw.githubusercontent.com/PokeAPI/cries/main/cries/pokemon/latest/10260.ogg",
    "legacy": null
  },
  "forms": [
    {
      "name": "squawkabilly-blue-plumage",
      "url": "https://pokeapi.co/api/v2/pokemon-form/10429/"
    }
  ],
  "game_indices": [],
  "height": 6,
  "held_items": [],
  "id": 10260,
  "is_default": false,
  "location_area_encounters": "https://pokeapi.co/api/v2/pokemon/10260/encounters",
  "moves": [
    {
      "move": {
        "name": "fly",
        "url": "https://pokeapi.co/api/v2/move/19/"
      },
      "version_group_details": [
        {
          "level_learned_at": 30,
          "move_learn_method": {
            "name": "level-up",
            "url": "https://pokeapi.co/api/v2/move-learn-method/1/"
          },
          "order": null,
          "version_group": {
            "name": "scarlet-violet",
            "url": "https://pokeapi.co/api/v2/version-group/25/"
          }
        },
        {
          "level_learned_at": 0,
          "move_learn_method": {
            "name": "machine",
            "url": "https://pokeapi.co/api/v2/move-learn-method/4/"
          },
          "order": null,
          "version_group": {
            "name": "scarlet-violet",
            "url": "https://pokeapi.co/api/v2/version-group/25/"
          }
        }
      ]
    },
    {
      "move": {
        "name": "fury-attack",
        "url": "https://pokeapi.co/api/v2/move/31/"
      },
      "version_group_details": [
        {
          "level_learned_at": 17,
          "move_learn_method": {
            "name": "level-up",
            "url": "https://pokeapi.co/api/v2/move-learn-method/1/"
          },
          "order": null,
          "version_group": {
            "name": "scarlet-violet",
            "url": "https://pokeapi.co/api/v2/version-group/25/"
          }
        }
      ]
    },
    {
      "move": {
        "name": "take-down",
        "url": "https://pokeapi.co/api/v2/move/36/"
      },
      "version_group_details": [
        {
          "level_learned_at": 0,
          "move_learn_method": {
            "name": "machine",
            "url": "https://pokeapi.co/api/v2/move-learn-method/4/"
          },
          "order": null,
          "version_group": {
            "name": "scarlet-violet",
            "url": "https://pokeapi.co/api/v2/version-group/25/"
          }
        }
      ]
    },
    {
      "move": {
        "name": "double-edge",
        "url": "https://pokeapi.co/api/v2/move/38/"
      },
      "version_group_details": [
        {
          "level_learned_at": 0,
          "move_learn_method": {
            "name": "egg",
            "url": "https://pokeapi.co/api/v2/move-learn-method/2/"
          },
          "order": null,
          "version_group": {
            "name": "scarlet-violet",
            "url": "https://pokeapi.co/api/v2/version-group/25/"
          }
        },
        {
          "level_learned_at": 0,
          "move_learn_method": {
            "name": "machine",
            "url": "https://pokeapi.co/api/v2/move-learn-method/4/"
          },
          "order": null,
          "version_group": {
            "name": "scarlet-violet",
            "url": "https://pokeapi.co/api/v2/version-group/25/"
          }
        }
      ]
    },
    {
      "move": {
        "name": "growl",
        "url": "https://pokeapi.co/api/v2/move/45/"
      },
      "version_group_details": [
        {
          "level_learned_at": 1,
          "move_learn_method": {
            "name": "level-up",
            "url": "https://pokeapi.co/api/v2/move-learn-method/1/"
          },
          "order": 1,
          "version_group": {
            "name": "scarlet-violet",
            "url": "https://pokeapi.co/api/v2/version-group/25/"
          }
        }
      ]
    },
    {
      "move": {
        "name": "hyper-beam",
        "url": "https://pokeapi.co/api/v2/move/63/"
      },
      "version_group_details": [
        {
          "level_learned_at": 0,
          "move_learn_method": {
            "name": "machine",
            "url": "https://pokeapi.co/api/v2/move-learn-method/4/"
          },
          "order": null,
          "version_group": {
            "name": "scarlet-violet",
            "url": "https://pokeapi.co/api/v2/version-group/25/"
          }
        }
      ]
    },
    {
      "move": {
        "name": "peck",
        "url": "https://pokeapi.co/api/v2/move/64/"
      },
      "version_group_details": [
        {
          "level_learned_at": 1,
          "move_learn_method": {
            "name": "level-up",
            "url": "https://pokeapi.co/api/v2/move-learn-method/1/"
          },
          "order": 2,
          "version_group": {
            "name": "scarlet-violet",
            "url": "https://pokeapi.co/api/v2/version-group/25/"
          }
        }
      ]
    },
    {
      "move": {
        "name": "quick-attack",
        "url": "https://pokeapi.co/api/v2/move/98/"
      },
      "version_group_details": [
        {
          "level_learned_at": 6,
          "move_learn_method": {
            "name": "level-up",
            "url": "https://pokeapi.co/api/v2/move-learn-method/1/"
          },
          "order": null,
          "version_group": {
            "name": "scarlet-violet",
            "url": "https://pokeapi.co/api/v2/version-group/25/"
          }
        }
      ]
    },
    {
      "move": {
        "name": "mimic",
        "url": "https://pokeapi.co/api/v2/move/102/"
      },
      "version_group_details": [
        {
          "level_learned_at": 1,
          "move_learn_method": {
            "name": "level-up",
            "url": "https://pokeapi.co/api/v2/move-learn-method/1/"
          },
          "order": 3,
          "version_group": {
            "name": "scarlet-violet",
            "url": "https://pokeapi.co/api/v2/version-group/25/"
          }
        }
      ]
    },
    {
      "move": {
        "name": "rest",
        "url": "https://pokeapi.co/api/v2/move/156/"
      },
      "version_group_details": [
        {
          "level_learned_at": 0,
          "move_learn_method": {
            "name": "machine",
            "url": "https://pokeapi.co/api/v2/move-learn-method/4/"
          },
          "order": null,
          "version_group": {
            "name": "scarlet-violet",
            "url": "https://pokeapi.co/api/v2/version-group/25/"
          }
        }
      ]
    },
    {
      "move": {
        "name": "substitute",
        "url": "https://pokeapi.co/api/v2/move/164/"
      },
      "version_group_details": [
        {
          "level_learned_at": 0,
          "move_learn_method": {
            "name": "machine",
            "url": "https://pokeapi.co/api/v2/move-learn-method/4/"
          },
          "order": null,
          "version_group": {
            "name": "scarlet-violet",
            "url": "https://pokeapi.co/api/v2/version-group/25/"
          }
        }
      ]
    },
    {
      "move": {
        "name": "thief",
        "url": "https://pokeapi.co/api/v2/move/168/"
      },
      "version_group_details": [
        {
          "level_learned_at": 0,
          "move_learn_method": {
            "name": "machine",
            "url": "https://pokeapi.co/api/v2/move-learn-method/4/"
          },
          "order": null,
          "version_group": {
            "name": "scarlet-violet",
            "url": "https://pokeapi.co/api/v2/version-group/25/"
          }
        }
      ]
    },
    {
      "move": {
        "name": "reversal",
        "url": "https://pokeapi.co/api/v2/move/179/"
      },
      "version_group_details": [
        {
          "level_learned_at": 52,
          "move_learn_method": {
            "name": "level-up",
            "url": "https://pokeapi.co/api/v2/move-learn-method/1/"
          },
          "order": null,
          "version_group": {
            "name": "scarlet-violet",
            "url": "https://pokeapi.co/api/v2/version-group/25/"
          }
        },
        {
          "level_learned_at": 0,
          "move_learn_method": {
            "name": "machine",
            "url": "https://pokeapi.co/api/v2/move-learn-method/4/"
          },
          "order": null,
          "version_group": {
            "name": "scarlet-violet",
            "url": "https://pokeapi.co/api/v2/version-group/25/"
          }
        }
      ]
    },
    {
      "move": {
        "name": "protect",
        "url": "https://pokeapi.co/api/v2/move/182/"
      },
      "version_group_details": [
        {
          "level_learned_at": 0,
          "move_learn_method": {
            "name": "machine",
            "url": "https://pokeapi.co/api/v2/move-learn-method/4/"
          },
          "order": null,
          "version_group": {
            "name": "scarlet-violet",
            "url": "https://pokeapi.co/api/v2/version-group/25/"
          }
        }
      ]
    },
    {
      "move": {
        "name": "scary-face",
        "url": "https://pokeapi.co/api/v2/move/184/"
      },
      "version_group_details": [
        {
          "level_learned_at": 0,
          "move_learn_method": {
            "name": "machine",
            "url": "https://pokeapi.co/api/v2/move-learn-method/4/"
          },
          "order": null,
          "version_group": {
            "name": "scarlet-violet",
            "url": "https://pokeapi.co/api/v2/version-group/25/"
          }
        }
      ]
    },
    {
      "move": {
        "name": "endure",
        "url": "https://pokeapi.co/api/v2/move/203/"
      },
      "version_group_details": [
        {
          "level_learned_at": 0,
          "move_learn_method": {
            "name": "machine",
            "url": "https://pokeapi.co/api/v2/move-learn-method/4/"
          },
          "order": null,
          "version_group": {
            "name": "scarlet-violet",
            "url": "https://pokeapi.co/api/v2/version-group/25/"
          }
        }
      ]
    },
    {
      "move": {
        "name": "swagger",
        "url": "https://pokeapi.co/api/v2/move/207/"
      },
      "version_group_details": [
        {
          "level_learned_at": 38,
          "move_learn_method": {
            "name": "level-up",
            "url": "https://pokeapi.co/api/v2/move-learn-method/1/"
          },
          "order": null,
          "version_group": {
            "name": "scarlet-violet",
            "url": "https://pokeapi.co/api/v2/version-group/25/"
          }
        }
      ]
    },
    {
      "move": {
        "name": "sleep-talk",
        "url": "https://pokeapi.co/api/v2/move/214/"
      },
      "version_group_details": [
        {
          "level_learned_at": 0,
          "move_learn_method": {
            "name": "machine",
            "url": "https://pokeapi.co/api/v2/move-learn-method/4/"
          },
          "order": null,
          "version_group": {
            "name": "scarlet-violet",
            "url": "https://pokeapi.co/api/v2/version-group/25/"
          }
        }
      ]
    },
    {
      "move": {
        "name": "sunny-day",
        "url": "https://pokeapi.co/api/v2/move/241/"
      },
      "version_group_details": [
        {
          "level_learned_at": 0,
          "move_learn_method": {
            "name": "machine",
            "url": "https://pokeapi.co/api/v2/move-learn-method/4/"
          },
          "order": null,
          "version_group": {
            "name": "scarlet-violet",
            "url": "https://pokeapi.co/api/v2/version-group/25/"
          }
        }
      ]
    },
    {
      "move": {
        "name": "uproar",
        "url": "https://pokeapi.co/api/v2/move/253/"
      },
      "version_group_details": [
        {
          "level_learned_at": 24,
          "move_learn_method": {
            "name": "level-up",
            "url": "https://pokeapi.co/api/v2/move-learn-method/1/"
          },
          "order": null,
          "version_group": {
            "name": "scarlet-violet",
            "url": "https://pokeapi.co/api/v2/version-group/25/"
          }
        },
        {
          "level_learned_at": 0,
          "move_learn_method": {
            "name": "machine",
            "url": "https://pokeapi.co/api/v2/move-learn-method/4/"
          },
          "order": null,
          "version_group": {
            "name": "scarlet-violet",
            "url": "https://pokeapi.co/api/v2/version-group/25/"
          }
        }
      ]
    },
    {
      "move": {
        "name": "heat-wave",
        "url": "https://pokeapi.co/api/v2/move/257/"
      },
      "version_group_details": [
        {
          "level_learned_at": 0,
          "move_learn_method": {
            "name": "machine",
            "url": "https://pokeapi.co/api/v2/move-learn-method/4/"
          },
          "order": null,
          "version_group": {
            "name": "scarlet-violet",
            "url": "https://pokeapi.co/api/v2/version-group/25/"
          }
        }
      ]
    },
    {
      "move": {
        "name": "torment",
        "url": "https://pokeapi.co/api/v2/move/259/"
      },
      "version_group_details": [
        {
          "level_learned_at": 10,
          "move_learn_method": {
            "name": "level-up",
            "url": "https://pokeapi.co/api/v2/move-learn-method/1/"
          },
          "order": null,
          "version_group": {
            "name": "scarlet-violet",
            "url": "https://pokeapi.co/api/v2/version-group/25/"
          }
        }
      ]
    },
    {
      "move": {
        "name": "flatter",
        "url": "https://pokeapi.co/api/v2/move/260/"
      },
      "version_group_details": [
        {
          "level_learned_at": 0,
          "move_learn_method": {
            "name": "egg",
            "url": "https://pokeapi.co/api/v2/move-learn-method/2/"
          },
          "order": null,
          "version_group": {
            "name": "scarlet-violet",
            "url": "https://pokeapi.co/api/v2/version-group/25/"
          }
        }
      ]
    },
    {
      "move": {
        "name": "facade",
        "url": "https://pokeapi.co/api/v2/move/263/"
      },
      "version_group_details": [
        {
          "level_learned_at": 34,
          "move_learn_method": {
            "name": "level-up",
            "url": "https://pokeapi.co/api/v2/move-learn-method/1/"
          },
          "order": null,
          "version_group": {
            "name": "scarlet-violet",
            "url": "https://pokeapi.co/api/v2/version-group/25/"
          }
        },
        {
          "level_learned_at": 0,
          "move_learn_method": {
            "name": "machine",
            "url": "https://pokeapi.co/api/v2/move-learn-method/4/"
          },
          "order": null,
          "version_group": {
            "name": "scarlet-violet",
            "url": "https://pokeapi.co/api/v2/version-group/25/"
          }
        }
      ]
    },
    {
      "move": {
        "name": "taunt",
        "url": "https://pokeapi.co/api/v2/move/269/"
      },
      "version_group_details": [
        {
          "level_learned_at": 20,
          "move_learn_method": {
            "name": "level-up",
            "url": "https://pokeapi.co/api/v2/move-learn-method/1/"
          },
          "order": null,
          "version_group": {
            "name": "scarlet-violet",
            "url": "https://pokeapi.co/api/v2/version-group/25/"
          }
        },
        {
          "level_learned_at": 0,
          "move_learn_method": {
            "name": "machine",
            "url": "https://pokeapi.co/api/v2/move-learn-method/4/"
          },
          "order": null,
          "version_group": {
            "name": "scarlet-violet",
            "url": "https://pokeapi.co/api/v2/version-group/25/"
          }
        }
      ]
    },
    {
      "move": {
        "name": "helping-hand",
        "url": "https://pokeapi.co/api/v2/move/270/"
      },
      "version_group_details": [
        {
          "level_learned_at": 0,
          "move_learn_method": {
            "name": "machine",
            "url": "https://pokeapi.co/api/v2/move-learn-method/4/"
          },
          "order": null,
          "version_group": {
            "name": "scarlet-violet",
            "url": "https://pokeapi.co/api/v2/version-group/25/"
          }
        }
      ]
    },
    {
      "move": {
        "name": "endeavor",
        "url": "https://pokeapi.co/api/v2/move/283/"
      },
      "version_group_details": [
        {
          "level_learned_at": 0,
          "move_learn_method": {
            "name": "machine",
            "url": "https://pokeapi.co/api/v2/move-learn-method/4/"
          },
          "order": null,
          "version_group": {
            "name": "scarlet-violet",
            "url": "https://pokeapi.co/api/v2/version-group/25/"
          }
        }
      ]
    },
    {
      "move": {
        "name": "feather-dance",
        "url": "https://pokeapi.co/api/v2/move/297/"
      },
      "version_group_details": [
        {
          "level_learned_at": 0,
          "move_learn_method": {
            "name": "machine",
            "url": "https://pokeapi.co/api/v2/move-learn-method/4/"
          },
          "order": null,
          "version_group": {
            "name": "scarlet-violet",
            "url": "https://pokeapi.co/api/v2/version-group/25/"
          }
        }
      ]
    },
    {
      "move": {
        "name": "hyper-voice",
        "url": "https://pokeapi.co/api/v2/move/304/"
      },
      "version_group_details": [
        {
          "level_learned_at": 0,
          "move_learn_method": {
            "name": "machine",
            "url": "https://pokeapi.co/api/v2/move-learn-method/4/"
          },
          "order": null,
          "version_group": {
            "name": "scarlet-violet",
            "url": "https://pokeapi.co/api/v2/version-group/25/"
          }
        }
      ]
    },
    {
      "move": {
        "name": "fake-tears",
        "url": "https://pokeapi.co/api/v2/move/313/"
      },
      "version_group_details": [
        {
          "level_learned_at": 0,
          "move_learn_method": {
            "name": "machine",
            "url": "https://pokeapi.co/api/v2/move-learn-method/4/"
          },
          "order": null,
          "version_group": {
            "name": "scarlet-violet",
            "url": "https://pokeapi.co/api/v2/version-group/25/"
          }
        }
      ]
    },
    {
      "move": {
        "name": "air-cutter",
        "url": "https://pokeapi.co/api/v2/move/314/"
      },
      "version_group_details": [
        {
          "level_learned_at": 0,
          "move_learn_method": {
            "name": "machine",
            "url": "https://pokeapi.co/api/v2/move-learn-method/4/"
          },
          "order": null,
          "version_group": {
            "name": "scarlet-violet",
            "url": "https://pokeapi.co/api/v2/version-group/25/"
          }
        }
      ]
    },
    {
      "move": {
        "name": "aerial-ace",
        "url": "https://pokeapi.co/api/v2/move/332/"
      },
      "version_group_details": [
        {
          "level_learned_at": 13,
          "move_learn_method": {
            "name": "level-up",
            "url": "https://pokeapi.co/api/v2/move-learn-method/1/"
          },
          "order": null,
          "version_group": {
            "name": "scarlet-violet",
            "url": "https://pokeapi.co/api/v2/version-group/25/"
          }
        },
        {
          "level_learned_at": 0,
          "move_learn_method": {
            "name": "machine",
            "url": "https://pokeapi.co/api/v2/move-learn-method/4/"
          },
          "order": null,
          "version_group": {
            "name": "scarlet-violet",
            "url": "https://pokeapi.co/api/v2/version-group/25/"
          }
        }
      ]
    },
    {
      "move": {
        "name": "roost",
        "url": "https://pokeapi.co/api/v2/move/355/"
      },
      "version_group_details": [
        {
          "level_learned_at": 47,
          "move_learn_method": {
            "name": "level-up",
            "url": "https://pokeapi.co/api/v2/move-learn-method/1/"
          },
          "order": null,
          "version_group": {
            "name": "scarlet-violet",
            "url": "https://pokeapi.co/api/v2/version-group/25/"
          }
        }
      ]
    },
    {
      "move": {
        "name": "tailwind",
        "url": "https://pokeapi.co/api/v2/move/366/"
      },
      "version_group_details": [
        {
          "level_learned_at": 0,
          "move_learn_method": {
            "name": "machine",
            "url": "https://pokeapi.co/api/v2/move-learn-method/4/"
          },
          "order": null,
          "version_group": {
            "name": "scarlet-violet",
            "url": "https://pokeapi.co/api/v2/version-group/25/"
          }
        }
      ]
    },
    {
      "move": {
        "name": "u-turn",
        "url": "https://pokeapi.co/api/v2/move/369/"
      },
      "version_group_details": [
        {
          "level_learned_at": 0,
          "move_learn_method": {
            "name": "machine",
            "url": "https://pokeapi.co/api/v2/move-learn-method/4/"
          },
          "order": null,
          "version_group": {
            "name": "scarlet-violet",
            "url": "https://pokeapi.co/api/v2/version-group/25/"
          }
        }
      ]
    },
    {
      "move": {
        "name": "copycat",
        "url": "https://pokeapi.co/api/v2/move/383/"
      },
      "version_group_details": [
        {
          "level_learned_at": 27,
          "move_learn_method": {
            "name": "level-up",
            "url": "https://pokeapi.co/api/v2/move-learn-method/1/"
          },
          "order": null,
          "version_group": {
            "name": "scarlet-violet",
            "url": "https://pokeapi.co/api/v2/version-group/25/"
          }
        }
      ]
    },
    {
      "move": {
        "name": "air-slash",
        "url": "https://pokeapi.co/api/v2/move/403/"
      },
      "version_group_details": [
        {
          "level_learned_at": 0,
          "move_learn_method": {
            "name": "machine",
            "url": "https://pokeapi.co/api/v2/move-learn-method/4/"
          },
          "order": null,
          "version_group": {
            "name": "scarlet-violet",
            "url": "https://pokeapi.co/api/v2/version-group/25/"
          }
        }
      ]
    },
    {
      "move": {
        "name": "brave-bird",
        "url": "https://pokeapi.co/api/v2/move/413/"
      },
      "version_group_details": [
        {
          "level_learned_at": 42,
          "move_learn_method": {
            "name": "level-up",
            "url": "https://pokeapi.co/api/v2/move-learn-method/1/"
          },
          "order": null,
          "version_group": {
            "name": "scarlet-violet",
            "url": "https://pokeapi.co/api/v2/version-group/25/"
          }
        },
        {
          "level_learned_at": 0,
          "move_learn_method": {
            "name": "machine",
            "url": "https://pokeapi.co/api/v2/move-learn-method/4/"
          },
          "order": null,
          "version_group": {
            "name": "scarlet-violet",
            "url": "https://pokeapi.co/api/v2/version-group/25/"
          }
        }
      ]
    },
    {
      "move": {
        "name": "giga-impact",
        "url": "https://pokeapi.co/api/v2/move/416/"
      },
      "version_group_details": [
        {
          "level_learned_at": 0,
          "move_learn_method": {
            "name": "machine",
            "url": "https://pokeapi.co/api/v2/move-learn-method/4/"
          },
          "order": null,
          "version_group": {
            "name": "scarlet-violet",
            "url": "https://pokeapi.co/api/v2/version-group/25/"
          }
        }
      ]
    },
    {
      "move": {
        "name": "foul-play",
        "url": "https://pokeapi.co/api/v2/move/492/"
      },
      "version_group_details": [
        {
          "level_learned_at": 0,
          "move_learn_method": {
            "name": "machine",
            "url": "https://pokeapi.co/api/v2/move-learn-method/4/"
          },
          "order": null,
          "version_group": {
            "name": "scarlet-violet",
            "url": "https://pokeapi.co/api/v2/version-group/25/"
          }
        }
      ]
    },
    {
      "move": {
        "name": "final-gambit",
        "url": "https://pokeapi.co/api/v2/move/515/"
      },
      "version_group_details": [
        {
          "level_learned_at": 0,
          "move_learn_method": {
            "name": "egg",
            "url": "https://pokeapi.co/api/v2/move-learn-method/2/"
          },
          "order": null,
          "version_group": {
            "name": "scarlet-violet",
            "url": "https://pokeapi.co/api/v2/version-group/25/"
          }
        }
      ]
    },
    {
      "move": {
        "name": "hurricane",
        "url": "https://pokeapi.co/api/v2/move/542/"
      },
      "version_group_details": [
        {
          "level_learned_at": 0,
          "move_learn_method": {
            "name": "machine",
            "url": "https://pokeapi.co/api/v2/move-learn-method/4/"
          },
          "order": null,
          "version_group": {
            "name": "scarlet-violet",
            "url": "https://pokeapi.co/api/v2/version-group/25/"
          }
        }
      ]
    },
    {
      "move": {
        "name": "parting-shot",
        "url": "https://pokeapi.co/api/v2/move/575/"
      },
      "version_group_details": [
        {
          "level_learned_at": 0,
          "move_learn_method": {
            "name": "egg",
            "url": "https://pokeapi.co/api/v2/move-learn-method/2/"
          },
          "order": null,
          "version_group": {
            "name": "scarlet-violet",
            "url": "https://pokeapi.co/api/v2/version-group/25/"
          }
        }
      ]
    },
    {
      "move": {
        "name": "lash-out",
        "url": "https://pokeapi.co/api/v2/move/808/"
      },
      "version_group_details": [
        {
          "level_learned_at": 0,
          "move_learn_method": {
            "name": "machine",
            "url": "https://pokeapi.co/api/v2/move-learn-method/4/"
          },
          "order": null,
          "version_group": {
            "name": "scarlet-violet",
            "url": "https://pokeapi.co/api/v2/version-group/25/"
          }
        }
      ]
    },
    {
      "move": {
        "name": "dual-wingbeat",
        "url": "https://pokeapi.co/api/v2/move/814/"
      },
      "version_group_details": [
        {
          "level_learned_at": 0,
          "move_learn_method": {
            "name": "machine",
            "url": "https://pokeapi.co/api/v2/move-learn-method/4/"
          },
          "order": null,
          "version_group": {
            "name": "scarlet-violet",
            "url": "https://pokeapi.co/api/v2/version-group/25/"
          }
        }
      ]
    },
    {
      "move": {
        "name": "tera-blast",
        "url": "https://pokeapi.co/api/v2/move/851/"
      },
      "version_group_details": [
        {
          "level_learned_at": 0,
          "move_learn_method": {
            "name": "machine",
            "url": "https://pokeapi.co/api/v2/move-learn-method/4/"
          },
          "order": null,
          "version_group": {
            "name": "scarlet-violet",
            "url": "https://pokeapi.co/api/v2/version-group/25/"
          }
        }
      ]
    },
    {
      "move": {
        "name": "pounce",
        "url": "https://pokeapi.co/api/v2/move/884/"
      },
      "version_group_details": [
        {
          "level_learned_at": 0,
          "move_learn_method": {
            "name": "machine",
            "url": "https://pokeapi.co/api/v2/move-learn-method/4/"
          },
          "order": null,
          "version_group": {
            "name": "scarlet-violet",
            "url": "https://pokeapi.co/api/v2/version-group/25/"
          }
        }
      ]
    }
  ],
  "name": "squawkabilly-blue-plumage",
  "order": -1,
  "past_abilities": [],
  "past_types": [],
  "species": {
    "name": "squawkabilly",
    "url": "https://pokeapi.co/api/v2/pokemon-species/931/"
  },
  "sprites": {
    "back_default": null,
    "back_female": null,
    "back_shiny": null,
    "back_shiny_female": null,
    "front_default": "https://raw.githubusercontent.com/PokeAPI/sprites/master/sprites/pokemon/10260.png",
    "front_female": null,
    "front_shiny": "https://raw.githubusercontent.com/PokeAPI/sprites/master/sprites/pokemon/shiny/10260.png",
    "front_shiny_female": null,
    "other": {
      "dream_world": {
        "front_default": "https://raw.githubusercontent.com/PokeAPI/sprites/master/sprites/pokemon/other/dream-world/10260.svg",
        "front_female": null
      },
      "home": {
        "front_default": "https://raw.githubusercontent.com/PokeAPI/sprites/master/sprites/pokemon/other/home/10260.png",
        "front_female": null,
        "front_shiny": "https://raw.githubusercontent.com/PokeAPI/sprites/master/sprites/pokemon/other/home/shiny/10260.png",
        "front_shiny_female": null
      },
      "official-artwork": {
        "front_default": "https://raw.githubusercontent.com/PokeAPI/sprites/master/sprites/pokemon/other/official-artwork/10260.png",
        "front_shiny": "https://raw.githubusercontent.com/PokeAPI/sprites/master/sprites/pokemon/other/official-artwork/shiny/10260.png"
      },
      "showdown": {
        "back_default": null,
        "back_female": null,
        "back_shiny": null,
        "back_shiny_female": null,
        "front_default": null,
        "front_female": null,
        "front_shiny": null,
        "front_shiny_female": null
      }
    },
    "versions": {
      "generation-i": {
        "red-blue": {
          "back_default": null,
          "back_gray": null,
          "back_transparent": null,
          "front_default": null,
          "front_gray": null,
          "front_transparent": null
        },
        "yellow": {
          "back_default": null,
          "back_gray": null,
          "back_transparent": null,
          "front_default": null,
          "front_gray": null,
          "front_transparent": null
        }
      },
      "generation-ii": {
        "crystal": {
          "back_default": null,
          "back_shiny": null,
          "back_shiny_transparent": null,
          "back_transparent": null,
          "front_default": null,
          "front_shiny": null,
          "front_shiny_transparent": null,
          "front_transparent": null
        },
        "gold": {
          "back_default": null,
          "back_shiny": null,
          "front_default": null,
          "front_shiny": null,
          "front_transparent": null
        },
        "silver": {
          "back_default": null,
          "back_shiny": null,
          "front_default": null,
          "front_shiny": null,
          "front_transparent": null
        }
      },
      "generation-iii": {
        "emerald": {
          "front_default": null,
          "front_shiny": null
        },
        "firered-leafgreen": {
          "back_default": null,
          "back_shiny": null,
          "front_default": null,
          "front_shiny": null
        },
        "ruby-sapphire": {
          "back_default": null,
          "back_shiny": null,
          "front_default": null,
          "front_shiny": null
        }
      },
      "generation-iv": {
        "diamond-pearl": {
          "back_default": null,
          "back_female": null,
          "back_shiny": null,
          "back_shiny_female": null,
          "front_default": null,
          "front_female": null,
          "front_shiny": null,
          "front_shiny_female": null
        },
        "heartgold-soulsilver": {
          "back_default": null,
          "back_female": null,
          "back_shiny": null,
          "back_shiny_female": null,
          "front_default": null,
          "front_female": null,
          "front_shiny": null,
          "front_shiny_female": null
        },
        "platinum": {
          "back_default": null,
          "back_female": null,
          "back_shiny": null,
          "back_shiny_female": null,
          "front_default": null,
          "front_female": null,
          "front_shiny": null,
          "front_shiny_female": null
        }
      },
      "generation-ix": {
        "scarlet-violet": {
          "front_default": "https://raw.githubusercontent.com/PokeAPI/sprites/master/sprites/pokemon/versions/generation-ix/scarlet-violet/931-blue-plumage.png",
          "front_female": null
        }
      },
      "generation-v": {
        "black-white": {
          "animated": {
            "back_default": null,
            "back_female": null,
            "back_shiny": null,
            "back_shiny_female": null,
            "front_default": null,
            "front_female": null,
            "front_shiny": null,
            "front_shiny_female": null
          },
          "back_default": null,
          "back_female": null,
          "back_shiny": null,
          "back_shiny_female": null,
          "front_default": null,
          "front_female": null,
          "front_shiny": null,
          "front_shiny_female": null
        }
      },
      "generation-vi": {
        "omegaruby-alphasapphire": {
          "front_default": null,
          "front_female": null,
          "front_shiny": null,
          "front_shiny_female": null
        },
        "x-y": {
          "front_default": null,
          "front_female": null,
          "front_shiny": null,
          "front_shiny_female": null
        }
      },
      "generation-vii": {
        "icons": {
          "front_default": null,
          "front_female": null
        },
        "ultra-sun-ultra-moon": {
          "front_default": null,
          "front_female": null,
          "front_shiny": null,
          "front_shiny_female": null
        }
      },
      "generation-viii": {
        "brilliant-diamond-shining-pearl": {
          "front_default": null,
          "front_female": null
        },
        "icons": {
          "front_default": null,
          "front_female": null
        }
      }
    }
  },
  "stats": [
    {
      "base_stat": 82,
      "effort": 0,
      "stat": {
        "name": "hp",
        "url": "https://pokeapi.co/api/v2/stat/1/"
      }
    },
    {
      "base_stat": 96,
      "effort": 1,
      "stat": {
        "name": "attack",
        "url": "https://pokeapi.co/api/v2/stat/2/"
      }
    },
    {
      "base_stat": 51,
      "effort": 0,
      "stat": {
        "name": "defense",
        "url": "https://pokeapi.co/api/v2/stat/3/"
      }
    },
    {
      "base_stat": 45,
      "effort": 0,
      "stat": {
        "name": "special-attack",
        "url": "https://pokeapi.co/api/v2/stat/4/"
      }
    },
    {
      "base_stat": 51,
      "effort": 0,
      "stat": {
        "name": "special-defense",
        "url": "https://pokeapi.co/api/v2/stat/5/"
      }
    },
    {
      "base_stat": 92,
      "effort": 0,
      "stat": {
        "name": "speed",
        "url": "https://pokeapi.co/api/v2/stat/6/"
      }
    }
  ],
  "types": [
    {
      "slot": 1,
      "type": {
        "name": "normal",
        "url": "https://pokeapi.co/api/v2/type/1/"
      }
    },
    {
      "slot": 2,
      "type": {
        "name": "flying",
        "url": "https://pokeapi.co/api/v2/type/3/"
      }
    }
  ],
  "weight": 24
}