{
  "abilities": [
    {
      "ability": {
        "name": "chlorophyll",
        "url": "https://pokeapi.co/api/v2/ability/34/"
      },
      "is_hidden": false,
      "slot": 1
    },
    {
      "ability": {
        "name": "hustle",
        "url": "https://pokeapi.co/api/v2/ability/55/"
      },
      "is_hidden": false,
      "slot": 2
    },
    {
      "ability": {
        "name": "leaf-guard",
        "url": "https://pokeapi.co/api/v2/ability/102/"
      },
      "is_hidden": true,
      "slot": 3
    }
  ],
  "base_experience": 168,
  "cries": {
    "latest": "https://raw.githubusercontent.com/PokeAPI/cries/main/cries/pokemon/latest/10237.ogg",
    "legacy": null
  },
  "forms": [
    {
      "name": "lilligant-hisui",
      "url": "https://pokeapi.co/api/v2/pokemon-form/10406/"
    }
  ],
  "game_indices": [],
  "height": 12,
  "held_items": [],
  "id": 10237,
  "is_default": false,
  "location_area_encounters": "https://pokeapi.co/api/v2/pokemon/10237/encounters",
  "moves": [
    {
      "move": {
        "name": "swords-dance",
        "url": "https://pokeapi.co/api/v2/move/14/"
      },
      "version_group_details": [
        {
          "level_learned_at": 0,
          "move_learn_method": {
            "name": "machine",
            "url": "https://pokeapi.co/api/v2/move-learn-method/4/"
          },
          "order": null,
          "version_group": {
            "name": "scarlet-violet",
            "url": "https://pokeapi.co/api/v2/version-group/25/"
          }
        }
      ]
    },
    {
      "move": {
        "name": "mega-kick",
        "url": "https://pokeapi.co/api/v2/move/25/"
      },
      "version_group_details": [
        {
          "level_learned_at": 1,
          "move_learn_method": {
            "name": "level-up",
            "url": "https://pokeapi.co/api/v2/move-learn-method/1/"
          },
          "order": 11,
          "version_group": {
            "name": "scarlet-violet",
            "url": "https://pokeapi.co/api/v2/version-group/25/"
          }
        }
      ]
    },
    {
      "move": {
        "name": "take-down",
        "url": "https://pokeapi.co/api/v2/move/36/"
      },
      "version_group_details": [
        {
          "level_learned_at": 0,
          "move_learn_method": {
            "name": "machine",
            "url": "https://pokeapi.co/api/v2/move-learn-method/4/"
          },
          "order": null,
          "version_group": {
            "name": "scarlet-violet",
            "url": "https://pokeapi.co/api/v2/version-group/25/"
          }
        }
      ]
    },
    {
      "move": {
        "name": "hyper-beam",
        "url": "https://pokeapi.co/api/v2/move/63/"
      },
      "version_group_details": [
        {
          "level_learned_at": 0,
          "move_learn_method": {
            "name": "tutor",
            "url": "https://pokeapi.co/api/v2/move-learn-method/3/"
          },
          "order": null,
          "version_group": {
            "name": "legends-arceus",
            "url": "https://pokeapi.co/api/v2/version-group/24/"
          }
        },
        {
          "level_learned_at": 0,
          "move_learn_method": {
            "name": "machine",
            "url": "https://pokeapi.co/api/v2/move-learn-method/4/"
          },
          "order": null,
          "version_group": {
            "name": "scarlet-violet",
            "url": "https://pokeapi.co/api/v2/version-group/25/"
          }
        }
      ]
    },
    {
      "move": {
        "name": "low-kick",
        "url": "https://pokeapi.co/api/v2/move/67/"
      },
      "version_group_details": [
        {
          "level_learned_at": 0,
          "move_learn_method": {
            "name": "machine",
            "url": "https://pokeapi.co/api/v2/move-learn-method/4/"
          },
          "order": null,
          "version_group": {
            "name": "scarlet-violet",
            "url": "https://pokeapi.co/api/v2/version-group/25/"
          }
        }
      ]
    },
    {
      "move": {
        "name": "absorb",
        "url": "https://pokeapi.co/api/v2/move/71/"
      },
      "version_group_details": [
        {
          "level_learned_at": 1,
          "move_learn_method": {
            "name": "level-up",
            "url": "https://pokeapi.co/api/v2/move-learn-method/1/"
          },
          "order": null,
          "version_group": {
            "name": "legends-arceus",
            "url": "https://pokeapi.co/api/v2/version-group/24/"
          }
        },
        {
          "level_learned_at": 1,
          "move_learn_method": {
            "name": "level-up",
            "url": "https://pokeapi.co/api/v2/move-learn-method/1/"
          },
          "order": 20,
          "version_group": {
            "name": "scarlet-violet",
            "url": "https://pokeapi.co/api/v2/version-group/25/"
          }
        }
      ]
    },
    {
      "move": {
        "name": "mega-drain",
        "url": "https://pokeapi.co/api/v2/move/72/"
      },
      "version_group_details": [
        {
          "level_learned_at": 1,
          "move_learn_method": {
            "name": "level-up",
            "url": "https://pokeapi.co/api/v2/move-learn-method/1/"
          },
          "order": 19,
          "version_group": {
            "name": "scarlet-violet",
            "url": "https://pokeapi.co/api/v2/version-group/25/"
          }
        }
      ]
    },
    {
      "move": {
        "name": "leech-seed",
        "url": "https://pokeapi.co/api/v2/move/73/"
      },
      "version_group_details": [
        {
          "level_learned_at": 1,
          "move_learn_method": {
            "name": "level-up",
            "url": "https://pokeapi.co/api/v2/move-learn-method/1/"
          },
          "order": 18,
          "version_group": {
            "name": "scarlet-violet",
            "url": "https://pokeapi.co/api/v2/version-group/25/"
          }
        }
      ]
    },
    {
      "move": {
        "name": "growth",
        "url": "https://pokeapi.co/api/v2/move/74/"
      },
      "version_group_details": [
        {
          "level_learned_at": 1,
          "move_learn_method": {
            "name": "level-up",
            "url": "https://pokeapi.co/api/v2/move-learn-method/1/"
          },
          "order": 17,
          "version_group": {
            "name": "scarlet-violet",
            "url": "https://pokeapi.co/api/v2/version-group/25/"
          }
        }
      ]
    },
    {
      "move": {
        "name": "solar-beam",
        "url": "https://pokeapi.co/api/v2/move/76/"
      },
      "version_group_details": [
        {
          "level_learned_at": 0,
          "move_learn_method": {
            "name": "machine",
            "url": "https://pokeapi.co/api/v2/move-learn-method/4/"
          },
          "order": null,
          "version_group": {
            "name": "scarlet-violet",
            "url": "https://pokeapi.co/api/v2/version-group/25/"
          }
        }
      ]
    },
    {
      "move": {
        "name": "poison-powder",
        "url": "https://pokeapi.co/api/v2/move/77/"
      },
      "version_group_details": [
        {
          "level_learned_at": 15,
          "move_learn_method": {
            "name": "level-up",
            "url": "https://pokeapi.co/api/v2/move-learn-method/1/"
          },
          "order": null,
          "version_group": {
            "name": "legends-arceus",
            "url": "https://pokeapi.co/api/v2/version-group/24/"
          }
        }
      ]
    },
    {
      "move": {
        "name": "stun-spore",
        "url": "https://pokeapi.co/api/v2/move/78/"
      },
      "version_group_details": [
        {
          "level_learned_at": 9,
          "move_learn_method": {
            "name": "level-up",
            "url": "https://pokeapi.co/api/v2/move-learn-method/1/"
          },
          "order": null,
          "version_group": {
            "name": "legends-arceus",
            "url": "https://pokeapi.co/api/v2/version-group/24/"
          }
        },
        {
          "level_learned_at": 1,
          "move_learn_method": {
            "name": "level-up",
            "url": "https://pokeapi.co/api/v2/move-learn-method/1/"
          },
          "order": 16,
          "version_group": {
            "name": "scarlet-violet",
            "url": "https://pokeapi.co/api/v2/version-group/25/"
          }
        }
      ]
    },
    {
      "move": {
        "name": "sleep-powder",
        "url": "https://pokeapi.co/api/v2/move/79/"
      },
      "version_group_details": [
        {
          "level_learned_at": 29,
          "move_learn_method": {
            "name": "level-up",
            "url": "https://pokeapi.co/api/v2/move-learn-method/1/"
          },
          "order": null,
          "version_group": {
            "name": "legends-arceus",
            "url": "https://pokeapi.co/api/v2/version-group/24/"
          }
        },
        {
          "level_learned_at": 1,
          "move_learn_method": {
            "name": "level-up",
            "url": "https://pokeapi.co/api/v2/move-learn-method/1/"
          },
          "order": 15,
          "version_group": {
            "name": "scarlet-violet",
            "url": "https://pokeapi.co/api/v2/version-group/25/"
          }
        }
      ]
    },
    {
      "move": {
        "name": "petal-dance",
        "url": "https://pokeapi.co/api/v2/move/80/"
      },
      "version_group_details": [
        {
          "level_learned_at": 53,
          "move_learn_method": {
            "name": "level-up",
            "url": "https://pokeapi.co/api/v2/move-learn-method/1/"
          },
          "order": null,
          "version_group": {
            "name": "legends-arceus",
            "url": "https://pokeapi.co/api/v2/version-group/24/"
          }
        }
      ]
    },
    {
      "move": {
        "name": "recover",
        "url": "https://pokeapi.co/api/v2/move/105/"
      },
      "version_group_details": [
        {
          "level_learned_at": 37,
          "move_learn_method": {
            "name": "level-up",
            "url": "https://pokeapi.co/api/v2/move-learn-method/1/"
          },
          "order": null,
          "version_group": {
            "name": "legends-arceus",
            "url": "https://pokeapi.co/api/v2/version-group/24/"
          }
        }
      ]
    },
    {
      "move": {
        "name": "focus-energy",
        "url": "https://pokeapi.co/api/v2/move/116/"
      },
      "version_group_details": [
        {
          "level_learned_at": 0,
          "move_learn_method": {
            "name": "tutor",
            "url": "https://pokeapi.co/api/v2/move-learn-method/3/"
          },
          "order": null,
          "version_group": {
            "name": "legends-arceus",
            "url": "https://pokeapi.co/api/v2/version-group/24/"
          }
        }
      ]
    },
    {
      "move": {
        "name": "metronome",
        "url": "https://pokeapi.co/api/v2/move/118/"
      },
      "version_group_details": [
        {
          "level_learned_at": 0,
          "move_learn_method": {
            "name": "machine",
            "url": "https://pokeapi.co/api/v2/move-learn-method/4/"
          },
          "order": null,
          "version_group": {
            "name": "scarlet-violet",
            "url": "https://pokeapi.co/api/v2/version-group/25/"
          }
        }
      ]
    },
    {
      "move": {
        "name": "rest",
        "url": "https://pokeapi.co/api/v2/move/156/"
      },
      "version_group_details": [
        {
          "level_learned_at": 0,
          "move_learn_method": {
            "name": "tutor",
            "url": "https://pokeapi.co/api/v2/move-learn-method/3/"
          },
          "order": null,
          "version_group": {
            "name": "legends-arceus",
            "url": "https://pokeapi.co/api/v2/version-group/24/"
          }
        },
        {
          "level_learned_at": 0,
          "move_learn_method": {
            "name": "machine",
            "url": "https://pokeapi.co/api/v2/move-learn-method/4/"
          },
          "order": null,
          "version_group": {
            "name": "scarlet-violet",
            "url": "https://pokeapi.co/api/v2/version-group/25/"
          }
        }
      ]
    },
    {
      "move": {
        "name": "substitute",
        "url": "https://pokeapi.co/api/v2/move/164/"
      },
      "version_group_details": [
        {
          "level_learned_at": 0,
          "move_learn_method": {
            "name": "machine",
            "url": "https://pokeapi.co/api/v2/move-learn-method/4/"
          },
          "order": null,
          "version_group": {
            "name": "scarlet-violet",
            "url": "https://pokeapi.co/api/v2/version-group/25/"
          }
        }
      ]
    },
    {
      "move": {
        "name": "protect",
        "url": "https://pokeapi.co/api/v2/move/182/"
      },
      "version_group_details": [
        {
          "level_learned_at": 0,
          "move_learn_method": {
            "name": "machine",
            "url": "https://pokeapi.co/api/v2/move-learn-method/4/"
          },
          "order": null,
          "version_group": {
            "name": "scarlet-violet",
            "url": "https://pokeapi.co/api/v2/version-group/25/"
          }
        }
      ]
    },
    {
      "move": {
        "name": "giga-drain",
        "url": "https://pokeapi.co/api/v2/move/202/"
      },
      "version_group_details": [
        {
          "level_learned_at": 1,
          "move_learn_method": {
            "name": "level-up",
            "url": "https://pokeapi.co/api/v2/move-learn-method/1/"
          },
          "order": 14,
          "version_group": {
            "name": "scarlet-violet",
            "url": "https://pokeapi.co/api/v2/version-group/25/"
          }
        },
        {
          "level_learned_at": 0,
          "move_learn_method": {
            "name": "machine",
            "url": "https://pokeapi.co/api/v2/move-learn-method/4/"
          },
          "order": null,
          "version_group": {
            "name": "scarlet-violet",
            "url": "https://pokeapi.co/api/v2/version-group/25/"
          }
        }
      ]
    },
    {
      "move": {
        "name": "endure",
        "url": "https://pokeapi.co/api/v2/move/203/"
      },
      "version_group_details": [
        {
          "level_learned_at": 0,
          "move_learn_method": {
            "name": "machine",
            "url": "https://pokeapi.co/api/v2/move-learn-method/4/"
          },
          "order": null,
          "version_group": {
            "name": "scarlet-violet",
            "url": "https://pokeapi.co/api/v2/version-group/25/"
          }
        }
      ]
    },
    {
      "move": {
        "name": "charm",
        "url": "https://pokeapi.co/api/v2/move/204/"
      },
      "version_group_details": [
        {
          "level_learned_at": 0,
          "move_learn_method": {
            "name": "machine",
            "url": "https://pokeapi.co/api/v2/move-learn-method/4/"
          },
          "order": null,
          "version_group": {
            "name": "scarlet-violet",
            "url": "https://pokeapi.co/api/v2/version-group/25/"
          }
        }
      ]
    },
    {
      "move": {
        "name": "sleep-talk",
        "url": "https://pokeapi.co/api/v2/move/214/"
      },
      "version_group_details": [
        {
          "level_learned_at": 0,
          "move_learn_method": {
            "name": "machine",
            "url": "https://pokeapi.co/api/v2/move-learn-method/4/"
          },
          "order": null,
          "version_group": {
            "name": "scarlet-violet",
            "url": "https://pokeapi.co/api/v2/version-group/25/"
          }
        }
      ]
    },
    {
      "move": {
        "name": "encore",
        "url": "https://pokeapi.co/api/v2/move/227/"
      },
      "version_group_details": [
        {
          "level_learned_at": 0,
          "move_learn_method": {
            "name": "machine",
            "url": "https://pokeapi.co/api/v2/move-learn-method/4/"
          },
          "order": null,
          "version_group": {
            "name": "scarlet-violet",
            "url": "https://pokeapi.co/api/v2/version-group/25/"
          }
        }
      ]
    },
    {
      "move": {
        "name": "synthesis",
        "url": "https://pokeapi.co/api/v2/move/235/"
      },
      "version_group_details": [
        {
          "level_learned_at": 1,
          "move_learn_method": {
            "name": "level-up",
            "url": "https://pokeapi.co/api/v2/move-learn-method/1/"
          },
          "order": 13,
          "version_group": {
            "name": "scarlet-violet",
            "url": "https://pokeapi.co/api/v2/version-group/25/"
          }
        }
      ]
    },
    {
      "move": {
        "name": "rain-dance",
        "url": "https://pokeapi.co/api/v2/move/240/"
      },
      "version_group_details": [
        {
          "level_learned_at": 0,
          "move_learn_method": {
            "name": "machine",
            "url": "https://pokeapi.co/api/v2/move-learn-method/4/"
          },
          "order": null,
          "version_group": {
            "name": "scarlet-violet",
            "url": "https://pokeapi.co/api/v2/version-group/25/"
          }
        }
      ]
    },
    {
      "move": {
        "name": "sunny-day",
        "url": "https://pokeapi.co/api/v2/move/241/"
      },
      "version_group_details": [
        {
          "level_learned_at": 1,
          "move_learn_method": {
            "name": "level-up",
            "url": "https://pokeapi.co/api/v2/move-learn-method/1/"
          },
          "order": 12,
          "version_group": {
            "name": "scarlet-violet",
            "url": "https://pokeapi.co/api/v2/version-group/25/"
          }
        },
        {
          "level_learned_at": 0,
          "move_learn_method": {
            "name": "machine",
            "url": "https://pokeapi.co/api/v2/move-learn-method/4/"
          },
          "order": null,
          "version_group": {
            "name": "scarlet-violet",
            "url": "https://pokeapi.co/api/v2/version-group/25/"
          }
        }
      ]
    },
    {
      "move": {
        "name": "psych-up",
        "url": "https://pokeapi.co/api/v2/move/244/"
      },
      "version_group_details": [
        {
          "level_learned_at": 0,
          "move_learn_method": {
            "name": "machine",
            "url": "https://pokeapi.co/api/v2/move-learn-method/4/"
          },
          "order": null,
          "version_group": {
            "name": "scarlet-violet",
            "url": "https://pokeapi.co/api/v2/version-group/25/"
          }
        }
      ]
    },
    {
      "move": {
        "name": "rock-smash",
        "url": "https://pokeapi.co/api/v2/move/249/"
      },
      "version_group_details": [
        {
          "level_learned_at": 0,
          "move_learn_method": {
            "name": "level-up",
            "url": "https://pokeapi.co/api/v2/move-learn-method/1/"
          },
          "order": null,
          "version_group": {
            "name": "legends-arceus",
            "url": "https://pokeapi.co/api/v2/version-group/24/"
          }
        },
        {
          "level_learned_at": 0,
          "move_learn_method": {
            "name": "tutor",
            "url": "https://pokeapi.co/api/v2/move-learn-method/3/"
          },
          "order": null,
          "version_group": {
            "name": "legends-arceus",
            "url": "https://pokeapi.co/api/v2/version-group/24/"
          }
        }
      ]
    },
    {
      "move": {
        "name": "facade",
        "url": "https://pokeapi.co/api/v2/move/263/"
      },
      "version_group_details": [
        {
          "level_learned_at": 0,
          "move_learn_method": {
            "name": "machine",
            "url": "https://pokeapi.co/api/v2/move-learn-method/4/"
          },
          "order": null,
          "version_group": {
            "name": "scarlet-violet",
            "url": "https://pokeapi.co/api/v2/version-group/25/"
          }
        }
      ]
    },
    {
      "move": {
        "name": "helping-hand",
        "url": "https://pokeapi.co/api/v2/move/270/"
      },
      "version_group_details": [
        {
          "level_learned_at": 1,
          "move_learn_method": {
            "name": "level-up",
            "url": "https://pokeapi.co/api/v2/move-learn-method/1/"
          },
          "order": 21,
          "version_group": {
            "name": "scarlet-violet",
            "url": "https://pokeapi.co/api/v2/version-group/25/"
          }
        },
        {
          "level_learned_at": 0,
          "move_learn_method": {
            "name": "machine",
            "url": "https://pokeapi.co/api/v2/move-learn-method/4/"
          },
          "order": null,
          "version_group": {
            "name": "scarlet-violet",
            "url": "https://pokeapi.co/api/v2/version-group/25/"
          }
        }
      ]
    },
    {
      "move": {
        "name": "brick-break",
        "url": "https://pokeapi.co/api/v2/move/280/"
      },
      "version_group_details": [
        {
          "level_learned_at": 0,
          "move_learn_method": {
            "name": "machine",
            "url": "https://pokeapi.co/api/v2/move-learn-method/4/"
          },
          "order": null,
          "version_group": {
            "name": "scarlet-violet",
            "url": "https://pokeapi.co/api/v2/version-group/25/"
          }
        }
      ]
    },
    {
      "move": {
        "name": "teeter-dance",
        "url": "https://pokeapi.co/api/v2/move/298/"
      },
      "version_group_details": [
        {
          "level_learned_at": 1,
          "move_learn_method": {
            "name": "level-up",
            "url": "https://pokeapi.co/api/v2/move-learn-method/1/"
          },
          "order": 1,
          "version_group": {
            "name": "scarlet-violet",
            "url": "https://pokeapi.co/api/v2/version-group/25/"
          }
        }
      ]
    },
    {
      "move": {
        "name": "weather-ball",
        "url": "https://pokeapi.co/api/v2/move/311/"
      },
      "version_group_details": [
        {
          "level_learned_at": 0,
          "move_learn_method": {
            "name": "machine",
            "url": "https://pokeapi.co/api/v2/move-learn-method/4/"
          },
          "order": null,
          "version_group": {
            "name": "scarlet-violet",
            "url": "https://pokeapi.co/api/v2/version-group/25/"
          }
        }
      ]
    },
    {
      "move": {
        "name": "bullet-seed",
        "url": "https://pokeapi.co/api/v2/move/331/"
      },
      "version_group_details": [
        {
          "level_learned_at": 0,
          "move_learn_method": {
            "name": "machine",
            "url": "https://pokeapi.co/api/v2/move-learn-method/4/"
          },
          "order": null,
          "version_group": {
            "name": "scarlet-violet",
            "url": "https://pokeapi.co/api/v2/version-group/25/"
          }
        }
      ]
    },
    {
      "move": {
        "name": "aerial-ace",
        "url": "https://pokeapi.co/api/v2/move/332/"
      },
      "version_group_details": [
        {
          "level_learned_at": 0,
          "move_learn_method": {
            "name": "tutor",
            "url": "https://pokeapi.co/api/v2/move-learn-method/3/"
          },
          "order": null,
          "version_group": {
            "name": "legends-arceus",
            "url": "https://pokeapi.co/api/v2/version-group/24/"
          }
        },
        {
          "level_learned_at": 0,
          "move_learn_method": {
            "name": "machine",
            "url": "https://pokeapi.co/api/v2/move-learn-method/4/"
          },
          "order": null,
          "version_group": {
            "name": "scarlet-violet",
            "url": "https://pokeapi.co/api/v2/version-group/25/"
          }
        }
      ]
    },
    {
      "move": {
        "name": "magical-leaf",
        "url": "https://pokeapi.co/api/v2/move/345/"
      },
      "version_group_details": [
        {
          "level_learned_at": 0,
          "move_learn_method": {
            "name": "tutor",
            "url": "https://pokeapi.co/api/v2/move-learn-method/3/"
          },
          "order": null,
          "version_group": {
            "name": "legends-arceus",
            "url": "https://pokeapi.co/api/v2/version-group/24/"
          }
        },
        {
          "level_learned_at": 1,
          "move_learn_method": {
            "name": "level-up",
            "url": "https://pokeapi.co/api/v2/move-learn-method/1/"
          },
          "order": 10,
          "version_group": {
            "name": "scarlet-violet",
            "url": "https://pokeapi.co/api/v2/version-group/25/"
          }
        },
        {
          "level_learned_at": 0,
          "move_learn_method": {
            "name": "machine",
            "url": "https://pokeapi.co/api/v2/move-learn-method/4/"
          },
          "order": null,
          "version_group": {
            "name": "scarlet-violet",
            "url": "https://pokeapi.co/api/v2/version-group/25/"
          }
        }
      ]
    },
    {
      "move": {
        "name": "leaf-blade",
        "url": "https://pokeapi.co/api/v2/move/348/"
      },
      "version_group_details": [
        {
          "level_learned_at": 37,
          "move_learn_method": {
            "name": "level-up",
            "url": "https://pokeapi.co/api/v2/move-learn-method/1/"
          },
          "order": null,
          "version_group": {
            "name": "legends-arceus",
            "url": "https://pokeapi.co/api/v2/version-group/24/"
          }
        },
        {
          "level_learned_at": 1,
          "move_learn_method": {
            "name": "level-up",
            "url": "https://pokeapi.co/api/v2/move-learn-method/1/"
          },
          "order": 9,
          "version_group": {
            "name": "scarlet-violet",
            "url": "https://pokeapi.co/api/v2/version-group/25/"
          }
        }
      ]
    },
    {
      "move": {
        "name": "close-combat",
        "url": "https://pokeapi.co/api/v2/move/370/"
      },
      "version_group_details": [
        {
          "level_learned_at": 57,
          "move_learn_method": {
            "name": "level-up",
            "url": "https://pokeapi.co/api/v2/move-learn-method/1/"
          },
          "order": null,
          "version_group": {
            "name": "legends-arceus",
            "url": "https://pokeapi.co/api/v2/version-group/24/"
          }
        },
        {
          "level_learned_at": 0,
          "move_learn_method": {
            "name": "machine",
            "url": "https://pokeapi.co/api/v2/move-learn-method/4/"
          },
          "order": null,
          "version_group": {
            "name": "scarlet-violet",
            "url": "https://pokeapi.co/api/v2/version-group/25/"
          }
        }
      ]
    },
    {
      "move": {
        "name": "poison-jab",
        "url": "https://pokeapi.co/api/v2/move/398/"
      },
      "version_group_details": [
        {
          "level_learned_at": 0,
          "move_learn_method": {
            "name": "tutor",
            "url": "https://pokeapi.co/api/v2/move-learn-method/3/"
          },
          "order": null,
          "version_group": {
            "name": "legends-arceus",
            "url": "https://pokeapi.co/api/v2/version-group/24/"
          }
        },
        {
          "level_learned_at": 0,
          "move_learn_method": {
            "name": "machine",
            "url": "https://pokeapi.co/api/v2/move-learn-method/4/"
          },
          "order": null,
          "version_group": {
            "name": "scarlet-violet",
            "url": "https://pokeapi.co/api/v2/version-group/25/"
          }
        }
      ]
    },
    {
      "move": {
        "name": "seed-bomb",
        "url": "https://pokeapi.co/api/v2/move/402/"
      },
      "version_group_details": [
        {
          "level_learned_at": 0,
          "move_learn_method": {
            "name": "machine",
            "url": "https://pokeapi.co/api/v2/move-learn-method/4/"
          },
          "order": null,
          "version_group": {
            "name": "scarlet-violet",
            "url": "https://pokeapi.co/api/v2/version-group/25/"
          }
        }
      ]
    },
    {
      "move": {
        "name": "air-slash",
        "url": "https://pokeapi.co/api/v2/move/403/"
      },
      "version_group_details": [
        {
          "level_learned_at": 0,
          "move_learn_method": {
            "name": "machine",
            "url": "https://pokeapi.co/api/v2/move-learn-method/4/"
          },
          "order": null,
          "version_group": {
            "name": "scarlet-violet",
            "url": "https://pokeapi.co/api/v2/version-group/25/"
          }
        }
      ]
    },
    {
      "move": {
        "name": "drain-punch",
        "url": "https://pokeapi.co/api/v2/move/409/"
      },
      "version_group_details": [
        {
          "level_learned_at": 34,
          "move_learn_method": {
            "name": "level-up",
            "url": "https://pokeapi.co/api/v2/move-learn-method/1/"
          },
          "order": null,
          "version_group": {
            "name": "legends-arceus",
            "url": "https://pokeapi.co/api/v2/version-group/24/"
          }
        },
        {
          "level_learned_at": 0,
          "move_learn_method": {
            "name": "tutor",
            "url": "https://pokeapi.co/api/v2/move-learn-method/3/"
          },
          "order": null,
          "version_group": {
            "name": "legends-arceus",
            "url": "https://pokeapi.co/api/v2/version-group/24/"
          }
        }
      ]
    },
    {
      "move": {
        "name": "vacuum-wave",
        "url": "https://pokeapi.co/api/v2/move/410/"
      },
      "version_group_details": [
        {
          "level_learned_at": 0,
          "move_learn_method": {
            "name": "machine",
            "url": "https://pokeapi.co/api/v2/move-learn-method/4/"
          },
          "order": null,
          "version_group": {
            "name": "scarlet-violet",
            "url": "https://pokeapi.co/api/v2/version-group/25/"
          }
        }
      ]
    },
    {
      "move": {
        "name": "energy-ball",
        "url": "https://pokeapi.co/api/v2/move/412/"
      },
      "version_group_details": [
        {
          "level_learned_at": 21,
          "move_learn_method": {
            "name": "level-up",
            "url": "https://pokeapi.co/api/v2/move-learn-method/1/"
          },
          "order": null,
          "version_group": {
            "name": "legends-arceus",
            "url": "https://pokeapi.co/api/v2/version-group/24/"
          }
        },
        {
          "level_learned_at": 0,
          "move_learn_method": {
            "name": "tutor",
            "url": "https://pokeapi.co/api/v2/move-learn-method/3/"
          },
          "order": null,
          "version_group": {
            "name": "legends-arceus",
            "url": "https://pokeapi.co/api/v2/version-group/24/"
          }
        },
        {
          "level_learned_at": 1,
          "move_learn_method": {
            "name": "level-up",
            "url": "https://pokeapi.co/api/v2/move-learn-method/1/"
          },
          "order": 8,
          "version_group": {
            "name": "scarlet-violet",
            "url": "https://pokeapi.co/api/v2/version-group/25/"
          }
        },
        {
          "level_learned_at": 0,
          "move_learn_method": {
            "name": "machine",
            "url": "https://pokeapi.co/api/v2/move-learn-method/4/"
          },
          "order": null,
          "version_group": {
            "name": "scarlet-violet",
            "url": "https://pokeapi.co/api/v2/version-group/25/"
          }
        }
      ]
    },
    {
      "move": {
        "name": "giga-impact",
        "url": "https://pokeapi.co/api/v2/move/416/"
      },
      "version_group_details": [
        {
          "level_learned_at": 0,
          "move_learn_method": {
            "name": "tutor",
            "url": "https://pokeapi.co/api/v2/move-learn-method/3/"
          },
          "order": null,
          "version_group": {
            "name": "legends-arceus",
            "url": "https://pokeapi.co/api/v2/version-group/24/"
          }
        },
        {
          "level_learned_at": 0,
          "move_learn_method": {
            "name": "machine",
            "url": "https://pokeapi.co/api/v2/move-learn-method/4/"
          },
          "order": null,
          "version_group": {
            "name": "scarlet-violet",
            "url": "https://pokeapi.co/api/v2/version-group/25/"
          }
        }
      ]
    },
    {
      "move": {
        "name": "defog",
        "url": "https://pokeapi.co/api/v2/move/432/"
      },
      "version_group_details": [
        {
          "level_learned_at": 1,
          "move_learn_method": {
            "name": "level-up",
            "url": "https://pokeapi.co/api/v2/move-learn-method/1/"
          },
          "order": 7,
          "version_group": {
            "name": "scarlet-violet",
            "url": "https://pokeapi.co/api/v2/version-group/25/"
          }
        }
      ]
    },
    {
      "move": {
        "name": "leaf-storm",
        "url": "https://pokeapi.co/api/v2/move/437/"
      },
      "version_group_details": [
        {
          "level_learned_at": 47,
          "move_learn_method": {
            "name": "level-up",
            "url": "https://pokeapi.co/api/v2/move-learn-method/1/"
          },
          "order": null,
          "version_group": {
            "name": "legends-arceus",
            "url": "https://pokeapi.co/api/v2/version-group/24/"
          }
        },
        {
          "level_learned_at": 1,
          "move_learn_method": {
            "name": "level-up",
            "url": "https://pokeapi.co/api/v2/move-learn-method/1/"
          },
          "order": 6,
          "version_group": {
            "name": "scarlet-violet",
            "url": "https://pokeapi.co/api/v2/version-group/25/"
          }
        },
        {
          "level_learned_at": 0,
          "move_learn_method": {
            "name": "machine",
            "url": "https://pokeapi.co/api/v2/move-learn-method/4/"
          },
          "order": null,
          "version_group": {
            "name": "scarlet-violet",
            "url": "https://pokeapi.co/api/v2/version-group/25/"
          }
        }
      ]
    },
    {
      "move": {
        "name": "grass-knot",
        "url": "https://pokeapi.co/api/v2/move/447/"
      },
      "version_group_details": [
        {
          "level_learned_at": 0,
          "move_learn_method": {
            "name": "machine",
            "url": "https://pokeapi.co/api/v2/move-learn-method/4/"
          },
          "order": null,
          "version_group": {
            "name": "scarlet-violet",
            "url": "https://pokeapi.co/api/v2/version-group/25/"
          }
        }
      ]
    },
    {
      "move": {
        "name": "low-sweep",
        "url": "https://pokeapi.co/api/v2/move/490/"
      },
      "version_group_details": [
        {
          "level_learned_at": 0,
          "move_learn_method": {
            "name": "machine",
            "url": "https://pokeapi.co/api/v2/move-learn-method/4/"
          },
          "order": null,
          "version_group": {
            "name": "scarlet-violet",
            "url": "https://pokeapi.co/api/v2/version-group/25/"
          }
        }
      ]
    },
    {
      "move": {
        "name": "entrainment",
        "url": "https://pokeapi.co/api/v2/move/494/"
      },
      "version_group_details": [
        {
          "level_learned_at": 1,
          "move_learn_method": {
            "name": "level-up",
            "url": "https://pokeapi.co/api/v2/move-learn-method/1/"
          },
          "order": 5,
          "version_group": {
            "name": "scarlet-violet",
            "url": "https://pokeapi.co/api/v2/version-group/25/"
          }
        }
      ]
    },
    {
      "move": {
        "name": "after-you",
        "url": "https://pokeapi.co/api/v2/move/495/"
      },
      "version_group_details": [
        {
          "level_learned_at": 1,
          "move_learn_method": {
            "name": "level-up",
            "url": "https://pokeapi.co/api/v2/move-learn-method/1/"
          },
          "order": 4,
          "version_group": {
            "name": "scarlet-violet",
            "url": "https://pokeapi.co/api/v2/version-group/25/"
          }
        }
      ]
    },
    {
      "move": {
        "name": "acrobatics",
        "url": "https://pokeapi.co/api/v2/move/512/"
      },
      "version_group_details": [
        {
          "level_learned_at": 0,
          "move_learn_method": {
            "name": "machine",
            "url": "https://pokeapi.co/api/v2/move-learn-method/4/"
          },
          "order": null,
          "version_group": {
            "name": "scarlet-violet",
            "url": "https://pokeapi.co/api/v2/version-group/25/"
          }
        }
      ]
    },
    {
      "move": {
        "name": "hurricane",
        "url": "https://pokeapi.co/api/v2/move/542/"
      },
      "version_group_details": [
        {
          "level_learned_at": 0,
          "move_learn_method": {
            "name": "machine",
            "url": "https://pokeapi.co/api/v2/move-learn-method/4/"
          },
          "order": null,
          "version_group": {
            "name": "scarlet-violet",
            "url": "https://pokeapi.co/api/v2/version-group/25/"
          }
        }
      ]
    },
    {
      "move": {
        "name": "petal-blizzard",
        "url": "https://pokeapi.co/api/v2/move/572/"
      },
      "version_group_details": [
        {
          "level_learned_at": 1,
          "move_learn_method": {
            "name": "level-up",
            "url": "https://pokeapi.co/api/v2/move-learn-method/1/"
          },
          "order": 3,
          "version_group": {
            "name": "scarlet-violet",
            "url": "https://pokeapi.co/api/v2/version-group/25/"
          }
        },
        {
          "level_learned_at": 0,
          "move_learn_method": {
            "name": "machine",
            "url": "https://pokeapi.co/api/v2/move-learn-method/4/"
          },
          "order": null,
          "version_group": {
            "name": "scarlet-violet",
            "url": "https://pokeapi.co/api/v2/version-group/25/"
          }
        }
      ]
    },
    {
      "move": {
        "name": "grassy-terrain",
        "url": "https://pokeapi.co/api/v2/move/580/"
      },
      "version_group_details": [
        {
          "level_learned_at": 0,
          "move_learn_method": {
            "name": "machine",
            "url": "https://pokeapi.co/api/v2/move-learn-method/4/"
          },
          "order": null,
          "version_group": {
            "name": "scarlet-violet",
            "url": "https://pokeapi.co/api/v2/version-group/25/"
          }
        }
      ]
    },
    {
      "move": {
        "name": "baby-doll-eyes",
        "url": "https://pokeapi.co/api/v2/move/608/"
      },
      "version_group_details": [
        {
          "level_learned_at": 0,
          "move_learn_method": {
            "name": "tutor",
            "url": "https://pokeapi.co/api/v2/move-learn-method/3/"
          },
          "order": null,
          "version_group": {
            "name": "legends-arceus",
            "url": "https://pokeapi.co/api/v2/version-group/24/"
          }
        }
      ]
    },
    {
      "move": {
        "name": "solar-blade",
        "url": "https://pokeapi.co/api/v2/move/669/"
      },
      "version_group_details": [
        {
          "level_learned_at": 1,
          "move_learn_method": {
            "name": "level-up",
            "url": "https://pokeapi.co/api/v2/move-learn-method/1/"
          },
          "order": 2,
          "version_group": {
            "name": "scarlet-violet",
            "url": "https://pokeapi.co/api/v2/version-group/25/"
          }
        },
        {
          "level_learned_at": 0,
          "move_learn_method": {
            "name": "machine",
            "url": "https://pokeapi.co/api/v2/move-learn-method/4/"
          },
          "order": null,
          "version_group": {
            "name": "scarlet-violet",
            "url": "https://pokeapi.co/api/v2/version-group/25/"
          }
        }
      ]
    },
    {
      "move": {
        "name": "leafage",
        "url": "https://pokeapi.co/api/v2/move/670/"
      },
      "version_group_details": [
        {
          "level_learned_at": 5,
          "move_learn_method": {
            "name": "level-up",
            "url": "https://pokeapi.co/api/v2/move-learn-method/1/"
          },
          "order": null,
          "version_group": {
            "name": "legends-arceus",
            "url": "https://pokeapi.co/api/v2/version-group/24/"
          }
        }
      ]
    },
    {
      "move": {
        "name": "pollen-puff",
        "url": "https://pokeapi.co/api/v2/move/676/"
      },
      "version_group_details": [
        {
          "level_learned_at": 0,
          "move_learn_method": {
            "name": "machine",
            "url": "https://pokeapi.co/api/v2/move-learn-method/4/"
          },
          "order": null,
          "version_group": {
            "name": "scarlet-violet",
            "url": "https://pokeapi.co/api/v2/version-group/25/"
          }
        }
      ]
    },
    {
      "move": {
        "name": "grassy-glide",
        "url": "https://pokeapi.co/api/v2/move/803/"
      },
      "version_group_details": [
        {
          "level_learned_at": 0,
          "move_learn_method": {
            "name": "machine",
            "url": "https://pokeapi.co/api/v2/move-learn-method/4/"
          },
          "order": null,
          "version_group": {
            "name": "scarlet-violet",
            "url": "https://pokeapi.co/api/v2/version-group/25/"
          }
        }
      ]
    },
    {
      "move": {
        "name": "coaching",
        "url": "https://pokeapi.co/api/v2/move/811/"
      },
      "version_group_details": [
        {
          "level_learned_at": 0,
          "move_learn_method": {
            "name": "machine",
            "url": "https://pokeapi.co/api/v2/move-learn-method/4/"
          },
          "order": null,
          "version_group": {
            "name": "scarlet-violet",
            "url": "https://pokeapi.co/api/v2/version-group/25/"
          }
        }
      ]
    },
    {
      "move": {
        "name": "triple-axel",
        "url": "https://pokeapi.co/api/v2/move/813/"
      },
      "version_group_details": [
        {
          "level_learned_at": 0,
          "move_learn_method": {
            "name": "machine",
            "url": "https://pokeapi.co/api/v2/move-learn-method/4/"
          },
          "order": null,
          "version_group": {
            "name": "scarlet-violet",
            "url": "https://pokeapi.co/api/v2/version-group/25/"
          }
        }
      ]
    },
    {
      "move": {
        "name": "victory-dance",
        "url": "https://pokeapi.co/api/v2/move/837/"
      },
      "version_group_details": [
        {
          "level_learned_at": 42,
          "move_learn_method": {
            "name": "level-up",
            "url": "https://pokeapi.co/api/v2/move-learn-method/1/"
          },
          "order": null,
          "version_group": {
            "name": "legends-arceus",
            "url": "https://pokeapi.co/api/v2/version-group/24/"
          }
        },
        {
          "level_learned_at": 0,
          "move_learn_method": {
            "name": "level-up",
            "url": "https://pokeapi.co/api/v2/move-learn-method/1/"
          },
          "order": null,
          "version_group": {
            "name": "scarlet-violet",
            "url": "https://pokeapi.co/api/v2/version-group/25/"
          }
        }
      ]
    },
    {
      "move": {
        "name": "tera-blast",
        "url": "https://pokeapi.co/api/v2/move/851/"
      },
      "version_group_details": [
        {
          "level_learned_at": 0,
          "move_learn_method": {
            "name": "machine",
            "url": "https://pokeapi.co/api/v2/move-learn-method/4/"
          },
          "order": null,
          "version_group": {
            "name": "scarlet-violet",
            "url": "https://pokeapi.co/api/v2/version-group/25/"
          }
        }
      ]
    },
    {
      "move": {
        "name": "axe-kick",
        "url": "https://pokeapi.co/api/v2/move/853/"
      },
      "version_group_details": [
        {
          "level_learned_at": 5,
          "move_learn_method": {
            "name": "level-up",
            "url": "https://pokeapi.co/api/v2/move-learn-method/1/"
          },
          "order": null,
          "version_group": {
            "name": "scarlet-violet",
            "url": "https://pokeapi.co/api/v2/version-group/25/"
          }
        }
      ]
    },
    {
      "move": {
        "name": "ice-spinner",
        "url": "https://pokeapi.co/api/v2/move/861/"
      },
      "version_group_details": [
        {
          "level_learned_at": 0,
          "move_learn_method": {
            "name": "machine",
            "url": "https://pokeapi.co/api/v2/move-learn-method/4/"
          },
          "order": null,
          "version_group": {
            "name": "scarlet-violet",
            "url": "https://pokeapi.co/api/v2/version-group/25/"
          }
        }
      ]
    },
    {
      "move": {
        "name": "trailblaze",
        "url": "https://pokeapi.co/api/v2/move/885/"
      },
      "version_group_details": [
        {
          "level_learned_at": 0,
          "move_learn_method": {
            "name": "machine",
            "url": "https://pokeapi.co/api/v2/move-learn-method/4/"
          },
          "order": null,
          "version_group": {
            "name": "scarlet-violet",
            "url": "https://pokeapi.co/api/v2/version-group/25/"
          }
        }
      ]
    },
    {
      "move": {
        "name": "upper-hand",
        "url": "https://pokeapi.co/api/v2/move/918/"
      },
      "version_group_details": [
        {
          "level_learned_at": 0,
          "move_learn_method": {
            "name": "machine",
            "url": "https://pokeapi.co/api/v2/move-learn-method/4/"
          },
          "order": null,
          "version_group": {
            "name": "scarlet-violet",
            "url": "https://pokeapi.co/api/v2/version-group/25/"
          }
        }
      ]
    }
  ],
  "name": "lilligant-hisui",
  "order": -1,
  "past_abilities": [],
  "past_types": [],
  "species": {
    "name": "lilligant",
    "url": "https://pokeapi.co/api/v2/pokemon-species/549/"
  },
  "sprites": {
    "back_default": null,
    "back_female": null,
    "back_shiny": null,
    "back_shiny_female": null,
    "front_default": "https://raw.githubusercontent.com/PokeAPI/sprites/master/sprites/pokemon/10237.png",
    "front_female": null,
    "front_shiny": "https://raw.githubusercontent.com/PokeAPI/sprites/master/sprites/pokemon/shiny/10237.png",
    "front_shiny_female": null,
    "other": {
      "dream_world": {
        "front_default": null,
        "front_female": null
      },
      "home": {
        "front_default": "https://raw.githubusercontent.com/PokeAPI/sprites/master/sprites/pokemon/other/home/10237.png",
        "front_female": null,
        "front_shiny": "https://raw.githubusercontent.com/PokeAPI/sprites/master/sprites/pokemon/other/home/shiny/10237.png",
        "front_shiny_female": null
      },
      "official-artwork": {
        "front_default": "https://raw.githubusercontent.com/PokeAPI/sprites/master/sprites/pokemon/other/official-artwork/10237.png",
        "front_shiny": "https://raw.githubusercontent.com/PokeAPI/sprites/master/sprites/pokemon/other/official-artwork/shiny/10237.png"
      },
      "showdown": {
        "back_default": "https://raw.githubusercontent.com/PokeAPI/sprites/master/sprites/pokemon/other/showdown/back/10237.gif",
        "back_female": null,
        "back_shiny": "https://raw.githubusercontent.com/PokeAPI/sprites/master/sprites/pokemon/other/showdown/back/shiny/10237.gif",
        "back_shiny_female": null,
        "front_default": "https://raw.githubusercontent.com/PokeAPI/sprites/master/sprites/pokemon/other/showdown/10237.gif",
        "front_female": null,
        "front_shiny": "https://raw.githubusercontent.com/PokeAPI/sprites/master/sprites/pokemon/other/showdown/shiny/10237.gif",
        "front_shiny_female": null
      }
    },
    "versions": {
      "generation-i": {
        "red-blue": {
          "back_default": null,
          "back_gray": null,
          "back_transparent": null,
          "front_default": null,
          "front_gray": null,
          "front_transparent": null
        },
        "yellow": {
          "back_default": null,
          "back_gray": null,
          "back_transparent": null,
          "front_default": null,
          "front_gray": null,
          "front_transparent": null
        }
      },
      "generation-ii": {
        "crystal": {
          "back_default": null,
          "back_shiny": null,
          "back_shiny_transparent": null,
          "back_transparent": null,
          "front_default": null,
          "front_shiny": null,
          "front_shiny_transparent": null,
          "front_transparent": null
        },
        "gold": {
          "back_default": null,
          "back_shiny": null,
          "front_default": null,
          "front_shiny": null,
          "front_transparent": null
        },
        "silver": {
          "back_default": null,
          "back_shiny": null,
          "front_default": null,
          "front_shiny": null,
          "front_transparent": null
        }
      },
      "generation-iii": {
        "emerald": {
          "front_default": null,
          "front_shiny": null
        },
        "firered-leafgreen": {
          "back_default": null,
          "back_shiny": null,
          "front_default": null,
          "front_shiny": null
        },
        "ruby-sapphire": {
          "back_default": null,
          "back_shiny": null,
          "front_default": null,
          "front_shiny": null
        }
      },
      "generation-iv": {
        "diamond-pearl": {
          "back_default": null,
          "back_female": null,
          "back_shiny": null,
          "back_shiny_female": null,
          "front_default": null,
          "front_female": null,
          "front_shiny": null,
          "front_shiny_female": null
        },
        "heartgold-soulsilver": {
          "back_default": null,
          "back_female": null,
          "back_shiny": null,
          "back_shiny_female": null,
          "front_default": null,
          "front_female": null,
          "front_shiny": null,
          "front_shiny_female": null
        },
        "platinum": {
          "back_default": null,
          "back_female": null,
          "back_shiny": null,
          "back_shiny_female": null,
          "front_default": null,
          "front_female": null,
          "front_shiny": null,
          "front_shiny_female": null
        }
      },
      "generation-ix": {
        "scarlet-violet": {
          "front_default": "https://raw.githubusercontent.com/PokeAPI/sprites/master/sprites/pokemon/versions/generation-ix/scarlet-violet/549-hisui.png",
          "front_female": null
        }
      },
      "generation-v": {
        "black-white": {
          "animated": {
            "back_default": null,
            "back_female": null,
            "back_shiny": null,
            "back_shiny_female": null,
            "front_default": null,
            "front_female": null,
            "front_shiny": null,
            "front_shiny_female": null
          },
          "back_default": null,
          "back_female": null,
          "back_shiny": null,
          "back_shiny_female": null,
          "front_default": null,
          "front_female": null,
          "front_shiny": null,
          "front_shiny_female": null
        }
      },
      "generation-vi": {
        "omegaruby-alphasapphire": {
          "front_default": null,
          "front_female": null,
          "front_shiny": null,
          "front_shiny_female": null
        },
        "x-y": {
          "front_default": null,
          "front_female": null,
          "front_shiny": null,
          "front_shiny_female": null
        }
      },
      "generation-vii": {
        "icons": {
          "front_default": null,
          "front_female": null
        },
        "ultra-sun-ultra-moon": {
          "front_default": null,
          "front_female": null,
          "front_shiny": null,
          "front_shiny_female": null
        }
      },
      "generation-viii": {
        "brilliant-diamond-shining-pearl": {
          "front_default": null,
          "front_female": null
        },
        "icons": {
          "front_default": null,
          "front_female": null
        }
      }
    }
  },
  "stats": [
    {
      "base_stat": 70,
      "effort": 0,
      "stat": {
        "name": "hp",
        "url": "https://pokeapi.co/api/v2/stat/1/"
      }
    },
    {
      "base_stat": 105,
      "effort": 0,
      "stat": {
        "name": "attack",
        "url": "https://pokeapi.co/api/v2/stat/2/"
      }
    },
    {
      "base_stat": 75,
      "effort": 0,
      "stat": {
        "name": "defense",
        "url": "https://pokeapi.co/api/v2/stat/3/"
      }
    },
    {
      "base_stat": 50,
      "effort": 2,
      "stat": {
        "name": "special-attack",
        "url": "https://pokeapi.co/api/v2/stat/4/"
      }
    },
    {
      "base_stat": 75,
      "effort": 0,
      "stat": {
        "name": "special-defense",
        "url": "https://pokeapi.co/api/v2/stat/5/"
      }
    },
    {
      "base_stat": 105,
      "effort": 0,
      "stat": {
        "name": "speed",
        "url": "https://pokeapi.co/api/v2/stat/6/"
      }
    }
  ],
  "types": [
    {
      "slot": 1,
      "type": {
        "name": "grass",
        "url": "https://pokeapi.co/api/v2/type/12/"
      }
    },
    {
      "slot": 2,
      "type": {
        "name": "fighting",
        "url": "https://pokeapi.co/api/v2/type/2/"
      }
    }
  ],
  "weight": 192
}