{
  "abilities": [
    {
      "ability": {
        "name": "cursed-body",
        "url": "https://pokeapi.co/api/v2/ability/130/"
      },
      "is_hidden": false,
      "slot": 1
    },
    {
      "ability": {
        "name": "lightning-rod",
        "url": "https://pokeapi.co/api/v2/ability/31/"
      },
      "is_hidden": false,
      "slot": 2
    },
    {
      "ability": {
        "name": "rock-head",
        "url": "https://pokeapi.co/api/v2/ability/69/"
      },
      "is_hidden": true,
      "slot": 3
    }
  ],
  "base_experience": 149,
  "cries": {
    "latest": "https://raw.githubusercontent.com/PokeAPI/cries/main/cries/pokemon/latest/10149.ogg",
    "legacy": null
  },
  "forms": [
    {
      "name": "marowak-totem",
      "url": "https://pokeapi.co/api/v2/pokemon-form/10268/"
    }
  ],
  "game_indices": [],
  "height": 17,
  "held_items": [
    {
      "item": {
        "name": "thick-club",
        "url": "https://pokeapi.co/api/v2/item/235/"
      },
      "version_details": [
        {
          "rarity": 5,
          "version": {
            "name": "ultra-sun",
            "url": "https://pokeapi.co/api/v2/version/29/"
          }
        },
        {
          "rarity": 5,
          "version": {
            "name": "ultra-moon",
            "url": "https://pokeapi.co/api/v2/version/30/"
          }
        }
      ]
    }
  ],
  "id": 10149,
  "is_default": false,
  "location_area_encounters": "https://pokeapi.co/api/v2/pokemon/10149/encounters",
  "moves": [
    {
      "move": {
        "name": "fire-punch",
        "url": "https://pokeapi.co/api/v2/move/7/"
      },
      "version_group_details": [
        {
          "level_learned_at": 0,
          "move_learn_method": {
            "name": "tutor",
            "url": "https://pokeapi.co/api/v2/move-learn-method/3/"
          },
          "order": null,
          "version_group": {
            "name": "ultra-sun-ultra-moon",
            "url": "https://pokeapi.co/api/v2/version-group/18/"
          }
        }
      ]
    },
    {
      "move": {
        "name": "thunder-punch",
        "url": "https://pokeapi.co/api/v2/move/9/"
      },
      "version_group_details": [
        {
          "level_learned_at": 0,
          "move_learn_method": {
            "name": "tutor",
            "url": "https://pokeapi.co/api/v2/move-learn-method/3/"
          },
          "order": null,
          "version_group": {
            "name": "ultra-sun-ultra-moon",
            "url": "https://pokeapi.co/api/v2/version-group/18/"
          }
        }
      ]
    },
    {
      "move": {
        "name": "swords-dance",
        "url": "https://pokeapi.co/api/v2/move/14/"
      },
      "version_group_details": [
        {
          "level_learned_at": 0,
          "move_learn_method": {
            "name": "machine",
            "url": "https://pokeapi.co/api/v2/move-learn-method/4/"
          },
          "order": null,
          "version_group": {
            "name": "ultra-sun-ultra-moon",
            "url": "https://pokeapi.co/api/v2/version-group/18/"
          }
        }
      ]
    },
    {
      "move": {
        "name": "thrash",
        "url": "https://pokeapi.co/api/v2/move/37/"
      },
      "version_group_details": [
        {
          "level_learned_at": 33,
          "move_learn_method": {
            "name": "level-up",
            "url": "https://pokeapi.co/api/v2/move-learn-method/1/"
          },
          "order": null,
          "version_group": {
            "name": "ultra-sun-ultra-moon",
            "url": "https://pokeapi.co/api/v2/version-group/18/"
          }
        }
      ]
    },
    {
      "move": {
        "name": "tail-whip",
        "url": "https://pokeapi.co/api/v2/move/39/"
      },
      "version_group_details": [
        {
          "level_learned_at": 1,
          "move_learn_method": {
            "name": "level-up",
            "url": "https://pokeapi.co/api/v2/move-learn-method/1/"
          },
          "order": 2,
          "version_group": {
            "name": "ultra-sun-ultra-moon",
            "url": "https://pokeapi.co/api/v2/version-group/18/"
          }
        },
        {
          "level_learned_at": 3,
          "move_learn_method": {
            "name": "level-up",
            "url": "https://pokeapi.co/api/v2/move-learn-method/1/"
          },
          "order": null,
          "version_group": {
            "name": "ultra-sun-ultra-moon",
            "url": "https://pokeapi.co/api/v2/version-group/18/"
          }
        }
      ]
    },
    {
      "move": {
        "name": "leer",
        "url": "https://pokeapi.co/api/v2/move/43/"
      },
      "version_group_details": [
        {
          "level_learned_at": 13,
          "move_learn_method": {
            "name": "level-up",
            "url": "https://pokeapi.co/api/v2/move-learn-method/1/"
          },
          "order": null,
          "version_group": {
            "name": "ultra-sun-ultra-moon",
            "url": "https://pokeapi.co/api/v2/version-group/18/"
          }
        }
      ]
    },
    {
      "move": {
        "name": "growl",
        "url": "https://pokeapi.co/api/v2/move/45/"
      },
      "version_group_details": [
        {
          "level_learned_at": 1,
          "move_learn_method": {
            "name": "level-up",
            "url": "https://pokeapi.co/api/v2/move-learn-method/1/"
          },
          "order": 1,
          "version_group": {
            "name": "ultra-sun-ultra-moon",
            "url": "https://pokeapi.co/api/v2/version-group/18/"
          }
        }
      ]
    },
    {
      "move": {
        "name": "flamethrower",
        "url": "https://pokeapi.co/api/v2/move/53/"
      },
      "version_group_details": [
        {
          "level_learned_at": 0,
          "move_learn_method": {
            "name": "machine",
            "url": "https://pokeapi.co/api/v2/move-learn-method/4/"
          },
          "order": null,
          "version_group": {
            "name": "ultra-sun-ultra-moon",
            "url": "https://pokeapi.co/api/v2/version-group/18/"
          }
        }
      ]
    },
    {
      "move": {
        "name": "ice-beam",
        "url": "https://pokeapi.co/api/v2/move/58/"
      },
      "version_group_details": [
        {
          "level_learned_at": 0,
          "move_learn_method": {
            "name": "machine",
            "url": "https://pokeapi.co/api/v2/move-learn-method/4/"
          },
          "order": null,
          "version_group": {
            "name": "ultra-sun-ultra-moon",
            "url": "https://pokeapi.co/api/v2/version-group/18/"
          }
        }
      ]
    },
    {
      "move": {
        "name": "blizzard",
        "url": "https://pokeapi.co/api/v2/move/59/"
      },
      "version_group_details": [
        {
          "level_learned_at": 0,
          "move_learn_method": {
            "name": "machine",
            "url": "https://pokeapi.co/api/v2/move-learn-method/4/"
          },
          "order": null,
          "version_group": {
            "name": "ultra-sun-ultra-moon",
            "url": "https://pokeapi.co/api/v2/version-group/18/"
          }
        }
      ]
    },
    {
      "move": {
        "name": "hyper-beam",
        "url": "https://pokeapi.co/api/v2/move/63/"
      },
      "version_group_details": [
        {
          "level_learned_at": 0,
          "move_learn_method": {
            "name": "machine",
            "url": "https://pokeapi.co/api/v2/move-learn-method/4/"
          },
          "order": null,
          "version_group": {
            "name": "ultra-sun-ultra-moon",
            "url": "https://pokeapi.co/api/v2/version-group/18/"
          }
        }
      ]
    },
    {
      "move": {
        "name": "low-kick",
        "url": "https://pokeapi.co/api/v2/move/67/"
      },
      "version_group_details": [
        {
          "level_learned_at": 0,
          "move_learn_method": {
            "name": "tutor",
            "url": "https://pokeapi.co/api/v2/move-learn-method/3/"
          },
          "order": null,
          "version_group": {
            "name": "ultra-sun-ultra-moon",
            "url": "https://pokeapi.co/api/v2/version-group/18/"
          }
        }
      ]
    },
    {
      "move": {
        "name": "thunderbolt",
        "url": "https://pokeapi.co/api/v2/move/85/"
      },
      "version_group_details": [
        {
          "level_learned_at": 0,
          "move_learn_method": {
            "name": "machine",
            "url": "https://pokeapi.co/api/v2/move-learn-method/4/"
          },
          "order": null,
          "version_group": {
            "name": "ultra-sun-ultra-moon",
            "url": "https://pokeapi.co/api/v2/version-group/18/"
          }
        }
      ]
    },
    {
      "move": {
        "name": "thunder",
        "url": "https://pokeapi.co/api/v2/move/87/"
      },
      "version_group_details": [
        {
          "level_learned_at": 0,
          "move_learn_method": {
            "name": "machine",
            "url": "https://pokeapi.co/api/v2/move-learn-method/4/"
          },
          "order": null,
          "version_group": {
            "name": "ultra-sun-ultra-moon",
            "url": "https://pokeapi.co/api/v2/version-group/18/"
          }
        }
      ]
    },
    {
      "move": {
        "name": "earthquake",
        "url": "https://pokeapi.co/api/v2/move/89/"
      },
      "version_group_details": [
        {
          "level_learned_at": 0,
          "move_learn_method": {
            "name": "machine",
            "url": "https://pokeapi.co/api/v2/move-learn-method/4/"
          },
          "order": null,
          "version_group": {
            "name": "ultra-sun-ultra-moon",
            "url": "https://pokeapi.co/api/v2/version-group/18/"
          }
        }
      ]
    },
    {
      "move": {
        "name": "toxic",
        "url": "https://pokeapi.co/api/v2/move/92/"
      },
      "version_group_details": [
        {
          "level_learned_at": 0,
          "move_learn_method": {
            "name": "machine",
            "url": "https://pokeapi.co/api/v2/move-learn-method/4/"
          },
          "order": null,
          "version_group": {
            "name": "ultra-sun-ultra-moon",
            "url": "https://pokeapi.co/api/v2/version-group/18/"
          }
        }
      ]
    },
    {
      "move": {
        "name": "double-team",
        "url": "https://pokeapi.co/api/v2/move/104/"
      },
      "version_group_details": [
        {
          "level_learned_at": 0,
          "move_learn_method": {
            "name": "machine",
            "url": "https://pokeapi.co/api/v2/move-learn-method/4/"
          },
          "order": null,
          "version_group": {
            "name": "ultra-sun-ultra-moon",
            "url": "https://pokeapi.co/api/v2/version-group/18/"
          }
        }
      ]
    },
    {
      "move": {
        "name": "bone-club",
        "url": "https://pokeapi.co/api/v2/move/125/"
      },
      "version_group_details": [
        {
          "level_learned_at": 1,
          "move_learn_method": {
            "name": "level-up",
            "url": "https://pokeapi.co/api/v2/move-learn-method/1/"
          },
          "order": 3,
          "version_group": {
            "name": "ultra-sun-ultra-moon",
            "url": "https://pokeapi.co/api/v2/version-group/18/"
          }
        },
        {
          "level_learned_at": 7,
          "move_learn_method": {
            "name": "level-up",
            "url": "https://pokeapi.co/api/v2/move-learn-method/1/"
          },
          "order": null,
          "version_group": {
            "name": "ultra-sun-ultra-moon",
            "url": "https://pokeapi.co/api/v2/version-group/18/"
          }
        }
      ]
    },
    {
      "move": {
        "name": "fire-blast",
        "url": "https://pokeapi.co/api/v2/move/126/"
      },
      "version_group_details": [
        {
          "level_learned_at": 0,
          "move_learn_method": {
            "name": "machine",
            "url": "https://pokeapi.co/api/v2/move-learn-method/4/"
          },
          "order": null,
          "version_group": {
            "name": "ultra-sun-ultra-moon",
            "url": "https://pokeapi.co/api/v2/version-group/18/"
          }
        }
      ]
    },
    {
      "move": {
        "name": "dream-eater",
        "url": "https://pokeapi.co/api/v2/move/138/"
      },
      "version_group_details": [
        {
          "level_learned_at": 0,
          "move_learn_method": {
            "name": "machine",
            "url": "https://pokeapi.co/api/v2/move-learn-method/4/"
          },
          "order": null,
          "version_group": {
            "name": "ultra-sun-ultra-moon",
            "url": "https://pokeapi.co/api/v2/version-group/18/"
          }
        }
      ]
    },
    {
      "move": {
        "name": "bonemerang",
        "url": "https://pokeapi.co/api/v2/move/155/"
      },
      "version_group_details": [
        {
          "level_learned_at": 21,
          "move_learn_method": {
            "name": "level-up",
            "url": "https://pokeapi.co/api/v2/move-learn-method/1/"
          },
          "order": null,
          "version_group": {
            "name": "ultra-sun-ultra-moon",
            "url": "https://pokeapi.co/api/v2/version-group/18/"
          }
        }
      ]
    },
    {
      "move": {
        "name": "rest",
        "url": "https://pokeapi.co/api/v2/move/156/"
      },
      "version_group_details": [
        {
          "level_learned_at": 0,
          "move_learn_method": {
            "name": "machine",
            "url": "https://pokeapi.co/api/v2/move-learn-method/4/"
          },
          "order": null,
          "version_group": {
            "name": "ultra-sun-ultra-moon",
            "url": "https://pokeapi.co/api/v2/version-group/18/"
          }
        }
      ]
    },
    {
      "move": {
        "name": "rock-slide",
        "url": "https://pokeapi.co/api/v2/move/157/"
      },
      "version_group_details": [
        {
          "level_learned_at": 0,
          "move_learn_method": {
            "name": "machine",
            "url": "https://pokeapi.co/api/v2/move-learn-method/4/"
          },
          "order": null,
          "version_group": {
            "name": "ultra-sun-ultra-moon",
            "url": "https://pokeapi.co/api/v2/version-group/18/"
          }
        }
      ]
    },
    {
      "move": {
        "name": "substitute",
        "url": "https://pokeapi.co/api/v2/move/164/"
      },
      "version_group_details": [
        {
          "level_learned_at": 0,
          "move_learn_method": {
            "name": "machine",
            "url": "https://pokeapi.co/api/v2/move-learn-method/4/"
          },
          "order": null,
          "version_group": {
            "name": "ultra-sun-ultra-moon",
            "url": "https://pokeapi.co/api/v2/version-group/18/"
          }
        }
      ]
    },
    {
      "move": {
        "name": "thief",
        "url": "https://pokeapi.co/api/v2/move/168/"
      },
      "version_group_details": [
        {
          "level_learned_at": 0,
          "move_learn_method": {
            "name": "machine",
            "url": "https://pokeapi.co/api/v2/move-learn-method/4/"
          },
          "order": null,
          "version_group": {
            "name": "ultra-sun-ultra-moon",
            "url": "https://pokeapi.co/api/v2/version-group/18/"
          }
        }
      ]
    },
    {
      "move": {
        "name": "flame-wheel",
        "url": "https://pokeapi.co/api/v2/move/172/"
      },
      "version_group_details": [
        {
          "level_learned_at": 1,
          "move_learn_method": {
            "name": "level-up",
            "url": "https://pokeapi.co/api/v2/move-learn-method/1/"
          },
          "order": 4,
          "version_group": {
            "name": "ultra-sun-ultra-moon",
            "url": "https://pokeapi.co/api/v2/version-group/18/"
          }
        },
        {
          "level_learned_at": 11,
          "move_learn_method": {
            "name": "level-up",
            "url": "https://pokeapi.co/api/v2/move-learn-method/1/"
          },
          "order": null,
          "version_group": {
            "name": "ultra-sun-ultra-moon",
            "url": "https://pokeapi.co/api/v2/version-group/18/"
          }
        }
      ]
    },
    {
      "move": {
        "name": "snore",
        "url": "https://pokeapi.co/api/v2/move/173/"
      },
      "version_group_details": [
        {
          "level_learned_at": 0,
          "move_learn_method": {
            "name": "tutor",
            "url": "https://pokeapi.co/api/v2/move-learn-method/3/"
          },
          "order": null,
          "version_group": {
            "name": "ultra-sun-ultra-moon",
            "url": "https://pokeapi.co/api/v2/version-group/18/"
          }
        }
      ]
    },
    {
      "move": {
        "name": "spite",
        "url": "https://pokeapi.co/api/v2/move/180/"
      },
      "version_group_details": [
        {
          "level_learned_at": 0,
          "move_learn_method": {
            "name": "tutor",
            "url": "https://pokeapi.co/api/v2/move-learn-method/3/"
          },
          "order": null,
          "version_group": {
            "name": "ultra-sun-ultra-moon",
            "url": "https://pokeapi.co/api/v2/version-group/18/"
          }
        }
      ]
    },
    {
      "move": {
        "name": "protect",
        "url": "https://pokeapi.co/api/v2/move/182/"
      },
      "version_group_details": [
        {
          "level_learned_at": 0,
          "move_learn_method": {
            "name": "machine",
            "url": "https://pokeapi.co/api/v2/move-learn-method/4/"
          },
          "order": null,
          "version_group": {
            "name": "ultra-sun-ultra-moon",
            "url": "https://pokeapi.co/api/v2/version-group/18/"
          }
        }
      ]
    },
    {
      "move": {
        "name": "icy-wind",
        "url": "https://pokeapi.co/api/v2/move/196/"
      },
      "version_group_details": [
        {
          "level_learned_at": 0,
          "move_learn_method": {
            "name": "tutor",
            "url": "https://pokeapi.co/api/v2/move-learn-method/3/"
          },
          "order": null,
          "version_group": {
            "name": "ultra-sun-ultra-moon",
            "url": "https://pokeapi.co/api/v2/version-group/18/"
          }
        }
      ]
    },
    {
      "move": {
        "name": "bone-rush",
        "url": "https://pokeapi.co/api/v2/move/198/"
      },
      "version_group_details": [
        {
          "level_learned_at": 65,
          "move_learn_method": {
            "name": "level-up",
            "url": "https://pokeapi.co/api/v2/move-learn-method/1/"
          },
          "order": null,
          "version_group": {
            "name": "ultra-sun-ultra-moon",
            "url": "https://pokeapi.co/api/v2/version-group/18/"
          }
        }
      ]
    },
    {
      "move": {
        "name": "outrage",
        "url": "https://pokeapi.co/api/v2/move/200/"
      },
      "version_group_details": [
        {
          "level_learned_at": 0,
          "move_learn_method": {
            "name": "tutor",
            "url": "https://pokeapi.co/api/v2/move-learn-method/3/"
          },
          "order": null,
          "version_group": {
            "name": "ultra-sun-ultra-moon",
            "url": "https://pokeapi.co/api/v2/version-group/18/"
          }
        }
      ]
    },
    {
      "move": {
        "name": "sandstorm",
        "url": "https://pokeapi.co/api/v2/move/201/"
      },
      "version_group_details": [
        {
          "level_learned_at": 0,
          "move_learn_method": {
            "name": "machine",
            "url": "https://pokeapi.co/api/v2/move-learn-method/4/"
          },
          "order": null,
          "version_group": {
            "name": "ultra-sun-ultra-moon",
            "url": "https://pokeapi.co/api/v2/version-group/18/"
          }
        }
      ]
    },
    {
      "move": {
        "name": "false-swipe",
        "url": "https://pokeapi.co/api/v2/move/206/"
      },
      "version_group_details": [
        {
          "level_learned_at": 0,
          "move_learn_method": {
            "name": "machine",
            "url": "https://pokeapi.co/api/v2/move-learn-method/4/"
          },
          "order": null,
          "version_group": {
            "name": "ultra-sun-ultra-moon",
            "url": "https://pokeapi.co/api/v2/version-group/18/"
          }
        }
      ]
    },
    {
      "move": {
        "name": "swagger",
        "url": "https://pokeapi.co/api/v2/move/207/"
      },
      "version_group_details": [
        {
          "level_learned_at": 0,
          "move_learn_method": {
            "name": "machine",
            "url": "https://pokeapi.co/api/v2/move-learn-method/4/"
          },
          "order": null,
          "version_group": {
            "name": "ultra-sun-ultra-moon",
            "url": "https://pokeapi.co/api/v2/version-group/18/"
          }
        }
      ]
    },
    {
      "move": {
        "name": "attract",
        "url": "https://pokeapi.co/api/v2/move/213/"
      },
      "version_group_details": [
        {
          "level_learned_at": 0,
          "move_learn_method": {
            "name": "machine",
            "url": "https://pokeapi.co/api/v2/move-learn-method/4/"
          },
          "order": null,
          "version_group": {
            "name": "ultra-sun-ultra-moon",
            "url": "https://pokeapi.co/api/v2/version-group/18/"
          }
        }
      ]
    },
    {
      "move": {
        "name": "sleep-talk",
        "url": "https://pokeapi.co/api/v2/move/214/"
      },
      "version_group_details": [
        {
          "level_learned_at": 0,
          "move_learn_method": {
            "name": "machine",
            "url": "https://pokeapi.co/api/v2/move-learn-method/4/"
          },
          "order": null,
          "version_group": {
            "name": "ultra-sun-ultra-moon",
            "url": "https://pokeapi.co/api/v2/version-group/18/"
          }
        }
      ]
    },
    {
      "move": {
        "name": "return",
        "url": "https://pokeapi.co/api/v2/move/216/"
      },
      "version_group_details": [
        {
          "level_learned_at": 0,
          "move_learn_method": {
            "name": "machine",
            "url": "https://pokeapi.co/api/v2/move-learn-method/4/"
          },
          "order": null,
          "version_group": {
            "name": "ultra-sun-ultra-moon",
            "url": "https://pokeapi.co/api/v2/version-group/18/"
          }
        }
      ]
    },
    {
      "move": {
        "name": "frustration",
        "url": "https://pokeapi.co/api/v2/move/218/"
      },
      "version_group_details": [
        {
          "level_learned_at": 0,
          "move_learn_method": {
            "name": "machine",
            "url": "https://pokeapi.co/api/v2/move-learn-method/4/"
          },
          "order": null,
          "version_group": {
            "name": "ultra-sun-ultra-moon",
            "url": "https://pokeapi.co/api/v2/version-group/18/"
          }
        }
      ]
    },
    {
      "move": {
        "name": "pain-split",
        "url": "https://pokeapi.co/api/v2/move/220/"
      },
      "version_group_details": [
        {
          "level_learned_at": 0,
          "move_learn_method": {
            "name": "tutor",
            "url": "https://pokeapi.co/api/v2/move-learn-method/3/"
          },
          "order": null,
          "version_group": {
            "name": "ultra-sun-ultra-moon",
            "url": "https://pokeapi.co/api/v2/version-group/18/"
          }
        }
      ]
    },
    {
      "move": {
        "name": "iron-tail",
        "url": "https://pokeapi.co/api/v2/move/231/"
      },
      "version_group_details": [
        {
          "level_learned_at": 0,
          "move_learn_method": {
            "name": "tutor",
            "url": "https://pokeapi.co/api/v2/move-learn-method/3/"
          },
          "order": null,
          "version_group": {
            "name": "ultra-sun-ultra-moon",
            "url": "https://pokeapi.co/api/v2/version-group/18/"
          }
        }
      ]
    },
    {
      "move": {
        "name": "hidden-power",
        "url": "https://pokeapi.co/api/v2/move/237/"
      },
      "version_group_details": [
        {
          "level_learned_at": 0,
          "move_learn_method": {
            "name": "machine",
            "url": "https://pokeapi.co/api/v2/move-learn-method/4/"
          },
          "order": null,
          "version_group": {
            "name": "ultra-sun-ultra-moon",
            "url": "https://pokeapi.co/api/v2/version-group/18/"
          }
        }
      ]
    },
    {
      "move": {
        "name": "rain-dance",
        "url": "https://pokeapi.co/api/v2/move/240/"
      },
      "version_group_details": [
        {
          "level_learned_at": 0,
          "move_learn_method": {
            "name": "machine",
            "url": "https://pokeapi.co/api/v2/move-learn-method/4/"
          },
          "order": null,
          "version_group": {
            "name": "ultra-sun-ultra-moon",
            "url": "https://pokeapi.co/api/v2/version-group/18/"
          }
        }
      ]
    },
    {
      "move": {
        "name": "sunny-day",
        "url": "https://pokeapi.co/api/v2/move/241/"
      },
      "version_group_details": [
        {
          "level_learned_at": 0,
          "move_learn_method": {
            "name": "machine",
            "url": "https://pokeapi.co/api/v2/move-learn-method/4/"
          },
          "order": null,
          "version_group": {
            "name": "ultra-sun-ultra-moon",
            "url": "https://pokeapi.co/api/v2/version-group/18/"
          }
        }
      ]
    },
    {
      "move": {
        "name": "shadow-ball",
        "url": "https://pokeapi.co/api/v2/move/247/"
      },
      "version_group_details": [
        {
          "level_learned_at": 0,
          "move_learn_method": {
            "name": "machine",
            "url": "https://pokeapi.co/api/v2/move-learn-method/4/"
          },
          "order": null,
          "version_group": {
            "name": "ultra-sun-ultra-moon",
            "url": "https://pokeapi.co/api/v2/version-group/18/"
          }
        }
      ]
    },
    {
      "move": {
        "name": "uproar",
        "url": "https://pokeapi.co/api/v2/move/253/"
      },
      "version_group_details": [
        {
          "level_learned_at": 0,
          "move_learn_method": {
            "name": "tutor",
            "url": "https://pokeapi.co/api/v2/move-learn-method/3/"
          },
          "order": null,
          "version_group": {
            "name": "ultra-sun-ultra-moon",
            "url": "https://pokeapi.co/api/v2/version-group/18/"
          }
        }
      ]
    },
    {
      "move": {
        "name": "heat-wave",
        "url": "https://pokeapi.co/api/v2/move/257/"
      },
      "version_group_details": [
        {
          "level_learned_at": 0,
          "move_learn_method": {
            "name": "tutor",
            "url": "https://pokeapi.co/api/v2/move-learn-method/3/"
          },
          "order": null,
          "version_group": {
            "name": "ultra-sun-ultra-moon",
            "url": "https://pokeapi.co/api/v2/version-group/18/"
          }
        }
      ]
    },
    {
      "move": {
        "name": "will-o-wisp",
        "url": "https://pokeapi.co/api/v2/move/261/"
      },
      "version_group_details": [
        {
          "level_learned_at": 23,
          "move_learn_method": {
            "name": "level-up",
            "url": "https://pokeapi.co/api/v2/move-learn-method/1/"
          },
          "order": null,
          "version_group": {
            "name": "ultra-sun-ultra-moon",
            "url": "https://pokeapi.co/api/v2/version-group/18/"
          }
        },
        {
          "level_learned_at": 0,
          "move_learn_method": {
            "name": "machine",
            "url": "https://pokeapi.co/api/v2/move-learn-method/4/"
          },
          "order": null,
          "version_group": {
            "name": "ultra-sun-ultra-moon",
            "url": "https://pokeapi.co/api/v2/version-group/18/"
          }
        }
      ]
    },
    {
      "move": {
        "name": "facade",
        "url": "https://pokeapi.co/api/v2/move/263/"
      },
      "version_group_details": [
        {
          "level_learned_at": 0,
          "move_learn_method": {
            "name": "machine",
            "url": "https://pokeapi.co/api/v2/move-learn-method/4/"
          },
          "order": null,
          "version_group": {
            "name": "ultra-sun-ultra-moon",
            "url": "https://pokeapi.co/api/v2/version-group/18/"
          }
        }
      ]
    },
    {
      "move": {
        "name": "focus-punch",
        "url": "https://pokeapi.co/api/v2/move/264/"
      },
      "version_group_details": [
        {
          "level_learned_at": 0,
          "move_learn_method": {
            "name": "tutor",
            "url": "https://pokeapi.co/api/v2/move-learn-method/3/"
          },
          "order": null,
          "version_group": {
            "name": "ultra-sun-ultra-moon",
            "url": "https://pokeapi.co/api/v2/version-group/18/"
          }
        }
      ]
    },
    {
      "move": {
        "name": "brick-break",
        "url": "https://pokeapi.co/api/v2/move/280/"
      },
      "version_group_details": [
        {
          "level_learned_at": 0,
          "move_learn_method": {
            "name": "machine",
            "url": "https://pokeapi.co/api/v2/move-learn-method/4/"
          },
          "order": null,
          "version_group": {
            "name": "ultra-sun-ultra-moon",
            "url": "https://pokeapi.co/api/v2/version-group/18/"
          }
        }
      ]
    },
    {
      "move": {
        "name": "knock-off",
        "url": "https://pokeapi.co/api/v2/move/282/"
      },
      "version_group_details": [
        {
          "level_learned_at": 0,
          "move_learn_method": {
            "name": "tutor",
            "url": "https://pokeapi.co/api/v2/move-learn-method/3/"
          },
          "order": null,
          "version_group": {
            "name": "ultra-sun-ultra-moon",
            "url": "https://pokeapi.co/api/v2/version-group/18/"
          }
        }
      ]
    },
    {
      "move": {
        "name": "endeavor",
        "url": "https://pokeapi.co/api/v2/move/283/"
      },
      "version_group_details": [
        {
          "level_learned_at": 49,
          "move_learn_method": {
            "name": "level-up",
            "url": "https://pokeapi.co/api/v2/move-learn-method/1/"
          },
          "order": null,
          "version_group": {
            "name": "ultra-sun-ultra-moon",
            "url": "https://pokeapi.co/api/v2/version-group/18/"
          }
        },
        {
          "level_learned_at": 0,
          "move_learn_method": {
            "name": "tutor",
            "url": "https://pokeapi.co/api/v2/move-learn-method/3/"
          },
          "order": null,
          "version_group": {
            "name": "ultra-sun-ultra-moon",
            "url": "https://pokeapi.co/api/v2/version-group/18/"
          }
        }
      ]
    },
    {
      "move": {
        "name": "rock-tomb",
        "url": "https://pokeapi.co/api/v2/move/317/"
      },
      "version_group_details": [
        {
          "level_learned_at": 0,
          "move_learn_method": {
            "name": "machine",
            "url": "https://pokeapi.co/api/v2/move-learn-method/4/"
          },
          "order": null,
          "version_group": {
            "name": "ultra-sun-ultra-moon",
            "url": "https://pokeapi.co/api/v2/version-group/18/"
          }
        }
      ]
    },
    {
      "move": {
        "name": "aerial-ace",
        "url": "https://pokeapi.co/api/v2/move/332/"
      },
      "version_group_details": [
        {
          "level_learned_at": 0,
          "move_learn_method": {
            "name": "machine",
            "url": "https://pokeapi.co/api/v2/move-learn-method/4/"
          },
          "order": null,
          "version_group": {
            "name": "ultra-sun-ultra-moon",
            "url": "https://pokeapi.co/api/v2/version-group/18/"
          }
        }
      ]
    },
    {
      "move": {
        "name": "iron-defense",
        "url": "https://pokeapi.co/api/v2/move/334/"
      },
      "version_group_details": [
        {
          "level_learned_at": 0,
          "move_learn_method": {
            "name": "tutor",
            "url": "https://pokeapi.co/api/v2/move-learn-method/3/"
          },
          "order": null,
          "version_group": {
            "name": "ultra-sun-ultra-moon",
            "url": "https://pokeapi.co/api/v2/version-group/18/"
          }
        }
      ]
    },
    {
      "move": {
        "name": "fling",
        "url": "https://pokeapi.co/api/v2/move/374/"
      },
      "version_group_details": [
        {
          "level_learned_at": 37,
          "move_learn_method": {
            "name": "level-up",
            "url": "https://pokeapi.co/api/v2/move-learn-method/1/"
          },
          "order": null,
          "version_group": {
            "name": "ultra-sun-ultra-moon",
            "url": "https://pokeapi.co/api/v2/version-group/18/"
          }
        },
        {
          "level_learned_at": 0,
          "move_learn_method": {
            "name": "machine",
            "url": "https://pokeapi.co/api/v2/move-learn-method/4/"
          },
          "order": null,
          "version_group": {
            "name": "ultra-sun-ultra-moon",
            "url": "https://pokeapi.co/api/v2/version-group/18/"
          }
        }
      ]
    },
    {
      "move": {
        "name": "flare-blitz",
        "url": "https://pokeapi.co/api/v2/move/394/"
      },
      "version_group_details": [
        {
          "level_learned_at": 53,
          "move_learn_method": {
            "name": "level-up",
            "url": "https://pokeapi.co/api/v2/move-learn-method/1/"
          },
          "order": null,
          "version_group": {
            "name": "ultra-sun-ultra-moon",
            "url": "https://pokeapi.co/api/v2/version-group/18/"
          }
        }
      ]
    },
    {
      "move": {
        "name": "dark-pulse",
        "url": "https://pokeapi.co/api/v2/move/399/"
      },
      "version_group_details": [
        {
          "level_learned_at": 0,
          "move_learn_method": {
            "name": "machine",
            "url": "https://pokeapi.co/api/v2/move-learn-method/4/"
          },
          "order": null,
          "version_group": {
            "name": "ultra-sun-ultra-moon",
            "url": "https://pokeapi.co/api/v2/version-group/18/"
          }
        }
      ]
    },
    {
      "move": {
        "name": "focus-blast",
        "url": "https://pokeapi.co/api/v2/move/411/"
      },
      "version_group_details": [
        {
          "level_learned_at": 0,
          "move_learn_method": {
            "name": "machine",
            "url": "https://pokeapi.co/api/v2/move-learn-method/4/"
          },
          "order": null,
          "version_group": {
            "name": "ultra-sun-ultra-moon",
            "url": "https://pokeapi.co/api/v2/version-group/18/"
          }
        }
      ]
    },
    {
      "move": {
        "name": "earth-power",
        "url": "https://pokeapi.co/api/v2/move/414/"
      },
      "version_group_details": [
        {
          "level_learned_at": 0,
          "move_learn_method": {
            "name": "tutor",
            "url": "https://pokeapi.co/api/v2/move-learn-method/3/"
          },
          "order": null,
          "version_group": {
            "name": "ultra-sun-ultra-moon",
            "url": "https://pokeapi.co/api/v2/version-group/18/"
          }
        }
      ]
    },
    {
      "move": {
        "name": "giga-impact",
        "url": "https://pokeapi.co/api/v2/move/416/"
      },
      "version_group_details": [
        {
          "level_learned_at": 0,
          "move_learn_method": {
            "name": "machine",
            "url": "https://pokeapi.co/api/v2/move-learn-method/4/"
          },
          "order": null,
          "version_group": {
            "name": "ultra-sun-ultra-moon",
            "url": "https://pokeapi.co/api/v2/version-group/18/"
          }
        }
      ]
    },
    {
      "move": {
        "name": "iron-head",
        "url": "https://pokeapi.co/api/v2/move/442/"
      },
      "version_group_details": [
        {
          "level_learned_at": 0,
          "move_learn_method": {
            "name": "tutor",
            "url": "https://pokeapi.co/api/v2/move-learn-method/3/"
          },
          "order": null,
          "version_group": {
            "name": "ultra-sun-ultra-moon",
            "url": "https://pokeapi.co/api/v2/version-group/18/"
          }
        }
      ]
    },
    {
      "move": {
        "name": "stone-edge",
        "url": "https://pokeapi.co/api/v2/move/444/"
      },
      "version_group_details": [
        {
          "level_learned_at": 0,
          "move_learn_method": {
            "name": "machine",
            "url": "https://pokeapi.co/api/v2/move-learn-method/4/"
          },
          "order": null,
          "version_group": {
            "name": "ultra-sun-ultra-moon",
            "url": "https://pokeapi.co/api/v2/version-group/18/"
          }
        }
      ]
    },
    {
      "move": {
        "name": "stealth-rock",
        "url": "https://pokeapi.co/api/v2/move/446/"
      },
      "version_group_details": [
        {
          "level_learned_at": 0,
          "move_learn_method": {
            "name": "tutor",
            "url": "https://pokeapi.co/api/v2/move-learn-method/3/"
          },
          "order": null,
          "version_group": {
            "name": "ultra-sun-ultra-moon",
            "url": "https://pokeapi.co/api/v2/version-group/18/"
          }
        }
      ]
    },
    {
      "move": {
        "name": "smack-down",
        "url": "https://pokeapi.co/api/v2/move/479/"
      },
      "version_group_details": [
        {
          "level_learned_at": 0,
          "move_learn_method": {
            "name": "machine",
            "url": "https://pokeapi.co/api/v2/move-learn-method/4/"
          },
          "order": null,
          "version_group": {
            "name": "ultra-sun-ultra-moon",
            "url": "https://pokeapi.co/api/v2/version-group/18/"
          }
        }
      ]
    },
    {
      "move": {
        "name": "flame-charge",
        "url": "https://pokeapi.co/api/v2/move/488/"
      },
      "version_group_details": [
        {
          "level_learned_at": 0,
          "move_learn_method": {
            "name": "machine",
            "url": "https://pokeapi.co/api/v2/move-learn-method/4/"
          },
          "order": null,
          "version_group": {
            "name": "ultra-sun-ultra-moon",
            "url": "https://pokeapi.co/api/v2/version-group/18/"
          }
        }
      ]
    },
    {
      "move": {
        "name": "round",
        "url": "https://pokeapi.co/api/v2/move/496/"
      },
      "version_group_details": [
        {
          "level_learned_at": 0,
          "move_learn_method": {
            "name": "machine",
            "url": "https://pokeapi.co/api/v2/move-learn-method/4/"
          },
          "order": null,
          "version_group": {
            "name": "ultra-sun-ultra-moon",
            "url": "https://pokeapi.co/api/v2/version-group/18/"
          }
        }
      ]
    },
    {
      "move": {
        "name": "echoed-voice",
        "url": "https://pokeapi.co/api/v2/move/497/"
      },
      "version_group_details": [
        {
          "level_learned_at": 0,
          "move_learn_method": {
            "name": "machine",
            "url": "https://pokeapi.co/api/v2/move-learn-method/4/"
          },
          "order": null,
          "version_group": {
            "name": "ultra-sun-ultra-moon",
            "url": "https://pokeapi.co/api/v2/version-group/18/"
          }
        }
      ]
    },
    {
      "move": {
        "name": "ally-switch",
        "url": "https://pokeapi.co/api/v2/move/502/"
      },
      "version_group_details": [
        {
          "level_learned_at": 0,
          "move_learn_method": {
            "name": "tutor",
            "url": "https://pokeapi.co/api/v2/move-learn-method/3/"
          },
          "order": null,
          "version_group": {
            "name": "ultra-sun-ultra-moon",
            "url": "https://pokeapi.co/api/v2/version-group/18/"
          }
        }
      ]
    },
    {
      "move": {
        "name": "hex",
        "url": "https://pokeapi.co/api/v2/move/506/"
      },
      "version_group_details": [
        {
          "level_learned_at": 17,
          "move_learn_method": {
            "name": "level-up",
            "url": "https://pokeapi.co/api/v2/move-learn-method/1/"
          },
          "order": null,
          "version_group": {
            "name": "ultra-sun-ultra-moon",
            "url": "https://pokeapi.co/api/v2/version-group/18/"
          }
        }
      ]
    },
    {
      "move": {
        "name": "retaliate",
        "url": "https://pokeapi.co/api/v2/move/514/"
      },
      "version_group_details": [
        {
          "level_learned_at": 59,
          "move_learn_method": {
            "name": "level-up",
            "url": "https://pokeapi.co/api/v2/move-learn-method/1/"
          },
          "order": null,
          "version_group": {
            "name": "ultra-sun-ultra-moon",
            "url": "https://pokeapi.co/api/v2/version-group/18/"
          }
        }
      ]
    },
    {
      "move": {
        "name": "bulldoze",
        "url": "https://pokeapi.co/api/v2/move/523/"
      },
      "version_group_details": [
        {
          "level_learned_at": 0,
          "move_learn_method": {
            "name": "machine",
            "url": "https://pokeapi.co/api/v2/move-learn-method/4/"
          },
          "order": null,
          "version_group": {
            "name": "ultra-sun-ultra-moon",
            "url": "https://pokeapi.co/api/v2/version-group/18/"
          }
        }
      ]
    },
    {
      "move": {
        "name": "confide",
        "url": "https://pokeapi.co/api/v2/move/590/"
      },
      "version_group_details": [
        {
          "level_learned_at": 0,
          "move_learn_method": {
            "name": "machine",
            "url": "https://pokeapi.co/api/v2/move-learn-method/4/"
          },
          "order": null,
          "version_group": {
            "name": "ultra-sun-ultra-moon",
            "url": "https://pokeapi.co/api/v2/version-group/18/"
          }
        }
      ]
    },
    {
      "move": {
        "name": "laser-focus",
        "url": "https://pokeapi.co/api/v2/move/673/"
      },
      "version_group_details": [
        {
          "level_learned_at": 0,
          "move_learn_method": {
            "name": "tutor",
            "url": "https://pokeapi.co/api/v2/move-learn-method/3/"
          },
          "order": null,
          "version_group": {
            "name": "ultra-sun-ultra-moon",
            "url": "https://pokeapi.co/api/v2/version-group/18/"
          }
        }
      ]
    },
    {
      "move": {
        "name": "throat-chop",
        "url": "https://pokeapi.co/api/v2/move/675/"
      },
      "version_group_details": [
        {
          "level_learned_at": 0,
          "move_learn_method": {
            "name": "tutor",
            "url": "https://pokeapi.co/api/v2/move-learn-method/3/"
          },
          "order": null,
          "version_group": {
            "name": "ultra-sun-ultra-moon",
            "url": "https://pokeapi.co/api/v2/version-group/18/"
          }
        }
      ]
    },
    {
      "move": {
        "name": "brutal-swing",
        "url": "https://pokeapi.co/api/v2/move/693/"
      },
      "version_group_details": [
        {
          "level_learned_at": 0,
          "move_learn_method": {
            "name": "machine",
            "url": "https://pokeapi.co/api/v2/move-learn-method/4/"
          },
          "order": null,
          "version_group": {
            "name": "ultra-sun-ultra-moon",
            "url": "https://pokeapi.co/api/v2/version-group/18/"
          }
        }
      ]
    },
    {
      "move": {
        "name": "stomping-tantrum",
        "url": "https://pokeapi.co/api/v2/move/707/"
      },
      "version_group_details": [
        {
          "level_learned_at": 43,
          "move_learn_method": {
            "name": "level-up",
            "url": "https://pokeapi.co/api/v2/move-learn-method/1/"
          },
          "order": null,
          "version_group": {
            "name": "ultra-sun-ultra-moon",
            "url": "https://pokeapi.co/api/v2/version-group/18/"
          }
        },
        {
          "level_learned_at": 0,
          "move_learn_method": {
            "name": "tutor",
            "url": "https://pokeapi.co/api/v2/move-learn-method/3/"
          },
          "order": null,
          "version_group": {
            "name": "ultra-sun-ultra-moon",
            "url": "https://pokeapi.co/api/v2/version-group/18/"
          }
        }
      ]
    },
    {
      "move": {
        "name": "shadow-bone",
        "url": "https://pokeapi.co/api/v2/move/708/"
      },
      "version_group_details": [
        {
          "level_learned_at": 27,
          "move_learn_method": {
            "name": "level-up",
            "url": "https://pokeapi.co/api/v2/move-learn-method/1/"
          },
          "order": null,
          "version_group": {
            "name": "ultra-sun-ultra-moon",
            "url": "https://pokeapi.co/api/v2/version-group/18/"
          }
        }
      ]
    }
  ],
  "name": "marowak-totem",
  "order": 166,
  "past_abilities": [],
  "past_types": [],
  "species": {
    "name": "marowak",
    "url": "https://pokeapi.co/api/v2/pokemon-species/105/"
  },
  "sprites": {
    "back_default": null,
    "back_female": null,
    "back_shiny": null,
    "back_shiny_female": null,
    "front_default": "https://raw.githubusercontent.com/PokeAPI/sprites/master/sprites/pokemon/10149.png",
    "front_female": null,
    "front_shiny": "https://raw.githubusercontent.com/PokeAPI/sprites/master/sprites/pokemon/shiny/10149.png",
    "front_shiny_female": null,
    "other": {
      "dream_world": {
        "front_default": null,
        "front_female": null
      },
      "home": {
        "front_default": "https://raw.githubusercontent.com/PokeAPI/sprites/master/sprites/pokemon/other/home/10149.png",
        "front_female": null,
        "front_shiny": "https://raw.githubusercontent.com/PokeAPI/sprites/master/sprites/pokemon/other/home/shiny/10149.png",
        "front_shiny_female": null
      },
      "official-artwork": {
        "front_default": "https://raw.githubusercontent.com/PokeAPI/sprites/master/sprites/pokemon/other/official-artwork/10149.png",
        "front_shiny": "https://raw.githubusercontent.com/PokeAPI/sprites/master/sprites/pokemon/other/official-artwork/shiny/10149.png"
      },
      "showdown": {
        "back_default": "https://raw.githubusercontent.com/PokeAPI/sprites/master/sprites/pokemon/other/showdown/back/10149.gif",
        "back_female": null,
        "back_shiny": "https://raw.githubusercontent.com/PokeAPI/sprites/master/sprites/pokemon/other/showdown/back/shiny/10149.gif",
        "back_shiny_female": null,
        "front_default": "https://raw.githubusercontent.com/PokeAPI/sprites/master/sprites/pokemon/other/showdown/10149.gif",
        "front_female": null,
        "front_shiny": "https://raw.githubusercontent.com/PokeAPI/sprites/master/sprites/pokemon/other/showdown/shiny/10149.gif",
        "front_shiny_female": null
      }
    },
    "versions": {
      "generation-i": {
        "red-blue": {
          "back_default": null,
          "back_gray": null,
          "back_transparent": null,
          "front_default": null,
          "front_gray": null,
          "front_transparent": null
        },
        "yellow": {
          "back_default": null,
          "back_gray": null,
          "back_transparent": null,
          "front_default": null,
          "front_gray": null,
          "front_transparent": null
        }
      },
      "generation-ii": {
        "crystal": {
          "back_default": null,
          "back_shiny": null,
          "back_shiny_transparent": null,
          "back_transparent": null,
          "front_default": null,
          "front_shiny": null,
          "front_shiny_transparent": null,
          "front_transparent": null
        },
        "gold": {
          "back_default": null,
          "back_shiny": null,
          "front_default": null,
          "front_shiny": null,
          "front_transparent": null
        },
        "silver": {
          "back_default": null,
          "back_shiny": null,
          "front_default": null,
          "front_shiny": null,
          "front_transparent": null
        }
      },
      "generation-iii": {
        "emerald": {
          "front_default": null,
          "front_shiny": null
        },
        "firered-leafgreen": {
          "back_default": null,
          "back_shiny": null,
          "front_default": null,
          "front_shiny": null
        },
        "ruby-sapphire": {
          "back_default": null,
          "back_shiny": null,
          "front_default": null,
          "front_shiny": null
        }
      },
      "generation-iv": {
        "diamond-pearl": {
          "back_default": null,
          "back_female": null,
          "back_shiny": null,
          "back_shiny_female": null,
          "front_default": null,
          "front_female": null,
          "front_shiny": null,
          "front_shiny_female": null
        },
        "heartgold-soulsilver": {
          "back_default": null,
          "back_female": null,
          "back_shiny": null,
          "back_shiny_female": null,
          "front_default": null,
          "front_female": null,
          "front_shiny": null,
          "front_shiny_female": null
        },
        "platinum": {
          "back_default": null,
          "back_female": null,
          "back_shiny": null,
          "back_shiny_female": null,
          "front_default": null,
          "front_female": null,
          "front_shiny": null,
          "front_shiny_female": null
        }
      },
      "generation-ix": {
        "scarlet-violet": {
          "front_default": null,
          "front_female": null
        }
      },
      "generation-v": {
        "black-white": {
          "animated": {
            "back_default": null,
            "back_female": null,
            "back_shiny": null,
            "back_shiny_female": null,
            "front_default": null,
            "front_female": null,
            "front_shiny": null,
            "front_shiny_female": null
          },
          "back_default": null,
          "back_female": null,
          "back_shiny": null,
          "back_shiny_female": null,
          "front_default": "https://raw.githubusercontent.com/PokeAPI/sprites/master/sprites/pokemon/versions/generation-v/black-white/10149.png",
          "front_female": null,
          "front_shiny": "https://raw.githubusercontent.com/PokeAPI/sprites/master/sprites/pokemon/versions/generation-v/black-white/shiny/105-totem.png",
          "front_shiny_female": null
        }
      },
      "generation-vi": {
        "omegaruby-alphasapphire": {
          "front_default": null,
          "front_female": null,
          "front_shiny": null,
          "front_shiny_female": null
        },
        "x-y": {
          "front_default": null,
          "front_female": null,
          "front_shiny": null,
          "front_shiny_female": null
        }
      },
      "generation-vii": {
        "icons": {
          "front_default": "https://raw.githubusercontent.com/PokeAPI/sprites/master/sprites/pokemon/versions/generation-vii/icons/105-totem.png",
          "front_female": null
        },
        "ultra-sun-ultra-moon": {
          "front_default": "https://raw.githubusercontent.com/PokeAPI/sprites/master/sprites/pokemon/versions/generation-vii/ultra-sun-ultra-moon/105-totem.png",
          "front_female": null,
          "front_shiny": "https://raw.githubusercontent.com/PokeAPI/sprites/master/sprites/pokemon/versions/generation-vii/ultra-sun-ultra-moon/shiny/105-totem.png",
          "front_shiny_female": null
        }
      },
      "generation-viii": {
        "brilliant-diamond-shining-pearl": {
          "front_default": null,
          "front_female": null
        },
        "icons": {
          "front_default": null,
          "front_female": null
        }
      }
    }
  },
  "stats": [
    {
      "base_stat": 60,
      "effort": 0,
      "stat": {
        "name": "hp",
        "url": "https://pokeapi.co/api/v2/stat/1/"
      }
    },
    {
      "base_stat": 80,
      "effort": 0,
      "stat": {
        "name": "attack",
        "url": "https://pokeapi.co/api/v2/stat/2/"
      }
    },
    {
      "base_stat": 110,
      "effort": 2,
      "stat": {
        "name": "defense",
        "url": "https://pokeapi.co/api/v2/stat/3/"
      }
    },
    {
      "base_stat": 50,
      "effort": 0,
      "stat": {
        "name": "special-attack",
        "url": "https://pokeapi.co/api/v2/stat/4/"
      }
    },
    {
      "base_stat": 80,
      "effort": 0,
      "stat": {
        "name": "special-defense",
        "url": "https://pokeapi.co/api/v2/stat/5/"
      }
    },
    {
      "base_stat": 45,
      "effort": 0,
      "stat": {
        "name": "speed",
        "url": "https://pokeapi.co/api/v2/stat/6/"
      }
    }
  ],
  "types": [
    {
      "slot": 1,
      "type": {
        "name": "fire",
        "url": "https://pokeapi.co/api/v2/type/10/"
      }
    },
    {
      "slot": 2,
      "type": {
        "name": "ghost",
        "url": "https://pokeapi.co/api/v2/type/8/"
      }
    }
  ],
  "weight": 980
}