{"id": 929, "name": "dolliv", "types": [{"slot": 1, "type": {"name": "grass", "url": "https://pokeapi.co/api/v2/type/12/"}}, {"slot": 2, "type": {"name": "normal", "url": "https://pokeapi.co/api/v2/type/1/"}}], "stats": [{"base_stat": 52, "effort": 0, "stat": {"name": "hp", "url": "https://pokeapi.co/api/v2/stat/1/"}}, {"base_stat": 53, "effort": 0, "stat": {"name": "attack", "url": "https://pokeapi.co/api/v2/stat/2/"}}, {"base_stat": 60, "effort": 0, "stat": {"name": "defense", "url": "https://pokeapi.co/api/v2/stat/3/"}}, {"base_stat": 78, "effort": 2, "stat": {"name": "special-attack", "url": "https://pokeapi.co/api/v2/stat/4/"}}, {"base_stat": 78, "effort": 0, "stat": {"name": "special-defense", "url": "https://pokeapi.co/api/v2/stat/5/"}}, {"base_stat": 33, "effort": 0, "stat": {"name": "speed", "url": "https://pokeapi.co/api/v2/stat/6/"}}], "abilities": [{"ability": {"name": "early-bird", "url": "https://pokeapi.co/api/v2/ability/48/"}, "is_hidden": false, "slot": 1}, {"ability": {"name": "harvest", "url": "https://pokeapi.co/api/v2/ability/139/"}, "is_hidden": true, "slot": 3}], "sprites": {"front_default": "https://raw.githubusercontent.com/PokeAPI/sprites/master/sprites/pokemon/929.png"}, "moves": [{"move": {"name": "tackle"}, "earliest_level": 1}, {"move": {"name": "absorb"}, "earliest_level": 5}, {"move": {"name": "mega-drain"}, "earliest_level": 20}, {"move": {"name": "leech-seed"}, "earliest_level": 37}, {"move": {"name": "growth"}, "earliest_level": 7}, {"move": {"name": "razor-leaf"}, "earliest_level": 10}, {"move": {"name": "solar-beam"}, "earliest_level": null}, {"move": {"name": "swift"}, "earliest_level": null}, {"move": {"name": "rest"}, "earliest_level": null}, {"move": {"name": "substitute"}, "earliest_level": null}, {"move": {"name": "flail"}, "earliest_level": 16}, {"move": {"name": "protect"}, "earliest_level": null}, {"move": {"name": "giga-drain"}, "earliest_level": null}, {"move": {"name": "endure"}, "earliest_level": null}, {"move": {"name": "charm"}, "earliest_level": null}, {"move": {"name": "sleep-talk"}, "earliest_level": null}, {"move": {"name": "sweet-scent"}, "earliest_level": 1}, {"move": {"name": "sunny-day"}, "earliest_level": null}, {"move": {"name": "facade"}, "earliest_level": null}, {"move": {"name": "helping-hand"}, "earliest_level": 13}, {"move": {"name": "weather-ball"}, "earliest_level": null}, {"move": {"name": "bullet-seed"}, "earliest_level": null}, {"move": {"name": "magical-leaf"}, "earliest_level": null}, {"move": {"name": "seed-bomb"}, "earliest_level": 29}, {"move": {"name": "energy-ball"}, "earliest_level": 34}, {"move": {"name": "earth-power"}, "earliest_level": null}, {"move": {"name": "leaf-storm"}, "earliest_level": null}, {"move": {"name": "grass-knot"}, "earliest_level": null}, {"move": {"name": "grassy-terrain"}, "earliest_level": 23}, {"move": {"name": "solar-blade"}, "earliest_level": null}, {"move": {"name": "terrain-pulse"}, "earliest_level": 42}, {"move": {"name": "tera-blast"}, "earliest_level": null}, {"move": {"name": "trailblaze"}, "earliest_level": null}], "species": {"url": "https://pokeapi.co/api/v2/pokemon-species/929/"}, "height": 6, "weight": 119}