{"id": 96, "name": "drowzee", "types": [{"slot": 1, "type": {"name": "psychic", "url": "https://pokeapi.co/api/v2/type/14/"}}], "stats": [{"base_stat": 60, "effort": 0, "stat": {"name": "hp", "url": "https://pokeapi.co/api/v2/stat/1/"}}, {"base_stat": 48, "effort": 0, "stat": {"name": "attack", "url": "https://pokeapi.co/api/v2/stat/2/"}}, {"base_stat": 45, "effort": 0, "stat": {"name": "defense", "url": "https://pokeapi.co/api/v2/stat/3/"}}, {"base_stat": 43, "effort": 0, "stat": {"name": "special-attack", "url": "https://pokeapi.co/api/v2/stat/4/"}}, {"base_stat": 90, "effort": 1, "stat": {"name": "special-defense", "url": "https://pokeapi.co/api/v2/stat/5/"}}, {"base_stat": 42, "effort": 0, "stat": {"name": "speed", "url": "https://pokeapi.co/api/v2/stat/6/"}}], "abilities": [{"ability": {"name": "insomnia", "url": "https://pokeapi.co/api/v2/ability/15/"}, "is_hidden": false, "slot": 1}, {"ability": {"name": "forewarn", "url": "https://pokeapi.co/api/v2/ability/108/"}, "is_hidden": false, "slot": 2}, {"ability": {"name": "inner-focus", "url": "https://pokeapi.co/api/v2/ability/39/"}, "is_hidden": true, "slot": 3}], "sprites": {"front_default": "https://raw.githubusercontent.com/PokeAPI/sprites/master/sprites/pokemon/96.png"}, "moves": [{"move": {"name": "pound"}, "earliest_level": 1}, {"move": {"name": "mega-punch"}, "earliest_level": null}, {"move": {"name": "fire-punch"}, "earliest_level": null}, {"move": {"name": "ice-punch"}, "earliest_level": null}, {"move": {"name": "thunder-punch"}, "earliest_level": null}, {"move": {"name": "mega-kick"}, "earliest_level": null}, {"move": {"name": "headbutt"}, "earliest_level": 13}, {"move": {"name": "body-slam"}, "earliest_level": null}, {"move": {"name": "take-down"}, "earliest_level": null}, {"move": {"name": "double-edge"}, "earliest_level": null}, {"move": {"name": "disable"}, "earliest_level": 4}, {"move": {"name": "psybeam"}, "earliest_level": 21}, {"move": {"name": "submission"}, "earliest_level": null}, {"move": {"name": "low-kick"}, "earliest_level": null}, {"move": {"name": "counter"}, "earliest_level": null}, {"move": {"name": "seismic-toss"}, "earliest_level": null}, {"move": {"name": "thunder-wave"}, "earliest_level": null}, {"move": {"name": "toxic"}, "earliest_level": null}, {"move": {"name": "confusion"}, "earliest_level": 9}, {"move": {"name": "psychic"}, "earliest_level": 31}, {"move": {"name": "hypnosis"}, "earliest_level": 1}, {"move": {"name": "meditate"}, "earliest_level": 18}, {"move": {"name": "rage"}, "earliest_level": null}, {"move": {"name": "teleport"}, "earliest_level": null}, {"move": {"name": "night-shade"}, "earliest_level": null}, {"move": {"name": "mimic"}, "earliest_level": null}, {"move": {"name": "double-team"}, "earliest_level": null}, {"move": {"name": "barrier"}, "earliest_level": null}, {"move": {"name": "light-screen"}, "earliest_level": null}, {"move": {"name": "haze"}, "earliest_level": null}, {"move": {"name": "reflect"}, "earliest_level": null}, {"move": {"name": "bide"}, "earliest_level": null}, {"move": {"name": "metronome"}, "earliest_level": null}, {"move": {"name": "swift"}, "earliest_level": null}, {"move": {"name": "skull-bash"}, "earliest_level": null}, {"move": {"name": "dream-eater"}, "earliest_level": 40}, {"move": {"name": "poison-gas"}, "earliest_level": 13}, {"move": {"name": "flash"}, "earliest_level": null}, {"move": {"name": "psywave"}, "earliest_level": null}, {"move": {"name": "rest"}, "earliest_level": null}, {"move": {"name": "tri-attack"}, "earliest_level": null}, {"move": {"name": "substitute"}, "earliest_level": null}, {"move": {"name": "thief"}, "earliest_level": null}, {"move": {"name": "mind-reader"}, "earliest_level": 29}, {"move": {"name": "nightmare"}, "earliest_level": null}, {"move": {"name": "snore"}, "earliest_level": null}, {"move": {"name": "curse"}, "earliest_level": null}, {"move": {"name": "protect"}, "earliest_level": null}, {"move": {"name": "zap-cannon"}, "earliest_level": null}, {"move": {"name": "endure"}, "earliest_level": null}, {"move": {"name": "swagger"}, "earliest_level": 33}, {"move": {"name": "attract"}, "earliest_level": null}, {"move": {"name": "sleep-talk"}, "earliest_level": null}, {"move": {"name": "return"}, "earliest_level": null}, {"move": {"name": "frustration"}, "earliest_level": null}, {"move": {"name": "safeguard"}, "earliest_level": null}, {"move": {"name": "dynamic-punch"}, "earliest_level": null}, {"move": {"name": "encore"}, "earliest_level": null}, {"move": {"name": "hidden-power"}, "earliest_level": null}, {"move": {"name": "rain-dance"}, "earliest_level": null}, {"move": {"name": "sunny-day"}, "earliest_level": null}, {"move": {"name": "psych-up"}, "earliest_level": 25}, {"move": {"name": "shadow-ball"}, "earliest_level": null}, {"move": {"name": "future-sight"}, "earliest_level": 45}, {"move": {"name": "torment"}, "earliest_level": null}, {"move": {"name": "flatter"}, "earliest_level": null}, {"move": {"name": "facade"}, "earliest_level": null}, {"move": {"name": "focus-punch"}, "earliest_level": null}, {"move": {"name": "taunt"}, "earliest_level": null}, {"move": {"name": "helping-hand"}, "earliest_level": null}, {"move": {"name": "trick"}, "earliest_level": null}, {"move": {"name": "role-play"}, "earliest_level": null}, {"move": {"name": "assist"}, "earliest_level": null}, {"move": {"name": "magic-coat"}, "earliest_level": null}, {"move": {"name": "recycle"}, "earliest_level": null}, {"move": {"name": "brick-break"}, "earliest_level": null}, {"move": {"name": "knock-off"}, "earliest_level": null}, {"move": {"name": "endeavor"}, "earliest_level": null}, {"move": {"name": "skill-swap"}, "earliest_level": null}, {"move": {"name": "imprison"}, "earliest_level": null}, {"move": {"name": "snatch"}, "earliest_level": null}, {"move": {"name": "secret-power"}, "earliest_level": null}, {"move": {"name": "signal-beam"}, "earliest_level": null}, {"move": {"name": "calm-mind"}, "earliest_level": null}, {"move": {"name": "wake-up-slap"}, "earliest_level": 29}, {"move": {"name": "natural-gift"}, "earliest_level": null}, {"move": {"name": "fling"}, "earliest_level": null}, {"move": {"name": "guard-swap"}, "earliest_level": null}, {"move": {"name": "drain-punch"}, "earliest_level": null}, {"move": {"name": "focus-blast"}, "earliest_level": null}, {"move": {"name": "nasty-plot"}, "earliest_level": 36}, {"move": {"name": "psycho-cut"}, "earliest_level": null}, {"move": {"name": "zen-headbutt"}, "earliest_level": 29}, {"move": {"name": "trick-room"}, "earliest_level": null}, {"move": {"name": "captivate"}, "earliest_level": null}, {"move": {"name": "grass-knot"}, "earliest_level": null}, {"move": {"name": "power-split"}, "earliest_level": null}, {"move": {"name": "psyshock"}, "earliest_level": 45}, {"move": {"name": "telekinesis"}, "earliest_level": null}, {"move": {"name": "magic-room"}, "earliest_level": null}, {"move": {"name": "synchronoise"}, "earliest_level": 37}, {"move": {"name": "low-sweep"}, "earliest_level": null}, {"move": {"name": "foul-play"}, "earliest_level": null}, {"move": {"name": "round"}, "earliest_level": null}, {"move": {"name": "stored-power"}, "earliest_level": null}, {"move": {"name": "ally-switch"}, "earliest_level": null}, {"move": {"name": "draining-kiss"}, "earliest_level": null}, {"move": {"name": "confide"}, "earliest_level": null}, {"move": {"name": "dazzling-gleam"}, "earliest_level": null}, {"move": {"name": "power-up-punch"}, "earliest_level": null}, {"move": {"name": "psychic-terrain"}, "earliest_level": null}, {"move": {"name": "expanding-force"}, "earliest_level": null}, {"move": {"name": "tera-blast"}, "earliest_level": null}, {"move": {"name": "trailblaze"}, "earliest_level": null}, {"move": {"name": "psychic-noise"}, "earliest_level": null}], "species": {"url": "https://pokeapi.co/api/v2/pokemon-species/96/"}, "height": 10, "weight": 324}