{"flavor_text_entries": [{"flavor_text": "It swims through icy seas while shattering\nice floes with its large tusks. It is\nprotected by its thick blubber.", "language": {"name": "en", "url": "https://pokeapi.co/api/v2/language/9/"}, "version": {"name": "leafgreen", "url": "https://pokeapi.co/api/v2/version/11/"}}, {"flavor_text": "WALREIN\u2019s two massively developed\ntusks can totally shatter blocks of\nice weighing ten tons with one blow.\fThis POK\u00e9MON\u2019s thick coat of blubber\ninsulates it from subzero temperatures.", "language": {"name": "en", "url": "https://pokeapi.co/api/v2/language/9/"}, "version": {"name": "ruby", "url": "https://pokeapi.co/api/v2/version/7/"}}, {"flavor_text": "WALREIN swims all over in frigid\nseawater while crushing icebergs with\nits grand, imposing tusks.\fIts thick layer of blubber makes enemy\nattacks bounce off harmlessly.", "language": {"name": "en", "url": "https://pokeapi.co/api/v2/language/9/"}, "version": {"name": "sapphire", "url": "https://pokeapi.co/api/v2/version/8/"}}, {"flavor_text": "To protect its herd, the leader battles\nanything that invades its territory, even\nat the cost of its life. Its tusks may snap\noff in battle.", "language": {"name": "en", "url": "https://pokeapi.co/api/v2/language/9/"}, "version": {"name": "emerald", "url": "https://pokeapi.co/api/v2/version/9/"}}, {"flavor_text": "It swims through icy seas while shattering\nice floes with its large tusks. It is\nprotected by its thick blubber.", "language": {"name": "en", "url": "https://pokeapi.co/api/v2/language/9/"}, "version": {"name": "firered", "url": "https://pokeapi.co/api/v2/version/10/"}}, {"flavor_text": "It shatters ice with its big tusks.\nIts thick blubber repels not only\nthe cold, but also enemy attacks.", "language": {"name": "en", "url": "https://pokeapi.co/api/v2/language/9/"}, "version": {"name": "diamond", "url": "https://pokeapi.co/api/v2/version/12/"}}, {"flavor_text": "It shatters ice with its big tusks.\nIts thick blubber repels not only\nthe cold, but also enemy attacks.", "language": {"name": "en", "url": "https://pokeapi.co/api/v2/language/9/"}, "version": {"name": "pearl", "url": "https://pokeapi.co/api/v2/version/13/"}}, {"flavor_text": "It shatters ice with its big tusks.\nIts thick blubber repels not only\nthe cold, but also enemy attacks.", "language": {"name": "en", "url": "https://pokeapi.co/api/v2/language/9/"}, "version": {"name": "platinum", "url": "https://pokeapi.co/api/v2/version/14/"}}, {"flavor_text": "It shatters drift ice with its\nstrong tusks. Its thick layer of\nblubber repels enemy attacks.", "language": {"name": "en", "url": "https://pokeapi.co/api/v2/language/9/"}, "version": {"name": "heartgold", "url": "https://pokeapi.co/api/v2/version/15/"}}, {"flavor_text": "It shatters drift ice with its\nstrong tusks. Its thick layer of\nblubber repels enemy attacks.", "language": {"name": "en", "url": "https://pokeapi.co/api/v2/language/9/"}, "version": {"name": "soulsilver", "url": "https://pokeapi.co/api/v2/version/16/"}}, {"flavor_text": "It shatters ice with its big tusks.\nIts thick blubber repels not only\nthe cold, but also enemy attacks.", "language": {"name": "en", "url": "https://pokeapi.co/api/v2/language/9/"}, "version": {"name": "black", "url": "https://pokeapi.co/api/v2/version/17/"}}, {"flavor_text": "It shatters ice with its big tusks.\nIts thick blubber repels not only\nthe cold, but also enemy attacks.", "language": {"name": "en", "url": "https://pokeapi.co/api/v2/language/9/"}, "version": {"name": "white", "url": "https://pokeapi.co/api/v2/version/18/"}}, {"flavor_text": "Not only does its thick blubber keep it\nwarm, it also protects it from attacks.\nIt shatters ice with its prized tusks.", "language": {"name": "en", "url": "https://pokeapi.co/api/v2/language/9/"}, "version": {"name": "black-2", "url": "https://pokeapi.co/api/v2/version/21/"}}, {"flavor_text": "Not only does its thick blubber keep it\nwarm, it also protects it from attacks.\nIt shatters ice with its prized tusks.", "language": {"name": "en", "url": "https://pokeapi.co/api/v2/language/9/"}, "version": {"name": "white-2", "url": "https://pokeapi.co/api/v2/version/22/"}}, {"flavor_text": "It shatters ice with its big tusks. Its thick blubber\nrepels not only the cold, but also enemy attacks.", "language": {"name": "en", "url": "https://pokeapi.co/api/v2/language/9/"}, "version": {"name": "x", "url": "https://pokeapi.co/api/v2/version/23/"}}, {"flavor_text": "It shatters drift ice with its strong tusks. Its thick\nlayer of blubber repels enemy attacks.", "language": {"name": "en", "url": "https://pokeapi.co/api/v2/language/9/"}, "version": {"name": "y", "url": "https://pokeapi.co/api/v2/version/24/"}}, {"flavor_text": "Walrein\u2019s two massively developed tusks can totally shatter\nblocks of ice weighing 10 tons with one blow. This Pok\u00e9mon\u2019s\nthick coat of blubber insulates it from subzero temperatures.", "language": {"name": "en", "url": "https://pokeapi.co/api/v2/language/9/"}, "version": {"name": "omega-ruby", "url": "https://pokeapi.co/api/v2/version/25/"}}, {"flavor_text": "Walrein swims all over in frigid seawater while crushing\nicebergs with its grand, imposing tusks. Its thick layer of\nblubber makes enemy attacks bounce off harmlessly.", "language": {"name": "en", "url": "https://pokeapi.co/api/v2/language/9/"}, "version": {"name": "alpha-sapphire", "url": "https://pokeapi.co/api/v2/version/26/"}}, {"flavor_text": "Walrein form herds of 20 to 30 individuals.\nWhen a threat appears, the herd\u2019s leader will\nprotect the group with its life.", "language": {"name": "en", "url": "https://pokeapi.co/api/v2/language/9/"}, "version": {"name": "sword", "url": "https://pokeapi.co/api/v2/version/33/"}}, {"flavor_text": "Walrein\u2019s tusks keep growing throughout its life.\nTusks broken in battle will grow back to their\nusual impressive size in a year.", "language": {"name": "en", "url": "https://pokeapi.co/api/v2/language/9/"}, "version": {"name": "shield", "url": "https://pokeapi.co/api/v2/version/34/"}}, {"flavor_text": "Its thick tusks are strong enough to shatter drift ice. They have\nbeen known to break, but they will grow back by the next year.\nThe Hisui region is well known for these broken tusks.", "language": {"name": "en", "url": "https://pokeapi.co/api/v2/language/9/"}, "version": {"name": "legends-arceus", "url": "https://pokeapi.co/api/v2/version/39/"}}], "evolution_chain": {"url": "https://pokeapi.co/api/v2/evolution-chain/187/"}}