{"id": 867, "name": "runerigus", "types": [{"slot": 1, "type": {"name": "ground", "url": "https://pokeapi.co/api/v2/type/5/"}}, {"slot": 2, "type": {"name": "ghost", "url": "https://pokeapi.co/api/v2/type/8/"}}], "stats": [{"base_stat": 58, "effort": 0, "stat": {"name": "hp", "url": "https://pokeapi.co/api/v2/stat/1/"}}, {"base_stat": 95, "effort": 0, "stat": {"name": "attack", "url": "https://pokeapi.co/api/v2/stat/2/"}}, {"base_stat": 145, "effort": 2, "stat": {"name": "defense", "url": "https://pokeapi.co/api/v2/stat/3/"}}, {"base_stat": 50, "effort": 0, "stat": {"name": "special-attack", "url": "https://pokeapi.co/api/v2/stat/4/"}}, {"base_stat": 105, "effort": 0, "stat": {"name": "special-defense", "url": "https://pokeapi.co/api/v2/stat/5/"}}, {"base_stat": 30, "effort": 0, "stat": {"name": "speed", "url": "https://pokeapi.co/api/v2/stat/6/"}}], "abilities": [{"ability": {"name": "wandering-spirit", "url": "https://pokeapi.co/api/v2/ability/254/"}, "is_hidden": false, "slot": 1}], "sprites": {"front_default": "https://raw.githubusercontent.com/PokeAPI/sprites/master/sprites/pokemon/867.png"}, "moves": [{"move": {"name": "slam"}, "earliest_level": 32}, {"move": {"name": "disable"}, "earliest_level": 12}, {"move": {"name": "hyper-beam"}, "earliest_level": null}, {"move": {"name": "earthquake"}, "earliest_level": 50}, {"move": {"name": "psychic"}, "earliest_level": null}, {"move": {"name": "night-shade"}, "earliest_level": 1}, {"move": {"name": "haze"}, "earliest_level": 1}, {"move": {"name": "amnesia"}, "earliest_level": null}, {"move": {"name": "rest"}, "earliest_level": null}, {"move": {"name": "rock-slide"}, "earliest_level": null}, {"move": {"name": "substitute"}, "earliest_level": null}, {"move": {"name": "thief"}, "earliest_level": null}, {"move": {"name": "snore"}, "earliest_level": null}, {"move": {"name": "curse"}, "earliest_level": 38}, {"move": {"name": "protect"}, "earliest_level": 1}, {"move": {"name": "scary-face"}, "earliest_level": 1}, {"move": {"name": "destiny-bond"}, "earliest_level": 62}, {"move": {"name": "sandstorm"}, "earliest_level": null}, {"move": {"name": "endure"}, "earliest_level": null}, {"move": {"name": "mean-look"}, "earliest_level": 28}, {"move": {"name": "attract"}, "earliest_level": null}, {"move": {"name": "sleep-talk"}, "earliest_level": null}, {"move": {"name": "safeguard"}, "earliest_level": null}, {"move": {"name": "rain-dance"}, "earliest_level": null}, {"move": {"name": "shadow-ball"}, "earliest_level": 44}, {"move": {"name": "will-o-wisp"}, "earliest_level": null}, {"move": {"name": "facade"}, "earliest_level": null}, {"move": {"name": "taunt"}, "earliest_level": null}, {"move": {"name": "trick"}, "earliest_level": null}, {"move": {"name": "revenge"}, "earliest_level": null}, {"move": {"name": "skill-swap"}, "earliest_level": null}, {"move": {"name": "imprison"}, "earliest_level": null}, {"move": {"name": "astonish"}, "earliest_level": 1}, {"move": {"name": "fake-tears"}, "earliest_level": null}, {"move": {"name": "rock-tomb"}, "earliest_level": null}, {"move": {"name": "sand-tomb"}, "earliest_level": null}, {"move": {"name": "iron-defense"}, "earliest_level": null}, {"move": {"name": "calm-mind"}, "earliest_level": null}, {"move": {"name": "rock-blast"}, "earliest_level": null}, {"move": {"name": "payback"}, "earliest_level": null}, {"move": {"name": "power-swap"}, "earliest_level": null}, {"move": {"name": "guard-swap"}, "earliest_level": null}, {"move": {"name": "toxic-spikes"}, "earliest_level": null}, {"move": {"name": "dark-pulse"}, "earliest_level": null}, {"move": {"name": "dragon-pulse"}, "earliest_level": null}, {"move": {"name": "energy-ball"}, "earliest_level": null}, {"move": {"name": "earth-power"}, "earliest_level": null}, {"move": {"name": "giga-impact"}, "earliest_level": null}, {"move": {"name": "nasty-plot"}, "earliest_level": null}, {"move": {"name": "shadow-claw"}, "earliest_level": 1}, {"move": {"name": "zen-headbutt"}, "earliest_level": null}, {"move": {"name": "trick-room"}, "earliest_level": null}, {"move": {"name": "stone-edge"}, "earliest_level": null}, {"move": {"name": "stealth-rock"}, "earliest_level": null}, {"move": {"name": "grass-knot"}, "earliest_level": null}, {"move": {"name": "guard-split"}, "earliest_level": 56}, {"move": {"name": "power-split"}, "earliest_level": 56}, {"move": {"name": "wonder-room"}, "earliest_level": null}, {"move": {"name": "round"}, "earliest_level": null}, {"move": {"name": "ally-switch"}, "earliest_level": null}, {"move": {"name": "hex"}, "earliest_level": 24}, {"move": {"name": "bulldoze"}, "earliest_level": null}, {"move": {"name": "phantom-force"}, "earliest_level": null}, {"move": {"name": "crafty-shield"}, "earliest_level": 20}, {"move": {"name": "brutal-swing"}, "earliest_level": 16}, {"move": {"name": "body-press"}, "earliest_level": null}, {"move": {"name": "poltergeist"}, "earliest_level": null}], "species": {"url": "https://pokeapi.co/api/v2/pokemon-species/867/"}, "height": 16, "weight": 666}