{
  "base_happiness": 0,
  "capture_rate": 30,
  "color": {
    "name": "white",
    "url": "https://pokeapi.co/api/v2/pokemon-color/9/"
  },
  "egg_groups": [
    {
      "name": "no-eggs",
      "url": "https://pokeapi.co/api/v2/egg-group/15/"
    }
  ],
  "evolution_chain": {
    "url": "https://pokeapi.co/api/v2/evolution-chain/426/"
  },
  "evolves_from_species": null,
  "flavor_text_entries": [
    {
      "flavor_text": "\u30af\u30cd\u30af\u30cd\u3046\u3054\u3044\u3066\u3000\u3072\u3068\u306b\u3000\u3061\u304b\u3065\u304f\u3068\n\u3068\u3064\u305c\u3093\u3000\u3042\u305f\u307e\u3092\u3000\u3070\u304f\u306f\u3064\u3055\u305b\u305f\u3002\n\u30a6\u30eb\u30c8\u30e9\u30d3\u30fc\u30b9\u30c8\u306e\u3000\u3044\u3063\u3057\u3085\u3089\u3057\u3044\u3002",
      "language": {
        "name": "ja-Hrkt",
        "url": "https://pokeapi.co/api/v2/language/1/"
      },
      "version": {
        "name": "ultra-sun",
        "url": "https://pokeapi.co/api/v2/version/29/"
      }
    },
    {
      "flavor_text": "\uafc8\ud2c0\uac70\ub9ac\uba70 \uc0ac\ub78c\uc5d0\uac8c \ub2e4\uac00\uc624\ub2e4\n\ub290\ub2f7\uc5c6\uc774 \uba38\ub9ac\ub97c \ud3ed\ubc1c\uc2dc\ud0a8\ub2e4.\n\uc6b8\ud2b8\ub77c\ube44\uc2a4\ud2b8\uc758 \uc77c\uc885\uc778 \ub4ef\ud558\ub2e4.",
      "language": {
        "name": "ko",
        "url": "https://pokeapi.co/api/v2/language/3/"
      },
      "version": {
        "name": "ultra-sun",
        "url": "https://pokeapi.co/api/v2/version/29/"
      }
    },
    {
      "flavor_text": "\u6703\u626d\u52d5\u8457\u8eab\u9ad4\u9760\u8fd1\u4eba\uff0c\n\u7136\u5f8c\u7a81\u7136\u8b93\u982d\u7206\u70b8\u3002\n\u4f3c\u4e4e\u662f\u7a76\u6975\u7570\u7378\u7684\u4e00\u7a2e\u3002",
      "language": {
        "name": "zh-Hant",
        "url": "https://pokeapi.co/api/v2/language/4/"
      },
      "version": {
        "name": "ultra-sun",
        "url": "https://pokeapi.co/api/v2/version/29/"
      }
    },
    {
      "flavor_text": "Il s\u2019approche des gens avec son allure\nd\u00e9sarticul\u00e9e et fait subitement exploser\nsa t\u00eate. Ce serait une Ultra-Chim\u00e8re.",
      "language": {
        "name": "fr",
        "url": "https://pokeapi.co/api/v2/language/5/"
      },
      "version": {
        "name": "ultra-sun",
        "url": "https://pokeapi.co/api/v2/version/29/"
      }
    },
    {
      "flavor_text": "Dieses Wesen ist vermutlich eine Ultrabestie.\nEs n\u00e4hert sich Menschen t\u00e4nzelnd, nur um dann\npl\u00f6tzlich seinen Kopf explodieren zu lassen.",
      "language": {
        "name": "de",
        "url": "https://pokeapi.co/api/v2/language/6/"
      },
      "version": {
        "name": "ultra-sun",
        "url": "https://pokeapi.co/api/v2/version/29/"
      }
    },
    {
      "flavor_text": "Parece ser uno de los temibles Ultraentes.\nSe acerca a la gente contone\u00e1ndose y hace\nexplotar su propia cabeza s\u00fabitamente.",
      "language": {
        "name": "es",
        "url": "https://pokeapi.co/api/v2/language/7/"
      },
      "version": {
        "name": "ultra-sun",
        "url": "https://pokeapi.co/api/v2/version/29/"
      }
    },
    {
      "flavor_text": "Sembra che sia un\u2019Ultracreatura. Si avvicina\nalle persone ondeggiando e fa esplodere la\nsua testa all\u2019improvviso.",
      "language": {
        "name": "it",
        "url": "https://pokeapi.co/api/v2/language/8/"
      },
      "version": {
        "name": "ultra-sun",
        "url": "https://pokeapi.co/api/v2/version/29/"
      }
    },
    {
      "flavor_text": "It slithers toward people. Then, without warning,\nit triggers the explosion of its own head.\nIt\u2019s apparently one kind of Ultra Beast.",
      "language": {
        "name": "en",
        "url": "https://pokeapi.co/api/v2/language/9/"
      },
      "version": {
        "name": "ultra-sun",
        "url": "https://pokeapi.co/api/v2/version/29/"
      }
    },
    {
      "flavor_text": "\u30af\u30cd\u30af\u30cd\u52d5\u3044\u3066\u3000\u4eba\u306b\u3000\u8fd1\u4ed8\u304f\u3068\n\u7a81\u7136\u3000\u982d\u3092\u3000\u7206\u767a\u3055\u305b\u305f\u3002\n\u30a6\u30eb\u30c8\u30e9\u30d3\u30fc\u30b9\u30c8\u306e\u3000\u4e00\u7a2e\u3089\u3057\u3044\u3002",
      "language": {
        "name": "ja",
        "url": "https://pokeapi.co/api/v2/language/11/"
      },
      "version": {
        "name": "ultra-sun",
        "url": "https://pokeapi.co/api/v2/version/29/"
      }
    },
    {
      "flavor_text": "\u626d\u554a\u626d\u5730\u79fb\u52a8\u7740\uff0c\n\u9760\u8fd1\u4eba\u540e\u4f1a\u7a81\u7136\u8ba9\u5934\u7206\u70b8\u3002\n\u597d\u50cf\u662f\u7a76\u6781\u5f02\u517d\u4e2d\u7684\u4e00\u79cd\u3002",
      "language": {
        "name": "zh-Hans",
        "url": "https://pokeapi.co/api/v2/language/12/"
      },
      "version": {
        "name": "ultra-sun",
        "url": "https://pokeapi.co/api/v2/version/29/"
      }
    },
    {
      "flavor_text": "\u30a6\u30eb\u30c8\u30e9\u30db\u30fc\u30eb\u304b\u3089\u3000\u3042\u3089\u308f\u308c\u305f\uff35\uff22\u3002\n\u3070\u304f\u306f\u3064\u3067\u3000\u3042\u3044\u3066\u3092\u3000\u304a\u3069\u308d\u304b\u3057\n\u305d\u306e\u3059\u304d\u306b\u3000\u305b\u3044\u304d\u3092\u3000\u3046\u3070\u3063\u3066\u3044\u305f\u3002",
      "language": {
        "name": "ja-Hrkt",
        "url": "https://pokeapi.co/api/v2/language/1/"
      },
      "version": {
        "name": "ultra-moon",
        "url": "https://pokeapi.co/api/v2/version/30/"
      }
    },
    {
      "flavor_text": "\uc6b8\ud2b8\ub77c\ud640\uc5d0\uc11c \ub098\ud0c0\ub09c UB.\n\ud3ed\ubc1c\ub85c \uc0c1\ub300\ub97c \ub180\ub77c\uac8c \ud558\uace0\n\uadf8 \ud2c8\uc5d0 \uc0dd\uae30\ub97c \ube7c\uc557\ub294\ub2e4.",
      "language": {
        "name": "ko",
        "url": "https://pokeapi.co/api/v2/language/3/"
      },
      "version": {
        "name": "ultra-moon",
        "url": "https://pokeapi.co/api/v2/version/30/"
      }
    },
    {
      "flavor_text": "\u5f9e\u7a76\u6975\u4e4b\u6d1e\u4e2d\u51fa\u73fe\u7684\u7a76\u6975\u7570\u7378\u3002\n\u6703\u7528\u7206\u70b8\u5687\u552c\u5c0d\u624b\uff0c\n\u7136\u5f8c\u8d81\u6a5f\u596a\u53d6\u5c0d\u65b9\u7684\u7cbe\u6c23\u3002",
      "language": {
        "name": "zh-Hant",
        "url": "https://pokeapi.co/api/v2/language/4/"
      },
      "version": {
        "name": "ultra-moon",
        "url": "https://pokeapi.co/api/v2/version/30/"
      }
    },
    {
      "flavor_text": "Cette Ultra-Chim\u00e8re sortie d\u2019une Ultra-Br\u00e8che\nprovoque des explosions pour surprendre\nl\u2019ennemi et en profite pour voler son \u00e9nergie.",
      "language": {
        "name": "fr",
        "url": "https://pokeapi.co/api/v2/language/5/"
      },
      "version": {
        "name": "ultra-moon",
        "url": "https://pokeapi.co/api/v2/version/30/"
      }
    },
    {
      "flavor_text": "Eine Ultrabestie, die durch eine Ultrapforte kam.\nSie erschreckt ihre Gegner mit Explosionen\nund raubt ihnen dann ihre Lebenskraft.",
      "language": {
        "name": "de",
        "url": "https://pokeapi.co/api/v2/language/6/"
      },
      "version": {
        "name": "ultra-moon",
        "url": "https://pokeapi.co/api/v2/version/30/"
      }
    },
    {
      "flavor_text": "Un Ultraente surgido de un Ultraumbral. Crea\nuna explosi\u00f3n para sorprender al oponente y\naprovecha para absorber su energ\u00eda vital.",
      "language": {
        "name": "es",
        "url": "https://pokeapi.co/api/v2/language/7/"
      },
      "version": {
        "name": "ultra-moon",
        "url": "https://pokeapi.co/api/v2/version/30/"
      }
    },
    {
      "flavor_text": "Ultracreatura arrivata attraverso un Ultravarco.\nSorprende le prede con un\u2019esplosione e ne\napprofitta per sottrarre la loro energia vitale.",
      "language": {
        "name": "it",
        "url": "https://pokeapi.co/api/v2/language/8/"
      },
      "version": {
        "name": "ultra-moon",
        "url": "https://pokeapi.co/api/v2/version/30/"
      }
    },
    {
      "flavor_text": "A UB that appeared from an Ultra Wormhole, it\ncauses explosions, then takes advantage of\nopponents\u2019 surprise to rob them of their vitality.",
      "language": {
        "name": "en",
        "url": "https://pokeapi.co/api/v2/language/9/"
      },
      "version": {
        "name": "ultra-moon",
        "url": "https://pokeapi.co/api/v2/version/30/"
      }
    },
    {
      "flavor_text": "\u30a6\u30eb\u30c8\u30e9\u30db\u30fc\u30eb\u304b\u3089\u3000\u73fe\u308c\u305f\u3000\uff35\uff22\u3002\n\u7206\u767a\u3067\u3000\u76f8\u624b\u3092\u3000\u9a5a\u304b\u3057\n\u305d\u306e\u9699\u306b\u3000\u751f\u6c17\u3092\u3000\u596a\u3063\u3066\u3044\u305f\u3002",
      "language": {
        "name": "ja",
        "url": "https://pokeapi.co/api/v2/language/11/"
      },
      "version": {
        "name": "ultra-moon",
        "url": "https://pokeapi.co/api/v2/version/30/"
      }
    },
    {
      "flavor_text": "\u4ece\u7a76\u6781\u4e4b\u6d1e\u91cc\u51fa\u73b0\u7684\u7a76\u6781\u5f02\u517d\u3002\n\u7528\u7206\u70b8\u5413\u552c\u5bf9\u624b\uff0c\n\u8d81\u90a3\u7a7a\u5f53\u593a\u8d70\u5bf9\u65b9\u7684\u751f\u547d\u6c14\u606f\u3002",
      "language": {
        "name": "zh-Hans",
        "url": "https://pokeapi.co/api/v2/language/12/"
      },
      "version": {
        "name": "ultra-moon",
        "url": "https://pokeapi.co/api/v2/version/30/"
      }
    }
  ],
  "form_descriptions": [],
  "forms_switchable": false,
  "gender_rate": -1,
  "genera": [
    {
      "genus": "\u306f\u306a\u3073\u30dd\u30b1\u30e2\u30f3",
      "language": {
        "name": "ja-Hrkt",
        "url": "https://pokeapi.co/api/v2/language/1/"
      }
    },
    {
      "genus": "\ubd88\uaf43\ub180\uc774\ud3ec\ucf13\ubaac",
      "language": {
        "name": "ko",
        "url": "https://pokeapi.co/api/v2/language/3/"
      }
    },
    {
      "genus": "\u7159\u706b\u5bf6\u53ef\u5922",
      "language": {
        "name": "zh-Hant",
        "url": "https://pokeapi.co/api/v2/language/4/"
      }
    },
    {
      "genus": "Pok\u00e9mon Artificier",
      "language": {
        "name": "fr",
        "url": "https://pokeapi.co/api/v2/language/5/"
      }
    },
    {
      "genus": "Feuerwerks-Pok\u00e9mon",
      "language": {
        "name": "de",
        "url": "https://pokeapi.co/api/v2/language/6/"
      }
    },
    {
      "genus": "Pok\u00e9mon Pirotecnia",
      "language": {
        "name": "es",
        "url": "https://pokeapi.co/api/v2/language/7/"
      }
    },
    {
      "genus": "Pok\u00e9mon Pirotecnico",
      "language": {
        "name": "it",
        "url": "https://pokeapi.co/api/v2/language/8/"
      }
    },
    {
      "genus": "Fireworks Pok\u00e9mon",
      "language": {
        "name": "en",
        "url": "https://pokeapi.co/api/v2/language/9/"
      }
    },
    {
      "genus": "\u306f\u306a\u3073\u30dd\u30b1\u30e2\u30f3",
      "language": {
        "name": "ja",
        "url": "https://pokeapi.co/api/v2/language/11/"
      }
    },
    {
      "genus": "\u70df\u706b\u5b9d\u53ef\u68a6",
      "language": {
        "name": "zh-Hans",
        "url": "https://pokeapi.co/api/v2/language/12/"
      }
    }
  ],
  "generation": {
    "name": "generation-vii",
    "url": "https://pokeapi.co/api/v2/generation/7/"
  },
  "growth_rate": {
    "name": "slow",
    "url": "https://pokeapi.co/api/v2/growth-rate/1/"
  },
  "habitat": null,
  "has_gender_differences": false,
  "hatch_counter": 120,
  "id": 806,
  "is_baby": false,
  "is_legendary": false,
  "is_mythical": false,
  "name": "blacephalon",
  "names": [
    {
      "language": {
        "name": "ja-Hrkt",
        "url": "https://pokeapi.co/api/v2/language/1/"
      },
      "name": "\u30ba\u30ac\u30c9\u30fc\u30f3"
    },
    {
      "language": {
        "name": "roomaji",
        "url": "https://pokeapi.co/api/v2/language/2/"
      },
      "name": "Zugadoon"
    },
    {
      "language": {
        "name": "ko",
        "url": "https://pokeapi.co/api/v2/language/3/"
      },
      "name": "\ub450\ud30c\ud321"
    },
    {
      "language": {
        "name": "zh-Hant",
        "url": "https://pokeapi.co/api/v2/language/4/"
      },
      "name": "\u7830\u982d\u5c0f\u4e11"
    },
    {
      "language": {
        "name": "fr",
        "url": "https://pokeapi.co/api/v2/language/5/"
      },
      "name": "Pierroteknik"
    },
    {
      "language": {
        "name": "de",
        "url": "https://pokeapi.co/api/v2/language/6/"
      },
      "name": "Kopplosio"
    },
    {
      "language": {
        "name": "es",
        "url": "https://pokeapi.co/api/v2/language/7/"
      },
      "name": "Blacephalon"
    },
    {
      "language": {
        "name": "it",
        "url": "https://pokeapi.co/api/v2/language/8/"
      },
      "name": "Blacephalon"
    },
    {
      "language": {
        "name": "en",
        "url": "https://pokeapi.co/api/v2/language/9/"
      },
      "name": "Blacephalon"
    },
    {
      "language": {
        "name": "ja",
        "url": "https://pokeapi.co/api/v2/language/11/"
      },
      "name": "\u30ba\u30ac\u30c9\u30fc\u30f3"
    },
    {
      "language": {
        "name": "zh-Hans",
        "url": "https://pokeapi.co/api/v2/language/12/"
      },
      "name": "\u7830\u5934\u5c0f\u4e11"
    }
  ],
  "order": 806,
  "pal_park_encounters": [],
  "pokedex_numbers": [
    {
      "entry_number": 806,
      "pokedex": {
        "name": "national",
        "url": "https://pokeapi.co/api/v2/pokedex/1/"
      }
    },
    {
      "entry_number": 393,
      "pokedex": {
        "name": "updated-alola",
        "url": "https://pokeapi.co/api/v2/pokedex/21/"
      }
    }
  ],
  "shape": {
    "name": "humanoid",
    "url": "https://pokeapi.co/api/v2/pokemon-shape/12/"
  },
  "varieties": [
    {
      "is_default": true,
      "pokemon": {
        "name": "blacephalon",
        "url": "https://pokeapi.co/api/v2/pokemon/806/"
      }
    }
  ]
}