{
  "base_happiness": 35,
  "capture_rate": 45,
  "color": {
    "name": "gray",
    "url": "https://pokeapi.co/api/v2/pokemon-color/4/"
  },
  "egg_groups": [
    {
      "name": "indeterminate",
      "url": "https://pokeapi.co/api/v2/egg-group/11/"
    }
  ],
  "evolution_chain": {
    "url": "https://pokeapi.co/api/v2/evolution-chain/98/"
  },
  "evolves_from_species": null,
  "flavor_text_entries": [
    {
      "flavor_text": "It likes playing\nmischievous tricks\nsuch as screaming\fand wailing to\nstartle people at\nnight.",
      "language": {
        "name": "en",
        "url": "https://pokeapi.co/api/v2/language/9/"
      },
      "version": {
        "name": "gold",
        "url": "https://pokeapi.co/api/v2/version/4/"
      }
    },
    {
      "flavor_text": "It loves to bite\nand yank people's\nhair from behind\fwithout warning,\njust to see their\nshocked reactions.",
      "language": {
        "name": "en",
        "url": "https://pokeapi.co/api/v2/language/9/"
      },
      "version": {
        "name": "silver",
        "url": "https://pokeapi.co/api/v2/version/5/"
      }
    },
    {
      "flavor_text": "It loves to watch\npeople it's scar\u00ad\ned. It frightens\fthem by screaming\nloudly or appear\u00ad\ning suddenly.",
      "language": {
        "name": "en",
        "url": "https://pokeapi.co/api/v2/language/9/"
      },
      "version": {
        "name": "crystal",
        "url": "https://pokeapi.co/api/v2/version/6/"
      }
    },
    {
      "flavor_text": "MISDREAVUS frightens people with a\ncreepy, sobbing cry. The POK\u00e9MON\napparently uses its red spheres to\fabsorb the fearful feelings of foes and\nturn them into nutrition.",
      "language": {
        "name": "en",
        "url": "https://pokeapi.co/api/v2/language/9/"
      },
      "version": {
        "name": "ruby",
        "url": "https://pokeapi.co/api/v2/version/7/"
      }
    },
    {
      "flavor_text": "MISDREAVUS frightens people with a\ncreepy, sobbing cry. The POK\u00e9MON\napparently uses its red spheres to\fabsorb the fearful feelings of foes and\nturn them into nutrition.",
      "language": {
        "name": "en",
        "url": "https://pokeapi.co/api/v2/language/9/"
      },
      "version": {
        "name": "sapphire",
        "url": "https://pokeapi.co/api/v2/version/8/"
      }
    },
    {
      "flavor_text": "A MISDREAVUS frightens people with a\ncreepy, sobbing cry. It apparently uses\nits red spheres to absorb the fear of foes\nas its nutrition.",
      "language": {
        "name": "en",
        "url": "https://pokeapi.co/api/v2/language/9/"
      },
      "version": {
        "name": "emerald",
        "url": "https://pokeapi.co/api/v2/version/9/"
      }
    },
    {
      "flavor_text": "It loves to bite and yank people\u2019s hair\nfrom behind without warning, just to see\ntheir shocked reactions.",
      "language": {
        "name": "en",
        "url": "https://pokeapi.co/api/v2/language/9/"
      },
      "version": {
        "name": "firered",
        "url": "https://pokeapi.co/api/v2/version/10/"
      }
    },
    {
      "flavor_text": "It likes playing mischievous tricks such as\nscreaming and wailing to startle people at\nnight. ",
      "language": {
        "name": "en",
        "url": "https://pokeapi.co/api/v2/language/9/"
      },
      "version": {
        "name": "leafgreen",
        "url": "https://pokeapi.co/api/v2/version/11/"
      }
    },
    {
      "flavor_text": "It loves to sneak up on people\nlate at night, then startle them\nwith its shrieklike cry.",
      "language": {
        "name": "en",
        "url": "https://pokeapi.co/api/v2/language/9/"
      },
      "version": {
        "name": "diamond",
        "url": "https://pokeapi.co/api/v2/version/12/"
      }
    },
    {
      "flavor_text": "It gets nourishment from fear\nthat it absorbs into its red orbs.\nIn daytime, it sleeps in darkness.",
      "language": {
        "name": "en",
        "url": "https://pokeapi.co/api/v2/language/9/"
      },
      "version": {
        "name": "pearl",
        "url": "https://pokeapi.co/api/v2/version/13/"
      }
    },
    {
      "flavor_text": "A Pok\u00e9mon that startles people in\nthe middle of the night. It gathers\nfear as its energy.",
      "language": {
        "name": "en",
        "url": "https://pokeapi.co/api/v2/language/9/"
      },
      "version": {
        "name": "platinum",
        "url": "https://pokeapi.co/api/v2/version/14/"
      }
    },
    {
      "flavor_text": "It likes playing mischievous tricks,\nsuch as screaming and wailing to\nstartle people at night.",
      "language": {
        "name": "en",
        "url": "https://pokeapi.co/api/v2/language/9/"
      },
      "version": {
        "name": "heartgold",
        "url": "https://pokeapi.co/api/v2/version/15/"
      }
    },
    {
      "flavor_text": "It loves to bite and yank people\u2019s\nhair from behind without warning,\njust to see their shocked reactions.",
      "language": {
        "name": "en",
        "url": "https://pokeapi.co/api/v2/language/9/"
      },
      "version": {
        "name": "soulsilver",
        "url": "https://pokeapi.co/api/v2/version/16/"
      }
    },
    {
      "flavor_text": "Il fait peur aux aventuriers en\npleine nuit et se nourrit de leur\nfrayeur.",
      "language": {
        "name": "fr",
        "url": "https://pokeapi.co/api/v2/language/5/"
      },
      "version": {
        "name": "black",
        "url": "https://pokeapi.co/api/v2/version/17/"
      }
    },
    {
      "flavor_text": "A Pok\u00e9mon that startles people in\nthe middle of the night. It gathers\nfear as its energy.",
      "language": {
        "name": "en",
        "url": "https://pokeapi.co/api/v2/language/9/"
      },
      "version": {
        "name": "black",
        "url": "https://pokeapi.co/api/v2/version/17/"
      }
    },
    {
      "flavor_text": "Il fait peur aux aventuriers en\npleine nuit et se nourrit de leur\nfrayeur.",
      "language": {
        "name": "fr",
        "url": "https://pokeapi.co/api/v2/language/5/"
      },
      "version": {
        "name": "white",
        "url": "https://pokeapi.co/api/v2/version/18/"
      }
    },
    {
      "flavor_text": "A Pok\u00e9mon that startles people in\nthe middle of the night. It gathers\nfear as its energy.",
      "language": {
        "name": "en",
        "url": "https://pokeapi.co/api/v2/language/9/"
      },
      "version": {
        "name": "white",
        "url": "https://pokeapi.co/api/v2/version/18/"
      }
    },
    {
      "flavor_text": "A Pok\u00e9mon that startles people in\nthe middle of the night. It gathers\nfear as its energy.",
      "language": {
        "name": "en",
        "url": "https://pokeapi.co/api/v2/language/9/"
      },
      "version": {
        "name": "black-2",
        "url": "https://pokeapi.co/api/v2/version/21/"
      }
    },
    {
      "flavor_text": "A Pok\u00e9mon that startles people in\nthe middle of the night. It gathers\nfear as its energy.",
      "language": {
        "name": "en",
        "url": "https://pokeapi.co/api/v2/language/9/"
      },
      "version": {
        "name": "white-2",
        "url": "https://pokeapi.co/api/v2/version/22/"
      }
    },
    {
      "flavor_text": "\u3053\u308f\u304c\u308b\u3000\u3053\u3053\u308d\u3092\u3000\u3042\u304b\u3044\u3000\u305f\u307e\u3067\n\u304d\u3085\u3046\u3057\u3085\u3046\u3057\u3066\u3000\u3048\u3044\u3088\u3046\u306b\u3059\u308b\u3002\n\u3072\u308b\u307e\u306f\u3000\u304f\u3089\u304c\u308a\u3067\u3000\u306d\u3080\u3063\u3066\u3044\u308b\u3002",
      "language": {
        "name": "ja-Hrkt",
        "url": "https://pokeapi.co/api/v2/language/1/"
      },
      "version": {
        "name": "x",
        "url": "https://pokeapi.co/api/v2/version/23/"
      }
    },
    {
      "flavor_text": "\ubb34\uc11c\uc6cc\ud558\ub294 \ub9c8\uc74c\uc744 \ube68\uac04 \uad6c\uc2ac\ub85c\n\ud761\uc218\ud574 \uc601\uc591\ubd84\uc73c\ub85c \ub9cc\ub4e0\ub2e4. \ub0ae\uc5d0\ub294\n\uc5b4\ub450\uc6b4 \uacf3\uc5d0\uc11c \uc7a0\uc790\uace0 \uc788\ub2e4.",
      "language": {
        "name": "ko",
        "url": "https://pokeapi.co/api/v2/language/3/"
      },
      "version": {
        "name": "x",
        "url": "https://pokeapi.co/api/v2/version/23/"
      }
    },
    {
      "flavor_text": "Il se nourrit de la peur absorb\u00e9e par ses orbes rouges.\nIl somnole \u00e0 l\u2019ombre en journ\u00e9e.",
      "language": {
        "name": "fr",
        "url": "https://pokeapi.co/api/v2/language/5/"
      },
      "version": {
        "name": "x",
        "url": "https://pokeapi.co/api/v2/version/23/"
      }
    },
    {
      "flavor_text": "Es n\u00e4hrt sich von der Angst anderer Wesen und\nnimmt diese in roten Kugeln auf. Schl\u00e4ft am Tage.",
      "language": {
        "name": "de",
        "url": "https://pokeapi.co/api/v2/language/6/"
      },
      "version": {
        "name": "x",
        "url": "https://pokeapi.co/api/v2/version/23/"
      }
    },
    {
      "flavor_text": "Se deleita con el miedo, que absorbe con sus esferas\nrojas. Por el d\u00eda, duerme en la oscuridad.",
      "language": {
        "name": "es",
        "url": "https://pokeapi.co/api/v2/language/7/"
      },
      "version": {
        "name": "x",
        "url": "https://pokeapi.co/api/v2/version/23/"
      }
    },
    {
      "flavor_text": "Si nutre delle preoccupazioni che assorbe con le\nsue sfere rosse. Di giorno dorme nell\u2019oscurit\u00e0.",
      "language": {
        "name": "it",
        "url": "https://pokeapi.co/api/v2/language/8/"
      },
      "version": {
        "name": "x",
        "url": "https://pokeapi.co/api/v2/version/23/"
      }
    },
    {
      "flavor_text": "It gets nourishment from fear that it absorbs into its\nred orbs. In daytime, it sleeps in darkness.",
      "language": {
        "name": "en",
        "url": "https://pokeapi.co/api/v2/language/9/"
      },
      "version": {
        "name": "x",
        "url": "https://pokeapi.co/api/v2/version/23/"
      }
    },
    {
      "flavor_text": "\u6016\u304c\u308b\u3000\u5fc3\u3092\u3000\u8d64\u3044\u3000\u7389\u3067\n\u5438\u53ce\u3057\u3066\u3000\u6804\u990a\u306b\u3059\u308b\u3002\n\u663c\u9593\u306f\u3000\u6697\u304c\u308a\u3067\u3000\u7720\u3063\u3066\u3044\u308b\u3002",
      "language": {
        "name": "ja",
        "url": "https://pokeapi.co/api/v2/language/11/"
      },
      "version": {
        "name": "x",
        "url": "https://pokeapi.co/api/v2/version/23/"
      }
    },
    {
      "flavor_text": "\u3088\u306a\u304b\u306b\u3000\u3072\u3068\u306e\u3000\u306a\u304d\u3055\u3051\u3076\u3088\u3046\u306a\n\u306a\u304d\u3054\u3048\u3092\u3000\u3060\u3057\u3066\u3000\u307f\u3093\u306a\u3092\n\u304a\u3069\u308d\u304b\u305b\u308b\u3000\u3044\u305f\u305a\u3089\u305a\u304d\u3002",
      "language": {
        "name": "ja-Hrkt",
        "url": "https://pokeapi.co/api/v2/language/1/"
      },
      "version": {
        "name": "y",
        "url": "https://pokeapi.co/api/v2/version/24/"
      }
    },
    {
      "flavor_text": "\ubc24\uc911\uc5d0 \uc0ac\ub78c\uc774 \uc6b8\ubd80\uc9d6\ub294\n\uc6b8\uc74c\uc18c\ub9ac\ub97c \ub0b4\uc5b4 \ubaa8\ub450\ub97c\n\ub180\ub77c\uac8c \ud558\ub294 \uc7a5\ub09c\uafb8\ub7ec\uae30\ub2e4.",
      "language": {
        "name": "ko",
        "url": "https://pokeapi.co/api/v2/language/3/"
      },
      "version": {
        "name": "y",
        "url": "https://pokeapi.co/api/v2/version/24/"
      }
    },
    {
      "flavor_text": "Il pousse des hurlements la nuit pour effrayer\nles gens.",
      "language": {
        "name": "fr",
        "url": "https://pokeapi.co/api/v2/language/5/"
      },
      "version": {
        "name": "y",
        "url": "https://pokeapi.co/api/v2/version/24/"
      }
    },
    {
      "flavor_text": "Es liebt Streiche und erschreckt nachts Menschen,\nindem es heult oder ihnen im Dunkeln auflauert.",
      "language": {
        "name": "de",
        "url": "https://pokeapi.co/api/v2/language/6/"
      },
      "version": {
        "name": "y",
        "url": "https://pokeapi.co/api/v2/version/24/"
      }
    },
    {
      "flavor_text": "Le gusta hacer travesuras, como gritar y aullar por la\nnoche, para asustar a la gente.",
      "language": {
        "name": "es",
        "url": "https://pokeapi.co/api/v2/language/7/"
      },
      "version": {
        "name": "y",
        "url": "https://pokeapi.co/api/v2/version/24/"
      }
    },
    {
      "flavor_text": "Si diverte a fare brutti scherzi, come gridare e\nlamentarsi in piena notte spaventando la gente.",
      "language": {
        "name": "it",
        "url": "https://pokeapi.co/api/v2/language/8/"
      },
      "version": {
        "name": "y",
        "url": "https://pokeapi.co/api/v2/version/24/"
      }
    },
    {
      "flavor_text": "It likes playing mischievous tricks, such as\nscreaming and wailing to startle people at night.",
      "language": {
        "name": "en",
        "url": "https://pokeapi.co/api/v2/language/9/"
      },
      "version": {
        "name": "y",
        "url": "https://pokeapi.co/api/v2/version/24/"
      }
    },
    {
      "flavor_text": "\u591c\u4e2d\u306b\u3000\u4eba\u306e\u3000\u6ce3\u304d\u53eb\u3076\u3088\u3046\u306a\n\u9cf4\u304d\u58f0\u3092\u3000\u51fa\u3057\u3066\n\u307f\u3093\u306a\u3092\u3000\u9a5a\u304b\u305b\u308b\u3000\u3044\u305f\u305a\u3089\u597d\u304d\u3002",
      "language": {
        "name": "ja",
        "url": "https://pokeapi.co/api/v2/language/11/"
      },
      "version": {
        "name": "y",
        "url": "https://pokeapi.co/api/v2/version/24/"
      }
    },
    {
      "flavor_text": "\u3059\u3059\u308a\u306a\u304f\u3000\u3088\u3046\u306a\u3000\u306a\u304d\u3054\u3048\u3067\u3000\u3053\u308f\u304c\u3089\u305b\u308b\u3002\n\u3042\u3044\u3066\u306e\u3000\u3053\u308f\u304c\u308b\u3000\u3053\u3053\u308d\u3092\u3000\u3042\u304b\u3044\u3000\u305f\u307e\u3067\n\u304d\u3085\u3046\u3057\u3085\u3046\u3057\u3066\u3000\u3048\u3044\u3088\u3046\u306b\u3000\u3057\u3066\u3044\u308b\u3000\u3089\u3057\u3044\u3002",
      "language": {
        "name": "ja-Hrkt",
        "url": "https://pokeapi.co/api/v2/language/1/"
      },
      "version": {
        "name": "omega-ruby",
        "url": "https://pokeapi.co/api/v2/version/25/"
      }
    },
    {
      "flavor_text": "\ud750\ub290\uaef4 \uc6b0\ub294 \ub4ef\ud55c \uc6b8\uc74c\uc18c\ub9ac\ub85c \uac81\uc744 \uc900\ub2e4.\n\uc0c1\ub300\uc758 \ub450\ub824\uc6cc\ud558\ub294 \ub9c8\uc74c\uc744 \ube68\uac04 \uad6c\uc2ac\ub85c\n\ud761\uc218\ud558\uc5ec \uc601\uc591\ubd84\uc73c\ub85c \uc0bc\ub294 \uac83 \uac19\ub2e4.",
      "language": {
        "name": "ko",
        "url": "https://pokeapi.co/api/v2/language/3/"
      },
      "version": {
        "name": "omega-ruby",
        "url": "https://pokeapi.co/api/v2/version/25/"
      }
    },
    {
      "flavor_text": "Feufor\u00eave effraie les gens en poussant un cri \u00e0 faire froid\ndans le dos, une sorte de lamentation. Ce Pok\u00e9mon utilise\nses sph\u00e8res rouges pour absorber les sentiments de terreur\nde ses ennemis et s\u2019en nourrir.",
      "language": {
        "name": "fr",
        "url": "https://pokeapi.co/api/v2/language/5/"
      },
      "version": {
        "name": "omega-ruby",
        "url": "https://pokeapi.co/api/v2/version/25/"
      }
    },
    {
      "flavor_text": "Traunfugil erschreckt Menschen mit einem markersch\u00fctternden\nSchrei. Dieses Pok\u00e9mon verwendet seine roten Kraftfelder\ndazu, die \u00c4ngste seiner Feinde aufzunehmen und sie in\nNahrung umzuwandeln.",
      "language": {
        "name": "de",
        "url": "https://pokeapi.co/api/v2/language/6/"
      },
      "version": {
        "name": "omega-ruby",
        "url": "https://pokeapi.co/api/v2/version/25/"
      }
    },
    {
      "flavor_text": "Misdreavus asusta a la gente con un chillido escalofriante y\nsollozante. Y, al parecer, usa las esferas rojas para absorber\nlos sentimientos de miedo de los enemigos y usarlos como\nalimento.",
      "language": {
        "name": "es",
        "url": "https://pokeapi.co/api/v2/language/7/"
      },
      "version": {
        "name": "omega-ruby",
        "url": "https://pokeapi.co/api/v2/version/25/"
      }
    },
    {
      "flavor_text": "Misdreavus terrorizza le persone con un singhiozzo\nraccapricciante. Pare usi le sue sfere rosse per assorbire\nla paura dei nemici e cibarsene.",
      "language": {
        "name": "it",
        "url": "https://pokeapi.co/api/v2/language/8/"
      },
      "version": {
        "name": "omega-ruby",
        "url": "https://pokeapi.co/api/v2/version/25/"
      }
    },
    {
      "flavor_text": "Misdreavus frightens people with a creepy, sobbing cry.\nThe Pok\u00e9mon apparently uses its red spheres to absorb the\nfearful feelings of foes and turn them into nutrition.",
      "language": {
        "name": "en",
        "url": "https://pokeapi.co/api/v2/language/9/"
      },
      "version": {
        "name": "omega-ruby",
        "url": "https://pokeapi.co/api/v2/version/25/"
      }
    },
    {
      "flavor_text": "\u3059\u3059\u308a\u6ce3\u304f\u3000\u3088\u3046\u306a\u3000\u9cf4\u304d\u58f0\u3067\u3000\u6016\u304c\u3089\u305b\u308b\u3002\n\u76f8\u624b\u306e\u3000\u6016\u304c\u308b\u3000\u5fc3\u3092\u3000\u8d64\u3044\u3000\u7389\u3067\n\u5438\u53ce\u3057\u3066\u3000\u6804\u990a\u306b\u3000\u3057\u3066\u3044\u308b\u3000\u3089\u3057\u3044\u3002",
      "language": {
        "name": "ja",
        "url": "https://pokeapi.co/api/v2/language/11/"
      },
      "version": {
        "name": "omega-ruby",
        "url": "https://pokeapi.co/api/v2/version/25/"
      }
    },
    {
      "flavor_text": "\u3059\u3059\u308a\u306a\u304f\u3000\u3088\u3046\u306a\u3000\u306a\u304d\u3054\u3048\u3067\u3000\u3053\u308f\u304c\u3089\u305b\u308b\u3002\n\u3042\u3044\u3066\u306e\u3000\u3053\u308f\u304c\u308b\u3000\u3053\u3053\u308d\u3092\u3000\u3042\u304b\u3044\u3000\u305f\u307e\u3067\n\u304d\u3085\u3046\u3057\u3085\u3046\u3057\u3066\u3000\u3048\u3044\u3088\u3046\u306b\u3000\u3057\u3066\u3044\u308b\u3000\u3089\u3057\u3044\u3002",
      "language": {
        "name": "ja-Hrkt",
        "url": "https://pokeapi.co/api/v2/language/1/"
      },
      "version": {
        "name": "alpha-sapphire",
        "url": "https://pokeapi.co/api/v2/version/26/"
      }
    },
    {
      "flavor_text": "\ud750\ub290\uaef4 \uc6b0\ub294 \ub4ef\ud55c \uc6b8\uc74c\uc18c\ub9ac\ub85c \uac81\uc744 \uc900\ub2e4.\n\uc0c1\ub300\uc758 \ub450\ub824\uc6cc\ud558\ub294 \ub9c8\uc74c\uc744 \ube68\uac04 \uad6c\uc2ac\ub85c\n\ud761\uc218\ud558\uc5ec \uc601\uc591\ubd84\uc73c\ub85c \uc0bc\ub294 \uac83 \uac19\ub2e4.",
      "language": {
        "name": "ko",
        "url": "https://pokeapi.co/api/v2/language/3/"
      },
      "version": {
        "name": "alpha-sapphire",
        "url": "https://pokeapi.co/api/v2/version/26/"
      }
    },
    {
      "flavor_text": "Feufor\u00eave effraie les gens en poussant un cri \u00e0 faire froid\ndans le dos, une sorte de lamentation. Ce Pok\u00e9mon utilise\nses sph\u00e8res rouges pour absorber les sentiments de terreur\nde ses ennemis et s\u2019en nourrir.",
      "language": {
        "name": "fr",
        "url": "https://pokeapi.co/api/v2/language/5/"
      },
      "version": {
        "name": "alpha-sapphire",
        "url": "https://pokeapi.co/api/v2/version/26/"
      }
    },
    {
      "flavor_text": "Traunfugil erschreckt Menschen mit einem markersch\u00fctternden\nSchrei. Dieses Pok\u00e9mon verwendet seine roten Kraftfelder\ndazu, die \u00c4ngste seiner Feinde aufzunehmen und sie in\nNahrung umzuwandeln.",
      "language": {
        "name": "de",
        "url": "https://pokeapi.co/api/v2/language/6/"
      },
      "version": {
        "name": "alpha-sapphire",
        "url": "https://pokeapi.co/api/v2/version/26/"
      }
    },
    {
      "flavor_text": "Misdreavus asusta a la gente con un chillido escalofriante y\nsollozante. Y, al parecer, usa las esferas rojas para absorber\nlos sentimientos de miedo de los enemigos y usarlos como\nalimento.",
      "language": {
        "name": "es",
        "url": "https://pokeapi.co/api/v2/language/7/"
      },
      "version": {
        "name": "alpha-sapphire",
        "url": "https://pokeapi.co/api/v2/version/26/"
      }
    },
    {
      "flavor_text": "Misdreavus terrorizza le persone con un singhiozzo\nraccapricciante. Pare usi le sue sfere rosse per assorbire\nla paura dei nemici e cibarsene.",
      "language": {
        "name": "it",
        "url": "https://pokeapi.co/api/v2/language/8/"
      },
      "version": {
        "name": "alpha-sapphire",
        "url": "https://pokeapi.co/api/v2/version/26/"
      }
    },
    {
      "flavor_text": "Misdreavus frightens people with a creepy, sobbing cry.\nThe Pok\u00e9mon apparently uses its red spheres to absorb the\nfearful feelings of foes and turn them into nutrition.",
      "language": {
        "name": "en",
        "url": "https://pokeapi.co/api/v2/language/9/"
      },
      "version": {
        "name": "alpha-sapphire",
        "url": "https://pokeapi.co/api/v2/version/26/"
      }
    },
    {
      "flavor_text": "\u3059\u3059\u308a\u6ce3\u304f\u3000\u3088\u3046\u306a\u3000\u9cf4\u304d\u58f0\u3067\u3000\u6016\u304c\u3089\u305b\u308b\u3002\n\u76f8\u624b\u306e\u3000\u6016\u304c\u308b\u3000\u5fc3\u3092\u3000\u8d64\u3044\u3000\u7389\u3067\n\u5438\u53ce\u3057\u3066\u3000\u6804\u990a\u306b\u3000\u3057\u3066\u3044\u308b\u3000\u3089\u3057\u3044\u3002",
      "language": {
        "name": "ja",
        "url": "https://pokeapi.co/api/v2/language/11/"
      },
      "version": {
        "name": "alpha-sapphire",
        "url": "https://pokeapi.co/api/v2/version/26/"
      }
    },
    {
      "flavor_text": "\u3042\u306e\u3066\u3000\u3053\u306e\u3066\u3067\u3000\u3072\u3068\u3092\u3000\u304a\u3069\u308d\u304b\u3057\n\u305b\u3044\u3081\u3044\u30a8\u30cd\u30eb\u30ae\u30fc\u3092\u3000\u3059\u3044\u3068\u308b\u3002\n\u304a\u3069\u308d\u304b\u3059\u3000\u308c\u3093\u3057\u3085\u3046\u306f\u3000\u304b\u304b\u3055\u306a\u3044\u3002",
      "language": {
        "name": "ja-Hrkt",
        "url": "https://pokeapi.co/api/v2/language/1/"
      },
      "version": {
        "name": "sun",
        "url": "https://pokeapi.co/api/v2/version/27/"
      }
    },
    {
      "flavor_text": "\uc628\uac16 \ubc29\ubc95\uc73c\ub85c \uc0ac\ub78c\uc744 \ub180\ub77c\uac8c \ud574\uc11c\n\uc0dd\uba85 \uc5d0\ub108\uc9c0\ub97c \ube68\uc544\ub4e4\uc778\ub2e4.\n\ub180\ub77c\uac8c \ud558\ub294 \uc5f0\uc2b5\uc744 \uafb8\uc900\ud788 \ud55c\ub2e4.",
      "language": {
        "name": "ko",
        "url": "https://pokeapi.co/api/v2/language/3/"
      },
      "version": {
        "name": "sun",
        "url": "https://pokeapi.co/api/v2/version/27/"
      }
    },
    {
      "flavor_text": "\u5343\u65b9\u767e\u8a08\u5730\u9a5a\u5687\u4eba\u985e\uff0c\n\u5438\u53d6\u751f\u547d\u7684\u80fd\u91cf\u3002\n\u5687\u4eba\u7684\u7df4\u7fd2\u5f9e\u4f86\u4e0d\u66fe\u9593\u65b7\u3002",
      "language": {
        "name": "zh-Hant",
        "url": "https://pokeapi.co/api/v2/language/4/"
      },
      "version": {
        "name": "sun",
        "url": "https://pokeapi.co/api/v2/version/27/"
      }
    },
    {
      "flavor_text": "Il ne recule devant rien pour effrayer les\nhumains et leur voler leur \u00e9nergie vitale.\nPour cela, il s\u2019entra\u00eene r\u00e9guli\u00e8rement \u00e0 faire peur.",
      "language": {
        "name": "fr",
        "url": "https://pokeapi.co/api/v2/language/5/"
      },
      "version": {
        "name": "sun",
        "url": "https://pokeapi.co/api/v2/version/27/"
      }
    },
    {
      "flavor_text": "Es l\u00e4sst nichts unversucht, um Menschen\nzu erschrecken und ihnen Lebensenergie\nabzusaugen. Daf\u00fcr \u00fcbt es regelm\u00e4\u00dfig.",
      "language": {
        "name": "de",
        "url": "https://pokeapi.co/api/v2/language/6/"
      },
      "version": {
        "name": "sun",
        "url": "https://pokeapi.co/api/v2/version/27/"
      }
    },
    {
      "flavor_text": "Atemoriza a la gente de distintas formas y\nabsorbe su energ\u00eda vital. Entrena todos los d\u00edas\npara no perder su toque terror\u00edfico.",
      "language": {
        "name": "es",
        "url": "https://pokeapi.co/api/v2/language/7/"
      },
      "version": {
        "name": "sun",
        "url": "https://pokeapi.co/api/v2/version/27/"
      }
    },
    {
      "flavor_text": "Assorbe l\u2019energia vitale degli esseri umani\nterrorizzandoli. Si allena per cercare di essere\nil pi\u00f9 spaventoso possibile.",
      "language": {
        "name": "it",
        "url": "https://pokeapi.co/api/v2/language/8/"
      },
      "version": {
        "name": "sun",
        "url": "https://pokeapi.co/api/v2/version/27/"
      }
    },
    {
      "flavor_text": "It will use any means necessary to frighten\npeople and absorb their life energy. It practices\nconstantly to hone its skill in causing fear.",
      "language": {
        "name": "en",
        "url": "https://pokeapi.co/api/v2/language/9/"
      },
      "version": {
        "name": "sun",
        "url": "https://pokeapi.co/api/v2/version/27/"
      }
    },
    {
      "flavor_text": "\u3042\u306e\u624b\u3000\u3053\u306e\u624b\u3067\u3000\u4eba\u3092\u3000\u9a5a\u304b\u3057\n\u751f\u547d\u30a8\u30cd\u30eb\u30ae\u30fc\u3092\u3000\u5438\u3044\u53d6\u308b\u3002\n\u9a5a\u304b\u3059\u3000\u7df4\u7fd2\u306f\u3000\u6b20\u304b\u3055\u306a\u3044\u3002",
      "language": {
        "name": "ja",
        "url": "https://pokeapi.co/api/v2/language/11/"
      },
      "version": {
        "name": "sun",
        "url": "https://pokeapi.co/api/v2/version/27/"
      }
    },
    {
      "flavor_text": "\u5343\u65b9\u767e\u8ba1\u5730\u5413\u552c\u4eba\u7c7b\uff0c\n\u5438\u53d6\u751f\u547d\u7684\u80fd\u91cf\u3002\n\u5413\u4eba\u7684\u7ec3\u4e60\u4e00\u5929\u4e5f\u4e0d\u843d\u3002",
      "language": {
        "name": "zh-Hans",
        "url": "https://pokeapi.co/api/v2/language/12/"
      },
      "version": {
        "name": "sun",
        "url": "https://pokeapi.co/api/v2/version/27/"
      }
    },
    {
      "flavor_text": "\u3060\u308c\u3082\u3044\u306a\u3044\u3000\u3078\u3084\u304b\u3089\u3000\u3059\u3059\u308a\u306a\u304f\n\u3088\u3046\u306a\u3000\u3053\u3048\u304c\u3000\u304d\u3053\u3048\u305f\u3089\u3000\u305d\u308c\u306f\n\u30e0\u30a6\u30de\u306e\u3000\u30a4\u30bf\u30ba\u30e9\u306b\u3000\u3061\u304c\u3044\u306a\u3044\u3002",
      "language": {
        "name": "ja-Hrkt",
        "url": "https://pokeapi.co/api/v2/language/1/"
      },
      "version": {
        "name": "moon",
        "url": "https://pokeapi.co/api/v2/version/28/"
      }
    },
    {
      "flavor_text": "\uc544\ubb34\ub3c4 \uc5c6\ub294 \ubc29\uc5d0\uc11c \ud750\ub290\uaef4 \uc6b0\ub294\n\ub4ef\ud55c \uc18c\ub9ac\uac00 \ub4e4\ub9b0\ub2e4\uba74 \uadf8\uac83\uc740\n\ubb34\uc6b0\ub9c8\uc758 \uc7a5\ub09c\uc784\uc5d0 \ud2c0\ub9bc\uc5c6\ub2e4.",
      "language": {
        "name": "ko",
        "url": "https://pokeapi.co/api/v2/language/3/"
      },
      "version": {
        "name": "moon",
        "url": "https://pokeapi.co/api/v2/version/28/"
      }
    },
    {
      "flavor_text": "\u5982\u679c\u5f9e\u56db\u4e0b\u7121\u4eba\u7684\u623f\u9593\u88e1\n\u50b3\u4f86\u62bd\u6ce3\u822c\u7684\u8072\u97f3\uff0c\n\u90a3\u4e00\u5b9a\u662f\u5922\u5996\u7684\u60e1\u4f5c\u5287\u3002",
      "language": {
        "name": "zh-Hant",
        "url": "https://pokeapi.co/api/v2/language/4/"
      },
      "version": {
        "name": "moon",
        "url": "https://pokeapi.co/api/v2/version/28/"
      }
    },
    {
      "flavor_text": "Si vous entendez des pleurs provenant d\u2019une\npi\u00e8ce vide, c\u2019est s\u00fbrement un Feufor\u00eave\nqui vous fait une farce.",
      "language": {
        "name": "fr",
        "url": "https://pokeapi.co/api/v2/language/5/"
      },
      "version": {
        "name": "moon",
        "url": "https://pokeapi.co/api/v2/version/28/"
      }
    },
    {
      "flavor_text": "H\u00f6rt man ein Schluchzen in einem leeren Zimmer,\nhandelt es sich dabei eindeutig um einen Streich\nvon Traunfugil.",
      "language": {
        "name": "de",
        "url": "https://pokeapi.co/api/v2/language/6/"
      },
      "version": {
        "name": "moon",
        "url": "https://pokeapi.co/api/v2/version/28/"
      }
    },
    {
      "flavor_text": "Si se escucha un sollozo proveniente de una\nhabitaci\u00f3n que en teor\u00eda est\u00e1 vac\u00eda, es probable\nque sea Misdreavus haciendo de las suyas.",
      "language": {
        "name": "es",
        "url": "https://pokeapi.co/api/v2/language/7/"
      },
      "version": {
        "name": "moon",
        "url": "https://pokeapi.co/api/v2/version/28/"
      }
    },
    {
      "flavor_text": "Se vi sembra di sentire qualcuno singhiozzare\nin una stanza apparentemente vuota, \u00e8\nsicuramente un Misdreavus in vena di scherzi.",
      "language": {
        "name": "it",
        "url": "https://pokeapi.co/api/v2/language/8/"
      },
      "version": {
        "name": "moon",
        "url": "https://pokeapi.co/api/v2/version/28/"
      }
    },
    {
      "flavor_text": "If you hear a sobbing sound emanating from a\nvacant room, it\u2019s undoubtedly a bit of mischief\nfrom Misdreavus.",
      "language": {
        "name": "en",
        "url": "https://pokeapi.co/api/v2/language/9/"
      },
      "version": {
        "name": "moon",
        "url": "https://pokeapi.co/api/v2/version/28/"
      }
    },
    {
      "flavor_text": "\u8ab0\u3082\u3044\u306a\u3044\u3000\u90e8\u5c4b\u304b\u3089\u3000\u3059\u3059\u308a\u6ce3\u304f\n\u3088\u3046\u306a\u3000\u58f0\u304c\u3000\u805e\u3053\u3048\u305f\u3089\u3000\u305d\u308c\u306f\n\u30e0\u30a6\u30de\u306e\u3000\u30a4\u30bf\u30ba\u30e9\u306b\u3000\u9055\u3044\u306a\u3044\u3002",
      "language": {
        "name": "ja",
        "url": "https://pokeapi.co/api/v2/language/11/"
      },
      "version": {
        "name": "moon",
        "url": "https://pokeapi.co/api/v2/version/28/"
      }
    },
    {
      "flavor_text": "\u5982\u679c\u4ece\u56db\u4e0b\u65e0\u4eba\u7684\u623f\u95f4\u91cc\n\u4f20\u6765\u62bd\u6ce3\u822c\u7684\u58f0\u97f3\uff0c\n\u90a3\u51c6\u662f\u68a6\u5996\u7684\u6076\u4f5c\u5267\u3002",
      "language": {
        "name": "zh-Hans",
        "url": "https://pokeapi.co/api/v2/language/12/"
      },
      "version": {
        "name": "moon",
        "url": "https://pokeapi.co/api/v2/version/28/"
      }
    },
    {
      "flavor_text": "\u304a\u3069\u308d\u304b\u305b\u308b\u3053\u3068\u304c\u3000\u3044\u304d\u304c\u3044\u3002\n\u304f\u3073\u306e\u3000\u3042\u304b\u3044\u305f\u307e\u306b\u3000\u307f\u307f\u3092\u3000\u3042\u3066\u308b\u3068\n\u306a\u304b\u304b\u3089\u3000\u3072\u3081\u3044\u304c\u3000\u304d\u3053\u3048\u3066\u304f\u308b\u305e\u3002",
      "language": {
        "name": "ja-Hrkt",
        "url": "https://pokeapi.co/api/v2/language/1/"
      },
      "version": {
        "name": "ultra-sun",
        "url": "https://pokeapi.co/api/v2/version/29/"
      }
    },
    {
      "flavor_text": "\ub180\ub77c\uac8c \ud558\ub294 \uac83\uc774 \uc0b6\uc758 \ub099\uc774\ub2e4.\n\ubaa9\uc758 \ube68\uac04 \uad6c\uc2ac\uc5d0 \uadc0\ub97c \ub300\uba74\n\uc548\uc5d0\uc11c \ube44\uba85\uc774 \ub4e4\ub824\uc628\ub2e4.",
      "language": {
        "name": "ko",
        "url": "https://pokeapi.co/api/v2/language/3/"
      },
      "version": {
        "name": "ultra-sun",
        "url": "https://pokeapi.co/api/v2/version/29/"
      }
    },
    {
      "flavor_text": "\u628a\u5687\u552c\u5225\u4eba\u7576\u6210\u81ea\u5df1\u6d3b\u8457\u7684\u610f\u7fa9\u3002\n\u5982\u679c\u628a\u8033\u6735\u8cbc\u8fd1\u7260\u8116\u5b50\u4e0a\u7684\u7d05\u73e0\u5b50\uff0c\n\u5c31\u6703\u807d\u898b\u88e1\u982d\u50b3\u4f86\u54c0\u568e\u7684\u8072\u97f3\u3002",
      "language": {
        "name": "zh-Hant",
        "url": "https://pokeapi.co/api/v2/language/4/"
      },
      "version": {
        "name": "ultra-sun",
        "url": "https://pokeapi.co/api/v2/version/29/"
      }
    },
    {
      "flavor_text": "Effrayer les gens est sa raison d\u2019\u00eatre. Si l\u2019on\npresse l\u2019oreille contre les sph\u00e8res rouges de\nson cou, on peut entendre des g\u00e9missements.",
      "language": {
        "name": "fr",
        "url": "https://pokeapi.co/api/v2/language/5/"
      },
      "version": {
        "name": "ultra-sun",
        "url": "https://pokeapi.co/api/v2/version/29/"
      }
    },
    {
      "flavor_text": "Andere zu erschrecken ist sein Lebenssinn.\nWenn man das Ohr auf die roten Kugeln an\nseinem Hals legt, kann man Hilfeschreie h\u00f6ren.",
      "language": {
        "name": "de",
        "url": "https://pokeapi.co/api/v2/language/6/"
      },
      "version": {
        "name": "ultra-sun",
        "url": "https://pokeapi.co/api/v2/version/29/"
      }
    },
    {
      "flavor_text": "Vive para asustar a la gente. Al acercar la oreja\na las perlas rojas de su cuello, pueden o\u00edrse\nsollozos de angustia en su interior.",
      "language": {
        "name": "es",
        "url": "https://pokeapi.co/api/v2/language/7/"
      },
      "version": {
        "name": "ultra-sun",
        "url": "https://pokeapi.co/api/v2/version/29/"
      }
    },
    {
      "flavor_text": "Terrorizzare gli altri \u00e8 la sua ragione d\u2019essere.\nAvvicinando l\u2019orecchio alle sfere rosse che ha\nal collo, si sentono grida e gemiti.",
      "language": {
        "name": "it",
        "url": "https://pokeapi.co/api/v2/language/8/"
      },
      "version": {
        "name": "ultra-sun",
        "url": "https://pokeapi.co/api/v2/version/29/"
      }
    },
    {
      "flavor_text": "What gives meaning to its life is surprising\nothers. If you set your ear against the red orbs\naround its neck, you can hear shrieking.",
      "language": {
        "name": "en",
        "url": "https://pokeapi.co/api/v2/language/9/"
      },
      "version": {
        "name": "ultra-sun",
        "url": "https://pokeapi.co/api/v2/version/29/"
      }
    },
    {
      "flavor_text": "\u9a5a\u304b\u305b\u308b\u3053\u3068\u304c\u3000\u751f\u304d\u304c\u3044\u3002\n\u9996\u306e\u3000\u8d64\u3044\u7389\u306b\u3000\u8033\u3092\u3000\u3042\u3066\u308b\u3068\n\u4e2d\u304b\u3089\u3000\u60b2\u9cf4\u304c\u3000\u805e\u3053\u3048\u3066\u304f\u308b\u305e\u3002",
      "language": {
        "name": "ja",
        "url": "https://pokeapi.co/api/v2/language/11/"
      },
      "version": {
        "name": "ultra-sun",
        "url": "https://pokeapi.co/api/v2/version/29/"
      }
    },
    {
      "flavor_text": "\u5413\u552c\u522b\u4eba\u662f\u5176\u6d3b\u7740\u7684\u610f\u4e49\u3002\n\u5982\u679c\u628a\u8033\u6735\u8d34\u8fd1\u5b83\u8116\u5b50\u4e0a\u7684\u7ea2\u73e0\u5b50\uff0c\n\u5c31\u80fd\u4ece\u4e2d\u542c\u5230\u60b2\u9e23\u58f0\u3002",
      "language": {
        "name": "zh-Hans",
        "url": "https://pokeapi.co/api/v2/language/12/"
      },
      "version": {
        "name": "ultra-sun",
        "url": "https://pokeapi.co/api/v2/version/29/"
      }
    },
    {
      "flavor_text": "\u3072\u3068\u304c\u3000\u306a\u304d\u3055\u3051\u3076\u3000\u3053\u3048\u3092\u3000\u307e\u306d\u3066\n\u307f\u3093\u306a\u3092\u3000\u304a\u3073\u3048\u3055\u305b\u3000\u3088\u308d\u3053\u3076\u3002\n\u304d\u3082\u304c\u3000\u3059\u308f\u3063\u305f\u3000\u3042\u3044\u3066\u306f\u3000\u306b\u304c\u3066\u3002",
      "language": {
        "name": "ja-Hrkt",
        "url": "https://pokeapi.co/api/v2/language/1/"
      },
      "version": {
        "name": "ultra-moon",
        "url": "https://pokeapi.co/api/v2/version/30/"
      }
    },
    {
      "flavor_text": "\uc0ac\ub78c\uc774 \uc6b8\ubd80\uc9d6\ub294 \uc18c\ub9ac\ub97c \ud749\ub0b4 \ub0b4\n\ubaa8\ub450\ub97c \uac81\uc8fc\uace0 \uae30\ubed0\ud55c\ub2e4.\n\ub2f4\ub825\uc774 \uac15\ud55c \uc0c1\ub300\ub294 \uc88b\uc544\ud558\uc9c0 \uc54a\ub294\ub2e4.",
      "language": {
        "name": "ko",
        "url": "https://pokeapi.co/api/v2/language/3/"
      },
      "version": {
        "name": "ultra-moon",
        "url": "https://pokeapi.co/api/v2/version/30/"
      }
    },
    {
      "flavor_text": "\u6703\u85c9\u7531\u6a21\u4eff\u4eba\u54ed\u53eb\u7684\u8072\u97f3\n\u5687\u552c\u5927\u5bb6\u4f86\u53d6\u6a02\u3002\n\u4e0d\u64c5\u9577\u61c9\u4ed8\u81bd\u5927\u7684\u5c0d\u624b\u3002",
      "language": {
        "name": "zh-Hant",
        "url": "https://pokeapi.co/api/v2/language/4/"
      },
      "version": {
        "name": "ultra-moon",
        "url": "https://pokeapi.co/api/v2/version/30/"
      }
    },
    {
      "flavor_text": "Il adore faire peur aux humains en imitant\nleurs pleurs, et n\u2019appr\u00e9cie gu\u00e8re ceux qui\nne se laissent pas intimider.",
      "language": {
        "name": "fr",
        "url": "https://pokeapi.co/api/v2/language/5/"
      },
      "version": {
        "name": "ultra-moon",
        "url": "https://pokeapi.co/api/v2/version/30/"
      }
    },
    {
      "flavor_text": "Es genie\u00dft es, das Schluchzen eines Menschen\nnachzuahmen und andere damit zu erschrecken.\nWen das kaltl\u00e4sst, den kann es nicht leiden.",
      "language": {
        "name": "de",
        "url": "https://pokeapi.co/api/v2/language/6/"
      },
      "version": {
        "name": "ultra-moon",
        "url": "https://pokeapi.co/api/v2/version/30/"
      }
    },
    {
      "flavor_text": "Disfruta imitando llantos humanos para asustar\na la gente. Los valientes no le caen demasiado\nbien.",
      "language": {
        "name": "es",
        "url": "https://pokeapi.co/api/v2/language/7/"
      },
      "version": {
        "name": "ultra-moon",
        "url": "https://pokeapi.co/api/v2/version/30/"
      }
    },
    {
      "flavor_text": "Si diverte a seminare il terrore imitando le grida\ne i lamenti degli esseri umani.\nNon ha vita facile con chi non si lascia intimidire.",
      "language": {
        "name": "it",
        "url": "https://pokeapi.co/api/v2/language/8/"
      },
      "version": {
        "name": "ultra-moon",
        "url": "https://pokeapi.co/api/v2/version/30/"
      }
    },
    {
      "flavor_text": "What makes it happy is imitating the voices of\nweeping people and scaring everyone. It doesn\u2019t\ndeal well with folks who aren\u2019t easily frightened.",
      "language": {
        "name": "en",
        "url": "https://pokeapi.co/api/v2/language/9/"
      },
      "version": {
        "name": "ultra-moon",
        "url": "https://pokeapi.co/api/v2/version/30/"
      }
    },
    {
      "flavor_text": "\u4eba\u304c\u3000\u6ce3\u304d\u53eb\u3076\u3000\u58f0\u3092\u3000\u771f\u4f3c\u3066\n\u307f\u3093\u306a\u3092\u3000\u304a\u3073\u3048\u3055\u305b\u3000\u559c\u3076\u3002\n\u809d\u304c\u3000\u636e\u308f\u3063\u305f\u3000\u76f8\u624b\u306f\u3000\u82e6\u624b\u3002",
      "language": {
        "name": "ja",
        "url": "https://pokeapi.co/api/v2/language/11/"
      },
      "version": {
        "name": "ultra-moon",
        "url": "https://pokeapi.co/api/v2/version/30/"
      }
    },
    {
      "flavor_text": "\u4f1a\u901a\u8fc7\u6a21\u4eff\u4eba\u54ed\u53eb\u7684\u58f0\u97f3\n\u6765\u5413\u552c\u5927\u5bb6\u5e76\u4ee5\u6b64\u4e3a\u4e50\u3002\n\u4e0d\u64c5\u957f\u5bf9\u4ed8\u80c6\u5927\u7684\u5bf9\u624b\u3002",
      "language": {
        "name": "zh-Hans",
        "url": "https://pokeapi.co/api/v2/language/12/"
      },
      "version": {
        "name": "ultra-moon",
        "url": "https://pokeapi.co/api/v2/version/30/"
      }
    },
    {
      "flavor_text": "It conceals itself in darkness, sending chills up travelers' spines\nwith its childlike weeping. As it observes the frightened travelers\nwith glee, the red orbs upon its chest let off an eerie light.",
      "language": {
        "name": "en",
        "url": "https://pokeapi.co/api/v2/language/9/"
      },
      "version": {
        "name": "legends-arceus",
        "url": "https://pokeapi.co/api/v2/version/39/"
      }
    }
  ],
  "form_descriptions": [],
  "forms_switchable": false,
  "gender_rate": 4,
  "genera": [
    {
      "genus": "\u3088\u306a\u304d\u30dd\u30b1\u30e2\u30f3",
      "language": {
        "name": "ja-Hrkt",
        "url": "https://pokeapi.co/api/v2/language/1/"
      }
    },
    {
      "genus": "\uc57c\uba85\ud3ec\ucf13\ubaac",
      "language": {
        "name": "ko",
        "url": "https://pokeapi.co/api/v2/language/3/"
      }
    },
    {
      "genus": "\u591c\u557c\u5bf6\u53ef\u5922",
      "language": {
        "name": "zh-Hant",
        "url": "https://pokeapi.co/api/v2/language/4/"
      }
    },
    {
      "genus": "Pok\u00e9mon Strident",
      "language": {
        "name": "fr",
        "url": "https://pokeapi.co/api/v2/language/5/"
      }
    },
    {
      "genus": "Kreischer",
      "language": {
        "name": "de",
        "url": "https://pokeapi.co/api/v2/language/6/"
      }
    },
    {
      "genus": "Pok\u00e9mon Chirrido",
      "language": {
        "name": "es",
        "url": "https://pokeapi.co/api/v2/language/7/"
      }
    },
    {
      "genus": "Pok\u00e9mon Strido",
      "language": {
        "name": "it",
        "url": "https://pokeapi.co/api/v2/language/8/"
      }
    },
    {
      "genus": "Screech Pok\u00e9mon",
      "language": {
        "name": "en",
        "url": "https://pokeapi.co/api/v2/language/9/"
      }
    },
    {
      "genus": "\u3088\u306a\u304d\u30dd\u30b1\u30e2\u30f3",
      "language": {
        "name": "ja",
        "url": "https://pokeapi.co/api/v2/language/11/"
      }
    },
    {
      "genus": "\u591c\u557c\u5b9d\u53ef\u68a6",
      "language": {
        "name": "zh-Hans",
        "url": "https://pokeapi.co/api/v2/language/12/"
      }
    }
  ],
  "generation": {
    "name": "generation-ii",
    "url": "https://pokeapi.co/api/v2/generation/2/"
  },
  "growth_rate": {
    "name": "fast",
    "url": "https://pokeapi.co/api/v2/growth-rate/3/"
  },
  "habitat": {
    "name": "cave",
    "url": "https://pokeapi.co/api/v2/pokemon-habitat/1/"
  },
  "has_gender_differences": false,
  "hatch_counter": 25,
  "id": 200,
  "is_baby": false,
  "is_legendary": false,
  "is_mythical": false,
  "name": "misdreavus",
  "names": [
    {
      "language": {
        "name": "ja-Hrkt",
        "url": "https://pokeapi.co/api/v2/language/1/"
      },
      "name": "\u30e0\u30a6\u30de"
    },
    {
      "language": {
        "name": "roomaji",
        "url": "https://pokeapi.co/api/v2/language/2/"
      },
      "name": "Muma"
    },
    {
      "language": {
        "name": "ko",
        "url": "https://pokeapi.co/api/v2/language/3/"
      },
      "name": "\ubb34\uc6b0\ub9c8"
    },
    {
      "language": {
        "name": "zh-Hant",
        "url": "https://pokeapi.co/api/v2/language/4/"
      },
      "name": "\u5922\u5996"
    },
    {
      "language": {
        "name": "fr",
        "url": "https://pokeapi.co/api/v2/language/5/"
      },
      "name": "Feufor\u00eave"
    },
    {
      "language": {
        "name": "de",
        "url": "https://pokeapi.co/api/v2/language/6/"
      },
      "name": "Traunfugil"
    },
    {
      "language": {
        "name": "es",
        "url": "https://pokeapi.co/api/v2/language/7/"
      },
      "name": "Misdreavus"
    },
    {
      "language": {
        "name": "it",
        "url": "https://pokeapi.co/api/v2/language/8/"
      },
      "name": "Misdreavus"
    },
    {
      "language": {
        "name": "en",
        "url": "https://pokeapi.co/api/v2/language/9/"
      },
      "name": "Misdreavus"
    },
    {
      "language": {
        "name": "ja",
        "url": "https://pokeapi.co/api/v2/language/11/"
      },
      "name": "\u30e0\u30a6\u30de"
    },
    {
      "language": {
        "name": "zh-Hans",
        "url": "https://pokeapi.co/api/v2/language/12/"
      },
      "name": "\u68a6\u5996"
    }
  ],
  "order": 229,
  "pal_park_encounters": [
    {
      "area": {
        "name": "forest",
        "url": "https://pokeapi.co/api/v2/pal-park-area/1/"
      },
      "base_score": 70,
      "rate": 20
    }
  ],
  "pokedex_numbers": [
    {
      "entry_number": 200,
      "pokedex": {
        "name": "national",
        "url": "https://pokeapi.co/api/v2/pokedex/1/"
      }
    },
    {
      "entry_number": 214,
      "pokedex": {
        "name": "original-johto",
        "url": "https://pokeapi.co/api/v2/pokedex/3/"
      }
    },
    {
      "entry_number": 72,
      "pokedex": {
        "name": "original-sinnoh",
        "url": "https://pokeapi.co/api/v2/pokedex/5/"
      }
    },
    {
      "entry_number": 72,
      "pokedex": {
        "name": "extended-sinnoh",
        "url": "https://pokeapi.co/api/v2/pokedex/6/"
      }
    },
    {
      "entry_number": 219,
      "pokedex": {
        "name": "updated-johto",
        "url": "https://pokeapi.co/api/v2/pokedex/7/"
      }
    },
    {
      "entry_number": 183,
      "pokedex": {
        "name": "conquest-gallery",
        "url": "https://pokeapi.co/api/v2/pokedex/11/"
      }
    },
    {
      "entry_number": 66,
      "pokedex": {
        "name": "original-alola",
        "url": "https://pokeapi.co/api/v2/pokedex/16/"
      }
    },
    {
      "entry_number": 66,
      "pokedex": {
        "name": "original-melemele",
        "url": "https://pokeapi.co/api/v2/pokedex/17/"
      }
    },
    {
      "entry_number": 372,
      "pokedex": {
        "name": "updated-alola",
        "url": "https://pokeapi.co/api/v2/pokedex/21/"
      }
    },
    {
      "entry_number": 119,
      "pokedex": {
        "name": "updated-poni",
        "url": "https://pokeapi.co/api/v2/pokedex/25/"
      }
    },
    {
      "entry_number": 197,
      "pokedex": {
        "name": "hisui",
        "url": "https://pokeapi.co/api/v2/pokedex/30/"
      }
    },
    {
      "entry_number": 114,
      "pokedex": {
        "name": "paldea",
        "url": "https://pokeapi.co/api/v2/pokedex/31/"
      }
    }
  ],
  "shape": {
    "name": "ball",
    "url": "https://pokeapi.co/api/v2/pokemon-shape/1/"
  },
  "varieties": [
    {
      "is_default": true,
      "pokemon": {
        "name": "misdreavus",
        "url": "https://pokeapi.co/api/v2/pokemon/200/"
      }
    }
  ]
}