{
  "base_happiness": 70,
  "capture_rate": 225,
  "color": {
    "name": "red",
    "url": "https://pokeapi.co/api/v2/pokemon-color/8/"
  },
  "egg_groups": [
    {
      "name": "water3",
      "url": "https://pokeapi.co/api/v2/egg-group/9/"
    }
  ],
  "evolution_chain": {
    "url": "https://pokeapi.co/api/v2/evolution-chain/43/"
  },
  "evolves_from_species": null,
  "flavor_text_entries": [
    {
      "flavor_text": "Its pincers are\nnot only powerful\nweapons, they are\fused for balance\nwhen walking\nsideways.",
      "language": {
        "name": "en",
        "url": "https://pokeapi.co/api/v2/language/9/"
      },
      "version": {
        "name": "red",
        "url": "https://pokeapi.co/api/v2/version/1/"
      }
    },
    {
      "flavor_text": "Its pincers are\nnot only powerful\nweapons, they are\fused for balance\nwhen walking\nsideways.",
      "language": {
        "name": "en",
        "url": "https://pokeapi.co/api/v2/language/9/"
      },
      "version": {
        "name": "blue",
        "url": "https://pokeapi.co/api/v2/version/2/"
      }
    },
    {
      "flavor_text": "Its pincers are\nsuperb weapons.\nThey sometimes\fbreak off during\nbattle, but they\ngrow back fast.",
      "language": {
        "name": "en",
        "url": "https://pokeapi.co/api/v2/language/9/"
      },
      "version": {
        "name": "yellow",
        "url": "https://pokeapi.co/api/v2/version/3/"
      }
    },
    {
      "flavor_text": "If it senses dan\u00ad\nger approaching,\nit cloaks itself\fwith bubbles from\nits mouth so it\nwill look bigger.",
      "language": {
        "name": "en",
        "url": "https://pokeapi.co/api/v2/language/9/"
      },
      "version": {
        "name": "gold",
        "url": "https://pokeapi.co/api/v2/version/4/"
      }
    },
    {
      "flavor_text": "The pincers break\noff easily. If it\nloses a pincer,\fit somehow becomes\nincapable of walk\u00ad\ning sideways.",
      "language": {
        "name": "en",
        "url": "https://pokeapi.co/api/v2/language/9/"
      },
      "version": {
        "name": "silver",
        "url": "https://pokeapi.co/api/v2/version/5/"
      }
    },
    {
      "flavor_text": "If it is unable\nto find food, it\nwill absorb\fnutrients by\nswallowing a\nmouthful of sand.",
      "language": {
        "name": "en",
        "url": "https://pokeapi.co/api/v2/language/9/"
      },
      "version": {
        "name": "crystal",
        "url": "https://pokeapi.co/api/v2/version/6/"
      }
    },
    {
      "flavor_text": "KRABBY live on beaches, burrowed inside\nholes dug into the sand.\nOn sandy beaches with little in the way\fof food, these POK\u00e9MON can be seen\nsquabbling with each other over\nterritory.",
      "language": {
        "name": "en",
        "url": "https://pokeapi.co/api/v2/language/9/"
      },
      "version": {
        "name": "ruby",
        "url": "https://pokeapi.co/api/v2/version/7/"
      }
    },
    {
      "flavor_text": "KRABBY live on beaches, burrowed inside\nholes dug into the sand.\nOn sandy beaches with little in the way\fof food, these POK\u00e9MON can be seen\nsquabbling with each other over\nterritory.",
      "language": {
        "name": "en",
        "url": "https://pokeapi.co/api/v2/language/9/"
      },
      "version": {
        "name": "sapphire",
        "url": "https://pokeapi.co/api/v2/version/8/"
      }
    },
    {
      "flavor_text": "KRABBY live in holes dug into beaches.\nOn sandy shores with little in the way\nof food, they can be seen squabbling with\neach other over territory.",
      "language": {
        "name": "en",
        "url": "https://pokeapi.co/api/v2/language/9/"
      },
      "version": {
        "name": "emerald",
        "url": "https://pokeapi.co/api/v2/version/9/"
      }
    },
    {
      "flavor_text": "It can be found near the sea. The large\npincers grow back if they are torn out of\ntheir sockets.",
      "language": {
        "name": "en",
        "url": "https://pokeapi.co/api/v2/language/9/"
      },
      "version": {
        "name": "firered",
        "url": "https://pokeapi.co/api/v2/version/10/"
      }
    },
    {
      "flavor_text": "Its pincers are not only powerful weapons,\nthey are used for balance when walking\nsideways.",
      "language": {
        "name": "en",
        "url": "https://pokeapi.co/api/v2/language/9/"
      },
      "version": {
        "name": "leafgreen",
        "url": "https://pokeapi.co/api/v2/version/11/"
      }
    },
    {
      "flavor_text": "It lives in burrows dug on sandy\nbeaches. Its pincers fully grow\nback if they are broken in battle.",
      "language": {
        "name": "en",
        "url": "https://pokeapi.co/api/v2/language/9/"
      },
      "version": {
        "name": "diamond",
        "url": "https://pokeapi.co/api/v2/version/12/"
      }
    },
    {
      "flavor_text": "It lives in burrows dug on sandy\nbeaches. Its pincers fully grow\nback if they are broken in battle.",
      "language": {
        "name": "en",
        "url": "https://pokeapi.co/api/v2/language/9/"
      },
      "version": {
        "name": "pearl",
        "url": "https://pokeapi.co/api/v2/version/13/"
      }
    },
    {
      "flavor_text": "It lives in burrows dug on sandy\nbeaches. Its pincers fully grow\nback if they are broken in battle.",
      "language": {
        "name": "en",
        "url": "https://pokeapi.co/api/v2/language/9/"
      },
      "version": {
        "name": "platinum",
        "url": "https://pokeapi.co/api/v2/version/14/"
      }
    },
    {
      "flavor_text": "If it senses danger approaching,\nit cloaks itself with bubbles from\nits mouth so it will look bigger.",
      "language": {
        "name": "en",
        "url": "https://pokeapi.co/api/v2/language/9/"
      },
      "version": {
        "name": "heartgold",
        "url": "https://pokeapi.co/api/v2/version/15/"
      }
    },
    {
      "flavor_text": "The pincers break off easily. If it\nloses a pincer, it somehow becomes\nincapable of walking sideways.",
      "language": {
        "name": "en",
        "url": "https://pokeapi.co/api/v2/language/9/"
      },
      "version": {
        "name": "soulsilver",
        "url": "https://pokeapi.co/api/v2/version/16/"
      }
    },
    {
      "flavor_text": "Il creuse son terrier sur des plages\nsablonneuses. Ses pinces repoussent\nsi on les brise.",
      "language": {
        "name": "fr",
        "url": "https://pokeapi.co/api/v2/language/5/"
      },
      "version": {
        "name": "black",
        "url": "https://pokeapi.co/api/v2/version/17/"
      }
    },
    {
      "flavor_text": "It lives in burrows dug on sandy\nbeaches. Its pincers fully grow\nback if they are broken in battle.",
      "language": {
        "name": "en",
        "url": "https://pokeapi.co/api/v2/language/9/"
      },
      "version": {
        "name": "black",
        "url": "https://pokeapi.co/api/v2/version/17/"
      }
    },
    {
      "flavor_text": "Il creuse son terrier sur des plages\nsablonneuses. Ses pinces repoussent\nsi on les brise.",
      "language": {
        "name": "fr",
        "url": "https://pokeapi.co/api/v2/language/5/"
      },
      "version": {
        "name": "white",
        "url": "https://pokeapi.co/api/v2/version/18/"
      }
    },
    {
      "flavor_text": "It lives in burrows dug on sandy\nbeaches. Its pincers fully grow\nback if they are broken in battle.",
      "language": {
        "name": "en",
        "url": "https://pokeapi.co/api/v2/language/9/"
      },
      "version": {
        "name": "white",
        "url": "https://pokeapi.co/api/v2/version/18/"
      }
    },
    {
      "flavor_text": "It lives in burrows dug on sandy\nbeaches. Its pincers fully grow\nback if they are broken in battle.",
      "language": {
        "name": "en",
        "url": "https://pokeapi.co/api/v2/language/9/"
      },
      "version": {
        "name": "black-2",
        "url": "https://pokeapi.co/api/v2/version/21/"
      }
    },
    {
      "flavor_text": "It lives in burrows dug on sandy\nbeaches. Its pincers fully grow\nback if they are broken in battle.",
      "language": {
        "name": "en",
        "url": "https://pokeapi.co/api/v2/language/9/"
      },
      "version": {
        "name": "white-2",
        "url": "https://pokeapi.co/api/v2/version/22/"
      }
    },
    {
      "flavor_text": "\u304d\u3051\u3093\u304c\u305b\u307e\u308b\u3068\u3000\u304f\u3061\u304b\u3089\u3000\u306f\u304d\u3060\u3059\n\u3042\u308f\u3067\u3000\u305c\u3093\u3057\u3093\u3092\u3000\u3064\u3064\u3093\u3067\n\u304b\u3089\u3060\u3092\u3000\u304a\u304a\u304d\u304f\u3000\u307f\u305b\u3088\u3046\u3068\u3059\u308b\u3002",
      "language": {
        "name": "ja-Hrkt",
        "url": "https://pokeapi.co/api/v2/language/1/"
      },
      "version": {
        "name": "x",
        "url": "https://pokeapi.co/api/v2/version/23/"
      }
    },
    {
      "flavor_text": "\uc704\ud5d8\uc774 \ub2e5\uce58\uba74 \uc785\uc5d0\uc11c \ubfdc\uc5b4\ub0b4\ub294\n\uac70\ud488\uc73c\ub85c \uc804\uc2e0\uc744 \uac10\uc2f8\uc11c\n\ubab8\uc744 \ud06c\uac8c \ubcf4\uc774\ub824\uace0 \ud55c\ub2e4.",
      "language": {
        "name": "ko",
        "url": "https://pokeapi.co/api/v2/language/3/"
      },
      "version": {
        "name": "x",
        "url": "https://pokeapi.co/api/v2/version/23/"
      }
    },
    {
      "flavor_text": "S\u2019il est menac\u00e9, il se cache derri\u00e8re les bulles\n\u00e9mises par sa bouche pour para\u00eetre plus gros.",
      "language": {
        "name": "fr",
        "url": "https://pokeapi.co/api/v2/language/5/"
      },
      "version": {
        "name": "x",
        "url": "https://pokeapi.co/api/v2/version/23/"
      }
    },
    {
      "flavor_text": "Wittert es Gefahr, h\u00fcllt es sich in Blasen\naus seinem Maul, um gr\u00f6\u00dfer zu erscheinen.",
      "language": {
        "name": "de",
        "url": "https://pokeapi.co/api/v2/language/6/"
      },
      "version": {
        "name": "x",
        "url": "https://pokeapi.co/api/v2/version/23/"
      }
    },
    {
      "flavor_text": "Ante el peligro, se camufla con las burbujas que\ndesprende su boca, para parecer m\u00e1s grande.",
      "language": {
        "name": "es",
        "url": "https://pokeapi.co/api/v2/language/7/"
      },
      "version": {
        "name": "x",
        "url": "https://pokeapi.co/api/v2/version/23/"
      }
    },
    {
      "flavor_text": "Se si sente in pericolo, si circonda di bolle che\nproduce con la bocca per sembrare pi\u00f9 grande.",
      "language": {
        "name": "it",
        "url": "https://pokeapi.co/api/v2/language/8/"
      },
      "version": {
        "name": "x",
        "url": "https://pokeapi.co/api/v2/version/23/"
      }
    },
    {
      "flavor_text": "If it senses danger approaching, it cloaks itself with\nbubbles from its mouth so it will look bigger.",
      "language": {
        "name": "en",
        "url": "https://pokeapi.co/api/v2/language/9/"
      },
      "version": {
        "name": "x",
        "url": "https://pokeapi.co/api/v2/version/23/"
      }
    },
    {
      "flavor_text": "\u5371\u967a\u304c\u3000\u8feb\u308b\u3068\u3000\u53e3\u304b\u3089\u3000\u5410\u304d\u51fa\u3059\n\u6ce1\u3067\u3000\u5168\u8eab\u3092\u3000\u5305\u3093\u3067\n\u4f53\u3092\u3000\u5927\u304d\u304f\u3000\u307f\u305b\u3088\u3046\u3068\u3059\u308b\u3002",
      "language": {
        "name": "ja",
        "url": "https://pokeapi.co/api/v2/language/11/"
      },
      "version": {
        "name": "x",
        "url": "https://pokeapi.co/api/v2/version/23/"
      }
    },
    {
      "flavor_text": "\u3046\u307f\u306e\u3000\u3061\u304b\u304f\u3067\u3000\u307f\u3064\u304b\u308b\u3002\n\u304a\u304a\u304d\u306a\u3000\u30cf\u30b5\u30df\u306f\u3000\u3082\u304e\u3068\u3063\u3066\u3082\n\u3042\u3068\u304b\u3089\u3000\u307e\u305f\u3000\u306f\u3048\u3066\u304f\u308b\u3002",
      "language": {
        "name": "ja-Hrkt",
        "url": "https://pokeapi.co/api/v2/language/1/"
      },
      "version": {
        "name": "y",
        "url": "https://pokeapi.co/api/v2/version/24/"
      }
    },
    {
      "flavor_text": "\ubc14\ub2e4 \uadfc\ucc98\uc5d0\uc11c \ubc1c\uacac\ub41c\ub2e4.\n\ucee4\ub2e4\ub780 \uc9d1\uac8c\ub294 \ub72f\uaca8\ub3c4\n\ub098\uc911\uc5d0 \ub2e4\uc2dc \uc790\ub77c\ub09c\ub2e4.",
      "language": {
        "name": "ko",
        "url": "https://pokeapi.co/api/v2/language/3/"
      },
      "version": {
        "name": "y",
        "url": "https://pokeapi.co/api/v2/version/24/"
      }
    },
    {
      "flavor_text": "On trouve ce Pok\u00e9mon pr\u00e8s de la mer. Ses grosses\npinces peuvent repousser si elles se font arracher.",
      "language": {
        "name": "fr",
        "url": "https://pokeapi.co/api/v2/language/5/"
      },
      "version": {
        "name": "y",
        "url": "https://pokeapi.co/api/v2/version/24/"
      }
    },
    {
      "flavor_text": "Es kommt vor allem nahe des Meeres vor.\nDie gro\u00dfen Scheren wachsen nach, wenn sie\nvom K\u00f6rper abgetrennt wurden.",
      "language": {
        "name": "de",
        "url": "https://pokeapi.co/api/v2/language/6/"
      },
      "version": {
        "name": "y",
        "url": "https://pokeapi.co/api/v2/version/24/"
      }
    },
    {
      "flavor_text": "Es f\u00e1cil encontrarlo cerca del mar. Las largas pinzas\nque tiene vuelven a crecer si se las quitan de su sitio.",
      "language": {
        "name": "es",
        "url": "https://pokeapi.co/api/v2/language/7/"
      },
      "version": {
        "name": "y",
        "url": "https://pokeapi.co/api/v2/version/24/"
      }
    },
    {
      "flavor_text": "Si trova vicino al mare. Le grandi chele, se asportate,\nricrescono.",
      "language": {
        "name": "it",
        "url": "https://pokeapi.co/api/v2/language/8/"
      },
      "version": {
        "name": "y",
        "url": "https://pokeapi.co/api/v2/version/24/"
      }
    },
    {
      "flavor_text": "It can be found near the sea. The large pincers\ngrow back if they are torn out of their sockets.",
      "language": {
        "name": "en",
        "url": "https://pokeapi.co/api/v2/language/9/"
      },
      "version": {
        "name": "y",
        "url": "https://pokeapi.co/api/v2/version/24/"
      }
    },
    {
      "flavor_text": "\u6d77\u306e\u3000\u8fd1\u304f\u3067\u3000\u898b\u3064\u304b\u308b\u3002\n\u5927\u304d\u306a\u3000\u30cf\u30b5\u30df\u306f\u3000\u3082\u304e\u3068\u3063\u3066\u3082\n\u3042\u3068\u304b\u3089\u3000\u307e\u305f\u3000\u751f\u3048\u3066\u304f\u308b\u3002",
      "language": {
        "name": "ja",
        "url": "https://pokeapi.co/api/v2/language/11/"
      },
      "version": {
        "name": "y",
        "url": "https://pokeapi.co/api/v2/version/24/"
      }
    },
    {
      "flavor_text": "\u3059\u306a\u306f\u307e\u306b\u3000\u3042\u306a\u3092\u3000\u307b\u308a\u3000\u305d\u3053\u3067\u3000\u304f\u3089\u3057\u3066\u3044\u308b\u3002\n\u30a8\u30b5\u306e\u3000\u3059\u304f\u306a\u3044\u3000\u3059\u306a\u306f\u307e\u3067\u306f\u3000\u3070\u3057\u3087\u3068\u308a\u3092\u3059\u308b\n\u30af\u30e9\u30d6\u305f\u3061\u306e\u3000\u3042\u3089\u305d\u3044\u3092\u3000\u307f\u308b\u3000\u3053\u3068\u304c\u3000\u3067\u304d\u308b\u3002",
      "language": {
        "name": "ja-Hrkt",
        "url": "https://pokeapi.co/api/v2/language/1/"
      },
      "version": {
        "name": "omega-ruby",
        "url": "https://pokeapi.co/api/v2/version/25/"
      }
    },
    {
      "flavor_text": "\ubaa8\ub798 \ud574\ubcc0\uc5d0 \uad6c\uba4d\uc744 \ub6ab\uace0 \uac70\uae30\uc11c \uc0b4\uace0 \uc788\ub2e4.\n\uba39\uc774\uac00 \uc801\uc740 \ubaa8\ub798 \ud574\ubcc0\uc5d0\uc11c\ub294 \uc790\ub9ac \ud655\ubcf4\ub97c\n\uc704\ud574 \ub2e4\ud22c\ub294 \ud06c\ub7a9\ub4e4\uc744 \ubcfc \uc218 \uc788\ub2e4.",
      "language": {
        "name": "ko",
        "url": "https://pokeapi.co/api/v2/language/3/"
      },
      "version": {
        "name": "omega-ruby",
        "url": "https://pokeapi.co/api/v2/version/25/"
      }
    },
    {
      "flavor_text": "Krabby vit sur les plages, enterr\u00e9 dans le sable. Sur les plages\no\u00f9 on trouve peu de nourriture, on peut voir ces Pok\u00e9mon\nse disputer pour d\u00e9fendre leur territoire.",
      "language": {
        "name": "fr",
        "url": "https://pokeapi.co/api/v2/language/5/"
      },
      "version": {
        "name": "omega-ruby",
        "url": "https://pokeapi.co/api/v2/version/25/"
      }
    },
    {
      "flavor_text": "Krabby lebt an Str\u00e4nden, in L\u00f6chern im Sand.\nAn Sandstr\u00e4nden, an denen es wenig Nahrung findet,\nsieht man dieses Pok\u00e9mon mit Artgenossen um sein\nRevier streiten.",
      "language": {
        "name": "de",
        "url": "https://pokeapi.co/api/v2/language/6/"
      },
      "version": {
        "name": "omega-ruby",
        "url": "https://pokeapi.co/api/v2/version/25/"
      }
    },
    {
      "flavor_text": "Krabby vive en la playa, enterrado en agujeros en la arena.\nCuando en las playas de arena fina escasea la comida, es\ncom\u00fan ver a estos Pok\u00e9mon echando un pulso panza contra\npanza en defensa de su territorio.",
      "language": {
        "name": "es",
        "url": "https://pokeapi.co/api/v2/language/7/"
      },
      "version": {
        "name": "omega-ruby",
        "url": "https://pokeapi.co/api/v2/version/25/"
      }
    },
    {
      "flavor_text": "Krabby vive in spiaggia, nascosto in buche scavate nella\nsabbia. Sulle spiagge molto sabbiose, dove scarseggia\nil cibo, \u00e8 possibile vedere questi Pok\u00e9mon attaccarsi\na vicenda in difesa del proprio territorio.",
      "language": {
        "name": "it",
        "url": "https://pokeapi.co/api/v2/language/8/"
      },
      "version": {
        "name": "omega-ruby",
        "url": "https://pokeapi.co/api/v2/version/25/"
      }
    },
    {
      "flavor_text": "Krabby live on beaches, burrowed inside holes dug into the\nsand. On sandy beaches with little in the way of food, these\nPok\u00e9mon can be seen squabbling with each other\nover territory.",
      "language": {
        "name": "en",
        "url": "https://pokeapi.co/api/v2/language/9/"
      },
      "version": {
        "name": "omega-ruby",
        "url": "https://pokeapi.co/api/v2/version/25/"
      }
    },
    {
      "flavor_text": "\u7802\u6d5c\u306b\u3000\u7a74\u3092\u3000\u6398\u308a\u3000\u305d\u3053\u3067\u3000\u66ae\u3089\u3057\u3066\u3044\u308b\u3002\n\u30a8\u30b5\u306e\u3000\u5c11\u306a\u3044\u3000\u7802\u6d5c\u3067\u306f\u3000\u5834\u6240\u53d6\u308a\u3092\u3059\u308b\n\u30af\u30e9\u30d6\u305f\u3061\u306e\u3000\u4e89\u3044\u3092\u3000\u307f\u308b\u3000\u3053\u3068\u304c\u3000\u3067\u304d\u308b\u3002",
      "language": {
        "name": "ja",
        "url": "https://pokeapi.co/api/v2/language/11/"
      },
      "version": {
        "name": "omega-ruby",
        "url": "https://pokeapi.co/api/v2/version/25/"
      }
    },
    {
      "flavor_text": "\u3059\u306a\u306f\u307e\u306b\u3000\u3042\u306a\u3092\u3000\u307b\u308a\u3000\u305d\u3053\u3067\u3000\u304f\u3089\u3057\u3066\u3044\u308b\u3002\n\u30a8\u30b5\u306e\u3000\u3059\u304f\u306a\u3044\u3000\u3059\u306a\u306f\u307e\u3067\u306f\u3000\u3070\u3057\u3087\u3068\u308a\u3092\u3059\u308b\n\u30af\u30e9\u30d6\u305f\u3061\u306e\u3000\u3042\u3089\u305d\u3044\u3092\u3000\u307f\u308b\u3000\u3053\u3068\u304c\u3000\u3067\u304d\u308b\u3002",
      "language": {
        "name": "ja-Hrkt",
        "url": "https://pokeapi.co/api/v2/language/1/"
      },
      "version": {
        "name": "alpha-sapphire",
        "url": "https://pokeapi.co/api/v2/version/26/"
      }
    },
    {
      "flavor_text": "\ubaa8\ub798 \ud574\ubcc0\uc5d0 \uad6c\uba4d\uc744 \ub6ab\uace0 \uac70\uae30\uc11c \uc0b4\uace0 \uc788\ub2e4.\n\uba39\uc774\uac00 \uc801\uc740 \ubaa8\ub798 \ud574\ubcc0\uc5d0\uc11c\ub294 \uc790\ub9ac \ud655\ubcf4\ub97c\n\uc704\ud574 \ub2e4\ud22c\ub294 \ud06c\ub7a9\ub4e4\uc744 \ubcfc \uc218 \uc788\ub2e4.",
      "language": {
        "name": "ko",
        "url": "https://pokeapi.co/api/v2/language/3/"
      },
      "version": {
        "name": "alpha-sapphire",
        "url": "https://pokeapi.co/api/v2/version/26/"
      }
    },
    {
      "flavor_text": "Krabby vit sur les plages, enterr\u00e9 dans le sable. Sur les plages\no\u00f9 on trouve peu de nourriture, on peut voir ces Pok\u00e9mon\nse disputer pour d\u00e9fendre leur territoire.",
      "language": {
        "name": "fr",
        "url": "https://pokeapi.co/api/v2/language/5/"
      },
      "version": {
        "name": "alpha-sapphire",
        "url": "https://pokeapi.co/api/v2/version/26/"
      }
    },
    {
      "flavor_text": "Krabby lebt an Str\u00e4nden, in L\u00f6chern im Sand.\nAn Sandstr\u00e4nden, an denen es wenig Nahrung findet,\nsieht man dieses Pok\u00e9mon mit Artgenossen streiten.",
      "language": {
        "name": "de",
        "url": "https://pokeapi.co/api/v2/language/6/"
      },
      "version": {
        "name": "alpha-sapphire",
        "url": "https://pokeapi.co/api/v2/version/26/"
      }
    },
    {
      "flavor_text": "Krabby vive en la playa, enterrado en agujeros en la arena.\nCuando en las playas de arena fina escasea la comida, es\ncom\u00fan ver a estos Pok\u00e9mon echando un pulso panza contra\npanza en defensa de su territorio.",
      "language": {
        "name": "es",
        "url": "https://pokeapi.co/api/v2/language/7/"
      },
      "version": {
        "name": "alpha-sapphire",
        "url": "https://pokeapi.co/api/v2/version/26/"
      }
    },
    {
      "flavor_text": "Krabby vive in spiaggia, nascosto in buche scavate nella\nsabbia. Sulle spiagge molto sabbiose, dove scarseggia\nil cibo, \u00e8 possibile vedere questi Pok\u00e9mon attaccarsi\na vicenda in difesa del proprio territorio.",
      "language": {
        "name": "it",
        "url": "https://pokeapi.co/api/v2/language/8/"
      },
      "version": {
        "name": "alpha-sapphire",
        "url": "https://pokeapi.co/api/v2/version/26/"
      }
    },
    {
      "flavor_text": "Krabby live on beaches, burrowed inside holes dug into\nthe sand. On sandy beaches with little in the way of food,\nthese Pok\u00e9mon can be seen squabbling with each other\nover territory.",
      "language": {
        "name": "en",
        "url": "https://pokeapi.co/api/v2/language/9/"
      },
      "version": {
        "name": "alpha-sapphire",
        "url": "https://pokeapi.co/api/v2/version/26/"
      }
    },
    {
      "flavor_text": "\u7802\u6d5c\u306b\u3000\u7a74\u3092\u3000\u6398\u308a\u3000\u305d\u3053\u3067\u3000\u66ae\u3089\u3057\u3066\u3044\u308b\u3002\n\u30a8\u30b5\u306e\u3000\u5c11\u306a\u3044\u3000\u7802\u6d5c\u3067\u306f\u3000\u5834\u6240\u53d6\u308a\u3092\u3059\u308b\n\u30af\u30e9\u30d6\u305f\u3061\u306e\u3000\u4e89\u3044\u3092\u3000\u307f\u308b\u3000\u3053\u3068\u304c\u3000\u3067\u304d\u308b\u3002",
      "language": {
        "name": "ja",
        "url": "https://pokeapi.co/api/v2/language/11/"
      },
      "version": {
        "name": "alpha-sapphire",
        "url": "https://pokeapi.co/api/v2/version/26/"
      }
    },
    {
      "flavor_text": "\u304d\u3087\u3046\u308a\u3087\u304f\u306a\u3000\u3076\u304d\u3068\u306a\u308b\u3000\u30cf\u30b5\u30df\u306f\n\u3053\u3046\u3052\u304d\u306e\u3068\u304d\u3000\u307e\u308c\u306b\u3000\u3082\u3052\u308b\u304c\n\u3042\u3068\u304b\u3089\u3000\u3059\u3050\u306b\u3000\u306f\u3048\u3066\u304f\u308b\u3002",
      "language": {
        "name": "ja-Hrkt",
        "url": "https://pokeapi.co/api/v2/language/1/"
      },
      "version": {
        "name": "lets-go-pikachu",
        "url": "https://pokeapi.co/api/v2/version/31/"
      }
    },
    {
      "flavor_text": "\uac15\ub825\ud55c \ubb34\uae30\uc778 \uc9d1\uac8c\ub294\n\uacf5\uaca9\ud558\ub2e4 \ub4dc\ubb3c\uac8c \ub5a8\uc5b4\uc9c0\uc9c0\ub9cc\n\ub098\uc911\uc5d0 \uae08\ubc29 \uc790\ub77c\ub09c\ub2e4.",
      "language": {
        "name": "ko",
        "url": "https://pokeapi.co/api/v2/language/3/"
      },
      "version": {
        "name": "lets-go-pikachu",
        "url": "https://pokeapi.co/api/v2/version/31/"
      }
    },
    {
      "flavor_text": "\u7260\u7684\u9257\u5b50\u662f\u5a01\u529b\u5f37\u5927\u7684\u6b66\u5668\uff0c\n\u4f46\u5728\u653b\u64ca\u6642\u5076\u723e\u6703\u812b\u843d\u3002\n\u812b\u843d\u5f8c\u5f88\u5feb\u5c31\u6703\u9577\u56de\u4f86\u3002",
      "language": {
        "name": "zh-Hant",
        "url": "https://pokeapi.co/api/v2/language/4/"
      },
      "version": {
        "name": "lets-go-pikachu",
        "url": "https://pokeapi.co/api/v2/version/31/"
      }
    },
    {
      "flavor_text": "Ses pinces sont des armes puissantes. Il peut\narriver qu\u2019elles se brisent durant un combat,\nmais elles repoussent vite.",
      "language": {
        "name": "fr",
        "url": "https://pokeapi.co/api/v2/language/5/"
      },
      "version": {
        "name": "lets-go-pikachu",
        "url": "https://pokeapi.co/api/v2/version/31/"
      }
    },
    {
      "flavor_text": "Die Scheren dieses Pok\u00e9mon bilden perfekte\nWaffen. Im Kampf brechen sie zwar manchmal\nab, wachsen aber schnell wieder nach.",
      "language": {
        "name": "de",
        "url": "https://pokeapi.co/api/v2/language/6/"
      },
      "version": {
        "name": "lets-go-pikachu",
        "url": "https://pokeapi.co/api/v2/version/31/"
      }
    },
    {
      "flavor_text": "Sus pinzas son armas muy potentes y, aunque\nen ocasiones se le rompen al atacar, le crecen\nde nuevo con rapidez.",
      "language": {
        "name": "es",
        "url": "https://pokeapi.co/api/v2/language/7/"
      },
      "version": {
        "name": "lets-go-pikachu",
        "url": "https://pokeapi.co/api/v2/version/31/"
      }
    },
    {
      "flavor_text": "Le sue chele sono armi formidabili. A volte\nsi staccano durante la lotta, ma ricrescono\nimmediatamente.",
      "language": {
        "name": "it",
        "url": "https://pokeapi.co/api/v2/language/8/"
      },
      "version": {
        "name": "lets-go-pikachu",
        "url": "https://pokeapi.co/api/v2/version/31/"
      }
    },
    {
      "flavor_text": "Its pincers are superb weapons. They sometimes\nbreak off during battle, but they grow back fast.",
      "language": {
        "name": "en",
        "url": "https://pokeapi.co/api/v2/language/9/"
      },
      "version": {
        "name": "lets-go-pikachu",
        "url": "https://pokeapi.co/api/v2/version/31/"
      }
    },
    {
      "flavor_text": "\u5f37\u529b\u306a\u3000\u6b66\u5668\u3068\u306a\u308b\u3000\u30cf\u30b5\u30df\u306f\n\u653b\u6483\u306e\u3068\u304d\u3000\u307e\u308c\u306b\u3000\u3082\u3052\u308b\u304c\n\u5f8c\u304b\u3089\u3000\u3059\u3050\u306b\u3000\u751f\u3048\u3066\u304f\u308b\u3002",
      "language": {
        "name": "ja",
        "url": "https://pokeapi.co/api/v2/language/11/"
      },
      "version": {
        "name": "lets-go-pikachu",
        "url": "https://pokeapi.co/api/v2/version/31/"
      }
    },
    {
      "flavor_text": "\u94b3\u5b50\u662f\u5b83\u5f3a\u608d\u7684\u6b66\u5668\uff0c\u4f46\u5728\n\u653b\u51fb\u65f6\u94b3\u5b50\u5076\u5c14\u4f1a\u8131\u843d\u3002\n\u8131\u843d\u540e\u5f88\u5feb\u4f1a\u957f\u51fa\u65b0\u7684\u6765\u3002",
      "language": {
        "name": "zh-Hans",
        "url": "https://pokeapi.co/api/v2/language/12/"
      },
      "version": {
        "name": "lets-go-pikachu",
        "url": "https://pokeapi.co/api/v2/version/31/"
      }
    },
    {
      "flavor_text": "\u304d\u3087\u3046\u308a\u3087\u304f\u306a\u3000\u3076\u304d\u3068\u306a\u308b\u3000\u30cf\u30b5\u30df\u306f\n\u3053\u3046\u3052\u304d\u306e\u3068\u304d\u3000\u307e\u308c\u306b\u3000\u3082\u3052\u308b\u304c\n\u3042\u3068\u304b\u3089\u3000\u3059\u3050\u306b\u3000\u306f\u3048\u3066\u304f\u308b\u3002",
      "language": {
        "name": "ja-Hrkt",
        "url": "https://pokeapi.co/api/v2/language/1/"
      },
      "version": {
        "name": "lets-go-eevee",
        "url": "https://pokeapi.co/api/v2/version/32/"
      }
    },
    {
      "flavor_text": "\uac15\ub825\ud55c \ubb34\uae30\uc778 \uc9d1\uac8c\ub294\n\uacf5\uaca9\ud558\ub2e4 \ub4dc\ubb3c\uac8c \ub5a8\uc5b4\uc9c0\uc9c0\ub9cc\n\ub098\uc911\uc5d0 \uae08\ubc29 \uc790\ub77c\ub09c\ub2e4.",
      "language": {
        "name": "ko",
        "url": "https://pokeapi.co/api/v2/language/3/"
      },
      "version": {
        "name": "lets-go-eevee",
        "url": "https://pokeapi.co/api/v2/version/32/"
      }
    },
    {
      "flavor_text": "\u7260\u7684\u9257\u5b50\u662f\u5a01\u529b\u5f37\u5927\u7684\u6b66\u5668\uff0c\n\u4f46\u5728\u653b\u64ca\u6642\u5076\u723e\u6703\u812b\u843d\u3002\n\u812b\u843d\u5f8c\u5f88\u5feb\u5c31\u6703\u9577\u56de\u4f86\u3002",
      "language": {
        "name": "zh-Hant",
        "url": "https://pokeapi.co/api/v2/language/4/"
      },
      "version": {
        "name": "lets-go-eevee",
        "url": "https://pokeapi.co/api/v2/version/32/"
      }
    },
    {
      "flavor_text": "Ses pinces sont des armes puissantes. Il peut\narriver qu\u2019elles se brisent durant un combat,\nmais elles repoussent vite.",
      "language": {
        "name": "fr",
        "url": "https://pokeapi.co/api/v2/language/5/"
      },
      "version": {
        "name": "lets-go-eevee",
        "url": "https://pokeapi.co/api/v2/version/32/"
      }
    },
    {
      "flavor_text": "Die Scheren dieses Pok\u00e9mon bilden perfekte\nWaffen. Im Kampf brechen sie zwar manchmal\nab, wachsen aber schnell wieder nach.",
      "language": {
        "name": "de",
        "url": "https://pokeapi.co/api/v2/language/6/"
      },
      "version": {
        "name": "lets-go-eevee",
        "url": "https://pokeapi.co/api/v2/version/32/"
      }
    },
    {
      "flavor_text": "Sus pinzas son armas muy potentes y, aunque\nen ocasiones se le rompen al atacar, le crecen\nde nuevo con rapidez.",
      "language": {
        "name": "es",
        "url": "https://pokeapi.co/api/v2/language/7/"
      },
      "version": {
        "name": "lets-go-eevee",
        "url": "https://pokeapi.co/api/v2/version/32/"
      }
    },
    {
      "flavor_text": "Le sue chele sono armi formidabili. A volte\nsi staccano durante la lotta, ma ricrescono\nimmediatamente.",
      "language": {
        "name": "it",
        "url": "https://pokeapi.co/api/v2/language/8/"
      },
      "version": {
        "name": "lets-go-eevee",
        "url": "https://pokeapi.co/api/v2/version/32/"
      }
    },
    {
      "flavor_text": "Its pincers are superb weapons. They sometimes\nbreak off during battle, but they grow back fast.",
      "language": {
        "name": "en",
        "url": "https://pokeapi.co/api/v2/language/9/"
      },
      "version": {
        "name": "lets-go-eevee",
        "url": "https://pokeapi.co/api/v2/version/32/"
      }
    },
    {
      "flavor_text": "\u5f37\u529b\u306a\u3000\u6b66\u5668\u3068\u306a\u308b\u3000\u30cf\u30b5\u30df\u306f\n\u653b\u6483\u306e\u3068\u304d\u3000\u307e\u308c\u306b\u3000\u3082\u3052\u308b\u304c\n\u5f8c\u304b\u3089\u3000\u3059\u3050\u306b\u3000\u751f\u3048\u3066\u304f\u308b\u3002",
      "language": {
        "name": "ja",
        "url": "https://pokeapi.co/api/v2/language/11/"
      },
      "version": {
        "name": "lets-go-eevee",
        "url": "https://pokeapi.co/api/v2/version/32/"
      }
    },
    {
      "flavor_text": "\u94b3\u5b50\u662f\u5b83\u5f3a\u608d\u7684\u6b66\u5668\uff0c\u4f46\u5728\n\u653b\u51fb\u65f6\u94b3\u5b50\u5076\u5c14\u4f1a\u8131\u843d\u3002\n\u8131\u843d\u540e\u5f88\u5feb\u4f1a\u957f\u51fa\u65b0\u7684\u6765\u3002",
      "language": {
        "name": "zh-Hans",
        "url": "https://pokeapi.co/api/v2/language/12/"
      },
      "version": {
        "name": "lets-go-eevee",
        "url": "https://pokeapi.co/api/v2/version/32/"
      }
    },
    {
      "flavor_text": "\u3046\u307f\u306e\u3000\u3061\u304b\u304f\u3067\u3000\u307f\u3064\u304b\u308b\u3002\n\u304a\u304a\u304d\u306a\u3000\u30cf\u30b5\u30df\u306f\u3000\u3082\u304e\u3068\u3063\u3066\u3082\n\u3042\u3068\u304b\u3089\u3000\u307e\u305f\u3000\u306f\u3048\u3066\u304f\u308b\u3002",
      "language": {
        "name": "ja-Hrkt",
        "url": "https://pokeapi.co/api/v2/language/1/"
      },
      "version": {
        "name": "sword",
        "url": "https://pokeapi.co/api/v2/version/33/"
      }
    },
    {
      "flavor_text": "\ubc14\ub2e4 \uadfc\ucc98\uc5d0\uc11c \ubc1c\uacac\ub41c\ub2e4.\n\ucee4\ub2e4\ub780 \uc9d1\uac8c\ub294 \ub72f\uaca8\ub3c4\n\ub098\uc911\uc5d0 \ub2e4\uc2dc \uc790\ub77c\ub09c\ub2e4.",
      "language": {
        "name": "ko",
        "url": "https://pokeapi.co/api/v2/language/3/"
      },
      "version": {
        "name": "sword",
        "url": "https://pokeapi.co/api/v2/version/33/"
      }
    },
    {
      "flavor_text": "\u80fd\u5728\u6d77\u908a\u627e\u5230\u7260\u3002\n\u5de8\u5927\u7684\u9257\u5b50\u5373\u4f7f\u65b7\u6389\n\u4e5f\u6703\u518d\u9577\u51fa\u4f86\u3002",
      "language": {
        "name": "zh-Hant",
        "url": "https://pokeapi.co/api/v2/language/4/"
      },
      "version": {
        "name": "sword",
        "url": "https://pokeapi.co/api/v2/version/33/"
      }
    },
    {
      "flavor_text": "On trouve ce Pok\u00e9mon pr\u00e8s de la mer.\nSes grosses pinces peuvent repousser\nsi elles sont arrach\u00e9es.",
      "language": {
        "name": "fr",
        "url": "https://pokeapi.co/api/v2/language/5/"
      },
      "version": {
        "name": "sword",
        "url": "https://pokeapi.co/api/v2/version/33/"
      }
    },
    {
      "flavor_text": "Es kommt vor allem nahe dem Meer vor.\nDie gro\u00dfen Scheren wachsen nach, wenn\nsie vom K\u00f6rper abgetrennt wurden.",
      "language": {
        "name": "de",
        "url": "https://pokeapi.co/api/v2/language/6/"
      },
      "version": {
        "name": "sword",
        "url": "https://pokeapi.co/api/v2/version/33/"
      }
    },
    {
      "flavor_text": "Es f\u00e1cil encontrarlo cerca del mar. Las largas\npinzas que tiene vuelven a crecer si se las quitan\nde su sitio.",
      "language": {
        "name": "es",
        "url": "https://pokeapi.co/api/v2/language/7/"
      },
      "version": {
        "name": "sword",
        "url": "https://pokeapi.co/api/v2/version/33/"
      }
    },
    {
      "flavor_text": "Lo si pu\u00f2 trovare vicino al mare. Le grandi chele,\nse si staccano, ricrescono.",
      "language": {
        "name": "it",
        "url": "https://pokeapi.co/api/v2/language/8/"
      },
      "version": {
        "name": "sword",
        "url": "https://pokeapi.co/api/v2/version/33/"
      }
    },
    {
      "flavor_text": "It can be found near the sea. The large pincers\ngrow back if they are torn out of their sockets.",
      "language": {
        "name": "en",
        "url": "https://pokeapi.co/api/v2/language/9/"
      },
      "version": {
        "name": "sword",
        "url": "https://pokeapi.co/api/v2/version/33/"
      }
    },
    {
      "flavor_text": "\u6d77\u306e\u3000\u8fd1\u304f\u3067\u3000\u898b\u3064\u304b\u308b\u3002\n\u5927\u304d\u306a\u3000\u30cf\u30b5\u30df\u306f\u3000\u3082\u304e\u3068\u3063\u3066\u3082\n\u3042\u3068\u304b\u3089\u3000\u307e\u305f\u3000\u751f\u3048\u3066\u304f\u308b\u3002",
      "language": {
        "name": "ja",
        "url": "https://pokeapi.co/api/v2/language/11/"
      },
      "version": {
        "name": "sword",
        "url": "https://pokeapi.co/api/v2/version/33/"
      }
    },
    {
      "flavor_text": "\u80fd\u5728\u6d77\u8fb9\u4e0a\u627e\u5230\u5b83\u3002\n\u5de8\u5927\u7684\u94b3\u5b50\u5373\u4f7f\u65ad\u6389\uff0c\n\u4eca\u540e\u4e5f\u4f1a\u518d\u957f\u51fa\u6765\u3002",
      "language": {
        "name": "zh-Hans",
        "url": "https://pokeapi.co/api/v2/language/12/"
      },
      "version": {
        "name": "sword",
        "url": "https://pokeapi.co/api/v2/version/33/"
      }
    },
    {
      "flavor_text": "\u304d\u3051\u3093\u304c\u305b\u307e\u308b\u3068\u3000\u304f\u3061\u304b\u3089\u3000\u306f\u304d\u3060\u3059\n\u3042\u308f\u3067\u3000\u305c\u3093\u3057\u3093\u3092\u3000\u3064\u3064\u3093\u3067\n\u304b\u3089\u3060\u3092\u3000\u304a\u304a\u304d\u304f\u3000\u307f\u305b\u3088\u3046\u3068\u3059\u308b\u3002",
      "language": {
        "name": "ja-Hrkt",
        "url": "https://pokeapi.co/api/v2/language/1/"
      },
      "version": {
        "name": "shield",
        "url": "https://pokeapi.co/api/v2/version/34/"
      }
    },
    {
      "flavor_text": "\uc704\ud5d8\uc774 \ub2e5\uce58\uba74 \uc785\uc5d0\uc11c \ubfdc\uc5b4\ub0b4\ub294\n\uac70\ud488\uc73c\ub85c \uc804\uc2e0\uc744 \uac10\uc2f8\uc11c\n\ubab8\uc744 \ud06c\uac8c \ubcf4\uc774\ub824\uace0 \ud55c\ub2e4.",
      "language": {
        "name": "ko",
        "url": "https://pokeapi.co/api/v2/language/3/"
      },
      "version": {
        "name": "shield",
        "url": "https://pokeapi.co/api/v2/version/34/"
      }
    },
    {
      "flavor_text": "\u5982\u679c\u5371\u96aa\u903c\u8fd1\uff0c\n\u5c31\u6703\u5f9e\u5634\u88e1\u5410\u51fa\u6ce1\u6cab\u5305\u88f9\u5168\u8eab\uff0c\n\u8b93\u8eab\u9ad4\u770b\u8d77\u4f86\u66f4\u5927\u3002",
      "language": {
        "name": "zh-Hant",
        "url": "https://pokeapi.co/api/v2/language/4/"
      },
      "version": {
        "name": "shield",
        "url": "https://pokeapi.co/api/v2/version/34/"
      }
    },
    {
      "flavor_text": "S\u2019il se sent menac\u00e9, il se cache derri\u00e8re les bulles\n\u00e9mises par sa bouche pour para\u00eetre plus gros.",
      "language": {
        "name": "fr",
        "url": "https://pokeapi.co/api/v2/language/5/"
      },
      "version": {
        "name": "shield",
        "url": "https://pokeapi.co/api/v2/version/34/"
      }
    },
    {
      "flavor_text": "Wittert es Gefahr, h\u00fcllt es sich in Blasen aus\nseinem Maul, um gr\u00f6\u00dfer zu erscheinen.",
      "language": {
        "name": "de",
        "url": "https://pokeapi.co/api/v2/language/6/"
      },
      "version": {
        "name": "shield",
        "url": "https://pokeapi.co/api/v2/version/34/"
      }
    },
    {
      "flavor_text": "Ante el peligro, se camufla con las burbujas que\ndesprende por la boca para parecer m\u00e1s grande.",
      "language": {
        "name": "es",
        "url": "https://pokeapi.co/api/v2/language/7/"
      },
      "version": {
        "name": "shield",
        "url": "https://pokeapi.co/api/v2/version/34/"
      }
    },
    {
      "flavor_text": "Se si sente in pericolo, emette bolle dalla bocca\ne se ne circonda per sembrare pi\u00f9 grande.",
      "language": {
        "name": "it",
        "url": "https://pokeapi.co/api/v2/language/8/"
      },
      "version": {
        "name": "shield",
        "url": "https://pokeapi.co/api/v2/version/34/"
      }
    },
    {
      "flavor_text": "If it senses danger approaching, it cloaks itself\nwith bubbles from its mouth so it will look bigger.",
      "language": {
        "name": "en",
        "url": "https://pokeapi.co/api/v2/language/9/"
      },
      "version": {
        "name": "shield",
        "url": "https://pokeapi.co/api/v2/version/34/"
      }
    },
    {
      "flavor_text": "\u5371\u967a\u304c\u305b\u307e\u308b\u3068\u3000\u53e3\u304b\u3089\u3000\u5410\u304d\u3060\u3059\n\u6ce1\u3067\u3000\u5168\u8eab\u3092\u3000\u5305\u3093\u3067\n\u4f53\u3092\u3000\u5927\u304d\u304f\u3000\u307f\u305b\u3088\u3046\u3068\u3059\u308b\u3002",
      "language": {
        "name": "ja",
        "url": "https://pokeapi.co/api/v2/language/11/"
      },
      "version": {
        "name": "shield",
        "url": "https://pokeapi.co/api/v2/version/34/"
      }
    },
    {
      "flavor_text": "\u5982\u679c\u5371\u9669\u903c\u8fd1\uff0c\n\u5c31\u4f1a\u4ece\u5634\u91cc\u5410\u51fa\u6ce1\u6cab\u5305\u88f9\u5168\u8eab\uff0c\n\u8ba9\u8eab\u4f53\u770b\u8d77\u6765\u66f4\u5927\u3002",
      "language": {
        "name": "zh-Hans",
        "url": "https://pokeapi.co/api/v2/language/12/"
      },
      "version": {
        "name": "shield",
        "url": "https://pokeapi.co/api/v2/version/34/"
      }
    }
  ],
  "form_descriptions": [],
  "forms_switchable": false,
  "gender_rate": 4,
  "genera": [
    {
      "genus": "\u3055\u308f\u304c\u306b\u30dd\u30b1\u30e2\u30f3",
      "language": {
        "name": "ja-Hrkt",
        "url": "https://pokeapi.co/api/v2/language/1/"
      }
    },
    {
      "genus": "\uac8c\ud3ec\ucf13\ubaac",
      "language": {
        "name": "ko",
        "url": "https://pokeapi.co/api/v2/language/3/"
      }
    },
    {
      "genus": "\u6e05\u6c34\u87f9\u5bf6\u53ef\u5922",
      "language": {
        "name": "zh-Hant",
        "url": "https://pokeapi.co/api/v2/language/4/"
      }
    },
    {
      "genus": "Pok\u00e9mon Doux Crabe",
      "language": {
        "name": "fr",
        "url": "https://pokeapi.co/api/v2/language/5/"
      }
    },
    {
      "genus": "Krabben-Pok\u00e9mon",
      "language": {
        "name": "de",
        "url": "https://pokeapi.co/api/v2/language/6/"
      }
    },
    {
      "genus": "Pok\u00e9mon Cangrejo",
      "language": {
        "name": "es",
        "url": "https://pokeapi.co/api/v2/language/7/"
      }
    },
    {
      "genus": "Pok\u00e9mon Granchio",
      "language": {
        "name": "it",
        "url": "https://pokeapi.co/api/v2/language/8/"
      }
    },
    {
      "genus": "River Crab Pok\u00e9mon",
      "language": {
        "name": "en",
        "url": "https://pokeapi.co/api/v2/language/9/"
      }
    },
    {
      "genus": "\u3055\u308f\u304c\u306b\u30dd\u30b1\u30e2\u30f3",
      "language": {
        "name": "ja",
        "url": "https://pokeapi.co/api/v2/language/11/"
      }
    },
    {
      "genus": "\u6e05\u6c34\u87f9\u5b9d\u53ef\u68a6",
      "language": {
        "name": "zh-Hans",
        "url": "https://pokeapi.co/api/v2/language/12/"
      }
    }
  ],
  "generation": {
    "name": "generation-i",
    "url": "https://pokeapi.co/api/v2/generation/1/"
  },
  "growth_rate": {
    "name": "medium",
    "url": "https://pokeapi.co/api/v2/growth-rate/2/"
  },
  "habitat": {
    "name": "waters-edge",
    "url": "https://pokeapi.co/api/v2/pokemon-habitat/9/"
  },
  "has_gender_differences": false,
  "hatch_counter": 20,
  "id": 98,
  "is_baby": false,
  "is_legendary": false,
  "is_mythical": false,
  "name": "krabby",
  "names": [
    {
      "language": {
        "name": "ja-Hrkt",
        "url": "https://pokeapi.co/api/v2/language/1/"
      },
      "name": "\u30af\u30e9\u30d6"
    },
    {
      "language": {
        "name": "roomaji",
        "url": "https://pokeapi.co/api/v2/language/2/"
      },
      "name": "Crab"
    },
    {
      "language": {
        "name": "ko",
        "url": "https://pokeapi.co/api/v2/language/3/"
      },
      "name": "\ud06c\ub7a9"
    },
    {
      "language": {
        "name": "zh-Hant",
        "url": "https://pokeapi.co/api/v2/language/4/"
      },
      "name": "\u5927\u9257\u87f9"
    },
    {
      "language": {
        "name": "fr",
        "url": "https://pokeapi.co/api/v2/language/5/"
      },
      "name": "Krabby"
    },
    {
      "language": {
        "name": "de",
        "url": "https://pokeapi.co/api/v2/language/6/"
      },
      "name": "Krabby"
    },
    {
      "language": {
        "name": "es",
        "url": "https://pokeapi.co/api/v2/language/7/"
      },
      "name": "Krabby"
    },
    {
      "language": {
        "name": "it",
        "url": "https://pokeapi.co/api/v2/language/8/"
      },
      "name": "Krabby"
    },
    {
      "language": {
        "name": "en",
        "url": "https://pokeapi.co/api/v2/language/9/"
      },
      "name": "Krabby"
    },
    {
      "language": {
        "name": "ja",
        "url": "https://pokeapi.co/api/v2/language/11/"
      },
      "name": "\u30af\u30e9\u30d6"
    },
    {
      "language": {
        "name": "zh-Hans",
        "url": "https://pokeapi.co/api/v2/language/12/"
      },
      "name": "\u5927\u94b3\u87f9"
    }
  ],
  "order": 107,
  "pal_park_encounters": [
    {
      "area": {
        "name": "sea",
        "url": "https://pokeapi.co/api/v2/pal-park-area/5/"
      },
      "base_score": 50,
      "rate": 30
    }
  ],
  "pokedex_numbers": [
    {
      "entry_number": 98,
      "pokedex": {
        "name": "national",
        "url": "https://pokeapi.co/api/v2/pokedex/1/"
      }
    },
    {
      "entry_number": 98,
      "pokedex": {
        "name": "kanto",
        "url": "https://pokeapi.co/api/v2/pokedex/2/"
      }
    },
    {
      "entry_number": 164,
      "pokedex": {
        "name": "original-johto",
        "url": "https://pokeapi.co/api/v2/pokedex/3/"
      }
    },
    {
      "entry_number": 166,
      "pokedex": {
        "name": "updated-johto",
        "url": "https://pokeapi.co/api/v2/pokedex/7/"
      }
    },
    {
      "entry_number": 98,
      "pokedex": {
        "name": "letsgo-kanto",
        "url": "https://pokeapi.co/api/v2/pokedex/26/"
      }
    },
    {
      "entry_number": 98,
      "pokedex": {
        "name": "galar",
        "url": "https://pokeapi.co/api/v2/pokedex/27/"
      }
    },
    {
      "entry_number": 38,
      "pokedex": {
        "name": "isle-of-armor",
        "url": "https://pokeapi.co/api/v2/pokedex/28/"
      }
    }
  ],
  "shape": {
    "name": "armor",
    "url": "https://pokeapi.co/api/v2/pokemon-shape/14/"
  },
  "varieties": [
    {
      "is_default": true,
      "pokemon": {
        "name": "krabby",
        "url": "https://pokeapi.co/api/v2/pokemon/98/"
      }
    }
  ]
}