{"id": 911, "name": "skeledirge", "types": [{"slot": 1, "type": {"name": "fire", "url": "https://pokeapi.co/api/v2/type/10/"}}, {"slot": 2, "type": {"name": "ghost", "url": "https://pokeapi.co/api/v2/type/8/"}}], "stats": [{"base_stat": 104, "effort": 0, "stat": {"name": "hp", "url": "https://pokeapi.co/api/v2/stat/1/"}}, {"base_stat": 75, "effort": 0, "stat": {"name": "attack", "url": "https://pokeapi.co/api/v2/stat/2/"}}, {"base_stat": 100, "effort": 0, "stat": {"name": "defense", "url": "https://pokeapi.co/api/v2/stat/3/"}}, {"base_stat": 110, "effort": 3, "stat": {"name": "special-attack", "url": "https://pokeapi.co/api/v2/stat/4/"}}, {"base_stat": 75, "effort": 0, "stat": {"name": "special-defense", "url": "https://pokeapi.co/api/v2/stat/5/"}}, {"base_stat": 66, "effort": 0, "stat": {"name": "speed", "url": "https://pokeapi.co/api/v2/stat/6/"}}], "abilities": [{"ability": {"name": "blaze", "url": "https://pokeapi.co/api/v2/ability/66/"}, "is_hidden": false, "slot": 1}, {"ability": {"name": "unaware", "url": "https://pokeapi.co/api/v2/ability/109/"}, "is_hidden": true, "slot": 3}], "sprites": {"front_default": "https://raw.githubusercontent.com/PokeAPI/sprites/master/sprites/pokemon/911.png"}, "moves": [{"move": {"name": "tackle"}, "earliest_level": 1}, {"move": {"name": "body-slam"}, "earliest_level": null}, {"move": {"name": "take-down"}, "earliest_level": null}, {"move": {"name": "leer"}, "earliest_level": 1}, {"move": {"name": "bite"}, "earliest_level": 15}, {"move": {"name": "roar"}, "earliest_level": 28}, {"move": {"name": "sing"}, "earliest_level": null}, {"move": {"name": "ember"}, "earliest_level": 1}, {"move": {"name": "flamethrower"}, "earliest_level": 32}, {"move": {"name": "hyper-beam"}, "earliest_level": null}, {"move": {"name": "solar-beam"}, "earliest_level": null}, {"move": {"name": "fire-spin"}, "earliest_level": null}, {"move": {"name": "earthquake"}, "earliest_level": null}, {"move": {"name": "dig"}, "earliest_level": null}, {"move": {"name": "night-shade"}, "earliest_level": null}, {"move": {"name": "lick"}, "earliest_level": 7}, {"move": {"name": "fire-blast"}, "earliest_level": 58}, {"move": {"name": "rest"}, "earliest_level": null}, {"move": {"name": "substitute"}, "earliest_level": null}, {"move": {"name": "curse"}, "earliest_level": null}, {"move": {"name": "protect"}, "earliest_level": null}, {"move": {"name": "scary-face"}, "earliest_level": 12}, {"move": {"name": "mud-slap"}, "earliest_level": null}, {"move": {"name": "outrage"}, "earliest_level": null}, {"move": {"name": "endure"}, "earliest_level": null}, {"move": {"name": "sleep-talk"}, "earliest_level": null}, {"move": {"name": "encore"}, "earliest_level": null}, {"move": {"name": "sunny-day"}, "earliest_level": null}, {"move": {"name": "crunch"}, "earliest_level": null}, {"move": {"name": "shadow-ball"}, "earliest_level": 38}, {"move": {"name": "heat-wave"}, "earliest_level": null}, {"move": {"name": "will-o-wisp"}, "earliest_level": 47}, {"move": {"name": "facade"}, "earliest_level": null}, {"move": {"name": "helping-hand"}, "earliest_level": null}, {"move": {"name": "imprison"}, "earliest_level": null}, {"move": {"name": "hyper-voice"}, "earliest_level": 42}, {"move": {"name": "blast-burn"}, "earliest_level": null}, {"move": {"name": "overheat"}, "earliest_level": 64}, {"move": {"name": "flare-blitz"}, "earliest_level": null}, {"move": {"name": "seed-bomb"}, "earliest_level": null}, {"move": {"name": "earth-power"}, "earliest_level": null}, {"move": {"name": "giga-impact"}, "earliest_level": null}, {"move": {"name": "shadow-claw"}, "earliest_level": null}, {"move": {"name": "thunder-fang"}, "earliest_level": null}, {"move": {"name": "fire-fang"}, "earliest_level": null}, {"move": {"name": "zen-headbutt"}, "earliest_level": null}, {"move": {"name": "flame-charge"}, "earliest_level": null}, {"move": {"name": "round"}, "earliest_level": 10}, {"move": {"name": "hex"}, "earliest_level": 47}, {"move": {"name": "incinerate"}, "earliest_level": 17}, {"move": {"name": "fire-pledge"}, "earliest_level": null}, {"move": {"name": "heat-crash"}, "earliest_level": null}, {"move": {"name": "snarl"}, "earliest_level": 24}, {"move": {"name": "disarming-voice"}, "earliest_level": null}, {"move": {"name": "stomping-tantrum"}, "earliest_level": null}, {"move": {"name": "poltergeist"}, "earliest_level": null}, {"move": {"name": "scorching-sands"}, "earliest_level": null}, {"move": {"name": "tera-blast"}, "earliest_level": null}, {"move": {"name": "torch-song"}, "earliest_level": null}, {"move": {"name": "alluring-voice"}, "earliest_level": null}, {"move": {"name": "temper-flare"}, "earliest_level": null}], "species": {"url": "https://pokeapi.co/api/v2/pokemon-species/911/"}, "height": 16, "weight": 3265}