{"id": 6, "name": "charizard", "types": [{"slot": 1, "type": {"name": "fire", "url": "https://pokeapi.co/api/v2/type/10/"}}, {"slot": 2, "type": {"name": "flying", "url": "https://pokeapi.co/api/v2/type/3/"}}], "stats": [{"base_stat": 78, "effort": 0, "stat": {"name": "hp", "url": "https://pokeapi.co/api/v2/stat/1/"}}, {"base_stat": 84, "effort": 0, "stat": {"name": "attack", "url": "https://pokeapi.co/api/v2/stat/2/"}}, {"base_stat": 78, "effort": 0, "stat": {"name": "defense", "url": "https://pokeapi.co/api/v2/stat/3/"}}, {"base_stat": 109, "effort": 3, "stat": {"name": "special-attack", "url": "https://pokeapi.co/api/v2/stat/4/"}}, {"base_stat": 85, "effort": 0, "stat": {"name": "special-defense", "url": "https://pokeapi.co/api/v2/stat/5/"}}, {"base_stat": 100, "effort": 0, "stat": {"name": "speed", "url": "https://pokeapi.co/api/v2/stat/6/"}}], "abilities": [{"ability": {"name": "blaze", "url": "https://pokeapi.co/api/v2/ability/66/"}, "is_hidden": false, "slot": 1}, {"ability": {"name": "solar-power", "url": "https://pokeapi.co/api/v2/ability/94/"}, "is_hidden": true, "slot": 3}], "sprites": {"front_default": "https://raw.githubusercontent.com/PokeAPI/sprites/master/sprites/pokemon/6.png"}, "moves": [{"move": {"name": "mega-punch"}, "earliest_level": null}, {"move": {"name": "fire-punch"}, "earliest_level": null}, {"move": {"name": "thunder-punch"}, "earliest_level": null}, {"move": {"name": "scratch"}, "earliest_level": 1}, {"move": {"name": "swords-dance"}, "earliest_level": null}, {"move": {"name": "cut"}, "earliest_level": null}, {"move": {"name": "wing-attack"}, "earliest_level": 1}, {"move": {"name": "fly"}, "earliest_level": null}, {"move": {"name": "mega-kick"}, "earliest_level": null}, {"move": {"name": "headbutt"}, "earliest_level": null}, {"move": {"name": "body-slam"}, "earliest_level": null}, {"move": {"name": "take-down"}, "earliest_level": null}, {"move": {"name": "double-edge"}, "earliest_level": null}, {"move": {"name": "leer"}, "earliest_level": 1}, {"move": {"name": "bite"}, "earliest_level": null}, {"move": {"name": "growl"}, "earliest_level": 1}, {"move": {"name": "roar"}, "earliest_level": null}, {"move": {"name": "ember"}, "earliest_level": 1}, {"move": {"name": "flamethrower"}, "earliest_level": 30}, {"move": {"name": "hyper-beam"}, "earliest_level": null}, {"move": {"name": "submission"}, "earliest_level": null}, {"move": {"name": "counter"}, "earliest_level": 1}, {"move": {"name": "seismic-toss"}, "earliest_level": null}, {"move": {"name": "strength"}, "earliest_level": null}, {"move": {"name": "solar-beam"}, "earliest_level": null}, {"move": {"name": "dragon-rage"}, "earliest_level": 17}, {"move": {"name": "fire-spin"}, "earliest_level": 33}, {"move": {"name": "earthquake"}, "earliest_level": null}, {"move": {"name": "fissure"}, "earliest_level": null}, {"move": {"name": "dig"}, "earliest_level": null}, {"move": {"name": "toxic"}, "earliest_level": null}, {"move": {"name": "rage"}, "earliest_level": 20}, {"move": {"name": "mimic"}, "earliest_level": null}, {"move": {"name": "double-team"}, "earliest_level": null}, {"move": {"name": "smokescreen"}, "earliest_level": 1}, {"move": {"name": "defense-curl"}, "earliest_level": null}, {"move": {"name": "reflect"}, "earliest_level": null}, {"move": {"name": "bide"}, "earliest_level": null}, {"move": {"name": "fire-blast"}, "earliest_level": null}, {"move": {"name": "swift"}, "earliest_level": null}, {"move": {"name": "skull-bash"}, "earliest_level": null}, {"move": {"name": "fury-swipes"}, "earliest_level": 20}, {"move": {"name": "rest"}, "earliest_level": null}, {"move": {"name": "rock-slide"}, "earliest_level": null}, {"move": {"name": "slash"}, "earliest_level": 24}, {"move": {"name": "substitute"}, "earliest_level": null}, {"move": {"name": "snore"}, "earliest_level": null}, {"move": {"name": "curse"}, "earliest_level": null}, {"move": {"name": "protect"}, "earliest_level": null}, {"move": {"name": "scary-face"}, "earliest_level": 21}, {"move": {"name": "belly-drum"}, "earliest_level": null}, {"move": {"name": "mud-slap"}, "earliest_level": null}, {"move": {"name": "outrage"}, "earliest_level": null}, {"move": {"name": "sandstorm"}, "earliest_level": null}, {"move": {"name": "endure"}, "earliest_level": null}, {"move": {"name": "false-swipe"}, "earliest_level": null}, {"move": {"name": "swagger"}, "earliest_level": null}, {"move": {"name": "fury-cutter"}, "earliest_level": null}, {"move": {"name": "steel-wing"}, "earliest_level": null}, {"move": {"name": "attract"}, "earliest_level": null}, {"move": {"name": "sleep-talk"}, "earliest_level": null}, {"move": {"name": "return"}, "earliest_level": null}, {"move": {"name": "frustration"}, "earliest_level": null}, {"move": {"name": "dynamic-punch"}, "earliest_level": null}, {"move": {"name": "dragon-breath"}, "earliest_level": 12}, {"move": {"name": "iron-tail"}, "earliest_level": null}, {"move": {"name": "metal-claw"}, "earliest_level": 1}, {"move": {"name": "hidden-power"}, "earliest_level": null}, {"move": {"name": "twister"}, "earliest_level": null}, {"move": {"name": "sunny-day"}, "earliest_level": null}, {"move": {"name": "crunch"}, "earliest_level": 1}, {"move": {"name": "ancient-power"}, "earliest_level": null}, {"move": {"name": "rock-smash"}, "earliest_level": null}, {"move": {"name": "beat-up"}, "earliest_level": null}, {"move": {"name": "heat-wave"}, "earliest_level": 1}, {"move": {"name": "will-o-wisp"}, "earliest_level": null}, {"move": {"name": "facade"}, "earliest_level": null}, {"move": {"name": "focus-punch"}, "earliest_level": null}, {"move": {"name": "helping-hand"}, "earliest_level": null}, {"move": {"name": "brick-break"}, "earliest_level": null}, {"move": {"name": "secret-power"}, "earliest_level": null}, {"move": {"name": "blaze-kick"}, "earliest_level": null}, {"move": {"name": "blast-burn"}, "earliest_level": null}, {"move": {"name": "weather-ball"}, "earliest_level": null}, {"move": {"name": "air-cutter"}, "earliest_level": null}, {"move": {"name": "overheat"}, "earliest_level": null}, {"move": {"name": "rock-tomb"}, "earliest_level": null}, {"move": {"name": "aerial-ace"}, "earliest_level": null}, {"move": {"name": "dragon-claw"}, "earliest_level": 1}, {"move": {"name": "dragon-dance"}, "earliest_level": null}, {"move": {"name": "roost"}, "earliest_level": null}, {"move": {"name": "natural-gift"}, "earliest_level": null}, {"move": {"name": "tailwind"}, "earliest_level": null}, {"move": {"name": "fling"}, "earliest_level": null}, {"move": {"name": "flare-blitz"}, "earliest_level": 1}, {"move": {"name": "air-slash"}, "earliest_level": 1}, {"move": {"name": "dragon-pulse"}, "earliest_level": null}, {"move": {"name": "dragon-rush"}, "earliest_level": null}, {"move": {"name": "focus-blast"}, "earliest_level": null}, {"move": {"name": "giga-impact"}, "earliest_level": null}, {"move": {"name": "shadow-claw"}, "earliest_level": 1}, {"move": {"name": "fire-fang"}, "earliest_level": 19}, {"move": {"name": "defog"}, "earliest_level": null}, {"move": {"name": "captivate"}, "earliest_level": null}, {"move": {"name": "ominous-wind"}, "earliest_level": null}, {"move": {"name": "hone-claws"}, "earliest_level": null}, {"move": {"name": "flame-burst"}, "earliest_level": 32}, {"move": {"name": "flame-charge"}, "earliest_level": null}, {"move": {"name": "round"}, "earliest_level": null}, {"move": {"name": "echoed-voice"}, "earliest_level": null}, {"move": {"name": "sky-drop"}, "earliest_level": null}, {"move": {"name": "incinerate"}, "earliest_level": null}, {"move": {"name": "acrobatics"}, "earliest_level": null}, {"move": {"name": "inferno"}, "earliest_level": 54}, {"move": {"name": "fire-pledge"}, "earliest_level": null}, {"move": {"name": "bulldoze"}, "earliest_level": null}, {"move": {"name": "dragon-tail"}, "earliest_level": null}, {"move": {"name": "work-up"}, "earliest_level": null}, {"move": {"name": "heat-crash"}, "earliest_level": null}, {"move": {"name": "hurricane"}, "earliest_level": null}, {"move": {"name": "confide"}, "earliest_level": null}, {"move": {"name": "mystical-fire"}, "earliest_level": null}, {"move": {"name": "power-up-punch"}, "earliest_level": null}, {"move": {"name": "brutal-swing"}, "earliest_level": null}, {"move": {"name": "breaking-swipe"}, "earliest_level": null}, {"move": {"name": "scale-shot"}, "earliest_level": null}, {"move": {"name": "dual-wingbeat"}, "earliest_level": null}, {"move": {"name": "scorching-sands"}, "earliest_level": null}, {"move": {"name": "tera-blast"}, "earliest_level": null}, {"move": {"name": "dragon-cheer"}, "earliest_level": null}, {"move": {"name": "temper-flare"}, "earliest_level": null}], "species": {"url": "https://pokeapi.co/api/v2/pokemon-species/6/"}, "height": 17, "weight": 905}