{"id": 894, "name": "regieleki", "types": [{"slot": 1, "type": {"name": "electric", "url": "https://pokeapi.co/api/v2/type/13/"}}], "stats": [{"base_stat": 80, "effort": 0, "stat": {"name": "hp", "url": "https://pokeapi.co/api/v2/stat/1/"}}, {"base_stat": 100, "effort": 0, "stat": {"name": "attack", "url": "https://pokeapi.co/api/v2/stat/2/"}}, {"base_stat": 50, "effort": 0, "stat": {"name": "defense", "url": "https://pokeapi.co/api/v2/stat/3/"}}, {"base_stat": 100, "effort": 0, "stat": {"name": "special-attack", "url": "https://pokeapi.co/api/v2/stat/4/"}}, {"base_stat": 50, "effort": 0, "stat": {"name": "special-defense", "url": "https://pokeapi.co/api/v2/stat/5/"}}, {"base_stat": 200, "effort": 3, "stat": {"name": "speed", "url": "https://pokeapi.co/api/v2/stat/6/"}}], "abilities": [{"ability": {"name": "transistor", "url": "https://pokeapi.co/api/v2/ability/262/"}, "is_hidden": false, "slot": 1}], "sprites": {"front_default": "https://raw.githubusercontent.com/PokeAPI/sprites/master/sprites/pokemon/894.png"}, "moves": [{"move": {"name": "body-slam"}, "earliest_level": null}, {"move": {"name": "take-down"}, "earliest_level": null}, {"move": {"name": "thrash"}, "earliest_level": 54}, {"move": {"name": "hyper-beam"}, "earliest_level": 72}, {"move": {"name": "thunder-shock"}, "earliest_level": 1}, {"move": {"name": "thunderbolt"}, "earliest_level": 42}, {"move": {"name": "thunder-wave"}, "earliest_level": 24}, {"move": {"name": "thunder"}, "earliest_level": null}, {"move": {"name": "agility"}, "earliest_level": null}, {"move": {"name": "screech"}, "earliest_level": null}, {"move": {"name": "light-screen"}, "earliest_level": null}, {"move": {"name": "reflect"}, "earliest_level": null}, {"move": {"name": "self-destruct"}, "earliest_level": null}, {"move": {"name": "swift"}, "earliest_level": null}, {"move": {"name": "explosion"}, "earliest_level": 78}, {"move": {"name": "rest"}, "earliest_level": null}, {"move": {"name": "substitute"}, "earliest_level": null}, {"move": {"name": "snore"}, "earliest_level": null}, {"move": {"name": "protect"}, "earliest_level": null}, {"move": {"name": "zap-cannon"}, "earliest_level": 66}, {"move": {"name": "lock-on"}, "earliest_level": 60}, {"move": {"name": "endure"}, "earliest_level": null}, {"move": {"name": "sleep-talk"}, "earliest_level": null}, {"move": {"name": "rapid-spin"}, "earliest_level": 1}, {"move": {"name": "rain-dance"}, "earliest_level": null}, {"move": {"name": "extreme-speed"}, "earliest_level": 30}, {"move": {"name": "ancient-power"}, "earliest_level": 12}, {"move": {"name": "facade"}, "earliest_level": null}, {"move": {"name": "charge"}, "earliest_level": null}, {"move": {"name": "bounce"}, "earliest_level": null}, {"move": {"name": "shock-wave"}, "earliest_level": 18}, {"move": {"name": "assurance"}, "earliest_level": null}, {"move": {"name": "magnet-rise"}, "earliest_level": 48}, {"move": {"name": "giga-impact"}, "earliest_level": null}, {"move": {"name": "charge-beam"}, "earliest_level": null}, {"move": {"name": "electro-ball"}, "earliest_level": null}, {"move": {"name": "round"}, "earliest_level": null}, {"move": {"name": "acrobatics"}, "earliest_level": null}, {"move": {"name": "volt-switch"}, "earliest_level": null}, {"move": {"name": "electroweb"}, "earliest_level": 6}, {"move": {"name": "wild-charge"}, "earliest_level": null}, {"move": {"name": "eerie-impulse"}, "earliest_level": null}, {"move": {"name": "electric-terrain"}, "earliest_level": null}, {"move": {"name": "rising-voltage"}, "earliest_level": null}, {"move": {"name": "thunder-cage"}, "earliest_level": 36}, {"move": {"name": "tera-blast"}, "earliest_level": null}, {"move": {"name": "supercell-slam"}, "earliest_level": null}], "species": {"url": "https://pokeapi.co/api/v2/pokemon-species/894/"}, "height": 12, "weight": 1450}