{"id": 684, "name": "swirlix", "types": [{"slot": 1, "type": {"name": "fairy", "url": "https://pokeapi.co/api/v2/type/18/"}}], "stats": [{"base_stat": 62, "effort": 0, "stat": {"name": "hp", "url": "https://pokeapi.co/api/v2/stat/1/"}}, {"base_stat": 48, "effort": 0, "stat": {"name": "attack", "url": "https://pokeapi.co/api/v2/stat/2/"}}, {"base_stat": 66, "effort": 1, "stat": {"name": "defense", "url": "https://pokeapi.co/api/v2/stat/3/"}}, {"base_stat": 59, "effort": 0, "stat": {"name": "special-attack", "url": "https://pokeapi.co/api/v2/stat/4/"}}, {"base_stat": 57, "effort": 0, "stat": {"name": "special-defense", "url": "https://pokeapi.co/api/v2/stat/5/"}}, {"base_stat": 49, "effort": 0, "stat": {"name": "speed", "url": "https://pokeapi.co/api/v2/stat/6/"}}], "abilities": [{"ability": {"name": "sweet-veil", "url": "https://pokeapi.co/api/v2/ability/175/"}, "is_hidden": false, "slot": 1}, {"ability": {"name": "unburden", "url": "https://pokeapi.co/api/v2/ability/84/"}, "is_hidden": true, "slot": 3}], "sprites": {"front_default": "https://raw.githubusercontent.com/PokeAPI/sprites/master/sprites/pokemon/684.png"}, "moves": [{"move": {"name": "tackle"}, "earliest_level": 1}, {"move": {"name": "flamethrower"}, "earliest_level": null}, {"move": {"name": "surf"}, "earliest_level": null}, {"move": {"name": "string-shot"}, "earliest_level": 21}, {"move": {"name": "thunderbolt"}, "earliest_level": null}, {"move": {"name": "toxic"}, "earliest_level": null}, {"move": {"name": "psychic"}, "earliest_level": null}, {"move": {"name": "double-team"}, "earliest_level": null}, {"move": {"name": "light-screen"}, "earliest_level": 58}, {"move": {"name": "amnesia"}, "earliest_level": null}, {"move": {"name": "dream-eater"}, "earliest_level": null}, {"move": {"name": "flash"}, "earliest_level": null}, {"move": {"name": "rest"}, "earliest_level": null}, {"move": {"name": "substitute"}, "earliest_level": null}, {"move": {"name": "thief"}, "earliest_level": null}, {"move": {"name": "snore"}, "earliest_level": null}, {"move": {"name": "cotton-spore"}, "earliest_level": 17}, {"move": {"name": "protect"}, "earliest_level": null}, {"move": {"name": "belly-drum"}, "earliest_level": null}, {"move": {"name": "endure"}, "earliest_level": null}, {"move": {"name": "charm"}, "earliest_level": null}, {"move": {"name": "swagger"}, "earliest_level": null}, {"move": {"name": "attract"}, "earliest_level": null}, {"move": {"name": "sleep-talk"}, "earliest_level": null}, {"move": {"name": "heal-bell"}, "earliest_level": null}, {"move": {"name": "return"}, "earliest_level": null}, {"move": {"name": "frustration"}, "earliest_level": null}, {"move": {"name": "safeguard"}, "earliest_level": 67}, {"move": {"name": "sweet-scent"}, "earliest_level": 1}, {"move": {"name": "hidden-power"}, "earliest_level": null}, {"move": {"name": "rain-dance"}, "earliest_level": null}, {"move": {"name": "sunny-day"}, "earliest_level": null}, {"move": {"name": "psych-up"}, "earliest_level": null}, {"move": {"name": "facade"}, "earliest_level": null}, {"move": {"name": "helping-hand"}, "earliest_level": null}, {"move": {"name": "wish"}, "earliest_level": 30}, {"move": {"name": "magic-coat"}, "earliest_level": null}, {"move": {"name": "yawn"}, "earliest_level": null}, {"move": {"name": "endeavor"}, "earliest_level": 21}, {"move": {"name": "secret-power"}, "earliest_level": null}, {"move": {"name": "aromatherapy"}, "earliest_level": 9}, {"move": {"name": "fake-tears"}, "earliest_level": 10}, {"move": {"name": "covet"}, "earliest_level": null}, {"move": {"name": "calm-mind"}, "earliest_level": null}, {"move": {"name": "gastro-acid"}, "earliest_level": null}, {"move": {"name": "copycat"}, "earliest_level": null}, {"move": {"name": "energy-ball"}, "earliest_level": 27}, {"move": {"name": "after-you"}, "earliest_level": null}, {"move": {"name": "round"}, "earliest_level": 13}, {"move": {"name": "cotton-guard"}, "earliest_level": 36}, {"move": {"name": "sticky-web"}, "earliest_level": null}, {"move": {"name": "draining-kiss"}, "earliest_level": 12}, {"move": {"name": "play-rough"}, "earliest_level": 33}, {"move": {"name": "fairy-wind"}, "earliest_level": 5}, {"move": {"name": "play-nice"}, "earliest_level": 3}, {"move": {"name": "confide"}, "earliest_level": null}, {"move": {"name": "dazzling-gleam"}, "earliest_level": null}, {"move": {"name": "misty-explosion"}, "earliest_level": null}], "species": {"url": "https://pokeapi.co/api/v2/pokemon-species/684/"}, "height": 4, "weight": 35}