{
  "base_happiness": 70,
  "capture_rate": 45,
  "color": {
    "name": "gray",
    "url": "https://pokeapi.co/api/v2/pokemon-color/4/"
  },
  "egg_groups": [
    {
      "name": "monster",
      "url": "https://pokeapi.co/api/v2/egg-group/1/"
    }
  ],
  "evolution_chain": {
    "url": "https://pokeapi.co/api/v2/evolution-chain/212/"
  },
  "evolves_from_species": null,
  "flavor_text_entries": [
    {
      "flavor_text": "A Pok\u00e9mon that lived in jungles\naround 100 million years ago. Its\nfacial hide is extremely hard.",
      "language": {
        "name": "en",
        "url": "https://pokeapi.co/api/v2/language/9/"
      },
      "version": {
        "name": "diamond",
        "url": "https://pokeapi.co/api/v2/version/12/"
      }
    },
    {
      "flavor_text": "It habitually polishes its face by\nrubbing it against tree trunks. It\nis weak to attacks from behind.",
      "language": {
        "name": "en",
        "url": "https://pokeapi.co/api/v2/language/9/"
      },
      "version": {
        "name": "pearl",
        "url": "https://pokeapi.co/api/v2/version/13/"
      }
    },
    {
      "flavor_text": "It is outstandingly armored. As a\nresult, it can eat grass and\nberries without having to fight.",
      "language": {
        "name": "en",
        "url": "https://pokeapi.co/api/v2/language/9/"
      },
      "version": {
        "name": "platinum",
        "url": "https://pokeapi.co/api/v2/version/14/"
      }
    },
    {
      "flavor_text": "It was generated from a fossil dug out\nof a layer of clay that was older than\nanyone knows. It has a sturdy face.",
      "language": {
        "name": "en",
        "url": "https://pokeapi.co/api/v2/language/9/"
      },
      "version": {
        "name": "heartgold",
        "url": "https://pokeapi.co/api/v2/version/15/"
      }
    },
    {
      "flavor_text": "It was generated from a fossil dug out\nof a layer of clay that was older than\nanyone knows. It has a sturdy face.",
      "language": {
        "name": "en",
        "url": "https://pokeapi.co/api/v2/language/9/"
      },
      "version": {
        "name": "soulsilver",
        "url": "https://pokeapi.co/api/v2/version/16/"
      }
    },
    {
      "flavor_text": "Il est si bien prot\u00e9g\u00e9 qu\u2019il peut\nd\u00e9guster Baies et herbe fra\u00eeche\nsans craindre de pr\u00e9dateurs.",
      "language": {
        "name": "fr",
        "url": "https://pokeapi.co/api/v2/language/5/"
      },
      "version": {
        "name": "black",
        "url": "https://pokeapi.co/api/v2/version/17/"
      }
    },
    {
      "flavor_text": "It is outstandingly armored. As a\nresult, it can eat grass and\nberries without having to fight.",
      "language": {
        "name": "en",
        "url": "https://pokeapi.co/api/v2/language/9/"
      },
      "version": {
        "name": "black",
        "url": "https://pokeapi.co/api/v2/version/17/"
      }
    },
    {
      "flavor_text": "Il est si bien prot\u00e9g\u00e9 qu\u2019il peut\nd\u00e9guster Baies et herbe fra\u00eeche\nsans craindre de pr\u00e9dateurs.",
      "language": {
        "name": "fr",
        "url": "https://pokeapi.co/api/v2/language/5/"
      },
      "version": {
        "name": "white",
        "url": "https://pokeapi.co/api/v2/version/18/"
      }
    },
    {
      "flavor_text": "It is outstandingly armored. As a\nresult, it can eat grass and\nberries without having to fight.",
      "language": {
        "name": "en",
        "url": "https://pokeapi.co/api/v2/language/9/"
      },
      "version": {
        "name": "white",
        "url": "https://pokeapi.co/api/v2/version/18/"
      }
    },
    {
      "flavor_text": "It is outstandingly armored. As a\nresult, it can eat grass and\nberries without having to fight.",
      "language": {
        "name": "en",
        "url": "https://pokeapi.co/api/v2/language/9/"
      },
      "version": {
        "name": "black-2",
        "url": "https://pokeapi.co/api/v2/version/21/"
      }
    },
    {
      "flavor_text": "It is outstandingly armored. As a\nresult, it can eat grass and\nberries without having to fight.",
      "language": {
        "name": "en",
        "url": "https://pokeapi.co/api/v2/language/9/"
      },
      "version": {
        "name": "white-2",
        "url": "https://pokeapi.co/api/v2/version/22/"
      }
    },
    {
      "flavor_text": "\u305f\u3044\u307c\u304f\u306e\u3000\u307f\u304d\u306b\u3000\u3053\u3059\u308a\u3064\u3051\u3066\n\u304b\u305f\u3044\u3000\u304b\u304a\u3092\u3000\u307f\u304c\u304f\u3000\u3057\u3085\u3046\u305b\u3044\u3002\n\u3046\u3057\u308d\u304b\u3089\u306e\u3000\u3053\u3046\u3052\u304d\u306b\u3000\u3088\u308f\u3044\u3002",
      "language": {
        "name": "ja-Hrkt",
        "url": "https://pokeapi.co/api/v2/language/1/"
      },
      "version": {
        "name": "x",
        "url": "https://pokeapi.co/api/v2/version/23/"
      }
    },
    {
      "flavor_text": "\ud070 \ub098\ubb34\uc758 \uc904\uae30\uc5d0 \ube44\ubcbc\uc11c\n\ub2e8\ub2e8\ud55c \uc5bc\uad74\uc744 \ub2e6\ub294 \uc2b5\uc131\uc774 \uc788\ub2e4.\n\ub4a4\ub85c\ubd80\ud130\uc758 \uacf5\uaca9\uc5d0 \uc57d\ud558\ub2e4.",
      "language": {
        "name": "ko",
        "url": "https://pokeapi.co/api/v2/language/3/"
      },
      "version": {
        "name": "x",
        "url": "https://pokeapi.co/api/v2/version/23/"
      }
    },
    {
      "flavor_text": "Il a l\u2019habitude de polir son visage en le frottant contre\nun tronc. Il craint les attaques dans le dos.",
      "language": {
        "name": "fr",
        "url": "https://pokeapi.co/api/v2/language/5/"
      },
      "version": {
        "name": "x",
        "url": "https://pokeapi.co/api/v2/version/23/"
      }
    },
    {
      "flavor_text": "Es reibt sein Gesicht an Baumst\u00e4mmen, um es zu\npolieren. Es ist leicht, es von hinten anzugreifen.",
      "language": {
        "name": "de",
        "url": "https://pokeapi.co/api/v2/language/6/"
      },
      "version": {
        "name": "x",
        "url": "https://pokeapi.co/api/v2/version/23/"
      }
    },
    {
      "flavor_text": "Se abrillanta la cara frot\u00e1ndola contra los \u00e1rboles.\nEs vulnerable a los ataques por la espalda.",
      "language": {
        "name": "es",
        "url": "https://pokeapi.co/api/v2/language/7/"
      },
      "version": {
        "name": "x",
        "url": "https://pokeapi.co/api/v2/version/23/"
      }
    },
    {
      "flavor_text": "Si pulisce il muso strofinandolo contro i tronchi\ndegli alberi. \u00c8 vulnerabile agli attacchi alle spalle.",
      "language": {
        "name": "it",
        "url": "https://pokeapi.co/api/v2/language/8/"
      },
      "version": {
        "name": "x",
        "url": "https://pokeapi.co/api/v2/version/23/"
      }
    },
    {
      "flavor_text": "It habitually polishes its face by rubbing it against\ntree trunks. It is weak to attacks from behind.",
      "language": {
        "name": "en",
        "url": "https://pokeapi.co/api/v2/language/9/"
      },
      "version": {
        "name": "x",
        "url": "https://pokeapi.co/api/v2/version/23/"
      }
    },
    {
      "flavor_text": "\u5927\u6728\u306e\u3000\u5e79\u306b\u3000\u3053\u3059\u308a\u3064\u3051\u3066\n\u786c\u3044\u3000\u9854\u3092\u3000\u78e8\u304f\u3000\u7fd2\u6027\u3002\n\u5f8c\u308d\u304b\u3089\u306e\u3000\u653b\u6483\u306b\u3000\u5f31\u3044\u3002",
      "language": {
        "name": "ja",
        "url": "https://pokeapi.co/api/v2/language/11/"
      },
      "version": {
        "name": "x",
        "url": "https://pokeapi.co/api/v2/version/23/"
      }
    },
    {
      "flavor_text": "\uff11\u304a\u304f\u306d\u3093\u307e\u3048\u306e\u3000\u3061\u305d\u3046\u3000\u304b\u3089\n\u307b\u308a\u3060\u3055\u308c\u305f\u3000\u304b\u305b\u304d\u304b\u3089\u3000\u3046\u307e\u308c\u305f\u3002\n\u3068\u3066\u3082\u3000\u304c\u3093\u3058\u3087\u3046\u306a\u3000\u304b\u304a\u3092\u3000\u3082\u3064\u3002",
      "language": {
        "name": "ja-Hrkt",
        "url": "https://pokeapi.co/api/v2/language/1/"
      },
      "version": {
        "name": "y",
        "url": "https://pokeapi.co/api/v2/version/24/"
      }
    },
    {
      "flavor_text": "1\uc5b5 \ub144 \uc804\uc758 \uc9c0\uce35\uc5d0\uc11c\n\ubc1c\uad74\ub41c \ud654\uc11d\uc5d0\uc11c \ud0dc\uc5b4\ub0ac\ub2e4.\n\ub9e4\uc6b0 \ud2bc\ud2bc\ud55c \uc5bc\uad74\uc744 \uac00\uc84c\ub2e4.",
      "language": {
        "name": "ko",
        "url": "https://pokeapi.co/api/v2/language/3/"
      },
      "version": {
        "name": "y",
        "url": "https://pokeapi.co/api/v2/version/24/"
      }
    },
    {
      "flavor_text": "Il est n\u00e9 d\u2019un fossile datant de 100 millions d\u2019ann\u00e9es.\nSon visage est tr\u00e8s dur.",
      "language": {
        "name": "fr",
        "url": "https://pokeapi.co/api/v2/language/5/"
      },
      "version": {
        "name": "y",
        "url": "https://pokeapi.co/api/v2/version/24/"
      }
    },
    {
      "flavor_text": "Das Fossil, aus dem es entstand, wurde aus einer\n100 Millionen Jahre alten Gesteinsschicht geborgen.",
      "language": {
        "name": "de",
        "url": "https://pokeapi.co/api/v2/language/6/"
      },
      "version": {
        "name": "y",
        "url": "https://pokeapi.co/api/v2/version/24/"
      }
    },
    {
      "flavor_text": "Surgi\u00f3 de un f\u00f3sil de hace 100 millones de a\u00f1os.\nSu protecci\u00f3n facial es tremendamente dura.",
      "language": {
        "name": "es",
        "url": "https://pokeapi.co/api/v2/language/7/"
      },
      "version": {
        "name": "y",
        "url": "https://pokeapi.co/api/v2/version/24/"
      }
    },
    {
      "flavor_text": "Nato da un fossile portato alla luce da uno strato di\n100 milioni di anni fa. Ha un muso resistente.",
      "language": {
        "name": "it",
        "url": "https://pokeapi.co/api/v2/language/8/"
      },
      "version": {
        "name": "y",
        "url": "https://pokeapi.co/api/v2/version/24/"
      }
    },
    {
      "flavor_text": "It was generated from a fossil dug out of a layer of\nclay that was older than anyone knows. It has a\nsturdy face.",
      "language": {
        "name": "en",
        "url": "https://pokeapi.co/api/v2/language/9/"
      },
      "version": {
        "name": "y",
        "url": "https://pokeapi.co/api/v2/version/24/"
      }
    },
    {
      "flavor_text": "\uff11\u5104\u5e74\u524d\u306e\u3000\u5730\u5c64\u304b\u3089\n\u6398\u308a\u51fa\u3055\u308c\u305f\u3000\u5316\u77f3\u304b\u3089\u3000\u751f\u307e\u308c\u305f\u3002\n\u3068\u3066\u3082\u3000\u9811\u4e08\u306a\u3000\u9854\u3092\u3000\u6301\u3064\u3002",
      "language": {
        "name": "ja",
        "url": "https://pokeapi.co/api/v2/language/11/"
      },
      "version": {
        "name": "y",
        "url": "https://pokeapi.co/api/v2/version/24/"
      }
    },
    {
      "flavor_text": "\u305f\u3044\u307c\u304f\u306e\u3000\u307f\u304d\u306b\u3000\u3053\u3059\u308a\u3064\u3051\u3066\n\u304b\u305f\u3044\u3000\u304b\u304a\u3092\u3000\u307f\u304c\u304f\u3000\u3057\u3085\u3046\u305b\u3044\u3002\n\u3046\u3057\u308d\u304b\u3089\u306e\u3000\u3053\u3046\u3052\u304d\u306b\u3000\u3088\u308f\u3044\u3002",
      "language": {
        "name": "ja-Hrkt",
        "url": "https://pokeapi.co/api/v2/language/1/"
      },
      "version": {
        "name": "omega-ruby",
        "url": "https://pokeapi.co/api/v2/version/25/"
      }
    },
    {
      "flavor_text": "\ud070 \ub098\ubb34\uc758 \uc904\uae30\uc5d0 \ube44\ubcbc\uc11c\n\ub2e8\ub2e8\ud55c \uc5bc\uad74\uc744 \ub2e6\ub294 \uc2b5\uc131\uc774 \uc788\ub2e4.\n\ub4a4\ub85c\ubd80\ud130\uc758 \uacf5\uaca9\uc5d0 \uc57d\ud558\ub2e4.",
      "language": {
        "name": "ko",
        "url": "https://pokeapi.co/api/v2/language/3/"
      },
      "version": {
        "name": "omega-ruby",
        "url": "https://pokeapi.co/api/v2/version/25/"
      }
    },
    {
      "flavor_text": "Il a l\u2019habitude de polir son visage en le frottant contre\nun tronc. Il craint les attaques dans le dos.",
      "language": {
        "name": "fr",
        "url": "https://pokeapi.co/api/v2/language/5/"
      },
      "version": {
        "name": "omega-ruby",
        "url": "https://pokeapi.co/api/v2/version/25/"
      }
    },
    {
      "flavor_text": "Es reibt sein Gesicht an Baumst\u00e4mmen, um es zu polieren.\nEs ist leicht, es von hinten anzugreifen.",
      "language": {
        "name": "de",
        "url": "https://pokeapi.co/api/v2/language/6/"
      },
      "version": {
        "name": "omega-ruby",
        "url": "https://pokeapi.co/api/v2/version/25/"
      }
    },
    {
      "flavor_text": "Se abrillanta la cara frot\u00e1ndola contra los \u00e1rboles. Es\nvulnerable a los ataques por la espalda.",
      "language": {
        "name": "es",
        "url": "https://pokeapi.co/api/v2/language/7/"
      },
      "version": {
        "name": "omega-ruby",
        "url": "https://pokeapi.co/api/v2/version/25/"
      }
    },
    {
      "flavor_text": "Si pulisce il muso strofinandolo contro i tronchi degli alberi.\n\u00c8 vulnerabile agli attacchi alle spalle.",
      "language": {
        "name": "it",
        "url": "https://pokeapi.co/api/v2/language/8/"
      },
      "version": {
        "name": "omega-ruby",
        "url": "https://pokeapi.co/api/v2/version/25/"
      }
    },
    {
      "flavor_text": "It habitually polishes its face by rubbing it against\ntree trunks. It is weak to attacks from behind.",
      "language": {
        "name": "en",
        "url": "https://pokeapi.co/api/v2/language/9/"
      },
      "version": {
        "name": "omega-ruby",
        "url": "https://pokeapi.co/api/v2/version/25/"
      }
    },
    {
      "flavor_text": "\u5927\u6728\u306e\u3000\u5e79\u306b\u3000\u3053\u3059\u308a\u3064\u3051\u3066\n\u786c\u3044\u3000\u9854\u3092\u3000\u78e8\u304f\u3000\u7fd2\u6027\u3002\n\u5f8c\u308d\u304b\u3089\u306e\u3000\u653b\u6483\u306b\u3000\u5f31\u3044\u3002",
      "language": {
        "name": "ja",
        "url": "https://pokeapi.co/api/v2/language/11/"
      },
      "version": {
        "name": "omega-ruby",
        "url": "https://pokeapi.co/api/v2/version/25/"
      }
    },
    {
      "flavor_text": "\uff11\u304a\u304f\u306d\u3093\u307e\u3048\u306e\u3000\u3061\u305d\u3046\u3000\u304b\u3089\n\u307b\u308a\u3060\u3055\u308c\u305f\u3000\u304b\u305b\u304d\u304b\u3089\u3000\u3046\u307e\u308c\u305f\u3002\n\u3068\u3066\u3082\u3000\u304c\u3093\u3058\u3087\u3046\u306a\u3000\u304b\u304a\u3092\u3000\u3082\u3064\u3002",
      "language": {
        "name": "ja-Hrkt",
        "url": "https://pokeapi.co/api/v2/language/1/"
      },
      "version": {
        "name": "alpha-sapphire",
        "url": "https://pokeapi.co/api/v2/version/26/"
      }
    },
    {
      "flavor_text": "1\uc5b5 \ub144 \uc804\uc758 \uc9c0\uce35\uc5d0\uc11c\n\ubc1c\uad74\ub41c \ud654\uc11d\uc5d0\uc11c \ud0dc\uc5b4\ub0ac\ub2e4.\n\ub9e4\uc6b0 \ud2bc\ud2bc\ud55c \uc5bc\uad74\uc744 \uac00\uc84c\ub2e4.",
      "language": {
        "name": "ko",
        "url": "https://pokeapi.co/api/v2/language/3/"
      },
      "version": {
        "name": "alpha-sapphire",
        "url": "https://pokeapi.co/api/v2/version/26/"
      }
    },
    {
      "flavor_text": "Il est n\u00e9 d\u2019un fossile datant de 100 millions d\u2019ann\u00e9es.\nSon visage est tr\u00e8s dur.",
      "language": {
        "name": "fr",
        "url": "https://pokeapi.co/api/v2/language/5/"
      },
      "version": {
        "name": "alpha-sapphire",
        "url": "https://pokeapi.co/api/v2/version/26/"
      }
    },
    {
      "flavor_text": "Das Fossil, aus dem es entstand, wurde aus einer\n100 Millionen Jahre alten Gesteinsschicht geborgen.",
      "language": {
        "name": "de",
        "url": "https://pokeapi.co/api/v2/language/6/"
      },
      "version": {
        "name": "alpha-sapphire",
        "url": "https://pokeapi.co/api/v2/version/26/"
      }
    },
    {
      "flavor_text": "Surgi\u00f3 de un f\u00f3sil de hace 100 millones de a\u00f1os.\nSu protecci\u00f3n facial es tremendamente dura.",
      "language": {
        "name": "es",
        "url": "https://pokeapi.co/api/v2/language/7/"
      },
      "version": {
        "name": "alpha-sapphire",
        "url": "https://pokeapi.co/api/v2/version/26/"
      }
    },
    {
      "flavor_text": "Nato da un fossile portato alla luce da uno strato di\n100 milioni di anni fa. Ha un muso resistente.",
      "language": {
        "name": "it",
        "url": "https://pokeapi.co/api/v2/language/8/"
      },
      "version": {
        "name": "alpha-sapphire",
        "url": "https://pokeapi.co/api/v2/version/26/"
      }
    },
    {
      "flavor_text": "It was generated from a fossil dug out of a layer of\nclay that was older than anyone knows. It has a\nsturdy face.",
      "language": {
        "name": "en",
        "url": "https://pokeapi.co/api/v2/language/9/"
      },
      "version": {
        "name": "alpha-sapphire",
        "url": "https://pokeapi.co/api/v2/version/26/"
      }
    },
    {
      "flavor_text": "\uff11\u5104\u5e74\u524d\u306e\u3000\u5730\u5c64\u304b\u3089\n\u6398\u308a\u51fa\u3055\u308c\u305f\u3000\u5316\u77f3\u304b\u3089\u3000\u751f\u307e\u308c\u305f\u3002\n\u3068\u3066\u3082\u3000\u9811\u4e08\u306a\u3000\u9854\u3092\u3000\u6301\u3064\u3002",
      "language": {
        "name": "ja",
        "url": "https://pokeapi.co/api/v2/language/11/"
      },
      "version": {
        "name": "alpha-sapphire",
        "url": "https://pokeapi.co/api/v2/version/26/"
      }
    },
    {
      "flavor_text": "\u304a\u304a\u304f\u306e\u3000\u304b\u305b\u304d\u304c\u3000\u307f\u3064\u304b\u3063\u3066\u3044\u308b\u304c\n\u304b\u304a\u306e\u3000\u3076\u3076\u3093\u304c\u3000\u304d\u305a\u3064\u3044\u3066\u3044\u305f\u308a\n\u304b\u3051\u3066\u3044\u308b\u3082\u306e\u306f\u3000\u307b\u307c\u3000\u306a\u3044\u3002",
      "language": {
        "name": "ja-Hrkt",
        "url": "https://pokeapi.co/api/v2/language/1/"
      },
      "version": {
        "name": "sun",
        "url": "https://pokeapi.co/api/v2/version/27/"
      }
    },
    {
      "flavor_text": "\ub9ce\uc740 \ud654\uc11d\uc774 \ubc1c\uacac\ub418\uc5c8\uc9c0\ub9cc\n\uc5bc\uad74 \ubd80\ubd84\uc5d0 \uc0c1\ucc98\uac00 \uc788\uac70\ub098\n\uc774\uac00 \ube60\uc838 \uc788\ub294 \uac83\uc740 \uac70\uc758 \uc5c6\ub2e4.",
      "language": {
        "name": "ko",
        "url": "https://pokeapi.co/api/v2/language/3/"
      },
      "version": {
        "name": "sun",
        "url": "https://pokeapi.co/api/v2/version/27/"
      }
    },
    {
      "flavor_text": "\u5927\u91cf\u7684\u5316\u77f3\u88ab\u767c\u73fe\uff0c\n\u4f46\u5e7e\u4e4e\u6240\u6709\u5316\u77f3\n\u81c9\u7684\u90e8\u4f4d\u90fd\u6c92\u6709\u4efb\u4f55\u640d\u50b7\u6216\u7f3a\u5931\u3002",
      "language": {
        "name": "zh-Hant",
        "url": "https://pokeapi.co/api/v2/language/4/"
      },
      "version": {
        "name": "sun",
        "url": "https://pokeapi.co/api/v2/version/27/"
      }
    },
    {
      "flavor_text": "Dans les nombreux fossiles trouv\u00e9s, presque\naucune plaque faciale ne porte de trace de\nblessure ou d\u2019\u00e9br\u00e9chure.",
      "language": {
        "name": "fr",
        "url": "https://pokeapi.co/api/v2/language/5/"
      },
      "version": {
        "name": "sun",
        "url": "https://pokeapi.co/api/v2/version/27/"
      }
    },
    {
      "flavor_text": "Es wurden viele Fossilien dieses Pok\u00e9mon\ngefunden und nur bei sehr wenigen war\ndas Gesicht besch\u00e4digt oder fehlte ganz.",
      "language": {
        "name": "de",
        "url": "https://pokeapi.co/api/v2/language/6/"
      },
      "version": {
        "name": "sun",
        "url": "https://pokeapi.co/api/v2/version/27/"
      }
    },
    {
      "flavor_text": "Se han encontrado innumerables f\u00f3siles de este\nPok\u00e9mon y pr\u00e1cticamente ninguno presenta\nda\u00f1os en la parte facial.",
      "language": {
        "name": "es",
        "url": "https://pokeapi.co/api/v2/language/7/"
      },
      "version": {
        "name": "sun",
        "url": "https://pokeapi.co/api/v2/version/27/"
      }
    },
    {
      "flavor_text": "Tutti gli esemplari fossilizzati di questo\nPok\u00e9mon sono perfettamente conservati nella\nzona del muso, priva di qualsiasi scalfittura.",
      "language": {
        "name": "it",
        "url": "https://pokeapi.co/api/v2/language/8/"
      },
      "version": {
        "name": "sun",
        "url": "https://pokeapi.co/api/v2/version/27/"
      }
    },
    {
      "flavor_text": "Many fossils of this Pok\u00e9mon have been found,\nbut almost none have shown signs of damage\nto the face.",
      "language": {
        "name": "en",
        "url": "https://pokeapi.co/api/v2/language/9/"
      },
      "version": {
        "name": "sun",
        "url": "https://pokeapi.co/api/v2/version/27/"
      }
    },
    {
      "flavor_text": "\u591a\u304f\u306e\u3000\u5316\u77f3\u304c\u3000\u307f\u3064\u304b\u3063\u3066\u3044\u308b\u304c\n\u9854\u306e\u3000\u90e8\u5206\u304c\u3000\u50b7\u3064\u3044\u3066\u3044\u305f\u308a\n\u6b20\u3051\u3066\u3044\u308b\u3082\u306e\u306f\u3000\u307b\u307c\u3000\u306a\u3044\u3002",
      "language": {
        "name": "ja",
        "url": "https://pokeapi.co/api/v2/language/11/"
      },
      "version": {
        "name": "sun",
        "url": "https://pokeapi.co/api/v2/version/27/"
      }
    },
    {
      "flavor_text": "\u5927\u91cf\u7684\u5316\u77f3\u88ab\u53d1\u73b0\uff0c\n\u4f46\u662f\u51e0\u4e4e\u6ca1\u6709\n\u8138\u7684\u90e8\u5206\u6709\u635f\u4f24\u6216\u7f3a\u5931\u7684\u60c5\u51b5\u3002",
      "language": {
        "name": "zh-Hans",
        "url": "https://pokeapi.co/api/v2/language/12/"
      },
      "version": {
        "name": "sun",
        "url": "https://pokeapi.co/api/v2/version/27/"
      }
    },
    {
      "flavor_text": "\u304c\u3093\u3058\u3087\u3046\u306a\u3000\u304b\u304a\u306e\u3000\u304a\u304b\u3052\u3067\n\u3066\u304d\u306f\u3000\u3059\u304f\u306a\u304b\u3063\u305f\u3068\u3000\u304a\u3082\u308f\u308c\u308b\u3002\n\u305f\u3044\u3053\u306e\u3000\u30b8\u30e3\u30f3\u30b0\u30eb\u306b\u3000\u3059\u3093\u3067\u3044\u305f\u3002",
      "language": {
        "name": "ja-Hrkt",
        "url": "https://pokeapi.co/api/v2/language/1/"
      },
      "version": {
        "name": "moon",
        "url": "https://pokeapi.co/api/v2/version/28/"
      }
    },
    {
      "flavor_text": "\ud2bc\ud2bc\ud55c \uc5bc\uad74 \ub355\ubd84\uc5d0\n\uc801\uc740 \uc801\uc5c8\uc744 \uac83\uc73c\ub85c \uc5ec\uaca8\uc9c4\ub2e4.\n\ud0dc\uace0\uc758 \uc815\uae00\uc5d0 \uc0b4\uc558\ub2e4.",
      "language": {
        "name": "ko",
        "url": "https://pokeapi.co/api/v2/language/3/"
      },
      "version": {
        "name": "moon",
        "url": "https://pokeapi.co/api/v2/version/28/"
      }
    },
    {
      "flavor_text": "\u591a\u8667\u90a3\u5f35\u7d50\u5be6\u7684\u81c9\uff0c\n\u7260\u7684\u6575\u4eba\u61c9\u8a72\u4e0d\u591a\u3002\n\u68f2\u606f\u5728\u592a\u53e4\u6642\u4ee3\u7684\u53e2\u6797\u88e1\u3002",
      "language": {
        "name": "zh-Hant",
        "url": "https://pokeapi.co/api/v2/language/4/"
      },
      "version": {
        "name": "moon",
        "url": "https://pokeapi.co/api/v2/version/28/"
      }
    },
    {
      "flavor_text": "Gr\u00e2ce \u00e0 sa t\u00eate tr\u00e8s robuste, on suppose qu\u2019il\nn\u2019avait que tr\u00e8s peu d\u2019ennemis. Il vivait dans les\nfor\u00eats primaires, il y a fort longtemps.",
      "language": {
        "name": "fr",
        "url": "https://pokeapi.co/api/v2/language/5/"
      },
      "version": {
        "name": "moon",
        "url": "https://pokeapi.co/api/v2/version/28/"
      }
    },
    {
      "flavor_text": "Man nimmt an, dass es dank seines\ngepanzerten Gesichts kaum Feinde hatte.\nEs lebte vor Urzeiten im Dschungel.",
      "language": {
        "name": "de",
        "url": "https://pokeapi.co/api/v2/language/6/"
      },
      "version": {
        "name": "moon",
        "url": "https://pokeapi.co/api/v2/version/28/"
      }
    },
    {
      "flavor_text": "Debido a la extraordinaria dureza de su rostro,\nse piensa que ten\u00eda pocos enemigos. Viv\u00eda en las\njunglas prehist\u00f3ricas.",
      "language": {
        "name": "es",
        "url": "https://pokeapi.co/api/v2/language/7/"
      },
      "version": {
        "name": "moon",
        "url": "https://pokeapi.co/api/v2/version/28/"
      }
    },
    {
      "flavor_text": "Viveva nelle giungle preistoriche. Si pensa\nche avesse pochi predatori per via del muso\nincredibilmente robusto.",
      "language": {
        "name": "it",
        "url": "https://pokeapi.co/api/v2/language/8/"
      },
      "version": {
        "name": "moon",
        "url": "https://pokeapi.co/api/v2/version/28/"
      }
    },
    {
      "flavor_text": "This Pok\u00e9mon lived in primeval jungles. Few\nenemies would have been willing to square off\nagainst its heavily armored face, so it\u2019s thought.",
      "language": {
        "name": "en",
        "url": "https://pokeapi.co/api/v2/language/9/"
      },
      "version": {
        "name": "moon",
        "url": "https://pokeapi.co/api/v2/version/28/"
      }
    },
    {
      "flavor_text": "\u9811\u4e08\u306a\u3000\u9854\u306e\u3000\u304a\u304b\u3052\u3067\n\u6575\u306f\u3000\u5c11\u306a\u304b\u3063\u305f\u3068\u3000\u601d\u308f\u308c\u308b\u3002\n\u592a\u53e4\u306e\u3000\u30b8\u30e3\u30f3\u30b0\u30eb\u306b\u3000\u68f2\u3093\u3067\u3044\u305f\u3002",
      "language": {
        "name": "ja",
        "url": "https://pokeapi.co/api/v2/language/11/"
      },
      "version": {
        "name": "moon",
        "url": "https://pokeapi.co/api/v2/version/28/"
      }
    },
    {
      "flavor_text": "\u770b\u6765\u591a\u4e8f\u4e86\u90a3\u5f20\u7ed3\u5b9e\u7684\u8138\uff0c\n\u654c\u4eba\u4e5f\u5c11\u4e86\u3002\n\u6816\u606f\u5728\u592a\u53e4\u65f6\u4ee3\u7684\u4e1b\u6797\u91cc\u3002",
      "language": {
        "name": "zh-Hans",
        "url": "https://pokeapi.co/api/v2/language/12/"
      },
      "version": {
        "name": "moon",
        "url": "https://pokeapi.co/api/v2/version/28/"
      }
    },
    {
      "flavor_text": "\u305d\u3046\u3057\u3087\u304f\u306e\u3000\u304a\u3068\u306a\u3057\u3044\u3000\u30dd\u30b1\u30e2\u30f3\u3002\n\u3058\u3087\u3046\u3076\u306a\u3000\u304b\u304a\u306e\u3000\u3072\u3075\u3067\u3000\u3058\u3081\u3093\u3092\n\u307b\u308a\u3000\u304d\u306e\u306d\u3063\u3053\u306a\u3069\u3082\u3000\u304f\u3063\u3066\u3044\u305f\u3002",
      "language": {
        "name": "ja-Hrkt",
        "url": "https://pokeapi.co/api/v2/language/1/"
      },
      "version": {
        "name": "ultra-sun",
        "url": "https://pokeapi.co/api/v2/version/29/"
      }
    },
    {
      "flavor_text": "\uc628\uc21c\ud55c \ucd08\uc2dd \ud3ec\ucf13\ubaac.\n\ud2bc\ud2bc\ud55c \uc5bc\uad74 \ud53c\ubd80\ub85c \uc9c0\uba74\uc744\n\ud30c\uace0\ub4e4\uc5b4 \ub098\ubb34 \ubfcc\ub9ac\ub3c4 \uba39\uc5c8\ub2e4.",
      "language": {
        "name": "ko",
        "url": "https://pokeapi.co/api/v2/language/3/"
      },
      "version": {
        "name": "ultra-sun",
        "url": "https://pokeapi.co/api/v2/version/29/"
      }
    },
    {
      "flavor_text": "\u8349\u98df\u6027\u7684\u6eab\u99b4\u5bf6\u53ef\u5922\u3002\n\u6703\u7528\u7d50\u5be6\u7684\u81c9\u90e8\u76ae\u819a\u6316\u6398\u5730\u9762\uff0c\n\u9023\u6a39\u6839\u4e4b\u985e\u7684\u6771\u897f\u4e5f\u6703\u5403\u3002",
      "language": {
        "name": "zh-Hant",
        "url": "https://pokeapi.co/api/v2/language/4/"
      },
      "version": {
        "name": "ultra-sun",
        "url": "https://pokeapi.co/api/v2/version/29/"
      }
    },
    {
      "flavor_text": "Cet herbivore, tr\u00e8s calme de nature, utilisait\nla peau durcie de son museau pour d\u00e9terrer\ndes racines \u00e0 grignoter.",
      "language": {
        "name": "fr",
        "url": "https://pokeapi.co/api/v2/language/5/"
      },
      "version": {
        "name": "ultra-sun",
        "url": "https://pokeapi.co/api/v2/version/29/"
      }
    },
    {
      "flavor_text": "Ein friedliches, pflanzenfressendes Pok\u00e9mon.\nMit seiner harten Gesichtshaut w\u00fchlte es im\nBoden und fra\u00df Baumwurzeln.",
      "language": {
        "name": "de",
        "url": "https://pokeapi.co/api/v2/language/6/"
      },
      "version": {
        "name": "ultra-sun",
        "url": "https://pokeapi.co/api/v2/version/29/"
      }
    },
    {
      "flavor_text": "Un Pok\u00e9mon herb\u00edvoro de car\u00e1cter afable.\nCon su dura protecci\u00f3n facial pod\u00eda desenterrar\nlas ra\u00edces de los \u00e1rboles para com\u00e9rselas.",
      "language": {
        "name": "es",
        "url": "https://pokeapi.co/api/v2/language/7/"
      },
      "version": {
        "name": "ultra-sun",
        "url": "https://pokeapi.co/api/v2/version/29/"
      }
    },
    {
      "flavor_text": "Era un docile Pok\u00e9mon erbivoro. Si serviva del\nmuso protetto dalla pelle coriacea per scavare\nnel terreno e mangiare le radici degli alberi.",
      "language": {
        "name": "it",
        "url": "https://pokeapi.co/api/v2/language/8/"
      },
      "version": {
        "name": "ultra-sun",
        "url": "https://pokeapi.co/api/v2/version/29/"
      }
    },
    {
      "flavor_text": "A mild-mannered, herbivorous Pok\u00e9mon, it used\nits face to dig up tree roots to eat. The skin on\nits face was plenty tough.",
      "language": {
        "name": "en",
        "url": "https://pokeapi.co/api/v2/language/9/"
      },
      "version": {
        "name": "ultra-sun",
        "url": "https://pokeapi.co/api/v2/version/29/"
      }
    },
    {
      "flavor_text": "\u8349\u98df\u306e\u3000\u304a\u3068\u306a\u3057\u3044\u3000\u30dd\u30b1\u30e2\u30f3\u3002\n\u4e08\u592b\u306a\u3000\u9854\u306e\u3000\u76ae\u819a\u3067\u3000\u5730\u9762\u3092\n\u6398\u308a\u3000\u6728\u306e\u6839\u3063\u3053\u306a\u3069\u3082\u3000\u98df\u3063\u3066\u3044\u305f\u3002",
      "language": {
        "name": "ja",
        "url": "https://pokeapi.co/api/v2/language/11/"
      },
      "version": {
        "name": "ultra-sun",
        "url": "https://pokeapi.co/api/v2/version/29/"
      }
    },
    {
      "flavor_text": "\u98df\u8349\u7684\u6e29\u987a\u5b9d\u53ef\u68a6\u3002\n\u7528\u7ed3\u5b9e\u7684\u8138\u90e8\u76ae\u80a4\u6316\u6398\u5730\u9762\uff0c\n\u8fde\u6811\u6839\u4e4b\u7c7b\u7684\u4e5f\u4f1a\u5403\u3002",
      "language": {
        "name": "zh-Hans",
        "url": "https://pokeapi.co/api/v2/language/12/"
      },
      "version": {
        "name": "ultra-sun",
        "url": "https://pokeapi.co/api/v2/version/29/"
      }
    },
    {
      "flavor_text": "\u305f\u3044\u3053\u306e\u3000\u3061\u305d\u3046\u304b\u3089\u3000\u304b\u305b\u304d\u304c\n\u307f\u3064\u304b\u308b\u304c\u3000\u304b\u304a\u306e\u3000\u3076\u3076\u3093\u3000\u3044\u304c\u3044\u304c\n\u306f\u3063\u3051\u3093\u3000\u3055\u308c\u305f\u3053\u3068\u306f\u3000\u306a\u3044\u3002",
      "language": {
        "name": "ja-Hrkt",
        "url": "https://pokeapi.co/api/v2/language/1/"
      },
      "version": {
        "name": "ultra-moon",
        "url": "https://pokeapi.co/api/v2/version/30/"
      }
    },
    {
      "flavor_text": "\ud0dc\uace0\uc758 \uc9c0\uce35\uc5d0\uc11c \ud654\uc11d\uc774\n\ubc1c\uacac\ub418\uc5c8\uc9c0\ub9cc \uc5bc\uad74 \uc774\uc678\uc758\n\ubd80\ubd84\uc774 \ubc1c\uacac\ub41c \uc801\uc740 \uc5c6\ub2e4.",
      "language": {
        "name": "ko",
        "url": "https://pokeapi.co/api/v2/language/3/"
      },
      "version": {
        "name": "ultra-moon",
        "url": "https://pokeapi.co/api/v2/version/30/"
      }
    },
    {
      "flavor_text": "\u96d6\u7136\u5728\u9060\u53e4\u6642\u4ee3\u7684\u5730\u5c64\u4e2d\n\u767c\u73fe\u4e86\u7260\u7684\u5316\u77f3\uff0c\u4f46\u81f3\u4eca\u672a\u66fe\n\u767c\u73fe\u81c9\u90e8\u4ee5\u5916\u7684\u90e8\u5206\u3002",
      "language": {
        "name": "zh-Hant",
        "url": "https://pokeapi.co/api/v2/language/4/"
      },
      "version": {
        "name": "ultra-moon",
        "url": "https://pokeapi.co/api/v2/version/30/"
      }
    },
    {
      "flavor_text": "On retrouve des fossiles de Dinoclier dans\nles couches s\u00e9dimentaires pr\u00e9historiques, mais\nseule sa t\u00eate a r\u00e9sist\u00e9 \u00e0 l\u2019\u00e9preuve du temps.",
      "language": {
        "name": "fr",
        "url": "https://pokeapi.co/api/v2/language/5/"
      },
      "version": {
        "name": "ultra-moon",
        "url": "https://pokeapi.co/api/v2/version/30/"
      }
    },
    {
      "flavor_text": "Man findet zwar in uralten Erdschichten\nFossilien dieses Pok\u00e9mon, aber meist handelt\nes sich dabei nur um Teile des Gesichts.",
      "language": {
        "name": "de",
        "url": "https://pokeapi.co/api/v2/language/6/"
      },
      "version": {
        "name": "ultra-moon",
        "url": "https://pokeapi.co/api/v2/version/30/"
      }
    },
    {
      "flavor_text": "Los f\u00f3siles que se han encontrado hasta ahora\nen estratos prehist\u00f3ricos pertenecen solo a su\ncara.",
      "language": {
        "name": "es",
        "url": "https://pokeapi.co/api/v2/language/7/"
      },
      "version": {
        "name": "ultra-moon",
        "url": "https://pokeapi.co/api/v2/version/30/"
      }
    },
    {
      "flavor_text": "Fossili di questo Pok\u00e9mon sono stati trovati in\nstrati geologici antichissimi. Tuttavia, gli unici\nresti pervenuti costituiscono parti del muso.",
      "language": {
        "name": "it",
        "url": "https://pokeapi.co/api/v2/language/8/"
      },
      "version": {
        "name": "ultra-moon",
        "url": "https://pokeapi.co/api/v2/version/30/"
      }
    },
    {
      "flavor_text": "Although its fossils can be found in layers of\nprimeval rock, nothing but its face has ever\nbeen discovered.",
      "language": {
        "name": "en",
        "url": "https://pokeapi.co/api/v2/language/9/"
      },
      "version": {
        "name": "ultra-moon",
        "url": "https://pokeapi.co/api/v2/version/30/"
      }
    },
    {
      "flavor_text": "\u592a\u53e4\u306e\u3000\u5730\u5c64\u304b\u3089\u3000\u5316\u77f3\u304c\n\u898b\u3064\u304b\u308b\u304c\u3000\u9854\u306e\u3000\u90e8\u5206\u3000\u4ee5\u5916\u304c\n\u767a\u898b\u3000\u3055\u308c\u305f\u3053\u3068\u306f\u3000\u306a\u3044\u3002",
      "language": {
        "name": "ja",
        "url": "https://pokeapi.co/api/v2/language/11/"
      },
      "version": {
        "name": "ultra-moon",
        "url": "https://pokeapi.co/api/v2/version/30/"
      }
    },
    {
      "flavor_text": "\u867d\u7136\u4ece\u592a\u53e4\u65f6\u4ee3\u7684\u5730\u5c42\u4e2d\n\u53d1\u73b0\u4e86\u5b83\u7684\u5316\u77f3\uff0c\n\u4f46\u5c1a\u672a\u53d1\u73b0\u9664\u4e86\u8138\u4ee5\u5916\u7684\u90e8\u5206\u3002",
      "language": {
        "name": "zh-Hans",
        "url": "https://pokeapi.co/api/v2/language/12/"
      },
      "version": {
        "name": "ultra-moon",
        "url": "https://pokeapi.co/api/v2/version/30/"
      }
    },
    {
      "flavor_text": "Much remains unknown about this Pok\u00e9mon, as few have ever\nseen it. However, we know that it is calm and dislikes conflict,\nand it enjoys polishing its face against trees and rocks.",
      "language": {
        "name": "en",
        "url": "https://pokeapi.co/api/v2/language/9/"
      },
      "version": {
        "name": "legends-arceus",
        "url": "https://pokeapi.co/api/v2/version/39/"
      }
    }
  ],
  "form_descriptions": [],
  "forms_switchable": false,
  "gender_rate": 1,
  "genera": [
    {
      "genus": "\u30b7\u30fc\u30eb\u30c9\u30dd\u30b1\u30e2\u30f3",
      "language": {
        "name": "ja-Hrkt",
        "url": "https://pokeapi.co/api/v2/language/1/"
      }
    },
    {
      "genus": "\uc2e4\ub4dc\ud3ec\ucf13\ubaac",
      "language": {
        "name": "ko",
        "url": "https://pokeapi.co/api/v2/language/3/"
      }
    },
    {
      "genus": "\u8b77\u76fe\u5bf6\u53ef\u5922",
      "language": {
        "name": "zh-Hant",
        "url": "https://pokeapi.co/api/v2/language/4/"
      }
    },
    {
      "genus": "Pok\u00e9mon Bouclier",
      "language": {
        "name": "fr",
        "url": "https://pokeapi.co/api/v2/language/5/"
      }
    },
    {
      "genus": "Schutzschild",
      "language": {
        "name": "de",
        "url": "https://pokeapi.co/api/v2/language/6/"
      }
    },
    {
      "genus": "Pok\u00e9mon Escudo",
      "language": {
        "name": "es",
        "url": "https://pokeapi.co/api/v2/language/7/"
      }
    },
    {
      "genus": "Pok\u00e9mon Schermo",
      "language": {
        "name": "it",
        "url": "https://pokeapi.co/api/v2/language/8/"
      }
    },
    {
      "genus": "Shield Pok\u00e9mon",
      "language": {
        "name": "en",
        "url": "https://pokeapi.co/api/v2/language/9/"
      }
    },
    {
      "genus": "\u30b7\u30fc\u30eb\u30c9\u30dd\u30b1\u30e2\u30f3",
      "language": {
        "name": "ja",
        "url": "https://pokeapi.co/api/v2/language/11/"
      }
    },
    {
      "genus": "\u62a4\u76fe\u5b9d\u53ef\u68a6",
      "language": {
        "name": "zh-Hans",
        "url": "https://pokeapi.co/api/v2/language/12/"
      }
    }
  ],
  "generation": {
    "name": "generation-iv",
    "url": "https://pokeapi.co/api/v2/generation/4/"
  },
  "growth_rate": {
    "name": "slow-then-very-fast",
    "url": "https://pokeapi.co/api/v2/growth-rate/5/"
  },
  "habitat": null,
  "has_gender_differences": false,
  "hatch_counter": 30,
  "id": 410,
  "is_baby": false,
  "is_legendary": false,
  "is_mythical": false,
  "name": "shieldon",
  "names": [
    {
      "language": {
        "name": "ja-Hrkt",
        "url": "https://pokeapi.co/api/v2/language/1/"
      },
      "name": "\u30bf\u30c6\u30c8\u30d7\u30b9"
    },
    {
      "language": {
        "name": "roomaji",
        "url": "https://pokeapi.co/api/v2/language/2/"
      },
      "name": "Tatetops"
    },
    {
      "language": {
        "name": "ko",
        "url": "https://pokeapi.co/api/v2/language/3/"
      },
      "name": "\ubc29\ud328\ud1b1\uc2a4"
    },
    {
      "language": {
        "name": "zh-Hant",
        "url": "https://pokeapi.co/api/v2/language/4/"
      },
      "name": "\u76fe\u7532\u9f8d"
    },
    {
      "language": {
        "name": "fr",
        "url": "https://pokeapi.co/api/v2/language/5/"
      },
      "name": "Dinoclier"
    },
    {
      "language": {
        "name": "de",
        "url": "https://pokeapi.co/api/v2/language/6/"
      },
      "name": "Schilterus"
    },
    {
      "language": {
        "name": "es",
        "url": "https://pokeapi.co/api/v2/language/7/"
      },
      "name": "Shieldon"
    },
    {
      "language": {
        "name": "it",
        "url": "https://pokeapi.co/api/v2/language/8/"
      },
      "name": "Shieldon"
    },
    {
      "language": {
        "name": "en",
        "url": "https://pokeapi.co/api/v2/language/9/"
      },
      "name": "Shieldon"
    },
    {
      "language": {
        "name": "ja",
        "url": "https://pokeapi.co/api/v2/language/11/"
      },
      "name": "\u30bf\u30c6\u30c8\u30d7\u30b9"
    },
    {
      "language": {
        "name": "zh-Hans",
        "url": "https://pokeapi.co/api/v2/language/12/"
      },
      "name": "\u76fe\u7532\u9f99"
    }
  ],
  "order": 438,
  "pal_park_encounters": [
    {
      "area": {
        "name": "mountain",
        "url": "https://pokeapi.co/api/v2/pal-park-area/3/"
      },
      "base_score": 70,
      "rate": 20
    }
  ],
  "pokedex_numbers": [
    {
      "entry_number": 410,
      "pokedex": {
        "name": "national",
        "url": "https://pokeapi.co/api/v2/pokedex/1/"
      }
    },
    {
      "entry_number": 38,
      "pokedex": {
        "name": "original-sinnoh",
        "url": "https://pokeapi.co/api/v2/pokedex/5/"
      }
    },
    {
      "entry_number": 38,
      "pokedex": {
        "name": "extended-sinnoh",
        "url": "https://pokeapi.co/api/v2/pokedex/6/"
      }
    },
    {
      "entry_number": 163,
      "pokedex": {
        "name": "conquest-gallery",
        "url": "https://pokeapi.co/api/v2/pokedex/11/"
      }
    },
    {
      "entry_number": 190,
      "pokedex": {
        "name": "original-alola",
        "url": "https://pokeapi.co/api/v2/pokedex/16/"
      }
    },
    {
      "entry_number": 117,
      "pokedex": {
        "name": "original-akala",
        "url": "https://pokeapi.co/api/v2/pokedex/18/"
      }
    },
    {
      "entry_number": 237,
      "pokedex": {
        "name": "updated-alola",
        "url": "https://pokeapi.co/api/v2/pokedex/21/"
      }
    },
    {
      "entry_number": 138,
      "pokedex": {
        "name": "updated-akala",
        "url": "https://pokeapi.co/api/v2/pokedex/23/"
      }
    },
    {
      "entry_number": 210,
      "pokedex": {
        "name": "hisui",
        "url": "https://pokeapi.co/api/v2/pokedex/30/"
      }
    },
    {
      "entry_number": 109,
      "pokedex": {
        "name": "blueberry",
        "url": "https://pokeapi.co/api/v2/pokedex/33/"
      }
    }
  ],
  "shape": {
    "name": "quadruped",
    "url": "https://pokeapi.co/api/v2/pokemon-shape/8/"
  },
  "varieties": [
    {
      "is_default": true,
      "pokemon": {
        "name": "shieldon",
        "url": "https://pokeapi.co/api/v2/pokemon/410/"
      }
    }
  ]
}