{"flavor_text_entries": [{"flavor_text": "When it finds a trace of its prey, it patiently\nstakes out the location...but it\u2019s always snoozing\nby nightfall.", "language": {"name": "en", "url": "https://pokeapi.co/api/v2/language/9/"}, "version": {"name": "sun", "url": "https://pokeapi.co/api/v2/version/27/"}}, {"flavor_text": "It adores having Rattata and Raticate for dinner,\nbut as it\u2019s diurnal, it never encounters them.\nThis Pok\u00e9mon boasts incredible patience.", "language": {"name": "en", "url": "https://pokeapi.co/api/v2/language/9/"}, "version": {"name": "moon", "url": "https://pokeapi.co/api/v2/version/28/"}}, {"flavor_text": "Although it wasn\u2019t originally found in Alola, this\nPok\u00e9mon was brought over a long time ago\nwhen there was a huge Rattata outbreak.", "language": {"name": "en", "url": "https://pokeapi.co/api/v2/language/9/"}, "version": {"name": "ultra-sun", "url": "https://pokeapi.co/api/v2/version/29/"}}, {"flavor_text": "Patient by nature, this Pok\u00e9mon loses control of\nitself and pounces when it spots its favorite\nmeal\u2014Rattata!", "language": {"name": "en", "url": "https://pokeapi.co/api/v2/language/9/"}, "version": {"name": "ultra-moon", "url": "https://pokeapi.co/api/v2/version/30/"}}], "evolution_chain": {"url": "https://pokeapi.co/api/v2/evolution-chain/378/"}}