{
  "base_happiness": 50,
  "capture_rate": 75,
  "color": {
    "name": "green",
    "url": "https://pokeapi.co/api/v2/pokemon-color/5/"
  },
  "egg_groups": [
    {
      "name": "plant",
      "url": "https://pokeapi.co/api/v2/egg-group/7/"
    }
  ],
  "evolution_chain": {
    "url": "https://pokeapi.co/api/v2/evolution-chain/437/"
  },
  "evolves_from_species": {
    "name": "gossifleur",
    "url": "https://pokeapi.co/api/v2/pokemon-species/829/"
  },
  "flavor_text_entries": [
    {
      "flavor_text": "\u308f\u305f\u3052\u306e\u3000\u30bf\u30cd\u306f\u3000\u3048\u3044\u3088\u3046\u307e\u3093\u3066\u3093\u3002\n\u304b\u305c\u306b\u3000\u306e\u305b\u3066\u3000\u3068\u3070\u3057\u3066\u3000\u304f\u3055\u304d\u3084\n\u30dd\u30b1\u30e2\u30f3\u305f\u3061\u3092\u3000\u3052\u3093\u304d\u306b\u3055\u305b\u308b\u3002",
      "language": {
        "name": "ja-Hrkt",
        "url": "https://pokeapi.co/api/v2/language/1/"
      },
      "version": {
        "name": "sword",
        "url": "https://pokeapi.co/api/v2/version/33/"
      }
    },
    {
      "flavor_text": "\uc19c\ud138\uc774 \ubd99\uc740 \uc528\ub294 \uc601\uc591 \ub9cc\uc810\uc774\ub2e4.\n\uc528\ub97c \ubc14\ub78c\uc5d0 \ub0a0\ub824\uc11c \ucd08\ubaa9\uacfc\n\ud3ec\ucf13\ubaac\ub4e4\uc744 \uac74\uac15\ud558\uac8c \ub9cc\ub4e0\ub2e4.",
      "language": {
        "name": "ko",
        "url": "https://pokeapi.co/api/v2/language/3/"
      },
      "version": {
        "name": "sword",
        "url": "https://pokeapi.co/api/v2/version/33/"
      }
    },
    {
      "flavor_text": "\u68c9\u7d6e\u7684\u7a2e\u5b50\u71df\u990a\u8c50\u5bcc\u3002\n\u7260\u6703\u85c9\u7531\u98a8\u6563\u64ad\u7a2e\u5b50\uff0c\n\u8b93\u8349\u6728\u548c\u5bf6\u53ef\u5922\u8b8a\u5f97\u6d3b\u529b\u5341\u8db3\u3002",
      "language": {
        "name": "zh-Hant",
        "url": "https://pokeapi.co/api/v2/language/4/"
      },
      "version": {
        "name": "sword",
        "url": "https://pokeapi.co/api/v2/version/33/"
      }
    },
    {
      "flavor_text": "Les graines de son duvet sont remplies\nde nutriments. Elles sont emport\u00e9es par le vent\net redonnent vitalit\u00e9 aux plantes et aux Pok\u00e9mon.",
      "language": {
        "name": "fr",
        "url": "https://pokeapi.co/api/v2/language/5/"
      },
      "version": {
        "name": "sword",
        "url": "https://pokeapi.co/api/v2/version/33/"
      }
    },
    {
      "flavor_text": "Die Saat seines Wollflaums steckt voller\nN\u00e4hrstoffe. Es verstreut sie im Wind und heilt\ndamit Pflanzen und Pok\u00e9mon.",
      "language": {
        "name": "de",
        "url": "https://pokeapi.co/api/v2/language/6/"
      },
      "version": {
        "name": "sword",
        "url": "https://pokeapi.co/api/v2/version/33/"
      }
    },
    {
      "flavor_text": "Las semillas que tiene entre la pelusa son muy\nnutritivas. Arrastradas por el viento, devuelven\nla vitalidad a la flora y a otros Pok\u00e9mon.",
      "language": {
        "name": "es",
        "url": "https://pokeapi.co/api/v2/language/7/"
      },
      "version": {
        "name": "sword",
        "url": "https://pokeapi.co/api/v2/version/33/"
      }
    },
    {
      "flavor_text": "I suoi semi lanuginosi, ricchi di sostanze nutritive,\nvengono trasportati dal vento e donano nuova\nenergia a piante e Pok\u00e9mon.",
      "language": {
        "name": "it",
        "url": "https://pokeapi.co/api/v2/language/8/"
      },
      "version": {
        "name": "sword",
        "url": "https://pokeapi.co/api/v2/version/33/"
      }
    },
    {
      "flavor_text": "The seeds attached to its cotton fluff are full of\nnutrients. It spreads them on the wind so that\nplants and other Pok\u00e9mon can benefit from them.",
      "language": {
        "name": "en",
        "url": "https://pokeapi.co/api/v2/language/9/"
      },
      "version": {
        "name": "sword",
        "url": "https://pokeapi.co/api/v2/version/33/"
      }
    },
    {
      "flavor_text": "\u7dbf\u6bdb\u306e\u3000\u7a2e\u306f\u3000\u6804\u990a\u6e80\u70b9\u3002\n\u98a8\u306b\u3000\u4e57\u305b\u3066\u3000\u98db\u3070\u3057\u3066\u3000\u8349\u6728\u3084\n\u30dd\u30b1\u30e2\u30f3\u305f\u3061\u3092\u3000\u5143\u6c17\u306b\u3055\u305b\u308b\u3002",
      "language": {
        "name": "ja",
        "url": "https://pokeapi.co/api/v2/language/11/"
      },
      "version": {
        "name": "sword",
        "url": "https://pokeapi.co/api/v2/version/33/"
      }
    },
    {
      "flavor_text": "\u68c9\u7d6e\u7684\u79cd\u5b50\u8425\u517b\u4e30\u5bcc\u3002\n\u5b83\u4f1a\u901a\u8fc7\u98ce\u6563\u64ad\u79cd\u5b50\uff0c\n\u8ba9\u8349\u6728\u548c\u5b9d\u53ef\u68a6\u53d8\u5f97\u6d3b\u529b\u5341\u8db3\u3002",
      "language": {
        "name": "zh-Hans",
        "url": "https://pokeapi.co/api/v2/language/12/"
      },
      "version": {
        "name": "sword",
        "url": "https://pokeapi.co/api/v2/version/33/"
      }
    },
    {
      "flavor_text": "\u3042\u305f\u307e\u306e\u3000\u308f\u305f\u3052\u3067\u3000\u3064\u304f\u3063\u305f\u3000\u3044\u3068\u306f\n\u3053\u3046\u305f\u304f\u304c\u3042\u308a\u3000\u3068\u3066\u3082\u3000\u3046\u3064\u304f\u3057\u3044\u3002\n\u30ac\u30e9\u30eb\u3061\u307b\u3046\u306e\u3000\u3081\u3044\u3055\u3093\u3072\u3093\u3002",
      "language": {
        "name": "ja-Hrkt",
        "url": "https://pokeapi.co/api/v2/language/1/"
      },
      "version": {
        "name": "shield",
        "url": "https://pokeapi.co/api/v2/version/34/"
      }
    },
    {
      "flavor_text": "\uba38\ub9ac\uc758 \uc19c\ud138\ub85c \ub9cc\ub4e0 \uc2e4\uc740\n\uc724\uc774 \ub098\uace0 \ub9e4\uc6b0 \uc544\ub984\ub2f5\ub2e4.\n\uac00\ub77c\ub974\uc9c0\ubc29\uc758 \ud2b9\uc0b0\ud488\uc774\ub2e4.",
      "language": {
        "name": "ko",
        "url": "https://pokeapi.co/api/v2/language/3/"
      },
      "version": {
        "name": "shield",
        "url": "https://pokeapi.co/api/v2/version/34/"
      }
    },
    {
      "flavor_text": "\u7528\u7260\u982d\u4e0a\u7684\u68c9\u7d6e\u88fd\u6210\u7684\u7dda\n\u6709\u8457\u5341\u5206\u7f8e\u9e97\u52d5\u4eba\u7684\u5149\u6fa4\uff0c\n\u662f\u4f3d\u52d2\u723e\u5730\u5340\u7684\u540d\u7522\u3002",
      "language": {
        "name": "zh-Hant",
        "url": "https://pokeapi.co/api/v2/language/4/"
      },
      "version": {
        "name": "shield",
        "url": "https://pokeapi.co/api/v2/version/34/"
      }
    },
    {
      "flavor_text": "Les fils tiss\u00e9s \u00e0 partir du duvet sur sa t\u00eate sont\nsatin\u00e9s et absolument somptueux. Le textile ainsi\ncr\u00e9\u00e9 est typique de la r\u00e9gion de Galar.",
      "language": {
        "name": "fr",
        "url": "https://pokeapi.co/api/v2/language/5/"
      },
      "version": {
        "name": "shield",
        "url": "https://pokeapi.co/api/v2/version/34/"
      }
    },
    {
      "flavor_text": "Aus dem Flaum auf seinem Kopf werden\nwundersch\u00f6ne, gl\u00e4nzende F\u00e4den gesponnen.\nDie Galar-Region ist bekannt f\u00fcr dieses Produkt.",
      "language": {
        "name": "de",
        "url": "https://pokeapi.co/api/v2/language/6/"
      },
      "version": {
        "name": "shield",
        "url": "https://pokeapi.co/api/v2/version/34/"
      }
    },
    {
      "flavor_text": "El hilo fabricado a partir de su algod\u00f3n es muy\nbello y brillante; uno de los productos estrella\nde la regi\u00f3n de Galar.",
      "language": {
        "name": "es",
        "url": "https://pokeapi.co/api/v2/language/7/"
      },
      "version": {
        "name": "shield",
        "url": "https://pokeapi.co/api/v2/version/34/"
      }
    },
    {
      "flavor_text": "I fili realizzati con la lanugine del suo capo sono\nparticolarmente belli e lucenti. Sono un prodotto\ntipico di Galar.",
      "language": {
        "name": "it",
        "url": "https://pokeapi.co/api/v2/language/8/"
      },
      "version": {
        "name": "shield",
        "url": "https://pokeapi.co/api/v2/version/34/"
      }
    },
    {
      "flavor_text": "The cotton on the head of this Pok\u00e9mon can be\nspun into a glossy, gorgeous yarn\u2014a Galar\nregional specialty.",
      "language": {
        "name": "en",
        "url": "https://pokeapi.co/api/v2/language/9/"
      },
      "version": {
        "name": "shield",
        "url": "https://pokeapi.co/api/v2/version/34/"
      }
    },
    {
      "flavor_text": "\u982d\u306e\u3000\u7dbf\u6bdb\u3067\u3000\u3064\u304f\u3063\u305f\u3000\u7cf8\u306f\n\u5149\u6ca2\u304c\u3042\u308a\u3000\u3068\u3066\u3082\u3000\u7f8e\u3057\u3044\u3002\n\u30ac\u30e9\u30eb\u5730\u65b9\u306e\u3000\u540d\u7523\u54c1\u3002",
      "language": {
        "name": "ja",
        "url": "https://pokeapi.co/api/v2/language/11/"
      },
      "version": {
        "name": "shield",
        "url": "https://pokeapi.co/api/v2/version/34/"
      }
    },
    {
      "flavor_text": "\u7528\u5b83\u5934\u4e0a\u7684\u68c9\u7d6e\u5236\u6210\u7684\u7ebf\n\u6709\u7740\u5341\u5206\u7f8e\u4e3d\u52a8\u4eba\u7684\u5149\u6cfd\uff0c\n\u662f\u4f3d\u52d2\u5c14\u5730\u533a\u7684\u540d\u4ea7\u3002",
      "language": {
        "name": "zh-Hans",
        "url": "https://pokeapi.co/api/v2/language/12/"
      },
      "version": {
        "name": "shield",
        "url": "https://pokeapi.co/api/v2/version/34/"
      }
    }
  ],
  "form_descriptions": [],
  "forms_switchable": false,
  "gender_rate": 4,
  "genera": [
    {
      "genus": "\u308f\u305f\u304b\u3056\u308a\u30dd\u30b1\u30e2\u30f3",
      "language": {
        "name": "ja-Hrkt",
        "url": "https://pokeapi.co/api/v2/language/1/"
      }
    },
    {
      "genus": "\uc19c\uc7a5\uc2dd\ud3ec\ucf13\ubaac",
      "language": {
        "name": "ko",
        "url": "https://pokeapi.co/api/v2/language/3/"
      }
    },
    {
      "genus": "\u68c9\u98fe\u5bf6\u53ef\u5922",
      "language": {
        "name": "zh-Hant",
        "url": "https://pokeapi.co/api/v2/language/4/"
      }
    },
    {
      "genus": "Pok\u00e9mon Chef-Coton",
      "language": {
        "name": "fr",
        "url": "https://pokeapi.co/api/v2/language/5/"
      }
    },
    {
      "genus": "Baumwollzier-Pok\u00e9mon",
      "language": {
        "name": "de",
        "url": "https://pokeapi.co/api/v2/language/6/"
      }
    },
    {
      "genus": "Pok\u00e9mon Adornalgod\u00f3n",
      "language": {
        "name": "es",
        "url": "https://pokeapi.co/api/v2/language/7/"
      }
    },
    {
      "genus": "Pok\u00e9mon Cotofronzolo",
      "language": {
        "name": "it",
        "url": "https://pokeapi.co/api/v2/language/8/"
      }
    },
    {
      "genus": "Cotton Bloom Pok\u00e9mon",
      "language": {
        "name": "en",
        "url": "https://pokeapi.co/api/v2/language/9/"
      }
    },
    {
      "genus": "\u308f\u305f\u304b\u3056\u308a\u30dd\u30b1\u30e2\u30f3",
      "language": {
        "name": "ja",
        "url": "https://pokeapi.co/api/v2/language/11/"
      }
    },
    {
      "genus": "\u68c9\u9970\u5b9d\u53ef\u68a6",
      "language": {
        "name": "zh-Hans",
        "url": "https://pokeapi.co/api/v2/language/12/"
      }
    }
  ],
  "generation": {
    "name": "generation-viii",
    "url": "https://pokeapi.co/api/v2/generation/8/"
  },
  "growth_rate": {
    "name": "medium",
    "url": "https://pokeapi.co/api/v2/growth-rate/2/"
  },
  "habitat": null,
  "has_gender_differences": false,
  "hatch_counter": 20,
  "id": 830,
  "is_baby": false,
  "is_legendary": false,
  "is_mythical": false,
  "name": "eldegoss",
  "names": [
    {
      "language": {
        "name": "ja-Hrkt",
        "url": "https://pokeapi.co/api/v2/language/1/"
      },
      "name": "\u30ef\u30bf\u30b7\u30e9\u30ac"
    },
    {
      "language": {
        "name": "roomaji",
        "url": "https://pokeapi.co/api/v2/language/2/"
      },
      "name": "Watashiraga"
    },
    {
      "language": {
        "name": "ko",
        "url": "https://pokeapi.co/api/v2/language/3/"
      },
      "name": "\ubc31\uc19c\ubaa8\uce74"
    },
    {
      "language": {
        "name": "zh-Hant",
        "url": "https://pokeapi.co/api/v2/language/4/"
      },
      "name": "\u767d\u84ec\u84ec"
    },
    {
      "language": {
        "name": "fr",
        "url": "https://pokeapi.co/api/v2/language/5/"
      },
      "name": "Blancoton"
    },
    {
      "language": {
        "name": "de",
        "url": "https://pokeapi.co/api/v2/language/6/"
      },
      "name": "Cottomi"
    },
    {
      "language": {
        "name": "es",
        "url": "https://pokeapi.co/api/v2/language/7/"
      },
      "name": "Eldegoss"
    },
    {
      "language": {
        "name": "it",
        "url": "https://pokeapi.co/api/v2/language/8/"
      },
      "name": "Eldegoss"
    },
    {
      "language": {
        "name": "en",
        "url": "https://pokeapi.co/api/v2/language/9/"
      },
      "name": "Eldegoss"
    },
    {
      "language": {
        "name": "ja",
        "url": "https://pokeapi.co/api/v2/language/11/"
      },
      "name": "\u30ef\u30bf\u30b7\u30e9\u30ac"
    },
    {
      "language": {
        "name": "zh-Hans",
        "url": "https://pokeapi.co/api/v2/language/12/"
      },
      "name": "\u767d\u84ec\u84ec"
    }
  ],
  "order": 830,
  "pal_park_encounters": [],
  "pokedex_numbers": [
    {
      "entry_number": 830,
      "pokedex": {
        "name": "national",
        "url": "https://pokeapi.co/api/v2/pokedex/1/"
      }
    },
    {
      "entry_number": 127,
      "pokedex": {
        "name": "galar",
        "url": "https://pokeapi.co/api/v2/pokedex/27/"
      }
    },
    {
      "entry_number": 167,
      "pokedex": {
        "name": "crown-tundra",
        "url": "https://pokeapi.co/api/v2/pokedex/29/"
      }
    }
  ],
  "shape": {
    "name": "blob",
    "url": "https://pokeapi.co/api/v2/pokemon-shape/5/"
  },
  "varieties": [
    {
      "is_default": true,
      "pokemon": {
        "name": "eldegoss",
        "url": "https://pokeapi.co/api/v2/pokemon/830/"
      }
    }
  ]
}