{
  "base_happiness": 70,
  "capture_rate": 45,
  "color": {
    "name": "black",
    "url": "https://pokeapi.co/api/v2/pokemon-color/1/"
  },
  "egg_groups": [
    {
      "name": "monster",
      "url": "https://pokeapi.co/api/v2/egg-group/1/"
    },
    {
      "name": "dragon",
      "url": "https://pokeapi.co/api/v2/egg-group/14/"
    }
  ],
  "evolution_chain": {
    "url": "https://pokeapi.co/api/v2/evolution-chain/390/"
  },
  "evolves_from_species": {
    "name": "salandit",
    "url": "https://pokeapi.co/api/v2/pokemon-species/757/"
  },
  "flavor_text_entries": [
    {
      "flavor_text": "\u306a\u305c\u304b\u3000\u2640\u3057\u304b\u3000\u307f\u3064\u304b\u3063\u3066\u3044\u306a\u3044\u3002\n\u30e4\u30c8\u30a6\u30e2\u30ea\u306e\u3000\u2642\u3092\u3000\u3072\u304d\u3064\u308c\u3066\n\u304e\u3083\u304f\u30cf\u30fc\u30ec\u30e0\u3092\u3000\u3064\u304f\u3063\u3066\u3000\u304f\u3089\u3059\u3002",
      "language": {
        "name": "ja-Hrkt",
        "url": "https://pokeapi.co/api/v2/language/1/"
      },
      "version": {
        "name": "sun",
        "url": "https://pokeapi.co/api/v2/version/27/"
      }
    },
    {
      "flavor_text": "\uc5b4\ucc0c \ub41c \uc601\ubb38\uc778\uc9c0 \uc554\ucef7\ub9cc \ubc1c\uacac\ub418\uace0 \uc788\ub2e4.\n\uc57c\ub3c4\ub1fd\uc758 \uc218\ucef7\uc744 \uac70\ub290\ub9ac\uba70\n\uc5ed\ud558\ub818\uc744 \ub9cc\ub4e4\uc5b4\uc11c \uc0b0\ub2e4.",
      "language": {
        "name": "ko",
        "url": "https://pokeapi.co/api/v2/language/3/"
      },
      "version": {
        "name": "sun",
        "url": "https://pokeapi.co/api/v2/version/27/"
      }
    },
    {
      "flavor_text": "\u4e0d\u77e5\u70ba\u4f55\u53ea\u767c\u73fe\u2640\u3002\n\u7387\u9818\u591c\u76dc\u706b\u8725\u7684\u2642\uff0c\n\u7d44\u6210\u9006\u5f8c\u5bae\u4e00\u8d77\u751f\u6d3b\u3002",
      "language": {
        "name": "zh-Hant",
        "url": "https://pokeapi.co/api/v2/language/4/"
      },
      "version": {
        "name": "sun",
        "url": "https://pokeapi.co/api/v2/version/27/"
      }
    },
    {
      "flavor_text": "Curieusement, cette esp\u00e8ce ne compte que\ndes femelles. Ces derni\u00e8res aiment s\u2019entourer\nde nombreux admirateurs Tritox m\u00e2les.",
      "language": {
        "name": "fr",
        "url": "https://pokeapi.co/api/v2/language/5/"
      },
      "version": {
        "name": "sun",
        "url": "https://pokeapi.co/api/v2/version/27/"
      }
    },
    {
      "flavor_text": "Bisher wurden nur Weibchen entdeckt.\nSie werden von m\u00e4nnlichen Molunk verehrt und\nleben mit einer Gruppe von ihnen zusammen.",
      "language": {
        "name": "de",
        "url": "https://pokeapi.co/api/v2/language/6/"
      },
      "version": {
        "name": "sun",
        "url": "https://pokeapi.co/api/v2/version/27/"
      }
    },
    {
      "flavor_text": "Por alg\u00fan motivo desconocido, solo hay\nhembras. Suele formarse su propio har\u00e9n\ncompuesto por Salandit machos.",
      "language": {
        "name": "es",
        "url": "https://pokeapi.co/api/v2/language/7/"
      },
      "version": {
        "name": "sun",
        "url": "https://pokeapi.co/api/v2/version/27/"
      }
    },
    {
      "flavor_text": "Sono stati trovati solo esemplari femmina,\nche sono soliti circondarsi di maschi\ndi Salandit.",
      "language": {
        "name": "it",
        "url": "https://pokeapi.co/api/v2/language/8/"
      },
      "version": {
        "name": "sun",
        "url": "https://pokeapi.co/api/v2/version/27/"
      }
    },
    {
      "flavor_text": "For some reason, only females have been found.\nIt creates a reverse harem of male Salandit that\nit lives with.",
      "language": {
        "name": "en",
        "url": "https://pokeapi.co/api/v2/language/9/"
      },
      "version": {
        "name": "sun",
        "url": "https://pokeapi.co/api/v2/version/27/"
      }
    },
    {
      "flavor_text": "\u306a\u305c\u304b\u3000\u2640\u3057\u304b\u3000\u898b\u3064\u304b\u3063\u3066\u3044\u306a\u3044\u3002\n\u30e4\u30c8\u30a6\u30e2\u30ea\u306e\u2642\u3092\u3000\u5f15\u304d\u9023\u308c\u3066\n\u9006\u30cf\u30fc\u30ec\u30e0\u3092\u3000\u4f5c\u3063\u3066\u3000\u66ae\u3089\u3059\u3002",
      "language": {
        "name": "ja",
        "url": "https://pokeapi.co/api/v2/language/11/"
      },
      "version": {
        "name": "sun",
        "url": "https://pokeapi.co/api/v2/version/27/"
      }
    },
    {
      "flavor_text": "\u4e0d\u77e5\u4e3a\u4f55\u53ea\u53d1\u73b0\u2640\u3002\n\u7387\u9886\u591c\u76d7\u706b\u8725\u7684\u2642\uff0c\n\u7ec4\u6210\u9006\u540e\u5bab\u4e00\u8d77\u751f\u6d3b\u3002",
      "language": {
        "name": "zh-Hans",
        "url": "https://pokeapi.co/api/v2/language/12/"
      },
      "version": {
        "name": "sun",
        "url": "https://pokeapi.co/api/v2/version/27/"
      }
    },
    {
      "flavor_text": "\u3069\u304f\u30ac\u30b9\u306b\u306f\u3000\u304a\u304a\u304f\u306e\u3000\u30d5\u30a7\u30ed\u30e2\u30f3\u304c\n\u3075\u304f\u307e\u308c\u3066\u3044\u308b\u3002\u3000\u3046\u3059\u3081\u308b\u3053\u3068\u3067\n\u304b\u3093\u306e\u3046\u3066\u304d\u306a\u3000\u3053\u3046\u3059\u3044\u304c\u3000\u3067\u304d\u308b\u3002",
      "language": {
        "name": "ja-Hrkt",
        "url": "https://pokeapi.co/api/v2/language/1/"
      },
      "version": {
        "name": "moon",
        "url": "https://pokeapi.co/api/v2/version/28/"
      }
    },
    {
      "flavor_text": "\ub3c5\uac00\uc2a4\uc5d0\ub294 \ub9ce\uc740 \uc591\uc758 \ud398\ub85c\ubaac\uc774\n\ud3ec\ud568\ub418\uc5b4\uc788\ub2e4. \ud76c\uc11d\ud558\uba74\n\uad00\ub2a5\uc801\uc778 \ud5a5\uc218\uac00 \ub9cc\ub4e4\uc5b4\uc9c4\ub2e4.",
      "language": {
        "name": "ko",
        "url": "https://pokeapi.co/api/v2/language/3/"
      },
      "version": {
        "name": "moon",
        "url": "https://pokeapi.co/api/v2/version/28/"
      }
    },
    {
      "flavor_text": "\u6bd2\u74e6\u65af\u88e1\u542b\u6709\u5f88\u591a\u7684\u8cbb\u6d1b\u8499\u3002\n\u7a00\u91cb\u5f8c\u53ef\u7528\u4f86\u88fd\u4f5c\u6027\u611f\u7684\u9999\u6c34\u3002",
      "language": {
        "name": "zh-Hant",
        "url": "https://pokeapi.co/api/v2/language/4/"
      },
      "version": {
        "name": "moon",
        "url": "https://pokeapi.co/api/v2/version/28/"
      }
    },
    {
      "flavor_text": "Son gaz toxique est riche en ph\u00e9romones. Il est\npossible d\u2019isoler ces derni\u00e8res pour concocter\nun puissant parfum aphrodisiaque.",
      "language": {
        "name": "fr",
        "url": "https://pokeapi.co/api/v2/language/5/"
      },
      "version": {
        "name": "moon",
        "url": "https://pokeapi.co/api/v2/version/28/"
      }
    },
    {
      "flavor_text": "Ihr Giftgas enth\u00e4lt viele Pheromone.\nVerd\u00fcnnt man es, l\u00e4sst sich daraus\nein sinnliches Parf\u00fcm herstellen.",
      "language": {
        "name": "de",
        "url": "https://pokeapi.co/api/v2/language/6/"
      },
      "version": {
        "name": "moon",
        "url": "https://pokeapi.co/api/v2/version/28/"
      }
    },
    {
      "flavor_text": "Su gas venenoso contiene numerosas feromonas.\nAl diluirlo es posible elaborar un perfume que\nresulta verdaderamente embriagador.",
      "language": {
        "name": "es",
        "url": "https://pokeapi.co/api/v2/language/7/"
      },
      "version": {
        "name": "moon",
        "url": "https://pokeapi.co/api/v2/version/28/"
      }
    },
    {
      "flavor_text": "Il gas tossico che emana contiene feromoni.\nSe viene diluito, se ne ricava un profumo\nche ha un grande potere d\u2019attrazione.",
      "language": {
        "name": "it",
        "url": "https://pokeapi.co/api/v2/language/8/"
      },
      "version": {
        "name": "moon",
        "url": "https://pokeapi.co/api/v2/version/28/"
      }
    },
    {
      "flavor_text": "Filled with pheromones, its poisonous gas can\nbe diluted to use in the production of\nluscious perfumes.",
      "language": {
        "name": "en",
        "url": "https://pokeapi.co/api/v2/language/9/"
      },
      "version": {
        "name": "moon",
        "url": "https://pokeapi.co/api/v2/version/28/"
      }
    },
    {
      "flavor_text": "\u6bd2\u30ac\u30b9\u306b\u306f\u3000\u591a\u304f\u306e\u3000\u30d5\u30a7\u30ed\u30e2\u30f3\u304c\n\u542b\u307e\u308c\u3066\u3044\u308b\u3002\u3000\u8584\u3081\u308b\u3053\u3068\u3067\n\u5b98\u80fd\u7684\u306a\u3000\u9999\u6c34\u304c\u3000\u3067\u304d\u308b\u3002",
      "language": {
        "name": "ja",
        "url": "https://pokeapi.co/api/v2/language/11/"
      },
      "version": {
        "name": "moon",
        "url": "https://pokeapi.co/api/v2/version/28/"
      }
    },
    {
      "flavor_text": "\u6bd2\u74e6\u65af\u4e2d\u542b\u6709\u5f88\u591a\u7684\u8d39\u6d1b\u8499\u3002\n\u7a00\u91ca\u4ee5\u540e\u53ef\u4ee5\u5236\u4f5c\u6210\u6027\u611f\u7684\u9999\u6c34\u3002",
      "language": {
        "name": "zh-Hans",
        "url": "https://pokeapi.co/api/v2/language/12/"
      },
      "version": {
        "name": "moon",
        "url": "https://pokeapi.co/api/v2/version/28/"
      }
    },
    {
      "flavor_text": "\u3069\u3046\u304f\u3064\u306e\u3000\u304a\u304f\u3075\u304b\u304f\u306b\u3000\u3059\u307f\n\u30d5\u30a7\u30ed\u30e2\u30f3\u3067\u3000\u30e1\u30ed\u30e1\u30ed\u306b\u3000\u3057\u305f\n\u30e4\u30c8\u30a6\u30e2\u30ea\u305f\u3061\u3092\u3000\u306f\u3079\u3089\u305b\u3066\u3044\u308b\u3002",
      "language": {
        "name": "ja-Hrkt",
        "url": "https://pokeapi.co/api/v2/language/1/"
      },
      "version": {
        "name": "ultra-sun",
        "url": "https://pokeapi.co/api/v2/version/29/"
      }
    },
    {
      "flavor_text": "\ub3d9\uad74 \uae4a\uc740 \uacf3\uc5d0\uc11c \uc0b4\uba70\n\ud398\ub85c\ubaac\uc73c\ub85c \ud5e4\ub871\ud5e4\ub871\ud558\uac8c \ub9cc\ub4e4\uc5b4\n\uc57c\ub3c4\ub1fd\uc744 \uc2dc\uc911\ub4e4\uac8c \ud55c\ub2e4.",
      "language": {
        "name": "ko",
        "url": "https://pokeapi.co/api/v2/language/3/"
      },
      "version": {
        "name": "ultra-sun",
        "url": "https://pokeapi.co/api/v2/version/29/"
      }
    },
    {
      "flavor_text": "\u68f2\u606f\u5728\u6d1e\u7a9f\u7684\u6df1\u8655\uff0c\n\u8b93\u90a3\u4e9b\u88ab\u81ea\u5df1\u7684\u8cbb\u6d1b\u8499\u8ff7\u4f4f\u7684\n\u591c\u76dc\u706b\u8725\u5011\u4f8d\u5949\u81ea\u5df1\u3002",
      "language": {
        "name": "zh-Hant",
        "url": "https://pokeapi.co/api/v2/language/4/"
      },
      "version": {
        "name": "ultra-sun",
        "url": "https://pokeapi.co/api/v2/version/29/"
      }
    },
    {
      "flavor_text": "Ce Pok\u00e9mon habite au fin fond des cavernes.\nIl se fait servir par des Tritox envo\u00fbt\u00e9s par\nses ph\u00e9romones.",
      "language": {
        "name": "fr",
        "url": "https://pokeapi.co/api/v2/language/5/"
      },
      "version": {
        "name": "ultra-sun",
        "url": "https://pokeapi.co/api/v2/version/29/"
      }
    },
    {
      "flavor_text": "Dieses tief in H\u00f6hlen lebende Pok\u00e9mon h\u00e4lt sich\nm\u00e4nnliche Molunk, die es sich mit Pheromonen\nh\u00f6rig gemacht hat, als Diener.",
      "language": {
        "name": "de",
        "url": "https://pokeapi.co/api/v2/language/6/"
      },
      "version": {
        "name": "ultra-sun",
        "url": "https://pokeapi.co/api/v2/version/29/"
      }
    },
    {
      "flavor_text": "Vive en las profundidades de las cuevas.\nGracias a sus feromonas, atrae Salandit y los\nhace presas de su voluntad.",
      "language": {
        "name": "es",
        "url": "https://pokeapi.co/api/v2/language/7/"
      },
      "version": {
        "name": "ultra-sun",
        "url": "https://pokeapi.co/api/v2/version/29/"
      }
    },
    {
      "flavor_text": "Vive nel profondo delle caverne e si circonda\ndi Salandit che ammalia con i suoi potenti\nferomoni.",
      "language": {
        "name": "it",
        "url": "https://pokeapi.co/api/v2/language/8/"
      },
      "version": {
        "name": "ultra-sun",
        "url": "https://pokeapi.co/api/v2/version/29/"
      }
    },
    {
      "flavor_text": "Salazzle lives deep in caves and forces the\nSalandit it has attracted with its pheromones\nto serve it.",
      "language": {
        "name": "en",
        "url": "https://pokeapi.co/api/v2/language/9/"
      },
      "version": {
        "name": "ultra-sun",
        "url": "https://pokeapi.co/api/v2/version/29/"
      }
    },
    {
      "flavor_text": "\u6d1e\u7a9f\u306e\u3000\u5965\u6df1\u304f\u306b\u3000\u68f2\u307f\n\u30d5\u30a7\u30ed\u30e2\u30f3\u3067\u3000\u30e1\u30ed\u30e1\u30ed\u306b\u3000\u3057\u305f\n\u30e4\u30c8\u30a6\u30e2\u30ea\u305f\u3061\u3092\u3000\u4f8d\u3089\u305b\u3066\u3044\u308b\u3002",
      "language": {
        "name": "ja",
        "url": "https://pokeapi.co/api/v2/language/11/"
      },
      "version": {
        "name": "ultra-sun",
        "url": "https://pokeapi.co/api/v2/version/29/"
      }
    },
    {
      "flavor_text": "\u5c45\u4f4f\u5728\u6d1e\u7a9f\u7684\u6df1\u5904\uff0c\n\u8ba9\u90a3\u4e9b\u56e0\u8d39\u6d1b\u8499\u800c\u7740\u8ff7\u7684\n\u591c\u76d7\u706b\u8725\u4f8d\u5949\u81ea\u5df1\u3002",
      "language": {
        "name": "zh-Hans",
        "url": "https://pokeapi.co/api/v2/language/12/"
      },
      "version": {
        "name": "ultra-sun",
        "url": "https://pokeapi.co/api/v2/version/29/"
      }
    },
    {
      "flavor_text": "\u30a8\u30b5\u304c\u3000\u3068\u308c\u306a\u304b\u3063\u305f\u3000\u30e4\u30c8\u30a6\u30e2\u30ea\u3092\n\u307b\u306e\u304a\u304c\u3000\u3075\u304d\u3060\u3059\u3000\u3066\u306e\u3072\u3089\u3067\n\u306f\u3052\u3057\u304f\u3000\u30d3\u30f3\u30bf\u3057\u3000\u304a\u3057\u304a\u304d\u3059\u308b\u3002",
      "language": {
        "name": "ja-Hrkt",
        "url": "https://pokeapi.co/api/v2/language/1/"
      },
      "version": {
        "name": "ultra-moon",
        "url": "https://pokeapi.co/api/v2/version/30/"
      }
    },
    {
      "flavor_text": "\uba39\uc774\ub97c \uc7a1\uc9c0 \ubabb\ud55c \uc57c\ub3c4\ub1fd\uc740\n\ubd88\uaf43\uc744 \ubfdc\uc5b4\ub0b4\ub294 \uc190\ubc14\ub2e5\uc73c\ub85c\n\uc138\ucc28\uac8c \ub530\uadc0\ub97c \ub54c\ub824\uc11c \ubc8c\uc744 \uc900\ub2e4.",
      "language": {
        "name": "ko",
        "url": "https://pokeapi.co/api/v2/language/3/"
      },
      "version": {
        "name": "ultra-moon",
        "url": "https://pokeapi.co/api/v2/version/30/"
      }
    },
    {
      "flavor_text": "\u5c0d\u65bc\u90a3\u4e9b\u6c92\u6355\u5230\u7375\u7269\u7684\u591c\u76dc\u706b\u8725\uff0c\n\u7130\u540e\u8725\u6703\u7528\u5674\u706b\u7684\u624b\u638c\u731b\u6253\n\u7260\u5011\u8033\u5149\u4f5c\u70ba\u61f2\u7f70\u3002",
      "language": {
        "name": "zh-Hant",
        "url": "https://pokeapi.co/api/v2/language/4/"
      },
      "version": {
        "name": "ultra-moon",
        "url": "https://pokeapi.co/api/v2/version/30/"
      }
    },
    {
      "flavor_text": "Malamandre punit sans merci les Tritox qui\nrentrent bredouilles de la chasse, g\u00e9n\u00e9ralement\nd\u2019une gifle de sa paume enflamm\u00e9e.",
      "language": {
        "name": "fr",
        "url": "https://pokeapi.co/api/v2/language/5/"
      },
      "version": {
        "name": "ultra-moon",
        "url": "https://pokeapi.co/api/v2/version/30/"
      }
    },
    {
      "flavor_text": "Aus seinen Handfl\u00e4chen schie\u00dft Feuer hervor.\nEs verpasst damit Molunk, die keine Beute\nzur\u00fcckgebracht haben, schallende Ohrfeigen.",
      "language": {
        "name": "de",
        "url": "https://pokeapi.co/api/v2/language/6/"
      },
      "version": {
        "name": "ultra-moon",
        "url": "https://pokeapi.co/api/v2/version/30/"
      }
    },
    {
      "flavor_text": "Castiga a los Salandit que no le traen caza\nabofete\u00e1ndolos con sus ardientes zarpas.",
      "language": {
        "name": "es",
        "url": "https://pokeapi.co/api/v2/language/7/"
      },
      "version": {
        "name": "ultra-moon",
        "url": "https://pokeapi.co/api/v2/version/30/"
      }
    },
    {
      "flavor_text": "Punisce i Salandit che tornano senza una preda\nschiaffeggiandoli vigorosamente con le zampe\nanteriori che sprigionano fuoco.",
      "language": {
        "name": "it",
        "url": "https://pokeapi.co/api/v2/language/8/"
      },
      "version": {
        "name": "ultra-moon",
        "url": "https://pokeapi.co/api/v2/version/30/"
      }
    },
    {
      "flavor_text": "It punishes Salandit that couldn\u2019t bring it food\nwith a fierce slap of its flame-spewing palm.",
      "language": {
        "name": "en",
        "url": "https://pokeapi.co/api/v2/language/9/"
      },
      "version": {
        "name": "ultra-moon",
        "url": "https://pokeapi.co/api/v2/version/30/"
      }
    },
    {
      "flavor_text": "\u30a8\u30b5\u304c\u3000\u7372\u308c\u306a\u304b\u3063\u305f\u3000\u30e4\u30c8\u30a6\u30e2\u30ea\u3092\n\u708e\u304c\u3000\u5674\u304d\u51fa\u3059\u3000\u624b\u306e\u3072\u3089\u3067\n\u6fc0\u3057\u304f\u3000\u30d3\u30f3\u30bf\u3057\u3000\u304a\u4ed5\u7f6e\u304d\u3059\u308b\u3002",
      "language": {
        "name": "ja",
        "url": "https://pokeapi.co/api/v2/language/11/"
      },
      "version": {
        "name": "ultra-moon",
        "url": "https://pokeapi.co/api/v2/version/30/"
      }
    },
    {
      "flavor_text": "\u5bf9\u4e8e\u6ca1\u6709\u730e\u83b7\u98df\u7269\u7684\u591c\u76d7\u706b\u8725\uff0c\n\u7130\u540e\u8725\u4f1a\u7528\u55b7\u706b\u7684\u624b\u638c\u731b\u70c8\u5730\n\u6253\u5b83\u4eec\u7684\u8033\u5149\uff0c\u4ee5\u4f5c\u60e9\u7f5a\u3002",
      "language": {
        "name": "zh-Hans",
        "url": "https://pokeapi.co/api/v2/language/12/"
      },
      "version": {
        "name": "ultra-moon",
        "url": "https://pokeapi.co/api/v2/version/30/"
      }
    },
    {
      "flavor_text": "\u30a8\u30f3\u30cb\u30e5\u30fc\u30c8\u306f\u3000\u30e1\u30b9\u3057\u304b\u3000\u3044\u306a\u3044\u3002\n\u30d5\u30a7\u30ed\u30e2\u30f3\u30ac\u30b9\u3092\u3000\u306f\u3063\u305b\u3044\u3055\u305b\u3066\n\u30aa\u30b9\u306e\u3000\u30e4\u30c8\u30a6\u30e2\u30ea\u3092\u3000\u307f\u308a\u3087\u3046\u3059\u308b\u3002",
      "language": {
        "name": "ja-Hrkt",
        "url": "https://pokeapi.co/api/v2/language/1/"
      },
      "version": {
        "name": "sword",
        "url": "https://pokeapi.co/api/v2/version/33/"
      }
    },
    {
      "flavor_text": "\uc5fc\ub274\ud2b8\ub294 \uc554\ucef7\ub9cc\uc774 \uc874\uc7ac\ud55c\ub2e4.\n\ud398\ub85c\ubaac \uac00\uc2a4\ub97c \ubc1c\uc0dd\uc2dc\ucf1c\uc11c\n\uc218\ucef7 \uc57c\ub3c4\ub1fd\uc744 \ub9e4\ub8cc\uc2dc\ud0a8\ub2e4.",
      "language": {
        "name": "ko",
        "url": "https://pokeapi.co/api/v2/language/3/"
      },
      "version": {
        "name": "sword",
        "url": "https://pokeapi.co/api/v2/version/33/"
      }
    },
    {
      "flavor_text": "\u7130\u540e\u8725\u53ea\u6709\u96cc\u6027\u3002\n\u6703\u91cb\u653e\u51fa\u8cbb\u6d1b\u8499\u6c23\u9ad4\uff0c\n\u8b93\u96c4\u6027\u7684\u591c\u76dc\u706b\u8725\u70ba\u4e4b\u8457\u8ff7\u3002",
      "language": {
        "name": "zh-Hant",
        "url": "https://pokeapi.co/api/v2/language/4/"
      },
      "version": {
        "name": "sword",
        "url": "https://pokeapi.co/api/v2/version/33/"
      }
    },
    {
      "flavor_text": "Il n\u2019existe que des sp\u00e9cimens femelles.\nElles envo\u00fbtent les Tritox m\u00e2les gr\u00e2ce\n\u00e0 leurs nuages de ph\u00e9romones.",
      "language": {
        "name": "fr",
        "url": "https://pokeapi.co/api/v2/language/5/"
      },
      "version": {
        "name": "sword",
        "url": "https://pokeapi.co/api/v2/version/33/"
      }
    },
    {
      "flavor_text": "Es existieren nur weibliche Exemplare. Sie sto\u00dfen\nPheromongase aus, mit denen sie sich m\u00e4nnliche\nMolunk h\u00f6rig machen.",
      "language": {
        "name": "de",
        "url": "https://pokeapi.co/api/v2/language/6/"
      },
      "version": {
        "name": "sword",
        "url": "https://pokeapi.co/api/v2/version/33/"
      }
    },
    {
      "flavor_text": "Solo hay hembras. Gracias a sus feromonas,\natrae a los Salandit macho y los somete a su\nvoluntad.",
      "language": {
        "name": "es",
        "url": "https://pokeapi.co/api/v2/language/7/"
      },
      "version": {
        "name": "sword",
        "url": "https://pokeapi.co/api/v2/version/33/"
      }
    },
    {
      "flavor_text": "Esistono solo esemplari femmina.\nProduce un gas ricco di feromoni con cui\nammalia i Salandit maschi.",
      "language": {
        "name": "it",
        "url": "https://pokeapi.co/api/v2/language/8/"
      },
      "version": {
        "name": "sword",
        "url": "https://pokeapi.co/api/v2/version/33/"
      }
    },
    {
      "flavor_text": "Only female Salazzle exist. They emit a gas laden\nwith pheromones to captivate male Salandit.",
      "language": {
        "name": "en",
        "url": "https://pokeapi.co/api/v2/language/9/"
      },
      "version": {
        "name": "sword",
        "url": "https://pokeapi.co/api/v2/version/33/"
      }
    },
    {
      "flavor_text": "\u30a8\u30f3\u30cb\u30e5\u30fc\u30c8\u306f\u3000\u30e1\u30b9\u3057\u304b\u3000\u3044\u306a\u3044\u3002\n\u30d5\u30a7\u30ed\u30e2\u30f3\u30ac\u30b9\u3092\u3000\u767a\u751f\u3055\u305b\u3066\n\u30aa\u30b9\u306e\u3000\u30e4\u30c8\u30a6\u30e2\u30ea\u3092\u3000\u9b45\u4e86\u3059\u308b\u3002",
      "language": {
        "name": "ja",
        "url": "https://pokeapi.co/api/v2/language/11/"
      },
      "version": {
        "name": "sword",
        "url": "https://pokeapi.co/api/v2/version/33/"
      }
    },
    {
      "flavor_text": "\u7130\u540e\u8725\u53ea\u6709\u96cc\u6027\u3002\n\u4f1a\u91ca\u653e\u51fa\u8d39\u6d1b\u8499\u6c14\u4f53\uff0c\n\u8ba9\u96c4\u6027\u7684\u591c\u76d7\u706b\u8725\u4e3a\u4e4b\u7740\u8ff7\u3002",
      "language": {
        "name": "zh-Hans",
        "url": "https://pokeapi.co/api/v2/language/12/"
      },
      "version": {
        "name": "sword",
        "url": "https://pokeapi.co/api/v2/version/33/"
      }
    },
    {
      "flavor_text": "\u30a8\u30f3\u30cb\u30e5\u30fc\u30c8\u3069\u3046\u3057\u306e\u3000\u3042\u3089\u305d\u3044\u306f\n\u3072\u304d\u3064\u308c\u3066\u3044\u308b\u3000\u30aa\u30b9\u306e\u3000\u30e4\u30c8\u30a6\u30e2\u30ea\u306e\n\u304b\u305a\u3067\u3000\u3057\u3087\u3046\u306f\u3044\u304c\u3000\u304d\u307e\u308b\u3089\u3057\u3044\u3002",
      "language": {
        "name": "ja-Hrkt",
        "url": "https://pokeapi.co/api/v2/language/1/"
      },
      "version": {
        "name": "shield",
        "url": "https://pokeapi.co/api/v2/version/34/"
      }
    },
    {
      "flavor_text": "\uc5fc\ub274\ud2b8\ub4e4\uc758 \uc2f8\uc6c0\uc740\n\uac70\ub290\ub9ac\uace0 \uc788\ub294 \uc218\ucef7 \uc57c\ub3c4\ub1fd\uc758\n\uc218\ub85c \uc2b9\ud328\uac00 \uc815\ud574\uc9c0\ub294 \ub4ef\ud558\ub2e4.",
      "language": {
        "name": "ko",
        "url": "https://pokeapi.co/api/v2/language/3/"
      },
      "version": {
        "name": "shield",
        "url": "https://pokeapi.co/api/v2/version/34/"
      }
    },
    {
      "flavor_text": "\u64da\u8aaa\u7130\u540e\u8725\u4e4b\u9593\u5728\u722d\u9b25\u6642\uff0c\n\u662f\u900f\u904e\u6bd4\u62fc\u8ab0\u5e36\u8457\u66f4\u591a\u96bb\n\u96c4\u6027\u591c\u76dc\u706b\u8725\u4f86\u5b9a\u52dd\u8ca0\u7684\u3002",
      "language": {
        "name": "zh-Hant",
        "url": "https://pokeapi.co/api/v2/language/4/"
      },
      "version": {
        "name": "shield",
        "url": "https://pokeapi.co/api/v2/version/34/"
      }
    },
    {
      "flavor_text": "Les conflits entre Malamandre seraient r\u00e9gl\u00e9s\npar un simple calcul : le sp\u00e9cimen dont la suite\ncomporte le plus de Tritox l\u2019emporte.",
      "language": {
        "name": "fr",
        "url": "https://pokeapi.co/api/v2/language/5/"
      },
      "version": {
        "name": "shield",
        "url": "https://pokeapi.co/api/v2/version/34/"
      }
    },
    {
      "flavor_text": "Kommt es unter ihnen zu Streitereien, setzt sich\noffenbar immer das Amfira durch, das von den\nmeisten m\u00e4nnlichen Molunk verehrt wird.",
      "language": {
        "name": "de",
        "url": "https://pokeapi.co/api/v2/language/6/"
      },
      "version": {
        "name": "shield",
        "url": "https://pokeapi.co/api/v2/version/34/"
      }
    },
    {
      "flavor_text": "Libran disputas con sus cong\u00e9neres cuyo\nresultado, al parecer, se inclina por quien tenga\nun s\u00e9quito de Salandit machos m\u00e1s numeroso.",
      "language": {
        "name": "es",
        "url": "https://pokeapi.co/api/v2/language/7/"
      },
      "version": {
        "name": "shield",
        "url": "https://pokeapi.co/api/v2/version/34/"
      }
    },
    {
      "flavor_text": "Sembra che nelle dispute tra Salazzle prevalga\nsempre l\u2019esemplare che ha il maggior numero di\nSalandit maschi al seguito.",
      "language": {
        "name": "it",
        "url": "https://pokeapi.co/api/v2/language/8/"
      },
      "version": {
        "name": "shield",
        "url": "https://pokeapi.co/api/v2/version/34/"
      }
    },
    {
      "flavor_text": "The winner of competitions between Salazzle\nis decided by which one has the most male\nSalandit with it.",
      "language": {
        "name": "en",
        "url": "https://pokeapi.co/api/v2/language/9/"
      },
      "version": {
        "name": "shield",
        "url": "https://pokeapi.co/api/v2/version/34/"
      }
    },
    {
      "flavor_text": "\u30a8\u30f3\u30cb\u30e5\u30fc\u30c8\u540c\u58eb\u306e\u3000\u4e89\u3044\u306f\n\u5f15\u304d\u9023\u308c\u3066\u3044\u308b\u3000\u30aa\u30b9\u306e\u3000\u30e4\u30c8\u30a6\u30e2\u30ea\u306e\n\u6570\u3067\u3000\u52dd\u6557\u304c\u3000\u6c7a\u307e\u308b\u3089\u3057\u3044\u3002",
      "language": {
        "name": "ja",
        "url": "https://pokeapi.co/api/v2/language/11/"
      },
      "version": {
        "name": "shield",
        "url": "https://pokeapi.co/api/v2/version/34/"
      }
    },
    {
      "flavor_text": "\u636e\u8bf4\u7130\u540e\u8725\u4e4b\u95f4\u5728\u4e89\u6597\u65f6\uff0c\n\u662f\u901a\u8fc7\u6bd4\u62fc\u8c01\u5e26\u7740\u66f4\u591a\u53ea\n\u96c4\u6027\u591c\u76d7\u706b\u8725\u6765\u5b9a\u80dc\u8d1f\u7684\u3002",
      "language": {
        "name": "zh-Hans",
        "url": "https://pokeapi.co/api/v2/language/12/"
      },
      "version": {
        "name": "shield",
        "url": "https://pokeapi.co/api/v2/version/34/"
      }
    }
  ],
  "form_descriptions": [],
  "forms_switchable": false,
  "gender_rate": 8,
  "genera": [
    {
      "genus": "\u3069\u304f\u30c8\u30ab\u30b2\u30dd\u30b1\u30e2\u30f3",
      "language": {
        "name": "ja-Hrkt",
        "url": "https://pokeapi.co/api/v2/language/1/"
      }
    },
    {
      "genus": "\ub3c5\ub3c4\ub9c8\ubc40\ud3ec\ucf13\ubaac",
      "language": {
        "name": "ko",
        "url": "https://pokeapi.co/api/v2/language/3/"
      }
    },
    {
      "genus": "\u6bd2\u8725\u5bf6\u53ef\u5922",
      "language": {
        "name": "zh-Hant",
        "url": "https://pokeapi.co/api/v2/language/4/"
      }
    },
    {
      "genus": "Pok\u00e9mon Toxil\u00e9zard",
      "language": {
        "name": "fr",
        "url": "https://pokeapi.co/api/v2/language/5/"
      }
    },
    {
      "genus": "Giftechsen-Pok\u00e9mon",
      "language": {
        "name": "de",
        "url": "https://pokeapi.co/api/v2/language/6/"
      }
    },
    {
      "genus": "Pok\u00e9mon Lagartoxina",
      "language": {
        "name": "es",
        "url": "https://pokeapi.co/api/v2/language/7/"
      }
    },
    {
      "genus": "Pok\u00e9mon Lucertossina",
      "language": {
        "name": "it",
        "url": "https://pokeapi.co/api/v2/language/8/"
      }
    },
    {
      "genus": "Toxic Lizard Pok\u00e9mon",
      "language": {
        "name": "en",
        "url": "https://pokeapi.co/api/v2/language/9/"
      }
    },
    {
      "genus": "\u3069\u304f\u30c8\u30ab\u30b2\u30dd\u30b1\u30e2\u30f3",
      "language": {
        "name": "ja",
        "url": "https://pokeapi.co/api/v2/language/11/"
      }
    },
    {
      "genus": "\u6bd2\u8725\u5b9d\u53ef\u68a6",
      "language": {
        "name": "zh-Hans",
        "url": "https://pokeapi.co/api/v2/language/12/"
      }
    }
  ],
  "generation": {
    "name": "generation-vii",
    "url": "https://pokeapi.co/api/v2/generation/7/"
  },
  "growth_rate": {
    "name": "medium",
    "url": "https://pokeapi.co/api/v2/growth-rate/2/"
  },
  "habitat": null,
  "has_gender_differences": false,
  "hatch_counter": 20,
  "id": 758,
  "is_baby": false,
  "is_legendary": false,
  "is_mythical": false,
  "name": "salazzle",
  "names": [
    {
      "language": {
        "name": "ja-Hrkt",
        "url": "https://pokeapi.co/api/v2/language/1/"
      },
      "name": "\u30a8\u30f3\u30cb\u30e5\u30fc\u30c8"
    },
    {
      "language": {
        "name": "roomaji",
        "url": "https://pokeapi.co/api/v2/language/2/"
      },
      "name": "Ennewt"
    },
    {
      "language": {
        "name": "ko",
        "url": "https://pokeapi.co/api/v2/language/3/"
      },
      "name": "\uc5fc\ub274\ud2b8"
    },
    {
      "language": {
        "name": "zh-Hant",
        "url": "https://pokeapi.co/api/v2/language/4/"
      },
      "name": "\u7130\u540e\u8725"
    },
    {
      "language": {
        "name": "fr",
        "url": "https://pokeapi.co/api/v2/language/5/"
      },
      "name": "Malamandre"
    },
    {
      "language": {
        "name": "de",
        "url": "https://pokeapi.co/api/v2/language/6/"
      },
      "name": "Amfira"
    },
    {
      "language": {
        "name": "es",
        "url": "https://pokeapi.co/api/v2/language/7/"
      },
      "name": "Salazzle"
    },
    {
      "language": {
        "name": "it",
        "url": "https://pokeapi.co/api/v2/language/8/"
      },
      "name": "Salazzle"
    },
    {
      "language": {
        "name": "en",
        "url": "https://pokeapi.co/api/v2/language/9/"
      },
      "name": "Salazzle"
    },
    {
      "language": {
        "name": "ja",
        "url": "https://pokeapi.co/api/v2/language/11/"
      },
      "name": "\u30a8\u30f3\u30cb\u30e5\u30fc\u30c8"
    },
    {
      "language": {
        "name": "zh-Hans",
        "url": "https://pokeapi.co/api/v2/language/12/"
      },
      "name": "\u7130\u540e\u8725"
    }
  ],
  "order": 758,
  "pal_park_encounters": [],
  "pokedex_numbers": [
    {
      "entry_number": 758,
      "pokedex": {
        "name": "national",
        "url": "https://pokeapi.co/api/v2/pokedex/1/"
      }
    },
    {
      "entry_number": 162,
      "pokedex": {
        "name": "original-alola",
        "url": "https://pokeapi.co/api/v2/pokedex/16/"
      }
    },
    {
      "entry_number": 89,
      "pokedex": {
        "name": "original-akala",
        "url": "https://pokeapi.co/api/v2/pokedex/18/"
      }
    },
    {
      "entry_number": 196,
      "pokedex": {
        "name": "updated-alola",
        "url": "https://pokeapi.co/api/v2/pokedex/21/"
      }
    },
    {
      "entry_number": 97,
      "pokedex": {
        "name": "updated-akala",
        "url": "https://pokeapi.co/api/v2/pokedex/23/"
      }
    },
    {
      "entry_number": 245,
      "pokedex": {
        "name": "galar",
        "url": "https://pokeapi.co/api/v2/pokedex/27/"
      }
    },
    {
      "entry_number": 160,
      "pokedex": {
        "name": "isle-of-armor",
        "url": "https://pokeapi.co/api/v2/pokedex/28/"
      }
    },
    {
      "entry_number": 121,
      "pokedex": {
        "name": "paldea",
        "url": "https://pokeapi.co/api/v2/pokedex/31/"
      }
    },
    {
      "entry_number": 169,
      "pokedex": {
        "name": "kitakami",
        "url": "https://pokeapi.co/api/v2/pokedex/32/"
      }
    }
  ],
  "shape": {
    "name": "quadruped",
    "url": "https://pokeapi.co/api/v2/pokemon-shape/8/"
  },
  "varieties": [
    {
      "is_default": true,
      "pokemon": {
        "name": "salazzle",
        "url": "https://pokeapi.co/api/v2/pokemon/758/"
      }
    },
    {
      "is_default": false,
      "pokemon": {
        "name": "salazzle-totem",
        "url": "https://pokeapi.co/api/v2/pokemon/10129/"
      }
    }
  ]
}