{"id": 315, "name": "roselia", "types": [{"slot": 1, "type": {"name": "grass", "url": "https://pokeapi.co/api/v2/type/12/"}}, {"slot": 2, "type": {"name": "poison", "url": "https://pokeapi.co/api/v2/type/4/"}}], "stats": [{"base_stat": 50, "effort": 0, "stat": {"name": "hp", "url": "https://pokeapi.co/api/v2/stat/1/"}}, {"base_stat": 60, "effort": 0, "stat": {"name": "attack", "url": "https://pokeapi.co/api/v2/stat/2/"}}, {"base_stat": 45, "effort": 0, "stat": {"name": "defense", "url": "https://pokeapi.co/api/v2/stat/3/"}}, {"base_stat": 100, "effort": 2, "stat": {"name": "special-attack", "url": "https://pokeapi.co/api/v2/stat/4/"}}, {"base_stat": 80, "effort": 0, "stat": {"name": "special-defense", "url": "https://pokeapi.co/api/v2/stat/5/"}}, {"base_stat": 65, "effort": 0, "stat": {"name": "speed", "url": "https://pokeapi.co/api/v2/stat/6/"}}], "abilities": [{"ability": {"name": "natural-cure", "url": "https://pokeapi.co/api/v2/ability/30/"}, "is_hidden": false, "slot": 1}, {"ability": {"name": "poison-point", "url": "https://pokeapi.co/api/v2/ability/38/"}, "is_hidden": false, "slot": 2}, {"ability": {"name": "leaf-guard", "url": "https://pokeapi.co/api/v2/ability/102/"}, "is_hidden": true, "slot": 3}], "sprites": {"front_default": "https://raw.githubusercontent.com/PokeAPI/sprites/master/sprites/pokemon/315.png"}, "moves": [{"move": {"name": "swords-dance"}, "earliest_level": null}, {"move": {"name": "cut"}, "earliest_level": null}, {"move": {"name": "body-slam"}, "earliest_level": null}, {"move": {"name": "double-edge"}, "earliest_level": null}, {"move": {"name": "poison-sting"}, "earliest_level": 1}, {"move": {"name": "pin-missile"}, "earliest_level": null}, {"move": {"name": "absorb"}, "earliest_level": 1}, {"move": {"name": "mega-drain"}, "earliest_level": 5}, {"move": {"name": "leech-seed"}, "earliest_level": 10}, {"move": {"name": "growth"}, "earliest_level": 1}, {"move": {"name": "razor-leaf"}, "earliest_level": null}, {"move": {"name": "solar-beam"}, "earliest_level": null}, {"move": {"name": "poison-powder"}, "earliest_level": 11}, {"move": {"name": "stun-spore"}, "earliest_level": 1}, {"move": {"name": "sleep-powder"}, "earliest_level": null}, {"move": {"name": "petal-dance"}, "earliest_level": 37}, {"move": {"name": "toxic"}, "earliest_level": 37}, {"move": {"name": "mimic"}, "earliest_level": null}, {"move": {"name": "double-team"}, "earliest_level": null}, {"move": {"name": "swift"}, "earliest_level": null}, {"move": {"name": "flash"}, "earliest_level": null}, {"move": {"name": "rest"}, "earliest_level": null}, {"move": {"name": "substitute"}, "earliest_level": null}, {"move": {"name": "mind-reader"}, "earliest_level": null}, {"move": {"name": "nightmare"}, "earliest_level": null}, {"move": {"name": "snore"}, "earliest_level": null}, {"move": {"name": "cotton-spore"}, "earliest_level": null}, {"move": {"name": "protect"}, "earliest_level": null}, {"move": {"name": "sludge-bomb"}, "earliest_level": null}, {"move": {"name": "mud-slap"}, "earliest_level": null}, {"move": {"name": "spikes"}, "earliest_level": null}, {"move": {"name": "giga-drain"}, "earliest_level": 25}, {"move": {"name": "endure"}, "earliest_level": null}, {"move": {"name": "swagger"}, "earliest_level": null}, {"move": {"name": "fury-cutter"}, "earliest_level": null}, {"move": {"name": "attract"}, "earliest_level": null}, {"move": {"name": "sleep-talk"}, "earliest_level": null}, {"move": {"name": "return"}, "earliest_level": null}, {"move": {"name": "frustration"}, "earliest_level": null}, {"move": {"name": "sweet-scent"}, "earliest_level": 25}, {"move": {"name": "synthesis"}, "earliest_level": 35}, {"move": {"name": "hidden-power"}, "earliest_level": null}, {"move": {"name": "rain-dance"}, "earliest_level": null}, {"move": {"name": "sunny-day"}, "earliest_level": null}, {"move": {"name": "psych-up"}, "earliest_level": null}, {"move": {"name": "shadow-ball"}, "earliest_level": null}, {"move": {"name": "uproar"}, "earliest_level": null}, {"move": {"name": "facade"}, "earliest_level": null}, {"move": {"name": "nature-power"}, "earliest_level": null}, {"move": {"name": "ingrain"}, "earliest_level": 34}, {"move": {"name": "secret-power"}, "earliest_level": null}, {"move": {"name": "weather-ball"}, "earliest_level": null}, {"move": {"name": "aromatherapy"}, "earliest_level": 43}, {"move": {"name": "grass-whistle"}, "earliest_level": 22}, {"move": {"name": "extrasensory"}, "earliest_level": null}, {"move": {"name": "bullet-seed"}, "earliest_level": null}, {"move": {"name": "covet"}, "earliest_level": null}, {"move": {"name": "magical-leaf"}, "earliest_level": 15}, {"move": {"name": "natural-gift"}, "earliest_level": null}, {"move": {"name": "worry-seed"}, "earliest_level": 1}, {"move": {"name": "toxic-spikes"}, "earliest_level": 20}, {"move": {"name": "poison-jab"}, "earliest_level": 34}, {"move": {"name": "seed-bomb"}, "earliest_level": null}, {"move": {"name": "energy-ball"}, "earliest_level": 43}, {"move": {"name": "leaf-storm"}, "earliest_level": null}, {"move": {"name": "power-whip"}, "earliest_level": null}, {"move": {"name": "captivate"}, "earliest_level": null}, {"move": {"name": "grass-knot"}, "earliest_level": null}, {"move": {"name": "venoshock"}, "earliest_level": 25}, {"move": {"name": "round"}, "earliest_level": null}, {"move": {"name": "petal-blizzard"}, "earliest_level": 37}, {"move": {"name": "confide"}, "earliest_level": null}, {"move": {"name": "dazzling-gleam"}, "earliest_level": null}, {"move": {"name": "life-dew"}, "earliest_level": null}, {"move": {"name": "grassy-glide"}, "earliest_level": null}], "species": {"url": "https://pokeapi.co/api/v2/pokemon-species/315/"}, "height": 3, "weight": 20}