{"flavor_text_entries": [{"flavor_text": "A timid fairy\nPOK\u00e9MON that is\nrarely seen. It\fwill run and hide\nthe moment it\nsenses people.", "language": {"name": "en", "url": "https://pokeapi.co/api/v2/language/9/"}, "version": {"name": "red", "url": "https://pokeapi.co/api/v2/version/1/"}}, {"flavor_text": "A timid fairy\nPOK\u00e9MON that is\nrarely seen. It\fwill run and hide\nthe moment it\nsenses people.", "language": {"name": "en", "url": "https://pokeapi.co/api/v2/language/9/"}, "version": {"name": "blue", "url": "https://pokeapi.co/api/v2/version/2/"}}, {"flavor_text": "They appear to be\nvery protective of\ntheir own world.\fIt is a kind of\nfairy, rarely seen\nby people.", "language": {"name": "en", "url": "https://pokeapi.co/api/v2/language/9/"}, "version": {"name": "yellow", "url": "https://pokeapi.co/api/v2/version/3/"}}, {"flavor_text": "With its acute\nhearing, it can\npick up sounds\ffrom far away. It\nusually hides in\nquiet places.", "language": {"name": "en", "url": "https://pokeapi.co/api/v2/language/9/"}, "version": {"name": "gold", "url": "https://pokeapi.co/api/v2/version/4/"}}, {"flavor_text": "Its very sensitive\nears lets it dis\u00ad\ntinguish distant\fsounds. As a re\u00ad\nsult, it prefers\nquiet places.", "language": {"name": "en", "url": "https://pokeapi.co/api/v2/language/9/"}, "version": {"name": "silver", "url": "https://pokeapi.co/api/v2/version/5/"}}, {"flavor_text": "Said to live in\nquiet, remote\nmountains, this\ftype of fairy has\na strong aversion\nto being seen.", "language": {"name": "en", "url": "https://pokeapi.co/api/v2/language/9/"}, "version": {"name": "crystal", "url": "https://pokeapi.co/api/v2/version/6/"}}, {"flavor_text": "CLEFABLE moves by skipping lightly as if\nit were flying using its wings. Its\nbouncy step lets it even walk on water.\fIt is known to take strolls on lakes on\nquiet, moonlit nights.", "language": {"name": "en", "url": "https://pokeapi.co/api/v2/language/9/"}, "version": {"name": "ruby", "url": "https://pokeapi.co/api/v2/version/7/"}}, {"flavor_text": "CLEFABLE moves by skipping lightly as if\nit were flying using its wings. Its\nbouncy step lets it even walk on water.\fIt is known to take strolls on lakes on\nquiet, moonlit nights.", "language": {"name": "en", "url": "https://pokeapi.co/api/v2/language/9/"}, "version": {"name": "sapphire", "url": "https://pokeapi.co/api/v2/version/8/"}}, {"flavor_text": "A CLEFABLE uses its wings to skip lightly \nas if it were flying. Its bouncy step\nlets it even walk on water. On quiet,\nmoonlit nights, it strolls on lakes.", "language": {"name": "en", "url": "https://pokeapi.co/api/v2/language/9/"}, "version": {"name": "emerald", "url": "https://pokeapi.co/api/v2/version/9/"}}, {"flavor_text": "It has an acute sense of hearing. It can\neasily hear a pin being dropped nearly\n1,100 yards away.", "language": {"name": "en", "url": "https://pokeapi.co/api/v2/language/9/"}, "version": {"name": "firered", "url": "https://pokeapi.co/api/v2/version/10/"}}, {"flavor_text": "A timid fairy POK\u00e9MON that is rarely seen,\nit will run and hide the moment it senses\npeople.", "language": {"name": "en", "url": "https://pokeapi.co/api/v2/language/9/"}, "version": {"name": "leafgreen", "url": "https://pokeapi.co/api/v2/version/11/"}}, {"flavor_text": "Rarely seen by people, it is\nsaid to be drawn by the full\nmoon to play at deserted lakes.", "language": {"name": "en", "url": "https://pokeapi.co/api/v2/language/9/"}, "version": {"name": "diamond", "url": "https://pokeapi.co/api/v2/version/12/"}}, {"flavor_text": "Its hearing is so acute it can\nhear a pin drop over half a mile\naway. It lives on quiet mountains.", "language": {"name": "en", "url": "https://pokeapi.co/api/v2/language/9/"}, "version": {"name": "pearl", "url": "https://pokeapi.co/api/v2/version/13/"}}, {"flavor_text": "It is very wary and rarely shows\nitself to people. Its ears can hear\na pin drop over half a mile away.", "language": {"name": "en", "url": "https://pokeapi.co/api/v2/language/9/"}, "version": {"name": "platinum", "url": "https://pokeapi.co/api/v2/version/14/"}}, {"flavor_text": "With its acute hearing, it can\npick up sounds from far away.\nIt usually hides in quiet places.", "language": {"name": "en", "url": "https://pokeapi.co/api/v2/language/9/"}, "version": {"name": "heartgold", "url": "https://pokeapi.co/api/v2/version/15/"}}, {"flavor_text": "Its very sensitive ears let it\ndistinguish distant sounds. As a\nresult, it prefers quiet places.", "language": {"name": "en", "url": "https://pokeapi.co/api/v2/language/9/"}, "version": {"name": "soulsilver", "url": "https://pokeapi.co/api/v2/version/16/"}}, {"flavor_text": "It is very wary and rarely shows\nitself to people. Its ears can hear\na pin drop over half a mile away.", "language": {"name": "en", "url": "https://pokeapi.co/api/v2/language/9/"}, "version": {"name": "black", "url": "https://pokeapi.co/api/v2/version/17/"}}, {"flavor_text": "It is very wary and rarely shows\nitself to people. Its ears can hear\na pin drop over half a mile away.", "language": {"name": "en", "url": "https://pokeapi.co/api/v2/language/9/"}, "version": {"name": "white", "url": "https://pokeapi.co/api/v2/version/18/"}}, {"flavor_text": "Their ears are sensitive enough to hear\na pin drop from over a mile away,\nso they\u2019re usually found in quiet places.", "language": {"name": "en", "url": "https://pokeapi.co/api/v2/language/9/"}, "version": {"name": "black-2", "url": "https://pokeapi.co/api/v2/version/21/"}}, {"flavor_text": "Their ears are sensitive enough to hear\na pin drop from over a mile away,\nso they\u2019re usually found in quiet places.", "language": {"name": "en", "url": "https://pokeapi.co/api/v2/language/9/"}, "version": {"name": "white-2", "url": "https://pokeapi.co/api/v2/version/22/"}}, {"flavor_text": "Its hearing is so acute it can hear a pin drop over\nhalf a mile away. It lives on quiet mountains.", "language": {"name": "en", "url": "https://pokeapi.co/api/v2/language/9/"}, "version": {"name": "x", "url": "https://pokeapi.co/api/v2/version/23/"}}, {"flavor_text": "A timid fairy Pok\u00e9mon that is rarely seen, it will run\nand hide the moment it senses people.", "language": {"name": "en", "url": "https://pokeapi.co/api/v2/language/9/"}, "version": {"name": "y", "url": "https://pokeapi.co/api/v2/version/24/"}}, {"flavor_text": "Clefable moves by skipping lightly as if it were flying using its\nwings. Its bouncy step lets it even walk on water. It is known\nto take strolls on lakes on quiet, moonlit nights.", "language": {"name": "en", "url": "https://pokeapi.co/api/v2/language/9/"}, "version": {"name": "omega-ruby", "url": "https://pokeapi.co/api/v2/version/25/"}}, {"flavor_text": "Clefable moves by skipping lightly as if it were flying using\nits wings. Its bouncy step lets it even walk on water.\nIt is known to take strolls on lakes on quiet, moonlit nights.", "language": {"name": "en", "url": "https://pokeapi.co/api/v2/language/9/"}, "version": {"name": "alpha-sapphire", "url": "https://pokeapi.co/api/v2/version/26/"}}, {"flavor_text": "They don\u2019t like to reveal themselves in front of\npeople. They live quietly in packs deep in\nthe mountains.", "language": {"name": "en", "url": "https://pokeapi.co/api/v2/language/9/"}, "version": {"name": "sun", "url": "https://pokeapi.co/api/v2/version/27/"}}, {"flavor_text": "According to tradition, people who see a pair\nof Clefable skipping by can look forward to a\nhappy marriage.", "language": {"name": "en", "url": "https://pokeapi.co/api/v2/language/9/"}, "version": {"name": "moon", "url": "https://pokeapi.co/api/v2/version/28/"}}, {"flavor_text": "It can\u2019t help but hear a pin drop from over half\na mile away, so it lives deep in the mountains\nwhere there aren\u2019t many people or Pok\u00e9mon.", "language": {"name": "en", "url": "https://pokeapi.co/api/v2/language/9/"}, "version": {"name": "ultra-sun", "url": "https://pokeapi.co/api/v2/version/29/"}}, {"flavor_text": "Some scientists believe that it gazes intently at\nthe sky on nights with a full moon because\nit\u2019s homesick.", "language": {"name": "en", "url": "https://pokeapi.co/api/v2/language/9/"}, "version": {"name": "ultra-moon", "url": "https://pokeapi.co/api/v2/version/30/"}}, {"flavor_text": "They appear to be very protective of their own\nworld. It is a kind of fairy, rarely seen by people.", "language": {"name": "en", "url": "https://pokeapi.co/api/v2/language/9/"}, "version": {"name": "lets-go-pikachu", "url": "https://pokeapi.co/api/v2/version/31/"}}, {"flavor_text": "They appear to be very protective of their own\nworld. It is a kind of fairy, rarely seen by people.", "language": {"name": "en", "url": "https://pokeapi.co/api/v2/language/9/"}, "version": {"name": "lets-go-eevee", "url": "https://pokeapi.co/api/v2/version/32/"}}, {"flavor_text": "A timid fairy Pok\u00e9mon that is rarely seen, it will\nrun and hide the moment it senses people.", "language": {"name": "en", "url": "https://pokeapi.co/api/v2/language/9/"}, "version": {"name": "sword", "url": "https://pokeapi.co/api/v2/version/33/"}}, {"flavor_text": "Their ears are sensitive enough to hear a pin\ndrop from over a mile away, so they\u2019re usually\nfound in quiet places.", "language": {"name": "en", "url": "https://pokeapi.co/api/v2/language/9/"}, "version": {"name": "shield", "url": "https://pokeapi.co/api/v2/version/34/"}}, {"flavor_text": "Legend says that on clear, quiet nights, it listens for the voices\nof its kin living on the moon. I, too, often think of my homeland,\nso far away.", "language": {"name": "en", "url": "https://pokeapi.co/api/v2/language/9/"}, "version": {"name": "legends-arceus", "url": "https://pokeapi.co/api/v2/version/39/"}}], "evolution_chain": {"url": "https://pokeapi.co/api/v2/evolution-chain/14/"}}