{"flavor_text_entries": [{"flavor_text": "Competing for territory, Crustle\nfight viciously. The one whose boulder\nis broken is the loser of the battle.", "language": {"name": "en", "url": "https://pokeapi.co/api/v2/language/9/"}, "version": {"name": "black", "url": "https://pokeapi.co/api/v2/version/17/"}}, {"flavor_text": "It possesses legs of enormous strength,\nenabling it to carry heavy slabs for many\ndays, even when crossing arid land.", "language": {"name": "en", "url": "https://pokeapi.co/api/v2/language/9/"}, "version": {"name": "white", "url": "https://pokeapi.co/api/v2/version/18/"}}, {"flavor_text": "When its boulder is broken\nin battles for territory, it feels\nunsure and begins to weaken.", "language": {"name": "en", "url": "https://pokeapi.co/api/v2/language/9/"}, "version": {"name": "black-2", "url": "https://pokeapi.co/api/v2/version/21/"}}, {"flavor_text": "When its boulder is broken\nin battles for territory, it feels\nunsure and begins to weaken.", "language": {"name": "en", "url": "https://pokeapi.co/api/v2/language/9/"}, "version": {"name": "white-2", "url": "https://pokeapi.co/api/v2/version/22/"}}, {"flavor_text": "It possesses legs of enormous strength, enabling it\nto carry heavy slabs for many days, even when\ncrossing arid land.", "language": {"name": "en", "url": "https://pokeapi.co/api/v2/language/9/"}, "version": {"name": "x", "url": "https://pokeapi.co/api/v2/version/23/"}}, {"flavor_text": "Competing for territory, Crustle fight viciously.\nThe one whose boulder is broken is the loser of\nthe battle.", "language": {"name": "en", "url": "https://pokeapi.co/api/v2/language/9/"}, "version": {"name": "y", "url": "https://pokeapi.co/api/v2/version/24/"}}, {"flavor_text": "It possesses legs of enormous strength, enabling it\nto carry heavy slabs for many days, even when\ncrossing arid land.", "language": {"name": "en", "url": "https://pokeapi.co/api/v2/language/9/"}, "version": {"name": "omega-ruby", "url": "https://pokeapi.co/api/v2/version/25/"}}, {"flavor_text": "Competing for territory, Crustle fight viciously.\nThe one whose boulder is broken is the loser of\nthe battle.", "language": {"name": "en", "url": "https://pokeapi.co/api/v2/language/9/"}, "version": {"name": "alpha-sapphire", "url": "https://pokeapi.co/api/v2/version/26/"}}, {"flavor_text": "This highly territorial Pok\u00e9mon prefers dry\nclimates. It won\u2019t come out of its boulder on\nrainy days.", "language": {"name": "en", "url": "https://pokeapi.co/api/v2/language/9/"}, "version": {"name": "sword", "url": "https://pokeapi.co/api/v2/version/33/"}}, {"flavor_text": "Its thick claws are its greatest weapons.\nThey\u2019re mighty enough to crack\nRhyperior\u2019s carapace.", "language": {"name": "en", "url": "https://pokeapi.co/api/v2/language/9/"}, "version": {"name": "shield", "url": "https://pokeapi.co/api/v2/version/34/"}}], "evolution_chain": {"url": "https://pokeapi.co/api/v2/evolution-chain/284/"}}