{"flavor_text_entries": [{"flavor_text": "It may drop out of\nthe sky suddenly.\nIf attacked by a\fSPEAROW, it will\nviolently shake\nits leaves.", "language": {"name": "en", "url": "https://pokeapi.co/api/v2/language/9/"}, "version": {"name": "gold", "url": "https://pokeapi.co/api/v2/version/4/"}}, {"flavor_text": "It lives by drink\u00ad\ning only dewdrops\nfrom under the\fleaves of plants.\nIt is said that it\neats nothing else.", "language": {"name": "en", "url": "https://pokeapi.co/api/v2/language/9/"}, "version": {"name": "silver", "url": "https://pokeapi.co/api/v2/version/5/"}}, {"flavor_text": "It is very weak.\nIts only means of\ndefense is to\fshake its leaves\ndesperately at its\nattacker.", "language": {"name": "en", "url": "https://pokeapi.co/api/v2/language/9/"}, "version": {"name": "crystal", "url": "https://pokeapi.co/api/v2/version/6/"}}, {"flavor_text": "SUNKERN tries to move as little as it\npossibly can. It does so because it\ntries to conserve all the nutrients it\fhas stored in its body for its\nevolution. It will not eat a thing, \nsubsisting only on morning dew.", "language": {"name": "en", "url": "https://pokeapi.co/api/v2/language/9/"}, "version": {"name": "ruby", "url": "https://pokeapi.co/api/v2/version/7/"}}, {"flavor_text": "SUNKERN tries to move as little as it\npossibly can. It does so because it\ntries to conserve all the nutrients it\fhas stored in its body for its\nevolution. It will not eat a thing, \nsubsisting only on morning dew.", "language": {"name": "en", "url": "https://pokeapi.co/api/v2/language/9/"}, "version": {"name": "sapphire", "url": "https://pokeapi.co/api/v2/version/8/"}}, {"flavor_text": "SUNKERN try to minimize movement to\nconserve the nutrients they have stored\nin their bodies for evolution. They will\nnot eat, subsisting only on morning dew.", "language": {"name": "en", "url": "https://pokeapi.co/api/v2/language/9/"}, "version": {"name": "emerald", "url": "https://pokeapi.co/api/v2/version/9/"}}, {"flavor_text": "It lives by drinking only dewdrops from\nunder the leaves of plants. It is said\nthat it eats nothing else.", "language": {"name": "en", "url": "https://pokeapi.co/api/v2/language/9/"}, "version": {"name": "firered", "url": "https://pokeapi.co/api/v2/version/10/"}}, {"flavor_text": "It may drop out of the sky suddenly.\nIf attacked by a SPEAROW, it will\nviolently shake its leaves.", "language": {"name": "en", "url": "https://pokeapi.co/api/v2/language/9/"}, "version": {"name": "leafgreen", "url": "https://pokeapi.co/api/v2/version/11/"}}, {"flavor_text": "It suddenly falls out of the sky in\nthe morning. A year after a cold\nsummer, their population explodes.", "language": {"name": "en", "url": "https://pokeapi.co/api/v2/language/9/"}, "version": {"name": "diamond", "url": "https://pokeapi.co/api/v2/version/12/"}}, {"flavor_text": "It suddenly falls out of the sky in\nthe morning. A year after a cold\nsummer, their population explodes.", "language": {"name": "en", "url": "https://pokeapi.co/api/v2/language/9/"}, "version": {"name": "pearl", "url": "https://pokeapi.co/api/v2/version/13/"}}, {"flavor_text": "It suddenly falls out of the sky in\nthe morning. A year after a cold\nsummer, their population explodes.", "language": {"name": "en", "url": "https://pokeapi.co/api/v2/language/9/"}, "version": {"name": "platinum", "url": "https://pokeapi.co/api/v2/version/14/"}}, {"flavor_text": "It may plummet from the sky.\nIf attacked by a SPEAROW,\nit will violently shake its leaves.", "language": {"name": "en", "url": "https://pokeapi.co/api/v2/language/9/"}, "version": {"name": "heartgold", "url": "https://pokeapi.co/api/v2/version/15/"}}, {"flavor_text": "It lives by drinking only dewdrops\nfrom under the leaves of plants.\nIt is said that it eats nothing else.", "language": {"name": "en", "url": "https://pokeapi.co/api/v2/language/9/"}, "version": {"name": "soulsilver", "url": "https://pokeapi.co/api/v2/version/16/"}}, {"flavor_text": "It suddenly falls out of the sky in\nthe morning. A year after a cold\nsummer, their population explodes.", "language": {"name": "en", "url": "https://pokeapi.co/api/v2/language/9/"}, "version": {"name": "black", "url": "https://pokeapi.co/api/v2/version/17/"}}, {"flavor_text": "It suddenly falls out of the sky in\nthe morning. A year after a cold\nsummer, their population explodes.", "language": {"name": "en", "url": "https://pokeapi.co/api/v2/language/9/"}, "version": {"name": "white", "url": "https://pokeapi.co/api/v2/version/18/"}}, {"flavor_text": "It suddenly falls out of the sky in\nthe morning. Knowing it\u2019s weak, it\nsimply feeds until it evolves.", "language": {"name": "en", "url": "https://pokeapi.co/api/v2/language/9/"}, "version": {"name": "black-2", "url": "https://pokeapi.co/api/v2/version/21/"}}, {"flavor_text": "It suddenly falls out of the sky in\nthe morning. Knowing it\u2019s weak, it\nsimply feeds until it evolves.", "language": {"name": "en", "url": "https://pokeapi.co/api/v2/language/9/"}, "version": {"name": "white-2", "url": "https://pokeapi.co/api/v2/version/22/"}}, {"flavor_text": "It may plummet from the sky. If attacked by a\nSpearow, it will violently shake its leaves.", "language": {"name": "en", "url": "https://pokeapi.co/api/v2/language/9/"}, "version": {"name": "x", "url": "https://pokeapi.co/api/v2/version/23/"}}, {"flavor_text": "It lives by drinking only dewdrops from under the\nleaves of plants. It is said that it eats nothing else.", "language": {"name": "en", "url": "https://pokeapi.co/api/v2/language/9/"}, "version": {"name": "y", "url": "https://pokeapi.co/api/v2/version/24/"}}, {"flavor_text": "Sunkern tries to move as little as it possibly can. It does so\nbecause it tries to conserve all the nutrients it has stored in its\nbody for its evolution. It will not eat a thing, subsisting only on\nmorning dew.", "language": {"name": "en", "url": "https://pokeapi.co/api/v2/language/9/"}, "version": {"name": "omega-ruby", "url": "https://pokeapi.co/api/v2/version/25/"}}, {"flavor_text": "Sunkern tries to move as little as it possibly can. It does so\nbecause it tries to conserve all the nutrients it has stored in its\nbody for its evolution. It will not eat a thing, subsisting only on\nmorning dew.", "language": {"name": "en", "url": "https://pokeapi.co/api/v2/language/9/"}, "version": {"name": "alpha-sapphire", "url": "https://pokeapi.co/api/v2/version/26/"}}], "evolution_chain": {"url": "https://pokeapi.co/api/v2/evolution-chain/94/"}}