{"flavor_text_entries": [{"flavor_text": "Tadbulb shakes its tail to generate electricity. If it senses danger, it will make its head blink on and off to alert its allies.", "language": {"name": "en", "url": "https://pokeapi.co/api/v2/language/9/"}, "version": {"name": "scarlet", "url": "https://pokeapi.co/api/v2/version/40/"}}, {"flavor_text": "It floats using the electricity stored in its body. When thunderclouds are around, Tadbulb will float higher off the ground.", "language": {"name": "en", "url": "https://pokeapi.co/api/v2/language/9/"}, "version": {"name": "violet", "url": "https://pokeapi.co/api/v2/version/41/"}}], "evolution_chain": {"url": "https://pokeapi.co/api/v2/evolution-chain/491/"}}