{
  "base_happiness": 70,
  "capture_rate": 75,
  "color": {
    "name": "pink",
    "url": "https://pokeapi.co/api/v2/pokemon-color/6/"
  },
  "egg_groups": [
    {
      "name": "plant",
      "url": "https://pokeapi.co/api/v2/egg-group/7/"
    }
  ],
  "evolution_chain": {
    "url": "https://pokeapi.co/api/v2/evolution-chain/388/"
  },
  "evolves_from_species": {
    "name": "fomantis",
    "url": "https://pokeapi.co/api/v2/pokemon-species/753/"
  },
  "flavor_text_entries": [
    {
      "flavor_text": "\u3042\u3056\u3084\u304b\u306a\u3000\u305f\u3044\u3057\u3087\u304f\u3092\u3000\u305f\u3082\u3064\u306b\u306f\n\u3072\u3058\u3087\u3046\u306b\u3000\u3066\u307e\u304c\u3000\u304b\u304b\u308b\u304c\u3000\u305d\u308c\u3092\n\u3057\u3085\u307f\u306b\u3059\u308b\u3000\u3053\u3046\u305a\u304b\u3082\u3000\u3044\u308b\u306e\u3060\u3002",
      "language": {
        "name": "ja-Hrkt",
        "url": "https://pokeapi.co/api/v2/language/1/"
      },
      "version": {
        "name": "sun",
        "url": "https://pokeapi.co/api/v2/version/27/"
      }
    },
    {
      "flavor_text": "\uc120\uba85\ud55c \ubab8\uc758 \uc0c9\uc744 \uc720\uc9c0\ud558\uae30 \uc704\ud574\uc11c\n\uad49\uc7a5\ud788 \uc190\uc774 \uac00\uc9c0\ub9cc \uadf8\uac83\uc744\n\ucde8\ubbf8\ub85c \ud558\ub294 \uc720\ubcc4\ub09c \uc0ac\ub78c\ub3c4 \uc788\ub2e4.",
      "language": {
        "name": "ko",
        "url": "https://pokeapi.co/api/v2/language/3/"
      },
      "version": {
        "name": "sun",
        "url": "https://pokeapi.co/api/v2/version/27/"
      }
    },
    {
      "flavor_text": "\u8981\u7dad\u6301\u9019\u9bae\u8c54\u7684\u9ad4\u8272\uff0c\n\u53ef\u662f\u8981\u82b1\u5f88\u591a\u529f\u592b\u7684\u3002\n\u4f46\u4e5f\u6709\u7279\u6b8a\u55dc\u597d\u7684\u4eba\u628a\u9019\u7576\u8208\u8da3\u3002",
      "language": {
        "name": "zh-Hant",
        "url": "https://pokeapi.co/api/v2/language/4/"
      },
      "version": {
        "name": "sun",
        "url": "https://pokeapi.co/api/v2/version/27/"
      }
    },
    {
      "flavor_text": "Pr\u00e9server ses couleurs \u00e9clatantes requiert\nun travail titanesque. On trouve tout de m\u00eame\ndes gens assez fous pour s\u2019y atteler.",
      "language": {
        "name": "fr",
        "url": "https://pokeapi.co/api/v2/language/5/"
      },
      "version": {
        "name": "sun",
        "url": "https://pokeapi.co/api/v2/version/27/"
      }
    },
    {
      "flavor_text": "Es erfordert viel Arbeit, seine Farbenpracht zu\nerhalten, doch zum Gl\u00fcck gibt es Passionierte,\ndie den hohen Aufwand nicht scheuen.",
      "language": {
        "name": "de",
        "url": "https://pokeapi.co/api/v2/language/6/"
      },
      "version": {
        "name": "sun",
        "url": "https://pokeapi.co/api/v2/version/27/"
      }
    },
    {
      "flavor_text": "Dedica mucho tiempo y esfuerzo a acicalarse\ny preservar sus vivos colores. A algunos\nejemplares incluso les lleva todo el d\u00eda.",
      "language": {
        "name": "es",
        "url": "https://pokeapi.co/api/v2/language/7/"
      },
      "version": {
        "name": "sun",
        "url": "https://pokeapi.co/api/v2/version/27/"
      }
    },
    {
      "flavor_text": "Passano la maggior parte del tempo a curare\ni colori vivaci del loro corpo, tanto che per alcuni\ndi essi \u00e8 un piacevole hobby a tempo pieno.",
      "language": {
        "name": "it",
        "url": "https://pokeapi.co/api/v2/language/8/"
      },
      "version": {
        "name": "sun",
        "url": "https://pokeapi.co/api/v2/version/27/"
      }
    },
    {
      "flavor_text": "It requires a lot of effort to maintain Lurantis\u2019s\nvivid coloring, but some collectors enjoy this\nwork and treat it as their hobby.",
      "language": {
        "name": "en",
        "url": "https://pokeapi.co/api/v2/language/9/"
      },
      "version": {
        "name": "sun",
        "url": "https://pokeapi.co/api/v2/version/27/"
      }
    },
    {
      "flavor_text": "\u9bae\u3084\u304b\u306a\u3000\u4f53\u8272\u3092\u3000\u4fdd\u3064\u306b\u306f\n\u975e\u5e38\u306b\u3000\u624b\u9593\u304c\u3000\u304b\u304b\u308b\u304c\u3000\u305d\u308c\u3092\n\u8da3\u5473\u306b\u3059\u308b\u3000\u597d\u4e8b\u5bb6\u3082\u3000\u3044\u308b\u306e\u3060\u3002",
      "language": {
        "name": "ja",
        "url": "https://pokeapi.co/api/v2/language/11/"
      },
      "version": {
        "name": "sun",
        "url": "https://pokeapi.co/api/v2/version/27/"
      }
    },
    {
      "flavor_text": "\u8981\u4fdd\u6301\u9c9c\u8273\u7684\u8eab\u4f53\u989c\u8272\uff0c\n\u5f97\u82b1\u5f88\u591a\u529f\u592b\u3002\u4f46\u628a\u8fd9\u4e2a\n\u5f53\u505a\u5174\u8da3\u7684\u7231\u597d\u8005\u4e5f\u662f\u6709\u7684\u3002",
      "language": {
        "name": "zh-Hans",
        "url": "https://pokeapi.co/api/v2/language/12/"
      },
      "version": {
        "name": "sun",
        "url": "https://pokeapi.co/api/v2/version/27/"
      }
    },
    {
      "flavor_text": "\u30ab\u30de\u3058\u3087\u3046\u306e\u3000\u306f\u306a\u3073\u3089\u304b\u3089\u3000\u30d3\u30fc\u30e0\u3092\n\u306f\u306a\u3064\u3002\u3000\u3076\u3042\u3064\u3044\u3000\u3066\u3063\u3071\u3093\u3082\n\u307e\u3063\u3077\u305f\u3064\u306b\u3000\u305b\u3064\u3060\u3093\u3059\u308b\u3000\u3044\u308a\u3087\u304f\u3002",
      "language": {
        "name": "ja-Hrkt",
        "url": "https://pokeapi.co/api/v2/language/1/"
      },
      "version": {
        "name": "moon",
        "url": "https://pokeapi.co/api/v2/version/28/"
      }
    },
    {
      "flavor_text": "\ub0ab \ubaa8\uc591\uc758 \uaf43\uc78e\uc5d0\uc11c \ube54\uc744\n\ubc1c\uc0ac\ud55c\ub2e4. \ub450\uaebc\uc6b4 \ucca0\ud310\ub3c4\n\ub450 \ub3d9\uac15 \ub098\ub294 \uc704\ub825\uc774\ub2e4.",
      "language": {
        "name": "ko",
        "url": "https://pokeapi.co/api/v2/language/3/"
      },
      "version": {
        "name": "moon",
        "url": "https://pokeapi.co/api/v2/version/28/"
      }
    },
    {
      "flavor_text": "\u5f9e\u942e\u5200\u72c0\u7684\u82b1\u74e3\u4e2d\u653e\u5c04\u5149\u675f\u3002\n\u5177\u6709\u9023\u539a\u539a\u7684\u9435\u677f\u4e5f\u80fd\u4e00\u5207\u5169\u534a\u7684\u5a01\u529b\u3002",
      "language": {
        "name": "zh-Hant",
        "url": "https://pokeapi.co/api/v2/language/4/"
      },
      "version": {
        "name": "moon",
        "url": "https://pokeapi.co/api/v2/version/28/"
      }
    },
    {
      "flavor_text": "Ses p\u00e9tales en forme de faux envoient des\nrayons capables de couper un bloc de m\u00e9tal\nen deux avec une facilit\u00e9 d\u00e9concertante.",
      "language": {
        "name": "fr",
        "url": "https://pokeapi.co/api/v2/language/5/"
      },
      "version": {
        "name": "moon",
        "url": "https://pokeapi.co/api/v2/version/28/"
      }
    },
    {
      "flavor_text": "Kann aus seinen sichelf\u00f6rmigen Bl\u00e4ttern\neinen Strahl abschie\u00dfen, der selbst eine\nEisenplatte zerschneidet.",
      "language": {
        "name": "de",
        "url": "https://pokeapi.co/api/v2/language/6/"
      },
      "version": {
        "name": "moon",
        "url": "https://pokeapi.co/api/v2/version/28/"
      }
    },
    {
      "flavor_text": "Sus p\u00e9talos en forma de guada\u00f1a liberan un rayo\ncon una potencia capaz de partir por la mitad\nuna plancha de hierro bien gruesa.",
      "language": {
        "name": "es",
        "url": "https://pokeapi.co/api/v2/language/7/"
      },
      "version": {
        "name": "moon",
        "url": "https://pokeapi.co/api/v2/version/28/"
      }
    },
    {
      "flavor_text": "Dai suoi petali a forma di falce sprigiona\nun raggio capace di tranciare in due una\nspranga di ferro.",
      "language": {
        "name": "it",
        "url": "https://pokeapi.co/api/v2/language/8/"
      },
      "version": {
        "name": "moon",
        "url": "https://pokeapi.co/api/v2/version/28/"
      }
    },
    {
      "flavor_text": "It fires beams from its sickle-shaped petals.\nThese beams are powerful enough to cleave\nthrough thick metal plates.",
      "language": {
        "name": "en",
        "url": "https://pokeapi.co/api/v2/language/9/"
      },
      "version": {
        "name": "moon",
        "url": "https://pokeapi.co/api/v2/version/28/"
      }
    },
    {
      "flavor_text": "\u938c\u72b6\u306e\u3000\u82b1\u3073\u3089\u304b\u3089\u3000\u30d3\u30fc\u30e0\u3092\n\u653e\u3064\u3002\u3000\u5206\u539a\u3044\u3000\u9244\u677f\u3082\n\u771f\u3063\u4e8c\u3064\u306b\u3000\u5207\u65ad\u3059\u308b\u3000\u5a01\u529b\u3002",
      "language": {
        "name": "ja",
        "url": "https://pokeapi.co/api/v2/language/11/"
      },
      "version": {
        "name": "moon",
        "url": "https://pokeapi.co/api/v2/version/28/"
      }
    },
    {
      "flavor_text": "\u4ece\u9570\u5200\u72b6\u7684\u82b1\u74e3\u4e2d\u653e\u5c04\u51fa\u5149\u675f\u3002\n\u5a01\u529b\u5927\u5230\u8fde\u5f88\u539a\u7684\u94c1\u677f\u4e5f\u4f1a\u4e00\u5207\u4e24\u534a\u3002",
      "language": {
        "name": "zh-Hans",
        "url": "https://pokeapi.co/api/v2/language/12/"
      },
      "version": {
        "name": "moon",
        "url": "https://pokeapi.co/api/v2/version/28/"
      }
    },
    {
      "flavor_text": "\u3080\u3057\u30dd\u30b1\u30e2\u30f3\u306e\u3000\u3075\u308a\u3092\u3000\u3059\u308b\u306e\u306f\n\u307f\u3092\u3000\u307e\u3082\u308b\u305f\u3081\u3002\u3000\u308a\u3087\u3046\u3046\u3067\u306e\n\u306f\u306a\u3073\u3089\u306f\u3000\u3059\u308b\u3069\u3044\u3000\u304d\u308c\u3042\u3058\u3002",
      "language": {
        "name": "ja-Hrkt",
        "url": "https://pokeapi.co/api/v2/language/1/"
      },
      "version": {
        "name": "ultra-sun",
        "url": "https://pokeapi.co/api/v2/version/29/"
      }
    },
    {
      "flavor_text": "\ubc8c\ub808\ud3ec\ucf13\ubaac\uc778 \ucc99\ud558\ub294 \uac83\uc740\n\ubab8\uc744 \uc9c0\ud0a4\uae30 \uc704\ud574\uc11c\ub2e4. \uc591\ud314\uc758\n\uaf43\uc78e\uc740 \uc608\ub9ac\ud574\uc11c \uc798 \uc790\ub978\ub2e4.",
      "language": {
        "name": "ko",
        "url": "https://pokeapi.co/api/v2/language/3/"
      },
      "version": {
        "name": "ultra-sun",
        "url": "https://pokeapi.co/api/v2/version/29/"
      }
    },
    {
      "flavor_text": "\u4e4b\u6240\u4ee5\u507d\u88dd\u6210\u87f2\u5bf6\u53ef\u5922\n\u662f\u70ba\u4e86\u8981\u4fdd\u8b77\u81ea\u5df1\u3002\n\u96d9\u624b\u7684\u82b1\u74e3\u975e\u5e38\u92d2\u5229\u3002",
      "language": {
        "name": "zh-Hant",
        "url": "https://pokeapi.co/api/v2/language/4/"
      },
      "version": {
        "name": "ultra-sun",
        "url": "https://pokeapi.co/api/v2/version/29/"
      }
    },
    {
      "flavor_text": "C\u2019est pour se prot\u00e9ger qu\u2019il se fait passer pour\nun Pok\u00e9mon Insecte. Les p\u00e9tales de ses bras\nsont extr\u00eamement coupants.",
      "language": {
        "name": "fr",
        "url": "https://pokeapi.co/api/v2/language/5/"
      },
      "version": {
        "name": "ultra-sun",
        "url": "https://pokeapi.co/api/v2/version/29/"
      }
    },
    {
      "flavor_text": "Es tarnt sich zu seinem eigenen Schutz als\nK\u00e4fer-Pok\u00e9mon. Die Bl\u00fctenbl\u00e4tter an seinen\nbeiden Armen sind scharfkantig.",
      "language": {
        "name": "de",
        "url": "https://pokeapi.co/api/v2/language/6/"
      },
      "version": {
        "name": "ultra-sun",
        "url": "https://pokeapi.co/api/v2/version/29/"
      }
    },
    {
      "flavor_text": "Se hace pasar por Pok\u00e9mon de tipo Bicho como\nmecanismo de defensa. Los p\u00e9talos de sus\nbrazos tienen un filo muy agudo.",
      "language": {
        "name": "es",
        "url": "https://pokeapi.co/api/v2/language/7/"
      },
      "version": {
        "name": "ultra-sun",
        "url": "https://pokeapi.co/api/v2/version/29/"
      }
    },
    {
      "flavor_text": "Cerca di farsi passare per Pok\u00e9mon Coleottero\nper proteggersi. I petali delle sue braccia sono\nestremamente affilati.",
      "language": {
        "name": "it",
        "url": "https://pokeapi.co/api/v2/language/8/"
      },
      "version": {
        "name": "ultra-sun",
        "url": "https://pokeapi.co/api/v2/version/29/"
      }
    },
    {
      "flavor_text": "For self-protection, it pretends to be a bug\nPok\u00e9mon. Both of its arms bear\nkeen-edged petals.",
      "language": {
        "name": "en",
        "url": "https://pokeapi.co/api/v2/language/9/"
      },
      "version": {
        "name": "ultra-sun",
        "url": "https://pokeapi.co/api/v2/version/29/"
      }
    },
    {
      "flavor_text": "\u3080\u3057\u30dd\u30b1\u30e2\u30f3\u306e\u3000\u3075\u308a\u3092\u3000\u3059\u308b\u306e\u306f\n\u8eab\u3092\u3000\u5b88\u308b\u305f\u3081\u3002\u3000\u4e21\u8155\u306e\n\u82b1\u3073\u3089\u306f\u3000\u92ed\u3044\u3000\u5207\u308c\u5473\u3002",
      "language": {
        "name": "ja",
        "url": "https://pokeapi.co/api/v2/language/11/"
      },
      "version": {
        "name": "ultra-sun",
        "url": "https://pokeapi.co/api/v2/version/29/"
      }
    },
    {
      "flavor_text": "\u4e3a\u4e86\u4fdd\u62a4\u81ea\u5df1\u800c\u4f2a\u88c5\u6210\u866b\u5b9d\u53ef\u68a6\u3002\n\u53cc\u81c2\u7684\u82b1\u74e3\u975e\u5e38\u950b\u5229\u3002",
      "language": {
        "name": "zh-Hans",
        "url": "https://pokeapi.co/api/v2/language/12/"
      },
      "version": {
        "name": "ultra-sun",
        "url": "https://pokeapi.co/api/v2/version/29/"
      }
    },
    {
      "flavor_text": "\u307e\u3044\u3092\u3000\u307e\u3046\u3088\u3046\u306b\u3000\u3066\u304d\u3092\u3000\u304d\u308a\u3055\u304f\u3002\n\u307f\u3084\u3073\u306a\u3000\u3059\u304c\u305f\u3000\u304b\u3089\u3000\u3082\u3063\u3068\u3082\n\u3042\u3067\u3084\u304b\u306a\u3000\u304f\u3055\u30dd\u30b1\u30e2\u30f3\u3068\u3000\u3088\u3070\u308c\u308b\u3002",
      "language": {
        "name": "ja-Hrkt",
        "url": "https://pokeapi.co/api/v2/language/1/"
      },
      "version": {
        "name": "ultra-moon",
        "url": "https://pokeapi.co/api/v2/version/30/"
      }
    },
    {
      "flavor_text": "\ucda4\ucd94\ub4ef \uc801\uc744 \ubca0\uc5b4 \uac00\ub978\ub2e4.\n\uc6b0\uc544\ud55c \ubaa8\uc2b5 \ub54c\ubb38\uc5d0 \uac00\uc7a5\n\uc544\ub984\ub2e4\uc6b4 \ud480\ud3ec\ucf13\ubaac\uc774\ub77c \ubd88\ub9b0\ub2e4.",
      "language": {
        "name": "ko",
        "url": "https://pokeapi.co/api/v2/language/3/"
      },
      "version": {
        "name": "ultra-moon",
        "url": "https://pokeapi.co/api/v2/version/30/"
      }
    },
    {
      "flavor_text": "\u65ac\u65b7\u6575\u4eba\u7684\u52d5\u4f5c\u5c31\u50cf\u662f\u8df3\u821e\u4e00\u822c\u3002\n\u512a\u96c5\u7684\u59ff\u614b\u4f7f\u5f97\u7260\u88ab\u7a31\u70ba\n\u6700\u8c54\u9e97\u7684\u8349\u5c6c\u6027\u5bf6\u53ef\u5922\u3002",
      "language": {
        "name": "zh-Hant",
        "url": "https://pokeapi.co/api/v2/language/4/"
      },
      "version": {
        "name": "ultra-moon",
        "url": "https://pokeapi.co/api/v2/version/30/"
      }
    },
    {
      "flavor_text": "Sa fa\u00e7on de trancher ses ennemis ressemble\n\u00e0 une danse. Son \u00e9l\u00e9gance lui a valu le titre\nde \u00ab\u202fplus beau Pok\u00e9mon Plante\u202f\u00bb.",
      "language": {
        "name": "fr",
        "url": "https://pokeapi.co/api/v2/language/5/"
      },
      "version": {
        "name": "ultra-moon",
        "url": "https://pokeapi.co/api/v2/version/30/"
      }
    },
    {
      "flavor_text": "Es schlitzt Gegner mit t\u00e4nzelnden Angriffen auf.\nDank seiner Eleganz wird es auch als das\nanmutigste aller Pflanzen-Pok\u00e9mon bezeichnet.",
      "language": {
        "name": "de",
        "url": "https://pokeapi.co/api/v2/language/6/"
      },
      "version": {
        "name": "ultra-moon",
        "url": "https://pokeapi.co/api/v2/version/30/"
      }
    },
    {
      "flavor_text": "Corta al rival con movimientos que recuerdan a\nuna danza. Su elegancia lo ha dado a conocer\ncomo el Pok\u00e9mon de tipo Planta m\u00e1s fascinante.",
      "language": {
        "name": "es",
        "url": "https://pokeapi.co/api/v2/language/7/"
      },
      "version": {
        "name": "ultra-moon",
        "url": "https://pokeapi.co/api/v2/version/30/"
      }
    },
    {
      "flavor_text": "Trancia il nemico come se stesse danzando.\nIl suo aspetto elegante gli \u00e8 valso la fama di\nessere il pi\u00f9 affascinante Pok\u00e9mon di tipo Erba.",
      "language": {
        "name": "it",
        "url": "https://pokeapi.co/api/v2/language/8/"
      },
      "version": {
        "name": "ultra-moon",
        "url": "https://pokeapi.co/api/v2/version/30/"
      }
    },
    {
      "flavor_text": "As it slashes into its enemies, it looks like it\u2019s\ndancing. Its elegant appearance has led some\nto call it the most glamorous Grass Pok\u00e9mon.",
      "language": {
        "name": "en",
        "url": "https://pokeapi.co/api/v2/language/9/"
      },
      "version": {
        "name": "ultra-moon",
        "url": "https://pokeapi.co/api/v2/version/30/"
      }
    },
    {
      "flavor_text": "\u821e\u3092\u3000\u821e\u3046\u3088\u3046\u306b\u3000\u6575\u3092\u3000\u5207\u308a\u88c2\u304f\u3002\n\u96c5\u306a\u3000\u59ff\u3000\u304b\u3089\u3000\u3082\u3063\u3068\u3082\n\u8276\u3084\u304b\u306a\u3000\u304f\u3055\u30dd\u30b1\u30e2\u30f3\u3068\u3000\u547c\u3070\u308c\u308b\u3002",
      "language": {
        "name": "ja",
        "url": "https://pokeapi.co/api/v2/language/11/"
      },
      "version": {
        "name": "ultra-moon",
        "url": "https://pokeapi.co/api/v2/version/30/"
      }
    },
    {
      "flavor_text": "\u50cf\u8df3\u821e\u4e00\u6837\u5c06\u654c\u4eba\u5288\u5f00\u3002\n\u56e0\u4f18\u96c5\u7684\u59ff\u6001\u7406\u6240\u5f53\u7136\u5730\n\u88ab\u79f0\u4e3a\u6700\u8273\u4e3d\u7684\u8349\u5c5e\u6027\u5b9d\u53ef\u68a6\u3002",
      "language": {
        "name": "zh-Hans",
        "url": "https://pokeapi.co/api/v2/language/12/"
      },
      "version": {
        "name": "ultra-moon",
        "url": "https://pokeapi.co/api/v2/version/30/"
      }
    },
    {
      "flavor_text": "\u3046\u3064\u304f\u3057\u3044\u3000\u306f\u306a\u306e\u3000\u30dd\u30b1\u30e2\u30f3\u3002\n\u3046\u307e\u304f\u3000\u305d\u3060\u3063\u305f\u3000\u30e9\u30e9\u30f3\u30c6\u30b9\u306f\u3000\n\u3059\u3070\u3089\u3057\u3044\u3000\u3042\u3056\u3084\u304b\u3055\u3092\u3000\u3082\u3064\u3002",
      "language": {
        "name": "ja-Hrkt",
        "url": "https://pokeapi.co/api/v2/language/1/"
      },
      "version": {
        "name": "sword",
        "url": "https://pokeapi.co/api/v2/version/33/"
      }
    },
    {
      "flavor_text": "\uc544\ub984\ub2e4\uc6b4 \uaf43 \ud3ec\ucf13\ubaac\uc774\ub2e4.\n\uc798 \uc790\ub780 \ub77c\ub780\ud2f0\uc2a4\ub294\n\ud6cc\ub96d\ud558\uace0 \uc120\uba85\ud55c \ube5b\uc744 \ub764\ub2e4.",
      "language": {
        "name": "ko",
        "url": "https://pokeapi.co/api/v2/language/3/"
      },
      "version": {
        "name": "sword",
        "url": "https://pokeapi.co/api/v2/version/33/"
      }
    },
    {
      "flavor_text": "\u7f8e\u9e97\u7684\u82b1\u4e4b\u5bf6\u53ef\u5922\u3002\n\u9577\u5f97\u5f88\u597d\u7684\u862d\u87b3\u82b1\n\u6703\u9bae\u8c54\u5f97\u4ee4\u4eba\u77a0\u76ee\u3002",
      "language": {
        "name": "zh-Hant",
        "url": "https://pokeapi.co/api/v2/language/4/"
      },
      "version": {
        "name": "sword",
        "url": "https://pokeapi.co/api/v2/version/33/"
      }
    },
    {
      "flavor_text": "Un magnifique Pok\u00e9mon qui ressemble\n\u00e0 une fleur. Les Floramantis bien entra\u00een\u00e9s\narborent une couleur tr\u00e8s vive.",
      "language": {
        "name": "fr",
        "url": "https://pokeapi.co/api/v2/language/5/"
      },
      "version": {
        "name": "sword",
        "url": "https://pokeapi.co/api/v2/version/33/"
      }
    },
    {
      "flavor_text": "Dieses Pok\u00e9mon gleicht einer sch\u00f6nen Blume.\nTrainiert man es richtig, erstrahlt Mantidea\nzudem in \u00fcberaus pr\u00e4chtigen Farben.",
      "language": {
        "name": "de",
        "url": "https://pokeapi.co/api/v2/language/6/"
      },
      "version": {
        "name": "sword",
        "url": "https://pokeapi.co/api/v2/version/33/"
      }
    },
    {
      "flavor_text": "Un magn\u00edfico Pok\u00e9mon con aspecto de flor.\nLos Lurantis bien cuidados poseen un color\nvivo y resplandeciente.",
      "language": {
        "name": "es",
        "url": "https://pokeapi.co/api/v2/language/7/"
      },
      "version": {
        "name": "sword",
        "url": "https://pokeapi.co/api/v2/version/33/"
      }
    },
    {
      "flavor_text": "Questo Pok\u00e9mon assomiglia a un bel fiore.\nGli esemplari migliori possiedono dei colori\nincredibilmente sgargianti.",
      "language": {
        "name": "it",
        "url": "https://pokeapi.co/api/v2/language/8/"
      },
      "version": {
        "name": "sword",
        "url": "https://pokeapi.co/api/v2/version/33/"
      }
    },
    {
      "flavor_text": "This Pok\u00e9mon resembles a beautiful flower.\nA properly raised Lurantis will have gorgeous,\nbrilliant colors.",
      "language": {
        "name": "en",
        "url": "https://pokeapi.co/api/v2/language/9/"
      },
      "version": {
        "name": "sword",
        "url": "https://pokeapi.co/api/v2/version/33/"
      }
    },
    {
      "flavor_text": "\u7f8e\u3057\u3044\u3000\u82b1\u306e\u3000\u30dd\u30b1\u30e2\u30f3\u3002\n\u3046\u307e\u304f\u3000\u80b2\u3063\u305f\u3000\u30e9\u30e9\u30f3\u30c6\u30b9\u306f\n\u7d20\u6674\u3089\u3057\u3044\u3000\u3042\u3056\u3084\u304b\u3055\u3092\u3000\u3082\u3064\u3002",
      "language": {
        "name": "ja",
        "url": "https://pokeapi.co/api/v2/language/11/"
      },
      "version": {
        "name": "sword",
        "url": "https://pokeapi.co/api/v2/version/33/"
      }
    },
    {
      "flavor_text": "\u7f8e\u4e3d\u7684\u82b1\u4e4b\u5b9d\u53ef\u68a6\u3002\n\u8301\u58ee\u6210\u957f\u7684\u5170\u87b3\u82b1\n\u4f1a\u53d8\u5f97\u6781\u4e3a\u9c9c\u8273\u3002",
      "language": {
        "name": "zh-Hans",
        "url": "https://pokeapi.co/api/v2/language/12/"
      },
      "version": {
        "name": "sword",
        "url": "https://pokeapi.co/api/v2/version/33/"
      }
    },
    {
      "flavor_text": "\u308a\u3087\u3046\u3046\u3067\u306e\u3000\u306f\u306a\u3073\u3089\u306f\u3000\u3046\u3059\u304f\n\u304d\u308c\u3042\u3058\u306f\u3000\u3059\u308b\u3069\u3044\u3002\u3000\u3072\u304b\u308a\u3092\n\u3042\u3064\u3081\u3066\u3000\u30d3\u30fc\u30e0\u3082\u3000\u306f\u306a\u3066\u308b\u305e\u3002",
      "language": {
        "name": "ja-Hrkt",
        "url": "https://pokeapi.co/api/v2/language/1/"
      },
      "version": {
        "name": "shield",
        "url": "https://pokeapi.co/api/v2/version/34/"
      }
    },
    {
      "flavor_text": "\uc591\ud314\uc758 \uaf43\uc78e\uc740\n\uc587\uace0 \uc608\ub9ac\ud558\ub2e4. \ube5b\uc744\n\ubaa8\uc544 \ube54\uc744 \uc3d8\uae30\ub3c4 \ud55c\ub2e4.",
      "language": {
        "name": "ko",
        "url": "https://pokeapi.co/api/v2/language/3/"
      },
      "version": {
        "name": "shield",
        "url": "https://pokeapi.co/api/v2/version/34/"
      }
    },
    {
      "flavor_text": "\u96d9\u81c2\u4e0a\u7684\u82b1\u74e3\u65e2\u8f15\u8584\n\u53c8\u92d2\u5229\u3002\u800c\u4e14\u9084\u80fd\u5920\n\u6536\u96c6\u5149\u7dda\u4f86\u5c04\u51fa\u5149\u675f\u3002",
      "language": {
        "name": "zh-Hant",
        "url": "https://pokeapi.co/api/v2/language/4/"
      },
      "version": {
        "name": "shield",
        "url": "https://pokeapi.co/api/v2/version/34/"
      }
    },
    {
      "flavor_text": "Les p\u00e9tales sur ses deux bras sont fins, mais\ntr\u00e8s tranchants. Ils peuvent \u00e9galement absorber\nla lumi\u00e8re pour la renvoyer sous forme de laser.",
      "language": {
        "name": "fr",
        "url": "https://pokeapi.co/api/v2/language/5/"
      },
      "version": {
        "name": "shield",
        "url": "https://pokeapi.co/api/v2/version/34/"
      }
    },
    {
      "flavor_text": "Die Bl\u00fctenbl\u00e4tter an seinen Armen sind d\u00fcnn und\nscharfkantig. Mantidea absorbiert mit ihnen Licht,\ndas es in Form von Strahlen abschie\u00dfen kann.",
      "language": {
        "name": "de",
        "url": "https://pokeapi.co/api/v2/language/6/"
      },
      "version": {
        "name": "shield",
        "url": "https://pokeapi.co/api/v2/version/34/"
      }
    },
    {
      "flavor_text": "Los p\u00e9talos de sus brazos son finos y afilados.\nAbsorbe la luz solar y la concentra para lanzar\npoderosos rayos.",
      "language": {
        "name": "es",
        "url": "https://pokeapi.co/api/v2/language/7/"
      },
      "version": {
        "name": "shield",
        "url": "https://pokeapi.co/api/v2/version/34/"
      }
    },
    {
      "flavor_text": "I petali delle sue braccia sono sottili e affilati.\nLi usa per assorbire la luce ed emettere raggi\nenergetici.",
      "language": {
        "name": "it",
        "url": "https://pokeapi.co/api/v2/language/8/"
      },
      "version": {
        "name": "shield",
        "url": "https://pokeapi.co/api/v2/version/34/"
      }
    },
    {
      "flavor_text": "The petals on this Pok\u00e9mon\u2019s arms are thin and\nsuper sharp, and they can fire laser beams if\nLurantis gathers light first.",
      "language": {
        "name": "en",
        "url": "https://pokeapi.co/api/v2/language/9/"
      },
      "version": {
        "name": "shield",
        "url": "https://pokeapi.co/api/v2/version/34/"
      }
    },
    {
      "flavor_text": "\u4e21\u8155\u306e\u3000\u82b1\u3073\u3089\u306f\u3000\u8584\u304f\n\u5207\u308c\u5473\u306f\u3000\u92ed\u3044\u3002\u3000\u5149\u3092\u3000\u96c6\u3081\u3066\n\u30d3\u30fc\u30e0\u3082\u3000\u653e\u3066\u308b\u305e\u3002",
      "language": {
        "name": "ja",
        "url": "https://pokeapi.co/api/v2/language/11/"
      },
      "version": {
        "name": "shield",
        "url": "https://pokeapi.co/api/v2/version/34/"
      }
    },
    {
      "flavor_text": "\u53cc\u81c2\u7684\u82b1\u74e3\u65e2\u8584\n\u53c8\u950b\u5229\u3002\u8fd8\u80fd\u591f\n\u79ef\u84c4\u9633\u5149\u53d1\u5c04\u5149\u675f\u3002",
      "language": {
        "name": "zh-Hans",
        "url": "https://pokeapi.co/api/v2/language/12/"
      },
      "version": {
        "name": "shield",
        "url": "https://pokeapi.co/api/v2/version/34/"
      }
    }
  ],
  "form_descriptions": [],
  "forms_switchable": false,
  "gender_rate": 4,
  "genera": [
    {
      "genus": "\u306f\u306a\u304b\u307e\u30dd\u30b1\u30e2\u30f3",
      "language": {
        "name": "ja-Hrkt",
        "url": "https://pokeapi.co/api/v2/language/1/"
      }
    },
    {
      "genus": "\uaf43\uc0ac\ub9c8\uadc0\ud3ec\ucf13\ubaac",
      "language": {
        "name": "ko",
        "url": "https://pokeapi.co/api/v2/language/3/"
      }
    },
    {
      "genus": "\u82b1\u942e\u5bf6\u53ef\u5922",
      "language": {
        "name": "zh-Hant",
        "url": "https://pokeapi.co/api/v2/language/4/"
      }
    },
    {
      "genus": "Pok\u00e9mon Fauch\u2019Fleur",
      "language": {
        "name": "fr",
        "url": "https://pokeapi.co/api/v2/language/5/"
      }
    },
    {
      "genus": "Blumensichel-Pok\u00e9mon",
      "language": {
        "name": "de",
        "url": "https://pokeapi.co/api/v2/language/6/"
      }
    },
    {
      "genus": "Pok\u00e9mon Filo Flor",
      "language": {
        "name": "es",
        "url": "https://pokeapi.co/api/v2/language/7/"
      }
    },
    {
      "genus": "Pok\u00e9mon Mantifiore",
      "language": {
        "name": "it",
        "url": "https://pokeapi.co/api/v2/language/8/"
      }
    },
    {
      "genus": "Bloom Sickle Pok\u00e9mon",
      "language": {
        "name": "en",
        "url": "https://pokeapi.co/api/v2/language/9/"
      }
    },
    {
      "genus": "\u306f\u306a\u304b\u307e\u30dd\u30b1\u30e2\u30f3",
      "language": {
        "name": "ja",
        "url": "https://pokeapi.co/api/v2/language/11/"
      }
    },
    {
      "genus": "\u82b1\u9570\u5b9d\u53ef\u68a6",
      "language": {
        "name": "zh-Hans",
        "url": "https://pokeapi.co/api/v2/language/12/"
      }
    }
  ],
  "generation": {
    "name": "generation-vii",
    "url": "https://pokeapi.co/api/v2/generation/7/"
  },
  "growth_rate": {
    "name": "medium",
    "url": "https://pokeapi.co/api/v2/growth-rate/2/"
  },
  "habitat": null,
  "has_gender_differences": false,
  "hatch_counter": 20,
  "id": 754,
  "is_baby": false,
  "is_legendary": false,
  "is_mythical": false,
  "name": "lurantis",
  "names": [
    {
      "language": {
        "name": "ja-Hrkt",
        "url": "https://pokeapi.co/api/v2/language/1/"
      },
      "name": "\u30e9\u30e9\u30f3\u30c6\u30b9"
    },
    {
      "language": {
        "name": "roomaji",
        "url": "https://pokeapi.co/api/v2/language/2/"
      },
      "name": "Lalantes"
    },
    {
      "language": {
        "name": "ko",
        "url": "https://pokeapi.co/api/v2/language/3/"
      },
      "name": "\ub77c\ub780\ud2f0\uc2a4"
    },
    {
      "language": {
        "name": "zh-Hant",
        "url": "https://pokeapi.co/api/v2/language/4/"
      },
      "name": "\u862d\u87b3\u82b1"
    },
    {
      "language": {
        "name": "fr",
        "url": "https://pokeapi.co/api/v2/language/5/"
      },
      "name": "Floramantis"
    },
    {
      "language": {
        "name": "de",
        "url": "https://pokeapi.co/api/v2/language/6/"
      },
      "name": "Mantidea"
    },
    {
      "language": {
        "name": "es",
        "url": "https://pokeapi.co/api/v2/language/7/"
      },
      "name": "Lurantis"
    },
    {
      "language": {
        "name": "it",
        "url": "https://pokeapi.co/api/v2/language/8/"
      },
      "name": "Lurantis"
    },
    {
      "language": {
        "name": "en",
        "url": "https://pokeapi.co/api/v2/language/9/"
      },
      "name": "Lurantis"
    },
    {
      "language": {
        "name": "ja",
        "url": "https://pokeapi.co/api/v2/language/11/"
      },
      "name": "\u30e9\u30e9\u30f3\u30c6\u30b9"
    },
    {
      "language": {
        "name": "zh-Hans",
        "url": "https://pokeapi.co/api/v2/language/12/"
      },
      "name": "\u5170\u87b3\u82b1"
    }
  ],
  "order": 754,
  "pal_park_encounters": [],
  "pokedex_numbers": [
    {
      "entry_number": 754,
      "pokedex": {
        "name": "national",
        "url": "https://pokeapi.co/api/v2/pokedex/1/"
      }
    },
    {
      "entry_number": 144,
      "pokedex": {
        "name": "original-alola",
        "url": "https://pokeapi.co/api/v2/pokedex/16/"
      }
    },
    {
      "entry_number": 71,
      "pokedex": {
        "name": "original-akala",
        "url": "https://pokeapi.co/api/v2/pokedex/18/"
      }
    },
    {
      "entry_number": 177,
      "pokedex": {
        "name": "updated-alola",
        "url": "https://pokeapi.co/api/v2/pokedex/21/"
      }
    },
    {
      "entry_number": 78,
      "pokedex": {
        "name": "updated-akala",
        "url": "https://pokeapi.co/api/v2/pokedex/23/"
      }
    },
    {
      "entry_number": 18,
      "pokedex": {
        "name": "isle-of-armor",
        "url": "https://pokeapi.co/api/v2/pokedex/28/"
      }
    },
    {
      "entry_number": 248,
      "pokedex": {
        "name": "paldea",
        "url": "https://pokeapi.co/api/v2/pokedex/31/"
      }
    },
    {
      "entry_number": 32,
      "pokedex": {
        "name": "kitakami",
        "url": "https://pokeapi.co/api/v2/pokedex/32/"
      }
    }
  ],
  "shape": {
    "name": "humanoid",
    "url": "https://pokeapi.co/api/v2/pokemon-shape/12/"
  },
  "varieties": [
    {
      "is_default": true,
      "pokemon": {
        "name": "lurantis",
        "url": "https://pokeapi.co/api/v2/pokemon/754/"
      }
    },
    {
      "is_default": false,
      "pokemon": {
        "name": "lurantis-totem",
        "url": "https://pokeapi.co/api/v2/pokemon/10128/"
      }
    }
  ]
}