{
  "base_happiness": 35,
  "capture_rate": 45,
  "color": {
    "name": "blue",
    "url": "https://pokeapi.co/api/v2/pokemon-color/2/"
  },
  "egg_groups": [
    {
      "name": "dragon",
      "url": "https://pokeapi.co/api/v2/egg-group/14/"
    }
  ],
  "evolution_chain": {
    "url": "https://pokeapi.co/api/v2/evolution-chain/191/"
  },
  "evolves_from_species": {
    "name": "shelgon",
    "url": "https://pokeapi.co/api/v2/pokemon-species/372/"
  },
  "flavor_text_entries": [
    {
      "flavor_text": "SALAMENCE came about as a result of a\nstrong, long-held dream of growing\nwings. It is said that this powerful\fdesire triggered a sudden mutation in\nthis POK\u00e9MON\u2019s cells, causing it to\nsprout its magnificent wings.",
      "language": {
        "name": "en",
        "url": "https://pokeapi.co/api/v2/language/9/"
      },
      "version": {
        "name": "ruby",
        "url": "https://pokeapi.co/api/v2/version/7/"
      }
    },
    {
      "flavor_text": "By evolving into SALAMENCE, this\nPOK\u00e9MON finally realizes its long-held\ndream of growing wings.\fTo express its joy, it flies and wheels\nall over the sky while spouting flames\nfrom its mouth.",
      "language": {
        "name": "en",
        "url": "https://pokeapi.co/api/v2/language/9/"
      },
      "version": {
        "name": "sapphire",
        "url": "https://pokeapi.co/api/v2/version/8/"
      }
    },
    {
      "flavor_text": "After many long years, its cellular\nstructure underwent a sudden mutation to\ngrow wings. When angered, it loses all\nthought and rampages out of control.",
      "language": {
        "name": "en",
        "url": "https://pokeapi.co/api/v2/language/9/"
      },
      "version": {
        "name": "emerald",
        "url": "https://pokeapi.co/api/v2/version/9/"
      }
    },
    {
      "flavor_text": "It becomes uncontrollable if it is\nenraged. It destroys everything with\nshredding claws and fire.",
      "language": {
        "name": "en",
        "url": "https://pokeapi.co/api/v2/language/9/"
      },
      "version": {
        "name": "firered",
        "url": "https://pokeapi.co/api/v2/version/10/"
      }
    },
    {
      "flavor_text": "It becomes uncontrollable if it is\nenraged. It destroys everything with\nshredding claws and fire.",
      "language": {
        "name": "en",
        "url": "https://pokeapi.co/api/v2/language/9/"
      },
      "version": {
        "name": "leafgreen",
        "url": "https://pokeapi.co/api/v2/version/11/"
      }
    },
    {
      "flavor_text": "As a result of its long-held dream\nof flying, its cellular structure\nchanged, and wings grew out.",
      "language": {
        "name": "en",
        "url": "https://pokeapi.co/api/v2/language/9/"
      },
      "version": {
        "name": "diamond",
        "url": "https://pokeapi.co/api/v2/version/12/"
      }
    },
    {
      "flavor_text": "As a result of its long-held dream\nof flying, its cellular structure\nchanged, and wings grew out.",
      "language": {
        "name": "en",
        "url": "https://pokeapi.co/api/v2/language/9/"
      },
      "version": {
        "name": "pearl",
        "url": "https://pokeapi.co/api/v2/version/13/"
      }
    },
    {
      "flavor_text": "As a result of its long-held dream\nof flying, its cellular structure\nchanged, and wings grew out.",
      "language": {
        "name": "en",
        "url": "https://pokeapi.co/api/v2/language/9/"
      },
      "version": {
        "name": "platinum",
        "url": "https://pokeapi.co/api/v2/version/14/"
      }
    },
    {
      "flavor_text": "It\u2019s uncontrollable if enraged.\nIt flies around spouting flames and\nscorching fields and mountains.",
      "language": {
        "name": "en",
        "url": "https://pokeapi.co/api/v2/language/9/"
      },
      "version": {
        "name": "heartgold",
        "url": "https://pokeapi.co/api/v2/version/15/"
      }
    },
    {
      "flavor_text": "It\u2019s uncontrollable if enraged.\nIt flies around spouting flames and\nscorching fields and mountains.",
      "language": {
        "name": "en",
        "url": "https://pokeapi.co/api/v2/language/9/"
      },
      "version": {
        "name": "soulsilver",
        "url": "https://pokeapi.co/api/v2/version/16/"
      }
    },
    {
      "flavor_text": "\u00c0 force de r\u00eaver de pouvoir voler,\nsa structure cellulaire a \u00e9volu\u00e9\net il s\u2019est vu pousser des ailes.",
      "language": {
        "name": "fr",
        "url": "https://pokeapi.co/api/v2/language/5/"
      },
      "version": {
        "name": "black",
        "url": "https://pokeapi.co/api/v2/version/17/"
      }
    },
    {
      "flavor_text": "As a result of its long-held dream\nof flying, its cellular structure\nchanged, and wings grew out.",
      "language": {
        "name": "en",
        "url": "https://pokeapi.co/api/v2/language/9/"
      },
      "version": {
        "name": "black",
        "url": "https://pokeapi.co/api/v2/version/17/"
      }
    },
    {
      "flavor_text": "\u00c0 force de r\u00eaver de pouvoir voler,\nsa structure cellulaire a \u00e9volu\u00e9\net il s\u2019est vu pousser des ailes.",
      "language": {
        "name": "fr",
        "url": "https://pokeapi.co/api/v2/language/5/"
      },
      "version": {
        "name": "white",
        "url": "https://pokeapi.co/api/v2/version/18/"
      }
    },
    {
      "flavor_text": "As a result of its long-held dream\nof flying, its cellular structure\nchanged, and wings grew out.",
      "language": {
        "name": "en",
        "url": "https://pokeapi.co/api/v2/language/9/"
      },
      "version": {
        "name": "white",
        "url": "https://pokeapi.co/api/v2/version/18/"
      }
    },
    {
      "flavor_text": "As a result of its long-held dream\nof flying, its cellular structure\nchanged, and wings grew out.",
      "language": {
        "name": "en",
        "url": "https://pokeapi.co/api/v2/language/9/"
      },
      "version": {
        "name": "black-2",
        "url": "https://pokeapi.co/api/v2/version/21/"
      }
    },
    {
      "flavor_text": "As a result of its long-held dream\nof flying, its cellular structure\nchanged, and wings grew out.",
      "language": {
        "name": "en",
        "url": "https://pokeapi.co/api/v2/language/9/"
      },
      "version": {
        "name": "white-2",
        "url": "https://pokeapi.co/api/v2/version/22/"
      }
    },
    {
      "flavor_text": "\u304a\u3053\u3089\u305b\u308b\u3068\u3000\u3066\u304c\u3000\u3064\u3051\u3089\u308c\u306a\u3044\u3002\n\u3059\u3079\u3066\u306e\u3000\u3082\u306e\u3092\u3000\u30c4\u30e1\u3067\u3000\u304d\u308a\u3055\u304d\n\u307b\u306e\u304a\u3067\u3000\u3082\u3084\u3057\u3066\u3000\u306f\u304b\u3044\u3059\u308b\u3002",
      "language": {
        "name": "ja-Hrkt",
        "url": "https://pokeapi.co/api/v2/language/1/"
      },
      "version": {
        "name": "x",
        "url": "https://pokeapi.co/api/v2/version/23/"
      }
    },
    {
      "flavor_text": "\ud654\ub098\uac8c \ud558\uba74 \uc5b4\uca54 \ub3c4\ub9ac\uac00 \uc5c6\ub2e4.\n\ubaa8\ub4e0 \uac83\uc744 \ubc1c\ud1b1\uc73c\ub85c \uac08\uae30\uac08\uae30 \ucc22\uace0\n\ubd88\uaf43\uc73c\ub85c \ud0dc\uc6cc\uc11c \ud30c\uad34\ud55c\ub2e4.",
      "language": {
        "name": "ko",
        "url": "https://pokeapi.co/api/v2/language/3/"
      },
      "version": {
        "name": "x",
        "url": "https://pokeapi.co/api/v2/version/23/"
      }
    },
    {
      "flavor_text": "Une fois enrag\u00e9, plus rien ne peut arr\u00eater Drattak.\nIl d\u00e9truit tout ce qu\u2019il voit en utilisant ses griffes ou\nen crachant des flammes.",
      "language": {
        "name": "fr",
        "url": "https://pokeapi.co/api/v2/language/5/"
      },
      "version": {
        "name": "x",
        "url": "https://pokeapi.co/api/v2/version/23/"
      }
    },
    {
      "flavor_text": "Wenn es w\u00fctend ist, ger\u00e4t es au\u00dfer Kontrolle.\nEs zerst\u00f6rt alles mit seinen Klauen und mit Feuer.",
      "language": {
        "name": "de",
        "url": "https://pokeapi.co/api/v2/language/6/"
      },
      "version": {
        "name": "x",
        "url": "https://pokeapi.co/api/v2/version/23/"
      }
    },
    {
      "flavor_text": "Si se enfada, no hay forma de calmarlo; lo destruye\ntodo lanzando ara\u00f1azos y llamas.",
      "language": {
        "name": "es",
        "url": "https://pokeapi.co/api/v2/language/7/"
      },
      "version": {
        "name": "x",
        "url": "https://pokeapi.co/api/v2/version/23/"
      }
    },
    {
      "flavor_text": "Quando \u00e8 adirato diventa una furia. Con i suoi artigli\nlaceranti e le fiammate che lancia pu\u00f2 distruggere\nqualsiasi cosa.",
      "language": {
        "name": "it",
        "url": "https://pokeapi.co/api/v2/language/8/"
      },
      "version": {
        "name": "x",
        "url": "https://pokeapi.co/api/v2/version/23/"
      }
    },
    {
      "flavor_text": "It becomes uncontrollable if it is enraged. It\ndestroys everything with shredding claws and fire.",
      "language": {
        "name": "en",
        "url": "https://pokeapi.co/api/v2/language/9/"
      },
      "version": {
        "name": "x",
        "url": "https://pokeapi.co/api/v2/version/23/"
      }
    },
    {
      "flavor_text": "\u6012\u3089\u305b\u308b\u3068\u3000\u624b\u304c\u3000\u3064\u3051\u3089\u308c\u306a\u3044\u3002\n\u3059\u3079\u3066\u306e\u3000\u3082\u306e\u3092\u3000\u30c4\u30e1\u3067\u3000\u5207\u308a\u88c2\u304d\n\u708e\u3067\u3000\u71c3\u3084\u3057\u3066\u3000\u7834\u58ca\u3059\u308b\u3002",
      "language": {
        "name": "ja",
        "url": "https://pokeapi.co/api/v2/language/11/"
      },
      "version": {
        "name": "x",
        "url": "https://pokeapi.co/api/v2/version/23/"
      }
    },
    {
      "flavor_text": "\u3072\u3068\u305f\u3073\u3000\u304a\u3053\u308b\u3068\u3000\u304a\u304a\u3042\u3070\u308c\u3002\n\u305d\u3089\u3092\u3000\u3068\u3073\u306a\u304c\u3089\u3000\u3061\u3058\u3087\u3046\u306e\n\u306e\u3084\u307e\u3092\u3000\u307b\u306e\u304a\u3067\u3000\u3084\u304d\u306f\u3089\u3046\u3002",
      "language": {
        "name": "ja-Hrkt",
        "url": "https://pokeapi.co/api/v2/language/1/"
      },
      "version": {
        "name": "y",
        "url": "https://pokeapi.co/api/v2/version/24/"
      }
    },
    {
      "flavor_text": "\ud55c\ubc88 \ud654\ub0b4\uba74 \ud06c\uac8c \ub09c\ub3d9\uc744 \ubd80\ub9b0\ub2e4.\n\ud558\ub298\uc744 \ub0a0\uba70 \uc9c0\uc0c1\uc758\n\uc0b0\uacfc \ub4e4\uc744 \ubd88\uaf43\uc73c\ub85c \ubaa8\uc870\ub9ac \ud0dc\uc6b4\ub2e4.",
      "language": {
        "name": "ko",
        "url": "https://pokeapi.co/api/v2/language/3/"
      },
      "version": {
        "name": "y",
        "url": "https://pokeapi.co/api/v2/version/24/"
      }
    },
    {
      "flavor_text": "Ses col\u00e8res sont d\u00e9vastatrices. Il s\u2019envole et br\u00fble\ntout sur son passage.",
      "language": {
        "name": "fr",
        "url": "https://pokeapi.co/api/v2/language/5/"
      },
      "version": {
        "name": "y",
        "url": "https://pokeapi.co/api/v2/version/24/"
      }
    },
    {
      "flavor_text": "Ist es einmal w\u00fctend, flippt es aus. Es fliegt \u00fcber\ndas Land und spuckt Feuer, das alles verbrennt.",
      "language": {
        "name": "de",
        "url": "https://pokeapi.co/api/v2/language/6/"
      },
      "version": {
        "name": "y",
        "url": "https://pokeapi.co/api/v2/version/24/"
      }
    },
    {
      "flavor_text": "Si se enfada, no hay forma de que se calme. Echa a\nvolar e incendia campos y monta\u00f1as desde el cielo.",
      "language": {
        "name": "es",
        "url": "https://pokeapi.co/api/v2/language/7/"
      },
      "version": {
        "name": "y",
        "url": "https://pokeapi.co/api/v2/version/24/"
      }
    },
    {
      "flavor_text": "Quando \u00e8 adirato diventa una furia. Volteggia nel cielo\nsputando fiamme che bruciano le campagne intorno.",
      "language": {
        "name": "it",
        "url": "https://pokeapi.co/api/v2/language/8/"
      },
      "version": {
        "name": "y",
        "url": "https://pokeapi.co/api/v2/version/24/"
      }
    },
    {
      "flavor_text": "It\u2019s uncontrollable if enraged. It flies around\nspouting flames and scorching fields\nand mountains.",
      "language": {
        "name": "en",
        "url": "https://pokeapi.co/api/v2/language/9/"
      },
      "version": {
        "name": "y",
        "url": "https://pokeapi.co/api/v2/version/24/"
      }
    },
    {
      "flavor_text": "\u3072\u3068\u305f\u3073\u3000\u6012\u308b\u3068\u3000\u5927\u66b4\u308c\u3002\n\u7a7a\u3092\u3000\u98db\u3073\u306a\u304c\u3089\u3000\u5730\u4e0a\u306e\n\u91ce\u5c71\u3092\u3000\u708e\u3067\u3000\u713c\u304d\u6255\u3046\u3002",
      "language": {
        "name": "ja",
        "url": "https://pokeapi.co/api/v2/language/11/"
      },
      "version": {
        "name": "y",
        "url": "https://pokeapi.co/api/v2/version/24/"
      }
    },
    {
      "flavor_text": "\u3064\u3070\u3055\u304c\u3000\u307b\u3057\u3044\u3068\u3000\u3064\u3088\u304f\u3000\u304a\u3082\u3044\u3000\u3064\u3065\u3051\u3066\u304d\u305f\n\u3051\u3063\u304b\u3000\u304b\u3089\u3060\u306e\u3000\u3055\u3044\u307c\u3046\u304c\u3000\u3068\u3064\u305c\u3093\u3078\u3093\u3044\u3092\n\u304a\u3053\u3057\u3000\u307f\u3054\u3068\u306a\u3000\u3064\u3070\u3055\u304c\u3000\u306f\u3048\u3066\u304d\u305f\u3068\u3000\u3044\u3046\u3002",
      "language": {
        "name": "ja-Hrkt",
        "url": "https://pokeapi.co/api/v2/language/1/"
      },
      "version": {
        "name": "omega-ruby",
        "url": "https://pokeapi.co/api/v2/version/25/"
      }
    },
    {
      "flavor_text": "\ub0a0\uac1c\uac00 \uac16\uace0 \uc2f6\ub2e4\ub294 \uad73\uac74\ud55c \ubc14\ub78c\uc774 \uacc4\uc18d\ub41c\n\uacb0\uacfc \ubab8\uc758 \uc138\ud3ec\uac00 \ub3cc\uc5f0\ubcc0\uc774\ub97c\n\uc77c\uc73c\ucf1c\uc11c \uba4b\uc9c4 \ub0a0\uac1c\uac00 \ub3cb\uc544\ub0ac\ub2e4\uace0 \ud55c\ub2e4.",
      "language": {
        "name": "ko",
        "url": "https://pokeapi.co/api/v2/language/3/"
      },
      "version": {
        "name": "omega-ruby",
        "url": "https://pokeapi.co/api/v2/version/25/"
      }
    },
    {
      "flavor_text": "Drattak a ce physique gr\u00e2ce \u00e0 son d\u00e9sir de pouvoir s\u2019envoler.\nOn dit que cette puissante envie a d\u00e9clench\u00e9 une soudaine\nmutation mol\u00e9culaire de ce Pok\u00e9mon, faisant surgir de\nsplendides ailes.",
      "language": {
        "name": "fr",
        "url": "https://pokeapi.co/api/v2/language/5/"
      },
      "version": {
        "name": "omega-ruby",
        "url": "https://pokeapi.co/api/v2/version/25/"
      }
    },
    {
      "flavor_text": "Es tr\u00e4umte sehr lange davon, dass ihm Fl\u00fcgel wachsen\nm\u00f6gen. Dieser sehnliche Wunsch hat wohl eine pl\u00f6tzliche\nMutation in den Zellen dieses Pok\u00e9mon hervorgerufen,\nsodass ihm pl\u00f6tzlich pr\u00e4chtige Fl\u00fcgel wuchsen.",
      "language": {
        "name": "de",
        "url": "https://pokeapi.co/api/v2/language/6/"
      },
      "version": {
        "name": "omega-ruby",
        "url": "https://pokeapi.co/api/v2/version/25/"
      }
    },
    {
      "flavor_text": "Salamence surgi\u00f3 del profundo deseo de tener alas. Dicen\nque este fuerte deseo fue lo que caus\u00f3 la repentina mutaci\u00f3n\nde las c\u00e9lulas y el crecimiento de las alas.",
      "language": {
        "name": "es",
        "url": "https://pokeapi.co/api/v2/language/7/"
      },
      "version": {
        "name": "omega-ruby",
        "url": "https://pokeapi.co/api/v2/version/25/"
      }
    },
    {
      "flavor_text": "Salamence rappresenta la realizzazione del sogno atavico\ne irrinunciabile di volare. Si dice che questo forte desiderio\nabbia scatenato l\u2019improvvisa mutazione delle sue cellule,\nportando infine alla crescita di ali meravigliose.",
      "language": {
        "name": "it",
        "url": "https://pokeapi.co/api/v2/language/8/"
      },
      "version": {
        "name": "omega-ruby",
        "url": "https://pokeapi.co/api/v2/version/25/"
      }
    },
    {
      "flavor_text": "Salamence came about as a result of a strong, long-held\ndream of growing wings. It is said that this powerful desire\ntriggered a sudden mutation in this Pok\u00e9mon\u2019s cells,\ncausing it to sprout its magnificent wings.",
      "language": {
        "name": "en",
        "url": "https://pokeapi.co/api/v2/language/9/"
      },
      "version": {
        "name": "omega-ruby",
        "url": "https://pokeapi.co/api/v2/version/25/"
      }
    },
    {
      "flavor_text": "\u7ffc\u304c\u3000\u6b32\u3057\u3044\u3068\u3000\u5f37\u304f\u3000\u601d\u3044\u3000\u7d9a\u3051\u3066\u304d\u305f\n\u7d50\u679c\u3000\u4f53\u306e\u3000\u7d30\u80de\u304c\u3000\u7a81\u7136\u5909\u7570\u3092\n\u8d77\u3053\u3057\u3000\u898b\u4e8b\u306a\u3000\u7ffc\u304c\u3000\u751f\u3048\u3066\u304d\u305f\u3068\u3000\u3044\u3046\u3002",
      "language": {
        "name": "ja",
        "url": "https://pokeapi.co/api/v2/language/11/"
      },
      "version": {
        "name": "omega-ruby",
        "url": "https://pokeapi.co/api/v2/version/25/"
      }
    },
    {
      "flavor_text": "\u3086\u3081\u306b\u307e\u3067\u3000\u307f\u305f\u3000\u3064\u3070\u3055\u304c\u3000\u3084\u3063\u3068\u3000\u306f\u3048\u3066\u304d\u305f\u3002\n\u3046\u308c\u3057\u3044\u3000\u304d\u3082\u3061\u3092\u3000\u3042\u3089\u308f\u3059\u305f\u3081\u3000\u304a\u304a\u305e\u3089\u3092\n\u3068\u3073\u307e\u308f\u308a\u3000\u307b\u306e\u304a\u3092\u3000\u306f\u3044\u3066\u3000\u3088\u308d\u3053\u3093\u3067\u3044\u308b\u3002",
      "language": {
        "name": "ja-Hrkt",
        "url": "https://pokeapi.co/api/v2/language/1/"
      },
      "version": {
        "name": "alpha-sapphire",
        "url": "https://pokeapi.co/api/v2/version/26/"
      }
    },
    {
      "flavor_text": "\uafc8\uc5d0 \uadf8\ub9ac\ub358 \ub0a0\uac1c\uac00 \ub4dc\ub514\uc5b4 \uc0dd\uaca8\ub0ac\ub2e4.\n\uae30\uc05c \ub9c8\uc74c\uc744 \ud45c\ud604\ud558\uae30 \uc704\ud574 \ub113\uc740 \ud558\ub298\uc744\n\ub0a0\uc544\ub2e4\ub2c8\uba70 \ubd88\uaf43\uc744 \ub0b4\ubfdc\uc73c\uba70 \uae30\ubed0\ud55c\ub2e4.",
      "language": {
        "name": "ko",
        "url": "https://pokeapi.co/api/v2/language/3/"
      },
      "version": {
        "name": "alpha-sapphire",
        "url": "https://pokeapi.co/api/v2/version/26/"
      }
    },
    {
      "flavor_text": "En \u00e9voluant en Drattak, ce Pok\u00e9mon r\u00e9alise un r\u00eave\nd\u2019enfance, celui d\u2019avoir des ailes. Pour exprimer sa joie,\nil vole et plane dans les cieux en crachant des flammes.",
      "language": {
        "name": "fr",
        "url": "https://pokeapi.co/api/v2/language/5/"
      },
      "version": {
        "name": "alpha-sapphire",
        "url": "https://pokeapi.co/api/v2/version/26/"
      }
    },
    {
      "flavor_text": "Indem es sich zu Brutalanda entwickelt, setzt dieses\nPok\u00e9mon seinen lang gehegten Traum von Fl\u00fcgeln um.\nUm seine Freude zu zeigen, fliegt es durch die Luft und\ndreht sich. Dabei spuckt es Flammen aus seinem Mund.",
      "language": {
        "name": "de",
        "url": "https://pokeapi.co/api/v2/language/6/"
      },
      "version": {
        "name": "alpha-sapphire",
        "url": "https://pokeapi.co/api/v2/version/26/"
      }
    },
    {
      "flavor_text": "Al evolucionar Shelgon y convertirse por fin en Salamence, ve\ncumplido el sue\u00f1o de su vida de tener alas. Para expresar su\nalegr\u00eda, Salamence vuela y revolotea por el cielo al tiempo\nque lanza llamas por la boca.",
      "language": {
        "name": "es",
        "url": "https://pokeapi.co/api/v2/language/7/"
      },
      "version": {
        "name": "alpha-sapphire",
        "url": "https://pokeapi.co/api/v2/version/26/"
      }
    },
    {
      "flavor_text": "Evolvendosi in Salamence, questo Pok\u00e9mon realizza finalmente\nil suo antico sogno di volare. Per esprimere la sua gioia,\nvolteggia e turbina nel cielo sputando fiamme dalla bocca.",
      "language": {
        "name": "it",
        "url": "https://pokeapi.co/api/v2/language/8/"
      },
      "version": {
        "name": "alpha-sapphire",
        "url": "https://pokeapi.co/api/v2/version/26/"
      }
    },
    {
      "flavor_text": "By evolving into Salamence, this Pok\u00e9mon finally\nrealizes its long-held dream of growing wings. To express\nits joy, it flies and wheels all over the sky while spouting\nflames from its mouth.",
      "language": {
        "name": "en",
        "url": "https://pokeapi.co/api/v2/language/9/"
      },
      "version": {
        "name": "alpha-sapphire",
        "url": "https://pokeapi.co/api/v2/version/26/"
      }
    },
    {
      "flavor_text": "\u5922\u306b\u307e\u3067\u3000\u898b\u305f\u3000\u7ffc\u304c\u3000\u3084\u3063\u3068\u3000\u751f\u3048\u3066\u304d\u305f\u3002\n\u3046\u308c\u3057\u3044\u3000\u6c17\u6301\u3061\u3092\u3000\u73fe\u3059\u305f\u3081\u3000\u5927\u7a7a\u3092\n\u98db\u3073\u56de\u308a\u3000\u708e\u3092\u3000\u5410\u3044\u3066\u3000\u559c\u3093\u3067\u3044\u308b\u3002",
      "language": {
        "name": "ja",
        "url": "https://pokeapi.co/api/v2/language/11/"
      },
      "version": {
        "name": "alpha-sapphire",
        "url": "https://pokeapi.co/api/v2/version/26/"
      }
    },
    {
      "flavor_text": "\u304a\u3053\u308b\u3068\u3000\u308f\u308c\u3092\u3000\u308f\u3059\u308c\u3000\u3042\u305f\u308a\u3092\n\u3053\u308f\u3057\u307e\u308f\u308b\u3002\u3000\u30dc\u30fc\u30de\u30f3\u30c0\u304c\n\u3064\u304b\u308c\u306f\u3066\u308b\u307e\u3067\u3000\u306f\u304b\u3044\u306f\u3000\u3064\u3065\u304f\u3002",
      "language": {
        "name": "ja-Hrkt",
        "url": "https://pokeapi.co/api/v2/language/1/"
      },
      "version": {
        "name": "sun",
        "url": "https://pokeapi.co/api/v2/version/27/"
      }
    },
    {
      "flavor_text": "\ud654\uac00 \ub098\uba74 \uc774\uc131\uc744 \uc783\uace0 \uc8fc\ubcc0\uc744\n\ubd80\uc218\uba70 \ub3cc\uc544\ub2e4\ub2cc\ub2e4. \ubcf4\ub9cc\ub2e4\uac00\n\ub179\ucd08\uac00 \ub420 \ub54c\uae4c\uc9c0 \ud30c\uad34\ub294 \uacc4\uc18d\ub41c\ub2e4.",
      "language": {
        "name": "ko",
        "url": "https://pokeapi.co/api/v2/language/3/"
      },
      "version": {
        "name": "sun",
        "url": "https://pokeapi.co/api/v2/version/27/"
      }
    },
    {
      "flavor_text": "\u4e00\u751f\u6c23\u5c31\u6703\u5fd8\u8a18\u81ea\u6211\uff0c\u628a\u5468\u570d\n\u90fd\u7834\u58de\u6389\u3002\u7834\u58de\u6703\u6301\u7e8c\u4e0d\u65b7\uff0c\n\u76f4\u5230\u66b4\u98db\u9f8d\u7cbe\u75b2\u529b\u76e1\u3002",
      "language": {
        "name": "zh-Hant",
        "url": "https://pokeapi.co/api/v2/language/4/"
      },
      "version": {
        "name": "sun",
        "url": "https://pokeapi.co/api/v2/version/27/"
      }
    },
    {
      "flavor_text": "Quand il est pris de col\u00e8re, il perd toute mesure\net d\u00e9truit ce qui l\u2019entoure. Tant qu\u2019il lui reste une\nonce d\u2019\u00e9nergie, il continue de tout d\u00e9vaster.",
      "language": {
        "name": "fr",
        "url": "https://pokeapi.co/api/v2/language/5/"
      },
      "version": {
        "name": "sun",
        "url": "https://pokeapi.co/api/v2/version/27/"
      }
    },
    {
      "flavor_text": "Wenn es w\u00fctend ist, kann es nicht mehr klar\ndenken und zerst\u00f6rt alles um sich herum.\nDas tut es bis zur v\u00f6lligen Ersch\u00f6pfung.",
      "language": {
        "name": "de",
        "url": "https://pokeapi.co/api/v2/language/6/"
      },
      "version": {
        "name": "sun",
        "url": "https://pokeapi.co/api/v2/version/27/"
      }
    },
    {
      "flavor_text": "Cuando se enfada, pierde el control y destruye\ntodo lo que est\u00e1 a su alcance. Solo se calma\ncuando se queda sin fuerzas.",
      "language": {
        "name": "es",
        "url": "https://pokeapi.co/api/v2/language/7/"
      },
      "version": {
        "name": "sun",
        "url": "https://pokeapi.co/api/v2/version/27/"
      }
    },
    {
      "flavor_text": "Se si infuria, perde completamente il controllo.\nDevasta tutto ci\u00f2 che ha intorno e non si ferma\nfinch\u00e9 non \u00e8 sfinito.",
      "language": {
        "name": "it",
        "url": "https://pokeapi.co/api/v2/language/8/"
      },
      "version": {
        "name": "sun",
        "url": "https://pokeapi.co/api/v2/version/27/"
      }
    },
    {
      "flavor_text": "When angered, it loses all sense of itself and\ndestroys everything around it. The destruction\nwill continue until Salamence has tired itself out.",
      "language": {
        "name": "en",
        "url": "https://pokeapi.co/api/v2/language/9/"
      },
      "version": {
        "name": "sun",
        "url": "https://pokeapi.co/api/v2/version/27/"
      }
    },
    {
      "flavor_text": "\u6012\u308b\u3068\u3000\u6211\u3092\u3000\u5fd8\u308c\u3000\u3042\u305f\u308a\u3092\n\u58ca\u3057\u307e\u308f\u308b\u3002\u3000\u30dc\u30fc\u30de\u30f3\u30c0\u304c\n\u75b2\u308c\u679c\u3066\u308b\u307e\u3067\u3000\u7834\u58ca\u306f\u3000\u7d9a\u304f\u3002",
      "language": {
        "name": "ja",
        "url": "https://pokeapi.co/api/v2/language/11/"
      },
      "version": {
        "name": "sun",
        "url": "https://pokeapi.co/api/v2/version/27/"
      }
    },
    {
      "flavor_text": "\u4e00\u751f\u6c14\u5c31\u4f1a\u5fd8\u8bb0\u81ea\u6211\uff0c\u628a\u5468\u56f4\n\u90fd\u7834\u574f\u6389\u3002\u7834\u574f\u4f1a\u6301\u7eed\u4e0d\u65ad\uff0c\n\u76f4\u5230\u66b4\u98de\u9f99\u7cbe\u75b2\u529b\u5c3d\u3002",
      "language": {
        "name": "zh-Hans",
        "url": "https://pokeapi.co/api/v2/language/12/"
      },
      "version": {
        "name": "sun",
        "url": "https://pokeapi.co/api/v2/version/27/"
      }
    },
    {
      "flavor_text": "\u3064\u3044\u306b\u3000\u306f\u3048\u305f\u3000\u3064\u3070\u3055\u3067\u3000\u304a\u304a\u305e\u3089\u3092\n\u304b\u3051\u3081\u3050\u308b\u3002\u3000\u3046\u308c\u3057\u304f\u3066\u3000\u304b\u3048\u3093\u3092\n\u306f\u3044\u3066\u3000\u3044\u3061\u3081\u3093\u3092\u3000\u3084\u3051\u306e\u306f\u3089\u306b\u3059\u308b\u3002",
      "language": {
        "name": "ja-Hrkt",
        "url": "https://pokeapi.co/api/v2/language/1/"
      },
      "version": {
        "name": "moon",
        "url": "https://pokeapi.co/api/v2/version/28/"
      }
    },
    {
      "flavor_text": "\ub4dc\ub514\uc5b4 \uc790\ub77c\ub09c \ub0a0\uac1c\ub85c \ub113\uc740 \ud558\ub298\uc744\n\ub0a0\uc544\ub2e4\ub2cc\ub2e4. \uae30\uc05c \ub9c8\uc74c\uc5d0 \ud654\uc5fc\uc744\n\ubfdc\uc5b4 \uc77c\ub300\ub97c \ubd88\ud0dc\uc6cc \ubc84\ub9b0\ub2e4.",
      "language": {
        "name": "ko",
        "url": "https://pokeapi.co/api/v2/language/3/"
      },
      "version": {
        "name": "moon",
        "url": "https://pokeapi.co/api/v2/version/28/"
      }
    },
    {
      "flavor_text": "\u7528\u7d42\u65bc\u9577\u51fa\u4f86\u7684\u7fc5\u8180\u5728\u6d69\u701a\u7684\n\u5929\u7a7a\u7ff1\u7fd4\u3002\u9ad8\u8208\u5730\u5674\u51fa\u706b\u7130\uff0c\n\u5c07\u5927\u5730\u8b8a\u6210\u4e00\u7247\u706b\u6d77\u3002",
      "language": {
        "name": "zh-Hant",
        "url": "https://pokeapi.co/api/v2/language/4/"
      },
      "version": {
        "name": "moon",
        "url": "https://pokeapi.co/api/v2/version/28/"
      }
    },
    {
      "flavor_text": "Il fend l\u2019air et virevolte dans le ciel gr\u00e2ce \u00e0 ses\nailes fra\u00eechement form\u00e9es. De bonheur, il crache\ndu feu et d\u00e9vaste toutes les cultures au sol.",
      "language": {
        "name": "fr",
        "url": "https://pokeapi.co/api/v2/language/5/"
      },
      "version": {
        "name": "moon",
        "url": "https://pokeapi.co/api/v2/version/28/"
      }
    },
    {
      "flavor_text": "Nun, da ihm Fl\u00fcgel gewachsen sind, zieht es\nseine Kreise am Himmel. Vor Freude spuckt\nes Flammen und hinterl\u00e4sst eine Brandw\u00fcste.",
      "language": {
        "name": "de",
        "url": "https://pokeapi.co/api/v2/language/6/"
      },
      "version": {
        "name": "moon",
        "url": "https://pokeapi.co/api/v2/version/28/"
      }
    },
    {
      "flavor_text": "Feliz de haber desarrollado al fin sus alas y de\npoder volar por el cielo, calcina con sus llamas\ntodos los campos que sobrevuela.",
      "language": {
        "name": "es",
        "url": "https://pokeapi.co/api/v2/language/7/"
      },
      "version": {
        "name": "moon",
        "url": "https://pokeapi.co/api/v2/version/28/"
      }
    },
    {
      "flavor_text": "Volteggia nel cielo con le grandi ali cresciutegli\ncon l\u2019evoluzione. Esprime la sua gioia sputando\nfiamme e bruciando le campagne che sorvola.",
      "language": {
        "name": "it",
        "url": "https://pokeapi.co/api/v2/language/8/"
      },
      "version": {
        "name": "moon",
        "url": "https://pokeapi.co/api/v2/version/28/"
      }
    },
    {
      "flavor_text": "It flies around on its wings, which have grown in\nat last. In its happiness, it gushes hot flames,\nburning up the fields it passes over.",
      "language": {
        "name": "en",
        "url": "https://pokeapi.co/api/v2/language/9/"
      },
      "version": {
        "name": "moon",
        "url": "https://pokeapi.co/api/v2/version/28/"
      }
    },
    {
      "flavor_text": "\u3064\u3044\u306b\u3000\u751f\u3048\u305f\u3000\u7ffc\u3067\u3000\u5927\u7a7a\u3092\n\u99c6\u3051\u5efb\u308b\u3002\u3000\u3046\u308c\u3057\u304f\u3066\u3000\u706b\u708e\u3092\n\u5410\u3044\u3066\u3000\u4e00\u9762\u3092\u3000\u713c\u3051\u91ce\u539f\u306b\u3059\u308b\u3002",
      "language": {
        "name": "ja",
        "url": "https://pokeapi.co/api/v2/language/11/"
      },
      "version": {
        "name": "moon",
        "url": "https://pokeapi.co/api/v2/version/28/"
      }
    },
    {
      "flavor_text": "\u7528\u6700\u540e\u7ec8\u4e8e\u957f\u51fa\u6765\u7684\u7fc5\u8180\u5728\u6d69\u701a\u7684\n\u5929\u7a7a\u7ff1\u7fd4\u3002\u5174\u594b\u5730\u55b7\u51fa\u706b\u7130\uff0c\n\u5c06\u5927\u5730\u53d8\u6210\u4e00\u7247\u71c3\u70e7\u7684\u539f\u91ce\u3002",
      "language": {
        "name": "zh-Hans",
        "url": "https://pokeapi.co/api/v2/language/12/"
      },
      "version": {
        "name": "moon",
        "url": "https://pokeapi.co/api/v2/version/28/"
      }
    },
    {
      "flavor_text": "\u3064\u3044\u306b\u3000\u3068\u3079\u305f\u3088\u308d\u3053\u3073\u3067\u3000\u304a\u304a\u305e\u3089\u3092\n\u304b\u3051\u3081\u3050\u308b\u3002\u3000\u3064\u304b\u308c\u306f\u3066\u3000\u306d\u3080\u308b\u307e\u3067\n\u3061\u3058\u3087\u3046\u306b\u3000\u307b\u3068\u3093\u3069\u3000\u304a\u308a\u3066\u3053\u306a\u3044\u3002",
      "language": {
        "name": "ja-Hrkt",
        "url": "https://pokeapi.co/api/v2/language/1/"
      },
      "version": {
        "name": "ultra-sun",
        "url": "https://pokeapi.co/api/v2/version/29/"
      }
    },
    {
      "flavor_text": "\ub4dc\ub514\uc5b4 \ub0a0 \uc218 \uc788\ub2e4\ub294 \uae30\uc068\uc5d0 \ub113\uc740 \ud558\ub298\uc744\n\ub0a0\uc544\ub2e4\ub2cc\ub2e4. \uc9c0\uccd0\uc11c \uc7a0\ub4e4\uae30 \uc804\uae4c\uc9c0\n\uc9c0\uc0c1\uc73c\ub85c \uac70\uc758 \ub0b4\ub824\uc624\uc9c0 \uc54a\ub294\ub2e4.",
      "language": {
        "name": "ko",
        "url": "https://pokeapi.co/api/v2/language/3/"
      },
      "version": {
        "name": "ultra-sun",
        "url": "https://pokeapi.co/api/v2/version/29/"
      }
    },
    {
      "flavor_text": "\u56e0\u70ba\u7d42\u65bc\u80fd\u98db\u7684\u559c\u6085\u800c\u4e0d\u65b7\n\u5728\u5929\u7a7a\u56db\u8655\u7ff1\u7fd4\u3002\u5728\u8017\u76e1\u9ad4\u529b\n\u800c\u5165\u7761\u4e4b\u524d\uff0c\u5e7e\u4e4e\u4e0d\u6703\u964d\u843d\u3002",
      "language": {
        "name": "zh-Hant",
        "url": "https://pokeapi.co/api/v2/language/4/"
      },
      "version": {
        "name": "ultra-sun",
        "url": "https://pokeapi.co/api/v2/version/29/"
      }
    },
    {
      "flavor_text": "Maintenant qu\u2019il peut enfin voler, il passe tout\nson temps \u00e0 parcourir le ciel et ne redescend\nque quand il tombe d\u2019\u00e9puisement.",
      "language": {
        "name": "fr",
        "url": "https://pokeapi.co/api/v2/language/5/"
      },
      "version": {
        "name": "ultra-sun",
        "url": "https://pokeapi.co/api/v2/version/29/"
      }
    },
    {
      "flavor_text": "Voller Freude dar\u00fcber, endlich fliegen zu k\u00f6nnen,\nkreist es am Himmel. Es kommt erst wieder zu\nBoden, wenn es am Rande der Ersch\u00f6pfung ist.",
      "language": {
        "name": "de",
        "url": "https://pokeapi.co/api/v2/language/6/"
      },
      "version": {
        "name": "ultra-sun",
        "url": "https://pokeapi.co/api/v2/version/29/"
      }
    },
    {
      "flavor_text": "Ahora que por fin puede volar, surca los cielos\ncon una sonrisa en el rostro. No pisa tierra firme\na no ser que tenga que dormir o est\u00e9 exhausto.",
      "language": {
        "name": "es",
        "url": "https://pokeapi.co/api/v2/language/7/"
      },
      "version": {
        "name": "ultra-sun",
        "url": "https://pokeapi.co/api/v2/version/29/"
      }
    },
    {
      "flavor_text": "Esprime la sua gioia di essere finalmente in\ngrado di volare scorrazzando nel cielo e scende\na terra solo quando \u00e8 sfinito e assonnato.",
      "language": {
        "name": "it",
        "url": "https://pokeapi.co/api/v2/language/8/"
      },
      "version": {
        "name": "ultra-sun",
        "url": "https://pokeapi.co/api/v2/version/29/"
      }
    },
    {
      "flavor_text": "Overjoyed at finally being able to fly, it flies all\nover the place and usually doesn\u2019t land until it\u2019s\ncompletely exhausted and needs to sleep.",
      "language": {
        "name": "en",
        "url": "https://pokeapi.co/api/v2/language/9/"
      },
      "version": {
        "name": "ultra-sun",
        "url": "https://pokeapi.co/api/v2/version/29/"
      }
    },
    {
      "flavor_text": "\u3064\u3044\u306b\u3000\u98db\u3079\u305f\u559c\u3073\u3067\u3000\u5927\u7a7a\u3092\n\u99c6\u3051\u5de1\u308b\u3002\u3000\u75b2\u308c\u679c\u3066\u3000\u7720\u308b\u307e\u3067\n\u5730\u4e0a\u306b\u3000\u307b\u3068\u3093\u3069\u3000\u964d\u308a\u3066\u3053\u306a\u3044\u3002",
      "language": {
        "name": "ja",
        "url": "https://pokeapi.co/api/v2/language/11/"
      },
      "version": {
        "name": "ultra-sun",
        "url": "https://pokeapi.co/api/v2/version/29/"
      }
    },
    {
      "flavor_text": "\u56e0\u4e3a\u7ec8\u4e8e\u80fd\u98de\u7684\u559c\u60a6\uff0c\n\u800c\u5728\u5929\u7a7a\u56db\u5904\u75be\u98de\u3002\n\u4e0d\u5230\u7cbe\u75b2\u529b\u7aed\u8981\u7761\u89c9\u5c31\u51e0\u4e4e\u4e0d\u843d\u5730\u3002",
      "language": {
        "name": "zh-Hans",
        "url": "https://pokeapi.co/api/v2/language/12/"
      },
      "version": {
        "name": "ultra-sun",
        "url": "https://pokeapi.co/api/v2/version/29/"
      }
    },
    {
      "flavor_text": "\u3064\u3088\u304f\u3000\u306d\u304c\u3044\u3064\u3065\u3051\u3066\u3000\u304d\u305f\u3000\u3051\u3063\u304b\n\u304b\u3089\u3060\u306e\u3000\u3055\u3044\u307c\u3046\u304c\u3000\u3068\u3064\u305c\u3093\u3078\u3093\u3044\u3002\n\u306d\u3093\u304c\u3093\u306e\u3000\u3064\u3070\u3055\u3092\u3000\u3066\u306b\u3044\u308c\u305f\u3002",
      "language": {
        "name": "ja-Hrkt",
        "url": "https://pokeapi.co/api/v2/language/1/"
      },
      "version": {
        "name": "ultra-moon",
        "url": "https://pokeapi.co/api/v2/version/30/"
      }
    },
    {
      "flavor_text": "\uac15\ud558\uac8c \ubc14\ub77c\uace0 \ubc14\ub780 \uacb0\uacfc\n\ubab8\uc758 \uc138\ud3ec\uac00 \ub3cc\uc5f0\ubcc0\uc774\ub97c \uc77c\uc73c\ucf1c\uc11c\n\uc5fc\uc6d0\ud558\ub358 \ub0a0\uac1c\ub97c \uc190\uc5d0 \ub123\uc5c8\ub2e4.",
      "language": {
        "name": "ko",
        "url": "https://pokeapi.co/api/v2/language/3/"
      },
      "version": {
        "name": "ultra-moon",
        "url": "https://pokeapi.co/api/v2/version/30/"
      }
    },
    {
      "flavor_text": "\u5728\u4e0d\u65b7\u5730\u5f37\u70c8\u7948\u6c42\u4e4b\u4e0b\uff0c\n\u8eab\u9ad4\u7684\u7d30\u80de\u767c\u751f\u4e86\u7a81\u8b8a\uff0c\n\u8b93\u7260\u5f97\u5230\u4e86\u5922\u5bd0\u4ee5\u6c42\u7684\u7fc5\u8180\u3002",
      "language": {
        "name": "zh-Hant",
        "url": "https://pokeapi.co/api/v2/language/4/"
      },
      "version": {
        "name": "ultra-moon",
        "url": "https://pokeapi.co/api/v2/version/30/"
      }
    },
    {
      "flavor_text": "Apr\u00e8s avoir pri\u00e9 jour et nuit de tout son c\u0153ur,\nson souhait a enfin \u00e9t\u00e9 exauc\u00e9 : ses cellules\nont mut\u00e9 pour donner naissance \u00e0 des ailes\u202f!",
      "language": {
        "name": "fr",
        "url": "https://pokeapi.co/api/v2/language/5/"
      },
      "version": {
        "name": "ultra-moon",
        "url": "https://pokeapi.co/api/v2/version/30/"
      }
    },
    {
      "flavor_text": "Als Ergebnis seines lang gehegten Wunsches\nhaben seine Zellen eine pl\u00f6tzliche Mutation\nvollzogen und ihm sind Fl\u00fcgel gewachsen.",
      "language": {
        "name": "de",
        "url": "https://pokeapi.co/api/v2/language/6/"
      },
      "version": {
        "name": "ultra-moon",
        "url": "https://pokeapi.co/api/v2/version/30/"
      }
    },
    {
      "flavor_text": "Su fuerte y firme deseo de volar provoc\u00f3 una\nmutaci\u00f3n repentina de su estructura celular que\nle permiti\u00f3 obtener las alas que tanto ansiaba.",
      "language": {
        "name": "es",
        "url": "https://pokeapi.co/api/v2/language/7/"
      },
      "version": {
        "name": "ultra-moon",
        "url": "https://pokeapi.co/api/v2/version/30/"
      }
    },
    {
      "flavor_text": "Il suo intenso desiderio di volare ha provocato\nuna mutazione cellulare che ha fatto nascere le\ntanto agognate ali.",
      "language": {
        "name": "it",
        "url": "https://pokeapi.co/api/v2/language/8/"
      },
      "version": {
        "name": "ultra-moon",
        "url": "https://pokeapi.co/api/v2/version/30/"
      }
    },
    {
      "flavor_text": "Thanks to its fervent wishes, the cells in its\nbody finally mutated, and at last it has its\nheart\u2019s desire\u2014wings.",
      "language": {
        "name": "en",
        "url": "https://pokeapi.co/api/v2/language/9/"
      },
      "version": {
        "name": "ultra-moon",
        "url": "https://pokeapi.co/api/v2/version/30/"
      }
    },
    {
      "flavor_text": "\u5f37\u304f\u3000\u9858\u3044\u7d9a\u3051\u3066\u3000\u304d\u305f\u3000\u7d50\u679c\n\u8eab\u4f53\u306e\u3000\u7d30\u80de\u304c\u3000\u7a81\u7136\u5909\u7570\u3002\n\u5ff5\u9858\u306e\u3000\u7ffc\u3092\u3000\u624b\u306b\u5165\u308c\u305f\u3002",
      "language": {
        "name": "ja",
        "url": "https://pokeapi.co/api/v2/language/11/"
      },
      "version": {
        "name": "ultra-moon",
        "url": "https://pokeapi.co/api/v2/version/30/"
      }
    },
    {
      "flavor_text": "\u56e0\u4e3a\u4e0d\u65ad\u5f3a\u70c8\u5730\u7948\u6c42\u7740\uff0c\n\u7ed3\u679c\u8eab\u4f53\u7684\u7ec6\u80de\u53d1\u751f\u4e86\u7a81\u7136\u53d8\u5f02\u3002\n\u7ec8\u4e8e\u5f97\u5230\u4e86\u5fc3\u5fc3\u5ff5\u5ff5\u7684\u7fc5\u8180\u3002",
      "language": {
        "name": "zh-Hans",
        "url": "https://pokeapi.co/api/v2/language/12/"
      },
      "version": {
        "name": "ultra-moon",
        "url": "https://pokeapi.co/api/v2/version/30/"
      }
    },
    {
      "flavor_text": "\u305d\u3089\u3092\u3000\u3068\u3076\u3053\u3068\u3092\u3000\u306d\u304c\u3044\u3064\u3065\u3051\u305f\n\u3051\u3063\u304b\u3000\u3064\u3070\u3055\u3092\u3000\u3082\u3064\u3000\u304b\u3089\u3060\u306b\n\u3057\u3093\u304b\u3067\u304d\u305f\u3000\u3081\u305a\u3089\u3057\u3044\u3000\u30dd\u30b1\u30e2\u30f3\u3002",
      "language": {
        "name": "ja-Hrkt",
        "url": "https://pokeapi.co/api/v2/language/1/"
      },
      "version": {
        "name": "sword",
        "url": "https://pokeapi.co/api/v2/version/33/"
      }
    },
    {
      "flavor_text": "\ud558\ub298\uc744 \ub098\ub294 \uac83\uc744 \uafc8\uafd4\uc628 \uacb0\uacfc\n\ub0a0\uac1c\ub97c \uac00\uc9c4 \ubab8\uc73c\ub85c \uc9c4\ud654\ud558\ub294 \ub370\n\uc131\uacf5\ud55c \ud76c\uadc0\ud55c \ud3ec\ucf13\ubaac.",
      "language": {
        "name": "ko",
        "url": "https://pokeapi.co/api/v2/language/3/"
      },
      "version": {
        "name": "sword",
        "url": "https://pokeapi.co/api/v2/version/33/"
      }
    },
    {
      "flavor_text": "\u9577\u4e45\u5922\u60f3\u8457\u8981\u98db\u4e0a\u5929\uff0c\n\u9032\u5316\u5f8c\u8eab\u4e0a\u7d42\u65bc\u9577\u51fa\u4e86\n\u7fc5\u8180\u7684\u7a00\u5947\u5bf6\u53ef\u5922\u3002",
      "language": {
        "name": "zh-Hant",
        "url": "https://pokeapi.co/api/v2/language/4/"
      },
      "version": {
        "name": "sword",
        "url": "https://pokeapi.co/api/v2/version/33/"
      }
    },
    {
      "flavor_text": "Ce Pok\u00e9mon rare a tellement souhait\u00e9\nvoler qu\u2019il s\u2019est vu pousser des ailes\npendant son \u00e9volution.",
      "language": {
        "name": "fr",
        "url": "https://pokeapi.co/api/v2/language/5/"
      },
      "version": {
        "name": "sword",
        "url": "https://pokeapi.co/api/v2/version/33/"
      }
    },
    {
      "flavor_text": "Diesem ungew\u00f6hnlichen Pok\u00e9mon sind im Zuge\nseiner Entwicklung Fl\u00fcgel gewachsen, nur weil es\nden sehnlichen Wunsch hatte, fliegen zu k\u00f6nnen.",
      "language": {
        "name": "de",
        "url": "https://pokeapi.co/api/v2/language/6/"
      },
      "version": {
        "name": "sword",
        "url": "https://pokeapi.co/api/v2/version/33/"
      }
    },
    {
      "flavor_text": "Un Pok\u00e9mon poco com\u00fan que, tras desear\ncon todas sus fuerzas poder volar, consigui\u00f3\nun cuerpo alado al evolucionar.",
      "language": {
        "name": "es",
        "url": "https://pokeapi.co/api/v2/language/7/"
      },
      "version": {
        "name": "sword",
        "url": "https://pokeapi.co/api/v2/version/33/"
      }
    },
    {
      "flavor_text": "Questo insolito Pok\u00e9mon \u00e8 riuscito a evolversi\nin una creatura dotata di ali in seguito al suo\nintenso desiderio di librarsi nel cielo.",
      "language": {
        "name": "it",
        "url": "https://pokeapi.co/api/v2/language/8/"
      },
      "version": {
        "name": "sword",
        "url": "https://pokeapi.co/api/v2/version/33/"
      }
    },
    {
      "flavor_text": "Salamence is an unusual Pok\u00e9mon in that it\nwas able to evolve a body with wings just by\nconstantly wishing to be able to fly.",
      "language": {
        "name": "en",
        "url": "https://pokeapi.co/api/v2/language/9/"
      },
      "version": {
        "name": "sword",
        "url": "https://pokeapi.co/api/v2/version/33/"
      }
    },
    {
      "flavor_text": "\u7a7a\u3092\u3000\u98db\u3076\u3053\u3068\u3092\u3000\u9858\u3044\u7d9a\u3051\u305f\u3000\u7d50\u679c\n\u7ffc\u3092\u3000\u6301\u3064\u3000\u4f53\u306b\u3000\u9032\u5316\u3067\u304d\u305f\n\u73cd\u3057\u3044\u3000\u30dd\u30b1\u30e2\u30f3\u3002",
      "language": {
        "name": "ja",
        "url": "https://pokeapi.co/api/v2/language/11/"
      },
      "version": {
        "name": "sword",
        "url": "https://pokeapi.co/api/v2/version/33/"
      }
    },
    {
      "flavor_text": "\u4e00\u76f4\u6e34\u671b\u80fd\u98de\u4e0a\u5929\u7a7a\uff0c\n\u8fdb\u5316\u540e\u8eab\u4f53\u4e0a\u7ec8\u4e8e\u957f\u51fa\u4e86\n\u7fc5\u8180\u7684\u73cd\u5947\u5b9d\u53ef\u68a6\u3002",
      "language": {
        "name": "zh-Hans",
        "url": "https://pokeapi.co/api/v2/language/12/"
      },
      "version": {
        "name": "sword",
        "url": "https://pokeapi.co/api/v2/version/33/"
      }
    },
    {
      "flavor_text": "\u304a\u304a\u305e\u3089\u3092\u3000\u3068\u3076\u3000\u3088\u308d\u3053\u3073\u306b\u3000\u3072\u305f\u308a\n\u3058\u3087\u3046\u304d\u3052\u3093\u3060\u304c\u3000\u304a\u3053\u3089\u305b\u308b\u3068\n\u3066\u304c\u3000\u3064\u3051\u3089\u308c\u306a\u3044\u3000\u3089\u3093\u307c\u3046\u3082\u306e\u3002",
      "language": {
        "name": "ja-Hrkt",
        "url": "https://pokeapi.co/api/v2/language/1/"
      },
      "version": {
        "name": "shield",
        "url": "https://pokeapi.co/api/v2/version/34/"
      }
    },
    {
      "flavor_text": "\ub113\uc740 \ud558\ub298\uc744 \ub098\ub294 \uae30\uc068\uc5d0\n\ud06c\uac8c \ub4e4\ub5a0 \uc788\uc9c0\ub9cc \ud654\ub098\uac8c \ud558\uba74\n\uc190 \uc4f8 \uc218 \uc5c6\uc744 \uc815\ub3c4\ub85c \ub09c\ud3ed\ud558\ub2e4.",
      "language": {
        "name": "ko",
        "url": "https://pokeapi.co/api/v2/language/3/"
      },
      "version": {
        "name": "shield",
        "url": "https://pokeapi.co/api/v2/version/34/"
      }
    },
    {
      "flavor_text": "\u6c89\u6d78\u5728\u7ff1\u7fd4\u5929\u7a7a\u7684\u559c\u6085\u6642\uff0c\n\u5fc3\u60c5\u6703\u975e\u5e38\u597d\u3002\u4f46\u6027\u60c5\u7c97\u66b4\uff0c\n\u4e00\u65e6\u88ab\u6fc0\u6012\u5c31\u6703\u4e00\u767c\u4e0d\u53ef\u6536\u62fe\u3002",
      "language": {
        "name": "zh-Hant",
        "url": "https://pokeapi.co/api/v2/language/4/"
      },
      "version": {
        "name": "shield",
        "url": "https://pokeapi.co/api/v2/version/34/"
      }
    },
    {
      "flavor_text": "Heureux de pouvoir voler dans le ciel, il est\nsouvent de bonne humeur, mais il devient\nincontr\u00f4lable lorsqu\u2019on le met en col\u00e8re.",
      "language": {
        "name": "fr",
        "url": "https://pokeapi.co/api/v2/language/5/"
      },
      "version": {
        "name": "shield",
        "url": "https://pokeapi.co/api/v2/version/34/"
      }
    },
    {
      "flavor_text": "Brutalanda freut sich ungemein dar\u00fcber, endlich\nfliegen zu k\u00f6nnen, doch wenn es w\u00fctend wird,\nger\u00e4t es au\u00dfer Kontrolle.",
      "language": {
        "name": "de",
        "url": "https://pokeapi.co/api/v2/language/6/"
      },
      "version": {
        "name": "shield",
        "url": "https://pokeapi.co/api/v2/version/34/"
      }
    },
    {
      "flavor_text": "Feliz de ver cumplido su deseo, surca los cielos\ncon buen \u00e1nimo, pero, si se enfada, se vuelve\nviolento e incontrolable.",
      "language": {
        "name": "es",
        "url": "https://pokeapi.co/api/v2/language/7/"
      },
      "version": {
        "name": "shield",
        "url": "https://pokeapi.co/api/v2/version/34/"
      }
    },
    {
      "flavor_text": "\u00c8 generalmente di buon umore e traboccante\ndi gioia per essere riuscito a volare, ma se si\narrabbia diventa una furia incontrollabile.",
      "language": {
        "name": "it",
        "url": "https://pokeapi.co/api/v2/language/8/"
      },
      "version": {
        "name": "shield",
        "url": "https://pokeapi.co/api/v2/version/34/"
      }
    },
    {
      "flavor_text": "While basking in the joy of flight generally keeps\nthis Pok\u00e9mon in high spirits, Salamence turns into\nan uncontrollable menace if something angers it.",
      "language": {
        "name": "en",
        "url": "https://pokeapi.co/api/v2/language/9/"
      },
      "version": {
        "name": "shield",
        "url": "https://pokeapi.co/api/v2/version/34/"
      }
    },
    {
      "flavor_text": "\u5927\u7a7a\u3092\u3000\u98db\u3076\u3000\u559c\u3073\u306b\u3000\u6d78\u308a\n\u4e0a\u6a5f\u5acc\u3060\u304c\u3000\u6012\u3089\u305b\u308b\u3068\n\u624b\u304c\u3000\u3064\u3051\u3089\u308c\u306a\u3044\u3000\u4e71\u66b4\u8005\u3002",
      "language": {
        "name": "ja",
        "url": "https://pokeapi.co/api/v2/language/11/"
      },
      "version": {
        "name": "shield",
        "url": "https://pokeapi.co/api/v2/version/34/"
      }
    },
    {
      "flavor_text": "\u867d\u7136\u5728\u7a7a\u4e2d\u7ff1\u7fd4\u80fd\u591f\u8ba9\u5b83\n\u4e50\u5728\u5176\u4e2d\uff0c\u4f46\u662f\u4e00\u65e6\u88ab\u60f9\u6012\uff0c\n\u5c31\u4f1a\u5927\u95f9\u4e00\u756a\uff0c\u4e0d\u53ef\u6536\u62fe\u3002",
      "language": {
        "name": "zh-Hans",
        "url": "https://pokeapi.co/api/v2/language/12/"
      },
      "version": {
        "name": "shield",
        "url": "https://pokeapi.co/api/v2/version/34/"
      }
    }
  ],
  "form_descriptions": [],
  "forms_switchable": true,
  "gender_rate": 4,
  "genera": [
    {
      "genus": "\u30c9\u30e9\u30b4\u30f3\u30dd\u30b1\u30e2\u30f3",
      "language": {
        "name": "ja-Hrkt",
        "url": "https://pokeapi.co/api/v2/language/1/"
      }
    },
    {
      "genus": "\ub4dc\ub798\uace4\ud3ec\ucf13\ubaac",
      "language": {
        "name": "ko",
        "url": "https://pokeapi.co/api/v2/language/3/"
      }
    },
    {
      "genus": "\u9f8d\u5bf6\u53ef\u5922",
      "language": {
        "name": "zh-Hant",
        "url": "https://pokeapi.co/api/v2/language/4/"
      }
    },
    {
      "genus": "Pok\u00e9mon Dragon",
      "language": {
        "name": "fr",
        "url": "https://pokeapi.co/api/v2/language/5/"
      }
    },
    {
      "genus": "Drachen-Pok\u00e9mon",
      "language": {
        "name": "de",
        "url": "https://pokeapi.co/api/v2/language/6/"
      }
    },
    {
      "genus": "Pok\u00e9mon Drag\u00f3n",
      "language": {
        "name": "es",
        "url": "https://pokeapi.co/api/v2/language/7/"
      }
    },
    {
      "genus": "Pok\u00e9mon Drago",
      "language": {
        "name": "it",
        "url": "https://pokeapi.co/api/v2/language/8/"
      }
    },
    {
      "genus": "Dragon Pok\u00e9mon",
      "language": {
        "name": "en",
        "url": "https://pokeapi.co/api/v2/language/9/"
      }
    },
    {
      "genus": "\u30c9\u30e9\u30b4\u30f3\u30dd\u30b1\u30e2\u30f3",
      "language": {
        "name": "ja",
        "url": "https://pokeapi.co/api/v2/language/11/"
      }
    },
    {
      "genus": "\u9f99\u5b9d\u53ef\u68a6",
      "language": {
        "name": "zh-Hans",
        "url": "https://pokeapi.co/api/v2/language/12/"
      }
    }
  ],
  "generation": {
    "name": "generation-iii",
    "url": "https://pokeapi.co/api/v2/generation/3/"
  },
  "growth_rate": {
    "name": "slow",
    "url": "https://pokeapi.co/api/v2/growth-rate/1/"
  },
  "habitat": {
    "name": "rough-terrain",
    "url": "https://pokeapi.co/api/v2/pokemon-habitat/6/"
  },
  "has_gender_differences": false,
  "hatch_counter": 40,
  "id": 373,
  "is_baby": false,
  "is_legendary": false,
  "is_mythical": false,
  "name": "salamence",
  "names": [
    {
      "language": {
        "name": "ja-Hrkt",
        "url": "https://pokeapi.co/api/v2/language/1/"
      },
      "name": "\u30dc\u30fc\u30de\u30f3\u30c0"
    },
    {
      "language": {
        "name": "roomaji",
        "url": "https://pokeapi.co/api/v2/language/2/"
      },
      "name": "Bohmander"
    },
    {
      "language": {
        "name": "ko",
        "url": "https://pokeapi.co/api/v2/language/3/"
      },
      "name": "\ubcf4\ub9cc\ub2e4"
    },
    {
      "language": {
        "name": "zh-Hant",
        "url": "https://pokeapi.co/api/v2/language/4/"
      },
      "name": "\u66b4\u98db\u9f8d"
    },
    {
      "language": {
        "name": "fr",
        "url": "https://pokeapi.co/api/v2/language/5/"
      },
      "name": "Drattak"
    },
    {
      "language": {
        "name": "de",
        "url": "https://pokeapi.co/api/v2/language/6/"
      },
      "name": "Brutalanda"
    },
    {
      "language": {
        "name": "es",
        "url": "https://pokeapi.co/api/v2/language/7/"
      },
      "name": "Salamence"
    },
    {
      "language": {
        "name": "it",
        "url": "https://pokeapi.co/api/v2/language/8/"
      },
      "name": "Salamence"
    },
    {
      "language": {
        "name": "en",
        "url": "https://pokeapi.co/api/v2/language/9/"
      },
      "name": "Salamence"
    },
    {
      "language": {
        "name": "ja",
        "url": "https://pokeapi.co/api/v2/language/11/"
      },
      "name": "\u30dc\u30fc\u30de\u30f3\u30c0"
    },
    {
      "language": {
        "name": "zh-Hans",
        "url": "https://pokeapi.co/api/v2/language/12/"
      },
      "name": "\u66b4\u98de\u9f99"
    }
  ],
  "order": 403,
  "pal_park_encounters": [
    {
      "area": {
        "name": "mountain",
        "url": "https://pokeapi.co/api/v2/pal-park-area/3/"
      },
      "base_score": 80,
      "rate": 10
    }
  ],
  "pokedex_numbers": [
    {
      "entry_number": 373,
      "pokedex": {
        "name": "national",
        "url": "https://pokeapi.co/api/v2/pokedex/1/"
      }
    },
    {
      "entry_number": 189,
      "pokedex": {
        "name": "hoenn",
        "url": "https://pokeapi.co/api/v2/pokedex/4/"
      }
    },
    {
      "entry_number": 16,
      "pokedex": {
        "name": "kalos-coastal",
        "url": "https://pokeapi.co/api/v2/pokedex/13/"
      }
    },
    {
      "entry_number": 198,
      "pokedex": {
        "name": "updated-hoenn",
        "url": "https://pokeapi.co/api/v2/pokedex/15/"
      }
    },
    {
      "entry_number": 119,
      "pokedex": {
        "name": "original-alola",
        "url": "https://pokeapi.co/api/v2/pokedex/16/"
      }
    },
    {
      "entry_number": 119,
      "pokedex": {
        "name": "original-melemele",
        "url": "https://pokeapi.co/api/v2/pokedex/17/"
      }
    },
    {
      "entry_number": 149,
      "pokedex": {
        "name": "updated-alola",
        "url": "https://pokeapi.co/api/v2/pokedex/21/"
      }
    },
    {
      "entry_number": 149,
      "pokedex": {
        "name": "updated-melemele",
        "url": "https://pokeapi.co/api/v2/pokedex/22/"
      }
    },
    {
      "entry_number": 115,
      "pokedex": {
        "name": "crown-tundra",
        "url": "https://pokeapi.co/api/v2/pokedex/29/"
      }
    },
    {
      "entry_number": 278,
      "pokedex": {
        "name": "paldea",
        "url": "https://pokeapi.co/api/v2/pokedex/31/"
      }
    },
    {
      "entry_number": 222,
      "pokedex": {
        "name": "lumiose-city",
        "url": "https://pokeapi.co/api/v2/pokedex/34/"
      }
    }
  ],
  "shape": {
    "name": "quadruped",
    "url": "https://pokeapi.co/api/v2/pokemon-shape/8/"
  },
  "varieties": [
    {
      "is_default": true,
      "pokemon": {
        "name": "salamence",
        "url": "https://pokeapi.co/api/v2/pokemon/373/"
      }
    },
    {
      "is_default": false,
      "pokemon": {
        "name": "salamence-mega",
        "url": "https://pokeapi.co/api/v2/pokemon/10089/"
      }
    }
  ]
}