{"flavor_text_entries": [{"flavor_text": "As a protective technique, it can\ncompletely freeze its fur to make\nits hairs stand like needles.", "language": {"name": "en", "url": "https://pokeapi.co/api/v2/language/9/"}, "version": {"name": "diamond", "url": "https://pokeapi.co/api/v2/version/12/"}}, {"flavor_text": "As a protective technique, it can\ncompletely freeze its fur to make\nits hairs stand like needles.", "language": {"name": "en", "url": "https://pokeapi.co/api/v2/language/9/"}, "version": {"name": "pearl", "url": "https://pokeapi.co/api/v2/version/13/"}}, {"flavor_text": "By controlling its body heat, it can\nfreeze the atmosphere around it\nto make a diamond-dust flurry.", "language": {"name": "en", "url": "https://pokeapi.co/api/v2/language/9/"}, "version": {"name": "platinum", "url": "https://pokeapi.co/api/v2/version/14/"}}, {"flavor_text": "It causes small ice crystals to form by\nlowering the temperature of the\nsurrounding atmosphere.", "language": {"name": "en", "url": "https://pokeapi.co/api/v2/language/9/"}, "version": {"name": "heartgold", "url": "https://pokeapi.co/api/v2/version/15/"}}, {"flavor_text": "It causes small ice crystals to form by\nlowering the temperature of the\nsurrounding atmosphere.", "language": {"name": "en", "url": "https://pokeapi.co/api/v2/language/9/"}, "version": {"name": "soulsilver", "url": "https://pokeapi.co/api/v2/version/16/"}}, {"flavor_text": "By controlling its body heat, it can\nfreeze the atmosphere around it\nto make a diamond-dust flurry.", "language": {"name": "en", "url": "https://pokeapi.co/api/v2/language/9/"}, "version": {"name": "black", "url": "https://pokeapi.co/api/v2/version/17/"}}, {"flavor_text": "By controlling its body heat, it can\nfreeze the atmosphere around it\nto make a diamond-dust flurry.", "language": {"name": "en", "url": "https://pokeapi.co/api/v2/language/9/"}, "version": {"name": "white", "url": "https://pokeapi.co/api/v2/version/18/"}}, {"flavor_text": "It lowers its body heat to freeze its\nfur. The hairs then become like needles\nit can fire.", "language": {"name": "en", "url": "https://pokeapi.co/api/v2/language/9/"}, "version": {"name": "black-2", "url": "https://pokeapi.co/api/v2/version/21/"}}, {"flavor_text": "It lowers its body heat to freeze its\nfur. The hairs then become like needles\nit can fire.", "language": {"name": "en", "url": "https://pokeapi.co/api/v2/language/9/"}, "version": {"name": "white-2", "url": "https://pokeapi.co/api/v2/version/22/"}}, {"flavor_text": "By controlling its body heat, it can freeze the\natmosphere around it to make a\ndiamond-dust flurry.", "language": {"name": "en", "url": "https://pokeapi.co/api/v2/language/9/"}, "version": {"name": "x", "url": "https://pokeapi.co/api/v2/version/23/"}}, {"flavor_text": "It lowers its body heat to freeze its fur. The hairs\nthen become like needles it can fire.", "language": {"name": "en", "url": "https://pokeapi.co/api/v2/language/9/"}, "version": {"name": "y", "url": "https://pokeapi.co/api/v2/version/24/"}}, {"flavor_text": "By controlling its body heat, it can freeze the\natmosphere around it to make a\ndiamond-dust flurry.", "language": {"name": "en", "url": "https://pokeapi.co/api/v2/language/9/"}, "version": {"name": "omega-ruby", "url": "https://pokeapi.co/api/v2/version/25/"}}, {"flavor_text": "It lowers its body heat to freeze its fur. The hairs\nthen become like needles it can fire.", "language": {"name": "en", "url": "https://pokeapi.co/api/v2/language/9/"}, "version": {"name": "alpha-sapphire", "url": "https://pokeapi.co/api/v2/version/26/"}}, {"flavor_text": "It can control its body temperature at will.\nThis enables it to freeze the moisture in the\natmosphere, creating flurries of diamond dust.", "language": {"name": "en", "url": "https://pokeapi.co/api/v2/language/9/"}, "version": {"name": "sun", "url": "https://pokeapi.co/api/v2/version/27/"}}, {"flavor_text": "It freezes its fur into icicles, spiky and sharp,\nand tackles its prey.", "language": {"name": "en", "url": "https://pokeapi.co/api/v2/language/9/"}, "version": {"name": "moon", "url": "https://pokeapi.co/api/v2/version/28/"}}, {"flavor_text": "It protects itself by freezing its fur into sharp\nneedles. It can drop its body temperature below\n\u201375 degrees Fahrenheit.", "language": {"name": "en", "url": "https://pokeapi.co/api/v2/language/9/"}, "version": {"name": "ultra-sun", "url": "https://pokeapi.co/api/v2/version/29/"}}, {"flavor_text": "It can instantaneously freeze any moisture\nthat\u2019s around it, creating ice pellets to shoot at\nits prey.", "language": {"name": "en", "url": "https://pokeapi.co/api/v2/language/9/"}, "version": {"name": "ultra-moon", "url": "https://pokeapi.co/api/v2/version/30/"}}, {"flavor_text": "Any who become captivated by the beauty of\nthe snowfall that Glaceon creates will be frozen\nbefore they know it.", "language": {"name": "en", "url": "https://pokeapi.co/api/v2/language/9/"}, "version": {"name": "sword", "url": "https://pokeapi.co/api/v2/version/33/"}}, {"flavor_text": "The coldness emanating from Glaceon causes\npowdery snow to form, making it quite a popular\nPok\u00e9mon at ski resorts.", "language": {"name": "en", "url": "https://pokeapi.co/api/v2/language/9/"}, "version": {"name": "shield", "url": "https://pokeapi.co/api/v2/version/34/"}}, {"flavor_text": "Glaceon is able to lower its body temperature very quickly.\nIt freezes the atmosphere, creating diamond dust that glitters\nlike gems while it flutters and dances around.", "language": {"name": "en", "url": "https://pokeapi.co/api/v2/language/9/"}, "version": {"name": "legends-arceus", "url": "https://pokeapi.co/api/v2/version/39/"}}], "evolution_chain": {"url": "https://pokeapi.co/api/v2/evolution-chain/67/"}}