{"flavor_text_entries": [{"flavor_text": "Always furious\nand tenacious to\nboot. It will not\fabandon chasing\nits quarry until\nit is caught.", "language": {"name": "en", "url": "https://pokeapi.co/api/v2/language/9/"}, "version": {"name": "red", "url": "https://pokeapi.co/api/v2/version/1/"}}, {"flavor_text": "Always furious\nand tenacious to\nboot. It will not\fabandon chasing\nits quarry until\nit is caught.", "language": {"name": "en", "url": "https://pokeapi.co/api/v2/language/9/"}, "version": {"name": "blue", "url": "https://pokeapi.co/api/v2/version/2/"}}, {"flavor_text": "It stops being\nangry only when\nnobody else is\faround. To view\nthis moment is\nvery difficult.", "language": {"name": "en", "url": "https://pokeapi.co/api/v2/language/9/"}, "version": {"name": "yellow", "url": "https://pokeapi.co/api/v2/version/3/"}}, {"flavor_text": "If approached\nwhile asleep, it\nmay awaken and\fangrily give chase\nin a groggy state\nof semi-sleep.", "language": {"name": "en", "url": "https://pokeapi.co/api/v2/language/9/"}, "version": {"name": "gold", "url": "https://pokeapi.co/api/v2/version/4/"}}, {"flavor_text": "It becomes wildly\nfurious if it even\nsenses someone\flooking at it. It\nchases anyone that\nmeets its glare.", "language": {"name": "en", "url": "https://pokeapi.co/api/v2/language/9/"}, "version": {"name": "silver", "url": "https://pokeapi.co/api/v2/version/5/"}}, {"flavor_text": "It will beat up\nanyone who makes\nit mad, even if it\fhas to chase them\nuntil the end of\nthe world.", "language": {"name": "en", "url": "https://pokeapi.co/api/v2/language/9/"}, "version": {"name": "crystal", "url": "https://pokeapi.co/api/v2/version/6/"}}, {"flavor_text": "When PRIMEAPE becomes furious, its\nblood circulation is boosted. In turn,\nits muscles are made even stronger.\fHowever, it also becomes much less\nintelligent at the same time.", "language": {"name": "en", "url": "https://pokeapi.co/api/v2/language/9/"}, "version": {"name": "ruby", "url": "https://pokeapi.co/api/v2/version/7/"}}, {"flavor_text": "When PRIMEAPE becomes furious, its\nblood circulation is boosted. In turn,\nits muscles are made even stronger.\fHowever, it also becomes much less\nintelligent at the same time.", "language": {"name": "en", "url": "https://pokeapi.co/api/v2/language/9/"}, "version": {"name": "sapphire", "url": "https://pokeapi.co/api/v2/version/8/"}}, {"flavor_text": "When it becomes furious, its blood\ncirculation becomes more robust, and\nits muscles are made stronger. But it\nalso becomes much less intelligent.", "language": {"name": "en", "url": "https://pokeapi.co/api/v2/language/9/"}, "version": {"name": "emerald", "url": "https://pokeapi.co/api/v2/version/9/"}}, {"flavor_text": "It is always outrageously furious. If it\ngives chase, it will tenaciously track the\ntarget no matter how far.", "language": {"name": "en", "url": "https://pokeapi.co/api/v2/language/9/"}, "version": {"name": "firered", "url": "https://pokeapi.co/api/v2/version/10/"}}, {"flavor_text": "Always furious and tenacious to boot.\nIt will not abandon chasing its quarry\nuntil it catches up.", "language": {"name": "en", "url": "https://pokeapi.co/api/v2/language/9/"}, "version": {"name": "leafgreen", "url": "https://pokeapi.co/api/v2/version/11/"}}, {"flavor_text": "It grows angry if you see its eyes\nand gets angrier if you run. If you\nbeat it, it gets even madder.", "language": {"name": "en", "url": "https://pokeapi.co/api/v2/language/9/"}, "version": {"name": "diamond", "url": "https://pokeapi.co/api/v2/version/12/"}}, {"flavor_text": "It grows angry if you see its eyes\nand gets angrier if you run. If you\nbeat it, it gets even madder.", "language": {"name": "en", "url": "https://pokeapi.co/api/v2/language/9/"}, "version": {"name": "pearl", "url": "https://pokeapi.co/api/v2/version/13/"}}, {"flavor_text": "It grows angry if you see its eyes\nand gets angrier if you run. If you\nbeat it, it gets even madder.", "language": {"name": "en", "url": "https://pokeapi.co/api/v2/language/9/"}, "version": {"name": "platinum", "url": "https://pokeapi.co/api/v2/version/14/"}}, {"flavor_text": "If approached while asleep,\nit may awaken and angrily give chase\nin a groggy state of semi-sleep.", "language": {"name": "en", "url": "https://pokeapi.co/api/v2/language/9/"}, "version": {"name": "heartgold", "url": "https://pokeapi.co/api/v2/version/15/"}}, {"flavor_text": "It becomes wildly furious if it even\nsenses someone looking at it. It\nchases anyone that meets its glare.", "language": {"name": "en", "url": "https://pokeapi.co/api/v2/language/9/"}, "version": {"name": "soulsilver", "url": "https://pokeapi.co/api/v2/version/16/"}}, {"flavor_text": "It grows angry if you see its eyes\nand gets angrier if you run. If you\nbeat it, it gets even madder.", "language": {"name": "en", "url": "https://pokeapi.co/api/v2/language/9/"}, "version": {"name": "black", "url": "https://pokeapi.co/api/v2/version/17/"}}, {"flavor_text": "It grows angry if you see its eyes\nand gets angrier if you run. If you\nbeat it, it gets even madder.", "language": {"name": "en", "url": "https://pokeapi.co/api/v2/language/9/"}, "version": {"name": "white", "url": "https://pokeapi.co/api/v2/version/18/"}}, {"flavor_text": "It grows angry if you see its eyes\nand gets angrier if you run. If you\nbeat it, it gets even madder.", "language": {"name": "en", "url": "https://pokeapi.co/api/v2/language/9/"}, "version": {"name": "black-2", "url": "https://pokeapi.co/api/v2/version/21/"}}, {"flavor_text": "It grows angry if you see its eyes\nand gets angrier if you run. If you\nbeat it, it gets even madder.", "language": {"name": "en", "url": "https://pokeapi.co/api/v2/language/9/"}, "version": {"name": "white-2", "url": "https://pokeapi.co/api/v2/version/22/"}}, {"flavor_text": "It stops being angry only when nobody else is\naround. To view this moment is very difficult.", "language": {"name": "en", "url": "https://pokeapi.co/api/v2/language/9/"}, "version": {"name": "x", "url": "https://pokeapi.co/api/v2/version/23/"}}, {"flavor_text": "It is always outrageously furious. If it gives chase,\nit will tenaciously track the target no matter\nhow far.", "language": {"name": "en", "url": "https://pokeapi.co/api/v2/language/9/"}, "version": {"name": "y", "url": "https://pokeapi.co/api/v2/version/24/"}}, {"flavor_text": "When Primeape becomes furious, its blood circulation is\nboosted. In turn, its muscles are made even stronger.\nHowever, it also becomes much less intelligent at the\nsame time.", "language": {"name": "en", "url": "https://pokeapi.co/api/v2/language/9/"}, "version": {"name": "omega-ruby", "url": "https://pokeapi.co/api/v2/version/25/"}}, {"flavor_text": "When Primeape becomes furious, its blood circulation\nis boosted. In turn, its muscles are made even stronger.\nHowever, it also becomes much less intelligent at the\nsame time.", "language": {"name": "en", "url": "https://pokeapi.co/api/v2/language/9/"}, "version": {"name": "alpha-sapphire", "url": "https://pokeapi.co/api/v2/version/26/"}}, {"flavor_text": "It has been known to become so angry that\nit dies as a result. Its face looks peaceful in\ndeath, however.", "language": {"name": "en", "url": "https://pokeapi.co/api/v2/language/9/"}, "version": {"name": "sun", "url": "https://pokeapi.co/api/v2/version/27/"}}, {"flavor_text": "Some researchers theorize that Primeape\nremains angry even when inside a Pok\u00e9 Ball.", "language": {"name": "en", "url": "https://pokeapi.co/api/v2/language/9/"}, "version": {"name": "moon", "url": "https://pokeapi.co/api/v2/version/28/"}}, {"flavor_text": "It will never forgive opponents who have\nangered it. Even after it has beaten them down\nuntil they can\u2019t move, it never ever forgives.", "language": {"name": "en", "url": "https://pokeapi.co/api/v2/language/9/"}, "version": {"name": "ultra-sun", "url": "https://pokeapi.co/api/v2/version/29/"}}, {"flavor_text": "The blood vessels in its brain are sturdier than\nthose of other Pok\u00e9mon, so it can stay healthy\ndespite its constant raging.", "language": {"name": "en", "url": "https://pokeapi.co/api/v2/language/9/"}, "version": {"name": "ultra-moon", "url": "https://pokeapi.co/api/v2/version/30/"}}, {"flavor_text": "It stops being angry only when nobody else\nis around. To view this moment is very difficult.", "language": {"name": "en", "url": "https://pokeapi.co/api/v2/language/9/"}, "version": {"name": "lets-go-pikachu", "url": "https://pokeapi.co/api/v2/version/31/"}}, {"flavor_text": "It stops being angry only when nobody else\nis around. To view this moment is very difficult.", "language": {"name": "en", "url": "https://pokeapi.co/api/v2/language/9/"}, "version": {"name": "lets-go-eevee", "url": "https://pokeapi.co/api/v2/version/32/"}}], "evolution_chain": {"url": "https://pokeapi.co/api/v2/evolution-chain/24/"}}