{"id": 436, "name": "bronzor", "types": [{"slot": 1, "type": {"name": "steel", "url": "https://pokeapi.co/api/v2/type/9/"}}, {"slot": 2, "type": {"name": "psychic", "url": "https://pokeapi.co/api/v2/type/14/"}}], "stats": [{"base_stat": 57, "effort": 0, "stat": {"name": "hp", "url": "https://pokeapi.co/api/v2/stat/1/"}}, {"base_stat": 24, "effort": 0, "stat": {"name": "attack", "url": "https://pokeapi.co/api/v2/stat/2/"}}, {"base_stat": 86, "effort": 1, "stat": {"name": "defense", "url": "https://pokeapi.co/api/v2/stat/3/"}}, {"base_stat": 24, "effort": 0, "stat": {"name": "special-attack", "url": "https://pokeapi.co/api/v2/stat/4/"}}, {"base_stat": 86, "effort": 0, "stat": {"name": "special-defense", "url": "https://pokeapi.co/api/v2/stat/5/"}}, {"base_stat": 23, "effort": 0, "stat": {"name": "speed", "url": "https://pokeapi.co/api/v2/stat/6/"}}], "abilities": [{"ability": {"name": "levitate", "url": "https://pokeapi.co/api/v2/ability/26/"}, "is_hidden": false, "slot": 1}, {"ability": {"name": "heatproof", "url": "https://pokeapi.co/api/v2/ability/85/"}, "is_hidden": false, "slot": 2}, {"ability": {"name": "heavy-metal", "url": "https://pokeapi.co/api/v2/ability/134/"}, "is_hidden": true, "slot": 3}], "sprites": {"front_default": "https://raw.githubusercontent.com/PokeAPI/sprites/master/sprites/pokemon/436.png"}, "moves": [{"move": {"name": "tackle"}, "earliest_level": 1}, {"move": {"name": "body-slam"}, "earliest_level": null}, {"move": {"name": "take-down"}, "earliest_level": null}, {"move": {"name": "solar-beam"}, "earliest_level": null}, {"move": {"name": "earthquake"}, "earliest_level": null}, {"move": {"name": "toxic"}, "earliest_level": null}, {"move": {"name": "confusion"}, "earliest_level": 1}, {"move": {"name": "psychic"}, "earliest_level": null}, {"move": {"name": "hypnosis"}, "earliest_level": 5}, {"move": {"name": "double-team"}, "earliest_level": null}, {"move": {"name": "confuse-ray"}, "earliest_level": 4}, {"move": {"name": "light-screen"}, "earliest_level": null}, {"move": {"name": "reflect"}, "earliest_level": null}, {"move": {"name": "dream-eater"}, "earliest_level": null}, {"move": {"name": "flash"}, "earliest_level": null}, {"move": {"name": "psywave"}, "earliest_level": 15}, {"move": {"name": "rest"}, "earliest_level": null}, {"move": {"name": "rock-slide"}, "earliest_level": null}, {"move": {"name": "substitute"}, "earliest_level": null}, {"move": {"name": "snore"}, "earliest_level": null}, {"move": {"name": "protect"}, "earliest_level": null}, {"move": {"name": "feint-attack"}, "earliest_level": 21}, {"move": {"name": "sandstorm"}, "earliest_level": null}, {"move": {"name": "endure"}, "earliest_level": null}, {"move": {"name": "rollout"}, "earliest_level": null}, {"move": {"name": "swagger"}, "earliest_level": null}, {"move": {"name": "sleep-talk"}, "earliest_level": null}, {"move": {"name": "return"}, "earliest_level": null}, {"move": {"name": "frustration"}, "earliest_level": null}, {"move": {"name": "safeguard"}, "earliest_level": 24}, {"move": {"name": "hidden-power"}, "earliest_level": null}, {"move": {"name": "rain-dance"}, "earliest_level": null}, {"move": {"name": "sunny-day"}, "earliest_level": null}, {"move": {"name": "psych-up"}, "earliest_level": null}, {"move": {"name": "ancient-power"}, "earliest_level": null}, {"move": {"name": "shadow-ball"}, "earliest_level": null}, {"move": {"name": "future-sight"}, "earliest_level": 29}, {"move": {"name": "facade"}, "earliest_level": null}, {"move": {"name": "helping-hand"}, "earliest_level": null}, {"move": {"name": "trick"}, "earliest_level": null}, {"move": {"name": "recycle"}, "earliest_level": null}, {"move": {"name": "skill-swap"}, "earliest_level": null}, {"move": {"name": "imprison"}, "earliest_level": 9}, {"move": {"name": "secret-power"}, "earliest_level": null}, {"move": {"name": "rock-tomb"}, "earliest_level": null}, {"move": {"name": "metal-sound"}, "earliest_level": 31}, {"move": {"name": "signal-beam"}, "earliest_level": null}, {"move": {"name": "extrasensory"}, "earliest_level": 19}, {"move": {"name": "iron-defense"}, "earliest_level": 11}, {"move": {"name": "calm-mind"}, "earliest_level": null}, {"move": {"name": "rock-blast"}, "earliest_level": null}, {"move": {"name": "gravity"}, "earliest_level": null}, {"move": {"name": "gyro-ball"}, "earliest_level": 16}, {"move": {"name": "natural-gift"}, "earliest_level": null}, {"move": {"name": "payback"}, "earliest_level": 8}, {"move": {"name": "heal-block"}, "earliest_level": 45}, {"move": {"name": "power-swap"}, "earliest_level": null}, {"move": {"name": "guard-swap"}, "earliest_level": null}, {"move": {"name": "rock-polish"}, "earliest_level": null}, {"move": {"name": "power-gem"}, "earliest_level": null}, {"move": {"name": "zen-headbutt"}, "earliest_level": null}, {"move": {"name": "flash-cannon"}, "earliest_level": 34}, {"move": {"name": "trick-room"}, "earliest_level": null}, {"move": {"name": "iron-head"}, "earliest_level": null}, {"move": {"name": "stealth-rock"}, "earliest_level": null}, {"move": {"name": "grass-knot"}, "earliest_level": null}, {"move": {"name": "charge-beam"}, "earliest_level": null}, {"move": {"name": "wonder-room"}, "earliest_level": null}, {"move": {"name": "psyshock"}, "earliest_level": null}, {"move": {"name": "telekinesis"}, "earliest_level": null}, {"move": {"name": "heavy-slam"}, "earliest_level": 32}, {"move": {"name": "round"}, "earliest_level": null}, {"move": {"name": "stored-power"}, "earliest_level": null}, {"move": {"name": "ally-switch"}, "earliest_level": null}, {"move": {"name": "hex"}, "earliest_level": 18}, {"move": {"name": "bulldoze"}, "earliest_level": null}, {"move": {"name": "confide"}, "earliest_level": null}, {"move": {"name": "psychic-terrain"}, "earliest_level": null}, {"move": {"name": "speed-swap"}, "earliest_level": null}, {"move": {"name": "stomping-tantrum"}, "earliest_level": null}, {"move": {"name": "steel-beam"}, "earliest_level": null}, {"move": {"name": "expanding-force"}, "earliest_level": null}, {"move": {"name": "steel-roller"}, "earliest_level": null}, {"move": {"name": "tera-blast"}, "earliest_level": null}, {"move": {"name": "ice-spinner"}, "earliest_level": null}], "species": {"url": "https://pokeapi.co/api/v2/pokemon-species/436/"}, "height": 5, "weight": 605}