{"id": 287, "name": "slakoth", "types": [{"slot": 1, "type": {"name": "normal", "url": "https://pokeapi.co/api/v2/type/1/"}}], "stats": [{"base_stat": 60, "effort": 1, "stat": {"name": "hp", "url": "https://pokeapi.co/api/v2/stat/1/"}}, {"base_stat": 60, "effort": 0, "stat": {"name": "attack", "url": "https://pokeapi.co/api/v2/stat/2/"}}, {"base_stat": 60, "effort": 0, "stat": {"name": "defense", "url": "https://pokeapi.co/api/v2/stat/3/"}}, {"base_stat": 35, "effort": 0, "stat": {"name": "special-attack", "url": "https://pokeapi.co/api/v2/stat/4/"}}, {"base_stat": 35, "effort": 0, "stat": {"name": "special-defense", "url": "https://pokeapi.co/api/v2/stat/5/"}}, {"base_stat": 30, "effort": 0, "stat": {"name": "speed", "url": "https://pokeapi.co/api/v2/stat/6/"}}], "abilities": [{"ability": {"name": "truant", "url": "https://pokeapi.co/api/v2/ability/54/"}, "is_hidden": false, "slot": 1}], "sprites": {"front_default": "https://raw.githubusercontent.com/PokeAPI/sprites/master/sprites/pokemon/287.png"}, "moves": [{"move": {"name": "mega-punch"}, "earliest_level": null}, {"move": {"name": "fire-punch"}, "earliest_level": null}, {"move": {"name": "ice-punch"}, "earliest_level": null}, {"move": {"name": "thunder-punch"}, "earliest_level": null}, {"move": {"name": "scratch"}, "earliest_level": 1}, {"move": {"name": "cut"}, "earliest_level": null}, {"move": {"name": "mega-kick"}, "earliest_level": null}, {"move": {"name": "headbutt"}, "earliest_level": 14}, {"move": {"name": "body-slam"}, "earliest_level": null}, {"move": {"name": "take-down"}, "earliest_level": null}, {"move": {"name": "double-edge"}, "earliest_level": null}, {"move": {"name": "flamethrower"}, "earliest_level": null}, {"move": {"name": "ice-beam"}, "earliest_level": null}, {"move": {"name": "blizzard"}, "earliest_level": null}, {"move": {"name": "counter"}, "earliest_level": 30}, {"move": {"name": "seismic-toss"}, "earliest_level": null}, {"move": {"name": "strength"}, "earliest_level": null}, {"move": {"name": "solar-beam"}, "earliest_level": null}, {"move": {"name": "thunderbolt"}, "earliest_level": null}, {"move": {"name": "thunder"}, "earliest_level": null}, {"move": {"name": "toxic"}, "earliest_level": null}, {"move": {"name": "mimic"}, "earliest_level": null}, {"move": {"name": "double-team"}, "earliest_level": null}, {"move": {"name": "metronome"}, "earliest_level": null}, {"move": {"name": "fire-blast"}, "earliest_level": null}, {"move": {"name": "amnesia"}, "earliest_level": 17}, {"move": {"name": "rest"}, "earliest_level": 14}, {"move": {"name": "rock-slide"}, "earliest_level": null}, {"move": {"name": "slash"}, "earliest_level": null}, {"move": {"name": "substitute"}, "earliest_level": null}, {"move": {"name": "thief"}, "earliest_level": null}, {"move": {"name": "snore"}, "earliest_level": null}, {"move": {"name": "curse"}, "earliest_level": null}, {"move": {"name": "flail"}, "earliest_level": 33}, {"move": {"name": "protect"}, "earliest_level": null}, {"move": {"name": "feint-attack"}, "earliest_level": 14}, {"move": {"name": "mud-slap"}, "earliest_level": null}, {"move": {"name": "icy-wind"}, "earliest_level": null}, {"move": {"name": "endure"}, "earliest_level": null}, {"move": {"name": "false-swipe"}, "earliest_level": null}, {"move": {"name": "swagger"}, "earliest_level": null}, {"move": {"name": "fury-cutter"}, "earliest_level": null}, {"move": {"name": "attract"}, "earliest_level": null}, {"move": {"name": "sleep-talk"}, "earliest_level": null}, {"move": {"name": "return"}, "earliest_level": null}, {"move": {"name": "frustration"}, "earliest_level": null}, {"move": {"name": "dynamic-punch"}, "earliest_level": null}, {"move": {"name": "encore"}, "earliest_level": 6}, {"move": {"name": "pursuit"}, "earliest_level": null}, {"move": {"name": "metal-claw"}, "earliest_level": null}, {"move": {"name": "hidden-power"}, "earliest_level": null}, {"move": {"name": "rain-dance"}, "earliest_level": null}, {"move": {"name": "sunny-day"}, "earliest_level": null}, {"move": {"name": "shadow-ball"}, "earliest_level": null}, {"move": {"name": "rock-smash"}, "earliest_level": null}, {"move": {"name": "facade"}, "earliest_level": null}, {"move": {"name": "focus-punch"}, "earliest_level": null}, {"move": {"name": "helping-hand"}, "earliest_level": null}, {"move": {"name": "brick-break"}, "earliest_level": null}, {"move": {"name": "yawn"}, "earliest_level": 1}, {"move": {"name": "secret-power"}, "earliest_level": null}, {"move": {"name": "slack-off"}, "earliest_level": 9}, {"move": {"name": "crush-claw"}, "earliest_level": null}, {"move": {"name": "rock-tomb"}, "earliest_level": null}, {"move": {"name": "tickle"}, "earliest_level": null}, {"move": {"name": "aerial-ace"}, "earliest_level": null}, {"move": {"name": "bulk-up"}, "earliest_level": null}, {"move": {"name": "mud-shot"}, "earliest_level": null}, {"move": {"name": "covet"}, "earliest_level": 22}, {"move": {"name": "shock-wave"}, "earliest_level": null}, {"move": {"name": "water-pulse"}, "earliest_level": null}, {"move": {"name": "hammer-arm"}, "earliest_level": null}, {"move": {"name": "natural-gift"}, "earliest_level": null}, {"move": {"name": "fling"}, "earliest_level": null}, {"move": {"name": "sucker-punch"}, "earliest_level": null}, {"move": {"name": "poison-jab"}, "earliest_level": null}, {"move": {"name": "night-slash"}, "earliest_level": null}, {"move": {"name": "seed-bomb"}, "earliest_level": null}, {"move": {"name": "x-scissor"}, "earliest_level": null}, {"move": {"name": "shadow-claw"}, "earliest_level": null}, {"move": {"name": "zen-headbutt"}, "earliest_level": null}, {"move": {"name": "gunk-shot"}, "earliest_level": null}, {"move": {"name": "captivate"}, "earliest_level": null}, {"move": {"name": "hone-claws"}, "earliest_level": null}, {"move": {"name": "after-you"}, "earliest_level": null}, {"move": {"name": "round"}, "earliest_level": null}, {"move": {"name": "chip-away"}, "earliest_level": 25}, {"move": {"name": "incinerate"}, "earliest_level": null}, {"move": {"name": "retaliate"}, "earliest_level": null}, {"move": {"name": "work-up"}, "earliest_level": null}, {"move": {"name": "play-rough"}, "earliest_level": 38}, {"move": {"name": "confide"}, "earliest_level": null}, {"move": {"name": "power-up-punch"}, "earliest_level": null}, {"move": {"name": "throat-chop"}, "earliest_level": 25}, {"move": {"name": "tera-blast"}, "earliest_level": null}, {"move": {"name": "chilling-water"}, "earliest_level": null}], "species": {"url": "https://pokeapi.co/api/v2/pokemon-species/287/"}, "height": 8, "weight": 240}