{"id": 562, "name": "yamask", "types": [{"slot": 1, "type": {"name": "ghost", "url": "https://pokeapi.co/api/v2/type/8/"}}], "stats": [{"base_stat": 38, "effort": 0, "stat": {"name": "hp", "url": "https://pokeapi.co/api/v2/stat/1/"}}, {"base_stat": 30, "effort": 0, "stat": {"name": "attack", "url": "https://pokeapi.co/api/v2/stat/2/"}}, {"base_stat": 85, "effort": 1, "stat": {"name": "defense", "url": "https://pokeapi.co/api/v2/stat/3/"}}, {"base_stat": 55, "effort": 0, "stat": {"name": "special-attack", "url": "https://pokeapi.co/api/v2/stat/4/"}}, {"base_stat": 65, "effort": 0, "stat": {"name": "special-defense", "url": "https://pokeapi.co/api/v2/stat/5/"}}, {"base_stat": 30, "effort": 0, "stat": {"name": "speed", "url": "https://pokeapi.co/api/v2/stat/6/"}}], "abilities": [{"ability": {"name": "mummy", "url": "https://pokeapi.co/api/v2/ability/152/"}, "is_hidden": false, "slot": 1}], "sprites": {"front_default": "https://raw.githubusercontent.com/PokeAPI/sprites/master/sprites/pokemon/562.png"}, "moves": [{"move": {"name": "disable"}, "earliest_level": 5}, {"move": {"name": "toxic"}, "earliest_level": null}, {"move": {"name": "psychic"}, "earliest_level": null}, {"move": {"name": "night-shade"}, "earliest_level": 8}, {"move": {"name": "double-team"}, "earliest_level": null}, {"move": {"name": "haze"}, "earliest_level": 4}, {"move": {"name": "dream-eater"}, "earliest_level": null}, {"move": {"name": "flash"}, "earliest_level": null}, {"move": {"name": "rest"}, "earliest_level": null}, {"move": {"name": "substitute"}, "earliest_level": null}, {"move": {"name": "thief"}, "earliest_level": null}, {"move": {"name": "nightmare"}, "earliest_level": null}, {"move": {"name": "snore"}, "earliest_level": null}, {"move": {"name": "curse"}, "earliest_level": 29}, {"move": {"name": "spite"}, "earliest_level": null}, {"move": {"name": "protect"}, "earliest_level": 1}, {"move": {"name": "destiny-bond"}, "earliest_level": 49}, {"move": {"name": "endure"}, "earliest_level": null}, {"move": {"name": "swagger"}, "earliest_level": null}, {"move": {"name": "mean-look"}, "earliest_level": 28}, {"move": {"name": "attract"}, "earliest_level": null}, {"move": {"name": "sleep-talk"}, "earliest_level": null}, {"move": {"name": "return"}, "earliest_level": null}, {"move": {"name": "frustration"}, "earliest_level": null}, {"move": {"name": "safeguard"}, "earliest_level": null}, {"move": {"name": "pain-split"}, "earliest_level": null}, {"move": {"name": "hidden-power"}, "earliest_level": null}, {"move": {"name": "rain-dance"}, "earliest_level": null}, {"move": {"name": "psych-up"}, "earliest_level": null}, {"move": {"name": "shadow-ball"}, "earliest_level": 37}, {"move": {"name": "will-o-wisp"}, "earliest_level": 16}, {"move": {"name": "memento"}, "earliest_level": null}, {"move": {"name": "facade"}, "earliest_level": null}, {"move": {"name": "trick"}, "earliest_level": null}, {"move": {"name": "role-play"}, "earliest_level": null}, {"move": {"name": "magic-coat"}, "earliest_level": null}, {"move": {"name": "knock-off"}, "earliest_level": null}, {"move": {"name": "skill-swap"}, "earliest_level": null}, {"move": {"name": "imprison"}, "earliest_level": null}, {"move": {"name": "grudge"}, "earliest_level": 32}, {"move": {"name": "snatch"}, "earliest_level": null}, {"move": {"name": "secret-power"}, "earliest_level": null}, {"move": {"name": "astonish"}, "earliest_level": 1}, {"move": {"name": "fake-tears"}, "earliest_level": null}, {"move": {"name": "iron-defense"}, "earliest_level": null}, {"move": {"name": "block"}, "earliest_level": null}, {"move": {"name": "calm-mind"}, "earliest_level": null}, {"move": {"name": "shock-wave"}, "earliest_level": null}, {"move": {"name": "payback"}, "earliest_level": null}, {"move": {"name": "embargo"}, "earliest_level": null}, {"move": {"name": "heal-block"}, "earliest_level": null}, {"move": {"name": "toxic-spikes"}, "earliest_level": null}, {"move": {"name": "dark-pulse"}, "earliest_level": 44}, {"move": {"name": "energy-ball"}, "earliest_level": null}, {"move": {"name": "nasty-plot"}, "earliest_level": null}, {"move": {"name": "zen-headbutt"}, "earliest_level": null}, {"move": {"name": "trick-room"}, "earliest_level": null}, {"move": {"name": "ominous-wind"}, "earliest_level": 25}, {"move": {"name": "guard-split"}, "earliest_level": 33}, {"move": {"name": "power-split"}, "earliest_level": 33}, {"move": {"name": "wonder-room"}, "earliest_level": null}, {"move": {"name": "telekinesis"}, "earliest_level": null}, {"move": {"name": "after-you"}, "earliest_level": null}, {"move": {"name": "round"}, "earliest_level": null}, {"move": {"name": "ally-switch"}, "earliest_level": null}, {"move": {"name": "hex"}, "earliest_level": 17}, {"move": {"name": "crafty-shield"}, "earliest_level": 20}, {"move": {"name": "confide"}, "earliest_level": null}, {"move": {"name": "infestation"}, "earliest_level": null}, {"move": {"name": "poltergeist"}, "earliest_level": null}], "species": {"url": "https://pokeapi.co/api/v2/pokemon-species/562/"}, "height": 5, "weight": 15}