{"flavor_text_entries": [{"flavor_text": "A sweet aroma\ngently wafts from\nthe leaf on its\fhead. It is docile\nand loves to soak\nup the sun's rays.", "language": {"name": "en", "url": "https://pokeapi.co/api/v2/language/9/"}, "version": {"name": "gold", "url": "https://pokeapi.co/api/v2/version/4/"}}, {"flavor_text": "Its pleasantly\naromatic leaves\nhave the ability\fto check the hu\u00ad\nmidity and tem\u00ad\nperature.", "language": {"name": "en", "url": "https://pokeapi.co/api/v2/language/9/"}, "version": {"name": "silver", "url": "https://pokeapi.co/api/v2/version/5/"}}, {"flavor_text": "It loves to bask\nin the sunlight.\nIt uses the leaf\fon its head to\nseek out warm\nplaces.", "language": {"name": "en", "url": "https://pokeapi.co/api/v2/language/9/"}, "version": {"name": "crystal", "url": "https://pokeapi.co/api/v2/version/6/"}}, {"flavor_text": "In battle, CHIKORITA waves its leaf\naround to keep the foe at bay.\nHowever, a sweet fragrance also wafts\ffrom the leaf, becalming the battling\nPOK\u00e9MON and creating a cozy, friendly\natmosphere all around.", "language": {"name": "en", "url": "https://pokeapi.co/api/v2/language/9/"}, "version": {"name": "ruby", "url": "https://pokeapi.co/api/v2/version/7/"}}, {"flavor_text": "In battle, CHIKORITA waves its leaf\naround to keep the foe at bay.\nHowever, a sweet fragrance also wafts\ffrom the leaf, becalming the battling\nPOK\u00e9MON and creating a cozy, friendly\natmosphere all around.", "language": {"name": "en", "url": "https://pokeapi.co/api/v2/language/9/"}, "version": {"name": "sapphire", "url": "https://pokeapi.co/api/v2/version/8/"}}, {"flavor_text": "It waves its leaf around to keep foes\nat bay. However, a sweet fragrance also\nwafts from the leaf, creating a friendly\natmosphere that becalms the battlers.", "language": {"name": "en", "url": "https://pokeapi.co/api/v2/language/9/"}, "version": {"name": "emerald", "url": "https://pokeapi.co/api/v2/version/9/"}}, {"flavor_text": "Its pleasantly aromatic leaves have the\nability to check the humidity and\ntemperature.", "language": {"name": "en", "url": "https://pokeapi.co/api/v2/language/9/"}, "version": {"name": "firered", "url": "https://pokeapi.co/api/v2/version/10/"}}, {"flavor_text": "A sweet aroma gently wafts from the leaf\non its head. It is docile and loves to\nsoak up the sun\u2019s rays.", "language": {"name": "en", "url": "https://pokeapi.co/api/v2/language/9/"}, "version": {"name": "leafgreen", "url": "https://pokeapi.co/api/v2/version/11/"}}, {"flavor_text": "It uses the leaf on its head to\ndetermine the temperature and\nhumidity. It loves to sunbathe.", "language": {"name": "en", "url": "https://pokeapi.co/api/v2/language/9/"}, "version": {"name": "diamond", "url": "https://pokeapi.co/api/v2/version/12/"}}, {"flavor_text": "It uses the leaf on its head to\ndetermine the temperature and\nhumidity. It loves to sunbathe.", "language": {"name": "en", "url": "https://pokeapi.co/api/v2/language/9/"}, "version": {"name": "pearl", "url": "https://pokeapi.co/api/v2/version/13/"}}, {"flavor_text": "It uses the leaf on its head to\ndetermine the temperature and\nhumidity. It loves to sunbathe.", "language": {"name": "en", "url": "https://pokeapi.co/api/v2/language/9/"}, "version": {"name": "platinum", "url": "https://pokeapi.co/api/v2/version/14/"}}, {"flavor_text": "A sweet aroma gently wafts from\nthe leaf on its head. It is docile\nand loves to soak up sunrays.", "language": {"name": "en", "url": "https://pokeapi.co/api/v2/language/9/"}, "version": {"name": "heartgold", "url": "https://pokeapi.co/api/v2/version/15/"}}, {"flavor_text": "Its pleasantly aromatic leaf\nhas the ability to check\nhumidity and temperature.", "language": {"name": "en", "url": "https://pokeapi.co/api/v2/language/9/"}, "version": {"name": "soulsilver", "url": "https://pokeapi.co/api/v2/version/16/"}}, {"flavor_text": "It uses the leaf on its head to\ndetermine the temperature and\nhumidity. It loves to sunbathe.", "language": {"name": "en", "url": "https://pokeapi.co/api/v2/language/9/"}, "version": {"name": "black", "url": "https://pokeapi.co/api/v2/version/17/"}}, {"flavor_text": "It uses the leaf on its head to\ndetermine the temperature and\nhumidity. It loves to sunbathe.", "language": {"name": "en", "url": "https://pokeapi.co/api/v2/language/9/"}, "version": {"name": "white", "url": "https://pokeapi.co/api/v2/version/18/"}}, {"flavor_text": "It uses the leaf on its head to\ndetermine the temperature and\nhumidity. It loves to sunbathe.", "language": {"name": "en", "url": "https://pokeapi.co/api/v2/language/9/"}, "version": {"name": "black-2", "url": "https://pokeapi.co/api/v2/version/21/"}}, {"flavor_text": "It uses the leaf on its head to\ndetermine the temperature and\nhumidity. It loves to sunbathe.", "language": {"name": "en", "url": "https://pokeapi.co/api/v2/language/9/"}, "version": {"name": "white-2", "url": "https://pokeapi.co/api/v2/version/22/"}}, {"flavor_text": "A sweet aroma gently wafts from the leaf on its\nhead. It is docile and loves to soak up sun rays.", "language": {"name": "en", "url": "https://pokeapi.co/api/v2/language/9/"}, "version": {"name": "x", "url": "https://pokeapi.co/api/v2/version/23/"}}, {"flavor_text": "It uses the leaf on its head to determine the\ntemperature and humidity. It loves to sunbathe.", "language": {"name": "en", "url": "https://pokeapi.co/api/v2/language/9/"}, "version": {"name": "y", "url": "https://pokeapi.co/api/v2/version/24/"}}, {"flavor_text": "In battle, Chikorita waves its leaf around to keep the foe at\nbay. However, a sweet fragrance also wafts from the leaf,\nbecalming the battling Pok\u00e9mon and creating a cozy, friendly\natmosphere all around.", "language": {"name": "en", "url": "https://pokeapi.co/api/v2/language/9/"}, "version": {"name": "omega-ruby", "url": "https://pokeapi.co/api/v2/version/25/"}}, {"flavor_text": "In battle, Chikorita waves its leaf around to keep the foe at\nbay. However, a sweet fragrance also wafts from the leaf,\nbecalming the battling Pok\u00e9mon and creating a cozy,\nfriendly atmosphere all around.", "language": {"name": "en", "url": "https://pokeapi.co/api/v2/language/9/"}, "version": {"name": "alpha-sapphire", "url": "https://pokeapi.co/api/v2/version/26/"}}], "evolution_chain": {"url": "https://pokeapi.co/api/v2/evolution-chain/79/"}}