{"id": 631, "name": "heatmor", "types": [{"slot": 1, "type": {"name": "fire", "url": "https://pokeapi.co/api/v2/type/10/"}}], "stats": [{"base_stat": 85, "effort": 0, "stat": {"name": "hp", "url": "https://pokeapi.co/api/v2/stat/1/"}}, {"base_stat": 97, "effort": 0, "stat": {"name": "attack", "url": "https://pokeapi.co/api/v2/stat/2/"}}, {"base_stat": 66, "effort": 0, "stat": {"name": "defense", "url": "https://pokeapi.co/api/v2/stat/3/"}}, {"base_stat": 105, "effort": 2, "stat": {"name": "special-attack", "url": "https://pokeapi.co/api/v2/stat/4/"}}, {"base_stat": 66, "effort": 0, "stat": {"name": "special-defense", "url": "https://pokeapi.co/api/v2/stat/5/"}}, {"base_stat": 65, "effort": 0, "stat": {"name": "speed", "url": "https://pokeapi.co/api/v2/stat/6/"}}], "abilities": [{"ability": {"name": "gluttony", "url": "https://pokeapi.co/api/v2/ability/82/"}, "is_hidden": false, "slot": 1}, {"ability": {"name": "flash-fire", "url": "https://pokeapi.co/api/v2/ability/18/"}, "is_hidden": false, "slot": 2}, {"ability": {"name": "white-smoke", "url": "https://pokeapi.co/api/v2/ability/73/"}, "is_hidden": true, "slot": 3}], "sprites": {"front_default": "https://raw.githubusercontent.com/PokeAPI/sprites/master/sprites/pokemon/631.png"}, "moves": [{"move": {"name": "fire-punch"}, "earliest_level": null}, {"move": {"name": "thunder-punch"}, "earliest_level": null}, {"move": {"name": "cut"}, "earliest_level": null}, {"move": {"name": "bind"}, "earliest_level": 11}, {"move": {"name": "tackle"}, "earliest_level": 1}, {"move": {"name": "body-slam"}, "earliest_level": null}, {"move": {"name": "wrap"}, "earliest_level": null}, {"move": {"name": "flamethrower"}, "earliest_level": 47}, {"move": {"name": "low-kick"}, "earliest_level": null}, {"move": {"name": "solar-beam"}, "earliest_level": null}, {"move": {"name": "fire-spin"}, "earliest_level": 16}, {"move": {"name": "dig"}, "earliest_level": null}, {"move": {"name": "toxic"}, "earliest_level": null}, {"move": {"name": "double-team"}, "earliest_level": null}, {"move": {"name": "lick"}, "earliest_level": 1}, {"move": {"name": "fire-blast"}, "earliest_level": null}, {"move": {"name": "amnesia"}, "earliest_level": 44}, {"move": {"name": "fury-swipes"}, "earliest_level": 5}, {"move": {"name": "rest"}, "earliest_level": null}, {"move": {"name": "slash"}, "earliest_level": 25}, {"move": {"name": "substitute"}, "earliest_level": null}, {"move": {"name": "thief"}, "earliest_level": null}, {"move": {"name": "snore"}, "earliest_level": null}, {"move": {"name": "curse"}, "earliest_level": null}, {"move": {"name": "protect"}, "earliest_level": null}, {"move": {"name": "feint-attack"}, "earliest_level": null}, {"move": {"name": "giga-drain"}, "earliest_level": null}, {"move": {"name": "endure"}, "earliest_level": null}, {"move": {"name": "swagger"}, "earliest_level": null}, {"move": {"name": "attract"}, "earliest_level": null}, {"move": {"name": "sleep-talk"}, "earliest_level": null}, {"move": {"name": "return"}, "earliest_level": null}, {"move": {"name": "frustration"}, "earliest_level": null}, {"move": {"name": "pursuit"}, "earliest_level": null}, {"move": {"name": "hidden-power"}, "earliest_level": null}, {"move": {"name": "rain-dance"}, "earliest_level": null}, {"move": {"name": "sunny-day"}, "earliest_level": null}, {"move": {"name": "rock-smash"}, "earliest_level": null}, {"move": {"name": "stockpile"}, "earliest_level": 20}, {"move": {"name": "spit-up"}, "earliest_level": 20}, {"move": {"name": "swallow"}, "earliest_level": 20}, {"move": {"name": "heat-wave"}, "earliest_level": null}, {"move": {"name": "will-o-wisp"}, "earliest_level": null}, {"move": {"name": "facade"}, "earliest_level": null}, {"move": {"name": "focus-punch"}, "earliest_level": null}, {"move": {"name": "taunt"}, "earliest_level": null}, {"move": {"name": "superpower"}, "earliest_level": null}, {"move": {"name": "recycle"}, "earliest_level": null}, {"move": {"name": "knock-off"}, "earliest_level": null}, {"move": {"name": "snatch"}, "earliest_level": 26}, {"move": {"name": "secret-power"}, "earliest_level": null}, {"move": {"name": "overheat"}, "earliest_level": null}, {"move": {"name": "odor-sleuth"}, "earliest_level": 6}, {"move": {"name": "rock-tomb"}, "earliest_level": null}, {"move": {"name": "tickle"}, "earliest_level": null}, {"move": {"name": "aerial-ace"}, "earliest_level": null}, {"move": {"name": "fling"}, "earliest_level": null}, {"move": {"name": "gastro-acid"}, "earliest_level": null}, {"move": {"name": "sucker-punch"}, "earliest_level": null}, {"move": {"name": "flare-blitz"}, "earliest_level": 60}, {"move": {"name": "night-slash"}, "earliest_level": null}, {"move": {"name": "drain-punch"}, "earliest_level": null}, {"move": {"name": "focus-blast"}, "earliest_level": null}, {"move": {"name": "giga-impact"}, "earliest_level": null}, {"move": {"name": "shadow-claw"}, "earliest_level": null}, {"move": {"name": "bug-bite"}, "earliest_level": 15}, {"move": {"name": "hone-claws"}, "earliest_level": 1}, {"move": {"name": "flame-burst"}, "earliest_level": 31}, {"move": {"name": "round"}, "earliest_level": null}, {"move": {"name": "incinerate"}, "earliest_level": 1}, {"move": {"name": "inferno"}, "earliest_level": 1}, {"move": {"name": "belch"}, "earliest_level": null}, {"move": {"name": "confide"}, "earliest_level": null}, {"move": {"name": "power-up-punch"}, "earliest_level": null}, {"move": {"name": "throat-chop"}, "earliest_level": null}, {"move": {"name": "fire-lash"}, "earliest_level": 35}, {"move": {"name": "brutal-swing"}, "earliest_level": null}, {"move": {"name": "stomping-tantrum"}, "earliest_level": null}, {"move": {"name": "burning-jealousy"}, "earliest_level": null}, {"move": {"name": "scorching-sands"}, "earliest_level": null}], "species": {"url": "https://pokeapi.co/api/v2/pokemon-species/631/"}, "height": 14, "weight": 580}