{"id": 1017, "name": "ogerpon", "types": [{"slot": 1, "type": {"name": "grass", "url": "https://pokeapi.co/api/v2/type/12/"}}], "stats": [{"base_stat": 80, "effort": 0, "stat": {"name": "hp", "url": "https://pokeapi.co/api/v2/stat/1/"}}, {"base_stat": 120, "effort": 3, "stat": {"name": "attack", "url": "https://pokeapi.co/api/v2/stat/2/"}}, {"base_stat": 84, "effort": 0, "stat": {"name": "defense", "url": "https://pokeapi.co/api/v2/stat/3/"}}, {"base_stat": 60, "effort": 0, "stat": {"name": "special-attack", "url": "https://pokeapi.co/api/v2/stat/4/"}}, {"base_stat": 96, "effort": 0, "stat": {"name": "special-defense", "url": "https://pokeapi.co/api/v2/stat/5/"}}, {"base_stat": 110, "effort": 0, "stat": {"name": "speed", "url": "https://pokeapi.co/api/v2/stat/6/"}}], "abilities": [{"ability": {"name": "defiant", "url": "https://pokeapi.co/api/v2/ability/128/"}, "is_hidden": false, "slot": 1}], "sprites": {"front_default": "https://raw.githubusercontent.com/PokeAPI/sprites/master/sprites/pokemon/1017.png"}, "moves": [{"move": {"name": "swords-dance"}, "earliest_level": null}, {"move": {"name": "slam"}, "earliest_level": 18}, {"move": {"name": "vine-whip"}, "earliest_level": 1}, {"move": {"name": "double-kick"}, "earliest_level": null}, {"move": {"name": "take-down"}, "earliest_level": null}, {"move": {"name": "low-kick"}, "earliest_level": null}, {"move": {"name": "counter"}, "earliest_level": null}, {"move": {"name": "leech-seed"}, "earliest_level": 1}, {"move": {"name": "growth"}, "earliest_level": 12}, {"move": {"name": "solar-beam"}, "earliest_level": null}, {"move": {"name": "quick-attack"}, "earliest_level": 1}, {"move": {"name": "focus-energy"}, "earliest_level": 6}, {"move": {"name": "rest"}, "earliest_level": null}, {"move": {"name": "substitute"}, "earliest_level": null}, {"move": {"name": "reversal"}, "earliest_level": null}, {"move": {"name": "protect"}, "earliest_level": null}, {"move": {"name": "scary-face"}, "earliest_level": null}, {"move": {"name": "spikes"}, "earliest_level": null}, {"move": {"name": "sandstorm"}, "earliest_level": null}, {"move": {"name": "giga-drain"}, "earliest_level": null}, {"move": {"name": "endure"}, "earliest_level": null}, {"move": {"name": "charm"}, "earliest_level": null}, {"move": {"name": "false-swipe"}, "earliest_level": null}, {"move": {"name": "sleep-talk"}, "earliest_level": null}, {"move": {"name": "encore"}, "earliest_level": null}, {"move": {"name": "synthesis"}, "earliest_level": 42}, {"move": {"name": "rain-dance"}, "earliest_level": null}, {"move": {"name": "sunny-day"}, "earliest_level": null}, {"move": {"name": "facade"}, "earliest_level": null}, {"move": {"name": "follow-me"}, "earliest_level": 1}, {"move": {"name": "taunt"}, "earliest_level": null}, {"move": {"name": "helping-hand"}, "earliest_level": null}, {"move": {"name": "superpower"}, "earliest_level": 60}, {"move": {"name": "brick-break"}, "earliest_level": null}, {"move": {"name": "knock-off"}, "earliest_level": null}, {"move": {"name": "rock-tomb"}, "earliest_level": null}, {"move": {"name": "bullet-seed"}, "earliest_level": null}, {"move": {"name": "magical-leaf"}, "earliest_level": null}, {"move": {"name": "u-turn"}, "earliest_level": null}, {"move": {"name": "fling"}, "earliest_level": null}, {"move": {"name": "seed-bomb"}, "earliest_level": null}, {"move": {"name": "energy-ball"}, "earliest_level": null}, {"move": {"name": "giga-impact"}, "earliest_level": null}, {"move": {"name": "zen-headbutt"}, "earliest_level": null}, {"move": {"name": "leaf-storm"}, "earliest_level": null}, {"move": {"name": "power-whip"}, "earliest_level": 54}, {"move": {"name": "grass-knot"}, "earliest_level": null}, {"move": {"name": "wood-hammer"}, "earliest_level": 66}, {"move": {"name": "low-sweep"}, "earliest_level": 24}, {"move": {"name": "retaliate"}, "earliest_level": null}, {"move": {"name": "horn-leech"}, "earliest_level": null}, {"move": {"name": "grassy-terrain"}, "earliest_level": null}, {"move": {"name": "play-rough"}, "earliest_level": null}, {"move": {"name": "spiky-shield"}, "earliest_level": 48}, {"move": {"name": "solar-blade"}, "earliest_level": null}, {"move": {"name": "throat-chop"}, "earliest_level": 36}, {"move": {"name": "stomping-tantrum"}, "earliest_level": null}, {"move": {"name": "grassy-glide"}, "earliest_level": null}, {"move": {"name": "lash-out"}, "earliest_level": null}, {"move": {"name": "tera-blast"}, "earliest_level": null}, {"move": {"name": "trailblaze"}, "earliest_level": null}, {"move": {"name": "ivy-cudgel"}, "earliest_level": 30}], "species": {"url": "https://pokeapi.co/api/v2/pokemon-species/1017/"}, "height": 12, "weight": 398}