{"id": 557, "name": "dwebble", "types": [{"slot": 1, "type": {"name": "bug", "url": "https://pokeapi.co/api/v2/type/7/"}}, {"slot": 2, "type": {"name": "rock", "url": "https://pokeapi.co/api/v2/type/6/"}}], "stats": [{"base_stat": 50, "effort": 0, "stat": {"name": "hp", "url": "https://pokeapi.co/api/v2/stat/1/"}}, {"base_stat": 65, "effort": 0, "stat": {"name": "attack", "url": "https://pokeapi.co/api/v2/stat/2/"}}, {"base_stat": 85, "effort": 1, "stat": {"name": "defense", "url": "https://pokeapi.co/api/v2/stat/3/"}}, {"base_stat": 35, "effort": 0, "stat": {"name": "special-attack", "url": "https://pokeapi.co/api/v2/stat/4/"}}, {"base_stat": 35, "effort": 0, "stat": {"name": "special-defense", "url": "https://pokeapi.co/api/v2/stat/5/"}}, {"base_stat": 55, "effort": 0, "stat": {"name": "speed", "url": "https://pokeapi.co/api/v2/stat/6/"}}], "abilities": [{"ability": {"name": "sturdy", "url": "https://pokeapi.co/api/v2/ability/5/"}, "is_hidden": false, "slot": 1}, {"ability": {"name": "shell-armor", "url": "https://pokeapi.co/api/v2/ability/75/"}, "is_hidden": false, "slot": 2}, {"ability": {"name": "weak-armor", "url": "https://pokeapi.co/api/v2/ability/133/"}, "is_hidden": true, "slot": 3}], "sprites": {"front_default": "https://raw.githubusercontent.com/PokeAPI/sprites/master/sprites/pokemon/557.png"}, "moves": [{"move": {"name": "swords-dance"}, "earliest_level": null}, {"move": {"name": "cut"}, "earliest_level": null}, {"move": {"name": "sand-attack"}, "earliest_level": 1}, {"move": {"name": "counter"}, "earliest_level": null}, {"move": {"name": "strength"}, "earliest_level": null}, {"move": {"name": "solar-beam"}, "earliest_level": null}, {"move": {"name": "earthquake"}, "earliest_level": null}, {"move": {"name": "dig"}, "earliest_level": null}, {"move": {"name": "toxic"}, "earliest_level": null}, {"move": {"name": "double-team"}, "earliest_level": null}, {"move": {"name": "withdraw"}, "earliest_level": 4}, {"move": {"name": "rest"}, "earliest_level": null}, {"move": {"name": "rock-slide"}, "earliest_level": 24}, {"move": {"name": "slash"}, "earliest_level": 20}, {"move": {"name": "substitute"}, "earliest_level": null}, {"move": {"name": "snore"}, "earliest_level": null}, {"move": {"name": "curse"}, "earliest_level": null}, {"move": {"name": "flail"}, "earliest_level": 16}, {"move": {"name": "protect"}, "earliest_level": null}, {"move": {"name": "feint-attack"}, "earliest_level": 13}, {"move": {"name": "spikes"}, "earliest_level": null}, {"move": {"name": "sandstorm"}, "earliest_level": null}, {"move": {"name": "endure"}, "earliest_level": null}, {"move": {"name": "swagger"}, "earliest_level": null}, {"move": {"name": "fury-cutter"}, "earliest_level": 1}, {"move": {"name": "attract"}, "earliest_level": null}, {"move": {"name": "sleep-talk"}, "earliest_level": null}, {"move": {"name": "return"}, "earliest_level": null}, {"move": {"name": "frustration"}, "earliest_level": null}, {"move": {"name": "hidden-power"}, "earliest_level": null}, {"move": {"name": "rock-smash"}, "earliest_level": null}, {"move": {"name": "facade"}, "earliest_level": null}, {"move": {"name": "nature-power"}, "earliest_level": null}, {"move": {"name": "knock-off"}, "earliest_level": null}, {"move": {"name": "secret-power"}, "earliest_level": null}, {"move": {"name": "rock-tomb"}, "earliest_level": null}, {"move": {"name": "sand-tomb"}, "earliest_level": null}, {"move": {"name": "aerial-ace"}, "earliest_level": null}, {"move": {"name": "iron-defense"}, "earliest_level": null}, {"move": {"name": "block"}, "earliest_level": null}, {"move": {"name": "rock-blast"}, "earliest_level": 5}, {"move": {"name": "rock-polish"}, "earliest_level": 19}, {"move": {"name": "poison-jab"}, "earliest_level": null}, {"move": {"name": "night-slash"}, "earliest_level": null}, {"move": {"name": "x-scissor"}, "earliest_level": 35}, {"move": {"name": "shadow-claw"}, "earliest_level": null}, {"move": {"name": "rock-wrecker"}, "earliest_level": 43}, {"move": {"name": "stone-edge"}, "earliest_level": null}, {"move": {"name": "stealth-rock"}, "earliest_level": 24}, {"move": {"name": "bug-bite"}, "earliest_level": 12}, {"move": {"name": "hone-claws"}, "earliest_level": null}, {"move": {"name": "wide-guard"}, "earliest_level": null}, {"move": {"name": "smack-down"}, "earliest_level": 8}, {"move": {"name": "round"}, "earliest_level": null}, {"move": {"name": "shell-smash"}, "earliest_level": 37}, {"move": {"name": "struggle-bug"}, "earliest_level": null}, {"move": {"name": "bulldoze"}, "earliest_level": null}, {"move": {"name": "rototiller"}, "earliest_level": null}, {"move": {"name": "confide"}, "earliest_level": null}, {"move": {"name": "skitter-smack"}, "earliest_level": null}], "species": {"url": "https://pokeapi.co/api/v2/pokemon-species/557/"}, "height": 3, "weight": 145}