{
  "base_happiness": 70,
  "capture_rate": 60,
  "color": {
    "name": "purple",
    "url": "https://pokeapi.co/api/v2/pokemon-color/7/"
  },
  "egg_groups": [
    {
      "name": "indeterminate",
      "url": "https://pokeapi.co/api/v2/egg-group/11/"
    }
  ],
  "evolution_chain": {
    "url": "https://pokeapi.co/api/v2/evolution-chain/219/"
  },
  "evolves_from_species": {
    "name": "drifloon",
    "url": "https://pokeapi.co/api/v2/pokemon-species/425/"
  },
  "flavor_text_entries": [
    {
      "flavor_text": "At dusk, swarms of them are\ncarried aloft on winds. When\nnoticed, they suddenly vanish.",
      "language": {
        "name": "en",
        "url": "https://pokeapi.co/api/v2/language/9/"
      },
      "version": {
        "name": "black",
        "url": "https://pokeapi.co/api/v2/version/17/"
      }
    },
    {
      "flavor_text": "It\u2019s drowzy in daytime, but flies\noff in the evening in big groups.\nNo one knows where they go.",
      "language": {
        "name": "en",
        "url": "https://pokeapi.co/api/v2/language/9/"
      },
      "version": {
        "name": "diamond",
        "url": "https://pokeapi.co/api/v2/version/12/"
      }
    },
    {
      "flavor_text": "It carries people and Pok\u00e9mon\nwhen it flies. But since it only\ndrifts, it can end up anywhere.",
      "language": {
        "name": "en",
        "url": "https://pokeapi.co/api/v2/language/9/"
      },
      "version": {
        "name": "pearl",
        "url": "https://pokeapi.co/api/v2/version/13/"
      }
    },
    {
      "flavor_text": "At dusk, swarms of them are\ncarried aloft on winds. When\nnoticed, they suddenly vanish.",
      "language": {
        "name": "en",
        "url": "https://pokeapi.co/api/v2/language/9/"
      },
      "version": {
        "name": "platinum",
        "url": "https://pokeapi.co/api/v2/version/14/"
      }
    },
    {
      "flavor_text": "It can generate and release gas\nwithin its body. That\u2019s how it can\ncontrol the altitude of its drift.",
      "language": {
        "name": "en",
        "url": "https://pokeapi.co/api/v2/language/9/"
      },
      "version": {
        "name": "heartgold",
        "url": "https://pokeapi.co/api/v2/version/15/"
      }
    },
    {
      "flavor_text": "It can generate and release gas\nwithin its body. That\u2019s how it can\ncontrol the altitude of its drift.",
      "language": {
        "name": "en",
        "url": "https://pokeapi.co/api/v2/language/9/"
      },
      "version": {
        "name": "soulsilver",
        "url": "https://pokeapi.co/api/v2/version/16/"
      }
    },
    {
      "flavor_text": "Des nu\u00e9es de Grodrive d\u00e9rivent\ndans le ciel au cr\u00e9puscule. Ils\ndisparaissent d\u00e8s qu\u2019on les voit.",
      "language": {
        "name": "fr",
        "url": "https://pokeapi.co/api/v2/language/5/"
      },
      "version": {
        "name": "black",
        "url": "https://pokeapi.co/api/v2/version/17/"
      }
    },
    {
      "flavor_text": "Des nu\u00e9es de Grodrive d\u00e9rivent\ndans le ciel au cr\u00e9puscule. Ils\ndisparaissent d\u00e8s qu\u2019on les voit.",
      "language": {
        "name": "fr",
        "url": "https://pokeapi.co/api/v2/language/5/"
      },
      "version": {
        "name": "white",
        "url": "https://pokeapi.co/api/v2/version/18/"
      }
    },
    {
      "flavor_text": "At dusk, swarms of them are\ncarried aloft on winds. When\nnoticed, they suddenly vanish.",
      "language": {
        "name": "en",
        "url": "https://pokeapi.co/api/v2/language/9/"
      },
      "version": {
        "name": "white",
        "url": "https://pokeapi.co/api/v2/version/18/"
      }
    },
    {
      "flavor_text": "They carry people and Pok\u00e9mon,\nbut the wind can catch them, so\nthere can\u2019t be a fixed destination.",
      "language": {
        "name": "en",
        "url": "https://pokeapi.co/api/v2/language/9/"
      },
      "version": {
        "name": "black-2",
        "url": "https://pokeapi.co/api/v2/version/21/"
      }
    },
    {
      "flavor_text": "They carry people and Pok\u00e9mon,\nbut the wind can catch them, so\nthere can\u2019t be a fixed destination.",
      "language": {
        "name": "en",
        "url": "https://pokeapi.co/api/v2/language/9/"
      },
      "version": {
        "name": "white-2",
        "url": "https://pokeapi.co/api/v2/version/22/"
      }
    },
    {
      "flavor_text": "\u3072\u3068\u3084\u3000\u30dd\u30b1\u30e2\u30f3\u3092\u3000\u306e\u305b\u3066\u3000\u3068\u3076\u304c\n\u304b\u305c\u306b\u3000\u306a\u304c\u3055\u308c\u3066\u3044\u308b\u3060\u3051\u306a\u306e\u3067\n\u3069\u3053\u3078\u3000\u3068\u3093\u3067\u3044\u304f\u304b\u3000\u308f\u304b\u3089\u306a\u3044\u3002",
      "language": {
        "name": "ja-Hrkt",
        "url": "https://pokeapi.co/api/v2/language/1/"
      },
      "version": {
        "name": "x",
        "url": "https://pokeapi.co/api/v2/version/23/"
      }
    },
    {
      "flavor_text": "\uc0ac\ub78c\uc774\ub098 \ud3ec\ucf13\ubaac\uc744 \ud0dc\uc6b0\uace0 \ub0a0\uc9c0\ub9cc\n\ubc14\ub78c\uc5d0 \ub5a0\ubc00\ub824 \ub2e4\ub2d0 \ubfd0\uc774\ubbc0\ub85c\n\uc5b4\ub514\ub85c \ub0a0\uc544\uac08\uc9c0 \ubaa8\ub978\ub2e4.",
      "language": {
        "name": "ko",
        "url": "https://pokeapi.co/api/v2/language/3/"
      },
      "version": {
        "name": "x",
        "url": "https://pokeapi.co/api/v2/version/23/"
      }
    },
    {
      "flavor_text": "Il peut embarquer des gens et des Pok\u00e9mon, mais\nnul ne sait o\u00f9 il va atterrir car il ne fait que flotter.",
      "language": {
        "name": "fr",
        "url": "https://pokeapi.co/api/v2/language/5/"
      },
      "version": {
        "name": "x",
        "url": "https://pokeapi.co/api/v2/version/23/"
      }
    },
    {
      "flavor_text": "Es tr\u00e4gt Menschen und Pok\u00e9mon im Flug.\nDa es sich aber nur vom Wind tragen l\u00e4sst,\nwei\u00df man nie, wo es hingeht.",
      "language": {
        "name": "de",
        "url": "https://pokeapi.co/api/v2/language/6/"
      },
      "version": {
        "name": "x",
        "url": "https://pokeapi.co/api/v2/version/23/"
      }
    },
    {
      "flavor_text": "Transporta a gente y a Pok\u00e9mon volando, pero, como\nse deja llevar, puede acabar en cualquier sitio.",
      "language": {
        "name": "es",
        "url": "https://pokeapi.co/api/v2/language/7/"
      },
      "version": {
        "name": "x",
        "url": "https://pokeapi.co/api/v2/version/23/"
      }
    },
    {
      "flavor_text": "Vola trascinando persone e Pok\u00e9mon. Poich\u00e9 si fa\nportare dal vento, non si sa dove vada a finire.",
      "language": {
        "name": "it",
        "url": "https://pokeapi.co/api/v2/language/8/"
      },
      "version": {
        "name": "x",
        "url": "https://pokeapi.co/api/v2/version/23/"
      }
    },
    {
      "flavor_text": "It carries people and Pok\u00e9mon when it flies.\nBut since it only drifts, it can end up anywhere.",
      "language": {
        "name": "en",
        "url": "https://pokeapi.co/api/v2/language/9/"
      },
      "version": {
        "name": "x",
        "url": "https://pokeapi.co/api/v2/version/23/"
      }
    },
    {
      "flavor_text": "\u4eba\u3084\u3000\u30dd\u30b1\u30e2\u30f3\u3092\u3000\u4e57\u305b\u3066\u3000\u98db\u3076\u304c\n\u98a8\u306b\u3000\u6d41\u3055\u308c\u3066\u3044\u308b\u3060\u3051\u306a\u306e\u3067\n\u3069\u3053\u3078\u3000\u98db\u3093\u3067\u3044\u304f\u304b\u3000\u308f\u304b\u3089\u306a\u3044\u3002",
      "language": {
        "name": "ja",
        "url": "https://pokeapi.co/api/v2/language/11/"
      },
      "version": {
        "name": "x",
        "url": "https://pokeapi.co/api/v2/version/23/"
      }
    },
    {
      "flavor_text": "\u3072\u308b\u307e\u306f\u3000\u306d\u307c\u3051\u3066\u3000\u3046\u304b\u3093\u3067\u3044\u308b\u304c\n\u3086\u3046\u304c\u305f\u3000\u305f\u3044\u3050\u3093\u3067\u3000\u3068\u3093\u3067\u3044\u304f\u3002\n\u3044\u304d\u3055\u304d\u306f\u3000\u3060\u308c\u3082\u3000\u3057\u3089\u306a\u3044\u3002",
      "language": {
        "name": "ja-Hrkt",
        "url": "https://pokeapi.co/api/v2/language/1/"
      },
      "version": {
        "name": "y",
        "url": "https://pokeapi.co/api/v2/version/24/"
      }
    },
    {
      "flavor_text": "\ub0ae\uc5d0\ub294 \uc7a0\uc774 \ub35c \uae68\uc5b4 \ub5a0 \uc788\uc9c0\ub9cc\n\uc800\ub141 \ubb34\ub835\uc5d0\ub294 \ud070 \ubb34\ub9ac\ub97c \uc9c0\uc5b4\n\ub0a0\uc544\uac04\ub2e4. \ubaa9\uc801\uc9c0\ub294 \uc544\ubb34\ub3c4 \ubaa8\ub978\ub2e4.",
      "language": {
        "name": "ko",
        "url": "https://pokeapi.co/api/v2/language/3/"
      },
      "version": {
        "name": "y",
        "url": "https://pokeapi.co/api/v2/version/24/"
      }
    },
    {
      "flavor_text": "Il somnole la journ\u00e9e et s\u2019envole en grands groupes\nle soir venu. Nul ne sait o\u00f9 ils vont.",
      "language": {
        "name": "fr",
        "url": "https://pokeapi.co/api/v2/language/5/"
      },
      "version": {
        "name": "y",
        "url": "https://pokeapi.co/api/v2/version/24/"
      }
    },
    {
      "flavor_text": "Tags\u00fcber treibt es faul vor sich hin, nachts fliegt es\nmit anderen umher. Niemand wei\u00df wohin.",
      "language": {
        "name": "de",
        "url": "https://pokeapi.co/api/v2/language/6/"
      },
      "version": {
        "name": "y",
        "url": "https://pokeapi.co/api/v2/version/24/"
      }
    },
    {
      "flavor_text": "Durante el d\u00eda est\u00e1 somnoliento, pero por la noche\nsale volando en grupo, aunque nadie sabe ad\u00f3nde.",
      "language": {
        "name": "es",
        "url": "https://pokeapi.co/api/v2/language/7/"
      },
      "version": {
        "name": "y",
        "url": "https://pokeapi.co/api/v2/version/24/"
      }
    },
    {
      "flavor_text": "Di giorno fluttua con aria sonnolenta, ma di notte\nvola via in gruppo. Nessuno sa dove vada.",
      "language": {
        "name": "it",
        "url": "https://pokeapi.co/api/v2/language/8/"
      },
      "version": {
        "name": "y",
        "url": "https://pokeapi.co/api/v2/version/24/"
      }
    },
    {
      "flavor_text": "It\u2019s drowsy in daytime, but flies off in the evening in\nbig groups. No one knows where they go.",
      "language": {
        "name": "en",
        "url": "https://pokeapi.co/api/v2/language/9/"
      },
      "version": {
        "name": "y",
        "url": "https://pokeapi.co/api/v2/version/24/"
      }
    },
    {
      "flavor_text": "\u663c\u9593\u306f\u3000\u5bdd\u307c\u3051\u3066\u3000\u6d6e\u304b\u3093\u3067\u3044\u308b\u304c\n\u5915\u65b9\u3000\u5927\u7fa4\u3067\u3000\u98db\u3093\u3067\u3044\u304f\u3002\n\u884c\u5148\u306f\u3000\u3060\u308c\u3082\u3000\u77e5\u3089\u306a\u3044\u3002",
      "language": {
        "name": "ja",
        "url": "https://pokeapi.co/api/v2/language/11/"
      },
      "version": {
        "name": "y",
        "url": "https://pokeapi.co/api/v2/version/24/"
      }
    },
    {
      "flavor_text": "\u3072\u3068\u3084\u3000\u30dd\u30b1\u30e2\u30f3\u3092\u3000\u306e\u305b\u3066\u3000\u3068\u3076\u304c\n\u304b\u305c\u306b\u3000\u306a\u304c\u3055\u308c\u3066\u3044\u308b\u3060\u3051\u306a\u306e\u3067\n\u3069\u3053\u3078\u3000\u3068\u3093\u3067\u3044\u304f\u304b\u3000\u308f\u304b\u3089\u306a\u3044\u3002",
      "language": {
        "name": "ja-Hrkt",
        "url": "https://pokeapi.co/api/v2/language/1/"
      },
      "version": {
        "name": "omega-ruby",
        "url": "https://pokeapi.co/api/v2/version/25/"
      }
    },
    {
      "flavor_text": "\uc0ac\ub78c\uc774\ub098 \ud3ec\ucf13\ubaac\uc744 \ud0dc\uc6b0\uace0 \ub0a0\uc9c0\ub9cc\n\ubc14\ub78c\uc5d0 \ub5a0\ubc00\ub824 \ub2e4\ub2d0 \ubfd0\uc774\ubbc0\ub85c\n\uc5b4\ub514\ub85c \ub0a0\uc544\uac08\uc9c0 \ubaa8\ub978\ub2e4.",
      "language": {
        "name": "ko",
        "url": "https://pokeapi.co/api/v2/language/3/"
      },
      "version": {
        "name": "omega-ruby",
        "url": "https://pokeapi.co/api/v2/version/25/"
      }
    },
    {
      "flavor_text": "Il peut embarquer des gens et des Pok\u00e9mon, mais nul ne sait\no\u00f9 il va atterrir car il ne fait que flotter.",
      "language": {
        "name": "fr",
        "url": "https://pokeapi.co/api/v2/language/5/"
      },
      "version": {
        "name": "omega-ruby",
        "url": "https://pokeapi.co/api/v2/version/25/"
      }
    },
    {
      "flavor_text": "Es tr\u00e4gt Menschen und Pok\u00e9mon im Flug. Da es sich aber nur\nvom Wind tragen l\u00e4sst, wei\u00df man nie, wo es hingeht.",
      "language": {
        "name": "de",
        "url": "https://pokeapi.co/api/v2/language/6/"
      },
      "version": {
        "name": "omega-ruby",
        "url": "https://pokeapi.co/api/v2/version/25/"
      }
    },
    {
      "flavor_text": "Transporta a gente y a Pok\u00e9mon volando, pero, como se deja\nllevar, puede acabar en cualquier sitio.",
      "language": {
        "name": "es",
        "url": "https://pokeapi.co/api/v2/language/7/"
      },
      "version": {
        "name": "omega-ruby",
        "url": "https://pokeapi.co/api/v2/version/25/"
      }
    },
    {
      "flavor_text": "Vola trascinando persone e Pok\u00e9mon. Poich\u00e9 si fa portare\ndal vento, non si sa dove vada a finire.",
      "language": {
        "name": "it",
        "url": "https://pokeapi.co/api/v2/language/8/"
      },
      "version": {
        "name": "omega-ruby",
        "url": "https://pokeapi.co/api/v2/version/25/"
      }
    },
    {
      "flavor_text": "It carries people and Pok\u00e9mon when it flies.\nBut since it only drifts, it can end up anywhere.",
      "language": {
        "name": "en",
        "url": "https://pokeapi.co/api/v2/language/9/"
      },
      "version": {
        "name": "omega-ruby",
        "url": "https://pokeapi.co/api/v2/version/25/"
      }
    },
    {
      "flavor_text": "\u4eba\u3084\u3000\u30dd\u30b1\u30e2\u30f3\u3092\u3000\u4e57\u305b\u3066\u3000\u98db\u3076\u304c\n\u98a8\u306b\u3000\u6d41\u3055\u308c\u3066\u3044\u308b\u3060\u3051\u306a\u306e\u3067\n\u3069\u3053\u3078\u3000\u98db\u3093\u3067\u3044\u304f\u304b\u3000\u308f\u304b\u3089\u306a\u3044\u3002",
      "language": {
        "name": "ja",
        "url": "https://pokeapi.co/api/v2/language/11/"
      },
      "version": {
        "name": "omega-ruby",
        "url": "https://pokeapi.co/api/v2/version/25/"
      }
    },
    {
      "flavor_text": "\u3072\u308b\u307e\u306f\u3000\u306d\u307c\u3051\u3066\u3000\u3046\u304b\u3093\u3067\u3044\u308b\u304c\n\u3086\u3046\u304c\u305f\u3000\u305f\u3044\u3050\u3093\u3067\u3000\u3068\u3093\u3067\u3044\u304f\u3002\n\u3044\u304d\u3055\u304d\u306f\u3000\u3060\u308c\u3082\u3000\u3057\u3089\u306a\u3044\u3002",
      "language": {
        "name": "ja-Hrkt",
        "url": "https://pokeapi.co/api/v2/language/1/"
      },
      "version": {
        "name": "alpha-sapphire",
        "url": "https://pokeapi.co/api/v2/version/26/"
      }
    },
    {
      "flavor_text": "\ub0ae\uc5d0\ub294 \uc7a0\uc774 \ub35c \uae68\uc5b4 \ub5a0 \uc788\uc9c0\ub9cc\n\uc800\ub141 \ubb34\ub835\uc5d0\ub294 \ud070 \ubb34\ub9ac\ub97c \uc9c0\uc5b4\n\ub0a0\uc544\uac04\ub2e4. \ubaa9\uc801\uc9c0\ub294 \uc544\ubb34\ub3c4 \ubaa8\ub978\ub2e4.",
      "language": {
        "name": "ko",
        "url": "https://pokeapi.co/api/v2/language/3/"
      },
      "version": {
        "name": "alpha-sapphire",
        "url": "https://pokeapi.co/api/v2/version/26/"
      }
    },
    {
      "flavor_text": "Il somnole la journ\u00e9e et s\u2019envole en grands groupes\nle soir venu. Nul ne sait o\u00f9 ils vont.",
      "language": {
        "name": "fr",
        "url": "https://pokeapi.co/api/v2/language/5/"
      },
      "version": {
        "name": "alpha-sapphire",
        "url": "https://pokeapi.co/api/v2/version/26/"
      }
    },
    {
      "flavor_text": "Tags\u00fcber treibt es faul vor sich hin, nachts fliegt es\nmit anderen umher. Niemand wei\u00df wohin.",
      "language": {
        "name": "de",
        "url": "https://pokeapi.co/api/v2/language/6/"
      },
      "version": {
        "name": "alpha-sapphire",
        "url": "https://pokeapi.co/api/v2/version/26/"
      }
    },
    {
      "flavor_text": "Durante el d\u00eda est\u00e1 somnoliento, pero por la noche sale\nvolando en grupo, aunque nadie sabe ad\u00f3nde.",
      "language": {
        "name": "es",
        "url": "https://pokeapi.co/api/v2/language/7/"
      },
      "version": {
        "name": "alpha-sapphire",
        "url": "https://pokeapi.co/api/v2/version/26/"
      }
    },
    {
      "flavor_text": "Di giorno fluttua con aria sonnolenta, ma di notte vola via\nin gruppo. Nessuno sa dove vada.",
      "language": {
        "name": "it",
        "url": "https://pokeapi.co/api/v2/language/8/"
      },
      "version": {
        "name": "alpha-sapphire",
        "url": "https://pokeapi.co/api/v2/version/26/"
      }
    },
    {
      "flavor_text": "It\u2019s drowsy in daytime, but flies off in the evening in\nbig groups. No one knows where they go.",
      "language": {
        "name": "en",
        "url": "https://pokeapi.co/api/v2/language/9/"
      },
      "version": {
        "name": "alpha-sapphire",
        "url": "https://pokeapi.co/api/v2/version/26/"
      }
    },
    {
      "flavor_text": "\u663c\u9593\u306f\u3000\u5bdd\u307c\u3051\u3066\u3000\u6d6e\u304b\u3093\u3067\u3044\u308b\u304c\n\u5915\u65b9\u3000\u5927\u7fa4\u3067\u3000\u98db\u3093\u3067\u3044\u304f\u3002\n\u884c\u5148\u306f\u3000\u3060\u308c\u3082\u3000\u77e5\u3089\u306a\u3044\u3002",
      "language": {
        "name": "ja",
        "url": "https://pokeapi.co/api/v2/language/11/"
      },
      "version": {
        "name": "alpha-sapphire",
        "url": "https://pokeapi.co/api/v2/version/26/"
      }
    },
    {
      "flavor_text": "\u30d5\u30ef\u30e9\u30a4\u30c9\u306b\u3000\u306e\u3063\u3066\u3000\u305f\u3073\u306b\u3067\u305f\n\u304a\u3068\u3053\u304c\u3000\u305d\u306e\u307e\u307e\u3000\u3086\u304f\u3048\u3075\u3081\u3044\u306b\n\u306a\u3063\u305f\u3068\u3044\u3046\u3000\u3058\u3051\u3093\u304c\u3000\u3042\u308b\u3002",
      "language": {
        "name": "ja-Hrkt",
        "url": "https://pokeapi.co/api/v2/language/1/"
      },
      "version": {
        "name": "sun",
        "url": "https://pokeapi.co/api/v2/version/27/"
      }
    },
    {
      "flavor_text": "\ub465\uc2e4\ub77c\uc774\ub4dc\uc5d0 \ud0c0\uace0 \uc5ec\ud589\uc744 \ub5a0\ub09c\n\ub0a8\uc790\uac00 \uadf8\ub300\ub85c \ud589\ubc29\ubd88\uba85\uc774\n\ub418\uc5c8\ub2e4\ub294 \uc0ac\uac74\uc774 \uc788\ub2e4.",
      "language": {
        "name": "ko",
        "url": "https://pokeapi.co/api/v2/language/3/"
      },
      "version": {
        "name": "sun",
        "url": "https://pokeapi.co/api/v2/version/27/"
      }
    },
    {
      "flavor_text": "\u66fe\u7d93\u767c\u751f\u904e\u4e58\u8457\u96a8\u98a8\u7403\n\u51fa\u767c\u65c5\u884c\u7684\u7537\u4eba\u5c31\u9019\u6a23\n\u5931\u8e64\u7684\u4e8b\u4ef6\u3002",
      "language": {
        "name": "zh-Hant",
        "url": "https://pokeapi.co/api/v2/language/4/"
      },
      "version": {
        "name": "sun",
        "url": "https://pokeapi.co/api/v2/version/27/"
      }
    },
    {
      "flavor_text": "Un jour, un homme a grimp\u00e9 sur un Grodrive\npour partir en voyage. Personne ne l\u2019a jamais\nrevu.",
      "language": {
        "name": "fr",
        "url": "https://pokeapi.co/api/v2/language/5/"
      },
      "version": {
        "name": "sun",
        "url": "https://pokeapi.co/api/v2/version/27/"
      }
    },
    {
      "flavor_text": "Einst stieg ein Mann auf ein Drifzepeli\nund brach zu einer Reise auf.\nEr wurde nie wieder gesehen.",
      "language": {
        "name": "de",
        "url": "https://pokeapi.co/api/v2/language/6/"
      },
      "version": {
        "name": "sun",
        "url": "https://pokeapi.co/api/v2/version/27/"
      }
    },
    {
      "flavor_text": "Hubo un caso de un chico que se subi\u00f3 a un\nDrifblim y sali\u00f3 de viaje. Desde entonces est\u00e1\nen paradero desconocido.",
      "language": {
        "name": "es",
        "url": "https://pokeapi.co/api/v2/language/7/"
      },
      "version": {
        "name": "sun",
        "url": "https://pokeapi.co/api/v2/version/27/"
      }
    },
    {
      "flavor_text": "Si racconta di un uomo che un giorno \u00e8 volato via\nin groppa a un Drifblim. Di lui non si \u00e8 saputo\npi\u00f9 nulla.",
      "language": {
        "name": "it",
        "url": "https://pokeapi.co/api/v2/language/8/"
      },
      "version": {
        "name": "sun",
        "url": "https://pokeapi.co/api/v2/version/27/"
      }
    },
    {
      "flavor_text": "There was once an incident in which a man\ntook a trip riding a Drifblim, only to go missing.",
      "language": {
        "name": "en",
        "url": "https://pokeapi.co/api/v2/language/9/"
      },
      "version": {
        "name": "sun",
        "url": "https://pokeapi.co/api/v2/version/27/"
      }
    },
    {
      "flavor_text": "\u30d5\u30ef\u30e9\u30a4\u30c9\u306b\u3000\u4e57\u3063\u3066\u3000\u65c5\u306b\u51fa\u305f\n\u7537\u304c\u3000\u305d\u306e\u307e\u307e\u3000\u884c\u65b9\u4e0d\u660e\u306b\n\u306a\u3063\u305f\u3068\u3044\u3046\u3000\u4e8b\u4ef6\u304c\u3000\u3042\u308b\u3002",
      "language": {
        "name": "ja",
        "url": "https://pokeapi.co/api/v2/language/11/"
      },
      "version": {
        "name": "sun",
        "url": "https://pokeapi.co/api/v2/version/27/"
      }
    },
    {
      "flavor_text": "\u66fe\u7ecf\u53d1\u751f\u8fc7\u4e58\u7740\u968f\u98ce\u7403\n\u5916\u51fa\u65c5\u884c\u7684\u7537\u4eba\u5c31\u8fd9\u4e48\n\u884c\u8e2a\u4e0d\u660e\u7684\u4e8b\u4ef6\u3002",
      "language": {
        "name": "zh-Hans",
        "url": "https://pokeapi.co/api/v2/language/12/"
      },
      "version": {
        "name": "sun",
        "url": "https://pokeapi.co/api/v2/version/27/"
      }
    },
    {
      "flavor_text": "\u3086\u3046\u3050\u308c\u306b\u3000\u3068\u3076\u3000\u30d5\u30ef\u30e9\u30a4\u30c9\u306e\n\u305f\u3044\u3050\u3093\u306f\u3000\u3058\u3063\u3068\u3000\u304b\u3093\u3055\u3064\u3057\u3066\n\u3044\u3066\u3082\u3000\u3044\u3064\u306e\u307e\u306b\u304b\u3000\u304d\u3048\u3066\u3044\u308b\u3002",
      "language": {
        "name": "ja-Hrkt",
        "url": "https://pokeapi.co/api/v2/language/1/"
      },
      "version": {
        "name": "moon",
        "url": "https://pokeapi.co/api/v2/version/28/"
      }
    },
    {
      "flavor_text": "\uc11d\uc591\uc744 \ub098\ub294 \ub465\uc2e4\ub77c\uc774\ub4dc\uc758\n\ud070 \ubb34\ub9ac\ub294 \uac00\ub9cc\ud788 \uad00\ucc30\ud558\uace0\n\uc788\uc5b4\ub3c4 \uc5b4\ub290\uc0c8 \uc0ac\ub77c\uc838\uc788\ub2e4.",
      "language": {
        "name": "ko",
        "url": "https://pokeapi.co/api/v2/language/3/"
      },
      "version": {
        "name": "moon",
        "url": "https://pokeapi.co/api/v2/version/28/"
      }
    },
    {
      "flavor_text": "\u65e5\u66ae\u6642\u5206\u98db\u884c\u7684\u5927\u7fa4\u96a8\u98a8\u7403\uff0c\n\u5373\u4f7f\u4e00\u76f4\u76ef\u8457\u89c0\u5bdf\uff0c\n\u4e5f\u6703\u5728\u4e00\u4e0d\u7559\u795e\u9593\u6d88\u5931\u3002",
      "language": {
        "name": "zh-Hant",
        "url": "https://pokeapi.co/api/v2/language/4/"
      },
      "version": {
        "name": "moon",
        "url": "https://pokeapi.co/api/v2/version/28/"
      }
    },
    {
      "flavor_text": "M\u00eame si \u00e0 la tomb\u00e9e de la nuit on peut observer\ndes nu\u00e9es enti\u00e8res de Grodrive, elles finissent\ntoujours par s\u2019\u00e9vanouir dans la nature.",
      "language": {
        "name": "fr",
        "url": "https://pokeapi.co/api/v2/language/5/"
      },
      "version": {
        "name": "moon",
        "url": "https://pokeapi.co/api/v2/version/28/"
      }
    },
    {
      "flavor_text": "Bemerkt man einen in der D\u00e4mmerung driftenden\nSchwarm von Drifzepeli, verschwindet dieser\nauch wieder sogleich.",
      "language": {
        "name": "de",
        "url": "https://pokeapi.co/api/v2/language/6/"
      },
      "version": {
        "name": "moon",
        "url": "https://pokeapi.co/api/v2/version/28/"
      }
    },
    {
      "flavor_text": "Al anochecer, se re\u00fanen en grupos y vuelan a la\nderiva. Si alguien trata de seguirlos con la\nmirada, desaparecen al instante.",
      "language": {
        "name": "es",
        "url": "https://pokeapi.co/api/v2/language/7/"
      },
      "version": {
        "name": "moon",
        "url": "https://pokeapi.co/api/v2/version/28/"
      }
    },
    {
      "flavor_text": "Se si osservano attentamente i gruppi di Drifblim\ntrascinati dal vento al tramonto, si noter\u00e0 che a\nun certo punto svaniscono nel nulla.",
      "language": {
        "name": "it",
        "url": "https://pokeapi.co/api/v2/language/8/"
      },
      "version": {
        "name": "moon",
        "url": "https://pokeapi.co/api/v2/version/28/"
      }
    },
    {
      "flavor_text": "Even while under careful observation, large\nflocks of Drifblim flying at dusk will inexplicably\ndisappear from view.",
      "language": {
        "name": "en",
        "url": "https://pokeapi.co/api/v2/language/9/"
      },
      "version": {
        "name": "moon",
        "url": "https://pokeapi.co/api/v2/version/28/"
      }
    },
    {
      "flavor_text": "\u5915\u66ae\u308c\u306b\u3000\u98db\u3076\u3000\u30d5\u30ef\u30e9\u30a4\u30c9\u306e\n\u5927\u7fa4\u306f\u3000\u3058\u3063\u3068\u3000\u89b3\u5bdf\u3057\u3066\n\u3044\u3066\u3082\u3000\u3044\u3064\u306e\u307e\u306b\u304b\u3000\u6d88\u3048\u3066\u3044\u308b\u3002",
      "language": {
        "name": "ja",
        "url": "https://pokeapi.co/api/v2/language/11/"
      },
      "version": {
        "name": "moon",
        "url": "https://pokeapi.co/api/v2/version/28/"
      }
    },
    {
      "flavor_text": "\u65e5\u66ae\u65f6\u5206\u98de\u884c\u7684\u5927\u7fa4\u968f\u98ce\u7403\uff0c\n\u5373\u4f7f\u4e00\u76f4\u76ef\u7740\u89c2\u5bdf\uff0c\n\u4e5f\u4f1a\u5728\u4e00\u4e0d\u7559\u795e\u95f4\u6d88\u5931\u3002",
      "language": {
        "name": "zh-Hans",
        "url": "https://pokeapi.co/api/v2/language/12/"
      },
      "version": {
        "name": "moon",
        "url": "https://pokeapi.co/api/v2/version/28/"
      }
    },
    {
      "flavor_text": "\u3086\u3046\u3084\u307f\u3092\u3000\u304b\u305c\u306b\u3000\u306e\u3063\u3066\u3000\u3068\u3076\n\u30d5\u30ef\u30e9\u30a4\u30c9\u306b\u3000\u3064\u304b\u307e\u308b\u3068\u3000\u3042\u306e\u3088\u3078\n\u306f\u3053\u3070\u308c\u308b\u3068\u3044\u3046\u3000\u30a6\u30ef\u30b5\u3060\u3002",
      "language": {
        "name": "ja-Hrkt",
        "url": "https://pokeapi.co/api/v2/language/1/"
      },
      "version": {
        "name": "ultra-sun",
        "url": "https://pokeapi.co/api/v2/version/29/"
      }
    },
    {
      "flavor_text": "\ub545\uac70\ubbf8 \uc9c4 \ud6c4 \ubc14\ub78c\uc744 \ud0c0\uba70 \ub0a0\uc544\ub2e4\ub2c8\ub294\n\ub465\uc2e4\ub77c\uc774\ub4dc\uc5d0\uac8c \uc7a1\ud788\uba74 \uc800\uc138\uc0c1\uc73c\ub85c\n\ub370\ub824\uac04\ub2e4\ub294 \uc18c\ubb38\uc774\ub2e4.",
      "language": {
        "name": "ko",
        "url": "https://pokeapi.co/api/v2/language/3/"
      },
      "version": {
        "name": "ultra-sun",
        "url": "https://pokeapi.co/api/v2/version/29/"
      }
    },
    {
      "flavor_text": "\u50b3\u8aaa\u5982\u679c\u88ab\u4e58\u8457\u98a8\n\u5728\u66ae\u8272\u88e1\u98db\u884c\u7684\u96a8\u98a8\u7403\u6349\u4f4f\uff0c\n\u5c31\u6703\u88ab\u5e36\u5230\u9670\u9593\u53bb\u3002",
      "language": {
        "name": "zh-Hant",
        "url": "https://pokeapi.co/api/v2/language/4/"
      },
      "version": {
        "name": "ultra-sun",
        "url": "https://pokeapi.co/api/v2/version/29/"
      }
    },
    {
      "flavor_text": "Si l\u2019on en croit la rumeur, il serait possible de\nse rendre dans l\u2019au-del\u00e0 en se laissant porter\npar le vent nocturne, accroch\u00e9 \u00e0 un Grodrive.",
      "language": {
        "name": "fr",
        "url": "https://pokeapi.co/api/v2/language/5/"
      },
      "version": {
        "name": "ultra-sun",
        "url": "https://pokeapi.co/api/v2/version/29/"
      }
    },
    {
      "flavor_text": "Ger\u00fcchten zufolge wird man ins Jenseits\nmitgenommen, wenn man sich an einem\nDrifzepeli festh\u00e4lt, das im Abendwind driftet.",
      "language": {
        "name": "de",
        "url": "https://pokeapi.co/api/v2/language/6/"
      },
      "version": {
        "name": "ultra-sun",
        "url": "https://pokeapi.co/api/v2/version/29/"
      }
    },
    {
      "flavor_text": "Se rumorea que los Drifblim que surcan el cielo\nal ocaso llevan a todos aquellos que atrapan al\nm\u00e1s all\u00e1.",
      "language": {
        "name": "es",
        "url": "https://pokeapi.co/api/v2/language/7/"
      },
      "version": {
        "name": "ultra-sun",
        "url": "https://pokeapi.co/api/v2/version/29/"
      }
    },
    {
      "flavor_text": "Gira voce che afferrando un Drifblim mentre\nvola trasportato dal vento al crepuscolo si\nvenga condotti nell\u2019aldil\u00e0.",
      "language": {
        "name": "it",
        "url": "https://pokeapi.co/api/v2/language/8/"
      },
      "version": {
        "name": "ultra-sun",
        "url": "https://pokeapi.co/api/v2/version/29/"
      }
    },
    {
      "flavor_text": "There\u2019s a rumor that if you catch a Drifblim\nfloating on the wind at dusk, you\u2019ll be carried\naway to the afterlife.",
      "language": {
        "name": "en",
        "url": "https://pokeapi.co/api/v2/language/9/"
      },
      "version": {
        "name": "ultra-sun",
        "url": "https://pokeapi.co/api/v2/version/29/"
      }
    },
    {
      "flavor_text": "\u5915\u95c7\u3092\u3000\u98a8\u306b\u3000\u4e57\u3063\u3066\u3000\u98db\u3076\n\u30d5\u30ef\u30e9\u30a4\u30c9\u306b\u3000\u6355\u307e\u308b\u3068\u3000\u3042\u306e\u4e16\u3078\n\u904b\u3070\u308c\u308b\u3068\u3044\u3046\u3000\u30a6\u30ef\u30b5\u3060\u3002",
      "language": {
        "name": "ja",
        "url": "https://pokeapi.co/api/v2/language/11/"
      },
      "version": {
        "name": "ultra-sun",
        "url": "https://pokeapi.co/api/v2/version/29/"
      }
    },
    {
      "flavor_text": "\u8c23\u4f20\u8bf4\uff0c\u5982\u679c\u88ab\u4e58\u7740\u98ce\n\u5728\u66ae\u8272\u91cc\u98de\u884c\u7684\u968f\u98ce\u7403\u6349\u4f4f\uff0c\n\u5c31\u4f1a\u88ab\u8fd0\u9001\u5f80\u90a3\u4e2a\u4e16\u754c\u3002",
      "language": {
        "name": "zh-Hans",
        "url": "https://pokeapi.co/api/v2/language/12/"
      },
      "version": {
        "name": "ultra-sun",
        "url": "https://pokeapi.co/api/v2/version/29/"
      }
    },
    {
      "flavor_text": "\u305f\u3044\u306a\u3044\u306e\u3000\u30ac\u30b9\u306e\u3000\u3052\u3093\u308a\u3087\u3046\u306f\n\u305f\u307e\u3057\u3044\u3002\u3000\u304b\u3089\u3060\u304c\u3000\u3057\u307c\u3093\u3067\u304f\u308b\u3068\n\u3072\u3068\u3084\u3000\u30dd\u30b1\u30e2\u30f3\u3092\u3000\u3064\u308c\u3055\u308b\u3068\u3044\u3046\u3002",
      "language": {
        "name": "ja-Hrkt",
        "url": "https://pokeapi.co/api/v2/language/1/"
      },
      "version": {
        "name": "ultra-moon",
        "url": "https://pokeapi.co/api/v2/version/30/"
      }
    },
    {
      "flavor_text": "\uccb4\ub0b4\uc5d0 \uc788\ub294 \uac00\uc2a4\uc758 \uc6d0\ub8cc\ub294\n\uc601\ud63c\uc774\ub2e4. \ubab8\uc774 \ucabc\uadf8\ub77c\uc9c0\uae30 \uc2dc\uc791\ud558\uba74\n\uc0ac\ub78c\uc774\ub098 \ud3ec\ucf13\ubaac\uc744 \ub370\ub824\uac04\ub2e4\uace0 \ud55c\ub2e4.",
      "language": {
        "name": "ko",
        "url": "https://pokeapi.co/api/v2/language/3/"
      },
      "version": {
        "name": "ultra-moon",
        "url": "https://pokeapi.co/api/v2/version/30/"
      }
    },
    {
      "flavor_text": "\u9ad4\u5167\u6c23\u9ad4\u7684\u539f\u6599\u662f\u9748\u9b42\u3002\n\u64da\u8aaa\u5982\u679c\u7260\u7684\u8eab\u9ad4\u958b\u59cb\u6d88\u6c23\uff0c\n\u5c31\u6703\u53bb\u628a\u4eba\u6216\u5bf6\u53ef\u5922\u5e36\u8d70\u3002",
      "language": {
        "name": "zh-Hant",
        "url": "https://pokeapi.co/api/v2/language/4/"
      },
      "version": {
        "name": "ultra-moon",
        "url": "https://pokeapi.co/api/v2/version/30/"
      }
    },
    {
      "flavor_text": "Son gaz est essentiellement compos\u00e9 d\u2019\u00e2mes. Si\npar malheur son corps se d\u00e9gonfle, on dit qu\u2019il\nentra\u00eene humains et Pok\u00e9mon dans sa chute.",
      "language": {
        "name": "fr",
        "url": "https://pokeapi.co/api/v2/language/5/"
      },
      "version": {
        "name": "ultra-moon",
        "url": "https://pokeapi.co/api/v2/version/30/"
      }
    },
    {
      "flavor_text": "Das Gas in seinem K\u00f6rper besteht aus Seelen.\nEs hei\u00dft, wenn sein K\u00f6rper zusammenfalle,\nnehme es Menschen und Pok\u00e9mon mit sich.",
      "language": {
        "name": "de",
        "url": "https://pokeapi.co/api/v2/language/6/"
      },
      "version": {
        "name": "ultra-moon",
        "url": "https://pokeapi.co/api/v2/version/30/"
      }
    },
    {
      "flavor_text": "El gas que alberga su interior se compone de\nalmas. Si su cuerpo se deshincha, arrastra\nconsigo tanto a personas como a Pok\u00e9mon.",
      "language": {
        "name": "es",
        "url": "https://pokeapi.co/api/v2/language/7/"
      },
      "version": {
        "name": "ultra-moon",
        "url": "https://pokeapi.co/api/v2/version/30/"
      }
    },
    {
      "flavor_text": "I gas all\u2019interno del suo corpo sono costituiti da\nanime. Si dice che, se inizia a sgonfiarsi, nella\nsua caduta trascini con s\u00e9 persone e Pok\u00e9mon.",
      "language": {
        "name": "it",
        "url": "https://pokeapi.co/api/v2/language/8/"
      },
      "version": {
        "name": "ultra-moon",
        "url": "https://pokeapi.co/api/v2/version/30/"
      }
    },
    {
      "flavor_text": "The raw material for the gas inside its body\nis souls. When its body starts to deflate, it\u2019s\nthought to carry away people and Pok\u00e9mon.",
      "language": {
        "name": "en",
        "url": "https://pokeapi.co/api/v2/language/9/"
      },
      "version": {
        "name": "ultra-moon",
        "url": "https://pokeapi.co/api/v2/version/30/"
      }
    },
    {
      "flavor_text": "\u4f53\u5185\u306e\u3000\u30ac\u30b9\u306e\u3000\u539f\u6599\u306f\n\u9b42\u3002\u3000\u8eab\u4f53\u304c\u3000\u3057\u307c\u3093\u3067\u304f\u308b\u3068\n\u4eba\u3084\u3000\u30dd\u30b1\u30e2\u30f3\u3092\u3000\u9023\u308c\u53bb\u308b\u3068\u3044\u3046\u3002",
      "language": {
        "name": "ja",
        "url": "https://pokeapi.co/api/v2/language/11/"
      },
      "version": {
        "name": "ultra-moon",
        "url": "https://pokeapi.co/api/v2/version/30/"
      }
    },
    {
      "flavor_text": "\u4f53\u5185\u6c14\u4f53\u7684\u539f\u6599\u662f\u9b42\u9b44\u3002\n\u636e\u8bf4\u5982\u679c\u8eab\u4f53\u53d8\u5f97\u5e72\u762a\uff0c\n\u5c31\u4f1a\u628a\u4eba\u548c\u5b9d\u53ef\u68a6\u5e26\u8d70\u3002",
      "language": {
        "name": "zh-Hans",
        "url": "https://pokeapi.co/api/v2/language/12/"
      },
      "version": {
        "name": "ultra-moon",
        "url": "https://pokeapi.co/api/v2/version/30/"
      }
    },
    {
      "flavor_text": "\u3080\u306d\u3093\u306e\u3000\u3057\u3092\u3000\u3068\u3052\u305f\u3000\u305f\u307e\u3057\u3044\u304c\n\u3042\u3064\u307e\u3063\u305f\u3000\u3059\u304c\u305f\u3068\u3082\u3000\u3044\u308f\u308c\u308b\u3002\n\u3088\u3044\u3084\u307f\u3092\u3000\u304a\u3068\u3082\u3000\u306a\u304f\u3000\u305f\u3060\u3088\u3046\u3002",
      "language": {
        "name": "ja-Hrkt",
        "url": "https://pokeapi.co/api/v2/language/1/"
      },
      "version": {
        "name": "sword",
        "url": "https://pokeapi.co/api/v2/version/33/"
      }
    },
    {
      "flavor_text": "\uc5b5\uc6b8\ud558\uac8c \uc8fd\uc740 \uc601\ud63c\uc774\n\ubaa8\uc778 \ubaa8\uc2b5\uc73c\ub85c\ub3c4 \uc77c\uceec\uc5b4\uc9c4\ub2e4.\n\ub545\uac70\ubbf8\uac00 \uc9c8 \ubb34\ub835 \uc18c\ub9ac \uc5c6\uc774 \ub5a0\ub3c8\ub2e4.",
      "language": {
        "name": "ko",
        "url": "https://pokeapi.co/api/v2/language/3/"
      },
      "version": {
        "name": "sword",
        "url": "https://pokeapi.co/api/v2/version/33/"
      }
    },
    {
      "flavor_text": "\u4e5f\u6709\u4eba\u8aaa\u7260\u662f\u842c\u5ff5\u4ff1\u7070\u7684\n\u9748\u9b42\u805a\u5728\u4e00\u8d77\u7684\u6a23\u5b50\u3002\n\u6703\u5728\u9ed1\u591c\u88e1\u975c\u975c\u5730\u98c4\u76ea\u3002",
      "language": {
        "name": "zh-Hant",
        "url": "https://pokeapi.co/api/v2/language/4/"
      },
      "version": {
        "name": "sword",
        "url": "https://pokeapi.co/api/v2/version/33/"
      }
    },
    {
      "flavor_text": "Ce Pok\u00e9mon, qui flotte silencieusement\nau cr\u00e9puscule, serait n\u00e9 des \u00e2mes des d\u00e9funts\nrong\u00e9s par les regrets.",
      "language": {
        "name": "fr",
        "url": "https://pokeapi.co/api/v2/language/5/"
      },
      "version": {
        "name": "sword",
        "url": "https://pokeapi.co/api/v2/version/33/"
      }
    },
    {
      "flavor_text": "Man sagt, es bestehe aus den Seelen derer, die\nvoller Groll verstorben sind. Es treibt lautlos im\nZwielicht dahin.",
      "language": {
        "name": "de",
        "url": "https://pokeapi.co/api/v2/language/6/"
      },
      "version": {
        "name": "sword",
        "url": "https://pokeapi.co/api/v2/version/33/"
      }
    },
    {
      "flavor_text": "Se dice que est\u00e1 formado por almas en pena.\nAl caer la noche, flota a la deriva en silencio\nsepulcral.",
      "language": {
        "name": "es",
        "url": "https://pokeapi.co/api/v2/language/7/"
      },
      "version": {
        "name": "sword",
        "url": "https://pokeapi.co/api/v2/version/33/"
      }
    },
    {
      "flavor_text": "Si dice che sia formato dall\u2019aggregazione\ndi anime che hanno lasciato la vita con dei\nrimpianti. Fluttua silenzioso all\u2019imbrunire.",
      "language": {
        "name": "it",
        "url": "https://pokeapi.co/api/v2/language/8/"
      },
      "version": {
        "name": "sword",
        "url": "https://pokeapi.co/api/v2/version/33/"
      }
    },
    {
      "flavor_text": "Some say this Pok\u00e9mon is a collection of souls\nburdened with regrets, silently drifting through\nthe dusk.",
      "language": {
        "name": "en",
        "url": "https://pokeapi.co/api/v2/language/9/"
      },
      "version": {
        "name": "sword",
        "url": "https://pokeapi.co/api/v2/version/33/"
      }
    },
    {
      "flavor_text": "\u7121\u5ff5\u306e\u3000\u6b7b\u3092\u3000\u3068\u3052\u305f\u3000\u9b42\u304c\n\u96c6\u307e\u3063\u305f\u3000\u59ff\u3068\u3082\u3000\u3044\u308f\u308c\u308b\u3002\n\u5bb5\u95c7\u3092\u3000\u97f3\u3082\u3000\u306a\u304f\u3000\u6f02\u3046\u3002",
      "language": {
        "name": "ja",
        "url": "https://pokeapi.co/api/v2/language/11/"
      },
      "version": {
        "name": "sword",
        "url": "https://pokeapi.co/api/v2/version/33/"
      }
    },
    {
      "flavor_text": "\u4e5f\u6709\u4eba\u8bf4\u5b83\u662f\u4e07\u5ff5\u4ff1\u7070\u7684\n\u7075\u9b42\u805a\u5728\u4e00\u8d77\u7684\u6837\u5b50\u3002\n\u4f1a\u5728\u9ed1\u591c\u91cc\u9759\u9759\u5730\u98d8\u8361\u3002",
      "language": {
        "name": "zh-Hans",
        "url": "https://pokeapi.co/api/v2/language/12/"
      },
      "version": {
        "name": "sword",
        "url": "https://pokeapi.co/api/v2/version/33/"
      }
    },
    {
      "flavor_text": "\u3072\u3068\u3084\u3000\u30dd\u30b1\u30e2\u30f3\u3092\u3000\u3064\u304b\u3093\u3067\n\u305d\u306e\u307e\u307e\u3000\u3069\u3053\u304b\u3078\u3000\u306f\u3053\u3093\u3067\u3044\u304f\u3002\n\u3044\u304d\u3055\u304d\u306f\u3000\u3060\u308c\u3082\u3000\u3057\u3089\u306a\u3044\u3002",
      "language": {
        "name": "ja-Hrkt",
        "url": "https://pokeapi.co/api/v2/language/1/"
      },
      "version": {
        "name": "shield",
        "url": "https://pokeapi.co/api/v2/version/34/"
      }
    },
    {
      "flavor_text": "\uc0ac\ub78c\uacfc \ud3ec\ucf13\ubaac\uc744 \ubd99\uc7a1\uc544\n\uadf8\ub300\ub85c \uc5b4\ub518\uac00\ub85c \uc6b4\ubc18\ud55c\ub2e4.\n\ud589\uc120\uc9c0\ub294 \uc544\ubb34\ub3c4 \ubaa8\ub978\ub2e4.",
      "language": {
        "name": "ko",
        "url": "https://pokeapi.co/api/v2/language/3/"
      },
      "version": {
        "name": "shield",
        "url": "https://pokeapi.co/api/v2/version/34/"
      }
    },
    {
      "flavor_text": "\u6703\u6293\u4f4f\u4eba\u548c\u5bf6\u53ef\u5922\uff0c\n\u7136\u5f8c\u904b\u5230\u67d0\u500b\u5730\u65b9\u3002\n\u6c92\u4eba\u77e5\u9053\u90a3\u5730\u65b9\u662f\u54ea\u88e1\u3002",
      "language": {
        "name": "zh-Hant",
        "url": "https://pokeapi.co/api/v2/language/4/"
      },
      "version": {
        "name": "shield",
        "url": "https://pokeapi.co/api/v2/version/34/"
      }
    },
    {
      "flavor_text": "Il attrape des personnes et des Pok\u00e9mon pour\nles transporter vers une destination inconnue.",
      "language": {
        "name": "fr",
        "url": "https://pokeapi.co/api/v2/language/5/"
      },
      "version": {
        "name": "shield",
        "url": "https://pokeapi.co/api/v2/version/34/"
      }
    },
    {
      "flavor_text": "Es greift sich Menschen und Pok\u00e9mon und tr\u00e4gt\nsie fort. Niemand wei\u00df, wohin.",
      "language": {
        "name": "de",
        "url": "https://pokeapi.co/api/v2/language/6/"
      },
      "version": {
        "name": "shield",
        "url": "https://pokeapi.co/api/v2/version/34/"
      }
    },
    {
      "flavor_text": "Agarra a gente y a Pok\u00e9mon para llev\u00e1rselos a\nalg\u00fan sitio, aunque nadie sabe exactamente\nad\u00f3nde.",
      "language": {
        "name": "es",
        "url": "https://pokeapi.co/api/v2/language/7/"
      },
      "version": {
        "name": "shield",
        "url": "https://pokeapi.co/api/v2/version/34/"
      }
    },
    {
      "flavor_text": "Afferra persone e Pok\u00e9mon e li trascina via\ncon s\u00e9. Nessuno sa dove li porti.",
      "language": {
        "name": "it",
        "url": "https://pokeapi.co/api/v2/language/8/"
      },
      "version": {
        "name": "shield",
        "url": "https://pokeapi.co/api/v2/version/34/"
      }
    },
    {
      "flavor_text": "It grabs people and Pok\u00e9mon and carries them\noff somewhere. Where do they go?\nNobody knows.",
      "language": {
        "name": "en",
        "url": "https://pokeapi.co/api/v2/language/9/"
      },
      "version": {
        "name": "shield",
        "url": "https://pokeapi.co/api/v2/version/34/"
      }
    },
    {
      "flavor_text": "\u4eba\u3084\u3000\u30dd\u30b1\u30e2\u30f3\u3092\u3000\u3064\u304b\u3093\u3067\n\u305d\u306e\u307e\u307e\u3000\u3069\u3053\u304b\u3078\u3000\u904b\u3093\u3067\u3044\u304f\u3002\n\u884c\u304d\u5148\u306f\u3000\u3060\u308c\u3082\u3000\u77e5\u3089\u306a\u3044\u3002",
      "language": {
        "name": "ja",
        "url": "https://pokeapi.co/api/v2/language/11/"
      },
      "version": {
        "name": "shield",
        "url": "https://pokeapi.co/api/v2/version/34/"
      }
    },
    {
      "flavor_text": "\u4f1a\u6293\u4f4f\u4eba\u548c\u5b9d\u53ef\u68a6\uff0c\n\u7136\u540e\u8fd0\u5230\u67d0\u4e2a\u5730\u65b9\u3002\n\u6ca1\u4eba\u77e5\u9053\u90a3\u5730\u65b9\u662f\u54ea\u91cc\u3002",
      "language": {
        "name": "zh-Hans",
        "url": "https://pokeapi.co/api/v2/language/12/"
      },
      "version": {
        "name": "shield",
        "url": "https://pokeapi.co/api/v2/version/34/"
      }
    },
    {
      "flavor_text": "It drifts along at dusk, perfectly silent. Its transient, melancholy\naspect touches some people deeply\u2014every so often, one will\ncome upon a song or poem devoted to Drifblim.",
      "language": {
        "name": "en",
        "url": "https://pokeapi.co/api/v2/language/9/"
      },
      "version": {
        "name": "legends-arceus",
        "url": "https://pokeapi.co/api/v2/version/39/"
      }
    }
  ],
  "form_descriptions": [],
  "forms_switchable": false,
  "gender_rate": 4,
  "genera": [
    {
      "genus": "\u304d\u304d\u3085\u3046\u30dd\u30b1\u30e2\u30f3",
      "language": {
        "name": "ja-Hrkt",
        "url": "https://pokeapi.co/api/v2/language/1/"
      }
    },
    {
      "genus": "\uae30\uad6c\ud3ec\ucf13\ubaac",
      "language": {
        "name": "ko",
        "url": "https://pokeapi.co/api/v2/language/3/"
      }
    },
    {
      "genus": "\u71b1\u6c23\u7403\u5bf6\u53ef\u5922",
      "language": {
        "name": "zh-Hant",
        "url": "https://pokeapi.co/api/v2/language/4/"
      }
    },
    {
      "genus": "Pok\u00e9mon Ballon",
      "language": {
        "name": "fr",
        "url": "https://pokeapi.co/api/v2/language/5/"
      }
    },
    {
      "genus": "Luftschiff-Pok\u00e9mon",
      "language": {
        "name": "de",
        "url": "https://pokeapi.co/api/v2/language/6/"
      }
    },
    {
      "genus": "Pok\u00e9mon Dirigible",
      "language": {
        "name": "es",
        "url": "https://pokeapi.co/api/v2/language/7/"
      }
    },
    {
      "genus": "Pok\u00e9mon Dirigibile",
      "language": {
        "name": "it",
        "url": "https://pokeapi.co/api/v2/language/8/"
      }
    },
    {
      "genus": "Blimp Pok\u00e9mon",
      "language": {
        "name": "en",
        "url": "https://pokeapi.co/api/v2/language/9/"
      }
    },
    {
      "genus": "\u304d\u304d\u3085\u3046\u30dd\u30b1\u30e2\u30f3",
      "language": {
        "name": "ja",
        "url": "https://pokeapi.co/api/v2/language/11/"
      }
    },
    {
      "genus": "\u70ed\u6c14\u7403\u5b9d\u53ef\u68a6",
      "language": {
        "name": "zh-Hans",
        "url": "https://pokeapi.co/api/v2/language/12/"
      }
    }
  ],
  "generation": {
    "name": "generation-iv",
    "url": "https://pokeapi.co/api/v2/generation/4/"
  },
  "growth_rate": {
    "name": "fast-then-very-slow",
    "url": "https://pokeapi.co/api/v2/growth-rate/6/"
  },
  "habitat": null,
  "has_gender_differences": false,
  "hatch_counter": 30,
  "id": 426,
  "is_baby": false,
  "is_legendary": false,
  "is_mythical": false,
  "name": "drifblim",
  "names": [
    {
      "language": {
        "name": "ja-Hrkt",
        "url": "https://pokeapi.co/api/v2/language/1/"
      },
      "name": "\u30d5\u30ef\u30e9\u30a4\u30c9"
    },
    {
      "language": {
        "name": "roomaji",
        "url": "https://pokeapi.co/api/v2/language/2/"
      },
      "name": "Fuwaride"
    },
    {
      "language": {
        "name": "ko",
        "url": "https://pokeapi.co/api/v2/language/3/"
      },
      "name": "\ub465\uc2e4\ub77c\uc774\ub4dc"
    },
    {
      "language": {
        "name": "zh-Hant",
        "url": "https://pokeapi.co/api/v2/language/4/"
      },
      "name": "\u96a8\u98a8\u7403"
    },
    {
      "language": {
        "name": "fr",
        "url": "https://pokeapi.co/api/v2/language/5/"
      },
      "name": "Grodrive"
    },
    {
      "language": {
        "name": "de",
        "url": "https://pokeapi.co/api/v2/language/6/"
      },
      "name": "Drifzepeli"
    },
    {
      "language": {
        "name": "es",
        "url": "https://pokeapi.co/api/v2/language/7/"
      },
      "name": "Drifblim"
    },
    {
      "language": {
        "name": "it",
        "url": "https://pokeapi.co/api/v2/language/8/"
      },
      "name": "Drifblim"
    },
    {
      "language": {
        "name": "en",
        "url": "https://pokeapi.co/api/v2/language/9/"
      },
      "name": "Drifblim"
    },
    {
      "language": {
        "name": "ja",
        "url": "https://pokeapi.co/api/v2/language/11/"
      },
      "name": "\u30d5\u30ef\u30e9\u30a4\u30c9"
    },
    {
      "language": {
        "name": "zh-Hans",
        "url": "https://pokeapi.co/api/v2/language/12/"
      },
      "name": "\u968f\u98ce\u7403"
    }
  ],
  "order": 453,
  "pal_park_encounters": [
    {
      "area": {
        "name": "forest",
        "url": "https://pokeapi.co/api/v2/pal-park-area/1/"
      },
      "base_score": 80,
      "rate": 10
    }
  ],
  "pokedex_numbers": [
    {
      "entry_number": 426,
      "pokedex": {
        "name": "national",
        "url": "https://pokeapi.co/api/v2/pokedex/1/"
      }
    },
    {
      "entry_number": 66,
      "pokedex": {
        "name": "original-sinnoh",
        "url": "https://pokeapi.co/api/v2/pokedex/5/"
      }
    },
    {
      "entry_number": 66,
      "pokedex": {
        "name": "extended-sinnoh",
        "url": "https://pokeapi.co/api/v2/pokedex/6/"
      }
    },
    {
      "entry_number": 209,
      "pokedex": {
        "name": "updated-unova",
        "url": "https://pokeapi.co/api/v2/pokedex/9/"
      }
    },
    {
      "entry_number": 168,
      "pokedex": {
        "name": "conquest-gallery",
        "url": "https://pokeapi.co/api/v2/pokedex/11/"
      }
    },
    {
      "entry_number": 2,
      "pokedex": {
        "name": "kalos-coastal",
        "url": "https://pokeapi.co/api/v2/pokedex/13/"
      }
    },
    {
      "entry_number": 65,
      "pokedex": {
        "name": "original-alola",
        "url": "https://pokeapi.co/api/v2/pokedex/16/"
      }
    },
    {
      "entry_number": 65,
      "pokedex": {
        "name": "original-melemele",
        "url": "https://pokeapi.co/api/v2/pokedex/17/"
      }
    },
    {
      "entry_number": 77,
      "pokedex": {
        "name": "updated-alola",
        "url": "https://pokeapi.co/api/v2/pokedex/21/"
      }
    },
    {
      "entry_number": 77,
      "pokedex": {
        "name": "updated-melemele",
        "url": "https://pokeapi.co/api/v2/pokedex/22/"
      }
    },
    {
      "entry_number": 125,
      "pokedex": {
        "name": "galar",
        "url": "https://pokeapi.co/api/v2/pokedex/27/"
      }
    },
    {
      "entry_number": 136,
      "pokedex": {
        "name": "isle-of-armor",
        "url": "https://pokeapi.co/api/v2/pokedex/28/"
      }
    },
    {
      "entry_number": 38,
      "pokedex": {
        "name": "hisui",
        "url": "https://pokeapi.co/api/v2/pokedex/30/"
      }
    },
    {
      "entry_number": 144,
      "pokedex": {
        "name": "paldea",
        "url": "https://pokeapi.co/api/v2/pokedex/31/"
      }
    }
  ],
  "shape": {
    "name": "arms",
    "url": "https://pokeapi.co/api/v2/pokemon-shape/4/"
  },
  "varieties": [
    {
      "is_default": true,
      "pokemon": {
        "name": "drifblim",
        "url": "https://pokeapi.co/api/v2/pokemon/426/"
      }
    }
  ]
}