{"flavor_text_entries": [{"flavor_text": "It loves sweets because they become\nenergy for the fire burning inside\nits body.", "language": {"name": "en", "url": "https://pokeapi.co/api/v2/language/9/"}, "version": {"name": "black", "url": "https://pokeapi.co/api/v2/version/17/"}}, {"flavor_text": "A flame burns inside its body.\nIt scatters embers from its head\nand tail to sear its opponents.", "language": {"name": "en", "url": "https://pokeapi.co/api/v2/language/9/"}, "version": {"name": "white", "url": "https://pokeapi.co/api/v2/version/18/"}}, {"flavor_text": "When it gets excited, embers rise\nfrom its head and tail and it gets hot.\nFor some reason, it loves sweets.", "language": {"name": "en", "url": "https://pokeapi.co/api/v2/language/9/"}, "version": {"name": "black-2", "url": "https://pokeapi.co/api/v2/version/21/"}}, {"flavor_text": "When it gets excited, embers rise\nfrom its head and tail and it gets hot.\nFor some reason, it loves sweets.", "language": {"name": "en", "url": "https://pokeapi.co/api/v2/language/9/"}, "version": {"name": "white-2", "url": "https://pokeapi.co/api/v2/version/22/"}}, {"flavor_text": "A flame burns inside its body. It scatters embers\nfrom its head and tail to sear its opponents.", "language": {"name": "en", "url": "https://pokeapi.co/api/v2/language/9/"}, "version": {"name": "x", "url": "https://pokeapi.co/api/v2/version/23/"}}, {"flavor_text": "When it gets excited, embers rise from its head\nand tail and it gets hot. For some reason, it\nloves sweets.", "language": {"name": "en", "url": "https://pokeapi.co/api/v2/language/9/"}, "version": {"name": "y", "url": "https://pokeapi.co/api/v2/version/24/"}}, {"flavor_text": "A flame burns inside its body. It scatters embers\nfrom its head and tail to sear its opponents.", "language": {"name": "en", "url": "https://pokeapi.co/api/v2/language/9/"}, "version": {"name": "omega-ruby", "url": "https://pokeapi.co/api/v2/version/25/"}}, {"flavor_text": "When it gets excited, embers rise from its head\nand tail and it gets hot. For some reason, it\nloves sweets.", "language": {"name": "en", "url": "https://pokeapi.co/api/v2/language/9/"}, "version": {"name": "alpha-sapphire", "url": "https://pokeapi.co/api/v2/version/26/"}}], "evolution_chain": {"url": "https://pokeapi.co/api/v2/evolution-chain/263/"}}