{"flavor_text_entries": [{"flavor_text": "Its internal fire burns at 2,500\u00b0 F,\nmaking enough power that it can\ndestroy a dump truck with one punch.", "language": {"name": "en", "url": "https://pokeapi.co/api/v2/language/9/"}, "version": {"name": "black", "url": "https://pokeapi.co/api/v2/version/17/"}}, {"flavor_text": "When weakened in battle, it transforms\ninto a stone statue. Then it sharpens\nits mind and fights on mentally.", "language": {"name": "en", "url": "https://pokeapi.co/api/v2/language/9/"}, "version": {"name": "white", "url": "https://pokeapi.co/api/v2/version/18/"}}, {"flavor_text": "When one is injured in a fierce battle,\nit hardens into a stone-like form.\nThen it meditates and sharpens its mind.", "language": {"name": "en", "url": "https://pokeapi.co/api/v2/language/9/"}, "version": {"name": "black-2", "url": "https://pokeapi.co/api/v2/version/21/"}}, {"flavor_text": "When one is injured in a fierce battle,\nit hardens into a stone-like form.\nThen it meditates and sharpens its mind.", "language": {"name": "en", "url": "https://pokeapi.co/api/v2/language/9/"}, "version": {"name": "white-2", "url": "https://pokeapi.co/api/v2/version/22/"}}, {"flavor_text": "When one is injured in a fierce battle, it hardens\ninto a stone-like form. Then it meditates and\nsharpens its mind.", "language": {"name": "en", "url": "https://pokeapi.co/api/v2/language/9/"}, "version": {"name": "x", "url": "https://pokeapi.co/api/v2/version/23/"}}, {"flavor_text": "Its internal fire burns at 2,500 degrees Fahrenheit,\nmaking enough power that it can destroy a dump\ntruck with one punch.", "language": {"name": "en", "url": "https://pokeapi.co/api/v2/language/9/"}, "version": {"name": "y", "url": "https://pokeapi.co/api/v2/version/24/"}}, {"flavor_text": "When one is injured in a fierce battle, it hardens\ninto a stone-like form. Then it meditates and\nsharpens its mind.", "language": {"name": "en", "url": "https://pokeapi.co/api/v2/language/9/"}, "version": {"name": "omega-ruby", "url": "https://pokeapi.co/api/v2/version/25/"}}, {"flavor_text": "Its internal fire burns at 2,500 degrees Fahrenheit,\nmaking enough power that it can destroy a dump\ntruck with one punch.", "language": {"name": "en", "url": "https://pokeapi.co/api/v2/language/9/"}, "version": {"name": "alpha-sapphire", "url": "https://pokeapi.co/api/v2/version/26/"}}, {"flavor_text": "The thick arms of this hot-blooded Pok\u00e9mon\ncan deliver punches capable of obliterating a\ndump truck.", "language": {"name": "en", "url": "https://pokeapi.co/api/v2/language/9/"}, "version": {"name": "sword", "url": "https://pokeapi.co/api/v2/version/33/"}}, {"flavor_text": "This Pok\u00e9mon\u2019s power level rises along with the\ntemperature of its fire, which can reach 2,500\ndegrees Fahrenheit.", "language": {"name": "en", "url": "https://pokeapi.co/api/v2/language/9/"}, "version": {"name": "shield", "url": "https://pokeapi.co/api/v2/version/34/"}}], "evolution_chain": {"url": "https://pokeapi.co/api/v2/evolution-chain/282/"}}