{"flavor_text_entries": [{"flavor_text": "Normally found\nnear power plants,\nthey can wander\faway and cause\nmajor blackouts\nin cities.", "language": {"name": "en", "url": "https://pokeapi.co/api/v2/language/9/"}, "version": {"name": "red", "url": "https://pokeapi.co/api/v2/version/1/"}}, {"flavor_text": "Normally found\nnear power plants,\nthey can wander\faway and cause\nmajor blackouts\nin cities.", "language": {"name": "en", "url": "https://pokeapi.co/api/v2/language/9/"}, "version": {"name": "blue", "url": "https://pokeapi.co/api/v2/version/2/"}}, {"flavor_text": "If a major power\noutage occurs, it\nis certain that\fthis POK\u00e9MON has\neaten electricity\nat a power plant.", "language": {"name": "en", "url": "https://pokeapi.co/api/v2/language/9/"}, "version": {"name": "yellow", "url": "https://pokeapi.co/api/v2/version/3/"}}, {"flavor_text": "Electricity runs\nacross the surface\nof its body. In\fdarkness, its en\u00ad\ntire body glows a\nwhitish-blue.", "language": {"name": "en", "url": "https://pokeapi.co/api/v2/language/9/"}, "version": {"name": "gold", "url": "https://pokeapi.co/api/v2/version/4/"}}, {"flavor_text": "Its body constant\u00ad\nly discharges\nelectricity. Get\u00ad\fting close to it\nwill make your\nhair stand on end.", "language": {"name": "en", "url": "https://pokeapi.co/api/v2/language/9/"}, "version": {"name": "silver", "url": "https://pokeapi.co/api/v2/version/5/"}}, {"flavor_text": "When two\nELECTABUZZ touch,\nthey control the\felectric currents\nto communicate\ntheir feelings.", "language": {"name": "en", "url": "https://pokeapi.co/api/v2/language/9/"}, "version": {"name": "crystal", "url": "https://pokeapi.co/api/v2/version/6/"}}, {"flavor_text": "When a storm arrives, gangs of this\nPOK\u00e9MON compete with each other to\nscale heights that are likely to be\fstricken by lightning bolts.\nSome towns use ELECTABUZZ in place of\nlightning rods.", "language": {"name": "en", "url": "https://pokeapi.co/api/v2/language/9/"}, "version": {"name": "ruby", "url": "https://pokeapi.co/api/v2/version/7/"}}, {"flavor_text": "When a storm arrives, gangs of this\nPOK\u00e9MON compete with each other to\nscale heights that are likely to be\fstricken by lightning bolts.\nSome towns use ELECTABUZZ in place of\nlightning rods.", "language": {"name": "en", "url": "https://pokeapi.co/api/v2/language/9/"}, "version": {"name": "sapphire", "url": "https://pokeapi.co/api/v2/version/8/"}}, {"flavor_text": "When a storm approaches, it competes with\nothers to scale heights that are likely to\nbe stricken by lightning. Some towns use\nELECTABUZZ in place of lightning rods.", "language": {"name": "en", "url": "https://pokeapi.co/api/v2/language/9/"}, "version": {"name": "emerald", "url": "https://pokeapi.co/api/v2/version/9/"}}, {"flavor_text": "It loves to feed on strong electricity.\nIt occasionally appears around large\npower plants and so on.", "language": {"name": "en", "url": "https://pokeapi.co/api/v2/language/9/"}, "version": {"name": "firered", "url": "https://pokeapi.co/api/v2/version/10/"}}, {"flavor_text": "Normally found near power plants, they\ncan wander away and cause major\nblackouts in cities.", "language": {"name": "en", "url": "https://pokeapi.co/api/v2/language/9/"}, "version": {"name": "leafgreen", "url": "https://pokeapi.co/api/v2/version/11/"}}, {"flavor_text": "Half of all blackouts occur when\nthis Pok\u00e9mon appears at power\nplants and eats electricity.", "language": {"name": "en", "url": "https://pokeapi.co/api/v2/language/9/"}, "version": {"name": "diamond", "url": "https://pokeapi.co/api/v2/version/12/"}}, {"flavor_text": "Half of all blackouts occur when\nthis Pok\u00e9mon appears at power\nplants and eats electricity.", "language": {"name": "en", "url": "https://pokeapi.co/api/v2/language/9/"}, "version": {"name": "pearl", "url": "https://pokeapi.co/api/v2/version/13/"}}, {"flavor_text": "It windmills its arms to slightly\nboost its punches. Foes have been\nknown to escape in the meantime.", "language": {"name": "en", "url": "https://pokeapi.co/api/v2/language/9/"}, "version": {"name": "platinum", "url": "https://pokeapi.co/api/v2/version/14/"}}, {"flavor_text": "Electricity runs across the surface\nof its body. In darkness, its entire\nbody glows a whitish-blue.", "language": {"name": "en", "url": "https://pokeapi.co/api/v2/language/9/"}, "version": {"name": "heartgold", "url": "https://pokeapi.co/api/v2/version/15/"}}, {"flavor_text": "Its body constantly discharges\nelectricity. Getting close to it\nwill make your hair stand on end.", "language": {"name": "en", "url": "https://pokeapi.co/api/v2/language/9/"}, "version": {"name": "soulsilver", "url": "https://pokeapi.co/api/v2/version/16/"}}, {"flavor_text": "It windmills its arms to slightly\nboost its punches. Foes have been\nknown to escape in the meantime.", "language": {"name": "en", "url": "https://pokeapi.co/api/v2/language/9/"}, "version": {"name": "black", "url": "https://pokeapi.co/api/v2/version/17/"}}, {"flavor_text": "It windmills its arms to slightly\nboost its punches. Foes have been\nknown to escape in the meantime.", "language": {"name": "en", "url": "https://pokeapi.co/api/v2/language/9/"}, "version": {"name": "white", "url": "https://pokeapi.co/api/v2/version/18/"}}, {"flavor_text": "Research is progressing on storing\nlightning in Electabuzz so this\nenergy can be used at any time.", "language": {"name": "en", "url": "https://pokeapi.co/api/v2/language/9/"}, "version": {"name": "black-2", "url": "https://pokeapi.co/api/v2/version/21/"}}, {"flavor_text": "Research is progressing on storing\nlightning in Electabuzz so this\nenergy can be used at any time.", "language": {"name": "en", "url": "https://pokeapi.co/api/v2/language/9/"}, "version": {"name": "white-2", "url": "https://pokeapi.co/api/v2/version/22/"}}, {"flavor_text": "Electricity runs across the surface of its body.\nIn darkness, its entire body glows a whitish blue.", "language": {"name": "en", "url": "https://pokeapi.co/api/v2/language/9/"}, "version": {"name": "x", "url": "https://pokeapi.co/api/v2/version/23/"}}, {"flavor_text": "It loves to feed on strong electricity. It occasionally\nappears around large power plants and so on.", "language": {"name": "en", "url": "https://pokeapi.co/api/v2/language/9/"}, "version": {"name": "y", "url": "https://pokeapi.co/api/v2/version/24/"}}, {"flavor_text": "When a storm arrives, gangs of this Pok\u00e9mon compete with\neach other to scale heights that are likely to be stricken by\nlightning bolts. Some towns use Electabuzz in place of\nlightning rods.", "language": {"name": "en", "url": "https://pokeapi.co/api/v2/language/9/"}, "version": {"name": "omega-ruby", "url": "https://pokeapi.co/api/v2/version/25/"}}, {"flavor_text": "When a storm arrives, gangs of this Pok\u00e9mon compete with\neach other to scale heights that are likely to be stricken by\nlightning bolts. Some towns use Electabuzz in place of\nlightning rods.", "language": {"name": "en", "url": "https://pokeapi.co/api/v2/language/9/"}, "version": {"name": "alpha-sapphire", "url": "https://pokeapi.co/api/v2/version/26/"}}, {"flavor_text": "Half of all sudden blackouts are caused\nby Electabuzz gathering at electric power\nplants and gobbling up electricity.", "language": {"name": "en", "url": "https://pokeapi.co/api/v2/language/9/"}, "version": {"name": "sun", "url": "https://pokeapi.co/api/v2/version/27/"}}, {"flavor_text": "Electricity leaks from it in amounts far greater\nthan the amount of electricity it eats.", "language": {"name": "en", "url": "https://pokeapi.co/api/v2/language/9/"}, "version": {"name": "moon", "url": "https://pokeapi.co/api/v2/version/28/"}}, {"flavor_text": "Electricity permeates its body. It swings\nits arms round and round to charge up\nelectricity before unleashing a punch.", "language": {"name": "en", "url": "https://pokeapi.co/api/v2/language/9/"}, "version": {"name": "ultra-sun", "url": "https://pokeapi.co/api/v2/version/29/"}}, {"flavor_text": "While it\u2019s often blamed for power outages, the\ntruth is the cause of outages is more often\nan error on the part of the electric company.", "language": {"name": "en", "url": "https://pokeapi.co/api/v2/language/9/"}, "version": {"name": "ultra-moon", "url": "https://pokeapi.co/api/v2/version/30/"}}, {"flavor_text": "If a major power outage occurs, it is certain\nthat this Pok\u00e9mon has eaten electricity\nat a power plant.", "language": {"name": "en", "url": "https://pokeapi.co/api/v2/language/9/"}, "version": {"name": "lets-go-pikachu", "url": "https://pokeapi.co/api/v2/version/31/"}}, {"flavor_text": "If a major power outage occurs, it is certain\nthat this Pok\u00e9mon has eaten electricity\nat a power plant.", "language": {"name": "en", "url": "https://pokeapi.co/api/v2/language/9/"}, "version": {"name": "lets-go-eevee", "url": "https://pokeapi.co/api/v2/version/32/"}}, {"flavor_text": "Many power plants keep Ground-type Pok\u00e9mon\naround as a defense against Electabuzz that\ncome seeking electricity.", "language": {"name": "en", "url": "https://pokeapi.co/api/v2/language/9/"}, "version": {"name": "sword", "url": "https://pokeapi.co/api/v2/version/33/"}}, {"flavor_text": "With the coming of a storm, many of these\nPok\u00e9mon will gather under tall trees and sit there\nwaiting for lightning to strike.", "language": {"name": "en", "url": "https://pokeapi.co/api/v2/language/9/"}, "version": {"name": "shield", "url": "https://pokeapi.co/api/v2/version/34/"}}, {"flavor_text": "Feeds on electrical energy. During sudden showers beneath\nlooming thunderclouds, one can observe Electabuzz scaling tall\ntrees, where the Pok\u00e9mon will then wait for lightning to strike.", "language": {"name": "en", "url": "https://pokeapi.co/api/v2/language/9/"}, "version": {"name": "legends-arceus", "url": "https://pokeapi.co/api/v2/version/39/"}}], "evolution_chain": {"url": "https://pokeapi.co/api/v2/evolution-chain/60/"}}