{
  "abilities": [
    {
      "ability": {
        "name": "weak-armor",
        "url": "https://pokeapi.co/api/v2/ability/133/"
      },
      "is_hidden": false,
      "slot": 1
    },
    {
      "ability": {
        "name": "cursed-body",
        "url": "https://pokeapi.co/api/v2/ability/130/"
      },
      "is_hidden": true,
      "slot": 3
    }
  ],
  "base_experience": 144,
  "cries": {
    "latest": "https://raw.githubusercontent.com/PokeAPI/cries/main/cries/pokemon/latest/10173.ogg",
    "legacy": null
  },
  "forms": [
    {
      "name": "corsola-galar",
      "url": "https://pokeapi.co/api/v2/pokemon-form/10332/"
    }
  ],
  "game_indices": [],
  "height": 6,
  "held_items": [],
  "id": 10173,
  "is_default": false,
  "location_area_encounters": "https://pokeapi.co/api/v2/pokemon/10173/encounters",
  "moves": [
    {
      "move": {
        "name": "tackle",
        "url": "https://pokeapi.co/api/v2/move/33/"
      },
      "version_group_details": [
        {
          "level_learned_at": 1,
          "move_learn_method": {
            "name": "level-up",
            "url": "https://pokeapi.co/api/v2/move-learn-method/1/"
          },
          "order": 1,
          "version_group": {
            "name": "sword-shield",
            "url": "https://pokeapi.co/api/v2/version-group/20/"
          }
        }
      ]
    },
    {
      "move": {
        "name": "body-slam",
        "url": "https://pokeapi.co/api/v2/move/34/"
      },
      "version_group_details": [
        {
          "level_learned_at": 0,
          "move_learn_method": {
            "name": "machine",
            "url": "https://pokeapi.co/api/v2/move-learn-method/4/"
          },
          "order": null,
          "version_group": {
            "name": "sword-shield",
            "url": "https://pokeapi.co/api/v2/version-group/20/"
          }
        }
      ]
    },
    {
      "move": {
        "name": "disable",
        "url": "https://pokeapi.co/api/v2/move/50/"
      },
      "version_group_details": [
        {
          "level_learned_at": 10,
          "move_learn_method": {
            "name": "level-up",
            "url": "https://pokeapi.co/api/v2/move-learn-method/1/"
          },
          "order": null,
          "version_group": {
            "name": "sword-shield",
            "url": "https://pokeapi.co/api/v2/version-group/20/"
          }
        }
      ]
    },
    {
      "move": {
        "name": "hydro-pump",
        "url": "https://pokeapi.co/api/v2/move/56/"
      },
      "version_group_details": [
        {
          "level_learned_at": 0,
          "move_learn_method": {
            "name": "machine",
            "url": "https://pokeapi.co/api/v2/move-learn-method/4/"
          },
          "order": null,
          "version_group": {
            "name": "sword-shield",
            "url": "https://pokeapi.co/api/v2/version-group/20/"
          }
        }
      ]
    },
    {
      "move": {
        "name": "surf",
        "url": "https://pokeapi.co/api/v2/move/57/"
      },
      "version_group_details": [
        {
          "level_learned_at": 0,
          "move_learn_method": {
            "name": "machine",
            "url": "https://pokeapi.co/api/v2/move-learn-method/4/"
          },
          "order": null,
          "version_group": {
            "name": "sword-shield",
            "url": "https://pokeapi.co/api/v2/version-group/20/"
          }
        }
      ]
    },
    {
      "move": {
        "name": "ice-beam",
        "url": "https://pokeapi.co/api/v2/move/58/"
      },
      "version_group_details": [
        {
          "level_learned_at": 0,
          "move_learn_method": {
            "name": "machine",
            "url": "https://pokeapi.co/api/v2/move-learn-method/4/"
          },
          "order": null,
          "version_group": {
            "name": "sword-shield",
            "url": "https://pokeapi.co/api/v2/version-group/20/"
          }
        }
      ]
    },
    {
      "move": {
        "name": "blizzard",
        "url": "https://pokeapi.co/api/v2/move/59/"
      },
      "version_group_details": [
        {
          "level_learned_at": 0,
          "move_learn_method": {
            "name": "machine",
            "url": "https://pokeapi.co/api/v2/move-learn-method/4/"
          },
          "order": null,
          "version_group": {
            "name": "sword-shield",
            "url": "https://pokeapi.co/api/v2/version-group/20/"
          }
        }
      ]
    },
    {
      "move": {
        "name": "earthquake",
        "url": "https://pokeapi.co/api/v2/move/89/"
      },
      "version_group_details": [
        {
          "level_learned_at": 0,
          "move_learn_method": {
            "name": "machine",
            "url": "https://pokeapi.co/api/v2/move-learn-method/4/"
          },
          "order": null,
          "version_group": {
            "name": "sword-shield",
            "url": "https://pokeapi.co/api/v2/version-group/20/"
          }
        }
      ]
    },
    {
      "move": {
        "name": "dig",
        "url": "https://pokeapi.co/api/v2/move/91/"
      },
      "version_group_details": [
        {
          "level_learned_at": 0,
          "move_learn_method": {
            "name": "machine",
            "url": "https://pokeapi.co/api/v2/move-learn-method/4/"
          },
          "order": null,
          "version_group": {
            "name": "sword-shield",
            "url": "https://pokeapi.co/api/v2/version-group/20/"
          }
        }
      ]
    },
    {
      "move": {
        "name": "psychic",
        "url": "https://pokeapi.co/api/v2/move/94/"
      },
      "version_group_details": [
        {
          "level_learned_at": 0,
          "move_learn_method": {
            "name": "machine",
            "url": "https://pokeapi.co/api/v2/move-learn-method/4/"
          },
          "order": null,
          "version_group": {
            "name": "sword-shield",
            "url": "https://pokeapi.co/api/v2/version-group/20/"
          }
        }
      ]
    },
    {
      "move": {
        "name": "night-shade",
        "url": "https://pokeapi.co/api/v2/move/101/"
      },
      "version_group_details": [
        {
          "level_learned_at": 45,
          "move_learn_method": {
            "name": "level-up",
            "url": "https://pokeapi.co/api/v2/move-learn-method/1/"
          },
          "order": null,
          "version_group": {
            "name": "sword-shield",
            "url": "https://pokeapi.co/api/v2/version-group/20/"
          }
        }
      ]
    },
    {
      "move": {
        "name": "screech",
        "url": "https://pokeapi.co/api/v2/move/103/"
      },
      "version_group_details": [
        {
          "level_learned_at": 0,
          "move_learn_method": {
            "name": "machine",
            "url": "https://pokeapi.co/api/v2/move-learn-method/4/"
          },
          "order": null,
          "version_group": {
            "name": "sword-shield",
            "url": "https://pokeapi.co/api/v2/version-group/20/"
          }
        }
      ]
    },
    {
      "move": {
        "name": "harden",
        "url": "https://pokeapi.co/api/v2/move/106/"
      },
      "version_group_details": [
        {
          "level_learned_at": 1,
          "move_learn_method": {
            "name": "level-up",
            "url": "https://pokeapi.co/api/v2/move-learn-method/1/"
          },
          "order": 2,
          "version_group": {
            "name": "sword-shield",
            "url": "https://pokeapi.co/api/v2/version-group/20/"
          }
        }
      ]
    },
    {
      "move": {
        "name": "confuse-ray",
        "url": "https://pokeapi.co/api/v2/move/109/"
      },
      "version_group_details": [
        {
          "level_learned_at": 0,
          "move_learn_method": {
            "name": "egg",
            "url": "https://pokeapi.co/api/v2/move-learn-method/2/"
          },
          "order": null,
          "version_group": {
            "name": "sword-shield",
            "url": "https://pokeapi.co/api/v2/version-group/20/"
          }
        }
      ]
    },
    {
      "move": {
        "name": "light-screen",
        "url": "https://pokeapi.co/api/v2/move/113/"
      },
      "version_group_details": [
        {
          "level_learned_at": 0,
          "move_learn_method": {
            "name": "machine",
            "url": "https://pokeapi.co/api/v2/move-learn-method/4/"
          },
          "order": null,
          "version_group": {
            "name": "sword-shield",
            "url": "https://pokeapi.co/api/v2/version-group/20/"
          }
        }
      ]
    },
    {
      "move": {
        "name": "haze",
        "url": "https://pokeapi.co/api/v2/move/114/"
      },
      "version_group_details": [
        {
          "level_learned_at": 0,
          "move_learn_method": {
            "name": "egg",
            "url": "https://pokeapi.co/api/v2/move-learn-method/2/"
          },
          "order": null,
          "version_group": {
            "name": "sword-shield",
            "url": "https://pokeapi.co/api/v2/version-group/20/"
          }
        }
      ]
    },
    {
      "move": {
        "name": "reflect",
        "url": "https://pokeapi.co/api/v2/move/115/"
      },
      "version_group_details": [
        {
          "level_learned_at": 0,
          "move_learn_method": {
            "name": "machine",
            "url": "https://pokeapi.co/api/v2/move-learn-method/4/"
          },
          "order": null,
          "version_group": {
            "name": "sword-shield",
            "url": "https://pokeapi.co/api/v2/version-group/20/"
          }
        }
      ]
    },
    {
      "move": {
        "name": "self-destruct",
        "url": "https://pokeapi.co/api/v2/move/120/"
      },
      "version_group_details": [
        {
          "level_learned_at": 0,
          "move_learn_method": {
            "name": "machine",
            "url": "https://pokeapi.co/api/v2/move-learn-method/4/"
          },
          "order": null,
          "version_group": {
            "name": "sword-shield",
            "url": "https://pokeapi.co/api/v2/version-group/20/"
          }
        }
      ]
    },
    {
      "move": {
        "name": "amnesia",
        "url": "https://pokeapi.co/api/v2/move/133/"
      },
      "version_group_details": [
        {
          "level_learned_at": 0,
          "move_learn_method": {
            "name": "machine",
            "url": "https://pokeapi.co/api/v2/move-learn-method/4/"
          },
          "order": null,
          "version_group": {
            "name": "sword-shield",
            "url": "https://pokeapi.co/api/v2/version-group/20/"
          }
        }
      ]
    },
    {
      "move": {
        "name": "rest",
        "url": "https://pokeapi.co/api/v2/move/156/"
      },
      "version_group_details": [
        {
          "level_learned_at": 0,
          "move_learn_method": {
            "name": "machine",
            "url": "https://pokeapi.co/api/v2/move-learn-method/4/"
          },
          "order": null,
          "version_group": {
            "name": "sword-shield",
            "url": "https://pokeapi.co/api/v2/version-group/20/"
          }
        }
      ]
    },
    {
      "move": {
        "name": "rock-slide",
        "url": "https://pokeapi.co/api/v2/move/157/"
      },
      "version_group_details": [
        {
          "level_learned_at": 0,
          "move_learn_method": {
            "name": "machine",
            "url": "https://pokeapi.co/api/v2/move-learn-method/4/"
          },
          "order": null,
          "version_group": {
            "name": "sword-shield",
            "url": "https://pokeapi.co/api/v2/version-group/20/"
          }
        }
      ]
    },
    {
      "move": {
        "name": "substitute",
        "url": "https://pokeapi.co/api/v2/move/164/"
      },
      "version_group_details": [
        {
          "level_learned_at": 0,
          "move_learn_method": {
            "name": "machine",
            "url": "https://pokeapi.co/api/v2/move-learn-method/4/"
          },
          "order": null,
          "version_group": {
            "name": "sword-shield",
            "url": "https://pokeapi.co/api/v2/version-group/20/"
          }
        }
      ]
    },
    {
      "move": {
        "name": "snore",
        "url": "https://pokeapi.co/api/v2/move/173/"
      },
      "version_group_details": [
        {
          "level_learned_at": 0,
          "move_learn_method": {
            "name": "machine",
            "url": "https://pokeapi.co/api/v2/move-learn-method/4/"
          },
          "order": null,
          "version_group": {
            "name": "sword-shield",
            "url": "https://pokeapi.co/api/v2/version-group/20/"
          }
        }
      ]
    },
    {
      "move": {
        "name": "curse",
        "url": "https://pokeapi.co/api/v2/move/174/"
      },
      "version_group_details": [
        {
          "level_learned_at": 30,
          "move_learn_method": {
            "name": "level-up",
            "url": "https://pokeapi.co/api/v2/move-learn-method/1/"
          },
          "order": null,
          "version_group": {
            "name": "sword-shield",
            "url": "https://pokeapi.co/api/v2/version-group/20/"
          }
        }
      ]
    },
    {
      "move": {
        "name": "spite",
        "url": "https://pokeapi.co/api/v2/move/180/"
      },
      "version_group_details": [
        {
          "level_learned_at": 15,
          "move_learn_method": {
            "name": "level-up",
            "url": "https://pokeapi.co/api/v2/move-learn-method/1/"
          },
          "order": null,
          "version_group": {
            "name": "sword-shield",
            "url": "https://pokeapi.co/api/v2/version-group/20/"
          }
        }
      ]
    },
    {
      "move": {
        "name": "protect",
        "url": "https://pokeapi.co/api/v2/move/182/"
      },
      "version_group_details": [
        {
          "level_learned_at": 0,
          "move_learn_method": {
            "name": "machine",
            "url": "https://pokeapi.co/api/v2/move-learn-method/4/"
          },
          "order": null,
          "version_group": {
            "name": "sword-shield",
            "url": "https://pokeapi.co/api/v2/version-group/20/"
          }
        }
      ]
    },
    {
      "move": {
        "name": "destiny-bond",
        "url": "https://pokeapi.co/api/v2/move/194/"
      },
      "version_group_details": [
        {
          "level_learned_at": 0,
          "move_learn_method": {
            "name": "egg",
            "url": "https://pokeapi.co/api/v2/move-learn-method/2/"
          },
          "order": null,
          "version_group": {
            "name": "sword-shield",
            "url": "https://pokeapi.co/api/v2/version-group/20/"
          }
        }
      ]
    },
    {
      "move": {
        "name": "icy-wind",
        "url": "https://pokeapi.co/api/v2/move/196/"
      },
      "version_group_details": [
        {
          "level_learned_at": 0,
          "move_learn_method": {
            "name": "machine",
            "url": "https://pokeapi.co/api/v2/move-learn-method/4/"
          },
          "order": null,
          "version_group": {
            "name": "sword-shield",
            "url": "https://pokeapi.co/api/v2/version-group/20/"
          }
        }
      ]
    },
    {
      "move": {
        "name": "sandstorm",
        "url": "https://pokeapi.co/api/v2/move/201/"
      },
      "version_group_details": [
        {
          "level_learned_at": 0,
          "move_learn_method": {
            "name": "machine",
            "url": "https://pokeapi.co/api/v2/move-learn-method/4/"
          },
          "order": null,
          "version_group": {
            "name": "sword-shield",
            "url": "https://pokeapi.co/api/v2/version-group/20/"
          }
        }
      ]
    },
    {
      "move": {
        "name": "giga-drain",
        "url": "https://pokeapi.co/api/v2/move/202/"
      },
      "version_group_details": [
        {
          "level_learned_at": 0,
          "move_learn_method": {
            "name": "machine",
            "url": "https://pokeapi.co/api/v2/move-learn-method/4/"
          },
          "order": null,
          "version_group": {
            "name": "sword-shield",
            "url": "https://pokeapi.co/api/v2/version-group/20/"
          }
        }
      ]
    },
    {
      "move": {
        "name": "endure",
        "url": "https://pokeapi.co/api/v2/move/203/"
      },
      "version_group_details": [
        {
          "level_learned_at": 0,
          "move_learn_method": {
            "name": "machine",
            "url": "https://pokeapi.co/api/v2/move-learn-method/4/"
          },
          "order": null,
          "version_group": {
            "name": "sword-shield",
            "url": "https://pokeapi.co/api/v2/version-group/20/"
          }
        }
      ]
    },
    {
      "move": {
        "name": "attract",
        "url": "https://pokeapi.co/api/v2/move/213/"
      },
      "version_group_details": [
        {
          "level_learned_at": 0,
          "move_learn_method": {
            "name": "machine",
            "url": "https://pokeapi.co/api/v2/move-learn-method/4/"
          },
          "order": null,
          "version_group": {
            "name": "sword-shield",
            "url": "https://pokeapi.co/api/v2/version-group/20/"
          }
        }
      ]
    },
    {
      "move": {
        "name": "sleep-talk",
        "url": "https://pokeapi.co/api/v2/move/214/"
      },
      "version_group_details": [
        {
          "level_learned_at": 0,
          "move_learn_method": {
            "name": "machine",
            "url": "https://pokeapi.co/api/v2/move-learn-method/4/"
          },
          "order": null,
          "version_group": {
            "name": "sword-shield",
            "url": "https://pokeapi.co/api/v2/version-group/20/"
          }
        }
      ]
    },
    {
      "move": {
        "name": "safeguard",
        "url": "https://pokeapi.co/api/v2/move/219/"
      },
      "version_group_details": [
        {
          "level_learned_at": 0,
          "move_learn_method": {
            "name": "machine",
            "url": "https://pokeapi.co/api/v2/move-learn-method/4/"
          },
          "order": null,
          "version_group": {
            "name": "sword-shield",
            "url": "https://pokeapi.co/api/v2/version-group/20/"
          }
        }
      ]
    },
    {
      "move": {
        "name": "rain-dance",
        "url": "https://pokeapi.co/api/v2/move/240/"
      },
      "version_group_details": [
        {
          "level_learned_at": 0,
          "move_learn_method": {
            "name": "machine",
            "url": "https://pokeapi.co/api/v2/move-learn-method/4/"
          },
          "order": null,
          "version_group": {
            "name": "sword-shield",
            "url": "https://pokeapi.co/api/v2/version-group/20/"
          }
        }
      ]
    },
    {
      "move": {
        "name": "sunny-day",
        "url": "https://pokeapi.co/api/v2/move/241/"
      },
      "version_group_details": [
        {
          "level_learned_at": 0,
          "move_learn_method": {
            "name": "machine",
            "url": "https://pokeapi.co/api/v2/move-learn-method/4/"
          },
          "order": null,
          "version_group": {
            "name": "sword-shield",
            "url": "https://pokeapi.co/api/v2/version-group/20/"
          }
        }
      ]
    },
    {
      "move": {
        "name": "mirror-coat",
        "url": "https://pokeapi.co/api/v2/move/243/"
      },
      "version_group_details": [
        {
          "level_learned_at": 55,
          "move_learn_method": {
            "name": "level-up",
            "url": "https://pokeapi.co/api/v2/move-learn-method/1/"
          },
          "order": null,
          "version_group": {
            "name": "sword-shield",
            "url": "https://pokeapi.co/api/v2/version-group/20/"
          }
        }
      ]
    },
    {
      "move": {
        "name": "ancient-power",
        "url": "https://pokeapi.co/api/v2/move/246/"
      },
      "version_group_details": [
        {
          "level_learned_at": 20,
          "move_learn_method": {
            "name": "level-up",
            "url": "https://pokeapi.co/api/v2/move-learn-method/1/"
          },
          "order": null,
          "version_group": {
            "name": "sword-shield",
            "url": "https://pokeapi.co/api/v2/version-group/20/"
          }
        }
      ]
    },
    {
      "move": {
        "name": "shadow-ball",
        "url": "https://pokeapi.co/api/v2/move/247/"
      },
      "version_group_details": [
        {
          "level_learned_at": 0,
          "move_learn_method": {
            "name": "machine",
            "url": "https://pokeapi.co/api/v2/move-learn-method/4/"
          },
          "order": null,
          "version_group": {
            "name": "sword-shield",
            "url": "https://pokeapi.co/api/v2/version-group/20/"
          }
        }
      ]
    },
    {
      "move": {
        "name": "whirlpool",
        "url": "https://pokeapi.co/api/v2/move/250/"
      },
      "version_group_details": [
        {
          "level_learned_at": 0,
          "move_learn_method": {
            "name": "machine",
            "url": "https://pokeapi.co/api/v2/move-learn-method/4/"
          },
          "order": null,
          "version_group": {
            "name": "sword-shield",
            "url": "https://pokeapi.co/api/v2/version-group/20/"
          }
        }
      ]
    },
    {
      "move": {
        "name": "hail",
        "url": "https://pokeapi.co/api/v2/move/258/"
      },
      "version_group_details": [
        {
          "level_learned_at": 0,
          "move_learn_method": {
            "name": "machine",
            "url": "https://pokeapi.co/api/v2/move-learn-method/4/"
          },
          "order": null,
          "version_group": {
            "name": "sword-shield",
            "url": "https://pokeapi.co/api/v2/version-group/20/"
          }
        }
      ]
    },
    {
      "move": {
        "name": "will-o-wisp",
        "url": "https://pokeapi.co/api/v2/move/261/"
      },
      "version_group_details": [
        {
          "level_learned_at": 0,
          "move_learn_method": {
            "name": "machine",
            "url": "https://pokeapi.co/api/v2/move-learn-method/4/"
          },
          "order": null,
          "version_group": {
            "name": "sword-shield",
            "url": "https://pokeapi.co/api/v2/version-group/20/"
          }
        }
      ]
    },
    {
      "move": {
        "name": "facade",
        "url": "https://pokeapi.co/api/v2/move/263/"
      },
      "version_group_details": [
        {
          "level_learned_at": 0,
          "move_learn_method": {
            "name": "machine",
            "url": "https://pokeapi.co/api/v2/move-learn-method/4/"
          },
          "order": null,
          "version_group": {
            "name": "sword-shield",
            "url": "https://pokeapi.co/api/v2/version-group/20/"
          }
        }
      ]
    },
    {
      "move": {
        "name": "nature-power",
        "url": "https://pokeapi.co/api/v2/move/267/"
      },
      "version_group_details": [
        {
          "level_learned_at": 0,
          "move_learn_method": {
            "name": "egg",
            "url": "https://pokeapi.co/api/v2/move-learn-method/2/"
          },
          "order": null,
          "version_group": {
            "name": "sword-shield",
            "url": "https://pokeapi.co/api/v2/version-group/20/"
          }
        }
      ]
    },
    {
      "move": {
        "name": "grudge",
        "url": "https://pokeapi.co/api/v2/move/288/"
      },
      "version_group_details": [
        {
          "level_learned_at": 50,
          "move_learn_method": {
            "name": "level-up",
            "url": "https://pokeapi.co/api/v2/move-learn-method/1/"
          },
          "order": null,
          "version_group": {
            "name": "sword-shield",
            "url": "https://pokeapi.co/api/v2/version-group/20/"
          }
        }
      ]
    },
    {
      "move": {
        "name": "astonish",
        "url": "https://pokeapi.co/api/v2/move/310/"
      },
      "version_group_details": [
        {
          "level_learned_at": 5,
          "move_learn_method": {
            "name": "level-up",
            "url": "https://pokeapi.co/api/v2/move-learn-method/1/"
          },
          "order": null,
          "version_group": {
            "name": "sword-shield",
            "url": "https://pokeapi.co/api/v2/version-group/20/"
          }
        }
      ]
    },
    {
      "move": {
        "name": "rock-tomb",
        "url": "https://pokeapi.co/api/v2/move/317/"
      },
      "version_group_details": [
        {
          "level_learned_at": 0,
          "move_learn_method": {
            "name": "machine",
            "url": "https://pokeapi.co/api/v2/move-learn-method/4/"
          },
          "order": null,
          "version_group": {
            "name": "sword-shield",
            "url": "https://pokeapi.co/api/v2/version-group/20/"
          }
        }
      ]
    },
    {
      "move": {
        "name": "icicle-spear",
        "url": "https://pokeapi.co/api/v2/move/333/"
      },
      "version_group_details": [
        {
          "level_learned_at": 0,
          "move_learn_method": {
            "name": "machine",
            "url": "https://pokeapi.co/api/v2/move-learn-method/4/"
          },
          "order": null,
          "version_group": {
            "name": "sword-shield",
            "url": "https://pokeapi.co/api/v2/version-group/20/"
          }
        }
      ]
    },
    {
      "move": {
        "name": "iron-defense",
        "url": "https://pokeapi.co/api/v2/move/334/"
      },
      "version_group_details": [
        {
          "level_learned_at": 0,
          "move_learn_method": {
            "name": "machine",
            "url": "https://pokeapi.co/api/v2/move-learn-method/4/"
          },
          "order": null,
          "version_group": {
            "name": "sword-shield",
            "url": "https://pokeapi.co/api/v2/version-group/20/"
          }
        }
      ]
    },
    {
      "move": {
        "name": "calm-mind",
        "url": "https://pokeapi.co/api/v2/move/347/"
      },
      "version_group_details": [
        {
          "level_learned_at": 0,
          "move_learn_method": {
            "name": "machine",
            "url": "https://pokeapi.co/api/v2/move-learn-method/4/"
          },
          "order": null,
          "version_group": {
            "name": "sword-shield",
            "url": "https://pokeapi.co/api/v2/version-group/20/"
          }
        }
      ]
    },
    {
      "move": {
        "name": "rock-blast",
        "url": "https://pokeapi.co/api/v2/move/350/"
      },
      "version_group_details": [
        {
          "level_learned_at": 0,
          "move_learn_method": {
            "name": "machine",
            "url": "https://pokeapi.co/api/v2/move-learn-method/4/"
          },
          "order": null,
          "version_group": {
            "name": "sword-shield",
            "url": "https://pokeapi.co/api/v2/version-group/20/"
          }
        }
      ]
    },
    {
      "move": {
        "name": "water-pulse",
        "url": "https://pokeapi.co/api/v2/move/352/"
      },
      "version_group_details": [
        {
          "level_learned_at": 0,
          "move_learn_method": {
            "name": "egg",
            "url": "https://pokeapi.co/api/v2/move-learn-method/2/"
          },
          "order": null,
          "version_group": {
            "name": "sword-shield",
            "url": "https://pokeapi.co/api/v2/version-group/20/"
          }
        }
      ]
    },
    {
      "move": {
        "name": "brine",
        "url": "https://pokeapi.co/api/v2/move/362/"
      },
      "version_group_details": [
        {
          "level_learned_at": 0,
          "move_learn_method": {
            "name": "machine",
            "url": "https://pokeapi.co/api/v2/move-learn-method/4/"
          },
          "order": null,
          "version_group": {
            "name": "sword-shield",
            "url": "https://pokeapi.co/api/v2/version-group/20/"
          }
        }
      ]
    },
    {
      "move": {
        "name": "power-gem",
        "url": "https://pokeapi.co/api/v2/move/408/"
      },
      "version_group_details": [
        {
          "level_learned_at": 40,
          "move_learn_method": {
            "name": "level-up",
            "url": "https://pokeapi.co/api/v2/move-learn-method/1/"
          },
          "order": null,
          "version_group": {
            "name": "sword-shield",
            "url": "https://pokeapi.co/api/v2/version-group/20/"
          }
        },
        {
          "level_learned_at": 0,
          "move_learn_method": {
            "name": "machine",
            "url": "https://pokeapi.co/api/v2/move-learn-method/4/"
          },
          "order": null,
          "version_group": {
            "name": "sword-shield",
            "url": "https://pokeapi.co/api/v2/version-group/20/"
          }
        }
      ]
    },
    {
      "move": {
        "name": "earth-power",
        "url": "https://pokeapi.co/api/v2/move/414/"
      },
      "version_group_details": [
        {
          "level_learned_at": 0,
          "move_learn_method": {
            "name": "machine",
            "url": "https://pokeapi.co/api/v2/move-learn-method/4/"
          },
          "order": null,
          "version_group": {
            "name": "sword-shield",
            "url": "https://pokeapi.co/api/v2/version-group/20/"
          }
        }
      ]
    },
    {
      "move": {
        "name": "stone-edge",
        "url": "https://pokeapi.co/api/v2/move/444/"
      },
      "version_group_details": [
        {
          "level_learned_at": 0,
          "move_learn_method": {
            "name": "machine",
            "url": "https://pokeapi.co/api/v2/move-learn-method/4/"
          },
          "order": null,
          "version_group": {
            "name": "sword-shield",
            "url": "https://pokeapi.co/api/v2/version-group/20/"
          }
        }
      ]
    },
    {
      "move": {
        "name": "stealth-rock",
        "url": "https://pokeapi.co/api/v2/move/446/"
      },
      "version_group_details": [
        {
          "level_learned_at": 0,
          "move_learn_method": {
            "name": "machine",
            "url": "https://pokeapi.co/api/v2/move-learn-method/4/"
          },
          "order": null,
          "version_group": {
            "name": "sword-shield",
            "url": "https://pokeapi.co/api/v2/version-group/20/"
          }
        }
      ]
    },
    {
      "move": {
        "name": "head-smash",
        "url": "https://pokeapi.co/api/v2/move/457/"
      },
      "version_group_details": [
        {
          "level_learned_at": 0,
          "move_learn_method": {
            "name": "egg",
            "url": "https://pokeapi.co/api/v2/move-learn-method/2/"
          },
          "order": null,
          "version_group": {
            "name": "sword-shield",
            "url": "https://pokeapi.co/api/v2/version-group/20/"
          }
        }
      ]
    },
    {
      "move": {
        "name": "round",
        "url": "https://pokeapi.co/api/v2/move/496/"
      },
      "version_group_details": [
        {
          "level_learned_at": 0,
          "move_learn_method": {
            "name": "machine",
            "url": "https://pokeapi.co/api/v2/move-learn-method/4/"
          },
          "order": null,
          "version_group": {
            "name": "sword-shield",
            "url": "https://pokeapi.co/api/v2/version-group/20/"
          }
        }
      ]
    },
    {
      "move": {
        "name": "scald",
        "url": "https://pokeapi.co/api/v2/move/503/"
      },
      "version_group_details": [
        {
          "level_learned_at": 0,
          "move_learn_method": {
            "name": "machine",
            "url": "https://pokeapi.co/api/v2/move-learn-method/4/"
          },
          "order": null,
          "version_group": {
            "name": "sword-shield",
            "url": "https://pokeapi.co/api/v2/version-group/20/"
          }
        }
      ]
    },
    {
      "move": {
        "name": "hex",
        "url": "https://pokeapi.co/api/v2/move/506/"
      },
      "version_group_details": [
        {
          "level_learned_at": 25,
          "move_learn_method": {
            "name": "level-up",
            "url": "https://pokeapi.co/api/v2/move-learn-method/1/"
          },
          "order": null,
          "version_group": {
            "name": "sword-shield",
            "url": "https://pokeapi.co/api/v2/version-group/20/"
          }
        },
        {
          "level_learned_at": 0,
          "move_learn_method": {
            "name": "machine",
            "url": "https://pokeapi.co/api/v2/move-learn-method/4/"
          },
          "order": null,
          "version_group": {
            "name": "sword-shield",
            "url": "https://pokeapi.co/api/v2/version-group/20/"
          }
        }
      ]
    },
    {
      "move": {
        "name": "bulldoze",
        "url": "https://pokeapi.co/api/v2/move/523/"
      },
      "version_group_details": [
        {
          "level_learned_at": 0,
          "move_learn_method": {
            "name": "machine",
            "url": "https://pokeapi.co/api/v2/move-learn-method/4/"
          },
          "order": null,
          "version_group": {
            "name": "sword-shield",
            "url": "https://pokeapi.co/api/v2/version-group/20/"
          }
        }
      ]
    },
    {
      "move": {
        "name": "strength-sap",
        "url": "https://pokeapi.co/api/v2/move/668/"
      },
      "version_group_details": [
        {
          "level_learned_at": 35,
          "move_learn_method": {
            "name": "level-up",
            "url": "https://pokeapi.co/api/v2/move-learn-method/1/"
          },
          "order": null,
          "version_group": {
            "name": "sword-shield",
            "url": "https://pokeapi.co/api/v2/version-group/20/"
          }
        }
      ]
    },
    {
      "move": {
        "name": "throat-chop",
        "url": "https://pokeapi.co/api/v2/move/675/"
      },
      "version_group_details": [
        {
          "level_learned_at": 0,
          "move_learn_method": {
            "name": "machine",
            "url": "https://pokeapi.co/api/v2/move-learn-method/4/"
          },
          "order": null,
          "version_group": {
            "name": "sword-shield",
            "url": "https://pokeapi.co/api/v2/version-group/20/"
          }
        }
      ]
    },
    {
      "move": {
        "name": "stomping-tantrum",
        "url": "https://pokeapi.co/api/v2/move/707/"
      },
      "version_group_details": [
        {
          "level_learned_at": 0,
          "move_learn_method": {
            "name": "machine",
            "url": "https://pokeapi.co/api/v2/move-learn-method/4/"
          },
          "order": null,
          "version_group": {
            "name": "sword-shield",
            "url": "https://pokeapi.co/api/v2/version-group/20/"
          }
        }
      ]
    },
    {
      "move": {
        "name": "liquidation",
        "url": "https://pokeapi.co/api/v2/move/710/"
      },
      "version_group_details": [
        {
          "level_learned_at": 0,
          "move_learn_method": {
            "name": "machine",
            "url": "https://pokeapi.co/api/v2/move-learn-method/4/"
          },
          "order": null,
          "version_group": {
            "name": "sword-shield",
            "url": "https://pokeapi.co/api/v2/version-group/20/"
          }
        }
      ]
    },
    {
      "move": {
        "name": "meteor-beam",
        "url": "https://pokeapi.co/api/v2/move/800/"
      },
      "version_group_details": [
        {
          "level_learned_at": 0,
          "move_learn_method": {
            "name": "tutor",
            "url": "https://pokeapi.co/api/v2/move-learn-method/3/"
          },
          "order": null,
          "version_group": {
            "name": "sword-shield",
            "url": "https://pokeapi.co/api/v2/version-group/20/"
          }
        }
      ]
    }
  ],
  "name": "corsola-galar",
  "order": 322,
  "past_abilities": [],
  "past_types": [],
  "species": {
    "name": "corsola",
    "url": "https://pokeapi.co/api/v2/pokemon-species/222/"
  },
  "sprites": {
    "back_default": "https://raw.githubusercontent.com/PokeAPI/sprites/master/sprites/pokemon/back/10173.png",
    "back_female": null,
    "back_shiny": "https://raw.githubusercontent.com/PokeAPI/sprites/master/sprites/pokemon/back/shiny/10173.png",
    "back_shiny_female": null,
    "front_default": "https://raw.githubusercontent.com/PokeAPI/sprites/master/sprites/pokemon/10173.png",
    "front_female": null,
    "front_shiny": "https://raw.githubusercontent.com/PokeAPI/sprites/master/sprites/pokemon/shiny/10173.png",
    "front_shiny_female": null,
    "other": {
      "dream_world": {
        "front_default": null,
        "front_female": null
      },
      "home": {
        "front_default": "https://raw.githubusercontent.com/PokeAPI/sprites/master/sprites/pokemon/other/home/10173.png",
        "front_female": null,
        "front_shiny": "https://raw.githubusercontent.com/PokeAPI/sprites/master/sprites/pokemon/other/home/shiny/10173.png",
        "front_shiny_female": null
      },
      "official-artwork": {
        "front_default": "https://raw.githubusercontent.com/PokeAPI/sprites/master/sprites/pokemon/other/official-artwork/10173.png",
        "front_shiny": "https://raw.githubusercontent.com/PokeAPI/sprites/master/sprites/pokemon/other/official-artwork/shiny/10173.png"
      },
      "showdown": {
        "back_default": "https://raw.githubusercontent.com/PokeAPI/sprites/master/sprites/pokemon/other/showdown/back/10173.gif",
        "back_female": null,
        "back_shiny": "https://raw.githubusercontent.com/PokeAPI/sprites/master/sprites/pokemon/other/showdown/back/shiny/10173.gif",
        "back_shiny_female": null,
        "front_default": "https://raw.githubusercontent.com/PokeAPI/sprites/master/sprites/pokemon/other/showdown/10173.gif",
        "front_female": null,
        "front_shiny": "https://raw.githubusercontent.com/PokeAPI/sprites/master/sprites/pokemon/other/showdown/shiny/10173.gif",
        "front_shiny_female": null
      }
    },
    "versions": {
      "generation-i": {
        "red-blue": {
          "back_default": null,
          "back_gray": null,
          "back_transparent": null,
          "front_default": null,
          "front_gray": null,
          "front_transparent": null
        },
        "yellow": {
          "back_default": null,
          "back_gray": null,
          "back_transparent": null,
          "front_default": null,
          "front_gray": null,
          "front_transparent": null
        }
      },
      "generation-ii": {
        "crystal": {
          "back_default": null,
          "back_shiny": null,
          "back_shiny_transparent": null,
          "back_transparent": null,
          "front_default": null,
          "front_shiny": null,
          "front_shiny_transparent": null,
          "front_transparent": null
        },
        "gold": {
          "back_default": null,
          "back_shiny": null,
          "front_default": null,
          "front_shiny": null,
          "front_transparent": null
        },
        "silver": {
          "back_default": null,
          "back_shiny": null,
          "front_default": null,
          "front_shiny": null,
          "front_transparent": null
        }
      },
      "generation-iii": {
        "emerald": {
          "front_default": null,
          "front_shiny": null
        },
        "firered-leafgreen": {
          "back_default": null,
          "back_shiny": null,
          "front_default": null,
          "front_shiny": null
        },
        "ruby-sapphire": {
          "back_default": null,
          "back_shiny": null,
          "front_default": null,
          "front_shiny": null
        }
      },
      "generation-iv": {
        "diamond-pearl": {
          "back_default": null,
          "back_female": null,
          "back_shiny": null,
          "back_shiny_female": null,
          "front_default": null,
          "front_female": null,
          "front_shiny": null,
          "front_shiny_female": null
        },
        "heartgold-soulsilver": {
          "back_default": null,
          "back_female": null,
          "back_shiny": null,
          "back_shiny_female": null,
          "front_default": null,
          "front_female": null,
          "front_shiny": null,
          "front_shiny_female": null
        },
        "platinum": {
          "back_default": null,
          "back_female": null,
          "back_shiny": null,
          "back_shiny_female": null,
          "front_default": null,
          "front_female": null,
          "front_shiny": null,
          "front_shiny_female": null
        }
      },
      "generation-ix": {
        "scarlet-violet": {
          "front_default": null,
          "front_female": null
        }
      },
      "generation-v": {
        "black-white": {
          "animated": {
            "back_default": null,
            "back_female": null,
            "back_shiny": null,
            "back_shiny_female": null,
            "front_default": null,
            "front_female": null,
            "front_shiny": null,
            "front_shiny_female": null
          },
          "back_default": "https://raw.githubusercontent.com/PokeAPI/sprites/master/sprites/pokemon/versions/generation-v/black-white/back/10173.png",
          "back_female": null,
          "back_shiny": "https://raw.githubusercontent.com/PokeAPI/sprites/master/sprites/pokemon/versions/generation-v/black-white/back/shiny/10173.png",
          "back_shiny_female": null,
          "front_default": "https://raw.githubusercontent.com/PokeAPI/sprites/master/sprites/pokemon/versions/generation-v/black-white/10173.png",
          "front_female": null,
          "front_shiny": "https://raw.githubusercontent.com/PokeAPI/sprites/master/sprites/pokemon/versions/generation-v/black-white/shiny/10173.png",
          "front_shiny_female": null
        }
      },
      "generation-vi": {
        "omegaruby-alphasapphire": {
          "front_default": null,
          "front_female": null,
          "front_shiny": null,
          "front_shiny_female": null
        },
        "x-y": {
          "front_default": null,
          "front_female": null,
          "front_shiny": null,
          "front_shiny_female": null
        }
      },
      "generation-vii": {
        "icons": {
          "front_default": null,
          "front_female": null
        },
        "ultra-sun-ultra-moon": {
          "front_default": null,
          "front_female": null,
          "front_shiny": null,
          "front_shiny_female": null
        }
      },
      "generation-viii": {
        "brilliant-diamond-shining-pearl": {
          "front_default": null,
          "front_female": null
        },
        "icons": {
          "front_default": "https://raw.githubusercontent.com/PokeAPI/sprites/master/sprites/pokemon/versions/generation-viii/icons/222-galar.png",
          "front_female": null
        }
      }
    }
  },
  "stats": [
    {
      "base_stat": 60,
      "effort": 0,
      "stat": {
        "name": "hp",
        "url": "https://pokeapi.co/api/v2/stat/1/"
      }
    },
    {
      "base_stat": 55,
      "effort": 0,
      "stat": {
        "name": "attack",
        "url": "https://pokeapi.co/api/v2/stat/2/"
      }
    },
    {
      "base_stat": 100,
      "effort": 0,
      "stat": {
        "name": "defense",
        "url": "https://pokeapi.co/api/v2/stat/3/"
      }
    },
    {
      "base_stat": 65,
      "effort": 0,
      "stat": {
        "name": "special-attack",
        "url": "https://pokeapi.co/api/v2/stat/4/"
      }
    },
    {
      "base_stat": 100,
      "effort": 1,
      "stat": {
        "name": "special-defense",
        "url": "https://pokeapi.co/api/v2/stat/5/"
      }
    },
    {
      "base_stat": 30,
      "effort": 0,
      "stat": {
        "name": "speed",
        "url": "https://pokeapi.co/api/v2/stat/6/"
      }
    }
  ],
  "types": [
    {
      "slot": 1,
      "type": {
        "name": "ghost",
        "url": "https://pokeapi.co/api/v2/type/8/"
      }
    }
  ],
  "weight": 5
}