{
  "base_happiness": 70,
  "capture_rate": 200,
  "color": {
    "name": "yellow",
    "url": "https://pokeapi.co/api/v2/pokemon-color/10/"
  },
  "egg_groups": [
    {
      "name": "fairy",
      "url": "https://pokeapi.co/api/v2/egg-group/6/"
    }
  ],
  "evolution_chain": {
    "url": "https://pokeapi.co/api/v2/evolution-chain/155/"
  },
  "evolves_from_species": null,
  "flavor_text_entries": [
    {
      "flavor_text": "MINUN is more concerned about cheering\non its partners than its own safety.\nIt shorts out the electricity in its\fbody to create brilliant showers of\nsparks to cheer on its teammates.",
      "language": {
        "name": "en",
        "url": "https://pokeapi.co/api/v2/language/9/"
      },
      "version": {
        "name": "ruby",
        "url": "https://pokeapi.co/api/v2/version/7/"
      }
    },
    {
      "flavor_text": "MINUN loves to cheer on its partner in\nbattle. It gives off sparks from its\nbody while it is doing so.\fIf its partner is in trouble, this\nPOK\u00e9MON gives off increasing amounts\nof sparks.",
      "language": {
        "name": "en",
        "url": "https://pokeapi.co/api/v2/language/9/"
      },
      "version": {
        "name": "sapphire",
        "url": "https://pokeapi.co/api/v2/version/8/"
      }
    },
    {
      "flavor_text": "At a meeting of POK\u00e9MON academics, it was\nannounced that simultaneous exposure to\nelectricity from a PLUSLE and MINUN will\npromote circulation and boost vitality.",
      "language": {
        "name": "en",
        "url": "https://pokeapi.co/api/v2/language/9/"
      },
      "version": {
        "name": "emerald",
        "url": "https://pokeapi.co/api/v2/version/9/"
      }
    },
    {
      "flavor_text": "Its dislike of water makes it take shelter\nunder the eaves of houses in rain. It uses\npom-poms made of sparks for cheering.",
      "language": {
        "name": "en",
        "url": "https://pokeapi.co/api/v2/language/9/"
      },
      "version": {
        "name": "firered",
        "url": "https://pokeapi.co/api/v2/version/10/"
      }
    },
    {
      "flavor_text": "Its dislike of water makes it take shelter\nunder the eaves of houses in rain. It uses\npom-poms made of sparks for cheering.",
      "language": {
        "name": "en",
        "url": "https://pokeapi.co/api/v2/language/9/"
      },
      "version": {
        "name": "leafgreen",
        "url": "https://pokeapi.co/api/v2/version/11/"
      }
    },
    {
      "flavor_text": "It cheers on friends. If its\nfriends are losing, its body lets\noff more and more sparks.",
      "language": {
        "name": "en",
        "url": "https://pokeapi.co/api/v2/language/9/"
      },
      "version": {
        "name": "diamond",
        "url": "https://pokeapi.co/api/v2/version/12/"
      }
    },
    {
      "flavor_text": "It cheers on friends. If its\nfriends are losing, its body lets\noff more and more sparks.",
      "language": {
        "name": "en",
        "url": "https://pokeapi.co/api/v2/language/9/"
      },
      "version": {
        "name": "pearl",
        "url": "https://pokeapi.co/api/v2/version/13/"
      }
    },
    {
      "flavor_text": "It cheers on friends. If its\nfriends are losing, its body lets\noff more and more sparks.",
      "language": {
        "name": "en",
        "url": "https://pokeapi.co/api/v2/language/9/"
      },
      "version": {
        "name": "platinum",
        "url": "https://pokeapi.co/api/v2/version/14/"
      }
    },
    {
      "flavor_text": "Exposure to electricity from MINUN\nand PLUSLE promotes blood\ncirculation and relaxes muscles.",
      "language": {
        "name": "en",
        "url": "https://pokeapi.co/api/v2/language/9/"
      },
      "version": {
        "name": "heartgold",
        "url": "https://pokeapi.co/api/v2/version/15/"
      }
    },
    {
      "flavor_text": "Exposure to electricity from MINUN\nand PLUSLE promotes blood\ncirculation and relaxes muscles.",
      "language": {
        "name": "en",
        "url": "https://pokeapi.co/api/v2/language/9/"
      },
      "version": {
        "name": "soulsilver",
        "url": "https://pokeapi.co/api/v2/version/16/"
      }
    },
    {
      "flavor_text": "Il encourage ses amis. Son corps\nproduit plus d\u2019\u00e9tincelles quand il\nest en mauvaise posture.",
      "language": {
        "name": "fr",
        "url": "https://pokeapi.co/api/v2/language/5/"
      },
      "version": {
        "name": "black",
        "url": "https://pokeapi.co/api/v2/version/17/"
      }
    },
    {
      "flavor_text": "It cheers on friends. If its\nfriends are losing, its body lets\noff more and more sparks.",
      "language": {
        "name": "en",
        "url": "https://pokeapi.co/api/v2/language/9/"
      },
      "version": {
        "name": "black",
        "url": "https://pokeapi.co/api/v2/version/17/"
      }
    },
    {
      "flavor_text": "Il encourage ses amis. Son corps\nproduit plus d\u2019\u00e9tincelles quand il\nest en mauvaise posture.",
      "language": {
        "name": "fr",
        "url": "https://pokeapi.co/api/v2/language/5/"
      },
      "version": {
        "name": "white",
        "url": "https://pokeapi.co/api/v2/version/18/"
      }
    },
    {
      "flavor_text": "It cheers on friends. If its\nfriends are losing, its body lets\noff more and more sparks.",
      "language": {
        "name": "en",
        "url": "https://pokeapi.co/api/v2/language/9/"
      },
      "version": {
        "name": "white",
        "url": "https://pokeapi.co/api/v2/version/18/"
      }
    },
    {
      "flavor_text": "It cheers on friends. If its\nfriends are losing, its body lets\noff more and more sparks.",
      "language": {
        "name": "en",
        "url": "https://pokeapi.co/api/v2/language/9/"
      },
      "version": {
        "name": "black-2",
        "url": "https://pokeapi.co/api/v2/version/21/"
      }
    },
    {
      "flavor_text": "It cheers on friends. If its\nfriends are losing, its body lets\noff more and more sparks.",
      "language": {
        "name": "en",
        "url": "https://pokeapi.co/api/v2/language/9/"
      },
      "version": {
        "name": "white-2",
        "url": "https://pokeapi.co/api/v2/version/22/"
      }
    },
    {
      "flavor_text": "\u30de\u30a4\u30ca\u30f3\u3068\u3000\u30d7\u30e9\u30b9\u30eb\u306e\u3000\u3067\u3093\u304d\u306f\n\u3051\u3064\u3048\u304d\u306e\u3000\u306a\u304c\u308c\u3092\u3000\u3088\u304f\u3057\u3066\n\u3053\u308a\u3092\u3000\u307b\u3050\u3059\u3000\u3053\u3046\u304b\u304c\u3000\u3042\u308b\u3002",
      "language": {
        "name": "ja-Hrkt",
        "url": "https://pokeapi.co/api/v2/language/1/"
      },
      "version": {
        "name": "x",
        "url": "https://pokeapi.co/api/v2/version/23/"
      }
    },
    {
      "flavor_text": "\ub9c8\uc774\ub18d\uacfc \ud50c\ub7ec\uc2dc\uc758 \uc804\uae30\ub294\n\ud608\uc561\uc758 \ud750\ub984\uc744 \uc88b\uac8c \ud558\uc5ec\n\uadfc\uc721 \uacb0\ub9bc\uc744 \ud478\ub294 \ud6a8\uacfc\uac00 \uc788\ub2e4.",
      "language": {
        "name": "ko",
        "url": "https://pokeapi.co/api/v2/language/3/"
      },
      "version": {
        "name": "x",
        "url": "https://pokeapi.co/api/v2/version/23/"
      }
    },
    {
      "flavor_text": "L\u2019\u00e9lectricit\u00e9 de Posipi et N\u00e9gapi favorise la circulation\nsanguine et gu\u00e9rit les courbatures.",
      "language": {
        "name": "fr",
        "url": "https://pokeapi.co/api/v2/language/5/"
      },
      "version": {
        "name": "x",
        "url": "https://pokeapi.co/api/v2/version/23/"
      }
    },
    {
      "flavor_text": "Mit elektrischen Schl\u00e4gen regen Plusle und Minun\nden Blutkreislauf an und l\u00f6sen so Verspannungen.",
      "language": {
        "name": "de",
        "url": "https://pokeapi.co/api/v2/language/6/"
      },
      "version": {
        "name": "x",
        "url": "https://pokeapi.co/api/v2/version/23/"
      }
    },
    {
      "flavor_text": "La electricidad de Minun y Plusle es buena para la\ncirculaci\u00f3n y para desentumecer m\u00fasculos.",
      "language": {
        "name": "es",
        "url": "https://pokeapi.co/api/v2/language/7/"
      },
      "version": {
        "name": "x",
        "url": "https://pokeapi.co/api/v2/version/23/"
      }
    },
    {
      "flavor_text": "L\u2019elettricit\u00e0 tra un Plusle e un Minun favorisce la\ncircolazione sanguigna e scioglie le tensioni.",
      "language": {
        "name": "it",
        "url": "https://pokeapi.co/api/v2/language/8/"
      },
      "version": {
        "name": "x",
        "url": "https://pokeapi.co/api/v2/version/23/"
      }
    },
    {
      "flavor_text": "Exposure to electricity from Minun and Plusle\npromotes blood circulation and relaxes muscles.",
      "language": {
        "name": "en",
        "url": "https://pokeapi.co/api/v2/language/9/"
      },
      "version": {
        "name": "x",
        "url": "https://pokeapi.co/api/v2/version/23/"
      }
    },
    {
      "flavor_text": "\u30de\u30a4\u30ca\u30f3\u3068\u3000\u30d7\u30e9\u30b9\u30eb\u306e\u3000\u96fb\u6c17\u306f\n\u8840\u6db2\u306e\u3000\u6d41\u308c\u3092\u3000\u826f\u304f\u3057\u3066\n\u3053\u308a\u3092\u3000\u307b\u3050\u3059\u3000\u52b9\u679c\u304c\u3000\u3042\u308b\u3002",
      "language": {
        "name": "ja",
        "url": "https://pokeapi.co/api/v2/language/11/"
      },
      "version": {
        "name": "x",
        "url": "https://pokeapi.co/api/v2/version/23/"
      }
    },
    {
      "flavor_text": "\u306a\u304b\u307e\u3092\u3000\u304a\u3046\u3048\u3093\u3059\u308b\u3000\u3057\u3085\u3046\u305b\u3044\u3002\n\u307e\u3051\u305d\u3046\u306b\u306a\u308b\u3068\u3000\u304b\u3089\u3060\u304b\u3089\u3000\u3060\u3059\n\u3072\u3070\u306a\u306e\u3000\u304b\u305a\u304c\u3000\u3069\u3093\u3069\u3093\u3000\u3075\u3048\u308b\u3002",
      "language": {
        "name": "ja-Hrkt",
        "url": "https://pokeapi.co/api/v2/language/1/"
      },
      "version": {
        "name": "y",
        "url": "https://pokeapi.co/api/v2/version/24/"
      }
    },
    {
      "flavor_text": "\ub3d9\ub8cc\ub97c \uc751\uc6d0\ud558\ub294 \uc2b5\uc131\uc774 \uc788\ub2e4.\n\uc9c8 \uac83 \uac19\uc544\uc9c0\uba74 \ubab8\uc5d0\uc11c \ub0b4\ub294\n\uc2a4\ud30c\ud06c\uc758 \uc218\uac00 \uc810\uc810 \ub298\uc5b4\ub09c\ub2e4.",
      "language": {
        "name": "ko",
        "url": "https://pokeapi.co/api/v2/language/3/"
      },
      "version": {
        "name": "y",
        "url": "https://pokeapi.co/api/v2/version/24/"
      }
    },
    {
      "flavor_text": "Il encourage ses amis. Son corps produit plus\nd\u2019\u00e9tincelles quand il est en mauvaise posture.",
      "language": {
        "name": "fr",
        "url": "https://pokeapi.co/api/v2/language/5/"
      },
      "version": {
        "name": "y",
        "url": "https://pokeapi.co/api/v2/version/24/"
      }
    },
    {
      "flavor_text": "Es feuert Freunde an. Sind diese im Begriff zu\nverlieren, gibt sein K\u00f6rper immer mehr Funken ab.",
      "language": {
        "name": "de",
        "url": "https://pokeapi.co/api/v2/language/6/"
      },
      "version": {
        "name": "y",
        "url": "https://pokeapi.co/api/v2/version/24/"
      }
    },
    {
      "flavor_text": "Le gusta animar a sus amigos. Si pierden, su cuerpo\nsuelta cada vez m\u00e1s chispas.",
      "language": {
        "name": "es",
        "url": "https://pokeapi.co/api/v2/language/7/"
      },
      "version": {
        "name": "y",
        "url": "https://pokeapi.co/api/v2/version/24/"
      }
    },
    {
      "flavor_text": "Incoraggia gli amici e, se questi perdono, il suo\ncorpo emette una maggiore quantit\u00e0 di scintille.",
      "language": {
        "name": "it",
        "url": "https://pokeapi.co/api/v2/language/8/"
      },
      "version": {
        "name": "y",
        "url": "https://pokeapi.co/api/v2/version/24/"
      }
    },
    {
      "flavor_text": "It cheers on friends. If its friends are losing,\nits body lets off more and more sparks.",
      "language": {
        "name": "en",
        "url": "https://pokeapi.co/api/v2/language/9/"
      },
      "version": {
        "name": "y",
        "url": "https://pokeapi.co/api/v2/version/24/"
      }
    },
    {
      "flavor_text": "\u4ef2\u9593\u3092\u3000\u5fdc\u63f4\u3059\u308b\u3000\u7fd2\u6027\u3002\n\u8ca0\u3051\u305d\u3046\u306b\u306a\u308b\u3068\u3000\u4f53\u304b\u3089\u3000\u51fa\u3059\n\u706b\u82b1\u306e\u3000\u6570\u304c\u3000\u3069\u3093\u3069\u3093\u3000\u5897\u3048\u308b\u3002",
      "language": {
        "name": "ja",
        "url": "https://pokeapi.co/api/v2/language/11/"
      },
      "version": {
        "name": "y",
        "url": "https://pokeapi.co/api/v2/version/24/"
      }
    },
    {
      "flavor_text": "\u3058\u3076\u3093\u3088\u308a\u3082\u3000\u306a\u304b\u307e\u306e\u3000\u304a\u3046\u3048\u3093\u304c\u3000\u3060\u3044\u3058\u3002\n\u304b\u3089\u3060\u304b\u3089\u3000\u306f\u3063\u3059\u308b\u3000\u3067\u3093\u304d\u3092\u3000\u30b7\u30e7\u30fc\u30c8\u3055\u305b\u3066\n\u306f\u3067\u306b\u3000\u3072\u3070\u306a\u3092\u3000\u3060\u3057\u306a\u304c\u3089\u3000\u304a\u3046\u3048\u3093\u3059\u308b\u305e\u3002",
      "language": {
        "name": "ja-Hrkt",
        "url": "https://pokeapi.co/api/v2/language/1/"
      },
      "version": {
        "name": "omega-ruby",
        "url": "https://pokeapi.co/api/v2/version/25/"
      }
    },
    {
      "flavor_text": "\uc790\uc2e0\ubcf4\ub2e4 \ub3d9\ub8cc\ub97c \uc751\uc6d0\ud558\ub294 \uac83\uc774 \uc911\uc694\ud558\ub2e4.\n\ubab8\uc5d0\uc11c \ub098\uc624\ub294 \uc804\uae30\ub97c \ud569\uc120\uc2dc\ucf1c\n\ud654\ub824\ud55c \ubd88\uaf43\uc744 \ub0b4\uba70 \uc751\uc6d0\ud55c\ub2e4.",
      "language": {
        "name": "ko",
        "url": "https://pokeapi.co/api/v2/language/3/"
      },
      "version": {
        "name": "omega-ruby",
        "url": "https://pokeapi.co/api/v2/version/25/"
      }
    },
    {
      "flavor_text": "N\u00e9gapi n\u2019h\u00e9site pas \u00e0 se mettre en danger pour soutenir\nses partenaires. Il court-circuite son corps pour faire jaillir\ndes gerbes d\u2019\u00e9tincelles et donner du c\u0153ur \u00e0 l\u2019ouvrage\n\u00e0 ses \u00e9quipiers.",
      "language": {
        "name": "fr",
        "url": "https://pokeapi.co/api/v2/language/5/"
      },
      "version": {
        "name": "omega-ruby",
        "url": "https://pokeapi.co/api/v2/version/25/"
      }
    },
    {
      "flavor_text": "Minun k\u00fcmmert sich mehr um das Anfeuern seiner Partner\nals um seine eigene Sicherheit. Es nutzt die Elektrizit\u00e4t in\nseinem K\u00f6rper dazu, einen Funkenregen zu erzeugen und\nseine Teamkameraden anzufeuern.",
      "language": {
        "name": "de",
        "url": "https://pokeapi.co/api/v2/language/6/"
      },
      "version": {
        "name": "omega-ruby",
        "url": "https://pokeapi.co/api/v2/version/25/"
      }
    },
    {
      "flavor_text": "Minun se preocupa m\u00e1s por alentar a sus compa\u00f1eros de\nequipo que por su propia seguridad. Para animar a los\nmiembros de su grupo, crea un cortocircuito en su interior\ny libera un chisporroteo espectacular.",
      "language": {
        "name": "es",
        "url": "https://pokeapi.co/api/v2/language/7/"
      },
      "version": {
        "name": "omega-ruby",
        "url": "https://pokeapi.co/api/v2/version/25/"
      }
    },
    {
      "flavor_text": "Minun si impegna a tenere alto il morale dei suoi compagni\ndi squadra, anche a rischio della sua stessa sicurezza.\nCrea vivaci cortocircuiti con l\u2019elettricit\u00e0 del suo corpo per\nrallegrare tutta la squadra.",
      "language": {
        "name": "it",
        "url": "https://pokeapi.co/api/v2/language/8/"
      },
      "version": {
        "name": "omega-ruby",
        "url": "https://pokeapi.co/api/v2/version/25/"
      }
    },
    {
      "flavor_text": "Minun is more concerned about cheering on its partners than\nits own safety. It shorts out the electricity in its body to create\nbrilliant showers of sparks to cheer on its teammates.",
      "language": {
        "name": "en",
        "url": "https://pokeapi.co/api/v2/language/9/"
      },
      "version": {
        "name": "omega-ruby",
        "url": "https://pokeapi.co/api/v2/version/25/"
      }
    },
    {
      "flavor_text": "\u81ea\u5206\u3088\u308a\u3082\u3000\u4ef2\u9593\u306e\u3000\u5fdc\u63f4\u304c\u3000\u5927\u4e8b\u3002\n\u4f53\u304b\u3089\u3000\u767a\u3059\u308b\u3000\u96fb\u6c17\u3092\u3000\u30b7\u30e7\u30fc\u30c8\u3055\u305b\u3066\n\u6d3e\u624b\u306b\u3000\u706b\u82b1\u3092\u3000\u51fa\u3057\u306a\u304c\u3089\u3000\u5fdc\u63f4\u3059\u308b\u305e\u3002",
      "language": {
        "name": "ja",
        "url": "https://pokeapi.co/api/v2/language/11/"
      },
      "version": {
        "name": "omega-ruby",
        "url": "https://pokeapi.co/api/v2/version/25/"
      }
    },
    {
      "flavor_text": "\u306a\u304b\u307e\u306e\u3000\u304a\u3046\u3048\u3093\u304c\u3000\u3060\u3044\u3059\u304d\u306a\u3000\u30dd\u30b1\u30e2\u30f3\u3002\n\u306a\u304b\u307e\u304c\u3000\u307e\u3051\u305d\u3046\u306b\u3000\u306a\u308b\u3068\u3000\u304b\u3089\u3060\u304b\u3089\u3000\u3067\u308b\n\u3072\u3070\u306a\u306e\u3000\u304b\u305a\u304c\u3000\u3069\u3093\u3069\u3093\u3000\u3075\u3048\u3066\u3044\u304f\u3088\u3002",
      "language": {
        "name": "ja-Hrkt",
        "url": "https://pokeapi.co/api/v2/language/1/"
      },
      "version": {
        "name": "alpha-sapphire",
        "url": "https://pokeapi.co/api/v2/version/26/"
      }
    },
    {
      "flavor_text": "\ub3d9\ub8cc\ub97c \uc751\uc6d0\ud558\ub294 \uac83\uc744 \ub9e4\uc6b0 \uc88b\uc544\ud558\ub294 \ud3ec\ucf13\ubaac\uc774\ub2e4.\n\ub3d9\ub8cc\uac00 \uc9c8 \uac83 \uac19\uc73c\uba74 \ubab8\uc5d0\uc11c \ub098\uc624\ub294\n\ubd88\uaf43\uc758 \uc218\uac00 \uc810\uc810 \ub298\uc5b4\ub09c\ub2e4.",
      "language": {
        "name": "ko",
        "url": "https://pokeapi.co/api/v2/language/3/"
      },
      "version": {
        "name": "alpha-sapphire",
        "url": "https://pokeapi.co/api/v2/version/26/"
      }
    },
    {
      "flavor_text": "N\u00e9gapi adore encourager son partenaire pendant les combats.\nDes \u00e9tincelles jaillissent alors de son corps. Lorsque son\npartenaire est en difficult\u00e9, le corps de ce Pok\u00e9mon lib\u00e8re\nencore plus d\u2019\u00e9tincelles.",
      "language": {
        "name": "fr",
        "url": "https://pokeapi.co/api/v2/language/5/"
      },
      "version": {
        "name": "alpha-sapphire",
        "url": "https://pokeapi.co/api/v2/version/26/"
      }
    },
    {
      "flavor_text": "Minun liebt es, seinen Partner im Kampf anzufeuern. Dabei\nspr\u00fcht es Funken aus seinem K\u00f6rper. Wenn sein Partner in\nSchwierigkeiten ger\u00e4t, spr\u00fcht es immer mehr Funken.",
      "language": {
        "name": "de",
        "url": "https://pokeapi.co/api/v2/language/6/"
      },
      "version": {
        "name": "alpha-sapphire",
        "url": "https://pokeapi.co/api/v2/version/26/"
      }
    },
    {
      "flavor_text": "Minun empieza a echar chispas cuando est\u00e1 animando a su\ncompa\u00f1ero en pleno combate. Si su compa\u00f1ero est\u00e1 en\npeligro, el chisporroteo aumenta su intensidad por momentos.",
      "language": {
        "name": "es",
        "url": "https://pokeapi.co/api/v2/language/7/"
      },
      "version": {
        "name": "alpha-sapphire",
        "url": "https://pokeapi.co/api/v2/version/26/"
      }
    },
    {
      "flavor_text": "Minun ama tenere alto il morale della squadra nella lotta,\nemanando scintille da tutto il corpo. Se la sua squadra\n\u00e8 in difficolt\u00e0, emette una maggiore quantit\u00e0 di scintille.",
      "language": {
        "name": "it",
        "url": "https://pokeapi.co/api/v2/language/8/"
      },
      "version": {
        "name": "alpha-sapphire",
        "url": "https://pokeapi.co/api/v2/version/26/"
      }
    },
    {
      "flavor_text": "Minun loves to cheer on its partner in battle. It gives off sparks\nfrom its body while it is doing so. If its partner is in trouble,\nthis Pok\u00e9mon gives off increasing amounts of sparks.",
      "language": {
        "name": "en",
        "url": "https://pokeapi.co/api/v2/language/9/"
      },
      "version": {
        "name": "alpha-sapphire",
        "url": "https://pokeapi.co/api/v2/version/26/"
      }
    },
    {
      "flavor_text": "\u4ef2\u9593\u306e\u3000\u5fdc\u63f4\u304c\u3000\u5927\u597d\u304d\u306a\u3000\u30dd\u30b1\u30e2\u30f3\u3002\n\u4ef2\u9593\u304c\u3000\u8ca0\u3051\u305d\u3046\u306b\u3000\u306a\u308b\u3068\u3000\u4f53\u304b\u3089\u3000\u51fa\u308b\n\u706b\u82b1\u306e\u3000\u6570\u304c\u3000\u3069\u3093\u3069\u3093\u3000\u5897\u3048\u3066\u3044\u304f\u3088\u3002",
      "language": {
        "name": "ja",
        "url": "https://pokeapi.co/api/v2/language/11/"
      },
      "version": {
        "name": "alpha-sapphire",
        "url": "https://pokeapi.co/api/v2/version/26/"
      }
    }
  ],
  "form_descriptions": [],
  "forms_switchable": false,
  "gender_rate": 4,
  "genera": [
    {
      "genus": "\u304a\u3046\u3048\u3093\u30dd\u30b1\u30e2\u30f3",
      "language": {
        "name": "ja-Hrkt",
        "url": "https://pokeapi.co/api/v2/language/1/"
      }
    },
    {
      "genus": "\uc751\uc6d0\ud3ec\ucf13\ubaac",
      "language": {
        "name": "ko",
        "url": "https://pokeapi.co/api/v2/language/3/"
      }
    },
    {
      "genus": "\u52a0\u6cb9\u5bf6\u53ef\u5922",
      "language": {
        "name": "zh-Hant",
        "url": "https://pokeapi.co/api/v2/language/4/"
      }
    },
    {
      "genus": "Pok\u00e9mon Acclameur",
      "language": {
        "name": "fr",
        "url": "https://pokeapi.co/api/v2/language/5/"
      }
    },
    {
      "genus": "Jubel",
      "language": {
        "name": "de",
        "url": "https://pokeapi.co/api/v2/language/6/"
      }
    },
    {
      "genus": "Pok\u00e9mon \u00c1nimo",
      "language": {
        "name": "es",
        "url": "https://pokeapi.co/api/v2/language/7/"
      }
    },
    {
      "genus": "Pok\u00e9mon Incitamento",
      "language": {
        "name": "it",
        "url": "https://pokeapi.co/api/v2/language/8/"
      }
    },
    {
      "genus": "Cheering Pok\u00e9mon",
      "language": {
        "name": "en",
        "url": "https://pokeapi.co/api/v2/language/9/"
      }
    },
    {
      "genus": "\u304a\u3046\u3048\u3093\u30dd\u30b1\u30e2\u30f3",
      "language": {
        "name": "ja",
        "url": "https://pokeapi.co/api/v2/language/11/"
      }
    },
    {
      "genus": "\u52a0\u6cb9\u5b9d\u53ef\u68a6",
      "language": {
        "name": "zh-Hans",
        "url": "https://pokeapi.co/api/v2/language/12/"
      }
    }
  ],
  "generation": {
    "name": "generation-iii",
    "url": "https://pokeapi.co/api/v2/generation/3/"
  },
  "growth_rate": {
    "name": "medium",
    "url": "https://pokeapi.co/api/v2/growth-rate/2/"
  },
  "habitat": {
    "name": "grassland",
    "url": "https://pokeapi.co/api/v2/pokemon-habitat/3/"
  },
  "has_gender_differences": false,
  "hatch_counter": 20,
  "id": 312,
  "is_baby": false,
  "is_legendary": false,
  "is_mythical": false,
  "name": "minun",
  "names": [
    {
      "language": {
        "name": "ja-Hrkt",
        "url": "https://pokeapi.co/api/v2/language/1/"
      },
      "name": "\u30de\u30a4\u30ca\u30f3"
    },
    {
      "language": {
        "name": "roomaji",
        "url": "https://pokeapi.co/api/v2/language/2/"
      },
      "name": "Minun"
    },
    {
      "language": {
        "name": "ko",
        "url": "https://pokeapi.co/api/v2/language/3/"
      },
      "name": "\ub9c8\uc774\ub18d"
    },
    {
      "language": {
        "name": "zh-Hant",
        "url": "https://pokeapi.co/api/v2/language/4/"
      },
      "name": "\u8ca0\u96fb\u62cd\u62cd"
    },
    {
      "language": {
        "name": "fr",
        "url": "https://pokeapi.co/api/v2/language/5/"
      },
      "name": "N\u00e9gapi"
    },
    {
      "language": {
        "name": "de",
        "url": "https://pokeapi.co/api/v2/language/6/"
      },
      "name": "Minun"
    },
    {
      "language": {
        "name": "es",
        "url": "https://pokeapi.co/api/v2/language/7/"
      },
      "name": "Minun"
    },
    {
      "language": {
        "name": "it",
        "url": "https://pokeapi.co/api/v2/language/8/"
      },
      "name": "Minun"
    },
    {
      "language": {
        "name": "en",
        "url": "https://pokeapi.co/api/v2/language/9/"
      },
      "name": "Minun"
    },
    {
      "language": {
        "name": "ja",
        "url": "https://pokeapi.co/api/v2/language/11/"
      },
      "name": "\u30de\u30a4\u30ca\u30f3"
    },
    {
      "language": {
        "name": "zh-Hans",
        "url": "https://pokeapi.co/api/v2/language/12/"
      },
      "name": "\u8ca0\u7535\u62cd\u62cd"
    }
  ],
  "order": 338,
  "pal_park_encounters": [
    {
      "area": {
        "name": "field",
        "url": "https://pokeapi.co/api/v2/pal-park-area/2/"
      },
      "base_score": 90,
      "rate": 3
    }
  ],
  "pokedex_numbers": [
    {
      "entry_number": 312,
      "pokedex": {
        "name": "national",
        "url": "https://pokeapi.co/api/v2/pokedex/1/"
      }
    },
    {
      "entry_number": 81,
      "pokedex": {
        "name": "hoenn",
        "url": "https://pokeapi.co/api/v2/pokedex/4/"
      }
    },
    {
      "entry_number": 97,
      "pokedex": {
        "name": "kalos-central",
        "url": "https://pokeapi.co/api/v2/pokedex/12/"
      }
    },
    {
      "entry_number": 83,
      "pokedex": {
        "name": "updated-hoenn",
        "url": "https://pokeapi.co/api/v2/pokedex/15/"
      }
    },
    {
      "entry_number": 120,
      "pokedex": {
        "name": "blueberry",
        "url": "https://pokeapi.co/api/v2/pokedex/33/"
      }
    }
  ],
  "shape": {
    "name": "upright",
    "url": "https://pokeapi.co/api/v2/pokemon-shape/6/"
  },
  "varieties": [
    {
      "is_default": true,
      "pokemon": {
        "name": "minun",
        "url": "https://pokeapi.co/api/v2/pokemon/312/"
      }
    }
  ]
}