{"id": 145, "name": "zapdos", "types": [{"slot": 1, "type": {"name": "electric", "url": "https://pokeapi.co/api/v2/type/13/"}}, {"slot": 2, "type": {"name": "flying", "url": "https://pokeapi.co/api/v2/type/3/"}}], "stats": [{"base_stat": 90, "effort": 0, "stat": {"name": "hp", "url": "https://pokeapi.co/api/v2/stat/1/"}}, {"base_stat": 90, "effort": 0, "stat": {"name": "attack", "url": "https://pokeapi.co/api/v2/stat/2/"}}, {"base_stat": 85, "effort": 0, "stat": {"name": "defense", "url": "https://pokeapi.co/api/v2/stat/3/"}}, {"base_stat": 125, "effort": 3, "stat": {"name": "special-attack", "url": "https://pokeapi.co/api/v2/stat/4/"}}, {"base_stat": 90, "effort": 0, "stat": {"name": "special-defense", "url": "https://pokeapi.co/api/v2/stat/5/"}}, {"base_stat": 100, "effort": 0, "stat": {"name": "speed", "url": "https://pokeapi.co/api/v2/stat/6/"}}], "abilities": [{"ability": {"name": "pressure", "url": "https://pokeapi.co/api/v2/ability/46/"}, "is_hidden": false, "slot": 1}, {"ability": {"name": "static", "url": "https://pokeapi.co/api/v2/ability/9/"}, "is_hidden": true, "slot": 3}], "sprites": {"front_default": "https://raw.githubusercontent.com/PokeAPI/sprites/master/sprites/pokemon/145.png"}, "moves": [{"move": {"name": "razor-wind"}, "earliest_level": null}, {"move": {"name": "whirlwind"}, "earliest_level": null}, {"move": {"name": "fly"}, "earliest_level": null}, {"move": {"name": "headbutt"}, "earliest_level": null}, {"move": {"name": "take-down"}, "earliest_level": null}, {"move": {"name": "double-edge"}, "earliest_level": null}, {"move": {"name": "leer"}, "earliest_level": 16}, {"move": {"name": "roar"}, "earliest_level": null}, {"move": {"name": "hyper-beam"}, "earliest_level": null}, {"move": {"name": "peck"}, "earliest_level": 1}, {"move": {"name": "drill-peck"}, "earliest_level": 1}, {"move": {"name": "thunder-shock"}, "earliest_level": 1}, {"move": {"name": "thunderbolt"}, "earliest_level": 32}, {"move": {"name": "thunder-wave"}, "earliest_level": 1}, {"move": {"name": "thunder"}, "earliest_level": 51}, {"move": {"name": "toxic"}, "earliest_level": null}, {"move": {"name": "agility"}, "earliest_level": 20}, {"move": {"name": "rage"}, "earliest_level": null}, {"move": {"name": "mimic"}, "earliest_level": null}, {"move": {"name": "double-team"}, "earliest_level": null}, {"move": {"name": "light-screen"}, "earliest_level": 10}, {"move": {"name": "reflect"}, "earliest_level": null}, {"move": {"name": "bide"}, "earliest_level": null}, {"move": {"name": "swift"}, "earliest_level": null}, {"move": {"name": "sky-attack"}, "earliest_level": 72}, {"move": {"name": "flash"}, "earliest_level": null}, {"move": {"name": "rest"}, "earliest_level": null}, {"move": {"name": "substitute"}, "earliest_level": null}, {"move": {"name": "snore"}, "earliest_level": null}, {"move": {"name": "curse"}, "earliest_level": null}, {"move": {"name": "protect"}, "earliest_level": null}, {"move": {"name": "mud-slap"}, "earliest_level": null}, {"move": {"name": "zap-cannon"}, "earliest_level": 1}, {"move": {"name": "detect"}, "earliest_level": 15}, {"move": {"name": "sandstorm"}, "earliest_level": null}, {"move": {"name": "endure"}, "earliest_level": null}, {"move": {"name": "swagger"}, "earliest_level": null}, {"move": {"name": "steel-wing"}, "earliest_level": null}, {"move": {"name": "sleep-talk"}, "earliest_level": null}, {"move": {"name": "return"}, "earliest_level": null}, {"move": {"name": "frustration"}, "earliest_level": null}, {"move": {"name": "baton-pass"}, "earliest_level": null}, {"move": {"name": "hidden-power"}, "earliest_level": null}, {"move": {"name": "twister"}, "earliest_level": null}, {"move": {"name": "rain-dance"}, "earliest_level": 50}, {"move": {"name": "sunny-day"}, "earliest_level": null}, {"move": {"name": "ancient-power"}, "earliest_level": 25}, {"move": {"name": "rock-smash"}, "earliest_level": null}, {"move": {"name": "heat-wave"}, "earliest_level": null}, {"move": {"name": "hail"}, "earliest_level": null}, {"move": {"name": "facade"}, "earliest_level": null}, {"move": {"name": "charge"}, "earliest_level": 30}, {"move": {"name": "helping-hand"}, "earliest_level": null}, {"move": {"name": "secret-power"}, "earliest_level": null}, {"move": {"name": "weather-ball"}, "earliest_level": null}, {"move": {"name": "air-cutter"}, "earliest_level": null}, {"move": {"name": "metal-sound"}, "earliest_level": null}, {"move": {"name": "signal-beam"}, "earliest_level": null}, {"move": {"name": "aerial-ace"}, "earliest_level": null}, {"move": {"name": "shock-wave"}, "earliest_level": null}, {"move": {"name": "roost"}, "earliest_level": 1}, {"move": {"name": "natural-gift"}, "earliest_level": null}, {"move": {"name": "pluck"}, "earliest_level": 15}, {"move": {"name": "tailwind"}, "earliest_level": null}, {"move": {"name": "u-turn"}, "earliest_level": null}, {"move": {"name": "brave-bird"}, "earliest_level": null}, {"move": {"name": "giga-impact"}, "earliest_level": null}, {"move": {"name": "defog"}, "earliest_level": null}, {"move": {"name": "discharge"}, "earliest_level": 45}, {"move": {"name": "charge-beam"}, "earliest_level": null}, {"move": {"name": "ominous-wind"}, "earliest_level": null}, {"move": {"name": "electro-ball"}, "earliest_level": null}, {"move": {"name": "round"}, "earliest_level": null}, {"move": {"name": "sky-drop"}, "earliest_level": null}, {"move": {"name": "acrobatics"}, "earliest_level": null}, {"move": {"name": "volt-switch"}, "earliest_level": null}, {"move": {"name": "wild-charge"}, "earliest_level": null}, {"move": {"name": "hurricane"}, "earliest_level": null}, {"move": {"name": "confide"}, "earliest_level": null}, {"move": {"name": "eerie-impulse"}, "earliest_level": null}, {"move": {"name": "magnetic-flux"}, "earliest_level": 65}, {"move": {"name": "electric-terrain"}, "earliest_level": null}, {"move": {"name": "laser-focus"}, "earliest_level": null}, {"move": {"name": "rising-voltage"}, "earliest_level": null}, {"move": {"name": "dual-wingbeat"}, "earliest_level": null}, {"move": {"name": "tera-blast"}, "earliest_level": null}, {"move": {"name": "supercell-slam"}, "earliest_level": null}], "species": {"url": "https://pokeapi.co/api/v2/pokemon-species/145/"}, "height": 16, "weight": 526}