{"flavor_text_entries": [{"flavor_text": "Shiny particles are released from\nits wings like a veil. It is said\nto represent the crescent moon.", "language": {"name": "en", "url": "https://pokeapi.co/api/v2/language/9/"}, "version": {"name": "diamond", "url": "https://pokeapi.co/api/v2/version/12/"}}, {"flavor_text": "Shiny particles are released from\nits wings like a veil. It is said\nto represent the crescent moon.", "language": {"name": "en", "url": "https://pokeapi.co/api/v2/language/9/"}, "version": {"name": "pearl", "url": "https://pokeapi.co/api/v2/version/13/"}}, {"flavor_text": "On nights around the quarter moon,\nthe aurora from its tail extends\nand undulates beautifully.", "language": {"name": "en", "url": "https://pokeapi.co/api/v2/language/9/"}, "version": {"name": "platinum", "url": "https://pokeapi.co/api/v2/version/14/"}}, {"flavor_text": "Those who sleep holding CRESSELIA\u2019s\nfeather are assured of joyful dreams. It\nis said to represent the crescent moon.", "language": {"name": "en", "url": "https://pokeapi.co/api/v2/language/9/"}, "version": {"name": "heartgold", "url": "https://pokeapi.co/api/v2/version/15/"}}, {"flavor_text": "Those who sleep holding CRESSELIA\u2019s\nfeather are assured of joyful dreams. It\nis said to represent the crescent moon.", "language": {"name": "en", "url": "https://pokeapi.co/api/v2/language/9/"}, "version": {"name": "soulsilver", "url": "https://pokeapi.co/api/v2/version/16/"}}, {"flavor_text": "On nights around the quarter moon,\nthe aurora from its tail extends\nand undulates beautifully.", "language": {"name": "en", "url": "https://pokeapi.co/api/v2/language/9/"}, "version": {"name": "black", "url": "https://pokeapi.co/api/v2/version/17/"}}, {"flavor_text": "On nights around the quarter moon,\nthe aurora from its tail extends\nand undulates beautifully.", "language": {"name": "en", "url": "https://pokeapi.co/api/v2/language/9/"}, "version": {"name": "white", "url": "https://pokeapi.co/api/v2/version/18/"}}, {"flavor_text": "On nights around the quarter moon,\nthe aurora from its tail extends\nand undulates beautifully.", "language": {"name": "en", "url": "https://pokeapi.co/api/v2/language/9/"}, "version": {"name": "black-2", "url": "https://pokeapi.co/api/v2/version/21/"}}, {"flavor_text": "On nights around the quarter moon,\nthe aurora from its tail extends\nand undulates beautifully.", "language": {"name": "en", "url": "https://pokeapi.co/api/v2/language/9/"}, "version": {"name": "white-2", "url": "https://pokeapi.co/api/v2/version/22/"}}, {"flavor_text": "Shiny particles are released from its wings like a\nveil. It is said to represent the crescent moon.", "language": {"name": "en", "url": "https://pokeapi.co/api/v2/language/9/"}, "version": {"name": "x", "url": "https://pokeapi.co/api/v2/version/23/"}}, {"flavor_text": "Those who sleep holding Cresselia\u2019s feather are\nassured of joyful dreams. It is said to represent\nthe crescent moon.", "language": {"name": "en", "url": "https://pokeapi.co/api/v2/language/9/"}, "version": {"name": "y", "url": "https://pokeapi.co/api/v2/version/24/"}}, {"flavor_text": "Shiny particles are released from its wings like a\nveil. It is said to represent the crescent moon.", "language": {"name": "en", "url": "https://pokeapi.co/api/v2/language/9/"}, "version": {"name": "omega-ruby", "url": "https://pokeapi.co/api/v2/version/25/"}}, {"flavor_text": "Those who sleep holding Cresselia\u2019s feather are\nassured of joyful dreams. It is said to represent\nthe crescent moon.", "language": {"name": "en", "url": "https://pokeapi.co/api/v2/language/9/"}, "version": {"name": "alpha-sapphire", "url": "https://pokeapi.co/api/v2/version/26/"}}, {"flavor_text": "Cresselia is reminiscent of the crescent moon. It leaves a brilliant\nline of light in its wake as it flies across the night sky. I daresay\nit resembles the heavenly maiden who created the Milky Way.", "language": {"name": "en", "url": "https://pokeapi.co/api/v2/language/9/"}, "version": {"name": "legends-arceus", "url": "https://pokeapi.co/api/v2/version/39/"}}], "evolution_chain": {"url": "https://pokeapi.co/api/v2/evolution-chain/249/"}}