{"flavor_text_entries": [{"flavor_text": "Capable of living\nin or out of\nwater. When out\fof water, it\nsweats to keep\nits body slimy.", "language": {"name": "en", "url": "https://pokeapi.co/api/v2/language/9/"}, "version": {"name": "red", "url": "https://pokeapi.co/api/v2/version/1/"}}, {"flavor_text": "Capable of living\nin or out of\nwater. When out\fof water, it\nsweats to keep\nits body slimy.", "language": {"name": "en", "url": "https://pokeapi.co/api/v2/language/9/"}, "version": {"name": "blue", "url": "https://pokeapi.co/api/v2/version/2/"}}, {"flavor_text": "Under attack, it\nuses its belly \nspiral to put the\ffoe to sleep. It\nthen makes its\nescape.", "language": {"name": "en", "url": "https://pokeapi.co/api/v2/language/9/"}, "version": {"name": "yellow", "url": "https://pokeapi.co/api/v2/version/3/"}}, {"flavor_text": "The swirl on its\nbelly subtly un\u00ad\ndulates. Staring\fat it may gradual\u00ad\nly cause drowsi\u00ad\nness.", "language": {"name": "en", "url": "https://pokeapi.co/api/v2/language/9/"}, "version": {"name": "gold", "url": "https://pokeapi.co/api/v2/version/4/"}}, {"flavor_text": "The skin on most\nof its body is\nmoist. However,\fthe skin on its\nbelly spiral feels\nsmooth.", "language": {"name": "en", "url": "https://pokeapi.co/api/v2/language/9/"}, "version": {"name": "silver", "url": "https://pokeapi.co/api/v2/version/5/"}}, {"flavor_text": "Though it is\nskilled at walk\u00ad\ning, it prefers to\flive underwater\nwhere there is\nless danger.", "language": {"name": "en", "url": "https://pokeapi.co/api/v2/language/9/"}, "version": {"name": "crystal", "url": "https://pokeapi.co/api/v2/version/6/"}}, {"flavor_text": "The surface of POLIWHIRL\u2019s body is\nalways wet and slick with an oily fluid.\nBecause of this greasy covering, it can\feasily slip and slide out of the clutches\nof any enemy in battle.", "language": {"name": "en", "url": "https://pokeapi.co/api/v2/language/9/"}, "version": {"name": "ruby", "url": "https://pokeapi.co/api/v2/version/7/"}}, {"flavor_text": "The surface of POLIWHIRL\u2019s body is\nalways wet and slick with an oily fluid.\nBecause of this greasy covering, it can\feasily slip and slide out of the clutches\nof any enemy in battle.", "language": {"name": "en", "url": "https://pokeapi.co/api/v2/language/9/"}, "version": {"name": "sapphire", "url": "https://pokeapi.co/api/v2/version/8/"}}, {"flavor_text": "Its body surface is always wet and slick\nwith an oily fluid. Because of this greasy\ncovering, it can easily slip and slide out\nof the clutches of any enemy in battle.", "language": {"name": "en", "url": "https://pokeapi.co/api/v2/language/9/"}, "version": {"name": "emerald", "url": "https://pokeapi.co/api/v2/version/9/"}}, {"flavor_text": "Its two legs are well developed.\nEven though it can live on the ground,\nit prefers living in water.", "language": {"name": "en", "url": "https://pokeapi.co/api/v2/language/9/"}, "version": {"name": "firered", "url": "https://pokeapi.co/api/v2/version/10/"}}, {"flavor_text": "It can live in or out of water. When out\nof water, it constantly sweats to keep its\nbody slimy.", "language": {"name": "en", "url": "https://pokeapi.co/api/v2/language/9/"}, "version": {"name": "leafgreen", "url": "https://pokeapi.co/api/v2/version/11/"}}, {"flavor_text": "The spiral pattern on its belly\nsubtly undulates. Staring at it\ngradually causes drowsiness.", "language": {"name": "en", "url": "https://pokeapi.co/api/v2/language/9/"}, "version": {"name": "diamond", "url": "https://pokeapi.co/api/v2/version/12/"}}, {"flavor_text": "The spiral pattern on its belly\nsubtly undulates. Staring at it\ngradually causes drowsiness.", "language": {"name": "en", "url": "https://pokeapi.co/api/v2/language/9/"}, "version": {"name": "pearl", "url": "https://pokeapi.co/api/v2/version/13/"}}, {"flavor_text": "The spiral pattern on its belly\nsubtly undulates. Staring at it\ngradually causes drowsiness.", "language": {"name": "en", "url": "https://pokeapi.co/api/v2/language/9/"}, "version": {"name": "platinum", "url": "https://pokeapi.co/api/v2/version/14/"}}, {"flavor_text": "The swirl on its belly subtly undulates.\nStaring at it may gradually\ncause drowsiness.", "language": {"name": "en", "url": "https://pokeapi.co/api/v2/language/9/"}, "version": {"name": "heartgold", "url": "https://pokeapi.co/api/v2/version/15/"}}, {"flavor_text": "The skin on most of its body is\nmoist. However, the skin on its\nbelly spiral feels smooth.", "language": {"name": "en", "url": "https://pokeapi.co/api/v2/language/9/"}, "version": {"name": "soulsilver", "url": "https://pokeapi.co/api/v2/version/16/"}}, {"flavor_text": "The spiral pattern on its belly\nsubtly undulates. Staring at it\ngradually causes drowsiness.", "language": {"name": "en", "url": "https://pokeapi.co/api/v2/language/9/"}, "version": {"name": "black", "url": "https://pokeapi.co/api/v2/version/17/"}}, {"flavor_text": "The spiral pattern on its belly\nsubtly undulates. Staring at it\ngradually causes drowsiness.", "language": {"name": "en", "url": "https://pokeapi.co/api/v2/language/9/"}, "version": {"name": "white", "url": "https://pokeapi.co/api/v2/version/18/"}}, {"flavor_text": "The spiral pattern on its belly\nsubtly undulates. Staring at it\ngradually causes drowsiness.", "language": {"name": "en", "url": "https://pokeapi.co/api/v2/language/9/"}, "version": {"name": "black-2", "url": "https://pokeapi.co/api/v2/version/21/"}}, {"flavor_text": "The spiral pattern on its belly\nsubtly undulates. Staring at it\ngradually causes drowsiness.", "language": {"name": "en", "url": "https://pokeapi.co/api/v2/language/9/"}, "version": {"name": "white-2", "url": "https://pokeapi.co/api/v2/version/22/"}}, {"flavor_text": "It can live in or out of water. When out of water,\nit constantly sweats to keep its body slimy.", "language": {"name": "en", "url": "https://pokeapi.co/api/v2/language/9/"}, "version": {"name": "x", "url": "https://pokeapi.co/api/v2/version/23/"}}, {"flavor_text": "Its two legs are well developed. Even though it can\nlive on the ground, it prefers living in water.", "language": {"name": "en", "url": "https://pokeapi.co/api/v2/language/9/"}, "version": {"name": "y", "url": "https://pokeapi.co/api/v2/version/24/"}}, {"flavor_text": "The surface of Poliwhirl\u2019s body is always wet and slick with\na slimy fluid. Because of this slippery covering, it can easily\nslip and slide out of the clutches of any enemy in battle.", "language": {"name": "en", "url": "https://pokeapi.co/api/v2/language/9/"}, "version": {"name": "omega-ruby", "url": "https://pokeapi.co/api/v2/version/25/"}}, {"flavor_text": "The surface of Poliwhirl\u2019s body is always wet and slick with\na slimy fluid. Because of this slippery covering, it can easily\nslip and slide out of the clutches of any enemy in battle.", "language": {"name": "en", "url": "https://pokeapi.co/api/v2/language/9/"}, "version": {"name": "alpha-sapphire", "url": "https://pokeapi.co/api/v2/version/26/"}}, {"flavor_text": "Although it can live on land, it prefers to stay in\nthe water, where it has fewer natural enemies.", "language": {"name": "en", "url": "https://pokeapi.co/api/v2/language/9/"}, "version": {"name": "sun", "url": "https://pokeapi.co/api/v2/version/27/"}}, {"flavor_text": "It marches over the land in search of bug\nPok\u00e9mon to eat. Then it takes them underwater\nso it can dine on them where it\u2019s safe.", "language": {"name": "en", "url": "https://pokeapi.co/api/v2/language/9/"}, "version": {"name": "moon", "url": "https://pokeapi.co/api/v2/version/28/"}}, {"flavor_text": "Although it has become capable of living on\nland, it spends its time in the water, where\nits prey, fish Pok\u00e9mon, are plentiful.", "language": {"name": "en", "url": "https://pokeapi.co/api/v2/language/9/"}, "version": {"name": "ultra-sun", "url": "https://pokeapi.co/api/v2/version/29/"}}, {"flavor_text": "Its health suffers when its skin dries out, so be\nsure to moisturize it diligently.", "language": {"name": "en", "url": "https://pokeapi.co/api/v2/language/9/"}, "version": {"name": "ultra-moon", "url": "https://pokeapi.co/api/v2/version/30/"}}, {"flavor_text": "Under attack, it uses its belly spiral to put\nthe foe to sleep. It then makes its escape.", "language": {"name": "en", "url": "https://pokeapi.co/api/v2/language/9/"}, "version": {"name": "lets-go-pikachu", "url": "https://pokeapi.co/api/v2/version/31/"}}, {"flavor_text": "Under attack, it uses its belly spiral to put\nthe foe to sleep. It then makes its escape.", "language": {"name": "en", "url": "https://pokeapi.co/api/v2/language/9/"}, "version": {"name": "lets-go-eevee", "url": "https://pokeapi.co/api/v2/version/32/"}}, {"flavor_text": "Staring at the swirl on its belly causes drowsiness.\nThis trait of Poliwhirl\u2019s has been used in place of\nlullabies to get children to go to sleep.", "language": {"name": "en", "url": "https://pokeapi.co/api/v2/language/9/"}, "version": {"name": "sword", "url": "https://pokeapi.co/api/v2/version/33/"}}, {"flavor_text": "This Pok\u00e9mon\u2019s sweat is a slimy mucus. When\ncaptured, Poliwhirl can slither from its enemies\u2019\ngrasp and escape.", "language": {"name": "en", "url": "https://pokeapi.co/api/v2/language/9/"}, "version": {"name": "shield", "url": "https://pokeapi.co/api/v2/version/34/"}}], "evolution_chain": {"url": "https://pokeapi.co/api/v2/evolution-chain/26/"}}