{"id": 991, "name": "iron-bundle", "types": [{"slot": 1, "type": {"name": "ice", "url": "https://pokeapi.co/api/v2/type/15/"}}, {"slot": 2, "type": {"name": "water", "url": "https://pokeapi.co/api/v2/type/11/"}}], "stats": [{"base_stat": 56, "effort": 0, "stat": {"name": "hp", "url": "https://pokeapi.co/api/v2/stat/1/"}}, {"base_stat": 80, "effort": 0, "stat": {"name": "attack", "url": "https://pokeapi.co/api/v2/stat/2/"}}, {"base_stat": 114, "effort": 0, "stat": {"name": "defense", "url": "https://pokeapi.co/api/v2/stat/3/"}}, {"base_stat": 124, "effort": 0, "stat": {"name": "special-attack", "url": "https://pokeapi.co/api/v2/stat/4/"}}, {"base_stat": 60, "effort": 0, "stat": {"name": "special-defense", "url": "https://pokeapi.co/api/v2/stat/5/"}}, {"base_stat": 136, "effort": 3, "stat": {"name": "speed", "url": "https://pokeapi.co/api/v2/stat/6/"}}], "abilities": [{"ability": {"name": "quark-drive", "url": "https://pokeapi.co/api/v2/ability/282/"}, "is_hidden": false, "slot": 1}], "sprites": {"front_default": "https://raw.githubusercontent.com/PokeAPI/sprites/master/sprites/pokemon/991.png"}, "moves": [{"move": {"name": "ice-punch"}, "earliest_level": null}, {"move": {"name": "body-slam"}, "earliest_level": null}, {"move": {"name": "take-down"}, "earliest_level": 21}, {"move": {"name": "hydro-pump"}, "earliest_level": 77}, {"move": {"name": "ice-beam"}, "earliest_level": 56}, {"move": {"name": "blizzard"}, "earliest_level": 91}, {"move": {"name": "hyper-beam"}, "earliest_level": null}, {"move": {"name": "drill-peck"}, "earliest_level": 28}, {"move": {"name": "agility"}, "earliest_level": 63}, {"move": {"name": "swift"}, "earliest_level": null}, {"move": {"name": "rest"}, "earliest_level": null}, {"move": {"name": "substitute"}, "earliest_level": null}, {"move": {"name": "thief"}, "earliest_level": null}, {"move": {"name": "powder-snow"}, "earliest_level": 7}, {"move": {"name": "protect"}, "earliest_level": null}, {"move": {"name": "icy-wind"}, "earliest_level": null}, {"move": {"name": "endure"}, "earliest_level": null}, {"move": {"name": "sleep-talk"}, "earliest_level": null}, {"move": {"name": "present"}, "earliest_level": 1}, {"move": {"name": "encore"}, "earliest_level": null}, {"move": {"name": "rain-dance"}, "earliest_level": null}, {"move": {"name": "whirlpool"}, "earliest_level": 14}, {"move": {"name": "facade"}, "earliest_level": null}, {"move": {"name": "taunt"}, "earliest_level": null}, {"move": {"name": "helping-hand"}, "earliest_level": 35}, {"move": {"name": "air-cutter"}, "earliest_level": null}, {"move": {"name": "water-pulse"}, "earliest_level": null}, {"move": {"name": "u-turn"}, "earliest_level": null}, {"move": {"name": "fling"}, "earliest_level": null}, {"move": {"name": "giga-impact"}, "earliest_level": null}, {"move": {"name": "avalanche"}, "earliest_level": null}, {"move": {"name": "acrobatics"}, "earliest_level": null}, {"move": {"name": "freeze-dry"}, "earliest_level": 42}, {"move": {"name": "play-rough"}, "earliest_level": null}, {"move": {"name": "electric-terrain"}, "earliest_level": null}, {"move": {"name": "aurora-veil"}, "earliest_level": 84}, {"move": {"name": "flip-turn"}, "earliest_level": 49}, {"move": {"name": "tera-blast"}, "earliest_level": null}, {"move": {"name": "ice-spinner"}, "earliest_level": null}, {"move": {"name": "snowscape"}, "earliest_level": 70}, {"move": {"name": "chilling-water"}, "earliest_level": null}], "species": {"url": "https://pokeapi.co/api/v2/pokemon-species/991/"}, "height": 6, "weight": 110}