{
  "base_happiness": 0,
  "capture_rate": 3,
  "color": {
    "name": "black",
    "url": "https://pokeapi.co/api/v2/pokemon-color/1/"
  },
  "egg_groups": [
    {
      "name": "no-eggs",
      "url": "https://pokeapi.co/api/v2/egg-group/15/"
    }
  ],
  "evolution_chain": {
    "url": "https://pokeapi.co/api/v2/evolution-chain/542/"
  },
  "evolves_from_species": null,
  "flavor_text_entries": [
    {
      "flavor_text": "Fezandipiti owes its beautiful looks and lovely voice to the toxic stimulants emanating from the chain wrapped around its body.",
      "language": {
        "name": "en",
        "url": "https://pokeapi.co/api/v2/language/9/"
      },
      "version": {
        "name": "scarlet",
        "url": "https://pokeapi.co/api/v2/version/40/"
      }
    },
    {
      "flavor_text": "Fezandipiti beats its glossy wings to scatter pheromones that captivate people and Pok\u00e9mon.",
      "language": {
        "name": "en",
        "url": "https://pokeapi.co/api/v2/language/9/"
      },
      "version": {
        "name": "violet",
        "url": "https://pokeapi.co/api/v2/version/41/"
      }
    }
  ],
  "form_descriptions": [],
  "forms_switchable": false,
  "gender_rate": -1,
  "genera": [
    {
      "genus": "\uc218\ud558\ud3ec\ucf13\ubaac",
      "language": {
        "name": "ko",
        "url": "https://pokeapi.co/api/v2/language/3/"
      }
    },
    {
      "genus": "Serviteur",
      "language": {
        "name": "fr",
        "url": "https://pokeapi.co/api/v2/language/5/"
      }
    },
    {
      "genus": "Retainer Pok\u00e9mon",
      "language": {
        "name": "en",
        "url": "https://pokeapi.co/api/v2/language/9/"
      }
    }
  ],
  "generation": {
    "name": "generation-ix",
    "url": "https://pokeapi.co/api/v2/generation/9/"
  },
  "growth_rate": {
    "name": "slow",
    "url": "https://pokeapi.co/api/v2/growth-rate/1/"
  },
  "habitat": null,
  "has_gender_differences": false,
  "hatch_counter": 50,
  "id": 1016,
  "is_baby": false,
  "is_legendary": true,
  "is_mythical": false,
  "name": "fezandipiti",
  "names": [
    {
      "language": {
        "name": "ja-Hrkt",
        "url": "https://pokeapi.co/api/v2/language/1/"
      },
      "name": "\u30ad\u30c1\u30ad\u30ae\u30b9"
    },
    {
      "language": {
        "name": "ko",
        "url": "https://pokeapi.co/api/v2/language/3/"
      },
      "name": "\uae30\ub85c\uce58"
    },
    {
      "language": {
        "name": "zh-Hant",
        "url": "https://pokeapi.co/api/v2/language/4/"
      },
      "name": "\u5409\u96c9\u96de"
    },
    {
      "language": {
        "name": "fr",
        "url": "https://pokeapi.co/api/v2/language/5/"
      },
      "name": "Favianos"
    },
    {
      "language": {
        "name": "de",
        "url": "https://pokeapi.co/api/v2/language/6/"
      },
      "name": "Beatori"
    },
    {
      "language": {
        "name": "es",
        "url": "https://pokeapi.co/api/v2/language/7/"
      },
      "name": "Fezandipiti"
    },
    {
      "language": {
        "name": "it",
        "url": "https://pokeapi.co/api/v2/language/8/"
      },
      "name": "Fezandipiti"
    },
    {
      "language": {
        "name": "en",
        "url": "https://pokeapi.co/api/v2/language/9/"
      },
      "name": "Fezandipiti"
    },
    {
      "language": {
        "name": "ja",
        "url": "https://pokeapi.co/api/v2/language/11/"
      },
      "name": "\u30ad\u30c1\u30ad\u30ae\u30b9"
    },
    {
      "language": {
        "name": "zh-Hans",
        "url": "https://pokeapi.co/api/v2/language/12/"
      },
      "name": "\u5409\u96c9\u9e21"
    }
  ],
  "order": 1018,
  "pal_park_encounters": [],
  "pokedex_numbers": [
    {
      "entry_number": 1016,
      "pokedex": {
        "name": "national",
        "url": "https://pokeapi.co/api/v2/pokedex/1/"
      }
    },
    {
      "entry_number": 199,
      "pokedex": {
        "name": "kitakami",
        "url": "https://pokeapi.co/api/v2/pokedex/32/"
      }
    }
  ],
  "shape": {
    "name": "wings",
    "url": "https://pokeapi.co/api/v2/pokemon-shape/9/"
  },
  "varieties": [
    {
      "is_default": true,
      "pokemon": {
        "name": "fezandipiti",
        "url": "https://pokeapi.co/api/v2/pokemon/1016/"
      }
    }
  ]
}