{"flavor_text_entries": [{"flavor_text": "When Reuniclus shake hands, a network\nforms between their brains, increasing\ntheir psychic power.", "language": {"name": "en", "url": "https://pokeapi.co/api/v2/language/9/"}, "version": {"name": "black", "url": "https://pokeapi.co/api/v2/version/17/"}}, {"flavor_text": "These remarkably intelligent Pok\u00e9mon\nfight by controlling arms that can\ngrip with rock-crushing power.", "language": {"name": "en", "url": "https://pokeapi.co/api/v2/language/9/"}, "version": {"name": "white", "url": "https://pokeapi.co/api/v2/version/18/"}}, {"flavor_text": "They use psychic power to control their\narms, which are made of a special liquid.\nThey can crush boulders psychically.", "language": {"name": "en", "url": "https://pokeapi.co/api/v2/language/9/"}, "version": {"name": "black-2", "url": "https://pokeapi.co/api/v2/version/21/"}}, {"flavor_text": "They use psychic power to control their\narms, which are made of a special liquid.\nThey can crush boulders psychically.", "language": {"name": "en", "url": "https://pokeapi.co/api/v2/language/9/"}, "version": {"name": "white-2", "url": "https://pokeapi.co/api/v2/version/22/"}}, {"flavor_text": "They use psychic power to control their arms,\nwhich are made of a special liquid. They can crush\nboulders psychically.", "language": {"name": "en", "url": "https://pokeapi.co/api/v2/language/9/"}, "version": {"name": "x", "url": "https://pokeapi.co/api/v2/version/23/"}}, {"flavor_text": "When Reuniclus shake hands, a network forms\nbetween their brains, increasing their\npsychic power.", "language": {"name": "en", "url": "https://pokeapi.co/api/v2/language/9/"}, "version": {"name": "y", "url": "https://pokeapi.co/api/v2/version/24/"}}, {"flavor_text": "They use psychic power to control their arms,\nwhich are made of a special liquid. They can crush\nboulders psychically.", "language": {"name": "en", "url": "https://pokeapi.co/api/v2/language/9/"}, "version": {"name": "omega-ruby", "url": "https://pokeapi.co/api/v2/version/25/"}}, {"flavor_text": "When Reuniclus shake hands, a network forms\nbetween their brains, increasing their\npsychic power.", "language": {"name": "en", "url": "https://pokeapi.co/api/v2/language/9/"}, "version": {"name": "alpha-sapphire", "url": "https://pokeapi.co/api/v2/version/26/"}}, {"flavor_text": "While it could use its psychic abilities in battle,\nthis Pok\u00e9mon prefers to swing its powerful arms\naround to beat opponents into submission.", "language": {"name": "en", "url": "https://pokeapi.co/api/v2/language/9/"}, "version": {"name": "sword", "url": "https://pokeapi.co/api/v2/version/33/"}}, {"flavor_text": "It\u2019s said that drinking the liquid surrounding\nReuniclus grants wisdom. Problem is, the liquid is\nhighly toxic to anything besides Reuniclus itself.", "language": {"name": "en", "url": "https://pokeapi.co/api/v2/language/9/"}, "version": {"name": "shield", "url": "https://pokeapi.co/api/v2/version/34/"}}], "evolution_chain": {"url": "https://pokeapi.co/api/v2/evolution-chain/294/"}}