{"flavor_text_entries": [{"flavor_text": "A rare and elusive\nPOK\u00e9MON that is\nsaid to bring\fhappiness to those\nwho manage to get\nit.", "language": {"name": "en", "url": "https://pokeapi.co/api/v2/language/9/"}, "version": {"name": "red", "url": "https://pokeapi.co/api/v2/version/1/"}}, {"flavor_text": "A rare and elusive\nPOK\u00e9MON that is\nsaid to bring\fhappiness to those\nwho manage to get\nit.", "language": {"name": "en", "url": "https://pokeapi.co/api/v2/language/9/"}, "version": {"name": "blue", "url": "https://pokeapi.co/api/v2/version/2/"}}, {"flavor_text": "A gentle and kind\u00ad\nhearted POK\u00e9MON\nthat shares its\fnutritious eggs\nif it sees an\ninjured POK\u00e9MON.", "language": {"name": "en", "url": "https://pokeapi.co/api/v2/language/9/"}, "version": {"name": "yellow", "url": "https://pokeapi.co/api/v2/version/3/"}}, {"flavor_text": "It walks carefully\nto prevent its\negg from breaking.\fHowever, it is\nextremely fast at\nrunning away.", "language": {"name": "en", "url": "https://pokeapi.co/api/v2/language/9/"}, "version": {"name": "gold", "url": "https://pokeapi.co/api/v2/version/4/"}}, {"flavor_text": "Few in number and\ndifficult to cap\u00ad\nture, it is said\fto bring happiness\nto the trainer who\ncatches it.", "language": {"name": "en", "url": "https://pokeapi.co/api/v2/language/9/"}, "version": {"name": "silver", "url": "https://pokeapi.co/api/v2/version/5/"}}, {"flavor_text": "People try to\ncatch it for its\nextremely\fnutritious eggs,\nbut it rarely can\nbe found.", "language": {"name": "en", "url": "https://pokeapi.co/api/v2/language/9/"}, "version": {"name": "crystal", "url": "https://pokeapi.co/api/v2/version/6/"}}, {"flavor_text": "CHANSEY lays nutritionally excellent\neggs on an everyday basis.\nThe eggs are so delicious, they are\feasily and eagerly devoured by even\nthose people who have lost their\nappetite.", "language": {"name": "en", "url": "https://pokeapi.co/api/v2/language/9/"}, "version": {"name": "ruby", "url": "https://pokeapi.co/api/v2/version/7/"}}, {"flavor_text": "CHANSEY lays nutritionally excellent\neggs on an everyday basis.\nThe eggs are so delicious, they are\feasily and eagerly devoured by even\nthose people who have lost their\nappetite.", "language": {"name": "en", "url": "https://pokeapi.co/api/v2/language/9/"}, "version": {"name": "sapphire", "url": "https://pokeapi.co/api/v2/version/8/"}}, {"flavor_text": "CHANSEY lay nutritionally excellent eggs\nevery day. The eggs are so delicious, they\nare eagerly devoured by even those people\nwho have lost their appetite.", "language": {"name": "en", "url": "https://pokeapi.co/api/v2/language/9/"}, "version": {"name": "emerald", "url": "https://pokeapi.co/api/v2/version/9/"}}, {"flavor_text": "It lays several eggs a day. The eggs are\napparently rich in nutrients and extremely\ndelicious.", "language": {"name": "en", "url": "https://pokeapi.co/api/v2/language/9/"}, "version": {"name": "firered", "url": "https://pokeapi.co/api/v2/version/10/"}}, {"flavor_text": "A rare and elusive POK\u00e9MON that is said\nto bring happiness to those who manage to\ncatch one.", "language": {"name": "en", "url": "https://pokeapi.co/api/v2/language/9/"}, "version": {"name": "leafgreen", "url": "https://pokeapi.co/api/v2/version/11/"}}, {"flavor_text": "It is said to deliver happiness.\nBeing compassionate, it shares its\neggs with injured people.", "language": {"name": "en", "url": "https://pokeapi.co/api/v2/language/9/"}, "version": {"name": "diamond", "url": "https://pokeapi.co/api/v2/version/12/"}}, {"flavor_text": "It lays several eggs a day and\nwon\u2019t share them with those\nwho have evil in their hearts.", "language": {"name": "en", "url": "https://pokeapi.co/api/v2/language/9/"}, "version": {"name": "pearl", "url": "https://pokeapi.co/api/v2/version/13/"}}, {"flavor_text": "A kindly Pok\u00e9mon that lays highly\nnutritious eggs and shares them\nwith injured Pok\u00e9mon or people.", "language": {"name": "en", "url": "https://pokeapi.co/api/v2/language/9/"}, "version": {"name": "platinum", "url": "https://pokeapi.co/api/v2/version/14/"}}, {"flavor_text": "It walks carefully to prevent its\negg from breaking. However,\nit is extremely fast at running away.", "language": {"name": "en", "url": "https://pokeapi.co/api/v2/language/9/"}, "version": {"name": "heartgold", "url": "https://pokeapi.co/api/v2/version/15/"}}, {"flavor_text": "Being few in number and difficult to\ncapture, it is said to bring happiness\nto the Trainer who catches it.", "language": {"name": "en", "url": "https://pokeapi.co/api/v2/language/9/"}, "version": {"name": "soulsilver", "url": "https://pokeapi.co/api/v2/version/16/"}}, {"flavor_text": "A kindly Pok\u00e9mon that lays highly\nnutritious eggs and shares them\nwith injured Pok\u00e9mon or people.", "language": {"name": "en", "url": "https://pokeapi.co/api/v2/language/9/"}, "version": {"name": "black", "url": "https://pokeapi.co/api/v2/version/17/"}}, {"flavor_text": "A kindly Pok\u00e9mon that lays highly\nnutritious eggs and shares them\nwith injured Pok\u00e9mon or people.", "language": {"name": "en", "url": "https://pokeapi.co/api/v2/language/9/"}, "version": {"name": "white", "url": "https://pokeapi.co/api/v2/version/18/"}}, {"flavor_text": "A kindly Pok\u00e9mon that lays highly\nnutritious eggs and shares them\nwith injured Pok\u00e9mon or people.", "language": {"name": "en", "url": "https://pokeapi.co/api/v2/language/9/"}, "version": {"name": "black-2", "url": "https://pokeapi.co/api/v2/version/21/"}}, {"flavor_text": "A kindly Pok\u00e9mon that lays highly\nnutritious eggs and shares them\nwith injured Pok\u00e9mon or people.", "language": {"name": "en", "url": "https://pokeapi.co/api/v2/language/9/"}, "version": {"name": "white-2", "url": "https://pokeapi.co/api/v2/version/22/"}}, {"flavor_text": "It is said to deliver happiness.\nBeing compassionate, it shares its eggs\nwith injured people.", "language": {"name": "en", "url": "https://pokeapi.co/api/v2/language/9/"}, "version": {"name": "x", "url": "https://pokeapi.co/api/v2/version/23/"}}, {"flavor_text": "It lays several eggs a day. The eggs are apparently\nrich in nutrients and extremely delicious.", "language": {"name": "en", "url": "https://pokeapi.co/api/v2/language/9/"}, "version": {"name": "y", "url": "https://pokeapi.co/api/v2/version/24/"}}, {"flavor_text": "Chansey lays nutritionally excellent eggs on an everyday basis.\nThe eggs are so delicious, they are easily and eagerly\ndevoured by even those people who have lost their appetite.", "language": {"name": "en", "url": "https://pokeapi.co/api/v2/language/9/"}, "version": {"name": "omega-ruby", "url": "https://pokeapi.co/api/v2/version/25/"}}, {"flavor_text": "Chansey lays nutritionally excellent eggs on an everyday basis.\nThe eggs are so delicious, they are easily and eagerly\ndevoured by even those people who have lost their appetite.", "language": {"name": "en", "url": "https://pokeapi.co/api/v2/language/9/"}, "version": {"name": "alpha-sapphire", "url": "https://pokeapi.co/api/v2/version/26/"}}, {"flavor_text": "The eggs laid by Chansey are rich in nutrients\nand a favorite food of many Pok\u00e9mon.", "language": {"name": "en", "url": "https://pokeapi.co/api/v2/language/9/"}, "version": {"name": "sun", "url": "https://pokeapi.co/api/v2/version/27/"}}, {"flavor_text": "Not only are these Pok\u00e9mon fast runners,\nthey\u2019re also few in number, so anyone who finds\none must be lucky indeed.", "language": {"name": "en", "url": "https://pokeapi.co/api/v2/language/9/"}, "version": {"name": "moon", "url": "https://pokeapi.co/api/v2/version/28/"}}, {"flavor_text": "It seems that other Pok\u00e9mon\u2019s efforts to take\nits delicious, nutritious egg away from it caused\nChansey to get faster at fleeing.", "language": {"name": "en", "url": "https://pokeapi.co/api/v2/language/9/"}, "version": {"name": "ultra-sun", "url": "https://pokeapi.co/api/v2/version/29/"}}, {"flavor_text": "Because the eggs on their bellies have been\noverharvested by people in the past, the\nChansey population remains very small.", "language": {"name": "en", "url": "https://pokeapi.co/api/v2/language/9/"}, "version": {"name": "ultra-moon", "url": "https://pokeapi.co/api/v2/version/30/"}}, {"flavor_text": "A gentle and kindhearted Pok\u00e9mon that shares\nits nutritious eggs if it sees an injured Pok\u00e9mon.", "language": {"name": "en", "url": "https://pokeapi.co/api/v2/language/9/"}, "version": {"name": "lets-go-pikachu", "url": "https://pokeapi.co/api/v2/version/31/"}}, {"flavor_text": "A gentle and kindhearted Pok\u00e9mon that shares\nits nutritious eggs if it sees an injured Pok\u00e9mon.", "language": {"name": "en", "url": "https://pokeapi.co/api/v2/language/9/"}, "version": {"name": "lets-go-eevee", "url": "https://pokeapi.co/api/v2/version/32/"}}, {"flavor_text": "The egg Chansey carries is not only delicious\nbut also packed with nutrition. It\u2019s used as a\nhigh-class cooking ingredient.", "language": {"name": "en", "url": "https://pokeapi.co/api/v2/language/9/"}, "version": {"name": "sword", "url": "https://pokeapi.co/api/v2/version/33/"}}, {"flavor_text": "This species was once very slow. To protect their\neggs from other creatures, these Pok\u00e9mon\nbecame able to flee quickly.", "language": {"name": "en", "url": "https://pokeapi.co/api/v2/language/9/"}, "version": {"name": "shield", "url": "https://pokeapi.co/api/v2/version/34/"}}, {"flavor_text": "This purehearted Pok\u00e9mon shares its eggs with the injured.", "language": {"name": "en", "url": "https://pokeapi.co/api/v2/language/9/"}, "version": {"name": "legends-arceus", "url": "https://pokeapi.co/api/v2/version/39/"}}], "evolution_chain": {"url": "https://pokeapi.co/api/v2/evolution-chain/51/"}}