{"id": 136, "name": "flareon", "types": [{"slot": 1, "type": {"name": "fire", "url": "https://pokeapi.co/api/v2/type/10/"}}], "stats": [{"base_stat": 65, "effort": 0, "stat": {"name": "hp", "url": "https://pokeapi.co/api/v2/stat/1/"}}, {"base_stat": 130, "effort": 2, "stat": {"name": "attack", "url": "https://pokeapi.co/api/v2/stat/2/"}}, {"base_stat": 60, "effort": 0, "stat": {"name": "defense", "url": "https://pokeapi.co/api/v2/stat/3/"}}, {"base_stat": 95, "effort": 0, "stat": {"name": "special-attack", "url": "https://pokeapi.co/api/v2/stat/4/"}}, {"base_stat": 110, "effort": 0, "stat": {"name": "special-defense", "url": "https://pokeapi.co/api/v2/stat/5/"}}, {"base_stat": 65, "effort": 0, "stat": {"name": "speed", "url": "https://pokeapi.co/api/v2/stat/6/"}}], "abilities": [{"ability": {"name": "flash-fire", "url": "https://pokeapi.co/api/v2/ability/18/"}, "is_hidden": false, "slot": 1}, {"ability": {"name": "guts", "url": "https://pokeapi.co/api/v2/ability/62/"}, "is_hidden": true, "slot": 3}], "sprites": {"front_default": "https://raw.githubusercontent.com/PokeAPI/sprites/master/sprites/pokemon/136.png"}, "moves": [{"move": {"name": "pay-day"}, "earliest_level": null}, {"move": {"name": "double-kick"}, "earliest_level": 10}, {"move": {"name": "sand-attack"}, "earliest_level": 1}, {"move": {"name": "headbutt"}, "earliest_level": null}, {"move": {"name": "tackle"}, "earliest_level": 1}, {"move": {"name": "body-slam"}, "earliest_level": null}, {"move": {"name": "take-down"}, "earliest_level": 1}, {"move": {"name": "double-edge"}, "earliest_level": 1}, {"move": {"name": "tail-whip"}, "earliest_level": 1}, {"move": {"name": "leer"}, "earliest_level": 42}, {"move": {"name": "bite"}, "earliest_level": 17}, {"move": {"name": "growl"}, "earliest_level": 1}, {"move": {"name": "roar"}, "earliest_level": null}, {"move": {"name": "ember"}, "earliest_level": 1}, {"move": {"name": "flamethrower"}, "earliest_level": 25}, {"move": {"name": "hyper-beam"}, "earliest_level": null}, {"move": {"name": "strength"}, "earliest_level": null}, {"move": {"name": "fire-spin"}, "earliest_level": 17}, {"move": {"name": "dig"}, "earliest_level": null}, {"move": {"name": "toxic"}, "earliest_level": null}, {"move": {"name": "quick-attack"}, "earliest_level": 1}, {"move": {"name": "rage"}, "earliest_level": 48}, {"move": {"name": "mimic"}, "earliest_level": 25}, {"move": {"name": "double-team"}, "earliest_level": null}, {"move": {"name": "reflect"}, "earliest_level": null}, {"move": {"name": "focus-energy"}, "earliest_level": 24}, {"move": {"name": "bide"}, "earliest_level": null}, {"move": {"name": "smog"}, "earliest_level": 20}, {"move": {"name": "fire-blast"}, "earliest_level": 45}, {"move": {"name": "swift"}, "earliest_level": 1}, {"move": {"name": "skull-bash"}, "earliest_level": null}, {"move": {"name": "rest"}, "earliest_level": null}, {"move": {"name": "substitute"}, "earliest_level": null}, {"move": {"name": "snore"}, "earliest_level": null}, {"move": {"name": "curse"}, "earliest_level": null}, {"move": {"name": "protect"}, "earliest_level": null}, {"move": {"name": "scary-face"}, "earliest_level": 29}, {"move": {"name": "mud-slap"}, "earliest_level": null}, {"move": {"name": "zap-cannon"}, "earliest_level": null}, {"move": {"name": "detect"}, "earliest_level": null}, {"move": {"name": "endure"}, "earliest_level": null}, {"move": {"name": "charm"}, "earliest_level": 1}, {"move": {"name": "swagger"}, "earliest_level": null}, {"move": {"name": "attract"}, "earliest_level": null}, {"move": {"name": "sleep-talk"}, "earliest_level": null}, {"move": {"name": "heal-bell"}, "earliest_level": null}, {"move": {"name": "return"}, "earliest_level": null}, {"move": {"name": "frustration"}, "earliest_level": null}, {"move": {"name": "baton-pass"}, "earliest_level": 1}, {"move": {"name": "iron-tail"}, "earliest_level": null}, {"move": {"name": "hidden-power"}, "earliest_level": null}, {"move": {"name": "rain-dance"}, "earliest_level": null}, {"move": {"name": "sunny-day"}, "earliest_level": null}, {"move": {"name": "shadow-ball"}, "earliest_level": null}, {"move": {"name": "rock-smash"}, "earliest_level": null}, {"move": {"name": "heat-wave"}, "earliest_level": null}, {"move": {"name": "will-o-wisp"}, "earliest_level": null}, {"move": {"name": "facade"}, "earliest_level": null}, {"move": {"name": "helping-hand"}, "earliest_level": 1}, {"move": {"name": "superpower"}, "earliest_level": null}, {"move": {"name": "yawn"}, "earliest_level": 1}, {"move": {"name": "endeavor"}, "earliest_level": null}, {"move": {"name": "secret-power"}, "earliest_level": null}, {"move": {"name": "hyper-voice"}, "earliest_level": null}, {"move": {"name": "weather-ball"}, "earliest_level": null}, {"move": {"name": "fake-tears"}, "earliest_level": null}, {"move": {"name": "overheat"}, "earliest_level": null}, {"move": {"name": "covet"}, "earliest_level": 1}, {"move": {"name": "calm-mind"}, "earliest_level": 34}, {"move": {"name": "natural-gift"}, "earliest_level": null}, {"move": {"name": "copycat"}, "earliest_level": 1}, {"move": {"name": "last-resort"}, "earliest_level": 41}, {"move": {"name": "flare-blitz"}, "earliest_level": 31}, {"move": {"name": "giga-impact"}, "earliest_level": null}, {"move": {"name": "fire-fang"}, "earliest_level": 20}, {"move": {"name": "lava-plume"}, "earliest_level": 37}, {"move": {"name": "captivate"}, "earliest_level": null}, {"move": {"name": "flame-charge"}, "earliest_level": null}, {"move": {"name": "round"}, "earliest_level": null}, {"move": {"name": "echoed-voice"}, "earliest_level": null}, {"move": {"name": "stored-power"}, "earliest_level": null}, {"move": {"name": "incinerate"}, "earliest_level": null}, {"move": {"name": "retaliate"}, "earliest_level": null}, {"move": {"name": "work-up"}, "earliest_level": null}, {"move": {"name": "confide"}, "earliest_level": null}, {"move": {"name": "mystical-fire"}, "earliest_level": null}, {"move": {"name": "baby-doll-eyes"}, "earliest_level": 9}, {"move": {"name": "laser-focus"}, "earliest_level": null}, {"move": {"name": "burning-jealousy"}, "earliest_level": null}, {"move": {"name": "scorching-sands"}, "earliest_level": null}, {"move": {"name": "tera-blast"}, "earliest_level": null}, {"move": {"name": "trailblaze"}, "earliest_level": null}, {"move": {"name": "alluring-voice"}, "earliest_level": null}, {"move": {"name": "temper-flare"}, "earliest_level": null}], "species": {"url": "https://pokeapi.co/api/v2/pokemon-species/136/"}, "height": 9, "weight": 250}