{"flavor_text_entries": [{"flavor_text": "RELICANTH is a POK\u00e9MON species that\nexisted for a hundred million years\nwithout ever changing its form.\fThis ancient POK\u00e9MON feeds on\nmicroscopic organisms with its\ntoothless mouth.", "language": {"name": "en", "url": "https://pokeapi.co/api/v2/language/9/"}, "version": {"name": "ruby", "url": "https://pokeapi.co/api/v2/version/7/"}}, {"flavor_text": "RELICANTH is a rare species that was\ndiscovered in deep-sea explorations.\nThis POK\u00e9MON\u2019s body withstands the\fenormous water pressure of the ocean\ndepths. Its body is covered in tough\nscales that are like craggy rocks.", "language": {"name": "en", "url": "https://pokeapi.co/api/v2/language/9/"}, "version": {"name": "sapphire", "url": "https://pokeapi.co/api/v2/version/8/"}}, {"flavor_text": "A POK\u00e9MON that was once believed to have\nbeen extinct. The species has not changed\nits form for 100 million years. It walks on\nthe seafloor using its pectoral fins.", "language": {"name": "en", "url": "https://pokeapi.co/api/v2/language/9/"}, "version": {"name": "emerald", "url": "https://pokeapi.co/api/v2/version/9/"}}, {"flavor_text": "It has remained unchanged for 100\nmillion years. It was discovered\nduring a deep-sea exploration.", "language": {"name": "en", "url": "https://pokeapi.co/api/v2/language/9/"}, "version": {"name": "firered", "url": "https://pokeapi.co/api/v2/version/10/"}}, {"flavor_text": "It has remained unchanged for 100\nmillion years. It was discovered\nduring a deep-sea exploration.", "language": {"name": "en", "url": "https://pokeapi.co/api/v2/language/9/"}, "version": {"name": "leafgreen", "url": "https://pokeapi.co/api/v2/version/11/"}}, {"flavor_text": "A rare Pok\u00e9mon discovered during\na deep-sea exploration. It has not\nchanged in over 100 million years.", "language": {"name": "en", "url": "https://pokeapi.co/api/v2/language/9/"}, "version": {"name": "diamond", "url": "https://pokeapi.co/api/v2/version/12/"}}, {"flavor_text": "A rare Pok\u00e9mon discovered during\na deep-sea exploration. It has not\nchanged in over 100 million years.", "language": {"name": "en", "url": "https://pokeapi.co/api/v2/language/9/"}, "version": {"name": "pearl", "url": "https://pokeapi.co/api/v2/version/13/"}}, {"flavor_text": "A rare Pok\u00e9mon discovered during\na deep-sea exploration. It has not\nchanged in over 100 million years.", "language": {"name": "en", "url": "https://pokeapi.co/api/v2/language/9/"}, "version": {"name": "platinum", "url": "https://pokeapi.co/api/v2/version/14/"}}, {"flavor_text": "Discovered by chance during\ndeep-sea explorations, it has not\nchanged since ancient times.", "language": {"name": "en", "url": "https://pokeapi.co/api/v2/language/9/"}, "version": {"name": "heartgold", "url": "https://pokeapi.co/api/v2/version/15/"}}, {"flavor_text": "Discovered by chance during\ndeep-sea explorations, it has not\nchanged since ancient times.", "language": {"name": "en", "url": "https://pokeapi.co/api/v2/language/9/"}, "version": {"name": "soulsilver", "url": "https://pokeapi.co/api/v2/version/16/"}}, {"flavor_text": "A rare Pok\u00e9mon discovered during\na deep-sea exploration. It has not\nchanged in over 100 million years.", "language": {"name": "en", "url": "https://pokeapi.co/api/v2/language/9/"}, "version": {"name": "black", "url": "https://pokeapi.co/api/v2/version/17/"}}, {"flavor_text": "A rare Pok\u00e9mon discovered during\na deep-sea exploration. It has not\nchanged in over 100 million years.", "language": {"name": "en", "url": "https://pokeapi.co/api/v2/language/9/"}, "version": {"name": "white", "url": "https://pokeapi.co/api/v2/version/18/"}}, {"flavor_text": "A rare Pok\u00e9mon discovered during\na deep-sea exploration. It has not\nchanged in over 100 million years.", "language": {"name": "en", "url": "https://pokeapi.co/api/v2/language/9/"}, "version": {"name": "black-2", "url": "https://pokeapi.co/api/v2/version/21/"}}, {"flavor_text": "A rare Pok\u00e9mon discovered during\na deep-sea exploration. It has not\nchanged in over 100 million years.", "language": {"name": "en", "url": "https://pokeapi.co/api/v2/language/9/"}, "version": {"name": "white-2", "url": "https://pokeapi.co/api/v2/version/22/"}}, {"flavor_text": "It has remained unchanged for 100 million years.\nIt was discovered during a deep-sea exploration.", "language": {"name": "en", "url": "https://pokeapi.co/api/v2/language/9/"}, "version": {"name": "x", "url": "https://pokeapi.co/api/v2/version/23/"}}, {"flavor_text": "A rare Pok\u00e9mon discovered during a deep-sea\nexploration. It has not changed in over\n100 million years.", "language": {"name": "en", "url": "https://pokeapi.co/api/v2/language/9/"}, "version": {"name": "y", "url": "https://pokeapi.co/api/v2/version/24/"}}, {"flavor_text": "Relicanth is a Pok\u00e9mon species that existed for a hundred\nmillion years without ever changing its form. This ancient\nPok\u00e9mon feeds on microscopic organisms with its\ntoothless mouth.", "language": {"name": "en", "url": "https://pokeapi.co/api/v2/language/9/"}, "version": {"name": "omega-ruby", "url": "https://pokeapi.co/api/v2/version/25/"}}, {"flavor_text": "Relicanth is a rare species that was discovered in deep-sea\nexplorations. This Pok\u00e9mon\u2019s body withstands the enormous\nwater pressure of the ocean depths. Its body is covered in\ntough scales that are like craggy rocks.", "language": {"name": "en", "url": "https://pokeapi.co/api/v2/language/9/"}, "version": {"name": "alpha-sapphire", "url": "https://pokeapi.co/api/v2/version/26/"}}, {"flavor_text": "Its form has remained the same for one hundred\nmillion years. Its body is filled with fat, so it can\nwithstand the water pressure of the deep sea.", "language": {"name": "en", "url": "https://pokeapi.co/api/v2/language/9/"}, "version": {"name": "sun", "url": "https://pokeapi.co/api/v2/version/27/"}}, {"flavor_text": "It was fortuitously discovered during a deep sea\nexpedition. Its teeth have atrophied, so it now\nsurvives on microscopic organisms it sucks up.", "language": {"name": "en", "url": "https://pokeapi.co/api/v2/language/9/"}, "version": {"name": "moon", "url": "https://pokeapi.co/api/v2/version/28/"}}, {"flavor_text": "Thought to have gone extinct, Relicanth was\ngiven a name that is a variation of the name of\nthe person who discovered it.", "language": {"name": "en", "url": "https://pokeapi.co/api/v2/language/9/"}, "version": {"name": "ultra-sun", "url": "https://pokeapi.co/api/v2/version/29/"}}, {"flavor_text": "The reason it hasn\u2019t changed at all in a hundred\nmillion years is that it\u2019s apparently already a\nperfect life-form.", "language": {"name": "en", "url": "https://pokeapi.co/api/v2/language/9/"}, "version": {"name": "ultra-moon", "url": "https://pokeapi.co/api/v2/version/30/"}}, {"flavor_text": "Rock-hard scales and oil-filled swim bladders\nallow this Pok\u00e9mon to survive the intense water\npressure of the deep sea.", "language": {"name": "en", "url": "https://pokeapi.co/api/v2/language/9/"}, "version": {"name": "sword", "url": "https://pokeapi.co/api/v2/version/33/"}}, {"flavor_text": "This Pok\u00e9mon was discovered during deep-sea\nexploration. Its appearance hasn\u2019t changed in\n100,000,000 years, so it\u2019s called a living fossil.", "language": {"name": "en", "url": "https://pokeapi.co/api/v2/language/9/"}, "version": {"name": "shield", "url": "https://pokeapi.co/api/v2/version/34/"}}], "evolution_chain": {"url": "https://pokeapi.co/api/v2/evolution-chain/189/"}}