{
  "base_happiness": 70,
  "capture_rate": 75,
  "color": {
    "name": "purple",
    "url": "https://pokeapi.co/api/v2/pokemon-color/7/"
  },
  "egg_groups": [
    {
      "name": "no-eggs",
      "url": "https://pokeapi.co/api/v2/egg-group/15/"
    }
  ],
  "evolution_chain": {
    "url": "https://pokeapi.co/api/v2/evolution-chain/47/"
  },
  "evolves_from_species": null,
  "flavor_text_entries": [
    {
      "flavor_text": "It is always\nbursting with en\u00ad\nergy. To make it\u00ad\fself stronger, it\nkeeps on fighting\neven if it loses.",
      "language": {
        "name": "en",
        "url": "https://pokeapi.co/api/v2/language/9/"
      },
      "version": {
        "name": "gold",
        "url": "https://pokeapi.co/api/v2/version/4/"
      }
    },
    {
      "flavor_text": "Even though it is\nsmall, it can't be\nignored because\fit will slug any\nhandy target with\u00ad\nout warning.",
      "language": {
        "name": "en",
        "url": "https://pokeapi.co/api/v2/language/9/"
      },
      "version": {
        "name": "silver",
        "url": "https://pokeapi.co/api/v2/version/5/"
      }
    },
    {
      "flavor_text": "To brush up on its\nfighting skills,\nit will challenge\fanyone. It has a\nvery strong com\u00ad\npetitive spirit.",
      "language": {
        "name": "en",
        "url": "https://pokeapi.co/api/v2/language/9/"
      },
      "version": {
        "name": "crystal",
        "url": "https://pokeapi.co/api/v2/version/6/"
      }
    },
    {
      "flavor_text": "TYROGUE becomes stressed out if it\ndoes not get to train every day.\nWhen raising this POK\u00e9MON, the TRAINER\fmust establish and uphold various\ntraining methods.",
      "language": {
        "name": "en",
        "url": "https://pokeapi.co/api/v2/language/9/"
      },
      "version": {
        "name": "ruby",
        "url": "https://pokeapi.co/api/v2/version/7/"
      }
    },
    {
      "flavor_text": "TYROGUE becomes stressed out if it\ndoes not get to train every day.\nWhen raising this POK\u00e9MON, the TRAINER\fmust establish and uphold various\ntraining methods.",
      "language": {
        "name": "en",
        "url": "https://pokeapi.co/api/v2/language/9/"
      },
      "version": {
        "name": "sapphire",
        "url": "https://pokeapi.co/api/v2/version/8/"
      }
    },
    {
      "flavor_text": "TYROGUE become stressed out if they do\nnot get to train every day. When raising\nthis POK\u00e9MON, the TRAINER must establish\na regular training schedule.",
      "language": {
        "name": "en",
        "url": "https://pokeapi.co/api/v2/language/9/"
      },
      "version": {
        "name": "emerald",
        "url": "https://pokeapi.co/api/v2/version/9/"
      }
    },
    {
      "flavor_text": "Even though it is small, it can\u2019t be\nignored because it will slug any handy\ntarget without warning.",
      "language": {
        "name": "en",
        "url": "https://pokeapi.co/api/v2/language/9/"
      },
      "version": {
        "name": "firered",
        "url": "https://pokeapi.co/api/v2/version/10/"
      }
    },
    {
      "flavor_text": "It is always bursting with energy. To make\nitself stronger, it keeps on fighting even\nif it loses.",
      "language": {
        "name": "en",
        "url": "https://pokeapi.co/api/v2/language/9/"
      },
      "version": {
        "name": "leafgreen",
        "url": "https://pokeapi.co/api/v2/version/11/"
      }
    },
    {
      "flavor_text": "It is famous for its eagerness to\nfight and always nurses injuries\nfrom challenging larger foes.",
      "language": {
        "name": "en",
        "url": "https://pokeapi.co/api/v2/language/9/"
      },
      "version": {
        "name": "diamond",
        "url": "https://pokeapi.co/api/v2/version/12/"
      }
    },
    {
      "flavor_text": "It is famous for its eagerness to\nfight and always nurses injuries\nfrom challenging larger foes.",
      "language": {
        "name": "en",
        "url": "https://pokeapi.co/api/v2/language/9/"
      },
      "version": {
        "name": "pearl",
        "url": "https://pokeapi.co/api/v2/version/13/"
      }
    },
    {
      "flavor_text": "It is famous for its eagerness to\nfight and always nurses injuries\nfrom challenging larger foes.",
      "language": {
        "name": "en",
        "url": "https://pokeapi.co/api/v2/language/9/"
      },
      "version": {
        "name": "platinum",
        "url": "https://pokeapi.co/api/v2/version/14/"
      }
    },
    {
      "flavor_text": "It is always bursting with energy.\nTo make itself stronger, it\nkeeps on fighting even if it loses.",
      "language": {
        "name": "en",
        "url": "https://pokeapi.co/api/v2/language/9/"
      },
      "version": {
        "name": "heartgold",
        "url": "https://pokeapi.co/api/v2/version/15/"
      }
    },
    {
      "flavor_text": "Even though it is small, it can\u2019t be\nignored because it will slug any\nhandy target without warning.",
      "language": {
        "name": "en",
        "url": "https://pokeapi.co/api/v2/language/9/"
      },
      "version": {
        "name": "soulsilver",
        "url": "https://pokeapi.co/api/v2/version/16/"
      }
    },
    {
      "flavor_text": "Il est r\u00e9put\u00e9 pour sa combativit\u00e9.\nIl se blesse toujours en d\u00e9fiant\ndes ennemis plus grands.",
      "language": {
        "name": "fr",
        "url": "https://pokeapi.co/api/v2/language/5/"
      },
      "version": {
        "name": "black",
        "url": "https://pokeapi.co/api/v2/version/17/"
      }
    },
    {
      "flavor_text": "It is famous for its eagerness to\nfight and always nurses injuries\nfrom challenging larger foes.",
      "language": {
        "name": "en",
        "url": "https://pokeapi.co/api/v2/language/9/"
      },
      "version": {
        "name": "black",
        "url": "https://pokeapi.co/api/v2/version/17/"
      }
    },
    {
      "flavor_text": "Il est r\u00e9put\u00e9 pour sa combativit\u00e9.\nIl se blesse toujours en d\u00e9fiant\ndes ennemis plus grands.",
      "language": {
        "name": "fr",
        "url": "https://pokeapi.co/api/v2/language/5/"
      },
      "version": {
        "name": "white",
        "url": "https://pokeapi.co/api/v2/version/18/"
      }
    },
    {
      "flavor_text": "It is famous for its eagerness to\nfight and always nurses injuries\nfrom challenging larger foes.",
      "language": {
        "name": "en",
        "url": "https://pokeapi.co/api/v2/language/9/"
      },
      "version": {
        "name": "white",
        "url": "https://pokeapi.co/api/v2/version/18/"
      }
    },
    {
      "flavor_text": "It is famous for its eagerness to\nfight and always nurses injuries\nfrom challenging larger foes.",
      "language": {
        "name": "en",
        "url": "https://pokeapi.co/api/v2/language/9/"
      },
      "version": {
        "name": "black-2",
        "url": "https://pokeapi.co/api/v2/version/21/"
      }
    },
    {
      "flavor_text": "It is famous for its eagerness to\nfight and always nurses injuries\nfrom challenging larger foes.",
      "language": {
        "name": "en",
        "url": "https://pokeapi.co/api/v2/language/9/"
      },
      "version": {
        "name": "white-2",
        "url": "https://pokeapi.co/api/v2/version/22/"
      }
    },
    {
      "flavor_text": "\u3044\u3064\u3067\u3082\u3000\u3052\u3093\u304d\u3044\u3063\u3071\u3044\u3002\n\u3064\u3088\u304f\u306a\u308b\u305f\u3081\u3000\u307e\u3051\u3066\u3082\u3000\u307e\u3051\u3066\u3082\n\u3042\u3044\u3066\u306b\u3000\u305f\u3061\u3080\u304b\u3063\u3066\u3044\u304f\u3002",
      "language": {
        "name": "ja-Hrkt",
        "url": "https://pokeapi.co/api/v2/language/1/"
      },
      "version": {
        "name": "x",
        "url": "https://pokeapi.co/api/v2/version/23/"
      }
    },
    {
      "flavor_text": "\ud56d\uc0c1 \uae30\uc6b4\uc774 \ub118\uce5c\ub2e4.\n\uac15\ud574\uc9c0\uae30 \uc704\ud574 \uacc4\uc18d \uc838\ub3c4\n\uc0c1\ub300\uc5d0\uac8c \ub9de\uc120\ub2e4.",
      "language": {
        "name": "ko",
        "url": "https://pokeapi.co/api/v2/language/3/"
      },
      "version": {
        "name": "x",
        "url": "https://pokeapi.co/api/v2/version/23/"
      }
    },
    {
      "flavor_text": "Il est plein d\u2019\u00e9nergie. Il se bat tout le temps pour\n\u00eatre plus fort, quitte \u00e0 perdre un combat.",
      "language": {
        "name": "fr",
        "url": "https://pokeapi.co/api/v2/language/5/"
      },
      "version": {
        "name": "x",
        "url": "https://pokeapi.co/api/v2/version/23/"
      }
    },
    {
      "flavor_text": "Es strotzt vor Energie. Um noch st\u00e4rker zu werden,\nk\u00e4mpft es weiter, auch wenn es verloren hat.",
      "language": {
        "name": "de",
        "url": "https://pokeapi.co/api/v2/language/6/"
      },
      "version": {
        "name": "x",
        "url": "https://pokeapi.co/api/v2/version/23/"
      }
    },
    {
      "flavor_text": "Ataca siempre con mucha energ\u00eda. Para fortalecerse a\ns\u00ed mismo, sigue luchando aunque pierda.",
      "language": {
        "name": "es",
        "url": "https://pokeapi.co/api/v2/language/7/"
      },
      "version": {
        "name": "x",
        "url": "https://pokeapi.co/api/v2/version/23/"
      }
    },
    {
      "flavor_text": "Sempre traboccante di energia. Per rinforzarsi\ncontinua a combattere anche dopo aver perso.",
      "language": {
        "name": "it",
        "url": "https://pokeapi.co/api/v2/language/8/"
      },
      "version": {
        "name": "x",
        "url": "https://pokeapi.co/api/v2/version/23/"
      }
    },
    {
      "flavor_text": "It is always bursting with energy. To make itself\nstronger, it keeps on fighting even if it loses.",
      "language": {
        "name": "en",
        "url": "https://pokeapi.co/api/v2/language/9/"
      },
      "version": {
        "name": "x",
        "url": "https://pokeapi.co/api/v2/version/23/"
      }
    },
    {
      "flavor_text": "\u3044\u3064\u3067\u3082\u3000\u5143\u6c17\u3044\u3063\u3071\u3044\u3002\n\u5f37\u304f\u306a\u308b\u305f\u3081\u3000\u8ca0\u3051\u3066\u3082\u3000\u8ca0\u3051\u3066\u3082\n\u76f8\u624b\u306b\u3000\u7acb\u3061\u5411\u304b\u3063\u3066\u3044\u304f\u3002",
      "language": {
        "name": "ja",
        "url": "https://pokeapi.co/api/v2/language/11/"
      },
      "version": {
        "name": "x",
        "url": "https://pokeapi.co/api/v2/version/23/"
      }
    },
    {
      "flavor_text": "\u304b\u304f\u3068\u3046\u30bb\u30f3\u30b9\u3092\u3000\u307f\u304c\u304f\u305f\u3081\n\u3042\u3089\u3086\u308b\u3000\u3042\u3044\u3066\u306b\u3000\u305f\u3061\u3080\u304b\u3046\u3002\n\u307e\u3051\u3093\u304d\u304c\u3000\u3082\u306e\u3059\u3054\u304f\u3000\u3064\u3088\u3044\u3002",
      "language": {
        "name": "ja-Hrkt",
        "url": "https://pokeapi.co/api/v2/language/1/"
      },
      "version": {
        "name": "y",
        "url": "https://pokeapi.co/api/v2/version/24/"
      }
    },
    {
      "flavor_text": "\uaca9\ud22c \uac10\uac01\uc744 \ub2e6\uae30 \uc704\ud574\n\ubaa8\ub4e0 \uc0c1\ub300\uc5d0\uac8c \ub9de\uc120\ub2e4.\n\uc624\uae30\uac00 \uad49\uc7a5\ud788 \uc138\ub2e4.",
      "language": {
        "name": "ko",
        "url": "https://pokeapi.co/api/v2/language/3/"
      },
      "version": {
        "name": "y",
        "url": "https://pokeapi.co/api/v2/version/24/"
      }
    },
    {
      "flavor_text": "Pour augmenter ses capacit\u00e9s, il cherche \u00e0 se battre\ncontre n\u2019importe qui. Il est tr\u00e8s courageux.",
      "language": {
        "name": "fr",
        "url": "https://pokeapi.co/api/v2/language/5/"
      },
      "version": {
        "name": "y",
        "url": "https://pokeapi.co/api/v2/version/24/"
      }
    },
    {
      "flavor_text": "Um seine Kampff\u00e4higkeiten zu verbessern, tritt es\ngegen jeden an. Es besitzt gro\u00dfen Kampfgeist.",
      "language": {
        "name": "de",
        "url": "https://pokeapi.co/api/v2/language/6/"
      },
      "version": {
        "name": "y",
        "url": "https://pokeapi.co/api/v2/version/24/"
      }
    },
    {
      "flavor_text": "Para mejorar sus t\u00e9cnicas de lucha, desafiar\u00e1 a\ncualquiera. Tiene un esp\u00edritu muy competitivo.",
      "language": {
        "name": "es",
        "url": "https://pokeapi.co/api/v2/language/7/"
      },
      "version": {
        "name": "y",
        "url": "https://pokeapi.co/api/v2/version/24/"
      }
    },
    {
      "flavor_text": "Sfida chiunque per mettere alla prova le sua abilit\u00e0\nnella lotta. Ha un forte spirito agonistico.",
      "language": {
        "name": "it",
        "url": "https://pokeapi.co/api/v2/language/8/"
      },
      "version": {
        "name": "y",
        "url": "https://pokeapi.co/api/v2/version/24/"
      }
    },
    {
      "flavor_text": "To brush up on its fighting skills, it will challenge\nanyone. It has a very strong competitive spirit.",
      "language": {
        "name": "en",
        "url": "https://pokeapi.co/api/v2/language/9/"
      },
      "version": {
        "name": "y",
        "url": "https://pokeapi.co/api/v2/version/24/"
      }
    },
    {
      "flavor_text": "\u683c\u95d8\u30bb\u30f3\u30b9\u3092\u3000\u78e8\u304f\u305f\u3081\n\u3042\u3089\u3086\u308b\u3000\u76f8\u624b\u306b\u3000\u7acb\u3061\u5411\u304b\u3046\u3002\n\u8ca0\u3051\u3093\u6c17\u304c\u3000\u3082\u306e\u3059\u3054\u304f\u3000\u5f37\u3044\u3002",
      "language": {
        "name": "ja",
        "url": "https://pokeapi.co/api/v2/language/11/"
      },
      "version": {
        "name": "y",
        "url": "https://pokeapi.co/api/v2/version/24/"
      }
    },
    {
      "flavor_text": "\u307e\u3044\u306b\u3061\u3000\u30c8\u30ec\u30fc\u30cb\u30f3\u30b0\u3000\u3057\u306a\u3044\u3068\u3000\u30b9\u30c8\u30ec\u30b9\u304c\n\u305f\u307e\u3063\u3066\u3057\u307e\u3046\u306e\u3067\u3000\u30c8\u30ec\u30fc\u30ca\u30fc\u306f\u3000\u305d\u3060\u3066\u308b\u3000\u3068\u304d\n\u30b9\u30b1\u30b8\u30e5\u30fc\u30eb\u304b\u3093\u308a\u306b\u3000\u304f\u3075\u3046\u304c\u3000\u3072\u3064\u3088\u3046\u3060\u3002",
      "language": {
        "name": "ja-Hrkt",
        "url": "https://pokeapi.co/api/v2/language/1/"
      },
      "version": {
        "name": "omega-ruby",
        "url": "https://pokeapi.co/api/v2/version/25/"
      }
    },
    {
      "flavor_text": "\ub9e4\uc77c \ud2b8\ub808\uc774\ub2dd\ud558\uc9c0 \uc54a\uc73c\uba74 \uc2a4\ud2b8\ub808\uc2a4\uac00\n\uc313\uc774\uae30 \ub54c\ubb38\uc5d0 \ud2b8\ub808\uc774\ub108\ub294 \ud0a4\uc6b8 \ub54c\n\uc2a4\ucf00\uc904 \uad00\ub9ac\uc5d0 \uc5ec\ub7ec\ubaa8\ub85c \uace0\ubbfc\ud574\uc57c \ud55c\ub2e4.",
      "language": {
        "name": "ko",
        "url": "https://pokeapi.co/api/v2/language/3/"
      },
      "version": {
        "name": "omega-ruby",
        "url": "https://pokeapi.co/api/v2/version/25/"
      }
    },
    {
      "flavor_text": "Debugant devient nerveux s\u2019il ne s\u2019entra\u00eene pas tous les jours.\nLorsqu\u2019un Dresseur \u00e9l\u00e8ve ce Pok\u00e9mon, il doit \u00e9tablir et\nappliquer un programme d\u2019entra\u00eenement tr\u00e8s complet.",
      "language": {
        "name": "fr",
        "url": "https://pokeapi.co/api/v2/language/5/"
      },
      "version": {
        "name": "omega-ruby",
        "url": "https://pokeapi.co/api/v2/version/25/"
      }
    },
    {
      "flavor_text": "Rabauz muss jeden Tag trainieren, sonst ist es nicht\nausgelastet und reagiert gestresst. Wenn man dieses\nPok\u00e9mon trainiert, muss man zahlreiche Trainingsmethoden\neinsetzen und sie st\u00e4ndig ausbauen.",
      "language": {
        "name": "de",
        "url": "https://pokeapi.co/api/v2/language/6/"
      },
      "version": {
        "name": "omega-ruby",
        "url": "https://pokeapi.co/api/v2/version/25/"
      }
    },
    {
      "flavor_text": "Tyrogue se pone demasiado nervioso si no lo sacan a\nentrenarse cada d\u00eda. Su Entrenador debe establecer y\nmantener ciertos m\u00e9todos de entrenamiento durante la cr\u00eda.",
      "language": {
        "name": "es",
        "url": "https://pokeapi.co/api/v2/language/7/"
      },
      "version": {
        "name": "omega-ruby",
        "url": "https://pokeapi.co/api/v2/version/25/"
      }
    },
    {
      "flavor_text": "Tyrogue ha bisogno di allenarsi ogni giorno per scaricare\nla sua energia. Gli Allenatori che lo allevano devono stabilire\ne praticare diverse metodologie di allenamento.",
      "language": {
        "name": "it",
        "url": "https://pokeapi.co/api/v2/language/8/"
      },
      "version": {
        "name": "omega-ruby",
        "url": "https://pokeapi.co/api/v2/version/25/"
      }
    },
    {
      "flavor_text": "Tyrogue becomes stressed out if it does not get to train every\nday. When raising this Pok\u00e9mon, the Trainer must establish\nand uphold various training methods.",
      "language": {
        "name": "en",
        "url": "https://pokeapi.co/api/v2/language/9/"
      },
      "version": {
        "name": "omega-ruby",
        "url": "https://pokeapi.co/api/v2/version/25/"
      }
    },
    {
      "flavor_text": "\u6bce\u65e5\u3000\u30c8\u30ec\u30fc\u30cb\u30f3\u30b0\u3000\u3057\u306a\u3044\u3068\u3000\u30b9\u30c8\u30ec\u30b9\u304c\n\u305f\u307e\u3063\u3066\u3057\u307e\u3046\u306e\u3067\u3000\u30c8\u30ec\u30fc\u30ca\u30fc\u306f\u3000\u80b2\u3066\u308b\u3000\u3068\u304d\n\u30b9\u30b1\u30b8\u30e5\u30fc\u30eb\u7ba1\u7406\u306b\u3000\u5de5\u592b\u304c\u3000\u5fc5\u8981\u3060\u3002",
      "language": {
        "name": "ja",
        "url": "https://pokeapi.co/api/v2/language/11/"
      },
      "version": {
        "name": "omega-ruby",
        "url": "https://pokeapi.co/api/v2/version/25/"
      }
    },
    {
      "flavor_text": "\u307e\u3044\u306b\u3061\u3000\u30c8\u30ec\u30fc\u30cb\u30f3\u30b0\u3000\u3057\u306a\u3044\u3068\u3000\u30b9\u30c8\u30ec\u30b9\u304c\n\u305f\u307e\u3063\u3066\u3057\u307e\u3046\u306e\u3067\u3000\u30c8\u30ec\u30fc\u30ca\u30fc\u306f\u3000\u305d\u3060\u3066\u308b\u3000\u3068\u304d\n\u30b9\u30b1\u30b8\u30e5\u30fc\u30eb\u304b\u3093\u308a\u306b\u3000\u304f\u3075\u3046\u304c\u3000\u3072\u3064\u3088\u3046\u3060\u3002",
      "language": {
        "name": "ja-Hrkt",
        "url": "https://pokeapi.co/api/v2/language/1/"
      },
      "version": {
        "name": "alpha-sapphire",
        "url": "https://pokeapi.co/api/v2/version/26/"
      }
    },
    {
      "flavor_text": "\ub9e4\uc77c \ud2b8\ub808\uc774\ub2dd\ud558\uc9c0 \uc54a\uc73c\uba74 \uc2a4\ud2b8\ub808\uc2a4\uac00\n\uc313\uc774\uae30 \ub54c\ubb38\uc5d0 \ud2b8\ub808\uc774\ub108\ub294 \ud0a4\uc6b8 \ub54c\n\uc2a4\ucf00\uc904 \uad00\ub9ac\uc5d0 \uc5ec\ub7ec\ubaa8\ub85c \uace0\ubbfc\ud574\uc57c \ud55c\ub2e4.",
      "language": {
        "name": "ko",
        "url": "https://pokeapi.co/api/v2/language/3/"
      },
      "version": {
        "name": "alpha-sapphire",
        "url": "https://pokeapi.co/api/v2/version/26/"
      }
    },
    {
      "flavor_text": "Debugant devient nerveux s\u2019il ne s\u2019entra\u00eene pas tous les jours.\nLorsqu\u2019un Dresseur \u00e9l\u00e8ve ce Pok\u00e9mon, il doit \u00e9tablir et\nappliquer un programme d\u2019entra\u00eenement tr\u00e8s complet.",
      "language": {
        "name": "fr",
        "url": "https://pokeapi.co/api/v2/language/5/"
      },
      "version": {
        "name": "alpha-sapphire",
        "url": "https://pokeapi.co/api/v2/version/26/"
      }
    },
    {
      "flavor_text": "Rabauz muss jeden Tag trainieren, sonst ist es nicht\nausgelastet und reagiert gestresst. Wenn man dieses\nPok\u00e9mon trainiert, muss man zahlreiche Trainingsmethoden\neinsetzen und ausbauen.",
      "language": {
        "name": "de",
        "url": "https://pokeapi.co/api/v2/language/6/"
      },
      "version": {
        "name": "alpha-sapphire",
        "url": "https://pokeapi.co/api/v2/version/26/"
      }
    },
    {
      "flavor_text": "Tyrogue se pone demasiado nervioso si no lo sacan a\nentrenarse cada d\u00eda. Su Entrenador debe establecer y\nmantener ciertos m\u00e9todos de entrenamiento durante la cr\u00eda.",
      "language": {
        "name": "es",
        "url": "https://pokeapi.co/api/v2/language/7/"
      },
      "version": {
        "name": "alpha-sapphire",
        "url": "https://pokeapi.co/api/v2/version/26/"
      }
    },
    {
      "flavor_text": "Tyrogue ha bisogno di allenarsi ogni giorno per scaricare\nla sua energia. Gli Allenatori che lo allevano devono stabilire\ne praticare diverse metodologie di allenamento.",
      "language": {
        "name": "it",
        "url": "https://pokeapi.co/api/v2/language/8/"
      },
      "version": {
        "name": "alpha-sapphire",
        "url": "https://pokeapi.co/api/v2/version/26/"
      }
    },
    {
      "flavor_text": "Tyrogue becomes stressed out if it does not get to train every\nday. When raising this Pok\u00e9mon, the Trainer must establish\nand uphold various training methods.",
      "language": {
        "name": "en",
        "url": "https://pokeapi.co/api/v2/language/9/"
      },
      "version": {
        "name": "alpha-sapphire",
        "url": "https://pokeapi.co/api/v2/version/26/"
      }
    },
    {
      "flavor_text": "\u6bce\u65e5\u3000\u30c8\u30ec\u30fc\u30cb\u30f3\u30b0\u3000\u3057\u306a\u3044\u3068\u3000\u30b9\u30c8\u30ec\u30b9\u304c\n\u305f\u307e\u3063\u3066\u3057\u307e\u3046\u306e\u3067\u3000\u30c8\u30ec\u30fc\u30ca\u30fc\u306f\u3000\u80b2\u3066\u308b\u3000\u3068\u304d\n\u30b9\u30b1\u30b8\u30e5\u30fc\u30eb\u7ba1\u7406\u306b\u3000\u5de5\u592b\u304c\u3000\u5fc5\u8981\u3060\u3002",
      "language": {
        "name": "ja",
        "url": "https://pokeapi.co/api/v2/language/11/"
      },
      "version": {
        "name": "alpha-sapphire",
        "url": "https://pokeapi.co/api/v2/version/26/"
      }
    },
    {
      "flavor_text": "\u3044\u3064\u3067\u3082\u3000\u3052\u3093\u304d\u3044\u3063\u3071\u3044\u3002\n\u3064\u3088\u304f\u306a\u308b\u305f\u3081\u3000\u307e\u3051\u3066\u3082\u3000\u307e\u3051\u3066\u3082\n\u3042\u3044\u3066\u306b\u3000\u305f\u3061\u3080\u304b\u3063\u3066\u3044\u304f\u3002",
      "language": {
        "name": "ja-Hrkt",
        "url": "https://pokeapi.co/api/v2/language/1/"
      },
      "version": {
        "name": "sword",
        "url": "https://pokeapi.co/api/v2/version/33/"
      }
    },
    {
      "flavor_text": "\ud56d\uc0c1 \uae30\uc6b4\uc774 \ub118\uce5c\ub2e4.\n\uac15\ud574\uc9c0\uae30 \uc704\ud574 \uc9c0\uace0 \ub610 \uc838\ub3c4\n\uacc4\uc18d \uc0c1\ub300\uc5d0\uac8c \ub9de\uc120\ub2e4.",
      "language": {
        "name": "ko",
        "url": "https://pokeapi.co/api/v2/language/3/"
      },
      "version": {
        "name": "sword",
        "url": "https://pokeapi.co/api/v2/version/33/"
      }
    },
    {
      "flavor_text": "\u7121\u8ad6\u4f55\u6642\u90fd\u5145\u6eff\u6d3b\u529b\u3002\n\u70ba\u4e86\u8b8a\u5f37\uff0c\u5c31\u7b97\u8f38\u4e86\u4e00\u6b21\u53c8\u4e00\u6b21\uff0c\n\u4e5f\u6703\u4e0d\u65b7\u91cd\u65b0\u7ad9\u8d77\u4f86\u8fce\u6230\u5c0d\u624b\u3002",
      "language": {
        "name": "zh-Hant",
        "url": "https://pokeapi.co/api/v2/language/4/"
      },
      "version": {
        "name": "sword",
        "url": "https://pokeapi.co/api/v2/version/33/"
      }
    },
    {
      "flavor_text": "Ce Pok\u00e9mon est d\u00e9bordant d\u2019\u00e9nergie.\nM\u00eame s\u2019il perd encore et encore, il se rel\u00e8ve\ntoujours pour devenir plus fort.",
      "language": {
        "name": "fr",
        "url": "https://pokeapi.co/api/v2/language/5/"
      },
      "version": {
        "name": "sword",
        "url": "https://pokeapi.co/api/v2/version/33/"
      }
    },
    {
      "flavor_text": "Es strotzt vor Energie. Um st\u00e4rker zu werden,\nfordert es seine Gegner immer wieder heraus,\nauch wenn es schon mehrmals verloren hat.",
      "language": {
        "name": "de",
        "url": "https://pokeapi.co/api/v2/language/6/"
      },
      "version": {
        "name": "sword",
        "url": "https://pokeapi.co/api/v2/version/33/"
      }
    },
    {
      "flavor_text": "Siempre est\u00e1 rebosante de energ\u00eda. Por muchas\nderrotas que acumule, no deja de plantar cara a\nsus rivales con tal de fortalecerse.",
      "language": {
        "name": "es",
        "url": "https://pokeapi.co/api/v2/language/7/"
      },
      "version": {
        "name": "sword",
        "url": "https://pokeapi.co/api/v2/version/33/"
      }
    },
    {
      "flavor_text": "Sempre traboccante di energia. Per rinforzarsi\ncontinua a sfidare il suo avversario anche dopo\nessere stato ripetutamente sconfitto.",
      "language": {
        "name": "it",
        "url": "https://pokeapi.co/api/v2/language/8/"
      },
      "version": {
        "name": "sword",
        "url": "https://pokeapi.co/api/v2/version/33/"
      }
    },
    {
      "flavor_text": "It is always bursting with energy. To make itself\nstronger, it keeps on fighting even if it loses.",
      "language": {
        "name": "en",
        "url": "https://pokeapi.co/api/v2/language/9/"
      },
      "version": {
        "name": "sword",
        "url": "https://pokeapi.co/api/v2/version/33/"
      }
    },
    {
      "flavor_text": "\u3044\u3064\u3067\u3082\u3000\u5143\u6c17\u3044\u3063\u3071\u3044\u3002\n\u5f37\u304f\u306a\u308b\u305f\u3081\u3000\u8ca0\u3051\u3066\u3082\u3000\u8ca0\u3051\u3066\u3082\n\u76f8\u624b\u306b\u3000\u7acb\u3061\u5411\u304b\u3063\u3066\u3044\u304f\u3002",
      "language": {
        "name": "ja",
        "url": "https://pokeapi.co/api/v2/language/11/"
      },
      "version": {
        "name": "sword",
        "url": "https://pokeapi.co/api/v2/version/33/"
      }
    },
    {
      "flavor_text": "\u6c38\u8fdc\u90fd\u662f\u7cbe\u529b\u5145\u6c9b\u7684\u6837\u5b50\u3002\n\u4e3a\u4e86\u53d8\u5f3a\uff0c\u5c31\u7b97\u8f93\u4e86\u4e00\u6b21\u53c8\u4e00\u6b21\uff0c\n\u4e5f\u4f1a\u4e0d\u65ad\u5730\u7ad9\u8d77\u6765\u8fce\u6218\u5bf9\u624b\u3002",
      "language": {
        "name": "zh-Hans",
        "url": "https://pokeapi.co/api/v2/language/12/"
      },
      "version": {
        "name": "sword",
        "url": "https://pokeapi.co/api/v2/version/33/"
      }
    },
    {
      "flavor_text": "\u3066\u3054\u308d\u306a\u3000\u3042\u3044\u3066\u3092\u3000\u307f\u3064\u3051\u308b\u3068\n\u3059\u3050\u306b\u3000\u306a\u3050\u308a\u304b\u304b\u3063\u3066\u304f\u308b\u306e\u3067\n\u3061\u3044\u3055\u304f\u3066\u3082\u3000\u3086\u3060\u3093\u306a\u3089\u306a\u3044\u3002",
      "language": {
        "name": "ja-Hrkt",
        "url": "https://pokeapi.co/api/v2/language/1/"
      },
      "version": {
        "name": "shield",
        "url": "https://pokeapi.co/api/v2/version/34/"
      }
    },
    {
      "flavor_text": "\ub9cc\ub9cc\ud55c \uc0c1\ub300\ub97c \ubc1c\uacac\ud558\uba74\n\ubc14\ub85c \uacf5\uaca9\ud574\uc624\uae30 \ub54c\ubb38\uc5d0\n\ubab8\uc9d1\uc774 \uc791\uc544\ub3c4 \ubc29\uc2ec\uc740 \ud560 \uc218 \uc5c6\ub2e4.",
      "language": {
        "name": "ko",
        "url": "https://pokeapi.co/api/v2/language/3/"
      },
      "version": {
        "name": "shield",
        "url": "https://pokeapi.co/api/v2/version/34/"
      }
    },
    {
      "flavor_text": "\u9ad4\u578b\u96d6\u5c0f\u537b\u4e0d\u53ef\u8f15\u8996\uff0c\n\u56e0\u70ba\u7260\u53ea\u8981\u767c\u73fe\u5408\u9069\u7684\u5c0d\u624b\uff0c\n\u5c31\u6703\u99ac\u4e0a\u64b2\u4e0a\u53bb\u5927\u6253\u51fa\u624b\u3002",
      "language": {
        "name": "zh-Hant",
        "url": "https://pokeapi.co/api/v2/language/4/"
      },
      "version": {
        "name": "shield",
        "url": "https://pokeapi.co/api/v2/version/34/"
      }
    },
    {
      "flavor_text": "M\u00eame s\u2019il est petit, il vaut mieux ne pas l\u2019ignorer :\nquand il trouve un adversaire \u00e0 sa hauteur,\nil frappe fort et souvent sans pr\u00e9venir.",
      "language": {
        "name": "fr",
        "url": "https://pokeapi.co/api/v2/language/5/"
      },
      "version": {
        "name": "shield",
        "url": "https://pokeapi.co/api/v2/version/34/"
      }
    },
    {
      "flavor_text": "Es ist zwar nicht gro\u00df, geht aber entschlossen\nzum Angriff \u00fcber, sobald es einen angemessenen\nGegner sichtet. Vorsicht ist also geboten.",
      "language": {
        "name": "de",
        "url": "https://pokeapi.co/api/v2/language/6/"
      },
      "version": {
        "name": "shield",
        "url": "https://pokeapi.co/api/v2/version/34/"
      }
    },
    {
      "flavor_text": "Su peque\u00f1o tama\u00f1o no debe ser motivo para\nsubestimarlo, ya que se liar\u00e1 de inmediato a\ngolpes con cualquier rival que estime oportuno.",
      "language": {
        "name": "es",
        "url": "https://pokeapi.co/api/v2/language/7/"
      },
      "version": {
        "name": "shield",
        "url": "https://pokeapi.co/api/v2/version/34/"
      }
    },
    {
      "flavor_text": "Anche se \u00e8 piccolo, non bisogna abbassare\nla guardia: quando trova un avversario che fa\nal caso suo, inizia subito a tempestarlo di colpi.",
      "language": {
        "name": "it",
        "url": "https://pokeapi.co/api/v2/language/8/"
      },
      "version": {
        "name": "shield",
        "url": "https://pokeapi.co/api/v2/version/34/"
      }
    },
    {
      "flavor_text": "Even though it is small, it can\u2019t be ignored because\nit will slug any handy target without warning.",
      "language": {
        "name": "en",
        "url": "https://pokeapi.co/api/v2/language/9/"
      },
      "version": {
        "name": "shield",
        "url": "https://pokeapi.co/api/v2/version/34/"
      }
    },
    {
      "flavor_text": "\u624b\u3054\u308d\u306a\u3000\u76f8\u624b\u3092\u3000\u898b\u3064\u3051\u308b\u3068\n\u3059\u3050\u306b\u3000\u6bb4\u308a\u304b\u304b\u3063\u3066\u304f\u308b\u306e\u3067\n\u5c0f\u3055\u304f\u3066\u3082\u3000\u6cb9\u65ad\u306a\u3089\u306a\u3044\u3002",
      "language": {
        "name": "ja",
        "url": "https://pokeapi.co/api/v2/language/11/"
      },
      "version": {
        "name": "shield",
        "url": "https://pokeapi.co/api/v2/version/34/"
      }
    },
    {
      "flavor_text": "\u4f53\u578b\u504f\u5c0f\u5374\u4e0d\u53ef\u8f7b\u89c6\uff0c\n\u56e0\u4e3a\u5b83\u53ea\u8981\u53d1\u73b0\u5408\u9002\u7684\u5bf9\u624b\n\u4fbf\u4f1a\u9a6c\u4e0a\u6251\u4e0a\u53bb\u5927\u6253\u51fa\u624b\u3002",
      "language": {
        "name": "zh-Hans",
        "url": "https://pokeapi.co/api/v2/language/12/"
      },
      "version": {
        "name": "shield",
        "url": "https://pokeapi.co/api/v2/version/34/"
      }
    }
  ],
  "form_descriptions": [],
  "forms_switchable": false,
  "gender_rate": 0,
  "genera": [
    {
      "genus": "\u3051\u3093\u304b\u30dd\u30b1\u30e2\u30f3",
      "language": {
        "name": "ja-Hrkt",
        "url": "https://pokeapi.co/api/v2/language/1/"
      }
    },
    {
      "genus": "\uc2f8\uc6c0\ud3ec\ucf13\ubaac",
      "language": {
        "name": "ko",
        "url": "https://pokeapi.co/api/v2/language/3/"
      }
    },
    {
      "genus": "\u6253\u9b25\u5bf6\u53ef\u5922",
      "language": {
        "name": "zh-Hant",
        "url": "https://pokeapi.co/api/v2/language/4/"
      }
    },
    {
      "genus": "Pok\u00e9mon Bagarreur",
      "language": {
        "name": "fr",
        "url": "https://pokeapi.co/api/v2/language/5/"
      }
    },
    {
      "genus": "Racker-Pok\u00e9mon",
      "language": {
        "name": "de",
        "url": "https://pokeapi.co/api/v2/language/6/"
      }
    },
    {
      "genus": "Pok\u00e9mon Pele\u00f3n",
      "language": {
        "name": "es",
        "url": "https://pokeapi.co/api/v2/language/7/"
      }
    },
    {
      "genus": "Pok\u00e9mon Baruffa",
      "language": {
        "name": "it",
        "url": "https://pokeapi.co/api/v2/language/8/"
      }
    },
    {
      "genus": "Scuffle Pok\u00e9mon",
      "language": {
        "name": "en",
        "url": "https://pokeapi.co/api/v2/language/9/"
      }
    },
    {
      "genus": "\u3051\u3093\u304b\u30dd\u30b1\u30e2\u30f3",
      "language": {
        "name": "ja",
        "url": "https://pokeapi.co/api/v2/language/11/"
      }
    },
    {
      "genus": "\u6253\u6597\u5b9d\u53ef\u68a6",
      "language": {
        "name": "zh-Hans",
        "url": "https://pokeapi.co/api/v2/language/12/"
      }
    }
  ],
  "generation": {
    "name": "generation-ii",
    "url": "https://pokeapi.co/api/v2/generation/2/"
  },
  "growth_rate": {
    "name": "medium",
    "url": "https://pokeapi.co/api/v2/growth-rate/2/"
  },
  "habitat": {
    "name": "urban",
    "url": "https://pokeapi.co/api/v2/pokemon-habitat/8/"
  },
  "has_gender_differences": false,
  "hatch_counter": 25,
  "id": 236,
  "is_baby": true,
  "is_legendary": false,
  "is_mythical": false,
  "name": "tyrogue",
  "names": [
    {
      "language": {
        "name": "ja-Hrkt",
        "url": "https://pokeapi.co/api/v2/language/1/"
      },
      "name": "\u30d0\u30eb\u30ad\u30fc"
    },
    {
      "language": {
        "name": "roomaji",
        "url": "https://pokeapi.co/api/v2/language/2/"
      },
      "name": "Balkie"
    },
    {
      "language": {
        "name": "ko",
        "url": "https://pokeapi.co/api/v2/language/3/"
      },
      "name": "\ubc30\ub8e8\ud0a4"
    },
    {
      "language": {
        "name": "zh-Hant",
        "url": "https://pokeapi.co/api/v2/language/4/"
      },
      "name": "\u7121\u754f\u5c0f\u5b50"
    },
    {
      "language": {
        "name": "fr",
        "url": "https://pokeapi.co/api/v2/language/5/"
      },
      "name": "Debugant"
    },
    {
      "language": {
        "name": "de",
        "url": "https://pokeapi.co/api/v2/language/6/"
      },
      "name": "Rabauz"
    },
    {
      "language": {
        "name": "es",
        "url": "https://pokeapi.co/api/v2/language/7/"
      },
      "name": "Tyrogue"
    },
    {
      "language": {
        "name": "it",
        "url": "https://pokeapi.co/api/v2/language/8/"
      },
      "name": "Tyrogue"
    },
    {
      "language": {
        "name": "en",
        "url": "https://pokeapi.co/api/v2/language/9/"
      },
      "name": "Tyrogue"
    },
    {
      "language": {
        "name": "ja",
        "url": "https://pokeapi.co/api/v2/language/11/"
      },
      "name": "\u30d0\u30eb\u30ad\u30fc"
    },
    {
      "language": {
        "name": "zh-Hans",
        "url": "https://pokeapi.co/api/v2/language/12/"
      },
      "name": "\u65e0\u754f\u5c0f\u5b50"
    }
  ],
  "order": 115,
  "pal_park_encounters": [
    {
      "area": {
        "name": "mountain",
        "url": "https://pokeapi.co/api/v2/pal-park-area/3/"
      },
      "base_score": 80,
      "rate": 10
    }
  ],
  "pokedex_numbers": [
    {
      "entry_number": 236,
      "pokedex": {
        "name": "national",
        "url": "https://pokeapi.co/api/v2/pokedex/1/"
      }
    },
    {
      "entry_number": 143,
      "pokedex": {
        "name": "original-johto",
        "url": "https://pokeapi.co/api/v2/pokedex/3/"
      }
    },
    {
      "entry_number": 145,
      "pokedex": {
        "name": "updated-johto",
        "url": "https://pokeapi.co/api/v2/pokedex/7/"
      }
    },
    {
      "entry_number": 107,
      "pokedex": {
        "name": "galar",
        "url": "https://pokeapi.co/api/v2/pokedex/27/"
      }
    },
    {
      "entry_number": 92,
      "pokedex": {
        "name": "blueberry",
        "url": "https://pokeapi.co/api/v2/pokedex/33/"
      }
    }
  ],
  "shape": {
    "name": "humanoid",
    "url": "https://pokeapi.co/api/v2/pokemon-shape/12/"
  },
  "varieties": [
    {
      "is_default": true,
      "pokemon": {
        "name": "tyrogue",
        "url": "https://pokeapi.co/api/v2/pokemon/236/"
      }
    }
  ]
}