{"id": 873, "name": "frosmoth", "types": [{"slot": 1, "type": {"name": "ice", "url": "https://pokeapi.co/api/v2/type/15/"}}, {"slot": 2, "type": {"name": "bug", "url": "https://pokeapi.co/api/v2/type/7/"}}], "stats": [{"base_stat": 70, "effort": 0, "stat": {"name": "hp", "url": "https://pokeapi.co/api/v2/stat/1/"}}, {"base_stat": 65, "effort": 0, "stat": {"name": "attack", "url": "https://pokeapi.co/api/v2/stat/2/"}}, {"base_stat": 60, "effort": 0, "stat": {"name": "defense", "url": "https://pokeapi.co/api/v2/stat/3/"}}, {"base_stat": 125, "effort": 2, "stat": {"name": "special-attack", "url": "https://pokeapi.co/api/v2/stat/4/"}}, {"base_stat": 90, "effort": 0, "stat": {"name": "special-defense", "url": "https://pokeapi.co/api/v2/stat/5/"}}, {"base_stat": 65, "effort": 0, "stat": {"name": "speed", "url": "https://pokeapi.co/api/v2/stat/6/"}}], "abilities": [{"ability": {"name": "shield-dust", "url": "https://pokeapi.co/api/v2/ability/19/"}, "is_hidden": false, "slot": 1}, {"ability": {"name": "ice-scales", "url": "https://pokeapi.co/api/v2/ability/246/"}, "is_hidden": true, "slot": 3}], "sprites": {"front_default": "https://raw.githubusercontent.com/PokeAPI/sprites/master/sprites/pokemon/873.png"}, "moves": [{"move": {"name": "take-down"}, "earliest_level": null}, {"move": {"name": "mist"}, "earliest_level": 12}, {"move": {"name": "ice-beam"}, "earliest_level": null}, {"move": {"name": "blizzard"}, "earliest_level": 40}, {"move": {"name": "aurora-beam"}, "earliest_level": 24}, {"move": {"name": "hyper-beam"}, "earliest_level": null}, {"move": {"name": "stun-spore"}, "earliest_level": 4}, {"move": {"name": "light-screen"}, "earliest_level": null}, {"move": {"name": "reflect"}, "earliest_level": null}, {"move": {"name": "swift"}, "earliest_level": null}, {"move": {"name": "leech-life"}, "earliest_level": null}, {"move": {"name": "rest"}, "earliest_level": null}, {"move": {"name": "substitute"}, "earliest_level": null}, {"move": {"name": "snore"}, "earliest_level": null}, {"move": {"name": "powder-snow"}, "earliest_level": 1}, {"move": {"name": "protect"}, "earliest_level": null}, {"move": {"name": "icy-wind"}, "earliest_level": 1}, {"move": {"name": "giga-drain"}, "earliest_level": null}, {"move": {"name": "endure"}, "earliest_level": null}, {"move": {"name": "attract"}, "earliest_level": 1}, {"move": {"name": "sleep-talk"}, "earliest_level": null}, {"move": {"name": "safeguard"}, "earliest_level": null}, {"move": {"name": "hail"}, "earliest_level": 28}, {"move": {"name": "facade"}, "earliest_level": null}, {"move": {"name": "helping-hand"}, "earliest_level": 1}, {"move": {"name": "imprison"}, "earliest_level": null}, {"move": {"name": "feather-dance"}, "earliest_level": 21}, {"move": {"name": "weather-ball"}, "earliest_level": null}, {"move": {"name": "icicle-spear"}, "earliest_level": null}, {"move": {"name": "calm-mind"}, "earliest_level": null}, {"move": {"name": "tailwind"}, "earliest_level": 44}, {"move": {"name": "u-turn"}, "earliest_level": null}, {"move": {"name": "air-slash"}, "earliest_level": null}, {"move": {"name": "bug-buzz"}, "earliest_level": 32}, {"move": {"name": "giga-impact"}, "earliest_level": null}, {"move": {"name": "avalanche"}, "earliest_level": null}, {"move": {"name": "defog"}, "earliest_level": 16}, {"move": {"name": "bug-bite"}, "earliest_level": null}, {"move": {"name": "wide-guard"}, "earliest_level": 48}, {"move": {"name": "quiver-dance"}, "earliest_level": 52}, {"move": {"name": "round"}, "earliest_level": null}, {"move": {"name": "acrobatics"}, "earliest_level": null}, {"move": {"name": "struggle-bug"}, "earliest_level": 1}, {"move": {"name": "hurricane"}, "earliest_level": null}, {"move": {"name": "play-rough"}, "earliest_level": null}, {"move": {"name": "dazzling-gleam"}, "earliest_level": null}, {"move": {"name": "infestation"}, "earliest_level": 8}, {"move": {"name": "lunge"}, "earliest_level": null}, {"move": {"name": "aurora-veil"}, "earliest_level": 36}, {"move": {"name": "skitter-smack"}, "earliest_level": null}, {"move": {"name": "triple-axel"}, "earliest_level": null}, {"move": {"name": "dual-wingbeat"}, "earliest_level": null}, {"move": {"name": "tera-blast"}, "earliest_level": null}, {"move": {"name": "ice-spinner"}, "earliest_level": null}, {"move": {"name": "snowscape"}, "earliest_level": 28}, {"move": {"name": "pounce"}, "earliest_level": null}], "species": {"url": "https://pokeapi.co/api/v2/pokemon-species/873/"}, "height": 13, "weight": 420}