{
  "base_happiness": 70,
  "capture_rate": 255,
  "color": {
    "name": "red",
    "url": "https://pokeapi.co/api/v2/pokemon-color/8/"
  },
  "egg_groups": [
    {
      "name": "water2",
      "url": "https://pokeapi.co/api/v2/egg-group/12/"
    },
    {
      "name": "dragon",
      "url": "https://pokeapi.co/api/v2/egg-group/14/"
    }
  ],
  "evolution_chain": {
    "url": "https://pokeapi.co/api/v2/evolution-chain/64/"
  },
  "evolves_from_species": null,
  "flavor_text_entries": [
    {
      "flavor_text": "In the distant\npast, it was\nsomewhat stronger\fthan the horribly\nweak descendants\nthat exist today.",
      "language": {
        "name": "en",
        "url": "https://pokeapi.co/api/v2/language/9/"
      },
      "version": {
        "name": "red",
        "url": "https://pokeapi.co/api/v2/version/1/"
      }
    },
    {
      "flavor_text": "In the distant\npast, it was\nsomewhat stronger\fthan the horribly\nweak descendants\nthat exist today.",
      "language": {
        "name": "en",
        "url": "https://pokeapi.co/api/v2/language/9/"
      },
      "version": {
        "name": "blue",
        "url": "https://pokeapi.co/api/v2/version/2/"
      }
    },
    {
      "flavor_text": "Famous for being\nvery unreliable.\nIt can be found\fswimming in seas,\nlakes, rivers and\nshallow puddles.",
      "language": {
        "name": "en",
        "url": "https://pokeapi.co/api/v2/language/9/"
      },
      "version": {
        "name": "yellow",
        "url": "https://pokeapi.co/api/v2/version/3/"
      }
    },
    {
      "flavor_text": "An underpowered,\npathetic POK\u00e9MON.\nIt may jump high\fon rare occasions,\nbut never more\nthan seven feet.",
      "language": {
        "name": "en",
        "url": "https://pokeapi.co/api/v2/language/9/"
      },
      "version": {
        "name": "gold",
        "url": "https://pokeapi.co/api/v2/version/4/"
      }
    },
    {
      "flavor_text": "For no reason, it\njumps and splashes\nabout, making it\feasy for predators\nlike PIDGEOTTO to\ncatch it mid-jump.",
      "language": {
        "name": "en",
        "url": "https://pokeapi.co/api/v2/language/9/"
      },
      "version": {
        "name": "silver",
        "url": "https://pokeapi.co/api/v2/version/5/"
      }
    },
    {
      "flavor_text": "This weak and\npathetic POK\u00e9MON\ngets easily pushed\falong rivers when\nthere are strong\ncurrents.",
      "language": {
        "name": "en",
        "url": "https://pokeapi.co/api/v2/language/9/"
      },
      "version": {
        "name": "crystal",
        "url": "https://pokeapi.co/api/v2/version/6/"
      }
    },
    {
      "flavor_text": "MAGIKARP is a pathetic excuse for a\nPOK\u00e9MON that is only capable of\nflopping and splashing.\fThis behavior prompted scientists to\nundertake research into it.",
      "language": {
        "name": "en",
        "url": "https://pokeapi.co/api/v2/language/9/"
      },
      "version": {
        "name": "ruby",
        "url": "https://pokeapi.co/api/v2/version/7/"
      }
    },
    {
      "flavor_text": "MAGIKARP is virtually useless in battle\nas it can only splash around.\nAs a result, it is considered to be weak.\fHowever, it is actually a very hardy\nPOK\u00e9MON that can survive in any body of\nwater no matter how polluted it is.",
      "language": {
        "name": "en",
        "url": "https://pokeapi.co/api/v2/language/9/"
      },
      "version": {
        "name": "sapphire",
        "url": "https://pokeapi.co/api/v2/version/8/"
      }
    },
    {
      "flavor_text": "Its swimming muscles are weak, so it is\neasily washed away by currents. In places\nwhere water pools, you can see many\nMAGIKARP deposited there by the flow.",
      "language": {
        "name": "en",
        "url": "https://pokeapi.co/api/v2/language/9/"
      },
      "version": {
        "name": "emerald",
        "url": "https://pokeapi.co/api/v2/version/9/"
      }
    },
    {
      "flavor_text": "It is virtually worthless in terms of both\npower and speed. It is the most weak and\npathetic POK\u00e9MON in the world.",
      "language": {
        "name": "en",
        "url": "https://pokeapi.co/api/v2/language/9/"
      },
      "version": {
        "name": "firered",
        "url": "https://pokeapi.co/api/v2/version/10/"
      }
    },
    {
      "flavor_text": "In the distant past, it was somewhat\nstronger than the horribly weak\ndescendants that exist today.",
      "language": {
        "name": "en",
        "url": "https://pokeapi.co/api/v2/language/9/"
      },
      "version": {
        "name": "leafgreen",
        "url": "https://pokeapi.co/api/v2/version/11/"
      }
    },
    {
      "flavor_text": "It is said to be the world\u2019s\nweakest Pok\u00e9mon. No one knows why\nit has managed to survive.",
      "language": {
        "name": "en",
        "url": "https://pokeapi.co/api/v2/language/9/"
      },
      "version": {
        "name": "diamond",
        "url": "https://pokeapi.co/api/v2/version/12/"
      }
    },
    {
      "flavor_text": "It is unable to swim against even\nslow-moving currents. It always\nsplashes about for some reason.",
      "language": {
        "name": "en",
        "url": "https://pokeapi.co/api/v2/language/9/"
      },
      "version": {
        "name": "pearl",
        "url": "https://pokeapi.co/api/v2/version/13/"
      }
    },
    {
      "flavor_text": "A MAGIKARP living for many years\ncan leap a mountain using Splash.\nThe move remains useless, though.",
      "language": {
        "name": "en",
        "url": "https://pokeapi.co/api/v2/language/9/"
      },
      "version": {
        "name": "platinum",
        "url": "https://pokeapi.co/api/v2/version/14/"
      }
    },
    {
      "flavor_text": "An underpowered, pathetic Pok\u00e9mon.\nIt may jump high on rare occasions,\nbut usually not more than seven feet.",
      "language": {
        "name": "en",
        "url": "https://pokeapi.co/api/v2/language/9/"
      },
      "version": {
        "name": "heartgold",
        "url": "https://pokeapi.co/api/v2/version/15/"
      }
    },
    {
      "flavor_text": "For no reason, it jumps and splashes\nabout, making it easy for predators\nlike PIDGEOTTO to catch it mid-jump.",
      "language": {
        "name": "en",
        "url": "https://pokeapi.co/api/v2/language/9/"
      },
      "version": {
        "name": "soulsilver",
        "url": "https://pokeapi.co/api/v2/version/16/"
      }
    },
    {
      "flavor_text": "Un v\u00e9n\u00e9rable Magicarpe peut\nfranchir une montagne en utilisant\nTrempette. Mais c\u2019est tout...",
      "language": {
        "name": "fr",
        "url": "https://pokeapi.co/api/v2/language/5/"
      },
      "version": {
        "name": "black",
        "url": "https://pokeapi.co/api/v2/version/17/"
      }
    },
    {
      "flavor_text": "A Magikarp living for many years\ncan leap a mountain using Splash.\nThe move remains useless, though.",
      "language": {
        "name": "en",
        "url": "https://pokeapi.co/api/v2/language/9/"
      },
      "version": {
        "name": "black",
        "url": "https://pokeapi.co/api/v2/version/17/"
      }
    },
    {
      "flavor_text": "Un v\u00e9n\u00e9rable Magicarpe peut\nfranchir une montagne en utilisant\nTrempette. Mais c\u2019est tout...",
      "language": {
        "name": "fr",
        "url": "https://pokeapi.co/api/v2/language/5/"
      },
      "version": {
        "name": "white",
        "url": "https://pokeapi.co/api/v2/version/18/"
      }
    },
    {
      "flavor_text": "A Magikarp living for many years\ncan leap a mountain using Splash.\nThe move remains useless, though.",
      "language": {
        "name": "en",
        "url": "https://pokeapi.co/api/v2/language/9/"
      },
      "version": {
        "name": "white",
        "url": "https://pokeapi.co/api/v2/version/18/"
      }
    },
    {
      "flavor_text": "A Magikarp living for many years\ncan leap a mountain using Splash.\nThe move remains useless, though.",
      "language": {
        "name": "en",
        "url": "https://pokeapi.co/api/v2/language/9/"
      },
      "version": {
        "name": "black-2",
        "url": "https://pokeapi.co/api/v2/version/21/"
      }
    },
    {
      "flavor_text": "A Magikarp living for many years\ncan leap a mountain using Splash.\nThe move remains useless, though.",
      "language": {
        "name": "en",
        "url": "https://pokeapi.co/api/v2/language/9/"
      },
      "version": {
        "name": "white-2",
        "url": "https://pokeapi.co/api/v2/version/22/"
      }
    },
    {
      "flavor_text": "\u3061\u304b\u3089\u3082\u3000\u30b9\u30d4\u30fc\u30c9\u3082\u3000\u307b\u3068\u3093\u3069\u30c0\u30e1\u3002\n\u305b\u304b\u3044\u3067\u3000\u3044\u3061\u3070\u3093\u3000\u3088\u308f\u304f\u3066\n\u306a\u3055\u3051\u306a\u3044\u3000\u30dd\u30b1\u30e2\u30f3\u3060\u3002",
      "language": {
        "name": "ja-Hrkt",
        "url": "https://pokeapi.co/api/v2/language/1/"
      },
      "version": {
        "name": "x",
        "url": "https://pokeapi.co/api/v2/version/23/"
      }
    },
    {
      "flavor_text": "\ud798\ub3c4 \uc2a4\ud53c\ub4dc\ub3c4 \uac70\uc758 \uc5c6\ub2e4.\n\uc138\uc0c1\uc5d0\uc11c \uac00\uc7a5 \uc57d\ud558\uace0\n\ud55c\uc2ec\ud55c \ud3ec\ucf13\ubaac\uc774\ub2e4.",
      "language": {
        "name": "ko",
        "url": "https://pokeapi.co/api/v2/language/3/"
      },
      "version": {
        "name": "x",
        "url": "https://pokeapi.co/api/v2/version/23/"
      }
    },
    {
      "flavor_text": "Magicarpe manque totalement de vitesse et de force.\nC\u2019est le Pok\u00e9mon le plus path\u00e9tique sur terre.",
      "language": {
        "name": "fr",
        "url": "https://pokeapi.co/api/v2/language/5/"
      },
      "version": {
        "name": "x",
        "url": "https://pokeapi.co/api/v2/version/23/"
      }
    },
    {
      "flavor_text": "Es ist nutzlos, was Kraft und Geschwindigkeit\nangeht. Dieses ist das schw\u00e4chste\nund erb\u00e4rmlichste Pok\u00e9mon der Welt.",
      "language": {
        "name": "de",
        "url": "https://pokeapi.co/api/v2/language/6/"
      },
      "version": {
        "name": "x",
        "url": "https://pokeapi.co/api/v2/version/23/"
      }
    },
    {
      "flavor_text": "No es precisamente r\u00e1pido ni fuerte. Es el Pok\u00e9mon\nm\u00e1s debilucho y simpl\u00f3n de todos los que hay.",
      "language": {
        "name": "es",
        "url": "https://pokeapi.co/api/v2/language/7/"
      },
      "version": {
        "name": "x",
        "url": "https://pokeapi.co/api/v2/version/23/"
      }
    },
    {
      "flavor_text": "La sua forza e velocit\u00e0 sono praticamente nulle.\nSi pu\u00f2 tranquillamente definire il pi\u00f9 debole e patetico\nPok\u00e9mon del mondo.",
      "language": {
        "name": "it",
        "url": "https://pokeapi.co/api/v2/language/8/"
      },
      "version": {
        "name": "x",
        "url": "https://pokeapi.co/api/v2/version/23/"
      }
    },
    {
      "flavor_text": "It is virtually worthless in terms of both power and\nspeed. It is the most weak and pathetic Pok\u00e9mon\nin the world.",
      "language": {
        "name": "en",
        "url": "https://pokeapi.co/api/v2/language/9/"
      },
      "version": {
        "name": "x",
        "url": "https://pokeapi.co/api/v2/version/23/"
      }
    },
    {
      "flavor_text": "\u529b\u3082\u3000\u30b9\u30d4\u30fc\u30c9\u3082\u3000\u307b\u3068\u3093\u3069\u3000\u30c0\u30e1\u3002\n\u4e16\u754c\u3067\u3000\u4e00\u756a\u3000\u5f31\u304f\u3066\n\u60c5\u3051\u306a\u3044\u3000\u30dd\u30b1\u30e2\u30f3\u3060\u3002",
      "language": {
        "name": "ja",
        "url": "https://pokeapi.co/api/v2/language/11/"
      },
      "version": {
        "name": "x",
        "url": "https://pokeapi.co/api/v2/version/23/"
      }
    },
    {
      "flavor_text": "\u304a\u304a\u3080\u304b\u3057\u306f\u3000\u307e\u3060\u3000\u3082\u3046\u3059\u3053\u3057\n\u3064\u3088\u304b\u3063\u305f\u3089\u3057\u3044\u3002\u3057\u304b\u3057\u3000\u3044\u307e\u306f\n\u304b\u306a\u3057\u3044\u304f\u3089\u3044\u306b\u3000\u3088\u308f\u3044\u306e\u3060\u3002",
      "language": {
        "name": "ja-Hrkt",
        "url": "https://pokeapi.co/api/v2/language/1/"
      },
      "version": {
        "name": "y",
        "url": "https://pokeapi.co/api/v2/version/24/"
      }
    },
    {
      "flavor_text": "\uc544\uc8fc \uba3c \uc61b\ub0a0\uc5d0\ub294 \uc880 \ub354\n\uac15\ud588\ub358 \uac83 \uac19\ub2e4. \uadf8\ub7ec\ub098 \uc9c0\uae08\uc740\n\uc548\uc4f0\ub7ec\uc6b8 \uc815\ub3c4\ub85c \uc57d\ud558\ub2e4.",
      "language": {
        "name": "ko",
        "url": "https://pokeapi.co/api/v2/language/3/"
      },
      "version": {
        "name": "y",
        "url": "https://pokeapi.co/api/v2/version/24/"
      }
    },
    {
      "flavor_text": "La puissance de cette cr\u00e9ature a beaucoup r\u00e9gress\u00e9\nau fil des si\u00e8cles.",
      "language": {
        "name": "fr",
        "url": "https://pokeapi.co/api/v2/language/5/"
      },
      "version": {
        "name": "y",
        "url": "https://pokeapi.co/api/v2/version/24/"
      }
    },
    {
      "flavor_text": "Die urzeitlichen Vorfahren dieses Pok\u00e9mon waren\nsehr viel st\u00e4rker als ihre heutigen Nachkommen.",
      "language": {
        "name": "de",
        "url": "https://pokeapi.co/api/v2/language/6/"
      },
      "version": {
        "name": "y",
        "url": "https://pokeapi.co/api/v2/version/24/"
      }
    },
    {
      "flavor_text": "En un pasado lejano, era m\u00e1s fuerte de lo que hoy\nson sus d\u00e9biles descendientes.",
      "language": {
        "name": "es",
        "url": "https://pokeapi.co/api/v2/language/7/"
      },
      "version": {
        "name": "y",
        "url": "https://pokeapi.co/api/v2/version/24/"
      }
    },
    {
      "flavor_text": "Anticamente era molto pi\u00f9 forte dell\u2019odierno\ndiscendente, che \u00e8 debolissimo.",
      "language": {
        "name": "it",
        "url": "https://pokeapi.co/api/v2/language/8/"
      },
      "version": {
        "name": "y",
        "url": "https://pokeapi.co/api/v2/version/24/"
      }
    },
    {
      "flavor_text": "In the distant past, it was somewhat stronger than\nthe horribly weak descendants that exist today.",
      "language": {
        "name": "en",
        "url": "https://pokeapi.co/api/v2/language/9/"
      },
      "version": {
        "name": "y",
        "url": "https://pokeapi.co/api/v2/version/24/"
      }
    },
    {
      "flavor_text": "\u5927\u6614\u306f\u3000\u307e\u3060\u3000\u3082\u3046\u5c11\u3057\n\u5f37\u304b\u3063\u305f\u3089\u3057\u3044\u3002\u3057\u304b\u3057\u3000\u4eca\u306f\n\u60b2\u3057\u3044\u304f\u3089\u3044\u306b\u3000\u5f31\u3044\u306e\u3060\u3002",
      "language": {
        "name": "ja",
        "url": "https://pokeapi.co/api/v2/language/11/"
      },
      "version": {
        "name": "y",
        "url": "https://pokeapi.co/api/v2/version/24/"
      }
    },
    {
      "flavor_text": "\u306f\u306d\u308b\u3000\u3053\u3068\u3057\u304b\u3000\u3057\u306a\u3044\u3000\u306a\u3055\u3051\u306a\u3044\u3000\u30dd\u30b1\u30e2\u30f3\u3002\n\u306a\u305c\u3000\u306f\u306d\u308b\u306e\u304b\u3000\u3057\u3089\u3079\u305f\u3000\u3051\u3093\u304d\u3085\u3046\u3057\u3083\u304c\n\u3044\u308b\u307b\u3069\u3000\u3068\u306b\u304b\u304f\u3000\u306f\u306d\u3066\u3000\u306f\u306d\u3066\u3000\u306f\u306d\u307e\u304f\u308b\u3002",
      "language": {
        "name": "ja-Hrkt",
        "url": "https://pokeapi.co/api/v2/language/1/"
      },
      "version": {
        "name": "omega-ruby",
        "url": "https://pokeapi.co/api/v2/version/25/"
      }
    },
    {
      "flavor_text": "\ud280\uc5b4 \uc624\ub974\uae30\ub9cc \ud558\ub294 \ud55c\uc2ec\ud55c \ud3ec\ucf13\ubaac\uc774\ub2e4.\n\uc65c \ud280\uc5b4 \uc624\ub974\ub294\uc9c0 \uc870\uc0ac\ud55c \uc5f0\uad6c\uc790\uac00\n\uc788\uc744 \uc815\ub3c4\ub85c \ubb34\uc870\uac74 \ud280\uace0 \ud280\uace0 \ud280\uc5b4 \uc624\ub974\uae30\ub9cc \ud55c\ub2e4.",
      "language": {
        "name": "ko",
        "url": "https://pokeapi.co/api/v2/language/3/"
      },
      "version": {
        "name": "omega-ruby",
        "url": "https://pokeapi.co/api/v2/version/25/"
      }
    },
    {
      "flavor_text": "Magicarpe est un Pok\u00e9mon ridicule qui ne sait faire que\ndes ronds dans l\u2019eau ou se laisser porter par les courants.\nSon comportement a donn\u00e9 envie aux savants d\u2019\u00e9tudier\nson cas.",
      "language": {
        "name": "fr",
        "url": "https://pokeapi.co/api/v2/language/5/"
      },
      "version": {
        "name": "omega-ruby",
        "url": "https://pokeapi.co/api/v2/version/25/"
      }
    },
    {
      "flavor_text": "Karpador ist ein armseliges Pok\u00e9mon, das nur platschen kann.\nSein merkw\u00fcrdiges Verhalten hat so manchen Wissenschaftler\nzum Forschen angeregt.",
      "language": {
        "name": "de",
        "url": "https://pokeapi.co/api/v2/language/6/"
      },
      "version": {
        "name": "omega-ruby",
        "url": "https://pokeapi.co/api/v2/version/25/"
      }
    },
    {
      "flavor_text": "Magikarp es el triste ejemplo de un Pok\u00e9mon capaz\n\u00fanicamente de saltar y salpicar. Esta conducta llev\u00f3 a\ncient\u00edficos a estudiarlo en profundidad.",
      "language": {
        "name": "es",
        "url": "https://pokeapi.co/api/v2/language/7/"
      },
      "version": {
        "name": "omega-ruby",
        "url": "https://pokeapi.co/api/v2/version/25/"
      }
    },
    {
      "flavor_text": "Magikarp \u00e8 un patetico esempio di Pok\u00e9mon capace soltanto\ndi dimenarsi e sguazzare. La natura di questo comportamento\ninutile \u00e8 oggetto di studi da parte del mondo scientifico.",
      "language": {
        "name": "it",
        "url": "https://pokeapi.co/api/v2/language/8/"
      },
      "version": {
        "name": "omega-ruby",
        "url": "https://pokeapi.co/api/v2/version/25/"
      }
    },
    {
      "flavor_text": "Magikarp is a pathetic excuse for a Pok\u00e9mon that is only\ncapable of flopping and splashing. This behavior prompted\nscientists to undertake research into it.",
      "language": {
        "name": "en",
        "url": "https://pokeapi.co/api/v2/language/9/"
      },
      "version": {
        "name": "omega-ruby",
        "url": "https://pokeapi.co/api/v2/version/25/"
      }
    },
    {
      "flavor_text": "\u8df3\u306d\u308b\u3000\u3053\u3068\u3057\u304b\u3000\u3057\u306a\u3044\u3000\u60c5\u3051\u306a\u3044\u3000\u30dd\u30b1\u30e2\u30f3\u3002\n\u306a\u305c\u3000\u8df3\u306d\u308b\u306e\u304b\u3000\u8abf\u3079\u305f\u3000\u7814\u7a76\u8005\u304c\n\u3044\u308b\u307b\u3069\u3000\u3068\u306b\u304b\u304f\u3000\u8df3\u306d\u3066\u3000\u8df3\u306d\u3066\u3000\u8df3\u306d\u307e\u304f\u308b\u3002",
      "language": {
        "name": "ja",
        "url": "https://pokeapi.co/api/v2/language/11/"
      },
      "version": {
        "name": "omega-ruby",
        "url": "https://pokeapi.co/api/v2/version/25/"
      }
    },
    {
      "flavor_text": "\u306f\u306d\u3066\u3044\u308b\u3000\u3060\u3051\u3067\u3000\u307e\u3093\u305e\u304f\u306b\u3000\u305f\u305f\u304b\u3048\u306a\u3044\u305f\u3081\n\u3088\u308f\u3044\u3068\u3000\u304a\u3082\u308f\u308c\u3066\u3044\u308b\u304c\u3000\u3069\u3093\u306a\u306b\u3000\u3088\u3054\u308c\u305f\n\u307f\u305a\u3067\u3082\u3000\u304f\u3089\u305b\u308b\u3000\u3057\u3076\u3068\u3044\u3000\u30dd\u30b1\u30e2\u30f3\u306a\u306e\u3060\u3002",
      "language": {
        "name": "ja-Hrkt",
        "url": "https://pokeapi.co/api/v2/language/1/"
      },
      "version": {
        "name": "alpha-sapphire",
        "url": "https://pokeapi.co/api/v2/version/26/"
      }
    },
    {
      "flavor_text": "\ud280\uc5b4\uc624\ub974\uae30\ub9cc\uc73c\ub85c\ub294 \ub9cc\uc871\uc2a4\ub7fd\uac8c \uc2f8\uc6b8 \uc218 \uc5c6\uc5b4\uc11c\n\uc57d\ud558\ub2e4\uace0 \uc5ec\uaca8\uc9c0\uace0 \uc788\uc9c0\ub9cc \uc544\ubb34\ub9ac \ub354\ub7ec\uc6cc\uc9c4\n\ubb3c\uc5d0\uc11c\ub77c\ub3c4 \uc0b4 \uc218 \uc788\ub294 \ub048\uc9c8\uae34 \ud3ec\ucf13\ubaac\uc774\ub2e4.",
      "language": {
        "name": "ko",
        "url": "https://pokeapi.co/api/v2/language/3/"
      },
      "version": {
        "name": "alpha-sapphire",
        "url": "https://pokeapi.co/api/v2/version/26/"
      }
    },
    {
      "flavor_text": "Magicarpe est virtuellement inutile en combat. Il se contente\nde faire des ronds dans l\u2019eau. On le consid\u00e8re plut\u00f4t faible.\nPourtant, ce Pok\u00e9mon est tr\u00e8s robuste et peut survivre\ndans n\u2019importe quel environnement, m\u00eame tr\u00e8s pollu\u00e9.",
      "language": {
        "name": "fr",
        "url": "https://pokeapi.co/api/v2/language/5/"
      },
      "version": {
        "name": "alpha-sapphire",
        "url": "https://pokeapi.co/api/v2/version/26/"
      }
    },
    {
      "flavor_text": "Karpador ist im Kampf praktisch nutzlos, da es nur\nplatschen kann. Daher wird es als schwach eingesch\u00e4tzt.\nEs ist aber tats\u00e4chlich sehr robust und kann in jedem\nGew\u00e4sser \u00fcberleben, egal, wie verseucht dieses ist.",
      "language": {
        "name": "de",
        "url": "https://pokeapi.co/api/v2/language/6/"
      },
      "version": {
        "name": "alpha-sapphire",
        "url": "https://pokeapi.co/api/v2/version/26/"
      }
    },
    {
      "flavor_text": "Magikarp es pr\u00e1cticamente in\u00fatil en combate; solo sirve para\nsalpicar, y se le considera muy d\u00e9bil. Con todo, en realidad\nes un Pok\u00e9mon muy resistente. Sobrevive en cualquier medio\nacu\u00e1tico, aunque est\u00e9 contaminado.",
      "language": {
        "name": "es",
        "url": "https://pokeapi.co/api/v2/language/7/"
      },
      "version": {
        "name": "alpha-sapphire",
        "url": "https://pokeapi.co/api/v2/version/26/"
      }
    },
    {
      "flavor_text": "Nella lotta Magikarp \u00e8 inutile, poich\u00e9 pu\u00f2 solo sguazzare.\nInfatti \u00e8 considerato debole. In realt\u00e0 si tratta di un Pok\u00e9mon\nmolto robusto che sopravvive in tutte le acque, anche le pi\u00f9\ninquinate.",
      "language": {
        "name": "it",
        "url": "https://pokeapi.co/api/v2/language/8/"
      },
      "version": {
        "name": "alpha-sapphire",
        "url": "https://pokeapi.co/api/v2/version/26/"
      }
    },
    {
      "flavor_text": "Magikarp is virtually useless in battle as it can only splash\naround. As a result, it is considered to be weak. However,\nit is actually a very hardy Pok\u00e9mon that can survive in any\nbody of water no matter how polluted it is.",
      "language": {
        "name": "en",
        "url": "https://pokeapi.co/api/v2/language/9/"
      },
      "version": {
        "name": "alpha-sapphire",
        "url": "https://pokeapi.co/api/v2/version/26/"
      }
    },
    {
      "flavor_text": "\u8df3\u306d\u3066\u3044\u308b\u3000\u3060\u3051\u3067\u3000\u6e80\u8db3\u306b\u3000\u6226\u3048\u306a\u3044\u305f\u3081\n\u5f31\u3044\u3068\u3000\u601d\u308f\u308c\u3066\u3044\u308b\u304c\u3000\u3069\u3093\u306a\u306b\u3000\u6c5a\u308c\u305f\n\u6c34\u3067\u3082\u3000\u66ae\u3089\u305b\u308b\u3000\u3057\u3076\u3068\u3044\u3000\u30dd\u30b1\u30e2\u30f3\u306a\u306e\u3060\u3002",
      "language": {
        "name": "ja",
        "url": "https://pokeapi.co/api/v2/language/11/"
      },
      "version": {
        "name": "alpha-sapphire",
        "url": "https://pokeapi.co/api/v2/version/26/"
      }
    },
    {
      "flavor_text": "\u3061\u304b\u3089\u306f\u3000\u3088\u308f\u304f\u3000\u305f\u3088\u308a\u306a\u3044\u306e\u306b\n\u306f\u3093\u3057\u3087\u304f\u308a\u3087\u304f\u3060\u3051\u3000\u3082\u306e\u3059\u3054\u3044\u3002\n\u3042\u304d\u308b\u307b\u3069\u3000\u307f\u304b\u3051\u308b\u305e\u3002",
      "language": {
        "name": "ja-Hrkt",
        "url": "https://pokeapi.co/api/v2/language/1/"
      },
      "version": {
        "name": "sun",
        "url": "https://pokeapi.co/api/v2/version/27/"
      }
    },
    {
      "flavor_text": "\ud798\uc740 \uc57d\ud558\uace0 \ubbff\uc74c\uc9c1\uc2a4\ub7fd\uc9c0 \ubabb\ud558\uc9c0\ub9cc\n\ubc88\uc2dd\ub825\ub9cc\uc740 \uc5c4\uccad\ub098\ub2e4.\n\uc9c8\ub9b4 \uc815\ub3c4\ub85c \ub208\uc5d0 \ub748\ub2e4.",
      "language": {
        "name": "ko",
        "url": "https://pokeapi.co/api/v2/language/3/"
      },
      "version": {
        "name": "sun",
        "url": "https://pokeapi.co/api/v2/version/27/"
      }
    },
    {
      "flavor_text": "\u529b\u91cf\u5f88\u5f31\uff0c\u6d3e\u4e0d\u4e0a\u7528\u5834\uff0c\n\u53ea\u6709\u7e41\u6b96\u529b\u7570\u5e38\u9a5a\u4eba\u3002\n\u591a\u5f97\u7c21\u76f4\u8981\u770b\u81a9\u4e86\u3002",
      "language": {
        "name": "zh-Hant",
        "url": "https://pokeapi.co/api/v2/language/4/"
      },
      "version": {
        "name": "sun",
        "url": "https://pokeapi.co/api/v2/version/27/"
      }
    },
    {
      "flavor_text": "Ce Pok\u00e9mon est faible et ne sait pas faire\ngrand-chose \u00e0 part se multiplier \u00e0 toute allure.\nOn en trouve \u00e0 ne plus savoir qu\u2019en faire.",
      "language": {
        "name": "fr",
        "url": "https://pokeapi.co/api/v2/language/5/"
      },
      "version": {
        "name": "sun",
        "url": "https://pokeapi.co/api/v2/version/27/"
      }
    },
    {
      "flavor_text": "Es ist schwach und unzuverl\u00e4ssig, aber es\nvermehrt sich unglaublich schnell. Deshalb\ntrifft man es auch \u00f6fter an, als einem lieb ist.",
      "language": {
        "name": "de",
        "url": "https://pokeapi.co/api/v2/language/6/"
      },
      "version": {
        "name": "sun",
        "url": "https://pokeapi.co/api/v2/version/27/"
      }
    },
    {
      "flavor_text": "Es muy d\u00e9bil y de poca utilidad, aunque su\ncapacidad reproductora resulta abrumadora.\nLo normal es encontrar Magikarp por doquier.",
      "language": {
        "name": "es",
        "url": "https://pokeapi.co/api/v2/language/7/"
      },
      "version": {
        "name": "sun",
        "url": "https://pokeapi.co/api/v2/version/27/"
      }
    },
    {
      "flavor_text": "\u00c8 debole e indifeso, ma \u00e8 particolarmente\nprolifico. Se ne vedono talmente tanti in giro\nche vengono a noia.",
      "language": {
        "name": "it",
        "url": "https://pokeapi.co/api/v2/language/8/"
      },
      "version": {
        "name": "sun",
        "url": "https://pokeapi.co/api/v2/version/27/"
      }
    },
    {
      "flavor_text": "Although weak and helpless, this Pok\u00e9mon is\nincredibly fertile. They exist in such multitudes,\nyou\u2019ll soon grow tired of seeing them.",
      "language": {
        "name": "en",
        "url": "https://pokeapi.co/api/v2/language/9/"
      },
      "version": {
        "name": "sun",
        "url": "https://pokeapi.co/api/v2/version/27/"
      }
    },
    {
      "flavor_text": "\u529b\u306f\u3000\u5f31\u304f\u3000\u983c\u308a\u306a\u3044\u306e\u306b\n\u7e41\u6b96\u529b\u3060\u3051\u3000\u7269\u51c4\u3044\u3002\n\u98fd\u304d\u308b\u307b\u3069\u3000\u307f\u304b\u3051\u308b\u305e\u3002",
      "language": {
        "name": "ja",
        "url": "https://pokeapi.co/api/v2/language/11/"
      },
      "version": {
        "name": "sun",
        "url": "https://pokeapi.co/api/v2/version/27/"
      }
    },
    {
      "flavor_text": "\u529b\u91cf\u5f88\u5f31\uff0c\u6d3e\u4e0d\u4e0a\u7528\u573a\uff0c\n\u4f46\u5c31\u53ea\u6709\u7e41\u6b96\u529b\u60ca\u4eba\u3002\n\u591a\u5f97\u7b80\u76f4\u8981\u770b\u817b\u4e86\u3002",
      "language": {
        "name": "zh-Hans",
        "url": "https://pokeapi.co/api/v2/language/12/"
      },
      "version": {
        "name": "sun",
        "url": "https://pokeapi.co/api/v2/version/27/"
      }
    },
    {
      "flavor_text": "\u3080\u3084\u307f\u306b\u3000\u306f\u306d\u3066\u3000\u3059\u3050\u3000\u304a\u305d\u308f\u308c\u308b\u304c\n\u30b3\u30a4\u30ad\u30f3\u30b0\u306e\u3000\u304a\u304b\u3052\u3067\u3000\u304a\u304a\u304f\u306e\n\u30dd\u30b1\u30e2\u30f3\u304c\u3000\u3044\u304d\u306e\u3073\u3089\u308c\u308b\u3068\u3000\u3044\u3046\u3002",
      "language": {
        "name": "ja-Hrkt",
        "url": "https://pokeapi.co/api/v2/language/1/"
      },
      "version": {
        "name": "moon",
        "url": "https://pokeapi.co/api/v2/version/28/"
      }
    },
    {
      "flavor_text": "\ubb34\ud131\ub300\uace0 \ud280\uc5b4 \uc62c\ub77c\uc11c \ubc14\ub85c \uacf5\uaca9\ub2f9\ud558\uc9c0\ub9cc\n\uc789\uc5b4\ud0b9 \ub355\ubd84\uc5d0 \ub9ce\uc740 \ud3ec\ucf13\ubaac\uc774\n\uc0b4\uc544\ub0a8\uc744 \uc218 \uc788\ub2e4\uace0 \ud55c\ub2e4.",
      "language": {
        "name": "ko",
        "url": "https://pokeapi.co/api/v2/language/3/"
      },
      "version": {
        "name": "moon",
        "url": "https://pokeapi.co/api/v2/version/28/"
      }
    },
    {
      "flavor_text": "\u56e0\u70ba\u80e1\u4e82\u8e8d\u8d77\uff0c\u7e3d\u662f\u99ac\u4e0a\u5c31\u88ab\u8972\u64ca\u3002\n\u4f46\u64da\u8aaa\u591a\u8667\u4e86\u9bc9\u9b5a\u738b\uff0c\n\u5927\u591a\u6578\u5bf6\u53ef\u5922\u90fd\u80fd\u6d3b\u5f97\u66f4\u4e45\u3002",
      "language": {
        "name": "zh-Hant",
        "url": "https://pokeapi.co/api/v2/language/4/"
      },
      "version": {
        "name": "moon",
        "url": "https://pokeapi.co/api/v2/version/28/"
      }
    },
    {
      "flavor_text": "Il bondit hors de l\u2019eau sans faire attention et se\nfait attraper par toutes sortes de Pok\u00e9mon.\nBeaucoup d\u2019esp\u00e8ces d\u00e9pendent de cette manne.",
      "language": {
        "name": "fr",
        "url": "https://pokeapi.co/api/v2/language/5/"
      },
      "version": {
        "name": "moon",
        "url": "https://pokeapi.co/api/v2/version/28/"
      }
    },
    {
      "flavor_text": "Da es immer nur leichtsinnig herumplatscht,\nist es leichte Beute f\u00fcr hungrige Pok\u00e9mon.\nF\u00fcr viele ist es daher ein Lebensretter.",
      "language": {
        "name": "de",
        "url": "https://pokeapi.co/api/v2/language/6/"
      },
      "version": {
        "name": "moon",
        "url": "https://pokeapi.co/api/v2/version/28/"
      }
    },
    {
      "flavor_text": "Como lo \u00fanico que hace es chapotear en el\nagua, resulta una presa f\u00e1cil. Gracias a esto,\nmuchos otros Pok\u00e9mon pueden sobrevivir.",
      "language": {
        "name": "es",
        "url": "https://pokeapi.co/api/v2/language/7/"
      },
      "version": {
        "name": "moon",
        "url": "https://pokeapi.co/api/v2/version/28/"
      }
    },
    {
      "flavor_text": "Non fa che sguazzare senza cautela. Questa\nabitudine lo rende una facile preda e garantisce\nla sopravvivenza di molti altri Pok\u00e9mon.",
      "language": {
        "name": "it",
        "url": "https://pokeapi.co/api/v2/language/8/"
      },
      "version": {
        "name": "moon",
        "url": "https://pokeapi.co/api/v2/version/28/"
      }
    },
    {
      "flavor_text": "Its reckless leaps make it easy pickings for\npredators. On the bright side, many Pok\u00e9mon\nenjoy longer life spans, thanks to Magikarp.",
      "language": {
        "name": "en",
        "url": "https://pokeapi.co/api/v2/language/9/"
      },
      "version": {
        "name": "moon",
        "url": "https://pokeapi.co/api/v2/version/28/"
      }
    },
    {
      "flavor_text": "\u7121\u95c7\u306b\u3000\u8df3\u306d\u3066\u3000\u3059\u3050\u3000\u8972\u308f\u308c\u308b\u304c\n\u30b3\u30a4\u30ad\u30f3\u30b0\u306e\u3000\u304a\u304b\u3052\u3067\u3000\u591a\u304f\u306e\n\u30dd\u30b1\u30e2\u30f3\u304c\u3000\u751f\u304d\u5ef6\u3073\u3089\u308c\u308b\u3068\u3000\u3044\u3046\u3002",
      "language": {
        "name": "ja",
        "url": "https://pokeapi.co/api/v2/language/11/"
      },
      "version": {
        "name": "moon",
        "url": "https://pokeapi.co/api/v2/version/28/"
      }
    },
    {
      "flavor_text": "\u56e0\u4e3a\u80e1\u4e71\u8dc3\u8d77\uff0c\u9a6c\u4e0a\u5c31\u88ab\u88ad\u51fb\u4e86\uff0c\n\u4f46\u636e\u8bf4\u591a\u4e8f\u4e86\u9ca4\u9c7c\u738b\uff0c\n\u5927\u591a\u6570\u5b9d\u53ef\u68a6\u90fd\u80fd\u6d3b\u5f97\u66f4\u4e45\u3002",
      "language": {
        "name": "zh-Hans",
        "url": "https://pokeapi.co/api/v2/language/12/"
      },
      "version": {
        "name": "moon",
        "url": "https://pokeapi.co/api/v2/version/28/"
      }
    },
    {
      "flavor_text": "\u306f\u308b\u304b\u3000\u304a\u304a\u3080\u304b\u3057\u306f\u3000\u305d\u308c\u306a\u308a\u306b\n\u3064\u3088\u304b\u3063\u305f\u304c\u3000\u3068\u304d\u304c\u3000\u305f\u3064\u306b\u3000\u3064\u308c\u3066\n\u3069\u3093\u3069\u3093\u3069\u3093\u3069\u3093\u3000\u3088\u308f\u304f\u306a\u3063\u3066\u3044\u3063\u305f\u3002",
      "language": {
        "name": "ja-Hrkt",
        "url": "https://pokeapi.co/api/v2/language/1/"
      },
      "version": {
        "name": "ultra-sun",
        "url": "https://pokeapi.co/api/v2/version/29/"
      }
    },
    {
      "flavor_text": "\uba3c \uc61b\ub0a0\uc5d0\ub294 \uadf8\ub7ed\uc800\ub7ed\n\uac15\ud55c \ud3b8\uc774\uc5c8\uc73c\ub098\n\uc2dc\uac04\uc774 \ud750\ub974\uba74\uc11c \uc810\uc810 \uc57d\ud574\uc84c\ub2e4.",
      "language": {
        "name": "ko",
        "url": "https://pokeapi.co/api/v2/language/3/"
      },
      "version": {
        "name": "ultra-sun",
        "url": "https://pokeapi.co/api/v2/version/29/"
      }
    },
    {
      "flavor_text": "\u5728\u9059\u9060\u7684\u904e\u53bb\u5be6\u529b\u9084\u7b97\u5f37\u5927\uff0c\n\u4f46\u96a8\u8457\u6642\u5149\u7684\u6d41\u8f49\uff0c\n\u7260\u8b8a\u5f97\u8d8a\u4f86\u8d8a\u5f31\u4e86\u3002",
      "language": {
        "name": "zh-Hant",
        "url": "https://pokeapi.co/api/v2/language/4/"
      },
      "version": {
        "name": "ultra-sun",
        "url": "https://pokeapi.co/api/v2/version/29/"
      }
    },
    {
      "flavor_text": "Il y a fort, fort longtemps, il \u00e9tait relativement\npuissant. Il est toutefois devenu de plus en plus\nnul au fil du temps.",
      "language": {
        "name": "fr",
        "url": "https://pokeapi.co/api/v2/language/5/"
      },
      "version": {
        "name": "ultra-sun",
        "url": "https://pokeapi.co/api/v2/version/29/"
      }
    },
    {
      "flavor_text": "Vor langer, langer Zeit war es anscheinend\nziemlich stark, doch es wurde zusehends\nschw\u00e4cher und schw\u00e4cher.",
      "language": {
        "name": "de",
        "url": "https://pokeapi.co/api/v2/language/6/"
      },
      "version": {
        "name": "ultra-sun",
        "url": "https://pokeapi.co/api/v2/version/29/"
      }
    },
    {
      "flavor_text": "Al parecer, en la antig\u00fcedad hab\u00eda gozado de\ngran fuerza, pero con el paso del tiempo se ha\nido debilitando hasta su estado actual.",
      "language": {
        "name": "es",
        "url": "https://pokeapi.co/api/v2/language/7/"
      },
      "version": {
        "name": "ultra-sun",
        "url": "https://pokeapi.co/api/v2/version/29/"
      }
    },
    {
      "flavor_text": "Anticamente Magikarp era piuttosto forte, ma\ncol tempo \u00e8 diventato sempre pi\u00f9 debole.",
      "language": {
        "name": "it",
        "url": "https://pokeapi.co/api/v2/language/8/"
      },
      "version": {
        "name": "ultra-sun",
        "url": "https://pokeapi.co/api/v2/version/29/"
      }
    },
    {
      "flavor_text": "In the distant past, they were fairly strong, but\nthey have become gradually weaker over time.",
      "language": {
        "name": "en",
        "url": "https://pokeapi.co/api/v2/language/9/"
      },
      "version": {
        "name": "ultra-sun",
        "url": "https://pokeapi.co/api/v2/version/29/"
      }
    },
    {
      "flavor_text": "\u9065\u304b\u3000\u5927\u6614\u306f\u3000\u305d\u308c\u306a\u308a\u306b\u3000\n\u5f37\u304b\u3063\u305f\u304c\u3000\u6642\u304c\u3000\u7d4c\u3064\u306b\u3000\u3064\u308c\u3066\n\u3069\u3093\u3069\u3093\u3069\u3093\u3069\u3093\u3000\u5f31\u304f\u306a\u3063\u3066\u3044\u3063\u305f\u3002",
      "language": {
        "name": "ja",
        "url": "https://pokeapi.co/api/v2/language/11/"
      },
      "version": {
        "name": "ultra-sun",
        "url": "https://pokeapi.co/api/v2/version/29/"
      }
    },
    {
      "flavor_text": "\u5728\u975e\u5e38\u9065\u8fdc\u7684\u8fc7\u53bb\uff0c\u5b83\u8fd8\u662f\u5341\u5206\n\u5f3a\u5927\u7684\uff0c\u4f46\u968f\u7740\u65f6\u95f4\u7684\u63a8\u79fb\uff0c\n\u5b83\u53d8\u5f97\u8d8a\u6765\u8d8a\u5f31\uff0c\u8d8a\u6765\u8d8a\u5f31\u4e86\u3002",
      "language": {
        "name": "zh-Hans",
        "url": "https://pokeapi.co/api/v2/language/12/"
      },
      "version": {
        "name": "ultra-sun",
        "url": "https://pokeapi.co/api/v2/version/29/"
      }
    },
    {
      "flavor_text": "\u305b\u3044\u3081\u3044\u308a\u3087\u304f\u304c\u3000\u3064\u3088\u304f\u3000\u304d\u305f\u306a\u3044\n\u307f\u305a\u3067\u3082\u3000\u3078\u3063\u3061\u3083\u3089\u3002\u3000\u305b\u304b\u3044\u3058\u3085\u3046\u306e\n\u307f\u305a\u3079\u306b\u3000\u305b\u3044\u305d\u304f\u3000\u3057\u3066\u3044\u308b\u305e\u3002",
      "language": {
        "name": "ja-Hrkt",
        "url": "https://pokeapi.co/api/v2/language/1/"
      },
      "version": {
        "name": "ultra-moon",
        "url": "https://pokeapi.co/api/v2/version/30/"
      }
    },
    {
      "flavor_text": "\uc0dd\uba85\ub825\uc774 \uac15\ud574\uc11c \ub354\ub7ec\uc6b4\n\ubb3c\uc774\ub77c\ub3c4 \ubb38\uc81c\uc5c6\ub2e4. \uc804 \uc138\uacc4\uc758\n\ubb3c\uac00\uc5d0 \uc11c\uc2dd\ud558\uace0 \uc788\ub2e4.",
      "language": {
        "name": "ko",
        "url": "https://pokeapi.co/api/v2/language/3/"
      },
      "version": {
        "name": "ultra-moon",
        "url": "https://pokeapi.co/api/v2/version/30/"
      }
    },
    {
      "flavor_text": "\u751f\u547d\u529b\u9811\u5f37\uff0c\n\u5373\u4f7f\u5f85\u5728\u6c61\u6c34\u4e2d\u4e5f\u4e0d\u6015\u3002\n\u68f2\u606f\u5728\u4e16\u754c\u5404\u5730\u7684\u6c34\u908a\u3002",
      "language": {
        "name": "zh-Hant",
        "url": "https://pokeapi.co/api/v2/language/4/"
      },
      "version": {
        "name": "ultra-moon",
        "url": "https://pokeapi.co/api/v2/version/30/"
      }
    },
    {
      "flavor_text": "Sa survie ne d\u00e9pendant pas de la salubrit\u00e9\ndes eaux dans lesquelles il nage, on rencontre\nce Pok\u00e9mon aux quatre coins du monde.",
      "language": {
        "name": "fr",
        "url": "https://pokeapi.co/api/v2/language/5/"
      },
      "version": {
        "name": "ultra-moon",
        "url": "https://pokeapi.co/api/v2/version/30/"
      }
    },
    {
      "flavor_text": "Unbek\u00fcmmert strotzt es selbst in verseuchten\nGew\u00e4ssern nur so vor Lebenskraft. Man findet\nes in allen Teilen der Welt in Ufern\u00e4he.",
      "language": {
        "name": "de",
        "url": "https://pokeapi.co/api/v2/language/6/"
      },
      "version": {
        "name": "ultra-moon",
        "url": "https://pokeapi.co/api/v2/version/30/"
      }
    },
    {
      "flavor_text": "Su resistencia le permite vivir en las aguas m\u00e1s\nturbias. Por eso se los puede ver nadando en\ncualquier lugar del mundo.",
      "language": {
        "name": "es",
        "url": "https://pokeapi.co/api/v2/language/7/"
      },
      "version": {
        "name": "ultra-moon",
        "url": "https://pokeapi.co/api/v2/version/30/"
      }
    },
    {
      "flavor_text": "\u00c8 molto resistente e pu\u00f2 sopravvivere anche\nnelle acque pi\u00f9 sporche. Se ne trovano nelle\nacque di tutto il mondo.",
      "language": {
        "name": "it",
        "url": "https://pokeapi.co/api/v2/language/8/"
      },
      "version": {
        "name": "ultra-moon",
        "url": "https://pokeapi.co/api/v2/version/30/"
      }
    },
    {
      "flavor_text": "Thanks to their strong hold on life, dirty water\ndoesn\u2019t bother them at all. They live in waters\nall over the world!",
      "language": {
        "name": "en",
        "url": "https://pokeapi.co/api/v2/language/9/"
      },
      "version": {
        "name": "ultra-moon",
        "url": "https://pokeapi.co/api/v2/version/30/"
      }
    },
    {
      "flavor_text": "\u751f\u547d\u529b\u304c\u3000\u5f37\u304f\u3000\u6c5a\u3044\n\u6c34\u3067\u3082\u3000\u3078\u3063\u3061\u3083\u3089\u3002\u3000\u4e16\u754c\u4e2d\u306e\n\u6c34\u8fba\u306b\u3000\u751f\u606f\u3000\u3057\u3066\u3044\u308b\u305e\u3002",
      "language": {
        "name": "ja",
        "url": "https://pokeapi.co/api/v2/language/11/"
      },
      "version": {
        "name": "ultra-moon",
        "url": "https://pokeapi.co/api/v2/version/30/"
      }
    },
    {
      "flavor_text": "\u751f\u547d\u529b\u987d\u5f3a\uff0c\n\u5373\u4fbf\u5728\u6c61\u6c34\u4e2d\u4e5f\u6beb\u4e0d\u5728\u610f\u3002\n\u751f\u6d3b\u5728\u4e16\u754c\u5404\u5730\u7684\u6c34\u8fb9\u3002",
      "language": {
        "name": "zh-Hans",
        "url": "https://pokeapi.co/api/v2/language/12/"
      },
      "version": {
        "name": "ultra-moon",
        "url": "https://pokeapi.co/api/v2/version/30/"
      }
    },
    {
      "flavor_text": "\u305f\u3088\u308a\u306a\u3044\u306e\u3067\u3000\u3086\u3046\u3081\u3044\u306a\u30dd\u30b1\u30e2\u30f3\u3002\n\u3046\u307f\u3000\u304b\u308f\u3000\u3044\u3051\u3000\u307f\u305a\u305f\u307e\u308a\n\u3044\u305f\u308b\u3068\u3053\u308d\u3092\u3000\u304a\u3088\u3044\u3067\u3044\u308b\u3002",
      "language": {
        "name": "ja-Hrkt",
        "url": "https://pokeapi.co/api/v2/language/1/"
      },
      "version": {
        "name": "lets-go-pikachu",
        "url": "https://pokeapi.co/api/v2/version/31/"
      }
    },
    {
      "flavor_text": "\ubabb \ubbf8\ub365\uae30\ub85c \uc720\uba85\ud55c \ud3ec\ucf13\ubaac.\n\ubc14\ub2e4, \uac15, \uc5f0\ubabb, \ubb3c\uc6c5\ub369\uc774 \ub4f1\n\ub2e4\uc591\ud55c \uacf3\uc5d0\uc11c \ud5e4\uc5c4\uce58\uace0 \uc788\ub2e4.",
      "language": {
        "name": "ko",
        "url": "https://pokeapi.co/api/v2/language/3/"
      },
      "version": {
        "name": "lets-go-pikachu",
        "url": "https://pokeapi.co/api/v2/version/31/"
      }
    },
    {
      "flavor_text": "\u4ee5\u9760\u4e0d\u4f4f\u800c\u805e\u540d\u7684\u5bf6\u53ef\u5922\u3002\n\u4e0d\u7ba1\u662f\u6d77\u3001\u6cb3\u3001\u6c60\u5858\u6216\u6c34\u7aaa\uff0c\n\u90fd\u80fd\u770b\u898b\u7260\u5011\u5728\u88e1\u982d\u6e38\u4f86\u6e38\u53bb\u3002",
      "language": {
        "name": "zh-Hant",
        "url": "https://pokeapi.co/api/v2/language/4/"
      },
      "version": {
        "name": "lets-go-pikachu",
        "url": "https://pokeapi.co/api/v2/version/31/"
      }
    },
    {
      "flavor_text": "C\u00e9l\u00e8bre pour son inutilit\u00e9, on en trouve\nbeaucoup dans les oc\u00e9ans, les \u00e9tangs,\nles rivi\u00e8res et m\u00eame les flaques d\u2019eau.",
      "language": {
        "name": "fr",
        "url": "https://pokeapi.co/api/v2/language/5/"
      },
      "version": {
        "name": "lets-go-pikachu",
        "url": "https://pokeapi.co/api/v2/version/31/"
      }
    },
    {
      "flavor_text": "Karpador ist f\u00fcr seine Nutzlosigkeit bekannt.\nOb Meer, Fluss, See oder Pf\u00fctze, es schwimmt\ndurch die verschiedensten Gew\u00e4sser.",
      "language": {
        "name": "de",
        "url": "https://pokeapi.co/api/v2/language/6/"
      },
      "version": {
        "name": "lets-go-pikachu",
        "url": "https://pokeapi.co/api/v2/version/31/"
      }
    },
    {
      "flavor_text": "Famoso por su ineptitud. Nada en todo tipo de\naguas, ya sean mares, lagos, r\u00edos o charcas.",
      "language": {
        "name": "es",
        "url": "https://pokeapi.co/api/v2/language/7/"
      },
      "version": {
        "name": "lets-go-pikachu",
        "url": "https://pokeapi.co/api/v2/version/31/"
      }
    },
    {
      "flavor_text": "\u00c8 famoso per la sua debolezza. Lo si vede\ncomunemente nuotare nel mare, nei fiumi,\nnei laghi e in qualsiasi altra pozza d\u2019acqua.",
      "language": {
        "name": "it",
        "url": "https://pokeapi.co/api/v2/language/8/"
      },
      "version": {
        "name": "lets-go-pikachu",
        "url": "https://pokeapi.co/api/v2/version/31/"
      }
    },
    {
      "flavor_text": "Famous for being very unreliable. It can be\nfound swimming in seas, lakes, rivers,\nand shallow puddles.",
      "language": {
        "name": "en",
        "url": "https://pokeapi.co/api/v2/language/9/"
      },
      "version": {
        "name": "lets-go-pikachu",
        "url": "https://pokeapi.co/api/v2/version/31/"
      }
    },
    {
      "flavor_text": "\u983c\u308a\u306a\u3044\u306e\u3067\u3000\u6709\u540d\u306a\u30dd\u30b1\u30e2\u30f3\u3002\n\u6d77\u3000\u5ddd\u3000\u6c60\u3000\u6c34\u305f\u307e\u308a\n\u81f3\u308b\u3068\u3053\u308d\u3092\u3000\u6cf3\u3044\u3067\u3044\u308b\u3002",
      "language": {
        "name": "ja",
        "url": "https://pokeapi.co/api/v2/language/11/"
      },
      "version": {
        "name": "lets-go-pikachu",
        "url": "https://pokeapi.co/api/v2/version/31/"
      }
    },
    {
      "flavor_text": "\u56e0\u9760\u4e0d\u4f4f\u800c\u51fa\u540d\u7684\u5b9d\u53ef\u68a6\u3002\u6d77\u91cc\u3001\n\u6cb3\u91cc\u3001\u6c60\u5b50\u91cc\u3001\u8fd8\u6709\u6c34\u6d3c\u91cc\u2026\u2026\n\u5b83\u4eec\u4f1a\u5728\u5404\u79cd\u5730\u65b9\u6e38\u6765\u6e38\u53bb\u3002",
      "language": {
        "name": "zh-Hans",
        "url": "https://pokeapi.co/api/v2/language/12/"
      },
      "version": {
        "name": "lets-go-pikachu",
        "url": "https://pokeapi.co/api/v2/version/31/"
      }
    },
    {
      "flavor_text": "\u305f\u3088\u308a\u306a\u3044\u306e\u3067\u3000\u3086\u3046\u3081\u3044\u306a\u30dd\u30b1\u30e2\u30f3\u3002\n\u3046\u307f\u3000\u304b\u308f\u3000\u3044\u3051\u3000\u307f\u305a\u305f\u307e\u308a\n\u3044\u305f\u308b\u3068\u3053\u308d\u3092\u3000\u304a\u3088\u3044\u3067\u3044\u308b\u3002",
      "language": {
        "name": "ja-Hrkt",
        "url": "https://pokeapi.co/api/v2/language/1/"
      },
      "version": {
        "name": "lets-go-eevee",
        "url": "https://pokeapi.co/api/v2/version/32/"
      }
    },
    {
      "flavor_text": "\ubabb \ubbf8\ub365\uae30\ub85c \uc720\uba85\ud55c \ud3ec\ucf13\ubaac.\n\ubc14\ub2e4, \uac15, \uc5f0\ubabb, \ubb3c\uc6c5\ub369\uc774 \ub4f1\n\ub2e4\uc591\ud55c \uacf3\uc5d0\uc11c \ud5e4\uc5c4\uce58\uace0 \uc788\ub2e4.",
      "language": {
        "name": "ko",
        "url": "https://pokeapi.co/api/v2/language/3/"
      },
      "version": {
        "name": "lets-go-eevee",
        "url": "https://pokeapi.co/api/v2/version/32/"
      }
    },
    {
      "flavor_text": "\u4ee5\u9760\u4e0d\u4f4f\u800c\u805e\u540d\u7684\u5bf6\u53ef\u5922\u3002\n\u4e0d\u7ba1\u662f\u6d77\u3001\u6cb3\u3001\u6c60\u5858\u6216\u6c34\u7aaa\uff0c\n\u90fd\u80fd\u770b\u898b\u7260\u5011\u5728\u88e1\u982d\u6e38\u4f86\u6e38\u53bb\u3002",
      "language": {
        "name": "zh-Hant",
        "url": "https://pokeapi.co/api/v2/language/4/"
      },
      "version": {
        "name": "lets-go-eevee",
        "url": "https://pokeapi.co/api/v2/version/32/"
      }
    },
    {
      "flavor_text": "C\u00e9l\u00e8bre pour son inutilit\u00e9, on en trouve\nbeaucoup dans les oc\u00e9ans, les \u00e9tangs,\nles rivi\u00e8res et m\u00eame les flaques d\u2019eau.",
      "language": {
        "name": "fr",
        "url": "https://pokeapi.co/api/v2/language/5/"
      },
      "version": {
        "name": "lets-go-eevee",
        "url": "https://pokeapi.co/api/v2/version/32/"
      }
    },
    {
      "flavor_text": "Karpador ist f\u00fcr seine Nutzlosigkeit bekannt.\nOb Meer, Fluss, See oder Pf\u00fctze, es schwimmt\ndurch die verschiedensten Gew\u00e4sser.",
      "language": {
        "name": "de",
        "url": "https://pokeapi.co/api/v2/language/6/"
      },
      "version": {
        "name": "lets-go-eevee",
        "url": "https://pokeapi.co/api/v2/version/32/"
      }
    },
    {
      "flavor_text": "Famoso por su ineptitud. Nada en todo tipo de\naguas, ya sean mares, lagos, r\u00edos o charcas.",
      "language": {
        "name": "es",
        "url": "https://pokeapi.co/api/v2/language/7/"
      },
      "version": {
        "name": "lets-go-eevee",
        "url": "https://pokeapi.co/api/v2/version/32/"
      }
    },
    {
      "flavor_text": "\u00c8 famoso per la sua debolezza. Lo si vede\ncomunemente nuotare nel mare, nei fiumi,\nnei laghi e in qualsiasi altra pozza d\u2019acqua.",
      "language": {
        "name": "it",
        "url": "https://pokeapi.co/api/v2/language/8/"
      },
      "version": {
        "name": "lets-go-eevee",
        "url": "https://pokeapi.co/api/v2/version/32/"
      }
    },
    {
      "flavor_text": "Famous for being very unreliable. It can be\nfound swimming in seas, lakes, rivers,\nand shallow puddles.",
      "language": {
        "name": "en",
        "url": "https://pokeapi.co/api/v2/language/9/"
      },
      "version": {
        "name": "lets-go-eevee",
        "url": "https://pokeapi.co/api/v2/version/32/"
      }
    },
    {
      "flavor_text": "\u983c\u308a\u306a\u3044\u306e\u3067\u3000\u6709\u540d\u306a\u30dd\u30b1\u30e2\u30f3\u3002\n\u6d77\u3000\u5ddd\u3000\u6c60\u3000\u6c34\u305f\u307e\u308a\n\u81f3\u308b\u3068\u3053\u308d\u3092\u3000\u6cf3\u3044\u3067\u3044\u308b\u3002",
      "language": {
        "name": "ja",
        "url": "https://pokeapi.co/api/v2/language/11/"
      },
      "version": {
        "name": "lets-go-eevee",
        "url": "https://pokeapi.co/api/v2/version/32/"
      }
    },
    {
      "flavor_text": "\u56e0\u9760\u4e0d\u4f4f\u800c\u51fa\u540d\u7684\u5b9d\u53ef\u68a6\u3002\u6d77\u91cc\u3001\n\u6cb3\u91cc\u3001\u6c60\u5b50\u91cc\u3001\u8fd8\u6709\u6c34\u6d3c\u91cc\u2026\u2026\n\u5b83\u4eec\u4f1a\u5728\u5404\u79cd\u5730\u65b9\u6e38\u6765\u6e38\u53bb\u3002",
      "language": {
        "name": "zh-Hans",
        "url": "https://pokeapi.co/api/v2/language/12/"
      },
      "version": {
        "name": "lets-go-eevee",
        "url": "https://pokeapi.co/api/v2/version/32/"
      }
    },
    {
      "flavor_text": "\u3061\u304b\u3089\u3082\u3000\u30b9\u30d4\u30fc\u30c9\u3082\u3000\u307b\u3068\u3093\u3069\u30c0\u30e1\u3002\n\u305b\u304b\u3044\u3067\u3000\u3044\u3061\u3070\u3093\u3000\u3088\u308f\u304f\u3066\n\u306a\u3055\u3051\u306a\u3044\u3000\u30dd\u30b1\u30e2\u30f3\u3060\u3002",
      "language": {
        "name": "ja-Hrkt",
        "url": "https://pokeapi.co/api/v2/language/1/"
      },
      "version": {
        "name": "sword",
        "url": "https://pokeapi.co/api/v2/version/33/"
      }
    },
    {
      "flavor_text": "\ud798\ub3c4 \uc2a4\ud53c\ub4dc\ub3c4 \uac70\uc758 \uc5c6\ub2e4.\n\uc138\uc0c1\uc5d0\uc11c \uac00\uc7a5 \uc57d\ud558\uace0\n\ud55c\uc2ec\ud55c \ud3ec\ucf13\ubaac\uc774\ub2e4.",
      "language": {
        "name": "ko",
        "url": "https://pokeapi.co/api/v2/language/3/"
      },
      "version": {
        "name": "sword",
        "url": "https://pokeapi.co/api/v2/version/33/"
      }
    },
    {
      "flavor_text": "\u529b\u91cf\u548c\u901f\u5ea6\u90fd\u4e0d\u592a\u884c\u3002\n\u662f\u4e16\u754c\u4e0a\u6700\u5f31\n\u6700\u53ef\u6190\u7684\u5bf6\u53ef\u5922\u3002",
      "language": {
        "name": "zh-Hant",
        "url": "https://pokeapi.co/api/v2/language/4/"
      },
      "version": {
        "name": "sword",
        "url": "https://pokeapi.co/api/v2/version/33/"
      }
    },
    {
      "flavor_text": "Il manque totalement de vitesse et de force.\nC\u2019est le Pok\u00e9mon le plus path\u00e9tique au monde.",
      "language": {
        "name": "fr",
        "url": "https://pokeapi.co/api/v2/language/5/"
      },
      "version": {
        "name": "sword",
        "url": "https://pokeapi.co/api/v2/version/33/"
      }
    },
    {
      "flavor_text": "Es ist nutzlos, was Kraft und Geschwindigkeit\nangeht. Dieses Pok\u00e9mon ist das schw\u00e4chste und\nerb\u00e4rmlichste der Welt.",
      "language": {
        "name": "de",
        "url": "https://pokeapi.co/api/v2/language/6/"
      },
      "version": {
        "name": "sword",
        "url": "https://pokeapi.co/api/v2/version/33/"
      }
    },
    {
      "flavor_text": "Es el Pok\u00e9mon m\u00e1s d\u00e9bil y pat\u00e9tico que existe,\ncon una fuerza y velocidad pr\u00e1cticamente nulas.",
      "language": {
        "name": "es",
        "url": "https://pokeapi.co/api/v2/language/7/"
      },
      "version": {
        "name": "sword",
        "url": "https://pokeapi.co/api/v2/version/33/"
      }
    },
    {
      "flavor_text": "La sua forza e velocit\u00e0 sono praticamente nulle.\nSi pu\u00f2 tranquillamente definire il pi\u00f9 debole e\npatetico Pok\u00e9mon del mondo.",
      "language": {
        "name": "it",
        "url": "https://pokeapi.co/api/v2/language/8/"
      },
      "version": {
        "name": "sword",
        "url": "https://pokeapi.co/api/v2/version/33/"
      }
    },
    {
      "flavor_text": "It is virtually worthless in terms of both power\nand speed. It is the most weak and pathetic\nPok\u00e9mon in the world.",
      "language": {
        "name": "en",
        "url": "https://pokeapi.co/api/v2/language/9/"
      },
      "version": {
        "name": "sword",
        "url": "https://pokeapi.co/api/v2/version/33/"
      }
    },
    {
      "flavor_text": "\u529b\u3082\u3000\u30b9\u30d4\u30fc\u30c9\u3082\u3000\u307b\u3068\u3093\u3069\u30c0\u30e1\u3002\n\u4e16\u754c\u3067\u3000\u4e00\u756a\u3000\u5f31\u304f\u3066\n\u60c5\u3051\u306a\u3044\u3000\u30dd\u30b1\u30e2\u30f3\u3060\u3002",
      "language": {
        "name": "ja",
        "url": "https://pokeapi.co/api/v2/language/11/"
      },
      "version": {
        "name": "sword",
        "url": "https://pokeapi.co/api/v2/version/33/"
      }
    },
    {
      "flavor_text": "\u529b\u91cf\u548c\u901f\u5ea6\u51e0\u4e4e\u90fd\u4e0d\u884c\u3002\n\u662f\u4e16\u754c\u4e0a\u6700\u5f31\u6700\u53ef\u601c\u7684\u5b9d\u53ef\u68a6\u3002",
      "language": {
        "name": "zh-Hans",
        "url": "https://pokeapi.co/api/v2/language/12/"
      },
      "version": {
        "name": "sword",
        "url": "https://pokeapi.co/api/v2/version/33/"
      }
    },
    {
      "flavor_text": "\u306a\u304c\u308c\u306e\u3000\u306f\u3084\u3044\u3000\u3068\u3053\u308d\u3067\u306f\n\u305f\u3060\u3000\u306a\u304c\u3055\u308c\u3066\u3000\u3044\u304f\u3060\u3051\u306e\n\u3072\u3088\u308f\u3067\u3000\u306a\u3055\u3051\u306a\u3044\u3000\u30dd\u30b1\u30e2\u30f3\u3002",
      "language": {
        "name": "ja-Hrkt",
        "url": "https://pokeapi.co/api/v2/language/1/"
      },
      "version": {
        "name": "shield",
        "url": "https://pokeapi.co/api/v2/version/34/"
      }
    },
    {
      "flavor_text": "\uc720\uc18d\uc774 \ube60\ub978 \uacf3\uc5d0\uc11c\ub294\n\uadf8\uc800 \ub5a0\ub0b4\ub824\uac08 \ubfd0\uc778\n\uc57d\ud558\uace0 \ud55c\uc2ec\ud55c \ud3ec\ucf13\ubaac\uc774\ub2e4.",
      "language": {
        "name": "ko",
        "url": "https://pokeapi.co/api/v2/language/3/"
      },
      "version": {
        "name": "shield",
        "url": "https://pokeapi.co/api/v2/version/34/"
      }
    },
    {
      "flavor_text": "\u53c8\u5f31\u53c8\u53ef\u6190\u7684\u5bf6\u53ef\u5922\u3002\n\u5728\u6c34\u6d41\u6bd4\u8f03\u5feb\u7684\u5730\u65b9\uff0c\n\u53ea\u80fd\u4efb\u6191\u81ea\u5df1\u88ab\u6c34\u6c96\u8d70\u3002",
      "language": {
        "name": "zh-Hant",
        "url": "https://pokeapi.co/api/v2/language/4/"
      },
      "version": {
        "name": "shield",
        "url": "https://pokeapi.co/api/v2/version/34/"
      }
    },
    {
      "flavor_text": "Ce Pok\u00e9mon est si faible que, dans les eaux\n\u00e0 forts courants, il se contente de se laisser\nporter lamentablement.",
      "language": {
        "name": "fr",
        "url": "https://pokeapi.co/api/v2/language/5/"
      },
      "version": {
        "name": "shield",
        "url": "https://pokeapi.co/api/v2/version/34/"
      }
    },
    {
      "flavor_text": "Dieses Pok\u00e9mon ist so schwach und erb\u00e4rmlich,\ndass es sich in Gew\u00e4ssern mit starker Str\u00f6mung\neinfach vom Wasser treiben l\u00e4sst.",
      "language": {
        "name": "de",
        "url": "https://pokeapi.co/api/v2/language/6/"
      },
      "version": {
        "name": "shield",
        "url": "https://pokeapi.co/api/v2/version/34/"
      }
    },
    {
      "flavor_text": "Este Pok\u00e9mon d\u00e9bil y pat\u00e9tico se limita a dejarse\nllevar por la corriente cuando esta tiene fuerza.",
      "language": {
        "name": "es",
        "url": "https://pokeapi.co/api/v2/language/7/"
      },
      "version": {
        "name": "shield",
        "url": "https://pokeapi.co/api/v2/version/34/"
      }
    },
    {
      "flavor_text": "Un Pok\u00e9mon debole e patetico: non fa che\nlasciarsi trascinare dove lo porta la corrente.",
      "language": {
        "name": "it",
        "url": "https://pokeapi.co/api/v2/language/8/"
      },
      "version": {
        "name": "shield",
        "url": "https://pokeapi.co/api/v2/version/34/"
      }
    },
    {
      "flavor_text": "This weak and pathetic Pok\u00e9mon gets easily\npushed along rivers when there are strong currents.",
      "language": {
        "name": "en",
        "url": "https://pokeapi.co/api/v2/language/9/"
      },
      "version": {
        "name": "shield",
        "url": "https://pokeapi.co/api/v2/version/34/"
      }
    },
    {
      "flavor_text": "\u6d41\u308c\u306e\u3000\u901f\u3044\u3000\u3068\u3053\u308d\u3067\u306f\n\u305f\u3060\u3000\u6d41\u3055\u308c\u3066\u3000\u3044\u304f\u3060\u3051\u306e\n\u3072\u5f31\u3067\u3000\u60c5\u3051\u306a\u3044\u3000\u30dd\u30b1\u30e2\u30f3\u3002",
      "language": {
        "name": "ja",
        "url": "https://pokeapi.co/api/v2/language/11/"
      },
      "version": {
        "name": "shield",
        "url": "https://pokeapi.co/api/v2/version/34/"
      }
    },
    {
      "flavor_text": "\u53c8\u5f31\u53c8\u53ef\u601c\u7684\u5b9d\u53ef\u68a6\u3002\n\u5728\u6c34\u6d41\u6bd4\u8f83\u5feb\u7684\u5730\u65b9\n\u53ea\u80fd\u4efb\u51ed\u81ea\u5df1\u88ab\u6c34\u51b2\u8d70\u3002",
      "language": {
        "name": "zh-Hans",
        "url": "https://pokeapi.co/api/v2/language/12/"
      },
      "version": {
        "name": "shield",
        "url": "https://pokeapi.co/api/v2/version/34/"
      }
    },
    {
      "flavor_text": "A feeble, pitiful imbecile of a Pok\u00e9mon that is nonetheless very\nhardy. Unperturbed by turbid water, it can be found living in all\nsorts of places.",
      "language": {
        "name": "en",
        "url": "https://pokeapi.co/api/v2/language/9/"
      },
      "version": {
        "name": "legends-arceus",
        "url": "https://pokeapi.co/api/v2/version/39/"
      }
    }
  ],
  "form_descriptions": [],
  "forms_switchable": false,
  "gender_rate": 4,
  "genera": [
    {
      "genus": "\u3055\u304b\u306a\u30dd\u30b1\u30e2\u30f3",
      "language": {
        "name": "ja-Hrkt",
        "url": "https://pokeapi.co/api/v2/language/1/"
      }
    },
    {
      "genus": "\ubb3c\uace0\uae30\ud3ec\ucf13\ubaac",
      "language": {
        "name": "ko",
        "url": "https://pokeapi.co/api/v2/language/3/"
      }
    },
    {
      "genus": "\u9b5a\u5bf6\u53ef\u5922",
      "language": {
        "name": "zh-Hant",
        "url": "https://pokeapi.co/api/v2/language/4/"
      }
    },
    {
      "genus": "Pok\u00e9mon Poisson",
      "language": {
        "name": "fr",
        "url": "https://pokeapi.co/api/v2/language/5/"
      }
    },
    {
      "genus": "Fisch-Pok\u00e9mon",
      "language": {
        "name": "de",
        "url": "https://pokeapi.co/api/v2/language/6/"
      }
    },
    {
      "genus": "Pok\u00e9mon Pez",
      "language": {
        "name": "es",
        "url": "https://pokeapi.co/api/v2/language/7/"
      }
    },
    {
      "genus": "Pok\u00e9mon Pesce",
      "language": {
        "name": "it",
        "url": "https://pokeapi.co/api/v2/language/8/"
      }
    },
    {
      "genus": "Fish Pok\u00e9mon",
      "language": {
        "name": "en",
        "url": "https://pokeapi.co/api/v2/language/9/"
      }
    },
    {
      "genus": "\u3055\u304b\u306a\u30dd\u30b1\u30e2\u30f3",
      "language": {
        "name": "ja",
        "url": "https://pokeapi.co/api/v2/language/11/"
      }
    },
    {
      "genus": "\u9c7c\u5b9d\u53ef\u68a6",
      "language": {
        "name": "zh-Hans",
        "url": "https://pokeapi.co/api/v2/language/12/"
      }
    }
  ],
  "generation": {
    "name": "generation-i",
    "url": "https://pokeapi.co/api/v2/generation/1/"
  },
  "growth_rate": {
    "name": "slow",
    "url": "https://pokeapi.co/api/v2/growth-rate/1/"
  },
  "habitat": {
    "name": "waters-edge",
    "url": "https://pokeapi.co/api/v2/pokemon-habitat/9/"
  },
  "has_gender_differences": true,
  "hatch_counter": 5,
  "id": 129,
  "is_baby": false,
  "is_legendary": false,
  "is_mythical": false,
  "name": "magikarp",
  "names": [
    {
      "language": {
        "name": "ja-Hrkt",
        "url": "https://pokeapi.co/api/v2/language/1/"
      },
      "name": "\u30b3\u30a4\u30ad\u30f3\u30b0"
    },
    {
      "language": {
        "name": "roomaji",
        "url": "https://pokeapi.co/api/v2/language/2/"
      },
      "name": "Koiking"
    },
    {
      "language": {
        "name": "ko",
        "url": "https://pokeapi.co/api/v2/language/3/"
      },
      "name": "\uc789\uc5b4\ud0b9"
    },
    {
      "language": {
        "name": "zh-Hant",
        "url": "https://pokeapi.co/api/v2/language/4/"
      },
      "name": "\u9bc9\u9b5a\u738b"
    },
    {
      "language": {
        "name": "fr",
        "url": "https://pokeapi.co/api/v2/language/5/"
      },
      "name": "Magicarpe"
    },
    {
      "language": {
        "name": "de",
        "url": "https://pokeapi.co/api/v2/language/6/"
      },
      "name": "Karpador"
    },
    {
      "language": {
        "name": "es",
        "url": "https://pokeapi.co/api/v2/language/7/"
      },
      "name": "Magikarp"
    },
    {
      "language": {
        "name": "it",
        "url": "https://pokeapi.co/api/v2/language/8/"
      },
      "name": "Magikarp"
    },
    {
      "language": {
        "name": "en",
        "url": "https://pokeapi.co/api/v2/language/9/"
      },
      "name": "Magikarp"
    },
    {
      "language": {
        "name": "ja",
        "url": "https://pokeapi.co/api/v2/language/11/"
      },
      "name": "\u30b3\u30a4\u30ad\u30f3\u30b0"
    },
    {
      "language": {
        "name": "zh-Hans",
        "url": "https://pokeapi.co/api/v2/language/12/"
      },
      "name": "\u9ca4\u9c7c\u738b"
    }
  ],
  "order": 153,
  "pal_park_encounters": [
    {
      "area": {
        "name": "pond",
        "url": "https://pokeapi.co/api/v2/pal-park-area/4/"
      },
      "base_score": 30,
      "rate": 50
    }
  ],
  "pokedex_numbers": [
    {
      "entry_number": 129,
      "pokedex": {
        "name": "national",
        "url": "https://pokeapi.co/api/v2/pokedex/1/"
      }
    },
    {
      "entry_number": 129,
      "pokedex": {
        "name": "kanto",
        "url": "https://pokeapi.co/api/v2/pokedex/2/"
      }
    },
    {
      "entry_number": 76,
      "pokedex": {
        "name": "original-johto",
        "url": "https://pokeapi.co/api/v2/pokedex/3/"
      }
    },
    {
      "entry_number": 52,
      "pokedex": {
        "name": "hoenn",
        "url": "https://pokeapi.co/api/v2/pokedex/4/"
      }
    },
    {
      "entry_number": 23,
      "pokedex": {
        "name": "original-sinnoh",
        "url": "https://pokeapi.co/api/v2/pokedex/5/"
      }
    },
    {
      "entry_number": 23,
      "pokedex": {
        "name": "extended-sinnoh",
        "url": "https://pokeapi.co/api/v2/pokedex/6/"
      }
    },
    {
      "entry_number": 76,
      "pokedex": {
        "name": "updated-johto",
        "url": "https://pokeapi.co/api/v2/pokedex/7/"
      }
    },
    {
      "entry_number": 13,
      "pokedex": {
        "name": "conquest-gallery",
        "url": "https://pokeapi.co/api/v2/pokedex/11/"
      }
    },
    {
      "entry_number": 49,
      "pokedex": {
        "name": "kalos-central",
        "url": "https://pokeapi.co/api/v2/pokedex/12/"
      }
    },
    {
      "entry_number": 53,
      "pokedex": {
        "name": "updated-hoenn",
        "url": "https://pokeapi.co/api/v2/pokedex/15/"
      }
    },
    {
      "entry_number": 91,
      "pokedex": {
        "name": "original-alola",
        "url": "https://pokeapi.co/api/v2/pokedex/16/"
      }
    },
    {
      "entry_number": 91,
      "pokedex": {
        "name": "original-melemele",
        "url": "https://pokeapi.co/api/v2/pokedex/17/"
      }
    },
    {
      "entry_number": 34,
      "pokedex": {
        "name": "original-akala",
        "url": "https://pokeapi.co/api/v2/pokedex/18/"
      }
    },
    {
      "entry_number": 51,
      "pokedex": {
        "name": "original-ulaula",
        "url": "https://pokeapi.co/api/v2/pokedex/19/"
      }
    },
    {
      "entry_number": 41,
      "pokedex": {
        "name": "original-poni",
        "url": "https://pokeapi.co/api/v2/pokedex/20/"
      }
    },
    {
      "entry_number": 111,
      "pokedex": {
        "name": "updated-alola",
        "url": "https://pokeapi.co/api/v2/pokedex/21/"
      }
    },
    {
      "entry_number": 111,
      "pokedex": {
        "name": "updated-melemele",
        "url": "https://pokeapi.co/api/v2/pokedex/22/"
      }
    },
    {
      "entry_number": 34,
      "pokedex": {
        "name": "updated-akala",
        "url": "https://pokeapi.co/api/v2/pokedex/23/"
      }
    },
    {
      "entry_number": 54,
      "pokedex": {
        "name": "updated-ulaula",
        "url": "https://pokeapi.co/api/v2/pokedex/24/"
      }
    },
    {
      "entry_number": 53,
      "pokedex": {
        "name": "updated-poni",
        "url": "https://pokeapi.co/api/v2/pokedex/25/"
      }
    },
    {
      "entry_number": 129,
      "pokedex": {
        "name": "letsgo-kanto",
        "url": "https://pokeapi.co/api/v2/pokedex/26/"
      }
    },
    {
      "entry_number": 144,
      "pokedex": {
        "name": "galar",
        "url": "https://pokeapi.co/api/v2/pokedex/27/"
      }
    },
    {
      "entry_number": 42,
      "pokedex": {
        "name": "isle-of-armor",
        "url": "https://pokeapi.co/api/v2/pokedex/28/"
      }
    },
    {
      "entry_number": 62,
      "pokedex": {
        "name": "crown-tundra",
        "url": "https://pokeapi.co/api/v2/pokedex/29/"
      }
    },
    {
      "entry_number": 80,
      "pokedex": {
        "name": "hisui",
        "url": "https://pokeapi.co/api/v2/pokedex/30/"
      }
    },
    {
      "entry_number": 134,
      "pokedex": {
        "name": "paldea",
        "url": "https://pokeapi.co/api/v2/pokedex/31/"
      }
    },
    {
      "entry_number": 43,
      "pokedex": {
        "name": "kitakami",
        "url": "https://pokeapi.co/api/v2/pokedex/32/"
      }
    },
    {
      "entry_number": 32,
      "pokedex": {
        "name": "lumiose-city",
        "url": "https://pokeapi.co/api/v2/pokedex/34/"
      }
    }
  ],
  "shape": {
    "name": "fish",
    "url": "https://pokeapi.co/api/v2/pokemon-shape/3/"
  },
  "varieties": [
    {
      "is_default": true,
      "pokemon": {
        "name": "magikarp",
        "url": "https://pokeapi.co/api/v2/pokemon/129/"
      }
    }
  ]
}