{"id": 880, "name": "dracozolt", "types": [{"slot": 1, "type": {"name": "electric", "url": "https://pokeapi.co/api/v2/type/13/"}}, {"slot": 2, "type": {"name": "dragon", "url": "https://pokeapi.co/api/v2/type/16/"}}], "stats": [{"base_stat": 90, "effort": 0, "stat": {"name": "hp", "url": "https://pokeapi.co/api/v2/stat/1/"}}, {"base_stat": 100, "effort": 2, "stat": {"name": "attack", "url": "https://pokeapi.co/api/v2/stat/2/"}}, {"base_stat": 90, "effort": 0, "stat": {"name": "defense", "url": "https://pokeapi.co/api/v2/stat/3/"}}, {"base_stat": 80, "effort": 0, "stat": {"name": "special-attack", "url": "https://pokeapi.co/api/v2/stat/4/"}}, {"base_stat": 70, "effort": 0, "stat": {"name": "special-defense", "url": "https://pokeapi.co/api/v2/stat/5/"}}, {"base_stat": 75, "effort": 0, "stat": {"name": "speed", "url": "https://pokeapi.co/api/v2/stat/6/"}}], "abilities": [{"ability": {"name": "volt-absorb", "url": "https://pokeapi.co/api/v2/ability/10/"}, "is_hidden": false, "slot": 1}, {"ability": {"name": "hustle", "url": "https://pokeapi.co/api/v2/ability/55/"}, "is_hidden": false, "slot": 2}, {"ability": {"name": "sand-rush", "url": "https://pokeapi.co/api/v2/ability/146/"}, "is_hidden": true, "slot": 3}], "sprites": {"front_default": "https://raw.githubusercontent.com/PokeAPI/sprites/master/sprites/pokemon/880.png"}, "moves": [{"move": {"name": "mega-punch"}, "earliest_level": null}, {"move": {"name": "thunder-punch"}, "earliest_level": null}, {"move": {"name": "slam"}, "earliest_level": 49}, {"move": {"name": "stomp"}, "earliest_level": 42}, {"move": {"name": "mega-kick"}, "earliest_level": null}, {"move": {"name": "tackle"}, "earliest_level": 1}, {"move": {"name": "body-slam"}, "earliest_level": null}, {"move": {"name": "flamethrower"}, "earliest_level": null}, {"move": {"name": "hyper-beam"}, "earliest_level": null}, {"move": {"name": "low-kick"}, "earliest_level": null}, {"move": {"name": "fire-spin"}, "earliest_level": null}, {"move": {"name": "thunder-shock"}, "earliest_level": 1}, {"move": {"name": "thunderbolt"}, "earliest_level": null}, {"move": {"name": "thunder-wave"}, "earliest_level": null}, {"move": {"name": "thunder"}, "earliest_level": null}, {"move": {"name": "earthquake"}, "earliest_level": null}, {"move": {"name": "fire-blast"}, "earliest_level": null}, {"move": {"name": "rest"}, "earliest_level": null}, {"move": {"name": "rock-slide"}, "earliest_level": null}, {"move": {"name": "substitute"}, "earliest_level": null}, {"move": {"name": "snore"}, "earliest_level": null}, {"move": {"name": "protect"}, "earliest_level": null}, {"move": {"name": "outrage"}, "earliest_level": null}, {"move": {"name": "endure"}, "earliest_level": null}, {"move": {"name": "sleep-talk"}, "earliest_level": null}, {"move": {"name": "iron-tail"}, "earliest_level": null}, {"move": {"name": "rain-dance"}, "earliest_level": null}, {"move": {"name": "sunny-day"}, "earliest_level": null}, {"move": {"name": "ancient-power"}, "earliest_level": 21}, {"move": {"name": "facade"}, "earliest_level": null}, {"move": {"name": "charge"}, "earliest_level": 7}, {"move": {"name": "taunt"}, "earliest_level": null}, {"move": {"name": "rock-tomb"}, "earliest_level": null}, {"move": {"name": "aerial-ace"}, "earliest_level": 14}, {"move": {"name": "dragon-claw"}, "earliest_level": null}, {"move": {"name": "rock-blast"}, "earliest_level": null}, {"move": {"name": "pluck"}, "earliest_level": 28}, {"move": {"name": "dragon-pulse"}, "earliest_level": 70}, {"move": {"name": "dragon-rush"}, "earliest_level": 77}, {"move": {"name": "earth-power"}, "earliest_level": null}, {"move": {"name": "giga-impact"}, "earliest_level": null}, {"move": {"name": "thunder-fang"}, "earliest_level": null}, {"move": {"name": "fire-fang"}, "earliest_level": null}, {"move": {"name": "draco-meteor"}, "earliest_level": null}, {"move": {"name": "discharge"}, "earliest_level": 56}, {"move": {"name": "stone-edge"}, "earliest_level": null}, {"move": {"name": "electro-ball"}, "earliest_level": null}, {"move": {"name": "round"}, "earliest_level": null}, {"move": {"name": "bulldoze"}, "earliest_level": null}, {"move": {"name": "dragon-tail"}, "earliest_level": 35}, {"move": {"name": "wild-charge"}, "earliest_level": null}, {"move": {"name": "high-horsepower"}, "earliest_level": null}, {"move": {"name": "brutal-swing"}, "earliest_level": null}, {"move": {"name": "stomping-tantrum"}, "earliest_level": null}, {"move": {"name": "bolt-beak"}, "earliest_level": 63}, {"move": {"name": "breaking-swipe"}, "earliest_level": null}, {"move": {"name": "meteor-beam"}, "earliest_level": null}, {"move": {"name": "rising-voltage"}, "earliest_level": null}], "species": {"url": "https://pokeapi.co/api/v2/pokemon-species/880/"}, "height": 18, "weight": 1900}