{
  "abilities": [
    {
      "ability": {
        "name": "friend-guard",
        "url": "https://pokeapi.co/api/v2/ability/132/"
      },
      "is_hidden": false,
      "slot": 1
    },
    {
      "ability": {
        "name": "cheek-pouch",
        "url": "https://pokeapi.co/api/v2/ability/167/"
      },
      "is_hidden": false,
      "slot": 2
    },
    {
      "ability": {
        "name": "technician",
        "url": "https://pokeapi.co/api/v2/ability/101/"
      },
      "is_hidden": true,
      "slot": 3
    }
  ],
  "base_experience": 165,
  "cries": {
    "latest": "https://raw.githubusercontent.com/PokeAPI/cries/main/cries/pokemon/latest/10257.ogg",
    "legacy": null
  },
  "forms": [
    {
      "name": "maushold-family-of-three",
      "url": "https://pokeapi.co/api/v2/pokemon-form/10426/"
    }
  ],
  "game_indices": [],
  "height": 3,
  "held_items": [],
  "id": 10257,
  "is_default": false,
  "location_area_encounters": "https://pokeapi.co/api/v2/pokemon/10257/encounters",
  "moves": [
    {
      "move": {
        "name": "pound",
        "url": "https://pokeapi.co/api/v2/move/1/"
      },
      "version_group_details": [
        {
          "level_learned_at": 1,
          "move_learn_method": {
            "name": "level-up",
            "url": "https://pokeapi.co/api/v2/move-learn-method/1/"
          },
          "order": 1,
          "version_group": {
            "name": "scarlet-violet",
            "url": "https://pokeapi.co/api/v2/version-group/25/"
          }
        }
      ]
    },
    {
      "move": {
        "name": "take-down",
        "url": "https://pokeapi.co/api/v2/move/36/"
      },
      "version_group_details": [
        {
          "level_learned_at": 0,
          "move_learn_method": {
            "name": "machine",
            "url": "https://pokeapi.co/api/v2/move-learn-method/4/"
          },
          "order": null,
          "version_group": {
            "name": "scarlet-violet",
            "url": "https://pokeapi.co/api/v2/version-group/25/"
          }
        }
      ]
    },
    {
      "move": {
        "name": "double-edge",
        "url": "https://pokeapi.co/api/v2/move/38/"
      },
      "version_group_details": [
        {
          "level_learned_at": 0,
          "move_learn_method": {
            "name": "machine",
            "url": "https://pokeapi.co/api/v2/move-learn-method/4/"
          },
          "order": null,
          "version_group": {
            "name": "scarlet-violet",
            "url": "https://pokeapi.co/api/v2/version-group/25/"
          }
        }
      ]
    },
    {
      "move": {
        "name": "hyper-beam",
        "url": "https://pokeapi.co/api/v2/move/63/"
      },
      "version_group_details": [
        {
          "level_learned_at": 0,
          "move_learn_method": {
            "name": "machine",
            "url": "https://pokeapi.co/api/v2/move-learn-method/4/"
          },
          "order": null,
          "version_group": {
            "name": "scarlet-violet",
            "url": "https://pokeapi.co/api/v2/version-group/25/"
          }
        }
      ]
    },
    {
      "move": {
        "name": "low-kick",
        "url": "https://pokeapi.co/api/v2/move/67/"
      },
      "version_group_details": [
        {
          "level_learned_at": 0,
          "move_learn_method": {
            "name": "machine",
            "url": "https://pokeapi.co/api/v2/move-learn-method/4/"
          },
          "order": null,
          "version_group": {
            "name": "scarlet-violet",
            "url": "https://pokeapi.co/api/v2/version-group/25/"
          }
        }
      ]
    },
    {
      "move": {
        "name": "thunder-wave",
        "url": "https://pokeapi.co/api/v2/move/86/"
      },
      "version_group_details": [
        {
          "level_learned_at": 0,
          "move_learn_method": {
            "name": "machine",
            "url": "https://pokeapi.co/api/v2/move-learn-method/4/"
          },
          "order": null,
          "version_group": {
            "name": "scarlet-violet",
            "url": "https://pokeapi.co/api/v2/version-group/25/"
          }
        }
      ]
    },
    {
      "move": {
        "name": "dig",
        "url": "https://pokeapi.co/api/v2/move/91/"
      },
      "version_group_details": [
        {
          "level_learned_at": 0,
          "move_learn_method": {
            "name": "machine",
            "url": "https://pokeapi.co/api/v2/move-learn-method/4/"
          },
          "order": null,
          "version_group": {
            "name": "scarlet-violet",
            "url": "https://pokeapi.co/api/v2/version-group/25/"
          }
        }
      ]
    },
    {
      "move": {
        "name": "agility",
        "url": "https://pokeapi.co/api/v2/move/97/"
      },
      "version_group_details": [
        {
          "level_learned_at": 0,
          "move_learn_method": {
            "name": "machine",
            "url": "https://pokeapi.co/api/v2/move-learn-method/4/"
          },
          "order": null,
          "version_group": {
            "name": "scarlet-violet",
            "url": "https://pokeapi.co/api/v2/version-group/25/"
          }
        }
      ]
    },
    {
      "move": {
        "name": "swift",
        "url": "https://pokeapi.co/api/v2/move/129/"
      },
      "version_group_details": [
        {
          "level_learned_at": 0,
          "move_learn_method": {
            "name": "machine",
            "url": "https://pokeapi.co/api/v2/move-learn-method/4/"
          },
          "order": null,
          "version_group": {
            "name": "scarlet-violet",
            "url": "https://pokeapi.co/api/v2/version-group/25/"
          }
        }
      ]
    },
    {
      "move": {
        "name": "rest",
        "url": "https://pokeapi.co/api/v2/move/156/"
      },
      "version_group_details": [
        {
          "level_learned_at": 0,
          "move_learn_method": {
            "name": "machine",
            "url": "https://pokeapi.co/api/v2/move-learn-method/4/"
          },
          "order": null,
          "version_group": {
            "name": "scarlet-violet",
            "url": "https://pokeapi.co/api/v2/version-group/25/"
          }
        }
      ]
    },
    {
      "move": {
        "name": "super-fang",
        "url": "https://pokeapi.co/api/v2/move/162/"
      },
      "version_group_details": [
        {
          "level_learned_at": 11,
          "move_learn_method": {
            "name": "level-up",
            "url": "https://pokeapi.co/api/v2/move-learn-method/1/"
          },
          "order": null,
          "version_group": {
            "name": "scarlet-violet",
            "url": "https://pokeapi.co/api/v2/version-group/25/"
          }
        },
        {
          "level_learned_at": 0,
          "move_learn_method": {
            "name": "machine",
            "url": "https://pokeapi.co/api/v2/move-learn-method/4/"
          },
          "order": null,
          "version_group": {
            "name": "scarlet-violet",
            "url": "https://pokeapi.co/api/v2/version-group/25/"
          }
        }
      ]
    },
    {
      "move": {
        "name": "substitute",
        "url": "https://pokeapi.co/api/v2/move/164/"
      },
      "version_group_details": [
        {
          "level_learned_at": 0,
          "move_learn_method": {
            "name": "machine",
            "url": "https://pokeapi.co/api/v2/move-learn-method/4/"
          },
          "order": null,
          "version_group": {
            "name": "scarlet-violet",
            "url": "https://pokeapi.co/api/v2/version-group/25/"
          }
        }
      ]
    },
    {
      "move": {
        "name": "thief",
        "url": "https://pokeapi.co/api/v2/move/168/"
      },
      "version_group_details": [
        {
          "level_learned_at": 0,
          "move_learn_method": {
            "name": "machine",
            "url": "https://pokeapi.co/api/v2/move-learn-method/4/"
          },
          "order": null,
          "version_group": {
            "name": "scarlet-violet",
            "url": "https://pokeapi.co/api/v2/version-group/25/"
          }
        }
      ]
    },
    {
      "move": {
        "name": "protect",
        "url": "https://pokeapi.co/api/v2/move/182/"
      },
      "version_group_details": [
        {
          "level_learned_at": 0,
          "move_learn_method": {
            "name": "machine",
            "url": "https://pokeapi.co/api/v2/move-learn-method/4/"
          },
          "order": null,
          "version_group": {
            "name": "scarlet-violet",
            "url": "https://pokeapi.co/api/v2/version-group/25/"
          }
        }
      ]
    },
    {
      "move": {
        "name": "mud-slap",
        "url": "https://pokeapi.co/api/v2/move/189/"
      },
      "version_group_details": [
        {
          "level_learned_at": 0,
          "move_learn_method": {
            "name": "machine",
            "url": "https://pokeapi.co/api/v2/move-learn-method/4/"
          },
          "order": null,
          "version_group": {
            "name": "scarlet-violet",
            "url": "https://pokeapi.co/api/v2/version-group/25/"
          }
        }
      ]
    },
    {
      "move": {
        "name": "endure",
        "url": "https://pokeapi.co/api/v2/move/203/"
      },
      "version_group_details": [
        {
          "level_learned_at": 0,
          "move_learn_method": {
            "name": "machine",
            "url": "https://pokeapi.co/api/v2/move-learn-method/4/"
          },
          "order": null,
          "version_group": {
            "name": "scarlet-violet",
            "url": "https://pokeapi.co/api/v2/version-group/25/"
          }
        }
      ]
    },
    {
      "move": {
        "name": "charm",
        "url": "https://pokeapi.co/api/v2/move/204/"
      },
      "version_group_details": [
        {
          "level_learned_at": 37,
          "move_learn_method": {
            "name": "level-up",
            "url": "https://pokeapi.co/api/v2/move-learn-method/1/"
          },
          "order": null,
          "version_group": {
            "name": "scarlet-violet",
            "url": "https://pokeapi.co/api/v2/version-group/25/"
          }
        },
        {
          "level_learned_at": 0,
          "move_learn_method": {
            "name": "machine",
            "url": "https://pokeapi.co/api/v2/move-learn-method/4/"
          },
          "order": null,
          "version_group": {
            "name": "scarlet-violet",
            "url": "https://pokeapi.co/api/v2/version-group/25/"
          }
        }
      ]
    },
    {
      "move": {
        "name": "sleep-talk",
        "url": "https://pokeapi.co/api/v2/move/214/"
      },
      "version_group_details": [
        {
          "level_learned_at": 0,
          "move_learn_method": {
            "name": "machine",
            "url": "https://pokeapi.co/api/v2/move-learn-method/4/"
          },
          "order": null,
          "version_group": {
            "name": "scarlet-violet",
            "url": "https://pokeapi.co/api/v2/version-group/25/"
          }
        }
      ]
    },
    {
      "move": {
        "name": "encore",
        "url": "https://pokeapi.co/api/v2/move/227/"
      },
      "version_group_details": [
        {
          "level_learned_at": 22,
          "move_learn_method": {
            "name": "level-up",
            "url": "https://pokeapi.co/api/v2/move-learn-method/1/"
          },
          "order": null,
          "version_group": {
            "name": "scarlet-violet",
            "url": "https://pokeapi.co/api/v2/version-group/25/"
          }
        },
        {
          "level_learned_at": 0,
          "move_learn_method": {
            "name": "machine",
            "url": "https://pokeapi.co/api/v2/move-learn-method/4/"
          },
          "order": null,
          "version_group": {
            "name": "scarlet-violet",
            "url": "https://pokeapi.co/api/v2/version-group/25/"
          }
        }
      ]
    },
    {
      "move": {
        "name": "rain-dance",
        "url": "https://pokeapi.co/api/v2/move/240/"
      },
      "version_group_details": [
        {
          "level_learned_at": 0,
          "move_learn_method": {
            "name": "machine",
            "url": "https://pokeapi.co/api/v2/move-learn-method/4/"
          },
          "order": null,
          "version_group": {
            "name": "scarlet-violet",
            "url": "https://pokeapi.co/api/v2/version-group/25/"
          }
        }
      ]
    },
    {
      "move": {
        "name": "sunny-day",
        "url": "https://pokeapi.co/api/v2/move/241/"
      },
      "version_group_details": [
        {
          "level_learned_at": 0,
          "move_learn_method": {
            "name": "machine",
            "url": "https://pokeapi.co/api/v2/move-learn-method/4/"
          },
          "order": null,
          "version_group": {
            "name": "scarlet-violet",
            "url": "https://pokeapi.co/api/v2/version-group/25/"
          }
        }
      ]
    },
    {
      "move": {
        "name": "crunch",
        "url": "https://pokeapi.co/api/v2/move/242/"
      },
      "version_group_details": [
        {
          "level_learned_at": 0,
          "move_learn_method": {
            "name": "machine",
            "url": "https://pokeapi.co/api/v2/move-learn-method/4/"
          },
          "order": null,
          "version_group": {
            "name": "scarlet-violet",
            "url": "https://pokeapi.co/api/v2/version-group/25/"
          }
        }
      ]
    },
    {
      "move": {
        "name": "beat-up",
        "url": "https://pokeapi.co/api/v2/move/251/"
      },
      "version_group_details": [
        {
          "level_learned_at": 41,
          "move_learn_method": {
            "name": "level-up",
            "url": "https://pokeapi.co/api/v2/move-learn-method/1/"
          },
          "order": null,
          "version_group": {
            "name": "scarlet-violet",
            "url": "https://pokeapi.co/api/v2/version-group/25/"
          }
        }
      ]
    },
    {
      "move": {
        "name": "facade",
        "url": "https://pokeapi.co/api/v2/move/263/"
      },
      "version_group_details": [
        {
          "level_learned_at": 0,
          "move_learn_method": {
            "name": "machine",
            "url": "https://pokeapi.co/api/v2/move-learn-method/4/"
          },
          "order": null,
          "version_group": {
            "name": "scarlet-violet",
            "url": "https://pokeapi.co/api/v2/version-group/25/"
          }
        }
      ]
    },
    {
      "move": {
        "name": "follow-me",
        "url": "https://pokeapi.co/api/v2/move/266/"
      },
      "version_group_details": [
        {
          "level_learned_at": 1,
          "move_learn_method": {
            "name": "level-up",
            "url": "https://pokeapi.co/api/v2/move-learn-method/1/"
          },
          "order": 2,
          "version_group": {
            "name": "scarlet-violet",
            "url": "https://pokeapi.co/api/v2/version-group/25/"
          }
        }
      ]
    },
    {
      "move": {
        "name": "taunt",
        "url": "https://pokeapi.co/api/v2/move/269/"
      },
      "version_group_details": [
        {
          "level_learned_at": 0,
          "move_learn_method": {
            "name": "machine",
            "url": "https://pokeapi.co/api/v2/move-learn-method/4/"
          },
          "order": null,
          "version_group": {
            "name": "scarlet-violet",
            "url": "https://pokeapi.co/api/v2/version-group/25/"
          }
        }
      ]
    },
    {
      "move": {
        "name": "helping-hand",
        "url": "https://pokeapi.co/api/v2/move/270/"
      },
      "version_group_details": [
        {
          "level_learned_at": 8,
          "move_learn_method": {
            "name": "level-up",
            "url": "https://pokeapi.co/api/v2/move-learn-method/1/"
          },
          "order": null,
          "version_group": {
            "name": "scarlet-violet",
            "url": "https://pokeapi.co/api/v2/version-group/25/"
          }
        },
        {
          "level_learned_at": 0,
          "move_learn_method": {
            "name": "machine",
            "url": "https://pokeapi.co/api/v2/move-learn-method/4/"
          },
          "order": null,
          "version_group": {
            "name": "scarlet-violet",
            "url": "https://pokeapi.co/api/v2/version-group/25/"
          }
        }
      ]
    },
    {
      "move": {
        "name": "hyper-voice",
        "url": "https://pokeapi.co/api/v2/move/304/"
      },
      "version_group_details": [
        {
          "level_learned_at": 33,
          "move_learn_method": {
            "name": "level-up",
            "url": "https://pokeapi.co/api/v2/move-learn-method/1/"
          },
          "order": null,
          "version_group": {
            "name": "scarlet-violet",
            "url": "https://pokeapi.co/api/v2/version-group/25/"
          }
        },
        {
          "level_learned_at": 0,
          "move_learn_method": {
            "name": "machine",
            "url": "https://pokeapi.co/api/v2/move-learn-method/4/"
          },
          "order": null,
          "version_group": {
            "name": "scarlet-violet",
            "url": "https://pokeapi.co/api/v2/version-group/25/"
          }
        }
      ]
    },
    {
      "move": {
        "name": "fake-tears",
        "url": "https://pokeapi.co/api/v2/move/313/"
      },
      "version_group_details": [
        {
          "level_learned_at": 0,
          "move_learn_method": {
            "name": "machine",
            "url": "https://pokeapi.co/api/v2/move-learn-method/4/"
          },
          "order": null,
          "version_group": {
            "name": "scarlet-violet",
            "url": "https://pokeapi.co/api/v2/version-group/25/"
          }
        }
      ]
    },
    {
      "move": {
        "name": "bullet-seed",
        "url": "https://pokeapi.co/api/v2/move/331/"
      },
      "version_group_details": [
        {
          "level_learned_at": 18,
          "move_learn_method": {
            "name": "level-up",
            "url": "https://pokeapi.co/api/v2/move-learn-method/1/"
          },
          "order": null,
          "version_group": {
            "name": "scarlet-violet",
            "url": "https://pokeapi.co/api/v2/version-group/25/"
          }
        },
        {
          "level_learned_at": 0,
          "move_learn_method": {
            "name": "machine",
            "url": "https://pokeapi.co/api/v2/move-learn-method/4/"
          },
          "order": null,
          "version_group": {
            "name": "scarlet-violet",
            "url": "https://pokeapi.co/api/v2/version-group/25/"
          }
        }
      ]
    },
    {
      "move": {
        "name": "aerial-ace",
        "url": "https://pokeapi.co/api/v2/move/332/"
      },
      "version_group_details": [
        {
          "level_learned_at": 0,
          "move_learn_method": {
            "name": "machine",
            "url": "https://pokeapi.co/api/v2/move-learn-method/4/"
          },
          "order": null,
          "version_group": {
            "name": "scarlet-violet",
            "url": "https://pokeapi.co/api/v2/version-group/25/"
          }
        }
      ]
    },
    {
      "move": {
        "name": "mud-shot",
        "url": "https://pokeapi.co/api/v2/move/341/"
      },
      "version_group_details": [
        {
          "level_learned_at": 0,
          "move_learn_method": {
            "name": "machine",
            "url": "https://pokeapi.co/api/v2/move-learn-method/4/"
          },
          "order": null,
          "version_group": {
            "name": "scarlet-violet",
            "url": "https://pokeapi.co/api/v2/version-group/25/"
          }
        }
      ]
    },
    {
      "move": {
        "name": "water-pulse",
        "url": "https://pokeapi.co/api/v2/move/352/"
      },
      "version_group_details": [
        {
          "level_learned_at": 0,
          "move_learn_method": {
            "name": "machine",
            "url": "https://pokeapi.co/api/v2/move-learn-method/4/"
          },
          "order": null,
          "version_group": {
            "name": "scarlet-violet",
            "url": "https://pokeapi.co/api/v2/version-group/25/"
          }
        }
      ]
    },
    {
      "move": {
        "name": "u-turn",
        "url": "https://pokeapi.co/api/v2/move/369/"
      },
      "version_group_details": [
        {
          "level_learned_at": 0,
          "move_learn_method": {
            "name": "machine",
            "url": "https://pokeapi.co/api/v2/move-learn-method/4/"
          },
          "order": null,
          "version_group": {
            "name": "scarlet-violet",
            "url": "https://pokeapi.co/api/v2/version-group/25/"
          }
        }
      ]
    },
    {
      "move": {
        "name": "copycat",
        "url": "https://pokeapi.co/api/v2/move/383/"
      },
      "version_group_details": [
        {
          "level_learned_at": 46,
          "move_learn_method": {
            "name": "level-up",
            "url": "https://pokeapi.co/api/v2/move-learn-method/1/"
          },
          "order": null,
          "version_group": {
            "name": "scarlet-violet",
            "url": "https://pokeapi.co/api/v2/version-group/25/"
          }
        }
      ]
    },
    {
      "move": {
        "name": "seed-bomb",
        "url": "https://pokeapi.co/api/v2/move/402/"
      },
      "version_group_details": [
        {
          "level_learned_at": 0,
          "move_learn_method": {
            "name": "machine",
            "url": "https://pokeapi.co/api/v2/move-learn-method/4/"
          },
          "order": null,
          "version_group": {
            "name": "scarlet-violet",
            "url": "https://pokeapi.co/api/v2/version-group/25/"
          }
        }
      ]
    },
    {
      "move": {
        "name": "giga-impact",
        "url": "https://pokeapi.co/api/v2/move/416/"
      },
      "version_group_details": [
        {
          "level_learned_at": 0,
          "move_learn_method": {
            "name": "machine",
            "url": "https://pokeapi.co/api/v2/move-learn-method/4/"
          },
          "order": null,
          "version_group": {
            "name": "scarlet-violet",
            "url": "https://pokeapi.co/api/v2/version-group/25/"
          }
        }
      ]
    },
    {
      "move": {
        "name": "shadow-claw",
        "url": "https://pokeapi.co/api/v2/move/421/"
      },
      "version_group_details": [
        {
          "level_learned_at": 0,
          "move_learn_method": {
            "name": "machine",
            "url": "https://pokeapi.co/api/v2/move-learn-method/4/"
          },
          "order": null,
          "version_group": {
            "name": "scarlet-violet",
            "url": "https://pokeapi.co/api/v2/version-group/25/"
          }
        }
      ]
    },
    {
      "move": {
        "name": "grass-knot",
        "url": "https://pokeapi.co/api/v2/move/447/"
      },
      "version_group_details": [
        {
          "level_learned_at": 0,
          "move_learn_method": {
            "name": "machine",
            "url": "https://pokeapi.co/api/v2/move-learn-method/4/"
          },
          "order": null,
          "version_group": {
            "name": "scarlet-violet",
            "url": "https://pokeapi.co/api/v2/version-group/25/"
          }
        }
      ]
    },
    {
      "move": {
        "name": "double-hit",
        "url": "https://pokeapi.co/api/v2/move/458/"
      },
      "version_group_details": [
        {
          "level_learned_at": 14,
          "move_learn_method": {
            "name": "level-up",
            "url": "https://pokeapi.co/api/v2/move-learn-method/1/"
          },
          "order": null,
          "version_group": {
            "name": "scarlet-violet",
            "url": "https://pokeapi.co/api/v2/version-group/25/"
          }
        }
      ]
    },
    {
      "move": {
        "name": "low-sweep",
        "url": "https://pokeapi.co/api/v2/move/490/"
      },
      "version_group_details": [
        {
          "level_learned_at": 0,
          "move_learn_method": {
            "name": "machine",
            "url": "https://pokeapi.co/api/v2/move-learn-method/4/"
          },
          "order": null,
          "version_group": {
            "name": "scarlet-violet",
            "url": "https://pokeapi.co/api/v2/version-group/25/"
          }
        }
      ]
    },
    {
      "move": {
        "name": "echoed-voice",
        "url": "https://pokeapi.co/api/v2/move/497/"
      },
      "version_group_details": [
        {
          "level_learned_at": 5,
          "move_learn_method": {
            "name": "level-up",
            "url": "https://pokeapi.co/api/v2/move-learn-method/1/"
          },
          "order": null,
          "version_group": {
            "name": "scarlet-violet",
            "url": "https://pokeapi.co/api/v2/version-group/25/"
          }
        }
      ]
    },
    {
      "move": {
        "name": "play-rough",
        "url": "https://pokeapi.co/api/v2/move/583/"
      },
      "version_group_details": [
        {
          "level_learned_at": 29,
          "move_learn_method": {
            "name": "level-up",
            "url": "https://pokeapi.co/api/v2/move-learn-method/1/"
          },
          "order": null,
          "version_group": {
            "name": "scarlet-violet",
            "url": "https://pokeapi.co/api/v2/version-group/25/"
          }
        },
        {
          "level_learned_at": 0,
          "move_learn_method": {
            "name": "machine",
            "url": "https://pokeapi.co/api/v2/move-learn-method/4/"
          },
          "order": null,
          "version_group": {
            "name": "scarlet-violet",
            "url": "https://pokeapi.co/api/v2/version-group/25/"
          }
        }
      ]
    },
    {
      "move": {
        "name": "baby-doll-eyes",
        "url": "https://pokeapi.co/api/v2/move/608/"
      },
      "version_group_details": [
        {
          "level_learned_at": 1,
          "move_learn_method": {
            "name": "level-up",
            "url": "https://pokeapi.co/api/v2/move-learn-method/1/"
          },
          "order": 3,
          "version_group": {
            "name": "scarlet-violet",
            "url": "https://pokeapi.co/api/v2/version-group/25/"
          }
        }
      ]
    },
    {
      "move": {
        "name": "tera-blast",
        "url": "https://pokeapi.co/api/v2/move/851/"
      },
      "version_group_details": [
        {
          "level_learned_at": 0,
          "move_learn_method": {
            "name": "machine",
            "url": "https://pokeapi.co/api/v2/move-learn-method/4/"
          },
          "order": null,
          "version_group": {
            "name": "scarlet-violet",
            "url": "https://pokeapi.co/api/v2/version-group/25/"
          }
        }
      ]
    },
    {
      "move": {
        "name": "population-bomb",
        "url": "https://pokeapi.co/api/v2/move/860/"
      },
      "version_group_details": [
        {
          "level_learned_at": 53,
          "move_learn_method": {
            "name": "level-up",
            "url": "https://pokeapi.co/api/v2/move-learn-method/1/"
          },
          "order": null,
          "version_group": {
            "name": "scarlet-violet",
            "url": "https://pokeapi.co/api/v2/version-group/25/"
          }
        }
      ]
    },
    {
      "move": {
        "name": "tidy-up",
        "url": "https://pokeapi.co/api/v2/move/882/"
      },
      "version_group_details": [
        {
          "level_learned_at": 1,
          "move_learn_method": {
            "name": "level-up",
            "url": "https://pokeapi.co/api/v2/move-learn-method/1/"
          },
          "order": 4,
          "version_group": {
            "name": "scarlet-violet",
            "url": "https://pokeapi.co/api/v2/version-group/25/"
          }
        }
      ]
    },
    {
      "move": {
        "name": "trailblaze",
        "url": "https://pokeapi.co/api/v2/move/885/"
      },
      "version_group_details": [
        {
          "level_learned_at": 0,
          "move_learn_method": {
            "name": "machine",
            "url": "https://pokeapi.co/api/v2/move-learn-method/4/"
          },
          "order": null,
          "version_group": {
            "name": "scarlet-violet",
            "url": "https://pokeapi.co/api/v2/version-group/25/"
          }
        }
      ]
    },
    {
      "move": {
        "name": "chilling-water",
        "url": "https://pokeapi.co/api/v2/move/886/"
      },
      "version_group_details": [
        {
          "level_learned_at": 0,
          "move_learn_method": {
            "name": "machine",
            "url": "https://pokeapi.co/api/v2/move-learn-method/4/"
          },
          "order": null,
          "version_group": {
            "name": "scarlet-violet",
            "url": "https://pokeapi.co/api/v2/version-group/25/"
          }
        }
      ]
    }
  ],
  "name": "maushold-family-of-three",
  "order": -1,
  "past_abilities": [],
  "past_types": [],
  "species": {
    "name": "maushold",
    "url": "https://pokeapi.co/api/v2/pokemon-species/925/"
  },
  "sprites": {
    "back_default": null,
    "back_female": null,
    "back_shiny": null,
    "back_shiny_female": null,
    "front_default": "https://raw.githubusercontent.com/PokeAPI/sprites/master/sprites/pokemon/10257.png",
    "front_female": null,
    "front_shiny": "https://raw.githubusercontent.com/PokeAPI/sprites/master/sprites/pokemon/shiny/10257.png",
    "front_shiny_female": null,
    "other": {
      "dream_world": {
        "front_default": "https://raw.githubusercontent.com/PokeAPI/sprites/master/sprites/pokemon/other/dream-world/10257.svg",
        "front_female": null
      },
      "home": {
        "front_default": "https://raw.githubusercontent.com/PokeAPI/sprites/master/sprites/pokemon/other/home/10257.png",
        "front_female": null,
        "front_shiny": "https://raw.githubusercontent.com/PokeAPI/sprites/master/sprites/pokemon/other/home/shiny/10257.png",
        "front_shiny_female": null
      },
      "official-artwork": {
        "front_default": "https://raw.githubusercontent.com/PokeAPI/sprites/master/sprites/pokemon/other/official-artwork/10257.png",
        "front_shiny": null
      },
      "showdown": {
        "back_default": null,
        "back_female": null,
        "back_shiny": null,
        "back_shiny_female": null,
        "front_default": null,
        "front_female": null,
        "front_shiny": null,
        "front_shiny_female": null
      }
    },
    "versions": {
      "generation-i": {
        "red-blue": {
          "back_default": null,
          "back_gray": null,
          "back_transparent": null,
          "front_default": null,
          "front_gray": null,
          "front_transparent": null
        },
        "yellow": {
          "back_default": null,
          "back_gray": null,
          "back_transparent": null,
          "front_default": null,
          "front_gray": null,
          "front_transparent": null
        }
      },
      "generation-ii": {
        "crystal": {
          "back_default": null,
          "back_shiny": null,
          "back_shiny_transparent": null,
          "back_transparent": null,
          "front_default": null,
          "front_shiny": null,
          "front_shiny_transparent": null,
          "front_transparent": null
        },
        "gold": {
          "back_default": null,
          "back_shiny": null,
          "front_default": null,
          "front_shiny": null,
          "front_transparent": null
        },
        "silver": {
          "back_default": null,
          "back_shiny": null,
          "front_default": null,
          "front_shiny": null,
          "front_transparent": null
        }
      },
      "generation-iii": {
        "emerald": {
          "front_default": null,
          "front_shiny": null
        },
        "firered-leafgreen": {
          "back_default": null,
          "back_shiny": null,
          "front_default": null,
          "front_shiny": null
        },
        "ruby-sapphire": {
          "back_default": null,
          "back_shiny": null,
          "front_default": null,
          "front_shiny": null
        }
      },
      "generation-iv": {
        "diamond-pearl": {
          "back_default": null,
          "back_female": null,
          "back_shiny": null,
          "back_shiny_female": null,
          "front_default": null,
          "front_female": null,
          "front_shiny": null,
          "front_shiny_female": null
        },
        "heartgold-soulsilver": {
          "back_default": null,
          "back_female": null,
          "back_shiny": null,
          "back_shiny_female": null,
          "front_default": null,
          "front_female": null,
          "front_shiny": null,
          "front_shiny_female": null
        },
        "platinum": {
          "back_default": null,
          "back_female": null,
          "back_shiny": null,
          "back_shiny_female": null,
          "front_default": null,
          "front_female": null,
          "front_shiny": null,
          "front_shiny_female": null
        }
      },
      "generation-ix": {
        "scarlet-violet": {
          "front_default": "https://raw.githubusercontent.com/PokeAPI/sprites/master/sprites/pokemon/versions/generation-ix/scarlet-violet/925-family-of-three.png",
          "front_female": null
        }
      },
      "generation-v": {
        "black-white": {
          "animated": {
            "back_default": null,
            "back_female": null,
            "back_shiny": null,
            "back_shiny_female": null,
            "front_default": null,
            "front_female": null,
            "front_shiny": null,
            "front_shiny_female": null
          },
          "back_default": null,
          "back_female": null,
          "back_shiny": null,
          "back_shiny_female": null,
          "front_default": null,
          "front_female": null,
          "front_shiny": null,
          "front_shiny_female": null
        }
      },
      "generation-vi": {
        "omegaruby-alphasapphire": {
          "front_default": null,
          "front_female": null,
          "front_shiny": null,
          "front_shiny_female": null
        },
        "x-y": {
          "front_default": null,
          "front_female": null,
          "front_shiny": null,
          "front_shiny_female": null
        }
      },
      "generation-vii": {
        "icons": {
          "front_default": null,
          "front_female": null
        },
        "ultra-sun-ultra-moon": {
          "front_default": null,
          "front_female": null,
          "front_shiny": null,
          "front_shiny_female": null
        }
      },
      "generation-viii": {
        "brilliant-diamond-shining-pearl": {
          "front_default": null,
          "front_female": null
        },
        "icons": {
          "front_default": null,
          "front_female": null
        }
      }
    }
  },
  "stats": [
    {
      "base_stat": 74,
      "effort": 0,
      "stat": {
        "name": "hp",
        "url": "https://pokeapi.co/api/v2/stat/1/"
      }
    },
    {
      "base_stat": 75,
      "effort": 0,
      "stat": {
        "name": "attack",
        "url": "https://pokeapi.co/api/v2/stat/2/"
      }
    },
    {
      "base_stat": 70,
      "effort": 0,
      "stat": {
        "name": "defense",
        "url": "https://pokeapi.co/api/v2/stat/3/"
      }
    },
    {
      "base_stat": 65,
      "effort": 0,
      "stat": {
        "name": "special-attack",
        "url": "https://pokeapi.co/api/v2/stat/4/"
      }
    },
    {
      "base_stat": 75,
      "effort": 0,
      "stat": {
        "name": "special-defense",
        "url": "https://pokeapi.co/api/v2/stat/5/"
      }
    },
    {
      "base_stat": 111,
      "effort": 2,
      "stat": {
        "name": "speed",
        "url": "https://pokeapi.co/api/v2/stat/6/"
      }
    }
  ],
  "types": [
    {
      "slot": 1,
      "type": {
        "name": "normal",
        "url": "https://pokeapi.co/api/v2/type/1/"
      }
    }
  ],
  "weight": 28
}