{
  "damage_relations": {
    "double_damage_from": [],
    "double_damage_to": [],
    "half_damage_from": [],
    "half_damage_to": [],
    "no_damage_from": [],
    "no_damage_to": []
  },
  "game_indices": [
    {
      "game_index": 19,
      "generation": {
        "name": "generation-ii",
        "url": "https://pokeapi.co/api/v2/generation/2/"
      }
    },
    {
      "game_index": 9,
      "generation": {
        "name": "generation-iii",
        "url": "https://pokeapi.co/api/v2/generation/3/"
      }
    },
    {
      "game_index": 9,
      "generation": {
        "name": "generation-iv",
        "url": "https://pokeapi.co/api/v2/generation/4/"
      }
    }
  ],
  "generation": {
    "name": "generation-ii",
    "url": "https://pokeapi.co/api/v2/generation/2/"
  },
  "id": 10001,
  "move_damage_class": null,
  "moves": [],
  "name": "unknown",
  "names": [
    {
      "language": {
        "name": "ja-Hrkt",
        "url": "https://pokeapi.co/api/v2/language/1/"
      },
      "name": "\uff1f\uff1f\uff1f"
    },
    {
      "language": {
        "name": "ko",
        "url": "https://pokeapi.co/api/v2/language/3/"
      },
      "name": "???"
    },
    {
      "language": {
        "name": "zh-Hant",
        "url": "https://pokeapi.co/api/v2/language/4/"
      },
      "name": "???"
    },
    {
      "language": {
        "name": "fr",
        "url": "https://pokeapi.co/api/v2/language/5/"
      },
      "name": "???"
    },
    {
      "language": {
        "name": "de",
        "url": "https://pokeapi.co/api/v2/language/6/"
      },
      "name": "???"
    },
    {
      "language": {
        "name": "es",
        "url": "https://pokeapi.co/api/v2/language/7/"
      },
      "name": "???"
    },
    {
      "language": {
        "name": "it",
        "url": "https://pokeapi.co/api/v2/language/8/"
      },
      "name": "???"
    },
    {
      "language": {
        "name": "en",
        "url": "https://pokeapi.co/api/v2/language/9/"
      },
      "name": "???"
    },
    {
      "language": {
        "name": "ja",
        "url": "https://pokeapi.co/api/v2/language/11/"
      },
      "name": "\uff1f\uff1f\uff1f"
    },
    {
      "language": {
        "name": "zh-Hans",
        "url": "https://pokeapi.co/api/v2/language/12/"
      },
      "name": "???"
    }
  ],
  "past_damage_relations": [],
  "pokemon": [],
  "sprites": {
    "generation-iii": {
      "colosseum": {
        "name_icon": "https://raw.githubusercontent.com/PokeAPI/sprites/master/sprites/types/generation-iii/colosseum/10001.png"
      },
      "emerald": {
        "name_icon": "https://raw.githubusercontent.com/PokeAPI/sprites/master/sprites/types/generation-iii/emerald/10001.png"
      },
      "firered-leafgreen": {
        "name_icon": "https://raw.githubusercontent.com/PokeAPI/sprites/master/sprites/types/generation-iii/firered-leafgreen/10001.png"
      },
      "ruby-sapphire": {
        "name_icon": "https://raw.githubusercontent.com/PokeAPI/sprites/master/sprites/types/generation-iii/ruby-sapphire/10001.png"
      },
      "xd": {
        "name_icon": "https://raw.githubusercontent.com/PokeAPI/sprites/master/sprites/types/generation-iii/xd/10001.png"
      }
    },
    "generation-iv": {
      "diamond-pearl": {
        "name_icon": "https://raw.githubusercontent.com/PokeAPI/sprites/master/sprites/types/generation-iv/diamond-pearl/10001.png"
      },
      "heartgold-soulsilver": {
        "name_icon": "https://raw.githubusercontent.com/PokeAPI/sprites/master/sprites/types/generation-iv/heartgold-soulsilver/10001.png"
      },
      "platinum": {
        "name_icon": "https://raw.githubusercontent.com/PokeAPI/sprites/master/sprites/types/generation-iv/platinum/10001.png"
      }
    },
    "generation-ix": {
      "scarlet-violet": {
        "name_icon": null
      }
    },
    "generation-v": {
      "black-2-white-2": {
        "name_icon": null
      },
      "black-white": {
        "name_icon": null
      }
    },
    "generation-vi": {
      "omega-ruby-alpha-sapphire": {
        "name_icon": null
      },
      "x-y": {
        "name_icon": null
      }
    },
    "generation-vii": {
      "lets-go-pikachu-lets-go-eevee": {
        "name_icon": null
      },
      "sun-moon": {
        "name_icon": null
      },
      "ultra-sun-ultra-moon": {
        "name_icon": null
      }
    },
    "generation-viii": {
      "brilliant-diamond-and-shining-pearl": {
        "name_icon": null
      },
      "legends-arceus": {
        "name_icon": null
      },
      "sword-shield": {
        "name_icon": null
      }
    }
  }
}