{
  "damage_relations": {
    "double_damage_from": [
      {
        "name": "fighting",
        "url": "https://pokeapi.co/api/v2/type/2/"
      },
      {
        "name": "rock",
        "url": "https://pokeapi.co/api/v2/type/6/"
      },
      {
        "name": "steel",
        "url": "https://pokeapi.co/api/v2/type/9/"
      },
      {
        "name": "fire",
        "url": "https://pokeapi.co/api/v2/type/10/"
      }
    ],
    "double_damage_to": [
      {
        "name": "flying",
        "url": "https://pokeapi.co/api/v2/type/3/"
      },
      {
        "name": "ground",
        "url": "https://pokeapi.co/api/v2/type/5/"
      },
      {
        "name": "grass",
        "url": "https://pokeapi.co/api/v2/type/12/"
      },
      {
        "name": "dragon",
        "url": "https://pokeapi.co/api/v2/type/16/"
      }
    ],
    "half_damage_from": [
      {
        "name": "ice",
        "url": "https://pokeapi.co/api/v2/type/15/"
      }
    ],
    "half_damage_to": [
      {
        "name": "steel",
        "url": "https://pokeapi.co/api/v2/type/9/"
      },
      {
        "name": "fire",
        "url": "https://pokeapi.co/api/v2/type/10/"
      },
      {
        "name": "water",
        "url": "https://pokeapi.co/api/v2/type/11/"
      },
      {
        "name": "ice",
        "url": "https://pokeapi.co/api/v2/type/15/"
      }
    ],
    "no_damage_from": [],
    "no_damage_to": []
  },
  "game_indices": [
    {
      "game_index": 25,
      "generation": {
        "name": "generation-i",
        "url": "https://pokeapi.co/api/v2/generation/1/"
      }
    },
    {
      "game_index": 25,
      "generation": {
        "name": "generation-ii",
        "url": "https://pokeapi.co/api/v2/generation/2/"
      }
    },
    {
      "game_index": 15,
      "generation": {
        "name": "generation-iii",
        "url": "https://pokeapi.co/api/v2/generation/3/"
      }
    },
    {
      "game_index": 15,
      "generation": {
        "name": "generation-iv",
        "url": "https://pokeapi.co/api/v2/generation/4/"
      }
    },
    {
      "game_index": 14,
      "generation": {
        "name": "generation-v",
        "url": "https://pokeapi.co/api/v2/generation/5/"
      }
    },
    {
      "game_index": 14,
      "generation": {
        "name": "generation-vi",
        "url": "https://pokeapi.co/api/v2/generation/6/"
      }
    }
  ],
  "generation": {
    "name": "generation-i",
    "url": "https://pokeapi.co/api/v2/generation/1/"
  },
  "id": 15,
  "move_damage_class": {
    "name": "special",
    "url": "https://pokeapi.co/api/v2/move-damage-class/3/"
  },
  "moves": [
    {
      "name": "ice-punch",
      "url": "https://pokeapi.co/api/v2/move/8/"
    },
    {
      "name": "mist",
      "url": "https://pokeapi.co/api/v2/move/54/"
    },
    {
      "name": "ice-beam",
      "url": "https://pokeapi.co/api/v2/move/58/"
    },
    {
      "name": "blizzard",
      "url": "https://pokeapi.co/api/v2/move/59/"
    },
    {
      "name": "aurora-beam",
      "url": "https://pokeapi.co/api/v2/move/62/"
    },
    {
      "name": "haze",
      "url": "https://pokeapi.co/api/v2/move/114/"
    },
    {
      "name": "powder-snow",
      "url": "https://pokeapi.co/api/v2/move/181/"
    },
    {
      "name": "icy-wind",
      "url": "https://pokeapi.co/api/v2/move/196/"
    },
    {
      "name": "hail",
      "url": "https://pokeapi.co/api/v2/move/258/"
    },
    {
      "name": "ice-ball",
      "url": "https://pokeapi.co/api/v2/move/301/"
    },
    {
      "name": "sheer-cold",
      "url": "https://pokeapi.co/api/v2/move/329/"
    },
    {
      "name": "icicle-spear",
      "url": "https://pokeapi.co/api/v2/move/333/"
    },
    {
      "name": "avalanche",
      "url": "https://pokeapi.co/api/v2/move/419/"
    },
    {
      "name": "ice-shard",
      "url": "https://pokeapi.co/api/v2/move/420/"
    },
    {
      "name": "ice-fang",
      "url": "https://pokeapi.co/api/v2/move/423/"
    },
    {
      "name": "frost-breath",
      "url": "https://pokeapi.co/api/v2/move/524/"
    },
    {
      "name": "glaciate",
      "url": "https://pokeapi.co/api/v2/move/549/"
    },
    {
      "name": "freeze-shock",
      "url": "https://pokeapi.co/api/v2/move/553/"
    },
    {
      "name": "ice-burn",
      "url": "https://pokeapi.co/api/v2/move/554/"
    },
    {
      "name": "icicle-crash",
      "url": "https://pokeapi.co/api/v2/move/556/"
    },
    {
      "name": "freeze-dry",
      "url": "https://pokeapi.co/api/v2/move/573/"
    },
    {
      "name": "subzero-slammer--physical",
      "url": "https://pokeapi.co/api/v2/move/650/"
    },
    {
      "name": "subzero-slammer--special",
      "url": "https://pokeapi.co/api/v2/move/651/"
    },
    {
      "name": "ice-hammer",
      "url": "https://pokeapi.co/api/v2/move/665/"
    },
    {
      "name": "aurora-veil",
      "url": "https://pokeapi.co/api/v2/move/694/"
    },
    {
      "name": "freezy-frost",
      "url": "https://pokeapi.co/api/v2/move/739/"
    },
    {
      "name": "max-hailstorm",
      "url": "https://pokeapi.co/api/v2/move/763/"
    },
    {
      "name": "triple-axel",
      "url": "https://pokeapi.co/api/v2/move/813/"
    },
    {
      "name": "glacial-lance",
      "url": "https://pokeapi.co/api/v2/move/824/"
    },
    {
      "name": "mountain-gale",
      "url": "https://pokeapi.co/api/v2/move/836/"
    },
    {
      "name": "ice-spinner",
      "url": "https://pokeapi.co/api/v2/move/861/"
    },
    {
      "name": "chilly-reception",
      "url": "https://pokeapi.co/api/v2/move/881/"
    },
    {
      "name": "snowscape",
      "url": "https://pokeapi.co/api/v2/move/883/"
    }
  ],
  "name": "ice",
  "names": [
    {
      "language": {
        "name": "ja-Hrkt",
        "url": "https://pokeapi.co/api/v2/language/1/"
      },
      "name": "\u3053\u304a\u308a"
    },
    {
      "language": {
        "name": "ko",
        "url": "https://pokeapi.co/api/v2/language/3/"
      },
      "name": "\uc5bc\uc74c"
    },
    {
      "language": {
        "name": "zh-Hant",
        "url": "https://pokeapi.co/api/v2/language/4/"
      },
      "name": "\u51b0"
    },
    {
      "language": {
        "name": "fr",
        "url": "https://pokeapi.co/api/v2/language/5/"
      },
      "name": "Glace"
    },
    {
      "language": {
        "name": "de",
        "url": "https://pokeapi.co/api/v2/language/6/"
      },
      "name": "Eis"
    },
    {
      "language": {
        "name": "es",
        "url": "https://pokeapi.co/api/v2/language/7/"
      },
      "name": "Hielo"
    },
    {
      "language": {
        "name": "it",
        "url": "https://pokeapi.co/api/v2/language/8/"
      },
      "name": "Ghiaccio"
    },
    {
      "language": {
        "name": "en",
        "url": "https://pokeapi.co/api/v2/language/9/"
      },
      "name": "Ice"
    },
    {
      "language": {
        "name": "ja",
        "url": "https://pokeapi.co/api/v2/language/11/"
      },
      "name": "\u3053\u304a\u308a"
    },
    {
      "language": {
        "name": "zh-Hans",
        "url": "https://pokeapi.co/api/v2/language/12/"
      },
      "name": "\u51b0"
    }
  ],
  "past_damage_relations": [
    {
      "damage_relations": {
        "double_damage_from": [
          {
            "name": "fighting",
            "url": "https://pokeapi.co/api/v2/type/2/"
          },
          {
            "name": "rock",
            "url": "https://pokeapi.co/api/v2/type/6/"
          },
          {
            "name": "fire",
            "url": "https://pokeapi.co/api/v2/type/10/"
          }
        ],
        "double_damage_to": [
          {
            "name": "flying",
            "url": "https://pokeapi.co/api/v2/type/3/"
          },
          {
            "name": "ground",
            "url": "https://pokeapi.co/api/v2/type/5/"
          },
          {
            "name": "grass",
            "url": "https://pokeapi.co/api/v2/type/12/"
          },
          {
            "name": "dragon",
            "url": "https://pokeapi.co/api/v2/type/16/"
          }
        ],
        "half_damage_from": [
          {
            "name": "ice",
            "url": "https://pokeapi.co/api/v2/type/15/"
          }
        ],
        "half_damage_to": [
          {
            "name": "water",
            "url": "https://pokeapi.co/api/v2/type/11/"
          },
          {
            "name": "ice",
            "url": "https://pokeapi.co/api/v2/type/15/"
          }
        ],
        "no_damage_from": [],
        "no_damage_to": []
      },
      "generation": {
        "name": "generation-i",
        "url": "https://pokeapi.co/api/v2/generation/1/"
      }
    }
  ],
  "pokemon": [
    {
      "pokemon": {
        "name": "dewgong",
        "url": "https://pokeapi.co/api/v2/pokemon/87/"
      },
      "slot": 2
    },
    {
      "pokemon": {
        "name": "cloyster",
        "url": "https://pokeapi.co/api/v2/pokemon/91/"
      },
      "slot": 2
    },
    {
      "pokemon": {
        "name": "jynx",
        "url": "https://pokeapi.co/api/v2/pokemon/124/"
      },
      "slot": 1
    },
    {
      "pokemon": {
        "name": "lapras",
        "url": "https://pokeapi.co/api/v2/pokemon/131/"
      },
      "slot": 2
    },
    {
      "pokemon": {
        "name": "articuno",
        "url": "https://pokeapi.co/api/v2/pokemon/144/"
      },
      "slot": 1
    },
    {
      "pokemon": {
        "name": "sneasel",
        "url": "https://pokeapi.co/api/v2/pokemon/215/"
      },
      "slot": 2
    },
    {
      "pokemon": {
        "name": "swinub",
        "url": "https://pokeapi.co/api/v2/pokemon/220/"
      },
      "slot": 1
    },
    {
      "pokemon": {
        "name": "piloswine",
        "url": "https://pokeapi.co/api/v2/pokemon/221/"
      },
      "slot": 1
    },
    {
      "pokemon": {
        "name": "delibird",
        "url": "https://pokeapi.co/api/v2/pokemon/225/"
      },
      "slot": 1
    },
    {
      "pokemon": {
        "name": "smoochum",
        "url": "https://pokeapi.co/api/v2/pokemon/238/"
      },
      "slot": 1
    },
    {
      "pokemon": {
        "name": "snorunt",
        "url": "https://pokeapi.co/api/v2/pokemon/361/"
      },
      "slot": 1
    },
    {
      "pokemon": {
        "name": "glalie",
        "url": "https://pokeapi.co/api/v2/pokemon/362/"
      },
      "slot": 1
    },
    {
      "pokemon": {
        "name": "spheal",
        "url": "https://pokeapi.co/api/v2/pokemon/363/"
      },
      "slot": 1
    },
    {
      "pokemon": {
        "name": "sealeo",
        "url": "https://pokeapi.co/api/v2/pokemon/364/"
      },
      "slot": 1
    },
    {
      "pokemon": {
        "name": "walrein",
        "url": "https://pokeapi.co/api/v2/pokemon/365/"
      },
      "slot": 1
    },
    {
      "pokemon": {
        "name": "regice",
        "url": "https://pokeapi.co/api/v2/pokemon/378/"
      },
      "slot": 1
    },
    {
      "pokemon": {
        "name": "snover",
        "url": "https://pokeapi.co/api/v2/pokemon/459/"
      },
      "slot": 2
    },
    {
      "pokemon": {
        "name": "abomasnow",
        "url": "https://pokeapi.co/api/v2/pokemon/460/"
      },
      "slot": 2
    },
    {
      "pokemon": {
        "name": "weavile",
        "url": "https://pokeapi.co/api/v2/pokemon/461/"
      },
      "slot": 2
    },
    {
      "pokemon": {
        "name": "glaceon",
        "url": "https://pokeapi.co/api/v2/pokemon/471/"
      },
      "slot": 1
    },
    {
      "pokemon": {
        "name": "mamoswine",
        "url": "https://pokeapi.co/api/v2/pokemon/473/"
      },
      "slot": 1
    },
    {
      "pokemon": {
        "name": "froslass",
        "url": "https://pokeapi.co/api/v2/pokemon/478/"
      },
      "slot": 1
    },
    {
      "pokemon": {
        "name": "vanillite",
        "url": "https://pokeapi.co/api/v2/pokemon/582/"
      },
      "slot": 1
    },
    {
      "pokemon": {
        "name": "vanillish",
        "url": "https://pokeapi.co/api/v2/pokemon/583/"
      },
      "slot": 1
    },
    {
      "pokemon": {
        "name": "vanilluxe",
        "url": "https://pokeapi.co/api/v2/pokemon/584/"
      },
      "slot": 1
    },
    {
      "pokemon": {
        "name": "cubchoo",
        "url": "https://pokeapi.co/api/v2/pokemon/613/"
      },
      "slot": 1
    },
    {
      "pokemon": {
        "name": "beartic",
        "url": "https://pokeapi.co/api/v2/pokemon/614/"
      },
      "slot": 1
    },
    {
      "pokemon": {
        "name": "cryogonal",
        "url": "https://pokeapi.co/api/v2/pokemon/615/"
      },
      "slot": 1
    },
    {
      "pokemon": {
        "name": "kyurem",
        "url": "https://pokeapi.co/api/v2/pokemon/646/"
      },
      "slot": 2
    },
    {
      "pokemon": {
        "name": "amaura",
        "url": "https://pokeapi.co/api/v2/pokemon/698/"
      },
      "slot": 2
    },
    {
      "pokemon": {
        "name": "aurorus",
        "url": "https://pokeapi.co/api/v2/pokemon/699/"
      },
      "slot": 2
    },
    {
      "pokemon": {
        "name": "bergmite",
        "url": "https://pokeapi.co/api/v2/pokemon/712/"
      },
      "slot": 1
    },
    {
      "pokemon": {
        "name": "avalugg",
        "url": "https://pokeapi.co/api/v2/pokemon/713/"
      },
      "slot": 1
    },
    {
      "pokemon": {
        "name": "crabominable",
        "url": "https://pokeapi.co/api/v2/pokemon/740/"
      },
      "slot": 2
    },
    {
      "pokemon": {
        "name": "mr-rime",
        "url": "https://pokeapi.co/api/v2/pokemon/866/"
      },
      "slot": 1
    },
    {
      "pokemon": {
        "name": "snom",
        "url": "https://pokeapi.co/api/v2/pokemon/872/"
      },
      "slot": 1
    },
    {
      "pokemon": {
        "name": "frosmoth",
        "url": "https://pokeapi.co/api/v2/pokemon/873/"
      },
      "slot": 1
    },
    {
      "pokemon": {
        "name": "eiscue-ice",
        "url": "https://pokeapi.co/api/v2/pokemon/875/"
      },
      "slot": 1
    },
    {
      "pokemon": {
        "name": "arctozolt",
        "url": "https://pokeapi.co/api/v2/pokemon/881/"
      },
      "slot": 2
    },
    {
      "pokemon": {
        "name": "arctovish",
        "url": "https://pokeapi.co/api/v2/pokemon/883/"
      },
      "slot": 2
    },
    {
      "pokemon": {
        "name": "glastrier",
        "url": "https://pokeapi.co/api/v2/pokemon/896/"
      },
      "slot": 1
    },
    {
      "pokemon": {
        "name": "cetoddle",
        "url": "https://pokeapi.co/api/v2/pokemon/974/"
      },
      "slot": 1
    },
    {
      "pokemon": {
        "name": "cetitan",
        "url": "https://pokeapi.co/api/v2/pokemon/975/"
      },
      "slot": 1
    },
    {
      "pokemon": {
        "name": "iron-bundle",
        "url": "https://pokeapi.co/api/v2/pokemon/991/"
      },
      "slot": 1
    },
    {
      "pokemon": {
        "name": "frigibax",
        "url": "https://pokeapi.co/api/v2/pokemon/996/"
      },
      "slot": 2
    },
    {
      "pokemon": {
        "name": "arctibax",
        "url": "https://pokeapi.co/api/v2/pokemon/997/"
      },
      "slot": 2
    },
    {
      "pokemon": {
        "name": "baxcalibur",
        "url": "https://pokeapi.co/api/v2/pokemon/998/"
      },
      "slot": 2
    },
    {
      "pokemon": {
        "name": "chien-pao",
        "url": "https://pokeapi.co/api/v2/pokemon/1002/"
      },
      "slot": 2
    },
    {
      "pokemon": {
        "name": "rotom-frost",
        "url": "https://pokeapi.co/api/v2/pokemon/10010/"
      },
      "slot": 2
    },
    {
      "pokemon": {
        "name": "castform-snowy",
        "url": "https://pokeapi.co/api/v2/pokemon/10015/"
      },
      "slot": 1
    },
    {
      "pokemon": {
        "name": "kyurem-black",
        "url": "https://pokeapi.co/api/v2/pokemon/10022/"
      },
      "slot": 2
    },
    {
      "pokemon": {
        "name": "kyurem-white",
        "url": "https://pokeapi.co/api/v2/pokemon/10023/"
      },
      "slot": 2
    },
    {
      "pokemon": {
        "name": "abomasnow-mega",
        "url": "https://pokeapi.co/api/v2/pokemon/10060/"
      },
      "slot": 2
    },
    {
      "pokemon": {
        "name": "glalie-mega",
        "url": "https://pokeapi.co/api/v2/pokemon/10074/"
      },
      "slot": 1
    },
    {
      "pokemon": {
        "name": "sandshrew-alola",
        "url": "https://pokeapi.co/api/v2/pokemon/10101/"
      },
      "slot": 1
    },
    {
      "pokemon": {
        "name": "sandslash-alola",
        "url": "https://pokeapi.co/api/v2/pokemon/10102/"
      },
      "slot": 1
    },
    {
      "pokemon": {
        "name": "vulpix-alola",
        "url": "https://pokeapi.co/api/v2/pokemon/10103/"
      },
      "slot": 1
    },
    {
      "pokemon": {
        "name": "ninetales-alola",
        "url": "https://pokeapi.co/api/v2/pokemon/10104/"
      },
      "slot": 1
    },
    {
      "pokemon": {
        "name": "mr-mime-galar",
        "url": "https://pokeapi.co/api/v2/pokemon/10168/"
      },
      "slot": 1
    },
    {
      "pokemon": {
        "name": "darumaka-galar",
        "url": "https://pokeapi.co/api/v2/pokemon/10176/"
      },
      "slot": 1
    },
    {
      "pokemon": {
        "name": "darmanitan-galar-standard",
        "url": "https://pokeapi.co/api/v2/pokemon/10177/"
      },
      "slot": 1
    },
    {
      "pokemon": {
        "name": "darmanitan-galar-zen",
        "url": "https://pokeapi.co/api/v2/pokemon/10178/"
      },
      "slot": 1
    },
    {
      "pokemon": {
        "name": "eiscue-noice",
        "url": "https://pokeapi.co/api/v2/pokemon/10185/"
      },
      "slot": 1
    },
    {
      "pokemon": {
        "name": "calyrex-ice",
        "url": "https://pokeapi.co/api/v2/pokemon/10193/"
      },
      "slot": 2
    },
    {
      "pokemon": {
        "name": "lapras-gmax",
        "url": "https://pokeapi.co/api/v2/pokemon/10204/"
      },
      "slot": 2
    },
    {
      "pokemon": {
        "name": "avalugg-hisui",
        "url": "https://pokeapi.co/api/v2/pokemon/10243/"
      },
      "slot": 1
    },
    {
      "pokemon": {
        "name": "froslass-mega",
        "url": "https://pokeapi.co/api/v2/pokemon/10285/"
      },
      "slot": 1
    },
    {
      "pokemon": {
        "name": "crabominable-mega",
        "url": "https://pokeapi.co/api/v2/pokemon/10315/"
      },
      "slot": 2
    },
    {
      "pokemon": {
        "name": "baxcalibur-mega",
        "url": "https://pokeapi.co/api/v2/pokemon/10325/"
      },
      "slot": 2
    }
  ],
  "sprites": {
    "generation-iii": {
      "colosseum": {
        "name_icon": "https://raw.githubusercontent.com/PokeAPI/sprites/master/sprites/types/generation-iii/colosseum/15.png"
      },
      "emerald": {
        "name_icon": "https://raw.githubusercontent.com/PokeAPI/sprites/master/sprites/types/generation-iii/emerald/15.png"
      },
      "firered-leafgreen": {
        "name_icon": "https://raw.githubusercontent.com/PokeAPI/sprites/master/sprites/types/generation-iii/firered-leafgreen/15.png"
      },
      "ruby-sapphire": {
        "name_icon": "https://raw.githubusercontent.com/PokeAPI/sprites/master/sprites/types/generation-iii/ruby-sapphire/15.png"
      },
      "xd": {
        "name_icon": "https://raw.githubusercontent.com/PokeAPI/sprites/master/sprites/types/generation-iii/xd/15.png"
      }
    },
    "generation-iv": {
      "diamond-pearl": {
        "name_icon": "https://raw.githubusercontent.com/PokeAPI/sprites/master/sprites/types/generation-iv/diamond-pearl/15.png"
      },
      "heartgold-soulsilver": {
        "name_icon": "https://raw.githubusercontent.com/PokeAPI/sprites/master/sprites/types/generation-iv/heartgold-soulsilver/15.png"
      },
      "platinum": {
        "name_icon": "https://raw.githubusercontent.com/PokeAPI/sprites/master/sprites/types/generation-iv/platinum/15.png"
      }
    },
    "generation-ix": {
      "scarlet-violet": {
        "name_icon": "https://raw.githubusercontent.com/PokeAPI/sprites/master/sprites/types/generation-ix/scarlet-violet/15.png"
      }
    },
    "generation-v": {
      "black-2-white-2": {
        "name_icon": "https://raw.githubusercontent.com/PokeAPI/sprites/master/sprites/types/generation-v/black-2-white-2/15.png"
      },
      "black-white": {
        "name_icon": "https://raw.githubusercontent.com/PokeAPI/sprites/master/sprites/types/generation-v/black-white/15.png"
      }
    },
    "generation-vi": {
      "omega-ruby-alpha-sapphire": {
        "name_icon": "https://raw.githubusercontent.com/PokeAPI/sprites/master/sprites/types/generation-vi/omega-ruby-alpha-sapphire/15.png"
      },
      "x-y": {
        "name_icon": "https://raw.githubusercontent.com/PokeAPI/sprites/master/sprites/types/generation-vi/x-y/15.png"
      }
    },
    "generation-vii": {
      "lets-go-pikachu-lets-go-eevee": {
        "name_icon": "https://raw.githubusercontent.com/PokeAPI/sprites/master/sprites/types/generation-vii/lets-go-pikachu-lets-go-eevee/15.png"
      },
      "sun-moon": {
        "name_icon": "https://raw.githubusercontent.com/PokeAPI/sprites/master/sprites/types/generation-vii/sun-moon/15.png"
      },
      "ultra-sun-ultra-moon": {
        "name_icon": "https://raw.githubusercontent.com/PokeAPI/sprites/master/sprites/types/generation-vii/ultra-sun-ultra-moon/15.png"
      }
    },
    "generation-viii": {
      "brilliant-diamond-and-shining-pearl": {
        "name_icon": "https://raw.githubusercontent.com/PokeAPI/sprites/master/sprites/types/generation-viii/brilliant-diamond-and-shining-pearl/15.png"
      },
      "legends-arceus": {
        "name_icon": "https://raw.githubusercontent.com/PokeAPI/sprites/master/sprites/types/generation-viii/legends-arceus/15.png"
      },
      "sword-shield": {
        "name_icon": "https://raw.githubusercontent.com/PokeAPI/sprites/master/sprites/types/generation-viii/sword-shield/15.png"
      }
    }
  }
}