{"accuracy": 95, "contest_combos": null, "contest_effect": {"url": "https://pokeapi.co/api/v2/contest-effect/10/"}, "contest_type": {"name": "cool", "url": "https://pokeapi.co/api/v2/contest-type/1/"}, "damage_class": {"name": "physical", "url": "https://pokeapi.co/api/v2/move-damage-class/2/"}, "effect_chance": null, "effect_changes": [], "effect_entries": [{"effect": "Inflicts regular damage.  Hits 2\u20135 times in one turn.\n\nHas a 3/8 chance each to hit 2 or 3 times, and a 1/8 chance each to hit 4 or 5 times.  Averages to 3 hits per use.", "language": {"name": "en", "url": "https://pokeapi.co/api/v2/language/9/"}, "short_effect": "Hits 2-5 times in one turn."}], "flavor_text_entries": [{"flavor_text": "Fires pins that\nstrike 2-5 times.", "language": {"name": "en", "url": "https://pokeapi.co/api/v2/language/9/"}, "version_group": {"name": "gold-silver", "url": "https://pokeapi.co/api/v2/version-group/3/"}}, {"flavor_text": "Fires pins that\nstrike 2-5 times.", "language": {"name": "en", "url": "https://pokeapi.co/api/v2/language/9/"}, "version_group": {"name": "crystal", "url": "https://pokeapi.co/api/v2/version-group/4/"}}, {"flavor_text": "Sharp pins are fired to\nstrike 2 to 5 times.", "language": {"name": "en", "url": "https://pokeapi.co/api/v2/language/9/"}, "version_group": {"name": "ruby-sapphire", "url": "https://pokeapi.co/api/v2/version-group/5/"}}, {"flavor_text": "Sharp pins are fired to\nstrike 2 to 5 times.", "language": {"name": "en", "url": "https://pokeapi.co/api/v2/language/9/"}, "version_group": {"name": "emerald", "url": "https://pokeapi.co/api/v2/version-group/6/"}}, {"flavor_text": "Sharp pins are shot\nat the foe and hit\ntwo to five times\nat once.", "language": {"name": "en", "url": "https://pokeapi.co/api/v2/language/9/"}, "version_group": {"name": "firered-leafgreen", "url": "https://pokeapi.co/api/v2/version-group/7/"}}, {"flavor_text": "Sharp pins are shot\nat the foe in rapid\nsuccession.\nThey hit two to five\ntimes in a row.", "language": {"name": "en", "url": "https://pokeapi.co/api/v2/language/9/"}, "version_group": {"name": "diamond-pearl", "url": "https://pokeapi.co/api/v2/version-group/8/"}}, {"flavor_text": "Sharp pins are shot\nat the foe in rapid\nsuccession.\nThey hit two to five\ntimes in a row.", "language": {"name": "en", "url": "https://pokeapi.co/api/v2/language/9/"}, "version_group": {"name": "platinum", "url": "https://pokeapi.co/api/v2/version-group/9/"}}, {"flavor_text": "Sharp pins are shot\nat the foe in rapid\nsuccession.\nThey hit two to five\ntimes in a row.", "language": {"name": "en", "url": "https://pokeapi.co/api/v2/language/9/"}, "version_group": {"name": "heartgold-soulsilver", "url": "https://pokeapi.co/api/v2/version-group/10/"}}, {"flavor_text": "Envoie une rafale de dards.\nPeut toucher de 2 \u00e0 5 fois.", "language": {"name": "fr", "url": "https://pokeapi.co/api/v2/language/5/"}, "version_group": {"name": "black-white", "url": "https://pokeapi.co/api/v2/version-group/11/"}}, {"flavor_text": "Sharp spikes are shot at the target\nin rapid succession.\nThey hit two to five times in a row.", "language": {"name": "en", "url": "https://pokeapi.co/api/v2/language/9/"}, "version_group": {"name": "black-white", "url": "https://pokeapi.co/api/v2/version-group/11/"}}, {"flavor_text": "Sharp spikes are shot at the target\nin rapid succession.\nThey hit two to five times in a row.", "language": {"name": "en", "url": "https://pokeapi.co/api/v2/language/9/"}, "version_group": {"name": "black-2-white-2", "url": "https://pokeapi.co/api/v2/version-group/14/"}}, {"flavor_text": "\u3059\u308b\u3069\u3044\u3000\u30cf\u30ea\u3092\n\u3042\u3044\u3066\u306b\u3000\u306f\u3063\u3057\u3083\u3057\u3066\u3000\u3053\u3046\u3052\u304d\u3059\u308b\u3002\n\uff12\u30fc\uff15\u304b\u3044\u306e\u3000\u3042\u3044\u3060\u3000\u308c\u3093\u305e\u304f\u3067\u3000\u3060\u3059\u3002", "language": {"name": "ja-Hrkt", "url": "https://pokeapi.co/api/v2/language/1/"}, "version_group": {"name": "x-y", "url": "https://pokeapi.co/api/v2/version-group/15/"}}, {"flavor_text": "\ub0a0\uce74\ub85c\uc6b4 \uce68\uc744\n\uc0c1\ub300\uc5d0\uac8c \ubc1c\uc0ac\ud574\uc11c \uacf5\uaca9\ud55c\ub2e4.\n2-5\ud68c \ub3d9\uc548 \uc5f0\uc18d\uc73c\ub85c \uc4f4\ub2e4.", "language": {"name": "ko", "url": "https://pokeapi.co/api/v2/language/3/"}, "version_group": {"name": "x-y", "url": "https://pokeapi.co/api/v2/version-group/15/"}}, {"flavor_text": "Envoie une rafale de dards.\nPeut toucher de deux \u00e0 cinq fois.", "language": {"name": "fr", "url": "https://pokeapi.co/api/v2/language/5/"}, "version_group": {"name": "x-y", "url": "https://pokeapi.co/api/v2/version-group/15/"}}, {"flavor_text": "Spitze Nadeln treffen das Ziel zwei- bis f\u00fcnfmal\nhintereinander.", "language": {"name": "de", "url": "https://pokeapi.co/api/v2/language/6/"}, "version_group": {"name": "x-y", "url": "https://pokeapi.co/api/v2/version-group/15/"}}, {"flavor_text": "Lanza finas p\u00faas que hieren de dos a cinco veces.", "language": {"name": "es", "url": "https://pokeapi.co/api/v2/language/7/"}, "version_group": {"name": "x-y", "url": "https://pokeapi.co/api/v2/version-group/15/"}}, {"flavor_text": "Il bersaglio viene colpito da due a cinque volte\ncon spilli appuntiti in rapida successione.", "language": {"name": "it", "url": "https://pokeapi.co/api/v2/language/8/"}, "version_group": {"name": "x-y", "url": "https://pokeapi.co/api/v2/version-group/15/"}}, {"flavor_text": "Sharp spikes are shot at the target\nin rapid succession.\nThey hit two to five times in a row.", "language": {"name": "en", "url": "https://pokeapi.co/api/v2/language/9/"}, "version_group": {"name": "x-y", "url": "https://pokeapi.co/api/v2/version-group/15/"}}, {"flavor_text": "\u92ed\u3044\u3000\u30cf\u30ea\u3092\n\u76f8\u624b\u306b\u3000\u767a\u5c04\u3057\u3066\u3000\u653b\u6483\u3059\u308b\u3002\n\uff12\u30fc\uff15\u56de\u306e\u3000\u3042\u3044\u3060\u3000\u9023\u7d9a\u3067\u3000\u3060\u3059\u3002", "language": {"name": "ja", "url": "https://pokeapi.co/api/v2/language/11/"}, "version_group": {"name": "x-y", "url": "https://pokeapi.co/api/v2/version-group/15/"}}, {"flavor_text": "\u3059\u308b\u3069\u3044\u3000\u30cf\u30ea\u3092\n\u3042\u3044\u3066\u306b\u3000\u306f\u3063\u3057\u3083\u3057\u3066\u3000\u3053\u3046\u3052\u304d\u3059\u308b\u3002\n\uff12\u30fc\uff15\u304b\u3044\u306e\u3000\u3042\u3044\u3060\u3000\u308c\u3093\u305e\u304f\u3067\u3000\u3060\u3059\u3002", "language": {"name": "ja-Hrkt", "url": "https://pokeapi.co/api/v2/language/1/"}, "version_group": {"name": "omega-ruby-alpha-sapphire", "url": "https://pokeapi.co/api/v2/version-group/16/"}}, {"flavor_text": "\ub0a0\uce74\ub85c\uc6b4 \uce68\uc744\n\uc0c1\ub300\uc5d0\uac8c \ubc1c\uc0ac\ud574\uc11c \uacf5\uaca9\ud55c\ub2e4.\n2-5\ud68c \ub3d9\uc548 \uc5f0\uc18d\uc73c\ub85c \uc4f4\ub2e4.", "language": {"name": "ko", "url": "https://pokeapi.co/api/v2/language/3/"}, "version_group": {"name": "omega-ruby-alpha-sapphire", "url": "https://pokeapi.co/api/v2/version-group/16/"}}, {"flavor_text": "Envoie une rafale de dards.\nPeut toucher de deux \u00e0 cinq fois.", "language": {"name": "fr", "url": "https://pokeapi.co/api/v2/language/5/"}, "version_group": {"name": "omega-ruby-alpha-sapphire", "url": "https://pokeapi.co/api/v2/version-group/16/"}}, {"flavor_text": "Spitze Nadeln treffen das Ziel zwei- bis f\u00fcnfmal\nhintereinander.", "language": {"name": "de", "url": "https://pokeapi.co/api/v2/language/6/"}, "version_group": {"name": "omega-ruby-alpha-sapphire", "url": "https://pokeapi.co/api/v2/version-group/16/"}}, {"flavor_text": "Lanza finas p\u00faas que hieren de dos a cinco veces. ", "language": {"name": "es", "url": "https://pokeapi.co/api/v2/language/7/"}, "version_group": {"name": "omega-ruby-alpha-sapphire", "url": "https://pokeapi.co/api/v2/version-group/16/"}}, {"flavor_text": "Il bersaglio viene colpito da due a cinque volte\ncon spilli appuntiti in rapida successione.", "language": {"name": "it", "url": "https://pokeapi.co/api/v2/language/8/"}, "version_group": {"name": "omega-ruby-alpha-sapphire", "url": "https://pokeapi.co/api/v2/version-group/16/"}}, {"flavor_text": "Sharp spikes are shot at the target\nin rapid succession.\nThey hit two to five times in a row.", "language": {"name": "en", "url": "https://pokeapi.co/api/v2/language/9/"}, "version_group": {"name": "omega-ruby-alpha-sapphire", "url": "https://pokeapi.co/api/v2/version-group/16/"}}, {"flavor_text": "\u92ed\u3044\u3000\u30cf\u30ea\u3092\n\u76f8\u624b\u306b\u3000\u767a\u5c04\u3057\u3066\u3000\u653b\u6483\u3059\u308b\u3002\n\uff12\u30fc\uff15\u56de\u306e\u3000\u3042\u3044\u3060\u3000\u9023\u7d9a\u3067\u3000\u3060\u3059\u3002", "language": {"name": "ja", "url": "https://pokeapi.co/api/v2/language/11/"}, "version_group": {"name": "omega-ruby-alpha-sapphire", "url": "https://pokeapi.co/api/v2/version-group/16/"}}, {"flavor_text": "\u3059\u308b\u3069\u3044\u3000\u30cf\u30ea\u3092\n\u3042\u3044\u3066\u306b\u3000\u306f\u3063\u3057\u3083\u3057\u3066\u3000\u3053\u3046\u3052\u304d\u3059\u308b\u3002\n\uff12\u30fc\uff15\u304b\u3044\u306e\u3000\u3042\u3044\u3060\u3000\u308c\u3093\u305e\u304f\u3067\u3000\u3060\u3059\u3002", "language": {"name": "ja-Hrkt", "url": "https://pokeapi.co/api/v2/language/1/"}, "version_group": {"name": "sun-moon", "url": "https://pokeapi.co/api/v2/version-group/17/"}}, {"flavor_text": "\ub0a0\uce74\ub85c\uc6b4 \uce68\uc744\n\uc0c1\ub300\uc5d0\uac8c \ubc1c\uc0ac\ud574\uc11c \uacf5\uaca9\ud55c\ub2e4.\n2-5\ud68c \ub3d9\uc548 \uc5f0\uc18d\uc73c\ub85c \uc4f4\ub2e4.", "language": {"name": "ko", "url": "https://pokeapi.co/api/v2/language/3/"}, "version_group": {"name": "sun-moon", "url": "https://pokeapi.co/api/v2/version-group/17/"}}, {"flavor_text": "\u5411\u5c0d\u624b\u767c\u5c04\n\u92b3\u5229\u7684\u91dd\u9032\u884c\u653b\u64ca\u3002\n\u53ef\u9023\u7e8c\u653b\u64ca\uff12\uff5e\uff15\u6b21\u3002", "language": {"name": "zh-Hant", "url": "https://pokeapi.co/api/v2/language/4/"}, "version_group": {"name": "sun-moon", "url": "https://pokeapi.co/api/v2/version-group/17/"}}, {"flavor_text": "Envoie une rafale de dards.\nPeut toucher de deux \u00e0 cinq fois.", "language": {"name": "fr", "url": "https://pokeapi.co/api/v2/language/5/"}, "version_group": {"name": "sun-moon", "url": "https://pokeapi.co/api/v2/version-group/17/"}}, {"flavor_text": "Spitze Nadeln treffen das Ziel zwei- bis f\u00fcnfmal\nhintereinander.", "language": {"name": "de", "url": "https://pokeapi.co/api/v2/language/6/"}, "version_group": {"name": "sun-moon", "url": "https://pokeapi.co/api/v2/version-group/17/"}}, {"flavor_text": "Lanza finas p\u00faas que hieren de dos a cinco veces. ", "language": {"name": "es", "url": "https://pokeapi.co/api/v2/language/7/"}, "version_group": {"name": "sun-moon", "url": "https://pokeapi.co/api/v2/version-group/17/"}}, {"flavor_text": "Il bersaglio viene colpito da due a cinque volte\nin rapida successione con delle spine.", "language": {"name": "it", "url": "https://pokeapi.co/api/v2/language/8/"}, "version_group": {"name": "sun-moon", "url": "https://pokeapi.co/api/v2/version-group/17/"}}, {"flavor_text": "Sharp spikes are shot at the target in rapid\nsuccession. They hit two to five times in a row.", "language": {"name": "en", "url": "https://pokeapi.co/api/v2/language/9/"}, "version_group": {"name": "sun-moon", "url": "https://pokeapi.co/api/v2/version-group/17/"}}, {"flavor_text": "\u92ed\u3044\u3000\u30cf\u30ea\u3092\n\u76f8\u624b\u306b\u3000\u767a\u5c04\u3057\u3066\u3000\u653b\u6483\u3059\u308b\u3002\n\uff12\u30fc\uff15\u56de\u306e\u3000\u9593\u3000\u9023\u7d9a\u3067\u3000\u3060\u3059\u3002", "language": {"name": "ja", "url": "https://pokeapi.co/api/v2/language/11/"}, "version_group": {"name": "sun-moon", "url": "https://pokeapi.co/api/v2/version-group/17/"}}, {"flavor_text": "\u5411\u5bf9\u624b\u53d1\u5c04\n\u9510\u9488\u8fdb\u884c\u653b\u51fb\u3002\n\u8fde\u7eed\u653b\u51fb\uff12\uff5e\uff15\u6b21\u3002", "language": {"name": "zh-Hans", "url": "https://pokeapi.co/api/v2/language/12/"}, "version_group": {"name": "sun-moon", "url": "https://pokeapi.co/api/v2/version-group/17/"}}, {"flavor_text": "\u3059\u308b\u3069\u3044\u3000\u30cf\u30ea\u3092\n\u3042\u3044\u3066\u306b\u3000\u306f\u3063\u3057\u3083\u3057\u3066\u3000\u3053\u3046\u3052\u304d\u3059\u308b\u3002\n\uff12\u30fc\uff15\u304b\u3044\u306e\u3000\u3042\u3044\u3060\u3000\u308c\u3093\u305e\u304f\u3067\u3000\u3060\u3059\u3002", "language": {"name": "ja-Hrkt", "url": "https://pokeapi.co/api/v2/language/1/"}, "version_group": {"name": "ultra-sun-ultra-moon", "url": "https://pokeapi.co/api/v2/version-group/18/"}}, {"flavor_text": "\ub0a0\uce74\ub85c\uc6b4 \uce68\uc744\n\uc0c1\ub300\uc5d0\uac8c \ubc1c\uc0ac\ud574\uc11c \uacf5\uaca9\ud55c\ub2e4.\n2-5\ud68c \ub3d9\uc548 \uc5f0\uc18d\uc73c\ub85c \uc4f4\ub2e4.", "language": {"name": "ko", "url": "https://pokeapi.co/api/v2/language/3/"}, "version_group": {"name": "ultra-sun-ultra-moon", "url": "https://pokeapi.co/api/v2/version-group/18/"}}, {"flavor_text": "\u5411\u5c0d\u624b\u767c\u5c04\n\u92b3\u5229\u7684\u91dd\u9032\u884c\u653b\u64ca\u3002\n\u53ef\u9023\u7e8c\u653b\u64ca\uff12\uff5e\uff15\u6b21\u3002", "language": {"name": "zh-Hant", "url": "https://pokeapi.co/api/v2/language/4/"}, "version_group": {"name": "ultra-sun-ultra-moon", "url": "https://pokeapi.co/api/v2/version-group/18/"}}, {"flavor_text": "Envoie une rafale de dards.\nPeut toucher de deux \u00e0 cinq fois.", "language": {"name": "fr", "url": "https://pokeapi.co/api/v2/language/5/"}, "version_group": {"name": "ultra-sun-ultra-moon", "url": "https://pokeapi.co/api/v2/version-group/18/"}}, {"flavor_text": "Spitze Nadeln treffen das Ziel zwei- bis f\u00fcnfmal\nhintereinander.", "language": {"name": "de", "url": "https://pokeapi.co/api/v2/language/6/"}, "version_group": {"name": "ultra-sun-ultra-moon", "url": "https://pokeapi.co/api/v2/version-group/18/"}}, {"flavor_text": "Lanza finas p\u00faas que hieren de dos a cinco veces. ", "language": {"name": "es", "url": "https://pokeapi.co/api/v2/language/7/"}, "version_group": {"name": "ultra-sun-ultra-moon", "url": "https://pokeapi.co/api/v2/version-group/18/"}}, {"flavor_text": "Il bersaglio viene colpito da due a cinque volte\nin rapida successione con delle spine.", "language": {"name": "it", "url": "https://pokeapi.co/api/v2/language/8/"}, "version_group": {"name": "ultra-sun-ultra-moon", "url": "https://pokeapi.co/api/v2/version-group/18/"}}, {"flavor_text": "Sharp spikes are shot at the target in rapid\nsuccession. They hit two to five times in a row.", "language": {"name": "en", "url": "https://pokeapi.co/api/v2/language/9/"}, "version_group": {"name": "ultra-sun-ultra-moon", "url": "https://pokeapi.co/api/v2/version-group/18/"}}, {"flavor_text": "\u92ed\u3044\u3000\u30cf\u30ea\u3092\n\u76f8\u624b\u306b\u3000\u767a\u5c04\u3057\u3066\u3000\u653b\u6483\u3059\u308b\u3002\n\uff12\u30fc\uff15\u56de\u306e\u3000\u9593\u3000\u9023\u7d9a\u3067\u3000\u3060\u3059\u3002", "language": {"name": "ja", "url": "https://pokeapi.co/api/v2/language/11/"}, "version_group": {"name": "ultra-sun-ultra-moon", "url": "https://pokeapi.co/api/v2/version-group/18/"}}, {"flavor_text": "\u5411\u5bf9\u624b\u53d1\u5c04\n\u9510\u9488\u8fdb\u884c\u653b\u51fb\u3002\n\u8fde\u7eed\u653b\u51fb\uff12\uff5e\uff15\u6b21\u3002", "language": {"name": "zh-Hans", "url": "https://pokeapi.co/api/v2/language/12/"}, "version_group": {"name": "ultra-sun-ultra-moon", "url": "https://pokeapi.co/api/v2/version-group/18/"}}, {"flavor_text": "\u3059\u308b\u3069\u3044\u3000\u30cf\u30ea\u3092\n\u3042\u3044\u3066\u306b\u3000\u306f\u3063\u3057\u3083\u3057\u3066\u3000\u3053\u3046\u3052\u304d\u3059\u308b\u3002\n\uff12\u30fc\uff15\u304b\u3044\u306e\u3000\u3042\u3044\u3060\u3000\u308c\u3093\u305e\u304f\u3067\u3000\u3060\u3059\u3002", "language": {"name": "ja-Hrkt", "url": "https://pokeapi.co/api/v2/language/1/"}, "version_group": {"name": "lets-go-pikachu-lets-go-eevee", "url": "https://pokeapi.co/api/v2/version-group/19/"}}, {"flavor_text": "\ub0a0\uce74\ub85c\uc6b4 \uce68\uc744\n\uc0c1\ub300\uc5d0\uac8c \ubc1c\uc0ac\ud574\uc11c \uacf5\uaca9\ud55c\ub2e4.\n2-5\ud68c \ub3d9\uc548 \uc5f0\uc18d\uc73c\ub85c \uc4f4\ub2e4.", "language": {"name": "ko", "url": "https://pokeapi.co/api/v2/language/3/"}, "version_group": {"name": "lets-go-pikachu-lets-go-eevee", "url": "https://pokeapi.co/api/v2/version-group/19/"}}, {"flavor_text": "\u5411\u5c0d\u624b\u767c\u5c04\n\u92b3\u5229\u7684\u91dd\u9032\u884c\u653b\u64ca\u3002\n\u53ef\u9023\u7e8c\u653b\u64ca\uff12\uff5e\uff15\u6b21\u3002", "language": {"name": "zh-Hant", "url": "https://pokeapi.co/api/v2/language/4/"}, "version_group": {"name": "lets-go-pikachu-lets-go-eevee", "url": "https://pokeapi.co/api/v2/version-group/19/"}}, {"flavor_text": "Envoie une rafale de dards.\nPeut toucher de deux \u00e0 cinq fois.", "language": {"name": "fr", "url": "https://pokeapi.co/api/v2/language/5/"}, "version_group": {"name": "lets-go-pikachu-lets-go-eevee", "url": "https://pokeapi.co/api/v2/version-group/19/"}}, {"flavor_text": "Spitze Nadeln treffen das Ziel zwei- bis f\u00fcnfmal\nhintereinander.", "language": {"name": "de", "url": "https://pokeapi.co/api/v2/language/6/"}, "version_group": {"name": "lets-go-pikachu-lets-go-eevee", "url": "https://pokeapi.co/api/v2/version-group/19/"}}, {"flavor_text": "Lanza finas p\u00faas que hieren de dos a cinco veces. ", "language": {"name": "es", "url": "https://pokeapi.co/api/v2/language/7/"}, "version_group": {"name": "lets-go-pikachu-lets-go-eevee", "url": "https://pokeapi.co/api/v2/version-group/19/"}}, {"flavor_text": "Il bersaglio viene colpito da due a cinque volte\nin rapida successione con delle spine.", "language": {"name": "it", "url": "https://pokeapi.co/api/v2/language/8/"}, "version_group": {"name": "lets-go-pikachu-lets-go-eevee", "url": "https://pokeapi.co/api/v2/version-group/19/"}}, {"flavor_text": "Sharp spikes are shot at the target in rapid\nsuccession. They hit two to five times in a row.", "language": {"name": "en", "url": "https://pokeapi.co/api/v2/language/9/"}, "version_group": {"name": "lets-go-pikachu-lets-go-eevee", "url": "https://pokeapi.co/api/v2/version-group/19/"}}, {"flavor_text": "\u92ed\u3044\u3000\u30cf\u30ea\u3092\n\u76f8\u624b\u306b\u3000\u767a\u5c04\u3057\u3066\u3000\u653b\u6483\u3059\u308b\u3002\n\uff12\u30fc\uff15\u56de\u306e\u3000\u9593\u3000\u9023\u7d9a\u3067\u3000\u3060\u3059\u3002", "language": {"name": "ja", "url": "https://pokeapi.co/api/v2/language/11/"}, "version_group": {"name": "lets-go-pikachu-lets-go-eevee", "url": "https://pokeapi.co/api/v2/version-group/19/"}}, {"flavor_text": "\u5411\u5bf9\u624b\u53d1\u5c04\n\u9510\u9488\u8fdb\u884c\u653b\u51fb\u3002\n\u8fde\u7eed\u653b\u51fb\uff12\uff5e\uff15\u6b21\u3002", "language": {"name": "zh-Hans", "url": "https://pokeapi.co/api/v2/language/12/"}, "version_group": {"name": "lets-go-pikachu-lets-go-eevee", "url": "https://pokeapi.co/api/v2/version-group/19/"}}, {"flavor_text": "\u3059\u308b\u3069\u3044\u3000\u30cf\u30ea\u3092\n\u3042\u3044\u3066\u306b\u3000\u306f\u3063\u3057\u3083\u3057\u3066\u3000\u3053\u3046\u3052\u304d\u3059\u308b\u3002\n\uff12\u30fc\uff15\u304b\u3044\u306e\u3000\u3042\u3044\u3060\u3000\u308c\u3093\u305e\u304f\u3067\u3000\u3060\u3059\u3002", "language": {"name": "ja-Hrkt", "url": "https://pokeapi.co/api/v2/language/1/"}, "version_group": {"name": "sword-shield", "url": "https://pokeapi.co/api/v2/version-group/20/"}}, {"flavor_text": "\ub0a0\uce74\ub85c\uc6b4 \uce68\uc744\n\uc0c1\ub300\uc5d0\uac8c \ubc1c\uc0ac\ud574\uc11c \uacf5\uaca9\ud55c\ub2e4.\n2-5\ud68c \ub3d9\uc548 \uc5f0\uc18d\uc73c\ub85c \uc4f4\ub2e4.", "language": {"name": "ko", "url": "https://pokeapi.co/api/v2/language/3/"}, "version_group": {"name": "sword-shield", "url": "https://pokeapi.co/api/v2/version-group/20/"}}, {"flavor_text": "\u5411\u5c0d\u624b\u767c\u5c04\n\u92b3\u5229\u7684\u91dd\u9032\u884c\u653b\u64ca\u3002\n\u53ef\u9023\u7e8c\u653b\u64ca\uff12\uff5e\uff15\u6b21\u3002", "language": {"name": "zh-Hant", "url": "https://pokeapi.co/api/v2/language/4/"}, "version_group": {"name": "sword-shield", "url": "https://pokeapi.co/api/v2/version-group/20/"}}, {"flavor_text": "Envoie une rafale de dards.\nPeut toucher de deux \u00e0 cinq fois.", "language": {"name": "fr", "url": "https://pokeapi.co/api/v2/language/5/"}, "version_group": {"name": "sword-shield", "url": "https://pokeapi.co/api/v2/version-group/20/"}}, {"flavor_text": "Spitze Nadeln treffen das Ziel zwei- bis f\u00fcnfmal\nhintereinander.", "language": {"name": "de", "url": "https://pokeapi.co/api/v2/language/6/"}, "version_group": {"name": "sword-shield", "url": "https://pokeapi.co/api/v2/version-group/20/"}}, {"flavor_text": "Lanza finas p\u00faas que hieren de dos a cinco veces. ", "language": {"name": "es", "url": "https://pokeapi.co/api/v2/language/7/"}, "version_group": {"name": "sword-shield", "url": "https://pokeapi.co/api/v2/version-group/20/"}}, {"flavor_text": "Il bersaglio viene colpito da due a cinque volte\nin rapida successione con delle spine.", "language": {"name": "it", "url": "https://pokeapi.co/api/v2/language/8/"}, "version_group": {"name": "sword-shield", "url": "https://pokeapi.co/api/v2/version-group/20/"}}, {"flavor_text": "Sharp spikes are shot at the target in rapid\nsuccession. They hit two to five times in a row.", "language": {"name": "en", "url": "https://pokeapi.co/api/v2/language/9/"}, "version_group": {"name": "sword-shield", "url": "https://pokeapi.co/api/v2/version-group/20/"}}, {"flavor_text": "\u92ed\u3044\u3000\u30cf\u30ea\u3092\n\u76f8\u624b\u306b\u3000\u767a\u5c04\u3057\u3066\u3000\u653b\u6483\u3059\u308b\u3002\n\uff12\u30fc\uff15\u56de\u306e\u3000\u9593\u3000\u9023\u7d9a\u3067\u3000\u3060\u3059\u3002", "language": {"name": "ja", "url": "https://pokeapi.co/api/v2/language/11/"}, "version_group": {"name": "sword-shield", "url": "https://pokeapi.co/api/v2/version-group/20/"}}, {"flavor_text": "\u5411\u5bf9\u624b\u53d1\u5c04\n\u9510\u9488\u8fdb\u884c\u653b\u51fb\u3002\n\u8fde\u7eed\u653b\u51fb\uff12\uff5e\uff15\u6b21\u3002", "language": {"name": "zh-Hans", "url": "https://pokeapi.co/api/v2/language/12/"}, "version_group": {"name": "sword-shield", "url": "https://pokeapi.co/api/v2/version-group/20/"}}, {"flavor_text": "Sharp spikes are shot at the target. Spike splinters left behind by this attack continue to damage the target for several turns.", "language": {"name": "en", "url": "https://pokeapi.co/api/v2/language/9/"}, "version_group": {"name": "legends-arceus", "url": "https://pokeapi.co/api/v2/version-group/24/"}}, {"flavor_text": "The user attacks by shooting sharp spikes at the target. This move hits two to five times in a row.", "language": {"name": "en", "url": "https://pokeapi.co/api/v2/language/9/"}, "version_group": {"name": "scarlet-violet", "url": "https://pokeapi.co/api/v2/version-group/25/"}}], "generation": {"name": "generation-i", "url": "https://pokeapi.co/api/v2/generation/1/"}, "id": 42, "learned_by_pokemon": [{"name": "beedrill", "url": "https://pokeapi.co/api/v2/pokemon/15/"}, {"name": "sandslash", "url": "https://pokeapi.co/api/v2/pokemon/28/"}, {"name": "cloyster", "url": "https://pokeapi.co/api/v2/pokemon/91/"}, {"name": "jolteon", "url": "https://pokeapi.co/api/v2/pokemon/135/"}, {"name": "omastar", "url": "https://pokeapi.co/api/v2/pokemon/139/"}, {"name": "mew", "url": "https://pokeapi.co/api/v2/pokemon/151/"}, {"name": "spinarak", "url": "https://pokeapi.co/api/v2/pokemon/167/"}, {"name": "ariados", "url": "https://pokeapi.co/api/v2/pokemon/168/"}, {"name": "pineco", "url": "https://pokeapi.co/api/v2/pokemon/204/"}, {"name": "qwilfish", "url": "https://pokeapi.co/api/v2/pokemon/211/"}, {"name": "heracross", "url": "https://pokeapi.co/api/v2/pokemon/214/"}, {"name": "zigzagoon", "url": "https://pokeapi.co/api/v2/pokemon/263/"}, {"name": "linoone", "url": "https://pokeapi.co/api/v2/pokemon/264/"}, {"name": "roselia", "url": "https://pokeapi.co/api/v2/pokemon/315/"}, {"name": "cacnea", "url": "https://pokeapi.co/api/v2/pokemon/331/"}, {"name": "cacturne", "url": "https://pokeapi.co/api/v2/pokemon/332/"}, {"name": "budew", "url": "https://pokeapi.co/api/v2/pokemon/406/"}, {"name": "roserade", "url": "https://pokeapi.co/api/v2/pokemon/407/"}, {"name": "vespiquen", "url": "https://pokeapi.co/api/v2/pokemon/416/"}, {"name": "skorupi", "url": "https://pokeapi.co/api/v2/pokemon/451/"}, {"name": "drapion", "url": "https://pokeapi.co/api/v2/pokemon/452/"}, {"name": "gliscor", "url": "https://pokeapi.co/api/v2/pokemon/472/"}, {"name": "venipede", "url": "https://pokeapi.co/api/v2/pokemon/543/"}, {"name": "whirlipede", "url": "https://pokeapi.co/api/v2/pokemon/544/"}, {"name": "scolipede", "url": "https://pokeapi.co/api/v2/pokemon/545/"}, {"name": "maractus", "url": "https://pokeapi.co/api/v2/pokemon/556/"}, {"name": "joltik", "url": "https://pokeapi.co/api/v2/pokemon/595/"}, {"name": "galvantula", "url": "https://pokeapi.co/api/v2/pokemon/596/"}, {"name": "ferroseed", "url": "https://pokeapi.co/api/v2/pokemon/597/"}, {"name": "ferrothorn", "url": "https://pokeapi.co/api/v2/pokemon/598/"}, {"name": "chespin", "url": "https://pokeapi.co/api/v2/pokemon/650/"}, {"name": "quilladin", "url": "https://pokeapi.co/api/v2/pokemon/651/"}, {"name": "chesnaught", "url": "https://pokeapi.co/api/v2/pokemon/652/"}, {"name": "mareanie", "url": "https://pokeapi.co/api/v2/pokemon/747/"}, {"name": "toxapex", "url": "https://pokeapi.co/api/v2/pokemon/748/"}, {"name": "golisopod", "url": "https://pokeapi.co/api/v2/pokemon/768/"}, {"name": "togedemaru", "url": "https://pokeapi.co/api/v2/pokemon/777/"}, {"name": "poipole", "url": "https://pokeapi.co/api/v2/pokemon/803/"}, {"name": "naganadel", "url": "https://pokeapi.co/api/v2/pokemon/804/"}, {"name": "obstagoon", "url": "https://pokeapi.co/api/v2/pokemon/862/"}, {"name": "cursola", "url": "https://pokeapi.co/api/v2/pokemon/864/"}, {"name": "pincurchin", "url": "https://pokeapi.co/api/v2/pokemon/871/"}, {"name": "overqwil", "url": "https://pokeapi.co/api/v2/pokemon/904/"}, {"name": "iron-thorns", "url": "https://pokeapi.co/api/v2/pokemon/995/"}, {"name": "heracross-mega", "url": "https://pokeapi.co/api/v2/pokemon/10047/"}, {"name": "beedrill-mega", "url": "https://pokeapi.co/api/v2/pokemon/10090/"}, {"name": "sandslash-alola", "url": "https://pokeapi.co/api/v2/pokemon/10102/"}, {"name": "togedemaru-totem", "url": "https://pokeapi.co/api/v2/pokemon/10154/"}, {"name": "zigzagoon-galar", "url": "https://pokeapi.co/api/v2/pokemon/10174/"}, {"name": "linoone-galar", "url": "https://pokeapi.co/api/v2/pokemon/10175/"}, {"name": "qwilfish-hisui", "url": "https://pokeapi.co/api/v2/pokemon/10234/"}], "machines": [{"machine": {"url": "https://pokeapi.co/api/v2/machine/141/"}, "version_group": {"name": "sword-shield", "url": "https://pokeapi.co/api/v2/version-group/20/"}}], "meta": {"ailment": {"name": "none", "url": "https://pokeapi.co/api/v2/move-ailment/0/"}, "ailment_chance": 0, "category": {"name": "damage", "url": "https://pokeapi.co/api/v2/move-category/0/"}, "crit_rate": 0, "drain": 0, "flinch_chance": 0, "healing": 0, "max_hits": 5, "max_turns": null, "min_hits": 2, "min_turns": null, "stat_chance": 0}, "name": "pin-missile", "names": [{"language": {"name": "ja-Hrkt", "url": "https://pokeapi.co/api/v2/language/1/"}, "name": "\u30df\u30b5\u30a4\u30eb\u3070\u308a"}, {"language": {"name": "ko", "url": "https://pokeapi.co/api/v2/language/3/"}, "name": "\ubc14\ub298\ubbf8\uc0ac\uc77c"}, {"language": {"name": "zh-Hant", "url": "https://pokeapi.co/api/v2/language/4/"}, "name": "\u98db\u5f48\u91dd"}, {"language": {"name": "fr", "url": "https://pokeapi.co/api/v2/language/5/"}, "name": "Dard-Nu\u00e9e"}, {"language": {"name": "de", "url": "https://pokeapi.co/api/v2/language/6/"}, "name": "Nadelrakete"}, {"language": {"name": "es", "url": "https://pokeapi.co/api/v2/language/7/"}, "name": "Pin Misil"}, {"language": {"name": "it", "url": "https://pokeapi.co/api/v2/language/8/"}, "name": "Missilspillo"}, {"language": {"name": "en", "url": "https://pokeapi.co/api/v2/language/9/"}, "name": "Pin Missile"}, {"language": {"name": "ja", "url": "https://pokeapi.co/api/v2/language/11/"}, "name": "\u30df\u30b5\u30a4\u30eb\u3070\u308a"}, {"language": {"name": "zh-Hans", "url": "https://pokeapi.co/api/v2/language/12/"}, "name": "\u98de\u5f39\u9488"}], "past_values": [{"accuracy": 85, "effect_chance": null, "effect_entries": [], "power": 14, "pp": null, "type": null, "version_group": {"name": "x-y", "url": "https://pokeapi.co/api/v2/version-group/15/"}}], "power": 25, "pp": 20, "priority": 0, "stat_changes": [], "super_contest_effect": {"url": "https://pokeapi.co/api/v2/super-contest-effect/7/"}, "target": {"name": "selected-pokemon", "url": "https://pokeapi.co/api/v2/move-target/10/"}, "type": {"name": "bug", "url": "https://pokeapi.co/api/v2/type/7/"}}