{"accuracy": 100, "contest_combos": null, "contest_effect": null, "contest_type": {"name": "cool", "url": "https://pokeapi.co/api/v2/contest-type/1/"}, "damage_class": {"name": "physical", "url": "https://pokeapi.co/api/v2/move-damage-class/2/"}, "effect_chance": null, "effect_changes": [], "effect_entries": [{"effect": "Inflicts regular damage.  If the target damaged the user this turn and was the last to do so, this move has double power.\n\npain split does not count as damaging the user.", "language": {"name": "en", "url": "https://pokeapi.co/api/v2/language/9/"}, "short_effect": "Inflicts double damage if the user takes damage before attacking this turn."}], "flavor_text_entries": [{"flavor_text": "An attack move that\ninflicts double the\ndamage if the user\nhas been hurt by the\nfoe in the same turn.", "language": {"name": "en", "url": "https://pokeapi.co/api/v2/language/9/"}, "version_group": {"name": "diamond-pearl", "url": "https://pokeapi.co/api/v2/version-group/8/"}}, {"flavor_text": "An attack move that\ninflicts double the\ndamage if the user\nhas been hurt by the\nfoe in the same turn.", "language": {"name": "en", "url": "https://pokeapi.co/api/v2/language/9/"}, "version_group": {"name": "platinum", "url": "https://pokeapi.co/api/v2/version-group/9/"}}, {"flavor_text": "An attack move that\ninflicts double the\ndamage if the user\nhas been hurt by the\nfoe in the same turn.", "language": {"name": "en", "url": "https://pokeapi.co/api/v2/language/9/"}, "version_group": {"name": "heartgold-soulsilver", "url": "https://pokeapi.co/api/v2/version-group/10/"}}, {"flavor_text": "Une attaque deux fois plus puissante si le\nlanceur a \u00e9t\u00e9 bless\u00e9 par l\u2019ennemi durant\nle tour.", "language": {"name": "fr", "url": "https://pokeapi.co/api/v2/language/5/"}, "version_group": {"name": "black-white", "url": "https://pokeapi.co/api/v2/version-group/11/"}}, {"flavor_text": "An attack move that inflicts double the\ndamage if the user has been hurt by the\ntarget in the same turn.", "language": {"name": "en", "url": "https://pokeapi.co/api/v2/language/9/"}, "version_group": {"name": "black-white", "url": "https://pokeapi.co/api/v2/version-group/11/"}}, {"flavor_text": "An attack move that inflicts double the\ndamage if the user has been hurt by the\ntarget in the same turn.", "language": {"name": "en", "url": "https://pokeapi.co/api/v2/language/9/"}, "version_group": {"name": "black-2-white-2", "url": "https://pokeapi.co/api/v2/version-group/14/"}}, {"flavor_text": "\u3042\u3044\u3066\u304b\u3089\u3000\u308f\u3056\u3092\u3000\u3046\u3051\u3066\u3044\u308b\u3068\n\u305d\u306e\u3000\u3042\u3044\u3066\u306b\u3000\u305f\u3044\u3057\u3066\n\u308f\u3056\u306e\u3000\u3044\u308a\u3087\u304f\u304c\u3000\uff12\u3070\u3044\u306b\u3000\u306a\u308b\u3002", "language": {"name": "ja-Hrkt", "url": "https://pokeapi.co/api/v2/language/1/"}, "version_group": {"name": "x-y", "url": "https://pokeapi.co/api/v2/version-group/15/"}}, {"flavor_text": "\uc0c1\ub300\ub85c\ubd80\ud130 \uae30\uc220\uc744 \ubc1b\uc73c\uba74\n\uadf8 \uc0c1\ub300\uc5d0 \ub300\ud574\uc11c\n\uae30\uc220\uc758 \uc704\ub825\uc774 2\ubc30\uac00 \ub41c\ub2e4.", "language": {"name": "ko", "url": "https://pokeapi.co/api/v2/language/3/"}, "version_group": {"name": "x-y", "url": "https://pokeapi.co/api/v2/version-group/15/"}}, {"flavor_text": "Une attaque deux fois plus puissante si le lanceur\na \u00e9t\u00e9 bless\u00e9 par l\u2019ennemi durant le tour.", "language": {"name": "fr", "url": "https://pokeapi.co/api/v2/language/5/"}, "version_group": {"name": "x-y", "url": "https://pokeapi.co/api/v2/version-group/15/"}}, {"flavor_text": "Wurde der Anwender in dieser Runde vom Ziel\ngetroffen, macht diese Attacke doppelten\nSchaden.", "language": {"name": "de", "url": "https://pokeapi.co/api/v2/language/6/"}, "version_group": {"name": "x-y", "url": "https://pokeapi.co/api/v2/version-group/15/"}}, {"flavor_text": "Este ataque inflige el doble de da\u00f1o a un objetivo\nque haya golpeado al usuario en ese mismo turno.", "language": {"name": "es", "url": "https://pokeapi.co/api/v2/language/7/"}, "version_group": {"name": "x-y", "url": "https://pokeapi.co/api/v2/version-group/15/"}}, {"flavor_text": "Mossa d\u2019attacco che infligge doppi danni se chi\nla usa \u00e8 stato ferito dal Pok\u00e9mon bersaglio nello\nstesso turno.", "language": {"name": "it", "url": "https://pokeapi.co/api/v2/language/8/"}, "version_group": {"name": "x-y", "url": "https://pokeapi.co/api/v2/version-group/15/"}}, {"flavor_text": "An attack move that inflicts double the\ndamage if the user has been hurt by the\ntarget in the same turn.", "language": {"name": "en", "url": "https://pokeapi.co/api/v2/language/9/"}, "version_group": {"name": "x-y", "url": "https://pokeapi.co/api/v2/version-group/15/"}}, {"flavor_text": "\u76f8\u624b\u304b\u3089\u3000\u6280\u3092\u3000\u53d7\u3051\u3066\u3044\u308b\u3068\n\u305d\u306e\u3000\u76f8\u624b\u306b\u3000\u5bfe\u3057\u3066\n\u6280\u306e\u3000\u5a01\u529b\u304c\u3000\uff12\u500d\u306b\u3000\u306a\u308b\u3002", "language": {"name": "ja", "url": "https://pokeapi.co/api/v2/language/11/"}, "version_group": {"name": "x-y", "url": "https://pokeapi.co/api/v2/version-group/15/"}}, {"flavor_text": "\u3042\u3044\u3066\u304b\u3089\u3000\u308f\u3056\u3092\u3000\u3046\u3051\u3066\u3044\u308b\u3068\n\u305d\u306e\u3000\u3042\u3044\u3066\u306b\u3000\u305f\u3044\u3057\u3066\n\u308f\u3056\u306e\u3000\u3044\u308a\u3087\u304f\u304c\u3000\uff12\u3070\u3044\u306b\u3000\u306a\u308b\u3002", "language": {"name": "ja-Hrkt", "url": "https://pokeapi.co/api/v2/language/1/"}, "version_group": {"name": "omega-ruby-alpha-sapphire", "url": "https://pokeapi.co/api/v2/version-group/16/"}}, {"flavor_text": "\uc0c1\ub300\ub85c\ubd80\ud130 \uae30\uc220\uc744 \ubc1b\uc73c\uba74\n\uadf8 \uc0c1\ub300\uc5d0 \ub300\ud574\uc11c\n\uae30\uc220\uc758 \uc704\ub825\uc774 2\ubc30\uac00 \ub41c\ub2e4.", "language": {"name": "ko", "url": "https://pokeapi.co/api/v2/language/3/"}, "version_group": {"name": "omega-ruby-alpha-sapphire", "url": "https://pokeapi.co/api/v2/version-group/16/"}}, {"flavor_text": "Une attaque deux fois plus puissante si le lanceur\na \u00e9t\u00e9 bless\u00e9 par l\u2019ennemi durant le tour.", "language": {"name": "fr", "url": "https://pokeapi.co/api/v2/language/5/"}, "version_group": {"name": "omega-ruby-alpha-sapphire", "url": "https://pokeapi.co/api/v2/version-group/16/"}}, {"flavor_text": "Wurde der Anwender in dieser Runde vom Ziel\ngetroffen, macht diese Attacke doppelten\nSchaden.", "language": {"name": "de", "url": "https://pokeapi.co/api/v2/language/6/"}, "version_group": {"name": "omega-ruby-alpha-sapphire", "url": "https://pokeapi.co/api/v2/version-group/16/"}}, {"flavor_text": "Este ataque inflige el doble de da\u00f1o a un objetivo\nque haya golpeado al usuario en ese mismo turno. ", "language": {"name": "es", "url": "https://pokeapi.co/api/v2/language/7/"}, "version_group": {"name": "omega-ruby-alpha-sapphire", "url": "https://pokeapi.co/api/v2/version-group/16/"}}, {"flavor_text": "Mossa d\u2019attacco che infligge doppi danni se chi\nla usa \u00e8 stato ferito dal Pok\u00e9mon bersaglio nello\nstesso turno.", "language": {"name": "it", "url": "https://pokeapi.co/api/v2/language/8/"}, "version_group": {"name": "omega-ruby-alpha-sapphire", "url": "https://pokeapi.co/api/v2/version-group/16/"}}, {"flavor_text": "An attack move that inflicts double the\ndamage if the user has been hurt by the\ntarget in the same turn.", "language": {"name": "en", "url": "https://pokeapi.co/api/v2/language/9/"}, "version_group": {"name": "omega-ruby-alpha-sapphire", "url": "https://pokeapi.co/api/v2/version-group/16/"}}, {"flavor_text": "\u76f8\u624b\u304b\u3089\u3000\u6280\u3092\u3000\u53d7\u3051\u3066\u3044\u308b\u3068\n\u305d\u306e\u3000\u76f8\u624b\u306b\u3000\u5bfe\u3057\u3066\n\u6280\u306e\u3000\u5a01\u529b\u304c\u3000\uff12\u500d\u306b\u3000\u306a\u308b\u3002", "language": {"name": "ja", "url": "https://pokeapi.co/api/v2/language/11/"}, "version_group": {"name": "omega-ruby-alpha-sapphire", "url": "https://pokeapi.co/api/v2/version-group/16/"}}, {"flavor_text": "\u3042\u3044\u3066\u304b\u3089\u3000\u308f\u3056\u3092\u3000\u3046\u3051\u3066\u3044\u308b\u3068\n\u305d\u306e\u3000\u3042\u3044\u3066\u306b\u3000\u305f\u3044\u3057\u3066\n\u308f\u3056\u306e\u3000\u3044\u308a\u3087\u304f\u304c\u3000\uff12\u3070\u3044\u306b\u3000\u306a\u308b\u3002", "language": {"name": "ja-Hrkt", "url": "https://pokeapi.co/api/v2/language/1/"}, "version_group": {"name": "sun-moon", "url": "https://pokeapi.co/api/v2/version-group/17/"}}, {"flavor_text": "\uc0c1\ub300\ub85c\ubd80\ud130 \uae30\uc220\uc744 \ubc1b\uc73c\uba74\n\uadf8 \uc0c1\ub300\uc5d0 \ub300\ud574\uc11c\n\uae30\uc220\uc758 \uc704\ub825\uc774 2\ubc30\uac00 \ub41c\ub2e4.", "language": {"name": "ko", "url": "https://pokeapi.co/api/v2/language/3/"}, "version_group": {"name": "sun-moon", "url": "https://pokeapi.co/api/v2/version-group/17/"}}, {"flavor_text": "\u5982\u679c\u53d7\u5230\u5c0d\u624b\u7684\u62db\u5f0f\u653b\u64ca\uff0c\n\u7d66\u4e88\u8a72\u5c0d\u624b\u7684\u62db\u5f0f\u5a01\u529b\u5c31\u6703\u8b8a\u6210\uff12\u500d\u3002", "language": {"name": "zh-Hant", "url": "https://pokeapi.co/api/v2/language/4/"}, "version_group": {"name": "sun-moon", "url": "https://pokeapi.co/api/v2/version-group/17/"}}, {"flavor_text": "Une attaque deux fois plus puissante si le lanceur\na \u00e9t\u00e9 bless\u00e9 par l\u2019ennemi durant le tour.", "language": {"name": "fr", "url": "https://pokeapi.co/api/v2/language/5/"}, "version_group": {"name": "sun-moon", "url": "https://pokeapi.co/api/v2/version-group/17/"}}, {"flavor_text": "Wurde der Anwender in dieser Runde vom Ziel\ngetroffen, verdoppelt sich die St\u00e4rke aller Attacken\ndes Anwenders bei Angriffen auf dieses Ziel.", "language": {"name": "de", "url": "https://pokeapi.co/api/v2/language/6/"}, "version_group": {"name": "sun-moon", "url": "https://pokeapi.co/api/v2/version-group/17/"}}, {"flavor_text": "Este ataque inflige el doble de da\u00f1o a un objetivo\nque haya golpeado al usuario en ese mismo turno. ", "language": {"name": "es", "url": "https://pokeapi.co/api/v2/language/7/"}, "version_group": {"name": "sun-moon", "url": "https://pokeapi.co/api/v2/version-group/17/"}}, {"flavor_text": "Mossa d\u2019attacco che infligge doppi danni se chi\nla usa \u00e8 stato ferito dal Pok\u00e9mon bersaglio nello\nstesso turno.", "language": {"name": "it", "url": "https://pokeapi.co/api/v2/language/8/"}, "version_group": {"name": "sun-moon", "url": "https://pokeapi.co/api/v2/version-group/17/"}}, {"flavor_text": "The power of this attack move is doubled if the user\nhas been hurt by the target in the same turn.", "language": {"name": "en", "url": "https://pokeapi.co/api/v2/language/9/"}, "version_group": {"name": "sun-moon", "url": "https://pokeapi.co/api/v2/version-group/17/"}}, {"flavor_text": "\u76f8\u624b\u304b\u3089\u3000\u6280\u3092\u3000\u53d7\u3051\u3066\u3044\u308b\u3068\n\u305d\u306e\u3000\u76f8\u624b\u306b\u3000\u5bfe\u3057\u3066\n\u6280\u306e\u3000\u5a01\u529b\u304c\u3000\uff12\u500d\u306b\u3000\u306a\u308b\u3002", "language": {"name": "ja", "url": "https://pokeapi.co/api/v2/language/11/"}, "version_group": {"name": "sun-moon", "url": "https://pokeapi.co/api/v2/version-group/17/"}}, {"flavor_text": "\u5982\u679c\u53d7\u5230\u5bf9\u624b\u7684\u62db\u5f0f\u653b\u51fb\uff0c\n\u5c31\u80fd\u7ed9\u4e88\u8be5\u5bf9\u624b\n\uff12\u500d\u5a01\u529b\u7684\u653b\u51fb\u3002", "language": {"name": "zh-Hans", "url": "https://pokeapi.co/api/v2/language/12/"}, "version_group": {"name": "sun-moon", "url": "https://pokeapi.co/api/v2/version-group/17/"}}, {"flavor_text": "\u3042\u3044\u3066\u304b\u3089\u3000\u308f\u3056\u3092\u3000\u3046\u3051\u3066\u3044\u308b\u3068\n\u305d\u306e\u3000\u3042\u3044\u3066\u306b\u3000\u305f\u3044\u3057\u3066\n\u308f\u3056\u306e\u3000\u3044\u308a\u3087\u304f\u304c\u3000\uff12\u3070\u3044\u306b\u3000\u306a\u308b\u3002", "language": {"name": "ja-Hrkt", "url": "https://pokeapi.co/api/v2/language/1/"}, "version_group": {"name": "ultra-sun-ultra-moon", "url": "https://pokeapi.co/api/v2/version-group/18/"}}, {"flavor_text": "\uc0c1\ub300\ub85c\ubd80\ud130 \uae30\uc220\uc744 \ubc1b\uc73c\uba74\n\uadf8 \uc0c1\ub300\uc5d0 \ub300\ud574\uc11c\n\uae30\uc220\uc758 \uc704\ub825\uc774 2\ubc30\uac00 \ub41c\ub2e4.", "language": {"name": "ko", "url": "https://pokeapi.co/api/v2/language/3/"}, "version_group": {"name": "ultra-sun-ultra-moon", "url": "https://pokeapi.co/api/v2/version-group/18/"}}, {"flavor_text": "\u5982\u679c\u53d7\u5230\u5c0d\u624b\u7684\u62db\u5f0f\u653b\u64ca\uff0c\n\u7d66\u4e88\u8a72\u5c0d\u624b\u7684\u62db\u5f0f\u5a01\u529b\u5c31\u6703\u8b8a\u6210\uff12\u500d\u3002", "language": {"name": "zh-Hant", "url": "https://pokeapi.co/api/v2/language/4/"}, "version_group": {"name": "ultra-sun-ultra-moon", "url": "https://pokeapi.co/api/v2/version-group/18/"}}, {"flavor_text": "Une attaque deux fois plus puissante si le lanceur\na \u00e9t\u00e9 bless\u00e9 par l\u2019ennemi durant le tour.", "language": {"name": "fr", "url": "https://pokeapi.co/api/v2/language/5/"}, "version_group": {"name": "ultra-sun-ultra-moon", "url": "https://pokeapi.co/api/v2/version-group/18/"}}, {"flavor_text": "Wurde der Anwender in dieser Runde vom Ziel\ngetroffen, verdoppelt sich die St\u00e4rke der Attacke\nbei Angriffen auf dieses Ziel.", "language": {"name": "de", "url": "https://pokeapi.co/api/v2/language/6/"}, "version_group": {"name": "ultra-sun-ultra-moon", "url": "https://pokeapi.co/api/v2/version-group/18/"}}, {"flavor_text": "Este ataque inflige el doble de da\u00f1o a un objetivo\nque haya golpeado al usuario en ese mismo turno. ", "language": {"name": "es", "url": "https://pokeapi.co/api/v2/language/7/"}, "version_group": {"name": "ultra-sun-ultra-moon", "url": "https://pokeapi.co/api/v2/version-group/18/"}}, {"flavor_text": "Mossa d\u2019attacco che infligge doppi danni se chi\nla usa \u00e8 stato ferito dal Pok\u00e9mon bersaglio nello\nstesso turno.", "language": {"name": "it", "url": "https://pokeapi.co/api/v2/language/8/"}, "version_group": {"name": "ultra-sun-ultra-moon", "url": "https://pokeapi.co/api/v2/version-group/18/"}}, {"flavor_text": "The power of this attack move is doubled if the user\nhas been hurt by the target in the same turn.", "language": {"name": "en", "url": "https://pokeapi.co/api/v2/language/9/"}, "version_group": {"name": "ultra-sun-ultra-moon", "url": "https://pokeapi.co/api/v2/version-group/18/"}}, {"flavor_text": "\u76f8\u624b\u304b\u3089\u3000\u6280\u3092\u3000\u53d7\u3051\u3066\u3044\u308b\u3068\n\u305d\u306e\u3000\u76f8\u624b\u306b\u3000\u5bfe\u3057\u3066\n\u6280\u306e\u3000\u5a01\u529b\u304c\u3000\uff12\u500d\u306b\u3000\u306a\u308b\u3002", "language": {"name": "ja", "url": "https://pokeapi.co/api/v2/language/11/"}, "version_group": {"name": "ultra-sun-ultra-moon", "url": "https://pokeapi.co/api/v2/version-group/18/"}}, {"flavor_text": "\u5982\u679c\u53d7\u5230\u5bf9\u624b\u7684\u62db\u5f0f\u653b\u51fb\uff0c\n\u5c31\u80fd\u7ed9\u4e88\u8be5\u5bf9\u624b\n\uff12\u500d\u5a01\u529b\u7684\u653b\u51fb\u3002", "language": {"name": "zh-Hans", "url": "https://pokeapi.co/api/v2/language/12/"}, "version_group": {"name": "ultra-sun-ultra-moon", "url": "https://pokeapi.co/api/v2/version-group/18/"}}, {"flavor_text": "\u3042\u3044\u3066\u304b\u3089\u3000\u308f\u3056\u3092\u3000\u3046\u3051\u3066\u3044\u308b\u3068\n\u305d\u306e\u3000\u3042\u3044\u3066\u306b\u3000\u305f\u3044\u3057\u3066\n\u308f\u3056\u306e\u3000\u3044\u308a\u3087\u304f\u304c\u3000\uff12\u3070\u3044\u306b\u3000\u306a\u308b\u3002", "language": {"name": "ja-Hrkt", "url": "https://pokeapi.co/api/v2/language/1/"}, "version_group": {"name": "lets-go-pikachu-lets-go-eevee", "url": "https://pokeapi.co/api/v2/version-group/19/"}}, {"flavor_text": "\uc0c1\ub300\ub85c\ubd80\ud130 \uae30\uc220\uc744 \ubc1b\uc73c\uba74\n\uadf8 \uc0c1\ub300\uc5d0 \ub300\ud574\uc11c\n\uae30\uc220\uc758 \uc704\ub825\uc774 2\ubc30\uac00 \ub41c\ub2e4.", "language": {"name": "ko", "url": "https://pokeapi.co/api/v2/language/3/"}, "version_group": {"name": "lets-go-pikachu-lets-go-eevee", "url": "https://pokeapi.co/api/v2/version-group/19/"}}, {"flavor_text": "\u5982\u679c\u53d7\u5230\u5c0d\u624b\u7684\u62db\u5f0f\u653b\u64ca\uff0c\n\u7d66\u4e88\u8a72\u5c0d\u624b\u7684\u62db\u5f0f\u5a01\u529b\u5c31\u6703\u8b8a\u6210\uff12\u500d\u3002", "language": {"name": "zh-Hant", "url": "https://pokeapi.co/api/v2/language/4/"}, "version_group": {"name": "lets-go-pikachu-lets-go-eevee", "url": "https://pokeapi.co/api/v2/version-group/19/"}}, {"flavor_text": "Une attaque deux fois plus puissante si le lanceur\na \u00e9t\u00e9 bless\u00e9 par l\u2019ennemi durant le tour.", "language": {"name": "fr", "url": "https://pokeapi.co/api/v2/language/5/"}, "version_group": {"name": "lets-go-pikachu-lets-go-eevee", "url": "https://pokeapi.co/api/v2/version-group/19/"}}, {"flavor_text": "Wurde der Anwender in dieser Runde vom Ziel\ngetroffen, verdoppelt sich die St\u00e4rke der Attacke\nbei Angriffen auf dieses Ziel.", "language": {"name": "de", "url": "https://pokeapi.co/api/v2/language/6/"}, "version_group": {"name": "lets-go-pikachu-lets-go-eevee", "url": "https://pokeapi.co/api/v2/version-group/19/"}}, {"flavor_text": "Este ataque inflige el doble de da\u00f1o a un objetivo\nque haya golpeado al usuario en ese mismo turno. ", "language": {"name": "es", "url": "https://pokeapi.co/api/v2/language/7/"}, "version_group": {"name": "lets-go-pikachu-lets-go-eevee", "url": "https://pokeapi.co/api/v2/version-group/19/"}}, {"flavor_text": "Mossa d\u2019attacco che infligge doppi danni se chi\nla usa \u00e8 stato ferito dal Pok\u00e9mon bersaglio nello\nstesso turno.", "language": {"name": "it", "url": "https://pokeapi.co/api/v2/language/8/"}, "version_group": {"name": "lets-go-pikachu-lets-go-eevee", "url": "https://pokeapi.co/api/v2/version-group/19/"}}, {"flavor_text": "The power of this attack move is doubled if the user\nhas been hurt by the target in the same turn.", "language": {"name": "en", "url": "https://pokeapi.co/api/v2/language/9/"}, "version_group": {"name": "lets-go-pikachu-lets-go-eevee", "url": "https://pokeapi.co/api/v2/version-group/19/"}}, {"flavor_text": "\u76f8\u624b\u304b\u3089\u3000\u6280\u3092\u3000\u53d7\u3051\u3066\u3044\u308b\u3068\n\u305d\u306e\u3000\u76f8\u624b\u306b\u3000\u5bfe\u3057\u3066\n\u6280\u306e\u3000\u5a01\u529b\u304c\u3000\uff12\u500d\u306b\u3000\u306a\u308b\u3002", "language": {"name": "ja", "url": "https://pokeapi.co/api/v2/language/11/"}, "version_group": {"name": "lets-go-pikachu-lets-go-eevee", "url": "https://pokeapi.co/api/v2/version-group/19/"}}, {"flavor_text": "\u5982\u679c\u53d7\u5230\u5bf9\u624b\u7684\u62db\u5f0f\u653b\u51fb\uff0c\n\u5c31\u80fd\u7ed9\u4e88\u8be5\u5bf9\u624b\n\uff12\u500d\u5a01\u529b\u7684\u653b\u51fb\u3002", "language": {"name": "zh-Hans", "url": "https://pokeapi.co/api/v2/language/12/"}, "version_group": {"name": "lets-go-pikachu-lets-go-eevee", "url": "https://pokeapi.co/api/v2/version-group/19/"}}, {"flavor_text": "\u3042\u3044\u3066\u304b\u3089\u3000\u308f\u3056\u3092\u3000\u3046\u3051\u3066\u3044\u308b\u3068\n\u305d\u306e\u3000\u3042\u3044\u3066\u306b\u3000\u305f\u3044\u3057\u3066\n\u308f\u3056\u306e\u3000\u3044\u308a\u3087\u304f\u304c\u3000\uff12\u3070\u3044\u306b\u3000\u306a\u308b\u3002", "language": {"name": "ja-Hrkt", "url": "https://pokeapi.co/api/v2/language/1/"}, "version_group": {"name": "sword-shield", "url": "https://pokeapi.co/api/v2/version-group/20/"}}, {"flavor_text": "\uc0c1\ub300\ub85c\ubd80\ud130 \uae30\uc220\uc744 \ubc1b\uc73c\uba74\n\uadf8 \uc0c1\ub300\uc5d0 \ub300\ud574\uc11c\n\uae30\uc220\uc758 \uc704\ub825\uc774 2\ubc30\uac00 \ub41c\ub2e4.", "language": {"name": "ko", "url": "https://pokeapi.co/api/v2/language/3/"}, "version_group": {"name": "sword-shield", "url": "https://pokeapi.co/api/v2/version-group/20/"}}, {"flavor_text": "\u5982\u679c\u53d7\u5230\u5c0d\u624b\u7684\u62db\u5f0f\u653b\u64ca\uff0c\n\u7d66\u4e88\u8a72\u5c0d\u624b\u7684\u62db\u5f0f\u5a01\u529b\u5c31\u6703\u8b8a\u6210\uff12\u500d\u3002", "language": {"name": "zh-Hant", "url": "https://pokeapi.co/api/v2/language/4/"}, "version_group": {"name": "sword-shield", "url": "https://pokeapi.co/api/v2/version-group/20/"}}, {"flavor_text": "Une attaque deux fois plus puissante si le lanceur\na \u00e9t\u00e9 bless\u00e9 par l\u2019ennemi durant le tour.", "language": {"name": "fr", "url": "https://pokeapi.co/api/v2/language/5/"}, "version_group": {"name": "sword-shield", "url": "https://pokeapi.co/api/v2/version-group/20/"}}, {"flavor_text": "Wurde der Anwender in dieser Runde vom Ziel\ngetroffen, verdoppelt sich die St\u00e4rke der Attacke\nbei Angriffen auf dieses Ziel.", "language": {"name": "de", "url": "https://pokeapi.co/api/v2/language/6/"}, "version_group": {"name": "sword-shield", "url": "https://pokeapi.co/api/v2/version-group/20/"}}, {"flavor_text": "Este ataque inflige el doble de da\u00f1o a un objetivo que\nhaya golpeado al usuario en ese mismo turno.", "language": {"name": "es", "url": "https://pokeapi.co/api/v2/language/7/"}, "version_group": {"name": "sword-shield", "url": "https://pokeapi.co/api/v2/version-group/20/"}}, {"flavor_text": "Mossa d\u2019attacco che infligge doppi danni se chi la usa\n\u00e8 stato ferito dal Pok\u00e9mon bersaglio nello stesso turno.", "language": {"name": "it", "url": "https://pokeapi.co/api/v2/language/8/"}, "version_group": {"name": "sword-shield", "url": "https://pokeapi.co/api/v2/version-group/20/"}}, {"flavor_text": "The power of this attack move is doubled if the user\nhas been hurt by the target in the same turn.", "language": {"name": "en", "url": "https://pokeapi.co/api/v2/language/9/"}, "version_group": {"name": "sword-shield", "url": "https://pokeapi.co/api/v2/version-group/20/"}}, {"flavor_text": "\u76f8\u624b\u304b\u3089\u3000\u6280\u3092\u3000\u53d7\u3051\u3066\u3044\u308b\u3068\n\u305d\u306e\u3000\u76f8\u624b\u306b\u3000\u5bfe\u3057\u3066\n\u6280\u306e\u3000\u5a01\u529b\u304c\u3000\uff12\u500d\u306b\u3000\u306a\u308b\u3002", "language": {"name": "ja", "url": "https://pokeapi.co/api/v2/language/11/"}, "version_group": {"name": "sword-shield", "url": "https://pokeapi.co/api/v2/version-group/20/"}}, {"flavor_text": "\u5982\u679c\u53d7\u5230\u5bf9\u624b\u7684\u62db\u5f0f\u653b\u51fb\uff0c\n\u5c31\u80fd\u7ed9\u4e88\u8be5\u5bf9\u624b\n\uff12\u500d\u5a01\u529b\u7684\u653b\u51fb\u3002", "language": {"name": "zh-Hans", "url": "https://pokeapi.co/api/v2/language/12/"}, "version_group": {"name": "sword-shield", "url": "https://pokeapi.co/api/v2/version-group/20/"}}, {"flavor_text": "The power of this attack move is doubled if the user has been hurt by the target in the same turn.", "language": {"name": "en", "url": "https://pokeapi.co/api/v2/language/9/"}, "version_group": {"name": "legends-arceus", "url": "https://pokeapi.co/api/v2/version-group/24/"}}, {"flavor_text": "This move's power is doubled if the target has inflicted damage on the user in the same turn.", "language": {"name": "en", "url": "https://pokeapi.co/api/v2/language/9/"}, "version_group": {"name": "scarlet-violet", "url": "https://pokeapi.co/api/v2/version-group/25/"}}], "generation": {"name": "generation-iv", "url": "https://pokeapi.co/api/v2/generation/4/"}, "id": 419, "learned_by_pokemon": [{"name": "blastoise", "url": "https://pokeapi.co/api/v2/pokemon/9/"}, {"name": "nidoqueen", "url": "https://pokeapi.co/api/v2/pokemon/31/"}, {"name": "nidoking", "url": "https://pokeapi.co/api/v2/pokemon/34/"}, {"name": "slowpoke", "url": "https://pokeapi.co/api/v2/pokemon/79/"}, {"name": "slowbro", "url": "https://pokeapi.co/api/v2/pokemon/80/"}, {"name": "seel", "url": "https://pokeapi.co/api/v2/pokemon/86/"}, {"name": "dewgong", "url": "https://pokeapi.co/api/v2/pokemon/87/"}, {"name": "shellder", "url": "https://pokeapi.co/api/v2/pokemon/90/"}, {"name": "cloyster", "url": "https://pokeapi.co/api/v2/pokemon/91/"}, {"name": "rhydon", "url": "https://pokeapi.co/api/v2/pokemon/112/"}, {"name": "kangaskhan", "url": "https://pokeapi.co/api/v2/pokemon/115/"}, {"name": "starmie", "url": "https://pokeapi.co/api/v2/pokemon/121/"}, {"name": "jynx", "url": "https://pokeapi.co/api/v2/pokemon/124/"}, {"name": "gyarados", "url": "https://pokeapi.co/api/v2/pokemon/130/"}, {"name": "lapras", "url": "https://pokeapi.co/api/v2/pokemon/131/"}, {"name": "articuno", "url": "https://pokeapi.co/api/v2/pokemon/144/"}, {"name": "mewtwo", "url": "https://pokeapi.co/api/v2/pokemon/150/"}, {"name": "mew", "url": "https://pokeapi.co/api/v2/pokemon/151/"}, {"name": "feraligatr", "url": "https://pokeapi.co/api/v2/pokemon/160/"}, {"name": "wooper", "url": "https://pokeapi.co/api/v2/pokemon/194/"}, {"name": "quagsire", "url": "https://pokeapi.co/api/v2/pokemon/195/"}, {"name": "slowking", "url": "https://pokeapi.co/api/v2/pokemon/199/"}, {"name": "sneasel", "url": "https://pokeapi.co/api/v2/pokemon/215/"}, {"name": "teddiursa", "url": "https://pokeapi.co/api/v2/pokemon/216/"}, {"name": "ursaring", "url": "https://pokeapi.co/api/v2/pokemon/217/"}, {"name": "swinub", "url": "https://pokeapi.co/api/v2/pokemon/220/"}, {"name": "piloswine", "url": "https://pokeapi.co/api/v2/pokemon/221/"}, {"name": "delibird", "url": "https://pokeapi.co/api/v2/pokemon/225/"}, {"name": "smoochum", "url": "https://pokeapi.co/api/v2/pokemon/238/"}, {"name": "blissey", "url": "https://pokeapi.co/api/v2/pokemon/242/"}, {"name": "suicune", "url": "https://pokeapi.co/api/v2/pokemon/245/"}, {"name": "tyranitar", "url": "https://pokeapi.co/api/v2/pokemon/248/"}, {"name": "lugia", "url": "https://pokeapi.co/api/v2/pokemon/249/"}, {"name": "mudkip", "url": "https://pokeapi.co/api/v2/pokemon/258/"}, {"name": "marshtomp", "url": "https://pokeapi.co/api/v2/pokemon/259/"}, {"name": "swampert", "url": "https://pokeapi.co/api/v2/pokemon/260/"}, {"name": "exploud", "url": "https://pokeapi.co/api/v2/pokemon/295/"}, {"name": "aggron", "url": "https://pokeapi.co/api/v2/pokemon/306/"}, {"name": "sharpedo", "url": "https://pokeapi.co/api/v2/pokemon/319/"}, {"name": "wailmer", "url": "https://pokeapi.co/api/v2/pokemon/320/"}, {"name": "wailord", "url": "https://pokeapi.co/api/v2/pokemon/321/"}, {"name": "crawdaunt", "url": "https://pokeapi.co/api/v2/pokemon/342/"}, {"name": "milotic", "url": "https://pokeapi.co/api/v2/pokemon/350/"}, {"name": "castform", "url": "https://pokeapi.co/api/v2/pokemon/351/"}, {"name": "snorunt", "url": "https://pokeapi.co/api/v2/pokemon/361/"}, {"name": "glalie", "url": "https://pokeapi.co/api/v2/pokemon/362/"}, {"name": "walrein", "url": "https://pokeapi.co/api/v2/pokemon/365/"}, {"name": "regice", "url": "https://pokeapi.co/api/v2/pokemon/378/"}, {"name": "kyogre", "url": "https://pokeapi.co/api/v2/pokemon/382/"}, {"name": "rayquaza", "url": "https://pokeapi.co/api/v2/pokemon/384/"}, {"name": "deoxys-normal", "url": "https://pokeapi.co/api/v2/pokemon/386/"}, {"name": "empoleon", "url": "https://pokeapi.co/api/v2/pokemon/395/"}, {"name": "rampardos", "url": "https://pokeapi.co/api/v2/pokemon/409/"}, {"name": "bastiodon", "url": "https://pokeapi.co/api/v2/pokemon/411/"}, {"name": "snover", "url": "https://pokeapi.co/api/v2/pokemon/459/"}, {"name": "abomasnow", "url": "https://pokeapi.co/api/v2/pokemon/460/"}, {"name": "weavile", "url": "https://pokeapi.co/api/v2/pokemon/461/"}, {"name": "rhyperior", "url": "https://pokeapi.co/api/v2/pokemon/464/"}, {"name": "glaceon", "url": "https://pokeapi.co/api/v2/pokemon/471/"}, {"name": "mamoswine", "url": "https://pokeapi.co/api/v2/pokemon/473/"}, {"name": "froslass", "url": "https://pokeapi.co/api/v2/pokemon/478/"}, {"name": "palkia", "url": "https://pokeapi.co/api/v2/pokemon/484/"}, {"name": "regigigas", "url": "https://pokeapi.co/api/v2/pokemon/486/"}, {"name": "arceus", "url": "https://pokeapi.co/api/v2/pokemon/493/"}, {"name": "oshawott", "url": "https://pokeapi.co/api/v2/pokemon/501/"}, {"name": "dewott", "url": "https://pokeapi.co/api/v2/pokemon/502/"}, {"name": "samurott", "url": "https://pokeapi.co/api/v2/pokemon/503/"}, {"name": "vanillite", "url": "https://pokeapi.co/api/v2/pokemon/582/"}, {"name": "vanillish", "url": "https://pokeapi.co/api/v2/pokemon/583/"}, {"name": "vanilluxe", "url": "https://pokeapi.co/api/v2/pokemon/584/"}, {"name": "cubchoo", "url": "https://pokeapi.co/api/v2/pokemon/613/"}, {"name": "beartic", "url": "https://pokeapi.co/api/v2/pokemon/614/"}, {"name": "cryogonal", "url": "https://pokeapi.co/api/v2/pokemon/615/"}, {"name": "kyurem", "url": "https://pokeapi.co/api/v2/pokemon/646/"}, {"name": "amaura", "url": "https://pokeapi.co/api/v2/pokemon/698/"}, {"name": "aurorus", "url": "https://pokeapi.co/api/v2/pokemon/699/"}, {"name": "bergmite", "url": "https://pokeapi.co/api/v2/pokemon/712/"}, {"name": "avalugg", "url": "https://pokeapi.co/api/v2/pokemon/713/"}, {"name": "crabominable", "url": "https://pokeapi.co/api/v2/pokemon/740/"}, {"name": "mr-rime", "url": "https://pokeapi.co/api/v2/pokemon/866/"}, {"name": "frosmoth", "url": "https://pokeapi.co/api/v2/pokemon/873/"}, {"name": "eiscue-ice", "url": "https://pokeapi.co/api/v2/pokemon/875/"}, {"name": "arctozolt", "url": "https://pokeapi.co/api/v2/pokemon/881/"}, {"name": "arctovish", "url": "https://pokeapi.co/api/v2/pokemon/883/"}, {"name": "glastrier", "url": "https://pokeapi.co/api/v2/pokemon/896/"}, {"name": "ursaluna", "url": "https://pokeapi.co/api/v2/pokemon/901/"}, {"name": "garganacl", "url": "https://pokeapi.co/api/v2/pokemon/934/"}, {"name": "cetoddle", "url": "https://pokeapi.co/api/v2/pokemon/974/"}, {"name": "cetitan", "url": "https://pokeapi.co/api/v2/pokemon/975/"}, {"name": "dondozo", "url": "https://pokeapi.co/api/v2/pokemon/977/"}, {"name": "iron-bundle", "url": "https://pokeapi.co/api/v2/pokemon/991/"}, {"name": "frigibax", "url": "https://pokeapi.co/api/v2/pokemon/996/"}, {"name": "arctibax", "url": "https://pokeapi.co/api/v2/pokemon/997/"}, {"name": "baxcalibur", "url": "https://pokeapi.co/api/v2/pokemon/998/"}, {"name": "chien-pao", "url": "https://pokeapi.co/api/v2/pokemon/1002/"}, {"name": "deoxys-attack", "url": "https://pokeapi.co/api/v2/pokemon/10001/"}, {"name": "deoxys-defense", "url": "https://pokeapi.co/api/v2/pokemon/10002/"}, {"name": "deoxys-speed", "url": "https://pokeapi.co/api/v2/pokemon/10003/"}, {"name": "castform-sunny", "url": "https://pokeapi.co/api/v2/pokemon/10013/"}, {"name": "castform-rainy", "url": "https://pokeapi.co/api/v2/pokemon/10014/"}, {"name": "castform-snowy", "url": "https://pokeapi.co/api/v2/pokemon/10015/"}, {"name": "kyurem-black", "url": "https://pokeapi.co/api/v2/pokemon/10022/"}, {"name": "kyurem-white", "url": "https://pokeapi.co/api/v2/pokemon/10023/"}, {"name": "sandshrew-alola", "url": "https://pokeapi.co/api/v2/pokemon/10101/"}, {"name": "sandslash-alola", "url": "https://pokeapi.co/api/v2/pokemon/10102/"}, {"name": "ninetales-alola", "url": "https://pokeapi.co/api/v2/pokemon/10104/"}, {"name": "slowpoke-galar", "url": "https://pokeapi.co/api/v2/pokemon/10164/"}, {"name": "slowbro-galar", "url": "https://pokeapi.co/api/v2/pokemon/10165/"}, {"name": "mr-mime-galar", "url": "https://pokeapi.co/api/v2/pokemon/10168/"}, {"name": "slowking-galar", "url": "https://pokeapi.co/api/v2/pokemon/10172/"}, {"name": "darumaka-galar", "url": "https://pokeapi.co/api/v2/pokemon/10176/"}, {"name": "darmanitan-galar-standard", "url": "https://pokeapi.co/api/v2/pokemon/10177/"}, {"name": "darmanitan-galar-zen", "url": "https://pokeapi.co/api/v2/pokemon/10178/"}, {"name": "eiscue-noice", "url": "https://pokeapi.co/api/v2/pokemon/10185/"}, {"name": "calyrex-ice", "url": "https://pokeapi.co/api/v2/pokemon/10193/"}, {"name": "samurott-hisui", "url": "https://pokeapi.co/api/v2/pokemon/10236/"}, {"name": "avalugg-hisui", "url": "https://pokeapi.co/api/v2/pokemon/10243/"}, {"name": "palkia-origin", "url": "https://pokeapi.co/api/v2/pokemon/10246/"}, {"name": "ursaluna-bloodmoon", "url": "https://pokeapi.co/api/v2/pokemon/10272/"}], "machines": [{"machine": {"url": "https://pokeapi.co/api/v2/machine/1151/"}, "version_group": {"name": "sword-shield", "url": "https://pokeapi.co/api/v2/version-group/20/"}}, {"machine": {"url": "https://pokeapi.co/api/v2/machine/1222/"}, "version_group": {"name": "diamond-pearl", "url": "https://pokeapi.co/api/v2/version-group/8/"}}, {"machine": {"url": "https://pokeapi.co/api/v2/machine/1223/"}, "version_group": {"name": "platinum", "url": "https://pokeapi.co/api/v2/version-group/9/"}}, {"machine": {"url": "https://pokeapi.co/api/v2/machine/1224/"}, "version_group": {"name": "heartgold-soulsilver", "url": "https://pokeapi.co/api/v2/version-group/10/"}}, {"machine": {"url": "https://pokeapi.co/api/v2/machine/1751/"}, "version_group": {"name": "scarlet-violet", "url": "https://pokeapi.co/api/v2/version-group/25/"}}], "meta": {"ailment": {"name": "none", "url": "https://pokeapi.co/api/v2/move-ailment/0/"}, "ailment_chance": 0, "category": {"name": "damage", "url": "https://pokeapi.co/api/v2/move-category/0/"}, "crit_rate": 0, "drain": 0, "flinch_chance": 0, "healing": 0, "max_hits": null, "max_turns": null, "min_hits": null, "min_turns": null, "stat_chance": 0}, "name": "avalanche", "names": [{"language": {"name": "ja-Hrkt", "url": "https://pokeapi.co/api/v2/language/1/"}, "name": "\u3086\u304d\u306a\u3060\u308c"}, {"language": {"name": "ko", "url": "https://pokeapi.co/api/v2/language/3/"}, "name": "\ub208\uc0ac\ud0dc"}, {"language": {"name": "zh-Hant", "url": "https://pokeapi.co/api/v2/language/4/"}, "name": "\u96ea\u5d29"}, {"language": {"name": "fr", "url": "https://pokeapi.co/api/v2/language/5/"}, "name": "Avalanche"}, {"language": {"name": "de", "url": "https://pokeapi.co/api/v2/language/6/"}, "name": "Lawine"}, {"language": {"name": "es", "url": "https://pokeapi.co/api/v2/language/7/"}, "name": "Alud"}, {"language": {"name": "it", "url": "https://pokeapi.co/api/v2/language/8/"}, "name": "Slavina"}, {"language": {"name": "en", "url": "https://pokeapi.co/api/v2/language/9/"}, "name": "Avalanche"}, {"language": {"name": "ja", "url": "https://pokeapi.co/api/v2/language/11/"}, "name": "\u3086\u304d\u306a\u3060\u308c"}, {"language": {"name": "zh-Hans", "url": "https://pokeapi.co/api/v2/language/12/"}, "name": "\u96ea\u5d29"}], "past_values": [], "power": 60, "pp": 10, "priority": -4, "stat_changes": [], "super_contest_effect": {"url": "https://pokeapi.co/api/v2/super-contest-effect/15/"}, "target": {"name": "selected-pokemon", "url": "https://pokeapi.co/api/v2/move-target/10/"}, "type": {"name": "ice", "url": "https://pokeapi.co/api/v2/type/15/"}}