{"accuracy": null, "contest_combos": null, "contest_effect": null, "contest_type": null, "damage_class": {"name": "status", "url": "https://pokeapi.co/api/v2/move-damage-class/1/"}, "effect_chance": null, "effect_changes": [], "effect_entries": [{"effect": "Blocks damaging attacks and lowers attacking Pok\u00e9mon\u2019s Attack by two stages on contact.  Switches Aegislash to Shield Forme.", "language": {"name": "en", "url": "https://pokeapi.co/api/v2/language/9/"}, "short_effect": "Blocks damaging attacks and lowers attacking Pok\u00e9mon\u2019s Attack by two stages on contact.  Switches Aegislash to Shield Forme."}], "flavor_text_entries": [{"flavor_text": "\u3042\u3044\u3066\u306e\u3000\u3053\u3046\u3052\u304d\u3092\u3000\u3075\u305b\u3050\u3068\u3000\u3069\u3046\u3058\u306b\n\u307c\u3046\u304e\u3087\u305f\u3044\u305b\u3044\u306b\u306a\u308b\u3002\u3000\u3075\u308c\u305f\n\u3042\u3044\u3066\u306e\u3000\u3053\u3046\u3052\u304d\u3092\u3000\u304c\u304f\u3063\u3068\u3000\u3055\u3052\u308b\u3002", "language": {"name": "ja-Hrkt", "url": "https://pokeapi.co/api/v2/language/1/"}, "version_group": {"name": "x-y", "url": "https://pokeapi.co/api/v2/version-group/15/"}}, {"flavor_text": "\uc0c1\ub300\uc758 \uacf5\uaca9\uc744 \ub9c9\uc74c\uacfc \ub3d9\uc2dc\uc5d0\n\ubc29\uc5b4 \ud0dc\uc138\ub97c \uac16\ucd98\ub2e4. \uc811\ucd09\ud55c\n\uc0c1\ub300\uc758 \uacf5\uaca9\uc744 \ud06c\uac8c \ub5a8\uc5b4\ub728\ub9b0\ub2e4.", "language": {"name": "ko", "url": "https://pokeapi.co/api/v2/language/3/"}, "version_group": {"name": "x-y", "url": "https://pokeapi.co/api/v2/version-group/15/"}}, {"flavor_text": "Prend une posture d\u00e9fensive pour bloquer les\nd\u00e9g\u00e2ts. Diminue fortement l\u2019Attaque de tout\nPok\u00e9mon qui entre en contact avec le lanceur.", "language": {"name": "fr", "url": "https://pokeapi.co/api/v2/language/5/"}, "version_group": {"name": "x-y", "url": "https://pokeapi.co/api/v2/version-group/15/"}}, {"flavor_text": "Der Anwender weicht dem gegnerischen Angriff\naus und geht in die Defensive. Ber\u00fchrt ihn nun ein\nPok\u00e9mon, sinkt der Angriffs-Wert dieses Gegners.", "language": {"name": "de", "url": "https://pokeapi.co/api/v2/language/6/"}, "version_group": {"name": "x-y", "url": "https://pokeapi.co/api/v2/version-group/15/"}}, {"flavor_text": "Asume una estrategia defensiva a la par que\nse protege de cualquier da\u00f1o. Disminuye mucho\nel Ataque de cualquier Pok\u00e9mon que lo toque.", "language": {"name": "es", "url": "https://pokeapi.co/api/v2/language/7/"}, "version_group": {"name": "x-y", "url": "https://pokeapi.co/api/v2/version-group/15/"}}, {"flavor_text": "Chi la usa si protegge, assumendo una posizione\ndi difesa e riducendo di molto l\u2019Attacco di nemici o\nalleati con cui entra in contatto.", "language": {"name": "it", "url": "https://pokeapi.co/api/v2/language/8/"}, "version_group": {"name": "x-y", "url": "https://pokeapi.co/api/v2/version-group/15/"}}, {"flavor_text": "The user takes a defensive stance while it protects\nitself from damage. It also harshly lowers the Attack\nstat of any attacker who makes direct contact.", "language": {"name": "en", "url": "https://pokeapi.co/api/v2/language/9/"}, "version_group": {"name": "x-y", "url": "https://pokeapi.co/api/v2/version-group/15/"}}, {"flavor_text": "\u76f8\u624b\u306e\u3000\u653b\u6483\u3092\u3000\u9632\u3050\u3068\u3000\u540c\u6642\u306b\n\u9632\u5fa1\u614b\u52e2\u306b\u306a\u308b\u3002\u3000\u89e6\u308c\u305f\n\u76f8\u624b\u306e\u3000\u653b\u6483\u3092\u3000\u304c\u304f\u3063\u3068\u3000\u3055\u3052\u308b\u3002", "language": {"name": "ja", "url": "https://pokeapi.co/api/v2/language/11/"}, "version_group": {"name": "x-y", "url": "https://pokeapi.co/api/v2/version-group/15/"}}, {"flavor_text": "\u3042\u3044\u3066\u306e\u3000\u3053\u3046\u3052\u304d\u3092\u3000\u3075\u305b\u3050\u3068\u3000\u3069\u3046\u3058\u306b\n\u307c\u3046\u304e\u3087\u305f\u3044\u305b\u3044\u306b\u306a\u308b\u3002\u3000\u3075\u308c\u305f\n\u3042\u3044\u3066\u306e\u3000\u3053\u3046\u3052\u304d\u3092\u3000\u304c\u304f\u3063\u3068\u3000\u3055\u3052\u308b\u3002", "language": {"name": "ja-Hrkt", "url": "https://pokeapi.co/api/v2/language/1/"}, "version_group": {"name": "omega-ruby-alpha-sapphire", "url": "https://pokeapi.co/api/v2/version-group/16/"}}, {"flavor_text": "\uc0c1\ub300\uc758 \uacf5\uaca9\uc744 \ub9c9\uc74c\uacfc \ub3d9\uc2dc\uc5d0\n\ubc29\uc5b4 \ud0dc\uc138\ub97c \uac16\ucd98\ub2e4. \uc811\ucd09\ud55c\n\uc0c1\ub300\uc758 \uacf5\uaca9\uc744 \ud06c\uac8c \ub5a8\uc5b4\ub728\ub9b0\ub2e4.", "language": {"name": "ko", "url": "https://pokeapi.co/api/v2/language/3/"}, "version_group": {"name": "omega-ruby-alpha-sapphire", "url": "https://pokeapi.co/api/v2/version-group/16/"}}, {"flavor_text": "Prend une posture d\u00e9fensive pour bloquer les\nd\u00e9g\u00e2ts. Diminue fortement l\u2019Attaque de tout\nPok\u00e9mon qui entre en contact avec le lanceur.", "language": {"name": "fr", "url": "https://pokeapi.co/api/v2/language/5/"}, "version_group": {"name": "omega-ruby-alpha-sapphire", "url": "https://pokeapi.co/api/v2/version-group/16/"}}, {"flavor_text": "Der Anwender geht in die Defensive und wird\nvor Angriffen gesch\u00fctzt. Ber\u00fchrt ihn nun ein\nPok\u00e9mon, sinkt dessen Angriffs-Wert stark.", "language": {"name": "de", "url": "https://pokeapi.co/api/v2/language/6/"}, "version_group": {"name": "omega-ruby-alpha-sapphire", "url": "https://pokeapi.co/api/v2/version-group/16/"}}, {"flavor_text": "Asume una estrategia defensiva a la par que se \nprotege de cualquier da\u00f1o. Disminuye mucho \nel Ataque de cualquier Pok\u00e9mon que lo toque.", "language": {"name": "es", "url": "https://pokeapi.co/api/v2/language/7/"}, "version_group": {"name": "omega-ruby-alpha-sapphire", "url": "https://pokeapi.co/api/v2/version-group/16/"}}, {"flavor_text": "Chi la usa si protegge, assumendo una posizione\ndi difesa e riducendo di molto l\u2019Attacco di nemici\no alleati con cui entra in contatto.", "language": {"name": "it", "url": "https://pokeapi.co/api/v2/language/8/"}, "version_group": {"name": "omega-ruby-alpha-sapphire", "url": "https://pokeapi.co/api/v2/version-group/16/"}}, {"flavor_text": "The user takes a defensive stance while it protects\nitself from damage. It also harshly lowers the Attack\nstat of any attacker who makes direct contact.", "language": {"name": "en", "url": "https://pokeapi.co/api/v2/language/9/"}, "version_group": {"name": "omega-ruby-alpha-sapphire", "url": "https://pokeapi.co/api/v2/version-group/16/"}}, {"flavor_text": "\u76f8\u624b\u306e\u3000\u653b\u6483\u3092\u3000\u9632\u3050\u3068\u3000\u540c\u6642\u306b\n\u9632\u5fa1\u614b\u52e2\u306b\u306a\u308b\u3002\u3000\u89e6\u308c\u305f\n\u76f8\u624b\u306e\u3000\u653b\u6483\u3092\u3000\u304c\u304f\u3063\u3068\u3000\u3055\u3052\u308b\u3002", "language": {"name": "ja", "url": "https://pokeapi.co/api/v2/language/11/"}, "version_group": {"name": "omega-ruby-alpha-sapphire", "url": "https://pokeapi.co/api/v2/version-group/16/"}}, {"flavor_text": "\u3042\u3044\u3066\u306e\u3000\u3053\u3046\u3052\u304d\u3092\u3000\u3075\u305b\u3050\u3068\u3000\u3069\u3046\u3058\u306b\n\u307c\u3046\u304e\u3087\u305f\u3044\u305b\u3044\u306b\u306a\u308b\u3002\u3000\u3075\u308c\u305f\n\u3042\u3044\u3066\u306e\u3000\u3053\u3046\u3052\u304d\u3092\u3000\u304c\u304f\u3063\u3068\u3000\u3055\u3052\u308b\u3002", "language": {"name": "ja-Hrkt", "url": "https://pokeapi.co/api/v2/language/1/"}, "version_group": {"name": "sun-moon", "url": "https://pokeapi.co/api/v2/version-group/17/"}}, {"flavor_text": "\uc0c1\ub300\uc758 \uacf5\uaca9\uc744 \ub9c9\uc74c\uacfc \ub3d9\uc2dc\uc5d0\n\ubc29\uc5b4 \ud0dc\uc138\ub97c \uac16\ucd98\ub2e4. \uc811\ucd09\ud55c\n\uc0c1\ub300\uc758 \uacf5\uaca9\uc744 \ud06c\uac8c \ub5a8\uc5b4\ub728\ub9b0\ub2e4.", "language": {"name": "ko", "url": "https://pokeapi.co/api/v2/language/3/"}, "version_group": {"name": "sun-moon", "url": "https://pokeapi.co/api/v2/version-group/17/"}}, {"flavor_text": "\u9632\u79a6\u4f86\u81ea\u5c0d\u624b\u7684\u653b\u64ca\uff0c\n\u540c\u6642\u8b93\u81ea\u5df1\u8b8a\u5f62\u6210\u76fe\u724c\u578b\u614b\u3002\n\u8b93\u63a5\u89f8\u5230\u81ea\u5df1\u7684\u5c0d\u624b\u653b\u64ca\u5927\u5e45\u964d\u4f4e\u3002", "language": {"name": "zh-Hant", "url": "https://pokeapi.co/api/v2/language/4/"}, "version_group": {"name": "sun-moon", "url": "https://pokeapi.co/api/v2/version-group/17/"}}, {"flavor_text": "Prend une posture d\u00e9fensive pour bloquer les\nd\u00e9g\u00e2ts. Diminue beaucoup l\u2019Attaque de tout\nPok\u00e9mon qui entre en contact avec le lanceur.", "language": {"name": "fr", "url": "https://pokeapi.co/api/v2/language/5/"}, "version_group": {"name": "sun-moon", "url": "https://pokeapi.co/api/v2/version-group/17/"}}, {"flavor_text": "Der Anwender geht in die Defensive und wird vor\nAngriffen gesch\u00fctzt. Ber\u00fchrt ihn nun ein Pok\u00e9mon,\nsinkt dessen Angriffs-Wert stark.", "language": {"name": "de", "url": "https://pokeapi.co/api/v2/language/6/"}, "version_group": {"name": "sun-moon", "url": "https://pokeapi.co/api/v2/version-group/17/"}}, {"flavor_text": "El usuario adopta una postura defensiva y se\nprotege de cualquier da\u00f1o. Reduce mucho el Ataque\nde cualquier Pok\u00e9mon con el que entre en contacto.", "language": {"name": "es", "url": "https://pokeapi.co/api/v2/language/7/"}, "version_group": {"name": "sun-moon", "url": "https://pokeapi.co/api/v2/version-group/17/"}}, {"flavor_text": "Chi la usa si protegge, assumendo una posizione\ndi difesa e riducendo di molto l\u2019Attacco di nemici\no alleati con cui entra in contatto.", "language": {"name": "it", "url": "https://pokeapi.co/api/v2/language/8/"}, "version_group": {"name": "sun-moon", "url": "https://pokeapi.co/api/v2/version-group/17/"}}, {"flavor_text": "The user takes a defensive stance while it protects\nitself from damage. It also harshly lowers the Attack\nstat of any attacker who makes direct contact.", "language": {"name": "en", "url": "https://pokeapi.co/api/v2/language/9/"}, "version_group": {"name": "sun-moon", "url": "https://pokeapi.co/api/v2/version-group/17/"}}, {"flavor_text": "\u76f8\u624b\u306e\u3000\u653b\u6483\u3092\u3000\u9632\u3050\u3068\u3000\u540c\u6642\u306b\n\u9632\u5fa1\u614b\u52e2\u306b\u306a\u308b\u3002\u3000\u89e6\u308c\u305f\n\u76f8\u624b\u306e\u3000\u653b\u6483\u3092\u3000\u304c\u304f\u3063\u3068\u3000\u3055\u3052\u308b\u3002", "language": {"name": "ja", "url": "https://pokeapi.co/api/v2/language/11/"}, "version_group": {"name": "sun-moon", "url": "https://pokeapi.co/api/v2/version-group/17/"}}, {"flavor_text": "\u9632\u4f4f\u5bf9\u624b\u653b\u51fb\u7684\u540c\u65f6\uff0c\n\u81ea\u5df1\u53d8\u4e3a\u9632\u5fa1\u59ff\u6001\u3002\n\u5927\u5e45\u964d\u4f4e\u6240\u63a5\u89e6\u5230\u7684\u5bf9\u624b\u7684\u653b\u51fb\u3002", "language": {"name": "zh-Hans", "url": "https://pokeapi.co/api/v2/language/12/"}, "version_group": {"name": "sun-moon", "url": "https://pokeapi.co/api/v2/version-group/17/"}}, {"flavor_text": "\u3042\u3044\u3066\u306e\u3000\u3053\u3046\u3052\u304d\u3092\u3000\u3075\u305b\u3050\u3068\u3000\u3069\u3046\u3058\u306b\n\u307c\u3046\u304e\u3087\u305f\u3044\u305b\u3044\u306b\u306a\u308b\u3002\u3000\u3075\u308c\u305f\n\u3042\u3044\u3066\u306e\u3000\u3053\u3046\u3052\u304d\u3092\u3000\u304c\u304f\u3063\u3068\u3000\u3055\u3052\u308b\u3002", "language": {"name": "ja-Hrkt", "url": "https://pokeapi.co/api/v2/language/1/"}, "version_group": {"name": "ultra-sun-ultra-moon", "url": "https://pokeapi.co/api/v2/version-group/18/"}}, {"flavor_text": "\uc0c1\ub300\uc758 \uacf5\uaca9\uc744 \ub9c9\uc74c\uacfc \ub3d9\uc2dc\uc5d0\n\ubc29\uc5b4 \ud0dc\uc138\ub97c \uac16\ucd98\ub2e4. \uc811\ucd09\ud55c\n\uc0c1\ub300\uc758 \uacf5\uaca9\uc744 \ud06c\uac8c \ub5a8\uc5b4\ub728\ub9b0\ub2e4.", "language": {"name": "ko", "url": "https://pokeapi.co/api/v2/language/3/"}, "version_group": {"name": "ultra-sun-ultra-moon", "url": "https://pokeapi.co/api/v2/version-group/18/"}}, {"flavor_text": "\u9632\u79a6\u4f86\u81ea\u5c0d\u624b\u7684\u653b\u64ca\uff0c\n\u540c\u6642\u8b93\u81ea\u5df1\u8b8a\u5f62\u6210\u76fe\u724c\u578b\u614b\u3002\n\u8b93\u63a5\u89f8\u5230\u81ea\u5df1\u7684\u5c0d\u624b\u653b\u64ca\u5927\u5e45\u964d\u4f4e\u3002", "language": {"name": "zh-Hant", "url": "https://pokeapi.co/api/v2/language/4/"}, "version_group": {"name": "ultra-sun-ultra-moon", "url": "https://pokeapi.co/api/v2/version-group/18/"}}, {"flavor_text": "Prend une posture d\u00e9fensive pour bloquer les\nd\u00e9g\u00e2ts. Diminue beaucoup l\u2019Attaque de tout\nPok\u00e9mon qui entre en contact avec le lanceur.", "language": {"name": "fr", "url": "https://pokeapi.co/api/v2/language/5/"}, "version_group": {"name": "ultra-sun-ultra-moon", "url": "https://pokeapi.co/api/v2/version-group/18/"}}, {"flavor_text": "Der Anwender geht in die Defensive und wird vor\nAngriffen gesch\u00fctzt. Ber\u00fchrt ihn nun ein Pok\u00e9mon,\nsinkt dessen Angriffs-Wert stark.", "language": {"name": "de", "url": "https://pokeapi.co/api/v2/language/6/"}, "version_group": {"name": "ultra-sun-ultra-moon", "url": "https://pokeapi.co/api/v2/version-group/18/"}}, {"flavor_text": "El usuario adopta una postura defensiva y se\nprotege de cualquier da\u00f1o. Reduce mucho el Ataque\nde cualquier Pok\u00e9mon con el que entre en contacto.", "language": {"name": "es", "url": "https://pokeapi.co/api/v2/language/7/"}, "version_group": {"name": "ultra-sun-ultra-moon", "url": "https://pokeapi.co/api/v2/version-group/18/"}}, {"flavor_text": "Chi la usa si protegge, assumendo una posizione\ndi difesa e riducendo di molto l\u2019Attacco di nemici\no alleati con cui entra in contatto.", "language": {"name": "it", "url": "https://pokeapi.co/api/v2/language/8/"}, "version_group": {"name": "ultra-sun-ultra-moon", "url": "https://pokeapi.co/api/v2/version-group/18/"}}, {"flavor_text": "The user takes a defensive stance while it protects\nitself from damage. It also harshly lowers the Attack\nstat of any attacker who makes direct contact.", "language": {"name": "en", "url": "https://pokeapi.co/api/v2/language/9/"}, "version_group": {"name": "ultra-sun-ultra-moon", "url": "https://pokeapi.co/api/v2/version-group/18/"}}, {"flavor_text": "\u76f8\u624b\u306e\u3000\u653b\u6483\u3092\u3000\u9632\u3050\u3068\u3000\u540c\u6642\u306b\n\u9632\u5fa1\u614b\u52e2\u306b\u306a\u308b\u3002\u3000\u89e6\u308c\u305f\n\u76f8\u624b\u306e\u3000\u653b\u6483\u3092\u3000\u304c\u304f\u3063\u3068\u3000\u3055\u3052\u308b\u3002", "language": {"name": "ja", "url": "https://pokeapi.co/api/v2/language/11/"}, "version_group": {"name": "ultra-sun-ultra-moon", "url": "https://pokeapi.co/api/v2/version-group/18/"}}, {"flavor_text": "\u9632\u4f4f\u5bf9\u624b\u653b\u51fb\u7684\u540c\u65f6\uff0c\n\u81ea\u5df1\u53d8\u4e3a\u9632\u5fa1\u59ff\u6001\u3002\n\u5927\u5e45\u964d\u4f4e\u6240\u63a5\u89e6\u5230\u7684\u5bf9\u624b\u7684\u653b\u51fb\u3002", "language": {"name": "zh-Hans", "url": "https://pokeapi.co/api/v2/language/12/"}, "version_group": {"name": "ultra-sun-ultra-moon", "url": "https://pokeapi.co/api/v2/version-group/18/"}}, {"flavor_text": "\u3042\u3044\u3066\u306e\u3000\u3053\u3046\u3052\u304d\u3092\u3000\u3075\u305b\u3050\u3068\u3000\u3069\u3046\u3058\u306b\n\u307c\u3046\u304e\u3087\u305f\u3044\u305b\u3044\u306b\u306a\u308b\u3002\u3000\u3075\u308c\u305f\n\u3042\u3044\u3066\u306e\u3000\u3053\u3046\u3052\u304d\u3092\u3000\u304c\u304f\u3063\u3068\u3000\u3055\u3052\u308b\u3002", "language": {"name": "ja-Hrkt", "url": "https://pokeapi.co/api/v2/language/1/"}, "version_group": {"name": "lets-go-pikachu-lets-go-eevee", "url": "https://pokeapi.co/api/v2/version-group/19/"}}, {"flavor_text": "\uc0c1\ub300\uc758 \uacf5\uaca9\uc744 \ub9c9\uc74c\uacfc \ub3d9\uc2dc\uc5d0\n\ubc29\uc5b4 \ud0dc\uc138\ub97c \uac16\ucd98\ub2e4. \uc811\ucd09\ud55c\n\uc0c1\ub300\uc758 \uacf5\uaca9\uc744 \ud06c\uac8c \ub5a8\uc5b4\ub728\ub9b0\ub2e4.", "language": {"name": "ko", "url": "https://pokeapi.co/api/v2/language/3/"}, "version_group": {"name": "lets-go-pikachu-lets-go-eevee", "url": "https://pokeapi.co/api/v2/version-group/19/"}}, {"flavor_text": "\u9632\u79a6\u4f86\u81ea\u5c0d\u624b\u7684\u653b\u64ca\uff0c\n\u540c\u6642\u8b93\u81ea\u5df1\u8b8a\u5f62\u6210\u76fe\u724c\u578b\u614b\u3002\n\u8b93\u63a5\u89f8\u5230\u81ea\u5df1\u7684\u5c0d\u624b\u653b\u64ca\u5927\u5e45\u964d\u4f4e\u3002", "language": {"name": "zh-Hant", "url": "https://pokeapi.co/api/v2/language/4/"}, "version_group": {"name": "lets-go-pikachu-lets-go-eevee", "url": "https://pokeapi.co/api/v2/version-group/19/"}}, {"flavor_text": "Prend une posture d\u00e9fensive pour bloquer les d\u00e9g\u00e2ts.\nDiminue beaucoup l\u2019Attaque de tout Pok\u00e9mon qui entre\nen contact avec le lanceur.", "language": {"name": "fr", "url": "https://pokeapi.co/api/v2/language/5/"}, "version_group": {"name": "lets-go-pikachu-lets-go-eevee", "url": "https://pokeapi.co/api/v2/version-group/19/"}}, {"flavor_text": "Der Anwender geht in die Defensive und wird vor\nAngriffen gesch\u00fctzt. Ber\u00fchrt ihn nun ein Pok\u00e9mon,\nsinkt dessen Angriffs-Wert stark.", "language": {"name": "de", "url": "https://pokeapi.co/api/v2/language/6/"}, "version_group": {"name": "lets-go-pikachu-lets-go-eevee", "url": "https://pokeapi.co/api/v2/version-group/19/"}}, {"flavor_text": "El usuario adopta una postura defensiva y se\nprotege de cualquier da\u00f1o. Reduce mucho el Ataque\nde cualquier Pok\u00e9mon con el que entre en contacto.", "language": {"name": "es", "url": "https://pokeapi.co/api/v2/language/7/"}, "version_group": {"name": "lets-go-pikachu-lets-go-eevee", "url": "https://pokeapi.co/api/v2/version-group/19/"}}, {"flavor_text": "Chi la usa si protegge, assumendo una posizione\ndi difesa e riducendo di molto l\u2019Attacco di nemici\no alleati con cui entra in contatto.", "language": {"name": "it", "url": "https://pokeapi.co/api/v2/language/8/"}, "version_group": {"name": "lets-go-pikachu-lets-go-eevee", "url": "https://pokeapi.co/api/v2/version-group/19/"}}, {"flavor_text": "The user takes a defensive stance while it protects\nitself from damage. It also harshly lowers the Attack\nstat of any attacker who makes direct contact.", "language": {"name": "en", "url": "https://pokeapi.co/api/v2/language/9/"}, "version_group": {"name": "lets-go-pikachu-lets-go-eevee", "url": "https://pokeapi.co/api/v2/version-group/19/"}}, {"flavor_text": "\u76f8\u624b\u306e\u3000\u653b\u6483\u3092\u3000\u9632\u3050\u3068\u3000\u540c\u6642\u306b\n\u9632\u5fa1\u614b\u52e2\u306b\u306a\u308b\u3002\u3000\u89e6\u308c\u305f\n\u76f8\u624b\u306e\u3000\u653b\u6483\u3092\u3000\u304c\u304f\u3063\u3068\u3000\u3055\u3052\u308b\u3002", "language": {"name": "ja", "url": "https://pokeapi.co/api/v2/language/11/"}, "version_group": {"name": "lets-go-pikachu-lets-go-eevee", "url": "https://pokeapi.co/api/v2/version-group/19/"}}, {"flavor_text": "\u9632\u4f4f\u5bf9\u624b\u653b\u51fb\u7684\u540c\u65f6\uff0c\n\u81ea\u5df1\u53d8\u4e3a\u9632\u5fa1\u59ff\u6001\u3002\n\u5927\u5e45\u964d\u4f4e\u6240\u63a5\u89e6\u5230\u7684\u5bf9\u624b\u7684\u653b\u51fb\u3002", "language": {"name": "zh-Hans", "url": "https://pokeapi.co/api/v2/language/12/"}, "version_group": {"name": "lets-go-pikachu-lets-go-eevee", "url": "https://pokeapi.co/api/v2/version-group/19/"}}, {"flavor_text": "\u3042\u3044\u3066\u306e\u3000\u3053\u3046\u3052\u304d\u3092\u3000\u3075\u305b\u3050\u3068\u3000\u3069\u3046\u3058\u306b\n\u307c\u3046\u304e\u3087\u305f\u3044\u305b\u3044\u306b\u306a\u308b\u3002\u3000\u3075\u308c\u305f\n\u3042\u3044\u3066\u306e\u3000\u3053\u3046\u3052\u304d\u3092\u3000\u3055\u3052\u308b\u3002", "language": {"name": "ja-Hrkt", "url": "https://pokeapi.co/api/v2/language/1/"}, "version_group": {"name": "sword-shield", "url": "https://pokeapi.co/api/v2/version-group/20/"}}, {"flavor_text": "\uc0c1\ub300\uc758 \uacf5\uaca9\uc744 \ub9c9\uc74c\uacfc \ub3d9\uc2dc\uc5d0\n\ubc29\uc5b4 \ud0dc\uc138\ub97c \uac16\ucd98\ub2e4. \uc811\ucd09\ud55c\n\uc0c1\ub300\uc758 \uacf5\uaca9\uc744 \ub5a8\uc5b4\ub728\ub9b0\ub2e4.", "language": {"name": "ko", "url": "https://pokeapi.co/api/v2/language/3/"}, "version_group": {"name": "sword-shield", "url": "https://pokeapi.co/api/v2/version-group/20/"}}, {"flavor_text": "\u9632\u4f4f\u5c0d\u624b\u653b\u64ca\u7684\u540c\u6642\uff0c\n\u4f7f\u81ea\u5df1\u8b8a\u70ba\u9632\u79a6\u59ff\u614b\u3002\n\u964d\u4f4e\u63a5\u89f8\u5230\u7684\u5c0d\u624b\u7684\u653b\u64ca\u3002", "language": {"name": "zh-Hant", "url": "https://pokeapi.co/api/v2/language/4/"}, "version_group": {"name": "sword-shield", "url": "https://pokeapi.co/api/v2/version-group/20/"}}, {"flavor_text": "Prend une posture d\u00e9fensive pour bloquer les d\u00e9g\u00e2ts.\nDiminue l\u2019Attaque de tout Pok\u00e9mon qui entre en contact\navec le lanceur.", "language": {"name": "fr", "url": "https://pokeapi.co/api/v2/language/5/"}, "version_group": {"name": "sword-shield", "url": "https://pokeapi.co/api/v2/version-group/20/"}}, {"flavor_text": "Der Anwender geht in die Defensive und wird vor\nAngriffen gesch\u00fctzt. Ber\u00fchrt ihn nun ein Pok\u00e9mon,\nsinkt dessen Angriffs-Wert.", "language": {"name": "de", "url": "https://pokeapi.co/api/v2/language/6/"}, "version_group": {"name": "sword-shield", "url": "https://pokeapi.co/api/v2/version-group/20/"}}, {"flavor_text": "El usuario adopta una postura defensiva y se protege de\ncualquier da\u00f1o. Reduce el Ataque de cualquier\nPok\u00e9mon con el que entre en contacto.", "language": {"name": "es", "url": "https://pokeapi.co/api/v2/language/7/"}, "version_group": {"name": "sword-shield", "url": "https://pokeapi.co/api/v2/version-group/20/"}}, {"flavor_text": "Chi la usa si protegge, assumendo una posizione\ndi difesa e riducendo l\u2019Attacco di nemici o alleati\ncon cui entra in contatto.", "language": {"name": "it", "url": "https://pokeapi.co/api/v2/language/8/"}, "version_group": {"name": "sword-shield", "url": "https://pokeapi.co/api/v2/version-group/20/"}}, {"flavor_text": "The user takes a defensive stance while it protects\nitself from damage. It also lowers the Attack stat of any\nattacker that makes direct contact.", "language": {"name": "en", "url": "https://pokeapi.co/api/v2/language/9/"}, "version_group": {"name": "sword-shield", "url": "https://pokeapi.co/api/v2/version-group/20/"}}, {"flavor_text": "\u76f8\u624b\u306e\u3000\u653b\u6483\u3092\u3000\u9632\u3050\u3068\u3000\u540c\u6642\u306b\n\u9632\u5fa1\u614b\u52e2\u306b\u306a\u308b\u3002\u3000\u89e6\u308c\u305f\n\u76f8\u624b\u306e\u3000\u653b\u6483\u3092\u3000\u3055\u3052\u308b\u3002", "language": {"name": "ja", "url": "https://pokeapi.co/api/v2/language/11/"}, "version_group": {"name": "sword-shield", "url": "https://pokeapi.co/api/v2/version-group/20/"}}, {"flavor_text": "\u9632\u4f4f\u5bf9\u624b\u653b\u51fb\u7684\u540c\u65f6\uff0c\n\u81ea\u5df1\u53d8\u4e3a\u9632\u5fa1\u59ff\u6001\u3002\n\u80fd\u591f\u964d\u4f4e\u6240\u63a5\u89e6\u5230\u7684\u5bf9\u624b\u7684\u653b\u51fb\u3002", "language": {"name": "zh-Hans", "url": "https://pokeapi.co/api/v2/language/12/"}, "version_group": {"name": "sword-shield", "url": "https://pokeapi.co/api/v2/version-group/20/"}}], "generation": {"name": "generation-vi", "url": "https://pokeapi.co/api/v2/generation/6/"}, "id": 588, "learned_by_pokemon": [{"name": "aegislash-shield", "url": "https://pokeapi.co/api/v2/pokemon/681/"}, {"name": "aegislash-blade", "url": "https://pokeapi.co/api/v2/pokemon/10026/"}], "machines": [], "meta": {"ailment": {"name": "none", "url": "https://pokeapi.co/api/v2/move-ailment/0/"}, "ailment_chance": 0, "category": {"name": "unique", "url": "https://pokeapi.co/api/v2/move-category/13/"}, "crit_rate": 0, "drain": 0, "flinch_chance": 0, "healing": 0, "max_hits": null, "max_turns": null, "min_hits": null, "min_turns": null, "stat_chance": 0}, "name": "kings-shield", "names": [{"language": {"name": "ja-Hrkt", "url": "https://pokeapi.co/api/v2/language/1/"}, "name": "\u30ad\u30f3\u30b0\u30b7\u30fc\u30eb\u30c9"}, {"language": {"name": "ko", "url": "https://pokeapi.co/api/v2/language/3/"}, "name": "\ud0b9\uc2e4\ub4dc"}, {"language": {"name": "zh-Hant", "url": "https://pokeapi.co/api/v2/language/4/"}, "name": "\u738b\u8005\u76fe\u724c"}, {"language": {"name": "fr", "url": "https://pokeapi.co/api/v2/language/5/"}, "name": "Bouclier Royal"}, {"language": {"name": "de", "url": "https://pokeapi.co/api/v2/language/6/"}, "name": "K\u00f6nigsschild"}, {"language": {"name": "es", "url": "https://pokeapi.co/api/v2/language/7/"}, "name": "Escudo Real"}, {"language": {"name": "it", "url": "https://pokeapi.co/api/v2/language/8/"}, "name": "Scudo Reale"}, {"language": {"name": "en", "url": "https://pokeapi.co/api/v2/language/9/"}, "name": "King\u2019s Shield"}, {"language": {"name": "ja", "url": "https://pokeapi.co/api/v2/language/11/"}, "name": "\u30ad\u30f3\u30b0\u30b7\u30fc\u30eb\u30c9"}, {"language": {"name": "zh-Hans", "url": "https://pokeapi.co/api/v2/language/12/"}, "name": "\u738b\u8005\u76fe\u724c"}], "past_values": [], "power": null, "pp": 10, "priority": 4, "stat_changes": [], "super_contest_effect": null, "target": {"name": "user", "url": "https://pokeapi.co/api/v2/move-target/7/"}, "type": {"name": "steel", "url": "https://pokeapi.co/api/v2/type/9/"}}