{"abilities": [{"ability": {"name": "tangled-feet", "url": "https://pokeapi.co/api/v2/ability/77/"}, "is_hidden": false, "slot": 1}, {"ability": {"name": "screen-cleaner", "url": "https://pokeapi.co/api/v2/ability/251/"}, "is_hidden": false, "slot": 2}, {"ability": {"name": "ice-body", "url": "https://pokeapi.co/api/v2/ability/115/"}, "is_hidden": true, "slot": 3}], "base_experience": 182, "cries": {"latest": "https://raw.githubusercontent.com/PokeAPI/cries/main/cries/pokemon/latest/866.ogg", "legacy": null}, "forms": [{"name": "mr-rime", "url": "https://pokeapi.co/api/v2/pokemon-form/866/"}], "game_indices": [], "height": 15, "held_items": [], "id": 866, "is_default": true, "location_area_encounters": "https://pokeapi.co/api/v2/pokemon/866/encounters", "moves": [{"move": {"name": "pound", "url": "https://pokeapi.co/api/v2/move/1/"}, "version_group_details": [{"level_learned_at": 1, "move_learn_method": {"name": "level-up", "url": "https://pokeapi.co/api/v2/move-learn-method/1/"}, "order": 16, "version_group": {"name": "sword-shield", "url": "https://pokeapi.co/api/v2/version-group/20/"}}]}, {"move": {"name": "mega-punch", "url": "https://pokeapi.co/api/v2/move/5/"}, "version_group_details": [{"level_learned_at": 0, "move_learn_method": {"name": "machine", "url": "https://pokeapi.co/api/v2/move-learn-method/4/"}, "order": null, "version_group": {"name": "sword-shield", "url": "https://pokeapi.co/api/v2/version-group/20/"}}]}, {"move": {"name": "ice-punch", "url": "https://pokeapi.co/api/v2/move/8/"}, "version_group_details": [{"level_learned_at": 0, "move_learn_method": {"name": "machine", "url": "https://pokeapi.co/api/v2/move-learn-method/4/"}, "order": null, "version_group": {"name": "sword-shield", "url": "https://pokeapi.co/api/v2/version-group/20/"}}]}, {"move": {"name": "double-kick", "url": "https://pokeapi.co/api/v2/move/24/"}, "version_group_details": [{"level_learned_at": 24, "move_learn_method": {"name": "level-up", "url": "https://pokeapi.co/api/v2/move-learn-method/1/"}, "order": null, "version_group": {"name": "sword-shield", "url": "https://pokeapi.co/api/v2/version-group/20/"}}]}, {"move": {"name": "mega-kick", "url": "https://pokeapi.co/api/v2/move/25/"}, "version_group_details": [{"level_learned_at": 0, "move_learn_method": {"name": "machine", "url": "https://pokeapi.co/api/v2/move-learn-method/4/"}, "order": null, "version_group": {"name": "sword-shield", "url": "https://pokeapi.co/api/v2/version-group/20/"}}]}, {"move": {"name": "body-slam", "url": "https://pokeapi.co/api/v2/move/34/"}, "version_group_details": [{"level_learned_at": 0, "move_learn_method": {"name": "machine", "url": "https://pokeapi.co/api/v2/move-learn-method/4/"}, "order": null, "version_group": {"name": "sword-shield", "url": "https://pokeapi.co/api/v2/version-group/20/"}}]}, {"move": {"name": "ice-beam", "url": "https://pokeapi.co/api/v2/move/58/"}, "version_group_details": [{"level_learned_at": 0, "move_learn_method": {"name": "machine", "url": "https://pokeapi.co/api/v2/move-learn-method/4/"}, "order": null, "version_group": {"name": "sword-shield", "url": "https://pokeapi.co/api/v2/version-group/20/"}}]}, {"move": {"name": "blizzard", "url": "https://pokeapi.co/api/v2/move/59/"}, "version_group_details": [{"level_learned_at": 0, "move_learn_method": {"name": "machine", "url": "https://pokeapi.co/api/v2/move-learn-method/4/"}, "order": null, "version_group": {"name": "sword-shield", "url": "https://pokeapi.co/api/v2/version-group/20/"}}]}, {"move": {"name": "psybeam", "url": "https://pokeapi.co/api/v2/move/60/"}, "version_group_details": [{"level_learned_at": 28, "move_learn_method": {"name": "level-up", "url": "https://pokeapi.co/api/v2/move-learn-method/1/"}, "order": null, "version_group": {"name": "sword-shield", "url": "https://pokeapi.co/api/v2/version-group/20/"}}]}, {"move": {"name": "hyper-beam", "url": "https://pokeapi.co/api/v2/move/63/"}, "version_group_details": [{"level_learned_at": 0, "move_learn_method": {"name": "machine", "url": "https://pokeapi.co/api/v2/move-learn-method/4/"}, "order": null, "version_group": {"name": "sword-shield", "url": "https://pokeapi.co/api/v2/version-group/20/"}}]}, {"move": {"name": "solar-beam", "url": "https://pokeapi.co/api/v2/move/76/"}, "version_group_details": [{"level_learned_at": 0, "move_learn_method": {"name": "machine", "url": "https://pokeapi.co/api/v2/move-learn-method/4/"}, "order": null, "version_group": {"name": "sword-shield", "url": "https://pokeapi.co/api/v2/version-group/20/"}}]}, {"move": {"name": "thunderbolt", "url": "https://pokeapi.co/api/v2/move/85/"}, "version_group_details": [{"level_learned_at": 0, "move_learn_method": {"name": "machine", "url": "https://pokeapi.co/api/v2/move-learn-method/4/"}, "order": null, "version_group": {"name": "sword-shield", "url": "https://pokeapi.co/api/v2/version-group/20/"}}]}, {"move": {"name": "thunder-wave", "url": "https://pokeapi.co/api/v2/move/86/"}, "version_group_details": [{"level_learned_at": 0, "move_learn_method": {"name": "machine", "url": "https://pokeapi.co/api/v2/move-learn-method/4/"}, "order": null, "version_group": {"name": "sword-shield", "url": "https://pokeapi.co/api/v2/version-group/20/"}}]}, {"move": {"name": "thunder", "url": "https://pokeapi.co/api/v2/move/87/"}, "version_group_details": [{"level_learned_at": 0, "move_learn_method": {"name": "machine", "url": "https://pokeapi.co/api/v2/move-learn-method/4/"}, "order": null, "version_group": {"name": "sword-shield", "url": "https://pokeapi.co/api/v2/version-group/20/"}}]}, {"move": {"name": "confusion", "url": "https://pokeapi.co/api/v2/move/93/"}, "version_group_details": [{"level_learned_at": 12, "move_learn_method": {"name": "level-up", "url": "https://pokeapi.co/api/v2/move-learn-method/1/"}, "order": null, "version_group": {"name": "sword-shield", "url": "https://pokeapi.co/api/v2/version-group/20/"}}]}, {"move": {"name": "psychic", "url": "https://pokeapi.co/api/v2/move/94/"}, "version_group_details": [{"level_learned_at": 48, "move_learn_method": {"name": "level-up", "url": "https://pokeapi.co/api/v2/move-learn-method/1/"}, "order": null, "version_group": {"name": "sword-shield", "url": "https://pokeapi.co/api/v2/version-group/20/"}}, {"level_learned_at": 0, "move_learn_method": {"name": "machine", "url": "https://pokeapi.co/api/v2/move-learn-method/4/"}, "order": null, "version_group": {"name": "sword-shield", "url": "https://pokeapi.co/api/v2/version-group/20/"}}]}, {"move": {"name": "hypnosis", "url": "https://pokeapi.co/api/v2/move/95/"}, "version_group_details": [{"level_learned_at": 32, "move_learn_method": {"name": "level-up", "url": "https://pokeapi.co/api/v2/move-learn-method/1/"}, "order": null, "version_group": {"name": "sword-shield", "url": "https://pokeapi.co/api/v2/version-group/20/"}}]}, {"move": {"name": "mimic", "url": "https://pokeapi.co/api/v2/move/102/"}, "version_group_details": [{"level_learned_at": 1, "move_learn_method": {"name": "level-up", "url": "https://pokeapi.co/api/v2/move-learn-method/1/"}, "order": 10, "version_group": {"name": "sword-shield", "url": "https://pokeapi.co/api/v2/version-group/20/"}}]}, {"move": {"name": "screech", "url": "https://pokeapi.co/api/v2/move/103/"}, "version_group_details": [{"level_learned_at": 0, "move_learn_method": {"name": "machine", "url": "https://pokeapi.co/api/v2/move-learn-method/4/"}, "order": null, "version_group": {"name": "sword-shield", "url": "https://pokeapi.co/api/v2/version-group/20/"}}]}, {"move": {"name": "light-screen", "url": "https://pokeapi.co/api/v2/move/113/"}, "version_group_details": [{"level_learned_at": 1, "move_learn_method": {"name": "level-up", "url": "https://pokeapi.co/api/v2/move-learn-method/1/"}, "order": 11, "version_group": {"name": "sword-shield", "url": "https://pokeapi.co/api/v2/version-group/20/"}}, {"level_learned_at": 0, "move_learn_method": {"name": "machine", "url": "https://pokeapi.co/api/v2/move-learn-method/4/"}, "order": null, "version_group": {"name": "sword-shield", "url": "https://pokeapi.co/api/v2/version-group/20/"}}]}, {"move": {"name": "reflect", "url": "https://pokeapi.co/api/v2/move/115/"}, "version_group_details": [{"level_learned_at": 1, "move_learn_method": {"name": "level-up", "url": "https://pokeapi.co/api/v2/move-learn-method/1/"}, "order": 12, "version_group": {"name": "sword-shield", "url": "https://pokeapi.co/api/v2/version-group/20/"}}, {"level_learned_at": 0, "move_learn_method": {"name": "machine", "url": "https://pokeapi.co/api/v2/move-learn-method/4/"}, "order": null, "version_group": {"name": "sword-shield", "url": "https://pokeapi.co/api/v2/version-group/20/"}}]}, {"move": {"name": "metronome", "url": "https://pokeapi.co/api/v2/move/118/"}, "version_group_details": [{"level_learned_at": 0, "move_learn_method": {"name": "machine", "url": "https://pokeapi.co/api/v2/move-learn-method/4/"}, "order": null, "version_group": {"name": "sword-shield", "url": "https://pokeapi.co/api/v2/version-group/20/"}}]}, {"move": {"name": "rest", "url": "https://pokeapi.co/api/v2/move/156/"}, "version_group_details": [{"level_learned_at": 0, "move_learn_method": {"name": "machine", "url": "https://pokeapi.co/api/v2/move-learn-method/4/"}, "order": null, "version_group": {"name": "sword-shield", "url": "https://pokeapi.co/api/v2/version-group/20/"}}]}, {"move": {"name": "substitute", "url": "https://pokeapi.co/api/v2/move/164/"}, "version_group_details": [{"level_learned_at": 0, "move_learn_method": {"name": "machine", "url": "https://pokeapi.co/api/v2/move-learn-method/4/"}, "order": null, "version_group": {"name": "sword-shield", "url": "https://pokeapi.co/api/v2/version-group/20/"}}]}, {"move": {"name": "thief", "url": "https://pokeapi.co/api/v2/move/168/"}, "version_group_details": [{"level_learned_at": 0, "move_learn_method": {"name": "machine", "url": "https://pokeapi.co/api/v2/move-learn-method/4/"}, "order": null, "version_group": {"name": "sword-shield", "url": "https://pokeapi.co/api/v2/version-group/20/"}}]}, {"move": {"name": "snore", "url": "https://pokeapi.co/api/v2/move/173/"}, "version_group_details": [{"level_learned_at": 0, "move_learn_method": {"name": "machine", "url": "https://pokeapi.co/api/v2/move-learn-method/4/"}, "order": null, "version_group": {"name": "sword-shield", "url": "https://pokeapi.co/api/v2/version-group/20/"}}]}, {"move": {"name": "protect", "url": "https://pokeapi.co/api/v2/move/182/"}, "version_group_details": [{"level_learned_at": 1, "move_learn_method": {"name": "level-up", "url": "https://pokeapi.co/api/v2/move-learn-method/1/"}, "order": 8, "version_group": {"name": "sword-shield", "url": "https://pokeapi.co/api/v2/version-group/20/"}}, {"level_learned_at": 0, "move_learn_method": {"name": "machine", "url": "https://pokeapi.co/api/v2/move-learn-method/4/"}, "order": null, "version_group": {"name": "sword-shield", "url": "https://pokeapi.co/api/v2/version-group/20/"}}]}, {"move": {"name": "icy-wind", "url": "https://pokeapi.co/api/v2/move/196/"}, "version_group_details": [{"level_learned_at": 20, "move_learn_method": {"name": "level-up", "url": "https://pokeapi.co/api/v2/move-learn-method/1/"}, "order": null, "version_group": {"name": "sword-shield", "url": "https://pokeapi.co/api/v2/version-group/20/"}}, {"level_learned_at": 0, "move_learn_method": {"name": "machine", "url": "https://pokeapi.co/api/v2/move-learn-method/4/"}, "order": null, "version_group": {"name": "sword-shield", "url": "https://pokeapi.co/api/v2/version-group/20/"}}]}, {"move": {"name": "endure", "url": "https://pokeapi.co/api/v2/move/203/"}, "version_group_details": [{"level_learned_at": 0, "move_learn_method": {"name": "machine", "url": "https://pokeapi.co/api/v2/move-learn-method/4/"}, "order": null, "version_group": {"name": "sword-shield", "url": "https://pokeapi.co/api/v2/version-group/20/"}}]}, {"move": {"name": "charm", "url": "https://pokeapi.co/api/v2/move/204/"}, "version_group_details": [{"level_learned_at": 0, "move_learn_method": {"name": "machine", "url": "https://pokeapi.co/api/v2/move-learn-method/4/"}, "order": null, "version_group": {"name": "sword-shield", "url": "https://pokeapi.co/api/v2/version-group/20/"}}]}, {"move": {"name": "attract", "url": "https://pokeapi.co/api/v2/move/213/"}, "version_group_details": [{"level_learned_at": 0, "move_learn_method": {"name": "machine", "url": "https://pokeapi.co/api/v2/move-learn-method/4/"}, "order": null, "version_group": {"name": "sword-shield", "url": "https://pokeapi.co/api/v2/version-group/20/"}}]}, {"move": {"name": "sleep-talk", "url": "https://pokeapi.co/api/v2/move/214/"}, "version_group_details": [{"level_learned_at": 0, "move_learn_method": {"name": "machine", "url": "https://pokeapi.co/api/v2/move-learn-method/4/"}, "order": null, "version_group": {"name": "sword-shield", "url": "https://pokeapi.co/api/v2/version-group/20/"}}]}, {"move": {"name": "safeguard", "url": "https://pokeapi.co/api/v2/move/219/"}, "version_group_details": [{"level_learned_at": 1, "move_learn_method": {"name": "level-up", "url": "https://pokeapi.co/api/v2/move-learn-method/1/"}, "order": 13, "version_group": {"name": "sword-shield", "url": "https://pokeapi.co/api/v2/version-group/20/"}}, {"level_learned_at": 0, "move_learn_method": {"name": "machine", "url": "https://pokeapi.co/api/v2/move-learn-method/4/"}, "order": null, "version_group": {"name": "sword-shield", "url": "https://pokeapi.co/api/v2/version-group/20/"}}]}, {"move": {"name": "baton-pass", "url": "https://pokeapi.co/api/v2/move/226/"}, "version_group_details": [{"level_learned_at": 1, "move_learn_method": {"name": "level-up", "url": "https://pokeapi.co/api/v2/move-learn-method/1/"}, "order": 18, "version_group": {"name": "sword-shield", "url": "https://pokeapi.co/api/v2/version-group/20/"}}, {"level_learned_at": 0, "move_learn_method": {"name": "machine", "url": "https://pokeapi.co/api/v2/move-learn-method/4/"}, "order": null, "version_group": {"name": "sword-shield", "url": "https://pokeapi.co/api/v2/version-group/20/"}}]}, {"move": {"name": "encore", "url": "https://pokeapi.co/api/v2/move/227/"}, "version_group_details": [{"level_learned_at": 1, "move_learn_method": {"name": "level-up", "url": "https://pokeapi.co/api/v2/move-learn-method/1/"}, "order": 6, "version_group": {"name": "sword-shield", "url": "https://pokeapi.co/api/v2/version-group/20/"}}, {"level_learned_at": 0, "move_learn_method": {"name": "machine", "url": "https://pokeapi.co/api/v2/move-learn-method/4/"}, "order": null, "version_group": {"name": "sword-shield", "url": "https://pokeapi.co/api/v2/version-group/20/"}}]}, {"move": {"name": "rapid-spin", "url": "https://pokeapi.co/api/v2/move/229/"}, "version_group_details": [{"level_learned_at": 1, "move_learn_method": {"name": "level-up", "url": "https://pokeapi.co/api/v2/move-learn-method/1/"}, "order": 17, "version_group": {"name": "sword-shield", "url": "https://pokeapi.co/api/v2/version-group/20/"}}]}, {"move": {"name": "rain-dance", "url": "https://pokeapi.co/api/v2/move/240/"}, "version_group_details": [{"level_learned_at": 0, "move_learn_method": {"name": "machine", "url": "https://pokeapi.co/api/v2/move-learn-method/4/"}, "order": null, "version_group": {"name": "sword-shield", "url": "https://pokeapi.co/api/v2/version-group/20/"}}]}, {"move": {"name": "sunny-day", "url": "https://pokeapi.co/api/v2/move/241/"}, "version_group_details": [{"level_learned_at": 0, "move_learn_method": {"name": "machine", "url": "https://pokeapi.co/api/v2/move-learn-method/4/"}, "order": null, "version_group": {"name": "sword-shield", "url": "https://pokeapi.co/api/v2/version-group/20/"}}]}, {"move": {"name": "mirror-coat", "url": "https://pokeapi.co/api/v2/move/243/"}, "version_group_details": [{"level_learned_at": 36, "move_learn_method": {"name": "level-up", "url": "https://pokeapi.co/api/v2/move-learn-method/1/"}, "order": null, "version_group": {"name": "sword-shield", "url": "https://pokeapi.co/api/v2/version-group/20/"}}]}, {"move": {"name": "shadow-ball", "url": "https://pokeapi.co/api/v2/move/247/"}, "version_group_details": [{"level_learned_at": 0, "move_learn_method": {"name": "machine", "url": "https://pokeapi.co/api/v2/move-learn-method/4/"}, "order": null, "version_group": {"name": "sword-shield", "url": "https://pokeapi.co/api/v2/version-group/20/"}}]}, {"move": {"name": "future-sight", "url": "https://pokeapi.co/api/v2/move/248/"}, "version_group_details": [{"level_learned_at": 0, "move_learn_method": {"name": "machine", "url": "https://pokeapi.co/api/v2/move-learn-method/4/"}, "order": null, "version_group": {"name": "sword-shield", "url": "https://pokeapi.co/api/v2/version-group/20/"}}]}, {"move": {"name": "uproar", "url": "https://pokeapi.co/api/v2/move/253/"}, "version_group_details": [{"level_learned_at": 0, "move_learn_method": {"name": "machine", "url": "https://pokeapi.co/api/v2/move-learn-method/4/"}, "order": null, "version_group": {"name": "sword-shield", "url": "https://pokeapi.co/api/v2/version-group/20/"}}]}, {"move": {"name": "hail", "url": "https://pokeapi.co/api/v2/move/258/"}, "version_group_details": [{"level_learned_at": 0, "move_learn_method": {"name": "machine", "url": "https://pokeapi.co/api/v2/move-learn-method/4/"}, "order": null, "version_group": {"name": "sword-shield", "url": "https://pokeapi.co/api/v2/version-group/20/"}}]}, {"move": {"name": "facade", "url": "https://pokeapi.co/api/v2/move/263/"}, "version_group_details": [{"level_learned_at": 0, "move_learn_method": {"name": "machine", "url": "https://pokeapi.co/api/v2/move-learn-method/4/"}, "order": null, "version_group": {"name": "sword-shield", "url": "https://pokeapi.co/api/v2/version-group/20/"}}]}, {"move": {"name": "taunt", "url": "https://pokeapi.co/api/v2/move/269/"}, "version_group_details": [{"level_learned_at": 0, "move_learn_method": {"name": "machine", "url": "https://pokeapi.co/api/v2/move-learn-method/4/"}, "order": null, "version_group": {"name": "sword-shield", "url": "https://pokeapi.co/api/v2/version-group/20/"}}]}, {"move": {"name": "helping-hand", "url": "https://pokeapi.co/api/v2/move/270/"}, "version_group_details": [{"level_learned_at": 0, "move_learn_method": {"name": "machine", "url": "https://pokeapi.co/api/v2/move-learn-method/4/"}, "order": null, "version_group": {"name": "sword-shield", "url": "https://pokeapi.co/api/v2/version-group/20/"}}]}, {"move": {"name": "trick", "url": "https://pokeapi.co/api/v2/move/271/"}, "version_group_details": [{"level_learned_at": 0, "move_learn_method": {"name": "machine", "url": "https://pokeapi.co/api/v2/move-learn-method/4/"}, "order": null, "version_group": {"name": "sword-shield", "url": "https://pokeapi.co/api/v2/version-group/20/"}}]}, {"move": {"name": "role-play", "url": "https://pokeapi.co/api/v2/move/272/"}, "version_group_details": [{"level_learned_at": 1, "move_learn_method": {"name": "level-up", "url": "https://pokeapi.co/api/v2/move-learn-method/1/"}, "order": 7, "version_group": {"name": "sword-shield", "url": "https://pokeapi.co/api/v2/version-group/20/"}}]}, {"move": {"name": "recycle", "url": "https://pokeapi.co/api/v2/move/278/"}, "version_group_details": [{"level_learned_at": 1, "move_learn_method": {"name": "level-up", "url": "https://pokeapi.co/api/v2/move-learn-method/1/"}, "order": 9, "version_group": {"name": "sword-shield", "url": "https://pokeapi.co/api/v2/version-group/20/"}}]}, {"move": {"name": "brick-break", "url": "https://pokeapi.co/api/v2/move/280/"}, "version_group_details": [{"level_learned_at": 0, "move_learn_method": {"name": "machine", "url": "https://pokeapi.co/api/v2/move-learn-method/4/"}, "order": null, "version_group": {"name": "sword-shield", "url": "https://pokeapi.co/api/v2/version-group/20/"}}]}, {"move": {"name": "skill-swap", "url": "https://pokeapi.co/api/v2/move/285/"}, "version_group_details": [{"level_learned_at": 0, "move_learn_method": {"name": "machine", "url": "https://pokeapi.co/api/v2/move-learn-method/4/"}, "order": null, "version_group": {"name": "sword-shield", "url": "https://pokeapi.co/api/v2/version-group/20/"}}]}, {"move": {"name": "teeter-dance", "url": "https://pokeapi.co/api/v2/move/298/"}, "version_group_details": [{"level_learned_at": 52, "move_learn_method": {"name": "level-up", "url": "https://pokeapi.co/api/v2/move-learn-method/1/"}, "order": null, "version_group": {"name": "sword-shield", "url": "https://pokeapi.co/api/v2/version-group/20/"}}]}, {"move": {"name": "slack-off", "url": "https://pokeapi.co/api/v2/move/303/"}, "version_group_details": [{"level_learned_at": 1, "move_learn_method": {"name": "level-up", "url": "https://pokeapi.co/api/v2/move-learn-method/1/"}, "order": 2, "version_group": {"name": "sword-shield", "url": "https://pokeapi.co/api/v2/version-group/20/"}}]}, {"move": {"name": "fake-tears", "url": "https://pokeapi.co/api/v2/move/313/"}, "version_group_details": [{"level_learned_at": 1, "move_learn_method": {"name": "level-up", "url": "https://pokeapi.co/api/v2/move-learn-method/1/"}, "order": 1, "version_group": {"name": "sword-shield", "url": "https://pokeapi.co/api/v2/version-group/20/"}}, {"level_learned_at": 0, "move_learn_method": {"name": "machine", "url": "https://pokeapi.co/api/v2/move-learn-method/4/"}, "order": null, "version_group": {"name": "sword-shield", "url": "https://pokeapi.co/api/v2/version-group/20/"}}]}, {"move": {"name": "icicle-spear", "url": "https://pokeapi.co/api/v2/move/333/"}, "version_group_details": [{"level_learned_at": 0, "move_learn_method": {"name": "machine", "url": "https://pokeapi.co/api/v2/move-learn-method/4/"}, "order": null, "version_group": {"name": "sword-shield", "url": "https://pokeapi.co/api/v2/version-group/20/"}}]}, {"move": {"name": "iron-defense", "url": "https://pokeapi.co/api/v2/move/334/"}, "version_group_details": [{"level_learned_at": 0, "move_learn_method": {"name": "machine", "url": "https://pokeapi.co/api/v2/move-learn-method/4/"}, "order": null, "version_group": {"name": "sword-shield", "url": "https://pokeapi.co/api/v2/version-group/20/"}}]}, {"move": {"name": "block", "url": "https://pokeapi.co/api/v2/move/335/"}, "version_group_details": [{"level_learned_at": 1, "move_learn_method": {"name": "level-up", "url": "https://pokeapi.co/api/v2/move-learn-method/1/"}, "order": 4, "version_group": {"name": "sword-shield", "url": "https://pokeapi.co/api/v2/version-group/20/"}}]}, {"move": {"name": "calm-mind", "url": "https://pokeapi.co/api/v2/move/347/"}, "version_group_details": [{"level_learned_at": 0, "move_learn_method": {"name": "machine", "url": "https://pokeapi.co/api/v2/move-learn-method/4/"}, "order": null, "version_group": {"name": "sword-shield", "url": "https://pokeapi.co/api/v2/version-group/20/"}}]}, {"move": {"name": "payback", "url": "https://pokeapi.co/api/v2/move/371/"}, "version_group_details": [{"level_learned_at": 0, "move_learn_method": {"name": "machine", "url": "https://pokeapi.co/api/v2/move-learn-method/4/"}, "order": null, "version_group": {"name": "sword-shield", "url": "https://pokeapi.co/api/v2/version-group/20/"}}]}, {"move": {"name": "fling", "url": "https://pokeapi.co/api/v2/move/374/"}, "version_group_details": [{"level_learned_at": 0, "move_learn_method": {"name": "machine", "url": "https://pokeapi.co/api/v2/move-learn-method/4/"}, "order": null, "version_group": {"name": "sword-shield", "url": "https://pokeapi.co/api/v2/version-group/20/"}}]}, {"move": {"name": "copycat", "url": "https://pokeapi.co/api/v2/move/383/"}, "version_group_details": [{"level_learned_at": 1, "move_learn_method": {"name": "level-up", "url": "https://pokeapi.co/api/v2/move-learn-method/1/"}, "order": 5, "version_group": {"name": "sword-shield", "url": "https://pokeapi.co/api/v2/version-group/20/"}}]}, {"move": {"name": "power-swap", "url": "https://pokeapi.co/api/v2/move/384/"}, "version_group_details": [{"level_learned_at": 0, "move_learn_method": {"name": "machine", "url": "https://pokeapi.co/api/v2/move-learn-method/4/"}, "order": null, "version_group": {"name": "sword-shield", "url": "https://pokeapi.co/api/v2/version-group/20/"}}]}, {"move": {"name": "guard-swap", "url": "https://pokeapi.co/api/v2/move/385/"}, "version_group_details": [{"level_learned_at": 0, "move_learn_method": {"name": "machine", "url": "https://pokeapi.co/api/v2/move-learn-method/4/"}, "order": null, "version_group": {"name": "sword-shield", "url": "https://pokeapi.co/api/v2/version-group/20/"}}]}, {"move": {"name": "sucker-punch", "url": "https://pokeapi.co/api/v2/move/389/"}, "version_group_details": [{"level_learned_at": 40, "move_learn_method": {"name": "level-up", "url": "https://pokeapi.co/api/v2/move-learn-method/1/"}, "order": null, "version_group": {"name": "sword-shield", "url": "https://pokeapi.co/api/v2/version-group/20/"}}]}, {"move": {"name": "drain-punch", "url": "https://pokeapi.co/api/v2/move/409/"}, "version_group_details": [{"level_learned_at": 0, "move_learn_method": {"name": "machine", "url": "https://pokeapi.co/api/v2/move-learn-method/4/"}, "order": null, "version_group": {"name": "sword-shield", "url": "https://pokeapi.co/api/v2/version-group/20/"}}]}, {"move": {"name": "focus-blast", "url": "https://pokeapi.co/api/v2/move/411/"}, "version_group_details": [{"level_learned_at": 0, "move_learn_method": {"name": "machine", "url": "https://pokeapi.co/api/v2/move-learn-method/4/"}, "order": null, "version_group": {"name": "sword-shield", "url": "https://pokeapi.co/api/v2/version-group/20/"}}]}, {"move": {"name": "energy-ball", "url": "https://pokeapi.co/api/v2/move/412/"}, "version_group_details": [{"level_learned_at": 0, "move_learn_method": {"name": "machine", "url": "https://pokeapi.co/api/v2/move-learn-method/4/"}, "order": null, "version_group": {"name": "sword-shield", "url": "https://pokeapi.co/api/v2/version-group/20/"}}]}, {"move": {"name": "giga-impact", "url": "https://pokeapi.co/api/v2/move/416/"}, "version_group_details": [{"level_learned_at": 0, "move_learn_method": {"name": "machine", "url": "https://pokeapi.co/api/v2/move-learn-method/4/"}, "order": null, "version_group": {"name": "sword-shield", "url": "https://pokeapi.co/api/v2/version-group/20/"}}]}, {"move": {"name": "nasty-plot", "url": "https://pokeapi.co/api/v2/move/417/"}, "version_group_details": [{"level_learned_at": 0, "move_learn_method": {"name": "machine", "url": "https://pokeapi.co/api/v2/move-learn-method/4/"}, "order": null, "version_group": {"name": "sword-shield", "url": "https://pokeapi.co/api/v2/version-group/20/"}}]}, {"move": {"name": "avalanche", "url": "https://pokeapi.co/api/v2/move/419/"}, "version_group_details": [{"level_learned_at": 0, "move_learn_method": {"name": "machine", "url": "https://pokeapi.co/api/v2/move-learn-method/4/"}, "order": null, "version_group": {"name": "sword-shield", "url": "https://pokeapi.co/api/v2/version-group/20/"}}]}, {"move": {"name": "ice-shard", "url": "https://pokeapi.co/api/v2/move/420/"}, "version_group_details": [{"level_learned_at": 1, "move_learn_method": {"name": "level-up", "url": "https://pokeapi.co/api/v2/move-learn-method/1/"}, "order": 19, "version_group": {"name": "sword-shield", "url": "https://pokeapi.co/api/v2/version-group/20/"}}]}, {"move": {"name": "zen-headbutt", "url": "https://pokeapi.co/api/v2/move/428/"}, "version_group_details": [{"level_learned_at": 0, "move_learn_method": {"name": "machine", "url": "https://pokeapi.co/api/v2/move-learn-method/4/"}, "order": null, "version_group": {"name": "sword-shield", "url": "https://pokeapi.co/api/v2/version-group/20/"}}]}, {"move": {"name": "trick-room", "url": "https://pokeapi.co/api/v2/move/433/"}, "version_group_details": [{"level_learned_at": 0, "move_learn_method": {"name": "machine", "url": "https://pokeapi.co/api/v2/move-learn-method/4/"}, "order": null, "version_group": {"name": "sword-shield", "url": "https://pokeapi.co/api/v2/version-group/20/"}}]}, {"move": {"name": "grass-knot", "url": "https://pokeapi.co/api/v2/move/447/"}, "version_group_details": [{"level_learned_at": 0, "move_learn_method": {"name": "machine", "url": "https://pokeapi.co/api/v2/move-learn-method/4/"}, "order": null, "version_group": {"name": "sword-shield", "url": "https://pokeapi.co/api/v2/version-group/20/"}}]}, {"move": {"name": "wonder-room", "url": "https://pokeapi.co/api/v2/move/472/"}, "version_group_details": [{"level_learned_at": 0, "move_learn_method": {"name": "machine", "url": "https://pokeapi.co/api/v2/move-learn-method/4/"}, "order": null, "version_group": {"name": "sword-shield", "url": "https://pokeapi.co/api/v2/version-group/20/"}}]}, {"move": {"name": "psyshock", "url": "https://pokeapi.co/api/v2/move/473/"}, "version_group_details": [{"level_learned_at": 0, "move_learn_method": {"name": "machine", "url": "https://pokeapi.co/api/v2/move-learn-method/4/"}, "order": null, "version_group": {"name": "sword-shield", "url": "https://pokeapi.co/api/v2/version-group/20/"}}]}, {"move": {"name": "magic-room", "url": "https://pokeapi.co/api/v2/move/478/"}, "version_group_details": [{"level_learned_at": 0, "move_learn_method": {"name": "machine", "url": "https://pokeapi.co/api/v2/move-learn-method/4/"}, "order": null, "version_group": {"name": "sword-shield", "url": "https://pokeapi.co/api/v2/version-group/20/"}}]}, {"move": {"name": "foul-play", "url": "https://pokeapi.co/api/v2/move/492/"}, "version_group_details": [{"level_learned_at": 0, "move_learn_method": {"name": "machine", "url": "https://pokeapi.co/api/v2/move-learn-method/4/"}, "order": null, "version_group": {"name": "sword-shield", "url": "https://pokeapi.co/api/v2/version-group/20/"}}]}, {"move": {"name": "after-you", "url": "https://pokeapi.co/api/v2/move/495/"}, "version_group_details": [{"level_learned_at": 1, "move_learn_method": {"name": "level-up", "url": "https://pokeapi.co/api/v2/move-learn-method/1/"}, "order": 3, "version_group": {"name": "sword-shield", "url": "https://pokeapi.co/api/v2/version-group/20/"}}]}, {"move": {"name": "round", "url": "https://pokeapi.co/api/v2/move/496/"}, "version_group_details": [{"level_learned_at": 0, "move_learn_method": {"name": "machine", "url": "https://pokeapi.co/api/v2/move-learn-method/4/"}, "order": null, "version_group": {"name": "sword-shield", "url": "https://pokeapi.co/api/v2/version-group/20/"}}]}, {"move": {"name": "stored-power", "url": "https://pokeapi.co/api/v2/move/500/"}, "version_group_details": [{"level_learned_at": 0, "move_learn_method": {"name": "machine", "url": "https://pokeapi.co/api/v2/move-learn-method/4/"}, "order": null, "version_group": {"name": "sword-shield", "url": "https://pokeapi.co/api/v2/version-group/20/"}}]}, {"move": {"name": "ally-switch", "url": "https://pokeapi.co/api/v2/move/502/"}, "version_group_details": [{"level_learned_at": 16, "move_learn_method": {"name": "level-up", "url": "https://pokeapi.co/api/v2/move-learn-method/1/"}, "order": null, "version_group": {"name": "sword-shield", "url": "https://pokeapi.co/api/v2/version-group/20/"}}, {"level_learned_at": 0, "move_learn_method": {"name": "machine", "url": "https://pokeapi.co/api/v2/move-learn-method/4/"}, "order": null, "version_group": {"name": "sword-shield", "url": "https://pokeapi.co/api/v2/version-group/20/"}}]}, {"move": {"name": "freeze-dry", "url": "https://pokeapi.co/api/v2/move/573/"}, "version_group_details": [{"level_learned_at": 44, "move_learn_method": {"name": "level-up", "url": "https://pokeapi.co/api/v2/move-learn-method/1/"}, "order": null, "version_group": {"name": "sword-shield", "url": "https://pokeapi.co/api/v2/version-group/20/"}}]}, {"move": {"name": "misty-terrain", "url": "https://pokeapi.co/api/v2/move/581/"}, "version_group_details": [{"level_learned_at": 1, "move_learn_method": {"name": "level-up", "url": "https://pokeapi.co/api/v2/move-learn-method/1/"}, "order": 15, "version_group": {"name": "sword-shield", "url": "https://pokeapi.co/api/v2/version-group/20/"}}, {"level_learned_at": 0, "move_learn_method": {"name": "machine", "url": "https://pokeapi.co/api/v2/move-learn-method/4/"}, "order": null, "version_group": {"name": "sword-shield", "url": "https://pokeapi.co/api/v2/version-group/20/"}}]}, {"move": {"name": "dazzling-gleam", "url": "https://pokeapi.co/api/v2/move/605/"}, "version_group_details": [{"level_learned_at": 1, "move_learn_method": {"name": "level-up", "url": "https://pokeapi.co/api/v2/move-learn-method/1/"}, "order": 14, "version_group": {"name": "sword-shield", "url": "https://pokeapi.co/api/v2/version-group/20/"}}, {"level_learned_at": 0, "move_learn_method": {"name": "machine", "url": "https://pokeapi.co/api/v2/move-learn-method/4/"}, "order": null, "version_group": {"name": "sword-shield", "url": "https://pokeapi.co/api/v2/version-group/20/"}}]}, {"move": {"name": "psychic-terrain", "url": "https://pokeapi.co/api/v2/move/678/"}, "version_group_details": [{"level_learned_at": 0, "move_learn_method": {"name": "machine", "url": "https://pokeapi.co/api/v2/move-learn-method/4/"}, "order": null, "version_group": {"name": "sword-shield", "url": "https://pokeapi.co/api/v2/version-group/20/"}}]}, {"move": {"name": "stomping-tantrum", "url": "https://pokeapi.co/api/v2/move/707/"}, "version_group_details": [{"level_learned_at": 0, "move_learn_method": {"name": "machine", "url": "https://pokeapi.co/api/v2/move-learn-method/4/"}, "order": null, "version_group": {"name": "sword-shield", "url": "https://pokeapi.co/api/v2/version-group/20/"}}]}, {"move": {"name": "expanding-force", "url": "https://pokeapi.co/api/v2/move/797/"}, "version_group_details": [{"level_learned_at": 0, "move_learn_method": {"name": "tutor", "url": "https://pokeapi.co/api/v2/move-learn-method/3/"}, "order": null, "version_group": {"name": "sword-shield", "url": "https://pokeapi.co/api/v2/version-group/20/"}}]}, {"move": {"name": "triple-axel", "url": "https://pokeapi.co/api/v2/move/813/"}, "version_group_details": [{"level_learned_at": 0, "move_learn_method": {"name": "tutor", "url": "https://pokeapi.co/api/v2/move-learn-method/3/"}, "order": null, "version_group": {"name": "sword-shield", "url": "https://pokeapi.co/api/v2/version-group/20/"}}]}], "name": "mr-rime", "order": 1050, "past_abilities": [], "past_types": [], "species": {"name": "mr-rime", "url": "https://pokeapi.co/api/v2/pokemon-species/866/"}, "sprites": {"back_default": "https://raw.githubusercontent.com/PokeAPI/sprites/master/sprites/pokemon/back/866.png", "back_female": null, "back_shiny": "https://raw.githubusercontent.com/PokeAPI/sprites/master/sprites/pokemon/back/shiny/866.png", "back_shiny_female": null, "front_default": "https://raw.githubusercontent.com/PokeAPI/sprites/master/sprites/pokemon/866.png", "front_female": null, "front_shiny": "https://raw.githubusercontent.com/PokeAPI/sprites/master/sprites/pokemon/shiny/866.png", "front_shiny_female": null, "other": {"dream_world": {"front_default": null, "front_female": null}, "home": {"front_default": "https://raw.githubusercontent.com/PokeAPI/sprites/master/sprites/pokemon/other/home/866.png", "front_female": null, "front_shiny": "https://raw.githubusercontent.com/PokeAPI/sprites/master/sprites/pokemon/other/home/shiny/866.png", "front_shiny_female": null}, "official-artwork": {"front_default": "https://raw.githubusercontent.com/PokeAPI/sprites/master/sprites/pokemon/other/official-artwork/866.png", "front_shiny": "https://raw.githubusercontent.com/PokeAPI/sprites/master/sprites/pokemon/other/official-artwork/shiny/866.png"}, "showdown": {"back_default": "https://raw.githubusercontent.com/PokeAPI/sprites/master/sprites/pokemon/other/showdown/back/866.gif", "back_female": null, "back_shiny": "https://raw.githubusercontent.com/PokeAPI/sprites/master/sprites/pokemon/other/showdown/back/shiny/866.gif", "back_shiny_female": null, "front_default": "https://raw.githubusercontent.com/PokeAPI/sprites/master/sprites/pokemon/other/showdown/866.gif", "front_female": null, "front_shiny": "https://raw.githubusercontent.com/PokeAPI/sprites/master/sprites/pokemon/other/showdown/shiny/866.gif", "front_shiny_female": null}}, "versions": {"generation-i": {"red-blue": {"back_default": null, "back_gray": null, "back_transparent": null, "front_default": null, "front_gray": null, "front_transparent": null}, "yellow": {"back_default": null, "back_gray": null, "back_transparent": null, "front_default": null, "front_gray": null, "front_transparent": null}}, "generation-ii": {"crystal": {"back_default": null, "back_shiny": null, "back_shiny_transparent": null, "back_transparent": null, "front_default": null, "front_shiny": null, "front_shiny_transparent": null, "front_transparent": null}, "gold": {"back_default": null, "back_shiny": null, "front_default": null, "front_shiny": null, "front_transparent": null}, "silver": {"back_default": null, "back_shiny": null, "front_default": null, "front_shiny": null, "front_transparent": null}}, "generation-iii": {"emerald": {"front_default": null, "front_shiny": null}, "firered-leafgreen": {"back_default": null, "back_shiny": null, "front_default": null, "front_shiny": null}, "ruby-sapphire": {"back_default": null, "back_shiny": null, "front_default": null, "front_shiny": null}}, "generation-iv": {"diamond-pearl": {"back_default": null, "back_female": null, "back_shiny": null, "back_shiny_female": null, "front_default": null, "front_female": null, "front_shiny": null, "front_shiny_female": null}, "heartgold-soulsilver": {"back_default": null, "back_female": null, "back_shiny": null, "back_shiny_female": null, "front_default": null, "front_female": null, "front_shiny": null, "front_shiny_female": null}, "platinum": {"back_default": null, "back_female": null, "back_shiny": null, "back_shiny_female": null, "front_default": null, "front_female": null, "front_shiny": null, "front_shiny_female": null}}, "generation-v": {"black-white": {"animated": {"back_default": null, "back_female": null, "back_shiny": null, "back_shiny_female": null, "front_default": null, "front_female": null, "front_shiny": null, "front_shiny_female": null}, "back_default": "https://raw.githubusercontent.com/PokeAPI/sprites/master/sprites/pokemon/versions/generation-v/black-white/back/866.png", "back_female": null, "back_shiny": "https://raw.githubusercontent.com/PokeAPI/sprites/master/sprites/pokemon/versions/generation-v/black-white/back/shiny/866.png", "back_shiny_female": null, "front_default": "https://raw.githubusercontent.com/PokeAPI/sprites/master/sprites/pokemon/versions/generation-v/black-white/866.png", "front_female": null, "front_shiny": "https://raw.githubusercontent.com/PokeAPI/sprites/master/sprites/pokemon/versions/generation-v/black-white/shiny/866.png", "front_shiny_female": null}}, "generation-vi": {"omegaruby-alphasapphire": {"front_default": null, "front_female": null, "front_shiny": null, "front_shiny_female": null}, "x-y": {"front_default": null, "front_female": null, "front_shiny": null, "front_shiny_female": null}}, "generation-vii": {"icons": {"front_default": null, "front_female": null}, "ultra-sun-ultra-moon": {"front_default": null, "front_female": null, "front_shiny": null, "front_shiny_female": null}}, "generation-viii": {"icons": {"front_default": "https://raw.githubusercontent.com/PokeAPI/sprites/master/sprites/pokemon/versions/generation-viii/icons/866.png", "front_female": null}}}}, "stats": [{"base_stat": 80, "effort": 0, "stat": {"name": "hp", "url": "https://pokeapi.co/api/v2/stat/1/"}}, {"base_stat": 85, "effort": 0, "stat": {"name": "attack", "url": "https://pokeapi.co/api/v2/stat/2/"}}, {"base_stat": 75, "effort": 0, "stat": {"name": "defense", "url": "https://pokeapi.co/api/v2/stat/3/"}}, {"base_stat": 110, "effort": 3, "stat": {"name": "special-attack", "url": "https://pokeapi.co/api/v2/stat/4/"}}, {"base_stat": 100, "effort": 0, "stat": {"name": "special-defense", "url": "https://pokeapi.co/api/v2/stat/5/"}}, {"base_stat": 70, "effort": 0, "stat": {"name": "speed", "url": "https://pokeapi.co/api/v2/stat/6/"}}], "types": [{"slot": 1, "type": {"name": "ice", "url": "https://pokeapi.co/api/v2/type/15/"}}, {"slot": 2, "type": {"name": "psychic", "url": "https://pokeapi.co/api/v2/type/14/"}}], "weight": 582}