{"accuracy": 100, "contest_combos": null, "contest_effect": {"url": "https://pokeapi.co/api/v2/contest-effect/32/"}, "contest_type": {"name": "tough", "url": "https://pokeapi.co/api/v2/contest-type/5/"}, "damage_class": {"name": "special", "url": "https://pokeapi.co/api/v2/move-damage-class/3/"}, "effect_chance": 10, "effect_changes": [], "effect_entries": [{"effect": "Inflicts regular damage. Has a 10% chance to raise all of the user\u2019s stats one stage.", "language": {"name": "en", "url": "https://pokeapi.co/api/v2/language/9/"}, "short_effect": "Has a 10% chance to raise all of the user\u2019s stats by one stage."}], "flavor_text_entries": [{"flavor_text": "An attack that may\nraise all stats.", "language": {"name": "en", "url": "https://pokeapi.co/api/v2/language/9/"}, "version_group": {"name": "gold-silver", "url": "https://pokeapi.co/api/v2/version-group/3/"}}, {"flavor_text": "An attack that may\nraise all stats.", "language": {"name": "en", "url": "https://pokeapi.co/api/v2/language/9/"}, "version_group": {"name": "crystal", "url": "https://pokeapi.co/api/v2/version-group/4/"}}, {"flavor_text": "An attack that may raise\nall stats.", "language": {"name": "en", "url": "https://pokeapi.co/api/v2/language/9/"}, "version_group": {"name": "ruby-sapphire", "url": "https://pokeapi.co/api/v2/version-group/5/"}}, {"flavor_text": "An attack that may raise\nall stats.", "language": {"name": "en", "url": "https://pokeapi.co/api/v2/language/9/"}, "version_group": {"name": "emerald", "url": "https://pokeapi.co/api/v2/version-group/6/"}}, {"flavor_text": "An ancient power is\nused to attack. It\nmay also raise all\nthe user\u2019s stats.", "language": {"name": "en", "url": "https://pokeapi.co/api/v2/language/9/"}, "version_group": {"name": "firered-leafgreen", "url": "https://pokeapi.co/api/v2/version-group/7/"}}, {"flavor_text": "The user attacks with\na prehistoric power.\nIt may also raise all\nthe user\u2019s stats at\nonce.", "language": {"name": "en", "url": "https://pokeapi.co/api/v2/language/9/"}, "version_group": {"name": "diamond-pearl", "url": "https://pokeapi.co/api/v2/version-group/8/"}}, {"flavor_text": "The user attacks with\na prehistoric power.\nIt may also raise all\nthe user\u2019s stats at\nonce.", "language": {"name": "en", "url": "https://pokeapi.co/api/v2/language/9/"}, "version_group": {"name": "platinum", "url": "https://pokeapi.co/api/v2/version-group/9/"}}, {"flavor_text": "The user attacks with\na prehistoric power.\nIt may also raise all\nthe user\u2019s stats at\nonce.", "language": {"name": "en", "url": "https://pokeapi.co/api/v2/language/9/"}, "version_group": {"name": "heartgold-soulsilver", "url": "https://pokeapi.co/api/v2/version-group/10/"}}, {"flavor_text": "Une attaque pr\u00e9historique qui peut\naugmenter toutes les stats du lanceur\nd\u2019un seul coup.", "language": {"name": "fr", "url": "https://pokeapi.co/api/v2/language/5/"}, "version_group": {"name": "black-white", "url": "https://pokeapi.co/api/v2/version-group/11/"}}, {"flavor_text": "The user attacks with a prehistoric power.\nIt may also raise all the user\u2019s stats\nat once.", "language": {"name": "en", "url": "https://pokeapi.co/api/v2/language/9/"}, "version_group": {"name": "black-white", "url": "https://pokeapi.co/api/v2/version-group/11/"}}, {"flavor_text": "The user attacks with a prehistoric power.\nIt may also raise all the user\u2019s stats\nat once.", "language": {"name": "en", "url": "https://pokeapi.co/api/v2/language/9/"}, "version_group": {"name": "black-2-white-2", "url": "https://pokeapi.co/api/v2/version-group/14/"}}, {"flavor_text": "\u3052\u3093\u3057\u306e\u3000\u3061\u304b\u3089\u3067\u3000\u3053\u3046\u3052\u304d\u3059\u308b\u3002\n\u3058\u3076\u3093\u306e\u3000\u3059\u3079\u3066\u306e\n\u306e\u3046\u308a\u3087\u304f\u304c\u3000\u3042\u304c\u308b\u3053\u3068\u304c\u3000\u3042\u308b\u3002", "language": {"name": "ja-Hrkt", "url": "https://pokeapi.co/api/v2/language/1/"}, "version_group": {"name": "x-y", "url": "https://pokeapi.co/api/v2/version-group/15/"}}, {"flavor_text": "\uc6d0\uc2dc\uc758 \ud798\uc73c\ub85c \uacf5\uaca9\ud55c\ub2e4.\n\uc790\uc2e0\uc758 \ubaa8\ub4e0\n\ub2a5\ub825\uc774 \uc624\ub97c \ub54c\uac00 \uc788\ub2e4.", "language": {"name": "ko", "url": "https://pokeapi.co/api/v2/language/3/"}, "version_group": {"name": "x-y", "url": "https://pokeapi.co/api/v2/version-group/15/"}}, {"flavor_text": "Une attaque pr\u00e9historique qui peut augmenter\ntoutes les stats du lanceur d\u2019un seul coup.", "language": {"name": "fr", "url": "https://pokeapi.co/api/v2/language/5/"}, "version_group": {"name": "x-y", "url": "https://pokeapi.co/api/v2/version-group/15/"}}, {"flavor_text": "Angriff mit antiker Kraft, der alle Statuswerte\nerh\u00f6hen kann.", "language": {"name": "de", "url": "https://pokeapi.co/api/v2/language/6/"}, "version_group": {"name": "x-y", "url": "https://pokeapi.co/api/v2/version-group/15/"}}, {"flavor_text": "Ataque prehist\u00f3rico que puede subir todas las\ncaracter\u00edsticas.", "language": {"name": "es", "url": "https://pokeapi.co/api/v2/language/7/"}, "version_group": {"name": "x-y", "url": "https://pokeapi.co/api/v2/version-group/15/"}}, {"flavor_text": "Colpisce il bersaglio con una forza primordiale.\nPu\u00f2 aumentare tutte le statistiche.", "language": {"name": "it", "url": "https://pokeapi.co/api/v2/language/8/"}, "version_group": {"name": "x-y", "url": "https://pokeapi.co/api/v2/version-group/15/"}}, {"flavor_text": "The user attacks with a prehistoric power.\nThis may also raise all the user\u2019s stats\nat once.", "language": {"name": "en", "url": "https://pokeapi.co/api/v2/language/9/"}, "version_group": {"name": "x-y", "url": "https://pokeapi.co/api/v2/version-group/15/"}}, {"flavor_text": "\u539f\u59cb\u306e\u3000\u529b\u3067\u3000\u653b\u6483\u3059\u308b\u3002\n\u81ea\u5206\u306e\u3000\u3059\u3079\u3066\u306e\n\u80fd\u529b\u304c\u3000\u3042\u304c\u308b\u3053\u3068\u304c\u3000\u3042\u308b\u3002", "language": {"name": "ja", "url": "https://pokeapi.co/api/v2/language/11/"}, "version_group": {"name": "x-y", "url": "https://pokeapi.co/api/v2/version-group/15/"}}, {"flavor_text": "\u3052\u3093\u3057\u306e\u3000\u3061\u304b\u3089\u3067\u3000\u3053\u3046\u3052\u304d\u3059\u308b\u3002\n\u3058\u3076\u3093\u306e\u3000\u3059\u3079\u3066\u306e\n\u306e\u3046\u308a\u3087\u304f\u304c\u3000\u3042\u304c\u308b\u3053\u3068\u304c\u3000\u3042\u308b\u3002", "language": {"name": "ja-Hrkt", "url": "https://pokeapi.co/api/v2/language/1/"}, "version_group": {"name": "omega-ruby-alpha-sapphire", "url": "https://pokeapi.co/api/v2/version-group/16/"}}, {"flavor_text": "\uc6d0\uc2dc\uc758 \ud798\uc73c\ub85c \uacf5\uaca9\ud55c\ub2e4.\n\uc790\uc2e0\uc758 \ubaa8\ub4e0\n\ub2a5\ub825\uc774 \uc624\ub97c \ub54c\uac00 \uc788\ub2e4.", "language": {"name": "ko", "url": "https://pokeapi.co/api/v2/language/3/"}, "version_group": {"name": "omega-ruby-alpha-sapphire", "url": "https://pokeapi.co/api/v2/version-group/16/"}}, {"flavor_text": "Une attaque pr\u00e9historique qui peut augmenter\ntoutes les stats du lanceur d\u2019un seul coup.", "language": {"name": "fr", "url": "https://pokeapi.co/api/v2/language/5/"}, "version_group": {"name": "omega-ruby-alpha-sapphire", "url": "https://pokeapi.co/api/v2/version-group/16/"}}, {"flavor_text": "Angriff mit antiker Kraft, der alle Statuswerte\nerh\u00f6hen kann.", "language": {"name": "de", "url": "https://pokeapi.co/api/v2/language/6/"}, "version_group": {"name": "omega-ruby-alpha-sapphire", "url": "https://pokeapi.co/api/v2/version-group/16/"}}, {"flavor_text": "Ataque prehist\u00f3rico que puede subir todas las \ncaracter\u00edsticas.", "language": {"name": "es", "url": "https://pokeapi.co/api/v2/language/7/"}, "version_group": {"name": "omega-ruby-alpha-sapphire", "url": "https://pokeapi.co/api/v2/version-group/16/"}}, {"flavor_text": "Colpisce il bersaglio con una forza primordiale.\nPu\u00f2 aumentare tutte le statistiche.", "language": {"name": "it", "url": "https://pokeapi.co/api/v2/language/8/"}, "version_group": {"name": "omega-ruby-alpha-sapphire", "url": "https://pokeapi.co/api/v2/version-group/16/"}}, {"flavor_text": "The user attacks with a prehistoric power.\nThis may also raise all the user\u2019s stats\nat once.", "language": {"name": "en", "url": "https://pokeapi.co/api/v2/language/9/"}, "version_group": {"name": "omega-ruby-alpha-sapphire", "url": "https://pokeapi.co/api/v2/version-group/16/"}}, {"flavor_text": "\u539f\u59cb\u306e\u3000\u529b\u3067\u3000\u653b\u6483\u3059\u308b\u3002\n\u81ea\u5206\u306e\u3000\u3059\u3079\u3066\u306e\n\u80fd\u529b\u304c\u3000\u3042\u304c\u308b\u3053\u3068\u304c\u3000\u3042\u308b\u3002", "language": {"name": "ja", "url": "https://pokeapi.co/api/v2/language/11/"}, "version_group": {"name": "omega-ruby-alpha-sapphire", "url": "https://pokeapi.co/api/v2/version-group/16/"}}, {"flavor_text": "\u3052\u3093\u3057\u306e\u3000\u3061\u304b\u3089\u3067\u3000\u3053\u3046\u3052\u304d\u3059\u308b\u3002\n\u3058\u3076\u3093\u306e\u3000\u3059\u3079\u3066\u306e\n\u306e\u3046\u308a\u3087\u304f\u304c\u3000\u3042\u304c\u308b\u3053\u3068\u304c\u3000\u3042\u308b\u3002", "language": {"name": "ja-Hrkt", "url": "https://pokeapi.co/api/v2/language/1/"}, "version_group": {"name": "sun-moon", "url": "https://pokeapi.co/api/v2/version-group/17/"}}, {"flavor_text": "\uc6d0\uc2dc\uc758 \ud798\uc73c\ub85c \uacf5\uaca9\ud55c\ub2e4.\n\uc790\uc2e0\uc758 \ubaa8\ub4e0\n\ub2a5\ub825\uc774 \uc624\ub97c \ub54c\uac00 \uc788\ub2e4.", "language": {"name": "ko", "url": "https://pokeapi.co/api/v2/language/3/"}, "version_group": {"name": "sun-moon", "url": "https://pokeapi.co/api/v2/version-group/17/"}}, {"flavor_text": "\u7528\u539f\u59cb\u4e4b\u529b\u9032\u884c\u653b\u64ca\u3002\n\u6709\u6642\u6703\u63d0\u9ad8\n\u81ea\u5df1\u7684\u6240\u6709\u80fd\u529b\u3002", "language": {"name": "zh-Hant", "url": "https://pokeapi.co/api/v2/language/4/"}, "version_group": {"name": "sun-moon", "url": "https://pokeapi.co/api/v2/version-group/17/"}}, {"flavor_text": "Une attaque pr\u00e9historique qui peut augmenter\ntoutes les stats du lanceur d\u2019un seul coup.", "language": {"name": "fr", "url": "https://pokeapi.co/api/v2/language/5/"}, "version_group": {"name": "sun-moon", "url": "https://pokeapi.co/api/v2/version-group/17/"}}, {"flavor_text": "Angriff mit antiker Kraft, der alle Statuswerte\nerh\u00f6hen kann.", "language": {"name": "de", "url": "https://pokeapi.co/api/v2/language/6/"}, "version_group": {"name": "sun-moon", "url": "https://pokeapi.co/api/v2/version-group/17/"}}, {"flavor_text": "Ataque prehist\u00f3rico que puede subir todas las \ncaracter\u00edsticas.", "language": {"name": "es", "url": "https://pokeapi.co/api/v2/language/7/"}, "version_group": {"name": "sun-moon", "url": "https://pokeapi.co/api/v2/version-group/17/"}}, {"flavor_text": "Colpisce il bersaglio con una forza primordiale.\nPu\u00f2 aumentare tutte le statistiche.", "language": {"name": "it", "url": "https://pokeapi.co/api/v2/language/8/"}, "version_group": {"name": "sun-moon", "url": "https://pokeapi.co/api/v2/version-group/17/"}}, {"flavor_text": "The user attacks with a prehistoric power.\nThis may also raise all the user\u2019s stats at once.", "language": {"name": "en", "url": "https://pokeapi.co/api/v2/language/9/"}, "version_group": {"name": "sun-moon", "url": "https://pokeapi.co/api/v2/version-group/17/"}}, {"flavor_text": "\u539f\u59cb\u306e\u3000\u529b\u3067\u3000\u653b\u6483\u3059\u308b\u3002\n\u81ea\u5206\u306e\u3000\u3059\u3079\u3066\u306e\n\u80fd\u529b\u304c\u3000\u3042\u304c\u308b\u3053\u3068\u304c\u3000\u3042\u308b\u3002", "language": {"name": "ja", "url": "https://pokeapi.co/api/v2/language/11/"}, "version_group": {"name": "sun-moon", "url": "https://pokeapi.co/api/v2/version-group/17/"}}, {"flavor_text": "\u7528\u539f\u59cb\u4e4b\u529b\u8fdb\u884c\u653b\u51fb\u3002\n\u6709\u65f6\u4f1a\u63d0\u9ad8\n\u81ea\u5df1\u6240\u6709\u7684\u80fd\u529b\u3002", "language": {"name": "zh-Hans", "url": "https://pokeapi.co/api/v2/language/12/"}, "version_group": {"name": "sun-moon", "url": "https://pokeapi.co/api/v2/version-group/17/"}}, {"flavor_text": "\u3052\u3093\u3057\u306e\u3000\u3061\u304b\u3089\u3067\u3000\u3053\u3046\u3052\u304d\u3059\u308b\u3002\n\u3058\u3076\u3093\u306e\u3000\u3059\u3079\u3066\u306e\n\u306e\u3046\u308a\u3087\u304f\u304c\u3000\u3042\u304c\u308b\u3053\u3068\u304c\u3000\u3042\u308b\u3002", "language": {"name": "ja-Hrkt", "url": "https://pokeapi.co/api/v2/language/1/"}, "version_group": {"name": "ultra-sun-ultra-moon", "url": "https://pokeapi.co/api/v2/version-group/18/"}}, {"flavor_text": "\uc6d0\uc2dc\uc758 \ud798\uc73c\ub85c \uacf5\uaca9\ud55c\ub2e4.\n\uc790\uc2e0\uc758 \ubaa8\ub4e0\n\ub2a5\ub825\uc774 \uc624\ub97c \ub54c\uac00 \uc788\ub2e4.", "language": {"name": "ko", "url": "https://pokeapi.co/api/v2/language/3/"}, "version_group": {"name": "ultra-sun-ultra-moon", "url": "https://pokeapi.co/api/v2/version-group/18/"}}, {"flavor_text": "\u7528\u539f\u59cb\u4e4b\u529b\u9032\u884c\u653b\u64ca\u3002\n\u6709\u6642\u6703\u63d0\u9ad8\n\u81ea\u5df1\u7684\u6240\u6709\u80fd\u529b\u3002", "language": {"name": "zh-Hant", "url": "https://pokeapi.co/api/v2/language/4/"}, "version_group": {"name": "ultra-sun-ultra-moon", "url": "https://pokeapi.co/api/v2/version-group/18/"}}, {"flavor_text": "Une attaque pr\u00e9historique qui peut augmenter\ntoutes les stats du lanceur d\u2019un seul coup.", "language": {"name": "fr", "url": "https://pokeapi.co/api/v2/language/5/"}, "version_group": {"name": "ultra-sun-ultra-moon", "url": "https://pokeapi.co/api/v2/version-group/18/"}}, {"flavor_text": "Angriff mit antiker Kraft, der alle Statuswerte\nerh\u00f6hen kann.", "language": {"name": "de", "url": "https://pokeapi.co/api/v2/language/6/"}, "version_group": {"name": "ultra-sun-ultra-moon", "url": "https://pokeapi.co/api/v2/version-group/18/"}}, {"flavor_text": "Ataque prehist\u00f3rico que puede subir todas las \ncaracter\u00edsticas.", "language": {"name": "es", "url": "https://pokeapi.co/api/v2/language/7/"}, "version_group": {"name": "ultra-sun-ultra-moon", "url": "https://pokeapi.co/api/v2/version-group/18/"}}, {"flavor_text": "Colpisce il bersaglio con una forza primordiale.\nPu\u00f2 aumentare tutte le statistiche.", "language": {"name": "it", "url": "https://pokeapi.co/api/v2/language/8/"}, "version_group": {"name": "ultra-sun-ultra-moon", "url": "https://pokeapi.co/api/v2/version-group/18/"}}, {"flavor_text": "The user attacks with a prehistoric power.\nThis may also raise all the user\u2019s stats at once.", "language": {"name": "en", "url": "https://pokeapi.co/api/v2/language/9/"}, "version_group": {"name": "ultra-sun-ultra-moon", "url": "https://pokeapi.co/api/v2/version-group/18/"}}, {"flavor_text": "\u539f\u59cb\u306e\u3000\u529b\u3067\u3000\u653b\u6483\u3059\u308b\u3002\n\u81ea\u5206\u306e\u3000\u3059\u3079\u3066\u306e\n\u80fd\u529b\u304c\u3000\u3042\u304c\u308b\u3053\u3068\u304c\u3000\u3042\u308b\u3002", "language": {"name": "ja", "url": "https://pokeapi.co/api/v2/language/11/"}, "version_group": {"name": "ultra-sun-ultra-moon", "url": "https://pokeapi.co/api/v2/version-group/18/"}}, {"flavor_text": "\u7528\u539f\u59cb\u4e4b\u529b\u8fdb\u884c\u653b\u51fb\u3002\n\u6709\u65f6\u4f1a\u63d0\u9ad8\n\u81ea\u5df1\u6240\u6709\u7684\u80fd\u529b\u3002", "language": {"name": "zh-Hans", "url": "https://pokeapi.co/api/v2/language/12/"}, "version_group": {"name": "ultra-sun-ultra-moon", "url": "https://pokeapi.co/api/v2/version-group/18/"}}, {"flavor_text": "\u3052\u3093\u3057\u306e\u3000\u3061\u304b\u3089\u3067\u3000\u3053\u3046\u3052\u304d\u3059\u308b\u3002\n\u3058\u3076\u3093\u306e\u3000\u3059\u3079\u3066\u306e\n\u306e\u3046\u308a\u3087\u304f\u304c\u3000\u3042\u304c\u308b\u3053\u3068\u304c\u3000\u3042\u308b\u3002", "language": {"name": "ja-Hrkt", "url": "https://pokeapi.co/api/v2/language/1/"}, "version_group": {"name": "lets-go-pikachu-lets-go-eevee", "url": "https://pokeapi.co/api/v2/version-group/19/"}}, {"flavor_text": "\uc6d0\uc2dc\uc758 \ud798\uc73c\ub85c \uacf5\uaca9\ud55c\ub2e4.\n\uc790\uc2e0\uc758 \ubaa8\ub4e0\n\ub2a5\ub825\uc774 \uc624\ub97c \ub54c\uac00 \uc788\ub2e4.", "language": {"name": "ko", "url": "https://pokeapi.co/api/v2/language/3/"}, "version_group": {"name": "lets-go-pikachu-lets-go-eevee", "url": "https://pokeapi.co/api/v2/version-group/19/"}}, {"flavor_text": "\u7528\u539f\u59cb\u4e4b\u529b\u9032\u884c\u653b\u64ca\u3002\n\u6709\u6642\u6703\u63d0\u9ad8\n\u81ea\u5df1\u7684\u6240\u6709\u80fd\u529b\u3002", "language": {"name": "zh-Hant", "url": "https://pokeapi.co/api/v2/language/4/"}, "version_group": {"name": "lets-go-pikachu-lets-go-eevee", "url": "https://pokeapi.co/api/v2/version-group/19/"}}, {"flavor_text": "Une attaque pr\u00e9historique qui peut augmenter\ntoutes les stats du lanceur d\u2019un seul coup.", "language": {"name": "fr", "url": "https://pokeapi.co/api/v2/language/5/"}, "version_group": {"name": "lets-go-pikachu-lets-go-eevee", "url": "https://pokeapi.co/api/v2/version-group/19/"}}, {"flavor_text": "Angriff mit antiker Kraft, der alle Statuswerte\nerh\u00f6hen kann.", "language": {"name": "de", "url": "https://pokeapi.co/api/v2/language/6/"}, "version_group": {"name": "lets-go-pikachu-lets-go-eevee", "url": "https://pokeapi.co/api/v2/version-group/19/"}}, {"flavor_text": "Ataque prehist\u00f3rico que puede subir todas las \ncaracter\u00edsticas.", "language": {"name": "es", "url": "https://pokeapi.co/api/v2/language/7/"}, "version_group": {"name": "lets-go-pikachu-lets-go-eevee", "url": "https://pokeapi.co/api/v2/version-group/19/"}}, {"flavor_text": "Colpisce il bersaglio con una forza primordiale.\nPu\u00f2 aumentare tutte le statistiche.", "language": {"name": "it", "url": "https://pokeapi.co/api/v2/language/8/"}, "version_group": {"name": "lets-go-pikachu-lets-go-eevee", "url": "https://pokeapi.co/api/v2/version-group/19/"}}, {"flavor_text": "The user attacks with a prehistoric power.\nThis may also raise all the user\u2019s stats at once.", "language": {"name": "en", "url": "https://pokeapi.co/api/v2/language/9/"}, "version_group": {"name": "lets-go-pikachu-lets-go-eevee", "url": "https://pokeapi.co/api/v2/version-group/19/"}}, {"flavor_text": "\u539f\u59cb\u306e\u3000\u529b\u3067\u3000\u653b\u6483\u3059\u308b\u3002\n\u81ea\u5206\u306e\u3000\u3059\u3079\u3066\u306e\n\u80fd\u529b\u304c\u3000\u3042\u304c\u308b\u3053\u3068\u304c\u3000\u3042\u308b\u3002", "language": {"name": "ja", "url": "https://pokeapi.co/api/v2/language/11/"}, "version_group": {"name": "lets-go-pikachu-lets-go-eevee", "url": "https://pokeapi.co/api/v2/version-group/19/"}}, {"flavor_text": "\u7528\u539f\u59cb\u4e4b\u529b\u8fdb\u884c\u653b\u51fb\u3002\n\u6709\u65f6\u4f1a\u63d0\u9ad8\n\u81ea\u5df1\u6240\u6709\u7684\u80fd\u529b\u3002", "language": {"name": "zh-Hans", "url": "https://pokeapi.co/api/v2/language/12/"}, "version_group": {"name": "lets-go-pikachu-lets-go-eevee", "url": "https://pokeapi.co/api/v2/version-group/19/"}}, {"flavor_text": "\u3052\u3093\u3057\u306e\u3000\u3061\u304b\u3089\u3067\u3000\u3053\u3046\u3052\u304d\u3059\u308b\u3002\n\u3058\u3076\u3093\u306e\u3000\u3059\u3079\u3066\u306e\n\u306e\u3046\u308a\u3087\u304f\u304c\u3000\u3042\u304c\u308b\u3053\u3068\u304c\u3000\u3042\u308b\u3002", "language": {"name": "ja-Hrkt", "url": "https://pokeapi.co/api/v2/language/1/"}, "version_group": {"name": "sword-shield", "url": "https://pokeapi.co/api/v2/version-group/20/"}}, {"flavor_text": "\uc6d0\uc2dc\uc758 \ud798\uc73c\ub85c \uacf5\uaca9\ud55c\ub2e4.\n\uc790\uc2e0\uc758 \ubaa8\ub4e0\n\ub2a5\ub825\uc774 \uc624\ub97c \ub54c\uac00 \uc788\ub2e4.", "language": {"name": "ko", "url": "https://pokeapi.co/api/v2/language/3/"}, "version_group": {"name": "sword-shield", "url": "https://pokeapi.co/api/v2/version-group/20/"}}, {"flavor_text": "\u7528\u539f\u59cb\u4e4b\u529b\u9032\u884c\u653b\u64ca\u3002\n\u6709\u6642\u6703\u63d0\u9ad8\n\u81ea\u5df1\u7684\u6240\u6709\u80fd\u529b\u3002", "language": {"name": "zh-Hant", "url": "https://pokeapi.co/api/v2/language/4/"}, "version_group": {"name": "sword-shield", "url": "https://pokeapi.co/api/v2/version-group/20/"}}, {"flavor_text": "Une attaque pr\u00e9historique qui peut augmenter\ntoutes les stats du lanceur d\u2019un seul coup.", "language": {"name": "fr", "url": "https://pokeapi.co/api/v2/language/5/"}, "version_group": {"name": "sword-shield", "url": "https://pokeapi.co/api/v2/version-group/20/"}}, {"flavor_text": "Angriff mit antiker Kraft, der alle Statuswerte\nerh\u00f6hen kann.", "language": {"name": "de", "url": "https://pokeapi.co/api/v2/language/6/"}, "version_group": {"name": "sword-shield", "url": "https://pokeapi.co/api/v2/version-group/20/"}}, {"flavor_text": "Ataque prehist\u00f3rico que puede subir todas las \ncaracter\u00edsticas.", "language": {"name": "es", "url": "https://pokeapi.co/api/v2/language/7/"}, "version_group": {"name": "sword-shield", "url": "https://pokeapi.co/api/v2/version-group/20/"}}, {"flavor_text": "Colpisce il bersaglio con una forza primordiale.\nPu\u00f2 aumentare tutte le statistiche.", "language": {"name": "it", "url": "https://pokeapi.co/api/v2/language/8/"}, "version_group": {"name": "sword-shield", "url": "https://pokeapi.co/api/v2/version-group/20/"}}, {"flavor_text": "The user attacks with a prehistoric power.\nThis may also raise all the user\u2019s stats at once.", "language": {"name": "en", "url": "https://pokeapi.co/api/v2/language/9/"}, "version_group": {"name": "sword-shield", "url": "https://pokeapi.co/api/v2/version-group/20/"}}, {"flavor_text": "\u539f\u59cb\u306e\u3000\u529b\u3067\u3000\u653b\u6483\u3059\u308b\u3002\n\u81ea\u5206\u306e\u3000\u3059\u3079\u3066\u306e\n\u80fd\u529b\u304c\u3000\u3042\u304c\u308b\u3053\u3068\u304c\u3000\u3042\u308b\u3002", "language": {"name": "ja", "url": "https://pokeapi.co/api/v2/language/11/"}, "version_group": {"name": "sword-shield", "url": "https://pokeapi.co/api/v2/version-group/20/"}}, {"flavor_text": "\u7528\u539f\u59cb\u4e4b\u529b\u8fdb\u884c\u653b\u51fb\u3002\n\u6709\u65f6\u4f1a\u63d0\u9ad8\n\u81ea\u5df1\u6240\u6709\u7684\u80fd\u529b\u3002", "language": {"name": "zh-Hans", "url": "https://pokeapi.co/api/v2/language/12/"}, "version_group": {"name": "sword-shield", "url": "https://pokeapi.co/api/v2/version-group/20/"}}, {"flavor_text": "The user attacks with a primeval power. This may also raise the user's offensive and defensive stats.", "language": {"name": "en", "url": "https://pokeapi.co/api/v2/language/9/"}, "version_group": {"name": "legends-arceus", "url": "https://pokeapi.co/api/v2/version-group/24/"}}, {"flavor_text": "The user attacks with a prehistoric power. This may also boost all the user's stats at once.", "language": {"name": "en", "url": "https://pokeapi.co/api/v2/language/9/"}, "version_group": {"name": "scarlet-violet", "url": "https://pokeapi.co/api/v2/version-group/25/"}}], "generation": {"name": "generation-ii", "url": "https://pokeapi.co/api/v2/generation/2/"}, "id": 246, "learned_by_pokemon": [{"name": "charmander", "url": "https://pokeapi.co/api/v2/pokemon/4/"}, {"name": "charmeleon", "url": "https://pokeapi.co/api/v2/pokemon/5/"}, {"name": "charizard", "url": "https://pokeapi.co/api/v2/pokemon/6/"}, {"name": "diglett", "url": "https://pokeapi.co/api/v2/pokemon/50/"}, {"name": "geodude", "url": "https://pokeapi.co/api/v2/pokemon/74/"}, {"name": "graveler", "url": "https://pokeapi.co/api/v2/pokemon/75/"}, {"name": "golem", "url": "https://pokeapi.co/api/v2/pokemon/76/"}, {"name": "onix", "url": "https://pokeapi.co/api/v2/pokemon/95/"}, {"name": "krabby", "url": "https://pokeapi.co/api/v2/pokemon/98/"}, {"name": "kingler", "url": "https://pokeapi.co/api/v2/pokemon/99/"}, {"name": "exeggcute", "url": "https://pokeapi.co/api/v2/pokemon/102/"}, {"name": "exeggutor", "url": "https://pokeapi.co/api/v2/pokemon/103/"}, {"name": "cubone", "url": "https://pokeapi.co/api/v2/pokemon/104/"}, {"name": "rhyhorn", "url": "https://pokeapi.co/api/v2/pokemon/111/"}, {"name": "rhydon", "url": "https://pokeapi.co/api/v2/pokemon/112/"}, {"name": "tangela", "url": "https://pokeapi.co/api/v2/pokemon/114/"}, {"name": "lapras", "url": "https://pokeapi.co/api/v2/pokemon/131/"}, {"name": "omanyte", "url": "https://pokeapi.co/api/v2/pokemon/138/"}, {"name": "omastar", "url": "https://pokeapi.co/api/v2/pokemon/139/"}, {"name": "kabuto", "url": "https://pokeapi.co/api/v2/pokemon/140/"}, {"name": "kabutops", "url": "https://pokeapi.co/api/v2/pokemon/141/"}, {"name": "aerodactyl", "url": "https://pokeapi.co/api/v2/pokemon/142/"}, {"name": "articuno", "url": "https://pokeapi.co/api/v2/pokemon/144/"}, {"name": "zapdos", "url": "https://pokeapi.co/api/v2/pokemon/145/"}, {"name": "moltres", "url": "https://pokeapi.co/api/v2/pokemon/146/"}, {"name": "mewtwo", "url": "https://pokeapi.co/api/v2/pokemon/150/"}, {"name": "mew", "url": "https://pokeapi.co/api/v2/pokemon/151/"}, {"name": "chikorita", "url": "https://pokeapi.co/api/v2/pokemon/152/"}, {"name": "bayleef", "url": "https://pokeapi.co/api/v2/pokemon/153/"}, {"name": "meganium", "url": "https://pokeapi.co/api/v2/pokemon/154/"}, {"name": "totodile", "url": "https://pokeapi.co/api/v2/pokemon/158/"}, {"name": "croconaw", "url": "https://pokeapi.co/api/v2/pokemon/159/"}, {"name": "feraligatr", "url": "https://pokeapi.co/api/v2/pokemon/160/"}, {"name": "togepi", "url": "https://pokeapi.co/api/v2/pokemon/175/"}, {"name": "togetic", "url": "https://pokeapi.co/api/v2/pokemon/176/"}, {"name": "yanma", "url": "https://pokeapi.co/api/v2/pokemon/193/"}, {"name": "wooper", "url": "https://pokeapi.co/api/v2/pokemon/194/"}, {"name": "quagsire", "url": "https://pokeapi.co/api/v2/pokemon/195/"}, {"name": "dunsparce", "url": "https://pokeapi.co/api/v2/pokemon/206/"}, {"name": "steelix", "url": "https://pokeapi.co/api/v2/pokemon/208/"}, {"name": "shuckle", "url": "https://pokeapi.co/api/v2/pokemon/213/"}, {"name": "slugma", "url": "https://pokeapi.co/api/v2/pokemon/218/"}, {"name": "magcargo", "url": "https://pokeapi.co/api/v2/pokemon/219/"}, {"name": "swinub", "url": "https://pokeapi.co/api/v2/pokemon/220/"}, {"name": "piloswine", "url": "https://pokeapi.co/api/v2/pokemon/221/"}, {"name": "corsola", "url": "https://pokeapi.co/api/v2/pokemon/222/"}, {"name": "phanpy", "url": "https://pokeapi.co/api/v2/pokemon/231/"}, {"name": "donphan", "url": "https://pokeapi.co/api/v2/pokemon/232/"}, {"name": "larvitar", "url": "https://pokeapi.co/api/v2/pokemon/246/"}, {"name": "pupitar", "url": "https://pokeapi.co/api/v2/pokemon/247/"}, {"name": "tyranitar", "url": "https://pokeapi.co/api/v2/pokemon/248/"}, {"name": "lugia", "url": "https://pokeapi.co/api/v2/pokemon/249/"}, {"name": "ho-oh", "url": "https://pokeapi.co/api/v2/pokemon/250/"}, {"name": "celebi", "url": "https://pokeapi.co/api/v2/pokemon/251/"}, {"name": "mudkip", "url": "https://pokeapi.co/api/v2/pokemon/258/"}, {"name": "marshtomp", "url": "https://pokeapi.co/api/v2/pokemon/259/"}, {"name": "swampert", "url": "https://pokeapi.co/api/v2/pokemon/260/"}, {"name": "nosepass", "url": "https://pokeapi.co/api/v2/pokemon/299/"}, {"name": "mawile", "url": "https://pokeapi.co/api/v2/pokemon/303/"}, {"name": "aron", "url": "https://pokeapi.co/api/v2/pokemon/304/"}, {"name": "lairon", "url": "https://pokeapi.co/api/v2/pokemon/305/"}, {"name": "aggron", "url": "https://pokeapi.co/api/v2/pokemon/306/"}, {"name": "carvanha", "url": "https://pokeapi.co/api/v2/pokemon/318/"}, {"name": "sharpedo", "url": "https://pokeapi.co/api/v2/pokemon/319/"}, {"name": "numel", "url": "https://pokeapi.co/api/v2/pokemon/322/"}, {"name": "torkoal", "url": "https://pokeapi.co/api/v2/pokemon/324/"}, {"name": "lunatone", "url": "https://pokeapi.co/api/v2/pokemon/337/"}, {"name": "solrock", "url": "https://pokeapi.co/api/v2/pokemon/338/"}, {"name": "corphish", "url": "https://pokeapi.co/api/v2/pokemon/341/"}, {"name": "crawdaunt", "url": "https://pokeapi.co/api/v2/pokemon/342/"}, {"name": "baltoy", "url": "https://pokeapi.co/api/v2/pokemon/343/"}, {"name": "claydol", "url": "https://pokeapi.co/api/v2/pokemon/344/"}, {"name": "lileep", "url": "https://pokeapi.co/api/v2/pokemon/345/"}, {"name": "cradily", "url": "https://pokeapi.co/api/v2/pokemon/346/"}, {"name": "anorith", "url": "https://pokeapi.co/api/v2/pokemon/347/"}, {"name": "armaldo", "url": "https://pokeapi.co/api/v2/pokemon/348/"}, {"name": "kecleon", "url": "https://pokeapi.co/api/v2/pokemon/352/"}, {"name": "relicanth", "url": "https://pokeapi.co/api/v2/pokemon/369/"}, {"name": "regirock", "url": "https://pokeapi.co/api/v2/pokemon/377/"}, {"name": "regice", "url": "https://pokeapi.co/api/v2/pokemon/378/"}, {"name": "registeel", "url": "https://pokeapi.co/api/v2/pokemon/379/"}, {"name": "kyogre", "url": "https://pokeapi.co/api/v2/pokemon/382/"}, {"name": "groudon", "url": "https://pokeapi.co/api/v2/pokemon/383/"}, {"name": "rayquaza", "url": "https://pokeapi.co/api/v2/pokemon/384/"}, {"name": "jirachi", "url": "https://pokeapi.co/api/v2/pokemon/385/"}, {"name": "cranidos", "url": "https://pokeapi.co/api/v2/pokemon/408/"}, {"name": "rampardos", "url": "https://pokeapi.co/api/v2/pokemon/409/"}, {"name": "shieldon", "url": "https://pokeapi.co/api/v2/pokemon/410/"}, {"name": "bastiodon", "url": "https://pokeapi.co/api/v2/pokemon/411/"}, {"name": "shellos", "url": "https://pokeapi.co/api/v2/pokemon/422/"}, {"name": "gastrodon", "url": "https://pokeapi.co/api/v2/pokemon/423/"}, {"name": "bronzor", "url": "https://pokeapi.co/api/v2/pokemon/436/"}, {"name": "bronzong", "url": "https://pokeapi.co/api/v2/pokemon/437/"}, {"name": "rhyperior", "url": "https://pokeapi.co/api/v2/pokemon/464/"}, {"name": "tangrowth", "url": "https://pokeapi.co/api/v2/pokemon/465/"}, {"name": "togekiss", "url": "https://pokeapi.co/api/v2/pokemon/468/"}, {"name": "yanmega", "url": "https://pokeapi.co/api/v2/pokemon/469/"}, {"name": "mamoswine", "url": "https://pokeapi.co/api/v2/pokemon/473/"}, {"name": "probopass", "url": "https://pokeapi.co/api/v2/pokemon/476/"}, {"name": "dialga", "url": "https://pokeapi.co/api/v2/pokemon/483/"}, {"name": "palkia", "url": "https://pokeapi.co/api/v2/pokemon/484/"}, {"name": "heatran", "url": "https://pokeapi.co/api/v2/pokemon/485/"}, {"name": "regigigas", "url": "https://pokeapi.co/api/v2/pokemon/486/"}, {"name": "giratina-altered", "url": "https://pokeapi.co/api/v2/pokemon/487/"}, {"name": "phione", "url": "https://pokeapi.co/api/v2/pokemon/489/"}, {"name": "manaphy", "url": "https://pokeapi.co/api/v2/pokemon/490/"}, {"name": "arceus", "url": "https://pokeapi.co/api/v2/pokemon/493/"}, {"name": "sigilyph", "url": "https://pokeapi.co/api/v2/pokemon/561/"}, {"name": "tirtouga", "url": "https://pokeapi.co/api/v2/pokemon/564/"}, {"name": "carracosta", "url": "https://pokeapi.co/api/v2/pokemon/565/"}, {"name": "archen", "url": "https://pokeapi.co/api/v2/pokemon/566/"}, {"name": "archeops", "url": "https://pokeapi.co/api/v2/pokemon/567/"}, {"name": "cryogonal", "url": "https://pokeapi.co/api/v2/pokemon/615/"}, {"name": "reshiram", "url": "https://pokeapi.co/api/v2/pokemon/643/"}, {"name": "zekrom", "url": "https://pokeapi.co/api/v2/pokemon/644/"}, {"name": "kyurem", "url": "https://pokeapi.co/api/v2/pokemon/646/"}, {"name": "binacle", "url": "https://pokeapi.co/api/v2/pokemon/688/"}, {"name": "barbaracle", "url": "https://pokeapi.co/api/v2/pokemon/689/"}, {"name": "tyrunt", "url": "https://pokeapi.co/api/v2/pokemon/696/"}, {"name": "tyrantrum", "url": "https://pokeapi.co/api/v2/pokemon/697/"}, {"name": "amaura", "url": "https://pokeapi.co/api/v2/pokemon/698/"}, {"name": "aurorus", "url": "https://pokeapi.co/api/v2/pokemon/699/"}, {"name": "carbink", "url": "https://pokeapi.co/api/v2/pokemon/703/"}, {"name": "diancie", "url": "https://pokeapi.co/api/v2/pokemon/719/"}, {"name": "sandygast", "url": "https://pokeapi.co/api/v2/pokemon/769/"}, {"name": "minior-red-meteor", "url": "https://pokeapi.co/api/v2/pokemon/774/"}, {"name": "rolycoly", "url": "https://pokeapi.co/api/v2/pokemon/837/"}, {"name": "carkol", "url": "https://pokeapi.co/api/v2/pokemon/838/"}, {"name": "coalossal", "url": "https://pokeapi.co/api/v2/pokemon/839/"}, {"name": "cursola", "url": "https://pokeapi.co/api/v2/pokemon/864/"}, {"name": "stonjourner", "url": "https://pokeapi.co/api/v2/pokemon/874/"}, {"name": "dracozolt", "url": "https://pokeapi.co/api/v2/pokemon/880/"}, {"name": "arctozolt", "url": "https://pokeapi.co/api/v2/pokemon/881/"}, {"name": "dracovish", "url": "https://pokeapi.co/api/v2/pokemon/882/"}, {"name": "arctovish", "url": "https://pokeapi.co/api/v2/pokemon/883/"}, {"name": "regieleki", "url": "https://pokeapi.co/api/v2/pokemon/894/"}, {"name": "regidrago", "url": "https://pokeapi.co/api/v2/pokemon/895/"}, {"name": "nacli", "url": "https://pokeapi.co/api/v2/pokemon/932/"}, {"name": "klawf", "url": "https://pokeapi.co/api/v2/pokemon/950/"}, {"name": "glimmet", "url": "https://pokeapi.co/api/v2/pokemon/969/"}, {"name": "glimmora", "url": "https://pokeapi.co/api/v2/pokemon/970/"}, {"name": "dudunsparce-two-segment", "url": "https://pokeapi.co/api/v2/pokemon/982/"}, {"name": "koraidon", "url": "https://pokeapi.co/api/v2/pokemon/1007/"}, {"name": "gouging-fire", "url": "https://pokeapi.co/api/v2/pokemon/1020/"}, {"name": "raging-bolt", "url": "https://pokeapi.co/api/v2/pokemon/1021/"}, {"name": "terapagos", "url": "https://pokeapi.co/api/v2/pokemon/1024/"}, {"name": "giratina-origin", "url": "https://pokeapi.co/api/v2/pokemon/10007/"}, {"name": "kyurem-black", "url": "https://pokeapi.co/api/v2/pokemon/10022/"}, {"name": "kyurem-white", "url": "https://pokeapi.co/api/v2/pokemon/10023/"}, {"name": "aerodactyl-mega", "url": "https://pokeapi.co/api/v2/pokemon/10042/"}, {"name": "mawile-mega", "url": "https://pokeapi.co/api/v2/pokemon/10052/"}, {"name": "diancie-mega", "url": "https://pokeapi.co/api/v2/pokemon/10075/"}, {"name": "kyogre-primal", "url": "https://pokeapi.co/api/v2/pokemon/10077/"}, {"name": "groudon-primal", "url": "https://pokeapi.co/api/v2/pokemon/10078/"}, {"name": "rayquaza-mega", "url": "https://pokeapi.co/api/v2/pokemon/10079/"}, {"name": "diglett-alola", "url": "https://pokeapi.co/api/v2/pokemon/10105/"}, {"name": "minior-orange-meteor", "url": "https://pokeapi.co/api/v2/pokemon/10130/"}, {"name": "minior-yellow-meteor", "url": "https://pokeapi.co/api/v2/pokemon/10131/"}, {"name": "minior-green-meteor", "url": "https://pokeapi.co/api/v2/pokemon/10132/"}, {"name": "minior-blue-meteor", "url": "https://pokeapi.co/api/v2/pokemon/10133/"}, {"name": "minior-indigo-meteor", "url": "https://pokeapi.co/api/v2/pokemon/10134/"}, {"name": "minior-violet-meteor", "url": "https://pokeapi.co/api/v2/pokemon/10135/"}, {"name": "minior-red", "url": "https://pokeapi.co/api/v2/pokemon/10136/"}, {"name": "minior-orange", "url": "https://pokeapi.co/api/v2/pokemon/10137/"}, {"name": "minior-yellow", "url": "https://pokeapi.co/api/v2/pokemon/10138/"}, {"name": "minior-green", "url": "https://pokeapi.co/api/v2/pokemon/10139/"}, {"name": "minior-blue", "url": "https://pokeapi.co/api/v2/pokemon/10140/"}, {"name": "minior-indigo", "url": "https://pokeapi.co/api/v2/pokemon/10141/"}, {"name": "minior-violet", "url": "https://pokeapi.co/api/v2/pokemon/10142/"}, {"name": "articuno-galar", "url": "https://pokeapi.co/api/v2/pokemon/10169/"}, {"name": "zapdos-galar", "url": "https://pokeapi.co/api/v2/pokemon/10170/"}, {"name": "moltres-galar", "url": "https://pokeapi.co/api/v2/pokemon/10171/"}, {"name": "corsola-galar", "url": "https://pokeapi.co/api/v2/pokemon/10173/"}, {"name": "dialga-origin", "url": "https://pokeapi.co/api/v2/pokemon/10245/"}, {"name": "palkia-origin", "url": "https://pokeapi.co/api/v2/pokemon/10246/"}, {"name": "wooper-paldea", "url": "https://pokeapi.co/api/v2/pokemon/10253/"}, {"name": "dudunsparce-three-segment", "url": "https://pokeapi.co/api/v2/pokemon/10255/"}, {"name": "koraidon-limited-build", "url": "https://pokeapi.co/api/v2/pokemon/10264/"}, {"name": "koraidon-sprinting-build", "url": "https://pokeapi.co/api/v2/pokemon/10265/"}, {"name": "koraidon-swimming-build", "url": "https://pokeapi.co/api/v2/pokemon/10266/"}, {"name": "koraidon-gliding-build", "url": "https://pokeapi.co/api/v2/pokemon/10267/"}, {"name": "terapagos-terastal", "url": "https://pokeapi.co/api/v2/pokemon/10276/"}, {"name": "terapagos-stellar", "url": "https://pokeapi.co/api/v2/pokemon/10277/"}], "machines": [], "meta": {"ailment": {"name": "none", "url": "https://pokeapi.co/api/v2/move-ailment/0/"}, "ailment_chance": 0, "category": {"name": "damage+raise", "url": "https://pokeapi.co/api/v2/move-category/7/"}, "crit_rate": 0, "drain": 0, "flinch_chance": 0, "healing": 0, "max_hits": null, "max_turns": null, "min_hits": null, "min_turns": null, "stat_chance": 10}, "name": "ancient-power", "names": [{"language": {"name": "ja-Hrkt", "url": "https://pokeapi.co/api/v2/language/1/"}, "name": "\u3052\u3093\u3057\u306e\u3061\u304b\u3089"}, {"language": {"name": "ko", "url": "https://pokeapi.co/api/v2/language/3/"}, "name": "\uc6d0\uc2dc\uc758\ud798"}, {"language": {"name": "zh-Hant", "url": "https://pokeapi.co/api/v2/language/4/"}, "name": "\u539f\u59cb\u4e4b\u529b"}, {"language": {"name": "fr", "url": "https://pokeapi.co/api/v2/language/5/"}, "name": "Pouvoir Antique"}, {"language": {"name": "de", "url": "https://pokeapi.co/api/v2/language/6/"}, "name": "Antik-Kraft"}, {"language": {"name": "es", "url": "https://pokeapi.co/api/v2/language/7/"}, "name": "Poder Pasado"}, {"language": {"name": "it", "url": "https://pokeapi.co/api/v2/language/8/"}, "name": "Forzantica"}, {"language": {"name": "en", "url": "https://pokeapi.co/api/v2/language/9/"}, "name": "Ancient Power"}, {"language": {"name": "ja", "url": "https://pokeapi.co/api/v2/language/11/"}, "name": "\u3052\u3093\u3057\u306e\u3061\u304b\u3089"}, {"language": {"name": "zh-Hans", "url": "https://pokeapi.co/api/v2/language/12/"}, "name": "\u539f\u59cb\u4e4b\u529b"}], "past_values": [], "power": 60, "pp": 5, "priority": 0, "stat_changes": [{"change": 1, "stat": {"name": "attack", "url": "https://pokeapi.co/api/v2/stat/2/"}}, {"change": 1, "stat": {"name": "defense", "url": "https://pokeapi.co/api/v2/stat/3/"}}, {"change": 1, "stat": {"name": "special-attack", "url": "https://pokeapi.co/api/v2/stat/4/"}}, {"change": 1, "stat": {"name": "special-defense", "url": "https://pokeapi.co/api/v2/stat/5/"}}, {"change": 1, "stat": {"name": "speed", "url": "https://pokeapi.co/api/v2/stat/6/"}}], "super_contest_effect": {"url": "https://pokeapi.co/api/v2/super-contest-effect/18/"}, "target": {"name": "selected-pokemon", "url": "https://pokeapi.co/api/v2/move-target/10/"}, "type": {"name": "rock", "url": "https://pokeapi.co/api/v2/type/6/"}}