{"accuracy": 100, "contest_combos": null, "contest_effect": null, "contest_type": null, "damage_class": {"name": "special", "url": "https://pokeapi.co/api/v2/move-damage-class/3/"}, "effect_chance": null, "effect_changes": [], "effect_entries": [{"effect": "Inflicts regular damage.  If this move successfully hits the target, any Pok\u00e9mon adjacent to the target are damaged for 1/16 their max HP.", "language": {"name": "en", "url": "https://pokeapi.co/api/v2/language/9/"}, "short_effect": "Deals splash damage to Pok\u00e9mon next to the target."}], "flavor_text_entries": [{"flavor_text": "Quand l\u2019attaque atteint sa cible, elle\nprojette des flammes qui touchent\ntout ennemi situ\u00e9 \u00e0 c\u00f4t\u00e9.", "language": {"name": "fr", "url": "https://pokeapi.co/api/v2/language/5/"}, "version_group": {"name": "black-white", "url": "https://pokeapi.co/api/v2/version-group/11/"}}, {"flavor_text": "The user attacks the target with a\nbursting flame. The bursting flame damages\nPok\u00e9mon next to the target as well.", "language": {"name": "en", "url": "https://pokeapi.co/api/v2/language/9/"}, "version_group": {"name": "black-white", "url": "https://pokeapi.co/api/v2/version-group/11/"}}, {"flavor_text": "The user attacks the target with a\nbursting flame. The bursting flame damages\nPok\u00e9mon next to the target as well.", "language": {"name": "en", "url": "https://pokeapi.co/api/v2/language/9/"}, "version_group": {"name": "black-2-white-2", "url": "https://pokeapi.co/api/v2/version-group/14/"}}, {"flavor_text": "\u3042\u305f\u308b\u3068\u3000\u306f\u3058\u3051\u308b\u3000\u307b\u306e\u304a\u3067\u3000\u3042\u3044\u3066\u3092\n\u3053\u3046\u3052\u304d\u3059\u308b\u3002\u306f\u3058\u3051\u305f\u3000\u307b\u306e\u304a\u306f\n\u3068\u306a\u308a\u306e\u3000\u3042\u3044\u3066\u306b\u3082\u3000\u3075\u308a\u304b\u304b\u308b\u3002", "language": {"name": "ja-Hrkt", "url": "https://pokeapi.co/api/v2/language/1/"}, "version_group": {"name": "x-y", "url": "https://pokeapi.co/api/v2/version-group/15/"}}, {"flavor_text": "\ub9de\uc73c\uba74 \ud280\ub294 \ubd88\uaf43\uc73c\ub85c \uc0c1\ub300\ub97c\n\uacf5\uaca9\ud55c\ub2e4. \ud295\uae34 \ubd88\uaf43\uc740\n\uc606\uc758 \uc0c1\ub300\uc5d0\uac8c\ub3c4 \uc3df\uc544\uc9c4\ub2e4.", "language": {"name": "ko", "url": "https://pokeapi.co/api/v2/language/3/"}, "version_group": {"name": "x-y", "url": "https://pokeapi.co/api/v2/version-group/15/"}}, {"flavor_text": "Quand l\u2019attaque atteint sa cible, elle projette des\nflammes qui touchent tout ennemi situ\u00e9 \u00e0 c\u00f4t\u00e9.", "language": {"name": "fr", "url": "https://pokeapi.co/api/v2/language/5/"}, "version_group": {"name": "x-y", "url": "https://pokeapi.co/api/v2/version-group/15/"}}, {"flavor_text": "Bei Erfolg greift der Anwender mit berstenden\nFeuerblasen an. Die Funken der geplatzten Blasen\ntreffen auch benachbarte Ziele.", "language": {"name": "de", "url": "https://pokeapi.co/api/v2/language/6/"}, "version_group": {"name": "x-y", "url": "https://pokeapi.co/api/v2/version-group/15/"}}, {"flavor_text": "Golpea al objetivo con una llamarada que afecta\ntambi\u00e9n a los Pok\u00e9mon adyacentes.", "language": {"name": "es", "url": "https://pokeapi.co/api/v2/language/7/"}, "version_group": {"name": "x-y", "url": "https://pokeapi.co/api/v2/version-group/15/"}}, {"flavor_text": "Chi la usa emana una fiammata che colpisce\nil bersaglio e si propaga fino a raggiungere\ni Pok\u00e9mon vicini.", "language": {"name": "it", "url": "https://pokeapi.co/api/v2/language/8/"}, "version_group": {"name": "x-y", "url": "https://pokeapi.co/api/v2/version-group/15/"}}, {"flavor_text": "The user attacks the target with a\nbursting flame. The bursting flame damages\nPok\u00e9mon next to the target as well.", "language": {"name": "en", "url": "https://pokeapi.co/api/v2/language/9/"}, "version_group": {"name": "x-y", "url": "https://pokeapi.co/api/v2/version-group/15/"}}, {"flavor_text": "\u5f53\u305f\u308b\u3068\u3000\u306f\u3058\u3051\u308b\u3000\u708e\u3067\u3000\u76f8\u624b\u3092\n\u653b\u6483\u3059\u308b\u3002\u306f\u3058\u3051\u305f\u3000\u708e\u306f\n\u96a3\u306e\u3000\u76f8\u624b\u306b\u3082\u3000\u3075\u308a\u304b\u304b\u308b\u3002", "language": {"name": "ja", "url": "https://pokeapi.co/api/v2/language/11/"}, "version_group": {"name": "x-y", "url": "https://pokeapi.co/api/v2/version-group/15/"}}, {"flavor_text": "\u3042\u305f\u308b\u3068\u3000\u306f\u3058\u3051\u308b\u3000\u307b\u306e\u304a\u3067\u3000\u3042\u3044\u3066\u3092\n\u3053\u3046\u3052\u304d\u3059\u308b\u3002\u306f\u3058\u3051\u305f\u3000\u307b\u306e\u304a\u306f\n\u3068\u306a\u308a\u306e\u3000\u3042\u3044\u3066\u306b\u3082\u3000\u3075\u308a\u304b\u304b\u308b\u3002", "language": {"name": "ja-Hrkt", "url": "https://pokeapi.co/api/v2/language/1/"}, "version_group": {"name": "omega-ruby-alpha-sapphire", "url": "https://pokeapi.co/api/v2/version-group/16/"}}, {"flavor_text": "\ub9de\uc73c\uba74 \ud280\ub294 \ubd88\uaf43\uc73c\ub85c \uc0c1\ub300\ub97c\n\uacf5\uaca9\ud55c\ub2e4. \ud295\uae34 \ubd88\uaf43\uc740\n\uc606\uc758 \uc0c1\ub300\uc5d0\uac8c\ub3c4 \uc3df\uc544\uc9c4\ub2e4.", "language": {"name": "ko", "url": "https://pokeapi.co/api/v2/language/3/"}, "version_group": {"name": "omega-ruby-alpha-sapphire", "url": "https://pokeapi.co/api/v2/version-group/16/"}}, {"flavor_text": "Quand l\u2019attaque atteint sa cible, elle projette des\nflammes qui touchent tout ennemi situ\u00e9 \u00e0 c\u00f4t\u00e9.", "language": {"name": "fr", "url": "https://pokeapi.co/api/v2/language/5/"}, "version_group": {"name": "omega-ruby-alpha-sapphire", "url": "https://pokeapi.co/api/v2/version-group/16/"}}, {"flavor_text": "Bei Erfolg greift der Anwender mit berstenden\nFeuerblasen an. Die Funken der geplatzten Blasen\ntreffen auch benachbarte Ziele.", "language": {"name": "de", "url": "https://pokeapi.co/api/v2/language/6/"}, "version_group": {"name": "omega-ruby-alpha-sapphire", "url": "https://pokeapi.co/api/v2/version-group/16/"}}, {"flavor_text": "Golpea al objetivo con una llamarada que afecta \ntambi\u00e9n a los Pok\u00e9mon adyacentes.", "language": {"name": "es", "url": "https://pokeapi.co/api/v2/language/7/"}, "version_group": {"name": "omega-ruby-alpha-sapphire", "url": "https://pokeapi.co/api/v2/version-group/16/"}}, {"flavor_text": "Chi la usa emana una fiammata che colpisce\nil bersaglio e si propaga fino a raggiungere\ni Pok\u00e9mon vicini.", "language": {"name": "it", "url": "https://pokeapi.co/api/v2/language/8/"}, "version_group": {"name": "omega-ruby-alpha-sapphire", "url": "https://pokeapi.co/api/v2/version-group/16/"}}, {"flavor_text": "The user attacks the target with a\nbursting flame. The bursting flame damages\nPok\u00e9mon next to the target as well.", "language": {"name": "en", "url": "https://pokeapi.co/api/v2/language/9/"}, "version_group": {"name": "omega-ruby-alpha-sapphire", "url": "https://pokeapi.co/api/v2/version-group/16/"}}, {"flavor_text": "\u5f53\u305f\u308b\u3068\u3000\u306f\u3058\u3051\u308b\u3000\u708e\u3067\u3000\u76f8\u624b\u3092\n\u653b\u6483\u3059\u308b\u3002\u306f\u3058\u3051\u305f\u3000\u708e\u306f\n\u96a3\u306e\u3000\u76f8\u624b\u306b\u3082\u3000\u3075\u308a\u304b\u304b\u308b\u3002", "language": {"name": "ja", "url": "https://pokeapi.co/api/v2/language/11/"}, "version_group": {"name": "omega-ruby-alpha-sapphire", "url": "https://pokeapi.co/api/v2/version-group/16/"}}, {"flavor_text": "\u3042\u305f\u308b\u3068\u3000\u306f\u3058\u3051\u308b\u3000\u307b\u306e\u304a\u3067\u3000\u3042\u3044\u3066\u3092\n\u3053\u3046\u3052\u304d\u3059\u308b\u3002\u306f\u3058\u3051\u305f\u3000\u307b\u306e\u304a\u306f\n\u3068\u306a\u308a\u306e\u3000\u3042\u3044\u3066\u306b\u3082\u3000\u3075\u308a\u304b\u304b\u308b\u3002", "language": {"name": "ja-Hrkt", "url": "https://pokeapi.co/api/v2/language/1/"}, "version_group": {"name": "sun-moon", "url": "https://pokeapi.co/api/v2/version-group/17/"}}, {"flavor_text": "\ub9de\uc73c\uba74 \ud280\ub294 \ubd88\uaf43\uc73c\ub85c \uc0c1\ub300\ub97c\n\uacf5\uaca9\ud55c\ub2e4. \ud295\uae34 \ubd88\uaf43\uc740\n\uc606\uc758 \uc0c1\ub300\uc5d0\uac8c\ub3c4 \uc3df\uc544\uc9c4\ub2e4.", "language": {"name": "ko", "url": "https://pokeapi.co/api/v2/language/3/"}, "version_group": {"name": "sun-moon", "url": "https://pokeapi.co/api/v2/version-group/17/"}}, {"flavor_text": "\u7528\u547d\u4e2d\u5f8c\u6703\u7206\u88c2\u958b\u4f86\u7684\u706b\u7130\n\u653b\u64ca\u5c0d\u624b\u3002\u7206\u88c2\u5f8c\u7684\u706b\u7130\n\u4e5f\u6703\u6ce2\u53ca\u5230\u5c0d\u624b\u8eab\u65c1\u7684\u540c\u4f34\u3002", "language": {"name": "zh-Hant", "url": "https://pokeapi.co/api/v2/language/4/"}, "version_group": {"name": "sun-moon", "url": "https://pokeapi.co/api/v2/version-group/17/"}}, {"flavor_text": "Quand l\u2019attaque atteint sa cible, elle projette des\nflammes qui touchent tout ennemi situ\u00e9 \u00e0 c\u00f4t\u00e9.", "language": {"name": "fr", "url": "https://pokeapi.co/api/v2/language/5/"}, "version_group": {"name": "sun-moon", "url": "https://pokeapi.co/api/v2/version-group/17/"}}, {"flavor_text": "Bei Erfolg greift der Anwender mit berstenden\nFeuerblasen an. Die Funken der geplatzten Blasen\ntreffen auch benachbarte Ziele.", "language": {"name": "de", "url": "https://pokeapi.co/api/v2/language/6/"}, "version_group": {"name": "sun-moon", "url": "https://pokeapi.co/api/v2/version-group/17/"}}, {"flavor_text": "Golpea al objetivo con una llamarada que afecta \ntambi\u00e9n a los Pok\u00e9mon adyacentes.", "language": {"name": "es", "url": "https://pokeapi.co/api/v2/language/7/"}, "version_group": {"name": "sun-moon", "url": "https://pokeapi.co/api/v2/version-group/17/"}}, {"flavor_text": "Chi la usa emana una fiammata che colpisce\nil bersaglio e si propaga fino a raggiungere\ni Pok\u00e9mon vicini.", "language": {"name": "it", "url": "https://pokeapi.co/api/v2/language/8/"}, "version_group": {"name": "sun-moon", "url": "https://pokeapi.co/api/v2/version-group/17/"}}, {"flavor_text": "The user attacks the target with a bursting flame.\nThe bursting flame damages Pok\u00e9mon next to the\ntarget as well.", "language": {"name": "en", "url": "https://pokeapi.co/api/v2/language/9/"}, "version_group": {"name": "sun-moon", "url": "https://pokeapi.co/api/v2/version-group/17/"}}, {"flavor_text": "\u5f53\u305f\u308b\u3068\u3000\u306f\u3058\u3051\u308b\u3000\u708e\u3067\u3000\u76f8\u624b\u3092\n\u653b\u6483\u3059\u308b\u3002\u306f\u3058\u3051\u305f\u3000\u708e\u306f\n\u96a3\u306e\u3000\u76f8\u624b\u306b\u3082\u3000\u3075\u308a\u304b\u304b\u308b\u3002", "language": {"name": "ja", "url": "https://pokeapi.co/api/v2/language/11/"}, "version_group": {"name": "sun-moon", "url": "https://pokeapi.co/api/v2/version-group/17/"}}, {"flavor_text": "\u5982\u679c\u51fb\u4e2d\uff0c\u7206\u88c2\u7684\u706b\u7130\u4f1a\n\u653b\u51fb\u5230\u5bf9\u624b\u3002\u7206\u88c2\u51fa\u7684\u706b\u7130\n\u8fd8\u4f1a\u98de\u6e85\u5230\u65c1\u8fb9\u7684\u5bf9\u624b\u3002", "language": {"name": "zh-Hans", "url": "https://pokeapi.co/api/v2/language/12/"}, "version_group": {"name": "sun-moon", "url": "https://pokeapi.co/api/v2/version-group/17/"}}, {"flavor_text": "\u3042\u305f\u308b\u3068\u3000\u306f\u3058\u3051\u308b\u3000\u307b\u306e\u304a\u3067\u3000\u3042\u3044\u3066\u3092\n\u3053\u3046\u3052\u304d\u3059\u308b\u3002\u306f\u3058\u3051\u305f\u3000\u307b\u306e\u304a\u306f\n\u3068\u306a\u308a\u306e\u3000\u3042\u3044\u3066\u306b\u3082\u3000\u3075\u308a\u304b\u304b\u308b\u3002", "language": {"name": "ja-Hrkt", "url": "https://pokeapi.co/api/v2/language/1/"}, "version_group": {"name": "ultra-sun-ultra-moon", "url": "https://pokeapi.co/api/v2/version-group/18/"}}, {"flavor_text": "\ub9de\uc73c\uba74 \ud280\ub294 \ubd88\uaf43\uc73c\ub85c \uc0c1\ub300\ub97c\n\uacf5\uaca9\ud55c\ub2e4. \ud295\uae34 \ubd88\uaf43\uc740\n\uc606\uc758 \uc0c1\ub300\uc5d0\uac8c\ub3c4 \uc3df\uc544\uc9c4\ub2e4.", "language": {"name": "ko", "url": "https://pokeapi.co/api/v2/language/3/"}, "version_group": {"name": "ultra-sun-ultra-moon", "url": "https://pokeapi.co/api/v2/version-group/18/"}}, {"flavor_text": "\u7528\u547d\u4e2d\u5f8c\u6703\u7206\u88c2\u958b\u4f86\u7684\u706b\u7130\n\u653b\u64ca\u5c0d\u624b\u3002\u7206\u88c2\u5f8c\u7684\u706b\u7130\n\u4e5f\u6703\u6ce2\u53ca\u5230\u5c0d\u624b\u8eab\u65c1\u7684\u540c\u4f34\u3002", "language": {"name": "zh-Hant", "url": "https://pokeapi.co/api/v2/language/4/"}, "version_group": {"name": "ultra-sun-ultra-moon", "url": "https://pokeapi.co/api/v2/version-group/18/"}}, {"flavor_text": "Quand l\u2019attaque atteint sa cible, elle projette des\nflammes qui touchent tout ennemi situ\u00e9 \u00e0 c\u00f4t\u00e9.", "language": {"name": "fr", "url": "https://pokeapi.co/api/v2/language/5/"}, "version_group": {"name": "ultra-sun-ultra-moon", "url": "https://pokeapi.co/api/v2/version-group/18/"}}, {"flavor_text": "Bei Erfolg greift der Anwender mit berstenden\nFeuerblasen an. Die Funken der geplatzten Blasen\ntreffen auch benachbarte Ziele.", "language": {"name": "de", "url": "https://pokeapi.co/api/v2/language/6/"}, "version_group": {"name": "ultra-sun-ultra-moon", "url": "https://pokeapi.co/api/v2/version-group/18/"}}, {"flavor_text": "Golpea al objetivo con una llamarada que afecta \ntambi\u00e9n a los Pok\u00e9mon adyacentes.", "language": {"name": "es", "url": "https://pokeapi.co/api/v2/language/7/"}, "version_group": {"name": "ultra-sun-ultra-moon", "url": "https://pokeapi.co/api/v2/version-group/18/"}}, {"flavor_text": "Chi la usa emana una fiammata che colpisce\nil bersaglio e si propaga fino a raggiungere\ni Pok\u00e9mon vicini.", "language": {"name": "it", "url": "https://pokeapi.co/api/v2/language/8/"}, "version_group": {"name": "ultra-sun-ultra-moon", "url": "https://pokeapi.co/api/v2/version-group/18/"}}, {"flavor_text": "The user attacks the target with a bursting flame.\nThe bursting flame damages Pok\u00e9mon next to the\ntarget as well.", "language": {"name": "en", "url": "https://pokeapi.co/api/v2/language/9/"}, "version_group": {"name": "ultra-sun-ultra-moon", "url": "https://pokeapi.co/api/v2/version-group/18/"}}, {"flavor_text": "\u5f53\u305f\u308b\u3068\u3000\u306f\u3058\u3051\u308b\u3000\u708e\u3067\u3000\u76f8\u624b\u3092\n\u653b\u6483\u3059\u308b\u3002\u306f\u3058\u3051\u305f\u3000\u708e\u306f\n\u96a3\u306e\u3000\u76f8\u624b\u306b\u3082\u3000\u3075\u308a\u304b\u304b\u308b\u3002", "language": {"name": "ja", "url": "https://pokeapi.co/api/v2/language/11/"}, "version_group": {"name": "ultra-sun-ultra-moon", "url": "https://pokeapi.co/api/v2/version-group/18/"}}, {"flavor_text": "\u5982\u679c\u51fb\u4e2d\uff0c\u7206\u88c2\u7684\u706b\u7130\u4f1a\n\u653b\u51fb\u5230\u5bf9\u624b\u3002\u7206\u88c2\u51fa\u7684\u706b\u7130\n\u8fd8\u4f1a\u98de\u6e85\u5230\u65c1\u8fb9\u7684\u5bf9\u624b\u3002", "language": {"name": "zh-Hans", "url": "https://pokeapi.co/api/v2/language/12/"}, "version_group": {"name": "ultra-sun-ultra-moon", "url": "https://pokeapi.co/api/v2/version-group/18/"}}, {"flavor_text": "\u3042\u305f\u308b\u3068\u3000\u306f\u3058\u3051\u308b\u3000\u307b\u306e\u304a\u3067\u3000\u3042\u3044\u3066\u3092\n\u3053\u3046\u3052\u304d\u3059\u308b\u3002\u306f\u3058\u3051\u305f\u3000\u307b\u306e\u304a\u306f\n\u3068\u306a\u308a\u306e\u3000\u3042\u3044\u3066\u306b\u3082\u3000\u3075\u308a\u304b\u304b\u308b\u3002", "language": {"name": "ja-Hrkt", "url": "https://pokeapi.co/api/v2/language/1/"}, "version_group": {"name": "lets-go-pikachu-lets-go-eevee", "url": "https://pokeapi.co/api/v2/version-group/19/"}}, {"flavor_text": "\ub9de\uc73c\uba74 \ud280\ub294 \ubd88\uaf43\uc73c\ub85c \uc0c1\ub300\ub97c\n\uacf5\uaca9\ud55c\ub2e4. \ud295\uae34 \ubd88\uaf43\uc740\n\uc606\uc758 \uc0c1\ub300\uc5d0\uac8c\ub3c4 \uc3df\uc544\uc9c4\ub2e4.", "language": {"name": "ko", "url": "https://pokeapi.co/api/v2/language/3/"}, "version_group": {"name": "lets-go-pikachu-lets-go-eevee", "url": "https://pokeapi.co/api/v2/version-group/19/"}}, {"flavor_text": "\u7528\u547d\u4e2d\u5f8c\u6703\u7206\u88c2\u958b\u4f86\u7684\u706b\u7130\n\u653b\u64ca\u5c0d\u624b\u3002\u7206\u88c2\u5f8c\u7684\u706b\u7130\n\u4e5f\u6703\u6ce2\u53ca\u5230\u5c0d\u624b\u8eab\u65c1\u7684\u540c\u4f34\u3002", "language": {"name": "zh-Hant", "url": "https://pokeapi.co/api/v2/language/4/"}, "version_group": {"name": "lets-go-pikachu-lets-go-eevee", "url": "https://pokeapi.co/api/v2/version-group/19/"}}, {"flavor_text": "Quand l\u2019attaque atteint sa cible, elle projette des\nflammes qui touchent tout ennemi situ\u00e9 \u00e0 c\u00f4t\u00e9.", "language": {"name": "fr", "url": "https://pokeapi.co/api/v2/language/5/"}, "version_group": {"name": "lets-go-pikachu-lets-go-eevee", "url": "https://pokeapi.co/api/v2/version-group/19/"}}, {"flavor_text": "Bei Erfolg greift der Anwender mit berstenden\nFeuerblasen an. Die Funken der geplatzten Blasen\ntreffen auch benachbarte Ziele.", "language": {"name": "de", "url": "https://pokeapi.co/api/v2/language/6/"}, "version_group": {"name": "lets-go-pikachu-lets-go-eevee", "url": "https://pokeapi.co/api/v2/version-group/19/"}}, {"flavor_text": "Golpea al objetivo con una llamarada que afecta \ntambi\u00e9n a los Pok\u00e9mon adyacentes.", "language": {"name": "es", "url": "https://pokeapi.co/api/v2/language/7/"}, "version_group": {"name": "lets-go-pikachu-lets-go-eevee", "url": "https://pokeapi.co/api/v2/version-group/19/"}}, {"flavor_text": "Chi la usa emana una fiammata che colpisce\nil bersaglio e si propaga fino a raggiungere\ni Pok\u00e9mon vicini.", "language": {"name": "it", "url": "https://pokeapi.co/api/v2/language/8/"}, "version_group": {"name": "lets-go-pikachu-lets-go-eevee", "url": "https://pokeapi.co/api/v2/version-group/19/"}}, {"flavor_text": "The user attacks the target with a bursting flame.\nThe bursting flame damages Pok\u00e9mon next to the\ntarget as well.", "language": {"name": "en", "url": "https://pokeapi.co/api/v2/language/9/"}, "version_group": {"name": "lets-go-pikachu-lets-go-eevee", "url": "https://pokeapi.co/api/v2/version-group/19/"}}, {"flavor_text": "\u5f53\u305f\u308b\u3068\u3000\u306f\u3058\u3051\u308b\u3000\u708e\u3067\u3000\u76f8\u624b\u3092\n\u653b\u6483\u3059\u308b\u3002\u306f\u3058\u3051\u305f\u3000\u708e\u306f\n\u96a3\u306e\u3000\u76f8\u624b\u306b\u3082\u3000\u3075\u308a\u304b\u304b\u308b\u3002", "language": {"name": "ja", "url": "https://pokeapi.co/api/v2/language/11/"}, "version_group": {"name": "lets-go-pikachu-lets-go-eevee", "url": "https://pokeapi.co/api/v2/version-group/19/"}}, {"flavor_text": "\u5982\u679c\u51fb\u4e2d\uff0c\u7206\u88c2\u7684\u706b\u7130\u4f1a\n\u653b\u51fb\u5230\u5bf9\u624b\u3002\u7206\u88c2\u51fa\u7684\u706b\u7130\n\u8fd8\u4f1a\u98de\u6e85\u5230\u65c1\u8fb9\u7684\u5bf9\u624b\u3002", "language": {"name": "zh-Hans", "url": "https://pokeapi.co/api/v2/language/12/"}, "version_group": {"name": "lets-go-pikachu-lets-go-eevee", "url": "https://pokeapi.co/api/v2/version-group/19/"}}, {"flavor_text": "\u3053\u306e\u308f\u3056\u306f\u3000\u3064\u304b\u3048\u307e\u305b\u3093\n\u304a\u3082\u3044\u3060\u3059\u3053\u3068\u304c\u3000\u3067\u304d\u306a\u304f\u306a\u308a\u307e\u3059\u304c\n\u308f\u3056\u3092\u3000\u308f\u3059\u308c\u308b\u3053\u3068\u3092\u3000\u304a\u3059\u3059\u3081\u3057\u307e\u3059", "language": {"name": "ja-Hrkt", "url": "https://pokeapi.co/api/v2/language/1/"}, "version_group": {"name": "sword-shield", "url": "https://pokeapi.co/api/v2/version-group/20/"}}, {"flavor_text": "\uc0ac\uc6a9\ud560 \uc218 \uc5c6\ub294 \uae30\uc220\uc785\ub2c8\ub2e4.\n\ub2e4\uc2dc \ubc30\uc6b0\uac8c \ud560 \uc218 \uc5c6\uc9c0\ub9cc\n\uae30\uc220\uc744 \uc78a\uac8c \ud558\ub294 \uac83\uc744 \uad8c\uc7a5\ud569\ub2c8\ub2e4.", "language": {"name": "ko", "url": "https://pokeapi.co/api/v2/language/3/"}, "version_group": {"name": "sword-shield", "url": "https://pokeapi.co/api/v2/version-group/20/"}}, {"flavor_text": "\u7121\u6cd5\u4f7f\u7528\u6b64\u62db\u5f0f\u3002\n\u96d6\u7136\u5fd8\u8a18\u5f8c\u5c07\u7121\u6cd5\u518d\u60f3\u8d77\u4f86\uff0c\n\u4f46\u9084\u662f\u5efa\u8b70\u5fd8\u8a18\u6b64\u62db\u5f0f\u3002", "language": {"name": "zh-Hant", "url": "https://pokeapi.co/api/v2/language/4/"}, "version_group": {"name": "sword-shield", "url": "https://pokeapi.co/api/v2/version-group/20/"}}, {"flavor_text": "Cette capacit\u00e9 ne peut pas \u00eatre utilis\u00e9e.\nIl est recommand\u00e9 de l\u2019oublier, m\u00eame s\u2019il sera\nimpossible de se la rem\u00e9morer une fois oubli\u00e9e.", "language": {"name": "fr", "url": "https://pokeapi.co/api/v2/language/5/"}, "version_group": {"name": "sword-shield", "url": "https://pokeapi.co/api/v2/version-group/20/"}}, {"flavor_text": "Diese Attacke kann nicht eingesetzt werden. Du solltest\ndein Pok\u00e9mon sie vergessen lassen. Beachte aber,\ndass es sich danach nicht wieder an sie erinnern kann.", "language": {"name": "de", "url": "https://pokeapi.co/api/v2/language/6/"}, "version_group": {"name": "sword-shield", "url": "https://pokeapi.co/api/v2/version-group/20/"}}, {"flavor_text": "Este movimiento no se puede usar, por lo que ser\u00eda\nmejor olvidarlo, aunque eso implique que no se pueda\nrecordar posteriormente.", "language": {"name": "es", "url": "https://pokeapi.co/api/v2/language/7/"}, "version_group": {"name": "sword-shield", "url": "https://pokeapi.co/api/v2/version-group/20/"}}, {"flavor_text": "Questa mossa non pu\u00f2 essere usata.\n\u00c8 consigliabile farla dimenticare al Pok\u00e9mon. Tuttavia,\nuna volta dimenticata, non potr\u00e0 pi\u00f9 essere ricordata.", "language": {"name": "it", "url": "https://pokeapi.co/api/v2/language/8/"}, "version_group": {"name": "sword-shield", "url": "https://pokeapi.co/api/v2/version-group/20/"}}, {"flavor_text": "This move can\u2019t be used.\nIt\u2019s recommended that this move is forgotten.\nOnce forgotten, this move can\u2019t be remembered.", "language": {"name": "en", "url": "https://pokeapi.co/api/v2/language/9/"}, "version_group": {"name": "sword-shield", "url": "https://pokeapi.co/api/v2/version-group/20/"}}, {"flavor_text": "\u3053\u306e\u6280\u306f\u3000\u4f7f\u3048\u307e\u305b\u3093\n\u601d\u3044\u51fa\u3059\u3053\u3068\u304c\u3000\u3067\u304d\u306a\u304f\u306a\u308a\u307e\u3059\u304c\n\u6280\u3092\u3000\u5fd8\u308c\u308b\u3053\u3068\u3092\u3000\u304a\u3059\u3059\u3081\u3057\u307e\u3059", "language": {"name": "ja", "url": "https://pokeapi.co/api/v2/language/11/"}, "version_group": {"name": "sword-shield", "url": "https://pokeapi.co/api/v2/version-group/20/"}}, {"flavor_text": "\u65e0\u6cd5\u4f7f\u7528\u8fd9\u4e2a\u62db\u5f0f\u3002\n\u867d\u7136\u5fd8\u8bb0\u4e4b\u540e\u5c31\u518d\u4e5f\u60f3\u4e0d\u8d77\u6765\u4e86\uff0c\n\u4f46\u8fd8\u662f\u5efa\u8bae\u5fd8\u8bb0\u8fd9\u4e2a\u62db\u5f0f\u3002", "language": {"name": "zh-Hans", "url": "https://pokeapi.co/api/v2/language/12/"}, "version_group": {"name": "sword-shield", "url": "https://pokeapi.co/api/v2/version-group/20/"}}], "generation": {"name": "generation-v", "url": "https://pokeapi.co/api/v2/generation/5/"}, "id": 481, "learned_by_pokemon": [{"name": "charmander", "url": "https://pokeapi.co/api/v2/pokemon/4/"}, {"name": "charmeleon", "url": "https://pokeapi.co/api/v2/pokemon/5/"}, {"name": "charizard", "url": "https://pokeapi.co/api/v2/pokemon/6/"}, {"name": "vulpix", "url": "https://pokeapi.co/api/v2/pokemon/37/"}, {"name": "growlithe", "url": "https://pokeapi.co/api/v2/pokemon/58/"}, {"name": "magmar", "url": "https://pokeapi.co/api/v2/pokemon/126/"}, {"name": "cyndaquil", "url": "https://pokeapi.co/api/v2/pokemon/155/"}, {"name": "slugma", "url": "https://pokeapi.co/api/v2/pokemon/218/"}, {"name": "magcargo", "url": "https://pokeapi.co/api/v2/pokemon/219/"}, {"name": "magby", "url": "https://pokeapi.co/api/v2/pokemon/240/"}, {"name": "torchic", "url": "https://pokeapi.co/api/v2/pokemon/255/"}, {"name": "electrike", "url": "https://pokeapi.co/api/v2/pokemon/309/"}, {"name": "numel", "url": "https://pokeapi.co/api/v2/pokemon/322/"}, {"name": "camerupt", "url": "https://pokeapi.co/api/v2/pokemon/323/"}, {"name": "torkoal", "url": "https://pokeapi.co/api/v2/pokemon/324/"}, {"name": "stunky", "url": "https://pokeapi.co/api/v2/pokemon/434/"}, {"name": "magmortar", "url": "https://pokeapi.co/api/v2/pokemon/467/"}, {"name": "victini", "url": "https://pokeapi.co/api/v2/pokemon/494/"}, {"name": "pansear", "url": "https://pokeapi.co/api/v2/pokemon/513/"}, {"name": "simisear", "url": "https://pokeapi.co/api/v2/pokemon/514/"}, {"name": "litwick", "url": "https://pokeapi.co/api/v2/pokemon/607/"}, {"name": "lampent", "url": "https://pokeapi.co/api/v2/pokemon/608/"}, {"name": "chandelure", "url": "https://pokeapi.co/api/v2/pokemon/609/"}, {"name": "heatmor", "url": "https://pokeapi.co/api/v2/pokemon/631/"}, {"name": "salandit", "url": "https://pokeapi.co/api/v2/pokemon/757/"}, {"name": "salazzle", "url": "https://pokeapi.co/api/v2/pokemon/758/"}, {"name": "blacephalon", "url": "https://pokeapi.co/api/v2/pokemon/806/"}, {"name": "charizard-mega-x", "url": "https://pokeapi.co/api/v2/pokemon/10034/"}, {"name": "charizard-mega-y", "url": "https://pokeapi.co/api/v2/pokemon/10035/"}, {"name": "camerupt-mega", "url": "https://pokeapi.co/api/v2/pokemon/10087/"}, {"name": "salazzle-totem", "url": "https://pokeapi.co/api/v2/pokemon/10129/"}], "machines": [], "meta": {"ailment": {"name": "none", "url": "https://pokeapi.co/api/v2/move-ailment/0/"}, "ailment_chance": 0, "category": {"name": "damage", "url": "https://pokeapi.co/api/v2/move-category/0/"}, "crit_rate": 0, "drain": 0, "flinch_chance": 0, "healing": 0, "max_hits": null, "max_turns": null, "min_hits": null, "min_turns": null, "stat_chance": 0}, "name": "flame-burst", "names": [{"language": {"name": "ja-Hrkt", "url": "https://pokeapi.co/api/v2/language/1/"}, "name": "\u306f\u3058\u3051\u308b\u307b\u306e\u304a"}, {"language": {"name": "ko", "url": "https://pokeapi.co/api/v2/language/3/"}, "name": "\ubd88\uaf43\ud280\uae30\uae30"}, {"language": {"name": "zh-Hant", "url": "https://pokeapi.co/api/v2/language/4/"}, "name": "\u70c8\u7130\u6ffa\u5c04"}, {"language": {"name": "fr", "url": "https://pokeapi.co/api/v2/language/5/"}, "name": "Rebondifeu"}, {"language": {"name": "de", "url": "https://pokeapi.co/api/v2/language/6/"}, "name": "Funkenflug"}, {"language": {"name": "es", "url": "https://pokeapi.co/api/v2/language/7/"}, "name": "Pirotecnia"}, {"language": {"name": "it", "url": "https://pokeapi.co/api/v2/language/8/"}, "name": "Pirolancio"}, {"language": {"name": "en", "url": "https://pokeapi.co/api/v2/language/9/"}, "name": "Flame Burst"}, {"language": {"name": "ja", "url": "https://pokeapi.co/api/v2/language/11/"}, "name": "\u306f\u3058\u3051\u308b\u307b\u306e\u304a"}, {"language": {"name": "zh-Hans", "url": "https://pokeapi.co/api/v2/language/12/"}, "name": "\u70c8\u7130\u6e85\u5c04"}], "past_values": [], "power": 70, "pp": 15, "priority": 0, "stat_changes": [], "super_contest_effect": null, "target": {"name": "selected-pokemon", "url": "https://pokeapi.co/api/v2/move-target/10/"}, "type": {"name": "fire", "url": "https://pokeapi.co/api/v2/type/10/"}}