{"accuracy": null, "contest_combos": null, "contest_effect": {"url": "https://pokeapi.co/api/v2/contest-effect/17/"}, "contest_type": {"name": "smart", "url": "https://pokeapi.co/api/v2/contest-type/4/"}, "damage_class": {"name": "status", "url": "https://pokeapi.co/api/v2/move-damage-class/1/"}, "effect_chance": null, "effect_changes": [], "effect_entries": [{"effect": "User recovers the last item consumed by the user or a Pok\u00e9mon in its position on the field.  The item must be used again before it can be recovered by this move again.  If the user is holding an item, this move fails.\n\nItems taken or given away by covet, knock off, switcheroo, thief, or trick may not be recovered.", "language": {"name": "en", "url": "https://pokeapi.co/api/v2/language/9/"}, "short_effect": "User recovers the item it last used up."}], "flavor_text_entries": [{"flavor_text": "Recycles a used item for\none more use.", "language": {"name": "en", "url": "https://pokeapi.co/api/v2/language/9/"}, "version_group": {"name": "ruby-sapphire", "url": "https://pokeapi.co/api/v2/version-group/5/"}}, {"flavor_text": "Recycles a used item for\none more use.", "language": {"name": "en", "url": "https://pokeapi.co/api/v2/language/9/"}, "version_group": {"name": "emerald", "url": "https://pokeapi.co/api/v2/version-group/6/"}}, {"flavor_text": "A move that\nrecycles a used\nitem for use once\nmore.", "language": {"name": "en", "url": "https://pokeapi.co/api/v2/language/9/"}, "version_group": {"name": "firered-leafgreen", "url": "https://pokeapi.co/api/v2/version-group/7/"}}, {"flavor_text": "The user recycles a\nsingle-use item that\nhas been used in\nbattle so it can be\nused again.", "language": {"name": "en", "url": "https://pokeapi.co/api/v2/language/9/"}, "version_group": {"name": "diamond-pearl", "url": "https://pokeapi.co/api/v2/version-group/8/"}}, {"flavor_text": "The user recycles a\nsingle-use item that\nhas been used in\nbattle so it can be\nused again.", "language": {"name": "en", "url": "https://pokeapi.co/api/v2/language/9/"}, "version_group": {"name": "platinum", "url": "https://pokeapi.co/api/v2/version-group/9/"}}, {"flavor_text": "The user recycles a\nheld item that\nhas been used in\nbattle so it can be\nused again.", "language": {"name": "en", "url": "https://pokeapi.co/api/v2/language/9/"}, "version_group": {"name": "heartgold-soulsilver", "url": "https://pokeapi.co/api/v2/version-group/10/"}}, {"flavor_text": "Recycle un objet tenu \u00e0 usage unique\nd\u00e9j\u00e0 utilis\u00e9 lors du combat pour pouvoir\nl\u2019utiliser \u00e0 nouveau.", "language": {"name": "fr", "url": "https://pokeapi.co/api/v2/language/5/"}, "version_group": {"name": "black-white", "url": "https://pokeapi.co/api/v2/version-group/11/"}}, {"flavor_text": "The user recycles a held item that\nhas been used in battle so it can be\nused again.", "language": {"name": "en", "url": "https://pokeapi.co/api/v2/language/9/"}, "version_group": {"name": "black-white", "url": "https://pokeapi.co/api/v2/version-group/11/"}}, {"flavor_text": "The user recycles a held item that\nhas been used in battle so it can be\nused again.", "language": {"name": "en", "url": "https://pokeapi.co/api/v2/language/9/"}, "version_group": {"name": "black-2-white-2", "url": "https://pokeapi.co/api/v2/version-group/14/"}}, {"flavor_text": "\u305b\u3093\u3068\u3046\u3061\u3085\u3046\u306b\u3000\u3064\u304b\u3063\u3066\u3000\u306a\u304f\u306a\u3063\u305f\n\u3058\u3076\u3093\u306e\u3000\u3082\u3061\u3082\u306e\u3092\u3000\u3055\u3044\u305b\u3044\u3000\u3055\u305b\u3066\n\u3064\u304b\u3048\u308b\u3088\u3046\u306b\u3000\u3059\u308b\u3002", "language": {"name": "ja-Hrkt", "url": "https://pokeapi.co/api/v2/language/1/"}, "version_group": {"name": "x-y", "url": "https://pokeapi.co/api/v2/version-group/15/"}}, {"flavor_text": "\ubc30\ud2c0 \uc911\uc5d0 \uc0ac\uc6a9\ud558\uc5ec \uc5c6\uc5b4\uc9c4\n\uc790\uc2e0\uc758 \uc9c0\ub2cc \ubb3c\uac74\uc744 \uc7ac\uc0dd\uc2dc\ucf1c\n\uc0ac\uc6a9\ud560 \uc218 \uc788\uac8c \ud55c\ub2e4.", "language": {"name": "ko", "url": "https://pokeapi.co/api/v2/language/3/"}, "version_group": {"name": "x-y", "url": "https://pokeapi.co/api/v2/version-group/15/"}}, {"flavor_text": "Recycle un objet tenu \u00e0 usage unique d\u00e9j\u00e0 utilis\u00e9\nlors du combat pour pouvoir l\u2019utiliser \u00e0 nouveau.", "language": {"name": "fr", "url": "https://pokeapi.co/api/v2/language/5/"}, "version_group": {"name": "x-y", "url": "https://pokeapi.co/api/v2/version-group/15/"}}, {"flavor_text": "Recycling eines getragenen Items,\ndas zuvor im Kampf verwendet wurde.", "language": {"name": "de", "url": "https://pokeapi.co/api/v2/language/6/"}, "version_group": {"name": "x-y", "url": "https://pokeapi.co/api/v2/version-group/15/"}}, {"flavor_text": "Recicla y as\u00ed recupera un objeto equipado de un\nsolo uso que ya haya sido empleado durante el\ncombate.", "language": {"name": "es", "url": "https://pokeapi.co/api/v2/language/7/"}, "version_group": {"name": "x-y", "url": "https://pokeapi.co/api/v2/version-group/15/"}}, {"flavor_text": "Chi la usa ricicla uno strumento gi\u00e0 usato\nnella lotta e lo pu\u00f2 riutilizzare.", "language": {"name": "it", "url": "https://pokeapi.co/api/v2/language/8/"}, "version_group": {"name": "x-y", "url": "https://pokeapi.co/api/v2/version-group/15/"}}, {"flavor_text": "The user recycles a held item that\nhas been used in battle so it can be\nused again.", "language": {"name": "en", "url": "https://pokeapi.co/api/v2/language/9/"}, "version_group": {"name": "x-y", "url": "https://pokeapi.co/api/v2/version-group/15/"}}, {"flavor_text": "\u6226\u95d8\u4e2d\u306b\u3000\u4f7f\u3063\u3066\u3000\u306a\u304f\u306a\u3063\u305f\n\u81ea\u5206\u306e\u3000\u6301\u3061\u7269\u3092\u3000\u518d\u751f\u3055\u305b\u3066\n\u4f7f\u3048\u308b\u3088\u3046\u306b\u3000\u3059\u308b\u3002", "language": {"name": "ja", "url": "https://pokeapi.co/api/v2/language/11/"}, "version_group": {"name": "x-y", "url": "https://pokeapi.co/api/v2/version-group/15/"}}, {"flavor_text": "\u305b\u3093\u3068\u3046\u3061\u3085\u3046\u306b\u3000\u3064\u304b\u3063\u3066\u3000\u306a\u304f\u306a\u3063\u305f\n\u3058\u3076\u3093\u306e\u3000\u3082\u3061\u3082\u306e\u3092\u3000\u3055\u3044\u305b\u3044\u3000\u3055\u305b\u3066\n\u3064\u304b\u3048\u308b\u3088\u3046\u306b\u3000\u3059\u308b\u3002", "language": {"name": "ja-Hrkt", "url": "https://pokeapi.co/api/v2/language/1/"}, "version_group": {"name": "omega-ruby-alpha-sapphire", "url": "https://pokeapi.co/api/v2/version-group/16/"}}, {"flavor_text": "\ubc30\ud2c0 \uc911\uc5d0 \uc0ac\uc6a9\ud558\uc5ec \uc5c6\uc5b4\uc9c4\n\uc790\uc2e0\uc758 \uc9c0\ub2cc \ubb3c\uac74\uc744 \uc7ac\uc0dd\uc2dc\ucf1c\n\uc0ac\uc6a9\ud560 \uc218 \uc788\uac8c \ud55c\ub2e4.", "language": {"name": "ko", "url": "https://pokeapi.co/api/v2/language/3/"}, "version_group": {"name": "omega-ruby-alpha-sapphire", "url": "https://pokeapi.co/api/v2/version-group/16/"}}, {"flavor_text": "Recycle un objet tenu \u00e0 usage unique d\u00e9j\u00e0 utilis\u00e9\nlors du combat pour pouvoir l\u2019utiliser \u00e0 nouveau.", "language": {"name": "fr", "url": "https://pokeapi.co/api/v2/language/5/"}, "version_group": {"name": "omega-ruby-alpha-sapphire", "url": "https://pokeapi.co/api/v2/version-group/16/"}}, {"flavor_text": "Recycling eines getragenen Items,\ndas zuvor im Kampf verwendet wurde.", "language": {"name": "de", "url": "https://pokeapi.co/api/v2/language/6/"}, "version_group": {"name": "omega-ruby-alpha-sapphire", "url": "https://pokeapi.co/api/v2/version-group/16/"}}, {"flavor_text": "Recicla y as\u00ed recupera un objeto equipado de un \nsolo uso que ya haya sido empleado durante el \ncombate.", "language": {"name": "es", "url": "https://pokeapi.co/api/v2/language/7/"}, "version_group": {"name": "omega-ruby-alpha-sapphire", "url": "https://pokeapi.co/api/v2/version-group/16/"}}, {"flavor_text": "Chi la usa ricicla uno strumento gi\u00e0 usato\nnella lotta e lo pu\u00f2 riutilizzare.", "language": {"name": "it", "url": "https://pokeapi.co/api/v2/language/8/"}, "version_group": {"name": "omega-ruby-alpha-sapphire", "url": "https://pokeapi.co/api/v2/version-group/16/"}}, {"flavor_text": "The user recycles a held item that\nhas been used in battle so it can be\nused again.", "language": {"name": "en", "url": "https://pokeapi.co/api/v2/language/9/"}, "version_group": {"name": "omega-ruby-alpha-sapphire", "url": "https://pokeapi.co/api/v2/version-group/16/"}}, {"flavor_text": "\u6226\u95d8\u4e2d\u306b\u3000\u4f7f\u3063\u3066\u3000\u306a\u304f\u306a\u3063\u305f\n\u81ea\u5206\u306e\u3000\u6301\u3061\u7269\u3092\u3000\u518d\u751f\u3055\u305b\u3066\n\u4f7f\u3048\u308b\u3088\u3046\u306b\u3000\u3059\u308b\u3002", "language": {"name": "ja", "url": "https://pokeapi.co/api/v2/language/11/"}, "version_group": {"name": "omega-ruby-alpha-sapphire", "url": "https://pokeapi.co/api/v2/version-group/16/"}}, {"flavor_text": "\u305b\u3093\u3068\u3046\u3061\u3085\u3046\u306b\u3000\u3064\u304b\u3063\u3066\u3000\u306a\u304f\u306a\u3063\u305f\n\u3058\u3076\u3093\u306e\u3000\u3082\u3061\u3082\u306e\u3092\u3000\u3055\u3044\u305b\u3044\u3000\u3055\u305b\u3066\n\u3064\u304b\u3048\u308b\u3088\u3046\u306b\u3000\u3059\u308b\u3002", "language": {"name": "ja-Hrkt", "url": "https://pokeapi.co/api/v2/language/1/"}, "version_group": {"name": "sun-moon", "url": "https://pokeapi.co/api/v2/version-group/17/"}}, {"flavor_text": "\ubc30\ud2c0 \uc911\uc5d0 \uc0ac\uc6a9\ud558\uc5ec \uc5c6\uc5b4\uc9c4\n\uc790\uc2e0\uc758 \uc9c0\ub2cc \ubb3c\uac74\uc744 \uc7ac\uc0dd\uc2dc\ucf1c\n\uc0ac\uc6a9\ud560 \uc218 \uc788\uac8c \ud55c\ub2e4.", "language": {"name": "ko", "url": "https://pokeapi.co/api/v2/language/3/"}, "version_group": {"name": "sun-moon", "url": "https://pokeapi.co/api/v2/version-group/17/"}}, {"flavor_text": "\u5c07\u5728\u6230\u9b25\u4e2d\u5df2\u6d88\u8017\u5b8c\u7684\n\u5bf6\u53ef\u5922\u6301\u6709\u7269\u56de\u6536\u5f8c\uff0c\n\u56de\u5fa9\u6210\u53ef\u4ee5\u4f7f\u7528\u7684\u72c0\u614b\u3002", "language": {"name": "zh-Hant", "url": "https://pokeapi.co/api/v2/language/4/"}, "version_group": {"name": "sun-moon", "url": "https://pokeapi.co/api/v2/version-group/17/"}}, {"flavor_text": "Recycle un objet tenu \u00e0 usage unique d\u00e9j\u00e0 utilis\u00e9\nlors du combat pour pouvoir l\u2019utiliser \u00e0 nouveau.", "language": {"name": "fr", "url": "https://pokeapi.co/api/v2/language/5/"}, "version_group": {"name": "sun-moon", "url": "https://pokeapi.co/api/v2/version-group/17/"}}, {"flavor_text": "Recycling eines getragenen Items, das zuvor im\nKampf verwendet wurde.", "language": {"name": "de", "url": "https://pokeapi.co/api/v2/language/6/"}, "version_group": {"name": "sun-moon", "url": "https://pokeapi.co/api/v2/version-group/17/"}}, {"flavor_text": "Recicla y as\u00ed recupera un objeto equipado de un \nsolo uso que ya haya sido empleado durante el \ncombate.", "language": {"name": "es", "url": "https://pokeapi.co/api/v2/language/7/"}, "version_group": {"name": "sun-moon", "url": "https://pokeapi.co/api/v2/version-group/17/"}}, {"flavor_text": "Chi la usa ricicla uno strumento che ha usato\nnella lotta e pu\u00f2 riutilizzarlo.", "language": {"name": "it", "url": "https://pokeapi.co/api/v2/language/8/"}, "version_group": {"name": "sun-moon", "url": "https://pokeapi.co/api/v2/version-group/17/"}}, {"flavor_text": "The user recycles a held item that has been used in\nbattle so it can be used again.", "language": {"name": "en", "url": "https://pokeapi.co/api/v2/language/9/"}, "version_group": {"name": "sun-moon", "url": "https://pokeapi.co/api/v2/version-group/17/"}}, {"flavor_text": "\u6226\u95d8\u4e2d\u306b\u3000\u4f7f\u3063\u3066\u3000\u306a\u304f\u306a\u3063\u305f\n\u81ea\u5206\u306e\u3000\u6301\u3061\u7269\u3092\u3000\u518d\u751f\u3055\u305b\u3066\n\u4f7f\u3048\u308b\u3088\u3046\u306b\u3000\u3059\u308b\u3002", "language": {"name": "ja", "url": "https://pokeapi.co/api/v2/language/11/"}, "version_group": {"name": "sun-moon", "url": "https://pokeapi.co/api/v2/version-group/17/"}}, {"flavor_text": "\u4f7f\u6218\u6597\u4e2d\u5df2\u7ecf\u6d88\u8017\u6389\u7684\n\u81ea\u5df1\u7684\u6301\u6709\u7269\u518d\u751f\uff0c\n\u5e76\u53ef\u4ee5\u518d\u6b21\u4f7f\u7528\u3002", "language": {"name": "zh-Hans", "url": "https://pokeapi.co/api/v2/language/12/"}, "version_group": {"name": "sun-moon", "url": "https://pokeapi.co/api/v2/version-group/17/"}}, {"flavor_text": "\u305b\u3093\u3068\u3046\u3061\u3085\u3046\u306b\u3000\u3064\u304b\u3063\u3066\u3000\u306a\u304f\u306a\u3063\u305f\n\u3058\u3076\u3093\u306e\u3000\u3082\u3061\u3082\u306e\u3092\u3000\u3055\u3044\u305b\u3044\u3000\u3055\u305b\u3066\n\u3064\u304b\u3048\u308b\u3088\u3046\u306b\u3000\u3059\u308b\u3002", "language": {"name": "ja-Hrkt", "url": "https://pokeapi.co/api/v2/language/1/"}, "version_group": {"name": "ultra-sun-ultra-moon", "url": "https://pokeapi.co/api/v2/version-group/18/"}}, {"flavor_text": "\ubc30\ud2c0 \uc911\uc5d0 \uc0ac\uc6a9\ud558\uc5ec \uc5c6\uc5b4\uc9c4\n\uc790\uc2e0\uc758 \uc9c0\ub2cc \ubb3c\uac74\uc744 \uc7ac\uc0dd\uc2dc\ucf1c\n\uc0ac\uc6a9\ud560 \uc218 \uc788\uac8c \ud55c\ub2e4.", "language": {"name": "ko", "url": "https://pokeapi.co/api/v2/language/3/"}, "version_group": {"name": "ultra-sun-ultra-moon", "url": "https://pokeapi.co/api/v2/version-group/18/"}}, {"flavor_text": "\u5c07\u5728\u6230\u9b25\u4e2d\u5df2\u6d88\u8017\u5b8c\u7684\n\u5bf6\u53ef\u5922\u6301\u6709\u7269\u56de\u6536\u5f8c\uff0c\n\u56de\u5fa9\u6210\u53ef\u4ee5\u4f7f\u7528\u7684\u72c0\u614b\u3002", "language": {"name": "zh-Hant", "url": "https://pokeapi.co/api/v2/language/4/"}, "version_group": {"name": "ultra-sun-ultra-moon", "url": "https://pokeapi.co/api/v2/version-group/18/"}}, {"flavor_text": "Recycle un objet tenu \u00e0 usage unique d\u00e9j\u00e0 utilis\u00e9\nlors du combat pour pouvoir l\u2019utiliser \u00e0 nouveau.", "language": {"name": "fr", "url": "https://pokeapi.co/api/v2/language/5/"}, "version_group": {"name": "ultra-sun-ultra-moon", "url": "https://pokeapi.co/api/v2/version-group/18/"}}, {"flavor_text": "Recycling eines getragenen Items, das zuvor im\nKampf verwendet wurde.", "language": {"name": "de", "url": "https://pokeapi.co/api/v2/language/6/"}, "version_group": {"name": "ultra-sun-ultra-moon", "url": "https://pokeapi.co/api/v2/version-group/18/"}}, {"flavor_text": "Recicla y as\u00ed recupera un objeto equipado de un \nsolo uso que ya haya sido empleado durante el \ncombate.", "language": {"name": "es", "url": "https://pokeapi.co/api/v2/language/7/"}, "version_group": {"name": "ultra-sun-ultra-moon", "url": "https://pokeapi.co/api/v2/version-group/18/"}}, {"flavor_text": "Chi la usa ricicla uno strumento che ha usato\nnella lotta e pu\u00f2 riutilizzarlo.", "language": {"name": "it", "url": "https://pokeapi.co/api/v2/language/8/"}, "version_group": {"name": "ultra-sun-ultra-moon", "url": "https://pokeapi.co/api/v2/version-group/18/"}}, {"flavor_text": "The user recycles a held item that has been used in\nbattle so it can be used again.", "language": {"name": "en", "url": "https://pokeapi.co/api/v2/language/9/"}, "version_group": {"name": "ultra-sun-ultra-moon", "url": "https://pokeapi.co/api/v2/version-group/18/"}}, {"flavor_text": "\u6226\u95d8\u4e2d\u306b\u3000\u4f7f\u3063\u3066\u3000\u306a\u304f\u306a\u3063\u305f\n\u81ea\u5206\u306e\u3000\u6301\u3061\u7269\u3092\u3000\u518d\u751f\u3055\u305b\u3066\n\u4f7f\u3048\u308b\u3088\u3046\u306b\u3000\u3059\u308b\u3002", "language": {"name": "ja", "url": "https://pokeapi.co/api/v2/language/11/"}, "version_group": {"name": "ultra-sun-ultra-moon", "url": "https://pokeapi.co/api/v2/version-group/18/"}}, {"flavor_text": "\u4f7f\u6218\u6597\u4e2d\u5df2\u7ecf\u6d88\u8017\u6389\u7684\n\u81ea\u5df1\u7684\u6301\u6709\u7269\u518d\u751f\uff0c\n\u5e76\u53ef\u4ee5\u518d\u6b21\u4f7f\u7528\u3002", "language": {"name": "zh-Hans", "url": "https://pokeapi.co/api/v2/language/12/"}, "version_group": {"name": "ultra-sun-ultra-moon", "url": "https://pokeapi.co/api/v2/version-group/18/"}}, {"flavor_text": "\u305b\u3093\u3068\u3046\u3061\u3085\u3046\u306b\u3000\u3064\u304b\u3063\u3066\u3000\u306a\u304f\u306a\u3063\u305f\n\u3058\u3076\u3093\u306e\u3000\u3082\u3061\u3082\u306e\u3092\u3000\u3055\u3044\u305b\u3044\u3000\u3055\u305b\u3066\n\u3064\u304b\u3048\u308b\u3088\u3046\u306b\u3000\u3059\u308b\u3002", "language": {"name": "ja-Hrkt", "url": "https://pokeapi.co/api/v2/language/1/"}, "version_group": {"name": "lets-go-pikachu-lets-go-eevee", "url": "https://pokeapi.co/api/v2/version-group/19/"}}, {"flavor_text": "\ubc30\ud2c0 \uc911\uc5d0 \uc0ac\uc6a9\ud558\uc5ec \uc5c6\uc5b4\uc9c4\n\uc790\uc2e0\uc758 \uc9c0\ub2cc \ubb3c\uac74\uc744 \uc7ac\uc0dd\uc2dc\ucf1c\n\uc0ac\uc6a9\ud560 \uc218 \uc788\uac8c \ud55c\ub2e4.", "language": {"name": "ko", "url": "https://pokeapi.co/api/v2/language/3/"}, "version_group": {"name": "lets-go-pikachu-lets-go-eevee", "url": "https://pokeapi.co/api/v2/version-group/19/"}}, {"flavor_text": "\u5c07\u5728\u6230\u9b25\u4e2d\u5df2\u6d88\u8017\u5b8c\u7684\n\u5bf6\u53ef\u5922\u6301\u6709\u7269\u56de\u6536\u5f8c\uff0c\n\u56de\u5fa9\u6210\u53ef\u4ee5\u4f7f\u7528\u7684\u72c0\u614b\u3002", "language": {"name": "zh-Hant", "url": "https://pokeapi.co/api/v2/language/4/"}, "version_group": {"name": "lets-go-pikachu-lets-go-eevee", "url": "https://pokeapi.co/api/v2/version-group/19/"}}, {"flavor_text": "Recycle un objet tenu \u00e0 usage unique d\u00e9j\u00e0 utilis\u00e9\nlors du combat pour pouvoir l\u2019utiliser \u00e0 nouveau.", "language": {"name": "fr", "url": "https://pokeapi.co/api/v2/language/5/"}, "version_group": {"name": "lets-go-pikachu-lets-go-eevee", "url": "https://pokeapi.co/api/v2/version-group/19/"}}, {"flavor_text": "Recycling eines getragenen Items, das zuvor im\nKampf verwendet wurde.", "language": {"name": "de", "url": "https://pokeapi.co/api/v2/language/6/"}, "version_group": {"name": "lets-go-pikachu-lets-go-eevee", "url": "https://pokeapi.co/api/v2/version-group/19/"}}, {"flavor_text": "Recicla y as\u00ed recupera un objeto equipado de un \nsolo uso que ya haya sido empleado durante el \ncombate.", "language": {"name": "es", "url": "https://pokeapi.co/api/v2/language/7/"}, "version_group": {"name": "lets-go-pikachu-lets-go-eevee", "url": "https://pokeapi.co/api/v2/version-group/19/"}}, {"flavor_text": "Chi la usa ricicla uno strumento che ha usato\nnella lotta e pu\u00f2 riutilizzarlo.", "language": {"name": "it", "url": "https://pokeapi.co/api/v2/language/8/"}, "version_group": {"name": "lets-go-pikachu-lets-go-eevee", "url": "https://pokeapi.co/api/v2/version-group/19/"}}, {"flavor_text": "The user recycles a held item that has been used in\nbattle so it can be used again.", "language": {"name": "en", "url": "https://pokeapi.co/api/v2/language/9/"}, "version_group": {"name": "lets-go-pikachu-lets-go-eevee", "url": "https://pokeapi.co/api/v2/version-group/19/"}}, {"flavor_text": "\u6226\u95d8\u4e2d\u306b\u3000\u4f7f\u3063\u3066\u3000\u306a\u304f\u306a\u3063\u305f\n\u81ea\u5206\u306e\u3000\u6301\u3061\u7269\u3092\u3000\u518d\u751f\u3055\u305b\u3066\n\u4f7f\u3048\u308b\u3088\u3046\u306b\u3000\u3059\u308b\u3002", "language": {"name": "ja", "url": "https://pokeapi.co/api/v2/language/11/"}, "version_group": {"name": "lets-go-pikachu-lets-go-eevee", "url": "https://pokeapi.co/api/v2/version-group/19/"}}, {"flavor_text": "\u4f7f\u6218\u6597\u4e2d\u5df2\u7ecf\u6d88\u8017\u6389\u7684\n\u81ea\u5df1\u7684\u6301\u6709\u7269\u518d\u751f\uff0c\n\u5e76\u53ef\u4ee5\u518d\u6b21\u4f7f\u7528\u3002", "language": {"name": "zh-Hans", "url": "https://pokeapi.co/api/v2/language/12/"}, "version_group": {"name": "lets-go-pikachu-lets-go-eevee", "url": "https://pokeapi.co/api/v2/version-group/19/"}}, {"flavor_text": "\u305b\u3093\u3068\u3046\u3061\u3085\u3046\u306b\u3000\u3064\u304b\u3063\u3066\u3000\u306a\u304f\u306a\u3063\u305f\n\u3058\u3076\u3093\u306e\u3000\u3082\u3061\u3082\u306e\u3092\u3000\u3055\u3044\u305b\u3044\u3000\u3055\u305b\u3066\n\u3064\u304b\u3048\u308b\u3088\u3046\u306b\u3000\u3059\u308b\u3002", "language": {"name": "ja-Hrkt", "url": "https://pokeapi.co/api/v2/language/1/"}, "version_group": {"name": "sword-shield", "url": "https://pokeapi.co/api/v2/version-group/20/"}}, {"flavor_text": "\ubc30\ud2c0 \uc911\uc5d0 \uc0ac\uc6a9\ud558\uc5ec \uc5c6\uc5b4\uc9c4\n\uc790\uc2e0\uc758 \uc9c0\ub2cc \ubb3c\uac74\uc744 \uc7ac\uc0dd\uc2dc\ucf1c\n\uc0ac\uc6a9\ud560 \uc218 \uc788\uac8c \ud55c\ub2e4.", "language": {"name": "ko", "url": "https://pokeapi.co/api/v2/language/3/"}, "version_group": {"name": "sword-shield", "url": "https://pokeapi.co/api/v2/version-group/20/"}}, {"flavor_text": "\u5c07\u5728\u6230\u9b25\u4e2d\u5df2\u6d88\u8017\u5b8c\u7684\n\u5bf6\u53ef\u5922\u6301\u6709\u7269\u56de\u6536\u5f8c\uff0c\n\u56de\u5fa9\u6210\u53ef\u4ee5\u4f7f\u7528\u7684\u72c0\u614b\u3002", "language": {"name": "zh-Hant", "url": "https://pokeapi.co/api/v2/language/4/"}, "version_group": {"name": "sword-shield", "url": "https://pokeapi.co/api/v2/version-group/20/"}}, {"flavor_text": "Recycle un objet tenu \u00e0 usage unique d\u00e9j\u00e0 utilis\u00e9\nlors du combat pour pouvoir l\u2019utiliser \u00e0 nouveau.", "language": {"name": "fr", "url": "https://pokeapi.co/api/v2/language/5/"}, "version_group": {"name": "sword-shield", "url": "https://pokeapi.co/api/v2/version-group/20/"}}, {"flavor_text": "Recycling eines getragenen Items, das zuvor im Kampf\nverwendet wurde.", "language": {"name": "de", "url": "https://pokeapi.co/api/v2/language/6/"}, "version_group": {"name": "sword-shield", "url": "https://pokeapi.co/api/v2/version-group/20/"}}, {"flavor_text": "Recicla y as\u00ed recupera un objeto equipado de un solo\nuso que ya haya sido empleado durante el combate.", "language": {"name": "es", "url": "https://pokeapi.co/api/v2/language/7/"}, "version_group": {"name": "sword-shield", "url": "https://pokeapi.co/api/v2/version-group/20/"}}, {"flavor_text": "Chi la usa ricicla uno strumento che ha usato\nnella lotta e pu\u00f2 riutilizzarlo.", "language": {"name": "it", "url": "https://pokeapi.co/api/v2/language/8/"}, "version_group": {"name": "sword-shield", "url": "https://pokeapi.co/api/v2/version-group/20/"}}, {"flavor_text": "The user recycles a held item that has been used in\nbattle so it can be used again.", "language": {"name": "en", "url": "https://pokeapi.co/api/v2/language/9/"}, "version_group": {"name": "sword-shield", "url": "https://pokeapi.co/api/v2/version-group/20/"}}, {"flavor_text": "\u6226\u95d8\u4e2d\u306b\u3000\u4f7f\u3063\u3066\u3000\u306a\u304f\u306a\u3063\u305f\n\u81ea\u5206\u306e\u3000\u6301\u3061\u7269\u3092\u3000\u518d\u751f\u3055\u305b\u3066\n\u4f7f\u3048\u308b\u3088\u3046\u306b\u3000\u3059\u308b\u3002", "language": {"name": "ja", "url": "https://pokeapi.co/api/v2/language/11/"}, "version_group": {"name": "sword-shield", "url": "https://pokeapi.co/api/v2/version-group/20/"}}, {"flavor_text": "\u4f7f\u6218\u6597\u4e2d\u5df2\u7ecf\u6d88\u8017\u6389\u7684\n\u81ea\u5df1\u7684\u6301\u6709\u7269\u518d\u751f\uff0c\n\u5e76\u53ef\u4ee5\u518d\u6b21\u4f7f\u7528\u3002", "language": {"name": "zh-Hans", "url": "https://pokeapi.co/api/v2/language/12/"}, "version_group": {"name": "sword-shield", "url": "https://pokeapi.co/api/v2/version-group/20/"}}, {"flavor_text": "The user recycles a held item that has been used in battle so it can be used again.", "language": {"name": "en", "url": "https://pokeapi.co/api/v2/language/9/"}, "version_group": {"name": "legends-arceus", "url": "https://pokeapi.co/api/v2/version-group/24/"}}, {"flavor_text": "The user recycles a held item that has been used in battle so it can be used again.", "language": {"name": "en", "url": "https://pokeapi.co/api/v2/language/9/"}, "version_group": {"name": "scarlet-violet", "url": "https://pokeapi.co/api/v2/version-group/25/"}}], "generation": {"name": "generation-iii", "url": "https://pokeapi.co/api/v2/generation/3/"}, "id": 278, "learned_by_pokemon": [{"name": "clefairy", "url": "https://pokeapi.co/api/v2/pokemon/35/"}, {"name": "clefable", "url": "https://pokeapi.co/api/v2/pokemon/36/"}, {"name": "jigglypuff", "url": "https://pokeapi.co/api/v2/pokemon/39/"}, {"name": "wigglytuff", "url": "https://pokeapi.co/api/v2/pokemon/40/"}, {"name": "abra", "url": "https://pokeapi.co/api/v2/pokemon/63/"}, {"name": "kadabra", "url": "https://pokeapi.co/api/v2/pokemon/64/"}, {"name": "alakazam", "url": "https://pokeapi.co/api/v2/pokemon/65/"}, {"name": "slowpoke", "url": "https://pokeapi.co/api/v2/pokemon/79/"}, {"name": "slowbro", "url": "https://pokeapi.co/api/v2/pokemon/80/"}, {"name": "magnemite", "url": "https://pokeapi.co/api/v2/pokemon/81/"}, {"name": "magneton", "url": "https://pokeapi.co/api/v2/pokemon/82/"}, {"name": "drowzee", "url": "https://pokeapi.co/api/v2/pokemon/96/"}, {"name": "hypno", "url": "https://pokeapi.co/api/v2/pokemon/97/"}, {"name": "voltorb", "url": "https://pokeapi.co/api/v2/pokemon/100/"}, {"name": "chansey", "url": "https://pokeapi.co/api/v2/pokemon/113/"}, {"name": "staryu", "url": "https://pokeapi.co/api/v2/pokemon/120/"}, {"name": "starmie", "url": "https://pokeapi.co/api/v2/pokemon/121/"}, {"name": "mr-mime", "url": "https://pokeapi.co/api/v2/pokemon/122/"}, {"name": "jynx", "url": "https://pokeapi.co/api/v2/pokemon/124/"}, {"name": "porygon", "url": "https://pokeapi.co/api/v2/pokemon/137/"}, {"name": "snorlax", "url": "https://pokeapi.co/api/v2/pokemon/143/"}, {"name": "mewtwo", "url": "https://pokeapi.co/api/v2/pokemon/150/"}, {"name": "mew", "url": "https://pokeapi.co/api/v2/pokemon/151/"}, {"name": "hoothoot", "url": "https://pokeapi.co/api/v2/pokemon/163/"}, {"name": "noctowl", "url": "https://pokeapi.co/api/v2/pokemon/164/"}, {"name": "cleffa", "url": "https://pokeapi.co/api/v2/pokemon/173/"}, {"name": "igglybuff", "url": "https://pokeapi.co/api/v2/pokemon/174/"}, {"name": "slowking", "url": "https://pokeapi.co/api/v2/pokemon/199/"}, {"name": "girafarig", "url": "https://pokeapi.co/api/v2/pokemon/203/"}, {"name": "delibird", "url": "https://pokeapi.co/api/v2/pokemon/225/"}, {"name": "porygon2", "url": "https://pokeapi.co/api/v2/pokemon/233/"}, {"name": "smoochum", "url": "https://pokeapi.co/api/v2/pokemon/238/"}, {"name": "blissey", "url": "https://pokeapi.co/api/v2/pokemon/242/"}, {"name": "ralts", "url": "https://pokeapi.co/api/v2/pokemon/280/"}, {"name": "kirlia", "url": "https://pokeapi.co/api/v2/pokemon/281/"}, {"name": "gardevoir", "url": "https://pokeapi.co/api/v2/pokemon/282/"}, {"name": "meditite", "url": "https://pokeapi.co/api/v2/pokemon/307/"}, {"name": "medicham", "url": "https://pokeapi.co/api/v2/pokemon/308/"}, {"name": "spoink", "url": "https://pokeapi.co/api/v2/pokemon/325/"}, {"name": "grumpig", "url": "https://pokeapi.co/api/v2/pokemon/326/"}, {"name": "spinda", "url": "https://pokeapi.co/api/v2/pokemon/327/"}, {"name": "lunatone", "url": "https://pokeapi.co/api/v2/pokemon/337/"}, {"name": "solrock", "url": "https://pokeapi.co/api/v2/pokemon/338/"}, {"name": "baltoy", "url": "https://pokeapi.co/api/v2/pokemon/343/"}, {"name": "claydol", "url": "https://pokeapi.co/api/v2/pokemon/344/"}, {"name": "kecleon", "url": "https://pokeapi.co/api/v2/pokemon/352/"}, {"name": "chimecho", "url": "https://pokeapi.co/api/v2/pokemon/358/"}, {"name": "jirachi", "url": "https://pokeapi.co/api/v2/pokemon/385/"}, {"name": "deoxys-normal", "url": "https://pokeapi.co/api/v2/pokemon/386/"}, {"name": "drifloon", "url": "https://pokeapi.co/api/v2/pokemon/425/"}, {"name": "drifblim", "url": "https://pokeapi.co/api/v2/pokemon/426/"}, {"name": "chingling", "url": "https://pokeapi.co/api/v2/pokemon/433/"}, {"name": "bronzor", "url": "https://pokeapi.co/api/v2/pokemon/436/"}, {"name": "bronzong", "url": "https://pokeapi.co/api/v2/pokemon/437/"}, {"name": "mime-jr", "url": "https://pokeapi.co/api/v2/pokemon/439/"}, {"name": "happiny", "url": "https://pokeapi.co/api/v2/pokemon/440/"}, {"name": "munchlax", "url": "https://pokeapi.co/api/v2/pokemon/446/"}, {"name": "magnezone", "url": "https://pokeapi.co/api/v2/pokemon/462/"}, {"name": "porygon-z", "url": "https://pokeapi.co/api/v2/pokemon/474/"}, {"name": "gallade", "url": "https://pokeapi.co/api/v2/pokemon/475/"}, {"name": "uxie", "url": "https://pokeapi.co/api/v2/pokemon/480/"}, {"name": "mesprit", "url": "https://pokeapi.co/api/v2/pokemon/481/"}, {"name": "azelf", "url": "https://pokeapi.co/api/v2/pokemon/482/"}, {"name": "cresselia", "url": "https://pokeapi.co/api/v2/pokemon/488/"}, {"name": "arceus", "url": "https://pokeapi.co/api/v2/pokemon/493/"}, {"name": "pansage", "url": "https://pokeapi.co/api/v2/pokemon/511/"}, {"name": "simisage", "url": "https://pokeapi.co/api/v2/pokemon/512/"}, {"name": "pansear", "url": "https://pokeapi.co/api/v2/pokemon/513/"}, {"name": "simisear", "url": "https://pokeapi.co/api/v2/pokemon/514/"}, {"name": "panpour", "url": "https://pokeapi.co/api/v2/pokemon/515/"}, {"name": "simipour", "url": "https://pokeapi.co/api/v2/pokemon/516/"}, {"name": "trubbish", "url": "https://pokeapi.co/api/v2/pokemon/568/"}, {"name": "garbodor", "url": "https://pokeapi.co/api/v2/pokemon/569/"}, {"name": "gothita", "url": "https://pokeapi.co/api/v2/pokemon/574/"}, {"name": "gothorita", "url": "https://pokeapi.co/api/v2/pokemon/575/"}, {"name": "gothitelle", "url": "https://pokeapi.co/api/v2/pokemon/576/"}, {"name": "klink", "url": "https://pokeapi.co/api/v2/pokemon/599/"}, {"name": "klang", "url": "https://pokeapi.co/api/v2/pokemon/600/"}, {"name": "klinklang", "url": "https://pokeapi.co/api/v2/pokemon/601/"}, {"name": "elgyem", "url": "https://pokeapi.co/api/v2/pokemon/605/"}, {"name": "beheeyem", "url": "https://pokeapi.co/api/v2/pokemon/606/"}, {"name": "heatmor", "url": "https://pokeapi.co/api/v2/pokemon/631/"}, {"name": "meloetta-aria", "url": "https://pokeapi.co/api/v2/pokemon/648/"}, {"name": "genesect", "url": "https://pokeapi.co/api/v2/pokemon/649/"}, {"name": "braixen", "url": "https://pokeapi.co/api/v2/pokemon/654/"}, {"name": "delphox", "url": "https://pokeapi.co/api/v2/pokemon/655/"}, {"name": "bunnelby", "url": "https://pokeapi.co/api/v2/pokemon/659/"}, {"name": "diggersby", "url": "https://pokeapi.co/api/v2/pokemon/660/"}, {"name": "espurr", "url": "https://pokeapi.co/api/v2/pokemon/677/"}, {"name": "meowstic-male", "url": "https://pokeapi.co/api/v2/pokemon/678/"}, {"name": "dedenne", "url": "https://pokeapi.co/api/v2/pokemon/702/"}, {"name": "klefki", "url": "https://pokeapi.co/api/v2/pokemon/707/"}, {"name": "hoopa", "url": "https://pokeapi.co/api/v2/pokemon/720/"}, {"name": "morelull", "url": "https://pokeapi.co/api/v2/pokemon/755/"}, {"name": "shiinotic", "url": "https://pokeapi.co/api/v2/pokemon/756/"}, {"name": "sandygast", "url": "https://pokeapi.co/api/v2/pokemon/769/"}, {"name": "palossand", "url": "https://pokeapi.co/api/v2/pokemon/770/"}, {"name": "pyukumuku", "url": "https://pokeapi.co/api/v2/pokemon/771/"}, {"name": "necrozma", "url": "https://pokeapi.co/api/v2/pokemon/800/"}, {"name": "stakataka", "url": "https://pokeapi.co/api/v2/pokemon/805/"}, {"name": "blacephalon", "url": "https://pokeapi.co/api/v2/pokemon/806/"}, {"name": "applin", "url": "https://pokeapi.co/api/v2/pokemon/840/"}, {"name": "flapple", "url": "https://pokeapi.co/api/v2/pokemon/841/"}, {"name": "appletun", "url": "https://pokeapi.co/api/v2/pokemon/842/"}, {"name": "mr-rime", "url": "https://pokeapi.co/api/v2/pokemon/866/"}, {"name": "dipplin", "url": "https://pokeapi.co/api/v2/pokemon/1011/"}, {"name": "hydrapple", "url": "https://pokeapi.co/api/v2/pokemon/1019/"}, {"name": "deoxys-attack", "url": "https://pokeapi.co/api/v2/pokemon/10001/"}, {"name": "deoxys-defense", "url": "https://pokeapi.co/api/v2/pokemon/10002/"}, {"name": "deoxys-speed", "url": "https://pokeapi.co/api/v2/pokemon/10003/"}, {"name": "meloetta-pirouette", "url": "https://pokeapi.co/api/v2/pokemon/10018/"}, {"name": "meowstic-female", "url": "https://pokeapi.co/api/v2/pokemon/10025/"}, {"name": "alakazam-mega", "url": "https://pokeapi.co/api/v2/pokemon/10037/"}, {"name": "mewtwo-mega-x", "url": "https://pokeapi.co/api/v2/pokemon/10043/"}, {"name": "mewtwo-mega-y", "url": "https://pokeapi.co/api/v2/pokemon/10044/"}, {"name": "gardevoir-mega", "url": "https://pokeapi.co/api/v2/pokemon/10051/"}, {"name": "medicham-mega", "url": "https://pokeapi.co/api/v2/pokemon/10054/"}, {"name": "gallade-mega", "url": "https://pokeapi.co/api/v2/pokemon/10068/"}, {"name": "slowbro-mega", "url": "https://pokeapi.co/api/v2/pokemon/10071/"}, {"name": "hoopa-unbound", "url": "https://pokeapi.co/api/v2/pokemon/10086/"}, {"name": "raichu-alola", "url": "https://pokeapi.co/api/v2/pokemon/10100/"}, {"name": "grimer-alola", "url": "https://pokeapi.co/api/v2/pokemon/10112/"}, {"name": "muk-alola", "url": "https://pokeapi.co/api/v2/pokemon/10113/"}, {"name": "necrozma-dusk", "url": "https://pokeapi.co/api/v2/pokemon/10155/"}, {"name": "necrozma-dawn", "url": "https://pokeapi.co/api/v2/pokemon/10156/"}, {"name": "necrozma-ultra", "url": "https://pokeapi.co/api/v2/pokemon/10157/"}, {"name": "mr-mime-galar", "url": "https://pokeapi.co/api/v2/pokemon/10168/"}, {"name": "voltorb-hisui", "url": "https://pokeapi.co/api/v2/pokemon/10231/"}], "machines": [{"machine": {"url": "https://pokeapi.co/api/v2/machine/1172/"}, "version_group": {"name": "diamond-pearl", "url": "https://pokeapi.co/api/v2/version-group/8/"}}, {"machine": {"url": "https://pokeapi.co/api/v2/machine/1173/"}, "version_group": {"name": "platinum", "url": "https://pokeapi.co/api/v2/version-group/9/"}}, {"machine": {"url": "https://pokeapi.co/api/v2/machine/1174/"}, "version_group": {"name": "heartgold-soulsilver", "url": "https://pokeapi.co/api/v2/version-group/10/"}}], "meta": {"ailment": {"name": "none", "url": "https://pokeapi.co/api/v2/move-ailment/0/"}, "ailment_chance": 0, "category": {"name": "unique", "url": "https://pokeapi.co/api/v2/move-category/13/"}, "crit_rate": 0, "drain": 0, "flinch_chance": 0, "healing": 0, "max_hits": null, "max_turns": null, "min_hits": null, "min_turns": null, "stat_chance": 0}, "name": "recycle", "names": [{"language": {"name": "ja-Hrkt", "url": "https://pokeapi.co/api/v2/language/1/"}, "name": "\u30ea\u30b5\u30a4\u30af\u30eb"}, {"language": {"name": "ko", "url": "https://pokeapi.co/api/v2/language/3/"}, "name": "\ub9ac\uc0ac\uc774\ud074"}, {"language": {"name": "zh-Hant", "url": "https://pokeapi.co/api/v2/language/4/"}, "name": "\u56de\u6536\u5229\u7528"}, {"language": {"name": "fr", "url": "https://pokeapi.co/api/v2/language/5/"}, "name": "Recyclage"}, {"language": {"name": "de", "url": "https://pokeapi.co/api/v2/language/6/"}, "name": "Aufbereitung"}, {"language": {"name": "es", "url": "https://pokeapi.co/api/v2/language/7/"}, "name": "Reciclaje"}, {"language": {"name": "it", "url": "https://pokeapi.co/api/v2/language/8/"}, "name": "Riciclo"}, {"language": {"name": "en", "url": "https://pokeapi.co/api/v2/language/9/"}, "name": "Recycle"}, {"language": {"name": "ja", "url": "https://pokeapi.co/api/v2/language/11/"}, "name": "\u30ea\u30b5\u30a4\u30af\u30eb"}, {"language": {"name": "zh-Hans", "url": "https://pokeapi.co/api/v2/language/12/"}, "name": "\u56de\u6536\u5229\u7528"}], "past_values": [], "power": null, "pp": 10, "priority": 0, "stat_changes": [], "super_contest_effect": {"url": "https://pokeapi.co/api/v2/super-contest-effect/12/"}, "target": {"name": "user", "url": "https://pokeapi.co/api/v2/move-target/7/"}, "type": {"name": "normal", "url": "https://pokeapi.co/api/v2/type/1/"}}