{"accuracy": 90, "contest_combos": null, "contest_effect": null, "contest_type": null, "damage_class": {"name": "physical", "url": "https://pokeapi.co/api/v2/move-damage-class/2/"}, "effect_chance": null, "effect_changes": [], "effect_entries": [{"effect": "Inflicts regular damage.", "language": {"name": "en", "url": "https://pokeapi.co/api/v2/language/9/"}, "short_effect": "Inflicts regular damage with no additional effect."}], "flavor_text_entries": [{"flavor_text": "\u3064\u3070\u3055\u3092\u3000\u3042\u3044\u3066\u306b\u3000\u3076\u3064\u3051\u3066\n\u3053\u3046\u3052\u304d\u3059\u308b\u3002\u3000\uff12\u304b\u3044\u3000\u308c\u3093\u305e\u304f\u3067\n\u30c0\u30e1\u30fc\u30b8\u3092\u3000\u3042\u305f\u3048\u308b\u3002", "language": {"name": "ja-Hrkt", "url": "https://pokeapi.co/api/v2/language/1/"}, "version_group": {"name": "sword-shield", "url": "https://pokeapi.co/api/v2/version-group/20/"}}, {"flavor_text": "\ub0a0\uac1c\ub97c \uc0c1\ub300\uc5d0\uac8c \ubd80\ub52a\uccd0\uc11c\n\uacf5\uaca9\ud55c\ub2e4. 2\ud68c \uc5f0\uc18d\uc73c\ub85c\n\ub370\ubbf8\uc9c0\ub97c \uc900\ub2e4.", "language": {"name": "ko", "url": "https://pokeapi.co/api/v2/language/3/"}, "version_group": {"name": "sword-shield", "url": "https://pokeapi.co/api/v2/version-group/20/"}}, {"flavor_text": "\u7528\u7fc5\u8180\u649e\u5411\u5c0d\u624b\u9032\u884c\u653b\u64ca\u3002\n\u9023\u7e8c\uff12\u6b21\u7d66\u4e88\u50b7\u5bb3\u3002", "language": {"name": "zh-Hant", "url": "https://pokeapi.co/api/v2/language/4/"}, "version_group": {"name": "sword-shield", "url": "https://pokeapi.co/api/v2/version-group/20/"}}, {"flavor_text": "Le lanceur frappe l\u2019ennemi avec ses ailes deux fois\nd\u2019affil\u00e9e.", "language": {"name": "fr", "url": "https://pokeapi.co/api/v2/language/5/"}, "version_group": {"name": "sword-shield", "url": "https://pokeapi.co/api/v2/version-group/20/"}}, {"flavor_text": "Der Anwender trifft das Ziel zweimal hintereinander mit\nseinen Fl\u00fcgeln und f\u00fcgt ihm so Schaden zu.", "language": {"name": "de", "url": "https://pokeapi.co/api/v2/language/6/"}, "version_group": {"name": "sword-shield", "url": "https://pokeapi.co/api/v2/version-group/20/"}}, {"flavor_text": "Ataca al adversario golpe\u00e1ndolo dos veces con las alas.", "language": {"name": "es", "url": "https://pokeapi.co/api/v2/language/7/"}, "version_group": {"name": "sword-shield", "url": "https://pokeapi.co/api/v2/version-group/20/"}}, {"flavor_text": "Chi la usa colpisce il bersaglio due volte di fila\nurtandolo con le ali.", "language": {"name": "it", "url": "https://pokeapi.co/api/v2/language/8/"}, "version_group": {"name": "sword-shield", "url": "https://pokeapi.co/api/v2/version-group/20/"}}, {"flavor_text": "The user slams the target with its wings.\nThe target is hit twice in a row.", "language": {"name": "en", "url": "https://pokeapi.co/api/v2/language/9/"}, "version_group": {"name": "sword-shield", "url": "https://pokeapi.co/api/v2/version-group/20/"}}, {"flavor_text": "\u7ffc\u3092\u3000\u76f8\u624b\u306b\u3000\u3076\u3064\u3051\u3066\n\u653b\u6483\u3059\u308b\u3002\u3000\uff12\u56de\u9023\u7d9a\u3067\n\u30c0\u30e1\u30fc\u30b8\u3092\u3000\u4e0e\u3048\u308b\u3002", "language": {"name": "ja", "url": "https://pokeapi.co/api/v2/language/11/"}, "version_group": {"name": "sword-shield", "url": "https://pokeapi.co/api/v2/version-group/20/"}}, {"flavor_text": "\u5c06\u7fc5\u8180\u649e\u5411\u5bf9\u624b\u8fdb\u884c\u653b\u51fb\u3002\n\u8fde\u7eed\uff12\u6b21\u7ed9\u4e88\u4f24\u5bb3\u3002", "language": {"name": "zh-Hans", "url": "https://pokeapi.co/api/v2/language/12/"}, "version_group": {"name": "sword-shield", "url": "https://pokeapi.co/api/v2/version-group/20/"}}, {"flavor_text": "The user slams the target with its wings. The target is hit twice in a row.", "language": {"name": "en", "url": "https://pokeapi.co/api/v2/language/9/"}, "version_group": {"name": "legends-arceus", "url": "https://pokeapi.co/api/v2/version-group/24/"}}, {"flavor_text": "The user slams the target with its wings to inflict damage. The target is hit twice in a row.", "language": {"name": "en", "url": "https://pokeapi.co/api/v2/language/9/"}, "version_group": {"name": "scarlet-violet", "url": "https://pokeapi.co/api/v2/version-group/25/"}}], "generation": {"name": "generation-viii", "url": "https://pokeapi.co/api/v2/generation/8/"}, "id": 814, "learned_by_pokemon": [{"name": "charizard", "url": "https://pokeapi.co/api/v2/pokemon/6/"}, {"name": "butterfree", "url": "https://pokeapi.co/api/v2/pokemon/12/"}, {"name": "clefairy", "url": "https://pokeapi.co/api/v2/pokemon/35/"}, {"name": "clefable", "url": "https://pokeapi.co/api/v2/pokemon/36/"}, {"name": "zubat", "url": "https://pokeapi.co/api/v2/pokemon/41/"}, {"name": "golbat", "url": "https://pokeapi.co/api/v2/pokemon/42/"}, {"name": "farfetchd", "url": "https://pokeapi.co/api/v2/pokemon/83/"}, {"name": "scyther", "url": "https://pokeapi.co/api/v2/pokemon/123/"}, {"name": "aerodactyl", "url": "https://pokeapi.co/api/v2/pokemon/142/"}, {"name": "articuno", "url": "https://pokeapi.co/api/v2/pokemon/144/"}, {"name": "zapdos", "url": "https://pokeapi.co/api/v2/pokemon/145/"}, {"name": "moltres", "url": "https://pokeapi.co/api/v2/pokemon/146/"}, {"name": "dragonite", "url": "https://pokeapi.co/api/v2/pokemon/149/"}, {"name": "mew", "url": "https://pokeapi.co/api/v2/pokemon/151/"}, {"name": "hoothoot", "url": "https://pokeapi.co/api/v2/pokemon/163/"}, {"name": "noctowl", "url": "https://pokeapi.co/api/v2/pokemon/164/"}, {"name": "crobat", "url": "https://pokeapi.co/api/v2/pokemon/169/"}, {"name": "togetic", "url": "https://pokeapi.co/api/v2/pokemon/176/"}, {"name": "natu", "url": "https://pokeapi.co/api/v2/pokemon/177/"}, {"name": "xatu", "url": "https://pokeapi.co/api/v2/pokemon/178/"}, {"name": "murkrow", "url": "https://pokeapi.co/api/v2/pokemon/198/"}, {"name": "dunsparce", "url": "https://pokeapi.co/api/v2/pokemon/206/"}, {"name": "gligar", "url": "https://pokeapi.co/api/v2/pokemon/207/"}, {"name": "scizor", "url": "https://pokeapi.co/api/v2/pokemon/212/"}, {"name": "delibird", "url": "https://pokeapi.co/api/v2/pokemon/225/"}, {"name": "mantine", "url": "https://pokeapi.co/api/v2/pokemon/226/"}, {"name": "skarmory", "url": "https://pokeapi.co/api/v2/pokemon/227/"}, {"name": "lugia", "url": "https://pokeapi.co/api/v2/pokemon/249/"}, {"name": "ho-oh", "url": "https://pokeapi.co/api/v2/pokemon/250/"}, {"name": "celebi", "url": "https://pokeapi.co/api/v2/pokemon/251/"}, {"name": "wingull", "url": "https://pokeapi.co/api/v2/pokemon/278/"}, {"name": "pelipper", "url": "https://pokeapi.co/api/v2/pokemon/279/"}, {"name": "masquerain", "url": "https://pokeapi.co/api/v2/pokemon/284/"}, {"name": "ninjask", "url": "https://pokeapi.co/api/v2/pokemon/291/"}, {"name": "vibrava", "url": "https://pokeapi.co/api/v2/pokemon/329/"}, {"name": "flygon", "url": "https://pokeapi.co/api/v2/pokemon/330/"}, {"name": "swablu", "url": "https://pokeapi.co/api/v2/pokemon/333/"}, {"name": "altaria", "url": "https://pokeapi.co/api/v2/pokemon/334/"}, {"name": "tropius", "url": "https://pokeapi.co/api/v2/pokemon/357/"}, {"name": "salamence", "url": "https://pokeapi.co/api/v2/pokemon/373/"}, {"name": "latias", "url": "https://pokeapi.co/api/v2/pokemon/380/"}, {"name": "latios", "url": "https://pokeapi.co/api/v2/pokemon/381/"}, {"name": "empoleon", "url": "https://pokeapi.co/api/v2/pokemon/395/"}, {"name": "starly", "url": "https://pokeapi.co/api/v2/pokemon/396/"}, {"name": "staravia", "url": "https://pokeapi.co/api/v2/pokemon/397/"}, {"name": "staraptor", "url": "https://pokeapi.co/api/v2/pokemon/398/"}, {"name": "combee", "url": "https://pokeapi.co/api/v2/pokemon/415/"}, {"name": "vespiquen", "url": "https://pokeapi.co/api/v2/pokemon/416/"}, {"name": "honchkrow", "url": "https://pokeapi.co/api/v2/pokemon/430/"}, {"name": "togekiss", "url": "https://pokeapi.co/api/v2/pokemon/468/"}, {"name": "yanmega", "url": "https://pokeapi.co/api/v2/pokemon/469/"}, {"name": "gliscor", "url": "https://pokeapi.co/api/v2/pokemon/472/"}, {"name": "palkia", "url": "https://pokeapi.co/api/v2/pokemon/484/"}, {"name": "giratina-altered", "url": "https://pokeapi.co/api/v2/pokemon/487/"}, {"name": "pidove", "url": "https://pokeapi.co/api/v2/pokemon/519/"}, {"name": "tranquill", "url": "https://pokeapi.co/api/v2/pokemon/520/"}, {"name": "unfezant", "url": "https://pokeapi.co/api/v2/pokemon/521/"}, {"name": "woobat", "url": "https://pokeapi.co/api/v2/pokemon/527/"}, {"name": "swoobat", "url": "https://pokeapi.co/api/v2/pokemon/528/"}, {"name": "sigilyph", "url": "https://pokeapi.co/api/v2/pokemon/561/"}, {"name": "archen", "url": "https://pokeapi.co/api/v2/pokemon/566/"}, {"name": "archeops", "url": "https://pokeapi.co/api/v2/pokemon/567/"}, {"name": "emolga", "url": "https://pokeapi.co/api/v2/pokemon/587/"}, {"name": "druddigon", "url": "https://pokeapi.co/api/v2/pokemon/621/"}, {"name": "rufflet", "url": "https://pokeapi.co/api/v2/pokemon/627/"}, {"name": "braviary", "url": "https://pokeapi.co/api/v2/pokemon/628/"}, {"name": "vullaby", "url": "https://pokeapi.co/api/v2/pokemon/629/"}, {"name": "mandibuzz", "url": "https://pokeapi.co/api/v2/pokemon/630/"}, {"name": "hydreigon", "url": "https://pokeapi.co/api/v2/pokemon/635/"}, {"name": "volcarona", "url": "https://pokeapi.co/api/v2/pokemon/637/"}, {"name": "reshiram", "url": "https://pokeapi.co/api/v2/pokemon/643/"}, {"name": "zekrom", "url": "https://pokeapi.co/api/v2/pokemon/644/"}, {"name": "kyurem", "url": "https://pokeapi.co/api/v2/pokemon/646/"}, {"name": "fletchling", "url": "https://pokeapi.co/api/v2/pokemon/661/"}, {"name": "fletchinder", "url": "https://pokeapi.co/api/v2/pokemon/662/"}, {"name": "talonflame", "url": "https://pokeapi.co/api/v2/pokemon/663/"}, {"name": "hawlucha", "url": "https://pokeapi.co/api/v2/pokemon/701/"}, {"name": "noibat", "url": "https://pokeapi.co/api/v2/pokemon/714/"}, {"name": "noivern", "url": "https://pokeapi.co/api/v2/pokemon/715/"}, {"name": "yveltal", "url": "https://pokeapi.co/api/v2/pokemon/717/"}, {"name": "rowlet", "url": "https://pokeapi.co/api/v2/pokemon/722/"}, {"name": "dartrix", "url": "https://pokeapi.co/api/v2/pokemon/723/"}, {"name": "decidueye", "url": "https://pokeapi.co/api/v2/pokemon/724/"}, {"name": "pikipek", "url": "https://pokeapi.co/api/v2/pokemon/731/"}, {"name": "trumbeak", "url": "https://pokeapi.co/api/v2/pokemon/732/"}, {"name": "toucannon", "url": "https://pokeapi.co/api/v2/pokemon/733/"}, {"name": "vikavolt", "url": "https://pokeapi.co/api/v2/pokemon/738/"}, {"name": "oricorio-baile", "url": "https://pokeapi.co/api/v2/pokemon/741/"}, {"name": "cutiefly", "url": "https://pokeapi.co/api/v2/pokemon/742/"}, {"name": "ribombee", "url": "https://pokeapi.co/api/v2/pokemon/743/"}, {"name": "lunala", "url": "https://pokeapi.co/api/v2/pokemon/792/"}, {"name": "buzzwole", "url": "https://pokeapi.co/api/v2/pokemon/794/"}, {"name": "naganadel", "url": "https://pokeapi.co/api/v2/pokemon/804/"}, {"name": "rookidee", "url": "https://pokeapi.co/api/v2/pokemon/821/"}, {"name": "corvisquire", "url": "https://pokeapi.co/api/v2/pokemon/822/"}, {"name": "corviknight", "url": "https://pokeapi.co/api/v2/pokemon/823/"}, {"name": "flapple", "url": "https://pokeapi.co/api/v2/pokemon/841/"}, {"name": "cramorant", "url": "https://pokeapi.co/api/v2/pokemon/845/"}, {"name": "sirfetchd", "url": "https://pokeapi.co/api/v2/pokemon/865/"}, {"name": "frosmoth", "url": "https://pokeapi.co/api/v2/pokemon/873/"}, {"name": "kleavor", "url": "https://pokeapi.co/api/v2/pokemon/900/"}, {"name": "squawkabilly-green-plumage", "url": "https://pokeapi.co/api/v2/pokemon/931/"}, {"name": "wattrel", "url": "https://pokeapi.co/api/v2/pokemon/940/"}, {"name": "kilowattrel", "url": "https://pokeapi.co/api/v2/pokemon/941/"}, {"name": "bombirdier", "url": "https://pokeapi.co/api/v2/pokemon/962/"}, {"name": "flamigo", "url": "https://pokeapi.co/api/v2/pokemon/973/"}, {"name": "dudunsparce-two-segment", "url": "https://pokeapi.co/api/v2/pokemon/982/"}, {"name": "slither-wing", "url": "https://pokeapi.co/api/v2/pokemon/988/"}, {"name": "iron-jugulis", "url": "https://pokeapi.co/api/v2/pokemon/993/"}, {"name": "koraidon", "url": "https://pokeapi.co/api/v2/pokemon/1007/"}, {"name": "fezandipiti", "url": "https://pokeapi.co/api/v2/pokemon/1016/"}, {"name": "giratina-origin", "url": "https://pokeapi.co/api/v2/pokemon/10007/"}, {"name": "kyurem-black", "url": "https://pokeapi.co/api/v2/pokemon/10022/"}, {"name": "kyurem-white", "url": "https://pokeapi.co/api/v2/pokemon/10023/"}, {"name": "oricorio-pom-pom", "url": "https://pokeapi.co/api/v2/pokemon/10123/"}, {"name": "oricorio-pau", "url": "https://pokeapi.co/api/v2/pokemon/10124/"}, {"name": "oricorio-sensu", "url": "https://pokeapi.co/api/v2/pokemon/10125/"}, {"name": "farfetchd-galar", "url": "https://pokeapi.co/api/v2/pokemon/10166/"}, {"name": "articuno-galar", "url": "https://pokeapi.co/api/v2/pokemon/10169/"}, {"name": "zapdos-galar", "url": "https://pokeapi.co/api/v2/pokemon/10170/"}, {"name": "moltres-galar", "url": "https://pokeapi.co/api/v2/pokemon/10171/"}, {"name": "cramorant-gulping", "url": "https://pokeapi.co/api/v2/pokemon/10182/"}, {"name": "cramorant-gorging", "url": "https://pokeapi.co/api/v2/pokemon/10183/"}, {"name": "braviary-hisui", "url": "https://pokeapi.co/api/v2/pokemon/10240/"}, {"name": "decidueye-hisui", "url": "https://pokeapi.co/api/v2/pokemon/10244/"}, {"name": "dudunsparce-three-segment", "url": "https://pokeapi.co/api/v2/pokemon/10255/"}, {"name": "squawkabilly-blue-plumage", "url": "https://pokeapi.co/api/v2/pokemon/10260/"}, {"name": "squawkabilly-yellow-plumage", "url": "https://pokeapi.co/api/v2/pokemon/10261/"}, {"name": "squawkabilly-white-plumage", "url": "https://pokeapi.co/api/v2/pokemon/10262/"}, {"name": "koraidon-limited-build", "url": "https://pokeapi.co/api/v2/pokemon/10264/"}, {"name": "koraidon-sprinting-build", "url": "https://pokeapi.co/api/v2/pokemon/10265/"}, {"name": "koraidon-swimming-build", "url": "https://pokeapi.co/api/v2/pokemon/10266/"}, {"name": "koraidon-gliding-build", "url": "https://pokeapi.co/api/v2/pokemon/10267/"}], "machines": [{"machine": {"url": "https://pokeapi.co/api/v2/machine/1902/"}, "version_group": {"name": "scarlet-violet", "url": "https://pokeapi.co/api/v2/version-group/25/"}}, {"machine": {"url": "https://pokeapi.co/api/v2/machine/1965/"}, "version_group": {"name": "the-teal-mask", "url": "https://pokeapi.co/api/v2/version-group/26/"}}, {"machine": {"url": "https://pokeapi.co/api/v2/machine/2072/"}, "version_group": {"name": "the-indigo-disk", "url": "https://pokeapi.co/api/v2/version-group/27/"}}], "meta": {"ailment": {"name": "none", "url": "https://pokeapi.co/api/v2/move-ailment/0/"}, "ailment_chance": 0, "category": {"name": "damage", "url": "https://pokeapi.co/api/v2/move-category/0/"}, "crit_rate": 0, "drain": 0, "flinch_chance": 0, "healing": 0, "max_hits": 2, "max_turns": null, "min_hits": 2, "min_turns": null, "stat_chance": 0}, "name": "dual-wingbeat", "names": [{"language": {"name": "ja-Hrkt", "url": "https://pokeapi.co/api/v2/language/1/"}, "name": "\u30c0\u30d6\u30eb\u30a6\u30a4\u30f3\u30b0"}, {"language": {"name": "ko", "url": "https://pokeapi.co/api/v2/language/3/"}, "name": "\ub354\ube14\uc719"}, {"language": {"name": "zh-Hant", "url": "https://pokeapi.co/api/v2/language/4/"}, "name": "\u96d9\u7ffc"}, {"language": {"name": "fr", "url": "https://pokeapi.co/api/v2/language/5/"}, "name": "Double Vol\u00e9e"}, {"language": {"name": "de", "url": "https://pokeapi.co/api/v2/language/6/"}, "name": "Doppelfl\u00fcgel"}, {"language": {"name": "es", "url": "https://pokeapi.co/api/v2/language/7/"}, "name": "Ala Bis"}, {"language": {"name": "it", "url": "https://pokeapi.co/api/v2/language/8/"}, "name": "Doppia Ala"}, {"language": {"name": "en", "url": "https://pokeapi.co/api/v2/language/9/"}, "name": "Dual Wingbeat"}, {"language": {"name": "ja", "url": "https://pokeapi.co/api/v2/language/11/"}, "name": "\u30c0\u30d6\u30eb\u30a6\u30a4\u30f3\u30b0"}, {"language": {"name": "zh-Hans", "url": "https://pokeapi.co/api/v2/language/12/"}, "name": "\u53cc\u7ffc"}], "past_values": [], "power": 40, "pp": 10, "priority": 0, "stat_changes": [], "super_contest_effect": null, "target": {"name": "selected-pokemon", "url": "https://pokeapi.co/api/v2/move-target/10/"}, "type": {"name": "flying", "url": "https://pokeapi.co/api/v2/type/3/"}}