{"accuracy": null, "contest_combos": null, "contest_effect": {"url": "https://pokeapi.co/api/v2/contest-effect/32/"}, "contest_type": {"name": "cute", "url": "https://pokeapi.co/api/v2/contest-type/3/"}, "damage_class": {"name": "status", "url": "https://pokeapi.co/api/v2/move-damage-class/1/"}, "effect_chance": null, "effect_changes": [], "effect_entries": [{"effect": "Raises the user\u2019s Attack by one stage.", "language": {"name": "en", "url": "https://pokeapi.co/api/v2/language/9/"}, "short_effect": "Raises the user\u2019s Attack by one stage."}], "flavor_text_entries": [{"flavor_text": "A move that raises\nthe user's ATTACK.", "language": {"name": "en", "url": "https://pokeapi.co/api/v2/language/9/"}, "version_group": {"name": "gold-silver", "url": "https://pokeapi.co/api/v2/version-group/3/"}}, {"flavor_text": "A move that raises\nthe user's ATTACK.", "language": {"name": "en", "url": "https://pokeapi.co/api/v2/language/9/"}, "version_group": {"name": "crystal", "url": "https://pokeapi.co/api/v2/version-group/4/"}}, {"flavor_text": "Reduces the polygon count\nand raises ATTACK.", "language": {"name": "en", "url": "https://pokeapi.co/api/v2/language/9/"}, "version_group": {"name": "ruby-sapphire", "url": "https://pokeapi.co/api/v2/version-group/5/"}}, {"flavor_text": "Reduces the polygon count\nand raises ATTACK.", "language": {"name": "en", "url": "https://pokeapi.co/api/v2/language/9/"}, "version_group": {"name": "emerald", "url": "https://pokeapi.co/api/v2/version-group/6/"}}, {"flavor_text": "The user reduces\nits polygon count\nto sharpen edges\nand raise ATTACK.", "language": {"name": "en", "url": "https://pokeapi.co/api/v2/language/9/"}, "version_group": {"name": "firered-leafgreen", "url": "https://pokeapi.co/api/v2/version-group/7/"}}, {"flavor_text": "The user reduces its\npolygon count to\nmake itself more\njagged, raising the\nAttack stat.", "language": {"name": "en", "url": "https://pokeapi.co/api/v2/language/9/"}, "version_group": {"name": "diamond-pearl", "url": "https://pokeapi.co/api/v2/version-group/8/"}}, {"flavor_text": "The user reduces its\npolygon count to\nmake itself more\njagged, raising the\nAttack stat.", "language": {"name": "en", "url": "https://pokeapi.co/api/v2/language/9/"}, "version_group": {"name": "platinum", "url": "https://pokeapi.co/api/v2/version-group/9/"}}, {"flavor_text": "The user reduces its\npolygon count to\nmake itself more\njagged, raising the\nAttack stat.", "language": {"name": "en", "url": "https://pokeapi.co/api/v2/language/9/"}, "version_group": {"name": "heartgold-soulsilver", "url": "https://pokeapi.co/api/v2/version-group/10/"}}, {"flavor_text": "Le lanceur r\u00e9duit son nombre de polygones\npour accentuer ses angles et augmenter\nson Attaque.", "language": {"name": "fr", "url": "https://pokeapi.co/api/v2/language/5/"}, "version_group": {"name": "black-white", "url": "https://pokeapi.co/api/v2/version-group/11/"}}, {"flavor_text": "The user reduces its polygon count to\nmake itself more jagged, raising the\nAttack stat.", "language": {"name": "en", "url": "https://pokeapi.co/api/v2/language/9/"}, "version_group": {"name": "black-white", "url": "https://pokeapi.co/api/v2/version-group/11/"}}, {"flavor_text": "The user reduces its polygon count to\nmake itself more jagged, raising the\nAttack stat.", "language": {"name": "en", "url": "https://pokeapi.co/api/v2/language/9/"}, "version_group": {"name": "black-2-white-2", "url": "https://pokeapi.co/api/v2/version-group/14/"}}, {"flavor_text": "\u304b\u3089\u3060\u306e\u3000\u304b\u3069\u3092\u3000\u3075\u3084\u3057\u3066\n\u30ab\u30af\u30ab\u30af\u306b\u3000\u306a\u308b\u3053\u3068\u3067\n\u3058\u3076\u3093\u306e\u3000\u3053\u3046\u3052\u304d\u3092\u3000\u3042\u3052\u308b\u3002", "language": {"name": "ja-Hrkt", "url": "https://pokeapi.co/api/v2/language/1/"}, "version_group": {"name": "x-y", "url": "https://pokeapi.co/api/v2/version-group/15/"}}, {"flavor_text": "\ubab8\uc758 \uac01\uc744 \ub298\ub824\uc11c\n\ub354\uc6b1 \uac01\uc9c0\uac8c \ud558\uc5ec\n\uc790\uc2e0\uc758 \uacf5\uaca9\uc744 \uc62c\ub9b0\ub2e4.", "language": {"name": "ko", "url": "https://pokeapi.co/api/v2/language/3/"}, "version_group": {"name": "x-y", "url": "https://pokeapi.co/api/v2/version-group/15/"}}, {"flavor_text": "Le lanceur r\u00e9duit son nombre de polygones pour\naccentuer ses angles et augmenter son Attaque.", "language": {"name": "fr", "url": "https://pokeapi.co/api/v2/language/5/"}, "version_group": {"name": "x-y", "url": "https://pokeapi.co/api/v2/version-group/15/"}}, {"flavor_text": "Anwender senkt die Polygonzahl, um Kanten\nzu erzeugen, die den Angriffs-Wert erh\u00f6hen.", "language": {"name": "de", "url": "https://pokeapi.co/api/v2/language/6/"}, "version_group": {"name": "x-y", "url": "https://pokeapi.co/api/v2/version-group/15/"}}, {"flavor_text": "El perfil del usuario se hace m\u00e1s afilado y su\nAtaque mejora.", "language": {"name": "es", "url": "https://pokeapi.co/api/v2/language/7/"}, "version_group": {"name": "x-y", "url": "https://pokeapi.co/api/v2/version-group/15/"}}, {"flavor_text": "Chi la usa riduce il numero di poligoni sul\nproprio corpo per accentuarne gli spigoli\ne aumentare l\u2019Attacco.", "language": {"name": "it", "url": "https://pokeapi.co/api/v2/language/8/"}, "version_group": {"name": "x-y", "url": "https://pokeapi.co/api/v2/version-group/15/"}}, {"flavor_text": "The user lowers its polygon count to\nmake itself more jagged, raising the\nAttack stat.", "language": {"name": "en", "url": "https://pokeapi.co/api/v2/language/9/"}, "version_group": {"name": "x-y", "url": "https://pokeapi.co/api/v2/version-group/15/"}}, {"flavor_text": "\u4f53\u306e\u3000\u304b\u3069\u3092\u3000\u5897\u3084\u3057\u3066\n\u30ab\u30af\u30ab\u30af\u306b\u3000\u306a\u308b\u3053\u3068\u3067\n\u81ea\u5206\u306e\u3000\u653b\u6483\u3092\u3000\u3042\u3052\u308b\u3002", "language": {"name": "ja", "url": "https://pokeapi.co/api/v2/language/11/"}, "version_group": {"name": "x-y", "url": "https://pokeapi.co/api/v2/version-group/15/"}}, {"flavor_text": "\u304b\u3089\u3060\u306e\u3000\u304b\u3069\u3092\u3000\u3075\u3084\u3057\u3066\n\u30ab\u30af\u30ab\u30af\u306b\u3000\u306a\u308b\u3053\u3068\u3067\n\u3058\u3076\u3093\u306e\u3000\u3053\u3046\u3052\u304d\u3092\u3000\u3042\u3052\u308b\u3002", "language": {"name": "ja-Hrkt", "url": "https://pokeapi.co/api/v2/language/1/"}, "version_group": {"name": "omega-ruby-alpha-sapphire", "url": "https://pokeapi.co/api/v2/version-group/16/"}}, {"flavor_text": "\ubab8\uc758 \uac01\uc744 \ub298\ub824\uc11c\n\ub354\uc6b1 \uac01\uc9c0\uac8c \ud558\uc5ec\n\uc790\uc2e0\uc758 \uacf5\uaca9\uc744 \uc62c\ub9b0\ub2e4.", "language": {"name": "ko", "url": "https://pokeapi.co/api/v2/language/3/"}, "version_group": {"name": "omega-ruby-alpha-sapphire", "url": "https://pokeapi.co/api/v2/version-group/16/"}}, {"flavor_text": "Le lanceur r\u00e9duit son nombre de polygones pour\naccentuer ses angles et augmenter son Attaque.", "language": {"name": "fr", "url": "https://pokeapi.co/api/v2/language/5/"}, "version_group": {"name": "omega-ruby-alpha-sapphire", "url": "https://pokeapi.co/api/v2/version-group/16/"}}, {"flavor_text": "Anwender senkt die Polygonzahl, um Kanten\nzu erzeugen, die den Angriffs-Wert erh\u00f6hen.", "language": {"name": "de", "url": "https://pokeapi.co/api/v2/language/6/"}, "version_group": {"name": "omega-ruby-alpha-sapphire", "url": "https://pokeapi.co/api/v2/version-group/16/"}}, {"flavor_text": "El perfil del usuario se hace m\u00e1s afilado y su Ataque \nmejora.", "language": {"name": "es", "url": "https://pokeapi.co/api/v2/language/7/"}, "version_group": {"name": "omega-ruby-alpha-sapphire", "url": "https://pokeapi.co/api/v2/version-group/16/"}}, {"flavor_text": "Chi la usa riduce il numero di poligoni sul\nproprio corpo per accentuarne gli spigoli\ne aumentare l\u2019Attacco.", "language": {"name": "it", "url": "https://pokeapi.co/api/v2/language/8/"}, "version_group": {"name": "omega-ruby-alpha-sapphire", "url": "https://pokeapi.co/api/v2/version-group/16/"}}, {"flavor_text": "The user lowers its polygon count to\nmake itself more jagged, raising the\nAttack stat.", "language": {"name": "en", "url": "https://pokeapi.co/api/v2/language/9/"}, "version_group": {"name": "omega-ruby-alpha-sapphire", "url": "https://pokeapi.co/api/v2/version-group/16/"}}, {"flavor_text": "\u4f53\u306e\u3000\u304b\u3069\u3092\u3000\u5897\u3084\u3057\u3066\n\u30ab\u30af\u30ab\u30af\u306b\u3000\u306a\u308b\u3053\u3068\u3067\n\u81ea\u5206\u306e\u3000\u653b\u6483\u3092\u3000\u3042\u3052\u308b\u3002", "language": {"name": "ja", "url": "https://pokeapi.co/api/v2/language/11/"}, "version_group": {"name": "omega-ruby-alpha-sapphire", "url": "https://pokeapi.co/api/v2/version-group/16/"}}, {"flavor_text": "\u304b\u3089\u3060\u306e\u3000\u304b\u3069\u3092\u3000\u3075\u3084\u3057\u3066\n\u30ab\u30af\u30ab\u30af\u306b\u3000\u306a\u308b\u3053\u3068\u3067\n\u3058\u3076\u3093\u306e\u3000\u3053\u3046\u3052\u304d\u3092\u3000\u3042\u3052\u308b\u3002", "language": {"name": "ja-Hrkt", "url": "https://pokeapi.co/api/v2/language/1/"}, "version_group": {"name": "sun-moon", "url": "https://pokeapi.co/api/v2/version-group/17/"}}, {"flavor_text": "\ubab8\uc758 \uac01\uc744 \ub298\ub824\uc11c\n\ub354\uc6b1 \uac01\uc9c0\uac8c \ud558\uc5ec\n\uc790\uc2e0\uc758 \uacf5\uaca9\uc744 \uc62c\ub9b0\ub2e4.", "language": {"name": "ko", "url": "https://pokeapi.co/api/v2/language/3/"}, "version_group": {"name": "sun-moon", "url": "https://pokeapi.co/api/v2/version-group/17/"}}, {"flavor_text": "\u589e\u52a0\u8eab\u9ad4\u7684\u7a1c\u89d2\uff0c\n\u8b8a\u5f97\u65b9\u65b9\u6b63\u6b63\uff0c\n\u63d0\u9ad8\u81ea\u5df1\u7684\u653b\u64ca\u3002", "language": {"name": "zh-Hant", "url": "https://pokeapi.co/api/v2/language/4/"}, "version_group": {"name": "sun-moon", "url": "https://pokeapi.co/api/v2/version-group/17/"}}, {"flavor_text": "Le lanceur r\u00e9duit son nombre de polygones pour\naccentuer ses angles et augmenter son Attaque.", "language": {"name": "fr", "url": "https://pokeapi.co/api/v2/language/5/"}, "version_group": {"name": "sun-moon", "url": "https://pokeapi.co/api/v2/version-group/17/"}}, {"flavor_text": "Anwender macht seinen K\u00f6rper kantiger und erh\u00f6ht\nso seinen Angriffs-Wert.", "language": {"name": "de", "url": "https://pokeapi.co/api/v2/language/6/"}, "version_group": {"name": "sun-moon", "url": "https://pokeapi.co/api/v2/version-group/17/"}}, {"flavor_text": "El perfil del usuario se hace m\u00e1s afilado y su Ataque \nmejora.", "language": {"name": "es", "url": "https://pokeapi.co/api/v2/language/7/"}, "version_group": {"name": "sun-moon", "url": "https://pokeapi.co/api/v2/version-group/17/"}}, {"flavor_text": "Chi la usa riduce il numero di poligoni sul\nproprio corpo per accentuarne gli spigoli\ne aumentare l\u2019Attacco.", "language": {"name": "it", "url": "https://pokeapi.co/api/v2/language/8/"}, "version_group": {"name": "sun-moon", "url": "https://pokeapi.co/api/v2/version-group/17/"}}, {"flavor_text": "The user makes its edges more jagged, \nwhich raises its Attack stat.", "language": {"name": "en", "url": "https://pokeapi.co/api/v2/language/9/"}, "version_group": {"name": "sun-moon", "url": "https://pokeapi.co/api/v2/version-group/17/"}}, {"flavor_text": "\u4f53\u306e\u3000\u304b\u3069\u3092\u3000\u5897\u3084\u3057\u3066\n\u30ab\u30af\u30ab\u30af\u306b\u3000\u306a\u308b\u3053\u3068\u3067\n\u81ea\u5206\u306e\u3000\u653b\u6483\u3092\u3000\u3042\u3052\u308b\u3002", "language": {"name": "ja", "url": "https://pokeapi.co/api/v2/language/11/"}, "version_group": {"name": "sun-moon", "url": "https://pokeapi.co/api/v2/version-group/17/"}}, {"flavor_text": "\u589e\u52a0\u8eab\u4f53\u7684\u89d2\uff0c\n\u53d8\u5f97\u68f1\u68f1\u89d2\u89d2\uff0c\n\u4ece\u800c\u63d0\u9ad8\u81ea\u5df1\u7684\u653b\u51fb\u3002", "language": {"name": "zh-Hans", "url": "https://pokeapi.co/api/v2/language/12/"}, "version_group": {"name": "sun-moon", "url": "https://pokeapi.co/api/v2/version-group/17/"}}, {"flavor_text": "\u304b\u3089\u3060\u306e\u3000\u304b\u3069\u3092\u3000\u3075\u3084\u3057\u3066\n\u30ab\u30af\u30ab\u30af\u306b\u3000\u306a\u308b\u3053\u3068\u3067\n\u3058\u3076\u3093\u306e\u3000\u3053\u3046\u3052\u304d\u3092\u3000\u3042\u3052\u308b\u3002", "language": {"name": "ja-Hrkt", "url": "https://pokeapi.co/api/v2/language/1/"}, "version_group": {"name": "ultra-sun-ultra-moon", "url": "https://pokeapi.co/api/v2/version-group/18/"}}, {"flavor_text": "\ubab8\uc758 \uac01\uc744 \ub298\ub824\uc11c\n\ub354\uc6b1 \uac01\uc9c0\uac8c \ud558\uc5ec\n\uc790\uc2e0\uc758 \uacf5\uaca9\uc744 \uc62c\ub9b0\ub2e4.", "language": {"name": "ko", "url": "https://pokeapi.co/api/v2/language/3/"}, "version_group": {"name": "ultra-sun-ultra-moon", "url": "https://pokeapi.co/api/v2/version-group/18/"}}, {"flavor_text": "\u589e\u52a0\u8eab\u9ad4\u7684\u7a1c\u89d2\uff0c\n\u8b8a\u5f97\u65b9\u65b9\u6b63\u6b63\uff0c\n\u63d0\u9ad8\u81ea\u5df1\u7684\u653b\u64ca\u3002", "language": {"name": "zh-Hant", "url": "https://pokeapi.co/api/v2/language/4/"}, "version_group": {"name": "ultra-sun-ultra-moon", "url": "https://pokeapi.co/api/v2/version-group/18/"}}, {"flavor_text": "Le lanceur r\u00e9duit son nombre de polygones pour\naccentuer ses angles et augmenter son Attaque.", "language": {"name": "fr", "url": "https://pokeapi.co/api/v2/language/5/"}, "version_group": {"name": "ultra-sun-ultra-moon", "url": "https://pokeapi.co/api/v2/version-group/18/"}}, {"flavor_text": "Anwender macht seinen K\u00f6rper kantiger und erh\u00f6ht\nso seinen Angriffs-Wert.", "language": {"name": "de", "url": "https://pokeapi.co/api/v2/language/6/"}, "version_group": {"name": "ultra-sun-ultra-moon", "url": "https://pokeapi.co/api/v2/version-group/18/"}}, {"flavor_text": "El perfil del usuario se hace m\u00e1s afilado y su Ataque \nmejora.", "language": {"name": "es", "url": "https://pokeapi.co/api/v2/language/7/"}, "version_group": {"name": "ultra-sun-ultra-moon", "url": "https://pokeapi.co/api/v2/version-group/18/"}}, {"flavor_text": "Chi la usa riduce il numero di poligoni sul\nproprio corpo per accentuarne gli spigoli\ne aumentare l\u2019Attacco.", "language": {"name": "it", "url": "https://pokeapi.co/api/v2/language/8/"}, "version_group": {"name": "ultra-sun-ultra-moon", "url": "https://pokeapi.co/api/v2/version-group/18/"}}, {"flavor_text": "The user makes its edges more jagged, \nwhich raises its Attack stat.", "language": {"name": "en", "url": "https://pokeapi.co/api/v2/language/9/"}, "version_group": {"name": "ultra-sun-ultra-moon", "url": "https://pokeapi.co/api/v2/version-group/18/"}}, {"flavor_text": "\u4f53\u306e\u3000\u304b\u3069\u3092\u3000\u5897\u3084\u3057\u3066\n\u30ab\u30af\u30ab\u30af\u306b\u3000\u306a\u308b\u3053\u3068\u3067\n\u81ea\u5206\u306e\u3000\u653b\u6483\u3092\u3000\u3042\u3052\u308b\u3002", "language": {"name": "ja", "url": "https://pokeapi.co/api/v2/language/11/"}, "version_group": {"name": "ultra-sun-ultra-moon", "url": "https://pokeapi.co/api/v2/version-group/18/"}}, {"flavor_text": "\u589e\u52a0\u8eab\u4f53\u7684\u89d2\uff0c\n\u53d8\u5f97\u68f1\u68f1\u89d2\u89d2\uff0c\n\u4ece\u800c\u63d0\u9ad8\u81ea\u5df1\u7684\u653b\u51fb\u3002", "language": {"name": "zh-Hans", "url": "https://pokeapi.co/api/v2/language/12/"}, "version_group": {"name": "ultra-sun-ultra-moon", "url": "https://pokeapi.co/api/v2/version-group/18/"}}, {"flavor_text": "\u304b\u3089\u3060\u306e\u3000\u304b\u3069\u3092\u3000\u3075\u3084\u3057\u3066\n\u30ab\u30af\u30ab\u30af\u306b\u3000\u306a\u308b\u3053\u3068\u3067\n\u3058\u3076\u3093\u306e\u3000\u3053\u3046\u3052\u304d\u3092\u3000\u3042\u3052\u308b\u3002", "language": {"name": "ja-Hrkt", "url": "https://pokeapi.co/api/v2/language/1/"}, "version_group": {"name": "lets-go-pikachu-lets-go-eevee", "url": "https://pokeapi.co/api/v2/version-group/19/"}}, {"flavor_text": "\ubab8\uc758 \uac01\uc744 \ub298\ub824\uc11c\n\ub354\uc6b1 \uac01\uc9c0\uac8c \ud558\uc5ec\n\uc790\uc2e0\uc758 \uacf5\uaca9\uc744 \uc62c\ub9b0\ub2e4.", "language": {"name": "ko", "url": "https://pokeapi.co/api/v2/language/3/"}, "version_group": {"name": "lets-go-pikachu-lets-go-eevee", "url": "https://pokeapi.co/api/v2/version-group/19/"}}, {"flavor_text": "\u589e\u52a0\u8eab\u9ad4\u7684\u7a1c\u89d2\uff0c\n\u8b8a\u5f97\u65b9\u65b9\u6b63\u6b63\uff0c\n\u63d0\u9ad8\u81ea\u5df1\u7684\u653b\u64ca\u3002", "language": {"name": "zh-Hant", "url": "https://pokeapi.co/api/v2/language/4/"}, "version_group": {"name": "lets-go-pikachu-lets-go-eevee", "url": "https://pokeapi.co/api/v2/version-group/19/"}}, {"flavor_text": "Le lanceur r\u00e9duit son nombre de polygones pour\naccentuer ses angles et augmenter son Attaque.", "language": {"name": "fr", "url": "https://pokeapi.co/api/v2/language/5/"}, "version_group": {"name": "lets-go-pikachu-lets-go-eevee", "url": "https://pokeapi.co/api/v2/version-group/19/"}}, {"flavor_text": "Anwender macht seinen K\u00f6rper kantiger und erh\u00f6ht\nso seinen Angriffs-Wert.", "language": {"name": "de", "url": "https://pokeapi.co/api/v2/language/6/"}, "version_group": {"name": "lets-go-pikachu-lets-go-eevee", "url": "https://pokeapi.co/api/v2/version-group/19/"}}, {"flavor_text": "El perfil del usuario se hace m\u00e1s afilado y su Ataque \nmejora.", "language": {"name": "es", "url": "https://pokeapi.co/api/v2/language/7/"}, "version_group": {"name": "lets-go-pikachu-lets-go-eevee", "url": "https://pokeapi.co/api/v2/version-group/19/"}}, {"flavor_text": "Chi la usa riduce il numero di poligoni sul\nproprio corpo per accentuarne gli spigoli\ne aumentare l\u2019Attacco.", "language": {"name": "it", "url": "https://pokeapi.co/api/v2/language/8/"}, "version_group": {"name": "lets-go-pikachu-lets-go-eevee", "url": "https://pokeapi.co/api/v2/version-group/19/"}}, {"flavor_text": "The user makes its edges more jagged,\nwhich raises its Attack stat.", "language": {"name": "en", "url": "https://pokeapi.co/api/v2/language/9/"}, "version_group": {"name": "lets-go-pikachu-lets-go-eevee", "url": "https://pokeapi.co/api/v2/version-group/19/"}}, {"flavor_text": "\u4f53\u306e\u3000\u304b\u3069\u3092\u3000\u5897\u3084\u3057\u3066\n\u30ab\u30af\u30ab\u30af\u306b\u3000\u306a\u308b\u3053\u3068\u3067\n\u81ea\u5206\u306e\u3000\u653b\u6483\u3092\u3000\u3042\u3052\u308b\u3002", "language": {"name": "ja", "url": "https://pokeapi.co/api/v2/language/11/"}, "version_group": {"name": "lets-go-pikachu-lets-go-eevee", "url": "https://pokeapi.co/api/v2/version-group/19/"}}, {"flavor_text": "\u589e\u52a0\u8eab\u4f53\u7684\u89d2\uff0c\n\u53d8\u5f97\u68f1\u68f1\u89d2\u89d2\uff0c\n\u4ece\u800c\u63d0\u9ad8\u81ea\u5df1\u7684\u653b\u51fb\u3002", "language": {"name": "zh-Hans", "url": "https://pokeapi.co/api/v2/language/12/"}, "version_group": {"name": "lets-go-pikachu-lets-go-eevee", "url": "https://pokeapi.co/api/v2/version-group/19/"}}, {"flavor_text": "\u3053\u306e\u308f\u3056\u306f\u3000\u3064\u304b\u3048\u307e\u305b\u3093\n\u304a\u3082\u3044\u3060\u3059\u3053\u3068\u304c\u3000\u3067\u304d\u306a\u304f\u306a\u308a\u307e\u3059\u304c\n\u308f\u3056\u3092\u3000\u308f\u3059\u308c\u308b\u3053\u3068\u3092\u3000\u304a\u3059\u3059\u3081\u3057\u307e\u3059", "language": {"name": "ja-Hrkt", "url": "https://pokeapi.co/api/v2/language/1/"}, "version_group": {"name": "sword-shield", "url": "https://pokeapi.co/api/v2/version-group/20/"}}, {"flavor_text": "\uc0ac\uc6a9\ud560 \uc218 \uc5c6\ub294 \uae30\uc220\uc785\ub2c8\ub2e4.\n\ub2e4\uc2dc \ubc30\uc6b0\uac8c \ud560 \uc218 \uc5c6\uc9c0\ub9cc\n\uae30\uc220\uc744 \uc78a\uac8c \ud558\ub294 \uac83\uc744 \uad8c\uc7a5\ud569\ub2c8\ub2e4.", "language": {"name": "ko", "url": "https://pokeapi.co/api/v2/language/3/"}, "version_group": {"name": "sword-shield", "url": "https://pokeapi.co/api/v2/version-group/20/"}}, {"flavor_text": "\u7121\u6cd5\u4f7f\u7528\u6b64\u62db\u5f0f\u3002\n\u96d6\u7136\u5fd8\u8a18\u5f8c\u5c07\u7121\u6cd5\u518d\u60f3\u8d77\u4f86\uff0c\n\u4f46\u9084\u662f\u5efa\u8b70\u5fd8\u8a18\u6b64\u62db\u5f0f\u3002", "language": {"name": "zh-Hant", "url": "https://pokeapi.co/api/v2/language/4/"}, "version_group": {"name": "sword-shield", "url": "https://pokeapi.co/api/v2/version-group/20/"}}, {"flavor_text": "Cette capacit\u00e9 ne peut pas \u00eatre utilis\u00e9e.\nIl est recommand\u00e9 de l\u2019oublier, m\u00eame s\u2019il sera\nimpossible de se la rem\u00e9morer une fois oubli\u00e9e.", "language": {"name": "fr", "url": "https://pokeapi.co/api/v2/language/5/"}, "version_group": {"name": "sword-shield", "url": "https://pokeapi.co/api/v2/version-group/20/"}}, {"flavor_text": "Diese Attacke kann nicht eingesetzt werden. Du solltest\ndein Pok\u00e9mon sie vergessen lassen. Beachte aber,\ndass es sich danach nicht wieder an sie erinnern kann.", "language": {"name": "de", "url": "https://pokeapi.co/api/v2/language/6/"}, "version_group": {"name": "sword-shield", "url": "https://pokeapi.co/api/v2/version-group/20/"}}, {"flavor_text": "Este movimiento no se puede usar, por lo que ser\u00eda\nmejor olvidarlo, aunque eso implique que no se pueda\nrecordar posteriormente.", "language": {"name": "es", "url": "https://pokeapi.co/api/v2/language/7/"}, "version_group": {"name": "sword-shield", "url": "https://pokeapi.co/api/v2/version-group/20/"}}, {"flavor_text": "Questa mossa non pu\u00f2 essere usata.\n\u00c8 consigliabile farla dimenticare al Pok\u00e9mon. Tuttavia,\nuna volta dimenticata, non potr\u00e0 pi\u00f9 essere ricordata.", "language": {"name": "it", "url": "https://pokeapi.co/api/v2/language/8/"}, "version_group": {"name": "sword-shield", "url": "https://pokeapi.co/api/v2/version-group/20/"}}, {"flavor_text": "This move can\u2019t be used.\nIt\u2019s recommended that this move is forgotten.\nOnce forgotten, this move can\u2019t be remembered.", "language": {"name": "en", "url": "https://pokeapi.co/api/v2/language/9/"}, "version_group": {"name": "sword-shield", "url": "https://pokeapi.co/api/v2/version-group/20/"}}, {"flavor_text": "\u3053\u306e\u6280\u306f\u3000\u4f7f\u3048\u307e\u305b\u3093\n\u601d\u3044\u51fa\u3059\u3053\u3068\u304c\u3000\u3067\u304d\u306a\u304f\u306a\u308a\u307e\u3059\u304c\n\u6280\u3092\u3000\u5fd8\u308c\u308b\u3053\u3068\u3092\u3000\u304a\u3059\u3059\u3081\u3057\u307e\u3059", "language": {"name": "ja", "url": "https://pokeapi.co/api/v2/language/11/"}, "version_group": {"name": "sword-shield", "url": "https://pokeapi.co/api/v2/version-group/20/"}}, {"flavor_text": "\u65e0\u6cd5\u4f7f\u7528\u8fd9\u4e2a\u62db\u5f0f\u3002\n\u867d\u7136\u5fd8\u8bb0\u4e4b\u540e\u5c31\u518d\u4e5f\u60f3\u4e0d\u8d77\u6765\u4e86\uff0c\n\u4f46\u8fd8\u662f\u5efa\u8bae\u5fd8\u8bb0\u8fd9\u4e2a\u62db\u5f0f\u3002", "language": {"name": "zh-Hans", "url": "https://pokeapi.co/api/v2/language/12/"}, "version_group": {"name": "sword-shield", "url": "https://pokeapi.co/api/v2/version-group/20/"}}], "generation": {"name": "generation-i", "url": "https://pokeapi.co/api/v2/generation/1/"}, "id": 159, "learned_by_pokemon": [{"name": "porygon", "url": "https://pokeapi.co/api/v2/pokemon/137/"}, {"name": "cryogonal", "url": "https://pokeapi.co/api/v2/pokemon/615/"}, {"name": "carbink", "url": "https://pokeapi.co/api/v2/pokemon/703/"}, {"name": "bergmite", "url": "https://pokeapi.co/api/v2/pokemon/712/"}, {"name": "avalugg", "url": "https://pokeapi.co/api/v2/pokemon/713/"}, {"name": "diancie", "url": "https://pokeapi.co/api/v2/pokemon/719/"}, {"name": "diancie-mega", "url": "https://pokeapi.co/api/v2/pokemon/10075/"}], "machines": [], "meta": {"ailment": {"name": "none", "url": "https://pokeapi.co/api/v2/move-ailment/0/"}, "ailment_chance": 0, "category": {"name": "net-good-stats", "url": "https://pokeapi.co/api/v2/move-category/2/"}, "crit_rate": 0, "drain": 0, "flinch_chance": 0, "healing": 0, "max_hits": null, "max_turns": null, "min_hits": null, "min_turns": null, "stat_chance": 0}, "name": "sharpen", "names": [{"language": {"name": "ja-Hrkt", "url": "https://pokeapi.co/api/v2/language/1/"}, "name": "\u304b\u304f\u3070\u308b"}, {"language": {"name": "ko", "url": "https://pokeapi.co/api/v2/language/3/"}, "name": "\uac01\uc9c0\uae30"}, {"language": {"name": "zh-Hant", "url": "https://pokeapi.co/api/v2/language/4/"}, "name": "\u7a1c\u89d2\u5316"}, {"language": {"name": "fr", "url": "https://pokeapi.co/api/v2/language/5/"}, "name": "Aff\u00fbtage"}, {"language": {"name": "de", "url": "https://pokeapi.co/api/v2/language/6/"}, "name": "Sch\u00e4rfer"}, {"language": {"name": "es", "url": "https://pokeapi.co/api/v2/language/7/"}, "name": "Afilar"}, {"language": {"name": "it", "url": "https://pokeapi.co/api/v2/language/8/"}, "name": "Affilatore"}, {"language": {"name": "en", "url": "https://pokeapi.co/api/v2/language/9/"}, "name": "Sharpen"}, {"language": {"name": "ja", "url": "https://pokeapi.co/api/v2/language/11/"}, "name": "\u304b\u304f\u3070\u308b"}, {"language": {"name": "zh-Hans", "url": "https://pokeapi.co/api/v2/language/12/"}, "name": "\u68f1\u89d2\u5316"}], "past_values": [], "power": null, "pp": 30, "priority": 0, "stat_changes": [{"change": 1, "stat": {"name": "attack", "url": "https://pokeapi.co/api/v2/stat/2/"}}], "super_contest_effect": {"url": "https://pokeapi.co/api/v2/super-contest-effect/11/"}, "target": {"name": "user", "url": "https://pokeapi.co/api/v2/move-target/7/"}, "type": {"name": "normal", "url": "https://pokeapi.co/api/v2/type/1/"}}