{"accuracy": 100, "contest_combos": null, "contest_effect": null, "contest_type": null, "damage_class": {"name": "special", "url": "https://pokeapi.co/api/v2/move-damage-class/3/"}, "effect_chance": null, "effect_changes": [], "effect_entries": [{"effect": "Inflicts regular damage.  If the target is poisoned, this move has double power.", "language": {"name": "en", "url": "https://pokeapi.co/api/v2/language/9/"}, "short_effect": "Inflicts double damage if the target is Poisoned."}], "flavor_text_entries": [{"flavor_text": "Le lanceur inocule un poison sp\u00e9cial\n\u00e0 l\u2019ennemi. L\u2019effet est doubl\u00e9 si\nl\u2019ennemi est d\u00e9j\u00e0 empoisonn\u00e9.", "language": {"name": "fr", "url": "https://pokeapi.co/api/v2/language/5/"}, "version_group": {"name": "black-white", "url": "https://pokeapi.co/api/v2/version-group/11/"}}, {"flavor_text": "The user drenches the target in a special\npoisonous liquid. Its power is doubled\nif the target is poisoned.", "language": {"name": "en", "url": "https://pokeapi.co/api/v2/language/9/"}, "version_group": {"name": "black-white", "url": "https://pokeapi.co/api/v2/version-group/11/"}}, {"flavor_text": "The user drenches the target in a special\npoisonous liquid. Its power is doubled\nif the target is poisoned.", "language": {"name": "en", "url": "https://pokeapi.co/api/v2/language/9/"}, "version_group": {"name": "black-2-white-2", "url": "https://pokeapi.co/api/v2/version-group/14/"}}, {"flavor_text": "\u3068\u304f\u3057\u3085\u306a\u3000\u3069\u304f\u3048\u304d\u3092\u3000\u3042\u3073\u305b\u304b\u3051\u308b\u3002\n\u3069\u304f\u3000\u3058\u3087\u3046\u305f\u3044\u306e\u3000\u3042\u3044\u3066\u306b\u306f\n\u3044\u308a\u3087\u304f\u304c\u3000\uff12\u3070\u3044\u306b\u3000\u306a\u308b\u3002", "language": {"name": "ja-Hrkt", "url": "https://pokeapi.co/api/v2/language/1/"}, "version_group": {"name": "x-y", "url": "https://pokeapi.co/api/v2/version-group/15/"}}, {"flavor_text": "\ud2b9\uc218\ud55c \ub3c5\uc561\uc744 \ub07c\uc5b9\ub294\ub2e4.\n\ub3c5 \uc0c1\ud0dc\uc758 \uc0c1\ub300\uc5d0\uac8c\ub294\n\uc704\ub825\uc774 2\ubc30\uac00 \ub41c\ub2e4.", "language": {"name": "ko", "url": "https://pokeapi.co/api/v2/language/3/"}, "version_group": {"name": "x-y", "url": "https://pokeapi.co/api/v2/version-group/15/"}}, {"flavor_text": "Le lanceur inocule un poison sp\u00e9cial \u00e0 l\u2019ennemi.\nL\u2019effet est doubl\u00e9 si l\u2019ennemi est d\u00e9j\u00e0 empoisonn\u00e9.", "language": {"name": "fr", "url": "https://pokeapi.co/api/v2/language/5/"}, "version_group": {"name": "x-y", "url": "https://pokeapi.co/api/v2/version-group/15/"}}, {"flavor_text": "\u00dcbersch\u00fcttet das Ziel mit einer speziellen\ntoxischen Fl\u00fcssigkeit. Doppelt so stark gegen\nvergiftete Ziele.", "language": {"name": "de", "url": "https://pokeapi.co/api/v2/language/6/"}, "version_group": {"name": "x-y", "url": "https://pokeapi.co/api/v2/version-group/15/"}}, {"flavor_text": "Ataca cubriendo al objetivo con un l\u00edquido\nvenenoso. El da\u00f1o ser\u00e1 doble si este ya est\u00e1\nenvenenado.", "language": {"name": "es", "url": "https://pokeapi.co/api/v2/language/7/"}, "version_group": {"name": "x-y", "url": "https://pokeapi.co/api/v2/version-group/15/"}}, {"flavor_text": "Lancia uno speciale liquido tossico sul bersaglio.\nSe questi \u00e8 avvelenato, il danno provocato\nraddoppia.", "language": {"name": "it", "url": "https://pokeapi.co/api/v2/language/8/"}, "version_group": {"name": "x-y", "url": "https://pokeapi.co/api/v2/version-group/15/"}}, {"flavor_text": "The user drenches the target in a special\npoisonous liquid. This move\u2019s power is doubled\nif the target is poisoned.", "language": {"name": "en", "url": "https://pokeapi.co/api/v2/language/9/"}, "version_group": {"name": "x-y", "url": "https://pokeapi.co/api/v2/version-group/15/"}}, {"flavor_text": "\u7279\u6b8a\u306a\u3000\u6bd2\u6db2\u3092\u3000\u6d74\u3073\u305b\u304b\u3051\u308b\u3002\n\u6bd2\u72b6\u614b\u306e\u3000\u76f8\u624b\u306b\u306f\n\u5a01\u529b\u304c\u3000\uff12\u500d\u306b\u3000\u306a\u308b\u3002", "language": {"name": "ja", "url": "https://pokeapi.co/api/v2/language/11/"}, "version_group": {"name": "x-y", "url": "https://pokeapi.co/api/v2/version-group/15/"}}, {"flavor_text": "\u3068\u304f\u3057\u3085\u306a\u3000\u3069\u304f\u3048\u304d\u3092\u3000\u3042\u3073\u305b\u304b\u3051\u308b\u3002\n\u3069\u304f\u3000\u3058\u3087\u3046\u305f\u3044\u306e\u3000\u3042\u3044\u3066\u306b\u306f\n\u3044\u308a\u3087\u304f\u304c\u3000\uff12\u3070\u3044\u306b\u3000\u306a\u308b\u3002", "language": {"name": "ja-Hrkt", "url": "https://pokeapi.co/api/v2/language/1/"}, "version_group": {"name": "omega-ruby-alpha-sapphire", "url": "https://pokeapi.co/api/v2/version-group/16/"}}, {"flavor_text": "\ud2b9\uc218\ud55c \ub3c5\uc561\uc744 \ub07c\uc5b9\ub294\ub2e4.\n\ub3c5 \uc0c1\ud0dc\uc758 \uc0c1\ub300\uc5d0\uac8c\ub294\n\uc704\ub825\uc774 2\ubc30\uac00 \ub41c\ub2e4.", "language": {"name": "ko", "url": "https://pokeapi.co/api/v2/language/3/"}, "version_group": {"name": "omega-ruby-alpha-sapphire", "url": "https://pokeapi.co/api/v2/version-group/16/"}}, {"flavor_text": "Le lanceur inocule un poison sp\u00e9cial \u00e0 l\u2019ennemi.\nL\u2019effet est doubl\u00e9 si l\u2019ennemi est d\u00e9j\u00e0 empoisonn\u00e9. ", "language": {"name": "fr", "url": "https://pokeapi.co/api/v2/language/5/"}, "version_group": {"name": "omega-ruby-alpha-sapphire", "url": "https://pokeapi.co/api/v2/version-group/16/"}}, {"flavor_text": "\u00dcbersch\u00fcttet das Ziel mit einer speziellen\ntoxischen Fl\u00fcssigkeit. Doppelt so stark gegen\nvergiftete Ziele.", "language": {"name": "de", "url": "https://pokeapi.co/api/v2/language/6/"}, "version_group": {"name": "omega-ruby-alpha-sapphire", "url": "https://pokeapi.co/api/v2/version-group/16/"}}, {"flavor_text": "Ataca cubriendo al objetivo con un l\u00edquido venenoso. \nEl da\u00f1o ser\u00e1 doble si este ya est\u00e1 envenenado.", "language": {"name": "es", "url": "https://pokeapi.co/api/v2/language/7/"}, "version_group": {"name": "omega-ruby-alpha-sapphire", "url": "https://pokeapi.co/api/v2/version-group/16/"}}, {"flavor_text": "Lancia uno speciale liquido tossico sul bersaglio.\nSe questi \u00e8 avvelenato, il danno provocato\nraddoppia.", "language": {"name": "it", "url": "https://pokeapi.co/api/v2/language/8/"}, "version_group": {"name": "omega-ruby-alpha-sapphire", "url": "https://pokeapi.co/api/v2/version-group/16/"}}, {"flavor_text": "The user drenches the target in a special\npoisonous liquid. This move\u2019s power is doubled\nif the target is poisoned.", "language": {"name": "en", "url": "https://pokeapi.co/api/v2/language/9/"}, "version_group": {"name": "omega-ruby-alpha-sapphire", "url": "https://pokeapi.co/api/v2/version-group/16/"}}, {"flavor_text": "\u7279\u6b8a\u306a\u3000\u6bd2\u6db2\u3092\u3000\u6d74\u3073\u305b\u304b\u3051\u308b\u3002\n\u6bd2\u72b6\u614b\u306e\u3000\u76f8\u624b\u306b\u306f\n\u5a01\u529b\u304c\u3000\uff12\u500d\u306b\u3000\u306a\u308b\u3002", "language": {"name": "ja", "url": "https://pokeapi.co/api/v2/language/11/"}, "version_group": {"name": "omega-ruby-alpha-sapphire", "url": "https://pokeapi.co/api/v2/version-group/16/"}}, {"flavor_text": "\u3068\u304f\u3057\u3085\u306a\u3000\u3069\u304f\u3048\u304d\u3092\u3000\u3042\u3073\u305b\u304b\u3051\u308b\u3002\n\u3069\u304f\u3000\u3058\u3087\u3046\u305f\u3044\u306e\u3000\u3042\u3044\u3066\u306b\u306f\n\u3044\u308a\u3087\u304f\u304c\u3000\uff12\u3070\u3044\u306b\u3000\u306a\u308b\u3002", "language": {"name": "ja-Hrkt", "url": "https://pokeapi.co/api/v2/language/1/"}, "version_group": {"name": "sun-moon", "url": "https://pokeapi.co/api/v2/version-group/17/"}}, {"flavor_text": "\ud2b9\uc218\ud55c \ub3c5\uc561\uc744 \ub07c\uc5b9\ub294\ub2e4.\n\ub3c5 \uc0c1\ud0dc\uc758 \uc0c1\ub300\uc5d0\uac8c\ub294\n\uc704\ub825\uc774 2\ubc30\uac00 \ub41c\ub2e4.", "language": {"name": "ko", "url": "https://pokeapi.co/api/v2/language/3/"}, "version_group": {"name": "sun-moon", "url": "https://pokeapi.co/api/v2/version-group/17/"}}, {"flavor_text": "\u5c07\u7279\u6b8a\u7684\u6bd2\u6db2\u6f51\u5411\u5c0d\u624b\u3002\n\u653b\u64ca\u9677\u5165\u4e2d\u6bd2\u72c0\u614b\u7684\u5c0d\u624b\u6642\uff0c\n\u5a01\u529b\u6703\u8b8a\u6210\uff12\u500d\u3002", "language": {"name": "zh-Hant", "url": "https://pokeapi.co/api/v2/language/4/"}, "version_group": {"name": "sun-moon", "url": "https://pokeapi.co/api/v2/version-group/17/"}}, {"flavor_text": "Le lanceur inocule un poison sp\u00e9cial \u00e0 l\u2019ennemi.\nL\u2019effet est doubl\u00e9 si l\u2019ennemi est d\u00e9j\u00e0 empoisonn\u00e9.", "language": {"name": "fr", "url": "https://pokeapi.co/api/v2/language/5/"}, "version_group": {"name": "sun-moon", "url": "https://pokeapi.co/api/v2/version-group/17/"}}, {"flavor_text": "\u00dcbersch\u00fcttet das Ziel mit einer speziellen toxischen\nFl\u00fcssigkeit. Doppelt so stark gegen vergiftete Ziele.", "language": {"name": "de", "url": "https://pokeapi.co/api/v2/language/6/"}, "version_group": {"name": "sun-moon", "url": "https://pokeapi.co/api/v2/version-group/17/"}}, {"flavor_text": "Ataca cubriendo al objetivo con un l\u00edquido venenoso. \nEl da\u00f1o ser\u00e1 doble si este ya est\u00e1 envenenado.", "language": {"name": "es", "url": "https://pokeapi.co/api/v2/language/7/"}, "version_group": {"name": "sun-moon", "url": "https://pokeapi.co/api/v2/version-group/17/"}}, {"flavor_text": "Lancia uno speciale liquido tossico sul bersaglio.\nSe questi \u00e8 avvelenato, il danno provocato\nraddoppia.", "language": {"name": "it", "url": "https://pokeapi.co/api/v2/language/8/"}, "version_group": {"name": "sun-moon", "url": "https://pokeapi.co/api/v2/version-group/17/"}}, {"flavor_text": "The user drenches the target in a special poisonous\nliquid. This move\u2019s power is doubled if the target\nis poisoned.", "language": {"name": "en", "url": "https://pokeapi.co/api/v2/language/9/"}, "version_group": {"name": "sun-moon", "url": "https://pokeapi.co/api/v2/version-group/17/"}}, {"flavor_text": "\u7279\u6b8a\u306a\u3000\u6bd2\u6db2\u3092\u3000\u6d74\u3073\u305b\u304b\u3051\u308b\u3002\n\u6bd2\u72b6\u614b\u306e\u3000\u76f8\u624b\u306b\u306f\n\u5a01\u529b\u304c\u3000\uff12\u500d\u306b\u3000\u306a\u308b\u3002", "language": {"name": "ja", "url": "https://pokeapi.co/api/v2/language/11/"}, "version_group": {"name": "sun-moon", "url": "https://pokeapi.co/api/v2/version-group/17/"}}, {"flavor_text": "\u5c06\u7279\u6b8a\u7684\u6bd2\u6db2\u6cfc\u5411\u5bf9\u624b\u3002\n\u5bf9\u5904\u4e8e\u4e2d\u6bd2\u72b6\u6001\u7684\u5bf9\u624b\uff0c\n\u5a01\u529b\u4f1a\u53d8\u6210\uff12\u500d\u3002", "language": {"name": "zh-Hans", "url": "https://pokeapi.co/api/v2/language/12/"}, "version_group": {"name": "sun-moon", "url": "https://pokeapi.co/api/v2/version-group/17/"}}, {"flavor_text": "\u3068\u304f\u3057\u3085\u306a\u3000\u3069\u304f\u3048\u304d\u3092\u3000\u3042\u3073\u305b\u304b\u3051\u308b\u3002\n\u3069\u304f\u3000\u3058\u3087\u3046\u305f\u3044\u306e\u3000\u3042\u3044\u3066\u306b\u306f\n\u3044\u308a\u3087\u304f\u304c\u3000\uff12\u3070\u3044\u306b\u3000\u306a\u308b\u3002", "language": {"name": "ja-Hrkt", "url": "https://pokeapi.co/api/v2/language/1/"}, "version_group": {"name": "ultra-sun-ultra-moon", "url": "https://pokeapi.co/api/v2/version-group/18/"}}, {"flavor_text": "\ud2b9\uc218\ud55c \ub3c5\uc561\uc744 \ub07c\uc5b9\ub294\ub2e4.\n\ub3c5 \uc0c1\ud0dc\uc758 \uc0c1\ub300\uc5d0\uac8c\ub294\n\uc704\ub825\uc774 2\ubc30\uac00 \ub41c\ub2e4.", "language": {"name": "ko", "url": "https://pokeapi.co/api/v2/language/3/"}, "version_group": {"name": "ultra-sun-ultra-moon", "url": "https://pokeapi.co/api/v2/version-group/18/"}}, {"flavor_text": "\u5c07\u7279\u6b8a\u7684\u6bd2\u6db2\u6f51\u5411\u5c0d\u624b\u3002\n\u653b\u64ca\u9677\u5165\u4e2d\u6bd2\u72c0\u614b\u7684\u5c0d\u624b\u6642\uff0c\n\u5a01\u529b\u6703\u8b8a\u6210\uff12\u500d\u3002", "language": {"name": "zh-Hant", "url": "https://pokeapi.co/api/v2/language/4/"}, "version_group": {"name": "ultra-sun-ultra-moon", "url": "https://pokeapi.co/api/v2/version-group/18/"}}, {"flavor_text": "Le lanceur inocule un poison sp\u00e9cial \u00e0 l\u2019ennemi.\nL\u2019effet est doubl\u00e9 si l\u2019ennemi est d\u00e9j\u00e0 empoisonn\u00e9.", "language": {"name": "fr", "url": "https://pokeapi.co/api/v2/language/5/"}, "version_group": {"name": "ultra-sun-ultra-moon", "url": "https://pokeapi.co/api/v2/version-group/18/"}}, {"flavor_text": "\u00dcbersch\u00fcttet das Ziel mit einer speziellen toxischen\nFl\u00fcssigkeit. Doppelt so stark gegen vergiftete Ziele.", "language": {"name": "de", "url": "https://pokeapi.co/api/v2/language/6/"}, "version_group": {"name": "ultra-sun-ultra-moon", "url": "https://pokeapi.co/api/v2/version-group/18/"}}, {"flavor_text": "Ataca cubriendo al objetivo con un l\u00edquido venenoso. \nEl da\u00f1o ser\u00e1 doble si este ya est\u00e1 envenenado.", "language": {"name": "es", "url": "https://pokeapi.co/api/v2/language/7/"}, "version_group": {"name": "ultra-sun-ultra-moon", "url": "https://pokeapi.co/api/v2/version-group/18/"}}, {"flavor_text": "Lancia uno speciale liquido tossico sul bersaglio.\nSe questi \u00e8 avvelenato, il danno provocato\nraddoppia.", "language": {"name": "it", "url": "https://pokeapi.co/api/v2/language/8/"}, "version_group": {"name": "ultra-sun-ultra-moon", "url": "https://pokeapi.co/api/v2/version-group/18/"}}, {"flavor_text": "The user drenches the target in a special poisonous\nliquid. This move\u2019s power is doubled if the target\nis poisoned.", "language": {"name": "en", "url": "https://pokeapi.co/api/v2/language/9/"}, "version_group": {"name": "ultra-sun-ultra-moon", "url": "https://pokeapi.co/api/v2/version-group/18/"}}, {"flavor_text": "\u7279\u6b8a\u306a\u3000\u6bd2\u6db2\u3092\u3000\u6d74\u3073\u305b\u304b\u3051\u308b\u3002\n\u6bd2\u72b6\u614b\u306e\u3000\u76f8\u624b\u306b\u306f\n\u5a01\u529b\u304c\u3000\uff12\u500d\u306b\u3000\u306a\u308b\u3002", "language": {"name": "ja", "url": "https://pokeapi.co/api/v2/language/11/"}, "version_group": {"name": "ultra-sun-ultra-moon", "url": "https://pokeapi.co/api/v2/version-group/18/"}}, {"flavor_text": "\u5c06\u7279\u6b8a\u7684\u6bd2\u6db2\u6cfc\u5411\u5bf9\u624b\u3002\n\u5bf9\u5904\u4e8e\u4e2d\u6bd2\u72b6\u6001\u7684\u5bf9\u624b\uff0c\n\u5a01\u529b\u4f1a\u53d8\u6210\uff12\u500d\u3002", "language": {"name": "zh-Hans", "url": "https://pokeapi.co/api/v2/language/12/"}, "version_group": {"name": "ultra-sun-ultra-moon", "url": "https://pokeapi.co/api/v2/version-group/18/"}}, {"flavor_text": "\u3068\u304f\u3057\u3085\u306a\u3000\u3069\u304f\u3048\u304d\u3092\u3000\u3042\u3073\u305b\u304b\u3051\u308b\u3002\n\u3069\u304f\u3000\u3058\u3087\u3046\u305f\u3044\u306e\u3000\u3042\u3044\u3066\u306b\u306f\n\u3044\u308a\u3087\u304f\u304c\u3000\uff12\u3070\u3044\u306b\u3000\u306a\u308b\u3002", "language": {"name": "ja-Hrkt", "url": "https://pokeapi.co/api/v2/language/1/"}, "version_group": {"name": "lets-go-pikachu-lets-go-eevee", "url": "https://pokeapi.co/api/v2/version-group/19/"}}, {"flavor_text": "\ud2b9\uc218\ud55c \ub3c5\uc561\uc744 \ub07c\uc5b9\ub294\ub2e4.\n\ub3c5 \uc0c1\ud0dc\uc758 \uc0c1\ub300\uc5d0\uac8c\ub294\n\uc704\ub825\uc774 2\ubc30\uac00 \ub41c\ub2e4.", "language": {"name": "ko", "url": "https://pokeapi.co/api/v2/language/3/"}, "version_group": {"name": "lets-go-pikachu-lets-go-eevee", "url": "https://pokeapi.co/api/v2/version-group/19/"}}, {"flavor_text": "\u5c07\u7279\u6b8a\u7684\u6bd2\u6db2\u6f51\u5411\u5c0d\u624b\u3002\n\u653b\u64ca\u9677\u5165\u4e2d\u6bd2\u72c0\u614b\u7684\u5c0d\u624b\u6642\uff0c\n\u5a01\u529b\u6703\u8b8a\u6210\uff12\u500d\u3002", "language": {"name": "zh-Hant", "url": "https://pokeapi.co/api/v2/language/4/"}, "version_group": {"name": "lets-go-pikachu-lets-go-eevee", "url": "https://pokeapi.co/api/v2/version-group/19/"}}, {"flavor_text": "Le lanceur inocule un poison sp\u00e9cial \u00e0 l\u2019ennemi.\nL\u2019effet est doubl\u00e9 si l\u2019ennemi est d\u00e9j\u00e0 empoisonn\u00e9.", "language": {"name": "fr", "url": "https://pokeapi.co/api/v2/language/5/"}, "version_group": {"name": "lets-go-pikachu-lets-go-eevee", "url": "https://pokeapi.co/api/v2/version-group/19/"}}, {"flavor_text": "\u00dcbersch\u00fcttet das Ziel mit einer speziellen toxischen\nFl\u00fcssigkeit. Doppelt so stark gegen vergiftete Ziele.", "language": {"name": "de", "url": "https://pokeapi.co/api/v2/language/6/"}, "version_group": {"name": "lets-go-pikachu-lets-go-eevee", "url": "https://pokeapi.co/api/v2/version-group/19/"}}, {"flavor_text": "Ataca cubriendo al objetivo con un l\u00edquido venenoso. \nEl da\u00f1o ser\u00e1 doble si este ya est\u00e1 envenenado.", "language": {"name": "es", "url": "https://pokeapi.co/api/v2/language/7/"}, "version_group": {"name": "lets-go-pikachu-lets-go-eevee", "url": "https://pokeapi.co/api/v2/version-group/19/"}}, {"flavor_text": "Lancia uno speciale liquido tossico sul bersaglio.\nSe questi \u00e8 avvelenato, il danno provocato\nraddoppia.", "language": {"name": "it", "url": "https://pokeapi.co/api/v2/language/8/"}, "version_group": {"name": "lets-go-pikachu-lets-go-eevee", "url": "https://pokeapi.co/api/v2/version-group/19/"}}, {"flavor_text": "The user drenches the target in a special poisonous\nliquid. This move\u2019s power is doubled if the target\nis poisoned.", "language": {"name": "en", "url": "https://pokeapi.co/api/v2/language/9/"}, "version_group": {"name": "lets-go-pikachu-lets-go-eevee", "url": "https://pokeapi.co/api/v2/version-group/19/"}}, {"flavor_text": "\u7279\u6b8a\u306a\u3000\u6bd2\u6db2\u3092\u3000\u6d74\u3073\u305b\u304b\u3051\u308b\u3002\n\u6bd2\u72b6\u614b\u306e\u3000\u76f8\u624b\u306b\u306f\n\u5a01\u529b\u304c\u3000\uff12\u500d\u306b\u3000\u306a\u308b\u3002", "language": {"name": "ja", "url": "https://pokeapi.co/api/v2/language/11/"}, "version_group": {"name": "lets-go-pikachu-lets-go-eevee", "url": "https://pokeapi.co/api/v2/version-group/19/"}}, {"flavor_text": "\u5c06\u7279\u6b8a\u7684\u6bd2\u6db2\u6cfc\u5411\u5bf9\u624b\u3002\n\u5bf9\u5904\u4e8e\u4e2d\u6bd2\u72b6\u6001\u7684\u5bf9\u624b\uff0c\n\u5a01\u529b\u4f1a\u53d8\u6210\uff12\u500d\u3002", "language": {"name": "zh-Hans", "url": "https://pokeapi.co/api/v2/language/12/"}, "version_group": {"name": "lets-go-pikachu-lets-go-eevee", "url": "https://pokeapi.co/api/v2/version-group/19/"}}, {"flavor_text": "\u3068\u304f\u3057\u3085\u306a\u3000\u3069\u304f\u3048\u304d\u3092\u3000\u3042\u3073\u305b\u304b\u3051\u308b\u3002\n\u3069\u304f\u3000\u3058\u3087\u3046\u305f\u3044\u306e\u3000\u3042\u3044\u3066\u306b\u306f\n\u3044\u308a\u3087\u304f\u304c\u3000\uff12\u3070\u3044\u306b\u3000\u306a\u308b\u3002", "language": {"name": "ja-Hrkt", "url": "https://pokeapi.co/api/v2/language/1/"}, "version_group": {"name": "sword-shield", "url": "https://pokeapi.co/api/v2/version-group/20/"}}, {"flavor_text": "\ud2b9\uc218\ud55c \ub3c5\uc561\uc744 \ub07c\uc5b9\ub294\ub2e4.\n\ub3c5 \uc0c1\ud0dc\uc758 \uc0c1\ub300\uc5d0\uac8c\ub294\n\uc704\ub825\uc774 2\ubc30\uac00 \ub41c\ub2e4.", "language": {"name": "ko", "url": "https://pokeapi.co/api/v2/language/3/"}, "version_group": {"name": "sword-shield", "url": "https://pokeapi.co/api/v2/version-group/20/"}}, {"flavor_text": "\u5c07\u7279\u6b8a\u7684\u6bd2\u6db2\u6f51\u5411\u5c0d\u624b\u3002\n\u653b\u64ca\u9677\u5165\u4e2d\u6bd2\u72c0\u614b\u7684\u5c0d\u624b\u6642\uff0c\n\u5a01\u529b\u6703\u8b8a\u6210\uff12\u500d\u3002", "language": {"name": "zh-Hant", "url": "https://pokeapi.co/api/v2/language/4/"}, "version_group": {"name": "sword-shield", "url": "https://pokeapi.co/api/v2/version-group/20/"}}, {"flavor_text": "Le lanceur inocule un poison sp\u00e9cial \u00e0 l\u2019ennemi.\nL\u2019effet est doubl\u00e9 si l\u2019ennemi est d\u00e9j\u00e0 empoisonn\u00e9.", "language": {"name": "fr", "url": "https://pokeapi.co/api/v2/language/5/"}, "version_group": {"name": "sword-shield", "url": "https://pokeapi.co/api/v2/version-group/20/"}}, {"flavor_text": "\u00dcbersch\u00fcttet das Ziel mit einer speziellen toxischen\nFl\u00fcssigkeit. Doppelt so stark gegen vergiftete Ziele.", "language": {"name": "de", "url": "https://pokeapi.co/api/v2/language/6/"}, "version_group": {"name": "sword-shield", "url": "https://pokeapi.co/api/v2/version-group/20/"}}, {"flavor_text": "Cubre al objetivo con un l\u00edquido venenoso. El da\u00f1o ser\u00e1\ndoble si este ya est\u00e1 envenenado.", "language": {"name": "es", "url": "https://pokeapi.co/api/v2/language/7/"}, "version_group": {"name": "sword-shield", "url": "https://pokeapi.co/api/v2/version-group/20/"}}, {"flavor_text": "Lancia uno speciale liquido tossico sul bersaglio.\nSe questi \u00e8 avvelenato, il danno provocato raddoppia.", "language": {"name": "it", "url": "https://pokeapi.co/api/v2/language/8/"}, "version_group": {"name": "sword-shield", "url": "https://pokeapi.co/api/v2/version-group/20/"}}, {"flavor_text": "The user drenches the target in a special poisonous\nliquid. This move\u2019s power is doubled if the target\nis poisoned.", "language": {"name": "en", "url": "https://pokeapi.co/api/v2/language/9/"}, "version_group": {"name": "sword-shield", "url": "https://pokeapi.co/api/v2/version-group/20/"}}, {"flavor_text": "\u7279\u6b8a\u306a\u3000\u6bd2\u6db2\u3092\u3000\u6d74\u3073\u305b\u304b\u3051\u308b\u3002\n\u6bd2\u72b6\u614b\u306e\u3000\u76f8\u624b\u306b\u306f\n\u5a01\u529b\u304c\u3000\uff12\u500d\u306b\u3000\u306a\u308b\u3002", "language": {"name": "ja", "url": "https://pokeapi.co/api/v2/language/11/"}, "version_group": {"name": "sword-shield", "url": "https://pokeapi.co/api/v2/version-group/20/"}}, {"flavor_text": "\u5c06\u7279\u6b8a\u7684\u6bd2\u6db2\u6cfc\u5411\u5bf9\u624b\u3002\n\u5bf9\u5904\u4e8e\u4e2d\u6bd2\u72b6\u6001\u7684\u5bf9\u624b\uff0c\n\u5a01\u529b\u4f1a\u53d8\u6210\uff12\u500d\u3002", "language": {"name": "zh-Hans", "url": "https://pokeapi.co/api/v2/language/12/"}, "version_group": {"name": "sword-shield", "url": "https://pokeapi.co/api/v2/version-group/20/"}}, {"flavor_text": "The user drenches the target in a special poisonous liquid to inflict damage. This move\u2019s power is doubled if the target has a status condition.", "language": {"name": "en", "url": "https://pokeapi.co/api/v2/language/9/"}, "version_group": {"name": "legends-arceus", "url": "https://pokeapi.co/api/v2/version-group/24/"}}, {"flavor_text": "The user drenches the target in a special poisonous liquid. This move's power is doubled if the target is poisoned.", "language": {"name": "en", "url": "https://pokeapi.co/api/v2/language/9/"}, "version_group": {"name": "scarlet-violet", "url": "https://pokeapi.co/api/v2/version-group/25/"}}], "generation": {"name": "generation-v", "url": "https://pokeapi.co/api/v2/generation/5/"}, "id": 474, "learned_by_pokemon": [{"name": "bulbasaur", "url": "https://pokeapi.co/api/v2/pokemon/1/"}, {"name": "ivysaur", "url": "https://pokeapi.co/api/v2/pokemon/2/"}, {"name": "venusaur", "url": "https://pokeapi.co/api/v2/pokemon/3/"}, {"name": "butterfree", "url": "https://pokeapi.co/api/v2/pokemon/12/"}, {"name": "beedrill", "url": "https://pokeapi.co/api/v2/pokemon/15/"}, {"name": "ekans", "url": "https://pokeapi.co/api/v2/pokemon/23/"}, {"name": "arbok", "url": "https://pokeapi.co/api/v2/pokemon/24/"}, {"name": "nidoran-f", "url": "https://pokeapi.co/api/v2/pokemon/29/"}, {"name": "nidorina", "url": "https://pokeapi.co/api/v2/pokemon/30/"}, {"name": "nidoqueen", "url": "https://pokeapi.co/api/v2/pokemon/31/"}, {"name": "nidoran-m", "url": "https://pokeapi.co/api/v2/pokemon/32/"}, {"name": "nidorino", "url": "https://pokeapi.co/api/v2/pokemon/33/"}, {"name": "nidoking", "url": "https://pokeapi.co/api/v2/pokemon/34/"}, {"name": "zubat", "url": "https://pokeapi.co/api/v2/pokemon/41/"}, {"name": "golbat", "url": "https://pokeapi.co/api/v2/pokemon/42/"}, {"name": "oddish", "url": "https://pokeapi.co/api/v2/pokemon/43/"}, {"name": "gloom", "url": "https://pokeapi.co/api/v2/pokemon/44/"}, {"name": "vileplume", "url": "https://pokeapi.co/api/v2/pokemon/45/"}, {"name": "paras", "url": "https://pokeapi.co/api/v2/pokemon/46/"}, {"name": "parasect", "url": "https://pokeapi.co/api/v2/pokemon/47/"}, {"name": "venonat", "url": "https://pokeapi.co/api/v2/pokemon/48/"}, {"name": "venomoth", "url": "https://pokeapi.co/api/v2/pokemon/49/"}, {"name": "bellsprout", "url": "https://pokeapi.co/api/v2/pokemon/69/"}, {"name": "weepinbell", "url": "https://pokeapi.co/api/v2/pokemon/70/"}, {"name": "victreebel", "url": "https://pokeapi.co/api/v2/pokemon/71/"}, {"name": "tentacool", "url": "https://pokeapi.co/api/v2/pokemon/72/"}, {"name": "tentacruel", "url": "https://pokeapi.co/api/v2/pokemon/73/"}, {"name": "grimer", "url": "https://pokeapi.co/api/v2/pokemon/88/"}, {"name": "muk", "url": "https://pokeapi.co/api/v2/pokemon/89/"}, {"name": "gastly", "url": "https://pokeapi.co/api/v2/pokemon/92/"}, {"name": "haunter", "url": "https://pokeapi.co/api/v2/pokemon/93/"}, {"name": "gengar", "url": "https://pokeapi.co/api/v2/pokemon/94/"}, {"name": "koffing", "url": "https://pokeapi.co/api/v2/pokemon/109/"}, {"name": "weezing", "url": "https://pokeapi.co/api/v2/pokemon/110/"}, {"name": "mew", "url": "https://pokeapi.co/api/v2/pokemon/151/"}, {"name": "spinarak", "url": "https://pokeapi.co/api/v2/pokemon/167/"}, {"name": "ariados", "url": "https://pokeapi.co/api/v2/pokemon/168/"}, {"name": "crobat", "url": "https://pokeapi.co/api/v2/pokemon/169/"}, {"name": "bellossom", "url": "https://pokeapi.co/api/v2/pokemon/182/"}, {"name": "pineco", "url": "https://pokeapi.co/api/v2/pokemon/204/"}, {"name": "forretress", "url": "https://pokeapi.co/api/v2/pokemon/205/"}, {"name": "gligar", "url": "https://pokeapi.co/api/v2/pokemon/207/"}, {"name": "qwilfish", "url": "https://pokeapi.co/api/v2/pokemon/211/"}, {"name": "scizor", "url": "https://pokeapi.co/api/v2/pokemon/212/"}, {"name": "shuckle", "url": "https://pokeapi.co/api/v2/pokemon/213/"}, {"name": "heracross", "url": "https://pokeapi.co/api/v2/pokemon/214/"}, {"name": "beautifly", "url": "https://pokeapi.co/api/v2/pokemon/267/"}, {"name": "dustox", "url": "https://pokeapi.co/api/v2/pokemon/269/"}, {"name": "shroomish", "url": "https://pokeapi.co/api/v2/pokemon/285/"}, {"name": "breloom", "url": "https://pokeapi.co/api/v2/pokemon/286/"}, {"name": "roselia", "url": "https://pokeapi.co/api/v2/pokemon/315/"}, {"name": "gulpin", "url": "https://pokeapi.co/api/v2/pokemon/316/"}, {"name": "swalot", "url": "https://pokeapi.co/api/v2/pokemon/317/"}, {"name": "cacnea", "url": "https://pokeapi.co/api/v2/pokemon/331/"}, {"name": "cacturne", "url": "https://pokeapi.co/api/v2/pokemon/332/"}, {"name": "seviper", "url": "https://pokeapi.co/api/v2/pokemon/336/"}, {"name": "budew", "url": "https://pokeapi.co/api/v2/pokemon/406/"}, {"name": "roserade", "url": "https://pokeapi.co/api/v2/pokemon/407/"}, {"name": "wormadam-plant", "url": "https://pokeapi.co/api/v2/pokemon/413/"}, {"name": "mothim", "url": "https://pokeapi.co/api/v2/pokemon/414/"}, {"name": "vespiquen", "url": "https://pokeapi.co/api/v2/pokemon/416/"}, {"name": "stunky", "url": "https://pokeapi.co/api/v2/pokemon/434/"}, {"name": "skuntank", "url": "https://pokeapi.co/api/v2/pokemon/435/"}, {"name": "skorupi", "url": "https://pokeapi.co/api/v2/pokemon/451/"}, {"name": "drapion", "url": "https://pokeapi.co/api/v2/pokemon/452/"}, {"name": "croagunk", "url": "https://pokeapi.co/api/v2/pokemon/453/"}, {"name": "toxicroak", "url": "https://pokeapi.co/api/v2/pokemon/454/"}, {"name": "gliscor", "url": "https://pokeapi.co/api/v2/pokemon/472/"}, {"name": "seismitoad", "url": "https://pokeapi.co/api/v2/pokemon/537/"}, {"name": "venipede", "url": "https://pokeapi.co/api/v2/pokemon/543/"}, {"name": "whirlipede", "url": "https://pokeapi.co/api/v2/pokemon/544/"}, {"name": "scolipede", "url": "https://pokeapi.co/api/v2/pokemon/545/"}, {"name": "trubbish", "url": "https://pokeapi.co/api/v2/pokemon/568/"}, {"name": "garbodor", "url": "https://pokeapi.co/api/v2/pokemon/569/"}, {"name": "foongus", "url": "https://pokeapi.co/api/v2/pokemon/590/"}, {"name": "amoonguss", "url": "https://pokeapi.co/api/v2/pokemon/591/"}, {"name": "shelmet", "url": "https://pokeapi.co/api/v2/pokemon/616/"}, {"name": "accelgor", "url": "https://pokeapi.co/api/v2/pokemon/617/"}, {"name": "skrelp", "url": "https://pokeapi.co/api/v2/pokemon/690/"}, {"name": "dragalge", "url": "https://pokeapi.co/api/v2/pokemon/691/"}, {"name": "clauncher", "url": "https://pokeapi.co/api/v2/pokemon/692/"}, {"name": "clawitzer", "url": "https://pokeapi.co/api/v2/pokemon/693/"}, {"name": "mareanie", "url": "https://pokeapi.co/api/v2/pokemon/747/"}, {"name": "toxapex", "url": "https://pokeapi.co/api/v2/pokemon/748/"}, {"name": "salandit", "url": "https://pokeapi.co/api/v2/pokemon/757/"}, {"name": "salazzle", "url": "https://pokeapi.co/api/v2/pokemon/758/"}, {"name": "golisopod", "url": "https://pokeapi.co/api/v2/pokemon/768/"}, {"name": "turtonator", "url": "https://pokeapi.co/api/v2/pokemon/776/"}, {"name": "bruxish", "url": "https://pokeapi.co/api/v2/pokemon/779/"}, {"name": "nihilego", "url": "https://pokeapi.co/api/v2/pokemon/793/"}, {"name": "poipole", "url": "https://pokeapi.co/api/v2/pokemon/803/"}, {"name": "naganadel", "url": "https://pokeapi.co/api/v2/pokemon/804/"}, {"name": "toxtricity-amped", "url": "https://pokeapi.co/api/v2/pokemon/849/"}, {"name": "sizzlipede", "url": "https://pokeapi.co/api/v2/pokemon/850/"}, {"name": "centiskorch", "url": "https://pokeapi.co/api/v2/pokemon/851/"}, {"name": "pincurchin", "url": "https://pokeapi.co/api/v2/pokemon/871/"}, {"name": "eternatus", "url": "https://pokeapi.co/api/v2/pokemon/890/"}, {"name": "sneasler", "url": "https://pokeapi.co/api/v2/pokemon/903/"}, {"name": "overqwil", "url": "https://pokeapi.co/api/v2/pokemon/904/"}, {"name": "shroodle", "url": "https://pokeapi.co/api/v2/pokemon/944/"}, {"name": "grafaiai", "url": "https://pokeapi.co/api/v2/pokemon/945/"}, {"name": "toedscool", "url": "https://pokeapi.co/api/v2/pokemon/948/"}, {"name": "toedscruel", "url": "https://pokeapi.co/api/v2/pokemon/949/"}, {"name": "varoom", "url": "https://pokeapi.co/api/v2/pokemon/965/"}, {"name": "revavroom", "url": "https://pokeapi.co/api/v2/pokemon/966/"}, {"name": "glimmet", "url": "https://pokeapi.co/api/v2/pokemon/969/"}, {"name": "glimmora", "url": "https://pokeapi.co/api/v2/pokemon/970/"}, {"name": "clodsire", "url": "https://pokeapi.co/api/v2/pokemon/980/"}, {"name": "brute-bonnet", "url": "https://pokeapi.co/api/v2/pokemon/986/"}, {"name": "iron-moth", "url": "https://pokeapi.co/api/v2/pokemon/994/"}, {"name": "munkidori", "url": "https://pokeapi.co/api/v2/pokemon/1015/"}, {"name": "fezandipiti", "url": "https://pokeapi.co/api/v2/pokemon/1016/"}, {"name": "pecharunt", "url": "https://pokeapi.co/api/v2/pokemon/1025/"}, {"name": "wormadam-sandy", "url": "https://pokeapi.co/api/v2/pokemon/10004/"}, {"name": "wormadam-trash", "url": "https://pokeapi.co/api/v2/pokemon/10005/"}, {"name": "venusaur-mega", "url": "https://pokeapi.co/api/v2/pokemon/10033/"}, {"name": "gengar-mega", "url": "https://pokeapi.co/api/v2/pokemon/10038/"}, {"name": "scizor-mega", "url": "https://pokeapi.co/api/v2/pokemon/10046/"}, {"name": "heracross-mega", "url": "https://pokeapi.co/api/v2/pokemon/10047/"}, {"name": "beedrill-mega", "url": "https://pokeapi.co/api/v2/pokemon/10090/"}, {"name": "raticate-alola", "url": "https://pokeapi.co/api/v2/pokemon/10092/"}, {"name": "raticate-totem-alola", "url": "https://pokeapi.co/api/v2/pokemon/10093/"}, {"name": "grimer-alola", "url": "https://pokeapi.co/api/v2/pokemon/10112/"}, {"name": "muk-alola", "url": "https://pokeapi.co/api/v2/pokemon/10113/"}, {"name": "salazzle-totem", "url": "https://pokeapi.co/api/v2/pokemon/10129/"}, {"name": "slowbro-galar", "url": "https://pokeapi.co/api/v2/pokemon/10165/"}, {"name": "weezing-galar", "url": "https://pokeapi.co/api/v2/pokemon/10167/"}, {"name": "slowking-galar", "url": "https://pokeapi.co/api/v2/pokemon/10172/"}, {"name": "toxtricity-low-key", "url": "https://pokeapi.co/api/v2/pokemon/10184/"}, {"name": "eternatus-eternamax", "url": "https://pokeapi.co/api/v2/pokemon/10190/"}, {"name": "qwilfish-hisui", "url": "https://pokeapi.co/api/v2/pokemon/10234/"}, {"name": "sneasel-hisui", "url": "https://pokeapi.co/api/v2/pokemon/10235/"}, {"name": "wooper-paldea", "url": "https://pokeapi.co/api/v2/pokemon/10253/"}], "machines": [{"machine": {"url": "https://pokeapi.co/api/v2/machine/172/"}, "version_group": {"name": "black-white", "url": "https://pokeapi.co/api/v2/version-group/11/"}}, {"machine": {"url": "https://pokeapi.co/api/v2/machine/175/"}, "version_group": {"name": "black-2-white-2", "url": "https://pokeapi.co/api/v2/version-group/14/"}}, {"machine": {"url": "https://pokeapi.co/api/v2/machine/176/"}, "version_group": {"name": "x-y", "url": "https://pokeapi.co/api/v2/version-group/15/"}}, {"machine": {"url": "https://pokeapi.co/api/v2/machine/177/"}, "version_group": {"name": "omega-ruby-alpha-sapphire", "url": "https://pokeapi.co/api/v2/version-group/16/"}}, {"machine": {"url": "https://pokeapi.co/api/v2/machine/178/"}, "version_group": {"name": "sun-moon", "url": "https://pokeapi.co/api/v2/version-group/17/"}}, {"machine": {"url": "https://pokeapi.co/api/v2/machine/179/"}, "version_group": {"name": "ultra-sun-ultra-moon", "url": "https://pokeapi.co/api/v2/version-group/18/"}}, {"machine": {"url": "https://pokeapi.co/api/v2/machine/1251/"}, "version_group": {"name": "sword-shield", "url": "https://pokeapi.co/api/v2/version-group/20/"}}, {"machine": {"url": "https://pokeapi.co/api/v2/machine/1750/"}, "version_group": {"name": "scarlet-violet", "url": "https://pokeapi.co/api/v2/version-group/25/"}}], "meta": {"ailment": {"name": "none", "url": "https://pokeapi.co/api/v2/move-ailment/0/"}, "ailment_chance": 0, "category": {"name": "damage", "url": "https://pokeapi.co/api/v2/move-category/0/"}, "crit_rate": 0, "drain": 0, "flinch_chance": 0, "healing": 0, "max_hits": null, "max_turns": null, "min_hits": null, "min_turns": null, "stat_chance": 0}, "name": "venoshock", "names": [{"language": {"name": "ja-Hrkt", "url": "https://pokeapi.co/api/v2/language/1/"}, "name": "\u30d9\u30ce\u30e0\u30b7\u30e7\u30c3\u30af"}, {"language": {"name": "ko", "url": "https://pokeapi.co/api/v2/language/3/"}, "name": "\ubca0\ub188\uc1fc\ud06c"}, {"language": {"name": "zh-Hant", "url": "https://pokeapi.co/api/v2/language/4/"}, "name": "\u6bd2\u6db2\u885d\u64ca"}, {"language": {"name": "fr", "url": "https://pokeapi.co/api/v2/language/5/"}, "name": "Choc Venin"}, {"language": {"name": "de", "url": "https://pokeapi.co/api/v2/language/6/"}, "name": "Giftschock"}, {"language": {"name": "es", "url": "https://pokeapi.co/api/v2/language/7/"}, "name": "Carga T\u00f3xica"}, {"language": {"name": "it", "url": "https://pokeapi.co/api/v2/language/8/"}, "name": "Velenoshock"}, {"language": {"name": "en", "url": "https://pokeapi.co/api/v2/language/9/"}, "name": "Venoshock"}, {"language": {"name": "ja", "url": "https://pokeapi.co/api/v2/language/11/"}, "name": "\u30d9\u30ce\u30e0\u30b7\u30e7\u30c3\u30af"}, {"language": {"name": "zh-Hans", "url": "https://pokeapi.co/api/v2/language/12/"}, "name": "\u6bd2\u6db2\u51b2\u51fb"}], "past_values": [], "power": 65, "pp": 10, "priority": 0, "stat_changes": [], "super_contest_effect": null, "target": {"name": "selected-pokemon", "url": "https://pokeapi.co/api/v2/move-target/10/"}, "type": {"name": "poison", "url": "https://pokeapi.co/api/v2/type/4/"}}