{"accuracy": 100, "contest_combos": null, "contest_effect": {"url": "https://pokeapi.co/api/v2/contest-effect/7/"}, "contest_type": {"name": "tough", "url": "https://pokeapi.co/api/v2/contest-type/5/"}, "damage_class": {"name": "status", "url": "https://pokeapi.co/api/v2/move-damage-class/1/"}, "effect_chance": null, "effect_changes": [], "effect_entries": [{"effect": "Lowers the target\u2019s Attack and Special Attack by two stages.  User faints.", "language": {"name": "en", "url": "https://pokeapi.co/api/v2/language/9/"}, "short_effect": "Lowers the target\u2019s Attack and Special Attack by two stages.  User faints."}], "flavor_text_entries": [{"flavor_text": "The user faints and lowers\nthe foe\u2019s abilities.", "language": {"name": "en", "url": "https://pokeapi.co/api/v2/language/9/"}, "version_group": {"name": "ruby-sapphire", "url": "https://pokeapi.co/api/v2/version-group/5/"}}, {"flavor_text": "The user faints and lowers\nthe foe\u2019s abilities.", "language": {"name": "en", "url": "https://pokeapi.co/api/v2/language/9/"}, "version_group": {"name": "emerald", "url": "https://pokeapi.co/api/v2/version-group/6/"}}, {"flavor_text": "The user faints,\nbut sharply lowers\nthe foe\u2019s ATTACK\nand SP. ATK.", "language": {"name": "en", "url": "https://pokeapi.co/api/v2/language/9/"}, "version_group": {"name": "firered-leafgreen", "url": "https://pokeapi.co/api/v2/version-group/7/"}}, {"flavor_text": "The user faints upon\nusing this move.\nIn return, it sharply\nlowers the target\u2019s\nAttack and Sp. Atk.", "language": {"name": "en", "url": "https://pokeapi.co/api/v2/language/9/"}, "version_group": {"name": "diamond-pearl", "url": "https://pokeapi.co/api/v2/version-group/8/"}}, {"flavor_text": "The user faints upon\nusing this move.\nIn return, it sharply\nlowers the target\u2019s\nAttack and Sp. Atk.", "language": {"name": "en", "url": "https://pokeapi.co/api/v2/language/9/"}, "version_group": {"name": "platinum", "url": "https://pokeapi.co/api/v2/version-group/9/"}}, {"flavor_text": "The user faints upon\nusing this move.\nIn return, it sharply\nlowers the target\u2019s\nAttack and Sp. Atk.", "language": {"name": "en", "url": "https://pokeapi.co/api/v2/language/9/"}, "version_group": {"name": "heartgold-soulsilver", "url": "https://pokeapi.co/api/v2/version-group/10/"}}, {"flavor_text": "Le lanceur est mis K.O., mais l\u2019Attaque\net l\u2019Attaque Sp\u00e9ciale de l\u2019ennemi baissent\nbeaucoup.", "language": {"name": "fr", "url": "https://pokeapi.co/api/v2/language/5/"}, "version_group": {"name": "black-white", "url": "https://pokeapi.co/api/v2/version-group/11/"}}, {"flavor_text": "The user faints when using this move.\nIn return, it harshly lowers the target\u2019s\nAttack and Sp. Atk.", "language": {"name": "en", "url": "https://pokeapi.co/api/v2/language/9/"}, "version_group": {"name": "black-white", "url": "https://pokeapi.co/api/v2/version-group/11/"}}, {"flavor_text": "The user faints when using this move.\nIn return, it harshly lowers the target\u2019s\nAttack and Sp. Atk.", "language": {"name": "en", "url": "https://pokeapi.co/api/v2/language/9/"}, "version_group": {"name": "black-2-white-2", "url": "https://pokeapi.co/api/v2/version-group/14/"}}, {"flavor_text": "\u3058\u3076\u3093\u306f\u3000\u3072\u3093\u3057\u306b\u3000\u306a\u308b\u304c\u3000\u305d\u306e\u304b\u308f\u308a\u306b\n\u3042\u3044\u3066\u306e\u3000\u3053\u3046\u3052\u304d\u3068\u3000\u3068\u304f\u3053\u3046\u3092\n\u304c\u304f\u3063\u3068\u3000\u3055\u3052\u308b\u3002", "language": {"name": "ja-Hrkt", "url": "https://pokeapi.co/api/v2/language/1/"}, "version_group": {"name": "x-y", "url": "https://pokeapi.co/api/v2/version-group/15/"}}, {"flavor_text": "\uc790\uc2e0\uc740 \uae30\uc808\ud558\uac8c \ub418\uc9c0\ub9cc \uadf8 \ub300\uc2e0\n\uc0c1\ub300\uc758 \uacf5\uaca9\uacfc \ud2b9\uc218\uacf5\uaca9\uc744\n\ud06c\uac8c \ub5a8\uc5b4\ub728\ub9b0\ub2e4.", "language": {"name": "ko", "url": "https://pokeapi.co/api/v2/language/3/"}, "version_group": {"name": "x-y", "url": "https://pokeapi.co/api/v2/version-group/15/"}}, {"flavor_text": "Le lanceur est mis K.O., mais l\u2019Attaque et\nl\u2019Attaque Sp\u00e9ciale de l\u2019ennemi baissent beaucoup.", "language": {"name": "fr", "url": "https://pokeapi.co/api/v2/language/5/"}, "version_group": {"name": "x-y", "url": "https://pokeapi.co/api/v2/version-group/15/"}}, {"flavor_text": "Der Anwender wird besiegt und senkt den\nAngriffs-Wert und den Spezial-Angriff\ndes Zieles stark.", "language": {"name": "de", "url": "https://pokeapi.co/api/v2/language/6/"}, "version_group": {"name": "x-y", "url": "https://pokeapi.co/api/v2/version-group/15/"}}, {"flavor_text": "El usuario se debilita, pero baja mucho tanto el\nAtaque como el Ataque Especial del objetivo.", "language": {"name": "es", "url": "https://pokeapi.co/api/v2/language/7/"}, "version_group": {"name": "x-y", "url": "https://pokeapi.co/api/v2/version-group/15/"}}, {"flavor_text": "Chi la usa va KO. Tuttavia, riduce di molto\nl\u2019Attacco e l\u2019Attacco Speciale del bersaglio.", "language": {"name": "it", "url": "https://pokeapi.co/api/v2/language/8/"}, "version_group": {"name": "x-y", "url": "https://pokeapi.co/api/v2/version-group/15/"}}, {"flavor_text": "The user faints when using this move.\nIn return, this harshly lowers the target\u2019s\nAttack and Sp. Atk stats.", "language": {"name": "en", "url": "https://pokeapi.co/api/v2/language/9/"}, "version_group": {"name": "x-y", "url": "https://pokeapi.co/api/v2/version-group/15/"}}, {"flavor_text": "\u81ea\u5206\u306f\u3000\u3072\u3093\u3057\u306b\u3000\u306a\u308b\u304c\u3000\u305d\u306e\u304b\u308f\u308a\u306b\n\u76f8\u624b\u306e\u3000\u653b\u6483\u3068\u3000\u7279\u653b\u3092\n\u304c\u304f\u3063\u3068\u3000\u3055\u3052\u308b\u3002", "language": {"name": "ja", "url": "https://pokeapi.co/api/v2/language/11/"}, "version_group": {"name": "x-y", "url": "https://pokeapi.co/api/v2/version-group/15/"}}, {"flavor_text": "\u3058\u3076\u3093\u306f\u3000\u3072\u3093\u3057\u306b\u3000\u306a\u308b\u304c\u3000\u305d\u306e\u304b\u308f\u308a\u306b\n\u3042\u3044\u3066\u306e\u3000\u3053\u3046\u3052\u304d\u3068\u3000\u3068\u304f\u3053\u3046\u3092\n\u304c\u304f\u3063\u3068\u3000\u3055\u3052\u308b\u3002", "language": {"name": "ja-Hrkt", "url": "https://pokeapi.co/api/v2/language/1/"}, "version_group": {"name": "omega-ruby-alpha-sapphire", "url": "https://pokeapi.co/api/v2/version-group/16/"}}, {"flavor_text": "\uc790\uc2e0\uc740 \uae30\uc808\ud558\uac8c \ub418\uc9c0\ub9cc \uadf8 \ub300\uc2e0\n\uc0c1\ub300\uc758 \uacf5\uaca9\uacfc \ud2b9\uc218\uacf5\uaca9\uc744\n\ud06c\uac8c \ub5a8\uc5b4\ub728\ub9b0\ub2e4.", "language": {"name": "ko", "url": "https://pokeapi.co/api/v2/language/3/"}, "version_group": {"name": "omega-ruby-alpha-sapphire", "url": "https://pokeapi.co/api/v2/version-group/16/"}}, {"flavor_text": "Le lanceur est mis K.O., mais l\u2019Attaque et\nl\u2019Attaque Sp\u00e9ciale de l\u2019ennemi baissent beaucoup.", "language": {"name": "fr", "url": "https://pokeapi.co/api/v2/language/5/"}, "version_group": {"name": "omega-ruby-alpha-sapphire", "url": "https://pokeapi.co/api/v2/version-group/16/"}}, {"flavor_text": "Der Anwender wird besiegt. Gleichzeitig werden\nder Angriff und Spezial-Angriff des Zieles stark\ngesenkt.", "language": {"name": "de", "url": "https://pokeapi.co/api/v2/language/6/"}, "version_group": {"name": "omega-ruby-alpha-sapphire", "url": "https://pokeapi.co/api/v2/version-group/16/"}}, {"flavor_text": "El usuario se debilita, pero baja mucho tanto el \nAtaque como el Ataque Especial del objetivo. ", "language": {"name": "es", "url": "https://pokeapi.co/api/v2/language/7/"}, "version_group": {"name": "omega-ruby-alpha-sapphire", "url": "https://pokeapi.co/api/v2/version-group/16/"}}, {"flavor_text": "Chi la usa va KO. Tuttavia, riduce di molto\nl\u2019Attacco e l\u2019Attacco Speciale del bersaglio.", "language": {"name": "it", "url": "https://pokeapi.co/api/v2/language/8/"}, "version_group": {"name": "omega-ruby-alpha-sapphire", "url": "https://pokeapi.co/api/v2/version-group/16/"}}, {"flavor_text": "The user faints when using this move.\nIn return, this harshly lowers the target\u2019s\nAttack and Sp. Atk stats.", "language": {"name": "en", "url": "https://pokeapi.co/api/v2/language/9/"}, "version_group": {"name": "omega-ruby-alpha-sapphire", "url": "https://pokeapi.co/api/v2/version-group/16/"}}, {"flavor_text": "\u81ea\u5206\u306f\u3000\u3072\u3093\u3057\u306b\u3000\u306a\u308b\u304c\u3000\u305d\u306e\u304b\u308f\u308a\u306b\n\u76f8\u624b\u306e\u3000\u653b\u6483\u3068\u3000\u7279\u653b\u3092\n\u304c\u304f\u3063\u3068\u3000\u3055\u3052\u308b\u3002", "language": {"name": "ja", "url": "https://pokeapi.co/api/v2/language/11/"}, "version_group": {"name": "omega-ruby-alpha-sapphire", "url": "https://pokeapi.co/api/v2/version-group/16/"}}, {"flavor_text": "\u3058\u3076\u3093\u306f\u3000\u3072\u3093\u3057\u306b\u3000\u306a\u308b\u304c\u3000\u305d\u306e\u304b\u308f\u308a\u306b\n\u3042\u3044\u3066\u306e\u3000\u3053\u3046\u3052\u304d\u3068\u3000\u3068\u304f\u3053\u3046\u3092\n\u304c\u304f\u3063\u3068\u3000\u3055\u3052\u308b\u3002", "language": {"name": "ja-Hrkt", "url": "https://pokeapi.co/api/v2/language/1/"}, "version_group": {"name": "sun-moon", "url": "https://pokeapi.co/api/v2/version-group/17/"}}, {"flavor_text": "\uc790\uc2e0\uc740 \uae30\uc808\ud558\uac8c \ub418\uc9c0\ub9cc \uadf8 \ub300\uc2e0\n\uc0c1\ub300\uc758 \uacf5\uaca9\uacfc \ud2b9\uc218\uacf5\uaca9\uc744\n\ud06c\uac8c \ub5a8\uc5b4\ub728\ub9b0\ub2e4.", "language": {"name": "ko", "url": "https://pokeapi.co/api/v2/language/3/"}, "version_group": {"name": "sun-moon", "url": "https://pokeapi.co/api/v2/version-group/17/"}}, {"flavor_text": "\u96d6\u7136\u81ea\u5df1\u6703\u9677\u5165\u7015\u6b7b\uff0c\n\u4f46\u53ef\u4ee5\u5927\u5e45\u964d\u4f4e\n\u5c0d\u624b\u7684\u653b\u64ca\u548c\u7279\u653b\u3002", "language": {"name": "zh-Hant", "url": "https://pokeapi.co/api/v2/language/4/"}, "version_group": {"name": "sun-moon", "url": "https://pokeapi.co/api/v2/version-group/17/"}}, {"flavor_text": "Le lanceur est mis K.O., mais l\u2019Attaque et\nl\u2019Attaque Sp\u00e9ciale de l\u2019ennemi baissent beaucoup.", "language": {"name": "fr", "url": "https://pokeapi.co/api/v2/language/5/"}, "version_group": {"name": "sun-moon", "url": "https://pokeapi.co/api/v2/version-group/17/"}}, {"flavor_text": "Der Anwender wird besiegt. Gleichzeitig werden der\nAngriff und Spezial-Angriff des Zieles stark gesenkt.", "language": {"name": "de", "url": "https://pokeapi.co/api/v2/language/6/"}, "version_group": {"name": "sun-moon", "url": "https://pokeapi.co/api/v2/version-group/17/"}}, {"flavor_text": "El usuario se debilita, pero baja mucho tanto el \nAtaque como el Ataque Especial del objetivo. ", "language": {"name": "es", "url": "https://pokeapi.co/api/v2/language/7/"}, "version_group": {"name": "sun-moon", "url": "https://pokeapi.co/api/v2/version-group/17/"}}, {"flavor_text": "Chi la usa va KO. Tuttavia, riduce di molto\nl\u2019Attacco e l\u2019Attacco Speciale del bersaglio.", "language": {"name": "it", "url": "https://pokeapi.co/api/v2/language/8/"}, "version_group": {"name": "sun-moon", "url": "https://pokeapi.co/api/v2/version-group/17/"}}, {"flavor_text": "The user faints when using this move. In return, this\nharshly lowers the target\u2019s Attack and Sp. Atk stats.", "language": {"name": "en", "url": "https://pokeapi.co/api/v2/language/9/"}, "version_group": {"name": "sun-moon", "url": "https://pokeapi.co/api/v2/version-group/17/"}}, {"flavor_text": "\u81ea\u5206\u306f\u3000\u3072\u3093\u3057\u306b\u3000\u306a\u308b\u304c\u3000\u305d\u306e\u304b\u308f\u308a\u306b\n\u76f8\u624b\u306e\u3000\u653b\u6483\u3068\u3000\u7279\u653b\u3092\n\u304c\u304f\u3063\u3068\u3000\u3055\u3052\u308b\u3002", "language": {"name": "ja", "url": "https://pokeapi.co/api/v2/language/11/"}, "version_group": {"name": "sun-moon", "url": "https://pokeapi.co/api/v2/version-group/17/"}}, {"flavor_text": "\u867d\u7136\u4f1a\u4f7f\u81ea\u5df1\u9677\u5165\u6fd2\u6b7b\uff0c\n\u4f46\u662f\u80fd\u591f\u5927\u5e45\u964d\u4f4e\n\u5bf9\u624b\u7684\u653b\u51fb\u548c\u7279\u653b\u3002", "language": {"name": "zh-Hans", "url": "https://pokeapi.co/api/v2/language/12/"}, "version_group": {"name": "sun-moon", "url": "https://pokeapi.co/api/v2/version-group/17/"}}, {"flavor_text": "\u3058\u3076\u3093\u306f\u3000\u3072\u3093\u3057\u306b\u3000\u306a\u308b\u304c\u3000\u305d\u306e\u304b\u308f\u308a\u306b\n\u3042\u3044\u3066\u306e\u3000\u3053\u3046\u3052\u304d\u3068\u3000\u3068\u304f\u3053\u3046\u3092\n\u304c\u304f\u3063\u3068\u3000\u3055\u3052\u308b\u3002", "language": {"name": "ja-Hrkt", "url": "https://pokeapi.co/api/v2/language/1/"}, "version_group": {"name": "ultra-sun-ultra-moon", "url": "https://pokeapi.co/api/v2/version-group/18/"}}, {"flavor_text": "\uc790\uc2e0\uc740 \uae30\uc808\ud558\uac8c \ub418\uc9c0\ub9cc \uadf8 \ub300\uc2e0\n\uc0c1\ub300\uc758 \uacf5\uaca9\uacfc \ud2b9\uc218\uacf5\uaca9\uc744\n\ud06c\uac8c \ub5a8\uc5b4\ub728\ub9b0\ub2e4.", "language": {"name": "ko", "url": "https://pokeapi.co/api/v2/language/3/"}, "version_group": {"name": "ultra-sun-ultra-moon", "url": "https://pokeapi.co/api/v2/version-group/18/"}}, {"flavor_text": "\u96d6\u7136\u81ea\u5df1\u6703\u9677\u5165\u7015\u6b7b\uff0c\n\u4f46\u53ef\u4ee5\u5927\u5e45\u964d\u4f4e\n\u5c0d\u624b\u7684\u653b\u64ca\u548c\u7279\u653b\u3002", "language": {"name": "zh-Hant", "url": "https://pokeapi.co/api/v2/language/4/"}, "version_group": {"name": "ultra-sun-ultra-moon", "url": "https://pokeapi.co/api/v2/version-group/18/"}}, {"flavor_text": "Le lanceur est mis K.O., mais l\u2019Attaque et\nl\u2019Attaque Sp\u00e9ciale de l\u2019ennemi baissent beaucoup.", "language": {"name": "fr", "url": "https://pokeapi.co/api/v2/language/5/"}, "version_group": {"name": "ultra-sun-ultra-moon", "url": "https://pokeapi.co/api/v2/version-group/18/"}}, {"flavor_text": "Der Anwender wird besiegt. Gleichzeitig werden der\nAngriff und Spezial-Angriff des Zieles stark gesenkt.", "language": {"name": "de", "url": "https://pokeapi.co/api/v2/language/6/"}, "version_group": {"name": "ultra-sun-ultra-moon", "url": "https://pokeapi.co/api/v2/version-group/18/"}}, {"flavor_text": "El usuario se debilita, pero baja mucho tanto el \nAtaque como el Ataque Especial del objetivo. ", "language": {"name": "es", "url": "https://pokeapi.co/api/v2/language/7/"}, "version_group": {"name": "ultra-sun-ultra-moon", "url": "https://pokeapi.co/api/v2/version-group/18/"}}, {"flavor_text": "Chi la usa va KO. Tuttavia, riduce di molto\nl\u2019Attacco e l\u2019Attacco Speciale del bersaglio.", "language": {"name": "it", "url": "https://pokeapi.co/api/v2/language/8/"}, "version_group": {"name": "ultra-sun-ultra-moon", "url": "https://pokeapi.co/api/v2/version-group/18/"}}, {"flavor_text": "The user faints when using this move. In return, this\nharshly lowers the target\u2019s Attack and Sp. Atk stats.", "language": {"name": "en", "url": "https://pokeapi.co/api/v2/language/9/"}, "version_group": {"name": "ultra-sun-ultra-moon", "url": "https://pokeapi.co/api/v2/version-group/18/"}}, {"flavor_text": "\u81ea\u5206\u306f\u3000\u3072\u3093\u3057\u306b\u3000\u306a\u308b\u304c\u3000\u305d\u306e\u304b\u308f\u308a\u306b\n\u76f8\u624b\u306e\u3000\u653b\u6483\u3068\u3000\u7279\u653b\u3092\n\u304c\u304f\u3063\u3068\u3000\u3055\u3052\u308b\u3002", "language": {"name": "ja", "url": "https://pokeapi.co/api/v2/language/11/"}, "version_group": {"name": "ultra-sun-ultra-moon", "url": "https://pokeapi.co/api/v2/version-group/18/"}}, {"flavor_text": "\u867d\u7136\u4f1a\u4f7f\u81ea\u5df1\u9677\u5165\u6fd2\u6b7b\uff0c\n\u4f46\u662f\u80fd\u591f\u5927\u5e45\u964d\u4f4e\n\u5bf9\u624b\u7684\u653b\u51fb\u548c\u7279\u653b\u3002", "language": {"name": "zh-Hans", "url": "https://pokeapi.co/api/v2/language/12/"}, "version_group": {"name": "ultra-sun-ultra-moon", "url": "https://pokeapi.co/api/v2/version-group/18/"}}, {"flavor_text": "\u3058\u3076\u3093\u306f\u3000\u3072\u3093\u3057\u306b\u3000\u306a\u308b\u304c\u3000\u305d\u306e\u304b\u308f\u308a\u306b\n\u3042\u3044\u3066\u306e\u3000\u3053\u3046\u3052\u304d\u3068\u3000\u3068\u304f\u3053\u3046\u3092\n\u304c\u304f\u3063\u3068\u3000\u3055\u3052\u308b\u3002", "language": {"name": "ja-Hrkt", "url": "https://pokeapi.co/api/v2/language/1/"}, "version_group": {"name": "lets-go-pikachu-lets-go-eevee", "url": "https://pokeapi.co/api/v2/version-group/19/"}}, {"flavor_text": "\uc790\uc2e0\uc740 \uae30\uc808\ud558\uac8c \ub418\uc9c0\ub9cc \uadf8 \ub300\uc2e0\n\uc0c1\ub300\uc758 \uacf5\uaca9\uacfc \ud2b9\uc218\uacf5\uaca9\uc744\n\ud06c\uac8c \ub5a8\uc5b4\ub728\ub9b0\ub2e4.", "language": {"name": "ko", "url": "https://pokeapi.co/api/v2/language/3/"}, "version_group": {"name": "lets-go-pikachu-lets-go-eevee", "url": "https://pokeapi.co/api/v2/version-group/19/"}}, {"flavor_text": "\u96d6\u7136\u81ea\u5df1\u6703\u9677\u5165\u7015\u6b7b\uff0c\n\u4f46\u53ef\u4ee5\u5927\u5e45\u964d\u4f4e\n\u5c0d\u624b\u7684\u653b\u64ca\u548c\u7279\u653b\u3002", "language": {"name": "zh-Hant", "url": "https://pokeapi.co/api/v2/language/4/"}, "version_group": {"name": "lets-go-pikachu-lets-go-eevee", "url": "https://pokeapi.co/api/v2/version-group/19/"}}, {"flavor_text": "Le lanceur est mis K.O., mais l\u2019Attaque et l\u2019Attaque\nSp\u00e9ciale de l\u2019ennemi baissent beaucoup.", "language": {"name": "fr", "url": "https://pokeapi.co/api/v2/language/5/"}, "version_group": {"name": "lets-go-pikachu-lets-go-eevee", "url": "https://pokeapi.co/api/v2/version-group/19/"}}, {"flavor_text": "Der Anwender wird besiegt. Gleichzeitig werden der\nAngriff und Spezial-Angriff des Zieles stark gesenkt.", "language": {"name": "de", "url": "https://pokeapi.co/api/v2/language/6/"}, "version_group": {"name": "lets-go-pikachu-lets-go-eevee", "url": "https://pokeapi.co/api/v2/version-group/19/"}}, {"flavor_text": "El usuario se debilita, pero baja mucho tanto el \nAtaque como el Ataque Especial del objetivo. ", "language": {"name": "es", "url": "https://pokeapi.co/api/v2/language/7/"}, "version_group": {"name": "lets-go-pikachu-lets-go-eevee", "url": "https://pokeapi.co/api/v2/version-group/19/"}}, {"flavor_text": "Chi la usa va KO. Tuttavia, riduce di molto\nl\u2019Attacco e l\u2019Attacco Speciale del bersaglio.", "language": {"name": "it", "url": "https://pokeapi.co/api/v2/language/8/"}, "version_group": {"name": "lets-go-pikachu-lets-go-eevee", "url": "https://pokeapi.co/api/v2/version-group/19/"}}, {"flavor_text": "The user faints when using this move. In return, this\nharshly lowers the target\u2019s Attack and Sp. Atk stats.", "language": {"name": "en", "url": "https://pokeapi.co/api/v2/language/9/"}, "version_group": {"name": "lets-go-pikachu-lets-go-eevee", "url": "https://pokeapi.co/api/v2/version-group/19/"}}, {"flavor_text": "\u81ea\u5206\u306f\u3000\u3072\u3093\u3057\u306b\u3000\u306a\u308b\u304c\u3000\u305d\u306e\u304b\u308f\u308a\u306b\n\u76f8\u624b\u306e\u3000\u653b\u6483\u3068\u3000\u7279\u653b\u3092\n\u304c\u304f\u3063\u3068\u3000\u3055\u3052\u308b\u3002", "language": {"name": "ja", "url": "https://pokeapi.co/api/v2/language/11/"}, "version_group": {"name": "lets-go-pikachu-lets-go-eevee", "url": "https://pokeapi.co/api/v2/version-group/19/"}}, {"flavor_text": "\u867d\u7136\u4f1a\u4f7f\u81ea\u5df1\u9677\u5165\u6fd2\u6b7b\uff0c\n\u4f46\u662f\u80fd\u591f\u5927\u5e45\u964d\u4f4e\n\u5bf9\u624b\u7684\u653b\u51fb\u548c\u7279\u653b\u3002", "language": {"name": "zh-Hans", "url": "https://pokeapi.co/api/v2/language/12/"}, "version_group": {"name": "lets-go-pikachu-lets-go-eevee", "url": "https://pokeapi.co/api/v2/version-group/19/"}}, {"flavor_text": "\u3058\u3076\u3093\u306f\u3000\u3072\u3093\u3057\u306b\u3000\u306a\u308b\u304c\u3000\u305d\u306e\u304b\u308f\u308a\u306b\n\u3042\u3044\u3066\u306e\u3000\u3053\u3046\u3052\u304d\u3068\u3000\u3068\u304f\u3053\u3046\u3092\n\u304c\u304f\u3063\u3068\u3000\u3055\u3052\u308b\u3002", "language": {"name": "ja-Hrkt", "url": "https://pokeapi.co/api/v2/language/1/"}, "version_group": {"name": "sword-shield", "url": "https://pokeapi.co/api/v2/version-group/20/"}}, {"flavor_text": "\uc790\uc2e0\uc740 \uae30\uc808\ud558\uac8c \ub418\uc9c0\ub9cc \uadf8 \ub300\uc2e0\n\uc0c1\ub300\uc758 \uacf5\uaca9\uacfc \ud2b9\uc218\uacf5\uaca9\uc744\n\ud06c\uac8c \ub5a8\uc5b4\ub728\ub9b0\ub2e4.", "language": {"name": "ko", "url": "https://pokeapi.co/api/v2/language/3/"}, "version_group": {"name": "sword-shield", "url": "https://pokeapi.co/api/v2/version-group/20/"}}, {"flavor_text": "\u96d6\u7136\u81ea\u5df1\u6703\u9677\u5165\u7015\u6b7b\uff0c\n\u4f46\u53ef\u4ee5\u5927\u5e45\u964d\u4f4e\n\u5c0d\u624b\u7684\u653b\u64ca\u548c\u7279\u653b\u3002", "language": {"name": "zh-Hant", "url": "https://pokeapi.co/api/v2/language/4/"}, "version_group": {"name": "sword-shield", "url": "https://pokeapi.co/api/v2/version-group/20/"}}, {"flavor_text": "Le lanceur est mis K.O., mais l\u2019Attaque et\nl\u2019Attaque Sp\u00e9ciale de l\u2019ennemi baissent beaucoup.", "language": {"name": "fr", "url": "https://pokeapi.co/api/v2/language/5/"}, "version_group": {"name": "sword-shield", "url": "https://pokeapi.co/api/v2/version-group/20/"}}, {"flavor_text": "Der Anwender wird besiegt. Gleichzeitig werden der\nAngriff und Spezial-Angriff des Zieles stark gesenkt.", "language": {"name": "de", "url": "https://pokeapi.co/api/v2/language/6/"}, "version_group": {"name": "sword-shield", "url": "https://pokeapi.co/api/v2/version-group/20/"}}, {"flavor_text": "El usuario se debilita, pero baja mucho tanto el \nAtaque como el Ataque Especial del objetivo. ", "language": {"name": "es", "url": "https://pokeapi.co/api/v2/language/7/"}, "version_group": {"name": "sword-shield", "url": "https://pokeapi.co/api/v2/version-group/20/"}}, {"flavor_text": "Chi la usa va KO. Tuttavia, riduce di molto\nl\u2019Attacco e l\u2019Attacco Speciale del bersaglio.", "language": {"name": "it", "url": "https://pokeapi.co/api/v2/language/8/"}, "version_group": {"name": "sword-shield", "url": "https://pokeapi.co/api/v2/version-group/20/"}}, {"flavor_text": "The user faints when using this move. In return, this\nharshly lowers the target\u2019s Attack and Sp. Atk stats.", "language": {"name": "en", "url": "https://pokeapi.co/api/v2/language/9/"}, "version_group": {"name": "sword-shield", "url": "https://pokeapi.co/api/v2/version-group/20/"}}, {"flavor_text": "\u81ea\u5206\u306f\u3000\u3072\u3093\u3057\u306b\u3000\u306a\u308b\u304c\u3000\u305d\u306e\u304b\u308f\u308a\u306b\n\u76f8\u624b\u306e\u3000\u653b\u6483\u3068\u3000\u7279\u653b\u3092\n\u304c\u304f\u3063\u3068\u3000\u3055\u3052\u308b\u3002", "language": {"name": "ja", "url": "https://pokeapi.co/api/v2/language/11/"}, "version_group": {"name": "sword-shield", "url": "https://pokeapi.co/api/v2/version-group/20/"}}, {"flavor_text": "\u867d\u7136\u4f1a\u4f7f\u81ea\u5df1\u9677\u5165\u6fd2\u6b7b\uff0c\n\u4f46\u662f\u80fd\u591f\u5927\u5e45\u964d\u4f4e\n\u5bf9\u624b\u7684\u653b\u51fb\u548c\u7279\u653b\u3002", "language": {"name": "zh-Hans", "url": "https://pokeapi.co/api/v2/language/12/"}, "version_group": {"name": "sword-shield", "url": "https://pokeapi.co/api/v2/version-group/20/"}}, {"flavor_text": "The user faints when using this move. In return, this harshly lowers the target's Attack and Sp. Atk stats.", "language": {"name": "en", "url": "https://pokeapi.co/api/v2/language/9/"}, "version_group": {"name": "legends-arceus", "url": "https://pokeapi.co/api/v2/version-group/24/"}}, {"flavor_text": "The user faints. In return, the target's Attack and Sp. Atk stats are harshly lowered.", "language": {"name": "en", "url": "https://pokeapi.co/api/v2/language/9/"}, "version_group": {"name": "scarlet-violet", "url": "https://pokeapi.co/api/v2/version-group/25/"}}], "generation": {"name": "generation-iii", "url": "https://pokeapi.co/api/v2/generation/3/"}, "id": 262, "learned_by_pokemon": [{"name": "vulpix", "url": "https://pokeapi.co/api/v2/pokemon/37/"}, {"name": "ninetales", "url": "https://pokeapi.co/api/v2/pokemon/38/"}, {"name": "diglett", "url": "https://pokeapi.co/api/v2/pokemon/50/"}, {"name": "grimer", "url": "https://pokeapi.co/api/v2/pokemon/88/"}, {"name": "muk", "url": "https://pokeapi.co/api/v2/pokemon/89/"}, {"name": "koffing", "url": "https://pokeapi.co/api/v2/pokemon/109/"}, {"name": "weezing", "url": "https://pokeapi.co/api/v2/pokemon/110/"}, {"name": "hoppip", "url": "https://pokeapi.co/api/v2/pokemon/187/"}, {"name": "skiploom", "url": "https://pokeapi.co/api/v2/pokemon/188/"}, {"name": "jumpluff", "url": "https://pokeapi.co/api/v2/pokemon/189/"}, {"name": "misdreavus", "url": "https://pokeapi.co/api/v2/pokemon/200/"}, {"name": "slugma", "url": "https://pokeapi.co/api/v2/pokemon/218/"}, {"name": "magcargo", "url": "https://pokeapi.co/api/v2/pokemon/219/"}, {"name": "delibird", "url": "https://pokeapi.co/api/v2/pokemon/225/"}, {"name": "ralts", "url": "https://pokeapi.co/api/v2/pokemon/280/"}, {"name": "duskull", "url": "https://pokeapi.co/api/v2/pokemon/355/"}, {"name": "dusclops", "url": "https://pokeapi.co/api/v2/pokemon/356/"}, {"name": "latios", "url": "https://pokeapi.co/api/v2/pokemon/381/"}, {"name": "shellos", "url": "https://pokeapi.co/api/v2/pokemon/422/"}, {"name": "gastrodon", "url": "https://pokeapi.co/api/v2/pokemon/423/"}, {"name": "drifloon", "url": "https://pokeapi.co/api/v2/pokemon/425/"}, {"name": "stunky", "url": "https://pokeapi.co/api/v2/pokemon/434/"}, {"name": "skuntank", "url": "https://pokeapi.co/api/v2/pokemon/435/"}, {"name": "spiritomb", "url": "https://pokeapi.co/api/v2/pokemon/442/"}, {"name": "dusknoir", "url": "https://pokeapi.co/api/v2/pokemon/477/"}, {"name": "uxie", "url": "https://pokeapi.co/api/v2/pokemon/480/"}, {"name": "cottonee", "url": "https://pokeapi.co/api/v2/pokemon/546/"}, {"name": "whimsicott", "url": "https://pokeapi.co/api/v2/pokemon/547/"}, {"name": "yamask", "url": "https://pokeapi.co/api/v2/pokemon/562/"}, {"name": "zorua", "url": "https://pokeapi.co/api/v2/pokemon/570/"}, {"name": "litwick", "url": "https://pokeapi.co/api/v2/pokemon/607/"}, {"name": "lampent", "url": "https://pokeapi.co/api/v2/pokemon/608/"}, {"name": "chandelure", "url": "https://pokeapi.co/api/v2/pokemon/609/"}, {"name": "pyukumuku", "url": "https://pokeapi.co/api/v2/pokemon/771/"}, {"name": "sinistea", "url": "https://pokeapi.co/api/v2/pokemon/854/"}, {"name": "polteageist", "url": "https://pokeapi.co/api/v2/pokemon/855/"}, {"name": "pincurchin", "url": "https://pokeapi.co/api/v2/pokemon/871/"}, {"name": "tarountula", "url": "https://pokeapi.co/api/v2/pokemon/917/"}, {"name": "smoliv", "url": "https://pokeapi.co/api/v2/pokemon/928/"}, {"name": "rellor", "url": "https://pokeapi.co/api/v2/pokemon/953/"}, {"name": "wiglett", "url": "https://pokeapi.co/api/v2/pokemon/960/"}, {"name": "bombirdier", "url": "https://pokeapi.co/api/v2/pokemon/962/"}, {"name": "glimmet", "url": "https://pokeapi.co/api/v2/pokemon/969/"}, {"name": "greavard", "url": "https://pokeapi.co/api/v2/pokemon/971/"}, {"name": "tatsugiri-curly", "url": "https://pokeapi.co/api/v2/pokemon/978/"}, {"name": "flutter-mane", "url": "https://pokeapi.co/api/v2/pokemon/987/"}, {"name": "gholdengo", "url": "https://pokeapi.co/api/v2/pokemon/1000/"}, {"name": "ting-lu", "url": "https://pokeapi.co/api/v2/pokemon/1003/"}, {"name": "chi-yu", "url": "https://pokeapi.co/api/v2/pokemon/1004/"}, {"name": "poltchageist", "url": "https://pokeapi.co/api/v2/pokemon/1012/"}, {"name": "sinistcha", "url": "https://pokeapi.co/api/v2/pokemon/1013/"}, {"name": "pecharunt", "url": "https://pokeapi.co/api/v2/pokemon/1025/"}, {"name": "latios-mega", "url": "https://pokeapi.co/api/v2/pokemon/10063/"}, {"name": "diglett-alola", "url": "https://pokeapi.co/api/v2/pokemon/10105/"}, {"name": "grimer-alola", "url": "https://pokeapi.co/api/v2/pokemon/10112/"}, {"name": "muk-alola", "url": "https://pokeapi.co/api/v2/pokemon/10113/"}, {"name": "weezing-galar", "url": "https://pokeapi.co/api/v2/pokemon/10167/"}, {"name": "moltres-galar", "url": "https://pokeapi.co/api/v2/pokemon/10171/"}, {"name": "yamask-galar", "url": "https://pokeapi.co/api/v2/pokemon/10179/"}, {"name": "zorua-hisui", "url": "https://pokeapi.co/api/v2/pokemon/10238/"}, {"name": "tatsugiri-droopy", "url": "https://pokeapi.co/api/v2/pokemon/10258/"}, {"name": "tatsugiri-stretchy", "url": "https://pokeapi.co/api/v2/pokemon/10259/"}], "machines": [], "meta": {"ailment": {"name": "none", "url": "https://pokeapi.co/api/v2/move-ailment/0/"}, "ailment_chance": 0, "category": {"name": "unique", "url": "https://pokeapi.co/api/v2/move-category/13/"}, "crit_rate": 0, "drain": 0, "flinch_chance": 0, "healing": 0, "max_hits": null, "max_turns": null, "min_hits": null, "min_turns": null, "stat_chance": 0}, "name": "memento", "names": [{"language": {"name": "ja-Hrkt", "url": "https://pokeapi.co/api/v2/language/1/"}, "name": "\u304a\u304d\u307f\u3084\u3052"}, {"language": {"name": "ko", "url": "https://pokeapi.co/api/v2/language/3/"}, "name": "\ucd94\uc5b5\uc758\uc120\ubb3c"}, {"language": {"name": "zh-Hant", "url": "https://pokeapi.co/api/v2/language/4/"}, "name": "\u81e8\u5225\u79ae\u7269"}, {"language": {"name": "fr", "url": "https://pokeapi.co/api/v2/language/5/"}, "name": "Souvenir"}, {"language": {"name": "de", "url": "https://pokeapi.co/api/v2/language/6/"}, "name": "Memento-Mori"}, {"language": {"name": "es", "url": "https://pokeapi.co/api/v2/language/7/"}, "name": "Legado"}, {"language": {"name": "it", "url": "https://pokeapi.co/api/v2/language/8/"}, "name": "Memento"}, {"language": {"name": "en", "url": "https://pokeapi.co/api/v2/language/9/"}, "name": "Memento"}, {"language": {"name": "ja", "url": "https://pokeapi.co/api/v2/language/11/"}, "name": "\u304a\u304d\u307f\u3084\u3052"}, {"language": {"name": "zh-Hans", "url": "https://pokeapi.co/api/v2/language/12/"}, "name": "\u4e34\u522b\u793c\u7269"}], "past_values": [], "power": null, "pp": 10, "priority": 0, "stat_changes": [{"change": -2, "stat": {"name": "attack", "url": "https://pokeapi.co/api/v2/stat/2/"}}, {"change": -2, "stat": {"name": "special-attack", "url": "https://pokeapi.co/api/v2/stat/4/"}}], "super_contest_effect": {"url": "https://pokeapi.co/api/v2/super-contest-effect/9/"}, "target": {"name": "selected-pokemon", "url": "https://pokeapi.co/api/v2/move-target/10/"}, "type": {"name": "dark", "url": "https://pokeapi.co/api/v2/type/17/"}}