{"accuracy": 100, "contest_combos": {"normal": {"use_after": [{"name": "dragon-breath", "url": "https://pokeapi.co/api/v2/move/225/"}, {"name": "dragon-dance", "url": "https://pokeapi.co/api/v2/move/349/"}], "use_before": [{"name": "dragon-breath", "url": "https://pokeapi.co/api/v2/move/225/"}, {"name": "dragon-claw", "url": "https://pokeapi.co/api/v2/move/337/"}, {"name": "dragon-dance", "url": "https://pokeapi.co/api/v2/move/349/"}]}, "super": {"use_after": null, "use_before": null}}, "contest_effect": {"url": "https://pokeapi.co/api/v2/contest-effect/26/"}, "contest_type": {"name": "cool", "url": "https://pokeapi.co/api/v2/contest-type/1/"}, "damage_class": {"name": "special", "url": "https://pokeapi.co/api/v2/move-damage-class/3/"}, "effect_chance": null, "effect_changes": [], "effect_entries": [{"effect": "Inflicts exactly 40 damage.", "language": {"name": "en", "url": "https://pokeapi.co/api/v2/language/9/"}, "short_effect": "Inflicts 40 points of damage."}], "flavor_text_entries": [{"flavor_text": "Always inflicts\n40HP damage.", "language": {"name": "en", "url": "https://pokeapi.co/api/v2/language/9/"}, "version_group": {"name": "gold-silver", "url": "https://pokeapi.co/api/v2/version-group/3/"}}, {"flavor_text": "Always inflicts\n40HP damage.", "language": {"name": "en", "url": "https://pokeapi.co/api/v2/language/9/"}, "version_group": {"name": "crystal", "url": "https://pokeapi.co/api/v2/version-group/4/"}}, {"flavor_text": "Launches shock waves that\nalways inflict 40 HP damage.", "language": {"name": "en", "url": "https://pokeapi.co/api/v2/language/9/"}, "version_group": {"name": "ruby-sapphire", "url": "https://pokeapi.co/api/v2/version-group/5/"}}, {"flavor_text": "Launches shock waves that\nalways inflict 40 HP damage.", "language": {"name": "en", "url": "https://pokeapi.co/api/v2/language/9/"}, "version_group": {"name": "emerald", "url": "https://pokeapi.co/api/v2/version-group/6/"}}, {"flavor_text": "The foe is hit with\na shock wave that\nalways inflicts 40-\nHP damage.", "language": {"name": "en", "url": "https://pokeapi.co/api/v2/language/9/"}, "version_group": {"name": "firered-leafgreen", "url": "https://pokeapi.co/api/v2/version-group/7/"}}, {"flavor_text": "The foe is stricken\nby a shock wave.\nThis attack always\ninflicts 40 HP\ndamage.", "language": {"name": "en", "url": "https://pokeapi.co/api/v2/language/9/"}, "version_group": {"name": "diamond-pearl", "url": "https://pokeapi.co/api/v2/version-group/8/"}}, {"flavor_text": "The foe is stricken\nby a shock wave.\nThis attack always\ninflicts 40 HP\ndamage.", "language": {"name": "en", "url": "https://pokeapi.co/api/v2/language/9/"}, "version_group": {"name": "platinum", "url": "https://pokeapi.co/api/v2/version-group/9/"}}, {"flavor_text": "The foe is stricken\nby a shock wave.\nThis attack always\ninflicts 40 HP\ndamage.", "language": {"name": "en", "url": "https://pokeapi.co/api/v2/language/9/"}, "version_group": {"name": "heartgold-soulsilver", "url": "https://pokeapi.co/api/v2/version-group/10/"}}, {"flavor_text": "La col\u00e8re du lanceur d\u00e9clenche une onde\nde choc destructrice qui inflige\ntoujours 40 PV de d\u00e9g\u00e2ts.", "language": {"name": "fr", "url": "https://pokeapi.co/api/v2/language/5/"}, "version_group": {"name": "black-white", "url": "https://pokeapi.co/api/v2/version-group/11/"}}, {"flavor_text": "This attack hits the target with a shock\nwave of pure rage. This attack always\ninflicts 40 HP damage.", "language": {"name": "en", "url": "https://pokeapi.co/api/v2/language/9/"}, "version_group": {"name": "black-white", "url": "https://pokeapi.co/api/v2/version-group/11/"}}, {"flavor_text": "This attack hits the target with a shock\nwave of pure rage. This attack always\ninflicts 40 HP damage.", "language": {"name": "en", "url": "https://pokeapi.co/api/v2/language/9/"}, "version_group": {"name": "black-2-white-2", "url": "https://pokeapi.co/api/v2/version-group/14/"}}, {"flavor_text": "\u3044\u304b\u308a\u306e\u3000\u3057\u3087\u3046\u3052\u304d\u306f\u3092\n\u3042\u3044\u3066\u306b\u3000\u3076\u3064\u3051\u3066\u3000\u3053\u3046\u3052\u304d\u3059\u308b\u3002\n\uff14\uff10\u306e\u3000\u30c0\u30e1\u30fc\u30b8\u3092\u3000\u304d\u307e\u3063\u3066\u3000\u3042\u305f\u3048\u308b\u3002", "language": {"name": "ja-Hrkt", "url": "https://pokeapi.co/api/v2/language/1/"}, "version_group": {"name": "x-y", "url": "https://pokeapi.co/api/v2/version-group/15/"}}, {"flavor_text": "\ubd84\ub178\uc758 \ucda9\uaca9\ud30c\ub97c\n\uc0c1\ub300\uc5d0\uac8c \ubd80\ub52a\uccd0\uc11c \uacf5\uaca9\ud55c\ub2e4.\n\uc5b8\uc81c\ub098 40\uc758 \ub370\ubbf8\uc9c0\ub97c \uc900\ub2e4.", "language": {"name": "ko", "url": "https://pokeapi.co/api/v2/language/3/"}, "version_group": {"name": "x-y", "url": "https://pokeapi.co/api/v2/version-group/15/"}}, {"flavor_text": "La col\u00e8re du lanceur d\u00e9clenche une onde de choc\ndestructrice qui inflige toujours 40 PV de d\u00e9g\u00e2ts.", "language": {"name": "fr", "url": "https://pokeapi.co/api/v2/language/5/"}, "version_group": {"name": "x-y", "url": "https://pokeapi.co/api/v2/version-group/15/"}}, {"flavor_text": "St\u00f6\u00dft eine wutgeladene Schockwelle aus,\ndie stets 40 KP Schaden anrichtet.", "language": {"name": "de", "url": "https://pokeapi.co/api/v2/language/6/"}, "version_group": {"name": "x-y", "url": "https://pokeapi.co/api/v2/version-group/15/"}}, {"flavor_text": "R\u00e1faga de furiosas ondas de choque que quitan\n40 PS.", "language": {"name": "es", "url": "https://pokeapi.co/api/v2/language/7/"}, "version_group": {"name": "x-y", "url": "https://pokeapi.co/api/v2/version-group/15/"}}, {"flavor_text": "Colpisce il bersaglio con un\u2019onda d\u2019urto generata\ndall\u2019ira. Questo attacco provoca sempre un danno\ndi 40 PS.", "language": {"name": "it", "url": "https://pokeapi.co/api/v2/language/8/"}, "version_group": {"name": "x-y", "url": "https://pokeapi.co/api/v2/version-group/15/"}}, {"flavor_text": "This attack hits the target with a shock\nwave of pure rage. This attack always\ninflicts 40 HP damage.", "language": {"name": "en", "url": "https://pokeapi.co/api/v2/language/9/"}, "version_group": {"name": "x-y", "url": "https://pokeapi.co/api/v2/version-group/15/"}}, {"flavor_text": "\u6012\u308a\u306e\u3000\u885d\u6483\u6ce2\u3092\n\u76f8\u624b\u306b\u3000\u3076\u3064\u3051\u3066\u3000\u653b\u6483\u3059\u308b\u3002\n\uff14\uff10\u306e\u3000\u30c0\u30e1\u30fc\u30b8\u3092\u3000\u6c7a\u307e\u3063\u3066\u3000\u4e0e\u3048\u308b\u3002", "language": {"name": "ja", "url": "https://pokeapi.co/api/v2/language/11/"}, "version_group": {"name": "x-y", "url": "https://pokeapi.co/api/v2/version-group/15/"}}, {"flavor_text": "\u3044\u304b\u308a\u306e\u3000\u3057\u3087\u3046\u3052\u304d\u306f\u3092\n\u3042\u3044\u3066\u306b\u3000\u3076\u3064\u3051\u3066\u3000\u3053\u3046\u3052\u304d\u3059\u308b\u3002\n\uff14\uff10\u306e\u3000\u30c0\u30e1\u30fc\u30b8\u3092\u3000\u304d\u307e\u3063\u3066\u3000\u3042\u305f\u3048\u308b\u3002", "language": {"name": "ja-Hrkt", "url": "https://pokeapi.co/api/v2/language/1/"}, "version_group": {"name": "omega-ruby-alpha-sapphire", "url": "https://pokeapi.co/api/v2/version-group/16/"}}, {"flavor_text": "\ubd84\ub178\uc758 \ucda9\uaca9\ud30c\ub97c\n\uc0c1\ub300\uc5d0\uac8c \ubd80\ub52a\uccd0\uc11c \uacf5\uaca9\ud55c\ub2e4.\n\uc5b8\uc81c\ub098 40\uc758 \ub370\ubbf8\uc9c0\ub97c \uc900\ub2e4.", "language": {"name": "ko", "url": "https://pokeapi.co/api/v2/language/3/"}, "version_group": {"name": "omega-ruby-alpha-sapphire", "url": "https://pokeapi.co/api/v2/version-group/16/"}}, {"flavor_text": "La col\u00e8re du lanceur d\u00e9clenche une onde de choc\ndestructrice qui inflige toujours 40 PV de d\u00e9g\u00e2ts.", "language": {"name": "fr", "url": "https://pokeapi.co/api/v2/language/5/"}, "version_group": {"name": "omega-ruby-alpha-sapphire", "url": "https://pokeapi.co/api/v2/version-group/16/"}}, {"flavor_text": "St\u00f6\u00dft eine wutgeladene Schockwelle aus,\ndie stets 40 KP Schaden anrichtet.", "language": {"name": "de", "url": "https://pokeapi.co/api/v2/language/6/"}, "version_group": {"name": "omega-ruby-alpha-sapphire", "url": "https://pokeapi.co/api/v2/version-group/16/"}}, {"flavor_text": "R\u00e1faga de furiosas ondas de choque que quitan \n40 PS.", "language": {"name": "es", "url": "https://pokeapi.co/api/v2/language/7/"}, "version_group": {"name": "omega-ruby-alpha-sapphire", "url": "https://pokeapi.co/api/v2/version-group/16/"}}, {"flavor_text": "Colpisce il bersaglio con un\u2019onda d\u2019urto generata\ndall\u2019ira. Questo attacco provoca sempre un danno\ndi 40 PS.", "language": {"name": "it", "url": "https://pokeapi.co/api/v2/language/8/"}, "version_group": {"name": "omega-ruby-alpha-sapphire", "url": "https://pokeapi.co/api/v2/version-group/16/"}}, {"flavor_text": "This attack hits the target with a shock\nwave of pure rage. This attack always\ninflicts 40 HP damage.", "language": {"name": "en", "url": "https://pokeapi.co/api/v2/language/9/"}, "version_group": {"name": "omega-ruby-alpha-sapphire", "url": "https://pokeapi.co/api/v2/version-group/16/"}}, {"flavor_text": "\u6012\u308a\u306e\u3000\u885d\u6483\u6ce2\u3092\n\u76f8\u624b\u306b\u3000\u3076\u3064\u3051\u3066\u3000\u653b\u6483\u3059\u308b\u3002\n\uff14\uff10\u306e\u3000\u30c0\u30e1\u30fc\u30b8\u3092\u3000\u6c7a\u307e\u3063\u3066\u3000\u4e0e\u3048\u308b\u3002", "language": {"name": "ja", "url": "https://pokeapi.co/api/v2/language/11/"}, "version_group": {"name": "omega-ruby-alpha-sapphire", "url": "https://pokeapi.co/api/v2/version-group/16/"}}, {"flavor_text": "\u3044\u304b\u308a\u306e\u3000\u3057\u3087\u3046\u3052\u304d\u306f\u3092\n\u3042\u3044\u3066\u306b\u3000\u3076\u3064\u3051\u3066\u3000\u3053\u3046\u3052\u304d\u3059\u308b\u3002\n\uff14\uff10\u306e\u3000\u30c0\u30e1\u30fc\u30b8\u3092\u3000\u304d\u307e\u3063\u3066\u3000\u3042\u305f\u3048\u308b\u3002", "language": {"name": "ja-Hrkt", "url": "https://pokeapi.co/api/v2/language/1/"}, "version_group": {"name": "sun-moon", "url": "https://pokeapi.co/api/v2/version-group/17/"}}, {"flavor_text": "\ubd84\ub178\uc758 \ucda9\uaca9\ud30c\ub97c\n\uc0c1\ub300\uc5d0\uac8c \ubd80\ub52a\uccd0\uc11c \uacf5\uaca9\ud55c\ub2e4.\n\uc5b8\uc81c\ub098 40\uc758 \ub370\ubbf8\uc9c0\ub97c \uc900\ub2e4.", "language": {"name": "ko", "url": "https://pokeapi.co/api/v2/language/3/"}, "version_group": {"name": "sun-moon", "url": "https://pokeapi.co/api/v2/version-group/17/"}}, {"flavor_text": "\u5411\u5c0d\u624b\u767c\u5c04\u61a4\u6012\u7684\n\u885d\u64ca\u6ce2\u9032\u884c\u653b\u64ca\u3002\n\u56fa\u5b9a\u7d66\u4e88\uff14\uff10\u7684\u50b7\u5bb3\u3002", "language": {"name": "zh-Hant", "url": "https://pokeapi.co/api/v2/language/4/"}, "version_group": {"name": "sun-moon", "url": "https://pokeapi.co/api/v2/version-group/17/"}}, {"flavor_text": "La col\u00e8re du lanceur d\u00e9clenche une onde de choc\ndestructrice qui inflige toujours 40 PV de d\u00e9g\u00e2ts.", "language": {"name": "fr", "url": "https://pokeapi.co/api/v2/language/5/"}, "version_group": {"name": "sun-moon", "url": "https://pokeapi.co/api/v2/version-group/17/"}}, {"flavor_text": "St\u00f6\u00dft eine wutgeladene Schockwelle aus, die stets\n40 KP Schaden anrichtet.", "language": {"name": "de", "url": "https://pokeapi.co/api/v2/language/6/"}, "version_group": {"name": "sun-moon", "url": "https://pokeapi.co/api/v2/version-group/17/"}}, {"flavor_text": "R\u00e1faga de furiosas ondas de choque que quitan \n40 PS.", "language": {"name": "es", "url": "https://pokeapi.co/api/v2/language/7/"}, "version_group": {"name": "sun-moon", "url": "https://pokeapi.co/api/v2/version-group/17/"}}, {"flavor_text": "Colpisce il bersaglio con un\u2019onda d\u2019urto generata\ndall\u2019ira. Questo attacco provoca sempre un danno\ndi 40 PS.", "language": {"name": "it", "url": "https://pokeapi.co/api/v2/language/8/"}, "version_group": {"name": "sun-moon", "url": "https://pokeapi.co/api/v2/version-group/17/"}}, {"flavor_text": "This attack hits the target with a shock wave of\npure rage. This attack always inflicts 40 HP damage.", "language": {"name": "en", "url": "https://pokeapi.co/api/v2/language/9/"}, "version_group": {"name": "sun-moon", "url": "https://pokeapi.co/api/v2/version-group/17/"}}, {"flavor_text": "\u6012\u308a\u306e\u3000\u885d\u6483\u6ce2\u3092\n\u76f8\u624b\u306b\u3000\u3076\u3064\u3051\u3066\u3000\u653b\u6483\u3059\u308b\u3002\n\uff14\uff10\u306e\u3000\u30c0\u30e1\u30fc\u30b8\u3092\u3000\u6c7a\u307e\u3063\u3066\u3000\u4e0e\u3048\u308b\u3002", "language": {"name": "ja", "url": "https://pokeapi.co/api/v2/language/11/"}, "version_group": {"name": "sun-moon", "url": "https://pokeapi.co/api/v2/version-group/17/"}}, {"flavor_text": "\u5c06\u6124\u6012\u7684\u51b2\u51fb\u6ce2\n\u649e\u5411\u5bf9\u624b\u8fdb\u884c\u653b\u51fb\u3002\n\u5fc5\u5b9a\u4f1a\u7ed9\u4e88\uff14\uff10\u7684\u4f24\u5bb3\u3002", "language": {"name": "zh-Hans", "url": "https://pokeapi.co/api/v2/language/12/"}, "version_group": {"name": "sun-moon", "url": "https://pokeapi.co/api/v2/version-group/17/"}}, {"flavor_text": "\u3044\u304b\u308a\u306e\u3000\u3057\u3087\u3046\u3052\u304d\u306f\u3092\n\u3042\u3044\u3066\u306b\u3000\u3076\u3064\u3051\u3066\u3000\u3053\u3046\u3052\u304d\u3059\u308b\u3002\n\uff14\uff10\u306e\u3000\u30c0\u30e1\u30fc\u30b8\u3092\u3000\u304d\u307e\u3063\u3066\u3000\u3042\u305f\u3048\u308b\u3002", "language": {"name": "ja-Hrkt", "url": "https://pokeapi.co/api/v2/language/1/"}, "version_group": {"name": "ultra-sun-ultra-moon", "url": "https://pokeapi.co/api/v2/version-group/18/"}}, {"flavor_text": "\ubd84\ub178\uc758 \ucda9\uaca9\ud30c\ub97c\n\uc0c1\ub300\uc5d0\uac8c \ubd80\ub52a\uccd0\uc11c \uacf5\uaca9\ud55c\ub2e4.\n\uc5b8\uc81c\ub098 40\uc758 \ub370\ubbf8\uc9c0\ub97c \uc900\ub2e4.", "language": {"name": "ko", "url": "https://pokeapi.co/api/v2/language/3/"}, "version_group": {"name": "ultra-sun-ultra-moon", "url": "https://pokeapi.co/api/v2/version-group/18/"}}, {"flavor_text": "\u5411\u5c0d\u624b\u767c\u5c04\u61a4\u6012\u7684\n\u885d\u64ca\u6ce2\u9032\u884c\u653b\u64ca\u3002\n\u56fa\u5b9a\u7d66\u4e88\uff14\uff10\u7684\u50b7\u5bb3\u3002", "language": {"name": "zh-Hant", "url": "https://pokeapi.co/api/v2/language/4/"}, "version_group": {"name": "ultra-sun-ultra-moon", "url": "https://pokeapi.co/api/v2/version-group/18/"}}, {"flavor_text": "La col\u00e8re du lanceur d\u00e9clenche une onde de choc\ndestructrice qui inflige toujours 40 PV de d\u00e9g\u00e2ts.", "language": {"name": "fr", "url": "https://pokeapi.co/api/v2/language/5/"}, "version_group": {"name": "ultra-sun-ultra-moon", "url": "https://pokeapi.co/api/v2/version-group/18/"}}, {"flavor_text": "St\u00f6\u00dft eine wutgeladene Schockwelle aus, die stets\n40 KP Schaden anrichtet.", "language": {"name": "de", "url": "https://pokeapi.co/api/v2/language/6/"}, "version_group": {"name": "ultra-sun-ultra-moon", "url": "https://pokeapi.co/api/v2/version-group/18/"}}, {"flavor_text": "R\u00e1faga de furiosas ondas de choque que quitan \n40 PS.", "language": {"name": "es", "url": "https://pokeapi.co/api/v2/language/7/"}, "version_group": {"name": "ultra-sun-ultra-moon", "url": "https://pokeapi.co/api/v2/version-group/18/"}}, {"flavor_text": "Colpisce il bersaglio con un\u2019onda d\u2019urto generata\ndall\u2019ira. Questo attacco provoca sempre un danno\ndi 40 PS.", "language": {"name": "it", "url": "https://pokeapi.co/api/v2/language/8/"}, "version_group": {"name": "ultra-sun-ultra-moon", "url": "https://pokeapi.co/api/v2/version-group/18/"}}, {"flavor_text": "This attack hits the target with a shock wave of\npure rage. This attack always inflicts 40 HP damage.", "language": {"name": "en", "url": "https://pokeapi.co/api/v2/language/9/"}, "version_group": {"name": "ultra-sun-ultra-moon", "url": "https://pokeapi.co/api/v2/version-group/18/"}}, {"flavor_text": "\u6012\u308a\u306e\u3000\u885d\u6483\u6ce2\u3092\n\u76f8\u624b\u306b\u3000\u3076\u3064\u3051\u3066\u3000\u653b\u6483\u3059\u308b\u3002\n\uff14\uff10\u306e\u3000\u30c0\u30e1\u30fc\u30b8\u3092\u3000\u6c7a\u307e\u3063\u3066\u3000\u4e0e\u3048\u308b\u3002", "language": {"name": "ja", "url": "https://pokeapi.co/api/v2/language/11/"}, "version_group": {"name": "ultra-sun-ultra-moon", "url": "https://pokeapi.co/api/v2/version-group/18/"}}, {"flavor_text": "\u5c06\u6124\u6012\u7684\u51b2\u51fb\u6ce2\n\u649e\u5411\u5bf9\u624b\u8fdb\u884c\u653b\u51fb\u3002\n\u5fc5\u5b9a\u4f1a\u7ed9\u4e88\uff14\uff10\u7684\u4f24\u5bb3\u3002", "language": {"name": "zh-Hans", "url": "https://pokeapi.co/api/v2/language/12/"}, "version_group": {"name": "ultra-sun-ultra-moon", "url": "https://pokeapi.co/api/v2/version-group/18/"}}, {"flavor_text": "\u3044\u304b\u308a\u306e\u3000\u3057\u3087\u3046\u3052\u304d\u306f\u3092\n\u3042\u3044\u3066\u306b\u3000\u3076\u3064\u3051\u3066\u3000\u3053\u3046\u3052\u304d\u3059\u308b\u3002\n\uff14\uff10\u306e\u3000\u30c0\u30e1\u30fc\u30b8\u3092\u3000\u304d\u307e\u3063\u3066\u3000\u3042\u305f\u3048\u308b\u3002", "language": {"name": "ja-Hrkt", "url": "https://pokeapi.co/api/v2/language/1/"}, "version_group": {"name": "lets-go-pikachu-lets-go-eevee", "url": "https://pokeapi.co/api/v2/version-group/19/"}}, {"flavor_text": "\ubd84\ub178\uc758 \ucda9\uaca9\ud30c\ub97c\n\uc0c1\ub300\uc5d0\uac8c \ubd80\ub52a\uccd0\uc11c \uacf5\uaca9\ud55c\ub2e4.\n\uc5b8\uc81c\ub098 40\uc758 \ub370\ubbf8\uc9c0\ub97c \uc900\ub2e4.", "language": {"name": "ko", "url": "https://pokeapi.co/api/v2/language/3/"}, "version_group": {"name": "lets-go-pikachu-lets-go-eevee", "url": "https://pokeapi.co/api/v2/version-group/19/"}}, {"flavor_text": "\u5411\u5c0d\u624b\u767c\u5c04\u61a4\u6012\u7684\n\u885d\u64ca\u6ce2\u9032\u884c\u653b\u64ca\u3002\n\u56fa\u5b9a\u7d66\u4e8840\u7684\u50b7\u5bb3\u3002", "language": {"name": "zh-Hant", "url": "https://pokeapi.co/api/v2/language/4/"}, "version_group": {"name": "lets-go-pikachu-lets-go-eevee", "url": "https://pokeapi.co/api/v2/version-group/19/"}}, {"flavor_text": "La col\u00e8re du lanceur d\u00e9clenche une onde de choc\ndestructrice qui inflige toujours 40 PV de d\u00e9g\u00e2ts.", "language": {"name": "fr", "url": "https://pokeapi.co/api/v2/language/5/"}, "version_group": {"name": "lets-go-pikachu-lets-go-eevee", "url": "https://pokeapi.co/api/v2/version-group/19/"}}, {"flavor_text": "St\u00f6\u00dft eine wutgeladene Schockwelle aus, die stets\n40 KP Schaden anrichtet.", "language": {"name": "de", "url": "https://pokeapi.co/api/v2/language/6/"}, "version_group": {"name": "lets-go-pikachu-lets-go-eevee", "url": "https://pokeapi.co/api/v2/version-group/19/"}}, {"flavor_text": "R\u00e1faga de furiosas ondas de choque que quitan \n40 PS.", "language": {"name": "es", "url": "https://pokeapi.co/api/v2/language/7/"}, "version_group": {"name": "lets-go-pikachu-lets-go-eevee", "url": "https://pokeapi.co/api/v2/version-group/19/"}}, {"flavor_text": "Colpisce il bersaglio con un\u2019onda d\u2019urto generata\ndall\u2019ira. Questo attacco provoca sempre un danno\ndi 40 PS.", "language": {"name": "it", "url": "https://pokeapi.co/api/v2/language/8/"}, "version_group": {"name": "lets-go-pikachu-lets-go-eevee", "url": "https://pokeapi.co/api/v2/version-group/19/"}}, {"flavor_text": "This attack hits the target with a shock wave of\npure rage. This attack always inflicts 40 HP damage.", "language": {"name": "en", "url": "https://pokeapi.co/api/v2/language/9/"}, "version_group": {"name": "lets-go-pikachu-lets-go-eevee", "url": "https://pokeapi.co/api/v2/version-group/19/"}}, {"flavor_text": "\u6012\u308a\u306e\u3000\u885d\u6483\u6ce2\u3092\n\u76f8\u624b\u306b\u3000\u3076\u3064\u3051\u3066\u3000\u653b\u6483\u3059\u308b\u3002\n\uff14\uff10\u306e\u3000\u30c0\u30e1\u30fc\u30b8\u3092\u3000\u6c7a\u307e\u3063\u3066\u3000\u4e0e\u3048\u308b\u3002", "language": {"name": "ja", "url": "https://pokeapi.co/api/v2/language/11/"}, "version_group": {"name": "lets-go-pikachu-lets-go-eevee", "url": "https://pokeapi.co/api/v2/version-group/19/"}}, {"flavor_text": "\u5c06\u6124\u6012\u7684\u51b2\u51fb\u6ce2\n\u649e\u5411\u5bf9\u624b\u8fdb\u884c\u653b\u51fb\u3002\n\u5fc5\u5b9a\u4f1a\u7ed9\u4e8840\u7684\u4f24\u5bb3\u3002", "language": {"name": "zh-Hans", "url": "https://pokeapi.co/api/v2/language/12/"}, "version_group": {"name": "lets-go-pikachu-lets-go-eevee", "url": "https://pokeapi.co/api/v2/version-group/19/"}}, {"flavor_text": "\u3053\u306e\u308f\u3056\u306f\u3000\u3064\u304b\u3048\u307e\u305b\u3093\n\u304a\u3082\u3044\u3060\u3059\u3053\u3068\u304c\u3000\u3067\u304d\u306a\u304f\u306a\u308a\u307e\u3059\u304c\n\u308f\u3056\u3092\u3000\u308f\u3059\u308c\u308b\u3053\u3068\u3092\u3000\u304a\u3059\u3059\u3081\u3057\u307e\u3059", "language": {"name": "ja-Hrkt", "url": "https://pokeapi.co/api/v2/language/1/"}, "version_group": {"name": "sword-shield", "url": "https://pokeapi.co/api/v2/version-group/20/"}}, {"flavor_text": "\uc0ac\uc6a9\ud560 \uc218 \uc5c6\ub294 \uae30\uc220\uc785\ub2c8\ub2e4.\n\ub2e4\uc2dc \ubc30\uc6b0\uac8c \ud560 \uc218 \uc5c6\uc9c0\ub9cc\n\uae30\uc220\uc744 \uc78a\uac8c \ud558\ub294 \uac83\uc744 \uad8c\uc7a5\ud569\ub2c8\ub2e4.", "language": {"name": "ko", "url": "https://pokeapi.co/api/v2/language/3/"}, "version_group": {"name": "sword-shield", "url": "https://pokeapi.co/api/v2/version-group/20/"}}, {"flavor_text": "\u7121\u6cd5\u4f7f\u7528\u6b64\u62db\u5f0f\u3002\n\u96d6\u7136\u5fd8\u8a18\u5f8c\u5c07\u7121\u6cd5\u518d\u60f3\u8d77\u4f86\uff0c\n\u4f46\u9084\u662f\u5efa\u8b70\u5fd8\u8a18\u6b64\u62db\u5f0f\u3002", "language": {"name": "zh-Hant", "url": "https://pokeapi.co/api/v2/language/4/"}, "version_group": {"name": "sword-shield", "url": "https://pokeapi.co/api/v2/version-group/20/"}}, {"flavor_text": "Cette capacit\u00e9 ne peut pas \u00eatre utilis\u00e9e.\nIl est recommand\u00e9 de l\u2019oublier, m\u00eame s\u2019il sera\nimpossible de se la rem\u00e9morer une fois oubli\u00e9e.", "language": {"name": "fr", "url": "https://pokeapi.co/api/v2/language/5/"}, "version_group": {"name": "sword-shield", "url": "https://pokeapi.co/api/v2/version-group/20/"}}, {"flavor_text": "Diese Attacke kann nicht eingesetzt werden. Du solltest\ndein Pok\u00e9mon sie vergessen lassen. Beachte aber,\ndass es sich danach nicht wieder an sie erinnern kann.", "language": {"name": "de", "url": "https://pokeapi.co/api/v2/language/6/"}, "version_group": {"name": "sword-shield", "url": "https://pokeapi.co/api/v2/version-group/20/"}}, {"flavor_text": "Este movimiento no se puede usar, por lo que ser\u00eda\nmejor olvidarlo, aunque eso implique que no se pueda\nrecordar posteriormente.", "language": {"name": "es", "url": "https://pokeapi.co/api/v2/language/7/"}, "version_group": {"name": "sword-shield", "url": "https://pokeapi.co/api/v2/version-group/20/"}}, {"flavor_text": "Questa mossa non pu\u00f2 essere usata.\n\u00c8 consigliabile farla dimenticare al Pok\u00e9mon. Tuttavia,\nuna volta dimenticata, non potr\u00e0 pi\u00f9 essere ricordata.", "language": {"name": "it", "url": "https://pokeapi.co/api/v2/language/8/"}, "version_group": {"name": "sword-shield", "url": "https://pokeapi.co/api/v2/version-group/20/"}}, {"flavor_text": "This move can\u2019t be used.\nIt\u2019s recommended that this move is forgotten.\nOnce forgotten, this move can\u2019t be remembered.", "language": {"name": "en", "url": "https://pokeapi.co/api/v2/language/9/"}, "version_group": {"name": "sword-shield", "url": "https://pokeapi.co/api/v2/version-group/20/"}}, {"flavor_text": "\u3053\u306e\u6280\u306f\u3000\u4f7f\u3048\u307e\u305b\u3093\n\u601d\u3044\u51fa\u3059\u3053\u3068\u304c\u3000\u3067\u304d\u306a\u304f\u306a\u308a\u307e\u3059\u304c\n\u6280\u3092\u3000\u5fd8\u308c\u308b\u3053\u3068\u3092\u3000\u304a\u3059\u3059\u3081\u3057\u307e\u3059", "language": {"name": "ja", "url": "https://pokeapi.co/api/v2/language/11/"}, "version_group": {"name": "sword-shield", "url": "https://pokeapi.co/api/v2/version-group/20/"}}, {"flavor_text": "\u65e0\u6cd5\u4f7f\u7528\u8fd9\u4e2a\u62db\u5f0f\u3002\n\u867d\u7136\u5fd8\u8bb0\u4e4b\u540e\u5c31\u518d\u4e5f\u60f3\u4e0d\u8d77\u6765\u4e86\uff0c\n\u4f46\u8fd8\u662f\u5efa\u8bae\u5fd8\u8bb0\u8fd9\u4e2a\u62db\u5f0f\u3002", "language": {"name": "zh-Hans", "url": "https://pokeapi.co/api/v2/language/12/"}, "version_group": {"name": "sword-shield", "url": "https://pokeapi.co/api/v2/version-group/20/"}}], "generation": {"name": "generation-i", "url": "https://pokeapi.co/api/v2/generation/1/"}, "id": 82, "learned_by_pokemon": [{"name": "charmander", "url": "https://pokeapi.co/api/v2/pokemon/4/"}, {"name": "charmeleon", "url": "https://pokeapi.co/api/v2/pokemon/5/"}, {"name": "charizard", "url": "https://pokeapi.co/api/v2/pokemon/6/"}, {"name": "growlithe", "url": "https://pokeapi.co/api/v2/pokemon/58/"}, {"name": "arcanine", "url": "https://pokeapi.co/api/v2/pokemon/59/"}, {"name": "horsea", "url": "https://pokeapi.co/api/v2/pokemon/116/"}, {"name": "gyarados", "url": "https://pokeapi.co/api/v2/pokemon/130/"}, {"name": "lapras", "url": "https://pokeapi.co/api/v2/pokemon/131/"}, {"name": "aerodactyl", "url": "https://pokeapi.co/api/v2/pokemon/142/"}, {"name": "dratini", "url": "https://pokeapi.co/api/v2/pokemon/147/"}, {"name": "dragonair", "url": "https://pokeapi.co/api/v2/pokemon/148/"}, {"name": "dragonite", "url": "https://pokeapi.co/api/v2/pokemon/149/"}, {"name": "mew", "url": "https://pokeapi.co/api/v2/pokemon/151/"}, {"name": "bagon", "url": "https://pokeapi.co/api/v2/pokemon/371/"}, {"name": "gible", "url": "https://pokeapi.co/api/v2/pokemon/443/"}, {"name": "gabite", "url": "https://pokeapi.co/api/v2/pokemon/444/"}, {"name": "garchomp", "url": "https://pokeapi.co/api/v2/pokemon/445/"}, {"name": "axew", "url": "https://pokeapi.co/api/v2/pokemon/610/"}, {"name": "fraxure", "url": "https://pokeapi.co/api/v2/pokemon/611/"}, {"name": "haxorus", "url": "https://pokeapi.co/api/v2/pokemon/612/"}, {"name": "druddigon", "url": "https://pokeapi.co/api/v2/pokemon/621/"}, {"name": "deino", "url": "https://pokeapi.co/api/v2/pokemon/633/"}, {"name": "zweilous", "url": "https://pokeapi.co/api/v2/pokemon/634/"}, {"name": "hydreigon", "url": "https://pokeapi.co/api/v2/pokemon/635/"}, {"name": "reshiram", "url": "https://pokeapi.co/api/v2/pokemon/643/"}, {"name": "zekrom", "url": "https://pokeapi.co/api/v2/pokemon/644/"}, {"name": "kyurem", "url": "https://pokeapi.co/api/v2/pokemon/646/"}, {"name": "salandit", "url": "https://pokeapi.co/api/v2/pokemon/757/"}, {"name": "salazzle", "url": "https://pokeapi.co/api/v2/pokemon/758/"}, {"name": "drampa", "url": "https://pokeapi.co/api/v2/pokemon/780/"}, {"name": "guzzlord", "url": "https://pokeapi.co/api/v2/pokemon/799/"}, {"name": "kyurem-black", "url": "https://pokeapi.co/api/v2/pokemon/10022/"}, {"name": "kyurem-white", "url": "https://pokeapi.co/api/v2/pokemon/10023/"}, {"name": "charizard-mega-x", "url": "https://pokeapi.co/api/v2/pokemon/10034/"}, {"name": "charizard-mega-y", "url": "https://pokeapi.co/api/v2/pokemon/10035/"}, {"name": "gyarados-mega", "url": "https://pokeapi.co/api/v2/pokemon/10041/"}, {"name": "garchomp-mega", "url": "https://pokeapi.co/api/v2/pokemon/10058/"}, {"name": "salazzle-totem", "url": "https://pokeapi.co/api/v2/pokemon/10129/"}], "machines": [{"machine": {"url": "https://pokeapi.co/api/v2/machine/442/"}, "version_group": {"name": "red-blue", "url": "https://pokeapi.co/api/v2/version-group/1/"}}, {"machine": {"url": "https://pokeapi.co/api/v2/machine/443/"}, "version_group": {"name": "yellow", "url": "https://pokeapi.co/api/v2/version-group/2/"}}], "meta": {"ailment": {"name": "none", "url": "https://pokeapi.co/api/v2/move-ailment/0/"}, "ailment_chance": 0, "category": {"name": "damage", "url": "https://pokeapi.co/api/v2/move-category/0/"}, "crit_rate": 0, "drain": 0, "flinch_chance": 0, "healing": 0, "max_hits": null, "max_turns": null, "min_hits": null, "min_turns": null, "stat_chance": 0}, "name": "dragon-rage", "names": [{"language": {"name": "ja-Hrkt", "url": "https://pokeapi.co/api/v2/language/1/"}, "name": "\u308a\u3085\u3046\u306e\u3044\u304b\u308a"}, {"language": {"name": "ko", "url": "https://pokeapi.co/api/v2/language/3/"}, "name": "\uc6a9\uc758\ubd84\ub178"}, {"language": {"name": "zh-Hant", "url": "https://pokeapi.co/api/v2/language/4/"}, "name": "\u9f8d\u4e4b\u6012"}, {"language": {"name": "fr", "url": "https://pokeapi.co/api/v2/language/5/"}, "name": "Draco-Rage"}, {"language": {"name": "de", "url": "https://pokeapi.co/api/v2/language/6/"}, "name": "Drachenwut"}, {"language": {"name": "es", "url": "https://pokeapi.co/api/v2/language/7/"}, "name": "Furia Drag\u00f3n"}, {"language": {"name": "it", "url": "https://pokeapi.co/api/v2/language/8/"}, "name": "Ira di Drago"}, {"language": {"name": "en", "url": "https://pokeapi.co/api/v2/language/9/"}, "name": "Dragon Rage"}, {"language": {"name": "ja", "url": "https://pokeapi.co/api/v2/language/11/"}, "name": "\u308a\u3085\u3046\u306e\u3044\u304b\u308a"}, {"language": {"name": "zh-Hans", "url": "https://pokeapi.co/api/v2/language/12/"}, "name": "\u9f99\u4e4b\u6012"}], "past_values": [], "power": null, "pp": 10, "priority": 0, "stat_changes": [], "super_contest_effect": {"url": "https://pokeapi.co/api/v2/super-contest-effect/5/"}, "target": {"name": "selected-pokemon", "url": "https://pokeapi.co/api/v2/move-target/10/"}, "type": {"name": "dragon", "url": "https://pokeapi.co/api/v2/type/16/"}}