{"accuracy": 90, "contest_combos": null, "contest_effect": null, "contest_type": {"name": "cute", "url": "https://pokeapi.co/api/v2/contest-type/3/"}, "damage_class": {"name": "special", "url": "https://pokeapi.co/api/v2/move-damage-class/3/"}, "effect_chance": 100, "effect_changes": [], "effect_entries": [{"effect": "Inflicts regular damage, then lowers the user\u2019s Special Attack by two stages.", "language": {"name": "en", "url": "https://pokeapi.co/api/v2/language/9/"}, "short_effect": "Lowers the user\u2019s Special Attack by two stages after inflicting damage."}], "flavor_text_entries": [{"flavor_text": "A storm of sharp\nleaves is whipped up.\nThe attack\u2019s recoil\nsharply reduces the\nuser\u2019s Sp. Atk stat.", "language": {"name": "en", "url": "https://pokeapi.co/api/v2/language/9/"}, "version_group": {"name": "diamond-pearl", "url": "https://pokeapi.co/api/v2/version-group/8/"}}, {"flavor_text": "A storm of sharp\nleaves is whipped up.\nThe attack\u2019s recoil\nsharply reduces the\nuser\u2019s Sp. Atk stat.", "language": {"name": "en", "url": "https://pokeapi.co/api/v2/language/9/"}, "version_group": {"name": "platinum", "url": "https://pokeapi.co/api/v2/version-group/9/"}}, {"flavor_text": "A storm of sharp\nleaves is whipped up.\nThe attack\u2019s recoil\nsharply reduces the\nuser\u2019s Sp. Atk stat.", "language": {"name": "en", "url": "https://pokeapi.co/api/v2/language/9/"}, "version_group": {"name": "heartgold-soulsilver", "url": "https://pokeapi.co/api/v2/version-group/10/"}}, {"flavor_text": "Invoque une temp\u00eate de feuilles ac\u00e9r\u00e9es.\nLe contrecoup r\u00e9duit fortement l\u2019Attaque\nSp\u00e9ciale du lanceur.", "language": {"name": "fr", "url": "https://pokeapi.co/api/v2/language/5/"}, "version_group": {"name": "black-white", "url": "https://pokeapi.co/api/v2/version-group/11/"}}, {"flavor_text": "The user whips up a storm of leaves around\nthe target. The attack\u2019s recoil harshly\nreduces the user\u2019s Sp. Atk stat.", "language": {"name": "en", "url": "https://pokeapi.co/api/v2/language/9/"}, "version_group": {"name": "black-white", "url": "https://pokeapi.co/api/v2/version-group/11/"}}, {"flavor_text": "The user whips up a storm of leaves around\nthe target. The attack\u2019s recoil harshly\nreduces the user\u2019s Sp. Atk stat.", "language": {"name": "en", "url": "https://pokeapi.co/api/v2/language/9/"}, "version_group": {"name": "black-2-white-2", "url": "https://pokeapi.co/api/v2/version-group/14/"}}, {"flavor_text": "\u3068\u304c\u3063\u305f\u3000\u306f\u3063\u3071\u3067\u3000\u3042\u3044\u3066\u306b\u3000\u3042\u3089\u3057\u3092\n\u304a\u3053\u3059\u3002\u3064\u304b\u3046\u3068\u3000\u306f\u3093\u3069\u3046\u3067\n\u3058\u3076\u3093\u306e\u3000\u3068\u304f\u3053\u3046\u304c\u3000\u304c\u304f\u3063\u3068\u3000\u3055\u304c\u308b\u3002", "language": {"name": "ja-Hrkt", "url": "https://pokeapi.co/api/v2/language/1/"}, "version_group": {"name": "x-y", "url": "https://pokeapi.co/api/v2/version-group/15/"}}, {"flavor_text": "\ubfb0\uc871\ud55c \uc78e\uc0ac\uadc0\ub85c \uc0c1\ub300\uc5d0\uac8c \ubc14\ub78c\uc744\n\uc77c\uc73c\ud0a8\ub2e4. \uc0ac\uc6a9\ud558\uba74 \ubc18\ub3d9\uc73c\ub85c\n\uc790\uc2e0\uc758 \ud2b9\uc218\uacf5\uaca9\uc774 \ud06c\uac8c \ub5a8\uc5b4\uc9c4\ub2e4.", "language": {"name": "ko", "url": "https://pokeapi.co/api/v2/language/3/"}, "version_group": {"name": "x-y", "url": "https://pokeapi.co/api/v2/version-group/15/"}}, {"flavor_text": "Invoque une temp\u00eate de feuilles ac\u00e9r\u00e9es.\nLe contrecoup r\u00e9duit fortement l\u2019Attaque Sp\u00e9ciale\ndu lanceur.", "language": {"name": "fr", "url": "https://pokeapi.co/api/v2/language/5/"}, "version_group": {"name": "x-y", "url": "https://pokeapi.co/api/v2/version-group/15/"}}, {"flavor_text": "Anwender erzeugt einen Sturm aus scharfen\nBl\u00e4ttern. R\u00fccksto\u00df senkt Spezial-Angriff des\nAnwenders stark.", "language": {"name": "de", "url": "https://pokeapi.co/api/v2/language/6/"}, "version_group": {"name": "x-y", "url": "https://pokeapi.co/api/v2/version-group/15/"}}, {"flavor_text": "Cae una lluvia de hojas afiladas. Baja mucho el\nAtaque Especial de quien lo usa.", "language": {"name": "es", "url": "https://pokeapi.co/api/v2/language/7/"}, "version_group": {"name": "x-y", "url": "https://pokeapi.co/api/v2/version-group/15/"}}, {"flavor_text": "Si forma una tempesta di foglie affilate.\nIl contraccolpo riduce di molto l\u2019Attacco Speciale\ndi chi la usa.", "language": {"name": "it", "url": "https://pokeapi.co/api/v2/language/8/"}, "version_group": {"name": "x-y", "url": "https://pokeapi.co/api/v2/version-group/15/"}}, {"flavor_text": "The user whips up a storm of leaves around\nthe target. The attack\u2019s recoil harshly\nlowers the user\u2019s Sp. Atk stat.", "language": {"name": "en", "url": "https://pokeapi.co/api/v2/language/9/"}, "version_group": {"name": "x-y", "url": "https://pokeapi.co/api/v2/version-group/15/"}}, {"flavor_text": "\u3068\u304c\u3063\u305f\u3000\u306f\u3063\u3071\u3067\u3000\u76f8\u624b\u306b\u3000\u3042\u3089\u3057\u3092\n\u304a\u3053\u3059\u3002\u4f7f\u3046\u3068\u3000\u53cd\u52d5\u3067\n\u81ea\u5206\u306e\u3000\u7279\u653b\u304c\u3000\u304c\u304f\u3063\u3068\u3000\u3055\u304c\u308b\u3002", "language": {"name": "ja", "url": "https://pokeapi.co/api/v2/language/11/"}, "version_group": {"name": "x-y", "url": "https://pokeapi.co/api/v2/version-group/15/"}}, {"flavor_text": "\u3068\u304c\u3063\u305f\u3000\u306f\u3063\u3071\u3067\u3000\u3042\u3044\u3066\u306b\u3000\u3042\u3089\u3057\u3092\n\u304a\u3053\u3059\u3002\u3064\u304b\u3046\u3068\u3000\u306f\u3093\u3069\u3046\u3067\n\u3058\u3076\u3093\u306e\u3000\u3068\u304f\u3053\u3046\u304c\u3000\u304c\u304f\u3063\u3068\u3000\u3055\u304c\u308b\u3002", "language": {"name": "ja-Hrkt", "url": "https://pokeapi.co/api/v2/language/1/"}, "version_group": {"name": "omega-ruby-alpha-sapphire", "url": "https://pokeapi.co/api/v2/version-group/16/"}}, {"flavor_text": "\ubfb0\uc871\ud55c \uc78e\uc0ac\uadc0\ub85c \uc0c1\ub300\uc5d0\uac8c \ubc14\ub78c\uc744\n\uc77c\uc73c\ud0a8\ub2e4. \uc0ac\uc6a9\ud558\uba74 \ubc18\ub3d9\uc73c\ub85c\n\uc790\uc2e0\uc758 \ud2b9\uc218\uacf5\uaca9\uc774 \ud06c\uac8c \ub5a8\uc5b4\uc9c4\ub2e4.", "language": {"name": "ko", "url": "https://pokeapi.co/api/v2/language/3/"}, "version_group": {"name": "omega-ruby-alpha-sapphire", "url": "https://pokeapi.co/api/v2/version-group/16/"}}, {"flavor_text": "Invoque une temp\u00eate de feuilles ac\u00e9r\u00e9es.\nLe contrecoup r\u00e9duit fortement l\u2019Attaque Sp\u00e9ciale\ndu lanceur.", "language": {"name": "fr", "url": "https://pokeapi.co/api/v2/language/5/"}, "version_group": {"name": "omega-ruby-alpha-sapphire", "url": "https://pokeapi.co/api/v2/version-group/16/"}}, {"flavor_text": "Anwender erzeugt einen Sturm aus scharfen\nBl\u00e4ttern. R\u00fccksto\u00df senkt Spezial-Angriff des\nAnwenders stark.", "language": {"name": "de", "url": "https://pokeapi.co/api/v2/language/6/"}, "version_group": {"name": "omega-ruby-alpha-sapphire", "url": "https://pokeapi.co/api/v2/version-group/16/"}}, {"flavor_text": "Cae una lluvia de hojas afiladas. Baja mucho el\nAtaque Especial de quien lo usa.", "language": {"name": "es", "url": "https://pokeapi.co/api/v2/language/7/"}, "version_group": {"name": "omega-ruby-alpha-sapphire", "url": "https://pokeapi.co/api/v2/version-group/16/"}}, {"flavor_text": "Si forma una tempesta di foglie affilate.\nIl contraccolpo riduce di molto l\u2019Attacco Speciale\ndi chi la usa.", "language": {"name": "it", "url": "https://pokeapi.co/api/v2/language/8/"}, "version_group": {"name": "omega-ruby-alpha-sapphire", "url": "https://pokeapi.co/api/v2/version-group/16/"}}, {"flavor_text": "The user whips up a storm of leaves around\nthe target. The attack\u2019s recoil harshly\nlowers the user\u2019s Sp. Atk stat.", "language": {"name": "en", "url": "https://pokeapi.co/api/v2/language/9/"}, "version_group": {"name": "omega-ruby-alpha-sapphire", "url": "https://pokeapi.co/api/v2/version-group/16/"}}, {"flavor_text": "\u3068\u304c\u3063\u305f\u3000\u306f\u3063\u3071\u3067\u3000\u76f8\u624b\u306b\u3000\u3042\u3089\u3057\u3092\n\u304a\u3053\u3059\u3002\u4f7f\u3046\u3068\u3000\u53cd\u52d5\u3067\n\u81ea\u5206\u306e\u3000\u7279\u653b\u304c\u3000\u304c\u304f\u3063\u3068\u3000\u3055\u304c\u308b\u3002", "language": {"name": "ja", "url": "https://pokeapi.co/api/v2/language/11/"}, "version_group": {"name": "omega-ruby-alpha-sapphire", "url": "https://pokeapi.co/api/v2/version-group/16/"}}, {"flavor_text": "\u3068\u304c\u3063\u305f\u3000\u306f\u3063\u3071\u3067\u3000\u3042\u3044\u3066\u306b\u3000\u3042\u3089\u3057\u3092\n\u304a\u3053\u3059\u3002\u3064\u304b\u3046\u3068\u3000\u306f\u3093\u3069\u3046\u3067\n\u3058\u3076\u3093\u306e\u3000\u3068\u304f\u3053\u3046\u304c\u3000\u304c\u304f\u3063\u3068\u3000\u3055\u304c\u308b\u3002", "language": {"name": "ja-Hrkt", "url": "https://pokeapi.co/api/v2/language/1/"}, "version_group": {"name": "sun-moon", "url": "https://pokeapi.co/api/v2/version-group/17/"}}, {"flavor_text": "\ubfb0\uc871\ud55c \uc78e\uc0ac\uadc0\ub85c \uc0c1\ub300\uc5d0\uac8c \ubc14\ub78c\uc744\n\uc77c\uc73c\ud0a8\ub2e4. \uc0ac\uc6a9\ud558\uba74 \ubc18\ub3d9\uc73c\ub85c\n\uc790\uc2e0\uc758 \ud2b9\uc218\uacf5\uaca9\uc774 \ud06c\uac8c \ub5a8\uc5b4\uc9c4\ub2e4.", "language": {"name": "ko", "url": "https://pokeapi.co/api/v2/language/3/"}, "version_group": {"name": "sun-moon", "url": "https://pokeapi.co/api/v2/version-group/17/"}}, {"flavor_text": "\u7528\u5c16\u92b3\u7684\u8449\u5b50\u6372\u8d77\u98a8\u66b4\u5411\u5c0d\u624b\u9032\u884c\u653b\u64ca\u3002\n\u4f7f\u7528\u5f8c\u56e0\u70ba\u53cd\u4f5c\u7528\u529b\uff0c\n\u81ea\u5df1\u7684\u7279\u653b\u6703\u5927\u5e45\u964d\u4f4e\u3002", "language": {"name": "zh-Hant", "url": "https://pokeapi.co/api/v2/language/4/"}, "version_group": {"name": "sun-moon", "url": "https://pokeapi.co/api/v2/version-group/17/"}}, {"flavor_text": "Invoque une temp\u00eate de feuilles ac\u00e9r\u00e9es.\nLe contrecoup r\u00e9duit beaucoup l\u2019Attaque Sp\u00e9ciale\ndu lanceur.", "language": {"name": "fr", "url": "https://pokeapi.co/api/v2/language/5/"}, "version_group": {"name": "sun-moon", "url": "https://pokeapi.co/api/v2/version-group/17/"}}, {"flavor_text": "Anwender erzeugt einen Sturm aus scharfen\nBl\u00e4ttern. R\u00fccksto\u00df senkt Spezial-Angriff des\nAnwenders stark.", "language": {"name": "de", "url": "https://pokeapi.co/api/v2/language/6/"}, "version_group": {"name": "sun-moon", "url": "https://pokeapi.co/api/v2/version-group/17/"}}, {"flavor_text": "Una lluvia de hojas afiladas envuelve al objetivo.\nEl retroceso baja mucho el Ataque Especial de quien\nlo usa.", "language": {"name": "es", "url": "https://pokeapi.co/api/v2/language/7/"}, "version_group": {"name": "sun-moon", "url": "https://pokeapi.co/api/v2/version-group/17/"}}, {"flavor_text": "Si forma una tempesta di foglie affilate.\nIl contraccolpo riduce di molto l\u2019Attacco Speciale\ndi chi la usa.", "language": {"name": "it", "url": "https://pokeapi.co/api/v2/language/8/"}, "version_group": {"name": "sun-moon", "url": "https://pokeapi.co/api/v2/version-group/17/"}}, {"flavor_text": "The user whips up a storm of leaves around the\ntarget. The attack\u2019s recoil harshly lowers the user\u2019s\nSp. Atk stat.", "language": {"name": "en", "url": "https://pokeapi.co/api/v2/language/9/"}, "version_group": {"name": "sun-moon", "url": "https://pokeapi.co/api/v2/version-group/17/"}}, {"flavor_text": "\u3068\u304c\u3063\u305f\u3000\u306f\u3063\u3071\u3067\u3000\u76f8\u624b\u306b\u3000\u3042\u3089\u3057\u3092\n\u304a\u3053\u3059\u3002\u4f7f\u3046\u3068\u3000\u53cd\u52d5\u3067\n\u81ea\u5206\u306e\u3000\u7279\u653b\u304c\u3000\u304c\u304f\u3063\u3068\u3000\u3055\u304c\u308b\u3002", "language": {"name": "ja", "url": "https://pokeapi.co/api/v2/language/11/"}, "version_group": {"name": "sun-moon", "url": "https://pokeapi.co/api/v2/version-group/17/"}}, {"flavor_text": "\u7528\u5c16\u5c16\u7684\u53f6\u7247\u5411\u5bf9\u624b\u5377\u8d77\u98ce\u66b4\u3002\n\u4f7f\u7528\u4e4b\u540e\u56e0\u4e3a\u53cd\u4f5c\u7528\u529b\n\u81ea\u5df1\u7684\u7279\u653b\u4f1a\u5927\u5e45\u964d\u4f4e\u3002", "language": {"name": "zh-Hans", "url": "https://pokeapi.co/api/v2/language/12/"}, "version_group": {"name": "sun-moon", "url": "https://pokeapi.co/api/v2/version-group/17/"}}, {"flavor_text": "\u3068\u304c\u3063\u305f\u3000\u306f\u3063\u3071\u3067\u3000\u3042\u3044\u3066\u306b\u3000\u3042\u3089\u3057\u3092\n\u304a\u3053\u3059\u3002\u3064\u304b\u3046\u3068\u3000\u306f\u3093\u3069\u3046\u3067\n\u3058\u3076\u3093\u306e\u3000\u3068\u304f\u3053\u3046\u304c\u3000\u304c\u304f\u3063\u3068\u3000\u3055\u304c\u308b\u3002", "language": {"name": "ja-Hrkt", "url": "https://pokeapi.co/api/v2/language/1/"}, "version_group": {"name": "ultra-sun-ultra-moon", "url": "https://pokeapi.co/api/v2/version-group/18/"}}, {"flavor_text": "\ubfb0\uc871\ud55c \uc78e\uc0ac\uadc0\ub85c \uc0c1\ub300\uc5d0\uac8c \ubc14\ub78c\uc744\n\uc77c\uc73c\ud0a8\ub2e4. \uc0ac\uc6a9\ud558\uba74 \ubc18\ub3d9\uc73c\ub85c\n\uc790\uc2e0\uc758 \ud2b9\uc218\uacf5\uaca9\uc774 \ud06c\uac8c \ub5a8\uc5b4\uc9c4\ub2e4.", "language": {"name": "ko", "url": "https://pokeapi.co/api/v2/language/3/"}, "version_group": {"name": "ultra-sun-ultra-moon", "url": "https://pokeapi.co/api/v2/version-group/18/"}}, {"flavor_text": "\u7528\u5c16\u92b3\u7684\u8449\u5b50\u6372\u8d77\u98a8\u66b4\u5411\u5c0d\u624b\u9032\u884c\u653b\u64ca\u3002\n\u4f7f\u7528\u5f8c\u56e0\u70ba\u53cd\u4f5c\u7528\u529b\uff0c\n\u81ea\u5df1\u7684\u7279\u653b\u6703\u5927\u5e45\u964d\u4f4e\u3002", "language": {"name": "zh-Hant", "url": "https://pokeapi.co/api/v2/language/4/"}, "version_group": {"name": "ultra-sun-ultra-moon", "url": "https://pokeapi.co/api/v2/version-group/18/"}}, {"flavor_text": "Invoque une temp\u00eate de feuilles ac\u00e9r\u00e9es.\nLe contrecoup r\u00e9duit beaucoup l\u2019Attaque Sp\u00e9ciale\ndu lanceur.", "language": {"name": "fr", "url": "https://pokeapi.co/api/v2/language/5/"}, "version_group": {"name": "ultra-sun-ultra-moon", "url": "https://pokeapi.co/api/v2/version-group/18/"}}, {"flavor_text": "Anwender erzeugt einen Sturm aus scharfen\nBl\u00e4ttern. R\u00fccksto\u00df senkt Spezial-Angriff des\nAnwenders stark.", "language": {"name": "de", "url": "https://pokeapi.co/api/v2/language/6/"}, "version_group": {"name": "ultra-sun-ultra-moon", "url": "https://pokeapi.co/api/v2/version-group/18/"}}, {"flavor_text": "Una lluvia de hojas afiladas envuelve al objetivo.\nEl retroceso baja mucho el Ataque Especial de quien\nlo usa.", "language": {"name": "es", "url": "https://pokeapi.co/api/v2/language/7/"}, "version_group": {"name": "ultra-sun-ultra-moon", "url": "https://pokeapi.co/api/v2/version-group/18/"}}, {"flavor_text": "Si forma una tempesta di foglie affilate.\nIl contraccolpo riduce di molto l\u2019Attacco Speciale\ndi chi la usa.", "language": {"name": "it", "url": "https://pokeapi.co/api/v2/language/8/"}, "version_group": {"name": "ultra-sun-ultra-moon", "url": "https://pokeapi.co/api/v2/version-group/18/"}}, {"flavor_text": "The user whips up a storm of leaves around the\ntarget. The attack\u2019s recoil harshly lowers the user\u2019s\nSp. Atk stat.", "language": {"name": "en", "url": "https://pokeapi.co/api/v2/language/9/"}, "version_group": {"name": "ultra-sun-ultra-moon", "url": "https://pokeapi.co/api/v2/version-group/18/"}}, {"flavor_text": "\u3068\u304c\u3063\u305f\u3000\u306f\u3063\u3071\u3067\u3000\u76f8\u624b\u306b\u3000\u3042\u3089\u3057\u3092\n\u304a\u3053\u3059\u3002\u4f7f\u3046\u3068\u3000\u53cd\u52d5\u3067\n\u81ea\u5206\u306e\u3000\u7279\u653b\u304c\u3000\u304c\u304f\u3063\u3068\u3000\u3055\u304c\u308b\u3002", "language": {"name": "ja", "url": "https://pokeapi.co/api/v2/language/11/"}, "version_group": {"name": "ultra-sun-ultra-moon", "url": "https://pokeapi.co/api/v2/version-group/18/"}}, {"flavor_text": "\u7528\u5c16\u5c16\u7684\u53f6\u7247\u5411\u5bf9\u624b\u5377\u8d77\u98ce\u66b4\u3002\n\u4f7f\u7528\u4e4b\u540e\u56e0\u4e3a\u53cd\u4f5c\u7528\u529b\n\u81ea\u5df1\u7684\u7279\u653b\u4f1a\u5927\u5e45\u964d\u4f4e\u3002", "language": {"name": "zh-Hans", "url": "https://pokeapi.co/api/v2/language/12/"}, "version_group": {"name": "ultra-sun-ultra-moon", "url": "https://pokeapi.co/api/v2/version-group/18/"}}, {"flavor_text": "\u3068\u304c\u3063\u305f\u3000\u306f\u3063\u3071\u3067\u3000\u3042\u3044\u3066\u306b\u3000\u3042\u3089\u3057\u3092\n\u304a\u3053\u3059\u3002\u3064\u304b\u3046\u3068\u3000\u306f\u3093\u3069\u3046\u3067\n\u3058\u3076\u3093\u306e\u3000\u3068\u304f\u3053\u3046\u304c\u3000\u304c\u304f\u3063\u3068\u3000\u3055\u304c\u308b\u3002", "language": {"name": "ja-Hrkt", "url": "https://pokeapi.co/api/v2/language/1/"}, "version_group": {"name": "lets-go-pikachu-lets-go-eevee", "url": "https://pokeapi.co/api/v2/version-group/19/"}}, {"flavor_text": "\ubfb0\uc871\ud55c \uc78e\uc0ac\uadc0\ub85c \uc0c1\ub300\uc5d0\uac8c \ubc14\ub78c\uc744\n\uc77c\uc73c\ud0a8\ub2e4. \uc0ac\uc6a9\ud558\uba74 \ubc18\ub3d9\uc73c\ub85c\n\uc790\uc2e0\uc758 \ud2b9\uc218\uacf5\uaca9\uc774 \ud06c\uac8c \ub5a8\uc5b4\uc9c4\ub2e4.", "language": {"name": "ko", "url": "https://pokeapi.co/api/v2/language/3/"}, "version_group": {"name": "lets-go-pikachu-lets-go-eevee", "url": "https://pokeapi.co/api/v2/version-group/19/"}}, {"flavor_text": "\u7528\u5c16\u92b3\u7684\u8449\u5b50\u6372\u8d77\u98a8\u66b4\u5411\u5c0d\u624b\u9032\u884c\u653b\u64ca\u3002\n\u4f7f\u7528\u5f8c\u56e0\u70ba\u53cd\u4f5c\u7528\u529b\uff0c\n\u81ea\u5df1\u7684\u7279\u653b\u6703\u5927\u5e45\u964d\u4f4e\u3002", "language": {"name": "zh-Hant", "url": "https://pokeapi.co/api/v2/language/4/"}, "version_group": {"name": "lets-go-pikachu-lets-go-eevee", "url": "https://pokeapi.co/api/v2/version-group/19/"}}, {"flavor_text": "Invoque une temp\u00eate de feuilles ac\u00e9r\u00e9es.\nLe contrecoup r\u00e9duit beaucoup l\u2019Attaque Sp\u00e9ciale\ndu lanceur.", "language": {"name": "fr", "url": "https://pokeapi.co/api/v2/language/5/"}, "version_group": {"name": "lets-go-pikachu-lets-go-eevee", "url": "https://pokeapi.co/api/v2/version-group/19/"}}, {"flavor_text": "Anwender erzeugt einen Sturm aus scharfen\nBl\u00e4ttern. R\u00fccksto\u00df senkt Spezial-Angriff des\nAnwenders stark.", "language": {"name": "de", "url": "https://pokeapi.co/api/v2/language/6/"}, "version_group": {"name": "lets-go-pikachu-lets-go-eevee", "url": "https://pokeapi.co/api/v2/version-group/19/"}}, {"flavor_text": "Una lluvia de hojas afiladas envuelve al objetivo.\nEl retroceso baja mucho el Ataque Especial de quien\nlo usa.", "language": {"name": "es", "url": "https://pokeapi.co/api/v2/language/7/"}, "version_group": {"name": "lets-go-pikachu-lets-go-eevee", "url": "https://pokeapi.co/api/v2/version-group/19/"}}, {"flavor_text": "Si forma una tempesta di foglie affilate.\nIl contraccolpo riduce di molto l\u2019Attacco Speciale\ndi chi la usa.", "language": {"name": "it", "url": "https://pokeapi.co/api/v2/language/8/"}, "version_group": {"name": "lets-go-pikachu-lets-go-eevee", "url": "https://pokeapi.co/api/v2/version-group/19/"}}, {"flavor_text": "The user whips up a storm of leaves around the\ntarget. The attack\u2019s recoil harshly lowers the user\u2019s\nSp. Atk stat.", "language": {"name": "en", "url": "https://pokeapi.co/api/v2/language/9/"}, "version_group": {"name": "lets-go-pikachu-lets-go-eevee", "url": "https://pokeapi.co/api/v2/version-group/19/"}}, {"flavor_text": "\u3068\u304c\u3063\u305f\u3000\u306f\u3063\u3071\u3067\u3000\u76f8\u624b\u306b\u3000\u3042\u3089\u3057\u3092\n\u304a\u3053\u3059\u3002\u4f7f\u3046\u3068\u3000\u53cd\u52d5\u3067\n\u81ea\u5206\u306e\u3000\u7279\u653b\u304c\u3000\u304c\u304f\u3063\u3068\u3000\u3055\u304c\u308b\u3002", "language": {"name": "ja", "url": "https://pokeapi.co/api/v2/language/11/"}, "version_group": {"name": "lets-go-pikachu-lets-go-eevee", "url": "https://pokeapi.co/api/v2/version-group/19/"}}, {"flavor_text": "\u7528\u5c16\u5c16\u7684\u53f6\u7247\u5411\u5bf9\u624b\u5377\u8d77\u98ce\u66b4\u3002\n\u4f7f\u7528\u4e4b\u540e\u56e0\u4e3a\u53cd\u4f5c\u7528\u529b\n\u81ea\u5df1\u7684\u7279\u653b\u4f1a\u5927\u5e45\u964d\u4f4e\u3002", "language": {"name": "zh-Hans", "url": "https://pokeapi.co/api/v2/language/12/"}, "version_group": {"name": "lets-go-pikachu-lets-go-eevee", "url": "https://pokeapi.co/api/v2/version-group/19/"}}, {"flavor_text": "\u3068\u304c\u3063\u305f\u3000\u306f\u3063\u3071\u3067\u3000\u3042\u3044\u3066\u306b\u3000\u3042\u3089\u3057\u3092\n\u304a\u3053\u3059\u3002\u3064\u304b\u3046\u3068\u3000\u306f\u3093\u3069\u3046\u3067\n\u3058\u3076\u3093\u306e\u3000\u3068\u304f\u3053\u3046\u304c\u3000\u304c\u304f\u3063\u3068\u3000\u3055\u304c\u308b\u3002", "language": {"name": "ja-Hrkt", "url": "https://pokeapi.co/api/v2/language/1/"}, "version_group": {"name": "sword-shield", "url": "https://pokeapi.co/api/v2/version-group/20/"}}, {"flavor_text": "\ubfb0\uc871\ud55c \uc78e\uc0ac\uadc0\ub85c \uc0c1\ub300\uc5d0\uac8c \ub3cc\ud48d\uc744\n\uc77c\uc73c\ud0a8\ub2e4. \uc0ac\uc6a9\ud558\uba74 \ubc18\ub3d9\uc73c\ub85c\n\uc790\uc2e0\uc758 \ud2b9\uc218\uacf5\uaca9\uc774 \ud06c\uac8c \ub5a8\uc5b4\uc9c4\ub2e4.", "language": {"name": "ko", "url": "https://pokeapi.co/api/v2/language/3/"}, "version_group": {"name": "sword-shield", "url": "https://pokeapi.co/api/v2/version-group/20/"}}, {"flavor_text": "\u7528\u5c16\u92b3\u7684\u8449\u5b50\u6372\u8d77\u98a8\u66b4\u5411\u5c0d\u624b\u9032\u884c\u653b\u64ca\u3002\n\u4f7f\u7528\u5f8c\u56e0\u70ba\u53cd\u4f5c\u7528\u529b\uff0c\n\u81ea\u5df1\u7684\u7279\u653b\u6703\u5927\u5e45\u964d\u4f4e\u3002", "language": {"name": "zh-Hant", "url": "https://pokeapi.co/api/v2/language/4/"}, "version_group": {"name": "sword-shield", "url": "https://pokeapi.co/api/v2/version-group/20/"}}, {"flavor_text": "Invoque une temp\u00eate de feuilles ac\u00e9r\u00e9es.\nLe contrecoup r\u00e9duit beaucoup l\u2019Attaque Sp\u00e9ciale\ndu lanceur.", "language": {"name": "fr", "url": "https://pokeapi.co/api/v2/language/5/"}, "version_group": {"name": "sword-shield", "url": "https://pokeapi.co/api/v2/version-group/20/"}}, {"flavor_text": "Anwender erzeugt einen Sturm aus scharfen Bl\u00e4ttern.\nR\u00fccksto\u00df senkt Spezial-Angriff des Anwenders stark.", "language": {"name": "de", "url": "https://pokeapi.co/api/v2/language/6/"}, "version_group": {"name": "sword-shield", "url": "https://pokeapi.co/api/v2/version-group/20/"}}, {"flavor_text": "Envuelve al objetivo con una lluvia de hojas afiladas,\npero reduce mucho su Ataque Especial.", "language": {"name": "es", "url": "https://pokeapi.co/api/v2/language/7/"}, "version_group": {"name": "sword-shield", "url": "https://pokeapi.co/api/v2/version-group/20/"}}, {"flavor_text": "Si forma una tempesta di foglie affilate. Il contraccolpo\nriduce di molto l\u2019Attacco Speciale di chi la usa.", "language": {"name": "it", "url": "https://pokeapi.co/api/v2/language/8/"}, "version_group": {"name": "sword-shield", "url": "https://pokeapi.co/api/v2/version-group/20/"}}, {"flavor_text": "The user whips up a storm of leaves around the\ntarget. The attack\u2019s recoil harshly lowers the user\u2019s\nSp. Atk stat.", "language": {"name": "en", "url": "https://pokeapi.co/api/v2/language/9/"}, "version_group": {"name": "sword-shield", "url": "https://pokeapi.co/api/v2/version-group/20/"}}, {"flavor_text": "\u3068\u304c\u3063\u305f\u3000\u306f\u3063\u3071\u3067\u3000\u76f8\u624b\u306b\u3000\u3042\u3089\u3057\u3092\n\u304a\u3053\u3059\u3002\u4f7f\u3046\u3068\u3000\u53cd\u52d5\u3067\n\u81ea\u5206\u306e\u3000\u7279\u653b\u304c\u3000\u304c\u304f\u3063\u3068\u3000\u3055\u304c\u308b\u3002", "language": {"name": "ja", "url": "https://pokeapi.co/api/v2/language/11/"}, "version_group": {"name": "sword-shield", "url": "https://pokeapi.co/api/v2/version-group/20/"}}, {"flavor_text": "\u7528\u5c16\u5c16\u7684\u53f6\u7247\u5411\u5bf9\u624b\u5377\u8d77\u98ce\u66b4\u3002\n\u4f7f\u7528\u4e4b\u540e\u56e0\u4e3a\u53cd\u4f5c\u7528\u529b\n\u81ea\u5df1\u7684\u7279\u653b\u4f1a\u5927\u5e45\u964d\u4f4e\u3002", "language": {"name": "zh-Hans", "url": "https://pokeapi.co/api/v2/language/12/"}, "version_group": {"name": "sword-shield", "url": "https://pokeapi.co/api/v2/version-group/20/"}}, {"flavor_text": "The user whips up a storm of leaves around the target. The recoil from this move lowers the user\u2019s offensive stats.", "language": {"name": "en", "url": "https://pokeapi.co/api/v2/language/9/"}, "version_group": {"name": "legends-arceus", "url": "https://pokeapi.co/api/v2/version-group/24/"}}, {"flavor_text": "The user whips up a storm of leaves around the target. The recoil from this move harshly lowers the user's Sp. Atk stat.", "language": {"name": "en", "url": "https://pokeapi.co/api/v2/language/9/"}, "version_group": {"name": "scarlet-violet", "url": "https://pokeapi.co/api/v2/version-group/25/"}}], "generation": {"name": "generation-iv", "url": "https://pokeapi.co/api/v2/generation/4/"}, "id": 437, "learned_by_pokemon": [{"name": "bulbasaur", "url": "https://pokeapi.co/api/v2/pokemon/1/"}, {"name": "ivysaur", "url": "https://pokeapi.co/api/v2/pokemon/2/"}, {"name": "venusaur", "url": "https://pokeapi.co/api/v2/pokemon/3/"}, {"name": "oddish", "url": "https://pokeapi.co/api/v2/pokemon/43/"}, {"name": "gloom", "url": "https://pokeapi.co/api/v2/pokemon/44/"}, {"name": "vileplume", "url": "https://pokeapi.co/api/v2/pokemon/45/"}, {"name": "bellsprout", "url": "https://pokeapi.co/api/v2/pokemon/69/"}, {"name": "weepinbell", "url": "https://pokeapi.co/api/v2/pokemon/70/"}, {"name": "victreebel", "url": "https://pokeapi.co/api/v2/pokemon/71/"}, {"name": "exeggcute", "url": "https://pokeapi.co/api/v2/pokemon/102/"}, {"name": "exeggutor", "url": "https://pokeapi.co/api/v2/pokemon/103/"}, {"name": "tangela", "url": "https://pokeapi.co/api/v2/pokemon/114/"}, {"name": "mew", "url": "https://pokeapi.co/api/v2/pokemon/151/"}, {"name": "chikorita", "url": "https://pokeapi.co/api/v2/pokemon/152/"}, {"name": "bayleef", "url": "https://pokeapi.co/api/v2/pokemon/153/"}, {"name": "meganium", "url": "https://pokeapi.co/api/v2/pokemon/154/"}, {"name": "bellossom", "url": "https://pokeapi.co/api/v2/pokemon/182/"}, {"name": "hoppip", "url": "https://pokeapi.co/api/v2/pokemon/187/"}, {"name": "skiploom", "url": "https://pokeapi.co/api/v2/pokemon/188/"}, {"name": "jumpluff", "url": "https://pokeapi.co/api/v2/pokemon/189/"}, {"name": "sunkern", "url": "https://pokeapi.co/api/v2/pokemon/191/"}, {"name": "sunflora", "url": "https://pokeapi.co/api/v2/pokemon/192/"}, {"name": "celebi", "url": "https://pokeapi.co/api/v2/pokemon/251/"}, {"name": "treecko", "url": "https://pokeapi.co/api/v2/pokemon/252/"}, {"name": "grovyle", "url": "https://pokeapi.co/api/v2/pokemon/253/"}, {"name": "sceptile", "url": "https://pokeapi.co/api/v2/pokemon/254/"}, {"name": "ludicolo", "url": "https://pokeapi.co/api/v2/pokemon/272/"}, {"name": "seedot", "url": "https://pokeapi.co/api/v2/pokemon/273/"}, {"name": "nuzleaf", "url": "https://pokeapi.co/api/v2/pokemon/274/"}, {"name": "shiftry", "url": "https://pokeapi.co/api/v2/pokemon/275/"}, {"name": "breloom", "url": "https://pokeapi.co/api/v2/pokemon/286/"}, {"name": "roselia", "url": "https://pokeapi.co/api/v2/pokemon/315/"}, {"name": "cacnea", "url": "https://pokeapi.co/api/v2/pokemon/331/"}, {"name": "cacturne", "url": "https://pokeapi.co/api/v2/pokemon/332/"}, {"name": "tropius", "url": "https://pokeapi.co/api/v2/pokemon/357/"}, {"name": "turtwig", "url": "https://pokeapi.co/api/v2/pokemon/387/"}, {"name": "grotle", "url": "https://pokeapi.co/api/v2/pokemon/388/"}, {"name": "torterra", "url": "https://pokeapi.co/api/v2/pokemon/389/"}, {"name": "budew", "url": "https://pokeapi.co/api/v2/pokemon/406/"}, {"name": "roserade", "url": "https://pokeapi.co/api/v2/pokemon/407/"}, {"name": "wormadam-plant", "url": "https://pokeapi.co/api/v2/pokemon/413/"}, {"name": "snover", "url": "https://pokeapi.co/api/v2/pokemon/459/"}, {"name": "abomasnow", "url": "https://pokeapi.co/api/v2/pokemon/460/"}, {"name": "tangrowth", "url": "https://pokeapi.co/api/v2/pokemon/465/"}, {"name": "leafeon", "url": "https://pokeapi.co/api/v2/pokemon/470/"}, {"name": "shaymin-land", "url": "https://pokeapi.co/api/v2/pokemon/492/"}, {"name": "snivy", "url": "https://pokeapi.co/api/v2/pokemon/495/"}, {"name": "servine", "url": "https://pokeapi.co/api/v2/pokemon/496/"}, {"name": "serperior", "url": "https://pokeapi.co/api/v2/pokemon/497/"}, {"name": "pansage", "url": "https://pokeapi.co/api/v2/pokemon/511/"}, {"name": "leavanny", "url": "https://pokeapi.co/api/v2/pokemon/542/"}, {"name": "petilil", "url": "https://pokeapi.co/api/v2/pokemon/548/"}, {"name": "lilligant", "url": "https://pokeapi.co/api/v2/pokemon/549/"}, {"name": "maractus", "url": "https://pokeapi.co/api/v2/pokemon/556/"}, {"name": "deerling", "url": "https://pokeapi.co/api/v2/pokemon/585/"}, {"name": "sawsbuck", "url": "https://pokeapi.co/api/v2/pokemon/586/"}, {"name": "foongus", "url": "https://pokeapi.co/api/v2/pokemon/590/"}, {"name": "amoonguss", "url": "https://pokeapi.co/api/v2/pokemon/591/"}, {"name": "virizion", "url": "https://pokeapi.co/api/v2/pokemon/640/"}, {"name": "chespin", "url": "https://pokeapi.co/api/v2/pokemon/650/"}, {"name": "quilladin", "url": "https://pokeapi.co/api/v2/pokemon/651/"}, {"name": "chesnaught", "url": "https://pokeapi.co/api/v2/pokemon/652/"}, {"name": "skiddo", "url": "https://pokeapi.co/api/v2/pokemon/672/"}, {"name": "gogoat", "url": "https://pokeapi.co/api/v2/pokemon/673/"}, {"name": "trevenant", "url": "https://pokeapi.co/api/v2/pokemon/709/"}, {"name": "rowlet", "url": "https://pokeapi.co/api/v2/pokemon/722/"}, {"name": "dartrix", "url": "https://pokeapi.co/api/v2/pokemon/723/"}, {"name": "decidueye", "url": "https://pokeapi.co/api/v2/pokemon/724/"}, {"name": "fomantis", "url": "https://pokeapi.co/api/v2/pokemon/753/"}, {"name": "lurantis", "url": "https://pokeapi.co/api/v2/pokemon/754/"}, {"name": "bounsweet", "url": "https://pokeapi.co/api/v2/pokemon/761/"}, {"name": "steenee", "url": "https://pokeapi.co/api/v2/pokemon/762/"}, {"name": "tsareena", "url": "https://pokeapi.co/api/v2/pokemon/763/"}, {"name": "grookey", "url": "https://pokeapi.co/api/v2/pokemon/810/"}, {"name": "thwackey", "url": "https://pokeapi.co/api/v2/pokemon/811/"}, {"name": "rillaboom", "url": "https://pokeapi.co/api/v2/pokemon/812/"}, {"name": "gossifleur", "url": "https://pokeapi.co/api/v2/pokemon/829/"}, {"name": "eldegoss", "url": "https://pokeapi.co/api/v2/pokemon/830/"}, {"name": "flapple", "url": "https://pokeapi.co/api/v2/pokemon/841/"}, {"name": "appletun", "url": "https://pokeapi.co/api/v2/pokemon/842/"}, {"name": "zarude", "url": "https://pokeapi.co/api/v2/pokemon/893/"}, {"name": "calyrex", "url": "https://pokeapi.co/api/v2/pokemon/898/"}, {"name": "sprigatito", "url": "https://pokeapi.co/api/v2/pokemon/906/"}, {"name": "floragato", "url": "https://pokeapi.co/api/v2/pokemon/907/"}, {"name": "meowscarada", "url": "https://pokeapi.co/api/v2/pokemon/908/"}, {"name": "smoliv", "url": "https://pokeapi.co/api/v2/pokemon/928/"}, {"name": "dolliv", "url": "https://pokeapi.co/api/v2/pokemon/929/"}, {"name": "arboliva", "url": "https://pokeapi.co/api/v2/pokemon/930/"}, {"name": "bramblin", "url": "https://pokeapi.co/api/v2/pokemon/946/"}, {"name": "brambleghast", "url": "https://pokeapi.co/api/v2/pokemon/947/"}, {"name": "toedscool", "url": "https://pokeapi.co/api/v2/pokemon/948/"}, {"name": "toedscruel", "url": "https://pokeapi.co/api/v2/pokemon/949/"}, {"name": "capsakid", "url": "https://pokeapi.co/api/v2/pokemon/951/"}, {"name": "scovillain", "url": "https://pokeapi.co/api/v2/pokemon/952/"}, {"name": "brute-bonnet", "url": "https://pokeapi.co/api/v2/pokemon/986/"}, {"name": "wo-chien", "url": "https://pokeapi.co/api/v2/pokemon/1001/"}, {"name": "iron-leaves", "url": "https://pokeapi.co/api/v2/pokemon/1010/"}, {"name": "dipplin", "url": "https://pokeapi.co/api/v2/pokemon/1011/"}, {"name": "poltchageist", "url": "https://pokeapi.co/api/v2/pokemon/1012/"}, {"name": "sinistcha", "url": "https://pokeapi.co/api/v2/pokemon/1013/"}, {"name": "ogerpon", "url": "https://pokeapi.co/api/v2/pokemon/1017/"}, {"name": "hydrapple", "url": "https://pokeapi.co/api/v2/pokemon/1019/"}, {"name": "shaymin-sky", "url": "https://pokeapi.co/api/v2/pokemon/10006/"}, {"name": "rotom-mow", "url": "https://pokeapi.co/api/v2/pokemon/10012/"}, {"name": "sceptile-mega", "url": "https://pokeapi.co/api/v2/pokemon/10065/"}, {"name": "exeggutor-alola", "url": "https://pokeapi.co/api/v2/pokemon/10114/"}, {"name": "zarude-dada", "url": "https://pokeapi.co/api/v2/pokemon/10192/"}, {"name": "calyrex-ice", "url": "https://pokeapi.co/api/v2/pokemon/10193/"}, {"name": "calyrex-shadow", "url": "https://pokeapi.co/api/v2/pokemon/10194/"}, {"name": "voltorb-hisui", "url": "https://pokeapi.co/api/v2/pokemon/10231/"}, {"name": "electrode-hisui", "url": "https://pokeapi.co/api/v2/pokemon/10232/"}, {"name": "lilligant-hisui", "url": "https://pokeapi.co/api/v2/pokemon/10237/"}, {"name": "decidueye-hisui", "url": "https://pokeapi.co/api/v2/pokemon/10244/"}, {"name": "ogerpon-wellspring-mask", "url": "https://pokeapi.co/api/v2/pokemon/10273/"}, {"name": "ogerpon-hearthflame-mask", "url": "https://pokeapi.co/api/v2/pokemon/10274/"}, {"name": "ogerpon-cornerstone-mask", "url": "https://pokeapi.co/api/v2/pokemon/10275/"}], "machines": [{"machine": {"url": "https://pokeapi.co/api/v2/machine/1660/"}, "version_group": {"name": "sword-shield", "url": "https://pokeapi.co/api/v2/version-group/20/"}}, {"machine": {"url": "https://pokeapi.co/api/v2/machine/1864/"}, "version_group": {"name": "scarlet-violet", "url": "https://pokeapi.co/api/v2/version-group/25/"}}, {"machine": {"url": "https://pokeapi.co/api/v2/machine/2052/"}, "version_group": {"name": "the-indigo-disk", "url": "https://pokeapi.co/api/v2/version-group/27/"}}], "meta": {"ailment": {"name": "none", "url": "https://pokeapi.co/api/v2/move-ailment/0/"}, "ailment_chance": 0, "category": {"name": "damage+raise", "url": "https://pokeapi.co/api/v2/move-category/7/"}, "crit_rate": 0, "drain": 0, "flinch_chance": 0, "healing": 0, "max_hits": null, "max_turns": null, "min_hits": null, "min_turns": null, "stat_chance": 100}, "name": "leaf-storm", "names": [{"language": {"name": "ja-Hrkt", "url": "https://pokeapi.co/api/v2/language/1/"}, "name": "\u30ea\u30fc\u30d5\u30b9\u30c8\u30fc\u30e0"}, {"language": {"name": "ko", "url": "https://pokeapi.co/api/v2/language/3/"}, "name": "\ub9ac\ud504\uc2a4\ud1b0"}, {"language": {"name": "zh-Hant", "url": "https://pokeapi.co/api/v2/language/4/"}, "name": "\u98db\u8449\u98a8\u66b4"}, {"language": {"name": "fr", "url": "https://pokeapi.co/api/v2/language/5/"}, "name": "Temp\u00eate Verte"}, {"language": {"name": "de", "url": "https://pokeapi.co/api/v2/language/6/"}, "name": "Bl\u00e4ttersturm"}, {"language": {"name": "es", "url": "https://pokeapi.co/api/v2/language/7/"}, "name": "Lluevehojas"}, {"language": {"name": "it", "url": "https://pokeapi.co/api/v2/language/8/"}, "name": "Verdebufera"}, {"language": {"name": "en", "url": "https://pokeapi.co/api/v2/language/9/"}, "name": "Leaf Storm"}, {"language": {"name": "ja", "url": "https://pokeapi.co/api/v2/language/11/"}, "name": "\u30ea\u30fc\u30d5\u30b9\u30c8\u30fc\u30e0"}, {"language": {"name": "zh-Hans", "url": "https://pokeapi.co/api/v2/language/12/"}, "name": "\u98de\u53f6\u98ce\u66b4"}], "past_values": [{"accuracy": null, "effect_chance": null, "effect_entries": [], "power": 140, "pp": null, "type": null, "version_group": {"name": "x-y", "url": "https://pokeapi.co/api/v2/version-group/15/"}}], "power": 130, "pp": 5, "priority": 0, "stat_changes": [{"change": -2, "stat": {"name": "special-attack", "url": "https://pokeapi.co/api/v2/stat/4/"}}], "super_contest_effect": {"url": "https://pokeapi.co/api/v2/super-contest-effect/22/"}, "target": {"name": "selected-pokemon", "url": "https://pokeapi.co/api/v2/move-target/10/"}, "type": {"name": "grass", "url": "https://pokeapi.co/api/v2/type/12/"}}