{"accuracy": null, "contest_combos": null, "contest_effect": {"url": "https://pokeapi.co/api/v2/contest-effect/15/"}, "contest_type": {"name": "tough", "url": "https://pokeapi.co/api/v2/contest-type/5/"}, "damage_class": {"name": "status", "url": "https://pokeapi.co/api/v2/move-damage-class/1/"}, "effect_chance": null, "effect_changes": [], "effect_entries": [{"effect": "Raises the user\u2019s Defense by two stages.", "language": {"name": "en", "url": "https://pokeapi.co/api/v2/language/9/"}, "short_effect": "Raises the user\u2019s Defense by two stages."}], "flavor_text_entries": [{"flavor_text": "Hardens the body\u2019s surface\nto sharply raise DEFENSE.", "language": {"name": "en", "url": "https://pokeapi.co/api/v2/language/9/"}, "version_group": {"name": "ruby-sapphire", "url": "https://pokeapi.co/api/v2/version-group/5/"}}, {"flavor_text": "Hardens the body\u2019s surface\nto sharply raise DEFENSE.", "language": {"name": "en", "url": "https://pokeapi.co/api/v2/language/9/"}, "version_group": {"name": "emerald", "url": "https://pokeapi.co/api/v2/version-group/6/"}}, {"flavor_text": "The user hardens\nits body\u2019s surface\nto sharply raise its\nDEFENSE stat.", "language": {"name": "en", "url": "https://pokeapi.co/api/v2/language/9/"}, "version_group": {"name": "firered-leafgreen", "url": "https://pokeapi.co/api/v2/version-group/7/"}}, {"flavor_text": "The user hardens\nits body\u2019s surface\nlike iron, sharply\nraising its Defense\nstat.", "language": {"name": "en", "url": "https://pokeapi.co/api/v2/language/9/"}, "version_group": {"name": "diamond-pearl", "url": "https://pokeapi.co/api/v2/version-group/8/"}}, {"flavor_text": "The user hardens\nits body\u2019s surface\nlike iron, sharply\nraising its Defense\nstat.", "language": {"name": "en", "url": "https://pokeapi.co/api/v2/language/9/"}, "version_group": {"name": "platinum", "url": "https://pokeapi.co/api/v2/version-group/9/"}}, {"flavor_text": "The user hardens\nits body\u2019s surface\nlike iron, sharply\nraising its Defense\nstat.", "language": {"name": "en", "url": "https://pokeapi.co/api/v2/language/9/"}, "version_group": {"name": "heartgold-soulsilver", "url": "https://pokeapi.co/api/v2/version-group/10/"}}, {"flavor_text": "L\u2019\u00e9piderme du lanceur devient dur comme\ndu fer, ce qui augmente consid\u00e9rablement\nsa D\u00e9fense.", "language": {"name": "fr", "url": "https://pokeapi.co/api/v2/language/5/"}, "version_group": {"name": "black-white", "url": "https://pokeapi.co/api/v2/version-group/11/"}}, {"flavor_text": "The user hardens its body\u2019s surface\nlike iron, sharply raising its\nDefense stat.", "language": {"name": "en", "url": "https://pokeapi.co/api/v2/language/9/"}, "version_group": {"name": "black-white", "url": "https://pokeapi.co/api/v2/version-group/11/"}}, {"flavor_text": "The user hardens its body\u2019s surface\nlike iron, sharply raising its\nDefense stat.", "language": {"name": "en", "url": "https://pokeapi.co/api/v2/language/9/"}, "version_group": {"name": "black-2-white-2", "url": "https://pokeapi.co/api/v2/version-group/14/"}}, {"flavor_text": "\u3072\u3075\u3092\u3000\u3066\u3064\u306e\u3088\u3046\u306b\n\u304b\u305f\u304f\u3059\u308b\u3000\u3053\u3068\u3067\n\u3058\u3076\u3093\u306e\u3000\u307c\u3046\u304e\u3087\u3092\u3000\u3050\u30fc\u3093\u3068\u3000\u3042\u3052\u308b\u3002", "language": {"name": "ja-Hrkt", "url": "https://pokeapi.co/api/v2/language/1/"}, "version_group": {"name": "x-y", "url": "https://pokeapi.co/api/v2/version-group/15/"}}, {"flavor_text": "\ud53c\ubd80\ub97c \uc1e0\ucc98\ub7fc\n\ub2e8\ub2e8\ud558\uac8c \ud568\uc73c\ub85c\uc368\n\uc790\uc2e0\uc758 \ubc29\uc5b4\ub97c \ud06c\uac8c \uc62c\ub9b0\ub2e4.", "language": {"name": "ko", "url": "https://pokeapi.co/api/v2/language/3/"}, "version_group": {"name": "x-y", "url": "https://pokeapi.co/api/v2/version-group/15/"}}, {"flavor_text": "L\u2019\u00e9piderme du lanceur devient dur comme du fer,\nce qui augmente consid\u00e9rablement sa D\u00e9fense.", "language": {"name": "fr", "url": "https://pokeapi.co/api/v2/language/5/"}, "version_group": {"name": "x-y", "url": "https://pokeapi.co/api/v2/version-group/15/"}}, {"flavor_text": "Anwender st\u00e4rkt den K\u00f6rper, um den\nVerteidigungs-Wert stark zu erh\u00f6hen.", "language": {"name": "de", "url": "https://pokeapi.co/api/v2/language/6/"}, "version_group": {"name": "x-y", "url": "https://pokeapi.co/api/v2/version-group/15/"}}, {"flavor_text": "Fortalece el cuerpo como si fuera de hierro y sube\nmucho la Defensa.", "language": {"name": "es", "url": "https://pokeapi.co/api/v2/language/7/"}, "version_group": {"name": "x-y", "url": "https://pokeapi.co/api/v2/version-group/15/"}}, {"flavor_text": "Il corpo di chi la usa si indurisce come il ferro,\nfacendone salire di molto la Difesa.", "language": {"name": "it", "url": "https://pokeapi.co/api/v2/language/8/"}, "version_group": {"name": "x-y", "url": "https://pokeapi.co/api/v2/version-group/15/"}}, {"flavor_text": "The user hardens its body\u2019s surface\nlike iron, sharply raising its\nDefense stat.", "language": {"name": "en", "url": "https://pokeapi.co/api/v2/language/9/"}, "version_group": {"name": "x-y", "url": "https://pokeapi.co/api/v2/version-group/15/"}}, {"flavor_text": "\u76ae\u819a\u3092\u3000\u9244\u306e\u3088\u3046\u306b\n\u786c\u304f\u3059\u308b\u3000\u3053\u3068\u3067\n\u81ea\u5206\u306e\u3000\u9632\u5fa1\u3092\u3000\u3050\u30fc\u3093\u3068\u3000\u3042\u3052\u308b\u3002", "language": {"name": "ja", "url": "https://pokeapi.co/api/v2/language/11/"}, "version_group": {"name": "x-y", "url": "https://pokeapi.co/api/v2/version-group/15/"}}, {"flavor_text": "\u3072\u3075\u3092\u3000\u3066\u3064\u306e\u3088\u3046\u306b\n\u304b\u305f\u304f\u3059\u308b\u3000\u3053\u3068\u3067\n\u3058\u3076\u3093\u306e\u3000\u307c\u3046\u304e\u3087\u3092\u3000\u3050\u30fc\u3093\u3068\u3000\u3042\u3052\u308b\u3002", "language": {"name": "ja-Hrkt", "url": "https://pokeapi.co/api/v2/language/1/"}, "version_group": {"name": "omega-ruby-alpha-sapphire", "url": "https://pokeapi.co/api/v2/version-group/16/"}}, {"flavor_text": "\ud53c\ubd80\ub97c \uc1e0\ucc98\ub7fc\n\ub2e8\ub2e8\ud558\uac8c \ud568\uc73c\ub85c\uc368\n\uc790\uc2e0\uc758 \ubc29\uc5b4\ub97c \ud06c\uac8c \uc62c\ub9b0\ub2e4.", "language": {"name": "ko", "url": "https://pokeapi.co/api/v2/language/3/"}, "version_group": {"name": "omega-ruby-alpha-sapphire", "url": "https://pokeapi.co/api/v2/version-group/16/"}}, {"flavor_text": "L\u2019\u00e9piderme du lanceur devient dur comme du fer,\nce qui augmente consid\u00e9rablement sa D\u00e9fense.", "language": {"name": "fr", "url": "https://pokeapi.co/api/v2/language/5/"}, "version_group": {"name": "omega-ruby-alpha-sapphire", "url": "https://pokeapi.co/api/v2/version-group/16/"}}, {"flavor_text": "Anwender st\u00e4rkt den K\u00f6rper, um den\nVerteidigungs-Wert stark zu erh\u00f6hen.", "language": {"name": "de", "url": "https://pokeapi.co/api/v2/language/6/"}, "version_group": {"name": "omega-ruby-alpha-sapphire", "url": "https://pokeapi.co/api/v2/version-group/16/"}}, {"flavor_text": "Fortalece el cuerpo como si fuera de hierro y sube \nmucho la Defensa.", "language": {"name": "es", "url": "https://pokeapi.co/api/v2/language/7/"}, "version_group": {"name": "omega-ruby-alpha-sapphire", "url": "https://pokeapi.co/api/v2/version-group/16/"}}, {"flavor_text": "Il corpo di chi la usa si indurisce come il ferro,\nfacendone salire di molto la Difesa.", "language": {"name": "it", "url": "https://pokeapi.co/api/v2/language/8/"}, "version_group": {"name": "omega-ruby-alpha-sapphire", "url": "https://pokeapi.co/api/v2/version-group/16/"}}, {"flavor_text": "The user hardens its body\u2019s surface\nlike iron, sharply raising its\nDefense stat.", "language": {"name": "en", "url": "https://pokeapi.co/api/v2/language/9/"}, "version_group": {"name": "omega-ruby-alpha-sapphire", "url": "https://pokeapi.co/api/v2/version-group/16/"}}, {"flavor_text": "\u76ae\u819a\u3092\u3000\u9244\u306e\u3088\u3046\u306b\n\u786c\u304f\u3059\u308b\u3000\u3053\u3068\u3067\n\u81ea\u5206\u306e\u3000\u9632\u5fa1\u3092\u3000\u3050\u30fc\u3093\u3068\u3000\u3042\u3052\u308b\u3002", "language": {"name": "ja", "url": "https://pokeapi.co/api/v2/language/11/"}, "version_group": {"name": "omega-ruby-alpha-sapphire", "url": "https://pokeapi.co/api/v2/version-group/16/"}}, {"flavor_text": "\u3072\u3075\u3092\u3000\u3066\u3064\u306e\u3088\u3046\u306b\n\u304b\u305f\u304f\u3059\u308b\u3000\u3053\u3068\u3067\n\u3058\u3076\u3093\u306e\u3000\u307c\u3046\u304e\u3087\u3092\u3000\u3050\u30fc\u3093\u3068\u3000\u3042\u3052\u308b\u3002", "language": {"name": "ja-Hrkt", "url": "https://pokeapi.co/api/v2/language/1/"}, "version_group": {"name": "sun-moon", "url": "https://pokeapi.co/api/v2/version-group/17/"}}, {"flavor_text": "\ud53c\ubd80\ub97c \uc1e0\ucc98\ub7fc\n\ub2e8\ub2e8\ud558\uac8c \ud568\uc73c\ub85c\uc368\n\uc790\uc2e0\uc758 \ubc29\uc5b4\ub97c \ud06c\uac8c \uc62c\ub9b0\ub2e4.", "language": {"name": "ko", "url": "https://pokeapi.co/api/v2/language/3/"}, "version_group": {"name": "sun-moon", "url": "https://pokeapi.co/api/v2/version-group/17/"}}, {"flavor_text": "\u5c07\u76ae\u819a\u8b8a\u5f97\u5805\u786c\u5982\u9435\uff0c\n\u5927\u5e45\u63d0\u9ad8\u81ea\u5df1\u7684\u9632\u79a6\u3002", "language": {"name": "zh-Hant", "url": "https://pokeapi.co/api/v2/language/4/"}, "version_group": {"name": "sun-moon", "url": "https://pokeapi.co/api/v2/version-group/17/"}}, {"flavor_text": "L\u2019\u00e9piderme du lanceur devient dur comme du fer,\nce qui augmente beaucoup sa D\u00e9fense.", "language": {"name": "fr", "url": "https://pokeapi.co/api/v2/language/5/"}, "version_group": {"name": "sun-moon", "url": "https://pokeapi.co/api/v2/version-group/17/"}}, {"flavor_text": "Anwender st\u00e4rkt den K\u00f6rper, um den\nVerteidigungs-Wert stark zu erh\u00f6hen.", "language": {"name": "de", "url": "https://pokeapi.co/api/v2/language/6/"}, "version_group": {"name": "sun-moon", "url": "https://pokeapi.co/api/v2/version-group/17/"}}, {"flavor_text": "Fortalece el cuerpo como si fuera de hierro y sube \nmucho la Defensa.", "language": {"name": "es", "url": "https://pokeapi.co/api/v2/language/7/"}, "version_group": {"name": "sun-moon", "url": "https://pokeapi.co/api/v2/version-group/17/"}}, {"flavor_text": "Il corpo di chi la usa si indurisce come il ferro,\nfacendone salire di molto la Difesa.", "language": {"name": "it", "url": "https://pokeapi.co/api/v2/language/8/"}, "version_group": {"name": "sun-moon", "url": "https://pokeapi.co/api/v2/version-group/17/"}}, {"flavor_text": "The user hardens its body\u2019s surface like iron,\nsharply raising its Defense stat.", "language": {"name": "en", "url": "https://pokeapi.co/api/v2/language/9/"}, "version_group": {"name": "sun-moon", "url": "https://pokeapi.co/api/v2/version-group/17/"}}, {"flavor_text": "\u76ae\u819a\u3092\u3000\u9244\u306e\u3088\u3046\u306b\n\u786c\u304f\u3059\u308b\u3000\u3053\u3068\u3067\n\u81ea\u5206\u306e\u3000\u9632\u5fa1\u3092\u3000\u3050\u30fc\u3093\u3068\u3000\u3042\u3052\u308b\u3002", "language": {"name": "ja", "url": "https://pokeapi.co/api/v2/language/11/"}, "version_group": {"name": "sun-moon", "url": "https://pokeapi.co/api/v2/version-group/17/"}}, {"flavor_text": "\u5c06\u76ae\u80a4\u53d8\u5f97\u575a\u786c\u5982\u94c1\uff0c\n\u4ece\u800c\u5927\u5e45\u63d0\u9ad8\u81ea\u5df1\u7684\u9632\u5fa1\u3002", "language": {"name": "zh-Hans", "url": "https://pokeapi.co/api/v2/language/12/"}, "version_group": {"name": "sun-moon", "url": "https://pokeapi.co/api/v2/version-group/17/"}}, {"flavor_text": "\u3072\u3075\u3092\u3000\u3066\u3064\u306e\u3088\u3046\u306b\n\u304b\u305f\u304f\u3059\u308b\u3000\u3053\u3068\u3067\n\u3058\u3076\u3093\u306e\u3000\u307c\u3046\u304e\u3087\u3092\u3000\u3050\u30fc\u3093\u3068\u3000\u3042\u3052\u308b\u3002", "language": {"name": "ja-Hrkt", "url": "https://pokeapi.co/api/v2/language/1/"}, "version_group": {"name": "ultra-sun-ultra-moon", "url": "https://pokeapi.co/api/v2/version-group/18/"}}, {"flavor_text": "\ud53c\ubd80\ub97c \uc1e0\ucc98\ub7fc\n\ub2e8\ub2e8\ud558\uac8c \ud568\uc73c\ub85c\uc368\n\uc790\uc2e0\uc758 \ubc29\uc5b4\ub97c \ud06c\uac8c \uc62c\ub9b0\ub2e4.", "language": {"name": "ko", "url": "https://pokeapi.co/api/v2/language/3/"}, "version_group": {"name": "ultra-sun-ultra-moon", "url": "https://pokeapi.co/api/v2/version-group/18/"}}, {"flavor_text": "\u5c07\u76ae\u819a\u8b8a\u5f97\u5805\u786c\u5982\u9435\uff0c\n\u5927\u5e45\u63d0\u9ad8\u81ea\u5df1\u7684\u9632\u79a6\u3002", "language": {"name": "zh-Hant", "url": "https://pokeapi.co/api/v2/language/4/"}, "version_group": {"name": "ultra-sun-ultra-moon", "url": "https://pokeapi.co/api/v2/version-group/18/"}}, {"flavor_text": "L\u2019\u00e9piderme du lanceur devient dur comme du fer,\nce qui augmente beaucoup sa D\u00e9fense.", "language": {"name": "fr", "url": "https://pokeapi.co/api/v2/language/5/"}, "version_group": {"name": "ultra-sun-ultra-moon", "url": "https://pokeapi.co/api/v2/version-group/18/"}}, {"flavor_text": "Anwender st\u00e4rkt den K\u00f6rper, um den\nVerteidigungs-Wert stark zu erh\u00f6hen.", "language": {"name": "de", "url": "https://pokeapi.co/api/v2/language/6/"}, "version_group": {"name": "ultra-sun-ultra-moon", "url": "https://pokeapi.co/api/v2/version-group/18/"}}, {"flavor_text": "Fortalece el cuerpo como si fuera de hierro y sube \nmucho la Defensa.", "language": {"name": "es", "url": "https://pokeapi.co/api/v2/language/7/"}, "version_group": {"name": "ultra-sun-ultra-moon", "url": "https://pokeapi.co/api/v2/version-group/18/"}}, {"flavor_text": "Il corpo di chi la usa si indurisce come il ferro,\nfacendone salire di molto la Difesa.", "language": {"name": "it", "url": "https://pokeapi.co/api/v2/language/8/"}, "version_group": {"name": "ultra-sun-ultra-moon", "url": "https://pokeapi.co/api/v2/version-group/18/"}}, {"flavor_text": "The user hardens its body\u2019s surface like iron,\nsharply raising its Defense stat.", "language": {"name": "en", "url": "https://pokeapi.co/api/v2/language/9/"}, "version_group": {"name": "ultra-sun-ultra-moon", "url": "https://pokeapi.co/api/v2/version-group/18/"}}, {"flavor_text": "\u76ae\u819a\u3092\u3000\u9244\u306e\u3088\u3046\u306b\n\u786c\u304f\u3059\u308b\u3000\u3053\u3068\u3067\n\u81ea\u5206\u306e\u3000\u9632\u5fa1\u3092\u3000\u3050\u30fc\u3093\u3068\u3000\u3042\u3052\u308b\u3002", "language": {"name": "ja", "url": "https://pokeapi.co/api/v2/language/11/"}, "version_group": {"name": "ultra-sun-ultra-moon", "url": "https://pokeapi.co/api/v2/version-group/18/"}}, {"flavor_text": "\u5c06\u76ae\u80a4\u53d8\u5f97\u575a\u786c\u5982\u94c1\uff0c\n\u4ece\u800c\u5927\u5e45\u63d0\u9ad8\u81ea\u5df1\u7684\u9632\u5fa1\u3002", "language": {"name": "zh-Hans", "url": "https://pokeapi.co/api/v2/language/12/"}, "version_group": {"name": "ultra-sun-ultra-moon", "url": "https://pokeapi.co/api/v2/version-group/18/"}}, {"flavor_text": "\u3072\u3075\u3092\u3000\u3066\u3064\u306e\u3088\u3046\u306b\n\u304b\u305f\u304f\u3059\u308b\u3000\u3053\u3068\u3067\n\u3058\u3076\u3093\u306e\u3000\u307c\u3046\u304e\u3087\u3092\u3000\u3050\u30fc\u3093\u3068\u3000\u3042\u3052\u308b\u3002", "language": {"name": "ja-Hrkt", "url": "https://pokeapi.co/api/v2/language/1/"}, "version_group": {"name": "lets-go-pikachu-lets-go-eevee", "url": "https://pokeapi.co/api/v2/version-group/19/"}}, {"flavor_text": "\ud53c\ubd80\ub97c \uc1e0\ucc98\ub7fc\n\ub2e8\ub2e8\ud558\uac8c \ud568\uc73c\ub85c\uc368\n\uc790\uc2e0\uc758 \ubc29\uc5b4\ub97c \ud06c\uac8c \uc62c\ub9b0\ub2e4.", "language": {"name": "ko", "url": "https://pokeapi.co/api/v2/language/3/"}, "version_group": {"name": "lets-go-pikachu-lets-go-eevee", "url": "https://pokeapi.co/api/v2/version-group/19/"}}, {"flavor_text": "\u5c07\u76ae\u819a\u8b8a\u5f97\u5805\u786c\u5982\u9435\uff0c\n\u5927\u5e45\u63d0\u9ad8\u81ea\u5df1\u7684\u9632\u79a6\u3002", "language": {"name": "zh-Hant", "url": "https://pokeapi.co/api/v2/language/4/"}, "version_group": {"name": "lets-go-pikachu-lets-go-eevee", "url": "https://pokeapi.co/api/v2/version-group/19/"}}, {"flavor_text": "L\u2019\u00e9piderme du lanceur devient dur comme du fer,\nce qui augmente beaucoup sa D\u00e9fense.", "language": {"name": "fr", "url": "https://pokeapi.co/api/v2/language/5/"}, "version_group": {"name": "lets-go-pikachu-lets-go-eevee", "url": "https://pokeapi.co/api/v2/version-group/19/"}}, {"flavor_text": "Anwender st\u00e4rkt den K\u00f6rper, um den\nVerteidigungs-Wert stark zu erh\u00f6hen.", "language": {"name": "de", "url": "https://pokeapi.co/api/v2/language/6/"}, "version_group": {"name": "lets-go-pikachu-lets-go-eevee", "url": "https://pokeapi.co/api/v2/version-group/19/"}}, {"flavor_text": "Fortalece el cuerpo como si fuera de hierro y sube \nmucho la Defensa.", "language": {"name": "es", "url": "https://pokeapi.co/api/v2/language/7/"}, "version_group": {"name": "lets-go-pikachu-lets-go-eevee", "url": "https://pokeapi.co/api/v2/version-group/19/"}}, {"flavor_text": "Il corpo di chi la usa si indurisce come il ferro,\nfacendone salire di molto la Difesa.", "language": {"name": "it", "url": "https://pokeapi.co/api/v2/language/8/"}, "version_group": {"name": "lets-go-pikachu-lets-go-eevee", "url": "https://pokeapi.co/api/v2/version-group/19/"}}, {"flavor_text": "The user hardens its body\u2019s surface like iron,\nsharply raising its Defense stat.", "language": {"name": "en", "url": "https://pokeapi.co/api/v2/language/9/"}, "version_group": {"name": "lets-go-pikachu-lets-go-eevee", "url": "https://pokeapi.co/api/v2/version-group/19/"}}, {"flavor_text": "\u76ae\u819a\u3092\u3000\u9244\u306e\u3088\u3046\u306b\n\u786c\u304f\u3059\u308b\u3000\u3053\u3068\u3067\n\u81ea\u5206\u306e\u3000\u9632\u5fa1\u3092\u3000\u3050\u30fc\u3093\u3068\u3000\u3042\u3052\u308b\u3002", "language": {"name": "ja", "url": "https://pokeapi.co/api/v2/language/11/"}, "version_group": {"name": "lets-go-pikachu-lets-go-eevee", "url": "https://pokeapi.co/api/v2/version-group/19/"}}, {"flavor_text": "\u5c06\u76ae\u80a4\u53d8\u5f97\u575a\u786c\u5982\u94c1\uff0c\n\u4ece\u800c\u5927\u5e45\u63d0\u9ad8\u81ea\u5df1\u7684\u9632\u5fa1\u3002", "language": {"name": "zh-Hans", "url": "https://pokeapi.co/api/v2/language/12/"}, "version_group": {"name": "lets-go-pikachu-lets-go-eevee", "url": "https://pokeapi.co/api/v2/version-group/19/"}}, {"flavor_text": "\u3072\u3075\u3092\u3000\u3066\u3064\u306e\u3088\u3046\u306b\n\u304b\u305f\u304f\u3059\u308b\u3000\u3053\u3068\u3067\n\u3058\u3076\u3093\u306e\u3000\u307c\u3046\u304e\u3087\u3092\u3000\u3050\u30fc\u3093\u3068\u3000\u3042\u3052\u308b\u3002", "language": {"name": "ja-Hrkt", "url": "https://pokeapi.co/api/v2/language/1/"}, "version_group": {"name": "sword-shield", "url": "https://pokeapi.co/api/v2/version-group/20/"}}, {"flavor_text": "\ud53c\ubd80\ub97c \uc1e0\ucc98\ub7fc\n\ub2e8\ub2e8\ud558\uac8c \ub9cc\ub4e6\uc73c\ub85c\uc368\n\uc790\uc2e0\uc758 \ubc29\uc5b4\ub97c \ud06c\uac8c \uc62c\ub9b0\ub2e4.", "language": {"name": "ko", "url": "https://pokeapi.co/api/v2/language/3/"}, "version_group": {"name": "sword-shield", "url": "https://pokeapi.co/api/v2/version-group/20/"}}, {"flavor_text": "\u5c07\u76ae\u819a\u8b8a\u5f97\u5805\u786c\u5982\u9435\uff0c\n\u5927\u5e45\u63d0\u9ad8\u81ea\u5df1\u7684\u9632\u79a6\u3002", "language": {"name": "zh-Hant", "url": "https://pokeapi.co/api/v2/language/4/"}, "version_group": {"name": "sword-shield", "url": "https://pokeapi.co/api/v2/version-group/20/"}}, {"flavor_text": "L\u2019\u00e9piderme du lanceur devient dur comme du fer,\nce qui augmente beaucoup sa D\u00e9fense.", "language": {"name": "fr", "url": "https://pokeapi.co/api/v2/language/5/"}, "version_group": {"name": "sword-shield", "url": "https://pokeapi.co/api/v2/version-group/20/"}}, {"flavor_text": "Anwender st\u00e4rkt den K\u00f6rper, um den\nVerteidigungs-Wert stark zu erh\u00f6hen.", "language": {"name": "de", "url": "https://pokeapi.co/api/v2/language/6/"}, "version_group": {"name": "sword-shield", "url": "https://pokeapi.co/api/v2/version-group/20/"}}, {"flavor_text": "Fortalece el cuerpo como si fuera de hierro y sube \nmucho la Defensa.", "language": {"name": "es", "url": "https://pokeapi.co/api/v2/language/7/"}, "version_group": {"name": "sword-shield", "url": "https://pokeapi.co/api/v2/version-group/20/"}}, {"flavor_text": "Il corpo di chi la usa si indurisce come il ferro,\nfacendone salire di molto la Difesa.", "language": {"name": "it", "url": "https://pokeapi.co/api/v2/language/8/"}, "version_group": {"name": "sword-shield", "url": "https://pokeapi.co/api/v2/version-group/20/"}}, {"flavor_text": "The user hardens its body\u2019s surface like iron,\nsharply raising its Defense stat.", "language": {"name": "en", "url": "https://pokeapi.co/api/v2/language/9/"}, "version_group": {"name": "sword-shield", "url": "https://pokeapi.co/api/v2/version-group/20/"}}, {"flavor_text": "\u76ae\u819a\u3092\u3000\u9244\u306e\u3088\u3046\u306b\n\u786c\u304f\u3059\u308b\u3000\u3053\u3068\u3067\n\u81ea\u5206\u306e\u3000\u9632\u5fa1\u3092\u3000\u3050\u30fc\u3093\u3068\u3000\u3042\u3052\u308b\u3002", "language": {"name": "ja", "url": "https://pokeapi.co/api/v2/language/11/"}, "version_group": {"name": "sword-shield", "url": "https://pokeapi.co/api/v2/version-group/20/"}}, {"flavor_text": "\u5c06\u76ae\u80a4\u53d8\u5f97\u575a\u786c\u5982\u94c1\uff0c\n\u4ece\u800c\u5927\u5e45\u63d0\u9ad8\u81ea\u5df1\u7684\u9632\u5fa1\u3002", "language": {"name": "zh-Hans", "url": "https://pokeapi.co/api/v2/language/12/"}, "version_group": {"name": "sword-shield", "url": "https://pokeapi.co/api/v2/version-group/20/"}}, {"flavor_text": "The user hardens its body's surface like iron, raising its defensive stats.", "language": {"name": "en", "url": "https://pokeapi.co/api/v2/language/9/"}, "version_group": {"name": "legends-arceus", "url": "https://pokeapi.co/api/v2/version-group/24/"}}, {"flavor_text": "The user hardens its body's surface like iron, sharply boosting its Defense stat.", "language": {"name": "en", "url": "https://pokeapi.co/api/v2/language/9/"}, "version_group": {"name": "scarlet-violet", "url": "https://pokeapi.co/api/v2/version-group/25/"}}], "generation": {"name": "generation-iii", "url": "https://pokeapi.co/api/v2/generation/3/"}, "id": 334, "learned_by_pokemon": [{"name": "squirtle", "url": "https://pokeapi.co/api/v2/pokemon/7/"}, {"name": "wartortle", "url": "https://pokeapi.co/api/v2/pokemon/8/"}, {"name": "blastoise", "url": "https://pokeapi.co/api/v2/pokemon/9/"}, {"name": "metapod", "url": "https://pokeapi.co/api/v2/pokemon/11/"}, {"name": "butterfree", "url": "https://pokeapi.co/api/v2/pokemon/12/"}, {"name": "kakuna", "url": "https://pokeapi.co/api/v2/pokemon/14/"}, {"name": "geodude", "url": "https://pokeapi.co/api/v2/pokemon/74/"}, {"name": "graveler", "url": "https://pokeapi.co/api/v2/pokemon/75/"}, {"name": "golem", "url": "https://pokeapi.co/api/v2/pokemon/76/"}, {"name": "slowbro", "url": "https://pokeapi.co/api/v2/pokemon/80/"}, {"name": "magnemite", "url": "https://pokeapi.co/api/v2/pokemon/81/"}, {"name": "magneton", "url": "https://pokeapi.co/api/v2/pokemon/82/"}, {"name": "shellder", "url": "https://pokeapi.co/api/v2/pokemon/90/"}, {"name": "cloyster", "url": "https://pokeapi.co/api/v2/pokemon/91/"}, {"name": "krabby", "url": "https://pokeapi.co/api/v2/pokemon/98/"}, {"name": "kingler", "url": "https://pokeapi.co/api/v2/pokemon/99/"}, {"name": "cubone", "url": "https://pokeapi.co/api/v2/pokemon/104/"}, {"name": "marowak", "url": "https://pokeapi.co/api/v2/pokemon/105/"}, {"name": "rhydon", "url": "https://pokeapi.co/api/v2/pokemon/112/"}, {"name": "mr-mime", "url": "https://pokeapi.co/api/v2/pokemon/122/"}, {"name": "pinsir", "url": "https://pokeapi.co/api/v2/pokemon/127/"}, {"name": "omanyte", "url": "https://pokeapi.co/api/v2/pokemon/138/"}, {"name": "omastar", "url": "https://pokeapi.co/api/v2/pokemon/139/"}, {"name": "kabuto", "url": "https://pokeapi.co/api/v2/pokemon/140/"}, {"name": "kabutops", "url": "https://pokeapi.co/api/v2/pokemon/141/"}, {"name": "mew", "url": "https://pokeapi.co/api/v2/pokemon/151/"}, {"name": "sudowoodo", "url": "https://pokeapi.co/api/v2/pokemon/185/"}, {"name": "slowking", "url": "https://pokeapi.co/api/v2/pokemon/199/"}, {"name": "pineco", "url": "https://pokeapi.co/api/v2/pokemon/204/"}, {"name": "forretress", "url": "https://pokeapi.co/api/v2/pokemon/205/"}, {"name": "steelix", "url": "https://pokeapi.co/api/v2/pokemon/208/"}, {"name": "scizor", "url": "https://pokeapi.co/api/v2/pokemon/212/"}, {"name": "shuckle", "url": "https://pokeapi.co/api/v2/pokemon/213/"}, {"name": "heracross", "url": "https://pokeapi.co/api/v2/pokemon/214/"}, {"name": "slugma", "url": "https://pokeapi.co/api/v2/pokemon/218/"}, {"name": "magcargo", "url": "https://pokeapi.co/api/v2/pokemon/219/"}, {"name": "corsola", "url": "https://pokeapi.co/api/v2/pokemon/222/"}, {"name": "skarmory", "url": "https://pokeapi.co/api/v2/pokemon/227/"}, {"name": "donphan", "url": "https://pokeapi.co/api/v2/pokemon/232/"}, {"name": "larvitar", "url": "https://pokeapi.co/api/v2/pokemon/246/"}, {"name": "pupitar", "url": "https://pokeapi.co/api/v2/pokemon/247/"}, {"name": "tyranitar", "url": "https://pokeapi.co/api/v2/pokemon/248/"}, {"name": "silcoon", "url": "https://pokeapi.co/api/v2/pokemon/266/"}, {"name": "beautifly", "url": "https://pokeapi.co/api/v2/pokemon/267/"}, {"name": "cascoon", "url": "https://pokeapi.co/api/v2/pokemon/268/"}, {"name": "dustox", "url": "https://pokeapi.co/api/v2/pokemon/269/"}, {"name": "nosepass", "url": "https://pokeapi.co/api/v2/pokemon/299/"}, {"name": "mawile", "url": "https://pokeapi.co/api/v2/pokemon/303/"}, {"name": "aron", "url": "https://pokeapi.co/api/v2/pokemon/304/"}, {"name": "lairon", "url": "https://pokeapi.co/api/v2/pokemon/305/"}, {"name": "aggron", "url": "https://pokeapi.co/api/v2/pokemon/306/"}, {"name": "torkoal", "url": "https://pokeapi.co/api/v2/pokemon/324/"}, {"name": "solrock", "url": "https://pokeapi.co/api/v2/pokemon/338/"}, {"name": "corphish", "url": "https://pokeapi.co/api/v2/pokemon/341/"}, {"name": "crawdaunt", "url": "https://pokeapi.co/api/v2/pokemon/342/"}, {"name": "claydol", "url": "https://pokeapi.co/api/v2/pokemon/344/"}, {"name": "anorith", "url": "https://pokeapi.co/api/v2/pokemon/347/"}, {"name": "armaldo", "url": "https://pokeapi.co/api/v2/pokemon/348/"}, {"name": "clamperl", "url": "https://pokeapi.co/api/v2/pokemon/366/"}, {"name": "huntail", "url": "https://pokeapi.co/api/v2/pokemon/367/"}, {"name": "gorebyss", "url": "https://pokeapi.co/api/v2/pokemon/368/"}, {"name": "relicanth", "url": "https://pokeapi.co/api/v2/pokemon/369/"}, {"name": "bagon", "url": "https://pokeapi.co/api/v2/pokemon/371/"}, {"name": "shelgon", "url": "https://pokeapi.co/api/v2/pokemon/372/"}, {"name": "salamence", "url": "https://pokeapi.co/api/v2/pokemon/373/"}, {"name": "beldum", "url": "https://pokeapi.co/api/v2/pokemon/374/"}, {"name": "metang", "url": "https://pokeapi.co/api/v2/pokemon/375/"}, {"name": "metagross", "url": "https://pokeapi.co/api/v2/pokemon/376/"}, {"name": "regirock", "url": "https://pokeapi.co/api/v2/pokemon/377/"}, {"name": "registeel", "url": "https://pokeapi.co/api/v2/pokemon/379/"}, {"name": "jirachi", "url": "https://pokeapi.co/api/v2/pokemon/385/"}, {"name": "torterra", "url": "https://pokeapi.co/api/v2/pokemon/389/"}, {"name": "empoleon", "url": "https://pokeapi.co/api/v2/pokemon/395/"}, {"name": "shieldon", "url": "https://pokeapi.co/api/v2/pokemon/410/"}, {"name": "bastiodon", "url": "https://pokeapi.co/api/v2/pokemon/411/"}, {"name": "bronzor", "url": "https://pokeapi.co/api/v2/pokemon/436/"}, {"name": "bronzong", "url": "https://pokeapi.co/api/v2/pokemon/437/"}, {"name": "bonsly", "url": "https://pokeapi.co/api/v2/pokemon/438/"}, {"name": "mime-jr", "url": "https://pokeapi.co/api/v2/pokemon/439/"}, {"name": "riolu", "url": "https://pokeapi.co/api/v2/pokemon/447/"}, {"name": "lucario", "url": "https://pokeapi.co/api/v2/pokemon/448/"}, {"name": "drapion", "url": "https://pokeapi.co/api/v2/pokemon/452/"}, {"name": "magnezone", "url": "https://pokeapi.co/api/v2/pokemon/462/"}, {"name": "rhyperior", "url": "https://pokeapi.co/api/v2/pokemon/464/"}, {"name": "probopass", "url": "https://pokeapi.co/api/v2/pokemon/476/"}, {"name": "dialga", "url": "https://pokeapi.co/api/v2/pokemon/483/"}, {"name": "heatran", "url": "https://pokeapi.co/api/v2/pokemon/485/"}, {"name": "arceus", "url": "https://pokeapi.co/api/v2/pokemon/493/"}, {"name": "roggenrola", "url": "https://pokeapi.co/api/v2/pokemon/524/"}, {"name": "boldore", "url": "https://pokeapi.co/api/v2/pokemon/525/"}, {"name": "gigalith", "url": "https://pokeapi.co/api/v2/pokemon/526/"}, {"name": "drilbur", "url": "https://pokeapi.co/api/v2/pokemon/529/"}, {"name": "excadrill", "url": "https://pokeapi.co/api/v2/pokemon/530/"}, {"name": "sewaddle", "url": "https://pokeapi.co/api/v2/pokemon/540/"}, {"name": "swadloon", "url": "https://pokeapi.co/api/v2/pokemon/541/"}, {"name": "leavanny", "url": "https://pokeapi.co/api/v2/pokemon/542/"}, {"name": "venipede", "url": "https://pokeapi.co/api/v2/pokemon/543/"}, {"name": "whirlipede", "url": "https://pokeapi.co/api/v2/pokemon/544/"}, {"name": "scolipede", "url": "https://pokeapi.co/api/v2/pokemon/545/"}, {"name": "darmanitan-standard", "url": "https://pokeapi.co/api/v2/pokemon/555/"}, {"name": "dwebble", "url": "https://pokeapi.co/api/v2/pokemon/557/"}, {"name": "crustle", "url": "https://pokeapi.co/api/v2/pokemon/558/"}, {"name": "scraggy", "url": "https://pokeapi.co/api/v2/pokemon/559/"}, {"name": "scrafty", "url": "https://pokeapi.co/api/v2/pokemon/560/"}, {"name": "yamask", "url": "https://pokeapi.co/api/v2/pokemon/562/"}, {"name": "cofagrigus", "url": "https://pokeapi.co/api/v2/pokemon/563/"}, {"name": "tirtouga", "url": "https://pokeapi.co/api/v2/pokemon/564/"}, {"name": "carracosta", "url": "https://pokeapi.co/api/v2/pokemon/565/"}, {"name": "archen", "url": "https://pokeapi.co/api/v2/pokemon/566/"}, {"name": "archeops", "url": "https://pokeapi.co/api/v2/pokemon/567/"}, {"name": "solosis", "url": "https://pokeapi.co/api/v2/pokemon/577/"}, {"name": "duosion", "url": "https://pokeapi.co/api/v2/pokemon/578/"}, {"name": "reuniclus", "url": "https://pokeapi.co/api/v2/pokemon/579/"}, {"name": "vanillite", "url": "https://pokeapi.co/api/v2/pokemon/582/"}, {"name": "vanillish", "url": "https://pokeapi.co/api/v2/pokemon/583/"}, {"name": "vanilluxe", "url": "https://pokeapi.co/api/v2/pokemon/584/"}, {"name": "karrablast", "url": "https://pokeapi.co/api/v2/pokemon/588/"}, {"name": "escavalier", "url": "https://pokeapi.co/api/v2/pokemon/589/"}, {"name": "ferroseed", "url": "https://pokeapi.co/api/v2/pokemon/597/"}, {"name": "ferrothorn", "url": "https://pokeapi.co/api/v2/pokemon/598/"}, {"name": "klink", "url": "https://pokeapi.co/api/v2/pokemon/599/"}, {"name": "klang", "url": "https://pokeapi.co/api/v2/pokemon/600/"}, {"name": "klinklang", "url": "https://pokeapi.co/api/v2/pokemon/601/"}, {"name": "cryogonal", "url": "https://pokeapi.co/api/v2/pokemon/615/"}, {"name": "golett", "url": "https://pokeapi.co/api/v2/pokemon/622/"}, {"name": "golurk", "url": "https://pokeapi.co/api/v2/pokemon/623/"}, {"name": "pawniard", "url": "https://pokeapi.co/api/v2/pokemon/624/"}, {"name": "bisharp", "url": "https://pokeapi.co/api/v2/pokemon/625/"}, {"name": "vullaby", "url": "https://pokeapi.co/api/v2/pokemon/629/"}, {"name": "mandibuzz", "url": "https://pokeapi.co/api/v2/pokemon/630/"}, {"name": "durant", "url": "https://pokeapi.co/api/v2/pokemon/632/"}, {"name": "cobalion", "url": "https://pokeapi.co/api/v2/pokemon/638/"}, {"name": "genesect", "url": "https://pokeapi.co/api/v2/pokemon/649/"}, {"name": "chespin", "url": "https://pokeapi.co/api/v2/pokemon/650/"}, {"name": "quilladin", "url": "https://pokeapi.co/api/v2/pokemon/651/"}, {"name": "chesnaught", "url": "https://pokeapi.co/api/v2/pokemon/652/"}, {"name": "spewpa", "url": "https://pokeapi.co/api/v2/pokemon/665/"}, {"name": "vivillon", "url": "https://pokeapi.co/api/v2/pokemon/666/"}, {"name": "honedge", "url": "https://pokeapi.co/api/v2/pokemon/679/"}, {"name": "doublade", "url": "https://pokeapi.co/api/v2/pokemon/680/"}, {"name": "aegislash-shield", "url": "https://pokeapi.co/api/v2/pokemon/681/"}, {"name": "binacle", "url": "https://pokeapi.co/api/v2/pokemon/688/"}, {"name": "barbaracle", "url": "https://pokeapi.co/api/v2/pokemon/689/"}, {"name": "tyrunt", "url": "https://pokeapi.co/api/v2/pokemon/696/"}, {"name": "tyrantrum", "url": "https://pokeapi.co/api/v2/pokemon/697/"}, {"name": "amaura", "url": "https://pokeapi.co/api/v2/pokemon/698/"}, {"name": "aurorus", "url": "https://pokeapi.co/api/v2/pokemon/699/"}, {"name": "carbink", "url": "https://pokeapi.co/api/v2/pokemon/703/"}, {"name": "klefki", "url": "https://pokeapi.co/api/v2/pokemon/707/"}, {"name": "bergmite", "url": "https://pokeapi.co/api/v2/pokemon/712/"}, {"name": "avalugg", "url": "https://pokeapi.co/api/v2/pokemon/713/"}, {"name": "diancie", "url": "https://pokeapi.co/api/v2/pokemon/719/"}, {"name": "charjabug", "url": "https://pokeapi.co/api/v2/pokemon/737/"}, {"name": "vikavolt", "url": "https://pokeapi.co/api/v2/pokemon/738/"}, {"name": "crabrawler", "url": "https://pokeapi.co/api/v2/pokemon/739/"}, {"name": "crabominable", "url": "https://pokeapi.co/api/v2/pokemon/740/"}, {"name": "rockruff", "url": "https://pokeapi.co/api/v2/pokemon/744/"}, {"name": "lycanroc-midday", "url": "https://pokeapi.co/api/v2/pokemon/745/"}, {"name": "mareanie", "url": "https://pokeapi.co/api/v2/pokemon/747/"}, {"name": "toxapex", "url": "https://pokeapi.co/api/v2/pokemon/748/"}, {"name": "mudbray", "url": "https://pokeapi.co/api/v2/pokemon/749/"}, {"name": "mudsdale", "url": "https://pokeapi.co/api/v2/pokemon/750/"}, {"name": "dewpider", "url": "https://pokeapi.co/api/v2/pokemon/751/"}, {"name": "araquanid", "url": "https://pokeapi.co/api/v2/pokemon/752/"}, {"name": "golisopod", "url": "https://pokeapi.co/api/v2/pokemon/768/"}, {"name": "sandygast", "url": "https://pokeapi.co/api/v2/pokemon/769/"}, {"name": "palossand", "url": "https://pokeapi.co/api/v2/pokemon/770/"}, {"name": "type-null", "url": "https://pokeapi.co/api/v2/pokemon/772/"}, {"name": "silvally", "url": "https://pokeapi.co/api/v2/pokemon/773/"}, {"name": "turtonator", "url": "https://pokeapi.co/api/v2/pokemon/776/"}, {"name": "dhelmise", "url": "https://pokeapi.co/api/v2/pokemon/781/"}, {"name": "jangmo-o", "url": "https://pokeapi.co/api/v2/pokemon/782/"}, {"name": "hakamo-o", "url": "https://pokeapi.co/api/v2/pokemon/783/"}, {"name": "kommo-o", "url": "https://pokeapi.co/api/v2/pokemon/784/"}, {"name": "tapu-koko", "url": "https://pokeapi.co/api/v2/pokemon/785/"}, {"name": "tapu-lele", "url": "https://pokeapi.co/api/v2/pokemon/786/"}, {"name": "tapu-bulu", "url": "https://pokeapi.co/api/v2/pokemon/787/"}, {"name": "tapu-fini", "url": "https://pokeapi.co/api/v2/pokemon/788/"}, {"name": "solgaleo", "url": "https://pokeapi.co/api/v2/pokemon/791/"}, {"name": "celesteela", "url": "https://pokeapi.co/api/v2/pokemon/797/"}, {"name": "kartana", "url": "https://pokeapi.co/api/v2/pokemon/798/"}, {"name": "guzzlord", "url": "https://pokeapi.co/api/v2/pokemon/799/"}, {"name": "necrozma", "url": "https://pokeapi.co/api/v2/pokemon/800/"}, {"name": "magearna", "url": "https://pokeapi.co/api/v2/pokemon/801/"}, {"name": "stakataka", "url": "https://pokeapi.co/api/v2/pokemon/805/"}, {"name": "meltan", "url": "https://pokeapi.co/api/v2/pokemon/808/"}, {"name": "melmetal", "url": "https://pokeapi.co/api/v2/pokemon/809/"}, {"name": "corviknight", "url": "https://pokeapi.co/api/v2/pokemon/823/"}, {"name": "dottler", "url": "https://pokeapi.co/api/v2/pokemon/825/"}, {"name": "orbeetle", "url": "https://pokeapi.co/api/v2/pokemon/826/"}, {"name": "drednaw", "url": "https://pokeapi.co/api/v2/pokemon/834/"}, {"name": "rolycoly", "url": "https://pokeapi.co/api/v2/pokemon/837/"}, {"name": "carkol", "url": "https://pokeapi.co/api/v2/pokemon/838/"}, {"name": "coalossal", "url": "https://pokeapi.co/api/v2/pokemon/839/"}, {"name": "flapple", "url": "https://pokeapi.co/api/v2/pokemon/841/"}, {"name": "appletun", "url": "https://pokeapi.co/api/v2/pokemon/842/"}, {"name": "sandaconda", "url": "https://pokeapi.co/api/v2/pokemon/844/"}, {"name": "obstagoon", "url": "https://pokeapi.co/api/v2/pokemon/862/"}, {"name": "perrserker", "url": "https://pokeapi.co/api/v2/pokemon/863/"}, {"name": "cursola", "url": "https://pokeapi.co/api/v2/pokemon/864/"}, {"name": "sirfetchd", "url": "https://pokeapi.co/api/v2/pokemon/865/"}, {"name": "mr-rime", "url": "https://pokeapi.co/api/v2/pokemon/866/"}, {"name": "runerigus", "url": "https://pokeapi.co/api/v2/pokemon/867/"}, {"name": "falinks", "url": "https://pokeapi.co/api/v2/pokemon/870/"}, {"name": "stonjourner", "url": "https://pokeapi.co/api/v2/pokemon/874/"}, {"name": "eiscue-ice", "url": "https://pokeapi.co/api/v2/pokemon/875/"}, {"name": "cufant", "url": "https://pokeapi.co/api/v2/pokemon/878/"}, {"name": "copperajah", "url": "https://pokeapi.co/api/v2/pokemon/879/"}, {"name": "arctovish", "url": "https://pokeapi.co/api/v2/pokemon/883/"}, {"name": "duraludon", "url": "https://pokeapi.co/api/v2/pokemon/884/"}, {"name": "zacian", "url": "https://pokeapi.co/api/v2/pokemon/888/"}, {"name": "zamazenta", "url": "https://pokeapi.co/api/v2/pokemon/889/"}, {"name": "urshifu-single-strike", "url": "https://pokeapi.co/api/v2/pokemon/892/"}, {"name": "glastrier", "url": "https://pokeapi.co/api/v2/pokemon/896/"}, {"name": "enamorus-incarnate", "url": "https://pokeapi.co/api/v2/pokemon/905/"}, {"name": "nacli", "url": "https://pokeapi.co/api/v2/pokemon/932/"}, {"name": "naclstack", "url": "https://pokeapi.co/api/v2/pokemon/933/"}, {"name": "garganacl", "url": "https://pokeapi.co/api/v2/pokemon/934/"}, {"name": "armarouge", "url": "https://pokeapi.co/api/v2/pokemon/936/"}, {"name": "ceruledge", "url": "https://pokeapi.co/api/v2/pokemon/937/"}, {"name": "klawf", "url": "https://pokeapi.co/api/v2/pokemon/950/"}, {"name": "rellor", "url": "https://pokeapi.co/api/v2/pokemon/953/"}, {"name": "rabsca", "url": "https://pokeapi.co/api/v2/pokemon/954/"}, {"name": "varoom", "url": "https://pokeapi.co/api/v2/pokemon/965/"}, {"name": "revavroom", "url": "https://pokeapi.co/api/v2/pokemon/966/"}, {"name": "orthworm", "url": "https://pokeapi.co/api/v2/pokemon/968/"}, {"name": "glimmet", "url": "https://pokeapi.co/api/v2/pokemon/969/"}, {"name": "glimmora", "url": "https://pokeapi.co/api/v2/pokemon/970/"}, {"name": "kingambit", "url": "https://pokeapi.co/api/v2/pokemon/983/"}, {"name": "sandy-shocks", "url": "https://pokeapi.co/api/v2/pokemon/989/"}, {"name": "iron-treads", "url": "https://pokeapi.co/api/v2/pokemon/990/"}, {"name": "iron-hands", "url": "https://pokeapi.co/api/v2/pokemon/992/"}, {"name": "iron-thorns", "url": "https://pokeapi.co/api/v2/pokemon/995/"}, {"name": "iron-leaves", "url": "https://pokeapi.co/api/v2/pokemon/1010/"}, {"name": "poltchageist", "url": "https://pokeapi.co/api/v2/pokemon/1012/"}, {"name": "sinistcha", "url": "https://pokeapi.co/api/v2/pokemon/1013/"}, {"name": "archaludon", "url": "https://pokeapi.co/api/v2/pokemon/1018/"}, {"name": "iron-boulder", "url": "https://pokeapi.co/api/v2/pokemon/1022/"}, {"name": "iron-crown", "url": "https://pokeapi.co/api/v2/pokemon/1023/"}, {"name": "deoxys-defense", "url": "https://pokeapi.co/api/v2/pokemon/10002/"}, {"name": "wormadam-trash", "url": "https://pokeapi.co/api/v2/pokemon/10005/"}, {"name": "darmanitan-zen", "url": "https://pokeapi.co/api/v2/pokemon/10017/"}, {"name": "aegislash-blade", "url": "https://pokeapi.co/api/v2/pokemon/10026/"}, {"name": "blastoise-mega", "url": "https://pokeapi.co/api/v2/pokemon/10036/"}, {"name": "pinsir-mega", "url": "https://pokeapi.co/api/v2/pokemon/10040/"}, {"name": "scizor-mega", "url": "https://pokeapi.co/api/v2/pokemon/10046/"}, {"name": "heracross-mega", "url": "https://pokeapi.co/api/v2/pokemon/10047/"}, {"name": "tyranitar-mega", "url": "https://pokeapi.co/api/v2/pokemon/10049/"}, {"name": "mawile-mega", "url": "https://pokeapi.co/api/v2/pokemon/10052/"}, {"name": "aggron-mega", "url": "https://pokeapi.co/api/v2/pokemon/10053/"}, {"name": "lucario-mega", "url": "https://pokeapi.co/api/v2/pokemon/10059/"}, {"name": "slowbro-mega", "url": "https://pokeapi.co/api/v2/pokemon/10071/"}, {"name": "diancie-mega", "url": "https://pokeapi.co/api/v2/pokemon/10075/"}, {"name": "metagross-mega", "url": "https://pokeapi.co/api/v2/pokemon/10076/"}, {"name": "sandshrew-alola", "url": "https://pokeapi.co/api/v2/pokemon/10101/"}, {"name": "sandslash-alola", "url": "https://pokeapi.co/api/v2/pokemon/10102/"}, {"name": "diglett-alola", "url": "https://pokeapi.co/api/v2/pokemon/10105/"}, {"name": "dugtrio-alola", "url": "https://pokeapi.co/api/v2/pokemon/10106/"}, {"name": "geodude-alola", "url": "https://pokeapi.co/api/v2/pokemon/10109/"}, {"name": "graveler-alola", "url": "https://pokeapi.co/api/v2/pokemon/10110/"}, {"name": "golem-alola", "url": "https://pokeapi.co/api/v2/pokemon/10111/"}, {"name": "marowak-alola", "url": "https://pokeapi.co/api/v2/pokemon/10115/"}, {"name": "vikavolt-totem", "url": "https://pokeapi.co/api/v2/pokemon/10122/"}, {"name": "lycanroc-midnight", "url": "https://pokeapi.co/api/v2/pokemon/10126/"}, {"name": "kommo-o-totem", "url": "https://pokeapi.co/api/v2/pokemon/10146/"}, {"name": "magearna-original", "url": "https://pokeapi.co/api/v2/pokemon/10147/"}, {"name": "marowak-totem", "url": "https://pokeapi.co/api/v2/pokemon/10149/"}, {"name": "rockruff-own-tempo", "url": "https://pokeapi.co/api/v2/pokemon/10151/"}, {"name": "lycanroc-dusk", "url": "https://pokeapi.co/api/v2/pokemon/10152/"}, {"name": "araquanid-totem", "url": "https://pokeapi.co/api/v2/pokemon/10153/"}, {"name": "necrozma-dusk", "url": "https://pokeapi.co/api/v2/pokemon/10155/"}, {"name": "necrozma-dawn", "url": "https://pokeapi.co/api/v2/pokemon/10156/"}, {"name": "necrozma-ultra", "url": "https://pokeapi.co/api/v2/pokemon/10157/"}, {"name": "meowth-galar", "url": "https://pokeapi.co/api/v2/pokemon/10161/"}, {"name": "slowbro-galar", "url": "https://pokeapi.co/api/v2/pokemon/10165/"}, {"name": "mr-mime-galar", "url": "https://pokeapi.co/api/v2/pokemon/10168/"}, {"name": "slowking-galar", "url": "https://pokeapi.co/api/v2/pokemon/10172/"}, {"name": "corsola-galar", "url": "https://pokeapi.co/api/v2/pokemon/10173/"}, {"name": "darmanitan-galar-standard", "url": "https://pokeapi.co/api/v2/pokemon/10177/"}, {"name": "darmanitan-galar-zen", "url": "https://pokeapi.co/api/v2/pokemon/10178/"}, {"name": "yamask-galar", "url": "https://pokeapi.co/api/v2/pokemon/10179/"}, {"name": "stunfisk-galar", "url": "https://pokeapi.co/api/v2/pokemon/10180/"}, {"name": "eiscue-noice", "url": "https://pokeapi.co/api/v2/pokemon/10185/"}, {"name": "zacian-crowned", "url": "https://pokeapi.co/api/v2/pokemon/10188/"}, {"name": "zamazenta-crowned", "url": "https://pokeapi.co/api/v2/pokemon/10189/"}, {"name": "urshifu-rapid-strike", "url": "https://pokeapi.co/api/v2/pokemon/10191/"}, {"name": "calyrex-ice", "url": "https://pokeapi.co/api/v2/pokemon/10193/"}, {"name": "avalugg-hisui", "url": "https://pokeapi.co/api/v2/pokemon/10243/"}, {"name": "dialga-origin", "url": "https://pokeapi.co/api/v2/pokemon/10245/"}, {"name": "enamorus-therian", "url": "https://pokeapi.co/api/v2/pokemon/10249/"}], "machines": [{"machine": {"url": "https://pokeapi.co/api/v2/machine/1635/"}, "version_group": {"name": "sword-shield", "url": "https://pokeapi.co/api/v2/version-group/20/"}}, {"machine": {"url": "https://pokeapi.co/api/v2/machine/1809/"}, "version_group": {"name": "scarlet-violet", "url": "https://pokeapi.co/api/v2/version-group/25/"}}, {"machine": {"url": "https://pokeapi.co/api/v2/machine/2008/"}, "version_group": {"name": "the-indigo-disk", "url": "https://pokeapi.co/api/v2/version-group/27/"}}], "meta": {"ailment": {"name": "none", "url": "https://pokeapi.co/api/v2/move-ailment/0/"}, "ailment_chance": 0, "category": {"name": "net-good-stats", "url": "https://pokeapi.co/api/v2/move-category/2/"}, "crit_rate": 0, "drain": 0, "flinch_chance": 0, "healing": 0, "max_hits": null, "max_turns": null, "min_hits": null, "min_turns": null, "stat_chance": 0}, "name": "iron-defense", "names": [{"language": {"name": "ja-Hrkt", "url": "https://pokeapi.co/api/v2/language/1/"}, "name": "\u3066\u3063\u307a\u304d"}, {"language": {"name": "ko", "url": "https://pokeapi.co/api/v2/language/3/"}, "name": "\ucca0\ubcbd"}, {"language": {"name": "zh-Hant", "url": "https://pokeapi.co/api/v2/language/4/"}, "name": "\u9435\u58c1"}, {"language": {"name": "fr", "url": "https://pokeapi.co/api/v2/language/5/"}, "name": "Mur de Fer"}, {"language": {"name": "de", "url": "https://pokeapi.co/api/v2/language/6/"}, "name": "Eisenabwehr"}, {"language": {"name": "es", "url": "https://pokeapi.co/api/v2/language/7/"}, "name": "Defensa F\u00e9rrea"}, {"language": {"name": "it", "url": "https://pokeapi.co/api/v2/language/8/"}, "name": "Ferroscudo"}, {"language": {"name": "en", "url": "https://pokeapi.co/api/v2/language/9/"}, "name": "Iron Defense"}, {"language": {"name": "ja", "url": "https://pokeapi.co/api/v2/language/11/"}, "name": "\u3066\u3063\u307a\u304d"}, {"language": {"name": "zh-Hans", "url": "https://pokeapi.co/api/v2/language/12/"}, "name": "\u94c1\u58c1"}], "past_values": [], "power": null, "pp": 15, "priority": 0, "stat_changes": [{"change": 2, "stat": {"name": "defense", "url": "https://pokeapi.co/api/v2/stat/3/"}}], "super_contest_effect": {"url": "https://pokeapi.co/api/v2/super-contest-effect/13/"}, "target": {"name": "user", "url": "https://pokeapi.co/api/v2/move-target/7/"}, "type": {"name": "steel", "url": "https://pokeapi.co/api/v2/type/9/"}}