{"accuracy": 100, "contest_combos": null, "contest_effect": null, "contest_type": {"name": "tough", "url": "https://pokeapi.co/api/v2/contest-type/5/"}, "damage_class": {"name": "physical", "url": "https://pokeapi.co/api/v2/move-damage-class/2/"}, "effect_chance": null, "effect_changes": [], "effect_entries": [{"effect": "Inflicts regular damage.  Power and type are determined by the user\u2019s held item.  The item is consumed.  If the user is not holding an item, or its item has no set type and power, this move will fail.\n\nThis move ignores sticky hold.\n\nIf the user is under the effect of embargo, this move will fail.", "language": {"name": "en", "url": "https://pokeapi.co/api/v2/language/9/"}, "short_effect": "Throws held item at the target; power depends on the item."}], "flavor_text_entries": [{"flavor_text": "The user flings its\nheld item at the foe\nto attack. Its power\nand effects depend\non the item.", "language": {"name": "en", "url": "https://pokeapi.co/api/v2/language/9/"}, "version_group": {"name": "diamond-pearl", "url": "https://pokeapi.co/api/v2/version-group/8/"}}, {"flavor_text": "The user flings its\nheld item at the foe\nto attack. Its power\nand effects depend\non the item.", "language": {"name": "en", "url": "https://pokeapi.co/api/v2/language/9/"}, "version_group": {"name": "platinum", "url": "https://pokeapi.co/api/v2/version-group/9/"}}, {"flavor_text": "The user flings its\nheld item at the foe\nto attack. Its power\nand effects depend\non the item.", "language": {"name": "en", "url": "https://pokeapi.co/api/v2/language/9/"}, "version_group": {"name": "heartgold-soulsilver", "url": "https://pokeapi.co/api/v2/version-group/10/"}}, {"flavor_text": "Le lanceur envoie l\u2019objet qu\u2019il tient\nsur l\u2019ennemi. La puissance et les\neffets d\u00e9pendent de l\u2019objet.", "language": {"name": "fr", "url": "https://pokeapi.co/api/v2/language/5/"}, "version_group": {"name": "black-white", "url": "https://pokeapi.co/api/v2/version-group/11/"}}, {"flavor_text": "The user flings its held item at the target\nto attack. Its power and effects depend\non the item.", "language": {"name": "en", "url": "https://pokeapi.co/api/v2/language/9/"}, "version_group": {"name": "black-white", "url": "https://pokeapi.co/api/v2/version-group/11/"}}, {"flavor_text": "The user flings its held item at the target\nto attack. Its power and effects depend\non the item.", "language": {"name": "en", "url": "https://pokeapi.co/api/v2/language/9/"}, "version_group": {"name": "black-2-white-2", "url": "https://pokeapi.co/api/v2/version-group/14/"}}, {"flavor_text": "\u3082\u305f\u305b\u305f\u3000\u3069\u3046\u3050\u3092\n\u3059\u3070\u3084\u304f\u3000\u306a\u3052\u3064\u3051\u3066\u3000\u3053\u3046\u3052\u304d\u3059\u308b\u3002\n\u3069\u3046\u3050\u3067\u3000\u3044\u308a\u3087\u304f\u3068\u3000\u3053\u3046\u304b\u304c\u3000\u304b\u308f\u308b\u3002", "language": {"name": "ja-Hrkt", "url": "https://pokeapi.co/api/v2/language/1/"}, "version_group": {"name": "x-y", "url": "https://pokeapi.co/api/v2/version-group/15/"}}, {"flavor_text": "\uc9c0\ub2c8\uac8c \ud55c \ub3c4\uad6c\ub97c\n\uc7ac\ube60\ub974\uac8c \ub0b4\ub358\uc838\uc11c \uacf5\uaca9\ud55c\ub2e4.\n\ub3c4\uad6c\uc5d0 \ub530\ub77c \uc704\ub825\uacfc \ud6a8\uacfc\uac00 \ubc14\ub010\ub2e4.", "language": {"name": "ko", "url": "https://pokeapi.co/api/v2/language/3/"}, "version_group": {"name": "x-y", "url": "https://pokeapi.co/api/v2/version-group/15/"}}, {"flavor_text": "Le lanceur envoie l\u2019objet qu\u2019il tient sur l\u2019ennemi.\nLa puissance et les effets d\u00e9pendent de l\u2019objet.", "language": {"name": "fr", "url": "https://pokeapi.co/api/v2/language/5/"}, "version_group": {"name": "x-y", "url": "https://pokeapi.co/api/v2/version-group/15/"}}, {"flavor_text": "Anwender schleudert sein Item auf das Ziel.\nKraft und Effekt der Attacke h\u00e4ngen vom Item ab.", "language": {"name": "de", "url": "https://pokeapi.co/api/v2/language/6/"}, "version_group": {"name": "x-y", "url": "https://pokeapi.co/api/v2/version-group/15/"}}, {"flavor_text": "Lanza contra el objetivo el objeto que lleva. La\nfuerza del ataque y su efecto var\u00edan seg\u00fan el\nobjeto.", "language": {"name": "es", "url": "https://pokeapi.co/api/v2/language/7/"}, "version_group": {"name": "x-y", "url": "https://pokeapi.co/api/v2/version-group/15/"}}, {"flavor_text": "Chi la usa lancia il suo strumento addosso\nal bersaglio. La forza e l\u2019effetto dipendono\ndallo strumento.", "language": {"name": "it", "url": "https://pokeapi.co/api/v2/language/8/"}, "version_group": {"name": "x-y", "url": "https://pokeapi.co/api/v2/version-group/15/"}}, {"flavor_text": "The user flings its held item at the target\nto attack. This move\u2019s power and effects\ndepend on the item.", "language": {"name": "en", "url": "https://pokeapi.co/api/v2/language/9/"}, "version_group": {"name": "x-y", "url": "https://pokeapi.co/api/v2/version-group/15/"}}, {"flavor_text": "\u6301\u305f\u305b\u305f\u3000\u9053\u5177\u3092\n\u7d20\u65e9\u304f\u3000\u6295\u3052\u3064\u3051\u3066\u3000\u653b\u6483\u3059\u308b\u3002\n\u9053\u5177\u3067\u3000\u5a01\u529b\u3068\u3000\u52b9\u679c\u304c\u3000\u5909\u308f\u308b\u3002", "language": {"name": "ja", "url": "https://pokeapi.co/api/v2/language/11/"}, "version_group": {"name": "x-y", "url": "https://pokeapi.co/api/v2/version-group/15/"}}, {"flavor_text": "\u3082\u305f\u305b\u305f\u3000\u3069\u3046\u3050\u3092\n\u3059\u3070\u3084\u304f\u3000\u306a\u3052\u3064\u3051\u3066\u3000\u3053\u3046\u3052\u304d\u3059\u308b\u3002\n\u3069\u3046\u3050\u3067\u3000\u3044\u308a\u3087\u304f\u3068\u3000\u3053\u3046\u304b\u304c\u3000\u304b\u308f\u308b\u3002", "language": {"name": "ja-Hrkt", "url": "https://pokeapi.co/api/v2/language/1/"}, "version_group": {"name": "omega-ruby-alpha-sapphire", "url": "https://pokeapi.co/api/v2/version-group/16/"}}, {"flavor_text": "\uc9c0\ub2c8\uac8c \ud55c \ub3c4\uad6c\ub97c\n\uc7ac\ube60\ub974\uac8c \ub0b4\ub358\uc838\uc11c \uacf5\uaca9\ud55c\ub2e4.\n\ub3c4\uad6c\uc5d0 \ub530\ub77c \uc704\ub825\uacfc \ud6a8\uacfc\uac00 \ubc14\ub010\ub2e4.", "language": {"name": "ko", "url": "https://pokeapi.co/api/v2/language/3/"}, "version_group": {"name": "omega-ruby-alpha-sapphire", "url": "https://pokeapi.co/api/v2/version-group/16/"}}, {"flavor_text": "Le lanceur envoie l\u2019objet qu\u2019il tient sur l\u2019ennemi.\nLa puissance et les effets d\u00e9pendent de l\u2019objet.", "language": {"name": "fr", "url": "https://pokeapi.co/api/v2/language/5/"}, "version_group": {"name": "omega-ruby-alpha-sapphire", "url": "https://pokeapi.co/api/v2/version-group/16/"}}, {"flavor_text": "Anwender schleudert sein Item auf das Ziel.\nKraft und Effekt der Attacke h\u00e4ngen vom Item ab.", "language": {"name": "de", "url": "https://pokeapi.co/api/v2/language/6/"}, "version_group": {"name": "omega-ruby-alpha-sapphire", "url": "https://pokeapi.co/api/v2/version-group/16/"}}, {"flavor_text": "Lanza contra el objetivo el objeto que lleva. La fuerza \ndel ataque y su efecto var\u00edan seg\u00fan el objeto.", "language": {"name": "es", "url": "https://pokeapi.co/api/v2/language/7/"}, "version_group": {"name": "omega-ruby-alpha-sapphire", "url": "https://pokeapi.co/api/v2/version-group/16/"}}, {"flavor_text": "Chi la usa lancia il suo strumento addosso\nal bersaglio. La forza e l\u2019effetto dipendono\ndallo strumento.", "language": {"name": "it", "url": "https://pokeapi.co/api/v2/language/8/"}, "version_group": {"name": "omega-ruby-alpha-sapphire", "url": "https://pokeapi.co/api/v2/version-group/16/"}}, {"flavor_text": "The user flings its held item at the target\nto attack. This move\u2019s power and effects\ndepend on the item.", "language": {"name": "en", "url": "https://pokeapi.co/api/v2/language/9/"}, "version_group": {"name": "omega-ruby-alpha-sapphire", "url": "https://pokeapi.co/api/v2/version-group/16/"}}, {"flavor_text": "\u6301\u305f\u305b\u305f\u3000\u9053\u5177\u3092\n\u7d20\u65e9\u304f\u3000\u6295\u3052\u3064\u3051\u3066\u3000\u653b\u6483\u3059\u308b\u3002\n\u9053\u5177\u3067\u3000\u5a01\u529b\u3068\u3000\u52b9\u679c\u304c\u3000\u5909\u308f\u308b\u3002", "language": {"name": "ja", "url": "https://pokeapi.co/api/v2/language/11/"}, "version_group": {"name": "omega-ruby-alpha-sapphire", "url": "https://pokeapi.co/api/v2/version-group/16/"}}, {"flavor_text": "\u3082\u305f\u305b\u305f\u3000\u3069\u3046\u3050\u3092\n\u3059\u3070\u3084\u304f\u3000\u306a\u3052\u3064\u3051\u3066\u3000\u3053\u3046\u3052\u304d\u3059\u308b\u3002\n\u3069\u3046\u3050\u3067\u3000\u3044\u308a\u3087\u304f\u3068\u3000\u3053\u3046\u304b\u304c\u3000\u304b\u308f\u308b\u3002", "language": {"name": "ja-Hrkt", "url": "https://pokeapi.co/api/v2/language/1/"}, "version_group": {"name": "sun-moon", "url": "https://pokeapi.co/api/v2/version-group/17/"}}, {"flavor_text": "\uc9c0\ub2c8\uac8c \ud55c \ub3c4\uad6c\ub97c\n\uc7ac\ube60\ub974\uac8c \ub0b4\ub358\uc838\uc11c \uacf5\uaca9\ud55c\ub2e4.\n\ub3c4\uad6c\uc5d0 \ub530\ub77c \uc704\ub825\uacfc \ud6a8\uacfc\uac00 \ubc14\ub010\ub2e4.", "language": {"name": "ko", "url": "https://pokeapi.co/api/v2/language/3/"}, "version_group": {"name": "sun-moon", "url": "https://pokeapi.co/api/v2/version-group/17/"}}, {"flavor_text": "\u5feb\u901f\u6295\u64f2\u651c\u5e36\u7684\u9053\u5177\u9032\u884c\u653b\u64ca\u3002\n\u62db\u5f0f\u5a01\u529b\u548c\u6548\u679c\u6703\u96a8\u8457\n\u9053\u5177\u4e0d\u540c\u800c\u6539\u8b8a\u3002", "language": {"name": "zh-Hant", "url": "https://pokeapi.co/api/v2/language/4/"}, "version_group": {"name": "sun-moon", "url": "https://pokeapi.co/api/v2/version-group/17/"}}, {"flavor_text": "Le lanceur envoie l\u2019objet qu\u2019il tient sur l\u2019ennemi.\nLa puissance et les effets d\u00e9pendent de l\u2019objet.", "language": {"name": "fr", "url": "https://pokeapi.co/api/v2/language/5/"}, "version_group": {"name": "sun-moon", "url": "https://pokeapi.co/api/v2/version-group/17/"}}, {"flavor_text": "Anwender schleudert sein Item auf das Ziel.\nSt\u00e4rke und Effekt der Attacke h\u00e4ngen vom Item ab.", "language": {"name": "de", "url": "https://pokeapi.co/api/v2/language/6/"}, "version_group": {"name": "sun-moon", "url": "https://pokeapi.co/api/v2/version-group/17/"}}, {"flavor_text": "Lanza contra el objetivo el objeto que lleva. La\nfuerza del ataque y su efecto var\u00edan seg\u00fan el objeto.", "language": {"name": "es", "url": "https://pokeapi.co/api/v2/language/7/"}, "version_group": {"name": "sun-moon", "url": "https://pokeapi.co/api/v2/version-group/17/"}}, {"flavor_text": "Chi la usa lancia il suo strumento addosso\nal bersaglio. La forza e l\u2019effetto dipendono\ndallo strumento.", "language": {"name": "it", "url": "https://pokeapi.co/api/v2/language/8/"}, "version_group": {"name": "sun-moon", "url": "https://pokeapi.co/api/v2/version-group/17/"}}, {"flavor_text": "The user flings its held item at the target to attack.\nThis move\u2019s power and effects depend on the item.", "language": {"name": "en", "url": "https://pokeapi.co/api/v2/language/9/"}, "version_group": {"name": "sun-moon", "url": "https://pokeapi.co/api/v2/version-group/17/"}}, {"flavor_text": "\u6301\u305f\u305b\u305f\u3000\u9053\u5177\u3092\n\u7d20\u65e9\u304f\u3000\u6295\u3052\u3064\u3051\u3066\u3000\u653b\u6483\u3059\u308b\u3002\n\u9053\u5177\u3067\u3000\u5a01\u529b\u3068\u3000\u52b9\u679c\u304c\u3000\u5909\u308f\u308b\u3002", "language": {"name": "ja", "url": "https://pokeapi.co/api/v2/language/11/"}, "version_group": {"name": "sun-moon", "url": "https://pokeapi.co/api/v2/version-group/17/"}}, {"flavor_text": "\u5feb\u901f\u6295\u63b7\u643a\u5e26\u7684\u9053\u5177\u8fdb\u884c\u653b\u51fb\u3002\n\u6839\u636e\u9053\u5177\u4e0d\u540c\uff0c\n\u5a01\u529b\u548c\u6548\u679c\u4f1a\u6539\u53d8\u3002", "language": {"name": "zh-Hans", "url": "https://pokeapi.co/api/v2/language/12/"}, "version_group": {"name": "sun-moon", "url": "https://pokeapi.co/api/v2/version-group/17/"}}, {"flavor_text": "\u3082\u305f\u305b\u305f\u3000\u3069\u3046\u3050\u3092\n\u3059\u3070\u3084\u304f\u3000\u306a\u3052\u3064\u3051\u3066\u3000\u3053\u3046\u3052\u304d\u3059\u308b\u3002\n\u3069\u3046\u3050\u3067\u3000\u3044\u308a\u3087\u304f\u3068\u3000\u3053\u3046\u304b\u304c\u3000\u304b\u308f\u308b\u3002", "language": {"name": "ja-Hrkt", "url": "https://pokeapi.co/api/v2/language/1/"}, "version_group": {"name": "ultra-sun-ultra-moon", "url": "https://pokeapi.co/api/v2/version-group/18/"}}, {"flavor_text": "\uc9c0\ub2c8\uac8c \ud55c \ub3c4\uad6c\ub97c\n\uc7ac\ube60\ub974\uac8c \ub0b4\ub358\uc838\uc11c \uacf5\uaca9\ud55c\ub2e4.\n\ub3c4\uad6c\uc5d0 \ub530\ub77c \uc704\ub825\uacfc \ud6a8\uacfc\uac00 \ubc14\ub010\ub2e4.", "language": {"name": "ko", "url": "https://pokeapi.co/api/v2/language/3/"}, "version_group": {"name": "ultra-sun-ultra-moon", "url": "https://pokeapi.co/api/v2/version-group/18/"}}, {"flavor_text": "\u5feb\u901f\u6295\u64f2\u651c\u5e36\u7684\u9053\u5177\u9032\u884c\u653b\u64ca\u3002\n\u62db\u5f0f\u5a01\u529b\u548c\u6548\u679c\u6703\u96a8\u8457\n\u9053\u5177\u4e0d\u540c\u800c\u6539\u8b8a\u3002", "language": {"name": "zh-Hant", "url": "https://pokeapi.co/api/v2/language/4/"}, "version_group": {"name": "ultra-sun-ultra-moon", "url": "https://pokeapi.co/api/v2/version-group/18/"}}, {"flavor_text": "Le lanceur envoie l\u2019objet qu\u2019il tient sur l\u2019ennemi.\nLa puissance et les effets d\u00e9pendent de l\u2019objet.", "language": {"name": "fr", "url": "https://pokeapi.co/api/v2/language/5/"}, "version_group": {"name": "ultra-sun-ultra-moon", "url": "https://pokeapi.co/api/v2/version-group/18/"}}, {"flavor_text": "Anwender schleudert sein Item auf das Ziel.\nSt\u00e4rke und Effekt der Attacke h\u00e4ngen vom Item ab.", "language": {"name": "de", "url": "https://pokeapi.co/api/v2/language/6/"}, "version_group": {"name": "ultra-sun-ultra-moon", "url": "https://pokeapi.co/api/v2/version-group/18/"}}, {"flavor_text": "Lanza contra el objetivo el objeto que lleva. La\nfuerza del ataque y su efecto var\u00edan seg\u00fan el objeto.", "language": {"name": "es", "url": "https://pokeapi.co/api/v2/language/7/"}, "version_group": {"name": "ultra-sun-ultra-moon", "url": "https://pokeapi.co/api/v2/version-group/18/"}}, {"flavor_text": "Chi la usa lancia il suo strumento addosso\nal bersaglio. La forza e l\u2019effetto dipendono\ndallo strumento.", "language": {"name": "it", "url": "https://pokeapi.co/api/v2/language/8/"}, "version_group": {"name": "ultra-sun-ultra-moon", "url": "https://pokeapi.co/api/v2/version-group/18/"}}, {"flavor_text": "The user flings its held item at the target to attack.\nThis move\u2019s power and effects depend on the item.", "language": {"name": "en", "url": "https://pokeapi.co/api/v2/language/9/"}, "version_group": {"name": "ultra-sun-ultra-moon", "url": "https://pokeapi.co/api/v2/version-group/18/"}}, {"flavor_text": "\u6301\u305f\u305b\u305f\u3000\u9053\u5177\u3092\n\u7d20\u65e9\u304f\u3000\u6295\u3052\u3064\u3051\u3066\u3000\u653b\u6483\u3059\u308b\u3002\n\u9053\u5177\u3067\u3000\u5a01\u529b\u3068\u3000\u52b9\u679c\u304c\u3000\u5909\u308f\u308b\u3002", "language": {"name": "ja", "url": "https://pokeapi.co/api/v2/language/11/"}, "version_group": {"name": "ultra-sun-ultra-moon", "url": "https://pokeapi.co/api/v2/version-group/18/"}}, {"flavor_text": "\u5feb\u901f\u6295\u63b7\u643a\u5e26\u7684\u9053\u5177\u8fdb\u884c\u653b\u51fb\u3002\n\u6839\u636e\u9053\u5177\u4e0d\u540c\uff0c\n\u5a01\u529b\u548c\u6548\u679c\u4f1a\u6539\u53d8\u3002", "language": {"name": "zh-Hans", "url": "https://pokeapi.co/api/v2/language/12/"}, "version_group": {"name": "ultra-sun-ultra-moon", "url": "https://pokeapi.co/api/v2/version-group/18/"}}, {"flavor_text": "\u3082\u305f\u305b\u305f\u3000\u3069\u3046\u3050\u3092\n\u3059\u3070\u3084\u304f\u3000\u306a\u3052\u3064\u3051\u3066\u3000\u3053\u3046\u3052\u304d\u3059\u308b\u3002\n\u3069\u3046\u3050\u3067\u3000\u3044\u308a\u3087\u304f\u3068\u3000\u3053\u3046\u304b\u304c\u3000\u304b\u308f\u308b\u3002", "language": {"name": "ja-Hrkt", "url": "https://pokeapi.co/api/v2/language/1/"}, "version_group": {"name": "lets-go-pikachu-lets-go-eevee", "url": "https://pokeapi.co/api/v2/version-group/19/"}}, {"flavor_text": "\uc9c0\ub2c8\uac8c \ud55c \ub3c4\uad6c\ub97c\n\uc7ac\ube60\ub974\uac8c \ub0b4\ub358\uc838\uc11c \uacf5\uaca9\ud55c\ub2e4.\n\ub3c4\uad6c\uc5d0 \ub530\ub77c \uc704\ub825\uacfc \ud6a8\uacfc\uac00 \ubc14\ub010\ub2e4.", "language": {"name": "ko", "url": "https://pokeapi.co/api/v2/language/3/"}, "version_group": {"name": "lets-go-pikachu-lets-go-eevee", "url": "https://pokeapi.co/api/v2/version-group/19/"}}, {"flavor_text": "\u5feb\u901f\u6295\u64f2\u651c\u5e36\u7684\u9053\u5177\u9032\u884c\u653b\u64ca\u3002\n\u62db\u5f0f\u5a01\u529b\u548c\u6548\u679c\u6703\u96a8\u8457\n\u9053\u5177\u4e0d\u540c\u800c\u6539\u8b8a\u3002", "language": {"name": "zh-Hant", "url": "https://pokeapi.co/api/v2/language/4/"}, "version_group": {"name": "lets-go-pikachu-lets-go-eevee", "url": "https://pokeapi.co/api/v2/version-group/19/"}}, {"flavor_text": "Le lanceur envoie l\u2019objet qu\u2019il tient sur l\u2019ennemi.\nLa puissance et les effets d\u00e9pendent de l\u2019objet.", "language": {"name": "fr", "url": "https://pokeapi.co/api/v2/language/5/"}, "version_group": {"name": "lets-go-pikachu-lets-go-eevee", "url": "https://pokeapi.co/api/v2/version-group/19/"}}, {"flavor_text": "Anwender schleudert sein Item auf das Ziel.\nSt\u00e4rke und Effekt der Attacke h\u00e4ngen vom Item ab.", "language": {"name": "de", "url": "https://pokeapi.co/api/v2/language/6/"}, "version_group": {"name": "lets-go-pikachu-lets-go-eevee", "url": "https://pokeapi.co/api/v2/version-group/19/"}}, {"flavor_text": "Lanza contra el objetivo el objeto que lleva. La\nfuerza del ataque y su efecto var\u00edan seg\u00fan el objeto.", "language": {"name": "es", "url": "https://pokeapi.co/api/v2/language/7/"}, "version_group": {"name": "lets-go-pikachu-lets-go-eevee", "url": "https://pokeapi.co/api/v2/version-group/19/"}}, {"flavor_text": "Chi la usa lancia il suo strumento addosso\nal bersaglio. La forza e l\u2019effetto dipendono\ndallo strumento.", "language": {"name": "it", "url": "https://pokeapi.co/api/v2/language/8/"}, "version_group": {"name": "lets-go-pikachu-lets-go-eevee", "url": "https://pokeapi.co/api/v2/version-group/19/"}}, {"flavor_text": "The user flings its held item at the target to attack.\nThis move\u2019s power and effects depend on the item.", "language": {"name": "en", "url": "https://pokeapi.co/api/v2/language/9/"}, "version_group": {"name": "lets-go-pikachu-lets-go-eevee", "url": "https://pokeapi.co/api/v2/version-group/19/"}}, {"flavor_text": "\u6301\u305f\u305b\u305f\u3000\u9053\u5177\u3092\n\u7d20\u65e9\u304f\u3000\u6295\u3052\u3064\u3051\u3066\u3000\u653b\u6483\u3059\u308b\u3002\n\u9053\u5177\u3067\u3000\u5a01\u529b\u3068\u3000\u52b9\u679c\u304c\u3000\u5909\u308f\u308b\u3002", "language": {"name": "ja", "url": "https://pokeapi.co/api/v2/language/11/"}, "version_group": {"name": "lets-go-pikachu-lets-go-eevee", "url": "https://pokeapi.co/api/v2/version-group/19/"}}, {"flavor_text": "\u5feb\u901f\u6295\u63b7\u643a\u5e26\u7684\u9053\u5177\u8fdb\u884c\u653b\u51fb\u3002\n\u6839\u636e\u9053\u5177\u4e0d\u540c\uff0c\n\u5a01\u529b\u548c\u6548\u679c\u4f1a\u6539\u53d8\u3002", "language": {"name": "zh-Hans", "url": "https://pokeapi.co/api/v2/language/12/"}, "version_group": {"name": "lets-go-pikachu-lets-go-eevee", "url": "https://pokeapi.co/api/v2/version-group/19/"}}, {"flavor_text": "\u3082\u305f\u305b\u305f\u3000\u3069\u3046\u3050\u3092\n\u3059\u3070\u3084\u304f\u3000\u306a\u3052\u3064\u3051\u3066\u3000\u3053\u3046\u3052\u304d\u3059\u308b\u3002\n\u3069\u3046\u3050\u3067\u3000\u3044\u308a\u3087\u304f\u3068\u3000\u3053\u3046\u304b\u304c\u3000\u304b\u308f\u308b\u3002", "language": {"name": "ja-Hrkt", "url": "https://pokeapi.co/api/v2/language/1/"}, "version_group": {"name": "sword-shield", "url": "https://pokeapi.co/api/v2/version-group/20/"}}, {"flavor_text": "\uc9c0\ub2c8\uac8c \ud55c \ub3c4\uad6c\ub97c\n\uc7ac\ube60\ub974\uac8c \ub0b4\ub358\uc838\uc11c \uacf5\uaca9\ud55c\ub2e4.\n\ub3c4\uad6c\uc5d0 \ub530\ub77c \uc704\ub825\uacfc \ud6a8\uacfc\uac00 \ubc14\ub010\ub2e4.", "language": {"name": "ko", "url": "https://pokeapi.co/api/v2/language/3/"}, "version_group": {"name": "sword-shield", "url": "https://pokeapi.co/api/v2/version-group/20/"}}, {"flavor_text": "\u5feb\u901f\u6295\u64f2\u651c\u5e36\u7684\u9053\u5177\u9032\u884c\u653b\u64ca\u3002\n\u62db\u5f0f\u5a01\u529b\u548c\u6548\u679c\u6703\u96a8\u8457\n\u9053\u5177\u4e0d\u540c\u800c\u6539\u8b8a\u3002", "language": {"name": "zh-Hant", "url": "https://pokeapi.co/api/v2/language/4/"}, "version_group": {"name": "sword-shield", "url": "https://pokeapi.co/api/v2/version-group/20/"}}, {"flavor_text": "Le lanceur envoie l\u2019objet qu\u2019il tient sur l\u2019ennemi.\nLa puissance et les effets d\u00e9pendent de l\u2019objet.", "language": {"name": "fr", "url": "https://pokeapi.co/api/v2/language/5/"}, "version_group": {"name": "sword-shield", "url": "https://pokeapi.co/api/v2/version-group/20/"}}, {"flavor_text": "Anwender schleudert sein Item auf das Ziel. St\u00e4rke und\nEffekt der Attacke h\u00e4ngen vom Item ab.", "language": {"name": "de", "url": "https://pokeapi.co/api/v2/language/6/"}, "version_group": {"name": "sword-shield", "url": "https://pokeapi.co/api/v2/version-group/20/"}}, {"flavor_text": "El usuario lanza contra el objetivo el objeto que lleva.\nLa fuerza del ataque y su efecto var\u00edan seg\u00fan el objeto.", "language": {"name": "es", "url": "https://pokeapi.co/api/v2/language/7/"}, "version_group": {"name": "sword-shield", "url": "https://pokeapi.co/api/v2/version-group/20/"}}, {"flavor_text": "Chi la usa lancia il suo strumento addosso al bersaglio.\nLa forza e l\u2019effetto dipendono dallo strumento.", "language": {"name": "it", "url": "https://pokeapi.co/api/v2/language/8/"}, "version_group": {"name": "sword-shield", "url": "https://pokeapi.co/api/v2/version-group/20/"}}, {"flavor_text": "The user flings its held item at the target to attack.\nThis move\u2019s power and effects depend on the item.", "language": {"name": "en", "url": "https://pokeapi.co/api/v2/language/9/"}, "version_group": {"name": "sword-shield", "url": "https://pokeapi.co/api/v2/version-group/20/"}}, {"flavor_text": "\u6301\u305f\u305b\u305f\u3000\u9053\u5177\u3092\n\u7d20\u65e9\u304f\u3000\u6295\u3052\u3064\u3051\u3066\u3000\u653b\u6483\u3059\u308b\u3002\n\u9053\u5177\u3067\u3000\u5a01\u529b\u3068\u3000\u52b9\u679c\u304c\u3000\u5909\u308f\u308b\u3002", "language": {"name": "ja", "url": "https://pokeapi.co/api/v2/language/11/"}, "version_group": {"name": "sword-shield", "url": "https://pokeapi.co/api/v2/version-group/20/"}}, {"flavor_text": "\u5feb\u901f\u6295\u63b7\u643a\u5e26\u7684\u9053\u5177\u8fdb\u884c\u653b\u51fb\u3002\n\u6839\u636e\u9053\u5177\u4e0d\u540c\uff0c\n\u5a01\u529b\u548c\u6548\u679c\u4f1a\u6539\u53d8\u3002", "language": {"name": "zh-Hans", "url": "https://pokeapi.co/api/v2/language/12/"}, "version_group": {"name": "sword-shield", "url": "https://pokeapi.co/api/v2/version-group/20/"}}, {"flavor_text": "The user flings its held item at the target to attack. This move's power and effects depend on the item.", "language": {"name": "en", "url": "https://pokeapi.co/api/v2/language/9/"}, "version_group": {"name": "legends-arceus", "url": "https://pokeapi.co/api/v2/version-group/24/"}}, {"flavor_text": "The user flings its held item at the target to attack. This move's power and effects depend on the item.", "language": {"name": "en", "url": "https://pokeapi.co/api/v2/language/9/"}, "version_group": {"name": "scarlet-violet", "url": "https://pokeapi.co/api/v2/version-group/25/"}}], "generation": {"name": "generation-iv", "url": "https://pokeapi.co/api/v2/generation/4/"}, "id": 374, "learned_by_pokemon": [{"name": "charmander", "url": "https://pokeapi.co/api/v2/pokemon/4/"}, {"name": "charmeleon", "url": "https://pokeapi.co/api/v2/pokemon/5/"}, {"name": "charizard", "url": "https://pokeapi.co/api/v2/pokemon/6/"}, {"name": "squirtle", "url": "https://pokeapi.co/api/v2/pokemon/7/"}, {"name": "wartortle", "url": "https://pokeapi.co/api/v2/pokemon/8/"}, {"name": "blastoise", "url": "https://pokeapi.co/api/v2/pokemon/9/"}, {"name": "pikachu", "url": "https://pokeapi.co/api/v2/pokemon/25/"}, {"name": "raichu", "url": "https://pokeapi.co/api/v2/pokemon/26/"}, {"name": "sandshrew", "url": "https://pokeapi.co/api/v2/pokemon/27/"}, {"name": "sandslash", "url": "https://pokeapi.co/api/v2/pokemon/28/"}, {"name": "nidoqueen", "url": "https://pokeapi.co/api/v2/pokemon/31/"}, {"name": "nidoking", "url": "https://pokeapi.co/api/v2/pokemon/34/"}, {"name": "clefairy", "url": "https://pokeapi.co/api/v2/pokemon/35/"}, {"name": "clefable", "url": "https://pokeapi.co/api/v2/pokemon/36/"}, {"name": "jigglypuff", "url": "https://pokeapi.co/api/v2/pokemon/39/"}, {"name": "wigglytuff", "url": "https://pokeapi.co/api/v2/pokemon/40/"}, {"name": "gloom", "url": "https://pokeapi.co/api/v2/pokemon/44/"}, {"name": "vileplume", "url": "https://pokeapi.co/api/v2/pokemon/45/"}, {"name": "psyduck", "url": "https://pokeapi.co/api/v2/pokemon/54/"}, {"name": "golduck", "url": "https://pokeapi.co/api/v2/pokemon/55/"}, {"name": "mankey", "url": "https://pokeapi.co/api/v2/pokemon/56/"}, {"name": "primeape", "url": "https://pokeapi.co/api/v2/pokemon/57/"}, {"name": "poliwhirl", "url": "https://pokeapi.co/api/v2/pokemon/61/"}, {"name": "poliwrath", "url": "https://pokeapi.co/api/v2/pokemon/62/"}, {"name": "abra", "url": "https://pokeapi.co/api/v2/pokemon/63/"}, {"name": "kadabra", "url": "https://pokeapi.co/api/v2/pokemon/64/"}, {"name": "alakazam", "url": "https://pokeapi.co/api/v2/pokemon/65/"}, {"name": "machop", "url": "https://pokeapi.co/api/v2/pokemon/66/"}, {"name": "machoke", "url": "https://pokeapi.co/api/v2/pokemon/67/"}, {"name": "machamp", "url": "https://pokeapi.co/api/v2/pokemon/68/"}, {"name": "geodude", "url": "https://pokeapi.co/api/v2/pokemon/74/"}, {"name": "graveler", "url": "https://pokeapi.co/api/v2/pokemon/75/"}, {"name": "golem", "url": "https://pokeapi.co/api/v2/pokemon/76/"}, {"name": "slowbro", "url": "https://pokeapi.co/api/v2/pokemon/80/"}, {"name": "seel", "url": "https://pokeapi.co/api/v2/pokemon/86/"}, {"name": "dewgong", "url": "https://pokeapi.co/api/v2/pokemon/87/"}, {"name": "grimer", "url": "https://pokeapi.co/api/v2/pokemon/88/"}, {"name": "muk", "url": "https://pokeapi.co/api/v2/pokemon/89/"}, {"name": "haunter", "url": "https://pokeapi.co/api/v2/pokemon/93/"}, {"name": "gengar", "url": "https://pokeapi.co/api/v2/pokemon/94/"}, {"name": "drowzee", "url": "https://pokeapi.co/api/v2/pokemon/96/"}, {"name": "hypno", "url": "https://pokeapi.co/api/v2/pokemon/97/"}, {"name": "krabby", "url": "https://pokeapi.co/api/v2/pokemon/98/"}, {"name": "kingler", "url": "https://pokeapi.co/api/v2/pokemon/99/"}, {"name": "cubone", "url": "https://pokeapi.co/api/v2/pokemon/104/"}, {"name": "marowak", "url": "https://pokeapi.co/api/v2/pokemon/105/"}, {"name": "hitmonlee", "url": "https://pokeapi.co/api/v2/pokemon/106/"}, {"name": "hitmonchan", "url": "https://pokeapi.co/api/v2/pokemon/107/"}, {"name": "lickitung", "url": "https://pokeapi.co/api/v2/pokemon/108/"}, {"name": "rhydon", "url": "https://pokeapi.co/api/v2/pokemon/112/"}, {"name": "chansey", "url": "https://pokeapi.co/api/v2/pokemon/113/"}, {"name": "kangaskhan", "url": "https://pokeapi.co/api/v2/pokemon/115/"}, {"name": "mr-mime", "url": "https://pokeapi.co/api/v2/pokemon/122/"}, {"name": "jynx", "url": "https://pokeapi.co/api/v2/pokemon/124/"}, {"name": "electabuzz", "url": "https://pokeapi.co/api/v2/pokemon/125/"}, {"name": "magmar", "url": "https://pokeapi.co/api/v2/pokemon/126/"}, {"name": "pinsir", "url": "https://pokeapi.co/api/v2/pokemon/127/"}, {"name": "snorlax", "url": "https://pokeapi.co/api/v2/pokemon/143/"}, {"name": "dragonite", "url": "https://pokeapi.co/api/v2/pokemon/149/"}, {"name": "mewtwo", "url": "https://pokeapi.co/api/v2/pokemon/150/"}, {"name": "mew", "url": "https://pokeapi.co/api/v2/pokemon/151/"}, {"name": "typhlosion", "url": "https://pokeapi.co/api/v2/pokemon/157/"}, {"name": "totodile", "url": "https://pokeapi.co/api/v2/pokemon/158/"}, {"name": "croconaw", "url": "https://pokeapi.co/api/v2/pokemon/159/"}, {"name": "feraligatr", "url": "https://pokeapi.co/api/v2/pokemon/160/"}, {"name": "sentret", "url": "https://pokeapi.co/api/v2/pokemon/161/"}, {"name": "furret", "url": "https://pokeapi.co/api/v2/pokemon/162/"}, {"name": "ledyba", "url": "https://pokeapi.co/api/v2/pokemon/165/"}, {"name": "ledian", "url": "https://pokeapi.co/api/v2/pokemon/166/"}, {"name": "pichu", "url": "https://pokeapi.co/api/v2/pokemon/172/"}, {"name": "cleffa", "url": "https://pokeapi.co/api/v2/pokemon/173/"}, {"name": "igglybuff", "url": "https://pokeapi.co/api/v2/pokemon/174/"}, {"name": "togepi", "url": "https://pokeapi.co/api/v2/pokemon/175/"}, {"name": "togetic", "url": "https://pokeapi.co/api/v2/pokemon/176/"}, {"name": "flaaffy", "url": "https://pokeapi.co/api/v2/pokemon/180/"}, {"name": "ampharos", "url": "https://pokeapi.co/api/v2/pokemon/181/"}, {"name": "bellossom", "url": "https://pokeapi.co/api/v2/pokemon/182/"}, {"name": "marill", "url": "https://pokeapi.co/api/v2/pokemon/183/"}, {"name": "azumarill", "url": "https://pokeapi.co/api/v2/pokemon/184/"}, {"name": "sudowoodo", "url": "https://pokeapi.co/api/v2/pokemon/185/"}, {"name": "politoed", "url": "https://pokeapi.co/api/v2/pokemon/186/"}, {"name": "hoppip", "url": "https://pokeapi.co/api/v2/pokemon/187/"}, {"name": "skiploom", "url": "https://pokeapi.co/api/v2/pokemon/188/"}, {"name": "jumpluff", "url": "https://pokeapi.co/api/v2/pokemon/189/"}, {"name": "aipom", "url": "https://pokeapi.co/api/v2/pokemon/190/"}, {"name": "quagsire", "url": "https://pokeapi.co/api/v2/pokemon/195/"}, {"name": "slowking", "url": "https://pokeapi.co/api/v2/pokemon/199/"}, {"name": "gligar", "url": "https://pokeapi.co/api/v2/pokemon/207/"}, {"name": "snubbull", "url": "https://pokeapi.co/api/v2/pokemon/209/"}, {"name": "granbull", "url": "https://pokeapi.co/api/v2/pokemon/210/"}, {"name": "scizor", "url": "https://pokeapi.co/api/v2/pokemon/212/"}, {"name": "heracross", "url": "https://pokeapi.co/api/v2/pokemon/214/"}, {"name": "sneasel", "url": "https://pokeapi.co/api/v2/pokemon/215/"}, {"name": "teddiursa", "url": "https://pokeapi.co/api/v2/pokemon/216/"}, {"name": "ursaring", "url": "https://pokeapi.co/api/v2/pokemon/217/"}, {"name": "delibird", "url": "https://pokeapi.co/api/v2/pokemon/225/"}, {"name": "smoochum", "url": "https://pokeapi.co/api/v2/pokemon/238/"}, {"name": "elekid", "url": "https://pokeapi.co/api/v2/pokemon/239/"}, {"name": "magby", "url": "https://pokeapi.co/api/v2/pokemon/240/"}, {"name": "miltank", "url": "https://pokeapi.co/api/v2/pokemon/241/"}, {"name": "blissey", "url": "https://pokeapi.co/api/v2/pokemon/242/"}, {"name": "tyranitar", "url": "https://pokeapi.co/api/v2/pokemon/248/"}, {"name": "celebi", "url": "https://pokeapi.co/api/v2/pokemon/251/"}, {"name": "treecko", "url": "https://pokeapi.co/api/v2/pokemon/252/"}, {"name": "grovyle", "url": "https://pokeapi.co/api/v2/pokemon/253/"}, {"name": "sceptile", "url": "https://pokeapi.co/api/v2/pokemon/254/"}, {"name": "combusken", "url": "https://pokeapi.co/api/v2/pokemon/256/"}, {"name": "blaziken", "url": "https://pokeapi.co/api/v2/pokemon/257/"}, {"name": "marshtomp", "url": "https://pokeapi.co/api/v2/pokemon/259/"}, {"name": "swampert", "url": "https://pokeapi.co/api/v2/pokemon/260/"}, {"name": "zigzagoon", "url": "https://pokeapi.co/api/v2/pokemon/263/"}, {"name": "linoone", "url": "https://pokeapi.co/api/v2/pokemon/264/"}, {"name": "lombre", "url": "https://pokeapi.co/api/v2/pokemon/271/"}, {"name": "ludicolo", "url": "https://pokeapi.co/api/v2/pokemon/272/"}, {"name": "nuzleaf", "url": "https://pokeapi.co/api/v2/pokemon/274/"}, {"name": "shiftry", "url": "https://pokeapi.co/api/v2/pokemon/275/"}, {"name": "pelipper", "url": "https://pokeapi.co/api/v2/pokemon/279/"}, {"name": "ralts", "url": "https://pokeapi.co/api/v2/pokemon/280/"}, {"name": "kirlia", "url": "https://pokeapi.co/api/v2/pokemon/281/"}, {"name": "gardevoir", "url": "https://pokeapi.co/api/v2/pokemon/282/"}, {"name": "breloom", "url": "https://pokeapi.co/api/v2/pokemon/286/"}, {"name": "slakoth", "url": "https://pokeapi.co/api/v2/pokemon/287/"}, {"name": "vigoroth", "url": "https://pokeapi.co/api/v2/pokemon/288/"}, {"name": "slaking", "url": "https://pokeapi.co/api/v2/pokemon/289/"}, {"name": "whismur", "url": "https://pokeapi.co/api/v2/pokemon/293/"}, {"name": "loudred", "url": "https://pokeapi.co/api/v2/pokemon/294/"}, {"name": "exploud", "url": "https://pokeapi.co/api/v2/pokemon/295/"}, {"name": "makuhita", "url": "https://pokeapi.co/api/v2/pokemon/296/"}, {"name": "hariyama", "url": "https://pokeapi.co/api/v2/pokemon/297/"}, {"name": "sableye", "url": "https://pokeapi.co/api/v2/pokemon/302/"}, {"name": "mawile", "url": "https://pokeapi.co/api/v2/pokemon/303/"}, {"name": "aggron", "url": "https://pokeapi.co/api/v2/pokemon/306/"}, {"name": "meditite", "url": "https://pokeapi.co/api/v2/pokemon/307/"}, {"name": "medicham", "url": "https://pokeapi.co/api/v2/pokemon/308/"}, {"name": "plusle", "url": "https://pokeapi.co/api/v2/pokemon/311/"}, {"name": "minun", "url": "https://pokeapi.co/api/v2/pokemon/312/"}, {"name": "volbeat", "url": "https://pokeapi.co/api/v2/pokemon/313/"}, {"name": "illumise", "url": "https://pokeapi.co/api/v2/pokemon/314/"}, {"name": "gulpin", "url": "https://pokeapi.co/api/v2/pokemon/316/"}, {"name": "swalot", "url": "https://pokeapi.co/api/v2/pokemon/317/"}, {"name": "grumpig", "url": "https://pokeapi.co/api/v2/pokemon/326/"}, {"name": "spinda", "url": "https://pokeapi.co/api/v2/pokemon/327/"}, {"name": "cacnea", "url": "https://pokeapi.co/api/v2/pokemon/331/"}, {"name": "cacturne", "url": "https://pokeapi.co/api/v2/pokemon/332/"}, {"name": "zangoose", "url": "https://pokeapi.co/api/v2/pokemon/335/"}, {"name": "corphish", "url": "https://pokeapi.co/api/v2/pokemon/341/"}, {"name": "crawdaunt", "url": "https://pokeapi.co/api/v2/pokemon/342/"}, {"name": "kecleon", "url": "https://pokeapi.co/api/v2/pokemon/352/"}, {"name": "banette", "url": "https://pokeapi.co/api/v2/pokemon/354/"}, {"name": "duskull", "url": "https://pokeapi.co/api/v2/pokemon/355/"}, {"name": "dusclops", "url": "https://pokeapi.co/api/v2/pokemon/356/"}, {"name": "regirock", "url": "https://pokeapi.co/api/v2/pokemon/377/"}, {"name": "regice", "url": "https://pokeapi.co/api/v2/pokemon/378/"}, {"name": "registeel", "url": "https://pokeapi.co/api/v2/pokemon/379/"}, {"name": "groudon", "url": "https://pokeapi.co/api/v2/pokemon/383/"}, {"name": "rayquaza", "url": "https://pokeapi.co/api/v2/pokemon/384/"}, {"name": "jirachi", "url": "https://pokeapi.co/api/v2/pokemon/385/"}, {"name": "deoxys-normal", "url": "https://pokeapi.co/api/v2/pokemon/386/"}, {"name": "chimchar", "url": "https://pokeapi.co/api/v2/pokemon/390/"}, {"name": "monferno", "url": "https://pokeapi.co/api/v2/pokemon/391/"}, {"name": "infernape", "url": "https://pokeapi.co/api/v2/pokemon/392/"}, {"name": "piplup", "url": "https://pokeapi.co/api/v2/pokemon/393/"}, {"name": "prinplup", "url": "https://pokeapi.co/api/v2/pokemon/394/"}, {"name": "empoleon", "url": "https://pokeapi.co/api/v2/pokemon/395/"}, {"name": "bibarel", "url": "https://pokeapi.co/api/v2/pokemon/400/"}, {"name": "cranidos", "url": "https://pokeapi.co/api/v2/pokemon/408/"}, {"name": "rampardos", "url": "https://pokeapi.co/api/v2/pokemon/409/"}, {"name": "vespiquen", "url": "https://pokeapi.co/api/v2/pokemon/416/"}, {"name": "pachirisu", "url": "https://pokeapi.co/api/v2/pokemon/417/"}, {"name": "buizel", "url": "https://pokeapi.co/api/v2/pokemon/418/"}, {"name": "floatzel", "url": "https://pokeapi.co/api/v2/pokemon/419/"}, {"name": "ambipom", "url": "https://pokeapi.co/api/v2/pokemon/424/"}, {"name": "drifblim", "url": "https://pokeapi.co/api/v2/pokemon/426/"}, {"name": "buneary", "url": "https://pokeapi.co/api/v2/pokemon/427/"}, {"name": "lopunny", "url": "https://pokeapi.co/api/v2/pokemon/428/"}, {"name": "mime-jr", "url": "https://pokeapi.co/api/v2/pokemon/439/"}, {"name": "happiny", "url": "https://pokeapi.co/api/v2/pokemon/440/"}, {"name": "garchomp", "url": "https://pokeapi.co/api/v2/pokemon/445/"}, {"name": "munchlax", "url": "https://pokeapi.co/api/v2/pokemon/446/"}, {"name": "riolu", "url": "https://pokeapi.co/api/v2/pokemon/447/"}, {"name": "lucario", "url": "https://pokeapi.co/api/v2/pokemon/448/"}, {"name": "skorupi", "url": "https://pokeapi.co/api/v2/pokemon/451/"}, {"name": "drapion", "url": "https://pokeapi.co/api/v2/pokemon/452/"}, {"name": "croagunk", "url": "https://pokeapi.co/api/v2/pokemon/453/"}, {"name": "toxicroak", "url": "https://pokeapi.co/api/v2/pokemon/454/"}, {"name": "carnivine", "url": "https://pokeapi.co/api/v2/pokemon/455/"}, {"name": "abomasnow", "url": "https://pokeapi.co/api/v2/pokemon/460/"}, {"name": "weavile", "url": "https://pokeapi.co/api/v2/pokemon/461/"}, {"name": "lickilicky", "url": "https://pokeapi.co/api/v2/pokemon/463/"}, {"name": "rhyperior", "url": "https://pokeapi.co/api/v2/pokemon/464/"}, {"name": "tangrowth", "url": "https://pokeapi.co/api/v2/pokemon/465/"}, {"name": "electivire", "url": "https://pokeapi.co/api/v2/pokemon/466/"}, {"name": "magmortar", "url": "https://pokeapi.co/api/v2/pokemon/467/"}, {"name": "togekiss", "url": "https://pokeapi.co/api/v2/pokemon/468/"}, {"name": "gliscor", "url": "https://pokeapi.co/api/v2/pokemon/472/"}, {"name": "gallade", "url": "https://pokeapi.co/api/v2/pokemon/475/"}, {"name": "dusknoir", "url": "https://pokeapi.co/api/v2/pokemon/477/"}, {"name": "froslass", "url": "https://pokeapi.co/api/v2/pokemon/478/"}, {"name": "uxie", "url": "https://pokeapi.co/api/v2/pokemon/480/"}, {"name": "mesprit", "url": "https://pokeapi.co/api/v2/pokemon/481/"}, {"name": "azelf", "url": "https://pokeapi.co/api/v2/pokemon/482/"}, {"name": "palkia", "url": "https://pokeapi.co/api/v2/pokemon/484/"}, {"name": "regigigas", "url": "https://pokeapi.co/api/v2/pokemon/486/"}, {"name": "phione", "url": "https://pokeapi.co/api/v2/pokemon/489/"}, {"name": "manaphy", "url": "https://pokeapi.co/api/v2/pokemon/490/"}, {"name": "darkrai", "url": "https://pokeapi.co/api/v2/pokemon/491/"}, {"name": "victini", "url": "https://pokeapi.co/api/v2/pokemon/494/"}, {"name": "pignite", "url": "https://pokeapi.co/api/v2/pokemon/499/"}, {"name": "emboar", "url": "https://pokeapi.co/api/v2/pokemon/500/"}, {"name": "oshawott", "url": "https://pokeapi.co/api/v2/pokemon/501/"}, {"name": "dewott", "url": "https://pokeapi.co/api/v2/pokemon/502/"}, {"name": "samurott", "url": "https://pokeapi.co/api/v2/pokemon/503/"}, {"name": "patrat", "url": "https://pokeapi.co/api/v2/pokemon/504/"}, {"name": "watchog", "url": "https://pokeapi.co/api/v2/pokemon/505/"}, {"name": "pansage", "url": "https://pokeapi.co/api/v2/pokemon/511/"}, {"name": "simisage", "url": "https://pokeapi.co/api/v2/pokemon/512/"}, {"name": "pansear", "url": "https://pokeapi.co/api/v2/pokemon/513/"}, {"name": "simisear", "url": "https://pokeapi.co/api/v2/pokemon/514/"}, {"name": "panpour", "url": "https://pokeapi.co/api/v2/pokemon/515/"}, {"name": "simipour", "url": "https://pokeapi.co/api/v2/pokemon/516/"}, {"name": "drilbur", "url": "https://pokeapi.co/api/v2/pokemon/529/"}, {"name": "excadrill", "url": "https://pokeapi.co/api/v2/pokemon/530/"}, {"name": "audino", "url": "https://pokeapi.co/api/v2/pokemon/531/"}, {"name": "timburr", "url": "https://pokeapi.co/api/v2/pokemon/532/"}, {"name": "gurdurr", "url": "https://pokeapi.co/api/v2/pokemon/533/"}, {"name": "conkeldurr", "url": "https://pokeapi.co/api/v2/pokemon/534/"}, {"name": "seismitoad", "url": "https://pokeapi.co/api/v2/pokemon/537/"}, {"name": "throh", "url": "https://pokeapi.co/api/v2/pokemon/538/"}, {"name": "sawk", "url": "https://pokeapi.co/api/v2/pokemon/539/"}, {"name": "whimsicott", "url": "https://pokeapi.co/api/v2/pokemon/547/"}, {"name": "sandile", "url": "https://pokeapi.co/api/v2/pokemon/551/"}, {"name": "krokorok", "url": "https://pokeapi.co/api/v2/pokemon/552/"}, {"name": "krookodile", "url": "https://pokeapi.co/api/v2/pokemon/553/"}, {"name": "darumaka", "url": "https://pokeapi.co/api/v2/pokemon/554/"}, {"name": "darmanitan-standard", "url": "https://pokeapi.co/api/v2/pokemon/555/"}, {"name": "scraggy", "url": "https://pokeapi.co/api/v2/pokemon/559/"}, {"name": "scrafty", "url": "https://pokeapi.co/api/v2/pokemon/560/"}, {"name": "garbodor", "url": "https://pokeapi.co/api/v2/pokemon/569/"}, {"name": "zorua", "url": "https://pokeapi.co/api/v2/pokemon/570/"}, {"name": "zoroark", "url": "https://pokeapi.co/api/v2/pokemon/571/"}, {"name": "minccino", "url": "https://pokeapi.co/api/v2/pokemon/572/"}, {"name": "cinccino", "url": "https://pokeapi.co/api/v2/pokemon/573/"}, {"name": "gothita", "url": "https://pokeapi.co/api/v2/pokemon/574/"}, {"name": "gothorita", "url": "https://pokeapi.co/api/v2/pokemon/575/"}, {"name": "gothitelle", "url": "https://pokeapi.co/api/v2/pokemon/576/"}, {"name": "reuniclus", "url": "https://pokeapi.co/api/v2/pokemon/579/"}, {"name": "emolga", "url": "https://pokeapi.co/api/v2/pokemon/587/"}, {"name": "axew", "url": "https://pokeapi.co/api/v2/pokemon/610/"}, {"name": "fraxure", "url": "https://pokeapi.co/api/v2/pokemon/611/"}, {"name": "haxorus", "url": "https://pokeapi.co/api/v2/pokemon/612/"}, {"name": "cubchoo", "url": "https://pokeapi.co/api/v2/pokemon/613/"}, {"name": "beartic", "url": "https://pokeapi.co/api/v2/pokemon/614/"}, {"name": "mienfoo", "url": "https://pokeapi.co/api/v2/pokemon/619/"}, {"name": "mienshao", "url": "https://pokeapi.co/api/v2/pokemon/620/"}, {"name": "druddigon", "url": "https://pokeapi.co/api/v2/pokemon/621/"}, {"name": "golett", "url": "https://pokeapi.co/api/v2/pokemon/622/"}, {"name": "golurk", "url": "https://pokeapi.co/api/v2/pokemon/623/"}, {"name": "pawniard", "url": "https://pokeapi.co/api/v2/pokemon/624/"}, {"name": "bisharp", "url": "https://pokeapi.co/api/v2/pokemon/625/"}, {"name": "heatmor", "url": "https://pokeapi.co/api/v2/pokemon/631/"}, {"name": "tornadus-incarnate", "url": "https://pokeapi.co/api/v2/pokemon/641/"}, {"name": "thundurus-incarnate", "url": "https://pokeapi.co/api/v2/pokemon/642/"}, {"name": "reshiram", "url": "https://pokeapi.co/api/v2/pokemon/643/"}, {"name": "zekrom", "url": "https://pokeapi.co/api/v2/pokemon/644/"}, {"name": "landorus-incarnate", "url": "https://pokeapi.co/api/v2/pokemon/645/"}, {"name": "kyurem", "url": "https://pokeapi.co/api/v2/pokemon/646/"}, {"name": "meloetta-aria", "url": "https://pokeapi.co/api/v2/pokemon/648/"}, {"name": "chespin", "url": "https://pokeapi.co/api/v2/pokemon/650/"}, {"name": "quilladin", "url": "https://pokeapi.co/api/v2/pokemon/651/"}, {"name": "chesnaught", "url": "https://pokeapi.co/api/v2/pokemon/652/"}, {"name": "froakie", "url": "https://pokeapi.co/api/v2/pokemon/656/"}, {"name": "frogadier", "url": "https://pokeapi.co/api/v2/pokemon/657/"}, {"name": "greninja", "url": "https://pokeapi.co/api/v2/pokemon/658/"}, {"name": "bunnelby", "url": "https://pokeapi.co/api/v2/pokemon/659/"}, {"name": "diggersby", "url": "https://pokeapi.co/api/v2/pokemon/660/"}, {"name": "pancham", "url": "https://pokeapi.co/api/v2/pokemon/674/"}, {"name": "pangoro", "url": "https://pokeapi.co/api/v2/pokemon/675/"}, {"name": "inkay", "url": "https://pokeapi.co/api/v2/pokemon/686/"}, {"name": "malamar", "url": "https://pokeapi.co/api/v2/pokemon/687/"}, {"name": "binacle", "url": "https://pokeapi.co/api/v2/pokemon/688/"}, {"name": "barbaracle", "url": "https://pokeapi.co/api/v2/pokemon/689/"}, {"name": "hawlucha", "url": "https://pokeapi.co/api/v2/pokemon/701/"}, {"name": "dedenne", "url": "https://pokeapi.co/api/v2/pokemon/702/"}, {"name": "hoopa", "url": "https://pokeapi.co/api/v2/pokemon/720/"}, {"name": "volcanion", "url": "https://pokeapi.co/api/v2/pokemon/721/"}, {"name": "incineroar", "url": "https://pokeapi.co/api/v2/pokemon/727/"}, {"name": "gumshoos", "url": "https://pokeapi.co/api/v2/pokemon/735/"}, {"name": "crabrawler", "url": "https://pokeapi.co/api/v2/pokemon/739/"}, {"name": "crabominable", "url": "https://pokeapi.co/api/v2/pokemon/740/"}, {"name": "fomantis", "url": "https://pokeapi.co/api/v2/pokemon/753/"}, {"name": "lurantis", "url": "https://pokeapi.co/api/v2/pokemon/754/"}, {"name": "salandit", "url": "https://pokeapi.co/api/v2/pokemon/757/"}, {"name": "salazzle", "url": "https://pokeapi.co/api/v2/pokemon/758/"}, {"name": "stufful", "url": "https://pokeapi.co/api/v2/pokemon/759/"}, {"name": "bewear", "url": "https://pokeapi.co/api/v2/pokemon/760/"}, {"name": "steenee", "url": "https://pokeapi.co/api/v2/pokemon/762/"}, {"name": "tsareena", "url": "https://pokeapi.co/api/v2/pokemon/763/"}, {"name": "comfey", "url": "https://pokeapi.co/api/v2/pokemon/764/"}, {"name": "oranguru", "url": "https://pokeapi.co/api/v2/pokemon/765/"}, {"name": "passimian", "url": "https://pokeapi.co/api/v2/pokemon/766/"}, {"name": "golisopod", "url": "https://pokeapi.co/api/v2/pokemon/768/"}, {"name": "sandygast", "url": "https://pokeapi.co/api/v2/pokemon/769/"}, {"name": "palossand", "url": "https://pokeapi.co/api/v2/pokemon/770/"}, {"name": "komala", "url": "https://pokeapi.co/api/v2/pokemon/775/"}, {"name": "turtonator", "url": "https://pokeapi.co/api/v2/pokemon/776/"}, {"name": "togedemaru", "url": "https://pokeapi.co/api/v2/pokemon/777/"}, {"name": "mimikyu-disguised", "url": "https://pokeapi.co/api/v2/pokemon/778/"}, {"name": "bruxish", "url": "https://pokeapi.co/api/v2/pokemon/779/"}, {"name": "drampa", "url": "https://pokeapi.co/api/v2/pokemon/780/"}, {"name": "jangmo-o", "url": "https://pokeapi.co/api/v2/pokemon/782/"}, {"name": "hakamo-o", "url": "https://pokeapi.co/api/v2/pokemon/783/"}, {"name": "kommo-o", "url": "https://pokeapi.co/api/v2/pokemon/784/"}, {"name": "tapu-lele", "url": "https://pokeapi.co/api/v2/pokemon/786/"}, {"name": "tapu-bulu", "url": "https://pokeapi.co/api/v2/pokemon/787/"}, {"name": "tapu-fini", "url": "https://pokeapi.co/api/v2/pokemon/788/"}, {"name": "buzzwole", "url": "https://pokeapi.co/api/v2/pokemon/794/"}, {"name": "pheromosa", "url": "https://pokeapi.co/api/v2/pokemon/795/"}, {"name": "xurkitree", "url": "https://pokeapi.co/api/v2/pokemon/796/"}, {"name": "guzzlord", "url": "https://pokeapi.co/api/v2/pokemon/799/"}, {"name": "necrozma", "url": "https://pokeapi.co/api/v2/pokemon/800/"}, {"name": "marshadow", "url": "https://pokeapi.co/api/v2/pokemon/802/"}, {"name": "blacephalon", "url": "https://pokeapi.co/api/v2/pokemon/806/"}, {"name": "zeraora", "url": "https://pokeapi.co/api/v2/pokemon/807/"}, {"name": "grookey", "url": "https://pokeapi.co/api/v2/pokemon/810/"}, {"name": "thwackey", "url": "https://pokeapi.co/api/v2/pokemon/811/"}, {"name": "rillaboom", "url": "https://pokeapi.co/api/v2/pokemon/812/"}, {"name": "cinderace", "url": "https://pokeapi.co/api/v2/pokemon/815/"}, {"name": "drizzile", "url": "https://pokeapi.co/api/v2/pokemon/817/"}, {"name": "inteleon", "url": "https://pokeapi.co/api/v2/pokemon/818/"}, {"name": "skwovet", "url": "https://pokeapi.co/api/v2/pokemon/819/"}, {"name": "greedent", "url": "https://pokeapi.co/api/v2/pokemon/820/"}, {"name": "toxtricity-amped", "url": "https://pokeapi.co/api/v2/pokemon/849/"}, {"name": "impidimp", "url": "https://pokeapi.co/api/v2/pokemon/859/"}, {"name": "morgrem", "url": "https://pokeapi.co/api/v2/pokemon/860/"}, {"name": "grimmsnarl", "url": "https://pokeapi.co/api/v2/pokemon/861/"}, {"name": "obstagoon", "url": "https://pokeapi.co/api/v2/pokemon/862/"}, {"name": "perrserker", "url": "https://pokeapi.co/api/v2/pokemon/863/"}, {"name": "mr-rime", "url": "https://pokeapi.co/api/v2/pokemon/866/"}, {"name": "milcery", "url": "https://pokeapi.co/api/v2/pokemon/868/"}, {"name": "alcremie", "url": "https://pokeapi.co/api/v2/pokemon/869/"}, {"name": "morpeko-full-belly", "url": "https://pokeapi.co/api/v2/pokemon/877/"}, {"name": "cufant", "url": "https://pokeapi.co/api/v2/pokemon/878/"}, {"name": "copperajah", "url": "https://pokeapi.co/api/v2/pokemon/879/"}, {"name": "kubfu", "url": "https://pokeapi.co/api/v2/pokemon/891/"}, {"name": "urshifu-single-strike", "url": "https://pokeapi.co/api/v2/pokemon/892/"}, {"name": "zarude", "url": "https://pokeapi.co/api/v2/pokemon/893/"}, {"name": "ursaluna", "url": "https://pokeapi.co/api/v2/pokemon/901/"}, {"name": "sneasler", "url": "https://pokeapi.co/api/v2/pokemon/903/"}, {"name": "floragato", "url": "https://pokeapi.co/api/v2/pokemon/907/"}, {"name": "meowscarada", "url": "https://pokeapi.co/api/v2/pokemon/908/"}, {"name": "quaquaval", "url": "https://pokeapi.co/api/v2/pokemon/914/"}, {"name": "spidops", "url": "https://pokeapi.co/api/v2/pokemon/918/"}, {"name": "lokix", "url": "https://pokeapi.co/api/v2/pokemon/920/"}, {"name": "pawmi", "url": "https://pokeapi.co/api/v2/pokemon/921/"}, {"name": "pawmo", "url": "https://pokeapi.co/api/v2/pokemon/922/"}, {"name": "pawmot", "url": "https://pokeapi.co/api/v2/pokemon/923/"}, {"name": "arboliva", "url": "https://pokeapi.co/api/v2/pokemon/930/"}, {"name": "garganacl", "url": "https://pokeapi.co/api/v2/pokemon/934/"}, {"name": "armarouge", "url": "https://pokeapi.co/api/v2/pokemon/936/"}, {"name": "ceruledge", "url": "https://pokeapi.co/api/v2/pokemon/937/"}, {"name": "shroodle", "url": "https://pokeapi.co/api/v2/pokemon/944/"}, {"name": "grafaiai", "url": "https://pokeapi.co/api/v2/pokemon/945/"}, {"name": "klawf", "url": "https://pokeapi.co/api/v2/pokemon/950/"}, {"name": "rellor", "url": "https://pokeapi.co/api/v2/pokemon/953/"}, {"name": "rabsca", "url": "https://pokeapi.co/api/v2/pokemon/954/"}, {"name": "tinkatink", "url": "https://pokeapi.co/api/v2/pokemon/957/"}, {"name": "tinkatuff", "url": "https://pokeapi.co/api/v2/pokemon/958/"}, {"name": "tinkaton", "url": "https://pokeapi.co/api/v2/pokemon/959/"}, {"name": "finizen", "url": "https://pokeapi.co/api/v2/pokemon/963/"}, {"name": "palafin-zero", "url": "https://pokeapi.co/api/v2/pokemon/964/"}, {"name": "flamigo", "url": "https://pokeapi.co/api/v2/pokemon/973/"}, {"name": "annihilape", "url": "https://pokeapi.co/api/v2/pokemon/979/"}, {"name": "kingambit", "url": "https://pokeapi.co/api/v2/pokemon/983/"}, {"name": "scream-tail", "url": "https://pokeapi.co/api/v2/pokemon/985/"}, {"name": "iron-bundle", "url": "https://pokeapi.co/api/v2/pokemon/991/"}, {"name": "iron-hands", "url": "https://pokeapi.co/api/v2/pokemon/992/"}, {"name": "iron-thorns", "url": "https://pokeapi.co/api/v2/pokemon/995/"}, {"name": "gholdengo", "url": "https://pokeapi.co/api/v2/pokemon/1000/"}, {"name": "iron-valiant", "url": "https://pokeapi.co/api/v2/pokemon/1006/"}, {"name": "okidogi", "url": "https://pokeapi.co/api/v2/pokemon/1014/"}, {"name": "munkidori", "url": "https://pokeapi.co/api/v2/pokemon/1015/"}, {"name": "ogerpon", "url": "https://pokeapi.co/api/v2/pokemon/1017/"}, {"name": "deoxys-attack", "url": "https://pokeapi.co/api/v2/pokemon/10001/"}, {"name": "deoxys-defense", "url": "https://pokeapi.co/api/v2/pokemon/10002/"}, {"name": "deoxys-speed", "url": "https://pokeapi.co/api/v2/pokemon/10003/"}, {"name": "darmanitan-zen", "url": "https://pokeapi.co/api/v2/pokemon/10017/"}, {"name": "meloetta-pirouette", "url": "https://pokeapi.co/api/v2/pokemon/10018/"}, {"name": "tornadus-therian", "url": "https://pokeapi.co/api/v2/pokemon/10019/"}, {"name": "thundurus-therian", "url": "https://pokeapi.co/api/v2/pokemon/10020/"}, {"name": "landorus-therian", "url": "https://pokeapi.co/api/v2/pokemon/10021/"}, {"name": "kyurem-black", "url": "https://pokeapi.co/api/v2/pokemon/10022/"}, {"name": "kyurem-white", "url": "https://pokeapi.co/api/v2/pokemon/10023/"}, {"name": "charizard-mega-x", "url": "https://pokeapi.co/api/v2/pokemon/10034/"}, {"name": "charizard-mega-y", "url": "https://pokeapi.co/api/v2/pokemon/10035/"}, {"name": "blastoise-mega", "url": "https://pokeapi.co/api/v2/pokemon/10036/"}, {"name": "alakazam-mega", "url": "https://pokeapi.co/api/v2/pokemon/10037/"}, {"name": "gengar-mega", "url": "https://pokeapi.co/api/v2/pokemon/10038/"}, {"name": "kangaskhan-mega", "url": "https://pokeapi.co/api/v2/pokemon/10039/"}, {"name": "pinsir-mega", "url": "https://pokeapi.co/api/v2/pokemon/10040/"}, {"name": "mewtwo-mega-x", "url": "https://pokeapi.co/api/v2/pokemon/10043/"}, {"name": "mewtwo-mega-y", "url": "https://pokeapi.co/api/v2/pokemon/10044/"}, {"name": "ampharos-mega", "url": "https://pokeapi.co/api/v2/pokemon/10045/"}, {"name": "scizor-mega", "url": "https://pokeapi.co/api/v2/pokemon/10046/"}, {"name": "heracross-mega", "url": "https://pokeapi.co/api/v2/pokemon/10047/"}, {"name": "tyranitar-mega", "url": "https://pokeapi.co/api/v2/pokemon/10049/"}, {"name": "blaziken-mega", "url": "https://pokeapi.co/api/v2/pokemon/10050/"}, {"name": "gardevoir-mega", "url": "https://pokeapi.co/api/v2/pokemon/10051/"}, {"name": "mawile-mega", "url": "https://pokeapi.co/api/v2/pokemon/10052/"}, {"name": "aggron-mega", "url": "https://pokeapi.co/api/v2/pokemon/10053/"}, {"name": "medicham-mega", "url": "https://pokeapi.co/api/v2/pokemon/10054/"}, {"name": "banette-mega", "url": "https://pokeapi.co/api/v2/pokemon/10056/"}, {"name": "garchomp-mega", "url": "https://pokeapi.co/api/v2/pokemon/10058/"}, {"name": "lucario-mega", "url": "https://pokeapi.co/api/v2/pokemon/10059/"}, {"name": "abomasnow-mega", "url": "https://pokeapi.co/api/v2/pokemon/10060/"}, {"name": "swampert-mega", "url": "https://pokeapi.co/api/v2/pokemon/10064/"}, {"name": "sceptile-mega", "url": "https://pokeapi.co/api/v2/pokemon/10065/"}, {"name": "sableye-mega", "url": "https://pokeapi.co/api/v2/pokemon/10066/"}, {"name": "gallade-mega", "url": "https://pokeapi.co/api/v2/pokemon/10068/"}, {"name": "audino-mega", "url": "https://pokeapi.co/api/v2/pokemon/10069/"}, {"name": "slowbro-mega", "url": "https://pokeapi.co/api/v2/pokemon/10071/"}, {"name": "groudon-primal", "url": "https://pokeapi.co/api/v2/pokemon/10078/"}, {"name": "rayquaza-mega", "url": "https://pokeapi.co/api/v2/pokemon/10079/"}, {"name": "pikachu-rock-star", "url": "https://pokeapi.co/api/v2/pokemon/10080/"}, {"name": "pikachu-belle", "url": "https://pokeapi.co/api/v2/pokemon/10081/"}, {"name": "pikachu-pop-star", "url": "https://pokeapi.co/api/v2/pokemon/10082/"}, {"name": "pikachu-phd", "url": "https://pokeapi.co/api/v2/pokemon/10083/"}, {"name": "pikachu-libre", "url": "https://pokeapi.co/api/v2/pokemon/10084/"}, {"name": "pikachu-cosplay", "url": "https://pokeapi.co/api/v2/pokemon/10085/"}, {"name": "hoopa-unbound", "url": "https://pokeapi.co/api/v2/pokemon/10086/"}, {"name": "lopunny-mega", "url": "https://pokeapi.co/api/v2/pokemon/10088/"}, {"name": "pikachu-original-cap", "url": "https://pokeapi.co/api/v2/pokemon/10094/"}, {"name": "pikachu-hoenn-cap", "url": "https://pokeapi.co/api/v2/pokemon/10095/"}, {"name": "pikachu-sinnoh-cap", "url": "https://pokeapi.co/api/v2/pokemon/10096/"}, {"name": "pikachu-unova-cap", "url": "https://pokeapi.co/api/v2/pokemon/10097/"}, {"name": "pikachu-kalos-cap", "url": "https://pokeapi.co/api/v2/pokemon/10098/"}, {"name": "pikachu-alola-cap", "url": "https://pokeapi.co/api/v2/pokemon/10099/"}, {"name": "raichu-alola", "url": "https://pokeapi.co/api/v2/pokemon/10100/"}, {"name": "sandshrew-alola", "url": "https://pokeapi.co/api/v2/pokemon/10101/"}, {"name": "sandslash-alola", "url": "https://pokeapi.co/api/v2/pokemon/10102/"}, {"name": "geodude-alola", "url": "https://pokeapi.co/api/v2/pokemon/10109/"}, {"name": "graveler-alola", "url": "https://pokeapi.co/api/v2/pokemon/10110/"}, {"name": "golem-alola", "url": "https://pokeapi.co/api/v2/pokemon/10111/"}, {"name": "grimer-alola", "url": "https://pokeapi.co/api/v2/pokemon/10112/"}, {"name": "muk-alola", "url": "https://pokeapi.co/api/v2/pokemon/10113/"}, {"name": "marowak-alola", "url": "https://pokeapi.co/api/v2/pokemon/10115/"}, {"name": "greninja-battle-bond", "url": "https://pokeapi.co/api/v2/pokemon/10116/"}, {"name": "greninja-ash", "url": "https://pokeapi.co/api/v2/pokemon/10117/"}, {"name": "gumshoos-totem", "url": "https://pokeapi.co/api/v2/pokemon/10121/"}, {"name": "lycanroc-midnight", "url": "https://pokeapi.co/api/v2/pokemon/10126/"}, {"name": "lurantis-totem", "url": "https://pokeapi.co/api/v2/pokemon/10128/"}, {"name": "salazzle-totem", "url": "https://pokeapi.co/api/v2/pokemon/10129/"}, {"name": "mimikyu-busted", "url": "https://pokeapi.co/api/v2/pokemon/10143/"}, {"name": "mimikyu-totem-disguised", "url": "https://pokeapi.co/api/v2/pokemon/10144/"}, {"name": "mimikyu-totem-busted", "url": "https://pokeapi.co/api/v2/pokemon/10145/"}, {"name": "kommo-o-totem", "url": "https://pokeapi.co/api/v2/pokemon/10146/"}, {"name": "pikachu-partner-cap", "url": "https://pokeapi.co/api/v2/pokemon/10148/"}, {"name": "marowak-totem", "url": "https://pokeapi.co/api/v2/pokemon/10149/"}, {"name": "togedemaru-totem", "url": "https://pokeapi.co/api/v2/pokemon/10154/"}, {"name": "necrozma-dusk", "url": "https://pokeapi.co/api/v2/pokemon/10155/"}, {"name": "necrozma-dawn", "url": "https://pokeapi.co/api/v2/pokemon/10156/"}, {"name": "necrozma-ultra", "url": "https://pokeapi.co/api/v2/pokemon/10157/"}, {"name": "pikachu-world-cap", "url": "https://pokeapi.co/api/v2/pokemon/10160/"}, {"name": "meowth-galar", "url": "https://pokeapi.co/api/v2/pokemon/10161/"}, {"name": "slowbro-galar", "url": "https://pokeapi.co/api/v2/pokemon/10165/"}, {"name": "mr-mime-galar", "url": "https://pokeapi.co/api/v2/pokemon/10168/"}, {"name": "slowking-galar", "url": "https://pokeapi.co/api/v2/pokemon/10172/"}, {"name": "zigzagoon-galar", "url": "https://pokeapi.co/api/v2/pokemon/10174/"}, {"name": "linoone-galar", "url": "https://pokeapi.co/api/v2/pokemon/10175/"}, {"name": "darumaka-galar", "url": "https://pokeapi.co/api/v2/pokemon/10176/"}, {"name": "darmanitan-galar-standard", "url": "https://pokeapi.co/api/v2/pokemon/10177/"}, {"name": "darmanitan-galar-zen", "url": "https://pokeapi.co/api/v2/pokemon/10178/"}, {"name": "toxtricity-low-key", "url": "https://pokeapi.co/api/v2/pokemon/10184/"}, {"name": "morpeko-hangry", "url": "https://pokeapi.co/api/v2/pokemon/10187/"}, {"name": "urshifu-rapid-strike", "url": "https://pokeapi.co/api/v2/pokemon/10191/"}, {"name": "zarude-dada", "url": "https://pokeapi.co/api/v2/pokemon/10192/"}, {"name": "sneasel-hisui", "url": "https://pokeapi.co/api/v2/pokemon/10235/"}, {"name": "samurott-hisui", "url": "https://pokeapi.co/api/v2/pokemon/10236/"}, {"name": "zorua-hisui", "url": "https://pokeapi.co/api/v2/pokemon/10238/"}, {"name": "zoroark-hisui", "url": "https://pokeapi.co/api/v2/pokemon/10239/"}, {"name": "palkia-origin", "url": "https://pokeapi.co/api/v2/pokemon/10246/"}, {"name": "palafin-hero", "url": "https://pokeapi.co/api/v2/pokemon/10256/"}, {"name": "ursaluna-bloodmoon", "url": "https://pokeapi.co/api/v2/pokemon/10272/"}, {"name": "ogerpon-wellspring-mask", "url": "https://pokeapi.co/api/v2/pokemon/10273/"}, {"name": "ogerpon-hearthflame-mask", "url": "https://pokeapi.co/api/v2/pokemon/10274/"}, {"name": "ogerpon-cornerstone-mask", "url": "https://pokeapi.co/api/v2/pokemon/10275/"}], "machines": [{"machine": {"url": "https://pokeapi.co/api/v2/machine/1057/"}, "version_group": {"name": "diamond-pearl", "url": "https://pokeapi.co/api/v2/version-group/8/"}}, {"machine": {"url": "https://pokeapi.co/api/v2/machine/1058/"}, "version_group": {"name": "platinum", "url": "https://pokeapi.co/api/v2/version-group/9/"}}, {"machine": {"url": "https://pokeapi.co/api/v2/machine/1059/"}, "version_group": {"name": "heartgold-soulsilver", "url": "https://pokeapi.co/api/v2/version-group/10/"}}, {"machine": {"url": "https://pokeapi.co/api/v2/machine/1060/"}, "version_group": {"name": "black-white", "url": "https://pokeapi.co/api/v2/version-group/11/"}}, {"machine": {"url": "https://pokeapi.co/api/v2/machine/1061/"}, "version_group": {"name": "black-2-white-2", "url": "https://pokeapi.co/api/v2/version-group/14/"}}, {"machine": {"url": "https://pokeapi.co/api/v2/machine/1062/"}, "version_group": {"name": "x-y", "url": "https://pokeapi.co/api/v2/version-group/15/"}}, {"machine": {"url": "https://pokeapi.co/api/v2/machine/1063/"}, "version_group": {"name": "omega-ruby-alpha-sapphire", "url": "https://pokeapi.co/api/v2/version-group/16/"}}, {"machine": {"url": "https://pokeapi.co/api/v2/machine/1064/"}, "version_group": {"name": "sun-moon", "url": "https://pokeapi.co/api/v2/version-group/17/"}}, {"machine": {"url": "https://pokeapi.co/api/v2/machine/1065/"}, "version_group": {"name": "ultra-sun-ultra-moon", "url": "https://pokeapi.co/api/v2/version-group/18/"}}, {"machine": {"url": "https://pokeapi.co/api/v2/machine/1100/"}, "version_group": {"name": "sword-shield", "url": "https://pokeapi.co/api/v2/version-group/20/"}}, {"machine": {"url": "https://pokeapi.co/api/v2/machine/1748/"}, "version_group": {"name": "scarlet-violet", "url": "https://pokeapi.co/api/v2/version-group/25/"}}], "meta": {"ailment": {"name": "none", "url": "https://pokeapi.co/api/v2/move-ailment/0/"}, "ailment_chance": 0, "category": {"name": "damage", "url": "https://pokeapi.co/api/v2/move-category/0/"}, "crit_rate": 0, "drain": 0, "flinch_chance": 0, "healing": 0, "max_hits": null, "max_turns": null, "min_hits": null, "min_turns": null, "stat_chance": 0}, "name": "fling", "names": [{"language": {"name": "ja-Hrkt", "url": "https://pokeapi.co/api/v2/language/1/"}, "name": "\u306a\u3052\u3064\u3051\u308b"}, {"language": {"name": "ko", "url": "https://pokeapi.co/api/v2/language/3/"}, "name": "\ub0b4\ub358\uc9c0\uae30"}, {"language": {"name": "zh-Hant", "url": "https://pokeapi.co/api/v2/language/4/"}, "name": "\u6295\u64f2"}, {"language": {"name": "fr", "url": "https://pokeapi.co/api/v2/language/5/"}, "name": "D\u00e9gommage"}, {"language": {"name": "de", "url": "https://pokeapi.co/api/v2/language/6/"}, "name": "Schleuder"}, {"language": {"name": "es", "url": "https://pokeapi.co/api/v2/language/7/"}, "name": "Lanzamiento"}, {"language": {"name": "it", "url": "https://pokeapi.co/api/v2/language/8/"}, "name": "Lancio"}, {"language": {"name": "en", "url": "https://pokeapi.co/api/v2/language/9/"}, "name": "Fling"}, {"language": {"name": "ja", "url": "https://pokeapi.co/api/v2/language/11/"}, "name": "\u306a\u3052\u3064\u3051\u308b"}, {"language": {"name": "zh-Hans", "url": "https://pokeapi.co/api/v2/language/12/"}, "name": "\u6295\u63b7"}], "past_values": [], "power": null, "pp": 10, "priority": 0, "stat_changes": [], "super_contest_effect": {"url": "https://pokeapi.co/api/v2/super-contest-effect/23/"}, "target": {"name": "selected-pokemon", "url": "https://pokeapi.co/api/v2/move-target/10/"}, "type": {"name": "dark", "url": "https://pokeapi.co/api/v2/type/17/"}}