{"accuracy": 100, "contest_combos": null, "contest_effect": null, "contest_type": null, "damage_class": {"name": "physical", "url": "https://pokeapi.co/api/v2/move-damage-class/2/"}, "effect_chance": null, "effect_changes": [], "effect_entries": [], "flavor_text_entries": [{"flavor_text": "The user converts its rage into energy to attack. The more times the user has been hit by attacks, the greater the move's power.", "language": {"name": "en", "url": "https://pokeapi.co/api/v2/language/9/"}, "version_group": {"name": "scarlet-violet", "url": "https://pokeapi.co/api/v2/version-group/25/"}}], "generation": {"name": "generation-ix", "url": "https://pokeapi.co/api/v2/generation/9/"}, "id": 889, "learned_by_pokemon": [{"name": "primeape", "url": "https://pokeapi.co/api/v2/pokemon/57/"}, {"name": "annihilape", "url": "https://pokeapi.co/api/v2/pokemon/979/"}], "machines": [], "meta": null, "name": "rage-fist", "names": [{"language": {"name": "ja-Hrkt", "url": "https://pokeapi.co/api/v2/language/1/"}, "name": "\u3075\u3093\u3069\u306e\u3053\u3076\u3057"}, {"language": {"name": "zh-Hant", "url": "https://pokeapi.co/api/v2/language/4/"}, "name": "\u6124\u6012\u4e4b\u62f3"}, {"language": {"name": "it", "url": "https://pokeapi.co/api/v2/language/8/"}, "name": "Pugno Furibondo"}, {"language": {"name": "en", "url": "https://pokeapi.co/api/v2/language/9/"}, "name": "Rage Fist"}, {"language": {"name": "ja", "url": "https://pokeapi.co/api/v2/language/11/"}, "name": "\u3075\u3093\u3069\u306e\u3053\u3076\u3057"}], "past_values": [], "power": 50, "pp": 10, "priority": 0, "stat_changes": [], "super_contest_effect": null, "target": {"name": "selected-pokemon", "url": "https://pokeapi.co/api/v2/move-target/10/"}, "type": {"name": "ghost", "url": "https://pokeapi.co/api/v2/type/8/"}}