{"accuracy": 80, "contest_combos": null, "contest_effect": null, "contest_type": null, "damage_class": {"name": "special", "url": "https://pokeapi.co/api/v2/move-damage-class/3/"}, "effect_chance": null, "effect_changes": [], "effect_entries": [], "flavor_text_entries": [{"flavor_text": "The user attacks by wrapping the target in fierce winds brimming with love and hate. This move\u2019s additional effects depend on the user\u2019s form.", "language": {"name": "en", "url": "https://pokeapi.co/api/v2/language/9/"}, "version_group": {"name": "legends-arceus", "url": "https://pokeapi.co/api/v2/version-group/24/"}}, {"flavor_text": "The user attacks by wrapping opposing Pok\u00e9mon in fierce winds brimming with love and hate. This may also lower their Attack stats.", "language": {"name": "en", "url": "https://pokeapi.co/api/v2/language/9/"}, "version_group": {"name": "scarlet-violet", "url": "https://pokeapi.co/api/v2/version-group/25/"}}], "generation": {"name": "generation-viii", "url": "https://pokeapi.co/api/v2/generation/8/"}, "id": 831, "learned_by_pokemon": [{"name": "enamorus-incarnate", "url": "https://pokeapi.co/api/v2/pokemon/905/"}, {"name": "enamorus-therian", "url": "https://pokeapi.co/api/v2/pokemon/10249/"}], "machines": [], "meta": null, "name": "springtide-storm", "names": [{"language": {"name": "ja-Hrkt", "url": "https://pokeapi.co/api/v2/language/1/"}, "name": "\u306f\u308b\u306e\u3042\u3089\u3057"}, {"language": {"name": "zh-Hant", "url": "https://pokeapi.co/api/v2/language/4/"}, "name": "\u9633\u6625\u98ce\u66b4"}, {"language": {"name": "it", "url": "https://pokeapi.co/api/v2/language/8/"}, "name": "Tempesta Zefirea"}, {"language": {"name": "en", "url": "https://pokeapi.co/api/v2/language/9/"}, "name": "Springtide Storm"}, {"language": {"name": "ja", "url": "https://pokeapi.co/api/v2/language/11/"}, "name": "\u306f\u308b\u306e\u3042\u3089\u3057"}], "past_values": [], "power": 100, "pp": 5, "priority": 0, "stat_changes": [], "super_contest_effect": null, "target": {"name": "all-opponents", "url": "https://pokeapi.co/api/v2/move-target/11/"}, "type": {"name": "fairy", "url": "https://pokeapi.co/api/v2/type/18/"}}