{"accuracy": 100, "contest_combos": null, "contest_effect": null, "contest_type": null, "damage_class": {"name": "physical", "url": "https://pokeapi.co/api/v2/move-damage-class/2/"}, "effect_chance": 100, "effect_changes": [], "effect_entries": [{"effect": "Inflicts regular damage.  Lowers the target\u2019s Attack by one stage.", "language": {"name": "en", "url": "https://pokeapi.co/api/v2/language/9/"}, "short_effect": "Lowers the target\u2019s Attack by one stage after inflicting damage."}], "flavor_text_entries": [{"flavor_text": "\u304d\u3087\u3046\u3058\u3093\u306a\u3000\u3057\u3063\u307d\u3092\u3000\u306f\u3052\u3057\u304f\n\u3075\u308a\u306f\u3089\u3063\u3066\u3000\u3042\u3044\u3066\u3092\u3000\u3053\u3046\u3052\u304d\u3059\u308b\u3002\n\u3042\u3044\u3066\u306e\u3000\u3053\u3046\u3052\u304d\u3092\u3000\u3055\u3052\u308b\u3002", "language": {"name": "ja-Hrkt", "url": "https://pokeapi.co/api/v2/language/1/"}, "version_group": {"name": "sword-shield", "url": "https://pokeapi.co/api/v2/version-group/20/"}}, {"flavor_text": "\uac15\uc778\ud55c \uaf2c\ub9ac\ub97c \uc138\ucc28\uac8c\n\ud718\ub458\ub7ec\uc11c \uc0c1\ub300\ub97c \uacf5\uaca9\ud55c\ub2e4.\n\uc0c1\ub300\uc758 \uacf5\uaca9\uc744 \ub5a8\uc5b4\ub728\ub9b0\ub2e4.", "language": {"name": "ko", "url": "https://pokeapi.co/api/v2/language/3/"}, "version_group": {"name": "sword-shield", "url": "https://pokeapi.co/api/v2/version-group/20/"}}, {"flavor_text": "\u6fc0\u70c8\u5730\u7529\u52d5\u5f37\u97cc\n\u7684\u5c3e\u5df4\u653b\u64ca\u5c0d\u624b\uff0c\n\u964d\u4f4e\u5c0d\u624b\u7684\u653b\u64ca\u3002", "language": {"name": "zh-Hant", "url": "https://pokeapi.co/api/v2/language/4/"}, "version_group": {"name": "sword-shield", "url": "https://pokeapi.co/api/v2/version-group/20/"}}, {"flavor_text": "Le lanceur balaie violemment le camp adverse\navec son immense queue. Baisse l\u2019Attaque de la cible.", "language": {"name": "fr", "url": "https://pokeapi.co/api/v2/language/5/"}, "version_group": {"name": "sword-shield", "url": "https://pokeapi.co/api/v2/version-group/20/"}}, {"flavor_text": "Der Anwender schwingt heftig seinen robusten Schweif,\num damit gegnerische Pok\u00e9mon anzugreifen und ihren\nAngriffs-Wert zu senken.", "language": {"name": "de", "url": "https://pokeapi.co/api/v2/language/6/"}, "version_group": {"name": "sword-shield", "url": "https://pokeapi.co/api/v2/version-group/20/"}}, {"flavor_text": "El usuario sacude violentamente su enorme cola para\ngolpear a todos los rivales y reducir su Ataque a la par.", "language": {"name": "es", "url": "https://pokeapi.co/api/v2/language/7/"}, "version_group": {"name": "sword-shield", "url": "https://pokeapi.co/api/v2/version-group/20/"}}, {"flavor_text": "Chi la usa attacca i nemici intorno con la sua robusta\ncoda riducendone l\u2019Attacco.", "language": {"name": "it", "url": "https://pokeapi.co/api/v2/language/8/"}, "version_group": {"name": "sword-shield", "url": "https://pokeapi.co/api/v2/version-group/20/"}}, {"flavor_text": "The user swings its tough tail wildly and attacks\nopposing Pok\u00e9mon. This also lowers their Attack stats.", "language": {"name": "en", "url": "https://pokeapi.co/api/v2/language/9/"}, "version_group": {"name": "sword-shield", "url": "https://pokeapi.co/api/v2/version-group/20/"}}, {"flavor_text": "\u304d\u3087\u3046\u3058\u3093\u306a\u3000\u3057\u3063\u307d\u3092\u3000\u6fc0\u3057\u304f\n\u3075\u308a\u306f\u3089\u3063\u3066\u3000\u76f8\u624b\u3092\u3000\u653b\u6483\u3059\u308b\u3002\n\u76f8\u624b\u306e\u3000\u653b\u6483\u3092\u3000\u4e0b\u3052\u308b\u3002", "language": {"name": "ja", "url": "https://pokeapi.co/api/v2/language/11/"}, "version_group": {"name": "sword-shield", "url": "https://pokeapi.co/api/v2/version-group/20/"}}, {"flavor_text": "\u7528\u575a\u97e7\u7684\u5c3e\u5df4\n\u731b\u626b\u5bf9\u624b\u8fdb\u884c\u653b\u51fb\uff0c\n\u4ece\u800c\u964d\u4f4e\u5bf9\u624b\u7684\u653b\u51fb\u3002", "language": {"name": "zh-Hans", "url": "https://pokeapi.co/api/v2/language/12/"}, "version_group": {"name": "sword-shield", "url": "https://pokeapi.co/api/v2/version-group/20/"}}, {"flavor_text": "The user swings its tough tail wildly and attacks opposing Pok\u00e9mon. This also lowers their Attack stats.", "language": {"name": "en", "url": "https://pokeapi.co/api/v2/language/9/"}, "version_group": {"name": "legends-arceus", "url": "https://pokeapi.co/api/v2/version-group/24/"}}, {"flavor_text": "The user swings its tough tail wildly and attacks opposing Pok\u00e9mon. This also lowers their Attack stats.", "language": {"name": "en", "url": "https://pokeapi.co/api/v2/language/9/"}, "version_group": {"name": "scarlet-violet", "url": "https://pokeapi.co/api/v2/version-group/25/"}}], "generation": {"name": "generation-viii", "url": "https://pokeapi.co/api/v2/generation/8/"}, "id": 784, "learned_by_pokemon": [{"name": "charmander", "url": "https://pokeapi.co/api/v2/pokemon/4/"}, {"name": "charmeleon", "url": "https://pokeapi.co/api/v2/pokemon/5/"}, {"name": "charizard", "url": "https://pokeapi.co/api/v2/pokemon/6/"}, {"name": "arbok", "url": "https://pokeapi.co/api/v2/pokemon/24/"}, {"name": "onix", "url": "https://pokeapi.co/api/v2/pokemon/95/"}, {"name": "rhydon", "url": "https://pokeapi.co/api/v2/pokemon/112/"}, {"name": "dratini", "url": "https://pokeapi.co/api/v2/pokemon/147/"}, {"name": "dragonair", "url": "https://pokeapi.co/api/v2/pokemon/148/"}, {"name": "dragonite", "url": "https://pokeapi.co/api/v2/pokemon/149/"}, {"name": "mew", "url": "https://pokeapi.co/api/v2/pokemon/151/"}, {"name": "totodile", "url": "https://pokeapi.co/api/v2/pokemon/158/"}, {"name": "croconaw", "url": "https://pokeapi.co/api/v2/pokemon/159/"}, {"name": "feraligatr", "url": "https://pokeapi.co/api/v2/pokemon/160/"}, {"name": "ampharos", "url": "https://pokeapi.co/api/v2/pokemon/181/"}, {"name": "dunsparce", "url": "https://pokeapi.co/api/v2/pokemon/206/"}, {"name": "gligar", "url": "https://pokeapi.co/api/v2/pokemon/207/"}, {"name": "steelix", "url": "https://pokeapi.co/api/v2/pokemon/208/"}, {"name": "kingdra", "url": "https://pokeapi.co/api/v2/pokemon/230/"}, {"name": "tyranitar", "url": "https://pokeapi.co/api/v2/pokemon/248/"}, {"name": "treecko", "url": "https://pokeapi.co/api/v2/pokemon/252/"}, {"name": "grovyle", "url": "https://pokeapi.co/api/v2/pokemon/253/"}, {"name": "sceptile", "url": "https://pokeapi.co/api/v2/pokemon/254/"}, {"name": "flygon", "url": "https://pokeapi.co/api/v2/pokemon/330/"}, {"name": "altaria", "url": "https://pokeapi.co/api/v2/pokemon/334/"}, {"name": "seviper", "url": "https://pokeapi.co/api/v2/pokemon/336/"}, {"name": "milotic", "url": "https://pokeapi.co/api/v2/pokemon/350/"}, {"name": "salamence", "url": "https://pokeapi.co/api/v2/pokemon/373/"}, {"name": "latias", "url": "https://pokeapi.co/api/v2/pokemon/380/"}, {"name": "latios", "url": "https://pokeapi.co/api/v2/pokemon/381/"}, {"name": "rayquaza", "url": "https://pokeapi.co/api/v2/pokemon/384/"}, {"name": "rampardos", "url": "https://pokeapi.co/api/v2/pokemon/409/"}, {"name": "gabite", "url": "https://pokeapi.co/api/v2/pokemon/444/"}, {"name": "garchomp", "url": "https://pokeapi.co/api/v2/pokemon/445/"}, {"name": "rhyperior", "url": "https://pokeapi.co/api/v2/pokemon/464/"}, {"name": "gliscor", "url": "https://pokeapi.co/api/v2/pokemon/472/"}, {"name": "dialga", "url": "https://pokeapi.co/api/v2/pokemon/483/"}, {"name": "palkia", "url": "https://pokeapi.co/api/v2/pokemon/484/"}, {"name": "giratina-altered", "url": "https://pokeapi.co/api/v2/pokemon/487/"}, {"name": "serperior", "url": "https://pokeapi.co/api/v2/pokemon/497/"}, {"name": "krokorok", "url": "https://pokeapi.co/api/v2/pokemon/552/"}, {"name": "krookodile", "url": "https://pokeapi.co/api/v2/pokemon/553/"}, {"name": "axew", "url": "https://pokeapi.co/api/v2/pokemon/610/"}, {"name": "fraxure", "url": "https://pokeapi.co/api/v2/pokemon/611/"}, {"name": "haxorus", "url": "https://pokeapi.co/api/v2/pokemon/612/"}, {"name": "hydreigon", "url": "https://pokeapi.co/api/v2/pokemon/635/"}, {"name": "reshiram", "url": "https://pokeapi.co/api/v2/pokemon/643/"}, {"name": "zekrom", "url": "https://pokeapi.co/api/v2/pokemon/644/"}, {"name": "kyurem", "url": "https://pokeapi.co/api/v2/pokemon/646/"}, {"name": "heliolisk", "url": "https://pokeapi.co/api/v2/pokemon/695/"}, {"name": "tyrantrum", "url": "https://pokeapi.co/api/v2/pokemon/697/"}, {"name": "goodra", "url": "https://pokeapi.co/api/v2/pokemon/706/"}, {"name": "noivern", "url": "https://pokeapi.co/api/v2/pokemon/715/"}, {"name": "zygarde-50", "url": "https://pokeapi.co/api/v2/pokemon/718/"}, {"name": "salazzle", "url": "https://pokeapi.co/api/v2/pokemon/758/"}, {"name": "drampa", "url": "https://pokeapi.co/api/v2/pokemon/780/"}, {"name": "jangmo-o", "url": "https://pokeapi.co/api/v2/pokemon/782/"}, {"name": "hakamo-o", "url": "https://pokeapi.co/api/v2/pokemon/783/"}, {"name": "kommo-o", "url": "https://pokeapi.co/api/v2/pokemon/784/"}, {"name": "necrozma", "url": "https://pokeapi.co/api/v2/pokemon/800/"}, {"name": "naganadel", "url": "https://pokeapi.co/api/v2/pokemon/804/"}, {"name": "inteleon", "url": "https://pokeapi.co/api/v2/pokemon/818/"}, {"name": "dracozolt", "url": "https://pokeapi.co/api/v2/pokemon/880/"}, {"name": "duraludon", "url": "https://pokeapi.co/api/v2/pokemon/884/"}, {"name": "drakloak", "url": "https://pokeapi.co/api/v2/pokemon/886/"}, {"name": "dragapult", "url": "https://pokeapi.co/api/v2/pokemon/887/"}, {"name": "regidrago", "url": "https://pokeapi.co/api/v2/pokemon/895/"}, {"name": "cyclizar", "url": "https://pokeapi.co/api/v2/pokemon/967/"}, {"name": "dudunsparce-two-segment", "url": "https://pokeapi.co/api/v2/pokemon/982/"}, {"name": "iron-thorns", "url": "https://pokeapi.co/api/v2/pokemon/995/"}, {"name": "baxcalibur", "url": "https://pokeapi.co/api/v2/pokemon/998/"}, {"name": "roaring-moon", "url": "https://pokeapi.co/api/v2/pokemon/1005/"}, {"name": "koraidon", "url": "https://pokeapi.co/api/v2/pokemon/1007/"}, {"name": "walking-wake", "url": "https://pokeapi.co/api/v2/pokemon/1009/"}, {"name": "archaludon", "url": "https://pokeapi.co/api/v2/pokemon/1018/"}, {"name": "hydrapple", "url": "https://pokeapi.co/api/v2/pokemon/1019/"}, {"name": "gouging-fire", "url": "https://pokeapi.co/api/v2/pokemon/1020/"}, {"name": "raging-bolt", "url": "https://pokeapi.co/api/v2/pokemon/1021/"}, {"name": "giratina-origin", "url": "https://pokeapi.co/api/v2/pokemon/10007/"}, {"name": "kyurem-black", "url": "https://pokeapi.co/api/v2/pokemon/10022/"}, {"name": "kyurem-white", "url": "https://pokeapi.co/api/v2/pokemon/10023/"}, {"name": "exeggutor-alola", "url": "https://pokeapi.co/api/v2/pokemon/10114/"}, {"name": "zygarde-10-power-construct", "url": "https://pokeapi.co/api/v2/pokemon/10118/"}, {"name": "zygarde-50-power-construct", "url": "https://pokeapi.co/api/v2/pokemon/10119/"}, {"name": "zygarde-complete", "url": "https://pokeapi.co/api/v2/pokemon/10120/"}, {"name": "necrozma-dusk", "url": "https://pokeapi.co/api/v2/pokemon/10155/"}, {"name": "necrozma-dawn", "url": "https://pokeapi.co/api/v2/pokemon/10156/"}, {"name": "zygarde-10", "url": "https://pokeapi.co/api/v2/pokemon/10181/"}, {"name": "goodra-hisui", "url": "https://pokeapi.co/api/v2/pokemon/10242/"}, {"name": "dudunsparce-three-segment", "url": "https://pokeapi.co/api/v2/pokemon/10255/"}, {"name": "koraidon-limited-build", "url": "https://pokeapi.co/api/v2/pokemon/10264/"}, {"name": "koraidon-sprinting-build", "url": "https://pokeapi.co/api/v2/pokemon/10265/"}, {"name": "koraidon-swimming-build", "url": "https://pokeapi.co/api/v2/pokemon/10266/"}, {"name": "koraidon-gliding-build", "url": "https://pokeapi.co/api/v2/pokemon/10267/"}], "machines": [{"machine": {"url": "https://pokeapi.co/api/v2/machine/1472/"}, "version_group": {"name": "sword-shield", "url": "https://pokeapi.co/api/v2/version-group/20/"}}, {"machine": {"url": "https://pokeapi.co/api/v2/machine/1927/"}, "version_group": {"name": "scarlet-violet", "url": "https://pokeapi.co/api/v2/version-group/25/"}}, {"machine": {"url": "https://pokeapi.co/api/v2/machine/2095/"}, "version_group": {"name": "the-indigo-disk", "url": "https://pokeapi.co/api/v2/version-group/27/"}}], "meta": {"ailment": {"name": "none", "url": "https://pokeapi.co/api/v2/move-ailment/0/"}, "ailment_chance": 0, "category": {"name": "damage+lower", "url": "https://pokeapi.co/api/v2/move-category/6/"}, "crit_rate": 0, "drain": 0, "flinch_chance": 0, "healing": 0, "max_hits": null, "max_turns": null, "min_hits": null, "min_turns": null, "stat_chance": 100}, "name": "breaking-swipe", "names": [{"language": {"name": "ja-Hrkt", "url": "https://pokeapi.co/api/v2/language/1/"}, "name": "\u30ef\u30a4\u30c9\u30d6\u30ec\u30a4\u30ab\u30fc"}, {"language": {"name": "ko", "url": "https://pokeapi.co/api/v2/language/3/"}, "name": "\uc640\uc774\ub4dc\ube0c\ub808\uc774\ucee4"}, {"language": {"name": "zh-Hant", "url": "https://pokeapi.co/api/v2/language/4/"}, "name": "\u5ee3\u57df\u7834\u58de"}, {"language": {"name": "fr", "url": "https://pokeapi.co/api/v2/language/5/"}, "name": "Abattage"}, {"language": {"name": "de", "url": "https://pokeapi.co/api/v2/language/6/"}, "name": "Breitseite"}, {"language": {"name": "es", "url": "https://pokeapi.co/api/v2/language/7/"}, "name": "Vasto Impacto"}, {"language": {"name": "it", "url": "https://pokeapi.co/api/v2/language/8/"}, "name": "Vastoimpatto"}, {"language": {"name": "en", "url": "https://pokeapi.co/api/v2/language/9/"}, "name": "Breaking Swipe"}, {"language": {"name": "ja", "url": "https://pokeapi.co/api/v2/language/11/"}, "name": "\u30ef\u30a4\u30c9\u30d6\u30ec\u30a4\u30ab\u30fc"}, {"language": {"name": "zh-Hans", "url": "https://pokeapi.co/api/v2/language/12/"}, "name": "\u5e7f\u57df\u7834\u574f"}], "past_values": [], "power": 60, "pp": 15, "priority": 0, "stat_changes": [{"change": -1, "stat": {"name": "attack", "url": "https://pokeapi.co/api/v2/stat/2/"}}], "super_contest_effect": null, "target": {"name": "all-opponents", "url": "https://pokeapi.co/api/v2/move-target/11/"}, "type": {"name": "dragon", "url": "https://pokeapi.co/api/v2/type/16/"}}