{"accuracy": null, "contest_combos": null, "contest_effect": null, "contest_type": {"name": "cute", "url": "https://pokeapi.co/api/v2/contest-type/3/"}, "damage_class": {"name": "status", "url": "https://pokeapi.co/api/v2/move-damage-class/1/"}, "effect_chance": null, "effect_changes": [], "effect_entries": [{"effect": "If the target has selected a damaging move this turn, the user will copy that move and use it against the target, with a 50% increase in power.\n\nIf the target moves before the user, this move will fail.\n\nThis move cannot be copied by mirror move, nor selected by assist, metronome, or sleep talk.", "language": {"name": "en", "url": "https://pokeapi.co/api/v2/language/9/"}, "short_effect": "Uses the target\u2019s move against it before it attacks, with power increased by half."}], "flavor_text_entries": [{"flavor_text": "Se chi la usa \u00e8 pi\u00f9 veloce del nemico, gli ruba\nla mossa e gliela ritorce contro con potenza\npersino maggiore.", "language": {"name": "it", "url": "https://pokeapi.co/api/v2/language/8/"}, "version_group": {"name": "sun-moon", "url": "https://pokeapi.co/api/v2/version-group/17/"}}, {"flavor_text": "The user tries to cut\nahead of the foe to\nsteal and use the\nfoe\u2019s intended move\nwith greater power.", "language": {"name": "en", "url": "https://pokeapi.co/api/v2/language/9/"}, "version_group": {"name": "diamond-pearl", "url": "https://pokeapi.co/api/v2/version-group/8/"}}, {"flavor_text": "The user tries to cut\nahead of the foe to\nsteal and use the\nfoe\u2019s intended move\nwith greater power.", "language": {"name": "en", "url": "https://pokeapi.co/api/v2/language/9/"}, "version_group": {"name": "platinum", "url": "https://pokeapi.co/api/v2/version-group/9/"}}, {"flavor_text": "The user tries to cut\nahead of the foe to\nsteal and use the\nfoe\u2019s intended move\nwith greater power.", "language": {"name": "en", "url": "https://pokeapi.co/api/v2/language/9/"}, "version_group": {"name": "heartgold-soulsilver", "url": "https://pokeapi.co/api/v2/version-group/10/"}}, {"flavor_text": "Le lanceur vole la capacit\u00e9 pr\u00e9vue par\nl\u2019ennemi et l\u2019utilise en faisant plus de\nd\u00e9g\u00e2ts. Il doit frapper en premier.", "language": {"name": "fr", "url": "https://pokeapi.co/api/v2/language/5/"}, "version_group": {"name": "black-white", "url": "https://pokeapi.co/api/v2/version-group/11/"}}, {"flavor_text": "The user tries to cut ahead of the target\nto steal and use the target\u2019s intended\nmove with greater power.", "language": {"name": "en", "url": "https://pokeapi.co/api/v2/language/9/"}, "version_group": {"name": "black-white", "url": "https://pokeapi.co/api/v2/version-group/11/"}}, {"flavor_text": "The user tries to cut ahead of the target\nto steal and use the target\u2019s intended\nmove with greater power.", "language": {"name": "en", "url": "https://pokeapi.co/api/v2/language/9/"}, "version_group": {"name": "black-2-white-2", "url": "https://pokeapi.co/api/v2/version-group/14/"}}, {"flavor_text": "\u3044\u308a\u3087\u304f\u3092\u3000\u3042\u3052\u3066\u3000\u3042\u3044\u3066\u304c\n\u3060\u305d\u3046\u3068\u3059\u308b\u3000\u308f\u3056\u3092\u3000\u3055\u304d\u306b\u3060\u3059\u3002\n\u3055\u304d\u306b\u3000\u3060\u305b\u306a\u3044\u3068\u3000\u3057\u3063\u3071\u3044\u3000\u3059\u308b\u3002", "language": {"name": "ja-Hrkt", "url": "https://pokeapi.co/api/v2/language/1/"}, "version_group": {"name": "x-y", "url": "https://pokeapi.co/api/v2/version-group/15/"}}, {"flavor_text": "\uc704\ub825\uc744 \uc62c\ub824 \uc0c1\ub300\uac00\n\uc4f0\ub824\uace0 \ud558\ub294 \uae30\uc220\uc744 \uba3c\uc800 \uc4f4\ub2e4.\n\uba3c\uc800 \uc4f0\uc9c0 \uc54a\uc73c\uba74 \uc2e4\ud328\ud55c\ub2e4.", "language": {"name": "ko", "url": "https://pokeapi.co/api/v2/language/3/"}, "version_group": {"name": "x-y", "url": "https://pokeapi.co/api/v2/version-group/15/"}}, {"flavor_text": "Le lanceur vole la capacit\u00e9 pr\u00e9vue par l\u2019ennemi et\nl\u2019utilise en faisant plus de d\u00e9g\u00e2ts. Il doit frapper en\npremier.", "language": {"name": "fr", "url": "https://pokeapi.co/api/v2/language/5/"}, "version_group": {"name": "x-y", "url": "https://pokeapi.co/api/v2/version-group/15/"}}, {"flavor_text": "Anwender stiehlt und f\u00fchrt die Attacke eines\nlangsameren Zieles zuerst und mit gr\u00f6\u00dferer\nKraft aus.", "language": {"name": "de", "url": "https://pokeapi.co/api/v2/language/6/"}, "version_group": {"name": "x-y", "url": "https://pokeapi.co/api/v2/version-group/15/"}}, {"flavor_text": "Se adelanta al movimiento que pretende usar el\nobjetivo y lo lanza antes con m\u00e1s fuerza. Si el\nusuario es m\u00e1s lento, falla.", "language": {"name": "es", "url": "https://pokeapi.co/api/v2/language/7/"}, "version_group": {"name": "x-y", "url": "https://pokeapi.co/api/v2/version-group/15/"}}, {"flavor_text": "Se chi la usa \u00e8 pi\u00f9 veloce del nemico, gli ruba\nla mossa e gliela ritorce contro con potenza\npersino maggiore.", "language": {"name": "it", "url": "https://pokeapi.co/api/v2/language/8/"}, "version_group": {"name": "x-y", "url": "https://pokeapi.co/api/v2/version-group/15/"}}, {"flavor_text": "The user cuts ahead of the target to steal and\nuse the target\u2019s intended move with greater power.\nThis move fails if it isn\u2019t used first.", "language": {"name": "en", "url": "https://pokeapi.co/api/v2/language/9/"}, "version_group": {"name": "x-y", "url": "https://pokeapi.co/api/v2/version-group/15/"}}, {"flavor_text": "\u5a01\u529b\u3092\u3000\u3042\u3052\u3066\u3000\u76f8\u624b\u304c\n\u3060\u305d\u3046\u3068\u3059\u308b\u3000\u6280\u3092\u3000\u5148\u306b\u3060\u3059\u3002\n\u5148\u306b\u3000\u3060\u305b\u306a\u3044\u3068\u3000\u5931\u6557\u3059\u308b\u3002", "language": {"name": "ja", "url": "https://pokeapi.co/api/v2/language/11/"}, "version_group": {"name": "x-y", "url": "https://pokeapi.co/api/v2/version-group/15/"}}, {"flavor_text": "\u3044\u308a\u3087\u304f\u3092\u3000\u3042\u3052\u3066\u3000\u3042\u3044\u3066\u304c\n\u3060\u305d\u3046\u3068\u3059\u308b\u3000\u308f\u3056\u3092\u3000\u3055\u304d\u306b\u3060\u3059\u3002\n\u3055\u304d\u306b\u3000\u3060\u305b\u306a\u3044\u3068\u3000\u3057\u3063\u3071\u3044\u3000\u3059\u308b\u3002", "language": {"name": "ja-Hrkt", "url": "https://pokeapi.co/api/v2/language/1/"}, "version_group": {"name": "omega-ruby-alpha-sapphire", "url": "https://pokeapi.co/api/v2/version-group/16/"}}, {"flavor_text": "\uc704\ub825\uc744 \uc62c\ub824 \uc0c1\ub300\uac00\n\uc4f0\ub824\uace0 \ud558\ub294 \uae30\uc220\uc744 \uba3c\uc800 \uc4f4\ub2e4.\n\uba3c\uc800 \uc4f0\uc9c0 \uc54a\uc73c\uba74 \uc2e4\ud328\ud55c\ub2e4.", "language": {"name": "ko", "url": "https://pokeapi.co/api/v2/language/3/"}, "version_group": {"name": "omega-ruby-alpha-sapphire", "url": "https://pokeapi.co/api/v2/version-group/16/"}}, {"flavor_text": "Le lanceur vole la capacit\u00e9 pr\u00e9vue par l\u2019ennemi et\nl\u2019utilise en faisant plus de d\u00e9g\u00e2ts. Il doit frapper en\npremier.", "language": {"name": "fr", "url": "https://pokeapi.co/api/v2/language/5/"}, "version_group": {"name": "omega-ruby-alpha-sapphire", "url": "https://pokeapi.co/api/v2/version-group/16/"}}, {"flavor_text": "Anwender stiehlt und f\u00fchrt die Attacke eines\nlangsameren Zieles zuerst und mit gr\u00f6\u00dferer\nKraft aus.", "language": {"name": "de", "url": "https://pokeapi.co/api/v2/language/6/"}, "version_group": {"name": "omega-ruby-alpha-sapphire", "url": "https://pokeapi.co/api/v2/version-group/16/"}}, {"flavor_text": "Se adelanta al movimiento que pretende usar el \nobjetivo y lo lanza antes con m\u00e1s fuerza. Si el\nusuario es m\u00e1s lento, falla.", "language": {"name": "es", "url": "https://pokeapi.co/api/v2/language/7/"}, "version_group": {"name": "omega-ruby-alpha-sapphire", "url": "https://pokeapi.co/api/v2/version-group/16/"}}, {"flavor_text": "Se chi la usa \u00e8 pi\u00f9 veloce del nemico, gli ruba\nla mossa e gliela ritorce contro con potenza\npersino maggiore.", "language": {"name": "it", "url": "https://pokeapi.co/api/v2/language/8/"}, "version_group": {"name": "omega-ruby-alpha-sapphire", "url": "https://pokeapi.co/api/v2/version-group/16/"}}, {"flavor_text": "The user cuts ahead of the target to steal and\nuse the target\u2019s intended move with greater power.\nThis move fails if it isn\u2019t used first.", "language": {"name": "en", "url": "https://pokeapi.co/api/v2/language/9/"}, "version_group": {"name": "omega-ruby-alpha-sapphire", "url": "https://pokeapi.co/api/v2/version-group/16/"}}, {"flavor_text": "\u5a01\u529b\u3092\u3000\u3042\u3052\u3066\u3000\u76f8\u624b\u304c\n\u3060\u305d\u3046\u3068\u3059\u308b\u3000\u6280\u3092\u3000\u5148\u306b\u3060\u3059\u3002\n\u5148\u306b\u3000\u3060\u305b\u306a\u3044\u3068\u3000\u5931\u6557\u3059\u308b\u3002", "language": {"name": "ja", "url": "https://pokeapi.co/api/v2/language/11/"}, "version_group": {"name": "omega-ruby-alpha-sapphire", "url": "https://pokeapi.co/api/v2/version-group/16/"}}, {"flavor_text": "\u3044\u308a\u3087\u304f\u3092\u3000\u3042\u3052\u3066\u3000\u3042\u3044\u3066\u304c\n\u3060\u305d\u3046\u3068\u3059\u308b\u3000\u308f\u3056\u3092\u3000\u3055\u304d\u306b\u3060\u3059\u3002\n\u3055\u304d\u306b\u3000\u3060\u305b\u306a\u3044\u3068\u3000\u3057\u3063\u3071\u3044\u3000\u3059\u308b\u3002", "language": {"name": "ja-Hrkt", "url": "https://pokeapi.co/api/v2/language/1/"}, "version_group": {"name": "sun-moon", "url": "https://pokeapi.co/api/v2/version-group/17/"}}, {"flavor_text": "\uc704\ub825\uc744 \uc62c\ub824 \uc0c1\ub300\uac00\n\uc4f0\ub824\uace0 \ud558\ub294 \uae30\uc220\uc744 \uba3c\uc800 \uc4f4\ub2e4.\n\uba3c\uc800 \uc4f0\uc9c0 \uc54a\uc73c\uba74 \uc2e4\ud328\ud55c\ub2e4.", "language": {"name": "ko", "url": "https://pokeapi.co/api/v2/language/3/"}, "version_group": {"name": "sun-moon", "url": "https://pokeapi.co/api/v2/version-group/17/"}}, {"flavor_text": "\u4ee5\u66f4\u9ad8\u7684\u5a01\u529b\uff0c\u6436\u5148\u767c\u52d5\n\u5c0d\u624b\u6e96\u5099\u4f7f\u51fa\u7684\u62db\u5f0f\u3002\n\u82e5\u884c\u52d5\u9806\u5e8f\u5728\u5c0d\u624b\u4e4b\u5f8c\u5247\u6703\u5931\u6557\u3002", "language": {"name": "zh-Hant", "url": "https://pokeapi.co/api/v2/language/4/"}, "version_group": {"name": "sun-moon", "url": "https://pokeapi.co/api/v2/version-group/17/"}}, {"flavor_text": "Le lanceur vole la capacit\u00e9 pr\u00e9vue par l\u2019ennemi et\nl\u2019utilise en faisant plus de d\u00e9g\u00e2ts. Il doit frapper en\npremier.", "language": {"name": "fr", "url": "https://pokeapi.co/api/v2/language/5/"}, "version_group": {"name": "sun-moon", "url": "https://pokeapi.co/api/v2/version-group/17/"}}, {"flavor_text": "Anwender f\u00fchrt die Attacke des Zieles zuerst und\nmit h\u00f6herer St\u00e4rke aus. Dies schl\u00e4gt fehl, falls der\nAnwender nicht vor dem Ziel zum Zug kommt.", "language": {"name": "de", "url": "https://pokeapi.co/api/v2/language/6/"}, "version_group": {"name": "sun-moon", "url": "https://pokeapi.co/api/v2/version-group/17/"}}, {"flavor_text": "Se adelanta al movimiento que pretende usar el \nobjetivo y lo lanza antes con m\u00e1s fuerza. Si el\nusuario es m\u00e1s lento, falla.", "language": {"name": "es", "url": "https://pokeapi.co/api/v2/language/7/"}, "version_group": {"name": "sun-moon", "url": "https://pokeapi.co/api/v2/version-group/17/"}}, {"flavor_text": "The user cuts ahead of the target to copy and use\nthe target\u2019s intended move with greater power.\nThis move fails if it isn\u2019t used first.", "language": {"name": "en", "url": "https://pokeapi.co/api/v2/language/9/"}, "version_group": {"name": "sun-moon", "url": "https://pokeapi.co/api/v2/version-group/17/"}}, {"flavor_text": "\u5a01\u529b\u3092\u3000\u3042\u3052\u3066\u3000\u76f8\u624b\u304c\n\u3060\u305d\u3046\u3068\u3059\u308b\u3000\u6280\u3092\u3000\u5148\u306b\u3060\u3059\u3002\n\u5148\u306b\u3000\u3060\u305b\u306a\u3044\u3068\u3000\u5931\u6557\u3059\u308b\u3002", "language": {"name": "ja", "url": "https://pokeapi.co/api/v2/language/11/"}, "version_group": {"name": "sun-moon", "url": "https://pokeapi.co/api/v2/version-group/17/"}}, {"flavor_text": "\u63d0\u9ad8\u5a01\u529b\uff0c\u62a2\u5148\u4f7f\u51fa\n\u5bf9\u624b\u60f3\u8981\u4f7f\u51fa\u7684\u62db\u5f0f\u3002\n\u5982\u679c\u4e0d\u5148\u4f7f\u51fa\u5219\u4f1a\u5931\u8d25\u3002", "language": {"name": "zh-Hans", "url": "https://pokeapi.co/api/v2/language/12/"}, "version_group": {"name": "sun-moon", "url": "https://pokeapi.co/api/v2/version-group/17/"}}, {"flavor_text": "\u3044\u308a\u3087\u304f\u3092\u3000\u3042\u3052\u3066\u3000\u3042\u3044\u3066\u304c\n\u3060\u305d\u3046\u3068\u3059\u308b\u3000\u308f\u3056\u3092\u3000\u3055\u304d\u306b\u3060\u3059\u3002\n\u3055\u304d\u306b\u3000\u3060\u305b\u306a\u3044\u3068\u3000\u3057\u3063\u3071\u3044\u3000\u3059\u308b\u3002", "language": {"name": "ja-Hrkt", "url": "https://pokeapi.co/api/v2/language/1/"}, "version_group": {"name": "ultra-sun-ultra-moon", "url": "https://pokeapi.co/api/v2/version-group/18/"}}, {"flavor_text": "\uc704\ub825\uc744 \uc62c\ub824 \uc0c1\ub300\uac00\n\uc4f0\ub824\uace0 \ud558\ub294 \uae30\uc220\uc744 \uba3c\uc800 \uc4f4\ub2e4.\n\uba3c\uc800 \uc4f0\uc9c0 \uc54a\uc73c\uba74 \uc2e4\ud328\ud55c\ub2e4.", "language": {"name": "ko", "url": "https://pokeapi.co/api/v2/language/3/"}, "version_group": {"name": "ultra-sun-ultra-moon", "url": "https://pokeapi.co/api/v2/version-group/18/"}}, {"flavor_text": "\u4ee5\u66f4\u9ad8\u7684\u5a01\u529b\uff0c\u6436\u5148\u767c\u52d5\n\u5c0d\u624b\u6e96\u5099\u4f7f\u51fa\u7684\u62db\u5f0f\u3002\n\u82e5\u884c\u52d5\u9806\u5e8f\u5728\u5c0d\u624b\u4e4b\u5f8c\u5247\u6703\u5931\u6557\u3002", "language": {"name": "zh-Hant", "url": "https://pokeapi.co/api/v2/language/4/"}, "version_group": {"name": "ultra-sun-ultra-moon", "url": "https://pokeapi.co/api/v2/version-group/18/"}}, {"flavor_text": "Le lanceur vole la capacit\u00e9 pr\u00e9vue par l\u2019ennemi et\nl\u2019utilise en faisant plus de d\u00e9g\u00e2ts. Il doit frapper en\npremier.", "language": {"name": "fr", "url": "https://pokeapi.co/api/v2/language/5/"}, "version_group": {"name": "ultra-sun-ultra-moon", "url": "https://pokeapi.co/api/v2/version-group/18/"}}, {"flavor_text": "Anwender f\u00fchrt die Attacke des Zieles zuerst und\nmit h\u00f6herer St\u00e4rke aus. Dies schl\u00e4gt fehl, falls der\nAnwender nicht vor dem Ziel zum Zug kommt.", "language": {"name": "de", "url": "https://pokeapi.co/api/v2/language/6/"}, "version_group": {"name": "ultra-sun-ultra-moon", "url": "https://pokeapi.co/api/v2/version-group/18/"}}, {"flavor_text": "Se adelanta al movimiento que pretende usar el \nobjetivo y lo lanza antes con m\u00e1s fuerza. Si el\nusuario es m\u00e1s lento, falla.", "language": {"name": "es", "url": "https://pokeapi.co/api/v2/language/7/"}, "version_group": {"name": "ultra-sun-ultra-moon", "url": "https://pokeapi.co/api/v2/version-group/18/"}}, {"flavor_text": "Se chi la usa \u00e8 pi\u00f9 veloce del nemico, gli ruba\nla mossa e gliela ritorce contro con potenza\npersino maggiore.", "language": {"name": "it", "url": "https://pokeapi.co/api/v2/language/8/"}, "version_group": {"name": "ultra-sun-ultra-moon", "url": "https://pokeapi.co/api/v2/version-group/18/"}}, {"flavor_text": "The user cuts ahead of the target to copy and use\nthe target\u2019s intended move with greater power.\nThis move fails if it isn\u2019t used first.", "language": {"name": "en", "url": "https://pokeapi.co/api/v2/language/9/"}, "version_group": {"name": "ultra-sun-ultra-moon", "url": "https://pokeapi.co/api/v2/version-group/18/"}}, {"flavor_text": "\u5a01\u529b\u3092\u3000\u3042\u3052\u3066\u3000\u76f8\u624b\u304c\n\u3060\u305d\u3046\u3068\u3059\u308b\u3000\u6280\u3092\u3000\u5148\u306b\u3060\u3059\u3002\n\u5148\u306b\u3000\u3060\u305b\u306a\u3044\u3068\u3000\u5931\u6557\u3059\u308b\u3002", "language": {"name": "ja", "url": "https://pokeapi.co/api/v2/language/11/"}, "version_group": {"name": "ultra-sun-ultra-moon", "url": "https://pokeapi.co/api/v2/version-group/18/"}}, {"flavor_text": "\u63d0\u9ad8\u5a01\u529b\uff0c\u62a2\u5148\u4f7f\u51fa\n\u5bf9\u624b\u60f3\u8981\u4f7f\u51fa\u7684\u62db\u5f0f\u3002\n\u5982\u679c\u4e0d\u5148\u4f7f\u51fa\u5219\u4f1a\u5931\u8d25\u3002", "language": {"name": "zh-Hans", "url": "https://pokeapi.co/api/v2/language/12/"}, "version_group": {"name": "ultra-sun-ultra-moon", "url": "https://pokeapi.co/api/v2/version-group/18/"}}, {"flavor_text": "\u3044\u308a\u3087\u304f\u3092\u3000\u3042\u3052\u3066\u3000\u3042\u3044\u3066\u304c\n\u3060\u305d\u3046\u3068\u3059\u308b\u3000\u308f\u3056\u3092\u3000\u3055\u304d\u306b\u3060\u3059\u3002\n\u3055\u304d\u306b\u3000\u3060\u305b\u306a\u3044\u3068\u3000\u3057\u3063\u3071\u3044\u3000\u3059\u308b\u3002", "language": {"name": "ja-Hrkt", "url": "https://pokeapi.co/api/v2/language/1/"}, "version_group": {"name": "lets-go-pikachu-lets-go-eevee", "url": "https://pokeapi.co/api/v2/version-group/19/"}}, {"flavor_text": "\uc704\ub825\uc744 \uc62c\ub824 \uc0c1\ub300\uac00\n\uc4f0\ub824\uace0 \ud558\ub294 \uae30\uc220\uc744 \uba3c\uc800 \uc4f4\ub2e4.\n\uba3c\uc800 \uc4f0\uc9c0 \uc54a\uc73c\uba74 \uc2e4\ud328\ud55c\ub2e4.", "language": {"name": "ko", "url": "https://pokeapi.co/api/v2/language/3/"}, "version_group": {"name": "lets-go-pikachu-lets-go-eevee", "url": "https://pokeapi.co/api/v2/version-group/19/"}}, {"flavor_text": "\u4ee5\u66f4\u9ad8\u7684\u5a01\u529b\uff0c\u6436\u5148\u767c\u52d5\n\u5c0d\u624b\u6e96\u5099\u4f7f\u51fa\u7684\u62db\u5f0f\u3002\n\u82e5\u884c\u52d5\u9806\u5e8f\u5728\u5c0d\u624b\u4e4b\u5f8c\u5247\u6703\u5931\u6557\u3002", "language": {"name": "zh-Hant", "url": "https://pokeapi.co/api/v2/language/4/"}, "version_group": {"name": "lets-go-pikachu-lets-go-eevee", "url": "https://pokeapi.co/api/v2/version-group/19/"}}, {"flavor_text": "Le lanceur vole la capacit\u00e9 pr\u00e9vue par l\u2019ennemi\net l\u2019utilise en faisant plus de d\u00e9g\u00e2ts. Il doit frapper\nen premier.", "language": {"name": "fr", "url": "https://pokeapi.co/api/v2/language/5/"}, "version_group": {"name": "lets-go-pikachu-lets-go-eevee", "url": "https://pokeapi.co/api/v2/version-group/19/"}}, {"flavor_text": "Anwender f\u00fchrt die Attacke des Zieles zuerst und\nmit h\u00f6herer St\u00e4rke aus. Dies schl\u00e4gt fehl, falls der\nAnwender nicht vor dem Ziel zum Zug kommt.", "language": {"name": "de", "url": "https://pokeapi.co/api/v2/language/6/"}, "version_group": {"name": "lets-go-pikachu-lets-go-eevee", "url": "https://pokeapi.co/api/v2/version-group/19/"}}, {"flavor_text": "Se adelanta al movimiento que pretende usar el \nobjetivo y lo lanza antes con m\u00e1s fuerza. Si el\nusuario es m\u00e1s lento, falla.", "language": {"name": "es", "url": "https://pokeapi.co/api/v2/language/7/"}, "version_group": {"name": "lets-go-pikachu-lets-go-eevee", "url": "https://pokeapi.co/api/v2/version-group/19/"}}, {"flavor_text": "Se chi la usa \u00e8 pi\u00f9 veloce del nemico, gli ruba\nla mossa e gliela ritorce contro con potenza\npersino maggiore.", "language": {"name": "it", "url": "https://pokeapi.co/api/v2/language/8/"}, "version_group": {"name": "lets-go-pikachu-lets-go-eevee", "url": "https://pokeapi.co/api/v2/version-group/19/"}}, {"flavor_text": "The user cuts ahead of the target to copy and use\nthe target\u2019s intended move with greater power.\nThis move fails if it isn\u2019t used first.", "language": {"name": "en", "url": "https://pokeapi.co/api/v2/language/9/"}, "version_group": {"name": "lets-go-pikachu-lets-go-eevee", "url": "https://pokeapi.co/api/v2/version-group/19/"}}, {"flavor_text": "\u5a01\u529b\u3092\u3000\u3042\u3052\u3066\u3000\u76f8\u624b\u304c\n\u3060\u305d\u3046\u3068\u3059\u308b\u3000\u6280\u3092\u3000\u5148\u306b\u3060\u3059\u3002\n\u5148\u306b\u3000\u3060\u305b\u306a\u3044\u3068\u3000\u5931\u6557\u3059\u308b\u3002", "language": {"name": "ja", "url": "https://pokeapi.co/api/v2/language/11/"}, "version_group": {"name": "lets-go-pikachu-lets-go-eevee", "url": "https://pokeapi.co/api/v2/version-group/19/"}}, {"flavor_text": "\u63d0\u9ad8\u5a01\u529b\uff0c\u62a2\u5148\u4f7f\u51fa\n\u5bf9\u624b\u60f3\u8981\u4f7f\u51fa\u7684\u62db\u5f0f\u3002\n\u5982\u679c\u4e0d\u5148\u4f7f\u51fa\u5219\u4f1a\u5931\u8d25\u3002", "language": {"name": "zh-Hans", "url": "https://pokeapi.co/api/v2/language/12/"}, "version_group": {"name": "lets-go-pikachu-lets-go-eevee", "url": "https://pokeapi.co/api/v2/version-group/19/"}}, {"flavor_text": "\u3053\u306e\u308f\u3056\u306f\u3000\u3064\u304b\u3048\u307e\u305b\u3093\n\u304a\u3082\u3044\u3060\u3059\u3053\u3068\u304c\u3000\u3067\u304d\u306a\u304f\u306a\u308a\u307e\u3059\u304c\n\u308f\u3056\u3092\u3000\u308f\u3059\u308c\u308b\u3053\u3068\u3092\u3000\u304a\u3059\u3059\u3081\u3057\u307e\u3059", "language": {"name": "ja-Hrkt", "url": "https://pokeapi.co/api/v2/language/1/"}, "version_group": {"name": "sword-shield", "url": "https://pokeapi.co/api/v2/version-group/20/"}}, {"flavor_text": "\uc0ac\uc6a9\ud560 \uc218 \uc5c6\ub294 \uae30\uc220\uc785\ub2c8\ub2e4.\n\ub2e4\uc2dc \ubc30\uc6b0\uac8c \ud560 \uc218 \uc5c6\uc9c0\ub9cc\n\uae30\uc220\uc744 \uc78a\uac8c \ud558\ub294 \uac83\uc744 \uad8c\uc7a5\ud569\ub2c8\ub2e4.", "language": {"name": "ko", "url": "https://pokeapi.co/api/v2/language/3/"}, "version_group": {"name": "sword-shield", "url": "https://pokeapi.co/api/v2/version-group/20/"}}, {"flavor_text": "\u7121\u6cd5\u4f7f\u7528\u6b64\u62db\u5f0f\u3002\n\u96d6\u7136\u5fd8\u8a18\u5f8c\u5c07\u7121\u6cd5\u518d\u60f3\u8d77\u4f86\uff0c\n\u4f46\u9084\u662f\u5efa\u8b70\u5fd8\u8a18\u6b64\u62db\u5f0f\u3002", "language": {"name": "zh-Hant", "url": "https://pokeapi.co/api/v2/language/4/"}, "version_group": {"name": "sword-shield", "url": "https://pokeapi.co/api/v2/version-group/20/"}}, {"flavor_text": "Cette capacit\u00e9 ne peut pas \u00eatre utilis\u00e9e.\nIl est recommand\u00e9 de l\u2019oublier, m\u00eame s\u2019il sera\nimpossible de se la rem\u00e9morer une fois oubli\u00e9e.", "language": {"name": "fr", "url": "https://pokeapi.co/api/v2/language/5/"}, "version_group": {"name": "sword-shield", "url": "https://pokeapi.co/api/v2/version-group/20/"}}, {"flavor_text": "Diese Attacke kann nicht eingesetzt werden. Du solltest\ndein Pok\u00e9mon sie vergessen lassen. Beachte aber,\ndass es sich danach nicht wieder an sie erinnern kann.", "language": {"name": "de", "url": "https://pokeapi.co/api/v2/language/6/"}, "version_group": {"name": "sword-shield", "url": "https://pokeapi.co/api/v2/version-group/20/"}}, {"flavor_text": "Este movimiento no se puede usar, por lo que ser\u00eda\nmejor olvidarlo, aunque eso implique que no se pueda\nrecordar posteriormente.", "language": {"name": "es", "url": "https://pokeapi.co/api/v2/language/7/"}, "version_group": {"name": "sword-shield", "url": "https://pokeapi.co/api/v2/version-group/20/"}}, {"flavor_text": "Questa mossa non pu\u00f2 essere usata.\n\u00c8 consigliabile farla dimenticare al Pok\u00e9mon. Tuttavia,\nuna volta dimenticata, non potr\u00e0 pi\u00f9 essere ricordata.", "language": {"name": "it", "url": "https://pokeapi.co/api/v2/language/8/"}, "version_group": {"name": "sword-shield", "url": "https://pokeapi.co/api/v2/version-group/20/"}}, {"flavor_text": "This move can\u2019t be used.\nIt\u2019s recommended that this move is forgotten.\nOnce forgotten, this move can\u2019t be remembered.", "language": {"name": "en", "url": "https://pokeapi.co/api/v2/language/9/"}, "version_group": {"name": "sword-shield", "url": "https://pokeapi.co/api/v2/version-group/20/"}}, {"flavor_text": "\u3053\u306e\u6280\u306f\u3000\u4f7f\u3048\u307e\u305b\u3093\n\u601d\u3044\u51fa\u3059\u3053\u3068\u304c\u3000\u3067\u304d\u306a\u304f\u306a\u308a\u307e\u3059\u304c\n\u6280\u3092\u3000\u5fd8\u308c\u308b\u3053\u3068\u3092\u3000\u304a\u3059\u3059\u3081\u3057\u307e\u3059", "language": {"name": "ja", "url": "https://pokeapi.co/api/v2/language/11/"}, "version_group": {"name": "sword-shield", "url": "https://pokeapi.co/api/v2/version-group/20/"}}, {"flavor_text": "\u65e0\u6cd5\u4f7f\u7528\u8fd9\u4e2a\u62db\u5f0f\u3002\n\u867d\u7136\u5fd8\u8bb0\u4e4b\u540e\u5c31\u518d\u4e5f\u60f3\u4e0d\u8d77\u6765\u4e86\uff0c\n\u4f46\u8fd8\u662f\u5efa\u8bae\u5fd8\u8bb0\u8fd9\u4e2a\u62db\u5f0f\u3002", "language": {"name": "zh-Hans", "url": "https://pokeapi.co/api/v2/language/12/"}, "version_group": {"name": "sword-shield", "url": "https://pokeapi.co/api/v2/version-group/20/"}}], "generation": {"name": "generation-iv", "url": "https://pokeapi.co/api/v2/generation/4/"}, "id": 382, "learned_by_pokemon": [{"name": "rattata", "url": "https://pokeapi.co/api/v2/pokemon/19/"}, {"name": "golduck", "url": "https://pokeapi.co/api/v2/pokemon/55/"}, {"name": "slowpoke", "url": "https://pokeapi.co/api/v2/pokemon/79/"}, {"name": "lickitung", "url": "https://pokeapi.co/api/v2/pokemon/108/"}, {"name": "pinsir", "url": "https://pokeapi.co/api/v2/pokemon/127/"}, {"name": "mewtwo", "url": "https://pokeapi.co/api/v2/pokemon/150/"}, {"name": "mew", "url": "https://pokeapi.co/api/v2/pokemon/151/"}, {"name": "sentret", "url": "https://pokeapi.co/api/v2/pokemon/161/"}, {"name": "furret", "url": "https://pokeapi.co/api/v2/pokemon/162/"}, {"name": "natu", "url": "https://pokeapi.co/api/v2/pokemon/177/"}, {"name": "xatu", "url": "https://pokeapi.co/api/v2/pokemon/178/"}, {"name": "misdreavus", "url": "https://pokeapi.co/api/v2/pokemon/200/"}, {"name": "stantler", "url": "https://pokeapi.co/api/v2/pokemon/234/"}, {"name": "poochyena", "url": "https://pokeapi.co/api/v2/pokemon/261/"}, {"name": "absol", "url": "https://pokeapi.co/api/v2/pokemon/359/"}, {"name": "buizel", "url": "https://pokeapi.co/api/v2/pokemon/418/"}, {"name": "lucario", "url": "https://pokeapi.co/api/v2/pokemon/448/"}, {"name": "croagunk", "url": "https://pokeapi.co/api/v2/pokemon/453/"}, {"name": "lickilicky", "url": "https://pokeapi.co/api/v2/pokemon/463/"}, {"name": "blitzle", "url": "https://pokeapi.co/api/v2/pokemon/522/"}, {"name": "sewaddle", "url": "https://pokeapi.co/api/v2/pokemon/540/"}, {"name": "sandile", "url": "https://pokeapi.co/api/v2/pokemon/551/"}, {"name": "ducklett", "url": "https://pokeapi.co/api/v2/pokemon/580/"}, {"name": "accelgor", "url": "https://pokeapi.co/api/v2/pokemon/617/"}, {"name": "stunfisk", "url": "https://pokeapi.co/api/v2/pokemon/618/"}, {"name": "mienfoo", "url": "https://pokeapi.co/api/v2/pokemon/619/"}, {"name": "fletchling", "url": "https://pokeapi.co/api/v2/pokemon/661/"}, {"name": "fletchinder", "url": "https://pokeapi.co/api/v2/pokemon/662/"}, {"name": "talonflame", "url": "https://pokeapi.co/api/v2/pokemon/663/"}, {"name": "pancham", "url": "https://pokeapi.co/api/v2/pokemon/674/"}, {"name": "hawlucha", "url": "https://pokeapi.co/api/v2/pokemon/701/"}, {"name": "pheromosa", "url": "https://pokeapi.co/api/v2/pokemon/795/"}, {"name": "meowstic-female", "url": "https://pokeapi.co/api/v2/pokemon/10025/"}, {"name": "pinsir-mega", "url": "https://pokeapi.co/api/v2/pokemon/10040/"}, {"name": "mewtwo-mega-x", "url": "https://pokeapi.co/api/v2/pokemon/10043/"}, {"name": "mewtwo-mega-y", "url": "https://pokeapi.co/api/v2/pokemon/10044/"}, {"name": "absol-mega", "url": "https://pokeapi.co/api/v2/pokemon/10057/"}, {"name": "lucario-mega", "url": "https://pokeapi.co/api/v2/pokemon/10059/"}, {"name": "rattata-alola", "url": "https://pokeapi.co/api/v2/pokemon/10091/"}], "machines": [], "meta": {"ailment": {"name": "none", "url": "https://pokeapi.co/api/v2/move-ailment/0/"}, "ailment_chance": 0, "category": {"name": "damage", "url": "https://pokeapi.co/api/v2/move-category/0/"}, "crit_rate": 0, "drain": 0, "flinch_chance": 0, "healing": 0, "max_hits": null, "max_turns": null, "min_hits": null, "min_turns": null, "stat_chance": 0}, "name": "me-first", "names": [{"language": {"name": "ja-Hrkt", "url": "https://pokeapi.co/api/v2/language/1/"}, "name": "\u3055\u304d\u3069\u308a"}, {"language": {"name": "ko", "url": "https://pokeapi.co/api/v2/language/3/"}, "name": "\uc120\ucde8"}, {"language": {"name": "zh-Hant", "url": "https://pokeapi.co/api/v2/language/4/"}, "name": "\u6436\u5148\u4e00\u6b65"}, {"language": {"name": "fr", "url": "https://pokeapi.co/api/v2/language/5/"}, "name": "Moi d\u2019Abord"}, {"language": {"name": "de", "url": "https://pokeapi.co/api/v2/language/6/"}, "name": "Egotrip"}, {"language": {"name": "es", "url": "https://pokeapi.co/api/v2/language/7/"}, "name": "Yo Primero"}, {"language": {"name": "it", "url": "https://pokeapi.co/api/v2/language/8/"}, "name": "Precedenza"}, {"language": {"name": "en", "url": "https://pokeapi.co/api/v2/language/9/"}, "name": "Me First"}, {"language": {"name": "ja", "url": "https://pokeapi.co/api/v2/language/11/"}, "name": "\u3055\u304d\u3069\u308a"}, {"language": {"name": "zh-Hans", "url": "https://pokeapi.co/api/v2/language/12/"}, "name": "\u62a2\u5148\u4e00\u6b65"}], "past_values": [{"accuracy": null, "effect_chance": null, "effect_entries": [], "power": 0, "pp": null, "type": null, "version_group": {"name": "black-white", "url": "https://pokeapi.co/api/v2/version-group/11/"}}], "power": null, "pp": 20, "priority": 0, "stat_changes": [], "super_contest_effect": {"url": "https://pokeapi.co/api/v2/super-contest-effect/1/"}, "target": {"name": "selected-pokemon-me-first", "url": "https://pokeapi.co/api/v2/move-target/2/"}, "type": {"name": "normal", "url": "https://pokeapi.co/api/v2/type/1/"}}