{"accuracy": 100, "contest_combos": null, "contest_effect": {"url": "https://pokeapi.co/api/v2/contest-effect/5/"}, "contest_type": {"name": "beauty", "url": "https://pokeapi.co/api/v2/contest-type/2/"}, "damage_class": {"name": "status", "url": "https://pokeapi.co/api/v2/move-damage-class/1/"}, "effect_chance": null, "effect_changes": [], "effect_entries": [{"effect": "Puts the target to sleep.", "language": {"name": "en", "url": "https://pokeapi.co/api/v2/language/9/"}, "short_effect": "Puts the target to sleep."}], "flavor_text_entries": [{"flavor_text": "A move that\ninduces sleep.", "language": {"name": "en", "url": "https://pokeapi.co/api/v2/language/9/"}, "version_group": {"name": "gold-silver", "url": "https://pokeapi.co/api/v2/version-group/3/"}}, {"flavor_text": "A move that\ninduces sleep.", "language": {"name": "en", "url": "https://pokeapi.co/api/v2/language/9/"}, "version_group": {"name": "crystal", "url": "https://pokeapi.co/api/v2/version-group/4/"}}, {"flavor_text": "Scatters a cloud of spores\nthat always induce sleep.", "language": {"name": "en", "url": "https://pokeapi.co/api/v2/language/9/"}, "version_group": {"name": "ruby-sapphire", "url": "https://pokeapi.co/api/v2/version-group/5/"}}, {"flavor_text": "Scatters a cloud of spores\nthat always induce sleep.", "language": {"name": "en", "url": "https://pokeapi.co/api/v2/language/9/"}, "version_group": {"name": "emerald", "url": "https://pokeapi.co/api/v2/version-group/6/"}}, {"flavor_text": "The user scatters\nbursts of fine\nspores that induce\nsleep.", "language": {"name": "en", "url": "https://pokeapi.co/api/v2/language/9/"}, "version_group": {"name": "firered-leafgreen", "url": "https://pokeapi.co/api/v2/version-group/7/"}}, {"flavor_text": "The user scatters\nbursts of spores\nthat induce sleep.\n\n", "language": {"name": "en", "url": "https://pokeapi.co/api/v2/language/9/"}, "version_group": {"name": "diamond-pearl", "url": "https://pokeapi.co/api/v2/version-group/8/"}}, {"flavor_text": "The user scatters\nbursts of spores\nthat induce sleep.\n\n", "language": {"name": "en", "url": "https://pokeapi.co/api/v2/language/9/"}, "version_group": {"name": "platinum", "url": "https://pokeapi.co/api/v2/version-group/9/"}}, {"flavor_text": "The user scatters\nbursts of spores\nthat induce sleep.\n\n", "language": {"name": "en", "url": "https://pokeapi.co/api/v2/language/9/"}, "version_group": {"name": "heartgold-soulsilver", "url": "https://pokeapi.co/api/v2/version-group/10/"}}, {"flavor_text": "Le lanceur r\u00e9pand un nuage de\nspores qui endort.", "language": {"name": "fr", "url": "https://pokeapi.co/api/v2/language/5/"}, "version_group": {"name": "black-white", "url": "https://pokeapi.co/api/v2/version-group/11/"}}, {"flavor_text": "The user scatters bursts of spores\nthat induce sleep.", "language": {"name": "en", "url": "https://pokeapi.co/api/v2/language/9/"}, "version_group": {"name": "black-white", "url": "https://pokeapi.co/api/v2/version-group/11/"}}, {"flavor_text": "The user scatters bursts of spores\nthat induce sleep.", "language": {"name": "en", "url": "https://pokeapi.co/api/v2/language/9/"}, "version_group": {"name": "black-2-white-2", "url": "https://pokeapi.co/api/v2/version-group/14/"}}, {"flavor_text": "\u3055\u3044\u307f\u3093\u3000\u3053\u3046\u304b\u306e\u3000\u3042\u308b\n\u307b\u3046\u3057\u3092\u3000\u30d1\u30e9\u30d1\u30e9\u3068\u3000\u3075\u308a\u307e\u304d\n\u3042\u3044\u3066\u3092\u3000\u306d\u3080\u308a\u3000\u3058\u3087\u3046\u305f\u3044\u306b\u3000\u3059\u308b\u3002", "language": {"name": "ja-Hrkt", "url": "https://pokeapi.co/api/v2/language/1/"}, "version_group": {"name": "x-y", "url": "https://pokeapi.co/api/v2/version-group/15/"}}, {"flavor_text": "\ucd5c\uba74 \ud6a8\uacfc\uac00 \uc788\ub294\n\ud3ec\uc790\ub97c \ud6cc\ud6cc \ud769\ubfcc\ub824\uc11c\n\uc0c1\ub300\ub97c \uc7a0\ub4e6 \uc0c1\ud0dc\ub85c \ub9cc\ub4e0\ub2e4.", "language": {"name": "ko", "url": "https://pokeapi.co/api/v2/language/3/"}, "version_group": {"name": "x-y", "url": "https://pokeapi.co/api/v2/version-group/15/"}}, {"flavor_text": "Le lanceur r\u00e9pand un nuage de spores qui endort.", "language": {"name": "fr", "url": "https://pokeapi.co/api/v2/language/5/"}, "version_group": {"name": "x-y", "url": "https://pokeapi.co/api/v2/version-group/15/"}}, {"flavor_text": "Erzeugt eine Wolke aus einschl\u00e4fernden Sporen.", "language": {"name": "de", "url": "https://pokeapi.co/api/v2/language/6/"}, "version_group": {"name": "x-y", "url": "https://pokeapi.co/api/v2/version-group/15/"}}, {"flavor_text": "Esparce esporas que inducen al sue\u00f1o.", "language": {"name": "es", "url": "https://pokeapi.co/api/v2/language/7/"}, "version_group": {"name": "x-y", "url": "https://pokeapi.co/api/v2/version-group/15/"}}, {"flavor_text": "Nube di spore che fa sempre addormentare\nil bersaglio.", "language": {"name": "it", "url": "https://pokeapi.co/api/v2/language/8/"}, "version_group": {"name": "x-y", "url": "https://pokeapi.co/api/v2/version-group/15/"}}, {"flavor_text": "The user scatters bursts of spores\nthat induce sleep.", "language": {"name": "en", "url": "https://pokeapi.co/api/v2/language/9/"}, "version_group": {"name": "x-y", "url": "https://pokeapi.co/api/v2/version-group/15/"}}, {"flavor_text": "\u50ac\u7720\u52b9\u679c\u306e\u3000\u3042\u308b\n\u80de\u5b50\u3092\u3000\u30d1\u30e9\u30d1\u30e9\u3068\u3000\u3075\u308a\u307e\u304d\n\u76f8\u624b\u3092\u3000\u7720\u308a\u72b6\u614b\u306b\u3000\u3059\u308b\u3002", "language": {"name": "ja", "url": "https://pokeapi.co/api/v2/language/11/"}, "version_group": {"name": "x-y", "url": "https://pokeapi.co/api/v2/version-group/15/"}}, {"flavor_text": "\u3055\u3044\u202f\u3093\u3000\u3053\u3046\u304b\u306e\u3000\u3042\u308b\n\u307b\u3046\u3057\u3092\u3000\u30d1\u30e9\u30d1\u30e9\u3068\u3000\u3075\u308a\u307e\u304d\n\u3042\u3044\u3066\u3092\u3000\u306d\u3080\u308a\u3000\u3058\u3087\u3046\u305f\u3044\u306b\u3000\u3059\u308b\u3002", "language": {"name": "ja-Hrkt", "url": "https://pokeapi.co/api/v2/language/1/"}, "version_group": {"name": "omega-ruby-alpha-sapphire", "url": "https://pokeapi.co/api/v2/version-group/16/"}}, {"flavor_text": "\ucd5c\uba74 \ud6a8\uacfc\uac00 \uc788\ub294\n\ud3ec\uc790\ub97c \ud6cc\ud6cc \ud769\ubfcc\ub824\uc11c\n\uc0c1\ub300\ub97c \uc7a0\ub4e6 \uc0c1\ud0dc\ub85c \ub9cc\ub4e0\ub2e4.", "language": {"name": "ko", "url": "https://pokeapi.co/api/v2/language/3/"}, "version_group": {"name": "omega-ruby-alpha-sapphire", "url": "https://pokeapi.co/api/v2/version-group/16/"}}, {"flavor_text": "Le lanceur r\u00e9pand un nuage de spores qui endort.", "language": {"name": "fr", "url": "https://pokeapi.co/api/v2/language/5/"}, "version_group": {"name": "omega-ruby-alpha-sapphire", "url": "https://pokeapi.co/api/v2/version-group/16/"}}, {"flavor_text": "Erzeugt eine Wolke aus einschl\u00e4fernden Sporen.", "language": {"name": "de", "url": "https://pokeapi.co/api/v2/language/6/"}, "version_group": {"name": "omega-ruby-alpha-sapphire", "url": "https://pokeapi.co/api/v2/version-group/16/"}}, {"flavor_text": "Esparce esporas que inducen al sue\u00f1o.", "language": {"name": "es", "url": "https://pokeapi.co/api/v2/language/7/"}, "version_group": {"name": "omega-ruby-alpha-sapphire", "url": "https://pokeapi.co/api/v2/version-group/16/"}}, {"flavor_text": "Nube di spore che fa sempre addormentare\nil bersaglio.", "language": {"name": "it", "url": "https://pokeapi.co/api/v2/language/8/"}, "version_group": {"name": "omega-ruby-alpha-sapphire", "url": "https://pokeapi.co/api/v2/version-group/16/"}}, {"flavor_text": "The user scatters bursts of spores\nthat induce sleep.", "language": {"name": "en", "url": "https://pokeapi.co/api/v2/language/9/"}, "version_group": {"name": "omega-ruby-alpha-sapphire", "url": "https://pokeapi.co/api/v2/version-group/16/"}}, {"flavor_text": "\u50ac\u7720\u52b9\u679c\u306e\u3000\u3042\u308b\n\u80de\u5b50\u3092\u3000\u30d1\u30e9\u30d1\u30e9\u3068\u3000\u3075\u308a\u307e\u304d\n\u76f8\u624b\u3092\u3000\u7720\u308a\u72b6\u614b\u306b\u3000\u3059\u308b\u3002", "language": {"name": "ja", "url": "https://pokeapi.co/api/v2/language/11/"}, "version_group": {"name": "omega-ruby-alpha-sapphire", "url": "https://pokeapi.co/api/v2/version-group/16/"}}, {"flavor_text": "\u3055\u3044\u307f\u3093\u3000\u3053\u3046\u304b\u306e\u3000\u3042\u308b\n\u307b\u3046\u3057\u3092\u3000\u30d1\u30e9\u30d1\u30e9\u3068\u3000\u3075\u308a\u307e\u304d\n\u3042\u3044\u3066\u3092\u3000\u306d\u3080\u308a\u3000\u3058\u3087\u3046\u305f\u3044\u306b\u3000\u3059\u308b\u3002", "language": {"name": "ja-Hrkt", "url": "https://pokeapi.co/api/v2/language/1/"}, "version_group": {"name": "sun-moon", "url": "https://pokeapi.co/api/v2/version-group/17/"}}, {"flavor_text": "\ucd5c\uba74 \ud6a8\uacfc\uac00 \uc788\ub294\n\ud3ec\uc790\ub97c \ud6cc\ud6cc \ud769\ubfcc\ub824\uc11c\n\uc0c1\ub300\ub97c \uc7a0\ub4e6 \uc0c1\ud0dc\ub85c \ub9cc\ub4e0\ub2e4.", "language": {"name": "ko", "url": "https://pokeapi.co/api/v2/language/3/"}, "version_group": {"name": "sun-moon", "url": "https://pokeapi.co/api/v2/version-group/17/"}}, {"flavor_text": "\u5927\u628a\u6492\u51fa\u6709\u50ac\u7720\u6548\u679c\u7684\u5b62\u5b50\uff0c\n\u8b93\u5c0d\u624b\u9677\u5165\u7761\u7720\u72c0\u614b\u3002", "language": {"name": "zh-Hant", "url": "https://pokeapi.co/api/v2/language/4/"}, "version_group": {"name": "sun-moon", "url": "https://pokeapi.co/api/v2/version-group/17/"}}, {"flavor_text": "Le lanceur r\u00e9pand un nuage de spores qui endort.", "language": {"name": "fr", "url": "https://pokeapi.co/api/v2/language/5/"}, "version_group": {"name": "sun-moon", "url": "https://pokeapi.co/api/v2/version-group/17/"}}, {"flavor_text": "Erzeugt eine Sporenwolke, die das Ziel in Schlaf\nversetzt.", "language": {"name": "de", "url": "https://pokeapi.co/api/v2/language/6/"}, "version_group": {"name": "sun-moon", "url": "https://pokeapi.co/api/v2/version-group/17/"}}, {"flavor_text": "Esparce esporas que inducen al sue\u00f1o.", "language": {"name": "es", "url": "https://pokeapi.co/api/v2/language/7/"}, "version_group": {"name": "sun-moon", "url": "https://pokeapi.co/api/v2/version-group/17/"}}, {"flavor_text": "Nube di spore che fa sempre addormentare\nil bersaglio.", "language": {"name": "it", "url": "https://pokeapi.co/api/v2/language/8/"}, "version_group": {"name": "sun-moon", "url": "https://pokeapi.co/api/v2/version-group/17/"}}, {"flavor_text": "The user scatters bursts of spores that\ninduce sleep.", "language": {"name": "en", "url": "https://pokeapi.co/api/v2/language/9/"}, "version_group": {"name": "sun-moon", "url": "https://pokeapi.co/api/v2/version-group/17/"}}, {"flavor_text": "\u50ac\u7720\u52b9\u679c\u306e\u3000\u3042\u308b\n\u80de\u5b50\u3092\u3000\u30d1\u30e9\u30d1\u30e9\u3068\u3000\u3075\u308a\u307e\u304d\n\u76f8\u624b\u3092\u3000\u7720\u308a\u72b6\u614b\u306b\u3000\u3059\u308b\u3002", "language": {"name": "ja", "url": "https://pokeapi.co/api/v2/language/11/"}, "version_group": {"name": "sun-moon", "url": "https://pokeapi.co/api/v2/version-group/17/"}}, {"flavor_text": "\u6c99\u6c99\u6c99\u5730\u6492\u6ee1\u5177\u6709\n\u50ac\u7720\u6548\u679c\u7684\u5b62\u5b50\uff0c\n\u4ece\u800c\u8ba9\u5bf9\u624b\u9677\u5165\u7761\u7720\u72b6\u6001\u3002", "language": {"name": "zh-Hans", "url": "https://pokeapi.co/api/v2/language/12/"}, "version_group": {"name": "sun-moon", "url": "https://pokeapi.co/api/v2/version-group/17/"}}, {"flavor_text": "\u3055\u3044\u307f\u3093\u3000\u3053\u3046\u304b\u306e\u3000\u3042\u308b\n\u307b\u3046\u3057\u3092\u3000\u30d1\u30e9\u30d1\u30e9\u3068\u3000\u3075\u308a\u307e\u304d\n\u3042\u3044\u3066\u3092\u3000\u306d\u3080\u308a\u3000\u3058\u3087\u3046\u305f\u3044\u306b\u3000\u3059\u308b\u3002", "language": {"name": "ja-Hrkt", "url": "https://pokeapi.co/api/v2/language/1/"}, "version_group": {"name": "ultra-sun-ultra-moon", "url": "https://pokeapi.co/api/v2/version-group/18/"}}, {"flavor_text": "\ucd5c\uba74 \ud6a8\uacfc\uac00 \uc788\ub294\n\ud3ec\uc790\ub97c \ud6cc\ud6cc \ud769\ubfcc\ub824\uc11c\n\uc0c1\ub300\ub97c \uc7a0\ub4e6 \uc0c1\ud0dc\ub85c \ub9cc\ub4e0\ub2e4.", "language": {"name": "ko", "url": "https://pokeapi.co/api/v2/language/3/"}, "version_group": {"name": "ultra-sun-ultra-moon", "url": "https://pokeapi.co/api/v2/version-group/18/"}}, {"flavor_text": "\u5927\u628a\u6492\u51fa\u6709\u50ac\u7720\u6548\u679c\u7684\u5b62\u5b50\uff0c\n\u8b93\u5c0d\u624b\u9677\u5165\u7761\u7720\u72c0\u614b\u3002", "language": {"name": "zh-Hant", "url": "https://pokeapi.co/api/v2/language/4/"}, "version_group": {"name": "ultra-sun-ultra-moon", "url": "https://pokeapi.co/api/v2/version-group/18/"}}, {"flavor_text": "Le lanceur r\u00e9pand un nuage de spores qui endort.", "language": {"name": "fr", "url": "https://pokeapi.co/api/v2/language/5/"}, "version_group": {"name": "ultra-sun-ultra-moon", "url": "https://pokeapi.co/api/v2/version-group/18/"}}, {"flavor_text": "Erzeugt eine Sporenwolke, die das Ziel in Schlaf\nversetzt.", "language": {"name": "de", "url": "https://pokeapi.co/api/v2/language/6/"}, "version_group": {"name": "ultra-sun-ultra-moon", "url": "https://pokeapi.co/api/v2/version-group/18/"}}, {"flavor_text": "Esparce esporas que inducen al sue\u00f1o.", "language": {"name": "es", "url": "https://pokeapi.co/api/v2/language/7/"}, "version_group": {"name": "ultra-sun-ultra-moon", "url": "https://pokeapi.co/api/v2/version-group/18/"}}, {"flavor_text": "Nube di spore che fa sempre addormentare\nil bersaglio.", "language": {"name": "it", "url": "https://pokeapi.co/api/v2/language/8/"}, "version_group": {"name": "ultra-sun-ultra-moon", "url": "https://pokeapi.co/api/v2/version-group/18/"}}, {"flavor_text": "The user scatters bursts of spores that\ninduce sleep.", "language": {"name": "en", "url": "https://pokeapi.co/api/v2/language/9/"}, "version_group": {"name": "ultra-sun-ultra-moon", "url": "https://pokeapi.co/api/v2/version-group/18/"}}, {"flavor_text": "\u50ac\u7720\u52b9\u679c\u306e\u3000\u3042\u308b\n\u80de\u5b50\u3092\u3000\u30d1\u30e9\u30d1\u30e9\u3068\u3000\u3075\u308a\u307e\u304d\n\u76f8\u624b\u3092\u3000\u7720\u308a\u72b6\u614b\u306b\u3000\u3059\u308b\u3002", "language": {"name": "ja", "url": "https://pokeapi.co/api/v2/language/11/"}, "version_group": {"name": "ultra-sun-ultra-moon", "url": "https://pokeapi.co/api/v2/version-group/18/"}}, {"flavor_text": "\u6c99\u6c99\u6c99\u5730\u6492\u6ee1\u5177\u6709\n\u50ac\u7720\u6548\u679c\u7684\u5b62\u5b50\uff0c\n\u4ece\u800c\u8ba9\u5bf9\u624b\u9677\u5165\u7761\u7720\u72b6\u6001\u3002", "language": {"name": "zh-Hans", "url": "https://pokeapi.co/api/v2/language/12/"}, "version_group": {"name": "ultra-sun-ultra-moon", "url": "https://pokeapi.co/api/v2/version-group/18/"}}, {"flavor_text": "\u3055\u3044\u307f\u3093\u3000\u3053\u3046\u304b\u306e\u3000\u3042\u308b\n\u307b\u3046\u3057\u3092\u3000\u30d1\u30e9\u30d1\u30e9\u3068\u3000\u3075\u308a\u307e\u304d\n\u3042\u3044\u3066\u3092\u3000\u306d\u3080\u308a\u3000\u3058\u3087\u3046\u305f\u3044\u306b\u3000\u3059\u308b\u3002", "language": {"name": "ja-Hrkt", "url": "https://pokeapi.co/api/v2/language/1/"}, "version_group": {"name": "lets-go-pikachu-lets-go-eevee", "url": "https://pokeapi.co/api/v2/version-group/19/"}}, {"flavor_text": "\ucd5c\uba74 \ud6a8\uacfc\uac00 \uc788\ub294\n\ud3ec\uc790\ub97c \ud6cc\ud6cc \ud769\ubfcc\ub824\uc11c\n\uc0c1\ub300\ub97c \uc7a0\ub4e6 \uc0c1\ud0dc\ub85c \ub9cc\ub4e0\ub2e4.", "language": {"name": "ko", "url": "https://pokeapi.co/api/v2/language/3/"}, "version_group": {"name": "lets-go-pikachu-lets-go-eevee", "url": "https://pokeapi.co/api/v2/version-group/19/"}}, {"flavor_text": "\u5927\u628a\u6492\u51fa\u6709\u50ac\u7720\u6548\u679c\u7684\u5b62\u5b50\uff0c\n\u8b93\u5c0d\u624b\u9677\u5165\u7761\u7720\u72c0\u614b\u3002", "language": {"name": "zh-Hant", "url": "https://pokeapi.co/api/v2/language/4/"}, "version_group": {"name": "lets-go-pikachu-lets-go-eevee", "url": "https://pokeapi.co/api/v2/version-group/19/"}}, {"flavor_text": "Le lanceur r\u00e9pand un nuage de spores qui endort.", "language": {"name": "fr", "url": "https://pokeapi.co/api/v2/language/5/"}, "version_group": {"name": "lets-go-pikachu-lets-go-eevee", "url": "https://pokeapi.co/api/v2/version-group/19/"}}, {"flavor_text": "Erzeugt eine Sporenwolke, die das Ziel in Schlaf\nversetzt.", "language": {"name": "de", "url": "https://pokeapi.co/api/v2/language/6/"}, "version_group": {"name": "lets-go-pikachu-lets-go-eevee", "url": "https://pokeapi.co/api/v2/version-group/19/"}}, {"flavor_text": "Esparce esporas que inducen al sue\u00f1o.", "language": {"name": "es", "url": "https://pokeapi.co/api/v2/language/7/"}, "version_group": {"name": "lets-go-pikachu-lets-go-eevee", "url": "https://pokeapi.co/api/v2/version-group/19/"}}, {"flavor_text": "Nube di spore che fa sempre addormentare\nil bersaglio.", "language": {"name": "it", "url": "https://pokeapi.co/api/v2/language/8/"}, "version_group": {"name": "lets-go-pikachu-lets-go-eevee", "url": "https://pokeapi.co/api/v2/version-group/19/"}}, {"flavor_text": "The user scatters bursts of spores that\ninduce sleep.", "language": {"name": "en", "url": "https://pokeapi.co/api/v2/language/9/"}, "version_group": {"name": "lets-go-pikachu-lets-go-eevee", "url": "https://pokeapi.co/api/v2/version-group/19/"}}, {"flavor_text": "\u50ac\u7720\u52b9\u679c\u306e\u3000\u3042\u308b\n\u80de\u5b50\u3092\u3000\u30d1\u30e9\u30d1\u30e9\u3068\u3000\u3075\u308a\u307e\u304d\n\u76f8\u624b\u3092\u3000\u7720\u308a\u72b6\u614b\u306b\u3000\u3059\u308b\u3002", "language": {"name": "ja", "url": "https://pokeapi.co/api/v2/language/11/"}, "version_group": {"name": "lets-go-pikachu-lets-go-eevee", "url": "https://pokeapi.co/api/v2/version-group/19/"}}, {"flavor_text": "\u6c99\u6c99\u6c99\u5730\u6492\u6ee1\u5177\u6709\n\u50ac\u7720\u6548\u679c\u7684\u5b62\u5b50\uff0c\n\u4ece\u800c\u8ba9\u5bf9\u624b\u9677\u5165\u7761\u7720\u72b6\u6001\u3002", "language": {"name": "zh-Hans", "url": "https://pokeapi.co/api/v2/language/12/"}, "version_group": {"name": "lets-go-pikachu-lets-go-eevee", "url": "https://pokeapi.co/api/v2/version-group/19/"}}, {"flavor_text": "\u3055\u3044\u307f\u3093\u3000\u3053\u3046\u304b\u306e\u3000\u3042\u308b\n\u307b\u3046\u3057\u3092\u3000\u30d1\u30e9\u30d1\u30e9\u3068\u3000\u3075\u308a\u307e\u304d\n\u3042\u3044\u3066\u3092\u3000\u306d\u3080\u308a\u3000\u3058\u3087\u3046\u305f\u3044\u306b\u3000\u3059\u308b\u3002", "language": {"name": "ja-Hrkt", "url": "https://pokeapi.co/api/v2/language/1/"}, "version_group": {"name": "sword-shield", "url": "https://pokeapi.co/api/v2/version-group/20/"}}, {"flavor_text": "\ucd5c\uba74 \ud6a8\uacfc\uac00 \uc788\ub294\n\ud3ec\uc790\ub97c \ud6cc\ud6cc \ud769\ubfcc\ub824\uc11c\n\uc0c1\ub300\ub97c \uc7a0\ub4e6 \uc0c1\ud0dc\ub85c \ub9cc\ub4e0\ub2e4.", "language": {"name": "ko", "url": "https://pokeapi.co/api/v2/language/3/"}, "version_group": {"name": "sword-shield", "url": "https://pokeapi.co/api/v2/version-group/20/"}}, {"flavor_text": "\u5927\u628a\u6492\u51fa\u6709\u50ac\u7720\u6548\u679c\u7684\u5b62\u5b50\uff0c\n\u8b93\u5c0d\u624b\u9677\u5165\u7761\u7720\u72c0\u614b\u3002", "language": {"name": "zh-Hant", "url": "https://pokeapi.co/api/v2/language/4/"}, "version_group": {"name": "sword-shield", "url": "https://pokeapi.co/api/v2/version-group/20/"}}, {"flavor_text": "Le lanceur r\u00e9pand un nuage de spores qui endort.", "language": {"name": "fr", "url": "https://pokeapi.co/api/v2/language/5/"}, "version_group": {"name": "sword-shield", "url": "https://pokeapi.co/api/v2/version-group/20/"}}, {"flavor_text": "Erzeugt eine Sporenwolke, die das Ziel in Schlaf\nversetzt.", "language": {"name": "de", "url": "https://pokeapi.co/api/v2/language/6/"}, "version_group": {"name": "sword-shield", "url": "https://pokeapi.co/api/v2/version-group/20/"}}, {"flavor_text": "Esparce esporas que inducen al sue\u00f1o.", "language": {"name": "es", "url": "https://pokeapi.co/api/v2/language/7/"}, "version_group": {"name": "sword-shield", "url": "https://pokeapi.co/api/v2/version-group/20/"}}, {"flavor_text": "Nube di spore che fa sempre addormentare\nil bersaglio.", "language": {"name": "it", "url": "https://pokeapi.co/api/v2/language/8/"}, "version_group": {"name": "sword-shield", "url": "https://pokeapi.co/api/v2/version-group/20/"}}, {"flavor_text": "The user scatters bursts of spores that\ninduce sleep.", "language": {"name": "en", "url": "https://pokeapi.co/api/v2/language/9/"}, "version_group": {"name": "sword-shield", "url": "https://pokeapi.co/api/v2/version-group/20/"}}, {"flavor_text": "\u50ac\u7720\u52b9\u679c\u306e\u3000\u3042\u308b\n\u80de\u5b50\u3092\u3000\u30d1\u30e9\u30d1\u30e9\u3068\u3000\u3075\u308a\u307e\u304d\n\u76f8\u624b\u3092\u3000\u7720\u308a\u72b6\u614b\u306b\u3000\u3059\u308b\u3002", "language": {"name": "ja", "url": "https://pokeapi.co/api/v2/language/11/"}, "version_group": {"name": "sword-shield", "url": "https://pokeapi.co/api/v2/version-group/20/"}}, {"flavor_text": "\u6c99\u6c99\u6c99\u5730\u6492\u6ee1\u5177\u6709\n\u50ac\u7720\u6548\u679c\u7684\u5b62\u5b50\uff0c\n\u4ece\u800c\u8ba9\u5bf9\u624b\u9677\u5165\u7761\u7720\u72b6\u6001\u3002", "language": {"name": "zh-Hans", "url": "https://pokeapi.co/api/v2/language/12/"}, "version_group": {"name": "sword-shield", "url": "https://pokeapi.co/api/v2/version-group/20/"}}, {"flavor_text": "The user scatters a burst of spores that makes the target drowsy.", "language": {"name": "en", "url": "https://pokeapi.co/api/v2/language/9/"}, "version_group": {"name": "legends-arceus", "url": "https://pokeapi.co/api/v2/version-group/24/"}}, {"flavor_text": "The user scatters bursts of spores that induce sleep.", "language": {"name": "en", "url": "https://pokeapi.co/api/v2/language/9/"}, "version_group": {"name": "scarlet-violet", "url": "https://pokeapi.co/api/v2/version-group/25/"}}], "generation": {"name": "generation-i", "url": "https://pokeapi.co/api/v2/generation/1/"}, "id": 147, "learned_by_pokemon": [{"name": "paras", "url": "https://pokeapi.co/api/v2/pokemon/46/"}, {"name": "parasect", "url": "https://pokeapi.co/api/v2/pokemon/47/"}, {"name": "shroomish", "url": "https://pokeapi.co/api/v2/pokemon/285/"}, {"name": "breloom", "url": "https://pokeapi.co/api/v2/pokemon/286/"}, {"name": "foongus", "url": "https://pokeapi.co/api/v2/pokemon/590/"}, {"name": "amoonguss", "url": "https://pokeapi.co/api/v2/pokemon/591/"}, {"name": "morelull", "url": "https://pokeapi.co/api/v2/pokemon/755/"}, {"name": "shiinotic", "url": "https://pokeapi.co/api/v2/pokemon/756/"}, {"name": "toedscool", "url": "https://pokeapi.co/api/v2/pokemon/948/"}, {"name": "toedscruel", "url": "https://pokeapi.co/api/v2/pokemon/949/"}, {"name": "brute-bonnet", "url": "https://pokeapi.co/api/v2/pokemon/986/"}], "machines": [], "meta": {"ailment": {"name": "sleep", "url": "https://pokeapi.co/api/v2/move-ailment/2/"}, "ailment_chance": 0, "category": {"name": "ailment", "url": "https://pokeapi.co/api/v2/move-category/1/"}, "crit_rate": 0, "drain": 0, "flinch_chance": 0, "healing": 0, "max_hits": null, "max_turns": 4, "min_hits": null, "min_turns": 2, "stat_chance": 0}, "name": "spore", "names": [{"language": {"name": "ja-Hrkt", "url": "https://pokeapi.co/api/v2/language/1/"}, "name": "\u30ad\u30ce\u30b3\u306e\u307b\u3046\u3057"}, {"language": {"name": "ko", "url": "https://pokeapi.co/api/v2/language/3/"}, "name": "\ubc84\uc12f\ud3ec\uc790"}, {"language": {"name": "zh-Hant", "url": "https://pokeapi.co/api/v2/language/4/"}, "name": "\u8611\u83c7\u5b62\u5b50"}, {"language": {"name": "fr", "url": "https://pokeapi.co/api/v2/language/5/"}, "name": "Spore"}, {"language": {"name": "de", "url": "https://pokeapi.co/api/v2/language/6/"}, "name": "Pilzspore"}, {"language": {"name": "es", "url": "https://pokeapi.co/api/v2/language/7/"}, "name": "Espora"}, {"language": {"name": "it", "url": "https://pokeapi.co/api/v2/language/8/"}, "name": "Spora"}, {"language": {"name": "en", "url": "https://pokeapi.co/api/v2/language/9/"}, "name": "Spore"}, {"language": {"name": "ja", "url": "https://pokeapi.co/api/v2/language/11/"}, "name": "\u30ad\u30ce\u30b3\u306e\u307b\u3046\u3057"}, {"language": {"name": "zh-Hans", "url": "https://pokeapi.co/api/v2/language/12/"}, "name": "\u8611\u83c7\u5b62\u5b50"}], "past_values": [], "power": null, "pp": 15, "priority": 0, "stat_changes": [], "super_contest_effect": {"url": "https://pokeapi.co/api/v2/super-contest-effect/10/"}, "target": {"name": "selected-pokemon", "url": "https://pokeapi.co/api/v2/move-target/10/"}, "type": {"name": "grass", "url": "https://pokeapi.co/api/v2/type/12/"}}