{"accuracy": 100, "contest_combos": null, "contest_effect": null, "contest_type": null, "damage_class": {"name": "special", "url": "https://pokeapi.co/api/v2/move-damage-class/3/"}, "effect_chance": null, "effect_changes": [], "effect_entries": [{"effect": "Inflicts regular damage.  Removes the user\u2019s fire type after damage calculation.  If the user is not fire-type, this move will fail.", "language": {"name": "en", "url": "https://pokeapi.co/api/v2/language/9/"}, "short_effect": "Removes the user\u2019s fire type after inflicting damage."}], "flavor_text_entries": [{"flavor_text": "\u305c\u3093\u3057\u3093\u306e\u3000\u307b\u306e\u304a\u3092\u3000\u3059\u3079\u3066\n\u3082\u3084\u3057\u3066\u3000\u3060\u3044\u30c0\u30e1\u30fc\u30b8\u3092\u3000\u3042\u305f\u3048\u308b\u3002\n\u3058\u3076\u3093\u306e\u3000\u307b\u306e\u304a\u30bf\u30a4\u30d7\u304c\u3000\u306a\u304f\u306a\u308b\u3002", "language": {"name": "ja-Hrkt", "url": "https://pokeapi.co/api/v2/language/1/"}, "version_group": {"name": "sun-moon", "url": "https://pokeapi.co/api/v2/version-group/17/"}}, {"flavor_text": "\uc804\uc2e0\uc758 \ubd88\uaf43\uc744 \ubaa8\ub450\n\ud0dc\uc6cc\uc11c \ud070 \ub370\ubbf8\uc9c0\ub97c \uc900\ub2e4.\n\uc790\uc2e0\uc758 \ubd88\uaf43\ud0c0\uc785\uc774 \uc5c6\uc5b4\uc9c4\ub2e4.", "language": {"name": "ko", "url": "https://pokeapi.co/api/v2/language/3/"}, "version_group": {"name": "sun-moon", "url": "https://pokeapi.co/api/v2/version-group/17/"}}, {"flavor_text": "\u71c3\u76e1\u5168\u8eab\u7684\u706b\u7130\uff0c\n\u7d66\u4e88\u5c0d\u624b\u5de8\u5927\u7684\u50b7\u5bb3\u3002\n\u81ea\u5df1\u7684\u706b\u5c6c\u6027\u5c07\u6703\u6d88\u5931\u3002", "language": {"name": "zh-Hant", "url": "https://pokeapi.co/api/v2/language/4/"}, "version_group": {"name": "sun-moon", "url": "https://pokeapi.co/api/v2/version-group/17/"}}, {"flavor_text": "Le Pok\u00e9mon se consume et les flammes de son\ncorps infligent des d\u00e9g\u00e2ts \u00e9lev\u00e9s \u00e0 la cible.\nLe lanceur perd le type Feu.", "language": {"name": "fr", "url": "https://pokeapi.co/api/v2/language/5/"}, "version_group": {"name": "sun-moon", "url": "https://pokeapi.co/api/v2/version-group/17/"}}, {"flavor_text": "Der Anwender nutzt das gesamte Feuer in seinem\nK\u00f6rper, um gro\u00dfen Schaden auszuteilen. Die restliche\nKampfdauer geh\u00f6rt er nicht mehr dem Typ Feuer an.", "language": {"name": "de", "url": "https://pokeapi.co/api/v2/language/6/"}, "version_group": {"name": "sun-moon", "url": "https://pokeapi.co/api/v2/version-group/17/"}}, {"flavor_text": "Utiliza hasta el \u00faltimo resquicio de llamas de su\ncuerpo para infligir un grave da\u00f1o al oponente. Tras\nel ataque, el usuario deja de ser de tipo Fuego.", "language": {"name": "es", "url": "https://pokeapi.co/api/v2/language/7/"}, "version_group": {"name": "sun-moon", "url": "https://pokeapi.co/api/v2/version-group/17/"}}, {"flavor_text": "Chi la usa attacca sfruttando tutta la sua potenza\nincendiaria per infliggere gravi danni al bersaglio,\nma come conseguenza perde il tipo Fuoco.", "language": {"name": "it", "url": "https://pokeapi.co/api/v2/language/8/"}, "version_group": {"name": "sun-moon", "url": "https://pokeapi.co/api/v2/version-group/17/"}}, {"flavor_text": "To inflict massive damage, the user burns itself out.\nAfter using this move, the user will no longer be\nFire type.", "language": {"name": "en", "url": "https://pokeapi.co/api/v2/language/9/"}, "version_group": {"name": "sun-moon", "url": "https://pokeapi.co/api/v2/version-group/17/"}}, {"flavor_text": "\u5168\u8eab\u306e\u3000\u307b\u306e\u304a\u3092\u3000\u3059\u3079\u3066\n\u71c3\u3084\u3057\u3066\u3000\u5927\u30c0\u30e1\u30fc\u30b8\u3092\u3000\u4e0e\u3048\u308b\u3002\n\u81ea\u5206\u306e\u3000\u307b\u306e\u304a\u30bf\u30a4\u30d7\u304c\u3000\u306a\u304f\u306a\u308b\u3002", "language": {"name": "ja", "url": "https://pokeapi.co/api/v2/language/11/"}, "version_group": {"name": "sun-moon", "url": "https://pokeapi.co/api/v2/version-group/17/"}}, {"flavor_text": "\u5c06\u81ea\u5df1\u5168\u8eab\u71c3\u70e7\u8d77\u706b\u7130\u6765\uff0c\n\u7ed9\u4e88\u5bf9\u624b\u5927\u5927\u7684\u4f24\u5bb3\u3002\n\u81ea\u5df1\u7684\u706b\u5c5e\u6027\u5c06\u4f1a\u6d88\u5931\u3002", "language": {"name": "zh-Hans", "url": "https://pokeapi.co/api/v2/language/12/"}, "version_group": {"name": "sun-moon", "url": "https://pokeapi.co/api/v2/version-group/17/"}}, {"flavor_text": "\u305c\u3093\u3057\u3093\u306e\u3000\u307b\u306e\u304a\u3092\u3000\u3059\u3079\u3066\n\u3082\u3084\u3057\u3066\u3000\u3060\u3044\u30c0\u30e1\u30fc\u30b8\u3092\u3000\u3042\u305f\u3048\u308b\u3002\n\u3058\u3076\u3093\u306e\u3000\u307b\u306e\u304a\u30bf\u30a4\u30d7\u304c\u3000\u306a\u304f\u306a\u308b\u3002", "language": {"name": "ja-Hrkt", "url": "https://pokeapi.co/api/v2/language/1/"}, "version_group": {"name": "ultra-sun-ultra-moon", "url": "https://pokeapi.co/api/v2/version-group/18/"}}, {"flavor_text": "\uc804\uc2e0\uc758 \ubd88\uaf43\uc744 \ubaa8\ub450\n\ud0dc\uc6cc\uc11c \ud070 \ub370\ubbf8\uc9c0\ub97c \uc900\ub2e4.\n\uc790\uc2e0\uc758 \ubd88\uaf43\ud0c0\uc785\uc774 \uc5c6\uc5b4\uc9c4\ub2e4.", "language": {"name": "ko", "url": "https://pokeapi.co/api/v2/language/3/"}, "version_group": {"name": "ultra-sun-ultra-moon", "url": "https://pokeapi.co/api/v2/version-group/18/"}}, {"flavor_text": "\u71c3\u76e1\u5168\u8eab\u7684\u706b\u7130\uff0c\n\u7d66\u4e88\u5c0d\u624b\u5de8\u5927\u7684\u50b7\u5bb3\u3002\n\u81ea\u5df1\u7684\u706b\u5c6c\u6027\u5c07\u6703\u6d88\u5931\u3002", "language": {"name": "zh-Hant", "url": "https://pokeapi.co/api/v2/language/4/"}, "version_group": {"name": "ultra-sun-ultra-moon", "url": "https://pokeapi.co/api/v2/version-group/18/"}}, {"flavor_text": "Le Pok\u00e9mon se consume et les flammes de son\ncorps infligent des d\u00e9g\u00e2ts \u00e9lev\u00e9s \u00e0 la cible.\nLe lanceur perd le type Feu.", "language": {"name": "fr", "url": "https://pokeapi.co/api/v2/language/5/"}, "version_group": {"name": "ultra-sun-ultra-moon", "url": "https://pokeapi.co/api/v2/version-group/18/"}}, {"flavor_text": "Der Anwender nutzt das gesamte Feuer in seinem\nK\u00f6rper, um gro\u00dfen Schaden auszuteilen. Die restliche\nKampfdauer geh\u00f6rt er nicht mehr dem Typ Feuer an.", "language": {"name": "de", "url": "https://pokeapi.co/api/v2/language/6/"}, "version_group": {"name": "ultra-sun-ultra-moon", "url": "https://pokeapi.co/api/v2/version-group/18/"}}, {"flavor_text": "Utiliza hasta el \u00faltimo resquicio de llamas de su\ncuerpo para infligir un grave da\u00f1o al oponente. Tras\nel ataque, el usuario deja de ser de tipo Fuego.", "language": {"name": "es", "url": "https://pokeapi.co/api/v2/language/7/"}, "version_group": {"name": "ultra-sun-ultra-moon", "url": "https://pokeapi.co/api/v2/version-group/18/"}}, {"flavor_text": "Chi la usa attacca sfruttando tutta la sua potenza\nincendiaria per infliggere gravi danni al bersaglio,\nma come conseguenza perde il tipo Fuoco.", "language": {"name": "it", "url": "https://pokeapi.co/api/v2/language/8/"}, "version_group": {"name": "ultra-sun-ultra-moon", "url": "https://pokeapi.co/api/v2/version-group/18/"}}, {"flavor_text": "To inflict massive damage, the user burns itself out.\nAfter using this move, the user will no longer be\nFire type.", "language": {"name": "en", "url": "https://pokeapi.co/api/v2/language/9/"}, "version_group": {"name": "ultra-sun-ultra-moon", "url": "https://pokeapi.co/api/v2/version-group/18/"}}, {"flavor_text": "\u5168\u8eab\u306e\u3000\u307b\u306e\u304a\u3092\u3000\u3059\u3079\u3066\n\u71c3\u3084\u3057\u3066\u3000\u5927\u30c0\u30e1\u30fc\u30b8\u3092\u3000\u4e0e\u3048\u308b\u3002\n\u81ea\u5206\u306e\u3000\u307b\u306e\u304a\u30bf\u30a4\u30d7\u304c\u3000\u306a\u304f\u306a\u308b\u3002", "language": {"name": "ja", "url": "https://pokeapi.co/api/v2/language/11/"}, "version_group": {"name": "ultra-sun-ultra-moon", "url": "https://pokeapi.co/api/v2/version-group/18/"}}, {"flavor_text": "\u5c06\u81ea\u5df1\u5168\u8eab\u71c3\u70e7\u8d77\u706b\u7130\u6765\uff0c\n\u7ed9\u4e88\u5bf9\u624b\u5927\u5927\u7684\u4f24\u5bb3\u3002\n\u81ea\u5df1\u7684\u706b\u5c5e\u6027\u5c06\u4f1a\u6d88\u5931\u3002", "language": {"name": "zh-Hans", "url": "https://pokeapi.co/api/v2/language/12/"}, "version_group": {"name": "ultra-sun-ultra-moon", "url": "https://pokeapi.co/api/v2/version-group/18/"}}, {"flavor_text": "\u305c\u3093\u3057\u3093\u306e\u3000\u307b\u306e\u304a\u3092\u3000\u3059\u3079\u3066\n\u3082\u3084\u3057\u3066\u3000\u3060\u3044\u30c0\u30e1\u30fc\u30b8\u3092\u3000\u3042\u305f\u3048\u308b\u3002\n\u3058\u3076\u3093\u306e\u3000\u307b\u306e\u304a\u30bf\u30a4\u30d7\u304c\u3000\u306a\u304f\u306a\u308b\u3002", "language": {"name": "ja-Hrkt", "url": "https://pokeapi.co/api/v2/language/1/"}, "version_group": {"name": "lets-go-pikachu-lets-go-eevee", "url": "https://pokeapi.co/api/v2/version-group/19/"}}, {"flavor_text": "\uc804\uc2e0\uc758 \ubd88\uaf43\uc744 \ubaa8\ub450\n\ud0dc\uc6cc\uc11c \ud070 \ub370\ubbf8\uc9c0\ub97c \uc900\ub2e4.\n\uc790\uc2e0\uc758 \ubd88\uaf43\ud0c0\uc785\uc774 \uc5c6\uc5b4\uc9c4\ub2e4.", "language": {"name": "ko", "url": "https://pokeapi.co/api/v2/language/3/"}, "version_group": {"name": "lets-go-pikachu-lets-go-eevee", "url": "https://pokeapi.co/api/v2/version-group/19/"}}, {"flavor_text": "\u71c3\u76e1\u5168\u8eab\u7684\u706b\u7130\uff0c\n\u7d66\u4e88\u5c0d\u624b\u5de8\u5927\u7684\u50b7\u5bb3\u3002\n\u81ea\u5df1\u7684\u706b\u5c6c\u6027\u5c07\u6703\u6d88\u5931\u3002", "language": {"name": "zh-Hant", "url": "https://pokeapi.co/api/v2/language/4/"}, "version_group": {"name": "lets-go-pikachu-lets-go-eevee", "url": "https://pokeapi.co/api/v2/version-group/19/"}}, {"flavor_text": "Le Pok\u00e9mon se consume et les flammes de son\ncorps infligent des d\u00e9g\u00e2ts \u00e9lev\u00e9s \u00e0 la cible.\nLe lanceur perd le type Feu.", "language": {"name": "fr", "url": "https://pokeapi.co/api/v2/language/5/"}, "version_group": {"name": "lets-go-pikachu-lets-go-eevee", "url": "https://pokeapi.co/api/v2/version-group/19/"}}, {"flavor_text": "Der Anwender nutzt das gesamte Feuer in seinem\nK\u00f6rper, um gro\u00dfen Schaden auszuteilen. Die restliche\nKampfdauer geh\u00f6rt er nicht mehr dem Typ Feuer an.", "language": {"name": "de", "url": "https://pokeapi.co/api/v2/language/6/"}, "version_group": {"name": "lets-go-pikachu-lets-go-eevee", "url": "https://pokeapi.co/api/v2/version-group/19/"}}, {"flavor_text": "Utiliza hasta el \u00faltimo resquicio de llamas de su\ncuerpo para infligir un grave da\u00f1o al oponente. Tras\nel ataque, el usuario deja de ser de tipo Fuego.", "language": {"name": "es", "url": "https://pokeapi.co/api/v2/language/7/"}, "version_group": {"name": "lets-go-pikachu-lets-go-eevee", "url": "https://pokeapi.co/api/v2/version-group/19/"}}, {"flavor_text": "Chi la usa attacca sfruttando tutta la sua potenza\nincendiaria per infliggere gravi danni al bersaglio,\nma come conseguenza perde il tipo Fuoco.", "language": {"name": "it", "url": "https://pokeapi.co/api/v2/language/8/"}, "version_group": {"name": "lets-go-pikachu-lets-go-eevee", "url": "https://pokeapi.co/api/v2/version-group/19/"}}, {"flavor_text": "To inflict massive damage, the user burns itself out.\nAfter using this move, the user will no longer be\nFire type.", "language": {"name": "en", "url": "https://pokeapi.co/api/v2/language/9/"}, "version_group": {"name": "lets-go-pikachu-lets-go-eevee", "url": "https://pokeapi.co/api/v2/version-group/19/"}}, {"flavor_text": "\u5168\u8eab\u306e\u3000\u307b\u306e\u304a\u3092\u3000\u3059\u3079\u3066\n\u71c3\u3084\u3057\u3066\u3000\u5927\u30c0\u30e1\u30fc\u30b8\u3092\u3000\u4e0e\u3048\u308b\u3002\n\u81ea\u5206\u306e\u3000\u307b\u306e\u304a\u30bf\u30a4\u30d7\u304c\u3000\u306a\u304f\u306a\u308b\u3002", "language": {"name": "ja", "url": "https://pokeapi.co/api/v2/language/11/"}, "version_group": {"name": "lets-go-pikachu-lets-go-eevee", "url": "https://pokeapi.co/api/v2/version-group/19/"}}, {"flavor_text": "\u5c06\u81ea\u5df1\u5168\u8eab\u71c3\u70e7\u8d77\u706b\u7130\u6765\uff0c\n\u7ed9\u4e88\u5bf9\u624b\u5927\u5927\u7684\u4f24\u5bb3\u3002\n\u81ea\u5df1\u7684\u706b\u5c5e\u6027\u5c06\u4f1a\u6d88\u5931\u3002", "language": {"name": "zh-Hans", "url": "https://pokeapi.co/api/v2/language/12/"}, "version_group": {"name": "lets-go-pikachu-lets-go-eevee", "url": "https://pokeapi.co/api/v2/version-group/19/"}}, {"flavor_text": "\u305c\u3093\u3057\u3093\u306e\u3000\u307b\u306e\u304a\u3092\u3000\u3059\u3079\u3066\n\u3082\u3084\u3057\u3066\u3000\u3060\u3044\u30c0\u30e1\u30fc\u30b8\u3092\u3000\u3042\u305f\u3048\u308b\u3002\n\u3058\u3076\u3093\u306e\u3000\u307b\u306e\u304a\u30bf\u30a4\u30d7\u304c\u3000\u306a\u304f\u306a\u308b\u3002", "language": {"name": "ja-Hrkt", "url": "https://pokeapi.co/api/v2/language/1/"}, "version_group": {"name": "sword-shield", "url": "https://pokeapi.co/api/v2/version-group/20/"}}, {"flavor_text": "\uc804\uc2e0\uc758 \ubd88\uaf43\uc744 \ubaa8\ub450\n\ud0dc\uc6cc\uc11c \ud070 \ub370\ubbf8\uc9c0\ub97c \uc900\ub2e4.\n\uc790\uc2e0\uc758 \ubd88\uaf43\ud0c0\uc785\uc774 \uc5c6\uc5b4\uc9c4\ub2e4.", "language": {"name": "ko", "url": "https://pokeapi.co/api/v2/language/3/"}, "version_group": {"name": "sword-shield", "url": "https://pokeapi.co/api/v2/version-group/20/"}}, {"flavor_text": "\u71c3\u76e1\u5168\u8eab\u7684\u706b\u7130\uff0c\n\u7d66\u4e88\u5c0d\u624b\u5de8\u5927\u7684\u50b7\u5bb3\u3002\n\u81ea\u5df1\u7684\u706b\u5c6c\u6027\u5c07\u6703\u6d88\u5931\u3002", "language": {"name": "zh-Hant", "url": "https://pokeapi.co/api/v2/language/4/"}, "version_group": {"name": "sword-shield", "url": "https://pokeapi.co/api/v2/version-group/20/"}}, {"flavor_text": "Le Pok\u00e9mon se consume et les flammes de son corps\ninfligent des d\u00e9g\u00e2ts \u00e9lev\u00e9s \u00e0 la cible.\nLe lanceur perd le type Feu.", "language": {"name": "fr", "url": "https://pokeapi.co/api/v2/language/5/"}, "version_group": {"name": "sword-shield", "url": "https://pokeapi.co/api/v2/version-group/20/"}}, {"flavor_text": "Der Anwender nutzt das gesamte Feuer in seinem\nK\u00f6rper, um gro\u00dfen Schaden auszuteilen. Die restliche\nKampfdauer geh\u00f6rt er nicht mehr dem Typ Feuer an.", "language": {"name": "de", "url": "https://pokeapi.co/api/v2/language/6/"}, "version_group": {"name": "sword-shield", "url": "https://pokeapi.co/api/v2/version-group/20/"}}, {"flavor_text": "Utiliza hasta el \u00faltimo resquicio de llamas de su cuerpo\npara infligir un grave da\u00f1o al oponente. Tras el ataque,\nel usuario deja de ser de tipo Fuego.", "language": {"name": "es", "url": "https://pokeapi.co/api/v2/language/7/"}, "version_group": {"name": "sword-shield", "url": "https://pokeapi.co/api/v2/version-group/20/"}}, {"flavor_text": "Chi la usa attacca sfruttando tutta la sua potenza\nincendiaria per infliggere gravi danni al bersaglio,\nma come conseguenza perde il tipo Fuoco.", "language": {"name": "it", "url": "https://pokeapi.co/api/v2/language/8/"}, "version_group": {"name": "sword-shield", "url": "https://pokeapi.co/api/v2/version-group/20/"}}, {"flavor_text": "To inflict massive damage, the user burns itself out.\nAfter using this move, the user will no longer be\nFire type.", "language": {"name": "en", "url": "https://pokeapi.co/api/v2/language/9/"}, "version_group": {"name": "sword-shield", "url": "https://pokeapi.co/api/v2/version-group/20/"}}, {"flavor_text": "\u5168\u8eab\u306e\u3000\u307b\u306e\u304a\u3092\u3000\u3059\u3079\u3066\n\u71c3\u3084\u3057\u3066\u3000\u5927\u30c0\u30e1\u30fc\u30b8\u3092\u3000\u4e0e\u3048\u308b\u3002\n\u81ea\u5206\u306e\u3000\u307b\u306e\u304a\u30bf\u30a4\u30d7\u304c\u3000\u306a\u304f\u306a\u308b\u3002", "language": {"name": "ja", "url": "https://pokeapi.co/api/v2/language/11/"}, "version_group": {"name": "sword-shield", "url": "https://pokeapi.co/api/v2/version-group/20/"}}, {"flavor_text": "\u5c06\u81ea\u5df1\u5168\u8eab\u71c3\u70e7\u8d77\u706b\u7130\u6765\uff0c\n\u7ed9\u4e88\u5bf9\u624b\u5927\u5927\u7684\u4f24\u5bb3\u3002\n\u81ea\u5df1\u7684\u706b\u5c5e\u6027\u5c06\u4f1a\u6d88\u5931\u3002", "language": {"name": "zh-Hans", "url": "https://pokeapi.co/api/v2/language/12/"}, "version_group": {"name": "sword-shield", "url": "https://pokeapi.co/api/v2/version-group/20/"}}], "generation": {"name": "generation-vii", "url": "https://pokeapi.co/api/v2/generation/7/"}, "id": 682, "learned_by_pokemon": [{"name": "growlithe", "url": "https://pokeapi.co/api/v2/pokemon/58/"}, {"name": "arcanine", "url": "https://pokeapi.co/api/v2/pokemon/59/"}, {"name": "moltres", "url": "https://pokeapi.co/api/v2/pokemon/146/"}, {"name": "cyndaquil", "url": "https://pokeapi.co/api/v2/pokemon/155/"}, {"name": "quilava", "url": "https://pokeapi.co/api/v2/pokemon/156/"}, {"name": "typhlosion", "url": "https://pokeapi.co/api/v2/pokemon/157/"}, {"name": "ho-oh", "url": "https://pokeapi.co/api/v2/pokemon/250/"}, {"name": "tepig", "url": "https://pokeapi.co/api/v2/pokemon/498/"}, {"name": "carkol", "url": "https://pokeapi.co/api/v2/pokemon/838/"}, {"name": "coalossal", "url": "https://pokeapi.co/api/v2/pokemon/839/"}, {"name": "sizzlipede", "url": "https://pokeapi.co/api/v2/pokemon/850/"}, {"name": "centiskorch", "url": "https://pokeapi.co/api/v2/pokemon/851/"}], "machines": [], "meta": {"ailment": {"name": "none", "url": "https://pokeapi.co/api/v2/move-ailment/0/"}, "ailment_chance": 0, "category": {"name": "damage", "url": "https://pokeapi.co/api/v2/move-category/0/"}, "crit_rate": 0, "drain": 0, "flinch_chance": 0, "healing": 0, "max_hits": null, "max_turns": null, "min_hits": null, "min_turns": null, "stat_chance": 0}, "name": "burn-up", "names": [{"language": {"name": "ja-Hrkt", "url": "https://pokeapi.co/api/v2/language/1/"}, "name": "\u3082\u3048\u3064\u304d\u308b"}, {"language": {"name": "ko", "url": "https://pokeapi.co/api/v2/language/3/"}, "name": "\ubd88\uc0ac\ub974\uae30"}, {"language": {"name": "zh-Hant", "url": "https://pokeapi.co/api/v2/language/4/"}, "name": "\u71c3\u76e1"}, {"language": {"name": "fr", "url": "https://pokeapi.co/api/v2/language/5/"}, "name": "Flamme Ultime"}, {"language": {"name": "de", "url": "https://pokeapi.co/api/v2/language/6/"}, "name": "Ausbrennen"}, {"language": {"name": "es", "url": "https://pokeapi.co/api/v2/language/7/"}, "name": "Llama Final"}, {"language": {"name": "it", "url": "https://pokeapi.co/api/v2/language/8/"}, "name": "Ultima Fiamma"}, {"language": {"name": "en", "url": "https://pokeapi.co/api/v2/language/9/"}, "name": "Burn Up"}, {"language": {"name": "ja", "url": "https://pokeapi.co/api/v2/language/11/"}, "name": "\u3082\u3048\u3064\u304d\u308b"}, {"language": {"name": "zh-Hans", "url": "https://pokeapi.co/api/v2/language/12/"}, "name": "\u71c3\u5c3d"}], "past_values": [], "power": 130, "pp": 5, "priority": 0, "stat_changes": [], "super_contest_effect": null, "target": {"name": "selected-pokemon", "url": "https://pokeapi.co/api/v2/move-target/10/"}, "type": {"name": "fire", "url": "https://pokeapi.co/api/v2/type/10/"}}