{"accuracy": 100, "contest_combos": null, "contest_effect": null, "contest_type": {"name": "cool", "url": "https://pokeapi.co/api/v2/contest-type/1/"}, "damage_class": {"name": "physical", "url": "https://pokeapi.co/api/v2/move-damage-class/2/"}, "effect_chance": null, "effect_changes": [], "effect_entries": [{"effect": "Inflicts regular damage.  Power and type are determined by the user\u2019s held berry.  The berry is consumed.  If the user is not holding a berry, this move will fail.", "language": {"name": "en", "url": "https://pokeapi.co/api/v2/language/9/"}, "short_effect": "Power and type depend on the held berry."}], "flavor_text_entries": [{"flavor_text": "The user draws power\nto attack by using\nits held Berry.\nThe Berry determines\nits type and power.", "language": {"name": "en", "url": "https://pokeapi.co/api/v2/language/9/"}, "version_group": {"name": "diamond-pearl", "url": "https://pokeapi.co/api/v2/version-group/8/"}}, {"flavor_text": "The user draws power\nto attack by using\nits held Berry.\nThe Berry determines\nits type and power.", "language": {"name": "en", "url": "https://pokeapi.co/api/v2/language/9/"}, "version_group": {"name": "platinum", "url": "https://pokeapi.co/api/v2/version-group/9/"}}, {"flavor_text": "The user draws power\nto attack by using\nits held Berry.\nThe Berry determines\nits type and power.", "language": {"name": "en", "url": "https://pokeapi.co/api/v2/language/9/"}, "version_group": {"name": "heartgold-soulsilver", "url": "https://pokeapi.co/api/v2/version-group/10/"}}, {"flavor_text": "Avant d\u2019attaquer, le lanceur rassemble\nses forces gr\u00e2ce \u00e0 sa Baie. Elle\nd\u00e9termine le type et la puissance.", "language": {"name": "fr", "url": "https://pokeapi.co/api/v2/language/5/"}, "version_group": {"name": "black-white", "url": "https://pokeapi.co/api/v2/version-group/11/"}}, {"flavor_text": "The user draws power to attack by using\nits held Berry.\nThe Berry determines its type and power.", "language": {"name": "en", "url": "https://pokeapi.co/api/v2/language/9/"}, "version_group": {"name": "black-white", "url": "https://pokeapi.co/api/v2/version-group/11/"}}, {"flavor_text": "The user draws power to attack by using\nits held Berry.\nThe Berry determines its type and power.", "language": {"name": "en", "url": "https://pokeapi.co/api/v2/language/9/"}, "version_group": {"name": "black-2-white-2", "url": "https://pokeapi.co/api/v2/version-group/14/"}}, {"flavor_text": "\u304d\u306e\u307f\u304b\u3089\u3000\u3061\u304b\u3089\u3092\u3000\u3082\u3089\u3044\n\u3053\u3046\u3052\u304d\u3059\u308b\u3002\u3082\u305f\u305b\u305f\u3000\u304d\u306e\u307f\u3067\n\u308f\u3056\u306e\u3000\u30bf\u30a4\u30d7\u3068\u3000\u3044\u308a\u3087\u304f\u304c\u3000\u304b\u308f\u308b\u3002", "language": {"name": "ja-Hrkt", "url": "https://pokeapi.co/api/v2/language/1/"}, "version_group": {"name": "x-y", "url": "https://pokeapi.co/api/v2/version-group/15/"}}, {"flavor_text": "\ub098\ubb34\uc5f4\ub9e4\uc5d0\uc11c \ud798\uc744 \uc5bb\uc5b4\n\uacf5\uaca9\ud55c\ub2e4. \uc9c0\ub2c8\uac8c \ud55c \ub098\ubb34\uc5f4\ub9e4\uc5d0 \ub530\ub77c\n\uae30\uc220\uc758 \ud0c0\uc785\uacfc \uc704\ub825\uc774 \ubc14\ub010\ub2e4.", "language": {"name": "ko", "url": "https://pokeapi.co/api/v2/language/3/"}, "version_group": {"name": "x-y", "url": "https://pokeapi.co/api/v2/version-group/15/"}}, {"flavor_text": "Avant d\u2019attaquer, le lanceur rassemble ses forces\ngr\u00e2ce \u00e0 sa Baie. Elle d\u00e9termine le type et la\npuissance de l\u2019attaque.", "language": {"name": "fr", "url": "https://pokeapi.co/api/v2/language/5/"}, "version_group": {"name": "x-y", "url": "https://pokeapi.co/api/v2/version-group/15/"}}, {"flavor_text": "Anwender zieht aus seiner derzeitigen Beere Kraft.\nSie bestimmt Typ und St\u00e4rke der Attacke.", "language": {"name": "de", "url": "https://pokeapi.co/api/v2/language/6/"}, "version_group": {"name": "x-y", "url": "https://pokeapi.co/api/v2/version-group/15/"}}, {"flavor_text": "La baya que lleva presta su fuerza para atacar. El\ntipo de ataque y su fuerza dependen de la baya.", "language": {"name": "es", "url": "https://pokeapi.co/api/v2/language/7/"}, "version_group": {"name": "x-y", "url": "https://pokeapi.co/api/v2/version-group/15/"}}, {"flavor_text": "Chi la usa trae forza dalla bacca che ha. Da questa\ndipendono il tipo e la potenza dell\u2019attacco.", "language": {"name": "it", "url": "https://pokeapi.co/api/v2/language/8/"}, "version_group": {"name": "x-y", "url": "https://pokeapi.co/api/v2/version-group/15/"}}, {"flavor_text": "The user draws power to attack by using\nits held Berry.\nThe Berry determines the move\u2019s type and power.", "language": {"name": "en", "url": "https://pokeapi.co/api/v2/language/9/"}, "version_group": {"name": "x-y", "url": "https://pokeapi.co/api/v2/version-group/15/"}}, {"flavor_text": "\u304d\u306e\u307f\u304b\u3089\u3000\u529b\u3092\u3000\u3082\u3089\u3044\n\u653b\u6483\u3059\u308b\u3002\u6301\u305f\u305b\u305f\u3000\u304d\u306e\u307f\u3067\n\u6280\u306e\u3000\u30bf\u30a4\u30d7\u3068\u3000\u5a01\u529b\u304c\u3000\u5909\u308f\u308b\u3002", "language": {"name": "ja", "url": "https://pokeapi.co/api/v2/language/11/"}, "version_group": {"name": "x-y", "url": "https://pokeapi.co/api/v2/version-group/15/"}}, {"flavor_text": "\u304d\u306e\u202f\u304b\u3089\u3000\u3061\u304b\u3089\u3092\u3000\u3082\u3089\u3044\n\u3053\u3046\u3052\u304d\u3059\u308b\u3002\u3082\u305f\u305b\u305f\u3000\u304d\u306e\u202f\u3067\n\u308f\u3056\u306e\u3000\u30bf\u30a4\u30d7\u3068\u3000\u3044\u308a\u3087\u304f\u304c\u3000\u304b\u308f\u308b\u3002", "language": {"name": "ja-Hrkt", "url": "https://pokeapi.co/api/v2/language/1/"}, "version_group": {"name": "omega-ruby-alpha-sapphire", "url": "https://pokeapi.co/api/v2/version-group/16/"}}, {"flavor_text": "\ub098\ubb34\uc5f4\ub9e4\uc5d0\uc11c \ud798\uc744 \uc5bb\uc5b4\n\uacf5\uaca9\ud55c\ub2e4. \uc9c0\ub2c8\uac8c \ud55c \ub098\ubb34\uc5f4\ub9e4\uc5d0 \ub530\ub77c\n\uae30\uc220\uc758 \ud0c0\uc785\uacfc \uc704\ub825\uc774 \ubc14\ub010\ub2e4.", "language": {"name": "ko", "url": "https://pokeapi.co/api/v2/language/3/"}, "version_group": {"name": "omega-ruby-alpha-sapphire", "url": "https://pokeapi.co/api/v2/version-group/16/"}}, {"flavor_text": "Avant d\u2019attaquer, le lanceur rassemble ses forces\ngr\u00e2ce \u00e0 sa Baie. Elle d\u00e9termine le type et la\npuissance de l\u2019attaque.", "language": {"name": "fr", "url": "https://pokeapi.co/api/v2/language/5/"}, "version_group": {"name": "omega-ruby-alpha-sapphire", "url": "https://pokeapi.co/api/v2/version-group/16/"}}, {"flavor_text": "Anwender zieht aus seiner derzeitigen Beere Kraft.\nSie bestimmt Typ und St\u00e4rke der Attacke.", "language": {"name": "de", "url": "https://pokeapi.co/api/v2/language/6/"}, "version_group": {"name": "omega-ruby-alpha-sapphire", "url": "https://pokeapi.co/api/v2/version-group/16/"}}, {"flavor_text": "La baya que lleva presta su fuerza para atacar. El \ntipo de ataque y su fuerza dependen de la baya.", "language": {"name": "es", "url": "https://pokeapi.co/api/v2/language/7/"}, "version_group": {"name": "omega-ruby-alpha-sapphire", "url": "https://pokeapi.co/api/v2/version-group/16/"}}, {"flavor_text": "Chi la usa trae forza dalla bacca che ha. Da questa  \ndipendono il tipo e la potenza dell\u2019attacco.", "language": {"name": "it", "url": "https://pokeapi.co/api/v2/language/8/"}, "version_group": {"name": "omega-ruby-alpha-sapphire", "url": "https://pokeapi.co/api/v2/version-group/16/"}}, {"flavor_text": "The user draws power to attack by using\nits held Berry.\nThe Berry determines the move\u2019s type and power.", "language": {"name": "en", "url": "https://pokeapi.co/api/v2/language/9/"}, "version_group": {"name": "omega-ruby-alpha-sapphire", "url": "https://pokeapi.co/api/v2/version-group/16/"}}, {"flavor_text": "\u304d\u306e\u202f\u304b\u3089\u3000\u529b\u3092\u3000\u3082\u3089\u3044\n\u653b\u6483\u3059\u308b\u3002\u6301\u305f\u305b\u305f\u3000\u304d\u306e\u202f\u3067\n\u6280\u306e\u3000\u30bf\u30a4\u30d7\u3068\u3000\u5a01\u529b\u304c\u3000\u5909\u308f\u308b\u3002", "language": {"name": "ja", "url": "https://pokeapi.co/api/v2/language/11/"}, "version_group": {"name": "omega-ruby-alpha-sapphire", "url": "https://pokeapi.co/api/v2/version-group/16/"}}, {"flavor_text": "\u304d\u306e\u307f\u304b\u3089\u3000\u3061\u304b\u3089\u3092\u3000\u3082\u3089\u3044\n\u3053\u3046\u3052\u304d\u3059\u308b\u3002\u3082\u305f\u305b\u305f\u3000\u304d\u306e\u307f\u3067\n\u308f\u3056\u306e\u3000\u30bf\u30a4\u30d7\u3068\u3000\u3044\u308a\u3087\u304f\u304c\u3000\u304b\u308f\u308b\u3002", "language": {"name": "ja-Hrkt", "url": "https://pokeapi.co/api/v2/language/1/"}, "version_group": {"name": "sun-moon", "url": "https://pokeapi.co/api/v2/version-group/17/"}}, {"flavor_text": "\ub098\ubb34\uc5f4\ub9e4\uc5d0\uc11c \ud798\uc744 \uc5bb\uc5b4\n\uacf5\uaca9\ud55c\ub2e4. \uc9c0\ub2c8\uac8c \ud55c \ub098\ubb34\uc5f4\ub9e4\uc5d0 \ub530\ub77c\n\uae30\uc220\uc758 \ud0c0\uc785\uacfc \uc704\ub825\uc774 \ubc14\ub010\ub2e4.", "language": {"name": "ko", "url": "https://pokeapi.co/api/v2/language/3/"}, "version_group": {"name": "sun-moon", "url": "https://pokeapi.co/api/v2/version-group/17/"}}, {"flavor_text": "\u5f9e\u6a39\u679c\u4e0a\u7372\u5f97\u529b\u91cf\u9032\u884c\u653b\u64ca\u3002\n\u62db\u5f0f\u5c6c\u6027\u548c\u5a01\u529b\u6703\u96a8\u8457\n\u651c\u5e36\u7684\u6a39\u679c\u4e0d\u540c\u800c\u6539\u8b8a\u3002", "language": {"name": "zh-Hant", "url": "https://pokeapi.co/api/v2/language/4/"}, "version_group": {"name": "sun-moon", "url": "https://pokeapi.co/api/v2/version-group/17/"}}, {"flavor_text": "Avant d\u2019attaquer, le lanceur rassemble ses forces\ngr\u00e2ce \u00e0 sa Baie. Elle d\u00e9termine le type et la\npuissance de l\u2019attaque.", "language": {"name": "fr", "url": "https://pokeapi.co/api/v2/language/5/"}, "version_group": {"name": "sun-moon", "url": "https://pokeapi.co/api/v2/version-group/17/"}}, {"flavor_text": "Anwender zieht aus seiner derzeitigen Beere Kraft.\nSie bestimmt Typ und St\u00e4rke der Attacke.", "language": {"name": "de", "url": "https://pokeapi.co/api/v2/language/6/"}, "version_group": {"name": "sun-moon", "url": "https://pokeapi.co/api/v2/version-group/17/"}}, {"flavor_text": "La baya que lleva presta su fuerza para atacar. El \ntipo de ataque y su fuerza dependen de la baya.", "language": {"name": "es", "url": "https://pokeapi.co/api/v2/language/7/"}, "version_group": {"name": "sun-moon", "url": "https://pokeapi.co/api/v2/version-group/17/"}}, {"flavor_text": "Chi la usa trae forza dalla bacca che ha. Da questa\ndipendono il tipo e la potenza dell\u2019attacco.", "language": {"name": "it", "url": "https://pokeapi.co/api/v2/language/8/"}, "version_group": {"name": "sun-moon", "url": "https://pokeapi.co/api/v2/version-group/17/"}}, {"flavor_text": "The user draws power to attack by using its held\nBerry. The Berry determines the move\u2019s type\nand power.", "language": {"name": "en", "url": "https://pokeapi.co/api/v2/language/9/"}, "version_group": {"name": "sun-moon", "url": "https://pokeapi.co/api/v2/version-group/17/"}}, {"flavor_text": "\u304d\u306e\u307f\u304b\u3089\u3000\u529b\u3092\u3000\u3082\u3089\u3044\n\u653b\u6483\u3059\u308b\u3002\u6301\u305f\u305b\u305f\u3000\u304d\u306e\u307f\u3067\n\u6280\u306e\u3000\u30bf\u30a4\u30d7\u3068\u3000\u5a01\u529b\u304c\u3000\u5909\u308f\u308b\u3002", "language": {"name": "ja", "url": "https://pokeapi.co/api/v2/language/11/"}, "version_group": {"name": "sun-moon", "url": "https://pokeapi.co/api/v2/version-group/17/"}}, {"flavor_text": "\u4ece\u6811\u679c\u4e0a\u83b7\u5f97\u529b\u91cf\u8fdb\u884c\u653b\u51fb\u3002\n\u6839\u636e\u643a\u5e26\u7684\u6811\u679c\uff0c\n\u62db\u5f0f\u5c5e\u6027\u548c\u5a01\u529b\u4f1a\u6539\u53d8\u3002", "language": {"name": "zh-Hans", "url": "https://pokeapi.co/api/v2/language/12/"}, "version_group": {"name": "sun-moon", "url": "https://pokeapi.co/api/v2/version-group/17/"}}, {"flavor_text": "\u304d\u306e\u307f\u304b\u3089\u3000\u3061\u304b\u3089\u3092\u3000\u3082\u3089\u3044\n\u3053\u3046\u3052\u304d\u3059\u308b\u3002\u3082\u305f\u305b\u305f\u3000\u304d\u306e\u307f\u3067\n\u308f\u3056\u306e\u3000\u30bf\u30a4\u30d7\u3068\u3000\u3044\u308a\u3087\u304f\u304c\u3000\u304b\u308f\u308b\u3002", "language": {"name": "ja-Hrkt", "url": "https://pokeapi.co/api/v2/language/1/"}, "version_group": {"name": "ultra-sun-ultra-moon", "url": "https://pokeapi.co/api/v2/version-group/18/"}}, {"flavor_text": "\ub098\ubb34\uc5f4\ub9e4\uc5d0\uc11c \ud798\uc744 \uc5bb\uc5b4\n\uacf5\uaca9\ud55c\ub2e4. \uc9c0\ub2c8\uac8c \ud55c \ub098\ubb34\uc5f4\ub9e4\uc5d0 \ub530\ub77c\n\uae30\uc220\uc758 \ud0c0\uc785\uacfc \uc704\ub825\uc774 \ubc14\ub010\ub2e4.", "language": {"name": "ko", "url": "https://pokeapi.co/api/v2/language/3/"}, "version_group": {"name": "ultra-sun-ultra-moon", "url": "https://pokeapi.co/api/v2/version-group/18/"}}, {"flavor_text": "\u5f9e\u6a39\u679c\u4e0a\u7372\u5f97\u529b\u91cf\u9032\u884c\u653b\u64ca\u3002\n\u62db\u5f0f\u5c6c\u6027\u548c\u5a01\u529b\u6703\u96a8\u8457\n\u651c\u5e36\u7684\u6a39\u679c\u4e0d\u540c\u800c\u6539\u8b8a\u3002", "language": {"name": "zh-Hant", "url": "https://pokeapi.co/api/v2/language/4/"}, "version_group": {"name": "ultra-sun-ultra-moon", "url": "https://pokeapi.co/api/v2/version-group/18/"}}, {"flavor_text": "Avant d\u2019attaquer, le lanceur rassemble ses forces\ngr\u00e2ce \u00e0 sa Baie. Elle d\u00e9termine le type et la\npuissance de l\u2019attaque.", "language": {"name": "fr", "url": "https://pokeapi.co/api/v2/language/5/"}, "version_group": {"name": "ultra-sun-ultra-moon", "url": "https://pokeapi.co/api/v2/version-group/18/"}}, {"flavor_text": "Anwender zieht aus seiner derzeitigen Beere Kraft.\nSie bestimmt Typ und St\u00e4rke der Attacke.", "language": {"name": "de", "url": "https://pokeapi.co/api/v2/language/6/"}, "version_group": {"name": "ultra-sun-ultra-moon", "url": "https://pokeapi.co/api/v2/version-group/18/"}}, {"flavor_text": "La baya que lleva presta su fuerza para atacar. El \ntipo de ataque y su fuerza dependen de la baya.", "language": {"name": "es", "url": "https://pokeapi.co/api/v2/language/7/"}, "version_group": {"name": "ultra-sun-ultra-moon", "url": "https://pokeapi.co/api/v2/version-group/18/"}}, {"flavor_text": "Chi la usa trae forza dalla bacca che ha. Da questa\ndipendono il tipo e la potenza dell\u2019attacco.", "language": {"name": "it", "url": "https://pokeapi.co/api/v2/language/8/"}, "version_group": {"name": "ultra-sun-ultra-moon", "url": "https://pokeapi.co/api/v2/version-group/18/"}}, {"flavor_text": "The user draws power to attack by using its held\nBerry. The Berry determines the move\u2019s type\nand power.", "language": {"name": "en", "url": "https://pokeapi.co/api/v2/language/9/"}, "version_group": {"name": "ultra-sun-ultra-moon", "url": "https://pokeapi.co/api/v2/version-group/18/"}}, {"flavor_text": "\u304d\u306e\u307f\u304b\u3089\u3000\u529b\u3092\u3000\u3082\u3089\u3044\n\u653b\u6483\u3059\u308b\u3002\u6301\u305f\u305b\u305f\u3000\u304d\u306e\u307f\u3067\n\u6280\u306e\u3000\u30bf\u30a4\u30d7\u3068\u3000\u5a01\u529b\u304c\u3000\u5909\u308f\u308b\u3002", "language": {"name": "ja", "url": "https://pokeapi.co/api/v2/language/11/"}, "version_group": {"name": "ultra-sun-ultra-moon", "url": "https://pokeapi.co/api/v2/version-group/18/"}}, {"flavor_text": "\u4ece\u6811\u679c\u4e0a\u83b7\u5f97\u529b\u91cf\u8fdb\u884c\u653b\u51fb\u3002\n\u6839\u636e\u643a\u5e26\u7684\u6811\u679c\uff0c\n\u62db\u5f0f\u5c5e\u6027\u548c\u5a01\u529b\u4f1a\u6539\u53d8\u3002", "language": {"name": "zh-Hans", "url": "https://pokeapi.co/api/v2/language/12/"}, "version_group": {"name": "ultra-sun-ultra-moon", "url": "https://pokeapi.co/api/v2/version-group/18/"}}, {"flavor_text": "\u304d\u306e\u307f\u304b\u3089\u3000\u3061\u304b\u3089\u3092\u3000\u3082\u3089\u3044\n\u3053\u3046\u3052\u304d\u3059\u308b\u3002\u3082\u305f\u305b\u305f\u3000\u304d\u306e\u307f\u3067\n\u308f\u3056\u306e\u3000\u30bf\u30a4\u30d7\u3068\u3000\u3044\u308a\u3087\u304f\u304c\u3000\u304b\u308f\u308b\u3002", "language": {"name": "ja-Hrkt", "url": "https://pokeapi.co/api/v2/language/1/"}, "version_group": {"name": "lets-go-pikachu-lets-go-eevee", "url": "https://pokeapi.co/api/v2/version-group/19/"}}, {"flavor_text": "\ub098\ubb34\uc5f4\ub9e4\uc5d0\uc11c \ud798\uc744 \uc5bb\uc5b4\n\uacf5\uaca9\ud55c\ub2e4. \uc9c0\ub2c8\uac8c \ud55c \ub098\ubb34\uc5f4\ub9e4\uc5d0 \ub530\ub77c\n\uae30\uc220\uc758 \ud0c0\uc785\uacfc \uc704\ub825\uc774 \ubc14\ub010\ub2e4.", "language": {"name": "ko", "url": "https://pokeapi.co/api/v2/language/3/"}, "version_group": {"name": "lets-go-pikachu-lets-go-eevee", "url": "https://pokeapi.co/api/v2/version-group/19/"}}, {"flavor_text": "\u5f9e\u6a39\u679c\u4e0a\u7372\u5f97\u529b\u91cf\u9032\u884c\u653b\u64ca\u3002\n\u62db\u5f0f\u5c6c\u6027\u548c\u5a01\u529b\u6703\u96a8\u8457\n\u651c\u5e36\u7684\u6a39\u679c\u4e0d\u540c\u800c\u6539\u8b8a\u3002", "language": {"name": "zh-Hant", "url": "https://pokeapi.co/api/v2/language/4/"}, "version_group": {"name": "lets-go-pikachu-lets-go-eevee", "url": "https://pokeapi.co/api/v2/version-group/19/"}}, {"flavor_text": "Avant d\u2019attaquer, le lanceur rassemble ses forces\ngr\u00e2ce \u00e0 sa Baie. Elle d\u00e9termine le type et la puissance\nde l\u2019attaque.", "language": {"name": "fr", "url": "https://pokeapi.co/api/v2/language/5/"}, "version_group": {"name": "lets-go-pikachu-lets-go-eevee", "url": "https://pokeapi.co/api/v2/version-group/19/"}}, {"flavor_text": "Anwender zieht aus seiner derzeitigen Beere Kraft.\nSie bestimmt Typ und St\u00e4rke der Attacke.", "language": {"name": "de", "url": "https://pokeapi.co/api/v2/language/6/"}, "version_group": {"name": "lets-go-pikachu-lets-go-eevee", "url": "https://pokeapi.co/api/v2/version-group/19/"}}, {"flavor_text": "La baya que lleva presta su fuerza para atacar. El \ntipo de ataque y su fuerza dependen de la baya.", "language": {"name": "es", "url": "https://pokeapi.co/api/v2/language/7/"}, "version_group": {"name": "lets-go-pikachu-lets-go-eevee", "url": "https://pokeapi.co/api/v2/version-group/19/"}}, {"flavor_text": "Chi la usa trae forza dalla bacca che ha. Da questa\ndipendono il tipo e la potenza dell\u2019attacco.", "language": {"name": "it", "url": "https://pokeapi.co/api/v2/language/8/"}, "version_group": {"name": "lets-go-pikachu-lets-go-eevee", "url": "https://pokeapi.co/api/v2/version-group/19/"}}, {"flavor_text": "The user draws power to attack by using its held\nBerry. The Berry determines the move\u2019s type\nand power.", "language": {"name": "en", "url": "https://pokeapi.co/api/v2/language/9/"}, "version_group": {"name": "lets-go-pikachu-lets-go-eevee", "url": "https://pokeapi.co/api/v2/version-group/19/"}}, {"flavor_text": "\u304d\u306e\u307f\u304b\u3089\u3000\u529b\u3092\u3000\u3082\u3089\u3044\n\u653b\u6483\u3059\u308b\u3002\u6301\u305f\u305b\u305f\u3000\u304d\u306e\u307f\u3067\n\u6280\u306e\u3000\u30bf\u30a4\u30d7\u3068\u3000\u5a01\u529b\u304c\u3000\u5909\u308f\u308b\u3002", "language": {"name": "ja", "url": "https://pokeapi.co/api/v2/language/11/"}, "version_group": {"name": "lets-go-pikachu-lets-go-eevee", "url": "https://pokeapi.co/api/v2/version-group/19/"}}, {"flavor_text": "\u4ece\u6811\u679c\u4e0a\u83b7\u5f97\u529b\u91cf\u8fdb\u884c\u653b\u51fb\u3002\n\u6839\u636e\u643a\u5e26\u7684\u6811\u679c\uff0c\n\u62db\u5f0f\u5c5e\u6027\u548c\u5a01\u529b\u4f1a\u6539\u53d8\u3002", "language": {"name": "zh-Hans", "url": "https://pokeapi.co/api/v2/language/12/"}, "version_group": {"name": "lets-go-pikachu-lets-go-eevee", "url": "https://pokeapi.co/api/v2/version-group/19/"}}, {"flavor_text": "\u3053\u306e\u308f\u3056\u306f\u3000\u3064\u304b\u3048\u307e\u305b\u3093\n\u304a\u3082\u3044\u3060\u3059\u3053\u3068\u304c\u3000\u3067\u304d\u306a\u304f\u306a\u308a\u307e\u3059\u304c\n\u308f\u3056\u3092\u3000\u308f\u3059\u308c\u308b\u3053\u3068\u3092\u3000\u304a\u3059\u3059\u3081\u3057\u307e\u3059", "language": {"name": "ja-Hrkt", "url": "https://pokeapi.co/api/v2/language/1/"}, "version_group": {"name": "sword-shield", "url": "https://pokeapi.co/api/v2/version-group/20/"}}, {"flavor_text": "\uc0ac\uc6a9\ud560 \uc218 \uc5c6\ub294 \uae30\uc220\uc785\ub2c8\ub2e4.\n\ub2e4\uc2dc \ubc30\uc6b0\uac8c \ud560 \uc218 \uc5c6\uc9c0\ub9cc\n\uae30\uc220\uc744 \uc78a\uac8c \ud558\ub294 \uac83\uc744 \uad8c\uc7a5\ud569\ub2c8\ub2e4.", "language": {"name": "ko", "url": "https://pokeapi.co/api/v2/language/3/"}, "version_group": {"name": "sword-shield", "url": "https://pokeapi.co/api/v2/version-group/20/"}}, {"flavor_text": "\u7121\u6cd5\u4f7f\u7528\u6b64\u62db\u5f0f\u3002\n\u96d6\u7136\u5fd8\u8a18\u5f8c\u5c07\u7121\u6cd5\u518d\u60f3\u8d77\u4f86\uff0c\n\u4f46\u9084\u662f\u5efa\u8b70\u5fd8\u8a18\u6b64\u62db\u5f0f\u3002", "language": {"name": "zh-Hant", "url": "https://pokeapi.co/api/v2/language/4/"}, "version_group": {"name": "sword-shield", "url": "https://pokeapi.co/api/v2/version-group/20/"}}, {"flavor_text": "Cette capacit\u00e9 ne peut pas \u00eatre utilis\u00e9e.\nIl est recommand\u00e9 de l\u2019oublier, m\u00eame s\u2019il sera\nimpossible de se la rem\u00e9morer une fois oubli\u00e9e.", "language": {"name": "fr", "url": "https://pokeapi.co/api/v2/language/5/"}, "version_group": {"name": "sword-shield", "url": "https://pokeapi.co/api/v2/version-group/20/"}}, {"flavor_text": "Diese Attacke kann nicht eingesetzt werden. Du solltest\ndein Pok\u00e9mon sie vergessen lassen. Beachte aber,\ndass es sich danach nicht wieder an sie erinnern kann.", "language": {"name": "de", "url": "https://pokeapi.co/api/v2/language/6/"}, "version_group": {"name": "sword-shield", "url": "https://pokeapi.co/api/v2/version-group/20/"}}, {"flavor_text": "Este movimiento no se puede usar, por lo que ser\u00eda\nmejor olvidarlo, aunque eso implique que no se pueda\nrecordar posteriormente.", "language": {"name": "es", "url": "https://pokeapi.co/api/v2/language/7/"}, "version_group": {"name": "sword-shield", "url": "https://pokeapi.co/api/v2/version-group/20/"}}, {"flavor_text": "Questa mossa non pu\u00f2 essere usata.\n\u00c8 consigliabile farla dimenticare al Pok\u00e9mon. Tuttavia,\nuna volta dimenticata, non potr\u00e0 pi\u00f9 essere ricordata.", "language": {"name": "it", "url": "https://pokeapi.co/api/v2/language/8/"}, "version_group": {"name": "sword-shield", "url": "https://pokeapi.co/api/v2/version-group/20/"}}, {"flavor_text": "This move can\u2019t be used.\nIt\u2019s recommended that this move is forgotten.\nOnce forgotten, this move can\u2019t be remembered.", "language": {"name": "en", "url": "https://pokeapi.co/api/v2/language/9/"}, "version_group": {"name": "sword-shield", "url": "https://pokeapi.co/api/v2/version-group/20/"}}, {"flavor_text": "\u3053\u306e\u6280\u306f\u3000\u4f7f\u3048\u307e\u305b\u3093\n\u601d\u3044\u51fa\u3059\u3053\u3068\u304c\u3000\u3067\u304d\u306a\u304f\u306a\u308a\u307e\u3059\u304c\n\u6280\u3092\u3000\u5fd8\u308c\u308b\u3053\u3068\u3092\u3000\u304a\u3059\u3059\u3081\u3057\u307e\u3059", "language": {"name": "ja", "url": "https://pokeapi.co/api/v2/language/11/"}, "version_group": {"name": "sword-shield", "url": "https://pokeapi.co/api/v2/version-group/20/"}}, {"flavor_text": "\u65e0\u6cd5\u4f7f\u7528\u8fd9\u4e2a\u62db\u5f0f\u3002\n\u867d\u7136\u5fd8\u8bb0\u4e4b\u540e\u5c31\u518d\u4e5f\u60f3\u4e0d\u8d77\u6765\u4e86\uff0c\n\u4f46\u8fd8\u662f\u5efa\u8bae\u5fd8\u8bb0\u8fd9\u4e2a\u62db\u5f0f\u3002", "language": {"name": "zh-Hans", "url": "https://pokeapi.co/api/v2/language/12/"}, "version_group": {"name": "sword-shield", "url": "https://pokeapi.co/api/v2/version-group/20/"}}], "generation": {"name": "generation-iv", "url": "https://pokeapi.co/api/v2/generation/4/"}, "id": 363, "learned_by_pokemon": [{"name": "bulbasaur", "url": "https://pokeapi.co/api/v2/pokemon/1/"}, {"name": "ivysaur", "url": "https://pokeapi.co/api/v2/pokemon/2/"}, {"name": "venusaur", "url": "https://pokeapi.co/api/v2/pokemon/3/"}, {"name": "charmander", "url": "https://pokeapi.co/api/v2/pokemon/4/"}, {"name": "charmeleon", "url": "https://pokeapi.co/api/v2/pokemon/5/"}, {"name": "charizard", "url": "https://pokeapi.co/api/v2/pokemon/6/"}, {"name": "squirtle", "url": "https://pokeapi.co/api/v2/pokemon/7/"}, {"name": "wartortle", "url": "https://pokeapi.co/api/v2/pokemon/8/"}, {"name": "blastoise", "url": "https://pokeapi.co/api/v2/pokemon/9/"}, {"name": "butterfree", "url": "https://pokeapi.co/api/v2/pokemon/12/"}, {"name": "beedrill", "url": "https://pokeapi.co/api/v2/pokemon/15/"}, {"name": "pidgey", "url": "https://pokeapi.co/api/v2/pokemon/16/"}, {"name": "pidgeotto", "url": "https://pokeapi.co/api/v2/pokemon/17/"}, {"name": "pidgeot", "url": "https://pokeapi.co/api/v2/pokemon/18/"}, {"name": "rattata", "url": "https://pokeapi.co/api/v2/pokemon/19/"}, {"name": "raticate", "url": "https://pokeapi.co/api/v2/pokemon/20/"}, {"name": "spearow", "url": "https://pokeapi.co/api/v2/pokemon/21/"}, {"name": "fearow", "url": "https://pokeapi.co/api/v2/pokemon/22/"}, {"name": "ekans", "url": "https://pokeapi.co/api/v2/pokemon/23/"}, {"name": "arbok", "url": "https://pokeapi.co/api/v2/pokemon/24/"}, {"name": "pikachu", "url": "https://pokeapi.co/api/v2/pokemon/25/"}, {"name": "raichu", "url": "https://pokeapi.co/api/v2/pokemon/26/"}, {"name": "sandshrew", "url": "https://pokeapi.co/api/v2/pokemon/27/"}, {"name": "sandslash", "url": "https://pokeapi.co/api/v2/pokemon/28/"}, {"name": "nidoran-f", "url": "https://pokeapi.co/api/v2/pokemon/29/"}, {"name": "nidorina", "url": "https://pokeapi.co/api/v2/pokemon/30/"}, {"name": "nidoqueen", "url": "https://pokeapi.co/api/v2/pokemon/31/"}, {"name": "nidoran-m", "url": "https://pokeapi.co/api/v2/pokemon/32/"}, {"name": "nidorino", "url": "https://pokeapi.co/api/v2/pokemon/33/"}, {"name": "nidoking", "url": "https://pokeapi.co/api/v2/pokemon/34/"}, {"name": "clefairy", "url": "https://pokeapi.co/api/v2/pokemon/35/"}, {"name": "clefable", "url": "https://pokeapi.co/api/v2/pokemon/36/"}, {"name": "vulpix", "url": "https://pokeapi.co/api/v2/pokemon/37/"}, {"name": "ninetales", "url": "https://pokeapi.co/api/v2/pokemon/38/"}, {"name": "jigglypuff", "url": "https://pokeapi.co/api/v2/pokemon/39/"}, {"name": "wigglytuff", "url": "https://pokeapi.co/api/v2/pokemon/40/"}, {"name": "zubat", "url": "https://pokeapi.co/api/v2/pokemon/41/"}, {"name": "golbat", "url": "https://pokeapi.co/api/v2/pokemon/42/"}, {"name": "oddish", "url": "https://pokeapi.co/api/v2/pokemon/43/"}, {"name": "gloom", "url": "https://pokeapi.co/api/v2/pokemon/44/"}, {"name": "vileplume", "url": "https://pokeapi.co/api/v2/pokemon/45/"}, {"name": "paras", "url": "https://pokeapi.co/api/v2/pokemon/46/"}, {"name": "parasect", "url": "https://pokeapi.co/api/v2/pokemon/47/"}, {"name": "venonat", "url": "https://pokeapi.co/api/v2/pokemon/48/"}, {"name": "venomoth", "url": "https://pokeapi.co/api/v2/pokemon/49/"}, {"name": "diglett", "url": "https://pokeapi.co/api/v2/pokemon/50/"}, {"name": "dugtrio", "url": "https://pokeapi.co/api/v2/pokemon/51/"}, {"name": "meowth", "url": "https://pokeapi.co/api/v2/pokemon/52/"}, {"name": "persian", "url": "https://pokeapi.co/api/v2/pokemon/53/"}, {"name": "psyduck", "url": "https://pokeapi.co/api/v2/pokemon/54/"}, {"name": "golduck", "url": "https://pokeapi.co/api/v2/pokemon/55/"}, {"name": "mankey", "url": "https://pokeapi.co/api/v2/pokemon/56/"}, {"name": "primeape", "url": "https://pokeapi.co/api/v2/pokemon/57/"}, {"name": "growlithe", "url": "https://pokeapi.co/api/v2/pokemon/58/"}, {"name": "arcanine", "url": "https://pokeapi.co/api/v2/pokemon/59/"}, {"name": "poliwag", "url": "https://pokeapi.co/api/v2/pokemon/60/"}, {"name": "poliwhirl", "url": "https://pokeapi.co/api/v2/pokemon/61/"}, {"name": "poliwrath", "url": "https://pokeapi.co/api/v2/pokemon/62/"}, {"name": "abra", "url": "https://pokeapi.co/api/v2/pokemon/63/"}, {"name": "kadabra", "url": "https://pokeapi.co/api/v2/pokemon/64/"}, {"name": "alakazam", "url": "https://pokeapi.co/api/v2/pokemon/65/"}, {"name": "machop", "url": "https://pokeapi.co/api/v2/pokemon/66/"}, {"name": "machoke", "url": "https://pokeapi.co/api/v2/pokemon/67/"}, {"name": "machamp", "url": "https://pokeapi.co/api/v2/pokemon/68/"}, {"name": "bellsprout", "url": "https://pokeapi.co/api/v2/pokemon/69/"}, {"name": "weepinbell", "url": "https://pokeapi.co/api/v2/pokemon/70/"}, {"name": "victreebel", "url": "https://pokeapi.co/api/v2/pokemon/71/"}, {"name": "tentacool", "url": "https://pokeapi.co/api/v2/pokemon/72/"}, {"name": "tentacruel", "url": "https://pokeapi.co/api/v2/pokemon/73/"}, {"name": "geodude", "url": "https://pokeapi.co/api/v2/pokemon/74/"}, {"name": "graveler", "url": "https://pokeapi.co/api/v2/pokemon/75/"}, {"name": "golem", "url": "https://pokeapi.co/api/v2/pokemon/76/"}, {"name": "ponyta", "url": "https://pokeapi.co/api/v2/pokemon/77/"}, {"name": "rapidash", "url": "https://pokeapi.co/api/v2/pokemon/78/"}, {"name": "slowpoke", "url": "https://pokeapi.co/api/v2/pokemon/79/"}, {"name": "slowbro", "url": "https://pokeapi.co/api/v2/pokemon/80/"}, {"name": "magnemite", "url": "https://pokeapi.co/api/v2/pokemon/81/"}, {"name": "magneton", "url": "https://pokeapi.co/api/v2/pokemon/82/"}, {"name": "farfetchd", "url": "https://pokeapi.co/api/v2/pokemon/83/"}, {"name": "doduo", "url": "https://pokeapi.co/api/v2/pokemon/84/"}, {"name": "dodrio", "url": "https://pokeapi.co/api/v2/pokemon/85/"}, {"name": "seel", "url": "https://pokeapi.co/api/v2/pokemon/86/"}, {"name": "dewgong", "url": "https://pokeapi.co/api/v2/pokemon/87/"}, {"name": "grimer", "url": "https://pokeapi.co/api/v2/pokemon/88/"}, {"name": "muk", "url": "https://pokeapi.co/api/v2/pokemon/89/"}, {"name": "shellder", "url": "https://pokeapi.co/api/v2/pokemon/90/"}, {"name": "cloyster", "url": "https://pokeapi.co/api/v2/pokemon/91/"}, {"name": "gastly", "url": "https://pokeapi.co/api/v2/pokemon/92/"}, {"name": "haunter", "url": "https://pokeapi.co/api/v2/pokemon/93/"}, {"name": "gengar", "url": "https://pokeapi.co/api/v2/pokemon/94/"}, {"name": "onix", "url": "https://pokeapi.co/api/v2/pokemon/95/"}, {"name": "drowzee", "url": "https://pokeapi.co/api/v2/pokemon/96/"}, {"name": "hypno", "url": "https://pokeapi.co/api/v2/pokemon/97/"}, {"name": "krabby", "url": "https://pokeapi.co/api/v2/pokemon/98/"}, {"name": "kingler", "url": "https://pokeapi.co/api/v2/pokemon/99/"}, {"name": "voltorb", "url": "https://pokeapi.co/api/v2/pokemon/100/"}, {"name": "electrode", "url": "https://pokeapi.co/api/v2/pokemon/101/"}, {"name": "exeggcute", "url": "https://pokeapi.co/api/v2/pokemon/102/"}, {"name": "exeggutor", "url": "https://pokeapi.co/api/v2/pokemon/103/"}, {"name": "cubone", "url": "https://pokeapi.co/api/v2/pokemon/104/"}, {"name": "marowak", "url": "https://pokeapi.co/api/v2/pokemon/105/"}, {"name": "hitmonlee", "url": "https://pokeapi.co/api/v2/pokemon/106/"}, {"name": "hitmonchan", "url": "https://pokeapi.co/api/v2/pokemon/107/"}, {"name": "lickitung", "url": "https://pokeapi.co/api/v2/pokemon/108/"}, {"name": "koffing", "url": "https://pokeapi.co/api/v2/pokemon/109/"}, {"name": "weezing", "url": "https://pokeapi.co/api/v2/pokemon/110/"}, {"name": "rhyhorn", "url": "https://pokeapi.co/api/v2/pokemon/111/"}, {"name": "rhydon", "url": "https://pokeapi.co/api/v2/pokemon/112/"}, {"name": "chansey", "url": "https://pokeapi.co/api/v2/pokemon/113/"}, {"name": "tangela", "url": "https://pokeapi.co/api/v2/pokemon/114/"}, {"name": "kangaskhan", "url": "https://pokeapi.co/api/v2/pokemon/115/"}, {"name": "horsea", "url": "https://pokeapi.co/api/v2/pokemon/116/"}, {"name": "seadra", "url": "https://pokeapi.co/api/v2/pokemon/117/"}, {"name": "goldeen", "url": "https://pokeapi.co/api/v2/pokemon/118/"}, {"name": "seaking", "url": "https://pokeapi.co/api/v2/pokemon/119/"}, {"name": "staryu", "url": "https://pokeapi.co/api/v2/pokemon/120/"}, {"name": "starmie", "url": "https://pokeapi.co/api/v2/pokemon/121/"}, {"name": "mr-mime", "url": "https://pokeapi.co/api/v2/pokemon/122/"}, {"name": "scyther", "url": "https://pokeapi.co/api/v2/pokemon/123/"}, {"name": "jynx", "url": "https://pokeapi.co/api/v2/pokemon/124/"}, {"name": "electabuzz", "url": "https://pokeapi.co/api/v2/pokemon/125/"}, {"name": "magmar", "url": "https://pokeapi.co/api/v2/pokemon/126/"}, {"name": "pinsir", "url": "https://pokeapi.co/api/v2/pokemon/127/"}, {"name": "tauros", "url": "https://pokeapi.co/api/v2/pokemon/128/"}, {"name": "gyarados", "url": "https://pokeapi.co/api/v2/pokemon/130/"}, {"name": "lapras", "url": "https://pokeapi.co/api/v2/pokemon/131/"}, {"name": "eevee", "url": "https://pokeapi.co/api/v2/pokemon/133/"}, {"name": "vaporeon", "url": "https://pokeapi.co/api/v2/pokemon/134/"}, {"name": "jolteon", "url": "https://pokeapi.co/api/v2/pokemon/135/"}, {"name": "flareon", "url": "https://pokeapi.co/api/v2/pokemon/136/"}, {"name": "porygon", "url": "https://pokeapi.co/api/v2/pokemon/137/"}, {"name": "omanyte", "url": "https://pokeapi.co/api/v2/pokemon/138/"}, {"name": "omastar", "url": "https://pokeapi.co/api/v2/pokemon/139/"}, {"name": "kabuto", "url": "https://pokeapi.co/api/v2/pokemon/140/"}, {"name": "kabutops", "url": "https://pokeapi.co/api/v2/pokemon/141/"}, {"name": "aerodactyl", "url": "https://pokeapi.co/api/v2/pokemon/142/"}, {"name": "snorlax", "url": "https://pokeapi.co/api/v2/pokemon/143/"}, {"name": "articuno", "url": "https://pokeapi.co/api/v2/pokemon/144/"}, {"name": "zapdos", "url": "https://pokeapi.co/api/v2/pokemon/145/"}, {"name": "moltres", "url": "https://pokeapi.co/api/v2/pokemon/146/"}, {"name": "dratini", "url": "https://pokeapi.co/api/v2/pokemon/147/"}, {"name": "dragonair", "url": "https://pokeapi.co/api/v2/pokemon/148/"}, {"name": "dragonite", "url": "https://pokeapi.co/api/v2/pokemon/149/"}, {"name": "mewtwo", "url": "https://pokeapi.co/api/v2/pokemon/150/"}, {"name": "mew", "url": "https://pokeapi.co/api/v2/pokemon/151/"}, {"name": "chikorita", "url": "https://pokeapi.co/api/v2/pokemon/152/"}, {"name": "bayleef", "url": "https://pokeapi.co/api/v2/pokemon/153/"}, {"name": "meganium", "url": "https://pokeapi.co/api/v2/pokemon/154/"}, {"name": "cyndaquil", "url": "https://pokeapi.co/api/v2/pokemon/155/"}, {"name": "quilava", "url": "https://pokeapi.co/api/v2/pokemon/156/"}, {"name": "typhlosion", "url": "https://pokeapi.co/api/v2/pokemon/157/"}, {"name": "totodile", "url": "https://pokeapi.co/api/v2/pokemon/158/"}, {"name": "croconaw", "url": "https://pokeapi.co/api/v2/pokemon/159/"}, {"name": "feraligatr", "url": "https://pokeapi.co/api/v2/pokemon/160/"}, {"name": "sentret", "url": "https://pokeapi.co/api/v2/pokemon/161/"}, {"name": "furret", "url": "https://pokeapi.co/api/v2/pokemon/162/"}, {"name": "hoothoot", "url": "https://pokeapi.co/api/v2/pokemon/163/"}, {"name": "noctowl", "url": "https://pokeapi.co/api/v2/pokemon/164/"}, {"name": "ledyba", "url": "https://pokeapi.co/api/v2/pokemon/165/"}, {"name": "ledian", "url": "https://pokeapi.co/api/v2/pokemon/166/"}, {"name": "spinarak", "url": "https://pokeapi.co/api/v2/pokemon/167/"}, {"name": "ariados", "url": "https://pokeapi.co/api/v2/pokemon/168/"}, {"name": "crobat", "url": "https://pokeapi.co/api/v2/pokemon/169/"}, {"name": "chinchou", "url": "https://pokeapi.co/api/v2/pokemon/170/"}, {"name": "lanturn", "url": "https://pokeapi.co/api/v2/pokemon/171/"}, {"name": "pichu", "url": "https://pokeapi.co/api/v2/pokemon/172/"}, {"name": "cleffa", "url": "https://pokeapi.co/api/v2/pokemon/173/"}, {"name": "igglybuff", "url": "https://pokeapi.co/api/v2/pokemon/174/"}, {"name": "togepi", "url": "https://pokeapi.co/api/v2/pokemon/175/"}, {"name": "togetic", "url": "https://pokeapi.co/api/v2/pokemon/176/"}, {"name": "natu", "url": "https://pokeapi.co/api/v2/pokemon/177/"}, {"name": "xatu", "url": "https://pokeapi.co/api/v2/pokemon/178/"}, {"name": "mareep", "url": "https://pokeapi.co/api/v2/pokemon/179/"}, {"name": "flaaffy", "url": "https://pokeapi.co/api/v2/pokemon/180/"}, {"name": "ampharos", "url": "https://pokeapi.co/api/v2/pokemon/181/"}, {"name": "bellossom", "url": "https://pokeapi.co/api/v2/pokemon/182/"}, {"name": "marill", "url": "https://pokeapi.co/api/v2/pokemon/183/"}, {"name": "azumarill", "url": "https://pokeapi.co/api/v2/pokemon/184/"}, {"name": "sudowoodo", "url": "https://pokeapi.co/api/v2/pokemon/185/"}, {"name": "politoed", "url": "https://pokeapi.co/api/v2/pokemon/186/"}, {"name": "hoppip", "url": "https://pokeapi.co/api/v2/pokemon/187/"}, {"name": "skiploom", "url": "https://pokeapi.co/api/v2/pokemon/188/"}, {"name": "jumpluff", "url": "https://pokeapi.co/api/v2/pokemon/189/"}, {"name": "aipom", "url": "https://pokeapi.co/api/v2/pokemon/190/"}, {"name": "sunkern", "url": "https://pokeapi.co/api/v2/pokemon/191/"}, {"name": "sunflora", "url": "https://pokeapi.co/api/v2/pokemon/192/"}, {"name": "yanma", "url": "https://pokeapi.co/api/v2/pokemon/193/"}, {"name": "wooper", "url": "https://pokeapi.co/api/v2/pokemon/194/"}, {"name": "quagsire", "url": "https://pokeapi.co/api/v2/pokemon/195/"}, {"name": "espeon", "url": "https://pokeapi.co/api/v2/pokemon/196/"}, {"name": "umbreon", "url": "https://pokeapi.co/api/v2/pokemon/197/"}, {"name": "murkrow", "url": "https://pokeapi.co/api/v2/pokemon/198/"}, {"name": "slowking", "url": "https://pokeapi.co/api/v2/pokemon/199/"}, {"name": "misdreavus", "url": "https://pokeapi.co/api/v2/pokemon/200/"}, {"name": "girafarig", "url": "https://pokeapi.co/api/v2/pokemon/203/"}, {"name": "pineco", "url": "https://pokeapi.co/api/v2/pokemon/204/"}, {"name": "forretress", "url": "https://pokeapi.co/api/v2/pokemon/205/"}, {"name": "dunsparce", "url": "https://pokeapi.co/api/v2/pokemon/206/"}, {"name": "gligar", "url": "https://pokeapi.co/api/v2/pokemon/207/"}, {"name": "steelix", "url": "https://pokeapi.co/api/v2/pokemon/208/"}, {"name": "snubbull", "url": "https://pokeapi.co/api/v2/pokemon/209/"}, {"name": "granbull", "url": "https://pokeapi.co/api/v2/pokemon/210/"}, {"name": "qwilfish", "url": "https://pokeapi.co/api/v2/pokemon/211/"}, {"name": "scizor", "url": "https://pokeapi.co/api/v2/pokemon/212/"}, {"name": "shuckle", "url": "https://pokeapi.co/api/v2/pokemon/213/"}, {"name": "heracross", "url": "https://pokeapi.co/api/v2/pokemon/214/"}, {"name": "sneasel", "url": "https://pokeapi.co/api/v2/pokemon/215/"}, {"name": "teddiursa", "url": "https://pokeapi.co/api/v2/pokemon/216/"}, {"name": "ursaring", "url": "https://pokeapi.co/api/v2/pokemon/217/"}, {"name": "slugma", "url": "https://pokeapi.co/api/v2/pokemon/218/"}, {"name": "magcargo", "url": "https://pokeapi.co/api/v2/pokemon/219/"}, {"name": "swinub", "url": "https://pokeapi.co/api/v2/pokemon/220/"}, {"name": "piloswine", "url": "https://pokeapi.co/api/v2/pokemon/221/"}, {"name": "corsola", "url": "https://pokeapi.co/api/v2/pokemon/222/"}, {"name": "remoraid", "url": "https://pokeapi.co/api/v2/pokemon/223/"}, {"name": "octillery", "url": "https://pokeapi.co/api/v2/pokemon/224/"}, {"name": "delibird", "url": "https://pokeapi.co/api/v2/pokemon/225/"}, {"name": "mantine", "url": "https://pokeapi.co/api/v2/pokemon/226/"}, {"name": "skarmory", "url": "https://pokeapi.co/api/v2/pokemon/227/"}, {"name": "houndour", "url": "https://pokeapi.co/api/v2/pokemon/228/"}, {"name": "houndoom", "url": "https://pokeapi.co/api/v2/pokemon/229/"}, {"name": "kingdra", "url": "https://pokeapi.co/api/v2/pokemon/230/"}, {"name": "phanpy", "url": "https://pokeapi.co/api/v2/pokemon/231/"}, {"name": "donphan", "url": "https://pokeapi.co/api/v2/pokemon/232/"}, {"name": "porygon2", "url": "https://pokeapi.co/api/v2/pokemon/233/"}, {"name": "stantler", "url": "https://pokeapi.co/api/v2/pokemon/234/"}, {"name": "tyrogue", "url": "https://pokeapi.co/api/v2/pokemon/236/"}, {"name": "hitmontop", "url": "https://pokeapi.co/api/v2/pokemon/237/"}, {"name": "smoochum", "url": "https://pokeapi.co/api/v2/pokemon/238/"}, {"name": "elekid", "url": "https://pokeapi.co/api/v2/pokemon/239/"}, {"name": "magby", "url": "https://pokeapi.co/api/v2/pokemon/240/"}, {"name": "miltank", "url": "https://pokeapi.co/api/v2/pokemon/241/"}, {"name": "blissey", "url": "https://pokeapi.co/api/v2/pokemon/242/"}, {"name": "raikou", "url": "https://pokeapi.co/api/v2/pokemon/243/"}, {"name": "entei", "url": "https://pokeapi.co/api/v2/pokemon/244/"}, {"name": "suicune", "url": "https://pokeapi.co/api/v2/pokemon/245/"}, {"name": "larvitar", "url": "https://pokeapi.co/api/v2/pokemon/246/"}, {"name": "pupitar", "url": "https://pokeapi.co/api/v2/pokemon/247/"}, {"name": "tyranitar", "url": "https://pokeapi.co/api/v2/pokemon/248/"}, {"name": "lugia", "url": "https://pokeapi.co/api/v2/pokemon/249/"}, {"name": "ho-oh", "url": "https://pokeapi.co/api/v2/pokemon/250/"}, {"name": "celebi", "url": "https://pokeapi.co/api/v2/pokemon/251/"}, {"name": "treecko", "url": "https://pokeapi.co/api/v2/pokemon/252/"}, {"name": "grovyle", "url": "https://pokeapi.co/api/v2/pokemon/253/"}, {"name": "sceptile", "url": "https://pokeapi.co/api/v2/pokemon/254/"}, {"name": "torchic", "url": "https://pokeapi.co/api/v2/pokemon/255/"}, {"name": "combusken", "url": "https://pokeapi.co/api/v2/pokemon/256/"}, {"name": "blaziken", "url": "https://pokeapi.co/api/v2/pokemon/257/"}, {"name": "mudkip", "url": "https://pokeapi.co/api/v2/pokemon/258/"}, {"name": "marshtomp", "url": "https://pokeapi.co/api/v2/pokemon/259/"}, {"name": "swampert", "url": "https://pokeapi.co/api/v2/pokemon/260/"}, {"name": "poochyena", "url": "https://pokeapi.co/api/v2/pokemon/261/"}, {"name": "mightyena", "url": "https://pokeapi.co/api/v2/pokemon/262/"}, {"name": "zigzagoon", "url": "https://pokeapi.co/api/v2/pokemon/263/"}, {"name": "linoone", "url": "https://pokeapi.co/api/v2/pokemon/264/"}, {"name": "beautifly", "url": "https://pokeapi.co/api/v2/pokemon/267/"}, {"name": "dustox", "url": "https://pokeapi.co/api/v2/pokemon/269/"}, {"name": "lotad", "url": "https://pokeapi.co/api/v2/pokemon/270/"}, {"name": "lombre", "url": "https://pokeapi.co/api/v2/pokemon/271/"}, {"name": "ludicolo", "url": "https://pokeapi.co/api/v2/pokemon/272/"}, {"name": "seedot", "url": "https://pokeapi.co/api/v2/pokemon/273/"}, {"name": "nuzleaf", "url": "https://pokeapi.co/api/v2/pokemon/274/"}, {"name": "shiftry", "url": "https://pokeapi.co/api/v2/pokemon/275/"}, {"name": "taillow", "url": "https://pokeapi.co/api/v2/pokemon/276/"}, {"name": "swellow", "url": "https://pokeapi.co/api/v2/pokemon/277/"}, {"name": "wingull", "url": "https://pokeapi.co/api/v2/pokemon/278/"}, {"name": "pelipper", "url": "https://pokeapi.co/api/v2/pokemon/279/"}, {"name": "ralts", "url": "https://pokeapi.co/api/v2/pokemon/280/"}, {"name": "kirlia", "url": "https://pokeapi.co/api/v2/pokemon/281/"}, {"name": "gardevoir", "url": "https://pokeapi.co/api/v2/pokemon/282/"}, {"name": "surskit", "url": "https://pokeapi.co/api/v2/pokemon/283/"}, {"name": "masquerain", "url": "https://pokeapi.co/api/v2/pokemon/284/"}, {"name": "shroomish", "url": "https://pokeapi.co/api/v2/pokemon/285/"}, {"name": "breloom", "url": "https://pokeapi.co/api/v2/pokemon/286/"}, {"name": "slakoth", "url": "https://pokeapi.co/api/v2/pokemon/287/"}, {"name": "vigoroth", "url": "https://pokeapi.co/api/v2/pokemon/288/"}, {"name": "slaking", "url": "https://pokeapi.co/api/v2/pokemon/289/"}, {"name": "nincada", "url": "https://pokeapi.co/api/v2/pokemon/290/"}, {"name": "ninjask", "url": "https://pokeapi.co/api/v2/pokemon/291/"}, {"name": "shedinja", "url": "https://pokeapi.co/api/v2/pokemon/292/"}, {"name": "whismur", "url": "https://pokeapi.co/api/v2/pokemon/293/"}, {"name": "loudred", "url": "https://pokeapi.co/api/v2/pokemon/294/"}, {"name": "exploud", "url": "https://pokeapi.co/api/v2/pokemon/295/"}, {"name": "makuhita", "url": "https://pokeapi.co/api/v2/pokemon/296/"}, {"name": "hariyama", "url": "https://pokeapi.co/api/v2/pokemon/297/"}, {"name": "azurill", "url": "https://pokeapi.co/api/v2/pokemon/298/"}, {"name": "nosepass", "url": "https://pokeapi.co/api/v2/pokemon/299/"}, {"name": "skitty", "url": "https://pokeapi.co/api/v2/pokemon/300/"}, {"name": "delcatty", "url": "https://pokeapi.co/api/v2/pokemon/301/"}, {"name": "sableye", "url": "https://pokeapi.co/api/v2/pokemon/302/"}, {"name": "mawile", "url": "https://pokeapi.co/api/v2/pokemon/303/"}, {"name": "aron", "url": "https://pokeapi.co/api/v2/pokemon/304/"}, {"name": "lairon", "url": "https://pokeapi.co/api/v2/pokemon/305/"}, {"name": "aggron", "url": "https://pokeapi.co/api/v2/pokemon/306/"}, {"name": "meditite", "url": "https://pokeapi.co/api/v2/pokemon/307/"}, {"name": "medicham", "url": "https://pokeapi.co/api/v2/pokemon/308/"}, {"name": "electrike", "url": "https://pokeapi.co/api/v2/pokemon/309/"}, {"name": "manectric", "url": "https://pokeapi.co/api/v2/pokemon/310/"}, {"name": "plusle", "url": "https://pokeapi.co/api/v2/pokemon/311/"}, {"name": "minun", "url": "https://pokeapi.co/api/v2/pokemon/312/"}, {"name": "volbeat", "url": "https://pokeapi.co/api/v2/pokemon/313/"}, {"name": "illumise", "url": "https://pokeapi.co/api/v2/pokemon/314/"}, {"name": "roselia", "url": "https://pokeapi.co/api/v2/pokemon/315/"}, {"name": "gulpin", "url": "https://pokeapi.co/api/v2/pokemon/316/"}, {"name": "swalot", "url": "https://pokeapi.co/api/v2/pokemon/317/"}, {"name": "carvanha", "url": "https://pokeapi.co/api/v2/pokemon/318/"}, {"name": "sharpedo", "url": "https://pokeapi.co/api/v2/pokemon/319/"}, {"name": "wailmer", "url": "https://pokeapi.co/api/v2/pokemon/320/"}, {"name": "wailord", "url": "https://pokeapi.co/api/v2/pokemon/321/"}, {"name": "numel", "url": "https://pokeapi.co/api/v2/pokemon/322/"}, {"name": "camerupt", "url": "https://pokeapi.co/api/v2/pokemon/323/"}, {"name": "torkoal", "url": "https://pokeapi.co/api/v2/pokemon/324/"}, {"name": "spoink", "url": "https://pokeapi.co/api/v2/pokemon/325/"}, {"name": "grumpig", "url": "https://pokeapi.co/api/v2/pokemon/326/"}, {"name": "spinda", "url": "https://pokeapi.co/api/v2/pokemon/327/"}, {"name": "trapinch", "url": "https://pokeapi.co/api/v2/pokemon/328/"}, {"name": "vibrava", "url": "https://pokeapi.co/api/v2/pokemon/329/"}, {"name": "flygon", "url": "https://pokeapi.co/api/v2/pokemon/330/"}, {"name": "cacnea", "url": "https://pokeapi.co/api/v2/pokemon/331/"}, {"name": "cacturne", "url": "https://pokeapi.co/api/v2/pokemon/332/"}, {"name": "swablu", "url": "https://pokeapi.co/api/v2/pokemon/333/"}, {"name": "altaria", "url": "https://pokeapi.co/api/v2/pokemon/334/"}, {"name": "zangoose", "url": "https://pokeapi.co/api/v2/pokemon/335/"}, {"name": "seviper", "url": "https://pokeapi.co/api/v2/pokemon/336/"}, {"name": "lunatone", "url": "https://pokeapi.co/api/v2/pokemon/337/"}, {"name": "solrock", "url": "https://pokeapi.co/api/v2/pokemon/338/"}, {"name": "barboach", "url": "https://pokeapi.co/api/v2/pokemon/339/"}, {"name": "whiscash", "url": "https://pokeapi.co/api/v2/pokemon/340/"}, {"name": "corphish", "url": "https://pokeapi.co/api/v2/pokemon/341/"}, {"name": "crawdaunt", "url": "https://pokeapi.co/api/v2/pokemon/342/"}, {"name": "baltoy", "url": "https://pokeapi.co/api/v2/pokemon/343/"}, {"name": "claydol", "url": "https://pokeapi.co/api/v2/pokemon/344/"}, {"name": "lileep", "url": "https://pokeapi.co/api/v2/pokemon/345/"}, {"name": "cradily", "url": "https://pokeapi.co/api/v2/pokemon/346/"}, {"name": "anorith", "url": "https://pokeapi.co/api/v2/pokemon/347/"}, {"name": "armaldo", "url": "https://pokeapi.co/api/v2/pokemon/348/"}, {"name": "feebas", "url": "https://pokeapi.co/api/v2/pokemon/349/"}, {"name": "milotic", "url": "https://pokeapi.co/api/v2/pokemon/350/"}, {"name": "castform", "url": "https://pokeapi.co/api/v2/pokemon/351/"}, {"name": "kecleon", "url": "https://pokeapi.co/api/v2/pokemon/352/"}, {"name": "shuppet", "url": "https://pokeapi.co/api/v2/pokemon/353/"}, {"name": "banette", "url": "https://pokeapi.co/api/v2/pokemon/354/"}, {"name": "duskull", "url": "https://pokeapi.co/api/v2/pokemon/355/"}, {"name": "dusclops", "url": "https://pokeapi.co/api/v2/pokemon/356/"}, {"name": "tropius", "url": "https://pokeapi.co/api/v2/pokemon/357/"}, {"name": "chimecho", "url": "https://pokeapi.co/api/v2/pokemon/358/"}, {"name": "absol", "url": "https://pokeapi.co/api/v2/pokemon/359/"}, {"name": "snorunt", "url": "https://pokeapi.co/api/v2/pokemon/361/"}, {"name": "glalie", "url": "https://pokeapi.co/api/v2/pokemon/362/"}, {"name": "spheal", "url": "https://pokeapi.co/api/v2/pokemon/363/"}, {"name": "sealeo", "url": "https://pokeapi.co/api/v2/pokemon/364/"}, {"name": "walrein", "url": "https://pokeapi.co/api/v2/pokemon/365/"}, {"name": "clamperl", "url": "https://pokeapi.co/api/v2/pokemon/366/"}, {"name": "huntail", "url": "https://pokeapi.co/api/v2/pokemon/367/"}, {"name": "gorebyss", "url": "https://pokeapi.co/api/v2/pokemon/368/"}, {"name": "relicanth", "url": "https://pokeapi.co/api/v2/pokemon/369/"}, {"name": "luvdisc", "url": "https://pokeapi.co/api/v2/pokemon/370/"}, {"name": "bagon", "url": "https://pokeapi.co/api/v2/pokemon/371/"}, {"name": "shelgon", "url": "https://pokeapi.co/api/v2/pokemon/372/"}, {"name": "salamence", "url": "https://pokeapi.co/api/v2/pokemon/373/"}, {"name": "metang", "url": "https://pokeapi.co/api/v2/pokemon/375/"}, {"name": "metagross", "url": "https://pokeapi.co/api/v2/pokemon/376/"}, {"name": "regirock", "url": "https://pokeapi.co/api/v2/pokemon/377/"}, {"name": "regice", "url": "https://pokeapi.co/api/v2/pokemon/378/"}, {"name": "registeel", "url": "https://pokeapi.co/api/v2/pokemon/379/"}, {"name": "latias", "url": "https://pokeapi.co/api/v2/pokemon/380/"}, {"name": "latios", "url": "https://pokeapi.co/api/v2/pokemon/381/"}, {"name": "kyogre", "url": "https://pokeapi.co/api/v2/pokemon/382/"}, {"name": "groudon", "url": "https://pokeapi.co/api/v2/pokemon/383/"}, {"name": "rayquaza", "url": "https://pokeapi.co/api/v2/pokemon/384/"}, {"name": "jirachi", "url": "https://pokeapi.co/api/v2/pokemon/385/"}, {"name": "deoxys-normal", "url": "https://pokeapi.co/api/v2/pokemon/386/"}, {"name": "turtwig", "url": "https://pokeapi.co/api/v2/pokemon/387/"}, {"name": "grotle", "url": "https://pokeapi.co/api/v2/pokemon/388/"}, {"name": "torterra", "url": "https://pokeapi.co/api/v2/pokemon/389/"}, {"name": "chimchar", "url": "https://pokeapi.co/api/v2/pokemon/390/"}, {"name": "monferno", "url": "https://pokeapi.co/api/v2/pokemon/391/"}, {"name": "infernape", "url": "https://pokeapi.co/api/v2/pokemon/392/"}, {"name": "piplup", "url": "https://pokeapi.co/api/v2/pokemon/393/"}, {"name": "prinplup", "url": "https://pokeapi.co/api/v2/pokemon/394/"}, {"name": "empoleon", "url": "https://pokeapi.co/api/v2/pokemon/395/"}, {"name": "starly", "url": "https://pokeapi.co/api/v2/pokemon/396/"}, {"name": "staravia", "url": "https://pokeapi.co/api/v2/pokemon/397/"}, {"name": "staraptor", "url": "https://pokeapi.co/api/v2/pokemon/398/"}, {"name": "bidoof", "url": "https://pokeapi.co/api/v2/pokemon/399/"}, {"name": "bibarel", "url": "https://pokeapi.co/api/v2/pokemon/400/"}, {"name": "kricketune", "url": "https://pokeapi.co/api/v2/pokemon/402/"}, {"name": "shinx", "url": "https://pokeapi.co/api/v2/pokemon/403/"}, {"name": "luxio", "url": "https://pokeapi.co/api/v2/pokemon/404/"}, {"name": "luxray", "url": "https://pokeapi.co/api/v2/pokemon/405/"}, {"name": "budew", "url": "https://pokeapi.co/api/v2/pokemon/406/"}, {"name": "roserade", "url": "https://pokeapi.co/api/v2/pokemon/407/"}, {"name": "cranidos", "url": "https://pokeapi.co/api/v2/pokemon/408/"}, {"name": "rampardos", "url": "https://pokeapi.co/api/v2/pokemon/409/"}, {"name": "shieldon", "url": "https://pokeapi.co/api/v2/pokemon/410/"}, {"name": "bastiodon", "url": "https://pokeapi.co/api/v2/pokemon/411/"}, {"name": "wormadam-plant", "url": "https://pokeapi.co/api/v2/pokemon/413/"}, {"name": "mothim", "url": "https://pokeapi.co/api/v2/pokemon/414/"}, {"name": "vespiquen", "url": "https://pokeapi.co/api/v2/pokemon/416/"}, {"name": "pachirisu", "url": "https://pokeapi.co/api/v2/pokemon/417/"}, {"name": "buizel", "url": "https://pokeapi.co/api/v2/pokemon/418/"}, {"name": "floatzel", "url": "https://pokeapi.co/api/v2/pokemon/419/"}, {"name": "cherubi", "url": "https://pokeapi.co/api/v2/pokemon/420/"}, {"name": "cherrim", "url": "https://pokeapi.co/api/v2/pokemon/421/"}, {"name": "shellos", "url": "https://pokeapi.co/api/v2/pokemon/422/"}, {"name": "gastrodon", "url": "https://pokeapi.co/api/v2/pokemon/423/"}, {"name": "ambipom", "url": "https://pokeapi.co/api/v2/pokemon/424/"}, {"name": "drifloon", "url": "https://pokeapi.co/api/v2/pokemon/425/"}, {"name": "drifblim", "url": "https://pokeapi.co/api/v2/pokemon/426/"}, {"name": "buneary", "url": "https://pokeapi.co/api/v2/pokemon/427/"}, {"name": "lopunny", "url": "https://pokeapi.co/api/v2/pokemon/428/"}, {"name": "mismagius", "url": "https://pokeapi.co/api/v2/pokemon/429/"}, {"name": "honchkrow", "url": "https://pokeapi.co/api/v2/pokemon/430/"}, {"name": "glameow", "url": "https://pokeapi.co/api/v2/pokemon/431/"}, {"name": "purugly", "url": "https://pokeapi.co/api/v2/pokemon/432/"}, {"name": "chingling", "url": "https://pokeapi.co/api/v2/pokemon/433/"}, {"name": "stunky", "url": "https://pokeapi.co/api/v2/pokemon/434/"}, {"name": "skuntank", "url": "https://pokeapi.co/api/v2/pokemon/435/"}, {"name": "bronzor", "url": "https://pokeapi.co/api/v2/pokemon/436/"}, {"name": "bronzong", "url": "https://pokeapi.co/api/v2/pokemon/437/"}, {"name": "bonsly", "url": "https://pokeapi.co/api/v2/pokemon/438/"}, {"name": "mime-jr", "url": "https://pokeapi.co/api/v2/pokemon/439/"}, {"name": "happiny", "url": "https://pokeapi.co/api/v2/pokemon/440/"}, {"name": "chatot", "url": "https://pokeapi.co/api/v2/pokemon/441/"}, {"name": "spiritomb", "url": "https://pokeapi.co/api/v2/pokemon/442/"}, {"name": "gible", "url": "https://pokeapi.co/api/v2/pokemon/443/"}, {"name": "gabite", "url": "https://pokeapi.co/api/v2/pokemon/444/"}, {"name": "garchomp", "url": "https://pokeapi.co/api/v2/pokemon/445/"}, {"name": "munchlax", "url": "https://pokeapi.co/api/v2/pokemon/446/"}, {"name": "riolu", "url": "https://pokeapi.co/api/v2/pokemon/447/"}, {"name": "lucario", "url": "https://pokeapi.co/api/v2/pokemon/448/"}, {"name": "hippopotas", "url": "https://pokeapi.co/api/v2/pokemon/449/"}, {"name": "hippowdon", "url": "https://pokeapi.co/api/v2/pokemon/450/"}, {"name": "skorupi", "url": "https://pokeapi.co/api/v2/pokemon/451/"}, {"name": "drapion", "url": "https://pokeapi.co/api/v2/pokemon/452/"}, {"name": "croagunk", "url": "https://pokeapi.co/api/v2/pokemon/453/"}, {"name": "toxicroak", "url": "https://pokeapi.co/api/v2/pokemon/454/"}, {"name": "carnivine", "url": "https://pokeapi.co/api/v2/pokemon/455/"}, {"name": "finneon", "url": "https://pokeapi.co/api/v2/pokemon/456/"}, {"name": "lumineon", "url": "https://pokeapi.co/api/v2/pokemon/457/"}, {"name": "mantyke", "url": "https://pokeapi.co/api/v2/pokemon/458/"}, {"name": "snover", "url": "https://pokeapi.co/api/v2/pokemon/459/"}, {"name": "abomasnow", "url": "https://pokeapi.co/api/v2/pokemon/460/"}, {"name": "weavile", "url": "https://pokeapi.co/api/v2/pokemon/461/"}, {"name": "magnezone", "url": "https://pokeapi.co/api/v2/pokemon/462/"}, {"name": "lickilicky", "url": "https://pokeapi.co/api/v2/pokemon/463/"}, {"name": "rhyperior", "url": "https://pokeapi.co/api/v2/pokemon/464/"}, {"name": "tangrowth", "url": "https://pokeapi.co/api/v2/pokemon/465/"}, {"name": "electivire", "url": "https://pokeapi.co/api/v2/pokemon/466/"}, {"name": "magmortar", "url": "https://pokeapi.co/api/v2/pokemon/467/"}, {"name": "togekiss", "url": "https://pokeapi.co/api/v2/pokemon/468/"}, {"name": "yanmega", "url": "https://pokeapi.co/api/v2/pokemon/469/"}, {"name": "leafeon", "url": "https://pokeapi.co/api/v2/pokemon/470/"}, {"name": "glaceon", "url": "https://pokeapi.co/api/v2/pokemon/471/"}, {"name": "gliscor", "url": "https://pokeapi.co/api/v2/pokemon/472/"}, {"name": "mamoswine", "url": "https://pokeapi.co/api/v2/pokemon/473/"}, {"name": "porygon-z", "url": "https://pokeapi.co/api/v2/pokemon/474/"}, {"name": "gallade", "url": "https://pokeapi.co/api/v2/pokemon/475/"}, {"name": "probopass", "url": "https://pokeapi.co/api/v2/pokemon/476/"}, {"name": "dusknoir", "url": "https://pokeapi.co/api/v2/pokemon/477/"}, {"name": "froslass", "url": "https://pokeapi.co/api/v2/pokemon/478/"}, {"name": "rotom", "url": "https://pokeapi.co/api/v2/pokemon/479/"}, {"name": "uxie", "url": "https://pokeapi.co/api/v2/pokemon/480/"}, {"name": "mesprit", "url": "https://pokeapi.co/api/v2/pokemon/481/"}, {"name": "azelf", "url": "https://pokeapi.co/api/v2/pokemon/482/"}, {"name": "dialga", "url": "https://pokeapi.co/api/v2/pokemon/483/"}, {"name": "palkia", "url": "https://pokeapi.co/api/v2/pokemon/484/"}, {"name": "heatran", "url": "https://pokeapi.co/api/v2/pokemon/485/"}, {"name": "regigigas", "url": "https://pokeapi.co/api/v2/pokemon/486/"}, {"name": "giratina-altered", "url": "https://pokeapi.co/api/v2/pokemon/487/"}, {"name": "cresselia", "url": "https://pokeapi.co/api/v2/pokemon/488/"}, {"name": "phione", "url": "https://pokeapi.co/api/v2/pokemon/489/"}, {"name": "manaphy", "url": "https://pokeapi.co/api/v2/pokemon/490/"}, {"name": "darkrai", "url": "https://pokeapi.co/api/v2/pokemon/491/"}, {"name": "shaymin-land", "url": "https://pokeapi.co/api/v2/pokemon/492/"}, {"name": "arceus", "url": "https://pokeapi.co/api/v2/pokemon/493/"}, {"name": "snivy", "url": "https://pokeapi.co/api/v2/pokemon/495/"}, {"name": "pansage", "url": "https://pokeapi.co/api/v2/pokemon/511/"}, {"name": "pansear", "url": "https://pokeapi.co/api/v2/pokemon/513/"}, {"name": "panpour", "url": "https://pokeapi.co/api/v2/pokemon/515/"}, {"name": "cottonee", "url": "https://pokeapi.co/api/v2/pokemon/546/"}, {"name": "petilil", "url": "https://pokeapi.co/api/v2/pokemon/548/"}, {"name": "vanillite", "url": "https://pokeapi.co/api/v2/pokemon/582/"}, {"name": "deerling", "url": "https://pokeapi.co/api/v2/pokemon/585/"}, {"name": "fletchling", "url": "https://pokeapi.co/api/v2/pokemon/661/"}, {"name": "fletchinder", "url": "https://pokeapi.co/api/v2/pokemon/662/"}, {"name": "talonflame", "url": "https://pokeapi.co/api/v2/pokemon/663/"}, {"name": "dedenne", "url": "https://pokeapi.co/api/v2/pokemon/702/"}, {"name": "comfey", "url": "https://pokeapi.co/api/v2/pokemon/764/"}, {"name": "drampa", "url": "https://pokeapi.co/api/v2/pokemon/780/"}, {"name": "deoxys-attack", "url": "https://pokeapi.co/api/v2/pokemon/10001/"}, {"name": "deoxys-defense", "url": "https://pokeapi.co/api/v2/pokemon/10002/"}, {"name": "deoxys-speed", "url": "https://pokeapi.co/api/v2/pokemon/10003/"}, {"name": "wormadam-sandy", "url": "https://pokeapi.co/api/v2/pokemon/10004/"}, {"name": "wormadam-trash", "url": "https://pokeapi.co/api/v2/pokemon/10005/"}, {"name": "shaymin-sky", "url": "https://pokeapi.co/api/v2/pokemon/10006/"}, {"name": "giratina-origin", "url": "https://pokeapi.co/api/v2/pokemon/10007/"}, {"name": "rotom-heat", "url": "https://pokeapi.co/api/v2/pokemon/10008/"}, {"name": "rotom-wash", "url": "https://pokeapi.co/api/v2/pokemon/10009/"}, {"name": "rotom-frost", "url": "https://pokeapi.co/api/v2/pokemon/10010/"}, {"name": "rotom-fan", "url": "https://pokeapi.co/api/v2/pokemon/10011/"}, {"name": "rotom-mow", "url": "https://pokeapi.co/api/v2/pokemon/10012/"}, {"name": "castform-sunny", "url": "https://pokeapi.co/api/v2/pokemon/10013/"}, {"name": "castform-rainy", "url": "https://pokeapi.co/api/v2/pokemon/10014/"}, {"name": "castform-snowy", "url": "https://pokeapi.co/api/v2/pokemon/10015/"}, {"name": "altaria-mega", "url": "https://pokeapi.co/api/v2/pokemon/10067/"}], "machines": [{"machine": {"url": "https://pokeapi.co/api/v2/machine/1332/"}, "version_group": {"name": "diamond-pearl", "url": "https://pokeapi.co/api/v2/version-group/8/"}}, {"machine": {"url": "https://pokeapi.co/api/v2/machine/1333/"}, "version_group": {"name": "platinum", "url": "https://pokeapi.co/api/v2/version-group/9/"}}, {"machine": {"url": "https://pokeapi.co/api/v2/machine/1334/"}, "version_group": {"name": "heartgold-soulsilver", "url": "https://pokeapi.co/api/v2/version-group/10/"}}], "meta": {"ailment": {"name": "none", "url": "https://pokeapi.co/api/v2/move-ailment/0/"}, "ailment_chance": 0, "category": {"name": "damage", "url": "https://pokeapi.co/api/v2/move-category/0/"}, "crit_rate": 0, "drain": 0, "flinch_chance": 0, "healing": 0, "max_hits": null, "max_turns": null, "min_hits": null, "min_turns": null, "stat_chance": 0}, "name": "natural-gift", "names": [{"language": {"name": "ja-Hrkt", "url": "https://pokeapi.co/api/v2/language/1/"}, "name": "\u3057\u305c\u3093\u306e\u3081\u3050\u307f"}, {"language": {"name": "ko", "url": "https://pokeapi.co/api/v2/language/3/"}, "name": "\uc790\uc5f0\uc758\uc740\ud61c"}, {"language": {"name": "zh-Hant", "url": "https://pokeapi.co/api/v2/language/4/"}, "name": "\u81ea\u7136\u4e4b\u6069"}, {"language": {"name": "fr", "url": "https://pokeapi.co/api/v2/language/5/"}, "name": "Don Naturel"}, {"language": {"name": "de", "url": "https://pokeapi.co/api/v2/language/6/"}, "name": "Beerenkr\u00e4fte"}, {"language": {"name": "es", "url": "https://pokeapi.co/api/v2/language/7/"}, "name": "Don Natural"}, {"language": {"name": "it", "url": "https://pokeapi.co/api/v2/language/8/"}, "name": "Dononaturale"}, {"language": {"name": "en", "url": "https://pokeapi.co/api/v2/language/9/"}, "name": "Natural Gift"}, {"language": {"name": "ja", "url": "https://pokeapi.co/api/v2/language/11/"}, "name": "\u3057\u305c\u3093\u306e\u3081\u3050\u307f"}, {"language": {"name": "zh-Hans", "url": "https://pokeapi.co/api/v2/language/12/"}, "name": "\u81ea\u7136\u4e4b\u6069"}], "past_values": [], "power": null, "pp": 15, "priority": 0, "stat_changes": [], "super_contest_effect": {"url": "https://pokeapi.co/api/v2/super-contest-effect/18/"}, "target": {"name": "selected-pokemon", "url": "https://pokeapi.co/api/v2/move-target/10/"}, "type": {"name": "normal", "url": "https://pokeapi.co/api/v2/type/1/"}}