{"accuracy": 100, "contest_combos": {"normal": {"use_after": [{"name": "stockpile", "url": "https://pokeapi.co/api/v2/move/254/"}], "use_before": null}, "super": {"use_after": null, "use_before": null}}, "contest_effect": {"url": "https://pokeapi.co/api/v2/contest-effect/1/"}, "contest_type": {"name": "tough", "url": "https://pokeapi.co/api/v2/contest-type/5/"}, "damage_class": {"name": "special", "url": "https://pokeapi.co/api/v2/move-damage-class/3/"}, "effect_chance": null, "effect_changes": [], "effect_entries": [{"effect": "Inflicts regular damage.  Power is equal to 100 times the amount of energy stored by stockpile.  Ignores the random factor in the damage formula.  Stored energy is consumed, and the user\u2019s Defense and Special Defense are reset to what they would be if stockpile had not been used.  If the user has no energy stored, this move will fail.\n\nThis move cannot be copied by mirror move.", "language": {"name": "en", "url": "https://pokeapi.co/api/v2/language/9/"}, "short_effect": "Power is 100 times the amount of energy Stockpiled."}], "flavor_text_entries": [{"flavor_text": "Releases stockpiled power\n(the more the better).", "language": {"name": "en", "url": "https://pokeapi.co/api/v2/language/9/"}, "version_group": {"name": "ruby-sapphire", "url": "https://pokeapi.co/api/v2/version-group/5/"}}, {"flavor_text": "Releases stockpiled power\n(the more the better).", "language": {"name": "en", "url": "https://pokeapi.co/api/v2/language/9/"}, "version_group": {"name": "emerald", "url": "https://pokeapi.co/api/v2/version-group/6/"}}, {"flavor_text": "The power built\nusing STOCKPILE is\nreleased at once\nfor attack.", "language": {"name": "en", "url": "https://pokeapi.co/api/v2/language/9/"}, "version_group": {"name": "firered-leafgreen", "url": "https://pokeapi.co/api/v2/version-group/7/"}}, {"flavor_text": "The power stored\nusing the move\nStockpile is released\nat once in an attack.\n", "language": {"name": "en", "url": "https://pokeapi.co/api/v2/language/9/"}, "version_group": {"name": "diamond-pearl", "url": "https://pokeapi.co/api/v2/version-group/8/"}}, {"flavor_text": "The power stored\nusing the move\nStockpile is released\nat once in an attack.\n", "language": {"name": "en", "url": "https://pokeapi.co/api/v2/language/9/"}, "version_group": {"name": "platinum", "url": "https://pokeapi.co/api/v2/version-group/9/"}}, {"flavor_text": "The power stored\nusing the move\nStockpile is released\nat once in an attack.\n", "language": {"name": "en", "url": "https://pokeapi.co/api/v2/language/9/"}, "version_group": {"name": "heartgold-soulsilver", "url": "https://pokeapi.co/api/v2/version-group/10/"}}, {"flavor_text": "Lib\u00e8re dans une attaque la puissance\npr\u00e9c\u00e9demment accumul\u00e9e avec Stockage.", "language": {"name": "fr", "url": "https://pokeapi.co/api/v2/language/5/"}, "version_group": {"name": "black-white", "url": "https://pokeapi.co/api/v2/version-group/11/"}}, {"flavor_text": "The power stored using the move Stockpile\nis released at once in an attack. The more\npower is stored, the greater the damage.", "language": {"name": "en", "url": "https://pokeapi.co/api/v2/language/9/"}, "version_group": {"name": "black-white", "url": "https://pokeapi.co/api/v2/version-group/11/"}}, {"flavor_text": "The power stored using the move Stockpile\nis released at once in an attack. The more\npower is stored, the greater the damage.", "language": {"name": "en", "url": "https://pokeapi.co/api/v2/language/9/"}, "version_group": {"name": "black-2-white-2", "url": "https://pokeapi.co/api/v2/version-group/14/"}}, {"flavor_text": "\u305f\u304f\u308f\u3048\u305f\u3000\u3061\u304b\u3089\u3092\u3000\u3042\u3044\u3066\u306b\u3000\u3076\u3064\u3051\u3066\n\u3053\u3046\u3052\u304d\u3059\u308b\u3002\u305f\u304f\u308f\u3048\u3066\u3000\u3044\u308b\u307b\u3069\n\u3044\u308a\u3087\u304f\u304c\u3000\u3042\u304c\u308b\u3002", "language": {"name": "ja-Hrkt", "url": "https://pokeapi.co/api/v2/language/1/"}, "version_group": {"name": "x-y", "url": "https://pokeapi.co/api/v2/version-group/15/"}}, {"flavor_text": "\ube44\ucd95\ub41c \ud798\uc744\n\uc0c1\ub300\uc5d0\uac8c \ubd80\ub52a\uccd0\uc11c \uacf5\uaca9\ud55c\ub2e4.\n\ube44\ucd95\ub41c \ub9cc\ud07c \uc704\ub825\uc774 \uc62c\ub77c\uac04\ub2e4.", "language": {"name": "ko", "url": "https://pokeapi.co/api/v2/language/3/"}, "version_group": {"name": "x-y", "url": "https://pokeapi.co/api/v2/version-group/15/"}}, {"flavor_text": "Lib\u00e8re dans une attaque la puissance\npr\u00e9c\u00e9demment accumul\u00e9e avec Stockage.", "language": {"name": "fr", "url": "https://pokeapi.co/api/v2/language/5/"}, "version_group": {"name": "x-y", "url": "https://pokeapi.co/api/v2/version-group/15/"}}, {"flavor_text": "Entl\u00e4dt die Kraft, die w\u00e4hrend des Einsatzes\nvon Horter gesammelt wurde.", "language": {"name": "de", "url": "https://pokeapi.co/api/v2/language/6/"}, "version_group": {"name": "x-y", "url": "https://pokeapi.co/api/v2/version-group/15/"}}, {"flavor_text": "Libera de una vez la energ\u00eda acumulada con\nReserva.", "language": {"name": "es", "url": "https://pokeapi.co/api/v2/language/7/"}, "version_group": {"name": "x-y", "url": "https://pokeapi.co/api/v2/version-group/15/"}}, {"flavor_text": "Tutta l\u2019energia accumulata in precedenza\ncon Accumulo \u00e8 rilasciata nell\u2019attacco.\nMaggiore \u00e8 l\u2019energia, pi\u00f9 danni si arrecano.", "language": {"name": "it", "url": "https://pokeapi.co/api/v2/language/8/"}, "version_group": {"name": "x-y", "url": "https://pokeapi.co/api/v2/version-group/15/"}}, {"flavor_text": "The power stored using the move Stockpile\nis released at once in an attack. The more\npower is stored, the greater the move\u2019s power.", "language": {"name": "en", "url": "https://pokeapi.co/api/v2/language/9/"}, "version_group": {"name": "x-y", "url": "https://pokeapi.co/api/v2/version-group/15/"}}, {"flavor_text": "\u84c4\u3048\u305f\u3000\u529b\u3092\n\u76f8\u624b\u306b\u3000\u3076\u3064\u3051\u3066\u3000\u653b\u6483\u3059\u308b\u3002\n\u84c4\u3048\u3066\u3044\u308b\u307b\u3069\u3000\u5a01\u529b\u304c\u3000\u3042\u304c\u308b\u3002", "language": {"name": "ja", "url": "https://pokeapi.co/api/v2/language/11/"}, "version_group": {"name": "x-y", "url": "https://pokeapi.co/api/v2/version-group/15/"}}, {"flavor_text": "\u305f\u304f\u308f\u3048\u305f\u3000\u3061\u304b\u3089\u3092\u3000\u3042\u3044\u3066\u306b\u3000\u3076\u3064\u3051\u3066\n\u3053\u3046\u3052\u304d\u3059\u308b\u3002\u305f\u304f\u308f\u3048\u3066\u3000\u3044\u308b\u307b\u3069\n\u3044\u308a\u3087\u304f\u304c\u3000\u3042\u304c\u308b\u3002", "language": {"name": "ja-Hrkt", "url": "https://pokeapi.co/api/v2/language/1/"}, "version_group": {"name": "omega-ruby-alpha-sapphire", "url": "https://pokeapi.co/api/v2/version-group/16/"}}, {"flavor_text": "\ube44\ucd95\ub41c \ud798\uc744\n\uc0c1\ub300\uc5d0\uac8c \ubd80\ub52a\uccd0\uc11c \uacf5\uaca9\ud55c\ub2e4.\n\ube44\ucd95\ub41c \ub9cc\ud07c \uc704\ub825\uc774 \uc62c\ub77c\uac04\ub2e4.", "language": {"name": "ko", "url": "https://pokeapi.co/api/v2/language/3/"}, "version_group": {"name": "omega-ruby-alpha-sapphire", "url": "https://pokeapi.co/api/v2/version-group/16/"}}, {"flavor_text": "Lib\u00e8re dans une attaque la puissance\npr\u00e9c\u00e9demment accumul\u00e9e avec Stockage.", "language": {"name": "fr", "url": "https://pokeapi.co/api/v2/language/5/"}, "version_group": {"name": "omega-ruby-alpha-sapphire", "url": "https://pokeapi.co/api/v2/version-group/16/"}}, {"flavor_text": "Entl\u00e4dt die Kraft, die w\u00e4hrend des Einsatzes\nvon Horter gesammelt wurde.", "language": {"name": "de", "url": "https://pokeapi.co/api/v2/language/6/"}, "version_group": {"name": "omega-ruby-alpha-sapphire", "url": "https://pokeapi.co/api/v2/version-group/16/"}}, {"flavor_text": "Libera de una vez la energ\u00eda acumulada con \nReserva.", "language": {"name": "es", "url": "https://pokeapi.co/api/v2/language/7/"}, "version_group": {"name": "omega-ruby-alpha-sapphire", "url": "https://pokeapi.co/api/v2/version-group/16/"}}, {"flavor_text": "Tutta l\u2019energia accumulata in precedenza\ncon Accumulo \u00e8 rilasciata nell\u2019attacco.\nMaggiore \u00e8 l\u2019energia, pi\u00f9 danni si arrecano.", "language": {"name": "it", "url": "https://pokeapi.co/api/v2/language/8/"}, "version_group": {"name": "omega-ruby-alpha-sapphire", "url": "https://pokeapi.co/api/v2/version-group/16/"}}, {"flavor_text": "The power stored using the move Stockpile\nis released at once in an attack. The more\npower is stored, the greater the move\u2019s power.", "language": {"name": "en", "url": "https://pokeapi.co/api/v2/language/9/"}, "version_group": {"name": "omega-ruby-alpha-sapphire", "url": "https://pokeapi.co/api/v2/version-group/16/"}}, {"flavor_text": "\u84c4\u3048\u305f\u3000\u529b\u3092\n\u76f8\u624b\u306b\u3000\u3076\u3064\u3051\u3066\u3000\u653b\u6483\u3059\u308b\u3002\n\u84c4\u3048\u3066\u3044\u308b\u307b\u3069\u3000\u5a01\u529b\u304c\u3000\u3042\u304c\u308b\u3002", "language": {"name": "ja", "url": "https://pokeapi.co/api/v2/language/11/"}, "version_group": {"name": "omega-ruby-alpha-sapphire", "url": "https://pokeapi.co/api/v2/version-group/16/"}}, {"flavor_text": "\u305f\u304f\u308f\u3048\u305f\u3000\u3061\u304b\u3089\u3092\u3000\u3042\u3044\u3066\u306b\u3000\u3076\u3064\u3051\u3066\n\u3053\u3046\u3052\u304d\u3059\u308b\u3002\u305f\u304f\u308f\u3048\u3066\u3000\u3044\u308b\u307b\u3069\n\u3044\u308a\u3087\u304f\u304c\u3000\u3042\u304c\u308b\u3002", "language": {"name": "ja-Hrkt", "url": "https://pokeapi.co/api/v2/language/1/"}, "version_group": {"name": "sun-moon", "url": "https://pokeapi.co/api/v2/version-group/17/"}}, {"flavor_text": "\ube44\ucd95\ub41c \ud798\uc744\n\uc0c1\ub300\uc5d0\uac8c \ubd80\ub52a\uccd0\uc11c \uacf5\uaca9\ud55c\ub2e4.\n\ube44\ucd95\ub41c \ub9cc\ud07c \uc704\ub825\uc774 \uc62c\ub77c\uac04\ub2e4.", "language": {"name": "ko", "url": "https://pokeapi.co/api/v2/language/3/"}, "version_group": {"name": "sun-moon", "url": "https://pokeapi.co/api/v2/version-group/17/"}}, {"flavor_text": "\u5c07\u84c4\u7a4d\u7684\u529b\u91cf\n\u649e\u5411\u5c0d\u624b\u9032\u884c\u653b\u64ca\u3002\n\u84c4\u7a4d\u5f97\u8d8a\u591a\uff0c\u5a01\u529b\u8d8a\u5927\u3002", "language": {"name": "zh-Hant", "url": "https://pokeapi.co/api/v2/language/4/"}, "version_group": {"name": "sun-moon", "url": "https://pokeapi.co/api/v2/version-group/17/"}}, {"flavor_text": "Lib\u00e8re dans une attaque la puissance\npr\u00e9c\u00e9demment accumul\u00e9e avec Stockage.", "language": {"name": "fr", "url": "https://pokeapi.co/api/v2/language/5/"}, "version_group": {"name": "sun-moon", "url": "https://pokeapi.co/api/v2/version-group/17/"}}, {"flavor_text": "Entl\u00e4dt die Kraft, die w\u00e4hrend des Einsatzes von\nHorter gesammelt wurde. Je mehr Energie gehortet\nwurde, desto st\u00e4rker der Angriff.", "language": {"name": "de", "url": "https://pokeapi.co/api/v2/language/6/"}, "version_group": {"name": "sun-moon", "url": "https://pokeapi.co/api/v2/version-group/17/"}}, {"flavor_text": "Libera de una vez la energ\u00eda acumulada con Reserva.\nLa potencia del ataque ser\u00e1 proporcional a la\ncantidad de energ\u00eda acumulada.", "language": {"name": "es", "url": "https://pokeapi.co/api/v2/language/7/"}, "version_group": {"name": "sun-moon", "url": "https://pokeapi.co/api/v2/version-group/17/"}}, {"flavor_text": "Tutta l\u2019energia accumulata in precedenza\ncon Accumulo \u00e8 rilasciata nell\u2019attacco.\nMaggiore \u00e8 l\u2019energia, pi\u00f9 danni si arrecano.", "language": {"name": "it", "url": "https://pokeapi.co/api/v2/language/8/"}, "version_group": {"name": "sun-moon", "url": "https://pokeapi.co/api/v2/version-group/17/"}}, {"flavor_text": "The power stored using the move Stockpile is\nreleased at once in an attack. The more power\nis stored, the greater the move\u2019s power.", "language": {"name": "en", "url": "https://pokeapi.co/api/v2/language/9/"}, "version_group": {"name": "sun-moon", "url": "https://pokeapi.co/api/v2/version-group/17/"}}, {"flavor_text": "\u84c4\u3048\u305f\u3000\u529b\u3092\n\u76f8\u624b\u306b\u3000\u3076\u3064\u3051\u3066\u3000\u653b\u6483\u3059\u308b\u3002\n\u84c4\u3048\u3066\u3044\u308b\u307b\u3069\u3000\u5a01\u529b\u304c\u3000\u3042\u304c\u308b\u3002", "language": {"name": "ja", "url": "https://pokeapi.co/api/v2/language/11/"}, "version_group": {"name": "sun-moon", "url": "https://pokeapi.co/api/v2/version-group/17/"}}, {"flavor_text": "\u5c06\u79ef\u84c4\u7684\u529b\u91cf\n\u649e\u5411\u5bf9\u624b\u8fdb\u884c\u653b\u51fb\u3002\n\u79ef\u84c4\u5f97\u8d8a\u591a\uff0c\u5a01\u529b\u8d8a\u5927\u3002", "language": {"name": "zh-Hans", "url": "https://pokeapi.co/api/v2/language/12/"}, "version_group": {"name": "sun-moon", "url": "https://pokeapi.co/api/v2/version-group/17/"}}, {"flavor_text": "\u305f\u304f\u308f\u3048\u305f\u3000\u3061\u304b\u3089\u3092\u3000\u3042\u3044\u3066\u306b\u3000\u3076\u3064\u3051\u3066\n\u3053\u3046\u3052\u304d\u3059\u308b\u3002\u305f\u304f\u308f\u3048\u3066\u3000\u3044\u308b\u307b\u3069\n\u3044\u308a\u3087\u304f\u304c\u3000\u3042\u304c\u308b\u3002", "language": {"name": "ja-Hrkt", "url": "https://pokeapi.co/api/v2/language/1/"}, "version_group": {"name": "ultra-sun-ultra-moon", "url": "https://pokeapi.co/api/v2/version-group/18/"}}, {"flavor_text": "\ube44\ucd95\ub41c \ud798\uc744\n\uc0c1\ub300\uc5d0\uac8c \ubd80\ub52a\uccd0\uc11c \uacf5\uaca9\ud55c\ub2e4.\n\ube44\ucd95\ub41c \ub9cc\ud07c \uc704\ub825\uc774 \uc62c\ub77c\uac04\ub2e4.", "language": {"name": "ko", "url": "https://pokeapi.co/api/v2/language/3/"}, "version_group": {"name": "ultra-sun-ultra-moon", "url": "https://pokeapi.co/api/v2/version-group/18/"}}, {"flavor_text": "\u5c07\u84c4\u7a4d\u7684\u529b\u91cf\n\u649e\u5411\u5c0d\u624b\u9032\u884c\u653b\u64ca\u3002\n\u84c4\u7a4d\u5f97\u8d8a\u591a\uff0c\u5a01\u529b\u8d8a\u5927\u3002", "language": {"name": "zh-Hant", "url": "https://pokeapi.co/api/v2/language/4/"}, "version_group": {"name": "ultra-sun-ultra-moon", "url": "https://pokeapi.co/api/v2/version-group/18/"}}, {"flavor_text": "Lib\u00e8re dans une attaque la puissance\npr\u00e9c\u00e9demment accumul\u00e9e avec Stockage.", "language": {"name": "fr", "url": "https://pokeapi.co/api/v2/language/5/"}, "version_group": {"name": "ultra-sun-ultra-moon", "url": "https://pokeapi.co/api/v2/version-group/18/"}}, {"flavor_text": "Entl\u00e4dt die Kraft, die w\u00e4hrend des Einsatzes von\nHorter gesammelt wurde. Je mehr Energie gehortet\nwurde, desto st\u00e4rker der Angriff.", "language": {"name": "de", "url": "https://pokeapi.co/api/v2/language/6/"}, "version_group": {"name": "ultra-sun-ultra-moon", "url": "https://pokeapi.co/api/v2/version-group/18/"}}, {"flavor_text": "Libera de una vez la energ\u00eda acumulada con Reserva.\nLa potencia del ataque ser\u00e1 proporcional a la\ncantidad de energ\u00eda acumulada.", "language": {"name": "es", "url": "https://pokeapi.co/api/v2/language/7/"}, "version_group": {"name": "ultra-sun-ultra-moon", "url": "https://pokeapi.co/api/v2/version-group/18/"}}, {"flavor_text": "Tutta l\u2019energia accumulata in precedenza\ncon Accumulo \u00e8 rilasciata nell\u2019attacco.\nMaggiore \u00e8 l\u2019energia, pi\u00f9 danni si arrecano.", "language": {"name": "it", "url": "https://pokeapi.co/api/v2/language/8/"}, "version_group": {"name": "ultra-sun-ultra-moon", "url": "https://pokeapi.co/api/v2/version-group/18/"}}, {"flavor_text": "The power stored using the move Stockpile is\nreleased at once in an attack. The more power\nis stored, the greater the move\u2019s power.", "language": {"name": "en", "url": "https://pokeapi.co/api/v2/language/9/"}, "version_group": {"name": "ultra-sun-ultra-moon", "url": "https://pokeapi.co/api/v2/version-group/18/"}}, {"flavor_text": "\u84c4\u3048\u305f\u3000\u529b\u3092\n\u76f8\u624b\u306b\u3000\u3076\u3064\u3051\u3066\u3000\u653b\u6483\u3059\u308b\u3002\n\u84c4\u3048\u3066\u3044\u308b\u307b\u3069\u3000\u5a01\u529b\u304c\u3000\u3042\u304c\u308b\u3002", "language": {"name": "ja", "url": "https://pokeapi.co/api/v2/language/11/"}, "version_group": {"name": "ultra-sun-ultra-moon", "url": "https://pokeapi.co/api/v2/version-group/18/"}}, {"flavor_text": "\u5c06\u79ef\u84c4\u7684\u529b\u91cf\n\u649e\u5411\u5bf9\u624b\u8fdb\u884c\u653b\u51fb\u3002\n\u79ef\u84c4\u5f97\u8d8a\u591a\uff0c\u5a01\u529b\u8d8a\u5927\u3002", "language": {"name": "zh-Hans", "url": "https://pokeapi.co/api/v2/language/12/"}, "version_group": {"name": "ultra-sun-ultra-moon", "url": "https://pokeapi.co/api/v2/version-group/18/"}}, {"flavor_text": "\u305f\u304f\u308f\u3048\u305f\u3000\u3061\u304b\u3089\u3092\u3000\u3042\u3044\u3066\u306b\u3000\u3076\u3064\u3051\u3066\n\u3053\u3046\u3052\u304d\u3059\u308b\u3002\u305f\u304f\u308f\u3048\u3066\u3000\u3044\u308b\u307b\u3069\n\u3044\u308a\u3087\u304f\u304c\u3000\u3042\u304c\u308b\u3002", "language": {"name": "ja-Hrkt", "url": "https://pokeapi.co/api/v2/language/1/"}, "version_group": {"name": "lets-go-pikachu-lets-go-eevee", "url": "https://pokeapi.co/api/v2/version-group/19/"}}, {"flavor_text": "\ube44\ucd95\ub41c \ud798\uc744\n\uc0c1\ub300\uc5d0\uac8c \ubd80\ub52a\uccd0\uc11c \uacf5\uaca9\ud55c\ub2e4.\n\ube44\ucd95\ub41c \ub9cc\ud07c \uc704\ub825\uc774 \uc62c\ub77c\uac04\ub2e4.", "language": {"name": "ko", "url": "https://pokeapi.co/api/v2/language/3/"}, "version_group": {"name": "lets-go-pikachu-lets-go-eevee", "url": "https://pokeapi.co/api/v2/version-group/19/"}}, {"flavor_text": "\u5c07\u84c4\u7a4d\u7684\u529b\u91cf\n\u649e\u5411\u5c0d\u624b\u9032\u884c\u653b\u64ca\u3002\n\u84c4\u7a4d\u5f97\u8d8a\u591a\uff0c\u5a01\u529b\u8d8a\u5927\u3002", "language": {"name": "zh-Hant", "url": "https://pokeapi.co/api/v2/language/4/"}, "version_group": {"name": "lets-go-pikachu-lets-go-eevee", "url": "https://pokeapi.co/api/v2/version-group/19/"}}, {"flavor_text": "Lib\u00e8re dans une attaque la puissance\npr\u00e9c\u00e9demment accumul\u00e9e avec Stockage.", "language": {"name": "fr", "url": "https://pokeapi.co/api/v2/language/5/"}, "version_group": {"name": "lets-go-pikachu-lets-go-eevee", "url": "https://pokeapi.co/api/v2/version-group/19/"}}, {"flavor_text": "Entl\u00e4dt die Kraft, die w\u00e4hrend des Einsatzes von\nHorter gesammelt wurde. Je mehr Energie gehortet\nwurde, desto st\u00e4rker der Angriff.", "language": {"name": "de", "url": "https://pokeapi.co/api/v2/language/6/"}, "version_group": {"name": "lets-go-pikachu-lets-go-eevee", "url": "https://pokeapi.co/api/v2/version-group/19/"}}, {"flavor_text": "Libera de una vez la energ\u00eda acumulada con Reserva.\nLa potencia del ataque ser\u00e1 proporcional a la\ncantidad de energ\u00eda acumulada.", "language": {"name": "es", "url": "https://pokeapi.co/api/v2/language/7/"}, "version_group": {"name": "lets-go-pikachu-lets-go-eevee", "url": "https://pokeapi.co/api/v2/version-group/19/"}}, {"flavor_text": "Tutta l\u2019energia accumulata in precedenza\ncon Accumulo \u00e8 rilasciata nell\u2019attacco.\nMaggiore \u00e8 l\u2019energia, pi\u00f9 danni si arrecano.", "language": {"name": "it", "url": "https://pokeapi.co/api/v2/language/8/"}, "version_group": {"name": "lets-go-pikachu-lets-go-eevee", "url": "https://pokeapi.co/api/v2/version-group/19/"}}, {"flavor_text": "The power stored using the move Stockpile is\nreleased at once in an attack. The more power\nis stored, the greater the move\u2019s power.", "language": {"name": "en", "url": "https://pokeapi.co/api/v2/language/9/"}, "version_group": {"name": "lets-go-pikachu-lets-go-eevee", "url": "https://pokeapi.co/api/v2/version-group/19/"}}, {"flavor_text": "\u84c4\u3048\u305f\u3000\u529b\u3092\n\u76f8\u624b\u306b\u3000\u3076\u3064\u3051\u3066\u3000\u653b\u6483\u3059\u308b\u3002\n\u84c4\u3048\u3066\u3044\u308b\u307b\u3069\u3000\u5a01\u529b\u304c\u3000\u3042\u304c\u308b\u3002", "language": {"name": "ja", "url": "https://pokeapi.co/api/v2/language/11/"}, "version_group": {"name": "lets-go-pikachu-lets-go-eevee", "url": "https://pokeapi.co/api/v2/version-group/19/"}}, {"flavor_text": "\u5c06\u79ef\u84c4\u7684\u529b\u91cf\n\u649e\u5411\u5bf9\u624b\u8fdb\u884c\u653b\u51fb\u3002\n\u79ef\u84c4\u5f97\u8d8a\u591a\uff0c\u5a01\u529b\u8d8a\u5927\u3002", "language": {"name": "zh-Hans", "url": "https://pokeapi.co/api/v2/language/12/"}, "version_group": {"name": "lets-go-pikachu-lets-go-eevee", "url": "https://pokeapi.co/api/v2/version-group/19/"}}, {"flavor_text": "\u305f\u304f\u308f\u3048\u305f\u3000\u3061\u304b\u3089\u3092\u3000\u3042\u3044\u3066\u306b\u3000\u3076\u3064\u3051\u3066\n\u3053\u3046\u3052\u304d\u3059\u308b\u3002\u305f\u304f\u308f\u3048\u3066\u3000\u3044\u308b\u307b\u3069\n\u3044\u308a\u3087\u304f\u304c\u3000\u3042\u304c\u308b\u3002", "language": {"name": "ja-Hrkt", "url": "https://pokeapi.co/api/v2/language/1/"}, "version_group": {"name": "sword-shield", "url": "https://pokeapi.co/api/v2/version-group/20/"}}, {"flavor_text": "\ube44\ucd95\ub41c \ud798\uc744\n\uc0c1\ub300\uc5d0\uac8c \ubd80\ub52a\uccd0\uc11c \uacf5\uaca9\ud55c\ub2e4.\n\ube44\ucd95\ub41c \ub9cc\ud07c \uc704\ub825\uc774 \uc62c\ub77c\uac04\ub2e4.", "language": {"name": "ko", "url": "https://pokeapi.co/api/v2/language/3/"}, "version_group": {"name": "sword-shield", "url": "https://pokeapi.co/api/v2/version-group/20/"}}, {"flavor_text": "\u5c07\u84c4\u7a4d\u7684\u529b\u91cf\n\u649e\u5411\u5c0d\u624b\u9032\u884c\u653b\u64ca\u3002\n\u84c4\u7a4d\u5f97\u8d8a\u591a\uff0c\u5a01\u529b\u8d8a\u5927\u3002", "language": {"name": "zh-Hant", "url": "https://pokeapi.co/api/v2/language/4/"}, "version_group": {"name": "sword-shield", "url": "https://pokeapi.co/api/v2/version-group/20/"}}, {"flavor_text": "Lib\u00e8re dans une attaque la puissance pr\u00e9c\u00e9demment\naccumul\u00e9e avec Stockage.", "language": {"name": "fr", "url": "https://pokeapi.co/api/v2/language/5/"}, "version_group": {"name": "sword-shield", "url": "https://pokeapi.co/api/v2/version-group/20/"}}, {"flavor_text": "Entl\u00e4dt die Kraft, die w\u00e4hrend des Einsatzes von Horter\ngesammelt wurde. Je mehr Energie gehortet wurde,\ndesto st\u00e4rker der Angriff.", "language": {"name": "de", "url": "https://pokeapi.co/api/v2/language/6/"}, "version_group": {"name": "sword-shield", "url": "https://pokeapi.co/api/v2/version-group/20/"}}, {"flavor_text": "Libera de una vez la energ\u00eda acumulada con Reserva.\nLa potencia del ataque ser\u00e1 proporcional a la cantidad\nde energ\u00eda acumulada.", "language": {"name": "es", "url": "https://pokeapi.co/api/v2/language/7/"}, "version_group": {"name": "sword-shield", "url": "https://pokeapi.co/api/v2/version-group/20/"}}, {"flavor_text": "Tutta l\u2019energia accumulata in precedenza\ncon Accumulo \u00e8 rilasciata nell\u2019attacco.\nMaggiore \u00e8 l\u2019energia, pi\u00f9 danni si arrecano.", "language": {"name": "it", "url": "https://pokeapi.co/api/v2/language/8/"}, "version_group": {"name": "sword-shield", "url": "https://pokeapi.co/api/v2/version-group/20/"}}, {"flavor_text": "The power stored using the move Stockpile is\nreleased at once in an attack. The more power\nis stored, the greater the move\u2019s power.", "language": {"name": "en", "url": "https://pokeapi.co/api/v2/language/9/"}, "version_group": {"name": "sword-shield", "url": "https://pokeapi.co/api/v2/version-group/20/"}}, {"flavor_text": "\u84c4\u3048\u305f\u3000\u529b\u3092\n\u76f8\u624b\u306b\u3000\u3076\u3064\u3051\u3066\u3000\u653b\u6483\u3059\u308b\u3002\n\u84c4\u3048\u3066\u3044\u308b\u307b\u3069\u3000\u5a01\u529b\u304c\u3000\u3042\u304c\u308b\u3002", "language": {"name": "ja", "url": "https://pokeapi.co/api/v2/language/11/"}, "version_group": {"name": "sword-shield", "url": "https://pokeapi.co/api/v2/version-group/20/"}}, {"flavor_text": "\u5c06\u79ef\u84c4\u7684\u529b\u91cf\n\u649e\u5411\u5bf9\u624b\u8fdb\u884c\u653b\u51fb\u3002\n\u79ef\u84c4\u5f97\u8d8a\u591a\uff0c\u5a01\u529b\u8d8a\u5927\u3002", "language": {"name": "zh-Hans", "url": "https://pokeapi.co/api/v2/language/12/"}, "version_group": {"name": "sword-shield", "url": "https://pokeapi.co/api/v2/version-group/20/"}}, {"flavor_text": "The power stored using the move Stockpile is released at once in an attack. The more power is stored, the greater the move's power.", "language": {"name": "en", "url": "https://pokeapi.co/api/v2/language/9/"}, "version_group": {"name": "legends-arceus", "url": "https://pokeapi.co/api/v2/version-group/24/"}}, {"flavor_text": "The power stored using the move Stockpile is released at once in an attack. The more power is stored, the greater the move's power.", "language": {"name": "en", "url": "https://pokeapi.co/api/v2/language/9/"}, "version_group": {"name": "scarlet-violet", "url": "https://pokeapi.co/api/v2/version-group/25/"}}], "generation": {"name": "generation-iii", "url": "https://pokeapi.co/api/v2/generation/3/"}, "id": 255, "learned_by_pokemon": [{"name": "ekans", "url": "https://pokeapi.co/api/v2/pokemon/23/"}, {"name": "arbok", "url": "https://pokeapi.co/api/v2/pokemon/24/"}, {"name": "jigglypuff", "url": "https://pokeapi.co/api/v2/pokemon/39/"}, {"name": "wigglytuff", "url": "https://pokeapi.co/api/v2/pokemon/40/"}, {"name": "victreebel", "url": "https://pokeapi.co/api/v2/pokemon/71/"}, {"name": "seel", "url": "https://pokeapi.co/api/v2/pokemon/86/"}, {"name": "dewgong", "url": "https://pokeapi.co/api/v2/pokemon/87/"}, {"name": "grimer", "url": "https://pokeapi.co/api/v2/pokemon/88/"}, {"name": "koffing", "url": "https://pokeapi.co/api/v2/pokemon/109/"}, {"name": "lanturn", "url": "https://pokeapi.co/api/v2/pokemon/171/"}, {"name": "wooper", "url": "https://pokeapi.co/api/v2/pokemon/194/"}, {"name": "qwilfish", "url": "https://pokeapi.co/api/v2/pokemon/211/"}, {"name": "slugma", "url": "https://pokeapi.co/api/v2/pokemon/218/"}, {"name": "pelipper", "url": "https://pokeapi.co/api/v2/pokemon/279/"}, {"name": "mawile", "url": "https://pokeapi.co/api/v2/pokemon/303/"}, {"name": "gulpin", "url": "https://pokeapi.co/api/v2/pokemon/316/"}, {"name": "swalot", "url": "https://pokeapi.co/api/v2/pokemon/317/"}, {"name": "numel", "url": "https://pokeapi.co/api/v2/pokemon/322/"}, {"name": "seviper", "url": "https://pokeapi.co/api/v2/pokemon/336/"}, {"name": "lileep", "url": "https://pokeapi.co/api/v2/pokemon/345/"}, {"name": "cradily", "url": "https://pokeapi.co/api/v2/pokemon/346/"}, {"name": "spheal", "url": "https://pokeapi.co/api/v2/pokemon/363/"}, {"name": "turtwig", "url": "https://pokeapi.co/api/v2/pokemon/387/"}, {"name": "grotle", "url": "https://pokeapi.co/api/v2/pokemon/388/"}, {"name": "torterra", "url": "https://pokeapi.co/api/v2/pokemon/389/"}, {"name": "shellos", "url": "https://pokeapi.co/api/v2/pokemon/422/"}, {"name": "drifloon", "url": "https://pokeapi.co/api/v2/pokemon/425/"}, {"name": "drifblim", "url": "https://pokeapi.co/api/v2/pokemon/426/"}, {"name": "hippopotas", "url": "https://pokeapi.co/api/v2/pokemon/449/"}, {"name": "carnivine", "url": "https://pokeapi.co/api/v2/pokemon/455/"}, {"name": "heatmor", "url": "https://pokeapi.co/api/v2/pokemon/631/"}, {"name": "mareanie", "url": "https://pokeapi.co/api/v2/pokemon/747/"}, {"name": "dewpider", "url": "https://pokeapi.co/api/v2/pokemon/751/"}, {"name": "araquanid", "url": "https://pokeapi.co/api/v2/pokemon/752/"}, {"name": "sandygast", "url": "https://pokeapi.co/api/v2/pokemon/769/"}, {"name": "komala", "url": "https://pokeapi.co/api/v2/pokemon/775/"}, {"name": "skwovet", "url": "https://pokeapi.co/api/v2/pokemon/819/"}, {"name": "greedent", "url": "https://pokeapi.co/api/v2/pokemon/820/"}, {"name": "cramorant", "url": "https://pokeapi.co/api/v2/pokemon/845/"}, {"name": "overqwil", "url": "https://pokeapi.co/api/v2/pokemon/904/"}, {"name": "lechonk", "url": "https://pokeapi.co/api/v2/pokemon/915/"}, {"name": "wattrel", "url": "https://pokeapi.co/api/v2/pokemon/940/"}, {"name": "mawile-mega", "url": "https://pokeapi.co/api/v2/pokemon/10052/"}, {"name": "grimer-alola", "url": "https://pokeapi.co/api/v2/pokemon/10112/"}, {"name": "cramorant-gulping", "url": "https://pokeapi.co/api/v2/pokemon/10182/"}, {"name": "cramorant-gorging", "url": "https://pokeapi.co/api/v2/pokemon/10183/"}, {"name": "qwilfish-hisui", "url": "https://pokeapi.co/api/v2/pokemon/10234/"}, {"name": "wooper-paldea", "url": "https://pokeapi.co/api/v2/pokemon/10253/"}], "machines": [], "meta": {"ailment": {"name": "none", "url": "https://pokeapi.co/api/v2/move-ailment/0/"}, "ailment_chance": 0, "category": {"name": "damage", "url": "https://pokeapi.co/api/v2/move-category/0/"}, "crit_rate": 0, "drain": 0, "flinch_chance": 0, "healing": 0, "max_hits": null, "max_turns": null, "min_hits": null, "min_turns": null, "stat_chance": 0}, "name": "spit-up", "names": [{"language": {"name": "ja-Hrkt", "url": "https://pokeapi.co/api/v2/language/1/"}, "name": "\u306f\u304d\u3060\u3059"}, {"language": {"name": "ko", "url": "https://pokeapi.co/api/v2/language/3/"}, "name": "\ud1a0\ud574\ub0b4\uae30"}, {"language": {"name": "zh-Hant", "url": "https://pokeapi.co/api/v2/language/4/"}, "name": "\u5674\u51fa"}, {"language": {"name": "fr", "url": "https://pokeapi.co/api/v2/language/5/"}, "name": "Rel\u00e2che"}, {"language": {"name": "de", "url": "https://pokeapi.co/api/v2/language/6/"}, "name": "Entfessler"}, {"language": {"name": "es", "url": "https://pokeapi.co/api/v2/language/7/"}, "name": "Escupir"}, {"language": {"name": "it", "url": "https://pokeapi.co/api/v2/language/8/"}, "name": "Sfoghenergia"}, {"language": {"name": "en", "url": "https://pokeapi.co/api/v2/language/9/"}, "name": "Spit Up"}, {"language": {"name": "ja", "url": "https://pokeapi.co/api/v2/language/11/"}, "name": "\u306f\u304d\u3060\u3059"}, {"language": {"name": "zh-Hans", "url": "https://pokeapi.co/api/v2/language/12/"}, "name": "\u55b7\u51fa"}], "past_values": [], "power": null, "pp": 10, "priority": 0, "stat_changes": [], "super_contest_effect": {"url": "https://pokeapi.co/api/v2/super-contest-effect/18/"}, "target": {"name": "selected-pokemon", "url": "https://pokeapi.co/api/v2/move-target/10/"}, "type": {"name": "normal", "url": "https://pokeapi.co/api/v2/type/1/"}}