{"accuracy": 85, "contest_combos": {"normal": {"use_after": null, "use_before": [{"name": "metal-claw", "url": "https://pokeapi.co/api/v2/move/232/"}]}, "super": {"use_after": null, "use_before": null}}, "contest_effect": {"url": "https://pokeapi.co/api/v2/contest-effect/5/"}, "contest_type": {"name": "smart", "url": "https://pokeapi.co/api/v2/contest-type/4/"}, "damage_class": {"name": "status", "url": "https://pokeapi.co/api/v2/move-damage-class/1/"}, "effect_chance": null, "effect_changes": [], "effect_entries": [{"effect": "Lowers the target\u2019s Special Defense by two stages.", "language": {"name": "en", "url": "https://pokeapi.co/api/v2/language/9/"}, "short_effect": "Lowers the target\u2019s Special Defense by two stages."}], "flavor_text_entries": [{"flavor_text": "Emits a horrible screech\nthat sharply lowers SP. DEF.", "language": {"name": "en", "url": "https://pokeapi.co/api/v2/language/9/"}, "version_group": {"name": "ruby-sapphire", "url": "https://pokeapi.co/api/v2/version-group/5/"}}, {"flavor_text": "Emits a horrible screech\nthat sharply lowers SP. DEF.", "language": {"name": "en", "url": "https://pokeapi.co/api/v2/language/9/"}, "version_group": {"name": "emerald", "url": "https://pokeapi.co/api/v2/version-group/6/"}}, {"flavor_text": "A horrible metallic\nscreech is used to\nsharply lower the\nfoe\u2019s SP. DEF.", "language": {"name": "en", "url": "https://pokeapi.co/api/v2/language/9/"}, "version_group": {"name": "firered-leafgreen", "url": "https://pokeapi.co/api/v2/version-group/7/"}}, {"flavor_text": "A horrible sound like\nscraping metal is\nemitted to sharply\nreduce the foe\u2019s\nSp. Def stat.", "language": {"name": "en", "url": "https://pokeapi.co/api/v2/language/9/"}, "version_group": {"name": "diamond-pearl", "url": "https://pokeapi.co/api/v2/version-group/8/"}}, {"flavor_text": "A horrible sound like\nscraping metal is\nemitted to sharply\nreduce the foe\u2019s\nSp. Def stat.", "language": {"name": "en", "url": "https://pokeapi.co/api/v2/language/9/"}, "version_group": {"name": "platinum", "url": "https://pokeapi.co/api/v2/version-group/9/"}}, {"flavor_text": "A horrible sound like\nscraping metal is\nemitted to sharply\nreduce the foe\u2019s\nSp. Def stat.", "language": {"name": "en", "url": "https://pokeapi.co/api/v2/language/9/"}, "version_group": {"name": "heartgold-soulsilver", "url": "https://pokeapi.co/api/v2/version-group/10/"}}, {"flavor_text": "Un cri horrible tel un crissement\nm\u00e9tallique qui r\u00e9duit fortement\nla D\u00e9fense Sp\u00e9ciale de l\u2019ennemi.", "language": {"name": "fr", "url": "https://pokeapi.co/api/v2/language/5/"}, "version_group": {"name": "black-white", "url": "https://pokeapi.co/api/v2/version-group/11/"}}, {"flavor_text": "A horrible sound like scraping metal\nharshly reduces the target\u2019s\nSp. Def stat.", "language": {"name": "en", "url": "https://pokeapi.co/api/v2/language/9/"}, "version_group": {"name": "black-white", "url": "https://pokeapi.co/api/v2/version-group/11/"}}, {"flavor_text": "A horrible sound like scraping metal\nharshly reduces the target\u2019s\nSp. Def stat.", "language": {"name": "en", "url": "https://pokeapi.co/api/v2/language/9/"}, "version_group": {"name": "black-2-white-2", "url": "https://pokeapi.co/api/v2/version-group/14/"}}, {"flavor_text": "\u304d\u3093\u305e\u304f\u3092\u3000\u3053\u3059\u3063\u3066\u3000\u3067\u308b\u3088\u3046\u306a\n\u3044\u3084\u306a\u3000\u304a\u3068\u3092\u3000\u304d\u304b\u305b\u308b\u3002\n\u3042\u3044\u3066\u306e\u3000\u3068\u304f\u307c\u3046\u3092\u3000\u304c\u304f\u3063\u3068\u3000\u3055\u3052\u308b\u3002", "language": {"name": "ja-Hrkt", "url": "https://pokeapi.co/api/v2/language/1/"}, "version_group": {"name": "x-y", "url": "https://pokeapi.co/api/v2/version-group/15/"}}, {"flavor_text": "\uae08\uc18d\uc744 \uae01\uc744 \ub54c \ub098\ub294 \ub4ef\ud55c\n\uc2eb\uc740 \uc18c\ub9ac\ub97c \ub4e4\ub824\uc900\ub2e4.\n\uc0c1\ub300\uc758 \ud2b9\uc218\ubc29\uc5b4\ub97c \ud06c\uac8c \ub5a8\uc5b4\ub728\ub9b0\ub2e4.", "language": {"name": "ko", "url": "https://pokeapi.co/api/v2/language/3/"}, "version_group": {"name": "x-y", "url": "https://pokeapi.co/api/v2/version-group/15/"}}, {"flavor_text": "Un cri horrible tel un crissement m\u00e9tallique qui\nr\u00e9duit fortement la D\u00e9fense Sp\u00e9ciale de l\u2019ennemi.", "language": {"name": "fr", "url": "https://pokeapi.co/api/v2/language/5/"}, "version_group": {"name": "x-y", "url": "https://pokeapi.co/api/v2/version-group/15/"}}, {"flavor_text": "St\u00f6\u00dft einen spitzen Schrei aus, der die\nSpezial-Verteidigung des Zieles stark senkt.", "language": {"name": "de", "url": "https://pokeapi.co/api/v2/language/6/"}, "version_group": {"name": "x-y", "url": "https://pokeapi.co/api/v2/version-group/15/"}}, {"flavor_text": "Horrible chirrido met\u00e1lico que baja mucho la\nDefensa Especial del objetivo.", "language": {"name": "es", "url": "https://pokeapi.co/api/v2/language/7/"}, "version_group": {"name": "x-y", "url": "https://pokeapi.co/api/v2/version-group/15/"}}, {"flavor_text": "Orribile stridio, simile a quello prodotto dal\nmetallo, che riduce di molto la Difesa Speciale\ndel bersaglio.", "language": {"name": "it", "url": "https://pokeapi.co/api/v2/language/8/"}, "version_group": {"name": "x-y", "url": "https://pokeapi.co/api/v2/version-group/15/"}}, {"flavor_text": "A horrible sound like scraping metal\nharshly lowers the target\u2019s\nSp. Def stat.", "language": {"name": "en", "url": "https://pokeapi.co/api/v2/language/9/"}, "version_group": {"name": "x-y", "url": "https://pokeapi.co/api/v2/version-group/15/"}}, {"flavor_text": "\u91d1\u5c5e\u3092\u3000\u3053\u3059\u3063\u3066\u3000\u3067\u308b\u3088\u3046\u306a\n\u3044\u3084\u306a\u3000\u97f3\u3092\u3000\u805e\u304b\u305b\u308b\u3002\n\u76f8\u624b\u306e\u3000\u7279\u9632\u3092\u3000\u304c\u304f\u3063\u3068\u3000\u3055\u3052\u308b\u3002", "language": {"name": "ja", "url": "https://pokeapi.co/api/v2/language/11/"}, "version_group": {"name": "x-y", "url": "https://pokeapi.co/api/v2/version-group/15/"}}, {"flavor_text": "\u304d\u3093\u305e\u304f\u3092\u3000\u3053\u3059\u3063\u3066\u3000\u3067\u308b\u3088\u3046\u306a\n\u3044\u3084\u306a\u3000\u304a\u3068\u3092\u3000\u304d\u304b\u305b\u308b\u3002\n\u3042\u3044\u3066\u306e\u3000\u3068\u304f\u307c\u3046\u3092\u3000\u304c\u304f\u3063\u3068\u3000\u3055\u3052\u308b\u3002", "language": {"name": "ja-Hrkt", "url": "https://pokeapi.co/api/v2/language/1/"}, "version_group": {"name": "omega-ruby-alpha-sapphire", "url": "https://pokeapi.co/api/v2/version-group/16/"}}, {"flavor_text": "\uae08\uc18d\uc744 \uae01\uc744 \ub54c \ub098\ub294 \ub4ef\ud55c\n\uc2eb\uc740 \uc18c\ub9ac\ub97c \ub4e4\ub824\uc900\ub2e4.\n\uc0c1\ub300\uc758 \ud2b9\uc218\ubc29\uc5b4\ub97c \ud06c\uac8c \ub5a8\uc5b4\ub728\ub9b0\ub2e4.", "language": {"name": "ko", "url": "https://pokeapi.co/api/v2/language/3/"}, "version_group": {"name": "omega-ruby-alpha-sapphire", "url": "https://pokeapi.co/api/v2/version-group/16/"}}, {"flavor_text": "Un cri horrible tel un crissement m\u00e9tallique qui\nr\u00e9duit fortement la D\u00e9fense Sp\u00e9ciale de l\u2019ennemi.", "language": {"name": "fr", "url": "https://pokeapi.co/api/v2/language/5/"}, "version_group": {"name": "omega-ruby-alpha-sapphire", "url": "https://pokeapi.co/api/v2/version-group/16/"}}, {"flavor_text": "St\u00f6\u00dft einen spitzen Schrei aus, der die\nSpezial-Verteidigung des Zieles stark senkt.", "language": {"name": "de", "url": "https://pokeapi.co/api/v2/language/6/"}, "version_group": {"name": "omega-ruby-alpha-sapphire", "url": "https://pokeapi.co/api/v2/version-group/16/"}}, {"flavor_text": "Horrible chirrido met\u00e1lico que baja mucho la \nDefensa Especial del objetivo.", "language": {"name": "es", "url": "https://pokeapi.co/api/v2/language/7/"}, "version_group": {"name": "omega-ruby-alpha-sapphire", "url": "https://pokeapi.co/api/v2/version-group/16/"}}, {"flavor_text": "Orribile stridio, simile a quello prodotto dal\nmetallo, che riduce di molto la Difesa Speciale\ndel bersaglio.", "language": {"name": "it", "url": "https://pokeapi.co/api/v2/language/8/"}, "version_group": {"name": "omega-ruby-alpha-sapphire", "url": "https://pokeapi.co/api/v2/version-group/16/"}}, {"flavor_text": "A horrible sound like scraping metal\nharshly lowers the target\u2019s\nSp. Def stat.", "language": {"name": "en", "url": "https://pokeapi.co/api/v2/language/9/"}, "version_group": {"name": "omega-ruby-alpha-sapphire", "url": "https://pokeapi.co/api/v2/version-group/16/"}}, {"flavor_text": "\u91d1\u5c5e\u3092\u3000\u3053\u3059\u3063\u3066\u3000\u3067\u308b\u3088\u3046\u306a\n\u3044\u3084\u306a\u3000\u97f3\u3092\u3000\u805e\u304b\u305b\u308b\u3002\n\u76f8\u624b\u306e\u3000\u7279\u9632\u3092\u3000\u304c\u304f\u3063\u3068\u3000\u3055\u3052\u308b\u3002", "language": {"name": "ja", "url": "https://pokeapi.co/api/v2/language/11/"}, "version_group": {"name": "omega-ruby-alpha-sapphire", "url": "https://pokeapi.co/api/v2/version-group/16/"}}, {"flavor_text": "\u304d\u3093\u305e\u304f\u3092\u3000\u3053\u3059\u3063\u3066\u3000\u3067\u308b\u3088\u3046\u306a\n\u3044\u3084\u306a\u3000\u304a\u3068\u3092\u3000\u304d\u304b\u305b\u308b\u3002\n\u3042\u3044\u3066\u306e\u3000\u3068\u304f\u307c\u3046\u3092\u3000\u304c\u304f\u3063\u3068\u3000\u3055\u3052\u308b\u3002", "language": {"name": "ja-Hrkt", "url": "https://pokeapi.co/api/v2/language/1/"}, "version_group": {"name": "sun-moon", "url": "https://pokeapi.co/api/v2/version-group/17/"}}, {"flavor_text": "\uae08\uc18d\uc744 \uae01\uc744 \ub54c \ub098\ub294 \ub4ef\ud55c\n\uc2eb\uc740 \uc18c\ub9ac\ub97c \ub4e4\ub824\uc900\ub2e4.\n\uc0c1\ub300\uc758 \ud2b9\uc218\ubc29\uc5b4\ub97c \ud06c\uac8c \ub5a8\uc5b4\ub728\ub9b0\ub2e4.", "language": {"name": "ko", "url": "https://pokeapi.co/api/v2/language/3/"}, "version_group": {"name": "sun-moon", "url": "https://pokeapi.co/api/v2/version-group/17/"}}, {"flavor_text": "\u8b93\u5c0d\u624b\u807d\u5982\u540c\u91d1\u5c6c\u6469\u64e6\u822c\n\u7684\u523a\u8033\u8072\u3002\n\u5927\u5e45\u964d\u4f4e\u5c0d\u624b\u7684\u7279\u9632\u3002", "language": {"name": "zh-Hant", "url": "https://pokeapi.co/api/v2/language/4/"}, "version_group": {"name": "sun-moon", "url": "https://pokeapi.co/api/v2/version-group/17/"}}, {"flavor_text": "Un cri horrible tel un crissement m\u00e9tallique qui\nr\u00e9duit beaucoup la D\u00e9fense Sp\u00e9ciale de l\u2019ennemi.", "language": {"name": "fr", "url": "https://pokeapi.co/api/v2/language/5/"}, "version_group": {"name": "sun-moon", "url": "https://pokeapi.co/api/v2/version-group/17/"}}, {"flavor_text": "St\u00f6\u00dft einen spitzen Schrei aus, der die\nSpezial-Verteidigung des Zieles stark senkt.", "language": {"name": "de", "url": "https://pokeapi.co/api/v2/language/6/"}, "version_group": {"name": "sun-moon", "url": "https://pokeapi.co/api/v2/version-group/17/"}}, {"flavor_text": "Horrible chirrido met\u00e1lico que baja mucho la \nDefensa Especial del objetivo.", "language": {"name": "es", "url": "https://pokeapi.co/api/v2/language/7/"}, "version_group": {"name": "sun-moon", "url": "https://pokeapi.co/api/v2/version-group/17/"}}, {"flavor_text": "Orribile stridio, simile a quello prodotto dal\nmetallo, che riduce di molto la Difesa Speciale\ndel bersaglio.", "language": {"name": "it", "url": "https://pokeapi.co/api/v2/language/8/"}, "version_group": {"name": "sun-moon", "url": "https://pokeapi.co/api/v2/version-group/17/"}}, {"flavor_text": "A horrible sound like scraping metal harshly lowers\nthe target\u2019s Sp. Def stat.", "language": {"name": "en", "url": "https://pokeapi.co/api/v2/language/9/"}, "version_group": {"name": "sun-moon", "url": "https://pokeapi.co/api/v2/version-group/17/"}}, {"flavor_text": "\u91d1\u5c5e\u3092\u3000\u3053\u3059\u3063\u3066\u3000\u3067\u308b\u3088\u3046\u306a\n\u3044\u3084\u306a\u3000\u97f3\u3092\u3000\u805e\u304b\u305b\u308b\u3002\n\u76f8\u624b\u306e\u3000\u7279\u9632\u3092\u3000\u304c\u304f\u3063\u3068\u3000\u3055\u3052\u308b\u3002", "language": {"name": "ja", "url": "https://pokeapi.co/api/v2/language/11/"}, "version_group": {"name": "sun-moon", "url": "https://pokeapi.co/api/v2/version-group/17/"}}, {"flavor_text": "\u8ba9\u5bf9\u624b\u542c\u6469\u64e6\u91d1\u5c5e\u822c\n\u8ba8\u538c\u7684\u58f0\u97f3\u3002\n\u5927\u5e45\u964d\u4f4e\u5bf9\u624b\u7684\u7279\u9632\u3002", "language": {"name": "zh-Hans", "url": "https://pokeapi.co/api/v2/language/12/"}, "version_group": {"name": "sun-moon", "url": "https://pokeapi.co/api/v2/version-group/17/"}}, {"flavor_text": "\u304d\u3093\u305e\u304f\u3092\u3000\u3053\u3059\u3063\u3066\u3000\u3067\u308b\u3088\u3046\u306a\n\u3044\u3084\u306a\u3000\u304a\u3068\u3092\u3000\u304d\u304b\u305b\u308b\u3002\n\u3042\u3044\u3066\u306e\u3000\u3068\u304f\u307c\u3046\u3092\u3000\u304c\u304f\u3063\u3068\u3000\u3055\u3052\u308b\u3002", "language": {"name": "ja-Hrkt", "url": "https://pokeapi.co/api/v2/language/1/"}, "version_group": {"name": "ultra-sun-ultra-moon", "url": "https://pokeapi.co/api/v2/version-group/18/"}}, {"flavor_text": "\uae08\uc18d\uc744 \uae01\uc744 \ub54c \ub098\ub294 \ub4ef\ud55c\n\uc2eb\uc740 \uc18c\ub9ac\ub97c \ub4e4\ub824\uc900\ub2e4.\n\uc0c1\ub300\uc758 \ud2b9\uc218\ubc29\uc5b4\ub97c \ud06c\uac8c \ub5a8\uc5b4\ub728\ub9b0\ub2e4.", "language": {"name": "ko", "url": "https://pokeapi.co/api/v2/language/3/"}, "version_group": {"name": "ultra-sun-ultra-moon", "url": "https://pokeapi.co/api/v2/version-group/18/"}}, {"flavor_text": "\u8b93\u5c0d\u624b\u807d\u5982\u540c\u91d1\u5c6c\u6469\u64e6\u822c\n\u7684\u523a\u8033\u8072\u3002\n\u5927\u5e45\u964d\u4f4e\u5c0d\u624b\u7684\u7279\u9632\u3002", "language": {"name": "zh-Hant", "url": "https://pokeapi.co/api/v2/language/4/"}, "version_group": {"name": "ultra-sun-ultra-moon", "url": "https://pokeapi.co/api/v2/version-group/18/"}}, {"flavor_text": "Un cri horrible tel un crissement m\u00e9tallique qui\nr\u00e9duit beaucoup la D\u00e9fense Sp\u00e9ciale de l\u2019ennemi.", "language": {"name": "fr", "url": "https://pokeapi.co/api/v2/language/5/"}, "version_group": {"name": "ultra-sun-ultra-moon", "url": "https://pokeapi.co/api/v2/version-group/18/"}}, {"flavor_text": "St\u00f6\u00dft einen spitzen Schrei aus, der die\nSpezial-Verteidigung des Zieles stark senkt.", "language": {"name": "de", "url": "https://pokeapi.co/api/v2/language/6/"}, "version_group": {"name": "ultra-sun-ultra-moon", "url": "https://pokeapi.co/api/v2/version-group/18/"}}, {"flavor_text": "Horrible chirrido met\u00e1lico que baja mucho la \nDefensa Especial del objetivo.", "language": {"name": "es", "url": "https://pokeapi.co/api/v2/language/7/"}, "version_group": {"name": "ultra-sun-ultra-moon", "url": "https://pokeapi.co/api/v2/version-group/18/"}}, {"flavor_text": "Orribile stridio, simile a quello prodotto dal\nmetallo, che riduce di molto la Difesa Speciale\ndel bersaglio.", "language": {"name": "it", "url": "https://pokeapi.co/api/v2/language/8/"}, "version_group": {"name": "ultra-sun-ultra-moon", "url": "https://pokeapi.co/api/v2/version-group/18/"}}, {"flavor_text": "A horrible sound like scraping metal harshly lowers\nthe target\u2019s Sp. Def stat.", "language": {"name": "en", "url": "https://pokeapi.co/api/v2/language/9/"}, "version_group": {"name": "ultra-sun-ultra-moon", "url": "https://pokeapi.co/api/v2/version-group/18/"}}, {"flavor_text": "\u91d1\u5c5e\u3092\u3000\u3053\u3059\u3063\u3066\u3000\u3067\u308b\u3088\u3046\u306a\n\u3044\u3084\u306a\u3000\u97f3\u3092\u3000\u805e\u304b\u305b\u308b\u3002\n\u76f8\u624b\u306e\u3000\u7279\u9632\u3092\u3000\u304c\u304f\u3063\u3068\u3000\u3055\u3052\u308b\u3002", "language": {"name": "ja", "url": "https://pokeapi.co/api/v2/language/11/"}, "version_group": {"name": "ultra-sun-ultra-moon", "url": "https://pokeapi.co/api/v2/version-group/18/"}}, {"flavor_text": "\u8ba9\u5bf9\u624b\u542c\u6469\u64e6\u91d1\u5c5e\u822c\n\u8ba8\u538c\u7684\u58f0\u97f3\u3002\n\u5927\u5e45\u964d\u4f4e\u5bf9\u624b\u7684\u7279\u9632\u3002", "language": {"name": "zh-Hans", "url": "https://pokeapi.co/api/v2/language/12/"}, "version_group": {"name": "ultra-sun-ultra-moon", "url": "https://pokeapi.co/api/v2/version-group/18/"}}, {"flavor_text": "\u304d\u3093\u305e\u304f\u3092\u3000\u3053\u3059\u3063\u3066\u3000\u3067\u308b\u3088\u3046\u306a\n\u3044\u3084\u306a\u3000\u304a\u3068\u3092\u3000\u304d\u304b\u305b\u308b\u3002\n\u3042\u3044\u3066\u306e\u3000\u3068\u304f\u307c\u3046\u3092\u3000\u304c\u304f\u3063\u3068\u3000\u3055\u3052\u308b\u3002", "language": {"name": "ja-Hrkt", "url": "https://pokeapi.co/api/v2/language/1/"}, "version_group": {"name": "lets-go-pikachu-lets-go-eevee", "url": "https://pokeapi.co/api/v2/version-group/19/"}}, {"flavor_text": "\uae08\uc18d\uc744 \uae01\uc744 \ub54c \ub098\ub294 \ub4ef\ud55c\n\uc2eb\uc740 \uc18c\ub9ac\ub97c \ub4e4\ub824\uc900\ub2e4.\n\uc0c1\ub300\uc758 \ud2b9\uc218\ubc29\uc5b4\ub97c \ud06c\uac8c \ub5a8\uc5b4\ub728\ub9b0\ub2e4.", "language": {"name": "ko", "url": "https://pokeapi.co/api/v2/language/3/"}, "version_group": {"name": "lets-go-pikachu-lets-go-eevee", "url": "https://pokeapi.co/api/v2/version-group/19/"}}, {"flavor_text": "\u8b93\u5c0d\u624b\u807d\u5982\u540c\u91d1\u5c6c\u6469\u64e6\u822c\n\u7684\u523a\u8033\u8072\u3002\n\u5927\u5e45\u964d\u4f4e\u5c0d\u624b\u7684\u7279\u9632\u3002", "language": {"name": "zh-Hant", "url": "https://pokeapi.co/api/v2/language/4/"}, "version_group": {"name": "lets-go-pikachu-lets-go-eevee", "url": "https://pokeapi.co/api/v2/version-group/19/"}}, {"flavor_text": "Un cri horrible tel un crissement m\u00e9tallique qui r\u00e9duit\nbeaucoup la D\u00e9fense Sp\u00e9ciale de l\u2019ennemi.", "language": {"name": "fr", "url": "https://pokeapi.co/api/v2/language/5/"}, "version_group": {"name": "lets-go-pikachu-lets-go-eevee", "url": "https://pokeapi.co/api/v2/version-group/19/"}}, {"flavor_text": "St\u00f6\u00dft einen spitzen Schrei aus, der die\nSpezial-Verteidigung des Zieles stark senkt.", "language": {"name": "de", "url": "https://pokeapi.co/api/v2/language/6/"}, "version_group": {"name": "lets-go-pikachu-lets-go-eevee", "url": "https://pokeapi.co/api/v2/version-group/19/"}}, {"flavor_text": "Horrible chirrido met\u00e1lico que baja mucho la \nDefensa Especial del objetivo.", "language": {"name": "es", "url": "https://pokeapi.co/api/v2/language/7/"}, "version_group": {"name": "lets-go-pikachu-lets-go-eevee", "url": "https://pokeapi.co/api/v2/version-group/19/"}}, {"flavor_text": "Orribile stridio, simile a quello prodotto dal\nmetallo, che riduce di molto la Difesa Speciale\ndel bersaglio.", "language": {"name": "it", "url": "https://pokeapi.co/api/v2/language/8/"}, "version_group": {"name": "lets-go-pikachu-lets-go-eevee", "url": "https://pokeapi.co/api/v2/version-group/19/"}}, {"flavor_text": "A horrible sound like scraping metal harshly lowers\nthe target\u2019s Sp. Def stat.", "language": {"name": "en", "url": "https://pokeapi.co/api/v2/language/9/"}, "version_group": {"name": "lets-go-pikachu-lets-go-eevee", "url": "https://pokeapi.co/api/v2/version-group/19/"}}, {"flavor_text": "\u91d1\u5c5e\u3092\u3000\u3053\u3059\u3063\u3066\u3000\u3067\u308b\u3088\u3046\u306a\n\u3044\u3084\u306a\u3000\u97f3\u3092\u3000\u805e\u304b\u305b\u308b\u3002\n\u76f8\u624b\u306e\u3000\u7279\u9632\u3092\u3000\u304c\u304f\u3063\u3068\u3000\u3055\u3052\u308b\u3002", "language": {"name": "ja", "url": "https://pokeapi.co/api/v2/language/11/"}, "version_group": {"name": "lets-go-pikachu-lets-go-eevee", "url": "https://pokeapi.co/api/v2/version-group/19/"}}, {"flavor_text": "\u8ba9\u5bf9\u624b\u542c\u6469\u64e6\u91d1\u5c5e\u822c\n\u8ba8\u538c\u7684\u58f0\u97f3\u3002\n\u5927\u5e45\u964d\u4f4e\u5bf9\u624b\u7684\u7279\u9632\u3002", "language": {"name": "zh-Hans", "url": "https://pokeapi.co/api/v2/language/12/"}, "version_group": {"name": "lets-go-pikachu-lets-go-eevee", "url": "https://pokeapi.co/api/v2/version-group/19/"}}, {"flavor_text": "\u304d\u3093\u305e\u304f\u3092\u3000\u3053\u3059\u3063\u3066\u3000\u3067\u308b\u3088\u3046\u306a\n\u3044\u3084\u306a\u3000\u304a\u3068\u3092\u3000\u304d\u304b\u305b\u308b\u3002\n\u3042\u3044\u3066\u306e\u3000\u3068\u304f\u307c\u3046\u3092\u3000\u304c\u304f\u3063\u3068\u3000\u3055\u3052\u308b\u3002", "language": {"name": "ja-Hrkt", "url": "https://pokeapi.co/api/v2/language/1/"}, "version_group": {"name": "sword-shield", "url": "https://pokeapi.co/api/v2/version-group/20/"}}, {"flavor_text": "\uae08\uc18d\uc744 \uae01\uc744 \ub54c \ub098\ub294 \ub4ef\ud55c\n\uc2eb\uc740 \uc18c\ub9ac\ub97c \ub4e4\ub824\uc900\ub2e4.\n\uc0c1\ub300\uc758 \ud2b9\uc218\ubc29\uc5b4\ub97c \ud06c\uac8c \ub5a8\uc5b4\ub728\ub9b0\ub2e4.", "language": {"name": "ko", "url": "https://pokeapi.co/api/v2/language/3/"}, "version_group": {"name": "sword-shield", "url": "https://pokeapi.co/api/v2/version-group/20/"}}, {"flavor_text": "\u8b93\u5c0d\u624b\u807d\u5982\u540c\u91d1\u5c6c\u6469\u64e6\u822c\n\u7684\u523a\u8033\u8072\u3002\n\u5927\u5e45\u964d\u4f4e\u5c0d\u624b\u7684\u7279\u9632\u3002", "language": {"name": "zh-Hant", "url": "https://pokeapi.co/api/v2/language/4/"}, "version_group": {"name": "sword-shield", "url": "https://pokeapi.co/api/v2/version-group/20/"}}, {"flavor_text": "Un cri horrible tel un crissement m\u00e9tallique qui\nr\u00e9duit beaucoup la D\u00e9fense Sp\u00e9ciale de l\u2019ennemi.", "language": {"name": "fr", "url": "https://pokeapi.co/api/v2/language/5/"}, "version_group": {"name": "sword-shield", "url": "https://pokeapi.co/api/v2/version-group/20/"}}, {"flavor_text": "St\u00f6\u00dft einen spitzen Schrei aus, der die\nSpezial-Verteidigung des Zieles stark senkt.", "language": {"name": "de", "url": "https://pokeapi.co/api/v2/language/6/"}, "version_group": {"name": "sword-shield", "url": "https://pokeapi.co/api/v2/version-group/20/"}}, {"flavor_text": "Horrible chirrido met\u00e1lico que baja mucho la Defensa\nEspecial del objetivo.", "language": {"name": "es", "url": "https://pokeapi.co/api/v2/language/7/"}, "version_group": {"name": "sword-shield", "url": "https://pokeapi.co/api/v2/version-group/20/"}}, {"flavor_text": "Orribile stridio, simile a quello prodotto dal\nmetallo, che riduce di molto la Difesa Speciale\ndel bersaglio.", "language": {"name": "it", "url": "https://pokeapi.co/api/v2/language/8/"}, "version_group": {"name": "sword-shield", "url": "https://pokeapi.co/api/v2/version-group/20/"}}, {"flavor_text": "A horrible sound like scraping metal harshly lowers\nthe target\u2019s Sp. Def stat.", "language": {"name": "en", "url": "https://pokeapi.co/api/v2/language/9/"}, "version_group": {"name": "sword-shield", "url": "https://pokeapi.co/api/v2/version-group/20/"}}, {"flavor_text": "\u91d1\u5c5e\u3092\u3000\u3053\u3059\u3063\u3066\u3000\u3067\u308b\u3088\u3046\u306a\n\u3044\u3084\u306a\u3000\u97f3\u3092\u3000\u805e\u304b\u305b\u308b\u3002\n\u76f8\u624b\u306e\u3000\u7279\u9632\u3092\u3000\u304c\u304f\u3063\u3068\u3000\u3055\u3052\u308b\u3002", "language": {"name": "ja", "url": "https://pokeapi.co/api/v2/language/11/"}, "version_group": {"name": "sword-shield", "url": "https://pokeapi.co/api/v2/version-group/20/"}}, {"flavor_text": "\u8ba9\u5bf9\u624b\u542c\u6469\u64e6\u91d1\u5c5e\u822c\n\u8ba8\u538c\u7684\u58f0\u97f3\u3002\n\u5927\u5e45\u964d\u4f4e\u5bf9\u624b\u7684\u7279\u9632\u3002", "language": {"name": "zh-Hans", "url": "https://pokeapi.co/api/v2/language/12/"}, "version_group": {"name": "sword-shield", "url": "https://pokeapi.co/api/v2/version-group/20/"}}, {"flavor_text": "A horrible sound like scraping metal harshly lowers the target's Sp. Def stat.", "language": {"name": "en", "url": "https://pokeapi.co/api/v2/language/9/"}, "version_group": {"name": "legends-arceus", "url": "https://pokeapi.co/api/v2/version-group/24/"}}, {"flavor_text": "A horrible sound like scraping metal harshly lowers the target's Sp. Def stat.", "language": {"name": "en", "url": "https://pokeapi.co/api/v2/language/9/"}, "version_group": {"name": "scarlet-violet", "url": "https://pokeapi.co/api/v2/version-group/25/"}}], "generation": {"name": "generation-iii", "url": "https://pokeapi.co/api/v2/generation/3/"}, "id": 319, "learned_by_pokemon": [{"name": "magnemite", "url": "https://pokeapi.co/api/v2/pokemon/81/"}, {"name": "magneton", "url": "https://pokeapi.co/api/v2/pokemon/82/"}, {"name": "voltorb", "url": "https://pokeapi.co/api/v2/pokemon/100/"}, {"name": "electrode", "url": "https://pokeapi.co/api/v2/pokemon/101/"}, {"name": "electabuzz", "url": "https://pokeapi.co/api/v2/pokemon/125/"}, {"name": "jolteon", "url": "https://pokeapi.co/api/v2/pokemon/135/"}, {"name": "kabuto", "url": "https://pokeapi.co/api/v2/pokemon/140/"}, {"name": "kabutops", "url": "https://pokeapi.co/api/v2/pokemon/141/"}, {"name": "zapdos", "url": "https://pokeapi.co/api/v2/pokemon/145/"}, {"name": "mew", "url": "https://pokeapi.co/api/v2/pokemon/151/"}, {"name": "forretress", "url": "https://pokeapi.co/api/v2/pokemon/205/"}, {"name": "skarmory", "url": "https://pokeapi.co/api/v2/pokemon/227/"}, {"name": "elekid", "url": "https://pokeapi.co/api/v2/pokemon/239/"}, {"name": "aron", "url": "https://pokeapi.co/api/v2/pokemon/304/"}, {"name": "lairon", "url": "https://pokeapi.co/api/v2/pokemon/305/"}, {"name": "aggron", "url": "https://pokeapi.co/api/v2/pokemon/306/"}, {"name": "registeel", "url": "https://pokeapi.co/api/v2/pokemon/379/"}, {"name": "jirachi", "url": "https://pokeapi.co/api/v2/pokemon/385/"}, {"name": "empoleon", "url": "https://pokeapi.co/api/v2/pokemon/395/"}, {"name": "shieldon", "url": "https://pokeapi.co/api/v2/pokemon/410/"}, {"name": "bastiodon", "url": "https://pokeapi.co/api/v2/pokemon/411/"}, {"name": "bronzor", "url": "https://pokeapi.co/api/v2/pokemon/436/"}, {"name": "bronzong", "url": "https://pokeapi.co/api/v2/pokemon/437/"}, {"name": "lucario", "url": "https://pokeapi.co/api/v2/pokemon/448/"}, {"name": "magnezone", "url": "https://pokeapi.co/api/v2/pokemon/462/"}, {"name": "electivire", "url": "https://pokeapi.co/api/v2/pokemon/466/"}, {"name": "probopass", "url": "https://pokeapi.co/api/v2/pokemon/476/"}, {"name": "dialga", "url": "https://pokeapi.co/api/v2/pokemon/483/"}, {"name": "heatran", "url": "https://pokeapi.co/api/v2/pokemon/485/"}, {"name": "drilbur", "url": "https://pokeapi.co/api/v2/pokemon/529/"}, {"name": "excadrill", "url": "https://pokeapi.co/api/v2/pokemon/530/"}, {"name": "klink", "url": "https://pokeapi.co/api/v2/pokemon/599/"}, {"name": "klang", "url": "https://pokeapi.co/api/v2/pokemon/600/"}, {"name": "klinklang", "url": "https://pokeapi.co/api/v2/pokemon/601/"}, {"name": "pawniard", "url": "https://pokeapi.co/api/v2/pokemon/624/"}, {"name": "bisharp", "url": "https://pokeapi.co/api/v2/pokemon/625/"}, {"name": "durant", "url": "https://pokeapi.co/api/v2/pokemon/632/"}, {"name": "cobalion", "url": "https://pokeapi.co/api/v2/pokemon/638/"}, {"name": "genesect", "url": "https://pokeapi.co/api/v2/pokemon/649/"}, {"name": "honedge", "url": "https://pokeapi.co/api/v2/pokemon/679/"}, {"name": "doublade", "url": "https://pokeapi.co/api/v2/pokemon/680/"}, {"name": "aegislash-shield", "url": "https://pokeapi.co/api/v2/pokemon/681/"}, {"name": "klefki", "url": "https://pokeapi.co/api/v2/pokemon/707/"}, {"name": "type-null", "url": "https://pokeapi.co/api/v2/pokemon/772/"}, {"name": "silvally", "url": "https://pokeapi.co/api/v2/pokemon/773/"}, {"name": "dhelmise", "url": "https://pokeapi.co/api/v2/pokemon/781/"}, {"name": "kommo-o", "url": "https://pokeapi.co/api/v2/pokemon/784/"}, {"name": "solgaleo", "url": "https://pokeapi.co/api/v2/pokemon/791/"}, {"name": "celesteela", "url": "https://pokeapi.co/api/v2/pokemon/797/"}, {"name": "magearna", "url": "https://pokeapi.co/api/v2/pokemon/801/"}, {"name": "corviknight", "url": "https://pokeapi.co/api/v2/pokemon/823/"}, {"name": "toxel", "url": "https://pokeapi.co/api/v2/pokemon/848/"}, {"name": "toxtricity-amped", "url": "https://pokeapi.co/api/v2/pokemon/849/"}, {"name": "perrserker", "url": "https://pokeapi.co/api/v2/pokemon/863/"}, {"name": "duraludon", "url": "https://pokeapi.co/api/v2/pokemon/884/"}, {"name": "tinkatink", "url": "https://pokeapi.co/api/v2/pokemon/957/"}, {"name": "tinkatuff", "url": "https://pokeapi.co/api/v2/pokemon/958/"}, {"name": "tinkaton", "url": "https://pokeapi.co/api/v2/pokemon/959/"}, {"name": "varoom", "url": "https://pokeapi.co/api/v2/pokemon/965/"}, {"name": "revavroom", "url": "https://pokeapi.co/api/v2/pokemon/966/"}, {"name": "orthworm", "url": "https://pokeapi.co/api/v2/pokemon/968/"}, {"name": "kingambit", "url": "https://pokeapi.co/api/v2/pokemon/983/"}, {"name": "sandy-shocks", "url": "https://pokeapi.co/api/v2/pokemon/989/"}, {"name": "iron-treads", "url": "https://pokeapi.co/api/v2/pokemon/990/"}, {"name": "iron-jugulis", "url": "https://pokeapi.co/api/v2/pokemon/993/"}, {"name": "iron-moth", "url": "https://pokeapi.co/api/v2/pokemon/994/"}, {"name": "gholdengo", "url": "https://pokeapi.co/api/v2/pokemon/1000/"}, {"name": "miraidon", "url": "https://pokeapi.co/api/v2/pokemon/1008/"}, {"name": "iron-leaves", "url": "https://pokeapi.co/api/v2/pokemon/1010/"}, {"name": "archaludon", "url": "https://pokeapi.co/api/v2/pokemon/1018/"}, {"name": "iron-crown", "url": "https://pokeapi.co/api/v2/pokemon/1023/"}, {"name": "wormadam-trash", "url": "https://pokeapi.co/api/v2/pokemon/10005/"}, {"name": "aegislash-blade", "url": "https://pokeapi.co/api/v2/pokemon/10026/"}, {"name": "aggron-mega", "url": "https://pokeapi.co/api/v2/pokemon/10053/"}, {"name": "lucario-mega", "url": "https://pokeapi.co/api/v2/pokemon/10059/"}, {"name": "diglett-alola", "url": "https://pokeapi.co/api/v2/pokemon/10105/"}, {"name": "dugtrio-alola", "url": "https://pokeapi.co/api/v2/pokemon/10106/"}, {"name": "meowth-galar", "url": "https://pokeapi.co/api/v2/pokemon/10161/"}, {"name": "stunfisk-galar", "url": "https://pokeapi.co/api/v2/pokemon/10180/"}, {"name": "toxtricity-low-key", "url": "https://pokeapi.co/api/v2/pokemon/10184/"}, {"name": "miraidon-low-power-mode", "url": "https://pokeapi.co/api/v2/pokemon/10268/"}, {"name": "miraidon-drive-mode", "url": "https://pokeapi.co/api/v2/pokemon/10269/"}, {"name": "miraidon-aquatic-mode", "url": "https://pokeapi.co/api/v2/pokemon/10270/"}, {"name": "miraidon-glide-mode", "url": "https://pokeapi.co/api/v2/pokemon/10271/"}], "machines": [{"machine": {"url": "https://pokeapi.co/api/v2/machine/1928/"}, "version_group": {"name": "scarlet-violet", "url": "https://pokeapi.co/api/v2/version-group/25/"}}, {"machine": {"url": "https://pokeapi.co/api/v2/machine/2096/"}, "version_group": {"name": "the-indigo-disk", "url": "https://pokeapi.co/api/v2/version-group/27/"}}], "meta": {"ailment": {"name": "none", "url": "https://pokeapi.co/api/v2/move-ailment/0/"}, "ailment_chance": 0, "category": {"name": "net-good-stats", "url": "https://pokeapi.co/api/v2/move-category/2/"}, "crit_rate": 0, "drain": 0, "flinch_chance": 0, "healing": 0, "max_hits": null, "max_turns": null, "min_hits": null, "min_turns": null, "stat_chance": 0}, "name": "metal-sound", "names": [{"language": {"name": "ja-Hrkt", "url": "https://pokeapi.co/api/v2/language/1/"}, "name": "\u304d\u3093\u305e\u304f\u304a\u3093"}, {"language": {"name": "ko", "url": "https://pokeapi.co/api/v2/language/3/"}, "name": "\uae08\uc18d\uc74c"}, {"language": {"name": "zh-Hant", "url": "https://pokeapi.co/api/v2/language/4/"}, "name": "\u91d1\u5c6c\u97f3"}, {"language": {"name": "fr", "url": "https://pokeapi.co/api/v2/language/5/"}, "name": "Strido-Son"}, {"language": {"name": "de", "url": "https://pokeapi.co/api/v2/language/6/"}, "name": "Metallsound"}, {"language": {"name": "es", "url": "https://pokeapi.co/api/v2/language/7/"}, "name": "Eco Met\u00e1lico"}, {"language": {"name": "it", "url": "https://pokeapi.co/api/v2/language/8/"}, "name": "Ferrostrido"}, {"language": {"name": "en", "url": "https://pokeapi.co/api/v2/language/9/"}, "name": "Metal Sound"}, {"language": {"name": "ja", "url": "https://pokeapi.co/api/v2/language/11/"}, "name": "\u304d\u3093\u305e\u304f\u304a\u3093"}, {"language": {"name": "zh-Hans", "url": "https://pokeapi.co/api/v2/language/12/"}, "name": "\u91d1\u5c5e\u97f3"}], "past_values": [], "power": null, "pp": 40, "priority": 0, "stat_changes": [{"change": -2, "stat": {"name": "special-defense", "url": "https://pokeapi.co/api/v2/stat/5/"}}], "super_contest_effect": {"url": "https://pokeapi.co/api/v2/super-contest-effect/10/"}, "target": {"name": "selected-pokemon", "url": "https://pokeapi.co/api/v2/move-target/10/"}, "type": {"name": "steel", "url": "https://pokeapi.co/api/v2/type/9/"}}