{"accuracy": null, "contest_combos": null, "contest_effect": null, "contest_type": {"name": "cool", "url": "https://pokeapi.co/api/v2/contest-type/1/"}, "damage_class": {"name": "special", "url": "https://pokeapi.co/api/v2/move-damage-class/3/"}, "effect_chance": null, "effect_changes": [], "effect_entries": [{"effect": "Inflicts regular damage.  Power is determined by the PP remaining for this move, after its PP cost is deducted.  Ignores accuracy and evasion modifiers.\n\nPP remaining | Power\n------------ | ----:\n4 or more    |    40\n3            |    50\n2            |    60\n1            |    80\n0            |   200\n\nIf this move is activated by another move, the activating move\u2019s PP is used to calculate power.", "language": {"name": "en", "url": "https://pokeapi.co/api/v2/language/9/"}, "short_effect": "Power increases when this move has less PP, up to a maximum of 200."}], "flavor_text_entries": [{"flavor_text": "The fewer PP this\nmove has, the more\npower it has for\nattack.\n", "language": {"name": "en", "url": "https://pokeapi.co/api/v2/language/9/"}, "version_group": {"name": "diamond-pearl", "url": "https://pokeapi.co/api/v2/version-group/8/"}}, {"flavor_text": "The fewer PP this\nmove has, the more\npower it has for\nattack.\n", "language": {"name": "en", "url": "https://pokeapi.co/api/v2/language/9/"}, "version_group": {"name": "platinum", "url": "https://pokeapi.co/api/v2/version-group/9/"}}, {"flavor_text": "The fewer PP this\nmove has, the more\npower it has for\nattack.\n", "language": {"name": "en", "url": "https://pokeapi.co/api/v2/language/9/"}, "version_group": {"name": "heartgold-soulsilver", "url": "https://pokeapi.co/api/v2/version-group/10/"}}, {"flavor_text": "Moins cette capacit\u00e9 poss\u00e8de de PP,\nplus elle est puissante.", "language": {"name": "fr", "url": "https://pokeapi.co/api/v2/language/5/"}, "version_group": {"name": "black-white", "url": "https://pokeapi.co/api/v2/version-group/11/"}}, {"flavor_text": "The fewer PP this move has, the greater\nits attack power.", "language": {"name": "en", "url": "https://pokeapi.co/api/v2/language/9/"}, "version_group": {"name": "black-white", "url": "https://pokeapi.co/api/v2/version-group/11/"}}, {"flavor_text": "The fewer PP this move has, the greater\nits attack power.", "language": {"name": "en", "url": "https://pokeapi.co/api/v2/language/9/"}, "version_group": {"name": "black-2-white-2", "url": "https://pokeapi.co/api/v2/version-group/14/"}}, {"flavor_text": "\u304d\u308a\u3075\u3060\u306e\u3000\u306e\u3053\u308a\u3000\uff30\uff30\u304c\n\u3059\u304f\u306a\u3051\u308c\u3070\u3000\u3059\u304f\u306a\u3044\u307b\u3069\n\u308f\u3056\u306e\u3000\u3044\u308a\u3087\u304f\u304c\u3000\u3042\u304c\u308b\u3002", "language": {"name": "ja-Hrkt", "url": "https://pokeapi.co/api/v2/language/1/"}, "version_group": {"name": "x-y", "url": "https://pokeapi.co/api/v2/version-group/15/"}}, {"flavor_text": "\ub9c8\uc9c0\ub9c9\uc218\ub2e8\uc758 \ub0a8\uc740 PP\uac00\n\uc801\uc73c\uba74 \uc801\uc744\uc218\ub85d\n\uae30\uc220\uc758 \uc704\ub825\uc774 \uc62c\ub77c\uac04\ub2e4.", "language": {"name": "ko", "url": "https://pokeapi.co/api/v2/language/3/"}, "version_group": {"name": "x-y", "url": "https://pokeapi.co/api/v2/version-group/15/"}}, {"flavor_text": "Moins cette capacit\u00e9 poss\u00e8de de PP, plus elle est\npuissante.", "language": {"name": "fr", "url": "https://pokeapi.co/api/v2/language/5/"}, "version_group": {"name": "x-y", "url": "https://pokeapi.co/api/v2/version-group/15/"}}, {"flavor_text": "Je weniger AP diese Attacke hat,\ndesto mehr Angriffskraft besitzt sie.", "language": {"name": "de", "url": "https://pokeapi.co/api/v2/language/6/"}, "version_group": {"name": "x-y", "url": "https://pokeapi.co/api/v2/version-group/15/"}}, {"flavor_text": "Cuantos menos PP tenga el movimiento, mayor\nser\u00e1 la fuerza para atacar.", "language": {"name": "es", "url": "https://pokeapi.co/api/v2/language/7/"}, "version_group": {"name": "x-y", "url": "https://pokeapi.co/api/v2/version-group/15/"}}, {"flavor_text": "La potenza di questa mossa aumenta man mano\nche i suoi PP diminuiscono.", "language": {"name": "it", "url": "https://pokeapi.co/api/v2/language/8/"}, "version_group": {"name": "x-y", "url": "https://pokeapi.co/api/v2/version-group/15/"}}, {"flavor_text": "The fewer PP this move has,\nthe greater its power.", "language": {"name": "en", "url": "https://pokeapi.co/api/v2/language/9/"}, "version_group": {"name": "x-y", "url": "https://pokeapi.co/api/v2/version-group/15/"}}, {"flavor_text": "\u304d\u308a\u3075\u3060\u306e\u3000\u6b8b\u308a\u3000\uff30\uff30\u304c\n\u5c11\u306a\u3051\u308c\u3070\u3000\u5c11\u306a\u3044\u307b\u3069\n\u6280\u306e\u3000\u5a01\u529b\u304c\u3000\u3042\u304c\u308b\u3002", "language": {"name": "ja", "url": "https://pokeapi.co/api/v2/language/11/"}, "version_group": {"name": "x-y", "url": "https://pokeapi.co/api/v2/version-group/15/"}}, {"flavor_text": "\u304d\u308a\u3075\u3060\u306e\u3000\u306e\u3053\u308a\u3000\uff30\uff30\u304c\n\u3059\u304f\u306a\u3051\u308c\u3070\u3000\u3059\u304f\u306a\u3044\u307b\u3069\n\u308f\u3056\u306e\u3000\u3044\u308a\u3087\u304f\u304c\u3000\u3042\u304c\u308b\u3002", "language": {"name": "ja-Hrkt", "url": "https://pokeapi.co/api/v2/language/1/"}, "version_group": {"name": "omega-ruby-alpha-sapphire", "url": "https://pokeapi.co/api/v2/version-group/16/"}}, {"flavor_text": "\ub9c8\uc9c0\ub9c9\uc218\ub2e8\uc758 \ub0a8\uc740 PP\uac00\n\uc801\uc73c\uba74 \uc801\uc744\uc218\ub85d\n\uae30\uc220\uc758 \uc704\ub825\uc774 \uc62c\ub77c\uac04\ub2e4.", "language": {"name": "ko", "url": "https://pokeapi.co/api/v2/language/3/"}, "version_group": {"name": "omega-ruby-alpha-sapphire", "url": "https://pokeapi.co/api/v2/version-group/16/"}}, {"flavor_text": "Moins cette capacit\u00e9 poss\u00e8de de PP, plus elle est\npuissante.", "language": {"name": "fr", "url": "https://pokeapi.co/api/v2/language/5/"}, "version_group": {"name": "omega-ruby-alpha-sapphire", "url": "https://pokeapi.co/api/v2/version-group/16/"}}, {"flavor_text": "Je weniger AP diese Attacke hat,\ndesto mehr Angriffskraft besitzt sie.", "language": {"name": "de", "url": "https://pokeapi.co/api/v2/language/6/"}, "version_group": {"name": "omega-ruby-alpha-sapphire", "url": "https://pokeapi.co/api/v2/version-group/16/"}}, {"flavor_text": "Cuantos menos PP tenga el movimiento, mayor ser\u00e1 \nla fuerza para atacar.", "language": {"name": "es", "url": "https://pokeapi.co/api/v2/language/7/"}, "version_group": {"name": "omega-ruby-alpha-sapphire", "url": "https://pokeapi.co/api/v2/version-group/16/"}}, {"flavor_text": "La potenza di questa mossa aumenta man mano\nche i suoi PP diminuiscono.", "language": {"name": "it", "url": "https://pokeapi.co/api/v2/language/8/"}, "version_group": {"name": "omega-ruby-alpha-sapphire", "url": "https://pokeapi.co/api/v2/version-group/16/"}}, {"flavor_text": "The fewer PP this move has,\nthe greater its power.", "language": {"name": "en", "url": "https://pokeapi.co/api/v2/language/9/"}, "version_group": {"name": "omega-ruby-alpha-sapphire", "url": "https://pokeapi.co/api/v2/version-group/16/"}}, {"flavor_text": "\u304d\u308a\u3075\u3060\u306e\u3000\u6b8b\u308a\u3000\uff30\uff30\u304c\n\u5c11\u306a\u3051\u308c\u3070\u3000\u5c11\u306a\u3044\u307b\u3069\n\u6280\u306e\u3000\u5a01\u529b\u304c\u3000\u3042\u304c\u308b\u3002", "language": {"name": "ja", "url": "https://pokeapi.co/api/v2/language/11/"}, "version_group": {"name": "omega-ruby-alpha-sapphire", "url": "https://pokeapi.co/api/v2/version-group/16/"}}, {"flavor_text": "\u304d\u308a\u3075\u3060\u306e\u3000\u306e\u3053\u308a\u3000\uff30\uff30\u304c\n\u3059\u304f\u306a\u3051\u308c\u3070\u3000\u3059\u304f\u306a\u3044\u307b\u3069\n\u308f\u3056\u306e\u3000\u3044\u308a\u3087\u304f\u304c\u3000\u3042\u304c\u308b\u3002", "language": {"name": "ja-Hrkt", "url": "https://pokeapi.co/api/v2/language/1/"}, "version_group": {"name": "sun-moon", "url": "https://pokeapi.co/api/v2/version-group/17/"}}, {"flavor_text": "\ub9c8\uc9c0\ub9c9\uc218\ub2e8\uc758 \ub0a8\uc740 PP\uac00\n\uc801\uc73c\uba74 \uc801\uc744\uc218\ub85d\n\uae30\uc220\uc758 \uc704\ub825\uc774 \uc62c\ub77c\uac04\ub2e4.", "language": {"name": "ko", "url": "https://pokeapi.co/api/v2/language/3/"}, "version_group": {"name": "sun-moon", "url": "https://pokeapi.co/api/v2/version-group/17/"}}, {"flavor_text": "\u9019\u500b\u62db\u5f0f\u7684\n\u5269\u9918\uff30\uff30\u8d8a\u5c11\uff0c\n\u5a01\u529b\u8d8a\u5927\u3002", "language": {"name": "zh-Hant", "url": "https://pokeapi.co/api/v2/language/4/"}, "version_group": {"name": "sun-moon", "url": "https://pokeapi.co/api/v2/version-group/17/"}}, {"flavor_text": "Moins cette capacit\u00e9 poss\u00e8de de PP, plus elle est\npuissante.", "language": {"name": "fr", "url": "https://pokeapi.co/api/v2/language/5/"}, "version_group": {"name": "sun-moon", "url": "https://pokeapi.co/api/v2/version-group/17/"}}, {"flavor_text": "Je weniger AP diese Attacke hat, desto h\u00f6her f\u00e4llt\nihre St\u00e4rke aus.", "language": {"name": "de", "url": "https://pokeapi.co/api/v2/language/6/"}, "version_group": {"name": "sun-moon", "url": "https://pokeapi.co/api/v2/version-group/17/"}}, {"flavor_text": "Cuantos menos PP tenga el movimiento, mayor ser\u00e1 \nla fuerza para atacar.", "language": {"name": "es", "url": "https://pokeapi.co/api/v2/language/7/"}, "version_group": {"name": "sun-moon", "url": "https://pokeapi.co/api/v2/version-group/17/"}}, {"flavor_text": "La potenza di questa mossa aumenta man mano\nche i suoi PP diminuiscono.", "language": {"name": "it", "url": "https://pokeapi.co/api/v2/language/8/"}, "version_group": {"name": "sun-moon", "url": "https://pokeapi.co/api/v2/version-group/17/"}}, {"flavor_text": "The fewer PP this move has, the greater its power.", "language": {"name": "en", "url": "https://pokeapi.co/api/v2/language/9/"}, "version_group": {"name": "sun-moon", "url": "https://pokeapi.co/api/v2/version-group/17/"}}, {"flavor_text": "\u304d\u308a\u3075\u3060\u306e\u3000\u6b8b\u308a\u3000\uff30\uff30\u304c\n\u5c11\u306a\u3051\u308c\u3070\u3000\u5c11\u306a\u3044\u307b\u3069\n\u6280\u306e\u3000\u5a01\u529b\u304c\u3000\u3042\u304c\u308b\u3002", "language": {"name": "ja", "url": "https://pokeapi.co/api/v2/language/11/"}, "version_group": {"name": "sun-moon", "url": "https://pokeapi.co/api/v2/version-group/17/"}}, {"flavor_text": "\u738b\u724c\u62db\u5f0f\u7684\n\u5269\u4f59\uff30\uff30\u8d8a\u5c11\uff0c\n\u62db\u5f0f\u7684\u5a01\u529b\u8d8a\u5927\u3002", "language": {"name": "zh-Hans", "url": "https://pokeapi.co/api/v2/language/12/"}, "version_group": {"name": "sun-moon", "url": "https://pokeapi.co/api/v2/version-group/17/"}}, {"flavor_text": "\u304d\u308a\u3075\u3060\u306e\u3000\u306e\u3053\u308a\u3000\uff30\uff30\u304c\n\u3059\u304f\u306a\u3051\u308c\u3070\u3000\u3059\u304f\u306a\u3044\u307b\u3069\n\u308f\u3056\u306e\u3000\u3044\u308a\u3087\u304f\u304c\u3000\u3042\u304c\u308b\u3002", "language": {"name": "ja-Hrkt", "url": "https://pokeapi.co/api/v2/language/1/"}, "version_group": {"name": "ultra-sun-ultra-moon", "url": "https://pokeapi.co/api/v2/version-group/18/"}}, {"flavor_text": "\ub9c8\uc9c0\ub9c9\uc218\ub2e8\uc758 \ub0a8\uc740 PP\uac00\n\uc801\uc73c\uba74 \uc801\uc744\uc218\ub85d\n\uae30\uc220\uc758 \uc704\ub825\uc774 \uc62c\ub77c\uac04\ub2e4.", "language": {"name": "ko", "url": "https://pokeapi.co/api/v2/language/3/"}, "version_group": {"name": "ultra-sun-ultra-moon", "url": "https://pokeapi.co/api/v2/version-group/18/"}}, {"flavor_text": "\u9019\u500b\u62db\u5f0f\u7684\n\u5269\u9918\uff30\uff30\u8d8a\u5c11\uff0c\n\u5a01\u529b\u8d8a\u5927\u3002", "language": {"name": "zh-Hant", "url": "https://pokeapi.co/api/v2/language/4/"}, "version_group": {"name": "ultra-sun-ultra-moon", "url": "https://pokeapi.co/api/v2/version-group/18/"}}, {"flavor_text": "Moins cette capacit\u00e9 poss\u00e8de de PP, plus elle est\npuissante.", "language": {"name": "fr", "url": "https://pokeapi.co/api/v2/language/5/"}, "version_group": {"name": "ultra-sun-ultra-moon", "url": "https://pokeapi.co/api/v2/version-group/18/"}}, {"flavor_text": "Je weniger AP diese Attacke hat, desto h\u00f6her f\u00e4llt\nihre St\u00e4rke aus.", "language": {"name": "de", "url": "https://pokeapi.co/api/v2/language/6/"}, "version_group": {"name": "ultra-sun-ultra-moon", "url": "https://pokeapi.co/api/v2/version-group/18/"}}, {"flavor_text": "Cuantos menos PP tenga el movimiento, mayor ser\u00e1 \nla fuerza para atacar.", "language": {"name": "es", "url": "https://pokeapi.co/api/v2/language/7/"}, "version_group": {"name": "ultra-sun-ultra-moon", "url": "https://pokeapi.co/api/v2/version-group/18/"}}, {"flavor_text": "La potenza di questa mossa aumenta man mano\nche i suoi PP diminuiscono.", "language": {"name": "it", "url": "https://pokeapi.co/api/v2/language/8/"}, "version_group": {"name": "ultra-sun-ultra-moon", "url": "https://pokeapi.co/api/v2/version-group/18/"}}, {"flavor_text": "The fewer PP this move has, the greater its power.", "language": {"name": "en", "url": "https://pokeapi.co/api/v2/language/9/"}, "version_group": {"name": "ultra-sun-ultra-moon", "url": "https://pokeapi.co/api/v2/version-group/18/"}}, {"flavor_text": "\u304d\u308a\u3075\u3060\u306e\u3000\u6b8b\u308a\u3000\uff30\uff30\u304c\n\u5c11\u306a\u3051\u308c\u3070\u3000\u5c11\u306a\u3044\u307b\u3069\n\u6280\u306e\u3000\u5a01\u529b\u304c\u3000\u3042\u304c\u308b\u3002", "language": {"name": "ja", "url": "https://pokeapi.co/api/v2/language/11/"}, "version_group": {"name": "ultra-sun-ultra-moon", "url": "https://pokeapi.co/api/v2/version-group/18/"}}, {"flavor_text": "\u738b\u724c\u62db\u5f0f\u7684\n\u5269\u4f59\uff30\uff30\u8d8a\u5c11\uff0c\n\u62db\u5f0f\u7684\u5a01\u529b\u8d8a\u5927\u3002", "language": {"name": "zh-Hans", "url": "https://pokeapi.co/api/v2/language/12/"}, "version_group": {"name": "ultra-sun-ultra-moon", "url": "https://pokeapi.co/api/v2/version-group/18/"}}, {"flavor_text": "\u304d\u308a\u3075\u3060\u306e\u3000\u306e\u3053\u308a\u3000\uff30\uff30\u304c\n\u3059\u304f\u306a\u3051\u308c\u3070\u3000\u3059\u304f\u306a\u3044\u307b\u3069\n\u308f\u3056\u306e\u3000\u3044\u308a\u3087\u304f\u304c\u3000\u3042\u304c\u308b\u3002", "language": {"name": "ja-Hrkt", "url": "https://pokeapi.co/api/v2/language/1/"}, "version_group": {"name": "lets-go-pikachu-lets-go-eevee", "url": "https://pokeapi.co/api/v2/version-group/19/"}}, {"flavor_text": "\ub9c8\uc9c0\ub9c9\uc218\ub2e8\uc758 \ub0a8\uc740 PP\uac00\n\uc801\uc73c\uba74 \uc801\uc744\uc218\ub85d\n\uae30\uc220\uc758 \uc704\ub825\uc774 \uc62c\ub77c\uac04\ub2e4.", "language": {"name": "ko", "url": "https://pokeapi.co/api/v2/language/3/"}, "version_group": {"name": "lets-go-pikachu-lets-go-eevee", "url": "https://pokeapi.co/api/v2/version-group/19/"}}, {"flavor_text": "\u9019\u500b\u62db\u5f0f\u7684\n\u5269\u9918PP\u8d8a\u5c11\uff0c\n\u5a01\u529b\u8d8a\u5927\u3002", "language": {"name": "zh-Hant", "url": "https://pokeapi.co/api/v2/language/4/"}, "version_group": {"name": "lets-go-pikachu-lets-go-eevee", "url": "https://pokeapi.co/api/v2/version-group/19/"}}, {"flavor_text": "Moins cette capacit\u00e9 poss\u00e8de de PP,\nplus elle est puissante.", "language": {"name": "fr", "url": "https://pokeapi.co/api/v2/language/5/"}, "version_group": {"name": "lets-go-pikachu-lets-go-eevee", "url": "https://pokeapi.co/api/v2/version-group/19/"}}, {"flavor_text": "Je weniger AP diese Attacke hat, desto h\u00f6her f\u00e4llt\nihre St\u00e4rke aus.", "language": {"name": "de", "url": "https://pokeapi.co/api/v2/language/6/"}, "version_group": {"name": "lets-go-pikachu-lets-go-eevee", "url": "https://pokeapi.co/api/v2/version-group/19/"}}, {"flavor_text": "Cuantos menos PP tenga el movimiento, mayor ser\u00e1 \nla fuerza para atacar.", "language": {"name": "es", "url": "https://pokeapi.co/api/v2/language/7/"}, "version_group": {"name": "lets-go-pikachu-lets-go-eevee", "url": "https://pokeapi.co/api/v2/version-group/19/"}}, {"flavor_text": "La potenza di questa mossa aumenta man mano\nche i suoi PP diminuiscono.", "language": {"name": "it", "url": "https://pokeapi.co/api/v2/language/8/"}, "version_group": {"name": "lets-go-pikachu-lets-go-eevee", "url": "https://pokeapi.co/api/v2/version-group/19/"}}, {"flavor_text": "The fewer PP this move has, the greater its power.", "language": {"name": "en", "url": "https://pokeapi.co/api/v2/language/9/"}, "version_group": {"name": "lets-go-pikachu-lets-go-eevee", "url": "https://pokeapi.co/api/v2/version-group/19/"}}, {"flavor_text": "\u304d\u308a\u3075\u3060\u306e\u3000\u6b8b\u308a\u3000\uff30\uff30\u304c\n\u5c11\u306a\u3051\u308c\u3070\u3000\u5c11\u306a\u3044\u307b\u3069\n\u6280\u306e\u3000\u5a01\u529b\u304c\u3000\u3042\u304c\u308b\u3002", "language": {"name": "ja", "url": "https://pokeapi.co/api/v2/language/11/"}, "version_group": {"name": "lets-go-pikachu-lets-go-eevee", "url": "https://pokeapi.co/api/v2/version-group/19/"}}, {"flavor_text": "\u738b\u724c\u62db\u5f0f\u7684\n\u5269\u4f59PP\u8d8a\u5c11\uff0c\n\u62db\u5f0f\u7684\u5a01\u529b\u8d8a\u5927\u3002", "language": {"name": "zh-Hans", "url": "https://pokeapi.co/api/v2/language/12/"}, "version_group": {"name": "lets-go-pikachu-lets-go-eevee", "url": "https://pokeapi.co/api/v2/version-group/19/"}}, {"flavor_text": "\u3053\u306e\u308f\u3056\u306f\u3000\u3064\u304b\u3048\u307e\u305b\u3093\n\u304a\u3082\u3044\u3060\u3059\u3053\u3068\u304c\u3000\u3067\u304d\u306a\u304f\u306a\u308a\u307e\u3059\u304c\n\u308f\u3056\u3092\u3000\u308f\u3059\u308c\u308b\u3053\u3068\u3092\u3000\u304a\u3059\u3059\u3081\u3057\u307e\u3059", "language": {"name": "ja-Hrkt", "url": "https://pokeapi.co/api/v2/language/1/"}, "version_group": {"name": "sword-shield", "url": "https://pokeapi.co/api/v2/version-group/20/"}}, {"flavor_text": "\uc0ac\uc6a9\ud560 \uc218 \uc5c6\ub294 \uae30\uc220\uc785\ub2c8\ub2e4.\n\ub2e4\uc2dc \ubc30\uc6b0\uac8c \ud560 \uc218 \uc5c6\uc9c0\ub9cc\n\uae30\uc220\uc744 \uc78a\uac8c \ud558\ub294 \uac83\uc744 \uad8c\uc7a5\ud569\ub2c8\ub2e4.", "language": {"name": "ko", "url": "https://pokeapi.co/api/v2/language/3/"}, "version_group": {"name": "sword-shield", "url": "https://pokeapi.co/api/v2/version-group/20/"}}, {"flavor_text": "\u7121\u6cd5\u4f7f\u7528\u6b64\u62db\u5f0f\u3002\n\u96d6\u7136\u5fd8\u8a18\u5f8c\u5c07\u7121\u6cd5\u518d\u60f3\u8d77\u4f86\uff0c\n\u4f46\u9084\u662f\u5efa\u8b70\u5fd8\u8a18\u6b64\u62db\u5f0f\u3002", "language": {"name": "zh-Hant", "url": "https://pokeapi.co/api/v2/language/4/"}, "version_group": {"name": "sword-shield", "url": "https://pokeapi.co/api/v2/version-group/20/"}}, {"flavor_text": "Cette capacit\u00e9 ne peut pas \u00eatre utilis\u00e9e.\nIl est recommand\u00e9 de l\u2019oublier, m\u00eame s\u2019il sera\nimpossible de se la rem\u00e9morer une fois oubli\u00e9e.", "language": {"name": "fr", "url": "https://pokeapi.co/api/v2/language/5/"}, "version_group": {"name": "sword-shield", "url": "https://pokeapi.co/api/v2/version-group/20/"}}, {"flavor_text": "Diese Attacke kann nicht eingesetzt werden. Du solltest\ndein Pok\u00e9mon sie vergessen lassen. Beachte aber,\ndass es sich danach nicht wieder an sie erinnern kann.", "language": {"name": "de", "url": "https://pokeapi.co/api/v2/language/6/"}, "version_group": {"name": "sword-shield", "url": "https://pokeapi.co/api/v2/version-group/20/"}}, {"flavor_text": "Este movimiento no se puede usar, por lo que ser\u00eda\nmejor olvidarlo, aunque eso implique que no se pueda\nrecordar posteriormente.", "language": {"name": "es", "url": "https://pokeapi.co/api/v2/language/7/"}, "version_group": {"name": "sword-shield", "url": "https://pokeapi.co/api/v2/version-group/20/"}}, {"flavor_text": "Questa mossa non pu\u00f2 essere usata.\n\u00c8 consigliabile farla dimenticare al Pok\u00e9mon. Tuttavia,\nuna volta dimenticata, non potr\u00e0 pi\u00f9 essere ricordata.", "language": {"name": "it", "url": "https://pokeapi.co/api/v2/language/8/"}, "version_group": {"name": "sword-shield", "url": "https://pokeapi.co/api/v2/version-group/20/"}}, {"flavor_text": "This move can\u2019t be used.\nIt\u2019s recommended that this move is forgotten.\nOnce forgotten, this move can\u2019t be remembered.", "language": {"name": "en", "url": "https://pokeapi.co/api/v2/language/9/"}, "version_group": {"name": "sword-shield", "url": "https://pokeapi.co/api/v2/version-group/20/"}}, {"flavor_text": "\u3053\u306e\u6280\u306f\u3000\u4f7f\u3048\u307e\u305b\u3093\n\u601d\u3044\u51fa\u3059\u3053\u3068\u304c\u3000\u3067\u304d\u306a\u304f\u306a\u308a\u307e\u3059\u304c\n\u6280\u3092\u3000\u5fd8\u308c\u308b\u3053\u3068\u3092\u3000\u304a\u3059\u3059\u3081\u3057\u307e\u3059", "language": {"name": "ja", "url": "https://pokeapi.co/api/v2/language/11/"}, "version_group": {"name": "sword-shield", "url": "https://pokeapi.co/api/v2/version-group/20/"}}, {"flavor_text": "\u65e0\u6cd5\u4f7f\u7528\u8fd9\u4e2a\u62db\u5f0f\u3002\n\u867d\u7136\u5fd8\u8bb0\u4e4b\u540e\u5c31\u518d\u4e5f\u60f3\u4e0d\u8d77\u6765\u4e86\uff0c\n\u4f46\u8fd8\u662f\u5efa\u8bae\u5fd8\u8bb0\u8fd9\u4e2a\u62db\u5f0f\u3002", "language": {"name": "zh-Hans", "url": "https://pokeapi.co/api/v2/language/12/"}, "version_group": {"name": "sword-shield", "url": "https://pokeapi.co/api/v2/version-group/20/"}}], "generation": {"name": "generation-iv", "url": "https://pokeapi.co/api/v2/generation/4/"}, "id": 376, "learned_by_pokemon": [{"name": "farfetchd", "url": "https://pokeapi.co/api/v2/pokemon/83/"}, {"name": "kangaskhan", "url": "https://pokeapi.co/api/v2/pokemon/115/"}, {"name": "eevee", "url": "https://pokeapi.co/api/v2/pokemon/133/"}, {"name": "slowking", "url": "https://pokeapi.co/api/v2/pokemon/199/"}, {"name": "dunsparce", "url": "https://pokeapi.co/api/v2/pokemon/206/"}, {"name": "minun", "url": "https://pokeapi.co/api/v2/pokemon/312/"}, {"name": "corphish", "url": "https://pokeapi.co/api/v2/pokemon/341/"}, {"name": "shellos", "url": "https://pokeapi.co/api/v2/pokemon/422/"}, {"name": "oshawott", "url": "https://pokeapi.co/api/v2/pokemon/501/"}, {"name": "magearna", "url": "https://pokeapi.co/api/v2/pokemon/801/"}, {"name": "kangaskhan-mega", "url": "https://pokeapi.co/api/v2/pokemon/10039/"}, {"name": "magearna-original", "url": "https://pokeapi.co/api/v2/pokemon/10147/"}], "machines": [], "meta": {"ailment": {"name": "none", "url": "https://pokeapi.co/api/v2/move-ailment/0/"}, "ailment_chance": 0, "category": {"name": "damage", "url": "https://pokeapi.co/api/v2/move-category/0/"}, "crit_rate": 0, "drain": 0, "flinch_chance": 0, "healing": 0, "max_hits": null, "max_turns": null, "min_hits": null, "min_turns": null, "stat_chance": 0}, "name": "trump-card", "names": [{"language": {"name": "ja-Hrkt", "url": "https://pokeapi.co/api/v2/language/1/"}, "name": "\u304d\u308a\u3075\u3060"}, {"language": {"name": "ko", "url": "https://pokeapi.co/api/v2/language/3/"}, "name": "\ub9c8\uc9c0\ub9c9\uc218\ub2e8"}, {"language": {"name": "zh-Hant", "url": "https://pokeapi.co/api/v2/language/4/"}, "name": "\u738b\u724c"}, {"language": {"name": "fr", "url": "https://pokeapi.co/api/v2/language/5/"}, "name": "Atout"}, {"language": {"name": "de", "url": "https://pokeapi.co/api/v2/language/6/"}, "name": "Trumpfkarte"}, {"language": {"name": "es", "url": "https://pokeapi.co/api/v2/language/7/"}, "name": "As Oculto"}, {"language": {"name": "it", "url": "https://pokeapi.co/api/v2/language/8/"}, "name": "Asso"}, {"language": {"name": "en", "url": "https://pokeapi.co/api/v2/language/9/"}, "name": "Trump Card"}, {"language": {"name": "ja", "url": "https://pokeapi.co/api/v2/language/11/"}, "name": "\u304d\u308a\u3075\u3060"}, {"language": {"name": "zh-Hans", "url": "https://pokeapi.co/api/v2/language/12/"}, "name": "\u738b\u724c"}], "past_values": [], "power": null, "pp": 5, "priority": 0, "stat_changes": [], "super_contest_effect": {"url": "https://pokeapi.co/api/v2/super-contest-effect/21/"}, "target": {"name": "selected-pokemon", "url": "https://pokeapi.co/api/v2/move-target/10/"}, "type": {"name": "normal", "url": "https://pokeapi.co/api/v2/type/1/"}}