{"accuracy": 100, "contest_combos": null, "contest_effect": null, "contest_type": null, "damage_class": {"name": "status", "url": "https://pokeapi.co/api/v2/move-damage-class/1/"}, "effect_chance": 100, "effect_changes": [], "effect_entries": [{"effect": "Lowers the target\u2019s Attack and Special Attack by one stage.", "language": {"name": "en", "url": "https://pokeapi.co/api/v2/language/9/"}, "short_effect": "Lowers the target\u2019s Attack and Special Attack by one stage."}], "flavor_text_entries": [{"flavor_text": "\u304a\u305f\u3051\u3073\u3092\u3000\u3042\u3052\u3066\n\u3042\u3044\u3066\u3092\u3000\u3044\u304b\u304f\u3057\u3000\u3042\u3044\u3066\u306e\n\u3053\u3046\u3052\u304d\u3068\u3000\u3068\u304f\u3053\u3046\u3092\u3000\u3055\u3052\u308b\u3002", "language": {"name": "ja-Hrkt", "url": "https://pokeapi.co/api/v2/language/1/"}, "version_group": {"name": "x-y", "url": "https://pokeapi.co/api/v2/version-group/15/"}}, {"flavor_text": "\uc6b0\ub801\ucc28\uac8c \ubd80\ub974\uc9d6\uc5b4\uc11c\n\uc0c1\ub300\ub97c \uc704\ud611\ud558\uc5ec \uc0c1\ub300\uc758 \uacf5\uaca9\uacfc\n\ud2b9\uc218\uacf5\uaca9\uc744 \ub5a8\uc5b4\ub728\ub9b0\ub2e4.", "language": {"name": "ko", "url": "https://pokeapi.co/api/v2/language/3/"}, "version_group": {"name": "x-y", "url": "https://pokeapi.co/api/v2/version-group/15/"}}, {"flavor_text": "Le lanceur pousse un rugissement qui intimide\nl\u2019ennemi et diminue son Attaque et son Attaque\nSp\u00e9ciale.", "language": {"name": "fr", "url": "https://pokeapi.co/api/v2/language/5/"}, "version_group": {"name": "x-y", "url": "https://pokeapi.co/api/v2/version-group/15/"}}, {"flavor_text": "Der Anwender st\u00f6\u00dft ein Kampfgebr\u00fcll aus,\ndas das Ziel einsch\u00fcchtert und zugleich seinen\nAngriffs- und Spezial-Angriffs-Wert senkt.", "language": {"name": "de", "url": "https://pokeapi.co/api/v2/language/6/"}, "version_group": {"name": "x-y", "url": "https://pokeapi.co/api/v2/version-group/15/"}}, {"flavor_text": "Intimida a su oponente con un rugido de guerra,\nhaciendo que disminuyan tanto su Ataque como\nsu Ataque Especial.", "language": {"name": "es", "url": "https://pokeapi.co/api/v2/language/7/"}, "version_group": {"name": "x-y", "url": "https://pokeapi.co/api/v2/version-group/15/"}}, {"flavor_text": "Chi la usa emette un urlo potente che intimidisce\nil bersaglio, riducendone l\u2019Attacco e l\u2019Attacco\nSpeciale.", "language": {"name": "it", "url": "https://pokeapi.co/api/v2/language/8/"}, "version_group": {"name": "x-y", "url": "https://pokeapi.co/api/v2/version-group/15/"}}, {"flavor_text": "Letting out a noble roar, the user\nintimidates the target and lowers\nits Attack and Sp. Atk stats.", "language": {"name": "en", "url": "https://pokeapi.co/api/v2/language/9/"}, "version_group": {"name": "x-y", "url": "https://pokeapi.co/api/v2/version-group/15/"}}, {"flavor_text": "\u304a\u305f\u3051\u3073\u3092\u3000\u3042\u3052\u3066\n\u76f8\u624b\u3092\u3000\u5a01\u5687\u3057\u3000\u76f8\u624b\u306e\n\u653b\u6483\u3068\u3000\u7279\u653b\u3092\u3000\u3055\u3052\u308b\u3002", "language": {"name": "ja", "url": "https://pokeapi.co/api/v2/language/11/"}, "version_group": {"name": "x-y", "url": "https://pokeapi.co/api/v2/version-group/15/"}}, {"flavor_text": "\u304a\u305f\u3051\u3073\u3092\u3000\u3042\u3052\u3066\n\u3042\u3044\u3066\u3092\u3000\u3044\u304b\u304f\u3057\u3000\u3042\u3044\u3066\u306e\n\u3053\u3046\u3052\u304d\u3068\u3000\u3068\u304f\u3053\u3046\u3092\u3000\u3055\u3052\u308b\u3002", "language": {"name": "ja-Hrkt", "url": "https://pokeapi.co/api/v2/language/1/"}, "version_group": {"name": "omega-ruby-alpha-sapphire", "url": "https://pokeapi.co/api/v2/version-group/16/"}}, {"flavor_text": "\uc6b0\ub801\ucc28\uac8c \ubd80\ub974\uc9d6\uc5b4\uc11c\n\uc0c1\ub300\ub97c \uc704\ud611\ud558\uc5ec \uc0c1\ub300\uc758 \uacf5\uaca9\uacfc\n\ud2b9\uc218\uacf5\uaca9\uc744 \ub5a8\uc5b4\ub728\ub9b0\ub2e4.", "language": {"name": "ko", "url": "https://pokeapi.co/api/v2/language/3/"}, "version_group": {"name": "omega-ruby-alpha-sapphire", "url": "https://pokeapi.co/api/v2/version-group/16/"}}, {"flavor_text": "Le lanceur pousse un rugissement qui intimide\nl\u2019ennemi et diminue son Attaque et son Attaque\nSp\u00e9ciale.", "language": {"name": "fr", "url": "https://pokeapi.co/api/v2/language/5/"}, "version_group": {"name": "omega-ruby-alpha-sapphire", "url": "https://pokeapi.co/api/v2/version-group/16/"}}, {"flavor_text": "Der Anwender st\u00f6\u00dft ein Kampfgebr\u00fcll aus,\ndas das Ziel einsch\u00fcchtert und zugleich seinen\nAngriffs- und Spezial-Angriffs-Wert senkt.", "language": {"name": "de", "url": "https://pokeapi.co/api/v2/language/6/"}, "version_group": {"name": "omega-ruby-alpha-sapphire", "url": "https://pokeapi.co/api/v2/version-group/16/"}}, {"flavor_text": "Intimida a su oponente con un rugido de guerra, \nhaciendo que disminuyan tanto su Ataque como \nsu Ataque Especial.", "language": {"name": "es", "url": "https://pokeapi.co/api/v2/language/7/"}, "version_group": {"name": "omega-ruby-alpha-sapphire", "url": "https://pokeapi.co/api/v2/version-group/16/"}}, {"flavor_text": "Chi la usa emette un urlo potente che intimidisce\nil bersaglio, riducendone l\u2019Attacco e l\u2019Attacco\nSpeciale.", "language": {"name": "it", "url": "https://pokeapi.co/api/v2/language/8/"}, "version_group": {"name": "omega-ruby-alpha-sapphire", "url": "https://pokeapi.co/api/v2/version-group/16/"}}, {"flavor_text": "Letting out a noble roar, the user\nintimidates the target and lowers\nits Attack and Sp. Atk stats.", "language": {"name": "en", "url": "https://pokeapi.co/api/v2/language/9/"}, "version_group": {"name": "omega-ruby-alpha-sapphire", "url": "https://pokeapi.co/api/v2/version-group/16/"}}, {"flavor_text": "\u304a\u305f\u3051\u3073\u3092\u3000\u3042\u3052\u3066\n\u76f8\u624b\u3092\u3000\u5a01\u5687\u3057\u3000\u76f8\u624b\u306e\n\u653b\u6483\u3068\u3000\u7279\u653b\u3092\u3000\u3055\u3052\u308b\u3002", "language": {"name": "ja", "url": "https://pokeapi.co/api/v2/language/11/"}, "version_group": {"name": "omega-ruby-alpha-sapphire", "url": "https://pokeapi.co/api/v2/version-group/16/"}}, {"flavor_text": "\u304a\u305f\u3051\u3073\u3092\u3000\u3042\u3052\u3066\n\u3042\u3044\u3066\u3092\u3000\u3044\u304b\u304f\u3057\u3000\u3042\u3044\u3066\u306e\n\u3053\u3046\u3052\u304d\u3068\u3000\u3068\u304f\u3053\u3046\u3092\u3000\u3055\u3052\u308b\u3002", "language": {"name": "ja-Hrkt", "url": "https://pokeapi.co/api/v2/language/1/"}, "version_group": {"name": "sun-moon", "url": "https://pokeapi.co/api/v2/version-group/17/"}}, {"flavor_text": "\uc6b0\ub801\ucc28\uac8c \ubd80\ub974\uc9d6\uc5b4\uc11c\n\uc0c1\ub300\ub97c \uc704\ud611\ud558\uc5ec \uc0c1\ub300\uc758 \uacf5\uaca9\uacfc\n\ud2b9\uc218\uacf5\uaca9\uc744 \ub5a8\uc5b4\ub728\ub9b0\ub2e4.", "language": {"name": "ko", "url": "https://pokeapi.co/api/v2/language/3/"}, "version_group": {"name": "sun-moon", "url": "https://pokeapi.co/api/v2/version-group/17/"}}, {"flavor_text": "\u767c\u51fa\u6230\u543c\u5a01\u5687\u5c0d\u624b\uff0c\n\u964d\u4f4e\u5c0d\u624b\u7684\n\u653b\u64ca\u548c\u7279\u653b\u3002", "language": {"name": "zh-Hant", "url": "https://pokeapi.co/api/v2/language/4/"}, "version_group": {"name": "sun-moon", "url": "https://pokeapi.co/api/v2/version-group/17/"}}, {"flavor_text": "Le lanceur pousse un rugissement qui intimide\nl\u2019ennemi et diminue son Attaque et son Attaque\nSp\u00e9ciale.", "language": {"name": "fr", "url": "https://pokeapi.co/api/v2/language/5/"}, "version_group": {"name": "sun-moon", "url": "https://pokeapi.co/api/v2/version-group/17/"}}, {"flavor_text": "Der Anwender st\u00f6\u00dft ein Kampfgebr\u00fcll aus, das das\nZiel einsch\u00fcchtert und zugleich seinen Angriffs- und\nSpezial-Angriffs-Wert senkt.", "language": {"name": "de", "url": "https://pokeapi.co/api/v2/language/6/"}, "version_group": {"name": "sun-moon", "url": "https://pokeapi.co/api/v2/version-group/17/"}}, {"flavor_text": "Intimida a su oponente con un rugido de guerra, \nhaciendo que disminuyan tanto su Ataque como \nsu Ataque Especial.", "language": {"name": "es", "url": "https://pokeapi.co/api/v2/language/7/"}, "version_group": {"name": "sun-moon", "url": "https://pokeapi.co/api/v2/version-group/17/"}}, {"flavor_text": "Chi la usa emette un urlo potente che intimidisce\nil bersaglio, riducendone l\u2019Attacco e l\u2019Attacco\nSpeciale.", "language": {"name": "it", "url": "https://pokeapi.co/api/v2/language/8/"}, "version_group": {"name": "sun-moon", "url": "https://pokeapi.co/api/v2/version-group/17/"}}, {"flavor_text": "Letting out a noble roar, the user intimidates the\ntarget and lowers its Attack and Sp. Atk stats.", "language": {"name": "en", "url": "https://pokeapi.co/api/v2/language/9/"}, "version_group": {"name": "sun-moon", "url": "https://pokeapi.co/api/v2/version-group/17/"}}, {"flavor_text": "\u304a\u305f\u3051\u3073\u3092\u3000\u3042\u3052\u3066\n\u76f8\u624b\u3092\u3000\u5a01\u5687\u3057\u3000\u76f8\u624b\u306e\n\u653b\u6483\u3068\u3000\u7279\u653b\u3092\u3000\u3055\u3052\u308b\u3002", "language": {"name": "ja", "url": "https://pokeapi.co/api/v2/language/11/"}, "version_group": {"name": "sun-moon", "url": "https://pokeapi.co/api/v2/version-group/17/"}}, {"flavor_text": "\u53d1\u51fa\u6218\u543c\u5a01\u5413\u5bf9\u624b\uff0c\n\u4ece\u800c\u964d\u4f4e\u5bf9\u624b\u7684\u653b\u51fb\u548c\u7279\u653b\u3002", "language": {"name": "zh-Hans", "url": "https://pokeapi.co/api/v2/language/12/"}, "version_group": {"name": "sun-moon", "url": "https://pokeapi.co/api/v2/version-group/17/"}}, {"flavor_text": "\u304a\u305f\u3051\u3073\u3092\u3000\u3042\u3052\u3066\n\u3042\u3044\u3066\u3092\u3000\u3044\u304b\u304f\u3057\u3000\u3042\u3044\u3066\u306e\n\u3053\u3046\u3052\u304d\u3068\u3000\u3068\u304f\u3053\u3046\u3092\u3000\u3055\u3052\u308b\u3002", "language": {"name": "ja-Hrkt", "url": "https://pokeapi.co/api/v2/language/1/"}, "version_group": {"name": "ultra-sun-ultra-moon", "url": "https://pokeapi.co/api/v2/version-group/18/"}}, {"flavor_text": "\uc6b0\ub801\ucc28\uac8c \ubd80\ub974\uc9d6\uc5b4\uc11c\n\uc0c1\ub300\ub97c \uc704\ud611\ud558\uc5ec \uc0c1\ub300\uc758 \uacf5\uaca9\uacfc\n\ud2b9\uc218\uacf5\uaca9\uc744 \ub5a8\uc5b4\ub728\ub9b0\ub2e4.", "language": {"name": "ko", "url": "https://pokeapi.co/api/v2/language/3/"}, "version_group": {"name": "ultra-sun-ultra-moon", "url": "https://pokeapi.co/api/v2/version-group/18/"}}, {"flavor_text": "\u767c\u51fa\u6230\u543c\u5a01\u5687\u5c0d\u624b\uff0c\n\u964d\u4f4e\u5c0d\u624b\u7684\n\u653b\u64ca\u548c\u7279\u653b\u3002", "language": {"name": "zh-Hant", "url": "https://pokeapi.co/api/v2/language/4/"}, "version_group": {"name": "ultra-sun-ultra-moon", "url": "https://pokeapi.co/api/v2/version-group/18/"}}, {"flavor_text": "Le lanceur pousse un rugissement qui intimide\nl\u2019ennemi et diminue son Attaque et son Attaque\nSp\u00e9ciale.", "language": {"name": "fr", "url": "https://pokeapi.co/api/v2/language/5/"}, "version_group": {"name": "ultra-sun-ultra-moon", "url": "https://pokeapi.co/api/v2/version-group/18/"}}, {"flavor_text": "Der Anwender st\u00f6\u00dft ein Kampfgebr\u00fcll aus, das das\nZiel einsch\u00fcchtert und zugleich seinen Angriffs- und\nSpezial-Angriffs-Wert senkt.", "language": {"name": "de", "url": "https://pokeapi.co/api/v2/language/6/"}, "version_group": {"name": "ultra-sun-ultra-moon", "url": "https://pokeapi.co/api/v2/version-group/18/"}}, {"flavor_text": "Intimida a su oponente con un rugido de guerra, \nhaciendo que disminuyan tanto su Ataque como \nsu Ataque Especial.", "language": {"name": "es", "url": "https://pokeapi.co/api/v2/language/7/"}, "version_group": {"name": "ultra-sun-ultra-moon", "url": "https://pokeapi.co/api/v2/version-group/18/"}}, {"flavor_text": "Chi la usa emette un urlo potente che intimidisce\nil bersaglio, riducendone l\u2019Attacco e l\u2019Attacco\nSpeciale.", "language": {"name": "it", "url": "https://pokeapi.co/api/v2/language/8/"}, "version_group": {"name": "ultra-sun-ultra-moon", "url": "https://pokeapi.co/api/v2/version-group/18/"}}, {"flavor_text": "Letting out a noble roar, the user intimidates the\ntarget and lowers its Attack and Sp. Atk stats.", "language": {"name": "en", "url": "https://pokeapi.co/api/v2/language/9/"}, "version_group": {"name": "ultra-sun-ultra-moon", "url": "https://pokeapi.co/api/v2/version-group/18/"}}, {"flavor_text": "\u304a\u305f\u3051\u3073\u3092\u3000\u3042\u3052\u3066\n\u76f8\u624b\u3092\u3000\u5a01\u5687\u3057\u3000\u76f8\u624b\u306e\n\u653b\u6483\u3068\u3000\u7279\u653b\u3092\u3000\u3055\u3052\u308b\u3002", "language": {"name": "ja", "url": "https://pokeapi.co/api/v2/language/11/"}, "version_group": {"name": "ultra-sun-ultra-moon", "url": "https://pokeapi.co/api/v2/version-group/18/"}}, {"flavor_text": "\u53d1\u51fa\u6218\u543c\u5a01\u5413\u5bf9\u624b\uff0c\n\u4ece\u800c\u964d\u4f4e\u5bf9\u624b\u7684\u653b\u51fb\u548c\u7279\u653b\u3002", "language": {"name": "zh-Hans", "url": "https://pokeapi.co/api/v2/language/12/"}, "version_group": {"name": "ultra-sun-ultra-moon", "url": "https://pokeapi.co/api/v2/version-group/18/"}}, {"flavor_text": "\u304a\u305f\u3051\u3073\u3092\u3000\u3042\u3052\u3066\n\u3042\u3044\u3066\u3092\u3000\u3044\u304b\u304f\u3057\u3000\u3042\u3044\u3066\u306e\n\u3053\u3046\u3052\u304d\u3068\u3000\u3068\u304f\u3053\u3046\u3092\u3000\u3055\u3052\u308b\u3002", "language": {"name": "ja-Hrkt", "url": "https://pokeapi.co/api/v2/language/1/"}, "version_group": {"name": "lets-go-pikachu-lets-go-eevee", "url": "https://pokeapi.co/api/v2/version-group/19/"}}, {"flavor_text": "\uc6b0\ub801\ucc28\uac8c \ubd80\ub974\uc9d6\uc5b4\uc11c\n\uc0c1\ub300\ub97c \uc704\ud611\ud558\uc5ec \uc0c1\ub300\uc758 \uacf5\uaca9\uacfc\n\ud2b9\uc218\uacf5\uaca9\uc744 \ub5a8\uc5b4\ub728\ub9b0\ub2e4.", "language": {"name": "ko", "url": "https://pokeapi.co/api/v2/language/3/"}, "version_group": {"name": "lets-go-pikachu-lets-go-eevee", "url": "https://pokeapi.co/api/v2/version-group/19/"}}, {"flavor_text": "\u767c\u51fa\u6230\u543c\u5a01\u5687\u5c0d\u624b\uff0c\n\u964d\u4f4e\u5c0d\u624b\u7684\n\u653b\u64ca\u548c\u7279\u653b\u3002", "language": {"name": "zh-Hant", "url": "https://pokeapi.co/api/v2/language/4/"}, "version_group": {"name": "lets-go-pikachu-lets-go-eevee", "url": "https://pokeapi.co/api/v2/version-group/19/"}}, {"flavor_text": "Le lanceur pousse un rugissement qui intimide l\u2019ennemi\net diminue son Attaque et son Attaque Sp\u00e9ciale.", "language": {"name": "fr", "url": "https://pokeapi.co/api/v2/language/5/"}, "version_group": {"name": "lets-go-pikachu-lets-go-eevee", "url": "https://pokeapi.co/api/v2/version-group/19/"}}, {"flavor_text": "Der Anwender st\u00f6\u00dft ein Kampfgebr\u00fcll aus, das das\nZiel einsch\u00fcchtert und zugleich seinen Angriffs- und\nSpezial-Angriffs-Wert senkt.", "language": {"name": "de", "url": "https://pokeapi.co/api/v2/language/6/"}, "version_group": {"name": "lets-go-pikachu-lets-go-eevee", "url": "https://pokeapi.co/api/v2/version-group/19/"}}, {"flavor_text": "Intimida a su oponente con un rugido de guerra, lo \nque hace que disminuyan tanto su Ataque como su\nAtaque Especial.", "language": {"name": "es", "url": "https://pokeapi.co/api/v2/language/7/"}, "version_group": {"name": "lets-go-pikachu-lets-go-eevee", "url": "https://pokeapi.co/api/v2/version-group/19/"}}, {"flavor_text": "Chi la usa emette un urlo potente che intimidisce\nil bersaglio, riducendone l\u2019Attacco e l\u2019Attacco\nSpeciale.", "language": {"name": "it", "url": "https://pokeapi.co/api/v2/language/8/"}, "version_group": {"name": "lets-go-pikachu-lets-go-eevee", "url": "https://pokeapi.co/api/v2/version-group/19/"}}, {"flavor_text": "Letting out a noble roar, the user intimidates the\ntarget and lowers its Attack and Sp. Atk stats.", "language": {"name": "en", "url": "https://pokeapi.co/api/v2/language/9/"}, "version_group": {"name": "lets-go-pikachu-lets-go-eevee", "url": "https://pokeapi.co/api/v2/version-group/19/"}}, {"flavor_text": "\u304a\u305f\u3051\u3073\u3092\u3000\u3042\u3052\u3066\n\u76f8\u624b\u3092\u3000\u5a01\u5687\u3057\u3000\u76f8\u624b\u306e\n\u653b\u6483\u3068\u3000\u7279\u653b\u3092\u3000\u3055\u3052\u308b\u3002", "language": {"name": "ja", "url": "https://pokeapi.co/api/v2/language/11/"}, "version_group": {"name": "lets-go-pikachu-lets-go-eevee", "url": "https://pokeapi.co/api/v2/version-group/19/"}}, {"flavor_text": "\u53d1\u51fa\u6218\u543c\u5a01\u5413\u5bf9\u624b\uff0c\n\u4ece\u800c\u964d\u4f4e\u5bf9\u624b\u7684\u653b\u51fb\u548c\u7279\u653b\u3002", "language": {"name": "zh-Hans", "url": "https://pokeapi.co/api/v2/language/12/"}, "version_group": {"name": "lets-go-pikachu-lets-go-eevee", "url": "https://pokeapi.co/api/v2/version-group/19/"}}, {"flavor_text": "\u304a\u305f\u3051\u3073\u3092\u3000\u3042\u3052\u3066\n\u3042\u3044\u3066\u3092\u3000\u3044\u304b\u304f\u3057\u3000\u3042\u3044\u3066\u306e\n\u3053\u3046\u3052\u304d\u3068\u3000\u3068\u304f\u3053\u3046\u3092\u3000\u3055\u3052\u308b\u3002", "language": {"name": "ja-Hrkt", "url": "https://pokeapi.co/api/v2/language/1/"}, "version_group": {"name": "sword-shield", "url": "https://pokeapi.co/api/v2/version-group/20/"}}, {"flavor_text": "\uc6b0\ub801\ucc28\uac8c \ubd80\ub974\uc9d6\uc5b4\uc11c\n\uc0c1\ub300\ub97c \uc704\ud611\ud558\uc5ec \uc0c1\ub300\uc758 \uacf5\uaca9\uacfc\n\ud2b9\uc218\uacf5\uaca9\uc744 \ub5a8\uc5b4\ub728\ub9b0\ub2e4.", "language": {"name": "ko", "url": "https://pokeapi.co/api/v2/language/3/"}, "version_group": {"name": "sword-shield", "url": "https://pokeapi.co/api/v2/version-group/20/"}}, {"flavor_text": "\u767c\u51fa\u6230\u543c\u5a01\u5687\u5c0d\u624b\uff0c\n\u964d\u4f4e\u5c0d\u624b\u7684\n\u653b\u64ca\u548c\u7279\u653b\u3002", "language": {"name": "zh-Hant", "url": "https://pokeapi.co/api/v2/language/4/"}, "version_group": {"name": "sword-shield", "url": "https://pokeapi.co/api/v2/version-group/20/"}}, {"flavor_text": "Le lanceur pousse un rugissement qui intimide l\u2019ennemi\net diminue son Attaque et son Attaque Sp\u00e9ciale.", "language": {"name": "fr", "url": "https://pokeapi.co/api/v2/language/5/"}, "version_group": {"name": "sword-shield", "url": "https://pokeapi.co/api/v2/version-group/20/"}}, {"flavor_text": "Der Anwender st\u00f6\u00dft ein Kampfgebr\u00fcll aus, das das\nZiel einsch\u00fcchtert und zugleich seinen Angriffs- und\nSpezial-Angriffs-Wert senkt.", "language": {"name": "de", "url": "https://pokeapi.co/api/v2/language/6/"}, "version_group": {"name": "sword-shield", "url": "https://pokeapi.co/api/v2/version-group/20/"}}, {"flavor_text": "Intimida a su oponente con un rugido de guerra, lo que\nhace que disminuyan tanto su Ataque como su Ataque\nEspecial.", "language": {"name": "es", "url": "https://pokeapi.co/api/v2/language/7/"}, "version_group": {"name": "sword-shield", "url": "https://pokeapi.co/api/v2/version-group/20/"}}, {"flavor_text": "Chi la usa emette un urlo potente che intimidisce\nil bersaglio, riducendone l\u2019Attacco e l\u2019Attacco\nSpeciale.", "language": {"name": "it", "url": "https://pokeapi.co/api/v2/language/8/"}, "version_group": {"name": "sword-shield", "url": "https://pokeapi.co/api/v2/version-group/20/"}}, {"flavor_text": "Letting out a noble roar, the user intimidates the\ntarget and lowers its Attack and Sp. Atk stats.", "language": {"name": "en", "url": "https://pokeapi.co/api/v2/language/9/"}, "version_group": {"name": "sword-shield", "url": "https://pokeapi.co/api/v2/version-group/20/"}}, {"flavor_text": "\u304a\u305f\u3051\u3073\u3092\u3000\u3042\u3052\u3066\n\u76f8\u624b\u3092\u3000\u5a01\u5687\u3057\u3000\u76f8\u624b\u306e\n\u653b\u6483\u3068\u3000\u7279\u653b\u3092\u3000\u3055\u3052\u308b\u3002", "language": {"name": "ja", "url": "https://pokeapi.co/api/v2/language/11/"}, "version_group": {"name": "sword-shield", "url": "https://pokeapi.co/api/v2/version-group/20/"}}, {"flavor_text": "\u53d1\u51fa\u6218\u543c\u5a01\u5413\u5bf9\u624b\uff0c\n\u4ece\u800c\u964d\u4f4e\u5bf9\u624b\u7684\u653b\u51fb\u548c\u7279\u653b\u3002", "language": {"name": "zh-Hans", "url": "https://pokeapi.co/api/v2/language/12/"}, "version_group": {"name": "sword-shield", "url": "https://pokeapi.co/api/v2/version-group/20/"}}, {"flavor_text": "Letting out a noble roar, the user intimidates the target and lowers its Attack and Sp. Atk stats.", "language": {"name": "en", "url": "https://pokeapi.co/api/v2/language/9/"}, "version_group": {"name": "legends-arceus", "url": "https://pokeapi.co/api/v2/version-group/24/"}}, {"flavor_text": "Letting out a noble roar, the user intimidates the target and lowers the target's Attack and Sp. Atk stats.", "language": {"name": "en", "url": "https://pokeapi.co/api/v2/language/9/"}, "version_group": {"name": "scarlet-violet", "url": "https://pokeapi.co/api/v2/version-group/25/"}}], "generation": {"name": "generation-vi", "url": "https://pokeapi.co/api/v2/generation/6/"}, "id": 568, "learned_by_pokemon": [{"name": "wailord", "url": "https://pokeapi.co/api/v2/pokemon/321/"}, {"name": "reshiram", "url": "https://pokeapi.co/api/v2/pokemon/643/"}, {"name": "zekrom", "url": "https://pokeapi.co/api/v2/pokemon/644/"}, {"name": "kyurem", "url": "https://pokeapi.co/api/v2/pokemon/646/"}, {"name": "litleo", "url": "https://pokeapi.co/api/v2/pokemon/667/"}, {"name": "pyroar", "url": "https://pokeapi.co/api/v2/pokemon/668/"}, {"name": "jangmo-o", "url": "https://pokeapi.co/api/v2/pokemon/782/"}, {"name": "hakamo-o", "url": "https://pokeapi.co/api/v2/pokemon/783/"}, {"name": "kommo-o", "url": "https://pokeapi.co/api/v2/pokemon/784/"}, {"name": "solgaleo", "url": "https://pokeapi.co/api/v2/pokemon/791/"}, {"name": "rillaboom", "url": "https://pokeapi.co/api/v2/pokemon/812/"}, {"name": "toxtricity-amped", "url": "https://pokeapi.co/api/v2/pokemon/849/"}, {"name": "zacian", "url": "https://pokeapi.co/api/v2/pokemon/888/"}, {"name": "dondozo", "url": "https://pokeapi.co/api/v2/pokemon/977/"}, {"name": "scream-tail", "url": "https://pokeapi.co/api/v2/pokemon/985/"}, {"name": "walking-wake", "url": "https://pokeapi.co/api/v2/pokemon/1009/"}, {"name": "gouging-fire", "url": "https://pokeapi.co/api/v2/pokemon/1020/"}, {"name": "kyurem-black", "url": "https://pokeapi.co/api/v2/pokemon/10022/"}, {"name": "kyurem-white", "url": "https://pokeapi.co/api/v2/pokemon/10023/"}, {"name": "kommo-o-totem", "url": "https://pokeapi.co/api/v2/pokemon/10146/"}, {"name": "toxtricity-low-key", "url": "https://pokeapi.co/api/v2/pokemon/10184/"}, {"name": "zacian-crowned", "url": "https://pokeapi.co/api/v2/pokemon/10188/"}], "machines": [], "meta": {"ailment": {"name": "none", "url": "https://pokeapi.co/api/v2/move-ailment/0/"}, "ailment_chance": 0, "category": {"name": "net-good-stats", "url": "https://pokeapi.co/api/v2/move-category/2/"}, "crit_rate": 0, "drain": 0, "flinch_chance": 0, "healing": 0, "max_hits": null, "max_turns": null, "min_hits": null, "min_turns": null, "stat_chance": 100}, "name": "noble-roar", "names": [{"language": {"name": "ja-Hrkt", "url": "https://pokeapi.co/api/v2/language/1/"}, "name": "\u304a\u305f\u3051\u3073"}, {"language": {"name": "ko", "url": "https://pokeapi.co/api/v2/language/3/"}, "name": "\ubd80\ub974\uc9d6\uae30"}, {"language": {"name": "zh-Hant", "url": "https://pokeapi.co/api/v2/language/4/"}, "name": "\u6230\u543c"}, {"language": {"name": "fr", "url": "https://pokeapi.co/api/v2/language/5/"}, "name": "R\u00e2le M\u00e2le"}, {"language": {"name": "de", "url": "https://pokeapi.co/api/v2/language/6/"}, "name": "Kampfgebr\u00fcll"}, {"language": {"name": "es", "url": "https://pokeapi.co/api/v2/language/7/"}, "name": "Rugido de Guerra"}, {"language": {"name": "it", "url": "https://pokeapi.co/api/v2/language/8/"}, "name": "Urlo"}, {"language": {"name": "en", "url": "https://pokeapi.co/api/v2/language/9/"}, "name": "Noble Roar"}, {"language": {"name": "ja", "url": "https://pokeapi.co/api/v2/language/11/"}, "name": "\u304a\u305f\u3051\u3073"}, {"language": {"name": "zh-Hans", "url": "https://pokeapi.co/api/v2/language/12/"}, "name": "\u6218\u543c"}], "past_values": [], "power": null, "pp": 30, "priority": 0, "stat_changes": [{"change": -1, "stat": {"name": "attack", "url": "https://pokeapi.co/api/v2/stat/2/"}}, {"change": -1, "stat": {"name": "special-attack", "url": "https://pokeapi.co/api/v2/stat/4/"}}], "super_contest_effect": null, "target": {"name": "selected-pokemon", "url": "https://pokeapi.co/api/v2/move-target/10/"}, "type": {"name": "normal", "url": "https://pokeapi.co/api/v2/type/1/"}}