{"accuracy": null, "contest_combos": {"normal": {"use_after": [{"name": "curse", "url": "https://pokeapi.co/api/v2/move/174/"}], "use_before": [{"name": "destiny-bond", "url": "https://pokeapi.co/api/v2/move/194/"}, {"name": "perish-song", "url": "https://pokeapi.co/api/v2/move/195/"}]}, "super": {"use_after": null, "use_before": null}}, "contest_effect": {"url": "https://pokeapi.co/api/v2/contest-effect/18/"}, "contest_type": {"name": "beauty", "url": "https://pokeapi.co/api/v2/contest-type/2/"}, "damage_class": {"name": "status", "url": "https://pokeapi.co/api/v2/move-damage-class/1/"}, "effect_chance": null, "effect_changes": [], "effect_entries": [{"effect": "The target cannot switch out normally.  Ignores accuracy and evasion modifiers.  This effect ends when the user leaves the field.\n\nThe target may still escape by using baton pass, u turn, or a shed shell.\n\nBoth the user and the target pass on this effect with baton pass.", "language": {"name": "en", "url": "https://pokeapi.co/api/v2/language/9/"}, "short_effect": "Prevents the target from leaving battle."}], "flavor_text_entries": [{"flavor_text": "Prevents fleeing\nor switching.", "language": {"name": "en", "url": "https://pokeapi.co/api/v2/language/9/"}, "version_group": {"name": "gold-silver", "url": "https://pokeapi.co/api/v2/version-group/3/"}}, {"flavor_text": "Prevents fleeing\nor switching.", "language": {"name": "en", "url": "https://pokeapi.co/api/v2/language/9/"}, "version_group": {"name": "crystal", "url": "https://pokeapi.co/api/v2/version-group/4/"}}, {"flavor_text": "Fixes the foe with a mean\nlook that prevents escape.", "language": {"name": "en", "url": "https://pokeapi.co/api/v2/language/9/"}, "version_group": {"name": "ruby-sapphire", "url": "https://pokeapi.co/api/v2/version-group/5/"}}, {"flavor_text": "Fixes the foe with a mean\nlook that prevents escape.", "language": {"name": "en", "url": "https://pokeapi.co/api/v2/language/9/"}, "version_group": {"name": "emerald", "url": "https://pokeapi.co/api/v2/version-group/6/"}}, {"flavor_text": "The foe is fixed\nwith a mean look\nthat prevents it\nfrom escaping.", "language": {"name": "en", "url": "https://pokeapi.co/api/v2/language/9/"}, "version_group": {"name": "firered-leafgreen", "url": "https://pokeapi.co/api/v2/version-group/7/"}}, {"flavor_text": "The user affixes the\nfoe with a dark,\narresting look.\nThe target becomes\nunable to flee.", "language": {"name": "en", "url": "https://pokeapi.co/api/v2/language/9/"}, "version_group": {"name": "diamond-pearl", "url": "https://pokeapi.co/api/v2/version-group/8/"}}, {"flavor_text": "The user affixes the\nfoe with a dark,\narresting look.\nThe target becomes\nunable to flee.", "language": {"name": "en", "url": "https://pokeapi.co/api/v2/language/9/"}, "version_group": {"name": "platinum", "url": "https://pokeapi.co/api/v2/version-group/9/"}}, {"flavor_text": "The user affixes the\nfoe with a dark,\narresting look.\nThe target becomes\nunable to flee.", "language": {"name": "en", "url": "https://pokeapi.co/api/v2/language/9/"}, "version_group": {"name": "heartgold-soulsilver", "url": "https://pokeapi.co/api/v2/version-group/10/"}}, {"flavor_text": "Le lanceur p\u00e9trifie l\u2019ennemi en lui lan\u00e7ant\nun regard noir. Il devient incapable de\ns\u2019enfuir.", "language": {"name": "fr", "url": "https://pokeapi.co/api/v2/language/5/"}, "version_group": {"name": "black-white", "url": "https://pokeapi.co/api/v2/version-group/11/"}}, {"flavor_text": "The user pins the target with a dark,\narresting look.\nThe target becomes unable to flee.", "language": {"name": "en", "url": "https://pokeapi.co/api/v2/language/9/"}, "version_group": {"name": "black-white", "url": "https://pokeapi.co/api/v2/version-group/11/"}}, {"flavor_text": "The user pins the target with a dark,\narresting look.\nThe target becomes unable to flee.", "language": {"name": "en", "url": "https://pokeapi.co/api/v2/language/9/"}, "version_group": {"name": "black-2-white-2", "url": "https://pokeapi.co/api/v2/version-group/14/"}}, {"flavor_text": "\u3059\u3044\u3053\u307e\u308c\u308b\u3000\u3088\u3046\u306a\u3000\u304f\u308d\u3044\u3000\u307e\u306a\u3056\u3057\u3067\n\u3058\u3063\u3068\u3000\u307f\u3064\u3081\u3066\u3000\u3042\u3044\u3066\u3092\n\u305b\u3093\u3068\u3046\u304b\u3089\u3000\u306b\u3052\u3089\u308c\u306a\u304f\u3000\u3059\u308b\u3002", "language": {"name": "ja-Hrkt", "url": "https://pokeapi.co/api/v2/language/1/"}, "version_group": {"name": "x-y", "url": "https://pokeapi.co/api/v2/version-group/15/"}}, {"flavor_text": "\ube68\ub824 \ub4e4\uc5b4\uac08 \uac83 \uac19\uc740 \uae4c\ub9cc \ub208\ube5b\uc73c\ub85c\n\uac00\ub9cc\ud788 \uc751\uc2dc\ud558\uc5ec \uc0c1\ub300\ub97c\n\ubc30\ud2c0\uc5d0\uc11c \ub3c4\ub9dd\uac08 \uc218 \uc5c6\uac8c \ud55c\ub2e4.", "language": {"name": "ko", "url": "https://pokeapi.co/api/v2/language/3/"}, "version_group": {"name": "x-y", "url": "https://pokeapi.co/api/v2/version-group/15/"}}, {"flavor_text": "Le lanceur p\u00e9trifie l\u2019ennemi en lui lan\u00e7ant un\nregard noir. Il devient incapable de s\u2019enfuir.", "language": {"name": "fr", "url": "https://pokeapi.co/api/v2/language/5/"}, "version_group": {"name": "x-y", "url": "https://pokeapi.co/api/v2/version-group/15/"}}, {"flavor_text": "B\u00f6ser Blick, der die Flucht des Zieles vereitelt.", "language": {"name": "de", "url": "https://pokeapi.co/api/v2/language/6/"}, "version_group": {"name": "x-y", "url": "https://pokeapi.co/api/v2/version-group/15/"}}, {"flavor_text": "Mal de ojo que impide al objetivo huir de la\nbatalla.", "language": {"name": "es", "url": "https://pokeapi.co/api/v2/language/7/"}, "version_group": {"name": "x-y", "url": "https://pokeapi.co/api/v2/version-group/15/"}}, {"flavor_text": "Chi la usa blocca il bersaglio con uno sguardo\noscuro e ammaliante, impedendogli la fuga.", "language": {"name": "it", "url": "https://pokeapi.co/api/v2/language/8/"}, "version_group": {"name": "x-y", "url": "https://pokeapi.co/api/v2/version-group/15/"}}, {"flavor_text": "The user pins the target with a dark,\narresting look.\nThe target becomes unable to flee.", "language": {"name": "en", "url": "https://pokeapi.co/api/v2/language/9/"}, "version_group": {"name": "x-y", "url": "https://pokeapi.co/api/v2/version-group/15/"}}, {"flavor_text": "\u5438\u3044\u3053\u307e\u308c\u308b\u3088\u3046\u306a\u3000\u9ed2\u3044\u3000\u307e\u306a\u3056\u3057\u3067\n\u3058\u3063\u3068\u3000\u307f\u3064\u3081\u3066\u3000\u76f8\u624b\u3092\n\u6226\u95d8\u304b\u3089\u3000\u9003\u3052\u3089\u308c\u306a\u304f\u3059\u308b\u3002", "language": {"name": "ja", "url": "https://pokeapi.co/api/v2/language/11/"}, "version_group": {"name": "x-y", "url": "https://pokeapi.co/api/v2/version-group/15/"}}, {"flavor_text": "\u3059\u3044\u3053\u307e\u308c\u308b\u3000\u3088\u3046\u306a\u3000\u304f\u308d\u3044\u3000\u307e\u306a\u3056\u3057\u3067\n\u3058\u3063\u3068\u3000\u202f\u3064\u3081\u3066\u3000\u3042\u3044\u3066\u3092\n\u305b\u3093\u3068\u3046\u304b\u3089\u3000\u306b\u3052\u3089\u308c\u306a\u304f\u3000\u3059\u308b\u3002", "language": {"name": "ja-Hrkt", "url": "https://pokeapi.co/api/v2/language/1/"}, "version_group": {"name": "omega-ruby-alpha-sapphire", "url": "https://pokeapi.co/api/v2/version-group/16/"}}, {"flavor_text": "\ube68\ub824 \ub4e4\uc5b4\uac08 \uac83 \uac19\uc740 \uae4c\ub9cc \ub208\ube5b\uc73c\ub85c\n\uac00\ub9cc\ud788 \uc751\uc2dc\ud558\uc5ec \uc0c1\ub300\ub97c\n\ubc30\ud2c0\uc5d0\uc11c \ub3c4\ub9dd\uac08 \uc218 \uc5c6\uac8c \ud55c\ub2e4.", "language": {"name": "ko", "url": "https://pokeapi.co/api/v2/language/3/"}, "version_group": {"name": "omega-ruby-alpha-sapphire", "url": "https://pokeapi.co/api/v2/version-group/16/"}}, {"flavor_text": "Le lanceur p\u00e9trifie l\u2019ennemi en lui lan\u00e7ant un\nregard noir. Il devient incapable de s\u2019enfuir.", "language": {"name": "fr", "url": "https://pokeapi.co/api/v2/language/5/"}, "version_group": {"name": "omega-ruby-alpha-sapphire", "url": "https://pokeapi.co/api/v2/version-group/16/"}}, {"flavor_text": "B\u00f6ser Blick, der die Flucht des Zieles vereitelt.", "language": {"name": "de", "url": "https://pokeapi.co/api/v2/language/6/"}, "version_group": {"name": "omega-ruby-alpha-sapphire", "url": "https://pokeapi.co/api/v2/version-group/16/"}}, {"flavor_text": "Mal de ojo que impide al objetivo huir de la batalla. ", "language": {"name": "es", "url": "https://pokeapi.co/api/v2/language/7/"}, "version_group": {"name": "omega-ruby-alpha-sapphire", "url": "https://pokeapi.co/api/v2/version-group/16/"}}, {"flavor_text": "Chi la usa blocca il bersaglio con uno sguardo\noscuro e ammaliante, impedendogli la fuga.", "language": {"name": "it", "url": "https://pokeapi.co/api/v2/language/8/"}, "version_group": {"name": "omega-ruby-alpha-sapphire", "url": "https://pokeapi.co/api/v2/version-group/16/"}}, {"flavor_text": "The user pins the target with a dark,\narresting look.\nThe target becomes unable to flee.", "language": {"name": "en", "url": "https://pokeapi.co/api/v2/language/9/"}, "version_group": {"name": "omega-ruby-alpha-sapphire", "url": "https://pokeapi.co/api/v2/version-group/16/"}}, {"flavor_text": "\u5438\u3044\u3053\u307e\u308c\u308b\u3088\u3046\u306a\u3000\u9ed2\u3044\u3000\u307e\u306a\u3056\u3057\u3067\n\u3058\u3063\u3068\u3000\u202f\u3064\u3081\u3066\u3000\u76f8\u624b\u3092\n\u6226\u95d8\u304b\u3089\u3000\u9003\u3052\u3089\u308c\u306a\u304f\u3059\u308b\u3002", "language": {"name": "ja", "url": "https://pokeapi.co/api/v2/language/11/"}, "version_group": {"name": "omega-ruby-alpha-sapphire", "url": "https://pokeapi.co/api/v2/version-group/16/"}}, {"flavor_text": "\u3059\u3044\u3053\u307e\u308c\u308b\u3000\u3088\u3046\u306a\u3000\u304f\u308d\u3044\u3000\u307e\u306a\u3056\u3057\u3067\n\u3058\u3063\u3068\u3000\u307f\u3064\u3081\u3066\u3000\u3042\u3044\u3066\u3092\n\u305b\u3093\u3068\u3046\u304b\u3089\u3000\u306b\u3052\u3089\u308c\u306a\u304f\u3000\u3059\u308b\u3002", "language": {"name": "ja-Hrkt", "url": "https://pokeapi.co/api/v2/language/1/"}, "version_group": {"name": "sun-moon", "url": "https://pokeapi.co/api/v2/version-group/17/"}}, {"flavor_text": "\ube68\ub824 \ub4e4\uc5b4\uac08 \uac83 \uac19\uc740 \uae4c\ub9cc \ub208\ube5b\uc73c\ub85c\n\uac00\ub9cc\ud788 \uc751\uc2dc\ud558\uc5ec \uc0c1\ub300\ub97c\n\ubc30\ud2c0\uc5d0\uc11c \ub3c4\ub9dd\uac08 \uc218 \uc5c6\uac8c \ud55c\ub2e4.", "language": {"name": "ko", "url": "https://pokeapi.co/api/v2/language/3/"}, "version_group": {"name": "sun-moon", "url": "https://pokeapi.co/api/v2/version-group/17/"}}, {"flavor_text": "\u7528\u6f06\u9ed1\u6df1\u9083\u7684\u773c\u795e\n\u4e00\u52d5\u4e5f\u4e0d\u52d5\u5730\u51dd\u8996\u5c0d\u624b\uff0c\n\u8b93\u5c0d\u624b\u7121\u6cd5\u5f9e\u6230\u9b25\u4e2d\u9003\u8d70\u3002", "language": {"name": "zh-Hant", "url": "https://pokeapi.co/api/v2/language/4/"}, "version_group": {"name": "sun-moon", "url": "https://pokeapi.co/api/v2/version-group/17/"}}, {"flavor_text": "Le lanceur p\u00e9trifie l\u2019ennemi en lui lan\u00e7ant un\nregard noir. Il devient incapable de s\u2019enfuir.", "language": {"name": "fr", "url": "https://pokeapi.co/api/v2/language/5/"}, "version_group": {"name": "sun-moon", "url": "https://pokeapi.co/api/v2/version-group/17/"}}, {"flavor_text": "B\u00f6ser Blick, der die Flucht des Zieles vereitelt.", "language": {"name": "de", "url": "https://pokeapi.co/api/v2/language/6/"}, "version_group": {"name": "sun-moon", "url": "https://pokeapi.co/api/v2/version-group/17/"}}, {"flavor_text": "Mal de ojo que impide al objetivo huir del combate.", "language": {"name": "es", "url": "https://pokeapi.co/api/v2/language/7/"}, "version_group": {"name": "sun-moon", "url": "https://pokeapi.co/api/v2/version-group/17/"}}, {"flavor_text": "Chi la usa blocca il bersaglio con uno sguardo\noscuro e ammaliante, impedendogli la fuga.", "language": {"name": "it", "url": "https://pokeapi.co/api/v2/language/8/"}, "version_group": {"name": "sun-moon", "url": "https://pokeapi.co/api/v2/version-group/17/"}}, {"flavor_text": "The user pins the target with a dark, arresting look.\nThe target becomes unable to flee.", "language": {"name": "en", "url": "https://pokeapi.co/api/v2/language/9/"}, "version_group": {"name": "sun-moon", "url": "https://pokeapi.co/api/v2/version-group/17/"}}, {"flavor_text": "\u5438\u3044\u3053\u307e\u308c\u308b\u3088\u3046\u306a\u3000\u9ed2\u3044\u3000\u307e\u306a\u3056\u3057\u3067\n\u3058\u3063\u3068\u3000\u307f\u3064\u3081\u3066\u3000\u76f8\u624b\u3092\n\u6226\u95d8\u304b\u3089\u3000\u9003\u3052\u3089\u308c\u306a\u304f\u3059\u308b\u3002", "language": {"name": "ja", "url": "https://pokeapi.co/api/v2/language/11/"}, "version_group": {"name": "sun-moon", "url": "https://pokeapi.co/api/v2/version-group/17/"}}, {"flavor_text": "\u7528\u597d\u4f3c\u8981\u52fe\u4eba\u5fc3\u9b42\u7684\u9ed1\u8272\u76ee\u5149\n\u4e00\u52a8\u4e0d\u52a8\u5730\u51dd\u89c6\u5bf9\u624b\uff0c\n\u4f7f\u5176\u4e0d\u80fd\u4ece\u6218\u6597\u4e2d\u9003\u8d70\u3002", "language": {"name": "zh-Hans", "url": "https://pokeapi.co/api/v2/language/12/"}, "version_group": {"name": "sun-moon", "url": "https://pokeapi.co/api/v2/version-group/17/"}}, {"flavor_text": "\u3059\u3044\u3053\u307e\u308c\u308b\u3000\u3088\u3046\u306a\u3000\u304f\u308d\u3044\u3000\u307e\u306a\u3056\u3057\u3067\n\u3058\u3063\u3068\u3000\u307f\u3064\u3081\u3066\u3000\u3042\u3044\u3066\u3092\n\u305b\u3093\u3068\u3046\u304b\u3089\u3000\u306b\u3052\u3089\u308c\u306a\u304f\u3000\u3059\u308b\u3002", "language": {"name": "ja-Hrkt", "url": "https://pokeapi.co/api/v2/language/1/"}, "version_group": {"name": "ultra-sun-ultra-moon", "url": "https://pokeapi.co/api/v2/version-group/18/"}}, {"flavor_text": "\ube68\ub824 \ub4e4\uc5b4\uac08 \uac83 \uac19\uc740 \uae4c\ub9cc \ub208\ube5b\uc73c\ub85c\n\uac00\ub9cc\ud788 \uc751\uc2dc\ud558\uc5ec \uc0c1\ub300\ub97c\n\ubc30\ud2c0\uc5d0\uc11c \ub3c4\ub9dd\uac08 \uc218 \uc5c6\uac8c \ud55c\ub2e4.", "language": {"name": "ko", "url": "https://pokeapi.co/api/v2/language/3/"}, "version_group": {"name": "ultra-sun-ultra-moon", "url": "https://pokeapi.co/api/v2/version-group/18/"}}, {"flavor_text": "\u7528\u6f06\u9ed1\u6df1\u9083\u7684\u773c\u795e\n\u4e00\u52d5\u4e5f\u4e0d\u52d5\u5730\u51dd\u8996\u5c0d\u624b\uff0c\n\u8b93\u5c0d\u624b\u7121\u6cd5\u5f9e\u6230\u9b25\u4e2d\u9003\u8d70\u3002", "language": {"name": "zh-Hant", "url": "https://pokeapi.co/api/v2/language/4/"}, "version_group": {"name": "ultra-sun-ultra-moon", "url": "https://pokeapi.co/api/v2/version-group/18/"}}, {"flavor_text": "Le lanceur p\u00e9trifie l\u2019ennemi en lui lan\u00e7ant un\nregard noir. Il devient incapable de s\u2019enfuir.", "language": {"name": "fr", "url": "https://pokeapi.co/api/v2/language/5/"}, "version_group": {"name": "ultra-sun-ultra-moon", "url": "https://pokeapi.co/api/v2/version-group/18/"}}, {"flavor_text": "B\u00f6ser Blick, der die Flucht des Zieles vereitelt.", "language": {"name": "de", "url": "https://pokeapi.co/api/v2/language/6/"}, "version_group": {"name": "ultra-sun-ultra-moon", "url": "https://pokeapi.co/api/v2/version-group/18/"}}, {"flavor_text": "Mal de ojo que impide al objetivo huir del combate.", "language": {"name": "es", "url": "https://pokeapi.co/api/v2/language/7/"}, "version_group": {"name": "ultra-sun-ultra-moon", "url": "https://pokeapi.co/api/v2/version-group/18/"}}, {"flavor_text": "Chi la usa blocca il bersaglio con uno sguardo\noscuro e ammaliante, impedendogli la fuga.", "language": {"name": "it", "url": "https://pokeapi.co/api/v2/language/8/"}, "version_group": {"name": "ultra-sun-ultra-moon", "url": "https://pokeapi.co/api/v2/version-group/18/"}}, {"flavor_text": "The user pins the target with a dark, arresting look.\nThe target becomes unable to flee.", "language": {"name": "en", "url": "https://pokeapi.co/api/v2/language/9/"}, "version_group": {"name": "ultra-sun-ultra-moon", "url": "https://pokeapi.co/api/v2/version-group/18/"}}, {"flavor_text": "\u5438\u3044\u3053\u307e\u308c\u308b\u3088\u3046\u306a\u3000\u9ed2\u3044\u3000\u307e\u306a\u3056\u3057\u3067\n\u3058\u3063\u3068\u3000\u307f\u3064\u3081\u3066\u3000\u76f8\u624b\u3092\n\u6226\u95d8\u304b\u3089\u3000\u9003\u3052\u3089\u308c\u306a\u304f\u3059\u308b\u3002", "language": {"name": "ja", "url": "https://pokeapi.co/api/v2/language/11/"}, "version_group": {"name": "ultra-sun-ultra-moon", "url": "https://pokeapi.co/api/v2/version-group/18/"}}, {"flavor_text": "\u7528\u597d\u4f3c\u8981\u52fe\u4eba\u5fc3\u9b42\u7684\u9ed1\u8272\u76ee\u5149\n\u4e00\u52a8\u4e0d\u52a8\u5730\u51dd\u89c6\u5bf9\u624b\uff0c\n\u4f7f\u5176\u4e0d\u80fd\u4ece\u6218\u6597\u4e2d\u9003\u8d70\u3002", "language": {"name": "zh-Hans", "url": "https://pokeapi.co/api/v2/language/12/"}, "version_group": {"name": "ultra-sun-ultra-moon", "url": "https://pokeapi.co/api/v2/version-group/18/"}}, {"flavor_text": "\u3059\u3044\u3053\u307e\u308c\u308b\u3000\u3088\u3046\u306a\u3000\u304f\u308d\u3044\u3000\u307e\u306a\u3056\u3057\u3067\n\u3058\u3063\u3068\u3000\u307f\u3064\u3081\u3066\u3000\u3042\u3044\u3066\u3092\n\u305b\u3093\u3068\u3046\u304b\u3089\u3000\u306b\u3052\u3089\u308c\u306a\u304f\u3000\u3059\u308b\u3002", "language": {"name": "ja-Hrkt", "url": "https://pokeapi.co/api/v2/language/1/"}, "version_group": {"name": "lets-go-pikachu-lets-go-eevee", "url": "https://pokeapi.co/api/v2/version-group/19/"}}, {"flavor_text": "\ube68\ub824 \ub4e4\uc5b4\uac08 \uac83 \uac19\uc740 \uae4c\ub9cc \ub208\ube5b\uc73c\ub85c\n\uac00\ub9cc\ud788 \uc751\uc2dc\ud558\uc5ec \uc0c1\ub300\ub97c\n\ubc30\ud2c0\uc5d0\uc11c \ub3c4\ub9dd\uac08 \uc218 \uc5c6\uac8c \ud55c\ub2e4.", "language": {"name": "ko", "url": "https://pokeapi.co/api/v2/language/3/"}, "version_group": {"name": "lets-go-pikachu-lets-go-eevee", "url": "https://pokeapi.co/api/v2/version-group/19/"}}, {"flavor_text": "\u7528\u6f06\u9ed1\u6df1\u9083\u7684\u773c\u795e\n\u4e00\u52d5\u4e5f\u4e0d\u52d5\u5730\u51dd\u8996\u5c0d\u624b\uff0c\n\u8b93\u5c0d\u624b\u7121\u6cd5\u5f9e\u6230\u9b25\u4e2d\u9003\u8d70\u3002", "language": {"name": "zh-Hant", "url": "https://pokeapi.co/api/v2/language/4/"}, "version_group": {"name": "lets-go-pikachu-lets-go-eevee", "url": "https://pokeapi.co/api/v2/version-group/19/"}}, {"flavor_text": "Le lanceur p\u00e9trifie l\u2019ennemi en lui lan\u00e7ant un regard noir.\nIl devient incapable de s\u2019enfuir.", "language": {"name": "fr", "url": "https://pokeapi.co/api/v2/language/5/"}, "version_group": {"name": "lets-go-pikachu-lets-go-eevee", "url": "https://pokeapi.co/api/v2/version-group/19/"}}, {"flavor_text": "B\u00f6ser Blick, der die Flucht des Zieles vereitelt.", "language": {"name": "de", "url": "https://pokeapi.co/api/v2/language/6/"}, "version_group": {"name": "lets-go-pikachu-lets-go-eevee", "url": "https://pokeapi.co/api/v2/version-group/19/"}}, {"flavor_text": "Mal de ojo que impide al objetivo huir del combate.", "language": {"name": "es", "url": "https://pokeapi.co/api/v2/language/7/"}, "version_group": {"name": "lets-go-pikachu-lets-go-eevee", "url": "https://pokeapi.co/api/v2/version-group/19/"}}, {"flavor_text": "Chi la usa blocca il bersaglio con uno sguardo\noscuro e ammaliante, impedendogli la fuga.", "language": {"name": "it", "url": "https://pokeapi.co/api/v2/language/8/"}, "version_group": {"name": "lets-go-pikachu-lets-go-eevee", "url": "https://pokeapi.co/api/v2/version-group/19/"}}, {"flavor_text": "The user pins the target with a dark, arresting look.\nThe target becomes unable to flee.", "language": {"name": "en", "url": "https://pokeapi.co/api/v2/language/9/"}, "version_group": {"name": "lets-go-pikachu-lets-go-eevee", "url": "https://pokeapi.co/api/v2/version-group/19/"}}, {"flavor_text": "\u5438\u3044\u3053\u307e\u308c\u308b\u3088\u3046\u306a\u3000\u9ed2\u3044\u3000\u307e\u306a\u3056\u3057\u3067\n\u3058\u3063\u3068\u3000\u307f\u3064\u3081\u3066\u3000\u76f8\u624b\u3092\n\u6226\u95d8\u304b\u3089\u3000\u9003\u3052\u3089\u308c\u306a\u304f\u3059\u308b\u3002", "language": {"name": "ja", "url": "https://pokeapi.co/api/v2/language/11/"}, "version_group": {"name": "lets-go-pikachu-lets-go-eevee", "url": "https://pokeapi.co/api/v2/version-group/19/"}}, {"flavor_text": "\u7528\u597d\u4f3c\u8981\u52fe\u4eba\u5fc3\u9b42\u7684\u9ed1\u8272\u76ee\u5149\n\u4e00\u52a8\u4e0d\u52a8\u5730\u51dd\u89c6\u5bf9\u624b\uff0c\n\u4f7f\u5176\u4e0d\u80fd\u4ece\u6218\u6597\u4e2d\u9003\u8d70\u3002", "language": {"name": "zh-Hans", "url": "https://pokeapi.co/api/v2/language/12/"}, "version_group": {"name": "lets-go-pikachu-lets-go-eevee", "url": "https://pokeapi.co/api/v2/version-group/19/"}}, {"flavor_text": "\u3059\u3044\u3053\u307e\u308c\u308b\u3000\u3088\u3046\u306a\u3000\u304f\u308d\u3044\u3000\u307e\u306a\u3056\u3057\u3067\n\u3058\u3063\u3068\u3000\u307f\u3064\u3081\u3066\u3000\u3042\u3044\u3066\u3092\n\u305b\u3093\u3068\u3046\u304b\u3089\u3000\u306b\u3052\u3089\u308c\u306a\u304f\u3000\u3059\u308b\u3002", "language": {"name": "ja-Hrkt", "url": "https://pokeapi.co/api/v2/language/1/"}, "version_group": {"name": "sword-shield", "url": "https://pokeapi.co/api/v2/version-group/20/"}}, {"flavor_text": "\ube68\ub824 \ub4e4\uc5b4\uac08 \uac83 \uac19\uc740 \uae4c\ub9cc \ub208\ube5b\uc73c\ub85c\n\uac00\ub9cc\ud788 \uc751\uc2dc\ud558\uc5ec \uc0c1\ub300\ub97c\n\ubc30\ud2c0\uc5d0\uc11c \ub3c4\ub9dd\uac08 \uc218 \uc5c6\uac8c \ud55c\ub2e4.", "language": {"name": "ko", "url": "https://pokeapi.co/api/v2/language/3/"}, "version_group": {"name": "sword-shield", "url": "https://pokeapi.co/api/v2/version-group/20/"}}, {"flavor_text": "\u7528\u6f06\u9ed1\u6df1\u9083\u7684\u773c\u795e\n\u4e00\u52d5\u4e5f\u4e0d\u52d5\u5730\u51dd\u8996\u5c0d\u624b\uff0c\n\u8b93\u5c0d\u624b\u7121\u6cd5\u5f9e\u6230\u9b25\u4e2d\u9003\u8d70\u3002", "language": {"name": "zh-Hant", "url": "https://pokeapi.co/api/v2/language/4/"}, "version_group": {"name": "sword-shield", "url": "https://pokeapi.co/api/v2/version-group/20/"}}, {"flavor_text": "Le lanceur p\u00e9trifie l\u2019ennemi en lui lan\u00e7ant un regard noir.\nIl devient incapable de s\u2019enfuir.", "language": {"name": "fr", "url": "https://pokeapi.co/api/v2/language/5/"}, "version_group": {"name": "sword-shield", "url": "https://pokeapi.co/api/v2/version-group/20/"}}, {"flavor_text": "B\u00f6ser Blick, der die Flucht des Zieles vereitelt.", "language": {"name": "de", "url": "https://pokeapi.co/api/v2/language/6/"}, "version_group": {"name": "sword-shield", "url": "https://pokeapi.co/api/v2/version-group/20/"}}, {"flavor_text": "Mal de ojo que impide al objetivo huir del combate.", "language": {"name": "es", "url": "https://pokeapi.co/api/v2/language/7/"}, "version_group": {"name": "sword-shield", "url": "https://pokeapi.co/api/v2/version-group/20/"}}, {"flavor_text": "Chi la usa blocca il bersaglio con uno sguardo\noscuro e ammaliante, impedendogli la fuga.", "language": {"name": "it", "url": "https://pokeapi.co/api/v2/language/8/"}, "version_group": {"name": "sword-shield", "url": "https://pokeapi.co/api/v2/version-group/20/"}}, {"flavor_text": "The user pins the target with a dark, arresting look.\nThe target becomes unable to flee.", "language": {"name": "en", "url": "https://pokeapi.co/api/v2/language/9/"}, "version_group": {"name": "sword-shield", "url": "https://pokeapi.co/api/v2/version-group/20/"}}, {"flavor_text": "\u5438\u3044\u3053\u307e\u308c\u308b\u3088\u3046\u306a\u3000\u9ed2\u3044\u3000\u307e\u306a\u3056\u3057\u3067\n\u3058\u3063\u3068\u3000\u307f\u3064\u3081\u3066\u3000\u76f8\u624b\u3092\n\u6226\u95d8\u304b\u3089\u3000\u9003\u3052\u3089\u308c\u306a\u304f\u3059\u308b\u3002", "language": {"name": "ja", "url": "https://pokeapi.co/api/v2/language/11/"}, "version_group": {"name": "sword-shield", "url": "https://pokeapi.co/api/v2/version-group/20/"}}, {"flavor_text": "\u7528\u597d\u4f3c\u8981\u52fe\u4eba\u5fc3\u9b42\u7684\u9ed1\u8272\u76ee\u5149\n\u4e00\u52a8\u4e0d\u52a8\u5730\u51dd\u89c6\u5bf9\u624b\uff0c\n\u4f7f\u5176\u4e0d\u80fd\u4ece\u6218\u6597\u4e2d\u9003\u8d70\u3002", "language": {"name": "zh-Hans", "url": "https://pokeapi.co/api/v2/language/12/"}, "version_group": {"name": "sword-shield", "url": "https://pokeapi.co/api/v2/version-group/20/"}}, {"flavor_text": "The user pins the target with a dark, arresting look. The target becomes unable to flee.", "language": {"name": "en", "url": "https://pokeapi.co/api/v2/language/9/"}, "version_group": {"name": "legends-arceus", "url": "https://pokeapi.co/api/v2/version-group/24/"}}, {"flavor_text": "The user pins the target with a dark, arresting look. The target becomes unable to flee.", "language": {"name": "en", "url": "https://pokeapi.co/api/v2/language/9/"}, "version_group": {"name": "scarlet-violet", "url": "https://pokeapi.co/api/v2/version-group/25/"}}], "generation": {"name": "generation-ii", "url": "https://pokeapi.co/api/v2/generation/2/"}, "id": 212, "learned_by_pokemon": [{"name": "zubat", "url": "https://pokeapi.co/api/v2/pokemon/41/"}, {"name": "golbat", "url": "https://pokeapi.co/api/v2/pokemon/42/"}, {"name": "grimer", "url": "https://pokeapi.co/api/v2/pokemon/88/"}, {"name": "gastly", "url": "https://pokeapi.co/api/v2/pokemon/92/"}, {"name": "haunter", "url": "https://pokeapi.co/api/v2/pokemon/93/"}, {"name": "gengar", "url": "https://pokeapi.co/api/v2/pokemon/94/"}, {"name": "jynx", "url": "https://pokeapi.co/api/v2/pokemon/124/"}, {"name": "hoothoot", "url": "https://pokeapi.co/api/v2/pokemon/163/"}, {"name": "crobat", "url": "https://pokeapi.co/api/v2/pokemon/169/"}, {"name": "umbreon", "url": "https://pokeapi.co/api/v2/pokemon/197/"}, {"name": "murkrow", "url": "https://pokeapi.co/api/v2/pokemon/198/"}, {"name": "misdreavus", "url": "https://pokeapi.co/api/v2/pokemon/200/"}, {"name": "girafarig", "url": "https://pokeapi.co/api/v2/pokemon/203/"}, {"name": "smoochum", "url": "https://pokeapi.co/api/v2/pokemon/238/"}, {"name": "ralts", "url": "https://pokeapi.co/api/v2/pokemon/280/"}, {"name": "sableye", "url": "https://pokeapi.co/api/v2/pokemon/302/"}, {"name": "duskull", "url": "https://pokeapi.co/api/v2/pokemon/355/"}, {"name": "dusclops", "url": "https://pokeapi.co/api/v2/pokemon/356/"}, {"name": "absol", "url": "https://pokeapi.co/api/v2/pokemon/359/"}, {"name": "mismagius", "url": "https://pokeapi.co/api/v2/pokemon/429/"}, {"name": "honchkrow", "url": "https://pokeapi.co/api/v2/pokemon/430/"}, {"name": "dusknoir", "url": "https://pokeapi.co/api/v2/pokemon/477/"}, {"name": "snivy", "url": "https://pokeapi.co/api/v2/pokemon/495/"}, {"name": "servine", "url": "https://pokeapi.co/api/v2/pokemon/496/"}, {"name": "serperior", "url": "https://pokeapi.co/api/v2/pokemon/497/"}, {"name": "patrat", "url": "https://pokeapi.co/api/v2/pokemon/504/"}, {"name": "watchog", "url": "https://pokeapi.co/api/v2/pokemon/505/"}, {"name": "sandile", "url": "https://pokeapi.co/api/v2/pokemon/551/"}, {"name": "yamask", "url": "https://pokeapi.co/api/v2/pokemon/562/"}, {"name": "cofagrigus", "url": "https://pokeapi.co/api/v2/pokemon/563/"}, {"name": "gothita", "url": "https://pokeapi.co/api/v2/pokemon/574/"}, {"name": "pawniard", "url": "https://pokeapi.co/api/v2/pokemon/624/"}, {"name": "vullaby", "url": "https://pokeapi.co/api/v2/pokemon/629/"}, {"name": "mandibuzz", "url": "https://pokeapi.co/api/v2/pokemon/630/"}, {"name": "meowstic-male", "url": "https://pokeapi.co/api/v2/pokemon/678/"}, {"name": "hawlucha", "url": "https://pokeapi.co/api/v2/pokemon/701/"}, {"name": "tapu-koko", "url": "https://pokeapi.co/api/v2/pokemon/785/"}, {"name": "tapu-lele", "url": "https://pokeapi.co/api/v2/pokemon/786/"}, {"name": "tapu-bulu", "url": "https://pokeapi.co/api/v2/pokemon/787/"}, {"name": "tapu-fini", "url": "https://pokeapi.co/api/v2/pokemon/788/"}, {"name": "runerigus", "url": "https://pokeapi.co/api/v2/pokemon/867/"}, {"name": "flutter-mane", "url": "https://pokeapi.co/api/v2/pokemon/987/"}, {"name": "wo-chien", "url": "https://pokeapi.co/api/v2/pokemon/1001/"}, {"name": "chien-pao", "url": "https://pokeapi.co/api/v2/pokemon/1002/"}, {"name": "ting-lu", "url": "https://pokeapi.co/api/v2/pokemon/1003/"}, {"name": "chi-yu", "url": "https://pokeapi.co/api/v2/pokemon/1004/"}, {"name": "pecharunt", "url": "https://pokeapi.co/api/v2/pokemon/1025/"}, {"name": "gengar-mega", "url": "https://pokeapi.co/api/v2/pokemon/10038/"}, {"name": "absol-mega", "url": "https://pokeapi.co/api/v2/pokemon/10057/"}, {"name": "sableye-mega", "url": "https://pokeapi.co/api/v2/pokemon/10066/"}, {"name": "grimer-alola", "url": "https://pokeapi.co/api/v2/pokemon/10112/"}, {"name": "yamask-galar", "url": "https://pokeapi.co/api/v2/pokemon/10179/"}], "machines": [], "meta": {"ailment": {"name": "none", "url": "https://pokeapi.co/api/v2/move-ailment/0/"}, "ailment_chance": 0, "category": {"name": "unique", "url": "https://pokeapi.co/api/v2/move-category/13/"}, "crit_rate": 0, "drain": 0, "flinch_chance": 0, "healing": 0, "max_hits": null, "max_turns": null, "min_hits": null, "min_turns": null, "stat_chance": 0}, "name": "mean-look", "names": [{"language": {"name": "ja-Hrkt", "url": "https://pokeapi.co/api/v2/language/1/"}, "name": "\u304f\u308d\u3044\u307e\u306a\u3056\u3057"}, {"language": {"name": "ko", "url": "https://pokeapi.co/api/v2/language/3/"}, "name": "\uac80\uc740\ub208\ube5b"}, {"language": {"name": "zh-Hant", "url": "https://pokeapi.co/api/v2/language/4/"}, "name": "\u9ed1\u8272\u76ee\u5149"}, {"language": {"name": "fr", "url": "https://pokeapi.co/api/v2/language/5/"}, "name": "Regard Noir"}, {"language": {"name": "de", "url": "https://pokeapi.co/api/v2/language/6/"}, "name": "Horrorblick"}, {"language": {"name": "es", "url": "https://pokeapi.co/api/v2/language/7/"}, "name": "Mal de Ojo"}, {"language": {"name": "it", "url": "https://pokeapi.co/api/v2/language/8/"}, "name": "Malosguardo"}, {"language": {"name": "en", "url": "https://pokeapi.co/api/v2/language/9/"}, "name": "Mean Look"}, {"language": {"name": "ja", "url": "https://pokeapi.co/api/v2/language/11/"}, "name": "\u304f\u308d\u3044\u307e\u306a\u3056\u3057"}, {"language": {"name": "zh-Hans", "url": "https://pokeapi.co/api/v2/language/12/"}, "name": "\u9ed1\u8272\u76ee\u5149"}], "past_values": [], "power": null, "pp": 5, "priority": 0, "stat_changes": [], "super_contest_effect": {"url": "https://pokeapi.co/api/v2/super-contest-effect/10/"}, "target": {"name": "selected-pokemon", "url": "https://pokeapi.co/api/v2/move-target/10/"}, "type": {"name": "normal", "url": "https://pokeapi.co/api/v2/type/1/"}}