{"accuracy": 90, "contest_combos": {"normal": {"use_after": [{"name": "sunny-day", "url": "https://pokeapi.co/api/v2/move/241/"}], "use_before": null}, "super": {"use_after": null, "use_before": null}}, "contest_effect": {"url": "https://pokeapi.co/api/v2/contest-effect/3/"}, "contest_type": {"name": "beauty", "url": "https://pokeapi.co/api/v2/contest-type/2/"}, "damage_class": {"name": "special", "url": "https://pokeapi.co/api/v2/move-damage-class/3/"}, "effect_chance": 100, "effect_changes": [], "effect_entries": [{"effect": "Inflicts regular damage, then lowers the user\u2019s Special Attack by two stages.", "language": {"name": "en", "url": "https://pokeapi.co/api/v2/language/9/"}, "short_effect": "Lowers the user\u2019s Special Attack by two stages after inflicting damage."}], "flavor_text_entries": [{"flavor_text": "Allows a full-power attack,\nbut sharply lowers SP. ATK.", "language": {"name": "en", "url": "https://pokeapi.co/api/v2/language/9/"}, "version_group": {"name": "ruby-sapphire", "url": "https://pokeapi.co/api/v2/version-group/5/"}}, {"flavor_text": "Allows a full-power attack,\nbut sharply lowers SP. ATK.", "language": {"name": "en", "url": "https://pokeapi.co/api/v2/language/9/"}, "version_group": {"name": "emerald", "url": "https://pokeapi.co/api/v2/version-group/6/"}}, {"flavor_text": "An intense attack\nthat also sharply\nreduces the user\u2019s\nSP. ATK stat.", "language": {"name": "en", "url": "https://pokeapi.co/api/v2/language/9/"}, "version_group": {"name": "firered-leafgreen", "url": "https://pokeapi.co/api/v2/version-group/7/"}}, {"flavor_text": "The user attacks the\nfoe at full power.\nThe attack\u2019s recoil\nsharply reduces the\nuser\u2019s Sp. Atk stat.", "language": {"name": "en", "url": "https://pokeapi.co/api/v2/language/9/"}, "version_group": {"name": "diamond-pearl", "url": "https://pokeapi.co/api/v2/version-group/8/"}}, {"flavor_text": "The user attacks the\nfoe at full power.\nThe attack\u2019s recoil\nsharply reduces the\nuser\u2019s Sp. Atk stat.", "language": {"name": "en", "url": "https://pokeapi.co/api/v2/language/9/"}, "version_group": {"name": "platinum", "url": "https://pokeapi.co/api/v2/version-group/9/"}}, {"flavor_text": "The user attacks the\nfoe at full power.\nThe attack\u2019s recoil\nsharply reduces the\nuser\u2019s Sp. Atk stat.", "language": {"name": "en", "url": "https://pokeapi.co/api/v2/language/9/"}, "version_group": {"name": "heartgold-soulsilver", "url": "https://pokeapi.co/api/v2/version-group/10/"}}, {"flavor_text": "Attaque l\u2019ennemi \u00e0 pleine puissance.\nLe contrecoup baisse \u00e9norm\u00e9ment\nl\u2019Attaque Sp\u00e9ciale du lanceur.", "language": {"name": "fr", "url": "https://pokeapi.co/api/v2/language/5/"}, "version_group": {"name": "black-white", "url": "https://pokeapi.co/api/v2/version-group/11/"}}, {"flavor_text": "The user attacks the target at full power.\nThe attack\u2019s recoil harshly reduces the\nuser\u2019s Sp. Atk stat.", "language": {"name": "en", "url": "https://pokeapi.co/api/v2/language/9/"}, "version_group": {"name": "black-white", "url": "https://pokeapi.co/api/v2/version-group/11/"}}, {"flavor_text": "The user attacks the target at full power.\nThe attack\u2019s recoil harshly reduces the\nuser\u2019s Sp. Atk stat.", "language": {"name": "en", "url": "https://pokeapi.co/api/v2/language/9/"}, "version_group": {"name": "black-2-white-2", "url": "https://pokeapi.co/api/v2/version-group/14/"}}, {"flavor_text": "\u30d5\u30eb\u30d1\u30ef\u30fc\u3067\u3000\u3042\u3044\u3066\u3092\u3000\u3053\u3046\u3052\u304d\u3059\u308b\u3002\n\u3064\u304b\u3046\u3068\u3000\u306f\u3093\u3069\u3046\u3067\n\u3058\u3076\u3093\u306e\u3000\u3068\u304f\u3053\u3046\u304c\u3000\u304c\u304f\u3063\u3068\u3000\u3055\u304c\u308b\u3002", "language": {"name": "ja-Hrkt", "url": "https://pokeapi.co/api/v2/language/1/"}, "version_group": {"name": "x-y", "url": "https://pokeapi.co/api/v2/version-group/15/"}}, {"flavor_text": "\ud480 \ud30c\uc6cc\ub85c \uc0c1\ub300\ub97c \uacf5\uaca9\ud55c\ub2e4.\n\uc4f0\uba74 \ubc18\ub3d9\uc73c\ub85c\n\uc790\uc2e0\uc758 \ud2b9\uc218\uacf5\uaca9\uc774 \ud06c\uac8c \ub5a8\uc5b4\uc9c4\ub2e4.", "language": {"name": "ko", "url": "https://pokeapi.co/api/v2/language/3/"}, "version_group": {"name": "x-y", "url": "https://pokeapi.co/api/v2/version-group/15/"}}, {"flavor_text": "Attaque l\u2019ennemi \u00e0 pleine puissance.\nLe contrecoup baisse \u00e9norm\u00e9ment l\u2019Attaque\nSp\u00e9ciale du lanceur.", "language": {"name": "fr", "url": "https://pokeapi.co/api/v2/language/5/"}, "version_group": {"name": "x-y", "url": "https://pokeapi.co/api/v2/version-group/15/"}}, {"flavor_text": "Angriff mit voller Kraft, der den Spezial-Angriff\ndes Anwenders durch den R\u00fccksto\u00df stark senkt.", "language": {"name": "de", "url": "https://pokeapi.co/api/v2/language/6/"}, "version_group": {"name": "x-y", "url": "https://pokeapi.co/api/v2/version-group/15/"}}, {"flavor_text": "Ataque en toda regla que baja mucho el Ataque\nEspecial de quien lo usa.", "language": {"name": "es", "url": "https://pokeapi.co/api/v2/language/7/"}, "version_group": {"name": "x-y", "url": "https://pokeapi.co/api/v2/version-group/15/"}}, {"flavor_text": "Chi la usa sferra un potente attacco, ma\nil contraccolpo riduce di molto il suo\nAttacco Speciale.", "language": {"name": "it", "url": "https://pokeapi.co/api/v2/language/8/"}, "version_group": {"name": "x-y", "url": "https://pokeapi.co/api/v2/version-group/15/"}}, {"flavor_text": "The user attacks the target at full power.\nThe attack\u2019s recoil harshly lowers the\nuser\u2019s Sp. Atk stat.", "language": {"name": "en", "url": "https://pokeapi.co/api/v2/language/9/"}, "version_group": {"name": "x-y", "url": "https://pokeapi.co/api/v2/version-group/15/"}}, {"flavor_text": "\u30d5\u30eb\u30d1\u30ef\u30fc\u3067\u3000\u76f8\u624b\u3092\u3000\u653b\u6483\u3059\u308b\u3002\n\u4f7f\u3046\u3068\u3000\u53cd\u52d5\u3067\n\u81ea\u5206\u306e\u3000\u7279\u653b\u304c\u3000\u304c\u304f\u3063\u3068\u3000\u3055\u304c\u308b\u3002", "language": {"name": "ja", "url": "https://pokeapi.co/api/v2/language/11/"}, "version_group": {"name": "x-y", "url": "https://pokeapi.co/api/v2/version-group/15/"}}, {"flavor_text": "\u30d5\u30eb\u30d1\u30ef\u30fc\u3067\u3000\u3042\u3044\u3066\u3092\u3000\u3053\u3046\u3052\u304d\u3059\u308b\u3002\n\u3064\u304b\u3046\u3068\u3000\u306f\u3093\u3069\u3046\u3067\n\u3058\u3076\u3093\u306e\u3000\u3068\u304f\u3053\u3046\u304c\u3000\u304c\u304f\u3063\u3068\u3000\u3055\u304c\u308b\u3002", "language": {"name": "ja-Hrkt", "url": "https://pokeapi.co/api/v2/language/1/"}, "version_group": {"name": "omega-ruby-alpha-sapphire", "url": "https://pokeapi.co/api/v2/version-group/16/"}}, {"flavor_text": "\ud480 \ud30c\uc6cc\ub85c \uc0c1\ub300\ub97c \uacf5\uaca9\ud55c\ub2e4.\n\uc4f0\uba74 \ubc18\ub3d9\uc73c\ub85c\n\uc790\uc2e0\uc758 \ud2b9\uc218\uacf5\uaca9\uc774 \ud06c\uac8c \ub5a8\uc5b4\uc9c4\ub2e4.", "language": {"name": "ko", "url": "https://pokeapi.co/api/v2/language/3/"}, "version_group": {"name": "omega-ruby-alpha-sapphire", "url": "https://pokeapi.co/api/v2/version-group/16/"}}, {"flavor_text": "Attaque l\u2019ennemi \u00e0 pleine puissance.\nLe contrecoup baisse fortement l\u2019Attaque\nSp\u00e9ciale du lanceur.", "language": {"name": "fr", "url": "https://pokeapi.co/api/v2/language/5/"}, "version_group": {"name": "omega-ruby-alpha-sapphire", "url": "https://pokeapi.co/api/v2/version-group/16/"}}, {"flavor_text": "Angriff mit voller Kraft, der den Spezial-Angriff\ndes Anwenders durch den R\u00fccksto\u00df stark senkt.", "language": {"name": "de", "url": "https://pokeapi.co/api/v2/language/6/"}, "version_group": {"name": "omega-ruby-alpha-sapphire", "url": "https://pokeapi.co/api/v2/version-group/16/"}}, {"flavor_text": "Ataque en toda regla que baja mucho el Ataque \nEspecial de quien lo usa.", "language": {"name": "es", "url": "https://pokeapi.co/api/v2/language/7/"}, "version_group": {"name": "omega-ruby-alpha-sapphire", "url": "https://pokeapi.co/api/v2/version-group/16/"}}, {"flavor_text": "Chi la usa sferra un potente attacco, ma\nil contraccolpo riduce di molto il suo\nAttacco Speciale.", "language": {"name": "it", "url": "https://pokeapi.co/api/v2/language/8/"}, "version_group": {"name": "omega-ruby-alpha-sapphire", "url": "https://pokeapi.co/api/v2/version-group/16/"}}, {"flavor_text": "The user attacks the target at full power.\nThe attack\u2019s recoil harshly lowers the\nuser\u2019s Sp. Atk stat.", "language": {"name": "en", "url": "https://pokeapi.co/api/v2/language/9/"}, "version_group": {"name": "omega-ruby-alpha-sapphire", "url": "https://pokeapi.co/api/v2/version-group/16/"}}, {"flavor_text": "\u30d5\u30eb\u30d1\u30ef\u30fc\u3067\u3000\u76f8\u624b\u3092\u3000\u653b\u6483\u3059\u308b\u3002\n\u4f7f\u3046\u3068\u3000\u53cd\u52d5\u3067\n\u81ea\u5206\u306e\u3000\u7279\u653b\u304c\u3000\u304c\u304f\u3063\u3068\u3000\u3055\u304c\u308b\u3002", "language": {"name": "ja", "url": "https://pokeapi.co/api/v2/language/11/"}, "version_group": {"name": "omega-ruby-alpha-sapphire", "url": "https://pokeapi.co/api/v2/version-group/16/"}}, {"flavor_text": "\u30d5\u30eb\u30d1\u30ef\u30fc\u3067\u3000\u3042\u3044\u3066\u3092\u3000\u3053\u3046\u3052\u304d\u3059\u308b\u3002\n\u3064\u304b\u3046\u3068\u3000\u306f\u3093\u3069\u3046\u3067\n\u3058\u3076\u3093\u306e\u3000\u3068\u304f\u3053\u3046\u304c\u3000\u304c\u304f\u3063\u3068\u3000\u3055\u304c\u308b\u3002", "language": {"name": "ja-Hrkt", "url": "https://pokeapi.co/api/v2/language/1/"}, "version_group": {"name": "sun-moon", "url": "https://pokeapi.co/api/v2/version-group/17/"}}, {"flavor_text": "\ud480 \ud30c\uc6cc\ub85c \uc0c1\ub300\ub97c \uacf5\uaca9\ud55c\ub2e4.\n\uc4f0\uba74 \ubc18\ub3d9\uc73c\ub85c\n\uc790\uc2e0\uc758 \ud2b9\uc218\uacf5\uaca9\uc774 \ud06c\uac8c \ub5a8\uc5b4\uc9c4\ub2e4.", "language": {"name": "ko", "url": "https://pokeapi.co/api/v2/language/3/"}, "version_group": {"name": "sun-moon", "url": "https://pokeapi.co/api/v2/version-group/17/"}}, {"flavor_text": "\u91cb\u653e\u5168\u90e8\u80fd\u91cf\u653b\u64ca\u5c0d\u624b\u3002\n\u4f7f\u7528\u5f8c\u56e0\u70ba\u53cd\u4f5c\u7528\u529b\uff0c\n\u81ea\u5df1\u7684\u7279\u653b\u6703\u5927\u5e45\u964d\u4f4e\u3002", "language": {"name": "zh-Hant", "url": "https://pokeapi.co/api/v2/language/4/"}, "version_group": {"name": "sun-moon", "url": "https://pokeapi.co/api/v2/version-group/17/"}}, {"flavor_text": "Attaque l\u2019ennemi \u00e0 pleine puissance.\nLe contrecoup baisse beaucoup l\u2019Attaque\nSp\u00e9ciale du lanceur.", "language": {"name": "fr", "url": "https://pokeapi.co/api/v2/language/5/"}, "version_group": {"name": "sun-moon", "url": "https://pokeapi.co/api/v2/version-group/17/"}}, {"flavor_text": "Angriff mit voller Kraft, der den Spezial-Angriff des\nAnwenders durch den R\u00fccksto\u00df stark senkt.", "language": {"name": "de", "url": "https://pokeapi.co/api/v2/language/6/"}, "version_group": {"name": "sun-moon", "url": "https://pokeapi.co/api/v2/version-group/17/"}}, {"flavor_text": "Ataque en toda regla que baja mucho el Ataque \nEspecial de quien lo usa.", "language": {"name": "es", "url": "https://pokeapi.co/api/v2/language/7/"}, "version_group": {"name": "sun-moon", "url": "https://pokeapi.co/api/v2/version-group/17/"}}, {"flavor_text": "Chi la usa sferra un potente attacco, ma\nil contraccolpo riduce di molto il suo\nAttacco Speciale.", "language": {"name": "it", "url": "https://pokeapi.co/api/v2/language/8/"}, "version_group": {"name": "sun-moon", "url": "https://pokeapi.co/api/v2/version-group/17/"}}, {"flavor_text": "The user attacks the target at full power. The\nattack\u2019s recoil harshly lowers the user\u2019s Sp. Atk stat.", "language": {"name": "en", "url": "https://pokeapi.co/api/v2/language/9/"}, "version_group": {"name": "sun-moon", "url": "https://pokeapi.co/api/v2/version-group/17/"}}, {"flavor_text": "\u30d5\u30eb\u30d1\u30ef\u30fc\u3067\u3000\u76f8\u624b\u3092\u3000\u653b\u6483\u3059\u308b\u3002\n\u4f7f\u3046\u3068\u3000\u53cd\u52d5\u3067\n\u81ea\u5206\u306e\u3000\u7279\u653b\u304c\u3000\u304c\u304f\u3063\u3068\u3000\u3055\u304c\u308b\u3002", "language": {"name": "ja", "url": "https://pokeapi.co/api/v2/language/11/"}, "version_group": {"name": "sun-moon", "url": "https://pokeapi.co/api/v2/version-group/17/"}}, {"flavor_text": "\u4f7f\u51fa\u5168\u90e8\u529b\u91cf\u653b\u51fb\u5bf9\u624b\u3002\n\u4f7f\u7528\u4e4b\u540e\u4f1a\u56e0\u4e3a\u53cd\u4f5c\u7528\u529b\uff0c\n\u81ea\u5df1\u7684\u7279\u653b\u5927\u5e45\u964d\u4f4e\u3002", "language": {"name": "zh-Hans", "url": "https://pokeapi.co/api/v2/language/12/"}, "version_group": {"name": "sun-moon", "url": "https://pokeapi.co/api/v2/version-group/17/"}}, {"flavor_text": "\u30d5\u30eb\u30d1\u30ef\u30fc\u3067\u3000\u3042\u3044\u3066\u3092\u3000\u3053\u3046\u3052\u304d\u3059\u308b\u3002\n\u3064\u304b\u3046\u3068\u3000\u306f\u3093\u3069\u3046\u3067\n\u3058\u3076\u3093\u306e\u3000\u3068\u304f\u3053\u3046\u304c\u3000\u304c\u304f\u3063\u3068\u3000\u3055\u304c\u308b\u3002", "language": {"name": "ja-Hrkt", "url": "https://pokeapi.co/api/v2/language/1/"}, "version_group": {"name": "ultra-sun-ultra-moon", "url": "https://pokeapi.co/api/v2/version-group/18/"}}, {"flavor_text": "\ud480 \ud30c\uc6cc\ub85c \uc0c1\ub300\ub97c \uacf5\uaca9\ud55c\ub2e4.\n\uc4f0\uba74 \ubc18\ub3d9\uc73c\ub85c\n\uc790\uc2e0\uc758 \ud2b9\uc218\uacf5\uaca9\uc774 \ud06c\uac8c \ub5a8\uc5b4\uc9c4\ub2e4.", "language": {"name": "ko", "url": "https://pokeapi.co/api/v2/language/3/"}, "version_group": {"name": "ultra-sun-ultra-moon", "url": "https://pokeapi.co/api/v2/version-group/18/"}}, {"flavor_text": "\u91cb\u653e\u5168\u90e8\u80fd\u91cf\u653b\u64ca\u5c0d\u624b\u3002\n\u4f7f\u7528\u5f8c\u56e0\u70ba\u53cd\u4f5c\u7528\u529b\uff0c\n\u81ea\u5df1\u7684\u7279\u653b\u6703\u5927\u5e45\u964d\u4f4e\u3002", "language": {"name": "zh-Hant", "url": "https://pokeapi.co/api/v2/language/4/"}, "version_group": {"name": "ultra-sun-ultra-moon", "url": "https://pokeapi.co/api/v2/version-group/18/"}}, {"flavor_text": "Attaque l\u2019ennemi \u00e0 pleine puissance.\nLe contrecoup baisse beaucoup l\u2019Attaque\nSp\u00e9ciale du lanceur.", "language": {"name": "fr", "url": "https://pokeapi.co/api/v2/language/5/"}, "version_group": {"name": "ultra-sun-ultra-moon", "url": "https://pokeapi.co/api/v2/version-group/18/"}}, {"flavor_text": "Angriff mit voller Kraft, der den Spezial-Angriff des\nAnwenders durch den R\u00fccksto\u00df stark senkt.", "language": {"name": "de", "url": "https://pokeapi.co/api/v2/language/6/"}, "version_group": {"name": "ultra-sun-ultra-moon", "url": "https://pokeapi.co/api/v2/version-group/18/"}}, {"flavor_text": "Ataque en toda regla que baja mucho el Ataque \nEspecial de quien lo usa.", "language": {"name": "es", "url": "https://pokeapi.co/api/v2/language/7/"}, "version_group": {"name": "ultra-sun-ultra-moon", "url": "https://pokeapi.co/api/v2/version-group/18/"}}, {"flavor_text": "Chi la usa sferra un potente attacco, ma\nil contraccolpo riduce di molto il suo\nAttacco Speciale.", "language": {"name": "it", "url": "https://pokeapi.co/api/v2/language/8/"}, "version_group": {"name": "ultra-sun-ultra-moon", "url": "https://pokeapi.co/api/v2/version-group/18/"}}, {"flavor_text": "The user attacks the target at full power. The\nattack\u2019s recoil harshly lowers the user\u2019s Sp. Atk stat.", "language": {"name": "en", "url": "https://pokeapi.co/api/v2/language/9/"}, "version_group": {"name": "ultra-sun-ultra-moon", "url": "https://pokeapi.co/api/v2/version-group/18/"}}, {"flavor_text": "\u30d5\u30eb\u30d1\u30ef\u30fc\u3067\u3000\u76f8\u624b\u3092\u3000\u653b\u6483\u3059\u308b\u3002\n\u4f7f\u3046\u3068\u3000\u53cd\u52d5\u3067\n\u81ea\u5206\u306e\u3000\u7279\u653b\u304c\u3000\u304c\u304f\u3063\u3068\u3000\u3055\u304c\u308b\u3002", "language": {"name": "ja", "url": "https://pokeapi.co/api/v2/language/11/"}, "version_group": {"name": "ultra-sun-ultra-moon", "url": "https://pokeapi.co/api/v2/version-group/18/"}}, {"flavor_text": "\u4f7f\u51fa\u5168\u90e8\u529b\u91cf\u653b\u51fb\u5bf9\u624b\u3002\n\u4f7f\u7528\u4e4b\u540e\u4f1a\u56e0\u4e3a\u53cd\u4f5c\u7528\u529b\uff0c\n\u81ea\u5df1\u7684\u7279\u653b\u5927\u5e45\u964d\u4f4e\u3002", "language": {"name": "zh-Hans", "url": "https://pokeapi.co/api/v2/language/12/"}, "version_group": {"name": "ultra-sun-ultra-moon", "url": "https://pokeapi.co/api/v2/version-group/18/"}}, {"flavor_text": "\u30d5\u30eb\u30d1\u30ef\u30fc\u3067\u3000\u3042\u3044\u3066\u3092\u3000\u3053\u3046\u3052\u304d\u3059\u308b\u3002\n\u3064\u304b\u3046\u3068\u3000\u306f\u3093\u3069\u3046\u3067\n\u3058\u3076\u3093\u306e\u3000\u3068\u304f\u3053\u3046\u304c\u3000\u304c\u304f\u3063\u3068\u3000\u3055\u304c\u308b\u3002", "language": {"name": "ja-Hrkt", "url": "https://pokeapi.co/api/v2/language/1/"}, "version_group": {"name": "lets-go-pikachu-lets-go-eevee", "url": "https://pokeapi.co/api/v2/version-group/19/"}}, {"flavor_text": "\ud480 \ud30c\uc6cc\ub85c \uc0c1\ub300\ub97c \uacf5\uaca9\ud55c\ub2e4.\n\uc4f0\uba74 \ubc18\ub3d9\uc73c\ub85c\n\uc790\uc2e0\uc758 \ud2b9\uc218\uacf5\uaca9\uc774 \ud06c\uac8c \ub5a8\uc5b4\uc9c4\ub2e4.", "language": {"name": "ko", "url": "https://pokeapi.co/api/v2/language/3/"}, "version_group": {"name": "lets-go-pikachu-lets-go-eevee", "url": "https://pokeapi.co/api/v2/version-group/19/"}}, {"flavor_text": "\u91cb\u653e\u5168\u90e8\u80fd\u91cf\u653b\u64ca\u5c0d\u624b\u3002\n\u4f7f\u7528\u5f8c\u56e0\u70ba\u53cd\u4f5c\u7528\u529b\uff0c\n\u81ea\u5df1\u7684\u7279\u653b\u6703\u5927\u5e45\u964d\u4f4e\u3002", "language": {"name": "zh-Hant", "url": "https://pokeapi.co/api/v2/language/4/"}, "version_group": {"name": "lets-go-pikachu-lets-go-eevee", "url": "https://pokeapi.co/api/v2/version-group/19/"}}, {"flavor_text": "Attaque l\u2019ennemi \u00e0 pleine puissance.\nLe contrecoup baisse beaucoup l\u2019Attaque Sp\u00e9ciale\ndu lanceur.", "language": {"name": "fr", "url": "https://pokeapi.co/api/v2/language/5/"}, "version_group": {"name": "lets-go-pikachu-lets-go-eevee", "url": "https://pokeapi.co/api/v2/version-group/19/"}}, {"flavor_text": "Angriff mit voller Kraft, der den Spezial-Angriff des\nAnwenders durch den R\u00fccksto\u00df stark senkt.", "language": {"name": "de", "url": "https://pokeapi.co/api/v2/language/6/"}, "version_group": {"name": "lets-go-pikachu-lets-go-eevee", "url": "https://pokeapi.co/api/v2/version-group/19/"}}, {"flavor_text": "Ataque en toda regla que baja mucho el Ataque \nEspecial de quien lo usa.", "language": {"name": "es", "url": "https://pokeapi.co/api/v2/language/7/"}, "version_group": {"name": "lets-go-pikachu-lets-go-eevee", "url": "https://pokeapi.co/api/v2/version-group/19/"}}, {"flavor_text": "Chi la usa sferra un potente attacco, ma\nil contraccolpo riduce di molto il suo\nAttacco Speciale.", "language": {"name": "it", "url": "https://pokeapi.co/api/v2/language/8/"}, "version_group": {"name": "lets-go-pikachu-lets-go-eevee", "url": "https://pokeapi.co/api/v2/version-group/19/"}}, {"flavor_text": "The user attacks the target at full power. The\nattack\u2019s recoil harshly lowers the user\u2019s Sp. Atk stat.", "language": {"name": "en", "url": "https://pokeapi.co/api/v2/language/9/"}, "version_group": {"name": "lets-go-pikachu-lets-go-eevee", "url": "https://pokeapi.co/api/v2/version-group/19/"}}, {"flavor_text": "\u30d5\u30eb\u30d1\u30ef\u30fc\u3067\u3000\u76f8\u624b\u3092\u3000\u653b\u6483\u3059\u308b\u3002\n\u4f7f\u3046\u3068\u3000\u53cd\u52d5\u3067\n\u81ea\u5206\u306e\u3000\u7279\u653b\u304c\u3000\u304c\u304f\u3063\u3068\u3000\u3055\u304c\u308b\u3002", "language": {"name": "ja", "url": "https://pokeapi.co/api/v2/language/11/"}, "version_group": {"name": "lets-go-pikachu-lets-go-eevee", "url": "https://pokeapi.co/api/v2/version-group/19/"}}, {"flavor_text": "\u4f7f\u51fa\u5168\u90e8\u529b\u91cf\u653b\u51fb\u5bf9\u624b\u3002\n\u4f7f\u7528\u4e4b\u540e\u4f1a\u56e0\u4e3a\u53cd\u4f5c\u7528\u529b\uff0c\n\u81ea\u5df1\u7684\u7279\u653b\u5927\u5e45\u964d\u4f4e\u3002", "language": {"name": "zh-Hans", "url": "https://pokeapi.co/api/v2/language/12/"}, "version_group": {"name": "lets-go-pikachu-lets-go-eevee", "url": "https://pokeapi.co/api/v2/version-group/19/"}}, {"flavor_text": "\u30d5\u30eb\u30d1\u30ef\u30fc\u3067\u3000\u3042\u3044\u3066\u3092\u3000\u3053\u3046\u3052\u304d\u3059\u308b\u3002\n\u3064\u304b\u3046\u3068\u3000\u306f\u3093\u3069\u3046\u3067\n\u3058\u3076\u3093\u306e\u3000\u3068\u304f\u3053\u3046\u304c\u3000\u304c\u304f\u3063\u3068\u3000\u3055\u304c\u308b\u3002", "language": {"name": "ja-Hrkt", "url": "https://pokeapi.co/api/v2/language/1/"}, "version_group": {"name": "sword-shield", "url": "https://pokeapi.co/api/v2/version-group/20/"}}, {"flavor_text": "\ud480 \ud30c\uc6cc\ub85c \uc0c1\ub300\ub97c \uacf5\uaca9\ud55c\ub2e4.\n\uc4f0\uba74 \ubc18\ub3d9\uc73c\ub85c\n\uc790\uc2e0\uc758 \ud2b9\uc218\uacf5\uaca9\uc774 \ud06c\uac8c \ub5a8\uc5b4\uc9c4\ub2e4.", "language": {"name": "ko", "url": "https://pokeapi.co/api/v2/language/3/"}, "version_group": {"name": "sword-shield", "url": "https://pokeapi.co/api/v2/version-group/20/"}}, {"flavor_text": "\u91cb\u653e\u5168\u90e8\u80fd\u91cf\u653b\u64ca\u5c0d\u624b\u3002\n\u4f7f\u7528\u5f8c\u56e0\u70ba\u53cd\u4f5c\u7528\u529b\uff0c\n\u81ea\u5df1\u7684\u7279\u653b\u6703\u5927\u5e45\u964d\u4f4e\u3002", "language": {"name": "zh-Hant", "url": "https://pokeapi.co/api/v2/language/4/"}, "version_group": {"name": "sword-shield", "url": "https://pokeapi.co/api/v2/version-group/20/"}}, {"flavor_text": "Attaque l\u2019ennemi \u00e0 pleine puissance.\nLe contrecoup baisse beaucoup l\u2019Attaque Sp\u00e9ciale\ndu lanceur.", "language": {"name": "fr", "url": "https://pokeapi.co/api/v2/language/5/"}, "version_group": {"name": "sword-shield", "url": "https://pokeapi.co/api/v2/version-group/20/"}}, {"flavor_text": "Angriff mit voller Kraft, der den Spezial-Angriff des\nAnwenders durch den R\u00fccksto\u00df stark senkt.", "language": {"name": "de", "url": "https://pokeapi.co/api/v2/language/6/"}, "version_group": {"name": "sword-shield", "url": "https://pokeapi.co/api/v2/version-group/20/"}}, {"flavor_text": "Ataque en toda regla que baja mucho el Ataque \nEspecial de quien lo usa.", "language": {"name": "es", "url": "https://pokeapi.co/api/v2/language/7/"}, "version_group": {"name": "sword-shield", "url": "https://pokeapi.co/api/v2/version-group/20/"}}, {"flavor_text": "Chi la usa sferra un potente attacco, ma il contraccolpo\nriduce di molto il suo Attacco Speciale.", "language": {"name": "it", "url": "https://pokeapi.co/api/v2/language/8/"}, "version_group": {"name": "sword-shield", "url": "https://pokeapi.co/api/v2/version-group/20/"}}, {"flavor_text": "The user attacks the target at full power. The attack\u2019s\nrecoil harshly lowers the user\u2019s Sp. Atk stat.", "language": {"name": "en", "url": "https://pokeapi.co/api/v2/language/9/"}, "version_group": {"name": "sword-shield", "url": "https://pokeapi.co/api/v2/version-group/20/"}}, {"flavor_text": "\u30d5\u30eb\u30d1\u30ef\u30fc\u3067\u3000\u76f8\u624b\u3092\u3000\u653b\u6483\u3059\u308b\u3002\n\u4f7f\u3046\u3068\u3000\u53cd\u52d5\u3067\n\u81ea\u5206\u306e\u3000\u7279\u653b\u304c\u3000\u304c\u304f\u3063\u3068\u3000\u3055\u304c\u308b\u3002", "language": {"name": "ja", "url": "https://pokeapi.co/api/v2/language/11/"}, "version_group": {"name": "sword-shield", "url": "https://pokeapi.co/api/v2/version-group/20/"}}, {"flavor_text": "\u4f7f\u51fa\u5168\u90e8\u529b\u91cf\u653b\u51fb\u5bf9\u624b\u3002\n\u4f7f\u7528\u4e4b\u540e\u4f1a\u56e0\u4e3a\u53cd\u4f5c\u7528\u529b\uff0c\n\u81ea\u5df1\u7684\u7279\u653b\u5927\u5e45\u964d\u4f4e\u3002", "language": {"name": "zh-Hans", "url": "https://pokeapi.co/api/v2/language/12/"}, "version_group": {"name": "sword-shield", "url": "https://pokeapi.co/api/v2/version-group/20/"}}, {"flavor_text": "The user attacks the target at full power. The recoil from this move lowers the user\u2019s offensive stats.", "language": {"name": "en", "url": "https://pokeapi.co/api/v2/language/9/"}, "version_group": {"name": "legends-arceus", "url": "https://pokeapi.co/api/v2/version-group/24/"}}, {"flavor_text": "The user attacks the target with all its might. The recoil from this move harshly lowers the user's Sp. Atk stat.", "language": {"name": "en", "url": "https://pokeapi.co/api/v2/language/9/"}, "version_group": {"name": "scarlet-violet", "url": "https://pokeapi.co/api/v2/version-group/25/"}}], "generation": {"name": "generation-iii", "url": "https://pokeapi.co/api/v2/generation/3/"}, "id": 315, "learned_by_pokemon": [{"name": "charmander", "url": "https://pokeapi.co/api/v2/pokemon/4/"}, {"name": "charmeleon", "url": "https://pokeapi.co/api/v2/pokemon/5/"}, {"name": "charizard", "url": "https://pokeapi.co/api/v2/pokemon/6/"}, {"name": "vulpix", "url": "https://pokeapi.co/api/v2/pokemon/37/"}, {"name": "ninetales", "url": "https://pokeapi.co/api/v2/pokemon/38/"}, {"name": "mankey", "url": "https://pokeapi.co/api/v2/pokemon/56/"}, {"name": "primeape", "url": "https://pokeapi.co/api/v2/pokemon/57/"}, {"name": "growlithe", "url": "https://pokeapi.co/api/v2/pokemon/58/"}, {"name": "arcanine", "url": "https://pokeapi.co/api/v2/pokemon/59/"}, {"name": "ponyta", "url": "https://pokeapi.co/api/v2/pokemon/77/"}, {"name": "rapidash", "url": "https://pokeapi.co/api/v2/pokemon/78/"}, {"name": "magmar", "url": "https://pokeapi.co/api/v2/pokemon/126/"}, {"name": "flareon", "url": "https://pokeapi.co/api/v2/pokemon/136/"}, {"name": "moltres", "url": "https://pokeapi.co/api/v2/pokemon/146/"}, {"name": "mew", "url": "https://pokeapi.co/api/v2/pokemon/151/"}, {"name": "cyndaquil", "url": "https://pokeapi.co/api/v2/pokemon/155/"}, {"name": "quilava", "url": "https://pokeapi.co/api/v2/pokemon/156/"}, {"name": "typhlosion", "url": "https://pokeapi.co/api/v2/pokemon/157/"}, {"name": "snubbull", "url": "https://pokeapi.co/api/v2/pokemon/209/"}, {"name": "granbull", "url": "https://pokeapi.co/api/v2/pokemon/210/"}, {"name": "slugma", "url": "https://pokeapi.co/api/v2/pokemon/218/"}, {"name": "magcargo", "url": "https://pokeapi.co/api/v2/pokemon/219/"}, {"name": "houndour", "url": "https://pokeapi.co/api/v2/pokemon/228/"}, {"name": "houndoom", "url": "https://pokeapi.co/api/v2/pokemon/229/"}, {"name": "magby", "url": "https://pokeapi.co/api/v2/pokemon/240/"}, {"name": "entei", "url": "https://pokeapi.co/api/v2/pokemon/244/"}, {"name": "ho-oh", "url": "https://pokeapi.co/api/v2/pokemon/250/"}, {"name": "torchic", "url": "https://pokeapi.co/api/v2/pokemon/255/"}, {"name": "combusken", "url": "https://pokeapi.co/api/v2/pokemon/256/"}, {"name": "blaziken", "url": "https://pokeapi.co/api/v2/pokemon/257/"}, {"name": "loudred", "url": "https://pokeapi.co/api/v2/pokemon/294/"}, {"name": "exploud", "url": "https://pokeapi.co/api/v2/pokemon/295/"}, {"name": "manectric", "url": "https://pokeapi.co/api/v2/pokemon/310/"}, {"name": "numel", "url": "https://pokeapi.co/api/v2/pokemon/322/"}, {"name": "camerupt", "url": "https://pokeapi.co/api/v2/pokemon/323/"}, {"name": "torkoal", "url": "https://pokeapi.co/api/v2/pokemon/324/"}, {"name": "solrock", "url": "https://pokeapi.co/api/v2/pokemon/338/"}, {"name": "groudon", "url": "https://pokeapi.co/api/v2/pokemon/383/"}, {"name": "rayquaza", "url": "https://pokeapi.co/api/v2/pokemon/384/"}, {"name": "chimchar", "url": "https://pokeapi.co/api/v2/pokemon/390/"}, {"name": "monferno", "url": "https://pokeapi.co/api/v2/pokemon/391/"}, {"name": "infernape", "url": "https://pokeapi.co/api/v2/pokemon/392/"}, {"name": "magmortar", "url": "https://pokeapi.co/api/v2/pokemon/467/"}, {"name": "dialga", "url": "https://pokeapi.co/api/v2/pokemon/483/"}, {"name": "heatran", "url": "https://pokeapi.co/api/v2/pokemon/485/"}, {"name": "arceus", "url": "https://pokeapi.co/api/v2/pokemon/493/"}, {"name": "victini", "url": "https://pokeapi.co/api/v2/pokemon/494/"}, {"name": "tepig", "url": "https://pokeapi.co/api/v2/pokemon/498/"}, {"name": "pignite", "url": "https://pokeapi.co/api/v2/pokemon/499/"}, {"name": "emboar", "url": "https://pokeapi.co/api/v2/pokemon/500/"}, {"name": "pansear", "url": "https://pokeapi.co/api/v2/pokemon/513/"}, {"name": "simisear", "url": "https://pokeapi.co/api/v2/pokemon/514/"}, {"name": "zebstrika", "url": "https://pokeapi.co/api/v2/pokemon/523/"}, {"name": "darumaka", "url": "https://pokeapi.co/api/v2/pokemon/554/"}, {"name": "darmanitan-standard", "url": "https://pokeapi.co/api/v2/pokemon/555/"}, {"name": "litwick", "url": "https://pokeapi.co/api/v2/pokemon/607/"}, {"name": "lampent", "url": "https://pokeapi.co/api/v2/pokemon/608/"}, {"name": "chandelure", "url": "https://pokeapi.co/api/v2/pokemon/609/"}, {"name": "heatmor", "url": "https://pokeapi.co/api/v2/pokemon/631/"}, {"name": "larvesta", "url": "https://pokeapi.co/api/v2/pokemon/636/"}, {"name": "volcarona", "url": "https://pokeapi.co/api/v2/pokemon/637/"}, {"name": "reshiram", "url": "https://pokeapi.co/api/v2/pokemon/643/"}, {"name": "fennekin", "url": "https://pokeapi.co/api/v2/pokemon/653/"}, {"name": "braixen", "url": "https://pokeapi.co/api/v2/pokemon/654/"}, {"name": "delphox", "url": "https://pokeapi.co/api/v2/pokemon/655/"}, {"name": "fletchling", "url": "https://pokeapi.co/api/v2/pokemon/661/"}, {"name": "fletchinder", "url": "https://pokeapi.co/api/v2/pokemon/662/"}, {"name": "talonflame", "url": "https://pokeapi.co/api/v2/pokemon/663/"}, {"name": "litleo", "url": "https://pokeapi.co/api/v2/pokemon/667/"}, {"name": "pyroar", "url": "https://pokeapi.co/api/v2/pokemon/668/"}, {"name": "volcanion", "url": "https://pokeapi.co/api/v2/pokemon/721/"}, {"name": "litten", "url": "https://pokeapi.co/api/v2/pokemon/725/"}, {"name": "torracat", "url": "https://pokeapi.co/api/v2/pokemon/726/"}, {"name": "incineroar", "url": "https://pokeapi.co/api/v2/pokemon/727/"}, {"name": "toucannon", "url": "https://pokeapi.co/api/v2/pokemon/733/"}, {"name": "salandit", "url": "https://pokeapi.co/api/v2/pokemon/757/"}, {"name": "salazzle", "url": "https://pokeapi.co/api/v2/pokemon/758/"}, {"name": "turtonator", "url": "https://pokeapi.co/api/v2/pokemon/776/"}, {"name": "blacephalon", "url": "https://pokeapi.co/api/v2/pokemon/806/"}, {"name": "scorbunny", "url": "https://pokeapi.co/api/v2/pokemon/813/"}, {"name": "raboot", "url": "https://pokeapi.co/api/v2/pokemon/814/"}, {"name": "cinderace", "url": "https://pokeapi.co/api/v2/pokemon/815/"}, {"name": "carkol", "url": "https://pokeapi.co/api/v2/pokemon/838/"}, {"name": "coalossal", "url": "https://pokeapi.co/api/v2/pokemon/839/"}, {"name": "centiskorch", "url": "https://pokeapi.co/api/v2/pokemon/851/"}, {"name": "fuecoco", "url": "https://pokeapi.co/api/v2/pokemon/909/"}, {"name": "crocalor", "url": "https://pokeapi.co/api/v2/pokemon/910/"}, {"name": "skeledirge", "url": "https://pokeapi.co/api/v2/pokemon/911/"}, {"name": "charcadet", "url": "https://pokeapi.co/api/v2/pokemon/935/"}, {"name": "armarouge", "url": "https://pokeapi.co/api/v2/pokemon/936/"}, {"name": "ceruledge", "url": "https://pokeapi.co/api/v2/pokemon/937/"}, {"name": "scovillain", "url": "https://pokeapi.co/api/v2/pokemon/952/"}, {"name": "revavroom", "url": "https://pokeapi.co/api/v2/pokemon/966/"}, {"name": "cyclizar", "url": "https://pokeapi.co/api/v2/pokemon/967/"}, {"name": "annihilape", "url": "https://pokeapi.co/api/v2/pokemon/979/"}, {"name": "iron-moth", "url": "https://pokeapi.co/api/v2/pokemon/994/"}, {"name": "chi-yu", "url": "https://pokeapi.co/api/v2/pokemon/1004/"}, {"name": "koraidon", "url": "https://pokeapi.co/api/v2/pokemon/1007/"}, {"name": "miraidon", "url": "https://pokeapi.co/api/v2/pokemon/1008/"}, {"name": "gouging-fire", "url": "https://pokeapi.co/api/v2/pokemon/1020/"}, {"name": "rotom-heat", "url": "https://pokeapi.co/api/v2/pokemon/10008/"}, {"name": "darmanitan-zen", "url": "https://pokeapi.co/api/v2/pokemon/10017/"}, {"name": "charizard-mega-x", "url": "https://pokeapi.co/api/v2/pokemon/10034/"}, {"name": "charizard-mega-y", "url": "https://pokeapi.co/api/v2/pokemon/10035/"}, {"name": "houndoom-mega", "url": "https://pokeapi.co/api/v2/pokemon/10048/"}, {"name": "blaziken-mega", "url": "https://pokeapi.co/api/v2/pokemon/10050/"}, {"name": "manectric-mega", "url": "https://pokeapi.co/api/v2/pokemon/10055/"}, {"name": "groudon-primal", "url": "https://pokeapi.co/api/v2/pokemon/10078/"}, {"name": "rayquaza-mega", "url": "https://pokeapi.co/api/v2/pokemon/10079/"}, {"name": "camerupt-mega", "url": "https://pokeapi.co/api/v2/pokemon/10087/"}, {"name": "salazzle-totem", "url": "https://pokeapi.co/api/v2/pokemon/10129/"}, {"name": "weezing-galar", "url": "https://pokeapi.co/api/v2/pokemon/10167/"}, {"name": "darumaka-galar", "url": "https://pokeapi.co/api/v2/pokemon/10176/"}, {"name": "darmanitan-galar-standard", "url": "https://pokeapi.co/api/v2/pokemon/10177/"}, {"name": "darmanitan-galar-zen", "url": "https://pokeapi.co/api/v2/pokemon/10178/"}, {"name": "growlithe-hisui", "url": "https://pokeapi.co/api/v2/pokemon/10229/"}, {"name": "arcanine-hisui", "url": "https://pokeapi.co/api/v2/pokemon/10230/"}, {"name": "typhlosion-hisui", "url": "https://pokeapi.co/api/v2/pokemon/10233/"}, {"name": "dialga-origin", "url": "https://pokeapi.co/api/v2/pokemon/10245/"}, {"name": "tauros-paldea-blaze-breed", "url": "https://pokeapi.co/api/v2/pokemon/10251/"}, {"name": "koraidon-limited-build", "url": "https://pokeapi.co/api/v2/pokemon/10264/"}, {"name": "koraidon-sprinting-build", "url": "https://pokeapi.co/api/v2/pokemon/10265/"}, {"name": "koraidon-swimming-build", "url": "https://pokeapi.co/api/v2/pokemon/10266/"}, {"name": "koraidon-gliding-build", "url": "https://pokeapi.co/api/v2/pokemon/10267/"}, {"name": "miraidon-low-power-mode", "url": "https://pokeapi.co/api/v2/pokemon/10268/"}, {"name": "miraidon-drive-mode", "url": "https://pokeapi.co/api/v2/pokemon/10269/"}, {"name": "miraidon-aquatic-mode", "url": "https://pokeapi.co/api/v2/pokemon/10270/"}, {"name": "miraidon-glide-mode", "url": "https://pokeapi.co/api/v2/pokemon/10271/"}], "machines": [{"machine": {"url": "https://pokeapi.co/api/v2/machine/986/"}, "version_group": {"name": "ruby-sapphire", "url": "https://pokeapi.co/api/v2/version-group/5/"}}, {"machine": {"url": "https://pokeapi.co/api/v2/machine/987/"}, "version_group": {"name": "emerald", "url": "https://pokeapi.co/api/v2/version-group/6/"}}, {"machine": {"url": "https://pokeapi.co/api/v2/machine/988/"}, "version_group": {"name": "firered-leafgreen", "url": "https://pokeapi.co/api/v2/version-group/7/"}}, {"machine": {"url": "https://pokeapi.co/api/v2/machine/989/"}, "version_group": {"name": "diamond-pearl", "url": "https://pokeapi.co/api/v2/version-group/8/"}}, {"machine": {"url": "https://pokeapi.co/api/v2/machine/990/"}, "version_group": {"name": "platinum", "url": "https://pokeapi.co/api/v2/version-group/9/"}}, {"machine": {"url": "https://pokeapi.co/api/v2/machine/991/"}, "version_group": {"name": "heartgold-soulsilver", "url": "https://pokeapi.co/api/v2/version-group/10/"}}, {"machine": {"url": "https://pokeapi.co/api/v2/machine/992/"}, "version_group": {"name": "black-white", "url": "https://pokeapi.co/api/v2/version-group/11/"}}, {"machine": {"url": "https://pokeapi.co/api/v2/machine/993/"}, "version_group": {"name": "colosseum", "url": "https://pokeapi.co/api/v2/version-group/12/"}}, {"machine": {"url": "https://pokeapi.co/api/v2/machine/994/"}, "version_group": {"name": "xd", "url": "https://pokeapi.co/api/v2/version-group/13/"}}, {"machine": {"url": "https://pokeapi.co/api/v2/machine/995/"}, "version_group": {"name": "black-2-white-2", "url": "https://pokeapi.co/api/v2/version-group/14/"}}, {"machine": {"url": "https://pokeapi.co/api/v2/machine/996/"}, "version_group": {"name": "x-y", "url": "https://pokeapi.co/api/v2/version-group/15/"}}, {"machine": {"url": "https://pokeapi.co/api/v2/machine/997/"}, "version_group": {"name": "omega-ruby-alpha-sapphire", "url": "https://pokeapi.co/api/v2/version-group/16/"}}, {"machine": {"url": "https://pokeapi.co/api/v2/machine/998/"}, "version_group": {"name": "sun-moon", "url": "https://pokeapi.co/api/v2/version-group/17/"}}, {"machine": {"url": "https://pokeapi.co/api/v2/machine/999/"}, "version_group": {"name": "ultra-sun-ultra-moon", "url": "https://pokeapi.co/api/v2/version-group/18/"}}, {"machine": {"url": "https://pokeapi.co/api/v2/machine/1632/"}, "version_group": {"name": "sword-shield", "url": "https://pokeapi.co/api/v2/version-group/20/"}}, {"machine": {"url": "https://pokeapi.co/api/v2/machine/1862/"}, "version_group": {"name": "scarlet-violet", "url": "https://pokeapi.co/api/v2/version-group/25/"}}, {"machine": {"url": "https://pokeapi.co/api/v2/machine/2050/"}, "version_group": {"name": "the-indigo-disk", "url": "https://pokeapi.co/api/v2/version-group/27/"}}], "meta": {"ailment": {"name": "none", "url": "https://pokeapi.co/api/v2/move-ailment/0/"}, "ailment_chance": 0, "category": {"name": "damage+raise", "url": "https://pokeapi.co/api/v2/move-category/7/"}, "crit_rate": 0, "drain": 0, "flinch_chance": 0, "healing": 0, "max_hits": null, "max_turns": null, "min_hits": null, "min_turns": null, "stat_chance": 100}, "name": "overheat", "names": [{"language": {"name": "ja-Hrkt", "url": "https://pokeapi.co/api/v2/language/1/"}, "name": "\u30aa\u30fc\u30d0\u30fc\u30d2\u30fc\u30c8"}, {"language": {"name": "ko", "url": "https://pokeapi.co/api/v2/language/3/"}, "name": "\uc624\ubc84\ud788\ud2b8"}, {"language": {"name": "zh-Hant", "url": "https://pokeapi.co/api/v2/language/4/"}, "name": "\u904e\u71b1"}, {"language": {"name": "fr", "url": "https://pokeapi.co/api/v2/language/5/"}, "name": "Surchauffe"}, {"language": {"name": "de", "url": "https://pokeapi.co/api/v2/language/6/"}, "name": "Hitzekoller"}, {"language": {"name": "es", "url": "https://pokeapi.co/api/v2/language/7/"}, "name": "Sofoco"}, {"language": {"name": "it", "url": "https://pokeapi.co/api/v2/language/8/"}, "name": "Vampata"}, {"language": {"name": "en", "url": "https://pokeapi.co/api/v2/language/9/"}, "name": "Overheat"}, {"language": {"name": "ja", "url": "https://pokeapi.co/api/v2/language/11/"}, "name": "\u30aa\u30fc\u30d0\u30fc\u30d2\u30fc\u30c8"}, {"language": {"name": "zh-Hans", "url": "https://pokeapi.co/api/v2/language/12/"}, "name": "\u8fc7\u70ed"}], "past_values": [{"accuracy": null, "effect_chance": null, "effect_entries": [], "power": 140, "pp": null, "type": null, "version_group": {"name": "x-y", "url": "https://pokeapi.co/api/v2/version-group/15/"}}], "power": 130, "pp": 5, "priority": 0, "stat_changes": [{"change": -2, "stat": {"name": "special-attack", "url": "https://pokeapi.co/api/v2/stat/4/"}}], "super_contest_effect": {"url": "https://pokeapi.co/api/v2/super-contest-effect/22/"}, "target": {"name": "selected-pokemon", "url": "https://pokeapi.co/api/v2/move-target/10/"}, "type": {"name": "fire", "url": "https://pokeapi.co/api/v2/type/10/"}}