{"accuracy": 100, "contest_combos": null, "contest_effect": null, "contest_type": null, "damage_class": {"name": "status", "url": "https://pokeapi.co/api/v2/move-damage-class/1/"}, "effect_chance": null, "effect_changes": [], "effect_entries": [{"effect": "Changes the target\u2019s ability to match the user\u2019s.  This effect ends when the target leaves battle.", "language": {"name": "en", "url": "https://pokeapi.co/api/v2/language/9/"}, "short_effect": "Copies the user\u2019s ability onto the target."}], "flavor_text_entries": [{"flavor_text": "Le lanceur danse sur un rythme \u00e9trange.\nIl force sa cible \u00e0 l\u2019imiter, ce qui lui fait\nadopter sa capacit\u00e9 sp\u00e9ciale.", "language": {"name": "fr", "url": "https://pokeapi.co/api/v2/language/5/"}, "version_group": {"name": "black-white", "url": "https://pokeapi.co/api/v2/version-group/11/"}}, {"flavor_text": "The user dances with an odd rhythm that\ncompels the target to mimic it, making the\ntarget\u2019s Ability the same as the user\u2019s.", "language": {"name": "en", "url": "https://pokeapi.co/api/v2/language/9/"}, "version_group": {"name": "black-white", "url": "https://pokeapi.co/api/v2/version-group/11/"}}, {"flavor_text": "The user dances with an odd rhythm that\ncompels the target to mimic it, making the\ntarget\u2019s Ability the same as the user\u2019s.", "language": {"name": "en", "url": "https://pokeapi.co/api/v2/language/9/"}, "version_group": {"name": "black-2-white-2", "url": "https://pokeapi.co/api/v2/version-group/14/"}}, {"flavor_text": "\u3075\u3057\u304e\u306a\u3000\u30ea\u30ba\u30e0\u3067\u3000\u304a\u3069\u308b\u3002\n\u3046\u3054\u304d\u3092\u3000\u307e\u306d\u3055\u305b\u3066\u3000\u3058\u3076\u3093\u3068\u3000\u3042\u3044\u3066\u306e\n\u3068\u304f\u305b\u3044\u3092\u3000\u304a\u306a\u3058\u306b\u3000\u3059\u308b\u3002", "language": {"name": "ja-Hrkt", "url": "https://pokeapi.co/api/v2/language/1/"}, "version_group": {"name": "x-y", "url": "https://pokeapi.co/api/v2/version-group/15/"}}, {"flavor_text": "\uc774\uc0c1\ud55c \ub9ac\ub4ec\uc73c\ub85c \ucda4\ucd98\ub2e4.\n\uc6c0\uc9c1\uc784\uc744 \ud749\ub0b4 \ub0b4\uac8c \ud574\uc11c\n\uc790\uc2e0\uacfc \uc0c1\ub300\uc758 \ud2b9\uc131\uc744 \ub611\uac19\uac8c \ub9cc\ub4e0\ub2e4.", "language": {"name": "ko", "url": "https://pokeapi.co/api/v2/language/3/"}, "version_group": {"name": "x-y", "url": "https://pokeapi.co/api/v2/version-group/15/"}}, {"flavor_text": "Le lanceur danse sur un rythme \u00e9trange.\nIl force sa cible \u00e0 l\u2019imiter, ce qui lui fait adopter\nson talent.", "language": {"name": "fr", "url": "https://pokeapi.co/api/v2/language/5/"}, "version_group": {"name": "x-y", "url": "https://pokeapi.co/api/v2/version-group/15/"}}, {"flavor_text": "Anwender tanzt zu einem seltsamem Rhythmus\nund zwingt das Ziel mitzumachen. Dieses nimmt\ndabei die F\u00e4higkeit des Anwenders an.", "language": {"name": "de", "url": "https://pokeapi.co/api/v2/language/6/"}, "version_group": {"name": "x-y", "url": "https://pokeapi.co/api/v2/version-group/15/"}}, {"flavor_text": "Una extra\u00f1a danza que hace que el usuario y el\nobjetivo tengan la misma habilidad.", "language": {"name": "es", "url": "https://pokeapi.co/api/v2/language/7/"}, "version_group": {"name": "x-y", "url": "https://pokeapi.co/api/v2/version-group/15/"}}, {"flavor_text": "Chi la usa saltella con un buffo ritmo, inducendo\nil bersaglio a imitarlo e rendendo la sua abilit\u00e0\nidentica alla propria.", "language": {"name": "it", "url": "https://pokeapi.co/api/v2/language/8/"}, "version_group": {"name": "x-y", "url": "https://pokeapi.co/api/v2/version-group/15/"}}, {"flavor_text": "The user dances with an odd rhythm that\ncompels the target to mimic it, making the\ntarget\u2019s Ability the same as the user\u2019s.", "language": {"name": "en", "url": "https://pokeapi.co/api/v2/language/9/"}, "version_group": {"name": "x-y", "url": "https://pokeapi.co/api/v2/version-group/15/"}}, {"flavor_text": "\u4e0d\u601d\u8b70\u306a\u3000\u30ea\u30ba\u30e0\u3067\u3000\u304a\u3069\u308b\u3002\n\u52d5\u304d\u3092\u3000\u307e\u306d\u3055\u305b\u3066\u3000\u81ea\u5206\u3068\u3000\u76f8\u624b\u306e\n\u7279\u6027\u3092\u3000\u540c\u3058\u306b\u3000\u3059\u308b\u3002", "language": {"name": "ja", "url": "https://pokeapi.co/api/v2/language/11/"}, "version_group": {"name": "x-y", "url": "https://pokeapi.co/api/v2/version-group/15/"}}, {"flavor_text": "\u3075\u3057\u304e\u306a\u3000\u30ea\u30ba\u30e0\u3067\u3000\u304a\u3069\u308b\u3002\n\u3046\u3054\u304d\u3092\u3000\u307e\u306d\u3055\u305b\u3066\u3000\u3058\u3076\u3093\u3068\u3000\u3042\u3044\u3066\u306e\n\u3068\u304f\u305b\u3044\u3092\u3000\u304a\u306a\u3058\u306b\u3000\u3059\u308b\u3002", "language": {"name": "ja-Hrkt", "url": "https://pokeapi.co/api/v2/language/1/"}, "version_group": {"name": "omega-ruby-alpha-sapphire", "url": "https://pokeapi.co/api/v2/version-group/16/"}}, {"flavor_text": "\uc774\uc0c1\ud55c \ub9ac\ub4ec\uc73c\ub85c \ucda4\ucd98\ub2e4.\n\uc6c0\uc9c1\uc784\uc744 \ud749\ub0b4 \ub0b4\uac8c \ud574\uc11c\n\uc790\uc2e0\uacfc \uc0c1\ub300\uc758 \ud2b9\uc131\uc744 \ub611\uac19\uac8c \ub9cc\ub4e0\ub2e4.", "language": {"name": "ko", "url": "https://pokeapi.co/api/v2/language/3/"}, "version_group": {"name": "omega-ruby-alpha-sapphire", "url": "https://pokeapi.co/api/v2/version-group/16/"}}, {"flavor_text": "Le lanceur danse sur un rythme \u00e9trange.\nIl force sa cible \u00e0 l\u2019imiter, ce qui lui fait adopter\nson talent.", "language": {"name": "fr", "url": "https://pokeapi.co/api/v2/language/5/"}, "version_group": {"name": "omega-ruby-alpha-sapphire", "url": "https://pokeapi.co/api/v2/version-group/16/"}}, {"flavor_text": "Anwender tanzt zu einem seltsamem Rhythmus\nund zwingt das Ziel mitzumachen. Dieses nimmt\ndabei die F\u00e4higkeit des Anwenders an.", "language": {"name": "de", "url": "https://pokeapi.co/api/v2/language/6/"}, "version_group": {"name": "omega-ruby-alpha-sapphire", "url": "https://pokeapi.co/api/v2/version-group/16/"}}, {"flavor_text": "Una extra\u00f1a danza que hace que el usuario y el \nobjetivo tengan la misma habilidad.", "language": {"name": "es", "url": "https://pokeapi.co/api/v2/language/7/"}, "version_group": {"name": "omega-ruby-alpha-sapphire", "url": "https://pokeapi.co/api/v2/version-group/16/"}}, {"flavor_text": "Chi la usa saltella con un buffo ritmo, inducendo\nil bersaglio a imitarlo e rendendo la sua abilit\u00e0\nidentica alla propria.", "language": {"name": "it", "url": "https://pokeapi.co/api/v2/language/8/"}, "version_group": {"name": "omega-ruby-alpha-sapphire", "url": "https://pokeapi.co/api/v2/version-group/16/"}}, {"flavor_text": "The user dances with an odd rhythm that\ncompels the target to mimic it, making the\ntarget\u2019s Ability the same as the user\u2019s.", "language": {"name": "en", "url": "https://pokeapi.co/api/v2/language/9/"}, "version_group": {"name": "omega-ruby-alpha-sapphire", "url": "https://pokeapi.co/api/v2/version-group/16/"}}, {"flavor_text": "\u4e0d\u601d\u8b70\u306a\u3000\u30ea\u30ba\u30e0\u3067\u3000\u304a\u3069\u308b\u3002\n\u52d5\u304d\u3092\u3000\u307e\u306d\u3055\u305b\u3066\u3000\u81ea\u5206\u3068\u3000\u76f8\u624b\u306e\n\u7279\u6027\u3092\u3000\u540c\u3058\u306b\u3000\u3059\u308b\u3002", "language": {"name": "ja", "url": "https://pokeapi.co/api/v2/language/11/"}, "version_group": {"name": "omega-ruby-alpha-sapphire", "url": "https://pokeapi.co/api/v2/version-group/16/"}}, {"flavor_text": "\u3075\u3057\u304e\u306a\u3000\u30ea\u30ba\u30e0\u3067\u3000\u304a\u3069\u308b\u3002\n\u3046\u3054\u304d\u3092\u3000\u307e\u306d\u3055\u305b\u3066\u3000\u3058\u3076\u3093\u3068\u3000\u3042\u3044\u3066\u306e\n\u3068\u304f\u305b\u3044\u3092\u3000\u304a\u306a\u3058\u306b\u3000\u3059\u308b\u3002", "language": {"name": "ja-Hrkt", "url": "https://pokeapi.co/api/v2/language/1/"}, "version_group": {"name": "sun-moon", "url": "https://pokeapi.co/api/v2/version-group/17/"}}, {"flavor_text": "\uc774\uc0c1\ud55c \ub9ac\ub4ec\uc73c\ub85c \ucda4\ucd98\ub2e4.\n\uc6c0\uc9c1\uc784\uc744 \ud749\ub0b4 \ub0b4\uac8c \ud574\uc11c\n\uc790\uc2e0\uacfc \uc0c1\ub300\uc758 \ud2b9\uc131\uc744 \ub611\uac19\uac8c \ub9cc\ub4e0\ub2e4.", "language": {"name": "ko", "url": "https://pokeapi.co/api/v2/language/3/"}, "version_group": {"name": "sun-moon", "url": "https://pokeapi.co/api/v2/version-group/17/"}}, {"flavor_text": "\u7528\u795e\u5947\u7684\u7bc0\u594f\u8df3\u821e\u3002\n\u8b93\u5c0d\u624b\u6a21\u4eff\u81ea\u5df1\u7684\u52d5\u4f5c\uff0c\n\u8b8a\u6210\u548c\u81ea\u5df1\u4e00\u6a23\u7684\u7279\u6027\u3002", "language": {"name": "zh-Hant", "url": "https://pokeapi.co/api/v2/language/4/"}, "version_group": {"name": "sun-moon", "url": "https://pokeapi.co/api/v2/version-group/17/"}}, {"flavor_text": "Le lanceur danse sur un rythme \u00e9trange.\nIl force sa cible \u00e0 l\u2019imiter, ce qui lui fait adopter\nson talent.", "language": {"name": "fr", "url": "https://pokeapi.co/api/v2/language/5/"}, "version_group": {"name": "sun-moon", "url": "https://pokeapi.co/api/v2/version-group/17/"}}, {"flavor_text": "Anwender tanzt zu einem seltsamen Rhythmus und\nzwingt das Ziel mitzumachen. Dieses nimmt dabei die\nF\u00e4higkeit des Anwenders an.", "language": {"name": "de", "url": "https://pokeapi.co/api/v2/language/6/"}, "version_group": {"name": "sun-moon", "url": "https://pokeapi.co/api/v2/version-group/17/"}}, {"flavor_text": "Una extra\u00f1a danza que hace que el usuario y el \nobjetivo tengan la misma habilidad.", "language": {"name": "es", "url": "https://pokeapi.co/api/v2/language/7/"}, "version_group": {"name": "sun-moon", "url": "https://pokeapi.co/api/v2/version-group/17/"}}, {"flavor_text": "Chi la usa saltella con un buffo ritmo, inducendo\nil bersaglio a imitarlo e rendendo la sua abilit\u00e0\nidentica alla propria.", "language": {"name": "it", "url": "https://pokeapi.co/api/v2/language/8/"}, "version_group": {"name": "sun-moon", "url": "https://pokeapi.co/api/v2/version-group/17/"}}, {"flavor_text": "The user dances with an odd rhythm that compels\nthe target to mimic it, making the target\u2019s Ability\nthe same as the user\u2019s.", "language": {"name": "en", "url": "https://pokeapi.co/api/v2/language/9/"}, "version_group": {"name": "sun-moon", "url": "https://pokeapi.co/api/v2/version-group/17/"}}, {"flavor_text": "\u4e0d\u601d\u8b70\u306a\u3000\u30ea\u30ba\u30e0\u3067\u3000\u304a\u3069\u308b\u3002\n\u52d5\u304d\u3092\u3000\u307e\u306d\u3055\u305b\u3066\u3000\u81ea\u5206\u3068\u3000\u76f8\u624b\u306e\n\u7279\u6027\u3092\u3000\u540c\u3058\u306b\u3000\u3059\u308b\u3002", "language": {"name": "ja", "url": "https://pokeapi.co/api/v2/language/11/"}, "version_group": {"name": "sun-moon", "url": "https://pokeapi.co/api/v2/version-group/17/"}}, {"flavor_text": "\u7528\u795e\u5947\u7684\u8282\u594f\u8df3\u821e\u3002\n\u4f7f\u5bf9\u624b\u6a21\u4eff\u81ea\u5df1\u7684\u52a8\u4f5c\uff0c\n\u4ece\u800c\u5c06\u7279\u6027\u53d8\u6210\u4e00\u6837\u3002", "language": {"name": "zh-Hans", "url": "https://pokeapi.co/api/v2/language/12/"}, "version_group": {"name": "sun-moon", "url": "https://pokeapi.co/api/v2/version-group/17/"}}, {"flavor_text": "\u3075\u3057\u304e\u306a\u3000\u30ea\u30ba\u30e0\u3067\u3000\u304a\u3069\u308b\u3002\n\u3046\u3054\u304d\u3092\u3000\u307e\u306d\u3055\u305b\u3066\u3000\u3058\u3076\u3093\u3068\u3000\u3042\u3044\u3066\u306e\n\u3068\u304f\u305b\u3044\u3092\u3000\u304a\u306a\u3058\u306b\u3000\u3059\u308b\u3002", "language": {"name": "ja-Hrkt", "url": "https://pokeapi.co/api/v2/language/1/"}, "version_group": {"name": "ultra-sun-ultra-moon", "url": "https://pokeapi.co/api/v2/version-group/18/"}}, {"flavor_text": "\uc774\uc0c1\ud55c \ub9ac\ub4ec\uc73c\ub85c \ucda4\ucd98\ub2e4.\n\uc6c0\uc9c1\uc784\uc744 \ud749\ub0b4 \ub0b4\uac8c \ud574\uc11c\n\uc790\uc2e0\uacfc \uc0c1\ub300\uc758 \ud2b9\uc131\uc744 \ub611\uac19\uac8c \ub9cc\ub4e0\ub2e4.", "language": {"name": "ko", "url": "https://pokeapi.co/api/v2/language/3/"}, "version_group": {"name": "ultra-sun-ultra-moon", "url": "https://pokeapi.co/api/v2/version-group/18/"}}, {"flavor_text": "\u7528\u795e\u5947\u7684\u7bc0\u594f\u8df3\u821e\u3002\n\u8b93\u5c0d\u624b\u6a21\u4eff\u81ea\u5df1\u7684\u52d5\u4f5c\uff0c\n\u8b8a\u6210\u548c\u81ea\u5df1\u4e00\u6a23\u7684\u7279\u6027\u3002", "language": {"name": "zh-Hant", "url": "https://pokeapi.co/api/v2/language/4/"}, "version_group": {"name": "ultra-sun-ultra-moon", "url": "https://pokeapi.co/api/v2/version-group/18/"}}, {"flavor_text": "Le lanceur danse sur un rythme \u00e9trange.\nIl force sa cible \u00e0 l\u2019imiter, ce qui lui fait adopter\nson talent.", "language": {"name": "fr", "url": "https://pokeapi.co/api/v2/language/5/"}, "version_group": {"name": "ultra-sun-ultra-moon", "url": "https://pokeapi.co/api/v2/version-group/18/"}}, {"flavor_text": "Anwender tanzt zu einem seltsamen Rhythmus und\nzwingt das Ziel mitzumachen. Dieses nimmt dabei die\nF\u00e4higkeit des Anwenders an.", "language": {"name": "de", "url": "https://pokeapi.co/api/v2/language/6/"}, "version_group": {"name": "ultra-sun-ultra-moon", "url": "https://pokeapi.co/api/v2/version-group/18/"}}, {"flavor_text": "Una extra\u00f1a danza que hace que el usuario y el \nobjetivo tengan la misma habilidad.", "language": {"name": "es", "url": "https://pokeapi.co/api/v2/language/7/"}, "version_group": {"name": "ultra-sun-ultra-moon", "url": "https://pokeapi.co/api/v2/version-group/18/"}}, {"flavor_text": "Chi la usa saltella con un buffo ritmo, inducendo\nil bersaglio a imitarlo e rendendo la sua abilit\u00e0\nidentica alla propria.", "language": {"name": "it", "url": "https://pokeapi.co/api/v2/language/8/"}, "version_group": {"name": "ultra-sun-ultra-moon", "url": "https://pokeapi.co/api/v2/version-group/18/"}}, {"flavor_text": "The user dances with an odd rhythm that compels\nthe target to mimic it, making the target\u2019s Ability\nthe same as the user\u2019s.", "language": {"name": "en", "url": "https://pokeapi.co/api/v2/language/9/"}, "version_group": {"name": "ultra-sun-ultra-moon", "url": "https://pokeapi.co/api/v2/version-group/18/"}}, {"flavor_text": "\u4e0d\u601d\u8b70\u306a\u3000\u30ea\u30ba\u30e0\u3067\u3000\u304a\u3069\u308b\u3002\n\u52d5\u304d\u3092\u3000\u307e\u306d\u3055\u305b\u3066\u3000\u81ea\u5206\u3068\u3000\u76f8\u624b\u306e\n\u7279\u6027\u3092\u3000\u540c\u3058\u306b\u3000\u3059\u308b\u3002", "language": {"name": "ja", "url": "https://pokeapi.co/api/v2/language/11/"}, "version_group": {"name": "ultra-sun-ultra-moon", "url": "https://pokeapi.co/api/v2/version-group/18/"}}, {"flavor_text": "\u7528\u795e\u5947\u7684\u8282\u594f\u8df3\u821e\u3002\n\u4f7f\u5bf9\u624b\u6a21\u4eff\u81ea\u5df1\u7684\u52a8\u4f5c\uff0c\n\u4ece\u800c\u5c06\u7279\u6027\u53d8\u6210\u4e00\u6837\u3002", "language": {"name": "zh-Hans", "url": "https://pokeapi.co/api/v2/language/12/"}, "version_group": {"name": "ultra-sun-ultra-moon", "url": "https://pokeapi.co/api/v2/version-group/18/"}}, {"flavor_text": "\u3075\u3057\u304e\u306a\u3000\u30ea\u30ba\u30e0\u3067\u3000\u304a\u3069\u308b\u3002\n\u3046\u3054\u304d\u3092\u3000\u307e\u306d\u3055\u305b\u3066\u3000\u3058\u3076\u3093\u3068\u3000\u3042\u3044\u3066\u306e\n\u3068\u304f\u305b\u3044\u3092\u3000\u304a\u306a\u3058\u306b\u3000\u3059\u308b\u3002", "language": {"name": "ja-Hrkt", "url": "https://pokeapi.co/api/v2/language/1/"}, "version_group": {"name": "lets-go-pikachu-lets-go-eevee", "url": "https://pokeapi.co/api/v2/version-group/19/"}}, {"flavor_text": "\uc774\uc0c1\ud55c \ub9ac\ub4ec\uc73c\ub85c \ucda4\ucd98\ub2e4.\n\uc6c0\uc9c1\uc784\uc744 \ud749\ub0b4 \ub0b4\uac8c \ud574\uc11c\n\uc790\uc2e0\uacfc \uc0c1\ub300\uc758 \ud2b9\uc131\uc744 \ub611\uac19\uac8c \ub9cc\ub4e0\ub2e4.", "language": {"name": "ko", "url": "https://pokeapi.co/api/v2/language/3/"}, "version_group": {"name": "lets-go-pikachu-lets-go-eevee", "url": "https://pokeapi.co/api/v2/version-group/19/"}}, {"flavor_text": "\u7528\u795e\u5947\u7684\u7bc0\u594f\u8df3\u821e\u3002\n\u8b93\u5c0d\u624b\u6a21\u4eff\u81ea\u5df1\u7684\u52d5\u4f5c\uff0c\n\u8b8a\u6210\u548c\u81ea\u5df1\u4e00\u6a23\u7684\u7279\u6027\u3002", "language": {"name": "zh-Hant", "url": "https://pokeapi.co/api/v2/language/4/"}, "version_group": {"name": "lets-go-pikachu-lets-go-eevee", "url": "https://pokeapi.co/api/v2/version-group/19/"}}, {"flavor_text": "Le lanceur danse sur un rythme \u00e9trange.\nIl force sa cible \u00e0 l\u2019imiter, ce qui lui fait adopter\nson talent.", "language": {"name": "fr", "url": "https://pokeapi.co/api/v2/language/5/"}, "version_group": {"name": "lets-go-pikachu-lets-go-eevee", "url": "https://pokeapi.co/api/v2/version-group/19/"}}, {"flavor_text": "Anwender tanzt zu einem seltsamen Rhythmus und\nzwingt das Ziel mitzumachen. Dieses nimmt dabei die\nF\u00e4higkeit des Anwenders an.", "language": {"name": "de", "url": "https://pokeapi.co/api/v2/language/6/"}, "version_group": {"name": "lets-go-pikachu-lets-go-eevee", "url": "https://pokeapi.co/api/v2/version-group/19/"}}, {"flavor_text": "Una extra\u00f1a danza que hace que el usuario y el \nobjetivo tengan la misma habilidad.", "language": {"name": "es", "url": "https://pokeapi.co/api/v2/language/7/"}, "version_group": {"name": "lets-go-pikachu-lets-go-eevee", "url": "https://pokeapi.co/api/v2/version-group/19/"}}, {"flavor_text": "Chi la usa saltella con un buffo ritmo, inducendo\nil bersaglio a imitarlo e rendendo la sua abilit\u00e0\nidentica alla propria.", "language": {"name": "it", "url": "https://pokeapi.co/api/v2/language/8/"}, "version_group": {"name": "lets-go-pikachu-lets-go-eevee", "url": "https://pokeapi.co/api/v2/version-group/19/"}}, {"flavor_text": "The user dances with an odd rhythm that compels\nthe target to mimic it, making the target\u2019s Ability\nthe same as the user\u2019s.", "language": {"name": "en", "url": "https://pokeapi.co/api/v2/language/9/"}, "version_group": {"name": "lets-go-pikachu-lets-go-eevee", "url": "https://pokeapi.co/api/v2/version-group/19/"}}, {"flavor_text": "\u4e0d\u601d\u8b70\u306a\u3000\u30ea\u30ba\u30e0\u3067\u3000\u304a\u3069\u308b\u3002\n\u52d5\u304d\u3092\u3000\u307e\u306d\u3055\u305b\u3066\u3000\u81ea\u5206\u3068\u3000\u76f8\u624b\u306e\n\u7279\u6027\u3092\u3000\u540c\u3058\u306b\u3000\u3059\u308b\u3002", "language": {"name": "ja", "url": "https://pokeapi.co/api/v2/language/11/"}, "version_group": {"name": "lets-go-pikachu-lets-go-eevee", "url": "https://pokeapi.co/api/v2/version-group/19/"}}, {"flavor_text": "\u7528\u795e\u5947\u7684\u8282\u594f\u8df3\u821e\u3002\n\u4f7f\u5bf9\u624b\u6a21\u4eff\u81ea\u5df1\u7684\u52a8\u4f5c\uff0c\n\u4ece\u800c\u5c06\u7279\u6027\u53d8\u6210\u4e00\u6837\u3002", "language": {"name": "zh-Hans", "url": "https://pokeapi.co/api/v2/language/12/"}, "version_group": {"name": "lets-go-pikachu-lets-go-eevee", "url": "https://pokeapi.co/api/v2/version-group/19/"}}, {"flavor_text": "\u3075\u3057\u304e\u306a\u3000\u30ea\u30ba\u30e0\u3067\u3000\u304a\u3069\u308b\u3002\n\u3046\u3054\u304d\u3092\u3000\u307e\u306d\u3055\u305b\u3066\u3000\u3058\u3076\u3093\u3068\u3000\u3042\u3044\u3066\u306e\n\u3068\u304f\u305b\u3044\u3092\u3000\u304a\u306a\u3058\u306b\u3000\u3059\u308b\u3002", "language": {"name": "ja-Hrkt", "url": "https://pokeapi.co/api/v2/language/1/"}, "version_group": {"name": "sword-shield", "url": "https://pokeapi.co/api/v2/version-group/20/"}}, {"flavor_text": "\uc774\uc0c1\ud55c \ub9ac\ub4ec\uc73c\ub85c \ucda4\ucd98\ub2e4.\n\uc6c0\uc9c1\uc784\uc744 \ud749\ub0b4 \ub0b4\uac8c \ud574\uc11c\n\uc790\uc2e0\uacfc \uc0c1\ub300\uc758 \ud2b9\uc131\uc744 \ub611\uac19\uac8c \ub9cc\ub4e0\ub2e4.", "language": {"name": "ko", "url": "https://pokeapi.co/api/v2/language/3/"}, "version_group": {"name": "sword-shield", "url": "https://pokeapi.co/api/v2/version-group/20/"}}, {"flavor_text": "\u7528\u795e\u5947\u7684\u7bc0\u594f\u8df3\u821e\u3002\n\u8b93\u5c0d\u624b\u6a21\u4eff\u81ea\u5df1\u7684\u52d5\u4f5c\uff0c\n\u8b8a\u6210\u548c\u81ea\u5df1\u4e00\u6a23\u7684\u7279\u6027\u3002", "language": {"name": "zh-Hant", "url": "https://pokeapi.co/api/v2/language/4/"}, "version_group": {"name": "sword-shield", "url": "https://pokeapi.co/api/v2/version-group/20/"}}, {"flavor_text": "Le lanceur danse sur un rythme \u00e9trange.\nIl force sa cible \u00e0 l\u2019imiter, ce qui lui fait adopter\nson talent.", "language": {"name": "fr", "url": "https://pokeapi.co/api/v2/language/5/"}, "version_group": {"name": "sword-shield", "url": "https://pokeapi.co/api/v2/version-group/20/"}}, {"flavor_text": "Anwender tanzt zu einem seltsamen Rhythmus und\nzwingt das Ziel mitzumachen. Dieses nimmt dabei die\nF\u00e4higkeit des Anwenders an.", "language": {"name": "de", "url": "https://pokeapi.co/api/v2/language/6/"}, "version_group": {"name": "sword-shield", "url": "https://pokeapi.co/api/v2/version-group/20/"}}, {"flavor_text": "Una extra\u00f1a danza que hace que el usuario y el objetivo\ntengan la misma habilidad.", "language": {"name": "es", "url": "https://pokeapi.co/api/v2/language/7/"}, "version_group": {"name": "sword-shield", "url": "https://pokeapi.co/api/v2/version-group/20/"}}, {"flavor_text": "Chi la usa saltella con un buffo ritmo, inducendo\nil bersaglio a imitarlo e rendendo la sua abilit\u00e0\nidentica alla propria.", "language": {"name": "it", "url": "https://pokeapi.co/api/v2/language/8/"}, "version_group": {"name": "sword-shield", "url": "https://pokeapi.co/api/v2/version-group/20/"}}, {"flavor_text": "The user dances with an odd rhythm that compels\nthe target to mimic it, making the target\u2019s Ability\nthe same as the user\u2019s.", "language": {"name": "en", "url": "https://pokeapi.co/api/v2/language/9/"}, "version_group": {"name": "sword-shield", "url": "https://pokeapi.co/api/v2/version-group/20/"}}, {"flavor_text": "\u4e0d\u601d\u8b70\u306a\u3000\u30ea\u30ba\u30e0\u3067\u3000\u304a\u3069\u308b\u3002\n\u52d5\u304d\u3092\u3000\u307e\u306d\u3055\u305b\u3066\u3000\u81ea\u5206\u3068\u3000\u76f8\u624b\u306e\n\u7279\u6027\u3092\u3000\u540c\u3058\u306b\u3000\u3059\u308b\u3002", "language": {"name": "ja", "url": "https://pokeapi.co/api/v2/language/11/"}, "version_group": {"name": "sword-shield", "url": "https://pokeapi.co/api/v2/version-group/20/"}}, {"flavor_text": "\u7528\u795e\u5947\u7684\u8282\u594f\u8df3\u821e\u3002\n\u4f7f\u5bf9\u624b\u6a21\u4eff\u81ea\u5df1\u7684\u52a8\u4f5c\uff0c\n\u4ece\u800c\u5c06\u7279\u6027\u53d8\u6210\u4e00\u6837\u3002", "language": {"name": "zh-Hans", "url": "https://pokeapi.co/api/v2/language/12/"}, "version_group": {"name": "sword-shield", "url": "https://pokeapi.co/api/v2/version-group/20/"}}, {"flavor_text": "The user dances with an odd rhythm that compels the target to mimic it, making the target's Ability the same as the user's.", "language": {"name": "en", "url": "https://pokeapi.co/api/v2/language/9/"}, "version_group": {"name": "legends-arceus", "url": "https://pokeapi.co/api/v2/version-group/24/"}}, {"flavor_text": "The user dances with an odd rhythm that compels the target to mimic it, making the target's Ability the same as the user's.", "language": {"name": "en", "url": "https://pokeapi.co/api/v2/language/9/"}, "version_group": {"name": "scarlet-violet", "url": "https://pokeapi.co/api/v2/version-group/25/"}}], "generation": {"name": "generation-v", "url": "https://pokeapi.co/api/v2/generation/5/"}, "id": 494, "learned_by_pokemon": [{"name": "seel", "url": "https://pokeapi.co/api/v2/pokemon/86/"}, {"name": "dewgong", "url": "https://pokeapi.co/api/v2/pokemon/87/"}, {"name": "remoraid", "url": "https://pokeapi.co/api/v2/pokemon/223/"}, {"name": "stantler", "url": "https://pokeapi.co/api/v2/pokemon/234/"}, {"name": "plusle", "url": "https://pokeapi.co/api/v2/pokemon/311/"}, {"name": "minun", "url": "https://pokeapi.co/api/v2/pokemon/312/"}, {"name": "chimecho", "url": "https://pokeapi.co/api/v2/pokemon/358/"}, {"name": "luvdisc", "url": "https://pokeapi.co/api/v2/pokemon/370/"}, {"name": "buneary", "url": "https://pokeapi.co/api/v2/pokemon/427/"}, {"name": "lopunny", "url": "https://pokeapi.co/api/v2/pokemon/428/"}, {"name": "chingling", "url": "https://pokeapi.co/api/v2/pokemon/433/"}, {"name": "audino", "url": "https://pokeapi.co/api/v2/pokemon/531/"}, {"name": "leavanny", "url": "https://pokeapi.co/api/v2/pokemon/542/"}, {"name": "petilil", "url": "https://pokeapi.co/api/v2/pokemon/548/"}, {"name": "lilligant", "url": "https://pokeapi.co/api/v2/pokemon/549/"}, {"name": "durant", "url": "https://pokeapi.co/api/v2/pokemon/632/"}, {"name": "litleo", "url": "https://pokeapi.co/api/v2/pokemon/667/"}, {"name": "pancham", "url": "https://pokeapi.co/api/v2/pokemon/674/"}, {"name": "pangoro", "url": "https://pokeapi.co/api/v2/pokemon/675/"}, {"name": "clauncher", "url": "https://pokeapi.co/api/v2/pokemon/692/"}, {"name": "hawlucha", "url": "https://pokeapi.co/api/v2/pokemon/701/"}, {"name": "dedenne", "url": "https://pokeapi.co/api/v2/pokemon/702/"}, {"name": "dewpider", "url": "https://pokeapi.co/api/v2/pokemon/751/"}, {"name": "araquanid", "url": "https://pokeapi.co/api/v2/pokemon/752/"}, {"name": "milcery", "url": "https://pokeapi.co/api/v2/pokemon/868/"}, {"name": "alcremie", "url": "https://pokeapi.co/api/v2/pokemon/869/"}, {"name": "pawmi", "url": "https://pokeapi.co/api/v2/pokemon/921/"}, {"name": "pawmo", "url": "https://pokeapi.co/api/v2/pokemon/922/"}, {"name": "pawmot", "url": "https://pokeapi.co/api/v2/pokemon/923/"}, {"name": "cetoddle", "url": "https://pokeapi.co/api/v2/pokemon/974/"}, {"name": "audino-mega", "url": "https://pokeapi.co/api/v2/pokemon/10069/"}, {"name": "lopunny-mega", "url": "https://pokeapi.co/api/v2/pokemon/10088/"}, {"name": "araquanid-totem", "url": "https://pokeapi.co/api/v2/pokemon/10153/"}, {"name": "lilligant-hisui", "url": "https://pokeapi.co/api/v2/pokemon/10237/"}], "machines": [], "meta": {"ailment": {"name": "none", "url": "https://pokeapi.co/api/v2/move-ailment/0/"}, "ailment_chance": 0, "category": {"name": "unique", "url": "https://pokeapi.co/api/v2/move-category/13/"}, "crit_rate": 0, "drain": 0, "flinch_chance": 0, "healing": 0, "max_hits": null, "max_turns": null, "min_hits": null, "min_turns": null, "stat_chance": 0}, "name": "entrainment", "names": [{"language": {"name": "ja-Hrkt", "url": "https://pokeapi.co/api/v2/language/1/"}, "name": "\u306a\u304b\u307e\u3065\u304f\u308a"}, {"language": {"name": "ko", "url": "https://pokeapi.co/api/v2/language/3/"}, "name": "\ub3d9\ub8cc\ub9cc\ub4e4\uae30"}, {"language": {"name": "zh-Hant", "url": "https://pokeapi.co/api/v2/language/4/"}, "name": "\u627e\u5925\u4f34"}, {"language": {"name": "fr", "url": "https://pokeapi.co/api/v2/language/5/"}, "name": "Ten-Danse"}, {"language": {"name": "de", "url": "https://pokeapi.co/api/v2/language/6/"}, "name": "Zwango"}, {"language": {"name": "es", "url": "https://pokeapi.co/api/v2/language/7/"}, "name": "Danza Amiga"}, {"language": {"name": "it", "url": "https://pokeapi.co/api/v2/language/8/"}, "name": "Saltamicizia"}, {"language": {"name": "en", "url": "https://pokeapi.co/api/v2/language/9/"}, "name": "Entrainment"}, {"language": {"name": "ja", "url": "https://pokeapi.co/api/v2/language/11/"}, "name": "\u306a\u304b\u307e\u3065\u304f\u308a"}, {"language": {"name": "zh-Hans", "url": "https://pokeapi.co/api/v2/language/12/"}, "name": "\u627e\u4f19\u4f34"}], "past_values": [], "power": null, "pp": 15, "priority": 0, "stat_changes": [], "super_contest_effect": null, "target": {"name": "selected-pokemon", "url": "https://pokeapi.co/api/v2/move-target/10/"}, "type": {"name": "normal", "url": "https://pokeapi.co/api/v2/type/1/"}}