{"accuracy": null, "contest_combos": null, "contest_effect": null, "contest_type": null, "damage_class": {"name": "status", "url": "https://pokeapi.co/api/v2/move-damage-class/1/"}, "effect_chance": null, "effect_changes": [], "effect_entries": [{"effect": "Changes the terrain to Psychic Terrain for 5 turns.  Overrides electric terrain, grassy terrain, and misty terrain.\n\nAll Pok\u00e9mon on the ground are immune to moves with priority greater than 0.  (Moves that target the field rather than individual Pok\u00e9mon, such as spikes, are not affected.)  Additionally, when a Pok\u00e9mon on the ground uses a psychic-type move, that move\u2019s power is increased to 1.5\u00d7.\n\nIf a Pok\u00e9mon is holding a Terrain Extender when creating Psychic Terrain (by any means), the effect lasts for 8 turns instead of 5.", "language": {"name": "en", "url": "https://pokeapi.co/api/v2/language/9/"}, "short_effect": "Protects Pok\u00e9mon on the ground from priority moves and increases the power of their  Psychic moves by 50%."}], "flavor_text_entries": [{"flavor_text": "\uff15\u30bf\u30fc\u30f3\u306e\u3000\u3042\u3044\u3060\u3000\u3058\u3081\u3093\u306b\u3044\u308b\u3068\n\u305b\u3093\u305b\u3044\u308f\u3056\u3092\u3000\u3046\u3051\u306a\u3044\u3002\n\u30a8\u30b9\u30d1\u30fc\u30bf\u30a4\u30d7\u306e\u3000\u3044\u308a\u3087\u304f\u304c\u3000\u3042\u304c\u308b\u3002", "language": {"name": "ja-Hrkt", "url": "https://pokeapi.co/api/v2/language/1/"}, "version_group": {"name": "sun-moon", "url": "https://pokeapi.co/api/v2/version-group/17/"}}, {"flavor_text": "5\ud134 \ub3d9\uc548 \ub545\uc5d0 \uc788\uc73c\uba74\n\uc120\uc81c\uacf5\uaca9\uc744 \ubc1b\uc9c0 \uc54a\ub294\ub2e4.\n\uc5d0\uc2a4\ud37c\ud0c0\uc785\uc758 \uc704\ub825\uc774 \uc62c\ub77c\uac04\ub2e4.", "language": {"name": "ko", "url": "https://pokeapi.co/api/v2/language/3/"}, "version_group": {"name": "sun-moon", "url": "https://pokeapi.co/api/v2/version-group/17/"}}, {"flavor_text": "\u5728\uff15\u56de\u5408\u5167\uff0c\u5730\u9762\u4e0a\u7684\u5bf6\u53ef\u5922\n\u4e0d\u6703\u53d7\u5230\u5148\u5236\u62db\u5f0f\u653b\u64ca\u3002\n\u8d85\u80fd\u529b\u5c6c\u6027\u7684\u62db\u5f0f\u5a01\u529b\u6703\u63d0\u9ad8\u3002", "language": {"name": "zh-Hant", "url": "https://pokeapi.co/api/v2/language/4/"}, "version_group": {"name": "sun-moon", "url": "https://pokeapi.co/api/v2/version-group/17/"}}, {"flavor_text": "Pendant cinq tours, les Pok\u00e9mon au sol ne peuvent\nplus subir d\u2019attaques prioritaires et la puissance\ndes capacit\u00e9s de type Psy augmente.", "language": {"name": "fr", "url": "https://pokeapi.co/api/v2/language/5/"}, "version_group": {"name": "sun-moon", "url": "https://pokeapi.co/api/v2/version-group/17/"}}, {"flavor_text": "Verhindert f\u00fcr f\u00fcnf Runden, dass Pok\u00e9mon am Boden\nvon Attacken mit hoher Erstschlagquote getroffen\nwerden. Erh\u00f6ht die St\u00e4rke von Psycho-Attacken.", "language": {"name": "de", "url": "https://pokeapi.co/api/v2/language/6/"}, "version_group": {"name": "sun-moon", "url": "https://pokeapi.co/api/v2/version-group/17/"}}, {"flavor_text": "Durante cinco turnos, se potencian los movimientos\nde tipo Ps\u00edquico y los Pok\u00e9mon que est\u00e1n en el suelo\nquedan protegidos contra movimientos con prioridad.", "language": {"name": "es", "url": "https://pokeapi.co/api/v2/language/7/"}, "version_group": {"name": "sun-moon", "url": "https://pokeapi.co/api/v2/version-group/17/"}}, {"flavor_text": "Per cinque turni il terreno entra nello stato di Campo\nPsichico: i Pok\u00e9mon a terra non subiscono mosse ad\nalta priorit\u00e0 e le mosse di tipo Psico sono potenziate.", "language": {"name": "it", "url": "https://pokeapi.co/api/v2/language/8/"}, "version_group": {"name": "sun-moon", "url": "https://pokeapi.co/api/v2/version-group/17/"}}, {"flavor_text": "This protects Pok\u00e9mon on the ground from priority\nmoves and powers up Psychic-type moves for\nfive turns.", "language": {"name": "en", "url": "https://pokeapi.co/api/v2/language/9/"}, "version_group": {"name": "sun-moon", "url": "https://pokeapi.co/api/v2/version-group/17/"}}, {"flavor_text": "\uff15\u30bf\u30fc\u30f3\u306e\u9593\u3000\u5730\u9762\u306b\u3044\u308b\u3068\n\u5148\u5236\u6280\u3092\u3000\u53d7\u3051\u306a\u3044\u3002\n\u30a8\u30b9\u30d1\u30fc\u30bf\u30a4\u30d7\u306e\u3000\u5a01\u529b\u304c\u3000\u3042\u304c\u308b\u3002", "language": {"name": "ja", "url": "https://pokeapi.co/api/v2/language/11/"}, "version_group": {"name": "sun-moon", "url": "https://pokeapi.co/api/v2/version-group/17/"}}, {"flavor_text": "\u5728\uff15\u56de\u5408\u5185\uff0c\u5730\u9762\u4e0a\u7684\u5b9d\u53ef\u68a6\n\u4e0d\u4f1a\u53d7\u5230\u5148\u5236\u62db\u5f0f\u7684\u653b\u51fb\u3002\n\u8d85\u80fd\u529b\u5c5e\u6027\u7684\u62db\u5f0f\u5a01\u529b\u4f1a\u63d0\u9ad8\u3002", "language": {"name": "zh-Hans", "url": "https://pokeapi.co/api/v2/language/12/"}, "version_group": {"name": "sun-moon", "url": "https://pokeapi.co/api/v2/version-group/17/"}}, {"flavor_text": "\uff15\u30bf\u30fc\u30f3\u306e\u3000\u3042\u3044\u3060\u3000\u3058\u3081\u3093\u306b\u3044\u308b\u3068\n\u305b\u3093\u305b\u3044\u308f\u3056\u3092\u3000\u3046\u3051\u306a\u3044\u3002\n\u30a8\u30b9\u30d1\u30fc\u30bf\u30a4\u30d7\u306e\u3000\u3044\u308a\u3087\u304f\u304c\u3000\u3042\u304c\u308b\u3002", "language": {"name": "ja-Hrkt", "url": "https://pokeapi.co/api/v2/language/1/"}, "version_group": {"name": "ultra-sun-ultra-moon", "url": "https://pokeapi.co/api/v2/version-group/18/"}}, {"flavor_text": "5\ud134 \ub3d9\uc548 \ub545\uc5d0 \uc788\uc73c\uba74\n\uc120\uc81c\uacf5\uaca9\uc744 \ubc1b\uc9c0 \uc54a\ub294\ub2e4.\n\uc5d0\uc2a4\ud37c\ud0c0\uc785\uc758 \uc704\ub825\uc774 \uc62c\ub77c\uac04\ub2e4.", "language": {"name": "ko", "url": "https://pokeapi.co/api/v2/language/3/"}, "version_group": {"name": "ultra-sun-ultra-moon", "url": "https://pokeapi.co/api/v2/version-group/18/"}}, {"flavor_text": "\u5728\uff15\u56de\u5408\u5167\uff0c\u5730\u9762\u4e0a\u7684\u5bf6\u53ef\u5922\n\u4e0d\u6703\u53d7\u5230\u5148\u5236\u62db\u5f0f\u653b\u64ca\u3002\n\u8d85\u80fd\u529b\u5c6c\u6027\u7684\u62db\u5f0f\u5a01\u529b\u6703\u63d0\u9ad8\u3002", "language": {"name": "zh-Hant", "url": "https://pokeapi.co/api/v2/language/4/"}, "version_group": {"name": "ultra-sun-ultra-moon", "url": "https://pokeapi.co/api/v2/version-group/18/"}}, {"flavor_text": "Pendant cinq tours, les Pok\u00e9mon au sol ne peuvent\nplus subir d\u2019attaques prioritaires et la puissance\ndes capacit\u00e9s de type Psy augmente.", "language": {"name": "fr", "url": "https://pokeapi.co/api/v2/language/5/"}, "version_group": {"name": "ultra-sun-ultra-moon", "url": "https://pokeapi.co/api/v2/version-group/18/"}}, {"flavor_text": "Verhindert f\u00fcr f\u00fcnf Runden, dass Pok\u00e9mon am Boden\nvon Attacken mit hoher Erstschlagquote getroffen\nwerden. Erh\u00f6ht die St\u00e4rke von Psycho-Attacken.", "language": {"name": "de", "url": "https://pokeapi.co/api/v2/language/6/"}, "version_group": {"name": "ultra-sun-ultra-moon", "url": "https://pokeapi.co/api/v2/version-group/18/"}}, {"flavor_text": "Durante cinco turnos, se potencian los movimientos\nde tipo Ps\u00edquico y los Pok\u00e9mon que est\u00e1n en el suelo\nquedan protegidos contra movimientos con prioridad.", "language": {"name": "es", "url": "https://pokeapi.co/api/v2/language/7/"}, "version_group": {"name": "ultra-sun-ultra-moon", "url": "https://pokeapi.co/api/v2/version-group/18/"}}, {"flavor_text": "Per cinque turni il terreno entra nello stato di Campo\nPsichico: i Pok\u00e9mon a terra non subiscono mosse ad\nalta priorit\u00e0 e le mosse di tipo Psico sono potenziate.", "language": {"name": "it", "url": "https://pokeapi.co/api/v2/language/8/"}, "version_group": {"name": "ultra-sun-ultra-moon", "url": "https://pokeapi.co/api/v2/version-group/18/"}}, {"flavor_text": "This protects Pok\u00e9mon on the ground from priority\nmoves and powers up Psychic-type moves for\nfive turns.", "language": {"name": "en", "url": "https://pokeapi.co/api/v2/language/9/"}, "version_group": {"name": "ultra-sun-ultra-moon", "url": "https://pokeapi.co/api/v2/version-group/18/"}}, {"flavor_text": "\uff15\u30bf\u30fc\u30f3\u306e\u9593\u3000\u5730\u9762\u306b\u3044\u308b\u3068\n\u5148\u5236\u6280\u3092\u3000\u53d7\u3051\u306a\u3044\u3002\n\u30a8\u30b9\u30d1\u30fc\u30bf\u30a4\u30d7\u306e\u3000\u5a01\u529b\u304c\u3000\u3042\u304c\u308b\u3002", "language": {"name": "ja", "url": "https://pokeapi.co/api/v2/language/11/"}, "version_group": {"name": "ultra-sun-ultra-moon", "url": "https://pokeapi.co/api/v2/version-group/18/"}}, {"flavor_text": "\u5728\uff15\u56de\u5408\u5185\uff0c\u5730\u9762\u4e0a\u7684\u5b9d\u53ef\u68a6\n\u4e0d\u4f1a\u53d7\u5230\u5148\u5236\u62db\u5f0f\u7684\u653b\u51fb\u3002\n\u8d85\u80fd\u529b\u5c5e\u6027\u7684\u62db\u5f0f\u5a01\u529b\u4f1a\u63d0\u9ad8\u3002", "language": {"name": "zh-Hans", "url": "https://pokeapi.co/api/v2/language/12/"}, "version_group": {"name": "ultra-sun-ultra-moon", "url": "https://pokeapi.co/api/v2/version-group/18/"}}, {"flavor_text": "\uff15\u30bf\u30fc\u30f3\u306e\u3000\u3042\u3044\u3060\u3000\u3058\u3081\u3093\u306b\u3044\u308b\u3068\n\u305b\u3093\u305b\u3044\u308f\u3056\u3092\u3000\u3046\u3051\u306a\u3044\u3002\n\u30a8\u30b9\u30d1\u30fc\u30bf\u30a4\u30d7\u306e\u3000\u3044\u308a\u3087\u304f\u304c\u3000\u3042\u304c\u308b\u3002", "language": {"name": "ja-Hrkt", "url": "https://pokeapi.co/api/v2/language/1/"}, "version_group": {"name": "lets-go-pikachu-lets-go-eevee", "url": "https://pokeapi.co/api/v2/version-group/19/"}}, {"flavor_text": "5\ud134 \ub3d9\uc548 \ub545\uc5d0 \uc788\uc73c\uba74\n\uc120\uc81c\uacf5\uaca9\uc744 \ubc1b\uc9c0 \uc54a\ub294\ub2e4.\n\uc5d0\uc2a4\ud37c\ud0c0\uc785\uc758 \uc704\ub825\uc774 \uc62c\ub77c\uac04\ub2e4.", "language": {"name": "ko", "url": "https://pokeapi.co/api/v2/language/3/"}, "version_group": {"name": "lets-go-pikachu-lets-go-eevee", "url": "https://pokeapi.co/api/v2/version-group/19/"}}, {"flavor_text": "\u5728\uff15\u56de\u5408\u5167\uff0c\u5730\u9762\u4e0a\u7684\u5bf6\u53ef\u5922\n\u4e0d\u6703\u53d7\u5230\u5148\u5236\u62db\u5f0f\u653b\u64ca\u3002\n\u8d85\u80fd\u529b\u5c6c\u6027\u7684\u62db\u5f0f\u5a01\u529b\u6703\u63d0\u9ad8\u3002", "language": {"name": "zh-Hant", "url": "https://pokeapi.co/api/v2/language/4/"}, "version_group": {"name": "lets-go-pikachu-lets-go-eevee", "url": "https://pokeapi.co/api/v2/version-group/19/"}}, {"flavor_text": "Pendant cinq tours, les Pok\u00e9mon au sol ne peuvent plus\nsubir d\u2019attaques prioritaires et la puissance des capacit\u00e9s\nde type Psy augmente.", "language": {"name": "fr", "url": "https://pokeapi.co/api/v2/language/5/"}, "version_group": {"name": "lets-go-pikachu-lets-go-eevee", "url": "https://pokeapi.co/api/v2/version-group/19/"}}, {"flavor_text": "Verhindert f\u00fcr f\u00fcnf Runden, dass Pok\u00e9mon am Boden\nvon Attacken mit hoher Erstschlagquote getroffen\nwerden. Erh\u00f6ht die St\u00e4rke von Psycho-Attacken.", "language": {"name": "de", "url": "https://pokeapi.co/api/v2/language/6/"}, "version_group": {"name": "lets-go-pikachu-lets-go-eevee", "url": "https://pokeapi.co/api/v2/version-group/19/"}}, {"flavor_text": "Durante cinco turnos, se potencian los movimientos\nde tipo Ps\u00edquico y los Pok\u00e9mon que est\u00e1n en el suelo\nquedan protegidos contra movimientos con prioridad.", "language": {"name": "es", "url": "https://pokeapi.co/api/v2/language/7/"}, "version_group": {"name": "lets-go-pikachu-lets-go-eevee", "url": "https://pokeapi.co/api/v2/version-group/19/"}}, {"flavor_text": "Per cinque turni il terreno entra nello stato di Campo\nPsichico: i Pok\u00e9mon a terra non subiscono mosse ad\nalta priorit\u00e0 e le mosse di tipo Psico sono potenziate.", "language": {"name": "it", "url": "https://pokeapi.co/api/v2/language/8/"}, "version_group": {"name": "lets-go-pikachu-lets-go-eevee", "url": "https://pokeapi.co/api/v2/version-group/19/"}}, {"flavor_text": "This protects Pok\u00e9mon on the ground from priority\nmoves and powers up Psychic-type moves for\nfive turns.", "language": {"name": "en", "url": "https://pokeapi.co/api/v2/language/9/"}, "version_group": {"name": "lets-go-pikachu-lets-go-eevee", "url": "https://pokeapi.co/api/v2/version-group/19/"}}, {"flavor_text": "\uff15\u30bf\u30fc\u30f3\u306e\u9593\u3000\u5730\u9762\u306b\u3044\u308b\u3068\n\u5148\u5236\u6280\u3092\u3000\u53d7\u3051\u306a\u3044\u3002\n\u30a8\u30b9\u30d1\u30fc\u30bf\u30a4\u30d7\u306e\u3000\u5a01\u529b\u304c\u3000\u3042\u304c\u308b\u3002", "language": {"name": "ja", "url": "https://pokeapi.co/api/v2/language/11/"}, "version_group": {"name": "lets-go-pikachu-lets-go-eevee", "url": "https://pokeapi.co/api/v2/version-group/19/"}}, {"flavor_text": "\u5728\uff15\u56de\u5408\u5185\uff0c\u5730\u9762\u4e0a\u7684\u5b9d\u53ef\u68a6\n\u4e0d\u4f1a\u53d7\u5230\u5148\u5236\u62db\u5f0f\u7684\u653b\u51fb\u3002\n\u8d85\u80fd\u529b\u5c5e\u6027\u7684\u62db\u5f0f\u5a01\u529b\u4f1a\u63d0\u9ad8\u3002", "language": {"name": "zh-Hans", "url": "https://pokeapi.co/api/v2/language/12/"}, "version_group": {"name": "lets-go-pikachu-lets-go-eevee", "url": "https://pokeapi.co/api/v2/version-group/19/"}}, {"flavor_text": "\uff15\u30bf\u30fc\u30f3\u306e\u3000\u3042\u3044\u3060\u3000\u3058\u3081\u3093\u306b\u3044\u308b\u3068\n\u305b\u3093\u305b\u3044\u308f\u3056\u3092\u3000\u3046\u3051\u306a\u3044\u3002\n\u30a8\u30b9\u30d1\u30fc\u30bf\u30a4\u30d7\u306e\u3000\u3044\u308a\u3087\u304f\u304c\u3000\u3042\u304c\u308b\u3002", "language": {"name": "ja-Hrkt", "url": "https://pokeapi.co/api/v2/language/1/"}, "version_group": {"name": "sword-shield", "url": "https://pokeapi.co/api/v2/version-group/20/"}}, {"flavor_text": "5\ud134 \ub3d9\uc548 \ub545\uc5d0 \uc788\uc73c\uba74\n\uc120\uc81c\uacf5\uaca9\uc744 \ubc1b\uc9c0 \uc54a\ub294\ub2e4.\n\uc5d0\uc2a4\ud37c\ud0c0\uc785\uc758 \uc704\ub825\uc774 \uc62c\ub77c\uac04\ub2e4.", "language": {"name": "ko", "url": "https://pokeapi.co/api/v2/language/3/"}, "version_group": {"name": "sword-shield", "url": "https://pokeapi.co/api/v2/version-group/20/"}}, {"flavor_text": "\u5728\uff15\u56de\u5408\u5167\uff0c\u5730\u9762\u4e0a\u7684\u5bf6\u53ef\u5922\n\u4e0d\u6703\u53d7\u5230\u5148\u5236\u62db\u5f0f\u653b\u64ca\u3002\n\u8d85\u80fd\u529b\u5c6c\u6027\u7684\u62db\u5f0f\u5a01\u529b\u6703\u63d0\u9ad8\u3002", "language": {"name": "zh-Hant", "url": "https://pokeapi.co/api/v2/language/4/"}, "version_group": {"name": "sword-shield", "url": "https://pokeapi.co/api/v2/version-group/20/"}}, {"flavor_text": "Pendant cinq tours, les Pok\u00e9mon au sol ne peuvent\nplus subir d\u2019attaques prioritaires et la puissance\ndes capacit\u00e9s de type Psy augmente.", "language": {"name": "fr", "url": "https://pokeapi.co/api/v2/language/5/"}, "version_group": {"name": "sword-shield", "url": "https://pokeapi.co/api/v2/version-group/20/"}}, {"flavor_text": "Verhindert f\u00fcr f\u00fcnf Runden, dass Pok\u00e9mon am Boden\nvon Erstschlag-Attacken getroffen werden. Erh\u00f6ht die\nSt\u00e4rke von Psycho-Attacken.", "language": {"name": "de", "url": "https://pokeapi.co/api/v2/language/6/"}, "version_group": {"name": "sword-shield", "url": "https://pokeapi.co/api/v2/version-group/20/"}}, {"flavor_text": "Durante cinco turnos, se potencian los movimientos\nde tipo Ps\u00edquico y los Pok\u00e9mon que est\u00e1n en el suelo\nquedan protegidos contra movimientos con prioridad.", "language": {"name": "es", "url": "https://pokeapi.co/api/v2/language/7/"}, "version_group": {"name": "sword-shield", "url": "https://pokeapi.co/api/v2/version-group/20/"}}, {"flavor_text": "Per cinque turni il terreno entra nello stato di Campo\nPsichico: i Pok\u00e9mon a terra non subiscono mosse ad\nalta priorit\u00e0 e le mosse di tipo Psico sono potenziate.", "language": {"name": "it", "url": "https://pokeapi.co/api/v2/language/8/"}, "version_group": {"name": "sword-shield", "url": "https://pokeapi.co/api/v2/version-group/20/"}}, {"flavor_text": "This protects Pok\u00e9mon on the ground from priority\nmoves and powers up Psychic-type moves for\nfive turns.", "language": {"name": "en", "url": "https://pokeapi.co/api/v2/language/9/"}, "version_group": {"name": "sword-shield", "url": "https://pokeapi.co/api/v2/version-group/20/"}}, {"flavor_text": "\uff15\u30bf\u30fc\u30f3\u306e\u9593\u3000\u5730\u9762\u306b\u3044\u308b\u3068\n\u5148\u5236\u6280\u3092\u3000\u53d7\u3051\u306a\u3044\u3002\n\u30a8\u30b9\u30d1\u30fc\u30bf\u30a4\u30d7\u306e\u3000\u5a01\u529b\u304c\u3000\u3042\u304c\u308b\u3002", "language": {"name": "ja", "url": "https://pokeapi.co/api/v2/language/11/"}, "version_group": {"name": "sword-shield", "url": "https://pokeapi.co/api/v2/version-group/20/"}}, {"flavor_text": "\u5728\uff15\u56de\u5408\u5185\uff0c\u5730\u9762\u4e0a\u7684\u5b9d\u53ef\u68a6\n\u4e0d\u4f1a\u53d7\u5230\u5148\u5236\u62db\u5f0f\u7684\u653b\u51fb\u3002\n\u8d85\u80fd\u529b\u5c5e\u6027\u7684\u62db\u5f0f\u5a01\u529b\u4f1a\u63d0\u9ad8\u3002", "language": {"name": "zh-Hans", "url": "https://pokeapi.co/api/v2/language/12/"}, "version_group": {"name": "sword-shield", "url": "https://pokeapi.co/api/v2/version-group/20/"}}, {"flavor_text": "This protects Pok\u00e9mon on the ground from priority moves and powers up Psychic-type moves for five turns.", "language": {"name": "en", "url": "https://pokeapi.co/api/v2/language/9/"}, "version_group": {"name": "legends-arceus", "url": "https://pokeapi.co/api/v2/version-group/24/"}}, {"flavor_text": "This protects Pok\u00e9mon on the ground from priority moves and powers up Psychic-type moves for five turns.", "language": {"name": "en", "url": "https://pokeapi.co/api/v2/language/9/"}, "version_group": {"name": "scarlet-violet", "url": "https://pokeapi.co/api/v2/version-group/25/"}}], "generation": {"name": "generation-vii", "url": "https://pokeapi.co/api/v2/generation/7/"}, "id": 678, "learned_by_pokemon": [{"name": "abra", "url": "https://pokeapi.co/api/v2/pokemon/63/"}, {"name": "kadabra", "url": "https://pokeapi.co/api/v2/pokemon/64/"}, {"name": "alakazam", "url": "https://pokeapi.co/api/v2/pokemon/65/"}, {"name": "slowpoke", "url": "https://pokeapi.co/api/v2/pokemon/79/"}, {"name": "slowbro", "url": "https://pokeapi.co/api/v2/pokemon/80/"}, {"name": "drowzee", "url": "https://pokeapi.co/api/v2/pokemon/96/"}, {"name": "hypno", "url": "https://pokeapi.co/api/v2/pokemon/97/"}, {"name": "exeggutor", "url": "https://pokeapi.co/api/v2/pokemon/103/"}, {"name": "mr-mime", "url": "https://pokeapi.co/api/v2/pokemon/122/"}, {"name": "jynx", "url": "https://pokeapi.co/api/v2/pokemon/124/"}, {"name": "mewtwo", "url": "https://pokeapi.co/api/v2/pokemon/150/"}, {"name": "mew", "url": "https://pokeapi.co/api/v2/pokemon/151/"}, {"name": "espeon", "url": "https://pokeapi.co/api/v2/pokemon/196/"}, {"name": "slowking", "url": "https://pokeapi.co/api/v2/pokemon/199/"}, {"name": "girafarig", "url": "https://pokeapi.co/api/v2/pokemon/203/"}, {"name": "celebi", "url": "https://pokeapi.co/api/v2/pokemon/251/"}, {"name": "ralts", "url": "https://pokeapi.co/api/v2/pokemon/280/"}, {"name": "kirlia", "url": "https://pokeapi.co/api/v2/pokemon/281/"}, {"name": "gardevoir", "url": "https://pokeapi.co/api/v2/pokemon/282/"}, {"name": "meditite", "url": "https://pokeapi.co/api/v2/pokemon/307/"}, {"name": "medicham", "url": "https://pokeapi.co/api/v2/pokemon/308/"}, {"name": "spoink", "url": "https://pokeapi.co/api/v2/pokemon/325/"}, {"name": "grumpig", "url": "https://pokeapi.co/api/v2/pokemon/326/"}, {"name": "lunatone", "url": "https://pokeapi.co/api/v2/pokemon/337/"}, {"name": "solrock", "url": "https://pokeapi.co/api/v2/pokemon/338/"}, {"name": "baltoy", "url": "https://pokeapi.co/api/v2/pokemon/343/"}, {"name": "claydol", "url": "https://pokeapi.co/api/v2/pokemon/344/"}, {"name": "deoxys-normal", "url": "https://pokeapi.co/api/v2/pokemon/386/"}, {"name": "bronzor", "url": "https://pokeapi.co/api/v2/pokemon/436/"}, {"name": "bronzong", "url": "https://pokeapi.co/api/v2/pokemon/437/"}, {"name": "mime-jr", "url": "https://pokeapi.co/api/v2/pokemon/439/"}, {"name": "gallade", "url": "https://pokeapi.co/api/v2/pokemon/475/"}, {"name": "cresselia", "url": "https://pokeapi.co/api/v2/pokemon/488/"}, {"name": "arceus", "url": "https://pokeapi.co/api/v2/pokemon/493/"}, {"name": "musharna", "url": "https://pokeapi.co/api/v2/pokemon/518/"}, {"name": "gothita", "url": "https://pokeapi.co/api/v2/pokemon/574/"}, {"name": "gothorita", "url": "https://pokeapi.co/api/v2/pokemon/575/"}, {"name": "gothitelle", "url": "https://pokeapi.co/api/v2/pokemon/576/"}, {"name": "solosis", "url": "https://pokeapi.co/api/v2/pokemon/577/"}, {"name": "duosion", "url": "https://pokeapi.co/api/v2/pokemon/578/"}, {"name": "reuniclus", "url": "https://pokeapi.co/api/v2/pokemon/579/"}, {"name": "beheeyem", "url": "https://pokeapi.co/api/v2/pokemon/606/"}, {"name": "fennekin", "url": "https://pokeapi.co/api/v2/pokemon/653/"}, {"name": "braixen", "url": "https://pokeapi.co/api/v2/pokemon/654/"}, {"name": "delphox", "url": "https://pokeapi.co/api/v2/pokemon/655/"}, {"name": "meowstic-male", "url": "https://pokeapi.co/api/v2/pokemon/678/"}, {"name": "hoopa", "url": "https://pokeapi.co/api/v2/pokemon/720/"}, {"name": "oranguru", "url": "https://pokeapi.co/api/v2/pokemon/765/"}, {"name": "bruxish", "url": "https://pokeapi.co/api/v2/pokemon/779/"}, {"name": "tapu-lele", "url": "https://pokeapi.co/api/v2/pokemon/786/"}, {"name": "dottler", "url": "https://pokeapi.co/api/v2/pokemon/825/"}, {"name": "orbeetle", "url": "https://pokeapi.co/api/v2/pokemon/826/"}, {"name": "hatenna", "url": "https://pokeapi.co/api/v2/pokemon/856/"}, {"name": "hattrem", "url": "https://pokeapi.co/api/v2/pokemon/857/"}, {"name": "hatterene", "url": "https://pokeapi.co/api/v2/pokemon/858/"}, {"name": "mr-rime", "url": "https://pokeapi.co/api/v2/pokemon/866/"}, {"name": "indeedee-male", "url": "https://pokeapi.co/api/v2/pokemon/876/"}, {"name": "calyrex", "url": "https://pokeapi.co/api/v2/pokemon/898/"}, {"name": "armarouge", "url": "https://pokeapi.co/api/v2/pokemon/936/"}, {"name": "rabsca", "url": "https://pokeapi.co/api/v2/pokemon/954/"}, {"name": "flittle", "url": "https://pokeapi.co/api/v2/pokemon/955/"}, {"name": "espathra", "url": "https://pokeapi.co/api/v2/pokemon/956/"}, {"name": "veluza", "url": "https://pokeapi.co/api/v2/pokemon/976/"}, {"name": "farigiraf", "url": "https://pokeapi.co/api/v2/pokemon/981/"}, {"name": "scream-tail", "url": "https://pokeapi.co/api/v2/pokemon/985/"}, {"name": "iron-valiant", "url": "https://pokeapi.co/api/v2/pokemon/1006/"}, {"name": "iron-leaves", "url": "https://pokeapi.co/api/v2/pokemon/1010/"}, {"name": "munkidori", "url": "https://pokeapi.co/api/v2/pokemon/1015/"}, {"name": "deoxys-attack", "url": "https://pokeapi.co/api/v2/pokemon/10001/"}, {"name": "deoxys-defense", "url": "https://pokeapi.co/api/v2/pokemon/10002/"}, {"name": "deoxys-speed", "url": "https://pokeapi.co/api/v2/pokemon/10003/"}, {"name": "meowstic-female", "url": "https://pokeapi.co/api/v2/pokemon/10025/"}, {"name": "hoopa-unbound", "url": "https://pokeapi.co/api/v2/pokemon/10086/"}, {"name": "raichu-alola", "url": "https://pokeapi.co/api/v2/pokemon/10100/"}, {"name": "exeggutor-alola", "url": "https://pokeapi.co/api/v2/pokemon/10114/"}, {"name": "rapidash-galar", "url": "https://pokeapi.co/api/v2/pokemon/10163/"}, {"name": "slowpoke-galar", "url": "https://pokeapi.co/api/v2/pokemon/10164/"}, {"name": "slowbro-galar", "url": "https://pokeapi.co/api/v2/pokemon/10165/"}, {"name": "mr-mime-galar", "url": "https://pokeapi.co/api/v2/pokemon/10168/"}, {"name": "slowking-galar", "url": "https://pokeapi.co/api/v2/pokemon/10172/"}, {"name": "indeedee-female", "url": "https://pokeapi.co/api/v2/pokemon/10186/"}, {"name": "calyrex-ice", "url": "https://pokeapi.co/api/v2/pokemon/10193/"}, {"name": "calyrex-shadow", "url": "https://pokeapi.co/api/v2/pokemon/10194/"}, {"name": "braviary-hisui", "url": "https://pokeapi.co/api/v2/pokemon/10240/"}], "machines": [{"machine": {"url": "https://pokeapi.co/api/v2/machine/1421/"}, "version_group": {"name": "sword-shield", "url": "https://pokeapi.co/api/v2/version-group/20/"}}, {"machine": {"url": "https://pokeapi.co/api/v2/machine/1843/"}, "version_group": {"name": "scarlet-violet", "url": "https://pokeapi.co/api/v2/version-group/25/"}}, {"machine": {"url": "https://pokeapi.co/api/v2/machine/2034/"}, "version_group": {"name": "the-indigo-disk", "url": "https://pokeapi.co/api/v2/version-group/27/"}}], "meta": {"ailment": {"name": "none", "url": "https://pokeapi.co/api/v2/move-ailment/0/"}, "ailment_chance": 0, "category": {"name": "whole-field-effect", "url": "https://pokeapi.co/api/v2/move-category/10/"}, "crit_rate": 0, "drain": 0, "flinch_chance": 0, "healing": 0, "max_hits": null, "max_turns": null, "min_hits": null, "min_turns": null, "stat_chance": 0}, "name": "psychic-terrain", "names": [{"language": {"name": "ja-Hrkt", "url": "https://pokeapi.co/api/v2/language/1/"}, "name": "\u30b5\u30a4\u30b3\u30d5\u30a3\u30fc\u30eb\u30c9"}, {"language": {"name": "ko", "url": "https://pokeapi.co/api/v2/language/3/"}, "name": "\uc0ac\uc774\ucf54\ud544\ub4dc"}, {"language": {"name": "zh-Hant", "url": "https://pokeapi.co/api/v2/language/4/"}, "name": "\u7cbe\u795e\u5834\u5730"}, {"language": {"name": "fr", "url": "https://pokeapi.co/api/v2/language/5/"}, "name": "Champ Psychique"}, {"language": {"name": "de", "url": "https://pokeapi.co/api/v2/language/6/"}, "name": "Psychofeld"}, {"language": {"name": "es", "url": "https://pokeapi.co/api/v2/language/7/"}, "name": "Campo Ps\u00edquico"}, {"language": {"name": "it", "url": "https://pokeapi.co/api/v2/language/8/"}, "name": "Campo Psichico"}, {"language": {"name": "en", "url": "https://pokeapi.co/api/v2/language/9/"}, "name": "Psychic Terrain"}, {"language": {"name": "ja", "url": "https://pokeapi.co/api/v2/language/11/"}, "name": "\u30b5\u30a4\u30b3\u30d5\u30a3\u30fc\u30eb\u30c9"}, {"language": {"name": "zh-Hans", "url": "https://pokeapi.co/api/v2/language/12/"}, "name": "\u7cbe\u795e\u573a\u5730"}], "past_values": [], "power": null, "pp": 10, "priority": 0, "stat_changes": [], "super_contest_effect": null, "target": {"name": "entire-field", "url": "https://pokeapi.co/api/v2/move-target/12/"}, "type": {"name": "psychic", "url": "https://pokeapi.co/api/v2/type/14/"}}