{"accuracy": 100, "contest_combos": null, "contest_effect": null, "contest_type": null, "damage_class": {"name": "physical", "url": "https://pokeapi.co/api/v2/move-damage-class/2/"}, "effect_chance": null, "effect_changes": [], "effect_entries": [{"effect": "Inflicts regular damage.  Damage calculation ignores the target\u2019s stat modifiers, including evasion.", "language": {"name": "en", "url": "https://pokeapi.co/api/v2/language/9/"}, "short_effect": "Ignores the target\u2019s stat modifiers."}], "flavor_text_entries": [{"flavor_text": "Un coup de lame violent qui lac\u00e8re\nl\u2019ennemi et lui inflige des d\u00e9g\u00e2ts quels\nque soient ses changements de stats.", "language": {"name": "fr", "url": "https://pokeapi.co/api/v2/language/5/"}, "version_group": {"name": "black-white", "url": "https://pokeapi.co/api/v2/version-group/11/"}}, {"flavor_text": "The user attacks by slicing with its long\nhorns. The target\u2019s stat changes\ndon\u2019t affect this attack\u2019s damage.", "language": {"name": "en", "url": "https://pokeapi.co/api/v2/language/9/"}, "version_group": {"name": "black-white", "url": "https://pokeapi.co/api/v2/version-group/11/"}}, {"flavor_text": "The user attacks by slicing with its long\nhorns. The target\u2019s stat changes\ndon\u2019t affect this attack\u2019s damage.", "language": {"name": "en", "url": "https://pokeapi.co/api/v2/language/9/"}, "version_group": {"name": "black-2-white-2", "url": "https://pokeapi.co/api/v2/version-group/14/"}}, {"flavor_text": "\u306a\u304c\u3044\u3000\u3064\u306e\u3067\u3000\u304d\u308a\u3064\u3051\u3000\u3053\u3046\u3052\u304d\u3059\u308b\u3002\n\u3042\u3044\u3066\u306e\u3000\u306e\u3046\u308a\u3087\u304f\u3000\u3078\u3093\u304b\u306b\n\u304b\u3093\u3051\u3044\u306a\u304f\u3000\u30c0\u30e1\u30fc\u30b8\u3092\u3000\u3042\u305f\u3048\u308b\u3002", "language": {"name": "ja-Hrkt", "url": "https://pokeapi.co/api/v2/language/1/"}, "version_group": {"name": "x-y", "url": "https://pokeapi.co/api/v2/version-group/15/"}}, {"flavor_text": "\uae34 \ubfd4\ub85c \ubca0\uc5b4 \uacf5\uaca9\ud55c\ub2e4.\n\uc0c1\ub300\uc758 \ub2a5\ub825 \ubcc0\ud654\uc5d0\n\uad00\uacc4\uc5c6\uc774 \ub370\ubbf8\uc9c0\ub97c \uc900\ub2e4.", "language": {"name": "ko", "url": "https://pokeapi.co/api/v2/language/3/"}, "version_group": {"name": "x-y", "url": "https://pokeapi.co/api/v2/version-group/15/"}}, {"flavor_text": "Un coup de corne violent qui lac\u00e8re l\u2019ennemi\net lui inflige des d\u00e9g\u00e2ts quels que soient ses\nchangements de stats.", "language": {"name": "fr", "url": "https://pokeapi.co/api/v2/language/5/"}, "version_group": {"name": "x-y", "url": "https://pokeapi.co/api/v2/version-group/15/"}}, {"flavor_text": "Schneideangriff mit langem Horn.\nRichtet Schaden unabh\u00e4ngig von\nStatusver\u00e4nderungen des Zieles an.", "language": {"name": "de", "url": "https://pokeapi.co/api/v2/language/6/"}, "version_group": {"name": "x-y", "url": "https://pokeapi.co/api/v2/version-group/15/"}}, {"flavor_text": "El usuario ataca con una espada, ignorando\ncualquier cambio en las caracter\u00edsticas del\nobjetivo.", "language": {"name": "es", "url": "https://pokeapi.co/api/v2/language/7/"}, "version_group": {"name": "x-y", "url": "https://pokeapi.co/api/v2/version-group/15/"}}, {"flavor_text": "Chi la usa taglia il bersaglio con una spada magica.\nIl danno inflitto ignora le modifiche alle statistiche\ndel Pok\u00e9mon colpito.", "language": {"name": "it", "url": "https://pokeapi.co/api/v2/language/8/"}, "version_group": {"name": "x-y", "url": "https://pokeapi.co/api/v2/version-group/15/"}}, {"flavor_text": "The user attacks by slicing with a long\nhorn. The target\u2019s stat changes\ndon\u2019t affect this attack\u2019s damage.", "language": {"name": "en", "url": "https://pokeapi.co/api/v2/language/9/"}, "version_group": {"name": "x-y", "url": "https://pokeapi.co/api/v2/version-group/15/"}}, {"flavor_text": "\u9577\u3044\u3000\u3064\u306e\u3067\u3000\u5207\u308a\u3064\u3051\u3000\u653b\u6483\u3059\u308b\u3002\n\u76f8\u624b\u306e\u3000\u80fd\u529b\u5909\u5316\u306b\n\u95a2\u4fc2\u306a\u304f\u3000\u30c0\u30e1\u30fc\u30b8\u3092\u3000\u4e0e\u3048\u308b\u3002", "language": {"name": "ja", "url": "https://pokeapi.co/api/v2/language/11/"}, "version_group": {"name": "x-y", "url": "https://pokeapi.co/api/v2/version-group/15/"}}, {"flavor_text": "\u306a\u304c\u3044\u3000\u3064\u306e\u3067\u3000\u304d\u308a\u3064\u3051\u3000\u3053\u3046\u3052\u304d\u3059\u308b\u3002\n\u3042\u3044\u3066\u306e\u3000\u306e\u3046\u308a\u3087\u304f\u3000\u3078\u3093\u304b\u306b\n\u304b\u3093\u3051\u3044\u306a\u304f\u3000\u30c0\u30e1\u30fc\u30b8\u3092\u3000\u3042\u305f\u3048\u308b\u3002", "language": {"name": "ja-Hrkt", "url": "https://pokeapi.co/api/v2/language/1/"}, "version_group": {"name": "omega-ruby-alpha-sapphire", "url": "https://pokeapi.co/api/v2/version-group/16/"}}, {"flavor_text": "\uae34 \ubfd4\ub85c \ubca0\uc5b4 \uacf5\uaca9\ud55c\ub2e4.\n\uc0c1\ub300\uc758 \ub2a5\ub825 \ubcc0\ud654\uc5d0\n\uad00\uacc4\uc5c6\uc774 \ub370\ubbf8\uc9c0\ub97c \uc900\ub2e4.", "language": {"name": "ko", "url": "https://pokeapi.co/api/v2/language/3/"}, "version_group": {"name": "omega-ruby-alpha-sapphire", "url": "https://pokeapi.co/api/v2/version-group/16/"}}, {"flavor_text": "Un coup de corne violent qui lac\u00e8re l\u2019ennemi\net lui inflige des d\u00e9g\u00e2ts quels que soient ses\nchangements de stats.", "language": {"name": "fr", "url": "https://pokeapi.co/api/v2/language/5/"}, "version_group": {"name": "omega-ruby-alpha-sapphire", "url": "https://pokeapi.co/api/v2/version-group/16/"}}, {"flavor_text": "Schneideangriff mit langem Horn.\nRichtet Schaden unabh\u00e4ngig von\nStatusver\u00e4nderungen des Zieles an.", "language": {"name": "de", "url": "https://pokeapi.co/api/v2/language/6/"}, "version_group": {"name": "omega-ruby-alpha-sapphire", "url": "https://pokeapi.co/api/v2/version-group/16/"}}, {"flavor_text": "El usuario ataca con una espada, ignorando cualquier \ncambio en las caracter\u00edsticas del objetivo.", "language": {"name": "es", "url": "https://pokeapi.co/api/v2/language/7/"}, "version_group": {"name": "omega-ruby-alpha-sapphire", "url": "https://pokeapi.co/api/v2/version-group/16/"}}, {"flavor_text": "Chi la usa taglia il bersaglio con una spada magica. \nIl danno inflitto ignora le modifiche alle statistiche\ndel Pok\u00e9mon colpito.", "language": {"name": "it", "url": "https://pokeapi.co/api/v2/language/8/"}, "version_group": {"name": "omega-ruby-alpha-sapphire", "url": "https://pokeapi.co/api/v2/version-group/16/"}}, {"flavor_text": "The user attacks by slicing with a long\nhorn. The target\u2019s stat changes\ndon\u2019t affect this attack\u2019s damage.", "language": {"name": "en", "url": "https://pokeapi.co/api/v2/language/9/"}, "version_group": {"name": "omega-ruby-alpha-sapphire", "url": "https://pokeapi.co/api/v2/version-group/16/"}}, {"flavor_text": "\u9577\u3044\u3000\u3064\u306e\u3067\u3000\u5207\u308a\u3064\u3051\u3000\u653b\u6483\u3059\u308b\u3002\n\u76f8\u624b\u306e\u3000\u80fd\u529b\u5909\u5316\u306b\n\u95a2\u4fc2\u306a\u304f\u3000\u30c0\u30e1\u30fc\u30b8\u3092\u3000\u4e0e\u3048\u308b\u3002", "language": {"name": "ja", "url": "https://pokeapi.co/api/v2/language/11/"}, "version_group": {"name": "omega-ruby-alpha-sapphire", "url": "https://pokeapi.co/api/v2/version-group/16/"}}, {"flavor_text": "\u306a\u304c\u3044\u3000\u3064\u306e\u3067\u3000\u304d\u308a\u3064\u3051\u3000\u3053\u3046\u3052\u304d\u3059\u308b\u3002\n\u3042\u3044\u3066\u306e\u3000\u306e\u3046\u308a\u3087\u304f\u3000\u3078\u3093\u304b\u306b\n\u304b\u3093\u3051\u3044\u306a\u304f\u3000\u30c0\u30e1\u30fc\u30b8\u3092\u3000\u3042\u305f\u3048\u308b\u3002", "language": {"name": "ja-Hrkt", "url": "https://pokeapi.co/api/v2/language/1/"}, "version_group": {"name": "sun-moon", "url": "https://pokeapi.co/api/v2/version-group/17/"}}, {"flavor_text": "\uae34 \ubfd4\ub85c \ubca0\uc5b4 \uacf5\uaca9\ud55c\ub2e4.\n\uc0c1\ub300\uc758 \ub2a5\ub825 \ubcc0\ud654\uc5d0\n\uad00\uacc4\uc5c6\uc774 \ub370\ubbf8\uc9c0\ub97c \uc900\ub2e4.", "language": {"name": "ko", "url": "https://pokeapi.co/api/v2/language/3/"}, "version_group": {"name": "sun-moon", "url": "https://pokeapi.co/api/v2/version-group/17/"}}, {"flavor_text": "\u7528\u9577\u89d2\u65ac\u5207\u5c0d\u624b\u9032\u884c\u653b\u64ca\u3002\n\u53ef\u4e0d\u9867\u5c0d\u624b\u7684\u80fd\u529b\u8b8a\u5316\n\u7d66\u4e88\u50b7\u5bb3\u3002", "language": {"name": "zh-Hant", "url": "https://pokeapi.co/api/v2/language/4/"}, "version_group": {"name": "sun-moon", "url": "https://pokeapi.co/api/v2/version-group/17/"}}, {"flavor_text": "Un coup de corne violent qui lac\u00e8re l\u2019ennemi\net lui inflige des d\u00e9g\u00e2ts quels que soient ses\nchangements de stats.", "language": {"name": "fr", "url": "https://pokeapi.co/api/v2/language/5/"}, "version_group": {"name": "sun-moon", "url": "https://pokeapi.co/api/v2/version-group/17/"}}, {"flavor_text": "Schneideangriff mit langem Horn. Richtet unabh\u00e4ngig\nvon den Statusver\u00e4nderungen des Zieles Schaden an.", "language": {"name": "de", "url": "https://pokeapi.co/api/v2/language/6/"}, "version_group": {"name": "sun-moon", "url": "https://pokeapi.co/api/v2/version-group/17/"}}, {"flavor_text": "El usuario ataca con una espada, ignorando cualquier \ncambio en las caracter\u00edsticas del objetivo.", "language": {"name": "es", "url": "https://pokeapi.co/api/v2/language/7/"}, "version_group": {"name": "sun-moon", "url": "https://pokeapi.co/api/v2/version-group/17/"}}, {"flavor_text": "Chi la usa taglia il bersaglio con una spada magica. \nIl danno inflitto ignora le modifiche alle statistiche\ndel Pok\u00e9mon colpito.", "language": {"name": "it", "url": "https://pokeapi.co/api/v2/language/8/"}, "version_group": {"name": "sun-moon", "url": "https://pokeapi.co/api/v2/version-group/17/"}}, {"flavor_text": "The user attacks by slicing with a long horn. The\ntarget\u2019s stat changes don\u2019t affect this\nattack\u2019s damage.", "language": {"name": "en", "url": "https://pokeapi.co/api/v2/language/9/"}, "version_group": {"name": "sun-moon", "url": "https://pokeapi.co/api/v2/version-group/17/"}}, {"flavor_text": "\u9577\u3044\u3000\u3064\u306e\u3067\u3000\u5207\u308a\u3064\u3051\u3000\u653b\u6483\u3059\u308b\u3002\n\u76f8\u624b\u306e\u3000\u80fd\u529b\u5909\u5316\u306b\n\u95a2\u4fc2\u306a\u304f\u3000\u30c0\u30e1\u30fc\u30b8\u3092\u3000\u4e0e\u3048\u308b\u3002", "language": {"name": "ja", "url": "https://pokeapi.co/api/v2/language/11/"}, "version_group": {"name": "sun-moon", "url": "https://pokeapi.co/api/v2/version-group/17/"}}, {"flavor_text": "\u7528\u957f\u89d2\u5207\u65a9\u5bf9\u624b\u8fdb\u884c\u653b\u51fb\u3002\n\u65e0\u89c6\u5bf9\u624b\u7684\u80fd\u529b\u53d8\u5316\uff0c\n\u76f4\u63a5\u7ed9\u4e88\u4f24\u5bb3\u3002", "language": {"name": "zh-Hans", "url": "https://pokeapi.co/api/v2/language/12/"}, "version_group": {"name": "sun-moon", "url": "https://pokeapi.co/api/v2/version-group/17/"}}, {"flavor_text": "\u306a\u304c\u3044\u3000\u3064\u306e\u3067\u3000\u304d\u308a\u3064\u3051\u3000\u3053\u3046\u3052\u304d\u3059\u308b\u3002\n\u3042\u3044\u3066\u306e\u3000\u306e\u3046\u308a\u3087\u304f\u3000\u3078\u3093\u304b\u306b\n\u304b\u3093\u3051\u3044\u306a\u304f\u3000\u30c0\u30e1\u30fc\u30b8\u3092\u3000\u3042\u305f\u3048\u308b\u3002", "language": {"name": "ja-Hrkt", "url": "https://pokeapi.co/api/v2/language/1/"}, "version_group": {"name": "ultra-sun-ultra-moon", "url": "https://pokeapi.co/api/v2/version-group/18/"}}, {"flavor_text": "\uae34 \ubfd4\ub85c \ubca0\uc5b4 \uacf5\uaca9\ud55c\ub2e4.\n\uc0c1\ub300\uc758 \ub2a5\ub825 \ubcc0\ud654\uc5d0\n\uad00\uacc4\uc5c6\uc774 \ub370\ubbf8\uc9c0\ub97c \uc900\ub2e4.", "language": {"name": "ko", "url": "https://pokeapi.co/api/v2/language/3/"}, "version_group": {"name": "ultra-sun-ultra-moon", "url": "https://pokeapi.co/api/v2/version-group/18/"}}, {"flavor_text": "\u7528\u9577\u89d2\u65ac\u5207\u5c0d\u624b\u9032\u884c\u653b\u64ca\u3002\n\u53ef\u4e0d\u9867\u5c0d\u624b\u7684\u80fd\u529b\u8b8a\u5316\n\u7d66\u4e88\u50b7\u5bb3\u3002", "language": {"name": "zh-Hant", "url": "https://pokeapi.co/api/v2/language/4/"}, "version_group": {"name": "ultra-sun-ultra-moon", "url": "https://pokeapi.co/api/v2/version-group/18/"}}, {"flavor_text": "Un coup de corne violent qui lac\u00e8re l\u2019ennemi\net lui inflige des d\u00e9g\u00e2ts quels que soient ses\nchangements de stats.", "language": {"name": "fr", "url": "https://pokeapi.co/api/v2/language/5/"}, "version_group": {"name": "ultra-sun-ultra-moon", "url": "https://pokeapi.co/api/v2/version-group/18/"}}, {"flavor_text": "Schneideangriff mit langem Horn. Richtet unabh\u00e4ngig\nvon den Statusver\u00e4nderungen des Zieles Schaden an.", "language": {"name": "de", "url": "https://pokeapi.co/api/v2/language/6/"}, "version_group": {"name": "ultra-sun-ultra-moon", "url": "https://pokeapi.co/api/v2/version-group/18/"}}, {"flavor_text": "El usuario ataca con una espada, ignorando cualquier \ncambio en las caracter\u00edsticas del objetivo.", "language": {"name": "es", "url": "https://pokeapi.co/api/v2/language/7/"}, "version_group": {"name": "ultra-sun-ultra-moon", "url": "https://pokeapi.co/api/v2/version-group/18/"}}, {"flavor_text": "Chi la usa taglia il bersaglio con una spada magica. \nIl danno inflitto ignora le modifiche alle statistiche\ndel Pok\u00e9mon colpito.", "language": {"name": "it", "url": "https://pokeapi.co/api/v2/language/8/"}, "version_group": {"name": "ultra-sun-ultra-moon", "url": "https://pokeapi.co/api/v2/version-group/18/"}}, {"flavor_text": "The user attacks by slicing with a long horn. The\ntarget\u2019s stat changes don\u2019t affect this\nattack\u2019s damage.", "language": {"name": "en", "url": "https://pokeapi.co/api/v2/language/9/"}, "version_group": {"name": "ultra-sun-ultra-moon", "url": "https://pokeapi.co/api/v2/version-group/18/"}}, {"flavor_text": "\u9577\u3044\u3000\u3064\u306e\u3067\u3000\u5207\u308a\u3064\u3051\u3000\u653b\u6483\u3059\u308b\u3002\n\u76f8\u624b\u306e\u3000\u80fd\u529b\u5909\u5316\u306b\n\u95a2\u4fc2\u306a\u304f\u3000\u30c0\u30e1\u30fc\u30b8\u3092\u3000\u4e0e\u3048\u308b\u3002", "language": {"name": "ja", "url": "https://pokeapi.co/api/v2/language/11/"}, "version_group": {"name": "ultra-sun-ultra-moon", "url": "https://pokeapi.co/api/v2/version-group/18/"}}, {"flavor_text": "\u7528\u957f\u89d2\u5207\u65a9\u5bf9\u624b\u8fdb\u884c\u653b\u51fb\u3002\n\u65e0\u89c6\u5bf9\u624b\u7684\u80fd\u529b\u53d8\u5316\uff0c\n\u76f4\u63a5\u7ed9\u4e88\u4f24\u5bb3\u3002", "language": {"name": "zh-Hans", "url": "https://pokeapi.co/api/v2/language/12/"}, "version_group": {"name": "ultra-sun-ultra-moon", "url": "https://pokeapi.co/api/v2/version-group/18/"}}, {"flavor_text": "\u306a\u304c\u3044\u3000\u3064\u306e\u3067\u3000\u304d\u308a\u3064\u3051\u3000\u3053\u3046\u3052\u304d\u3059\u308b\u3002\n\u3042\u3044\u3066\u306e\u3000\u306e\u3046\u308a\u3087\u304f\u3000\u3078\u3093\u304b\u306b\n\u304b\u3093\u3051\u3044\u306a\u304f\u3000\u30c0\u30e1\u30fc\u30b8\u3092\u3000\u3042\u305f\u3048\u308b\u3002", "language": {"name": "ja-Hrkt", "url": "https://pokeapi.co/api/v2/language/1/"}, "version_group": {"name": "lets-go-pikachu-lets-go-eevee", "url": "https://pokeapi.co/api/v2/version-group/19/"}}, {"flavor_text": "\uae34 \ubfd4\ub85c \ubca0\uc5b4 \uacf5\uaca9\ud55c\ub2e4.\n\uc0c1\ub300\uc758 \ub2a5\ub825 \ubcc0\ud654\uc5d0\n\uad00\uacc4\uc5c6\uc774 \ub370\ubbf8\uc9c0\ub97c \uc900\ub2e4.", "language": {"name": "ko", "url": "https://pokeapi.co/api/v2/language/3/"}, "version_group": {"name": "lets-go-pikachu-lets-go-eevee", "url": "https://pokeapi.co/api/v2/version-group/19/"}}, {"flavor_text": "\u7528\u9577\u89d2\u65ac\u5207\u5c0d\u624b\u9032\u884c\u653b\u64ca\u3002\n\u53ef\u4e0d\u9867\u5c0d\u624b\u7684\u80fd\u529b\u8b8a\u5316\n\u7d66\u4e88\u50b7\u5bb3\u3002", "language": {"name": "zh-Hant", "url": "https://pokeapi.co/api/v2/language/4/"}, "version_group": {"name": "lets-go-pikachu-lets-go-eevee", "url": "https://pokeapi.co/api/v2/version-group/19/"}}, {"flavor_text": "Un coup de corne violent qui lac\u00e8re l\u2019ennemi\net lui inflige des d\u00e9g\u00e2ts quels que soient\nses changements de stats.", "language": {"name": "fr", "url": "https://pokeapi.co/api/v2/language/5/"}, "version_group": {"name": "lets-go-pikachu-lets-go-eevee", "url": "https://pokeapi.co/api/v2/version-group/19/"}}, {"flavor_text": "Schneideangriff mit langem Horn. Richtet unabh\u00e4ngig\nvon den Statusver\u00e4nderungen des Zieles Schaden an.", "language": {"name": "de", "url": "https://pokeapi.co/api/v2/language/6/"}, "version_group": {"name": "lets-go-pikachu-lets-go-eevee", "url": "https://pokeapi.co/api/v2/version-group/19/"}}, {"flavor_text": "El usuario ataca con una espada, ignorando cualquier \ncambio en las caracter\u00edsticas del objetivo.", "language": {"name": "es", "url": "https://pokeapi.co/api/v2/language/7/"}, "version_group": {"name": "lets-go-pikachu-lets-go-eevee", "url": "https://pokeapi.co/api/v2/version-group/19/"}}, {"flavor_text": "Chi la usa taglia il bersaglio con una spada magica.\nIl danno inflitto ignora le modifiche alle statistiche\ndel Pok\u00e9mon colpito.", "language": {"name": "it", "url": "https://pokeapi.co/api/v2/language/8/"}, "version_group": {"name": "lets-go-pikachu-lets-go-eevee", "url": "https://pokeapi.co/api/v2/version-group/19/"}}, {"flavor_text": "The user attacks by slicing with a long horn. The\ntarget\u2019s stat changes don\u2019t affect this\nattack\u2019s damage.", "language": {"name": "en", "url": "https://pokeapi.co/api/v2/language/9/"}, "version_group": {"name": "lets-go-pikachu-lets-go-eevee", "url": "https://pokeapi.co/api/v2/version-group/19/"}}, {"flavor_text": "\u9577\u3044\u3000\u3064\u306e\u3067\u3000\u5207\u308a\u3064\u3051\u3000\u653b\u6483\u3059\u308b\u3002\n\u76f8\u624b\u306e\u3000\u80fd\u529b\u5909\u5316\u306b\n\u95a2\u4fc2\u306a\u304f\u3000\u30c0\u30e1\u30fc\u30b8\u3092\u3000\u4e0e\u3048\u308b\u3002", "language": {"name": "ja", "url": "https://pokeapi.co/api/v2/language/11/"}, "version_group": {"name": "lets-go-pikachu-lets-go-eevee", "url": "https://pokeapi.co/api/v2/version-group/19/"}}, {"flavor_text": "\u7528\u957f\u89d2\u5207\u65a9\u5bf9\u624b\u8fdb\u884c\u653b\u51fb\u3002\n\u65e0\u89c6\u5bf9\u624b\u7684\u80fd\u529b\u53d8\u5316\uff0c\n\u76f4\u63a5\u7ed9\u4e88\u4f24\u5bb3\u3002", "language": {"name": "zh-Hans", "url": "https://pokeapi.co/api/v2/language/12/"}, "version_group": {"name": "lets-go-pikachu-lets-go-eevee", "url": "https://pokeapi.co/api/v2/version-group/19/"}}, {"flavor_text": "\u306a\u304c\u3044\u3000\u3064\u306e\u3067\u3000\u304d\u308a\u3064\u3051\u3000\u3053\u3046\u3052\u304d\u3059\u308b\u3002\n\u3042\u3044\u3066\u306e\u3000\u306e\u3046\u308a\u3087\u304f\u3000\u3078\u3093\u304b\u306b\n\u304b\u3093\u3051\u3044\u306a\u304f\u3000\u30c0\u30e1\u30fc\u30b8\u3092\u3000\u3042\u305f\u3048\u308b\u3002", "language": {"name": "ja-Hrkt", "url": "https://pokeapi.co/api/v2/language/1/"}, "version_group": {"name": "sword-shield", "url": "https://pokeapi.co/api/v2/version-group/20/"}}, {"flavor_text": "\uae34 \ubfd4\ub85c \ubca0\uc5b4 \uacf5\uaca9\ud55c\ub2e4.\n\uc0c1\ub300\uc758 \ub2a5\ub825 \ubcc0\ud654\uc5d0\n\uad00\uacc4\uc5c6\uc774 \ub370\ubbf8\uc9c0\ub97c \uc900\ub2e4.", "language": {"name": "ko", "url": "https://pokeapi.co/api/v2/language/3/"}, "version_group": {"name": "sword-shield", "url": "https://pokeapi.co/api/v2/version-group/20/"}}, {"flavor_text": "\u7528\u9577\u89d2\u65ac\u5207\u5c0d\u624b\u9032\u884c\u653b\u64ca\u3002\n\u53ef\u4e0d\u9867\u5c0d\u624b\u7684\u80fd\u529b\u8b8a\u5316\n\u7d66\u4e88\u50b7\u5bb3\u3002", "language": {"name": "zh-Hant", "url": "https://pokeapi.co/api/v2/language/4/"}, "version_group": {"name": "sword-shield", "url": "https://pokeapi.co/api/v2/version-group/20/"}}, {"flavor_text": "Un coup de corne violent qui lac\u00e8re l\u2019ennemi\net lui inflige des d\u00e9g\u00e2ts quels que soient\nses changements de stats.", "language": {"name": "fr", "url": "https://pokeapi.co/api/v2/language/5/"}, "version_group": {"name": "sword-shield", "url": "https://pokeapi.co/api/v2/version-group/20/"}}, {"flavor_text": "Schneideangriff mit langem Horn. Richtet unabh\u00e4ngig\nvon den Statusver\u00e4nderungen des Zieles Schaden an.", "language": {"name": "de", "url": "https://pokeapi.co/api/v2/language/6/"}, "version_group": {"name": "sword-shield", "url": "https://pokeapi.co/api/v2/version-group/20/"}}, {"flavor_text": "El usuario ataca con una espada, ignorando cualquier \ncambio en las caracter\u00edsticas del objetivo.", "language": {"name": "es", "url": "https://pokeapi.co/api/v2/language/7/"}, "version_group": {"name": "sword-shield", "url": "https://pokeapi.co/api/v2/version-group/20/"}}, {"flavor_text": "Chi la usa taglia il bersaglio con una spada magica.\nIl danno inflitto ignora le modifiche alle statistiche\ndel Pok\u00e9mon colpito.", "language": {"name": "it", "url": "https://pokeapi.co/api/v2/language/8/"}, "version_group": {"name": "sword-shield", "url": "https://pokeapi.co/api/v2/version-group/20/"}}, {"flavor_text": "The user attacks by slicing with a long horn. The\ntarget\u2019s stat changes don\u2019t affect this\nattack\u2019s damage.", "language": {"name": "en", "url": "https://pokeapi.co/api/v2/language/9/"}, "version_group": {"name": "sword-shield", "url": "https://pokeapi.co/api/v2/version-group/20/"}}, {"flavor_text": "\u9577\u3044\u3000\u3064\u306e\u3067\u3000\u5207\u308a\u3064\u3051\u3000\u653b\u6483\u3059\u308b\u3002\n\u76f8\u624b\u306e\u3000\u80fd\u529b\u5909\u5316\u306b\n\u95a2\u4fc2\u306a\u304f\u3000\u30c0\u30e1\u30fc\u30b8\u3092\u3000\u4e0e\u3048\u308b\u3002", "language": {"name": "ja", "url": "https://pokeapi.co/api/v2/language/11/"}, "version_group": {"name": "sword-shield", "url": "https://pokeapi.co/api/v2/version-group/20/"}}, {"flavor_text": "\u7528\u957f\u89d2\u5207\u65a9\u5bf9\u624b\u8fdb\u884c\u653b\u51fb\u3002\n\u65e0\u89c6\u5bf9\u624b\u7684\u80fd\u529b\u53d8\u5316\uff0c\n\u76f4\u63a5\u7ed9\u4e88\u4f24\u5bb3\u3002", "language": {"name": "zh-Hans", "url": "https://pokeapi.co/api/v2/language/12/"}, "version_group": {"name": "sword-shield", "url": "https://pokeapi.co/api/v2/version-group/20/"}}, {"flavor_text": "The user attacks by slicing with a long horn. The target's stat changes don't affect this attack's damage.", "language": {"name": "en", "url": "https://pokeapi.co/api/v2/language/9/"}, "version_group": {"name": "legends-arceus", "url": "https://pokeapi.co/api/v2/version-group/24/"}}, {"flavor_text": "The user attacks by slicing with a sword. The target's stat changes don't affect the damage inflicted by this move.", "language": {"name": "en", "url": "https://pokeapi.co/api/v2/language/9/"}, "version_group": {"name": "scarlet-violet", "url": "https://pokeapi.co/api/v2/version-group/25/"}}], "generation": {"name": "generation-v", "url": "https://pokeapi.co/api/v2/generation/5/"}, "id": 533, "learned_by_pokemon": [{"name": "gallade", "url": "https://pokeapi.co/api/v2/pokemon/475/"}, {"name": "oshawott", "url": "https://pokeapi.co/api/v2/pokemon/501/"}, {"name": "dewott", "url": "https://pokeapi.co/api/v2/pokemon/502/"}, {"name": "samurott", "url": "https://pokeapi.co/api/v2/pokemon/503/"}, {"name": "cobalion", "url": "https://pokeapi.co/api/v2/pokemon/638/"}, {"name": "terrakion", "url": "https://pokeapi.co/api/v2/pokemon/639/"}, {"name": "virizion", "url": "https://pokeapi.co/api/v2/pokemon/640/"}, {"name": "keldeo-ordinary", "url": "https://pokeapi.co/api/v2/pokemon/647/"}, {"name": "honedge", "url": "https://pokeapi.co/api/v2/pokemon/679/"}, {"name": "doublade", "url": "https://pokeapi.co/api/v2/pokemon/680/"}, {"name": "aegislash-shield", "url": "https://pokeapi.co/api/v2/pokemon/681/"}, {"name": "kartana", "url": "https://pokeapi.co/api/v2/pokemon/798/"}, {"name": "zacian", "url": "https://pokeapi.co/api/v2/pokemon/888/"}, {"name": "chien-pao", "url": "https://pokeapi.co/api/v2/pokemon/1002/"}, {"name": "iron-leaves", "url": "https://pokeapi.co/api/v2/pokemon/1010/"}, {"name": "iron-boulder", "url": "https://pokeapi.co/api/v2/pokemon/1022/"}, {"name": "iron-crown", "url": "https://pokeapi.co/api/v2/pokemon/1023/"}, {"name": "keldeo-resolute", "url": "https://pokeapi.co/api/v2/pokemon/10024/"}, {"name": "aegislash-blade", "url": "https://pokeapi.co/api/v2/pokemon/10026/"}, {"name": "zacian-crowned", "url": "https://pokeapi.co/api/v2/pokemon/10188/"}], "machines": [], "meta": {"ailment": {"name": "none", "url": "https://pokeapi.co/api/v2/move-ailment/0/"}, "ailment_chance": 0, "category": {"name": "damage", "url": "https://pokeapi.co/api/v2/move-category/0/"}, "crit_rate": 0, "drain": 0, "flinch_chance": 0, "healing": 0, "max_hits": null, "max_turns": null, "min_hits": null, "min_turns": null, "stat_chance": 0}, "name": "sacred-sword", "names": [{"language": {"name": "ja-Hrkt", "url": "https://pokeapi.co/api/v2/language/1/"}, "name": "\u305b\u3044\u306a\u308b\u3064\u308b\u304e"}, {"language": {"name": "ko", "url": "https://pokeapi.co/api/v2/language/3/"}, "name": "\uc131\uc2a4\ub7ec\uc6b4\uce7c"}, {"language": {"name": "zh-Hant", "url": "https://pokeapi.co/api/v2/language/4/"}, "name": "\u8056\u528d"}, {"language": {"name": "fr", "url": "https://pokeapi.co/api/v2/language/5/"}, "name": "Lame Sainte"}, {"language": {"name": "de", "url": "https://pokeapi.co/api/v2/language/6/"}, "name": "Sanctoklinge"}, {"language": {"name": "es", "url": "https://pokeapi.co/api/v2/language/7/"}, "name": "Espada Santa"}, {"language": {"name": "it", "url": "https://pokeapi.co/api/v2/language/8/"}, "name": "Spadasolenne"}, {"language": {"name": "en", "url": "https://pokeapi.co/api/v2/language/9/"}, "name": "Sacred Sword"}, {"language": {"name": "ja", "url": "https://pokeapi.co/api/v2/language/11/"}, "name": "\u305b\u3044\u306a\u308b\u3064\u308b\u304e"}, {"language": {"name": "zh-Hans", "url": "https://pokeapi.co/api/v2/language/12/"}, "name": "\u5723\u5251"}], "past_values": [{"accuracy": null, "effect_chance": null, "effect_entries": [], "power": null, "pp": 20, "type": null, "version_group": {"name": "x-y", "url": "https://pokeapi.co/api/v2/version-group/15/"}}], "power": 90, "pp": 15, "priority": 0, "stat_changes": [], "super_contest_effect": null, "target": {"name": "selected-pokemon", "url": "https://pokeapi.co/api/v2/move-target/10/"}, "type": {"name": "fighting", "url": "https://pokeapi.co/api/v2/type/2/"}}