{"accuracy": 100, "contest_combos": {"normal": {"use_after": [{"name": "scratch", "url": "https://pokeapi.co/api/v2/move/10/"}, {"name": "swords-dance", "url": "https://pokeapi.co/api/v2/move/14/"}], "use_before": null}, "super": {"use_after": null, "use_before": null}}, "contest_effect": {"url": "https://pokeapi.co/api/v2/contest-effect/2/"}, "contest_type": {"name": "cool", "url": "https://pokeapi.co/api/v2/contest-type/1/"}, "damage_class": {"name": "physical", "url": "https://pokeapi.co/api/v2/move-damage-class/2/"}, "effect_chance": null, "effect_changes": [], "effect_entries": [{"effect": "Inflicts regular damage.  User\u2019s critical hit rate is one level higher when using this move.", "language": {"name": "en", "url": "https://pokeapi.co/api/v2/language/9/"}, "short_effect": "Has an increased chance for a critical hit."}], "flavor_text_entries": [{"flavor_text": "Has a high criti\u00ad\ncal hit ratio.", "language": {"name": "en", "url": "https://pokeapi.co/api/v2/language/9/"}, "version_group": {"name": "crystal", "url": "https://pokeapi.co/api/v2/version-group/4/"}}, {"flavor_text": "Slashes with claws, etc. Has\na high critical-hit ratio.", "language": {"name": "en", "url": "https://pokeapi.co/api/v2/language/9/"}, "version_group": {"name": "ruby-sapphire", "url": "https://pokeapi.co/api/v2/version-group/5/"}}, {"flavor_text": "Slashes with claws, etc. Has\na high critical-hit ratio.", "language": {"name": "en", "url": "https://pokeapi.co/api/v2/language/9/"}, "version_group": {"name": "emerald", "url": "https://pokeapi.co/api/v2/version-group/6/"}}, {"flavor_text": "Has a high criti\u00ad\ncal hit ratio.", "language": {"name": "en", "url": "https://pokeapi.co/api/v2/language/9/"}, "version_group": {"name": "gold-silver", "url": "https://pokeapi.co/api/v2/version-group/3/"}}, {"flavor_text": "The foe is slashed\nwith claws, etc.\nIt has a high\ncritical-hit ratio.", "language": {"name": "en", "url": "https://pokeapi.co/api/v2/language/9/"}, "version_group": {"name": "firered-leafgreen", "url": "https://pokeapi.co/api/v2/version-group/7/"}}, {"flavor_text": "The foe is attacked\nwith a slash of\nclaws, etc.\nIt has a high\ncritical-hit ratio.", "language": {"name": "en", "url": "https://pokeapi.co/api/v2/language/9/"}, "version_group": {"name": "diamond-pearl", "url": "https://pokeapi.co/api/v2/version-group/8/"}}, {"flavor_text": "The foe is attacked\nwith a slash of\nclaws, etc.\nIt has a high\ncritical-hit ratio.", "language": {"name": "en", "url": "https://pokeapi.co/api/v2/language/9/"}, "version_group": {"name": "platinum", "url": "https://pokeapi.co/api/v2/version-group/9/"}}, {"flavor_text": "The foe is attacked\nwith a slash of\nclaws, etc.\nIt has a high\ncritical-hit ratio.", "language": {"name": "en", "url": "https://pokeapi.co/api/v2/language/9/"}, "version_group": {"name": "heartgold-soulsilver", "url": "https://pokeapi.co/api/v2/version-group/10/"}}, {"flavor_text": "Un coup de griffe ou autre tranche\nl\u2019ennemi. Taux de critiques \u00e9lev\u00e9.", "language": {"name": "fr", "url": "https://pokeapi.co/api/v2/language/5/"}, "version_group": {"name": "black-white", "url": "https://pokeapi.co/api/v2/version-group/11/"}}, {"flavor_text": "The target is attacked with a slash\nof claws or blades.\nCritical hits land more easily.", "language": {"name": "en", "url": "https://pokeapi.co/api/v2/language/9/"}, "version_group": {"name": "black-white", "url": "https://pokeapi.co/api/v2/version-group/11/"}}, {"flavor_text": "The target is attacked with a slash\nof claws or blades.\nCritical hits land more easily.", "language": {"name": "en", "url": "https://pokeapi.co/api/v2/language/9/"}, "version_group": {"name": "black-2-white-2", "url": "https://pokeapi.co/api/v2/version-group/14/"}}, {"flavor_text": "\u30c4\u30e1\u3084\u3000\u30ab\u30de\u3000\u306a\u3069\u3067\n\u3042\u3044\u3066\u3092\u3000\u304d\u308a\u3055\u3044\u3066\u3000\u3053\u3046\u3052\u304d\u3059\u308b\u3002\n\u304d\u3085\u3046\u3057\u3087\u306b\u3000\u3042\u305f\u308a\u3084\u3059\u3044\u3002", "language": {"name": "ja-Hrkt", "url": "https://pokeapi.co/api/v2/language/1/"}, "version_group": {"name": "x-y", "url": "https://pokeapi.co/api/v2/version-group/15/"}}, {"flavor_text": "\ubc1c\ud1b1\uc774\ub098 \ub0ab \ub4f1\uc73c\ub85c\n\uc0c1\ub300\ub97c \ubca0\uc5b4 \uac08\ub77c\uc11c \uacf5\uaca9\ud55c\ub2e4.\n\uae09\uc18c\uc5d0 \ub9de\uae30 \uc27d\ub2e4.", "language": {"name": "ko", "url": "https://pokeapi.co/api/v2/language/3/"}, "version_group": {"name": "x-y", "url": "https://pokeapi.co/api/v2/version-group/15/"}}, {"flavor_text": "Un coup de griffe ou autre tranche l\u2019ennemi.\nTaux de critiques \u00e9lev\u00e9.", "language": {"name": "fr", "url": "https://pokeapi.co/api/v2/language/5/"}, "version_group": {"name": "x-y", "url": "https://pokeapi.co/api/v2/version-group/15/"}}, {"flavor_text": "Hieb mit Klauen oder \u00c4hnlichem.\nHohe Volltrefferquote.", "language": {"name": "de", "url": "https://pokeapi.co/api/v2/language/6/"}, "version_group": {"name": "x-y", "url": "https://pokeapi.co/api/v2/version-group/15/"}}, {"flavor_text": "Ataca con cuchillas o con pinzas. Suele dar un\ngolpe cr\u00edtico.", "language": {"name": "es", "url": "https://pokeapi.co/api/v2/language/7/"}, "version_group": {"name": "x-y", "url": "https://pokeapi.co/api/v2/version-group/15/"}}, {"flavor_text": "Attacca il bersaglio con artigli, falci o altro.\nProbabile brutto colpo.", "language": {"name": "it", "url": "https://pokeapi.co/api/v2/language/8/"}, "version_group": {"name": "x-y", "url": "https://pokeapi.co/api/v2/version-group/15/"}}, {"flavor_text": "The target is attacked with a slash\nof claws or blades.\nCritical hits land more easily.", "language": {"name": "en", "url": "https://pokeapi.co/api/v2/language/9/"}, "version_group": {"name": "x-y", "url": "https://pokeapi.co/api/v2/version-group/15/"}}, {"flavor_text": "\u30c4\u30e1\u3084\u3000\u30ab\u30de\u306a\u3069\u3067\n\u76f8\u624b\u3092\u3000\u5207\u308a\u88c2\u3044\u3066\u3000\u653b\u6483\u3059\u308b\u3002\n\u6025\u6240\u306b\u3000\u5f53\u305f\u308a\u3084\u3059\u3044\u3002", "language": {"name": "ja", "url": "https://pokeapi.co/api/v2/language/11/"}, "version_group": {"name": "x-y", "url": "https://pokeapi.co/api/v2/version-group/15/"}}, {"flavor_text": "\u30c4\u30e1\u3084\u3000\u30ab\u30de\u3000\u306a\u3069\u3067\n\u3042\u3044\u3066\u3092\u3000\u304d\u308a\u3055\u3044\u3066\u3000\u3053\u3046\u3052\u304d\u3059\u308b\u3002\n\u304d\u3085\u3046\u3057\u3087\u306b\u3000\u3042\u305f\u308a\u3084\u3059\u3044\u3002", "language": {"name": "ja-Hrkt", "url": "https://pokeapi.co/api/v2/language/1/"}, "version_group": {"name": "omega-ruby-alpha-sapphire", "url": "https://pokeapi.co/api/v2/version-group/16/"}}, {"flavor_text": "\ubc1c\ud1b1\uc774\ub098 \ub0ab \ub4f1\uc73c\ub85c\n\uc0c1\ub300\ub97c \ubca0\uc5b4 \uac08\ub77c\uc11c \uacf5\uaca9\ud55c\ub2e4.\n\uae09\uc18c\uc5d0 \ub9de\uae30 \uc27d\ub2e4.", "language": {"name": "ko", "url": "https://pokeapi.co/api/v2/language/3/"}, "version_group": {"name": "omega-ruby-alpha-sapphire", "url": "https://pokeapi.co/api/v2/version-group/16/"}}, {"flavor_text": "Un coup de griffe ou autre tranche l\u2019ennemi.\nTaux de critiques \u00e9lev\u00e9.", "language": {"name": "fr", "url": "https://pokeapi.co/api/v2/language/5/"}, "version_group": {"name": "omega-ruby-alpha-sapphire", "url": "https://pokeapi.co/api/v2/version-group/16/"}}, {"flavor_text": "Hieb mit Klauen oder \u00c4hnlichem.\nHohe Volltrefferquote.", "language": {"name": "de", "url": "https://pokeapi.co/api/v2/language/6/"}, "version_group": {"name": "omega-ruby-alpha-sapphire", "url": "https://pokeapi.co/api/v2/version-group/16/"}}, {"flavor_text": "Ataca con cuchillas o con pinzas. Suele dar un golpe \ncr\u00edtico.", "language": {"name": "es", "url": "https://pokeapi.co/api/v2/language/7/"}, "version_group": {"name": "omega-ruby-alpha-sapphire", "url": "https://pokeapi.co/api/v2/version-group/16/"}}, {"flavor_text": "Attacca il bersaglio con artigli, falci o altro.\nProbabile brutto colpo.", "language": {"name": "it", "url": "https://pokeapi.co/api/v2/language/8/"}, "version_group": {"name": "omega-ruby-alpha-sapphire", "url": "https://pokeapi.co/api/v2/version-group/16/"}}, {"flavor_text": "The target is attacked with a slash\nof claws or blades.\nCritical hits land more easily.", "language": {"name": "en", "url": "https://pokeapi.co/api/v2/language/9/"}, "version_group": {"name": "omega-ruby-alpha-sapphire", "url": "https://pokeapi.co/api/v2/version-group/16/"}}, {"flavor_text": "\u30c4\u30e1\u3084\u3000\u30ab\u30de\u306a\u3069\u3067\n\u76f8\u624b\u3092\u3000\u5207\u308a\u88c2\u3044\u3066\u3000\u653b\u6483\u3059\u308b\u3002\n\u6025\u6240\u306b\u3000\u5f53\u305f\u308a\u3084\u3059\u3044\u3002", "language": {"name": "ja", "url": "https://pokeapi.co/api/v2/language/11/"}, "version_group": {"name": "omega-ruby-alpha-sapphire", "url": "https://pokeapi.co/api/v2/version-group/16/"}}, {"flavor_text": "\u30c4\u30e1\u3084\u3000\u30ab\u30de\u3000\u306a\u3069\u3067\n\u3042\u3044\u3066\u3092\u3000\u304d\u308a\u3055\u3044\u3066\u3000\u3053\u3046\u3052\u304d\u3059\u308b\u3002\n\u304d\u3085\u3046\u3057\u3087\u306b\u3000\u3042\u305f\u308a\u3084\u3059\u3044\u3002", "language": {"name": "ja-Hrkt", "url": "https://pokeapi.co/api/v2/language/1/"}, "version_group": {"name": "sun-moon", "url": "https://pokeapi.co/api/v2/version-group/17/"}}, {"flavor_text": "\ubc1c\ud1b1\uc774\ub098 \ub0ab \ub4f1\uc73c\ub85c\n\uc0c1\ub300\ub97c \ubca0\uc5b4 \uac08\ub77c\uc11c \uacf5\uaca9\ud55c\ub2e4.\n\uae09\uc18c\uc5d0 \ub9de\uae30 \uc27d\ub2e4.", "language": {"name": "ko", "url": "https://pokeapi.co/api/v2/language/3/"}, "version_group": {"name": "sun-moon", "url": "https://pokeapi.co/api/v2/version-group/17/"}}, {"flavor_text": "\u7528\u722a\u5b50\u6216\u942e\u5200\u7b49\n\u5288\u958b\u5c0d\u624b\u9032\u884c\u653b\u64ca\u3002\n\u5bb9\u6613\u64ca\u4e2d\u8981\u5bb3\u3002", "language": {"name": "zh-Hant", "url": "https://pokeapi.co/api/v2/language/4/"}, "version_group": {"name": "sun-moon", "url": "https://pokeapi.co/api/v2/version-group/17/"}}, {"flavor_text": "Un coup de griffe ou autre tranche l\u2019ennemi.\nTaux de critique \u00e9lev\u00e9.", "language": {"name": "fr", "url": "https://pokeapi.co/api/v2/language/5/"}, "version_group": {"name": "sun-moon", "url": "https://pokeapi.co/api/v2/version-group/17/"}}, {"flavor_text": "Hieb mit Klauen oder \u00c4hnlichem.\nHohe Volltrefferquote.", "language": {"name": "de", "url": "https://pokeapi.co/api/v2/language/6/"}, "version_group": {"name": "sun-moon", "url": "https://pokeapi.co/api/v2/version-group/17/"}}, {"flavor_text": "Ataca con cuchillas o con pinzas. Suele dar un golpe \ncr\u00edtico.", "language": {"name": "es", "url": "https://pokeapi.co/api/v2/language/7/"}, "version_group": {"name": "sun-moon", "url": "https://pokeapi.co/api/v2/version-group/17/"}}, {"flavor_text": "Attacca il bersaglio con artigli, falci o altro.\nProbabile brutto colpo.", "language": {"name": "it", "url": "https://pokeapi.co/api/v2/language/8/"}, "version_group": {"name": "sun-moon", "url": "https://pokeapi.co/api/v2/version-group/17/"}}, {"flavor_text": "The target is attacked with a slash of claws or\nblades. Critical hits land more easily.", "language": {"name": "en", "url": "https://pokeapi.co/api/v2/language/9/"}, "version_group": {"name": "sun-moon", "url": "https://pokeapi.co/api/v2/version-group/17/"}}, {"flavor_text": "\u30c4\u30e1\u3084\u3000\u30ab\u30de\u306a\u3069\u3067\n\u76f8\u624b\u3092\u3000\u5207\u308a\u88c2\u3044\u3066\u3000\u653b\u6483\u3059\u308b\u3002\n\u6025\u6240\u306b\u3000\u5f53\u305f\u308a\u3084\u3059\u3044\u3002", "language": {"name": "ja", "url": "https://pokeapi.co/api/v2/language/11/"}, "version_group": {"name": "sun-moon", "url": "https://pokeapi.co/api/v2/version-group/17/"}}, {"flavor_text": "\u7528\u722a\u5b50\u6216\u9570\u5200\u7b49\n\u5288\u5f00\u5bf9\u624b\u8fdb\u884c\u653b\u51fb\u3002\n\u5bb9\u6613\u51fb\u4e2d\u8981\u5bb3\u3002", "language": {"name": "zh-Hans", "url": "https://pokeapi.co/api/v2/language/12/"}, "version_group": {"name": "sun-moon", "url": "https://pokeapi.co/api/v2/version-group/17/"}}, {"flavor_text": "\u30c4\u30e1\u3084\u3000\u30ab\u30de\u3000\u306a\u3069\u3067\n\u3042\u3044\u3066\u3092\u3000\u304d\u308a\u3055\u3044\u3066\u3000\u3053\u3046\u3052\u304d\u3059\u308b\u3002\n\u304d\u3085\u3046\u3057\u3087\u306b\u3000\u3042\u305f\u308a\u3084\u3059\u3044\u3002", "language": {"name": "ja-Hrkt", "url": "https://pokeapi.co/api/v2/language/1/"}, "version_group": {"name": "ultra-sun-ultra-moon", "url": "https://pokeapi.co/api/v2/version-group/18/"}}, {"flavor_text": "\ubc1c\ud1b1\uc774\ub098 \ub0ab \ub4f1\uc73c\ub85c\n\uc0c1\ub300\ub97c \ubca0\uc5b4 \uac08\ub77c\uc11c \uacf5\uaca9\ud55c\ub2e4.\n\uae09\uc18c\uc5d0 \ub9de\uae30 \uc27d\ub2e4.", "language": {"name": "ko", "url": "https://pokeapi.co/api/v2/language/3/"}, "version_group": {"name": "ultra-sun-ultra-moon", "url": "https://pokeapi.co/api/v2/version-group/18/"}}, {"flavor_text": "\u7528\u722a\u5b50\u6216\u942e\u5200\u7b49\n\u5288\u958b\u5c0d\u624b\u9032\u884c\u653b\u64ca\u3002\n\u5bb9\u6613\u64ca\u4e2d\u8981\u5bb3\u3002", "language": {"name": "zh-Hant", "url": "https://pokeapi.co/api/v2/language/4/"}, "version_group": {"name": "ultra-sun-ultra-moon", "url": "https://pokeapi.co/api/v2/version-group/18/"}}, {"flavor_text": "Un coup de griffe ou autre tranche l\u2019ennemi.\nTaux de critique \u00e9lev\u00e9.", "language": {"name": "fr", "url": "https://pokeapi.co/api/v2/language/5/"}, "version_group": {"name": "ultra-sun-ultra-moon", "url": "https://pokeapi.co/api/v2/version-group/18/"}}, {"flavor_text": "Hieb mit Klauen oder \u00c4hnlichem.\nHohe Volltrefferquote.", "language": {"name": "de", "url": "https://pokeapi.co/api/v2/language/6/"}, "version_group": {"name": "ultra-sun-ultra-moon", "url": "https://pokeapi.co/api/v2/version-group/18/"}}, {"flavor_text": "Ataca con cuchillas o con pinzas. Suele dar un golpe \ncr\u00edtico.", "language": {"name": "es", "url": "https://pokeapi.co/api/v2/language/7/"}, "version_group": {"name": "ultra-sun-ultra-moon", "url": "https://pokeapi.co/api/v2/version-group/18/"}}, {"flavor_text": "Attacca il bersaglio con artigli, falci o altro.\nProbabile brutto colpo.", "language": {"name": "it", "url": "https://pokeapi.co/api/v2/language/8/"}, "version_group": {"name": "ultra-sun-ultra-moon", "url": "https://pokeapi.co/api/v2/version-group/18/"}}, {"flavor_text": "The target is attacked with a slash of claws or\nblades. Critical hits land more easily.", "language": {"name": "en", "url": "https://pokeapi.co/api/v2/language/9/"}, "version_group": {"name": "ultra-sun-ultra-moon", "url": "https://pokeapi.co/api/v2/version-group/18/"}}, {"flavor_text": "\u30c4\u30e1\u3084\u3000\u30ab\u30de\u306a\u3069\u3067\n\u76f8\u624b\u3092\u3000\u5207\u308a\u88c2\u3044\u3066\u3000\u653b\u6483\u3059\u308b\u3002\n\u6025\u6240\u306b\u3000\u5f53\u305f\u308a\u3084\u3059\u3044\u3002", "language": {"name": "ja", "url": "https://pokeapi.co/api/v2/language/11/"}, "version_group": {"name": "ultra-sun-ultra-moon", "url": "https://pokeapi.co/api/v2/version-group/18/"}}, {"flavor_text": "\u7528\u722a\u5b50\u6216\u9570\u5200\u7b49\n\u5288\u5f00\u5bf9\u624b\u8fdb\u884c\u653b\u51fb\u3002\n\u5bb9\u6613\u51fb\u4e2d\u8981\u5bb3\u3002", "language": {"name": "zh-Hans", "url": "https://pokeapi.co/api/v2/language/12/"}, "version_group": {"name": "ultra-sun-ultra-moon", "url": "https://pokeapi.co/api/v2/version-group/18/"}}, {"flavor_text": "\u30c4\u30e1\u3084\u3000\u30ab\u30de\u3000\u306a\u3069\u3067\n\u3042\u3044\u3066\u3092\u3000\u304d\u308a\u3055\u3044\u3066\u3000\u3053\u3046\u3052\u304d\u3059\u308b\u3002\n\u304d\u3085\u3046\u3057\u3087\u306b\u3000\u3042\u305f\u308a\u3084\u3059\u3044\u3002", "language": {"name": "ja-Hrkt", "url": "https://pokeapi.co/api/v2/language/1/"}, "version_group": {"name": "lets-go-pikachu-lets-go-eevee", "url": "https://pokeapi.co/api/v2/version-group/19/"}}, {"flavor_text": "\ubc1c\ud1b1\uc774\ub098 \ub0ab \ub4f1\uc73c\ub85c\n\uc0c1\ub300\ub97c \ubca0\uc5b4 \uac08\ub77c\uc11c \uacf5\uaca9\ud55c\ub2e4.\n\uae09\uc18c\uc5d0 \ub9de\uae30 \uc27d\ub2e4.", "language": {"name": "ko", "url": "https://pokeapi.co/api/v2/language/3/"}, "version_group": {"name": "lets-go-pikachu-lets-go-eevee", "url": "https://pokeapi.co/api/v2/version-group/19/"}}, {"flavor_text": "\u7528\u722a\u5b50\u6216\u942e\u5200\u7b49\n\u5288\u958b\u5c0d\u624b\u9032\u884c\u653b\u64ca\u3002\n\u5bb9\u6613\u64ca\u4e2d\u8981\u5bb3\u3002", "language": {"name": "zh-Hant", "url": "https://pokeapi.co/api/v2/language/4/"}, "version_group": {"name": "lets-go-pikachu-lets-go-eevee", "url": "https://pokeapi.co/api/v2/version-group/19/"}}, {"flavor_text": "Un coup de griffe ou autre tranche l\u2019ennemi.\nTaux de critique \u00e9lev\u00e9.", "language": {"name": "fr", "url": "https://pokeapi.co/api/v2/language/5/"}, "version_group": {"name": "lets-go-pikachu-lets-go-eevee", "url": "https://pokeapi.co/api/v2/version-group/19/"}}, {"flavor_text": "Hieb mit Klauen oder \u00c4hnlichem.\nHohe Volltrefferquote.", "language": {"name": "de", "url": "https://pokeapi.co/api/v2/language/6/"}, "version_group": {"name": "lets-go-pikachu-lets-go-eevee", "url": "https://pokeapi.co/api/v2/version-group/19/"}}, {"flavor_text": "Ataca con cuchillas o con pinzas. Suele dar un golpe \ncr\u00edtico.", "language": {"name": "es", "url": "https://pokeapi.co/api/v2/language/7/"}, "version_group": {"name": "lets-go-pikachu-lets-go-eevee", "url": "https://pokeapi.co/api/v2/version-group/19/"}}, {"flavor_text": "Attacca il bersaglio con artigli, falci o altro.\nProbabile brutto colpo.", "language": {"name": "it", "url": "https://pokeapi.co/api/v2/language/8/"}, "version_group": {"name": "lets-go-pikachu-lets-go-eevee", "url": "https://pokeapi.co/api/v2/version-group/19/"}}, {"flavor_text": "The target is attacked with a slash of claws or\nblades. Critical hits land more easily.", "language": {"name": "en", "url": "https://pokeapi.co/api/v2/language/9/"}, "version_group": {"name": "lets-go-pikachu-lets-go-eevee", "url": "https://pokeapi.co/api/v2/version-group/19/"}}, {"flavor_text": "\u30c4\u30e1\u3084\u3000\u30ab\u30de\u306a\u3069\u3067\n\u76f8\u624b\u3092\u3000\u5207\u308a\u88c2\u3044\u3066\u3000\u653b\u6483\u3059\u308b\u3002\n\u6025\u6240\u306b\u3000\u5f53\u305f\u308a\u3084\u3059\u3044\u3002", "language": {"name": "ja", "url": "https://pokeapi.co/api/v2/language/11/"}, "version_group": {"name": "lets-go-pikachu-lets-go-eevee", "url": "https://pokeapi.co/api/v2/version-group/19/"}}, {"flavor_text": "\u7528\u722a\u5b50\u6216\u9570\u5200\u7b49\n\u5288\u5f00\u5bf9\u624b\u8fdb\u884c\u653b\u51fb\u3002\n\u5bb9\u6613\u51fb\u4e2d\u8981\u5bb3\u3002", "language": {"name": "zh-Hans", "url": "https://pokeapi.co/api/v2/language/12/"}, "version_group": {"name": "lets-go-pikachu-lets-go-eevee", "url": "https://pokeapi.co/api/v2/version-group/19/"}}, {"flavor_text": "\u30c4\u30e1\u3084\u3000\u30ab\u30de\u3000\u306a\u3069\u3067\n\u3042\u3044\u3066\u3092\u3000\u304d\u308a\u3055\u3044\u3066\u3000\u3053\u3046\u3052\u304d\u3059\u308b\u3002\n\u304d\u3085\u3046\u3057\u3087\u306b\u3000\u3042\u305f\u308a\u3084\u3059\u3044\u3002", "language": {"name": "ja-Hrkt", "url": "https://pokeapi.co/api/v2/language/1/"}, "version_group": {"name": "sword-shield", "url": "https://pokeapi.co/api/v2/version-group/20/"}}, {"flavor_text": "\ubc1c\ud1b1\uc774\ub098 \ub0ab \ub4f1\uc73c\ub85c\n\uc0c1\ub300\ub97c \ubca0\uc5b4 \uac08\ub77c\uc11c \uacf5\uaca9\ud55c\ub2e4.\n\uae09\uc18c\uc5d0 \ub9de\uae30 \uc27d\ub2e4.", "language": {"name": "ko", "url": "https://pokeapi.co/api/v2/language/3/"}, "version_group": {"name": "sword-shield", "url": "https://pokeapi.co/api/v2/version-group/20/"}}, {"flavor_text": "\u7528\u722a\u5b50\u6216\u942e\u5200\u7b49\n\u5288\u958b\u5c0d\u624b\u9032\u884c\u653b\u64ca\u3002\n\u5bb9\u6613\u64ca\u4e2d\u8981\u5bb3\u3002", "language": {"name": "zh-Hant", "url": "https://pokeapi.co/api/v2/language/4/"}, "version_group": {"name": "sword-shield", "url": "https://pokeapi.co/api/v2/version-group/20/"}}, {"flavor_text": "Un coup de griffe ou autre tranche l\u2019ennemi.\nTaux de critiques \u00e9lev\u00e9.", "language": {"name": "fr", "url": "https://pokeapi.co/api/v2/language/5/"}, "version_group": {"name": "sword-shield", "url": "https://pokeapi.co/api/v2/version-group/20/"}}, {"flavor_text": "Hieb mit Klauen oder \u00c4hnlichem.\nHohe Volltrefferquote.", "language": {"name": "de", "url": "https://pokeapi.co/api/v2/language/6/"}, "version_group": {"name": "sword-shield", "url": "https://pokeapi.co/api/v2/version-group/20/"}}, {"flavor_text": "Ataca con cuchillas o con pinzas. Suele asestar un\ngolpe cr\u00edtico.", "language": {"name": "es", "url": "https://pokeapi.co/api/v2/language/7/"}, "version_group": {"name": "sword-shield", "url": "https://pokeapi.co/api/v2/version-group/20/"}}, {"flavor_text": "Attacca il bersaglio con artigli, falci o altro.\nProbabile brutto colpo.", "language": {"name": "it", "url": "https://pokeapi.co/api/v2/language/8/"}, "version_group": {"name": "sword-shield", "url": "https://pokeapi.co/api/v2/version-group/20/"}}, {"flavor_text": "The target is attacked with a slash of claws or\nblades. Critical hits land more easily.", "language": {"name": "en", "url": "https://pokeapi.co/api/v2/language/9/"}, "version_group": {"name": "sword-shield", "url": "https://pokeapi.co/api/v2/version-group/20/"}}, {"flavor_text": "\u30c4\u30e1\u3084\u3000\u30ab\u30de\u306a\u3069\u3067\n\u76f8\u624b\u3092\u3000\u5207\u308a\u88c2\u3044\u3066\u3000\u653b\u6483\u3059\u308b\u3002\n\u6025\u6240\u306b\u3000\u5f53\u305f\u308a\u3084\u3059\u3044\u3002", "language": {"name": "ja", "url": "https://pokeapi.co/api/v2/language/11/"}, "version_group": {"name": "sword-shield", "url": "https://pokeapi.co/api/v2/version-group/20/"}}, {"flavor_text": "\u7528\u722a\u5b50\u6216\u9570\u5200\u7b49\n\u5288\u5f00\u5bf9\u624b\u8fdb\u884c\u653b\u51fb\u3002\n\u5bb9\u6613\u51fb\u4e2d\u8981\u5bb3\u3002", "language": {"name": "zh-Hans", "url": "https://pokeapi.co/api/v2/language/12/"}, "version_group": {"name": "sword-shield", "url": "https://pokeapi.co/api/v2/version-group/20/"}}, {"flavor_text": "The target is attacked with a slash of claws or blades. This move has a heightened chance of landing a critical hit.", "language": {"name": "en", "url": "https://pokeapi.co/api/v2/language/9/"}, "version_group": {"name": "legends-arceus", "url": "https://pokeapi.co/api/v2/version-group/24/"}}, {"flavor_text": "The target is attacked with a slash of claws, scythes, or the like. This move has a heightened chance of landing a critical hit.", "language": {"name": "en", "url": "https://pokeapi.co/api/v2/language/9/"}, "version_group": {"name": "scarlet-violet", "url": "https://pokeapi.co/api/v2/version-group/25/"}}], "generation": {"name": "generation-i", "url": "https://pokeapi.co/api/v2/generation/1/"}, "id": 163, "learned_by_pokemon": [{"name": "charmander", "url": "https://pokeapi.co/api/v2/pokemon/4/"}, {"name": "charmeleon", "url": "https://pokeapi.co/api/v2/pokemon/5/"}, {"name": "charizard", "url": "https://pokeapi.co/api/v2/pokemon/6/"}, {"name": "sandshrew", "url": "https://pokeapi.co/api/v2/pokemon/27/"}, {"name": "sandslash", "url": "https://pokeapi.co/api/v2/pokemon/28/"}, {"name": "paras", "url": "https://pokeapi.co/api/v2/pokemon/46/"}, {"name": "parasect", "url": "https://pokeapi.co/api/v2/pokemon/47/"}, {"name": "diglett", "url": "https://pokeapi.co/api/v2/pokemon/50/"}, {"name": "dugtrio", "url": "https://pokeapi.co/api/v2/pokemon/51/"}, {"name": "meowth", "url": "https://pokeapi.co/api/v2/pokemon/52/"}, {"name": "persian", "url": "https://pokeapi.co/api/v2/pokemon/53/"}, {"name": "farfetchd", "url": "https://pokeapi.co/api/v2/pokemon/83/"}, {"name": "krabby", "url": "https://pokeapi.co/api/v2/pokemon/98/"}, {"name": "scyther", "url": "https://pokeapi.co/api/v2/pokemon/123/"}, {"name": "pinsir", "url": "https://pokeapi.co/api/v2/pokemon/127/"}, {"name": "kabuto", "url": "https://pokeapi.co/api/v2/pokemon/140/"}, {"name": "kabutops", "url": "https://pokeapi.co/api/v2/pokemon/141/"}, {"name": "totodile", "url": "https://pokeapi.co/api/v2/pokemon/158/"}, {"name": "croconaw", "url": "https://pokeapi.co/api/v2/pokemon/159/"}, {"name": "feraligatr", "url": "https://pokeapi.co/api/v2/pokemon/160/"}, {"name": "sentret", "url": "https://pokeapi.co/api/v2/pokemon/161/"}, {"name": "furret", "url": "https://pokeapi.co/api/v2/pokemon/162/"}, {"name": "gligar", "url": "https://pokeapi.co/api/v2/pokemon/207/"}, {"name": "scizor", "url": "https://pokeapi.co/api/v2/pokemon/212/"}, {"name": "heracross", "url": "https://pokeapi.co/api/v2/pokemon/214/"}, {"name": "sneasel", "url": "https://pokeapi.co/api/v2/pokemon/215/"}, {"name": "teddiursa", "url": "https://pokeapi.co/api/v2/pokemon/216/"}, {"name": "ursaring", "url": "https://pokeapi.co/api/v2/pokemon/217/"}, {"name": "skarmory", "url": "https://pokeapi.co/api/v2/pokemon/227/"}, {"name": "treecko", "url": "https://pokeapi.co/api/v2/pokemon/252/"}, {"name": "grovyle", "url": "https://pokeapi.co/api/v2/pokemon/253/"}, {"name": "sceptile", "url": "https://pokeapi.co/api/v2/pokemon/254/"}, {"name": "torchic", "url": "https://pokeapi.co/api/v2/pokemon/255/"}, {"name": "combusken", "url": "https://pokeapi.co/api/v2/pokemon/256/"}, {"name": "blaziken", "url": "https://pokeapi.co/api/v2/pokemon/257/"}, {"name": "linoone", "url": "https://pokeapi.co/api/v2/pokemon/264/"}, {"name": "slakoth", "url": "https://pokeapi.co/api/v2/pokemon/287/"}, {"name": "vigoroth", "url": "https://pokeapi.co/api/v2/pokemon/288/"}, {"name": "slaking", "url": "https://pokeapi.co/api/v2/pokemon/289/"}, {"name": "ninjask", "url": "https://pokeapi.co/api/v2/pokemon/291/"}, {"name": "sharpedo", "url": "https://pokeapi.co/api/v2/pokemon/319/"}, {"name": "zangoose", "url": "https://pokeapi.co/api/v2/pokemon/335/"}, {"name": "corphish", "url": "https://pokeapi.co/api/v2/pokemon/341/"}, {"name": "crawdaunt", "url": "https://pokeapi.co/api/v2/pokemon/342/"}, {"name": "anorith", "url": "https://pokeapi.co/api/v2/pokemon/347/"}, {"name": "armaldo", "url": "https://pokeapi.co/api/v2/pokemon/348/"}, {"name": "kecleon", "url": "https://pokeapi.co/api/v2/pokemon/352/"}, {"name": "absol", "url": "https://pokeapi.co/api/v2/pokemon/359/"}, {"name": "groudon", "url": "https://pokeapi.co/api/v2/pokemon/383/"}, {"name": "kricketune", "url": "https://pokeapi.co/api/v2/pokemon/402/"}, {"name": "vespiquen", "url": "https://pokeapi.co/api/v2/pokemon/416/"}, {"name": "buizel", "url": "https://pokeapi.co/api/v2/pokemon/418/"}, {"name": "glameow", "url": "https://pokeapi.co/api/v2/pokemon/431/"}, {"name": "purugly", "url": "https://pokeapi.co/api/v2/pokemon/432/"}, {"name": "stunky", "url": "https://pokeapi.co/api/v2/pokemon/434/"}, {"name": "skuntank", "url": "https://pokeapi.co/api/v2/pokemon/435/"}, {"name": "gible", "url": "https://pokeapi.co/api/v2/pokemon/443/"}, {"name": "gabite", "url": "https://pokeapi.co/api/v2/pokemon/444/"}, {"name": "garchomp", "url": "https://pokeapi.co/api/v2/pokemon/445/"}, {"name": "skorupi", "url": "https://pokeapi.co/api/v2/pokemon/451/"}, {"name": "weavile", "url": "https://pokeapi.co/api/v2/pokemon/461/"}, {"name": "yanmega", "url": "https://pokeapi.co/api/v2/pokemon/469/"}, {"name": "gliscor", "url": "https://pokeapi.co/api/v2/pokemon/472/"}, {"name": "gallade", "url": "https://pokeapi.co/api/v2/pokemon/475/"}, {"name": "dialga", "url": "https://pokeapi.co/api/v2/pokemon/483/"}, {"name": "palkia", "url": "https://pokeapi.co/api/v2/pokemon/484/"}, {"name": "giratina-altered", "url": "https://pokeapi.co/api/v2/pokemon/487/"}, {"name": "cresselia", "url": "https://pokeapi.co/api/v2/pokemon/488/"}, {"name": "oshawott", "url": "https://pokeapi.co/api/v2/pokemon/501/"}, {"name": "dewott", "url": "https://pokeapi.co/api/v2/pokemon/502/"}, {"name": "samurott", "url": "https://pokeapi.co/api/v2/pokemon/503/"}, {"name": "purrloin", "url": "https://pokeapi.co/api/v2/pokemon/509/"}, {"name": "liepard", "url": "https://pokeapi.co/api/v2/pokemon/510/"}, {"name": "drilbur", "url": "https://pokeapi.co/api/v2/pokemon/529/"}, {"name": "excadrill", "url": "https://pokeapi.co/api/v2/pokemon/530/"}, {"name": "leavanny", "url": "https://pokeapi.co/api/v2/pokemon/542/"}, {"name": "dwebble", "url": "https://pokeapi.co/api/v2/pokemon/557/"}, {"name": "crustle", "url": "https://pokeapi.co/api/v2/pokemon/558/"}, {"name": "karrablast", "url": "https://pokeapi.co/api/v2/pokemon/588/"}, {"name": "escavalier", "url": "https://pokeapi.co/api/v2/pokemon/589/"}, {"name": "joltik", "url": "https://pokeapi.co/api/v2/pokemon/595/"}, {"name": "galvantula", "url": "https://pokeapi.co/api/v2/pokemon/596/"}, {"name": "axew", "url": "https://pokeapi.co/api/v2/pokemon/610/"}, {"name": "fraxure", "url": "https://pokeapi.co/api/v2/pokemon/611/"}, {"name": "haxorus", "url": "https://pokeapi.co/api/v2/pokemon/612/"}, {"name": "cubchoo", "url": "https://pokeapi.co/api/v2/pokemon/613/"}, {"name": "beartic", "url": "https://pokeapi.co/api/v2/pokemon/614/"}, {"name": "cryogonal", "url": "https://pokeapi.co/api/v2/pokemon/615/"}, {"name": "druddigon", "url": "https://pokeapi.co/api/v2/pokemon/621/"}, {"name": "pawniard", "url": "https://pokeapi.co/api/v2/pokemon/624/"}, {"name": "bisharp", "url": "https://pokeapi.co/api/v2/pokemon/625/"}, {"name": "rufflet", "url": "https://pokeapi.co/api/v2/pokemon/627/"}, {"name": "braviary", "url": "https://pokeapi.co/api/v2/pokemon/628/"}, {"name": "heatmor", "url": "https://pokeapi.co/api/v2/pokemon/631/"}, {"name": "reshiram", "url": "https://pokeapi.co/api/v2/pokemon/643/"}, {"name": "zekrom", "url": "https://pokeapi.co/api/v2/pokemon/644/"}, {"name": "kyurem", "url": "https://pokeapi.co/api/v2/pokemon/646/"}, {"name": "genesect", "url": "https://pokeapi.co/api/v2/pokemon/649/"}, {"name": "pancham", "url": "https://pokeapi.co/api/v2/pokemon/674/"}, {"name": "pangoro", "url": "https://pokeapi.co/api/v2/pokemon/675/"}, {"name": "honedge", "url": "https://pokeapi.co/api/v2/pokemon/679/"}, {"name": "doublade", "url": "https://pokeapi.co/api/v2/pokemon/680/"}, {"name": "aegislash-shield", "url": "https://pokeapi.co/api/v2/pokemon/681/"}, {"name": "inkay", "url": "https://pokeapi.co/api/v2/pokemon/686/"}, {"name": "malamar", "url": "https://pokeapi.co/api/v2/pokemon/687/"}, {"name": "binacle", "url": "https://pokeapi.co/api/v2/pokemon/688/"}, {"name": "barbaracle", "url": "https://pokeapi.co/api/v2/pokemon/689/"}, {"name": "fomantis", "url": "https://pokeapi.co/api/v2/pokemon/753/"}, {"name": "lurantis", "url": "https://pokeapi.co/api/v2/pokemon/754/"}, {"name": "golisopod", "url": "https://pokeapi.co/api/v2/pokemon/768/"}, {"name": "mimikyu-disguised", "url": "https://pokeapi.co/api/v2/pokemon/778/"}, {"name": "necrozma", "url": "https://pokeapi.co/api/v2/pokemon/800/"}, {"name": "zeraora", "url": "https://pokeapi.co/api/v2/pokemon/807/"}, {"name": "arrokuda", "url": "https://pokeapi.co/api/v2/pokemon/846/"}, {"name": "perrserker", "url": "https://pokeapi.co/api/v2/pokemon/863/"}, {"name": "duraludon", "url": "https://pokeapi.co/api/v2/pokemon/884/"}, {"name": "zacian", "url": "https://pokeapi.co/api/v2/pokemon/888/"}, {"name": "zamazenta", "url": "https://pokeapi.co/api/v2/pokemon/889/"}, {"name": "kleavor", "url": "https://pokeapi.co/api/v2/pokemon/900/"}, {"name": "ursaluna", "url": "https://pokeapi.co/api/v2/pokemon/901/"}, {"name": "sneasler", "url": "https://pokeapi.co/api/v2/pokemon/903/"}, {"name": "sprigatito", "url": "https://pokeapi.co/api/v2/pokemon/906/"}, {"name": "floragato", "url": "https://pokeapi.co/api/v2/pokemon/907/"}, {"name": "meowscarada", "url": "https://pokeapi.co/api/v2/pokemon/908/"}, {"name": "shroodle", "url": "https://pokeapi.co/api/v2/pokemon/944/"}, {"name": "grafaiai", "url": "https://pokeapi.co/api/v2/pokemon/945/"}, {"name": "veluza", "url": "https://pokeapi.co/api/v2/pokemon/976/"}, {"name": "kingambit", "url": "https://pokeapi.co/api/v2/pokemon/983/"}, {"name": "archaludon", "url": "https://pokeapi.co/api/v2/pokemon/1018/"}, {"name": "iron-boulder", "url": "https://pokeapi.co/api/v2/pokemon/1022/"}, {"name": "iron-crown", "url": "https://pokeapi.co/api/v2/pokemon/1023/"}, {"name": "giratina-origin", "url": "https://pokeapi.co/api/v2/pokemon/10007/"}, {"name": "kyurem-black", "url": "https://pokeapi.co/api/v2/pokemon/10022/"}, {"name": "kyurem-white", "url": "https://pokeapi.co/api/v2/pokemon/10023/"}, {"name": "aegislash-blade", "url": "https://pokeapi.co/api/v2/pokemon/10026/"}, {"name": "charizard-mega-x", "url": "https://pokeapi.co/api/v2/pokemon/10034/"}, {"name": "charizard-mega-y", "url": "https://pokeapi.co/api/v2/pokemon/10035/"}, {"name": "scizor-mega", "url": "https://pokeapi.co/api/v2/pokemon/10046/"}, {"name": "blaziken-mega", "url": "https://pokeapi.co/api/v2/pokemon/10050/"}, {"name": "absol-mega", "url": "https://pokeapi.co/api/v2/pokemon/10057/"}, {"name": "garchomp-mega", "url": "https://pokeapi.co/api/v2/pokemon/10058/"}, {"name": "gallade-mega", "url": "https://pokeapi.co/api/v2/pokemon/10068/"}, {"name": "sharpedo-mega", "url": "https://pokeapi.co/api/v2/pokemon/10070/"}, {"name": "sandshrew-alola", "url": "https://pokeapi.co/api/v2/pokemon/10101/"}, {"name": "sandslash-alola", "url": "https://pokeapi.co/api/v2/pokemon/10102/"}, {"name": "diglett-alola", "url": "https://pokeapi.co/api/v2/pokemon/10105/"}, {"name": "dugtrio-alola", "url": "https://pokeapi.co/api/v2/pokemon/10106/"}, {"name": "meowth-alola", "url": "https://pokeapi.co/api/v2/pokemon/10107/"}, {"name": "persian-alola", "url": "https://pokeapi.co/api/v2/pokemon/10108/"}, {"name": "lurantis-totem", "url": "https://pokeapi.co/api/v2/pokemon/10128/"}, {"name": "mimikyu-busted", "url": "https://pokeapi.co/api/v2/pokemon/10143/"}, {"name": "mimikyu-totem-disguised", "url": "https://pokeapi.co/api/v2/pokemon/10144/"}, {"name": "mimikyu-totem-busted", "url": "https://pokeapi.co/api/v2/pokemon/10145/"}, {"name": "necrozma-dusk", "url": "https://pokeapi.co/api/v2/pokemon/10155/"}, {"name": "necrozma-dawn", "url": "https://pokeapi.co/api/v2/pokemon/10156/"}, {"name": "necrozma-ultra", "url": "https://pokeapi.co/api/v2/pokemon/10157/"}, {"name": "meowth-galar", "url": "https://pokeapi.co/api/v2/pokemon/10161/"}, {"name": "zacian-crowned", "url": "https://pokeapi.co/api/v2/pokemon/10188/"}, {"name": "zamazenta-crowned", "url": "https://pokeapi.co/api/v2/pokemon/10189/"}, {"name": "sneasel-hisui", "url": "https://pokeapi.co/api/v2/pokemon/10235/"}, {"name": "samurott-hisui", "url": "https://pokeapi.co/api/v2/pokemon/10236/"}, {"name": "zorua-hisui", "url": "https://pokeapi.co/api/v2/pokemon/10238/"}, {"name": "zoroark-hisui", "url": "https://pokeapi.co/api/v2/pokemon/10239/"}, {"name": "braviary-hisui", "url": "https://pokeapi.co/api/v2/pokemon/10240/"}, {"name": "dialga-origin", "url": "https://pokeapi.co/api/v2/pokemon/10245/"}, {"name": "palkia-origin", "url": "https://pokeapi.co/api/v2/pokemon/10246/"}, {"name": "ursaluna-bloodmoon", "url": "https://pokeapi.co/api/v2/pokemon/10272/"}], "machines": [], "meta": {"ailment": {"name": "none", "url": "https://pokeapi.co/api/v2/move-ailment/0/"}, "ailment_chance": 0, "category": {"name": "damage", "url": "https://pokeapi.co/api/v2/move-category/0/"}, "crit_rate": 1, "drain": 0, "flinch_chance": 0, "healing": 0, "max_hits": null, "max_turns": null, "min_hits": null, "min_turns": null, "stat_chance": 0}, "name": "slash", "names": [{"language": {"name": "ja-Hrkt", "url": "https://pokeapi.co/api/v2/language/1/"}, "name": "\u304d\u308a\u3055\u304f"}, {"language": {"name": "ko", "url": "https://pokeapi.co/api/v2/language/3/"}, "name": "\ubca0\uc5b4\uac00\ub974\uae30"}, {"language": {"name": "zh-Hant", "url": "https://pokeapi.co/api/v2/language/4/"}, "name": "\u5288\u958b"}, {"language": {"name": "fr", "url": "https://pokeapi.co/api/v2/language/5/"}, "name": "Tranche"}, {"language": {"name": "de", "url": "https://pokeapi.co/api/v2/language/6/"}, "name": "Schlitzer"}, {"language": {"name": "es", "url": "https://pokeapi.co/api/v2/language/7/"}, "name": "Cuchillada"}, {"language": {"name": "it", "url": "https://pokeapi.co/api/v2/language/8/"}, "name": "Lacerazione"}, {"language": {"name": "en", "url": "https://pokeapi.co/api/v2/language/9/"}, "name": "Slash"}, {"language": {"name": "ja", "url": "https://pokeapi.co/api/v2/language/11/"}, "name": "\u304d\u308a\u3055\u304f"}, {"language": {"name": "zh-Hans", "url": "https://pokeapi.co/api/v2/language/12/"}, "name": "\u5288\u5f00"}], "past_values": [], "power": 70, "pp": 20, "priority": 0, "stat_changes": [], "super_contest_effect": {"url": "https://pokeapi.co/api/v2/super-contest-effect/5/"}, "target": {"name": "selected-pokemon", "url": "https://pokeapi.co/api/v2/move-target/10/"}, "type": {"name": "normal", "url": "https://pokeapi.co/api/v2/type/1/"}}