{"accuracy": 85, "contest_combos": null, "contest_effect": null, "contest_type": null, "damage_class": {"name": "physical", "url": "https://pokeapi.co/api/v2/move-damage-class/2/"}, "effect_chance": null, "effect_changes": [], "effect_entries": [{"effect": "Inflicts regular damage.  Hits twice in one turn.", "language": {"name": "en", "url": "https://pokeapi.co/api/v2/language/9/"}, "short_effect": "Hits twice in one turn."}], "flavor_text_entries": [{"flavor_text": "Le lanceur jette deux \u00e9crous d\u2019acier qui\nfrappent l\u2019ennemi deux fois d\u2019affil\u00e9e.", "language": {"name": "fr", "url": "https://pokeapi.co/api/v2/language/5/"}, "version_group": {"name": "black-white", "url": "https://pokeapi.co/api/v2/version-group/11/"}}, {"flavor_text": "The user attacks by throwing\ntwo steel gears at its target.", "language": {"name": "en", "url": "https://pokeapi.co/api/v2/language/9/"}, "version_group": {"name": "black-white", "url": "https://pokeapi.co/api/v2/version-group/11/"}}, {"flavor_text": "The user attacks by throwing\ntwo steel gears at its target.", "language": {"name": "en", "url": "https://pokeapi.co/api/v2/language/9/"}, "version_group": {"name": "black-2-white-2", "url": "https://pokeapi.co/api/v2/version-group/14/"}}, {"flavor_text": "\u3053\u3046\u3066\u3064\u306e\u3000\u30ae\u30a2\u3092\u3000\u3042\u3044\u3066\u306b\n\u306a\u3052\u3064\u3051\u3066\u3000\u3053\u3046\u3052\u304d\u3059\u308b\u3002\uff12\u304b\u3044\n\u308c\u3093\u305e\u304f\u3067\u3000\u30c0\u30e1\u30fc\u30b8\u3092\u3000\u3042\u305f\u3048\u308b\u3002", "language": {"name": "ja-Hrkt", "url": "https://pokeapi.co/api/v2/language/1/"}, "version_group": {"name": "x-y", "url": "https://pokeapi.co/api/v2/version-group/15/"}}, {"flavor_text": "\uac15\ucca0\uc758 \uae30\uc5b4\ub97c \uc0c1\ub300\uc5d0\uac8c\n\ub358\uc838\uc11c \uacf5\uaca9\ud55c\ub2e4.\n2\ud68c \uc5f0\uc18d\uc73c\ub85c \ub370\ubbf8\uc9c0\ub97c \uc900\ub2e4.", "language": {"name": "ko", "url": "https://pokeapi.co/api/v2/language/3/"}, "version_group": {"name": "x-y", "url": "https://pokeapi.co/api/v2/version-group/15/"}}, {"flavor_text": "Le lanceur jette deux \u00e9crous d\u2019acier qui frappent\nl\u2019ennemi deux fois d\u2019affil\u00e9e.", "language": {"name": "fr", "url": "https://pokeapi.co/api/v2/language/5/"}, "version_group": {"name": "x-y", "url": "https://pokeapi.co/api/v2/version-group/15/"}}, {"flavor_text": "Anwender greift an, indem er st\u00e4hlerne Zahnr\u00e4der\nauf das Ziel schleudert. Angriff erfolgt zweimal\nhintereinander.", "language": {"name": "de", "url": "https://pokeapi.co/api/v2/language/6/"}, "version_group": {"name": "x-y", "url": "https://pokeapi.co/api/v2/version-group/15/"}}, {"flavor_text": "Rota dos engranajes de hierro sobre el objetivo.\nGolpea dos veces.", "language": {"name": "es", "url": "https://pokeapi.co/api/v2/language/7/"}, "version_group": {"name": "x-y", "url": "https://pokeapi.co/api/v2/version-group/15/"}}, {"flavor_text": "Chi la usa colpisce il bersaglio due volte di fila\nlanciandogli contro dei dischi d\u2019acciaio.", "language": {"name": "it", "url": "https://pokeapi.co/api/v2/language/8/"}, "version_group": {"name": "x-y", "url": "https://pokeapi.co/api/v2/version-group/15/"}}, {"flavor_text": "The user attacks by throwing\nsteel gears at its target twice.", "language": {"name": "en", "url": "https://pokeapi.co/api/v2/language/9/"}, "version_group": {"name": "x-y", "url": "https://pokeapi.co/api/v2/version-group/15/"}}, {"flavor_text": "\u92fc\u9244\u306e\u3000\u30ae\u30a2\u3092\u3000\u76f8\u624b\u306b\n\u6295\u3052\u3064\u3051\u3066\u3000\u653b\u6483\u3059\u308b\u3002\n\uff12\u56de\u9023\u7d9a\u3067\u3000\u30c0\u30e1\u30fc\u30b8\u3092\u3000\u4e0e\u3048\u308b\u3002", "language": {"name": "ja", "url": "https://pokeapi.co/api/v2/language/11/"}, "version_group": {"name": "x-y", "url": "https://pokeapi.co/api/v2/version-group/15/"}}, {"flavor_text": "\u3053\u3046\u3066\u3064\u306e\u3000\u30ae\u30a2\u3092\u3000\u3042\u3044\u3066\u306b\n\u306a\u3052\u3064\u3051\u3066\u3000\u3053\u3046\u3052\u304d\u3059\u308b\u3002\uff12\u304b\u3044\n\u308c\u3093\u305e\u304f\u3067\u3000\u30c0\u30e1\u30fc\u30b8\u3092\u3000\u3042\u305f\u3048\u308b\u3002", "language": {"name": "ja-Hrkt", "url": "https://pokeapi.co/api/v2/language/1/"}, "version_group": {"name": "omega-ruby-alpha-sapphire", "url": "https://pokeapi.co/api/v2/version-group/16/"}}, {"flavor_text": "\uac15\ucca0\uc758 \uae30\uc5b4\ub97c \uc0c1\ub300\uc5d0\uac8c\n\ub358\uc838\uc11c \uacf5\uaca9\ud55c\ub2e4.\n2\ud68c \uc5f0\uc18d\uc73c\ub85c \ub370\ubbf8\uc9c0\ub97c \uc900\ub2e4.", "language": {"name": "ko", "url": "https://pokeapi.co/api/v2/language/3/"}, "version_group": {"name": "omega-ruby-alpha-sapphire", "url": "https://pokeapi.co/api/v2/version-group/16/"}}, {"flavor_text": "Le lanceur jette deux \u00e9crous d\u2019acier qui frappent\nl\u2019ennemi deux fois d\u2019affil\u00e9e.", "language": {"name": "fr", "url": "https://pokeapi.co/api/v2/language/5/"}, "version_group": {"name": "omega-ruby-alpha-sapphire", "url": "https://pokeapi.co/api/v2/version-group/16/"}}, {"flavor_text": "Anwender greift an, indem er st\u00e4hlerne Zahnr\u00e4der\nauf das Ziel schleudert. Angriff erfolgt zweimal\nhintereinander.", "language": {"name": "de", "url": "https://pokeapi.co/api/v2/language/6/"}, "version_group": {"name": "omega-ruby-alpha-sapphire", "url": "https://pokeapi.co/api/v2/version-group/16/"}}, {"flavor_text": "Rota dos engranajes de hierro sobre el objetivo. \nGolpea dos veces.", "language": {"name": "es", "url": "https://pokeapi.co/api/v2/language/7/"}, "version_group": {"name": "omega-ruby-alpha-sapphire", "url": "https://pokeapi.co/api/v2/version-group/16/"}}, {"flavor_text": "Chi la usa colpisce il bersaglio due volte di fila\nlanciandogli contro dei dischi d\u2019acciaio.", "language": {"name": "it", "url": "https://pokeapi.co/api/v2/language/8/"}, "version_group": {"name": "omega-ruby-alpha-sapphire", "url": "https://pokeapi.co/api/v2/version-group/16/"}}, {"flavor_text": "The user attacks by throwing\nsteel gears at its target twice.", "language": {"name": "en", "url": "https://pokeapi.co/api/v2/language/9/"}, "version_group": {"name": "omega-ruby-alpha-sapphire", "url": "https://pokeapi.co/api/v2/version-group/16/"}}, {"flavor_text": "\u92fc\u9244\u306e\u3000\u30ae\u30a2\u3092\u3000\u76f8\u624b\u306b\n\u6295\u3052\u3064\u3051\u3066\u3000\u653b\u6483\u3059\u308b\u3002\n\uff12\u56de\u9023\u7d9a\u3067\u3000\u30c0\u30e1\u30fc\u30b8\u3092\u3000\u4e0e\u3048\u308b\u3002", "language": {"name": "ja", "url": "https://pokeapi.co/api/v2/language/11/"}, "version_group": {"name": "omega-ruby-alpha-sapphire", "url": "https://pokeapi.co/api/v2/version-group/16/"}}, {"flavor_text": "\u3053\u3046\u3066\u3064\u306e\u3000\u30ae\u30a2\u3092\u3000\u3042\u3044\u3066\u306b\n\u306a\u3052\u3064\u3051\u3066\u3000\u3053\u3046\u3052\u304d\u3059\u308b\u3002\uff12\u304b\u3044\n\u308c\u3093\u305e\u304f\u3067\u3000\u30c0\u30e1\u30fc\u30b8\u3092\u3000\u3042\u305f\u3048\u308b\u3002", "language": {"name": "ja-Hrkt", "url": "https://pokeapi.co/api/v2/language/1/"}, "version_group": {"name": "sun-moon", "url": "https://pokeapi.co/api/v2/version-group/17/"}}, {"flavor_text": "\uac15\ucca0\uc758 \uae30\uc5b4\ub97c \uc0c1\ub300\uc5d0\uac8c\n\ub358\uc838\uc11c \uacf5\uaca9\ud55c\ub2e4.\n2\ud68c \uc5f0\uc18d\uc73c\ub85c \ub370\ubbf8\uc9c0\ub97c \uc900\ub2e4.", "language": {"name": "ko", "url": "https://pokeapi.co/api/v2/language/3/"}, "version_group": {"name": "sun-moon", "url": "https://pokeapi.co/api/v2/version-group/17/"}}, {"flavor_text": "\u5411\u5c0d\u624b\u6295\u64f2\n\u92fc\u9435\u9f52\u8f2a\u9032\u884c\u653b\u64ca\u3002\n\u9023\u7e8c\uff12\u6b21\u7d66\u4e88\u50b7\u5bb3\u3002", "language": {"name": "zh-Hant", "url": "https://pokeapi.co/api/v2/language/4/"}, "version_group": {"name": "sun-moon", "url": "https://pokeapi.co/api/v2/version-group/17/"}}, {"flavor_text": "Le lanceur jette deux \u00e9crous d\u2019acier qui frappent\nl\u2019ennemi deux fois d\u2019affil\u00e9e.", "language": {"name": "fr", "url": "https://pokeapi.co/api/v2/language/5/"}, "version_group": {"name": "sun-moon", "url": "https://pokeapi.co/api/v2/version-group/17/"}}, {"flavor_text": "Anwender greift an, indem er st\u00e4hlerne Zahnr\u00e4der\nauf das Ziel schleudert. Angriff erfolgt zweimal\nhintereinander.", "language": {"name": "de", "url": "https://pokeapi.co/api/v2/language/6/"}, "version_group": {"name": "sun-moon", "url": "https://pokeapi.co/api/v2/version-group/17/"}}, {"flavor_text": "Rota dos engranajes de hierro sobre el objetivo. \nGolpea dos veces.", "language": {"name": "es", "url": "https://pokeapi.co/api/v2/language/7/"}, "version_group": {"name": "sun-moon", "url": "https://pokeapi.co/api/v2/version-group/17/"}}, {"flavor_text": "Chi la usa colpisce il bersaglio due volte di fila\nlanciandogli contro degli ingranaggi d\u2019acciaio.", "language": {"name": "it", "url": "https://pokeapi.co/api/v2/language/8/"}, "version_group": {"name": "sun-moon", "url": "https://pokeapi.co/api/v2/version-group/17/"}}, {"flavor_text": "The user attacks by throwing steel gears at its\ntarget twice.", "language": {"name": "en", "url": "https://pokeapi.co/api/v2/language/9/"}, "version_group": {"name": "sun-moon", "url": "https://pokeapi.co/api/v2/version-group/17/"}}, {"flavor_text": "\u92fc\u9244\u306e\u3000\u30ae\u30a2\u3092\u3000\u76f8\u624b\u306b\n\u6295\u3052\u3064\u3051\u3066\u3000\u653b\u6483\u3059\u308b\u3002\n\uff12\u56de\u9023\u7d9a\u3067\u3000\u30c0\u30e1\u30fc\u30b8\u3092\u3000\u4e0e\u3048\u308b\u3002", "language": {"name": "ja", "url": "https://pokeapi.co/api/v2/language/11/"}, "version_group": {"name": "sun-moon", "url": "https://pokeapi.co/api/v2/version-group/17/"}}, {"flavor_text": "\u5411\u5bf9\u624b\u6295\u63b7\n\u94a2\u94c1\u9f7f\u8f6e\u8fdb\u884c\u653b\u51fb\u3002\n\u8fde\u7eed\uff12\u6b21\u7ed9\u4e88\u4f24\u5bb3\u3002", "language": {"name": "zh-Hans", "url": "https://pokeapi.co/api/v2/language/12/"}, "version_group": {"name": "sun-moon", "url": "https://pokeapi.co/api/v2/version-group/17/"}}, {"flavor_text": "\u3053\u3046\u3066\u3064\u306e\u3000\u30ae\u30a2\u3092\u3000\u3042\u3044\u3066\u306b\n\u306a\u3052\u3064\u3051\u3066\u3000\u3053\u3046\u3052\u304d\u3059\u308b\u3002\uff12\u304b\u3044\n\u308c\u3093\u305e\u304f\u3067\u3000\u30c0\u30e1\u30fc\u30b8\u3092\u3000\u3042\u305f\u3048\u308b\u3002", "language": {"name": "ja-Hrkt", "url": "https://pokeapi.co/api/v2/language/1/"}, "version_group": {"name": "ultra-sun-ultra-moon", "url": "https://pokeapi.co/api/v2/version-group/18/"}}, {"flavor_text": "\uac15\ucca0\uc758 \uae30\uc5b4\ub97c \uc0c1\ub300\uc5d0\uac8c\n\ub358\uc838\uc11c \uacf5\uaca9\ud55c\ub2e4.\n2\ud68c \uc5f0\uc18d\uc73c\ub85c \ub370\ubbf8\uc9c0\ub97c \uc900\ub2e4.", "language": {"name": "ko", "url": "https://pokeapi.co/api/v2/language/3/"}, "version_group": {"name": "ultra-sun-ultra-moon", "url": "https://pokeapi.co/api/v2/version-group/18/"}}, {"flavor_text": "\u5411\u5c0d\u624b\u6295\u64f2\n\u92fc\u9435\u9f52\u8f2a\u9032\u884c\u653b\u64ca\u3002\n\u9023\u7e8c\uff12\u6b21\u7d66\u4e88\u50b7\u5bb3\u3002", "language": {"name": "zh-Hant", "url": "https://pokeapi.co/api/v2/language/4/"}, "version_group": {"name": "ultra-sun-ultra-moon", "url": "https://pokeapi.co/api/v2/version-group/18/"}}, {"flavor_text": "Le lanceur jette deux \u00e9crous d\u2019acier qui frappent\nl\u2019ennemi deux fois d\u2019affil\u00e9e.", "language": {"name": "fr", "url": "https://pokeapi.co/api/v2/language/5/"}, "version_group": {"name": "ultra-sun-ultra-moon", "url": "https://pokeapi.co/api/v2/version-group/18/"}}, {"flavor_text": "Anwender greift an, indem er st\u00e4hlerne Zahnr\u00e4der\nauf das Ziel schleudert. Angriff erfolgt zweimal\nhintereinander.", "language": {"name": "de", "url": "https://pokeapi.co/api/v2/language/6/"}, "version_group": {"name": "ultra-sun-ultra-moon", "url": "https://pokeapi.co/api/v2/version-group/18/"}}, {"flavor_text": "Rota dos engranajes de hierro sobre el objetivo. \nGolpea dos veces.", "language": {"name": "es", "url": "https://pokeapi.co/api/v2/language/7/"}, "version_group": {"name": "ultra-sun-ultra-moon", "url": "https://pokeapi.co/api/v2/version-group/18/"}}, {"flavor_text": "Chi la usa colpisce il bersaglio due volte di fila\nlanciandogli contro degli ingranaggi d\u2019acciaio.", "language": {"name": "it", "url": "https://pokeapi.co/api/v2/language/8/"}, "version_group": {"name": "ultra-sun-ultra-moon", "url": "https://pokeapi.co/api/v2/version-group/18/"}}, {"flavor_text": "The user attacks by throwing steel gears at its\ntarget twice.", "language": {"name": "en", "url": "https://pokeapi.co/api/v2/language/9/"}, "version_group": {"name": "ultra-sun-ultra-moon", "url": "https://pokeapi.co/api/v2/version-group/18/"}}, {"flavor_text": "\u92fc\u9244\u306e\u3000\u30ae\u30a2\u3092\u3000\u76f8\u624b\u306b\n\u6295\u3052\u3064\u3051\u3066\u3000\u653b\u6483\u3059\u308b\u3002\n\uff12\u56de\u9023\u7d9a\u3067\u3000\u30c0\u30e1\u30fc\u30b8\u3092\u3000\u4e0e\u3048\u308b\u3002", "language": {"name": "ja", "url": "https://pokeapi.co/api/v2/language/11/"}, "version_group": {"name": "ultra-sun-ultra-moon", "url": "https://pokeapi.co/api/v2/version-group/18/"}}, {"flavor_text": "\u5411\u5bf9\u624b\u6295\u63b7\n\u94a2\u94c1\u9f7f\u8f6e\u8fdb\u884c\u653b\u51fb\u3002\n\u8fde\u7eed\uff12\u6b21\u7ed9\u4e88\u4f24\u5bb3\u3002", "language": {"name": "zh-Hans", "url": "https://pokeapi.co/api/v2/language/12/"}, "version_group": {"name": "ultra-sun-ultra-moon", "url": "https://pokeapi.co/api/v2/version-group/18/"}}, {"flavor_text": "\u3053\u3046\u3066\u3064\u306e\u3000\u30ae\u30a2\u3092\u3000\u3042\u3044\u3066\u306b\n\u306a\u3052\u3064\u3051\u3066\u3000\u3053\u3046\u3052\u304d\u3059\u308b\u3002\uff12\u304b\u3044\n\u308c\u3093\u305e\u304f\u3067\u3000\u30c0\u30e1\u30fc\u30b8\u3092\u3000\u3042\u305f\u3048\u308b\u3002", "language": {"name": "ja-Hrkt", "url": "https://pokeapi.co/api/v2/language/1/"}, "version_group": {"name": "lets-go-pikachu-lets-go-eevee", "url": "https://pokeapi.co/api/v2/version-group/19/"}}, {"flavor_text": "\uac15\ucca0\uc758 \uae30\uc5b4\ub97c \uc0c1\ub300\uc5d0\uac8c\n\ub358\uc838\uc11c \uacf5\uaca9\ud55c\ub2e4.\n2\ud68c \uc5f0\uc18d\uc73c\ub85c \ub370\ubbf8\uc9c0\ub97c \uc900\ub2e4.", "language": {"name": "ko", "url": "https://pokeapi.co/api/v2/language/3/"}, "version_group": {"name": "lets-go-pikachu-lets-go-eevee", "url": "https://pokeapi.co/api/v2/version-group/19/"}}, {"flavor_text": "\u5411\u5c0d\u624b\u6295\u64f2\n\u92fc\u9435\u9f52\u8f2a\u9032\u884c\u653b\u64ca\u3002\n\u9023\u7e8c\uff12\u6b21\u7d66\u4e88\u50b7\u5bb3\u3002", "language": {"name": "zh-Hant", "url": "https://pokeapi.co/api/v2/language/4/"}, "version_group": {"name": "lets-go-pikachu-lets-go-eevee", "url": "https://pokeapi.co/api/v2/version-group/19/"}}, {"flavor_text": "Le lanceur jette deux \u00e9crous d\u2019acier qui frappent l\u2019ennemi\ndeux fois d\u2019affil\u00e9e.", "language": {"name": "fr", "url": "https://pokeapi.co/api/v2/language/5/"}, "version_group": {"name": "lets-go-pikachu-lets-go-eevee", "url": "https://pokeapi.co/api/v2/version-group/19/"}}, {"flavor_text": "Anwender greift an, indem er st\u00e4hlerne Zahnr\u00e4der\nauf das Ziel schleudert. Angriff erfolgt zweimal\nhintereinander.", "language": {"name": "de", "url": "https://pokeapi.co/api/v2/language/6/"}, "version_group": {"name": "lets-go-pikachu-lets-go-eevee", "url": "https://pokeapi.co/api/v2/version-group/19/"}}, {"flavor_text": "Rota dos engranajes de hierro sobre el objetivo. \nGolpea dos veces.", "language": {"name": "es", "url": "https://pokeapi.co/api/v2/language/7/"}, "version_group": {"name": "lets-go-pikachu-lets-go-eevee", "url": "https://pokeapi.co/api/v2/version-group/19/"}}, {"flavor_text": "Chi la usa colpisce il bersaglio due volte di fila\nlanciandogli contro degli ingranaggi d\u2019acciaio.", "language": {"name": "it", "url": "https://pokeapi.co/api/v2/language/8/"}, "version_group": {"name": "lets-go-pikachu-lets-go-eevee", "url": "https://pokeapi.co/api/v2/version-group/19/"}}, {"flavor_text": "The user attacks by throwing steel gears at its\ntarget twice.", "language": {"name": "en", "url": "https://pokeapi.co/api/v2/language/9/"}, "version_group": {"name": "lets-go-pikachu-lets-go-eevee", "url": "https://pokeapi.co/api/v2/version-group/19/"}}, {"flavor_text": "\u92fc\u9244\u306e\u3000\u30ae\u30a2\u3092\u3000\u76f8\u624b\u306b\n\u6295\u3052\u3064\u3051\u3066\u3000\u653b\u6483\u3059\u308b\u3002\n\uff12\u56de\u9023\u7d9a\u3067\u3000\u30c0\u30e1\u30fc\u30b8\u3092\u3000\u4e0e\u3048\u308b\u3002", "language": {"name": "ja", "url": "https://pokeapi.co/api/v2/language/11/"}, "version_group": {"name": "lets-go-pikachu-lets-go-eevee", "url": "https://pokeapi.co/api/v2/version-group/19/"}}, {"flavor_text": "\u5411\u5bf9\u624b\u6295\u63b7\n\u94a2\u94c1\u9f7f\u8f6e\u8fdb\u884c\u653b\u51fb\u3002\n\u8fde\u7eed\uff12\u6b21\u7ed9\u4e88\u4f24\u5bb3\u3002", "language": {"name": "zh-Hans", "url": "https://pokeapi.co/api/v2/language/12/"}, "version_group": {"name": "lets-go-pikachu-lets-go-eevee", "url": "https://pokeapi.co/api/v2/version-group/19/"}}, {"flavor_text": "\u3053\u3046\u3066\u3064\u306e\u3000\u30ae\u30a2\u3092\u3000\u3042\u3044\u3066\u306b\n\u306a\u3052\u3064\u3051\u3066\u3000\u3053\u3046\u3052\u304d\u3059\u308b\u3002\uff12\u304b\u3044\n\u308c\u3093\u305e\u304f\u3067\u3000\u30c0\u30e1\u30fc\u30b8\u3092\u3000\u3042\u305f\u3048\u308b\u3002", "language": {"name": "ja-Hrkt", "url": "https://pokeapi.co/api/v2/language/1/"}, "version_group": {"name": "sword-shield", "url": "https://pokeapi.co/api/v2/version-group/20/"}}, {"flavor_text": "\uac15\ucca0\uc758 \uae30\uc5b4\ub97c \uc0c1\ub300\uc5d0\uac8c\n\ub358\uc838\uc11c \uacf5\uaca9\ud55c\ub2e4.\n2\ud68c \uc5f0\uc18d\uc73c\ub85c \ub370\ubbf8\uc9c0\ub97c \uc900\ub2e4.", "language": {"name": "ko", "url": "https://pokeapi.co/api/v2/language/3/"}, "version_group": {"name": "sword-shield", "url": "https://pokeapi.co/api/v2/version-group/20/"}}, {"flavor_text": "\u5411\u5c0d\u624b\u6295\u64f2\n\u92fc\u9435\u9f52\u8f2a\u9032\u884c\u653b\u64ca\u3002\n\u9023\u7e8c\uff12\u6b21\u7d66\u4e88\u50b7\u5bb3\u3002", "language": {"name": "zh-Hant", "url": "https://pokeapi.co/api/v2/language/4/"}, "version_group": {"name": "sword-shield", "url": "https://pokeapi.co/api/v2/version-group/20/"}}, {"flavor_text": "Le lanceur jette deux \u00e9crous d\u2019acier qui frappent\nl\u2019ennemi deux fois d\u2019affil\u00e9e.", "language": {"name": "fr", "url": "https://pokeapi.co/api/v2/language/5/"}, "version_group": {"name": "sword-shield", "url": "https://pokeapi.co/api/v2/version-group/20/"}}, {"flavor_text": "Anwender greift an, indem er st\u00e4hlerne Zahnr\u00e4der\nauf das Ziel schleudert. Angriff erfolgt zweimal\nhintereinander.", "language": {"name": "de", "url": "https://pokeapi.co/api/v2/language/6/"}, "version_group": {"name": "sword-shield", "url": "https://pokeapi.co/api/v2/version-group/20/"}}, {"flavor_text": "Rota dos engranajes de hierro sobre el objetivo. Golpea\ndos veces.", "language": {"name": "es", "url": "https://pokeapi.co/api/v2/language/7/"}, "version_group": {"name": "sword-shield", "url": "https://pokeapi.co/api/v2/version-group/20/"}}, {"flavor_text": "Chi la usa colpisce il bersaglio due volte di fila\nlanciandogli contro degli ingranaggi d\u2019acciaio.", "language": {"name": "it", "url": "https://pokeapi.co/api/v2/language/8/"}, "version_group": {"name": "sword-shield", "url": "https://pokeapi.co/api/v2/version-group/20/"}}, {"flavor_text": "The user attacks by throwing steel gears at its\ntarget twice.", "language": {"name": "en", "url": "https://pokeapi.co/api/v2/language/9/"}, "version_group": {"name": "sword-shield", "url": "https://pokeapi.co/api/v2/version-group/20/"}}, {"flavor_text": "\u92fc\u9244\u306e\u3000\u30ae\u30a2\u3092\u3000\u76f8\u624b\u306b\n\u6295\u3052\u3064\u3051\u3066\u3000\u653b\u6483\u3059\u308b\u3002\n\uff12\u56de\u9023\u7d9a\u3067\u3000\u30c0\u30e1\u30fc\u30b8\u3092\u3000\u4e0e\u3048\u308b\u3002", "language": {"name": "ja", "url": "https://pokeapi.co/api/v2/language/11/"}, "version_group": {"name": "sword-shield", "url": "https://pokeapi.co/api/v2/version-group/20/"}}, {"flavor_text": "\u5411\u5bf9\u624b\u6295\u63b7\n\u94a2\u94c1\u9f7f\u8f6e\u8fdb\u884c\u653b\u51fb\u3002\n\u8fde\u7eed\uff12\u6b21\u7ed9\u4e88\u4f24\u5bb3\u3002", "language": {"name": "zh-Hans", "url": "https://pokeapi.co/api/v2/language/12/"}, "version_group": {"name": "sword-shield", "url": "https://pokeapi.co/api/v2/version-group/20/"}}], "generation": {"name": "generation-v", "url": "https://pokeapi.co/api/v2/generation/5/"}, "id": 544, "learned_by_pokemon": [{"name": "klink", "url": "https://pokeapi.co/api/v2/pokemon/599/"}, {"name": "klang", "url": "https://pokeapi.co/api/v2/pokemon/600/"}, {"name": "klinklang", "url": "https://pokeapi.co/api/v2/pokemon/601/"}], "machines": [], "meta": {"ailment": {"name": "none", "url": "https://pokeapi.co/api/v2/move-ailment/0/"}, "ailment_chance": 0, "category": {"name": "damage", "url": "https://pokeapi.co/api/v2/move-category/0/"}, "crit_rate": 0, "drain": 0, "flinch_chance": 0, "healing": 0, "max_hits": 2, "max_turns": null, "min_hits": 2, "min_turns": null, "stat_chance": 0}, "name": "gear-grind", "names": [{"language": {"name": "ja-Hrkt", "url": "https://pokeapi.co/api/v2/language/1/"}, "name": "\u30ae\u30a2\u30bd\u30fc\u30b5\u30fc"}, {"language": {"name": "ko", "url": "https://pokeapi.co/api/v2/language/3/"}, "name": "\uae30\uc5b4\uc18c\uc11c"}, {"language": {"name": "zh-Hant", "url": "https://pokeapi.co/api/v2/language/4/"}, "name": "\u9f52\u8f2a\u98db\u76e4"}, {"language": {"name": "fr", "url": "https://pokeapi.co/api/v2/language/5/"}, "name": "Lanc\u00e9crou"}, {"language": {"name": "de", "url": "https://pokeapi.co/api/v2/language/6/"}, "name": "Klikkdiskus"}, {"language": {"name": "es", "url": "https://pokeapi.co/api/v2/language/7/"}, "name": "Rueda Doble"}, {"language": {"name": "it", "url": "https://pokeapi.co/api/v2/language/8/"}, "name": "Ingracolpo"}, {"language": {"name": "en", "url": "https://pokeapi.co/api/v2/language/9/"}, "name": "Gear Grind"}, {"language": {"name": "ja", "url": "https://pokeapi.co/api/v2/language/11/"}, "name": "\u30ae\u30a2\u30bd\u30fc\u30b5\u30fc"}, {"language": {"name": "zh-Hans", "url": "https://pokeapi.co/api/v2/language/12/"}, "name": "\u9f7f\u8f6e\u98de\u76d8"}], "past_values": [], "power": 50, "pp": 15, "priority": 0, "stat_changes": [], "super_contest_effect": null, "target": {"name": "selected-pokemon", "url": "https://pokeapi.co/api/v2/move-target/10/"}, "type": {"name": "steel", "url": "https://pokeapi.co/api/v2/type/9/"}}