{"accuracy": 100, "contest_combos": {"normal": {"use_after": [{"name": "sunny-day", "url": "https://pokeapi.co/api/v2/move/241/"}], "use_before": null}, "super": {"use_after": null, "use_before": null}}, "contest_effect": {"url": "https://pokeapi.co/api/v2/contest-effect/1/"}, "contest_type": {"name": "beauty", "url": "https://pokeapi.co/api/v2/contest-type/2/"}, "damage_class": {"name": "physical", "url": "https://pokeapi.co/api/v2/move-damage-class/2/"}, "effect_chance": 10, "effect_changes": [], "effect_entries": [{"effect": "Inflicts regular damage.  Has a 10% chance to burn the target.  Frozen Pok\u00e9mon may use this move, in which case they will thaw.", "language": {"name": "en", "url": "https://pokeapi.co/api/v2/language/9/"}, "short_effect": "Has a 10% chance to burn the target.  Lets frozen Pok\u00e9mon thaw themselves."}], "flavor_text_entries": [{"flavor_text": "Ataca envuelto en fuego. Puede causar\nquemaduras.", "language": {"name": "es", "url": "https://pokeapi.co/api/v2/language/7/"}, "version_group": {"name": "x-y", "url": "https://pokeapi.co/api/v2/version-group/15/"}}, {"flavor_text": "An attack that may\ncause a burn.", "language": {"name": "en", "url": "https://pokeapi.co/api/v2/language/9/"}, "version_group": {"name": "gold-silver", "url": "https://pokeapi.co/api/v2/version-group/3/"}}, {"flavor_text": "An attack that may\ncause a burn.", "language": {"name": "en", "url": "https://pokeapi.co/api/v2/language/9/"}, "version_group": {"name": "crystal", "url": "https://pokeapi.co/api/v2/version-group/4/"}}, {"flavor_text": "A fiery charge attack that\nmay inflict a burn.", "language": {"name": "en", "url": "https://pokeapi.co/api/v2/language/9/"}, "version_group": {"name": "ruby-sapphire", "url": "https://pokeapi.co/api/v2/version-group/5/"}}, {"flavor_text": "A fiery charge attack that\nmay inflict a burn.", "language": {"name": "en", "url": "https://pokeapi.co/api/v2/language/9/"}, "version_group": {"name": "emerald", "url": "https://pokeapi.co/api/v2/version-group/6/"}}, {"flavor_text": "The user makes a\nfiery charge at the\nfoe. It may cause\na burn.", "language": {"name": "en", "url": "https://pokeapi.co/api/v2/language/9/"}, "version_group": {"name": "firered-leafgreen", "url": "https://pokeapi.co/api/v2/version-group/7/"}}, {"flavor_text": "The user cloaks\nitself in fire and\ncharges at the foe.\nIt may also leave the\ntarget with a burn.", "language": {"name": "en", "url": "https://pokeapi.co/api/v2/language/9/"}, "version_group": {"name": "diamond-pearl", "url": "https://pokeapi.co/api/v2/version-group/8/"}}, {"flavor_text": "The user cloaks\nitself in fire and\ncharges at the foe.\nIt may also leave the\ntarget with a burn.", "language": {"name": "en", "url": "https://pokeapi.co/api/v2/language/9/"}, "version_group": {"name": "platinum", "url": "https://pokeapi.co/api/v2/version-group/9/"}}, {"flavor_text": "The user cloaks\nitself in fire and\ncharges at the foe.\nIt may also leave the\ntarget with a burn.", "language": {"name": "en", "url": "https://pokeapi.co/api/v2/language/9/"}, "version_group": {"name": "heartgold-soulsilver", "url": "https://pokeapi.co/api/v2/version-group/10/"}}, {"flavor_text": "Le lanceur s\u2019entoure de feu et charge\nl\u2019ennemi. Peut aussi br\u00fbler l\u2019ennemi.", "language": {"name": "fr", "url": "https://pokeapi.co/api/v2/language/5/"}, "version_group": {"name": "black-white", "url": "https://pokeapi.co/api/v2/version-group/11/"}}, {"flavor_text": "The user cloaks itself in fire and\ncharges at the target.\nIt may also leave the target with a burn.", "language": {"name": "en", "url": "https://pokeapi.co/api/v2/language/9/"}, "version_group": {"name": "black-white", "url": "https://pokeapi.co/api/v2/version-group/11/"}}, {"flavor_text": "The user cloaks itself in fire and\ncharges at the target.\nIt may also leave the target with a burn.", "language": {"name": "en", "url": "https://pokeapi.co/api/v2/language/9/"}, "version_group": {"name": "black-2-white-2", "url": "https://pokeapi.co/api/v2/version-group/14/"}}, {"flavor_text": "\u307b\u306e\u304a\u3092\u3000\u307e\u3068\u3044\n\u3042\u3044\u3066\u306b\u3000\u3068\u3063\u3057\u3093\u3057\u3066\u3000\u3053\u3046\u3052\u304d\u3059\u308b\u3002\n\u3084\u3051\u3069\u3000\u3058\u3087\u3046\u305f\u3044\u306b\u3000\u3059\u308b\u3053\u3068\u304c\u3000\u3042\u308b\u3002", "language": {"name": "ja-Hrkt", "url": "https://pokeapi.co/api/v2/language/1/"}, "version_group": {"name": "x-y", "url": "https://pokeapi.co/api/v2/version-group/15/"}}, {"flavor_text": "\ubd88\uaf43\uc744 \ub458\ub7ec\n\uc0c1\ub300\uc5d0\uac8c \ub3cc\uc9c4\ud558\uc5ec \uacf5\uaca9\ud55c\ub2e4.\n\ud654\uc0c1 \uc0c1\ud0dc\ub85c \ub9cc\ub4e4 \ub54c\uac00 \uc788\ub2e4.", "language": {"name": "ko", "url": "https://pokeapi.co/api/v2/language/3/"}, "version_group": {"name": "x-y", "url": "https://pokeapi.co/api/v2/version-group/15/"}}, {"flavor_text": "Le lanceur s\u2019entoure de feu et charge l\u2019ennemi.\nPeut aussi le br\u00fbler.", "language": {"name": "fr", "url": "https://pokeapi.co/api/v2/language/5/"}, "version_group": {"name": "x-y", "url": "https://pokeapi.co/api/v2/version-group/15/"}}, {"flavor_text": "Feuer-Attacke, die das Ziel eventuell verbrennt.", "language": {"name": "de", "url": "https://pokeapi.co/api/v2/language/6/"}, "version_group": {"name": "x-y", "url": "https://pokeapi.co/api/v2/version-group/15/"}}, {"flavor_text": "Chi la usa si copre di fuoco e carica il bersaglio.\nPu\u00f2 anche scottarlo.", "language": {"name": "it", "url": "https://pokeapi.co/api/v2/language/8/"}, "version_group": {"name": "x-y", "url": "https://pokeapi.co/api/v2/version-group/15/"}}, {"flavor_text": "The user cloaks itself in fire and\ncharges at the target.\nThis may also leave the target with a burn.", "language": {"name": "en", "url": "https://pokeapi.co/api/v2/language/9/"}, "version_group": {"name": "x-y", "url": "https://pokeapi.co/api/v2/version-group/15/"}}, {"flavor_text": "\u708e\u3092\u3000\u307e\u3068\u3044\n\u76f8\u624b\u306b\u3000\u7a81\u9032\u3057\u3066\u3000\u653b\u6483\u3059\u308b\u3002\n\u3084\u3051\u3069\u72b6\u614b\u306b\u3000\u3059\u308b\u3053\u3068\u304c\u3000\u3042\u308b\u3002", "language": {"name": "ja", "url": "https://pokeapi.co/api/v2/language/11/"}, "version_group": {"name": "x-y", "url": "https://pokeapi.co/api/v2/version-group/15/"}}, {"flavor_text": "\u307b\u306e\u304a\u3092\u3000\u307e\u3068\u3044\n\u3042\u3044\u3066\u306b\u3000\u3068\u3063\u3057\u3093\u3057\u3066\u3000\u3053\u3046\u3052\u304d\u3059\u308b\u3002\n\u3084\u3051\u3069\u3000\u3058\u3087\u3046\u305f\u3044\u306b\u3000\u3059\u308b\u3053\u3068\u304c\u3000\u3042\u308b\u3002", "language": {"name": "ja-Hrkt", "url": "https://pokeapi.co/api/v2/language/1/"}, "version_group": {"name": "omega-ruby-alpha-sapphire", "url": "https://pokeapi.co/api/v2/version-group/16/"}}, {"flavor_text": "\ubd88\uaf43\uc744 \ub458\ub7ec\n\uc0c1\ub300\uc5d0\uac8c \ub3cc\uc9c4\ud558\uc5ec \uacf5\uaca9\ud55c\ub2e4.\n\ud654\uc0c1 \uc0c1\ud0dc\ub85c \ub9cc\ub4e4 \ub54c\uac00 \uc788\ub2e4.", "language": {"name": "ko", "url": "https://pokeapi.co/api/v2/language/3/"}, "version_group": {"name": "omega-ruby-alpha-sapphire", "url": "https://pokeapi.co/api/v2/version-group/16/"}}, {"flavor_text": "Le lanceur s\u2019entoure de feu et charge l\u2019ennemi.\nPeut aussi le br\u00fbler.", "language": {"name": "fr", "url": "https://pokeapi.co/api/v2/language/5/"}, "version_group": {"name": "omega-ruby-alpha-sapphire", "url": "https://pokeapi.co/api/v2/version-group/16/"}}, {"flavor_text": "Feuer-Attacke, die das Ziel eventuell verbrennt.", "language": {"name": "de", "url": "https://pokeapi.co/api/v2/language/6/"}, "version_group": {"name": "omega-ruby-alpha-sapphire", "url": "https://pokeapi.co/api/v2/version-group/16/"}}, {"flavor_text": "Ataca envuelto en fuego. Puede causar quemaduras. ", "language": {"name": "es", "url": "https://pokeapi.co/api/v2/language/7/"}, "version_group": {"name": "omega-ruby-alpha-sapphire", "url": "https://pokeapi.co/api/v2/version-group/16/"}}, {"flavor_text": "Chi la usa si copre di fuoco e carica il bersaglio.\nPu\u00f2 anche scottarlo.", "language": {"name": "it", "url": "https://pokeapi.co/api/v2/language/8/"}, "version_group": {"name": "omega-ruby-alpha-sapphire", "url": "https://pokeapi.co/api/v2/version-group/16/"}}, {"flavor_text": "The user cloaks itself in fire and\ncharges at the target.\nThis may also leave the target with a burn.", "language": {"name": "en", "url": "https://pokeapi.co/api/v2/language/9/"}, "version_group": {"name": "omega-ruby-alpha-sapphire", "url": "https://pokeapi.co/api/v2/version-group/16/"}}, {"flavor_text": "\u708e\u3092\u3000\u307e\u3068\u3044\n\u76f8\u624b\u306b\u3000\u7a81\u9032\u3057\u3066\u3000\u653b\u6483\u3059\u308b\u3002\n\u3084\u3051\u3069\u72b6\u614b\u306b\u3000\u3059\u308b\u3053\u3068\u304c\u3000\u3042\u308b\u3002", "language": {"name": "ja", "url": "https://pokeapi.co/api/v2/language/11/"}, "version_group": {"name": "omega-ruby-alpha-sapphire", "url": "https://pokeapi.co/api/v2/version-group/16/"}}, {"flavor_text": "\u307b\u306e\u304a\u3092\u3000\u307e\u3068\u3044\n\u3042\u3044\u3066\u306b\u3000\u3068\u3063\u3057\u3093\u3057\u3066\u3000\u3053\u3046\u3052\u304d\u3059\u308b\u3002\n\u3084\u3051\u3069\u3000\u3058\u3087\u3046\u305f\u3044\u306b\u3000\u3059\u308b\u3053\u3068\u304c\u3000\u3042\u308b\u3002", "language": {"name": "ja-Hrkt", "url": "https://pokeapi.co/api/v2/language/1/"}, "version_group": {"name": "sun-moon", "url": "https://pokeapi.co/api/v2/version-group/17/"}}, {"flavor_text": "\ubd88\uaf43\uc744 \ub458\ub7ec\n\uc0c1\ub300\uc5d0\uac8c \ub3cc\uc9c4\ud558\uc5ec \uacf5\uaca9\ud55c\ub2e4.\n\ud654\uc0c1 \uc0c1\ud0dc\ub85c \ub9cc\ub4e4 \ub54c\uac00 \uc788\ub2e4.", "language": {"name": "ko", "url": "https://pokeapi.co/api/v2/language/3/"}, "version_group": {"name": "sun-moon", "url": "https://pokeapi.co/api/v2/version-group/17/"}}, {"flavor_text": "\u7528\u706b\u7130\u570d\u7e5e\u8eab\u9ad4\uff0c\n\u731b\u649e\u5c0d\u624b\u9032\u884c\u653b\u64ca\u3002\n\u6709\u6642\u6703\u8b93\u5c0d\u624b\u9677\u5165\u707c\u50b7\u72c0\u614b\u3002", "language": {"name": "zh-Hant", "url": "https://pokeapi.co/api/v2/language/4/"}, "version_group": {"name": "sun-moon", "url": "https://pokeapi.co/api/v2/version-group/17/"}}, {"flavor_text": "Le lanceur s\u2019entoure de feu et charge l\u2019ennemi.\nPeut aussi le br\u00fbler.", "language": {"name": "fr", "url": "https://pokeapi.co/api/v2/language/5/"}, "version_group": {"name": "sun-moon", "url": "https://pokeapi.co/api/v2/version-group/17/"}}, {"flavor_text": "Feuer-Attacke, die beim Ziel eventuell\nVerbrennungen verursacht.", "language": {"name": "de", "url": "https://pokeapi.co/api/v2/language/6/"}, "version_group": {"name": "sun-moon", "url": "https://pokeapi.co/api/v2/version-group/17/"}}, {"flavor_text": "Ataca envuelto en fuego. Puede causar quemaduras. ", "language": {"name": "es", "url": "https://pokeapi.co/api/v2/language/7/"}, "version_group": {"name": "sun-moon", "url": "https://pokeapi.co/api/v2/version-group/17/"}}, {"flavor_text": "Chi la usa si copre di fuoco e carica il bersaglio.\nPu\u00f2 anche scottarlo.", "language": {"name": "it", "url": "https://pokeapi.co/api/v2/language/8/"}, "version_group": {"name": "sun-moon", "url": "https://pokeapi.co/api/v2/version-group/17/"}}, {"flavor_text": "The user cloaks itself in fire and charges at the\ntarget. This may also leave the target with a burn.", "language": {"name": "en", "url": "https://pokeapi.co/api/v2/language/9/"}, "version_group": {"name": "sun-moon", "url": "https://pokeapi.co/api/v2/version-group/17/"}}, {"flavor_text": "\u708e\u3092\u3000\u307e\u3068\u3044\n\u76f8\u624b\u306b\u3000\u7a81\u9032\u3057\u3066\u3000\u653b\u6483\u3059\u308b\u3002\n\u3084\u3051\u3069\u72b6\u614b\u306b\u3000\u3059\u308b\u3053\u3068\u304c\u3000\u3042\u308b\u3002", "language": {"name": "ja", "url": "https://pokeapi.co/api/v2/language/11/"}, "version_group": {"name": "sun-moon", "url": "https://pokeapi.co/api/v2/version-group/17/"}}, {"flavor_text": "\u8ba9\u706b\u7130\u8986\u76d6\u5168\u8eab\uff0c\n\u731b\u649e\u5411\u5bf9\u624b\u8fdb\u884c\u653b\u51fb\u3002\n\u6709\u65f6\u4f1a\u8ba9\u5bf9\u624b\u9677\u5165\u707c\u4f24\u72b6\u6001\u3002", "language": {"name": "zh-Hans", "url": "https://pokeapi.co/api/v2/language/12/"}, "version_group": {"name": "sun-moon", "url": "https://pokeapi.co/api/v2/version-group/17/"}}, {"flavor_text": "\u307b\u306e\u304a\u3092\u3000\u307e\u3068\u3044\n\u3042\u3044\u3066\u306b\u3000\u3068\u3063\u3057\u3093\u3057\u3066\u3000\u3053\u3046\u3052\u304d\u3059\u308b\u3002\n\u3084\u3051\u3069\u3000\u3058\u3087\u3046\u305f\u3044\u306b\u3000\u3059\u308b\u3053\u3068\u304c\u3000\u3042\u308b\u3002", "language": {"name": "ja-Hrkt", "url": "https://pokeapi.co/api/v2/language/1/"}, "version_group": {"name": "ultra-sun-ultra-moon", "url": "https://pokeapi.co/api/v2/version-group/18/"}}, {"flavor_text": "\ubd88\uaf43\uc744 \ub458\ub7ec\n\uc0c1\ub300\uc5d0\uac8c \ub3cc\uc9c4\ud558\uc5ec \uacf5\uaca9\ud55c\ub2e4.\n\ud654\uc0c1 \uc0c1\ud0dc\ub85c \ub9cc\ub4e4 \ub54c\uac00 \uc788\ub2e4.", "language": {"name": "ko", "url": "https://pokeapi.co/api/v2/language/3/"}, "version_group": {"name": "ultra-sun-ultra-moon", "url": "https://pokeapi.co/api/v2/version-group/18/"}}, {"flavor_text": "\u7528\u706b\u7130\u570d\u7e5e\u8eab\u9ad4\uff0c\n\u731b\u649e\u5c0d\u624b\u9032\u884c\u653b\u64ca\u3002\n\u6709\u6642\u6703\u8b93\u5c0d\u624b\u9677\u5165\u707c\u50b7\u72c0\u614b\u3002", "language": {"name": "zh-Hant", "url": "https://pokeapi.co/api/v2/language/4/"}, "version_group": {"name": "ultra-sun-ultra-moon", "url": "https://pokeapi.co/api/v2/version-group/18/"}}, {"flavor_text": "Le lanceur s\u2019entoure de feu et charge l\u2019ennemi.\nPeut aussi le br\u00fbler.", "language": {"name": "fr", "url": "https://pokeapi.co/api/v2/language/5/"}, "version_group": {"name": "ultra-sun-ultra-moon", "url": "https://pokeapi.co/api/v2/version-group/18/"}}, {"flavor_text": "Feuer-Attacke, die beim Ziel eventuell\nVerbrennungen verursacht.", "language": {"name": "de", "url": "https://pokeapi.co/api/v2/language/6/"}, "version_group": {"name": "ultra-sun-ultra-moon", "url": "https://pokeapi.co/api/v2/version-group/18/"}}, {"flavor_text": "Ataca envuelto en fuego. Puede causar quemaduras. ", "language": {"name": "es", "url": "https://pokeapi.co/api/v2/language/7/"}, "version_group": {"name": "ultra-sun-ultra-moon", "url": "https://pokeapi.co/api/v2/version-group/18/"}}, {"flavor_text": "Chi la usa si copre di fuoco e carica il bersaglio.\nPu\u00f2 anche scottarlo.", "language": {"name": "it", "url": "https://pokeapi.co/api/v2/language/8/"}, "version_group": {"name": "ultra-sun-ultra-moon", "url": "https://pokeapi.co/api/v2/version-group/18/"}}, {"flavor_text": "The user cloaks itself in fire and charges at the\ntarget. This may also leave the target with a burn.", "language": {"name": "en", "url": "https://pokeapi.co/api/v2/language/9/"}, "version_group": {"name": "ultra-sun-ultra-moon", "url": "https://pokeapi.co/api/v2/version-group/18/"}}, {"flavor_text": "\u708e\u3092\u3000\u307e\u3068\u3044\n\u76f8\u624b\u306b\u3000\u7a81\u9032\u3057\u3066\u3000\u653b\u6483\u3059\u308b\u3002\n\u3084\u3051\u3069\u72b6\u614b\u306b\u3000\u3059\u308b\u3053\u3068\u304c\u3000\u3042\u308b\u3002", "language": {"name": "ja", "url": "https://pokeapi.co/api/v2/language/11/"}, "version_group": {"name": "ultra-sun-ultra-moon", "url": "https://pokeapi.co/api/v2/version-group/18/"}}, {"flavor_text": "\u8ba9\u706b\u7130\u8986\u76d6\u5168\u8eab\uff0c\n\u731b\u649e\u5411\u5bf9\u624b\u8fdb\u884c\u653b\u51fb\u3002\n\u6709\u65f6\u4f1a\u8ba9\u5bf9\u624b\u9677\u5165\u707c\u4f24\u72b6\u6001\u3002", "language": {"name": "zh-Hans", "url": "https://pokeapi.co/api/v2/language/12/"}, "version_group": {"name": "ultra-sun-ultra-moon", "url": "https://pokeapi.co/api/v2/version-group/18/"}}, {"flavor_text": "\u307b\u306e\u304a\u3092\u3000\u307e\u3068\u3044\n\u3042\u3044\u3066\u306b\u3000\u3068\u3063\u3057\u3093\u3057\u3066\u3000\u3053\u3046\u3052\u304d\u3059\u308b\u3002\n\u3084\u3051\u3069\u3000\u3058\u3087\u3046\u305f\u3044\u306b\u3000\u3059\u308b\u3053\u3068\u304c\u3000\u3042\u308b\u3002", "language": {"name": "ja-Hrkt", "url": "https://pokeapi.co/api/v2/language/1/"}, "version_group": {"name": "lets-go-pikachu-lets-go-eevee", "url": "https://pokeapi.co/api/v2/version-group/19/"}}, {"flavor_text": "\ubd88\uaf43\uc744 \ub458\ub7ec\n\uc0c1\ub300\uc5d0\uac8c \ub3cc\uc9c4\ud558\uc5ec \uacf5\uaca9\ud55c\ub2e4.\n\ud654\uc0c1 \uc0c1\ud0dc\ub85c \ub9cc\ub4e4 \ub54c\uac00 \uc788\ub2e4.", "language": {"name": "ko", "url": "https://pokeapi.co/api/v2/language/3/"}, "version_group": {"name": "lets-go-pikachu-lets-go-eevee", "url": "https://pokeapi.co/api/v2/version-group/19/"}}, {"flavor_text": "\u7528\u706b\u7130\u570d\u7e5e\u8eab\u9ad4\uff0c\n\u731b\u649e\u5c0d\u624b\u9032\u884c\u653b\u64ca\u3002\n\u6709\u6642\u6703\u8b93\u5c0d\u624b\u9677\u5165\u707c\u50b7\u72c0\u614b\u3002", "language": {"name": "zh-Hant", "url": "https://pokeapi.co/api/v2/language/4/"}, "version_group": {"name": "lets-go-pikachu-lets-go-eevee", "url": "https://pokeapi.co/api/v2/version-group/19/"}}, {"flavor_text": "Le lanceur s\u2019entoure de feu et charge l\u2019ennemi.\nPeut aussi le br\u00fbler.", "language": {"name": "fr", "url": "https://pokeapi.co/api/v2/language/5/"}, "version_group": {"name": "lets-go-pikachu-lets-go-eevee", "url": "https://pokeapi.co/api/v2/version-group/19/"}}, {"flavor_text": "Feuer-Attacke, die beim Ziel eventuell\nVerbrennungen verursacht.", "language": {"name": "de", "url": "https://pokeapi.co/api/v2/language/6/"}, "version_group": {"name": "lets-go-pikachu-lets-go-eevee", "url": "https://pokeapi.co/api/v2/version-group/19/"}}, {"flavor_text": "Ataca envuelto en fuego. Puede causar quemaduras. ", "language": {"name": "es", "url": "https://pokeapi.co/api/v2/language/7/"}, "version_group": {"name": "lets-go-pikachu-lets-go-eevee", "url": "https://pokeapi.co/api/v2/version-group/19/"}}, {"flavor_text": "Chi la usa si copre di fuoco e carica il bersaglio.\nPu\u00f2 anche scottarlo.", "language": {"name": "it", "url": "https://pokeapi.co/api/v2/language/8/"}, "version_group": {"name": "lets-go-pikachu-lets-go-eevee", "url": "https://pokeapi.co/api/v2/version-group/19/"}}, {"flavor_text": "The user cloaks itself in fire and charges at the\ntarget. This may also leave the target with a burn.", "language": {"name": "en", "url": "https://pokeapi.co/api/v2/language/9/"}, "version_group": {"name": "lets-go-pikachu-lets-go-eevee", "url": "https://pokeapi.co/api/v2/version-group/19/"}}, {"flavor_text": "\u708e\u3092\u3000\u307e\u3068\u3044\n\u76f8\u624b\u306b\u3000\u7a81\u9032\u3057\u3066\u3000\u653b\u6483\u3059\u308b\u3002\n\u3084\u3051\u3069\u72b6\u614b\u306b\u3000\u3059\u308b\u3053\u3068\u304c\u3000\u3042\u308b\u3002", "language": {"name": "ja", "url": "https://pokeapi.co/api/v2/language/11/"}, "version_group": {"name": "lets-go-pikachu-lets-go-eevee", "url": "https://pokeapi.co/api/v2/version-group/19/"}}, {"flavor_text": "\u8ba9\u706b\u7130\u8986\u76d6\u5168\u8eab\uff0c\n\u731b\u649e\u5411\u5bf9\u624b\u8fdb\u884c\u653b\u51fb\u3002\n\u6709\u65f6\u4f1a\u8ba9\u5bf9\u624b\u9677\u5165\u707c\u4f24\u72b6\u6001\u3002", "language": {"name": "zh-Hans", "url": "https://pokeapi.co/api/v2/language/12/"}, "version_group": {"name": "lets-go-pikachu-lets-go-eevee", "url": "https://pokeapi.co/api/v2/version-group/19/"}}, {"flavor_text": "\u307b\u306e\u304a\u3092\u3000\u307e\u3068\u3044\n\u3042\u3044\u3066\u306b\u3000\u3068\u3063\u3057\u3093\u3057\u3066\u3000\u3053\u3046\u3052\u304d\u3059\u308b\u3002\n\u3084\u3051\u3069\u3000\u3058\u3087\u3046\u305f\u3044\u306b\u3000\u3059\u308b\u3053\u3068\u304c\u3000\u3042\u308b\u3002", "language": {"name": "ja-Hrkt", "url": "https://pokeapi.co/api/v2/language/1/"}, "version_group": {"name": "sword-shield", "url": "https://pokeapi.co/api/v2/version-group/20/"}}, {"flavor_text": "\ubd88\uaf43\uc744 \ub458\ub7ec\n\uc0c1\ub300\uc5d0\uac8c \ub3cc\uc9c4\ud558\uc5ec \uacf5\uaca9\ud55c\ub2e4.\n\ud654\uc0c1 \uc0c1\ud0dc\ub85c \ub9cc\ub4e4 \ub54c\uac00 \uc788\ub2e4.", "language": {"name": "ko", "url": "https://pokeapi.co/api/v2/language/3/"}, "version_group": {"name": "sword-shield", "url": "https://pokeapi.co/api/v2/version-group/20/"}}, {"flavor_text": "\u7528\u706b\u7130\u570d\u7e5e\u8eab\u9ad4\uff0c\n\u731b\u649e\u5c0d\u624b\u9032\u884c\u653b\u64ca\u3002\n\u6709\u6642\u6703\u8b93\u5c0d\u624b\u9677\u5165\u707c\u50b7\u72c0\u614b\u3002", "language": {"name": "zh-Hant", "url": "https://pokeapi.co/api/v2/language/4/"}, "version_group": {"name": "sword-shield", "url": "https://pokeapi.co/api/v2/version-group/20/"}}, {"flavor_text": "Le lanceur s\u2019entoure de feu et charge l\u2019ennemi.\nPeut aussi le br\u00fbler.", "language": {"name": "fr", "url": "https://pokeapi.co/api/v2/language/5/"}, "version_group": {"name": "sword-shield", "url": "https://pokeapi.co/api/v2/version-group/20/"}}, {"flavor_text": "Anwender h\u00fcllt sich in Flammen und rammt das Ziel.\nVerursacht beim Ziel eventuell Verbrennungen.", "language": {"name": "de", "url": "https://pokeapi.co/api/v2/language/6/"}, "version_group": {"name": "sword-shield", "url": "https://pokeapi.co/api/v2/version-group/20/"}}, {"flavor_text": "Ataca envuelto en fuego. Puede causar quemaduras. ", "language": {"name": "es", "url": "https://pokeapi.co/api/v2/language/7/"}, "version_group": {"name": "sword-shield", "url": "https://pokeapi.co/api/v2/version-group/20/"}}, {"flavor_text": "Chi la usa si copre di fuoco e carica il bersaglio.\nPu\u00f2 anche scottarlo.", "language": {"name": "it", "url": "https://pokeapi.co/api/v2/language/8/"}, "version_group": {"name": "sword-shield", "url": "https://pokeapi.co/api/v2/version-group/20/"}}, {"flavor_text": "The user cloaks itself in fire and charges at the\ntarget. This may also leave the target with a burn.", "language": {"name": "en", "url": "https://pokeapi.co/api/v2/language/9/"}, "version_group": {"name": "sword-shield", "url": "https://pokeapi.co/api/v2/version-group/20/"}}, {"flavor_text": "\u708e\u3092\u3000\u307e\u3068\u3044\n\u76f8\u624b\u306b\u3000\u7a81\u9032\u3057\u3066\u3000\u653b\u6483\u3059\u308b\u3002\n\u3084\u3051\u3069\u72b6\u614b\u306b\u3000\u3059\u308b\u3053\u3068\u304c\u3000\u3042\u308b\u3002", "language": {"name": "ja", "url": "https://pokeapi.co/api/v2/language/11/"}, "version_group": {"name": "sword-shield", "url": "https://pokeapi.co/api/v2/version-group/20/"}}, {"flavor_text": "\u8ba9\u706b\u7130\u8986\u76d6\u5168\u8eab\uff0c\n\u731b\u649e\u5411\u5bf9\u624b\u8fdb\u884c\u653b\u51fb\u3002\n\u6709\u65f6\u4f1a\u8ba9\u5bf9\u624b\u9677\u5165\u707c\u4f24\u72b6\u6001\u3002", "language": {"name": "zh-Hans", "url": "https://pokeapi.co/api/v2/language/12/"}, "version_group": {"name": "sword-shield", "url": "https://pokeapi.co/api/v2/version-group/20/"}}, {"flavor_text": "The user cloaks itself in flames and charges at the target to deal damage. This may also leave the target with a burn.", "language": {"name": "en", "url": "https://pokeapi.co/api/v2/language/9/"}, "version_group": {"name": "legends-arceus", "url": "https://pokeapi.co/api/v2/version-group/24/"}}, {"flavor_text": "The user attacks by cloaking itself in fire and charging at the target. This may also leave the target with a burn.", "language": {"name": "en", "url": "https://pokeapi.co/api/v2/language/9/"}, "version_group": {"name": "scarlet-violet", "url": "https://pokeapi.co/api/v2/version-group/25/"}}], "generation": {"name": "generation-ii", "url": "https://pokeapi.co/api/v2/generation/2/"}, "id": 172, "learned_by_pokemon": [{"name": "rattata", "url": "https://pokeapi.co/api/v2/pokemon/19/"}, {"name": "vulpix", "url": "https://pokeapi.co/api/v2/pokemon/37/"}, {"name": "ninetales", "url": "https://pokeapi.co/api/v2/pokemon/38/"}, {"name": "growlithe", "url": "https://pokeapi.co/api/v2/pokemon/58/"}, {"name": "arcanine", "url": "https://pokeapi.co/api/v2/pokemon/59/"}, {"name": "ponyta", "url": "https://pokeapi.co/api/v2/pokemon/77/"}, {"name": "rapidash", "url": "https://pokeapi.co/api/v2/pokemon/78/"}, {"name": "magmar", "url": "https://pokeapi.co/api/v2/pokemon/126/"}, {"name": "cyndaquil", "url": "https://pokeapi.co/api/v2/pokemon/155/"}, {"name": "quilava", "url": "https://pokeapi.co/api/v2/pokemon/156/"}, {"name": "typhlosion", "url": "https://pokeapi.co/api/v2/pokemon/157/"}, {"name": "magby", "url": "https://pokeapi.co/api/v2/pokemon/240/"}, {"name": "entei", "url": "https://pokeapi.co/api/v2/pokemon/244/"}, {"name": "numel", "url": "https://pokeapi.co/api/v2/pokemon/322/"}, {"name": "camerupt", "url": "https://pokeapi.co/api/v2/pokemon/323/"}, {"name": "torkoal", "url": "https://pokeapi.co/api/v2/pokemon/324/"}, {"name": "chimchar", "url": "https://pokeapi.co/api/v2/pokemon/390/"}, {"name": "monferno", "url": "https://pokeapi.co/api/v2/pokemon/391/"}, {"name": "infernape", "url": "https://pokeapi.co/api/v2/pokemon/392/"}, {"name": "magmortar", "url": "https://pokeapi.co/api/v2/pokemon/467/"}, {"name": "darumaka", "url": "https://pokeapi.co/api/v2/pokemon/554/"}, {"name": "larvesta", "url": "https://pokeapi.co/api/v2/pokemon/636/"}, {"name": "volcarona", "url": "https://pokeapi.co/api/v2/pokemon/637/"}, {"name": "sizzlipede", "url": "https://pokeapi.co/api/v2/pokemon/850/"}, {"name": "centiskorch", "url": "https://pokeapi.co/api/v2/pokemon/851/"}, {"name": "chi-yu", "url": "https://pokeapi.co/api/v2/pokemon/1004/"}, {"name": "marowak-alola", "url": "https://pokeapi.co/api/v2/pokemon/10115/"}, {"name": "marowak-totem", "url": "https://pokeapi.co/api/v2/pokemon/10149/"}, {"name": "darumaka-galar", "url": "https://pokeapi.co/api/v2/pokemon/10176/"}, {"name": "growlithe-hisui", "url": "https://pokeapi.co/api/v2/pokemon/10229/"}, {"name": "arcanine-hisui", "url": "https://pokeapi.co/api/v2/pokemon/10230/"}, {"name": "typhlosion-hisui", "url": "https://pokeapi.co/api/v2/pokemon/10233/"}], "machines": [], "meta": {"ailment": {"name": "burn", "url": "https://pokeapi.co/api/v2/move-ailment/4/"}, "ailment_chance": 10, "category": {"name": "damage+ailment", "url": "https://pokeapi.co/api/v2/move-category/4/"}, "crit_rate": 0, "drain": 0, "flinch_chance": 0, "healing": 0, "max_hits": null, "max_turns": null, "min_hits": null, "min_turns": null, "stat_chance": 0}, "name": "flame-wheel", "names": [{"language": {"name": "ja-Hrkt", "url": "https://pokeapi.co/api/v2/language/1/"}, "name": "\u304b\u3048\u3093\u3050\u308b\u307e"}, {"language": {"name": "ko", "url": "https://pokeapi.co/api/v2/language/3/"}, "name": "\ud654\uc5fc\uc790\ub3d9\ucc28"}, {"language": {"name": "zh-Hant", "url": "https://pokeapi.co/api/v2/language/4/"}, "name": "\u706b\u7130\u8f2a"}, {"language": {"name": "fr", "url": "https://pokeapi.co/api/v2/language/5/"}, "name": "Roue de Feu"}, {"language": {"name": "de", "url": "https://pokeapi.co/api/v2/language/6/"}, "name": "Flammenrad"}, {"language": {"name": "es", "url": "https://pokeapi.co/api/v2/language/7/"}, "name": "Rueda Fuego"}, {"language": {"name": "it", "url": "https://pokeapi.co/api/v2/language/8/"}, "name": "Ruotafuoco"}, {"language": {"name": "en", "url": "https://pokeapi.co/api/v2/language/9/"}, "name": "Flame Wheel"}, {"language": {"name": "ja", "url": "https://pokeapi.co/api/v2/language/11/"}, "name": "\u304b\u3048\u3093\u3050\u308b\u307e"}, {"language": {"name": "zh-Hans", "url": "https://pokeapi.co/api/v2/language/12/"}, "name": "\u706b\u7130\u8f6e"}], "past_values": [], "power": 60, "pp": 25, "priority": 0, "stat_changes": [], "super_contest_effect": {"url": "https://pokeapi.co/api/v2/super-contest-effect/7/"}, "target": {"name": "selected-pokemon", "url": "https://pokeapi.co/api/v2/move-target/10/"}, "type": {"name": "fire", "url": "https://pokeapi.co/api/v2/type/10/"}}