{"accuracy": 100, "contest_combos": null, "contest_effect": null, "contest_type": null, "damage_class": {"name": "physical", "url": "https://pokeapi.co/api/v2/move-damage-class/2/"}, "effect_chance": 100, "effect_changes": [], "effect_entries": [{"effect": "Inflicts regular damage.  Lowers the target\u2019s Defense by one stage.", "language": {"name": "en", "url": "https://pokeapi.co/api/v2/language/9/"}, "short_effect": "Lowers the target\u2019s Defense by one stage after inflicting damage."}], "flavor_text_entries": [{"flavor_text": "\u3084\u3051\u305f\u30e0\u30c1\u3067\u3000\u3042\u3044\u3066\u3092\u3000\u3046\u3061\u3064\u3051\u308b\u3002\n\u3053\u3046\u3052\u304d\u3092\u3000\u3046\u3051\u305f\u3000\u3042\u3044\u3066\u306f\n\u307c\u3046\u304e\u3087\u304c\u3000\u3055\u304c\u308b\u3002", "language": {"name": "ja-Hrkt", "url": "https://pokeapi.co/api/v2/language/1/"}, "version_group": {"name": "sun-moon", "url": "https://pokeapi.co/api/v2/version-group/17/"}}, {"flavor_text": "\ubd88\ud0c0\ub294 \ucc44\ucc0d\uc73c\ub85c \uc0c1\ub300\ub97c \uce5c\ub2e4.\n\uacf5\uaca9\uc744 \ubc1b\uc740 \uc0c1\ub300\ub294\n\ubc29\uc5b4\uac00 \ub5a8\uc5b4\uc9c4\ub2e4.", "language": {"name": "ko", "url": "https://pokeapi.co/api/v2/language/3/"}, "version_group": {"name": "sun-moon", "url": "https://pokeapi.co/api/v2/version-group/17/"}}, {"flavor_text": "\u7528\u71c3\u71d2\u7684\u97ad\u5b50\u62bd\u6253\u5c0d\u624b\u3002\n\u53d7\u5230\u653b\u64ca\u7684\u5c0d\u624b\u9632\u79a6\u6703\u964d\u4f4e\u3002", "language": {"name": "zh-Hant", "url": "https://pokeapi.co/api/v2/language/4/"}, "version_group": {"name": "sun-moon", "url": "https://pokeapi.co/api/v2/version-group/17/"}}, {"flavor_text": "Frappe la cible avec un fouet incandescent\net baisse sa D\u00e9fense.", "language": {"name": "fr", "url": "https://pokeapi.co/api/v2/language/5/"}, "version_group": {"name": "sun-moon", "url": "https://pokeapi.co/api/v2/version-group/17/"}}, {"flavor_text": "Der Anwender greift das Ziel mit einer brennenden\nPeitsche an und senkt dabei zus\u00e4tzlich dessen\nVerteidigungs-Wert.", "language": {"name": "de", "url": "https://pokeapi.co/api/v2/language/6/"}, "version_group": {"name": "sun-moon", "url": "https://pokeapi.co/api/v2/version-group/17/"}}, {"flavor_text": "Golpea al oponente con un l\u00e1tigo incandescente y\nreduce su Defensa.", "language": {"name": "es", "url": "https://pokeapi.co/api/v2/language/7/"}, "version_group": {"name": "sun-moon", "url": "https://pokeapi.co/api/v2/version-group/17/"}}, {"flavor_text": "Colpisce il bersaglio con una frusta infuocata\ne ne riduce la Difesa.", "language": {"name": "it", "url": "https://pokeapi.co/api/v2/language/8/"}, "version_group": {"name": "sun-moon", "url": "https://pokeapi.co/api/v2/version-group/17/"}}, {"flavor_text": "The user strikes the target with a burning lash. This\nalso lowers the target\u2019s Defense stat.", "language": {"name": "en", "url": "https://pokeapi.co/api/v2/language/9/"}, "version_group": {"name": "sun-moon", "url": "https://pokeapi.co/api/v2/version-group/17/"}}, {"flavor_text": "\u713c\u3051\u305f\u30e0\u30c1\u3067\u3000\u76f8\u624b\u3092\u3000\u6253\u3061\u3064\u3051\u308b\u3002\n\u653b\u6483\u3092\u3000\u53d7\u3051\u305f\u3000\u76f8\u624b\u306f\n\u9632\u5fa1\u304c\u3000\u3055\u304c\u308b\u3002", "language": {"name": "ja", "url": "https://pokeapi.co/api/v2/language/11/"}, "version_group": {"name": "sun-moon", "url": "https://pokeapi.co/api/v2/version-group/17/"}}, {"flavor_text": "\u7528\u71c3\u70e7\u7684\u97ad\u5b50\u62bd\u6253\u5bf9\u624b\u3002\n\u53d7\u5230\u653b\u51fb\u7684\u5bf9\u624b\u9632\u5fa1\u4f1a\u964d\u4f4e\u3002", "language": {"name": "zh-Hans", "url": "https://pokeapi.co/api/v2/language/12/"}, "version_group": {"name": "sun-moon", "url": "https://pokeapi.co/api/v2/version-group/17/"}}, {"flavor_text": "\u3084\u3051\u305f\u30e0\u30c1\u3067\u3000\u3042\u3044\u3066\u3092\u3000\u3046\u3061\u3064\u3051\u308b\u3002\n\u3053\u3046\u3052\u304d\u3092\u3000\u3046\u3051\u305f\u3000\u3042\u3044\u3066\u306f\n\u307c\u3046\u304e\u3087\u304c\u3000\u3055\u304c\u308b\u3002", "language": {"name": "ja-Hrkt", "url": "https://pokeapi.co/api/v2/language/1/"}, "version_group": {"name": "ultra-sun-ultra-moon", "url": "https://pokeapi.co/api/v2/version-group/18/"}}, {"flavor_text": "\ubd88\ud0c0\ub294 \ucc44\ucc0d\uc73c\ub85c \uc0c1\ub300\ub97c \uce5c\ub2e4.\n\uacf5\uaca9\uc744 \ubc1b\uc740 \uc0c1\ub300\ub294\n\ubc29\uc5b4\uac00 \ub5a8\uc5b4\uc9c4\ub2e4.", "language": {"name": "ko", "url": "https://pokeapi.co/api/v2/language/3/"}, "version_group": {"name": "ultra-sun-ultra-moon", "url": "https://pokeapi.co/api/v2/version-group/18/"}}, {"flavor_text": "\u7528\u71c3\u71d2\u7684\u97ad\u5b50\u62bd\u6253\u5c0d\u624b\u3002\n\u53d7\u5230\u653b\u64ca\u7684\u5c0d\u624b\u9632\u79a6\u6703\u964d\u4f4e\u3002", "language": {"name": "zh-Hant", "url": "https://pokeapi.co/api/v2/language/4/"}, "version_group": {"name": "ultra-sun-ultra-moon", "url": "https://pokeapi.co/api/v2/version-group/18/"}}, {"flavor_text": "Frappe la cible avec un fouet incandescent\net baisse sa D\u00e9fense.", "language": {"name": "fr", "url": "https://pokeapi.co/api/v2/language/5/"}, "version_group": {"name": "ultra-sun-ultra-moon", "url": "https://pokeapi.co/api/v2/version-group/18/"}}, {"flavor_text": "Der Anwender greift das Ziel mit einer brennenden\nPeitsche an und senkt dabei zus\u00e4tzlich dessen\nVerteidigungs-Wert.", "language": {"name": "de", "url": "https://pokeapi.co/api/v2/language/6/"}, "version_group": {"name": "ultra-sun-ultra-moon", "url": "https://pokeapi.co/api/v2/version-group/18/"}}, {"flavor_text": "Golpea al oponente con un l\u00e1tigo incandescente y\nreduce su Defensa.", "language": {"name": "es", "url": "https://pokeapi.co/api/v2/language/7/"}, "version_group": {"name": "ultra-sun-ultra-moon", "url": "https://pokeapi.co/api/v2/version-group/18/"}}, {"flavor_text": "Colpisce il bersaglio con una frusta infuocata\ne ne riduce la Difesa.", "language": {"name": "it", "url": "https://pokeapi.co/api/v2/language/8/"}, "version_group": {"name": "ultra-sun-ultra-moon", "url": "https://pokeapi.co/api/v2/version-group/18/"}}, {"flavor_text": "The user strikes the target with a burning lash. This\nalso lowers the target\u2019s Defense stat.", "language": {"name": "en", "url": "https://pokeapi.co/api/v2/language/9/"}, "version_group": {"name": "ultra-sun-ultra-moon", "url": "https://pokeapi.co/api/v2/version-group/18/"}}, {"flavor_text": "\u713c\u3051\u305f\u30e0\u30c1\u3067\u3000\u76f8\u624b\u3092\u3000\u6253\u3061\u3064\u3051\u308b\u3002\n\u653b\u6483\u3092\u3000\u53d7\u3051\u305f\u3000\u76f8\u624b\u306f\n\u9632\u5fa1\u304c\u3000\u3055\u304c\u308b\u3002", "language": {"name": "ja", "url": "https://pokeapi.co/api/v2/language/11/"}, "version_group": {"name": "ultra-sun-ultra-moon", "url": "https://pokeapi.co/api/v2/version-group/18/"}}, {"flavor_text": "\u7528\u71c3\u70e7\u7684\u97ad\u5b50\u62bd\u6253\u5bf9\u624b\u3002\n\u53d7\u5230\u653b\u51fb\u7684\u5bf9\u624b\u9632\u5fa1\u4f1a\u964d\u4f4e\u3002", "language": {"name": "zh-Hans", "url": "https://pokeapi.co/api/v2/language/12/"}, "version_group": {"name": "ultra-sun-ultra-moon", "url": "https://pokeapi.co/api/v2/version-group/18/"}}, {"flavor_text": "\u3084\u3051\u305f\u30e0\u30c1\u3067\u3000\u3042\u3044\u3066\u3092\u3000\u3046\u3061\u3064\u3051\u308b\u3002\n\u3053\u3046\u3052\u304d\u3092\u3000\u3046\u3051\u305f\u3000\u3042\u3044\u3066\u306f\n\u307c\u3046\u304e\u3087\u304c\u3000\u3055\u304c\u308b\u3002", "language": {"name": "ja-Hrkt", "url": "https://pokeapi.co/api/v2/language/1/"}, "version_group": {"name": "lets-go-pikachu-lets-go-eevee", "url": "https://pokeapi.co/api/v2/version-group/19/"}}, {"flavor_text": "\ubd88\ud0c0\ub294 \ucc44\ucc0d\uc73c\ub85c \uc0c1\ub300\ub97c \uce5c\ub2e4.\n\uacf5\uaca9\uc744 \ubc1b\uc740 \uc0c1\ub300\ub294\n\ubc29\uc5b4\uac00 \ub5a8\uc5b4\uc9c4\ub2e4.", "language": {"name": "ko", "url": "https://pokeapi.co/api/v2/language/3/"}, "version_group": {"name": "lets-go-pikachu-lets-go-eevee", "url": "https://pokeapi.co/api/v2/version-group/19/"}}, {"flavor_text": "\u7528\u71c3\u71d2\u7684\u97ad\u5b50\u62bd\u6253\u5c0d\u624b\u3002\n\u53d7\u5230\u653b\u64ca\u7684\u5c0d\u624b\u9632\u79a6\u6703\u964d\u4f4e\u3002", "language": {"name": "zh-Hant", "url": "https://pokeapi.co/api/v2/language/4/"}, "version_group": {"name": "lets-go-pikachu-lets-go-eevee", "url": "https://pokeapi.co/api/v2/version-group/19/"}}, {"flavor_text": "Frappe la cible avec un fouet incandescent\net baisse sa D\u00e9fense.", "language": {"name": "fr", "url": "https://pokeapi.co/api/v2/language/5/"}, "version_group": {"name": "lets-go-pikachu-lets-go-eevee", "url": "https://pokeapi.co/api/v2/version-group/19/"}}, {"flavor_text": "Der Anwender greift das Ziel mit einer brennenden\nPeitsche an und senkt dabei zus\u00e4tzlich dessen\nVerteidigungs-Wert.", "language": {"name": "de", "url": "https://pokeapi.co/api/v2/language/6/"}, "version_group": {"name": "lets-go-pikachu-lets-go-eevee", "url": "https://pokeapi.co/api/v2/version-group/19/"}}, {"flavor_text": "Golpea al oponente con un l\u00e1tigo incandescente y\nreduce su Defensa.", "language": {"name": "es", "url": "https://pokeapi.co/api/v2/language/7/"}, "version_group": {"name": "lets-go-pikachu-lets-go-eevee", "url": "https://pokeapi.co/api/v2/version-group/19/"}}, {"flavor_text": "Colpisce il bersaglio con una frusta infuocata\ne ne riduce la Difesa.", "language": {"name": "it", "url": "https://pokeapi.co/api/v2/language/8/"}, "version_group": {"name": "lets-go-pikachu-lets-go-eevee", "url": "https://pokeapi.co/api/v2/version-group/19/"}}, {"flavor_text": "The user strikes the target with a burning lash. This\nalso lowers the target\u2019s Defense stat.", "language": {"name": "en", "url": "https://pokeapi.co/api/v2/language/9/"}, "version_group": {"name": "lets-go-pikachu-lets-go-eevee", "url": "https://pokeapi.co/api/v2/version-group/19/"}}, {"flavor_text": "\u713c\u3051\u305f\u30e0\u30c1\u3067\u3000\u76f8\u624b\u3092\u3000\u6253\u3061\u3064\u3051\u308b\u3002\n\u653b\u6483\u3092\u3000\u53d7\u3051\u305f\u3000\u76f8\u624b\u306f\n\u9632\u5fa1\u304c\u3000\u3055\u304c\u308b\u3002", "language": {"name": "ja", "url": "https://pokeapi.co/api/v2/language/11/"}, "version_group": {"name": "lets-go-pikachu-lets-go-eevee", "url": "https://pokeapi.co/api/v2/version-group/19/"}}, {"flavor_text": "\u7528\u71c3\u70e7\u7684\u97ad\u5b50\u62bd\u6253\u5bf9\u624b\u3002\n\u53d7\u5230\u653b\u51fb\u7684\u5bf9\u624b\u9632\u5fa1\u4f1a\u964d\u4f4e\u3002", "language": {"name": "zh-Hans", "url": "https://pokeapi.co/api/v2/language/12/"}, "version_group": {"name": "lets-go-pikachu-lets-go-eevee", "url": "https://pokeapi.co/api/v2/version-group/19/"}}, {"flavor_text": "\u3084\u3051\u305f\u30e0\u30c1\u3067\u3000\u3042\u3044\u3066\u3092\u3000\u3046\u3061\u3064\u3051\u308b\u3002\n\u3053\u3046\u3052\u304d\u3092\u3000\u3046\u3051\u305f\u3000\u3042\u3044\u3066\u306f\n\u307c\u3046\u304e\u3087\u304c\u3000\u3055\u304c\u308b\u3002", "language": {"name": "ja-Hrkt", "url": "https://pokeapi.co/api/v2/language/1/"}, "version_group": {"name": "sword-shield", "url": "https://pokeapi.co/api/v2/version-group/20/"}}, {"flavor_text": "\ubd88\ud0c0\ub294 \ucc44\ucc0d\uc73c\ub85c \uc0c1\ub300\ub97c \uce5c\ub2e4.\n\uacf5\uaca9\uc744 \ubc1b\uc740 \uc0c1\ub300\ub294\n\ubc29\uc5b4\uac00 \ub5a8\uc5b4\uc9c4\ub2e4.", "language": {"name": "ko", "url": "https://pokeapi.co/api/v2/language/3/"}, "version_group": {"name": "sword-shield", "url": "https://pokeapi.co/api/v2/version-group/20/"}}, {"flavor_text": "\u7528\u71c3\u71d2\u7684\u97ad\u5b50\u62bd\u6253\u5c0d\u624b\u3002\n\u53d7\u5230\u653b\u64ca\u7684\u5c0d\u624b\u9632\u79a6\u6703\u964d\u4f4e\u3002", "language": {"name": "zh-Hant", "url": "https://pokeapi.co/api/v2/language/4/"}, "version_group": {"name": "sword-shield", "url": "https://pokeapi.co/api/v2/version-group/20/"}}, {"flavor_text": "Frappe la cible avec un fouet incandescent et baisse\nsa D\u00e9fense.", "language": {"name": "fr", "url": "https://pokeapi.co/api/v2/language/5/"}, "version_group": {"name": "sword-shield", "url": "https://pokeapi.co/api/v2/version-group/20/"}}, {"flavor_text": "Der Anwender greift das Ziel mit einer brennenden\nPeitsche an und senkt dabei zus\u00e4tzlich dessen\nVerteidigungs-Wert.", "language": {"name": "de", "url": "https://pokeapi.co/api/v2/language/6/"}, "version_group": {"name": "sword-shield", "url": "https://pokeapi.co/api/v2/version-group/20/"}}, {"flavor_text": "Golpea al oponente con un l\u00e1tigo incandescente y\nreduce su Defensa.", "language": {"name": "es", "url": "https://pokeapi.co/api/v2/language/7/"}, "version_group": {"name": "sword-shield", "url": "https://pokeapi.co/api/v2/version-group/20/"}}, {"flavor_text": "Colpisce il bersaglio con una frusta infuocata\ne ne riduce la Difesa.", "language": {"name": "it", "url": "https://pokeapi.co/api/v2/language/8/"}, "version_group": {"name": "sword-shield", "url": "https://pokeapi.co/api/v2/version-group/20/"}}, {"flavor_text": "The user strikes the target with a burning lash. This\nalso lowers the target\u2019s Defense stat.", "language": {"name": "en", "url": "https://pokeapi.co/api/v2/language/9/"}, "version_group": {"name": "sword-shield", "url": "https://pokeapi.co/api/v2/version-group/20/"}}, {"flavor_text": "\u713c\u3051\u305f\u30e0\u30c1\u3067\u3000\u76f8\u624b\u3092\u3000\u6253\u3061\u3064\u3051\u308b\u3002\n\u653b\u6483\u3092\u3000\u53d7\u3051\u305f\u3000\u76f8\u624b\u306f\n\u9632\u5fa1\u304c\u3000\u3055\u304c\u308b\u3002", "language": {"name": "ja", "url": "https://pokeapi.co/api/v2/language/11/"}, "version_group": {"name": "sword-shield", "url": "https://pokeapi.co/api/v2/version-group/20/"}}, {"flavor_text": "\u7528\u71c3\u70e7\u7684\u97ad\u5b50\u62bd\u6253\u5bf9\u624b\u3002\n\u53d7\u5230\u653b\u51fb\u7684\u5bf9\u624b\u9632\u5fa1\u4f1a\u964d\u4f4e\u3002", "language": {"name": "zh-Hans", "url": "https://pokeapi.co/api/v2/language/12/"}, "version_group": {"name": "sword-shield", "url": "https://pokeapi.co/api/v2/version-group/20/"}}, {"flavor_text": "The user strikes the target with a burning lash. This also lowers the target's Defense stat.", "language": {"name": "en", "url": "https://pokeapi.co/api/v2/language/9/"}, "version_group": {"name": "legends-arceus", "url": "https://pokeapi.co/api/v2/version-group/24/"}}, {"flavor_text": "The user strikes the target with a burning lash. This also lowers the target's Defense stat.", "language": {"name": "en", "url": "https://pokeapi.co/api/v2/language/9/"}, "version_group": {"name": "scarlet-violet", "url": "https://pokeapi.co/api/v2/version-group/25/"}}], "generation": {"name": "generation-vii", "url": "https://pokeapi.co/api/v2/generation/7/"}, "id": 680, "learned_by_pokemon": [{"name": "heatmor", "url": "https://pokeapi.co/api/v2/pokemon/631/"}, {"name": "salazzle", "url": "https://pokeapi.co/api/v2/pokemon/758/"}, {"name": "sizzlipede", "url": "https://pokeapi.co/api/v2/pokemon/850/"}, {"name": "centiskorch", "url": "https://pokeapi.co/api/v2/pokemon/851/"}], "machines": [], "meta": {"ailment": {"name": "none", "url": "https://pokeapi.co/api/v2/move-ailment/0/"}, "ailment_chance": 0, "category": {"name": "damage+lower", "url": "https://pokeapi.co/api/v2/move-category/6/"}, "crit_rate": 0, "drain": 0, "flinch_chance": 0, "healing": 0, "max_hits": null, "max_turns": null, "min_hits": null, "min_turns": null, "stat_chance": 100}, "name": "fire-lash", "names": [{"language": {"name": "ja-Hrkt", "url": "https://pokeapi.co/api/v2/language/1/"}, "name": "\u307b\u306e\u304a\u306e\u30e0\u30c1"}, {"language": {"name": "ko", "url": "https://pokeapi.co/api/v2/language/3/"}, "name": "\ubd88\uaf43\ucc44\ucc0d"}, {"language": {"name": "zh-Hant", "url": "https://pokeapi.co/api/v2/language/4/"}, "name": "\u706b\u7130\u97ad"}, {"language": {"name": "fr", "url": "https://pokeapi.co/api/v2/language/5/"}, "name": "Fouet de Feu"}, {"language": {"name": "de", "url": "https://pokeapi.co/api/v2/language/6/"}, "name": "Feuerpeitsche"}, {"language": {"name": "es", "url": "https://pokeapi.co/api/v2/language/7/"}, "name": "L\u00e1tigo \u00cdgneo"}, {"language": {"name": "it", "url": "https://pokeapi.co/api/v2/language/8/"}, "name": "Frusta di Fuoco"}, {"language": {"name": "en", "url": "https://pokeapi.co/api/v2/language/9/"}, "name": "Fire Lash"}, {"language": {"name": "ja", "url": "https://pokeapi.co/api/v2/language/11/"}, "name": "\u307b\u306e\u304a\u306e\u30e0\u30c1"}, {"language": {"name": "zh-Hans", "url": "https://pokeapi.co/api/v2/language/12/"}, "name": "\u706b\u7130\u97ad"}], "past_values": [], "power": 80, "pp": 15, "priority": 0, "stat_changes": [{"change": -1, "stat": {"name": "defense", "url": "https://pokeapi.co/api/v2/stat/3/"}}], "super_contest_effect": null, "target": {"name": "selected-pokemon", "url": "https://pokeapi.co/api/v2/move-target/10/"}, "type": {"name": "fire", "url": "https://pokeapi.co/api/v2/type/10/"}}