{"accuracy": 100, "contest_combos": null, "contest_effect": null, "contest_type": null, "damage_class": {"name": "physical", "url": "https://pokeapi.co/api/v2/move-damage-class/2/"}, "effect_chance": null, "effect_changes": [], "effect_entries": [{"effect": "Inflicts regular damage.  The greater the user\u2019s weight compared to the target\u2019s, the higher power this move has, to a maximum of 120.\n\nUser\u2019s weight                    | Power\n-------------------------------- | ----:\nUp to 2\u00d7 the target\u2019s weight     |    40\nUp to 3\u00d7 the target\u2019s weight     |    60\nUp to 4\u00d7 the target\u2019s weight     |    80\nUp to 5\u00d7 the target\u2019s weight     |   100\nMore than 5\u00d7 the target\u2019s weight |   120\n", "language": {"name": "en", "url": "https://pokeapi.co/api/v2/language/9/"}, "short_effect": "Power is higher when the user weighs more than the target, up to a maximum of 120."}], "flavor_text_entries": [{"flavor_text": "Le lanceur projette son corps enflamm\u00e9\ncontre l\u2019ennemi. S\u2019il est plus lourd que\nl\u2019ennemi, l\u2019effet augmente en cons\u00e9quence.", "language": {"name": "fr", "url": "https://pokeapi.co/api/v2/language/5/"}, "version_group": {"name": "black-white", "url": "https://pokeapi.co/api/v2/version-group/11/"}}, {"flavor_text": "The user slams its target with its flame-\ncovered body. The more the user outweighs\nthe target, the greater the damage.", "language": {"name": "en", "url": "https://pokeapi.co/api/v2/language/9/"}, "version_group": {"name": "black-white", "url": "https://pokeapi.co/api/v2/version-group/11/"}}, {"flavor_text": "The user slams its target with its flame-\ncovered body. The more the user outweighs\nthe target, the greater the damage.", "language": {"name": "en", "url": "https://pokeapi.co/api/v2/language/9/"}, "version_group": {"name": "black-2-white-2", "url": "https://pokeapi.co/api/v2/version-group/14/"}}, {"flavor_text": "\u3082\u3048\u308b\u3000\u304b\u3089\u3060\u3067\u3000\u3042\u3044\u3066\u306b\u3000\u3076\u3064\u304b\u3063\u3066\n\u3053\u3046\u3052\u304d\u3059\u308b\u3002\u3058\u3076\u3093\u304c\u3000\u3042\u3044\u3066\u3088\u308a\n\u304a\u3082\u3044\u307b\u3069\u3000\u3044\u308a\u3087\u304f\u304c\u3000\u3042\u304c\u308b\u3002", "language": {"name": "ja-Hrkt", "url": "https://pokeapi.co/api/v2/language/1/"}, "version_group": {"name": "x-y", "url": "https://pokeapi.co/api/v2/version-group/15/"}}, {"flavor_text": "\ubd88\ud0c0\ub294 \ubab8\uc73c\ub85c \uc0c1\ub300\uc5d0\uac8c \ubd80\ub52a\uccd0\uc11c\n\uacf5\uaca9\ud55c\ub2e4. \uc790\uc2e0\uc774 \uc0c1\ub300\ubcf4\ub2e4\n\ubb34\uac70\uc6b8\uc218\ub85d \uc704\ub825\uc774 \uc62c\ub77c\uac04\ub2e4.", "language": {"name": "ko", "url": "https://pokeapi.co/api/v2/language/3/"}, "version_group": {"name": "x-y", "url": "https://pokeapi.co/api/v2/version-group/15/"}}, {"flavor_text": "Le lanceur projette son corps enflamm\u00e9 contre\nl\u2019ennemi. S\u2019il est plus lourd que l\u2019ennemi, l\u2019effet\naugmente en cons\u00e9quence.", "language": {"name": "fr", "url": "https://pokeapi.co/api/v2/language/5/"}, "version_group": {"name": "x-y", "url": "https://pokeapi.co/api/v2/version-group/15/"}}, {"flavor_text": "Rempelattacke mit brennendem K\u00f6rper.\nJe schwerer der Anwender im Vergleich\nzum Ziel ist, desto st\u00e4rker die Attacke.", "language": {"name": "de", "url": "https://pokeapi.co/api/v2/language/6/"}, "version_group": {"name": "x-y", "url": "https://pokeapi.co/api/v2/version-group/15/"}}, {"flavor_text": "El usuario ataca con su cuerpo ardiente. Cuanto\nmayor sea su peso comparado con el del objetivo,\nm\u00e1s da\u00f1o causar\u00e1.", "language": {"name": "es", "url": "https://pokeapi.co/api/v2/language/7/"}, "version_group": {"name": "x-y", "url": "https://pokeapi.co/api/v2/version-group/15/"}}, {"flavor_text": "Chi la usa carica con il suo corpo rovente. Pi\u00f9 \u00e8\npesante rispetto al bersaglio e pi\u00f9 danni causa.", "language": {"name": "it", "url": "https://pokeapi.co/api/v2/language/8/"}, "version_group": {"name": "x-y", "url": "https://pokeapi.co/api/v2/version-group/15/"}}, {"flavor_text": "The user slams its target with its flame-\ncovered body. The more the user outweighs\nthe target, the greater the move\u2019s power.", "language": {"name": "en", "url": "https://pokeapi.co/api/v2/language/9/"}, "version_group": {"name": "x-y", "url": "https://pokeapi.co/api/v2/version-group/15/"}}, {"flavor_text": "\u71c3\u3048\u308b\u3000\u4f53\u3067\u3000\u76f8\u624b\u306b\u3000\u3076\u3064\u304b\u3063\u3066\n\u653b\u6483\u3059\u308b\u3002\u81ea\u5206\u304c\u3000\u76f8\u624b\u3088\u308a\n\u91cd\u3044\u307b\u3069\u3000\u5a01\u529b\u304c\u3000\u3042\u304c\u308b\u3002", "language": {"name": "ja", "url": "https://pokeapi.co/api/v2/language/11/"}, "version_group": {"name": "x-y", "url": "https://pokeapi.co/api/v2/version-group/15/"}}, {"flavor_text": "\u3082\u3048\u308b\u3000\u304b\u3089\u3060\u3067\u3000\u3042\u3044\u3066\u306b\u3000\u3076\u3064\u304b\u3063\u3066\n\u3053\u3046\u3052\u304d\u3059\u308b\u3002\u3058\u3076\u3093\u304c\u3000\u3042\u3044\u3066\u3088\u308a\n\u304a\u3082\u3044\u307b\u3069\u3000\u3044\u308a\u3087\u304f\u304c\u3000\u3042\u304c\u308b\u3002", "language": {"name": "ja-Hrkt", "url": "https://pokeapi.co/api/v2/language/1/"}, "version_group": {"name": "omega-ruby-alpha-sapphire", "url": "https://pokeapi.co/api/v2/version-group/16/"}}, {"flavor_text": "\ubd88\ud0c0\ub294 \ubab8\uc73c\ub85c \uc0c1\ub300\uc5d0\uac8c \ubd80\ub52a\uccd0\uc11c\n\uacf5\uaca9\ud55c\ub2e4. \uc790\uc2e0\uc774 \uc0c1\ub300\ubcf4\ub2e4\n\ubb34\uac70\uc6b8\uc218\ub85d \uc704\ub825\uc774 \uc62c\ub77c\uac04\ub2e4.", "language": {"name": "ko", "url": "https://pokeapi.co/api/v2/language/3/"}, "version_group": {"name": "omega-ruby-alpha-sapphire", "url": "https://pokeapi.co/api/v2/version-group/16/"}}, {"flavor_text": "Le lanceur projette son corps enflamm\u00e9 contre\nl\u2019ennemi. S\u2019il est plus lourd que l\u2019ennemi, l\u2019effet\naugmente en cons\u00e9quence.", "language": {"name": "fr", "url": "https://pokeapi.co/api/v2/language/5/"}, "version_group": {"name": "omega-ruby-alpha-sapphire", "url": "https://pokeapi.co/api/v2/version-group/16/"}}, {"flavor_text": "Rempelattacke mit brennendem K\u00f6rper.\nJe schwerer der Anwender im Vergleich\nzum Ziel ist, desto st\u00e4rker die Attacke.", "language": {"name": "de", "url": "https://pokeapi.co/api/v2/language/6/"}, "version_group": {"name": "omega-ruby-alpha-sapphire", "url": "https://pokeapi.co/api/v2/version-group/16/"}}, {"flavor_text": "El usuario ataca con su cuerpo ardiente. Cuanto\nmayor sea su peso comparado con el del objetivo, \nm\u00e1s da\u00f1o causar\u00e1.", "language": {"name": "es", "url": "https://pokeapi.co/api/v2/language/7/"}, "version_group": {"name": "omega-ruby-alpha-sapphire", "url": "https://pokeapi.co/api/v2/version-group/16/"}}, {"flavor_text": "Chi la usa carica con il suo corpo rovente. Pi\u00f9 \u00e8\npesante rispetto al bersaglio e pi\u00f9 danni causa.", "language": {"name": "it", "url": "https://pokeapi.co/api/v2/language/8/"}, "version_group": {"name": "omega-ruby-alpha-sapphire", "url": "https://pokeapi.co/api/v2/version-group/16/"}}, {"flavor_text": "The user slams its target with its flame-\ncovered body. The more the user outweighs\nthe target, the greater the move\u2019s power.", "language": {"name": "en", "url": "https://pokeapi.co/api/v2/language/9/"}, "version_group": {"name": "omega-ruby-alpha-sapphire", "url": "https://pokeapi.co/api/v2/version-group/16/"}}, {"flavor_text": "\u71c3\u3048\u308b\u3000\u4f53\u3067\u3000\u76f8\u624b\u306b\u3000\u3076\u3064\u304b\u3063\u3066\n\u653b\u6483\u3059\u308b\u3002\u81ea\u5206\u304c\u3000\u76f8\u624b\u3088\u308a\n\u91cd\u3044\u307b\u3069\u3000\u5a01\u529b\u304c\u3000\u3042\u304c\u308b\u3002", "language": {"name": "ja", "url": "https://pokeapi.co/api/v2/language/11/"}, "version_group": {"name": "omega-ruby-alpha-sapphire", "url": "https://pokeapi.co/api/v2/version-group/16/"}}, {"flavor_text": "\u3082\u3048\u308b\u3000\u304b\u3089\u3060\u3067\u3000\u3042\u3044\u3066\u306b\u3000\u3076\u3064\u304b\u3063\u3066\n\u3053\u3046\u3052\u304d\u3059\u308b\u3002\u3000\u3058\u3076\u3093\u304c\u3000\u3042\u3044\u3066\u3088\u308a\n\u304a\u3082\u3044\u307b\u3069\u3000\u3044\u308a\u3087\u304f\u304c\u3000\u3042\u304c\u308b\u3002", "language": {"name": "ja-Hrkt", "url": "https://pokeapi.co/api/v2/language/1/"}, "version_group": {"name": "sun-moon", "url": "https://pokeapi.co/api/v2/version-group/17/"}}, {"flavor_text": "\ubd88\ud0c0\ub294 \ubab8\uc73c\ub85c \uc0c1\ub300\uc5d0\uac8c \ubd80\ub52a\uccd0\uc11c\n\uacf5\uaca9\ud55c\ub2e4. \uc790\uc2e0\uc774 \uc0c1\ub300\ubcf4\ub2e4\n\ubb34\uac70\uc6b8\uc218\ub85d \uc704\ub825\uc774 \uc62c\ub77c\uac04\ub2e4.", "language": {"name": "ko", "url": "https://pokeapi.co/api/v2/language/3/"}, "version_group": {"name": "sun-moon", "url": "https://pokeapi.co/api/v2/version-group/17/"}}, {"flavor_text": "\u7528\u71c3\u71d2\u7684\u8eab\u9ad4\u91cd\u58d3\u5c0d\u624b\n\u9032\u884c\u653b\u64ca\u3002\u9ad4\u91cd\u6bd4\u5c0d\u624b\n\u91cd\u8d8a\u591a\uff0c\u5a01\u529b\u8d8a\u5927\u3002", "language": {"name": "zh-Hant", "url": "https://pokeapi.co/api/v2/language/4/"}, "version_group": {"name": "sun-moon", "url": "https://pokeapi.co/api/v2/version-group/17/"}}, {"flavor_text": "Le lanceur projette son corps enflamm\u00e9 contre\nl\u2019ennemi. S\u2019il est plus lourd que l\u2019ennemi, l\u2019effet\naugmente en cons\u00e9quence.", "language": {"name": "fr", "url": "https://pokeapi.co/api/v2/language/5/"}, "version_group": {"name": "sun-moon", "url": "https://pokeapi.co/api/v2/version-group/17/"}}, {"flavor_text": "Rempelattacke mit brennendem K\u00f6rper. Je schwerer\nder Anwender im Vergleich zum Ziel ist, desto\nst\u00e4rker die Attacke.", "language": {"name": "de", "url": "https://pokeapi.co/api/v2/language/6/"}, "version_group": {"name": "sun-moon", "url": "https://pokeapi.co/api/v2/version-group/17/"}}, {"flavor_text": "El usuario ataca con su cuerpo ardiente. Cuanto\nmayor sea su peso comparado con el del objetivo, \nm\u00e1s da\u00f1o causar\u00e1.", "language": {"name": "es", "url": "https://pokeapi.co/api/v2/language/7/"}, "version_group": {"name": "sun-moon", "url": "https://pokeapi.co/api/v2/version-group/17/"}}, {"flavor_text": "Chi la usa carica con il suo corpo rovente. Pi\u00f9 \u00e8\npesante rispetto al bersaglio, pi\u00f9 danni causa.", "language": {"name": "it", "url": "https://pokeapi.co/api/v2/language/8/"}, "version_group": {"name": "sun-moon", "url": "https://pokeapi.co/api/v2/version-group/17/"}}, {"flavor_text": "The user slams its target with its flame-covered\nbody. The more the user outweighs the target, the\ngreater the move\u2019s power.", "language": {"name": "en", "url": "https://pokeapi.co/api/v2/language/9/"}, "version_group": {"name": "sun-moon", "url": "https://pokeapi.co/api/v2/version-group/17/"}}, {"flavor_text": "\u71c3\u3048\u308b\u3000\u4f53\u3067\u3000\u76f8\u624b\u306b\u3000\u3076\u3064\u304b\u3063\u3066\n\u653b\u6483\u3059\u308b\u3002\u3000\u81ea\u5206\u304c\u3000\u76f8\u624b\u3088\u308a\n\u91cd\u3044\u307b\u3069\u3000\u5a01\u529b\u304c\u3000\u3042\u304c\u308b\u3002", "language": {"name": "ja", "url": "https://pokeapi.co/api/v2/language/11/"}, "version_group": {"name": "sun-moon", "url": "https://pokeapi.co/api/v2/version-group/17/"}}, {"flavor_text": "\u7528\u71c3\u70e7\u7684\u8eab\u4f53\u649e\u5411\u5bf9\u624b\u8fdb\u884c\u653b\u51fb\u3002\n\u81ea\u5df1\u6bd4\u5bf9\u624b\u8d8a\u91cd\uff0c\u5a01\u529b\u8d8a\u5927\u3002", "language": {"name": "zh-Hans", "url": "https://pokeapi.co/api/v2/language/12/"}, "version_group": {"name": "sun-moon", "url": "https://pokeapi.co/api/v2/version-group/17/"}}, {"flavor_text": "\u3082\u3048\u308b\u3000\u304b\u3089\u3060\u3067\u3000\u3042\u3044\u3066\u306b\u3000\u3076\u3064\u304b\u3063\u3066\n\u3053\u3046\u3052\u304d\u3059\u308b\u3002\u3000\u3058\u3076\u3093\u304c\u3000\u3042\u3044\u3066\u3088\u308a\n\u304a\u3082\u3044\u307b\u3069\u3000\u3044\u308a\u3087\u304f\u304c\u3000\u3042\u304c\u308b\u3002", "language": {"name": "ja-Hrkt", "url": "https://pokeapi.co/api/v2/language/1/"}, "version_group": {"name": "ultra-sun-ultra-moon", "url": "https://pokeapi.co/api/v2/version-group/18/"}}, {"flavor_text": "\ubd88\ud0c0\ub294 \ubab8\uc73c\ub85c \uc0c1\ub300\uc5d0\uac8c \ubd80\ub52a\uccd0\uc11c\n\uacf5\uaca9\ud55c\ub2e4. \uc790\uc2e0\uc774 \uc0c1\ub300\ubcf4\ub2e4\n\ubb34\uac70\uc6b8\uc218\ub85d \uc704\ub825\uc774 \uc62c\ub77c\uac04\ub2e4.", "language": {"name": "ko", "url": "https://pokeapi.co/api/v2/language/3/"}, "version_group": {"name": "ultra-sun-ultra-moon", "url": "https://pokeapi.co/api/v2/version-group/18/"}}, {"flavor_text": "\u7528\u71c3\u71d2\u7684\u8eab\u9ad4\u91cd\u58d3\u5c0d\u624b\n\u9032\u884c\u653b\u64ca\u3002\u9ad4\u91cd\u6bd4\u5c0d\u624b\n\u91cd\u8d8a\u591a\uff0c\u5a01\u529b\u8d8a\u5927\u3002", "language": {"name": "zh-Hant", "url": "https://pokeapi.co/api/v2/language/4/"}, "version_group": {"name": "ultra-sun-ultra-moon", "url": "https://pokeapi.co/api/v2/version-group/18/"}}, {"flavor_text": "Le lanceur projette son corps enflamm\u00e9 contre\nl\u2019ennemi. S\u2019il est plus lourd que l\u2019ennemi, l\u2019effet\naugmente en cons\u00e9quence.", "language": {"name": "fr", "url": "https://pokeapi.co/api/v2/language/5/"}, "version_group": {"name": "ultra-sun-ultra-moon", "url": "https://pokeapi.co/api/v2/version-group/18/"}}, {"flavor_text": "Rempelattacke mit brennendem K\u00f6rper. Je schwerer\nder Anwender im Vergleich zum Ziel ist, desto\nst\u00e4rker die Attacke.", "language": {"name": "de", "url": "https://pokeapi.co/api/v2/language/6/"}, "version_group": {"name": "ultra-sun-ultra-moon", "url": "https://pokeapi.co/api/v2/version-group/18/"}}, {"flavor_text": "El usuario ataca con su cuerpo ardiente. Cuanto\nmayor sea su peso comparado con el del objetivo, \nm\u00e1s da\u00f1o causar\u00e1.", "language": {"name": "es", "url": "https://pokeapi.co/api/v2/language/7/"}, "version_group": {"name": "ultra-sun-ultra-moon", "url": "https://pokeapi.co/api/v2/version-group/18/"}}, {"flavor_text": "Chi la usa carica con il suo corpo rovente. Pi\u00f9 \u00e8\npesante rispetto al bersaglio, pi\u00f9 danni causa.", "language": {"name": "it", "url": "https://pokeapi.co/api/v2/language/8/"}, "version_group": {"name": "ultra-sun-ultra-moon", "url": "https://pokeapi.co/api/v2/version-group/18/"}}, {"flavor_text": "The user slams its target with its flame-covered\nbody. The more the user outweighs the target, the\ngreater the move\u2019s power.", "language": {"name": "en", "url": "https://pokeapi.co/api/v2/language/9/"}, "version_group": {"name": "ultra-sun-ultra-moon", "url": "https://pokeapi.co/api/v2/version-group/18/"}}, {"flavor_text": "\u71c3\u3048\u308b\u3000\u4f53\u3067\u3000\u76f8\u624b\u306b\u3000\u3076\u3064\u304b\u3063\u3066\n\u653b\u6483\u3059\u308b\u3002\u3000\u81ea\u5206\u304c\u3000\u76f8\u624b\u3088\u308a\n\u91cd\u3044\u307b\u3069\u3000\u5a01\u529b\u304c\u3000\u3042\u304c\u308b\u3002", "language": {"name": "ja", "url": "https://pokeapi.co/api/v2/language/11/"}, "version_group": {"name": "ultra-sun-ultra-moon", "url": "https://pokeapi.co/api/v2/version-group/18/"}}, {"flavor_text": "\u7528\u71c3\u70e7\u7684\u8eab\u4f53\u649e\u5411\u5bf9\u624b\u8fdb\u884c\u653b\u51fb\u3002\n\u81ea\u5df1\u6bd4\u5bf9\u624b\u8d8a\u91cd\uff0c\u5a01\u529b\u8d8a\u5927\u3002", "language": {"name": "zh-Hans", "url": "https://pokeapi.co/api/v2/language/12/"}, "version_group": {"name": "ultra-sun-ultra-moon", "url": "https://pokeapi.co/api/v2/version-group/18/"}}, {"flavor_text": "\u3082\u3048\u308b\u3000\u304b\u3089\u3060\u3067\u3000\u3042\u3044\u3066\u306b\u3000\u3076\u3064\u304b\u3063\u3066\n\u3053\u3046\u3052\u304d\u3059\u308b\u3002\u3000\u3058\u3076\u3093\u304c\u3000\u3042\u3044\u3066\u3088\u308a\n\u304a\u3082\u3044\u307b\u3069\u3000\u3044\u308a\u3087\u304f\u304c\u3000\u3042\u304c\u308b\u3002", "language": {"name": "ja-Hrkt", "url": "https://pokeapi.co/api/v2/language/1/"}, "version_group": {"name": "lets-go-pikachu-lets-go-eevee", "url": "https://pokeapi.co/api/v2/version-group/19/"}}, {"flavor_text": "\ubd88\ud0c0\ub294 \ubab8\uc73c\ub85c \uc0c1\ub300\uc5d0\uac8c \ubd80\ub52a\uccd0\uc11c\n\uacf5\uaca9\ud55c\ub2e4. \uc790\uc2e0\uc774 \uc0c1\ub300\ubcf4\ub2e4\n\ubb34\uac70\uc6b8\uc218\ub85d \uc704\ub825\uc774 \uc62c\ub77c\uac04\ub2e4.", "language": {"name": "ko", "url": "https://pokeapi.co/api/v2/language/3/"}, "version_group": {"name": "lets-go-pikachu-lets-go-eevee", "url": "https://pokeapi.co/api/v2/version-group/19/"}}, {"flavor_text": "\u7528\u71c3\u71d2\u7684\u8eab\u9ad4\u91cd\u58d3\u5c0d\u624b\n\u9032\u884c\u653b\u64ca\u3002\u9ad4\u91cd\u6bd4\u5c0d\u624b\n\u91cd\u8d8a\u591a\uff0c\u5a01\u529b\u8d8a\u5927\u3002", "language": {"name": "zh-Hant", "url": "https://pokeapi.co/api/v2/language/4/"}, "version_group": {"name": "lets-go-pikachu-lets-go-eevee", "url": "https://pokeapi.co/api/v2/version-group/19/"}}, {"flavor_text": "Le lanceur projette son corps enflamm\u00e9 contre\nl\u2019ennemi. S\u2019il est plus lourd que l\u2019ennemi, l\u2019effet\naugmente en cons\u00e9quence.", "language": {"name": "fr", "url": "https://pokeapi.co/api/v2/language/5/"}, "version_group": {"name": "lets-go-pikachu-lets-go-eevee", "url": "https://pokeapi.co/api/v2/version-group/19/"}}, {"flavor_text": "Rempelattacke mit brennendem K\u00f6rper. Je schwerer\nder Anwender im Vergleich zum Ziel ist, desto\nst\u00e4rker die Attacke.", "language": {"name": "de", "url": "https://pokeapi.co/api/v2/language/6/"}, "version_group": {"name": "lets-go-pikachu-lets-go-eevee", "url": "https://pokeapi.co/api/v2/version-group/19/"}}, {"flavor_text": "El usuario ataca con su cuerpo ardiente. Cuanto\nmayor sea su peso comparado con el del objetivo, \nm\u00e1s da\u00f1o causar\u00e1.", "language": {"name": "es", "url": "https://pokeapi.co/api/v2/language/7/"}, "version_group": {"name": "lets-go-pikachu-lets-go-eevee", "url": "https://pokeapi.co/api/v2/version-group/19/"}}, {"flavor_text": "Chi la usa carica con il suo corpo rovente. Pi\u00f9 \u00e8\npesante rispetto al bersaglio, pi\u00f9 danni causa.", "language": {"name": "it", "url": "https://pokeapi.co/api/v2/language/8/"}, "version_group": {"name": "lets-go-pikachu-lets-go-eevee", "url": "https://pokeapi.co/api/v2/version-group/19/"}}, {"flavor_text": "The user slams its target with its flame-covered\nbody. The more the user outweighs the target, the\ngreater the move\u2019s power.", "language": {"name": "en", "url": "https://pokeapi.co/api/v2/language/9/"}, "version_group": {"name": "lets-go-pikachu-lets-go-eevee", "url": "https://pokeapi.co/api/v2/version-group/19/"}}, {"flavor_text": "\u71c3\u3048\u308b\u3000\u4f53\u3067\u3000\u76f8\u624b\u306b\u3000\u3076\u3064\u304b\u3063\u3066\n\u653b\u6483\u3059\u308b\u3002\u3000\u81ea\u5206\u304c\u3000\u76f8\u624b\u3088\u308a\n\u91cd\u3044\u307b\u3069\u3000\u5a01\u529b\u304c\u3000\u3042\u304c\u308b\u3002", "language": {"name": "ja", "url": "https://pokeapi.co/api/v2/language/11/"}, "version_group": {"name": "lets-go-pikachu-lets-go-eevee", "url": "https://pokeapi.co/api/v2/version-group/19/"}}, {"flavor_text": "\u7528\u71c3\u70e7\u7684\u8eab\u4f53\u649e\u5411\u5bf9\u624b\u8fdb\u884c\u653b\u51fb\u3002\n\u81ea\u5df1\u6bd4\u5bf9\u624b\u8d8a\u91cd\uff0c\u5a01\u529b\u8d8a\u5927\u3002", "language": {"name": "zh-Hans", "url": "https://pokeapi.co/api/v2/language/12/"}, "version_group": {"name": "lets-go-pikachu-lets-go-eevee", "url": "https://pokeapi.co/api/v2/version-group/19/"}}, {"flavor_text": "\u3082\u3048\u308b\u3000\u304b\u3089\u3060\u3067\u3000\u3042\u3044\u3066\u306b\u3000\u3076\u3064\u304b\u3063\u3066\n\u3053\u3046\u3052\u304d\u3059\u308b\u3002\u3000\u3058\u3076\u3093\u304c\u3000\u3042\u3044\u3066\u3088\u308a\n\u304a\u3082\u3044\u307b\u3069\u3000\u3044\u308a\u3087\u304f\u304c\u3000\u3042\u304c\u308b\u3002", "language": {"name": "ja-Hrkt", "url": "https://pokeapi.co/api/v2/language/1/"}, "version_group": {"name": "sword-shield", "url": "https://pokeapi.co/api/v2/version-group/20/"}}, {"flavor_text": "\ubd88\ud0c0\ub294 \ubab8\uc73c\ub85c \uc0c1\ub300\uc5d0\uac8c \ubd80\ub52a\uccd0\uc11c\n\uacf5\uaca9\ud55c\ub2e4. \uc790\uc2e0\uc774 \uc0c1\ub300\ubcf4\ub2e4\n\ubb34\uac70\uc6b8\uc218\ub85d \uc704\ub825\uc774 \uc62c\ub77c\uac04\ub2e4.", "language": {"name": "ko", "url": "https://pokeapi.co/api/v2/language/3/"}, "version_group": {"name": "sword-shield", "url": "https://pokeapi.co/api/v2/version-group/20/"}}, {"flavor_text": "\u7528\u71c3\u71d2\u7684\u8eab\u9ad4\u91cd\u58d3\u5c0d\u624b\n\u9032\u884c\u653b\u64ca\u3002\u9ad4\u91cd\u6bd4\u5c0d\u624b\n\u91cd\u8d8a\u591a\uff0c\u5a01\u529b\u8d8a\u5927\u3002", "language": {"name": "zh-Hant", "url": "https://pokeapi.co/api/v2/language/4/"}, "version_group": {"name": "sword-shield", "url": "https://pokeapi.co/api/v2/version-group/20/"}}, {"flavor_text": "Le lanceur projette son corps enflamm\u00e9 contre l\u2019ennemi.\nS\u2019il est plus lourd que l\u2019ennemi, l\u2019effet augmente\nen cons\u00e9quence.", "language": {"name": "fr", "url": "https://pokeapi.co/api/v2/language/5/"}, "version_group": {"name": "sword-shield", "url": "https://pokeapi.co/api/v2/version-group/20/"}}, {"flavor_text": "Rempelattacke mit brennendem K\u00f6rper. Je schwerer\nder Anwender im Vergleich zum Ziel ist, desto st\u00e4rker\ndie Attacke.", "language": {"name": "de", "url": "https://pokeapi.co/api/v2/language/6/"}, "version_group": {"name": "sword-shield", "url": "https://pokeapi.co/api/v2/version-group/20/"}}, {"flavor_text": "El usuario ataca con su cuerpo ardiente. Cuanto mayor\nsea su peso comparado con el del objetivo, m\u00e1s da\u00f1o\ncausar\u00e1.", "language": {"name": "es", "url": "https://pokeapi.co/api/v2/language/7/"}, "version_group": {"name": "sword-shield", "url": "https://pokeapi.co/api/v2/version-group/20/"}}, {"flavor_text": "Chi la usa carica con il suo corpo rovente. Pi\u00f9 \u00e8\npesante rispetto al bersaglio, pi\u00f9 danni causa.", "language": {"name": "it", "url": "https://pokeapi.co/api/v2/language/8/"}, "version_group": {"name": "sword-shield", "url": "https://pokeapi.co/api/v2/version-group/20/"}}, {"flavor_text": "The user slams its target with its flame-covered\nbody. The more the user outweighs the target, the\ngreater the move\u2019s power.", "language": {"name": "en", "url": "https://pokeapi.co/api/v2/language/9/"}, "version_group": {"name": "sword-shield", "url": "https://pokeapi.co/api/v2/version-group/20/"}}, {"flavor_text": "\u71c3\u3048\u308b\u3000\u4f53\u3067\u3000\u76f8\u624b\u306b\u3000\u3076\u3064\u304b\u3063\u3066\n\u653b\u6483\u3059\u308b\u3002\u3000\u81ea\u5206\u304c\u3000\u76f8\u624b\u3088\u308a\n\u91cd\u3044\u307b\u3069\u3000\u5a01\u529b\u304c\u3000\u3042\u304c\u308b\u3002", "language": {"name": "ja", "url": "https://pokeapi.co/api/v2/language/11/"}, "version_group": {"name": "sword-shield", "url": "https://pokeapi.co/api/v2/version-group/20/"}}, {"flavor_text": "\u7528\u71c3\u70e7\u7684\u8eab\u4f53\u649e\u5411\u5bf9\u624b\u8fdb\u884c\u653b\u51fb\u3002\n\u81ea\u5df1\u6bd4\u5bf9\u624b\u8d8a\u91cd\uff0c\u5a01\u529b\u8d8a\u5927\u3002", "language": {"name": "zh-Hans", "url": "https://pokeapi.co/api/v2/language/12/"}, "version_group": {"name": "sword-shield", "url": "https://pokeapi.co/api/v2/version-group/20/"}}, {"flavor_text": "The user slams its target with its flame-covered body. The more the user outweighs the target, the greater the move's power.", "language": {"name": "en", "url": "https://pokeapi.co/api/v2/language/9/"}, "version_group": {"name": "legends-arceus", "url": "https://pokeapi.co/api/v2/version-group/24/"}}, {"flavor_text": "The user slams into the target with its flame-covered body. The more the user outweighs the target, the greater the move's power.", "language": {"name": "en", "url": "https://pokeapi.co/api/v2/language/9/"}, "version_group": {"name": "scarlet-violet", "url": "https://pokeapi.co/api/v2/version-group/25/"}}], "generation": {"name": "generation-v", "url": "https://pokeapi.co/api/v2/generation/5/"}, "id": 535, "learned_by_pokemon": [{"name": "charizard", "url": "https://pokeapi.co/api/v2/pokemon/6/"}, {"name": "arcanine", "url": "https://pokeapi.co/api/v2/pokemon/59/"}, {"name": "rhydon", "url": "https://pokeapi.co/api/v2/pokemon/112/"}, {"name": "magmar", "url": "https://pokeapi.co/api/v2/pokemon/126/"}, {"name": "snorlax", "url": "https://pokeapi.co/api/v2/pokemon/143/"}, {"name": "mew", "url": "https://pokeapi.co/api/v2/pokemon/151/"}, {"name": "slugma", "url": "https://pokeapi.co/api/v2/pokemon/218/"}, {"name": "magcargo", "url": "https://pokeapi.co/api/v2/pokemon/219/"}, {"name": "blaziken", "url": "https://pokeapi.co/api/v2/pokemon/257/"}, {"name": "numel", "url": "https://pokeapi.co/api/v2/pokemon/322/"}, {"name": "camerupt", "url": "https://pokeapi.co/api/v2/pokemon/323/"}, {"name": "torkoal", "url": "https://pokeapi.co/api/v2/pokemon/324/"}, {"name": "groudon", "url": "https://pokeapi.co/api/v2/pokemon/383/"}, {"name": "rhyperior", "url": "https://pokeapi.co/api/v2/pokemon/464/"}, {"name": "magmortar", "url": "https://pokeapi.co/api/v2/pokemon/467/"}, {"name": "heatran", "url": "https://pokeapi.co/api/v2/pokemon/485/"}, {"name": "regigigas", "url": "https://pokeapi.co/api/v2/pokemon/486/"}, {"name": "tepig", "url": "https://pokeapi.co/api/v2/pokemon/498/"}, {"name": "pignite", "url": "https://pokeapi.co/api/v2/pokemon/499/"}, {"name": "emboar", "url": "https://pokeapi.co/api/v2/pokemon/500/"}, {"name": "golurk", "url": "https://pokeapi.co/api/v2/pokemon/623/"}, {"name": "reshiram", "url": "https://pokeapi.co/api/v2/pokemon/643/"}, {"name": "volcanion", "url": "https://pokeapi.co/api/v2/pokemon/721/"}, {"name": "incineroar", "url": "https://pokeapi.co/api/v2/pokemon/727/"}, {"name": "turtonator", "url": "https://pokeapi.co/api/v2/pokemon/776/"}, {"name": "solgaleo", "url": "https://pokeapi.co/api/v2/pokemon/791/"}, {"name": "guzzlord", "url": "https://pokeapi.co/api/v2/pokemon/799/"}, {"name": "stakataka", "url": "https://pokeapi.co/api/v2/pokemon/805/"}, {"name": "rolycoly", "url": "https://pokeapi.co/api/v2/pokemon/837/"}, {"name": "carkol", "url": "https://pokeapi.co/api/v2/pokemon/838/"}, {"name": "coalossal", "url": "https://pokeapi.co/api/v2/pokemon/839/"}, {"name": "sizzlipede", "url": "https://pokeapi.co/api/v2/pokemon/850/"}, {"name": "centiskorch", "url": "https://pokeapi.co/api/v2/pokemon/851/"}, {"name": "stonjourner", "url": "https://pokeapi.co/api/v2/pokemon/874/"}, {"name": "copperajah", "url": "https://pokeapi.co/api/v2/pokemon/879/"}, {"name": "skeledirge", "url": "https://pokeapi.co/api/v2/pokemon/911/"}, {"name": "slither-wing", "url": "https://pokeapi.co/api/v2/pokemon/988/"}, {"name": "koraidon", "url": "https://pokeapi.co/api/v2/pokemon/1007/"}, {"name": "gouging-fire", "url": "https://pokeapi.co/api/v2/pokemon/1020/"}, {"name": "terapagos", "url": "https://pokeapi.co/api/v2/pokemon/1024/"}, {"name": "arcanine-hisui", "url": "https://pokeapi.co/api/v2/pokemon/10230/"}, {"name": "koraidon-limited-build", "url": "https://pokeapi.co/api/v2/pokemon/10264/"}, {"name": "koraidon-sprinting-build", "url": "https://pokeapi.co/api/v2/pokemon/10265/"}, {"name": "koraidon-swimming-build", "url": "https://pokeapi.co/api/v2/pokemon/10266/"}, {"name": "koraidon-gliding-build", "url": "https://pokeapi.co/api/v2/pokemon/10267/"}, {"name": "terapagos-terastal", "url": "https://pokeapi.co/api/v2/pokemon/10276/"}, {"name": "terapagos-stellar", "url": "https://pokeapi.co/api/v2/pokemon/10277/"}], "machines": [{"machine": {"url": "https://pokeapi.co/api/v2/machine/1677/"}, "version_group": {"name": "sword-shield", "url": "https://pokeapi.co/api/v2/version-group/20/"}}, {"machine": {"url": "https://pokeapi.co/api/v2/machine/1894/"}, "version_group": {"name": "scarlet-violet", "url": "https://pokeapi.co/api/v2/version-group/25/"}}, {"machine": {"url": "https://pokeapi.co/api/v2/machine/1957/"}, "version_group": {"name": "the-teal-mask", "url": "https://pokeapi.co/api/v2/version-group/26/"}}], "meta": {"ailment": {"name": "none", "url": "https://pokeapi.co/api/v2/move-ailment/0/"}, "ailment_chance": 0, "category": {"name": "damage", "url": "https://pokeapi.co/api/v2/move-category/0/"}, "crit_rate": 0, "drain": 0, "flinch_chance": 0, "healing": 0, "max_hits": null, "max_turns": null, "min_hits": null, "min_turns": null, "stat_chance": 0}, "name": "heat-crash", "names": [{"language": {"name": "ja-Hrkt", "url": "https://pokeapi.co/api/v2/language/1/"}, "name": "\u30d2\u30fc\u30c8\u30b9\u30bf\u30f3\u30d7"}, {"language": {"name": "ko", "url": "https://pokeapi.co/api/v2/language/3/"}, "name": "\ud788\ud2b8\uc2a4\ud0ec\ud504"}, {"language": {"name": "zh-Hant", "url": "https://pokeapi.co/api/v2/language/4/"}, "name": "\u9ad8\u6eab\u91cd\u58d3"}, {"language": {"name": "fr", "url": "https://pokeapi.co/api/v2/language/5/"}, "name": "Tacle Feu"}, {"language": {"name": "de", "url": "https://pokeapi.co/api/v2/language/6/"}, "name": "Brandstempel"}, {"language": {"name": "es", "url": "https://pokeapi.co/api/v2/language/7/"}, "name": "Golpe Calor"}, {"language": {"name": "it", "url": "https://pokeapi.co/api/v2/language/8/"}, "name": "Marchiafuoco"}, {"language": {"name": "en", "url": "https://pokeapi.co/api/v2/language/9/"}, "name": "Heat Crash"}, {"language": {"name": "ja", "url": "https://pokeapi.co/api/v2/language/11/"}, "name": "\u30d2\u30fc\u30c8\u30b9\u30bf\u30f3\u30d7"}, {"language": {"name": "zh-Hans", "url": "https://pokeapi.co/api/v2/language/12/"}, "name": "\u9ad8\u6e29\u91cd\u538b"}], "past_values": [], "power": null, "pp": 10, "priority": 0, "stat_changes": [], "super_contest_effect": null, "target": {"name": "selected-pokemon", "url": "https://pokeapi.co/api/v2/move-target/10/"}, "type": {"name": "fire", "url": "https://pokeapi.co/api/v2/type/10/"}}