{"accuracy": null, "contest_combos": {"normal": {"use_after": [{"name": "curse", "url": "https://pokeapi.co/api/v2/move/174/"}], "use_before": null}, "super": {"use_after": null, "use_before": null}}, "contest_effect": {"url": "https://pokeapi.co/api/v2/contest-effect/26/"}, "contest_type": {"name": "tough", "url": "https://pokeapi.co/api/v2/contest-type/5/"}, "damage_class": {"name": "status", "url": "https://pokeapi.co/api/v2/move-damage-class/1/"}, "effect_chance": null, "effect_changes": [], "effect_entries": [{"effect": "If the user faints before it next acts, the move that fainted it will have its PP dropped to 0.  End-of-turn damage does not trigger this effect.", "language": {"name": "en", "url": "https://pokeapi.co/api/v2/language/9/"}, "short_effect": "If the user faints this turn, the PP of the move that fainted it drops to 0."}], "flavor_text_entries": [{"flavor_text": "If the user faints, deletes\nthe PP of the final move.", "language": {"name": "en", "url": "https://pokeapi.co/api/v2/language/9/"}, "version_group": {"name": "ruby-sapphire", "url": "https://pokeapi.co/api/v2/version-group/5/"}}, {"flavor_text": "If the user faints, deletes\nall PP of foe\u2019s last move.", "language": {"name": "en", "url": "https://pokeapi.co/api/v2/language/9/"}, "version_group": {"name": "emerald", "url": "https://pokeapi.co/api/v2/version-group/6/"}}, {"flavor_text": "If the user faints,\nthis move deletes\nthe PP of the move\nthat finished it.", "language": {"name": "en", "url": "https://pokeapi.co/api/v2/language/9/"}, "version_group": {"name": "firered-leafgreen", "url": "https://pokeapi.co/api/v2/version-group/7/"}}, {"flavor_text": "If the user faints,\nthe user\u2019s grudge\nfully depletes the PP\nof the foe\u2019s move\nthat knocked it out.", "language": {"name": "en", "url": "https://pokeapi.co/api/v2/language/9/"}, "version_group": {"name": "diamond-pearl", "url": "https://pokeapi.co/api/v2/version-group/8/"}}, {"flavor_text": "If the user faints,\nthe user\u2019s grudge\nfully depletes the PP\nof the foe\u2019s move\nthat knocked it out.", "language": {"name": "en", "url": "https://pokeapi.co/api/v2/language/9/"}, "version_group": {"name": "platinum", "url": "https://pokeapi.co/api/v2/version-group/9/"}}, {"flavor_text": "If the user faints,\nthe user\u2019s grudge\nfully depletes the PP\nof the foe\u2019s move\nthat knocked it out.", "language": {"name": "en", "url": "https://pokeapi.co/api/v2/language/9/"}, "version_group": {"name": "heartgold-soulsilver", "url": "https://pokeapi.co/api/v2/version-group/10/"}}, {"flavor_text": "Si le lanceur est mis K.O., sa rancune\n\u00e9puise les PP de la capacit\u00e9 utilis\u00e9e\npour le mettre K.O.", "language": {"name": "fr", "url": "https://pokeapi.co/api/v2/language/5/"}, "version_group": {"name": "black-white", "url": "https://pokeapi.co/api/v2/version-group/11/"}}, {"flavor_text": "If the user faints, the user\u2019s grudge\nfully depletes the PP of the opponent\u2019s\nmove that knocked it out.", "language": {"name": "en", "url": "https://pokeapi.co/api/v2/language/9/"}, "version_group": {"name": "black-white", "url": "https://pokeapi.co/api/v2/version-group/11/"}}, {"flavor_text": "If the user faints, the user\u2019s grudge\nfully depletes the PP of the opponent\u2019s\nmove that knocked it out.", "language": {"name": "en", "url": "https://pokeapi.co/api/v2/language/9/"}, "version_group": {"name": "black-2-white-2", "url": "https://pokeapi.co/api/v2/version-group/14/"}}, {"flavor_text": "\u3042\u3044\u3066\u306e\u3000\u308f\u3056\u3067\u3000\u3072\u3093\u3057\u306b\u3000\u3055\u308c\u305f\u3068\u304d\n\u304a\u3093\u306d\u3093\u3092\u3000\u304b\u3051\u3066\n\u305d\u306e\u308f\u3056\u306e\u3000\uff30\uff30\u3092\u3000\uff10\u306b\u3000\u3059\u308b\u3002", "language": {"name": "ja-Hrkt", "url": "https://pokeapi.co/api/v2/language/1/"}, "version_group": {"name": "x-y", "url": "https://pokeapi.co/api/v2/version-group/15/"}}, {"flavor_text": "\uc0c1\ub300\uc758 \uae30\uc220\ub85c \uae30\uc808\ud558\uba74\n\uc6d0\ub150\uc744 \ub2f4\uc544\n\uadf8 \uae30\uc220\uc758 PP\ub97c 0\uc73c\ub85c \ub9cc\ub4e0\ub2e4.", "language": {"name": "ko", "url": "https://pokeapi.co/api/v2/language/3/"}, "version_group": {"name": "x-y", "url": "https://pokeapi.co/api/v2/version-group/15/"}}, {"flavor_text": "Si le lanceur est mis K.O., sa rancune \u00e9puise les\nPP de la capacit\u00e9 utilis\u00e9e par l\u2019ennemi pour le\nmettre K.O.", "language": {"name": "fr", "url": "https://pokeapi.co/api/v2/language/5/"}, "version_group": {"name": "x-y", "url": "https://pokeapi.co/api/v2/version-group/15/"}}, {"flavor_text": "Bei K.O. des Anwenders werden die AP\nder Attacke, durch die er besiegt wurde,\nauf 0 herabgesetzt.", "language": {"name": "de", "url": "https://pokeapi.co/api/v2/language/6/"}, "version_group": {"name": "x-y", "url": "https://pokeapi.co/api/v2/version-group/15/"}}, {"flavor_text": "Si el usuario se debilita al recibir un ataque, todos\nlos PP de este \u00faltimo ataque ser\u00e1n eliminados.", "language": {"name": "es", "url": "https://pokeapi.co/api/v2/language/7/"}, "version_group": {"name": "x-y", "url": "https://pokeapi.co/api/v2/version-group/15/"}}, {"flavor_text": "Se chi la usa va KO, i PP della mossa nemica\nche lo ha messo fuori gioco si azzerano.", "language": {"name": "it", "url": "https://pokeapi.co/api/v2/language/8/"}, "version_group": {"name": "x-y", "url": "https://pokeapi.co/api/v2/version-group/15/"}}, {"flavor_text": "If the user faints, the user\u2019s grudge\nfully depletes the PP of the opponent\u2019s\nmove that knocked it out.", "language": {"name": "en", "url": "https://pokeapi.co/api/v2/language/9/"}, "version_group": {"name": "x-y", "url": "https://pokeapi.co/api/v2/version-group/15/"}}, {"flavor_text": "\u76f8\u624b\u306e\u3000\u6280\u3067\u3000\u3072\u3093\u3057\u306b\u3000\u3055\u308c\u305f\u3068\u304d\n\u304a\u3093\u306d\u3093\u3092\u3000\u304b\u3051\u3066\n\u305d\u306e\u6280\u306e\u3000\uff30\uff30\u3092\u3000\uff10\u306b\u3000\u3059\u308b\u3002", "language": {"name": "ja", "url": "https://pokeapi.co/api/v2/language/11/"}, "version_group": {"name": "x-y", "url": "https://pokeapi.co/api/v2/version-group/15/"}}, {"flavor_text": "\u3042\u3044\u3066\u306e\u3000\u308f\u3056\u3067\u3000\u3072\u3093\u3057\u306b\u3000\u3055\u308c\u305f\u3068\u304d\n\u304a\u3093\u306d\u3093\u3092\u3000\u304b\u3051\u3066\n\u305d\u306e\u308f\u3056\u306e\u3000\uff30\uff30\u3092\u3000\uff10\u306b\u3000\u3059\u308b\u3002", "language": {"name": "ja-Hrkt", "url": "https://pokeapi.co/api/v2/language/1/"}, "version_group": {"name": "omega-ruby-alpha-sapphire", "url": "https://pokeapi.co/api/v2/version-group/16/"}}, {"flavor_text": "\uc0c1\ub300\uc758 \uae30\uc220\ub85c \uae30\uc808\ud558\uba74\n\uc6d0\ub150\uc744 \ub2f4\uc544\n\uadf8 \uae30\uc220\uc758 PP\ub97c 0\uc73c\ub85c \ub9cc\ub4e0\ub2e4.", "language": {"name": "ko", "url": "https://pokeapi.co/api/v2/language/3/"}, "version_group": {"name": "omega-ruby-alpha-sapphire", "url": "https://pokeapi.co/api/v2/version-group/16/"}}, {"flavor_text": "Si le lanceur est mis K.O., sa rancune \u00e9puise les\nPP de la capacit\u00e9 utilis\u00e9e par l\u2019ennemi pour le\nmettre K.O.", "language": {"name": "fr", "url": "https://pokeapi.co/api/v2/language/5/"}, "version_group": {"name": "omega-ruby-alpha-sapphire", "url": "https://pokeapi.co/api/v2/version-group/16/"}}, {"flavor_text": "Bei K.O. des Anwenders werden die AP\nder Attacke, durch die er besiegt wurde,\nauf 0 herabgesetzt.", "language": {"name": "de", "url": "https://pokeapi.co/api/v2/language/6/"}, "version_group": {"name": "omega-ruby-alpha-sapphire", "url": "https://pokeapi.co/api/v2/version-group/16/"}}, {"flavor_text": "Si el usuario se debilita al recibir un ataque, todos \nlos PP de este \u00faltimo ataque ser\u00e1n eliminados. ", "language": {"name": "es", "url": "https://pokeapi.co/api/v2/language/7/"}, "version_group": {"name": "omega-ruby-alpha-sapphire", "url": "https://pokeapi.co/api/v2/version-group/16/"}}, {"flavor_text": "Se chi la usa va KO, i PP della mossa nemica\nche lo ha messo fuori gioco si azzerano.", "language": {"name": "it", "url": "https://pokeapi.co/api/v2/language/8/"}, "version_group": {"name": "omega-ruby-alpha-sapphire", "url": "https://pokeapi.co/api/v2/version-group/16/"}}, {"flavor_text": "If the user faints, the user\u2019s grudge\nfully depletes the PP of the opponent\u2019s\nmove that knocked it out.", "language": {"name": "en", "url": "https://pokeapi.co/api/v2/language/9/"}, "version_group": {"name": "omega-ruby-alpha-sapphire", "url": "https://pokeapi.co/api/v2/version-group/16/"}}, {"flavor_text": "\u76f8\u624b\u306e\u3000\u6280\u3067\u3000\u3072\u3093\u3057\u306b\u3000\u3055\u308c\u305f\u3068\u304d\n\u304a\u3093\u306d\u3093\u3092\u3000\u304b\u3051\u3066\n\u305d\u306e\u6280\u306e\u3000\uff30\uff30\u3092\u3000\uff10\u306b\u3000\u3059\u308b\u3002", "language": {"name": "ja", "url": "https://pokeapi.co/api/v2/language/11/"}, "version_group": {"name": "omega-ruby-alpha-sapphire", "url": "https://pokeapi.co/api/v2/version-group/16/"}}, {"flavor_text": "\u3042\u3044\u3066\u306e\u3000\u308f\u3056\u3067\u3000\u3072\u3093\u3057\u306b\u3000\u3055\u308c\u305f\u3068\u304d\n\u304a\u3093\u306d\u3093\u3092\u3000\u304b\u3051\u3066\n\u305d\u306e\u308f\u3056\u306e\u3000\uff30\uff30\u3092\u3000\uff10\u306b\u3000\u3059\u308b\u3002", "language": {"name": "ja-Hrkt", "url": "https://pokeapi.co/api/v2/language/1/"}, "version_group": {"name": "sun-moon", "url": "https://pokeapi.co/api/v2/version-group/17/"}}, {"flavor_text": "\uc0c1\ub300\uc758 \uae30\uc220\ub85c \uae30\uc808\ud558\uba74\n\uc6d0\ub150\uc744 \ub2f4\uc544\n\uadf8 \uae30\uc220\uc758 PP\ub97c 0\uc73c\ub85c \ub9cc\ub4e0\ub2e4.", "language": {"name": "ko", "url": "https://pokeapi.co/api/v2/language/3/"}, "version_group": {"name": "sun-moon", "url": "https://pokeapi.co/api/v2/version-group/17/"}}, {"flavor_text": "\u56e0\u70ba\u5c0d\u624b\u7684\u62db\u5f0f\u800c\u9677\u5165\u7015\u6b7b\u6642\uff0c\n\u65bd\u52a0\u6028\u5ff5\uff0c\n\u8b93\u8a72\u62db\u5f0f\u7684\uff30\uff30\u8b8a\u6210\uff10\u3002", "language": {"name": "zh-Hant", "url": "https://pokeapi.co/api/v2/language/4/"}, "version_group": {"name": "sun-moon", "url": "https://pokeapi.co/api/v2/version-group/17/"}}, {"flavor_text": "Si le lanceur est mis K.O., sa rancune \u00e9puise les\nPP de la capacit\u00e9 utilis\u00e9e par l\u2019ennemi pour le\nmettre K.O.", "language": {"name": "fr", "url": "https://pokeapi.co/api/v2/language/5/"}, "version_group": {"name": "sun-moon", "url": "https://pokeapi.co/api/v2/version-group/17/"}}, {"flavor_text": "Bei K.O. des Anwenders werden die AP der Attacke,\ndurch die er besiegt wurde, auf 0 herabgesetzt.", "language": {"name": "de", "url": "https://pokeapi.co/api/v2/language/6/"}, "version_group": {"name": "sun-moon", "url": "https://pokeapi.co/api/v2/version-group/17/"}}, {"flavor_text": "Si el usuario se debilita al recibir un ataque, todos \nlos PP de este \u00faltimo ataque ser\u00e1n eliminados. ", "language": {"name": "es", "url": "https://pokeapi.co/api/v2/language/7/"}, "version_group": {"name": "sun-moon", "url": "https://pokeapi.co/api/v2/version-group/17/"}}, {"flavor_text": "Se chi la usa va KO, i PP della mossa nemica\nche lo ha messo fuori gioco si azzerano.", "language": {"name": "it", "url": "https://pokeapi.co/api/v2/language/8/"}, "version_group": {"name": "sun-moon", "url": "https://pokeapi.co/api/v2/version-group/17/"}}, {"flavor_text": "If the user faints, the user\u2019s grudge fully depletes\nthe PP of the opponent\u2019s move that knocked it out.", "language": {"name": "en", "url": "https://pokeapi.co/api/v2/language/9/"}, "version_group": {"name": "sun-moon", "url": "https://pokeapi.co/api/v2/version-group/17/"}}, {"flavor_text": "\u76f8\u624b\u306e\u3000\u6280\u3067\u3000\u3072\u3093\u3057\u306b\u3000\u3055\u308c\u305f\u3068\u304d\n\u304a\u3093\u306d\u3093\u3092\u3000\u304b\u3051\u3066\n\u305d\u306e\u6280\u306e\u3000\uff30\uff30\u3092\u3000\uff10\u306b\u3000\u3059\u308b\u3002", "language": {"name": "ja", "url": "https://pokeapi.co/api/v2/language/11/"}, "version_group": {"name": "sun-moon", "url": "https://pokeapi.co/api/v2/version-group/17/"}}, {"flavor_text": "\u56e0\u5bf9\u624b\u7684\u62db\u5f0f\u800c\u9677\u5165\u6fd2\u6b7b\u65f6\n\u7ed9\u5bf9\u624b\u65bd\u52a0\u6028\u5ff5\uff0c\n\u8ba9\u8be5\u62db\u5f0f\u7684\uff30\uff30\u53d8\u6210\uff10\u3002", "language": {"name": "zh-Hans", "url": "https://pokeapi.co/api/v2/language/12/"}, "version_group": {"name": "sun-moon", "url": "https://pokeapi.co/api/v2/version-group/17/"}}, {"flavor_text": "\u3042\u3044\u3066\u306e\u3000\u308f\u3056\u3067\u3000\u3072\u3093\u3057\u306b\u3000\u3055\u308c\u305f\u3068\u304d\n\u304a\u3093\u306d\u3093\u3092\u3000\u304b\u3051\u3066\n\u305d\u306e\u308f\u3056\u306e\u3000\uff30\uff30\u3092\u3000\uff10\u306b\u3000\u3059\u308b\u3002", "language": {"name": "ja-Hrkt", "url": "https://pokeapi.co/api/v2/language/1/"}, "version_group": {"name": "ultra-sun-ultra-moon", "url": "https://pokeapi.co/api/v2/version-group/18/"}}, {"flavor_text": "\uc0c1\ub300\uc758 \uae30\uc220\ub85c \uae30\uc808\ud558\uba74\n\uc6d0\ub150\uc744 \ub2f4\uc544\n\uadf8 \uae30\uc220\uc758 PP\ub97c 0\uc73c\ub85c \ub9cc\ub4e0\ub2e4.", "language": {"name": "ko", "url": "https://pokeapi.co/api/v2/language/3/"}, "version_group": {"name": "ultra-sun-ultra-moon", "url": "https://pokeapi.co/api/v2/version-group/18/"}}, {"flavor_text": "\u56e0\u70ba\u5c0d\u624b\u7684\u62db\u5f0f\u800c\u9677\u5165\u7015\u6b7b\u6642\uff0c\n\u65bd\u52a0\u6028\u5ff5\uff0c\n\u8b93\u8a72\u62db\u5f0f\u7684\uff30\uff30\u8b8a\u6210\uff10\u3002", "language": {"name": "zh-Hant", "url": "https://pokeapi.co/api/v2/language/4/"}, "version_group": {"name": "ultra-sun-ultra-moon", "url": "https://pokeapi.co/api/v2/version-group/18/"}}, {"flavor_text": "Si le lanceur est mis K.O., sa rancune \u00e9puise les\nPP de la capacit\u00e9 utilis\u00e9e par l\u2019ennemi pour le\nmettre K.O.", "language": {"name": "fr", "url": "https://pokeapi.co/api/v2/language/5/"}, "version_group": {"name": "ultra-sun-ultra-moon", "url": "https://pokeapi.co/api/v2/version-group/18/"}}, {"flavor_text": "Bei K.O. des Anwenders werden die AP der Attacke,\ndurch die er besiegt wurde, auf 0 herabgesetzt.", "language": {"name": "de", "url": "https://pokeapi.co/api/v2/language/6/"}, "version_group": {"name": "ultra-sun-ultra-moon", "url": "https://pokeapi.co/api/v2/version-group/18/"}}, {"flavor_text": "Si el usuario se debilita al recibir un ataque, todos \nlos PP de este \u00faltimo ataque ser\u00e1n eliminados. ", "language": {"name": "es", "url": "https://pokeapi.co/api/v2/language/7/"}, "version_group": {"name": "ultra-sun-ultra-moon", "url": "https://pokeapi.co/api/v2/version-group/18/"}}, {"flavor_text": "Se chi la usa va KO, i PP della mossa nemica\nche lo ha messo fuori gioco si azzerano.", "language": {"name": "it", "url": "https://pokeapi.co/api/v2/language/8/"}, "version_group": {"name": "ultra-sun-ultra-moon", "url": "https://pokeapi.co/api/v2/version-group/18/"}}, {"flavor_text": "If the user faints, the user\u2019s grudge fully depletes\nthe PP of the opponent\u2019s move that knocked it out.", "language": {"name": "en", "url": "https://pokeapi.co/api/v2/language/9/"}, "version_group": {"name": "ultra-sun-ultra-moon", "url": "https://pokeapi.co/api/v2/version-group/18/"}}, {"flavor_text": "\u76f8\u624b\u306e\u3000\u6280\u3067\u3000\u3072\u3093\u3057\u306b\u3000\u3055\u308c\u305f\u3068\u304d\n\u304a\u3093\u306d\u3093\u3092\u3000\u304b\u3051\u3066\n\u305d\u306e\u6280\u306e\u3000\uff30\uff30\u3092\u3000\uff10\u306b\u3000\u3059\u308b\u3002", "language": {"name": "ja", "url": "https://pokeapi.co/api/v2/language/11/"}, "version_group": {"name": "ultra-sun-ultra-moon", "url": "https://pokeapi.co/api/v2/version-group/18/"}}, {"flavor_text": "\u56e0\u5bf9\u624b\u7684\u62db\u5f0f\u800c\u9677\u5165\u6fd2\u6b7b\u65f6\n\u7ed9\u5bf9\u624b\u65bd\u52a0\u6028\u5ff5\uff0c\n\u8ba9\u8be5\u62db\u5f0f\u7684\uff30\uff30\u53d8\u6210\uff10\u3002", "language": {"name": "zh-Hans", "url": "https://pokeapi.co/api/v2/language/12/"}, "version_group": {"name": "ultra-sun-ultra-moon", "url": "https://pokeapi.co/api/v2/version-group/18/"}}, {"flavor_text": "\u3042\u3044\u3066\u306e\u3000\u308f\u3056\u3067\u3000\u3072\u3093\u3057\u306b\u3000\u3055\u308c\u305f\u3068\u304d\n\u304a\u3093\u306d\u3093\u3092\u3000\u304b\u3051\u3066\n\u305d\u306e\u308f\u3056\u306e\u3000\uff30\uff30\u3092\u3000\uff10\u306b\u3000\u3059\u308b\u3002", "language": {"name": "ja-Hrkt", "url": "https://pokeapi.co/api/v2/language/1/"}, "version_group": {"name": "lets-go-pikachu-lets-go-eevee", "url": "https://pokeapi.co/api/v2/version-group/19/"}}, {"flavor_text": "\uc0c1\ub300\uc758 \uae30\uc220\ub85c \uae30\uc808\ud558\uba74\n\uc6d0\ub150\uc744 \ub2f4\uc544\n\uadf8 \uae30\uc220\uc758 PP\ub97c 0\uc73c\ub85c \ub9cc\ub4e0\ub2e4.", "language": {"name": "ko", "url": "https://pokeapi.co/api/v2/language/3/"}, "version_group": {"name": "lets-go-pikachu-lets-go-eevee", "url": "https://pokeapi.co/api/v2/version-group/19/"}}, {"flavor_text": "\u56e0\u70ba\u5c0d\u624b\u7684\u62db\u5f0f\u800c\u9677\u5165\u7015\u6b7b\u6642\uff0c\n\u65bd\u52a0\u6028\u5ff5\uff0c\n\u8b93\u8a72\u62db\u5f0f\u7684PP\u8b8a\u6210\uff10\u3002", "language": {"name": "zh-Hant", "url": "https://pokeapi.co/api/v2/language/4/"}, "version_group": {"name": "lets-go-pikachu-lets-go-eevee", "url": "https://pokeapi.co/api/v2/version-group/19/"}}, {"flavor_text": "Si le lanceur est mis K.O., sa rancune \u00e9puise les PP\nde la capacit\u00e9 utilis\u00e9e par l\u2019ennemi pour le mettre K.O.", "language": {"name": "fr", "url": "https://pokeapi.co/api/v2/language/5/"}, "version_group": {"name": "lets-go-pikachu-lets-go-eevee", "url": "https://pokeapi.co/api/v2/version-group/19/"}}, {"flavor_text": "Bei K.O. des Anwenders werden die AP der Attacke,\ndurch die er besiegt wurde, auf 0 herabgesetzt.", "language": {"name": "de", "url": "https://pokeapi.co/api/v2/language/6/"}, "version_group": {"name": "lets-go-pikachu-lets-go-eevee", "url": "https://pokeapi.co/api/v2/version-group/19/"}}, {"flavor_text": "Si el usuario se debilita al recibir un ataque, todos \nlos PP de este \u00faltimo ataque ser\u00e1n eliminados. ", "language": {"name": "es", "url": "https://pokeapi.co/api/v2/language/7/"}, "version_group": {"name": "lets-go-pikachu-lets-go-eevee", "url": "https://pokeapi.co/api/v2/version-group/19/"}}, {"flavor_text": "Se chi la usa va KO, i PP della mossa nemica\nche lo ha messo fuori gioco si azzerano.", "language": {"name": "it", "url": "https://pokeapi.co/api/v2/language/8/"}, "version_group": {"name": "lets-go-pikachu-lets-go-eevee", "url": "https://pokeapi.co/api/v2/version-group/19/"}}, {"flavor_text": "If the user faints, the user\u2019s grudge fully depletes\nthe PP of the opponent\u2019s move that knocked it out.", "language": {"name": "en", "url": "https://pokeapi.co/api/v2/language/9/"}, "version_group": {"name": "lets-go-pikachu-lets-go-eevee", "url": "https://pokeapi.co/api/v2/version-group/19/"}}, {"flavor_text": "\u76f8\u624b\u306e\u3000\u6280\u3067\u3000\u3072\u3093\u3057\u306b\u3000\u3055\u308c\u305f\u3068\u304d\n\u304a\u3093\u306d\u3093\u3092\u3000\u304b\u3051\u3066\n\u305d\u306e\u6280\u306e\u3000\uff30\uff30\u3092\u3000\uff10\u306b\u3000\u3059\u308b\u3002", "language": {"name": "ja", "url": "https://pokeapi.co/api/v2/language/11/"}, "version_group": {"name": "lets-go-pikachu-lets-go-eevee", "url": "https://pokeapi.co/api/v2/version-group/19/"}}, {"flavor_text": "\u56e0\u5bf9\u624b\u7684\u62db\u5f0f\u800c\u9677\u5165\u6fd2\u6b7b\u65f6\n\u7ed9\u5bf9\u624b\u65bd\u52a0\u6028\u5ff5\uff0c\n\u8ba9\u8be5\u62db\u5f0f\u7684PP\u53d8\u6210\uff10\u3002", "language": {"name": "zh-Hans", "url": "https://pokeapi.co/api/v2/language/12/"}, "version_group": {"name": "lets-go-pikachu-lets-go-eevee", "url": "https://pokeapi.co/api/v2/version-group/19/"}}, {"flavor_text": "\u3042\u3044\u3066\u306e\u3000\u308f\u3056\u3067\u3000\u3072\u3093\u3057\u306b\u3000\u3055\u308c\u305f\u3068\u304d\n\u304a\u3093\u306d\u3093\u3092\u3000\u304b\u3051\u3066\n\u305d\u306e\u308f\u3056\u306e\u3000\uff30\uff30\u3092\u3000\uff10\u306b\u3000\u3059\u308b\u3002", "language": {"name": "ja-Hrkt", "url": "https://pokeapi.co/api/v2/language/1/"}, "version_group": {"name": "sword-shield", "url": "https://pokeapi.co/api/v2/version-group/20/"}}, {"flavor_text": "\uc0c1\ub300\uc758 \uae30\uc220\ub85c \uae30\uc808\ud558\uba74\n\uc6d0\ub150\uc744 \ub2f4\uc544\n\uadf8 \uae30\uc220\uc758 PP\ub97c 0\uc73c\ub85c \ub9cc\ub4e0\ub2e4.", "language": {"name": "ko", "url": "https://pokeapi.co/api/v2/language/3/"}, "version_group": {"name": "sword-shield", "url": "https://pokeapi.co/api/v2/version-group/20/"}}, {"flavor_text": "\u56e0\u70ba\u5c0d\u624b\u7684\u62db\u5f0f\u800c\u9677\u5165\u7015\u6b7b\u6642\uff0c\n\u65bd\u52a0\u6028\u5ff5\uff0c\n\u8b93\u8a72\u62db\u5f0f\u7684\uff30\uff30\u8b8a\u6210\uff10\u3002", "language": {"name": "zh-Hant", "url": "https://pokeapi.co/api/v2/language/4/"}, "version_group": {"name": "sword-shield", "url": "https://pokeapi.co/api/v2/version-group/20/"}}, {"flavor_text": "Si le lanceur est mis K.O., sa rancune \u00e9puise les PP\nde la capacit\u00e9 utilis\u00e9e par l\u2019ennemi pour le mettre K.O.", "language": {"name": "fr", "url": "https://pokeapi.co/api/v2/language/5/"}, "version_group": {"name": "sword-shield", "url": "https://pokeapi.co/api/v2/version-group/20/"}}, {"flavor_text": "Bei K.O. des Anwenders werden die AP der Attacke,\ndurch die er besiegt wurde, auf 0 herabgesetzt.", "language": {"name": "de", "url": "https://pokeapi.co/api/v2/language/6/"}, "version_group": {"name": "sword-shield", "url": "https://pokeapi.co/api/v2/version-group/20/"}}, {"flavor_text": "Si el usuario se debilita al recibir un ataque, todos los\nPP de este \u00faltimo ataque ser\u00e1n eliminados.", "language": {"name": "es", "url": "https://pokeapi.co/api/v2/language/7/"}, "version_group": {"name": "sword-shield", "url": "https://pokeapi.co/api/v2/version-group/20/"}}, {"flavor_text": "Se chi la usa va KO, i PP della mossa nemica\nche lo ha messo fuori gioco si azzerano.", "language": {"name": "it", "url": "https://pokeapi.co/api/v2/language/8/"}, "version_group": {"name": "sword-shield", "url": "https://pokeapi.co/api/v2/version-group/20/"}}, {"flavor_text": "If the user faints, the user\u2019s grudge fully depletes\nthe PP of the opponent\u2019s move that knocked it out.", "language": {"name": "en", "url": "https://pokeapi.co/api/v2/language/9/"}, "version_group": {"name": "sword-shield", "url": "https://pokeapi.co/api/v2/version-group/20/"}}, {"flavor_text": "\u76f8\u624b\u306e\u3000\u6280\u3067\u3000\u3072\u3093\u3057\u306b\u3000\u3055\u308c\u305f\u3068\u304d\n\u304a\u3093\u306d\u3093\u3092\u3000\u304b\u3051\u3066\n\u305d\u306e\u6280\u306e\u3000\uff30\uff30\u3092\u3000\uff10\u306b\u3000\u3059\u308b\u3002", "language": {"name": "ja", "url": "https://pokeapi.co/api/v2/language/11/"}, "version_group": {"name": "sword-shield", "url": "https://pokeapi.co/api/v2/version-group/20/"}}, {"flavor_text": "\u56e0\u5bf9\u624b\u7684\u62db\u5f0f\u800c\u9677\u5165\u6fd2\u6b7b\u65f6\n\u7ed9\u5bf9\u624b\u65bd\u52a0\u6028\u5ff5\uff0c\n\u8ba9\u8be5\u62db\u5f0f\u7684\uff30\uff30\u53d8\u6210\uff10\u3002", "language": {"name": "zh-Hans", "url": "https://pokeapi.co/api/v2/language/12/"}, "version_group": {"name": "sword-shield", "url": "https://pokeapi.co/api/v2/version-group/20/"}}], "generation": {"name": "generation-iii", "url": "https://pokeapi.co/api/v2/generation/3/"}, "id": 288, "learned_by_pokemon": [{"name": "vulpix", "url": "https://pokeapi.co/api/v2/pokemon/37/"}, {"name": "ninetales", "url": "https://pokeapi.co/api/v2/pokemon/38/"}, {"name": "gastly", "url": "https://pokeapi.co/api/v2/pokemon/92/"}, {"name": "koffing", "url": "https://pokeapi.co/api/v2/pokemon/109/"}, {"name": "misdreavus", "url": "https://pokeapi.co/api/v2/pokemon/200/"}, {"name": "ralts", "url": "https://pokeapi.co/api/v2/pokemon/280/"}, {"name": "shedinja", "url": "https://pokeapi.co/api/v2/pokemon/292/"}, {"name": "shuppet", "url": "https://pokeapi.co/api/v2/pokemon/353/"}, {"name": "banette", "url": "https://pokeapi.co/api/v2/pokemon/354/"}, {"name": "duskull", "url": "https://pokeapi.co/api/v2/pokemon/355/"}, {"name": "mismagius", "url": "https://pokeapi.co/api/v2/pokemon/429/"}, {"name": "spiritomb", "url": "https://pokeapi.co/api/v2/pokemon/442/"}, {"name": "yamask", "url": "https://pokeapi.co/api/v2/pokemon/562/"}, {"name": "cofagrigus", "url": "https://pokeapi.co/api/v2/pokemon/563/"}, {"name": "phantump", "url": "https://pokeapi.co/api/v2/pokemon/708/"}, {"name": "mimikyu-disguised", "url": "https://pokeapi.co/api/v2/pokemon/778/"}, {"name": "cursola", "url": "https://pokeapi.co/api/v2/pokemon/864/"}, {"name": "dreepy", "url": "https://pokeapi.co/api/v2/pokemon/885/"}, {"name": "banette-mega", "url": "https://pokeapi.co/api/v2/pokemon/10056/"}, {"name": "vulpix-alola", "url": "https://pokeapi.co/api/v2/pokemon/10103/"}, {"name": "ninetales-alola", "url": "https://pokeapi.co/api/v2/pokemon/10104/"}, {"name": "mimikyu-busted", "url": "https://pokeapi.co/api/v2/pokemon/10143/"}, {"name": "corsola-galar", "url": "https://pokeapi.co/api/v2/pokemon/10173/"}], "machines": [], "meta": {"ailment": {"name": "none", "url": "https://pokeapi.co/api/v2/move-ailment/0/"}, "ailment_chance": 0, "category": {"name": "unique", "url": "https://pokeapi.co/api/v2/move-category/13/"}, "crit_rate": 0, "drain": 0, "flinch_chance": 0, "healing": 0, "max_hits": null, "max_turns": null, "min_hits": null, "min_turns": null, "stat_chance": 0}, "name": "grudge", "names": [{"language": {"name": "ja-Hrkt", "url": "https://pokeapi.co/api/v2/language/1/"}, "name": "\u304a\u3093\u306d\u3093"}, {"language": {"name": "ko", "url": "https://pokeapi.co/api/v2/language/3/"}, "name": "\uc6d0\ub150"}, {"language": {"name": "zh-Hant", "url": "https://pokeapi.co/api/v2/language/4/"}, "name": "\u6028\u5ff5"}, {"language": {"name": "fr", "url": "https://pokeapi.co/api/v2/language/5/"}, "name": "Rancune"}, {"language": {"name": "de", "url": "https://pokeapi.co/api/v2/language/6/"}, "name": "Nachspiel"}, {"language": {"name": "es", "url": "https://pokeapi.co/api/v2/language/7/"}, "name": "Rabia"}, {"language": {"name": "it", "url": "https://pokeapi.co/api/v2/language/8/"}, "name": "Rancore"}, {"language": {"name": "en", "url": "https://pokeapi.co/api/v2/language/9/"}, "name": "Grudge"}, {"language": {"name": "ja", "url": "https://pokeapi.co/api/v2/language/11/"}, "name": "\u304a\u3093\u306d\u3093"}, {"language": {"name": "zh-Hans", "url": "https://pokeapi.co/api/v2/language/12/"}, "name": "\u6028\u5ff5"}], "past_values": [], "power": null, "pp": 5, "priority": 0, "stat_changes": [], "super_contest_effect": {"url": "https://pokeapi.co/api/v2/super-contest-effect/10/"}, "target": {"name": "user", "url": "https://pokeapi.co/api/v2/move-target/7/"}, "type": {"name": "ghost", "url": "https://pokeapi.co/api/v2/type/8/"}}