{"accuracy": 90, "contest_combos": null, "contest_effect": null, "contest_type": {"name": "smart", "url": "https://pokeapi.co/api/v2/contest-type/4/"}, "damage_class": {"name": "physical", "url": "https://pokeapi.co/api/v2/move-damage-class/2/"}, "effect_chance": null, "effect_changes": [], "effect_entries": [{"effect": "Inflicts regular damage.  Hits twice in one turn.", "language": {"name": "en", "url": "https://pokeapi.co/api/v2/language/9/"}, "short_effect": "Hits twice in one turn."}], "flavor_text_entries": [{"flavor_text": "The user slams the\nfoe with a tail, etc.\nThe target is hit\ntwice in a row.\n", "language": {"name": "en", "url": "https://pokeapi.co/api/v2/language/9/"}, "version_group": {"name": "diamond-pearl", "url": "https://pokeapi.co/api/v2/version-group/8/"}}, {"flavor_text": "The user slams the\nfoe with a tail, etc.\nThe target is hit\ntwice in a row.\n", "language": {"name": "en", "url": "https://pokeapi.co/api/v2/language/9/"}, "version_group": {"name": "platinum", "url": "https://pokeapi.co/api/v2/version-group/9/"}}, {"flavor_text": "The user slams the\nfoe with a long tail,\nvines, etc. The\ntarget is hit\ntwice in a row.", "language": {"name": "en", "url": "https://pokeapi.co/api/v2/language/9/"}, "version_group": {"name": "heartgold-soulsilver", "url": "https://pokeapi.co/api/v2/version-group/10/"}}, {"flavor_text": "Un coup de queue ou de liane qui frappe\nl\u2019ennemi deux fois d\u2019affil\u00e9e.", "language": {"name": "fr", "url": "https://pokeapi.co/api/v2/language/5/"}, "version_group": {"name": "black-white", "url": "https://pokeapi.co/api/v2/version-group/11/"}}, {"flavor_text": "The user slams the target with a long tail,\nvines, or tentacle.\nThe target is hit twice in a row.", "language": {"name": "en", "url": "https://pokeapi.co/api/v2/language/9/"}, "version_group": {"name": "black-white", "url": "https://pokeapi.co/api/v2/version-group/11/"}}, {"flavor_text": "The user slams the target with a long tail,\nvines, or tentacle.\nThe target is hit twice in a row.", "language": {"name": "en", "url": "https://pokeapi.co/api/v2/language/9/"}, "version_group": {"name": "black-2-white-2", "url": "https://pokeapi.co/api/v2/version-group/14/"}}, {"flavor_text": "\u3057\u3063\u307d\u306a\u3069\u3092\u3000\u3064\u304b\u3044\u3000\u3042\u3044\u3066\u3092\u3000\u305f\u305f\u3044\u3066\n\u3053\u3046\u3052\u304d\u3059\u308b\u3002\uff12\u304b\u3044\u3000\u308c\u3093\u305e\u304f\u3067\n\u30c0\u30e1\u30fc\u30b8\u3092\u3000\u3042\u305f\u3048\u308b\u3002", "language": {"name": "ja-Hrkt", "url": "https://pokeapi.co/api/v2/language/1/"}, "version_group": {"name": "x-y", "url": "https://pokeapi.co/api/v2/version-group/15/"}}, {"flavor_text": "\uaf2c\ub9ac \ub4f1\uc744 \uc368\uc11c\n\uc0c1\ub300\ub97c \ub54c\ub824 \uacf5\uaca9\ud55c\ub2e4.\n2\ud68c \uc5f0\uc18d\uc73c\ub85c \ub370\ubbf8\uc9c0\ub97c \uc900\ub2e4.", "language": {"name": "ko", "url": "https://pokeapi.co/api/v2/language/3/"}, "version_group": {"name": "x-y", "url": "https://pokeapi.co/api/v2/version-group/15/"}}, {"flavor_text": "Un coup de queue ou de liane qui frappe l\u2019ennemi\ndeux fois d\u2019affil\u00e9e.", "language": {"name": "fr", "url": "https://pokeapi.co/api/v2/language/5/"}, "version_group": {"name": "x-y", "url": "https://pokeapi.co/api/v2/version-group/15/"}}, {"flavor_text": "Anwender trifft das Ziel mit dem Schweif\noder \u00c4hnlichem. Ziel wird doppelt getroffen.", "language": {"name": "de", "url": "https://pokeapi.co/api/v2/language/6/"}, "version_group": {"name": "x-y", "url": "https://pokeapi.co/api/v2/version-group/15/"}}, {"flavor_text": "Golpea al objetivo dos veces seguidas con la cola\nu otras partes de su cuerpo.", "language": {"name": "es", "url": "https://pokeapi.co/api/v2/language/7/"}, "version_group": {"name": "x-y", "url": "https://pokeapi.co/api/v2/version-group/15/"}}, {"flavor_text": "Chi la usa colpisce il bersaglio due volte di fila\ncon la coda, una liana o simili.", "language": {"name": "it", "url": "https://pokeapi.co/api/v2/language/8/"}, "version_group": {"name": "x-y", "url": "https://pokeapi.co/api/v2/version-group/15/"}}, {"flavor_text": "The user slams the target with a long tail,\nvines, or a tentacle.\nThe target is hit twice in a row.", "language": {"name": "en", "url": "https://pokeapi.co/api/v2/language/9/"}, "version_group": {"name": "x-y", "url": "https://pokeapi.co/api/v2/version-group/15/"}}, {"flavor_text": "\u3057\u3063\u307d\u306a\u3069\u3092\u3000\u4f7f\u3044\n\u76f8\u624b\u3092\u3000\u305f\u305f\u3044\u3066\u3000\u653b\u6483\u3059\u308b\u3002\n\uff12\u56de\u9023\u7d9a\u3067\u3000\u30c0\u30e1\u30fc\u30b8\u3092\u3000\u4e0e\u3048\u308b\u3002", "language": {"name": "ja", "url": "https://pokeapi.co/api/v2/language/11/"}, "version_group": {"name": "x-y", "url": "https://pokeapi.co/api/v2/version-group/15/"}}, {"flavor_text": "\u3057\u3063\u307d\u306a\u3069\u3092\u3000\u3064\u304b\u3044\u3000\u3042\u3044\u3066\u3092\u3000\u305f\u305f\u3044\u3066\n\u3053\u3046\u3052\u304d\u3059\u308b\u3002\uff12\u304b\u3044\u3000\u308c\u3093\u305e\u304f\u3067\n\u30c0\u30e1\u30fc\u30b8\u3092\u3000\u3042\u305f\u3048\u308b\u3002", "language": {"name": "ja-Hrkt", "url": "https://pokeapi.co/api/v2/language/1/"}, "version_group": {"name": "omega-ruby-alpha-sapphire", "url": "https://pokeapi.co/api/v2/version-group/16/"}}, {"flavor_text": "\uaf2c\ub9ac \ub4f1\uc744 \uc368\uc11c\n\uc0c1\ub300\ub97c \ub54c\ub824 \uacf5\uaca9\ud55c\ub2e4.\n2\ud68c \uc5f0\uc18d\uc73c\ub85c \ub370\ubbf8\uc9c0\ub97c \uc900\ub2e4.", "language": {"name": "ko", "url": "https://pokeapi.co/api/v2/language/3/"}, "version_group": {"name": "omega-ruby-alpha-sapphire", "url": "https://pokeapi.co/api/v2/version-group/16/"}}, {"flavor_text": "Un coup de queue ou de liane qui frappe l\u2019ennemi\ndeux fois d\u2019affil\u00e9e.", "language": {"name": "fr", "url": "https://pokeapi.co/api/v2/language/5/"}, "version_group": {"name": "omega-ruby-alpha-sapphire", "url": "https://pokeapi.co/api/v2/version-group/16/"}}, {"flavor_text": "Anwender trifft das Ziel mit dem Schweif\noder \u00c4hnlichem. Ziel wird doppelt getroffen.", "language": {"name": "de", "url": "https://pokeapi.co/api/v2/language/6/"}, "version_group": {"name": "omega-ruby-alpha-sapphire", "url": "https://pokeapi.co/api/v2/version-group/16/"}}, {"flavor_text": "Golpea al objetivo dos veces seguidas con la cola \nu otras partes de su cuerpo.", "language": {"name": "es", "url": "https://pokeapi.co/api/v2/language/7/"}, "version_group": {"name": "omega-ruby-alpha-sapphire", "url": "https://pokeapi.co/api/v2/version-group/16/"}}, {"flavor_text": "Chi la usa colpisce il bersaglio due volte di fila\ncon la coda, una liana o simili.", "language": {"name": "it", "url": "https://pokeapi.co/api/v2/language/8/"}, "version_group": {"name": "omega-ruby-alpha-sapphire", "url": "https://pokeapi.co/api/v2/version-group/16/"}}, {"flavor_text": "The user slams the target with a long tail,\nvines, or a tentacle.\nThe target is hit twice in a row.", "language": {"name": "en", "url": "https://pokeapi.co/api/v2/language/9/"}, "version_group": {"name": "omega-ruby-alpha-sapphire", "url": "https://pokeapi.co/api/v2/version-group/16/"}}, {"flavor_text": "\u3057\u3063\u307d\u306a\u3069\u3092\u3000\u4f7f\u3044\n\u76f8\u624b\u3092\u3000\u305f\u305f\u3044\u3066\u3000\u653b\u6483\u3059\u308b\u3002\n\uff12\u56de\u9023\u7d9a\u3067\u3000\u30c0\u30e1\u30fc\u30b8\u3092\u3000\u4e0e\u3048\u308b\u3002", "language": {"name": "ja", "url": "https://pokeapi.co/api/v2/language/11/"}, "version_group": {"name": "omega-ruby-alpha-sapphire", "url": "https://pokeapi.co/api/v2/version-group/16/"}}, {"flavor_text": "\u3057\u3063\u307d\u306a\u3069\u3092\u3000\u3064\u304b\u3044\u3000\u3042\u3044\u3066\u3092\u3000\u305f\u305f\u3044\u3066\n\u3053\u3046\u3052\u304d\u3059\u308b\u3002\u3000\uff12\u304b\u3044\u3000\u308c\u3093\u305e\u304f\u3067\n\u30c0\u30e1\u30fc\u30b8\u3092\u3000\u3042\u305f\u3048\u308b\u3002", "language": {"name": "ja-Hrkt", "url": "https://pokeapi.co/api/v2/language/1/"}, "version_group": {"name": "sun-moon", "url": "https://pokeapi.co/api/v2/version-group/17/"}}, {"flavor_text": "\uaf2c\ub9ac \ub4f1\uc744 \uc368\uc11c\n\uc0c1\ub300\ub97c \ub54c\ub824 \uacf5\uaca9\ud55c\ub2e4.\n2\ud68c \uc5f0\uc18d\uc73c\ub85c \ub370\ubbf8\uc9c0\ub97c \uc900\ub2e4.", "language": {"name": "ko", "url": "https://pokeapi.co/api/v2/language/3/"}, "version_group": {"name": "sun-moon", "url": "https://pokeapi.co/api/v2/version-group/17/"}}, {"flavor_text": "\u7528\u5c3e\u5df4\u7b49\n\u5411\u5c0d\u624b\u9032\u884c\u653b\u64ca\u3002\n\u9023\u7e8c\uff12\u6b21\u7d66\u4e88\u50b7\u5bb3\u3002", "language": {"name": "zh-Hant", "url": "https://pokeapi.co/api/v2/language/4/"}, "version_group": {"name": "sun-moon", "url": "https://pokeapi.co/api/v2/version-group/17/"}}, {"flavor_text": "Le lanceur frappe l\u2019ennemi deux fois d\u2019affil\u00e9e \u00e0 l\u2019aide\nde sa queue, de lianes ou d\u2019un autre membre.", "language": {"name": "fr", "url": "https://pokeapi.co/api/v2/language/5/"}, "version_group": {"name": "sun-moon", "url": "https://pokeapi.co/api/v2/version-group/17/"}}, {"flavor_text": "Anwender trifft das Ziel mit dem Schweif oder\n\u00c4hnlichem. Ziel wird doppelt getroffen.", "language": {"name": "de", "url": "https://pokeapi.co/api/v2/language/6/"}, "version_group": {"name": "sun-moon", "url": "https://pokeapi.co/api/v2/version-group/17/"}}, {"flavor_text": "Golpea al objetivo dos veces seguidas con la cola \nu otras partes de su cuerpo.", "language": {"name": "es", "url": "https://pokeapi.co/api/v2/language/7/"}, "version_group": {"name": "sun-moon", "url": "https://pokeapi.co/api/v2/version-group/17/"}}, {"flavor_text": "Chi la usa colpisce il bersaglio due volte di fila\ncon la coda, una liana o simili.", "language": {"name": "it", "url": "https://pokeapi.co/api/v2/language/8/"}, "version_group": {"name": "sun-moon", "url": "https://pokeapi.co/api/v2/version-group/17/"}}, {"flavor_text": "The user slams the target with a long tail, vines, or a\ntentacle. The target is hit twice in a row.", "language": {"name": "en", "url": "https://pokeapi.co/api/v2/language/9/"}, "version_group": {"name": "sun-moon", "url": "https://pokeapi.co/api/v2/version-group/17/"}}, {"flavor_text": "\u3057\u3063\u307d\u306a\u3069\u3092\u3000\u4f7f\u3044\n\u76f8\u624b\u3092\u3000\u305f\u305f\u3044\u3066\u3000\u653b\u6483\u3059\u308b\u3002\n\uff12\u56de\u9023\u7d9a\u3067\u3000\u30c0\u30e1\u30fc\u30b8\u3092\u3000\u4e0e\u3048\u308b\u3002", "language": {"name": "ja", "url": "https://pokeapi.co/api/v2/language/11/"}, "version_group": {"name": "sun-moon", "url": "https://pokeapi.co/api/v2/version-group/17/"}}, {"flavor_text": "\u4f7f\u7528\u5c3e\u5df4\u7b49\n\u62cd\u6253\u5bf9\u624b\u8fdb\u884c\u653b\u51fb\u3002\n\u8fde\u7eed\uff12\u6b21\u7ed9\u4e88\u4f24\u5bb3\u3002", "language": {"name": "zh-Hans", "url": "https://pokeapi.co/api/v2/language/12/"}, "version_group": {"name": "sun-moon", "url": "https://pokeapi.co/api/v2/version-group/17/"}}, {"flavor_text": "\u3057\u3063\u307d\u306a\u3069\u3092\u3000\u3064\u304b\u3044\u3000\u3042\u3044\u3066\u3092\u3000\u305f\u305f\u3044\u3066\n\u3053\u3046\u3052\u304d\u3059\u308b\u3002\u3000\uff12\u304b\u3044\u3000\u308c\u3093\u305e\u304f\u3067\n\u30c0\u30e1\u30fc\u30b8\u3092\u3000\u3042\u305f\u3048\u308b\u3002", "language": {"name": "ja-Hrkt", "url": "https://pokeapi.co/api/v2/language/1/"}, "version_group": {"name": "ultra-sun-ultra-moon", "url": "https://pokeapi.co/api/v2/version-group/18/"}}, {"flavor_text": "\uaf2c\ub9ac \ub4f1\uc744 \uc368\uc11c\n\uc0c1\ub300\ub97c \ub54c\ub824 \uacf5\uaca9\ud55c\ub2e4.\n2\ud68c \uc5f0\uc18d\uc73c\ub85c \ub370\ubbf8\uc9c0\ub97c \uc900\ub2e4.", "language": {"name": "ko", "url": "https://pokeapi.co/api/v2/language/3/"}, "version_group": {"name": "ultra-sun-ultra-moon", "url": "https://pokeapi.co/api/v2/version-group/18/"}}, {"flavor_text": "\u7528\u5c3e\u5df4\u7b49\n\u5411\u5c0d\u624b\u9032\u884c\u653b\u64ca\u3002\n\u9023\u7e8c\uff12\u6b21\u7d66\u4e88\u50b7\u5bb3\u3002", "language": {"name": "zh-Hant", "url": "https://pokeapi.co/api/v2/language/4/"}, "version_group": {"name": "ultra-sun-ultra-moon", "url": "https://pokeapi.co/api/v2/version-group/18/"}}, {"flavor_text": "Le lanceur frappe l\u2019ennemi deux fois d\u2019affil\u00e9e \u00e0 l\u2019aide\nde sa queue, de lianes ou d\u2019un autre membre.", "language": {"name": "fr", "url": "https://pokeapi.co/api/v2/language/5/"}, "version_group": {"name": "ultra-sun-ultra-moon", "url": "https://pokeapi.co/api/v2/version-group/18/"}}, {"flavor_text": "Anwender trifft das Ziel mit dem Schweif oder\n\u00c4hnlichem. Ziel wird doppelt getroffen.", "language": {"name": "de", "url": "https://pokeapi.co/api/v2/language/6/"}, "version_group": {"name": "ultra-sun-ultra-moon", "url": "https://pokeapi.co/api/v2/version-group/18/"}}, {"flavor_text": "Golpea al objetivo dos veces seguidas con la cola \nu otras partes de su cuerpo.", "language": {"name": "es", "url": "https://pokeapi.co/api/v2/language/7/"}, "version_group": {"name": "ultra-sun-ultra-moon", "url": "https://pokeapi.co/api/v2/version-group/18/"}}, {"flavor_text": "Chi la usa colpisce il bersaglio due volte di fila\ncon la coda, una liana o simili.", "language": {"name": "it", "url": "https://pokeapi.co/api/v2/language/8/"}, "version_group": {"name": "ultra-sun-ultra-moon", "url": "https://pokeapi.co/api/v2/version-group/18/"}}, {"flavor_text": "The user slams the target with a long tail, vines, or a\ntentacle. The target is hit twice in a row.", "language": {"name": "en", "url": "https://pokeapi.co/api/v2/language/9/"}, "version_group": {"name": "ultra-sun-ultra-moon", "url": "https://pokeapi.co/api/v2/version-group/18/"}}, {"flavor_text": "\u3057\u3063\u307d\u306a\u3069\u3092\u3000\u4f7f\u3044\n\u76f8\u624b\u3092\u3000\u305f\u305f\u3044\u3066\u3000\u653b\u6483\u3059\u308b\u3002\n\uff12\u56de\u9023\u7d9a\u3067\u3000\u30c0\u30e1\u30fc\u30b8\u3092\u3000\u4e0e\u3048\u308b\u3002", "language": {"name": "ja", "url": "https://pokeapi.co/api/v2/language/11/"}, "version_group": {"name": "ultra-sun-ultra-moon", "url": "https://pokeapi.co/api/v2/version-group/18/"}}, {"flavor_text": "\u4f7f\u7528\u5c3e\u5df4\u7b49\n\u62cd\u6253\u5bf9\u624b\u8fdb\u884c\u653b\u51fb\u3002\n\u8fde\u7eed\uff12\u6b21\u7ed9\u4e88\u4f24\u5bb3\u3002", "language": {"name": "zh-Hans", "url": "https://pokeapi.co/api/v2/language/12/"}, "version_group": {"name": "ultra-sun-ultra-moon", "url": "https://pokeapi.co/api/v2/version-group/18/"}}, {"flavor_text": "\u3057\u3063\u307d\u306a\u3069\u3092\u3000\u3064\u304b\u3044\u3000\u3042\u3044\u3066\u3092\u3000\u305f\u305f\u3044\u3066\n\u3053\u3046\u3052\u304d\u3059\u308b\u3002\u3000\uff12\u304b\u3044\u3000\u308c\u3093\u305e\u304f\u3067\n\u30c0\u30e1\u30fc\u30b8\u3092\u3000\u3042\u305f\u3048\u308b\u3002", "language": {"name": "ja-Hrkt", "url": "https://pokeapi.co/api/v2/language/1/"}, "version_group": {"name": "lets-go-pikachu-lets-go-eevee", "url": "https://pokeapi.co/api/v2/version-group/19/"}}, {"flavor_text": "\uaf2c\ub9ac \ub4f1\uc744 \uc368\uc11c\n\uc0c1\ub300\ub97c \ub54c\ub824 \uacf5\uaca9\ud55c\ub2e4.\n2\ud68c \uc5f0\uc18d\uc73c\ub85c \ub370\ubbf8\uc9c0\ub97c \uc900\ub2e4.", "language": {"name": "ko", "url": "https://pokeapi.co/api/v2/language/3/"}, "version_group": {"name": "lets-go-pikachu-lets-go-eevee", "url": "https://pokeapi.co/api/v2/version-group/19/"}}, {"flavor_text": "\u7528\u5c3e\u5df4\u7b49\n\u5411\u5c0d\u624b\u9032\u884c\u653b\u64ca\u3002\n\u9023\u7e8c\uff12\u6b21\u7d66\u4e88\u50b7\u5bb3\u3002", "language": {"name": "zh-Hant", "url": "https://pokeapi.co/api/v2/language/4/"}, "version_group": {"name": "lets-go-pikachu-lets-go-eevee", "url": "https://pokeapi.co/api/v2/version-group/19/"}}, {"flavor_text": "Le lanceur frappe l\u2019ennemi deux fois d\u2019affil\u00e9e \u00e0 l\u2019aide\nde sa queue, de lianes ou d\u2019un autre membre.", "language": {"name": "fr", "url": "https://pokeapi.co/api/v2/language/5/"}, "version_group": {"name": "lets-go-pikachu-lets-go-eevee", "url": "https://pokeapi.co/api/v2/version-group/19/"}}, {"flavor_text": "Anwender trifft das Ziel mit dem Schweif oder\n\u00c4hnlichem. Ziel wird doppelt getroffen.", "language": {"name": "de", "url": "https://pokeapi.co/api/v2/language/6/"}, "version_group": {"name": "lets-go-pikachu-lets-go-eevee", "url": "https://pokeapi.co/api/v2/version-group/19/"}}, {"flavor_text": "Golpea al objetivo dos veces seguidas con la cola \nu otras partes de su cuerpo.", "language": {"name": "es", "url": "https://pokeapi.co/api/v2/language/7/"}, "version_group": {"name": "lets-go-pikachu-lets-go-eevee", "url": "https://pokeapi.co/api/v2/version-group/19/"}}, {"flavor_text": "Chi la usa colpisce il bersaglio due volte di fila\ncon la coda, una liana o simili.", "language": {"name": "it", "url": "https://pokeapi.co/api/v2/language/8/"}, "version_group": {"name": "lets-go-pikachu-lets-go-eevee", "url": "https://pokeapi.co/api/v2/version-group/19/"}}, {"flavor_text": "The user slams the target with a long tail, vines, or a\ntentacle. The target is hit twice in a row.", "language": {"name": "en", "url": "https://pokeapi.co/api/v2/language/9/"}, "version_group": {"name": "lets-go-pikachu-lets-go-eevee", "url": "https://pokeapi.co/api/v2/version-group/19/"}}, {"flavor_text": "\u3057\u3063\u307d\u306a\u3069\u3092\u3000\u4f7f\u3044\n\u76f8\u624b\u3092\u3000\u305f\u305f\u3044\u3066\u3000\u653b\u6483\u3059\u308b\u3002\n\uff12\u56de\u9023\u7d9a\u3067\u3000\u30c0\u30e1\u30fc\u30b8\u3092\u3000\u4e0e\u3048\u308b\u3002", "language": {"name": "ja", "url": "https://pokeapi.co/api/v2/language/11/"}, "version_group": {"name": "lets-go-pikachu-lets-go-eevee", "url": "https://pokeapi.co/api/v2/version-group/19/"}}, {"flavor_text": "\u4f7f\u7528\u5c3e\u5df4\u7b49\n\u62cd\u6253\u5bf9\u624b\u8fdb\u884c\u653b\u51fb\u3002\n\u8fde\u7eed\uff12\u6b21\u7ed9\u4e88\u4f24\u5bb3\u3002", "language": {"name": "zh-Hans", "url": "https://pokeapi.co/api/v2/language/12/"}, "version_group": {"name": "lets-go-pikachu-lets-go-eevee", "url": "https://pokeapi.co/api/v2/version-group/19/"}}, {"flavor_text": "\u3057\u3063\u307d\u306a\u3069\u3092\u3000\u3064\u304b\u3044\u3000\u3042\u3044\u3066\u3092\u3000\u305f\u305f\u3044\u3066\n\u3053\u3046\u3052\u304d\u3059\u308b\u3002\u3000\uff12\u304b\u3044\u3000\u308c\u3093\u305e\u304f\u3067\n\u30c0\u30e1\u30fc\u30b8\u3092\u3000\u3042\u305f\u3048\u308b\u3002", "language": {"name": "ja-Hrkt", "url": "https://pokeapi.co/api/v2/language/1/"}, "version_group": {"name": "sword-shield", "url": "https://pokeapi.co/api/v2/version-group/20/"}}, {"flavor_text": "\uaf2c\ub9ac \ub4f1\uc744 \uc368\uc11c\n\uc0c1\ub300\ub97c \ub54c\ub824 \uacf5\uaca9\ud55c\ub2e4.\n2\ud68c \uc5f0\uc18d\uc73c\ub85c \ub370\ubbf8\uc9c0\ub97c \uc900\ub2e4.", "language": {"name": "ko", "url": "https://pokeapi.co/api/v2/language/3/"}, "version_group": {"name": "sword-shield", "url": "https://pokeapi.co/api/v2/version-group/20/"}}, {"flavor_text": "\u7528\u5c3e\u5df4\u7b49\n\u5411\u5c0d\u624b\u9032\u884c\u653b\u64ca\u3002\n\u9023\u7e8c\uff12\u6b21\u7d66\u4e88\u50b7\u5bb3\u3002", "language": {"name": "zh-Hant", "url": "https://pokeapi.co/api/v2/language/4/"}, "version_group": {"name": "sword-shield", "url": "https://pokeapi.co/api/v2/version-group/20/"}}, {"flavor_text": "Le lanceur frappe l\u2019ennemi deux fois d\u2019affil\u00e9e \u00e0 l\u2019aide\nde sa queue, de lianes ou d\u2019un autre membre.", "language": {"name": "fr", "url": "https://pokeapi.co/api/v2/language/5/"}, "version_group": {"name": "sword-shield", "url": "https://pokeapi.co/api/v2/version-group/20/"}}, {"flavor_text": "Anwender trifft das Ziel mit dem Schweif oder\n\u00c4hnlichem. Ziel wird doppelt getroffen.", "language": {"name": "de", "url": "https://pokeapi.co/api/v2/language/6/"}, "version_group": {"name": "sword-shield", "url": "https://pokeapi.co/api/v2/version-group/20/"}}, {"flavor_text": "Golpea al objetivo dos veces seguidas con la cola u\notras partes de su cuerpo.", "language": {"name": "es", "url": "https://pokeapi.co/api/v2/language/7/"}, "version_group": {"name": "sword-shield", "url": "https://pokeapi.co/api/v2/version-group/20/"}}, {"flavor_text": "Chi la usa colpisce il bersaglio due volte di fila\ncon la coda, una liana o simili.", "language": {"name": "it", "url": "https://pokeapi.co/api/v2/language/8/"}, "version_group": {"name": "sword-shield", "url": "https://pokeapi.co/api/v2/version-group/20/"}}, {"flavor_text": "The user slams the target with a long tail, vines, or a\ntentacle. The target is hit twice in a row.", "language": {"name": "en", "url": "https://pokeapi.co/api/v2/language/9/"}, "version_group": {"name": "sword-shield", "url": "https://pokeapi.co/api/v2/version-group/20/"}}, {"flavor_text": "\u3057\u3063\u307d\u306a\u3069\u3092\u3000\u4f7f\u3044\n\u76f8\u624b\u3092\u3000\u305f\u305f\u3044\u3066\u3000\u653b\u6483\u3059\u308b\u3002\n\uff12\u56de\u9023\u7d9a\u3067\u3000\u30c0\u30e1\u30fc\u30b8\u3092\u3000\u4e0e\u3048\u308b\u3002", "language": {"name": "ja", "url": "https://pokeapi.co/api/v2/language/11/"}, "version_group": {"name": "sword-shield", "url": "https://pokeapi.co/api/v2/version-group/20/"}}, {"flavor_text": "\u4f7f\u7528\u5c3e\u5df4\u7b49\n\u62cd\u6253\u5bf9\u624b\u8fdb\u884c\u653b\u51fb\u3002\n\u8fde\u7eed\uff12\u6b21\u7ed9\u4e88\u4f24\u5bb3\u3002", "language": {"name": "zh-Hans", "url": "https://pokeapi.co/api/v2/language/12/"}, "version_group": {"name": "sword-shield", "url": "https://pokeapi.co/api/v2/version-group/20/"}}, {"flavor_text": "The user adapts a hard-hitting stance to increase the damage dealt by its moves by 50 percent.", "language": {"name": "en", "url": "https://pokeapi.co/api/v2/language/9/"}, "version_group": {"name": "legends-arceus", "url": "https://pokeapi.co/api/v2/version-group/24/"}}, {"flavor_text": "The user slams the target with a tail or the like. The target is hit twice in a row.", "language": {"name": "en", "url": "https://pokeapi.co/api/v2/language/9/"}, "version_group": {"name": "scarlet-violet", "url": "https://pokeapi.co/api/v2/version-group/25/"}}], "generation": {"name": "generation-iv", "url": "https://pokeapi.co/api/v2/generation/4/"}, "id": 458, "learned_by_pokemon": [{"name": "machop", "url": "https://pokeapi.co/api/v2/pokemon/66/"}, {"name": "machoke", "url": "https://pokeapi.co/api/v2/pokemon/67/"}, {"name": "machamp", "url": "https://pokeapi.co/api/v2/pokemon/68/"}, {"name": "ponyta", "url": "https://pokeapi.co/api/v2/pokemon/77/"}, {"name": "rapidash", "url": "https://pokeapi.co/api/v2/pokemon/78/"}, {"name": "doduo", "url": "https://pokeapi.co/api/v2/pokemon/84/"}, {"name": "dodrio", "url": "https://pokeapi.co/api/v2/pokemon/85/"}, {"name": "weezing", "url": "https://pokeapi.co/api/v2/pokemon/110/"}, {"name": "tangela", "url": "https://pokeapi.co/api/v2/pokemon/114/"}, {"name": "kangaskhan", "url": "https://pokeapi.co/api/v2/pokemon/115/"}, {"name": "scyther", "url": "https://pokeapi.co/api/v2/pokemon/123/"}, {"name": "pinsir", "url": "https://pokeapi.co/api/v2/pokemon/127/"}, {"name": "aipom", "url": "https://pokeapi.co/api/v2/pokemon/190/"}, {"name": "girafarig", "url": "https://pokeapi.co/api/v2/pokemon/203/"}, {"name": "scizor", "url": "https://pokeapi.co/api/v2/pokemon/212/"}, {"name": "sneasel", "url": "https://pokeapi.co/api/v2/pokemon/215/"}, {"name": "zangoose", "url": "https://pokeapi.co/api/v2/pokemon/335/"}, {"name": "corphish", "url": "https://pokeapi.co/api/v2/pokemon/341/"}, {"name": "crawdaunt", "url": "https://pokeapi.co/api/v2/pokemon/342/"}, {"name": "piplup", "url": "https://pokeapi.co/api/v2/pokemon/393/"}, {"name": "buizel", "url": "https://pokeapi.co/api/v2/pokemon/418/"}, {"name": "floatzel", "url": "https://pokeapi.co/api/v2/pokemon/419/"}, {"name": "ambipom", "url": "https://pokeapi.co/api/v2/pokemon/424/"}, {"name": "buneary", "url": "https://pokeapi.co/api/v2/pokemon/427/"}, {"name": "lopunny", "url": "https://pokeapi.co/api/v2/pokemon/428/"}, {"name": "tangrowth", "url": "https://pokeapi.co/api/v2/pokemon/465/"}, {"name": "mamoswine", "url": "https://pokeapi.co/api/v2/pokemon/473/"}, {"name": "uxie", "url": "https://pokeapi.co/api/v2/pokemon/480/"}, {"name": "mesprit", "url": "https://pokeapi.co/api/v2/pokemon/481/"}, {"name": "azelf", "url": "https://pokeapi.co/api/v2/pokemon/482/"}, {"name": "deino", "url": "https://pokeapi.co/api/v2/pokemon/633/"}, {"name": "zweilous", "url": "https://pokeapi.co/api/v2/pokemon/634/"}, {"name": "hydreigon", "url": "https://pokeapi.co/api/v2/pokemon/635/"}, {"name": "type-null", "url": "https://pokeapi.co/api/v2/pokemon/772/"}, {"name": "silvally", "url": "https://pokeapi.co/api/v2/pokemon/773/"}, {"name": "thwackey", "url": "https://pokeapi.co/api/v2/pokemon/811/"}, {"name": "rillaboom", "url": "https://pokeapi.co/api/v2/pokemon/812/"}, {"name": "drakloak", "url": "https://pokeapi.co/api/v2/pokemon/886/"}, {"name": "dragapult", "url": "https://pokeapi.co/api/v2/pokemon/887/"}, {"name": "kleavor", "url": "https://pokeapi.co/api/v2/pokemon/900/"}, {"name": "quaxly", "url": "https://pokeapi.co/api/v2/pokemon/912/"}, {"name": "quaxwell", "url": "https://pokeapi.co/api/v2/pokemon/913/"}, {"name": "quaquaval", "url": "https://pokeapi.co/api/v2/pokemon/914/"}, {"name": "tandemaus", "url": "https://pokeapi.co/api/v2/pokemon/924/"}, {"name": "maushold-family-of-four", "url": "https://pokeapi.co/api/v2/pokemon/925/"}, {"name": "finizen", "url": "https://pokeapi.co/api/v2/pokemon/963/"}, {"name": "palafin-zero", "url": "https://pokeapi.co/api/v2/pokemon/964/"}, {"name": "farigiraf", "url": "https://pokeapi.co/api/v2/pokemon/981/"}, {"name": "dipplin", "url": "https://pokeapi.co/api/v2/pokemon/1011/"}, {"name": "hydrapple", "url": "https://pokeapi.co/api/v2/pokemon/1019/"}, {"name": "kangaskhan-mega", "url": "https://pokeapi.co/api/v2/pokemon/10039/"}, {"name": "pinsir-mega", "url": "https://pokeapi.co/api/v2/pokemon/10040/"}, {"name": "scizor-mega", "url": "https://pokeapi.co/api/v2/pokemon/10046/"}, {"name": "weezing-galar", "url": "https://pokeapi.co/api/v2/pokemon/10167/"}, {"name": "sneasel-hisui", "url": "https://pokeapi.co/api/v2/pokemon/10235/"}, {"name": "palafin-hero", "url": "https://pokeapi.co/api/v2/pokemon/10256/"}, {"name": "maushold-family-of-three", "url": "https://pokeapi.co/api/v2/pokemon/10257/"}], "machines": [], "meta": {"ailment": {"name": "none", "url": "https://pokeapi.co/api/v2/move-ailment/0/"}, "ailment_chance": 0, "category": {"name": "damage", "url": "https://pokeapi.co/api/v2/move-category/0/"}, "crit_rate": 0, "drain": 0, "flinch_chance": 0, "healing": 0, "max_hits": 2, "max_turns": null, "min_hits": 2, "min_turns": null, "stat_chance": 0}, "name": "double-hit", "names": [{"language": {"name": "ja-Hrkt", "url": "https://pokeapi.co/api/v2/language/1/"}, "name": "\u30c0\u30d6\u30eb\u30a2\u30bf\u30c3\u30af"}, {"language": {"name": "ko", "url": "https://pokeapi.co/api/v2/language/3/"}, "name": "\ub354\ube14\uc5b4\ud0dd"}, {"language": {"name": "zh-Hant", "url": "https://pokeapi.co/api/v2/language/4/"}, "name": "\u4e8c\u9023\u64ca"}, {"language": {"name": "fr", "url": "https://pokeapi.co/api/v2/language/5/"}, "name": "Coup Double"}, {"language": {"name": "de", "url": "https://pokeapi.co/api/v2/language/6/"}, "name": "Doppelschlag"}, {"language": {"name": "es", "url": "https://pokeapi.co/api/v2/language/7/"}, "name": "Doble Golpe"}, {"language": {"name": "it", "url": "https://pokeapi.co/api/v2/language/8/"}, "name": "Doppiosmash"}, {"language": {"name": "en", "url": "https://pokeapi.co/api/v2/language/9/"}, "name": "Double Hit"}, {"language": {"name": "ja", "url": "https://pokeapi.co/api/v2/language/11/"}, "name": "\u30c0\u30d6\u30eb\u30a2\u30bf\u30c3\u30af"}, {"language": {"name": "zh-Hans", "url": "https://pokeapi.co/api/v2/language/12/"}, "name": "\u4e8c\u8fde\u51fb"}], "past_values": [], "power": 35, "pp": 10, "priority": 0, "stat_changes": [], "super_contest_effect": {"url": "https://pokeapi.co/api/v2/super-contest-effect/7/"}, "target": {"name": "selected-pokemon", "url": "https://pokeapi.co/api/v2/move-target/10/"}, "type": {"name": "normal", "url": "https://pokeapi.co/api/v2/type/1/"}}