{"accuracy": 100, "contest_combos": null, "contest_effect": null, "contest_type": null, "damage_class": {"name": "special", "url": "https://pokeapi.co/api/v2/move-damage-class/3/"}, "effect_chance": null, "effect_changes": [], "effect_entries": [{"effect": "Inflicts regular damage, then the user immediately switches out, and the trainer selects a replacement Pok\u00e9mon from the party.  If the target faints from this attack, the user\u2019s trainer selects the new Pok\u00e9mon to send out first.  If the user is the last Pok\u00e9mon in its party that can battle, it will not switch out.\n\nThe user may be hit by pursuit when it switches out, if it has been targeted and pursuit has not yet been used.\n\nThis move may be used even if the user is under the effect of ingrain.  ingrain\u2019s effect will end.", "language": {"name": "en", "url": "https://pokeapi.co/api/v2/language/9/"}, "short_effect": "User must switch out after attacking."}], "flavor_text_entries": [{"flavor_text": "\uacf5\uaca9\ud55c \ub4a4\n\uad49\uc7a5\ud55c \uc2a4\ud53c\ub4dc\ub85c \ub3cc\uc544\uc640\uc11c\n\uad50\ub300 \ud3ec\ucf13\ubaac\uacfc \uad50\uccb4\ud55c\ub2e4.", "language": {"name": "ko", "url": "https://pokeapi.co/api/v2/language/3/"}, "version_group": {"name": "lets-go-pikachu-lets-go-eevee", "url": "https://pokeapi.co/api/v2/version-group/19/"}}, {"flavor_text": "\u653b\u64ca\u5f8c\u8fc5\u901f\u8fd4\u56de\uff0c\n\u548c\u5f8c\u5099\u5bf6\u53ef\u5922\u9032\u884c\u66ff\u63db\u3002", "language": {"name": "zh-Hant", "url": "https://pokeapi.co/api/v2/language/4/"}, "version_group": {"name": "lets-go-pikachu-lets-go-eevee", "url": "https://pokeapi.co/api/v2/version-group/19/"}}, {"flavor_text": "Apr\u00e8s son attaque, le lanceur revient \u00e0\ntoute vitesse et change de place avec\nun Pok\u00e9mon de l\u2019\u00e9quipe pr\u00eat au combat.", "language": {"name": "fr", "url": "https://pokeapi.co/api/v2/language/5/"}, "version_group": {"name": "black-white", "url": "https://pokeapi.co/api/v2/version-group/11/"}}, {"flavor_text": "After making its attack, the user\nrushes back to switch places with\na party Pok\u00e9mon in waiting.", "language": {"name": "en", "url": "https://pokeapi.co/api/v2/language/9/"}, "version_group": {"name": "black-white", "url": "https://pokeapi.co/api/v2/version-group/11/"}}, {"flavor_text": "After making its attack, the user\nrushes back to switch places with\na party Pok\u00e9mon in waiting.", "language": {"name": "en", "url": "https://pokeapi.co/api/v2/language/9/"}, "version_group": {"name": "black-2-white-2", "url": "https://pokeapi.co/api/v2/version-group/14/"}}, {"flavor_text": "\u3053\u3046\u3052\u304d\u3000\u3057\u305f\u3042\u3068\n\u3082\u306e\u3059\u3054\u3044\u3000\u30b9\u30d4\u30fc\u30c9\u3067\u3000\u3082\u3069\u3063\u3066\u304d\u3066\n\u3072\u304b\u3048\u3000\u30dd\u30b1\u30e2\u30f3\u3068\u3000\u3044\u308c\u304b\u308f\u308b\u3002", "language": {"name": "ja-Hrkt", "url": "https://pokeapi.co/api/v2/language/1/"}, "version_group": {"name": "x-y", "url": "https://pokeapi.co/api/v2/version-group/15/"}}, {"flavor_text": "\uacf5\uaca9\ud55c \ub4a4\n\uad49\uc7a5\ud55c \uc2a4\ud53c\ub4dc\ub85c \ub3cc\uc544\uc640\uc11c\n\uad50\ub300 \ud3ec\ucf13\ubaac\uacfc \uad50\uccb4\ud55c\ub2e4.", "language": {"name": "ko", "url": "https://pokeapi.co/api/v2/language/3/"}, "version_group": {"name": "x-y", "url": "https://pokeapi.co/api/v2/version-group/15/"}}, {"flavor_text": "Apr\u00e8s son attaque, le lanceur revient \u00e0 toute\nvitesse et change de place avec un Pok\u00e9mon\nde l\u2019\u00e9quipe pr\u00eat au combat.", "language": {"name": "fr", "url": "https://pokeapi.co/api/v2/language/5/"}, "version_group": {"name": "x-y", "url": "https://pokeapi.co/api/v2/version-group/15/"}}, {"flavor_text": "Anwender kehrt nach dem Angriff mit\natemberaubender Geschwindigkeit zur\u00fcck\nund tauscht Platz mit einem anderen Pok\u00e9mon.", "language": {"name": "de", "url": "https://pokeapi.co/api/v2/language/6/"}, "version_group": {"name": "x-y", "url": "https://pokeapi.co/api/v2/version-group/15/"}}, {"flavor_text": "Tras atacar, vuelve a toda prisa para dar paso a\notro Pok\u00e9mon del equipo.", "language": {"name": "es", "url": "https://pokeapi.co/api/v2/language/7/"}, "version_group": {"name": "x-y", "url": "https://pokeapi.co/api/v2/version-group/15/"}}, {"flavor_text": "Chi usa questa mossa si tira indietro per farsi\nsostituire dopo aver sferrato l\u2019attacco.", "language": {"name": "it", "url": "https://pokeapi.co/api/v2/language/8/"}, "version_group": {"name": "x-y", "url": "https://pokeapi.co/api/v2/version-group/15/"}}, {"flavor_text": "After making its attack, the user\nrushes back to switch places with\na party Pok\u00e9mon in waiting.", "language": {"name": "en", "url": "https://pokeapi.co/api/v2/language/9/"}, "version_group": {"name": "x-y", "url": "https://pokeapi.co/api/v2/version-group/15/"}}, {"flavor_text": "\u653b\u6483\u3057\u305f\u3042\u3068\n\u3082\u306e\u3059\u3054\u3044\u3000\u30b9\u30d4\u30fc\u30c9\u3067\u3000\u3082\u3069\u3063\u3066\u304d\u3066\n\u63a7\u3048\u30dd\u30b1\u30e2\u30f3\u3068\u3000\u5165\u308c\u66ff\u308f\u308b\u3002", "language": {"name": "ja", "url": "https://pokeapi.co/api/v2/language/11/"}, "version_group": {"name": "x-y", "url": "https://pokeapi.co/api/v2/version-group/15/"}}, {"flavor_text": "\u3053\u3046\u3052\u304d\u3000\u3057\u305f\u3042\u3068\n\u3082\u306e\u3059\u3054\u3044\u3000\u30b9\u30d4\u30fc\u30c9\u3067\u3000\u3082\u3069\u3063\u3066\u304d\u3066\n\u3072\u304b\u3048\u3000\u30dd\u30b1\u30e2\u30f3\u3068\u3000\u3044\u308c\u304b\u308f\u308b\u3002", "language": {"name": "ja-Hrkt", "url": "https://pokeapi.co/api/v2/language/1/"}, "version_group": {"name": "omega-ruby-alpha-sapphire", "url": "https://pokeapi.co/api/v2/version-group/16/"}}, {"flavor_text": "\uacf5\uaca9\ud55c \ub4a4\n\uad49\uc7a5\ud55c \uc2a4\ud53c\ub4dc\ub85c \ub3cc\uc544\uc640\uc11c\n\uad50\ub300 \ud3ec\ucf13\ubaac\uacfc \uad50\uccb4\ud55c\ub2e4.", "language": {"name": "ko", "url": "https://pokeapi.co/api/v2/language/3/"}, "version_group": {"name": "omega-ruby-alpha-sapphire", "url": "https://pokeapi.co/api/v2/version-group/16/"}}, {"flavor_text": "Apr\u00e8s son attaque, le lanceur revient \u00e0 toute\nvitesse et change de place avec un Pok\u00e9mon\nde l\u2019\u00e9quipe pr\u00eat au combat.", "language": {"name": "fr", "url": "https://pokeapi.co/api/v2/language/5/"}, "version_group": {"name": "omega-ruby-alpha-sapphire", "url": "https://pokeapi.co/api/v2/version-group/16/"}}, {"flavor_text": "Anwender kehrt nach dem Angriff mit\natemberaubender Geschwindigkeit zur\u00fcck\nund tauscht Platz mit einem anderen Pok\u00e9mon.", "language": {"name": "de", "url": "https://pokeapi.co/api/v2/language/6/"}, "version_group": {"name": "omega-ruby-alpha-sapphire", "url": "https://pokeapi.co/api/v2/version-group/16/"}}, {"flavor_text": "Tras atacar, vuelve a toda prisa para dar paso a otro \nPok\u00e9mon del equipo.", "language": {"name": "es", "url": "https://pokeapi.co/api/v2/language/7/"}, "version_group": {"name": "omega-ruby-alpha-sapphire", "url": "https://pokeapi.co/api/v2/version-group/16/"}}, {"flavor_text": "Chi usa questa mossa si tira indietro per farsi\nsostituire dopo aver sferrato l\u2019attacco.", "language": {"name": "it", "url": "https://pokeapi.co/api/v2/language/8/"}, "version_group": {"name": "omega-ruby-alpha-sapphire", "url": "https://pokeapi.co/api/v2/version-group/16/"}}, {"flavor_text": "After making its attack, the user\nrushes back to switch places with\na party Pok\u00e9mon in waiting.", "language": {"name": "en", "url": "https://pokeapi.co/api/v2/language/9/"}, "version_group": {"name": "omega-ruby-alpha-sapphire", "url": "https://pokeapi.co/api/v2/version-group/16/"}}, {"flavor_text": "\u653b\u6483\u3057\u305f\u3042\u3068\n\u3082\u306e\u3059\u3054\u3044\u3000\u30b9\u30d4\u30fc\u30c9\u3067\u3000\u3082\u3069\u3063\u3066\u304d\u3066\n\u63a7\u3048\u30dd\u30b1\u30e2\u30f3\u3068\u3000\u5165\u308c\u66ff\u308f\u308b\u3002", "language": {"name": "ja", "url": "https://pokeapi.co/api/v2/language/11/"}, "version_group": {"name": "omega-ruby-alpha-sapphire", "url": "https://pokeapi.co/api/v2/version-group/16/"}}, {"flavor_text": "\u3053\u3046\u3052\u304d\u3000\u3057\u305f\u3042\u3068\n\u3082\u306e\u3059\u3054\u3044\u3000\u30b9\u30d4\u30fc\u30c9\u3067\u3000\u3082\u3069\u3063\u3066\u304d\u3066\n\u3072\u304b\u3048\u3000\u30dd\u30b1\u30e2\u30f3\u3068\u3000\u3044\u308c\u304b\u308f\u308b\u3002", "language": {"name": "ja-Hrkt", "url": "https://pokeapi.co/api/v2/language/1/"}, "version_group": {"name": "sun-moon", "url": "https://pokeapi.co/api/v2/version-group/17/"}}, {"flavor_text": "\uacf5\uaca9\ud55c \ub4a4\n\uad49\uc7a5\ud55c \uc2a4\ud53c\ub4dc\ub85c \ub3cc\uc544\uc640\uc11c\n\uad50\ub300 \ud3ec\ucf13\ubaac\uacfc \uad50\uccb4\ud55c\ub2e4.", "language": {"name": "ko", "url": "https://pokeapi.co/api/v2/language/3/"}, "version_group": {"name": "sun-moon", "url": "https://pokeapi.co/api/v2/version-group/17/"}}, {"flavor_text": "\u653b\u64ca\u5f8c\u8fc5\u901f\u8fd4\u56de\uff0c\n\u548c\u5f8c\u5099\u5bf6\u53ef\u5922\u9032\u884c\u66ff\u63db\u3002", "language": {"name": "zh-Hant", "url": "https://pokeapi.co/api/v2/language/4/"}, "version_group": {"name": "sun-moon", "url": "https://pokeapi.co/api/v2/version-group/17/"}}, {"flavor_text": "Apr\u00e8s son attaque, le lanceur revient \u00e0 toute\nvitesse et change de place avec un Pok\u00e9mon\nde l\u2019\u00e9quipe pr\u00eat au combat.", "language": {"name": "fr", "url": "https://pokeapi.co/api/v2/language/5/"}, "version_group": {"name": "sun-moon", "url": "https://pokeapi.co/api/v2/version-group/17/"}}, {"flavor_text": "Anwender kehrt nach dem Angriff mit\natemberaubender Geschwindigkeit zur\u00fcck\nund tauscht Platz mit einem anderen Pok\u00e9mon.", "language": {"name": "de", "url": "https://pokeapi.co/api/v2/language/6/"}, "version_group": {"name": "sun-moon", "url": "https://pokeapi.co/api/v2/version-group/17/"}}, {"flavor_text": "Tras atacar, vuelve a toda prisa para dar paso a otro \nPok\u00e9mon del equipo.", "language": {"name": "es", "url": "https://pokeapi.co/api/v2/language/7/"}, "version_group": {"name": "sun-moon", "url": "https://pokeapi.co/api/v2/version-group/17/"}}, {"flavor_text": "Chi usa questa mossa si tira indietro per farsi\nsostituire dopo aver sferrato l\u2019attacco.", "language": {"name": "it", "url": "https://pokeapi.co/api/v2/language/8/"}, "version_group": {"name": "sun-moon", "url": "https://pokeapi.co/api/v2/version-group/17/"}}, {"flavor_text": "After making its attack, the user rushes back to\nswitch places with a party Pok\u00e9mon in waiting.", "language": {"name": "en", "url": "https://pokeapi.co/api/v2/language/9/"}, "version_group": {"name": "sun-moon", "url": "https://pokeapi.co/api/v2/version-group/17/"}}, {"flavor_text": "\u653b\u6483\u3057\u305f\u3042\u3068\n\u3082\u306e\u3059\u3054\u3044\u3000\u30b9\u30d4\u30fc\u30c9\u3067\u3000\u3082\u3069\u3063\u3066\u304d\u3066\n\u63a7\u3048\u30dd\u30b1\u30e2\u30f3\u3068\u3000\u5165\u308c\u66ff\u308f\u308b\u3002", "language": {"name": "ja", "url": "https://pokeapi.co/api/v2/language/11/"}, "version_group": {"name": "sun-moon", "url": "https://pokeapi.co/api/v2/version-group/17/"}}, {"flavor_text": "\u5728\u653b\u51fb\u4e4b\u540e\u6025\u901f\u8fd4\u56de\uff0c\n\u548c\u540e\u5907\u5b9d\u53ef\u68a6\u8fdb\u884c\u66ff\u6362\u3002", "language": {"name": "zh-Hans", "url": "https://pokeapi.co/api/v2/language/12/"}, "version_group": {"name": "sun-moon", "url": "https://pokeapi.co/api/v2/version-group/17/"}}, {"flavor_text": "\u3053\u3046\u3052\u304d\u3000\u3057\u305f\u3042\u3068\n\u3082\u306e\u3059\u3054\u3044\u3000\u30b9\u30d4\u30fc\u30c9\u3067\u3000\u3082\u3069\u3063\u3066\u304d\u3066\n\u3072\u304b\u3048\u3000\u30dd\u30b1\u30e2\u30f3\u3068\u3000\u3044\u308c\u304b\u308f\u308b\u3002", "language": {"name": "ja-Hrkt", "url": "https://pokeapi.co/api/v2/language/1/"}, "version_group": {"name": "ultra-sun-ultra-moon", "url": "https://pokeapi.co/api/v2/version-group/18/"}}, {"flavor_text": "\uacf5\uaca9\ud55c \ub4a4\n\uad49\uc7a5\ud55c \uc2a4\ud53c\ub4dc\ub85c \ub3cc\uc544\uc640\uc11c\n\uad50\ub300 \ud3ec\ucf13\ubaac\uacfc \uad50\uccb4\ud55c\ub2e4.", "language": {"name": "ko", "url": "https://pokeapi.co/api/v2/language/3/"}, "version_group": {"name": "ultra-sun-ultra-moon", "url": "https://pokeapi.co/api/v2/version-group/18/"}}, {"flavor_text": "\u653b\u64ca\u5f8c\u8fc5\u901f\u8fd4\u56de\uff0c\n\u548c\u5f8c\u5099\u5bf6\u53ef\u5922\u9032\u884c\u66ff\u63db\u3002", "language": {"name": "zh-Hant", "url": "https://pokeapi.co/api/v2/language/4/"}, "version_group": {"name": "ultra-sun-ultra-moon", "url": "https://pokeapi.co/api/v2/version-group/18/"}}, {"flavor_text": "Apr\u00e8s son attaque, le lanceur revient \u00e0 toute\nvitesse et change de place avec un Pok\u00e9mon\nde l\u2019\u00e9quipe pr\u00eat au combat.", "language": {"name": "fr", "url": "https://pokeapi.co/api/v2/language/5/"}, "version_group": {"name": "ultra-sun-ultra-moon", "url": "https://pokeapi.co/api/v2/version-group/18/"}}, {"flavor_text": "Anwender kehrt nach dem Angriff mit\natemberaubender Geschwindigkeit zur\u00fcck\nund tauscht Platz mit einem anderen Pok\u00e9mon.", "language": {"name": "de", "url": "https://pokeapi.co/api/v2/language/6/"}, "version_group": {"name": "ultra-sun-ultra-moon", "url": "https://pokeapi.co/api/v2/version-group/18/"}}, {"flavor_text": "Tras atacar, vuelve a toda prisa para dar paso a otro \nPok\u00e9mon del equipo.", "language": {"name": "es", "url": "https://pokeapi.co/api/v2/language/7/"}, "version_group": {"name": "ultra-sun-ultra-moon", "url": "https://pokeapi.co/api/v2/version-group/18/"}}, {"flavor_text": "Chi usa questa mossa si tira indietro per farsi\nsostituire dopo aver sferrato l\u2019attacco.", "language": {"name": "it", "url": "https://pokeapi.co/api/v2/language/8/"}, "version_group": {"name": "ultra-sun-ultra-moon", "url": "https://pokeapi.co/api/v2/version-group/18/"}}, {"flavor_text": "After making its attack, the user rushes back to\nswitch places with a party Pok\u00e9mon in waiting.", "language": {"name": "en", "url": "https://pokeapi.co/api/v2/language/9/"}, "version_group": {"name": "ultra-sun-ultra-moon", "url": "https://pokeapi.co/api/v2/version-group/18/"}}, {"flavor_text": "\u653b\u6483\u3057\u305f\u3042\u3068\n\u3082\u306e\u3059\u3054\u3044\u3000\u30b9\u30d4\u30fc\u30c9\u3067\u3000\u3082\u3069\u3063\u3066\u304d\u3066\n\u63a7\u3048\u30dd\u30b1\u30e2\u30f3\u3068\u3000\u5165\u308c\u66ff\u308f\u308b\u3002", "language": {"name": "ja", "url": "https://pokeapi.co/api/v2/language/11/"}, "version_group": {"name": "ultra-sun-ultra-moon", "url": "https://pokeapi.co/api/v2/version-group/18/"}}, {"flavor_text": "\u5728\u653b\u51fb\u4e4b\u540e\u6025\u901f\u8fd4\u56de\uff0c\n\u548c\u540e\u5907\u5b9d\u53ef\u68a6\u8fdb\u884c\u66ff\u6362\u3002", "language": {"name": "zh-Hans", "url": "https://pokeapi.co/api/v2/language/12/"}, "version_group": {"name": "ultra-sun-ultra-moon", "url": "https://pokeapi.co/api/v2/version-group/18/"}}, {"flavor_text": "\u3053\u3046\u3052\u304d\u3000\u3057\u305f\u3042\u3068\n\u3082\u306e\u3059\u3054\u3044\u3000\u30b9\u30d4\u30fc\u30c9\u3067\u3000\u3082\u3069\u3063\u3066\u304d\u3066\n\u3072\u304b\u3048\u3000\u30dd\u30b1\u30e2\u30f3\u3068\u3000\u3044\u308c\u304b\u308f\u308b\u3002", "language": {"name": "ja-Hrkt", "url": "https://pokeapi.co/api/v2/language/1/"}, "version_group": {"name": "lets-go-pikachu-lets-go-eevee", "url": "https://pokeapi.co/api/v2/version-group/19/"}}, {"flavor_text": "Apr\u00e8s son attaque, le lanceur revient \u00e0 toute vitesse\net change de place avec un Pok\u00e9mon de l\u2019\u00e9quipe\npr\u00eat au combat.", "language": {"name": "fr", "url": "https://pokeapi.co/api/v2/language/5/"}, "version_group": {"name": "lets-go-pikachu-lets-go-eevee", "url": "https://pokeapi.co/api/v2/version-group/19/"}}, {"flavor_text": "Nach der Attacke eilt der Anwender zur\u00fcck und\ntauscht den Platz mit einem anderen Pok\u00e9mon.", "language": {"name": "de", "url": "https://pokeapi.co/api/v2/language/6/"}, "version_group": {"name": "lets-go-pikachu-lets-go-eevee", "url": "https://pokeapi.co/api/v2/version-group/19/"}}, {"flavor_text": "Tras atacar, vuelve a toda prisa para dar paso a otro \nPok\u00e9mon del equipo.", "language": {"name": "es", "url": "https://pokeapi.co/api/v2/language/7/"}, "version_group": {"name": "lets-go-pikachu-lets-go-eevee", "url": "https://pokeapi.co/api/v2/version-group/19/"}}, {"flavor_text": "Chi usa questa mossa si tira indietro per farsi\nsostituire dopo aver sferrato l\u2019attacco.", "language": {"name": "it", "url": "https://pokeapi.co/api/v2/language/8/"}, "version_group": {"name": "lets-go-pikachu-lets-go-eevee", "url": "https://pokeapi.co/api/v2/version-group/19/"}}, {"flavor_text": "After making its attack, the user rushes back to\nswitch places with a party Pok\u00e9mon in waiting.", "language": {"name": "en", "url": "https://pokeapi.co/api/v2/language/9/"}, "version_group": {"name": "lets-go-pikachu-lets-go-eevee", "url": "https://pokeapi.co/api/v2/version-group/19/"}}, {"flavor_text": "\u653b\u6483\u3057\u305f\u3042\u3068\n\u3082\u306e\u3059\u3054\u3044\u3000\u30b9\u30d4\u30fc\u30c9\u3067\u3000\u3082\u3069\u3063\u3066\u304d\u3066\n\u63a7\u3048\u30dd\u30b1\u30e2\u30f3\u3068\u3000\u5165\u308c\u66ff\u308f\u308b\u3002", "language": {"name": "ja", "url": "https://pokeapi.co/api/v2/language/11/"}, "version_group": {"name": "lets-go-pikachu-lets-go-eevee", "url": "https://pokeapi.co/api/v2/version-group/19/"}}, {"flavor_text": "\u5728\u653b\u51fb\u4e4b\u540e\u6025\u901f\u8fd4\u56de\uff0c\n\u548c\u540e\u5907\u5b9d\u53ef\u68a6\u8fdb\u884c\u66ff\u6362\u3002", "language": {"name": "zh-Hans", "url": "https://pokeapi.co/api/v2/language/12/"}, "version_group": {"name": "lets-go-pikachu-lets-go-eevee", "url": "https://pokeapi.co/api/v2/version-group/19/"}}, {"flavor_text": "\u3053\u3046\u3052\u304d\u3000\u3057\u305f\u3042\u3068\n\u3082\u306e\u3059\u3054\u3044\u3000\u30b9\u30d4\u30fc\u30c9\u3067\u3000\u3082\u3069\u3063\u3066\u304d\u3066\n\u3072\u304b\u3048\u3000\u30dd\u30b1\u30e2\u30f3\u3068\u3000\u3044\u308c\u304b\u308f\u308b\u3002", "language": {"name": "ja-Hrkt", "url": "https://pokeapi.co/api/v2/language/1/"}, "version_group": {"name": "sword-shield", "url": "https://pokeapi.co/api/v2/version-group/20/"}}, {"flavor_text": "\uacf5\uaca9\ud55c \ub4a4\n\uad49\uc7a5\ud55c \uc2a4\ud53c\ub4dc\ub85c \ub3cc\uc544\uc640\uc11c\n\uad50\ub300 \ud3ec\ucf13\ubaac\uacfc \uad50\uccb4\ud55c\ub2e4.", "language": {"name": "ko", "url": "https://pokeapi.co/api/v2/language/3/"}, "version_group": {"name": "sword-shield", "url": "https://pokeapi.co/api/v2/version-group/20/"}}, {"flavor_text": "\u653b\u64ca\u5f8c\u8fc5\u901f\u8fd4\u56de\uff0c\n\u548c\u5f8c\u5099\u5bf6\u53ef\u5922\u9032\u884c\u66ff\u63db\u3002", "language": {"name": "zh-Hant", "url": "https://pokeapi.co/api/v2/language/4/"}, "version_group": {"name": "sword-shield", "url": "https://pokeapi.co/api/v2/version-group/20/"}}, {"flavor_text": "Apr\u00e8s son attaque, le lanceur revient \u00e0 toute vitesse\net change de place avec un Pok\u00e9mon de l\u2019\u00e9quipe\npr\u00eat au combat.", "language": {"name": "fr", "url": "https://pokeapi.co/api/v2/language/5/"}, "version_group": {"name": "sword-shield", "url": "https://pokeapi.co/api/v2/version-group/20/"}}, {"flavor_text": "Nach der Attacke eilt der Anwender zur\u00fcck und\ntauscht den Platz mit einem anderen Pok\u00e9mon.", "language": {"name": "de", "url": "https://pokeapi.co/api/v2/language/6/"}, "version_group": {"name": "sword-shield", "url": "https://pokeapi.co/api/v2/version-group/20/"}}, {"flavor_text": "Tras atacar, el usuario vuelve a toda prisa para dar paso\na otro Pok\u00e9mon del equipo.", "language": {"name": "es", "url": "https://pokeapi.co/api/v2/language/7/"}, "version_group": {"name": "sword-shield", "url": "https://pokeapi.co/api/v2/version-group/20/"}}, {"flavor_text": "Chi usa questa mossa si tira indietro per farsi\nsostituire dopo aver sferrato l\u2019attacco.", "language": {"name": "it", "url": "https://pokeapi.co/api/v2/language/8/"}, "version_group": {"name": "sword-shield", "url": "https://pokeapi.co/api/v2/version-group/20/"}}, {"flavor_text": "After making its attack, the user rushes back to\nswitch places with a party Pok\u00e9mon in waiting.", "language": {"name": "en", "url": "https://pokeapi.co/api/v2/language/9/"}, "version_group": {"name": "sword-shield", "url": "https://pokeapi.co/api/v2/version-group/20/"}}, {"flavor_text": "\u653b\u6483\u3057\u305f\u3042\u3068\n\u3082\u306e\u3059\u3054\u3044\u3000\u30b9\u30d4\u30fc\u30c9\u3067\u3000\u3082\u3069\u3063\u3066\u304d\u3066\n\u63a7\u3048\u30dd\u30b1\u30e2\u30f3\u3068\u3000\u5165\u308c\u66ff\u308f\u308b\u3002", "language": {"name": "ja", "url": "https://pokeapi.co/api/v2/language/11/"}, "version_group": {"name": "sword-shield", "url": "https://pokeapi.co/api/v2/version-group/20/"}}, {"flavor_text": "\u5728\u653b\u51fb\u4e4b\u540e\u6025\u901f\u8fd4\u56de\uff0c\n\u548c\u540e\u5907\u5b9d\u53ef\u68a6\u8fdb\u884c\u66ff\u6362\u3002", "language": {"name": "zh-Hans", "url": "https://pokeapi.co/api/v2/language/12/"}, "version_group": {"name": "sword-shield", "url": "https://pokeapi.co/api/v2/version-group/20/"}}, {"flavor_text": "After making its attack, the user rushes back to switch places with a party Pok\u00e9mon in waiting.", "language": {"name": "en", "url": "https://pokeapi.co/api/v2/language/9/"}, "version_group": {"name": "legends-arceus", "url": "https://pokeapi.co/api/v2/version-group/24/"}}, {"flavor_text": "After making its attack, the user rushes back to switch places with a party Pok\u00e9mon in waiting.", "language": {"name": "en", "url": "https://pokeapi.co/api/v2/language/9/"}, "version_group": {"name": "scarlet-violet", "url": "https://pokeapi.co/api/v2/version-group/25/"}}], "generation": {"name": "generation-v", "url": "https://pokeapi.co/api/v2/generation/5/"}, "id": 521, "learned_by_pokemon": [{"name": "pikachu", "url": "https://pokeapi.co/api/v2/pokemon/25/"}, {"name": "raichu", "url": "https://pokeapi.co/api/v2/pokemon/26/"}, {"name": "magnemite", "url": "https://pokeapi.co/api/v2/pokemon/81/"}, {"name": "magneton", "url": "https://pokeapi.co/api/v2/pokemon/82/"}, {"name": "voltorb", "url": "https://pokeapi.co/api/v2/pokemon/100/"}, {"name": "electrode", "url": "https://pokeapi.co/api/v2/pokemon/101/"}, {"name": "electabuzz", "url": "https://pokeapi.co/api/v2/pokemon/125/"}, {"name": "jolteon", "url": "https://pokeapi.co/api/v2/pokemon/135/"}, {"name": "zapdos", "url": "https://pokeapi.co/api/v2/pokemon/145/"}, {"name": "mew", "url": "https://pokeapi.co/api/v2/pokemon/151/"}, {"name": "chinchou", "url": "https://pokeapi.co/api/v2/pokemon/170/"}, {"name": "lanturn", "url": "https://pokeapi.co/api/v2/pokemon/171/"}, {"name": "pichu", "url": "https://pokeapi.co/api/v2/pokemon/172/"}, {"name": "mareep", "url": "https://pokeapi.co/api/v2/pokemon/179/"}, {"name": "flaaffy", "url": "https://pokeapi.co/api/v2/pokemon/180/"}, {"name": "ampharos", "url": "https://pokeapi.co/api/v2/pokemon/181/"}, {"name": "forretress", "url": "https://pokeapi.co/api/v2/pokemon/205/"}, {"name": "elekid", "url": "https://pokeapi.co/api/v2/pokemon/239/"}, {"name": "raikou", "url": "https://pokeapi.co/api/v2/pokemon/243/"}, {"name": "nosepass", "url": "https://pokeapi.co/api/v2/pokemon/299/"}, {"name": "electrike", "url": "https://pokeapi.co/api/v2/pokemon/309/"}, {"name": "manectric", "url": "https://pokeapi.co/api/v2/pokemon/310/"}, {"name": "plusle", "url": "https://pokeapi.co/api/v2/pokemon/311/"}, {"name": "minun", "url": "https://pokeapi.co/api/v2/pokemon/312/"}, {"name": "shinx", "url": "https://pokeapi.co/api/v2/pokemon/403/"}, {"name": "luxio", "url": "https://pokeapi.co/api/v2/pokemon/404/"}, {"name": "luxray", "url": "https://pokeapi.co/api/v2/pokemon/405/"}, {"name": "pachirisu", "url": "https://pokeapi.co/api/v2/pokemon/417/"}, {"name": "magnezone", "url": "https://pokeapi.co/api/v2/pokemon/462/"}, {"name": "electivire", "url": "https://pokeapi.co/api/v2/pokemon/466/"}, {"name": "probopass", "url": "https://pokeapi.co/api/v2/pokemon/476/"}, {"name": "rotom", "url": "https://pokeapi.co/api/v2/pokemon/479/"}, {"name": "blitzle", "url": "https://pokeapi.co/api/v2/pokemon/522/"}, {"name": "zebstrika", "url": "https://pokeapi.co/api/v2/pokemon/523/"}, {"name": "emolga", "url": "https://pokeapi.co/api/v2/pokemon/587/"}, {"name": "joltik", "url": "https://pokeapi.co/api/v2/pokemon/595/"}, {"name": "galvantula", "url": "https://pokeapi.co/api/v2/pokemon/596/"}, {"name": "klink", "url": "https://pokeapi.co/api/v2/pokemon/599/"}, {"name": "klang", "url": "https://pokeapi.co/api/v2/pokemon/600/"}, {"name": "klinklang", "url": "https://pokeapi.co/api/v2/pokemon/601/"}, {"name": "eelektrik", "url": "https://pokeapi.co/api/v2/pokemon/603/"}, {"name": "eelektross", "url": "https://pokeapi.co/api/v2/pokemon/604/"}, {"name": "cobalion", "url": "https://pokeapi.co/api/v2/pokemon/638/"}, {"name": "thundurus-incarnate", "url": "https://pokeapi.co/api/v2/pokemon/642/"}, {"name": "zekrom", "url": "https://pokeapi.co/api/v2/pokemon/644/"}, {"name": "helioptile", "url": "https://pokeapi.co/api/v2/pokemon/694/"}, {"name": "heliolisk", "url": "https://pokeapi.co/api/v2/pokemon/695/"}, {"name": "dedenne", "url": "https://pokeapi.co/api/v2/pokemon/702/"}, {"name": "grubbin", "url": "https://pokeapi.co/api/v2/pokemon/736/"}, {"name": "charjabug", "url": "https://pokeapi.co/api/v2/pokemon/737/"}, {"name": "vikavolt", "url": "https://pokeapi.co/api/v2/pokemon/738/"}, {"name": "togedemaru", "url": "https://pokeapi.co/api/v2/pokemon/777/"}, {"name": "tapu-koko", "url": "https://pokeapi.co/api/v2/pokemon/785/"}, {"name": "xurkitree", "url": "https://pokeapi.co/api/v2/pokemon/796/"}, {"name": "magearna", "url": "https://pokeapi.co/api/v2/pokemon/801/"}, {"name": "zeraora", "url": "https://pokeapi.co/api/v2/pokemon/807/"}, {"name": "yamper", "url": "https://pokeapi.co/api/v2/pokemon/835/"}, {"name": "boltund", "url": "https://pokeapi.co/api/v2/pokemon/836/"}, {"name": "toxtricity-amped", "url": "https://pokeapi.co/api/v2/pokemon/849/"}, {"name": "morpeko-full-belly", "url": "https://pokeapi.co/api/v2/pokemon/877/"}, {"name": "regieleki", "url": "https://pokeapi.co/api/v2/pokemon/894/"}, {"name": "pawmi", "url": "https://pokeapi.co/api/v2/pokemon/921/"}, {"name": "pawmo", "url": "https://pokeapi.co/api/v2/pokemon/922/"}, {"name": "pawmot", "url": "https://pokeapi.co/api/v2/pokemon/923/"}, {"name": "tadbulb", "url": "https://pokeapi.co/api/v2/pokemon/938/"}, {"name": "bellibolt", "url": "https://pokeapi.co/api/v2/pokemon/939/"}, {"name": "wattrel", "url": "https://pokeapi.co/api/v2/pokemon/940/"}, {"name": "kilowattrel", "url": "https://pokeapi.co/api/v2/pokemon/941/"}, {"name": "sandy-shocks", "url": "https://pokeapi.co/api/v2/pokemon/989/"}, {"name": "iron-treads", "url": "https://pokeapi.co/api/v2/pokemon/990/"}, {"name": "iron-hands", "url": "https://pokeapi.co/api/v2/pokemon/992/"}, {"name": "iron-thorns", "url": "https://pokeapi.co/api/v2/pokemon/995/"}, {"name": "miraidon", "url": "https://pokeapi.co/api/v2/pokemon/1008/"}, {"name": "raging-bolt", "url": "https://pokeapi.co/api/v2/pokemon/1021/"}, {"name": "iron-crown", "url": "https://pokeapi.co/api/v2/pokemon/1023/"}, {"name": "rotom-heat", "url": "https://pokeapi.co/api/v2/pokemon/10008/"}, {"name": "rotom-wash", "url": "https://pokeapi.co/api/v2/pokemon/10009/"}, {"name": "rotom-frost", "url": "https://pokeapi.co/api/v2/pokemon/10010/"}, {"name": "rotom-fan", "url": "https://pokeapi.co/api/v2/pokemon/10011/"}, {"name": "rotom-mow", "url": "https://pokeapi.co/api/v2/pokemon/10012/"}, {"name": "thundurus-therian", "url": "https://pokeapi.co/api/v2/pokemon/10020/"}, {"name": "ampharos-mega", "url": "https://pokeapi.co/api/v2/pokemon/10045/"}, {"name": "manectric-mega", "url": "https://pokeapi.co/api/v2/pokemon/10055/"}, {"name": "pikachu-rock-star", "url": "https://pokeapi.co/api/v2/pokemon/10080/"}, {"name": "pikachu-belle", "url": "https://pokeapi.co/api/v2/pokemon/10081/"}, {"name": "pikachu-pop-star", "url": "https://pokeapi.co/api/v2/pokemon/10082/"}, {"name": "pikachu-phd", "url": "https://pokeapi.co/api/v2/pokemon/10083/"}, {"name": "pikachu-libre", "url": "https://pokeapi.co/api/v2/pokemon/10084/"}, {"name": "pikachu-cosplay", "url": "https://pokeapi.co/api/v2/pokemon/10085/"}, {"name": "pikachu-original-cap", "url": "https://pokeapi.co/api/v2/pokemon/10094/"}, {"name": "pikachu-hoenn-cap", "url": "https://pokeapi.co/api/v2/pokemon/10095/"}, {"name": "pikachu-sinnoh-cap", "url": "https://pokeapi.co/api/v2/pokemon/10096/"}, {"name": "pikachu-unova-cap", "url": "https://pokeapi.co/api/v2/pokemon/10097/"}, {"name": "pikachu-kalos-cap", "url": "https://pokeapi.co/api/v2/pokemon/10098/"}, {"name": "pikachu-alola-cap", "url": "https://pokeapi.co/api/v2/pokemon/10099/"}, {"name": "raichu-alola", "url": "https://pokeapi.co/api/v2/pokemon/10100/"}, {"name": "geodude-alola", "url": "https://pokeapi.co/api/v2/pokemon/10109/"}, {"name": "graveler-alola", "url": "https://pokeapi.co/api/v2/pokemon/10110/"}, {"name": "golem-alola", "url": "https://pokeapi.co/api/v2/pokemon/10111/"}, {"name": "vikavolt-totem", "url": "https://pokeapi.co/api/v2/pokemon/10122/"}, {"name": "magearna-original", "url": "https://pokeapi.co/api/v2/pokemon/10147/"}, {"name": "pikachu-partner-cap", "url": "https://pokeapi.co/api/v2/pokemon/10148/"}, {"name": "togedemaru-totem", "url": "https://pokeapi.co/api/v2/pokemon/10154/"}, {"name": "pikachu-world-cap", "url": "https://pokeapi.co/api/v2/pokemon/10160/"}, {"name": "toxtricity-low-key", "url": "https://pokeapi.co/api/v2/pokemon/10184/"}, {"name": "morpeko-hangry", "url": "https://pokeapi.co/api/v2/pokemon/10187/"}, {"name": "voltorb-hisui", "url": "https://pokeapi.co/api/v2/pokemon/10231/"}, {"name": "electrode-hisui", "url": "https://pokeapi.co/api/v2/pokemon/10232/"}, {"name": "miraidon-low-power-mode", "url": "https://pokeapi.co/api/v2/pokemon/10268/"}, {"name": "miraidon-drive-mode", "url": "https://pokeapi.co/api/v2/pokemon/10269/"}, {"name": "miraidon-aquatic-mode", "url": "https://pokeapi.co/api/v2/pokemon/10270/"}, {"name": "miraidon-glide-mode", "url": "https://pokeapi.co/api/v2/pokemon/10271/"}], "machines": [{"machine": {"url": "https://pokeapi.co/api/v2/machine/1225/"}, "version_group": {"name": "black-white", "url": "https://pokeapi.co/api/v2/version-group/11/"}}, {"machine": {"url": "https://pokeapi.co/api/v2/machine/1226/"}, "version_group": {"name": "black-2-white-2", "url": "https://pokeapi.co/api/v2/version-group/14/"}}, {"machine": {"url": "https://pokeapi.co/api/v2/machine/1227/"}, "version_group": {"name": "x-y", "url": "https://pokeapi.co/api/v2/version-group/15/"}}, {"machine": {"url": "https://pokeapi.co/api/v2/machine/1228/"}, "version_group": {"name": "omega-ruby-alpha-sapphire", "url": "https://pokeapi.co/api/v2/version-group/16/"}}, {"machine": {"url": "https://pokeapi.co/api/v2/machine/1229/"}, "version_group": {"name": "sun-moon", "url": "https://pokeapi.co/api/v2/version-group/17/"}}, {"machine": {"url": "https://pokeapi.co/api/v2/machine/1230/"}, "version_group": {"name": "ultra-sun-ultra-moon", "url": "https://pokeapi.co/api/v2/version-group/18/"}}, {"machine": {"url": "https://pokeapi.co/api/v2/machine/1311/"}, "version_group": {"name": "sword-shield", "url": "https://pokeapi.co/api/v2/version-group/20/"}}, {"machine": {"url": "https://pokeapi.co/api/v2/machine/1692/"}, "version_group": {"name": "brilliant-diamond-and-shining-pearl", "url": "https://pokeapi.co/api/v2/version-group/23/"}}, {"machine": {"url": "https://pokeapi.co/api/v2/machine/1753/"}, "version_group": {"name": "scarlet-violet", "url": "https://pokeapi.co/api/v2/version-group/25/"}}], "meta": {"ailment": {"name": "none", "url": "https://pokeapi.co/api/v2/move-ailment/0/"}, "ailment_chance": 0, "category": {"name": "damage", "url": "https://pokeapi.co/api/v2/move-category/0/"}, "crit_rate": 0, "drain": 0, "flinch_chance": 0, "healing": 0, "max_hits": null, "max_turns": null, "min_hits": null, "min_turns": null, "stat_chance": 0}, "name": "volt-switch", "names": [{"language": {"name": "ja-Hrkt", "url": "https://pokeapi.co/api/v2/language/1/"}, "name": "\u30dc\u30eb\u30c8\u30c1\u30a7\u30f3\u30b8"}, {"language": {"name": "ko", "url": "https://pokeapi.co/api/v2/language/3/"}, "name": "\ubcfc\ud2b8\uccb4\uc778\uc9c0"}, {"language": {"name": "zh-Hant", "url": "https://pokeapi.co/api/v2/language/4/"}, "name": "\u4f0f\u7279\u66ff\u63db"}, {"language": {"name": "fr", "url": "https://pokeapi.co/api/v2/language/5/"}, "name": "Change \u00c9clair"}, {"language": {"name": "de", "url": "https://pokeapi.co/api/v2/language/6/"}, "name": "Voltwechsel"}, {"language": {"name": "es", "url": "https://pokeapi.co/api/v2/language/7/"}, "name": "Voltiocambio"}, {"language": {"name": "it", "url": "https://pokeapi.co/api/v2/language/8/"}, "name": "Invertivolt"}, {"language": {"name": "en", "url": "https://pokeapi.co/api/v2/language/9/"}, "name": "Volt Switch"}, {"language": {"name": "ja", "url": "https://pokeapi.co/api/v2/language/11/"}, "name": "\u30dc\u30eb\u30c8\u30c1\u30a7\u30f3\u30b8"}, {"language": {"name": "zh-Hans", "url": "https://pokeapi.co/api/v2/language/12/"}, "name": "\u4f0f\u7279\u66ff\u6362"}], "past_values": [], "power": 70, "pp": 20, "priority": 0, "stat_changes": [], "super_contest_effect": null, "target": {"name": "selected-pokemon", "url": "https://pokeapi.co/api/v2/move-target/10/"}, "type": {"name": "electric", "url": "https://pokeapi.co/api/v2/type/13/"}}