{"accuracy": 100, "contest_combos": null, "contest_effect": null, "contest_type": null, "damage_class": {"name": "special", "url": "https://pokeapi.co/api/v2/move-damage-class/3/"}, "effect_chance": 100, "effect_changes": [], "effect_entries": [], "flavor_text_entries": [{"flavor_text": "\u3059\u3063\u3071\u3044\u3000\u308a\u3093\u3054\u304b\u3089\u3000\u3064\u304f\u308a\u3060\u3057\u305f\n\u3055\u3093\u305b\u3044\u306e\u3000\u3048\u304d\u305f\u3044\u3067\u3000\u3053\u3046\u3052\u304d\u3002\n\u3042\u3044\u3066\u306e\u3000\u3068\u304f\u307c\u3046\u3092\u3000\u3055\u3052\u308b\u3002", "language": {"name": "ja-Hrkt", "url": "https://pokeapi.co/api/v2/language/1/"}, "version_group": {"name": "sword-shield", "url": "https://pokeapi.co/api/v2/version-group/20/"}}, {"flavor_text": "\uc0c8\ucf64\ud55c \uc0ac\uacfc\uc5d0\uc11c \ub9cc\ub4e4\uc5b4 \ub0b8\n\uc0b0\uc131 \uc561\uccb4\ub85c \uacf5\uaca9\ud55c\ub2e4.\n\uc0c1\ub300\uc758 \ud2b9\uc218\ubc29\uc5b4\ub97c \ub5a8\uc5b4\ub728\ub9b0\ub2e4.", "language": {"name": "ko", "url": "https://pokeapi.co/api/v2/language/3/"}, "version_group": {"name": "sword-shield", "url": "https://pokeapi.co/api/v2/version-group/20/"}}, {"flavor_text": "\u4f7f\u7528\u5f9e\u9178\u860b\u679c\u63d0\u7149\u51fa\u7684\n\u9178\u6027\u6db2\u9ad4\u9032\u884c\u653b\u64ca\u3002\n\u53ef\u964d\u4f4e\u5c0d\u624b\u7684\u7279\u9632\u3002", "language": {"name": "zh-Hant", "url": "https://pokeapi.co/api/v2/language/4/"}, "version_group": {"name": "sword-shield", "url": "https://pokeapi.co/api/v2/version-group/20/"}}, {"flavor_text": "Le lanceur attaque son adversaire avec un liquide\ncorrosif cr\u00e9\u00e9 \u00e0 partir d\u2019une pomme acide.\nBaisse la D\u00e9fense Sp\u00e9ciale de la cible.", "language": {"name": "fr", "url": "https://pokeapi.co/api/v2/language/5/"}, "version_group": {"name": "sword-shield", "url": "https://pokeapi.co/api/v2/version-group/20/"}}, {"flavor_text": "Der Anwender greift mit einer aus einem sauren Apfel\nhergestellten s\u00e4urehaltigen Fl\u00fcssigkeit an. Dabei wird\ndie Spezial-Verteidigung des Zieles gesenkt.", "language": {"name": "de", "url": "https://pokeapi.co/api/v2/language/6/"}, "version_group": {"name": "sword-shield", "url": "https://pokeapi.co/api/v2/version-group/20/"}}, {"flavor_text": "Ataca al objetivo con el fluido corrosivo que desprende\nuna manzana \u00e1cida, lo que tambi\u00e9n disminuye la\nDefensa Especial de este.", "language": {"name": "es", "url": "https://pokeapi.co/api/v2/language/7/"}, "version_group": {"name": "sword-shield", "url": "https://pokeapi.co/api/v2/version-group/20/"}}, {"flavor_text": "Chi la usa attacca il bersaglio con un liquido acido\nricavato da mele aspre riducendone la Difesa Speciale.", "language": {"name": "it", "url": "https://pokeapi.co/api/v2/language/8/"}, "version_group": {"name": "sword-shield", "url": "https://pokeapi.co/api/v2/version-group/20/"}}, {"flavor_text": "The user attacks the target with an acidic liquid created\nfrom tart apples. This also lowers the target\u2019s\nSp. Def stat.", "language": {"name": "en", "url": "https://pokeapi.co/api/v2/language/9/"}, "version_group": {"name": "sword-shield", "url": "https://pokeapi.co/api/v2/version-group/20/"}}, {"flavor_text": "\u3059\u3063\u3071\u3044\u3000\u308a\u3093\u3054\u304b\u3089\u3000\u3064\u304f\u308a\u3060\u3057\u305f\n\u9178\u6027\u306e\u3000\u6db2\u4f53\u3067\u3000\u653b\u6483\u3002\n\u76f8\u624b\u306e\u3000\u7279\u9632\u3092\u3000\u4e0b\u3052\u308b\u3002", "language": {"name": "ja", "url": "https://pokeapi.co/api/v2/language/11/"}, "version_group": {"name": "sword-shield", "url": "https://pokeapi.co/api/v2/version-group/20/"}}, {"flavor_text": "\u4f7f\u7528\u4ece\u9178\u82f9\u679c\u4e2d\u63d0\u53d6\u51fa\u6765\u7684\n\u9178\u6027\u6db2\u4f53\u8fdb\u884c\u653b\u51fb\u3002\n\u964d\u4f4e\u5bf9\u624b\u7684\u7279\u9632\u3002", "language": {"name": "zh-Hans", "url": "https://pokeapi.co/api/v2/language/12/"}, "version_group": {"name": "sword-shield", "url": "https://pokeapi.co/api/v2/version-group/20/"}}, {"flavor_text": "The user attacks the target with an acidic liquid created from tart apples. This also lowers the target's Sp. Def stat.", "language": {"name": "en", "url": "https://pokeapi.co/api/v2/language/9/"}, "version_group": {"name": "legends-arceus", "url": "https://pokeapi.co/api/v2/version-group/24/"}}, {"flavor_text": "The user attacks the target with an acidic liquid created from tart apples. This also lowers the target's Sp. Def stat.", "language": {"name": "en", "url": "https://pokeapi.co/api/v2/language/9/"}, "version_group": {"name": "scarlet-violet", "url": "https://pokeapi.co/api/v2/version-group/25/"}}], "generation": {"name": "generation-viii", "url": "https://pokeapi.co/api/v2/generation/8/"}, "id": 787, "learned_by_pokemon": [{"name": "appletun", "url": "https://pokeapi.co/api/v2/pokemon/842/"}], "machines": [], "meta": {"ailment": {"name": "none", "url": "https://pokeapi.co/api/v2/move-ailment/0/"}, "ailment_chance": 0, "category": {"name": "damage+lower", "url": "https://pokeapi.co/api/v2/move-category/6/"}, "crit_rate": 0, "drain": 0, "flinch_chance": 0, "healing": 0, "max_hits": null, "max_turns": null, "min_hits": null, "min_turns": null, "stat_chance": 100}, "name": "apple-acid", "names": [{"language": {"name": "ja-Hrkt", "url": "https://pokeapi.co/api/v2/language/1/"}, "name": "\u308a\u3093\u3054\u3055\u3093"}, {"language": {"name": "ko", "url": "https://pokeapi.co/api/v2/language/3/"}, "name": "\uc0ac\uacfc\uc0b0"}, {"language": {"name": "zh-Hant", "url": "https://pokeapi.co/api/v2/language/4/"}, "name": "\u860b\u679c\u9178"}, {"language": {"name": "fr", "url": "https://pokeapi.co/api/v2/language/5/"}, "name": "Acide Malique"}, {"language": {"name": "de", "url": "https://pokeapi.co/api/v2/language/6/"}, "name": "Apfels\u00e4ure"}, {"language": {"name": "es", "url": "https://pokeapi.co/api/v2/language/7/"}, "name": "\u00c1cido M\u00e1lico"}, {"language": {"name": "it", "url": "https://pokeapi.co/api/v2/language/8/"}, "name": "Acido Malico"}, {"language": {"name": "en", "url": "https://pokeapi.co/api/v2/language/9/"}, "name": "Apple Acid"}, {"language": {"name": "ja", "url": "https://pokeapi.co/api/v2/language/11/"}, "name": "\u308a\u3093\u3054\u3055\u3093"}, {"language": {"name": "zh-Hans", "url": "https://pokeapi.co/api/v2/language/12/"}, "name": "\u82f9\u679c\u9178"}], "past_values": [], "power": 80, "pp": 10, "priority": 0, "stat_changes": [{"change": -1, "stat": {"name": "special-defense", "url": "https://pokeapi.co/api/v2/stat/5/"}}], "super_contest_effect": null, "target": {"name": "selected-pokemon", "url": "https://pokeapi.co/api/v2/move-target/10/"}, "type": {"name": "grass", "url": "https://pokeapi.co/api/v2/type/12/"}}