{"accuracy": 80, "contest_combos": {"normal": {"use_after": [{"name": "scratch", "url": "https://pokeapi.co/api/v2/move/10/"}], "use_before": null}, "super": {"use_after": null, "use_before": null}}, "contest_effect": {"url": "https://pokeapi.co/api/v2/contest-effect/10/"}, "contest_type": {"name": "tough", "url": "https://pokeapi.co/api/v2/contest-type/5/"}, "damage_class": {"name": "physical", "url": "https://pokeapi.co/api/v2/move-damage-class/2/"}, "effect_chance": null, "effect_changes": [], "effect_entries": [{"effect": "Inflicts regular damage.  Hits 2\u20135 times in one turn.\n\nHas a 3/8 chance each to hit 2 or 3 times, and a 1/8 chance each to hit 4 or 5 times.  Averages to 3 hits per use.", "language": {"name": "en", "url": "https://pokeapi.co/api/v2/language/9/"}, "short_effect": "Hits 2-5 times in one turn."}], "flavor_text_entries": [{"flavor_text": "Quickly scratches\n2-5 times.", "language": {"name": "en", "url": "https://pokeapi.co/api/v2/language/9/"}, "version_group": {"name": "gold-silver", "url": "https://pokeapi.co/api/v2/version-group/3/"}}, {"flavor_text": "Quickly scratches\n2-5 times.", "language": {"name": "en", "url": "https://pokeapi.co/api/v2/language/9/"}, "version_group": {"name": "crystal", "url": "https://pokeapi.co/api/v2/version-group/4/"}}, {"flavor_text": "Rakes the foe with sharp\nclaws, etc., 2 to 5 times.", "language": {"name": "en", "url": "https://pokeapi.co/api/v2/language/9/"}, "version_group": {"name": "ruby-sapphire", "url": "https://pokeapi.co/api/v2/version-group/5/"}}, {"flavor_text": "Rakes the foe with sharp\nclaws, etc., 2 to 5 times.", "language": {"name": "en", "url": "https://pokeapi.co/api/v2/language/9/"}, "version_group": {"name": "emerald", "url": "https://pokeapi.co/api/v2/version-group/6/"}}, {"flavor_text": "The foe is raked\nwith sharp claws or\nscythes two to five\ntimes.", "language": {"name": "en", "url": "https://pokeapi.co/api/v2/language/9/"}, "version_group": {"name": "firered-leafgreen", "url": "https://pokeapi.co/api/v2/version-group/7/"}}, {"flavor_text": "The foe is raked with\nsharp claws or\nscythes for two to\nfive times in quick\nsuccession.", "language": {"name": "en", "url": "https://pokeapi.co/api/v2/language/9/"}, "version_group": {"name": "diamond-pearl", "url": "https://pokeapi.co/api/v2/version-group/8/"}}, {"flavor_text": "The foe is raked with\nsharp claws or\nscythes for two to\nfive times in quick\nsuccession.", "language": {"name": "en", "url": "https://pokeapi.co/api/v2/language/9/"}, "version_group": {"name": "platinum", "url": "https://pokeapi.co/api/v2/version-group/9/"}}, {"flavor_text": "The foe is raked with\nsharp claws or\nscythes for two to\nfive times in quick\nsuccession.", "language": {"name": "en", "url": "https://pokeapi.co/api/v2/language/9/"}, "version_group": {"name": "heartgold-soulsilver", "url": "https://pokeapi.co/api/v2/version-group/10/"}}, {"flavor_text": "L\u2019ennemi est lac\u00e9r\u00e9 par des faux\nou des griffes de 2 \u00e0 5 fois.", "language": {"name": "fr", "url": "https://pokeapi.co/api/v2/language/5/"}, "version_group": {"name": "black-white", "url": "https://pokeapi.co/api/v2/version-group/11/"}}, {"flavor_text": "The target is raked with sharp claws or\nscythes for two to five times in\nquick succession.", "language": {"name": "en", "url": "https://pokeapi.co/api/v2/language/9/"}, "version_group": {"name": "black-white", "url": "https://pokeapi.co/api/v2/version-group/11/"}}, {"flavor_text": "The target is raked with sharp claws or\nscythes for two to five times in\nquick succession.", "language": {"name": "en", "url": "https://pokeapi.co/api/v2/language/9/"}, "version_group": {"name": "black-2-white-2", "url": "https://pokeapi.co/api/v2/version-group/14/"}}, {"flavor_text": "\u30c4\u30e1\u3084\u3000\u30ab\u30de\u306a\u3069\u3067\n\u3042\u3044\u3066\u3092\u3000\u3072\u3063\u304b\u3044\u3066\u3000\u3053\u3046\u3052\u304d\u3059\u308b\u3002\n\uff12\u30fc\uff15\u304b\u3044\u306e\u3000\u3042\u3044\u3060\u3000\u308c\u3093\u305e\u304f\u3067\u3000\u3060\u3059\u3002", "language": {"name": "ja-Hrkt", "url": "https://pokeapi.co/api/v2/language/1/"}, "version_group": {"name": "x-y", "url": "https://pokeapi.co/api/v2/version-group/15/"}}, {"flavor_text": "\uc190\ud1b1\uc774\ub098 \ub0ab \ub4f1\uc73c\ub85c\n\uc0c1\ub300\ub97c \ud560\ud034\uc5b4\uc11c \uacf5\uaca9\ud55c\ub2e4.\n2-5\ud68c \ub3d9\uc548 \uc5f0\uc18d\uc73c\ub85c \uc4f4\ub2e4.", "language": {"name": "ko", "url": "https://pokeapi.co/api/v2/language/3/"}, "version_group": {"name": "x-y", "url": "https://pokeapi.co/api/v2/version-group/15/"}}, {"flavor_text": "L\u2019ennemi est lac\u00e9r\u00e9 par des faux ou des griffes\nde deux \u00e0 cinq fois d\u2019affil\u00e9e.", "language": {"name": "fr", "url": "https://pokeapi.co/api/v2/language/5/"}, "version_group": {"name": "x-y", "url": "https://pokeapi.co/api/v2/version-group/15/"}}, {"flavor_text": "Beharkt das Ziel zwei- bis f\u00fcnfmal\nmit scharfen Klauen oder Sicheln.", "language": {"name": "de", "url": "https://pokeapi.co/api/v2/language/6/"}, "version_group": {"name": "x-y", "url": "https://pokeapi.co/api/v2/version-group/15/"}}, {"flavor_text": "Ara\u00f1a r\u00e1pidamente de dos a cinco veces.", "language": {"name": "es", "url": "https://pokeapi.co/api/v2/language/7/"}, "version_group": {"name": "x-y", "url": "https://pokeapi.co/api/v2/version-group/15/"}}, {"flavor_text": "Colpisce il bersaglio con artigli o falci affilate\nda due a cinque volte in rapida successione.", "language": {"name": "it", "url": "https://pokeapi.co/api/v2/language/8/"}, "version_group": {"name": "x-y", "url": "https://pokeapi.co/api/v2/version-group/15/"}}, {"flavor_text": "The target is raked with sharp claws or\nscythes quickly two to five times in a row.", "language": {"name": "en", "url": "https://pokeapi.co/api/v2/language/9/"}, "version_group": {"name": "x-y", "url": "https://pokeapi.co/api/v2/version-group/15/"}}, {"flavor_text": "\u30c4\u30e1\u3084\u3000\u30ab\u30de\u306a\u3069\u3067\n\u76f8\u624b\u3092\u3000\u3072\u3063\u304b\u3044\u3066\u3000\u653b\u6483\u3059\u308b\u3002\n\uff12\u30fc\uff15\u56de\u306e\u3000\u3042\u3044\u3060\u3000\u9023\u7d9a\u3067\u3000\u3060\u3059\u3002", "language": {"name": "ja", "url": "https://pokeapi.co/api/v2/language/11/"}, "version_group": {"name": "x-y", "url": "https://pokeapi.co/api/v2/version-group/15/"}}, {"flavor_text": "\u30c4\u30e1\u3084\u3000\u30ab\u30de\u306a\u3069\u3067\n\u3042\u3044\u3066\u3092\u3000\u3072\u3063\u304b\u3044\u3066\u3000\u3053\u3046\u3052\u304d\u3059\u308b\u3002\n\uff12\u30fc\uff15\u304b\u3044\u306e\u3000\u3042\u3044\u3060\u3000\u308c\u3093\u305e\u304f\u3067\u3000\u3060\u3059\u3002", "language": {"name": "ja-Hrkt", "url": "https://pokeapi.co/api/v2/language/1/"}, "version_group": {"name": "omega-ruby-alpha-sapphire", "url": "https://pokeapi.co/api/v2/version-group/16/"}}, {"flavor_text": "\uc190\ud1b1\uc774\ub098 \ub0ab \ub4f1\uc73c\ub85c\n\uc0c1\ub300\ub97c \ud560\ud034\uc5b4\uc11c \uacf5\uaca9\ud55c\ub2e4.\n2-5\ud68c \ub3d9\uc548 \uc5f0\uc18d\uc73c\ub85c \uc4f4\ub2e4.", "language": {"name": "ko", "url": "https://pokeapi.co/api/v2/language/3/"}, "version_group": {"name": "omega-ruby-alpha-sapphire", "url": "https://pokeapi.co/api/v2/version-group/16/"}}, {"flavor_text": "L\u2019ennemi est lac\u00e9r\u00e9 par des faux ou des griffes\nde deux \u00e0 cinq fois d\u2019affil\u00e9e.", "language": {"name": "fr", "url": "https://pokeapi.co/api/v2/language/5/"}, "version_group": {"name": "omega-ruby-alpha-sapphire", "url": "https://pokeapi.co/api/v2/version-group/16/"}}, {"flavor_text": "Beharkt das Ziel zwei- bis f\u00fcnfmal\nmit scharfen Klauen oder Sicheln.", "language": {"name": "de", "url": "https://pokeapi.co/api/v2/language/6/"}, "version_group": {"name": "omega-ruby-alpha-sapphire", "url": "https://pokeapi.co/api/v2/version-group/16/"}}, {"flavor_text": "Ara\u00f1a r\u00e1pidamente de dos a cinco veces.", "language": {"name": "es", "url": "https://pokeapi.co/api/v2/language/7/"}, "version_group": {"name": "omega-ruby-alpha-sapphire", "url": "https://pokeapi.co/api/v2/version-group/16/"}}, {"flavor_text": "Colpisce il bersaglio con artigli o falci affilate\nda due a cinque volte in rapida successione.", "language": {"name": "it", "url": "https://pokeapi.co/api/v2/language/8/"}, "version_group": {"name": "omega-ruby-alpha-sapphire", "url": "https://pokeapi.co/api/v2/version-group/16/"}}, {"flavor_text": "The target is raked with sharp claws or\nscythes quickly two to five times in a row.", "language": {"name": "en", "url": "https://pokeapi.co/api/v2/language/9/"}, "version_group": {"name": "omega-ruby-alpha-sapphire", "url": "https://pokeapi.co/api/v2/version-group/16/"}}, {"flavor_text": "\u30c4\u30e1\u3084\u3000\u30ab\u30de\u306a\u3069\u3067\n\u76f8\u624b\u3092\u3000\u3072\u3063\u304b\u3044\u3066\u3000\u653b\u6483\u3059\u308b\u3002\n\uff12\u30fc\uff15\u56de\u306e\u3000\u3042\u3044\u3060\u3000\u9023\u7d9a\u3067\u3000\u3060\u3059\u3002", "language": {"name": "ja", "url": "https://pokeapi.co/api/v2/language/11/"}, "version_group": {"name": "omega-ruby-alpha-sapphire", "url": "https://pokeapi.co/api/v2/version-group/16/"}}, {"flavor_text": "\u30c4\u30e1\u3084\u3000\u30ab\u30de\u306a\u3069\u3067\n\u3042\u3044\u3066\u3092\u3000\u3072\u3063\u304b\u3044\u3066\u3000\u3053\u3046\u3052\u304d\u3059\u308b\u3002\n\uff12\u30fc\uff15\u304b\u3044\u306e\u3000\u3042\u3044\u3060\u3000\u308c\u3093\u305e\u304f\u3067\u3000\u3060\u3059\u3002", "language": {"name": "ja-Hrkt", "url": "https://pokeapi.co/api/v2/language/1/"}, "version_group": {"name": "sun-moon", "url": "https://pokeapi.co/api/v2/version-group/17/"}}, {"flavor_text": "\uc190\ud1b1\uc774\ub098 \ub0ab \ub4f1\uc73c\ub85c\n\uc0c1\ub300\ub97c \ud560\ud034\uc5b4\uc11c \uacf5\uaca9\ud55c\ub2e4.\n2-5\ud68c \ub3d9\uc548 \uc5f0\uc18d\uc73c\ub85c \uc4f4\ub2e4.", "language": {"name": "ko", "url": "https://pokeapi.co/api/v2/language/3/"}, "version_group": {"name": "sun-moon", "url": "https://pokeapi.co/api/v2/version-group/17/"}}, {"flavor_text": "\u7528\u722a\u5b50\u6216\u942e\u5200\u7b49\n\u5411\u5c0d\u624b\u9032\u884c\u653b\u64ca\u3002\n\u53ef\u9023\u7e8c\u653b\u64ca\uff12\uff5e\uff15\u6b21\u3002", "language": {"name": "zh-Hant", "url": "https://pokeapi.co/api/v2/language/4/"}, "version_group": {"name": "sun-moon", "url": "https://pokeapi.co/api/v2/version-group/17/"}}, {"flavor_text": "L\u2019ennemi est lac\u00e9r\u00e9 par des faux ou des griffes\nde deux \u00e0 cinq fois d\u2019affil\u00e9e.", "language": {"name": "fr", "url": "https://pokeapi.co/api/v2/language/5/"}, "version_group": {"name": "sun-moon", "url": "https://pokeapi.co/api/v2/version-group/17/"}}, {"flavor_text": "Beharkt das Ziel zwei- bis f\u00fcnfmal mit scharfen\nKlauen oder Sicheln.", "language": {"name": "de", "url": "https://pokeapi.co/api/v2/language/6/"}, "version_group": {"name": "sun-moon", "url": "https://pokeapi.co/api/v2/version-group/17/"}}, {"flavor_text": "Ara\u00f1a r\u00e1pidamente de dos a cinco veces.", "language": {"name": "es", "url": "https://pokeapi.co/api/v2/language/7/"}, "version_group": {"name": "sun-moon", "url": "https://pokeapi.co/api/v2/version-group/17/"}}, {"flavor_text": "Colpisce il bersaglio con artigli o falci affilate\nda due a cinque volte in rapida successione.", "language": {"name": "it", "url": "https://pokeapi.co/api/v2/language/8/"}, "version_group": {"name": "sun-moon", "url": "https://pokeapi.co/api/v2/version-group/17/"}}, {"flavor_text": "The target is raked with sharp claws or scythes\nquickly two to five times in a row.", "language": {"name": "en", "url": "https://pokeapi.co/api/v2/language/9/"}, "version_group": {"name": "sun-moon", "url": "https://pokeapi.co/api/v2/version-group/17/"}}, {"flavor_text": "\u30c4\u30e1\u3084\u3000\u30ab\u30de\u306a\u3069\u3067\n\u76f8\u624b\u3092\u3000\u3072\u3063\u304b\u3044\u3066\u3000\u653b\u6483\u3059\u308b\u3002\n\uff12\u30fc\uff15\u56de\u306e\u3000\u9593\u3000\u9023\u7d9a\u3067\u3000\u3060\u3059\u3002", "language": {"name": "ja", "url": "https://pokeapi.co/api/v2/language/11/"}, "version_group": {"name": "sun-moon", "url": "https://pokeapi.co/api/v2/version-group/17/"}}, {"flavor_text": "\u7528\u722a\u5b50\u6216\u9570\u5200\u7b49\n\u6293\u5bf9\u624b\u8fdb\u884c\u653b\u51fb\u3002\n\u8fde\u7eed\u653b\u51fb\uff12\uff5e\uff15\u6b21\u3002", "language": {"name": "zh-Hans", "url": "https://pokeapi.co/api/v2/language/12/"}, "version_group": {"name": "sun-moon", "url": "https://pokeapi.co/api/v2/version-group/17/"}}, {"flavor_text": "\u30c4\u30e1\u3084\u3000\u30ab\u30de\u306a\u3069\u3067\n\u3042\u3044\u3066\u3092\u3000\u3072\u3063\u304b\u3044\u3066\u3000\u3053\u3046\u3052\u304d\u3059\u308b\u3002\n\uff12\u30fc\uff15\u304b\u3044\u306e\u3000\u3042\u3044\u3060\u3000\u308c\u3093\u305e\u304f\u3067\u3000\u3060\u3059\u3002", "language": {"name": "ja-Hrkt", "url": "https://pokeapi.co/api/v2/language/1/"}, "version_group": {"name": "ultra-sun-ultra-moon", "url": "https://pokeapi.co/api/v2/version-group/18/"}}, {"flavor_text": "\uc190\ud1b1\uc774\ub098 \ub0ab \ub4f1\uc73c\ub85c\n\uc0c1\ub300\ub97c \ud560\ud034\uc5b4\uc11c \uacf5\uaca9\ud55c\ub2e4.\n2-5\ud68c \ub3d9\uc548 \uc5f0\uc18d\uc73c\ub85c \uc4f4\ub2e4.", "language": {"name": "ko", "url": "https://pokeapi.co/api/v2/language/3/"}, "version_group": {"name": "ultra-sun-ultra-moon", "url": "https://pokeapi.co/api/v2/version-group/18/"}}, {"flavor_text": "\u7528\u722a\u5b50\u6216\u942e\u5200\u7b49\n\u5411\u5c0d\u624b\u9032\u884c\u653b\u64ca\u3002\n\u53ef\u9023\u7e8c\u653b\u64ca\uff12\uff5e\uff15\u6b21\u3002", "language": {"name": "zh-Hant", "url": "https://pokeapi.co/api/v2/language/4/"}, "version_group": {"name": "ultra-sun-ultra-moon", "url": "https://pokeapi.co/api/v2/version-group/18/"}}, {"flavor_text": "L\u2019ennemi est lac\u00e9r\u00e9 par des faux ou des griffes\nde deux \u00e0 cinq fois d\u2019affil\u00e9e.", "language": {"name": "fr", "url": "https://pokeapi.co/api/v2/language/5/"}, "version_group": {"name": "ultra-sun-ultra-moon", "url": "https://pokeapi.co/api/v2/version-group/18/"}}, {"flavor_text": "Beharkt das Ziel zwei- bis f\u00fcnfmal mit scharfen\nKlauen oder Sicheln.", "language": {"name": "de", "url": "https://pokeapi.co/api/v2/language/6/"}, "version_group": {"name": "ultra-sun-ultra-moon", "url": "https://pokeapi.co/api/v2/version-group/18/"}}, {"flavor_text": "Ara\u00f1a r\u00e1pidamente de dos a cinco veces.", "language": {"name": "es", "url": "https://pokeapi.co/api/v2/language/7/"}, "version_group": {"name": "ultra-sun-ultra-moon", "url": "https://pokeapi.co/api/v2/version-group/18/"}}, {"flavor_text": "Colpisce il bersaglio con artigli o falci affilate\nda due a cinque volte in rapida successione.", "language": {"name": "it", "url": "https://pokeapi.co/api/v2/language/8/"}, "version_group": {"name": "ultra-sun-ultra-moon", "url": "https://pokeapi.co/api/v2/version-group/18/"}}, {"flavor_text": "The target is raked with sharp claws or scythes\nquickly two to five times in a row.", "language": {"name": "en", "url": "https://pokeapi.co/api/v2/language/9/"}, "version_group": {"name": "ultra-sun-ultra-moon", "url": "https://pokeapi.co/api/v2/version-group/18/"}}, {"flavor_text": "\u30c4\u30e1\u3084\u3000\u30ab\u30de\u306a\u3069\u3067\n\u76f8\u624b\u3092\u3000\u3072\u3063\u304b\u3044\u3066\u3000\u653b\u6483\u3059\u308b\u3002\n\uff12\u30fc\uff15\u56de\u306e\u3000\u9593\u3000\u9023\u7d9a\u3067\u3000\u3060\u3059\u3002", "language": {"name": "ja", "url": "https://pokeapi.co/api/v2/language/11/"}, "version_group": {"name": "ultra-sun-ultra-moon", "url": "https://pokeapi.co/api/v2/version-group/18/"}}, {"flavor_text": "\u7528\u722a\u5b50\u6216\u9570\u5200\u7b49\n\u6293\u5bf9\u624b\u8fdb\u884c\u653b\u51fb\u3002\n\u8fde\u7eed\u653b\u51fb\uff12\uff5e\uff15\u6b21\u3002", "language": {"name": "zh-Hans", "url": "https://pokeapi.co/api/v2/language/12/"}, "version_group": {"name": "ultra-sun-ultra-moon", "url": "https://pokeapi.co/api/v2/version-group/18/"}}, {"flavor_text": "\u30c4\u30e1\u3084\u3000\u30ab\u30de\u306a\u3069\u3067\n\u3042\u3044\u3066\u3092\u3000\u3072\u3063\u304b\u3044\u3066\u3000\u3053\u3046\u3052\u304d\u3059\u308b\u3002\n\uff12\u30fc\uff15\u304b\u3044\u306e\u3000\u3042\u3044\u3060\u3000\u308c\u3093\u305e\u304f\u3067\u3000\u3060\u3059\u3002", "language": {"name": "ja-Hrkt", "url": "https://pokeapi.co/api/v2/language/1/"}, "version_group": {"name": "lets-go-pikachu-lets-go-eevee", "url": "https://pokeapi.co/api/v2/version-group/19/"}}, {"flavor_text": "\uc190\ud1b1\uc774\ub098 \ub0ab \ub4f1\uc73c\ub85c\n\uc0c1\ub300\ub97c \ud560\ud034\uc5b4\uc11c \uacf5\uaca9\ud55c\ub2e4.\n2-5\ud68c \ub3d9\uc548 \uc5f0\uc18d\uc73c\ub85c \uc4f4\ub2e4.", "language": {"name": "ko", "url": "https://pokeapi.co/api/v2/language/3/"}, "version_group": {"name": "lets-go-pikachu-lets-go-eevee", "url": "https://pokeapi.co/api/v2/version-group/19/"}}, {"flavor_text": "\u7528\u722a\u5b50\u6216\u942e\u5200\u7b49\n\u5411\u5c0d\u624b\u9032\u884c\u653b\u64ca\u3002\n\u53ef\u9023\u7e8c\u653b\u64ca\uff12\uff5e\uff15\u6b21\u3002", "language": {"name": "zh-Hant", "url": "https://pokeapi.co/api/v2/language/4/"}, "version_group": {"name": "lets-go-pikachu-lets-go-eevee", "url": "https://pokeapi.co/api/v2/version-group/19/"}}, {"flavor_text": "L\u2019ennemi est lac\u00e9r\u00e9 par des faux ou des griffes\nde deux \u00e0 cinq fois d\u2019affil\u00e9e.", "language": {"name": "fr", "url": "https://pokeapi.co/api/v2/language/5/"}, "version_group": {"name": "lets-go-pikachu-lets-go-eevee", "url": "https://pokeapi.co/api/v2/version-group/19/"}}, {"flavor_text": "Beharkt das Ziel zwei- bis f\u00fcnfmal mit scharfen\nKlauen oder Sicheln.", "language": {"name": "de", "url": "https://pokeapi.co/api/v2/language/6/"}, "version_group": {"name": "lets-go-pikachu-lets-go-eevee", "url": "https://pokeapi.co/api/v2/version-group/19/"}}, {"flavor_text": "Ara\u00f1a r\u00e1pidamente de dos a cinco veces.", "language": {"name": "es", "url": "https://pokeapi.co/api/v2/language/7/"}, "version_group": {"name": "lets-go-pikachu-lets-go-eevee", "url": "https://pokeapi.co/api/v2/version-group/19/"}}, {"flavor_text": "Colpisce il bersaglio con artigli o falci affilate\nda due a cinque volte in rapida successione.", "language": {"name": "it", "url": "https://pokeapi.co/api/v2/language/8/"}, "version_group": {"name": "lets-go-pikachu-lets-go-eevee", "url": "https://pokeapi.co/api/v2/version-group/19/"}}, {"flavor_text": "The target is raked with sharp claws or scythes\nquickly two to five times in a row.", "language": {"name": "en", "url": "https://pokeapi.co/api/v2/language/9/"}, "version_group": {"name": "lets-go-pikachu-lets-go-eevee", "url": "https://pokeapi.co/api/v2/version-group/19/"}}, {"flavor_text": "\u30c4\u30e1\u3084\u3000\u30ab\u30de\u306a\u3069\u3067\n\u76f8\u624b\u3092\u3000\u3072\u3063\u304b\u3044\u3066\u3000\u653b\u6483\u3059\u308b\u3002\n\uff12\u30fc\uff15\u56de\u306e\u3000\u9593\u3000\u9023\u7d9a\u3067\u3000\u3060\u3059\u3002", "language": {"name": "ja", "url": "https://pokeapi.co/api/v2/language/11/"}, "version_group": {"name": "lets-go-pikachu-lets-go-eevee", "url": "https://pokeapi.co/api/v2/version-group/19/"}}, {"flavor_text": "\u7528\u722a\u5b50\u6216\u9570\u5200\u7b49\n\u6293\u5bf9\u624b\u8fdb\u884c\u653b\u51fb\u3002\n\u8fde\u7eed\u653b\u51fb\uff12\uff5e\uff15\u6b21\u3002", "language": {"name": "zh-Hans", "url": "https://pokeapi.co/api/v2/language/12/"}, "version_group": {"name": "lets-go-pikachu-lets-go-eevee", "url": "https://pokeapi.co/api/v2/version-group/19/"}}, {"flavor_text": "\u30c4\u30e1\u3084\u3000\u30ab\u30de\u306a\u3069\u3067\n\u3042\u3044\u3066\u3092\u3000\u3072\u3063\u304b\u3044\u3066\u3000\u3053\u3046\u3052\u304d\u3059\u308b\u3002\n\uff12\u30fc\uff15\u304b\u3044\u306e\u3000\u3042\u3044\u3060\u3000\u308c\u3093\u305e\u304f\u3067\u3000\u3060\u3059\u3002", "language": {"name": "ja-Hrkt", "url": "https://pokeapi.co/api/v2/language/1/"}, "version_group": {"name": "sword-shield", "url": "https://pokeapi.co/api/v2/version-group/20/"}}, {"flavor_text": "\uc190\ud1b1\uc774\ub098 \ub0ab \ub4f1\uc73c\ub85c\n\uc0c1\ub300\ub97c \ud560\ud034\uc5b4\uc11c \uacf5\uaca9\ud55c\ub2e4.\n2-5\ud68c \ub3d9\uc548 \uc5f0\uc18d\uc73c\ub85c \uc4f4\ub2e4.", "language": {"name": "ko", "url": "https://pokeapi.co/api/v2/language/3/"}, "version_group": {"name": "sword-shield", "url": "https://pokeapi.co/api/v2/version-group/20/"}}, {"flavor_text": "\u7528\u722a\u5b50\u6216\u942e\u5200\u7b49\n\u5411\u5c0d\u624b\u9032\u884c\u653b\u64ca\u3002\n\u53ef\u9023\u7e8c\u653b\u64ca\uff12\uff5e\uff15\u6b21\u3002", "language": {"name": "zh-Hant", "url": "https://pokeapi.co/api/v2/language/4/"}, "version_group": {"name": "sword-shield", "url": "https://pokeapi.co/api/v2/version-group/20/"}}, {"flavor_text": "L\u2019ennemi est lac\u00e9r\u00e9 par des faux ou des griffes\nde deux \u00e0 cinq fois d\u2019affil\u00e9e.", "language": {"name": "fr", "url": "https://pokeapi.co/api/v2/language/5/"}, "version_group": {"name": "sword-shield", "url": "https://pokeapi.co/api/v2/version-group/20/"}}, {"flavor_text": "Beharkt das Ziel zwei- bis f\u00fcnfmal mit scharfen Klauen\noder Sicheln.", "language": {"name": "de", "url": "https://pokeapi.co/api/v2/language/6/"}, "version_group": {"name": "sword-shield", "url": "https://pokeapi.co/api/v2/version-group/20/"}}, {"flavor_text": "Ara\u00f1a r\u00e1pidamente de dos a cinco veces.", "language": {"name": "es", "url": "https://pokeapi.co/api/v2/language/7/"}, "version_group": {"name": "sword-shield", "url": "https://pokeapi.co/api/v2/version-group/20/"}}, {"flavor_text": "Colpisce il bersaglio con artigli o falci affilate\nda due a cinque volte in rapida successione.", "language": {"name": "it", "url": "https://pokeapi.co/api/v2/language/8/"}, "version_group": {"name": "sword-shield", "url": "https://pokeapi.co/api/v2/version-group/20/"}}, {"flavor_text": "The target is raked with sharp claws or scythes\nquickly two to five times in a row.", "language": {"name": "en", "url": "https://pokeapi.co/api/v2/language/9/"}, "version_group": {"name": "sword-shield", "url": "https://pokeapi.co/api/v2/version-group/20/"}}, {"flavor_text": "\u30c4\u30e1\u3084\u3000\u30ab\u30de\u306a\u3069\u3067\n\u76f8\u624b\u3092\u3000\u3072\u3063\u304b\u3044\u3066\u3000\u653b\u6483\u3059\u308b\u3002\n\uff12\u30fc\uff15\u56de\u306e\u3000\u9593\u3000\u9023\u7d9a\u3067\u3000\u3060\u3059\u3002", "language": {"name": "ja", "url": "https://pokeapi.co/api/v2/language/11/"}, "version_group": {"name": "sword-shield", "url": "https://pokeapi.co/api/v2/version-group/20/"}}, {"flavor_text": "\u7528\u722a\u5b50\u6216\u9570\u5200\u7b49\n\u6293\u5bf9\u624b\u8fdb\u884c\u653b\u51fb\u3002\n\u8fde\u7eed\u653b\u51fb\uff12\uff5e\uff15\u6b21\u3002", "language": {"name": "zh-Hans", "url": "https://pokeapi.co/api/v2/language/12/"}, "version_group": {"name": "sword-shield", "url": "https://pokeapi.co/api/v2/version-group/20/"}}, {"flavor_text": "The target is raked with sharp claws or scythes quickly two to five times in a row.", "language": {"name": "en", "url": "https://pokeapi.co/api/v2/language/9/"}, "version_group": {"name": "legends-arceus", "url": "https://pokeapi.co/api/v2/version-group/24/"}}, {"flavor_text": "The user attacks by raking the target with claws, scythes, or the like. This move hits two to five times in a row.", "language": {"name": "en", "url": "https://pokeapi.co/api/v2/language/9/"}, "version_group": {"name": "scarlet-violet", "url": "https://pokeapi.co/api/v2/version-group/25/"}}], "generation": {"name": "generation-i", "url": "https://pokeapi.co/api/v2/generation/1/"}, "id": 154, "learned_by_pokemon": [{"name": "charmander", "url": "https://pokeapi.co/api/v2/pokemon/4/"}, {"name": "charmeleon", "url": "https://pokeapi.co/api/v2/pokemon/5/"}, {"name": "charizard", "url": "https://pokeapi.co/api/v2/pokemon/6/"}, {"name": "rattata", "url": "https://pokeapi.co/api/v2/pokemon/19/"}, {"name": "raticate", "url": "https://pokeapi.co/api/v2/pokemon/20/"}, {"name": "sandshrew", "url": "https://pokeapi.co/api/v2/pokemon/27/"}, {"name": "sandslash", "url": "https://pokeapi.co/api/v2/pokemon/28/"}, {"name": "nidoran-f", "url": "https://pokeapi.co/api/v2/pokemon/29/"}, {"name": "nidorina", "url": "https://pokeapi.co/api/v2/pokemon/30/"}, {"name": "nidoqueen", "url": "https://pokeapi.co/api/v2/pokemon/31/"}, {"name": "paras", "url": "https://pokeapi.co/api/v2/pokemon/46/"}, {"name": "parasect", "url": "https://pokeapi.co/api/v2/pokemon/47/"}, {"name": "diglett", "url": "https://pokeapi.co/api/v2/pokemon/50/"}, {"name": "dugtrio", "url": "https://pokeapi.co/api/v2/pokemon/51/"}, {"name": "meowth", "url": "https://pokeapi.co/api/v2/pokemon/52/"}, {"name": "persian", "url": "https://pokeapi.co/api/v2/pokemon/53/"}, {"name": "psyduck", "url": "https://pokeapi.co/api/v2/pokemon/54/"}, {"name": "golduck", "url": "https://pokeapi.co/api/v2/pokemon/55/"}, {"name": "mankey", "url": "https://pokeapi.co/api/v2/pokemon/56/"}, {"name": "primeape", "url": "https://pokeapi.co/api/v2/pokemon/57/"}, {"name": "cyndaquil", "url": "https://pokeapi.co/api/v2/pokemon/155/"}, {"name": "sentret", "url": "https://pokeapi.co/api/v2/pokemon/161/"}, {"name": "furret", "url": "https://pokeapi.co/api/v2/pokemon/162/"}, {"name": "spinarak", "url": "https://pokeapi.co/api/v2/pokemon/167/"}, {"name": "ariados", "url": "https://pokeapi.co/api/v2/pokemon/168/"}, {"name": "aipom", "url": "https://pokeapi.co/api/v2/pokemon/190/"}, {"name": "sneasel", "url": "https://pokeapi.co/api/v2/pokemon/215/"}, {"name": "teddiursa", "url": "https://pokeapi.co/api/v2/pokemon/216/"}, {"name": "ursaring", "url": "https://pokeapi.co/api/v2/pokemon/217/"}, {"name": "linoone", "url": "https://pokeapi.co/api/v2/pokemon/264/"}, {"name": "lombre", "url": "https://pokeapi.co/api/v2/pokemon/271/"}, {"name": "ludicolo", "url": "https://pokeapi.co/api/v2/pokemon/272/"}, {"name": "vigoroth", "url": "https://pokeapi.co/api/v2/pokemon/288/"}, {"name": "slaking", "url": "https://pokeapi.co/api/v2/pokemon/289/"}, {"name": "nincada", "url": "https://pokeapi.co/api/v2/pokemon/290/"}, {"name": "ninjask", "url": "https://pokeapi.co/api/v2/pokemon/291/"}, {"name": "shedinja", "url": "https://pokeapi.co/api/v2/pokemon/292/"}, {"name": "skitty", "url": "https://pokeapi.co/api/v2/pokemon/300/"}, {"name": "delcatty", "url": "https://pokeapi.co/api/v2/pokemon/301/"}, {"name": "sableye", "url": "https://pokeapi.co/api/v2/pokemon/302/"}, {"name": "zangoose", "url": "https://pokeapi.co/api/v2/pokemon/335/"}, {"name": "kecleon", "url": "https://pokeapi.co/api/v2/pokemon/352/"}, {"name": "chimchar", "url": "https://pokeapi.co/api/v2/pokemon/390/"}, {"name": "monferno", "url": "https://pokeapi.co/api/v2/pokemon/391/"}, {"name": "infernape", "url": "https://pokeapi.co/api/v2/pokemon/392/"}, {"name": "bidoof", "url": "https://pokeapi.co/api/v2/pokemon/399/"}, {"name": "vespiquen", "url": "https://pokeapi.co/api/v2/pokemon/416/"}, {"name": "buizel", "url": "https://pokeapi.co/api/v2/pokemon/418/"}, {"name": "ambipom", "url": "https://pokeapi.co/api/v2/pokemon/424/"}, {"name": "glameow", "url": "https://pokeapi.co/api/v2/pokemon/431/"}, {"name": "purugly", "url": "https://pokeapi.co/api/v2/pokemon/432/"}, {"name": "stunky", "url": "https://pokeapi.co/api/v2/pokemon/434/"}, {"name": "skuntank", "url": "https://pokeapi.co/api/v2/pokemon/435/"}, {"name": "weavile", "url": "https://pokeapi.co/api/v2/pokemon/461/"}, {"name": "purrloin", "url": "https://pokeapi.co/api/v2/pokemon/509/"}, {"name": "liepard", "url": "https://pokeapi.co/api/v2/pokemon/510/"}, {"name": "pansage", "url": "https://pokeapi.co/api/v2/pokemon/511/"}, {"name": "simisage", "url": "https://pokeapi.co/api/v2/pokemon/512/"}, {"name": "pansear", "url": "https://pokeapi.co/api/v2/pokemon/513/"}, {"name": "simisear", "url": "https://pokeapi.co/api/v2/pokemon/514/"}, {"name": "panpour", "url": "https://pokeapi.co/api/v2/pokemon/515/"}, {"name": "simipour", "url": "https://pokeapi.co/api/v2/pokemon/516/"}, {"name": "drilbur", "url": "https://pokeapi.co/api/v2/pokemon/529/"}, {"name": "excadrill", "url": "https://pokeapi.co/api/v2/pokemon/530/"}, {"name": "zorua", "url": "https://pokeapi.co/api/v2/pokemon/570/"}, {"name": "zoroark", "url": "https://pokeapi.co/api/v2/pokemon/571/"}, {"name": "cubchoo", "url": "https://pokeapi.co/api/v2/pokemon/613/"}, {"name": "beartic", "url": "https://pokeapi.co/api/v2/pokemon/614/"}, {"name": "mienfoo", "url": "https://pokeapi.co/api/v2/pokemon/619/"}, {"name": "mienshao", "url": "https://pokeapi.co/api/v2/pokemon/620/"}, {"name": "heatmor", "url": "https://pokeapi.co/api/v2/pokemon/631/"}, {"name": "binacle", "url": "https://pokeapi.co/api/v2/pokemon/688/"}, {"name": "barbaracle", "url": "https://pokeapi.co/api/v2/pokemon/689/"}, {"name": "litten", "url": "https://pokeapi.co/api/v2/pokemon/725/"}, {"name": "torracat", "url": "https://pokeapi.co/api/v2/pokemon/726/"}, {"name": "incineroar", "url": "https://pokeapi.co/api/v2/pokemon/727/"}, {"name": "zeraora", "url": "https://pokeapi.co/api/v2/pokemon/807/"}, {"name": "obstagoon", "url": "https://pokeapi.co/api/v2/pokemon/862/"}, {"name": "perrserker", "url": "https://pokeapi.co/api/v2/pokemon/863/"}, {"name": "zarude", "url": "https://pokeapi.co/api/v2/pokemon/893/"}, {"name": "ursaluna", "url": "https://pokeapi.co/api/v2/pokemon/901/"}, {"name": "shroodle", "url": "https://pokeapi.co/api/v2/pokemon/944/"}, {"name": "grafaiai", "url": "https://pokeapi.co/api/v2/pokemon/945/"}, {"name": "annihilape", "url": "https://pokeapi.co/api/v2/pokemon/979/"}, {"name": "charizard-mega-x", "url": "https://pokeapi.co/api/v2/pokemon/10034/"}, {"name": "charizard-mega-y", "url": "https://pokeapi.co/api/v2/pokemon/10035/"}, {"name": "sableye-mega", "url": "https://pokeapi.co/api/v2/pokemon/10066/"}, {"name": "rattata-alola", "url": "https://pokeapi.co/api/v2/pokemon/10091/"}, {"name": "raticate-alola", "url": "https://pokeapi.co/api/v2/pokemon/10092/"}, {"name": "sandshrew-alola", "url": "https://pokeapi.co/api/v2/pokemon/10101/"}, {"name": "sandslash-alola", "url": "https://pokeapi.co/api/v2/pokemon/10102/"}, {"name": "diglett-alola", "url": "https://pokeapi.co/api/v2/pokemon/10105/"}, {"name": "dugtrio-alola", "url": "https://pokeapi.co/api/v2/pokemon/10106/"}, {"name": "meowth-alola", "url": "https://pokeapi.co/api/v2/pokemon/10107/"}, {"name": "persian-alola", "url": "https://pokeapi.co/api/v2/pokemon/10108/"}, {"name": "meowth-galar", "url": "https://pokeapi.co/api/v2/pokemon/10161/"}, {"name": "linoone-galar", "url": "https://pokeapi.co/api/v2/pokemon/10175/"}, {"name": "zarude-dada", "url": "https://pokeapi.co/api/v2/pokemon/10192/"}, {"name": "ursaluna-bloodmoon", "url": "https://pokeapi.co/api/v2/pokemon/10272/"}], "machines": [], "meta": {"ailment": {"name": "none", "url": "https://pokeapi.co/api/v2/move-ailment/0/"}, "ailment_chance": 0, "category": {"name": "damage", "url": "https://pokeapi.co/api/v2/move-category/0/"}, "crit_rate": 0, "drain": 0, "flinch_chance": 0, "healing": 0, "max_hits": 5, "max_turns": null, "min_hits": 2, "min_turns": null, "stat_chance": 0}, "name": "fury-swipes", "names": [{"language": {"name": "ja-Hrkt", "url": "https://pokeapi.co/api/v2/language/1/"}, "name": "\u307f\u3060\u308c\u3072\u3063\u304b\u304d"}, {"language": {"name": "ko", "url": "https://pokeapi.co/api/v2/language/3/"}, "name": "\ub9c8\uad6c\ud560\ud034\uae30"}, {"language": {"name": "zh-Hant", "url": "https://pokeapi.co/api/v2/language/4/"}, "name": "\u4e82\u6293"}, {"language": {"name": "fr", "url": "https://pokeapi.co/api/v2/language/5/"}, "name": "Combo-Griffe"}, {"language": {"name": "de", "url": "https://pokeapi.co/api/v2/language/6/"}, "name": "Kratzfurie"}, {"language": {"name": "es", "url": "https://pokeapi.co/api/v2/language/7/"}, "name": "Golpes Furia"}, {"language": {"name": "it", "url": "https://pokeapi.co/api/v2/language/8/"}, "name": "Sfuriate"}, {"language": {"name": "en", "url": "https://pokeapi.co/api/v2/language/9/"}, "name": "Fury Swipes"}, {"language": {"name": "ja", "url": "https://pokeapi.co/api/v2/language/11/"}, "name": "\u307f\u3060\u308c\u3072\u3063\u304b\u304d"}, {"language": {"name": "zh-Hans", "url": "https://pokeapi.co/api/v2/language/12/"}, "name": "\u4e71\u6293"}], "past_values": [], "power": 18, "pp": 15, "priority": 0, "stat_changes": [], "super_contest_effect": {"url": "https://pokeapi.co/api/v2/super-contest-effect/7/"}, "target": {"name": "selected-pokemon", "url": "https://pokeapi.co/api/v2/move-target/10/"}, "type": {"name": "normal", "url": "https://pokeapi.co/api/v2/type/1/"}}