{"accuracy": 80, "contest_combos": {"normal": {"use_after": [{"name": "rain-dance", "url": "https://pokeapi.co/api/v2/move/240/"}], "use_before": null}, "super": {"use_after": [{"name": "psych-up", "url": "https://pokeapi.co/api/v2/move/244/"}], "use_before": null}}, "contest_effect": {"url": "https://pokeapi.co/api/v2/contest-effect/1/"}, "contest_type": {"name": "beauty", "url": "https://pokeapi.co/api/v2/contest-type/2/"}, "damage_class": {"name": "special", "url": "https://pokeapi.co/api/v2/move-damage-class/3/"}, "effect_chance": null, "effect_changes": [], "effect_entries": [{"effect": "Inflicts regular damage.", "language": {"name": "en", "url": "https://pokeapi.co/api/v2/language/9/"}, "short_effect": "Inflicts regular damage with no additional effect."}], "flavor_text_entries": [{"flavor_text": "A powerful water-\ntype attack.", "language": {"name": "en", "url": "https://pokeapi.co/api/v2/language/9/"}, "version_group": {"name": "gold-silver", "url": "https://pokeapi.co/api/v2/version-group/3/"}}, {"flavor_text": "A powerful water-\ntype attack.", "language": {"name": "en", "url": "https://pokeapi.co/api/v2/language/9/"}, "version_group": {"name": "crystal", "url": "https://pokeapi.co/api/v2/version-group/4/"}}, {"flavor_text": "Blasts water at high power\nto strike the foe.", "language": {"name": "en", "url": "https://pokeapi.co/api/v2/language/9/"}, "version_group": {"name": "ruby-sapphire", "url": "https://pokeapi.co/api/v2/version-group/5/"}}, {"flavor_text": "Blasts water at high power\nto strike the foe.", "language": {"name": "en", "url": "https://pokeapi.co/api/v2/language/9/"}, "version_group": {"name": "emerald", "url": "https://pokeapi.co/api/v2/version-group/6/"}}, {"flavor_text": "A high volume of\nwater is blasted at\nthe foe under great\npressure.", "language": {"name": "en", "url": "https://pokeapi.co/api/v2/language/9/"}, "version_group": {"name": "firered-leafgreen", "url": "https://pokeapi.co/api/v2/version-group/7/"}}, {"flavor_text": "The foe is blasted by\na huge volume of\nwater launched under\ngreat pressure.\n", "language": {"name": "en", "url": "https://pokeapi.co/api/v2/language/9/"}, "version_group": {"name": "diamond-pearl", "url": "https://pokeapi.co/api/v2/version-group/8/"}}, {"flavor_text": "The foe is blasted by\na huge volume of\nwater launched under\ngreat pressure.\n", "language": {"name": "en", "url": "https://pokeapi.co/api/v2/language/9/"}, "version_group": {"name": "platinum", "url": "https://pokeapi.co/api/v2/version-group/9/"}}, {"flavor_text": "The foe is blasted by\na huge volume of\nwater launched under\ngreat pressure.\n", "language": {"name": "en", "url": "https://pokeapi.co/api/v2/language/9/"}, "version_group": {"name": "heartgold-soulsilver", "url": "https://pokeapi.co/api/v2/version-group/10/"}}, {"flavor_text": "Un puissant jet d\u2019eau est\ndirig\u00e9 sur l\u2019ennemi.", "language": {"name": "fr", "url": "https://pokeapi.co/api/v2/language/5/"}, "version_group": {"name": "black-white", "url": "https://pokeapi.co/api/v2/version-group/11/"}}, {"flavor_text": "The target is blasted by a huge volume\nof water launched under great pressure.", "language": {"name": "en", "url": "https://pokeapi.co/api/v2/language/9/"}, "version_group": {"name": "black-white", "url": "https://pokeapi.co/api/v2/version-group/11/"}}, {"flavor_text": "The target is blasted by a huge volume\nof water launched under great pressure.", "language": {"name": "en", "url": "https://pokeapi.co/api/v2/language/9/"}, "version_group": {"name": "black-2-white-2", "url": "https://pokeapi.co/api/v2/version-group/14/"}}, {"flavor_text": "\u305f\u3044\u308a\u3087\u3046\u306e\u3000\u307f\u305a\u3092\n\u306f\u3052\u3057\u3044\u3000\u3044\u304d\u304a\u3044\u3067\n\u3042\u3044\u3066\u306b\u3000\u306f\u3063\u3057\u3083\u3057\u3066\u3000\u3053\u3046\u3052\u304d\u3059\u308b\u3002", "language": {"name": "ja-Hrkt", "url": "https://pokeapi.co/api/v2/language/1/"}, "version_group": {"name": "x-y", "url": "https://pokeapi.co/api/v2/version-group/15/"}}, {"flavor_text": "\ub300\ub7c9\uc758 \ubb3c\uc744\n\uc138\ucc2c \uae30\uc138\ub85c\n\uc0c1\ub300\uc5d0\uac8c \ubc1c\uc0ac\ud558\uc5ec \uacf5\uaca9\ud55c\ub2e4.", "language": {"name": "ko", "url": "https://pokeapi.co/api/v2/language/3/"}, "version_group": {"name": "x-y", "url": "https://pokeapi.co/api/v2/version-group/15/"}}, {"flavor_text": "Un puissant jet d\u2019eau est dirig\u00e9 sur l\u2019ennemi.", "language": {"name": "fr", "url": "https://pokeapi.co/api/v2/language/5/"}, "version_group": {"name": "x-y", "url": "https://pokeapi.co/api/v2/version-group/15/"}}, {"flavor_text": "Spritzt eine Menge Wasser mit Hochdruck\nauf das Ziel.", "language": {"name": "de", "url": "https://pokeapi.co/api/v2/language/6/"}, "version_group": {"name": "x-y", "url": "https://pokeapi.co/api/v2/version-group/15/"}}, {"flavor_text": "Lanza una gran masa de agua a presi\u00f3n para\natacar.", "language": {"name": "es", "url": "https://pokeapi.co/api/v2/language/7/"}, "version_group": {"name": "x-y", "url": "https://pokeapi.co/api/v2/version-group/15/"}}, {"flavor_text": "Il bersaglio \u00e8 travolto da un potente getto d\u2019acqua\nspruzzato ad altissima pressione.", "language": {"name": "it", "url": "https://pokeapi.co/api/v2/language/8/"}, "version_group": {"name": "x-y", "url": "https://pokeapi.co/api/v2/version-group/15/"}}, {"flavor_text": "The target is blasted by a huge volume\nof water launched under great pressure.", "language": {"name": "en", "url": "https://pokeapi.co/api/v2/language/9/"}, "version_group": {"name": "x-y", "url": "https://pokeapi.co/api/v2/version-group/15/"}}, {"flavor_text": "\u5927\u91cf\u306e\u3000\u6c34\u3092\n\u6fc0\u3057\u3044\u3000\u52e2\u3044\u3067\n\u76f8\u624b\u306b\u3000\u767a\u5c04\u3057\u3066\u3000\u653b\u6483\u3059\u308b\u3002", "language": {"name": "ja", "url": "https://pokeapi.co/api/v2/language/11/"}, "version_group": {"name": "x-y", "url": "https://pokeapi.co/api/v2/version-group/15/"}}, {"flavor_text": "\u305f\u3044\u308a\u3087\u3046\u306e\u3000\u202f\u305a\u3092\n\u306f\u3052\u3057\u3044\u3000\u3044\u304d\u304a\u3044\u3067\n\u3042\u3044\u3066\u306b\u3000\u306f\u3063\u3057\u3083\u3057\u3066\u3000\u3053\u3046\u3052\u304d\u3059\u308b\u3002", "language": {"name": "ja-Hrkt", "url": "https://pokeapi.co/api/v2/language/1/"}, "version_group": {"name": "omega-ruby-alpha-sapphire", "url": "https://pokeapi.co/api/v2/version-group/16/"}}, {"flavor_text": "\ub300\ub7c9\uc758 \ubb3c\uc744\n\uc138\ucc2c \uae30\uc138\ub85c\n\uc0c1\ub300\uc5d0\uac8c \ubc1c\uc0ac\ud558\uc5ec \uacf5\uaca9\ud55c\ub2e4.", "language": {"name": "ko", "url": "https://pokeapi.co/api/v2/language/3/"}, "version_group": {"name": "omega-ruby-alpha-sapphire", "url": "https://pokeapi.co/api/v2/version-group/16/"}}, {"flavor_text": "Un puissant jet d\u2019eau est dirig\u00e9 sur l\u2019ennemi.", "language": {"name": "fr", "url": "https://pokeapi.co/api/v2/language/5/"}, "version_group": {"name": "omega-ruby-alpha-sapphire", "url": "https://pokeapi.co/api/v2/version-group/16/"}}, {"flavor_text": "Spritzt eine Menge Wasser mit Hochdruck\nauf das Ziel.", "language": {"name": "de", "url": "https://pokeapi.co/api/v2/language/6/"}, "version_group": {"name": "omega-ruby-alpha-sapphire", "url": "https://pokeapi.co/api/v2/version-group/16/"}}, {"flavor_text": "Lanza una gran masa de agua a presi\u00f3n para atacar. ", "language": {"name": "es", "url": "https://pokeapi.co/api/v2/language/7/"}, "version_group": {"name": "omega-ruby-alpha-sapphire", "url": "https://pokeapi.co/api/v2/version-group/16/"}}, {"flavor_text": "Il bersaglio \u00e8 travolto da un potente getto d\u2019acqua\nspruzzato ad altissima pressione.", "language": {"name": "it", "url": "https://pokeapi.co/api/v2/language/8/"}, "version_group": {"name": "omega-ruby-alpha-sapphire", "url": "https://pokeapi.co/api/v2/version-group/16/"}}, {"flavor_text": "The target is blasted by a huge volume\nof water launched under great pressure.", "language": {"name": "en", "url": "https://pokeapi.co/api/v2/language/9/"}, "version_group": {"name": "omega-ruby-alpha-sapphire", "url": "https://pokeapi.co/api/v2/version-group/16/"}}, {"flavor_text": "\u5927\u91cf\u306e\u3000\u6c34\u3092\n\u6fc0\u3057\u3044\u3000\u52e2\u3044\u3067\n\u76f8\u624b\u306b\u3000\u767a\u5c04\u3057\u3066\u3000\u653b\u6483\u3059\u308b\u3002", "language": {"name": "ja", "url": "https://pokeapi.co/api/v2/language/11/"}, "version_group": {"name": "omega-ruby-alpha-sapphire", "url": "https://pokeapi.co/api/v2/version-group/16/"}}, {"flavor_text": "\u305f\u3044\u308a\u3087\u3046\u306e\u3000\u307f\u305a\u3092\n\u306f\u3052\u3057\u3044\u3000\u3044\u304d\u304a\u3044\u3067\n\u3042\u3044\u3066\u306b\u3000\u306f\u3063\u3057\u3083\u3057\u3066\u3000\u3053\u3046\u3052\u304d\u3059\u308b\u3002", "language": {"name": "ja-Hrkt", "url": "https://pokeapi.co/api/v2/language/1/"}, "version_group": {"name": "sun-moon", "url": "https://pokeapi.co/api/v2/version-group/17/"}}, {"flavor_text": "\ub300\ub7c9\uc758 \ubb3c\uc744\n\uc138\ucc2c \uae30\uc138\ub85c\n\uc0c1\ub300\uc5d0\uac8c \ubc1c\uc0ac\ud558\uc5ec \uacf5\uaca9\ud55c\ub2e4.", "language": {"name": "ko", "url": "https://pokeapi.co/api/v2/language/3/"}, "version_group": {"name": "sun-moon", "url": "https://pokeapi.co/api/v2/version-group/17/"}}, {"flavor_text": "\u5411\u5c0d\u624b\u731b\u70c8\u5730\u5674\u5c04\n\u5927\u91cf\u6c34\u6d41\u9032\u884c\u653b\u64ca\u3002", "language": {"name": "zh-Hant", "url": "https://pokeapi.co/api/v2/language/4/"}, "version_group": {"name": "sun-moon", "url": "https://pokeapi.co/api/v2/version-group/17/"}}, {"flavor_text": "Un puissant jet d\u2019eau est dirig\u00e9 sur l\u2019ennemi.", "language": {"name": "fr", "url": "https://pokeapi.co/api/v2/language/5/"}, "version_group": {"name": "sun-moon", "url": "https://pokeapi.co/api/v2/version-group/17/"}}, {"flavor_text": "Spritzt eine Menge Wasser mit Hochdruck auf\ndas Ziel.", "language": {"name": "de", "url": "https://pokeapi.co/api/v2/language/6/"}, "version_group": {"name": "sun-moon", "url": "https://pokeapi.co/api/v2/version-group/17/"}}, {"flavor_text": "Lanza una gran masa de agua a presi\u00f3n para atacar. ", "language": {"name": "es", "url": "https://pokeapi.co/api/v2/language/7/"}, "version_group": {"name": "sun-moon", "url": "https://pokeapi.co/api/v2/version-group/17/"}}, {"flavor_text": "Il bersaglio \u00e8 travolto da un potente getto d\u2019acqua\nspruzzato ad altissima pressione.", "language": {"name": "it", "url": "https://pokeapi.co/api/v2/language/8/"}, "version_group": {"name": "sun-moon", "url": "https://pokeapi.co/api/v2/version-group/17/"}}, {"flavor_text": "The target is blasted by a huge volume of water\nlaunched under great pressure.", "language": {"name": "en", "url": "https://pokeapi.co/api/v2/language/9/"}, "version_group": {"name": "sun-moon", "url": "https://pokeapi.co/api/v2/version-group/17/"}}, {"flavor_text": "\u5927\u91cf\u306e\u3000\u6c34\u3092\n\u6fc0\u3057\u3044\u3000\u52e2\u3044\u3067\n\u76f8\u624b\u306b\u3000\u767a\u5c04\u3057\u3066\u3000\u653b\u6483\u3059\u308b\u3002", "language": {"name": "ja", "url": "https://pokeapi.co/api/v2/language/11/"}, "version_group": {"name": "sun-moon", "url": "https://pokeapi.co/api/v2/version-group/17/"}}, {"flavor_text": "\u5411\u5bf9\u624b\u731b\u70c8\u5730\u55b7\u5c04\n\u5927\u91cf\u6c34\u6d41\u8fdb\u884c\u653b\u51fb\u3002", "language": {"name": "zh-Hans", "url": "https://pokeapi.co/api/v2/language/12/"}, "version_group": {"name": "sun-moon", "url": "https://pokeapi.co/api/v2/version-group/17/"}}, {"flavor_text": "\u305f\u3044\u308a\u3087\u3046\u306e\u3000\u307f\u305a\u3092\n\u306f\u3052\u3057\u3044\u3000\u3044\u304d\u304a\u3044\u3067\n\u3042\u3044\u3066\u306b\u3000\u306f\u3063\u3057\u3083\u3057\u3066\u3000\u3053\u3046\u3052\u304d\u3059\u308b\u3002", "language": {"name": "ja-Hrkt", "url": "https://pokeapi.co/api/v2/language/1/"}, "version_group": {"name": "ultra-sun-ultra-moon", "url": "https://pokeapi.co/api/v2/version-group/18/"}}, {"flavor_text": "\ub300\ub7c9\uc758 \ubb3c\uc744\n\uc138\ucc2c \uae30\uc138\ub85c\n\uc0c1\ub300\uc5d0\uac8c \ubc1c\uc0ac\ud558\uc5ec \uacf5\uaca9\ud55c\ub2e4.", "language": {"name": "ko", "url": "https://pokeapi.co/api/v2/language/3/"}, "version_group": {"name": "ultra-sun-ultra-moon", "url": "https://pokeapi.co/api/v2/version-group/18/"}}, {"flavor_text": "\u5411\u5c0d\u624b\u731b\u70c8\u5730\u5674\u5c04\n\u5927\u91cf\u6c34\u6d41\u9032\u884c\u653b\u64ca\u3002", "language": {"name": "zh-Hant", "url": "https://pokeapi.co/api/v2/language/4/"}, "version_group": {"name": "ultra-sun-ultra-moon", "url": "https://pokeapi.co/api/v2/version-group/18/"}}, {"flavor_text": "Un puissant jet d\u2019eau est dirig\u00e9 sur l\u2019ennemi.", "language": {"name": "fr", "url": "https://pokeapi.co/api/v2/language/5/"}, "version_group": {"name": "ultra-sun-ultra-moon", "url": "https://pokeapi.co/api/v2/version-group/18/"}}, {"flavor_text": "Spritzt eine Menge Wasser mit Hochdruck auf\ndas Ziel.", "language": {"name": "de", "url": "https://pokeapi.co/api/v2/language/6/"}, "version_group": {"name": "ultra-sun-ultra-moon", "url": "https://pokeapi.co/api/v2/version-group/18/"}}, {"flavor_text": "Lanza una gran masa de agua a presi\u00f3n para atacar. ", "language": {"name": "es", "url": "https://pokeapi.co/api/v2/language/7/"}, "version_group": {"name": "ultra-sun-ultra-moon", "url": "https://pokeapi.co/api/v2/version-group/18/"}}, {"flavor_text": "Il bersaglio \u00e8 travolto da un potente getto d\u2019acqua\nspruzzato ad altissima pressione.", "language": {"name": "it", "url": "https://pokeapi.co/api/v2/language/8/"}, "version_group": {"name": "ultra-sun-ultra-moon", "url": "https://pokeapi.co/api/v2/version-group/18/"}}, {"flavor_text": "The target is blasted by a huge volume of water\nlaunched under great pressure.", "language": {"name": "en", "url": "https://pokeapi.co/api/v2/language/9/"}, "version_group": {"name": "ultra-sun-ultra-moon", "url": "https://pokeapi.co/api/v2/version-group/18/"}}, {"flavor_text": "\u5927\u91cf\u306e\u3000\u6c34\u3092\n\u6fc0\u3057\u3044\u3000\u52e2\u3044\u3067\n\u76f8\u624b\u306b\u3000\u767a\u5c04\u3057\u3066\u3000\u653b\u6483\u3059\u308b\u3002", "language": {"name": "ja", "url": "https://pokeapi.co/api/v2/language/11/"}, "version_group": {"name": "ultra-sun-ultra-moon", "url": "https://pokeapi.co/api/v2/version-group/18/"}}, {"flavor_text": "\u5411\u5bf9\u624b\u731b\u70c8\u5730\u55b7\u5c04\n\u5927\u91cf\u6c34\u6d41\u8fdb\u884c\u653b\u51fb\u3002", "language": {"name": "zh-Hans", "url": "https://pokeapi.co/api/v2/language/12/"}, "version_group": {"name": "ultra-sun-ultra-moon", "url": "https://pokeapi.co/api/v2/version-group/18/"}}, {"flavor_text": "\u305f\u3044\u308a\u3087\u3046\u306e\u3000\u307f\u305a\u3092\n\u306f\u3052\u3057\u3044\u3000\u3044\u304d\u304a\u3044\u3067\n\u3042\u3044\u3066\u306b\u3000\u306f\u3063\u3057\u3083\u3057\u3066\u3000\u3053\u3046\u3052\u304d\u3059\u308b\u3002", "language": {"name": "ja-Hrkt", "url": "https://pokeapi.co/api/v2/language/1/"}, "version_group": {"name": "lets-go-pikachu-lets-go-eevee", "url": "https://pokeapi.co/api/v2/version-group/19/"}}, {"flavor_text": "\ub300\ub7c9\uc758 \ubb3c\uc744\n\uc138\ucc2c \uae30\uc138\ub85c\n\uc0c1\ub300\uc5d0\uac8c \ubc1c\uc0ac\ud558\uc5ec \uacf5\uaca9\ud55c\ub2e4.", "language": {"name": "ko", "url": "https://pokeapi.co/api/v2/language/3/"}, "version_group": {"name": "lets-go-pikachu-lets-go-eevee", "url": "https://pokeapi.co/api/v2/version-group/19/"}}, {"flavor_text": "\u5411\u5c0d\u624b\u731b\u70c8\u5730\u5674\u5c04\n\u5927\u91cf\u6c34\u6d41\u9032\u884c\u653b\u64ca\u3002", "language": {"name": "zh-Hant", "url": "https://pokeapi.co/api/v2/language/4/"}, "version_group": {"name": "lets-go-pikachu-lets-go-eevee", "url": "https://pokeapi.co/api/v2/version-group/19/"}}, {"flavor_text": "Un puissant jet d\u2019eau est dirig\u00e9 sur l\u2019ennemi.", "language": {"name": "fr", "url": "https://pokeapi.co/api/v2/language/5/"}, "version_group": {"name": "lets-go-pikachu-lets-go-eevee", "url": "https://pokeapi.co/api/v2/version-group/19/"}}, {"flavor_text": "Spritzt eine Menge Wasser mit Hochdruck auf\ndas Ziel.", "language": {"name": "de", "url": "https://pokeapi.co/api/v2/language/6/"}, "version_group": {"name": "lets-go-pikachu-lets-go-eevee", "url": "https://pokeapi.co/api/v2/version-group/19/"}}, {"flavor_text": "Lanza una gran masa de agua a presi\u00f3n para atacar. ", "language": {"name": "es", "url": "https://pokeapi.co/api/v2/language/7/"}, "version_group": {"name": "lets-go-pikachu-lets-go-eevee", "url": "https://pokeapi.co/api/v2/version-group/19/"}}, {"flavor_text": "Il bersaglio \u00e8 travolto da un potente getto d\u2019acqua\nspruzzato ad altissima pressione.", "language": {"name": "it", "url": "https://pokeapi.co/api/v2/language/8/"}, "version_group": {"name": "lets-go-pikachu-lets-go-eevee", "url": "https://pokeapi.co/api/v2/version-group/19/"}}, {"flavor_text": "The target is blasted by a huge volume of water\nlaunched under great pressure.", "language": {"name": "en", "url": "https://pokeapi.co/api/v2/language/9/"}, "version_group": {"name": "lets-go-pikachu-lets-go-eevee", "url": "https://pokeapi.co/api/v2/version-group/19/"}}, {"flavor_text": "\u5927\u91cf\u306e\u3000\u6c34\u3092\n\u6fc0\u3057\u3044\u3000\u52e2\u3044\u3067\n\u76f8\u624b\u306b\u3000\u767a\u5c04\u3057\u3066\u3000\u653b\u6483\u3059\u308b\u3002", "language": {"name": "ja", "url": "https://pokeapi.co/api/v2/language/11/"}, "version_group": {"name": "lets-go-pikachu-lets-go-eevee", "url": "https://pokeapi.co/api/v2/version-group/19/"}}, {"flavor_text": "\u5411\u5bf9\u624b\u731b\u70c8\u5730\u55b7\u5c04\n\u5927\u91cf\u6c34\u6d41\u8fdb\u884c\u653b\u51fb\u3002", "language": {"name": "zh-Hans", "url": "https://pokeapi.co/api/v2/language/12/"}, "version_group": {"name": "lets-go-pikachu-lets-go-eevee", "url": "https://pokeapi.co/api/v2/version-group/19/"}}, {"flavor_text": "\u305f\u3044\u308a\u3087\u3046\u306e\u3000\u307f\u305a\u3092\n\u306f\u3052\u3057\u3044\u3000\u3044\u304d\u304a\u3044\u3067\n\u3042\u3044\u3066\u306b\u3000\u306f\u3063\u3057\u3083\u3057\u3066\u3000\u3053\u3046\u3052\u304d\u3059\u308b\u3002", "language": {"name": "ja-Hrkt", "url": "https://pokeapi.co/api/v2/language/1/"}, "version_group": {"name": "sword-shield", "url": "https://pokeapi.co/api/v2/version-group/20/"}}, {"flavor_text": "\ub300\ub7c9\uc758 \ubb3c\uc744\n\uc138\ucc2c \uae30\uc138\ub85c\n\uc0c1\ub300\uc5d0\uac8c \ubc1c\uc0ac\ud558\uc5ec \uacf5\uaca9\ud55c\ub2e4.", "language": {"name": "ko", "url": "https://pokeapi.co/api/v2/language/3/"}, "version_group": {"name": "sword-shield", "url": "https://pokeapi.co/api/v2/version-group/20/"}}, {"flavor_text": "\u5411\u5c0d\u624b\u731b\u70c8\u5730\u5674\u5c04\n\u5927\u91cf\u6c34\u6d41\u9032\u884c\u653b\u64ca\u3002", "language": {"name": "zh-Hant", "url": "https://pokeapi.co/api/v2/language/4/"}, "version_group": {"name": "sword-shield", "url": "https://pokeapi.co/api/v2/version-group/20/"}}, {"flavor_text": "Un puissant jet d\u2019eau est dirig\u00e9 sur l\u2019ennemi.", "language": {"name": "fr", "url": "https://pokeapi.co/api/v2/language/5/"}, "version_group": {"name": "sword-shield", "url": "https://pokeapi.co/api/v2/version-group/20/"}}, {"flavor_text": "Spritzt eine Menge Wasser mit Hochdruck auf das Ziel.", "language": {"name": "de", "url": "https://pokeapi.co/api/v2/language/6/"}, "version_group": {"name": "sword-shield", "url": "https://pokeapi.co/api/v2/version-group/20/"}}, {"flavor_text": "Lanza una gran masa de agua a presi\u00f3n para atacar. ", "language": {"name": "es", "url": "https://pokeapi.co/api/v2/language/7/"}, "version_group": {"name": "sword-shield", "url": "https://pokeapi.co/api/v2/version-group/20/"}}, {"flavor_text": "Il bersaglio \u00e8 travolto da un potente getto d\u2019acqua\nspruzzato ad altissima pressione.", "language": {"name": "it", "url": "https://pokeapi.co/api/v2/language/8/"}, "version_group": {"name": "sword-shield", "url": "https://pokeapi.co/api/v2/version-group/20/"}}, {"flavor_text": "The target is blasted by a huge volume of water\nlaunched under great pressure.", "language": {"name": "en", "url": "https://pokeapi.co/api/v2/language/9/"}, "version_group": {"name": "sword-shield", "url": "https://pokeapi.co/api/v2/version-group/20/"}}, {"flavor_text": "\u5927\u91cf\u306e\u3000\u6c34\u3092\n\u6fc0\u3057\u3044\u3000\u52e2\u3044\u3067\n\u76f8\u624b\u306b\u3000\u767a\u5c04\u3057\u3066\u3000\u653b\u6483\u3059\u308b\u3002", "language": {"name": "ja", "url": "https://pokeapi.co/api/v2/language/11/"}, "version_group": {"name": "sword-shield", "url": "https://pokeapi.co/api/v2/version-group/20/"}}, {"flavor_text": "\u5411\u5bf9\u624b\u731b\u70c8\u5730\u55b7\u5c04\n\u5927\u91cf\u6c34\u6d41\u8fdb\u884c\u653b\u51fb\u3002", "language": {"name": "zh-Hans", "url": "https://pokeapi.co/api/v2/language/12/"}, "version_group": {"name": "sword-shield", "url": "https://pokeapi.co/api/v2/version-group/20/"}}, {"flavor_text": "The target is blasted by a huge volume of water launched under great pressure.", "language": {"name": "en", "url": "https://pokeapi.co/api/v2/language/9/"}, "version_group": {"name": "legends-arceus", "url": "https://pokeapi.co/api/v2/version-group/24/"}}, {"flavor_text": "The target is blasted by a huge volume of water launched under great pressure.", "language": {"name": "en", "url": "https://pokeapi.co/api/v2/language/9/"}, "version_group": {"name": "scarlet-violet", "url": "https://pokeapi.co/api/v2/version-group/25/"}}], "generation": {"name": "generation-i", "url": "https://pokeapi.co/api/v2/generation/1/"}, "id": 56, "learned_by_pokemon": [{"name": "squirtle", "url": "https://pokeapi.co/api/v2/pokemon/7/"}, {"name": "wartortle", "url": "https://pokeapi.co/api/v2/pokemon/8/"}, {"name": "blastoise", "url": "https://pokeapi.co/api/v2/pokemon/9/"}, {"name": "psyduck", "url": "https://pokeapi.co/api/v2/pokemon/54/"}, {"name": "golduck", "url": "https://pokeapi.co/api/v2/pokemon/55/"}, {"name": "poliwag", "url": "https://pokeapi.co/api/v2/pokemon/60/"}, {"name": "poliwhirl", "url": "https://pokeapi.co/api/v2/pokemon/61/"}, {"name": "poliwrath", "url": "https://pokeapi.co/api/v2/pokemon/62/"}, {"name": "tentacool", "url": "https://pokeapi.co/api/v2/pokemon/72/"}, {"name": "tentacruel", "url": "https://pokeapi.co/api/v2/pokemon/73/"}, {"name": "slowpoke", "url": "https://pokeapi.co/api/v2/pokemon/79/"}, {"name": "slowbro", "url": "https://pokeapi.co/api/v2/pokemon/80/"}, {"name": "seel", "url": "https://pokeapi.co/api/v2/pokemon/86/"}, {"name": "dewgong", "url": "https://pokeapi.co/api/v2/pokemon/87/"}, {"name": "shellder", "url": "https://pokeapi.co/api/v2/pokemon/90/"}, {"name": "cloyster", "url": "https://pokeapi.co/api/v2/pokemon/91/"}, {"name": "kingler", "url": "https://pokeapi.co/api/v2/pokemon/99/"}, {"name": "lickitung", "url": "https://pokeapi.co/api/v2/pokemon/108/"}, {"name": "rhydon", "url": "https://pokeapi.co/api/v2/pokemon/112/"}, {"name": "kangaskhan", "url": "https://pokeapi.co/api/v2/pokemon/115/"}, {"name": "horsea", "url": "https://pokeapi.co/api/v2/pokemon/116/"}, {"name": "seadra", "url": "https://pokeapi.co/api/v2/pokemon/117/"}, {"name": "goldeen", "url": "https://pokeapi.co/api/v2/pokemon/118/"}, {"name": "seaking", "url": "https://pokeapi.co/api/v2/pokemon/119/"}, {"name": "staryu", "url": "https://pokeapi.co/api/v2/pokemon/120/"}, {"name": "starmie", "url": "https://pokeapi.co/api/v2/pokemon/121/"}, {"name": "magikarp", "url": "https://pokeapi.co/api/v2/pokemon/129/"}, {"name": "gyarados", "url": "https://pokeapi.co/api/v2/pokemon/130/"}, {"name": "lapras", "url": "https://pokeapi.co/api/v2/pokemon/131/"}, {"name": "vaporeon", "url": "https://pokeapi.co/api/v2/pokemon/134/"}, {"name": "omanyte", "url": "https://pokeapi.co/api/v2/pokemon/138/"}, {"name": "omastar", "url": "https://pokeapi.co/api/v2/pokemon/139/"}, {"name": "kabuto", "url": "https://pokeapi.co/api/v2/pokemon/140/"}, {"name": "kabutops", "url": "https://pokeapi.co/api/v2/pokemon/141/"}, {"name": "snorlax", "url": "https://pokeapi.co/api/v2/pokemon/143/"}, {"name": "dratini", "url": "https://pokeapi.co/api/v2/pokemon/147/"}, {"name": "dragonair", "url": "https://pokeapi.co/api/v2/pokemon/148/"}, {"name": "dragonite", "url": "https://pokeapi.co/api/v2/pokemon/149/"}, {"name": "mew", "url": "https://pokeapi.co/api/v2/pokemon/151/"}, {"name": "totodile", "url": "https://pokeapi.co/api/v2/pokemon/158/"}, {"name": "croconaw", "url": "https://pokeapi.co/api/v2/pokemon/159/"}, {"name": "feraligatr", "url": "https://pokeapi.co/api/v2/pokemon/160/"}, {"name": "chinchou", "url": "https://pokeapi.co/api/v2/pokemon/170/"}, {"name": "lanturn", "url": "https://pokeapi.co/api/v2/pokemon/171/"}, {"name": "marill", "url": "https://pokeapi.co/api/v2/pokemon/183/"}, {"name": "azumarill", "url": "https://pokeapi.co/api/v2/pokemon/184/"}, {"name": "politoed", "url": "https://pokeapi.co/api/v2/pokemon/186/"}, {"name": "wooper", "url": "https://pokeapi.co/api/v2/pokemon/194/"}, {"name": "quagsire", "url": "https://pokeapi.co/api/v2/pokemon/195/"}, {"name": "slowking", "url": "https://pokeapi.co/api/v2/pokemon/199/"}, {"name": "qwilfish", "url": "https://pokeapi.co/api/v2/pokemon/211/"}, {"name": "corsola", "url": "https://pokeapi.co/api/v2/pokemon/222/"}, {"name": "remoraid", "url": "https://pokeapi.co/api/v2/pokemon/223/"}, {"name": "octillery", "url": "https://pokeapi.co/api/v2/pokemon/224/"}, {"name": "mantine", "url": "https://pokeapi.co/api/v2/pokemon/226/"}, {"name": "kingdra", "url": "https://pokeapi.co/api/v2/pokemon/230/"}, {"name": "suicune", "url": "https://pokeapi.co/api/v2/pokemon/245/"}, {"name": "tyranitar", "url": "https://pokeapi.co/api/v2/pokemon/248/"}, {"name": "lugia", "url": "https://pokeapi.co/api/v2/pokemon/249/"}, {"name": "mudkip", "url": "https://pokeapi.co/api/v2/pokemon/258/"}, {"name": "marshtomp", "url": "https://pokeapi.co/api/v2/pokemon/259/"}, {"name": "swampert", "url": "https://pokeapi.co/api/v2/pokemon/260/"}, {"name": "lombre", "url": "https://pokeapi.co/api/v2/pokemon/271/"}, {"name": "ludicolo", "url": "https://pokeapi.co/api/v2/pokemon/272/"}, {"name": "wingull", "url": "https://pokeapi.co/api/v2/pokemon/278/"}, {"name": "pelipper", "url": "https://pokeapi.co/api/v2/pokemon/279/"}, {"name": "surskit", "url": "https://pokeapi.co/api/v2/pokemon/283/"}, {"name": "masquerain", "url": "https://pokeapi.co/api/v2/pokemon/284/"}, {"name": "exploud", "url": "https://pokeapi.co/api/v2/pokemon/295/"}, {"name": "aggron", "url": "https://pokeapi.co/api/v2/pokemon/306/"}, {"name": "carvanha", "url": "https://pokeapi.co/api/v2/pokemon/318/"}, {"name": "sharpedo", "url": "https://pokeapi.co/api/v2/pokemon/319/"}, {"name": "wailmer", "url": "https://pokeapi.co/api/v2/pokemon/320/"}, {"name": "wailord", "url": "https://pokeapi.co/api/v2/pokemon/321/"}, {"name": "barboach", "url": "https://pokeapi.co/api/v2/pokemon/339/"}, {"name": "whiscash", "url": "https://pokeapi.co/api/v2/pokemon/340/"}, {"name": "corphish", "url": "https://pokeapi.co/api/v2/pokemon/341/"}, {"name": "crawdaunt", "url": "https://pokeapi.co/api/v2/pokemon/342/"}, {"name": "milotic", "url": "https://pokeapi.co/api/v2/pokemon/350/"}, {"name": "castform", "url": "https://pokeapi.co/api/v2/pokemon/351/"}, {"name": "walrein", "url": "https://pokeapi.co/api/v2/pokemon/365/"}, {"name": "huntail", "url": "https://pokeapi.co/api/v2/pokemon/367/"}, {"name": "gorebyss", "url": "https://pokeapi.co/api/v2/pokemon/368/"}, {"name": "relicanth", "url": "https://pokeapi.co/api/v2/pokemon/369/"}, {"name": "luvdisc", "url": "https://pokeapi.co/api/v2/pokemon/370/"}, {"name": "bagon", "url": "https://pokeapi.co/api/v2/pokemon/371/"}, {"name": "shelgon", "url": "https://pokeapi.co/api/v2/pokemon/372/"}, {"name": "salamence", "url": "https://pokeapi.co/api/v2/pokemon/373/"}, {"name": "kyogre", "url": "https://pokeapi.co/api/v2/pokemon/382/"}, {"name": "rayquaza", "url": "https://pokeapi.co/api/v2/pokemon/384/"}, {"name": "piplup", "url": "https://pokeapi.co/api/v2/pokemon/393/"}, {"name": "prinplup", "url": "https://pokeapi.co/api/v2/pokemon/394/"}, {"name": "empoleon", "url": "https://pokeapi.co/api/v2/pokemon/395/"}, {"name": "buizel", "url": "https://pokeapi.co/api/v2/pokemon/418/"}, {"name": "floatzel", "url": "https://pokeapi.co/api/v2/pokemon/419/"}, {"name": "shellos", "url": "https://pokeapi.co/api/v2/pokemon/422/"}, {"name": "gastrodon", "url": "https://pokeapi.co/api/v2/pokemon/423/"}, {"name": "munchlax", "url": "https://pokeapi.co/api/v2/pokemon/446/"}, {"name": "finneon", "url": "https://pokeapi.co/api/v2/pokemon/456/"}, {"name": "lumineon", "url": "https://pokeapi.co/api/v2/pokemon/457/"}, {"name": "mantyke", "url": "https://pokeapi.co/api/v2/pokemon/458/"}, {"name": "lickilicky", "url": "https://pokeapi.co/api/v2/pokemon/463/"}, {"name": "rhyperior", "url": "https://pokeapi.co/api/v2/pokemon/464/"}, {"name": "palkia", "url": "https://pokeapi.co/api/v2/pokemon/484/"}, {"name": "phione", "url": "https://pokeapi.co/api/v2/pokemon/489/"}, {"name": "manaphy", "url": "https://pokeapi.co/api/v2/pokemon/490/"}, {"name": "arceus", "url": "https://pokeapi.co/api/v2/pokemon/493/"}, {"name": "oshawott", "url": "https://pokeapi.co/api/v2/pokemon/501/"}, {"name": "dewott", "url": "https://pokeapi.co/api/v2/pokemon/502/"}, {"name": "samurott", "url": "https://pokeapi.co/api/v2/pokemon/503/"}, {"name": "panpour", "url": "https://pokeapi.co/api/v2/pokemon/515/"}, {"name": "tympole", "url": "https://pokeapi.co/api/v2/pokemon/535/"}, {"name": "palpitoad", "url": "https://pokeapi.co/api/v2/pokemon/536/"}, {"name": "seismitoad", "url": "https://pokeapi.co/api/v2/pokemon/537/"}, {"name": "basculin-red-striped", "url": "https://pokeapi.co/api/v2/pokemon/550/"}, {"name": "tirtouga", "url": "https://pokeapi.co/api/v2/pokemon/564/"}, {"name": "carracosta", "url": "https://pokeapi.co/api/v2/pokemon/565/"}, {"name": "swanna", "url": "https://pokeapi.co/api/v2/pokemon/581/"}, {"name": "frillish", "url": "https://pokeapi.co/api/v2/pokemon/592/"}, {"name": "jellicent", "url": "https://pokeapi.co/api/v2/pokemon/593/"}, {"name": "alomomola", "url": "https://pokeapi.co/api/v2/pokemon/594/"}, {"name": "hydreigon", "url": "https://pokeapi.co/api/v2/pokemon/635/"}, {"name": "keldeo-ordinary", "url": "https://pokeapi.co/api/v2/pokemon/647/"}, {"name": "froakie", "url": "https://pokeapi.co/api/v2/pokemon/656/"}, {"name": "frogadier", "url": "https://pokeapi.co/api/v2/pokemon/657/"}, {"name": "greninja", "url": "https://pokeapi.co/api/v2/pokemon/658/"}, {"name": "skrelp", "url": "https://pokeapi.co/api/v2/pokemon/690/"}, {"name": "dragalge", "url": "https://pokeapi.co/api/v2/pokemon/691/"}, {"name": "clauncher", "url": "https://pokeapi.co/api/v2/pokemon/692/"}, {"name": "clawitzer", "url": "https://pokeapi.co/api/v2/pokemon/693/"}, {"name": "goomy", "url": "https://pokeapi.co/api/v2/pokemon/704/"}, {"name": "goodra", "url": "https://pokeapi.co/api/v2/pokemon/706/"}, {"name": "avalugg", "url": "https://pokeapi.co/api/v2/pokemon/713/"}, {"name": "volcanion", "url": "https://pokeapi.co/api/v2/pokemon/721/"}, {"name": "popplio", "url": "https://pokeapi.co/api/v2/pokemon/728/"}, {"name": "brionne", "url": "https://pokeapi.co/api/v2/pokemon/729/"}, {"name": "primarina", "url": "https://pokeapi.co/api/v2/pokemon/730/"}, {"name": "wishiwashi-solo", "url": "https://pokeapi.co/api/v2/pokemon/746/"}, {"name": "mareanie", "url": "https://pokeapi.co/api/v2/pokemon/747/"}, {"name": "toxapex", "url": "https://pokeapi.co/api/v2/pokemon/748/"}, {"name": "dewpider", "url": "https://pokeapi.co/api/v2/pokemon/751/"}, {"name": "araquanid", "url": "https://pokeapi.co/api/v2/pokemon/752/"}, {"name": "bruxish", "url": "https://pokeapi.co/api/v2/pokemon/779/"}, {"name": "drampa", "url": "https://pokeapi.co/api/v2/pokemon/780/"}, {"name": "dhelmise", "url": "https://pokeapi.co/api/v2/pokemon/781/"}, {"name": "tapu-fini", "url": "https://pokeapi.co/api/v2/pokemon/788/"}, {"name": "sobble", "url": "https://pokeapi.co/api/v2/pokemon/816/"}, {"name": "drizzile", "url": "https://pokeapi.co/api/v2/pokemon/817/"}, {"name": "inteleon", "url": "https://pokeapi.co/api/v2/pokemon/818/"}, {"name": "chewtle", "url": "https://pokeapi.co/api/v2/pokemon/833/"}, {"name": "drednaw", "url": "https://pokeapi.co/api/v2/pokemon/834/"}, {"name": "cramorant", "url": "https://pokeapi.co/api/v2/pokemon/845/"}, {"name": "arrokuda", "url": "https://pokeapi.co/api/v2/pokemon/846/"}, {"name": "barraskewda", "url": "https://pokeapi.co/api/v2/pokemon/847/"}, {"name": "grapploct", "url": "https://pokeapi.co/api/v2/pokemon/853/"}, {"name": "cursola", "url": "https://pokeapi.co/api/v2/pokemon/864/"}, {"name": "pincurchin", "url": "https://pokeapi.co/api/v2/pokemon/871/"}, {"name": "eiscue-ice", "url": "https://pokeapi.co/api/v2/pokemon/875/"}, {"name": "arctozolt", "url": "https://pokeapi.co/api/v2/pokemon/881/"}, {"name": "dracovish", "url": "https://pokeapi.co/api/v2/pokemon/882/"}, {"name": "arctovish", "url": "https://pokeapi.co/api/v2/pokemon/883/"}, {"name": "drakloak", "url": "https://pokeapi.co/api/v2/pokemon/886/"}, {"name": "dragapult", "url": "https://pokeapi.co/api/v2/pokemon/887/"}, {"name": "basculegion-male", "url": "https://pokeapi.co/api/v2/pokemon/902/"}, {"name": "overqwil", "url": "https://pokeapi.co/api/v2/pokemon/904/"}, {"name": "quaxly", "url": "https://pokeapi.co/api/v2/pokemon/912/"}, {"name": "quaxwell", "url": "https://pokeapi.co/api/v2/pokemon/913/"}, {"name": "quaquaval", "url": "https://pokeapi.co/api/v2/pokemon/914/"}, {"name": "wiglett", "url": "https://pokeapi.co/api/v2/pokemon/960/"}, {"name": "wugtrio", "url": "https://pokeapi.co/api/v2/pokemon/961/"}, {"name": "finizen", "url": "https://pokeapi.co/api/v2/pokemon/963/"}, {"name": "palafin-zero", "url": "https://pokeapi.co/api/v2/pokemon/964/"}, {"name": "veluza", "url": "https://pokeapi.co/api/v2/pokemon/976/"}, {"name": "dondozo", "url": "https://pokeapi.co/api/v2/pokemon/977/"}, {"name": "tatsugiri-curly", "url": "https://pokeapi.co/api/v2/pokemon/978/"}, {"name": "clodsire", "url": "https://pokeapi.co/api/v2/pokemon/980/"}, {"name": "iron-bundle", "url": "https://pokeapi.co/api/v2/pokemon/991/"}, {"name": "iron-jugulis", "url": "https://pokeapi.co/api/v2/pokemon/993/"}, {"name": "roaring-moon", "url": "https://pokeapi.co/api/v2/pokemon/1005/"}, {"name": "walking-wake", "url": "https://pokeapi.co/api/v2/pokemon/1009/"}, {"name": "hydrapple", "url": "https://pokeapi.co/api/v2/pokemon/1019/"}, {"name": "rotom-wash", "url": "https://pokeapi.co/api/v2/pokemon/10009/"}, {"name": "castform-sunny", "url": "https://pokeapi.co/api/v2/pokemon/10013/"}, {"name": "castform-rainy", "url": "https://pokeapi.co/api/v2/pokemon/10014/"}, {"name": "castform-snowy", "url": "https://pokeapi.co/api/v2/pokemon/10015/"}, {"name": "basculin-blue-striped", "url": "https://pokeapi.co/api/v2/pokemon/10016/"}, {"name": "keldeo-resolute", "url": "https://pokeapi.co/api/v2/pokemon/10024/"}, {"name": "blastoise-mega", "url": "https://pokeapi.co/api/v2/pokemon/10036/"}, {"name": "gyarados-mega", "url": "https://pokeapi.co/api/v2/pokemon/10041/"}, {"name": "kyogre-primal", "url": "https://pokeapi.co/api/v2/pokemon/10077/"}, {"name": "greninja-battle-bond", "url": "https://pokeapi.co/api/v2/pokemon/10116/"}, {"name": "greninja-ash", "url": "https://pokeapi.co/api/v2/pokemon/10117/"}, {"name": "wishiwashi-school", "url": "https://pokeapi.co/api/v2/pokemon/10127/"}, {"name": "slowpoke-galar", "url": "https://pokeapi.co/api/v2/pokemon/10164/"}, {"name": "slowbro-galar", "url": "https://pokeapi.co/api/v2/pokemon/10165/"}, {"name": "slowking-galar", "url": "https://pokeapi.co/api/v2/pokemon/10172/"}, {"name": "corsola-galar", "url": "https://pokeapi.co/api/v2/pokemon/10173/"}, {"name": "cramorant-gulping", "url": "https://pokeapi.co/api/v2/pokemon/10182/"}, {"name": "cramorant-gorging", "url": "https://pokeapi.co/api/v2/pokemon/10183/"}, {"name": "eiscue-noice", "url": "https://pokeapi.co/api/v2/pokemon/10185/"}, {"name": "qwilfish-hisui", "url": "https://pokeapi.co/api/v2/pokemon/10234/"}, {"name": "samurott-hisui", "url": "https://pokeapi.co/api/v2/pokemon/10236/"}, {"name": "sliggoo-hisui", "url": "https://pokeapi.co/api/v2/pokemon/10241/"}, {"name": "goodra-hisui", "url": "https://pokeapi.co/api/v2/pokemon/10242/"}, {"name": "palkia-origin", "url": "https://pokeapi.co/api/v2/pokemon/10246/"}, {"name": "basculin-white-striped", "url": "https://pokeapi.co/api/v2/pokemon/10247/"}, {"name": "basculegion-female", "url": "https://pokeapi.co/api/v2/pokemon/10248/"}, {"name": "tauros-paldea-aqua-breed", "url": "https://pokeapi.co/api/v2/pokemon/10252/"}, {"name": "wooper-paldea", "url": "https://pokeapi.co/api/v2/pokemon/10253/"}, {"name": "palafin-hero", "url": "https://pokeapi.co/api/v2/pokemon/10256/"}, {"name": "tatsugiri-droopy", "url": "https://pokeapi.co/api/v2/pokemon/10258/"}, {"name": "tatsugiri-stretchy", "url": "https://pokeapi.co/api/v2/pokemon/10259/"}], "machines": [{"machine": {"url": "https://pokeapi.co/api/v2/machine/1528/"}, "version_group": {"name": "sword-shield", "url": "https://pokeapi.co/api/v2/version-group/20/"}}, {"machine": {"url": "https://pokeapi.co/api/v2/machine/1847/"}, "version_group": {"name": "scarlet-violet", "url": "https://pokeapi.co/api/v2/version-group/25/"}}, {"machine": {"url": "https://pokeapi.co/api/v2/machine/2038/"}, "version_group": {"name": "the-indigo-disk", "url": "https://pokeapi.co/api/v2/version-group/27/"}}], "meta": {"ailment": {"name": "none", "url": "https://pokeapi.co/api/v2/move-ailment/0/"}, "ailment_chance": 0, "category": {"name": "damage", "url": "https://pokeapi.co/api/v2/move-category/0/"}, "crit_rate": 0, "drain": 0, "flinch_chance": 0, "healing": 0, "max_hits": null, "max_turns": null, "min_hits": null, "min_turns": null, "stat_chance": 0}, "name": "hydro-pump", "names": [{"language": {"name": "ja-Hrkt", "url": "https://pokeapi.co/api/v2/language/1/"}, "name": "\u30cf\u30a4\u30c9\u30ed\u30dd\u30f3\u30d7"}, {"language": {"name": "ko", "url": "https://pokeapi.co/api/v2/language/3/"}, "name": "\ud558\uc774\ub4dc\ub85c\ud38c\ud504"}, {"language": {"name": "zh-Hant", "url": "https://pokeapi.co/api/v2/language/4/"}, "name": "\u6c34\u70ae"}, {"language": {"name": "fr", "url": "https://pokeapi.co/api/v2/language/5/"}, "name": "Hydrocanon"}, {"language": {"name": "de", "url": "https://pokeapi.co/api/v2/language/6/"}, "name": "Hydropumpe"}, {"language": {"name": "es", "url": "https://pokeapi.co/api/v2/language/7/"}, "name": "Hidrobomba"}, {"language": {"name": "it", "url": "https://pokeapi.co/api/v2/language/8/"}, "name": "Idropompa"}, {"language": {"name": "en", "url": "https://pokeapi.co/api/v2/language/9/"}, "name": "Hydro Pump"}, {"language": {"name": "ja", "url": "https://pokeapi.co/api/v2/language/11/"}, "name": "\u30cf\u30a4\u30c9\u30ed\u30dd\u30f3\u30d7"}, {"language": {"name": "zh-Hans", "url": "https://pokeapi.co/api/v2/language/12/"}, "name": "\u6c34\u70ae"}], "past_values": [{"accuracy": null, "effect_chance": null, "effect_entries": [], "power": 120, "pp": null, "type": null, "version_group": {"name": "x-y", "url": "https://pokeapi.co/api/v2/version-group/15/"}}], "power": 110, "pp": 5, "priority": 0, "stat_changes": [], "super_contest_effect": {"url": "https://pokeapi.co/api/v2/super-contest-effect/17/"}, "target": {"name": "selected-pokemon", "url": "https://pokeapi.co/api/v2/move-target/10/"}, "type": {"name": "water", "url": "https://pokeapi.co/api/v2/type/11/"}}