{"accuracy": null, "contest_combos": null, "contest_effect": null, "contest_type": null, "damage_class": {"name": "status", "url": "https://pokeapi.co/api/v2/move-damage-class/1/"}, "effect_chance": null, "effect_changes": [], "effect_entries": [{"effect": "Transfers the user\u2019s held item to the target.  If the user has no held item, or the target already has a held item, this move will fail.", "language": {"name": "en", "url": "https://pokeapi.co/api/v2/language/9/"}, "short_effect": "Gives the user\u2019s held item to the target."}], "flavor_text_entries": [{"flavor_text": "The user passes its held item to the target when the\ntarget isn\u2019t holding an item.", "language": {"name": "en", "url": "https://pokeapi.co/api/v2/language/9/"}, "version_group": {"name": "ultra-sun-ultra-moon", "url": "https://pokeapi.co/api/v2/version-group/18/"}}, {"flavor_text": "Si la cible ne tient pas d\u2019objet, le\nlanceur lui donne l\u2019objet qu\u2019il tient.", "language": {"name": "fr", "url": "https://pokeapi.co/api/v2/language/5/"}, "version_group": {"name": "black-white", "url": "https://pokeapi.co/api/v2/version-group/11/"}}, {"flavor_text": "The user passes its held item to the\ntarget when the target isn\u2019t holding\nan item.", "language": {"name": "en", "url": "https://pokeapi.co/api/v2/language/9/"}, "version_group": {"name": "black-white", "url": "https://pokeapi.co/api/v2/version-group/11/"}}, {"flavor_text": "The user passes its held item to the\ntarget when the target isn\u2019t holding\nan item.", "language": {"name": "en", "url": "https://pokeapi.co/api/v2/language/9/"}, "version_group": {"name": "black-2-white-2", "url": "https://pokeapi.co/api/v2/version-group/14/"}}, {"flavor_text": "\u3042\u3044\u3066\u304c\u3000\u3069\u3046\u3050\u3092\u3000\u3082\u3063\u3066\u3044\u306a\u3044\u3000\u3068\u304d\n\u3058\u3076\u3093\u304c\u3000\u3082\u3063\u3066\u3044\u308b\u3000\u3069\u3046\u3050\u3092\n\u3042\u3044\u3066\u306b\u3000\u308f\u305f\u3059\u3002", "language": {"name": "ja-Hrkt", "url": "https://pokeapi.co/api/v2/language/1/"}, "version_group": {"name": "x-y", "url": "https://pokeapi.co/api/v2/version-group/15/"}}, {"flavor_text": "\uc0c1\ub300\uac00 \ub3c4\uad6c\ub97c \uc9c0\ub2c8\uace0 \uc788\uc9c0 \uc54a\uc744 \ub54c\n\uc790\uc2e0\uc774 \uc9c0\ub2c8\uace0 \uc788\ub294 \ub3c4\uad6c\ub97c\n\uc0c1\ub300\uc5d0\uac8c \uac74\ub128\ub2e4.", "language": {"name": "ko", "url": "https://pokeapi.co/api/v2/language/3/"}, "version_group": {"name": "x-y", "url": "https://pokeapi.co/api/v2/version-group/15/"}}, {"flavor_text": "Si la cible ne tient pas d\u2019objet, le lanceur lui\ndonne l\u2019objet qu\u2019il tient.", "language": {"name": "fr", "url": "https://pokeapi.co/api/v2/language/5/"}, "version_group": {"name": "x-y", "url": "https://pokeapi.co/api/v2/version-group/15/"}}, {"flavor_text": "Tr\u00e4gt das Ziel gerade kein Item bei sich,\nerh\u00e4lt es das Item, das sich aktuell im Besitz\ndes Anwenders befindet.", "language": {"name": "de", "url": "https://pokeapi.co/api/v2/language/6/"}, "version_group": {"name": "x-y", "url": "https://pokeapi.co/api/v2/version-group/15/"}}, {"flavor_text": "Entrega el objeto que lleva al objetivo en caso de\nque este no tenga ninguno.", "language": {"name": "es", "url": "https://pokeapi.co/api/v2/language/7/"}, "version_group": {"name": "x-y", "url": "https://pokeapi.co/api/v2/version-group/15/"}}, {"flavor_text": "Chi la usa consegna il proprio strumento\nal bersaglio, se questi ne \u00e8 sprovvisto.", "language": {"name": "it", "url": "https://pokeapi.co/api/v2/language/8/"}, "version_group": {"name": "x-y", "url": "https://pokeapi.co/api/v2/version-group/15/"}}, {"flavor_text": "The user passes its held item to the\ntarget when the target isn\u2019t holding\nan item.", "language": {"name": "en", "url": "https://pokeapi.co/api/v2/language/9/"}, "version_group": {"name": "x-y", "url": "https://pokeapi.co/api/v2/version-group/15/"}}, {"flavor_text": "\u76f8\u624b\u304c\u3000\u9053\u5177\u3092\u3000\u6301\u3063\u3066\u3044\u306a\u3044\u3068\u304d\n\u81ea\u5206\u304c\u3000\u6301\u3063\u3066\u3044\u308b\u3000\u9053\u5177\u3092\n\u76f8\u624b\u306b\u3000\u308f\u305f\u3059\u3002", "language": {"name": "ja", "url": "https://pokeapi.co/api/v2/language/11/"}, "version_group": {"name": "x-y", "url": "https://pokeapi.co/api/v2/version-group/15/"}}, {"flavor_text": "\u3042\u3044\u3066\u304c\u3000\u3069\u3046\u3050\u3092\u3000\u3082\u3063\u3066\u3044\u306a\u3044\u3000\u3068\u304d\n\u3058\u3076\u3093\u304c\u3000\u3082\u3063\u3066\u3044\u308b\u3000\u3069\u3046\u3050\u3092\n\u3042\u3044\u3066\u306b\u3000\u308f\u305f\u3059\u3002", "language": {"name": "ja-Hrkt", "url": "https://pokeapi.co/api/v2/language/1/"}, "version_group": {"name": "omega-ruby-alpha-sapphire", "url": "https://pokeapi.co/api/v2/version-group/16/"}}, {"flavor_text": "\uc0c1\ub300\uac00 \ub3c4\uad6c\ub97c \uc9c0\ub2c8\uace0 \uc788\uc9c0 \uc54a\uc744 \ub54c\n\uc790\uc2e0\uc774 \uc9c0\ub2c8\uace0 \uc788\ub294 \ub3c4\uad6c\ub97c\n\uc0c1\ub300\uc5d0\uac8c \uac74\ub128\ub2e4.", "language": {"name": "ko", "url": "https://pokeapi.co/api/v2/language/3/"}, "version_group": {"name": "omega-ruby-alpha-sapphire", "url": "https://pokeapi.co/api/v2/version-group/16/"}}, {"flavor_text": "Si la cible ne tient pas d\u2019objet, le lanceur lui\ndonne l\u2019objet qu\u2019il tient.", "language": {"name": "fr", "url": "https://pokeapi.co/api/v2/language/5/"}, "version_group": {"name": "omega-ruby-alpha-sapphire", "url": "https://pokeapi.co/api/v2/version-group/16/"}}, {"flavor_text": "Tr\u00e4gt das Ziel gerade kein Item bei sich,\nerh\u00e4lt es das Item, das sich aktuell im Besitz\ndes Anwenders befindet.", "language": {"name": "de", "url": "https://pokeapi.co/api/v2/language/6/"}, "version_group": {"name": "omega-ruby-alpha-sapphire", "url": "https://pokeapi.co/api/v2/version-group/16/"}}, {"flavor_text": "Entrega el objeto que lleva al objetivo en caso de \nque este no tenga ninguno.", "language": {"name": "es", "url": "https://pokeapi.co/api/v2/language/7/"}, "version_group": {"name": "omega-ruby-alpha-sapphire", "url": "https://pokeapi.co/api/v2/version-group/16/"}}, {"flavor_text": "Chi la usa consegna il proprio strumento\nal bersaglio, se questi ne \u00e8 sprovvisto.", "language": {"name": "it", "url": "https://pokeapi.co/api/v2/language/8/"}, "version_group": {"name": "omega-ruby-alpha-sapphire", "url": "https://pokeapi.co/api/v2/version-group/16/"}}, {"flavor_text": "The user passes its held item to the\ntarget when the target isn\u2019t holding\nan item.", "language": {"name": "en", "url": "https://pokeapi.co/api/v2/language/9/"}, "version_group": {"name": "omega-ruby-alpha-sapphire", "url": "https://pokeapi.co/api/v2/version-group/16/"}}, {"flavor_text": "\u76f8\u624b\u304c\u3000\u9053\u5177\u3092\u3000\u6301\u3063\u3066\u3044\u306a\u3044\u3068\u304d\n\u81ea\u5206\u304c\u3000\u6301\u3063\u3066\u3044\u308b\u3000\u9053\u5177\u3092\n\u76f8\u624b\u306b\u3000\u308f\u305f\u3059\u3002", "language": {"name": "ja", "url": "https://pokeapi.co/api/v2/language/11/"}, "version_group": {"name": "omega-ruby-alpha-sapphire", "url": "https://pokeapi.co/api/v2/version-group/16/"}}, {"flavor_text": "\u3042\u3044\u3066\u304c\u3000\u3069\u3046\u3050\u3092\u3000\u3082\u3063\u3066\u3044\u306a\u3044\u3000\u3068\u304d\n\u3058\u3076\u3093\u304c\u3000\u3082\u3063\u3066\u3044\u308b\u3000\u3069\u3046\u3050\u3092\n\u3042\u3044\u3066\u306b\u3000\u308f\u305f\u3059\u3002", "language": {"name": "ja-Hrkt", "url": "https://pokeapi.co/api/v2/language/1/"}, "version_group": {"name": "sun-moon", "url": "https://pokeapi.co/api/v2/version-group/17/"}}, {"flavor_text": "\uc0c1\ub300\uac00 \ub3c4\uad6c\ub97c \uc9c0\ub2c8\uace0 \uc788\uc9c0 \uc54a\uc744 \ub54c\n\uc790\uc2e0\uc774 \uc9c0\ub2c8\uace0 \uc788\ub294 \ub3c4\uad6c\ub97c\n\uc0c1\ub300\uc5d0\uac8c \uac74\ub128\ub2e4.", "language": {"name": "ko", "url": "https://pokeapi.co/api/v2/language/3/"}, "version_group": {"name": "sun-moon", "url": "https://pokeapi.co/api/v2/version-group/17/"}}, {"flavor_text": "\u7576\u5c0d\u624b\u6c92\u6709\u651c\u5e36\u9053\u5177\u6642\uff0c\n\u80fd\u5920\u5c07\u81ea\u5df1\u651c\u5e36\u7684\u9053\u5177\u4ea4\u7d66\u5c0d\u624b\u3002", "language": {"name": "zh-Hant", "url": "https://pokeapi.co/api/v2/language/4/"}, "version_group": {"name": "sun-moon", "url": "https://pokeapi.co/api/v2/version-group/17/"}}, {"flavor_text": "Si la cible ne tient pas d\u2019objet, le lanceur lui\ndonne l\u2019objet qu\u2019il tient.", "language": {"name": "fr", "url": "https://pokeapi.co/api/v2/language/5/"}, "version_group": {"name": "sun-moon", "url": "https://pokeapi.co/api/v2/version-group/17/"}}, {"flavor_text": "Tr\u00e4gt das Ziel gerade kein Item bei sich, erh\u00e4lt es\ndas Item, das sich aktuell im Besitz des Anwenders\nbefindet.", "language": {"name": "de", "url": "https://pokeapi.co/api/v2/language/6/"}, "version_group": {"name": "sun-moon", "url": "https://pokeapi.co/api/v2/version-group/17/"}}, {"flavor_text": "Entrega el objeto que lleva al objetivo en caso de \nque este no tenga ninguno.", "language": {"name": "es", "url": "https://pokeapi.co/api/v2/language/7/"}, "version_group": {"name": "sun-moon", "url": "https://pokeapi.co/api/v2/version-group/17/"}}, {"flavor_text": "Chi la usa consegna il proprio strumento\nal bersaglio, se questi ne \u00e8 sprovvisto.", "language": {"name": "it", "url": "https://pokeapi.co/api/v2/language/8/"}, "version_group": {"name": "sun-moon", "url": "https://pokeapi.co/api/v2/version-group/17/"}}, {"flavor_text": "The user passes its held item to the target when the\ntarget isn\u2019t holding an item.", "language": {"name": "en", "url": "https://pokeapi.co/api/v2/language/9/"}, "version_group": {"name": "sun-moon", "url": "https://pokeapi.co/api/v2/version-group/17/"}}, {"flavor_text": "\u76f8\u624b\u304c\u3000\u9053\u5177\u3092\u3000\u6301\u3063\u3066\u3044\u306a\u3044\u3068\u304d\n\u81ea\u5206\u304c\u3000\u6301\u3063\u3066\u3044\u308b\u3000\u9053\u5177\u3092\n\u76f8\u624b\u306b\u3000\u308f\u305f\u3059\u3002", "language": {"name": "ja", "url": "https://pokeapi.co/api/v2/language/11/"}, "version_group": {"name": "sun-moon", "url": "https://pokeapi.co/api/v2/version-group/17/"}}, {"flavor_text": "\u5f53\u5bf9\u624b\u672a\u643a\u5e26\u9053\u5177\u65f6\uff0c\n\u80fd\u591f\u5c06\u81ea\u5df1\u643a\u5e26\u7684\u9053\u5177\u4ea4\u7ed9\u5bf9\u624b\u3002", "language": {"name": "zh-Hans", "url": "https://pokeapi.co/api/v2/language/12/"}, "version_group": {"name": "sun-moon", "url": "https://pokeapi.co/api/v2/version-group/17/"}}, {"flavor_text": "\u3042\u3044\u3066\u304c\u3000\u3069\u3046\u3050\u3092\u3000\u3082\u3063\u3066\u3044\u306a\u3044\u3000\u3068\u304d\n\u3058\u3076\u3093\u304c\u3000\u3082\u3063\u3066\u3044\u308b\u3000\u3069\u3046\u3050\u3092\n\u3042\u3044\u3066\u306b\u3000\u308f\u305f\u3059\u3002", "language": {"name": "ja-Hrkt", "url": "https://pokeapi.co/api/v2/language/1/"}, "version_group": {"name": "ultra-sun-ultra-moon", "url": "https://pokeapi.co/api/v2/version-group/18/"}}, {"flavor_text": "\uc0c1\ub300\uac00 \ub3c4\uad6c\ub97c \uc9c0\ub2c8\uace0 \uc788\uc9c0 \uc54a\uc744 \ub54c\n\uc790\uc2e0\uc774 \uc9c0\ub2c8\uace0 \uc788\ub294 \ub3c4\uad6c\ub97c\n\uc0c1\ub300\uc5d0\uac8c \uac74\ub128\ub2e4.", "language": {"name": "ko", "url": "https://pokeapi.co/api/v2/language/3/"}, "version_group": {"name": "ultra-sun-ultra-moon", "url": "https://pokeapi.co/api/v2/version-group/18/"}}, {"flavor_text": "\u7576\u5c0d\u624b\u6c92\u6709\u651c\u5e36\u9053\u5177\u6642\uff0c\n\u80fd\u5920\u5c07\u81ea\u5df1\u651c\u5e36\u7684\u9053\u5177\u4ea4\u7d66\u5c0d\u624b\u3002", "language": {"name": "zh-Hant", "url": "https://pokeapi.co/api/v2/language/4/"}, "version_group": {"name": "ultra-sun-ultra-moon", "url": "https://pokeapi.co/api/v2/version-group/18/"}}, {"flavor_text": "Si la cible ne tient pas d\u2019objet, le lanceur lui\ndonne l\u2019objet qu\u2019il tient.", "language": {"name": "fr", "url": "https://pokeapi.co/api/v2/language/5/"}, "version_group": {"name": "ultra-sun-ultra-moon", "url": "https://pokeapi.co/api/v2/version-group/18/"}}, {"flavor_text": "Tr\u00e4gt das Ziel gerade kein Item bei sich, erh\u00e4lt es\ndas Item, das sich aktuell im Besitz des Anwenders\nbefindet.", "language": {"name": "de", "url": "https://pokeapi.co/api/v2/language/6/"}, "version_group": {"name": "ultra-sun-ultra-moon", "url": "https://pokeapi.co/api/v2/version-group/18/"}}, {"flavor_text": "Entrega el objeto que lleva al objetivo en caso de \nque este no tenga ninguno.", "language": {"name": "es", "url": "https://pokeapi.co/api/v2/language/7/"}, "version_group": {"name": "ultra-sun-ultra-moon", "url": "https://pokeapi.co/api/v2/version-group/18/"}}, {"flavor_text": "Chi la usa consegna il proprio strumento\nal bersaglio, se questi ne \u00e8 sprovvisto.", "language": {"name": "it", "url": "https://pokeapi.co/api/v2/language/8/"}, "version_group": {"name": "ultra-sun-ultra-moon", "url": "https://pokeapi.co/api/v2/version-group/18/"}}, {"flavor_text": "\u76f8\u624b\u304c\u3000\u9053\u5177\u3092\u3000\u6301\u3063\u3066\u3044\u306a\u3044\u3068\u304d\n\u81ea\u5206\u304c\u3000\u6301\u3063\u3066\u3044\u308b\u3000\u9053\u5177\u3092\n\u76f8\u624b\u306b\u3000\u308f\u305f\u3059\u3002", "language": {"name": "ja", "url": "https://pokeapi.co/api/v2/language/11/"}, "version_group": {"name": "ultra-sun-ultra-moon", "url": "https://pokeapi.co/api/v2/version-group/18/"}}, {"flavor_text": "\u5f53\u5bf9\u624b\u672a\u643a\u5e26\u9053\u5177\u65f6\uff0c\n\u80fd\u591f\u5c06\u81ea\u5df1\u643a\u5e26\u7684\u9053\u5177\u4ea4\u7ed9\u5bf9\u624b\u3002", "language": {"name": "zh-Hans", "url": "https://pokeapi.co/api/v2/language/12/"}, "version_group": {"name": "ultra-sun-ultra-moon", "url": "https://pokeapi.co/api/v2/version-group/18/"}}, {"flavor_text": "\u3042\u3044\u3066\u304c\u3000\u3069\u3046\u3050\u3092\u3000\u3082\u3063\u3066\u3044\u306a\u3044\u3000\u3068\u304d\n\u3058\u3076\u3093\u304c\u3000\u3082\u3063\u3066\u3044\u308b\u3000\u3069\u3046\u3050\u3092\n\u3042\u3044\u3066\u306b\u3000\u308f\u305f\u3059\u3002", "language": {"name": "ja-Hrkt", "url": "https://pokeapi.co/api/v2/language/1/"}, "version_group": {"name": "lets-go-pikachu-lets-go-eevee", "url": "https://pokeapi.co/api/v2/version-group/19/"}}, {"flavor_text": "\uc0c1\ub300\uac00 \ub3c4\uad6c\ub97c \uc9c0\ub2c8\uace0 \uc788\uc9c0 \uc54a\uc744 \ub54c\n\uc790\uc2e0\uc774 \uc9c0\ub2c8\uace0 \uc788\ub294 \ub3c4\uad6c\ub97c\n\uc0c1\ub300\uc5d0\uac8c \uac74\ub128\ub2e4.", "language": {"name": "ko", "url": "https://pokeapi.co/api/v2/language/3/"}, "version_group": {"name": "lets-go-pikachu-lets-go-eevee", "url": "https://pokeapi.co/api/v2/version-group/19/"}}, {"flavor_text": "\u7576\u5c0d\u624b\u6c92\u6709\u651c\u5e36\u9053\u5177\u6642\uff0c\n\u80fd\u5920\u5c07\u81ea\u5df1\u651c\u5e36\u7684\u9053\u5177\u4ea4\u7d66\u5c0d\u624b\u3002", "language": {"name": "zh-Hant", "url": "https://pokeapi.co/api/v2/language/4/"}, "version_group": {"name": "lets-go-pikachu-lets-go-eevee", "url": "https://pokeapi.co/api/v2/version-group/19/"}}, {"flavor_text": "Si la cible ne tient pas d\u2019objet, le lanceur lui donne\nl\u2019objet qu\u2019il tient.", "language": {"name": "fr", "url": "https://pokeapi.co/api/v2/language/5/"}, "version_group": {"name": "lets-go-pikachu-lets-go-eevee", "url": "https://pokeapi.co/api/v2/version-group/19/"}}, {"flavor_text": "Tr\u00e4gt das Ziel gerade kein Item bei sich, erh\u00e4lt es\ndas Item, das sich aktuell im Besitz des Anwenders\nbefindet.", "language": {"name": "de", "url": "https://pokeapi.co/api/v2/language/6/"}, "version_group": {"name": "lets-go-pikachu-lets-go-eevee", "url": "https://pokeapi.co/api/v2/version-group/19/"}}, {"flavor_text": "Entrega el objeto que lleva al objetivo en caso de \nque este no tenga ninguno.", "language": {"name": "es", "url": "https://pokeapi.co/api/v2/language/7/"}, "version_group": {"name": "lets-go-pikachu-lets-go-eevee", "url": "https://pokeapi.co/api/v2/version-group/19/"}}, {"flavor_text": "Chi la usa consegna il proprio strumento\nal bersaglio, se questi ne \u00e8 sprovvisto.", "language": {"name": "it", "url": "https://pokeapi.co/api/v2/language/8/"}, "version_group": {"name": "lets-go-pikachu-lets-go-eevee", "url": "https://pokeapi.co/api/v2/version-group/19/"}}, {"flavor_text": "The user passes its held item to the target when the\ntarget isn\u2019t holding an item.", "language": {"name": "en", "url": "https://pokeapi.co/api/v2/language/9/"}, "version_group": {"name": "lets-go-pikachu-lets-go-eevee", "url": "https://pokeapi.co/api/v2/version-group/19/"}}, {"flavor_text": "\u76f8\u624b\u304c\u3000\u9053\u5177\u3092\u3000\u6301\u3063\u3066\u3044\u306a\u3044\u3068\u304d\n\u81ea\u5206\u304c\u3000\u6301\u3063\u3066\u3044\u308b\u3000\u9053\u5177\u3092\n\u76f8\u624b\u306b\u3000\u308f\u305f\u3059\u3002", "language": {"name": "ja", "url": "https://pokeapi.co/api/v2/language/11/"}, "version_group": {"name": "lets-go-pikachu-lets-go-eevee", "url": "https://pokeapi.co/api/v2/version-group/19/"}}, {"flavor_text": "\u5f53\u5bf9\u624b\u672a\u643a\u5e26\u9053\u5177\u65f6\uff0c\n\u80fd\u591f\u5c06\u81ea\u5df1\u643a\u5e26\u7684\u9053\u5177\u4ea4\u7ed9\u5bf9\u624b\u3002", "language": {"name": "zh-Hans", "url": "https://pokeapi.co/api/v2/language/12/"}, "version_group": {"name": "lets-go-pikachu-lets-go-eevee", "url": "https://pokeapi.co/api/v2/version-group/19/"}}, {"flavor_text": "\u3053\u306e\u308f\u3056\u306f\u3000\u3064\u304b\u3048\u307e\u305b\u3093\n\u304a\u3082\u3044\u3060\u3059\u3053\u3068\u304c\u3000\u3067\u304d\u306a\u304f\u306a\u308a\u307e\u3059\u304c\n\u308f\u3056\u3092\u3000\u308f\u3059\u308c\u308b\u3053\u3068\u3092\u3000\u304a\u3059\u3059\u3081\u3057\u307e\u3059", "language": {"name": "ja-Hrkt", "url": "https://pokeapi.co/api/v2/language/1/"}, "version_group": {"name": "sword-shield", "url": "https://pokeapi.co/api/v2/version-group/20/"}}, {"flavor_text": "\uc0ac\uc6a9\ud560 \uc218 \uc5c6\ub294 \uae30\uc220\uc785\ub2c8\ub2e4.\n\ub2e4\uc2dc \ubc30\uc6b0\uac8c \ud560 \uc218 \uc5c6\uc9c0\ub9cc\n\uae30\uc220\uc744 \uc78a\uac8c \ud558\ub294 \uac83\uc744 \uad8c\uc7a5\ud569\ub2c8\ub2e4.", "language": {"name": "ko", "url": "https://pokeapi.co/api/v2/language/3/"}, "version_group": {"name": "sword-shield", "url": "https://pokeapi.co/api/v2/version-group/20/"}}, {"flavor_text": "\u7121\u6cd5\u4f7f\u7528\u6b64\u62db\u5f0f\u3002\n\u96d6\u7136\u5fd8\u8a18\u5f8c\u5c07\u7121\u6cd5\u518d\u60f3\u8d77\u4f86\uff0c\n\u4f46\u9084\u662f\u5efa\u8b70\u5fd8\u8a18\u6b64\u62db\u5f0f\u3002", "language": {"name": "zh-Hant", "url": "https://pokeapi.co/api/v2/language/4/"}, "version_group": {"name": "sword-shield", "url": "https://pokeapi.co/api/v2/version-group/20/"}}, {"flavor_text": "Cette capacit\u00e9 ne peut pas \u00eatre utilis\u00e9e.\nIl est recommand\u00e9 de l\u2019oublier, m\u00eame s\u2019il sera\nimpossible de se la rem\u00e9morer une fois oubli\u00e9e.", "language": {"name": "fr", "url": "https://pokeapi.co/api/v2/language/5/"}, "version_group": {"name": "sword-shield", "url": "https://pokeapi.co/api/v2/version-group/20/"}}, {"flavor_text": "Diese Attacke kann nicht eingesetzt werden. Du solltest\ndein Pok\u00e9mon sie vergessen lassen. Beachte aber,\ndass es sich danach nicht wieder an sie erinnern kann.", "language": {"name": "de", "url": "https://pokeapi.co/api/v2/language/6/"}, "version_group": {"name": "sword-shield", "url": "https://pokeapi.co/api/v2/version-group/20/"}}, {"flavor_text": "Este movimiento no se puede usar, por lo que ser\u00eda\nmejor olvidarlo, aunque eso implique que no se pueda\nrecordar posteriormente.", "language": {"name": "es", "url": "https://pokeapi.co/api/v2/language/7/"}, "version_group": {"name": "sword-shield", "url": "https://pokeapi.co/api/v2/version-group/20/"}}, {"flavor_text": "Questa mossa non pu\u00f2 essere usata.\n\u00c8 consigliabile farla dimenticare al Pok\u00e9mon. Tuttavia,\nuna volta dimenticata, non potr\u00e0 pi\u00f9 essere ricordata.", "language": {"name": "it", "url": "https://pokeapi.co/api/v2/language/8/"}, "version_group": {"name": "sword-shield", "url": "https://pokeapi.co/api/v2/version-group/20/"}}, {"flavor_text": "This move can\u2019t be used.\nIt\u2019s recommended that this move is forgotten.\nOnce forgotten, this move can\u2019t be remembered.", "language": {"name": "en", "url": "https://pokeapi.co/api/v2/language/9/"}, "version_group": {"name": "sword-shield", "url": "https://pokeapi.co/api/v2/version-group/20/"}}, {"flavor_text": "\u3053\u306e\u6280\u306f\u3000\u4f7f\u3048\u307e\u305b\u3093\n\u601d\u3044\u51fa\u3059\u3053\u3068\u304c\u3000\u3067\u304d\u306a\u304f\u306a\u308a\u307e\u3059\u304c\n\u6280\u3092\u3000\u5fd8\u308c\u308b\u3053\u3068\u3092\u3000\u304a\u3059\u3059\u3081\u3057\u307e\u3059", "language": {"name": "ja", "url": "https://pokeapi.co/api/v2/language/11/"}, "version_group": {"name": "sword-shield", "url": "https://pokeapi.co/api/v2/version-group/20/"}}, {"flavor_text": "\u65e0\u6cd5\u4f7f\u7528\u8fd9\u4e2a\u62db\u5f0f\u3002\n\u867d\u7136\u5fd8\u8bb0\u4e4b\u540e\u5c31\u518d\u4e5f\u60f3\u4e0d\u8d77\u6765\u4e86\uff0c\n\u4f46\u8fd8\u662f\u5efa\u8bae\u5fd8\u8bb0\u8fd9\u4e2a\u62db\u5f0f\u3002", "language": {"name": "zh-Hans", "url": "https://pokeapi.co/api/v2/language/12/"}, "version_group": {"name": "sword-shield", "url": "https://pokeapi.co/api/v2/version-group/20/"}}], "generation": {"name": "generation-v", "url": "https://pokeapi.co/api/v2/generation/5/"}, "id": 516, "learned_by_pokemon": [{"name": "clefairy", "url": "https://pokeapi.co/api/v2/pokemon/35/"}, {"name": "exeggcute", "url": "https://pokeapi.co/api/v2/pokemon/102/"}, {"name": "chansey", "url": "https://pokeapi.co/api/v2/pokemon/113/"}, {"name": "pichu", "url": "https://pokeapi.co/api/v2/pokemon/172/"}, {"name": "togepi", "url": "https://pokeapi.co/api/v2/pokemon/175/"}, {"name": "togetic", "url": "https://pokeapi.co/api/v2/pokemon/176/"}, {"name": "delibird", "url": "https://pokeapi.co/api/v2/pokemon/225/"}, {"name": "blissey", "url": "https://pokeapi.co/api/v2/pokemon/242/"}, {"name": "zigzagoon", "url": "https://pokeapi.co/api/v2/pokemon/263/"}, {"name": "linoone", "url": "https://pokeapi.co/api/v2/pokemon/264/"}, {"name": "plusle", "url": "https://pokeapi.co/api/v2/pokemon/311/"}, {"name": "tropius", "url": "https://pokeapi.co/api/v2/pokemon/357/"}, {"name": "pachirisu", "url": "https://pokeapi.co/api/v2/pokemon/417/"}, {"name": "pidove", "url": "https://pokeapi.co/api/v2/pokemon/519/"}, {"name": "audino", "url": "https://pokeapi.co/api/v2/pokemon/531/"}, {"name": "froakie", "url": "https://pokeapi.co/api/v2/pokemon/656/"}, {"name": "phantump", "url": "https://pokeapi.co/api/v2/pokemon/708/"}, {"name": "pumpkaboo-average", "url": "https://pokeapi.co/api/v2/pokemon/710/"}, {"name": "cutiefly", "url": "https://pokeapi.co/api/v2/pokemon/742/"}, {"name": "passimian", "url": "https://pokeapi.co/api/v2/pokemon/766/"}, {"name": "pyukumuku", "url": "https://pokeapi.co/api/v2/pokemon/771/"}, {"name": "pumpkaboo-small", "url": "https://pokeapi.co/api/v2/pokemon/10027/"}, {"name": "pumpkaboo-large", "url": "https://pokeapi.co/api/v2/pokemon/10028/"}, {"name": "pumpkaboo-super", "url": "https://pokeapi.co/api/v2/pokemon/10029/"}, {"name": "audino-mega", "url": "https://pokeapi.co/api/v2/pokemon/10069/"}], "machines": [], "meta": {"ailment": {"name": "none", "url": "https://pokeapi.co/api/v2/move-ailment/0/"}, "ailment_chance": 0, "category": {"name": "unique", "url": "https://pokeapi.co/api/v2/move-category/13/"}, "crit_rate": 0, "drain": 0, "flinch_chance": 0, "healing": 0, "max_hits": null, "max_turns": null, "min_hits": null, "min_turns": null, "stat_chance": 0}, "name": "bestow", "names": [{"language": {"name": "ja-Hrkt", "url": "https://pokeapi.co/api/v2/language/1/"}, "name": "\u30ae\u30d5\u30c8\u30d1\u30b9"}, {"language": {"name": "ko", "url": "https://pokeapi.co/api/v2/language/3/"}, "name": "\uae30\ud504\ud2b8\ud328\uc2a4"}, {"language": {"name": "zh-Hant", "url": "https://pokeapi.co/api/v2/language/4/"}, "name": "\u50b3\u905e\u79ae\u7269"}, {"language": {"name": "fr", "url": "https://pokeapi.co/api/v2/language/5/"}, "name": "Passe-Cadeau"}, {"language": {"name": "de", "url": "https://pokeapi.co/api/v2/language/6/"}, "name": "Offerte"}, {"language": {"name": "es", "url": "https://pokeapi.co/api/v2/language/7/"}, "name": "Ofrenda"}, {"language": {"name": "it", "url": "https://pokeapi.co/api/v2/language/8/"}, "name": "Cediregalo"}, {"language": {"name": "en", "url": "https://pokeapi.co/api/v2/language/9/"}, "name": "Bestow"}, {"language": {"name": "ja", "url": "https://pokeapi.co/api/v2/language/11/"}, "name": "\u30ae\u30d5\u30c8\u30d1\u30b9"}, {"language": {"name": "zh-Hans", "url": "https://pokeapi.co/api/v2/language/12/"}, "name": "\u4f20\u9012\u793c\u7269"}], "past_values": [], "power": null, "pp": 15, "priority": 0, "stat_changes": [], "super_contest_effect": null, "target": {"name": "selected-pokemon", "url": "https://pokeapi.co/api/v2/move-target/10/"}, "type": {"name": "normal", "url": "https://pokeapi.co/api/v2/type/1/"}}