{"accuracy": 100, "contest_combos": null, "contest_effect": null, "contest_type": {"name": "smart", "url": "https://pokeapi.co/api/v2/contest-type/4/"}, "damage_class": {"name": "special", "url": "https://pokeapi.co/api/v2/move-damage-class/3/"}, "effect_chance": 100, "effect_changes": [], "effect_entries": [{"effect": "Inflicts regular damage.  Has either a 1%, 11%, or 31% chance to confuse the target, based on the volume of the recording made for this move; louder recordings increase the chance of confusion.  If the user is not a chatot, this move will not cause confusion.\n\nThis move cannot be copied by mimic, mirror move, or sketch, nor selected by assist, metronome, or sleep talk.", "language": {"name": "en", "url": "https://pokeapi.co/api/v2/language/9/"}, "short_effect": "Has a higher chance to confuse the target when the recorded sound is louder."}], "flavor_text_entries": [{"flavor_text": "The user attacks\nusing a sound wave\nbased on words it has\nlearned. It may also\nconfuse the foe.", "language": {"name": "en", "url": "https://pokeapi.co/api/v2/language/9/"}, "version_group": {"name": "diamond-pearl", "url": "https://pokeapi.co/api/v2/version-group/8/"}}, {"flavor_text": "The user attacks\nusing a sound wave\nbased on words it has\nlearned. It may also\nconfuse the foe.", "language": {"name": "en", "url": "https://pokeapi.co/api/v2/language/9/"}, "version_group": {"name": "platinum", "url": "https://pokeapi.co/api/v2/version-group/9/"}}, {"flavor_text": "The user attacks\nusing a sound wave\nbased on words it has\nlearned. It may also\nconfuse the foe.", "language": {"name": "en", "url": "https://pokeapi.co/api/v2/language/9/"}, "version_group": {"name": "heartgold-soulsilver", "url": "https://pokeapi.co/api/v2/version-group/10/"}}, {"flavor_text": "Le lanceur envoie une onde musicale en\nr\u00e9citant des mots. Peut aussi rendre\nl\u2019ennemi confus.", "language": {"name": "fr", "url": "https://pokeapi.co/api/v2/language/5/"}, "version_group": {"name": "black-white", "url": "https://pokeapi.co/api/v2/version-group/11/"}}, {"flavor_text": "The user attacks using a sound wave\nbased on words it has learned.\nIt may also confuse the target.", "language": {"name": "en", "url": "https://pokeapi.co/api/v2/language/9/"}, "version_group": {"name": "black-white", "url": "https://pokeapi.co/api/v2/version-group/11/"}}, {"flavor_text": "The user attacks using a sound wave\nbased on words it has learned.\nIt may also confuse the target.", "language": {"name": "en", "url": "https://pokeapi.co/api/v2/language/9/"}, "version_group": {"name": "black-2-white-2", "url": "https://pokeapi.co/api/v2/version-group/14/"}}, {"flavor_text": "\u304a\u307c\u3048\u305f\u3000\u3053\u3068\u3070\u3067\n\u304a\u3093\u3071\u3092\u3000\u304a\u3053\u3057\u3066\u3000\u3053\u3046\u3052\u304d\u3059\u308b\u3002\n\u3042\u3044\u3066\u3092\u3000\u3053\u3093\u3089\u3093\u3000\u3055\u305b\u308b\u3002", "language": {"name": "ja-Hrkt", "url": "https://pokeapi.co/api/v2/language/1/"}, "version_group": {"name": "x-y", "url": "https://pokeapi.co/api/v2/version-group/15/"}}, {"flavor_text": "\uae30\uc5b5\ud55c \ub9d0\ub85c\n\uc74c\ud30c\ub97c \uc77c\uc73c\ucf1c\uc11c \uacf5\uaca9\ud55c\ub2e4.\n\uc0c1\ub300\ub97c \ud63c\ub780\uc2dc\ud0a8\ub2e4.", "language": {"name": "ko", "url": "https://pokeapi.co/api/v2/language/3/"}, "version_group": {"name": "x-y", "url": "https://pokeapi.co/api/v2/version-group/15/"}}, {"flavor_text": "Le lanceur envoie une onde musicale en r\u00e9citant\ndes mots. Rend l\u2019ennemi confus.", "language": {"name": "fr", "url": "https://pokeapi.co/api/v2/language/5/"}, "version_group": {"name": "x-y", "url": "https://pokeapi.co/api/v2/version-group/15/"}}, {"flavor_text": "Attacke mit Schallwellen. Verwirrt das Ziel.", "language": {"name": "de", "url": "https://pokeapi.co/api/v2/language/6/"}, "version_group": {"name": "x-y", "url": "https://pokeapi.co/api/v2/version-group/15/"}}, {"flavor_text": "Ataca con una onda s\u00f3nica compuesta por\npalabras que ha aprendido y confunde al objetivo.", "language": {"name": "es", "url": "https://pokeapi.co/api/v2/language/7/"}, "version_group": {"name": "x-y", "url": "https://pokeapi.co/api/v2/version-group/15/"}}, {"flavor_text": "Chi la usa attacca creando un\u2019onda sonora\ncon le parole imparate e confonde il bersaglio.", "language": {"name": "it", "url": "https://pokeapi.co/api/v2/language/8/"}, "version_group": {"name": "x-y", "url": "https://pokeapi.co/api/v2/version-group/15/"}}, {"flavor_text": "The user attacks using a sound wave\nbased on words it has learned.\nThis confuses the target.", "language": {"name": "en", "url": "https://pokeapi.co/api/v2/language/9/"}, "version_group": {"name": "x-y", "url": "https://pokeapi.co/api/v2/version-group/15/"}}, {"flavor_text": "\u304a\u307c\u3048\u305f\u3000\u8a00\u8449\u3067\n\u97f3\u6ce2\u3092\u3000\u304a\u3053\u3057\u3066\u3000\u653b\u6483\u3059\u308b\u3002\n\u76f8\u624b\u3092\u3000\u6df7\u4e71\u3055\u305b\u308b\u3002", "language": {"name": "ja", "url": "https://pokeapi.co/api/v2/language/11/"}, "version_group": {"name": "x-y", "url": "https://pokeapi.co/api/v2/version-group/15/"}}, {"flavor_text": "\u3068\u3066\u3082\u3000\u3046\u308b\u3055\u3044\u3000\u304a\u3057\u3083\u3079\u308a\u306e\n\u304a\u3093\u3071\u3067\u3000\u3042\u3044\u3066\u3092\u3000\u3053\u3046\u3052\u304d\u3059\u308b\u3002\n\u3042\u3044\u3066\u3092\u3000\u3053\u3093\u3089\u3093\u3000\u3055\u305b\u308b\u3002", "language": {"name": "ja-Hrkt", "url": "https://pokeapi.co/api/v2/language/1/"}, "version_group": {"name": "omega-ruby-alpha-sapphire", "url": "https://pokeapi.co/api/v2/version-group/16/"}}, {"flavor_text": "\ub9e4\uc6b0 \uc2dc\ub044\ub7fd\uace0 \uc218\ub2e4\uc2a4\ub7ec\uc6b4\n\uc74c\ud30c\ub85c \uc0c1\ub300\ub97c \uacf5\uaca9\ud55c\ub2e4.\n\uc0c1\ub300\ub97c \ud63c\ub780\uc2dc\ud0a8\ub2e4.", "language": {"name": "ko", "url": "https://pokeapi.co/api/v2/language/3/"}, "version_group": {"name": "omega-ruby-alpha-sapphire", "url": "https://pokeapi.co/api/v2/version-group/16/"}}, {"flavor_text": "Attaque avec les ondes sonores assourdissantes\nqu\u2019il \u00e9met en pronon\u00e7ant des mots au hasard.\nRend l\u2019ennemi confus.", "language": {"name": "fr", "url": "https://pokeapi.co/api/v2/language/5/"}, "version_group": {"name": "omega-ruby-alpha-sapphire", "url": "https://pokeapi.co/api/v2/version-group/16/"}}, {"flavor_text": "Der Anwender labert das Ziel zu und greift es\nmit den dadurch entstehenden Schallwellen an,\nwodurch das Ziel verwirrt wird.", "language": {"name": "de", "url": "https://pokeapi.co/api/v2/language/6/"}, "version_group": {"name": "omega-ruby-alpha-sapphire", "url": "https://pokeapi.co/api/v2/version-group/16/"}}, {"flavor_text": "Ataca con una onda de sonido muy ruidosa\ncompuesta  por palabras y confunde al objetivo. ", "language": {"name": "es", "url": "https://pokeapi.co/api/v2/language/7/"}, "version_group": {"name": "omega-ruby-alpha-sapphire", "url": "https://pokeapi.co/api/v2/version-group/16/"}}, {"flavor_text": "Chi la usa attacca creando un\u2019onda sonora\ndi parole a vanvera e confonde il bersaglio.", "language": {"name": "it", "url": "https://pokeapi.co/api/v2/language/8/"}, "version_group": {"name": "omega-ruby-alpha-sapphire", "url": "https://pokeapi.co/api/v2/version-group/16/"}}, {"flavor_text": "The user attacks the target with\nsound waves of deafening chatter.\nThis confuses the target.", "language": {"name": "en", "url": "https://pokeapi.co/api/v2/language/9/"}, "version_group": {"name": "omega-ruby-alpha-sapphire", "url": "https://pokeapi.co/api/v2/version-group/16/"}}, {"flavor_text": "\u3068\u3066\u3082\u3000\u3046\u308b\u3055\u3044\u3000\u304a\u3057\u3083\u3079\u308a\u306e\n\u97f3\u6ce2\u3067\u3000\u76f8\u624b\u3092\u3000\u653b\u6483\u3059\u308b\u3002\n\u76f8\u624b\u3092\u3000\u6df7\u4e71\u3055\u305b\u308b\u3002", "language": {"name": "ja", "url": "https://pokeapi.co/api/v2/language/11/"}, "version_group": {"name": "omega-ruby-alpha-sapphire", "url": "https://pokeapi.co/api/v2/version-group/16/"}}, {"flavor_text": "\u3068\u3066\u3082\u3000\u3046\u308b\u3055\u3044\u3000\u304a\u3057\u3083\u3079\u308a\u306e\n\u304a\u3093\u3071\u3067\u3000\u3042\u3044\u3066\u3092\u3000\u3053\u3046\u3052\u304d\u3059\u308b\u3002\n\u3042\u3044\u3066\u3092\u3000\u3053\u3093\u3089\u3093\u3000\u3055\u305b\u308b\u3002", "language": {"name": "ja-Hrkt", "url": "https://pokeapi.co/api/v2/language/1/"}, "version_group": {"name": "sun-moon", "url": "https://pokeapi.co/api/v2/version-group/17/"}}, {"flavor_text": "\ub9e4\uc6b0 \uc2dc\ub044\ub7fd\uace0 \uc218\ub2e4\uc2a4\ub7ec\uc6b4\n\uc74c\ud30c\ub85c \uc0c1\ub300\ub97c \uacf5\uaca9\ud55c\ub2e4.\n\uc0c1\ub300\ub97c \ud63c\ub780\uc2dc\ud0a8\ub2e4.", "language": {"name": "ko", "url": "https://pokeapi.co/api/v2/language/3/"}, "version_group": {"name": "sun-moon", "url": "https://pokeapi.co/api/v2/version-group/17/"}}, {"flavor_text": "\u7528\u975e\u5e38\u7169\u4eba\u4e14\u558b\u558b\u4e0d\u4f11\u7684\n\u97f3\u6ce2\u653b\u64ca\u5c0d\u624b\u3002\n\u4f7f\u5c0d\u624b\u6df7\u4e82\u3002", "language": {"name": "zh-Hant", "url": "https://pokeapi.co/api/v2/language/4/"}, "version_group": {"name": "sun-moon", "url": "https://pokeapi.co/api/v2/version-group/17/"}}, {"flavor_text": "Attaque avec les ondes sonores assourdissantes\nqu\u2019il \u00e9met en bavardant. Rend l\u2019ennemi confus.", "language": {"name": "fr", "url": "https://pokeapi.co/api/v2/language/5/"}, "version_group": {"name": "sun-moon", "url": "https://pokeapi.co/api/v2/version-group/17/"}}, {"flavor_text": "Der Anwender labert das Ziel zu und greift es mit\nden dadurch entstehenden Schallwellen an, wodurch\ndas Ziel verwirrt wird.", "language": {"name": "de", "url": "https://pokeapi.co/api/v2/language/6/"}, "version_group": {"name": "sun-moon", "url": "https://pokeapi.co/api/v2/version-group/17/"}}, {"flavor_text": "Ataca con una onda de sonido muy ruidosa\ncompuesta por palabras y confunde al objetivo. ", "language": {"name": "es", "url": "https://pokeapi.co/api/v2/language/7/"}, "version_group": {"name": "sun-moon", "url": "https://pokeapi.co/api/v2/version-group/17/"}}, {"flavor_text": "Chi la usa attacca creando un\u2019onda sonora\ndi parole a vanvera e confonde il bersaglio.", "language": {"name": "it", "url": "https://pokeapi.co/api/v2/language/8/"}, "version_group": {"name": "sun-moon", "url": "https://pokeapi.co/api/v2/version-group/17/"}}, {"flavor_text": "The user attacks the target with sound waves of\ndeafening chatter. This confuses the target.", "language": {"name": "en", "url": "https://pokeapi.co/api/v2/language/9/"}, "version_group": {"name": "sun-moon", "url": "https://pokeapi.co/api/v2/version-group/17/"}}, {"flavor_text": "\u3068\u3066\u3082\u3000\u3046\u308b\u3055\u3044\u3000\u304a\u3057\u3083\u3079\u308a\u306e\n\u97f3\u6ce2\u3067\u3000\u76f8\u624b\u3092\u3000\u653b\u6483\u3059\u308b\u3002\n\u76f8\u624b\u3092\u3000\u6df7\u4e71\u3055\u305b\u308b\u3002", "language": {"name": "ja", "url": "https://pokeapi.co/api/v2/language/11/"}, "version_group": {"name": "sun-moon", "url": "https://pokeapi.co/api/v2/version-group/17/"}}, {"flavor_text": "\u7528\u975e\u5e38\u70e6\u4eba\u7684\uff0c\n\u558b\u558b\u4e0d\u4f11\u7684\u97f3\u6ce2\u653b\u51fb\u5bf9\u624b\u3002\n\u4f7f\u5bf9\u624b\u6df7\u4e71\u3002", "language": {"name": "zh-Hans", "url": "https://pokeapi.co/api/v2/language/12/"}, "version_group": {"name": "sun-moon", "url": "https://pokeapi.co/api/v2/version-group/17/"}}, {"flavor_text": "\u3068\u3066\u3082\u3000\u3046\u308b\u3055\u3044\u3000\u304a\u3057\u3083\u3079\u308a\u306e\n\u304a\u3093\u3071\u3067\u3000\u3042\u3044\u3066\u3092\u3000\u3053\u3046\u3052\u304d\u3059\u308b\u3002\n\u3042\u3044\u3066\u3092\u3000\u3053\u3093\u3089\u3093\u3000\u3055\u305b\u308b\u3002", "language": {"name": "ja-Hrkt", "url": "https://pokeapi.co/api/v2/language/1/"}, "version_group": {"name": "ultra-sun-ultra-moon", "url": "https://pokeapi.co/api/v2/version-group/18/"}}, {"flavor_text": "\ub9e4\uc6b0 \uc2dc\ub044\ub7fd\uace0 \uc218\ub2e4\uc2a4\ub7ec\uc6b4\n\uc74c\ud30c\ub85c \uc0c1\ub300\ub97c \uacf5\uaca9\ud55c\ub2e4.\n\uc0c1\ub300\ub97c \ud63c\ub780\uc2dc\ud0a8\ub2e4.", "language": {"name": "ko", "url": "https://pokeapi.co/api/v2/language/3/"}, "version_group": {"name": "ultra-sun-ultra-moon", "url": "https://pokeapi.co/api/v2/version-group/18/"}}, {"flavor_text": "\u7528\u975e\u5e38\u7169\u4eba\u4e14\u558b\u558b\u4e0d\u4f11\u7684\n\u97f3\u6ce2\u653b\u64ca\u5c0d\u624b\u3002\n\u4f7f\u5c0d\u624b\u6df7\u4e82\u3002", "language": {"name": "zh-Hant", "url": "https://pokeapi.co/api/v2/language/4/"}, "version_group": {"name": "ultra-sun-ultra-moon", "url": "https://pokeapi.co/api/v2/version-group/18/"}}, {"flavor_text": "Attaque avec les ondes sonores assourdissantes\nqu\u2019il \u00e9met en bavardant. Rend l\u2019ennemi confus.", "language": {"name": "fr", "url": "https://pokeapi.co/api/v2/language/5/"}, "version_group": {"name": "ultra-sun-ultra-moon", "url": "https://pokeapi.co/api/v2/version-group/18/"}}, {"flavor_text": "Der Anwender labert das Ziel zu und greift es mit\nden dadurch entstehenden Schallwellen an, wodurch\ndas Ziel verwirrt wird.", "language": {"name": "de", "url": "https://pokeapi.co/api/v2/language/6/"}, "version_group": {"name": "ultra-sun-ultra-moon", "url": "https://pokeapi.co/api/v2/version-group/18/"}}, {"flavor_text": "Ataca con una onda de sonido muy ruidosa\ncompuesta por palabras y confunde al objetivo. ", "language": {"name": "es", "url": "https://pokeapi.co/api/v2/language/7/"}, "version_group": {"name": "ultra-sun-ultra-moon", "url": "https://pokeapi.co/api/v2/version-group/18/"}}, {"flavor_text": "Chi la usa attacca creando un\u2019onda sonora\ndi parole a vanvera e confonde il bersaglio.", "language": {"name": "it", "url": "https://pokeapi.co/api/v2/language/8/"}, "version_group": {"name": "ultra-sun-ultra-moon", "url": "https://pokeapi.co/api/v2/version-group/18/"}}, {"flavor_text": "The user attacks the target with sound waves of\ndeafening chatter. This confuses the target.", "language": {"name": "en", "url": "https://pokeapi.co/api/v2/language/9/"}, "version_group": {"name": "ultra-sun-ultra-moon", "url": "https://pokeapi.co/api/v2/version-group/18/"}}, {"flavor_text": "\u3068\u3066\u3082\u3000\u3046\u308b\u3055\u3044\u3000\u304a\u3057\u3083\u3079\u308a\u306e\n\u97f3\u6ce2\u3067\u3000\u76f8\u624b\u3092\u3000\u653b\u6483\u3059\u308b\u3002\n\u76f8\u624b\u3092\u3000\u6df7\u4e71\u3055\u305b\u308b\u3002", "language": {"name": "ja", "url": "https://pokeapi.co/api/v2/language/11/"}, "version_group": {"name": "ultra-sun-ultra-moon", "url": "https://pokeapi.co/api/v2/version-group/18/"}}, {"flavor_text": "\u7528\u975e\u5e38\u70e6\u4eba\u7684\uff0c\n\u558b\u558b\u4e0d\u4f11\u7684\u97f3\u6ce2\u653b\u51fb\u5bf9\u624b\u3002\n\u4f7f\u5bf9\u624b\u6df7\u4e71\u3002", "language": {"name": "zh-Hans", "url": "https://pokeapi.co/api/v2/language/12/"}, "version_group": {"name": "ultra-sun-ultra-moon", "url": "https://pokeapi.co/api/v2/version-group/18/"}}, {"flavor_text": "\u3068\u3066\u3082\u3000\u3046\u308b\u3055\u3044\u3000\u304a\u3057\u3083\u3079\u308a\u306e\n\u304a\u3093\u3071\u3067\u3000\u3042\u3044\u3066\u3092\u3000\u3053\u3046\u3052\u304d\u3059\u308b\u3002\n\u3042\u3044\u3066\u3092\u3000\u3053\u3093\u3089\u3093\u3000\u3055\u305b\u308b\u3002", "language": {"name": "ja-Hrkt", "url": "https://pokeapi.co/api/v2/language/1/"}, "version_group": {"name": "lets-go-pikachu-lets-go-eevee", "url": "https://pokeapi.co/api/v2/version-group/19/"}}, {"flavor_text": "\ub9e4\uc6b0 \uc2dc\ub044\ub7fd\uace0 \uc218\ub2e4\uc2a4\ub7ec\uc6b4\n\uc74c\ud30c\ub85c \uc0c1\ub300\ub97c \uacf5\uaca9\ud55c\ub2e4.\n\uc0c1\ub300\ub97c \ud63c\ub780\uc2dc\ud0a8\ub2e4.", "language": {"name": "ko", "url": "https://pokeapi.co/api/v2/language/3/"}, "version_group": {"name": "lets-go-pikachu-lets-go-eevee", "url": "https://pokeapi.co/api/v2/version-group/19/"}}, {"flavor_text": "\u7528\u975e\u5e38\u7169\u4eba\u4e14\u558b\u558b\u4e0d\u4f11\u7684\n\u97f3\u6ce2\u653b\u64ca\u5c0d\u624b\u3002\n\u4f7f\u5c0d\u624b\u6df7\u4e82\u3002", "language": {"name": "zh-Hant", "url": "https://pokeapi.co/api/v2/language/4/"}, "version_group": {"name": "lets-go-pikachu-lets-go-eevee", "url": "https://pokeapi.co/api/v2/version-group/19/"}}, {"flavor_text": "Attaque avec les ondes sonores assourdissantes\nqu\u2019il \u00e9met en bavardant. Rend l\u2019ennemi confus.", "language": {"name": "fr", "url": "https://pokeapi.co/api/v2/language/5/"}, "version_group": {"name": "lets-go-pikachu-lets-go-eevee", "url": "https://pokeapi.co/api/v2/version-group/19/"}}, {"flavor_text": "Der Anwender labert das Ziel zu und greift es mit\nden dadurch entstehenden Schallwellen an, wodurch\ndas Ziel verwirrt wird.", "language": {"name": "de", "url": "https://pokeapi.co/api/v2/language/6/"}, "version_group": {"name": "lets-go-pikachu-lets-go-eevee", "url": "https://pokeapi.co/api/v2/version-group/19/"}}, {"flavor_text": "Ataca con una onda de sonido muy ruidosa\ncompuesta por palabras y confunde al objetivo. ", "language": {"name": "es", "url": "https://pokeapi.co/api/v2/language/7/"}, "version_group": {"name": "lets-go-pikachu-lets-go-eevee", "url": "https://pokeapi.co/api/v2/version-group/19/"}}, {"flavor_text": "Chi la usa attacca creando un\u2019onda sonora\ndi parole a vanvera e confonde il bersaglio.", "language": {"name": "it", "url": "https://pokeapi.co/api/v2/language/8/"}, "version_group": {"name": "lets-go-pikachu-lets-go-eevee", "url": "https://pokeapi.co/api/v2/version-group/19/"}}, {"flavor_text": "The user attacks the target with sound waves of\ndeafening chatter. This confuses the target.", "language": {"name": "en", "url": "https://pokeapi.co/api/v2/language/9/"}, "version_group": {"name": "lets-go-pikachu-lets-go-eevee", "url": "https://pokeapi.co/api/v2/version-group/19/"}}, {"flavor_text": "\u3068\u3066\u3082\u3000\u3046\u308b\u3055\u3044\u3000\u304a\u3057\u3083\u3079\u308a\u306e\n\u97f3\u6ce2\u3067\u3000\u76f8\u624b\u3092\u3000\u653b\u6483\u3059\u308b\u3002\n\u76f8\u624b\u3092\u3000\u6df7\u4e71\u3055\u305b\u308b\u3002", "language": {"name": "ja", "url": "https://pokeapi.co/api/v2/language/11/"}, "version_group": {"name": "lets-go-pikachu-lets-go-eevee", "url": "https://pokeapi.co/api/v2/version-group/19/"}}, {"flavor_text": "\u7528\u975e\u5e38\u70e6\u4eba\u7684\uff0c\n\u558b\u558b\u4e0d\u4f11\u7684\u97f3\u6ce2\u653b\u51fb\u5bf9\u624b\u3002\n\u4f7f\u5bf9\u624b\u6df7\u4e71\u3002", "language": {"name": "zh-Hans", "url": "https://pokeapi.co/api/v2/language/12/"}, "version_group": {"name": "lets-go-pikachu-lets-go-eevee", "url": "https://pokeapi.co/api/v2/version-group/19/"}}, {"flavor_text": "\u3068\u3066\u3082\u3000\u3046\u308b\u3055\u3044\u3000\u304a\u3057\u3083\u3079\u308a\u306e\n\u304a\u3093\u3071\u3067\u3000\u3042\u3044\u3066\u3092\u3000\u3053\u3046\u3052\u304d\u3059\u308b\u3002\n\u3042\u3044\u3066\u3092\u3000\u3053\u3093\u3089\u3093\u3000\u3055\u305b\u308b\u3002", "language": {"name": "ja-Hrkt", "url": "https://pokeapi.co/api/v2/language/1/"}, "version_group": {"name": "sword-shield", "url": "https://pokeapi.co/api/v2/version-group/20/"}}, {"flavor_text": "\ub9e4\uc6b0 \uc2dc\ub044\ub7fd\uace0 \uc218\ub2e4\uc2a4\ub7ec\uc6b4\n\uc74c\ud30c\ub85c \uc0c1\ub300\ub97c \uacf5\uaca9\ud55c\ub2e4.\n\uc0c1\ub300\ub97c \ud63c\ub780\uc2dc\ud0a8\ub2e4.", "language": {"name": "ko", "url": "https://pokeapi.co/api/v2/language/3/"}, "version_group": {"name": "sword-shield", "url": "https://pokeapi.co/api/v2/version-group/20/"}}, {"flavor_text": "\u7528\u975e\u5e38\u7169\u4eba\u4e14\u558b\u558b\u4e0d\u4f11\u7684\n\u97f3\u6ce2\u653b\u64ca\u5c0d\u624b\u3002\n\u4f7f\u5c0d\u624b\u6df7\u4e82\u3002", "language": {"name": "zh-Hant", "url": "https://pokeapi.co/api/v2/language/4/"}, "version_group": {"name": "sword-shield", "url": "https://pokeapi.co/api/v2/version-group/20/"}}, {"flavor_text": "Attaque avec les ondes sonores assourdissantes\nqu\u2019il \u00e9met en bavardant. Rend l\u2019ennemi confus.", "language": {"name": "fr", "url": "https://pokeapi.co/api/v2/language/5/"}, "version_group": {"name": "sword-shield", "url": "https://pokeapi.co/api/v2/version-group/20/"}}, {"flavor_text": "Der Anwender labert das Ziel zu und greift es mit den\ndadurch entstehenden Schallwellen an, wodurch das\nZiel verwirrt wird.", "language": {"name": "de", "url": "https://pokeapi.co/api/v2/language/6/"}, "version_group": {"name": "sword-shield", "url": "https://pokeapi.co/api/v2/version-group/20/"}}, {"flavor_text": "Ataca con una onda de sonido muy ruidosa compuesta\npor palabras y confunde al objetivo. ", "language": {"name": "es", "url": "https://pokeapi.co/api/v2/language/7/"}, "version_group": {"name": "sword-shield", "url": "https://pokeapi.co/api/v2/version-group/20/"}}, {"flavor_text": "Chi la usa attacca creando un\u2019onda sonora\ndi parole a vanvera e confonde il bersaglio.", "language": {"name": "it", "url": "https://pokeapi.co/api/v2/language/8/"}, "version_group": {"name": "sword-shield", "url": "https://pokeapi.co/api/v2/version-group/20/"}}, {"flavor_text": "The user attacks the target with sound waves of\ndeafening chatter. This confuses the target.", "language": {"name": "en", "url": "https://pokeapi.co/api/v2/language/9/"}, "version_group": {"name": "sword-shield", "url": "https://pokeapi.co/api/v2/version-group/20/"}}, {"flavor_text": "\u3068\u3066\u3082\u3000\u3046\u308b\u3055\u3044\u3000\u304a\u3057\u3083\u3079\u308a\u306e\n\u97f3\u6ce2\u3067\u3000\u76f8\u624b\u3092\u3000\u653b\u6483\u3059\u308b\u3002\n\u76f8\u624b\u3092\u3000\u6df7\u4e71\u3055\u305b\u308b\u3002", "language": {"name": "ja", "url": "https://pokeapi.co/api/v2/language/11/"}, "version_group": {"name": "sword-shield", "url": "https://pokeapi.co/api/v2/version-group/20/"}}, {"flavor_text": "\u7528\u975e\u5e38\u70e6\u4eba\u7684\uff0c\n\u558b\u558b\u4e0d\u4f11\u7684\u97f3\u6ce2\u653b\u51fb\u5bf9\u624b\u3002\n\u4f7f\u5bf9\u624b\u6df7\u4e71\u3002", "language": {"name": "zh-Hans", "url": "https://pokeapi.co/api/v2/language/12/"}, "version_group": {"name": "sword-shield", "url": "https://pokeapi.co/api/v2/version-group/20/"}}], "generation": {"name": "generation-iv", "url": "https://pokeapi.co/api/v2/generation/4/"}, "id": 448, "learned_by_pokemon": [{"name": "chatot", "url": "https://pokeapi.co/api/v2/pokemon/441/"}], "machines": [], "meta": {"ailment": {"name": "confusion", "url": "https://pokeapi.co/api/v2/move-ailment/6/"}, "ailment_chance": 100, "category": {"name": "damage+ailment", "url": "https://pokeapi.co/api/v2/move-category/4/"}, "crit_rate": 0, "drain": 0, "flinch_chance": 0, "healing": 0, "max_hits": null, "max_turns": 5, "min_hits": null, "min_turns": 2, "stat_chance": 0}, "name": "chatter", "names": [{"language": {"name": "ja-Hrkt", "url": "https://pokeapi.co/api/v2/language/1/"}, "name": "\u304a\u3057\u3083\u3079\u308a"}, {"language": {"name": "ko", "url": "https://pokeapi.co/api/v2/language/3/"}, "name": "\uc218\ub2e4"}, {"language": {"name": "zh-Hant", "url": "https://pokeapi.co/api/v2/language/4/"}, "name": "\u558b\u558b\u4e0d\u4f11"}, {"language": {"name": "fr", "url": "https://pokeapi.co/api/v2/language/5/"}, "name": "Babil"}, {"language": {"name": "de", "url": "https://pokeapi.co/api/v2/language/6/"}, "name": "Geschw\u00e4tz"}, {"language": {"name": "es", "url": "https://pokeapi.co/api/v2/language/7/"}, "name": "Ch\u00e1chara"}, {"language": {"name": "it", "url": "https://pokeapi.co/api/v2/language/8/"}, "name": "Schiamazzo"}, {"language": {"name": "en", "url": "https://pokeapi.co/api/v2/language/9/"}, "name": "Chatter"}, {"language": {"name": "ja", "url": "https://pokeapi.co/api/v2/language/11/"}, "name": "\u304a\u3057\u3083\u3079\u308a"}, {"language": {"name": "zh-Hans", "url": "https://pokeapi.co/api/v2/language/12/"}, "name": "\u558b\u558b\u4e0d\u4f11"}], "past_values": [{"accuracy": null, "effect_chance": null, "effect_entries": [], "power": 60, "pp": null, "type": null, "version_group": {"name": "x-y", "url": "https://pokeapi.co/api/v2/version-group/15/"}}], "power": 65, "pp": 20, "priority": 0, "stat_changes": [], "super_contest_effect": {"url": "https://pokeapi.co/api/v2/super-contest-effect/23/"}, "target": {"name": "selected-pokemon", "url": "https://pokeapi.co/api/v2/move-target/10/"}, "type": {"name": "flying", "url": "https://pokeapi.co/api/v2/type/3/"}}