{"accuracy": 100, "contest_combos": null, "contest_effect": null, "contest_type": null, "damage_class": {"name": "status", "url": "https://pokeapi.co/api/v2/move-damage-class/1/"}, "effect_chance": 100, "effect_changes": [], "effect_entries": [], "flavor_text_entries": [{"flavor_text": "\u306d\u3070\u306d\u3070\u306e\u3000\u30bf\u30fc\u30eb\u3092\u3000\u3042\u3073\u305b\u3066\n\u3042\u3044\u3066\u306e\u3000\u3059\u3070\u3084\u3055\u3092\u3000\u3055\u3052\u308b\u3002\n\u3042\u3044\u3066\u306f\u3000\u307b\u306e\u304a\u304c\u3000\u3058\u3083\u304f\u3066\u3093\u306b\u3000\u306a\u308b\u3002", "language": {"name": "ja-Hrkt", "url": "https://pokeapi.co/api/v2/language/1/"}, "version_group": {"name": "sword-shield", "url": "https://pokeapi.co/api/v2/version-group/20/"}}, {"flavor_text": "\ub048\uc801\ub048\uc801\ud55c \ud0c0\ub974\ub97c \ub0a0\ub824\uc11c\n\uc0c1\ub300\uc758 \uc2a4\ud53c\ub4dc\ub97c \ub5a8\uc5b4\ub728\ub9b0\ub2e4.\n\uc0c1\ub300\ub294 \ubd88\uaf43\uc774 \uc57d\uc810\uc774 \ub41c\ub2e4.", "language": {"name": "ko", "url": "https://pokeapi.co/api/v2/language/3/"}, "version_group": {"name": "sword-shield", "url": "https://pokeapi.co/api/v2/version-group/20/"}}, {"flavor_text": "\u5c04\u51fa\u9ecf\u9ecf\u7684\u701d\u9752\uff0c\n\u964d\u4f4e\u5c0d\u624b\u7684\u901f\u5ea6\u3002\n\u5c0d\u624b\u7684\u5f31\u9ede\u5c07\u8b8a\u70ba\u706b\u3002", "language": {"name": "zh-Hant", "url": "https://pokeapi.co/api/v2/language/4/"}, "version_group": {"name": "sword-shield", "url": "https://pokeapi.co/api/v2/version-group/20/"}}, {"flavor_text": "Le lanceur recouvre sa cible de goudron liquide\npour baisser sa Vitesse et la rendre vuln\u00e9rable au feu.", "language": {"name": "fr", "url": "https://pokeapi.co/api/v2/language/5/"}, "version_group": {"name": "sword-shield", "url": "https://pokeapi.co/api/v2/version-group/20/"}}, {"flavor_text": "Der Anwender \u00fcbergie\u00dft das Ziel mit klebrigem Teer\nund senkt so dessen Initiative. Dadurch wird es schwach\ngegen\u00fcber Feuer-Attacken.", "language": {"name": "de", "url": "https://pokeapi.co/api/v2/language/6/"}, "version_group": {"name": "sword-shield", "url": "https://pokeapi.co/api/v2/version-group/20/"}}, {"flavor_text": "Cubre al objetivo de un alquitr\u00e1n pegajoso que reduce\nsu Velocidad y lo vuelve d\u00e9bil contra el fuego.", "language": {"name": "es", "url": "https://pokeapi.co/api/v2/language/7/"}, "version_group": {"name": "sword-shield", "url": "https://pokeapi.co/api/v2/version-group/20/"}}, {"flavor_text": "Chi la usa getta catrame appiccicoso sul bersaglio\nabbassandone la Velocit\u00e0 e rendendolo vulnerabile\nal tipo Fuoco.", "language": {"name": "it", "url": "https://pokeapi.co/api/v2/language/8/"}, "version_group": {"name": "sword-shield", "url": "https://pokeapi.co/api/v2/version-group/20/"}}, {"flavor_text": "The user pours sticky tar over the target, lowering the\ntarget\u2019s Speed stat. The target becomes weaker to\nFire-type moves.", "language": {"name": "en", "url": "https://pokeapi.co/api/v2/language/9/"}, "version_group": {"name": "sword-shield", "url": "https://pokeapi.co/api/v2/version-group/20/"}}, {"flavor_text": "\u306d\u3070\u306d\u3070\u306e\u3000\u30bf\u30fc\u30eb\u3092\u3000\u6d74\u3073\u305b\u3066\n\u76f8\u624b\u306e\u3000\u7d20\u65e9\u3055\u3092\u3000\u4e0b\u3052\u308b\u3002\n\u76f8\u624b\u306f\u3000\u307b\u306e\u304a\u304c\u3000\u5f31\u70b9\u306b\u3000\u306a\u308b\u3002", "language": {"name": "ja", "url": "https://pokeapi.co/api/v2/language/11/"}, "version_group": {"name": "sword-shield", "url": "https://pokeapi.co/api/v2/version-group/20/"}}, {"flavor_text": "\u6cfc\u6d12\u9ecf\u7cca\u7cca\u7684\u6ca5\u9752\uff0c\n\u964d\u4f4e\u5bf9\u624b\u7684\u901f\u5ea6\uff0c\n\u5e76\u4e14\u4f7f\u5bf9\u624b\u7684\u5f31\u70b9\u53d8\u4e3a\u706b\u3002", "language": {"name": "zh-Hans", "url": "https://pokeapi.co/api/v2/language/12/"}, "version_group": {"name": "sword-shield", "url": "https://pokeapi.co/api/v2/version-group/20/"}}, {"flavor_text": "The user pours sticky tar over the target, lowering the target's Speed stat. The target becomes weaker to Fire-type moves.", "language": {"name": "en", "url": "https://pokeapi.co/api/v2/language/9/"}, "version_group": {"name": "legends-arceus", "url": "https://pokeapi.co/api/v2/version-group/24/"}}, {"flavor_text": "The user pours sticky tar over the target, lowering the target's Speed stat. The target becomes weaker to Fire-type moves.", "language": {"name": "en", "url": "https://pokeapi.co/api/v2/language/9/"}, "version_group": {"name": "scarlet-violet", "url": "https://pokeapi.co/api/v2/version-group/25/"}}], "generation": {"name": "generation-viii", "url": "https://pokeapi.co/api/v2/generation/8/"}, "id": 749, "learned_by_pokemon": [{"name": "coalossal", "url": "https://pokeapi.co/api/v2/pokemon/839/"}], "machines": [], "meta": {"ailment": {"name": "tar-shot", "url": "https://pokeapi.co/api/v2/move-ailment/42/"}, "ailment_chance": 100, "category": {"name": "swagger", "url": "https://pokeapi.co/api/v2/move-category/5/"}, "crit_rate": 0, "drain": 0, "flinch_chance": 0, "healing": 0, "max_hits": null, "max_turns": null, "min_hits": null, "min_turns": null, "stat_chance": 100}, "name": "tar-shot", "names": [{"language": {"name": "ja-Hrkt", "url": "https://pokeapi.co/api/v2/language/1/"}, "name": "\u30bf\u30fc\u30eb\u30b7\u30e7\u30c3\u30c8"}, {"language": {"name": "ko", "url": "https://pokeapi.co/api/v2/language/3/"}, "name": "\ud0c0\ub974\uc20f"}, {"language": {"name": "zh-Hant", "url": "https://pokeapi.co/api/v2/language/4/"}, "name": "\u701d\u9752\u5c04\u64ca"}, {"language": {"name": "fr", "url": "https://pokeapi.co/api/v2/language/5/"}, "name": "Goudronnage"}, {"language": {"name": "de", "url": "https://pokeapi.co/api/v2/language/6/"}, "name": "Teerschuss"}, {"language": {"name": "es", "url": "https://pokeapi.co/api/v2/language/7/"}, "name": "Alquitranazo"}, {"language": {"name": "it", "url": "https://pokeapi.co/api/v2/language/8/"}, "name": "Colpocatrame"}, {"language": {"name": "en", "url": "https://pokeapi.co/api/v2/language/9/"}, "name": "Tar Shot"}, {"language": {"name": "ja", "url": "https://pokeapi.co/api/v2/language/11/"}, "name": "\u30bf\u30fc\u30eb\u30b7\u30e7\u30c3\u30c8"}, {"language": {"name": "zh-Hans", "url": "https://pokeapi.co/api/v2/language/12/"}, "name": "\u6ca5\u9752\u5c04\u51fb"}], "past_values": [], "power": null, "pp": 15, "priority": 0, "stat_changes": [{"change": -1, "stat": {"name": "speed", "url": "https://pokeapi.co/api/v2/stat/6/"}}], "super_contest_effect": null, "target": {"name": "selected-pokemon", "url": "https://pokeapi.co/api/v2/move-target/10/"}, "type": {"name": "rock", "url": "https://pokeapi.co/api/v2/type/6/"}}