{"accuracy": 100, "contest_combos": null, "contest_effect": null, "contest_type": null, "damage_class": {"name": "special", "url": "https://pokeapi.co/api/v2/move-damage-class/3/"}, "effect_chance": null, "effect_changes": [], "effect_entries": [{"effect": "Inflicts regular damage, then (if successful) sets light screen on the user\u2019s side of the field.", "language": {"name": "en", "url": "https://pokeapi.co/api/v2/language/9/"}, "short_effect": "Sets Light Screen on the user\u2019s side of the field after inflicting damage."}], "flavor_text_entries": [{"flavor_text": "\u30b3\u30a2\u304b\u3089\u3000\u30d3\u30fc\u30e0\u3092\u3000\u306f\u306a\u3063\u3066\u3000\u3053\u3046\u3052\u304d\u3002\n\u3042\u3044\u3066\u304c\u3000\u30c0\u30a4\u30de\u30c3\u30af\u30b9\u3000\u3057\u3066\u3044\u308b\u3068\n\u30c0\u30e1\u30fc\u30b8\u306f\u3000\uff12\u3070\u3044\u306b\u3000\u306a\u308b\u3002", "language": {"name": "ja-Hrkt", "url": "https://pokeapi.co/api/v2/language/1/"}, "version_group": {"name": "sword-shield", "url": "https://pokeapi.co/api/v2/version-group/20/"}}, {"flavor_text": "\ucf54\uc5b4\uc5d0\uc11c \ube54\uc744 \ubc1c\uc0ac\ud574\uc11c \uacf5\uaca9\ud55c\ub2e4.\n\uc0c1\ub300\uac00 \ub2e4\uc774\ub9e5\uc2a4 \uc911\uc774\uba74\n\ub370\ubbf8\uc9c0\uac00 2\ubc30\uac00 \ub41c\ub2e4.", "language": {"name": "ko", "url": "https://pokeapi.co/api/v2/language/3/"}, "version_group": {"name": "sword-shield", "url": "https://pokeapi.co/api/v2/version-group/20/"}}, {"flavor_text": "\u5f9e\u6838\u5fc3\u767c\u5c04\u5149\u675f\u9032\u884c\u653b\u64ca\u3002\n\u7576\u5c0d\u624b\u6975\u5de8\u5316\u6642\uff0c\n\u50b7\u5bb3\u5c07\u8b8a\u70ba\uff12\u500d\u3002", "language": {"name": "zh-Hant", "url": "https://pokeapi.co/api/v2/language/4/"}, "version_group": {"name": "sword-shield", "url": "https://pokeapi.co/api/v2/version-group/20/"}}, {"flavor_text": "Le lanceur attaque en \u00e9mettant un laser depuis\nson noyau. Cette capacit\u00e9 inflige deux fois plus\nde d\u00e9g\u00e2ts si l\u2019adversaire est un Pok\u00e9mon Dynamax.", "language": {"name": "fr", "url": "https://pokeapi.co/api/v2/language/5/"}, "version_group": {"name": "sword-shield", "url": "https://pokeapi.co/api/v2/version-group/20/"}}, {"flavor_text": "Der Anwender schie\u00dft einen Strahl aus seinem Kern ab.\nDynamaximierte Ziele erleiden doppelten Schaden.", "language": {"name": "de", "url": "https://pokeapi.co/api/v2/language/6/"}, "version_group": {"name": "sword-shield", "url": "https://pokeapi.co/api/v2/version-group/20/"}}, {"flavor_text": "El usuario ataca emitiendo un rayo desde su n\u00facleo.\nEl da\u00f1o infligido se duplica si el objetivo ha alcanzado\nel estado Dinamax.", "language": {"name": "es", "url": "https://pokeapi.co/api/v2/language/7/"}, "version_group": {"name": "sword-shield", "url": "https://pokeapi.co/api/v2/version-group/20/"}}, {"flavor_text": "Chi la usa attacca emettendo un raggio dal suo nucleo.\nSe l\u2019avversario \u00e8 dynamaxizzato causa il doppio\ndei danni.", "language": {"name": "it", "url": "https://pokeapi.co/api/v2/language/8/"}, "version_group": {"name": "sword-shield", "url": "https://pokeapi.co/api/v2/version-group/20/"}}, {"flavor_text": "The user unleashes a strong beam from its core.\nThis move deals twice the damage if the target\nis Dynamaxed.", "language": {"name": "en", "url": "https://pokeapi.co/api/v2/language/9/"}, "version_group": {"name": "sword-shield", "url": "https://pokeapi.co/api/v2/version-group/20/"}}, {"flavor_text": "\u30b3\u30a2\u304b\u3089\u3000\u30d3\u30fc\u30e0\u3092\u3000\u653e\u3063\u3066\u3000\u653b\u6483\u3002\n\u76f8\u624b\u304c\u3000\u30c0\u30a4\u30de\u30c3\u30af\u30b9\u3000\u3057\u3066\u3044\u308b\u3068\n\u30c0\u30e1\u30fc\u30b8\u306f\u3000\uff12\u500d\u306b\u3000\u306a\u308b\u3002", "language": {"name": "ja", "url": "https://pokeapi.co/api/v2/language/11/"}, "version_group": {"name": "sword-shield", "url": "https://pokeapi.co/api/v2/version-group/20/"}}, {"flavor_text": "\u4ece\u6838\u5fc3\u653e\u51fa\u5149\u675f\u8fdb\u884c\u653b\u51fb\u3002\n\u5982\u679c\u5bf9\u624b\u6b63\u5904\u4e8e\u6781\u5de8\u5316\u72b6\u6001\uff0c\n\u5219\u9020\u6210\u7684\u4f24\u5bb3\u4f1a\u53d8\u4e3a\uff12\u500d\u3002", "language": {"name": "zh-Hans", "url": "https://pokeapi.co/api/v2/language/12/"}, "version_group": {"name": "sword-shield", "url": "https://pokeapi.co/api/v2/version-group/20/"}}, {"flavor_text": "The user unleashes a strong beam from its core. This move deals twice the damage if the target is Dynamaxed.", "language": {"name": "en", "url": "https://pokeapi.co/api/v2/language/9/"}, "version_group": {"name": "legends-arceus", "url": "https://pokeapi.co/api/v2/version-group/24/"}}, {"flavor_text": "The user condenses energy within its body and unleashes that energy from its core to inflict damage.", "language": {"name": "en", "url": "https://pokeapi.co/api/v2/language/9/"}, "version_group": {"name": "scarlet-violet", "url": "https://pokeapi.co/api/v2/version-group/25/"}}], "generation": {"name": "generation-viii", "url": "https://pokeapi.co/api/v2/generation/8/"}, "id": 744, "learned_by_pokemon": [{"name": "eternatus", "url": "https://pokeapi.co/api/v2/pokemon/890/"}, {"name": "eternatus-eternamax", "url": "https://pokeapi.co/api/v2/pokemon/10190/"}], "machines": [], "meta": {"ailment": {"name": "none", "url": "https://pokeapi.co/api/v2/move-ailment/0/"}, "ailment_chance": 0, "category": {"name": "damage", "url": "https://pokeapi.co/api/v2/move-category/0/"}, "crit_rate": 0, "drain": 0, "flinch_chance": 0, "healing": 0, "max_hits": null, "max_turns": null, "min_hits": null, "min_turns": null, "stat_chance": 0}, "name": "dynamax-cannon", "names": [{"language": {"name": "ja-Hrkt", "url": "https://pokeapi.co/api/v2/language/1/"}, "name": "\u30c0\u30a4\u30de\u30c3\u30af\u30b9\u307b\u3046"}, {"language": {"name": "ko", "url": "https://pokeapi.co/api/v2/language/3/"}, "name": "\ub2e4\uc774\ub9e5\uc2a4\ud3ec"}, {"language": {"name": "zh-Hant", "url": "https://pokeapi.co/api/v2/language/4/"}, "name": "\u6975\u5de8\u70ae"}, {"language": {"name": "fr", "url": "https://pokeapi.co/api/v2/language/5/"}, "name": "Canon Dynamax"}, {"language": {"name": "de", "url": "https://pokeapi.co/api/v2/language/6/"}, "name": "Dynamax-Kanone"}, {"language": {"name": "es", "url": "https://pokeapi.co/api/v2/language/7/"}, "name": "Ca\u00f1\u00f3n Dinamax"}, {"language": {"name": "it", "url": "https://pokeapi.co/api/v2/language/8/"}, "name": "Cannone Dynamax"}, {"language": {"name": "en", "url": "https://pokeapi.co/api/v2/language/9/"}, "name": "Dynamax Cannon"}, {"language": {"name": "ja", "url": "https://pokeapi.co/api/v2/language/11/"}, "name": "\u30c0\u30a4\u30de\u30c3\u30af\u30b9\u307b\u3046"}, {"language": {"name": "zh-Hans", "url": "https://pokeapi.co/api/v2/language/12/"}, "name": "\u6781\u5de8\u70ae"}], "past_values": [], "power": 100, "pp": 5, "priority": 0, "stat_changes": [], "super_contest_effect": null, "target": {"name": "selected-pokemon", "url": "https://pokeapi.co/api/v2/move-target/10/"}, "type": {"name": "dragon", "url": "https://pokeapi.co/api/v2/type/16/"}}