{"accuracy": 100, "contest_combos": null, "contest_effect": null, "contest_type": null, "damage_class": {"name": "status", "url": "https://pokeapi.co/api/v2/move-damage-class/1/"}, "effect_chance": null, "effect_changes": [], "effect_entries": [{"effect": "Lowers the target\u2019s Attack by one stage.", "language": {"name": "en", "url": "https://pokeapi.co/api/v2/language/9/"}, "short_effect": "Lowers the target\u2019s Attack by one stage."}], "flavor_text_entries": [{"flavor_text": "\u3064\u3076\u3089\u306a\u3072\u3068\u307f\u3067\u3000\u3042\u3044\u3066\u3092\u3000\u307f\u3064\u3081\u3066\n\u3053\u3046\u3052\u304d\u3092\u3000\u3055\u3052\u308b\u3002\n\u304b\u306a\u3089\u305a\u3000\u305b\u3093\u305b\u3044\u3000\u3053\u3046\u3052\u304d\u3000\u3067\u304d\u308b\u3002", "language": {"name": "ja-Hrkt", "url": "https://pokeapi.co/api/v2/language/1/"}, "version_group": {"name": "x-y", "url": "https://pokeapi.co/api/v2/version-group/15/"}}, {"flavor_text": "\ucd08\ub871\ucd08\ub871\ud55c \ub208\ub3d9\uc790\ub85c \uc0c1\ub300\ub97c\n\ubc14\ub77c\ubcf4\uba70 \uacf5\uaca9\uc744 \ub5a8\uc5b4\ub728\ub9b0\ub2e4.\n\ubc18\ub4dc\uc2dc \uc120\uc81c\uacf5\uaca9\ud560 \uc218 \uc788\ub2e4.", "language": {"name": "ko", "url": "https://pokeapi.co/api/v2/language/3/"}, "version_group": {"name": "x-y", "url": "https://pokeapi.co/api/v2/version-group/15/"}}, {"flavor_text": "Fixe l\u2019ennemi d\u2019un air tr\u00e8s attendrissant qui\nle touche et diminue son Attaque. Agit toujours\nen premier.", "language": {"name": "fr", "url": "https://pokeapi.co/api/v2/language/5/"}, "version_group": {"name": "x-y", "url": "https://pokeapi.co/api/v2/version-group/15/"}}, {"flavor_text": "Der Anwender erobert das Herz des Zieles,\nindem er es mit Kulleraugen ansieht. Senkt den\nAngriffs-Wert. Erstschlaggarantie.", "language": {"name": "de", "url": "https://pokeapi.co/api/v2/language/6/"}, "version_group": {"name": "x-y", "url": "https://pokeapi.co/api/v2/version-group/15/"}}, {"flavor_text": "Lanza una mirada al Pok\u00e9mon objetivo con ojos\nacaramelados, con lo que logra que su Ataque se\nreduzca. El que lo usa siempre ataca primero.", "language": {"name": "es", "url": "https://pokeapi.co/api/v2/language/7/"}, "version_group": {"name": "x-y", "url": "https://pokeapi.co/api/v2/version-group/15/"}}, {"flavor_text": "Chi la usa rivolge i propri occhioni languidi\nal bersaglio, riducendone l\u2019Attacco.\nColpisce sempre per primo.", "language": {"name": "it", "url": "https://pokeapi.co/api/v2/language/8/"}, "version_group": {"name": "x-y", "url": "https://pokeapi.co/api/v2/version-group/15/"}}, {"flavor_text": "The user stares at the target with its baby-doll\neyes, which lowers its Attack stat. This move\nalways goes first.", "language": {"name": "en", "url": "https://pokeapi.co/api/v2/language/9/"}, "version_group": {"name": "x-y", "url": "https://pokeapi.co/api/v2/version-group/15/"}}, {"flavor_text": "\u3064\u3076\u3089\u306a\u3072\u3068\u307f\u3067\u3000\u76f8\u624b\u3092\u3000\u307f\u3064\u3081\u3066\n\u653b\u6483\u3092\u3000\u3055\u3052\u308b\u3002\n\u5fc5\u305a\u3000\u5148\u5236\u653b\u6483\u3000\u3067\u304d\u308b\u3002", "language": {"name": "ja", "url": "https://pokeapi.co/api/v2/language/11/"}, "version_group": {"name": "x-y", "url": "https://pokeapi.co/api/v2/version-group/15/"}}, {"flavor_text": "\u3064\u3076\u3089\u306a\u3072\u3068\u202f\u3067\u3000\u3042\u3044\u3066\u3092\u3000\u202f\u3064\u3081\u3066\n\u3053\u3046\u3052\u304d\u3092\u3000\u3055\u3052\u308b\u3002\n\u304b\u306a\u3089\u305a\u3000\u305b\u3093\u305b\u3044\u3000\u3053\u3046\u3052\u304d\u3000\u3067\u304d\u308b\u3002", "language": {"name": "ja-Hrkt", "url": "https://pokeapi.co/api/v2/language/1/"}, "version_group": {"name": "omega-ruby-alpha-sapphire", "url": "https://pokeapi.co/api/v2/version-group/16/"}}, {"flavor_text": "\ucd08\ub871\ucd08\ub871\ud55c \ub208\ub3d9\uc790\ub85c \uc0c1\ub300\ub97c\n\ubc14\ub77c\ubcf4\uba70 \uacf5\uaca9\uc744 \ub5a8\uc5b4\ub728\ub9b0\ub2e4.\n\ubc18\ub4dc\uc2dc \uc120\uc81c\uacf5\uaca9\ud560 \uc218 \uc788\ub2e4.", "language": {"name": "ko", "url": "https://pokeapi.co/api/v2/language/3/"}, "version_group": {"name": "omega-ruby-alpha-sapphire", "url": "https://pokeapi.co/api/v2/version-group/16/"}}, {"flavor_text": "Fixe l\u2019ennemi d\u2019un air tr\u00e8s attendrissant qui\nle touche et diminue son Attaque. Agit toujours\nen premier.", "language": {"name": "fr", "url": "https://pokeapi.co/api/v2/language/5/"}, "version_group": {"name": "omega-ruby-alpha-sapphire", "url": "https://pokeapi.co/api/v2/version-group/16/"}}, {"flavor_text": "Der Anwender erobert das Herz des Zieles,\nindem er es mit Kulleraugen ansieht. Senkt den\nAngriffs-Wert. Erstschlaggarantie.", "language": {"name": "de", "url": "https://pokeapi.co/api/v2/language/6/"}, "version_group": {"name": "omega-ruby-alpha-sapphire", "url": "https://pokeapi.co/api/v2/version-group/16/"}}, {"flavor_text": "Lanza una mirada al Pok\u00e9mon objetivo con ojos\nacaramelados, con lo que logra que su Ataque se \nreduzca. El que lo usa siempre ataca primero.", "language": {"name": "es", "url": "https://pokeapi.co/api/v2/language/7/"}, "version_group": {"name": "omega-ruby-alpha-sapphire", "url": "https://pokeapi.co/api/v2/version-group/16/"}}, {"flavor_text": "Chi la usa rivolge i propri occhioni languidi\nal bersaglio, riducendone l\u2019Attacco.\nColpisce sempre per primo.", "language": {"name": "it", "url": "https://pokeapi.co/api/v2/language/8/"}, "version_group": {"name": "omega-ruby-alpha-sapphire", "url": "https://pokeapi.co/api/v2/version-group/16/"}}, {"flavor_text": "The user stares at the target with its baby-doll\neyes, which lowers its Attack stat. This move\nalways goes first.", "language": {"name": "en", "url": "https://pokeapi.co/api/v2/language/9/"}, "version_group": {"name": "omega-ruby-alpha-sapphire", "url": "https://pokeapi.co/api/v2/version-group/16/"}}, {"flavor_text": "\u3064\u3076\u3089\u306a\u3072\u3068\u202f\u3067\u3000\u76f8\u624b\u3092\u3000\u202f\u3064\u3081\u3066\n\u653b\u6483\u3092\u3000\u3055\u3052\u308b\u3002\n\u5fc5\u305a\u3000\u5148\u5236\u653b\u6483\u3000\u3067\u304d\u308b\u3002", "language": {"name": "ja", "url": "https://pokeapi.co/api/v2/language/11/"}, "version_group": {"name": "omega-ruby-alpha-sapphire", "url": "https://pokeapi.co/api/v2/version-group/16/"}}, {"flavor_text": "\u3064\u3076\u3089\u306a\u3072\u3068\u307f\u3067\u3000\u3042\u3044\u3066\u3092\u3000\u307f\u3064\u3081\u3066\n\u3053\u3046\u3052\u304d\u3092\u3000\u3055\u3052\u308b\u3002\n\u304b\u306a\u3089\u305a\u3000\u305b\u3093\u305b\u3044\u3000\u3053\u3046\u3052\u304d\u3000\u3067\u304d\u308b\u3002", "language": {"name": "ja-Hrkt", "url": "https://pokeapi.co/api/v2/language/1/"}, "version_group": {"name": "sun-moon", "url": "https://pokeapi.co/api/v2/version-group/17/"}}, {"flavor_text": "\ucd08\ub871\ucd08\ub871\ud55c \ub208\ub3d9\uc790\ub85c \uc0c1\ub300\ub97c\n\ubc14\ub77c\ubcf4\uba70 \uacf5\uaca9\uc744 \ub5a8\uc5b4\ub728\ub9b0\ub2e4.\n\ubc18\ub4dc\uc2dc \uc120\uc81c\uacf5\uaca9\ud560 \uc218 \uc788\ub2e4.", "language": {"name": "ko", "url": "https://pokeapi.co/api/v2/language/3/"}, "version_group": {"name": "sun-moon", "url": "https://pokeapi.co/api/v2/version-group/17/"}}, {"flavor_text": "\u7528\u5713\u5713\u7684\u773c\u775b\u51dd\u8996\u5c0d\u624b\uff0c\n\u964d\u4f4e\u5c0d\u624b\u7684\u653b\u64ca\u3002\n\u5fc5\u5b9a\u80fd\u5920\u767c\u52d5\u5148\u5236\u653b\u64ca\u3002", "language": {"name": "zh-Hant", "url": "https://pokeapi.co/api/v2/language/4/"}, "version_group": {"name": "sun-moon", "url": "https://pokeapi.co/api/v2/version-group/17/"}}, {"flavor_text": "Fixe l\u2019ennemi d\u2019un air tr\u00e8s attendrissant qui\nle touche et diminue son Attaque. Agit en priorit\u00e9.", "language": {"name": "fr", "url": "https://pokeapi.co/api/v2/language/5/"}, "version_group": {"name": "sun-moon", "url": "https://pokeapi.co/api/v2/version-group/17/"}}, {"flavor_text": "Der Anwender erobert das Herz des Zieles, indem er\nes mit Kulleraugen ansieht. Senkt den Angriffs-Wert\ndes Zieles. Hohe Erstschlagquote.", "language": {"name": "de", "url": "https://pokeapi.co/api/v2/language/6/"}, "version_group": {"name": "sun-moon", "url": "https://pokeapi.co/api/v2/version-group/17/"}}, {"flavor_text": "Lanza una mirada al objetivo con ojos acaramelados,\ncon lo que logra que su Ataque se reduzca. Este\nmovimiento tiene prioridad alta.", "language": {"name": "es", "url": "https://pokeapi.co/api/v2/language/7/"}, "version_group": {"name": "sun-moon", "url": "https://pokeapi.co/api/v2/version-group/17/"}}, {"flavor_text": "Chi la usa rivolge i propri occhioni languidi\nal bersaglio, riducendone l\u2019Attacco.\nQuesta mossa ha priorit\u00e0 alta.", "language": {"name": "it", "url": "https://pokeapi.co/api/v2/language/8/"}, "version_group": {"name": "sun-moon", "url": "https://pokeapi.co/api/v2/version-group/17/"}}, {"flavor_text": "The user stares at the target with its baby-doll\neyes, which lowers its Attack stat. This move always\ngoes first.", "language": {"name": "en", "url": "https://pokeapi.co/api/v2/language/9/"}, "version_group": {"name": "sun-moon", "url": "https://pokeapi.co/api/v2/version-group/17/"}}, {"flavor_text": "\u3064\u3076\u3089\u306a\u3072\u3068\u307f\u3067\u3000\u76f8\u624b\u3092\u3000\u307f\u3064\u3081\u3066\n\u653b\u6483\u3092\u3000\u3055\u3052\u308b\u3002\n\u5fc5\u305a\u3000\u5148\u5236\u653b\u6483\u3000\u3067\u304d\u308b\u3002", "language": {"name": "ja", "url": "https://pokeapi.co/api/v2/language/11/"}, "version_group": {"name": "sun-moon", "url": "https://pokeapi.co/api/v2/version-group/17/"}}, {"flavor_text": "\u7528\u5706\u77b3\u51dd\u89c6\u5bf9\u624b\uff0c\n\u4ece\u800c\u964d\u4f4e\u5176\u653b\u51fb\u3002\n\u5fc5\u5b9a\u80fd\u591f\u5148\u5236\u653b\u51fb\u3002", "language": {"name": "zh-Hans", "url": "https://pokeapi.co/api/v2/language/12/"}, "version_group": {"name": "sun-moon", "url": "https://pokeapi.co/api/v2/version-group/17/"}}, {"flavor_text": "\u3064\u3076\u3089\u306a\u3072\u3068\u307f\u3067\u3000\u3042\u3044\u3066\u3092\u3000\u307f\u3064\u3081\u3066\n\u3053\u3046\u3052\u304d\u3092\u3000\u3055\u3052\u308b\u3002\n\u304b\u306a\u3089\u305a\u3000\u305b\u3093\u305b\u3044\u3000\u3053\u3046\u3052\u304d\u3000\u3067\u304d\u308b\u3002", "language": {"name": "ja-Hrkt", "url": "https://pokeapi.co/api/v2/language/1/"}, "version_group": {"name": "ultra-sun-ultra-moon", "url": "https://pokeapi.co/api/v2/version-group/18/"}}, {"flavor_text": "\ucd08\ub871\ucd08\ub871\ud55c \ub208\ub3d9\uc790\ub85c \uc0c1\ub300\ub97c\n\ubc14\ub77c\ubcf4\uba70 \uacf5\uaca9\uc744 \ub5a8\uc5b4\ub728\ub9b0\ub2e4.\n\ubc18\ub4dc\uc2dc \uc120\uc81c\uacf5\uaca9\ud560 \uc218 \uc788\ub2e4.", "language": {"name": "ko", "url": "https://pokeapi.co/api/v2/language/3/"}, "version_group": {"name": "ultra-sun-ultra-moon", "url": "https://pokeapi.co/api/v2/version-group/18/"}}, {"flavor_text": "\u7528\u5713\u5713\u7684\u773c\u775b\u51dd\u8996\u5c0d\u624b\uff0c\n\u964d\u4f4e\u5c0d\u624b\u7684\u653b\u64ca\u3002\n\u5fc5\u5b9a\u80fd\u5920\u767c\u52d5\u5148\u5236\u653b\u64ca\u3002", "language": {"name": "zh-Hant", "url": "https://pokeapi.co/api/v2/language/4/"}, "version_group": {"name": "ultra-sun-ultra-moon", "url": "https://pokeapi.co/api/v2/version-group/18/"}}, {"flavor_text": "Fixe l\u2019ennemi d\u2019un air tr\u00e8s attendrissant qui\nle touche et diminue son Attaque. Agit en priorit\u00e9.", "language": {"name": "fr", "url": "https://pokeapi.co/api/v2/language/5/"}, "version_group": {"name": "ultra-sun-ultra-moon", "url": "https://pokeapi.co/api/v2/version-group/18/"}}, {"flavor_text": "Der Anwender erobert das Herz des Zieles, indem er\nes mit Kulleraugen ansieht. Senkt den Angriffs-Wert\ndes Zieles. Hohe Erstschlagquote.", "language": {"name": "de", "url": "https://pokeapi.co/api/v2/language/6/"}, "version_group": {"name": "ultra-sun-ultra-moon", "url": "https://pokeapi.co/api/v2/version-group/18/"}}, {"flavor_text": "Lanza una mirada al objetivo con ojos acaramelados,\ncon lo que logra que su Ataque se reduzca. Este\nmovimiento tiene prioridad alta.", "language": {"name": "es", "url": "https://pokeapi.co/api/v2/language/7/"}, "version_group": {"name": "ultra-sun-ultra-moon", "url": "https://pokeapi.co/api/v2/version-group/18/"}}, {"flavor_text": "Chi la usa rivolge i propri occhioni languidi\nal bersaglio, riducendone l\u2019Attacco.\nQuesta mossa ha priorit\u00e0 alta.", "language": {"name": "it", "url": "https://pokeapi.co/api/v2/language/8/"}, "version_group": {"name": "ultra-sun-ultra-moon", "url": "https://pokeapi.co/api/v2/version-group/18/"}}, {"flavor_text": "The user stares at the target with its baby-doll\neyes, which lowers its Attack stat. This move always\ngoes first.", "language": {"name": "en", "url": "https://pokeapi.co/api/v2/language/9/"}, "version_group": {"name": "ultra-sun-ultra-moon", "url": "https://pokeapi.co/api/v2/version-group/18/"}}, {"flavor_text": "\u3064\u3076\u3089\u306a\u3072\u3068\u307f\u3067\u3000\u76f8\u624b\u3092\u3000\u307f\u3064\u3081\u3066\n\u653b\u6483\u3092\u3000\u3055\u3052\u308b\u3002\n\u5fc5\u305a\u3000\u5148\u5236\u653b\u6483\u3000\u3067\u304d\u308b\u3002", "language": {"name": "ja", "url": "https://pokeapi.co/api/v2/language/11/"}, "version_group": {"name": "ultra-sun-ultra-moon", "url": "https://pokeapi.co/api/v2/version-group/18/"}}, {"flavor_text": "\u7528\u5706\u77b3\u51dd\u89c6\u5bf9\u624b\uff0c\n\u4ece\u800c\u964d\u4f4e\u5176\u653b\u51fb\u3002\n\u5fc5\u5b9a\u80fd\u591f\u5148\u5236\u653b\u51fb\u3002", "language": {"name": "zh-Hans", "url": "https://pokeapi.co/api/v2/language/12/"}, "version_group": {"name": "ultra-sun-ultra-moon", "url": "https://pokeapi.co/api/v2/version-group/18/"}}, {"flavor_text": "\u3064\u3076\u3089\u306a\u3072\u3068\u307f\u3067\u3000\u3042\u3044\u3066\u3092\u3000\u307f\u3064\u3081\u3066\n\u3053\u3046\u3052\u304d\u3092\u3000\u3055\u3052\u308b\u3002\n\u304b\u306a\u3089\u305a\u3000\u305b\u3093\u305b\u3044\u3000\u3053\u3046\u3052\u304d\u3000\u3067\u304d\u308b\u3002", "language": {"name": "ja-Hrkt", "url": "https://pokeapi.co/api/v2/language/1/"}, "version_group": {"name": "lets-go-pikachu-lets-go-eevee", "url": "https://pokeapi.co/api/v2/version-group/19/"}}, {"flavor_text": "\ucd08\ub871\ucd08\ub871\ud55c \ub208\ub3d9\uc790\ub85c \uc0c1\ub300\ub97c\n\ubc14\ub77c\ubcf4\uba70 \uacf5\uaca9\uc744 \ub5a8\uc5b4\ub728\ub9b0\ub2e4.\n\ubc18\ub4dc\uc2dc \uc120\uc81c\uacf5\uaca9\ud560 \uc218 \uc788\ub2e4.", "language": {"name": "ko", "url": "https://pokeapi.co/api/v2/language/3/"}, "version_group": {"name": "lets-go-pikachu-lets-go-eevee", "url": "https://pokeapi.co/api/v2/version-group/19/"}}, {"flavor_text": "\u7528\u5713\u5713\u7684\u773c\u775b\u51dd\u8996\u5c0d\u624b\uff0c\n\u964d\u4f4e\u5c0d\u624b\u7684\u653b\u64ca\u3002\n\u5fc5\u5b9a\u80fd\u5920\u767c\u52d5\u5148\u5236\u653b\u64ca\u3002", "language": {"name": "zh-Hant", "url": "https://pokeapi.co/api/v2/language/4/"}, "version_group": {"name": "lets-go-pikachu-lets-go-eevee", "url": "https://pokeapi.co/api/v2/version-group/19/"}}, {"flavor_text": "Fixe l\u2019ennemi d\u2019un air tr\u00e8s attendrissant qui le touche\net diminue son Attaque. Agit en priorit\u00e9.", "language": {"name": "fr", "url": "https://pokeapi.co/api/v2/language/5/"}, "version_group": {"name": "lets-go-pikachu-lets-go-eevee", "url": "https://pokeapi.co/api/v2/version-group/19/"}}, {"flavor_text": "Der Anwender erobert das Herz des Zieles, indem er\nes mit Kulleraugen ansieht. Senkt den Angriffs-Wert\ndes Zieles. Hohe Erstschlagquote.", "language": {"name": "de", "url": "https://pokeapi.co/api/v2/language/6/"}, "version_group": {"name": "lets-go-pikachu-lets-go-eevee", "url": "https://pokeapi.co/api/v2/version-group/19/"}}, {"flavor_text": "Lanza una mirada al objetivo con ojos acaramelados,\ncon lo que logra que su Ataque se reduzca. Este\nmovimiento tiene prioridad alta.", "language": {"name": "es", "url": "https://pokeapi.co/api/v2/language/7/"}, "version_group": {"name": "lets-go-pikachu-lets-go-eevee", "url": "https://pokeapi.co/api/v2/version-group/19/"}}, {"flavor_text": "Chi la usa rivolge i propri occhioni languidi\nal bersaglio, riducendone l\u2019Attacco.\nQuesta mossa ha priorit\u00e0 alta.", "language": {"name": "it", "url": "https://pokeapi.co/api/v2/language/8/"}, "version_group": {"name": "lets-go-pikachu-lets-go-eevee", "url": "https://pokeapi.co/api/v2/version-group/19/"}}, {"flavor_text": "The user stares at the target with its baby-doll\neyes, which lowers its Attack stat. This move always\ngoes first.", "language": {"name": "en", "url": "https://pokeapi.co/api/v2/language/9/"}, "version_group": {"name": "lets-go-pikachu-lets-go-eevee", "url": "https://pokeapi.co/api/v2/version-group/19/"}}, {"flavor_text": "\u3064\u3076\u3089\u306a\u3072\u3068\u307f\u3067\u3000\u76f8\u624b\u3092\u3000\u307f\u3064\u3081\u3066\n\u653b\u6483\u3092\u3000\u3055\u3052\u308b\u3002\n\u5fc5\u305a\u3000\u5148\u5236\u653b\u6483\u3000\u3067\u304d\u308b\u3002", "language": {"name": "ja", "url": "https://pokeapi.co/api/v2/language/11/"}, "version_group": {"name": "lets-go-pikachu-lets-go-eevee", "url": "https://pokeapi.co/api/v2/version-group/19/"}}, {"flavor_text": "\u7528\u5706\u77b3\u51dd\u89c6\u5bf9\u624b\uff0c\n\u4ece\u800c\u964d\u4f4e\u5176\u653b\u51fb\u3002\n\u5fc5\u5b9a\u80fd\u591f\u5148\u5236\u653b\u51fb\u3002", "language": {"name": "zh-Hans", "url": "https://pokeapi.co/api/v2/language/12/"}, "version_group": {"name": "lets-go-pikachu-lets-go-eevee", "url": "https://pokeapi.co/api/v2/version-group/19/"}}, {"flavor_text": "\u3064\u3076\u3089\u306a\u3072\u3068\u307f\u3067\u3000\u3042\u3044\u3066\u3092\u3000\u307f\u3064\u3081\u3066\n\u3053\u3046\u3052\u304d\u3092\u3000\u3055\u3052\u308b\u3002\n\u304b\u306a\u3089\u305a\u3000\u305b\u3093\u305b\u3044\u3000\u3053\u3046\u3052\u304d\u3000\u3067\u304d\u308b\u3002", "language": {"name": "ja-Hrkt", "url": "https://pokeapi.co/api/v2/language/1/"}, "version_group": {"name": "sword-shield", "url": "https://pokeapi.co/api/v2/version-group/20/"}}, {"flavor_text": "\ucd08\ub871\ucd08\ub871\ud55c \ub208\ub3d9\uc790\ub85c \uc0c1\ub300\ub97c\n\ubc14\ub77c\ubcf4\uba70 \uacf5\uaca9\uc744 \ub5a8\uc5b4\ub728\ub9b0\ub2e4.\n\ubc18\ub4dc\uc2dc \uc120\uc81c\uacf5\uaca9\ud560 \uc218 \uc788\ub2e4.", "language": {"name": "ko", "url": "https://pokeapi.co/api/v2/language/3/"}, "version_group": {"name": "sword-shield", "url": "https://pokeapi.co/api/v2/version-group/20/"}}, {"flavor_text": "\u7528\u5713\u5713\u7684\u773c\u775b\u51dd\u8996\u5c0d\u624b\uff0c\n\u964d\u4f4e\u5c0d\u624b\u7684\u653b\u64ca\u3002\n\u5fc5\u5b9a\u80fd\u5920\u767c\u52d5\u5148\u5236\u653b\u64ca\u3002", "language": {"name": "zh-Hant", "url": "https://pokeapi.co/api/v2/language/4/"}, "version_group": {"name": "sword-shield", "url": "https://pokeapi.co/api/v2/version-group/20/"}}, {"flavor_text": "Fixe l\u2019ennemi d\u2019un air tr\u00e8s attendrissant qui le touche\net diminue son Attaque. Agit en priorit\u00e9.", "language": {"name": "fr", "url": "https://pokeapi.co/api/v2/language/5/"}, "version_group": {"name": "sword-shield", "url": "https://pokeapi.co/api/v2/version-group/20/"}}, {"flavor_text": "Bei dieser Erstschlag-Attacke erobert der Anwender\ndas Herz des Zieles, indem er es mit Kulleraugen\nansieht, und senkt dabei dessen Angriffs-Wert.", "language": {"name": "de", "url": "https://pokeapi.co/api/v2/language/6/"}, "version_group": {"name": "sword-shield", "url": "https://pokeapi.co/api/v2/version-group/20/"}}, {"flavor_text": "Lanza una mirada al objetivo con ojos acaramelados,\ncon lo que logra que su Ataque se reduzca. Este\nmovimiento tiene prioridad alta.", "language": {"name": "es", "url": "https://pokeapi.co/api/v2/language/7/"}, "version_group": {"name": "sword-shield", "url": "https://pokeapi.co/api/v2/version-group/20/"}}, {"flavor_text": "Chi la usa rivolge i propri occhioni languidi\nal bersaglio, riducendone l\u2019Attacco.\nQuesta mossa ha priorit\u00e0 alta.", "language": {"name": "it", "url": "https://pokeapi.co/api/v2/language/8/"}, "version_group": {"name": "sword-shield", "url": "https://pokeapi.co/api/v2/version-group/20/"}}, {"flavor_text": "The user stares at the target with its baby-doll\neyes, which lowers the target\u2019s Attack stat. This move\nalways goes first.", "language": {"name": "en", "url": "https://pokeapi.co/api/v2/language/9/"}, "version_group": {"name": "sword-shield", "url": "https://pokeapi.co/api/v2/version-group/20/"}}, {"flavor_text": "\u3064\u3076\u3089\u306a\u3072\u3068\u307f\u3067\u3000\u76f8\u624b\u3092\u3000\u307f\u3064\u3081\u3066\n\u653b\u6483\u3092\u3000\u3055\u3052\u308b\u3002\n\u5fc5\u305a\u3000\u5148\u5236\u653b\u6483\u3000\u3067\u304d\u308b\u3002", "language": {"name": "ja", "url": "https://pokeapi.co/api/v2/language/11/"}, "version_group": {"name": "sword-shield", "url": "https://pokeapi.co/api/v2/version-group/20/"}}, {"flavor_text": "\u7528\u5706\u77b3\u51dd\u89c6\u5bf9\u624b\uff0c\n\u4ece\u800c\u964d\u4f4e\u5176\u653b\u51fb\u3002\n\u5fc5\u5b9a\u80fd\u591f\u5148\u5236\u653b\u51fb\u3002", "language": {"name": "zh-Hans", "url": "https://pokeapi.co/api/v2/language/12/"}, "version_group": {"name": "sword-shield", "url": "https://pokeapi.co/api/v2/version-group/20/"}}, {"flavor_text": "The user stares at the target with its baby-doll eyes. This lowers the target\u2019s offensive stats.", "language": {"name": "en", "url": "https://pokeapi.co/api/v2/language/9/"}, "version_group": {"name": "legends-arceus", "url": "https://pokeapi.co/api/v2/version-group/24/"}}, {"flavor_text": "The user stares at the target with its baby-doll eyes, which lowers the target's Attack stat. This move always goes first.", "language": {"name": "en", "url": "https://pokeapi.co/api/v2/language/9/"}, "version_group": {"name": "scarlet-violet", "url": "https://pokeapi.co/api/v2/version-group/25/"}}], "generation": {"name": "generation-vi", "url": "https://pokeapi.co/api/v2/generation/6/"}, "id": 608, "learned_by_pokemon": [{"name": "clefairy", "url": "https://pokeapi.co/api/v2/pokemon/35/"}, {"name": "clefable", "url": "https://pokeapi.co/api/v2/pokemon/36/"}, {"name": "vulpix", "url": "https://pokeapi.co/api/v2/pokemon/37/"}, {"name": "ninetales", "url": "https://pokeapi.co/api/v2/pokemon/38/"}, {"name": "chansey", "url": "https://pokeapi.co/api/v2/pokemon/113/"}, {"name": "eevee", "url": "https://pokeapi.co/api/v2/pokemon/133/"}, {"name": "vaporeon", "url": "https://pokeapi.co/api/v2/pokemon/134/"}, {"name": "jolteon", "url": "https://pokeapi.co/api/v2/pokemon/135/"}, {"name": "flareon", "url": "https://pokeapi.co/api/v2/pokemon/136/"}, {"name": "sentret", "url": "https://pokeapi.co/api/v2/pokemon/161/"}, {"name": "furret", "url": "https://pokeapi.co/api/v2/pokemon/162/"}, {"name": "cleffa", "url": "https://pokeapi.co/api/v2/pokemon/173/"}, {"name": "togepi", "url": "https://pokeapi.co/api/v2/pokemon/175/"}, {"name": "togetic", "url": "https://pokeapi.co/api/v2/pokemon/176/"}, {"name": "espeon", "url": "https://pokeapi.co/api/v2/pokemon/196/"}, {"name": "umbreon", "url": "https://pokeapi.co/api/v2/pokemon/197/"}, {"name": "teddiursa", "url": "https://pokeapi.co/api/v2/pokemon/216/"}, {"name": "ursaring", "url": "https://pokeapi.co/api/v2/pokemon/217/"}, {"name": "blissey", "url": "https://pokeapi.co/api/v2/pokemon/242/"}, {"name": "zigzagoon", "url": "https://pokeapi.co/api/v2/pokemon/263/"}, {"name": "linoone", "url": "https://pokeapi.co/api/v2/pokemon/264/"}, {"name": "skitty", "url": "https://pokeapi.co/api/v2/pokemon/300/"}, {"name": "delcatty", "url": "https://pokeapi.co/api/v2/pokemon/301/"}, {"name": "luvdisc", "url": "https://pokeapi.co/api/v2/pokemon/370/"}, {"name": "shinx", "url": "https://pokeapi.co/api/v2/pokemon/403/"}, {"name": "pachirisu", "url": "https://pokeapi.co/api/v2/pokemon/417/"}, {"name": "buneary", "url": "https://pokeapi.co/api/v2/pokemon/427/"}, {"name": "lopunny", "url": "https://pokeapi.co/api/v2/pokemon/428/"}, {"name": "happiny", "url": "https://pokeapi.co/api/v2/pokemon/440/"}, {"name": "togekiss", "url": "https://pokeapi.co/api/v2/pokemon/468/"}, {"name": "leafeon", "url": "https://pokeapi.co/api/v2/pokemon/470/"}, {"name": "glaceon", "url": "https://pokeapi.co/api/v2/pokemon/471/"}, {"name": "shaymin-land", "url": "https://pokeapi.co/api/v2/pokemon/492/"}, {"name": "lillipup", "url": "https://pokeapi.co/api/v2/pokemon/506/"}, {"name": "herdier", "url": "https://pokeapi.co/api/v2/pokemon/507/"}, {"name": "stoutland", "url": "https://pokeapi.co/api/v2/pokemon/508/"}, {"name": "audino", "url": "https://pokeapi.co/api/v2/pokemon/531/"}, {"name": "minccino", "url": "https://pokeapi.co/api/v2/pokemon/572/"}, {"name": "cinccino", "url": "https://pokeapi.co/api/v2/pokemon/573/"}, {"name": "furfrou", "url": "https://pokeapi.co/api/v2/pokemon/676/"}, {"name": "sylveon", "url": "https://pokeapi.co/api/v2/pokemon/700/"}, {"name": "popplio", "url": "https://pokeapi.co/api/v2/pokemon/728/"}, {"name": "brionne", "url": "https://pokeapi.co/api/v2/pokemon/729/"}, {"name": "primarina", "url": "https://pokeapi.co/api/v2/pokemon/730/"}, {"name": "stufful", "url": "https://pokeapi.co/api/v2/pokemon/759/"}, {"name": "bewear", "url": "https://pokeapi.co/api/v2/pokemon/760/"}, {"name": "mimikyu-disguised", "url": "https://pokeapi.co/api/v2/pokemon/778/"}, {"name": "obstagoon", "url": "https://pokeapi.co/api/v2/pokemon/862/"}, {"name": "milcery", "url": "https://pokeapi.co/api/v2/pokemon/868/"}, {"name": "alcremie", "url": "https://pokeapi.co/api/v2/pokemon/869/"}, {"name": "ursaluna", "url": "https://pokeapi.co/api/v2/pokemon/901/"}, {"name": "tandemaus", "url": "https://pokeapi.co/api/v2/pokemon/924/"}, {"name": "maushold-family-of-four", "url": "https://pokeapi.co/api/v2/pokemon/925/"}, {"name": "fidough", "url": "https://pokeapi.co/api/v2/pokemon/926/"}, {"name": "dachsbun", "url": "https://pokeapi.co/api/v2/pokemon/927/"}, {"name": "flittle", "url": "https://pokeapi.co/api/v2/pokemon/955/"}, {"name": "espathra", "url": "https://pokeapi.co/api/v2/pokemon/956/"}, {"name": "tinkatink", "url": "https://pokeapi.co/api/v2/pokemon/957/"}, {"name": "tinkatuff", "url": "https://pokeapi.co/api/v2/pokemon/958/"}, {"name": "tinkaton", "url": "https://pokeapi.co/api/v2/pokemon/959/"}, {"name": "shaymin-sky", "url": "https://pokeapi.co/api/v2/pokemon/10006/"}, {"name": "audino-mega", "url": "https://pokeapi.co/api/v2/pokemon/10069/"}, {"name": "lopunny-mega", "url": "https://pokeapi.co/api/v2/pokemon/10088/"}, {"name": "vulpix-alola", "url": "https://pokeapi.co/api/v2/pokemon/10103/"}, {"name": "ninetales-alola", "url": "https://pokeapi.co/api/v2/pokemon/10104/"}, {"name": "mimikyu-busted", "url": "https://pokeapi.co/api/v2/pokemon/10143/"}, {"name": "mimikyu-totem-disguised", "url": "https://pokeapi.co/api/v2/pokemon/10144/"}, {"name": "mimikyu-totem-busted", "url": "https://pokeapi.co/api/v2/pokemon/10145/"}, {"name": "zigzagoon-galar", "url": "https://pokeapi.co/api/v2/pokemon/10174/"}, {"name": "linoone-galar", "url": "https://pokeapi.co/api/v2/pokemon/10175/"}, {"name": "lilligant-hisui", "url": "https://pokeapi.co/api/v2/pokemon/10237/"}, {"name": "maushold-family-of-three", "url": "https://pokeapi.co/api/v2/pokemon/10257/"}], "machines": [], "meta": {"ailment": {"name": "none", "url": "https://pokeapi.co/api/v2/move-ailment/0/"}, "ailment_chance": 0, "category": {"name": "net-good-stats", "url": "https://pokeapi.co/api/v2/move-category/2/"}, "crit_rate": 0, "drain": 0, "flinch_chance": 0, "healing": 0, "max_hits": null, "max_turns": null, "min_hits": null, "min_turns": null, "stat_chance": 0}, "name": "baby-doll-eyes", "names": [{"language": {"name": "ja-Hrkt", "url": "https://pokeapi.co/api/v2/language/1/"}, "name": "\u3064\u3076\u3089\u306a\u3072\u3068\u307f"}, {"language": {"name": "ko", "url": "https://pokeapi.co/api/v2/language/3/"}, "name": "\ucd08\ub871\ucd08\ub871\ub208\ub3d9\uc790"}, {"language": {"name": "zh-Hant", "url": "https://pokeapi.co/api/v2/language/4/"}, "name": "\u5713\u77b3"}, {"language": {"name": "fr", "url": "https://pokeapi.co/api/v2/language/5/"}, "name": "Regard Touchant"}, {"language": {"name": "de", "url": "https://pokeapi.co/api/v2/language/6/"}, "name": "Kulleraugen"}, {"language": {"name": "es", "url": "https://pokeapi.co/api/v2/language/7/"}, "name": "Ojitos Tiernos"}, {"language": {"name": "it", "url": "https://pokeapi.co/api/v2/language/8/"}, "name": "Occhioni Teneri"}, {"language": {"name": "en", "url": "https://pokeapi.co/api/v2/language/9/"}, "name": "Baby-Doll Eyes"}, {"language": {"name": "ja", "url": "https://pokeapi.co/api/v2/language/11/"}, "name": "\u3064\u3076\u3089\u306a\u3072\u3068\u307f"}, {"language": {"name": "zh-Hans", "url": "https://pokeapi.co/api/v2/language/12/"}, "name": "\u5706\u77b3"}], "past_values": [], "power": null, "pp": 30, "priority": 1, "stat_changes": [{"change": -1, "stat": {"name": "attack", "url": "https://pokeapi.co/api/v2/stat/2/"}}], "super_contest_effect": null, "target": {"name": "selected-pokemon", "url": "https://pokeapi.co/api/v2/move-target/10/"}, "type": {"name": "fairy", "url": "https://pokeapi.co/api/v2/type/18/"}}