{
  "accuracy": null,
  "contest_combos": null,
  "contest_effect": null,
  "contest_type": {
    "name": "cool",
    "url": "https://pokeapi.co/api/v2/contest-type/1/"
  },
  "damage_class": {
    "name": "status",
    "url": "https://pokeapi.co/api/v2/move-damage-class/1/"
  },
  "effect_chance": null,
  "effect_changes": [],
  "effect_entries": [
    {
      "effect": "Raises one of the target\u2019s stats by two stages.  The raised stat is chosen at random from any stats that can be raised by two stages.  If no stat is eligible, this move will fail.\n\nIf the target has a substitute, this move will have no effect, even if the user is the target.\n\nThis move cannot be copied by mirror move.",
      "language": {
        "name": "en",
        "url": "https://pokeapi.co/api/v2/language/9/"
      },
      "short_effect": "Raises one of a friendly Pok\u00e9mon\u2019s stats at random by two stages."
    }
  ],
  "flavor_text_entries": [
    {
      "flavor_text": "The user applies\npressure to stress\npoints, sharply\nboosting one of its\nstats.",
      "language": {
        "name": "en",
        "url": "https://pokeapi.co/api/v2/language/9/"
      },
      "version_group": {
        "name": "diamond-pearl",
        "url": "https://pokeapi.co/api/v2/version-group/8/"
      }
    },
    {
      "flavor_text": "The user applies\npressure to stress\npoints, sharply\nboosting one of its\nstats.",
      "language": {
        "name": "en",
        "url": "https://pokeapi.co/api/v2/language/9/"
      },
      "version_group": {
        "name": "platinum",
        "url": "https://pokeapi.co/api/v2/version-group/9/"
      }
    },
    {
      "flavor_text": "The user applies\npressure to stress\npoints, sharply\nboosting one of its\nstats.",
      "language": {
        "name": "en",
        "url": "https://pokeapi.co/api/v2/language/9/"
      },
      "version_group": {
        "name": "heartgold-soulsilver",
        "url": "https://pokeapi.co/api/v2/version-group/10/"
      }
    },
    {
      "flavor_text": "Le lanceur effectue des pressions\npour augmenter fortement l\u2019une\nde ses stats.",
      "language": {
        "name": "fr",
        "url": "https://pokeapi.co/api/v2/language/5/"
      },
      "version_group": {
        "name": "black-white",
        "url": "https://pokeapi.co/api/v2/version-group/11/"
      }
    },
    {
      "flavor_text": "The user applies pressure to stress\npoints, sharply boosting one of\nits stats.",
      "language": {
        "name": "en",
        "url": "https://pokeapi.co/api/v2/language/9/"
      },
      "version_group": {
        "name": "black-white",
        "url": "https://pokeapi.co/api/v2/version-group/11/"
      }
    },
    {
      "flavor_text": "The user applies pressure to stress\npoints, sharply boosting one of\nits stats.",
      "language": {
        "name": "en",
        "url": "https://pokeapi.co/api/v2/language/9/"
      },
      "version_group": {
        "name": "black-2-white-2",
        "url": "https://pokeapi.co/api/v2/version-group/14/"
      }
    },
    {
      "flavor_text": "\u3064\u307c\u304a\u3057\u3067\u3000\u304b\u3089\u3060\u3092\n\u304b\u3063\u305b\u3044\u304b\u3000\u3055\u305b\u308b\u3002\u306e\u3046\u308a\u3087\u304f\u306e\n\u3069\u308c\u304b\u3000\uff11\u3064\u3092\u3000\u3050\u30fc\u3093\u3068\u3000\u3042\u3052\u308b\u3002",
      "language": {
        "name": "ja-Hrkt",
        "url": "https://pokeapi.co/api/v2/language/1/"
      },
      "version_group": {
        "name": "x-y",
        "url": "https://pokeapi.co/api/v2/version-group/15/"
      }
    },
    {
      "flavor_text": "\uacbd\ud608\uc744 \ub20c\ub7ec \ubab8\uc744 \ud65c\uc131\ud654\uc2dc\ud0a8\ub2e4.\n\ub2a5\ub825 \uc911 \ud558\ub098\ub97c \ud06c\uac8c \uc62c\ub9b0\ub2e4.",
      "language": {
        "name": "ko",
        "url": "https://pokeapi.co/api/v2/language/3/"
      },
      "version_group": {
        "name": "x-y",
        "url": "https://pokeapi.co/api/v2/version-group/15/"
      }
    },
    {
      "flavor_text": "Le lanceur utilise sa connaissance des\npoints de pression pour augmenter\nfortement une stat.",
      "language": {
        "name": "fr",
        "url": "https://pokeapi.co/api/v2/language/5/"
      },
      "version_group": {
        "name": "x-y",
        "url": "https://pokeapi.co/api/v2/version-group/15/"
      }
    },
    {
      "flavor_text": "Anwender erh\u00f6ht Druck auf Stresspunkte\nund steigert einen Statuswert stark.",
      "language": {
        "name": "de",
        "url": "https://pokeapi.co/api/v2/language/6/"
      },
      "version_group": {
        "name": "x-y",
        "url": "https://pokeapi.co/api/v2/version-group/15/"
      }
    },
    {
      "flavor_text": "Aplica presi\u00f3n en puntos clave de su cuerpo o de\nlos aliados para potenciar un par\u00e1metro de sus\ncaracter\u00edsticas.",
      "language": {
        "name": "es",
        "url": "https://pokeapi.co/api/v2/language/7/"
      },
      "version_group": {
        "name": "x-y",
        "url": "https://pokeapi.co/api/v2/version-group/15/"
      }
    },
    {
      "flavor_text": "Chi la usa esercita pressione su alcuni punti\nnevralgici e aumenta di molto una statistica a caso.",
      "language": {
        "name": "it",
        "url": "https://pokeapi.co/api/v2/language/8/"
      },
      "version_group": {
        "name": "x-y",
        "url": "https://pokeapi.co/api/v2/version-group/15/"
      }
    },
    {
      "flavor_text": "The user applies pressure to stress\npoints, sharply boosting one of its or\nits allies\u2019 stats.",
      "language": {
        "name": "en",
        "url": "https://pokeapi.co/api/v2/language/9/"
      },
      "version_group": {
        "name": "x-y",
        "url": "https://pokeapi.co/api/v2/version-group/15/"
      }
    },
    {
      "flavor_text": "\u3064\u307c\u304a\u3057\u3067\u3000\u4f53\u3092\u3000\u6d3b\u6027\u5316\u3055\u305b\u308b\u3002\n\u80fd\u529b\u306e\u3000\u3069\u308c\u304b\u3000\uff11\u3064\u3092\n\u3050\u30fc\u3093\u3068\u3000\u3042\u3052\u308b\u3002",
      "language": {
        "name": "ja",
        "url": "https://pokeapi.co/api/v2/language/11/"
      },
      "version_group": {
        "name": "x-y",
        "url": "https://pokeapi.co/api/v2/version-group/15/"
      }
    },
    {
      "flavor_text": "\u3064\u307c\u304a\u3057\u3067\u3000\u304b\u3089\u3060\u3092\n\u304b\u3063\u305b\u3044\u304b\u3000\u3055\u305b\u308b\u3002\u306e\u3046\u308a\u3087\u304f\u306e\n\u3069\u308c\u304b\u3000\uff11\u3064\u3092\u3000\u3050\u30fc\u3093\u3068\u3000\u3042\u3052\u308b\u3002",
      "language": {
        "name": "ja-Hrkt",
        "url": "https://pokeapi.co/api/v2/language/1/"
      },
      "version_group": {
        "name": "omega-ruby-alpha-sapphire",
        "url": "https://pokeapi.co/api/v2/version-group/16/"
      }
    },
    {
      "flavor_text": "\uacbd\ud608\uc744 \ub20c\ub7ec \ubab8\uc744 \ud65c\uc131\ud654\uc2dc\ud0a8\ub2e4.\n\ub2a5\ub825 \uc911 \ud558\ub098\ub97c \ud06c\uac8c \uc62c\ub9b0\ub2e4.",
      "language": {
        "name": "ko",
        "url": "https://pokeapi.co/api/v2/language/3/"
      },
      "version_group": {
        "name": "omega-ruby-alpha-sapphire",
        "url": "https://pokeapi.co/api/v2/version-group/16/"
      }
    },
    {
      "flavor_text": "Le lanceur utilise sa connaissance des\npoints de pression pour augmenter\nfortement une stat.",
      "language": {
        "name": "fr",
        "url": "https://pokeapi.co/api/v2/language/5/"
      },
      "version_group": {
        "name": "omega-ruby-alpha-sapphire",
        "url": "https://pokeapi.co/api/v2/version-group/16/"
      }
    },
    {
      "flavor_text": "Anwender erh\u00f6ht Druck auf Stresspunkte\nund steigert einen Statuswert stark.",
      "language": {
        "name": "de",
        "url": "https://pokeapi.co/api/v2/language/6/"
      },
      "version_group": {
        "name": "omega-ruby-alpha-sapphire",
        "url": "https://pokeapi.co/api/v2/version-group/16/"
      }
    },
    {
      "flavor_text": "Aplica presi\u00f3n en puntos clave de su cuerpo o de \nlos aliados para potenciar un par\u00e1metro de sus\ncaracter\u00edsticas.",
      "language": {
        "name": "es",
        "url": "https://pokeapi.co/api/v2/language/7/"
      },
      "version_group": {
        "name": "omega-ruby-alpha-sapphire",
        "url": "https://pokeapi.co/api/v2/version-group/16/"
      }
    },
    {
      "flavor_text": "Chi la usa esercita pressione su alcuni punti nevralgici \ne aumenta di molto una statistica a caso.",
      "language": {
        "name": "it",
        "url": "https://pokeapi.co/api/v2/language/8/"
      },
      "version_group": {
        "name": "omega-ruby-alpha-sapphire",
        "url": "https://pokeapi.co/api/v2/version-group/16/"
      }
    },
    {
      "flavor_text": "The user applies pressure to stress\npoints, sharply boosting one of its or\nits allies\u2019 stats.",
      "language": {
        "name": "en",
        "url": "https://pokeapi.co/api/v2/language/9/"
      },
      "version_group": {
        "name": "omega-ruby-alpha-sapphire",
        "url": "https://pokeapi.co/api/v2/version-group/16/"
      }
    },
    {
      "flavor_text": "\u3064\u307c\u304a\u3057\u3067\u3000\u4f53\u3092\u3000\u6d3b\u6027\u5316\u3055\u305b\u308b\u3002\n\u80fd\u529b\u306e\u3000\u3069\u308c\u304b\u3000\uff11\u3064\u3092\n\u3050\u30fc\u3093\u3068\u3000\u3042\u3052\u308b\u3002",
      "language": {
        "name": "ja",
        "url": "https://pokeapi.co/api/v2/language/11/"
      },
      "version_group": {
        "name": "omega-ruby-alpha-sapphire",
        "url": "https://pokeapi.co/api/v2/version-group/16/"
      }
    },
    {
      "flavor_text": "\u3064\u307c\u304a\u3057\u3067\u3000\u304b\u3089\u3060\u3092\n\u304b\u3063\u305b\u3044\u304b\u3000\u3055\u305b\u308b\u3002\u3000\u306e\u3046\u308a\u3087\u304f\u306e\n\u3069\u308c\u304b\u3000\uff11\u3064\u3092\u3000\u3050\u30fc\u3093\u3068\u3000\u3042\u3052\u308b\u3002",
      "language": {
        "name": "ja-Hrkt",
        "url": "https://pokeapi.co/api/v2/language/1/"
      },
      "version_group": {
        "name": "sun-moon",
        "url": "https://pokeapi.co/api/v2/version-group/17/"
      }
    },
    {
      "flavor_text": "\uacbd\ud608\uc744 \ub20c\ub7ec \ubab8\uc744 \ud65c\uc131\ud654\uc2dc\ud0a8\ub2e4.\n\ub2a5\ub825 \uc911 \ud558\ub098\ub97c \ud06c\uac8c \uc62c\ub9b0\ub2e4.",
      "language": {
        "name": "ko",
        "url": "https://pokeapi.co/api/v2/language/3/"
      },
      "version_group": {
        "name": "sun-moon",
        "url": "https://pokeapi.co/api/v2/version-group/17/"
      }
    },
    {
      "flavor_text": "\u5229\u7528\u9ede\u7a74\u6fc0\u767c\u8eab\u9ad4\u7684\u6d3b\u529b\uff0c\n\u5927\u5e45\u63d0\u9ad8\u81ea\u5df1\u7684\u67d0\u4e00\u9805\u80fd\u529b\u3002",
      "language": {
        "name": "zh-Hant",
        "url": "https://pokeapi.co/api/v2/language/4/"
      },
      "version_group": {
        "name": "sun-moon",
        "url": "https://pokeapi.co/api/v2/version-group/17/"
      }
    },
    {
      "flavor_text": "Le lanceur utilise sa connaissance des points\nde pression pour beaucoup augmenter une stat.",
      "language": {
        "name": "fr",
        "url": "https://pokeapi.co/api/v2/language/5/"
      },
      "version_group": {
        "name": "sun-moon",
        "url": "https://pokeapi.co/api/v2/version-group/17/"
      }
    },
    {
      "flavor_text": "Anwender \u00fcbt Druck auf Stresspunkte aus und\nerh\u00f6ht einen Statuswert stark.",
      "language": {
        "name": "de",
        "url": "https://pokeapi.co/api/v2/language/6/"
      },
      "version_group": {
        "name": "sun-moon",
        "url": "https://pokeapi.co/api/v2/version-group/17/"
      }
    },
    {
      "flavor_text": "Aplica presi\u00f3n en puntos clave del cuerpo para\npotenciar una de sus caracter\u00edsticas.",
      "language": {
        "name": "es",
        "url": "https://pokeapi.co/api/v2/language/7/"
      },
      "version_group": {
        "name": "sun-moon",
        "url": "https://pokeapi.co/api/v2/version-group/17/"
      }
    },
    {
      "flavor_text": "Chi la usa esercita pressione su alcuni punti\nnevralgici e aumenta di molto una statistica a caso.",
      "language": {
        "name": "it",
        "url": "https://pokeapi.co/api/v2/language/8/"
      },
      "version_group": {
        "name": "sun-moon",
        "url": "https://pokeapi.co/api/v2/version-group/17/"
      }
    },
    {
      "flavor_text": "The user applies pressure to stress points, sharply\nboosting one of its or its allies\u2019 stats.",
      "language": {
        "name": "en",
        "url": "https://pokeapi.co/api/v2/language/9/"
      },
      "version_group": {
        "name": "sun-moon",
        "url": "https://pokeapi.co/api/v2/version-group/17/"
      }
    },
    {
      "flavor_text": "\u3064\u307c\u304a\u3057\u3067\u3000\u4f53\u3092\u3000\u6d3b\u6027\u5316\u3055\u305b\u308b\u3002\n\u80fd\u529b\u306e\u3000\u3069\u308c\u304b\u3000\uff11\u3064\u3092\n\u3050\u30fc\u3093\u3068\u3000\u3042\u3052\u308b\u3002",
      "language": {
        "name": "ja",
        "url": "https://pokeapi.co/api/v2/language/11/"
      },
      "version_group": {
        "name": "sun-moon",
        "url": "https://pokeapi.co/api/v2/version-group/17/"
      }
    },
    {
      "flavor_text": "\u901a\u8fc7\u70b9\u7a74\n\u8ba9\u8eab\u4f53\u8212\u7b4b\u6d3b\u7edc\u3002\n\u5927\u5e45\u63d0\u9ad8\u67d0\uff11\u9879\u80fd\u529b\u3002",
      "language": {
        "name": "zh-Hans",
        "url": "https://pokeapi.co/api/v2/language/12/"
      },
      "version_group": {
        "name": "sun-moon",
        "url": "https://pokeapi.co/api/v2/version-group/17/"
      }
    },
    {
      "flavor_text": "\u3064\u307c\u304a\u3057\u3067\u3000\u304b\u3089\u3060\u3092\n\u304b\u3063\u305b\u3044\u304b\u3000\u3055\u305b\u308b\u3002\u3000\u306e\u3046\u308a\u3087\u304f\u306e\n\u3069\u308c\u304b\u3000\uff11\u3064\u3092\u3000\u3050\u30fc\u3093\u3068\u3000\u3042\u3052\u308b\u3002",
      "language": {
        "name": "ja-Hrkt",
        "url": "https://pokeapi.co/api/v2/language/1/"
      },
      "version_group": {
        "name": "ultra-sun-ultra-moon",
        "url": "https://pokeapi.co/api/v2/version-group/18/"
      }
    },
    {
      "flavor_text": "\uacbd\ud608\uc744 \ub20c\ub7ec \ubab8\uc744 \ud65c\uc131\ud654\uc2dc\ud0a8\ub2e4.\n\ub2a5\ub825 \uc911 \ud558\ub098\ub97c \ud06c\uac8c \uc62c\ub9b0\ub2e4.",
      "language": {
        "name": "ko",
        "url": "https://pokeapi.co/api/v2/language/3/"
      },
      "version_group": {
        "name": "ultra-sun-ultra-moon",
        "url": "https://pokeapi.co/api/v2/version-group/18/"
      }
    },
    {
      "flavor_text": "\u5229\u7528\u9ede\u7a74\u6fc0\u767c\u8eab\u9ad4\u7684\u6d3b\u529b\uff0c\n\u5927\u5e45\u63d0\u9ad8\u81ea\u5df1\u7684\u67d0\u4e00\u9805\u80fd\u529b\u3002",
      "language": {
        "name": "zh-Hant",
        "url": "https://pokeapi.co/api/v2/language/4/"
      },
      "version_group": {
        "name": "ultra-sun-ultra-moon",
        "url": "https://pokeapi.co/api/v2/version-group/18/"
      }
    },
    {
      "flavor_text": "Le lanceur utilise sa connaissance des points\nde pression pour beaucoup augmenter une stat.",
      "language": {
        "name": "fr",
        "url": "https://pokeapi.co/api/v2/language/5/"
      },
      "version_group": {
        "name": "ultra-sun-ultra-moon",
        "url": "https://pokeapi.co/api/v2/version-group/18/"
      }
    },
    {
      "flavor_text": "Anwender \u00fcbt Druck auf Stresspunkte aus und\nerh\u00f6ht einen Statuswert stark.",
      "language": {
        "name": "de",
        "url": "https://pokeapi.co/api/v2/language/6/"
      },
      "version_group": {
        "name": "ultra-sun-ultra-moon",
        "url": "https://pokeapi.co/api/v2/version-group/18/"
      }
    },
    {
      "flavor_text": "Aplica presi\u00f3n en puntos clave del cuerpo para\npotenciar una de sus caracter\u00edsticas.",
      "language": {
        "name": "es",
        "url": "https://pokeapi.co/api/v2/language/7/"
      },
      "version_group": {
        "name": "ultra-sun-ultra-moon",
        "url": "https://pokeapi.co/api/v2/version-group/18/"
      }
    },
    {
      "flavor_text": "Chi la usa esercita pressione su alcuni punti\nnevralgici e aumenta di molto una statistica a caso.",
      "language": {
        "name": "it",
        "url": "https://pokeapi.co/api/v2/language/8/"
      },
      "version_group": {
        "name": "ultra-sun-ultra-moon",
        "url": "https://pokeapi.co/api/v2/version-group/18/"
      }
    },
    {
      "flavor_text": "The user applies pressure to stress points, sharply\nboosting one of its or its allies\u2019 stats.",
      "language": {
        "name": "en",
        "url": "https://pokeapi.co/api/v2/language/9/"
      },
      "version_group": {
        "name": "ultra-sun-ultra-moon",
        "url": "https://pokeapi.co/api/v2/version-group/18/"
      }
    },
    {
      "flavor_text": "\u3064\u307c\u304a\u3057\u3067\u3000\u4f53\u3092\u3000\u6d3b\u6027\u5316\u3055\u305b\u308b\u3002\n\u80fd\u529b\u306e\u3000\u3069\u308c\u304b\u3000\uff11\u3064\u3092\n\u3050\u30fc\u3093\u3068\u3000\u3042\u3052\u308b\u3002",
      "language": {
        "name": "ja",
        "url": "https://pokeapi.co/api/v2/language/11/"
      },
      "version_group": {
        "name": "ultra-sun-ultra-moon",
        "url": "https://pokeapi.co/api/v2/version-group/18/"
      }
    },
    {
      "flavor_text": "\u901a\u8fc7\u70b9\u7a74\n\u8ba9\u8eab\u4f53\u8212\u7b4b\u6d3b\u7edc\u3002\n\u5927\u5e45\u63d0\u9ad8\u67d0\uff11\u9879\u80fd\u529b\u3002",
      "language": {
        "name": "zh-Hans",
        "url": "https://pokeapi.co/api/v2/language/12/"
      },
      "version_group": {
        "name": "ultra-sun-ultra-moon",
        "url": "https://pokeapi.co/api/v2/version-group/18/"
      }
    },
    {
      "flavor_text": "\u3064\u307c\u304a\u3057\u3067\u3000\u304b\u3089\u3060\u3092\n\u304b\u3063\u305b\u3044\u304b\u3000\u3055\u305b\u308b\u3002\u3000\u306e\u3046\u308a\u3087\u304f\u306e\n\u3069\u308c\u304b\u3000\uff11\u3064\u3092\u3000\u3050\u30fc\u3093\u3068\u3000\u3042\u3052\u308b\u3002",
      "language": {
        "name": "ja-Hrkt",
        "url": "https://pokeapi.co/api/v2/language/1/"
      },
      "version_group": {
        "name": "lets-go-pikachu-lets-go-eevee",
        "url": "https://pokeapi.co/api/v2/version-group/19/"
      }
    },
    {
      "flavor_text": "\uacbd\ud608\uc744 \ub20c\ub7ec \ubab8\uc744 \ud65c\uc131\ud654\uc2dc\ud0a8\ub2e4.\n\ub2a5\ub825 \uc911 \ud558\ub098\ub97c \ud06c\uac8c \uc62c\ub9b0\ub2e4.",
      "language": {
        "name": "ko",
        "url": "https://pokeapi.co/api/v2/language/3/"
      },
      "version_group": {
        "name": "lets-go-pikachu-lets-go-eevee",
        "url": "https://pokeapi.co/api/v2/version-group/19/"
      }
    },
    {
      "flavor_text": "\u5229\u7528\u9ede\u7a74\u6fc0\u767c\u8eab\u9ad4\u7684\u6d3b\u529b\uff0c\n\u5927\u5e45\u63d0\u9ad8\u81ea\u5df1\u7684\u67d0\u4e00\u9805\u80fd\u529b\u3002",
      "language": {
        "name": "zh-Hant",
        "url": "https://pokeapi.co/api/v2/language/4/"
      },
      "version_group": {
        "name": "lets-go-pikachu-lets-go-eevee",
        "url": "https://pokeapi.co/api/v2/version-group/19/"
      }
    },
    {
      "flavor_text": "Le lanceur utilise sa connaissance des points de pression\npour beaucoup augmenter une stat.",
      "language": {
        "name": "fr",
        "url": "https://pokeapi.co/api/v2/language/5/"
      },
      "version_group": {
        "name": "lets-go-pikachu-lets-go-eevee",
        "url": "https://pokeapi.co/api/v2/version-group/19/"
      }
    },
    {
      "flavor_text": "Anwender \u00fcbt Druck auf Stresspunkte aus und\nerh\u00f6ht einen Statuswert stark.",
      "language": {
        "name": "de",
        "url": "https://pokeapi.co/api/v2/language/6/"
      },
      "version_group": {
        "name": "lets-go-pikachu-lets-go-eevee",
        "url": "https://pokeapi.co/api/v2/version-group/19/"
      }
    },
    {
      "flavor_text": "Aplica presi\u00f3n en puntos clave del cuerpo para\npotenciar mucho una de sus caracter\u00edsticas.",
      "language": {
        "name": "es",
        "url": "https://pokeapi.co/api/v2/language/7/"
      },
      "version_group": {
        "name": "lets-go-pikachu-lets-go-eevee",
        "url": "https://pokeapi.co/api/v2/version-group/19/"
      }
    },
    {
      "flavor_text": "Chi la usa esercita pressione su alcuni punti\nnevralgici e aumenta di molto una statistica a caso.",
      "language": {
        "name": "it",
        "url": "https://pokeapi.co/api/v2/language/8/"
      },
      "version_group": {
        "name": "lets-go-pikachu-lets-go-eevee",
        "url": "https://pokeapi.co/api/v2/version-group/19/"
      }
    },
    {
      "flavor_text": "The user applies pressure to stress points, sharply\nboosting one of its or its allies\u2019 stats.",
      "language": {
        "name": "en",
        "url": "https://pokeapi.co/api/v2/language/9/"
      },
      "version_group": {
        "name": "lets-go-pikachu-lets-go-eevee",
        "url": "https://pokeapi.co/api/v2/version-group/19/"
      }
    },
    {
      "flavor_text": "\u3064\u307c\u304a\u3057\u3067\u3000\u4f53\u3092\u3000\u6d3b\u6027\u5316\u3055\u305b\u308b\u3002\n\u80fd\u529b\u306e\u3000\u3069\u308c\u304b\u3000\uff11\u3064\u3092\n\u3050\u30fc\u3093\u3068\u3000\u3042\u3052\u308b\u3002",
      "language": {
        "name": "ja",
        "url": "https://pokeapi.co/api/v2/language/11/"
      },
      "version_group": {
        "name": "lets-go-pikachu-lets-go-eevee",
        "url": "https://pokeapi.co/api/v2/version-group/19/"
      }
    },
    {
      "flavor_text": "\u901a\u8fc7\u70b9\u7a74\n\u8ba9\u8eab\u4f53\u8212\u7b4b\u6d3b\u7edc\u3002\n\u5927\u5e45\u63d0\u9ad8\u67d0\uff11\u9879\u80fd\u529b\u3002",
      "language": {
        "name": "zh-Hans",
        "url": "https://pokeapi.co/api/v2/language/12/"
      },
      "version_group": {
        "name": "lets-go-pikachu-lets-go-eevee",
        "url": "https://pokeapi.co/api/v2/version-group/19/"
      }
    },
    {
      "flavor_text": "\u3064\u307c\u304a\u3057\u3067\u3000\u304b\u3089\u3060\u3092\n\u304b\u3063\u305b\u3044\u304b\u3000\u3055\u305b\u308b\u3002\u3000\u306e\u3046\u308a\u3087\u304f\u306e\n\u3069\u308c\u304b\u3000\uff11\u3064\u3092\u3000\u3050\u30fc\u3093\u3068\u3000\u3042\u3052\u308b\u3002",
      "language": {
        "name": "ja-Hrkt",
        "url": "https://pokeapi.co/api/v2/language/1/"
      },
      "version_group": {
        "name": "sword-shield",
        "url": "https://pokeapi.co/api/v2/version-group/20/"
      }
    },
    {
      "flavor_text": "\uacbd\ud608\uc744 \ub20c\ub7ec \ubab8\uc744 \ud65c\uc131\ud654\uc2dc\ud0a8\ub2e4.\n\ub2a5\ub825 \uc911 \ud558\ub098\ub97c \ud06c\uac8c \uc62c\ub9b0\ub2e4.",
      "language": {
        "name": "ko",
        "url": "https://pokeapi.co/api/v2/language/3/"
      },
      "version_group": {
        "name": "sword-shield",
        "url": "https://pokeapi.co/api/v2/version-group/20/"
      }
    },
    {
      "flavor_text": "\u5229\u7528\u9ede\u7a74\u6fc0\u767c\u8eab\u9ad4\u7684\u6d3b\u529b\uff0c\n\u5927\u5e45\u63d0\u9ad8\u67d0\u4e00\u9805\u80fd\u529b\u3002",
      "language": {
        "name": "zh-Hant",
        "url": "https://pokeapi.co/api/v2/language/4/"
      },
      "version_group": {
        "name": "sword-shield",
        "url": "https://pokeapi.co/api/v2/version-group/20/"
      }
    },
    {
      "flavor_text": "Le lanceur utilise sa connaissance des points de pression\npour beaucoup augmenter une stat.",
      "language": {
        "name": "fr",
        "url": "https://pokeapi.co/api/v2/language/5/"
      },
      "version_group": {
        "name": "sword-shield",
        "url": "https://pokeapi.co/api/v2/version-group/20/"
      }
    },
    {
      "flavor_text": "Anwender \u00fcbt Druck auf Stresspunkte aus und erh\u00f6ht\neinen Statuswert stark.",
      "language": {
        "name": "de",
        "url": "https://pokeapi.co/api/v2/language/6/"
      },
      "version_group": {
        "name": "sword-shield",
        "url": "https://pokeapi.co/api/v2/version-group/20/"
      }
    },
    {
      "flavor_text": "Aplica presi\u00f3n en puntos clave del cuerpo para\npotenciar mucho una de sus caracter\u00edsticas.",
      "language": {
        "name": "es",
        "url": "https://pokeapi.co/api/v2/language/7/"
      },
      "version_group": {
        "name": "sword-shield",
        "url": "https://pokeapi.co/api/v2/version-group/20/"
      }
    },
    {
      "flavor_text": "Chi la usa esercita pressione su alcuni punti\nnevralgici e aumenta di molto una statistica a caso.",
      "language": {
        "name": "it",
        "url": "https://pokeapi.co/api/v2/language/8/"
      },
      "version_group": {
        "name": "sword-shield",
        "url": "https://pokeapi.co/api/v2/version-group/20/"
      }
    },
    {
      "flavor_text": "The user applies pressure to stress points, sharply\nboosting one of its or its allies\u2019 stats.",
      "language": {
        "name": "en",
        "url": "https://pokeapi.co/api/v2/language/9/"
      },
      "version_group": {
        "name": "sword-shield",
        "url": "https://pokeapi.co/api/v2/version-group/20/"
      }
    },
    {
      "flavor_text": "\u3064\u307c\u304a\u3057\u3067\u3000\u4f53\u3092\u3000\u6d3b\u6027\u5316\u3055\u305b\u308b\u3002\n\u80fd\u529b\u306e\u3000\u3069\u308c\u304b\u3000\uff11\u3064\u3092\n\u3050\u30fc\u3093\u3068\u3000\u3042\u3052\u308b\u3002",
      "language": {
        "name": "ja",
        "url": "https://pokeapi.co/api/v2/language/11/"
      },
      "version_group": {
        "name": "sword-shield",
        "url": "https://pokeapi.co/api/v2/version-group/20/"
      }
    },
    {
      "flavor_text": "\u901a\u8fc7\u70b9\u7a74\n\u8ba9\u8eab\u4f53\u8212\u7b4b\u6d3b\u7edc\u3002\n\u5927\u5e45\u63d0\u9ad8\u67d0\uff11\u9879\u80fd\u529b\u3002",
      "language": {
        "name": "zh-Hans",
        "url": "https://pokeapi.co/api/v2/language/12/"
      },
      "version_group": {
        "name": "sword-shield",
        "url": "https://pokeapi.co/api/v2/version-group/20/"
      }
    },
    {
      "flavor_text": "The user applies pressure to stress points, sharply boosting one of its or its allies' stats.",
      "language": {
        "name": "en",
        "url": "https://pokeapi.co/api/v2/language/9/"
      },
      "version_group": {
        "name": "legends-arceus",
        "url": "https://pokeapi.co/api/v2/version-group/24/"
      }
    },
    {
      "flavor_text": "The user applies pressure to stress points, sharply boosting one of its or its allies' stats.",
      "language": {
        "name": "en",
        "url": "https://pokeapi.co/api/v2/language/9/"
      },
      "version_group": {
        "name": "scarlet-violet",
        "url": "https://pokeapi.co/api/v2/version-group/25/"
      }
    }
  ],
  "generation": {
    "name": "generation-iv",
    "url": "https://pokeapi.co/api/v2/generation/4/"
  },
  "id": 367,
  "learned_by_pokemon": [
    {
      "name": "tentacool",
      "url": "https://pokeapi.co/api/v2/pokemon/72/"
    },
    {
      "name": "tentacruel",
      "url": "https://pokeapi.co/api/v2/pokemon/73/"
    },
    {
      "name": "doduo",
      "url": "https://pokeapi.co/api/v2/pokemon/84/"
    },
    {
      "name": "dodrio",
      "url": "https://pokeapi.co/api/v2/pokemon/85/"
    },
    {
      "name": "goldeen",
      "url": "https://pokeapi.co/api/v2/pokemon/118/"
    },
    {
      "name": "qwilfish",
      "url": "https://pokeapi.co/api/v2/pokemon/211/"
    },
    {
      "name": "shuckle",
      "url": "https://pokeapi.co/api/v2/pokemon/213/"
    },
    {
      "name": "meditite",
      "url": "https://pokeapi.co/api/v2/pokemon/307/"
    },
    {
      "name": "medicham",
      "url": "https://pokeapi.co/api/v2/pokemon/308/"
    },
    {
      "name": "skorupi",
      "url": "https://pokeapi.co/api/v2/pokemon/451/"
    },
    {
      "name": "drapion",
      "url": "https://pokeapi.co/api/v2/pokemon/452/"
    },
    {
      "name": "croagunk",
      "url": "https://pokeapi.co/api/v2/pokemon/453/"
    },
    {
      "name": "maractus",
      "url": "https://pokeapi.co/api/v2/pokemon/556/"
    },
    {
      "name": "inkay",
      "url": "https://pokeapi.co/api/v2/pokemon/686/"
    },
    {
      "name": "malamar",
      "url": "https://pokeapi.co/api/v2/pokemon/687/"
    },
    {
      "name": "bounsweet",
      "url": "https://pokeapi.co/api/v2/pokemon/761/"
    },
    {
      "name": "arrokuda",
      "url": "https://pokeapi.co/api/v2/pokemon/846/"
    },
    {
      "name": "pincurchin",
      "url": "https://pokeapi.co/api/v2/pokemon/871/"
    },
    {
      "name": "overqwil",
      "url": "https://pokeapi.co/api/v2/pokemon/904/"
    },
    {
      "name": "toedscool",
      "url": "https://pokeapi.co/api/v2/pokemon/948/"
    },
    {
      "name": "medicham-mega",
      "url": "https://pokeapi.co/api/v2/pokemon/10054/"
    },
    {
      "name": "qwilfish-hisui",
      "url": "https://pokeapi.co/api/v2/pokemon/10234/"
    }
  ],
  "machines": [],
  "meta": {
    "ailment": {
      "name": "none",
      "url": "https://pokeapi.co/api/v2/move-ailment/0/"
    },
    "ailment_chance": 0,
    "category": {
      "name": "unique",
      "url": "https://pokeapi.co/api/v2/move-category/13/"
    },
    "crit_rate": 0,
    "drain": 0,
    "flinch_chance": 0,
    "healing": 0,
    "max_hits": null,
    "max_turns": null,
    "min_hits": null,
    "min_turns": null,
    "stat_chance": 0
  },
  "name": "acupressure",
  "names": [
    {
      "language": {
        "name": "ja-Hrkt",
        "url": "https://pokeapi.co/api/v2/language/1/"
      },
      "name": "\u3064\u307c\u3092\u3064\u304f"
    },
    {
      "language": {
        "name": "ko",
        "url": "https://pokeapi.co/api/v2/language/3/"
      },
      "name": "\uacbd\ud608\ucc0c\ub974\uae30"
    },
    {
      "language": {
        "name": "zh-Hant",
        "url": "https://pokeapi.co/api/v2/language/4/"
      },
      "name": "\u9ede\u7a74"
    },
    {
      "language": {
        "name": "fr",
        "url": "https://pokeapi.co/api/v2/language/5/"
      },
      "name": "Acupression"
    },
    {
      "language": {
        "name": "de",
        "url": "https://pokeapi.co/api/v2/language/6/"
      },
      "name": "Akupressur"
    },
    {
      "language": {
        "name": "es",
        "url": "https://pokeapi.co/api/v2/language/7/"
      },
      "name": "Acupresi\u00f3n"
    },
    {
      "language": {
        "name": "it",
        "url": "https://pokeapi.co/api/v2/language/8/"
      },
      "name": "Acupressione"
    },
    {
      "language": {
        "name": "en",
        "url": "https://pokeapi.co/api/v2/language/9/"
      },
      "name": "Acupressure"
    },
    {
      "language": {
        "name": "ja",
        "url": "https://pokeapi.co/api/v2/language/11/"
      },
      "name": "\u3064\u307c\u3092\u3064\u304f"
    },
    {
      "language": {
        "name": "zh-Hans",
        "url": "https://pokeapi.co/api/v2/language/12/"
      },
      "name": "\u70b9\u7a74"
    }
  ],
  "past_values": [],
  "power": null,
  "pp": 30,
  "priority": 0,
  "stat_changes": [],
  "super_contest_effect": {
    "url": "https://pokeapi.co/api/v2/super-contest-effect/11/"
  },
  "target": {
    "name": "user-or-ally",
    "url": "https://pokeapi.co/api/v2/move-target/5/"
  },
  "type": {
    "name": "normal",
    "url": "https://pokeapi.co/api/v2/type/1/"
  }
}