{
  "accuracy": 90,
  "contest_combos": {
    "normal": {
      "use_after": [
        {
          "name": "harden",
          "url": "https://pokeapi.co/api/v2/move/106/"
        },
        {
          "name": "defense-curl",
          "url": "https://pokeapi.co/api/v2/move/111/"
        }
      ],
      "use_before": null
    },
    "super": {
      "use_after": [
        {
          "name": "defense-curl",
          "url": "https://pokeapi.co/api/v2/move/111/"
        }
      ],
      "use_before": null
    }
  },
  "contest_effect": {
    "url": "https://pokeapi.co/api/v2/contest-effect/24/"
  },
  "contest_type": {
    "name": "tough",
    "url": "https://pokeapi.co/api/v2/contest-type/5/"
  },
  "damage_class": {
    "name": "physical",
    "url": "https://pokeapi.co/api/v2/move-damage-class/2/"
  },
  "effect_chance": null,
  "effect_changes": [],
  "effect_entries": [
    {
      "effect": "Inflicts regular damage.  User is forced to use this move for five turns.  Power doubles every time this move is used in succession to a maximum of 16x, and resets to normal after the lock-in ends.  If this move misses or becomes unusable, the lock-in ends.\n\nIf the user has used defense curl since entering the field, this move has double power.",
      "language": {
        "name": "en",
        "url": "https://pokeapi.co/api/v2/language/9/"
      },
      "short_effect": "Power doubles every turn this move is used in succession after the first, resetting after five turns."
    }
  ],
  "flavor_text_entries": [
    {
      "flavor_text": "Attacks 5 turns\nwith rising power.",
      "language": {
        "name": "en",
        "url": "https://pokeapi.co/api/v2/language/9/"
      },
      "version_group": {
        "name": "gold-silver",
        "url": "https://pokeapi.co/api/v2/version-group/3/"
      }
    },
    {
      "flavor_text": "Attacks 5 turns\nwith rising power.",
      "language": {
        "name": "en",
        "url": "https://pokeapi.co/api/v2/language/9/"
      },
      "version_group": {
        "name": "crystal",
        "url": "https://pokeapi.co/api/v2/version-group/4/"
      }
    },
    {
      "flavor_text": "An attack lasting 5 turns\nwith rising intensity.",
      "language": {
        "name": "en",
        "url": "https://pokeapi.co/api/v2/language/9/"
      },
      "version_group": {
        "name": "ruby-sapphire",
        "url": "https://pokeapi.co/api/v2/version-group/5/"
      }
    },
    {
      "flavor_text": "An attack lasting 5 turns\nwith rising intensity.",
      "language": {
        "name": "en",
        "url": "https://pokeapi.co/api/v2/language/9/"
      },
      "version_group": {
        "name": "emerald",
        "url": "https://pokeapi.co/api/v2/version-group/6/"
      }
    },
    {
      "flavor_text": "A 5-turn rolling\nattack that becomes\nstronger each time\nit hits.",
      "language": {
        "name": "en",
        "url": "https://pokeapi.co/api/v2/language/9/"
      },
      "version_group": {
        "name": "firered-leafgreen",
        "url": "https://pokeapi.co/api/v2/version-group/7/"
      }
    },
    {
      "flavor_text": "The user continually\nrolls into the foe\nover five turns. It\nbecomes stronger\neach time it hits.",
      "language": {
        "name": "en",
        "url": "https://pokeapi.co/api/v2/language/9/"
      },
      "version_group": {
        "name": "diamond-pearl",
        "url": "https://pokeapi.co/api/v2/version-group/8/"
      }
    },
    {
      "flavor_text": "The user continually\nrolls into the foe\nover five turns. It\nbecomes stronger\neach time it hits.",
      "language": {
        "name": "en",
        "url": "https://pokeapi.co/api/v2/language/9/"
      },
      "version_group": {
        "name": "platinum",
        "url": "https://pokeapi.co/api/v2/version-group/9/"
      }
    },
    {
      "flavor_text": "The user continually\nrolls into the foe\nover five turns. It\nbecomes stronger\neach time it hits.",
      "language": {
        "name": "en",
        "url": "https://pokeapi.co/api/v2/language/9/"
      },
      "version_group": {
        "name": "heartgold-soulsilver",
        "url": "https://pokeapi.co/api/v2/version-group/10/"
      }
    },
    {
      "flavor_text": "Un rocher roule sur l\u2019ennemi pendant 5\ntours. L\u2019attaque gagne en puissance\n\u00e0 chaque coup.",
      "language": {
        "name": "fr",
        "url": "https://pokeapi.co/api/v2/language/5/"
      },
      "version_group": {
        "name": "black-white",
        "url": "https://pokeapi.co/api/v2/version-group/11/"
      }
    },
    {
      "flavor_text": "The user continually rolls into the target\nover five turns. It becomes stronger\neach time it hits.",
      "language": {
        "name": "en",
        "url": "https://pokeapi.co/api/v2/language/9/"
      },
      "version_group": {
        "name": "black-white",
        "url": "https://pokeapi.co/api/v2/version-group/11/"
      }
    },
    {
      "flavor_text": "The user continually rolls into the target\nover five turns. It becomes stronger\neach time it hits.",
      "language": {
        "name": "en",
        "url": "https://pokeapi.co/api/v2/language/9/"
      },
      "version_group": {
        "name": "black-2-white-2",
        "url": "https://pokeapi.co/api/v2/version-group/14/"
      }
    },
    {
      "flavor_text": "\uff15\u30bf\u30fc\u30f3\u306e\u3000\u3042\u3044\u3060\u3000\u3053\u308d\u304c\u308a\u3064\u3065\u3051\u3066\n\u3053\u3046\u3052\u304d\u3059\u308b\u3002\u308f\u3056\u304c\u3000\u3042\u305f\u308b\u3000\u305f\u3073\u306b\n\u3044\u308a\u3087\u304f\u304c\u3000\u3042\u304c\u308b\u3002",
      "language": {
        "name": "ja-Hrkt",
        "url": "https://pokeapi.co/api/v2/language/1/"
      },
      "version_group": {
        "name": "x-y",
        "url": "https://pokeapi.co/api/v2/version-group/15/"
      }
    },
    {
      "flavor_text": "5\ud134 \ub3d9\uc548 \uad6c\ub974\uae30\ub97c \ubc18\ubcf5\ud558\uc5ec\n\uacf5\uaca9\ud55c\ub2e4. \uae30\uc220\uc774 \ub9de\uc744 \ub54c\ub9c8\ub2e4\n\uc704\ub825\uc774 \uc62c\ub77c\uac04\ub2e4.",
      "language": {
        "name": "ko",
        "url": "https://pokeapi.co/api/v2/language/3/"
      },
      "version_group": {
        "name": "x-y",
        "url": "https://pokeapi.co/api/v2/version-group/15/"
      }
    },
    {
      "flavor_text": "Un rocher roule sur l\u2019ennemi pendant cinq tours.\nL\u2019attaque gagne en puissance \u00e0 chaque coup.",
      "language": {
        "name": "fr",
        "url": "https://pokeapi.co/api/v2/language/5/"
      },
      "version_group": {
        "name": "x-y",
        "url": "https://pokeapi.co/api/v2/version-group/15/"
      }
    },
    {
      "flavor_text": "Attacke, die f\u00fcnf Runden dauert.\nDie H\u00e4rte nimmt von Mal zu Mal zu.",
      "language": {
        "name": "de",
        "url": "https://pokeapi.co/api/v2/language/6/"
      },
      "version_group": {
        "name": "x-y",
        "url": "https://pokeapi.co/api/v2/version-group/15/"
      }
    },
    {
      "flavor_text": "El atacante rueda contra el objetivo durante cinco\nturnos, cada vez con mayor fuerza.",
      "language": {
        "name": "es",
        "url": "https://pokeapi.co/api/v2/language/7/"
      },
      "version_group": {
        "name": "x-y",
        "url": "https://pokeapi.co/api/v2/version-group/15/"
      }
    },
    {
      "flavor_text": "Chi la usa colpisce il bersaglio rotolando\nper cinque turni, con aumento progressivo\ndella potenza ogni volta che va a segno.",
      "language": {
        "name": "it",
        "url": "https://pokeapi.co/api/v2/language/8/"
      },
      "version_group": {
        "name": "x-y",
        "url": "https://pokeapi.co/api/v2/version-group/15/"
      }
    },
    {
      "flavor_text": "The user continually rolls into the target\nover five turns. It becomes more powerful\neach time it hits.",
      "language": {
        "name": "en",
        "url": "https://pokeapi.co/api/v2/language/9/"
      },
      "version_group": {
        "name": "x-y",
        "url": "https://pokeapi.co/api/v2/version-group/15/"
      }
    },
    {
      "flavor_text": "\uff15\u30bf\u30fc\u30f3\u306e\u3000\u3042\u3044\u3060\u3000\u8ee2\u304c\u308a\u7d9a\u3051\u3066\n\u653b\u6483\u3059\u308b\u3002\u6280\u304c\u3000\u5f53\u305f\u308b\u305f\u3073\u306b\n\u5a01\u529b\u304c\u3000\u3042\u304c\u308b\u3002",
      "language": {
        "name": "ja",
        "url": "https://pokeapi.co/api/v2/language/11/"
      },
      "version_group": {
        "name": "x-y",
        "url": "https://pokeapi.co/api/v2/version-group/15/"
      }
    },
    {
      "flavor_text": "\uff15\u30bf\u30fc\u30f3\u306e\u3000\u3042\u3044\u3060\u3000\u3053\u308d\u304c\u308a\u3064\u3065\u3051\u3066\n\u3053\u3046\u3052\u304d\u3059\u308b\u3002\u308f\u3056\u304c\u3000\u3042\u305f\u308b\u3000\u305f\u3073\u306b\n\u3044\u308a\u3087\u304f\u304c\u3000\u3042\u304c\u308b\u3002",
      "language": {
        "name": "ja-Hrkt",
        "url": "https://pokeapi.co/api/v2/language/1/"
      },
      "version_group": {
        "name": "omega-ruby-alpha-sapphire",
        "url": "https://pokeapi.co/api/v2/version-group/16/"
      }
    },
    {
      "flavor_text": "5\ud134 \ub3d9\uc548 \uad6c\ub974\uae30\ub97c \ubc18\ubcf5\ud558\uc5ec\n\uacf5\uaca9\ud55c\ub2e4. \uae30\uc220\uc774 \ub9de\uc744 \ub54c\ub9c8\ub2e4\n\uc704\ub825\uc774 \uc62c\ub77c\uac04\ub2e4.",
      "language": {
        "name": "ko",
        "url": "https://pokeapi.co/api/v2/language/3/"
      },
      "version_group": {
        "name": "omega-ruby-alpha-sapphire",
        "url": "https://pokeapi.co/api/v2/version-group/16/"
      }
    },
    {
      "flavor_text": "Un rocher roule sur l\u2019ennemi pendant cinq tours.\nL\u2019attaque gagne en puissance \u00e0 chaque coup.",
      "language": {
        "name": "fr",
        "url": "https://pokeapi.co/api/v2/language/5/"
      },
      "version_group": {
        "name": "omega-ruby-alpha-sapphire",
        "url": "https://pokeapi.co/api/v2/version-group/16/"
      }
    },
    {
      "flavor_text": "Attacke, die f\u00fcnf Runden dauert.\nDie H\u00e4rte nimmt von Mal zu Mal zu.",
      "language": {
        "name": "de",
        "url": "https://pokeapi.co/api/v2/language/6/"
      },
      "version_group": {
        "name": "omega-ruby-alpha-sapphire",
        "url": "https://pokeapi.co/api/v2/version-group/16/"
      }
    },
    {
      "flavor_text": "El atacante rueda contra el objetivo durante cinco \nturnos, cada vez con mayor fuerza.",
      "language": {
        "name": "es",
        "url": "https://pokeapi.co/api/v2/language/7/"
      },
      "version_group": {
        "name": "omega-ruby-alpha-sapphire",
        "url": "https://pokeapi.co/api/v2/version-group/16/"
      }
    },
    {
      "flavor_text": "Chi la usa colpisce il bersaglio rotolando\nper cinque turni, con aumento progressivo\ndella potenza ogni volta che va a segno.",
      "language": {
        "name": "it",
        "url": "https://pokeapi.co/api/v2/language/8/"
      },
      "version_group": {
        "name": "omega-ruby-alpha-sapphire",
        "url": "https://pokeapi.co/api/v2/version-group/16/"
      }
    },
    {
      "flavor_text": "The user continually rolls into the target\nover five turns. It becomes more powerful\neach time it hits.",
      "language": {
        "name": "en",
        "url": "https://pokeapi.co/api/v2/language/9/"
      },
      "version_group": {
        "name": "omega-ruby-alpha-sapphire",
        "url": "https://pokeapi.co/api/v2/version-group/16/"
      }
    },
    {
      "flavor_text": "\uff15\u30bf\u30fc\u30f3\u306e\u3000\u3042\u3044\u3060\u3000\u8ee2\u304c\u308a\u7d9a\u3051\u3066\n\u653b\u6483\u3059\u308b\u3002\u6280\u304c\u3000\u5f53\u305f\u308b\u305f\u3073\u306b\n\u5a01\u529b\u304c\u3000\u3042\u304c\u308b\u3002",
      "language": {
        "name": "ja",
        "url": "https://pokeapi.co/api/v2/language/11/"
      },
      "version_group": {
        "name": "omega-ruby-alpha-sapphire",
        "url": "https://pokeapi.co/api/v2/version-group/16/"
      }
    },
    {
      "flavor_text": "\uff15\u30bf\u30fc\u30f3\u306e\u3000\u3042\u3044\u3060\u3000\u3053\u308d\u304c\u308a\u3064\u3065\u3051\u3066\n\u3053\u3046\u3052\u304d\u3059\u308b\u3002\u3000\u308f\u3056\u304c\u3000\u3042\u305f\u308b\u3000\u305f\u3073\u306b\n\u3044\u308a\u3087\u304f\u304c\u3000\u3042\u304c\u308b\u3002",
      "language": {
        "name": "ja-Hrkt",
        "url": "https://pokeapi.co/api/v2/language/1/"
      },
      "version_group": {
        "name": "sun-moon",
        "url": "https://pokeapi.co/api/v2/version-group/17/"
      }
    },
    {
      "flavor_text": "5\ud134 \ub3d9\uc548 \uad6c\ub974\uae30\ub97c \ubc18\ubcf5\ud558\uc5ec\n\uacf5\uaca9\ud55c\ub2e4. \uae30\uc220\uc774 \ub9de\uc744 \ub54c\ub9c8\ub2e4\n\uc704\ub825\uc774 \uc62c\ub77c\uac04\ub2e4.",
      "language": {
        "name": "ko",
        "url": "https://pokeapi.co/api/v2/language/3/"
      },
      "version_group": {
        "name": "sun-moon",
        "url": "https://pokeapi.co/api/v2/version-group/17/"
      }
    },
    {
      "flavor_text": "\u5728\uff15\u56de\u5408\u5167\u9023\u7e8c\u6efe\u52d5\u653b\u64ca\u5c0d\u624b\u3002\n\u6bcf\u64ca\u4e2d\u4e00\u6b21\uff0c\u5a01\u529b\u5c31\u6703\u63d0\u9ad8\u3002",
      "language": {
        "name": "zh-Hant",
        "url": "https://pokeapi.co/api/v2/language/4/"
      },
      "version_group": {
        "name": "sun-moon",
        "url": "https://pokeapi.co/api/v2/version-group/17/"
      }
    },
    {
      "flavor_text": "Un rocher roule sur l\u2019ennemi pendant cinq tours.\nL\u2019attaque gagne en puissance \u00e0 chaque coup.",
      "language": {
        "name": "fr",
        "url": "https://pokeapi.co/api/v2/language/5/"
      },
      "version_group": {
        "name": "sun-moon",
        "url": "https://pokeapi.co/api/v2/version-group/17/"
      }
    },
    {
      "flavor_text": "Attacke, die f\u00fcnf Runden dauert. Die H\u00e4rte nimmt von\nMal zu Mal zu.",
      "language": {
        "name": "de",
        "url": "https://pokeapi.co/api/v2/language/6/"
      },
      "version_group": {
        "name": "sun-moon",
        "url": "https://pokeapi.co/api/v2/version-group/17/"
      }
    },
    {
      "flavor_text": "El atacante rueda contra el objetivo durante cinco \nturnos, cada vez con mayor fuerza.",
      "language": {
        "name": "es",
        "url": "https://pokeapi.co/api/v2/language/7/"
      },
      "version_group": {
        "name": "sun-moon",
        "url": "https://pokeapi.co/api/v2/version-group/17/"
      }
    },
    {
      "flavor_text": "Chi la usa colpisce il bersaglio rotolando\nper cinque turni, con aumento progressivo\ndella potenza ogni volta che va a segno.",
      "language": {
        "name": "it",
        "url": "https://pokeapi.co/api/v2/language/8/"
      },
      "version_group": {
        "name": "sun-moon",
        "url": "https://pokeapi.co/api/v2/version-group/17/"
      }
    },
    {
      "flavor_text": "The user continually rolls into the target over five\nturns. It becomes more powerful each time it hits.",
      "language": {
        "name": "en",
        "url": "https://pokeapi.co/api/v2/language/9/"
      },
      "version_group": {
        "name": "sun-moon",
        "url": "https://pokeapi.co/api/v2/version-group/17/"
      }
    },
    {
      "flavor_text": "\uff15\u30bf\u30fc\u30f3\u306e\u3000\u9593\u3000\u8ee2\u304c\u308a\u7d9a\u3051\u3066\n\u653b\u6483\u3059\u308b\u3002\u3000\u6280\u304c\u3000\u5f53\u305f\u308b\u305f\u3073\u306b\n\u5a01\u529b\u304c\u3000\u3042\u304c\u308b\u3002",
      "language": {
        "name": "ja",
        "url": "https://pokeapi.co/api/v2/language/11/"
      },
      "version_group": {
        "name": "sun-moon",
        "url": "https://pokeapi.co/api/v2/version-group/17/"
      }
    },
    {
      "flavor_text": "\u5728\uff15\u56de\u5408\u5185\u8fde\u7eed\u6eda\u52a8\u653b\u51fb\u5bf9\u624b\u3002\n\u62db\u5f0f\u6bcf\u6b21\u51fb\u4e2d\uff0c\u5a01\u529b\u5c31\u4f1a\u63d0\u9ad8\u3002",
      "language": {
        "name": "zh-Hans",
        "url": "https://pokeapi.co/api/v2/language/12/"
      },
      "version_group": {
        "name": "sun-moon",
        "url": "https://pokeapi.co/api/v2/version-group/17/"
      }
    },
    {
      "flavor_text": "\uff15\u30bf\u30fc\u30f3\u306e\u3000\u3042\u3044\u3060\u3000\u3053\u308d\u304c\u308a\u3064\u3065\u3051\u3066\n\u3053\u3046\u3052\u304d\u3059\u308b\u3002\u3000\u308f\u3056\u304c\u3000\u3042\u305f\u308b\u3000\u305f\u3073\u306b\n\u3044\u308a\u3087\u304f\u304c\u3000\u3042\u304c\u308b\u3002",
      "language": {
        "name": "ja-Hrkt",
        "url": "https://pokeapi.co/api/v2/language/1/"
      },
      "version_group": {
        "name": "ultra-sun-ultra-moon",
        "url": "https://pokeapi.co/api/v2/version-group/18/"
      }
    },
    {
      "flavor_text": "5\ud134 \ub3d9\uc548 \uad6c\ub974\uae30\ub97c \ubc18\ubcf5\ud558\uc5ec\n\uacf5\uaca9\ud55c\ub2e4. \uae30\uc220\uc774 \ub9de\uc744 \ub54c\ub9c8\ub2e4\n\uc704\ub825\uc774 \uc62c\ub77c\uac04\ub2e4.",
      "language": {
        "name": "ko",
        "url": "https://pokeapi.co/api/v2/language/3/"
      },
      "version_group": {
        "name": "ultra-sun-ultra-moon",
        "url": "https://pokeapi.co/api/v2/version-group/18/"
      }
    },
    {
      "flavor_text": "\u5728\uff15\u56de\u5408\u5167\u9023\u7e8c\u6efe\u52d5\u653b\u64ca\u5c0d\u624b\u3002\n\u6bcf\u64ca\u4e2d\u4e00\u6b21\uff0c\u5a01\u529b\u5c31\u6703\u63d0\u9ad8\u3002",
      "language": {
        "name": "zh-Hant",
        "url": "https://pokeapi.co/api/v2/language/4/"
      },
      "version_group": {
        "name": "ultra-sun-ultra-moon",
        "url": "https://pokeapi.co/api/v2/version-group/18/"
      }
    },
    {
      "flavor_text": "Un rocher roule sur l\u2019ennemi pendant cinq tours.\nL\u2019attaque gagne en puissance \u00e0 chaque coup.",
      "language": {
        "name": "fr",
        "url": "https://pokeapi.co/api/v2/language/5/"
      },
      "version_group": {
        "name": "ultra-sun-ultra-moon",
        "url": "https://pokeapi.co/api/v2/version-group/18/"
      }
    },
    {
      "flavor_text": "Attacke, die f\u00fcnf Runden dauert. Die H\u00e4rte nimmt von\nMal zu Mal zu.",
      "language": {
        "name": "de",
        "url": "https://pokeapi.co/api/v2/language/6/"
      },
      "version_group": {
        "name": "ultra-sun-ultra-moon",
        "url": "https://pokeapi.co/api/v2/version-group/18/"
      }
    },
    {
      "flavor_text": "El atacante rueda contra el objetivo durante cinco \nturnos, cada vez con mayor fuerza.",
      "language": {
        "name": "es",
        "url": "https://pokeapi.co/api/v2/language/7/"
      },
      "version_group": {
        "name": "ultra-sun-ultra-moon",
        "url": "https://pokeapi.co/api/v2/version-group/18/"
      }
    },
    {
      "flavor_text": "Chi la usa colpisce il bersaglio rotolando\nper cinque turni, con aumento progressivo\ndella potenza ogni volta che va a segno.",
      "language": {
        "name": "it",
        "url": "https://pokeapi.co/api/v2/language/8/"
      },
      "version_group": {
        "name": "ultra-sun-ultra-moon",
        "url": "https://pokeapi.co/api/v2/version-group/18/"
      }
    },
    {
      "flavor_text": "The user continually rolls into the target over five\nturns. It becomes more powerful each time it hits.",
      "language": {
        "name": "en",
        "url": "https://pokeapi.co/api/v2/language/9/"
      },
      "version_group": {
        "name": "ultra-sun-ultra-moon",
        "url": "https://pokeapi.co/api/v2/version-group/18/"
      }
    },
    {
      "flavor_text": "\uff15\u30bf\u30fc\u30f3\u306e\u3000\u9593\u3000\u8ee2\u304c\u308a\u7d9a\u3051\u3066\n\u653b\u6483\u3059\u308b\u3002\u3000\u6280\u304c\u3000\u5f53\u305f\u308b\u305f\u3073\u306b\n\u5a01\u529b\u304c\u3000\u3042\u304c\u308b\u3002",
      "language": {
        "name": "ja",
        "url": "https://pokeapi.co/api/v2/language/11/"
      },
      "version_group": {
        "name": "ultra-sun-ultra-moon",
        "url": "https://pokeapi.co/api/v2/version-group/18/"
      }
    },
    {
      "flavor_text": "\u5728\uff15\u56de\u5408\u5185\u8fde\u7eed\u6eda\u52a8\u653b\u51fb\u5bf9\u624b\u3002\n\u62db\u5f0f\u6bcf\u6b21\u51fb\u4e2d\uff0c\u5a01\u529b\u5c31\u4f1a\u63d0\u9ad8\u3002",
      "language": {
        "name": "zh-Hans",
        "url": "https://pokeapi.co/api/v2/language/12/"
      },
      "version_group": {
        "name": "ultra-sun-ultra-moon",
        "url": "https://pokeapi.co/api/v2/version-group/18/"
      }
    },
    {
      "flavor_text": "\uff15\u30bf\u30fc\u30f3\u306e\u3000\u3042\u3044\u3060\u3000\u3053\u308d\u304c\u308a\u3064\u3065\u3051\u3066\n\u3053\u3046\u3052\u304d\u3059\u308b\u3002\u3000\u308f\u3056\u304c\u3000\u3042\u305f\u308b\u3000\u305f\u3073\u306b\n\u3044\u308a\u3087\u304f\u304c\u3000\u3042\u304c\u308b\u3002",
      "language": {
        "name": "ja-Hrkt",
        "url": "https://pokeapi.co/api/v2/language/1/"
      },
      "version_group": {
        "name": "lets-go-pikachu-lets-go-eevee",
        "url": "https://pokeapi.co/api/v2/version-group/19/"
      }
    },
    {
      "flavor_text": "5\ud134 \ub3d9\uc548 \uad6c\ub974\uae30\ub97c \ubc18\ubcf5\ud558\uc5ec\n\uacf5\uaca9\ud55c\ub2e4. \uae30\uc220\uc774 \ub9de\uc744 \ub54c\ub9c8\ub2e4\n\uc704\ub825\uc774 \uc62c\ub77c\uac04\ub2e4.",
      "language": {
        "name": "ko",
        "url": "https://pokeapi.co/api/v2/language/3/"
      },
      "version_group": {
        "name": "lets-go-pikachu-lets-go-eevee",
        "url": "https://pokeapi.co/api/v2/version-group/19/"
      }
    },
    {
      "flavor_text": "\u5728\uff15\u56de\u5408\u5167\u9023\u7e8c\u6efe\u52d5\u653b\u64ca\u5c0d\u624b\u3002\n\u6bcf\u64ca\u4e2d\u4e00\u6b21\uff0c\u5a01\u529b\u5c31\u6703\u63d0\u9ad8\u3002",
      "language": {
        "name": "zh-Hant",
        "url": "https://pokeapi.co/api/v2/language/4/"
      },
      "version_group": {
        "name": "lets-go-pikachu-lets-go-eevee",
        "url": "https://pokeapi.co/api/v2/version-group/19/"
      }
    },
    {
      "flavor_text": "Un rocher roule sur l\u2019ennemi pendant cinq tours.\nL\u2019attaque gagne en puissance \u00e0 chaque coup.",
      "language": {
        "name": "fr",
        "url": "https://pokeapi.co/api/v2/language/5/"
      },
      "version_group": {
        "name": "lets-go-pikachu-lets-go-eevee",
        "url": "https://pokeapi.co/api/v2/version-group/19/"
      }
    },
    {
      "flavor_text": "Attacke, die f\u00fcnf Runden dauert. Die H\u00e4rte nimmt von\nMal zu Mal zu.",
      "language": {
        "name": "de",
        "url": "https://pokeapi.co/api/v2/language/6/"
      },
      "version_group": {
        "name": "lets-go-pikachu-lets-go-eevee",
        "url": "https://pokeapi.co/api/v2/version-group/19/"
      }
    },
    {
      "flavor_text": "El atacante rueda contra el objetivo durante cinco \nturnos, cada vez con mayor fuerza.",
      "language": {
        "name": "es",
        "url": "https://pokeapi.co/api/v2/language/7/"
      },
      "version_group": {
        "name": "lets-go-pikachu-lets-go-eevee",
        "url": "https://pokeapi.co/api/v2/version-group/19/"
      }
    },
    {
      "flavor_text": "Chi la usa colpisce il bersaglio rotolando\nper cinque turni, con aumento progressivo\ndella potenza ogni volta che va a segno.",
      "language": {
        "name": "it",
        "url": "https://pokeapi.co/api/v2/language/8/"
      },
      "version_group": {
        "name": "lets-go-pikachu-lets-go-eevee",
        "url": "https://pokeapi.co/api/v2/version-group/19/"
      }
    },
    {
      "flavor_text": "The user continually rolls into the target over five\nturns. It becomes more powerful each time it hits.",
      "language": {
        "name": "en",
        "url": "https://pokeapi.co/api/v2/language/9/"
      },
      "version_group": {
        "name": "lets-go-pikachu-lets-go-eevee",
        "url": "https://pokeapi.co/api/v2/version-group/19/"
      }
    },
    {
      "flavor_text": "\uff15\u30bf\u30fc\u30f3\u306e\u3000\u9593\u3000\u8ee2\u304c\u308a\u7d9a\u3051\u3066\n\u653b\u6483\u3059\u308b\u3002\u3000\u6280\u304c\u3000\u5f53\u305f\u308b\u305f\u3073\u306b\n\u5a01\u529b\u304c\u3000\u3042\u304c\u308b\u3002",
      "language": {
        "name": "ja",
        "url": "https://pokeapi.co/api/v2/language/11/"
      },
      "version_group": {
        "name": "lets-go-pikachu-lets-go-eevee",
        "url": "https://pokeapi.co/api/v2/version-group/19/"
      }
    },
    {
      "flavor_text": "\u5728\uff15\u56de\u5408\u5185\u8fde\u7eed\u6eda\u52a8\u653b\u51fb\u5bf9\u624b\u3002\n\u62db\u5f0f\u6bcf\u6b21\u51fb\u4e2d\uff0c\u5a01\u529b\u5c31\u4f1a\u63d0\u9ad8\u3002",
      "language": {
        "name": "zh-Hans",
        "url": "https://pokeapi.co/api/v2/language/12/"
      },
      "version_group": {
        "name": "lets-go-pikachu-lets-go-eevee",
        "url": "https://pokeapi.co/api/v2/version-group/19/"
      }
    },
    {
      "flavor_text": "\uff15\u30bf\u30fc\u30f3\u306e\u3000\u3042\u3044\u3060\u3000\u3053\u308d\u304c\u308a\u3064\u3065\u3051\u3066\n\u3053\u3046\u3052\u304d\u3059\u308b\u3002\u3000\u308f\u3056\u304c\u3000\u3042\u305f\u308b\u3000\u305f\u3073\u306b\n\u3044\u308a\u3087\u304f\u304c\u3000\u3042\u304c\u308b\u3002",
      "language": {
        "name": "ja-Hrkt",
        "url": "https://pokeapi.co/api/v2/language/1/"
      },
      "version_group": {
        "name": "sword-shield",
        "url": "https://pokeapi.co/api/v2/version-group/20/"
      }
    },
    {
      "flavor_text": "5\ud134 \ub3d9\uc548 \uad6c\ub974\uae30\ub97c \ubc18\ubcf5\ud558\uc5ec\n\uacf5\uaca9\ud55c\ub2e4. \uae30\uc220\uc774 \ub9de\uc744 \ub54c\ub9c8\ub2e4\n\uc704\ub825\uc774 \uc62c\ub77c\uac04\ub2e4.",
      "language": {
        "name": "ko",
        "url": "https://pokeapi.co/api/v2/language/3/"
      },
      "version_group": {
        "name": "sword-shield",
        "url": "https://pokeapi.co/api/v2/version-group/20/"
      }
    },
    {
      "flavor_text": "\u5728\uff15\u56de\u5408\u5167\u9023\u7e8c\u6efe\u52d5\u653b\u64ca\u5c0d\u624b\u3002\n\u6bcf\u64ca\u4e2d\u4e00\u6b21\uff0c\u5a01\u529b\u5c31\u6703\u63d0\u9ad8\u3002",
      "language": {
        "name": "zh-Hant",
        "url": "https://pokeapi.co/api/v2/language/4/"
      },
      "version_group": {
        "name": "sword-shield",
        "url": "https://pokeapi.co/api/v2/version-group/20/"
      }
    },
    {
      "flavor_text": "Un rocher roule sur l\u2019ennemi pendant cinq tours.\nL\u2019attaque gagne en puissance \u00e0 chaque coup.",
      "language": {
        "name": "fr",
        "url": "https://pokeapi.co/api/v2/language/5/"
      },
      "version_group": {
        "name": "sword-shield",
        "url": "https://pokeapi.co/api/v2/version-group/20/"
      }
    },
    {
      "flavor_text": "Attacke, die f\u00fcnf Runden dauert. Mit jedem Treffer\nsteigt die St\u00e4rke.",
      "language": {
        "name": "de",
        "url": "https://pokeapi.co/api/v2/language/6/"
      },
      "version_group": {
        "name": "sword-shield",
        "url": "https://pokeapi.co/api/v2/version-group/20/"
      }
    },
    {
      "flavor_text": "El atacante rueda contra el objetivo durante cinco \nturnos, cada vez con mayor fuerza.",
      "language": {
        "name": "es",
        "url": "https://pokeapi.co/api/v2/language/7/"
      },
      "version_group": {
        "name": "sword-shield",
        "url": "https://pokeapi.co/api/v2/version-group/20/"
      }
    },
    {
      "flavor_text": "Chi la usa colpisce il bersaglio rotolando\nper cinque turni, con aumento progressivo\ndella potenza ogni volta che va a segno.",
      "language": {
        "name": "it",
        "url": "https://pokeapi.co/api/v2/language/8/"
      },
      "version_group": {
        "name": "sword-shield",
        "url": "https://pokeapi.co/api/v2/version-group/20/"
      }
    },
    {
      "flavor_text": "The user continually rolls into the target over five\nturns. It becomes more powerful each time it hits.",
      "language": {
        "name": "en",
        "url": "https://pokeapi.co/api/v2/language/9/"
      },
      "version_group": {
        "name": "sword-shield",
        "url": "https://pokeapi.co/api/v2/version-group/20/"
      }
    },
    {
      "flavor_text": "\uff15\u30bf\u30fc\u30f3\u306e\u3000\u9593\u3000\u8ee2\u304c\u308a\u7d9a\u3051\u3066\n\u653b\u6483\u3059\u308b\u3002\u3000\u6280\u304c\u3000\u5f53\u305f\u308b\u305f\u3073\u306b\n\u5a01\u529b\u304c\u3000\u3042\u304c\u308b\u3002",
      "language": {
        "name": "ja",
        "url": "https://pokeapi.co/api/v2/language/11/"
      },
      "version_group": {
        "name": "sword-shield",
        "url": "https://pokeapi.co/api/v2/version-group/20/"
      }
    },
    {
      "flavor_text": "\u5728\uff15\u56de\u5408\u5185\u8fde\u7eed\u6eda\u52a8\u653b\u51fb\u5bf9\u624b\u3002\n\u62db\u5f0f\u6bcf\u6b21\u51fb\u4e2d\uff0c\u5a01\u529b\u5c31\u4f1a\u63d0\u9ad8\u3002",
      "language": {
        "name": "zh-Hans",
        "url": "https://pokeapi.co/api/v2/language/12/"
      },
      "version_group": {
        "name": "sword-shield",
        "url": "https://pokeapi.co/api/v2/version-group/20/"
      }
    },
    {
      "flavor_text": "The user rolls into the target to deal damage, then becomes fixated on using this move.",
      "language": {
        "name": "en",
        "url": "https://pokeapi.co/api/v2/language/9/"
      },
      "version_group": {
        "name": "legends-arceus",
        "url": "https://pokeapi.co/api/v2/version-group/24/"
      }
    },
    {
      "flavor_text": "The user continually rolls into the target over five turns. This attack becomes more powerful each time it hits.",
      "language": {
        "name": "en",
        "url": "https://pokeapi.co/api/v2/language/9/"
      },
      "version_group": {
        "name": "scarlet-violet",
        "url": "https://pokeapi.co/api/v2/version-group/25/"
      }
    }
  ],
  "generation": {
    "name": "generation-ii",
    "url": "https://pokeapi.co/api/v2/generation/2/"
  },
  "id": 205,
  "learned_by_pokemon": [
    {
      "name": "squirtle",
      "url": "https://pokeapi.co/api/v2/pokemon/7/"
    },
    {
      "name": "wartortle",
      "url": "https://pokeapi.co/api/v2/pokemon/8/"
    },
    {
      "name": "blastoise",
      "url": "https://pokeapi.co/api/v2/pokemon/9/"
    },
    {
      "name": "pikachu",
      "url": "https://pokeapi.co/api/v2/pokemon/25/"
    },
    {
      "name": "raichu",
      "url": "https://pokeapi.co/api/v2/pokemon/26/"
    },
    {
      "name": "sandshrew",
      "url": "https://pokeapi.co/api/v2/pokemon/27/"
    },
    {
      "name": "sandslash",
      "url": "https://pokeapi.co/api/v2/pokemon/28/"
    },
    {
      "name": "clefairy",
      "url": "https://pokeapi.co/api/v2/pokemon/35/"
    },
    {
      "name": "clefable",
      "url": "https://pokeapi.co/api/v2/pokemon/36/"
    },
    {
      "name": "jigglypuff",
      "url": "https://pokeapi.co/api/v2/pokemon/39/"
    },
    {
      "name": "wigglytuff",
      "url": "https://pokeapi.co/api/v2/pokemon/40/"
    },
    {
      "name": "geodude",
      "url": "https://pokeapi.co/api/v2/pokemon/74/"
    },
    {
      "name": "graveler",
      "url": "https://pokeapi.co/api/v2/pokemon/75/"
    },
    {
      "name": "golem",
      "url": "https://pokeapi.co/api/v2/pokemon/76/"
    },
    {
      "name": "magnemite",
      "url": "https://pokeapi.co/api/v2/pokemon/81/"
    },
    {
      "name": "magneton",
      "url": "https://pokeapi.co/api/v2/pokemon/82/"
    },
    {
      "name": "onix",
      "url": "https://pokeapi.co/api/v2/pokemon/95/"
    },
    {
      "name": "voltorb",
      "url": "https://pokeapi.co/api/v2/pokemon/100/"
    },
    {
      "name": "electrode",
      "url": "https://pokeapi.co/api/v2/pokemon/101/"
    },
    {
      "name": "exeggcute",
      "url": "https://pokeapi.co/api/v2/pokemon/102/"
    },
    {
      "name": "exeggutor",
      "url": "https://pokeapi.co/api/v2/pokemon/103/"
    },
    {
      "name": "lickitung",
      "url": "https://pokeapi.co/api/v2/pokemon/108/"
    },
    {
      "name": "koffing",
      "url": "https://pokeapi.co/api/v2/pokemon/109/"
    },
    {
      "name": "weezing",
      "url": "https://pokeapi.co/api/v2/pokemon/110/"
    },
    {
      "name": "rhyhorn",
      "url": "https://pokeapi.co/api/v2/pokemon/111/"
    },
    {
      "name": "rhydon",
      "url": "https://pokeapi.co/api/v2/pokemon/112/"
    },
    {
      "name": "chansey",
      "url": "https://pokeapi.co/api/v2/pokemon/113/"
    },
    {
      "name": "staryu",
      "url": "https://pokeapi.co/api/v2/pokemon/120/"
    },
    {
      "name": "starmie",
      "url": "https://pokeapi.co/api/v2/pokemon/121/"
    },
    {
      "name": "omanyte",
      "url": "https://pokeapi.co/api/v2/pokemon/138/"
    },
    {
      "name": "omastar",
      "url": "https://pokeapi.co/api/v2/pokemon/139/"
    },
    {
      "name": "kabuto",
      "url": "https://pokeapi.co/api/v2/pokemon/140/"
    },
    {
      "name": "kabutops",
      "url": "https://pokeapi.co/api/v2/pokemon/141/"
    },
    {
      "name": "snorlax",
      "url": "https://pokeapi.co/api/v2/pokemon/143/"
    },
    {
      "name": "mew",
      "url": "https://pokeapi.co/api/v2/pokemon/151/"
    },
    {
      "name": "cyndaquil",
      "url": "https://pokeapi.co/api/v2/pokemon/155/"
    },
    {
      "name": "quilava",
      "url": "https://pokeapi.co/api/v2/pokemon/156/"
    },
    {
      "name": "typhlosion",
      "url": "https://pokeapi.co/api/v2/pokemon/157/"
    },
    {
      "name": "sentret",
      "url": "https://pokeapi.co/api/v2/pokemon/161/"
    },
    {
      "name": "furret",
      "url": "https://pokeapi.co/api/v2/pokemon/162/"
    },
    {
      "name": "ledyba",
      "url": "https://pokeapi.co/api/v2/pokemon/165/"
    },
    {
      "name": "ledian",
      "url": "https://pokeapi.co/api/v2/pokemon/166/"
    },
    {
      "name": "pichu",
      "url": "https://pokeapi.co/api/v2/pokemon/172/"
    },
    {
      "name": "cleffa",
      "url": "https://pokeapi.co/api/v2/pokemon/173/"
    },
    {
      "name": "igglybuff",
      "url": "https://pokeapi.co/api/v2/pokemon/174/"
    },
    {
      "name": "togepi",
      "url": "https://pokeapi.co/api/v2/pokemon/175/"
    },
    {
      "name": "togetic",
      "url": "https://pokeapi.co/api/v2/pokemon/176/"
    },
    {
      "name": "marill",
      "url": "https://pokeapi.co/api/v2/pokemon/183/"
    },
    {
      "name": "azumarill",
      "url": "https://pokeapi.co/api/v2/pokemon/184/"
    },
    {
      "name": "sudowoodo",
      "url": "https://pokeapi.co/api/v2/pokemon/185/"
    },
    {
      "name": "wooper",
      "url": "https://pokeapi.co/api/v2/pokemon/194/"
    },
    {
      "name": "quagsire",
      "url": "https://pokeapi.co/api/v2/pokemon/195/"
    },
    {
      "name": "pineco",
      "url": "https://pokeapi.co/api/v2/pokemon/204/"
    },
    {
      "name": "forretress",
      "url": "https://pokeapi.co/api/v2/pokemon/205/"
    },
    {
      "name": "dunsparce",
      "url": "https://pokeapi.co/api/v2/pokemon/206/"
    },
    {
      "name": "steelix",
      "url": "https://pokeapi.co/api/v2/pokemon/208/"
    },
    {
      "name": "qwilfish",
      "url": "https://pokeapi.co/api/v2/pokemon/211/"
    },
    {
      "name": "shuckle",
      "url": "https://pokeapi.co/api/v2/pokemon/213/"
    },
    {
      "name": "teddiursa",
      "url": "https://pokeapi.co/api/v2/pokemon/216/"
    },
    {
      "name": "ursaring",
      "url": "https://pokeapi.co/api/v2/pokemon/217/"
    },
    {
      "name": "slugma",
      "url": "https://pokeapi.co/api/v2/pokemon/218/"
    },
    {
      "name": "magcargo",
      "url": "https://pokeapi.co/api/v2/pokemon/219/"
    },
    {
      "name": "corsola",
      "url": "https://pokeapi.co/api/v2/pokemon/222/"
    },
    {
      "name": "delibird",
      "url": "https://pokeapi.co/api/v2/pokemon/225/"
    },
    {
      "name": "phanpy",
      "url": "https://pokeapi.co/api/v2/pokemon/231/"
    },
    {
      "name": "donphan",
      "url": "https://pokeapi.co/api/v2/pokemon/232/"
    },
    {
      "name": "hitmontop",
      "url": "https://pokeapi.co/api/v2/pokemon/237/"
    },
    {
      "name": "miltank",
      "url": "https://pokeapi.co/api/v2/pokemon/241/"
    },
    {
      "name": "blissey",
      "url": "https://pokeapi.co/api/v2/pokemon/242/"
    },
    {
      "name": "mudkip",
      "url": "https://pokeapi.co/api/v2/pokemon/258/"
    },
    {
      "name": "marshtomp",
      "url": "https://pokeapi.co/api/v2/pokemon/259/"
    },
    {
      "name": "swampert",
      "url": "https://pokeapi.co/api/v2/pokemon/260/"
    },
    {
      "name": "zigzagoon",
      "url": "https://pokeapi.co/api/v2/pokemon/263/"
    },
    {
      "name": "linoone",
      "url": "https://pokeapi.co/api/v2/pokemon/264/"
    },
    {
      "name": "seedot",
      "url": "https://pokeapi.co/api/v2/pokemon/273/"
    },
    {
      "name": "nuzleaf",
      "url": "https://pokeapi.co/api/v2/pokemon/274/"
    },
    {
      "name": "shiftry",
      "url": "https://pokeapi.co/api/v2/pokemon/275/"
    },
    {
      "name": "whismur",
      "url": "https://pokeapi.co/api/v2/pokemon/293/"
    },
    {
      "name": "loudred",
      "url": "https://pokeapi.co/api/v2/pokemon/294/"
    },
    {
      "name": "exploud",
      "url": "https://pokeapi.co/api/v2/pokemon/295/"
    },
    {
      "name": "azurill",
      "url": "https://pokeapi.co/api/v2/pokemon/298/"
    },
    {
      "name": "nosepass",
      "url": "https://pokeapi.co/api/v2/pokemon/299/"
    },
    {
      "name": "skitty",
      "url": "https://pokeapi.co/api/v2/pokemon/300/"
    },
    {
      "name": "delcatty",
      "url": "https://pokeapi.co/api/v2/pokemon/301/"
    },
    {
      "name": "aron",
      "url": "https://pokeapi.co/api/v2/pokemon/304/"
    },
    {
      "name": "lairon",
      "url": "https://pokeapi.co/api/v2/pokemon/305/"
    },
    {
      "name": "aggron",
      "url": "https://pokeapi.co/api/v2/pokemon/306/"
    },
    {
      "name": "plusle",
      "url": "https://pokeapi.co/api/v2/pokemon/311/"
    },
    {
      "name": "minun",
      "url": "https://pokeapi.co/api/v2/pokemon/312/"
    },
    {
      "name": "gulpin",
      "url": "https://pokeapi.co/api/v2/pokemon/316/"
    },
    {
      "name": "swalot",
      "url": "https://pokeapi.co/api/v2/pokemon/317/"
    },
    {
      "name": "wailmer",
      "url": "https://pokeapi.co/api/v2/pokemon/320/"
    },
    {
      "name": "wailord",
      "url": "https://pokeapi.co/api/v2/pokemon/321/"
    },
    {
      "name": "numel",
      "url": "https://pokeapi.co/api/v2/pokemon/322/"
    },
    {
      "name": "camerupt",
      "url": "https://pokeapi.co/api/v2/pokemon/323/"
    },
    {
      "name": "torkoal",
      "url": "https://pokeapi.co/api/v2/pokemon/324/"
    },
    {
      "name": "spinda",
      "url": "https://pokeapi.co/api/v2/pokemon/327/"
    },
    {
      "name": "zangoose",
      "url": "https://pokeapi.co/api/v2/pokemon/335/"
    },
    {
      "name": "lunatone",
      "url": "https://pokeapi.co/api/v2/pokemon/337/"
    },
    {
      "name": "solrock",
      "url": "https://pokeapi.co/api/v2/pokemon/338/"
    },
    {
      "name": "kecleon",
      "url": "https://pokeapi.co/api/v2/pokemon/352/"
    },
    {
      "name": "chimecho",
      "url": "https://pokeapi.co/api/v2/pokemon/358/"
    },
    {
      "name": "snorunt",
      "url": "https://pokeapi.co/api/v2/pokemon/361/"
    },
    {
      "name": "glalie",
      "url": "https://pokeapi.co/api/v2/pokemon/362/"
    },
    {
      "name": "spheal",
      "url": "https://pokeapi.co/api/v2/pokemon/363/"
    },
    {
      "name": "sealeo",
      "url": "https://pokeapi.co/api/v2/pokemon/364/"
    },
    {
      "name": "walrein",
      "url": "https://pokeapi.co/api/v2/pokemon/365/"
    },
    {
      "name": "shelgon",
      "url": "https://pokeapi.co/api/v2/pokemon/372/"
    },
    {
      "name": "salamence",
      "url": "https://pokeapi.co/api/v2/pokemon/373/"
    },
    {
      "name": "metang",
      "url": "https://pokeapi.co/api/v2/pokemon/375/"
    },
    {
      "name": "metagross",
      "url": "https://pokeapi.co/api/v2/pokemon/376/"
    },
    {
      "name": "regirock",
      "url": "https://pokeapi.co/api/v2/pokemon/377/"
    },
    {
      "name": "regice",
      "url": "https://pokeapi.co/api/v2/pokemon/378/"
    },
    {
      "name": "registeel",
      "url": "https://pokeapi.co/api/v2/pokemon/379/"
    },
    {
      "name": "groudon",
      "url": "https://pokeapi.co/api/v2/pokemon/383/"
    },
    {
      "name": "chimchar",
      "url": "https://pokeapi.co/api/v2/pokemon/390/"
    },
    {
      "name": "monferno",
      "url": "https://pokeapi.co/api/v2/pokemon/391/"
    },
    {
      "name": "infernape",
      "url": "https://pokeapi.co/api/v2/pokemon/392/"
    },
    {
      "name": "bidoof",
      "url": "https://pokeapi.co/api/v2/pokemon/399/"
    },
    {
      "name": "bibarel",
      "url": "https://pokeapi.co/api/v2/pokemon/400/"
    },
    {
      "name": "pachirisu",
      "url": "https://pokeapi.co/api/v2/pokemon/417/"
    },
    {
      "name": "cherubi",
      "url": "https://pokeapi.co/api/v2/pokemon/420/"
    },
    {
      "name": "cherrim",
      "url": "https://pokeapi.co/api/v2/pokemon/421/"
    },
    {
      "name": "drifloon",
      "url": "https://pokeapi.co/api/v2/pokemon/425/"
    },
    {
      "name": "drifblim",
      "url": "https://pokeapi.co/api/v2/pokemon/426/"
    },
    {
      "name": "purugly",
      "url": "https://pokeapi.co/api/v2/pokemon/432/"
    },
    {
      "name": "chingling",
      "url": "https://pokeapi.co/api/v2/pokemon/433/"
    },
    {
      "name": "bronzor",
      "url": "https://pokeapi.co/api/v2/pokemon/436/"
    },
    {
      "name": "bronzong",
      "url": "https://pokeapi.co/api/v2/pokemon/437/"
    },
    {
      "name": "bonsly",
      "url": "https://pokeapi.co/api/v2/pokemon/438/"
    },
    {
      "name": "happiny",
      "url": "https://pokeapi.co/api/v2/pokemon/440/"
    },
    {
      "name": "munchlax",
      "url": "https://pokeapi.co/api/v2/pokemon/446/"
    },
    {
      "name": "magnezone",
      "url": "https://pokeapi.co/api/v2/pokemon/462/"
    },
    {
      "name": "lickilicky",
      "url": "https://pokeapi.co/api/v2/pokemon/463/"
    },
    {
      "name": "rhyperior",
      "url": "https://pokeapi.co/api/v2/pokemon/464/"
    },
    {
      "name": "togekiss",
      "url": "https://pokeapi.co/api/v2/pokemon/468/"
    },
    {
      "name": "probopass",
      "url": "https://pokeapi.co/api/v2/pokemon/476/"
    },
    {
      "name": "froslass",
      "url": "https://pokeapi.co/api/v2/pokemon/478/"
    },
    {
      "name": "tepig",
      "url": "https://pokeapi.co/api/v2/pokemon/498/"
    },
    {
      "name": "pignite",
      "url": "https://pokeapi.co/api/v2/pokemon/499/"
    },
    {
      "name": "emboar",
      "url": "https://pokeapi.co/api/v2/pokemon/500/"
    },
    {
      "name": "venipede",
      "url": "https://pokeapi.co/api/v2/pokemon/543/"
    },
    {
      "name": "whirlipede",
      "url": "https://pokeapi.co/api/v2/pokemon/544/"
    },
    {
      "name": "scolipede",
      "url": "https://pokeapi.co/api/v2/pokemon/545/"
    },
    {
      "name": "darumaka",
      "url": "https://pokeapi.co/api/v2/pokemon/554/"
    },
    {
      "name": "darmanitan-standard",
      "url": "https://pokeapi.co/api/v2/pokemon/555/"
    },
    {
      "name": "tirtouga",
      "url": "https://pokeapi.co/api/v2/pokemon/564/"
    },
    {
      "name": "carracosta",
      "url": "https://pokeapi.co/api/v2/pokemon/565/"
    },
    {
      "name": "trubbish",
      "url": "https://pokeapi.co/api/v2/pokemon/568/"
    },
    {
      "name": "solosis",
      "url": "https://pokeapi.co/api/v2/pokemon/577/"
    },
    {
      "name": "duosion",
      "url": "https://pokeapi.co/api/v2/pokemon/578/"
    },
    {
      "name": "reuniclus",
      "url": "https://pokeapi.co/api/v2/pokemon/579/"
    },
    {
      "name": "foongus",
      "url": "https://pokeapi.co/api/v2/pokemon/590/"
    },
    {
      "name": "ferroseed",
      "url": "https://pokeapi.co/api/v2/pokemon/597/"
    },
    {
      "name": "ferrothorn",
      "url": "https://pokeapi.co/api/v2/pokemon/598/"
    },
    {
      "name": "golett",
      "url": "https://pokeapi.co/api/v2/pokemon/622/"
    },
    {
      "name": "golurk",
      "url": "https://pokeapi.co/api/v2/pokemon/623/"
    },
    {
      "name": "chespin",
      "url": "https://pokeapi.co/api/v2/pokemon/650/"
    },
    {
      "name": "quilladin",
      "url": "https://pokeapi.co/api/v2/pokemon/651/"
    },
    {
      "name": "chesnaught",
      "url": "https://pokeapi.co/api/v2/pokemon/652/"
    },
    {
      "name": "bunnelby",
      "url": "https://pokeapi.co/api/v2/pokemon/659/"
    },
    {
      "name": "skiddo",
      "url": "https://pokeapi.co/api/v2/pokemon/672/"
    },
    {
      "name": "stufful",
      "url": "https://pokeapi.co/api/v2/pokemon/759/"
    },
    {
      "name": "wimpod",
      "url": "https://pokeapi.co/api/v2/pokemon/767/"
    },
    {
      "name": "minior-red-meteor",
      "url": "https://pokeapi.co/api/v2/pokemon/774/"
    },
    {
      "name": "komala",
      "url": "https://pokeapi.co/api/v2/pokemon/775/"
    },
    {
      "name": "togedemaru",
      "url": "https://pokeapi.co/api/v2/pokemon/777/"
    },
    {
      "name": "magearna",
      "url": "https://pokeapi.co/api/v2/pokemon/801/"
    },
    {
      "name": "skwovet",
      "url": "https://pokeapi.co/api/v2/pokemon/819/"
    },
    {
      "name": "applin",
      "url": "https://pokeapi.co/api/v2/pokemon/840/"
    },
    {
      "name": "sizzlipede",
      "url": "https://pokeapi.co/api/v2/pokemon/850/"
    },
    {
      "name": "cufant",
      "url": "https://pokeapi.co/api/v2/pokemon/878/"
    },
    {
      "name": "copperajah",
      "url": "https://pokeapi.co/api/v2/pokemon/879/"
    },
    {
      "name": "bramblin",
      "url": "https://pokeapi.co/api/v2/pokemon/946/"
    },
    {
      "name": "brambleghast",
      "url": "https://pokeapi.co/api/v2/pokemon/947/"
    },
    {
      "name": "capsakid",
      "url": "https://pokeapi.co/api/v2/pokemon/951/"
    },
    {
      "name": "rellor",
      "url": "https://pokeapi.co/api/v2/pokemon/953/"
    },
    {
      "name": "rabsca",
      "url": "https://pokeapi.co/api/v2/pokemon/954/"
    },
    {
      "name": "dudunsparce-two-segment",
      "url": "https://pokeapi.co/api/v2/pokemon/982/"
    },
    {
      "name": "great-tusk",
      "url": "https://pokeapi.co/api/v2/pokemon/984/"
    },
    {
      "name": "iron-treads",
      "url": "https://pokeapi.co/api/v2/pokemon/990/"
    },
    {
      "name": "dipplin",
      "url": "https://pokeapi.co/api/v2/pokemon/1011/"
    },
    {
      "name": "hydrapple",
      "url": "https://pokeapi.co/api/v2/pokemon/1019/"
    },
    {
      "name": "pecharunt",
      "url": "https://pokeapi.co/api/v2/pokemon/1025/"
    },
    {
      "name": "wormadam-sandy",
      "url": "https://pokeapi.co/api/v2/pokemon/10004/"
    },
    {
      "name": "darmanitan-zen",
      "url": "https://pokeapi.co/api/v2/pokemon/10017/"
    },
    {
      "name": "sandshrew-alola",
      "url": "https://pokeapi.co/api/v2/pokemon/10101/"
    },
    {
      "name": "sandslash-alola",
      "url": "https://pokeapi.co/api/v2/pokemon/10102/"
    },
    {
      "name": "geodude-alola",
      "url": "https://pokeapi.co/api/v2/pokemon/10109/"
    },
    {
      "name": "graveler-alola",
      "url": "https://pokeapi.co/api/v2/pokemon/10110/"
    },
    {
      "name": "minior-orange-meteor",
      "url": "https://pokeapi.co/api/v2/pokemon/10130/"
    },
    {
      "name": "minior-yellow-meteor",
      "url": "https://pokeapi.co/api/v2/pokemon/10131/"
    },
    {
      "name": "minior-green-meteor",
      "url": "https://pokeapi.co/api/v2/pokemon/10132/"
    },
    {
      "name": "minior-blue-meteor",
      "url": "https://pokeapi.co/api/v2/pokemon/10133/"
    },
    {
      "name": "minior-indigo-meteor",
      "url": "https://pokeapi.co/api/v2/pokemon/10134/"
    },
    {
      "name": "minior-violet-meteor",
      "url": "https://pokeapi.co/api/v2/pokemon/10135/"
    },
    {
      "name": "minior-red",
      "url": "https://pokeapi.co/api/v2/pokemon/10136/"
    },
    {
      "name": "minior-orange",
      "url": "https://pokeapi.co/api/v2/pokemon/10137/"
    },
    {
      "name": "minior-yellow",
      "url": "https://pokeapi.co/api/v2/pokemon/10138/"
    },
    {
      "name": "minior-green",
      "url": "https://pokeapi.co/api/v2/pokemon/10139/"
    },
    {
      "name": "minior-blue",
      "url": "https://pokeapi.co/api/v2/pokemon/10140/"
    },
    {
      "name": "minior-indigo",
      "url": "https://pokeapi.co/api/v2/pokemon/10141/"
    },
    {
      "name": "minior-violet",
      "url": "https://pokeapi.co/api/v2/pokemon/10142/"
    },
    {
      "name": "magearna-original",
      "url": "https://pokeapi.co/api/v2/pokemon/10147/"
    },
    {
      "name": "togedemaru-totem",
      "url": "https://pokeapi.co/api/v2/pokemon/10154/"
    },
    {
      "name": "voltorb-hisui",
      "url": "https://pokeapi.co/api/v2/pokemon/10231/"
    },
    {
      "name": "electrode-hisui",
      "url": "https://pokeapi.co/api/v2/pokemon/10232/"
    },
    {
      "name": "typhlosion-hisui",
      "url": "https://pokeapi.co/api/v2/pokemon/10233/"
    },
    {
      "name": "dudunsparce-three-segment",
      "url": "https://pokeapi.co/api/v2/pokemon/10255/"
    }
  ],
  "machines": [
    {
      "machine": {
        "url": "https://pokeapi.co/api/v2/machine/64/"
      },
      "version_group": {
        "name": "gold-silver",
        "url": "https://pokeapi.co/api/v2/version-group/3/"
      }
    },
    {
      "machine": {
        "url": "https://pokeapi.co/api/v2/machine/65/"
      },
      "version_group": {
        "name": "crystal",
        "url": "https://pokeapi.co/api/v2/version-group/4/"
      }
    }
  ],
  "meta": {
    "ailment": {
      "name": "none",
      "url": "https://pokeapi.co/api/v2/move-ailment/0/"
    },
    "ailment_chance": 0,
    "category": {
      "name": "damage",
      "url": "https://pokeapi.co/api/v2/move-category/0/"
    },
    "crit_rate": 0,
    "drain": 0,
    "flinch_chance": 0,
    "healing": 0,
    "max_hits": null,
    "max_turns": null,
    "min_hits": null,
    "min_turns": null,
    "stat_chance": 0
  },
  "name": "rollout",
  "names": [
    {
      "language": {
        "name": "ja-Hrkt",
        "url": "https://pokeapi.co/api/v2/language/1/"
      },
      "name": "\u3053\u308d\u304c\u308b"
    },
    {
      "language": {
        "name": "ko",
        "url": "https://pokeapi.co/api/v2/language/3/"
      },
      "name": "\uad6c\ub974\uae30"
    },
    {
      "language": {
        "name": "zh-Hant",
        "url": "https://pokeapi.co/api/v2/language/4/"
      },
      "name": "\u6efe\u52d5"
    },
    {
      "language": {
        "name": "fr",
        "url": "https://pokeapi.co/api/v2/language/5/"
      },
      "name": "Roulade"
    },
    {
      "language": {
        "name": "de",
        "url": "https://pokeapi.co/api/v2/language/6/"
      },
      "name": "Walzer"
    },
    {
      "language": {
        "name": "es",
        "url": "https://pokeapi.co/api/v2/language/7/"
      },
      "name": "Rodar"
    },
    {
      "language": {
        "name": "it",
        "url": "https://pokeapi.co/api/v2/language/8/"
      },
      "name": "Rotolamento"
    },
    {
      "language": {
        "name": "en",
        "url": "https://pokeapi.co/api/v2/language/9/"
      },
      "name": "Rollout"
    },
    {
      "language": {
        "name": "ja",
        "url": "https://pokeapi.co/api/v2/language/11/"
      },
      "name": "\u3053\u308d\u304c\u308b"
    },
    {
      "language": {
        "name": "zh-Hans",
        "url": "https://pokeapi.co/api/v2/language/12/"
      },
      "name": "\u6eda\u52a8"
    }
  ],
  "past_values": [],
  "power": 30,
  "pp": 20,
  "priority": 0,
  "stat_changes": [],
  "super_contest_effect": {
    "url": "https://pokeapi.co/api/v2/super-contest-effect/7/"
  },
  "target": {
    "name": "selected-pokemon",
    "url": "https://pokeapi.co/api/v2/move-target/10/"
  },
  "type": {
    "name": "rock",
    "url": "https://pokeapi.co/api/v2/type/6/"
  }
}