{
  "accuracy": 100,
  "contest_combos": {
    "normal": {
      "use_after": [
        {
          "name": "growth",
          "url": "https://pokeapi.co/api/v2/move/74/"
        }
      ],
      "use_before": null
    },
    "super": {
      "use_after": null,
      "use_before": null
    }
  },
  "contest_effect": {
    "url": "https://pokeapi.co/api/v2/contest-effect/14/"
  },
  "contest_type": {
    "name": "cool",
    "url": "https://pokeapi.co/api/v2/contest-type/1/"
  },
  "damage_class": {
    "name": "physical",
    "url": "https://pokeapi.co/api/v2/move-damage-class/2/"
  },
  "effect_chance": null,
  "effect_changes": [],
  "effect_entries": [
    {
      "effect": "Inflicts regular damage.  Hits 2\u20135 times in one turn.\n\nHas a 3/8 chance each to hit 2 or 3 times, and a 1/8 chance each to hit 4 or 5 times.  Averages to 3 hits per use.",
      "language": {
        "name": "en",
        "url": "https://pokeapi.co/api/v2/language/9/"
      },
      "short_effect": "Hits 2-5 times in one turn."
    }
  ],
  "flavor_text_entries": [
    {
      "flavor_text": "Shoots 2 to 5 seeds in a row\nto strike the foe.",
      "language": {
        "name": "en",
        "url": "https://pokeapi.co/api/v2/language/9/"
      },
      "version_group": {
        "name": "ruby-sapphire",
        "url": "https://pokeapi.co/api/v2/version-group/5/"
      }
    },
    {
      "flavor_text": "Shoots 2 to 5 seeds in a row\nto strike the foe.",
      "language": {
        "name": "en",
        "url": "https://pokeapi.co/api/v2/language/9/"
      },
      "version_group": {
        "name": "emerald",
        "url": "https://pokeapi.co/api/v2/version-group/6/"
      }
    },
    {
      "flavor_text": "The user shoots\nseeds at the foe.\nTwo to five seeds\nare shot at once.",
      "language": {
        "name": "en",
        "url": "https://pokeapi.co/api/v2/language/9/"
      },
      "version_group": {
        "name": "firered-leafgreen",
        "url": "https://pokeapi.co/api/v2/version-group/7/"
      }
    },
    {
      "flavor_text": "The user forcefully\nshoots seeds at the\nfoe. Two to five\nseeds are shot in\nrapid succession.",
      "language": {
        "name": "en",
        "url": "https://pokeapi.co/api/v2/language/9/"
      },
      "version_group": {
        "name": "diamond-pearl",
        "url": "https://pokeapi.co/api/v2/version-group/8/"
      }
    },
    {
      "flavor_text": "The user forcefully\nshoots seeds at the\nfoe. Two to five\nseeds are shot in\nrapid succession.",
      "language": {
        "name": "en",
        "url": "https://pokeapi.co/api/v2/language/9/"
      },
      "version_group": {
        "name": "platinum",
        "url": "https://pokeapi.co/api/v2/version-group/9/"
      }
    },
    {
      "flavor_text": "The user forcefully\nshoots seeds at the\nfoe. Two to five\nseeds are shot in\nrapid succession.",
      "language": {
        "name": "en",
        "url": "https://pokeapi.co/api/v2/language/9/"
      },
      "version_group": {
        "name": "heartgold-soulsilver",
        "url": "https://pokeapi.co/api/v2/version-group/10/"
      }
    },
    {
      "flavor_text": "Le lanceur mitraille l\u2019ennemi avec une\nrafale de graines. De 2 \u00e0 5 rafales sont\nlanc\u00e9es \u00e0 la suite.",
      "language": {
        "name": "fr",
        "url": "https://pokeapi.co/api/v2/language/5/"
      },
      "version_group": {
        "name": "black-white",
        "url": "https://pokeapi.co/api/v2/version-group/11/"
      }
    },
    {
      "flavor_text": "The user forcefully shoots seeds at the\ntarget. Two to five seeds are shot in\nrapid succession.",
      "language": {
        "name": "en",
        "url": "https://pokeapi.co/api/v2/language/9/"
      },
      "version_group": {
        "name": "black-white",
        "url": "https://pokeapi.co/api/v2/version-group/11/"
      }
    },
    {
      "flavor_text": "The user forcefully shoots seeds at the\ntarget. Two to five seeds are shot in\nrapid succession.",
      "language": {
        "name": "en",
        "url": "https://pokeapi.co/api/v2/language/9/"
      },
      "version_group": {
        "name": "black-2-white-2",
        "url": "https://pokeapi.co/api/v2/version-group/14/"
      }
    },
    {
      "flavor_text": "\u30bf\u30cd\u3092\u3000\u3044\u304d\u304a\u3044\u3088\u304f\n\u3042\u3044\u3066\u306b\u3000\u306f\u3063\u3057\u3083\u3057\u3066\u3000\u3053\u3046\u3052\u304d\u3059\u308b\u3002\n\uff12\u30fc\uff15\u304b\u3044\u306e\u3000\u3042\u3044\u3060\u3000\u308c\u3093\u305e\u304f\u3067\u3000\u3060\u3059\u3002",
      "language": {
        "name": "ja-Hrkt",
        "url": "https://pokeapi.co/api/v2/language/1/"
      },
      "version_group": {
        "name": "x-y",
        "url": "https://pokeapi.co/api/v2/version-group/15/"
      }
    },
    {
      "flavor_text": "\uc528\uc557\uc744 \uae30\uc138 \uc88b\uac8c\n\uc0c1\ub300\uc5d0\uac8c \ubc1c\uc0ac\ud558\uc5ec \uacf5\uaca9\ud55c\ub2e4.\n2-5\ud68c \ub3d9\uc548 \uc5f0\uc18d\uc73c\ub85c \uc4f4\ub2e4.",
      "language": {
        "name": "ko",
        "url": "https://pokeapi.co/api/v2/language/3/"
      },
      "version_group": {
        "name": "x-y",
        "url": "https://pokeapi.co/api/v2/version-group/15/"
      }
    },
    {
      "flavor_text": "Le lanceur mitraille l\u2019ennemi avec une rafale de\ngraines. De deux \u00e0 cinq rafales sont lanc\u00e9es \u00e0\nla suite.",
      "language": {
        "name": "fr",
        "url": "https://pokeapi.co/api/v2/language/5/"
      },
      "version_group": {
        "name": "x-y",
        "url": "https://pokeapi.co/api/v2/version-group/15/"
      }
    },
    {
      "flavor_text": "Der Anwender wirft zwei- bis f\u00fcnfmal\nin rascher Folge Samen auf das Ziel.",
      "language": {
        "name": "de",
        "url": "https://pokeapi.co/api/v2/language/6/"
      },
      "version_group": {
        "name": "x-y",
        "url": "https://pokeapi.co/api/v2/version-group/15/"
      }
    },
    {
      "flavor_text": "Dispara r\u00e1pido de dos a cinco r\u00e1fagas de semillas\nde manera consecutiva.",
      "language": {
        "name": "es",
        "url": "https://pokeapi.co/api/v2/language/7/"
      },
      "version_group": {
        "name": "x-y",
        "url": "https://pokeapi.co/api/v2/version-group/15/"
      }
    },
    {
      "flavor_text": "Chi la usa spara da due a cinque raffiche di semi\ncontro il bersaglio in successione.",
      "language": {
        "name": "it",
        "url": "https://pokeapi.co/api/v2/language/8/"
      },
      "version_group": {
        "name": "x-y",
        "url": "https://pokeapi.co/api/v2/version-group/15/"
      }
    },
    {
      "flavor_text": "The user forcefully shoots seeds at the\ntarget two to five times in a row.",
      "language": {
        "name": "en",
        "url": "https://pokeapi.co/api/v2/language/9/"
      },
      "version_group": {
        "name": "x-y",
        "url": "https://pokeapi.co/api/v2/version-group/15/"
      }
    },
    {
      "flavor_text": "\u30bf\u30cd\u3092\u3000\u52e2\u3044\u3088\u304f\n\u76f8\u624b\u306b\u3000\u767a\u5c04\u3057\u3066\u3000\u653b\u6483\u3059\u308b\u3002\n\uff12\u30fc\uff15\u56de\u306e\u3000\u3042\u3044\u3060\u3000\u9023\u7d9a\u3067\u3000\u3060\u3059\u3002",
      "language": {
        "name": "ja",
        "url": "https://pokeapi.co/api/v2/language/11/"
      },
      "version_group": {
        "name": "x-y",
        "url": "https://pokeapi.co/api/v2/version-group/15/"
      }
    },
    {
      "flavor_text": "\u30bf\u30cd\u3092\u3000\u3044\u304d\u304a\u3044\u3088\u304f\n\u3042\u3044\u3066\u306b\u3000\u306f\u3063\u3057\u3083\u3057\u3066\u3000\u3053\u3046\u3052\u304d\u3059\u308b\u3002\n\uff12\u30fc\uff15\u304b\u3044\u306e\u3000\u3042\u3044\u3060\u3000\u308c\u3093\u305e\u304f\u3067\u3000\u3060\u3059\u3002",
      "language": {
        "name": "ja-Hrkt",
        "url": "https://pokeapi.co/api/v2/language/1/"
      },
      "version_group": {
        "name": "omega-ruby-alpha-sapphire",
        "url": "https://pokeapi.co/api/v2/version-group/16/"
      }
    },
    {
      "flavor_text": "\uc528\uc557\uc744 \uae30\uc138 \uc88b\uac8c\n\uc0c1\ub300\uc5d0\uac8c \ubc1c\uc0ac\ud558\uc5ec \uacf5\uaca9\ud55c\ub2e4.\n2-5\ud68c \ub3d9\uc548 \uc5f0\uc18d\uc73c\ub85c \uc4f4\ub2e4.",
      "language": {
        "name": "ko",
        "url": "https://pokeapi.co/api/v2/language/3/"
      },
      "version_group": {
        "name": "omega-ruby-alpha-sapphire",
        "url": "https://pokeapi.co/api/v2/version-group/16/"
      }
    },
    {
      "flavor_text": "Le lanceur mitraille l\u2019ennemi avec une rafale de\ngraines. De deux \u00e0 cinq rafales sont lanc\u00e9es \u00e0\nla suite.",
      "language": {
        "name": "fr",
        "url": "https://pokeapi.co/api/v2/language/5/"
      },
      "version_group": {
        "name": "omega-ruby-alpha-sapphire",
        "url": "https://pokeapi.co/api/v2/version-group/16/"
      }
    },
    {
      "flavor_text": "Der Anwender wirft zwei- bis f\u00fcnfmal\nin rascher Folge Samen auf das Ziel.",
      "language": {
        "name": "de",
        "url": "https://pokeapi.co/api/v2/language/6/"
      },
      "version_group": {
        "name": "omega-ruby-alpha-sapphire",
        "url": "https://pokeapi.co/api/v2/version-group/16/"
      }
    },
    {
      "flavor_text": "Dispara r\u00e1pido de dos a cinco r\u00e1fagas de semillas \nde manera consecutiva.",
      "language": {
        "name": "es",
        "url": "https://pokeapi.co/api/v2/language/7/"
      },
      "version_group": {
        "name": "omega-ruby-alpha-sapphire",
        "url": "https://pokeapi.co/api/v2/version-group/16/"
      }
    },
    {
      "flavor_text": "Chi la usa spara da due a cinque raffiche di semi\ncontro il bersaglio in successione.",
      "language": {
        "name": "it",
        "url": "https://pokeapi.co/api/v2/language/8/"
      },
      "version_group": {
        "name": "omega-ruby-alpha-sapphire",
        "url": "https://pokeapi.co/api/v2/version-group/16/"
      }
    },
    {
      "flavor_text": "The user forcefully shoots seeds at the\ntarget two to five times in a row.",
      "language": {
        "name": "en",
        "url": "https://pokeapi.co/api/v2/language/9/"
      },
      "version_group": {
        "name": "omega-ruby-alpha-sapphire",
        "url": "https://pokeapi.co/api/v2/version-group/16/"
      }
    },
    {
      "flavor_text": "\u30bf\u30cd\u3092\u3000\u52e2\u3044\u3088\u304f\n\u76f8\u624b\u306b\u3000\u767a\u5c04\u3057\u3066\u3000\u653b\u6483\u3059\u308b\u3002\n\uff12\u30fc\uff15\u56de\u306e\u3000\u3042\u3044\u3060\u3000\u9023\u7d9a\u3067\u3000\u3060\u3059\u3002",
      "language": {
        "name": "ja",
        "url": "https://pokeapi.co/api/v2/language/11/"
      },
      "version_group": {
        "name": "omega-ruby-alpha-sapphire",
        "url": "https://pokeapi.co/api/v2/version-group/16/"
      }
    },
    {
      "flavor_text": "\u30bf\u30cd\u3092\u3000\u3044\u304d\u304a\u3044\u3088\u304f\n\u3042\u3044\u3066\u306b\u3000\u306f\u3063\u3057\u3083\u3057\u3066\u3000\u3053\u3046\u3052\u304d\u3059\u308b\u3002\n\uff12\u30fc\uff15\u304b\u3044\u306e\u3000\u3042\u3044\u3060\u3000\u308c\u3093\u305e\u304f\u3067\u3000\u3060\u3059\u3002",
      "language": {
        "name": "ja-Hrkt",
        "url": "https://pokeapi.co/api/v2/language/1/"
      },
      "version_group": {
        "name": "sun-moon",
        "url": "https://pokeapi.co/api/v2/version-group/17/"
      }
    },
    {
      "flavor_text": "\uc528\uc557\uc744 \uae30\uc138 \uc88b\uac8c\n\uc0c1\ub300\uc5d0\uac8c \ubc1c\uc0ac\ud558\uc5ec \uacf5\uaca9\ud55c\ub2e4.\n2-5\ud68c \ub3d9\uc548 \uc5f0\uc18d\uc73c\ub85c \uc4f4\ub2e4.",
      "language": {
        "name": "ko",
        "url": "https://pokeapi.co/api/v2/language/3/"
      },
      "version_group": {
        "name": "sun-moon",
        "url": "https://pokeapi.co/api/v2/version-group/17/"
      }
    },
    {
      "flavor_text": "\u5411\u5c0d\u624b\u731b\u70c8\u5730\n\u767c\u5c04\u7a2e\u5b50\u9032\u884c\u653b\u64ca\u3002\n\u9023\u7e8c\u653b\u64ca\uff12\uff5e\uff15\u6b21\u3002",
      "language": {
        "name": "zh-Hant",
        "url": "https://pokeapi.co/api/v2/language/4/"
      },
      "version_group": {
        "name": "sun-moon",
        "url": "https://pokeapi.co/api/v2/version-group/17/"
      }
    },
    {
      "flavor_text": "Le lanceur mitraille l\u2019ennemi avec une rafale de\ngraines. De deux \u00e0 cinq rafales sont lanc\u00e9es \u00e0\nla suite.",
      "language": {
        "name": "fr",
        "url": "https://pokeapi.co/api/v2/language/5/"
      },
      "version_group": {
        "name": "sun-moon",
        "url": "https://pokeapi.co/api/v2/version-group/17/"
      }
    },
    {
      "flavor_text": "Der Anwender wirft zwei- bis f\u00fcnfmal in rascher\nFolge Samen auf das Ziel.",
      "language": {
        "name": "de",
        "url": "https://pokeapi.co/api/v2/language/6/"
      },
      "version_group": {
        "name": "sun-moon",
        "url": "https://pokeapi.co/api/v2/version-group/17/"
      }
    },
    {
      "flavor_text": "Dispara r\u00e1pido de dos a cinco r\u00e1fagas de semillas \nde manera consecutiva.",
      "language": {
        "name": "es",
        "url": "https://pokeapi.co/api/v2/language/7/"
      },
      "version_group": {
        "name": "sun-moon",
        "url": "https://pokeapi.co/api/v2/version-group/17/"
      }
    },
    {
      "flavor_text": "Chi la usa spara da due a cinque raffiche di semi\ncontro il bersaglio in successione.",
      "language": {
        "name": "it",
        "url": "https://pokeapi.co/api/v2/language/8/"
      },
      "version_group": {
        "name": "sun-moon",
        "url": "https://pokeapi.co/api/v2/version-group/17/"
      }
    },
    {
      "flavor_text": "The user forcefully shoots seeds at the target two\nto five times in a row.",
      "language": {
        "name": "en",
        "url": "https://pokeapi.co/api/v2/language/9/"
      },
      "version_group": {
        "name": "sun-moon",
        "url": "https://pokeapi.co/api/v2/version-group/17/"
      }
    },
    {
      "flavor_text": "\u30bf\u30cd\u3092\u3000\u52e2\u3044\u3088\u304f\n\u76f8\u624b\u306b\u3000\u767a\u5c04\u3057\u3066\u3000\u653b\u6483\u3059\u308b\u3002\n\uff12\u30fc\uff15\u56de\u306e\u3000\u9593\u3000\u9023\u7d9a\u3067\u3000\u3060\u3059\u3002",
      "language": {
        "name": "ja",
        "url": "https://pokeapi.co/api/v2/language/11/"
      },
      "version_group": {
        "name": "sun-moon",
        "url": "https://pokeapi.co/api/v2/version-group/17/"
      }
    },
    {
      "flavor_text": "\u5411\u5bf9\u624b\u731b\u70c8\u5730\n\u53d1\u5c04\u79cd\u5b50\u8fdb\u884c\u653b\u51fb\u3002\n\u8fde\u7eed\u653b\u51fb\uff12\uff5e\uff15\u6b21\u3002",
      "language": {
        "name": "zh-Hans",
        "url": "https://pokeapi.co/api/v2/language/12/"
      },
      "version_group": {
        "name": "sun-moon",
        "url": "https://pokeapi.co/api/v2/version-group/17/"
      }
    },
    {
      "flavor_text": "\u30bf\u30cd\u3092\u3000\u3044\u304d\u304a\u3044\u3088\u304f\n\u3042\u3044\u3066\u306b\u3000\u306f\u3063\u3057\u3083\u3057\u3066\u3000\u3053\u3046\u3052\u304d\u3059\u308b\u3002\n\uff12\u30fc\uff15\u304b\u3044\u306e\u3000\u3042\u3044\u3060\u3000\u308c\u3093\u305e\u304f\u3067\u3000\u3060\u3059\u3002",
      "language": {
        "name": "ja-Hrkt",
        "url": "https://pokeapi.co/api/v2/language/1/"
      },
      "version_group": {
        "name": "ultra-sun-ultra-moon",
        "url": "https://pokeapi.co/api/v2/version-group/18/"
      }
    },
    {
      "flavor_text": "\uc528\uc557\uc744 \uae30\uc138 \uc88b\uac8c\n\uc0c1\ub300\uc5d0\uac8c \ubc1c\uc0ac\ud558\uc5ec \uacf5\uaca9\ud55c\ub2e4.\n2-5\ud68c \ub3d9\uc548 \uc5f0\uc18d\uc73c\ub85c \uc4f4\ub2e4.",
      "language": {
        "name": "ko",
        "url": "https://pokeapi.co/api/v2/language/3/"
      },
      "version_group": {
        "name": "ultra-sun-ultra-moon",
        "url": "https://pokeapi.co/api/v2/version-group/18/"
      }
    },
    {
      "flavor_text": "\u5411\u5c0d\u624b\u731b\u70c8\u5730\n\u767c\u5c04\u7a2e\u5b50\u9032\u884c\u653b\u64ca\u3002\n\u9023\u7e8c\u653b\u64ca\uff12\uff5e\uff15\u6b21\u3002",
      "language": {
        "name": "zh-Hant",
        "url": "https://pokeapi.co/api/v2/language/4/"
      },
      "version_group": {
        "name": "ultra-sun-ultra-moon",
        "url": "https://pokeapi.co/api/v2/version-group/18/"
      }
    },
    {
      "flavor_text": "Le lanceur mitraille l\u2019ennemi avec une rafale de\ngraines. De deux \u00e0 cinq rafales sont lanc\u00e9es \u00e0\nla suite.",
      "language": {
        "name": "fr",
        "url": "https://pokeapi.co/api/v2/language/5/"
      },
      "version_group": {
        "name": "ultra-sun-ultra-moon",
        "url": "https://pokeapi.co/api/v2/version-group/18/"
      }
    },
    {
      "flavor_text": "Der Anwender wirft zwei- bis f\u00fcnfmal in rascher\nFolge Samen auf das Ziel.",
      "language": {
        "name": "de",
        "url": "https://pokeapi.co/api/v2/language/6/"
      },
      "version_group": {
        "name": "ultra-sun-ultra-moon",
        "url": "https://pokeapi.co/api/v2/version-group/18/"
      }
    },
    {
      "flavor_text": "Dispara r\u00e1pido de dos a cinco r\u00e1fagas de semillas \nde manera consecutiva.",
      "language": {
        "name": "es",
        "url": "https://pokeapi.co/api/v2/language/7/"
      },
      "version_group": {
        "name": "ultra-sun-ultra-moon",
        "url": "https://pokeapi.co/api/v2/version-group/18/"
      }
    },
    {
      "flavor_text": "Chi la usa spara da due a cinque raffiche di semi\ncontro il bersaglio in successione.",
      "language": {
        "name": "it",
        "url": "https://pokeapi.co/api/v2/language/8/"
      },
      "version_group": {
        "name": "ultra-sun-ultra-moon",
        "url": "https://pokeapi.co/api/v2/version-group/18/"
      }
    },
    {
      "flavor_text": "The user forcefully shoots seeds at the target two\nto five times in a row.",
      "language": {
        "name": "en",
        "url": "https://pokeapi.co/api/v2/language/9/"
      },
      "version_group": {
        "name": "ultra-sun-ultra-moon",
        "url": "https://pokeapi.co/api/v2/version-group/18/"
      }
    },
    {
      "flavor_text": "\u30bf\u30cd\u3092\u3000\u52e2\u3044\u3088\u304f\n\u76f8\u624b\u306b\u3000\u767a\u5c04\u3057\u3066\u3000\u653b\u6483\u3059\u308b\u3002\n\uff12\u30fc\uff15\u56de\u306e\u3000\u9593\u3000\u9023\u7d9a\u3067\u3000\u3060\u3059\u3002",
      "language": {
        "name": "ja",
        "url": "https://pokeapi.co/api/v2/language/11/"
      },
      "version_group": {
        "name": "ultra-sun-ultra-moon",
        "url": "https://pokeapi.co/api/v2/version-group/18/"
      }
    },
    {
      "flavor_text": "\u5411\u5bf9\u624b\u731b\u70c8\u5730\n\u53d1\u5c04\u79cd\u5b50\u8fdb\u884c\u653b\u51fb\u3002\n\u8fde\u7eed\u653b\u51fb\uff12\uff5e\uff15\u6b21\u3002",
      "language": {
        "name": "zh-Hans",
        "url": "https://pokeapi.co/api/v2/language/12/"
      },
      "version_group": {
        "name": "ultra-sun-ultra-moon",
        "url": "https://pokeapi.co/api/v2/version-group/18/"
      }
    },
    {
      "flavor_text": "\u30bf\u30cd\u3092\u3000\u3044\u304d\u304a\u3044\u3088\u304f\n\u3042\u3044\u3066\u306b\u3000\u306f\u3063\u3057\u3083\u3057\u3066\u3000\u3053\u3046\u3052\u304d\u3059\u308b\u3002\n\uff12\u30fc\uff15\u304b\u3044\u306e\u3000\u3042\u3044\u3060\u3000\u308c\u3093\u305e\u304f\u3067\u3000\u3060\u3059\u3002",
      "language": {
        "name": "ja-Hrkt",
        "url": "https://pokeapi.co/api/v2/language/1/"
      },
      "version_group": {
        "name": "lets-go-pikachu-lets-go-eevee",
        "url": "https://pokeapi.co/api/v2/version-group/19/"
      }
    },
    {
      "flavor_text": "\uc528\uc557\uc744 \uae30\uc138 \uc88b\uac8c\n\uc0c1\ub300\uc5d0\uac8c \ubc1c\uc0ac\ud558\uc5ec \uacf5\uaca9\ud55c\ub2e4.\n2-5\ud68c \ub3d9\uc548 \uc5f0\uc18d\uc73c\ub85c \uc4f4\ub2e4.",
      "language": {
        "name": "ko",
        "url": "https://pokeapi.co/api/v2/language/3/"
      },
      "version_group": {
        "name": "lets-go-pikachu-lets-go-eevee",
        "url": "https://pokeapi.co/api/v2/version-group/19/"
      }
    },
    {
      "flavor_text": "\u5411\u5c0d\u624b\u731b\u70c8\u5730\n\u767c\u5c04\u7a2e\u5b50\u9032\u884c\u653b\u64ca\u3002\n\u9023\u7e8c\u653b\u64ca\uff12\uff5e\uff15\u6b21\u3002",
      "language": {
        "name": "zh-Hant",
        "url": "https://pokeapi.co/api/v2/language/4/"
      },
      "version_group": {
        "name": "lets-go-pikachu-lets-go-eevee",
        "url": "https://pokeapi.co/api/v2/version-group/19/"
      }
    },
    {
      "flavor_text": "Le lanceur mitraille l\u2019ennemi avec une rafale de graines.\nDe deux \u00e0 cinq rafales sont lanc\u00e9es \u00e0 la suite.",
      "language": {
        "name": "fr",
        "url": "https://pokeapi.co/api/v2/language/5/"
      },
      "version_group": {
        "name": "lets-go-pikachu-lets-go-eevee",
        "url": "https://pokeapi.co/api/v2/version-group/19/"
      }
    },
    {
      "flavor_text": "Der Anwender wirft zwei- bis f\u00fcnfmal in rascher\nFolge Samen auf das Ziel.",
      "language": {
        "name": "de",
        "url": "https://pokeapi.co/api/v2/language/6/"
      },
      "version_group": {
        "name": "lets-go-pikachu-lets-go-eevee",
        "url": "https://pokeapi.co/api/v2/version-group/19/"
      }
    },
    {
      "flavor_text": "Dispara r\u00e1pido de dos a cinco r\u00e1fagas de semillas \nde manera consecutiva.",
      "language": {
        "name": "es",
        "url": "https://pokeapi.co/api/v2/language/7/"
      },
      "version_group": {
        "name": "lets-go-pikachu-lets-go-eevee",
        "url": "https://pokeapi.co/api/v2/version-group/19/"
      }
    },
    {
      "flavor_text": "Chi la usa spara da due a cinque raffiche di semi\ncontro il bersaglio in successione.",
      "language": {
        "name": "it",
        "url": "https://pokeapi.co/api/v2/language/8/"
      },
      "version_group": {
        "name": "lets-go-pikachu-lets-go-eevee",
        "url": "https://pokeapi.co/api/v2/version-group/19/"
      }
    },
    {
      "flavor_text": "The user forcefully shoots seeds at the target two\nto five times in a row.",
      "language": {
        "name": "en",
        "url": "https://pokeapi.co/api/v2/language/9/"
      },
      "version_group": {
        "name": "lets-go-pikachu-lets-go-eevee",
        "url": "https://pokeapi.co/api/v2/version-group/19/"
      }
    },
    {
      "flavor_text": "\u30bf\u30cd\u3092\u3000\u52e2\u3044\u3088\u304f\n\u76f8\u624b\u306b\u3000\u767a\u5c04\u3057\u3066\u3000\u653b\u6483\u3059\u308b\u3002\n\uff12\u30fc\uff15\u56de\u306e\u3000\u9593\u3000\u9023\u7d9a\u3067\u3000\u3060\u3059\u3002",
      "language": {
        "name": "ja",
        "url": "https://pokeapi.co/api/v2/language/11/"
      },
      "version_group": {
        "name": "lets-go-pikachu-lets-go-eevee",
        "url": "https://pokeapi.co/api/v2/version-group/19/"
      }
    },
    {
      "flavor_text": "\u5411\u5bf9\u624b\u731b\u70c8\u5730\n\u53d1\u5c04\u79cd\u5b50\u8fdb\u884c\u653b\u51fb\u3002\n\u8fde\u7eed\u653b\u51fb\uff12\uff5e\uff15\u6b21\u3002",
      "language": {
        "name": "zh-Hans",
        "url": "https://pokeapi.co/api/v2/language/12/"
      },
      "version_group": {
        "name": "lets-go-pikachu-lets-go-eevee",
        "url": "https://pokeapi.co/api/v2/version-group/19/"
      }
    },
    {
      "flavor_text": "\u30bf\u30cd\u3092\u3000\u3044\u304d\u304a\u3044\u3088\u304f\n\u3042\u3044\u3066\u306b\u3000\u306f\u3063\u3057\u3083\u3057\u3066\u3000\u3053\u3046\u3052\u304d\u3059\u308b\u3002\n\uff12\u30fc\uff15\u304b\u3044\u306e\u3000\u3042\u3044\u3060\u3000\u308c\u3093\u305e\u304f\u3067\u3000\u3060\u3059\u3002",
      "language": {
        "name": "ja-Hrkt",
        "url": "https://pokeapi.co/api/v2/language/1/"
      },
      "version_group": {
        "name": "sword-shield",
        "url": "https://pokeapi.co/api/v2/version-group/20/"
      }
    },
    {
      "flavor_text": "\uc528\uc557\uc744 \uae30\uc138 \uc88b\uac8c\n\uc0c1\ub300\uc5d0\uac8c \ubc1c\uc0ac\ud558\uc5ec \uacf5\uaca9\ud55c\ub2e4.\n2-5\ud68c \ub3d9\uc548 \uc5f0\uc18d\uc73c\ub85c \uc4f4\ub2e4.",
      "language": {
        "name": "ko",
        "url": "https://pokeapi.co/api/v2/language/3/"
      },
      "version_group": {
        "name": "sword-shield",
        "url": "https://pokeapi.co/api/v2/version-group/20/"
      }
    },
    {
      "flavor_text": "\u5411\u5c0d\u624b\u731b\u70c8\u5730\n\u767c\u5c04\u7a2e\u5b50\u9032\u884c\u653b\u64ca\u3002\n\u9023\u7e8c\u653b\u64ca\uff12\uff5e\uff15\u6b21\u3002",
      "language": {
        "name": "zh-Hant",
        "url": "https://pokeapi.co/api/v2/language/4/"
      },
      "version_group": {
        "name": "sword-shield",
        "url": "https://pokeapi.co/api/v2/version-group/20/"
      }
    },
    {
      "flavor_text": "Le lanceur mitraille l\u2019ennemi avec une rafale de graines.\nDe deux \u00e0 cinq rafales sont lanc\u00e9es \u00e0 la suite.",
      "language": {
        "name": "fr",
        "url": "https://pokeapi.co/api/v2/language/5/"
      },
      "version_group": {
        "name": "sword-shield",
        "url": "https://pokeapi.co/api/v2/version-group/20/"
      }
    },
    {
      "flavor_text": "Der Anwender wirft zwei- bis f\u00fcnfmal in rascher Folge\nSamen auf das Ziel.",
      "language": {
        "name": "de",
        "url": "https://pokeapi.co/api/v2/language/6/"
      },
      "version_group": {
        "name": "sword-shield",
        "url": "https://pokeapi.co/api/v2/version-group/20/"
      }
    },
    {
      "flavor_text": "Dispara r\u00e1pido de dos a cinco r\u00e1fagas de semillas de\nmanera consecutiva.",
      "language": {
        "name": "es",
        "url": "https://pokeapi.co/api/v2/language/7/"
      },
      "version_group": {
        "name": "sword-shield",
        "url": "https://pokeapi.co/api/v2/version-group/20/"
      }
    },
    {
      "flavor_text": "Chi la usa spara da due a cinque raffiche di semi\ncontro il bersaglio in successione.",
      "language": {
        "name": "it",
        "url": "https://pokeapi.co/api/v2/language/8/"
      },
      "version_group": {
        "name": "sword-shield",
        "url": "https://pokeapi.co/api/v2/version-group/20/"
      }
    },
    {
      "flavor_text": "The user forcefully shoots seeds at the target two\nto five times in a row.",
      "language": {
        "name": "en",
        "url": "https://pokeapi.co/api/v2/language/9/"
      },
      "version_group": {
        "name": "sword-shield",
        "url": "https://pokeapi.co/api/v2/version-group/20/"
      }
    },
    {
      "flavor_text": "\u30bf\u30cd\u3092\u3000\u52e2\u3044\u3088\u304f\n\u76f8\u624b\u306b\u3000\u767a\u5c04\u3057\u3066\u3000\u653b\u6483\u3059\u308b\u3002\n\uff12\u30fc\uff15\u56de\u306e\u3000\u9593\u3000\u9023\u7d9a\u3067\u3000\u3060\u3059\u3002",
      "language": {
        "name": "ja",
        "url": "https://pokeapi.co/api/v2/language/11/"
      },
      "version_group": {
        "name": "sword-shield",
        "url": "https://pokeapi.co/api/v2/version-group/20/"
      }
    },
    {
      "flavor_text": "\u5411\u5bf9\u624b\u731b\u70c8\u5730\n\u53d1\u5c04\u79cd\u5b50\u8fdb\u884c\u653b\u51fb\u3002\n\u8fde\u7eed\u653b\u51fb\uff12\uff5e\uff15\u6b21\u3002",
      "language": {
        "name": "zh-Hans",
        "url": "https://pokeapi.co/api/v2/language/12/"
      },
      "version_group": {
        "name": "sword-shield",
        "url": "https://pokeapi.co/api/v2/version-group/20/"
      }
    },
    {
      "flavor_text": "The user forcefully shoots seeds at the target two to five times in a row.",
      "language": {
        "name": "en",
        "url": "https://pokeapi.co/api/v2/language/9/"
      },
      "version_group": {
        "name": "legends-arceus",
        "url": "https://pokeapi.co/api/v2/version-group/24/"
      }
    },
    {
      "flavor_text": "The user attacks by forcefully shooting seeds at the target. This move hits two to five times in a row.",
      "language": {
        "name": "en",
        "url": "https://pokeapi.co/api/v2/language/9/"
      },
      "version_group": {
        "name": "scarlet-violet",
        "url": "https://pokeapi.co/api/v2/version-group/25/"
      }
    }
  ],
  "generation": {
    "name": "generation-iii",
    "url": "https://pokeapi.co/api/v2/generation/3/"
  },
  "id": 331,
  "learned_by_pokemon": [
    {
      "name": "bulbasaur",
      "url": "https://pokeapi.co/api/v2/pokemon/1/"
    },
    {
      "name": "ivysaur",
      "url": "https://pokeapi.co/api/v2/pokemon/2/"
    },
    {
      "name": "venusaur",
      "url": "https://pokeapi.co/api/v2/pokemon/3/"
    },
    {
      "name": "oddish",
      "url": "https://pokeapi.co/api/v2/pokemon/43/"
    },
    {
      "name": "gloom",
      "url": "https://pokeapi.co/api/v2/pokemon/44/"
    },
    {
      "name": "vileplume",
      "url": "https://pokeapi.co/api/v2/pokemon/45/"
    },
    {
      "name": "paras",
      "url": "https://pokeapi.co/api/v2/pokemon/46/"
    },
    {
      "name": "parasect",
      "url": "https://pokeapi.co/api/v2/pokemon/47/"
    },
    {
      "name": "bellsprout",
      "url": "https://pokeapi.co/api/v2/pokemon/69/"
    },
    {
      "name": "weepinbell",
      "url": "https://pokeapi.co/api/v2/pokemon/70/"
    },
    {
      "name": "victreebel",
      "url": "https://pokeapi.co/api/v2/pokemon/71/"
    },
    {
      "name": "exeggcute",
      "url": "https://pokeapi.co/api/v2/pokemon/102/"
    },
    {
      "name": "exeggutor",
      "url": "https://pokeapi.co/api/v2/pokemon/103/"
    },
    {
      "name": "tangela",
      "url": "https://pokeapi.co/api/v2/pokemon/114/"
    },
    {
      "name": "mew",
      "url": "https://pokeapi.co/api/v2/pokemon/151/"
    },
    {
      "name": "chikorita",
      "url": "https://pokeapi.co/api/v2/pokemon/152/"
    },
    {
      "name": "bayleef",
      "url": "https://pokeapi.co/api/v2/pokemon/153/"
    },
    {
      "name": "meganium",
      "url": "https://pokeapi.co/api/v2/pokemon/154/"
    },
    {
      "name": "bellossom",
      "url": "https://pokeapi.co/api/v2/pokemon/182/"
    },
    {
      "name": "hoppip",
      "url": "https://pokeapi.co/api/v2/pokemon/187/"
    },
    {
      "name": "skiploom",
      "url": "https://pokeapi.co/api/v2/pokemon/188/"
    },
    {
      "name": "jumpluff",
      "url": "https://pokeapi.co/api/v2/pokemon/189/"
    },
    {
      "name": "sunkern",
      "url": "https://pokeapi.co/api/v2/pokemon/191/"
    },
    {
      "name": "sunflora",
      "url": "https://pokeapi.co/api/v2/pokemon/192/"
    },
    {
      "name": "heracross",
      "url": "https://pokeapi.co/api/v2/pokemon/214/"
    },
    {
      "name": "remoraid",
      "url": "https://pokeapi.co/api/v2/pokemon/223/"
    },
    {
      "name": "octillery",
      "url": "https://pokeapi.co/api/v2/pokemon/224/"
    },
    {
      "name": "mantine",
      "url": "https://pokeapi.co/api/v2/pokemon/226/"
    },
    {
      "name": "treecko",
      "url": "https://pokeapi.co/api/v2/pokemon/252/"
    },
    {
      "name": "grovyle",
      "url": "https://pokeapi.co/api/v2/pokemon/253/"
    },
    {
      "name": "sceptile",
      "url": "https://pokeapi.co/api/v2/pokemon/254/"
    },
    {
      "name": "lotad",
      "url": "https://pokeapi.co/api/v2/pokemon/270/"
    },
    {
      "name": "lombre",
      "url": "https://pokeapi.co/api/v2/pokemon/271/"
    },
    {
      "name": "ludicolo",
      "url": "https://pokeapi.co/api/v2/pokemon/272/"
    },
    {
      "name": "seedot",
      "url": "https://pokeapi.co/api/v2/pokemon/273/"
    },
    {
      "name": "nuzleaf",
      "url": "https://pokeapi.co/api/v2/pokemon/274/"
    },
    {
      "name": "shiftry",
      "url": "https://pokeapi.co/api/v2/pokemon/275/"
    },
    {
      "name": "shroomish",
      "url": "https://pokeapi.co/api/v2/pokemon/285/"
    },
    {
      "name": "breloom",
      "url": "https://pokeapi.co/api/v2/pokemon/286/"
    },
    {
      "name": "roselia",
      "url": "https://pokeapi.co/api/v2/pokemon/315/"
    },
    {
      "name": "gulpin",
      "url": "https://pokeapi.co/api/v2/pokemon/316/"
    },
    {
      "name": "swalot",
      "url": "https://pokeapi.co/api/v2/pokemon/317/"
    },
    {
      "name": "cacnea",
      "url": "https://pokeapi.co/api/v2/pokemon/331/"
    },
    {
      "name": "cacturne",
      "url": "https://pokeapi.co/api/v2/pokemon/332/"
    },
    {
      "name": "lileep",
      "url": "https://pokeapi.co/api/v2/pokemon/345/"
    },
    {
      "name": "cradily",
      "url": "https://pokeapi.co/api/v2/pokemon/346/"
    },
    {
      "name": "tropius",
      "url": "https://pokeapi.co/api/v2/pokemon/357/"
    },
    {
      "name": "turtwig",
      "url": "https://pokeapi.co/api/v2/pokemon/387/"
    },
    {
      "name": "grotle",
      "url": "https://pokeapi.co/api/v2/pokemon/388/"
    },
    {
      "name": "torterra",
      "url": "https://pokeapi.co/api/v2/pokemon/389/"
    },
    {
      "name": "budew",
      "url": "https://pokeapi.co/api/v2/pokemon/406/"
    },
    {
      "name": "roserade",
      "url": "https://pokeapi.co/api/v2/pokemon/407/"
    },
    {
      "name": "wormadam-plant",
      "url": "https://pokeapi.co/api/v2/pokemon/413/"
    },
    {
      "name": "cherubi",
      "url": "https://pokeapi.co/api/v2/pokemon/420/"
    },
    {
      "name": "cherrim",
      "url": "https://pokeapi.co/api/v2/pokemon/421/"
    },
    {
      "name": "carnivine",
      "url": "https://pokeapi.co/api/v2/pokemon/455/"
    },
    {
      "name": "snover",
      "url": "https://pokeapi.co/api/v2/pokemon/459/"
    },
    {
      "name": "abomasnow",
      "url": "https://pokeapi.co/api/v2/pokemon/460/"
    },
    {
      "name": "tangrowth",
      "url": "https://pokeapi.co/api/v2/pokemon/465/"
    },
    {
      "name": "leafeon",
      "url": "https://pokeapi.co/api/v2/pokemon/470/"
    },
    {
      "name": "shaymin-land",
      "url": "https://pokeapi.co/api/v2/pokemon/492/"
    },
    {
      "name": "arceus",
      "url": "https://pokeapi.co/api/v2/pokemon/493/"
    },
    {
      "name": "snivy",
      "url": "https://pokeapi.co/api/v2/pokemon/495/"
    },
    {
      "name": "servine",
      "url": "https://pokeapi.co/api/v2/pokemon/496/"
    },
    {
      "name": "serperior",
      "url": "https://pokeapi.co/api/v2/pokemon/497/"
    },
    {
      "name": "patrat",
      "url": "https://pokeapi.co/api/v2/pokemon/504/"
    },
    {
      "name": "pansage",
      "url": "https://pokeapi.co/api/v2/pokemon/511/"
    },
    {
      "name": "leavanny",
      "url": "https://pokeapi.co/api/v2/pokemon/542/"
    },
    {
      "name": "petilil",
      "url": "https://pokeapi.co/api/v2/pokemon/548/"
    },
    {
      "name": "lilligant",
      "url": "https://pokeapi.co/api/v2/pokemon/549/"
    },
    {
      "name": "maractus",
      "url": "https://pokeapi.co/api/v2/pokemon/556/"
    },
    {
      "name": "minccino",
      "url": "https://pokeapi.co/api/v2/pokemon/572/"
    },
    {
      "name": "cinccino",
      "url": "https://pokeapi.co/api/v2/pokemon/573/"
    },
    {
      "name": "deerling",
      "url": "https://pokeapi.co/api/v2/pokemon/585/"
    },
    {
      "name": "sawsbuck",
      "url": "https://pokeapi.co/api/v2/pokemon/586/"
    },
    {
      "name": "foongus",
      "url": "https://pokeapi.co/api/v2/pokemon/590/"
    },
    {
      "name": "amoonguss",
      "url": "https://pokeapi.co/api/v2/pokemon/591/"
    },
    {
      "name": "ferroseed",
      "url": "https://pokeapi.co/api/v2/pokemon/597/"
    },
    {
      "name": "ferrothorn",
      "url": "https://pokeapi.co/api/v2/pokemon/598/"
    },
    {
      "name": "virizion",
      "url": "https://pokeapi.co/api/v2/pokemon/640/"
    },
    {
      "name": "chespin",
      "url": "https://pokeapi.co/api/v2/pokemon/650/"
    },
    {
      "name": "quilladin",
      "url": "https://pokeapi.co/api/v2/pokemon/651/"
    },
    {
      "name": "chesnaught",
      "url": "https://pokeapi.co/api/v2/pokemon/652/"
    },
    {
      "name": "skiddo",
      "url": "https://pokeapi.co/api/v2/pokemon/672/"
    },
    {
      "name": "gogoat",
      "url": "https://pokeapi.co/api/v2/pokemon/673/"
    },
    {
      "name": "pumpkaboo-average",
      "url": "https://pokeapi.co/api/v2/pokemon/710/"
    },
    {
      "name": "gourgeist-average",
      "url": "https://pokeapi.co/api/v2/pokemon/711/"
    },
    {
      "name": "rowlet",
      "url": "https://pokeapi.co/api/v2/pokemon/722/"
    },
    {
      "name": "dartrix",
      "url": "https://pokeapi.co/api/v2/pokemon/723/"
    },
    {
      "name": "decidueye",
      "url": "https://pokeapi.co/api/v2/pokemon/724/"
    },
    {
      "name": "pikipek",
      "url": "https://pokeapi.co/api/v2/pokemon/731/"
    },
    {
      "name": "trumbeak",
      "url": "https://pokeapi.co/api/v2/pokemon/732/"
    },
    {
      "name": "toucannon",
      "url": "https://pokeapi.co/api/v2/pokemon/733/"
    },
    {
      "name": "fomantis",
      "url": "https://pokeapi.co/api/v2/pokemon/753/"
    },
    {
      "name": "lurantis",
      "url": "https://pokeapi.co/api/v2/pokemon/754/"
    },
    {
      "name": "bounsweet",
      "url": "https://pokeapi.co/api/v2/pokemon/761/"
    },
    {
      "name": "steenee",
      "url": "https://pokeapi.co/api/v2/pokemon/762/"
    },
    {
      "name": "tsareena",
      "url": "https://pokeapi.co/api/v2/pokemon/763/"
    },
    {
      "name": "comfey",
      "url": "https://pokeapi.co/api/v2/pokemon/764/"
    },
    {
      "name": "tapu-bulu",
      "url": "https://pokeapi.co/api/v2/pokemon/787/"
    },
    {
      "name": "grookey",
      "url": "https://pokeapi.co/api/v2/pokemon/810/"
    },
    {
      "name": "thwackey",
      "url": "https://pokeapi.co/api/v2/pokemon/811/"
    },
    {
      "name": "rillaboom",
      "url": "https://pokeapi.co/api/v2/pokemon/812/"
    },
    {
      "name": "skwovet",
      "url": "https://pokeapi.co/api/v2/pokemon/819/"
    },
    {
      "name": "greedent",
      "url": "https://pokeapi.co/api/v2/pokemon/820/"
    },
    {
      "name": "gossifleur",
      "url": "https://pokeapi.co/api/v2/pokemon/829/"
    },
    {
      "name": "eldegoss",
      "url": "https://pokeapi.co/api/v2/pokemon/830/"
    },
    {
      "name": "flapple",
      "url": "https://pokeapi.co/api/v2/pokemon/841/"
    },
    {
      "name": "appletun",
      "url": "https://pokeapi.co/api/v2/pokemon/842/"
    },
    {
      "name": "morpeko-full-belly",
      "url": "https://pokeapi.co/api/v2/pokemon/877/"
    },
    {
      "name": "zarude",
      "url": "https://pokeapi.co/api/v2/pokemon/893/"
    },
    {
      "name": "calyrex",
      "url": "https://pokeapi.co/api/v2/pokemon/898/"
    },
    {
      "name": "sprigatito",
      "url": "https://pokeapi.co/api/v2/pokemon/906/"
    },
    {
      "name": "floragato",
      "url": "https://pokeapi.co/api/v2/pokemon/907/"
    },
    {
      "name": "meowscarada",
      "url": "https://pokeapi.co/api/v2/pokemon/908/"
    },
    {
      "name": "lechonk",
      "url": "https://pokeapi.co/api/v2/pokemon/915/"
    },
    {
      "name": "oinkologne-male",
      "url": "https://pokeapi.co/api/v2/pokemon/916/"
    },
    {
      "name": "tarountula",
      "url": "https://pokeapi.co/api/v2/pokemon/917/"
    },
    {
      "name": "spidops",
      "url": "https://pokeapi.co/api/v2/pokemon/918/"
    },
    {
      "name": "tandemaus",
      "url": "https://pokeapi.co/api/v2/pokemon/924/"
    },
    {
      "name": "maushold-family-of-four",
      "url": "https://pokeapi.co/api/v2/pokemon/925/"
    },
    {
      "name": "smoliv",
      "url": "https://pokeapi.co/api/v2/pokemon/928/"
    },
    {
      "name": "dolliv",
      "url": "https://pokeapi.co/api/v2/pokemon/929/"
    },
    {
      "name": "arboliva",
      "url": "https://pokeapi.co/api/v2/pokemon/930/"
    },
    {
      "name": "bramblin",
      "url": "https://pokeapi.co/api/v2/pokemon/946/"
    },
    {
      "name": "brambleghast",
      "url": "https://pokeapi.co/api/v2/pokemon/947/"
    },
    {
      "name": "toedscool",
      "url": "https://pokeapi.co/api/v2/pokemon/948/"
    },
    {
      "name": "toedscruel",
      "url": "https://pokeapi.co/api/v2/pokemon/949/"
    },
    {
      "name": "capsakid",
      "url": "https://pokeapi.co/api/v2/pokemon/951/"
    },
    {
      "name": "scovillain",
      "url": "https://pokeapi.co/api/v2/pokemon/952/"
    },
    {
      "name": "brute-bonnet",
      "url": "https://pokeapi.co/api/v2/pokemon/986/"
    },
    {
      "name": "wo-chien",
      "url": "https://pokeapi.co/api/v2/pokemon/1001/"
    },
    {
      "name": "dipplin",
      "url": "https://pokeapi.co/api/v2/pokemon/1011/"
    },
    {
      "name": "ogerpon",
      "url": "https://pokeapi.co/api/v2/pokemon/1017/"
    },
    {
      "name": "hydrapple",
      "url": "https://pokeapi.co/api/v2/pokemon/1019/"
    },
    {
      "name": "shaymin-sky",
      "url": "https://pokeapi.co/api/v2/pokemon/10006/"
    },
    {
      "name": "pumpkaboo-small",
      "url": "https://pokeapi.co/api/v2/pokemon/10027/"
    },
    {
      "name": "pumpkaboo-large",
      "url": "https://pokeapi.co/api/v2/pokemon/10028/"
    },
    {
      "name": "pumpkaboo-super",
      "url": "https://pokeapi.co/api/v2/pokemon/10029/"
    },
    {
      "name": "gourgeist-small",
      "url": "https://pokeapi.co/api/v2/pokemon/10030/"
    },
    {
      "name": "gourgeist-large",
      "url": "https://pokeapi.co/api/v2/pokemon/10031/"
    },
    {
      "name": "gourgeist-super",
      "url": "https://pokeapi.co/api/v2/pokemon/10032/"
    },
    {
      "name": "heracross-mega",
      "url": "https://pokeapi.co/api/v2/pokemon/10047/"
    },
    {
      "name": "exeggutor-alola",
      "url": "https://pokeapi.co/api/v2/pokemon/10114/"
    },
    {
      "name": "morpeko-hangry",
      "url": "https://pokeapi.co/api/v2/pokemon/10187/"
    },
    {
      "name": "zarude-dada",
      "url": "https://pokeapi.co/api/v2/pokemon/10192/"
    },
    {
      "name": "calyrex-ice",
      "url": "https://pokeapi.co/api/v2/pokemon/10193/"
    },
    {
      "name": "calyrex-shadow",
      "url": "https://pokeapi.co/api/v2/pokemon/10194/"
    },
    {
      "name": "voltorb-hisui",
      "url": "https://pokeapi.co/api/v2/pokemon/10231/"
    },
    {
      "name": "electrode-hisui",
      "url": "https://pokeapi.co/api/v2/pokemon/10232/"
    },
    {
      "name": "lilligant-hisui",
      "url": "https://pokeapi.co/api/v2/pokemon/10237/"
    },
    {
      "name": "decidueye-hisui",
      "url": "https://pokeapi.co/api/v2/pokemon/10244/"
    },
    {
      "name": "oinkologne-female",
      "url": "https://pokeapi.co/api/v2/pokemon/10254/"
    },
    {
      "name": "maushold-family-of-three",
      "url": "https://pokeapi.co/api/v2/pokemon/10257/"
    },
    {
      "name": "ogerpon-wellspring-mask",
      "url": "https://pokeapi.co/api/v2/pokemon/10273/"
    },
    {
      "name": "ogerpon-hearthflame-mask",
      "url": "https://pokeapi.co/api/v2/pokemon/10274/"
    },
    {
      "name": "ogerpon-cornerstone-mask",
      "url": "https://pokeapi.co/api/v2/pokemon/10275/"
    }
  ],
  "machines": [
    {
      "machine": {
        "url": "https://pokeapi.co/api/v2/machine/166/"
      },
      "version_group": {
        "name": "ruby-sapphire",
        "url": "https://pokeapi.co/api/v2/version-group/5/"
      }
    },
    {
      "machine": {
        "url": "https://pokeapi.co/api/v2/machine/167/"
      },
      "version_group": {
        "name": "emerald",
        "url": "https://pokeapi.co/api/v2/version-group/6/"
      }
    },
    {
      "machine": {
        "url": "https://pokeapi.co/api/v2/machine/168/"
      },
      "version_group": {
        "name": "firered-leafgreen",
        "url": "https://pokeapi.co/api/v2/version-group/7/"
      }
    },
    {
      "machine": {
        "url": "https://pokeapi.co/api/v2/machine/169/"
      },
      "version_group": {
        "name": "diamond-pearl",
        "url": "https://pokeapi.co/api/v2/version-group/8/"
      }
    },
    {
      "machine": {
        "url": "https://pokeapi.co/api/v2/machine/170/"
      },
      "version_group": {
        "name": "platinum",
        "url": "https://pokeapi.co/api/v2/version-group/9/"
      }
    },
    {
      "machine": {
        "url": "https://pokeapi.co/api/v2/machine/171/"
      },
      "version_group": {
        "name": "heartgold-soulsilver",
        "url": "https://pokeapi.co/api/v2/version-group/10/"
      }
    },
    {
      "machine": {
        "url": "https://pokeapi.co/api/v2/machine/173/"
      },
      "version_group": {
        "name": "colosseum",
        "url": "https://pokeapi.co/api/v2/version-group/12/"
      }
    },
    {
      "machine": {
        "url": "https://pokeapi.co/api/v2/machine/174/"
      },
      "version_group": {
        "name": "xd",
        "url": "https://pokeapi.co/api/v2/version-group/13/"
      }
    },
    {
      "machine": {
        "url": "https://pokeapi.co/api/v2/machine/1001/"
      },
      "version_group": {
        "name": "sword-shield",
        "url": "https://pokeapi.co/api/v2/version-group/20/"
      }
    },
    {
      "machine": {
        "url": "https://pokeapi.co/api/v2/machine/1761/"
      },
      "version_group": {
        "name": "scarlet-violet",
        "url": "https://pokeapi.co/api/v2/version-group/25/"
      }
    }
  ],
  "meta": {
    "ailment": {
      "name": "none",
      "url": "https://pokeapi.co/api/v2/move-ailment/0/"
    },
    "ailment_chance": 0,
    "category": {
      "name": "damage",
      "url": "https://pokeapi.co/api/v2/move-category/0/"
    },
    "crit_rate": 0,
    "drain": 0,
    "flinch_chance": 0,
    "healing": 0,
    "max_hits": 5,
    "max_turns": null,
    "min_hits": 2,
    "min_turns": null,
    "stat_chance": 0
  },
  "name": "bullet-seed",
  "names": [
    {
      "language": {
        "name": "ja-Hrkt",
        "url": "https://pokeapi.co/api/v2/language/1/"
      },
      "name": "\u30bf\u30cd\u30de\u30b7\u30f3\u30ac\u30f3"
    },
    {
      "language": {
        "name": "ko",
        "url": "https://pokeapi.co/api/v2/language/3/"
      },
      "name": "\uae30\uad00\ucd1d"
    },
    {
      "language": {
        "name": "zh-Hant",
        "url": "https://pokeapi.co/api/v2/language/4/"
      },
      "name": "\u7a2e\u5b50\u6a5f\u95dc\u69cd"
    },
    {
      "language": {
        "name": "fr",
        "url": "https://pokeapi.co/api/v2/language/5/"
      },
      "name": "Balle Graine"
    },
    {
      "language": {
        "name": "de",
        "url": "https://pokeapi.co/api/v2/language/6/"
      },
      "name": "Kugelsaat"
    },
    {
      "language": {
        "name": "es",
        "url": "https://pokeapi.co/api/v2/language/7/"
      },
      "name": "Semilladora"
    },
    {
      "language": {
        "name": "it",
        "url": "https://pokeapi.co/api/v2/language/8/"
      },
      "name": "Semitraglia"
    },
    {
      "language": {
        "name": "en",
        "url": "https://pokeapi.co/api/v2/language/9/"
      },
      "name": "Bullet Seed"
    },
    {
      "language": {
        "name": "ja",
        "url": "https://pokeapi.co/api/v2/language/11/"
      },
      "name": "\u30bf\u30cd\u30de\u30b7\u30f3\u30ac\u30f3"
    },
    {
      "language": {
        "name": "zh-Hans",
        "url": "https://pokeapi.co/api/v2/language/12/"
      },
      "name": "\u79cd\u5b50\u673a\u5173\u67aa"
    }
  ],
  "past_values": [
    {
      "accuracy": null,
      "effect_chance": null,
      "effect_entries": [],
      "power": 10,
      "pp": null,
      "type": null,
      "version_group": {
        "name": "black-white",
        "url": "https://pokeapi.co/api/v2/version-group/11/"
      }
    }
  ],
  "power": 25,
  "pp": 30,
  "priority": 0,
  "stat_changes": [],
  "super_contest_effect": {
    "url": "https://pokeapi.co/api/v2/super-contest-effect/7/"
  },
  "target": {
    "name": "selected-pokemon",
    "url": "https://pokeapi.co/api/v2/move-target/10/"
  },
  "type": {
    "name": "grass",
    "url": "https://pokeapi.co/api/v2/type/12/"
  }
}