{
  "accuracy": null,
  "contest_combos": null,
  "contest_effect": {
    "url": "https://pokeapi.co/api/v2/contest-effect/33/"
  },
  "contest_type": {
    "name": "smart",
    "url": "https://pokeapi.co/api/v2/contest-type/4/"
  },
  "damage_class": {
    "name": "status",
    "url": "https://pokeapi.co/api/v2/move-damage-class/1/"
  },
  "effect_chance": null,
  "effect_changes": [],
  "effect_entries": [
    {
      "effect": "Resets the target\u2019s evasion to normal and prevents any further boosting until the target leaves the field.  A ghost under this effect takes normal damage from normal and fighting moves.  This move itself ignores accuracy and evasion modifiers.",
      "language": {
        "name": "en",
        "url": "https://pokeapi.co/api/v2/language/9/"
      },
      "short_effect": "Forces the target to have no Evade, and allows it to be hit by Normal and Fighting moves even if it\u2019s a Ghost."
    }
  ],
  "flavor_text_entries": [
    {
      "flavor_text": "Negates accuracy\nreduction moves.",
      "language": {
        "name": "en",
        "url": "https://pokeapi.co/api/v2/language/9/"
      },
      "version_group": {
        "name": "gold-silver",
        "url": "https://pokeapi.co/api/v2/version-group/3/"
      }
    },
    {
      "flavor_text": "Negates accuracy\nreduction moves.",
      "language": {
        "name": "en",
        "url": "https://pokeapi.co/api/v2/language/9/"
      },
      "version_group": {
        "name": "crystal",
        "url": "https://pokeapi.co/api/v2/version-group/4/"
      }
    },
    {
      "flavor_text": "Negates the foe\u2019s efforts\nto heighten evasiveness.",
      "language": {
        "name": "en",
        "url": "https://pokeapi.co/api/v2/language/9/"
      },
      "version_group": {
        "name": "ruby-sapphire",
        "url": "https://pokeapi.co/api/v2/version-group/5/"
      }
    },
    {
      "flavor_text": "Negates the foe\u2019s efforts\nto heighten evasiveness.",
      "language": {
        "name": "en",
        "url": "https://pokeapi.co/api/v2/language/9/"
      },
      "version_group": {
        "name": "emerald",
        "url": "https://pokeapi.co/api/v2/version-group/6/"
      }
    },
    {
      "flavor_text": "Completely negates\nthe foe\u2019s efforts to\nheighten its ability\nto evade.",
      "language": {
        "name": "en",
        "url": "https://pokeapi.co/api/v2/language/9/"
      },
      "version_group": {
        "name": "firered-leafgreen",
        "url": "https://pokeapi.co/api/v2/version-group/7/"
      }
    },
    {
      "flavor_text": "Enables the user to\nhit a Ghost type with\nany type of move. It\nalso enables the user\nto hit an evasive foe.",
      "language": {
        "name": "en",
        "url": "https://pokeapi.co/api/v2/language/9/"
      },
      "version_group": {
        "name": "diamond-pearl",
        "url": "https://pokeapi.co/api/v2/version-group/8/"
      }
    },
    {
      "flavor_text": "Enables the user to\nhit a Ghost type with\nany type of move. It\nalso enables the user\nto hit an evasive foe.",
      "language": {
        "name": "en",
        "url": "https://pokeapi.co/api/v2/language/9/"
      },
      "version_group": {
        "name": "platinum",
        "url": "https://pokeapi.co/api/v2/version-group/9/"
      }
    },
    {
      "flavor_text": "Enables the user to\nhit a Ghost type with\nany type of move. It\nalso enables the user\nto hit an evasive foe.",
      "language": {
        "name": "en",
        "url": "https://pokeapi.co/api/v2/language/9/"
      },
      "version_group": {
        "name": "heartgold-soulsilver",
        "url": "https://pokeapi.co/api/v2/version-group/10/"
      }
    },
    {
      "flavor_text": "Permet de toucher un Pok\u00e9mon Spectre\navec n\u2019importe quelle capacit\u00e9 et de\ntoucher un ennemi insaisissable.",
      "language": {
        "name": "fr",
        "url": "https://pokeapi.co/api/v2/language/5/"
      },
      "version_group": {
        "name": "black-white",
        "url": "https://pokeapi.co/api/v2/version-group/11/"
      }
    },
    {
      "flavor_text": "Enables a Ghost-type target to be hit by\nNormal- and Fighting-type attacks. It also\nenables an evasive target to be hit.",
      "language": {
        "name": "en",
        "url": "https://pokeapi.co/api/v2/language/9/"
      },
      "version_group": {
        "name": "black-white",
        "url": "https://pokeapi.co/api/v2/version-group/11/"
      }
    },
    {
      "flavor_text": "Enables a Ghost-type target to be hit by\nNormal- and Fighting-type attacks. It also\nenables an evasive target to be hit.",
      "language": {
        "name": "en",
        "url": "https://pokeapi.co/api/v2/language/9/"
      },
      "version_group": {
        "name": "black-2-white-2",
        "url": "https://pokeapi.co/api/v2/version-group/14/"
      }
    },
    {
      "flavor_text": "\u30b4\u30fc\u30b9\u30c8\u30bf\u30a4\u30d7\u306b\u3000\u3053\u3046\u304b\u304c\u306a\u3044\u3000\u308f\u3056\u3084\n\u304b\u3044\u3072\u308a\u3064\u306e\u3000\u305f\u304b\u3044\u3000\u3042\u3044\u3066\u306b\n\u3053\u3046\u3052\u304d\u304c\u3000\u3042\u305f\u308b\u3088\u3046\u306b\u3000\u306a\u308b\u3002",
      "language": {
        "name": "ja-Hrkt",
        "url": "https://pokeapi.co/api/v2/language/1/"
      },
      "version_group": {
        "name": "x-y",
        "url": "https://pokeapi.co/api/v2/version-group/15/"
      }
    },
    {
      "flavor_text": "\uace0\uc2a4\ud2b8\ud0c0\uc785\uc5d0 \ud6a8\uacfc\uac00 \uc5c6\ub294 \uae30\uc220\uc774\ub098\n\ud68c\ud53c\uc728\uc774 \ub192\uc740 \uc0c1\ub300\ub77c \ud560\uc9c0\ub77c\ub3c4\n\uacf5\uaca9\uc774 \ub9de\uac8c \ub41c\ub2e4.",
      "language": {
        "name": "ko",
        "url": "https://pokeapi.co/api/v2/language/3/"
      },
      "version_group": {
        "name": "x-y",
        "url": "https://pokeapi.co/api/v2/version-group/15/"
      }
    },
    {
      "flavor_text": "Permet de toucher un Pok\u00e9mon Spectre avec\nn\u2019importe quelle capacit\u00e9 ou de toucher un\nennemi insaisissable.",
      "language": {
        "name": "fr",
        "url": "https://pokeapi.co/api/v2/language/5/"
      },
      "version_group": {
        "name": "x-y",
        "url": "https://pokeapi.co/api/v2/version-group/15/"
      }
    },
    {
      "flavor_text": "Erlaubt es, Geist-Pok\u00e9mon mit Normal-\nund Kampf-Attacken anzugreifen.\nIgnoriert den Fluchtwert des Zieles.",
      "language": {
        "name": "de",
        "url": "https://pokeapi.co/api/v2/language/6/"
      },
      "version_group": {
        "name": "x-y",
        "url": "https://pokeapi.co/api/v2/version-group/15/"
      }
    },
    {
      "flavor_text": "Permite atacar con cualquier movimiento a\nobjetivos de tipo Fantasma y golpear a Pok\u00e9mon\nevasivos.",
      "language": {
        "name": "es",
        "url": "https://pokeapi.co/api/v2/language/7/"
      },
      "version_group": {
        "name": "x-y",
        "url": "https://pokeapi.co/api/v2/version-group/15/"
      }
    },
    {
      "flavor_text": "Chi la usa rende i Pok\u00e9mon di tipo Spettro\nvulnerabili a qualsiasi tipo di mossa e pu\u00f2,\ninoltre, colpire i nemici sfuggenti.",
      "language": {
        "name": "it",
        "url": "https://pokeapi.co/api/v2/language/8/"
      },
      "version_group": {
        "name": "x-y",
        "url": "https://pokeapi.co/api/v2/version-group/15/"
      }
    },
    {
      "flavor_text": "Enables a Ghost-type target to be hit by\nNormal- and Fighting-type attacks. This also\nenables an evasive target to be hit.",
      "language": {
        "name": "en",
        "url": "https://pokeapi.co/api/v2/language/9/"
      },
      "version_group": {
        "name": "x-y",
        "url": "https://pokeapi.co/api/v2/version-group/15/"
      }
    },
    {
      "flavor_text": "\u30b4\u30fc\u30b9\u30c8\u30bf\u30a4\u30d7\u306b\u3000\u52b9\u679c\u304c\u306a\u3044\u3000\u6280\u3084\n\u56de\u907f\u7387\u306e\u3000\u9ad8\u3044\u3000\u76f8\u624b\u306b\n\u653b\u6483\u304c\u3000\u5f53\u305f\u308b\u3088\u3046\u306b\u3000\u306a\u308b\u3002",
      "language": {
        "name": "ja",
        "url": "https://pokeapi.co/api/v2/language/11/"
      },
      "version_group": {
        "name": "x-y",
        "url": "https://pokeapi.co/api/v2/version-group/15/"
      }
    },
    {
      "flavor_text": "\u30b4\u30fc\u30b9\u30c8\u30bf\u30a4\u30d7\u306b\u3000\u3053\u3046\u304b\u304c\u306a\u3044\u3000\u308f\u3056\u3084\n\u304b\u3044\u3072\u308a\u3064\u306e\u3000\u305f\u304b\u3044\u3000\u3042\u3044\u3066\u306b\n\u3053\u3046\u3052\u304d\u304c\u3000\u3042\u305f\u308b\u3088\u3046\u306b\u3000\u306a\u308b\u3002",
      "language": {
        "name": "ja-Hrkt",
        "url": "https://pokeapi.co/api/v2/language/1/"
      },
      "version_group": {
        "name": "omega-ruby-alpha-sapphire",
        "url": "https://pokeapi.co/api/v2/version-group/16/"
      }
    },
    {
      "flavor_text": "\uace0\uc2a4\ud2b8\ud0c0\uc785\uc5d0 \ud6a8\uacfc\uac00 \uc5c6\ub294 \uae30\uc220\uc774\ub098\n\ud68c\ud53c\uc728\uc774 \ub192\uc740 \uc0c1\ub300\ub77c \ud560\uc9c0\ub77c\ub3c4\n\uacf5\uaca9\uc774 \ub9de\uac8c \ub41c\ub2e4.",
      "language": {
        "name": "ko",
        "url": "https://pokeapi.co/api/v2/language/3/"
      },
      "version_group": {
        "name": "omega-ruby-alpha-sapphire",
        "url": "https://pokeapi.co/api/v2/version-group/16/"
      }
    },
    {
      "flavor_text": "Permet de toucher un Pok\u00e9mon Spectre avec\nn\u2019importe quelle capacit\u00e9 ou de toucher un\nennemi insaisissable.",
      "language": {
        "name": "fr",
        "url": "https://pokeapi.co/api/v2/language/5/"
      },
      "version_group": {
        "name": "omega-ruby-alpha-sapphire",
        "url": "https://pokeapi.co/api/v2/version-group/16/"
      }
    },
    {
      "flavor_text": "Erlaubt es, Geister-Pok\u00e9mon mit Normal-\nund Kampf-Attacken anzugreifen.\nIgnoriert den Fluchtwert des Zieles.",
      "language": {
        "name": "de",
        "url": "https://pokeapi.co/api/v2/language/6/"
      },
      "version_group": {
        "name": "omega-ruby-alpha-sapphire",
        "url": "https://pokeapi.co/api/v2/version-group/16/"
      }
    },
    {
      "flavor_text": "Permite atacar con cualquier movimiento a objetivos \nde tipo Fantasma y golpear a Pok\u00e9mon evasivos. ",
      "language": {
        "name": "es",
        "url": "https://pokeapi.co/api/v2/language/7/"
      },
      "version_group": {
        "name": "omega-ruby-alpha-sapphire",
        "url": "https://pokeapi.co/api/v2/version-group/16/"
      }
    },
    {
      "flavor_text": "Chi la usa rende i Pok\u00e9mon di tipo Spettro\nvulnerabili a qualsiasi tipo di mossa e pu\u00f2,\ninoltre, colpire i nemici sfuggenti.",
      "language": {
        "name": "it",
        "url": "https://pokeapi.co/api/v2/language/8/"
      },
      "version_group": {
        "name": "omega-ruby-alpha-sapphire",
        "url": "https://pokeapi.co/api/v2/version-group/16/"
      }
    },
    {
      "flavor_text": "Enables a Ghost-type target to be hit by\nNormal- and Fighting-type attacks. This also\nenables an evasive target to be hit.",
      "language": {
        "name": "en",
        "url": "https://pokeapi.co/api/v2/language/9/"
      },
      "version_group": {
        "name": "omega-ruby-alpha-sapphire",
        "url": "https://pokeapi.co/api/v2/version-group/16/"
      }
    },
    {
      "flavor_text": "\u30b4\u30fc\u30b9\u30c8\u30bf\u30a4\u30d7\u306b\u3000\u52b9\u679c\u304c\u306a\u3044\u3000\u6280\u3084\n\u56de\u907f\u7387\u306e\u3000\u9ad8\u3044\u3000\u76f8\u624b\u306b\n\u653b\u6483\u304c\u3000\u5f53\u305f\u308b\u3088\u3046\u306b\u3000\u306a\u308b\u3002",
      "language": {
        "name": "ja",
        "url": "https://pokeapi.co/api/v2/language/11/"
      },
      "version_group": {
        "name": "omega-ruby-alpha-sapphire",
        "url": "https://pokeapi.co/api/v2/version-group/16/"
      }
    },
    {
      "flavor_text": "\u30b4\u30fc\u30b9\u30c8\u30bf\u30a4\u30d7\u306b\u3000\u3053\u3046\u304b\u304c\u306a\u3044\u3000\u308f\u3056\u3084\n\u304b\u3044\u3072\u308a\u3064\u306e\u3000\u305f\u304b\u3044\u3000\u3042\u3044\u3066\u306b\n\u3053\u3046\u3052\u304d\u304c\u3000\u3042\u305f\u308b\u3088\u3046\u306b\u3000\u306a\u308b\u3002",
      "language": {
        "name": "ja-Hrkt",
        "url": "https://pokeapi.co/api/v2/language/1/"
      },
      "version_group": {
        "name": "sun-moon",
        "url": "https://pokeapi.co/api/v2/version-group/17/"
      }
    },
    {
      "flavor_text": "\uace0\uc2a4\ud2b8\ud0c0\uc785\uc5d0 \ud6a8\uacfc\uac00 \uc5c6\ub294 \uae30\uc220\uc774\ub098\n\ud68c\ud53c\uc728\uc774 \ub192\uc740 \uc0c1\ub300\ub77c \ud560\uc9c0\ub77c\ub3c4\n\uacf5\uaca9\uc774 \ub9de\uac8c \ub41c\ub2e4.",
      "language": {
        "name": "ko",
        "url": "https://pokeapi.co/api/v2/language/3/"
      },
      "version_group": {
        "name": "sun-moon",
        "url": "https://pokeapi.co/api/v2/version-group/17/"
      }
    },
    {
      "flavor_text": "\u8b93\u5c0d\u5e7d\u9748\u5c6c\u6027\u5bf6\u53ef\u5922\u7121\u6548\u7684\u62db\u5f0f\n\u80fd\u5920\u767c\u63ee\u6548\u679c\uff0c\u4e5f\u53ef\u4e0d\u9867\u5c0d\u624b\n\u63d0\u9ad8\u5f8c\u7684\u9583\u907f\u7387\u9032\u884c\u653b\u64ca\u3002",
      "language": {
        "name": "zh-Hant",
        "url": "https://pokeapi.co/api/v2/language/4/"
      },
      "version_group": {
        "name": "sun-moon",
        "url": "https://pokeapi.co/api/v2/version-group/17/"
      }
    },
    {
      "flavor_text": "Permet de toucher un Pok\u00e9mon Spectre avec\nn\u2019importe quelle capacit\u00e9 ou de toucher un\nennemi insaisissable.",
      "language": {
        "name": "fr",
        "url": "https://pokeapi.co/api/v2/language/5/"
      },
      "version_group": {
        "name": "sun-moon",
        "url": "https://pokeapi.co/api/v2/version-group/17/"
      }
    },
    {
      "flavor_text": "Erm\u00f6glicht es, Geister-Pok\u00e9mon mit Normal- und\nKampf-Attacken anzugreifen. Ignoriert den\nFluchtwert des Zieles.",
      "language": {
        "name": "de",
        "url": "https://pokeapi.co/api/v2/language/6/"
      },
      "version_group": {
        "name": "sun-moon",
        "url": "https://pokeapi.co/api/v2/version-group/17/"
      }
    },
    {
      "flavor_text": "Permite atacar con cualquier movimiento a objetivos \nde tipo Fantasma y golpear a Pok\u00e9mon evasivos. ",
      "language": {
        "name": "es",
        "url": "https://pokeapi.co/api/v2/language/7/"
      },
      "version_group": {
        "name": "sun-moon",
        "url": "https://pokeapi.co/api/v2/version-group/17/"
      }
    },
    {
      "flavor_text": "Chi la usa rende i Pok\u00e9mon di tipo Spettro\nvulnerabili a qualsiasi tipo di mossa e pu\u00f2,\ninoltre, colpire i nemici sfuggenti.",
      "language": {
        "name": "it",
        "url": "https://pokeapi.co/api/v2/language/8/"
      },
      "version_group": {
        "name": "sun-moon",
        "url": "https://pokeapi.co/api/v2/version-group/17/"
      }
    },
    {
      "flavor_text": "Enables a Ghost-type target to be hit by Normal-\nand Fighting-type attacks. This also enables an\nevasive target to be hit.",
      "language": {
        "name": "en",
        "url": "https://pokeapi.co/api/v2/language/9/"
      },
      "version_group": {
        "name": "sun-moon",
        "url": "https://pokeapi.co/api/v2/version-group/17/"
      }
    },
    {
      "flavor_text": "\u30b4\u30fc\u30b9\u30c8\u30bf\u30a4\u30d7\u306b\u3000\u52b9\u679c\u304c\u306a\u3044\u3000\u6280\u3084\n\u56de\u907f\u7387\u306e\u3000\u9ad8\u3044\u3000\u76f8\u624b\u306b\n\u653b\u6483\u304c\u3000\u5f53\u305f\u308b\u3088\u3046\u306b\u3000\u306a\u308b\u3002",
      "language": {
        "name": "ja",
        "url": "https://pokeapi.co/api/v2/language/11/"
      },
      "version_group": {
        "name": "sun-moon",
        "url": "https://pokeapi.co/api/v2/version-group/17/"
      }
    },
    {
      "flavor_text": "\u5bf9\u5e7d\u7075\u5c5e\u6027\u5b9d\u53ef\u68a6\u6ca1\u6709\u6548\u679c\u7684\u62db\u5f0f\n\u4ee5\u53ca\u95ea\u907f\u7387\u9ad8\u7684\u5bf9\u624b\uff0c\n\u4f7f\u7528\u540e\u53d8\u5f97\u80fd\u591f\u6253\u4e2d\u3002",
      "language": {
        "name": "zh-Hans",
        "url": "https://pokeapi.co/api/v2/language/12/"
      },
      "version_group": {
        "name": "sun-moon",
        "url": "https://pokeapi.co/api/v2/version-group/17/"
      }
    },
    {
      "flavor_text": "\u30b4\u30fc\u30b9\u30c8\u30bf\u30a4\u30d7\u306b\u3000\u3053\u3046\u304b\u304c\u306a\u3044\u3000\u308f\u3056\u3084\n\u304b\u3044\u3072\u308a\u3064\u306e\u3000\u305f\u304b\u3044\u3000\u3042\u3044\u3066\u306b\n\u3053\u3046\u3052\u304d\u304c\u3000\u3042\u305f\u308b\u3088\u3046\u306b\u3000\u306a\u308b\u3002",
      "language": {
        "name": "ja-Hrkt",
        "url": "https://pokeapi.co/api/v2/language/1/"
      },
      "version_group": {
        "name": "ultra-sun-ultra-moon",
        "url": "https://pokeapi.co/api/v2/version-group/18/"
      }
    },
    {
      "flavor_text": "\uace0\uc2a4\ud2b8\ud0c0\uc785\uc5d0 \ud6a8\uacfc\uac00 \uc5c6\ub294 \uae30\uc220\uc774\ub098\n\ud68c\ud53c\uc728\uc774 \ub192\uc740 \uc0c1\ub300\ub77c \ud560\uc9c0\ub77c\ub3c4\n\uacf5\uaca9\uc774 \ub9de\uac8c \ub41c\ub2e4.",
      "language": {
        "name": "ko",
        "url": "https://pokeapi.co/api/v2/language/3/"
      },
      "version_group": {
        "name": "ultra-sun-ultra-moon",
        "url": "https://pokeapi.co/api/v2/version-group/18/"
      }
    },
    {
      "flavor_text": "\u8b93\u5c0d\u5e7d\u9748\u5c6c\u6027\u5bf6\u53ef\u5922\u7121\u6548\u7684\u62db\u5f0f\n\u80fd\u5920\u767c\u63ee\u6548\u679c\uff0c\u4e5f\u53ef\u4e0d\u9867\u5c0d\u624b\n\u63d0\u9ad8\u5f8c\u7684\u9583\u907f\u7387\u9032\u884c\u653b\u64ca\u3002",
      "language": {
        "name": "zh-Hant",
        "url": "https://pokeapi.co/api/v2/language/4/"
      },
      "version_group": {
        "name": "ultra-sun-ultra-moon",
        "url": "https://pokeapi.co/api/v2/version-group/18/"
      }
    },
    {
      "flavor_text": "Permet de toucher un Pok\u00e9mon Spectre avec\nn\u2019importe quelle capacit\u00e9 ou de toucher un\nennemi insaisissable.",
      "language": {
        "name": "fr",
        "url": "https://pokeapi.co/api/v2/language/5/"
      },
      "version_group": {
        "name": "ultra-sun-ultra-moon",
        "url": "https://pokeapi.co/api/v2/version-group/18/"
      }
    },
    {
      "flavor_text": "Erm\u00f6glicht es, Geister-Pok\u00e9mon mit Normal- und\nKampf-Attacken anzugreifen. Ignoriert den\nFluchtwert des Zieles.",
      "language": {
        "name": "de",
        "url": "https://pokeapi.co/api/v2/language/6/"
      },
      "version_group": {
        "name": "ultra-sun-ultra-moon",
        "url": "https://pokeapi.co/api/v2/version-group/18/"
      }
    },
    {
      "flavor_text": "Permite atacar con cualquier movimiento a objetivos \nde tipo Fantasma y golpear a Pok\u00e9mon evasivos. ",
      "language": {
        "name": "es",
        "url": "https://pokeapi.co/api/v2/language/7/"
      },
      "version_group": {
        "name": "ultra-sun-ultra-moon",
        "url": "https://pokeapi.co/api/v2/version-group/18/"
      }
    },
    {
      "flavor_text": "Chi la usa rende i Pok\u00e9mon di tipo Spettro\nvulnerabili a qualsiasi tipo di mossa e pu\u00f2,\ninoltre, colpire i nemici sfuggenti.",
      "language": {
        "name": "it",
        "url": "https://pokeapi.co/api/v2/language/8/"
      },
      "version_group": {
        "name": "ultra-sun-ultra-moon",
        "url": "https://pokeapi.co/api/v2/version-group/18/"
      }
    },
    {
      "flavor_text": "Enables a Ghost-type target to be hit by Normal-\nand Fighting-type attacks. This also enables an\nevasive target to be hit.",
      "language": {
        "name": "en",
        "url": "https://pokeapi.co/api/v2/language/9/"
      },
      "version_group": {
        "name": "ultra-sun-ultra-moon",
        "url": "https://pokeapi.co/api/v2/version-group/18/"
      }
    },
    {
      "flavor_text": "\u30b4\u30fc\u30b9\u30c8\u30bf\u30a4\u30d7\u306b\u3000\u52b9\u679c\u304c\u306a\u3044\u3000\u6280\u3084\n\u56de\u907f\u7387\u306e\u3000\u9ad8\u3044\u3000\u76f8\u624b\u306b\n\u653b\u6483\u304c\u3000\u5f53\u305f\u308b\u3088\u3046\u306b\u3000\u306a\u308b\u3002",
      "language": {
        "name": "ja",
        "url": "https://pokeapi.co/api/v2/language/11/"
      },
      "version_group": {
        "name": "ultra-sun-ultra-moon",
        "url": "https://pokeapi.co/api/v2/version-group/18/"
      }
    },
    {
      "flavor_text": "\u4f7f\u51fa\u540e\u5bf9\u5e7d\u7075\u5c5e\u6027\u5b9d\u53ef\u68a6\u6ca1\u6709\n\u6548\u679c\u7684\u62db\u5f0f\u4ee5\u53ca\u95ea\u907f\u7387\u9ad8\u7684\u5bf9\u624b\uff0c\n\u53d8\u5f97\u80fd\u591f\u6253\u4e2d\u3002",
      "language": {
        "name": "zh-Hans",
        "url": "https://pokeapi.co/api/v2/language/12/"
      },
      "version_group": {
        "name": "ultra-sun-ultra-moon",
        "url": "https://pokeapi.co/api/v2/version-group/18/"
      }
    },
    {
      "flavor_text": "\u30b4\u30fc\u30b9\u30c8\u30bf\u30a4\u30d7\u306b\u3000\u3053\u3046\u304b\u304c\u306a\u3044\u3000\u308f\u3056\u3084\n\u304b\u3044\u3072\u308a\u3064\u306e\u3000\u305f\u304b\u3044\u3000\u3042\u3044\u3066\u306b\n\u3053\u3046\u3052\u304d\u304c\u3000\u3042\u305f\u308b\u3088\u3046\u306b\u3000\u306a\u308b\u3002",
      "language": {
        "name": "ja-Hrkt",
        "url": "https://pokeapi.co/api/v2/language/1/"
      },
      "version_group": {
        "name": "lets-go-pikachu-lets-go-eevee",
        "url": "https://pokeapi.co/api/v2/version-group/19/"
      }
    },
    {
      "flavor_text": "\uace0\uc2a4\ud2b8\ud0c0\uc785\uc5d0 \ud6a8\uacfc\uac00 \uc5c6\ub294 \uae30\uc220\uc774\ub098\n\ud68c\ud53c\uc728\uc774 \ub192\uc740 \uc0c1\ub300\ub77c \ud560\uc9c0\ub77c\ub3c4\n\uacf5\uaca9\uc774 \ub9de\uac8c \ub41c\ub2e4.",
      "language": {
        "name": "ko",
        "url": "https://pokeapi.co/api/v2/language/3/"
      },
      "version_group": {
        "name": "lets-go-pikachu-lets-go-eevee",
        "url": "https://pokeapi.co/api/v2/version-group/19/"
      }
    },
    {
      "flavor_text": "\u8b93\u5c0d\u5e7d\u9748\u5c6c\u6027\u5bf6\u53ef\u5922\u7121\u6548\u7684\u62db\u5f0f\n\u80fd\u5920\u767c\u63ee\u6548\u679c\uff0c\u4e5f\u53ef\u4e0d\u9867\u5c0d\u624b\n\u63d0\u9ad8\u5f8c\u7684\u9583\u907f\u7387\u9032\u884c\u653b\u64ca\u3002",
      "language": {
        "name": "zh-Hant",
        "url": "https://pokeapi.co/api/v2/language/4/"
      },
      "version_group": {
        "name": "lets-go-pikachu-lets-go-eevee",
        "url": "https://pokeapi.co/api/v2/version-group/19/"
      }
    },
    {
      "flavor_text": "Permet de toucher un Pok\u00e9mon Spectre avec\nn\u2019importe quelle capacit\u00e9 ou de toucher un ennemi\ninsaisissable.",
      "language": {
        "name": "fr",
        "url": "https://pokeapi.co/api/v2/language/5/"
      },
      "version_group": {
        "name": "lets-go-pikachu-lets-go-eevee",
        "url": "https://pokeapi.co/api/v2/version-group/19/"
      }
    },
    {
      "flavor_text": "Erm\u00f6glicht es, Geister-Pok\u00e9mon mit Normal- und\nKampf-Attacken anzugreifen. Ignoriert den\nFluchtwert des Zieles.",
      "language": {
        "name": "de",
        "url": "https://pokeapi.co/api/v2/language/6/"
      },
      "version_group": {
        "name": "lets-go-pikachu-lets-go-eevee",
        "url": "https://pokeapi.co/api/v2/version-group/19/"
      }
    },
    {
      "flavor_text": "Permite atacar con cualquier movimiento a objetivos \nde tipo Fantasma y golpear a Pok\u00e9mon evasivos. ",
      "language": {
        "name": "es",
        "url": "https://pokeapi.co/api/v2/language/7/"
      },
      "version_group": {
        "name": "lets-go-pikachu-lets-go-eevee",
        "url": "https://pokeapi.co/api/v2/version-group/19/"
      }
    },
    {
      "flavor_text": "Chi la usa rende i Pok\u00e9mon di tipo Spettro\nvulnerabili a qualsiasi tipo di mossa e pu\u00f2,\ninoltre, colpire i nemici sfuggenti.",
      "language": {
        "name": "it",
        "url": "https://pokeapi.co/api/v2/language/8/"
      },
      "version_group": {
        "name": "lets-go-pikachu-lets-go-eevee",
        "url": "https://pokeapi.co/api/v2/version-group/19/"
      }
    },
    {
      "flavor_text": "Enables a Ghost-type target to be hit by Normal-\nand Fighting-type attacks. This also enables an\nevasive target to be hit.",
      "language": {
        "name": "en",
        "url": "https://pokeapi.co/api/v2/language/9/"
      },
      "version_group": {
        "name": "lets-go-pikachu-lets-go-eevee",
        "url": "https://pokeapi.co/api/v2/version-group/19/"
      }
    },
    {
      "flavor_text": "\u30b4\u30fc\u30b9\u30c8\u30bf\u30a4\u30d7\u306b\u3000\u52b9\u679c\u304c\u306a\u3044\u3000\u6280\u3084\n\u56de\u907f\u7387\u306e\u3000\u9ad8\u3044\u3000\u76f8\u624b\u306b\n\u653b\u6483\u304c\u3000\u5f53\u305f\u308b\u3088\u3046\u306b\u3000\u306a\u308b\u3002",
      "language": {
        "name": "ja",
        "url": "https://pokeapi.co/api/v2/language/11/"
      },
      "version_group": {
        "name": "lets-go-pikachu-lets-go-eevee",
        "url": "https://pokeapi.co/api/v2/version-group/19/"
      }
    },
    {
      "flavor_text": "\u4f7f\u51fa\u540e\u5bf9\u5e7d\u7075\u5c5e\u6027\u5b9d\u53ef\u68a6\u6ca1\u6709\n\u6548\u679c\u7684\u62db\u5f0f\u4ee5\u53ca\u95ea\u907f\u7387\u9ad8\u7684\u5bf9\u624b\uff0c\n\u53d8\u5f97\u80fd\u591f\u6253\u4e2d\u3002",
      "language": {
        "name": "zh-Hans",
        "url": "https://pokeapi.co/api/v2/language/12/"
      },
      "version_group": {
        "name": "lets-go-pikachu-lets-go-eevee",
        "url": "https://pokeapi.co/api/v2/version-group/19/"
      }
    },
    {
      "flavor_text": "\u3053\u306e\u308f\u3056\u306f\u3000\u3064\u304b\u3048\u307e\u305b\u3093\n\u304a\u3082\u3044\u3060\u3059\u3053\u3068\u304c\u3000\u3067\u304d\u306a\u304f\u306a\u308a\u307e\u3059\u304c\n\u308f\u3056\u3092\u3000\u308f\u3059\u308c\u308b\u3053\u3068\u3092\u3000\u304a\u3059\u3059\u3081\u3057\u307e\u3059",
      "language": {
        "name": "ja-Hrkt",
        "url": "https://pokeapi.co/api/v2/language/1/"
      },
      "version_group": {
        "name": "sword-shield",
        "url": "https://pokeapi.co/api/v2/version-group/20/"
      }
    },
    {
      "flavor_text": "\uc0ac\uc6a9\ud560 \uc218 \uc5c6\ub294 \uae30\uc220\uc785\ub2c8\ub2e4.\n\ub2e4\uc2dc \ubc30\uc6b0\uac8c \ud560 \uc218 \uc5c6\uc9c0\ub9cc\n\uae30\uc220\uc744 \uc78a\uac8c \ud558\ub294 \uac83\uc744 \uad8c\uc7a5\ud569\ub2c8\ub2e4.",
      "language": {
        "name": "ko",
        "url": "https://pokeapi.co/api/v2/language/3/"
      },
      "version_group": {
        "name": "sword-shield",
        "url": "https://pokeapi.co/api/v2/version-group/20/"
      }
    },
    {
      "flavor_text": "\u7121\u6cd5\u4f7f\u7528\u6b64\u62db\u5f0f\u3002\n\u96d6\u7136\u5fd8\u8a18\u5f8c\u5c07\u7121\u6cd5\u518d\u60f3\u8d77\u4f86\uff0c\n\u4f46\u9084\u662f\u5efa\u8b70\u5fd8\u8a18\u6b64\u62db\u5f0f\u3002",
      "language": {
        "name": "zh-Hant",
        "url": "https://pokeapi.co/api/v2/language/4/"
      },
      "version_group": {
        "name": "sword-shield",
        "url": "https://pokeapi.co/api/v2/version-group/20/"
      }
    },
    {
      "flavor_text": "Cette capacit\u00e9 ne peut pas \u00eatre utilis\u00e9e.\nIl est recommand\u00e9 de l\u2019oublier, m\u00eame s\u2019il sera\nimpossible de se la rem\u00e9morer une fois oubli\u00e9e.",
      "language": {
        "name": "fr",
        "url": "https://pokeapi.co/api/v2/language/5/"
      },
      "version_group": {
        "name": "sword-shield",
        "url": "https://pokeapi.co/api/v2/version-group/20/"
      }
    },
    {
      "flavor_text": "Diese Attacke kann nicht eingesetzt werden. Du solltest\ndein Pok\u00e9mon sie vergessen lassen. Beachte aber,\ndass es sich danach nicht wieder an sie erinnern kann.",
      "language": {
        "name": "de",
        "url": "https://pokeapi.co/api/v2/language/6/"
      },
      "version_group": {
        "name": "sword-shield",
        "url": "https://pokeapi.co/api/v2/version-group/20/"
      }
    },
    {
      "flavor_text": "Este movimiento no se puede usar, por lo que ser\u00eda\nmejor olvidarlo, aunque eso implique que no se pueda\nrecordar posteriormente.",
      "language": {
        "name": "es",
        "url": "https://pokeapi.co/api/v2/language/7/"
      },
      "version_group": {
        "name": "sword-shield",
        "url": "https://pokeapi.co/api/v2/version-group/20/"
      }
    },
    {
      "flavor_text": "Questa mossa non pu\u00f2 essere usata.\n\u00c8 consigliabile farla dimenticare al Pok\u00e9mon. Tuttavia,\nuna volta dimenticata, non potr\u00e0 pi\u00f9 essere ricordata.",
      "language": {
        "name": "it",
        "url": "https://pokeapi.co/api/v2/language/8/"
      },
      "version_group": {
        "name": "sword-shield",
        "url": "https://pokeapi.co/api/v2/version-group/20/"
      }
    },
    {
      "flavor_text": "This move can\u2019t be used.\nIt\u2019s recommended that this move is forgotten.\nOnce forgotten, this move can\u2019t be remembered.",
      "language": {
        "name": "en",
        "url": "https://pokeapi.co/api/v2/language/9/"
      },
      "version_group": {
        "name": "sword-shield",
        "url": "https://pokeapi.co/api/v2/version-group/20/"
      }
    },
    {
      "flavor_text": "\u3053\u306e\u6280\u306f\u3000\u4f7f\u3048\u307e\u305b\u3093\n\u601d\u3044\u51fa\u3059\u3053\u3068\u304c\u3000\u3067\u304d\u306a\u304f\u306a\u308a\u307e\u3059\u304c\n\u6280\u3092\u3000\u5fd8\u308c\u308b\u3053\u3068\u3092\u3000\u304a\u3059\u3059\u3081\u3057\u307e\u3059",
      "language": {
        "name": "ja",
        "url": "https://pokeapi.co/api/v2/language/11/"
      },
      "version_group": {
        "name": "sword-shield",
        "url": "https://pokeapi.co/api/v2/version-group/20/"
      }
    },
    {
      "flavor_text": "\u65e0\u6cd5\u4f7f\u7528\u8fd9\u4e2a\u62db\u5f0f\u3002\n\u867d\u7136\u5fd8\u8bb0\u4e4b\u540e\u5c31\u518d\u4e5f\u60f3\u4e0d\u8d77\u6765\u4e86\uff0c\n\u4f46\u8fd8\u662f\u5efa\u8bae\u5fd8\u8bb0\u8fd9\u4e2a\u62db\u5f0f\u3002",
      "language": {
        "name": "zh-Hans",
        "url": "https://pokeapi.co/api/v2/language/12/"
      },
      "version_group": {
        "name": "sword-shield",
        "url": "https://pokeapi.co/api/v2/version-group/20/"
      }
    }
  ],
  "generation": {
    "name": "generation-ii",
    "url": "https://pokeapi.co/api/v2/generation/2/"
  },
  "id": 193,
  "learned_by_pokemon": [
    {
      "name": "squirtle",
      "url": "https://pokeapi.co/api/v2/pokemon/7/"
    },
    {
      "name": "pidgey",
      "url": "https://pokeapi.co/api/v2/pokemon/16/"
    },
    {
      "name": "venonat",
      "url": "https://pokeapi.co/api/v2/pokemon/48/"
    },
    {
      "name": "venomoth",
      "url": "https://pokeapi.co/api/v2/pokemon/49/"
    },
    {
      "name": "psyduck",
      "url": "https://pokeapi.co/api/v2/pokemon/54/"
    },
    {
      "name": "mankey",
      "url": "https://pokeapi.co/api/v2/pokemon/56/"
    },
    {
      "name": "machop",
      "url": "https://pokeapi.co/api/v2/pokemon/66/"
    },
    {
      "name": "machoke",
      "url": "https://pokeapi.co/api/v2/pokemon/67/"
    },
    {
      "name": "machamp",
      "url": "https://pokeapi.co/api/v2/pokemon/68/"
    },
    {
      "name": "farfetchd",
      "url": "https://pokeapi.co/api/v2/pokemon/83/"
    },
    {
      "name": "hitmonlee",
      "url": "https://pokeapi.co/api/v2/pokemon/106/"
    },
    {
      "name": "kangaskhan",
      "url": "https://pokeapi.co/api/v2/pokemon/115/"
    },
    {
      "name": "lapras",
      "url": "https://pokeapi.co/api/v2/pokemon/131/"
    },
    {
      "name": "kabuto",
      "url": "https://pokeapi.co/api/v2/pokemon/140/"
    },
    {
      "name": "aerodactyl",
      "url": "https://pokeapi.co/api/v2/pokemon/142/"
    },
    {
      "name": "cyndaquil",
      "url": "https://pokeapi.co/api/v2/pokemon/155/"
    },
    {
      "name": "sentret",
      "url": "https://pokeapi.co/api/v2/pokemon/161/"
    },
    {
      "name": "furret",
      "url": "https://pokeapi.co/api/v2/pokemon/162/"
    },
    {
      "name": "hoothoot",
      "url": "https://pokeapi.co/api/v2/pokemon/163/"
    },
    {
      "name": "noctowl",
      "url": "https://pokeapi.co/api/v2/pokemon/164/"
    },
    {
      "name": "togepi",
      "url": "https://pokeapi.co/api/v2/pokemon/175/"
    },
    {
      "name": "marill",
      "url": "https://pokeapi.co/api/v2/pokemon/183/"
    },
    {
      "name": "yanma",
      "url": "https://pokeapi.co/api/v2/pokemon/193/"
    },
    {
      "name": "girafarig",
      "url": "https://pokeapi.co/api/v2/pokemon/203/"
    },
    {
      "name": "sneasel",
      "url": "https://pokeapi.co/api/v2/pokemon/215/"
    },
    {
      "name": "tyrogue",
      "url": "https://pokeapi.co/api/v2/pokemon/236/"
    },
    {
      "name": "mudkip",
      "url": "https://pokeapi.co/api/v2/pokemon/258/"
    },
    {
      "name": "marshtomp",
      "url": "https://pokeapi.co/api/v2/pokemon/259/"
    },
    {
      "name": "swampert",
      "url": "https://pokeapi.co/api/v2/pokemon/260/"
    },
    {
      "name": "surskit",
      "url": "https://pokeapi.co/api/v2/pokemon/283/"
    },
    {
      "name": "makuhita",
      "url": "https://pokeapi.co/api/v2/pokemon/296/"
    },
    {
      "name": "skitty",
      "url": "https://pokeapi.co/api/v2/pokemon/300/"
    },
    {
      "name": "sableye",
      "url": "https://pokeapi.co/api/v2/pokemon/302/"
    },
    {
      "name": "meditite",
      "url": "https://pokeapi.co/api/v2/pokemon/307/"
    },
    {
      "name": "shuppet",
      "url": "https://pokeapi.co/api/v2/pokemon/353/"
    },
    {
      "name": "duskull",
      "url": "https://pokeapi.co/api/v2/pokemon/355/"
    },
    {
      "name": "dusclops",
      "url": "https://pokeapi.co/api/v2/pokemon/356/"
    },
    {
      "name": "starly",
      "url": "https://pokeapi.co/api/v2/pokemon/396/"
    },
    {
      "name": "buneary",
      "url": "https://pokeapi.co/api/v2/pokemon/427/"
    },
    {
      "name": "lopunny",
      "url": "https://pokeapi.co/api/v2/pokemon/428/"
    },
    {
      "name": "riolu",
      "url": "https://pokeapi.co/api/v2/pokemon/447/"
    },
    {
      "name": "lucario",
      "url": "https://pokeapi.co/api/v2/pokemon/448/"
    },
    {
      "name": "yanmega",
      "url": "https://pokeapi.co/api/v2/pokemon/469/"
    },
    {
      "name": "dusknoir",
      "url": "https://pokeapi.co/api/v2/pokemon/477/"
    },
    {
      "name": "regigigas",
      "url": "https://pokeapi.co/api/v2/pokemon/486/"
    },
    {
      "name": "patrat",
      "url": "https://pokeapi.co/api/v2/pokemon/504/"
    },
    {
      "name": "timburr",
      "url": "https://pokeapi.co/api/v2/pokemon/532/"
    },
    {
      "name": "larvesta",
      "url": "https://pokeapi.co/api/v2/pokemon/636/"
    },
    {
      "name": "rowlet",
      "url": "https://pokeapi.co/api/v2/pokemon/722/"
    },
    {
      "name": "dartrix",
      "url": "https://pokeapi.co/api/v2/pokemon/723/"
    },
    {
      "name": "decidueye",
      "url": "https://pokeapi.co/api/v2/pokemon/724/"
    },
    {
      "name": "kangaskhan-mega",
      "url": "https://pokeapi.co/api/v2/pokemon/10039/"
    },
    {
      "name": "aerodactyl-mega",
      "url": "https://pokeapi.co/api/v2/pokemon/10042/"
    },
    {
      "name": "lucario-mega",
      "url": "https://pokeapi.co/api/v2/pokemon/10059/"
    },
    {
      "name": "swampert-mega",
      "url": "https://pokeapi.co/api/v2/pokemon/10064/"
    },
    {
      "name": "sableye-mega",
      "url": "https://pokeapi.co/api/v2/pokemon/10066/"
    },
    {
      "name": "lopunny-mega",
      "url": "https://pokeapi.co/api/v2/pokemon/10088/"
    }
  ],
  "machines": [],
  "meta": {
    "ailment": {
      "name": "no-type-immunity",
      "url": "https://pokeapi.co/api/v2/move-ailment/17/"
    },
    "ailment_chance": 0,
    "category": {
      "name": "ailment",
      "url": "https://pokeapi.co/api/v2/move-category/1/"
    },
    "crit_rate": 0,
    "drain": 0,
    "flinch_chance": 0,
    "healing": 0,
    "max_hits": null,
    "max_turns": null,
    "min_hits": null,
    "min_turns": null,
    "stat_chance": 0
  },
  "name": "foresight",
  "names": [
    {
      "language": {
        "name": "ja-Hrkt",
        "url": "https://pokeapi.co/api/v2/language/1/"
      },
      "name": "\u307f\u3084\u3076\u308b"
    },
    {
      "language": {
        "name": "ko",
        "url": "https://pokeapi.co/api/v2/language/3/"
      },
      "name": "\uaff0\ub6ab\uc5b4\ubcf4\uae30"
    },
    {
      "language": {
        "name": "zh-Hant",
        "url": "https://pokeapi.co/api/v2/language/4/"
      },
      "name": "\u8b58\u7834"
    },
    {
      "language": {
        "name": "fr",
        "url": "https://pokeapi.co/api/v2/language/5/"
      },
      "name": "Clairvoyance"
    },
    {
      "language": {
        "name": "de",
        "url": "https://pokeapi.co/api/v2/language/6/"
      },
      "name": "Scharfblick"
    },
    {
      "language": {
        "name": "es",
        "url": "https://pokeapi.co/api/v2/language/7/"
      },
      "name": "Profec\u00eda"
    },
    {
      "language": {
        "name": "it",
        "url": "https://pokeapi.co/api/v2/language/8/"
      },
      "name": "Preveggenza"
    },
    {
      "language": {
        "name": "en",
        "url": "https://pokeapi.co/api/v2/language/9/"
      },
      "name": "Foresight"
    },
    {
      "language": {
        "name": "ja",
        "url": "https://pokeapi.co/api/v2/language/11/"
      },
      "name": "\u307f\u3084\u3076\u308b"
    },
    {
      "language": {
        "name": "zh-Hans",
        "url": "https://pokeapi.co/api/v2/language/12/"
      },
      "name": "\u8bc6\u7834"
    }
  ],
  "past_values": [],
  "power": null,
  "pp": 40,
  "priority": 0,
  "stat_changes": [],
  "super_contest_effect": {
    "url": "https://pokeapi.co/api/v2/super-contest-effect/20/"
  },
  "target": {
    "name": "selected-pokemon",
    "url": "https://pokeapi.co/api/v2/move-target/10/"
  },
  "type": {
    "name": "normal",
    "url": "https://pokeapi.co/api/v2/type/1/"
  }
}