{
  "accuracy": 100,
  "contest_combos": null,
  "contest_effect": {
    "url": "https://pokeapi.co/api/v2/contest-effect/4/"
  },
  "contest_type": {
    "name": "tough",
    "url": "https://pokeapi.co/api/v2/contest-type/5/"
  },
  "damage_class": {
    "name": "physical",
    "url": "https://pokeapi.co/api/v2/move-damage-class/2/"
  },
  "effect_chance": 100,
  "effect_changes": [
    {
      "effect_entries": [
        {
          "effect": "Does not raise Defense.",
          "language": {
            "name": "en",
            "url": "https://pokeapi.co/api/v2/language/9/"
          }
        }
      ],
      "version_group": {
        "name": "gold-silver",
        "url": "https://pokeapi.co/api/v2/version-group/3/"
      }
    }
  ],
  "effect_entries": [
    {
      "effect": "Inflicts regular damage.  Raises the user\u2019s Defense by one stage.  User then charges for one turn before attacking.\n\nThis move cannot be selected by sleep talk.",
      "language": {
        "name": "en",
        "url": "https://pokeapi.co/api/v2/language/9/"
      },
      "short_effect": "Raises the user\u2019s Defense by one stage.  User charges for one turn before attacking."
    }
  ],
  "flavor_text_entries": [
    {
      "flavor_text": "1st turn: Prepare\n2nd turn: Attack",
      "language": {
        "name": "en",
        "url": "https://pokeapi.co/api/v2/language/9/"
      },
      "version_group": {
        "name": "gold-silver",
        "url": "https://pokeapi.co/api/v2/version-group/3/"
      }
    },
    {
      "flavor_text": "1st turn: Prepare\n2nd turn: Attack",
      "language": {
        "name": "en",
        "url": "https://pokeapi.co/api/v2/language/9/"
      },
      "version_group": {
        "name": "crystal",
        "url": "https://pokeapi.co/api/v2/version-group/4/"
      }
    },
    {
      "flavor_text": "Tucks in the head, then\nattacks on the next turn.",
      "language": {
        "name": "en",
        "url": "https://pokeapi.co/api/v2/language/9/"
      },
      "version_group": {
        "name": "ruby-sapphire",
        "url": "https://pokeapi.co/api/v2/version-group/5/"
      }
    },
    {
      "flavor_text": "Tucks in the head, then\nattacks on the next turn.",
      "language": {
        "name": "en",
        "url": "https://pokeapi.co/api/v2/language/9/"
      },
      "version_group": {
        "name": "emerald",
        "url": "https://pokeapi.co/api/v2/version-group/6/"
      }
    },
    {
      "flavor_text": "The user raises its\nDEFENSE in the 1st\nturn, then attacks\nin the 2nd turn.",
      "language": {
        "name": "en",
        "url": "https://pokeapi.co/api/v2/language/9/"
      },
      "version_group": {
        "name": "firered-leafgreen",
        "url": "https://pokeapi.co/api/v2/version-group/7/"
      }
    },
    {
      "flavor_text": "The user tucks in its\nhead to raise its\nDefense in the first\nturn, then rams the\nfoe on the next turn.",
      "language": {
        "name": "en",
        "url": "https://pokeapi.co/api/v2/language/9/"
      },
      "version_group": {
        "name": "diamond-pearl",
        "url": "https://pokeapi.co/api/v2/version-group/8/"
      }
    },
    {
      "flavor_text": "The user tucks in its\nhead to raise its\nDefense in the first\nturn, then rams the\nfoe on the next turn.",
      "language": {
        "name": "en",
        "url": "https://pokeapi.co/api/v2/language/9/"
      },
      "version_group": {
        "name": "platinum",
        "url": "https://pokeapi.co/api/v2/version-group/9/"
      }
    },
    {
      "flavor_text": "The user tucks in its\nhead to raise its\nDefense in the first\nturn, then rams the\nfoe on the next turn.",
      "language": {
        "name": "en",
        "url": "https://pokeapi.co/api/v2/language/9/"
      },
      "version_group": {
        "name": "heartgold-soulsilver",
        "url": "https://pokeapi.co/api/v2/version-group/10/"
      }
    },
    {
      "flavor_text": "Le lanceur baisse la t\u00eate pour augmenter\nsa D\u00e9fense au 1er tour et percuter\nl\u2019ennemi au 2\u00e8.",
      "language": {
        "name": "fr",
        "url": "https://pokeapi.co/api/v2/language/5/"
      },
      "version_group": {
        "name": "black-white",
        "url": "https://pokeapi.co/api/v2/version-group/11/"
      }
    },
    {
      "flavor_text": "The user tucks in its head to raise its\nDefense in the first turn, then\nrams the target on the next turn.",
      "language": {
        "name": "en",
        "url": "https://pokeapi.co/api/v2/language/9/"
      },
      "version_group": {
        "name": "black-white",
        "url": "https://pokeapi.co/api/v2/version-group/11/"
      }
    },
    {
      "flavor_text": "The user tucks in its head to raise its\nDefense in the first turn, then\nrams the target on the next turn.",
      "language": {
        "name": "en",
        "url": "https://pokeapi.co/api/v2/language/9/"
      },
      "version_group": {
        "name": "black-2-white-2",
        "url": "https://pokeapi.co/api/v2/version-group/14/"
      }
    },
    {
      "flavor_text": "\uff11\u30bf\u30fc\u30f3\u3081\u306b\u3000\u3042\u305f\u307e\u3092\u3000\u3072\u3063\u3053\u3081\u3066\n\u307c\u3046\u304e\u3087\u3092\u3000\u3042\u3052\u308b\u3002\n\uff12\u30bf\u30fc\u30f3\u3081\u306b\u3000\u3042\u3044\u3066\u3092\u3000\u3053\u3046\u3052\u304d\u3059\u308b\u3002",
      "language": {
        "name": "ja-Hrkt",
        "url": "https://pokeapi.co/api/v2/language/1/"
      },
      "version_group": {
        "name": "x-y",
        "url": "https://pokeapi.co/api/v2/version-group/15/"
      }
    },
    {
      "flavor_text": "1\ud134\uc9f8\uc5d0 \uba38\ub9ac\ub97c \uc6c0\uce20\ub824\n\ubc29\uc5b4\ub97c \uc62c\ub9b0\ub2e4.\n2\ud134\uc9f8\uc5d0 \uc0c1\ub300\ub97c \uacf5\uaca9\ud55c\ub2e4.",
      "language": {
        "name": "ko",
        "url": "https://pokeapi.co/api/v2/language/3/"
      },
      "version_group": {
        "name": "x-y",
        "url": "https://pokeapi.co/api/v2/version-group/15/"
      }
    },
    {
      "flavor_text": "Le lanceur baisse la t\u00eate pour augmenter sa\nD\u00e9fense au premier tour et percuter l\u2019ennemi au\nsecond.",
      "language": {
        "name": "fr",
        "url": "https://pokeapi.co/api/v2/language/5/"
      },
      "version_group": {
        "name": "x-y",
        "url": "https://pokeapi.co/api/v2/version-group/15/"
      }
    },
    {
      "flavor_text": "Der Anwender erh\u00f6ht in Runde 1 seine\nVerteidigung und greift in Runde 2 an.",
      "language": {
        "name": "de",
        "url": "https://pokeapi.co/api/v2/language/6/"
      },
      "version_group": {
        "name": "x-y",
        "url": "https://pokeapi.co/api/v2/version-group/15/"
      }
    },
    {
      "flavor_text": "Primer turno: se prepara y sube la Defensa del\nusuario. Segundo turno: da el cabezazo.",
      "language": {
        "name": "es",
        "url": "https://pokeapi.co/api/v2/language/7/"
      },
      "version_group": {
        "name": "x-y",
        "url": "https://pokeapi.co/api/v2/version-group/15/"
      }
    },
    {
      "flavor_text": "Chi la usa ritira la testa per aumentare la Difesa\ne poi attacca al turno successivo.",
      "language": {
        "name": "it",
        "url": "https://pokeapi.co/api/v2/language/8/"
      },
      "version_group": {
        "name": "x-y",
        "url": "https://pokeapi.co/api/v2/version-group/15/"
      }
    },
    {
      "flavor_text": "The user tucks in its head to raise its\nDefense in the first turn, then\nrams the target on the next turn.",
      "language": {
        "name": "en",
        "url": "https://pokeapi.co/api/v2/language/9/"
      },
      "version_group": {
        "name": "x-y",
        "url": "https://pokeapi.co/api/v2/version-group/15/"
      }
    },
    {
      "flavor_text": "\uff11\u30bf\u30fc\u30f3\u76ee\u306b\u3000\u982d\u3092\u3000\u3072\u3063\u3053\u3081\u3066\n\u9632\u5fa1\u3092\u3000\u3042\u3052\u308b\u3002\n\uff12\u30bf\u30fc\u30f3\u76ee\u306b\u3000\u76f8\u624b\u3092\u3000\u653b\u6483\u3059\u308b\u3002",
      "language": {
        "name": "ja",
        "url": "https://pokeapi.co/api/v2/language/11/"
      },
      "version_group": {
        "name": "x-y",
        "url": "https://pokeapi.co/api/v2/version-group/15/"
      }
    },
    {
      "flavor_text": "\uff11\u30bf\u30fc\u30f3\u3081\u306b\u3000\u3042\u305f\u307e\u3092\u3000\u3072\u3063\u3053\u3081\u3066\n\u307c\u3046\u304e\u3087\u3092\u3000\u3042\u3052\u308b\u3002\n\uff12\u30bf\u30fc\u30f3\u3081\u306b\u3000\u3042\u3044\u3066\u3092\u3000\u3053\u3046\u3052\u304d\u3059\u308b\u3002",
      "language": {
        "name": "ja-Hrkt",
        "url": "https://pokeapi.co/api/v2/language/1/"
      },
      "version_group": {
        "name": "omega-ruby-alpha-sapphire",
        "url": "https://pokeapi.co/api/v2/version-group/16/"
      }
    },
    {
      "flavor_text": "1\ud134\uc9f8\uc5d0 \uba38\ub9ac\ub97c \uc6c0\uce20\ub824\n\ubc29\uc5b4\ub97c \uc62c\ub9b0\ub2e4.\n2\ud134\uc9f8\uc5d0 \uc0c1\ub300\ub97c \uacf5\uaca9\ud55c\ub2e4.",
      "language": {
        "name": "ko",
        "url": "https://pokeapi.co/api/v2/language/3/"
      },
      "version_group": {
        "name": "omega-ruby-alpha-sapphire",
        "url": "https://pokeapi.co/api/v2/version-group/16/"
      }
    },
    {
      "flavor_text": "Le lanceur baisse la t\u00eate pour augmenter sa\nD\u00e9fense au premier tour et percuter l\u2019ennemi au\nsecond.",
      "language": {
        "name": "fr",
        "url": "https://pokeapi.co/api/v2/language/5/"
      },
      "version_group": {
        "name": "omega-ruby-alpha-sapphire",
        "url": "https://pokeapi.co/api/v2/version-group/16/"
      }
    },
    {
      "flavor_text": "Der Anwender erh\u00f6ht in Runde 1 seine\nVerteidigung und greift in Runde 2 an.",
      "language": {
        "name": "de",
        "url": "https://pokeapi.co/api/v2/language/6/"
      },
      "version_group": {
        "name": "omega-ruby-alpha-sapphire",
        "url": "https://pokeapi.co/api/v2/version-group/16/"
      }
    },
    {
      "flavor_text": "Primer turno: se prepara y sube la Defensa del \nusuario. Segundo turno: da el cabezazo.",
      "language": {
        "name": "es",
        "url": "https://pokeapi.co/api/v2/language/7/"
      },
      "version_group": {
        "name": "omega-ruby-alpha-sapphire",
        "url": "https://pokeapi.co/api/v2/version-group/16/"
      }
    },
    {
      "flavor_text": "Chi la usa ritira la testa per aumentare la Difesa\ne poi attacca al turno successivo.",
      "language": {
        "name": "it",
        "url": "https://pokeapi.co/api/v2/language/8/"
      },
      "version_group": {
        "name": "omega-ruby-alpha-sapphire",
        "url": "https://pokeapi.co/api/v2/version-group/16/"
      }
    },
    {
      "flavor_text": "The user tucks in its head to raise its\nDefense in the first turn, then\nrams the target on the next turn.",
      "language": {
        "name": "en",
        "url": "https://pokeapi.co/api/v2/language/9/"
      },
      "version_group": {
        "name": "omega-ruby-alpha-sapphire",
        "url": "https://pokeapi.co/api/v2/version-group/16/"
      }
    },
    {
      "flavor_text": "\uff11\u30bf\u30fc\u30f3\u76ee\u306b\u3000\u982d\u3092\u3000\u3072\u3063\u3053\u3081\u3066\n\u9632\u5fa1\u3092\u3000\u3042\u3052\u308b\u3002\n\uff12\u30bf\u30fc\u30f3\u76ee\u306b\u3000\u76f8\u624b\u3092\u3000\u653b\u6483\u3059\u308b\u3002",
      "language": {
        "name": "ja",
        "url": "https://pokeapi.co/api/v2/language/11/"
      },
      "version_group": {
        "name": "omega-ruby-alpha-sapphire",
        "url": "https://pokeapi.co/api/v2/version-group/16/"
      }
    },
    {
      "flavor_text": "\uff11\u30bf\u30fc\u30f3\u3081\u306b\u3000\u3042\u305f\u307e\u3092\u3000\u3072\u3063\u3053\u3081\u3066\n\u307c\u3046\u304e\u3087\u3092\u3000\u3042\u3052\u308b\u3002\n\uff12\u30bf\u30fc\u30f3\u3081\u306b\u3000\u3042\u3044\u3066\u3092\u3000\u3053\u3046\u3052\u304d\u3059\u308b\u3002",
      "language": {
        "name": "ja-Hrkt",
        "url": "https://pokeapi.co/api/v2/language/1/"
      },
      "version_group": {
        "name": "sun-moon",
        "url": "https://pokeapi.co/api/v2/version-group/17/"
      }
    },
    {
      "flavor_text": "1\ud134\uc9f8\uc5d0 \uba38\ub9ac\ub97c \uc6c0\uce20\ub824\n\ubc29\uc5b4\ub97c \uc62c\ub9b0\ub2e4.\n2\ud134\uc9f8\uc5d0 \uc0c1\ub300\ub97c \uacf5\uaca9\ud55c\ub2e4.",
      "language": {
        "name": "ko",
        "url": "https://pokeapi.co/api/v2/language/3/"
      },
      "version_group": {
        "name": "sun-moon",
        "url": "https://pokeapi.co/api/v2/version-group/17/"
      }
    },
    {
      "flavor_text": "\u4f7f\u7528\u5f8c\u7684\u7b2c\uff11\u56de\u5408\u628a\u982d\u5f8c\u7e2e\uff0c\u63d0\u9ad8\u9632\u79a6\u3002\n\u4e26\u65bc\u7b2c\uff12\u56de\u5408\u653b\u64ca\u5c0d\u624b\u3002",
      "language": {
        "name": "zh-Hant",
        "url": "https://pokeapi.co/api/v2/language/4/"
      },
      "version_group": {
        "name": "sun-moon",
        "url": "https://pokeapi.co/api/v2/version-group/17/"
      }
    },
    {
      "flavor_text": "Le lanceur baisse la t\u00eate pour augmenter sa\nD\u00e9fense au premier tour et percuter l\u2019ennemi au\nsecond.",
      "language": {
        "name": "fr",
        "url": "https://pokeapi.co/api/v2/language/5/"
      },
      "version_group": {
        "name": "sun-moon",
        "url": "https://pokeapi.co/api/v2/version-group/17/"
      }
    },
    {
      "flavor_text": "Der Anwender erh\u00f6ht in Runde 1 seine Verteidigung\nund greift in Runde 2 an.",
      "language": {
        "name": "de",
        "url": "https://pokeapi.co/api/v2/language/6/"
      },
      "version_group": {
        "name": "sun-moon",
        "url": "https://pokeapi.co/api/v2/version-group/17/"
      }
    },
    {
      "flavor_text": "Primer turno: se prepara y sube la Defensa del \nusuario. Segundo turno: da el cabezazo.",
      "language": {
        "name": "es",
        "url": "https://pokeapi.co/api/v2/language/7/"
      },
      "version_group": {
        "name": "sun-moon",
        "url": "https://pokeapi.co/api/v2/version-group/17/"
      }
    },
    {
      "flavor_text": "Chi la usa ritira la testa per aumentare la Difesa\ne poi attacca al turno successivo.",
      "language": {
        "name": "it",
        "url": "https://pokeapi.co/api/v2/language/8/"
      },
      "version_group": {
        "name": "sun-moon",
        "url": "https://pokeapi.co/api/v2/version-group/17/"
      }
    },
    {
      "flavor_text": "The user tucks in its head to raise its Defense\nstat on the first turn, then rams the target on the\nnext turn.",
      "language": {
        "name": "en",
        "url": "https://pokeapi.co/api/v2/language/9/"
      },
      "version_group": {
        "name": "sun-moon",
        "url": "https://pokeapi.co/api/v2/version-group/17/"
      }
    },
    {
      "flavor_text": "\uff11\u30bf\u30fc\u30f3\u76ee\u306b\u3000\u982d\u3092\u3000\u3072\u3063\u3053\u3081\u3066\n\u9632\u5fa1\u3092\u3000\u3042\u3052\u308b\u3002\n\uff12\u30bf\u30fc\u30f3\u76ee\u306b\u3000\u76f8\u624b\u3092\u3000\u653b\u6483\u3059\u308b\u3002",
      "language": {
        "name": "ja",
        "url": "https://pokeapi.co/api/v2/language/11/"
      },
      "version_group": {
        "name": "sun-moon",
        "url": "https://pokeapi.co/api/v2/version-group/17/"
      }
    },
    {
      "flavor_text": "\u7b2c\uff11\u56de\u5408\u628a\u5934\u7f29\u8fdb\u53bb\uff0c\n\u4ece\u800c\u63d0\u9ad8\u9632\u5fa1\u3002\n\u7b2c\uff12\u56de\u5408\u653b\u51fb\u5bf9\u624b\u3002",
      "language": {
        "name": "zh-Hans",
        "url": "https://pokeapi.co/api/v2/language/12/"
      },
      "version_group": {
        "name": "sun-moon",
        "url": "https://pokeapi.co/api/v2/version-group/17/"
      }
    },
    {
      "flavor_text": "\uff11\u30bf\u30fc\u30f3\u3081\u306b\u3000\u3042\u305f\u307e\u3092\u3000\u3072\u3063\u3053\u3081\u3066\n\u307c\u3046\u304e\u3087\u3092\u3000\u3042\u3052\u308b\u3002\n\uff12\u30bf\u30fc\u30f3\u3081\u306b\u3000\u3042\u3044\u3066\u3092\u3000\u3053\u3046\u3052\u304d\u3059\u308b\u3002",
      "language": {
        "name": "ja-Hrkt",
        "url": "https://pokeapi.co/api/v2/language/1/"
      },
      "version_group": {
        "name": "ultra-sun-ultra-moon",
        "url": "https://pokeapi.co/api/v2/version-group/18/"
      }
    },
    {
      "flavor_text": "1\ud134\uc9f8\uc5d0 \uba38\ub9ac\ub97c \uc6c0\uce20\ub824\n\ubc29\uc5b4\ub97c \uc62c\ub9b0\ub2e4.\n2\ud134\uc9f8\uc5d0 \uc0c1\ub300\ub97c \uacf5\uaca9\ud55c\ub2e4.",
      "language": {
        "name": "ko",
        "url": "https://pokeapi.co/api/v2/language/3/"
      },
      "version_group": {
        "name": "ultra-sun-ultra-moon",
        "url": "https://pokeapi.co/api/v2/version-group/18/"
      }
    },
    {
      "flavor_text": "\u4f7f\u7528\u5f8c\u7684\u7b2c\uff11\u56de\u5408\u628a\u982d\u5f8c\u7e2e\uff0c\u63d0\u9ad8\u9632\u79a6\u3002\n\u4e26\u65bc\u7b2c\uff12\u56de\u5408\u653b\u64ca\u5c0d\u624b\u3002",
      "language": {
        "name": "zh-Hant",
        "url": "https://pokeapi.co/api/v2/language/4/"
      },
      "version_group": {
        "name": "ultra-sun-ultra-moon",
        "url": "https://pokeapi.co/api/v2/version-group/18/"
      }
    },
    {
      "flavor_text": "Le lanceur baisse la t\u00eate pour augmenter sa\nD\u00e9fense au premier tour et percuter l\u2019ennemi au\nsecond.",
      "language": {
        "name": "fr",
        "url": "https://pokeapi.co/api/v2/language/5/"
      },
      "version_group": {
        "name": "ultra-sun-ultra-moon",
        "url": "https://pokeapi.co/api/v2/version-group/18/"
      }
    },
    {
      "flavor_text": "Der Anwender erh\u00f6ht in Runde 1 seine Verteidigung\nund greift in Runde 2 an.",
      "language": {
        "name": "de",
        "url": "https://pokeapi.co/api/v2/language/6/"
      },
      "version_group": {
        "name": "ultra-sun-ultra-moon",
        "url": "https://pokeapi.co/api/v2/version-group/18/"
      }
    },
    {
      "flavor_text": "Primer turno: se prepara y sube la Defensa del \nusuario. Segundo turno: da el cabezazo.",
      "language": {
        "name": "es",
        "url": "https://pokeapi.co/api/v2/language/7/"
      },
      "version_group": {
        "name": "ultra-sun-ultra-moon",
        "url": "https://pokeapi.co/api/v2/version-group/18/"
      }
    },
    {
      "flavor_text": "Chi la usa ritira la testa per aumentare la Difesa\ne poi attacca al turno successivo.",
      "language": {
        "name": "it",
        "url": "https://pokeapi.co/api/v2/language/8/"
      },
      "version_group": {
        "name": "ultra-sun-ultra-moon",
        "url": "https://pokeapi.co/api/v2/version-group/18/"
      }
    },
    {
      "flavor_text": "The user tucks in its head to raise its Defense\nstat on the first turn, then rams the target on the\nnext turn.",
      "language": {
        "name": "en",
        "url": "https://pokeapi.co/api/v2/language/9/"
      },
      "version_group": {
        "name": "ultra-sun-ultra-moon",
        "url": "https://pokeapi.co/api/v2/version-group/18/"
      }
    },
    {
      "flavor_text": "\uff11\u30bf\u30fc\u30f3\u76ee\u306b\u3000\u982d\u3092\u3000\u3072\u3063\u3053\u3081\u3066\n\u9632\u5fa1\u3092\u3000\u3042\u3052\u308b\u3002\n\uff12\u30bf\u30fc\u30f3\u76ee\u306b\u3000\u76f8\u624b\u3092\u3000\u653b\u6483\u3059\u308b\u3002",
      "language": {
        "name": "ja",
        "url": "https://pokeapi.co/api/v2/language/11/"
      },
      "version_group": {
        "name": "ultra-sun-ultra-moon",
        "url": "https://pokeapi.co/api/v2/version-group/18/"
      }
    },
    {
      "flavor_text": "\u7b2c\uff11\u56de\u5408\u628a\u5934\u7f29\u8fdb\u53bb\uff0c\n\u4ece\u800c\u63d0\u9ad8\u9632\u5fa1\u3002\n\u7b2c\uff12\u56de\u5408\u653b\u51fb\u5bf9\u624b\u3002",
      "language": {
        "name": "zh-Hans",
        "url": "https://pokeapi.co/api/v2/language/12/"
      },
      "version_group": {
        "name": "ultra-sun-ultra-moon",
        "url": "https://pokeapi.co/api/v2/version-group/18/"
      }
    },
    {
      "flavor_text": "\uff11\u30bf\u30fc\u30f3\u3081\u306b\u3000\u3042\u305f\u307e\u3092\u3000\u3072\u3063\u3053\u3081\u3066\n\u307c\u3046\u304e\u3087\u3092\u3000\u3042\u3052\u308b\u3002\n\uff12\u30bf\u30fc\u30f3\u3081\u306b\u3000\u3042\u3044\u3066\u3092\u3000\u3053\u3046\u3052\u304d\u3059\u308b\u3002",
      "language": {
        "name": "ja-Hrkt",
        "url": "https://pokeapi.co/api/v2/language/1/"
      },
      "version_group": {
        "name": "lets-go-pikachu-lets-go-eevee",
        "url": "https://pokeapi.co/api/v2/version-group/19/"
      }
    },
    {
      "flavor_text": "1\ud134\uc9f8\uc5d0 \uba38\ub9ac\ub97c \uc6c0\uce20\ub824\n\ubc29\uc5b4\ub97c \uc62c\ub9b0\ub2e4.\n2\ud134\uc9f8\uc5d0 \uc0c1\ub300\ub97c \uacf5\uaca9\ud55c\ub2e4.",
      "language": {
        "name": "ko",
        "url": "https://pokeapi.co/api/v2/language/3/"
      },
      "version_group": {
        "name": "lets-go-pikachu-lets-go-eevee",
        "url": "https://pokeapi.co/api/v2/version-group/19/"
      }
    },
    {
      "flavor_text": "\u4f7f\u7528\u5f8c\u7684\u7b2c\uff11\u56de\u5408\u628a\u982d\u5f8c\u7e2e\uff0c\u63d0\u9ad8\u9632\u79a6\u3002\n\u4e26\u65bc\u7b2c\uff12\u56de\u5408\u653b\u64ca\u5c0d\u624b\u3002",
      "language": {
        "name": "zh-Hant",
        "url": "https://pokeapi.co/api/v2/language/4/"
      },
      "version_group": {
        "name": "lets-go-pikachu-lets-go-eevee",
        "url": "https://pokeapi.co/api/v2/version-group/19/"
      }
    },
    {
      "flavor_text": "Le lanceur baisse la t\u00eate pour augmenter sa D\u00e9fense\nau premier tour et percuter l\u2019ennemi au second.",
      "language": {
        "name": "fr",
        "url": "https://pokeapi.co/api/v2/language/5/"
      },
      "version_group": {
        "name": "lets-go-pikachu-lets-go-eevee",
        "url": "https://pokeapi.co/api/v2/version-group/19/"
      }
    },
    {
      "flavor_text": "Der Anwender erh\u00f6ht in Runde 1 seine Verteidigung\nund greift in Runde 2 an.",
      "language": {
        "name": "de",
        "url": "https://pokeapi.co/api/v2/language/6/"
      },
      "version_group": {
        "name": "lets-go-pikachu-lets-go-eevee",
        "url": "https://pokeapi.co/api/v2/version-group/19/"
      }
    },
    {
      "flavor_text": "Primer turno: se prepara y sube la Defensa del \nusuario. Segundo turno: da el cabezazo.",
      "language": {
        "name": "es",
        "url": "https://pokeapi.co/api/v2/language/7/"
      },
      "version_group": {
        "name": "lets-go-pikachu-lets-go-eevee",
        "url": "https://pokeapi.co/api/v2/version-group/19/"
      }
    },
    {
      "flavor_text": "Chi la usa ritira la testa per aumentare la Difesa\ne poi attacca al turno successivo.",
      "language": {
        "name": "it",
        "url": "https://pokeapi.co/api/v2/language/8/"
      },
      "version_group": {
        "name": "lets-go-pikachu-lets-go-eevee",
        "url": "https://pokeapi.co/api/v2/version-group/19/"
      }
    },
    {
      "flavor_text": "The user tucks in its head to raise its Defense\nstat on the first turn, then rams the target on the\nnext turn.",
      "language": {
        "name": "en",
        "url": "https://pokeapi.co/api/v2/language/9/"
      },
      "version_group": {
        "name": "lets-go-pikachu-lets-go-eevee",
        "url": "https://pokeapi.co/api/v2/version-group/19/"
      }
    },
    {
      "flavor_text": "\uff11\u30bf\u30fc\u30f3\u76ee\u306b\u3000\u982d\u3092\u3000\u3072\u3063\u3053\u3081\u3066\n\u9632\u5fa1\u3092\u3000\u3042\u3052\u308b\u3002\n\uff12\u30bf\u30fc\u30f3\u76ee\u306b\u3000\u76f8\u624b\u3092\u3000\u653b\u6483\u3059\u308b\u3002",
      "language": {
        "name": "ja",
        "url": "https://pokeapi.co/api/v2/language/11/"
      },
      "version_group": {
        "name": "lets-go-pikachu-lets-go-eevee",
        "url": "https://pokeapi.co/api/v2/version-group/19/"
      }
    },
    {
      "flavor_text": "\u7b2c\uff11\u56de\u5408\u628a\u5934\u7f29\u8fdb\u53bb\uff0c\n\u4ece\u800c\u63d0\u9ad8\u9632\u5fa1\u3002\n\u7b2c\uff12\u56de\u5408\u653b\u51fb\u5bf9\u624b\u3002",
      "language": {
        "name": "zh-Hans",
        "url": "https://pokeapi.co/api/v2/language/12/"
      },
      "version_group": {
        "name": "lets-go-pikachu-lets-go-eevee",
        "url": "https://pokeapi.co/api/v2/version-group/19/"
      }
    },
    {
      "flavor_text": "\uff11\u30bf\u30fc\u30f3\u3081\u306b\u3000\u3042\u305f\u307e\u3092\u3000\u3072\u3063\u3053\u3081\u3066\n\u307c\u3046\u304e\u3087\u3092\u3000\u3042\u3052\u308b\u3002\n\uff12\u30bf\u30fc\u30f3\u3081\u306b\u3000\u3042\u3044\u3066\u3092\u3000\u3053\u3046\u3052\u304d\u3059\u308b\u3002",
      "language": {
        "name": "ja-Hrkt",
        "url": "https://pokeapi.co/api/v2/language/1/"
      },
      "version_group": {
        "name": "sword-shield",
        "url": "https://pokeapi.co/api/v2/version-group/20/"
      }
    },
    {
      "flavor_text": "1\ud134\uc9f8\uc5d0 \uba38\ub9ac\ub97c \uc6c0\uce20\ub824\n\ubc29\uc5b4\ub97c \uc62c\ub9b0\ub2e4.\n2\ud134\uc9f8\uc5d0 \uc0c1\ub300\ub97c \uacf5\uaca9\ud55c\ub2e4.",
      "language": {
        "name": "ko",
        "url": "https://pokeapi.co/api/v2/language/3/"
      },
      "version_group": {
        "name": "sword-shield",
        "url": "https://pokeapi.co/api/v2/version-group/20/"
      }
    },
    {
      "flavor_text": "\u4f7f\u7528\u5f8c\u7684\u7b2c\uff11\u56de\u5408\u628a\u982d\u5f8c\u7e2e\uff0c\u63d0\u9ad8\u9632\u79a6\u3002\n\u4e26\u65bc\u7b2c\uff12\u56de\u5408\u653b\u64ca\u5c0d\u624b\u3002",
      "language": {
        "name": "zh-Hant",
        "url": "https://pokeapi.co/api/v2/language/4/"
      },
      "version_group": {
        "name": "sword-shield",
        "url": "https://pokeapi.co/api/v2/version-group/20/"
      }
    },
    {
      "flavor_text": "Le lanceur baisse la t\u00eate pour augmenter sa D\u00e9fense\nau premier tour et percuter l\u2019ennemi au second.",
      "language": {
        "name": "fr",
        "url": "https://pokeapi.co/api/v2/language/5/"
      },
      "version_group": {
        "name": "sword-shield",
        "url": "https://pokeapi.co/api/v2/version-group/20/"
      }
    },
    {
      "flavor_text": "Der Anwender erh\u00f6ht in Runde 1 seine Verteidigung\nund greift in Runde 2 an.",
      "language": {
        "name": "de",
        "url": "https://pokeapi.co/api/v2/language/6/"
      },
      "version_group": {
        "name": "sword-shield",
        "url": "https://pokeapi.co/api/v2/version-group/20/"
      }
    },
    {
      "flavor_text": "El usuario se prepara y sube su Defensa en el primer\nturno y en el segundo arremete con un cabezazo.",
      "language": {
        "name": "es",
        "url": "https://pokeapi.co/api/v2/language/7/"
      },
      "version_group": {
        "name": "sword-shield",
        "url": "https://pokeapi.co/api/v2/version-group/20/"
      }
    },
    {
      "flavor_text": "Chi la usa ritira la testa per aumentare la Difesa\ne poi attacca al turno successivo.",
      "language": {
        "name": "it",
        "url": "https://pokeapi.co/api/v2/language/8/"
      },
      "version_group": {
        "name": "sword-shield",
        "url": "https://pokeapi.co/api/v2/version-group/20/"
      }
    },
    {
      "flavor_text": "The user tucks in its head to raise its Defense\nstat on the first turn, then rams the target on the\nnext turn.",
      "language": {
        "name": "en",
        "url": "https://pokeapi.co/api/v2/language/9/"
      },
      "version_group": {
        "name": "sword-shield",
        "url": "https://pokeapi.co/api/v2/version-group/20/"
      }
    },
    {
      "flavor_text": "\uff11\u30bf\u30fc\u30f3\u76ee\u306b\u3000\u982d\u3092\u3000\u3072\u3063\u3053\u3081\u3066\n\u9632\u5fa1\u3092\u3000\u3042\u3052\u308b\u3002\n\uff12\u30bf\u30fc\u30f3\u76ee\u306b\u3000\u76f8\u624b\u3092\u3000\u653b\u6483\u3059\u308b\u3002",
      "language": {
        "name": "ja",
        "url": "https://pokeapi.co/api/v2/language/11/"
      },
      "version_group": {
        "name": "sword-shield",
        "url": "https://pokeapi.co/api/v2/version-group/20/"
      }
    },
    {
      "flavor_text": "\u7b2c\uff11\u56de\u5408\u628a\u5934\u7f29\u8fdb\u53bb\uff0c\n\u4ece\u800c\u63d0\u9ad8\u9632\u5fa1\u3002\n\u7b2c\uff12\u56de\u5408\u653b\u51fb\u5bf9\u624b\u3002",
      "language": {
        "name": "zh-Hans",
        "url": "https://pokeapi.co/api/v2/language/12/"
      },
      "version_group": {
        "name": "sword-shield",
        "url": "https://pokeapi.co/api/v2/version-group/20/"
      }
    }
  ],
  "generation": {
    "name": "generation-i",
    "url": "https://pokeapi.co/api/v2/generation/1/"
  },
  "id": 130,
  "learned_by_pokemon": [
    {
      "name": "bulbasaur",
      "url": "https://pokeapi.co/api/v2/pokemon/1/"
    },
    {
      "name": "charmander",
      "url": "https://pokeapi.co/api/v2/pokemon/4/"
    },
    {
      "name": "charmeleon",
      "url": "https://pokeapi.co/api/v2/pokemon/5/"
    },
    {
      "name": "charizard",
      "url": "https://pokeapi.co/api/v2/pokemon/6/"
    },
    {
      "name": "squirtle",
      "url": "https://pokeapi.co/api/v2/pokemon/7/"
    },
    {
      "name": "wartortle",
      "url": "https://pokeapi.co/api/v2/pokemon/8/"
    },
    {
      "name": "blastoise",
      "url": "https://pokeapi.co/api/v2/pokemon/9/"
    },
    {
      "name": "beedrill",
      "url": "https://pokeapi.co/api/v2/pokemon/15/"
    },
    {
      "name": "rattata",
      "url": "https://pokeapi.co/api/v2/pokemon/19/"
    },
    {
      "name": "raticate",
      "url": "https://pokeapi.co/api/v2/pokemon/20/"
    },
    {
      "name": "ekans",
      "url": "https://pokeapi.co/api/v2/pokemon/23/"
    },
    {
      "name": "arbok",
      "url": "https://pokeapi.co/api/v2/pokemon/24/"
    },
    {
      "name": "pikachu",
      "url": "https://pokeapi.co/api/v2/pokemon/25/"
    },
    {
      "name": "raichu",
      "url": "https://pokeapi.co/api/v2/pokemon/26/"
    },
    {
      "name": "sandshrew",
      "url": "https://pokeapi.co/api/v2/pokemon/27/"
    },
    {
      "name": "sandslash",
      "url": "https://pokeapi.co/api/v2/pokemon/28/"
    },
    {
      "name": "nidoran-f",
      "url": "https://pokeapi.co/api/v2/pokemon/29/"
    },
    {
      "name": "nidorina",
      "url": "https://pokeapi.co/api/v2/pokemon/30/"
    },
    {
      "name": "nidoqueen",
      "url": "https://pokeapi.co/api/v2/pokemon/31/"
    },
    {
      "name": "nidoran-m",
      "url": "https://pokeapi.co/api/v2/pokemon/32/"
    },
    {
      "name": "nidorino",
      "url": "https://pokeapi.co/api/v2/pokemon/33/"
    },
    {
      "name": "nidoking",
      "url": "https://pokeapi.co/api/v2/pokemon/34/"
    },
    {
      "name": "clefairy",
      "url": "https://pokeapi.co/api/v2/pokemon/35/"
    },
    {
      "name": "clefable",
      "url": "https://pokeapi.co/api/v2/pokemon/36/"
    },
    {
      "name": "vulpix",
      "url": "https://pokeapi.co/api/v2/pokemon/37/"
    },
    {
      "name": "ninetales",
      "url": "https://pokeapi.co/api/v2/pokemon/38/"
    },
    {
      "name": "jigglypuff",
      "url": "https://pokeapi.co/api/v2/pokemon/39/"
    },
    {
      "name": "wigglytuff",
      "url": "https://pokeapi.co/api/v2/pokemon/40/"
    },
    {
      "name": "paras",
      "url": "https://pokeapi.co/api/v2/pokemon/46/"
    },
    {
      "name": "parasect",
      "url": "https://pokeapi.co/api/v2/pokemon/47/"
    },
    {
      "name": "meowth",
      "url": "https://pokeapi.co/api/v2/pokemon/52/"
    },
    {
      "name": "persian",
      "url": "https://pokeapi.co/api/v2/pokemon/53/"
    },
    {
      "name": "psyduck",
      "url": "https://pokeapi.co/api/v2/pokemon/54/"
    },
    {
      "name": "golduck",
      "url": "https://pokeapi.co/api/v2/pokemon/55/"
    },
    {
      "name": "mankey",
      "url": "https://pokeapi.co/api/v2/pokemon/56/"
    },
    {
      "name": "primeape",
      "url": "https://pokeapi.co/api/v2/pokemon/57/"
    },
    {
      "name": "growlithe",
      "url": "https://pokeapi.co/api/v2/pokemon/58/"
    },
    {
      "name": "arcanine",
      "url": "https://pokeapi.co/api/v2/pokemon/59/"
    },
    {
      "name": "poliwag",
      "url": "https://pokeapi.co/api/v2/pokemon/60/"
    },
    {
      "name": "poliwhirl",
      "url": "https://pokeapi.co/api/v2/pokemon/61/"
    },
    {
      "name": "poliwrath",
      "url": "https://pokeapi.co/api/v2/pokemon/62/"
    },
    {
      "name": "abra",
      "url": "https://pokeapi.co/api/v2/pokemon/63/"
    },
    {
      "name": "kadabra",
      "url": "https://pokeapi.co/api/v2/pokemon/64/"
    },
    {
      "name": "alakazam",
      "url": "https://pokeapi.co/api/v2/pokemon/65/"
    },
    {
      "name": "machop",
      "url": "https://pokeapi.co/api/v2/pokemon/66/"
    },
    {
      "name": "machoke",
      "url": "https://pokeapi.co/api/v2/pokemon/67/"
    },
    {
      "name": "machamp",
      "url": "https://pokeapi.co/api/v2/pokemon/68/"
    },
    {
      "name": "tentacool",
      "url": "https://pokeapi.co/api/v2/pokemon/72/"
    },
    {
      "name": "tentacruel",
      "url": "https://pokeapi.co/api/v2/pokemon/73/"
    },
    {
      "name": "ponyta",
      "url": "https://pokeapi.co/api/v2/pokemon/77/"
    },
    {
      "name": "rapidash",
      "url": "https://pokeapi.co/api/v2/pokemon/78/"
    },
    {
      "name": "slowpoke",
      "url": "https://pokeapi.co/api/v2/pokemon/79/"
    },
    {
      "name": "slowbro",
      "url": "https://pokeapi.co/api/v2/pokemon/80/"
    },
    {
      "name": "farfetchd",
      "url": "https://pokeapi.co/api/v2/pokemon/83/"
    },
    {
      "name": "doduo",
      "url": "https://pokeapi.co/api/v2/pokemon/84/"
    },
    {
      "name": "dodrio",
      "url": "https://pokeapi.co/api/v2/pokemon/85/"
    },
    {
      "name": "seel",
      "url": "https://pokeapi.co/api/v2/pokemon/86/"
    },
    {
      "name": "dewgong",
      "url": "https://pokeapi.co/api/v2/pokemon/87/"
    },
    {
      "name": "gengar",
      "url": "https://pokeapi.co/api/v2/pokemon/94/"
    },
    {
      "name": "onix",
      "url": "https://pokeapi.co/api/v2/pokemon/95/"
    },
    {
      "name": "drowzee",
      "url": "https://pokeapi.co/api/v2/pokemon/96/"
    },
    {
      "name": "hypno",
      "url": "https://pokeapi.co/api/v2/pokemon/97/"
    },
    {
      "name": "electrode",
      "url": "https://pokeapi.co/api/v2/pokemon/101/"
    },
    {
      "name": "cubone",
      "url": "https://pokeapi.co/api/v2/pokemon/104/"
    },
    {
      "name": "marowak",
      "url": "https://pokeapi.co/api/v2/pokemon/105/"
    },
    {
      "name": "hitmonlee",
      "url": "https://pokeapi.co/api/v2/pokemon/106/"
    },
    {
      "name": "hitmonchan",
      "url": "https://pokeapi.co/api/v2/pokemon/107/"
    },
    {
      "name": "lickitung",
      "url": "https://pokeapi.co/api/v2/pokemon/108/"
    },
    {
      "name": "rhyhorn",
      "url": "https://pokeapi.co/api/v2/pokemon/111/"
    },
    {
      "name": "rhydon",
      "url": "https://pokeapi.co/api/v2/pokemon/112/"
    },
    {
      "name": "chansey",
      "url": "https://pokeapi.co/api/v2/pokemon/113/"
    },
    {
      "name": "tangela",
      "url": "https://pokeapi.co/api/v2/pokemon/114/"
    },
    {
      "name": "kangaskhan",
      "url": "https://pokeapi.co/api/v2/pokemon/115/"
    },
    {
      "name": "horsea",
      "url": "https://pokeapi.co/api/v2/pokemon/116/"
    },
    {
      "name": "seadra",
      "url": "https://pokeapi.co/api/v2/pokemon/117/"
    },
    {
      "name": "goldeen",
      "url": "https://pokeapi.co/api/v2/pokemon/118/"
    },
    {
      "name": "seaking",
      "url": "https://pokeapi.co/api/v2/pokemon/119/"
    },
    {
      "name": "staryu",
      "url": "https://pokeapi.co/api/v2/pokemon/120/"
    },
    {
      "name": "starmie",
      "url": "https://pokeapi.co/api/v2/pokemon/121/"
    },
    {
      "name": "mr-mime",
      "url": "https://pokeapi.co/api/v2/pokemon/122/"
    },
    {
      "name": "scyther",
      "url": "https://pokeapi.co/api/v2/pokemon/123/"
    },
    {
      "name": "jynx",
      "url": "https://pokeapi.co/api/v2/pokemon/124/"
    },
    {
      "name": "electabuzz",
      "url": "https://pokeapi.co/api/v2/pokemon/125/"
    },
    {
      "name": "magmar",
      "url": "https://pokeapi.co/api/v2/pokemon/126/"
    },
    {
      "name": "tauros",
      "url": "https://pokeapi.co/api/v2/pokemon/128/"
    },
    {
      "name": "gyarados",
      "url": "https://pokeapi.co/api/v2/pokemon/130/"
    },
    {
      "name": "lapras",
      "url": "https://pokeapi.co/api/v2/pokemon/131/"
    },
    {
      "name": "eevee",
      "url": "https://pokeapi.co/api/v2/pokemon/133/"
    },
    {
      "name": "vaporeon",
      "url": "https://pokeapi.co/api/v2/pokemon/134/"
    },
    {
      "name": "jolteon",
      "url": "https://pokeapi.co/api/v2/pokemon/135/"
    },
    {
      "name": "flareon",
      "url": "https://pokeapi.co/api/v2/pokemon/136/"
    },
    {
      "name": "porygon",
      "url": "https://pokeapi.co/api/v2/pokemon/137/"
    },
    {
      "name": "omastar",
      "url": "https://pokeapi.co/api/v2/pokemon/139/"
    },
    {
      "name": "kabutops",
      "url": "https://pokeapi.co/api/v2/pokemon/141/"
    },
    {
      "name": "snorlax",
      "url": "https://pokeapi.co/api/v2/pokemon/143/"
    },
    {
      "name": "dratini",
      "url": "https://pokeapi.co/api/v2/pokemon/147/"
    },
    {
      "name": "dragonair",
      "url": "https://pokeapi.co/api/v2/pokemon/148/"
    },
    {
      "name": "dragonite",
      "url": "https://pokeapi.co/api/v2/pokemon/149/"
    },
    {
      "name": "mewtwo",
      "url": "https://pokeapi.co/api/v2/pokemon/150/"
    },
    {
      "name": "mew",
      "url": "https://pokeapi.co/api/v2/pokemon/151/"
    },
    {
      "name": "sharpedo",
      "url": "https://pokeapi.co/api/v2/pokemon/319/"
    },
    {
      "name": "torkoal",
      "url": "https://pokeapi.co/api/v2/pokemon/324/"
    },
    {
      "name": "relicanth",
      "url": "https://pokeapi.co/api/v2/pokemon/369/"
    },
    {
      "name": "bidoof",
      "url": "https://pokeapi.co/api/v2/pokemon/399/"
    },
    {
      "name": "snover",
      "url": "https://pokeapi.co/api/v2/pokemon/459/"
    },
    {
      "name": "drilbur",
      "url": "https://pokeapi.co/api/v2/pokemon/529/"
    },
    {
      "name": "bouffalant",
      "url": "https://pokeapi.co/api/v2/pokemon/626/"
    },
    {
      "name": "barbaracle",
      "url": "https://pokeapi.co/api/v2/pokemon/689/"
    },
    {
      "name": "avalugg",
      "url": "https://pokeapi.co/api/v2/pokemon/713/"
    },
    {
      "name": "tapu-bulu",
      "url": "https://pokeapi.co/api/v2/pokemon/787/"
    },
    {
      "name": "celesteela",
      "url": "https://pokeapi.co/api/v2/pokemon/797/"
    },
    {
      "name": "chewtle",
      "url": "https://pokeapi.co/api/v2/pokemon/833/"
    },
    {
      "name": "sandaconda",
      "url": "https://pokeapi.co/api/v2/pokemon/844/"
    },
    {
      "name": "blastoise-mega",
      "url": "https://pokeapi.co/api/v2/pokemon/10036/"
    },
    {
      "name": "sharpedo-mega",
      "url": "https://pokeapi.co/api/v2/pokemon/10070/"
    },
    {
      "name": "pikachu-kalos-cap",
      "url": "https://pokeapi.co/api/v2/pokemon/10098/"
    }
  ],
  "machines": [
    {
      "machine": {
        "url": "https://pokeapi.co/api/v2/machine/782/"
      },
      "version_group": {
        "name": "red-blue",
        "url": "https://pokeapi.co/api/v2/version-group/1/"
      }
    },
    {
      "machine": {
        "url": "https://pokeapi.co/api/v2/machine/783/"
      },
      "version_group": {
        "name": "yellow",
        "url": "https://pokeapi.co/api/v2/version-group/2/"
      }
    }
  ],
  "meta": {
    "ailment": {
      "name": "none",
      "url": "https://pokeapi.co/api/v2/move-ailment/0/"
    },
    "ailment_chance": 100,
    "category": {
      "name": "damage",
      "url": "https://pokeapi.co/api/v2/move-category/0/"
    },
    "crit_rate": 0,
    "drain": 0,
    "flinch_chance": 0,
    "healing": 0,
    "max_hits": null,
    "max_turns": null,
    "min_hits": null,
    "min_turns": null,
    "stat_chance": 0
  },
  "name": "skull-bash",
  "names": [
    {
      "language": {
        "name": "ja-Hrkt",
        "url": "https://pokeapi.co/api/v2/language/1/"
      },
      "name": "\u30ed\u30b1\u30c3\u30c8\u305a\u3064\u304d"
    },
    {
      "language": {
        "name": "ko",
        "url": "https://pokeapi.co/api/v2/language/3/"
      },
      "name": "\ub85c\ucf00\ud2b8\ubc15\uce58\uae30"
    },
    {
      "language": {
        "name": "zh-Hant",
        "url": "https://pokeapi.co/api/v2/language/4/"
      },
      "name": "\u706b\u7bad\u982d\u9318"
    },
    {
      "language": {
        "name": "fr",
        "url": "https://pokeapi.co/api/v2/language/5/"
      },
      "name": "Coud\u2019Kr\u00e2ne"
    },
    {
      "language": {
        "name": "de",
        "url": "https://pokeapi.co/api/v2/language/6/"
      },
      "name": "Sch\u00e4delwumme"
    },
    {
      "language": {
        "name": "es",
        "url": "https://pokeapi.co/api/v2/language/7/"
      },
      "name": "Cabezazo"
    },
    {
      "language": {
        "name": "it",
        "url": "https://pokeapi.co/api/v2/language/8/"
      },
      "name": "Capocciata"
    },
    {
      "language": {
        "name": "en",
        "url": "https://pokeapi.co/api/v2/language/9/"
      },
      "name": "Skull Bash"
    },
    {
      "language": {
        "name": "ja",
        "url": "https://pokeapi.co/api/v2/language/11/"
      },
      "name": "\u30ed\u30b1\u30c3\u30c8\u305a\u3064\u304d"
    },
    {
      "language": {
        "name": "zh-Hans",
        "url": "https://pokeapi.co/api/v2/language/12/"
      },
      "name": "\u706b\u7bad\u5934\u9524"
    }
  ],
  "past_values": [
    {
      "accuracy": null,
      "effect_chance": null,
      "effect_entries": [],
      "power": 100,
      "pp": 15,
      "type": null,
      "version_group": {
        "name": "x-y",
        "url": "https://pokeapi.co/api/v2/version-group/15/"
      }
    }
  ],
  "power": 130,
  "pp": 10,
  "priority": 0,
  "stat_changes": [],
  "super_contest_effect": {
    "url": "https://pokeapi.co/api/v2/super-contest-effect/6/"
  },
  "target": {
    "name": "selected-pokemon",
    "url": "https://pokeapi.co/api/v2/move-target/10/"
  },
  "type": {
    "name": "normal",
    "url": "https://pokeapi.co/api/v2/type/1/"
  }
}