{
  "accuracy": 100,
  "contest_combos": {
    "normal": {
      "use_after": [
        {
          "name": "rain-dance",
          "url": "https://pokeapi.co/api/v2/move/240/"
        },
        {
          "name": "dive",
          "url": "https://pokeapi.co/api/v2/move/291/"
        }
      ],
      "use_before": [
        {
          "name": "dive",
          "url": "https://pokeapi.co/api/v2/move/291/"
        }
      ]
    },
    "super": {
      "use_after": null,
      "use_before": null
    }
  },
  "contest_effect": {
    "url": "https://pokeapi.co/api/v2/contest-effect/2/"
  },
  "contest_type": {
    "name": "beauty",
    "url": "https://pokeapi.co/api/v2/contest-type/2/"
  },
  "damage_class": {
    "name": "special",
    "url": "https://pokeapi.co/api/v2/move-damage-class/3/"
  },
  "effect_chance": null,
  "effect_changes": [],
  "effect_entries": [
    {
      "effect": "Inflicts regular damage.\n\nIf the target is in the first turn of dive, this move will hit with double power.",
      "language": {
        "name": "en",
        "url": "https://pokeapi.co/api/v2/language/9/"
      },
      "short_effect": "Inflicts regular damage and can hit Dive users."
    }
  ],
  "flavor_text_entries": [
    {
      "flavor_text": "\u5927\u304d\u306a\u3000\u6ce2\u3067\u3000\u81ea\u5206\u306e\n\u5468\u308a\u306b\u3000\u3044\u308b\u3082\u306e\u3092\u3000\u653b\u6483\u3059\u308b\u3002",
      "language": {
        "name": "ja",
        "url": "https://pokeapi.co/api/v2/language/11/"
      },
      "version_group": {
        "name": "sun-moon",
        "url": "https://pokeapi.co/api/v2/version-group/17/"
      }
    },
    {
      "flavor_text": "A strong water-\ntype attack.",
      "language": {
        "name": "en",
        "url": "https://pokeapi.co/api/v2/language/9/"
      },
      "version_group": {
        "name": "gold-silver",
        "url": "https://pokeapi.co/api/v2/version-group/3/"
      }
    },
    {
      "flavor_text": "A strong water-\ntype attack.",
      "language": {
        "name": "en",
        "url": "https://pokeapi.co/api/v2/language/9/"
      },
      "version_group": {
        "name": "crystal",
        "url": "https://pokeapi.co/api/v2/version-group/4/"
      }
    },
    {
      "flavor_text": "Creates a huge wave, then\ncrashes it down on the foe.",
      "language": {
        "name": "en",
        "url": "https://pokeapi.co/api/v2/language/9/"
      },
      "version_group": {
        "name": "ruby-sapphire",
        "url": "https://pokeapi.co/api/v2/version-group/5/"
      }
    },
    {
      "flavor_text": "Creates a huge wave, then\ncrashes it down on the foe.",
      "language": {
        "name": "en",
        "url": "https://pokeapi.co/api/v2/language/9/"
      },
      "version_group": {
        "name": "emerald",
        "url": "https://pokeapi.co/api/v2/version-group/6/"
      }
    },
    {
      "flavor_text": "A big wave crashes\ndown on the foe.\nCan also be used\nfor crossing water.",
      "language": {
        "name": "en",
        "url": "https://pokeapi.co/api/v2/language/9/"
      },
      "version_group": {
        "name": "firered-leafgreen",
        "url": "https://pokeapi.co/api/v2/version-group/7/"
      }
    },
    {
      "flavor_text": "It swamps the entire\nbattlefield with a\ngiant wave.\nIt can also be used\nfor crossing water.",
      "language": {
        "name": "en",
        "url": "https://pokeapi.co/api/v2/language/9/"
      },
      "version_group": {
        "name": "diamond-pearl",
        "url": "https://pokeapi.co/api/v2/version-group/8/"
      }
    },
    {
      "flavor_text": "It swamps the entire\nbattlefield with a\ngiant wave.\nIt can also be used\nfor crossing water.",
      "language": {
        "name": "en",
        "url": "https://pokeapi.co/api/v2/language/9/"
      },
      "version_group": {
        "name": "platinum",
        "url": "https://pokeapi.co/api/v2/version-group/9/"
      }
    },
    {
      "flavor_text": "It swamps the entire\nbattlefield with a\ngiant wave.\nIt can also be used\nfor crossing water.",
      "language": {
        "name": "en",
        "url": "https://pokeapi.co/api/v2/language/9/"
      },
      "version_group": {
        "name": "heartgold-soulsilver",
        "url": "https://pokeapi.co/api/v2/version-group/10/"
      }
    },
    {
      "flavor_text": "Une \u00e9norme vague s\u2019abat sur le\nchamp de bataille. Permet aussi\nde voyager sur l\u2019eau.",
      "language": {
        "name": "fr",
        "url": "https://pokeapi.co/api/v2/language/5/"
      },
      "version_group": {
        "name": "black-white",
        "url": "https://pokeapi.co/api/v2/version-group/11/"
      }
    },
    {
      "flavor_text": "It swamps the area around the user\nwith a giant wave.\nIt can also be used for crossing water.",
      "language": {
        "name": "en",
        "url": "https://pokeapi.co/api/v2/language/9/"
      },
      "version_group": {
        "name": "black-white",
        "url": "https://pokeapi.co/api/v2/version-group/11/"
      }
    },
    {
      "flavor_text": "It swamps the area around the user\nwith a giant wave.\nIt can also be used for crossing water.",
      "language": {
        "name": "en",
        "url": "https://pokeapi.co/api/v2/language/9/"
      },
      "version_group": {
        "name": "black-2-white-2",
        "url": "https://pokeapi.co/api/v2/version-group/14/"
      }
    },
    {
      "flavor_text": "\u304a\u304a\u304d\u306a\u3000\u306a\u307f\u3067\u3000\u3058\u3076\u3093\u306e\n\u307e\u308f\u308a\u306b\u3000\u3044\u308b\u3082\u306e\u3092\u3000\u3053\u3046\u3052\u304d\u3059\u308b\u3002\n\u307f\u305a\u306e\u3000\u3046\u3048\u3082\u3000\u304a\u3088\u3044\u3067\u3000\u3059\u3059\u3081\u308b\u3002",
      "language": {
        "name": "ja-Hrkt",
        "url": "https://pokeapi.co/api/v2/language/1/"
      },
      "version_group": {
        "name": "x-y",
        "url": "https://pokeapi.co/api/v2/version-group/15/"
      }
    },
    {
      "flavor_text": "\ud070 \ud30c\ub3c4\ub85c \uc790\uc2e0\uc758\n\uc8fc\uc704\uc5d0 \uc788\ub294 \ud3ec\ucf13\ubaac\uc744 \uacf5\uaca9\ud55c\ub2e4.\n\ubb3c \uc704\ub3c4 \ud5e4\uc5c4\uccd0\uc11c \ub098\uc544\uac04\ub2e4.",
      "language": {
        "name": "ko",
        "url": "https://pokeapi.co/api/v2/language/3/"
      },
      "version_group": {
        "name": "x-y",
        "url": "https://pokeapi.co/api/v2/version-group/15/"
      }
    },
    {
      "flavor_text": "Une \u00e9norme vague s\u2019abat sur le champ de bataille.\nPermet aussi de voyager sur l\u2019eau.",
      "language": {
        "name": "fr",
        "url": "https://pokeapi.co/api/v2/language/5/"
      },
      "version_group": {
        "name": "x-y",
        "url": "https://pokeapi.co/api/v2/version-group/15/"
      }
    },
    {
      "flavor_text": "Eine Welle bricht \u00fcber alle Pok\u00e9mon in der N\u00e4he\ndes Anwenders herein. Macht Surfen m\u00f6glich.",
      "language": {
        "name": "de",
        "url": "https://pokeapi.co/api/v2/language/6/"
      },
      "version_group": {
        "name": "x-y",
        "url": "https://pokeapi.co/api/v2/version-group/15/"
      }
    },
    {
      "flavor_text": "Inunda el campo de batalla con una ola gigante.\nFuera de batalla sirve para moverse sobre el agua.",
      "language": {
        "name": "es",
        "url": "https://pokeapi.co/api/v2/language/7/"
      },
      "version_group": {
        "name": "x-y",
        "url": "https://pokeapi.co/api/v2/version-group/15/"
      }
    },
    {
      "flavor_text": "Un\u2019onda enorme sommerge il campo di lotta,\ncolpendo tutti i Pok\u00e9mon intorno a chi la scatena.\nFuori dalla lotta si usa per spostarsi sull\u2019acqua.",
      "language": {
        "name": "it",
        "url": "https://pokeapi.co/api/v2/language/8/"
      },
      "version_group": {
        "name": "x-y",
        "url": "https://pokeapi.co/api/v2/version-group/15/"
      }
    },
    {
      "flavor_text": "The user attacks everything around it by\nswamping its surroundings with a giant wave.\nThis can also be used for crossing water.",
      "language": {
        "name": "en",
        "url": "https://pokeapi.co/api/v2/language/9/"
      },
      "version_group": {
        "name": "x-y",
        "url": "https://pokeapi.co/api/v2/version-group/15/"
      }
    },
    {
      "flavor_text": "\u5927\u304d\u306a\u3000\u6ce2\u3067\u3000\u81ea\u5206\u306e\n\u5468\u308a\u306b\u3000\u3044\u308b\u3082\u306e\u3092\u3000\u653b\u6483\u3059\u308b\u3002\n\u6c34\u4e0a\u3082\u3000\u6cf3\u3044\u3067\u3000\u9032\u3081\u308b\u3002",
      "language": {
        "name": "ja",
        "url": "https://pokeapi.co/api/v2/language/11/"
      },
      "version_group": {
        "name": "x-y",
        "url": "https://pokeapi.co/api/v2/version-group/15/"
      }
    },
    {
      "flavor_text": "\u304a\u304a\u304d\u306a\u3000\u306a\u202f\u3067\u3000\u3058\u3076\u3093\u306e\n\u307e\u308f\u308a\u306b\u3000\u3044\u308b\u3082\u306e\u3092\u3000\u3053\u3046\u3052\u304d\u3059\u308b\u3002\n\u202f\u305a\u306e\u3000\u3046\u3048\u3082\u3000\u304a\u3088\u3044\u3067\u3000\u3059\u3059\u3081\u308b\u3002",
      "language": {
        "name": "ja-Hrkt",
        "url": "https://pokeapi.co/api/v2/language/1/"
      },
      "version_group": {
        "name": "omega-ruby-alpha-sapphire",
        "url": "https://pokeapi.co/api/v2/version-group/16/"
      }
    },
    {
      "flavor_text": "\ud070 \ud30c\ub3c4\ub85c \uc790\uc2e0\uc758\n\uc8fc\uc704\uc5d0 \uc788\ub294 \ud3ec\ucf13\ubaac\uc744 \uacf5\uaca9\ud55c\ub2e4.\n\ubb3c \uc704\ub3c4 \ud5e4\uc5c4\uccd0\uc11c \ub098\uc544\uac04\ub2e4.",
      "language": {
        "name": "ko",
        "url": "https://pokeapi.co/api/v2/language/3/"
      },
      "version_group": {
        "name": "omega-ruby-alpha-sapphire",
        "url": "https://pokeapi.co/api/v2/version-group/16/"
      }
    },
    {
      "flavor_text": "Une \u00e9norme vague s\u2019abat sur le champ de bataille.\nPermet aussi de voyager sur l\u2019eau.",
      "language": {
        "name": "fr",
        "url": "https://pokeapi.co/api/v2/language/5/"
      },
      "version_group": {
        "name": "omega-ruby-alpha-sapphire",
        "url": "https://pokeapi.co/api/v2/version-group/16/"
      }
    },
    {
      "flavor_text": "Eine Welle bricht \u00fcber alle Pok\u00e9mon in der N\u00e4he\ndes Anwenders herein. Macht Surfen m\u00f6glich.",
      "language": {
        "name": "de",
        "url": "https://pokeapi.co/api/v2/language/6/"
      },
      "version_group": {
        "name": "omega-ruby-alpha-sapphire",
        "url": "https://pokeapi.co/api/v2/version-group/16/"
      }
    },
    {
      "flavor_text": "Inunda el campo de batalla con una ola gigante. \nFuera de batalla sirve para moverse sobre el agua. ",
      "language": {
        "name": "es",
        "url": "https://pokeapi.co/api/v2/language/7/"
      },
      "version_group": {
        "name": "omega-ruby-alpha-sapphire",
        "url": "https://pokeapi.co/api/v2/version-group/16/"
      }
    },
    {
      "flavor_text": "Un\u2019onda enorme sommerge il campo di lotta,\ncolpendo tutti i Pok\u00e9mon intorno a chi la scatena.\nFuori dalla lotta si usa per spostarsi sull\u2019acqua.",
      "language": {
        "name": "it",
        "url": "https://pokeapi.co/api/v2/language/8/"
      },
      "version_group": {
        "name": "omega-ruby-alpha-sapphire",
        "url": "https://pokeapi.co/api/v2/version-group/16/"
      }
    },
    {
      "flavor_text": "The user attacks everything around it by\nswamping its surroundings with a giant wave.\nThis can also be used for crossing water.",
      "language": {
        "name": "en",
        "url": "https://pokeapi.co/api/v2/language/9/"
      },
      "version_group": {
        "name": "omega-ruby-alpha-sapphire",
        "url": "https://pokeapi.co/api/v2/version-group/16/"
      }
    },
    {
      "flavor_text": "\u5927\u304d\u306a\u3000\u6ce2\u3067\u3000\u81ea\u5206\u306e\n\u5468\u308a\u306b\u3000\u3044\u308b\u3082\u306e\u3092\u3000\u653b\u6483\u3059\u308b\u3002\n\u6c34\u4e0a\u3082\u3000\u6cf3\u3044\u3067\u3000\u9032\u3081\u308b\u3002",
      "language": {
        "name": "ja",
        "url": "https://pokeapi.co/api/v2/language/11/"
      },
      "version_group": {
        "name": "omega-ruby-alpha-sapphire",
        "url": "https://pokeapi.co/api/v2/version-group/16/"
      }
    },
    {
      "flavor_text": "\u304a\u304a\u304d\u306a\u3000\u306a\u307f\u3067\u3000\u3058\u3076\u3093\u306e\n\u307e\u308f\u308a\u306b\u3000\u3044\u308b\u3082\u306e\u3092\u3000\u3053\u3046\u3052\u304d\u3059\u308b\u3002",
      "language": {
        "name": "ja-Hrkt",
        "url": "https://pokeapi.co/api/v2/language/1/"
      },
      "version_group": {
        "name": "sun-moon",
        "url": "https://pokeapi.co/api/v2/version-group/17/"
      }
    },
    {
      "flavor_text": "\ud070 \ud30c\ub3c4\ub85c \uc790\uc2e0\uc758\n\uc8fc\uc704\uc5d0 \uc788\ub294 \ud3ec\ucf13\ubaac\uc744 \uacf5\uaca9\ud55c\ub2e4.",
      "language": {
        "name": "ko",
        "url": "https://pokeapi.co/api/v2/language/3/"
      },
      "version_group": {
        "name": "sun-moon",
        "url": "https://pokeapi.co/api/v2/version-group/17/"
      }
    },
    {
      "flavor_text": "\u4f7f\u7528\u5927\u6d6a\n\u653b\u64ca\u81ea\u5df1\u5468\u570d\u6240\u6709\u7684\u5bf6\u53ef\u5922\u3002",
      "language": {
        "name": "zh-Hant",
        "url": "https://pokeapi.co/api/v2/language/4/"
      },
      "version_group": {
        "name": "sun-moon",
        "url": "https://pokeapi.co/api/v2/version-group/17/"
      }
    },
    {
      "flavor_text": "Une \u00e9norme vague s\u2019abat sur le champ de bataille\net inflige des d\u00e9g\u00e2ts \u00e0 tous les Pok\u00e9mon autour\ndu lanceur.",
      "language": {
        "name": "fr",
        "url": "https://pokeapi.co/api/v2/language/5/"
      },
      "version_group": {
        "name": "sun-moon",
        "url": "https://pokeapi.co/api/v2/version-group/17/"
      }
    },
    {
      "flavor_text": "Eine Welle bricht \u00fcber alle Pok\u00e9mon in der N\u00e4he des\nAnwenders herein.",
      "language": {
        "name": "de",
        "url": "https://pokeapi.co/api/v2/language/6/"
      },
      "version_group": {
        "name": "sun-moon",
        "url": "https://pokeapi.co/api/v2/version-group/17/"
      }
    },
    {
      "flavor_text": "Inunda el terreno de combate con una ola gigante.",
      "language": {
        "name": "es",
        "url": "https://pokeapi.co/api/v2/language/7/"
      },
      "version_group": {
        "name": "sun-moon",
        "url": "https://pokeapi.co/api/v2/version-group/17/"
      }
    },
    {
      "flavor_text": "Un\u2019onda enorme sommerge il campo di lotta,\ncolpendo tutti i Pok\u00e9mon intorno a chi la scatena.",
      "language": {
        "name": "it",
        "url": "https://pokeapi.co/api/v2/language/8/"
      },
      "version_group": {
        "name": "sun-moon",
        "url": "https://pokeapi.co/api/v2/version-group/17/"
      }
    },
    {
      "flavor_text": "The user attacks everything around it by swamping\nits surroundings with a giant wave.",
      "language": {
        "name": "en",
        "url": "https://pokeapi.co/api/v2/language/9/"
      },
      "version_group": {
        "name": "sun-moon",
        "url": "https://pokeapi.co/api/v2/version-group/17/"
      }
    },
    {
      "flavor_text": "\u5229\u7528\u5927\u6d6a\n\u653b\u51fb\u81ea\u5df1\u5468\u56f4\u6240\u6709\u7684\u5b9d\u53ef\u68a6\u3002",
      "language": {
        "name": "zh-Hans",
        "url": "https://pokeapi.co/api/v2/language/12/"
      },
      "version_group": {
        "name": "sun-moon",
        "url": "https://pokeapi.co/api/v2/version-group/17/"
      }
    },
    {
      "flavor_text": "\u304a\u304a\u304d\u306a\u3000\u306a\u307f\u3067\u3000\u3058\u3076\u3093\u306e\n\u307e\u308f\u308a\u306b\u3000\u3044\u308b\u3082\u306e\u3092\u3000\u3053\u3046\u3052\u304d\u3059\u308b\u3002",
      "language": {
        "name": "ja-Hrkt",
        "url": "https://pokeapi.co/api/v2/language/1/"
      },
      "version_group": {
        "name": "ultra-sun-ultra-moon",
        "url": "https://pokeapi.co/api/v2/version-group/18/"
      }
    },
    {
      "flavor_text": "\ud070 \ud30c\ub3c4\ub85c \uc790\uc2e0\uc758\n\uc8fc\uc704\uc5d0 \uc788\ub294 \ud3ec\ucf13\ubaac\uc744 \uacf5\uaca9\ud55c\ub2e4.",
      "language": {
        "name": "ko",
        "url": "https://pokeapi.co/api/v2/language/3/"
      },
      "version_group": {
        "name": "ultra-sun-ultra-moon",
        "url": "https://pokeapi.co/api/v2/version-group/18/"
      }
    },
    {
      "flavor_text": "\u4f7f\u7528\u5927\u6d6a\n\u653b\u64ca\u81ea\u5df1\u5468\u570d\u6240\u6709\u7684\u5bf6\u53ef\u5922\u3002",
      "language": {
        "name": "zh-Hant",
        "url": "https://pokeapi.co/api/v2/language/4/"
      },
      "version_group": {
        "name": "ultra-sun-ultra-moon",
        "url": "https://pokeapi.co/api/v2/version-group/18/"
      }
    },
    {
      "flavor_text": "Une \u00e9norme vague s\u2019abat sur le champ de bataille\net inflige des d\u00e9g\u00e2ts \u00e0 tous les Pok\u00e9mon autour\ndu lanceur.",
      "language": {
        "name": "fr",
        "url": "https://pokeapi.co/api/v2/language/5/"
      },
      "version_group": {
        "name": "ultra-sun-ultra-moon",
        "url": "https://pokeapi.co/api/v2/version-group/18/"
      }
    },
    {
      "flavor_text": "Eine Welle bricht \u00fcber alle Pok\u00e9mon in der N\u00e4he des\nAnwenders herein.",
      "language": {
        "name": "de",
        "url": "https://pokeapi.co/api/v2/language/6/"
      },
      "version_group": {
        "name": "ultra-sun-ultra-moon",
        "url": "https://pokeapi.co/api/v2/version-group/18/"
      }
    },
    {
      "flavor_text": "Inunda el terreno de combate con una ola gigante.",
      "language": {
        "name": "es",
        "url": "https://pokeapi.co/api/v2/language/7/"
      },
      "version_group": {
        "name": "ultra-sun-ultra-moon",
        "url": "https://pokeapi.co/api/v2/version-group/18/"
      }
    },
    {
      "flavor_text": "Un\u2019onda enorme sommerge il campo di lotta,\ncolpendo tutti i Pok\u00e9mon intorno a chi la scatena.",
      "language": {
        "name": "it",
        "url": "https://pokeapi.co/api/v2/language/8/"
      },
      "version_group": {
        "name": "ultra-sun-ultra-moon",
        "url": "https://pokeapi.co/api/v2/version-group/18/"
      }
    },
    {
      "flavor_text": "The user attacks everything around it by swamping\nits surroundings with a giant wave.",
      "language": {
        "name": "en",
        "url": "https://pokeapi.co/api/v2/language/9/"
      },
      "version_group": {
        "name": "ultra-sun-ultra-moon",
        "url": "https://pokeapi.co/api/v2/version-group/18/"
      }
    },
    {
      "flavor_text": "\u5927\u304d\u306a\u3000\u6ce2\u3067\u3000\u81ea\u5206\u306e\n\u5468\u308a\u306b\u3000\u3044\u308b\u3082\u306e\u3092\u3000\u653b\u6483\u3059\u308b\u3002",
      "language": {
        "name": "ja",
        "url": "https://pokeapi.co/api/v2/language/11/"
      },
      "version_group": {
        "name": "ultra-sun-ultra-moon",
        "url": "https://pokeapi.co/api/v2/version-group/18/"
      }
    },
    {
      "flavor_text": "\u5229\u7528\u5927\u6d6a\n\u653b\u51fb\u81ea\u5df1\u5468\u56f4\u6240\u6709\u7684\u5b9d\u53ef\u68a6\u3002",
      "language": {
        "name": "zh-Hans",
        "url": "https://pokeapi.co/api/v2/language/12/"
      },
      "version_group": {
        "name": "ultra-sun-ultra-moon",
        "url": "https://pokeapi.co/api/v2/version-group/18/"
      }
    },
    {
      "flavor_text": "\u304a\u304a\u304d\u306a\u3000\u306a\u307f\u3067\u3000\u3058\u3076\u3093\u306e\n\u307e\u308f\u308a\u306b\u3000\u3044\u308b\u3082\u306e\u3092\u3000\u3053\u3046\u3052\u304d\u3059\u308b\u3002",
      "language": {
        "name": "ja-Hrkt",
        "url": "https://pokeapi.co/api/v2/language/1/"
      },
      "version_group": {
        "name": "lets-go-pikachu-lets-go-eevee",
        "url": "https://pokeapi.co/api/v2/version-group/19/"
      }
    },
    {
      "flavor_text": "\ud070 \ud30c\ub3c4\ub85c \uc790\uc2e0\uc758\n\uc8fc\uc704\uc5d0 \uc788\ub294 \ud3ec\ucf13\ubaac\uc744 \uacf5\uaca9\ud55c\ub2e4.",
      "language": {
        "name": "ko",
        "url": "https://pokeapi.co/api/v2/language/3/"
      },
      "version_group": {
        "name": "lets-go-pikachu-lets-go-eevee",
        "url": "https://pokeapi.co/api/v2/version-group/19/"
      }
    },
    {
      "flavor_text": "\u4f7f\u7528\u5927\u6d6a\n\u653b\u64ca\u81ea\u5df1\u5468\u570d\u6240\u6709\u7684\u5bf6\u53ef\u5922\u3002",
      "language": {
        "name": "zh-Hant",
        "url": "https://pokeapi.co/api/v2/language/4/"
      },
      "version_group": {
        "name": "lets-go-pikachu-lets-go-eevee",
        "url": "https://pokeapi.co/api/v2/version-group/19/"
      }
    },
    {
      "flavor_text": "Une \u00e9norme vague s\u2019abat sur le champ de bataille\net inflige des d\u00e9g\u00e2ts \u00e0 tous les Pok\u00e9mon autour\ndu lanceur.",
      "language": {
        "name": "fr",
        "url": "https://pokeapi.co/api/v2/language/5/"
      },
      "version_group": {
        "name": "lets-go-pikachu-lets-go-eevee",
        "url": "https://pokeapi.co/api/v2/version-group/19/"
      }
    },
    {
      "flavor_text": "Anwender greift mit einer gewaltigen Welle\nalle Pok\u00e9mon in seiner Umgebung an.",
      "language": {
        "name": "de",
        "url": "https://pokeapi.co/api/v2/language/6/"
      },
      "version_group": {
        "name": "lets-go-pikachu-lets-go-eevee",
        "url": "https://pokeapi.co/api/v2/version-group/19/"
      }
    },
    {
      "flavor_text": "Inunda el terreno de combate con una ola gigante.",
      "language": {
        "name": "es",
        "url": "https://pokeapi.co/api/v2/language/7/"
      },
      "version_group": {
        "name": "lets-go-pikachu-lets-go-eevee",
        "url": "https://pokeapi.co/api/v2/version-group/19/"
      }
    },
    {
      "flavor_text": "Un\u2019onda enorme sommerge il campo di lotta,\ncolpendo tutti i Pok\u00e9mon intorno a chi la scatena.",
      "language": {
        "name": "it",
        "url": "https://pokeapi.co/api/v2/language/8/"
      },
      "version_group": {
        "name": "lets-go-pikachu-lets-go-eevee",
        "url": "https://pokeapi.co/api/v2/version-group/19/"
      }
    },
    {
      "flavor_text": "The user attacks everything around it by swamping\nits surroundings with a giant wave.",
      "language": {
        "name": "en",
        "url": "https://pokeapi.co/api/v2/language/9/"
      },
      "version_group": {
        "name": "lets-go-pikachu-lets-go-eevee",
        "url": "https://pokeapi.co/api/v2/version-group/19/"
      }
    },
    {
      "flavor_text": "\u5927\u304d\u306a\u3000\u6ce2\u3067\u3000\u81ea\u5206\u306e\n\u5468\u308a\u306b\u3000\u3044\u308b\u3082\u306e\u3092\u3000\u653b\u6483\u3059\u308b\u3002",
      "language": {
        "name": "ja",
        "url": "https://pokeapi.co/api/v2/language/11/"
      },
      "version_group": {
        "name": "lets-go-pikachu-lets-go-eevee",
        "url": "https://pokeapi.co/api/v2/version-group/19/"
      }
    },
    {
      "flavor_text": "\u5229\u7528\u5927\u6d6a\n\u653b\u51fb\u81ea\u5df1\u5468\u56f4\u6240\u6709\u7684\u5b9d\u53ef\u68a6\u3002",
      "language": {
        "name": "zh-Hans",
        "url": "https://pokeapi.co/api/v2/language/12/"
      },
      "version_group": {
        "name": "lets-go-pikachu-lets-go-eevee",
        "url": "https://pokeapi.co/api/v2/version-group/19/"
      }
    },
    {
      "flavor_text": "\u304a\u304a\u304d\u306a\u3000\u306a\u307f\u3067\u3000\u3058\u3076\u3093\u306e\n\u307e\u308f\u308a\u306b\u3000\u3044\u308b\u3082\u306e\u3092\u3000\u3053\u3046\u3052\u304d\u3059\u308b\u3002",
      "language": {
        "name": "ja-Hrkt",
        "url": "https://pokeapi.co/api/v2/language/1/"
      },
      "version_group": {
        "name": "sword-shield",
        "url": "https://pokeapi.co/api/v2/version-group/20/"
      }
    },
    {
      "flavor_text": "\ud070 \ud30c\ub3c4\ub85c \uc790\uc2e0\uc758\n\uc8fc\uc704\uc5d0 \uc788\ub294 \ud3ec\ucf13\ubaac\uc744 \uacf5\uaca9\ud55c\ub2e4.",
      "language": {
        "name": "ko",
        "url": "https://pokeapi.co/api/v2/language/3/"
      },
      "version_group": {
        "name": "sword-shield",
        "url": "https://pokeapi.co/api/v2/version-group/20/"
      }
    },
    {
      "flavor_text": "\u4f7f\u7528\u5927\u6d6a\n\u653b\u64ca\u81ea\u5df1\u5468\u570d\u6240\u6709\u7684\u5bf6\u53ef\u5922\u3002",
      "language": {
        "name": "zh-Hant",
        "url": "https://pokeapi.co/api/v2/language/4/"
      },
      "version_group": {
        "name": "sword-shield",
        "url": "https://pokeapi.co/api/v2/version-group/20/"
      }
    },
    {
      "flavor_text": "Une \u00e9norme vague s\u2019abat sur le champ de bataille\net inflige des d\u00e9g\u00e2ts \u00e0 tous les Pok\u00e9mon autour\ndu lanceur.",
      "language": {
        "name": "fr",
        "url": "https://pokeapi.co/api/v2/language/5/"
      },
      "version_group": {
        "name": "sword-shield",
        "url": "https://pokeapi.co/api/v2/version-group/20/"
      }
    },
    {
      "flavor_text": "Anwender greift mit einer gewaltigen Welle\nalle Pok\u00e9mon im Umkreis an.",
      "language": {
        "name": "de",
        "url": "https://pokeapi.co/api/v2/language/6/"
      },
      "version_group": {
        "name": "sword-shield",
        "url": "https://pokeapi.co/api/v2/version-group/20/"
      }
    },
    {
      "flavor_text": "Inunda el terreno de combate con una ola gigante.",
      "language": {
        "name": "es",
        "url": "https://pokeapi.co/api/v2/language/7/"
      },
      "version_group": {
        "name": "sword-shield",
        "url": "https://pokeapi.co/api/v2/version-group/20/"
      }
    },
    {
      "flavor_text": "Un\u2019onda enorme sommerge il campo di lotta,\ncolpendo tutti i Pok\u00e9mon intorno a chi la scatena.",
      "language": {
        "name": "it",
        "url": "https://pokeapi.co/api/v2/language/8/"
      },
      "version_group": {
        "name": "sword-shield",
        "url": "https://pokeapi.co/api/v2/version-group/20/"
      }
    },
    {
      "flavor_text": "The user attacks everything around it by swamping\nits surroundings with a giant wave.",
      "language": {
        "name": "en",
        "url": "https://pokeapi.co/api/v2/language/9/"
      },
      "version_group": {
        "name": "sword-shield",
        "url": "https://pokeapi.co/api/v2/version-group/20/"
      }
    },
    {
      "flavor_text": "\u5927\u304d\u306a\u3000\u6ce2\u3067\u3000\u81ea\u5206\u306e\n\u5468\u308a\u306b\u3000\u3044\u308b\u3082\u306e\u3092\u3000\u653b\u6483\u3059\u308b\u3002",
      "language": {
        "name": "ja",
        "url": "https://pokeapi.co/api/v2/language/11/"
      },
      "version_group": {
        "name": "sword-shield",
        "url": "https://pokeapi.co/api/v2/version-group/20/"
      }
    },
    {
      "flavor_text": "\u5229\u7528\u5927\u6d6a\n\u653b\u51fb\u81ea\u5df1\u5468\u56f4\u6240\u6709\u7684\u5b9d\u53ef\u68a6\u3002",
      "language": {
        "name": "zh-Hans",
        "url": "https://pokeapi.co/api/v2/language/12/"
      },
      "version_group": {
        "name": "sword-shield",
        "url": "https://pokeapi.co/api/v2/version-group/20/"
      }
    },
    {
      "flavor_text": "The user attacks everything around it by swamping its surroundings with a giant wave.",
      "language": {
        "name": "en",
        "url": "https://pokeapi.co/api/v2/language/9/"
      },
      "version_group": {
        "name": "legends-arceus",
        "url": "https://pokeapi.co/api/v2/version-group/24/"
      }
    },
    {
      "flavor_text": "The user attacks everything around it by swamping its surroundings with a giant wave.",
      "language": {
        "name": "en",
        "url": "https://pokeapi.co/api/v2/language/9/"
      },
      "version_group": {
        "name": "scarlet-violet",
        "url": "https://pokeapi.co/api/v2/version-group/25/"
      }
    }
  ],
  "generation": {
    "name": "generation-i",
    "url": "https://pokeapi.co/api/v2/generation/1/"
  },
  "id": 57,
  "learned_by_pokemon": [
    {
      "name": "squirtle",
      "url": "https://pokeapi.co/api/v2/pokemon/7/"
    },
    {
      "name": "wartortle",
      "url": "https://pokeapi.co/api/v2/pokemon/8/"
    },
    {
      "name": "blastoise",
      "url": "https://pokeapi.co/api/v2/pokemon/9/"
    },
    {
      "name": "pikachu",
      "url": "https://pokeapi.co/api/v2/pokemon/25/"
    },
    {
      "name": "raichu",
      "url": "https://pokeapi.co/api/v2/pokemon/26/"
    },
    {
      "name": "nidoqueen",
      "url": "https://pokeapi.co/api/v2/pokemon/31/"
    },
    {
      "name": "nidoking",
      "url": "https://pokeapi.co/api/v2/pokemon/34/"
    },
    {
      "name": "psyduck",
      "url": "https://pokeapi.co/api/v2/pokemon/54/"
    },
    {
      "name": "golduck",
      "url": "https://pokeapi.co/api/v2/pokemon/55/"
    },
    {
      "name": "poliwag",
      "url": "https://pokeapi.co/api/v2/pokemon/60/"
    },
    {
      "name": "poliwhirl",
      "url": "https://pokeapi.co/api/v2/pokemon/61/"
    },
    {
      "name": "poliwrath",
      "url": "https://pokeapi.co/api/v2/pokemon/62/"
    },
    {
      "name": "tentacool",
      "url": "https://pokeapi.co/api/v2/pokemon/72/"
    },
    {
      "name": "tentacruel",
      "url": "https://pokeapi.co/api/v2/pokemon/73/"
    },
    {
      "name": "slowpoke",
      "url": "https://pokeapi.co/api/v2/pokemon/79/"
    },
    {
      "name": "slowbro",
      "url": "https://pokeapi.co/api/v2/pokemon/80/"
    },
    {
      "name": "seel",
      "url": "https://pokeapi.co/api/v2/pokemon/86/"
    },
    {
      "name": "dewgong",
      "url": "https://pokeapi.co/api/v2/pokemon/87/"
    },
    {
      "name": "shellder",
      "url": "https://pokeapi.co/api/v2/pokemon/90/"
    },
    {
      "name": "cloyster",
      "url": "https://pokeapi.co/api/v2/pokemon/91/"
    },
    {
      "name": "krabby",
      "url": "https://pokeapi.co/api/v2/pokemon/98/"
    },
    {
      "name": "kingler",
      "url": "https://pokeapi.co/api/v2/pokemon/99/"
    },
    {
      "name": "lickitung",
      "url": "https://pokeapi.co/api/v2/pokemon/108/"
    },
    {
      "name": "rhydon",
      "url": "https://pokeapi.co/api/v2/pokemon/112/"
    },
    {
      "name": "kangaskhan",
      "url": "https://pokeapi.co/api/v2/pokemon/115/"
    },
    {
      "name": "horsea",
      "url": "https://pokeapi.co/api/v2/pokemon/116/"
    },
    {
      "name": "seadra",
      "url": "https://pokeapi.co/api/v2/pokemon/117/"
    },
    {
      "name": "goldeen",
      "url": "https://pokeapi.co/api/v2/pokemon/118/"
    },
    {
      "name": "seaking",
      "url": "https://pokeapi.co/api/v2/pokemon/119/"
    },
    {
      "name": "staryu",
      "url": "https://pokeapi.co/api/v2/pokemon/120/"
    },
    {
      "name": "starmie",
      "url": "https://pokeapi.co/api/v2/pokemon/121/"
    },
    {
      "name": "tauros",
      "url": "https://pokeapi.co/api/v2/pokemon/128/"
    },
    {
      "name": "gyarados",
      "url": "https://pokeapi.co/api/v2/pokemon/130/"
    },
    {
      "name": "lapras",
      "url": "https://pokeapi.co/api/v2/pokemon/131/"
    },
    {
      "name": "vaporeon",
      "url": "https://pokeapi.co/api/v2/pokemon/134/"
    },
    {
      "name": "omanyte",
      "url": "https://pokeapi.co/api/v2/pokemon/138/"
    },
    {
      "name": "omastar",
      "url": "https://pokeapi.co/api/v2/pokemon/139/"
    },
    {
      "name": "kabuto",
      "url": "https://pokeapi.co/api/v2/pokemon/140/"
    },
    {
      "name": "kabutops",
      "url": "https://pokeapi.co/api/v2/pokemon/141/"
    },
    {
      "name": "snorlax",
      "url": "https://pokeapi.co/api/v2/pokemon/143/"
    },
    {
      "name": "dratini",
      "url": "https://pokeapi.co/api/v2/pokemon/147/"
    },
    {
      "name": "dragonair",
      "url": "https://pokeapi.co/api/v2/pokemon/148/"
    },
    {
      "name": "dragonite",
      "url": "https://pokeapi.co/api/v2/pokemon/149/"
    },
    {
      "name": "mew",
      "url": "https://pokeapi.co/api/v2/pokemon/151/"
    },
    {
      "name": "totodile",
      "url": "https://pokeapi.co/api/v2/pokemon/158/"
    },
    {
      "name": "croconaw",
      "url": "https://pokeapi.co/api/v2/pokemon/159/"
    },
    {
      "name": "feraligatr",
      "url": "https://pokeapi.co/api/v2/pokemon/160/"
    },
    {
      "name": "sentret",
      "url": "https://pokeapi.co/api/v2/pokemon/161/"
    },
    {
      "name": "furret",
      "url": "https://pokeapi.co/api/v2/pokemon/162/"
    },
    {
      "name": "chinchou",
      "url": "https://pokeapi.co/api/v2/pokemon/170/"
    },
    {
      "name": "lanturn",
      "url": "https://pokeapi.co/api/v2/pokemon/171/"
    },
    {
      "name": "pichu",
      "url": "https://pokeapi.co/api/v2/pokemon/172/"
    },
    {
      "name": "marill",
      "url": "https://pokeapi.co/api/v2/pokemon/183/"
    },
    {
      "name": "azumarill",
      "url": "https://pokeapi.co/api/v2/pokemon/184/"
    },
    {
      "name": "politoed",
      "url": "https://pokeapi.co/api/v2/pokemon/186/"
    },
    {
      "name": "wooper",
      "url": "https://pokeapi.co/api/v2/pokemon/194/"
    },
    {
      "name": "quagsire",
      "url": "https://pokeapi.co/api/v2/pokemon/195/"
    },
    {
      "name": "slowking",
      "url": "https://pokeapi.co/api/v2/pokemon/199/"
    },
    {
      "name": "qwilfish",
      "url": "https://pokeapi.co/api/v2/pokemon/211/"
    },
    {
      "name": "sneasel",
      "url": "https://pokeapi.co/api/v2/pokemon/215/"
    },
    {
      "name": "corsola",
      "url": "https://pokeapi.co/api/v2/pokemon/222/"
    },
    {
      "name": "remoraid",
      "url": "https://pokeapi.co/api/v2/pokemon/223/"
    },
    {
      "name": "octillery",
      "url": "https://pokeapi.co/api/v2/pokemon/224/"
    },
    {
      "name": "mantine",
      "url": "https://pokeapi.co/api/v2/pokemon/226/"
    },
    {
      "name": "kingdra",
      "url": "https://pokeapi.co/api/v2/pokemon/230/"
    },
    {
      "name": "miltank",
      "url": "https://pokeapi.co/api/v2/pokemon/241/"
    },
    {
      "name": "suicune",
      "url": "https://pokeapi.co/api/v2/pokemon/245/"
    },
    {
      "name": "tyranitar",
      "url": "https://pokeapi.co/api/v2/pokemon/248/"
    },
    {
      "name": "lugia",
      "url": "https://pokeapi.co/api/v2/pokemon/249/"
    },
    {
      "name": "mudkip",
      "url": "https://pokeapi.co/api/v2/pokemon/258/"
    },
    {
      "name": "marshtomp",
      "url": "https://pokeapi.co/api/v2/pokemon/259/"
    },
    {
      "name": "swampert",
      "url": "https://pokeapi.co/api/v2/pokemon/260/"
    },
    {
      "name": "zigzagoon",
      "url": "https://pokeapi.co/api/v2/pokemon/263/"
    },
    {
      "name": "linoone",
      "url": "https://pokeapi.co/api/v2/pokemon/264/"
    },
    {
      "name": "lotad",
      "url": "https://pokeapi.co/api/v2/pokemon/270/"
    },
    {
      "name": "lombre",
      "url": "https://pokeapi.co/api/v2/pokemon/271/"
    },
    {
      "name": "ludicolo",
      "url": "https://pokeapi.co/api/v2/pokemon/272/"
    },
    {
      "name": "wingull",
      "url": "https://pokeapi.co/api/v2/pokemon/278/"
    },
    {
      "name": "pelipper",
      "url": "https://pokeapi.co/api/v2/pokemon/279/"
    },
    {
      "name": "surskit",
      "url": "https://pokeapi.co/api/v2/pokemon/283/"
    },
    {
      "name": "masquerain",
      "url": "https://pokeapi.co/api/v2/pokemon/284/"
    },
    {
      "name": "exploud",
      "url": "https://pokeapi.co/api/v2/pokemon/295/"
    },
    {
      "name": "makuhita",
      "url": "https://pokeapi.co/api/v2/pokemon/296/"
    },
    {
      "name": "hariyama",
      "url": "https://pokeapi.co/api/v2/pokemon/297/"
    },
    {
      "name": "azurill",
      "url": "https://pokeapi.co/api/v2/pokemon/298/"
    },
    {
      "name": "aggron",
      "url": "https://pokeapi.co/api/v2/pokemon/306/"
    },
    {
      "name": "carvanha",
      "url": "https://pokeapi.co/api/v2/pokemon/318/"
    },
    {
      "name": "sharpedo",
      "url": "https://pokeapi.co/api/v2/pokemon/319/"
    },
    {
      "name": "wailmer",
      "url": "https://pokeapi.co/api/v2/pokemon/320/"
    },
    {
      "name": "wailord",
      "url": "https://pokeapi.co/api/v2/pokemon/321/"
    },
    {
      "name": "zangoose",
      "url": "https://pokeapi.co/api/v2/pokemon/335/"
    },
    {
      "name": "barboach",
      "url": "https://pokeapi.co/api/v2/pokemon/339/"
    },
    {
      "name": "whiscash",
      "url": "https://pokeapi.co/api/v2/pokemon/340/"
    },
    {
      "name": "corphish",
      "url": "https://pokeapi.co/api/v2/pokemon/341/"
    },
    {
      "name": "crawdaunt",
      "url": "https://pokeapi.co/api/v2/pokemon/342/"
    },
    {
      "name": "feebas",
      "url": "https://pokeapi.co/api/v2/pokemon/349/"
    },
    {
      "name": "milotic",
      "url": "https://pokeapi.co/api/v2/pokemon/350/"
    },
    {
      "name": "spheal",
      "url": "https://pokeapi.co/api/v2/pokemon/363/"
    },
    {
      "name": "sealeo",
      "url": "https://pokeapi.co/api/v2/pokemon/364/"
    },
    {
      "name": "walrein",
      "url": "https://pokeapi.co/api/v2/pokemon/365/"
    },
    {
      "name": "clamperl",
      "url": "https://pokeapi.co/api/v2/pokemon/366/"
    },
    {
      "name": "huntail",
      "url": "https://pokeapi.co/api/v2/pokemon/367/"
    },
    {
      "name": "gorebyss",
      "url": "https://pokeapi.co/api/v2/pokemon/368/"
    },
    {
      "name": "relicanth",
      "url": "https://pokeapi.co/api/v2/pokemon/369/"
    },
    {
      "name": "luvdisc",
      "url": "https://pokeapi.co/api/v2/pokemon/370/"
    },
    {
      "name": "latias",
      "url": "https://pokeapi.co/api/v2/pokemon/380/"
    },
    {
      "name": "latios",
      "url": "https://pokeapi.co/api/v2/pokemon/381/"
    },
    {
      "name": "kyogre",
      "url": "https://pokeapi.co/api/v2/pokemon/382/"
    },
    {
      "name": "rayquaza",
      "url": "https://pokeapi.co/api/v2/pokemon/384/"
    },
    {
      "name": "piplup",
      "url": "https://pokeapi.co/api/v2/pokemon/393/"
    },
    {
      "name": "prinplup",
      "url": "https://pokeapi.co/api/v2/pokemon/394/"
    },
    {
      "name": "empoleon",
      "url": "https://pokeapi.co/api/v2/pokemon/395/"
    },
    {
      "name": "bibarel",
      "url": "https://pokeapi.co/api/v2/pokemon/400/"
    },
    {
      "name": "rampardos",
      "url": "https://pokeapi.co/api/v2/pokemon/409/"
    },
    {
      "name": "buizel",
      "url": "https://pokeapi.co/api/v2/pokemon/418/"
    },
    {
      "name": "floatzel",
      "url": "https://pokeapi.co/api/v2/pokemon/419/"
    },
    {
      "name": "shellos",
      "url": "https://pokeapi.co/api/v2/pokemon/422/"
    },
    {
      "name": "gastrodon",
      "url": "https://pokeapi.co/api/v2/pokemon/423/"
    },
    {
      "name": "garchomp",
      "url": "https://pokeapi.co/api/v2/pokemon/445/"
    },
    {
      "name": "munchlax",
      "url": "https://pokeapi.co/api/v2/pokemon/446/"
    },
    {
      "name": "finneon",
      "url": "https://pokeapi.co/api/v2/pokemon/456/"
    },
    {
      "name": "lumineon",
      "url": "https://pokeapi.co/api/v2/pokemon/457/"
    },
    {
      "name": "mantyke",
      "url": "https://pokeapi.co/api/v2/pokemon/458/"
    },
    {
      "name": "weavile",
      "url": "https://pokeapi.co/api/v2/pokemon/461/"
    },
    {
      "name": "lickilicky",
      "url": "https://pokeapi.co/api/v2/pokemon/463/"
    },
    {
      "name": "rhyperior",
      "url": "https://pokeapi.co/api/v2/pokemon/464/"
    },
    {
      "name": "palkia",
      "url": "https://pokeapi.co/api/v2/pokemon/484/"
    },
    {
      "name": "phione",
      "url": "https://pokeapi.co/api/v2/pokemon/489/"
    },
    {
      "name": "manaphy",
      "url": "https://pokeapi.co/api/v2/pokemon/490/"
    },
    {
      "name": "arceus",
      "url": "https://pokeapi.co/api/v2/pokemon/493/"
    },
    {
      "name": "oshawott",
      "url": "https://pokeapi.co/api/v2/pokemon/501/"
    },
    {
      "name": "dewott",
      "url": "https://pokeapi.co/api/v2/pokemon/502/"
    },
    {
      "name": "samurott",
      "url": "https://pokeapi.co/api/v2/pokemon/503/"
    },
    {
      "name": "herdier",
      "url": "https://pokeapi.co/api/v2/pokemon/507/"
    },
    {
      "name": "stoutland",
      "url": "https://pokeapi.co/api/v2/pokemon/508/"
    },
    {
      "name": "panpour",
      "url": "https://pokeapi.co/api/v2/pokemon/515/"
    },
    {
      "name": "simipour",
      "url": "https://pokeapi.co/api/v2/pokemon/516/"
    },
    {
      "name": "audino",
      "url": "https://pokeapi.co/api/v2/pokemon/531/"
    },
    {
      "name": "tympole",
      "url": "https://pokeapi.co/api/v2/pokemon/535/"
    },
    {
      "name": "palpitoad",
      "url": "https://pokeapi.co/api/v2/pokemon/536/"
    },
    {
      "name": "seismitoad",
      "url": "https://pokeapi.co/api/v2/pokemon/537/"
    },
    {
      "name": "basculin-red-striped",
      "url": "https://pokeapi.co/api/v2/pokemon/550/"
    },
    {
      "name": "tirtouga",
      "url": "https://pokeapi.co/api/v2/pokemon/564/"
    },
    {
      "name": "carracosta",
      "url": "https://pokeapi.co/api/v2/pokemon/565/"
    },
    {
      "name": "ducklett",
      "url": "https://pokeapi.co/api/v2/pokemon/580/"
    },
    {
      "name": "swanna",
      "url": "https://pokeapi.co/api/v2/pokemon/581/"
    },
    {
      "name": "frillish",
      "url": "https://pokeapi.co/api/v2/pokemon/592/"
    },
    {
      "name": "jellicent",
      "url": "https://pokeapi.co/api/v2/pokemon/593/"
    },
    {
      "name": "alomomola",
      "url": "https://pokeapi.co/api/v2/pokemon/594/"
    },
    {
      "name": "axew",
      "url": "https://pokeapi.co/api/v2/pokemon/610/"
    },
    {
      "name": "fraxure",
      "url": "https://pokeapi.co/api/v2/pokemon/611/"
    },
    {
      "name": "haxorus",
      "url": "https://pokeapi.co/api/v2/pokemon/612/"
    },
    {
      "name": "cubchoo",
      "url": "https://pokeapi.co/api/v2/pokemon/613/"
    },
    {
      "name": "beartic",
      "url": "https://pokeapi.co/api/v2/pokemon/614/"
    },
    {
      "name": "stunfisk",
      "url": "https://pokeapi.co/api/v2/pokemon/618/"
    },
    {
      "name": "druddigon",
      "url": "https://pokeapi.co/api/v2/pokemon/621/"
    },
    {
      "name": "bouffalant",
      "url": "https://pokeapi.co/api/v2/pokemon/626/"
    },
    {
      "name": "hydreigon",
      "url": "https://pokeapi.co/api/v2/pokemon/635/"
    },
    {
      "name": "keldeo-ordinary",
      "url": "https://pokeapi.co/api/v2/pokemon/647/"
    },
    {
      "name": "froakie",
      "url": "https://pokeapi.co/api/v2/pokemon/656/"
    },
    {
      "name": "frogadier",
      "url": "https://pokeapi.co/api/v2/pokemon/657/"
    },
    {
      "name": "greninja",
      "url": "https://pokeapi.co/api/v2/pokemon/658/"
    },
    {
      "name": "bunnelby",
      "url": "https://pokeapi.co/api/v2/pokemon/659/"
    },
    {
      "name": "diggersby",
      "url": "https://pokeapi.co/api/v2/pokemon/660/"
    },
    {
      "name": "skiddo",
      "url": "https://pokeapi.co/api/v2/pokemon/672/"
    },
    {
      "name": "gogoat",
      "url": "https://pokeapi.co/api/v2/pokemon/673/"
    },
    {
      "name": "pancham",
      "url": "https://pokeapi.co/api/v2/pokemon/674/"
    },
    {
      "name": "pangoro",
      "url": "https://pokeapi.co/api/v2/pokemon/675/"
    },
    {
      "name": "furfrou",
      "url": "https://pokeapi.co/api/v2/pokemon/676/"
    },
    {
      "name": "swirlix",
      "url": "https://pokeapi.co/api/v2/pokemon/684/"
    },
    {
      "name": "slurpuff",
      "url": "https://pokeapi.co/api/v2/pokemon/685/"
    },
    {
      "name": "binacle",
      "url": "https://pokeapi.co/api/v2/pokemon/688/"
    },
    {
      "name": "barbaracle",
      "url": "https://pokeapi.co/api/v2/pokemon/689/"
    },
    {
      "name": "skrelp",
      "url": "https://pokeapi.co/api/v2/pokemon/690/"
    },
    {
      "name": "dragalge",
      "url": "https://pokeapi.co/api/v2/pokemon/691/"
    },
    {
      "name": "clauncher",
      "url": "https://pokeapi.co/api/v2/pokemon/692/"
    },
    {
      "name": "clawitzer",
      "url": "https://pokeapi.co/api/v2/pokemon/693/"
    },
    {
      "name": "helioptile",
      "url": "https://pokeapi.co/api/v2/pokemon/694/"
    },
    {
      "name": "heliolisk",
      "url": "https://pokeapi.co/api/v2/pokemon/695/"
    },
    {
      "name": "goodra",
      "url": "https://pokeapi.co/api/v2/pokemon/706/"
    },
    {
      "name": "bergmite",
      "url": "https://pokeapi.co/api/v2/pokemon/712/"
    },
    {
      "name": "avalugg",
      "url": "https://pokeapi.co/api/v2/pokemon/713/"
    },
    {
      "name": "popplio",
      "url": "https://pokeapi.co/api/v2/pokemon/728/"
    },
    {
      "name": "brionne",
      "url": "https://pokeapi.co/api/v2/pokemon/729/"
    },
    {
      "name": "primarina",
      "url": "https://pokeapi.co/api/v2/pokemon/730/"
    },
    {
      "name": "wishiwashi-solo",
      "url": "https://pokeapi.co/api/v2/pokemon/746/"
    },
    {
      "name": "mareanie",
      "url": "https://pokeapi.co/api/v2/pokemon/747/"
    },
    {
      "name": "toxapex",
      "url": "https://pokeapi.co/api/v2/pokemon/748/"
    },
    {
      "name": "dewpider",
      "url": "https://pokeapi.co/api/v2/pokemon/751/"
    },
    {
      "name": "araquanid",
      "url": "https://pokeapi.co/api/v2/pokemon/752/"
    },
    {
      "name": "wimpod",
      "url": "https://pokeapi.co/api/v2/pokemon/767/"
    },
    {
      "name": "golisopod",
      "url": "https://pokeapi.co/api/v2/pokemon/768/"
    },
    {
      "name": "silvally",
      "url": "https://pokeapi.co/api/v2/pokemon/773/"
    },
    {
      "name": "bruxish",
      "url": "https://pokeapi.co/api/v2/pokemon/779/"
    },
    {
      "name": "drampa",
      "url": "https://pokeapi.co/api/v2/pokemon/780/"
    },
    {
      "name": "dhelmise",
      "url": "https://pokeapi.co/api/v2/pokemon/781/"
    },
    {
      "name": "tapu-fini",
      "url": "https://pokeapi.co/api/v2/pokemon/788/"
    },
    {
      "name": "sobble",
      "url": "https://pokeapi.co/api/v2/pokemon/816/"
    },
    {
      "name": "drizzile",
      "url": "https://pokeapi.co/api/v2/pokemon/817/"
    },
    {
      "name": "inteleon",
      "url": "https://pokeapi.co/api/v2/pokemon/818/"
    },
    {
      "name": "chewtle",
      "url": "https://pokeapi.co/api/v2/pokemon/833/"
    },
    {
      "name": "drednaw",
      "url": "https://pokeapi.co/api/v2/pokemon/834/"
    },
    {
      "name": "cramorant",
      "url": "https://pokeapi.co/api/v2/pokemon/845/"
    },
    {
      "name": "arrokuda",
      "url": "https://pokeapi.co/api/v2/pokemon/846/"
    },
    {
      "name": "barraskewda",
      "url": "https://pokeapi.co/api/v2/pokemon/847/"
    },
    {
      "name": "grapploct",
      "url": "https://pokeapi.co/api/v2/pokemon/853/"
    },
    {
      "name": "obstagoon",
      "url": "https://pokeapi.co/api/v2/pokemon/862/"
    },
    {
      "name": "cursola",
      "url": "https://pokeapi.co/api/v2/pokemon/864/"
    },
    {
      "name": "pincurchin",
      "url": "https://pokeapi.co/api/v2/pokemon/871/"
    },
    {
      "name": "eiscue-ice",
      "url": "https://pokeapi.co/api/v2/pokemon/875/"
    },
    {
      "name": "arctozolt",
      "url": "https://pokeapi.co/api/v2/pokemon/881/"
    },
    {
      "name": "dracovish",
      "url": "https://pokeapi.co/api/v2/pokemon/882/"
    },
    {
      "name": "arctovish",
      "url": "https://pokeapi.co/api/v2/pokemon/883/"
    },
    {
      "name": "drakloak",
      "url": "https://pokeapi.co/api/v2/pokemon/886/"
    },
    {
      "name": "dragapult",
      "url": "https://pokeapi.co/api/v2/pokemon/887/"
    },
    {
      "name": "basculegion-male",
      "url": "https://pokeapi.co/api/v2/pokemon/902/"
    },
    {
      "name": "overqwil",
      "url": "https://pokeapi.co/api/v2/pokemon/904/"
    },
    {
      "name": "quaxly",
      "url": "https://pokeapi.co/api/v2/pokemon/912/"
    },
    {
      "name": "quaxwell",
      "url": "https://pokeapi.co/api/v2/pokemon/913/"
    },
    {
      "name": "quaquaval",
      "url": "https://pokeapi.co/api/v2/pokemon/914/"
    },
    {
      "name": "wiglett",
      "url": "https://pokeapi.co/api/v2/pokemon/960/"
    },
    {
      "name": "wugtrio",
      "url": "https://pokeapi.co/api/v2/pokemon/961/"
    },
    {
      "name": "finizen",
      "url": "https://pokeapi.co/api/v2/pokemon/963/"
    },
    {
      "name": "palafin-zero",
      "url": "https://pokeapi.co/api/v2/pokemon/964/"
    },
    {
      "name": "veluza",
      "url": "https://pokeapi.co/api/v2/pokemon/976/"
    },
    {
      "name": "dondozo",
      "url": "https://pokeapi.co/api/v2/pokemon/977/"
    },
    {
      "name": "tatsugiri-curly",
      "url": "https://pokeapi.co/api/v2/pokemon/978/"
    },
    {
      "name": "clodsire",
      "url": "https://pokeapi.co/api/v2/pokemon/980/"
    },
    {
      "name": "walking-wake",
      "url": "https://pokeapi.co/api/v2/pokemon/1009/"
    },
    {
      "name": "terapagos",
      "url": "https://pokeapi.co/api/v2/pokemon/1024/"
    },
    {
      "name": "basculin-blue-striped",
      "url": "https://pokeapi.co/api/v2/pokemon/10016/"
    },
    {
      "name": "keldeo-resolute",
      "url": "https://pokeapi.co/api/v2/pokemon/10024/"
    },
    {
      "name": "blastoise-mega",
      "url": "https://pokeapi.co/api/v2/pokemon/10036/"
    },
    {
      "name": "kangaskhan-mega",
      "url": "https://pokeapi.co/api/v2/pokemon/10039/"
    },
    {
      "name": "gyarados-mega",
      "url": "https://pokeapi.co/api/v2/pokemon/10041/"
    },
    {
      "name": "tyranitar-mega",
      "url": "https://pokeapi.co/api/v2/pokemon/10049/"
    },
    {
      "name": "aggron-mega",
      "url": "https://pokeapi.co/api/v2/pokemon/10053/"
    },
    {
      "name": "garchomp-mega",
      "url": "https://pokeapi.co/api/v2/pokemon/10058/"
    },
    {
      "name": "latias-mega",
      "url": "https://pokeapi.co/api/v2/pokemon/10062/"
    },
    {
      "name": "latios-mega",
      "url": "https://pokeapi.co/api/v2/pokemon/10063/"
    },
    {
      "name": "swampert-mega",
      "url": "https://pokeapi.co/api/v2/pokemon/10064/"
    },
    {
      "name": "audino-mega",
      "url": "https://pokeapi.co/api/v2/pokemon/10069/"
    },
    {
      "name": "sharpedo-mega",
      "url": "https://pokeapi.co/api/v2/pokemon/10070/"
    },
    {
      "name": "slowbro-mega",
      "url": "https://pokeapi.co/api/v2/pokemon/10071/"
    },
    {
      "name": "kyogre-primal",
      "url": "https://pokeapi.co/api/v2/pokemon/10077/"
    },
    {
      "name": "rayquaza-mega",
      "url": "https://pokeapi.co/api/v2/pokemon/10079/"
    },
    {
      "name": "pikachu-original-cap",
      "url": "https://pokeapi.co/api/v2/pokemon/10094/"
    },
    {
      "name": "pikachu-hoenn-cap",
      "url": "https://pokeapi.co/api/v2/pokemon/10095/"
    },
    {
      "name": "pikachu-sinnoh-cap",
      "url": "https://pokeapi.co/api/v2/pokemon/10096/"
    },
    {
      "name": "pikachu-unova-cap",
      "url": "https://pokeapi.co/api/v2/pokemon/10097/"
    },
    {
      "name": "pikachu-kalos-cap",
      "url": "https://pokeapi.co/api/v2/pokemon/10098/"
    },
    {
      "name": "pikachu-alola-cap",
      "url": "https://pokeapi.co/api/v2/pokemon/10099/"
    },
    {
      "name": "raichu-alola",
      "url": "https://pokeapi.co/api/v2/pokemon/10100/"
    },
    {
      "name": "greninja-battle-bond",
      "url": "https://pokeapi.co/api/v2/pokemon/10116/"
    },
    {
      "name": "greninja-ash",
      "url": "https://pokeapi.co/api/v2/pokemon/10117/"
    },
    {
      "name": "wishiwashi-school",
      "url": "https://pokeapi.co/api/v2/pokemon/10127/"
    },
    {
      "name": "mimikyu-busted",
      "url": "https://pokeapi.co/api/v2/pokemon/10143/"
    },
    {
      "name": "mimikyu-totem-busted",
      "url": "https://pokeapi.co/api/v2/pokemon/10145/"
    },
    {
      "name": "pikachu-partner-cap",
      "url": "https://pokeapi.co/api/v2/pokemon/10148/"
    },
    {
      "name": "araquanid-totem",
      "url": "https://pokeapi.co/api/v2/pokemon/10153/"
    },
    {
      "name": "pikachu-world-cap",
      "url": "https://pokeapi.co/api/v2/pokemon/10160/"
    },
    {
      "name": "slowpoke-galar",
      "url": "https://pokeapi.co/api/v2/pokemon/10164/"
    },
    {
      "name": "slowbro-galar",
      "url": "https://pokeapi.co/api/v2/pokemon/10165/"
    },
    {
      "name": "slowking-galar",
      "url": "https://pokeapi.co/api/v2/pokemon/10172/"
    },
    {
      "name": "corsola-galar",
      "url": "https://pokeapi.co/api/v2/pokemon/10173/"
    },
    {
      "name": "zigzagoon-galar",
      "url": "https://pokeapi.co/api/v2/pokemon/10174/"
    },
    {
      "name": "linoone-galar",
      "url": "https://pokeapi.co/api/v2/pokemon/10175/"
    },
    {
      "name": "stunfisk-galar",
      "url": "https://pokeapi.co/api/v2/pokemon/10180/"
    },
    {
      "name": "cramorant-gulping",
      "url": "https://pokeapi.co/api/v2/pokemon/10182/"
    },
    {
      "name": "cramorant-gorging",
      "url": "https://pokeapi.co/api/v2/pokemon/10183/"
    },
    {
      "name": "eiscue-noice",
      "url": "https://pokeapi.co/api/v2/pokemon/10185/"
    },
    {
      "name": "qwilfish-hisui",
      "url": "https://pokeapi.co/api/v2/pokemon/10234/"
    },
    {
      "name": "samurott-hisui",
      "url": "https://pokeapi.co/api/v2/pokemon/10236/"
    },
    {
      "name": "goodra-hisui",
      "url": "https://pokeapi.co/api/v2/pokemon/10242/"
    },
    {
      "name": "palkia-origin",
      "url": "https://pokeapi.co/api/v2/pokemon/10246/"
    },
    {
      "name": "basculin-white-striped",
      "url": "https://pokeapi.co/api/v2/pokemon/10247/"
    },
    {
      "name": "basculegion-female",
      "url": "https://pokeapi.co/api/v2/pokemon/10248/"
    },
    {
      "name": "tauros-paldea-combat-breed",
      "url": "https://pokeapi.co/api/v2/pokemon/10250/"
    },
    {
      "name": "tauros-paldea-aqua-breed",
      "url": "https://pokeapi.co/api/v2/pokemon/10252/"
    },
    {
      "name": "wooper-paldea",
      "url": "https://pokeapi.co/api/v2/pokemon/10253/"
    },
    {
      "name": "palafin-hero",
      "url": "https://pokeapi.co/api/v2/pokemon/10256/"
    },
    {
      "name": "tatsugiri-droopy",
      "url": "https://pokeapi.co/api/v2/pokemon/10258/"
    },
    {
      "name": "tatsugiri-stretchy",
      "url": "https://pokeapi.co/api/v2/pokemon/10259/"
    },
    {
      "name": "terapagos-terastal",
      "url": "https://pokeapi.co/api/v2/pokemon/10276/"
    },
    {
      "name": "terapagos-stellar",
      "url": "https://pokeapi.co/api/v2/pokemon/10277/"
    }
  ],
  "machines": [
    {
      "machine": {
        "url": "https://pokeapi.co/api/v2/machine/940/"
      },
      "version_group": {
        "name": "lets-go-pikachu-lets-go-eevee",
        "url": "https://pokeapi.co/api/v2/version-group/19/"
      }
    },
    {
      "machine": {
        "url": "https://pokeapi.co/api/v2/machine/1443/"
      },
      "version_group": {
        "name": "sun-moon",
        "url": "https://pokeapi.co/api/v2/version-group/17/"
      }
    },
    {
      "machine": {
        "url": "https://pokeapi.co/api/v2/machine/1444/"
      },
      "version_group": {
        "name": "ultra-sun-ultra-moon",
        "url": "https://pokeapi.co/api/v2/version-group/18/"
      }
    },
    {
      "machine": {
        "url": "https://pokeapi.co/api/v2/machine/1512/"
      },
      "version_group": {
        "name": "red-blue",
        "url": "https://pokeapi.co/api/v2/version-group/1/"
      }
    },
    {
      "machine": {
        "url": "https://pokeapi.co/api/v2/machine/1513/"
      },
      "version_group": {
        "name": "yellow",
        "url": "https://pokeapi.co/api/v2/version-group/2/"
      }
    },
    {
      "machine": {
        "url": "https://pokeapi.co/api/v2/machine/1514/"
      },
      "version_group": {
        "name": "gold-silver",
        "url": "https://pokeapi.co/api/v2/version-group/3/"
      }
    },
    {
      "machine": {
        "url": "https://pokeapi.co/api/v2/machine/1515/"
      },
      "version_group": {
        "name": "crystal",
        "url": "https://pokeapi.co/api/v2/version-group/4/"
      }
    },
    {
      "machine": {
        "url": "https://pokeapi.co/api/v2/machine/1516/"
      },
      "version_group": {
        "name": "ruby-sapphire",
        "url": "https://pokeapi.co/api/v2/version-group/5/"
      }
    },
    {
      "machine": {
        "url": "https://pokeapi.co/api/v2/machine/1517/"
      },
      "version_group": {
        "name": "emerald",
        "url": "https://pokeapi.co/api/v2/version-group/6/"
      }
    },
    {
      "machine": {
        "url": "https://pokeapi.co/api/v2/machine/1518/"
      },
      "version_group": {
        "name": "firered-leafgreen",
        "url": "https://pokeapi.co/api/v2/version-group/7/"
      }
    },
    {
      "machine": {
        "url": "https://pokeapi.co/api/v2/machine/1519/"
      },
      "version_group": {
        "name": "diamond-pearl",
        "url": "https://pokeapi.co/api/v2/version-group/8/"
      }
    },
    {
      "machine": {
        "url": "https://pokeapi.co/api/v2/machine/1520/"
      },
      "version_group": {
        "name": "platinum",
        "url": "https://pokeapi.co/api/v2/version-group/9/"
      }
    },
    {
      "machine": {
        "url": "https://pokeapi.co/api/v2/machine/1521/"
      },
      "version_group": {
        "name": "heartgold-soulsilver",
        "url": "https://pokeapi.co/api/v2/version-group/10/"
      }
    },
    {
      "machine": {
        "url": "https://pokeapi.co/api/v2/machine/1522/"
      },
      "version_group": {
        "name": "black-white",
        "url": "https://pokeapi.co/api/v2/version-group/11/"
      }
    },
    {
      "machine": {
        "url": "https://pokeapi.co/api/v2/machine/1523/"
      },
      "version_group": {
        "name": "colosseum",
        "url": "https://pokeapi.co/api/v2/version-group/12/"
      }
    },
    {
      "machine": {
        "url": "https://pokeapi.co/api/v2/machine/1524/"
      },
      "version_group": {
        "name": "xd",
        "url": "https://pokeapi.co/api/v2/version-group/13/"
      }
    },
    {
      "machine": {
        "url": "https://pokeapi.co/api/v2/machine/1525/"
      },
      "version_group": {
        "name": "black-2-white-2",
        "url": "https://pokeapi.co/api/v2/version-group/14/"
      }
    },
    {
      "machine": {
        "url": "https://pokeapi.co/api/v2/machine/1526/"
      },
      "version_group": {
        "name": "x-y",
        "url": "https://pokeapi.co/api/v2/version-group/15/"
      }
    },
    {
      "machine": {
        "url": "https://pokeapi.co/api/v2/machine/1527/"
      },
      "version_group": {
        "name": "omega-ruby-alpha-sapphire",
        "url": "https://pokeapi.co/api/v2/version-group/16/"
      }
    },
    {
      "machine": {
        "url": "https://pokeapi.co/api/v2/machine/1545/"
      },
      "version_group": {
        "name": "sword-shield",
        "url": "https://pokeapi.co/api/v2/version-group/20/"
      }
    },
    {
      "machine": {
        "url": "https://pokeapi.co/api/v2/machine/1700/"
      },
      "version_group": {
        "name": "brilliant-diamond-and-shining-pearl",
        "url": "https://pokeapi.co/api/v2/version-group/23/"
      }
    },
    {
      "machine": {
        "url": "https://pokeapi.co/api/v2/machine/1828/"
      },
      "version_group": {
        "name": "scarlet-violet",
        "url": "https://pokeapi.co/api/v2/version-group/25/"
      }
    }
  ],
  "meta": {
    "ailment": {
      "name": "none",
      "url": "https://pokeapi.co/api/v2/move-ailment/0/"
    },
    "ailment_chance": 0,
    "category": {
      "name": "damage",
      "url": "https://pokeapi.co/api/v2/move-category/0/"
    },
    "crit_rate": 0,
    "drain": 0,
    "flinch_chance": 0,
    "healing": 0,
    "max_hits": null,
    "max_turns": null,
    "min_hits": null,
    "min_turns": null,
    "stat_chance": 0
  },
  "name": "surf",
  "names": [
    {
      "language": {
        "name": "ja-Hrkt",
        "url": "https://pokeapi.co/api/v2/language/1/"
      },
      "name": "\u306a\u307f\u306e\u308a"
    },
    {
      "language": {
        "name": "ko",
        "url": "https://pokeapi.co/api/v2/language/3/"
      },
      "name": "\ud30c\ub3c4\ud0c0\uae30"
    },
    {
      "language": {
        "name": "zh-Hant",
        "url": "https://pokeapi.co/api/v2/language/4/"
      },
      "name": "\u885d\u6d6a"
    },
    {
      "language": {
        "name": "fr",
        "url": "https://pokeapi.co/api/v2/language/5/"
      },
      "name": "Surf"
    },
    {
      "language": {
        "name": "de",
        "url": "https://pokeapi.co/api/v2/language/6/"
      },
      "name": "Surfer"
    },
    {
      "language": {
        "name": "es",
        "url": "https://pokeapi.co/api/v2/language/7/"
      },
      "name": "Surf"
    },
    {
      "language": {
        "name": "it",
        "url": "https://pokeapi.co/api/v2/language/8/"
      },
      "name": "Surf"
    },
    {
      "language": {
        "name": "en",
        "url": "https://pokeapi.co/api/v2/language/9/"
      },
      "name": "Surf"
    },
    {
      "language": {
        "name": "ja",
        "url": "https://pokeapi.co/api/v2/language/11/"
      },
      "name": "\u306a\u307f\u306e\u308a"
    },
    {
      "language": {
        "name": "zh-Hans",
        "url": "https://pokeapi.co/api/v2/language/12/"
      },
      "name": "\u51b2\u6d6a"
    }
  ],
  "past_values": [
    {
      "accuracy": null,
      "effect_chance": null,
      "effect_entries": [],
      "power": 95,
      "pp": null,
      "type": null,
      "version_group": {
        "name": "x-y",
        "url": "https://pokeapi.co/api/v2/version-group/15/"
      }
    }
  ],
  "power": 90,
  "pp": 15,
  "priority": 0,
  "stat_changes": [],
  "super_contest_effect": {
    "url": "https://pokeapi.co/api/v2/super-contest-effect/17/"
  },
  "target": {
    "name": "all-other-pokemon",
    "url": "https://pokeapi.co/api/v2/move-target/9/"
  },
  "type": {
    "name": "water",
    "url": "https://pokeapi.co/api/v2/type/11/"
  }
}