{
  "accuracy": null,
  "contest_combos": null,
  "contest_effect": null,
  "contest_type": {
    "name": "cute",
    "url": "https://pokeapi.co/api/v2/contest-type/3/"
  },
  "damage_class": {
    "name": "status",
    "url": "https://pokeapi.co/api/v2/move-damage-class/1/"
  },
  "effect_chance": null,
  "effect_changes": [],
  "effect_entries": [
    {
      "effect": "For five turns, the user is immune to ground moves.\n\nIf the user is under the effect of ingrain or has levitate, this move will fail.\n\nThis effect is temporarily disabled by and cannot be used during gravity.\n\nThis effect is passed on by baton pass.",
      "language": {
        "name": "en",
        "url": "https://pokeapi.co/api/v2/language/9/"
      },
      "short_effect": "User is immune to Ground moves and effects for five turns."
    }
  ],
  "flavor_text_entries": [
    {
      "flavor_text": "The user levitates using electrically\ngenerated magnetism for five turns.",
      "language": {
        "name": "en",
        "url": "https://pokeapi.co/api/v2/language/9/"
      },
      "version_group": {
        "name": "omega-ruby-alpha-sapphire",
        "url": "https://pokeapi.co/api/v2/version-group/16/"
      }
    },
    {
      "flavor_text": "The user levitates\nusing electrically\ngenerated magnetism\nfor five turns.\n",
      "language": {
        "name": "en",
        "url": "https://pokeapi.co/api/v2/language/9/"
      },
      "version_group": {
        "name": "diamond-pearl",
        "url": "https://pokeapi.co/api/v2/version-group/8/"
      }
    },
    {
      "flavor_text": "The user levitates\nusing electrically\ngenerated magnetism\nfor five turns.\n",
      "language": {
        "name": "en",
        "url": "https://pokeapi.co/api/v2/language/9/"
      },
      "version_group": {
        "name": "platinum",
        "url": "https://pokeapi.co/api/v2/version-group/9/"
      }
    },
    {
      "flavor_text": "The user levitates\nusing electrically\ngenerated magnetism\nfor five turns.\n",
      "language": {
        "name": "en",
        "url": "https://pokeapi.co/api/v2/language/9/"
      },
      "version_group": {
        "name": "heartgold-soulsilver",
        "url": "https://pokeapi.co/api/v2/version-group/10/"
      }
    },
    {
      "flavor_text": "Le lanceur utilise l\u2019\u00e9lectricit\u00e9 pour\ng\u00e9n\u00e9rer un champ magn\u00e9tique\net l\u00e9viter durant 5 tours.",
      "language": {
        "name": "fr",
        "url": "https://pokeapi.co/api/v2/language/5/"
      },
      "version_group": {
        "name": "black-white",
        "url": "https://pokeapi.co/api/v2/version-group/11/"
      }
    },
    {
      "flavor_text": "The user levitates using electrically\ngenerated magnetism for five turns.",
      "language": {
        "name": "en",
        "url": "https://pokeapi.co/api/v2/language/9/"
      },
      "version_group": {
        "name": "black-white",
        "url": "https://pokeapi.co/api/v2/version-group/11/"
      }
    },
    {
      "flavor_text": "The user levitates using electrically\ngenerated magnetism for five turns.",
      "language": {
        "name": "en",
        "url": "https://pokeapi.co/api/v2/language/9/"
      },
      "version_group": {
        "name": "black-2-white-2",
        "url": "https://pokeapi.co/api/v2/version-group/14/"
      }
    },
    {
      "flavor_text": "\u3067\u3093\u304d\u3067\u3000\u3064\u304f\u3063\u305f\u3000\u3058\u308a\u3087\u304f\u306e\u3000\u3061\u304b\u3089\u3067\n\u3061\u3085\u3046\u306b\u3000\u3046\u304b\u3076\u3002\n\uff15\u30bf\u30fc\u30f3\u306e\u3000\u3042\u3044\u3060\u3000\u3075\u3086\u3046\u3000\u3067\u304d\u308b\u3002",
      "language": {
        "name": "ja-Hrkt",
        "url": "https://pokeapi.co/api/v2/language/1/"
      },
      "version_group": {
        "name": "x-y",
        "url": "https://pokeapi.co/api/v2/version-group/15/"
      }
    },
    {
      "flavor_text": "\uc804\uae30\ub85c \ub9cc\ub4e0 \uc790\ub825\uc758 \ud798\uc73c\ub85c\n\ud5c8\uacf5\uc5d0 \ub72c\ub2e4.\n5\ud134 \ub3d9\uc548 \ubd80\uc720\ud560 \uc218 \uc788\ub2e4.",
      "language": {
        "name": "ko",
        "url": "https://pokeapi.co/api/v2/language/3/"
      },
      "version_group": {
        "name": "x-y",
        "url": "https://pokeapi.co/api/v2/version-group/15/"
      }
    },
    {
      "flavor_text": "Le lanceur utilise l\u2019\u00e9lectricit\u00e9 pour g\u00e9n\u00e9rer un\nchamp magn\u00e9tique et l\u00e9viter durant cinq tours.",
      "language": {
        "name": "fr",
        "url": "https://pokeapi.co/api/v2/language/5/"
      },
      "version_group": {
        "name": "x-y",
        "url": "https://pokeapi.co/api/v2/version-group/15/"
      }
    },
    {
      "flavor_text": "Anwender schwebt f\u00fcr f\u00fcnf Runden\ndurch elektrisch erzeugten Magnetismus.",
      "language": {
        "name": "de",
        "url": "https://pokeapi.co/api/v2/language/6/"
      },
      "version_group": {
        "name": "x-y",
        "url": "https://pokeapi.co/api/v2/version-group/15/"
      }
    },
    {
      "flavor_text": "Levita gracias a un campo magn\u00e9tico generado por\nelectricidad durante cinco turnos.",
      "language": {
        "name": "es",
        "url": "https://pokeapi.co/api/v2/language/7/"
      },
      "version_group": {
        "name": "x-y",
        "url": "https://pokeapi.co/api/v2/version-group/15/"
      }
    },
    {
      "flavor_text": "Chi la usa si solleva in aria per cinque turni\ngrazie a un campo elettromagnetico.",
      "language": {
        "name": "it",
        "url": "https://pokeapi.co/api/v2/language/8/"
      },
      "version_group": {
        "name": "x-y",
        "url": "https://pokeapi.co/api/v2/version-group/15/"
      }
    },
    {
      "flavor_text": "The user levitates using electrically\ngenerated magnetism for five turns.",
      "language": {
        "name": "en",
        "url": "https://pokeapi.co/api/v2/language/9/"
      },
      "version_group": {
        "name": "x-y",
        "url": "https://pokeapi.co/api/v2/version-group/15/"
      }
    },
    {
      "flavor_text": "\u96fb\u6c17\u3067\u3000\u3064\u304f\u3063\u305f\u3000\u78c1\u529b\u306e\u3000\u529b\u3067\n\u5b99\u306b\u3000\u6d6e\u304b\u3076\u3002\n\uff15\u30bf\u30fc\u30f3\u306e\u3000\u3042\u3044\u3060\u3000\u6d6e\u904a\u3067\u304d\u308b\u3002",
      "language": {
        "name": "ja",
        "url": "https://pokeapi.co/api/v2/language/11/"
      },
      "version_group": {
        "name": "x-y",
        "url": "https://pokeapi.co/api/v2/version-group/15/"
      }
    },
    {
      "flavor_text": "\u3067\u3093\u304d\u3067\u3000\u3064\u304f\u3063\u305f\u3000\u3058\u308a\u3087\u304f\u306e\u3000\u3061\u304b\u3089\u3067\n\u3061\u3085\u3046\u306b\u3000\u3046\u304b\u3076\u3002\n\uff15\u30bf\u30fc\u30f3\u306e\u3000\u3042\u3044\u3060\u3000\u3075\u3086\u3046\u3000\u3067\u304d\u308b\u3002",
      "language": {
        "name": "ja-Hrkt",
        "url": "https://pokeapi.co/api/v2/language/1/"
      },
      "version_group": {
        "name": "omega-ruby-alpha-sapphire",
        "url": "https://pokeapi.co/api/v2/version-group/16/"
      }
    },
    {
      "flavor_text": "\uc804\uae30\ub85c \ub9cc\ub4e0 \uc790\ub825\uc758 \ud798\uc73c\ub85c\n\ud5c8\uacf5\uc5d0 \ub72c\ub2e4.\n5\ud134 \ub3d9\uc548 \ubd80\uc720\ud560 \uc218 \uc788\ub2e4.",
      "language": {
        "name": "ko",
        "url": "https://pokeapi.co/api/v2/language/3/"
      },
      "version_group": {
        "name": "omega-ruby-alpha-sapphire",
        "url": "https://pokeapi.co/api/v2/version-group/16/"
      }
    },
    {
      "flavor_text": "Le lanceur utilise l\u2019\u00e9lectricit\u00e9 pour g\u00e9n\u00e9rer un\nchamp magn\u00e9tique et l\u00e9viter durant cinq tours.",
      "language": {
        "name": "fr",
        "url": "https://pokeapi.co/api/v2/language/5/"
      },
      "version_group": {
        "name": "omega-ruby-alpha-sapphire",
        "url": "https://pokeapi.co/api/v2/version-group/16/"
      }
    },
    {
      "flavor_text": "Anwender schwebt f\u00fcr f\u00fcnf Runden\ndurch elektrisch erzeugten Magnetismus.",
      "language": {
        "name": "de",
        "url": "https://pokeapi.co/api/v2/language/6/"
      },
      "version_group": {
        "name": "omega-ruby-alpha-sapphire",
        "url": "https://pokeapi.co/api/v2/version-group/16/"
      }
    },
    {
      "flavor_text": "Levita gracias a un campo magn\u00e9tico generado por \nelectricidad durante cinco turnos.",
      "language": {
        "name": "es",
        "url": "https://pokeapi.co/api/v2/language/7/"
      },
      "version_group": {
        "name": "omega-ruby-alpha-sapphire",
        "url": "https://pokeapi.co/api/v2/version-group/16/"
      }
    },
    {
      "flavor_text": "Chi la usa si solleva in aria per cinque turni\ngrazie a un campo elettromagnetico.",
      "language": {
        "name": "it",
        "url": "https://pokeapi.co/api/v2/language/8/"
      },
      "version_group": {
        "name": "omega-ruby-alpha-sapphire",
        "url": "https://pokeapi.co/api/v2/version-group/16/"
      }
    },
    {
      "flavor_text": "\u96fb\u6c17\u3067\u3000\u3064\u304f\u3063\u305f\u3000\u78c1\u529b\u306e\u3000\u529b\u3067\n\u5b99\u306b\u3000\u6d6e\u304b\u3076\u3002\n\uff15\u30bf\u30fc\u30f3\u306e\u3000\u3042\u3044\u3060\u3000\u6d6e\u904a\u3067\u304d\u308b\u3002",
      "language": {
        "name": "ja",
        "url": "https://pokeapi.co/api/v2/language/11/"
      },
      "version_group": {
        "name": "omega-ruby-alpha-sapphire",
        "url": "https://pokeapi.co/api/v2/version-group/16/"
      }
    },
    {
      "flavor_text": "\u3067\u3093\u304d\u3067\u3000\u3064\u304f\u3063\u305f\u3000\u3058\u308a\u3087\u304f\u306e\u3000\u3061\u304b\u3089\u3067\n\u3061\u3085\u3046\u306b\u3000\u3046\u304b\u3076\u3002\n\uff15\u30bf\u30fc\u30f3\u306e\u3000\u3042\u3044\u3060\u3000\u3075\u3086\u3046\u3000\u3067\u304d\u308b\u3002",
      "language": {
        "name": "ja-Hrkt",
        "url": "https://pokeapi.co/api/v2/language/1/"
      },
      "version_group": {
        "name": "sun-moon",
        "url": "https://pokeapi.co/api/v2/version-group/17/"
      }
    },
    {
      "flavor_text": "\uc804\uae30\ub85c \ub9cc\ub4e0 \uc790\ub825\uc758 \ud798\uc73c\ub85c\n\ud5c8\uacf5\uc5d0 \ub72c\ub2e4.\n5\ud134 \ub3d9\uc548 \ubd80\uc720\ud560 \uc218 \uc788\ub2e4.",
      "language": {
        "name": "ko",
        "url": "https://pokeapi.co/api/v2/language/3/"
      },
      "version_group": {
        "name": "sun-moon",
        "url": "https://pokeapi.co/api/v2/version-group/17/"
      }
    },
    {
      "flavor_text": "\u5229\u7528\u96fb\u6c23\u7522\u751f\u7684\u78c1\u529b\u6d6e\u5728\u7a7a\u4e2d\u3002\n\u5728\uff15\u56de\u5408\u5167\u53ef\u4ee5\u98c4\u6d6e\u3002",
      "language": {
        "name": "zh-Hant",
        "url": "https://pokeapi.co/api/v2/language/4/"
      },
      "version_group": {
        "name": "sun-moon",
        "url": "https://pokeapi.co/api/v2/version-group/17/"
      }
    },
    {
      "flavor_text": "Le lanceur utilise l\u2019\u00e9lectricit\u00e9 pour g\u00e9n\u00e9rer un\nchamp magn\u00e9tique et l\u00e9viter durant cinq tours.",
      "language": {
        "name": "fr",
        "url": "https://pokeapi.co/api/v2/language/5/"
      },
      "version_group": {
        "name": "sun-moon",
        "url": "https://pokeapi.co/api/v2/version-group/17/"
      }
    },
    {
      "flavor_text": "Anwender schwebt f\u00fcr f\u00fcnf Runden durch elektrisch\nerzeugten Magnetismus.",
      "language": {
        "name": "de",
        "url": "https://pokeapi.co/api/v2/language/6/"
      },
      "version_group": {
        "name": "sun-moon",
        "url": "https://pokeapi.co/api/v2/version-group/17/"
      }
    },
    {
      "flavor_text": "Levita gracias a un campo magn\u00e9tico generado por \nelectricidad durante cinco turnos.",
      "language": {
        "name": "es",
        "url": "https://pokeapi.co/api/v2/language/7/"
      },
      "version_group": {
        "name": "sun-moon",
        "url": "https://pokeapi.co/api/v2/version-group/17/"
      }
    },
    {
      "flavor_text": "Chi la usa si solleva in aria per cinque turni\ngrazie a un campo elettromagnetico.",
      "language": {
        "name": "it",
        "url": "https://pokeapi.co/api/v2/language/8/"
      },
      "version_group": {
        "name": "sun-moon",
        "url": "https://pokeapi.co/api/v2/version-group/17/"
      }
    },
    {
      "flavor_text": "The user levitates using electrically generated\nmagnetism for five turns.",
      "language": {
        "name": "en",
        "url": "https://pokeapi.co/api/v2/language/9/"
      },
      "version_group": {
        "name": "sun-moon",
        "url": "https://pokeapi.co/api/v2/version-group/17/"
      }
    },
    {
      "flavor_text": "\u96fb\u6c17\u3067\u3000\u3064\u304f\u3063\u305f\u3000\u78c1\u529b\u306e\u3000\u529b\u3067\n\u5b99\u306b\u3000\u6d6e\u304b\u3076\u3002\n\uff15\u30bf\u30fc\u30f3\u306e\u3000\u9593\u3000\u6d6e\u904a\u3067\u304d\u308b\u3002",
      "language": {
        "name": "ja",
        "url": "https://pokeapi.co/api/v2/language/11/"
      },
      "version_group": {
        "name": "sun-moon",
        "url": "https://pokeapi.co/api/v2/version-group/17/"
      }
    },
    {
      "flavor_text": "\u5229\u7528\u7535\u6c14\u4ea7\u751f\u7684\u78c1\u529b\u6d6e\u5728\u7a7a\u4e2d\u3002\n\u5728\uff15\u56de\u5408\u5185\u53ef\u4ee5\u98d8\u6d6e\u3002",
      "language": {
        "name": "zh-Hans",
        "url": "https://pokeapi.co/api/v2/language/12/"
      },
      "version_group": {
        "name": "sun-moon",
        "url": "https://pokeapi.co/api/v2/version-group/17/"
      }
    },
    {
      "flavor_text": "\u3067\u3093\u304d\u3067\u3000\u3064\u304f\u3063\u305f\u3000\u3058\u308a\u3087\u304f\u306e\u3000\u3061\u304b\u3089\u3067\n\u3061\u3085\u3046\u306b\u3000\u3046\u304b\u3076\u3002\n\uff15\u30bf\u30fc\u30f3\u306e\u3000\u3042\u3044\u3060\u3000\u3075\u3086\u3046\u3000\u3067\u304d\u308b\u3002",
      "language": {
        "name": "ja-Hrkt",
        "url": "https://pokeapi.co/api/v2/language/1/"
      },
      "version_group": {
        "name": "ultra-sun-ultra-moon",
        "url": "https://pokeapi.co/api/v2/version-group/18/"
      }
    },
    {
      "flavor_text": "\uc804\uae30\ub85c \ub9cc\ub4e0 \uc790\ub825\uc758 \ud798\uc73c\ub85c\n\ud5c8\uacf5\uc5d0 \ub72c\ub2e4.\n5\ud134 \ub3d9\uc548 \ubd80\uc720\ud560 \uc218 \uc788\ub2e4.",
      "language": {
        "name": "ko",
        "url": "https://pokeapi.co/api/v2/language/3/"
      },
      "version_group": {
        "name": "ultra-sun-ultra-moon",
        "url": "https://pokeapi.co/api/v2/version-group/18/"
      }
    },
    {
      "flavor_text": "\u5229\u7528\u96fb\u6c23\u7522\u751f\u7684\u78c1\u529b\u6d6e\u5728\u7a7a\u4e2d\u3002\n\u5728\uff15\u56de\u5408\u5167\u53ef\u4ee5\u98c4\u6d6e\u3002",
      "language": {
        "name": "zh-Hant",
        "url": "https://pokeapi.co/api/v2/language/4/"
      },
      "version_group": {
        "name": "ultra-sun-ultra-moon",
        "url": "https://pokeapi.co/api/v2/version-group/18/"
      }
    },
    {
      "flavor_text": "Le lanceur utilise l\u2019\u00e9lectricit\u00e9 pour g\u00e9n\u00e9rer un\nchamp magn\u00e9tique et l\u00e9viter durant cinq tours.",
      "language": {
        "name": "fr",
        "url": "https://pokeapi.co/api/v2/language/5/"
      },
      "version_group": {
        "name": "ultra-sun-ultra-moon",
        "url": "https://pokeapi.co/api/v2/version-group/18/"
      }
    },
    {
      "flavor_text": "Anwender schwebt f\u00fcr f\u00fcnf Runden durch elektrisch\nerzeugten Magnetismus.",
      "language": {
        "name": "de",
        "url": "https://pokeapi.co/api/v2/language/6/"
      },
      "version_group": {
        "name": "ultra-sun-ultra-moon",
        "url": "https://pokeapi.co/api/v2/version-group/18/"
      }
    },
    {
      "flavor_text": "Levita gracias a un campo magn\u00e9tico generado por \nelectricidad durante cinco turnos.",
      "language": {
        "name": "es",
        "url": "https://pokeapi.co/api/v2/language/7/"
      },
      "version_group": {
        "name": "ultra-sun-ultra-moon",
        "url": "https://pokeapi.co/api/v2/version-group/18/"
      }
    },
    {
      "flavor_text": "Chi la usa si solleva in aria per cinque turni\ngrazie a un campo elettromagnetico.",
      "language": {
        "name": "it",
        "url": "https://pokeapi.co/api/v2/language/8/"
      },
      "version_group": {
        "name": "ultra-sun-ultra-moon",
        "url": "https://pokeapi.co/api/v2/version-group/18/"
      }
    },
    {
      "flavor_text": "The user levitates using electrically generated\nmagnetism for five turns.",
      "language": {
        "name": "en",
        "url": "https://pokeapi.co/api/v2/language/9/"
      },
      "version_group": {
        "name": "ultra-sun-ultra-moon",
        "url": "https://pokeapi.co/api/v2/version-group/18/"
      }
    },
    {
      "flavor_text": "\u96fb\u6c17\u3067\u3000\u3064\u304f\u3063\u305f\u3000\u78c1\u529b\u306e\u3000\u529b\u3067\n\u5b99\u306b\u3000\u6d6e\u304b\u3076\u3002\n\uff15\u30bf\u30fc\u30f3\u306e\u3000\u9593\u3000\u6d6e\u904a\u3067\u304d\u308b\u3002",
      "language": {
        "name": "ja",
        "url": "https://pokeapi.co/api/v2/language/11/"
      },
      "version_group": {
        "name": "ultra-sun-ultra-moon",
        "url": "https://pokeapi.co/api/v2/version-group/18/"
      }
    },
    {
      "flavor_text": "\u5229\u7528\u7535\u6c14\u4ea7\u751f\u7684\u78c1\u529b\u6d6e\u5728\u7a7a\u4e2d\u3002\n\u5728\uff15\u56de\u5408\u5185\u53ef\u4ee5\u98d8\u6d6e\u3002",
      "language": {
        "name": "zh-Hans",
        "url": "https://pokeapi.co/api/v2/language/12/"
      },
      "version_group": {
        "name": "ultra-sun-ultra-moon",
        "url": "https://pokeapi.co/api/v2/version-group/18/"
      }
    },
    {
      "flavor_text": "\u3067\u3093\u304d\u3067\u3000\u3064\u304f\u3063\u305f\u3000\u3058\u308a\u3087\u304f\u306e\u3000\u3061\u304b\u3089\u3067\n\u3061\u3085\u3046\u306b\u3000\u3046\u304b\u3076\u3002\n\uff15\u30bf\u30fc\u30f3\u306e\u3000\u3042\u3044\u3060\u3000\u3075\u3086\u3046\u3000\u3067\u304d\u308b\u3002",
      "language": {
        "name": "ja-Hrkt",
        "url": "https://pokeapi.co/api/v2/language/1/"
      },
      "version_group": {
        "name": "lets-go-pikachu-lets-go-eevee",
        "url": "https://pokeapi.co/api/v2/version-group/19/"
      }
    },
    {
      "flavor_text": "\uc804\uae30\ub85c \ub9cc\ub4e0 \uc790\ub825\uc758 \ud798\uc73c\ub85c\n\ud5c8\uacf5\uc5d0 \ub72c\ub2e4.\n5\ud134 \ub3d9\uc548 \ubd80\uc720\ud560 \uc218 \uc788\ub2e4.",
      "language": {
        "name": "ko",
        "url": "https://pokeapi.co/api/v2/language/3/"
      },
      "version_group": {
        "name": "lets-go-pikachu-lets-go-eevee",
        "url": "https://pokeapi.co/api/v2/version-group/19/"
      }
    },
    {
      "flavor_text": "\u5229\u7528\u96fb\u6c23\u7522\u751f\u7684\u78c1\u529b\u6d6e\u5728\u7a7a\u4e2d\u3002\n\u5728\uff15\u56de\u5408\u5167\u53ef\u4ee5\u98c4\u6d6e\u3002",
      "language": {
        "name": "zh-Hant",
        "url": "https://pokeapi.co/api/v2/language/4/"
      },
      "version_group": {
        "name": "lets-go-pikachu-lets-go-eevee",
        "url": "https://pokeapi.co/api/v2/version-group/19/"
      }
    },
    {
      "flavor_text": "Le lanceur utilise l\u2019\u00e9lectricit\u00e9 pour g\u00e9n\u00e9rer un\nchamp magn\u00e9tique et l\u00e9viter durant cinq tours.",
      "language": {
        "name": "fr",
        "url": "https://pokeapi.co/api/v2/language/5/"
      },
      "version_group": {
        "name": "lets-go-pikachu-lets-go-eevee",
        "url": "https://pokeapi.co/api/v2/version-group/19/"
      }
    },
    {
      "flavor_text": "Anwender schwebt f\u00fcr f\u00fcnf Runden durch elektrisch\nerzeugten Magnetismus.",
      "language": {
        "name": "de",
        "url": "https://pokeapi.co/api/v2/language/6/"
      },
      "version_group": {
        "name": "lets-go-pikachu-lets-go-eevee",
        "url": "https://pokeapi.co/api/v2/version-group/19/"
      }
    },
    {
      "flavor_text": "Levita gracias a un campo magn\u00e9tico generado por \nelectricidad durante cinco turnos.",
      "language": {
        "name": "es",
        "url": "https://pokeapi.co/api/v2/language/7/"
      },
      "version_group": {
        "name": "lets-go-pikachu-lets-go-eevee",
        "url": "https://pokeapi.co/api/v2/version-group/19/"
      }
    },
    {
      "flavor_text": "Chi la usa si solleva in aria per cinque turni\ngrazie a un campo elettromagnetico.",
      "language": {
        "name": "it",
        "url": "https://pokeapi.co/api/v2/language/8/"
      },
      "version_group": {
        "name": "lets-go-pikachu-lets-go-eevee",
        "url": "https://pokeapi.co/api/v2/version-group/19/"
      }
    },
    {
      "flavor_text": "The user levitates using electrically generated\nmagnetism for five turns.",
      "language": {
        "name": "en",
        "url": "https://pokeapi.co/api/v2/language/9/"
      },
      "version_group": {
        "name": "lets-go-pikachu-lets-go-eevee",
        "url": "https://pokeapi.co/api/v2/version-group/19/"
      }
    },
    {
      "flavor_text": "\u96fb\u6c17\u3067\u3000\u3064\u304f\u3063\u305f\u3000\u78c1\u529b\u306e\u3000\u529b\u3067\n\u5b99\u306b\u3000\u6d6e\u304b\u3076\u3002\n\uff15\u30bf\u30fc\u30f3\u306e\u3000\u9593\u3000\u6d6e\u904a\u3067\u304d\u308b\u3002",
      "language": {
        "name": "ja",
        "url": "https://pokeapi.co/api/v2/language/11/"
      },
      "version_group": {
        "name": "lets-go-pikachu-lets-go-eevee",
        "url": "https://pokeapi.co/api/v2/version-group/19/"
      }
    },
    {
      "flavor_text": "\u5229\u7528\u7535\u6c14\u4ea7\u751f\u7684\u78c1\u529b\u6d6e\u5728\u7a7a\u4e2d\u3002\n\u5728\uff15\u56de\u5408\u5185\u53ef\u4ee5\u98d8\u6d6e\u3002",
      "language": {
        "name": "zh-Hans",
        "url": "https://pokeapi.co/api/v2/language/12/"
      },
      "version_group": {
        "name": "lets-go-pikachu-lets-go-eevee",
        "url": "https://pokeapi.co/api/v2/version-group/19/"
      }
    },
    {
      "flavor_text": "\u3067\u3093\u304d\u3067\u3000\u3064\u304f\u3063\u305f\u3000\u3058\u308a\u3087\u304f\u306e\u3000\u3061\u304b\u3089\u3067\n\u3061\u3085\u3046\u306b\u3000\u3046\u304b\u3076\u3002\n\uff15\u30bf\u30fc\u30f3\u306e\u3000\u3042\u3044\u3060\u3000\u3075\u3086\u3046\u3000\u3067\u304d\u308b\u3002",
      "language": {
        "name": "ja-Hrkt",
        "url": "https://pokeapi.co/api/v2/language/1/"
      },
      "version_group": {
        "name": "sword-shield",
        "url": "https://pokeapi.co/api/v2/version-group/20/"
      }
    },
    {
      "flavor_text": "\uc804\uae30\ub85c \ub9cc\ub4e0 \uc790\ub825\uc758 \ud798\uc73c\ub85c\n\ud5c8\uacf5\uc5d0 \ub72c\ub2e4.\n5\ud134 \ub3d9\uc548 \ubd80\uc720\ud560 \uc218 \uc788\ub2e4.",
      "language": {
        "name": "ko",
        "url": "https://pokeapi.co/api/v2/language/3/"
      },
      "version_group": {
        "name": "sword-shield",
        "url": "https://pokeapi.co/api/v2/version-group/20/"
      }
    },
    {
      "flavor_text": "\u5229\u7528\u96fb\u6c23\u7522\u751f\u7684\u78c1\u529b\u6d6e\u5728\u7a7a\u4e2d\u3002\n\u5728\uff15\u56de\u5408\u5167\u53ef\u4ee5\u98c4\u6d6e\u3002",
      "language": {
        "name": "zh-Hant",
        "url": "https://pokeapi.co/api/v2/language/4/"
      },
      "version_group": {
        "name": "sword-shield",
        "url": "https://pokeapi.co/api/v2/version-group/20/"
      }
    },
    {
      "flavor_text": "Le lanceur utilise l\u2019\u00e9lectricit\u00e9 pour g\u00e9n\u00e9rer un champ\nmagn\u00e9tique et l\u00e9viter durant cinq tours.",
      "language": {
        "name": "fr",
        "url": "https://pokeapi.co/api/v2/language/5/"
      },
      "version_group": {
        "name": "sword-shield",
        "url": "https://pokeapi.co/api/v2/version-group/20/"
      }
    },
    {
      "flavor_text": "Anwender schwebt f\u00fcr f\u00fcnf Runden durch elektrisch\nerzeugten Magnetismus.",
      "language": {
        "name": "de",
        "url": "https://pokeapi.co/api/v2/language/6/"
      },
      "version_group": {
        "name": "sword-shield",
        "url": "https://pokeapi.co/api/v2/version-group/20/"
      }
    },
    {
      "flavor_text": "Levita gracias a un campo magn\u00e9tico generado por \nelectricidad durante cinco turnos.",
      "language": {
        "name": "es",
        "url": "https://pokeapi.co/api/v2/language/7/"
      },
      "version_group": {
        "name": "sword-shield",
        "url": "https://pokeapi.co/api/v2/version-group/20/"
      }
    },
    {
      "flavor_text": "Chi la usa si solleva in aria per cinque turni\ngrazie a un campo elettromagnetico.",
      "language": {
        "name": "it",
        "url": "https://pokeapi.co/api/v2/language/8/"
      },
      "version_group": {
        "name": "sword-shield",
        "url": "https://pokeapi.co/api/v2/version-group/20/"
      }
    },
    {
      "flavor_text": "The user levitates using electrically generated\nmagnetism for five turns.",
      "language": {
        "name": "en",
        "url": "https://pokeapi.co/api/v2/language/9/"
      },
      "version_group": {
        "name": "sword-shield",
        "url": "https://pokeapi.co/api/v2/version-group/20/"
      }
    },
    {
      "flavor_text": "\u96fb\u6c17\u3067\u3000\u3064\u304f\u3063\u305f\u3000\u78c1\u529b\u306e\u3000\u529b\u3067\n\u5b99\u306b\u3000\u6d6e\u304b\u3076\u3002\n\uff15\u30bf\u30fc\u30f3\u306e\u3000\u9593\u3000\u6d6e\u904a\u3067\u304d\u308b\u3002",
      "language": {
        "name": "ja",
        "url": "https://pokeapi.co/api/v2/language/11/"
      },
      "version_group": {
        "name": "sword-shield",
        "url": "https://pokeapi.co/api/v2/version-group/20/"
      }
    },
    {
      "flavor_text": "\u5229\u7528\u7535\u6c14\u4ea7\u751f\u7684\u78c1\u529b\u6d6e\u5728\u7a7a\u4e2d\u3002\n\u5728\uff15\u56de\u5408\u5185\u53ef\u4ee5\u98d8\u6d6e\u3002",
      "language": {
        "name": "zh-Hans",
        "url": "https://pokeapi.co/api/v2/language/12/"
      },
      "version_group": {
        "name": "sword-shield",
        "url": "https://pokeapi.co/api/v2/version-group/20/"
      }
    },
    {
      "flavor_text": "The user levitates using electrically generated magnetism for five turns.",
      "language": {
        "name": "en",
        "url": "https://pokeapi.co/api/v2/language/9/"
      },
      "version_group": {
        "name": "legends-arceus",
        "url": "https://pokeapi.co/api/v2/version-group/24/"
      }
    },
    {
      "flavor_text": "The user levitates using electrically generated magnetism for five turns.",
      "language": {
        "name": "en",
        "url": "https://pokeapi.co/api/v2/language/9/"
      },
      "version_group": {
        "name": "scarlet-violet",
        "url": "https://pokeapi.co/api/v2/version-group/25/"
      }
    }
  ],
  "generation": {
    "name": "generation-iv",
    "url": "https://pokeapi.co/api/v2/generation/4/"
  },
  "id": 393,
  "learned_by_pokemon": [
    {
      "name": "pikachu",
      "url": "https://pokeapi.co/api/v2/pokemon/25/"
    },
    {
      "name": "raichu",
      "url": "https://pokeapi.co/api/v2/pokemon/26/"
    },
    {
      "name": "magnemite",
      "url": "https://pokeapi.co/api/v2/pokemon/81/"
    },
    {
      "name": "magneton",
      "url": "https://pokeapi.co/api/v2/pokemon/82/"
    },
    {
      "name": "voltorb",
      "url": "https://pokeapi.co/api/v2/pokemon/100/"
    },
    {
      "name": "electrode",
      "url": "https://pokeapi.co/api/v2/pokemon/101/"
    },
    {
      "name": "electabuzz",
      "url": "https://pokeapi.co/api/v2/pokemon/125/"
    },
    {
      "name": "jolteon",
      "url": "https://pokeapi.co/api/v2/pokemon/135/"
    },
    {
      "name": "porygon",
      "url": "https://pokeapi.co/api/v2/pokemon/137/"
    },
    {
      "name": "mew",
      "url": "https://pokeapi.co/api/v2/pokemon/151/"
    },
    {
      "name": "pichu",
      "url": "https://pokeapi.co/api/v2/pokemon/172/"
    },
    {
      "name": "mareep",
      "url": "https://pokeapi.co/api/v2/pokemon/179/"
    },
    {
      "name": "flaaffy",
      "url": "https://pokeapi.co/api/v2/pokemon/180/"
    },
    {
      "name": "ampharos",
      "url": "https://pokeapi.co/api/v2/pokemon/181/"
    },
    {
      "name": "forretress",
      "url": "https://pokeapi.co/api/v2/pokemon/205/"
    },
    {
      "name": "steelix",
      "url": "https://pokeapi.co/api/v2/pokemon/208/"
    },
    {
      "name": "porygon2",
      "url": "https://pokeapi.co/api/v2/pokemon/233/"
    },
    {
      "name": "elekid",
      "url": "https://pokeapi.co/api/v2/pokemon/239/"
    },
    {
      "name": "raikou",
      "url": "https://pokeapi.co/api/v2/pokemon/243/"
    },
    {
      "name": "nosepass",
      "url": "https://pokeapi.co/api/v2/pokemon/299/"
    },
    {
      "name": "mawile",
      "url": "https://pokeapi.co/api/v2/pokemon/303/"
    },
    {
      "name": "aron",
      "url": "https://pokeapi.co/api/v2/pokemon/304/"
    },
    {
      "name": "lairon",
      "url": "https://pokeapi.co/api/v2/pokemon/305/"
    },
    {
      "name": "aggron",
      "url": "https://pokeapi.co/api/v2/pokemon/306/"
    },
    {
      "name": "electrike",
      "url": "https://pokeapi.co/api/v2/pokemon/309/"
    },
    {
      "name": "manectric",
      "url": "https://pokeapi.co/api/v2/pokemon/310/"
    },
    {
      "name": "plusle",
      "url": "https://pokeapi.co/api/v2/pokemon/311/"
    },
    {
      "name": "minun",
      "url": "https://pokeapi.co/api/v2/pokemon/312/"
    },
    {
      "name": "metang",
      "url": "https://pokeapi.co/api/v2/pokemon/375/"
    },
    {
      "name": "metagross",
      "url": "https://pokeapi.co/api/v2/pokemon/376/"
    },
    {
      "name": "registeel",
      "url": "https://pokeapi.co/api/v2/pokemon/379/"
    },
    {
      "name": "shinx",
      "url": "https://pokeapi.co/api/v2/pokemon/403/"
    },
    {
      "name": "luxio",
      "url": "https://pokeapi.co/api/v2/pokemon/404/"
    },
    {
      "name": "luxray",
      "url": "https://pokeapi.co/api/v2/pokemon/405/"
    },
    {
      "name": "shieldon",
      "url": "https://pokeapi.co/api/v2/pokemon/410/"
    },
    {
      "name": "bastiodon",
      "url": "https://pokeapi.co/api/v2/pokemon/411/"
    },
    {
      "name": "pachirisu",
      "url": "https://pokeapi.co/api/v2/pokemon/417/"
    },
    {
      "name": "riolu",
      "url": "https://pokeapi.co/api/v2/pokemon/447/"
    },
    {
      "name": "lucario",
      "url": "https://pokeapi.co/api/v2/pokemon/448/"
    },
    {
      "name": "magnezone",
      "url": "https://pokeapi.co/api/v2/pokemon/462/"
    },
    {
      "name": "electivire",
      "url": "https://pokeapi.co/api/v2/pokemon/466/"
    },
    {
      "name": "porygon-z",
      "url": "https://pokeapi.co/api/v2/pokemon/474/"
    },
    {
      "name": "probopass",
      "url": "https://pokeapi.co/api/v2/pokemon/476/"
    },
    {
      "name": "dialga",
      "url": "https://pokeapi.co/api/v2/pokemon/483/"
    },
    {
      "name": "blitzle",
      "url": "https://pokeapi.co/api/v2/pokemon/522/"
    },
    {
      "name": "zebstrika",
      "url": "https://pokeapi.co/api/v2/pokemon/523/"
    },
    {
      "name": "excadrill",
      "url": "https://pokeapi.co/api/v2/pokemon/530/"
    },
    {
      "name": "vanillite",
      "url": "https://pokeapi.co/api/v2/pokemon/582/"
    },
    {
      "name": "vanillish",
      "url": "https://pokeapi.co/api/v2/pokemon/583/"
    },
    {
      "name": "vanilluxe",
      "url": "https://pokeapi.co/api/v2/pokemon/584/"
    },
    {
      "name": "joltik",
      "url": "https://pokeapi.co/api/v2/pokemon/595/"
    },
    {
      "name": "galvantula",
      "url": "https://pokeapi.co/api/v2/pokemon/596/"
    },
    {
      "name": "ferroseed",
      "url": "https://pokeapi.co/api/v2/pokemon/597/"
    },
    {
      "name": "ferrothorn",
      "url": "https://pokeapi.co/api/v2/pokemon/598/"
    },
    {
      "name": "klink",
      "url": "https://pokeapi.co/api/v2/pokemon/599/"
    },
    {
      "name": "klang",
      "url": "https://pokeapi.co/api/v2/pokemon/600/"
    },
    {
      "name": "klinklang",
      "url": "https://pokeapi.co/api/v2/pokemon/601/"
    },
    {
      "name": "tynamo",
      "url": "https://pokeapi.co/api/v2/pokemon/602/"
    },
    {
      "name": "eelektrik",
      "url": "https://pokeapi.co/api/v2/pokemon/603/"
    },
    {
      "name": "eelektross",
      "url": "https://pokeapi.co/api/v2/pokemon/604/"
    },
    {
      "name": "stunfisk",
      "url": "https://pokeapi.co/api/v2/pokemon/618/"
    },
    {
      "name": "pawniard",
      "url": "https://pokeapi.co/api/v2/pokemon/624/"
    },
    {
      "name": "bisharp",
      "url": "https://pokeapi.co/api/v2/pokemon/625/"
    },
    {
      "name": "larvesta",
      "url": "https://pokeapi.co/api/v2/pokemon/636/"
    },
    {
      "name": "volcarona",
      "url": "https://pokeapi.co/api/v2/pokemon/637/"
    },
    {
      "name": "cobalion",
      "url": "https://pokeapi.co/api/v2/pokemon/638/"
    },
    {
      "name": "zekrom",
      "url": "https://pokeapi.co/api/v2/pokemon/644/"
    },
    {
      "name": "genesect",
      "url": "https://pokeapi.co/api/v2/pokemon/649/"
    },
    {
      "name": "honedge",
      "url": "https://pokeapi.co/api/v2/pokemon/679/"
    },
    {
      "name": "doublade",
      "url": "https://pokeapi.co/api/v2/pokemon/680/"
    },
    {
      "name": "aegislash-shield",
      "url": "https://pokeapi.co/api/v2/pokemon/681/"
    },
    {
      "name": "helioptile",
      "url": "https://pokeapi.co/api/v2/pokemon/694/"
    },
    {
      "name": "heliolisk",
      "url": "https://pokeapi.co/api/v2/pokemon/695/"
    },
    {
      "name": "amaura",
      "url": "https://pokeapi.co/api/v2/pokemon/698/"
    },
    {
      "name": "aurorus",
      "url": "https://pokeapi.co/api/v2/pokemon/699/"
    },
    {
      "name": "dedenne",
      "url": "https://pokeapi.co/api/v2/pokemon/702/"
    },
    {
      "name": "carbink",
      "url": "https://pokeapi.co/api/v2/pokemon/703/"
    },
    {
      "name": "klefki",
      "url": "https://pokeapi.co/api/v2/pokemon/707/"
    },
    {
      "name": "diancie",
      "url": "https://pokeapi.co/api/v2/pokemon/719/"
    },
    {
      "name": "grubbin",
      "url": "https://pokeapi.co/api/v2/pokemon/736/"
    },
    {
      "name": "charjabug",
      "url": "https://pokeapi.co/api/v2/pokemon/737/"
    },
    {
      "name": "vikavolt",
      "url": "https://pokeapi.co/api/v2/pokemon/738/"
    },
    {
      "name": "minior-red-meteor",
      "url": "https://pokeapi.co/api/v2/pokemon/774/"
    },
    {
      "name": "togedemaru",
      "url": "https://pokeapi.co/api/v2/pokemon/777/"
    },
    {
      "name": "xurkitree",
      "url": "https://pokeapi.co/api/v2/pokemon/796/"
    },
    {
      "name": "celesteela",
      "url": "https://pokeapi.co/api/v2/pokemon/797/"
    },
    {
      "name": "guzzlord",
      "url": "https://pokeapi.co/api/v2/pokemon/799/"
    },
    {
      "name": "necrozma",
      "url": "https://pokeapi.co/api/v2/pokemon/800/"
    },
    {
      "name": "magearna",
      "url": "https://pokeapi.co/api/v2/pokemon/801/"
    },
    {
      "name": "stakataka",
      "url": "https://pokeapi.co/api/v2/pokemon/805/"
    },
    {
      "name": "regieleki",
      "url": "https://pokeapi.co/api/v2/pokemon/894/"
    },
    {
      "name": "revavroom",
      "url": "https://pokeapi.co/api/v2/pokemon/966/"
    },
    {
      "name": "wormadam-trash",
      "url": "https://pokeapi.co/api/v2/pokemon/10005/"
    },
    {
      "name": "aegislash-blade",
      "url": "https://pokeapi.co/api/v2/pokemon/10026/"
    },
    {
      "name": "ampharos-mega",
      "url": "https://pokeapi.co/api/v2/pokemon/10045/"
    },
    {
      "name": "mawile-mega",
      "url": "https://pokeapi.co/api/v2/pokemon/10052/"
    },
    {
      "name": "aggron-mega",
      "url": "https://pokeapi.co/api/v2/pokemon/10053/"
    },
    {
      "name": "manectric-mega",
      "url": "https://pokeapi.co/api/v2/pokemon/10055/"
    },
    {
      "name": "lucario-mega",
      "url": "https://pokeapi.co/api/v2/pokemon/10059/"
    },
    {
      "name": "steelix-mega",
      "url": "https://pokeapi.co/api/v2/pokemon/10072/"
    },
    {
      "name": "diancie-mega",
      "url": "https://pokeapi.co/api/v2/pokemon/10075/"
    },
    {
      "name": "metagross-mega",
      "url": "https://pokeapi.co/api/v2/pokemon/10076/"
    },
    {
      "name": "pikachu-rock-star",
      "url": "https://pokeapi.co/api/v2/pokemon/10080/"
    },
    {
      "name": "pikachu-belle",
      "url": "https://pokeapi.co/api/v2/pokemon/10081/"
    },
    {
      "name": "pikachu-pop-star",
      "url": "https://pokeapi.co/api/v2/pokemon/10082/"
    },
    {
      "name": "pikachu-phd",
      "url": "https://pokeapi.co/api/v2/pokemon/10083/"
    },
    {
      "name": "pikachu-libre",
      "url": "https://pokeapi.co/api/v2/pokemon/10084/"
    },
    {
      "name": "pikachu-cosplay",
      "url": "https://pokeapi.co/api/v2/pokemon/10085/"
    },
    {
      "name": "pikachu-original-cap",
      "url": "https://pokeapi.co/api/v2/pokemon/10094/"
    },
    {
      "name": "pikachu-hoenn-cap",
      "url": "https://pokeapi.co/api/v2/pokemon/10095/"
    },
    {
      "name": "pikachu-sinnoh-cap",
      "url": "https://pokeapi.co/api/v2/pokemon/10096/"
    },
    {
      "name": "pikachu-unova-cap",
      "url": "https://pokeapi.co/api/v2/pokemon/10097/"
    },
    {
      "name": "pikachu-kalos-cap",
      "url": "https://pokeapi.co/api/v2/pokemon/10098/"
    },
    {
      "name": "pikachu-alola-cap",
      "url": "https://pokeapi.co/api/v2/pokemon/10099/"
    },
    {
      "name": "raichu-alola",
      "url": "https://pokeapi.co/api/v2/pokemon/10100/"
    },
    {
      "name": "geodude-alola",
      "url": "https://pokeapi.co/api/v2/pokemon/10109/"
    },
    {
      "name": "graveler-alola",
      "url": "https://pokeapi.co/api/v2/pokemon/10110/"
    },
    {
      "name": "golem-alola",
      "url": "https://pokeapi.co/api/v2/pokemon/10111/"
    },
    {
      "name": "vikavolt-totem",
      "url": "https://pokeapi.co/api/v2/pokemon/10122/"
    },
    {
      "name": "minior-orange-meteor",
      "url": "https://pokeapi.co/api/v2/pokemon/10130/"
    },
    {
      "name": "minior-yellow-meteor",
      "url": "https://pokeapi.co/api/v2/pokemon/10131/"
    },
    {
      "name": "minior-green-meteor",
      "url": "https://pokeapi.co/api/v2/pokemon/10132/"
    },
    {
      "name": "minior-blue-meteor",
      "url": "https://pokeapi.co/api/v2/pokemon/10133/"
    },
    {
      "name": "minior-indigo-meteor",
      "url": "https://pokeapi.co/api/v2/pokemon/10134/"
    },
    {
      "name": "minior-violet-meteor",
      "url": "https://pokeapi.co/api/v2/pokemon/10135/"
    },
    {
      "name": "minior-red",
      "url": "https://pokeapi.co/api/v2/pokemon/10136/"
    },
    {
      "name": "minior-orange",
      "url": "https://pokeapi.co/api/v2/pokemon/10137/"
    },
    {
      "name": "minior-yellow",
      "url": "https://pokeapi.co/api/v2/pokemon/10138/"
    },
    {
      "name": "minior-green",
      "url": "https://pokeapi.co/api/v2/pokemon/10139/"
    },
    {
      "name": "minior-blue",
      "url": "https://pokeapi.co/api/v2/pokemon/10140/"
    },
    {
      "name": "minior-indigo",
      "url": "https://pokeapi.co/api/v2/pokemon/10141/"
    },
    {
      "name": "minior-violet",
      "url": "https://pokeapi.co/api/v2/pokemon/10142/"
    },
    {
      "name": "magearna-original",
      "url": "https://pokeapi.co/api/v2/pokemon/10147/"
    },
    {
      "name": "pikachu-partner-cap",
      "url": "https://pokeapi.co/api/v2/pokemon/10148/"
    },
    {
      "name": "togedemaru-totem",
      "url": "https://pokeapi.co/api/v2/pokemon/10154/"
    },
    {
      "name": "necrozma-dusk",
      "url": "https://pokeapi.co/api/v2/pokemon/10155/"
    },
    {
      "name": "necrozma-dawn",
      "url": "https://pokeapi.co/api/v2/pokemon/10156/"
    },
    {
      "name": "necrozma-ultra",
      "url": "https://pokeapi.co/api/v2/pokemon/10157/"
    }
  ],
  "machines": [],
  "meta": {
    "ailment": {
      "name": "none",
      "url": "https://pokeapi.co/api/v2/move-ailment/0/"
    },
    "ailment_chance": 0,
    "category": {
      "name": "unique",
      "url": "https://pokeapi.co/api/v2/move-category/13/"
    },
    "crit_rate": 0,
    "drain": 0,
    "flinch_chance": 0,
    "healing": 0,
    "max_hits": null,
    "max_turns": null,
    "min_hits": null,
    "min_turns": null,
    "stat_chance": 0
  },
  "name": "magnet-rise",
  "names": [
    {
      "language": {
        "name": "ja-Hrkt",
        "url": "https://pokeapi.co/api/v2/language/1/"
      },
      "name": "\u3067\u3093\u3058\u3075\u3086\u3046"
    },
    {
      "language": {
        "name": "ko",
        "url": "https://pokeapi.co/api/v2/language/3/"
      },
      "name": "\uc804\uc790\ubd80\uc720"
    },
    {
      "language": {
        "name": "zh-Hant",
        "url": "https://pokeapi.co/api/v2/language/4/"
      },
      "name": "\u96fb\u78c1\u98c4\u6d6e"
    },
    {
      "language": {
        "name": "fr",
        "url": "https://pokeapi.co/api/v2/language/5/"
      },
      "name": "Vol Magn\u00e9tik"
    },
    {
      "language": {
        "name": "de",
        "url": "https://pokeapi.co/api/v2/language/6/"
      },
      "name": "Magnetflug"
    },
    {
      "language": {
        "name": "es",
        "url": "https://pokeapi.co/api/v2/language/7/"
      },
      "name": "Levit\u00f3n"
    },
    {
      "language": {
        "name": "it",
        "url": "https://pokeapi.co/api/v2/language/8/"
      },
      "name": "Magnetascesa"
    },
    {
      "language": {
        "name": "en",
        "url": "https://pokeapi.co/api/v2/language/9/"
      },
      "name": "Magnet Rise"
    },
    {
      "language": {
        "name": "ja",
        "url": "https://pokeapi.co/api/v2/language/11/"
      },
      "name": "\u3067\u3093\u3058\u3075\u3086\u3046"
    },
    {
      "language": {
        "name": "zh-Hans",
        "url": "https://pokeapi.co/api/v2/language/12/"
      },
      "name": "\u7535\u78c1\u98d8\u6d6e"
    }
  ],
  "past_values": [],
  "power": null,
  "pp": 10,
  "priority": 0,
  "stat_changes": [],
  "super_contest_effect": {
    "url": "https://pokeapi.co/api/v2/super-contest-effect/13/"
  },
  "target": {
    "name": "user",
    "url": "https://pokeapi.co/api/v2/move-target/7/"
  },
  "type": {
    "name": "electric",
    "url": "https://pokeapi.co/api/v2/type/13/"
  }
}