{
  "accuracy": 75,
  "contest_combos": {
    "normal": {
      "use_after": [
        {
          "name": "pound",
          "url": "https://pokeapi.co/api/v2/move/1/"
        }
      ],
      "use_before": null
    },
    "super": {
      "use_after": null,
      "use_before": null
    }
  },
  "contest_effect": {
    "url": "https://pokeapi.co/api/v2/contest-effect/23/"
  },
  "contest_type": {
    "name": "tough",
    "url": "https://pokeapi.co/api/v2/contest-type/5/"
  },
  "damage_class": {
    "name": "physical",
    "url": "https://pokeapi.co/api/v2/move-damage-class/2/"
  },
  "effect_chance": null,
  "effect_changes": [],
  "effect_entries": [
    {
      "effect": "Inflicts regular damage.",
      "language": {
        "name": "en",
        "url": "https://pokeapi.co/api/v2/language/9/"
      },
      "short_effect": "Inflicts regular damage with no additional effect."
    }
  ],
  "flavor_text_entries": [
    {
      "flavor_text": "Slams the foe with\na tail, vine, etc.",
      "language": {
        "name": "en",
        "url": "https://pokeapi.co/api/v2/language/9/"
      },
      "version_group": {
        "name": "gold-silver",
        "url": "https://pokeapi.co/api/v2/version-group/3/"
      }
    },
    {
      "flavor_text": "Slams the foe with\na tail, vine, etc.",
      "language": {
        "name": "en",
        "url": "https://pokeapi.co/api/v2/language/9/"
      },
      "version_group": {
        "name": "crystal",
        "url": "https://pokeapi.co/api/v2/version-group/4/"
      }
    },
    {
      "flavor_text": "Slams the foe with a long\ntail, vine, etc.",
      "language": {
        "name": "en",
        "url": "https://pokeapi.co/api/v2/language/9/"
      },
      "version_group": {
        "name": "ruby-sapphire",
        "url": "https://pokeapi.co/api/v2/version-group/5/"
      }
    },
    {
      "flavor_text": "Slams the foe with a long\ntail, vine, etc.",
      "language": {
        "name": "en",
        "url": "https://pokeapi.co/api/v2/language/9/"
      },
      "version_group": {
        "name": "emerald",
        "url": "https://pokeapi.co/api/v2/version-group/6/"
      }
    },
    {
      "flavor_text": "The foe is struck\nwith a long tail,\nvines, etc.",
      "language": {
        "name": "en",
        "url": "https://pokeapi.co/api/v2/language/9/"
      },
      "version_group": {
        "name": "firered-leafgreen",
        "url": "https://pokeapi.co/api/v2/version-group/7/"
      }
    },
    {
      "flavor_text": "The foe is slammed\nwith a long tail,\nvines, etc., to inflict\ndamage.\n",
      "language": {
        "name": "en",
        "url": "https://pokeapi.co/api/v2/language/9/"
      },
      "version_group": {
        "name": "diamond-pearl",
        "url": "https://pokeapi.co/api/v2/version-group/8/"
      }
    },
    {
      "flavor_text": "The foe is slammed\nwith a long tail,\nvines, etc., to inflict\ndamage.\n",
      "language": {
        "name": "en",
        "url": "https://pokeapi.co/api/v2/language/9/"
      },
      "version_group": {
        "name": "platinum",
        "url": "https://pokeapi.co/api/v2/version-group/9/"
      }
    },
    {
      "flavor_text": "The foe is slammed\nwith a long tail,\nvines, etc., to inflict\ndamage.\n",
      "language": {
        "name": "en",
        "url": "https://pokeapi.co/api/v2/language/9/"
      },
      "version_group": {
        "name": "heartgold-soulsilver",
        "url": "https://pokeapi.co/api/v2/version-group/10/"
      }
    },
    {
      "flavor_text": "Fouette l\u2019ennemi avec la queue, une\nliane, etc. pour infliger des d\u00e9g\u00e2ts.",
      "language": {
        "name": "fr",
        "url": "https://pokeapi.co/api/v2/language/5/"
      },
      "version_group": {
        "name": "black-white",
        "url": "https://pokeapi.co/api/v2/version-group/11/"
      }
    },
    {
      "flavor_text": "The target is slammed with a long tail,\nvines, etc., to inflict damage.",
      "language": {
        "name": "en",
        "url": "https://pokeapi.co/api/v2/language/9/"
      },
      "version_group": {
        "name": "black-white",
        "url": "https://pokeapi.co/api/v2/version-group/11/"
      }
    },
    {
      "flavor_text": "The target is slammed with a long tail,\nvines, etc., to inflict damage.",
      "language": {
        "name": "en",
        "url": "https://pokeapi.co/api/v2/language/9/"
      },
      "version_group": {
        "name": "black-2-white-2",
        "url": "https://pokeapi.co/api/v2/version-group/14/"
      }
    },
    {
      "flavor_text": "\u306a\u304c\u3044\u3000\u3057\u3063\u307d\u3084\u3000\u3064\u308b\u306a\u3069\u3092\u3000\u3064\u304b\u3044\n\u3042\u3044\u3066\u3092\u3000\u305f\u305f\u304d\u3064\u3051\u3066\u3000\u3053\u3046\u3052\u304d\u3059\u308b\u3002\n",
      "language": {
        "name": "ja-Hrkt",
        "url": "https://pokeapi.co/api/v2/language/1/"
      },
      "version_group": {
        "name": "x-y",
        "url": "https://pokeapi.co/api/v2/version-group/15/"
      }
    },
    {
      "flavor_text": "\uae34 \uaf2c\ub9ac\ub098 \ub369\uad74 \ub4f1\uc744 \uc0ac\uc6a9\ud574\n\uc0c1\ub300\ub97c \ud798\uaecf \uccd0\uc11c \uacf5\uaca9\ud55c\ub2e4.",
      "language": {
        "name": "ko",
        "url": "https://pokeapi.co/api/v2/language/3/"
      },
      "version_group": {
        "name": "x-y",
        "url": "https://pokeapi.co/api/v2/version-group/15/"
      }
    },
    {
      "flavor_text": "Fouette l\u2019ennemi avec la queue ou une liane,\npar exemple, pour infliger des d\u00e9g\u00e2ts.",
      "language": {
        "name": "fr",
        "url": "https://pokeapi.co/api/v2/language/5/"
      },
      "version_group": {
        "name": "x-y",
        "url": "https://pokeapi.co/api/v2/version-group/15/"
      }
    },
    {
      "flavor_text": "Schlag mit einem langen Schweif, einer Ranke\noder \u00c4hnlichem.",
      "language": {
        "name": "de",
        "url": "https://pokeapi.co/api/v2/language/6/"
      },
      "version_group": {
        "name": "x-y",
        "url": "https://pokeapi.co/api/v2/version-group/15/"
      }
    },
    {
      "flavor_text": "Golpea con las extremidades.",
      "language": {
        "name": "es",
        "url": "https://pokeapi.co/api/v2/language/7/"
      },
      "version_group": {
        "name": "x-y",
        "url": "https://pokeapi.co/api/v2/version-group/15/"
      }
    },
    {
      "flavor_text": "Infligge danni al bersaglio con la coda, con una\nliana o simili.",
      "language": {
        "name": "it",
        "url": "https://pokeapi.co/api/v2/language/8/"
      },
      "version_group": {
        "name": "x-y",
        "url": "https://pokeapi.co/api/v2/version-group/15/"
      }
    },
    {
      "flavor_text": "The target is slammed with a long tail,\nvines, or the like to inflict damage.",
      "language": {
        "name": "en",
        "url": "https://pokeapi.co/api/v2/language/9/"
      },
      "version_group": {
        "name": "x-y",
        "url": "https://pokeapi.co/api/v2/version-group/15/"
      }
    },
    {
      "flavor_text": "\u9577\u3044\u3000\u3057\u3063\u307d\u3084\u3000\u3064\u308b\u306a\u3069\u3092\u3000\u4f7f\u3044\n\u76f8\u624b\u3092\u3000\u305f\u305f\u304d\u3064\u3051\u3066\u3000\u653b\u6483\u3059\u308b\u3002\n",
      "language": {
        "name": "ja",
        "url": "https://pokeapi.co/api/v2/language/11/"
      },
      "version_group": {
        "name": "x-y",
        "url": "https://pokeapi.co/api/v2/version-group/15/"
      }
    },
    {
      "flavor_text": "\u306a\u304c\u3044\u3000\u3057\u3063\u307d\u3084\u3000\u3064\u308b\u306a\u3069\u3092\u3000\u3064\u304b\u3044\n\u3042\u3044\u3066\u3092\u3000\u305f\u305f\u304d\u3064\u3051\u3066\u3000\u3053\u3046\u3052\u304d\u3059\u308b\u3002\n",
      "language": {
        "name": "ja-Hrkt",
        "url": "https://pokeapi.co/api/v2/language/1/"
      },
      "version_group": {
        "name": "omega-ruby-alpha-sapphire",
        "url": "https://pokeapi.co/api/v2/version-group/16/"
      }
    },
    {
      "flavor_text": "\uae34 \uaf2c\ub9ac\ub098 \ub369\uad74 \ub4f1\uc744 \uc0ac\uc6a9\ud574\n\uc0c1\ub300\ub97c \ud798\uaecf \uccd0\uc11c \uacf5\uaca9\ud55c\ub2e4.",
      "language": {
        "name": "ko",
        "url": "https://pokeapi.co/api/v2/language/3/"
      },
      "version_group": {
        "name": "omega-ruby-alpha-sapphire",
        "url": "https://pokeapi.co/api/v2/version-group/16/"
      }
    },
    {
      "flavor_text": "Fouette l\u2019ennemi avec la queue ou une liane,\npar exemple, pour infliger des d\u00e9g\u00e2ts.",
      "language": {
        "name": "fr",
        "url": "https://pokeapi.co/api/v2/language/5/"
      },
      "version_group": {
        "name": "omega-ruby-alpha-sapphire",
        "url": "https://pokeapi.co/api/v2/version-group/16/"
      }
    },
    {
      "flavor_text": "Schlag mit einem langen Schweif, einer Ranke\noder \u00c4hnlichem.",
      "language": {
        "name": "de",
        "url": "https://pokeapi.co/api/v2/language/6/"
      },
      "version_group": {
        "name": "omega-ruby-alpha-sapphire",
        "url": "https://pokeapi.co/api/v2/version-group/16/"
      }
    },
    {
      "flavor_text": "Golpea con las extremidades.",
      "language": {
        "name": "es",
        "url": "https://pokeapi.co/api/v2/language/7/"
      },
      "version_group": {
        "name": "omega-ruby-alpha-sapphire",
        "url": "https://pokeapi.co/api/v2/version-group/16/"
      }
    },
    {
      "flavor_text": "Infligge danni al bersaglio con la coda, con una\nliana o simili.",
      "language": {
        "name": "it",
        "url": "https://pokeapi.co/api/v2/language/8/"
      },
      "version_group": {
        "name": "omega-ruby-alpha-sapphire",
        "url": "https://pokeapi.co/api/v2/version-group/16/"
      }
    },
    {
      "flavor_text": "The target is slammed with a long tail,\nvines, or the like to inflict damage.",
      "language": {
        "name": "en",
        "url": "https://pokeapi.co/api/v2/language/9/"
      },
      "version_group": {
        "name": "omega-ruby-alpha-sapphire",
        "url": "https://pokeapi.co/api/v2/version-group/16/"
      }
    },
    {
      "flavor_text": "\u9577\u3044\u3000\u3057\u3063\u307d\u3084\u3000\u3064\u308b\u306a\u3069\u3092\u3000\u4f7f\u3044\n\u76f8\u624b\u3092\u3000\u305f\u305f\u304d\u3064\u3051\u3066\u3000\u653b\u6483\u3059\u308b\u3002\n",
      "language": {
        "name": "ja",
        "url": "https://pokeapi.co/api/v2/language/11/"
      },
      "version_group": {
        "name": "omega-ruby-alpha-sapphire",
        "url": "https://pokeapi.co/api/v2/version-group/16/"
      }
    },
    {
      "flavor_text": "\u306a\u304c\u3044\u3000\u3057\u3063\u307d\u3084\u3000\u3064\u308b\u306a\u3069\u3092\u3000\u3064\u304b\u3044\n\u3042\u3044\u3066\u3092\u3000\u305f\u305f\u304d\u3064\u3051\u3066\u3000\u3053\u3046\u3052\u304d\u3059\u308b\u3002",
      "language": {
        "name": "ja-Hrkt",
        "url": "https://pokeapi.co/api/v2/language/1/"
      },
      "version_group": {
        "name": "sun-moon",
        "url": "https://pokeapi.co/api/v2/version-group/17/"
      }
    },
    {
      "flavor_text": "\uae34 \uaf2c\ub9ac\ub098 \ub369\uad74 \ub4f1\uc744 \uc0ac\uc6a9\ud574\n\uc0c1\ub300\ub97c \ud798\uaecf \uccd0\uc11c \uacf5\uaca9\ud55c\ub2e4.",
      "language": {
        "name": "ko",
        "url": "https://pokeapi.co/api/v2/language/3/"
      },
      "version_group": {
        "name": "sun-moon",
        "url": "https://pokeapi.co/api/v2/version-group/17/"
      }
    },
    {
      "flavor_text": "\u5c07\u9577\u9577\u7684\u5c3e\u5df4\u6216\u85e4\u8513\u7b49\n\u7529\u5411\u5c0d\u624b\u9032\u884c\u653b\u64ca\u3002",
      "language": {
        "name": "zh-Hant",
        "url": "https://pokeapi.co/api/v2/language/4/"
      },
      "version_group": {
        "name": "sun-moon",
        "url": "https://pokeapi.co/api/v2/version-group/17/"
      }
    },
    {
      "flavor_text": "Fouette l\u2019ennemi avec la queue ou une liane,\npar exemple, pour infliger des d\u00e9g\u00e2ts.",
      "language": {
        "name": "fr",
        "url": "https://pokeapi.co/api/v2/language/5/"
      },
      "version_group": {
        "name": "sun-moon",
        "url": "https://pokeapi.co/api/v2/version-group/17/"
      }
    },
    {
      "flavor_text": "Schlag mit einem langen Schweif, einer Ranke oder\n\u00c4hnlichem.",
      "language": {
        "name": "de",
        "url": "https://pokeapi.co/api/v2/language/6/"
      },
      "version_group": {
        "name": "sun-moon",
        "url": "https://pokeapi.co/api/v2/version-group/17/"
      }
    },
    {
      "flavor_text": "Golpea con la cola o con lianas, por ejemplo, para\ncausar da\u00f1o al objetivo.",
      "language": {
        "name": "es",
        "url": "https://pokeapi.co/api/v2/language/7/"
      },
      "version_group": {
        "name": "sun-moon",
        "url": "https://pokeapi.co/api/v2/version-group/17/"
      }
    },
    {
      "flavor_text": "Infligge danni al bersaglio con la coda, con una\nliana o con qualcosa di simile.",
      "language": {
        "name": "it",
        "url": "https://pokeapi.co/api/v2/language/8/"
      },
      "version_group": {
        "name": "sun-moon",
        "url": "https://pokeapi.co/api/v2/version-group/17/"
      }
    },
    {
      "flavor_text": "The target is slammed with a long tail, vines, or the\nlike to inflict damage.",
      "language": {
        "name": "en",
        "url": "https://pokeapi.co/api/v2/language/9/"
      },
      "version_group": {
        "name": "sun-moon",
        "url": "https://pokeapi.co/api/v2/version-group/17/"
      }
    },
    {
      "flavor_text": "\u9577\u3044\u3000\u3057\u3063\u307d\u3084\u3000\u3064\u308b\u306a\u3069\u3092\u3000\u4f7f\u3044\n\u76f8\u624b\u3092\u3000\u305f\u305f\u304d\u3064\u3051\u3066\u3000\u653b\u6483\u3059\u308b\u3002",
      "language": {
        "name": "ja",
        "url": "https://pokeapi.co/api/v2/language/11/"
      },
      "version_group": {
        "name": "sun-moon",
        "url": "https://pokeapi.co/api/v2/version-group/17/"
      }
    },
    {
      "flavor_text": "\u4f7f\u7528\u957f\u957f\u7684\u5c3e\u5df4\u6216\u85e4\u8513\u7b49\n\u6454\u6253\u5bf9\u624b\u8fdb\u884c\u653b\u51fb\u3002",
      "language": {
        "name": "zh-Hans",
        "url": "https://pokeapi.co/api/v2/language/12/"
      },
      "version_group": {
        "name": "sun-moon",
        "url": "https://pokeapi.co/api/v2/version-group/17/"
      }
    },
    {
      "flavor_text": "\u306a\u304c\u3044\u3000\u3057\u3063\u307d\u3084\u3000\u3064\u308b\u306a\u3069\u3092\u3000\u3064\u304b\u3044\n\u3042\u3044\u3066\u3092\u3000\u305f\u305f\u304d\u3064\u3051\u3066\u3000\u3053\u3046\u3052\u304d\u3059\u308b\u3002",
      "language": {
        "name": "ja-Hrkt",
        "url": "https://pokeapi.co/api/v2/language/1/"
      },
      "version_group": {
        "name": "ultra-sun-ultra-moon",
        "url": "https://pokeapi.co/api/v2/version-group/18/"
      }
    },
    {
      "flavor_text": "\uae34 \uaf2c\ub9ac\ub098 \ub369\uad74 \ub4f1\uc744 \uc0ac\uc6a9\ud574\n\uc0c1\ub300\ub97c \ud798\uaecf \uccd0\uc11c \uacf5\uaca9\ud55c\ub2e4.",
      "language": {
        "name": "ko",
        "url": "https://pokeapi.co/api/v2/language/3/"
      },
      "version_group": {
        "name": "ultra-sun-ultra-moon",
        "url": "https://pokeapi.co/api/v2/version-group/18/"
      }
    },
    {
      "flavor_text": "\u5c07\u9577\u9577\u7684\u5c3e\u5df4\u6216\u85e4\u8513\u7b49\n\u7529\u5411\u5c0d\u624b\u9032\u884c\u653b\u64ca\u3002",
      "language": {
        "name": "zh-Hant",
        "url": "https://pokeapi.co/api/v2/language/4/"
      },
      "version_group": {
        "name": "ultra-sun-ultra-moon",
        "url": "https://pokeapi.co/api/v2/version-group/18/"
      }
    },
    {
      "flavor_text": "Fouette l\u2019ennemi avec la queue ou une liane,\npar exemple, pour infliger des d\u00e9g\u00e2ts.",
      "language": {
        "name": "fr",
        "url": "https://pokeapi.co/api/v2/language/5/"
      },
      "version_group": {
        "name": "ultra-sun-ultra-moon",
        "url": "https://pokeapi.co/api/v2/version-group/18/"
      }
    },
    {
      "flavor_text": "Schlag mit einem langen Schweif, einer Ranke oder\n\u00c4hnlichem.",
      "language": {
        "name": "de",
        "url": "https://pokeapi.co/api/v2/language/6/"
      },
      "version_group": {
        "name": "ultra-sun-ultra-moon",
        "url": "https://pokeapi.co/api/v2/version-group/18/"
      }
    },
    {
      "flavor_text": "Golpea con la cola o con lianas, por ejemplo, para\ncausar da\u00f1o al objetivo.",
      "language": {
        "name": "es",
        "url": "https://pokeapi.co/api/v2/language/7/"
      },
      "version_group": {
        "name": "ultra-sun-ultra-moon",
        "url": "https://pokeapi.co/api/v2/version-group/18/"
      }
    },
    {
      "flavor_text": "Infligge danni al bersaglio con la coda, con una\nliana o con qualcosa di simile.",
      "language": {
        "name": "it",
        "url": "https://pokeapi.co/api/v2/language/8/"
      },
      "version_group": {
        "name": "ultra-sun-ultra-moon",
        "url": "https://pokeapi.co/api/v2/version-group/18/"
      }
    },
    {
      "flavor_text": "The target is slammed with a long tail, vines, or the\nlike to inflict damage.",
      "language": {
        "name": "en",
        "url": "https://pokeapi.co/api/v2/language/9/"
      },
      "version_group": {
        "name": "ultra-sun-ultra-moon",
        "url": "https://pokeapi.co/api/v2/version-group/18/"
      }
    },
    {
      "flavor_text": "\u9577\u3044\u3000\u3057\u3063\u307d\u3084\u3000\u3064\u308b\u306a\u3069\u3092\u3000\u4f7f\u3044\n\u76f8\u624b\u3092\u3000\u305f\u305f\u304d\u3064\u3051\u3066\u3000\u653b\u6483\u3059\u308b\u3002",
      "language": {
        "name": "ja",
        "url": "https://pokeapi.co/api/v2/language/11/"
      },
      "version_group": {
        "name": "ultra-sun-ultra-moon",
        "url": "https://pokeapi.co/api/v2/version-group/18/"
      }
    },
    {
      "flavor_text": "\u4f7f\u7528\u957f\u957f\u7684\u5c3e\u5df4\u6216\u85e4\u8513\u7b49\n\u6454\u6253\u5bf9\u624b\u8fdb\u884c\u653b\u51fb\u3002",
      "language": {
        "name": "zh-Hans",
        "url": "https://pokeapi.co/api/v2/language/12/"
      },
      "version_group": {
        "name": "ultra-sun-ultra-moon",
        "url": "https://pokeapi.co/api/v2/version-group/18/"
      }
    },
    {
      "flavor_text": "\u306a\u304c\u3044\u3000\u3057\u3063\u307d\u3084\u3000\u3064\u308b\u306a\u3069\u3092\u3000\u3064\u304b\u3044\n\u3042\u3044\u3066\u3092\u3000\u305f\u305f\u304d\u3064\u3051\u3066\u3000\u3053\u3046\u3052\u304d\u3059\u308b\u3002",
      "language": {
        "name": "ja-Hrkt",
        "url": "https://pokeapi.co/api/v2/language/1/"
      },
      "version_group": {
        "name": "lets-go-pikachu-lets-go-eevee",
        "url": "https://pokeapi.co/api/v2/version-group/19/"
      }
    },
    {
      "flavor_text": "\uae34 \uaf2c\ub9ac\ub098 \ub369\uad74 \ub4f1\uc744 \uc0ac\uc6a9\ud574\n\uc0c1\ub300\ub97c \ud798\uaecf \uccd0\uc11c \uacf5\uaca9\ud55c\ub2e4.",
      "language": {
        "name": "ko",
        "url": "https://pokeapi.co/api/v2/language/3/"
      },
      "version_group": {
        "name": "lets-go-pikachu-lets-go-eevee",
        "url": "https://pokeapi.co/api/v2/version-group/19/"
      }
    },
    {
      "flavor_text": "\u5c07\u9577\u9577\u7684\u5c3e\u5df4\u6216\u85e4\u8513\u7b49\n\u7529\u5411\u5c0d\u624b\u9032\u884c\u653b\u64ca\u3002",
      "language": {
        "name": "zh-Hant",
        "url": "https://pokeapi.co/api/v2/language/4/"
      },
      "version_group": {
        "name": "lets-go-pikachu-lets-go-eevee",
        "url": "https://pokeapi.co/api/v2/version-group/19/"
      }
    },
    {
      "flavor_text": "Fouette l\u2019ennemi avec la queue ou une liane,\npar exemple, pour infliger des d\u00e9g\u00e2ts.",
      "language": {
        "name": "fr",
        "url": "https://pokeapi.co/api/v2/language/5/"
      },
      "version_group": {
        "name": "lets-go-pikachu-lets-go-eevee",
        "url": "https://pokeapi.co/api/v2/version-group/19/"
      }
    },
    {
      "flavor_text": "Schlag mit einem langen Schweif, einer Ranke oder\n\u00c4hnlichem.",
      "language": {
        "name": "de",
        "url": "https://pokeapi.co/api/v2/language/6/"
      },
      "version_group": {
        "name": "lets-go-pikachu-lets-go-eevee",
        "url": "https://pokeapi.co/api/v2/version-group/19/"
      }
    },
    {
      "flavor_text": "Golpea con la cola o con lianas, por ejemplo, para\ncausar da\u00f1o al objetivo.",
      "language": {
        "name": "es",
        "url": "https://pokeapi.co/api/v2/language/7/"
      },
      "version_group": {
        "name": "lets-go-pikachu-lets-go-eevee",
        "url": "https://pokeapi.co/api/v2/version-group/19/"
      }
    },
    {
      "flavor_text": "Infligge danni al bersaglio con la coda, con una\nliana o con qualcosa di simile.",
      "language": {
        "name": "it",
        "url": "https://pokeapi.co/api/v2/language/8/"
      },
      "version_group": {
        "name": "lets-go-pikachu-lets-go-eevee",
        "url": "https://pokeapi.co/api/v2/version-group/19/"
      }
    },
    {
      "flavor_text": "The target is slammed with a long tail, vines, or the\nlike to inflict damage.",
      "language": {
        "name": "en",
        "url": "https://pokeapi.co/api/v2/language/9/"
      },
      "version_group": {
        "name": "lets-go-pikachu-lets-go-eevee",
        "url": "https://pokeapi.co/api/v2/version-group/19/"
      }
    },
    {
      "flavor_text": "\u9577\u3044\u3000\u3057\u3063\u307d\u3084\u3000\u3064\u308b\u306a\u3069\u3092\u3000\u4f7f\u3044\n\u76f8\u624b\u3092\u3000\u305f\u305f\u304d\u3064\u3051\u3066\u3000\u653b\u6483\u3059\u308b\u3002",
      "language": {
        "name": "ja",
        "url": "https://pokeapi.co/api/v2/language/11/"
      },
      "version_group": {
        "name": "lets-go-pikachu-lets-go-eevee",
        "url": "https://pokeapi.co/api/v2/version-group/19/"
      }
    },
    {
      "flavor_text": "\u4f7f\u7528\u957f\u957f\u7684\u5c3e\u5df4\u6216\u85e4\u8513\u7b49\n\u6454\u6253\u5bf9\u624b\u8fdb\u884c\u653b\u51fb\u3002",
      "language": {
        "name": "zh-Hans",
        "url": "https://pokeapi.co/api/v2/language/12/"
      },
      "version_group": {
        "name": "lets-go-pikachu-lets-go-eevee",
        "url": "https://pokeapi.co/api/v2/version-group/19/"
      }
    },
    {
      "flavor_text": "\u306a\u304c\u3044\u3000\u3057\u3063\u307d\u3084\u3000\u3064\u308b\u306a\u3069\u3092\u3000\u3064\u304b\u3044\n\u3042\u3044\u3066\u3092\u3000\u305f\u305f\u304d\u3064\u3051\u3066\u3000\u3053\u3046\u3052\u304d\u3059\u308b\u3002",
      "language": {
        "name": "ja-Hrkt",
        "url": "https://pokeapi.co/api/v2/language/1/"
      },
      "version_group": {
        "name": "sword-shield",
        "url": "https://pokeapi.co/api/v2/version-group/20/"
      }
    },
    {
      "flavor_text": "\uae34 \uaf2c\ub9ac\ub098 \ub369\uad74 \ub4f1\uc744 \uc0ac\uc6a9\ud574\n\uc0c1\ub300\ub97c \ud798\uaecf \uccd0\uc11c \uacf5\uaca9\ud55c\ub2e4.",
      "language": {
        "name": "ko",
        "url": "https://pokeapi.co/api/v2/language/3/"
      },
      "version_group": {
        "name": "sword-shield",
        "url": "https://pokeapi.co/api/v2/version-group/20/"
      }
    },
    {
      "flavor_text": "\u5c07\u9577\u9577\u7684\u5c3e\u5df4\u6216\u85e4\u8513\u7b49\n\u7529\u5411\u5c0d\u624b\u9032\u884c\u653b\u64ca\u3002",
      "language": {
        "name": "zh-Hant",
        "url": "https://pokeapi.co/api/v2/language/4/"
      },
      "version_group": {
        "name": "sword-shield",
        "url": "https://pokeapi.co/api/v2/version-group/20/"
      }
    },
    {
      "flavor_text": "Fouette l\u2019ennemi avec la queue ou une liane,\npar exemple, pour infliger des d\u00e9g\u00e2ts.",
      "language": {
        "name": "fr",
        "url": "https://pokeapi.co/api/v2/language/5/"
      },
      "version_group": {
        "name": "sword-shield",
        "url": "https://pokeapi.co/api/v2/version-group/20/"
      }
    },
    {
      "flavor_text": "Schlag mit einem langen Schweif, einer Ranke oder\n\u00c4hnlichem.",
      "language": {
        "name": "de",
        "url": "https://pokeapi.co/api/v2/language/6/"
      },
      "version_group": {
        "name": "sword-shield",
        "url": "https://pokeapi.co/api/v2/version-group/20/"
      }
    },
    {
      "flavor_text": "Golpea con la cola o con lianas, por ejemplo, para\ncausar da\u00f1o al objetivo.",
      "language": {
        "name": "es",
        "url": "https://pokeapi.co/api/v2/language/7/"
      },
      "version_group": {
        "name": "sword-shield",
        "url": "https://pokeapi.co/api/v2/version-group/20/"
      }
    },
    {
      "flavor_text": "Infligge danni al bersaglio con la coda, con una\nliana o con qualcosa di simile.",
      "language": {
        "name": "it",
        "url": "https://pokeapi.co/api/v2/language/8/"
      },
      "version_group": {
        "name": "sword-shield",
        "url": "https://pokeapi.co/api/v2/version-group/20/"
      }
    },
    {
      "flavor_text": "The target is slammed with a long tail, vines, or the\nlike to inflict damage.",
      "language": {
        "name": "en",
        "url": "https://pokeapi.co/api/v2/language/9/"
      },
      "version_group": {
        "name": "sword-shield",
        "url": "https://pokeapi.co/api/v2/version-group/20/"
      }
    },
    {
      "flavor_text": "\u9577\u3044\u3000\u3057\u3063\u307d\u3084\u3000\u3064\u308b\u306a\u3069\u3092\u3000\u4f7f\u3044\n\u76f8\u624b\u3092\u3000\u305f\u305f\u304d\u3064\u3051\u3066\u3000\u653b\u6483\u3059\u308b\u3002",
      "language": {
        "name": "ja",
        "url": "https://pokeapi.co/api/v2/language/11/"
      },
      "version_group": {
        "name": "sword-shield",
        "url": "https://pokeapi.co/api/v2/version-group/20/"
      }
    },
    {
      "flavor_text": "\u4f7f\u7528\u957f\u957f\u7684\u5c3e\u5df4\u6216\u85e4\u8513\u7b49\n\u6454\u6253\u5bf9\u624b\u8fdb\u884c\u653b\u51fb\u3002",
      "language": {
        "name": "zh-Hans",
        "url": "https://pokeapi.co/api/v2/language/12/"
      },
      "version_group": {
        "name": "sword-shield",
        "url": "https://pokeapi.co/api/v2/version-group/20/"
      }
    },
    {
      "flavor_text": "The target is slammed with a long tail, vines, or the like to inflict damage.",
      "language": {
        "name": "en",
        "url": "https://pokeapi.co/api/v2/language/9/"
      },
      "version_group": {
        "name": "legends-arceus",
        "url": "https://pokeapi.co/api/v2/version-group/24/"
      }
    },
    {
      "flavor_text": "The target is slammed with a long tail, vines, or the like to inflict damage.",
      "language": {
        "name": "en",
        "url": "https://pokeapi.co/api/v2/language/9/"
      },
      "version_group": {
        "name": "scarlet-violet",
        "url": "https://pokeapi.co/api/v2/version-group/25/"
      }
    }
  ],
  "generation": {
    "name": "generation-i",
    "url": "https://pokeapi.co/api/v2/generation/1/"
  },
  "id": 21,
  "learned_by_pokemon": [
    {
      "name": "ekans",
      "url": "https://pokeapi.co/api/v2/pokemon/23/"
    },
    {
      "name": "arbok",
      "url": "https://pokeapi.co/api/v2/pokemon/24/"
    },
    {
      "name": "pikachu",
      "url": "https://pokeapi.co/api/v2/pokemon/25/"
    },
    {
      "name": "raichu",
      "url": "https://pokeapi.co/api/v2/pokemon/26/"
    },
    {
      "name": "bellsprout",
      "url": "https://pokeapi.co/api/v2/pokemon/69/"
    },
    {
      "name": "weepinbell",
      "url": "https://pokeapi.co/api/v2/pokemon/70/"
    },
    {
      "name": "victreebel",
      "url": "https://pokeapi.co/api/v2/pokemon/71/"
    },
    {
      "name": "seel",
      "url": "https://pokeapi.co/api/v2/pokemon/86/"
    },
    {
      "name": "onix",
      "url": "https://pokeapi.co/api/v2/pokemon/95/"
    },
    {
      "name": "krabby",
      "url": "https://pokeapi.co/api/v2/pokemon/98/"
    },
    {
      "name": "kingler",
      "url": "https://pokeapi.co/api/v2/pokemon/99/"
    },
    {
      "name": "lickitung",
      "url": "https://pokeapi.co/api/v2/pokemon/108/"
    },
    {
      "name": "tangela",
      "url": "https://pokeapi.co/api/v2/pokemon/114/"
    },
    {
      "name": "omanyte",
      "url": "https://pokeapi.co/api/v2/pokemon/138/"
    },
    {
      "name": "dratini",
      "url": "https://pokeapi.co/api/v2/pokemon/147/"
    },
    {
      "name": "dragonair",
      "url": "https://pokeapi.co/api/v2/pokemon/148/"
    },
    {
      "name": "dragonite",
      "url": "https://pokeapi.co/api/v2/pokemon/149/"
    },
    {
      "name": "sentret",
      "url": "https://pokeapi.co/api/v2/pokemon/161/"
    },
    {
      "name": "furret",
      "url": "https://pokeapi.co/api/v2/pokemon/162/"
    },
    {
      "name": "marill",
      "url": "https://pokeapi.co/api/v2/pokemon/183/"
    },
    {
      "name": "azumarill",
      "url": "https://pokeapi.co/api/v2/pokemon/184/"
    },
    {
      "name": "sudowoodo",
      "url": "https://pokeapi.co/api/v2/pokemon/185/"
    },
    {
      "name": "aipom",
      "url": "https://pokeapi.co/api/v2/pokemon/190/"
    },
    {
      "name": "wooper",
      "url": "https://pokeapi.co/api/v2/pokemon/194/"
    },
    {
      "name": "quagsire",
      "url": "https://pokeapi.co/api/v2/pokemon/195/"
    },
    {
      "name": "steelix",
      "url": "https://pokeapi.co/api/v2/pokemon/208/"
    },
    {
      "name": "mantine",
      "url": "https://pokeapi.co/api/v2/pokemon/226/"
    },
    {
      "name": "phanpy",
      "url": "https://pokeapi.co/api/v2/pokemon/231/"
    },
    {
      "name": "donphan",
      "url": "https://pokeapi.co/api/v2/pokemon/232/"
    },
    {
      "name": "treecko",
      "url": "https://pokeapi.co/api/v2/pokemon/252/"
    },
    {
      "name": "grovyle",
      "url": "https://pokeapi.co/api/v2/pokemon/253/"
    },
    {
      "name": "sceptile",
      "url": "https://pokeapi.co/api/v2/pokemon/254/"
    },
    {
      "name": "azurill",
      "url": "https://pokeapi.co/api/v2/pokemon/298/"
    },
    {
      "name": "mawile",
      "url": "https://pokeapi.co/api/v2/pokemon/303/"
    },
    {
      "name": "tropius",
      "url": "https://pokeapi.co/api/v2/pokemon/357/"
    },
    {
      "name": "cranidos",
      "url": "https://pokeapi.co/api/v2/pokemon/408/"
    },
    {
      "name": "rampardos",
      "url": "https://pokeapi.co/api/v2/pokemon/409/"
    },
    {
      "name": "ambipom",
      "url": "https://pokeapi.co/api/v2/pokemon/424/"
    },
    {
      "name": "bonsly",
      "url": "https://pokeapi.co/api/v2/pokemon/438/"
    },
    {
      "name": "carnivine",
      "url": "https://pokeapi.co/api/v2/pokemon/455/"
    },
    {
      "name": "mantyke",
      "url": "https://pokeapi.co/api/v2/pokemon/458/"
    },
    {
      "name": "lickilicky",
      "url": "https://pokeapi.co/api/v2/pokemon/463/"
    },
    {
      "name": "tangrowth",
      "url": "https://pokeapi.co/api/v2/pokemon/465/"
    },
    {
      "name": "snivy",
      "url": "https://pokeapi.co/api/v2/pokemon/495/"
    },
    {
      "name": "servine",
      "url": "https://pokeapi.co/api/v2/pokemon/496/"
    },
    {
      "name": "serperior",
      "url": "https://pokeapi.co/api/v2/pokemon/497/"
    },
    {
      "name": "patrat",
      "url": "https://pokeapi.co/api/v2/pokemon/504/"
    },
    {
      "name": "watchog",
      "url": "https://pokeapi.co/api/v2/pokemon/505/"
    },
    {
      "name": "timburr",
      "url": "https://pokeapi.co/api/v2/pokemon/532/"
    },
    {
      "name": "gurdurr",
      "url": "https://pokeapi.co/api/v2/pokemon/533/"
    },
    {
      "name": "conkeldurr",
      "url": "https://pokeapi.co/api/v2/pokemon/534/"
    },
    {
      "name": "tirtouga",
      "url": "https://pokeapi.co/api/v2/pokemon/564/"
    },
    {
      "name": "minccino",
      "url": "https://pokeapi.co/api/v2/pokemon/572/"
    },
    {
      "name": "cinccino",
      "url": "https://pokeapi.co/api/v2/pokemon/573/"
    },
    {
      "name": "deino",
      "url": "https://pokeapi.co/api/v2/pokemon/633/"
    },
    {
      "name": "zweilous",
      "url": "https://pokeapi.co/api/v2/pokemon/634/"
    },
    {
      "name": "hydreigon",
      "url": "https://pokeapi.co/api/v2/pokemon/635/"
    },
    {
      "name": "crabrawler",
      "url": "https://pokeapi.co/api/v2/pokemon/739/"
    },
    {
      "name": "crabominable",
      "url": "https://pokeapi.co/api/v2/pokemon/740/"
    },
    {
      "name": "komala",
      "url": "https://pokeapi.co/api/v2/pokemon/775/"
    },
    {
      "name": "dhelmise",
      "url": "https://pokeapi.co/api/v2/pokemon/781/"
    },
    {
      "name": "grookey",
      "url": "https://pokeapi.co/api/v2/pokemon/810/"
    },
    {
      "name": "thwackey",
      "url": "https://pokeapi.co/api/v2/pokemon/811/"
    },
    {
      "name": "rillaboom",
      "url": "https://pokeapi.co/api/v2/pokemon/812/"
    },
    {
      "name": "silicobra",
      "url": "https://pokeapi.co/api/v2/pokemon/843/"
    },
    {
      "name": "sandaconda",
      "url": "https://pokeapi.co/api/v2/pokemon/844/"
    },
    {
      "name": "sizzlipede",
      "url": "https://pokeapi.co/api/v2/pokemon/850/"
    },
    {
      "name": "centiskorch",
      "url": "https://pokeapi.co/api/v2/pokemon/851/"
    },
    {
      "name": "sirfetchd",
      "url": "https://pokeapi.co/api/v2/pokemon/865/"
    },
    {
      "name": "runerigus",
      "url": "https://pokeapi.co/api/v2/pokemon/867/"
    },
    {
      "name": "cufant",
      "url": "https://pokeapi.co/api/v2/pokemon/878/"
    },
    {
      "name": "dracozolt",
      "url": "https://pokeapi.co/api/v2/pokemon/880/"
    },
    {
      "name": "arctozolt",
      "url": "https://pokeapi.co/api/v2/pokemon/881/"
    },
    {
      "name": "pawmi",
      "url": "https://pokeapi.co/api/v2/pokemon/921/"
    },
    {
      "name": "pawmo",
      "url": "https://pokeapi.co/api/v2/pokemon/922/"
    },
    {
      "name": "pawmot",
      "url": "https://pokeapi.co/api/v2/pokemon/923/"
    },
    {
      "name": "tinkatink",
      "url": "https://pokeapi.co/api/v2/pokemon/957/"
    },
    {
      "name": "tinkatuff",
      "url": "https://pokeapi.co/api/v2/pokemon/958/"
    },
    {
      "name": "tinkaton",
      "url": "https://pokeapi.co/api/v2/pokemon/959/"
    },
    {
      "name": "wiglett",
      "url": "https://pokeapi.co/api/v2/pokemon/960/"
    },
    {
      "name": "wugtrio",
      "url": "https://pokeapi.co/api/v2/pokemon/961/"
    },
    {
      "name": "clodsire",
      "url": "https://pokeapi.co/api/v2/pokemon/980/"
    },
    {
      "name": "iron-hands",
      "url": "https://pokeapi.co/api/v2/pokemon/992/"
    },
    {
      "name": "ogerpon",
      "url": "https://pokeapi.co/api/v2/pokemon/1017/"
    },
    {
      "name": "mawile-mega",
      "url": "https://pokeapi.co/api/v2/pokemon/10052/"
    },
    {
      "name": "sceptile-mega",
      "url": "https://pokeapi.co/api/v2/pokemon/10065/"
    },
    {
      "name": "steelix-mega",
      "url": "https://pokeapi.co/api/v2/pokemon/10072/"
    },
    {
      "name": "pikachu-rock-star",
      "url": "https://pokeapi.co/api/v2/pokemon/10080/"
    },
    {
      "name": "pikachu-belle",
      "url": "https://pokeapi.co/api/v2/pokemon/10081/"
    },
    {
      "name": "pikachu-pop-star",
      "url": "https://pokeapi.co/api/v2/pokemon/10082/"
    },
    {
      "name": "pikachu-phd",
      "url": "https://pokeapi.co/api/v2/pokemon/10083/"
    },
    {
      "name": "pikachu-libre",
      "url": "https://pokeapi.co/api/v2/pokemon/10084/"
    },
    {
      "name": "pikachu-cosplay",
      "url": "https://pokeapi.co/api/v2/pokemon/10085/"
    },
    {
      "name": "pikachu-original-cap",
      "url": "https://pokeapi.co/api/v2/pokemon/10094/"
    },
    {
      "name": "pikachu-hoenn-cap",
      "url": "https://pokeapi.co/api/v2/pokemon/10095/"
    },
    {
      "name": "pikachu-sinnoh-cap",
      "url": "https://pokeapi.co/api/v2/pokemon/10096/"
    },
    {
      "name": "pikachu-unova-cap",
      "url": "https://pokeapi.co/api/v2/pokemon/10097/"
    },
    {
      "name": "pikachu-kalos-cap",
      "url": "https://pokeapi.co/api/v2/pokemon/10098/"
    },
    {
      "name": "pikachu-alola-cap",
      "url": "https://pokeapi.co/api/v2/pokemon/10099/"
    },
    {
      "name": "raichu-alola",
      "url": "https://pokeapi.co/api/v2/pokemon/10100/"
    },
    {
      "name": "pikachu-partner-cap",
      "url": "https://pokeapi.co/api/v2/pokemon/10148/"
    },
    {
      "name": "pikachu-starter",
      "url": "https://pokeapi.co/api/v2/pokemon/10158/"
    },
    {
      "name": "pikachu-world-cap",
      "url": "https://pokeapi.co/api/v2/pokemon/10160/"
    },
    {
      "name": "farfetchd-galar",
      "url": "https://pokeapi.co/api/v2/pokemon/10166/"
    },
    {
      "name": "yamask-galar",
      "url": "https://pokeapi.co/api/v2/pokemon/10179/"
    },
    {
      "name": "wooper-paldea",
      "url": "https://pokeapi.co/api/v2/pokemon/10253/"
    },
    {
      "name": "ogerpon-wellspring-mask",
      "url": "https://pokeapi.co/api/v2/pokemon/10273/"
    },
    {
      "name": "ogerpon-hearthflame-mask",
      "url": "https://pokeapi.co/api/v2/pokemon/10274/"
    },
    {
      "name": "ogerpon-cornerstone-mask",
      "url": "https://pokeapi.co/api/v2/pokemon/10275/"
    }
  ],
  "machines": [],
  "meta": {
    "ailment": {
      "name": "none",
      "url": "https://pokeapi.co/api/v2/move-ailment/0/"
    },
    "ailment_chance": 0,
    "category": {
      "name": "damage",
      "url": "https://pokeapi.co/api/v2/move-category/0/"
    },
    "crit_rate": 0,
    "drain": 0,
    "flinch_chance": 0,
    "healing": 0,
    "max_hits": null,
    "max_turns": null,
    "min_hits": null,
    "min_turns": null,
    "stat_chance": 0
  },
  "name": "slam",
  "names": [
    {
      "language": {
        "name": "ja-Hrkt",
        "url": "https://pokeapi.co/api/v2/language/1/"
      },
      "name": "\u305f\u305f\u304d\u3064\u3051\u308b"
    },
    {
      "language": {
        "name": "ko",
        "url": "https://pokeapi.co/api/v2/language/3/"
      },
      "name": "\ud798\uaecf\uce58\uae30"
    },
    {
      "language": {
        "name": "zh-Hant",
        "url": "https://pokeapi.co/api/v2/language/4/"
      },
      "name": "\u6454\u6253"
    },
    {
      "language": {
        "name": "fr",
        "url": "https://pokeapi.co/api/v2/language/5/"
      },
      "name": "Souplesse"
    },
    {
      "language": {
        "name": "de",
        "url": "https://pokeapi.co/api/v2/language/6/"
      },
      "name": "Slam"
    },
    {
      "language": {
        "name": "es",
        "url": "https://pokeapi.co/api/v2/language/7/"
      },
      "name": "Atizar"
    },
    {
      "language": {
        "name": "it",
        "url": "https://pokeapi.co/api/v2/language/8/"
      },
      "name": "Schianto"
    },
    {
      "language": {
        "name": "en",
        "url": "https://pokeapi.co/api/v2/language/9/"
      },
      "name": "Slam"
    },
    {
      "language": {
        "name": "ja",
        "url": "https://pokeapi.co/api/v2/language/11/"
      },
      "name": "\u305f\u305f\u304d\u3064\u3051\u308b"
    },
    {
      "language": {
        "name": "zh-Hans",
        "url": "https://pokeapi.co/api/v2/language/12/"
      },
      "name": "\u6454\u6253"
    }
  ],
  "past_values": [],
  "power": 80,
  "pp": 20,
  "priority": 0,
  "stat_changes": [],
  "super_contest_effect": {
    "url": "https://pokeapi.co/api/v2/super-contest-effect/5/"
  },
  "target": {
    "name": "selected-pokemon",
    "url": "https://pokeapi.co/api/v2/move-target/10/"
  },
  "type": {
    "name": "normal",
    "url": "https://pokeapi.co/api/v2/type/1/"
  }
}