{
  "accuracy": 100,
  "contest_combos": null,
  "contest_effect": null,
  "contest_type": null,
  "damage_class": {
    "name": "physical",
    "url": "https://pokeapi.co/api/v2/move-damage-class/2/"
  },
  "effect_chance": null,
  "effect_changes": [],
  "effect_entries": [
    {
      "effect": "Inflicts regular damage.  User charges for one turn before attacking.\n\nDuring sunny day, the charge turn is skipped.\n\nDuring hail, rain dance, or sandstorm, power is halved.\n\nThis move cannot be selected by sleep talk.",
      "language": {
        "name": "en",
        "url": "https://pokeapi.co/api/v2/language/9/"
      },
      "short_effect": "Requires a turn to charge before attacking."
    }
  ],
  "flavor_text_entries": [
    {
      "flavor_text": "\uff11\u30bf\u30fc\u30f3\u3081\u306b\u3000\u3072\u304b\u308a\u3092\u3000\u3044\u3063\u3071\u3044\u306b\n\u3042\u3064\u3081\u3000\uff12\u30bf\u30fc\u30f3\u3081\u306b\u3000\u305d\u306e\u3061\u304b\u3089\u3092\n\u3051\u3093\u306b\u3000\u3053\u3081\u3066\u3000\u3053\u3046\u3052\u304d\u3059\u308b\u3002",
      "language": {
        "name": "ja-Hrkt",
        "url": "https://pokeapi.co/api/v2/language/1/"
      },
      "version_group": {
        "name": "sun-moon",
        "url": "https://pokeapi.co/api/v2/version-group/17/"
      }
    },
    {
      "flavor_text": "1\ud134\uc9f8 \ube5b\uc744 \uac00\ub4dd\ud558\uac8c\n\ubaa8\uc73c\uace0 2\ud134\uc9f8 \uadf8 \ud798\uc744\n\uac80\uc5d0 \ub2f4\uc544 \uacf5\uaca9\ud55c\ub2e4.",
      "language": {
        "name": "ko",
        "url": "https://pokeapi.co/api/v2/language/3/"
      },
      "version_group": {
        "name": "sun-moon",
        "url": "https://pokeapi.co/api/v2/version-group/17/"
      }
    },
    {
      "flavor_text": "\u7b2c\uff11\u56de\u5408\u6536\u96c6\u6eff\u6eff\u7684\u65e5\u5149\uff0c\n\u7b2c\uff12\u56de\u5408\u5c07\u6b64\u529b\u91cf\n\u96c6\u4e2d\u5728\u528d\u4e0a\u4e26\u9032\u884c\u653b\u64ca\u3002",
      "language": {
        "name": "zh-Hant",
        "url": "https://pokeapi.co/api/v2/language/4/"
      },
      "version_group": {
        "name": "sun-moon",
        "url": "https://pokeapi.co/api/v2/version-group/17/"
      }
    },
    {
      "flavor_text": "Le lanceur absorbe la lumi\u00e8re au premier tour\net attaque au second tour en lib\u00e9rant cette \u00e9nergie\nsous forme de lames.",
      "language": {
        "name": "fr",
        "url": "https://pokeapi.co/api/v2/language/5/"
      },
      "version_group": {
        "name": "sun-moon",
        "url": "https://pokeapi.co/api/v2/version-group/17/"
      }
    },
    {
      "flavor_text": "Der Anwender absorbiert in der 1. Runde Licht,\ndas er in der 2. Runde zu einem Schwert formt,\nmit dem er angreift.",
      "language": {
        "name": "de",
        "url": "https://pokeapi.co/api/v2/language/6/"
      },
      "version_group": {
        "name": "sun-moon",
        "url": "https://pokeapi.co/api/v2/version-group/17/"
      }
    },
    {
      "flavor_text": "El usuario dedica un turno a absorber energ\u00eda\nlum\u00ednica y concentrarla en forma de cuchilla con la\nque ataca al rival al turno siguiente.",
      "language": {
        "name": "es",
        "url": "https://pokeapi.co/api/v2/language/7/"
      },
      "version_group": {
        "name": "sun-moon",
        "url": "https://pokeapi.co/api/v2/version-group/17/"
      }
    },
    {
      "flavor_text": "Chi la usa assorbe la luce condensandola in\nuna lama al primo turno per poi attaccare al\nturno successivo.",
      "language": {
        "name": "it",
        "url": "https://pokeapi.co/api/v2/language/8/"
      },
      "version_group": {
        "name": "sun-moon",
        "url": "https://pokeapi.co/api/v2/version-group/17/"
      }
    },
    {
      "flavor_text": "In this two-turn attack, the user gathers light and\nfills a blade with the light\u2019s energy, attacking the\ntarget on the next turn.",
      "language": {
        "name": "en",
        "url": "https://pokeapi.co/api/v2/language/9/"
      },
      "version_group": {
        "name": "sun-moon",
        "url": "https://pokeapi.co/api/v2/version-group/17/"
      }
    },
    {
      "flavor_text": "\uff11\u30bf\u30fc\u30f3\u76ee\u306b\u3000\u5149\u3092\u3000\u3044\u3063\u3071\u3044\u306b\u3000\u96c6\u3081\n\uff12\u30bf\u30fc\u30f3\u76ee\u306b\u3000\u305d\u306e\u3000\u529b\u3092\n\u5263\u306b\u3000\u8fbc\u3081\u3066\u3000\u653b\u6483\u3059\u308b\u3002",
      "language": {
        "name": "ja",
        "url": "https://pokeapi.co/api/v2/language/11/"
      },
      "version_group": {
        "name": "sun-moon",
        "url": "https://pokeapi.co/api/v2/version-group/17/"
      }
    },
    {
      "flavor_text": "\u7b2c\uff11\u56de\u5408\u6536\u96c6\u6ee1\u6ee1\u7684\u65e5\u5149\uff0c\n\u7b2c\uff12\u56de\u5408\u5c06\u6b64\u529b\u91cf\n\u96c6\u4e2d\u5728\u5251\u4e0a\u8fdb\u884c\u653b\u51fb\u3002",
      "language": {
        "name": "zh-Hans",
        "url": "https://pokeapi.co/api/v2/language/12/"
      },
      "version_group": {
        "name": "sun-moon",
        "url": "https://pokeapi.co/api/v2/version-group/17/"
      }
    },
    {
      "flavor_text": "\uff11\u30bf\u30fc\u30f3\u3081\u306b\u3000\u3072\u304b\u308a\u3092\u3000\u3044\u3063\u3071\u3044\u306b\n\u3042\u3064\u3081\u3000\uff12\u30bf\u30fc\u30f3\u3081\u306b\u3000\u305d\u306e\u3061\u304b\u3089\u3092\n\u3051\u3093\u306b\u3000\u3053\u3081\u3066\u3000\u3053\u3046\u3052\u304d\u3059\u308b\u3002",
      "language": {
        "name": "ja-Hrkt",
        "url": "https://pokeapi.co/api/v2/language/1/"
      },
      "version_group": {
        "name": "ultra-sun-ultra-moon",
        "url": "https://pokeapi.co/api/v2/version-group/18/"
      }
    },
    {
      "flavor_text": "1\ud134\uc9f8 \ube5b\uc744 \uac00\ub4dd\ud558\uac8c\n\ubaa8\uc73c\uace0 2\ud134\uc9f8 \uadf8 \ud798\uc744\n\uac80\uc5d0 \ub2f4\uc544 \uacf5\uaca9\ud55c\ub2e4.",
      "language": {
        "name": "ko",
        "url": "https://pokeapi.co/api/v2/language/3/"
      },
      "version_group": {
        "name": "ultra-sun-ultra-moon",
        "url": "https://pokeapi.co/api/v2/version-group/18/"
      }
    },
    {
      "flavor_text": "\u7b2c\uff11\u56de\u5408\u6536\u96c6\u6eff\u6eff\u7684\u65e5\u5149\uff0c\n\u7b2c\uff12\u56de\u5408\u5c07\u6b64\u529b\u91cf\n\u96c6\u4e2d\u5728\u528d\u4e0a\u4e26\u9032\u884c\u653b\u64ca\u3002",
      "language": {
        "name": "zh-Hant",
        "url": "https://pokeapi.co/api/v2/language/4/"
      },
      "version_group": {
        "name": "ultra-sun-ultra-moon",
        "url": "https://pokeapi.co/api/v2/version-group/18/"
      }
    },
    {
      "flavor_text": "Le lanceur absorbe la lumi\u00e8re au premier tour\net attaque au second tour en lib\u00e9rant cette \u00e9nergie\nsous forme de lames.",
      "language": {
        "name": "fr",
        "url": "https://pokeapi.co/api/v2/language/5/"
      },
      "version_group": {
        "name": "ultra-sun-ultra-moon",
        "url": "https://pokeapi.co/api/v2/version-group/18/"
      }
    },
    {
      "flavor_text": "Der Anwender absorbiert in der 1. Runde Licht,\ndas er in der 2. Runde zu einem Schwert formt,\nmit dem er angreift.",
      "language": {
        "name": "de",
        "url": "https://pokeapi.co/api/v2/language/6/"
      },
      "version_group": {
        "name": "ultra-sun-ultra-moon",
        "url": "https://pokeapi.co/api/v2/version-group/18/"
      }
    },
    {
      "flavor_text": "El usuario dedica un turno a absorber energ\u00eda\nlum\u00ednica y concentrarla en forma de cuchilla con la\nque ataca al rival al turno siguiente.",
      "language": {
        "name": "es",
        "url": "https://pokeapi.co/api/v2/language/7/"
      },
      "version_group": {
        "name": "ultra-sun-ultra-moon",
        "url": "https://pokeapi.co/api/v2/version-group/18/"
      }
    },
    {
      "flavor_text": "Chi la usa assorbe la luce condensandola in\nuna lama al primo turno per poi attaccare al\nturno successivo.",
      "language": {
        "name": "it",
        "url": "https://pokeapi.co/api/v2/language/8/"
      },
      "version_group": {
        "name": "ultra-sun-ultra-moon",
        "url": "https://pokeapi.co/api/v2/version-group/18/"
      }
    },
    {
      "flavor_text": "In this two-turn attack, the user gathers light and\nfills a blade with the light\u2019s energy, attacking the\ntarget on the next turn.",
      "language": {
        "name": "en",
        "url": "https://pokeapi.co/api/v2/language/9/"
      },
      "version_group": {
        "name": "ultra-sun-ultra-moon",
        "url": "https://pokeapi.co/api/v2/version-group/18/"
      }
    },
    {
      "flavor_text": "\uff11\u30bf\u30fc\u30f3\u76ee\u306b\u3000\u5149\u3092\u3000\u3044\u3063\u3071\u3044\u306b\u3000\u96c6\u3081\n\uff12\u30bf\u30fc\u30f3\u76ee\u306b\u3000\u305d\u306e\u3000\u529b\u3092\n\u5263\u306b\u3000\u8fbc\u3081\u3066\u3000\u653b\u6483\u3059\u308b\u3002",
      "language": {
        "name": "ja",
        "url": "https://pokeapi.co/api/v2/language/11/"
      },
      "version_group": {
        "name": "ultra-sun-ultra-moon",
        "url": "https://pokeapi.co/api/v2/version-group/18/"
      }
    },
    {
      "flavor_text": "\u7b2c\uff11\u56de\u5408\u6536\u96c6\u6ee1\u6ee1\u7684\u65e5\u5149\uff0c\n\u7b2c\uff12\u56de\u5408\u5c06\u6b64\u529b\u91cf\n\u96c6\u4e2d\u5728\u5251\u4e0a\u8fdb\u884c\u653b\u51fb\u3002",
      "language": {
        "name": "zh-Hans",
        "url": "https://pokeapi.co/api/v2/language/12/"
      },
      "version_group": {
        "name": "ultra-sun-ultra-moon",
        "url": "https://pokeapi.co/api/v2/version-group/18/"
      }
    },
    {
      "flavor_text": "\uff11\u30bf\u30fc\u30f3\u3081\u306b\u3000\u3072\u304b\u308a\u3092\u3000\u3044\u3063\u3071\u3044\u306b\n\u3042\u3064\u3081\u3000\uff12\u30bf\u30fc\u30f3\u3081\u306b\u3000\u305d\u306e\u3061\u304b\u3089\u3092\n\u3051\u3093\u306b\u3000\u3053\u3081\u3066\u3000\u3053\u3046\u3052\u304d\u3059\u308b\u3002",
      "language": {
        "name": "ja-Hrkt",
        "url": "https://pokeapi.co/api/v2/language/1/"
      },
      "version_group": {
        "name": "lets-go-pikachu-lets-go-eevee",
        "url": "https://pokeapi.co/api/v2/version-group/19/"
      }
    },
    {
      "flavor_text": "1\ud134\uc9f8 \ube5b\uc744 \uac00\ub4dd\ud558\uac8c\n\ubaa8\uc73c\uace0 2\ud134\uc9f8 \uadf8 \ud798\uc744\n\uac80\uc5d0 \ub2f4\uc544 \uacf5\uaca9\ud55c\ub2e4.",
      "language": {
        "name": "ko",
        "url": "https://pokeapi.co/api/v2/language/3/"
      },
      "version_group": {
        "name": "lets-go-pikachu-lets-go-eevee",
        "url": "https://pokeapi.co/api/v2/version-group/19/"
      }
    },
    {
      "flavor_text": "\u7b2c\uff11\u56de\u5408\u6536\u96c6\u6eff\u6eff\u7684\u65e5\u5149\uff0c\n\u7b2c\uff12\u56de\u5408\u5c07\u6b64\u529b\u91cf\n\u96c6\u4e2d\u5728\u528d\u4e0a\u4e26\u9032\u884c\u653b\u64ca\u3002",
      "language": {
        "name": "zh-Hant",
        "url": "https://pokeapi.co/api/v2/language/4/"
      },
      "version_group": {
        "name": "lets-go-pikachu-lets-go-eevee",
        "url": "https://pokeapi.co/api/v2/version-group/19/"
      }
    },
    {
      "flavor_text": "Le lanceur absorbe la lumi\u00e8re au premier tour\net attaque au second tour en lib\u00e9rant cette \u00e9nergie\nsous forme de lames.",
      "language": {
        "name": "fr",
        "url": "https://pokeapi.co/api/v2/language/5/"
      },
      "version_group": {
        "name": "lets-go-pikachu-lets-go-eevee",
        "url": "https://pokeapi.co/api/v2/version-group/19/"
      }
    },
    {
      "flavor_text": "Der Anwender absorbiert in der 1. Runde Licht,\ndas er in der 2. Runde zu einem Schwert formt,\nmit dem er angreift.",
      "language": {
        "name": "de",
        "url": "https://pokeapi.co/api/v2/language/6/"
      },
      "version_group": {
        "name": "lets-go-pikachu-lets-go-eevee",
        "url": "https://pokeapi.co/api/v2/version-group/19/"
      }
    },
    {
      "flavor_text": "El usuario dedica un turno a absorber energ\u00eda\nlum\u00ednica y concentrarla en forma de cuchilla con la\nque ataca al rival al turno siguiente.",
      "language": {
        "name": "es",
        "url": "https://pokeapi.co/api/v2/language/7/"
      },
      "version_group": {
        "name": "lets-go-pikachu-lets-go-eevee",
        "url": "https://pokeapi.co/api/v2/version-group/19/"
      }
    },
    {
      "flavor_text": "Chi la usa assorbe la luce condensandola in\nuna lama al primo turno per poi attaccare al\nturno successivo.",
      "language": {
        "name": "it",
        "url": "https://pokeapi.co/api/v2/language/8/"
      },
      "version_group": {
        "name": "lets-go-pikachu-lets-go-eevee",
        "url": "https://pokeapi.co/api/v2/version-group/19/"
      }
    },
    {
      "flavor_text": "In this two-turn attack, the user gathers light and\nfills a blade with the light\u2019s energy, attacking the\ntarget on the next turn.",
      "language": {
        "name": "en",
        "url": "https://pokeapi.co/api/v2/language/9/"
      },
      "version_group": {
        "name": "lets-go-pikachu-lets-go-eevee",
        "url": "https://pokeapi.co/api/v2/version-group/19/"
      }
    },
    {
      "flavor_text": "\uff11\u30bf\u30fc\u30f3\u76ee\u306b\u3000\u5149\u3092\u3000\u3044\u3063\u3071\u3044\u306b\u3000\u96c6\u3081\n\uff12\u30bf\u30fc\u30f3\u76ee\u306b\u3000\u305d\u306e\u3000\u529b\u3092\n\u5263\u306b\u3000\u8fbc\u3081\u3066\u3000\u653b\u6483\u3059\u308b\u3002",
      "language": {
        "name": "ja",
        "url": "https://pokeapi.co/api/v2/language/11/"
      },
      "version_group": {
        "name": "lets-go-pikachu-lets-go-eevee",
        "url": "https://pokeapi.co/api/v2/version-group/19/"
      }
    },
    {
      "flavor_text": "\u7b2c\uff11\u56de\u5408\u6536\u96c6\u6ee1\u6ee1\u7684\u65e5\u5149\uff0c\n\u7b2c\uff12\u56de\u5408\u5c06\u6b64\u529b\u91cf\n\u96c6\u4e2d\u5728\u5251\u4e0a\u8fdb\u884c\u653b\u51fb\u3002",
      "language": {
        "name": "zh-Hans",
        "url": "https://pokeapi.co/api/v2/language/12/"
      },
      "version_group": {
        "name": "lets-go-pikachu-lets-go-eevee",
        "url": "https://pokeapi.co/api/v2/version-group/19/"
      }
    },
    {
      "flavor_text": "\uff11\u30bf\u30fc\u30f3\u3081\u306b\u3000\u3072\u304b\u308a\u3092\u3000\u3044\u3063\u3071\u3044\u306b\n\u3042\u3064\u3081\u3000\uff12\u30bf\u30fc\u30f3\u3081\u306b\u3000\u305d\u306e\u3061\u304b\u3089\u3092\n\u3051\u3093\u306b\u3000\u3053\u3081\u3066\u3000\u3053\u3046\u3052\u304d\u3059\u308b\u3002",
      "language": {
        "name": "ja-Hrkt",
        "url": "https://pokeapi.co/api/v2/language/1/"
      },
      "version_group": {
        "name": "sword-shield",
        "url": "https://pokeapi.co/api/v2/version-group/20/"
      }
    },
    {
      "flavor_text": "1\ud134\uc9f8\uc5d0 \ube5b\uc744 \uac00\ub4dd \ubaa8\uc544\n2\ud134\uc9f8\uc5d0 \uadf8 \ud798\uc744\n\uac80\uc5d0 \ub2f4\uc544 \uacf5\uaca9\ud55c\ub2e4.",
      "language": {
        "name": "ko",
        "url": "https://pokeapi.co/api/v2/language/3/"
      },
      "version_group": {
        "name": "sword-shield",
        "url": "https://pokeapi.co/api/v2/version-group/20/"
      }
    },
    {
      "flavor_text": "\u4f7f\u7528\u5f8c\u7684\u7b2c\uff11\u56de\u5408\u5438\u6536\u5927\u91cf\u65e5\u5149\uff0c\n\u4e26\u65bc\u7b2c\uff12\u56de\u5408\u628a\u529b\u91cf\n\u6ce8\u5165\u528d\u88e1\u9032\u884c\u653b\u64ca\u3002",
      "language": {
        "name": "zh-Hant",
        "url": "https://pokeapi.co/api/v2/language/4/"
      },
      "version_group": {
        "name": "sword-shield",
        "url": "https://pokeapi.co/api/v2/version-group/20/"
      }
    },
    {
      "flavor_text": "Le lanceur absorbe la lumi\u00e8re au premier tour\net attaque au second tour en lib\u00e9rant cette \u00e9nergie\nsous forme de lames.",
      "language": {
        "name": "fr",
        "url": "https://pokeapi.co/api/v2/language/5/"
      },
      "version_group": {
        "name": "sword-shield",
        "url": "https://pokeapi.co/api/v2/version-group/20/"
      }
    },
    {
      "flavor_text": "In Runde 1 absorbiert der Anwender Licht, das er in\nRunde 2 zu einem Schwert formt, mit dem er dann\nangreift.",
      "language": {
        "name": "de",
        "url": "https://pokeapi.co/api/v2/language/6/"
      },
      "version_group": {
        "name": "sword-shield",
        "url": "https://pokeapi.co/api/v2/version-group/20/"
      }
    },
    {
      "flavor_text": "El usuario dedica un turno a absorber energ\u00eda lum\u00ednica\ny concentrarla en forma de cuchilla con la que ataca al\nrival en el siguiente turno.",
      "language": {
        "name": "es",
        "url": "https://pokeapi.co/api/v2/language/7/"
      },
      "version_group": {
        "name": "sword-shield",
        "url": "https://pokeapi.co/api/v2/version-group/20/"
      }
    },
    {
      "flavor_text": "Chi la usa assorbe la luce condensandola in una lama\nal primo turno per poi attaccare al turno successivo.",
      "language": {
        "name": "it",
        "url": "https://pokeapi.co/api/v2/language/8/"
      },
      "version_group": {
        "name": "sword-shield",
        "url": "https://pokeapi.co/api/v2/version-group/20/"
      }
    },
    {
      "flavor_text": "In this two-turn attack, the user gathers light and fills a\nblade with the light\u2019s energy, attacking the target on the\nnext turn.",
      "language": {
        "name": "en",
        "url": "https://pokeapi.co/api/v2/language/9/"
      },
      "version_group": {
        "name": "sword-shield",
        "url": "https://pokeapi.co/api/v2/version-group/20/"
      }
    },
    {
      "flavor_text": "\uff11\u30bf\u30fc\u30f3\u76ee\u306b\u3000\u5149\u3092\u3000\u3044\u3063\u3071\u3044\u306b\u3000\u96c6\u3081\n\uff12\u30bf\u30fc\u30f3\u76ee\u306b\u3000\u305d\u306e\u3000\u529b\u3092\n\u5263\u306b\u3000\u8fbc\u3081\u3066\u3000\u653b\u6483\u3059\u308b\u3002",
      "language": {
        "name": "ja",
        "url": "https://pokeapi.co/api/v2/language/11/"
      },
      "version_group": {
        "name": "sword-shield",
        "url": "https://pokeapi.co/api/v2/version-group/20/"
      }
    },
    {
      "flavor_text": "\u7b2c\uff11\u56de\u5408\u6536\u96c6\u6ee1\u6ee1\u7684\u65e5\u5149\uff0c\n\u7b2c\uff12\u56de\u5408\u5c06\u6b64\u529b\u91cf\n\u96c6\u4e2d\u5728\u5251\u4e0a\u8fdb\u884c\u653b\u51fb\u3002",
      "language": {
        "name": "zh-Hans",
        "url": "https://pokeapi.co/api/v2/language/12/"
      },
      "version_group": {
        "name": "sword-shield",
        "url": "https://pokeapi.co/api/v2/version-group/20/"
      }
    },
    {
      "flavor_text": "In this two-turn attack, the user gathers light and fills a blade with the light's energy, attacking the target on the next turn.",
      "language": {
        "name": "en",
        "url": "https://pokeapi.co/api/v2/language/9/"
      },
      "version_group": {
        "name": "legends-arceus",
        "url": "https://pokeapi.co/api/v2/version-group/24/"
      }
    },
    {
      "flavor_text": "The user gathers light on the first turn, then fills a blade with the light's energy and attacks on the next turn.",
      "language": {
        "name": "en",
        "url": "https://pokeapi.co/api/v2/language/9/"
      },
      "version_group": {
        "name": "scarlet-violet",
        "url": "https://pokeapi.co/api/v2/version-group/25/"
      }
    }
  ],
  "generation": {
    "name": "generation-vii",
    "url": "https://pokeapi.co/api/v2/generation/7/"
  },
  "id": 669,
  "learned_by_pokemon": [
    {
      "name": "vileplume",
      "url": "https://pokeapi.co/api/v2/pokemon/45/"
    },
    {
      "name": "ponyta",
      "url": "https://pokeapi.co/api/v2/pokemon/77/"
    },
    {
      "name": "rapidash",
      "url": "https://pokeapi.co/api/v2/pokemon/78/"
    },
    {
      "name": "farfetchd",
      "url": "https://pokeapi.co/api/v2/pokemon/83/"
    },
    {
      "name": "mew",
      "url": "https://pokeapi.co/api/v2/pokemon/151/"
    },
    {
      "name": "chikorita",
      "url": "https://pokeapi.co/api/v2/pokemon/152/"
    },
    {
      "name": "bayleef",
      "url": "https://pokeapi.co/api/v2/pokemon/153/"
    },
    {
      "name": "meganium",
      "url": "https://pokeapi.co/api/v2/pokemon/154/"
    },
    {
      "name": "bellossom",
      "url": "https://pokeapi.co/api/v2/pokemon/182/"
    },
    {
      "name": "celebi",
      "url": "https://pokeapi.co/api/v2/pokemon/251/"
    },
    {
      "name": "grovyle",
      "url": "https://pokeapi.co/api/v2/pokemon/253/"
    },
    {
      "name": "sceptile",
      "url": "https://pokeapi.co/api/v2/pokemon/254/"
    },
    {
      "name": "nuzleaf",
      "url": "https://pokeapi.co/api/v2/pokemon/274/"
    },
    {
      "name": "shiftry",
      "url": "https://pokeapi.co/api/v2/pokemon/275/"
    },
    {
      "name": "tropius",
      "url": "https://pokeapi.co/api/v2/pokemon/357/"
    },
    {
      "name": "cherrim",
      "url": "https://pokeapi.co/api/v2/pokemon/421/"
    },
    {
      "name": "tangrowth",
      "url": "https://pokeapi.co/api/v2/pokemon/465/"
    },
    {
      "name": "leafeon",
      "url": "https://pokeapi.co/api/v2/pokemon/470/"
    },
    {
      "name": "gallade",
      "url": "https://pokeapi.co/api/v2/pokemon/475/"
    },
    {
      "name": "lilligant",
      "url": "https://pokeapi.co/api/v2/pokemon/549/"
    },
    {
      "name": "crustle",
      "url": "https://pokeapi.co/api/v2/pokemon/558/"
    },
    {
      "name": "virizion",
      "url": "https://pokeapi.co/api/v2/pokemon/640/"
    },
    {
      "name": "honedge",
      "url": "https://pokeapi.co/api/v2/pokemon/679/"
    },
    {
      "name": "doublade",
      "url": "https://pokeapi.co/api/v2/pokemon/680/"
    },
    {
      "name": "aegislash-shield",
      "url": "https://pokeapi.co/api/v2/pokemon/681/"
    },
    {
      "name": "decidueye",
      "url": "https://pokeapi.co/api/v2/pokemon/724/"
    },
    {
      "name": "lurantis",
      "url": "https://pokeapi.co/api/v2/pokemon/754/"
    },
    {
      "name": "tsareena",
      "url": "https://pokeapi.co/api/v2/pokemon/763/"
    },
    {
      "name": "dhelmise",
      "url": "https://pokeapi.co/api/v2/pokemon/781/"
    },
    {
      "name": "kartana",
      "url": "https://pokeapi.co/api/v2/pokemon/798/"
    },
    {
      "name": "grookey",
      "url": "https://pokeapi.co/api/v2/pokemon/810/"
    },
    {
      "name": "thwackey",
      "url": "https://pokeapi.co/api/v2/pokemon/811/"
    },
    {
      "name": "rillaboom",
      "url": "https://pokeapi.co/api/v2/pokemon/812/"
    },
    {
      "name": "sirfetchd",
      "url": "https://pokeapi.co/api/v2/pokemon/865/"
    },
    {
      "name": "zacian",
      "url": "https://pokeapi.co/api/v2/pokemon/888/"
    },
    {
      "name": "zarude",
      "url": "https://pokeapi.co/api/v2/pokemon/893/"
    },
    {
      "name": "calyrex",
      "url": "https://pokeapi.co/api/v2/pokemon/898/"
    },
    {
      "name": "smoliv",
      "url": "https://pokeapi.co/api/v2/pokemon/928/"
    },
    {
      "name": "dolliv",
      "url": "https://pokeapi.co/api/v2/pokemon/929/"
    },
    {
      "name": "arboliva",
      "url": "https://pokeapi.co/api/v2/pokemon/930/"
    },
    {
      "name": "ceruledge",
      "url": "https://pokeapi.co/api/v2/pokemon/937/"
    },
    {
      "name": "wo-chien",
      "url": "https://pokeapi.co/api/v2/pokemon/1001/"
    },
    {
      "name": "iron-leaves",
      "url": "https://pokeapi.co/api/v2/pokemon/1010/"
    },
    {
      "name": "ogerpon",
      "url": "https://pokeapi.co/api/v2/pokemon/1017/"
    },
    {
      "name": "iron-boulder",
      "url": "https://pokeapi.co/api/v2/pokemon/1022/"
    },
    {
      "name": "iron-crown",
      "url": "https://pokeapi.co/api/v2/pokemon/1023/"
    },
    {
      "name": "aegislash-blade",
      "url": "https://pokeapi.co/api/v2/pokemon/10026/"
    },
    {
      "name": "lurantis-totem",
      "url": "https://pokeapi.co/api/v2/pokemon/10128/"
    },
    {
      "name": "farfetchd-galar",
      "url": "https://pokeapi.co/api/v2/pokemon/10166/"
    },
    {
      "name": "zacian-crowned",
      "url": "https://pokeapi.co/api/v2/pokemon/10188/"
    },
    {
      "name": "zarude-dada",
      "url": "https://pokeapi.co/api/v2/pokemon/10192/"
    },
    {
      "name": "calyrex-ice",
      "url": "https://pokeapi.co/api/v2/pokemon/10193/"
    },
    {
      "name": "calyrex-shadow",
      "url": "https://pokeapi.co/api/v2/pokemon/10194/"
    },
    {
      "name": "lilligant-hisui",
      "url": "https://pokeapi.co/api/v2/pokemon/10237/"
    },
    {
      "name": "ogerpon-wellspring-mask",
      "url": "https://pokeapi.co/api/v2/pokemon/10273/"
    },
    {
      "name": "ogerpon-hearthflame-mask",
      "url": "https://pokeapi.co/api/v2/pokemon/10274/"
    },
    {
      "name": "ogerpon-cornerstone-mask",
      "url": "https://pokeapi.co/api/v2/pokemon/10275/"
    }
  ],
  "machines": [
    {
      "machine": {
        "url": "https://pokeapi.co/api/v2/machine/241/"
      },
      "version_group": {
        "name": "sword-shield",
        "url": "https://pokeapi.co/api/v2/version-group/20/"
      }
    },
    {
      "machine": {
        "url": "https://pokeapi.co/api/v2/machine/1895/"
      },
      "version_group": {
        "name": "scarlet-violet",
        "url": "https://pokeapi.co/api/v2/version-group/25/"
      }
    },
    {
      "machine": {
        "url": "https://pokeapi.co/api/v2/machine/1958/"
      },
      "version_group": {
        "name": "the-teal-mask",
        "url": "https://pokeapi.co/api/v2/version-group/26/"
      }
    },
    {
      "machine": {
        "url": "https://pokeapi.co/api/v2/machine/2068/"
      },
      "version_group": {
        "name": "the-indigo-disk",
        "url": "https://pokeapi.co/api/v2/version-group/27/"
      }
    }
  ],
  "meta": {
    "ailment": {
      "name": "none",
      "url": "https://pokeapi.co/api/v2/move-ailment/0/"
    },
    "ailment_chance": 0,
    "category": {
      "name": "damage",
      "url": "https://pokeapi.co/api/v2/move-category/0/"
    },
    "crit_rate": 0,
    "drain": 0,
    "flinch_chance": 0,
    "healing": 0,
    "max_hits": null,
    "max_turns": null,
    "min_hits": null,
    "min_turns": null,
    "stat_chance": 0
  },
  "name": "solar-blade",
  "names": [
    {
      "language": {
        "name": "ja-Hrkt",
        "url": "https://pokeapi.co/api/v2/language/1/"
      },
      "name": "\u30bd\u30fc\u30e9\u30fc\u30d6\u30ec\u30fc\u30c9"
    },
    {
      "language": {
        "name": "ko",
        "url": "https://pokeapi.co/api/v2/language/3/"
      },
      "name": "\uc194\ub77c\ube14\ub808\uc774\ub4dc"
    },
    {
      "language": {
        "name": "zh-Hant",
        "url": "https://pokeapi.co/api/v2/language/4/"
      },
      "name": "\u65e5\u5149\u5203"
    },
    {
      "language": {
        "name": "fr",
        "url": "https://pokeapi.co/api/v2/language/5/"
      },
      "name": "Lame Solaire"
    },
    {
      "language": {
        "name": "de",
        "url": "https://pokeapi.co/api/v2/language/6/"
      },
      "name": "Solarklinge"
    },
    {
      "language": {
        "name": "es",
        "url": "https://pokeapi.co/api/v2/language/7/"
      },
      "name": "Cuchilla Solar"
    },
    {
      "language": {
        "name": "it",
        "url": "https://pokeapi.co/api/v2/language/8/"
      },
      "name": "Lama Solare"
    },
    {
      "language": {
        "name": "en",
        "url": "https://pokeapi.co/api/v2/language/9/"
      },
      "name": "Solar Blade"
    },
    {
      "language": {
        "name": "ja",
        "url": "https://pokeapi.co/api/v2/language/11/"
      },
      "name": "\u30bd\u30fc\u30e9\u30fc\u30d6\u30ec\u30fc\u30c9"
    },
    {
      "language": {
        "name": "zh-Hans",
        "url": "https://pokeapi.co/api/v2/language/12/"
      },
      "name": "\u65e5\u5149\u5203"
    }
  ],
  "past_values": [],
  "power": 125,
  "pp": 10,
  "priority": 0,
  "stat_changes": [],
  "super_contest_effect": null,
  "target": {
    "name": "selected-pokemon",
    "url": "https://pokeapi.co/api/v2/move-target/10/"
  },
  "type": {
    "name": "grass",
    "url": "https://pokeapi.co/api/v2/type/12/"
  }
}