{
  "accuracy": 100,
  "contest_combos": null,
  "contest_effect": null,
  "contest_type": null,
  "damage_class": {
    "name": "status",
    "url": "https://pokeapi.co/api/v2/move-damage-class/1/"
  },
  "effect_chance": null,
  "effect_changes": [],
  "effect_entries": [
    {
      "effect": "Changes the target to pure water-type until it leaves the field.  If the target has multitype, this move will fail.",
      "language": {
        "name": "en",
        "url": "https://pokeapi.co/api/v2/language/9/"
      },
      "short_effect": "Changes the target\u2019s type to Water."
    }
  ],
  "flavor_text_entries": [
    {
      "flavor_text": "Le lanceur projette beaucoup d\u2019eau sur\nsa cible, qui devient de type Eau.",
      "language": {
        "name": "fr",
        "url": "https://pokeapi.co/api/v2/language/5/"
      },
      "version_group": {
        "name": "black-white",
        "url": "https://pokeapi.co/api/v2/version-group/11/"
      }
    },
    {
      "flavor_text": "The user shoots a torrent of water\nat the target and changes\nthe target\u2019s type to Water.",
      "language": {
        "name": "en",
        "url": "https://pokeapi.co/api/v2/language/9/"
      },
      "version_group": {
        "name": "black-white",
        "url": "https://pokeapi.co/api/v2/version-group/11/"
      }
    },
    {
      "flavor_text": "The user shoots a torrent of water\nat the target and changes\nthe target\u2019s type to Water.",
      "language": {
        "name": "en",
        "url": "https://pokeapi.co/api/v2/language/9/"
      },
      "version_group": {
        "name": "black-2-white-2",
        "url": "https://pokeapi.co/api/v2/version-group/14/"
      }
    },
    {
      "flavor_text": "\u305f\u304f\u3055\u3093\u306e\u3000\u307f\u305a\u3092\u3000\u3042\u3073\u305b\u304b\u3051\u3066\n\u3042\u3044\u3066\u3092\u3000\u307f\u305a\u30bf\u30a4\u30d7\u306b\u3000\u3059\u308b\u3002\n",
      "language": {
        "name": "ja-Hrkt",
        "url": "https://pokeapi.co/api/v2/language/1/"
      },
      "version_group": {
        "name": "x-y",
        "url": "https://pokeapi.co/api/v2/version-group/15/"
      }
    },
    {
      "flavor_text": "\ub9ce\uc740 \ubb3c\uc744 \ub07c\uc5b9\uc5b4\uc11c\n\uc0c1\ub300\ub97c \ubb3c\ud0c0\uc785\uc73c\ub85c \ubc14\uafbc\ub2e4.",
      "language": {
        "name": "ko",
        "url": "https://pokeapi.co/api/v2/language/3/"
      },
      "version_group": {
        "name": "x-y",
        "url": "https://pokeapi.co/api/v2/version-group/15/"
      }
    },
    {
      "flavor_text": "Le lanceur projette beaucoup d\u2019eau sur sa cible,\nqui devient de type Eau.",
      "language": {
        "name": "fr",
        "url": "https://pokeapi.co/api/v2/language/5/"
      },
      "version_group": {
        "name": "x-y",
        "url": "https://pokeapi.co/api/v2/version-group/15/"
      }
    },
    {
      "flavor_text": "\u00dcbersch\u00fcttet das Ziel mit Unmengen an Wasser\nund \u00e4ndert den Typ damit in Wasser um.",
      "language": {
        "name": "de",
        "url": "https://pokeapi.co/api/v2/language/6/"
      },
      "version_group": {
        "name": "x-y",
        "url": "https://pokeapi.co/api/v2/version-group/15/"
      }
    },
    {
      "flavor_text": "Potente lluvia que transforma al objetivo en un\nPok\u00e9mon de tipo Agua.",
      "language": {
        "name": "es",
        "url": "https://pokeapi.co/api/v2/language/7/"
      },
      "version_group": {
        "name": "x-y",
        "url": "https://pokeapi.co/api/v2/version-group/15/"
      }
    },
    {
      "flavor_text": "Chi la usa proietta un lungo getto d\u2019acqua contro\nil bersaglio e lo rende un Pok\u00e9mon di tipo Acqua.",
      "language": {
        "name": "it",
        "url": "https://pokeapi.co/api/v2/language/8/"
      },
      "version_group": {
        "name": "x-y",
        "url": "https://pokeapi.co/api/v2/version-group/15/"
      }
    },
    {
      "flavor_text": "The user shoots a torrent of water\nat the target and changes\nthe target\u2019s type to Water.",
      "language": {
        "name": "en",
        "url": "https://pokeapi.co/api/v2/language/9/"
      },
      "version_group": {
        "name": "x-y",
        "url": "https://pokeapi.co/api/v2/version-group/15/"
      }
    },
    {
      "flavor_text": "\u305f\u304f\u3055\u3093\u306e\u3000\u6c34\u3092\u3000\u6d74\u3073\u305b\u304b\u3051\u3066\n\u76f8\u624b\u3092\u3000\u307f\u305a\u30bf\u30a4\u30d7\u306b\u3000\u3059\u308b\u3002\n",
      "language": {
        "name": "ja",
        "url": "https://pokeapi.co/api/v2/language/11/"
      },
      "version_group": {
        "name": "x-y",
        "url": "https://pokeapi.co/api/v2/version-group/15/"
      }
    },
    {
      "flavor_text": "\u305f\u304f\u3055\u3093\u306e\u3000\u202f\u305a\u3092\u3000\u3042\u3073\u305b\u304b\u3051\u3066\n\u3042\u3044\u3066\u3092\u3000\u202f\u305a\u30bf\u30a4\u30d7\u306b\u3000\u3059\u308b\u3002\n",
      "language": {
        "name": "ja-Hrkt",
        "url": "https://pokeapi.co/api/v2/language/1/"
      },
      "version_group": {
        "name": "omega-ruby-alpha-sapphire",
        "url": "https://pokeapi.co/api/v2/version-group/16/"
      }
    },
    {
      "flavor_text": "\ub9ce\uc740 \ubb3c\uc744 \ub07c\uc5b9\uc5b4\uc11c\n\uc0c1\ub300\ub97c \ubb3c\ud0c0\uc785\uc73c\ub85c \ubc14\uafbc\ub2e4.",
      "language": {
        "name": "ko",
        "url": "https://pokeapi.co/api/v2/language/3/"
      },
      "version_group": {
        "name": "omega-ruby-alpha-sapphire",
        "url": "https://pokeapi.co/api/v2/version-group/16/"
      }
    },
    {
      "flavor_text": "Le lanceur projette beaucoup d\u2019eau sur sa cible,\nqui devient de type Eau.",
      "language": {
        "name": "fr",
        "url": "https://pokeapi.co/api/v2/language/5/"
      },
      "version_group": {
        "name": "omega-ruby-alpha-sapphire",
        "url": "https://pokeapi.co/api/v2/version-group/16/"
      }
    },
    {
      "flavor_text": "\u00dcbersch\u00fcttet das Ziel mit Unmengen an Wasser\nund \u00e4ndert den Typ damit in Wasser um.",
      "language": {
        "name": "de",
        "url": "https://pokeapi.co/api/v2/language/6/"
      },
      "version_group": {
        "name": "omega-ruby-alpha-sapphire",
        "url": "https://pokeapi.co/api/v2/version-group/16/"
      }
    },
    {
      "flavor_text": "Potente lluvia que transforma al objetivo en un \nPok\u00e9mon de tipo Agua.",
      "language": {
        "name": "es",
        "url": "https://pokeapi.co/api/v2/language/7/"
      },
      "version_group": {
        "name": "omega-ruby-alpha-sapphire",
        "url": "https://pokeapi.co/api/v2/version-group/16/"
      }
    },
    {
      "flavor_text": "Chi la usa proietta un lungo getto d\u2019acqua contro\nil bersaglio e lo rende un Pok\u00e9mon di tipo Acqua.",
      "language": {
        "name": "it",
        "url": "https://pokeapi.co/api/v2/language/8/"
      },
      "version_group": {
        "name": "omega-ruby-alpha-sapphire",
        "url": "https://pokeapi.co/api/v2/version-group/16/"
      }
    },
    {
      "flavor_text": "The user shoots a torrent of water\nat the target and changes\nthe target\u2019s type to Water.",
      "language": {
        "name": "en",
        "url": "https://pokeapi.co/api/v2/language/9/"
      },
      "version_group": {
        "name": "omega-ruby-alpha-sapphire",
        "url": "https://pokeapi.co/api/v2/version-group/16/"
      }
    },
    {
      "flavor_text": "\u305f\u304f\u3055\u3093\u306e\u3000\u6c34\u3092\u3000\u6d74\u3073\u305b\u304b\u3051\u3066\n\u76f8\u624b\u3092\u3000\u202f\u305a\u30bf\u30a4\u30d7\u306b\u3000\u3059\u308b\u3002\n",
      "language": {
        "name": "ja",
        "url": "https://pokeapi.co/api/v2/language/11/"
      },
      "version_group": {
        "name": "omega-ruby-alpha-sapphire",
        "url": "https://pokeapi.co/api/v2/version-group/16/"
      }
    },
    {
      "flavor_text": "\u305f\u304f\u3055\u3093\u306e\u3000\u307f\u305a\u3092\u3000\u3042\u3073\u305b\u304b\u3051\u3066\n\u3042\u3044\u3066\u3092\u3000\u307f\u305a\u30bf\u30a4\u30d7\u306b\u3000\u3059\u308b\u3002",
      "language": {
        "name": "ja-Hrkt",
        "url": "https://pokeapi.co/api/v2/language/1/"
      },
      "version_group": {
        "name": "sun-moon",
        "url": "https://pokeapi.co/api/v2/version-group/17/"
      }
    },
    {
      "flavor_text": "\ub9ce\uc740 \ubb3c\uc744 \ub07c\uc5b9\uc5b4\uc11c\n\uc0c1\ub300\ub97c \ubb3c\ud0c0\uc785\uc73c\ub85c \ubc14\uafbc\ub2e4.",
      "language": {
        "name": "ko",
        "url": "https://pokeapi.co/api/v2/language/3/"
      },
      "version_group": {
        "name": "sun-moon",
        "url": "https://pokeapi.co/api/v2/version-group/17/"
      }
    },
    {
      "flavor_text": "\u671d\u5c0d\u624b\u7051\u4e0b\u5927\u91cf\u7684\u6c34\uff0c\n\u8b93\u5c0d\u624b\u8b8a\u6210\u6c34\u5c6c\u6027\u3002",
      "language": {
        "name": "zh-Hant",
        "url": "https://pokeapi.co/api/v2/language/4/"
      },
      "version_group": {
        "name": "sun-moon",
        "url": "https://pokeapi.co/api/v2/version-group/17/"
      }
    },
    {
      "flavor_text": "Le lanceur projette beaucoup d\u2019eau sur sa cible,\nqui devient de type Eau.",
      "language": {
        "name": "fr",
        "url": "https://pokeapi.co/api/v2/language/5/"
      },
      "version_group": {
        "name": "sun-moon",
        "url": "https://pokeapi.co/api/v2/version-group/17/"
      }
    },
    {
      "flavor_text": "\u00dcbersch\u00fcttet das Ziel mit Unmengen an Wasser und\n\u00e4ndert den Typ damit in Wasser um.",
      "language": {
        "name": "de",
        "url": "https://pokeapi.co/api/v2/language/6/"
      },
      "version_group": {
        "name": "sun-moon",
        "url": "https://pokeapi.co/api/v2/version-group/17/"
      }
    },
    {
      "flavor_text": "Potente lluvia que transforma al objetivo en un \nPok\u00e9mon de tipo Agua.",
      "language": {
        "name": "es",
        "url": "https://pokeapi.co/api/v2/language/7/"
      },
      "version_group": {
        "name": "sun-moon",
        "url": "https://pokeapi.co/api/v2/version-group/17/"
      }
    },
    {
      "flavor_text": "Chi la usa proietta un lungo getto d\u2019acqua contro\nil bersaglio e lo rende un Pok\u00e9mon di tipo Acqua.",
      "language": {
        "name": "it",
        "url": "https://pokeapi.co/api/v2/language/8/"
      },
      "version_group": {
        "name": "sun-moon",
        "url": "https://pokeapi.co/api/v2/version-group/17/"
      }
    },
    {
      "flavor_text": "The user shoots a torrent of water at the target and\nchanges the target\u2019s type to Water.",
      "language": {
        "name": "en",
        "url": "https://pokeapi.co/api/v2/language/9/"
      },
      "version_group": {
        "name": "sun-moon",
        "url": "https://pokeapi.co/api/v2/version-group/17/"
      }
    },
    {
      "flavor_text": "\u305f\u304f\u3055\u3093\u306e\u3000\u6c34\u3092\u3000\u6d74\u3073\u305b\u304b\u3051\u3066\n\u76f8\u624b\u3092\u3000\u307f\u305a\u30bf\u30a4\u30d7\u306b\u3000\u3059\u308b\u3002",
      "language": {
        "name": "ja",
        "url": "https://pokeapi.co/api/v2/language/11/"
      },
      "version_group": {
        "name": "sun-moon",
        "url": "https://pokeapi.co/api/v2/version-group/17/"
      }
    },
    {
      "flavor_text": "\u5c06\u5927\u91cf\u7684\u6c34\u6cfc\u5411\u5bf9\u624b\uff0c\n\u4ece\u800c\u4f7f\u5176\u53d8\u6210\u6c34\u5c5e\u6027\u3002",
      "language": {
        "name": "zh-Hans",
        "url": "https://pokeapi.co/api/v2/language/12/"
      },
      "version_group": {
        "name": "sun-moon",
        "url": "https://pokeapi.co/api/v2/version-group/17/"
      }
    },
    {
      "flavor_text": "\u305f\u304f\u3055\u3093\u306e\u3000\u307f\u305a\u3092\u3000\u3042\u3073\u305b\u304b\u3051\u3066\n\u3042\u3044\u3066\u3092\u3000\u307f\u305a\u30bf\u30a4\u30d7\u306b\u3000\u3059\u308b\u3002",
      "language": {
        "name": "ja-Hrkt",
        "url": "https://pokeapi.co/api/v2/language/1/"
      },
      "version_group": {
        "name": "ultra-sun-ultra-moon",
        "url": "https://pokeapi.co/api/v2/version-group/18/"
      }
    },
    {
      "flavor_text": "\ub9ce\uc740 \ubb3c\uc744 \ub07c\uc5b9\uc5b4\uc11c\n\uc0c1\ub300\ub97c \ubb3c\ud0c0\uc785\uc73c\ub85c \ubc14\uafbc\ub2e4.",
      "language": {
        "name": "ko",
        "url": "https://pokeapi.co/api/v2/language/3/"
      },
      "version_group": {
        "name": "ultra-sun-ultra-moon",
        "url": "https://pokeapi.co/api/v2/version-group/18/"
      }
    },
    {
      "flavor_text": "\u671d\u5c0d\u624b\u7051\u4e0b\u5927\u91cf\u7684\u6c34\uff0c\n\u8b93\u5c0d\u624b\u8b8a\u6210\u6c34\u5c6c\u6027\u3002",
      "language": {
        "name": "zh-Hant",
        "url": "https://pokeapi.co/api/v2/language/4/"
      },
      "version_group": {
        "name": "ultra-sun-ultra-moon",
        "url": "https://pokeapi.co/api/v2/version-group/18/"
      }
    },
    {
      "flavor_text": "Le lanceur projette beaucoup d\u2019eau sur sa cible,\nqui devient de type Eau.",
      "language": {
        "name": "fr",
        "url": "https://pokeapi.co/api/v2/language/5/"
      },
      "version_group": {
        "name": "ultra-sun-ultra-moon",
        "url": "https://pokeapi.co/api/v2/version-group/18/"
      }
    },
    {
      "flavor_text": "\u00dcbersch\u00fcttet das Ziel mit Unmengen an Wasser und\n\u00e4ndert den Typ damit in Wasser um.",
      "language": {
        "name": "de",
        "url": "https://pokeapi.co/api/v2/language/6/"
      },
      "version_group": {
        "name": "ultra-sun-ultra-moon",
        "url": "https://pokeapi.co/api/v2/version-group/18/"
      }
    },
    {
      "flavor_text": "Potente lluvia que transforma al objetivo en un \nPok\u00e9mon de tipo Agua.",
      "language": {
        "name": "es",
        "url": "https://pokeapi.co/api/v2/language/7/"
      },
      "version_group": {
        "name": "ultra-sun-ultra-moon",
        "url": "https://pokeapi.co/api/v2/version-group/18/"
      }
    },
    {
      "flavor_text": "Chi la usa proietta un lungo getto d\u2019acqua contro\nil bersaglio e lo rende un Pok\u00e9mon di tipo Acqua.",
      "language": {
        "name": "it",
        "url": "https://pokeapi.co/api/v2/language/8/"
      },
      "version_group": {
        "name": "ultra-sun-ultra-moon",
        "url": "https://pokeapi.co/api/v2/version-group/18/"
      }
    },
    {
      "flavor_text": "The user shoots a torrent of water at the target and\nchanges the target\u2019s type to Water.",
      "language": {
        "name": "en",
        "url": "https://pokeapi.co/api/v2/language/9/"
      },
      "version_group": {
        "name": "ultra-sun-ultra-moon",
        "url": "https://pokeapi.co/api/v2/version-group/18/"
      }
    },
    {
      "flavor_text": "\u305f\u304f\u3055\u3093\u306e\u3000\u6c34\u3092\u3000\u6d74\u3073\u305b\u304b\u3051\u3066\n\u76f8\u624b\u3092\u3000\u307f\u305a\u30bf\u30a4\u30d7\u306b\u3000\u3059\u308b\u3002",
      "language": {
        "name": "ja",
        "url": "https://pokeapi.co/api/v2/language/11/"
      },
      "version_group": {
        "name": "ultra-sun-ultra-moon",
        "url": "https://pokeapi.co/api/v2/version-group/18/"
      }
    },
    {
      "flavor_text": "\u5c06\u5927\u91cf\u7684\u6c34\u6cfc\u5411\u5bf9\u624b\uff0c\n\u4ece\u800c\u4f7f\u5176\u53d8\u6210\u6c34\u5c5e\u6027\u3002",
      "language": {
        "name": "zh-Hans",
        "url": "https://pokeapi.co/api/v2/language/12/"
      },
      "version_group": {
        "name": "ultra-sun-ultra-moon",
        "url": "https://pokeapi.co/api/v2/version-group/18/"
      }
    },
    {
      "flavor_text": "\u305f\u304f\u3055\u3093\u306e\u3000\u307f\u305a\u3092\u3000\u3042\u3073\u305b\u304b\u3051\u3066\n\u3042\u3044\u3066\u3092\u3000\u307f\u305a\u30bf\u30a4\u30d7\u306b\u3000\u3059\u308b\u3002",
      "language": {
        "name": "ja-Hrkt",
        "url": "https://pokeapi.co/api/v2/language/1/"
      },
      "version_group": {
        "name": "lets-go-pikachu-lets-go-eevee",
        "url": "https://pokeapi.co/api/v2/version-group/19/"
      }
    },
    {
      "flavor_text": "\ub9ce\uc740 \ubb3c\uc744 \ub07c\uc5b9\uc5b4\uc11c\n\uc0c1\ub300\ub97c \ubb3c\ud0c0\uc785\uc73c\ub85c \ubc14\uafbc\ub2e4.",
      "language": {
        "name": "ko",
        "url": "https://pokeapi.co/api/v2/language/3/"
      },
      "version_group": {
        "name": "lets-go-pikachu-lets-go-eevee",
        "url": "https://pokeapi.co/api/v2/version-group/19/"
      }
    },
    {
      "flavor_text": "\u671d\u5c0d\u624b\u7051\u4e0b\u5927\u91cf\u7684\u6c34\uff0c\n\u8b93\u5c0d\u624b\u8b8a\u6210\u6c34\u5c6c\u6027\u3002",
      "language": {
        "name": "zh-Hant",
        "url": "https://pokeapi.co/api/v2/language/4/"
      },
      "version_group": {
        "name": "lets-go-pikachu-lets-go-eevee",
        "url": "https://pokeapi.co/api/v2/version-group/19/"
      }
    },
    {
      "flavor_text": "Le lanceur projette beaucoup d\u2019eau sur sa cible,\nqui devient de type Eau.",
      "language": {
        "name": "fr",
        "url": "https://pokeapi.co/api/v2/language/5/"
      },
      "version_group": {
        "name": "lets-go-pikachu-lets-go-eevee",
        "url": "https://pokeapi.co/api/v2/version-group/19/"
      }
    },
    {
      "flavor_text": "\u00dcbersch\u00fcttet das Ziel mit Unmengen an Wasser und\n\u00e4ndert den Typ damit in Wasser um.",
      "language": {
        "name": "de",
        "url": "https://pokeapi.co/api/v2/language/6/"
      },
      "version_group": {
        "name": "lets-go-pikachu-lets-go-eevee",
        "url": "https://pokeapi.co/api/v2/version-group/19/"
      }
    },
    {
      "flavor_text": "Potente lluvia que transforma al objetivo en un \nPok\u00e9mon de tipo Agua.",
      "language": {
        "name": "es",
        "url": "https://pokeapi.co/api/v2/language/7/"
      },
      "version_group": {
        "name": "lets-go-pikachu-lets-go-eevee",
        "url": "https://pokeapi.co/api/v2/version-group/19/"
      }
    },
    {
      "flavor_text": "Chi la usa proietta un lungo getto d\u2019acqua contro\nil bersaglio e lo rende un Pok\u00e9mon di tipo Acqua.",
      "language": {
        "name": "it",
        "url": "https://pokeapi.co/api/v2/language/8/"
      },
      "version_group": {
        "name": "lets-go-pikachu-lets-go-eevee",
        "url": "https://pokeapi.co/api/v2/version-group/19/"
      }
    },
    {
      "flavor_text": "The user shoots a torrent of water at the target and\nchanges the target\u2019s type to Water.",
      "language": {
        "name": "en",
        "url": "https://pokeapi.co/api/v2/language/9/"
      },
      "version_group": {
        "name": "lets-go-pikachu-lets-go-eevee",
        "url": "https://pokeapi.co/api/v2/version-group/19/"
      }
    },
    {
      "flavor_text": "\u305f\u304f\u3055\u3093\u306e\u3000\u6c34\u3092\u3000\u6d74\u3073\u305b\u304b\u3051\u3066\n\u76f8\u624b\u3092\u3000\u307f\u305a\u30bf\u30a4\u30d7\u306b\u3000\u3059\u308b\u3002",
      "language": {
        "name": "ja",
        "url": "https://pokeapi.co/api/v2/language/11/"
      },
      "version_group": {
        "name": "lets-go-pikachu-lets-go-eevee",
        "url": "https://pokeapi.co/api/v2/version-group/19/"
      }
    },
    {
      "flavor_text": "\u5c06\u5927\u91cf\u7684\u6c34\u6cfc\u5411\u5bf9\u624b\uff0c\n\u4ece\u800c\u4f7f\u5176\u53d8\u6210\u6c34\u5c5e\u6027\u3002",
      "language": {
        "name": "zh-Hans",
        "url": "https://pokeapi.co/api/v2/language/12/"
      },
      "version_group": {
        "name": "lets-go-pikachu-lets-go-eevee",
        "url": "https://pokeapi.co/api/v2/version-group/19/"
      }
    },
    {
      "flavor_text": "\u305f\u304f\u3055\u3093\u306e\u3000\u307f\u305a\u3092\u3000\u3042\u3073\u305b\u304b\u3051\u3066\n\u3042\u3044\u3066\u3092\u3000\u307f\u305a\u30bf\u30a4\u30d7\u306b\u3000\u3059\u308b\u3002",
      "language": {
        "name": "ja-Hrkt",
        "url": "https://pokeapi.co/api/v2/language/1/"
      },
      "version_group": {
        "name": "sword-shield",
        "url": "https://pokeapi.co/api/v2/version-group/20/"
      }
    },
    {
      "flavor_text": "\ub9ce\uc740 \ubb3c\uc744 \ub07c\uc5b9\uc5b4\uc11c\n\uc0c1\ub300\ub97c \ubb3c\ud0c0\uc785\uc73c\ub85c \ubc14\uafbc\ub2e4.",
      "language": {
        "name": "ko",
        "url": "https://pokeapi.co/api/v2/language/3/"
      },
      "version_group": {
        "name": "sword-shield",
        "url": "https://pokeapi.co/api/v2/version-group/20/"
      }
    },
    {
      "flavor_text": "\u671d\u5c0d\u624b\u7051\u4e0b\u5927\u91cf\u7684\u6c34\uff0c\n\u8b93\u5c0d\u624b\u8b8a\u6210\u6c34\u5c6c\u6027\u3002",
      "language": {
        "name": "zh-Hant",
        "url": "https://pokeapi.co/api/v2/language/4/"
      },
      "version_group": {
        "name": "sword-shield",
        "url": "https://pokeapi.co/api/v2/version-group/20/"
      }
    },
    {
      "flavor_text": "Le lanceur projette beaucoup d\u2019eau sur sa cible,\nqui devient de type Eau.",
      "language": {
        "name": "fr",
        "url": "https://pokeapi.co/api/v2/language/5/"
      },
      "version_group": {
        "name": "sword-shield",
        "url": "https://pokeapi.co/api/v2/version-group/20/"
      }
    },
    {
      "flavor_text": "\u00dcbersch\u00fcttet das Ziel mit Unmengen an Wasser und\n\u00e4ndert den Typ damit in Wasser um.",
      "language": {
        "name": "de",
        "url": "https://pokeapi.co/api/v2/language/6/"
      },
      "version_group": {
        "name": "sword-shield",
        "url": "https://pokeapi.co/api/v2/version-group/20/"
      }
    },
    {
      "flavor_text": "Potente lluvia que transforma al objetivo en un \nPok\u00e9mon de tipo Agua.",
      "language": {
        "name": "es",
        "url": "https://pokeapi.co/api/v2/language/7/"
      },
      "version_group": {
        "name": "sword-shield",
        "url": "https://pokeapi.co/api/v2/version-group/20/"
      }
    },
    {
      "flavor_text": "Chi la usa proietta un lungo getto d\u2019acqua contro\nil bersaglio e lo rende un Pok\u00e9mon di tipo Acqua.",
      "language": {
        "name": "it",
        "url": "https://pokeapi.co/api/v2/language/8/"
      },
      "version_group": {
        "name": "sword-shield",
        "url": "https://pokeapi.co/api/v2/version-group/20/"
      }
    },
    {
      "flavor_text": "The user shoots a torrent of water at the target and\nchanges the target\u2019s type to Water.",
      "language": {
        "name": "en",
        "url": "https://pokeapi.co/api/v2/language/9/"
      },
      "version_group": {
        "name": "sword-shield",
        "url": "https://pokeapi.co/api/v2/version-group/20/"
      }
    },
    {
      "flavor_text": "\u305f\u304f\u3055\u3093\u306e\u3000\u6c34\u3092\u3000\u6d74\u3073\u305b\u304b\u3051\u3066\n\u76f8\u624b\u3092\u3000\u307f\u305a\u30bf\u30a4\u30d7\u306b\u3000\u3059\u308b\u3002",
      "language": {
        "name": "ja",
        "url": "https://pokeapi.co/api/v2/language/11/"
      },
      "version_group": {
        "name": "sword-shield",
        "url": "https://pokeapi.co/api/v2/version-group/20/"
      }
    },
    {
      "flavor_text": "\u5c06\u5927\u91cf\u7684\u6c34\u6cfc\u5411\u5bf9\u624b\uff0c\n\u4ece\u800c\u4f7f\u5176\u53d8\u6210\u6c34\u5c5e\u6027\u3002",
      "language": {
        "name": "zh-Hans",
        "url": "https://pokeapi.co/api/v2/language/12/"
      },
      "version_group": {
        "name": "sword-shield",
        "url": "https://pokeapi.co/api/v2/version-group/20/"
      }
    },
    {
      "flavor_text": "The user shoots a torrent of water at the target and changes the target's type to Water.",
      "language": {
        "name": "en",
        "url": "https://pokeapi.co/api/v2/language/9/"
      },
      "version_group": {
        "name": "legends-arceus",
        "url": "https://pokeapi.co/api/v2/version-group/24/"
      }
    },
    {
      "flavor_text": "The user shoots a torrent of water that changes the target's type to Water.",
      "language": {
        "name": "en",
        "url": "https://pokeapi.co/api/v2/language/9/"
      },
      "version_group": {
        "name": "scarlet-violet",
        "url": "https://pokeapi.co/api/v2/version-group/25/"
      }
    }
  ],
  "generation": {
    "name": "generation-v",
    "url": "https://pokeapi.co/api/v2/generation/5/"
  },
  "id": 487,
  "learned_by_pokemon": [
    {
      "name": "psyduck",
      "url": "https://pokeapi.co/api/v2/pokemon/54/"
    },
    {
      "name": "golduck",
      "url": "https://pokeapi.co/api/v2/pokemon/55/"
    },
    {
      "name": "goldeen",
      "url": "https://pokeapi.co/api/v2/pokemon/118/"
    },
    {
      "name": "seaking",
      "url": "https://pokeapi.co/api/v2/pokemon/119/"
    },
    {
      "name": "chinchou",
      "url": "https://pokeapi.co/api/v2/pokemon/170/"
    },
    {
      "name": "lanturn",
      "url": "https://pokeapi.co/api/v2/pokemon/171/"
    },
    {
      "name": "marill",
      "url": "https://pokeapi.co/api/v2/pokemon/183/"
    },
    {
      "name": "remoraid",
      "url": "https://pokeapi.co/api/v2/pokemon/223/"
    },
    {
      "name": "octillery",
      "url": "https://pokeapi.co/api/v2/pokemon/224/"
    },
    {
      "name": "wingull",
      "url": "https://pokeapi.co/api/v2/pokemon/278/"
    },
    {
      "name": "pelipper",
      "url": "https://pokeapi.co/api/v2/pokemon/279/"
    },
    {
      "name": "surskit",
      "url": "https://pokeapi.co/api/v2/pokemon/283/"
    },
    {
      "name": "masquerain",
      "url": "https://pokeapi.co/api/v2/pokemon/284/"
    },
    {
      "name": "azurill",
      "url": "https://pokeapi.co/api/v2/pokemon/298/"
    },
    {
      "name": "wailmer",
      "url": "https://pokeapi.co/api/v2/pokemon/320/"
    },
    {
      "name": "wailord",
      "url": "https://pokeapi.co/api/v2/pokemon/321/"
    },
    {
      "name": "luvdisc",
      "url": "https://pokeapi.co/api/v2/pokemon/370/"
    },
    {
      "name": "buizel",
      "url": "https://pokeapi.co/api/v2/pokemon/418/"
    },
    {
      "name": "floatzel",
      "url": "https://pokeapi.co/api/v2/pokemon/419/"
    },
    {
      "name": "finneon",
      "url": "https://pokeapi.co/api/v2/pokemon/456/"
    },
    {
      "name": "lumineon",
      "url": "https://pokeapi.co/api/v2/pokemon/457/"
    },
    {
      "name": "oshawott",
      "url": "https://pokeapi.co/api/v2/pokemon/501/"
    },
    {
      "name": "dewott",
      "url": "https://pokeapi.co/api/v2/pokemon/502/"
    },
    {
      "name": "samurott",
      "url": "https://pokeapi.co/api/v2/pokemon/503/"
    },
    {
      "name": "basculin-red-striped",
      "url": "https://pokeapi.co/api/v2/pokemon/550/"
    },
    {
      "name": "alomomola",
      "url": "https://pokeapi.co/api/v2/pokemon/594/"
    },
    {
      "name": "wishiwashi-solo",
      "url": "https://pokeapi.co/api/v2/pokemon/746/"
    },
    {
      "name": "dewpider",
      "url": "https://pokeapi.co/api/v2/pokemon/751/"
    },
    {
      "name": "araquanid",
      "url": "https://pokeapi.co/api/v2/pokemon/752/"
    },
    {
      "name": "pyukumuku",
      "url": "https://pokeapi.co/api/v2/pokemon/771/"
    },
    {
      "name": "tapu-fini",
      "url": "https://pokeapi.co/api/v2/pokemon/788/"
    },
    {
      "name": "sobble",
      "url": "https://pokeapi.co/api/v2/pokemon/816/"
    },
    {
      "name": "drizzile",
      "url": "https://pokeapi.co/api/v2/pokemon/817/"
    },
    {
      "name": "inteleon",
      "url": "https://pokeapi.co/api/v2/pokemon/818/"
    },
    {
      "name": "clobbopus",
      "url": "https://pokeapi.co/api/v2/pokemon/852/"
    },
    {
      "name": "eiscue-ice",
      "url": "https://pokeapi.co/api/v2/pokemon/875/"
    },
    {
      "name": "basculegion-male",
      "url": "https://pokeapi.co/api/v2/pokemon/902/"
    },
    {
      "name": "tadbulb",
      "url": "https://pokeapi.co/api/v2/pokemon/938/"
    },
    {
      "name": "dondozo",
      "url": "https://pokeapi.co/api/v2/pokemon/977/"
    },
    {
      "name": "tatsugiri-curly",
      "url": "https://pokeapi.co/api/v2/pokemon/978/"
    },
    {
      "name": "basculin-blue-striped",
      "url": "https://pokeapi.co/api/v2/pokemon/10016/"
    },
    {
      "name": "wishiwashi-school",
      "url": "https://pokeapi.co/api/v2/pokemon/10127/"
    },
    {
      "name": "araquanid-totem",
      "url": "https://pokeapi.co/api/v2/pokemon/10153/"
    },
    {
      "name": "eiscue-noice",
      "url": "https://pokeapi.co/api/v2/pokemon/10185/"
    },
    {
      "name": "basculin-white-striped",
      "url": "https://pokeapi.co/api/v2/pokemon/10247/"
    },
    {
      "name": "basculegion-female",
      "url": "https://pokeapi.co/api/v2/pokemon/10248/"
    },
    {
      "name": "tatsugiri-droopy",
      "url": "https://pokeapi.co/api/v2/pokemon/10258/"
    },
    {
      "name": "tatsugiri-stretchy",
      "url": "https://pokeapi.co/api/v2/pokemon/10259/"
    }
  ],
  "machines": [],
  "meta": {
    "ailment": {
      "name": "none",
      "url": "https://pokeapi.co/api/v2/move-ailment/0/"
    },
    "ailment_chance": 0,
    "category": {
      "name": "unique",
      "url": "https://pokeapi.co/api/v2/move-category/13/"
    },
    "crit_rate": 0,
    "drain": 0,
    "flinch_chance": 0,
    "healing": 0,
    "max_hits": null,
    "max_turns": null,
    "min_hits": null,
    "min_turns": null,
    "stat_chance": 0
  },
  "name": "soak",
  "names": [
    {
      "language": {
        "name": "ja-Hrkt",
        "url": "https://pokeapi.co/api/v2/language/1/"
      },
      "name": "\u307f\u305a\u3073\u305f\u3057"
    },
    {
      "language": {
        "name": "ko",
        "url": "https://pokeapi.co/api/v2/language/3/"
      },
      "name": "\ubb3c\ubd93\uae30"
    },
    {
      "language": {
        "name": "zh-Hant",
        "url": "https://pokeapi.co/api/v2/language/4/"
      },
      "name": "\u6d78\u6c34"
    },
    {
      "language": {
        "name": "fr",
        "url": "https://pokeapi.co/api/v2/language/5/"
      },
      "name": "D\u00e9trempage"
    },
    {
      "language": {
        "name": "de",
        "url": "https://pokeapi.co/api/v2/language/6/"
      },
      "name": "\u00dcberflutung"
    },
    {
      "language": {
        "name": "es",
        "url": "https://pokeapi.co/api/v2/language/7/"
      },
      "name": "Anegar"
    },
    {
      "language": {
        "name": "it",
        "url": "https://pokeapi.co/api/v2/language/8/"
      },
      "name": "Inondazione"
    },
    {
      "language": {
        "name": "en",
        "url": "https://pokeapi.co/api/v2/language/9/"
      },
      "name": "Soak"
    },
    {
      "language": {
        "name": "ja",
        "url": "https://pokeapi.co/api/v2/language/11/"
      },
      "name": "\u307f\u305a\u3073\u305f\u3057"
    },
    {
      "language": {
        "name": "zh-Hans",
        "url": "https://pokeapi.co/api/v2/language/12/"
      },
      "name": "\u6d78\u6c34"
    }
  ],
  "past_values": [],
  "power": null,
  "pp": 20,
  "priority": 0,
  "stat_changes": [],
  "super_contest_effect": null,
  "target": {
    "name": "selected-pokemon",
    "url": "https://pokeapi.co/api/v2/move-target/10/"
  },
  "type": {
    "name": "water",
    "url": "https://pokeapi.co/api/v2/type/11/"
  }
}