{
  "accuracy": 100,
  "contest_combos": {
    "normal": {
      "use_after": [
        {
          "name": "double-team",
          "url": "https://pokeapi.co/api/v2/move/104/"
        }
      ],
      "use_before": null
    },
    "super": {
      "use_after": null,
      "use_before": null
    }
  },
  "contest_effect": {
    "url": "https://pokeapi.co/api/v2/contest-effect/30/"
  },
  "contest_type": {
    "name": "cool",
    "url": "https://pokeapi.co/api/v2/contest-type/1/"
  },
  "damage_class": {
    "name": "physical",
    "url": "https://pokeapi.co/api/v2/move-damage-class/2/"
  },
  "effect_chance": null,
  "effect_changes": [],
  "effect_entries": [
    {
      "effect": "Inflicts regular damage.",
      "language": {
        "name": "en",
        "url": "https://pokeapi.co/api/v2/language/9/"
      },
      "short_effect": "Inflicts regular damage with no additional effect."
    }
  ],
  "flavor_text_entries": [
    {
      "flavor_text": "Lets the user get\nin the first hit.",
      "language": {
        "name": "en",
        "url": "https://pokeapi.co/api/v2/language/9/"
      },
      "version_group": {
        "name": "gold-silver",
        "url": "https://pokeapi.co/api/v2/version-group/3/"
      }
    },
    {
      "flavor_text": "Lets the user get\nin the first hit.",
      "language": {
        "name": "en",
        "url": "https://pokeapi.co/api/v2/language/9/"
      },
      "version_group": {
        "name": "crystal",
        "url": "https://pokeapi.co/api/v2/version-group/4/"
      }
    },
    {
      "flavor_text": "An extremely fast attack\nthat always strikes first.",
      "language": {
        "name": "en",
        "url": "https://pokeapi.co/api/v2/language/9/"
      },
      "version_group": {
        "name": "ruby-sapphire",
        "url": "https://pokeapi.co/api/v2/version-group/5/"
      }
    },
    {
      "flavor_text": "An extremely fast attack\nthat always strikes first.",
      "language": {
        "name": "en",
        "url": "https://pokeapi.co/api/v2/language/9/"
      },
      "version_group": {
        "name": "emerald",
        "url": "https://pokeapi.co/api/v2/version-group/6/"
      }
    },
    {
      "flavor_text": "An almost invisibly\nfast attack that\nis certain to strike\nfirst.",
      "language": {
        "name": "en",
        "url": "https://pokeapi.co/api/v2/language/9/"
      },
      "version_group": {
        "name": "firered-leafgreen",
        "url": "https://pokeapi.co/api/v2/version-group/7/"
      }
    },
    {
      "flavor_text": "The user lunges at\nthe foe at a speed\nthat makes it almost\ninvisible. It is sure\nto strike first.",
      "language": {
        "name": "en",
        "url": "https://pokeapi.co/api/v2/language/9/"
      },
      "version_group": {
        "name": "diamond-pearl",
        "url": "https://pokeapi.co/api/v2/version-group/8/"
      }
    },
    {
      "flavor_text": "The user lunges at\nthe foe at a speed\nthat makes it almost\ninvisible. It is sure\nto strike first.",
      "language": {
        "name": "en",
        "url": "https://pokeapi.co/api/v2/language/9/"
      },
      "version_group": {
        "name": "platinum",
        "url": "https://pokeapi.co/api/v2/version-group/9/"
      }
    },
    {
      "flavor_text": "The user lunges at\nthe foe at a speed\nthat makes it almost\ninvisible. It is sure\nto strike first.",
      "language": {
        "name": "en",
        "url": "https://pokeapi.co/api/v2/language/9/"
      },
      "version_group": {
        "name": "heartgold-soulsilver",
        "url": "https://pokeapi.co/api/v2/version-group/10/"
      }
    },
    {
      "flavor_text": "Le lanceur fonce sur l\u2019ennemi si rapidement\nqu\u2019on parvient \u00e0 peine \u00e0 le discerner.\nFrappe en premier.",
      "language": {
        "name": "fr",
        "url": "https://pokeapi.co/api/v2/language/5/"
      },
      "version_group": {
        "name": "black-white",
        "url": "https://pokeapi.co/api/v2/version-group/11/"
      }
    },
    {
      "flavor_text": "The user lunges at the target at a speed\nthat makes it almost invisible. It is sure\nto strike first.",
      "language": {
        "name": "en",
        "url": "https://pokeapi.co/api/v2/language/9/"
      },
      "version_group": {
        "name": "black-white",
        "url": "https://pokeapi.co/api/v2/version-group/11/"
      }
    },
    {
      "flavor_text": "The user lunges at the target at a speed\nthat makes it almost invisible. It is sure\nto strike first.",
      "language": {
        "name": "en",
        "url": "https://pokeapi.co/api/v2/language/9/"
      },
      "version_group": {
        "name": "black-2-white-2",
        "url": "https://pokeapi.co/api/v2/version-group/14/"
      }
    },
    {
      "flavor_text": "\u3081\u306b\u3082\u3000\u3068\u307e\u3089\u306c\u3000\u3082\u306e\u3059\u3054\u3044\u3000\u306f\u3084\u3055\u3067\n\u3042\u3044\u3066\u306b\u3000\u3064\u3063\u3053\u3080\u3002\n\u304b\u306a\u3089\u305a\u3000\u305b\u3093\u305b\u3044\u3000\u3053\u3046\u3052\u304d\u3000\u3067\u304d\u308b\u3002",
      "language": {
        "name": "ja-Hrkt",
        "url": "https://pokeapi.co/api/v2/language/1/"
      },
      "version_group": {
        "name": "x-y",
        "url": "https://pokeapi.co/api/v2/version-group/15/"
      }
    },
    {
      "flavor_text": "\ub208\uc5d0 \ubcf4\uc774\uc9c0 \uc54a\ub294 \uad49\uc7a5\ud55c \uc18d\ub3c4\ub85c\n\uc0c1\ub300\uc5d0\uac8c \ub3cc\uc9c4\ud55c\ub2e4.\n\ubc18\ub4dc\uc2dc \uc120\uc81c\uacf5\uaca9\ud560 \uc218 \uc788\ub2e4.",
      "language": {
        "name": "ko",
        "url": "https://pokeapi.co/api/v2/language/3/"
      },
      "version_group": {
        "name": "x-y",
        "url": "https://pokeapi.co/api/v2/version-group/15/"
      }
    },
    {
      "flavor_text": "Le lanceur fonce sur l\u2019ennemi si rapidement qu\u2019on\nparvient \u00e0 peine \u00e0 le discerner. Frappe toujours en\npremier.",
      "language": {
        "name": "fr",
        "url": "https://pokeapi.co/api/v2/language/5/"
      },
      "version_group": {
        "name": "x-y",
        "url": "https://pokeapi.co/api/v2/version-group/15/"
      }
    },
    {
      "flavor_text": "Sehr schneller Angriff mit Erstschlaggarantie.",
      "language": {
        "name": "de",
        "url": "https://pokeapi.co/api/v2/language/6/"
      },
      "version_group": {
        "name": "x-y",
        "url": "https://pokeapi.co/api/v2/version-group/15/"
      }
    },
    {
      "flavor_text": "Ataque r\u00e1pido que permite golpear en primer lugar.",
      "language": {
        "name": "es",
        "url": "https://pokeapi.co/api/v2/language/7/"
      },
      "version_group": {
        "name": "x-y",
        "url": "https://pokeapi.co/api/v2/version-group/15/"
      }
    },
    {
      "flavor_text": "Chi la usa colpisce sempre per primo e a una tale\nvelocit\u00e0 da rendersi quasi invisibile.",
      "language": {
        "name": "it",
        "url": "https://pokeapi.co/api/v2/language/8/"
      },
      "version_group": {
        "name": "x-y",
        "url": "https://pokeapi.co/api/v2/version-group/15/"
      }
    },
    {
      "flavor_text": "The user lunges at the target at a speed\nthat makes it almost invisible.\nThis move always goes first.",
      "language": {
        "name": "en",
        "url": "https://pokeapi.co/api/v2/language/9/"
      },
      "version_group": {
        "name": "x-y",
        "url": "https://pokeapi.co/api/v2/version-group/15/"
      }
    },
    {
      "flavor_text": "\u76ee\u306b\u3082\u3000\u7559\u307e\u3089\u306c\u3000\u3082\u306e\u3059\u3054\u3044\u3000\u901f\u3055\u3067\n\u76f8\u624b\u306b\u3000\u3064\u3063\u3053\u3080\u3002\n\u5fc5\u305a\u3000\u5148\u5236\u653b\u6483\u3000\u3067\u304d\u308b\u3002",
      "language": {
        "name": "ja",
        "url": "https://pokeapi.co/api/v2/language/11/"
      },
      "version_group": {
        "name": "x-y",
        "url": "https://pokeapi.co/api/v2/version-group/15/"
      }
    },
    {
      "flavor_text": "\u3081\u306b\u3082\u3000\u3068\u307e\u3089\u306c\u3000\u3082\u306e\u3059\u3054\u3044\u3000\u306f\u3084\u3055\u3067\n\u3042\u3044\u3066\u306b\u3000\u3064\u3063\u3053\u3080\u3002\n\u304b\u306a\u3089\u305a\u3000\u305b\u3093\u305b\u3044\u3000\u3053\u3046\u3052\u304d\u3000\u3067\u304d\u308b\u3002",
      "language": {
        "name": "ja-Hrkt",
        "url": "https://pokeapi.co/api/v2/language/1/"
      },
      "version_group": {
        "name": "omega-ruby-alpha-sapphire",
        "url": "https://pokeapi.co/api/v2/version-group/16/"
      }
    },
    {
      "flavor_text": "\ub208\uc5d0 \ubcf4\uc774\uc9c0 \uc54a\ub294 \uad49\uc7a5\ud55c \uc18d\ub3c4\ub85c\n\uc0c1\ub300\uc5d0\uac8c \ub3cc\uc9c4\ud55c\ub2e4.\n\ubc18\ub4dc\uc2dc \uc120\uc81c\uacf5\uaca9\ud560 \uc218 \uc788\ub2e4.",
      "language": {
        "name": "ko",
        "url": "https://pokeapi.co/api/v2/language/3/"
      },
      "version_group": {
        "name": "omega-ruby-alpha-sapphire",
        "url": "https://pokeapi.co/api/v2/version-group/16/"
      }
    },
    {
      "flavor_text": "Le lanceur fonce sur l\u2019ennemi si rapidement qu\u2019on\nparvient \u00e0 peine \u00e0 le discerner. Frappe toujours en\npremier.",
      "language": {
        "name": "fr",
        "url": "https://pokeapi.co/api/v2/language/5/"
      },
      "version_group": {
        "name": "omega-ruby-alpha-sapphire",
        "url": "https://pokeapi.co/api/v2/version-group/16/"
      }
    },
    {
      "flavor_text": "Sehr schneller Angriff mit Erstschlaggarantie.",
      "language": {
        "name": "de",
        "url": "https://pokeapi.co/api/v2/language/6/"
      },
      "version_group": {
        "name": "omega-ruby-alpha-sapphire",
        "url": "https://pokeapi.co/api/v2/version-group/16/"
      }
    },
    {
      "flavor_text": "Ataque r\u00e1pido que permite golpear en primer lugar. ",
      "language": {
        "name": "es",
        "url": "https://pokeapi.co/api/v2/language/7/"
      },
      "version_group": {
        "name": "omega-ruby-alpha-sapphire",
        "url": "https://pokeapi.co/api/v2/version-group/16/"
      }
    },
    {
      "flavor_text": "Chi la usa colpisce sempre per primo e a una tale\nvelocit\u00e0 da rendersi quasi invisibile.",
      "language": {
        "name": "it",
        "url": "https://pokeapi.co/api/v2/language/8/"
      },
      "version_group": {
        "name": "omega-ruby-alpha-sapphire",
        "url": "https://pokeapi.co/api/v2/version-group/16/"
      }
    },
    {
      "flavor_text": "The user lunges at the target at a speed\nthat makes it almost invisible.\nThis move always goes first.",
      "language": {
        "name": "en",
        "url": "https://pokeapi.co/api/v2/language/9/"
      },
      "version_group": {
        "name": "omega-ruby-alpha-sapphire",
        "url": "https://pokeapi.co/api/v2/version-group/16/"
      }
    },
    {
      "flavor_text": "\u76ee\u306b\u3082\u3000\u7559\u307e\u3089\u306c\u3000\u3082\u306e\u3059\u3054\u3044\u3000\u901f\u3055\u3067\n\u76f8\u624b\u306b\u3000\u3064\u3063\u3053\u3080\u3002\n\u5fc5\u305a\u3000\u5148\u5236\u653b\u6483\u3000\u3067\u304d\u308b\u3002",
      "language": {
        "name": "ja",
        "url": "https://pokeapi.co/api/v2/language/11/"
      },
      "version_group": {
        "name": "omega-ruby-alpha-sapphire",
        "url": "https://pokeapi.co/api/v2/version-group/16/"
      }
    },
    {
      "flavor_text": "\u3081\u306b\u3082\u3000\u3068\u307e\u3089\u306c\u3000\u3082\u306e\u3059\u3054\u3044\u3000\u306f\u3084\u3055\u3067\n\u3042\u3044\u3066\u306b\u3000\u3064\u3063\u3053\u3080\u3002\n\u304b\u306a\u3089\u305a\u3000\u305b\u3093\u305b\u3044\u3000\u3053\u3046\u3052\u304d\u3000\u3067\u304d\u308b\u3002",
      "language": {
        "name": "ja-Hrkt",
        "url": "https://pokeapi.co/api/v2/language/1/"
      },
      "version_group": {
        "name": "sun-moon",
        "url": "https://pokeapi.co/api/v2/version-group/17/"
      }
    },
    {
      "flavor_text": "\ub208\uc5d0 \ubcf4\uc774\uc9c0 \uc54a\ub294 \uad49\uc7a5\ud55c \uc18d\ub3c4\ub85c\n\uc0c1\ub300\uc5d0\uac8c \ub3cc\uc9c4\ud55c\ub2e4.\n\ubc18\ub4dc\uc2dc \uc120\uc81c\uacf5\uaca9\ud560 \uc218 \uc788\ub2e4.",
      "language": {
        "name": "ko",
        "url": "https://pokeapi.co/api/v2/language/3/"
      },
      "version_group": {
        "name": "sun-moon",
        "url": "https://pokeapi.co/api/v2/version-group/17/"
      }
    },
    {
      "flavor_text": "\u4ee5\u8fc5\u96f7\u4e0d\u53ca\u63a9\u8033\u4e4b\u52e2\n\u64b2\u5411\u5c0d\u624b\u3002\n\u5fc5\u5b9a\u80fd\u5920\u767c\u52d5\u5148\u5236\u653b\u64ca\u3002",
      "language": {
        "name": "zh-Hant",
        "url": "https://pokeapi.co/api/v2/language/4/"
      },
      "version_group": {
        "name": "sun-moon",
        "url": "https://pokeapi.co/api/v2/version-group/17/"
      }
    },
    {
      "flavor_text": "Le lanceur fonce sur l\u2019ennemi si rapidement qu\u2019on\nparvient \u00e0 peine \u00e0 le discerner. Frappe en priorit\u00e9.",
      "language": {
        "name": "fr",
        "url": "https://pokeapi.co/api/v2/language/5/"
      },
      "version_group": {
        "name": "sun-moon",
        "url": "https://pokeapi.co/api/v2/version-group/17/"
      }
    },
    {
      "flavor_text": "Sehr schneller Angriff mit hoher Erstschlagquote.",
      "language": {
        "name": "de",
        "url": "https://pokeapi.co/api/v2/language/6/"
      },
      "version_group": {
        "name": "sun-moon",
        "url": "https://pokeapi.co/api/v2/version-group/17/"
      }
    },
    {
      "flavor_text": "Ataca al objetivo a gran velocidad. Este movimiento\ntiene prioridad alta. ",
      "language": {
        "name": "es",
        "url": "https://pokeapi.co/api/v2/language/7/"
      },
      "version_group": {
        "name": "sun-moon",
        "url": "https://pokeapi.co/api/v2/version-group/17/"
      }
    },
    {
      "flavor_text": "Chi la usa colpisce a una tale velocit\u00e0 da rendersi\nquasi invisibile. Questa mossa ha priorit\u00e0 alta.",
      "language": {
        "name": "it",
        "url": "https://pokeapi.co/api/v2/language/8/"
      },
      "version_group": {
        "name": "sun-moon",
        "url": "https://pokeapi.co/api/v2/version-group/17/"
      }
    },
    {
      "flavor_text": "The user lunges at the target at a speed that makes\nit almost invisible. This move always goes first.",
      "language": {
        "name": "en",
        "url": "https://pokeapi.co/api/v2/language/9/"
      },
      "version_group": {
        "name": "sun-moon",
        "url": "https://pokeapi.co/api/v2/version-group/17/"
      }
    },
    {
      "flavor_text": "\u76ee\u306b\u3082\u3000\u7559\u307e\u3089\u306c\u3000\u3082\u306e\u3059\u3054\u3044\u3000\u901f\u3055\u3067\n\u76f8\u624b\u306b\u3000\u3064\u3063\u3053\u3080\u3002\n\u5fc5\u305a\u3000\u5148\u5236\u653b\u6483\u3000\u3067\u304d\u308b\u3002",
      "language": {
        "name": "ja",
        "url": "https://pokeapi.co/api/v2/language/11/"
      },
      "version_group": {
        "name": "sun-moon",
        "url": "https://pokeapi.co/api/v2/version-group/17/"
      }
    },
    {
      "flavor_text": "\u4ee5\u8fc5\u96f7\u4e0d\u53ca\u63a9\u8033\u4e4b\u52bf\u6251\u5411\u5bf9\u624b\u3002\n\u5fc5\u5b9a\u80fd\u591f\u5148\u5236\u653b\u51fb\u3002",
      "language": {
        "name": "zh-Hans",
        "url": "https://pokeapi.co/api/v2/language/12/"
      },
      "version_group": {
        "name": "sun-moon",
        "url": "https://pokeapi.co/api/v2/version-group/17/"
      }
    },
    {
      "flavor_text": "\u3081\u306b\u3082\u3000\u3068\u307e\u3089\u306c\u3000\u3082\u306e\u3059\u3054\u3044\u3000\u306f\u3084\u3055\u3067\n\u3042\u3044\u3066\u306b\u3000\u3064\u3063\u3053\u3080\u3002\n\u304b\u306a\u3089\u305a\u3000\u305b\u3093\u305b\u3044\u3000\u3053\u3046\u3052\u304d\u3000\u3067\u304d\u308b\u3002",
      "language": {
        "name": "ja-Hrkt",
        "url": "https://pokeapi.co/api/v2/language/1/"
      },
      "version_group": {
        "name": "ultra-sun-ultra-moon",
        "url": "https://pokeapi.co/api/v2/version-group/18/"
      }
    },
    {
      "flavor_text": "\ub208\uc5d0 \ubcf4\uc774\uc9c0 \uc54a\ub294 \uad49\uc7a5\ud55c \uc18d\ub3c4\ub85c\n\uc0c1\ub300\uc5d0\uac8c \ub3cc\uc9c4\ud55c\ub2e4.\n\ubc18\ub4dc\uc2dc \uc120\uc81c\uacf5\uaca9\ud560 \uc218 \uc788\ub2e4.",
      "language": {
        "name": "ko",
        "url": "https://pokeapi.co/api/v2/language/3/"
      },
      "version_group": {
        "name": "ultra-sun-ultra-moon",
        "url": "https://pokeapi.co/api/v2/version-group/18/"
      }
    },
    {
      "flavor_text": "\u4ee5\u8fc5\u96f7\u4e0d\u53ca\u63a9\u8033\u4e4b\u52e2\n\u64b2\u5411\u5c0d\u624b\u3002\n\u5fc5\u5b9a\u80fd\u5920\u767c\u52d5\u5148\u5236\u653b\u64ca\u3002",
      "language": {
        "name": "zh-Hant",
        "url": "https://pokeapi.co/api/v2/language/4/"
      },
      "version_group": {
        "name": "ultra-sun-ultra-moon",
        "url": "https://pokeapi.co/api/v2/version-group/18/"
      }
    },
    {
      "flavor_text": "Le lanceur fonce sur l\u2019ennemi si rapidement qu\u2019on\nparvient \u00e0 peine \u00e0 le discerner. Frappe en priorit\u00e9.",
      "language": {
        "name": "fr",
        "url": "https://pokeapi.co/api/v2/language/5/"
      },
      "version_group": {
        "name": "ultra-sun-ultra-moon",
        "url": "https://pokeapi.co/api/v2/version-group/18/"
      }
    },
    {
      "flavor_text": "Sehr schneller Angriff mit hoher Erstschlagquote.",
      "language": {
        "name": "de",
        "url": "https://pokeapi.co/api/v2/language/6/"
      },
      "version_group": {
        "name": "ultra-sun-ultra-moon",
        "url": "https://pokeapi.co/api/v2/version-group/18/"
      }
    },
    {
      "flavor_text": "Ataca al objetivo a gran velocidad. Este movimiento\ntiene prioridad alta. ",
      "language": {
        "name": "es",
        "url": "https://pokeapi.co/api/v2/language/7/"
      },
      "version_group": {
        "name": "ultra-sun-ultra-moon",
        "url": "https://pokeapi.co/api/v2/version-group/18/"
      }
    },
    {
      "flavor_text": "Chi la usa colpisce a una tale velocit\u00e0 da rendersi\nquasi invisibile. Questa mossa ha priorit\u00e0 alta.",
      "language": {
        "name": "it",
        "url": "https://pokeapi.co/api/v2/language/8/"
      },
      "version_group": {
        "name": "ultra-sun-ultra-moon",
        "url": "https://pokeapi.co/api/v2/version-group/18/"
      }
    },
    {
      "flavor_text": "The user lunges at the target at a speed that makes\nit almost invisible. This move always goes first.",
      "language": {
        "name": "en",
        "url": "https://pokeapi.co/api/v2/language/9/"
      },
      "version_group": {
        "name": "ultra-sun-ultra-moon",
        "url": "https://pokeapi.co/api/v2/version-group/18/"
      }
    },
    {
      "flavor_text": "\u76ee\u306b\u3082\u3000\u7559\u307e\u3089\u306c\u3000\u3082\u306e\u3059\u3054\u3044\u3000\u901f\u3055\u3067\n\u76f8\u624b\u306b\u3000\u3064\u3063\u3053\u3080\u3002\n\u5fc5\u305a\u3000\u5148\u5236\u653b\u6483\u3000\u3067\u304d\u308b\u3002",
      "language": {
        "name": "ja",
        "url": "https://pokeapi.co/api/v2/language/11/"
      },
      "version_group": {
        "name": "ultra-sun-ultra-moon",
        "url": "https://pokeapi.co/api/v2/version-group/18/"
      }
    },
    {
      "flavor_text": "\u4ee5\u8fc5\u96f7\u4e0d\u53ca\u63a9\u8033\u4e4b\u52bf\u6251\u5411\u5bf9\u624b\u3002\n\u5fc5\u5b9a\u80fd\u591f\u5148\u5236\u653b\u51fb\u3002",
      "language": {
        "name": "zh-Hans",
        "url": "https://pokeapi.co/api/v2/language/12/"
      },
      "version_group": {
        "name": "ultra-sun-ultra-moon",
        "url": "https://pokeapi.co/api/v2/version-group/18/"
      }
    },
    {
      "flavor_text": "\u3081\u306b\u3082\u3000\u3068\u307e\u3089\u306c\u3000\u3082\u306e\u3059\u3054\u3044\u3000\u306f\u3084\u3055\u3067\n\u3042\u3044\u3066\u306b\u3000\u3064\u3063\u3053\u3080\u3002\n\u304b\u306a\u3089\u305a\u3000\u305b\u3093\u305b\u3044\u3000\u3053\u3046\u3052\u304d\u3000\u3067\u304d\u308b\u3002",
      "language": {
        "name": "ja-Hrkt",
        "url": "https://pokeapi.co/api/v2/language/1/"
      },
      "version_group": {
        "name": "lets-go-pikachu-lets-go-eevee",
        "url": "https://pokeapi.co/api/v2/version-group/19/"
      }
    },
    {
      "flavor_text": "\ub208\uc5d0 \ubcf4\uc774\uc9c0 \uc54a\ub294 \uad49\uc7a5\ud55c \uc18d\ub3c4\ub85c\n\uc0c1\ub300\uc5d0\uac8c \ub3cc\uc9c4\ud55c\ub2e4.\n\ubc18\ub4dc\uc2dc \uc120\uc81c\uacf5\uaca9\ud560 \uc218 \uc788\ub2e4.",
      "language": {
        "name": "ko",
        "url": "https://pokeapi.co/api/v2/language/3/"
      },
      "version_group": {
        "name": "lets-go-pikachu-lets-go-eevee",
        "url": "https://pokeapi.co/api/v2/version-group/19/"
      }
    },
    {
      "flavor_text": "\u4ee5\u8fc5\u96f7\u4e0d\u53ca\u63a9\u8033\u4e4b\u52e2\u885d\u649e\u5c0d\u624b\u3002\n\u5fc5\u5b9a\u80fd\u5920\u767c\u52d5\u5148\u5236\u653b\u64ca\u3002",
      "language": {
        "name": "zh-Hant",
        "url": "https://pokeapi.co/api/v2/language/4/"
      },
      "version_group": {
        "name": "lets-go-pikachu-lets-go-eevee",
        "url": "https://pokeapi.co/api/v2/version-group/19/"
      }
    },
    {
      "flavor_text": "Le lanceur fonce sur l\u2019ennemi si rapidement qu\u2019on\nparvient \u00e0 peine \u00e0 le discerner. Frappe en priorit\u00e9.",
      "language": {
        "name": "fr",
        "url": "https://pokeapi.co/api/v2/language/5/"
      },
      "version_group": {
        "name": "lets-go-pikachu-lets-go-eevee",
        "url": "https://pokeapi.co/api/v2/version-group/19/"
      }
    },
    {
      "flavor_text": "Sehr schneller Angriff mit hoher Erstschlagquote.",
      "language": {
        "name": "de",
        "url": "https://pokeapi.co/api/v2/language/6/"
      },
      "version_group": {
        "name": "lets-go-pikachu-lets-go-eevee",
        "url": "https://pokeapi.co/api/v2/version-group/19/"
      }
    },
    {
      "flavor_text": "Ataca al objetivo a gran velocidad. Este movimiento\ntiene prioridad alta. ",
      "language": {
        "name": "es",
        "url": "https://pokeapi.co/api/v2/language/7/"
      },
      "version_group": {
        "name": "lets-go-pikachu-lets-go-eevee",
        "url": "https://pokeapi.co/api/v2/version-group/19/"
      }
    },
    {
      "flavor_text": "Chi la usa colpisce a una tale velocit\u00e0 da rendersi\nquasi invisibile. Questa mossa ha priorit\u00e0 alta.",
      "language": {
        "name": "it",
        "url": "https://pokeapi.co/api/v2/language/8/"
      },
      "version_group": {
        "name": "lets-go-pikachu-lets-go-eevee",
        "url": "https://pokeapi.co/api/v2/version-group/19/"
      }
    },
    {
      "flavor_text": "The user lunges at the target at a speed that makes\nit almost invisible. This move always goes first.",
      "language": {
        "name": "en",
        "url": "https://pokeapi.co/api/v2/language/9/"
      },
      "version_group": {
        "name": "lets-go-pikachu-lets-go-eevee",
        "url": "https://pokeapi.co/api/v2/version-group/19/"
      }
    },
    {
      "flavor_text": "\u76ee\u306b\u3082\u3000\u7559\u307e\u3089\u306c\u3000\u3082\u306e\u3059\u3054\u3044\u3000\u901f\u3055\u3067\n\u76f8\u624b\u306b\u3000\u3064\u3063\u3053\u3080\u3002\n\u5fc5\u305a\u3000\u5148\u5236\u653b\u6483\u3000\u3067\u304d\u308b\u3002",
      "language": {
        "name": "ja",
        "url": "https://pokeapi.co/api/v2/language/11/"
      },
      "version_group": {
        "name": "lets-go-pikachu-lets-go-eevee",
        "url": "https://pokeapi.co/api/v2/version-group/19/"
      }
    },
    {
      "flavor_text": "\u4ee5\u8fc5\u96f7\u4e0d\u53ca\u63a9\u8033\u4e4b\u52bf\u6251\u5411\u5bf9\u624b\u3002\n\u5fc5\u5b9a\u80fd\u591f\u5148\u5236\u653b\u51fb\u3002",
      "language": {
        "name": "zh-Hans",
        "url": "https://pokeapi.co/api/v2/language/12/"
      },
      "version_group": {
        "name": "lets-go-pikachu-lets-go-eevee",
        "url": "https://pokeapi.co/api/v2/version-group/19/"
      }
    },
    {
      "flavor_text": "\u3081\u306b\u3082\u3000\u3068\u307e\u3089\u306c\u3000\u3082\u306e\u3059\u3054\u3044\u3000\u306f\u3084\u3055\u3067\n\u3042\u3044\u3066\u306b\u3000\u3064\u3063\u3053\u3080\u3002\n\u304b\u306a\u3089\u305a\u3000\u305b\u3093\u305b\u3044\u3000\u3053\u3046\u3052\u304d\u3000\u3067\u304d\u308b\u3002",
      "language": {
        "name": "ja-Hrkt",
        "url": "https://pokeapi.co/api/v2/language/1/"
      },
      "version_group": {
        "name": "sword-shield",
        "url": "https://pokeapi.co/api/v2/version-group/20/"
      }
    },
    {
      "flavor_text": "\ub208\uc5d0 \ubcf4\uc774\uc9c0 \uc54a\ub294 \uad49\uc7a5\ud55c \uc18d\ub3c4\ub85c\n\uc0c1\ub300\uc5d0\uac8c \ub3cc\uc9c4\ud55c\ub2e4.\n\ubc18\ub4dc\uc2dc \uc120\uc81c\uacf5\uaca9\ud560 \uc218 \uc788\ub2e4.",
      "language": {
        "name": "ko",
        "url": "https://pokeapi.co/api/v2/language/3/"
      },
      "version_group": {
        "name": "sword-shield",
        "url": "https://pokeapi.co/api/v2/version-group/20/"
      }
    },
    {
      "flavor_text": "\u4ee5\u8fc5\u96f7\u4e0d\u53ca\u63a9\u8033\u4e4b\u52e2\n\u64b2\u5411\u5c0d\u624b\u3002\n\u5fc5\u5b9a\u80fd\u5920\u767c\u52d5\u5148\u5236\u653b\u64ca\u3002",
      "language": {
        "name": "zh-Hant",
        "url": "https://pokeapi.co/api/v2/language/4/"
      },
      "version_group": {
        "name": "sword-shield",
        "url": "https://pokeapi.co/api/v2/version-group/20/"
      }
    },
    {
      "flavor_text": "Le lanceur fonce sur l\u2019ennemi si rapidement qu\u2019on\nparvient \u00e0 peine \u00e0 le discerner. Frappe en priorit\u00e9.",
      "language": {
        "name": "fr",
        "url": "https://pokeapi.co/api/v2/language/5/"
      },
      "version_group": {
        "name": "sword-shield",
        "url": "https://pokeapi.co/api/v2/version-group/20/"
      }
    },
    {
      "flavor_text": "Bei dieser Erstschlag-Attacke st\u00fcrzt sich der Anwender\nso schnell auf das Ziel, dass er quasi unsichtbar wird.",
      "language": {
        "name": "de",
        "url": "https://pokeapi.co/api/v2/language/6/"
      },
      "version_group": {
        "name": "sword-shield",
        "url": "https://pokeapi.co/api/v2/version-group/20/"
      }
    },
    {
      "flavor_text": "Ataca al objetivo a gran velocidad. Este movimiento\ntiene prioridad alta. ",
      "language": {
        "name": "es",
        "url": "https://pokeapi.co/api/v2/language/7/"
      },
      "version_group": {
        "name": "sword-shield",
        "url": "https://pokeapi.co/api/v2/version-group/20/"
      }
    },
    {
      "flavor_text": "Chi la usa colpisce a una tale velocit\u00e0 da rendersi\nquasi invisibile. Questa mossa ha priorit\u00e0 alta.",
      "language": {
        "name": "it",
        "url": "https://pokeapi.co/api/v2/language/8/"
      },
      "version_group": {
        "name": "sword-shield",
        "url": "https://pokeapi.co/api/v2/version-group/20/"
      }
    },
    {
      "flavor_text": "The user lunges at the target at a speed that makes\nit almost invisible. This move always goes first.",
      "language": {
        "name": "en",
        "url": "https://pokeapi.co/api/v2/language/9/"
      },
      "version_group": {
        "name": "sword-shield",
        "url": "https://pokeapi.co/api/v2/version-group/20/"
      }
    },
    {
      "flavor_text": "\u76ee\u306b\u3082\u3000\u7559\u307e\u3089\u306c\u3000\u3082\u306e\u3059\u3054\u3044\u3000\u901f\u3055\u3067\n\u76f8\u624b\u306b\u3000\u3064\u3063\u3053\u3080\u3002\n\u5fc5\u305a\u3000\u5148\u5236\u653b\u6483\u3000\u3067\u304d\u308b\u3002",
      "language": {
        "name": "ja",
        "url": "https://pokeapi.co/api/v2/language/11/"
      },
      "version_group": {
        "name": "sword-shield",
        "url": "https://pokeapi.co/api/v2/version-group/20/"
      }
    },
    {
      "flavor_text": "\u4ee5\u8fc5\u96f7\u4e0d\u53ca\u63a9\u8033\u4e4b\u52bf\u6251\u5411\u5bf9\u624b\u3002\n\u5fc5\u5b9a\u80fd\u591f\u5148\u5236\u653b\u51fb\u3002",
      "language": {
        "name": "zh-Hans",
        "url": "https://pokeapi.co/api/v2/language/12/"
      },
      "version_group": {
        "name": "sword-shield",
        "url": "https://pokeapi.co/api/v2/version-group/20/"
      }
    },
    {
      "flavor_text": "The user lunges at the target to deal damage, moving at a speed that makes it almost invisible. This also raises the user's action speed.",
      "language": {
        "name": "en",
        "url": "https://pokeapi.co/api/v2/language/9/"
      },
      "version_group": {
        "name": "legends-arceus",
        "url": "https://pokeapi.co/api/v2/version-group/24/"
      }
    },
    {
      "flavor_text": "The user lunges at the target to inflict damage, moving at blinding speed. This move always goes first.",
      "language": {
        "name": "en",
        "url": "https://pokeapi.co/api/v2/language/9/"
      },
      "version_group": {
        "name": "scarlet-violet",
        "url": "https://pokeapi.co/api/v2/version-group/25/"
      }
    }
  ],
  "generation": {
    "name": "generation-i",
    "url": "https://pokeapi.co/api/v2/generation/1/"
  },
  "id": 98,
  "learned_by_pokemon": [
    {
      "name": "pidgey",
      "url": "https://pokeapi.co/api/v2/pokemon/16/"
    },
    {
      "name": "pidgeotto",
      "url": "https://pokeapi.co/api/v2/pokemon/17/"
    },
    {
      "name": "pidgeot",
      "url": "https://pokeapi.co/api/v2/pokemon/18/"
    },
    {
      "name": "rattata",
      "url": "https://pokeapi.co/api/v2/pokemon/19/"
    },
    {
      "name": "raticate",
      "url": "https://pokeapi.co/api/v2/pokemon/20/"
    },
    {
      "name": "spearow",
      "url": "https://pokeapi.co/api/v2/pokemon/21/"
    },
    {
      "name": "fearow",
      "url": "https://pokeapi.co/api/v2/pokemon/22/"
    },
    {
      "name": "pikachu",
      "url": "https://pokeapi.co/api/v2/pokemon/25/"
    },
    {
      "name": "raichu",
      "url": "https://pokeapi.co/api/v2/pokemon/26/"
    },
    {
      "name": "vulpix",
      "url": "https://pokeapi.co/api/v2/pokemon/37/"
    },
    {
      "name": "ninetales",
      "url": "https://pokeapi.co/api/v2/pokemon/38/"
    },
    {
      "name": "zubat",
      "url": "https://pokeapi.co/api/v2/pokemon/41/"
    },
    {
      "name": "golbat",
      "url": "https://pokeapi.co/api/v2/pokemon/42/"
    },
    {
      "name": "ponyta",
      "url": "https://pokeapi.co/api/v2/pokemon/77/"
    },
    {
      "name": "rapidash",
      "url": "https://pokeapi.co/api/v2/pokemon/78/"
    },
    {
      "name": "farfetchd",
      "url": "https://pokeapi.co/api/v2/pokemon/83/"
    },
    {
      "name": "doduo",
      "url": "https://pokeapi.co/api/v2/pokemon/84/"
    },
    {
      "name": "dodrio",
      "url": "https://pokeapi.co/api/v2/pokemon/85/"
    },
    {
      "name": "goldeen",
      "url": "https://pokeapi.co/api/v2/pokemon/118/"
    },
    {
      "name": "seaking",
      "url": "https://pokeapi.co/api/v2/pokemon/119/"
    },
    {
      "name": "scyther",
      "url": "https://pokeapi.co/api/v2/pokemon/123/"
    },
    {
      "name": "electabuzz",
      "url": "https://pokeapi.co/api/v2/pokemon/125/"
    },
    {
      "name": "pinsir",
      "url": "https://pokeapi.co/api/v2/pokemon/127/"
    },
    {
      "name": "eevee",
      "url": "https://pokeapi.co/api/v2/pokemon/133/"
    },
    {
      "name": "vaporeon",
      "url": "https://pokeapi.co/api/v2/pokemon/134/"
    },
    {
      "name": "jolteon",
      "url": "https://pokeapi.co/api/v2/pokemon/135/"
    },
    {
      "name": "flareon",
      "url": "https://pokeapi.co/api/v2/pokemon/136/"
    },
    {
      "name": "cyndaquil",
      "url": "https://pokeapi.co/api/v2/pokemon/155/"
    },
    {
      "name": "quilava",
      "url": "https://pokeapi.co/api/v2/pokemon/156/"
    },
    {
      "name": "typhlosion",
      "url": "https://pokeapi.co/api/v2/pokemon/157/"
    },
    {
      "name": "sentret",
      "url": "https://pokeapi.co/api/v2/pokemon/161/"
    },
    {
      "name": "furret",
      "url": "https://pokeapi.co/api/v2/pokemon/162/"
    },
    {
      "name": "pichu",
      "url": "https://pokeapi.co/api/v2/pokemon/172/"
    },
    {
      "name": "natu",
      "url": "https://pokeapi.co/api/v2/pokemon/177/"
    },
    {
      "name": "aipom",
      "url": "https://pokeapi.co/api/v2/pokemon/190/"
    },
    {
      "name": "yanma",
      "url": "https://pokeapi.co/api/v2/pokemon/193/"
    },
    {
      "name": "espeon",
      "url": "https://pokeapi.co/api/v2/pokemon/196/"
    },
    {
      "name": "umbreon",
      "url": "https://pokeapi.co/api/v2/pokemon/197/"
    },
    {
      "name": "murkrow",
      "url": "https://pokeapi.co/api/v2/pokemon/198/"
    },
    {
      "name": "gligar",
      "url": "https://pokeapi.co/api/v2/pokemon/207/"
    },
    {
      "name": "scizor",
      "url": "https://pokeapi.co/api/v2/pokemon/212/"
    },
    {
      "name": "sneasel",
      "url": "https://pokeapi.co/api/v2/pokemon/215/"
    },
    {
      "name": "delibird",
      "url": "https://pokeapi.co/api/v2/pokemon/225/"
    },
    {
      "name": "hitmontop",
      "url": "https://pokeapi.co/api/v2/pokemon/237/"
    },
    {
      "name": "elekid",
      "url": "https://pokeapi.co/api/v2/pokemon/239/"
    },
    {
      "name": "raikou",
      "url": "https://pokeapi.co/api/v2/pokemon/243/"
    },
    {
      "name": "treecko",
      "url": "https://pokeapi.co/api/v2/pokemon/252/"
    },
    {
      "name": "grovyle",
      "url": "https://pokeapi.co/api/v2/pokemon/253/"
    },
    {
      "name": "sceptile",
      "url": "https://pokeapi.co/api/v2/pokemon/254/"
    },
    {
      "name": "torchic",
      "url": "https://pokeapi.co/api/v2/pokemon/255/"
    },
    {
      "name": "combusken",
      "url": "https://pokeapi.co/api/v2/pokemon/256/"
    },
    {
      "name": "blaziken",
      "url": "https://pokeapi.co/api/v2/pokemon/257/"
    },
    {
      "name": "seedot",
      "url": "https://pokeapi.co/api/v2/pokemon/273/"
    },
    {
      "name": "nuzleaf",
      "url": "https://pokeapi.co/api/v2/pokemon/274/"
    },
    {
      "name": "shiftry",
      "url": "https://pokeapi.co/api/v2/pokemon/275/"
    },
    {
      "name": "taillow",
      "url": "https://pokeapi.co/api/v2/pokemon/276/"
    },
    {
      "name": "swellow",
      "url": "https://pokeapi.co/api/v2/pokemon/277/"
    },
    {
      "name": "wingull",
      "url": "https://pokeapi.co/api/v2/pokemon/278/"
    },
    {
      "name": "pelipper",
      "url": "https://pokeapi.co/api/v2/pokemon/279/"
    },
    {
      "name": "surskit",
      "url": "https://pokeapi.co/api/v2/pokemon/283/"
    },
    {
      "name": "masquerain",
      "url": "https://pokeapi.co/api/v2/pokemon/284/"
    },
    {
      "name": "electrike",
      "url": "https://pokeapi.co/api/v2/pokemon/309/"
    },
    {
      "name": "manectric",
      "url": "https://pokeapi.co/api/v2/pokemon/310/"
    },
    {
      "name": "plusle",
      "url": "https://pokeapi.co/api/v2/pokemon/311/"
    },
    {
      "name": "minun",
      "url": "https://pokeapi.co/api/v2/pokemon/312/"
    },
    {
      "name": "volbeat",
      "url": "https://pokeapi.co/api/v2/pokemon/313/"
    },
    {
      "name": "illumise",
      "url": "https://pokeapi.co/api/v2/pokemon/314/"
    },
    {
      "name": "trapinch",
      "url": "https://pokeapi.co/api/v2/pokemon/328/"
    },
    {
      "name": "vibrava",
      "url": "https://pokeapi.co/api/v2/pokemon/329/"
    },
    {
      "name": "flygon",
      "url": "https://pokeapi.co/api/v2/pokemon/330/"
    },
    {
      "name": "zangoose",
      "url": "https://pokeapi.co/api/v2/pokemon/335/"
    },
    {
      "name": "absol",
      "url": "https://pokeapi.co/api/v2/pokemon/359/"
    },
    {
      "name": "starly",
      "url": "https://pokeapi.co/api/v2/pokemon/396/"
    },
    {
      "name": "staravia",
      "url": "https://pokeapi.co/api/v2/pokemon/397/"
    },
    {
      "name": "staraptor",
      "url": "https://pokeapi.co/api/v2/pokemon/398/"
    },
    {
      "name": "bidoof",
      "url": "https://pokeapi.co/api/v2/pokemon/399/"
    },
    {
      "name": "shinx",
      "url": "https://pokeapi.co/api/v2/pokemon/403/"
    },
    {
      "name": "luxio",
      "url": "https://pokeapi.co/api/v2/pokemon/404/"
    },
    {
      "name": "luxray",
      "url": "https://pokeapi.co/api/v2/pokemon/405/"
    },
    {
      "name": "pachirisu",
      "url": "https://pokeapi.co/api/v2/pokemon/417/"
    },
    {
      "name": "buizel",
      "url": "https://pokeapi.co/api/v2/pokemon/418/"
    },
    {
      "name": "floatzel",
      "url": "https://pokeapi.co/api/v2/pokemon/419/"
    },
    {
      "name": "ambipom",
      "url": "https://pokeapi.co/api/v2/pokemon/424/"
    },
    {
      "name": "buneary",
      "url": "https://pokeapi.co/api/v2/pokemon/427/"
    },
    {
      "name": "lopunny",
      "url": "https://pokeapi.co/api/v2/pokemon/428/"
    },
    {
      "name": "glameow",
      "url": "https://pokeapi.co/api/v2/pokemon/431/"
    },
    {
      "name": "riolu",
      "url": "https://pokeapi.co/api/v2/pokemon/447/"
    },
    {
      "name": "lucario",
      "url": "https://pokeapi.co/api/v2/pokemon/448/"
    },
    {
      "name": "weavile",
      "url": "https://pokeapi.co/api/v2/pokemon/461/"
    },
    {
      "name": "electivire",
      "url": "https://pokeapi.co/api/v2/pokemon/466/"
    },
    {
      "name": "yanmega",
      "url": "https://pokeapi.co/api/v2/pokemon/469/"
    },
    {
      "name": "leafeon",
      "url": "https://pokeapi.co/api/v2/pokemon/470/"
    },
    {
      "name": "glaceon",
      "url": "https://pokeapi.co/api/v2/pokemon/471/"
    },
    {
      "name": "gliscor",
      "url": "https://pokeapi.co/api/v2/pokemon/472/"
    },
    {
      "name": "darkrai",
      "url": "https://pokeapi.co/api/v2/pokemon/491/"
    },
    {
      "name": "shaymin-land",
      "url": "https://pokeapi.co/api/v2/pokemon/492/"
    },
    {
      "name": "arceus",
      "url": "https://pokeapi.co/api/v2/pokemon/493/"
    },
    {
      "name": "victini",
      "url": "https://pokeapi.co/api/v2/pokemon/494/"
    },
    {
      "name": "purrloin",
      "url": "https://pokeapi.co/api/v2/pokemon/509/"
    },
    {
      "name": "pidove",
      "url": "https://pokeapi.co/api/v2/pokemon/519/"
    },
    {
      "name": "tranquill",
      "url": "https://pokeapi.co/api/v2/pokemon/520/"
    },
    {
      "name": "unfezant",
      "url": "https://pokeapi.co/api/v2/pokemon/521/"
    },
    {
      "name": "blitzle",
      "url": "https://pokeapi.co/api/v2/pokemon/522/"
    },
    {
      "name": "zebstrika",
      "url": "https://pokeapi.co/api/v2/pokemon/523/"
    },
    {
      "name": "archen",
      "url": "https://pokeapi.co/api/v2/pokemon/566/"
    },
    {
      "name": "archeops",
      "url": "https://pokeapi.co/api/v2/pokemon/567/"
    },
    {
      "name": "emolga",
      "url": "https://pokeapi.co/api/v2/pokemon/587/"
    },
    {
      "name": "accelgor",
      "url": "https://pokeapi.co/api/v2/pokemon/617/"
    },
    {
      "name": "rufflet",
      "url": "https://pokeapi.co/api/v2/pokemon/627/"
    },
    {
      "name": "cobalion",
      "url": "https://pokeapi.co/api/v2/pokemon/638/"
    },
    {
      "name": "terrakion",
      "url": "https://pokeapi.co/api/v2/pokemon/639/"
    },
    {
      "name": "virizion",
      "url": "https://pokeapi.co/api/v2/pokemon/640/"
    },
    {
      "name": "meloetta-aria",
      "url": "https://pokeapi.co/api/v2/pokemon/648/"
    },
    {
      "name": "genesect",
      "url": "https://pokeapi.co/api/v2/pokemon/649/"
    },
    {
      "name": "froakie",
      "url": "https://pokeapi.co/api/v2/pokemon/656/"
    },
    {
      "name": "frogadier",
      "url": "https://pokeapi.co/api/v2/pokemon/657/"
    },
    {
      "name": "greninja",
      "url": "https://pokeapi.co/api/v2/pokemon/658/"
    },
    {
      "name": "bunnelby",
      "url": "https://pokeapi.co/api/v2/pokemon/659/"
    },
    {
      "name": "diggersby",
      "url": "https://pokeapi.co/api/v2/pokemon/660/"
    },
    {
      "name": "fletchling",
      "url": "https://pokeapi.co/api/v2/pokemon/661/"
    },
    {
      "name": "fletchinder",
      "url": "https://pokeapi.co/api/v2/pokemon/662/"
    },
    {
      "name": "talonflame",
      "url": "https://pokeapi.co/api/v2/pokemon/663/"
    },
    {
      "name": "helioptile",
      "url": "https://pokeapi.co/api/v2/pokemon/694/"
    },
    {
      "name": "heliolisk",
      "url": "https://pokeapi.co/api/v2/pokemon/695/"
    },
    {
      "name": "sylveon",
      "url": "https://pokeapi.co/api/v2/pokemon/700/"
    },
    {
      "name": "lycanroc-midday",
      "url": "https://pokeapi.co/api/v2/pokemon/745/"
    },
    {
      "name": "passimian",
      "url": "https://pokeapi.co/api/v2/pokemon/766/"
    },
    {
      "name": "tapu-koko",
      "url": "https://pokeapi.co/api/v2/pokemon/785/"
    },
    {
      "name": "zeraora",
      "url": "https://pokeapi.co/api/v2/pokemon/807/"
    },
    {
      "name": "scorbunny",
      "url": "https://pokeapi.co/api/v2/pokemon/813/"
    },
    {
      "name": "raboot",
      "url": "https://pokeapi.co/api/v2/pokemon/814/"
    },
    {
      "name": "cinderace",
      "url": "https://pokeapi.co/api/v2/pokemon/815/"
    },
    {
      "name": "nickit",
      "url": "https://pokeapi.co/api/v2/pokemon/827/"
    },
    {
      "name": "thievul",
      "url": "https://pokeapi.co/api/v2/pokemon/828/"
    },
    {
      "name": "morpeko-full-belly",
      "url": "https://pokeapi.co/api/v2/pokemon/877/"
    },
    {
      "name": "dreepy",
      "url": "https://pokeapi.co/api/v2/pokemon/885/"
    },
    {
      "name": "drakloak",
      "url": "https://pokeapi.co/api/v2/pokemon/886/"
    },
    {
      "name": "dragapult",
      "url": "https://pokeapi.co/api/v2/pokemon/887/"
    },
    {
      "name": "zacian",
      "url": "https://pokeapi.co/api/v2/pokemon/888/"
    },
    {
      "name": "zamazenta",
      "url": "https://pokeapi.co/api/v2/pokemon/889/"
    },
    {
      "name": "kleavor",
      "url": "https://pokeapi.co/api/v2/pokemon/900/"
    },
    {
      "name": "sneasler",
      "url": "https://pokeapi.co/api/v2/pokemon/903/"
    },
    {
      "name": "sprigatito",
      "url": "https://pokeapi.co/api/v2/pokemon/906/"
    },
    {
      "name": "floragato",
      "url": "https://pokeapi.co/api/v2/pokemon/907/"
    },
    {
      "name": "meowscarada",
      "url": "https://pokeapi.co/api/v2/pokemon/908/"
    },
    {
      "name": "pawmi",
      "url": "https://pokeapi.co/api/v2/pokemon/921/"
    },
    {
      "name": "pawmo",
      "url": "https://pokeapi.co/api/v2/pokemon/922/"
    },
    {
      "name": "pawmot",
      "url": "https://pokeapi.co/api/v2/pokemon/923/"
    },
    {
      "name": "squawkabilly-green-plumage",
      "url": "https://pokeapi.co/api/v2/pokemon/931/"
    },
    {
      "name": "wattrel",
      "url": "https://pokeapi.co/api/v2/pokemon/940/"
    },
    {
      "name": "kilowattrel",
      "url": "https://pokeapi.co/api/v2/pokemon/941/"
    },
    {
      "name": "flittle",
      "url": "https://pokeapi.co/api/v2/pokemon/955/"
    },
    {
      "name": "espathra",
      "url": "https://pokeapi.co/api/v2/pokemon/956/"
    },
    {
      "name": "cyclizar",
      "url": "https://pokeapi.co/api/v2/pokemon/967/"
    },
    {
      "name": "iron-leaves",
      "url": "https://pokeapi.co/api/v2/pokemon/1010/"
    },
    {
      "name": "fezandipiti",
      "url": "https://pokeapi.co/api/v2/pokemon/1016/"
    },
    {
      "name": "ogerpon",
      "url": "https://pokeapi.co/api/v2/pokemon/1017/"
    },
    {
      "name": "iron-boulder",
      "url": "https://pokeapi.co/api/v2/pokemon/1022/"
    },
    {
      "name": "shaymin-sky",
      "url": "https://pokeapi.co/api/v2/pokemon/10006/"
    },
    {
      "name": "meloetta-pirouette",
      "url": "https://pokeapi.co/api/v2/pokemon/10018/"
    },
    {
      "name": "pinsir-mega",
      "url": "https://pokeapi.co/api/v2/pokemon/10040/"
    },
    {
      "name": "scizor-mega",
      "url": "https://pokeapi.co/api/v2/pokemon/10046/"
    },
    {
      "name": "blaziken-mega",
      "url": "https://pokeapi.co/api/v2/pokemon/10050/"
    },
    {
      "name": "manectric-mega",
      "url": "https://pokeapi.co/api/v2/pokemon/10055/"
    },
    {
      "name": "absol-mega",
      "url": "https://pokeapi.co/api/v2/pokemon/10057/"
    },
    {
      "name": "lucario-mega",
      "url": "https://pokeapi.co/api/v2/pokemon/10059/"
    },
    {
      "name": "sceptile-mega",
      "url": "https://pokeapi.co/api/v2/pokemon/10065/"
    },
    {
      "name": "pidgeot-mega",
      "url": "https://pokeapi.co/api/v2/pokemon/10073/"
    },
    {
      "name": "pikachu-rock-star",
      "url": "https://pokeapi.co/api/v2/pokemon/10080/"
    },
    {
      "name": "pikachu-belle",
      "url": "https://pokeapi.co/api/v2/pokemon/10081/"
    },
    {
      "name": "pikachu-pop-star",
      "url": "https://pokeapi.co/api/v2/pokemon/10082/"
    },
    {
      "name": "pikachu-phd",
      "url": "https://pokeapi.co/api/v2/pokemon/10083/"
    },
    {
      "name": "pikachu-libre",
      "url": "https://pokeapi.co/api/v2/pokemon/10084/"
    },
    {
      "name": "pikachu-cosplay",
      "url": "https://pokeapi.co/api/v2/pokemon/10085/"
    },
    {
      "name": "lopunny-mega",
      "url": "https://pokeapi.co/api/v2/pokemon/10088/"
    },
    {
      "name": "rattata-alola",
      "url": "https://pokeapi.co/api/v2/pokemon/10091/"
    },
    {
      "name": "raticate-alola",
      "url": "https://pokeapi.co/api/v2/pokemon/10092/"
    },
    {
      "name": "raticate-totem-alola",
      "url": "https://pokeapi.co/api/v2/pokemon/10093/"
    },
    {
      "name": "pikachu-original-cap",
      "url": "https://pokeapi.co/api/v2/pokemon/10094/"
    },
    {
      "name": "pikachu-hoenn-cap",
      "url": "https://pokeapi.co/api/v2/pokemon/10095/"
    },
    {
      "name": "pikachu-sinnoh-cap",
      "url": "https://pokeapi.co/api/v2/pokemon/10096/"
    },
    {
      "name": "pikachu-unova-cap",
      "url": "https://pokeapi.co/api/v2/pokemon/10097/"
    },
    {
      "name": "pikachu-kalos-cap",
      "url": "https://pokeapi.co/api/v2/pokemon/10098/"
    },
    {
      "name": "pikachu-alola-cap",
      "url": "https://pokeapi.co/api/v2/pokemon/10099/"
    },
    {
      "name": "raichu-alola",
      "url": "https://pokeapi.co/api/v2/pokemon/10100/"
    },
    {
      "name": "greninja-battle-bond",
      "url": "https://pokeapi.co/api/v2/pokemon/10116/"
    },
    {
      "name": "greninja-ash",
      "url": "https://pokeapi.co/api/v2/pokemon/10117/"
    },
    {
      "name": "pikachu-partner-cap",
      "url": "https://pokeapi.co/api/v2/pokemon/10148/"
    },
    {
      "name": "lycanroc-dusk",
      "url": "https://pokeapi.co/api/v2/pokemon/10152/"
    },
    {
      "name": "pikachu-starter",
      "url": "https://pokeapi.co/api/v2/pokemon/10158/"
    },
    {
      "name": "eevee-starter",
      "url": "https://pokeapi.co/api/v2/pokemon/10159/"
    },
    {
      "name": "pikachu-world-cap",
      "url": "https://pokeapi.co/api/v2/pokemon/10160/"
    },
    {
      "name": "rapidash-galar",
      "url": "https://pokeapi.co/api/v2/pokemon/10163/"
    },
    {
      "name": "farfetchd-galar",
      "url": "https://pokeapi.co/api/v2/pokemon/10166/"
    },
    {
      "name": "morpeko-hangry",
      "url": "https://pokeapi.co/api/v2/pokemon/10187/"
    },
    {
      "name": "zacian-crowned",
      "url": "https://pokeapi.co/api/v2/pokemon/10188/"
    },
    {
      "name": "zamazenta-crowned",
      "url": "https://pokeapi.co/api/v2/pokemon/10189/"
    },
    {
      "name": "typhlosion-hisui",
      "url": "https://pokeapi.co/api/v2/pokemon/10233/"
    },
    {
      "name": "sneasel-hisui",
      "url": "https://pokeapi.co/api/v2/pokemon/10235/"
    },
    {
      "name": "braviary-hisui",
      "url": "https://pokeapi.co/api/v2/pokemon/10240/"
    },
    {
      "name": "squawkabilly-blue-plumage",
      "url": "https://pokeapi.co/api/v2/pokemon/10260/"
    },
    {
      "name": "squawkabilly-yellow-plumage",
      "url": "https://pokeapi.co/api/v2/pokemon/10261/"
    },
    {
      "name": "squawkabilly-white-plumage",
      "url": "https://pokeapi.co/api/v2/pokemon/10262/"
    },
    {
      "name": "ogerpon-wellspring-mask",
      "url": "https://pokeapi.co/api/v2/pokemon/10273/"
    },
    {
      "name": "ogerpon-hearthflame-mask",
      "url": "https://pokeapi.co/api/v2/pokemon/10274/"
    },
    {
      "name": "ogerpon-cornerstone-mask",
      "url": "https://pokeapi.co/api/v2/pokemon/10275/"
    }
  ],
  "machines": [],
  "meta": {
    "ailment": {
      "name": "none",
      "url": "https://pokeapi.co/api/v2/move-ailment/0/"
    },
    "ailment_chance": 0,
    "category": {
      "name": "damage",
      "url": "https://pokeapi.co/api/v2/move-category/0/"
    },
    "crit_rate": 0,
    "drain": 0,
    "flinch_chance": 0,
    "healing": 0,
    "max_hits": null,
    "max_turns": null,
    "min_hits": null,
    "min_turns": null,
    "stat_chance": 0
  },
  "name": "quick-attack",
  "names": [
    {
      "language": {
        "name": "ja-Hrkt",
        "url": "https://pokeapi.co/api/v2/language/1/"
      },
      "name": "\u3067\u3093\u3053\u3046\u305b\u3063\u304b"
    },
    {
      "language": {
        "name": "ko",
        "url": "https://pokeapi.co/api/v2/language/3/"
      },
      "name": "\uc804\uad11\uc11d\ud654"
    },
    {
      "language": {
        "name": "zh-Hant",
        "url": "https://pokeapi.co/api/v2/language/4/"
      },
      "name": "\u96fb\u5149\u4e00\u9583"
    },
    {
      "language": {
        "name": "fr",
        "url": "https://pokeapi.co/api/v2/language/5/"
      },
      "name": "Vive-Attaque"
    },
    {
      "language": {
        "name": "de",
        "url": "https://pokeapi.co/api/v2/language/6/"
      },
      "name": "Ruckzuckhieb"
    },
    {
      "language": {
        "name": "es",
        "url": "https://pokeapi.co/api/v2/language/7/"
      },
      "name": "Ataque R\u00e1pido"
    },
    {
      "language": {
        "name": "it",
        "url": "https://pokeapi.co/api/v2/language/8/"
      },
      "name": "Attacco Rapido"
    },
    {
      "language": {
        "name": "en",
        "url": "https://pokeapi.co/api/v2/language/9/"
      },
      "name": "Quick Attack"
    },
    {
      "language": {
        "name": "ja",
        "url": "https://pokeapi.co/api/v2/language/11/"
      },
      "name": "\u3067\u3093\u3053\u3046\u305b\u3063\u304b"
    },
    {
      "language": {
        "name": "zh-Hans",
        "url": "https://pokeapi.co/api/v2/language/12/"
      },
      "name": "\u7535\u5149\u4e00\u95ea"
    }
  ],
  "past_values": [],
  "power": 40,
  "pp": 30,
  "priority": 1,
  "stat_changes": [],
  "super_contest_effect": {
    "url": "https://pokeapi.co/api/v2/super-contest-effect/1/"
  },
  "target": {
    "name": "selected-pokemon",
    "url": "https://pokeapi.co/api/v2/move-target/10/"
  },
  "type": {
    "name": "normal",
    "url": "https://pokeapi.co/api/v2/type/1/"
  }
}