{
  "accuracy": 100,
  "contest_combos": null,
  "contest_effect": null,
  "contest_type": null,
  "damage_class": {
    "name": "physical",
    "url": "https://pokeapi.co/api/v2/move-damage-class/2/"
  },
  "effect_chance": 100,
  "effect_changes": [],
  "effect_entries": [],
  "flavor_text_entries": [
    {
      "flavor_text": "\u307b\u307b\u3076\u304f\u308d\u306b\u3000\u305f\u3081\u305f\u3000\u30a8\u30cd\u30eb\u30ae\u30fc\u3067\n\u3053\u3046\u3052\u304d\u3057\u3000\u3058\u3076\u3093\u306e\u3000\u3059\u3070\u3084\u3055\u3092\u3000\u3042\u3052\u308b\u3002\n\u30e2\u30eb\u30da\u30b3\u306e\u3000\u3059\u304c\u305f\u3067\u3000\u30bf\u30a4\u30d7\u304c\u3000\u304b\u308f\u308b\u3002",
      "language": {
        "name": "ja-Hrkt",
        "url": "https://pokeapi.co/api/v2/language/1/"
      },
      "version_group": {
        "name": "sword-shield",
        "url": "https://pokeapi.co/api/v2/version-group/20/"
      }
    },
    {
      "flavor_text": "\ubcfc\uc8fc\uba38\ub2c8\uc5d0 \uc800\uc7a5\ud574\ub454 \uc5d0\ub108\uc9c0\ub85c\n\uacf5\uaca9\ud558\uace0 \uc790\uc2e0\uc758 \uc2a4\ud53c\ub4dc\ub97c \uc62c\ub9b0\ub2e4.\n\ubaa8\ub974\ud398\ucf54\uc758 \ubaa8\uc2b5\uc5d0 \ub530\ub77c \ud0c0\uc785\uc774 \ubc14\ub010\ub2e4.",
      "language": {
        "name": "ko",
        "url": "https://pokeapi.co/api/v2/language/3/"
      },
      "version_group": {
        "name": "sword-shield",
        "url": "https://pokeapi.co/api/v2/version-group/20/"
      }
    },
    {
      "flavor_text": "\u7528\u5132\u5b58\u5728\u9830\u56ca\u4e2d\u7684\u80fd\u91cf\u9032\u884c\u653b\u64ca\uff0c\n\u4e26\u63d0\u9ad8\u81ea\u5df1\u7684\u901f\u5ea6\u3002\u62db\u5f0f\u5c6c\u6027\n\u6703\u96a8\u8457\u83ab\u9b6f\u8c9d\u53ef\u7684\u6a23\u5b50\u800c\u6539\u8b8a\u3002",
      "language": {
        "name": "zh-Hant",
        "url": "https://pokeapi.co/api/v2/language/4/"
      },
      "version_group": {
        "name": "sword-shield",
        "url": "https://pokeapi.co/api/v2/version-group/20/"
      }
    },
    {
      "flavor_text": "Morpeko lib\u00e8re l\u2019\u00e9nergie stock\u00e9e dans ses joues\npour attaquer et augmenter sa Vitesse. Le type de cette\ncapacit\u00e9 change en fonction de la forme de Morpeko.",
      "language": {
        "name": "fr",
        "url": "https://pokeapi.co/api/v2/language/5/"
      },
      "version_group": {
        "name": "sword-shield",
        "url": "https://pokeapi.co/api/v2/version-group/20/"
      }
    },
    {
      "flavor_text": "Mithilfe der in den Backentaschen gespeicherten Energie\ngreift der Anwender an und erh\u00f6ht seine Initiative.\nDer Typ der Attacke h\u00e4ngt von Morpekos Form ab.",
      "language": {
        "name": "de",
        "url": "https://pokeapi.co/api/v2/language/6/"
      },
      "version_group": {
        "name": "sword-shield",
        "url": "https://pokeapi.co/api/v2/version-group/20/"
      }
    },
    {
      "flavor_text": "La energ\u00eda que acumula en las mejillas le sirve para\natacar y aumentar su Velocidad. Este movimiento\ncambia de tipo seg\u00fan la forma que adopte Morpeko.",
      "language": {
        "name": "es",
        "url": "https://pokeapi.co/api/v2/language/7/"
      },
      "version_group": {
        "name": "sword-shield",
        "url": "https://pokeapi.co/api/v2/version-group/20/"
      }
    },
    {
      "flavor_text": "Chi la usa emette l\u2019energia accumulata nelle guance per\nattaccare e aumentare la propria Velocit\u00e0. Il tipo della\nmossa cambia in base alla forma assunta da Morpeko.",
      "language": {
        "name": "it",
        "url": "https://pokeapi.co/api/v2/language/8/"
      },
      "version_group": {
        "name": "sword-shield",
        "url": "https://pokeapi.co/api/v2/version-group/20/"
      }
    },
    {
      "flavor_text": "Morpeko attacks and raises its Speed with the energy\nstored in its cheeks. This move\u2019s type changes\ndepending on the user\u2019s form.",
      "language": {
        "name": "en",
        "url": "https://pokeapi.co/api/v2/language/9/"
      },
      "version_group": {
        "name": "sword-shield",
        "url": "https://pokeapi.co/api/v2/version-group/20/"
      }
    },
    {
      "flavor_text": "\u307b\u307b\u3076\u304f\u308d\u306b\u3000\u6e9c\u3081\u305f\u3000\u30a8\u30cd\u30eb\u30ae\u30fc\u3067\n\u653b\u6483\u3057\u3000\u81ea\u5206\u306e\u3000\u7d20\u65e9\u3055\u3092\u3000\u3042\u3052\u308b\u3002\n\u30e2\u30eb\u30da\u30b3\u306e\u3000\u59ff\u3067\u3000\u30bf\u30a4\u30d7\u304c\u3000\u5909\u308f\u308b\u3002",
      "language": {
        "name": "ja",
        "url": "https://pokeapi.co/api/v2/language/11/"
      },
      "version_group": {
        "name": "sword-shield",
        "url": "https://pokeapi.co/api/v2/version-group/20/"
      }
    },
    {
      "flavor_text": "\u7528\u50a8\u5b58\u5728\u988a\u56ca\u91cc\u7684\u80fd\u91cf\n\u8fdb\u884c\u653b\u51fb\uff0c\u5e76\u63d0\u9ad8\u81ea\u5df1\u7684\u901f\u5ea6\u3002\n\u5176\u5c5e\u6027\u4f1a\u968f\u7740\u83ab\u9c81\u8d1d\u53ef\u7684\u6837\u5b50\u800c\u6539\u53d8\u3002",
      "language": {
        "name": "zh-Hans",
        "url": "https://pokeapi.co/api/v2/language/12/"
      },
      "version_group": {
        "name": "sword-shield",
        "url": "https://pokeapi.co/api/v2/version-group/20/"
      }
    },
    {
      "flavor_text": "Morpeko attacks and raises its Speed with the energy stored in its cheeks. This move's type changes depending on the user's form.",
      "language": {
        "name": "en",
        "url": "https://pokeapi.co/api/v2/language/9/"
      },
      "version_group": {
        "name": "legends-arceus",
        "url": "https://pokeapi.co/api/v2/version-group/24/"
      }
    },
    {
      "flavor_text": "Morpeko attacks and boosts its Speed stat with the energy stored in its cheeks. This move's type changes depending on the user's form.",
      "language": {
        "name": "en",
        "url": "https://pokeapi.co/api/v2/language/9/"
      },
      "version_group": {
        "name": "scarlet-violet",
        "url": "https://pokeapi.co/api/v2/version-group/25/"
      }
    }
  ],
  "generation": {
    "name": "generation-viii",
    "url": "https://pokeapi.co/api/v2/generation/8/"
  },
  "id": 783,
  "learned_by_pokemon": [
    {
      "name": "morpeko-full-belly",
      "url": "https://pokeapi.co/api/v2/pokemon/877/"
    },
    {
      "name": "morpeko-hangry",
      "url": "https://pokeapi.co/api/v2/pokemon/10187/"
    }
  ],
  "machines": [],
  "meta": {
    "ailment": {
      "name": "none",
      "url": "https://pokeapi.co/api/v2/move-ailment/0/"
    },
    "ailment_chance": 0,
    "category": {
      "name": "damage+raise",
      "url": "https://pokeapi.co/api/v2/move-category/7/"
    },
    "crit_rate": 0,
    "drain": 0,
    "flinch_chance": 0,
    "healing": 0,
    "max_hits": null,
    "max_turns": null,
    "min_hits": null,
    "min_turns": null,
    "stat_chance": 100
  },
  "name": "aura-wheel",
  "names": [
    {
      "language": {
        "name": "ja-Hrkt",
        "url": "https://pokeapi.co/api/v2/language/1/"
      },
      "name": "\u30aa\u30fc\u30e9\u3050\u308b\u307e"
    },
    {
      "language": {
        "name": "ko",
        "url": "https://pokeapi.co/api/v2/language/3/"
      },
      "name": "\uc624\ub77c\ud720"
    },
    {
      "language": {
        "name": "zh-Hant",
        "url": "https://pokeapi.co/api/v2/language/4/"
      },
      "name": "\u6c23\u5834\u8f2a"
    },
    {
      "language": {
        "name": "fr",
        "url": "https://pokeapi.co/api/v2/language/5/"
      },
      "name": "Roue Libre"
    },
    {
      "language": {
        "name": "de",
        "url": "https://pokeapi.co/api/v2/language/6/"
      },
      "name": "Aura-Rad"
    },
    {
      "language": {
        "name": "es",
        "url": "https://pokeapi.co/api/v2/language/7/"
      },
      "name": "Rueda Aural"
    },
    {
      "language": {
        "name": "it",
        "url": "https://pokeapi.co/api/v2/language/8/"
      },
      "name": "Ruota d\u2019Aura"
    },
    {
      "language": {
        "name": "en",
        "url": "https://pokeapi.co/api/v2/language/9/"
      },
      "name": "Aura Wheel"
    },
    {
      "language": {
        "name": "ja",
        "url": "https://pokeapi.co/api/v2/language/11/"
      },
      "name": "\u30aa\u30fc\u30e9\u3050\u308b\u307e"
    },
    {
      "language": {
        "name": "zh-Hans",
        "url": "https://pokeapi.co/api/v2/language/12/"
      },
      "name": "\u6c14\u573a\u8f6e"
    }
  ],
  "past_values": [],
  "power": 110,
  "pp": 10,
  "priority": 0,
  "stat_changes": [
    {
      "change": 1,
      "stat": {
        "name": "speed",
        "url": "https://pokeapi.co/api/v2/stat/6/"
      }
    }
  ],
  "super_contest_effect": null,
  "target": {
    "name": "selected-pokemon",
    "url": "https://pokeapi.co/api/v2/move-target/10/"
  },
  "type": {
    "name": "electric",
    "url": "https://pokeapi.co/api/v2/type/13/"
  }
}