{
  "accuracy": 100,
  "contest_combos": null,
  "contest_effect": null,
  "contest_type": null,
  "damage_class": {
    "name": "physical",
    "url": "https://pokeapi.co/api/v2/move-damage-class/2/"
  },
  "effect_chance": 100,
  "effect_changes": [],
  "effect_entries": [
    {
      "effect": "Inflicts regular damage.  Has a 100% chance to paralyze the target.",
      "language": {
        "name": "en",
        "url": "https://pokeapi.co/api/v2/language/9/"
      },
      "short_effect": "Has a 100% chance to paralyze the target."
    }
  ],
  "flavor_text_entries": [
    {
      "flavor_text": "\u3067\u3093\u304d\u3092\u3000\u304a\u3073\u305f\u3000\u307b\u3063\u307a\u3092\n\u3059\u308a\u3064\u3051\u3066\u3000\u3053\u3046\u3052\u304d\u3002\n\u3042\u3044\u3066\u3092\u3000\u307e\u3072\u3000\u3058\u3087\u3046\u305f\u3044\u306b\u3000\u3059\u308b\u3002",
      "language": {
        "name": "ja-Hrkt",
        "url": "https://pokeapi.co/api/v2/language/1/"
      },
      "version_group": {
        "name": "x-y",
        "url": "https://pokeapi.co/api/v2/version-group/15/"
      }
    },
    {
      "flavor_text": "\uc804\uae30\uac00 \ud750\ub974\ub294 \ubcfc\uc744\n\ube44\ubcbc\uc11c \uacf5\uaca9\ud55c\ub2e4.\n\uc0c1\ub300\ub97c \ub9c8\ube44 \uc0c1\ud0dc\ub85c \ub9cc\ub4e0\ub2e4.",
      "language": {
        "name": "ko",
        "url": "https://pokeapi.co/api/v2/language/3/"
      },
      "version_group": {
        "name": "x-y",
        "url": "https://pokeapi.co/api/v2/version-group/15/"
      }
    },
    {
      "flavor_text": "Le lanceur attaque en frottant ses bajoues\ncharg\u00e9es d\u2019\u00e9lectricit\u00e9. Paralyse l\u2019ennemi.",
      "language": {
        "name": "fr",
        "url": "https://pokeapi.co/api/v2/language/5/"
      },
      "version_group": {
        "name": "x-y",
        "url": "https://pokeapi.co/api/v2/version-group/15/"
      }
    },
    {
      "flavor_text": "Der Anwender l\u00e4dt seine Wangen elektrisch auf\nund greift an, indem er sich damit am Ziel reibt.\nDas Ziel wird paralysiert.",
      "language": {
        "name": "de",
        "url": "https://pokeapi.co/api/v2/language/6/"
      },
      "version_group": {
        "name": "x-y",
        "url": "https://pokeapi.co/api/v2/version-group/15/"
      }
    },
    {
      "flavor_text": "Quien lo usa frota sus mofletes cargados de\nelectricidad contra el Pok\u00e9mon objetivo y\nconsigue paralizarlo.",
      "language": {
        "name": "es",
        "url": "https://pokeapi.co/api/v2/language/7/"
      },
      "version_group": {
        "name": "x-y",
        "url": "https://pokeapi.co/api/v2/version-group/15/"
      }
    },
    {
      "flavor_text": "Chi la usa strofina le guance elettrizzate contro\nil bersaglio, paralizzandolo.",
      "language": {
        "name": "it",
        "url": "https://pokeapi.co/api/v2/language/8/"
      },
      "version_group": {
        "name": "x-y",
        "url": "https://pokeapi.co/api/v2/version-group/15/"
      }
    },
    {
      "flavor_text": "The user attacks by nuzzling its electrified\ncheeks against the target. This also leaves\nthe target with paralysis.",
      "language": {
        "name": "en",
        "url": "https://pokeapi.co/api/v2/language/9/"
      },
      "version_group": {
        "name": "x-y",
        "url": "https://pokeapi.co/api/v2/version-group/15/"
      }
    },
    {
      "flavor_text": "\u96fb\u6c17\u3092\u3000\u5e2f\u3073\u305f\u3000\u307b\u3063\u307a\u3092\n\u3059\u308a\u3064\u3051\u3066\u3000\u653b\u6483\u3002\n\u76f8\u624b\u3092\u3000\u307e\u3072\u72b6\u614b\u306b\u3000\u3059\u308b\u3002",
      "language": {
        "name": "ja",
        "url": "https://pokeapi.co/api/v2/language/11/"
      },
      "version_group": {
        "name": "x-y",
        "url": "https://pokeapi.co/api/v2/version-group/15/"
      }
    },
    {
      "flavor_text": "\u3067\u3093\u304d\u3092\u3000\u304a\u3073\u305f\u3000\u307b\u3063\u307a\u3092\n\u3059\u308a\u3064\u3051\u3066\u3000\u3053\u3046\u3052\u304d\u3002\n\u3042\u3044\u3066\u3092\u3000\u307e\u3072\u3000\u3058\u3087\u3046\u305f\u3044\u306b\u3000\u3059\u308b\u3002",
      "language": {
        "name": "ja-Hrkt",
        "url": "https://pokeapi.co/api/v2/language/1/"
      },
      "version_group": {
        "name": "omega-ruby-alpha-sapphire",
        "url": "https://pokeapi.co/api/v2/version-group/16/"
      }
    },
    {
      "flavor_text": "\uc804\uae30\uac00 \ud750\ub974\ub294 \ubcfc\uc744\n\ube44\ubcbc\uc11c \uacf5\uaca9\ud55c\ub2e4.\n\uc0c1\ub300\ub97c \ub9c8\ube44 \uc0c1\ud0dc\ub85c \ub9cc\ub4e0\ub2e4.",
      "language": {
        "name": "ko",
        "url": "https://pokeapi.co/api/v2/language/3/"
      },
      "version_group": {
        "name": "omega-ruby-alpha-sapphire",
        "url": "https://pokeapi.co/api/v2/version-group/16/"
      }
    },
    {
      "flavor_text": "Le lanceur attaque en frottant ses bajoues\ncharg\u00e9es d\u2019\u00e9lectricit\u00e9. Paralyse l\u2019ennemi.",
      "language": {
        "name": "fr",
        "url": "https://pokeapi.co/api/v2/language/5/"
      },
      "version_group": {
        "name": "omega-ruby-alpha-sapphire",
        "url": "https://pokeapi.co/api/v2/version-group/16/"
      }
    },
    {
      "flavor_text": "Der Anwender l\u00e4dt seine Wangen elektrisch auf\nund greift an, indem er sich damit am Ziel reibt.\nDas Ziel wird paralysiert.",
      "language": {
        "name": "de",
        "url": "https://pokeapi.co/api/v2/language/6/"
      },
      "version_group": {
        "name": "omega-ruby-alpha-sapphire",
        "url": "https://pokeapi.co/api/v2/version-group/16/"
      }
    },
    {
      "flavor_text": "Quien lo usa frota sus mofletes cargados de \nelectricidad contra el Pok\u00e9mon objetivo y\nconsigue paralizarlo.",
      "language": {
        "name": "es",
        "url": "https://pokeapi.co/api/v2/language/7/"
      },
      "version_group": {
        "name": "omega-ruby-alpha-sapphire",
        "url": "https://pokeapi.co/api/v2/version-group/16/"
      }
    },
    {
      "flavor_text": "Chi la usa strofina le guance elettrizzate contro\nil bersaglio, paralizzandolo.",
      "language": {
        "name": "it",
        "url": "https://pokeapi.co/api/v2/language/8/"
      },
      "version_group": {
        "name": "omega-ruby-alpha-sapphire",
        "url": "https://pokeapi.co/api/v2/version-group/16/"
      }
    },
    {
      "flavor_text": "The user attacks by nuzzling its electrified\ncheeks against the target. This also leaves\nthe target with paralysis.",
      "language": {
        "name": "en",
        "url": "https://pokeapi.co/api/v2/language/9/"
      },
      "version_group": {
        "name": "omega-ruby-alpha-sapphire",
        "url": "https://pokeapi.co/api/v2/version-group/16/"
      }
    },
    {
      "flavor_text": "\u96fb\u6c17\u3092\u3000\u5e2f\u3073\u305f\u3000\u307b\u3063\u307a\u3092\n\u3059\u308a\u3064\u3051\u3066\u3000\u653b\u6483\u3002\n\u76f8\u624b\u3092\u3000\u307e\u3072\u72b6\u614b\u306b\u3000\u3059\u308b\u3002",
      "language": {
        "name": "ja",
        "url": "https://pokeapi.co/api/v2/language/11/"
      },
      "version_group": {
        "name": "omega-ruby-alpha-sapphire",
        "url": "https://pokeapi.co/api/v2/version-group/16/"
      }
    },
    {
      "flavor_text": "\u3067\u3093\u304d\u3092\u3000\u304a\u3073\u305f\u3000\u307b\u3063\u307a\u3092\n\u3059\u308a\u3064\u3051\u3066\u3000\u3053\u3046\u3052\u304d\u3002\n\u3042\u3044\u3066\u3092\u3000\u307e\u3072\u3000\u3058\u3087\u3046\u305f\u3044\u306b\u3000\u3059\u308b\u3002",
      "language": {
        "name": "ja-Hrkt",
        "url": "https://pokeapi.co/api/v2/language/1/"
      },
      "version_group": {
        "name": "sun-moon",
        "url": "https://pokeapi.co/api/v2/version-group/17/"
      }
    },
    {
      "flavor_text": "\uc804\uae30\uac00 \ud750\ub974\ub294 \ubcfc\uc744\n\ube44\ubcbc\uc11c \uacf5\uaca9\ud55c\ub2e4.\n\uc0c1\ub300\ub97c \ub9c8\ube44 \uc0c1\ud0dc\ub85c \ub9cc\ub4e0\ub2e4.",
      "language": {
        "name": "ko",
        "url": "https://pokeapi.co/api/v2/language/3/"
      },
      "version_group": {
        "name": "sun-moon",
        "url": "https://pokeapi.co/api/v2/version-group/17/"
      }
    },
    {
      "flavor_text": "\u7528\u5e36\u96fb\u7684\u81c9\u9830\n\u78e8\u8e6d\u5c0d\u624b\u9032\u884c\u653b\u64ca\u3002\n\u80fd\u8b93\u5c0d\u624b\u9677\u5165\u9ebb\u75fa\u72c0\u614b\u3002",
      "language": {
        "name": "zh-Hant",
        "url": "https://pokeapi.co/api/v2/language/4/"
      },
      "version_group": {
        "name": "sun-moon",
        "url": "https://pokeapi.co/api/v2/version-group/17/"
      }
    },
    {
      "flavor_text": "Le lanceur attaque en frottant ses bajoues\ncharg\u00e9es d\u2019\u00e9lectricit\u00e9. Paralyse l\u2019ennemi.",
      "language": {
        "name": "fr",
        "url": "https://pokeapi.co/api/v2/language/5/"
      },
      "version_group": {
        "name": "sun-moon",
        "url": "https://pokeapi.co/api/v2/version-group/17/"
      }
    },
    {
      "flavor_text": "Der Anwender l\u00e4dt seine Wangen elektrisch auf und\ngreift an, indem er sich damit am Ziel reibt. Das Ziel\nwird paralysiert.",
      "language": {
        "name": "de",
        "url": "https://pokeapi.co/api/v2/language/6/"
      },
      "version_group": {
        "name": "sun-moon",
        "url": "https://pokeapi.co/api/v2/version-group/17/"
      }
    },
    {
      "flavor_text": "Quien lo usa frota sus mofletes cargados de\nelectricidad contra el objetivo y consigue paralizarlo.",
      "language": {
        "name": "es",
        "url": "https://pokeapi.co/api/v2/language/7/"
      },
      "version_group": {
        "name": "sun-moon",
        "url": "https://pokeapi.co/api/v2/version-group/17/"
      }
    },
    {
      "flavor_text": "Chi la usa strofina le guance elettrizzate contro\nil bersaglio, paralizzandolo.",
      "language": {
        "name": "it",
        "url": "https://pokeapi.co/api/v2/language/8/"
      },
      "version_group": {
        "name": "sun-moon",
        "url": "https://pokeapi.co/api/v2/version-group/17/"
      }
    },
    {
      "flavor_text": "The user attacks by nuzzling its electrified cheeks\nagainst the target. This also leaves the target\nwith paralysis.",
      "language": {
        "name": "en",
        "url": "https://pokeapi.co/api/v2/language/9/"
      },
      "version_group": {
        "name": "sun-moon",
        "url": "https://pokeapi.co/api/v2/version-group/17/"
      }
    },
    {
      "flavor_text": "\u96fb\u6c17\u3092\u3000\u5e2f\u3073\u305f\u3000\u307b\u3063\u307a\u3092\n\u3059\u308a\u3064\u3051\u3066\u3000\u653b\u6483\u3002\n\u76f8\u624b\u3092\u3000\u307e\u3072\u72b6\u614b\u306b\u3000\u3059\u308b\u3002",
      "language": {
        "name": "ja",
        "url": "https://pokeapi.co/api/v2/language/11/"
      },
      "version_group": {
        "name": "sun-moon",
        "url": "https://pokeapi.co/api/v2/version-group/17/"
      }
    },
    {
      "flavor_text": "\u5c06\u5e26\u7535\u7684\u8138\u988a\n\u8e6d\u8e6d\u5bf9\u624b\u8fdb\u884c\u653b\u51fb\u3002\n\u8ba9\u5bf9\u624b\u9677\u5165\u9ebb\u75f9\u72b6\u6001\u3002",
      "language": {
        "name": "zh-Hans",
        "url": "https://pokeapi.co/api/v2/language/12/"
      },
      "version_group": {
        "name": "sun-moon",
        "url": "https://pokeapi.co/api/v2/version-group/17/"
      }
    },
    {
      "flavor_text": "\u3067\u3093\u304d\u3092\u3000\u304a\u3073\u305f\u3000\u307b\u3063\u307a\u3092\n\u3059\u308a\u3064\u3051\u3066\u3000\u3053\u3046\u3052\u304d\u3002\n\u3042\u3044\u3066\u3092\u3000\u307e\u3072\u3000\u3058\u3087\u3046\u305f\u3044\u306b\u3000\u3059\u308b\u3002",
      "language": {
        "name": "ja-Hrkt",
        "url": "https://pokeapi.co/api/v2/language/1/"
      },
      "version_group": {
        "name": "ultra-sun-ultra-moon",
        "url": "https://pokeapi.co/api/v2/version-group/18/"
      }
    },
    {
      "flavor_text": "\uc804\uae30\uac00 \ud750\ub974\ub294 \ubcfc\uc744\n\ube44\ubcbc\uc11c \uacf5\uaca9\ud55c\ub2e4.\n\uc0c1\ub300\ub97c \ub9c8\ube44 \uc0c1\ud0dc\ub85c \ub9cc\ub4e0\ub2e4.",
      "language": {
        "name": "ko",
        "url": "https://pokeapi.co/api/v2/language/3/"
      },
      "version_group": {
        "name": "ultra-sun-ultra-moon",
        "url": "https://pokeapi.co/api/v2/version-group/18/"
      }
    },
    {
      "flavor_text": "\u7528\u5e36\u96fb\u7684\u81c9\u9830\n\u78e8\u8e6d\u5c0d\u624b\u9032\u884c\u653b\u64ca\u3002\n\u80fd\u8b93\u5c0d\u624b\u9677\u5165\u9ebb\u75fa\u72c0\u614b\u3002",
      "language": {
        "name": "zh-Hant",
        "url": "https://pokeapi.co/api/v2/language/4/"
      },
      "version_group": {
        "name": "ultra-sun-ultra-moon",
        "url": "https://pokeapi.co/api/v2/version-group/18/"
      }
    },
    {
      "flavor_text": "Le lanceur attaque en frottant ses bajoues\ncharg\u00e9es d\u2019\u00e9lectricit\u00e9. Paralyse l\u2019ennemi.",
      "language": {
        "name": "fr",
        "url": "https://pokeapi.co/api/v2/language/5/"
      },
      "version_group": {
        "name": "ultra-sun-ultra-moon",
        "url": "https://pokeapi.co/api/v2/version-group/18/"
      }
    },
    {
      "flavor_text": "Der Anwender l\u00e4dt seine Wangen elektrisch auf und\ngreift an, indem er sich damit am Ziel reibt. Das Ziel\nwird paralysiert.",
      "language": {
        "name": "de",
        "url": "https://pokeapi.co/api/v2/language/6/"
      },
      "version_group": {
        "name": "ultra-sun-ultra-moon",
        "url": "https://pokeapi.co/api/v2/version-group/18/"
      }
    },
    {
      "flavor_text": "Quien lo usa frota sus mofletes cargados de\nelectricidad contra el objetivo y consigue paralizarlo.",
      "language": {
        "name": "es",
        "url": "https://pokeapi.co/api/v2/language/7/"
      },
      "version_group": {
        "name": "ultra-sun-ultra-moon",
        "url": "https://pokeapi.co/api/v2/version-group/18/"
      }
    },
    {
      "flavor_text": "Chi la usa strofina le guance elettrizzate contro\nil bersaglio, paralizzandolo.",
      "language": {
        "name": "it",
        "url": "https://pokeapi.co/api/v2/language/8/"
      },
      "version_group": {
        "name": "ultra-sun-ultra-moon",
        "url": "https://pokeapi.co/api/v2/version-group/18/"
      }
    },
    {
      "flavor_text": "The user attacks by nuzzling its electrified cheeks\nagainst the target. This also leaves the target\nwith paralysis.",
      "language": {
        "name": "en",
        "url": "https://pokeapi.co/api/v2/language/9/"
      },
      "version_group": {
        "name": "ultra-sun-ultra-moon",
        "url": "https://pokeapi.co/api/v2/version-group/18/"
      }
    },
    {
      "flavor_text": "\u96fb\u6c17\u3092\u3000\u5e2f\u3073\u305f\u3000\u307b\u3063\u307a\u3092\n\u3059\u308a\u3064\u3051\u3066\u3000\u653b\u6483\u3002\n\u76f8\u624b\u3092\u3000\u307e\u3072\u72b6\u614b\u306b\u3000\u3059\u308b\u3002",
      "language": {
        "name": "ja",
        "url": "https://pokeapi.co/api/v2/language/11/"
      },
      "version_group": {
        "name": "ultra-sun-ultra-moon",
        "url": "https://pokeapi.co/api/v2/version-group/18/"
      }
    },
    {
      "flavor_text": "\u5c06\u5e26\u7535\u7684\u8138\u988a\n\u8e6d\u8e6d\u5bf9\u624b\u8fdb\u884c\u653b\u51fb\u3002\n\u8ba9\u5bf9\u624b\u9677\u5165\u9ebb\u75f9\u72b6\u6001\u3002",
      "language": {
        "name": "zh-Hans",
        "url": "https://pokeapi.co/api/v2/language/12/"
      },
      "version_group": {
        "name": "ultra-sun-ultra-moon",
        "url": "https://pokeapi.co/api/v2/version-group/18/"
      }
    },
    {
      "flavor_text": "\u3067\u3093\u304d\u3092\u3000\u304a\u3073\u305f\u3000\u307b\u3063\u307a\u3092\n\u3059\u308a\u3064\u3051\u3066\u3000\u3053\u3046\u3052\u304d\u3002\n\u3042\u3044\u3066\u3092\u3000\u307e\u3072\u3000\u3058\u3087\u3046\u305f\u3044\u306b\u3000\u3059\u308b\u3002",
      "language": {
        "name": "ja-Hrkt",
        "url": "https://pokeapi.co/api/v2/language/1/"
      },
      "version_group": {
        "name": "lets-go-pikachu-lets-go-eevee",
        "url": "https://pokeapi.co/api/v2/version-group/19/"
      }
    },
    {
      "flavor_text": "\uc804\uae30\uac00 \ud750\ub974\ub294 \ubcfc\uc744\n\ube44\ubcbc\uc11c \uacf5\uaca9\ud55c\ub2e4.\n\uc0c1\ub300\ub97c \ub9c8\ube44 \uc0c1\ud0dc\ub85c \ub9cc\ub4e0\ub2e4.",
      "language": {
        "name": "ko",
        "url": "https://pokeapi.co/api/v2/language/3/"
      },
      "version_group": {
        "name": "lets-go-pikachu-lets-go-eevee",
        "url": "https://pokeapi.co/api/v2/version-group/19/"
      }
    },
    {
      "flavor_text": "\u7528\u5e36\u96fb\u7684\u81c9\u9830\n\u78e8\u8e6d\u5c0d\u624b\u9032\u884c\u653b\u64ca\u3002\n\u80fd\u8b93\u5c0d\u624b\u9677\u5165\u9ebb\u75fa\u72c0\u614b\u3002",
      "language": {
        "name": "zh-Hant",
        "url": "https://pokeapi.co/api/v2/language/4/"
      },
      "version_group": {
        "name": "lets-go-pikachu-lets-go-eevee",
        "url": "https://pokeapi.co/api/v2/version-group/19/"
      }
    },
    {
      "flavor_text": "Le lanceur attaque en frottant ses bajoues\ncharg\u00e9es d\u2019\u00e9lectricit\u00e9. Paralyse l\u2019ennemi.",
      "language": {
        "name": "fr",
        "url": "https://pokeapi.co/api/v2/language/5/"
      },
      "version_group": {
        "name": "lets-go-pikachu-lets-go-eevee",
        "url": "https://pokeapi.co/api/v2/version-group/19/"
      }
    },
    {
      "flavor_text": "Der Anwender l\u00e4dt seine Wangen elektrisch auf und\ngreift an, indem er sich damit am Ziel reibt. Das Ziel\nwird paralysiert.",
      "language": {
        "name": "de",
        "url": "https://pokeapi.co/api/v2/language/6/"
      },
      "version_group": {
        "name": "lets-go-pikachu-lets-go-eevee",
        "url": "https://pokeapi.co/api/v2/version-group/19/"
      }
    },
    {
      "flavor_text": "Quien lo usa frota sus mofletes cargados de\nelectricidad contra el objetivo y consigue paralizarlo.",
      "language": {
        "name": "es",
        "url": "https://pokeapi.co/api/v2/language/7/"
      },
      "version_group": {
        "name": "lets-go-pikachu-lets-go-eevee",
        "url": "https://pokeapi.co/api/v2/version-group/19/"
      }
    },
    {
      "flavor_text": "Chi la usa strofina le guance elettrizzate contro\nil bersaglio, paralizzandolo.",
      "language": {
        "name": "it",
        "url": "https://pokeapi.co/api/v2/language/8/"
      },
      "version_group": {
        "name": "lets-go-pikachu-lets-go-eevee",
        "url": "https://pokeapi.co/api/v2/version-group/19/"
      }
    },
    {
      "flavor_text": "The user attacks by nuzzling its electrified cheeks\nagainst the target. This also leaves the target\nwith paralysis.",
      "language": {
        "name": "en",
        "url": "https://pokeapi.co/api/v2/language/9/"
      },
      "version_group": {
        "name": "lets-go-pikachu-lets-go-eevee",
        "url": "https://pokeapi.co/api/v2/version-group/19/"
      }
    },
    {
      "flavor_text": "\u96fb\u6c17\u3092\u3000\u5e2f\u3073\u305f\u3000\u307b\u3063\u307a\u3092\n\u3059\u308a\u3064\u3051\u3066\u3000\u653b\u6483\u3002\n\u76f8\u624b\u3092\u3000\u307e\u3072\u72b6\u614b\u306b\u3000\u3059\u308b\u3002",
      "language": {
        "name": "ja",
        "url": "https://pokeapi.co/api/v2/language/11/"
      },
      "version_group": {
        "name": "lets-go-pikachu-lets-go-eevee",
        "url": "https://pokeapi.co/api/v2/version-group/19/"
      }
    },
    {
      "flavor_text": "\u5c06\u5e26\u7535\u7684\u8138\u988a\n\u8e6d\u8e6d\u5bf9\u624b\u8fdb\u884c\u653b\u51fb\u3002\n\u8ba9\u5bf9\u624b\u9677\u5165\u9ebb\u75f9\u72b6\u6001\u3002",
      "language": {
        "name": "zh-Hans",
        "url": "https://pokeapi.co/api/v2/language/12/"
      },
      "version_group": {
        "name": "lets-go-pikachu-lets-go-eevee",
        "url": "https://pokeapi.co/api/v2/version-group/19/"
      }
    },
    {
      "flavor_text": "\u3067\u3093\u304d\u3092\u3000\u304a\u3073\u305f\u3000\u307b\u3063\u307a\u3092\n\u3059\u308a\u3064\u3051\u3066\u3000\u3053\u3046\u3052\u304d\u3002\n\u3042\u3044\u3066\u3092\u3000\u307e\u3072\u3000\u3058\u3087\u3046\u305f\u3044\u306b\u3000\u3059\u308b\u3002",
      "language": {
        "name": "ja-Hrkt",
        "url": "https://pokeapi.co/api/v2/language/1/"
      },
      "version_group": {
        "name": "sword-shield",
        "url": "https://pokeapi.co/api/v2/version-group/20/"
      }
    },
    {
      "flavor_text": "\uc804\uae30\uac00 \ud750\ub974\ub294 \ubcfc\uc744\n\ube44\ubcbc\uc11c \uacf5\uaca9\ud55c\ub2e4.\n\uc0c1\ub300\ub97c \ub9c8\ube44 \uc0c1\ud0dc\ub85c \ub9cc\ub4e0\ub2e4.",
      "language": {
        "name": "ko",
        "url": "https://pokeapi.co/api/v2/language/3/"
      },
      "version_group": {
        "name": "sword-shield",
        "url": "https://pokeapi.co/api/v2/version-group/20/"
      }
    },
    {
      "flavor_text": "\u7528\u5e36\u96fb\u7684\u81c9\u9830\n\u78e8\u8e6d\u5c0d\u624b\u9032\u884c\u653b\u64ca\u3002\n\u80fd\u8b93\u5c0d\u624b\u9677\u5165\u9ebb\u75fa\u72c0\u614b\u3002",
      "language": {
        "name": "zh-Hant",
        "url": "https://pokeapi.co/api/v2/language/4/"
      },
      "version_group": {
        "name": "sword-shield",
        "url": "https://pokeapi.co/api/v2/version-group/20/"
      }
    },
    {
      "flavor_text": "Le lanceur attaque en frottant ses bajoues charg\u00e9es\nd\u2019\u00e9lectricit\u00e9. Paralyse l\u2019ennemi.",
      "language": {
        "name": "fr",
        "url": "https://pokeapi.co/api/v2/language/5/"
      },
      "version_group": {
        "name": "sword-shield",
        "url": "https://pokeapi.co/api/v2/version-group/20/"
      }
    },
    {
      "flavor_text": "Der Anwender l\u00e4dt seine Wangen elektrisch auf und\ngreift an, indem er sich damit am Ziel reibt. Das Ziel\nwird paralysiert.",
      "language": {
        "name": "de",
        "url": "https://pokeapi.co/api/v2/language/6/"
      },
      "version_group": {
        "name": "sword-shield",
        "url": "https://pokeapi.co/api/v2/version-group/20/"
      }
    },
    {
      "flavor_text": "Quien lo usa frota sus mofletes cargados de electricidad\ncontra el objetivo y consigue paralizarlo.",
      "language": {
        "name": "es",
        "url": "https://pokeapi.co/api/v2/language/7/"
      },
      "version_group": {
        "name": "sword-shield",
        "url": "https://pokeapi.co/api/v2/version-group/20/"
      }
    },
    {
      "flavor_text": "Chi la usa strofina le guance elettrizzate contro\nil bersaglio, paralizzandolo.",
      "language": {
        "name": "it",
        "url": "https://pokeapi.co/api/v2/language/8/"
      },
      "version_group": {
        "name": "sword-shield",
        "url": "https://pokeapi.co/api/v2/version-group/20/"
      }
    },
    {
      "flavor_text": "The user attacks by nuzzling its electrified cheeks\nagainst the target. This also leaves the target\nwith paralysis.",
      "language": {
        "name": "en",
        "url": "https://pokeapi.co/api/v2/language/9/"
      },
      "version_group": {
        "name": "sword-shield",
        "url": "https://pokeapi.co/api/v2/version-group/20/"
      }
    },
    {
      "flavor_text": "\u96fb\u6c17\u3092\u3000\u5e2f\u3073\u305f\u3000\u307b\u3063\u307a\u3092\n\u3059\u308a\u3064\u3051\u3066\u3000\u653b\u6483\u3002\n\u76f8\u624b\u3092\u3000\u307e\u3072\u72b6\u614b\u306b\u3000\u3059\u308b\u3002",
      "language": {
        "name": "ja",
        "url": "https://pokeapi.co/api/v2/language/11/"
      },
      "version_group": {
        "name": "sword-shield",
        "url": "https://pokeapi.co/api/v2/version-group/20/"
      }
    },
    {
      "flavor_text": "\u5c06\u5e26\u7535\u7684\u8138\u988a\n\u8e6d\u8e6d\u5bf9\u624b\u8fdb\u884c\u653b\u51fb\u3002\n\u8ba9\u5bf9\u624b\u9677\u5165\u9ebb\u75f9\u72b6\u6001\u3002",
      "language": {
        "name": "zh-Hans",
        "url": "https://pokeapi.co/api/v2/language/12/"
      },
      "version_group": {
        "name": "sword-shield",
        "url": "https://pokeapi.co/api/v2/version-group/20/"
      }
    },
    {
      "flavor_text": "The user attacks by nuzzling its electrified cheeks against the target. This also leaves the target with paralysis.",
      "language": {
        "name": "en",
        "url": "https://pokeapi.co/api/v2/language/9/"
      },
      "version_group": {
        "name": "legends-arceus",
        "url": "https://pokeapi.co/api/v2/version-group/24/"
      }
    },
    {
      "flavor_text": "The user attacks by nuzzling its electrified cheeks against the target. This also leaves the target with paralysis.",
      "language": {
        "name": "en",
        "url": "https://pokeapi.co/api/v2/language/9/"
      },
      "version_group": {
        "name": "scarlet-violet",
        "url": "https://pokeapi.co/api/v2/version-group/25/"
      }
    }
  ],
  "generation": {
    "name": "generation-vi",
    "url": "https://pokeapi.co/api/v2/generation/6/"
  },
  "id": 609,
  "learned_by_pokemon": [
    {
      "name": "pikachu",
      "url": "https://pokeapi.co/api/v2/pokemon/25/"
    },
    {
      "name": "raichu",
      "url": "https://pokeapi.co/api/v2/pokemon/26/"
    },
    {
      "name": "pichu",
      "url": "https://pokeapi.co/api/v2/pokemon/172/"
    },
    {
      "name": "plusle",
      "url": "https://pokeapi.co/api/v2/pokemon/311/"
    },
    {
      "name": "minun",
      "url": "https://pokeapi.co/api/v2/pokemon/312/"
    },
    {
      "name": "pachirisu",
      "url": "https://pokeapi.co/api/v2/pokemon/417/"
    },
    {
      "name": "emolga",
      "url": "https://pokeapi.co/api/v2/pokemon/587/"
    },
    {
      "name": "dedenne",
      "url": "https://pokeapi.co/api/v2/pokemon/702/"
    },
    {
      "name": "togedemaru",
      "url": "https://pokeapi.co/api/v2/pokemon/777/"
    },
    {
      "name": "yamper",
      "url": "https://pokeapi.co/api/v2/pokemon/835/"
    },
    {
      "name": "boltund",
      "url": "https://pokeapi.co/api/v2/pokemon/836/"
    },
    {
      "name": "toxel",
      "url": "https://pokeapi.co/api/v2/pokemon/848/"
    },
    {
      "name": "toxtricity-amped",
      "url": "https://pokeapi.co/api/v2/pokemon/849/"
    },
    {
      "name": "hatenna",
      "url": "https://pokeapi.co/api/v2/pokemon/856/"
    },
    {
      "name": "pawmi",
      "url": "https://pokeapi.co/api/v2/pokemon/921/"
    },
    {
      "name": "pawmo",
      "url": "https://pokeapi.co/api/v2/pokemon/922/"
    },
    {
      "name": "pawmot",
      "url": "https://pokeapi.co/api/v2/pokemon/923/"
    },
    {
      "name": "pikachu-rock-star",
      "url": "https://pokeapi.co/api/v2/pokemon/10080/"
    },
    {
      "name": "pikachu-belle",
      "url": "https://pokeapi.co/api/v2/pokemon/10081/"
    },
    {
      "name": "pikachu-pop-star",
      "url": "https://pokeapi.co/api/v2/pokemon/10082/"
    },
    {
      "name": "pikachu-phd",
      "url": "https://pokeapi.co/api/v2/pokemon/10083/"
    },
    {
      "name": "pikachu-libre",
      "url": "https://pokeapi.co/api/v2/pokemon/10084/"
    },
    {
      "name": "pikachu-cosplay",
      "url": "https://pokeapi.co/api/v2/pokemon/10085/"
    },
    {
      "name": "pikachu-original-cap",
      "url": "https://pokeapi.co/api/v2/pokemon/10094/"
    },
    {
      "name": "pikachu-hoenn-cap",
      "url": "https://pokeapi.co/api/v2/pokemon/10095/"
    },
    {
      "name": "pikachu-sinnoh-cap",
      "url": "https://pokeapi.co/api/v2/pokemon/10096/"
    },
    {
      "name": "pikachu-unova-cap",
      "url": "https://pokeapi.co/api/v2/pokemon/10097/"
    },
    {
      "name": "pikachu-kalos-cap",
      "url": "https://pokeapi.co/api/v2/pokemon/10098/"
    },
    {
      "name": "pikachu-alola-cap",
      "url": "https://pokeapi.co/api/v2/pokemon/10099/"
    },
    {
      "name": "raichu-alola",
      "url": "https://pokeapi.co/api/v2/pokemon/10100/"
    },
    {
      "name": "pikachu-partner-cap",
      "url": "https://pokeapi.co/api/v2/pokemon/10148/"
    },
    {
      "name": "togedemaru-totem",
      "url": "https://pokeapi.co/api/v2/pokemon/10154/"
    },
    {
      "name": "pikachu-world-cap",
      "url": "https://pokeapi.co/api/v2/pokemon/10160/"
    },
    {
      "name": "toxtricity-low-key",
      "url": "https://pokeapi.co/api/v2/pokemon/10184/"
    }
  ],
  "machines": [],
  "meta": {
    "ailment": {
      "name": "paralysis",
      "url": "https://pokeapi.co/api/v2/move-ailment/1/"
    },
    "ailment_chance": 100,
    "category": {
      "name": "damage+ailment",
      "url": "https://pokeapi.co/api/v2/move-category/4/"
    },
    "crit_rate": 0,
    "drain": 0,
    "flinch_chance": 0,
    "healing": 0,
    "max_hits": null,
    "max_turns": null,
    "min_hits": null,
    "min_turns": null,
    "stat_chance": 0
  },
  "name": "nuzzle",
  "names": [
    {
      "language": {
        "name": "ja-Hrkt",
        "url": "https://pokeapi.co/api/v2/language/1/"
      },
      "name": "\u307b\u3063\u307a\u3059\u308a\u3059\u308a"
    },
    {
      "language": {
        "name": "ko",
        "url": "https://pokeapi.co/api/v2/language/3/"
      },
      "name": "\ubcfc\ubd80\ube44\ubd80\ube44"
    },
    {
      "language": {
        "name": "zh-Hant",
        "url": "https://pokeapi.co/api/v2/language/4/"
      },
      "name": "\u8e6d\u8e6d\u81c9\u9830"
    },
    {
      "language": {
        "name": "fr",
        "url": "https://pokeapi.co/api/v2/language/5/"
      },
      "name": "Frotte-Frimousse"
    },
    {
      "language": {
        "name": "de",
        "url": "https://pokeapi.co/api/v2/language/6/"
      },
      "name": "Wangenrubbler"
    },
    {
      "language": {
        "name": "es",
        "url": "https://pokeapi.co/api/v2/language/7/"
      },
      "name": "Moflete Est\u00e1tico"
    },
    {
      "language": {
        "name": "it",
        "url": "https://pokeapi.co/api/v2/language/8/"
      },
      "name": "Elettrococcola"
    },
    {
      "language": {
        "name": "en",
        "url": "https://pokeapi.co/api/v2/language/9/"
      },
      "name": "Nuzzle"
    },
    {
      "language": {
        "name": "ja",
        "url": "https://pokeapi.co/api/v2/language/11/"
      },
      "name": "\u307b\u3063\u307a\u3059\u308a\u3059\u308a"
    },
    {
      "language": {
        "name": "zh-Hans",
        "url": "https://pokeapi.co/api/v2/language/12/"
      },
      "name": "\u8e6d\u8e6d\u8138\u988a"
    }
  ],
  "past_values": [],
  "power": 20,
  "pp": 20,
  "priority": 0,
  "stat_changes": [],
  "super_contest_effect": null,
  "target": {
    "name": "selected-pokemon",
    "url": "https://pokeapi.co/api/v2/move-target/10/"
  },
  "type": {
    "name": "electric",
    "url": "https://pokeapi.co/api/v2/type/13/"
  }
}