{
  "accuracy": 85,
  "contest_combos": null,
  "contest_effect": null,
  "contest_type": {
    "name": "cool",
    "url": "https://pokeapi.co/api/v2/contest-type/1/"
  },
  "damage_class": {
    "name": "special",
    "url": "https://pokeapi.co/api/v2/move-damage-class/3/"
  },
  "effect_chance": 40,
  "effect_changes": [],
  "effect_entries": [
    {
      "effect": "Inflicts regular damage.  Has a 40% chance to lower the target\u2019s Special Defense by two stages.",
      "language": {
        "name": "en",
        "url": "https://pokeapi.co/api/v2/language/9/"
      },
      "short_effect": "Has a 40% chance to lower the target\u2019s Special Defense by two stages."
    }
  ],
  "flavor_text_entries": [
    {
      "flavor_text": "The user generates\na shock wave from\nwithin its body.\nIt may also lower the\ntarget\u2019s Sp. Def.",
      "language": {
        "name": "en",
        "url": "https://pokeapi.co/api/v2/language/9/"
      },
      "version_group": {
        "name": "diamond-pearl",
        "url": "https://pokeapi.co/api/v2/version-group/8/"
      }
    },
    {
      "flavor_text": "The user generates\na shock wave from\nwithin its body.\nIt may also lower the\ntarget\u2019s Sp. Def.",
      "language": {
        "name": "en",
        "url": "https://pokeapi.co/api/v2/language/9/"
      },
      "version_group": {
        "name": "platinum",
        "url": "https://pokeapi.co/api/v2/version-group/9/"
      }
    },
    {
      "flavor_text": "The user generates\na shock wave from\nwithin its body.\nIt may also lower the\ntarget\u2019s Sp. Def.",
      "language": {
        "name": "en",
        "url": "https://pokeapi.co/api/v2/language/9/"
      },
      "version_group": {
        "name": "heartgold-soulsilver",
        "url": "https://pokeapi.co/api/v2/version-group/10/"
      }
    },
    {
      "flavor_text": "Le corps du lanceur \u00e9met une onde de\nchoc. Peut aussi baisser grandement\nla D\u00e9fense Sp\u00e9ciale de la cible.",
      "language": {
        "name": "fr",
        "url": "https://pokeapi.co/api/v2/language/5/"
      },
      "version_group": {
        "name": "black-white",
        "url": "https://pokeapi.co/api/v2/version-group/11/"
      }
    },
    {
      "flavor_text": "The user emits a shock wave from\nits body to attack its target. It may\nharshly lower the target\u2019s Sp. Def.",
      "language": {
        "name": "en",
        "url": "https://pokeapi.co/api/v2/language/9/"
      },
      "version_group": {
        "name": "black-white",
        "url": "https://pokeapi.co/api/v2/version-group/11/"
      }
    },
    {
      "flavor_text": "The user emits a shock wave from\nits body to attack its target. It may\nharshly lower the target\u2019s Sp. Def.",
      "language": {
        "name": "en",
        "url": "https://pokeapi.co/api/v2/language/9/"
      },
      "version_group": {
        "name": "black-2-white-2",
        "url": "https://pokeapi.co/api/v2/version-group/14/"
      }
    },
    {
      "flavor_text": "\u304b\u3089\u3060\u306e\u3000\u306a\u304b\u304b\u3089\u3000\u3057\u3087\u3046\u3052\u304d\u306f\u3092\n\u306f\u3063\u305b\u3044\u3000\u3055\u305b\u308b\u3002\u3042\u3044\u3066\u306e\u3000\u3068\u304f\u307c\u3046\u3092\n\u304c\u304f\u3063\u3068\u3000\u3055\u3052\u308b\u3053\u3068\u304c\u3000\u3042\u308b\u3002",
      "language": {
        "name": "ja-Hrkt",
        "url": "https://pokeapi.co/api/v2/language/1/"
      },
      "version_group": {
        "name": "x-y",
        "url": "https://pokeapi.co/api/v2/version-group/15/"
      }
    },
    {
      "flavor_text": "\ubab8\uc18d\uc5d0\uc11c \ucda9\uaca9\ud30c\ub97c\n\ubc1c\uc0dd\uc2dc\ud0a8\ub2e4. \uc0c1\ub300\uc758 \ud2b9\uc218\ubc29\uc5b4\ub97c\n\ud06c\uac8c \ub5a8\uc5b4\ub728\ub9b4 \ub54c\uac00 \uc788\ub2e4.",
      "language": {
        "name": "ko",
        "url": "https://pokeapi.co/api/v2/language/3/"
      },
      "version_group": {
        "name": "x-y",
        "url": "https://pokeapi.co/api/v2/version-group/15/"
      }
    },
    {
      "flavor_text": "Le corps du lanceur \u00e9met une onde de choc.\nPeut aussi baisser grandement la D\u00e9fense Sp\u00e9ciale\nde la cible.",
      "language": {
        "name": "fr",
        "url": "https://pokeapi.co/api/v2/language/5/"
      },
      "version_group": {
        "name": "x-y",
        "url": "https://pokeapi.co/api/v2/version-group/15/"
      }
    },
    {
      "flavor_text": "Anwender erzeugt eine Schockwelle.\nSpezial-Verteidigung des Zieles wird stark gesenkt.",
      "language": {
        "name": "de",
        "url": "https://pokeapi.co/api/v2/language/6/"
      },
      "version_group": {
        "name": "x-y",
        "url": "https://pokeapi.co/api/v2/version-group/15/"
      }
    },
    {
      "flavor_text": "Una onda de choque se libera del cuerpo. Puede\nbajar mucho la Defensa Especial del objetivo.",
      "language": {
        "name": "es",
        "url": "https://pokeapi.co/api/v2/language/7/"
      },
      "version_group": {
        "name": "x-y",
        "url": "https://pokeapi.co/api/v2/version-group/15/"
      }
    },
    {
      "flavor_text": "Chi la usa genera un\u2019onda d\u2019urto dal suo corpo.\nPu\u00f2 anche ridurre di molto la Difesa Speciale\ndel bersaglio.",
      "language": {
        "name": "it",
        "url": "https://pokeapi.co/api/v2/language/8/"
      },
      "version_group": {
        "name": "x-y",
        "url": "https://pokeapi.co/api/v2/version-group/15/"
      }
    },
    {
      "flavor_text": "The user emits a shock wave from\nits body to attack its target. This may\nalso harshly lower the target\u2019s Sp. Def.",
      "language": {
        "name": "en",
        "url": "https://pokeapi.co/api/v2/language/9/"
      },
      "version_group": {
        "name": "x-y",
        "url": "https://pokeapi.co/api/v2/version-group/15/"
      }
    },
    {
      "flavor_text": "\u4f53\u306e\u3000\u4e2d\u304b\u3089\u3000\u885d\u6483\u6ce2\u3092\n\u767a\u751f\u3055\u305b\u308b\u3002\u76f8\u624b\u306e\u3000\u7279\u9632\u3092\n\u304c\u304f\u3063\u3068\u3000\u3055\u3052\u308b\u3053\u3068\u304c\u3000\u3042\u308b\u3002",
      "language": {
        "name": "ja",
        "url": "https://pokeapi.co/api/v2/language/11/"
      },
      "version_group": {
        "name": "x-y",
        "url": "https://pokeapi.co/api/v2/version-group/15/"
      }
    },
    {
      "flavor_text": "\u304b\u3089\u3060\u306e\u3000\u306a\u304b\u304b\u3089\u3000\u3057\u3087\u3046\u3052\u304d\u306f\u3092\n\u306f\u3063\u305b\u3044\u3000\u3055\u305b\u308b\u3002\u3042\u3044\u3066\u306e\u3000\u3068\u304f\u307c\u3046\u3092\n\u304c\u304f\u3063\u3068\u3000\u3055\u3052\u308b\u3053\u3068\u304c\u3000\u3042\u308b\u3002",
      "language": {
        "name": "ja-Hrkt",
        "url": "https://pokeapi.co/api/v2/language/1/"
      },
      "version_group": {
        "name": "omega-ruby-alpha-sapphire",
        "url": "https://pokeapi.co/api/v2/version-group/16/"
      }
    },
    {
      "flavor_text": "\ubab8\uc18d\uc5d0\uc11c \ucda9\uaca9\ud30c\ub97c\n\ubc1c\uc0dd\uc2dc\ud0a8\ub2e4. \uc0c1\ub300\uc758 \ud2b9\uc218\ubc29\uc5b4\ub97c\n\ud06c\uac8c \ub5a8\uc5b4\ub728\ub9b4 \ub54c\uac00 \uc788\ub2e4.",
      "language": {
        "name": "ko",
        "url": "https://pokeapi.co/api/v2/language/3/"
      },
      "version_group": {
        "name": "omega-ruby-alpha-sapphire",
        "url": "https://pokeapi.co/api/v2/version-group/16/"
      }
    },
    {
      "flavor_text": "Le corps du lanceur \u00e9met une onde de choc.\nPeut aussi baisser fortement la D\u00e9fense Sp\u00e9ciale\nde la cible.",
      "language": {
        "name": "fr",
        "url": "https://pokeapi.co/api/v2/language/5/"
      },
      "version_group": {
        "name": "omega-ruby-alpha-sapphire",
        "url": "https://pokeapi.co/api/v2/version-group/16/"
      }
    },
    {
      "flavor_text": "Anwender erzeugt eine Schockwelle.\nSpezial-Verteidigung des Zieles wird stark gesenkt.",
      "language": {
        "name": "de",
        "url": "https://pokeapi.co/api/v2/language/6/"
      },
      "version_group": {
        "name": "omega-ruby-alpha-sapphire",
        "url": "https://pokeapi.co/api/v2/version-group/16/"
      }
    },
    {
      "flavor_text": "Una onda de choque se libera del cuerpo. Puede \nbajar mucho la Defensa Especial del objetivo.",
      "language": {
        "name": "es",
        "url": "https://pokeapi.co/api/v2/language/7/"
      },
      "version_group": {
        "name": "omega-ruby-alpha-sapphire",
        "url": "https://pokeapi.co/api/v2/version-group/16/"
      }
    },
    {
      "flavor_text": "Chi la usa genera un\u2019onda d\u2019urto dal suo corpo.\nPu\u00f2 anche ridurre di molto la Difesa Speciale\ndel bersaglio.",
      "language": {
        "name": "it",
        "url": "https://pokeapi.co/api/v2/language/8/"
      },
      "version_group": {
        "name": "omega-ruby-alpha-sapphire",
        "url": "https://pokeapi.co/api/v2/version-group/16/"
      }
    },
    {
      "flavor_text": "The user emits a shock wave from\nits body to attack its target. This may\nalso harshly lower the target\u2019s Sp. Def.",
      "language": {
        "name": "en",
        "url": "https://pokeapi.co/api/v2/language/9/"
      },
      "version_group": {
        "name": "omega-ruby-alpha-sapphire",
        "url": "https://pokeapi.co/api/v2/version-group/16/"
      }
    },
    {
      "flavor_text": "\u4f53\u306e\u3000\u4e2d\u304b\u3089\u3000\u885d\u6483\u6ce2\u3092\n\u767a\u751f\u3055\u305b\u308b\u3002\u76f8\u624b\u306e\u3000\u7279\u9632\u3092\n\u304c\u304f\u3063\u3068\u3000\u3055\u3052\u308b\u3053\u3068\u304c\u3000\u3042\u308b\u3002",
      "language": {
        "name": "ja",
        "url": "https://pokeapi.co/api/v2/language/11/"
      },
      "version_group": {
        "name": "omega-ruby-alpha-sapphire",
        "url": "https://pokeapi.co/api/v2/version-group/16/"
      }
    },
    {
      "flavor_text": "\u304b\u3089\u3060\u306e\u3000\u306a\u304b\u304b\u3089\u3000\u3057\u3087\u3046\u3052\u304d\u306f\u3092\n\u306f\u3063\u305b\u3044\u3000\u3055\u305b\u308b\u3002\u3042\u3044\u3066\u306e\u3000\u3068\u304f\u307c\u3046\u3092\n\u304c\u304f\u3063\u3068\u3000\u3055\u3052\u308b\u3053\u3068\u304c\u3000\u3042\u308b\u3002",
      "language": {
        "name": "ja-Hrkt",
        "url": "https://pokeapi.co/api/v2/language/1/"
      },
      "version_group": {
        "name": "sun-moon",
        "url": "https://pokeapi.co/api/v2/version-group/17/"
      }
    },
    {
      "flavor_text": "\ubab8\uc18d\uc5d0\uc11c \ucda9\uaca9\ud30c\ub97c\n\ubc1c\uc0dd\uc2dc\ud0a8\ub2e4. \uc0c1\ub300\uc758 \ud2b9\uc218\ubc29\uc5b4\ub97c\n\ud06c\uac8c \ub5a8\uc5b4\ub728\ub9b4 \ub54c\uac00 \uc788\ub2e4.",
      "language": {
        "name": "ko",
        "url": "https://pokeapi.co/api/v2/language/3/"
      },
      "version_group": {
        "name": "sun-moon",
        "url": "https://pokeapi.co/api/v2/version-group/17/"
      }
    },
    {
      "flavor_text": "\u5f9e\u8eab\u9ad4\u88e1\u767c\u51fa\u885d\u64ca\u6ce2\u653b\u64ca\u5c0d\u624b\u3002\n\u6709\u6642\u6703\u5927\u5e45\u964d\u4f4e\u5c0d\u624b\u7684\u7279\u9632\u3002",
      "language": {
        "name": "zh-Hant",
        "url": "https://pokeapi.co/api/v2/language/4/"
      },
      "version_group": {
        "name": "sun-moon",
        "url": "https://pokeapi.co/api/v2/version-group/17/"
      }
    },
    {
      "flavor_text": "Le corps du lanceur \u00e9met une onde de choc.\nPeut aussi beaucoup baisser la D\u00e9fense Sp\u00e9ciale\nde la cible.",
      "language": {
        "name": "fr",
        "url": "https://pokeapi.co/api/v2/language/5/"
      },
      "version_group": {
        "name": "sun-moon",
        "url": "https://pokeapi.co/api/v2/version-group/17/"
      }
    },
    {
      "flavor_text": "Anwender erzeugt eine Schockwelle.\nSpezial-Verteidigung des Zieles wird\neventuell stark gesenkt.",
      "language": {
        "name": "de",
        "url": "https://pokeapi.co/api/v2/language/6/"
      },
      "version_group": {
        "name": "sun-moon",
        "url": "https://pokeapi.co/api/v2/version-group/17/"
      }
    },
    {
      "flavor_text": "Una onda de choque se libera del cuerpo. Puede \nbajar mucho la Defensa Especial del objetivo.",
      "language": {
        "name": "es",
        "url": "https://pokeapi.co/api/v2/language/7/"
      },
      "version_group": {
        "name": "sun-moon",
        "url": "https://pokeapi.co/api/v2/version-group/17/"
      }
    },
    {
      "flavor_text": "Chi la usa genera un\u2019onda d\u2019urto dal suo corpo.\nPu\u00f2 anche ridurre di molto la Difesa Speciale\ndel bersaglio.",
      "language": {
        "name": "it",
        "url": "https://pokeapi.co/api/v2/language/8/"
      },
      "version_group": {
        "name": "sun-moon",
        "url": "https://pokeapi.co/api/v2/version-group/17/"
      }
    },
    {
      "flavor_text": "The user emits a shock wave from its body to attack\nits target. This may also harshly lower the target\u2019s\nSp. Def stat.",
      "language": {
        "name": "en",
        "url": "https://pokeapi.co/api/v2/language/9/"
      },
      "version_group": {
        "name": "sun-moon",
        "url": "https://pokeapi.co/api/v2/version-group/17/"
      }
    },
    {
      "flavor_text": "\u4f53\u306e\u3000\u4e2d\u304b\u3089\u3000\u885d\u6483\u6ce2\u3092\n\u767a\u751f\u3055\u305b\u308b\u3002\u76f8\u624b\u306e\u3000\u7279\u9632\u3092\n\u304c\u304f\u3063\u3068\u3000\u3055\u3052\u308b\u3053\u3068\u304c\u3000\u3042\u308b\u3002",
      "language": {
        "name": "ja",
        "url": "https://pokeapi.co/api/v2/language/11/"
      },
      "version_group": {
        "name": "sun-moon",
        "url": "https://pokeapi.co/api/v2/version-group/17/"
      }
    },
    {
      "flavor_text": "\u4ece\u8eab\u4f53\u91cc\u4ea7\u751f\u51b2\u51fb\u6ce2\u3002\n\u6709\u65f6\u4f1a\u5927\u5e45\u964d\u4f4e\u5bf9\u624b\u7684\u7279\u9632\u3002",
      "language": {
        "name": "zh-Hans",
        "url": "https://pokeapi.co/api/v2/language/12/"
      },
      "version_group": {
        "name": "sun-moon",
        "url": "https://pokeapi.co/api/v2/version-group/17/"
      }
    },
    {
      "flavor_text": "\u304b\u3089\u3060\u306e\u3000\u306a\u304b\u304b\u3089\u3000\u3057\u3087\u3046\u3052\u304d\u306f\u3092\n\u306f\u3063\u305b\u3044\u3000\u3055\u305b\u308b\u3002\u3042\u3044\u3066\u306e\u3000\u3068\u304f\u307c\u3046\u3092\n\u304c\u304f\u3063\u3068\u3000\u3055\u3052\u308b\u3053\u3068\u304c\u3000\u3042\u308b\u3002",
      "language": {
        "name": "ja-Hrkt",
        "url": "https://pokeapi.co/api/v2/language/1/"
      },
      "version_group": {
        "name": "ultra-sun-ultra-moon",
        "url": "https://pokeapi.co/api/v2/version-group/18/"
      }
    },
    {
      "flavor_text": "\ubab8\uc18d\uc5d0\uc11c \ucda9\uaca9\ud30c\ub97c\n\ubc1c\uc0dd\uc2dc\ud0a8\ub2e4. \uc0c1\ub300\uc758 \ud2b9\uc218\ubc29\uc5b4\ub97c\n\ud06c\uac8c \ub5a8\uc5b4\ub728\ub9b4 \ub54c\uac00 \uc788\ub2e4.",
      "language": {
        "name": "ko",
        "url": "https://pokeapi.co/api/v2/language/3/"
      },
      "version_group": {
        "name": "ultra-sun-ultra-moon",
        "url": "https://pokeapi.co/api/v2/version-group/18/"
      }
    },
    {
      "flavor_text": "\u5f9e\u8eab\u9ad4\u88e1\u767c\u51fa\u885d\u64ca\u6ce2\u653b\u64ca\u5c0d\u624b\u3002\n\u6709\u6642\u6703\u5927\u5e45\u964d\u4f4e\u5c0d\u624b\u7684\u7279\u9632\u3002",
      "language": {
        "name": "zh-Hant",
        "url": "https://pokeapi.co/api/v2/language/4/"
      },
      "version_group": {
        "name": "ultra-sun-ultra-moon",
        "url": "https://pokeapi.co/api/v2/version-group/18/"
      }
    },
    {
      "flavor_text": "Le corps du lanceur \u00e9met une onde de choc.\nPeut aussi beaucoup baisser la D\u00e9fense Sp\u00e9ciale\nde la cible.",
      "language": {
        "name": "fr",
        "url": "https://pokeapi.co/api/v2/language/5/"
      },
      "version_group": {
        "name": "ultra-sun-ultra-moon",
        "url": "https://pokeapi.co/api/v2/version-group/18/"
      }
    },
    {
      "flavor_text": "Anwender erzeugt eine Schockwelle.\nSpezial-Verteidigung des Zieles wird\neventuell stark gesenkt.",
      "language": {
        "name": "de",
        "url": "https://pokeapi.co/api/v2/language/6/"
      },
      "version_group": {
        "name": "ultra-sun-ultra-moon",
        "url": "https://pokeapi.co/api/v2/version-group/18/"
      }
    },
    {
      "flavor_text": "Una onda de choque se libera del cuerpo. Puede \nbajar mucho la Defensa Especial del objetivo.",
      "language": {
        "name": "es",
        "url": "https://pokeapi.co/api/v2/language/7/"
      },
      "version_group": {
        "name": "ultra-sun-ultra-moon",
        "url": "https://pokeapi.co/api/v2/version-group/18/"
      }
    },
    {
      "flavor_text": "Chi la usa genera un\u2019onda d\u2019urto dal suo corpo.\nPu\u00f2 anche ridurre di molto la Difesa Speciale\ndel bersaglio.",
      "language": {
        "name": "it",
        "url": "https://pokeapi.co/api/v2/language/8/"
      },
      "version_group": {
        "name": "ultra-sun-ultra-moon",
        "url": "https://pokeapi.co/api/v2/version-group/18/"
      }
    },
    {
      "flavor_text": "The user emits a shock wave from its body to attack\nits target. This may also harshly lower the target\u2019s\nSp. Def stat.",
      "language": {
        "name": "en",
        "url": "https://pokeapi.co/api/v2/language/9/"
      },
      "version_group": {
        "name": "ultra-sun-ultra-moon",
        "url": "https://pokeapi.co/api/v2/version-group/18/"
      }
    },
    {
      "flavor_text": "\u4f53\u306e\u3000\u4e2d\u304b\u3089\u3000\u885d\u6483\u6ce2\u3092\n\u767a\u751f\u3055\u305b\u308b\u3002\u76f8\u624b\u306e\u3000\u7279\u9632\u3092\n\u304c\u304f\u3063\u3068\u3000\u3055\u3052\u308b\u3053\u3068\u304c\u3000\u3042\u308b\u3002",
      "language": {
        "name": "ja",
        "url": "https://pokeapi.co/api/v2/language/11/"
      },
      "version_group": {
        "name": "ultra-sun-ultra-moon",
        "url": "https://pokeapi.co/api/v2/version-group/18/"
      }
    },
    {
      "flavor_text": "\u4ece\u8eab\u4f53\u91cc\u4ea7\u751f\u51b2\u51fb\u6ce2\u3002\n\u6709\u65f6\u4f1a\u5927\u5e45\u964d\u4f4e\u5bf9\u624b\u7684\u7279\u9632\u3002",
      "language": {
        "name": "zh-Hans",
        "url": "https://pokeapi.co/api/v2/language/12/"
      },
      "version_group": {
        "name": "ultra-sun-ultra-moon",
        "url": "https://pokeapi.co/api/v2/version-group/18/"
      }
    },
    {
      "flavor_text": "\u304b\u3089\u3060\u306e\u3000\u306a\u304b\u304b\u3089\u3000\u3057\u3087\u3046\u3052\u304d\u306f\u3092\n\u306f\u3063\u305b\u3044\u3000\u3055\u305b\u308b\u3002\u3042\u3044\u3066\u306e\u3000\u3068\u304f\u307c\u3046\u3092\n\u304c\u304f\u3063\u3068\u3000\u3055\u3052\u308b\u3053\u3068\u304c\u3000\u3042\u308b\u3002",
      "language": {
        "name": "ja-Hrkt",
        "url": "https://pokeapi.co/api/v2/language/1/"
      },
      "version_group": {
        "name": "lets-go-pikachu-lets-go-eevee",
        "url": "https://pokeapi.co/api/v2/version-group/19/"
      }
    },
    {
      "flavor_text": "\ubab8\uc18d\uc5d0\uc11c \ucda9\uaca9\ud30c\ub97c\n\ubc1c\uc0dd\uc2dc\ud0a8\ub2e4. \uc0c1\ub300\uc758 \ud2b9\uc218\ubc29\uc5b4\ub97c\n\ud06c\uac8c \ub5a8\uc5b4\ub728\ub9b4 \ub54c\uac00 \uc788\ub2e4.",
      "language": {
        "name": "ko",
        "url": "https://pokeapi.co/api/v2/language/3/"
      },
      "version_group": {
        "name": "lets-go-pikachu-lets-go-eevee",
        "url": "https://pokeapi.co/api/v2/version-group/19/"
      }
    },
    {
      "flavor_text": "\u5f9e\u8eab\u9ad4\u88e1\u767c\u51fa\u885d\u64ca\u6ce2\u653b\u64ca\u5c0d\u624b\u3002\n\u6709\u6642\u6703\u5927\u5e45\u964d\u4f4e\u5c0d\u624b\u7684\u7279\u9632\u3002",
      "language": {
        "name": "zh-Hant",
        "url": "https://pokeapi.co/api/v2/language/4/"
      },
      "version_group": {
        "name": "lets-go-pikachu-lets-go-eevee",
        "url": "https://pokeapi.co/api/v2/version-group/19/"
      }
    },
    {
      "flavor_text": "Le corps du lanceur \u00e9met une onde de choc.\nPeut aussi beaucoup baisser la D\u00e9fense Sp\u00e9ciale\nde la cible.",
      "language": {
        "name": "fr",
        "url": "https://pokeapi.co/api/v2/language/5/"
      },
      "version_group": {
        "name": "lets-go-pikachu-lets-go-eevee",
        "url": "https://pokeapi.co/api/v2/version-group/19/"
      }
    },
    {
      "flavor_text": "Anwender erzeugt eine Schockwelle.\nSpezial-Verteidigung des Zieles wird\neventuell stark gesenkt.",
      "language": {
        "name": "de",
        "url": "https://pokeapi.co/api/v2/language/6/"
      },
      "version_group": {
        "name": "lets-go-pikachu-lets-go-eevee",
        "url": "https://pokeapi.co/api/v2/version-group/19/"
      }
    },
    {
      "flavor_text": "Una onda de choque se libera del cuerpo. Puede \nbajar mucho la Defensa Especial del objetivo.",
      "language": {
        "name": "es",
        "url": "https://pokeapi.co/api/v2/language/7/"
      },
      "version_group": {
        "name": "lets-go-pikachu-lets-go-eevee",
        "url": "https://pokeapi.co/api/v2/version-group/19/"
      }
    },
    {
      "flavor_text": "Chi la usa genera un\u2019onda d\u2019urto dal suo corpo.\nPu\u00f2 anche ridurre di molto la Difesa Speciale\ndel bersaglio.",
      "language": {
        "name": "it",
        "url": "https://pokeapi.co/api/v2/language/8/"
      },
      "version_group": {
        "name": "lets-go-pikachu-lets-go-eevee",
        "url": "https://pokeapi.co/api/v2/version-group/19/"
      }
    },
    {
      "flavor_text": "The user emits a shock wave from its body to attack\nits target. This may also harshly lower the target\u2019s\nSp. Def stat.",
      "language": {
        "name": "en",
        "url": "https://pokeapi.co/api/v2/language/9/"
      },
      "version_group": {
        "name": "lets-go-pikachu-lets-go-eevee",
        "url": "https://pokeapi.co/api/v2/version-group/19/"
      }
    },
    {
      "flavor_text": "\u4f53\u306e\u3000\u4e2d\u304b\u3089\u3000\u885d\u6483\u6ce2\u3092\n\u767a\u751f\u3055\u305b\u308b\u3002\u76f8\u624b\u306e\u3000\u7279\u9632\u3092\n\u304c\u304f\u3063\u3068\u3000\u3055\u3052\u308b\u3053\u3068\u304c\u3000\u3042\u308b\u3002",
      "language": {
        "name": "ja",
        "url": "https://pokeapi.co/api/v2/language/11/"
      },
      "version_group": {
        "name": "lets-go-pikachu-lets-go-eevee",
        "url": "https://pokeapi.co/api/v2/version-group/19/"
      }
    },
    {
      "flavor_text": "\u4ece\u8eab\u4f53\u91cc\u4ea7\u751f\u51b2\u51fb\u6ce2\u3002\n\u6709\u65f6\u4f1a\u5927\u5e45\u964d\u4f4e\u5bf9\u624b\u7684\u7279\u9632\u3002",
      "language": {
        "name": "zh-Hans",
        "url": "https://pokeapi.co/api/v2/language/12/"
      },
      "version_group": {
        "name": "lets-go-pikachu-lets-go-eevee",
        "url": "https://pokeapi.co/api/v2/version-group/19/"
      }
    },
    {
      "flavor_text": "\u304b\u3089\u3060\u306e\u3000\u306a\u304b\u304b\u3089\u3000\u3057\u3087\u3046\u3052\u304d\u306f\u3092\n\u306f\u3063\u305b\u3044\u3000\u3055\u305b\u308b\u3002\u3042\u3044\u3066\u306e\u3000\u3068\u304f\u307c\u3046\u3092\n\u304c\u304f\u3063\u3068\u3000\u3055\u3052\u308b\u3053\u3068\u304c\u3000\u3042\u308b\u3002",
      "language": {
        "name": "ja-Hrkt",
        "url": "https://pokeapi.co/api/v2/language/1/"
      },
      "version_group": {
        "name": "sword-shield",
        "url": "https://pokeapi.co/api/v2/version-group/20/"
      }
    },
    {
      "flavor_text": "\ubab8\uc18d\uc5d0\uc11c \ucda9\uaca9\ud30c\ub97c\n\ubc1c\uc0dd\uc2dc\ud0a8\ub2e4. \uc0c1\ub300\uc758 \ud2b9\uc218\ubc29\uc5b4\ub97c\n\ud06c\uac8c \ub5a8\uc5b4\ub728\ub9b4 \ub54c\uac00 \uc788\ub2e4.",
      "language": {
        "name": "ko",
        "url": "https://pokeapi.co/api/v2/language/3/"
      },
      "version_group": {
        "name": "sword-shield",
        "url": "https://pokeapi.co/api/v2/version-group/20/"
      }
    },
    {
      "flavor_text": "\u5f9e\u8eab\u9ad4\u88e1\u767c\u51fa\u885d\u64ca\u6ce2\u653b\u64ca\u5c0d\u624b\u3002\n\u6709\u6642\u6703\u5927\u5e45\u964d\u4f4e\u5c0d\u624b\u7684\u7279\u9632\u3002",
      "language": {
        "name": "zh-Hant",
        "url": "https://pokeapi.co/api/v2/language/4/"
      },
      "version_group": {
        "name": "sword-shield",
        "url": "https://pokeapi.co/api/v2/version-group/20/"
      }
    },
    {
      "flavor_text": "Le corps du lanceur \u00e9met une onde de choc.\nPeut aussi beaucoup baisser la D\u00e9fense Sp\u00e9ciale\nde la cible.",
      "language": {
        "name": "fr",
        "url": "https://pokeapi.co/api/v2/language/5/"
      },
      "version_group": {
        "name": "sword-shield",
        "url": "https://pokeapi.co/api/v2/version-group/20/"
      }
    },
    {
      "flavor_text": "Anwender erzeugt eine Schockwelle.\nSpezial-Verteidigung des Zieles wird\neventuell stark gesenkt.",
      "language": {
        "name": "de",
        "url": "https://pokeapi.co/api/v2/language/6/"
      },
      "version_group": {
        "name": "sword-shield",
        "url": "https://pokeapi.co/api/v2/version-group/20/"
      }
    },
    {
      "flavor_text": "Una onda de choque se libera del cuerpo. Puede bajar\nmucho la Defensa Especial del objetivo.",
      "language": {
        "name": "es",
        "url": "https://pokeapi.co/api/v2/language/7/"
      },
      "version_group": {
        "name": "sword-shield",
        "url": "https://pokeapi.co/api/v2/version-group/20/"
      }
    },
    {
      "flavor_text": "Chi la usa genera un\u2019onda d\u2019urto dal suo corpo.\nPu\u00f2 anche ridurre di molto la Difesa Speciale\ndel bersaglio.",
      "language": {
        "name": "it",
        "url": "https://pokeapi.co/api/v2/language/8/"
      },
      "version_group": {
        "name": "sword-shield",
        "url": "https://pokeapi.co/api/v2/version-group/20/"
      }
    },
    {
      "flavor_text": "The user emits a shock wave from its body to attack\nits target. This may also harshly lower the target\u2019s\nSp. Def stat.",
      "language": {
        "name": "en",
        "url": "https://pokeapi.co/api/v2/language/9/"
      },
      "version_group": {
        "name": "sword-shield",
        "url": "https://pokeapi.co/api/v2/version-group/20/"
      }
    },
    {
      "flavor_text": "\u4f53\u306e\u3000\u4e2d\u304b\u3089\u3000\u885d\u6483\u6ce2\u3092\n\u767a\u751f\u3055\u305b\u308b\u3002\u76f8\u624b\u306e\u3000\u7279\u9632\u3092\n\u304c\u304f\u3063\u3068\u3000\u3055\u3052\u308b\u3053\u3068\u304c\u3000\u3042\u308b\u3002",
      "language": {
        "name": "ja",
        "url": "https://pokeapi.co/api/v2/language/11/"
      },
      "version_group": {
        "name": "sword-shield",
        "url": "https://pokeapi.co/api/v2/version-group/20/"
      }
    },
    {
      "flavor_text": "\u4ece\u8eab\u4f53\u91cc\u4ea7\u751f\u51b2\u51fb\u6ce2\u3002\n\u6709\u65f6\u4f1a\u5927\u5e45\u964d\u4f4e\u5bf9\u624b\u7684\u7279\u9632\u3002",
      "language": {
        "name": "zh-Hans",
        "url": "https://pokeapi.co/api/v2/language/12/"
      },
      "version_group": {
        "name": "sword-shield",
        "url": "https://pokeapi.co/api/v2/version-group/20/"
      }
    },
    {
      "flavor_text": "The user emits a shock wave from its body to attack its target. This may also lower the target\u2019s defensive stats.",
      "language": {
        "name": "en",
        "url": "https://pokeapi.co/api/v2/language/9/"
      },
      "version_group": {
        "name": "legends-arceus",
        "url": "https://pokeapi.co/api/v2/version-group/24/"
      }
    },
    {
      "flavor_text": "The user emits a shock wave from its body to attack its target. This may also harshly lower the target's Sp. Def stat.",
      "language": {
        "name": "en",
        "url": "https://pokeapi.co/api/v2/language/9/"
      },
      "version_group": {
        "name": "scarlet-violet",
        "url": "https://pokeapi.co/api/v2/version-group/25/"
      }
    }
  ],
  "generation": {
    "name": "generation-iv",
    "url": "https://pokeapi.co/api/v2/generation/4/"
  },
  "id": 465,
  "learned_by_pokemon": [
    {
      "name": "shaymin-land",
      "url": "https://pokeapi.co/api/v2/pokemon/492/"
    },
    {
      "name": "shaymin-sky",
      "url": "https://pokeapi.co/api/v2/pokemon/10006/"
    }
  ],
  "machines": [],
  "meta": {
    "ailment": {
      "name": "none",
      "url": "https://pokeapi.co/api/v2/move-ailment/0/"
    },
    "ailment_chance": 0,
    "category": {
      "name": "damage+lower",
      "url": "https://pokeapi.co/api/v2/move-category/6/"
    },
    "crit_rate": 0,
    "drain": 0,
    "flinch_chance": 0,
    "healing": 0,
    "max_hits": null,
    "max_turns": null,
    "min_hits": null,
    "min_turns": null,
    "stat_chance": 40
  },
  "name": "seed-flare",
  "names": [
    {
      "language": {
        "name": "ja-Hrkt",
        "url": "https://pokeapi.co/api/v2/language/1/"
      },
      "name": "\u30b7\u30fc\u30c9\u30d5\u30ec\u30a2"
    },
    {
      "language": {
        "name": "ko",
        "url": "https://pokeapi.co/api/v2/language/3/"
      },
      "name": "\uc2dc\ub4dc\ud50c\ub808\uc5b4"
    },
    {
      "language": {
        "name": "zh-Hant",
        "url": "https://pokeapi.co/api/v2/language/4/"
      },
      "name": "\u7a2e\u5b50\u9583\u5149"
    },
    {
      "language": {
        "name": "fr",
        "url": "https://pokeapi.co/api/v2/language/5/"
      },
      "name": "Fulmigraine"
    },
    {
      "language": {
        "name": "de",
        "url": "https://pokeapi.co/api/v2/language/6/"
      },
      "name": "Schocksamen"
    },
    {
      "language": {
        "name": "es",
        "url": "https://pokeapi.co/api/v2/language/7/"
      },
      "name": "Fogonazo"
    },
    {
      "language": {
        "name": "it",
        "url": "https://pokeapi.co/api/v2/language/8/"
      },
      "name": "Infuriaseme"
    },
    {
      "language": {
        "name": "en",
        "url": "https://pokeapi.co/api/v2/language/9/"
      },
      "name": "Seed Flare"
    },
    {
      "language": {
        "name": "ja",
        "url": "https://pokeapi.co/api/v2/language/11/"
      },
      "name": "\u30b7\u30fc\u30c9\u30d5\u30ec\u30a2"
    },
    {
      "language": {
        "name": "zh-Hans",
        "url": "https://pokeapi.co/api/v2/language/12/"
      },
      "name": "\u79cd\u5b50\u95ea\u5149"
    }
  ],
  "past_values": [],
  "power": 120,
  "pp": 5,
  "priority": 0,
  "stat_changes": [
    {
      "change": -2,
      "stat": {
        "name": "special-defense",
        "url": "https://pokeapi.co/api/v2/stat/5/"
      }
    }
  ],
  "super_contest_effect": {
    "url": "https://pokeapi.co/api/v2/super-contest-effect/22/"
  },
  "target": {
    "name": "selected-pokemon",
    "url": "https://pokeapi.co/api/v2/move-target/10/"
  },
  "type": {
    "name": "grass",
    "url": "https://pokeapi.co/api/v2/type/12/"
  }
}