{
  "accuracy": 100,
  "contest_combos": null,
  "contest_effect": null,
  "contest_type": null,
  "damage_class": {
    "name": "physical",
    "url": "https://pokeapi.co/api/v2/move-damage-class/2/"
  },
  "effect_chance": null,
  "effect_changes": [],
  "effect_entries": [],
  "flavor_text_entries": [
    {
      "flavor_text": "The user transforms and crashes to the ground, causing a massive prehistoric explosion. This move's power is boosted more than usual if it\u2019s a supereffective hit.",
      "language": {
        "name": "en",
        "url": "https://pokeapi.co/api/v2/language/9/"
      },
      "version_group": {
        "name": "scarlet-violet",
        "url": "https://pokeapi.co/api/v2/version-group/25/"
      }
    }
  ],
  "generation": {
    "name": "generation-ix",
    "url": "https://pokeapi.co/api/v2/generation/9/"
  },
  "id": 878,
  "learned_by_pokemon": [
    {
      "name": "koraidon",
      "url": "https://pokeapi.co/api/v2/pokemon/1007/"
    },
    {
      "name": "koraidon-limited-build",
      "url": "https://pokeapi.co/api/v2/pokemon/10264/"
    },
    {
      "name": "koraidon-sprinting-build",
      "url": "https://pokeapi.co/api/v2/pokemon/10265/"
    },
    {
      "name": "koraidon-swimming-build",
      "url": "https://pokeapi.co/api/v2/pokemon/10266/"
    },
    {
      "name": "koraidon-gliding-build",
      "url": "https://pokeapi.co/api/v2/pokemon/10267/"
    }
  ],
  "machines": [],
  "meta": null,
  "name": "collision-course",
  "names": [
    {
      "language": {
        "name": "ja-Hrkt",
        "url": "https://pokeapi.co/api/v2/language/1/"
      },
      "name": "\u30a2\u30af\u30bb\u30eb\u30d6\u30ec\u30a4\u30af"
    },
    {
      "language": {
        "name": "zh-Hant",
        "url": "https://pokeapi.co/api/v2/language/4/"
      },
      "name": "\u5168\u5f00\u731b\u649e"
    },
    {
      "language": {
        "name": "it",
        "url": "https://pokeapi.co/api/v2/language/8/"
      },
      "name": "Turboschianto"
    },
    {
      "language": {
        "name": "en",
        "url": "https://pokeapi.co/api/v2/language/9/"
      },
      "name": "Collision Course"
    },
    {
      "language": {
        "name": "ja",
        "url": "https://pokeapi.co/api/v2/language/11/"
      },
      "name": "\u30a2\u30af\u30bb\u30eb\u30d6\u30ec\u30a4\u30af"
    }
  ],
  "past_values": [],
  "power": 100,
  "pp": 5,
  "priority": 0,
  "stat_changes": [],
  "super_contest_effect": null,
  "target": {
    "name": "selected-pokemon",
    "url": "https://pokeapi.co/api/v2/move-target/10/"
  },
  "type": {
    "name": "fighting",
    "url": "https://pokeapi.co/api/v2/type/2/"
  }
}