{
  "accuracy": 85,
  "contest_combos": null,
  "contest_effect": {
    "url": "https://pokeapi.co/api/v2/contest-effect/15/"
  },
  "contest_type": {
    "name": "cute",
    "url": "https://pokeapi.co/api/v2/contest-type/3/"
  },
  "damage_class": {
    "name": "physical",
    "url": "https://pokeapi.co/api/v2/move-damage-class/2/"
  },
  "effect_chance": 30,
  "effect_changes": [],
  "effect_entries": [
    {
      "effect": "Inflicts regular damage.  User bounces high into the air for one turn, becoming immune to attack, and hits on the second turn.  Has a 30% chance to paralyze the target.\n\nDuring the immune turn, gust, hurricane, sky uppercut, smack down, thunder, and twister still hit the user normally.  gust and twister also have double power against the user.\n\nThe damage from hail and sandstorm still applies during the immune turn.\n\nThe user may be hit during its immune turn if under the effect of lock on, mind reader, or no guard.\n\nThis move cannot be used while gravity is in effect.\n\nThis move cannot be selected by sleep talk.",
      "language": {
        "name": "en",
        "url": "https://pokeapi.co/api/v2/language/9/"
      },
      "short_effect": "User bounces high into the air, dodging all attacks, and hits next turn."
    }
  ],
  "flavor_text_entries": [
    {
      "flavor_text": "Bounces up, then down the\nnext turn. May paralyze.",
      "language": {
        "name": "en",
        "url": "https://pokeapi.co/api/v2/language/9/"
      },
      "version_group": {
        "name": "ruby-sapphire",
        "url": "https://pokeapi.co/api/v2/version-group/5/"
      }
    },
    {
      "flavor_text": "Bounces up, then down the\nnext turn. May paralyze.",
      "language": {
        "name": "en",
        "url": "https://pokeapi.co/api/v2/language/9/"
      },
      "version_group": {
        "name": "emerald",
        "url": "https://pokeapi.co/api/v2/version-group/6/"
      }
    },
    {
      "flavor_text": "The user bounces\non the foe on the\n2nd turn. It may\nparalyze the foe.",
      "language": {
        "name": "en",
        "url": "https://pokeapi.co/api/v2/language/9/"
      },
      "version_group": {
        "name": "firered-leafgreen",
        "url": "https://pokeapi.co/api/v2/version-group/7/"
      }
    },
    {
      "flavor_text": "The user bounces up\nhigh, then drops on\nthe foe on the second\nturn. It may also\nparalyze the foe.",
      "language": {
        "name": "en",
        "url": "https://pokeapi.co/api/v2/language/9/"
      },
      "version_group": {
        "name": "diamond-pearl",
        "url": "https://pokeapi.co/api/v2/version-group/8/"
      }
    },
    {
      "flavor_text": "The user bounces up\nhigh, then drops on\nthe foe on the second\nturn. It may also\nparalyze the foe.",
      "language": {
        "name": "en",
        "url": "https://pokeapi.co/api/v2/language/9/"
      },
      "version_group": {
        "name": "platinum",
        "url": "https://pokeapi.co/api/v2/version-group/9/"
      }
    },
    {
      "flavor_text": "The user bounces up\nhigh, then drops on\nthe foe on the second\nturn. It may also\nparalyze the foe.",
      "language": {
        "name": "en",
        "url": "https://pokeapi.co/api/v2/language/9/"
      },
      "version_group": {
        "name": "heartgold-soulsilver",
        "url": "https://pokeapi.co/api/v2/version-group/10/"
      }
    },
    {
      "flavor_text": "Le lanceur bondit tr\u00e8s haut et plonge\nsur l\u2019ennemi au 2\u00e8 tour. Peut aussi\nparalyser l\u2019ennemi.",
      "language": {
        "name": "fr",
        "url": "https://pokeapi.co/api/v2/language/5/"
      },
      "version_group": {
        "name": "black-white",
        "url": "https://pokeapi.co/api/v2/version-group/11/"
      }
    },
    {
      "flavor_text": "The user bounces up high, then drops on\nthe target on the second turn. It may\nalso leave the target with paralysis.",
      "language": {
        "name": "en",
        "url": "https://pokeapi.co/api/v2/language/9/"
      },
      "version_group": {
        "name": "black-white",
        "url": "https://pokeapi.co/api/v2/version-group/11/"
      }
    },
    {
      "flavor_text": "The user bounces up high, then drops on\nthe target on the second turn. It may\nalso leave the target with paralysis.",
      "language": {
        "name": "en",
        "url": "https://pokeapi.co/api/v2/language/9/"
      },
      "version_group": {
        "name": "black-2-white-2",
        "url": "https://pokeapi.co/api/v2/version-group/14/"
      }
    },
    {
      "flavor_text": "\u305d\u3089\u305f\u304b\u304f\u3000\u3068\u3073\u306f\u306d\u3066\n\uff12\u30bf\u30fc\u30f3\u3081\u306b\u3000\u3042\u3044\u3066\u3092\u3000\u3053\u3046\u3052\u304d\u3059\u308b\u3002\n\u307e\u3072\u3000\u3058\u3087\u3046\u305f\u3044\u306b\u3000\u3059\u308b\u3053\u3068\u304c\u3000\u3042\u308b\u3002",
      "language": {
        "name": "ja-Hrkt",
        "url": "https://pokeapi.co/api/v2/language/1/"
      },
      "version_group": {
        "name": "x-y",
        "url": "https://pokeapi.co/api/v2/version-group/15/"
      }
    },
    {
      "flavor_text": "\ud558\ub298 \ub192\uc774 \ub6f0\uc5b4\uc62c\ub77c\n2\ud134\uc9f8\uc5d0 \uc0c1\ub300\ub97c \uacf5\uaca9\ud55c\ub2e4.\n\ub9c8\ube44 \uc0c1\ud0dc\ub85c \ub9cc\ub4e4 \ub54c\uac00 \uc788\ub2e4.",
      "language": {
        "name": "ko",
        "url": "https://pokeapi.co/api/v2/language/3/"
      },
      "version_group": {
        "name": "x-y",
        "url": "https://pokeapi.co/api/v2/version-group/15/"
      }
    },
    {
      "flavor_text": "Le lanceur bondit tr\u00e8s haut et plonge sur l\u2019ennemi\nau second tour. Peut aussi le paralyser.",
      "language": {
        "name": "fr",
        "url": "https://pokeapi.co/api/v2/language/5/"
      },
      "version_group": {
        "name": "x-y",
        "url": "https://pokeapi.co/api/v2/version-group/15/"
      }
    },
    {
      "flavor_text": "Angreifer springt und landet in der n\u00e4chsten Runde\nauf dem Ziel. Das Ziel wird eventuell paralysiert.",
      "language": {
        "name": "de",
        "url": "https://pokeapi.co/api/v2/language/6/"
      },
      "version_group": {
        "name": "x-y",
        "url": "https://pokeapi.co/api/v2/version-group/15/"
      }
    },
    {
      "flavor_text": "Primer turno: bota. Segundo turno: golpea. Puede\nparalizar.",
      "language": {
        "name": "es",
        "url": "https://pokeapi.co/api/v2/language/7/"
      },
      "version_group": {
        "name": "x-y",
        "url": "https://pokeapi.co/api/v2/version-group/15/"
      }
    },
    {
      "flavor_text": "Chi la usa balza in alto e ricade sul bersaglio dopo\nun turno. Pu\u00f2 anche paralizzarlo.",
      "language": {
        "name": "it",
        "url": "https://pokeapi.co/api/v2/language/8/"
      },
      "version_group": {
        "name": "x-y",
        "url": "https://pokeapi.co/api/v2/version-group/15/"
      }
    },
    {
      "flavor_text": "The user bounces up high, then drops on\nthe target on the second turn. This may\nalso leave the target with paralysis.",
      "language": {
        "name": "en",
        "url": "https://pokeapi.co/api/v2/language/9/"
      },
      "version_group": {
        "name": "x-y",
        "url": "https://pokeapi.co/api/v2/version-group/15/"
      }
    },
    {
      "flavor_text": "\u7a7a\u9ad8\u304f\u3000\u98db\u3073\u8df3\u306d\u3066\n\uff12\u30bf\u30fc\u30f3\u76ee\u306b\u3000\u76f8\u624b\u3092\u3000\u653b\u6483\u3059\u308b\u3002\n\u307e\u3072\u72b6\u614b\u306b\u3000\u3059\u308b\u3053\u3068\u304c\u3000\u3042\u308b\u3002",
      "language": {
        "name": "ja",
        "url": "https://pokeapi.co/api/v2/language/11/"
      },
      "version_group": {
        "name": "x-y",
        "url": "https://pokeapi.co/api/v2/version-group/15/"
      }
    },
    {
      "flavor_text": "\u305d\u3089\u305f\u304b\u304f\u3000\u3068\u3073\u306f\u306d\u3066\n\uff12\u30bf\u30fc\u30f3\u3081\u306b\u3000\u3042\u3044\u3066\u3092\u3000\u3053\u3046\u3052\u304d\u3059\u308b\u3002\n\u307e\u3072\u3000\u3058\u3087\u3046\u305f\u3044\u306b\u3000\u3059\u308b\u3053\u3068\u304c\u3000\u3042\u308b\u3002",
      "language": {
        "name": "ja-Hrkt",
        "url": "https://pokeapi.co/api/v2/language/1/"
      },
      "version_group": {
        "name": "omega-ruby-alpha-sapphire",
        "url": "https://pokeapi.co/api/v2/version-group/16/"
      }
    },
    {
      "flavor_text": "\ud558\ub298 \ub192\uc774 \ub6f0\uc5b4\uc62c\ub77c\n2\ud134\uc9f8\uc5d0 \uc0c1\ub300\ub97c \uacf5\uaca9\ud55c\ub2e4.\n\ub9c8\ube44 \uc0c1\ud0dc\ub85c \ub9cc\ub4e4 \ub54c\uac00 \uc788\ub2e4.",
      "language": {
        "name": "ko",
        "url": "https://pokeapi.co/api/v2/language/3/"
      },
      "version_group": {
        "name": "omega-ruby-alpha-sapphire",
        "url": "https://pokeapi.co/api/v2/version-group/16/"
      }
    },
    {
      "flavor_text": "Le lanceur bondit tr\u00e8s haut et plonge sur l\u2019ennemi\nau second tour. Peut aussi le paralyser.",
      "language": {
        "name": "fr",
        "url": "https://pokeapi.co/api/v2/language/5/"
      },
      "version_group": {
        "name": "omega-ruby-alpha-sapphire",
        "url": "https://pokeapi.co/api/v2/version-group/16/"
      }
    },
    {
      "flavor_text": "Angreifer springt und landet in der n\u00e4chsten Runde\nauf dem Ziel. Das Ziel wird eventuell paralysiert.",
      "language": {
        "name": "de",
        "url": "https://pokeapi.co/api/v2/language/6/"
      },
      "version_group": {
        "name": "omega-ruby-alpha-sapphire",
        "url": "https://pokeapi.co/api/v2/version-group/16/"
      }
    },
    {
      "flavor_text": "Primer turno: bota. Segundo turno: golpea. Puede \nparalizar.",
      "language": {
        "name": "es",
        "url": "https://pokeapi.co/api/v2/language/7/"
      },
      "version_group": {
        "name": "omega-ruby-alpha-sapphire",
        "url": "https://pokeapi.co/api/v2/version-group/16/"
      }
    },
    {
      "flavor_text": "Chi la usa balza in alto e ricade sul bersaglio dopo\nun turno. Pu\u00f2 anche paralizzarlo.",
      "language": {
        "name": "it",
        "url": "https://pokeapi.co/api/v2/language/8/"
      },
      "version_group": {
        "name": "omega-ruby-alpha-sapphire",
        "url": "https://pokeapi.co/api/v2/version-group/16/"
      }
    },
    {
      "flavor_text": "The user bounces up high, then drops on\nthe target on the second turn. This may\nalso leave the target with paralysis.",
      "language": {
        "name": "en",
        "url": "https://pokeapi.co/api/v2/language/9/"
      },
      "version_group": {
        "name": "omega-ruby-alpha-sapphire",
        "url": "https://pokeapi.co/api/v2/version-group/16/"
      }
    },
    {
      "flavor_text": "\u7a7a\u9ad8\u304f\u3000\u98db\u3073\u8df3\u306d\u3066\n\uff12\u30bf\u30fc\u30f3\u76ee\u306b\u3000\u76f8\u624b\u3092\u3000\u653b\u6483\u3059\u308b\u3002\n\u307e\u3072\u72b6\u614b\u306b\u3000\u3059\u308b\u3053\u3068\u304c\u3000\u3042\u308b\u3002",
      "language": {
        "name": "ja",
        "url": "https://pokeapi.co/api/v2/language/11/"
      },
      "version_group": {
        "name": "omega-ruby-alpha-sapphire",
        "url": "https://pokeapi.co/api/v2/version-group/16/"
      }
    },
    {
      "flavor_text": "\u305d\u3089\u305f\u304b\u304f\u3000\u3068\u3073\u306f\u306d\u3066\n\uff12\u30bf\u30fc\u30f3\u3081\u306b\u3000\u3042\u3044\u3066\u3092\u3000\u3053\u3046\u3052\u304d\u3059\u308b\u3002\n\u307e\u3072\u3000\u3058\u3087\u3046\u305f\u3044\u306b\u3000\u3059\u308b\u3053\u3068\u304c\u3000\u3042\u308b\u3002",
      "language": {
        "name": "ja-Hrkt",
        "url": "https://pokeapi.co/api/v2/language/1/"
      },
      "version_group": {
        "name": "sun-moon",
        "url": "https://pokeapi.co/api/v2/version-group/17/"
      }
    },
    {
      "flavor_text": "\ud558\ub298 \ub192\uc774 \ub6f0\uc5b4\uc62c\ub77c\n2\ud134\uc9f8\uc5d0 \uc0c1\ub300\ub97c \uacf5\uaca9\ud55c\ub2e4.\n\ub9c8\ube44 \uc0c1\ud0dc\ub85c \ub9cc\ub4e4 \ub54c\uac00 \uc788\ub2e4.",
      "language": {
        "name": "ko",
        "url": "https://pokeapi.co/api/v2/language/3/"
      },
      "version_group": {
        "name": "sun-moon",
        "url": "https://pokeapi.co/api/v2/version-group/17/"
      }
    },
    {
      "flavor_text": "\u5f48\u8df3\u5230\u9ad8\u7a7a\u4e2d\uff0c\n\u5728\u4e0b\u4e00\u56de\u5408\u653b\u64ca\u5c0d\u624b\u3002\n\u6709\u6642\u6703\u8b93\u5c0d\u624b\u9677\u5165\u9ebb\u75fa\u72c0\u614b\u3002",
      "language": {
        "name": "zh-Hant",
        "url": "https://pokeapi.co/api/v2/language/4/"
      },
      "version_group": {
        "name": "sun-moon",
        "url": "https://pokeapi.co/api/v2/version-group/17/"
      }
    },
    {
      "flavor_text": "Le lanceur bondit tr\u00e8s haut et plonge sur l\u2019ennemi\nau second tour. Peut aussi le paralyser.",
      "language": {
        "name": "fr",
        "url": "https://pokeapi.co/api/v2/language/5/"
      },
      "version_group": {
        "name": "sun-moon",
        "url": "https://pokeapi.co/api/v2/version-group/17/"
      }
    },
    {
      "flavor_text": "Angreifer springt und landet in der n\u00e4chsten Runde\nauf dem Ziel. Das Ziel wird eventuell paralysiert.",
      "language": {
        "name": "de",
        "url": "https://pokeapi.co/api/v2/language/6/"
      },
      "version_group": {
        "name": "sun-moon",
        "url": "https://pokeapi.co/api/v2/version-group/17/"
      }
    },
    {
      "flavor_text": "Primer turno: bota. Segundo turno: golpea. Puede \nparalizar.",
      "language": {
        "name": "es",
        "url": "https://pokeapi.co/api/v2/language/7/"
      },
      "version_group": {
        "name": "sun-moon",
        "url": "https://pokeapi.co/api/v2/version-group/17/"
      }
    },
    {
      "flavor_text": "Chi la usa balza in alto e ricade sul bersaglio dopo\nun turno. Pu\u00f2 anche paralizzarlo.",
      "language": {
        "name": "it",
        "url": "https://pokeapi.co/api/v2/language/8/"
      },
      "version_group": {
        "name": "sun-moon",
        "url": "https://pokeapi.co/api/v2/version-group/17/"
      }
    },
    {
      "flavor_text": "The user bounces up high, then drops on the target\non the second turn. This may also leave the target\nwith paralysis.",
      "language": {
        "name": "en",
        "url": "https://pokeapi.co/api/v2/language/9/"
      },
      "version_group": {
        "name": "sun-moon",
        "url": "https://pokeapi.co/api/v2/version-group/17/"
      }
    },
    {
      "flavor_text": "\u7a7a\u9ad8\u304f\u3000\u98db\u3073\u8df3\u306d\u3066\n\uff12\u30bf\u30fc\u30f3\u76ee\u306b\u3000\u76f8\u624b\u3092\u3000\u653b\u6483\u3059\u308b\u3002\n\u307e\u3072\u72b6\u614b\u306b\u3000\u3059\u308b\u3053\u3068\u304c\u3000\u3042\u308b\u3002",
      "language": {
        "name": "ja",
        "url": "https://pokeapi.co/api/v2/language/11/"
      },
      "version_group": {
        "name": "sun-moon",
        "url": "https://pokeapi.co/api/v2/version-group/17/"
      }
    },
    {
      "flavor_text": "\u5f39\u8df3\u5230\u9ad8\u9ad8\u7684\u7a7a\u4e2d\uff0c\n\u7b2c\uff12\u56de\u5408\u653b\u51fb\u5bf9\u624b\u3002\n\u6709\u65f6\u4f1a\u8ba9\u5bf9\u624b\u9677\u5165\u9ebb\u75f9\u72b6\u6001\u3002",
      "language": {
        "name": "zh-Hans",
        "url": "https://pokeapi.co/api/v2/language/12/"
      },
      "version_group": {
        "name": "sun-moon",
        "url": "https://pokeapi.co/api/v2/version-group/17/"
      }
    },
    {
      "flavor_text": "\u305d\u3089\u305f\u304b\u304f\u3000\u3068\u3073\u306f\u306d\u3066\n\uff12\u30bf\u30fc\u30f3\u3081\u306b\u3000\u3042\u3044\u3066\u3092\u3000\u3053\u3046\u3052\u304d\u3059\u308b\u3002\n\u307e\u3072\u3000\u3058\u3087\u3046\u305f\u3044\u306b\u3000\u3059\u308b\u3053\u3068\u304c\u3000\u3042\u308b\u3002",
      "language": {
        "name": "ja-Hrkt",
        "url": "https://pokeapi.co/api/v2/language/1/"
      },
      "version_group": {
        "name": "ultra-sun-ultra-moon",
        "url": "https://pokeapi.co/api/v2/version-group/18/"
      }
    },
    {
      "flavor_text": "\ud558\ub298 \ub192\uc774 \ub6f0\uc5b4\uc62c\ub77c\n2\ud134\uc9f8\uc5d0 \uc0c1\ub300\ub97c \uacf5\uaca9\ud55c\ub2e4.\n\ub9c8\ube44 \uc0c1\ud0dc\ub85c \ub9cc\ub4e4 \ub54c\uac00 \uc788\ub2e4.",
      "language": {
        "name": "ko",
        "url": "https://pokeapi.co/api/v2/language/3/"
      },
      "version_group": {
        "name": "ultra-sun-ultra-moon",
        "url": "https://pokeapi.co/api/v2/version-group/18/"
      }
    },
    {
      "flavor_text": "\u5f48\u8df3\u5230\u9ad8\u7a7a\u4e2d\uff0c\n\u5728\u4e0b\u4e00\u56de\u5408\u653b\u64ca\u5c0d\u624b\u3002\n\u6709\u6642\u6703\u8b93\u5c0d\u624b\u9677\u5165\u9ebb\u75fa\u72c0\u614b\u3002",
      "language": {
        "name": "zh-Hant",
        "url": "https://pokeapi.co/api/v2/language/4/"
      },
      "version_group": {
        "name": "ultra-sun-ultra-moon",
        "url": "https://pokeapi.co/api/v2/version-group/18/"
      }
    },
    {
      "flavor_text": "Le lanceur bondit tr\u00e8s haut et plonge sur l\u2019ennemi\nau second tour. Peut aussi le paralyser.",
      "language": {
        "name": "fr",
        "url": "https://pokeapi.co/api/v2/language/5/"
      },
      "version_group": {
        "name": "ultra-sun-ultra-moon",
        "url": "https://pokeapi.co/api/v2/version-group/18/"
      }
    },
    {
      "flavor_text": "Angreifer springt und landet in der n\u00e4chsten Runde\nauf dem Ziel. Das Ziel wird eventuell paralysiert.",
      "language": {
        "name": "de",
        "url": "https://pokeapi.co/api/v2/language/6/"
      },
      "version_group": {
        "name": "ultra-sun-ultra-moon",
        "url": "https://pokeapi.co/api/v2/version-group/18/"
      }
    },
    {
      "flavor_text": "Primer turno: bota. Segundo turno: golpea. Puede \nparalizar.",
      "language": {
        "name": "es",
        "url": "https://pokeapi.co/api/v2/language/7/"
      },
      "version_group": {
        "name": "ultra-sun-ultra-moon",
        "url": "https://pokeapi.co/api/v2/version-group/18/"
      }
    },
    {
      "flavor_text": "Chi la usa balza in alto e ricade sul bersaglio dopo\nun turno. Pu\u00f2 anche paralizzarlo.",
      "language": {
        "name": "it",
        "url": "https://pokeapi.co/api/v2/language/8/"
      },
      "version_group": {
        "name": "ultra-sun-ultra-moon",
        "url": "https://pokeapi.co/api/v2/version-group/18/"
      }
    },
    {
      "flavor_text": "The user bounces up high, then drops on the target\non the second turn. This may also leave the target\nwith paralysis.",
      "language": {
        "name": "en",
        "url": "https://pokeapi.co/api/v2/language/9/"
      },
      "version_group": {
        "name": "ultra-sun-ultra-moon",
        "url": "https://pokeapi.co/api/v2/version-group/18/"
      }
    },
    {
      "flavor_text": "\u7a7a\u9ad8\u304f\u3000\u98db\u3073\u8df3\u306d\u3066\n\uff12\u30bf\u30fc\u30f3\u76ee\u306b\u3000\u76f8\u624b\u3092\u3000\u653b\u6483\u3059\u308b\u3002\n\u307e\u3072\u72b6\u614b\u306b\u3000\u3059\u308b\u3053\u3068\u304c\u3000\u3042\u308b\u3002",
      "language": {
        "name": "ja",
        "url": "https://pokeapi.co/api/v2/language/11/"
      },
      "version_group": {
        "name": "ultra-sun-ultra-moon",
        "url": "https://pokeapi.co/api/v2/version-group/18/"
      }
    },
    {
      "flavor_text": "\u5f39\u8df3\u5230\u9ad8\u9ad8\u7684\u7a7a\u4e2d\uff0c\n\u7b2c\uff12\u56de\u5408\u653b\u51fb\u5bf9\u624b\u3002\n\u6709\u65f6\u4f1a\u8ba9\u5bf9\u624b\u9677\u5165\u9ebb\u75f9\u72b6\u6001\u3002",
      "language": {
        "name": "zh-Hans",
        "url": "https://pokeapi.co/api/v2/language/12/"
      },
      "version_group": {
        "name": "ultra-sun-ultra-moon",
        "url": "https://pokeapi.co/api/v2/version-group/18/"
      }
    },
    {
      "flavor_text": "\u305d\u3089\u305f\u304b\u304f\u3000\u3068\u3073\u306f\u306d\u3066\n\uff12\u30bf\u30fc\u30f3\u3081\u306b\u3000\u3042\u3044\u3066\u3092\u3000\u3053\u3046\u3052\u304d\u3059\u308b\u3002\n\u307e\u3072\u3000\u3058\u3087\u3046\u305f\u3044\u306b\u3000\u3059\u308b\u3053\u3068\u304c\u3000\u3042\u308b\u3002",
      "language": {
        "name": "ja-Hrkt",
        "url": "https://pokeapi.co/api/v2/language/1/"
      },
      "version_group": {
        "name": "lets-go-pikachu-lets-go-eevee",
        "url": "https://pokeapi.co/api/v2/version-group/19/"
      }
    },
    {
      "flavor_text": "\ud558\ub298 \ub192\uc774 \ub6f0\uc5b4\uc62c\ub77c\n2\ud134\uc9f8\uc5d0 \uc0c1\ub300\ub97c \uacf5\uaca9\ud55c\ub2e4.\n\ub9c8\ube44 \uc0c1\ud0dc\ub85c \ub9cc\ub4e4 \ub54c\uac00 \uc788\ub2e4.",
      "language": {
        "name": "ko",
        "url": "https://pokeapi.co/api/v2/language/3/"
      },
      "version_group": {
        "name": "lets-go-pikachu-lets-go-eevee",
        "url": "https://pokeapi.co/api/v2/version-group/19/"
      }
    },
    {
      "flavor_text": "\u5f48\u8df3\u5230\u9ad8\u7a7a\u4e2d\uff0c\n\u5728\u4e0b\u4e00\u56de\u5408\u653b\u64ca\u5c0d\u624b\u3002\n\u6709\u6642\u6703\u8b93\u5c0d\u624b\u9677\u5165\u9ebb\u75fa\u72c0\u614b\u3002",
      "language": {
        "name": "zh-Hant",
        "url": "https://pokeapi.co/api/v2/language/4/"
      },
      "version_group": {
        "name": "lets-go-pikachu-lets-go-eevee",
        "url": "https://pokeapi.co/api/v2/version-group/19/"
      }
    },
    {
      "flavor_text": "Le lanceur bondit tr\u00e8s haut et plonge sur l\u2019ennemi\nau second tour. Peut aussi le paralyser.",
      "language": {
        "name": "fr",
        "url": "https://pokeapi.co/api/v2/language/5/"
      },
      "version_group": {
        "name": "lets-go-pikachu-lets-go-eevee",
        "url": "https://pokeapi.co/api/v2/version-group/19/"
      }
    },
    {
      "flavor_text": "Angreifer springt und landet in der n\u00e4chsten Runde\nauf dem Ziel. Das Ziel wird eventuell paralysiert.",
      "language": {
        "name": "de",
        "url": "https://pokeapi.co/api/v2/language/6/"
      },
      "version_group": {
        "name": "lets-go-pikachu-lets-go-eevee",
        "url": "https://pokeapi.co/api/v2/version-group/19/"
      }
    },
    {
      "flavor_text": "Primer turno: bota. Segundo turno: golpea. Puede \nparalizar.",
      "language": {
        "name": "es",
        "url": "https://pokeapi.co/api/v2/language/7/"
      },
      "version_group": {
        "name": "lets-go-pikachu-lets-go-eevee",
        "url": "https://pokeapi.co/api/v2/version-group/19/"
      }
    },
    {
      "flavor_text": "Chi la usa balza in alto e ricade sul bersaglio dopo\nun turno. Pu\u00f2 anche paralizzarlo.",
      "language": {
        "name": "it",
        "url": "https://pokeapi.co/api/v2/language/8/"
      },
      "version_group": {
        "name": "lets-go-pikachu-lets-go-eevee",
        "url": "https://pokeapi.co/api/v2/version-group/19/"
      }
    },
    {
      "flavor_text": "The user bounces up high, then drops on the target\non the second turn. This may also leave the target\nwith paralysis.",
      "language": {
        "name": "en",
        "url": "https://pokeapi.co/api/v2/language/9/"
      },
      "version_group": {
        "name": "lets-go-pikachu-lets-go-eevee",
        "url": "https://pokeapi.co/api/v2/version-group/19/"
      }
    },
    {
      "flavor_text": "\u7a7a\u9ad8\u304f\u3000\u98db\u3073\u8df3\u306d\u3066\n\uff12\u30bf\u30fc\u30f3\u76ee\u306b\u3000\u76f8\u624b\u3092\u3000\u653b\u6483\u3059\u308b\u3002\n\u307e\u3072\u72b6\u614b\u306b\u3000\u3059\u308b\u3053\u3068\u304c\u3000\u3042\u308b\u3002",
      "language": {
        "name": "ja",
        "url": "https://pokeapi.co/api/v2/language/11/"
      },
      "version_group": {
        "name": "lets-go-pikachu-lets-go-eevee",
        "url": "https://pokeapi.co/api/v2/version-group/19/"
      }
    },
    {
      "flavor_text": "\u5f39\u8df3\u5230\u9ad8\u9ad8\u7684\u7a7a\u4e2d\uff0c\n\u7b2c\uff12\u56de\u5408\u653b\u51fb\u5bf9\u624b\u3002\n\u6709\u65f6\u4f1a\u8ba9\u5bf9\u624b\u9677\u5165\u9ebb\u75f9\u72b6\u6001\u3002",
      "language": {
        "name": "zh-Hans",
        "url": "https://pokeapi.co/api/v2/language/12/"
      },
      "version_group": {
        "name": "lets-go-pikachu-lets-go-eevee",
        "url": "https://pokeapi.co/api/v2/version-group/19/"
      }
    },
    {
      "flavor_text": "\u305d\u3089\u305f\u304b\u304f\u3000\u3068\u3073\u306f\u306d\u3066\n\uff12\u30bf\u30fc\u30f3\u3081\u306b\u3000\u3042\u3044\u3066\u3092\u3000\u3053\u3046\u3052\u304d\u3059\u308b\u3002\n\u307e\u3072\u3000\u3058\u3087\u3046\u305f\u3044\u306b\u3000\u3059\u308b\u3053\u3068\u304c\u3000\u3042\u308b\u3002",
      "language": {
        "name": "ja-Hrkt",
        "url": "https://pokeapi.co/api/v2/language/1/"
      },
      "version_group": {
        "name": "sword-shield",
        "url": "https://pokeapi.co/api/v2/version-group/20/"
      }
    },
    {
      "flavor_text": "\ud558\ub298 \ub192\uc774 \ub6f0\uc5b4\uc62c\ub77c\n2\ud134\uc9f8\uc5d0 \uc0c1\ub300\ub97c \uacf5\uaca9\ud55c\ub2e4.\n\ub9c8\ube44 \uc0c1\ud0dc\ub85c \ub9cc\ub4e4 \ub54c\uac00 \uc788\ub2e4.",
      "language": {
        "name": "ko",
        "url": "https://pokeapi.co/api/v2/language/3/"
      },
      "version_group": {
        "name": "sword-shield",
        "url": "https://pokeapi.co/api/v2/version-group/20/"
      }
    },
    {
      "flavor_text": "\u5f48\u8df3\u5230\u9ad8\u7a7a\u4e2d\uff0c\n\u5728\u4e0b\u4e00\u56de\u5408\u653b\u64ca\u5c0d\u624b\u3002\n\u6709\u6642\u6703\u8b93\u5c0d\u624b\u9677\u5165\u9ebb\u75fa\u72c0\u614b\u3002",
      "language": {
        "name": "zh-Hant",
        "url": "https://pokeapi.co/api/v2/language/4/"
      },
      "version_group": {
        "name": "sword-shield",
        "url": "https://pokeapi.co/api/v2/version-group/20/"
      }
    },
    {
      "flavor_text": "Le lanceur bondit tr\u00e8s haut et plonge sur l\u2019ennemi\nau second tour. Peut aussi le paralyser.",
      "language": {
        "name": "fr",
        "url": "https://pokeapi.co/api/v2/language/5/"
      },
      "version_group": {
        "name": "sword-shield",
        "url": "https://pokeapi.co/api/v2/version-group/20/"
      }
    },
    {
      "flavor_text": "Anwender springt und landet in der n\u00e4chsten Runde\nauf dem Ziel. Das Ziel wird eventuell paralysiert.",
      "language": {
        "name": "de",
        "url": "https://pokeapi.co/api/v2/language/6/"
      },
      "version_group": {
        "name": "sword-shield",
        "url": "https://pokeapi.co/api/v2/version-group/20/"
      }
    },
    {
      "flavor_text": "El usuario bota en el primer turno y golpea al objetivo\nen el segundo y puede llegar a paralizarlo.",
      "language": {
        "name": "es",
        "url": "https://pokeapi.co/api/v2/language/7/"
      },
      "version_group": {
        "name": "sword-shield",
        "url": "https://pokeapi.co/api/v2/version-group/20/"
      }
    },
    {
      "flavor_text": "Chi la usa balza in alto e ricade sul bersaglio dopo\nun turno. Pu\u00f2 anche paralizzarlo.",
      "language": {
        "name": "it",
        "url": "https://pokeapi.co/api/v2/language/8/"
      },
      "version_group": {
        "name": "sword-shield",
        "url": "https://pokeapi.co/api/v2/version-group/20/"
      }
    },
    {
      "flavor_text": "The user bounces up high, then drops on the target\non the second turn. This may also leave the target\nwith paralysis.",
      "language": {
        "name": "en",
        "url": "https://pokeapi.co/api/v2/language/9/"
      },
      "version_group": {
        "name": "sword-shield",
        "url": "https://pokeapi.co/api/v2/version-group/20/"
      }
    },
    {
      "flavor_text": "\u7a7a\u9ad8\u304f\u3000\u98db\u3073\u8df3\u306d\u3066\n\uff12\u30bf\u30fc\u30f3\u76ee\u306b\u3000\u76f8\u624b\u3092\u3000\u653b\u6483\u3059\u308b\u3002\n\u307e\u3072\u72b6\u614b\u306b\u3000\u3059\u308b\u3053\u3068\u304c\u3000\u3042\u308b\u3002",
      "language": {
        "name": "ja",
        "url": "https://pokeapi.co/api/v2/language/11/"
      },
      "version_group": {
        "name": "sword-shield",
        "url": "https://pokeapi.co/api/v2/version-group/20/"
      }
    },
    {
      "flavor_text": "\u5f39\u8df3\u5230\u9ad8\u9ad8\u7684\u7a7a\u4e2d\uff0c\n\u7b2c\uff12\u56de\u5408\u653b\u51fb\u5bf9\u624b\u3002\n\u6709\u65f6\u4f1a\u8ba9\u5bf9\u624b\u9677\u5165\u9ebb\u75f9\u72b6\u6001\u3002",
      "language": {
        "name": "zh-Hans",
        "url": "https://pokeapi.co/api/v2/language/12/"
      },
      "version_group": {
        "name": "sword-shield",
        "url": "https://pokeapi.co/api/v2/version-group/20/"
      }
    },
    {
      "flavor_text": "The user bounces up high, then drops on the target on the second turn. This may also leave the target with paralysis.",
      "language": {
        "name": "en",
        "url": "https://pokeapi.co/api/v2/language/9/"
      },
      "version_group": {
        "name": "legends-arceus",
        "url": "https://pokeapi.co/api/v2/version-group/24/"
      }
    },
    {
      "flavor_text": "The user bounces up high on the first turn, then drops onto the target on the next turn. This may also leave the target with paralysis.",
      "language": {
        "name": "en",
        "url": "https://pokeapi.co/api/v2/language/9/"
      },
      "version_group": {
        "name": "scarlet-violet",
        "url": "https://pokeapi.co/api/v2/version-group/25/"
      }
    }
  ],
  "generation": {
    "name": "generation-iii",
    "url": "https://pokeapi.co/api/v2/generation/3/"
  },
  "id": 340,
  "learned_by_pokemon": [
    {
      "name": "clefairy",
      "url": "https://pokeapi.co/api/v2/pokemon/35/"
    },
    {
      "name": "clefable",
      "url": "https://pokeapi.co/api/v2/pokemon/36/"
    },
    {
      "name": "jigglypuff",
      "url": "https://pokeapi.co/api/v2/pokemon/39/"
    },
    {
      "name": "wigglytuff",
      "url": "https://pokeapi.co/api/v2/pokemon/40/"
    },
    {
      "name": "ponyta",
      "url": "https://pokeapi.co/api/v2/pokemon/77/"
    },
    {
      "name": "rapidash",
      "url": "https://pokeapi.co/api/v2/pokemon/78/"
    },
    {
      "name": "hitmonlee",
      "url": "https://pokeapi.co/api/v2/pokemon/106/"
    },
    {
      "name": "horsea",
      "url": "https://pokeapi.co/api/v2/pokemon/116/"
    },
    {
      "name": "seadra",
      "url": "https://pokeapi.co/api/v2/pokemon/117/"
    },
    {
      "name": "goldeen",
      "url": "https://pokeapi.co/api/v2/pokemon/118/"
    },
    {
      "name": "seaking",
      "url": "https://pokeapi.co/api/v2/pokemon/119/"
    },
    {
      "name": "magikarp",
      "url": "https://pokeapi.co/api/v2/pokemon/129/"
    },
    {
      "name": "gyarados",
      "url": "https://pokeapi.co/api/v2/pokemon/130/"
    },
    {
      "name": "mew",
      "url": "https://pokeapi.co/api/v2/pokemon/151/"
    },
    {
      "name": "spinarak",
      "url": "https://pokeapi.co/api/v2/pokemon/167/"
    },
    {
      "name": "ariados",
      "url": "https://pokeapi.co/api/v2/pokemon/168/"
    },
    {
      "name": "chinchou",
      "url": "https://pokeapi.co/api/v2/pokemon/170/"
    },
    {
      "name": "lanturn",
      "url": "https://pokeapi.co/api/v2/pokemon/171/"
    },
    {
      "name": "igglybuff",
      "url": "https://pokeapi.co/api/v2/pokemon/174/"
    },
    {
      "name": "marill",
      "url": "https://pokeapi.co/api/v2/pokemon/183/"
    },
    {
      "name": "azumarill",
      "url": "https://pokeapi.co/api/v2/pokemon/184/"
    },
    {
      "name": "politoed",
      "url": "https://pokeapi.co/api/v2/pokemon/186/"
    },
    {
      "name": "hoppip",
      "url": "https://pokeapi.co/api/v2/pokemon/187/"
    },
    {
      "name": "skiploom",
      "url": "https://pokeapi.co/api/v2/pokemon/188/"
    },
    {
      "name": "jumpluff",
      "url": "https://pokeapi.co/api/v2/pokemon/189/"
    },
    {
      "name": "aipom",
      "url": "https://pokeapi.co/api/v2/pokemon/190/"
    },
    {
      "name": "qwilfish",
      "url": "https://pokeapi.co/api/v2/pokemon/211/"
    },
    {
      "name": "remoraid",
      "url": "https://pokeapi.co/api/v2/pokemon/223/"
    },
    {
      "name": "octillery",
      "url": "https://pokeapi.co/api/v2/pokemon/224/"
    },
    {
      "name": "delibird",
      "url": "https://pokeapi.co/api/v2/pokemon/225/"
    },
    {
      "name": "mantine",
      "url": "https://pokeapi.co/api/v2/pokemon/226/"
    },
    {
      "name": "kingdra",
      "url": "https://pokeapi.co/api/v2/pokemon/230/"
    },
    {
      "name": "donphan",
      "url": "https://pokeapi.co/api/v2/pokemon/232/"
    },
    {
      "name": "stantler",
      "url": "https://pokeapi.co/api/v2/pokemon/234/"
    },
    {
      "name": "torchic",
      "url": "https://pokeapi.co/api/v2/pokemon/255/"
    },
    {
      "name": "combusken",
      "url": "https://pokeapi.co/api/v2/pokemon/256/"
    },
    {
      "name": "blaziken",
      "url": "https://pokeapi.co/api/v2/pokemon/257/"
    },
    {
      "name": "shiftry",
      "url": "https://pokeapi.co/api/v2/pokemon/275/"
    },
    {
      "name": "azurill",
      "url": "https://pokeapi.co/api/v2/pokemon/298/"
    },
    {
      "name": "carvanha",
      "url": "https://pokeapi.co/api/v2/pokemon/318/"
    },
    {
      "name": "sharpedo",
      "url": "https://pokeapi.co/api/v2/pokemon/319/"
    },
    {
      "name": "wailmer",
      "url": "https://pokeapi.co/api/v2/pokemon/320/"
    },
    {
      "name": "wailord",
      "url": "https://pokeapi.co/api/v2/pokemon/321/"
    },
    {
      "name": "spoink",
      "url": "https://pokeapi.co/api/v2/pokemon/325/"
    },
    {
      "name": "grumpig",
      "url": "https://pokeapi.co/api/v2/pokemon/326/"
    },
    {
      "name": "barboach",
      "url": "https://pokeapi.co/api/v2/pokemon/339/"
    },
    {
      "name": "whiscash",
      "url": "https://pokeapi.co/api/v2/pokemon/340/"
    },
    {
      "name": "absol",
      "url": "https://pokeapi.co/api/v2/pokemon/359/"
    },
    {
      "name": "huntail",
      "url": "https://pokeapi.co/api/v2/pokemon/367/"
    },
    {
      "name": "gorebyss",
      "url": "https://pokeapi.co/api/v2/pokemon/368/"
    },
    {
      "name": "relicanth",
      "url": "https://pokeapi.co/api/v2/pokemon/369/"
    },
    {
      "name": "luvdisc",
      "url": "https://pokeapi.co/api/v2/pokemon/370/"
    },
    {
      "name": "ambipom",
      "url": "https://pokeapi.co/api/v2/pokemon/424/"
    },
    {
      "name": "buneary",
      "url": "https://pokeapi.co/api/v2/pokemon/427/"
    },
    {
      "name": "lopunny",
      "url": "https://pokeapi.co/api/v2/pokemon/428/"
    },
    {
      "name": "croagunk",
      "url": "https://pokeapi.co/api/v2/pokemon/453/"
    },
    {
      "name": "toxicroak",
      "url": "https://pokeapi.co/api/v2/pokemon/454/"
    },
    {
      "name": "finneon",
      "url": "https://pokeapi.co/api/v2/pokemon/456/"
    },
    {
      "name": "lumineon",
      "url": "https://pokeapi.co/api/v2/pokemon/457/"
    },
    {
      "name": "mantyke",
      "url": "https://pokeapi.co/api/v2/pokemon/458/"
    },
    {
      "name": "phione",
      "url": "https://pokeapi.co/api/v2/pokemon/489/"
    },
    {
      "name": "manaphy",
      "url": "https://pokeapi.co/api/v2/pokemon/490/"
    },
    {
      "name": "victini",
      "url": "https://pokeapi.co/api/v2/pokemon/494/"
    },
    {
      "name": "blitzle",
      "url": "https://pokeapi.co/api/v2/pokemon/522/"
    },
    {
      "name": "zebstrika",
      "url": "https://pokeapi.co/api/v2/pokemon/523/"
    },
    {
      "name": "tympole",
      "url": "https://pokeapi.co/api/v2/pokemon/535/"
    },
    {
      "name": "palpitoad",
      "url": "https://pokeapi.co/api/v2/pokemon/536/"
    },
    {
      "name": "seismitoad",
      "url": "https://pokeapi.co/api/v2/pokemon/537/"
    },
    {
      "name": "basculin-red-striped",
      "url": "https://pokeapi.co/api/v2/pokemon/550/"
    },
    {
      "name": "maractus",
      "url": "https://pokeapi.co/api/v2/pokemon/556/"
    },
    {
      "name": "archen",
      "url": "https://pokeapi.co/api/v2/pokemon/566/"
    },
    {
      "name": "archeops",
      "url": "https://pokeapi.co/api/v2/pokemon/567/"
    },
    {
      "name": "zorua",
      "url": "https://pokeapi.co/api/v2/pokemon/570/"
    },
    {
      "name": "zoroark",
      "url": "https://pokeapi.co/api/v2/pokemon/571/"
    },
    {
      "name": "deerling",
      "url": "https://pokeapi.co/api/v2/pokemon/585/"
    },
    {
      "name": "sawsbuck",
      "url": "https://pokeapi.co/api/v2/pokemon/586/"
    },
    {
      "name": "alomomola",
      "url": "https://pokeapi.co/api/v2/pokemon/594/"
    },
    {
      "name": "joltik",
      "url": "https://pokeapi.co/api/v2/pokemon/595/"
    },
    {
      "name": "galvantula",
      "url": "https://pokeapi.co/api/v2/pokemon/596/"
    },
    {
      "name": "eelektrik",
      "url": "https://pokeapi.co/api/v2/pokemon/603/"
    },
    {
      "name": "eelektross",
      "url": "https://pokeapi.co/api/v2/pokemon/604/"
    },
    {
      "name": "stunfisk",
      "url": "https://pokeapi.co/api/v2/pokemon/618/"
    },
    {
      "name": "mienfoo",
      "url": "https://pokeapi.co/api/v2/pokemon/619/"
    },
    {
      "name": "mienshao",
      "url": "https://pokeapi.co/api/v2/pokemon/620/"
    },
    {
      "name": "cobalion",
      "url": "https://pokeapi.co/api/v2/pokemon/638/"
    },
    {
      "name": "virizion",
      "url": "https://pokeapi.co/api/v2/pokemon/640/"
    },
    {
      "name": "keldeo-ordinary",
      "url": "https://pokeapi.co/api/v2/pokemon/647/"
    },
    {
      "name": "froakie",
      "url": "https://pokeapi.co/api/v2/pokemon/656/"
    },
    {
      "name": "frogadier",
      "url": "https://pokeapi.co/api/v2/pokemon/657/"
    },
    {
      "name": "greninja",
      "url": "https://pokeapi.co/api/v2/pokemon/658/"
    },
    {
      "name": "bunnelby",
      "url": "https://pokeapi.co/api/v2/pokemon/659/"
    },
    {
      "name": "diggersby",
      "url": "https://pokeapi.co/api/v2/pokemon/660/"
    },
    {
      "name": "pyroar",
      "url": "https://pokeapi.co/api/v2/pokemon/668/"
    },
    {
      "name": "gogoat",
      "url": "https://pokeapi.co/api/v2/pokemon/673/"
    },
    {
      "name": "skrelp",
      "url": "https://pokeapi.co/api/v2/pokemon/690/"
    },
    {
      "name": "dragalge",
      "url": "https://pokeapi.co/api/v2/pokemon/691/"
    },
    {
      "name": "clauncher",
      "url": "https://pokeapi.co/api/v2/pokemon/692/"
    },
    {
      "name": "clawitzer",
      "url": "https://pokeapi.co/api/v2/pokemon/693/"
    },
    {
      "name": "hawlucha",
      "url": "https://pokeapi.co/api/v2/pokemon/701/"
    },
    {
      "name": "bounsweet",
      "url": "https://pokeapi.co/api/v2/pokemon/761/"
    },
    {
      "name": "steenee",
      "url": "https://pokeapi.co/api/v2/pokemon/762/"
    },
    {
      "name": "tsareena",
      "url": "https://pokeapi.co/api/v2/pokemon/763/"
    },
    {
      "name": "togedemaru",
      "url": "https://pokeapi.co/api/v2/pokemon/777/"
    },
    {
      "name": "buzzwole",
      "url": "https://pokeapi.co/api/v2/pokemon/794/"
    },
    {
      "name": "pheromosa",
      "url": "https://pokeapi.co/api/v2/pokemon/795/"
    },
    {
      "name": "marshadow",
      "url": "https://pokeapi.co/api/v2/pokemon/802/"
    },
    {
      "name": "zeraora",
      "url": "https://pokeapi.co/api/v2/pokemon/807/"
    },
    {
      "name": "scorbunny",
      "url": "https://pokeapi.co/api/v2/pokemon/813/"
    },
    {
      "name": "raboot",
      "url": "https://pokeapi.co/api/v2/pokemon/814/"
    },
    {
      "name": "cinderace",
      "url": "https://pokeapi.co/api/v2/pokemon/815/"
    },
    {
      "name": "sobble",
      "url": "https://pokeapi.co/api/v2/pokemon/816/"
    },
    {
      "name": "drizzile",
      "url": "https://pokeapi.co/api/v2/pokemon/817/"
    },
    {
      "name": "inteleon",
      "url": "https://pokeapi.co/api/v2/pokemon/818/"
    },
    {
      "name": "dubwool",
      "url": "https://pokeapi.co/api/v2/pokemon/832/"
    },
    {
      "name": "arrokuda",
      "url": "https://pokeapi.co/api/v2/pokemon/846/"
    },
    {
      "name": "barraskewda",
      "url": "https://pokeapi.co/api/v2/pokemon/847/"
    },
    {
      "name": "regieleki",
      "url": "https://pokeapi.co/api/v2/pokemon/894/"
    },
    {
      "name": "lokix",
      "url": "https://pokeapi.co/api/v2/pokemon/920/"
    },
    {
      "name": "finizen",
      "url": "https://pokeapi.co/api/v2/pokemon/963/"
    },
    {
      "name": "cetoddle",
      "url": "https://pokeapi.co/api/v2/pokemon/974/"
    },
    {
      "name": "cetitan",
      "url": "https://pokeapi.co/api/v2/pokemon/975/"
    },
    {
      "name": "chi-yu",
      "url": "https://pokeapi.co/api/v2/pokemon/1004/"
    },
    {
      "name": "basculin-blue-striped",
      "url": "https://pokeapi.co/api/v2/pokemon/10016/"
    },
    {
      "name": "keldeo-resolute",
      "url": "https://pokeapi.co/api/v2/pokemon/10024/"
    },
    {
      "name": "gyarados-mega",
      "url": "https://pokeapi.co/api/v2/pokemon/10041/"
    },
    {
      "name": "blaziken-mega",
      "url": "https://pokeapi.co/api/v2/pokemon/10050/"
    },
    {
      "name": "absol-mega",
      "url": "https://pokeapi.co/api/v2/pokemon/10057/"
    },
    {
      "name": "sharpedo-mega",
      "url": "https://pokeapi.co/api/v2/pokemon/10070/"
    },
    {
      "name": "lopunny-mega",
      "url": "https://pokeapi.co/api/v2/pokemon/10088/"
    },
    {
      "name": "greninja-battle-bond",
      "url": "https://pokeapi.co/api/v2/pokemon/10116/"
    },
    {
      "name": "greninja-ash",
      "url": "https://pokeapi.co/api/v2/pokemon/10117/"
    },
    {
      "name": "togedemaru-totem",
      "url": "https://pokeapi.co/api/v2/pokemon/10154/"
    },
    {
      "name": "ponyta-galar",
      "url": "https://pokeapi.co/api/v2/pokemon/10162/"
    },
    {
      "name": "rapidash-galar",
      "url": "https://pokeapi.co/api/v2/pokemon/10163/"
    },
    {
      "name": "zapdos-galar",
      "url": "https://pokeapi.co/api/v2/pokemon/10170/"
    },
    {
      "name": "stunfisk-galar",
      "url": "https://pokeapi.co/api/v2/pokemon/10180/"
    }
  ],
  "machines": [
    {
      "machine": {
        "url": "https://pokeapi.co/api/v2/machine/1023/"
      },
      "version_group": {
        "name": "sword-shield",
        "url": "https://pokeapi.co/api/v2/version-group/20/"
      }
    }
  ],
  "meta": {
    "ailment": {
      "name": "paralysis",
      "url": "https://pokeapi.co/api/v2/move-ailment/1/"
    },
    "ailment_chance": 30,
    "category": {
      "name": "damage+ailment",
      "url": "https://pokeapi.co/api/v2/move-category/4/"
    },
    "crit_rate": 0,
    "drain": 0,
    "flinch_chance": 0,
    "healing": 0,
    "max_hits": null,
    "max_turns": null,
    "min_hits": null,
    "min_turns": null,
    "stat_chance": 0
  },
  "name": "bounce",
  "names": [
    {
      "language": {
        "name": "ja-Hrkt",
        "url": "https://pokeapi.co/api/v2/language/1/"
      },
      "name": "\u3068\u3073\u306f\u306d\u308b"
    },
    {
      "language": {
        "name": "ko",
        "url": "https://pokeapi.co/api/v2/language/3/"
      },
      "name": "\ub6f0\uc5b4\uc624\ub974\ub2e4"
    },
    {
      "language": {
        "name": "zh-Hant",
        "url": "https://pokeapi.co/api/v2/language/4/"
      },
      "name": "\u5f48\u8df3"
    },
    {
      "language": {
        "name": "fr",
        "url": "https://pokeapi.co/api/v2/language/5/"
      },
      "name": "Rebond"
    },
    {
      "language": {
        "name": "de",
        "url": "https://pokeapi.co/api/v2/language/6/"
      },
      "name": "Sprungfeder"
    },
    {
      "language": {
        "name": "es",
        "url": "https://pokeapi.co/api/v2/language/7/"
      },
      "name": "Bote"
    },
    {
      "language": {
        "name": "it",
        "url": "https://pokeapi.co/api/v2/language/8/"
      },
      "name": "Rimbalzo"
    },
    {
      "language": {
        "name": "en",
        "url": "https://pokeapi.co/api/v2/language/9/"
      },
      "name": "Bounce"
    },
    {
      "language": {
        "name": "ja",
        "url": "https://pokeapi.co/api/v2/language/11/"
      },
      "name": "\u3068\u3073\u306f\u306d\u308b"
    },
    {
      "language": {
        "name": "zh-Hans",
        "url": "https://pokeapi.co/api/v2/language/12/"
      },
      "name": "\u5f39\u8df3"
    }
  ],
  "past_values": [],
  "power": 85,
  "pp": 5,
  "priority": 0,
  "stat_changes": [],
  "super_contest_effect": {
    "url": "https://pokeapi.co/api/v2/super-contest-effect/6/"
  },
  "target": {
    "name": "selected-pokemon",
    "url": "https://pokeapi.co/api/v2/move-target/10/"
  },
  "type": {
    "name": "flying",
    "url": "https://pokeapi.co/api/v2/type/3/"
  }
}