{
  "accuracy": 100,
  "contest_combos": null,
  "contest_effect": null,
  "contest_type": {
    "name": "smart",
    "url": "https://pokeapi.co/api/v2/contest-type/4/"
  },
  "damage_class": {
    "name": "physical",
    "url": "https://pokeapi.co/api/v2/move-damage-class/2/"
  },
  "effect_chance": null,
  "effect_changes": [],
  "effect_entries": [
    {
      "effect": "Inflicts regular damage.  If the target has not selected a damaging move this turn, or if the target has already acted this turn, this move will fail.\n\nThis move is not affected by iron fist.",
      "language": {
        "name": "en",
        "url": "https://pokeapi.co/api/v2/language/9/"
      },
      "short_effect": "Only works if the target is about to use a damaging move."
    }
  ],
  "flavor_text_entries": [
    {
      "flavor_text": "This move enables the\nuser to attack first.\nIt fails if the foe is\nnot readying an\nattack, however.",
      "language": {
        "name": "en",
        "url": "https://pokeapi.co/api/v2/language/9/"
      },
      "version_group": {
        "name": "diamond-pearl",
        "url": "https://pokeapi.co/api/v2/version-group/8/"
      }
    },
    {
      "flavor_text": "This move enables the\nuser to attack first.\nIt fails if the foe is\nnot readying an\nattack, however.",
      "language": {
        "name": "en",
        "url": "https://pokeapi.co/api/v2/language/9/"
      },
      "version_group": {
        "name": "platinum",
        "url": "https://pokeapi.co/api/v2/version-group/9/"
      }
    },
    {
      "flavor_text": "This move enables the\nuser to attack first.\nIt fails if the foe is\nnot readying an\nattack, however.",
      "language": {
        "name": "en",
        "url": "https://pokeapi.co/api/v2/language/9/"
      },
      "version_group": {
        "name": "heartgold-soulsilver",
        "url": "https://pokeapi.co/api/v2/version-group/10/"
      }
    },
    {
      "flavor_text": "Permet au lanceur de frapper en premier.\n\u00c9choue si l\u2019ennemi ne pr\u00e9pare pas\nune attaque.",
      "language": {
        "name": "fr",
        "url": "https://pokeapi.co/api/v2/language/5/"
      },
      "version_group": {
        "name": "black-white",
        "url": "https://pokeapi.co/api/v2/version-group/11/"
      }
    },
    {
      "flavor_text": "This move enables the user to attack\nfirst. It fails if the target is not\nreadying an attack, however.",
      "language": {
        "name": "en",
        "url": "https://pokeapi.co/api/v2/language/9/"
      },
      "version_group": {
        "name": "black-white",
        "url": "https://pokeapi.co/api/v2/version-group/11/"
      }
    },
    {
      "flavor_text": "This move enables the user to attack\nfirst. It fails if the target is not\nreadying an attack, however.",
      "language": {
        "name": "en",
        "url": "https://pokeapi.co/api/v2/language/9/"
      },
      "version_group": {
        "name": "black-2-white-2",
        "url": "https://pokeapi.co/api/v2/version-group/14/"
      }
    },
    {
      "flavor_text": "\u3042\u3044\u3066\u3088\u308a\u3000\u3055\u304d\u306b\u3000\u3053\u3046\u3052\u304d\u3000\u3067\u304d\u308b\u3002\n\u3042\u3044\u3066\u304c\u3000\u3060\u3059\u308f\u3056\u304c\n\u3053\u3046\u3052\u304d\u308f\u3056\u3000\u3067\u306a\u3044\u3068\u3000\u3057\u3063\u3071\u3044\u3000\u3059\u308b\u3002",
      "language": {
        "name": "ja-Hrkt",
        "url": "https://pokeapi.co/api/v2/language/1/"
      },
      "version_group": {
        "name": "x-y",
        "url": "https://pokeapi.co/api/v2/version-group/15/"
      }
    },
    {
      "flavor_text": "\uc0c1\ub300\ubcf4\ub2e4 \uba3c\uc800 \uacf5\uaca9\ud560 \uc218 \uc788\ub2e4.\n\uc0c1\ub300\uac00 \uc4f4 \uae30\uc220\uc774\n\uacf5\uaca9\uae30\uc220\uc774 \uc544\ub2c8\uba74 \uc2e4\ud328\ud55c\ub2e4.",
      "language": {
        "name": "ko",
        "url": "https://pokeapi.co/api/v2/language/3/"
      },
      "version_group": {
        "name": "x-y",
        "url": "https://pokeapi.co/api/v2/version-group/15/"
      }
    },
    {
      "flavor_text": "Permet au lanceur de frapper en premier.\n\u00c9choue si l\u2019ennemi ne pr\u00e9pare pas une attaque.",
      "language": {
        "name": "fr",
        "url": "https://pokeapi.co/api/v2/language/5/"
      },
      "version_group": {
        "name": "x-y",
        "url": "https://pokeapi.co/api/v2/version-group/15/"
      }
    },
    {
      "flavor_text": "Erm\u00f6glicht den Erstschlag. Gelingt aber nur,\nwenn das Ziel gerade eine Attacke vorbereitet.",
      "language": {
        "name": "de",
        "url": "https://pokeapi.co/api/v2/language/6/"
      },
      "version_group": {
        "name": "x-y",
        "url": "https://pokeapi.co/api/v2/version-group/15/"
      }
    },
    {
      "flavor_text": "Permite atacar primero. Falla si el objetivo no est\u00e1\npreparando ning\u00fan ataque.",
      "language": {
        "name": "es",
        "url": "https://pokeapi.co/api/v2/language/7/"
      },
      "version_group": {
        "name": "x-y",
        "url": "https://pokeapi.co/api/v2/version-group/15/"
      }
    },
    {
      "flavor_text": "Chi la usa pu\u00f2 attaccare per primo. Fallisce\nse il bersaglio non sta preparando un attacco.",
      "language": {
        "name": "it",
        "url": "https://pokeapi.co/api/v2/language/8/"
      },
      "version_group": {
        "name": "x-y",
        "url": "https://pokeapi.co/api/v2/version-group/15/"
      }
    },
    {
      "flavor_text": "This move enables the user to attack\nfirst. This move fails if the target is not\nreadying an attack.",
      "language": {
        "name": "en",
        "url": "https://pokeapi.co/api/v2/language/9/"
      },
      "version_group": {
        "name": "x-y",
        "url": "https://pokeapi.co/api/v2/version-group/15/"
      }
    },
    {
      "flavor_text": "\u76f8\u624b\u3088\u308a\u3000\u5148\u306b\u3000\u653b\u6483\u3000\u3067\u304d\u308b\u3002\n\u76f8\u624b\u304c\u3000\u3060\u3059\u6280\u304c\n\u653b\u6483\u6280\u3067\u306a\u3044\u3068\u3000\u5931\u6557\u3059\u308b\u3002",
      "language": {
        "name": "ja",
        "url": "https://pokeapi.co/api/v2/language/11/"
      },
      "version_group": {
        "name": "x-y",
        "url": "https://pokeapi.co/api/v2/version-group/15/"
      }
    },
    {
      "flavor_text": "\u3042\u3044\u3066\u3088\u308a\u3000\u3055\u304d\u306b\u3000\u3053\u3046\u3052\u304d\u3000\u3067\u304d\u308b\u3002\n\u3042\u3044\u3066\u304c\u3000\u3060\u3059\u308f\u3056\u304c\n\u3053\u3046\u3052\u304d\u308f\u3056\u3000\u3067\u306a\u3044\u3068\u3000\u3057\u3063\u3071\u3044\u3000\u3059\u308b\u3002",
      "language": {
        "name": "ja-Hrkt",
        "url": "https://pokeapi.co/api/v2/language/1/"
      },
      "version_group": {
        "name": "omega-ruby-alpha-sapphire",
        "url": "https://pokeapi.co/api/v2/version-group/16/"
      }
    },
    {
      "flavor_text": "\uc0c1\ub300\ubcf4\ub2e4 \uba3c\uc800 \uacf5\uaca9\ud560 \uc218 \uc788\ub2e4.\n\uc0c1\ub300\uac00 \uc4f4 \uae30\uc220\uc774\n\uacf5\uaca9\uae30\uc220\uc774 \uc544\ub2c8\uba74 \uc2e4\ud328\ud55c\ub2e4.",
      "language": {
        "name": "ko",
        "url": "https://pokeapi.co/api/v2/language/3/"
      },
      "version_group": {
        "name": "omega-ruby-alpha-sapphire",
        "url": "https://pokeapi.co/api/v2/version-group/16/"
      }
    },
    {
      "flavor_text": "Permet au lanceur de frapper en premier.\n\u00c9choue si l\u2019ennemi ne pr\u00e9pare pas une attaque.",
      "language": {
        "name": "fr",
        "url": "https://pokeapi.co/api/v2/language/5/"
      },
      "version_group": {
        "name": "omega-ruby-alpha-sapphire",
        "url": "https://pokeapi.co/api/v2/version-group/16/"
      }
    },
    {
      "flavor_text": "Erm\u00f6glicht den Erstschlag. Gelingt aber nur,\nwenn das Ziel gerade eine Attacke vorbereitet,\ndie KP-Schaden zuf\u00fcgen w\u00fcrde.",
      "language": {
        "name": "de",
        "url": "https://pokeapi.co/api/v2/language/6/"
      },
      "version_group": {
        "name": "omega-ruby-alpha-sapphire",
        "url": "https://pokeapi.co/api/v2/version-group/16/"
      }
    },
    {
      "flavor_text": "Permite atacar primero. Falla si el objetivo no est\u00e1 \npreparando ning\u00fan ataque.",
      "language": {
        "name": "es",
        "url": "https://pokeapi.co/api/v2/language/7/"
      },
      "version_group": {
        "name": "omega-ruby-alpha-sapphire",
        "url": "https://pokeapi.co/api/v2/version-group/16/"
      }
    },
    {
      "flavor_text": "Chi la usa pu\u00f2 attaccare per primo. Fallisce\nse il bersaglio non sta preparando un attacco.",
      "language": {
        "name": "it",
        "url": "https://pokeapi.co/api/v2/language/8/"
      },
      "version_group": {
        "name": "omega-ruby-alpha-sapphire",
        "url": "https://pokeapi.co/api/v2/version-group/16/"
      }
    },
    {
      "flavor_text": "This move enables the user to attack\nfirst. This move fails if the target is not\nreadying an attack.",
      "language": {
        "name": "en",
        "url": "https://pokeapi.co/api/v2/language/9/"
      },
      "version_group": {
        "name": "omega-ruby-alpha-sapphire",
        "url": "https://pokeapi.co/api/v2/version-group/16/"
      }
    },
    {
      "flavor_text": "\u76f8\u624b\u3088\u308a\u3000\u5148\u306b\u3000\u653b\u6483\u3000\u3067\u304d\u308b\u3002\n\u76f8\u624b\u304c\u3000\u3060\u3059\u6280\u304c\n\u653b\u6483\u6280\u3067\u306a\u3044\u3068\u3000\u5931\u6557\u3059\u308b\u3002",
      "language": {
        "name": "ja",
        "url": "https://pokeapi.co/api/v2/language/11/"
      },
      "version_group": {
        "name": "omega-ruby-alpha-sapphire",
        "url": "https://pokeapi.co/api/v2/version-group/16/"
      }
    },
    {
      "flavor_text": "\u3042\u3044\u3066\u3088\u308a\u3000\u3055\u304d\u306b\u3000\u3053\u3046\u3052\u304d\u3000\u3067\u304d\u308b\u3002\n\u3042\u3044\u3066\u304c\u3000\u3060\u3059\u308f\u3056\u304c\n\u3053\u3046\u3052\u304d\u308f\u3056\u3000\u3067\u306a\u3044\u3068\u3000\u3057\u3063\u3071\u3044\u3000\u3059\u308b\u3002",
      "language": {
        "name": "ja-Hrkt",
        "url": "https://pokeapi.co/api/v2/language/1/"
      },
      "version_group": {
        "name": "sun-moon",
        "url": "https://pokeapi.co/api/v2/version-group/17/"
      }
    },
    {
      "flavor_text": "\uc0c1\ub300\ubcf4\ub2e4 \uba3c\uc800 \uacf5\uaca9\ud560 \uc218 \uc788\ub2e4.\n\uc0c1\ub300\uac00 \uc4f4 \uae30\uc220\uc774\n\uacf5\uaca9\uae30\uc220\uc774 \uc544\ub2c8\uba74 \uc2e4\ud328\ud55c\ub2e4.",
      "language": {
        "name": "ko",
        "url": "https://pokeapi.co/api/v2/language/3/"
      },
      "version_group": {
        "name": "sun-moon",
        "url": "https://pokeapi.co/api/v2/version-group/17/"
      }
    },
    {
      "flavor_text": "\u53ef\u4ee5\u6436\u5148\u5c0d\u624b\u4e00\u6b65\u9032\u884c\u653b\u64ca\u3002\n\u82e5\u5c0d\u624b\u4f7f\u7528\u7684\u4e0d\u662f\u653b\u64ca\u62db\u5f0f\u5247\u6703\u5931\u6557\u3002",
      "language": {
        "name": "zh-Hant",
        "url": "https://pokeapi.co/api/v2/language/4/"
      },
      "version_group": {
        "name": "sun-moon",
        "url": "https://pokeapi.co/api/v2/version-group/17/"
      }
    },
    {
      "flavor_text": "Permet au lanceur de frapper en priorit\u00e9.\n\u00c9choue si l\u2019ennemi ne pr\u00e9pare pas une attaque.",
      "language": {
        "name": "fr",
        "url": "https://pokeapi.co/api/v2/language/5/"
      },
      "version_group": {
        "name": "sun-moon",
        "url": "https://pokeapi.co/api/v2/version-group/17/"
      }
    },
    {
      "flavor_text": "Attacke mit hoher Erstschlagquote. Gelingt aber nur,\nwenn das Ziel gerade eine Attacke vorbereitet, die\nKP-Schaden zuf\u00fcgen w\u00fcrde.",
      "language": {
        "name": "de",
        "url": "https://pokeapi.co/api/v2/language/6/"
      },
      "version_group": {
        "name": "sun-moon",
        "url": "https://pokeapi.co/api/v2/version-group/17/"
      }
    },
    {
      "flavor_text": "Permite atacar con prioridad. Falla si el objetivo no\nest\u00e1 preparando ning\u00fan ataque.",
      "language": {
        "name": "es",
        "url": "https://pokeapi.co/api/v2/language/7/"
      },
      "version_group": {
        "name": "sun-moon",
        "url": "https://pokeapi.co/api/v2/version-group/17/"
      }
    },
    {
      "flavor_text": "Chi la usa attacca con alta priorit\u00e0, ma fallisce\nse il bersaglio non sta preparando un attacco.",
      "language": {
        "name": "it",
        "url": "https://pokeapi.co/api/v2/language/8/"
      },
      "version_group": {
        "name": "sun-moon",
        "url": "https://pokeapi.co/api/v2/version-group/17/"
      }
    },
    {
      "flavor_text": "This move enables the user to attack first. This move\nfails if the target is not readying an attack.",
      "language": {
        "name": "en",
        "url": "https://pokeapi.co/api/v2/language/9/"
      },
      "version_group": {
        "name": "sun-moon",
        "url": "https://pokeapi.co/api/v2/version-group/17/"
      }
    },
    {
      "flavor_text": "\u76f8\u624b\u3088\u308a\u3000\u5148\u306b\u3000\u653b\u6483\u3000\u3067\u304d\u308b\u3002\n\u76f8\u624b\u304c\u3000\u3060\u3059\u6280\u304c\n\u653b\u6483\u6280\u3067\u306a\u3044\u3068\u3000\u5931\u6557\u3059\u308b\u3002",
      "language": {
        "name": "ja",
        "url": "https://pokeapi.co/api/v2/language/11/"
      },
      "version_group": {
        "name": "sun-moon",
        "url": "https://pokeapi.co/api/v2/version-group/17/"
      }
    },
    {
      "flavor_text": "\u53ef\u4ee5\u6bd4\u5bf9\u624b\u5148\u653b\u51fb\u3002\n\u5bf9\u624b\u4f7f\u51fa\u7684\u62db\u5f0f\n\u5982\u679c\u4e0d\u662f\u653b\u51fb\u62db\u5f0f\u5219\u4f1a\u5931\u8d25\u3002",
      "language": {
        "name": "zh-Hans",
        "url": "https://pokeapi.co/api/v2/language/12/"
      },
      "version_group": {
        "name": "sun-moon",
        "url": "https://pokeapi.co/api/v2/version-group/17/"
      }
    },
    {
      "flavor_text": "\u3042\u3044\u3066\u3088\u308a\u3000\u3055\u304d\u306b\u3000\u3053\u3046\u3052\u304d\u3000\u3067\u304d\u308b\u3002\n\u3042\u3044\u3066\u304c\u3000\u3060\u3059\u308f\u3056\u304c\n\u3053\u3046\u3052\u304d\u308f\u3056\u3000\u3067\u306a\u3044\u3068\u3000\u3057\u3063\u3071\u3044\u3000\u3059\u308b\u3002",
      "language": {
        "name": "ja-Hrkt",
        "url": "https://pokeapi.co/api/v2/language/1/"
      },
      "version_group": {
        "name": "ultra-sun-ultra-moon",
        "url": "https://pokeapi.co/api/v2/version-group/18/"
      }
    },
    {
      "flavor_text": "\uc0c1\ub300\ubcf4\ub2e4 \uba3c\uc800 \uacf5\uaca9\ud560 \uc218 \uc788\ub2e4.\n\uc0c1\ub300\uac00 \uc4f4 \uae30\uc220\uc774\n\uacf5\uaca9\uae30\uc220\uc774 \uc544\ub2c8\uba74 \uc2e4\ud328\ud55c\ub2e4.",
      "language": {
        "name": "ko",
        "url": "https://pokeapi.co/api/v2/language/3/"
      },
      "version_group": {
        "name": "ultra-sun-ultra-moon",
        "url": "https://pokeapi.co/api/v2/version-group/18/"
      }
    },
    {
      "flavor_text": "\u53ef\u4ee5\u6436\u5148\u5c0d\u624b\u4e00\u6b65\u9032\u884c\u653b\u64ca\u3002\n\u82e5\u5c0d\u624b\u4f7f\u7528\u7684\u4e0d\u662f\u653b\u64ca\u62db\u5f0f\u5247\u6703\u5931\u6557\u3002",
      "language": {
        "name": "zh-Hant",
        "url": "https://pokeapi.co/api/v2/language/4/"
      },
      "version_group": {
        "name": "ultra-sun-ultra-moon",
        "url": "https://pokeapi.co/api/v2/version-group/18/"
      }
    },
    {
      "flavor_text": "Permet au lanceur de frapper en priorit\u00e9.\n\u00c9choue si l\u2019ennemi ne pr\u00e9pare pas une attaque.",
      "language": {
        "name": "fr",
        "url": "https://pokeapi.co/api/v2/language/5/"
      },
      "version_group": {
        "name": "ultra-sun-ultra-moon",
        "url": "https://pokeapi.co/api/v2/version-group/18/"
      }
    },
    {
      "flavor_text": "Attacke mit hoher Erstschlagquote. Gelingt aber nur,\nwenn das Ziel gerade eine Attacke vorbereitet, die\nKP-Schaden zuf\u00fcgen w\u00fcrde.",
      "language": {
        "name": "de",
        "url": "https://pokeapi.co/api/v2/language/6/"
      },
      "version_group": {
        "name": "ultra-sun-ultra-moon",
        "url": "https://pokeapi.co/api/v2/version-group/18/"
      }
    },
    {
      "flavor_text": "Permite atacar con prioridad. Falla si el objetivo no\nest\u00e1 preparando ning\u00fan ataque.",
      "language": {
        "name": "es",
        "url": "https://pokeapi.co/api/v2/language/7/"
      },
      "version_group": {
        "name": "ultra-sun-ultra-moon",
        "url": "https://pokeapi.co/api/v2/version-group/18/"
      }
    },
    {
      "flavor_text": "Chi la usa attacca con alta priorit\u00e0, ma fallisce\nse il bersaglio non sta preparando un attacco.",
      "language": {
        "name": "it",
        "url": "https://pokeapi.co/api/v2/language/8/"
      },
      "version_group": {
        "name": "ultra-sun-ultra-moon",
        "url": "https://pokeapi.co/api/v2/version-group/18/"
      }
    },
    {
      "flavor_text": "This move enables the user to attack first. This move\nfails if the target is not readying an attack.",
      "language": {
        "name": "en",
        "url": "https://pokeapi.co/api/v2/language/9/"
      },
      "version_group": {
        "name": "ultra-sun-ultra-moon",
        "url": "https://pokeapi.co/api/v2/version-group/18/"
      }
    },
    {
      "flavor_text": "\u76f8\u624b\u3088\u308a\u3000\u5148\u306b\u3000\u653b\u6483\u3000\u3067\u304d\u308b\u3002\n\u76f8\u624b\u304c\u3000\u3060\u3059\u6280\u304c\n\u653b\u6483\u6280\u3067\u306a\u3044\u3068\u3000\u5931\u6557\u3059\u308b\u3002",
      "language": {
        "name": "ja",
        "url": "https://pokeapi.co/api/v2/language/11/"
      },
      "version_group": {
        "name": "ultra-sun-ultra-moon",
        "url": "https://pokeapi.co/api/v2/version-group/18/"
      }
    },
    {
      "flavor_text": "\u53ef\u4ee5\u6bd4\u5bf9\u624b\u5148\u653b\u51fb\u3002\n\u5bf9\u624b\u4f7f\u51fa\u7684\u62db\u5f0f\n\u5982\u679c\u4e0d\u662f\u653b\u51fb\u62db\u5f0f\u5219\u4f1a\u5931\u8d25\u3002",
      "language": {
        "name": "zh-Hans",
        "url": "https://pokeapi.co/api/v2/language/12/"
      },
      "version_group": {
        "name": "ultra-sun-ultra-moon",
        "url": "https://pokeapi.co/api/v2/version-group/18/"
      }
    },
    {
      "flavor_text": "\u3042\u3044\u3066\u3088\u308a\u3000\u3055\u304d\u306b\u3000\u3053\u3046\u3052\u304d\u3000\u3067\u304d\u308b\u3002\n\u3042\u3044\u3066\u304c\u3000\u3060\u3059\u308f\u3056\u304c\n\u3053\u3046\u3052\u304d\u308f\u3056\u3000\u3067\u306a\u3044\u3068\u3000\u3057\u3063\u3071\u3044\u3000\u3059\u308b\u3002",
      "language": {
        "name": "ja-Hrkt",
        "url": "https://pokeapi.co/api/v2/language/1/"
      },
      "version_group": {
        "name": "lets-go-pikachu-lets-go-eevee",
        "url": "https://pokeapi.co/api/v2/version-group/19/"
      }
    },
    {
      "flavor_text": "\uc0c1\ub300\ubcf4\ub2e4 \uba3c\uc800 \uacf5\uaca9\ud560 \uc218 \uc788\ub2e4.\n\uc0c1\ub300\uac00 \uc4f4 \uae30\uc220\uc774\n\uacf5\uaca9\uae30\uc220\uc774 \uc544\ub2c8\uba74 \uc2e4\ud328\ud55c\ub2e4.",
      "language": {
        "name": "ko",
        "url": "https://pokeapi.co/api/v2/language/3/"
      },
      "version_group": {
        "name": "lets-go-pikachu-lets-go-eevee",
        "url": "https://pokeapi.co/api/v2/version-group/19/"
      }
    },
    {
      "flavor_text": "\u53ef\u4ee5\u6436\u5148\u5c0d\u624b\u4e00\u6b65\u9032\u884c\u653b\u64ca\u3002\n\u82e5\u5c0d\u624b\u4f7f\u7528\u7684\u4e0d\u662f\u653b\u64ca\u62db\u5f0f\u5247\u6703\u5931\u6557\u3002",
      "language": {
        "name": "zh-Hant",
        "url": "https://pokeapi.co/api/v2/language/4/"
      },
      "version_group": {
        "name": "lets-go-pikachu-lets-go-eevee",
        "url": "https://pokeapi.co/api/v2/version-group/19/"
      }
    },
    {
      "flavor_text": "Permet au lanceur de frapper en priorit\u00e9.\n\u00c9choue si l\u2019ennemi ne pr\u00e9pare pas une attaque.",
      "language": {
        "name": "fr",
        "url": "https://pokeapi.co/api/v2/language/5/"
      },
      "version_group": {
        "name": "lets-go-pikachu-lets-go-eevee",
        "url": "https://pokeapi.co/api/v2/version-group/19/"
      }
    },
    {
      "flavor_text": "Attacke mit hoher Erstschlagquote. Gelingt aber nur,\nwenn das Ziel gerade eine Attacke vorbereitet, die\nKP-Schaden zuf\u00fcgen w\u00fcrde.",
      "language": {
        "name": "de",
        "url": "https://pokeapi.co/api/v2/language/6/"
      },
      "version_group": {
        "name": "lets-go-pikachu-lets-go-eevee",
        "url": "https://pokeapi.co/api/v2/version-group/19/"
      }
    },
    {
      "flavor_text": "Permite atacar con prioridad. Falla si el objetivo no\nest\u00e1 preparando ning\u00fan ataque.",
      "language": {
        "name": "es",
        "url": "https://pokeapi.co/api/v2/language/7/"
      },
      "version_group": {
        "name": "lets-go-pikachu-lets-go-eevee",
        "url": "https://pokeapi.co/api/v2/version-group/19/"
      }
    },
    {
      "flavor_text": "Chi la usa attacca con alta priorit\u00e0, ma fallisce\nse il bersaglio non sta preparando un attacco.",
      "language": {
        "name": "it",
        "url": "https://pokeapi.co/api/v2/language/8/"
      },
      "version_group": {
        "name": "lets-go-pikachu-lets-go-eevee",
        "url": "https://pokeapi.co/api/v2/version-group/19/"
      }
    },
    {
      "flavor_text": "This move enables the user to attack first. This move\nfails if the target is not readying an attack.",
      "language": {
        "name": "en",
        "url": "https://pokeapi.co/api/v2/language/9/"
      },
      "version_group": {
        "name": "lets-go-pikachu-lets-go-eevee",
        "url": "https://pokeapi.co/api/v2/version-group/19/"
      }
    },
    {
      "flavor_text": "\u76f8\u624b\u3088\u308a\u3000\u5148\u306b\u3000\u653b\u6483\u3000\u3067\u304d\u308b\u3002\n\u76f8\u624b\u304c\u3000\u3060\u3059\u6280\u304c\n\u653b\u6483\u6280\u3067\u306a\u3044\u3068\u3000\u5931\u6557\u3059\u308b\u3002",
      "language": {
        "name": "ja",
        "url": "https://pokeapi.co/api/v2/language/11/"
      },
      "version_group": {
        "name": "lets-go-pikachu-lets-go-eevee",
        "url": "https://pokeapi.co/api/v2/version-group/19/"
      }
    },
    {
      "flavor_text": "\u53ef\u4ee5\u6bd4\u5bf9\u624b\u5148\u653b\u51fb\u3002\n\u5bf9\u624b\u4f7f\u51fa\u7684\u62db\u5f0f\n\u5982\u679c\u4e0d\u662f\u653b\u51fb\u62db\u5f0f\u5219\u4f1a\u5931\u8d25\u3002",
      "language": {
        "name": "zh-Hans",
        "url": "https://pokeapi.co/api/v2/language/12/"
      },
      "version_group": {
        "name": "lets-go-pikachu-lets-go-eevee",
        "url": "https://pokeapi.co/api/v2/version-group/19/"
      }
    },
    {
      "flavor_text": "\u3042\u3044\u3066\u3088\u308a\u3000\u3055\u304d\u306b\u3000\u3053\u3046\u3052\u304d\u3000\u3067\u304d\u308b\u3002\n\u3042\u3044\u3066\u304c\u3000\u3060\u3059\u308f\u3056\u304c\n\u3053\u3046\u3052\u304d\u308f\u3056\u3000\u3067\u306a\u3044\u3068\u3000\u3057\u3063\u3071\u3044\u3000\u3059\u308b\u3002",
      "language": {
        "name": "ja-Hrkt",
        "url": "https://pokeapi.co/api/v2/language/1/"
      },
      "version_group": {
        "name": "sword-shield",
        "url": "https://pokeapi.co/api/v2/version-group/20/"
      }
    },
    {
      "flavor_text": "\uc0c1\ub300\ubcf4\ub2e4 \uba3c\uc800 \uacf5\uaca9\ud560 \uc218 \uc788\ub2e4.\n\uc0c1\ub300\uac00 \uc4f4 \uae30\uc220\uc774\n\uacf5\uaca9\uae30\uc220\uc774 \uc544\ub2c8\uba74 \uc2e4\ud328\ud55c\ub2e4.",
      "language": {
        "name": "ko",
        "url": "https://pokeapi.co/api/v2/language/3/"
      },
      "version_group": {
        "name": "sword-shield",
        "url": "https://pokeapi.co/api/v2/version-group/20/"
      }
    },
    {
      "flavor_text": "\u53ef\u4ee5\u6436\u5148\u5c0d\u624b\u4e00\u6b65\u9032\u884c\u653b\u64ca\u3002\n\u82e5\u5c0d\u624b\u4f7f\u7528\u7684\u4e0d\u662f\u653b\u64ca\u62db\u5f0f\u5247\u6703\u5931\u6557\u3002",
      "language": {
        "name": "zh-Hant",
        "url": "https://pokeapi.co/api/v2/language/4/"
      },
      "version_group": {
        "name": "sword-shield",
        "url": "https://pokeapi.co/api/v2/version-group/20/"
      }
    },
    {
      "flavor_text": "Permet au lanceur de frapper en priorit\u00e9.\n\u00c9choue si l\u2019ennemi ne pr\u00e9pare pas une attaque.",
      "language": {
        "name": "fr",
        "url": "https://pokeapi.co/api/v2/language/5/"
      },
      "version_group": {
        "name": "sword-shield",
        "url": "https://pokeapi.co/api/v2/version-group/20/"
      }
    },
    {
      "flavor_text": "Erstschlag-Attacke, die aber nur gelingt, wenn das Ziel\ngerade eine Attacke vorbereitet, die KP-Schaden\nzuf\u00fcgen w\u00fcrde.",
      "language": {
        "name": "de",
        "url": "https://pokeapi.co/api/v2/language/6/"
      },
      "version_group": {
        "name": "sword-shield",
        "url": "https://pokeapi.co/api/v2/version-group/20/"
      }
    },
    {
      "flavor_text": "Permite atacar con prioridad. Falla si el objetivo no est\u00e1\npreparando ning\u00fan ataque.",
      "language": {
        "name": "es",
        "url": "https://pokeapi.co/api/v2/language/7/"
      },
      "version_group": {
        "name": "sword-shield",
        "url": "https://pokeapi.co/api/v2/version-group/20/"
      }
    },
    {
      "flavor_text": "Chi la usa attacca con alta priorit\u00e0, ma fallisce\nse il bersaglio non sta preparando un attacco.",
      "language": {
        "name": "it",
        "url": "https://pokeapi.co/api/v2/language/8/"
      },
      "version_group": {
        "name": "sword-shield",
        "url": "https://pokeapi.co/api/v2/version-group/20/"
      }
    },
    {
      "flavor_text": "This move enables the user to attack first. This move\nfails if the target is not readying an attack.",
      "language": {
        "name": "en",
        "url": "https://pokeapi.co/api/v2/language/9/"
      },
      "version_group": {
        "name": "sword-shield",
        "url": "https://pokeapi.co/api/v2/version-group/20/"
      }
    },
    {
      "flavor_text": "\u76f8\u624b\u3088\u308a\u3000\u5148\u306b\u3000\u653b\u6483\u3000\u3067\u304d\u308b\u3002\n\u76f8\u624b\u304c\u3000\u3060\u3059\u6280\u304c\n\u653b\u6483\u6280\u3067\u306a\u3044\u3068\u3000\u5931\u6557\u3059\u308b\u3002",
      "language": {
        "name": "ja",
        "url": "https://pokeapi.co/api/v2/language/11/"
      },
      "version_group": {
        "name": "sword-shield",
        "url": "https://pokeapi.co/api/v2/version-group/20/"
      }
    },
    {
      "flavor_text": "\u53ef\u4ee5\u6bd4\u5bf9\u624b\u5148\u653b\u51fb\u3002\n\u5bf9\u624b\u4f7f\u51fa\u7684\u62db\u5f0f\n\u5982\u679c\u4e0d\u662f\u653b\u51fb\u62db\u5f0f\u5219\u4f1a\u5931\u8d25\u3002",
      "language": {
        "name": "zh-Hans",
        "url": "https://pokeapi.co/api/v2/language/12/"
      },
      "version_group": {
        "name": "sword-shield",
        "url": "https://pokeapi.co/api/v2/version-group/20/"
      }
    },
    {
      "flavor_text": "This move enables the user to attack first. This move fails if the target is not readying an attack.",
      "language": {
        "name": "en",
        "url": "https://pokeapi.co/api/v2/language/9/"
      },
      "version_group": {
        "name": "legends-arceus",
        "url": "https://pokeapi.co/api/v2/version-group/24/"
      }
    },
    {
      "flavor_text": "This move enables the user to attack first. This move fails if the target is not readying an attack.",
      "language": {
        "name": "en",
        "url": "https://pokeapi.co/api/v2/language/9/"
      },
      "version_group": {
        "name": "scarlet-violet",
        "url": "https://pokeapi.co/api/v2/version-group/25/"
      }
    }
  ],
  "generation": {
    "name": "generation-iv",
    "url": "https://pokeapi.co/api/v2/generation/4/"
  },
  "id": 389,
  "learned_by_pokemon": [
    {
      "name": "rattata",
      "url": "https://pokeapi.co/api/v2/pokemon/19/"
    },
    {
      "name": "raticate",
      "url": "https://pokeapi.co/api/v2/pokemon/20/"
    },
    {
      "name": "ekans",
      "url": "https://pokeapi.co/api/v2/pokemon/23/"
    },
    {
      "name": "arbok",
      "url": "https://pokeapi.co/api/v2/pokemon/24/"
    },
    {
      "name": "nidoran-m",
      "url": "https://pokeapi.co/api/v2/pokemon/32/"
    },
    {
      "name": "nidorino",
      "url": "https://pokeapi.co/api/v2/pokemon/33/"
    },
    {
      "name": "nidoking",
      "url": "https://pokeapi.co/api/v2/pokemon/34/"
    },
    {
      "name": "diglett",
      "url": "https://pokeapi.co/api/v2/pokemon/50/"
    },
    {
      "name": "dugtrio",
      "url": "https://pokeapi.co/api/v2/pokemon/51/"
    },
    {
      "name": "bellsprout",
      "url": "https://pokeapi.co/api/v2/pokemon/69/"
    },
    {
      "name": "weepinbell",
      "url": "https://pokeapi.co/api/v2/pokemon/70/"
    },
    {
      "name": "victreebel",
      "url": "https://pokeapi.co/api/v2/pokemon/71/"
    },
    {
      "name": "geodude",
      "url": "https://pokeapi.co/api/v2/pokemon/74/"
    },
    {
      "name": "graveler",
      "url": "https://pokeapi.co/api/v2/pokemon/75/"
    },
    {
      "name": "golem",
      "url": "https://pokeapi.co/api/v2/pokemon/76/"
    },
    {
      "name": "gastly",
      "url": "https://pokeapi.co/api/v2/pokemon/92/"
    },
    {
      "name": "haunter",
      "url": "https://pokeapi.co/api/v2/pokemon/93/"
    },
    {
      "name": "gengar",
      "url": "https://pokeapi.co/api/v2/pokemon/94/"
    },
    {
      "name": "voltorb",
      "url": "https://pokeapi.co/api/v2/pokemon/100/"
    },
    {
      "name": "electrode",
      "url": "https://pokeapi.co/api/v2/pokemon/101/"
    },
    {
      "name": "hitmonlee",
      "url": "https://pokeapi.co/api/v2/pokemon/106/"
    },
    {
      "name": "kangaskhan",
      "url": "https://pokeapi.co/api/v2/pokemon/115/"
    },
    {
      "name": "mr-mime",
      "url": "https://pokeapi.co/api/v2/pokemon/122/"
    },
    {
      "name": "mew",
      "url": "https://pokeapi.co/api/v2/pokemon/151/"
    },
    {
      "name": "sentret",
      "url": "https://pokeapi.co/api/v2/pokemon/161/"
    },
    {
      "name": "furret",
      "url": "https://pokeapi.co/api/v2/pokemon/162/"
    },
    {
      "name": "spinarak",
      "url": "https://pokeapi.co/api/v2/pokemon/167/"
    },
    {
      "name": "ariados",
      "url": "https://pokeapi.co/api/v2/pokemon/168/"
    },
    {
      "name": "chinchou",
      "url": "https://pokeapi.co/api/v2/pokemon/170/"
    },
    {
      "name": "lanturn",
      "url": "https://pokeapi.co/api/v2/pokemon/171/"
    },
    {
      "name": "natu",
      "url": "https://pokeapi.co/api/v2/pokemon/177/"
    },
    {
      "name": "xatu",
      "url": "https://pokeapi.co/api/v2/pokemon/178/"
    },
    {
      "name": "sudowoodo",
      "url": "https://pokeapi.co/api/v2/pokemon/185/"
    },
    {
      "name": "umbreon",
      "url": "https://pokeapi.co/api/v2/pokemon/197/"
    },
    {
      "name": "murkrow",
      "url": "https://pokeapi.co/api/v2/pokemon/198/"
    },
    {
      "name": "misdreavus",
      "url": "https://pokeapi.co/api/v2/pokemon/200/"
    },
    {
      "name": "girafarig",
      "url": "https://pokeapi.co/api/v2/pokemon/203/"
    },
    {
      "name": "corsola",
      "url": "https://pokeapi.co/api/v2/pokemon/222/"
    },
    {
      "name": "houndour",
      "url": "https://pokeapi.co/api/v2/pokemon/228/"
    },
    {
      "name": "houndoom",
      "url": "https://pokeapi.co/api/v2/pokemon/229/"
    },
    {
      "name": "stantler",
      "url": "https://pokeapi.co/api/v2/pokemon/234/"
    },
    {
      "name": "hitmontop",
      "url": "https://pokeapi.co/api/v2/pokemon/237/"
    },
    {
      "name": "celebi",
      "url": "https://pokeapi.co/api/v2/pokemon/251/"
    },
    {
      "name": "poochyena",
      "url": "https://pokeapi.co/api/v2/pokemon/261/"
    },
    {
      "name": "mightyena",
      "url": "https://pokeapi.co/api/v2/pokemon/262/"
    },
    {
      "name": "seedot",
      "url": "https://pokeapi.co/api/v2/pokemon/273/"
    },
    {
      "name": "nuzleaf",
      "url": "https://pokeapi.co/api/v2/pokemon/274/"
    },
    {
      "name": "shiftry",
      "url": "https://pokeapi.co/api/v2/pokemon/275/"
    },
    {
      "name": "slakoth",
      "url": "https://pokeapi.co/api/v2/pokemon/287/"
    },
    {
      "name": "vigoroth",
      "url": "https://pokeapi.co/api/v2/pokemon/288/"
    },
    {
      "name": "slaking",
      "url": "https://pokeapi.co/api/v2/pokemon/289/"
    },
    {
      "name": "shedinja",
      "url": "https://pokeapi.co/api/v2/pokemon/292/"
    },
    {
      "name": "skitty",
      "url": "https://pokeapi.co/api/v2/pokemon/300/"
    },
    {
      "name": "delcatty",
      "url": "https://pokeapi.co/api/v2/pokemon/301/"
    },
    {
      "name": "sableye",
      "url": "https://pokeapi.co/api/v2/pokemon/302/"
    },
    {
      "name": "mawile",
      "url": "https://pokeapi.co/api/v2/pokemon/303/"
    },
    {
      "name": "spinda",
      "url": "https://pokeapi.co/api/v2/pokemon/327/"
    },
    {
      "name": "cacnea",
      "url": "https://pokeapi.co/api/v2/pokemon/331/"
    },
    {
      "name": "cacturne",
      "url": "https://pokeapi.co/api/v2/pokemon/332/"
    },
    {
      "name": "seviper",
      "url": "https://pokeapi.co/api/v2/pokemon/336/"
    },
    {
      "name": "kecleon",
      "url": "https://pokeapi.co/api/v2/pokemon/352/"
    },
    {
      "name": "shuppet",
      "url": "https://pokeapi.co/api/v2/pokemon/353/"
    },
    {
      "name": "banette",
      "url": "https://pokeapi.co/api/v2/pokemon/354/"
    },
    {
      "name": "duskull",
      "url": "https://pokeapi.co/api/v2/pokemon/355/"
    },
    {
      "name": "dusclops",
      "url": "https://pokeapi.co/api/v2/pokemon/356/"
    },
    {
      "name": "absol",
      "url": "https://pokeapi.co/api/v2/pokemon/359/"
    },
    {
      "name": "huntail",
      "url": "https://pokeapi.co/api/v2/pokemon/367/"
    },
    {
      "name": "latias",
      "url": "https://pokeapi.co/api/v2/pokemon/380/"
    },
    {
      "name": "wormadam-plant",
      "url": "https://pokeapi.co/api/v2/pokemon/413/"
    },
    {
      "name": "drifloon",
      "url": "https://pokeapi.co/api/v2/pokemon/425/"
    },
    {
      "name": "drifblim",
      "url": "https://pokeapi.co/api/v2/pokemon/426/"
    },
    {
      "name": "mismagius",
      "url": "https://pokeapi.co/api/v2/pokemon/429/"
    },
    {
      "name": "honchkrow",
      "url": "https://pokeapi.co/api/v2/pokemon/430/"
    },
    {
      "name": "glameow",
      "url": "https://pokeapi.co/api/v2/pokemon/431/"
    },
    {
      "name": "purugly",
      "url": "https://pokeapi.co/api/v2/pokemon/432/"
    },
    {
      "name": "stunky",
      "url": "https://pokeapi.co/api/v2/pokemon/434/"
    },
    {
      "name": "skuntank",
      "url": "https://pokeapi.co/api/v2/pokemon/435/"
    },
    {
      "name": "bonsly",
      "url": "https://pokeapi.co/api/v2/pokemon/438/"
    },
    {
      "name": "mime-jr",
      "url": "https://pokeapi.co/api/v2/pokemon/439/"
    },
    {
      "name": "spiritomb",
      "url": "https://pokeapi.co/api/v2/pokemon/442/"
    },
    {
      "name": "croagunk",
      "url": "https://pokeapi.co/api/v2/pokemon/453/"
    },
    {
      "name": "toxicroak",
      "url": "https://pokeapi.co/api/v2/pokemon/454/"
    },
    {
      "name": "dusknoir",
      "url": "https://pokeapi.co/api/v2/pokemon/477/"
    },
    {
      "name": "froslass",
      "url": "https://pokeapi.co/api/v2/pokemon/478/"
    },
    {
      "name": "rotom",
      "url": "https://pokeapi.co/api/v2/pokemon/479/"
    },
    {
      "name": "darkrai",
      "url": "https://pokeapi.co/api/v2/pokemon/491/"
    },
    {
      "name": "tepig",
      "url": "https://pokeapi.co/api/v2/pokemon/498/"
    },
    {
      "name": "pignite",
      "url": "https://pokeapi.co/api/v2/pokemon/499/"
    },
    {
      "name": "emboar",
      "url": "https://pokeapi.co/api/v2/pokemon/500/"
    },
    {
      "name": "purrloin",
      "url": "https://pokeapi.co/api/v2/pokemon/509/"
    },
    {
      "name": "liepard",
      "url": "https://pokeapi.co/api/v2/pokemon/510/"
    },
    {
      "name": "maractus",
      "url": "https://pokeapi.co/api/v2/pokemon/556/"
    },
    {
      "name": "zorua",
      "url": "https://pokeapi.co/api/v2/pokemon/570/"
    },
    {
      "name": "joltik",
      "url": "https://pokeapi.co/api/v2/pokemon/595/"
    },
    {
      "name": "galvantula",
      "url": "https://pokeapi.co/api/v2/pokemon/596/"
    },
    {
      "name": "stunfisk",
      "url": "https://pokeapi.co/api/v2/pokemon/618/"
    },
    {
      "name": "druddigon",
      "url": "https://pokeapi.co/api/v2/pokemon/621/"
    },
    {
      "name": "pawniard",
      "url": "https://pokeapi.co/api/v2/pokemon/624/"
    },
    {
      "name": "heatmor",
      "url": "https://pokeapi.co/api/v2/pokemon/631/"
    },
    {
      "name": "furfrou",
      "url": "https://pokeapi.co/api/v2/pokemon/676/"
    },
    {
      "name": "meowstic-male",
      "url": "https://pokeapi.co/api/v2/pokemon/678/"
    },
    {
      "name": "phantump",
      "url": "https://pokeapi.co/api/v2/pokemon/708/"
    },
    {
      "name": "trevenant",
      "url": "https://pokeapi.co/api/v2/pokemon/709/"
    },
    {
      "name": "yveltal",
      "url": "https://pokeapi.co/api/v2/pokemon/717/"
    },
    {
      "name": "rowlet",
      "url": "https://pokeapi.co/api/v2/pokemon/722/"
    },
    {
      "name": "dartrix",
      "url": "https://pokeapi.co/api/v2/pokemon/723/"
    },
    {
      "name": "decidueye",
      "url": "https://pokeapi.co/api/v2/pokemon/724/"
    },
    {
      "name": "rockruff",
      "url": "https://pokeapi.co/api/v2/pokemon/744/"
    },
    {
      "name": "lycanroc-midday",
      "url": "https://pokeapi.co/api/v2/pokemon/745/"
    },
    {
      "name": "golisopod",
      "url": "https://pokeapi.co/api/v2/pokemon/768/"
    },
    {
      "name": "komala",
      "url": "https://pokeapi.co/api/v2/pokemon/775/"
    },
    {
      "name": "marshadow",
      "url": "https://pokeapi.co/api/v2/pokemon/802/"
    },
    {
      "name": "scorbunny",
      "url": "https://pokeapi.co/api/v2/pokemon/813/"
    },
    {
      "name": "raboot",
      "url": "https://pokeapi.co/api/v2/pokemon/814/"
    },
    {
      "name": "cinderace",
      "url": "https://pokeapi.co/api/v2/pokemon/815/"
    },
    {
      "name": "sobble",
      "url": "https://pokeapi.co/api/v2/pokemon/816/"
    },
    {
      "name": "drizzile",
      "url": "https://pokeapi.co/api/v2/pokemon/817/"
    },
    {
      "name": "inteleon",
      "url": "https://pokeapi.co/api/v2/pokemon/818/"
    },
    {
      "name": "nickit",
      "url": "https://pokeapi.co/api/v2/pokemon/827/"
    },
    {
      "name": "thievul",
      "url": "https://pokeapi.co/api/v2/pokemon/828/"
    },
    {
      "name": "applin",
      "url": "https://pokeapi.co/api/v2/pokemon/840/"
    },
    {
      "name": "clobbopus",
      "url": "https://pokeapi.co/api/v2/pokemon/852/"
    },
    {
      "name": "sinistea",
      "url": "https://pokeapi.co/api/v2/pokemon/854/"
    },
    {
      "name": "polteageist",
      "url": "https://pokeapi.co/api/v2/pokemon/855/"
    },
    {
      "name": "impidimp",
      "url": "https://pokeapi.co/api/v2/pokemon/859/"
    },
    {
      "name": "morgrem",
      "url": "https://pokeapi.co/api/v2/pokemon/860/"
    },
    {
      "name": "grimmsnarl",
      "url": "https://pokeapi.co/api/v2/pokemon/861/"
    },
    {
      "name": "mr-rime",
      "url": "https://pokeapi.co/api/v2/pokemon/866/"
    },
    {
      "name": "pincurchin",
      "url": "https://pokeapi.co/api/v2/pokemon/871/"
    },
    {
      "name": "dreepy",
      "url": "https://pokeapi.co/api/v2/pokemon/885/"
    },
    {
      "name": "dragapult",
      "url": "https://pokeapi.co/api/v2/pokemon/887/"
    },
    {
      "name": "urshifu-single-strike",
      "url": "https://pokeapi.co/api/v2/pokemon/892/"
    },
    {
      "name": "sprigatito",
      "url": "https://pokeapi.co/api/v2/pokemon/906/"
    },
    {
      "name": "tarountula",
      "url": "https://pokeapi.co/api/v2/pokemon/917/"
    },
    {
      "name": "nymble",
      "url": "https://pokeapi.co/api/v2/pokemon/919/"
    },
    {
      "name": "lokix",
      "url": "https://pokeapi.co/api/v2/pokemon/920/"
    },
    {
      "name": "tadbulb",
      "url": "https://pokeapi.co/api/v2/pokemon/938/"
    },
    {
      "name": "bellibolt",
      "url": "https://pokeapi.co/api/v2/pokemon/939/"
    },
    {
      "name": "wiglett",
      "url": "https://pokeapi.co/api/v2/pokemon/960/"
    },
    {
      "name": "wugtrio",
      "url": "https://pokeapi.co/api/v2/pokemon/961/"
    },
    {
      "name": "bombirdier",
      "url": "https://pokeapi.co/api/v2/pokemon/962/"
    },
    {
      "name": "brute-bonnet",
      "url": "https://pokeapi.co/api/v2/pokemon/986/"
    },
    {
      "name": "chien-pao",
      "url": "https://pokeapi.co/api/v2/pokemon/1002/"
    },
    {
      "name": "dipplin",
      "url": "https://pokeapi.co/api/v2/pokemon/1011/"
    },
    {
      "name": "hydrapple",
      "url": "https://pokeapi.co/api/v2/pokemon/1019/"
    },
    {
      "name": "wormadam-sandy",
      "url": "https://pokeapi.co/api/v2/pokemon/10004/"
    },
    {
      "name": "wormadam-trash",
      "url": "https://pokeapi.co/api/v2/pokemon/10005/"
    },
    {
      "name": "rotom-heat",
      "url": "https://pokeapi.co/api/v2/pokemon/10008/"
    },
    {
      "name": "rotom-wash",
      "url": "https://pokeapi.co/api/v2/pokemon/10009/"
    },
    {
      "name": "rotom-frost",
      "url": "https://pokeapi.co/api/v2/pokemon/10010/"
    },
    {
      "name": "rotom-fan",
      "url": "https://pokeapi.co/api/v2/pokemon/10011/"
    },
    {
      "name": "rotom-mow",
      "url": "https://pokeapi.co/api/v2/pokemon/10012/"
    },
    {
      "name": "meowstic-female",
      "url": "https://pokeapi.co/api/v2/pokemon/10025/"
    },
    {
      "name": "gengar-mega",
      "url": "https://pokeapi.co/api/v2/pokemon/10038/"
    },
    {
      "name": "kangaskhan-mega",
      "url": "https://pokeapi.co/api/v2/pokemon/10039/"
    },
    {
      "name": "mawile-mega",
      "url": "https://pokeapi.co/api/v2/pokemon/10052/"
    },
    {
      "name": "banette-mega",
      "url": "https://pokeapi.co/api/v2/pokemon/10056/"
    },
    {
      "name": "absol-mega",
      "url": "https://pokeapi.co/api/v2/pokemon/10057/"
    },
    {
      "name": "sableye-mega",
      "url": "https://pokeapi.co/api/v2/pokemon/10066/"
    },
    {
      "name": "rattata-alola",
      "url": "https://pokeapi.co/api/v2/pokemon/10091/"
    },
    {
      "name": "raticate-alola",
      "url": "https://pokeapi.co/api/v2/pokemon/10092/"
    },
    {
      "name": "raticate-totem-alola",
      "url": "https://pokeapi.co/api/v2/pokemon/10093/"
    },
    {
      "name": "diglett-alola",
      "url": "https://pokeapi.co/api/v2/pokemon/10105/"
    },
    {
      "name": "dugtrio-alola",
      "url": "https://pokeapi.co/api/v2/pokemon/10106/"
    },
    {
      "name": "rockruff-own-tempo",
      "url": "https://pokeapi.co/api/v2/pokemon/10151/"
    },
    {
      "name": "lycanroc-dusk",
      "url": "https://pokeapi.co/api/v2/pokemon/10152/"
    },
    {
      "name": "mr-mime-galar",
      "url": "https://pokeapi.co/api/v2/pokemon/10168/"
    },
    {
      "name": "moltres-galar",
      "url": "https://pokeapi.co/api/v2/pokemon/10171/"
    },
    {
      "name": "stunfisk-galar",
      "url": "https://pokeapi.co/api/v2/pokemon/10180/"
    },
    {
      "name": "samurott-hisui",
      "url": "https://pokeapi.co/api/v2/pokemon/10236/"
    },
    {
      "name": "decidueye-hisui",
      "url": "https://pokeapi.co/api/v2/pokemon/10244/"
    }
  ],
  "machines": [],
  "meta": {
    "ailment": {
      "name": "none",
      "url": "https://pokeapi.co/api/v2/move-ailment/0/"
    },
    "ailment_chance": 0,
    "category": {
      "name": "damage",
      "url": "https://pokeapi.co/api/v2/move-category/0/"
    },
    "crit_rate": 0,
    "drain": 0,
    "flinch_chance": 0,
    "healing": 0,
    "max_hits": null,
    "max_turns": null,
    "min_hits": null,
    "min_turns": null,
    "stat_chance": 0
  },
  "name": "sucker-punch",
  "names": [
    {
      "language": {
        "name": "ja-Hrkt",
        "url": "https://pokeapi.co/api/v2/language/1/"
      },
      "name": "\u3075\u3044\u3046\u3061"
    },
    {
      "language": {
        "name": "ko",
        "url": "https://pokeapi.co/api/v2/language/3/"
      },
      "name": "\uae30\uc2b5"
    },
    {
      "language": {
        "name": "zh-Hant",
        "url": "https://pokeapi.co/api/v2/language/4/"
      },
      "name": "\u7a81\u8972"
    },
    {
      "language": {
        "name": "fr",
        "url": "https://pokeapi.co/api/v2/language/5/"
      },
      "name": "Coup Bas"
    },
    {
      "language": {
        "name": "de",
        "url": "https://pokeapi.co/api/v2/language/6/"
      },
      "name": "Tiefschlag"
    },
    {
      "language": {
        "name": "es",
        "url": "https://pokeapi.co/api/v2/language/7/"
      },
      "name": "Golpe Bajo"
    },
    {
      "language": {
        "name": "it",
        "url": "https://pokeapi.co/api/v2/language/8/"
      },
      "name": "Sbigoattacco"
    },
    {
      "language": {
        "name": "en",
        "url": "https://pokeapi.co/api/v2/language/9/"
      },
      "name": "Sucker Punch"
    },
    {
      "language": {
        "name": "ja",
        "url": "https://pokeapi.co/api/v2/language/11/"
      },
      "name": "\u3075\u3044\u3046\u3061"
    },
    {
      "language": {
        "name": "zh-Hans",
        "url": "https://pokeapi.co/api/v2/language/12/"
      },
      "name": "\u7a81\u88ad"
    }
  ],
  "past_values": [
    {
      "accuracy": null,
      "effect_chance": null,
      "effect_entries": [],
      "power": 80,
      "pp": null,
      "type": null,
      "version_group": {
        "name": "sun-moon",
        "url": "https://pokeapi.co/api/v2/version-group/17/"
      }
    }
  ],
  "power": 70,
  "pp": 5,
  "priority": 1,
  "stat_changes": [],
  "super_contest_effect": {
    "url": "https://pokeapi.co/api/v2/super-contest-effect/1/"
  },
  "target": {
    "name": "selected-pokemon",
    "url": "https://pokeapi.co/api/v2/move-target/10/"
  },
  "type": {
    "name": "dark",
    "url": "https://pokeapi.co/api/v2/type/17/"
  }
}