{
  "accuracy": 90,
  "contest_combos": null,
  "contest_effect": {
    "url": "https://pokeapi.co/api/v2/contest-effect/24/"
  },
  "contest_type": {
    "name": "beauty",
    "url": "https://pokeapi.co/api/v2/contest-type/2/"
  },
  "damage_class": {
    "name": "physical",
    "url": "https://pokeapi.co/api/v2/move-damage-class/2/"
  },
  "effect_chance": null,
  "effect_changes": [],
  "effect_entries": [
    {
      "effect": "Inflicts regular damage.  User is forced to use this move for five turns.  Power doubles every time this move is used in succession to a maximum of 16x, and resets to normal after the lock-in ends.  If this move misses or becomes unusable, the lock-in ends.\n\nIf the user has used defense curl since entering the field, this move has double power.",
      "language": {
        "name": "en",
        "url": "https://pokeapi.co/api/v2/language/9/"
      },
      "short_effect": "Power doubles every turn this move is used in succession after the first, resetting after five turns."
    }
  ],
  "flavor_text_entries": [
    {
      "flavor_text": "\uff15\u30bf\u30fc\u30f3\u306e\u3000\u9593\u3000\u76f8\u624b\u3092\u3000\u653b\u6483\u3059\u308b\u3002\n\u6280\u304c\u3000\u5f53\u305f\u308b\u305f\u3073\u3000\u5a01\u529b\u304c\u3000\u3042\u304c\u308b\u3002",
      "language": {
        "name": "ja",
        "url": "https://pokeapi.co/api/v2/language/11/"
      },
      "version_group": {
        "name": "ultra-sun-ultra-moon",
        "url": "https://pokeapi.co/api/v2/version-group/18/"
      }
    },
    {
      "flavor_text": "A 5-turn attack that gains\npower on successive hits.",
      "language": {
        "name": "en",
        "url": "https://pokeapi.co/api/v2/language/9/"
      },
      "version_group": {
        "name": "ruby-sapphire",
        "url": "https://pokeapi.co/api/v2/version-group/5/"
      }
    },
    {
      "flavor_text": "A 5-turn attack that gains\npower on successive hits.",
      "language": {
        "name": "en",
        "url": "https://pokeapi.co/api/v2/language/9/"
      },
      "version_group": {
        "name": "emerald",
        "url": "https://pokeapi.co/api/v2/version-group/6/"
      }
    },
    {
      "flavor_text": "A 5-turn rolling\nattack that becomes\nstronger each time\nit rolls.",
      "language": {
        "name": "en",
        "url": "https://pokeapi.co/api/v2/language/9/"
      },
      "version_group": {
        "name": "firered-leafgreen",
        "url": "https://pokeapi.co/api/v2/version-group/7/"
      }
    },
    {
      "flavor_text": "The user continually\nrolls into the foe\nover five turns. It\nbecomes stronger\neach time it hits.",
      "language": {
        "name": "en",
        "url": "https://pokeapi.co/api/v2/language/9/"
      },
      "version_group": {
        "name": "diamond-pearl",
        "url": "https://pokeapi.co/api/v2/version-group/8/"
      }
    },
    {
      "flavor_text": "The user continually\nrolls into the foe\nover five turns. It\nbecomes stronger\neach time it hits.",
      "language": {
        "name": "en",
        "url": "https://pokeapi.co/api/v2/language/9/"
      },
      "version_group": {
        "name": "platinum",
        "url": "https://pokeapi.co/api/v2/version-group/9/"
      }
    },
    {
      "flavor_text": "The user continually\nrolls into the foe\nover five turns. It\nbecomes stronger\neach time it hits.",
      "language": {
        "name": "en",
        "url": "https://pokeapi.co/api/v2/language/9/"
      },
      "version_group": {
        "name": "heartgold-soulsilver",
        "url": "https://pokeapi.co/api/v2/version-group/10/"
      }
    },
    {
      "flavor_text": "Envoie une balle de glace pendant 5 tours.\nL\u2019attaque gagne en puissance\n\u00e0 chaque coup.",
      "language": {
        "name": "fr",
        "url": "https://pokeapi.co/api/v2/language/5/"
      },
      "version_group": {
        "name": "black-white",
        "url": "https://pokeapi.co/api/v2/version-group/11/"
      }
    },
    {
      "flavor_text": "The user continually rolls into the target\nover five turns. It becomes stronger\neach time it hits.",
      "language": {
        "name": "en",
        "url": "https://pokeapi.co/api/v2/language/9/"
      },
      "version_group": {
        "name": "black-white",
        "url": "https://pokeapi.co/api/v2/version-group/11/"
      }
    },
    {
      "flavor_text": "The user continually rolls into the target\nover five turns. It becomes stronger\neach time it hits.",
      "language": {
        "name": "en",
        "url": "https://pokeapi.co/api/v2/language/9/"
      },
      "version_group": {
        "name": "black-2-white-2",
        "url": "https://pokeapi.co/api/v2/version-group/14/"
      }
    },
    {
      "flavor_text": "\uff15\u30bf\u30fc\u30f3\u306e\u3000\u3042\u3044\u3060\u3000\u3053\u308d\u304c\u308a\u3064\u3065\u3051\u3066\n\u3042\u3044\u3066\u3092\u3000\u3053\u3046\u3052\u304d\u3059\u308b\u3002\u308f\u3056\u304c\n\u3042\u305f\u308b\u305f\u3073\u3000\u3044\u308a\u3087\u304f\u304c\u3000\u3042\u304c\u308b\u3002",
      "language": {
        "name": "ja-Hrkt",
        "url": "https://pokeapi.co/api/v2/language/1/"
      },
      "version_group": {
        "name": "x-y",
        "url": "https://pokeapi.co/api/v2/version-group/15/"
      }
    },
    {
      "flavor_text": "5\ud134 \ub3d9\uc548 \uad6c\ub974\uae30\ub97c \ubc18\ubcf5\ud558\uc5ec\n\uc0c1\ub300\ub97c \uacf5\uaca9\ud55c\ub2e4. \uae30\uc220\uc774 \ub9de\uc744 \ub54c\ub9c8\ub2e4\n\uc704\ub825\uc774 \uc62c\ub77c\uac04\ub2e4.",
      "language": {
        "name": "ko",
        "url": "https://pokeapi.co/api/v2/language/3/"
      },
      "version_group": {
        "name": "x-y",
        "url": "https://pokeapi.co/api/v2/version-group/15/"
      }
    },
    {
      "flavor_text": "Envoie une balle de glace pendant cinq tours.\nL\u2019attaque gagne en puissance \u00e0 chaque coup.",
      "language": {
        "name": "fr",
        "url": "https://pokeapi.co/api/v2/language/5/"
      },
      "version_group": {
        "name": "x-y",
        "url": "https://pokeapi.co/api/v2/version-group/15/"
      }
    },
    {
      "flavor_text": "Attacke, die f\u00fcnf Runden dauert.\nDie H\u00e4rte nimmt von Mal zu Mal zu.",
      "language": {
        "name": "de",
        "url": "https://pokeapi.co/api/v2/language/6/"
      },
      "version_group": {
        "name": "x-y",
        "url": "https://pokeapi.co/api/v2/version-group/15/"
      }
    },
    {
      "flavor_text": "El atacante rueda contra el objetivo durante cinco\nturnos, cada vez con mayor fuerza.",
      "language": {
        "name": "es",
        "url": "https://pokeapi.co/api/v2/language/7/"
      },
      "version_group": {
        "name": "x-y",
        "url": "https://pokeapi.co/api/v2/version-group/15/"
      }
    },
    {
      "flavor_text": "Chi la usa attacca il bersaglio rotolando\nper cinque turni, con aumento progressivo\ndella potenza ogni volta che va a segno.",
      "language": {
        "name": "it",
        "url": "https://pokeapi.co/api/v2/language/8/"
      },
      "version_group": {
        "name": "x-y",
        "url": "https://pokeapi.co/api/v2/version-group/15/"
      }
    },
    {
      "flavor_text": "The user continually rolls into the target\nover five turns. It becomes stronger\neach time it hits.",
      "language": {
        "name": "en",
        "url": "https://pokeapi.co/api/v2/language/9/"
      },
      "version_group": {
        "name": "x-y",
        "url": "https://pokeapi.co/api/v2/version-group/15/"
      }
    },
    {
      "flavor_text": "\uff15\u30bf\u30fc\u30f3\u306e\u3000\u3042\u3044\u3060\u3000\u8ee2\u304c\u308a\u7d9a\u3051\u3066\n\u76f8\u624b\u3092\u3000\u653b\u6483\u3059\u308b\u3002\u6280\u304c\u3000\u5f53\u305f\u308b\u305f\u3073\n\u5a01\u529b\u304c\u3000\u3042\u304c\u308b\u3002",
      "language": {
        "name": "ja",
        "url": "https://pokeapi.co/api/v2/language/11/"
      },
      "version_group": {
        "name": "x-y",
        "url": "https://pokeapi.co/api/v2/version-group/15/"
      }
    },
    {
      "flavor_text": "\uff15\u30bf\u30fc\u30f3\u306e\u3000\u3042\u3044\u3060\u3000\u3053\u308d\u304c\u308a\u3064\u3065\u3051\u3066\n\u3042\u3044\u3066\u3092\u3000\u3053\u3046\u3052\u304d\u3059\u308b\u3002\u308f\u3056\u304c\n\u3042\u305f\u308b\u305f\u3073\u3000\u3044\u308a\u3087\u304f\u304c\u3000\u3042\u304c\u308b\u3002",
      "language": {
        "name": "ja-Hrkt",
        "url": "https://pokeapi.co/api/v2/language/1/"
      },
      "version_group": {
        "name": "omega-ruby-alpha-sapphire",
        "url": "https://pokeapi.co/api/v2/version-group/16/"
      }
    },
    {
      "flavor_text": "5\ud134 \ub3d9\uc548 \uad6c\ub974\uae30\ub97c \ubc18\ubcf5\ud558\uc5ec\n\uc0c1\ub300\ub97c \uacf5\uaca9\ud55c\ub2e4. \uae30\uc220\uc774 \ub9de\uc744 \ub54c\ub9c8\ub2e4\n\uc704\ub825\uc774 \uc62c\ub77c\uac04\ub2e4.",
      "language": {
        "name": "ko",
        "url": "https://pokeapi.co/api/v2/language/3/"
      },
      "version_group": {
        "name": "omega-ruby-alpha-sapphire",
        "url": "https://pokeapi.co/api/v2/version-group/16/"
      }
    },
    {
      "flavor_text": "Envoie une balle de glace pendant cinq tours.\nL\u2019attaque gagne en puissance \u00e0 chaque coup.",
      "language": {
        "name": "fr",
        "url": "https://pokeapi.co/api/v2/language/5/"
      },
      "version_group": {
        "name": "omega-ruby-alpha-sapphire",
        "url": "https://pokeapi.co/api/v2/version-group/16/"
      }
    },
    {
      "flavor_text": "Attacke, die f\u00fcnf Runden dauert.\nDie H\u00e4rte nimmt von Mal zu Mal zu.",
      "language": {
        "name": "de",
        "url": "https://pokeapi.co/api/v2/language/6/"
      },
      "version_group": {
        "name": "omega-ruby-alpha-sapphire",
        "url": "https://pokeapi.co/api/v2/version-group/16/"
      }
    },
    {
      "flavor_text": "El atacante rueda contra el objetivo durante cinco \nturnos, cada vez con mayor fuerza.",
      "language": {
        "name": "es",
        "url": "https://pokeapi.co/api/v2/language/7/"
      },
      "version_group": {
        "name": "omega-ruby-alpha-sapphire",
        "url": "https://pokeapi.co/api/v2/version-group/16/"
      }
    },
    {
      "flavor_text": "Chi la usa attacca il bersaglio rotolando\nper cinque turni, con aumento progressivo\ndella potenza ogni volta che va a segno.",
      "language": {
        "name": "it",
        "url": "https://pokeapi.co/api/v2/language/8/"
      },
      "version_group": {
        "name": "omega-ruby-alpha-sapphire",
        "url": "https://pokeapi.co/api/v2/version-group/16/"
      }
    },
    {
      "flavor_text": "The user continually rolls into the target\nover five turns. It becomes stronger\neach time it hits.",
      "language": {
        "name": "en",
        "url": "https://pokeapi.co/api/v2/language/9/"
      },
      "version_group": {
        "name": "omega-ruby-alpha-sapphire",
        "url": "https://pokeapi.co/api/v2/version-group/16/"
      }
    },
    {
      "flavor_text": "\uff15\u30bf\u30fc\u30f3\u306e\u3000\u3042\u3044\u3060\u3000\u8ee2\u304c\u308a\u7d9a\u3051\u3066\n\u76f8\u624b\u3092\u3000\u653b\u6483\u3059\u308b\u3002\u6280\u304c\u3000\u5f53\u305f\u308b\u305f\u3073\n\u5a01\u529b\u304c\u3000\u3042\u304c\u308b\u3002",
      "language": {
        "name": "ja",
        "url": "https://pokeapi.co/api/v2/language/11/"
      },
      "version_group": {
        "name": "omega-ruby-alpha-sapphire",
        "url": "https://pokeapi.co/api/v2/version-group/16/"
      }
    },
    {
      "flavor_text": "\uff15\u30bf\u30fc\u30f3\u306e\u3000\u3042\u3044\u3060\n\u3042\u3044\u3066\u3092\u3000\u3053\u3046\u3052\u304d\u3059\u308b\u3002\n\u308f\u3056\u304c\u3000\u3042\u305f\u308b\u305f\u3073\u3000\u3044\u308a\u3087\u304f\u304c\u3000\u3042\u304c\u308b\u3002",
      "language": {
        "name": "ja-Hrkt",
        "url": "https://pokeapi.co/api/v2/language/1/"
      },
      "version_group": {
        "name": "sun-moon",
        "url": "https://pokeapi.co/api/v2/version-group/17/"
      }
    },
    {
      "flavor_text": "5\ud134 \ub3d9\uc548\n\uc0c1\ub300\ub97c \uacf5\uaca9\ud55c\ub2e4.\n\uae30\uc220\uc774 \ub9de\uc744 \ub54c\ub9c8\ub2e4 \uc704\ub825\uc774 \uc62c\ub77c\uac04\ub2e4.",
      "language": {
        "name": "ko",
        "url": "https://pokeapi.co/api/v2/language/3/"
      },
      "version_group": {
        "name": "sun-moon",
        "url": "https://pokeapi.co/api/v2/version-group/17/"
      }
    },
    {
      "flavor_text": "\u5728\uff15\u56de\u5408\u5167\u4e0d\u65b7\u653b\u64ca\u5c0d\u624b\u3002\n\u6bcf\u64ca\u4e2d\u4e00\u6b21\uff0c\u5a01\u529b\u5c31\u6703\u63d0\u9ad8\u3002",
      "language": {
        "name": "zh-Hant",
        "url": "https://pokeapi.co/api/v2/language/4/"
      },
      "version_group": {
        "name": "sun-moon",
        "url": "https://pokeapi.co/api/v2/version-group/17/"
      }
    },
    {
      "flavor_text": "Frappe l\u2019ennemi pendant cinq tours.\nL\u2019attaque gagne en puissance \u00e0 chaque coup.",
      "language": {
        "name": "fr",
        "url": "https://pokeapi.co/api/v2/language/5/"
      },
      "version_group": {
        "name": "sun-moon",
        "url": "https://pokeapi.co/api/v2/version-group/17/"
      }
    },
    {
      "flavor_text": "Attacke, die f\u00fcnf Runden dauert. Mit jedem Treffer\nsteigt der Schaden in der n\u00e4chsten Runde.",
      "language": {
        "name": "de",
        "url": "https://pokeapi.co/api/v2/language/6/"
      },
      "version_group": {
        "name": "sun-moon",
        "url": "https://pokeapi.co/api/v2/version-group/17/"
      }
    },
    {
      "flavor_text": "El atacante rueda contra el objetivo durante cinco \nturnos, cada vez con mayor fuerza.",
      "language": {
        "name": "es",
        "url": "https://pokeapi.co/api/v2/language/7/"
      },
      "version_group": {
        "name": "sun-moon",
        "url": "https://pokeapi.co/api/v2/version-group/17/"
      }
    },
    {
      "flavor_text": "Chi la usa attacca il bersaglio per cinque turni,\ncon aumento progressivo della potenza ogni volta\nche va a segno.",
      "language": {
        "name": "it",
        "url": "https://pokeapi.co/api/v2/language/8/"
      },
      "version_group": {
        "name": "sun-moon",
        "url": "https://pokeapi.co/api/v2/version-group/17/"
      }
    },
    {
      "flavor_text": "The user attacks the target for five turns.\nThe move\u2019s power increases each time it hits.",
      "language": {
        "name": "en",
        "url": "https://pokeapi.co/api/v2/language/9/"
      },
      "version_group": {
        "name": "sun-moon",
        "url": "https://pokeapi.co/api/v2/version-group/17/"
      }
    },
    {
      "flavor_text": "\uff15\u30bf\u30fc\u30f3\u306e\u3000\u9593\u3000\u76f8\u624b\u3092\u3000\u653b\u6483\u3059\u308b\u3002\n\u6280\u304c\u3000\u5f53\u305f\u308b\u305f\u3073\u3000\u5a01\u529b\u304c\u3000\u3042\u304c\u308b\u3002",
      "language": {
        "name": "ja",
        "url": "https://pokeapi.co/api/v2/language/11/"
      },
      "version_group": {
        "name": "sun-moon",
        "url": "https://pokeapi.co/api/v2/version-group/17/"
      }
    },
    {
      "flavor_text": "\u5728\uff15\u56de\u5408\u5185\u653b\u51fb\u5bf9\u624b\u3002\n\u62db\u5f0f\u6bcf\u6b21\u51fb\u4e2d\uff0c\u5a01\u529b\u5c31\u4f1a\u63d0\u9ad8\u3002",
      "language": {
        "name": "zh-Hans",
        "url": "https://pokeapi.co/api/v2/language/12/"
      },
      "version_group": {
        "name": "sun-moon",
        "url": "https://pokeapi.co/api/v2/version-group/17/"
      }
    },
    {
      "flavor_text": "\uff15\u30bf\u30fc\u30f3\u306e\u3000\u3042\u3044\u3060\n\u3042\u3044\u3066\u3092\u3000\u3053\u3046\u3052\u304d\u3059\u308b\u3002\n\u308f\u3056\u304c\u3000\u3042\u305f\u308b\u305f\u3073\u3000\u3044\u308a\u3087\u304f\u304c\u3000\u3042\u304c\u308b\u3002",
      "language": {
        "name": "ja-Hrkt",
        "url": "https://pokeapi.co/api/v2/language/1/"
      },
      "version_group": {
        "name": "ultra-sun-ultra-moon",
        "url": "https://pokeapi.co/api/v2/version-group/18/"
      }
    },
    {
      "flavor_text": "5\ud134 \ub3d9\uc548\n\uc0c1\ub300\ub97c \uacf5\uaca9\ud55c\ub2e4.\n\uae30\uc220\uc774 \ub9de\uc744 \ub54c\ub9c8\ub2e4 \uc704\ub825\uc774 \uc62c\ub77c\uac04\ub2e4.",
      "language": {
        "name": "ko",
        "url": "https://pokeapi.co/api/v2/language/3/"
      },
      "version_group": {
        "name": "ultra-sun-ultra-moon",
        "url": "https://pokeapi.co/api/v2/version-group/18/"
      }
    },
    {
      "flavor_text": "\u5728\uff15\u56de\u5408\u5167\u4e0d\u65b7\u653b\u64ca\u5c0d\u624b\u3002\n\u6bcf\u64ca\u4e2d\u4e00\u6b21\uff0c\u5a01\u529b\u5c31\u6703\u63d0\u9ad8\u3002",
      "language": {
        "name": "zh-Hant",
        "url": "https://pokeapi.co/api/v2/language/4/"
      },
      "version_group": {
        "name": "ultra-sun-ultra-moon",
        "url": "https://pokeapi.co/api/v2/version-group/18/"
      }
    },
    {
      "flavor_text": "Frappe l\u2019ennemi pendant cinq tours.\nL\u2019attaque gagne en puissance \u00e0 chaque coup.",
      "language": {
        "name": "fr",
        "url": "https://pokeapi.co/api/v2/language/5/"
      },
      "version_group": {
        "name": "ultra-sun-ultra-moon",
        "url": "https://pokeapi.co/api/v2/version-group/18/"
      }
    },
    {
      "flavor_text": "Attacke, die f\u00fcnf Runden dauert. Mit jedem Treffer\nsteigt der Schaden in der n\u00e4chsten Runde.",
      "language": {
        "name": "de",
        "url": "https://pokeapi.co/api/v2/language/6/"
      },
      "version_group": {
        "name": "ultra-sun-ultra-moon",
        "url": "https://pokeapi.co/api/v2/version-group/18/"
      }
    },
    {
      "flavor_text": "El atacante rueda contra el objetivo durante cinco \nturnos, cada vez con mayor fuerza.",
      "language": {
        "name": "es",
        "url": "https://pokeapi.co/api/v2/language/7/"
      },
      "version_group": {
        "name": "ultra-sun-ultra-moon",
        "url": "https://pokeapi.co/api/v2/version-group/18/"
      }
    },
    {
      "flavor_text": "Chi la usa attacca il bersaglio per cinque turni,\ncon aumento progressivo della potenza ogni volta\nche va a segno.",
      "language": {
        "name": "it",
        "url": "https://pokeapi.co/api/v2/language/8/"
      },
      "version_group": {
        "name": "ultra-sun-ultra-moon",
        "url": "https://pokeapi.co/api/v2/version-group/18/"
      }
    },
    {
      "flavor_text": "The user attacks the target for five turns.\nThe move\u2019s power increases each time it hits.",
      "language": {
        "name": "en",
        "url": "https://pokeapi.co/api/v2/language/9/"
      },
      "version_group": {
        "name": "ultra-sun-ultra-moon",
        "url": "https://pokeapi.co/api/v2/version-group/18/"
      }
    },
    {
      "flavor_text": "\u5728\uff15\u56de\u5408\u5185\u653b\u51fb\u5bf9\u624b\u3002\n\u62db\u5f0f\u6bcf\u6b21\u51fb\u4e2d\uff0c\u5a01\u529b\u5c31\u4f1a\u63d0\u9ad8\u3002",
      "language": {
        "name": "zh-Hans",
        "url": "https://pokeapi.co/api/v2/language/12/"
      },
      "version_group": {
        "name": "ultra-sun-ultra-moon",
        "url": "https://pokeapi.co/api/v2/version-group/18/"
      }
    },
    {
      "flavor_text": "\uff15\u30bf\u30fc\u30f3\u306e\u3000\u3042\u3044\u3060\n\u3042\u3044\u3066\u3092\u3000\u3053\u3046\u3052\u304d\u3059\u308b\u3002\n\u308f\u3056\u304c\u3000\u3042\u305f\u308b\u305f\u3073\u3000\u3044\u308a\u3087\u304f\u304c\u3000\u3042\u304c\u308b\u3002",
      "language": {
        "name": "ja-Hrkt",
        "url": "https://pokeapi.co/api/v2/language/1/"
      },
      "version_group": {
        "name": "lets-go-pikachu-lets-go-eevee",
        "url": "https://pokeapi.co/api/v2/version-group/19/"
      }
    },
    {
      "flavor_text": "5\ud134 \ub3d9\uc548\n\uc0c1\ub300\ub97c \uacf5\uaca9\ud55c\ub2e4.\n\uae30\uc220\uc774 \ub9de\uc744 \ub54c\ub9c8\ub2e4 \uc704\ub825\uc774 \uc62c\ub77c\uac04\ub2e4.",
      "language": {
        "name": "ko",
        "url": "https://pokeapi.co/api/v2/language/3/"
      },
      "version_group": {
        "name": "lets-go-pikachu-lets-go-eevee",
        "url": "https://pokeapi.co/api/v2/version-group/19/"
      }
    },
    {
      "flavor_text": "\u5728\uff15\u56de\u5408\u5167\u4e0d\u65b7\u653b\u64ca\u5c0d\u624b\u3002\n\u6bcf\u64ca\u4e2d\u4e00\u6b21\uff0c\u5a01\u529b\u5c31\u6703\u63d0\u9ad8\u3002",
      "language": {
        "name": "zh-Hant",
        "url": "https://pokeapi.co/api/v2/language/4/"
      },
      "version_group": {
        "name": "lets-go-pikachu-lets-go-eevee",
        "url": "https://pokeapi.co/api/v2/version-group/19/"
      }
    },
    {
      "flavor_text": "Frappe l\u2019ennemi pendant cinq tours.\nL\u2019attaque gagne en puissance \u00e0 chaque coup.",
      "language": {
        "name": "fr",
        "url": "https://pokeapi.co/api/v2/language/5/"
      },
      "version_group": {
        "name": "lets-go-pikachu-lets-go-eevee",
        "url": "https://pokeapi.co/api/v2/version-group/19/"
      }
    },
    {
      "flavor_text": "Attacke, die f\u00fcnf Runden dauert. Mit jedem Treffer\nsteigt der Schaden in der n\u00e4chsten Runde.",
      "language": {
        "name": "de",
        "url": "https://pokeapi.co/api/v2/language/6/"
      },
      "version_group": {
        "name": "lets-go-pikachu-lets-go-eevee",
        "url": "https://pokeapi.co/api/v2/version-group/19/"
      }
    },
    {
      "flavor_text": "El atacante rueda contra el objetivo durante cinco \nturnos, cada vez con mayor fuerza.",
      "language": {
        "name": "es",
        "url": "https://pokeapi.co/api/v2/language/7/"
      },
      "version_group": {
        "name": "lets-go-pikachu-lets-go-eevee",
        "url": "https://pokeapi.co/api/v2/version-group/19/"
      }
    },
    {
      "flavor_text": "Chi la usa attacca il bersaglio per cinque turni,\ncon aumento progressivo della potenza ogni volta\nche va a segno.",
      "language": {
        "name": "it",
        "url": "https://pokeapi.co/api/v2/language/8/"
      },
      "version_group": {
        "name": "lets-go-pikachu-lets-go-eevee",
        "url": "https://pokeapi.co/api/v2/version-group/19/"
      }
    },
    {
      "flavor_text": "The user attacks the target for five turns.\nThe move\u2019s power increases each time it hits.",
      "language": {
        "name": "en",
        "url": "https://pokeapi.co/api/v2/language/9/"
      },
      "version_group": {
        "name": "lets-go-pikachu-lets-go-eevee",
        "url": "https://pokeapi.co/api/v2/version-group/19/"
      }
    },
    {
      "flavor_text": "\uff15\u30bf\u30fc\u30f3\u306e\u3000\u9593\u3000\u76f8\u624b\u3092\u3000\u653b\u6483\u3059\u308b\u3002\n\u6280\u304c\u3000\u5f53\u305f\u308b\u305f\u3073\u3000\u5a01\u529b\u304c\u3000\u3042\u304c\u308b\u3002",
      "language": {
        "name": "ja",
        "url": "https://pokeapi.co/api/v2/language/11/"
      },
      "version_group": {
        "name": "lets-go-pikachu-lets-go-eevee",
        "url": "https://pokeapi.co/api/v2/version-group/19/"
      }
    },
    {
      "flavor_text": "\u5728\uff15\u56de\u5408\u5185\u653b\u51fb\u5bf9\u624b\u3002\n\u62db\u5f0f\u6bcf\u6b21\u51fb\u4e2d\uff0c\u5a01\u529b\u5c31\u4f1a\u63d0\u9ad8\u3002",
      "language": {
        "name": "zh-Hans",
        "url": "https://pokeapi.co/api/v2/language/12/"
      },
      "version_group": {
        "name": "lets-go-pikachu-lets-go-eevee",
        "url": "https://pokeapi.co/api/v2/version-group/19/"
      }
    },
    {
      "flavor_text": "\u3053\u306e\u308f\u3056\u306f\u3000\u3064\u304b\u3048\u307e\u305b\u3093\n\u304a\u3082\u3044\u3060\u3059\u3053\u3068\u304c\u3000\u3067\u304d\u306a\u304f\u306a\u308a\u307e\u3059\u304c\n\u308f\u3056\u3092\u3000\u308f\u3059\u308c\u308b\u3053\u3068\u3092\u3000\u304a\u3059\u3059\u3081\u3057\u307e\u3059",
      "language": {
        "name": "ja-Hrkt",
        "url": "https://pokeapi.co/api/v2/language/1/"
      },
      "version_group": {
        "name": "sword-shield",
        "url": "https://pokeapi.co/api/v2/version-group/20/"
      }
    },
    {
      "flavor_text": "\uc0ac\uc6a9\ud560 \uc218 \uc5c6\ub294 \uae30\uc220\uc785\ub2c8\ub2e4.\n\ub2e4\uc2dc \ubc30\uc6b0\uac8c \ud560 \uc218 \uc5c6\uc9c0\ub9cc\n\uae30\uc220\uc744 \uc78a\uac8c \ud558\ub294 \uac83\uc744 \uad8c\uc7a5\ud569\ub2c8\ub2e4.",
      "language": {
        "name": "ko",
        "url": "https://pokeapi.co/api/v2/language/3/"
      },
      "version_group": {
        "name": "sword-shield",
        "url": "https://pokeapi.co/api/v2/version-group/20/"
      }
    },
    {
      "flavor_text": "\u7121\u6cd5\u4f7f\u7528\u6b64\u62db\u5f0f\u3002\n\u96d6\u7136\u5fd8\u8a18\u5f8c\u5c07\u7121\u6cd5\u518d\u60f3\u8d77\u4f86\uff0c\n\u4f46\u9084\u662f\u5efa\u8b70\u5fd8\u8a18\u6b64\u62db\u5f0f\u3002",
      "language": {
        "name": "zh-Hant",
        "url": "https://pokeapi.co/api/v2/language/4/"
      },
      "version_group": {
        "name": "sword-shield",
        "url": "https://pokeapi.co/api/v2/version-group/20/"
      }
    },
    {
      "flavor_text": "Cette capacit\u00e9 ne peut pas \u00eatre utilis\u00e9e.\nIl est recommand\u00e9 de l\u2019oublier, m\u00eame s\u2019il sera\nimpossible de se la rem\u00e9morer une fois oubli\u00e9e.",
      "language": {
        "name": "fr",
        "url": "https://pokeapi.co/api/v2/language/5/"
      },
      "version_group": {
        "name": "sword-shield",
        "url": "https://pokeapi.co/api/v2/version-group/20/"
      }
    },
    {
      "flavor_text": "Diese Attacke kann nicht eingesetzt werden. Du solltest\ndein Pok\u00e9mon sie vergessen lassen. Beachte aber,\ndass es sich danach nicht wieder an sie erinnern kann.",
      "language": {
        "name": "de",
        "url": "https://pokeapi.co/api/v2/language/6/"
      },
      "version_group": {
        "name": "sword-shield",
        "url": "https://pokeapi.co/api/v2/version-group/20/"
      }
    },
    {
      "flavor_text": "Este movimiento no se puede usar, por lo que ser\u00eda\nmejor olvidarlo, aunque eso implique que no se pueda\nrecordar posteriormente.",
      "language": {
        "name": "es",
        "url": "https://pokeapi.co/api/v2/language/7/"
      },
      "version_group": {
        "name": "sword-shield",
        "url": "https://pokeapi.co/api/v2/version-group/20/"
      }
    },
    {
      "flavor_text": "Questa mossa non pu\u00f2 essere usata.\n\u00c8 consigliabile farla dimenticare al Pok\u00e9mon. Tuttavia,\nuna volta dimenticata, non potr\u00e0 pi\u00f9 essere ricordata.",
      "language": {
        "name": "it",
        "url": "https://pokeapi.co/api/v2/language/8/"
      },
      "version_group": {
        "name": "sword-shield",
        "url": "https://pokeapi.co/api/v2/version-group/20/"
      }
    },
    {
      "flavor_text": "This move can\u2019t be used.\nIt\u2019s recommended that this move is forgotten.\nOnce forgotten, this move can\u2019t be remembered.",
      "language": {
        "name": "en",
        "url": "https://pokeapi.co/api/v2/language/9/"
      },
      "version_group": {
        "name": "sword-shield",
        "url": "https://pokeapi.co/api/v2/version-group/20/"
      }
    },
    {
      "flavor_text": "\u3053\u306e\u6280\u306f\u3000\u4f7f\u3048\u307e\u305b\u3093\n\u601d\u3044\u51fa\u3059\u3053\u3068\u304c\u3000\u3067\u304d\u306a\u304f\u306a\u308a\u307e\u3059\u304c\n\u6280\u3092\u3000\u5fd8\u308c\u308b\u3053\u3068\u3092\u3000\u304a\u3059\u3059\u3081\u3057\u307e\u3059",
      "language": {
        "name": "ja",
        "url": "https://pokeapi.co/api/v2/language/11/"
      },
      "version_group": {
        "name": "sword-shield",
        "url": "https://pokeapi.co/api/v2/version-group/20/"
      }
    },
    {
      "flavor_text": "\u65e0\u6cd5\u4f7f\u7528\u8fd9\u4e2a\u62db\u5f0f\u3002\n\u867d\u7136\u5fd8\u8bb0\u4e4b\u540e\u5c31\u518d\u4e5f\u60f3\u4e0d\u8d77\u6765\u4e86\uff0c\n\u4f46\u8fd8\u662f\u5efa\u8bae\u5fd8\u8bb0\u8fd9\u4e2a\u62db\u5f0f\u3002",
      "language": {
        "name": "zh-Hans",
        "url": "https://pokeapi.co/api/v2/language/12/"
      },
      "version_group": {
        "name": "sword-shield",
        "url": "https://pokeapi.co/api/v2/version-group/20/"
      }
    }
  ],
  "generation": {
    "name": "generation-iii",
    "url": "https://pokeapi.co/api/v2/generation/3/"
  },
  "id": 301,
  "learned_by_pokemon": [
    {
      "name": "poliwag",
      "url": "https://pokeapi.co/api/v2/pokemon/60/"
    },
    {
      "name": "delibird",
      "url": "https://pokeapi.co/api/v2/pokemon/225/"
    },
    {
      "name": "mudkip",
      "url": "https://pokeapi.co/api/v2/pokemon/258/"
    },
    {
      "name": "glalie",
      "url": "https://pokeapi.co/api/v2/pokemon/362/"
    },
    {
      "name": "spheal",
      "url": "https://pokeapi.co/api/v2/pokemon/363/"
    },
    {
      "name": "sealeo",
      "url": "https://pokeapi.co/api/v2/pokemon/364/"
    },
    {
      "name": "walrein",
      "url": "https://pokeapi.co/api/v2/pokemon/365/"
    },
    {
      "name": "bergmite",
      "url": "https://pokeapi.co/api/v2/pokemon/712/"
    },
    {
      "name": "avalugg",
      "url": "https://pokeapi.co/api/v2/pokemon/713/"
    },
    {
      "name": "sandshrew-alola",
      "url": "https://pokeapi.co/api/v2/pokemon/10101/"
    },
    {
      "name": "sandslash-alola",
      "url": "https://pokeapi.co/api/v2/pokemon/10102/"
    },
    {
      "name": "voltorb-hisui",
      "url": "https://pokeapi.co/api/v2/pokemon/10231/"
    },
    {
      "name": "electrode-hisui",
      "url": "https://pokeapi.co/api/v2/pokemon/10232/"
    },
    {
      "name": "qwilfish-hisui",
      "url": "https://pokeapi.co/api/v2/pokemon/10234/"
    },
    {
      "name": "avalugg-hisui",
      "url": "https://pokeapi.co/api/v2/pokemon/10243/"
    }
  ],
  "machines": [],
  "meta": {
    "ailment": {
      "name": "none",
      "url": "https://pokeapi.co/api/v2/move-ailment/0/"
    },
    "ailment_chance": 0,
    "category": {
      "name": "damage",
      "url": "https://pokeapi.co/api/v2/move-category/0/"
    },
    "crit_rate": 0,
    "drain": 0,
    "flinch_chance": 0,
    "healing": 0,
    "max_hits": null,
    "max_turns": null,
    "min_hits": null,
    "min_turns": null,
    "stat_chance": 0
  },
  "name": "ice-ball",
  "names": [
    {
      "language": {
        "name": "ja-Hrkt",
        "url": "https://pokeapi.co/api/v2/language/1/"
      },
      "name": "\u30a2\u30a4\u30b9\u30dc\u30fc\u30eb"
    },
    {
      "language": {
        "name": "ko",
        "url": "https://pokeapi.co/api/v2/language/3/"
      },
      "name": "\uc544\uc774\uc2a4\ubcfc"
    },
    {
      "language": {
        "name": "zh-Hant",
        "url": "https://pokeapi.co/api/v2/language/4/"
      },
      "name": "\u51b0\u7403"
    },
    {
      "language": {
        "name": "fr",
        "url": "https://pokeapi.co/api/v2/language/5/"
      },
      "name": "Ball\u2019Glace"
    },
    {
      "language": {
        "name": "de",
        "url": "https://pokeapi.co/api/v2/language/6/"
      },
      "name": "Frostbeule"
    },
    {
      "language": {
        "name": "es",
        "url": "https://pokeapi.co/api/v2/language/7/"
      },
      "name": "Bola Hielo"
    },
    {
      "language": {
        "name": "it",
        "url": "https://pokeapi.co/api/v2/language/8/"
      },
      "name": "Palla Gelo"
    },
    {
      "language": {
        "name": "en",
        "url": "https://pokeapi.co/api/v2/language/9/"
      },
      "name": "Ice Ball"
    },
    {
      "language": {
        "name": "ja",
        "url": "https://pokeapi.co/api/v2/language/11/"
      },
      "name": "\u30a2\u30a4\u30b9\u30dc\u30fc\u30eb"
    },
    {
      "language": {
        "name": "zh-Hans",
        "url": "https://pokeapi.co/api/v2/language/12/"
      },
      "name": "\u51b0\u7403"
    }
  ],
  "past_values": [],
  "power": 30,
  "pp": 20,
  "priority": 0,
  "stat_changes": [],
  "super_contest_effect": {
    "url": "https://pokeapi.co/api/v2/super-contest-effect/7/"
  },
  "target": {
    "name": "selected-pokemon",
    "url": "https://pokeapi.co/api/v2/move-target/10/"
  },
  "type": {
    "name": "ice",
    "url": "https://pokeapi.co/api/v2/type/15/"
  }
}