{
  "accuracy": 100,
  "contest_combos": null,
  "contest_effect": null,
  "contest_type": null,
  "damage_class": {
    "name": "special",
    "url": "https://pokeapi.co/api/v2/move-damage-class/3/"
  },
  "effect_chance": null,
  "effect_changes": [],
  "effect_entries": [
    {
      "effect": "Inflicts regular damage.  The greater the user\u2019s Speed compared to the target\u2019s, the higher power this move has, to a maximum of 150.\n\nUser\u2019s Speed                     | Power\n-------------------------------- | ----:\nUp to 2\u00d7 the target\u2019s Speed      |    60\nUp to 3\u00d7 the target\u2019s Speed      |    80\nUp to 4\u00d7 the target\u2019s Speed      |   120\nMore than 4\u00d7 the target\u2019s Speed  |   150\n",
      "language": {
        "name": "en",
        "url": "https://pokeapi.co/api/v2/language/9/"
      },
      "short_effect": "Power is higher when the user has greater Speed than the target, up to a maximum of 150."
    }
  ],
  "flavor_text_entries": [
    {
      "flavor_text": "Le lanceur envoie une boule d\u2019\u00e9lectricit\u00e9.\nSi sa Vitesse est plus grande que celle de\nl\u2019ennemi, les d\u00e9g\u00e2ts augmentent d\u2019autant.",
      "language": {
        "name": "fr",
        "url": "https://pokeapi.co/api/v2/language/5/"
      },
      "version_group": {
        "name": "black-white",
        "url": "https://pokeapi.co/api/v2/version-group/11/"
      }
    },
    {
      "flavor_text": "The user hurls an electric orb\nat the target. The faster the user is\nthan the target, the greater the damage.",
      "language": {
        "name": "en",
        "url": "https://pokeapi.co/api/v2/language/9/"
      },
      "version_group": {
        "name": "black-white",
        "url": "https://pokeapi.co/api/v2/version-group/11/"
      }
    },
    {
      "flavor_text": "The user hurls an electric orb\nat the target. The faster the user is\nthan the target, the greater the damage.",
      "language": {
        "name": "en",
        "url": "https://pokeapi.co/api/v2/language/9/"
      },
      "version_group": {
        "name": "black-2-white-2",
        "url": "https://pokeapi.co/api/v2/version-group/14/"
      }
    },
    {
      "flavor_text": "\u3067\u3093\u304d\u306e\u3000\u304b\u305f\u307e\u308a\u3092\u3000\u3042\u3044\u3066\u306b\n\u3076\u3064\u3051\u308b\u3002\u3042\u3044\u3066\u3088\u308a\u3000\u3059\u3070\u3084\u3055\u304c\n\u306f\u3084\u3044\u307b\u3069\u3000\u3044\u308a\u3087\u304f\u304c\u3000\u3042\u304c\u308b\u3002",
      "language": {
        "name": "ja-Hrkt",
        "url": "https://pokeapi.co/api/v2/language/1/"
      },
      "version_group": {
        "name": "x-y",
        "url": "https://pokeapi.co/api/v2/version-group/15/"
      }
    },
    {
      "flavor_text": "\uc804\uae30 \ub369\uc5b4\ub9ac\ub97c \uc0c1\ub300\uc5d0\uac8c \ubd80\ub52a\uccd0\uc11c\n\uacf5\uaca9\ud55c\ub2e4. \uc0c1\ub300\ubcf4\ub2e4 \uc2a4\ud53c\ub4dc\uac00\n\ube60\ub97c\uc218\ub85d \uc704\ub825\uc774 \uc62c\ub77c\uac04\ub2e4.",
      "language": {
        "name": "ko",
        "url": "https://pokeapi.co/api/v2/language/3/"
      },
      "version_group": {
        "name": "x-y",
        "url": "https://pokeapi.co/api/v2/version-group/15/"
      }
    },
    {
      "flavor_text": "Le lanceur envoie une boule d\u2019\u00e9lectricit\u00e9.\nSi sa Vitesse est plus grande que celle de\nl\u2019ennemi, les d\u00e9g\u00e2ts augmentent d\u2019autant.",
      "language": {
        "name": "fr",
        "url": "https://pokeapi.co/api/v2/language/5/"
      },
      "version_group": {
        "name": "x-y",
        "url": "https://pokeapi.co/api/v2/version-group/15/"
      }
    },
    {
      "flavor_text": "Je h\u00f6her die Initiative des Anwenders im Vergleich\nzum Ziel ist, desto st\u00e4rker trifft dieses eine\ngeballte Ladung Strom.",
      "language": {
        "name": "de",
        "url": "https://pokeapi.co/api/v2/language/6/"
      },
      "version_group": {
        "name": "x-y",
        "url": "https://pokeapi.co/api/v2/version-group/15/"
      }
    },
    {
      "flavor_text": "Lanza una bola el\u00e9ctrica. Cuanto mayor sea la\nVelocidad del usuario en comparaci\u00f3n con la del\nobjetivo, mayor ser\u00e1 el da\u00f1o causado.",
      "language": {
        "name": "es",
        "url": "https://pokeapi.co/api/v2/language/7/"
      },
      "version_group": {
        "name": "x-y",
        "url": "https://pokeapi.co/api/v2/version-group/15/"
      }
    },
    {
      "flavor_text": "Chi la usa attacca con una sfera d\u2019energia elettrica.\nPi\u00f9 \u00e8 rapido rispetto al bersaglio, pi\u00f9 danni arreca.",
      "language": {
        "name": "it",
        "url": "https://pokeapi.co/api/v2/language/8/"
      },
      "version_group": {
        "name": "x-y",
        "url": "https://pokeapi.co/api/v2/version-group/15/"
      }
    },
    {
      "flavor_text": "The user hurls an electric orb\nat the target. The faster the user is\nthan the target, the greater the move\u2019s power.",
      "language": {
        "name": "en",
        "url": "https://pokeapi.co/api/v2/language/9/"
      },
      "version_group": {
        "name": "x-y",
        "url": "https://pokeapi.co/api/v2/version-group/15/"
      }
    },
    {
      "flavor_text": "\u96fb\u6c17\u306e\u3000\u584a\u3092\u3000\u76f8\u624b\u306b\n\u3076\u3064\u3051\u308b\u3002\u76f8\u624b\u3088\u308a\u3000\u7d20\u65e9\u3055\u304c\n\u901f\u3044\u307b\u3069\u3000\u5a01\u529b\u304c\u3000\u3042\u304c\u308b\u3002",
      "language": {
        "name": "ja",
        "url": "https://pokeapi.co/api/v2/language/11/"
      },
      "version_group": {
        "name": "x-y",
        "url": "https://pokeapi.co/api/v2/version-group/15/"
      }
    },
    {
      "flavor_text": "\u3067\u3093\u304d\u306e\u3000\u304b\u305f\u307e\u308a\u3092\u3000\u3042\u3044\u3066\u306b\n\u3076\u3064\u3051\u308b\u3002\u3042\u3044\u3066\u3088\u308a\u3000\u3059\u3070\u3084\u3055\u304c\n\u306f\u3084\u3044\u307b\u3069\u3000\u3044\u308a\u3087\u304f\u304c\u3000\u3042\u304c\u308b\u3002",
      "language": {
        "name": "ja-Hrkt",
        "url": "https://pokeapi.co/api/v2/language/1/"
      },
      "version_group": {
        "name": "omega-ruby-alpha-sapphire",
        "url": "https://pokeapi.co/api/v2/version-group/16/"
      }
    },
    {
      "flavor_text": "\uc804\uae30 \ub369\uc5b4\ub9ac\ub97c \uc0c1\ub300\uc5d0\uac8c \ubd80\ub52a\uccd0\uc11c\n\uacf5\uaca9\ud55c\ub2e4. \uc0c1\ub300\ubcf4\ub2e4 \uc2a4\ud53c\ub4dc\uac00\n\ube60\ub97c\uc218\ub85d \uc704\ub825\uc774 \uc62c\ub77c\uac04\ub2e4.",
      "language": {
        "name": "ko",
        "url": "https://pokeapi.co/api/v2/language/3/"
      },
      "version_group": {
        "name": "omega-ruby-alpha-sapphire",
        "url": "https://pokeapi.co/api/v2/version-group/16/"
      }
    },
    {
      "flavor_text": "Le lanceur envoie une boule d\u2019\u00e9lectricit\u00e9.\nSi sa Vitesse est plus grande que celle de\nl\u2019ennemi, les d\u00e9g\u00e2ts augmentent d\u2019autant.",
      "language": {
        "name": "fr",
        "url": "https://pokeapi.co/api/v2/language/5/"
      },
      "version_group": {
        "name": "omega-ruby-alpha-sapphire",
        "url": "https://pokeapi.co/api/v2/version-group/16/"
      }
    },
    {
      "flavor_text": "Je h\u00f6her die Initiative des Anwenders im Vergleich\nzum Ziel ist, desto st\u00e4rker trifft dieses eine\ngeballte Ladung Strom.",
      "language": {
        "name": "de",
        "url": "https://pokeapi.co/api/v2/language/6/"
      },
      "version_group": {
        "name": "omega-ruby-alpha-sapphire",
        "url": "https://pokeapi.co/api/v2/version-group/16/"
      }
    },
    {
      "flavor_text": "Lanza una bola el\u00e9ctrica. Cuanto mayor sea la\nVelocidad del usuario en comparaci\u00f3n con la del \nobjetivo, mayor ser\u00e1 el da\u00f1o causado.",
      "language": {
        "name": "es",
        "url": "https://pokeapi.co/api/v2/language/7/"
      },
      "version_group": {
        "name": "omega-ruby-alpha-sapphire",
        "url": "https://pokeapi.co/api/v2/version-group/16/"
      }
    },
    {
      "flavor_text": "Chi la usa attacca con una sfera d\u2019energia elettrica. \nPi\u00f9 \u00e8 rapido rispetto al bersaglio, pi\u00f9 danni arreca.",
      "language": {
        "name": "it",
        "url": "https://pokeapi.co/api/v2/language/8/"
      },
      "version_group": {
        "name": "omega-ruby-alpha-sapphire",
        "url": "https://pokeapi.co/api/v2/version-group/16/"
      }
    },
    {
      "flavor_text": "The user hurls an electric orb\nat the target. The faster the user is\nthan the target, the greater the move\u2019s power.",
      "language": {
        "name": "en",
        "url": "https://pokeapi.co/api/v2/language/9/"
      },
      "version_group": {
        "name": "omega-ruby-alpha-sapphire",
        "url": "https://pokeapi.co/api/v2/version-group/16/"
      }
    },
    {
      "flavor_text": "\u96fb\u6c17\u306e\u3000\u584a\u3092\u3000\u76f8\u624b\u306b\n\u3076\u3064\u3051\u308b\u3002\u76f8\u624b\u3088\u308a\u3000\u7d20\u65e9\u3055\u304c\n\u901f\u3044\u307b\u3069\u3000\u5a01\u529b\u304c\u3000\u3042\u304c\u308b\u3002",
      "language": {
        "name": "ja",
        "url": "https://pokeapi.co/api/v2/language/11/"
      },
      "version_group": {
        "name": "omega-ruby-alpha-sapphire",
        "url": "https://pokeapi.co/api/v2/version-group/16/"
      }
    },
    {
      "flavor_text": "\u3067\u3093\u304d\u306e\u3000\u304b\u305f\u307e\u308a\u3092\u3000\u3042\u3044\u3066\u306b\n\u3076\u3064\u3051\u308b\u3002\u3042\u3044\u3066\u3088\u308a\u3000\u3059\u3070\u3084\u3055\u304c\n\u306f\u3084\u3044\u307b\u3069\u3000\u3044\u308a\u3087\u304f\u304c\u3000\u3042\u304c\u308b\u3002",
      "language": {
        "name": "ja-Hrkt",
        "url": "https://pokeapi.co/api/v2/language/1/"
      },
      "version_group": {
        "name": "sun-moon",
        "url": "https://pokeapi.co/api/v2/version-group/17/"
      }
    },
    {
      "flavor_text": "\uc804\uae30 \ub369\uc5b4\ub9ac\ub97c \uc0c1\ub300\uc5d0\uac8c \ubd80\ub52a\uccd0\uc11c\n\uacf5\uaca9\ud55c\ub2e4. \uc0c1\ub300\ubcf4\ub2e4 \uc2a4\ud53c\ub4dc\uac00\n\ube60\ub97c\uc218\ub85d \uc704\ub825\uc774 \uc62c\ub77c\uac04\ub2e4.",
      "language": {
        "name": "ko",
        "url": "https://pokeapi.co/api/v2/language/3/"
      },
      "version_group": {
        "name": "sun-moon",
        "url": "https://pokeapi.co/api/v2/version-group/17/"
      }
    },
    {
      "flavor_text": "\u7528\u96fb\u7403\u653b\u64ca\u5c0d\u624b\u3002\n\u901f\u5ea6\u6bd4\u5c0d\u624b\u5feb\u8d8a\u591a\uff0c\n\u5a01\u529b\u8d8a\u5927\u3002",
      "language": {
        "name": "zh-Hant",
        "url": "https://pokeapi.co/api/v2/language/4/"
      },
      "version_group": {
        "name": "sun-moon",
        "url": "https://pokeapi.co/api/v2/version-group/17/"
      }
    },
    {
      "flavor_text": "Le lanceur envoie une boule d\u2019\u00e9lectricit\u00e9.\nSi sa Vitesse est plus grande que celle de l\u2019ennemi,\nles d\u00e9g\u00e2ts augmentent d\u2019autant.",
      "language": {
        "name": "fr",
        "url": "https://pokeapi.co/api/v2/language/5/"
      },
      "version_group": {
        "name": "sun-moon",
        "url": "https://pokeapi.co/api/v2/version-group/17/"
      }
    },
    {
      "flavor_text": "Je h\u00f6her die Initiative des Anwenders im Vergleich\nzum Ziel ist, desto st\u00e4rker trifft dieses eine geballte\nLadung Strom.",
      "language": {
        "name": "de",
        "url": "https://pokeapi.co/api/v2/language/6/"
      },
      "version_group": {
        "name": "sun-moon",
        "url": "https://pokeapi.co/api/v2/version-group/17/"
      }
    },
    {
      "flavor_text": "Lanza una bola el\u00e9ctrica. Cuanto mayor sea la\nVelocidad del usuario en comparaci\u00f3n con la del \nobjetivo, mayor ser\u00e1 el da\u00f1o causado.",
      "language": {
        "name": "es",
        "url": "https://pokeapi.co/api/v2/language/7/"
      },
      "version_group": {
        "name": "sun-moon",
        "url": "https://pokeapi.co/api/v2/version-group/17/"
      }
    },
    {
      "flavor_text": "Chi la usa attacca con una sfera d\u2019energia elettrica. \nPi\u00f9 \u00e8 rapido rispetto al bersaglio, pi\u00f9 danni arreca.",
      "language": {
        "name": "it",
        "url": "https://pokeapi.co/api/v2/language/8/"
      },
      "version_group": {
        "name": "sun-moon",
        "url": "https://pokeapi.co/api/v2/version-group/17/"
      }
    },
    {
      "flavor_text": "The user hurls an electric orb at the target. The\nfaster the user is than the target, the greater the\nmove\u2019s power.",
      "language": {
        "name": "en",
        "url": "https://pokeapi.co/api/v2/language/9/"
      },
      "version_group": {
        "name": "sun-moon",
        "url": "https://pokeapi.co/api/v2/version-group/17/"
      }
    },
    {
      "flavor_text": "\u96fb\u6c17\u306e\u3000\u584a\u3092\u3000\u76f8\u624b\u306b\n\u3076\u3064\u3051\u308b\u3002\u76f8\u624b\u3088\u308a\u3000\u7d20\u65e9\u3055\u304c\n\u901f\u3044\u307b\u3069\u3000\u5a01\u529b\u304c\u3000\u3042\u304c\u308b\u3002",
      "language": {
        "name": "ja",
        "url": "https://pokeapi.co/api/v2/language/11/"
      },
      "version_group": {
        "name": "sun-moon",
        "url": "https://pokeapi.co/api/v2/version-group/17/"
      }
    },
    {
      "flavor_text": "\u7528\u7535\u6c14\u56e2\u649e\u5411\u5bf9\u624b\u3002\n\u81ea\u5df1\u6bd4\u5bf9\u624b\u901f\u5ea6\u8d8a\u5feb\uff0c\n\u5a01\u529b\u8d8a\u5927\u3002",
      "language": {
        "name": "zh-Hans",
        "url": "https://pokeapi.co/api/v2/language/12/"
      },
      "version_group": {
        "name": "sun-moon",
        "url": "https://pokeapi.co/api/v2/version-group/17/"
      }
    },
    {
      "flavor_text": "\u3067\u3093\u304d\u306e\u3000\u304b\u305f\u307e\u308a\u3092\u3000\u3042\u3044\u3066\u306b\n\u3076\u3064\u3051\u308b\u3002\u3042\u3044\u3066\u3088\u308a\u3000\u3059\u3070\u3084\u3055\u304c\n\u306f\u3084\u3044\u307b\u3069\u3000\u3044\u308a\u3087\u304f\u304c\u3000\u3042\u304c\u308b\u3002",
      "language": {
        "name": "ja-Hrkt",
        "url": "https://pokeapi.co/api/v2/language/1/"
      },
      "version_group": {
        "name": "ultra-sun-ultra-moon",
        "url": "https://pokeapi.co/api/v2/version-group/18/"
      }
    },
    {
      "flavor_text": "\uc804\uae30 \ub369\uc5b4\ub9ac\ub97c \uc0c1\ub300\uc5d0\uac8c \ubd80\ub52a\uccd0\uc11c\n\uacf5\uaca9\ud55c\ub2e4. \uc0c1\ub300\ubcf4\ub2e4 \uc2a4\ud53c\ub4dc\uac00\n\ube60\ub97c\uc218\ub85d \uc704\ub825\uc774 \uc62c\ub77c\uac04\ub2e4.",
      "language": {
        "name": "ko",
        "url": "https://pokeapi.co/api/v2/language/3/"
      },
      "version_group": {
        "name": "ultra-sun-ultra-moon",
        "url": "https://pokeapi.co/api/v2/version-group/18/"
      }
    },
    {
      "flavor_text": "\u7528\u96fb\u7403\u653b\u64ca\u5c0d\u624b\u3002\n\u901f\u5ea6\u6bd4\u5c0d\u624b\u5feb\u8d8a\u591a\uff0c\n\u5a01\u529b\u8d8a\u5927\u3002",
      "language": {
        "name": "zh-Hant",
        "url": "https://pokeapi.co/api/v2/language/4/"
      },
      "version_group": {
        "name": "ultra-sun-ultra-moon",
        "url": "https://pokeapi.co/api/v2/version-group/18/"
      }
    },
    {
      "flavor_text": "Le lanceur envoie une boule d\u2019\u00e9lectricit\u00e9.\nSi sa Vitesse est plus grande que celle de l\u2019ennemi,\nles d\u00e9g\u00e2ts augmentent d\u2019autant.",
      "language": {
        "name": "fr",
        "url": "https://pokeapi.co/api/v2/language/5/"
      },
      "version_group": {
        "name": "ultra-sun-ultra-moon",
        "url": "https://pokeapi.co/api/v2/version-group/18/"
      }
    },
    {
      "flavor_text": "Je h\u00f6her die Initiative des Anwenders im Vergleich\nzum Ziel ist, desto st\u00e4rker trifft dieses eine geballte\nLadung Strom.",
      "language": {
        "name": "de",
        "url": "https://pokeapi.co/api/v2/language/6/"
      },
      "version_group": {
        "name": "ultra-sun-ultra-moon",
        "url": "https://pokeapi.co/api/v2/version-group/18/"
      }
    },
    {
      "flavor_text": "Lanza una bola el\u00e9ctrica. Cuanto mayor sea la\nVelocidad del usuario en comparaci\u00f3n con la del \nobjetivo, mayor ser\u00e1 el da\u00f1o causado.",
      "language": {
        "name": "es",
        "url": "https://pokeapi.co/api/v2/language/7/"
      },
      "version_group": {
        "name": "ultra-sun-ultra-moon",
        "url": "https://pokeapi.co/api/v2/version-group/18/"
      }
    },
    {
      "flavor_text": "Chi la usa attacca con una sfera d\u2019energia elettrica. \nPi\u00f9 \u00e8 rapido rispetto al bersaglio, pi\u00f9 danni arreca.",
      "language": {
        "name": "it",
        "url": "https://pokeapi.co/api/v2/language/8/"
      },
      "version_group": {
        "name": "ultra-sun-ultra-moon",
        "url": "https://pokeapi.co/api/v2/version-group/18/"
      }
    },
    {
      "flavor_text": "The user hurls an electric orb at the target. The\nfaster the user is than the target, the greater the\nmove\u2019s power.",
      "language": {
        "name": "en",
        "url": "https://pokeapi.co/api/v2/language/9/"
      },
      "version_group": {
        "name": "ultra-sun-ultra-moon",
        "url": "https://pokeapi.co/api/v2/version-group/18/"
      }
    },
    {
      "flavor_text": "\u96fb\u6c17\u306e\u3000\u584a\u3092\u3000\u76f8\u624b\u306b\n\u3076\u3064\u3051\u308b\u3002\u76f8\u624b\u3088\u308a\u3000\u7d20\u65e9\u3055\u304c\n\u901f\u3044\u307b\u3069\u3000\u5a01\u529b\u304c\u3000\u3042\u304c\u308b\u3002",
      "language": {
        "name": "ja",
        "url": "https://pokeapi.co/api/v2/language/11/"
      },
      "version_group": {
        "name": "ultra-sun-ultra-moon",
        "url": "https://pokeapi.co/api/v2/version-group/18/"
      }
    },
    {
      "flavor_text": "\u7528\u7535\u6c14\u56e2\u649e\u5411\u5bf9\u624b\u3002\n\u81ea\u5df1\u6bd4\u5bf9\u624b\u901f\u5ea6\u8d8a\u5feb\uff0c\n\u5a01\u529b\u8d8a\u5927\u3002",
      "language": {
        "name": "zh-Hans",
        "url": "https://pokeapi.co/api/v2/language/12/"
      },
      "version_group": {
        "name": "ultra-sun-ultra-moon",
        "url": "https://pokeapi.co/api/v2/version-group/18/"
      }
    },
    {
      "flavor_text": "\u3067\u3093\u304d\u306e\u3000\u304b\u305f\u307e\u308a\u3092\u3000\u3042\u3044\u3066\u306b\n\u3076\u3064\u3051\u308b\u3002\u3042\u3044\u3066\u3088\u308a\u3000\u3059\u3070\u3084\u3055\u304c\n\u306f\u3084\u3044\u307b\u3069\u3000\u3044\u308a\u3087\u304f\u304c\u3000\u3042\u304c\u308b\u3002",
      "language": {
        "name": "ja-Hrkt",
        "url": "https://pokeapi.co/api/v2/language/1/"
      },
      "version_group": {
        "name": "lets-go-pikachu-lets-go-eevee",
        "url": "https://pokeapi.co/api/v2/version-group/19/"
      }
    },
    {
      "flavor_text": "\uc804\uae30 \ub369\uc5b4\ub9ac\ub97c \uc0c1\ub300\uc5d0\uac8c \ubd80\ub52a\uccd0\uc11c\n\uacf5\uaca9\ud55c\ub2e4. \uc0c1\ub300\ubcf4\ub2e4 \uc2a4\ud53c\ub4dc\uac00\n\ube60\ub97c\uc218\ub85d \uc704\ub825\uc774 \uc62c\ub77c\uac04\ub2e4.",
      "language": {
        "name": "ko",
        "url": "https://pokeapi.co/api/v2/language/3/"
      },
      "version_group": {
        "name": "lets-go-pikachu-lets-go-eevee",
        "url": "https://pokeapi.co/api/v2/version-group/19/"
      }
    },
    {
      "flavor_text": "\u7528\u96fb\u7403\u653b\u64ca\u5c0d\u624b\u3002\n\u901f\u5ea6\u6bd4\u5c0d\u624b\u5feb\u8d8a\u591a\uff0c\n\u5a01\u529b\u8d8a\u5927\u3002",
      "language": {
        "name": "zh-Hant",
        "url": "https://pokeapi.co/api/v2/language/4/"
      },
      "version_group": {
        "name": "lets-go-pikachu-lets-go-eevee",
        "url": "https://pokeapi.co/api/v2/version-group/19/"
      }
    },
    {
      "flavor_text": "Le lanceur envoie une boule d\u2019\u00e9lectricit\u00e9.\nSi sa Vitesse est plus grande que celle de l\u2019ennemi,\nles d\u00e9g\u00e2ts augmentent d\u2019autant.",
      "language": {
        "name": "fr",
        "url": "https://pokeapi.co/api/v2/language/5/"
      },
      "version_group": {
        "name": "lets-go-pikachu-lets-go-eevee",
        "url": "https://pokeapi.co/api/v2/version-group/19/"
      }
    },
    {
      "flavor_text": "Je h\u00f6her die Initiative des Anwenders im Vergleich\nzum Ziel ist, desto st\u00e4rker trifft dieses eine geballte\nLadung Strom.",
      "language": {
        "name": "de",
        "url": "https://pokeapi.co/api/v2/language/6/"
      },
      "version_group": {
        "name": "lets-go-pikachu-lets-go-eevee",
        "url": "https://pokeapi.co/api/v2/version-group/19/"
      }
    },
    {
      "flavor_text": "Lanza una bola el\u00e9ctrica. Cuanto mayor sea la\nVelocidad del usuario en comparaci\u00f3n con la del \nobjetivo, mayor ser\u00e1 el da\u00f1o causado.",
      "language": {
        "name": "es",
        "url": "https://pokeapi.co/api/v2/language/7/"
      },
      "version_group": {
        "name": "lets-go-pikachu-lets-go-eevee",
        "url": "https://pokeapi.co/api/v2/version-group/19/"
      }
    },
    {
      "flavor_text": "Chi la usa attacca con una sfera d\u2019energia elettrica.\nPi\u00f9 \u00e8 rapido rispetto al bersaglio, pi\u00f9 danni arreca.",
      "language": {
        "name": "it",
        "url": "https://pokeapi.co/api/v2/language/8/"
      },
      "version_group": {
        "name": "lets-go-pikachu-lets-go-eevee",
        "url": "https://pokeapi.co/api/v2/version-group/19/"
      }
    },
    {
      "flavor_text": "The user hurls an electric orb at the target. The\nfaster the user is than the target, the greater the\nmove\u2019s power.",
      "language": {
        "name": "en",
        "url": "https://pokeapi.co/api/v2/language/9/"
      },
      "version_group": {
        "name": "lets-go-pikachu-lets-go-eevee",
        "url": "https://pokeapi.co/api/v2/version-group/19/"
      }
    },
    {
      "flavor_text": "\u96fb\u6c17\u306e\u3000\u584a\u3092\u3000\u76f8\u624b\u306b\n\u3076\u3064\u3051\u308b\u3002\u76f8\u624b\u3088\u308a\u3000\u7d20\u65e9\u3055\u304c\n\u901f\u3044\u307b\u3069\u3000\u5a01\u529b\u304c\u3000\u3042\u304c\u308b\u3002",
      "language": {
        "name": "ja",
        "url": "https://pokeapi.co/api/v2/language/11/"
      },
      "version_group": {
        "name": "lets-go-pikachu-lets-go-eevee",
        "url": "https://pokeapi.co/api/v2/version-group/19/"
      }
    },
    {
      "flavor_text": "\u7528\u7535\u6c14\u56e2\u649e\u5411\u5bf9\u624b\u3002\n\u81ea\u5df1\u6bd4\u5bf9\u624b\u901f\u5ea6\u8d8a\u5feb\uff0c\n\u5a01\u529b\u8d8a\u5927\u3002",
      "language": {
        "name": "zh-Hans",
        "url": "https://pokeapi.co/api/v2/language/12/"
      },
      "version_group": {
        "name": "lets-go-pikachu-lets-go-eevee",
        "url": "https://pokeapi.co/api/v2/version-group/19/"
      }
    },
    {
      "flavor_text": "\u3067\u3093\u304d\u306e\u3000\u304b\u305f\u307e\u308a\u3092\u3000\u3042\u3044\u3066\u306b\n\u3076\u3064\u3051\u308b\u3002\u3042\u3044\u3066\u3088\u308a\u3000\u3059\u3070\u3084\u3055\u304c\n\u306f\u3084\u3044\u307b\u3069\u3000\u3044\u308a\u3087\u304f\u304c\u3000\u3042\u304c\u308b\u3002",
      "language": {
        "name": "ja-Hrkt",
        "url": "https://pokeapi.co/api/v2/language/1/"
      },
      "version_group": {
        "name": "sword-shield",
        "url": "https://pokeapi.co/api/v2/version-group/20/"
      }
    },
    {
      "flavor_text": "\uc804\uae30 \ub369\uc5b4\ub9ac\ub97c \uc0c1\ub300\uc5d0\uac8c \ubd80\ub52a\uccd0\uc11c\n\uacf5\uaca9\ud55c\ub2e4. \uc0c1\ub300\ubcf4\ub2e4 \uc2a4\ud53c\ub4dc\uac00\n\ube60\ub97c\uc218\ub85d \uc704\ub825\uc774 \uc62c\ub77c\uac04\ub2e4.",
      "language": {
        "name": "ko",
        "url": "https://pokeapi.co/api/v2/language/3/"
      },
      "version_group": {
        "name": "sword-shield",
        "url": "https://pokeapi.co/api/v2/version-group/20/"
      }
    },
    {
      "flavor_text": "\u7528\u96fb\u7403\u653b\u64ca\u5c0d\u624b\u3002\n\u901f\u5ea6\u6bd4\u5c0d\u624b\u5feb\u8d8a\u591a\uff0c\n\u5a01\u529b\u8d8a\u5927\u3002",
      "language": {
        "name": "zh-Hant",
        "url": "https://pokeapi.co/api/v2/language/4/"
      },
      "version_group": {
        "name": "sword-shield",
        "url": "https://pokeapi.co/api/v2/version-group/20/"
      }
    },
    {
      "flavor_text": "Le lanceur envoie une boule d\u2019\u00e9lectricit\u00e9.\nSi sa Vitesse est plus grande que celle de l\u2019ennemi,\nles d\u00e9g\u00e2ts augmentent d\u2019autant.",
      "language": {
        "name": "fr",
        "url": "https://pokeapi.co/api/v2/language/5/"
      },
      "version_group": {
        "name": "sword-shield",
        "url": "https://pokeapi.co/api/v2/version-group/20/"
      }
    },
    {
      "flavor_text": "Je h\u00f6her die Initiative des Anwenders im Vergleich\nzum Ziel ist, desto st\u00e4rker trifft dieses eine geballte\nLadung Strom.",
      "language": {
        "name": "de",
        "url": "https://pokeapi.co/api/v2/language/6/"
      },
      "version_group": {
        "name": "sword-shield",
        "url": "https://pokeapi.co/api/v2/version-group/20/"
      }
    },
    {
      "flavor_text": "Lanza una bola el\u00e9ctrica. Cuanto mayor sea la\nVelocidad del usuario en comparaci\u00f3n con la del \nobjetivo, mayor ser\u00e1 el da\u00f1o causado.",
      "language": {
        "name": "es",
        "url": "https://pokeapi.co/api/v2/language/7/"
      },
      "version_group": {
        "name": "sword-shield",
        "url": "https://pokeapi.co/api/v2/version-group/20/"
      }
    },
    {
      "flavor_text": "Chi la usa attacca con una sfera d\u2019energia elettrica.\nPi\u00f9 \u00e8 rapido rispetto al bersaglio, pi\u00f9 danni arreca.",
      "language": {
        "name": "it",
        "url": "https://pokeapi.co/api/v2/language/8/"
      },
      "version_group": {
        "name": "sword-shield",
        "url": "https://pokeapi.co/api/v2/version-group/20/"
      }
    },
    {
      "flavor_text": "The user hurls an electric orb at the target. The\nfaster the user is than the target, the greater the\nmove\u2019s power.",
      "language": {
        "name": "en",
        "url": "https://pokeapi.co/api/v2/language/9/"
      },
      "version_group": {
        "name": "sword-shield",
        "url": "https://pokeapi.co/api/v2/version-group/20/"
      }
    },
    {
      "flavor_text": "\u96fb\u6c17\u306e\u3000\u584a\u3092\u3000\u76f8\u624b\u306b\n\u3076\u3064\u3051\u308b\u3002\u76f8\u624b\u3088\u308a\u3000\u7d20\u65e9\u3055\u304c\n\u901f\u3044\u307b\u3069\u3000\u5a01\u529b\u304c\u3000\u3042\u304c\u308b\u3002",
      "language": {
        "name": "ja",
        "url": "https://pokeapi.co/api/v2/language/11/"
      },
      "version_group": {
        "name": "sword-shield",
        "url": "https://pokeapi.co/api/v2/version-group/20/"
      }
    },
    {
      "flavor_text": "\u7528\u7535\u6c14\u56e2\u649e\u5411\u5bf9\u624b\u3002\n\u81ea\u5df1\u6bd4\u5bf9\u624b\u901f\u5ea6\u8d8a\u5feb\uff0c\n\u5a01\u529b\u8d8a\u5927\u3002",
      "language": {
        "name": "zh-Hans",
        "url": "https://pokeapi.co/api/v2/language/12/"
      },
      "version_group": {
        "name": "sword-shield",
        "url": "https://pokeapi.co/api/v2/version-group/20/"
      }
    },
    {
      "flavor_text": "The user hurls an electric orb at the target. The faster the user is than the target, the greater the move's power.",
      "language": {
        "name": "en",
        "url": "https://pokeapi.co/api/v2/language/9/"
      },
      "version_group": {
        "name": "legends-arceus",
        "url": "https://pokeapi.co/api/v2/version-group/24/"
      }
    },
    {
      "flavor_text": "The user hurls an electric orb at the target. The faster the user is than the target, the greater the move's power.",
      "language": {
        "name": "en",
        "url": "https://pokeapi.co/api/v2/language/9/"
      },
      "version_group": {
        "name": "scarlet-violet",
        "url": "https://pokeapi.co/api/v2/version-group/25/"
      }
    }
  ],
  "generation": {
    "name": "generation-v",
    "url": "https://pokeapi.co/api/v2/generation/5/"
  },
  "id": 486,
  "learned_by_pokemon": [
    {
      "name": "pikachu",
      "url": "https://pokeapi.co/api/v2/pokemon/25/"
    },
    {
      "name": "raichu",
      "url": "https://pokeapi.co/api/v2/pokemon/26/"
    },
    {
      "name": "magnemite",
      "url": "https://pokeapi.co/api/v2/pokemon/81/"
    },
    {
      "name": "magneton",
      "url": "https://pokeapi.co/api/v2/pokemon/82/"
    },
    {
      "name": "voltorb",
      "url": "https://pokeapi.co/api/v2/pokemon/100/"
    },
    {
      "name": "electrode",
      "url": "https://pokeapi.co/api/v2/pokemon/101/"
    },
    {
      "name": "electabuzz",
      "url": "https://pokeapi.co/api/v2/pokemon/125/"
    },
    {
      "name": "jolteon",
      "url": "https://pokeapi.co/api/v2/pokemon/135/"
    },
    {
      "name": "zapdos",
      "url": "https://pokeapi.co/api/v2/pokemon/145/"
    },
    {
      "name": "mewtwo",
      "url": "https://pokeapi.co/api/v2/pokemon/150/"
    },
    {
      "name": "mew",
      "url": "https://pokeapi.co/api/v2/pokemon/151/"
    },
    {
      "name": "chinchou",
      "url": "https://pokeapi.co/api/v2/pokemon/170/"
    },
    {
      "name": "lanturn",
      "url": "https://pokeapi.co/api/v2/pokemon/171/"
    },
    {
      "name": "pichu",
      "url": "https://pokeapi.co/api/v2/pokemon/172/"
    },
    {
      "name": "mareep",
      "url": "https://pokeapi.co/api/v2/pokemon/179/"
    },
    {
      "name": "flaaffy",
      "url": "https://pokeapi.co/api/v2/pokemon/180/"
    },
    {
      "name": "ampharos",
      "url": "https://pokeapi.co/api/v2/pokemon/181/"
    },
    {
      "name": "elekid",
      "url": "https://pokeapi.co/api/v2/pokemon/239/"
    },
    {
      "name": "raikou",
      "url": "https://pokeapi.co/api/v2/pokemon/243/"
    },
    {
      "name": "electrike",
      "url": "https://pokeapi.co/api/v2/pokemon/309/"
    },
    {
      "name": "manectric",
      "url": "https://pokeapi.co/api/v2/pokemon/310/"
    },
    {
      "name": "plusle",
      "url": "https://pokeapi.co/api/v2/pokemon/311/"
    },
    {
      "name": "minun",
      "url": "https://pokeapi.co/api/v2/pokemon/312/"
    },
    {
      "name": "shinx",
      "url": "https://pokeapi.co/api/v2/pokemon/403/"
    },
    {
      "name": "luxio",
      "url": "https://pokeapi.co/api/v2/pokemon/404/"
    },
    {
      "name": "luxray",
      "url": "https://pokeapi.co/api/v2/pokemon/405/"
    },
    {
      "name": "pachirisu",
      "url": "https://pokeapi.co/api/v2/pokemon/417/"
    },
    {
      "name": "magnezone",
      "url": "https://pokeapi.co/api/v2/pokemon/462/"
    },
    {
      "name": "electivire",
      "url": "https://pokeapi.co/api/v2/pokemon/466/"
    },
    {
      "name": "rotom",
      "url": "https://pokeapi.co/api/v2/pokemon/479/"
    },
    {
      "name": "blitzle",
      "url": "https://pokeapi.co/api/v2/pokemon/522/"
    },
    {
      "name": "zebstrika",
      "url": "https://pokeapi.co/api/v2/pokemon/523/"
    },
    {
      "name": "emolga",
      "url": "https://pokeapi.co/api/v2/pokemon/587/"
    },
    {
      "name": "joltik",
      "url": "https://pokeapi.co/api/v2/pokemon/595/"
    },
    {
      "name": "galvantula",
      "url": "https://pokeapi.co/api/v2/pokemon/596/"
    },
    {
      "name": "eelektrik",
      "url": "https://pokeapi.co/api/v2/pokemon/603/"
    },
    {
      "name": "eelektross",
      "url": "https://pokeapi.co/api/v2/pokemon/604/"
    },
    {
      "name": "thundurus-incarnate",
      "url": "https://pokeapi.co/api/v2/pokemon/642/"
    },
    {
      "name": "zekrom",
      "url": "https://pokeapi.co/api/v2/pokemon/644/"
    },
    {
      "name": "helioptile",
      "url": "https://pokeapi.co/api/v2/pokemon/694/"
    },
    {
      "name": "heliolisk",
      "url": "https://pokeapi.co/api/v2/pokemon/695/"
    },
    {
      "name": "dedenne",
      "url": "https://pokeapi.co/api/v2/pokemon/702/"
    },
    {
      "name": "charjabug",
      "url": "https://pokeapi.co/api/v2/pokemon/737/"
    },
    {
      "name": "vikavolt",
      "url": "https://pokeapi.co/api/v2/pokemon/738/"
    },
    {
      "name": "togedemaru",
      "url": "https://pokeapi.co/api/v2/pokemon/777/"
    },
    {
      "name": "tapu-koko",
      "url": "https://pokeapi.co/api/v2/pokemon/785/"
    },
    {
      "name": "xurkitree",
      "url": "https://pokeapi.co/api/v2/pokemon/796/"
    },
    {
      "name": "magearna",
      "url": "https://pokeapi.co/api/v2/pokemon/801/"
    },
    {
      "name": "zeraora",
      "url": "https://pokeapi.co/api/v2/pokemon/807/"
    },
    {
      "name": "scorbunny",
      "url": "https://pokeapi.co/api/v2/pokemon/813/"
    },
    {
      "name": "raboot",
      "url": "https://pokeapi.co/api/v2/pokemon/814/"
    },
    {
      "name": "cinderace",
      "url": "https://pokeapi.co/api/v2/pokemon/815/"
    },
    {
      "name": "wooloo",
      "url": "https://pokeapi.co/api/v2/pokemon/831/"
    },
    {
      "name": "dubwool",
      "url": "https://pokeapi.co/api/v2/pokemon/832/"
    },
    {
      "name": "yamper",
      "url": "https://pokeapi.co/api/v2/pokemon/835/"
    },
    {
      "name": "boltund",
      "url": "https://pokeapi.co/api/v2/pokemon/836/"
    },
    {
      "name": "toxtricity-amped",
      "url": "https://pokeapi.co/api/v2/pokemon/849/"
    },
    {
      "name": "pincurchin",
      "url": "https://pokeapi.co/api/v2/pokemon/871/"
    },
    {
      "name": "morpeko-full-belly",
      "url": "https://pokeapi.co/api/v2/pokemon/877/"
    },
    {
      "name": "dracozolt",
      "url": "https://pokeapi.co/api/v2/pokemon/880/"
    },
    {
      "name": "arctozolt",
      "url": "https://pokeapi.co/api/v2/pokemon/881/"
    },
    {
      "name": "regieleki",
      "url": "https://pokeapi.co/api/v2/pokemon/894/"
    },
    {
      "name": "pawmi",
      "url": "https://pokeapi.co/api/v2/pokemon/921/"
    },
    {
      "name": "pawmo",
      "url": "https://pokeapi.co/api/v2/pokemon/922/"
    },
    {
      "name": "pawmot",
      "url": "https://pokeapi.co/api/v2/pokemon/923/"
    },
    {
      "name": "tadbulb",
      "url": "https://pokeapi.co/api/v2/pokemon/938/"
    },
    {
      "name": "bellibolt",
      "url": "https://pokeapi.co/api/v2/pokemon/939/"
    },
    {
      "name": "wattrel",
      "url": "https://pokeapi.co/api/v2/pokemon/940/"
    },
    {
      "name": "kilowattrel",
      "url": "https://pokeapi.co/api/v2/pokemon/941/"
    },
    {
      "name": "rabsca",
      "url": "https://pokeapi.co/api/v2/pokemon/954/"
    },
    {
      "name": "sandy-shocks",
      "url": "https://pokeapi.co/api/v2/pokemon/989/"
    },
    {
      "name": "iron-treads",
      "url": "https://pokeapi.co/api/v2/pokemon/990/"
    },
    {
      "name": "iron-thorns",
      "url": "https://pokeapi.co/api/v2/pokemon/995/"
    },
    {
      "name": "gholdengo",
      "url": "https://pokeapi.co/api/v2/pokemon/1000/"
    },
    {
      "name": "miraidon",
      "url": "https://pokeapi.co/api/v2/pokemon/1008/"
    },
    {
      "name": "raging-bolt",
      "url": "https://pokeapi.co/api/v2/pokemon/1021/"
    },
    {
      "name": "rotom-heat",
      "url": "https://pokeapi.co/api/v2/pokemon/10008/"
    },
    {
      "name": "rotom-wash",
      "url": "https://pokeapi.co/api/v2/pokemon/10009/"
    },
    {
      "name": "rotom-frost",
      "url": "https://pokeapi.co/api/v2/pokemon/10010/"
    },
    {
      "name": "rotom-fan",
      "url": "https://pokeapi.co/api/v2/pokemon/10011/"
    },
    {
      "name": "rotom-mow",
      "url": "https://pokeapi.co/api/v2/pokemon/10012/"
    },
    {
      "name": "thundurus-therian",
      "url": "https://pokeapi.co/api/v2/pokemon/10020/"
    },
    {
      "name": "ampharos-mega",
      "url": "https://pokeapi.co/api/v2/pokemon/10045/"
    },
    {
      "name": "pikachu-rock-star",
      "url": "https://pokeapi.co/api/v2/pokemon/10080/"
    },
    {
      "name": "pikachu-belle",
      "url": "https://pokeapi.co/api/v2/pokemon/10081/"
    },
    {
      "name": "pikachu-pop-star",
      "url": "https://pokeapi.co/api/v2/pokemon/10082/"
    },
    {
      "name": "pikachu-phd",
      "url": "https://pokeapi.co/api/v2/pokemon/10083/"
    },
    {
      "name": "pikachu-libre",
      "url": "https://pokeapi.co/api/v2/pokemon/10084/"
    },
    {
      "name": "pikachu-cosplay",
      "url": "https://pokeapi.co/api/v2/pokemon/10085/"
    },
    {
      "name": "pikachu-original-cap",
      "url": "https://pokeapi.co/api/v2/pokemon/10094/"
    },
    {
      "name": "pikachu-hoenn-cap",
      "url": "https://pokeapi.co/api/v2/pokemon/10095/"
    },
    {
      "name": "pikachu-sinnoh-cap",
      "url": "https://pokeapi.co/api/v2/pokemon/10096/"
    },
    {
      "name": "pikachu-unova-cap",
      "url": "https://pokeapi.co/api/v2/pokemon/10097/"
    },
    {
      "name": "pikachu-kalos-cap",
      "url": "https://pokeapi.co/api/v2/pokemon/10098/"
    },
    {
      "name": "pikachu-alola-cap",
      "url": "https://pokeapi.co/api/v2/pokemon/10099/"
    },
    {
      "name": "raichu-alola",
      "url": "https://pokeapi.co/api/v2/pokemon/10100/"
    },
    {
      "name": "magearna-original",
      "url": "https://pokeapi.co/api/v2/pokemon/10147/"
    },
    {
      "name": "pikachu-partner-cap",
      "url": "https://pokeapi.co/api/v2/pokemon/10148/"
    },
    {
      "name": "pikachu-world-cap",
      "url": "https://pokeapi.co/api/v2/pokemon/10160/"
    },
    {
      "name": "toxtricity-low-key",
      "url": "https://pokeapi.co/api/v2/pokemon/10184/"
    },
    {
      "name": "morpeko-hangry",
      "url": "https://pokeapi.co/api/v2/pokemon/10187/"
    },
    {
      "name": "voltorb-hisui",
      "url": "https://pokeapi.co/api/v2/pokemon/10231/"
    },
    {
      "name": "electrode-hisui",
      "url": "https://pokeapi.co/api/v2/pokemon/10232/"
    },
    {
      "name": "miraidon-low-power-mode",
      "url": "https://pokeapi.co/api/v2/pokemon/10268/"
    },
    {
      "name": "miraidon-drive-mode",
      "url": "https://pokeapi.co/api/v2/pokemon/10269/"
    },
    {
      "name": "miraidon-aquatic-mode",
      "url": "https://pokeapi.co/api/v2/pokemon/10270/"
    },
    {
      "name": "miraidon-glide-mode",
      "url": "https://pokeapi.co/api/v2/pokemon/10271/"
    }
  ],
  "machines": [
    {
      "machine": {
        "url": "https://pokeapi.co/api/v2/machine/1669/"
      },
      "version_group": {
        "name": "sword-shield",
        "url": "https://pokeapi.co/api/v2/version-group/20/"
      }
    },
    {
      "machine": {
        "url": "https://pokeapi.co/api/v2/machine/1777/"
      },
      "version_group": {
        "name": "scarlet-violet",
        "url": "https://pokeapi.co/api/v2/version-group/25/"
      }
    }
  ],
  "meta": {
    "ailment": {
      "name": "none",
      "url": "https://pokeapi.co/api/v2/move-ailment/0/"
    },
    "ailment_chance": 0,
    "category": {
      "name": "damage",
      "url": "https://pokeapi.co/api/v2/move-category/0/"
    },
    "crit_rate": 0,
    "drain": 0,
    "flinch_chance": 0,
    "healing": 0,
    "max_hits": null,
    "max_turns": null,
    "min_hits": null,
    "min_turns": null,
    "stat_chance": 0
  },
  "name": "electro-ball",
  "names": [
    {
      "language": {
        "name": "ja-Hrkt",
        "url": "https://pokeapi.co/api/v2/language/1/"
      },
      "name": "\u30a8\u30ec\u30ad\u30dc\u30fc\u30eb"
    },
    {
      "language": {
        "name": "ko",
        "url": "https://pokeapi.co/api/v2/language/3/"
      },
      "name": "\uc77c\ub809\ud2b8\ub9ad\ubcfc"
    },
    {
      "language": {
        "name": "zh-Hant",
        "url": "https://pokeapi.co/api/v2/language/4/"
      },
      "name": "\u96fb\u7403"
    },
    {
      "language": {
        "name": "fr",
        "url": "https://pokeapi.co/api/v2/language/5/"
      },
      "name": "Boule \u00c9lek"
    },
    {
      "language": {
        "name": "de",
        "url": "https://pokeapi.co/api/v2/language/6/"
      },
      "name": "Elektroball"
    },
    {
      "language": {
        "name": "es",
        "url": "https://pokeapi.co/api/v2/language/7/"
      },
      "name": "Bola Voltio"
    },
    {
      "language": {
        "name": "it",
        "url": "https://pokeapi.co/api/v2/language/8/"
      },
      "name": "Energisfera"
    },
    {
      "language": {
        "name": "en",
        "url": "https://pokeapi.co/api/v2/language/9/"
      },
      "name": "Electro Ball"
    },
    {
      "language": {
        "name": "ja",
        "url": "https://pokeapi.co/api/v2/language/11/"
      },
      "name": "\u30a8\u30ec\u30ad\u30dc\u30fc\u30eb"
    },
    {
      "language": {
        "name": "zh-Hans",
        "url": "https://pokeapi.co/api/v2/language/12/"
      },
      "name": "\u7535\u7403"
    }
  ],
  "past_values": [],
  "power": null,
  "pp": 10,
  "priority": 0,
  "stat_changes": [],
  "super_contest_effect": null,
  "target": {
    "name": "selected-pokemon",
    "url": "https://pokeapi.co/api/v2/move-target/10/"
  },
  "type": {
    "name": "electric",
    "url": "https://pokeapi.co/api/v2/type/13/"
  }
}