{
  "accuracy": null,
  "contest_combos": null,
  "contest_effect": null,
  "contest_type": null,
  "damage_class": {
    "name": "status",
    "url": "https://pokeapi.co/api/v2/move-damage-class/1/"
  },
  "effect_chance": null,
  "effect_changes": [],
  "effect_entries": [
    {
      "effect": "Inverts the target\u2019s stat modifiers.",
      "language": {
        "name": "en",
        "url": "https://pokeapi.co/api/v2/language/9/"
      },
      "short_effect": "Inverts the target\u2019s stat modifiers."
    }
  ],
  "flavor_text_entries": [
    {
      "flavor_text": "\u3042\u3044\u3066\u306b\u3000\u304b\u304b\u3063\u3066\u3044\u308b\n\u3059\u3079\u3066\u306e\u3000\u306e\u3046\u308a\u3087\u304f\u3078\u3093\u304b\u3092\n\u3072\u3063\u304f\u308a\u304b\u3048\u3057\u3066\u3000\u304e\u3083\u304f\u306b\u3059\u308b\u3002",
      "language": {
        "name": "ja-Hrkt",
        "url": "https://pokeapi.co/api/v2/language/1/"
      },
      "version_group": {
        "name": "x-y",
        "url": "https://pokeapi.co/api/v2/version-group/15/"
      }
    },
    {
      "flavor_text": "\uc0c1\ub300\uc5d0\uac8c \uac78\ub824 \uc788\ub294\n\ubaa8\ub4e0 \ub2a5\ub825 \ubcc0\ud654\ub97c\n\ub4a4\uc9d1\uc5b4\uc11c \ubc18\ub300\ub85c \ub9cc\ub4e0\ub2e4.",
      "language": {
        "name": "ko",
        "url": "https://pokeapi.co/api/v2/language/3/"
      },
      "version_group": {
        "name": "x-y",
        "url": "https://pokeapi.co/api/v2/version-group/15/"
      }
    },
    {
      "flavor_text": "Inverse tous les changements de stats de\nla cible.",
      "language": {
        "name": "fr",
        "url": "https://pokeapi.co/api/v2/language/5/"
      },
      "version_group": {
        "name": "x-y",
        "url": "https://pokeapi.co/api/v2/version-group/15/"
      }
    },
    {
      "flavor_text": "Invertiert alle Statusver\u00e4nderungen des Zieles.",
      "language": {
        "name": "de",
        "url": "https://pokeapi.co/api/v2/language/6/"
      },
      "version_group": {
        "name": "x-y",
        "url": "https://pokeapi.co/api/v2/version-group/15/"
      }
    },
    {
      "flavor_text": "Invierte por completo los cambios en las\ncaracter\u00edsticas del Pok\u00e9mon objetivo.",
      "language": {
        "name": "es",
        "url": "https://pokeapi.co/api/v2/language/7/"
      },
      "version_group": {
        "name": "x-y",
        "url": "https://pokeapi.co/api/v2/version-group/15/"
      }
    },
    {
      "flavor_text": "Inverte tutte le modifiche alle statistiche\ndel Pok\u00e9mon bersaglio.",
      "language": {
        "name": "it",
        "url": "https://pokeapi.co/api/v2/language/8/"
      },
      "version_group": {
        "name": "x-y",
        "url": "https://pokeapi.co/api/v2/version-group/15/"
      }
    },
    {
      "flavor_text": "All stat changes affecting the target\nturn topsy-turvy and become the\nopposite of what they were.",
      "language": {
        "name": "en",
        "url": "https://pokeapi.co/api/v2/language/9/"
      },
      "version_group": {
        "name": "x-y",
        "url": "https://pokeapi.co/api/v2/version-group/15/"
      }
    },
    {
      "flavor_text": "\u76f8\u624b\u306b\u3000\u304b\u304b\u3063\u3066\u3044\u308b\n\u3059\u3079\u3066\u306e\u3000\u80fd\u529b\u5909\u5316\u3092\n\u3072\u3063\u304f\u308a\u8fd4\u3057\u3066\u3000\u9006\u306b\u3059\u308b\u3002",
      "language": {
        "name": "ja",
        "url": "https://pokeapi.co/api/v2/language/11/"
      },
      "version_group": {
        "name": "x-y",
        "url": "https://pokeapi.co/api/v2/version-group/15/"
      }
    },
    {
      "flavor_text": "\u3042\u3044\u3066\u306b\u3000\u304b\u304b\u3063\u3066\u3044\u308b\n\u3059\u3079\u3066\u306e\u3000\u306e\u3046\u308a\u3087\u304f\u3078\u3093\u304b\u3092\n\u3072\u3063\u304f\u308a\u304b\u3048\u3057\u3066\u3000\u304e\u3083\u304f\u306b\u3059\u308b\u3002",
      "language": {
        "name": "ja-Hrkt",
        "url": "https://pokeapi.co/api/v2/language/1/"
      },
      "version_group": {
        "name": "omega-ruby-alpha-sapphire",
        "url": "https://pokeapi.co/api/v2/version-group/16/"
      }
    },
    {
      "flavor_text": "\uc0c1\ub300\uc5d0\uac8c \uac78\ub824 \uc788\ub294\n\ubaa8\ub4e0 \ub2a5\ub825 \ubcc0\ud654\ub97c\n\ub4a4\uc9d1\uc5b4\uc11c \ubc18\ub300\ub85c \ub9cc\ub4e0\ub2e4.",
      "language": {
        "name": "ko",
        "url": "https://pokeapi.co/api/v2/language/3/"
      },
      "version_group": {
        "name": "omega-ruby-alpha-sapphire",
        "url": "https://pokeapi.co/api/v2/version-group/16/"
      }
    },
    {
      "flavor_text": "Inverse tous les changements de stats de\nla cible.",
      "language": {
        "name": "fr",
        "url": "https://pokeapi.co/api/v2/language/5/"
      },
      "version_group": {
        "name": "omega-ruby-alpha-sapphire",
        "url": "https://pokeapi.co/api/v2/version-group/16/"
      }
    },
    {
      "flavor_text": "Invertiert alle Statusver\u00e4nderungen des Zieles.",
      "language": {
        "name": "de",
        "url": "https://pokeapi.co/api/v2/language/6/"
      },
      "version_group": {
        "name": "omega-ruby-alpha-sapphire",
        "url": "https://pokeapi.co/api/v2/version-group/16/"
      }
    },
    {
      "flavor_text": "Invierte por completo los cambios en las\ncaracter\u00edsticas del Pok\u00e9mon objetivo.",
      "language": {
        "name": "es",
        "url": "https://pokeapi.co/api/v2/language/7/"
      },
      "version_group": {
        "name": "omega-ruby-alpha-sapphire",
        "url": "https://pokeapi.co/api/v2/version-group/16/"
      }
    },
    {
      "flavor_text": "Inverte tutte le modifiche alle statistiche\ndel Pok\u00e9mon bersaglio.",
      "language": {
        "name": "it",
        "url": "https://pokeapi.co/api/v2/language/8/"
      },
      "version_group": {
        "name": "omega-ruby-alpha-sapphire",
        "url": "https://pokeapi.co/api/v2/version-group/16/"
      }
    },
    {
      "flavor_text": "All stat changes affecting the target\nturn topsy-turvy and become the\nopposite of what they were.",
      "language": {
        "name": "en",
        "url": "https://pokeapi.co/api/v2/language/9/"
      },
      "version_group": {
        "name": "omega-ruby-alpha-sapphire",
        "url": "https://pokeapi.co/api/v2/version-group/16/"
      }
    },
    {
      "flavor_text": "\u76f8\u624b\u306b\u3000\u304b\u304b\u3063\u3066\u3044\u308b\n\u3059\u3079\u3066\u306e\u3000\u80fd\u529b\u5909\u5316\u3092\n\u3072\u3063\u304f\u308a\u8fd4\u3057\u3066\u3000\u9006\u306b\u3059\u308b\u3002",
      "language": {
        "name": "ja",
        "url": "https://pokeapi.co/api/v2/language/11/"
      },
      "version_group": {
        "name": "omega-ruby-alpha-sapphire",
        "url": "https://pokeapi.co/api/v2/version-group/16/"
      }
    },
    {
      "flavor_text": "\u3042\u3044\u3066\u306b\u3000\u304b\u304b\u3063\u3066\u3044\u308b\n\u3059\u3079\u3066\u306e\u3000\u306e\u3046\u308a\u3087\u304f\u3078\u3093\u304b\u3092\n\u3072\u3063\u304f\u308a\u304b\u3048\u3057\u3066\u3000\u304e\u3083\u304f\u306b\u3059\u308b\u3002",
      "language": {
        "name": "ja-Hrkt",
        "url": "https://pokeapi.co/api/v2/language/1/"
      },
      "version_group": {
        "name": "sun-moon",
        "url": "https://pokeapi.co/api/v2/version-group/17/"
      }
    },
    {
      "flavor_text": "\uc0c1\ub300\uc5d0\uac8c \uac78\ub824 \uc788\ub294\n\ubaa8\ub4e0 \ub2a5\ub825 \ubcc0\ud654\ub97c\n\ub4a4\uc9d1\uc5b4\uc11c \ubc18\ub300\ub85c \ub9cc\ub4e0\ub2e4.",
      "language": {
        "name": "ko",
        "url": "https://pokeapi.co/api/v2/language/3/"
      },
      "version_group": {
        "name": "sun-moon",
        "url": "https://pokeapi.co/api/v2/version-group/17/"
      }
    },
    {
      "flavor_text": "\u8b93\u5c0d\u624b\u8eab\u4e0a\u6240\u6709\u7684\n\u80fd\u529b\u8b8a\u5316\u985b\u5012\u904e\u4f86\uff0c\n\u8b8a\u6210\u548c\u539f\u4f86\u76f8\u53cd\u7684\u72c0\u614b\u3002",
      "language": {
        "name": "zh-Hant",
        "url": "https://pokeapi.co/api/v2/language/4/"
      },
      "version_group": {
        "name": "sun-moon",
        "url": "https://pokeapi.co/api/v2/version-group/17/"
      }
    },
    {
      "flavor_text": "Inverse tous les changements de stats de\nla cible.",
      "language": {
        "name": "fr",
        "url": "https://pokeapi.co/api/v2/language/5/"
      },
      "version_group": {
        "name": "sun-moon",
        "url": "https://pokeapi.co/api/v2/version-group/17/"
      }
    },
    {
      "flavor_text": "Invertiert alle Statusver\u00e4nderungen des Zieles.",
      "language": {
        "name": "de",
        "url": "https://pokeapi.co/api/v2/language/6/"
      },
      "version_group": {
        "name": "sun-moon",
        "url": "https://pokeapi.co/api/v2/version-group/17/"
      }
    },
    {
      "flavor_text": "Invierte por completo los cambios en las\ncaracter\u00edsticas del objetivo.",
      "language": {
        "name": "es",
        "url": "https://pokeapi.co/api/v2/language/7/"
      },
      "version_group": {
        "name": "sun-moon",
        "url": "https://pokeapi.co/api/v2/version-group/17/"
      }
    },
    {
      "flavor_text": "Inverte tutte le modifiche alle statistiche\ndel Pok\u00e9mon bersaglio.",
      "language": {
        "name": "it",
        "url": "https://pokeapi.co/api/v2/language/8/"
      },
      "version_group": {
        "name": "sun-moon",
        "url": "https://pokeapi.co/api/v2/version-group/17/"
      }
    },
    {
      "flavor_text": "All stat changes affecting the target turn\ntopsy-turvy and become the opposite of what\nthey were.",
      "language": {
        "name": "en",
        "url": "https://pokeapi.co/api/v2/language/9/"
      },
      "version_group": {
        "name": "sun-moon",
        "url": "https://pokeapi.co/api/v2/version-group/17/"
      }
    },
    {
      "flavor_text": "\u76f8\u624b\u306b\u3000\u304b\u304b\u3063\u3066\u3044\u308b\n\u3059\u3079\u3066\u306e\u3000\u80fd\u529b\u5909\u5316\u3092\n\u3072\u3063\u304f\u308a\u8fd4\u3057\u3066\u3000\u9006\u306b\u3059\u308b\u3002",
      "language": {
        "name": "ja",
        "url": "https://pokeapi.co/api/v2/language/11/"
      },
      "version_group": {
        "name": "sun-moon",
        "url": "https://pokeapi.co/api/v2/version-group/17/"
      }
    },
    {
      "flavor_text": "\u98a0\u5012\u5bf9\u624b\u8eab\u4e0a\u7684\n\u6240\u6709\u80fd\u529b\u53d8\u5316\uff0c\n\u53d8\u6210\u548c\u539f\u6765\u76f8\u53cd\u7684\u72b6\u6001\u3002",
      "language": {
        "name": "zh-Hans",
        "url": "https://pokeapi.co/api/v2/language/12/"
      },
      "version_group": {
        "name": "sun-moon",
        "url": "https://pokeapi.co/api/v2/version-group/17/"
      }
    },
    {
      "flavor_text": "\u3042\u3044\u3066\u306b\u3000\u304b\u304b\u3063\u3066\u3044\u308b\n\u3059\u3079\u3066\u306e\u3000\u306e\u3046\u308a\u3087\u304f\u3078\u3093\u304b\u3092\n\u3072\u3063\u304f\u308a\u304b\u3048\u3057\u3066\u3000\u304e\u3083\u304f\u306b\u3059\u308b\u3002",
      "language": {
        "name": "ja-Hrkt",
        "url": "https://pokeapi.co/api/v2/language/1/"
      },
      "version_group": {
        "name": "ultra-sun-ultra-moon",
        "url": "https://pokeapi.co/api/v2/version-group/18/"
      }
    },
    {
      "flavor_text": "\uc0c1\ub300\uc5d0\uac8c \uac78\ub824 \uc788\ub294\n\ubaa8\ub4e0 \ub2a5\ub825 \ubcc0\ud654\ub97c\n\ub4a4\uc9d1\uc5b4\uc11c \ubc18\ub300\ub85c \ub9cc\ub4e0\ub2e4.",
      "language": {
        "name": "ko",
        "url": "https://pokeapi.co/api/v2/language/3/"
      },
      "version_group": {
        "name": "ultra-sun-ultra-moon",
        "url": "https://pokeapi.co/api/v2/version-group/18/"
      }
    },
    {
      "flavor_text": "\u8b93\u5c0d\u624b\u8eab\u4e0a\u6240\u6709\u7684\n\u80fd\u529b\u8b8a\u5316\u985b\u5012\u904e\u4f86\uff0c\n\u8b8a\u6210\u548c\u539f\u4f86\u76f8\u53cd\u7684\u72c0\u614b\u3002",
      "language": {
        "name": "zh-Hant",
        "url": "https://pokeapi.co/api/v2/language/4/"
      },
      "version_group": {
        "name": "ultra-sun-ultra-moon",
        "url": "https://pokeapi.co/api/v2/version-group/18/"
      }
    },
    {
      "flavor_text": "Inverse tous les changements de stats de\nla cible.",
      "language": {
        "name": "fr",
        "url": "https://pokeapi.co/api/v2/language/5/"
      },
      "version_group": {
        "name": "ultra-sun-ultra-moon",
        "url": "https://pokeapi.co/api/v2/version-group/18/"
      }
    },
    {
      "flavor_text": "Invertiert alle Statusver\u00e4nderungen des Zieles.",
      "language": {
        "name": "de",
        "url": "https://pokeapi.co/api/v2/language/6/"
      },
      "version_group": {
        "name": "ultra-sun-ultra-moon",
        "url": "https://pokeapi.co/api/v2/version-group/18/"
      }
    },
    {
      "flavor_text": "Invierte por completo los cambios en las\ncaracter\u00edsticas del objetivo.",
      "language": {
        "name": "es",
        "url": "https://pokeapi.co/api/v2/language/7/"
      },
      "version_group": {
        "name": "ultra-sun-ultra-moon",
        "url": "https://pokeapi.co/api/v2/version-group/18/"
      }
    },
    {
      "flavor_text": "Inverte tutte le modifiche alle statistiche\ndel Pok\u00e9mon bersaglio.",
      "language": {
        "name": "it",
        "url": "https://pokeapi.co/api/v2/language/8/"
      },
      "version_group": {
        "name": "ultra-sun-ultra-moon",
        "url": "https://pokeapi.co/api/v2/version-group/18/"
      }
    },
    {
      "flavor_text": "All stat changes affecting the target turn\ntopsy-turvy and become the opposite of what\nthey were.",
      "language": {
        "name": "en",
        "url": "https://pokeapi.co/api/v2/language/9/"
      },
      "version_group": {
        "name": "ultra-sun-ultra-moon",
        "url": "https://pokeapi.co/api/v2/version-group/18/"
      }
    },
    {
      "flavor_text": "\u76f8\u624b\u306b\u3000\u304b\u304b\u3063\u3066\u3044\u308b\n\u3059\u3079\u3066\u306e\u3000\u80fd\u529b\u5909\u5316\u3092\n\u3072\u3063\u304f\u308a\u8fd4\u3057\u3066\u3000\u9006\u306b\u3059\u308b\u3002",
      "language": {
        "name": "ja",
        "url": "https://pokeapi.co/api/v2/language/11/"
      },
      "version_group": {
        "name": "ultra-sun-ultra-moon",
        "url": "https://pokeapi.co/api/v2/version-group/18/"
      }
    },
    {
      "flavor_text": "\u98a0\u5012\u5bf9\u624b\u8eab\u4e0a\u7684\n\u6240\u6709\u80fd\u529b\u53d8\u5316\uff0c\n\u53d8\u6210\u548c\u539f\u6765\u76f8\u53cd\u7684\u72b6\u6001\u3002",
      "language": {
        "name": "zh-Hans",
        "url": "https://pokeapi.co/api/v2/language/12/"
      },
      "version_group": {
        "name": "ultra-sun-ultra-moon",
        "url": "https://pokeapi.co/api/v2/version-group/18/"
      }
    },
    {
      "flavor_text": "\u3042\u3044\u3066\u306b\u3000\u304b\u304b\u3063\u3066\u3044\u308b\n\u3059\u3079\u3066\u306e\u3000\u306e\u3046\u308a\u3087\u304f\u3078\u3093\u304b\u3092\n\u3072\u3063\u304f\u308a\u304b\u3048\u3057\u3066\u3000\u304e\u3083\u304f\u306b\u3059\u308b\u3002",
      "language": {
        "name": "ja-Hrkt",
        "url": "https://pokeapi.co/api/v2/language/1/"
      },
      "version_group": {
        "name": "lets-go-pikachu-lets-go-eevee",
        "url": "https://pokeapi.co/api/v2/version-group/19/"
      }
    },
    {
      "flavor_text": "\uc0c1\ub300\uc5d0\uac8c \uac78\ub824 \uc788\ub294\n\ubaa8\ub4e0 \ub2a5\ub825 \ubcc0\ud654\ub97c\n\ub4a4\uc9d1\uc5b4\uc11c \ubc18\ub300\ub85c \ub9cc\ub4e0\ub2e4.",
      "language": {
        "name": "ko",
        "url": "https://pokeapi.co/api/v2/language/3/"
      },
      "version_group": {
        "name": "lets-go-pikachu-lets-go-eevee",
        "url": "https://pokeapi.co/api/v2/version-group/19/"
      }
    },
    {
      "flavor_text": "\u8b93\u5c0d\u624b\u8eab\u4e0a\u6240\u6709\u7684\n\u80fd\u529b\u8b8a\u5316\u985b\u5012\u904e\u4f86\uff0c\n\u8b8a\u6210\u548c\u539f\u4f86\u76f8\u53cd\u7684\u72c0\u614b\u3002",
      "language": {
        "name": "zh-Hant",
        "url": "https://pokeapi.co/api/v2/language/4/"
      },
      "version_group": {
        "name": "lets-go-pikachu-lets-go-eevee",
        "url": "https://pokeapi.co/api/v2/version-group/19/"
      }
    },
    {
      "flavor_text": "Inverse tous les changements de stats de la cible.",
      "language": {
        "name": "fr",
        "url": "https://pokeapi.co/api/v2/language/5/"
      },
      "version_group": {
        "name": "lets-go-pikachu-lets-go-eevee",
        "url": "https://pokeapi.co/api/v2/version-group/19/"
      }
    },
    {
      "flavor_text": "Invertiert alle Statusver\u00e4nderungen des Zieles.",
      "language": {
        "name": "de",
        "url": "https://pokeapi.co/api/v2/language/6/"
      },
      "version_group": {
        "name": "lets-go-pikachu-lets-go-eevee",
        "url": "https://pokeapi.co/api/v2/version-group/19/"
      }
    },
    {
      "flavor_text": "Invierte por completo los cambios en las\ncaracter\u00edsticas del objetivo.",
      "language": {
        "name": "es",
        "url": "https://pokeapi.co/api/v2/language/7/"
      },
      "version_group": {
        "name": "lets-go-pikachu-lets-go-eevee",
        "url": "https://pokeapi.co/api/v2/version-group/19/"
      }
    },
    {
      "flavor_text": "Inverte tutte le modifiche alle statistiche\ndel Pok\u00e9mon bersaglio.",
      "language": {
        "name": "it",
        "url": "https://pokeapi.co/api/v2/language/8/"
      },
      "version_group": {
        "name": "lets-go-pikachu-lets-go-eevee",
        "url": "https://pokeapi.co/api/v2/version-group/19/"
      }
    },
    {
      "flavor_text": "All stat changes affecting the target turn\ntopsy-turvy and become the opposite of what\nthey were.",
      "language": {
        "name": "en",
        "url": "https://pokeapi.co/api/v2/language/9/"
      },
      "version_group": {
        "name": "lets-go-pikachu-lets-go-eevee",
        "url": "https://pokeapi.co/api/v2/version-group/19/"
      }
    },
    {
      "flavor_text": "\u76f8\u624b\u306b\u3000\u304b\u304b\u3063\u3066\u3044\u308b\n\u3059\u3079\u3066\u306e\u3000\u80fd\u529b\u5909\u5316\u3092\n\u3072\u3063\u304f\u308a\u8fd4\u3057\u3066\u3000\u9006\u306b\u3059\u308b\u3002",
      "language": {
        "name": "ja",
        "url": "https://pokeapi.co/api/v2/language/11/"
      },
      "version_group": {
        "name": "lets-go-pikachu-lets-go-eevee",
        "url": "https://pokeapi.co/api/v2/version-group/19/"
      }
    },
    {
      "flavor_text": "\u98a0\u5012\u5bf9\u624b\u8eab\u4e0a\u7684\n\u6240\u6709\u80fd\u529b\u53d8\u5316\uff0c\n\u53d8\u6210\u548c\u539f\u6765\u76f8\u53cd\u7684\u72b6\u6001\u3002",
      "language": {
        "name": "zh-Hans",
        "url": "https://pokeapi.co/api/v2/language/12/"
      },
      "version_group": {
        "name": "lets-go-pikachu-lets-go-eevee",
        "url": "https://pokeapi.co/api/v2/version-group/19/"
      }
    },
    {
      "flavor_text": "\u3042\u3044\u3066\u306b\u3000\u304b\u304b\u3063\u3066\u3044\u308b\n\u3059\u3079\u3066\u306e\u3000\u306e\u3046\u308a\u3087\u304f\u3078\u3093\u304b\u3092\n\u3072\u3063\u304f\u308a\u304b\u3048\u3057\u3066\u3000\u304e\u3083\u304f\u306b\u3059\u308b\u3002",
      "language": {
        "name": "ja-Hrkt",
        "url": "https://pokeapi.co/api/v2/language/1/"
      },
      "version_group": {
        "name": "sword-shield",
        "url": "https://pokeapi.co/api/v2/version-group/20/"
      }
    },
    {
      "flavor_text": "\uc0c1\ub300\uc5d0\uac8c \uac78\ub824 \uc788\ub294\n\ubaa8\ub4e0 \ub2a5\ub825 \ubcc0\ud654\ub97c\n\ub4a4\uc9d1\uc5b4\uc11c \ubc18\ub300\ub85c \ub9cc\ub4e0\ub2e4.",
      "language": {
        "name": "ko",
        "url": "https://pokeapi.co/api/v2/language/3/"
      },
      "version_group": {
        "name": "sword-shield",
        "url": "https://pokeapi.co/api/v2/version-group/20/"
      }
    },
    {
      "flavor_text": "\u8b93\u5c0d\u624b\u8eab\u4e0a\u6240\u6709\u7684\n\u80fd\u529b\u8b8a\u5316\u985b\u5012\u904e\u4f86\uff0c\n\u8b8a\u6210\u548c\u539f\u4f86\u76f8\u53cd\u7684\u72c0\u614b\u3002",
      "language": {
        "name": "zh-Hant",
        "url": "https://pokeapi.co/api/v2/language/4/"
      },
      "version_group": {
        "name": "sword-shield",
        "url": "https://pokeapi.co/api/v2/version-group/20/"
      }
    },
    {
      "flavor_text": "Inverse tous les changements de stats de la cible.",
      "language": {
        "name": "fr",
        "url": "https://pokeapi.co/api/v2/language/5/"
      },
      "version_group": {
        "name": "sword-shield",
        "url": "https://pokeapi.co/api/v2/version-group/20/"
      }
    },
    {
      "flavor_text": "Invertiert alle Statusver\u00e4nderungen des Zieles.",
      "language": {
        "name": "de",
        "url": "https://pokeapi.co/api/v2/language/6/"
      },
      "version_group": {
        "name": "sword-shield",
        "url": "https://pokeapi.co/api/v2/version-group/20/"
      }
    },
    {
      "flavor_text": "Invierte por completo los cambios en las caracter\u00edsticas\ndel objetivo.",
      "language": {
        "name": "es",
        "url": "https://pokeapi.co/api/v2/language/7/"
      },
      "version_group": {
        "name": "sword-shield",
        "url": "https://pokeapi.co/api/v2/version-group/20/"
      }
    },
    {
      "flavor_text": "Inverte tutte le modifiche alle statistiche\ndel Pok\u00e9mon bersaglio.",
      "language": {
        "name": "it",
        "url": "https://pokeapi.co/api/v2/language/8/"
      },
      "version_group": {
        "name": "sword-shield",
        "url": "https://pokeapi.co/api/v2/version-group/20/"
      }
    },
    {
      "flavor_text": "All stat changes affecting the target turn\ntopsy-turvy and become the opposite of what\nthey were.",
      "language": {
        "name": "en",
        "url": "https://pokeapi.co/api/v2/language/9/"
      },
      "version_group": {
        "name": "sword-shield",
        "url": "https://pokeapi.co/api/v2/version-group/20/"
      }
    },
    {
      "flavor_text": "\u76f8\u624b\u306b\u3000\u304b\u304b\u3063\u3066\u3044\u308b\n\u3059\u3079\u3066\u306e\u3000\u80fd\u529b\u5909\u5316\u3092\n\u3072\u3063\u304f\u308a\u8fd4\u3057\u3066\u3000\u9006\u306b\u3059\u308b\u3002",
      "language": {
        "name": "ja",
        "url": "https://pokeapi.co/api/v2/language/11/"
      },
      "version_group": {
        "name": "sword-shield",
        "url": "https://pokeapi.co/api/v2/version-group/20/"
      }
    },
    {
      "flavor_text": "\u98a0\u5012\u5bf9\u624b\u8eab\u4e0a\u7684\n\u6240\u6709\u80fd\u529b\u53d8\u5316\uff0c\n\u53d8\u6210\u548c\u539f\u6765\u76f8\u53cd\u7684\u72b6\u6001\u3002",
      "language": {
        "name": "zh-Hans",
        "url": "https://pokeapi.co/api/v2/language/12/"
      },
      "version_group": {
        "name": "sword-shield",
        "url": "https://pokeapi.co/api/v2/version-group/20/"
      }
    },
    {
      "flavor_text": "All stat changes affecting the target turn topsy-turvy and become the opposite of what they were.",
      "language": {
        "name": "en",
        "url": "https://pokeapi.co/api/v2/language/9/"
      },
      "version_group": {
        "name": "legends-arceus",
        "url": "https://pokeapi.co/api/v2/version-group/24/"
      }
    },
    {
      "flavor_text": "All stat changes affecting the target turn topsy-turvy and become the opposite of what they were.",
      "language": {
        "name": "en",
        "url": "https://pokeapi.co/api/v2/language/9/"
      },
      "version_group": {
        "name": "scarlet-violet",
        "url": "https://pokeapi.co/api/v2/version-group/25/"
      }
    }
  ],
  "generation": {
    "name": "generation-vi",
    "url": "https://pokeapi.co/api/v2/generation/6/"
  },
  "id": 576,
  "learned_by_pokemon": [
    {
      "name": "inkay",
      "url": "https://pokeapi.co/api/v2/pokemon/686/"
    },
    {
      "name": "malamar",
      "url": "https://pokeapi.co/api/v2/pokemon/687/"
    },
    {
      "name": "grapploct",
      "url": "https://pokeapi.co/api/v2/pokemon/853/"
    }
  ],
  "machines": [],
  "meta": {
    "ailment": {
      "name": "none",
      "url": "https://pokeapi.co/api/v2/move-ailment/0/"
    },
    "ailment_chance": 0,
    "category": {
      "name": "unique",
      "url": "https://pokeapi.co/api/v2/move-category/13/"
    },
    "crit_rate": 0,
    "drain": 0,
    "flinch_chance": 0,
    "healing": 0,
    "max_hits": null,
    "max_turns": null,
    "min_hits": null,
    "min_turns": null,
    "stat_chance": 0
  },
  "name": "topsy-turvy",
  "names": [
    {
      "language": {
        "name": "ja-Hrkt",
        "url": "https://pokeapi.co/api/v2/language/1/"
      },
      "name": "\u3072\u3063\u304f\u308a\u304b\u3048\u3059"
    },
    {
      "language": {
        "name": "ko",
        "url": "https://pokeapi.co/api/v2/language/3/"
      },
      "name": "\ub4a4\uc9d1\uc5b4\uc5ce\uae30"
    },
    {
      "language": {
        "name": "zh-Hant",
        "url": "https://pokeapi.co/api/v2/language/4/"
      },
      "name": "\u985b\u5012"
    },
    {
      "language": {
        "name": "fr",
        "url": "https://pokeapi.co/api/v2/language/5/"
      },
      "name": "Renversement"
    },
    {
      "language": {
        "name": "de",
        "url": "https://pokeapi.co/api/v2/language/6/"
      },
      "name": "Invertigo"
    },
    {
      "language": {
        "name": "es",
        "url": "https://pokeapi.co/api/v2/language/7/"
      },
      "name": "Reversi\u00f3n"
    },
    {
      "language": {
        "name": "it",
        "url": "https://pokeapi.co/api/v2/language/8/"
      },
      "name": "Sottosopra"
    },
    {
      "language": {
        "name": "en",
        "url": "https://pokeapi.co/api/v2/language/9/"
      },
      "name": "Topsy-Turvy"
    },
    {
      "language": {
        "name": "ja",
        "url": "https://pokeapi.co/api/v2/language/11/"
      },
      "name": "\u3072\u3063\u304f\u308a\u304b\u3048\u3059"
    },
    {
      "language": {
        "name": "zh-Hans",
        "url": "https://pokeapi.co/api/v2/language/12/"
      },
      "name": "\u98a0\u5012"
    }
  ],
  "past_values": [],
  "power": null,
  "pp": 20,
  "priority": 0,
  "stat_changes": [],
  "super_contest_effect": null,
  "target": {
    "name": "selected-pokemon",
    "url": "https://pokeapi.co/api/v2/move-target/10/"
  },
  "type": {
    "name": "dark",
    "url": "https://pokeapi.co/api/v2/type/17/"
  }
}