{
  "accuracy": 100,
  "contest_combos": null,
  "contest_effect": null,
  "contest_type": {
    "name": "smart",
    "url": "https://pokeapi.co/api/v2/contest-type/4/"
  },
  "damage_class": {
    "name": "physical",
    "url": "https://pokeapi.co/api/v2/move-damage-class/2/"
  },
  "effect_chance": 100,
  "effect_changes": [],
  "effect_entries": [
    {
      "effect": "Inflicts regular damage, then lowers the user\u2019s Defense and Special Defense by one stage each.",
      "language": {
        "name": "en",
        "url": "https://pokeapi.co/api/v2/language/9/"
      },
      "short_effect": "Lowers the user\u2019s Defense and Special Defense by one stage after inflicting damage."
    }
  ],
  "flavor_text_entries": [
    {
      "flavor_text": "The user fights the\nfoe in close without\nguarding itself. It\nalso cuts the user\u2019s\nDefense and Sp. Def.",
      "language": {
        "name": "en",
        "url": "https://pokeapi.co/api/v2/language/9/"
      },
      "version_group": {
        "name": "diamond-pearl",
        "url": "https://pokeapi.co/api/v2/version-group/8/"
      }
    },
    {
      "flavor_text": "The user fights the\nfoe in close without\nguarding itself. It\nalso cuts the user\u2019s\nDefense and Sp. Def.",
      "language": {
        "name": "en",
        "url": "https://pokeapi.co/api/v2/language/9/"
      },
      "version_group": {
        "name": "platinum",
        "url": "https://pokeapi.co/api/v2/version-group/9/"
      }
    },
    {
      "flavor_text": "The user fights the\nfoe up close without\nguarding itself. It\nalso cuts the user\u2019s\nDefense and Sp. Def.",
      "language": {
        "name": "en",
        "url": "https://pokeapi.co/api/v2/language/9/"
      },
      "version_group": {
        "name": "heartgold-soulsilver",
        "url": "https://pokeapi.co/api/v2/version-group/10/"
      }
    },
    {
      "flavor_text": "Le lanceur combat au corps \u00e0 corps sans\nse prot\u00e9ger. Baisse aussi sa D\u00e9fense et\nsa D\u00e9fense Sp\u00e9ciale.",
      "language": {
        "name": "fr",
        "url": "https://pokeapi.co/api/v2/language/5/"
      },
      "version_group": {
        "name": "black-white",
        "url": "https://pokeapi.co/api/v2/version-group/11/"
      }
    },
    {
      "flavor_text": "The user fights the target up close\nwithout guarding itself. It also cuts\nthe user\u2019s Defense and Sp. Def.",
      "language": {
        "name": "en",
        "url": "https://pokeapi.co/api/v2/language/9/"
      },
      "version_group": {
        "name": "black-white",
        "url": "https://pokeapi.co/api/v2/version-group/11/"
      }
    },
    {
      "flavor_text": "The user fights the target up close\nwithout guarding itself. It also cuts\nthe user\u2019s Defense and Sp. Def.",
      "language": {
        "name": "en",
        "url": "https://pokeapi.co/api/v2/language/9/"
      },
      "version_group": {
        "name": "black-2-white-2",
        "url": "https://pokeapi.co/api/v2/version-group/14/"
      }
    },
    {
      "flavor_text": "\u307e\u3082\u308a\u3092\u3000\u3059\u3066\u3066\u3000\u3042\u3044\u3066\u306e\u3000\u3075\u3068\u3053\u308d\u306b\n\u3068\u3064\u3052\u304d\u3059\u308b\u3002\u3058\u3076\u3093\u306e\n\u307c\u3046\u304e\u3087\u3068\u3000\u3068\u304f\u307c\u3046\u304c\u3000\u3055\u304c\u308b\u3002",
      "language": {
        "name": "ja-Hrkt",
        "url": "https://pokeapi.co/api/v2/language/1/"
      },
      "version_group": {
        "name": "x-y",
        "url": "https://pokeapi.co/api/v2/version-group/15/"
      }
    },
    {
      "flavor_text": "\ubc29\uc5b4\ub97c \ud3ec\uae30\ud558\uace0 \uc0c1\ub300 \uae4a\uc219\uc774\n\ub3cc\uaca9\ud55c\ub2e4. \uc790\uc2e0\uc758\n\ubc29\uc5b4\uc640 \ud2b9\uc218\ubc29\uc5b4\uac00 \ub5a8\uc5b4\uc9c4\ub2e4.",
      "language": {
        "name": "ko",
        "url": "https://pokeapi.co/api/v2/language/3/"
      },
      "version_group": {
        "name": "x-y",
        "url": "https://pokeapi.co/api/v2/version-group/15/"
      }
    },
    {
      "flavor_text": "Le lanceur combat au corps \u00e0 corps sans se\nprot\u00e9ger. Baisse aussi sa D\u00e9fense et sa D\u00e9fense\nSp\u00e9ciale.",
      "language": {
        "name": "fr",
        "url": "https://pokeapi.co/api/v2/language/5/"
      },
      "version_group": {
        "name": "x-y",
        "url": "https://pokeapi.co/api/v2/version-group/15/"
      }
    },
    {
      "flavor_text": "Nahkampf-Attacke ohne R\u00fccksicht auf Verluste.\nSenkt Verteidigung und Spezial-Verteidigung\ndes Anwenders.",
      "language": {
        "name": "de",
        "url": "https://pokeapi.co/api/v2/language/6/"
      },
      "version_group": {
        "name": "x-y",
        "url": "https://pokeapi.co/api/v2/version-group/15/"
      }
    },
    {
      "flavor_text": "Lucha abiertamente contra el objetivo sin\nprotegerse. Tambi\u00e9n reduce la Defensa y la\nDefensa Especial del usuario.",
      "language": {
        "name": "es",
        "url": "https://pokeapi.co/api/v2/language/7/"
      },
      "version_group": {
        "name": "x-y",
        "url": "https://pokeapi.co/api/v2/version-group/15/"
      }
    },
    {
      "flavor_text": "Chi la usa attacca abbassando la guardia.\nLa propria Difesa e la Difesa Speciale si riducono.",
      "language": {
        "name": "it",
        "url": "https://pokeapi.co/api/v2/language/8/"
      },
      "version_group": {
        "name": "x-y",
        "url": "https://pokeapi.co/api/v2/version-group/15/"
      }
    },
    {
      "flavor_text": "The user fights the target up close\nwithout guarding itself. This also lowers\nthe user\u2019s Defense and Sp. Def stats.",
      "language": {
        "name": "en",
        "url": "https://pokeapi.co/api/v2/language/9/"
      },
      "version_group": {
        "name": "x-y",
        "url": "https://pokeapi.co/api/v2/version-group/15/"
      }
    },
    {
      "flavor_text": "\u5b88\u308a\u3092\u3000\u6368\u3066\u3066\u3000\u76f8\u624b\u306e\u3000\u3075\u3068\u3053\u308d\u306b\n\u7a81\u6483\u3059\u308b\u3002\u81ea\u5206\u306e\n\u9632\u5fa1\u3068\u3000\u7279\u9632\u304c\u3000\u3055\u304c\u308b\u3002",
      "language": {
        "name": "ja",
        "url": "https://pokeapi.co/api/v2/language/11/"
      },
      "version_group": {
        "name": "x-y",
        "url": "https://pokeapi.co/api/v2/version-group/15/"
      }
    },
    {
      "flavor_text": "\u307e\u3082\u308a\u3092\u3000\u3059\u3066\u3066\u3000\u3042\u3044\u3066\u306e\u3000\u3075\u3068\u3053\u308d\u306b\n\u3068\u3064\u3052\u304d\u3059\u308b\u3002\u3058\u3076\u3093\u306e\n\u307c\u3046\u304e\u3087\u3068\u3000\u3068\u304f\u307c\u3046\u304c\u3000\u3055\u304c\u308b\u3002",
      "language": {
        "name": "ja-Hrkt",
        "url": "https://pokeapi.co/api/v2/language/1/"
      },
      "version_group": {
        "name": "omega-ruby-alpha-sapphire",
        "url": "https://pokeapi.co/api/v2/version-group/16/"
      }
    },
    {
      "flavor_text": "\ubc29\uc5b4\ub97c \ud3ec\uae30\ud558\uace0 \uc0c1\ub300 \uae4a\uc219\uc774\n\ub3cc\uaca9\ud55c\ub2e4. \uc790\uc2e0\uc758\n\ubc29\uc5b4\uc640 \ud2b9\uc218\ubc29\uc5b4\uac00 \ub5a8\uc5b4\uc9c4\ub2e4.",
      "language": {
        "name": "ko",
        "url": "https://pokeapi.co/api/v2/language/3/"
      },
      "version_group": {
        "name": "omega-ruby-alpha-sapphire",
        "url": "https://pokeapi.co/api/v2/version-group/16/"
      }
    },
    {
      "flavor_text": "Le lanceur combat au corps \u00e0 corps sans se\nprot\u00e9ger. Baisse aussi sa D\u00e9fense et sa D\u00e9fense\nSp\u00e9ciale.",
      "language": {
        "name": "fr",
        "url": "https://pokeapi.co/api/v2/language/5/"
      },
      "version_group": {
        "name": "omega-ruby-alpha-sapphire",
        "url": "https://pokeapi.co/api/v2/version-group/16/"
      }
    },
    {
      "flavor_text": "Nahkampf-Attacke ohne R\u00fccksicht auf Verluste.\nSenkt Verteidigung und Spezial-Verteidigung\ndes Anwenders.",
      "language": {
        "name": "de",
        "url": "https://pokeapi.co/api/v2/language/6/"
      },
      "version_group": {
        "name": "omega-ruby-alpha-sapphire",
        "url": "https://pokeapi.co/api/v2/version-group/16/"
      }
    },
    {
      "flavor_text": "Lucha abiertamente contra el objetivo sin protegerse. \nTambi\u00e9n reduce la Defensa y la Defensa Especial del \nusuario.",
      "language": {
        "name": "es",
        "url": "https://pokeapi.co/api/v2/language/7/"
      },
      "version_group": {
        "name": "omega-ruby-alpha-sapphire",
        "url": "https://pokeapi.co/api/v2/version-group/16/"
      }
    },
    {
      "flavor_text": "Chi la usa attacca abbassando la guardia.\nLa propria Difesa e la Difesa Speciale si riducono.",
      "language": {
        "name": "it",
        "url": "https://pokeapi.co/api/v2/language/8/"
      },
      "version_group": {
        "name": "omega-ruby-alpha-sapphire",
        "url": "https://pokeapi.co/api/v2/version-group/16/"
      }
    },
    {
      "flavor_text": "The user fights the target up close\nwithout guarding itself. This also lowers\nthe user\u2019s Defense and Sp. Def stats.",
      "language": {
        "name": "en",
        "url": "https://pokeapi.co/api/v2/language/9/"
      },
      "version_group": {
        "name": "omega-ruby-alpha-sapphire",
        "url": "https://pokeapi.co/api/v2/version-group/16/"
      }
    },
    {
      "flavor_text": "\u5b88\u308a\u3092\u3000\u6368\u3066\u3066\u3000\u76f8\u624b\u306e\u3000\u3075\u3068\u3053\u308d\u306b\n\u7a81\u6483\u3059\u308b\u3002\u81ea\u5206\u306e\n\u9632\u5fa1\u3068\u3000\u7279\u9632\u304c\u3000\u3055\u304c\u308b\u3002",
      "language": {
        "name": "ja",
        "url": "https://pokeapi.co/api/v2/language/11/"
      },
      "version_group": {
        "name": "omega-ruby-alpha-sapphire",
        "url": "https://pokeapi.co/api/v2/version-group/16/"
      }
    },
    {
      "flavor_text": "\u307e\u3082\u308a\u3092\u3000\u3059\u3066\u3066\u3000\u3042\u3044\u3066\u306e\u3000\u3075\u3068\u3053\u308d\u306b\n\u3068\u3064\u3052\u304d\u3059\u308b\u3002\u3000\u3058\u3076\u3093\u306e\n\u307c\u3046\u304e\u3087\u3068\u3000\u3068\u304f\u307c\u3046\u304c\u3000\u3055\u304c\u308b\u3002",
      "language": {
        "name": "ja-Hrkt",
        "url": "https://pokeapi.co/api/v2/language/1/"
      },
      "version_group": {
        "name": "sun-moon",
        "url": "https://pokeapi.co/api/v2/version-group/17/"
      }
    },
    {
      "flavor_text": "\ubc29\uc5b4\ub97c \ud3ec\uae30\ud558\uace0 \uc0c1\ub300 \uae4a\uc219\uc774\n\ub3cc\uaca9\ud55c\ub2e4. \uc790\uc2e0\uc758\n\ubc29\uc5b4\uc640 \ud2b9\uc218\ubc29\uc5b4\uac00 \ub5a8\uc5b4\uc9c4\ub2e4.",
      "language": {
        "name": "ko",
        "url": "https://pokeapi.co/api/v2/language/3/"
      },
      "version_group": {
        "name": "sun-moon",
        "url": "https://pokeapi.co/api/v2/version-group/17/"
      }
    },
    {
      "flavor_text": "\u53cd\u5b88\u70ba\u653b\uff0c\u8fd1\u8eab\u7a81\u64ca\u5c0d\u624b\u3002\n\u81ea\u5df1\u7684\u9632\u79a6\u548c\u7279\u9632\u6703\u964d\u4f4e\u3002",
      "language": {
        "name": "zh-Hant",
        "url": "https://pokeapi.co/api/v2/language/4/"
      },
      "version_group": {
        "name": "sun-moon",
        "url": "https://pokeapi.co/api/v2/version-group/17/"
      }
    },
    {
      "flavor_text": "Le lanceur combat au corps \u00e0 corps sans se\nprot\u00e9ger. Baisse aussi sa D\u00e9fense et sa D\u00e9fense\nSp\u00e9ciale.",
      "language": {
        "name": "fr",
        "url": "https://pokeapi.co/api/v2/language/5/"
      },
      "version_group": {
        "name": "sun-moon",
        "url": "https://pokeapi.co/api/v2/version-group/17/"
      }
    },
    {
      "flavor_text": "Nahkampf-Attacke ohne R\u00fccksicht auf Verluste.\nSenkt Verteidigung und Spezial-Verteidigung des\nAnwenders.",
      "language": {
        "name": "de",
        "url": "https://pokeapi.co/api/v2/language/6/"
      },
      "version_group": {
        "name": "sun-moon",
        "url": "https://pokeapi.co/api/v2/version-group/17/"
      }
    },
    {
      "flavor_text": "Lucha abiertamente contra el objetivo sin\nprotegerse. Tambi\u00e9n reduce la Defensa y la Defensa\nEspecial del usuario.",
      "language": {
        "name": "es",
        "url": "https://pokeapi.co/api/v2/language/7/"
      },
      "version_group": {
        "name": "sun-moon",
        "url": "https://pokeapi.co/api/v2/version-group/17/"
      }
    },
    {
      "flavor_text": "Chi la usa attacca abbassando la guardia.\nLa propria Difesa e la Difesa Speciale si riducono.",
      "language": {
        "name": "it",
        "url": "https://pokeapi.co/api/v2/language/8/"
      },
      "version_group": {
        "name": "sun-moon",
        "url": "https://pokeapi.co/api/v2/version-group/17/"
      }
    },
    {
      "flavor_text": "The user fights the target up close without guarding\nitself. This also lowers the user\u2019s Defense and\nSp. Def stats.",
      "language": {
        "name": "en",
        "url": "https://pokeapi.co/api/v2/language/9/"
      },
      "version_group": {
        "name": "sun-moon",
        "url": "https://pokeapi.co/api/v2/version-group/17/"
      }
    },
    {
      "flavor_text": "\u5b88\u308a\u3092\u3000\u6368\u3066\u3066\u3000\u76f8\u624b\u306e\u3000\u3075\u3068\u3053\u308d\u306b\n\u7a81\u6483\u3059\u308b\u3002\u3000\u81ea\u5206\u306e\n\u9632\u5fa1\u3068\u3000\u7279\u9632\u304c\u3000\u3055\u304c\u308b\u3002",
      "language": {
        "name": "ja",
        "url": "https://pokeapi.co/api/v2/language/11/"
      },
      "version_group": {
        "name": "sun-moon",
        "url": "https://pokeapi.co/api/v2/version-group/17/"
      }
    },
    {
      "flavor_text": "\u653e\u5f03\u5b88\u62a4\uff0c\n\u5411\u5bf9\u624b\u7684\u6000\u91cc\u7a81\u51fb\u3002\n\u81ea\u5df1\u7684\u9632\u5fa1\u548c\u7279\u9632\u4f1a\u964d\u4f4e\u3002",
      "language": {
        "name": "zh-Hans",
        "url": "https://pokeapi.co/api/v2/language/12/"
      },
      "version_group": {
        "name": "sun-moon",
        "url": "https://pokeapi.co/api/v2/version-group/17/"
      }
    },
    {
      "flavor_text": "\u307e\u3082\u308a\u3092\u3000\u3059\u3066\u3066\u3000\u3042\u3044\u3066\u306e\u3000\u3075\u3068\u3053\u308d\u306b\n\u3068\u3064\u3052\u304d\u3059\u308b\u3002\u3000\u3058\u3076\u3093\u306e\n\u307c\u3046\u304e\u3087\u3068\u3000\u3068\u304f\u307c\u3046\u304c\u3000\u3055\u304c\u308b\u3002",
      "language": {
        "name": "ja-Hrkt",
        "url": "https://pokeapi.co/api/v2/language/1/"
      },
      "version_group": {
        "name": "ultra-sun-ultra-moon",
        "url": "https://pokeapi.co/api/v2/version-group/18/"
      }
    },
    {
      "flavor_text": "\ubc29\uc5b4\ub97c \ud3ec\uae30\ud558\uace0 \uc0c1\ub300 \uae4a\uc219\uc774\n\ub3cc\uaca9\ud55c\ub2e4. \uc790\uc2e0\uc758\n\ubc29\uc5b4\uc640 \ud2b9\uc218\ubc29\uc5b4\uac00 \ub5a8\uc5b4\uc9c4\ub2e4.",
      "language": {
        "name": "ko",
        "url": "https://pokeapi.co/api/v2/language/3/"
      },
      "version_group": {
        "name": "ultra-sun-ultra-moon",
        "url": "https://pokeapi.co/api/v2/version-group/18/"
      }
    },
    {
      "flavor_text": "\u53cd\u5b88\u70ba\u653b\uff0c\u8fd1\u8eab\u7a81\u64ca\u5c0d\u624b\u3002\n\u81ea\u5df1\u7684\u9632\u79a6\u548c\u7279\u9632\u6703\u964d\u4f4e\u3002",
      "language": {
        "name": "zh-Hant",
        "url": "https://pokeapi.co/api/v2/language/4/"
      },
      "version_group": {
        "name": "ultra-sun-ultra-moon",
        "url": "https://pokeapi.co/api/v2/version-group/18/"
      }
    },
    {
      "flavor_text": "Le lanceur combat au corps \u00e0 corps sans se\nprot\u00e9ger. Baisse aussi sa D\u00e9fense et sa D\u00e9fense\nSp\u00e9ciale.",
      "language": {
        "name": "fr",
        "url": "https://pokeapi.co/api/v2/language/5/"
      },
      "version_group": {
        "name": "ultra-sun-ultra-moon",
        "url": "https://pokeapi.co/api/v2/version-group/18/"
      }
    },
    {
      "flavor_text": "Nahkampf-Attacke ohne R\u00fccksicht auf Verluste.\nSenkt Verteidigung und Spezial-Verteidigung des\nAnwenders.",
      "language": {
        "name": "de",
        "url": "https://pokeapi.co/api/v2/language/6/"
      },
      "version_group": {
        "name": "ultra-sun-ultra-moon",
        "url": "https://pokeapi.co/api/v2/version-group/18/"
      }
    },
    {
      "flavor_text": "Lucha abiertamente contra el objetivo sin\nprotegerse. Tambi\u00e9n reduce la Defensa y la Defensa\nEspecial del usuario.",
      "language": {
        "name": "es",
        "url": "https://pokeapi.co/api/v2/language/7/"
      },
      "version_group": {
        "name": "ultra-sun-ultra-moon",
        "url": "https://pokeapi.co/api/v2/version-group/18/"
      }
    },
    {
      "flavor_text": "Chi la usa attacca abbassando la guardia.\nLa propria Difesa e la Difesa Speciale si riducono.",
      "language": {
        "name": "it",
        "url": "https://pokeapi.co/api/v2/language/8/"
      },
      "version_group": {
        "name": "ultra-sun-ultra-moon",
        "url": "https://pokeapi.co/api/v2/version-group/18/"
      }
    },
    {
      "flavor_text": "The user fights the target up close without guarding\nitself. This also lowers the user\u2019s Defense and\nSp. Def stats.",
      "language": {
        "name": "en",
        "url": "https://pokeapi.co/api/v2/language/9/"
      },
      "version_group": {
        "name": "ultra-sun-ultra-moon",
        "url": "https://pokeapi.co/api/v2/version-group/18/"
      }
    },
    {
      "flavor_text": "\u5b88\u308a\u3092\u3000\u6368\u3066\u3066\u3000\u76f8\u624b\u306e\u3000\u3075\u3068\u3053\u308d\u306b\n\u7a81\u6483\u3059\u308b\u3002\u3000\u81ea\u5206\u306e\n\u9632\u5fa1\u3068\u3000\u7279\u9632\u304c\u3000\u3055\u304c\u308b\u3002",
      "language": {
        "name": "ja",
        "url": "https://pokeapi.co/api/v2/language/11/"
      },
      "version_group": {
        "name": "ultra-sun-ultra-moon",
        "url": "https://pokeapi.co/api/v2/version-group/18/"
      }
    },
    {
      "flavor_text": "\u653e\u5f03\u5b88\u62a4\uff0c\n\u5411\u5bf9\u624b\u7684\u6000\u91cc\u7a81\u51fb\u3002\n\u81ea\u5df1\u7684\u9632\u5fa1\u548c\u7279\u9632\u4f1a\u964d\u4f4e\u3002",
      "language": {
        "name": "zh-Hans",
        "url": "https://pokeapi.co/api/v2/language/12/"
      },
      "version_group": {
        "name": "ultra-sun-ultra-moon",
        "url": "https://pokeapi.co/api/v2/version-group/18/"
      }
    },
    {
      "flavor_text": "\u307e\u3082\u308a\u3092\u3000\u3059\u3066\u3066\u3000\u3042\u3044\u3066\u306e\u3000\u3075\u3068\u3053\u308d\u306b\n\u3068\u3064\u3052\u304d\u3059\u308b\u3002\u3000\u3058\u3076\u3093\u306e\n\u307c\u3046\u304e\u3087\u3068\u3000\u3068\u304f\u307c\u3046\u304c\u3000\u3055\u304c\u308b\u3002",
      "language": {
        "name": "ja-Hrkt",
        "url": "https://pokeapi.co/api/v2/language/1/"
      },
      "version_group": {
        "name": "lets-go-pikachu-lets-go-eevee",
        "url": "https://pokeapi.co/api/v2/version-group/19/"
      }
    },
    {
      "flavor_text": "\ubc29\uc5b4\ub97c \ud3ec\uae30\ud558\uace0 \uc0c1\ub300 \uae4a\uc219\uc774\n\ub3cc\uaca9\ud55c\ub2e4. \uc790\uc2e0\uc758\n\ubc29\uc5b4\uc640 \ud2b9\uc218\ubc29\uc5b4\uac00 \ub5a8\uc5b4\uc9c4\ub2e4.",
      "language": {
        "name": "ko",
        "url": "https://pokeapi.co/api/v2/language/3/"
      },
      "version_group": {
        "name": "lets-go-pikachu-lets-go-eevee",
        "url": "https://pokeapi.co/api/v2/version-group/19/"
      }
    },
    {
      "flavor_text": "\u53cd\u5b88\u70ba\u653b\uff0c\u8fd1\u8eab\u7a81\u64ca\u5c0d\u624b\u3002\n\u81ea\u5df1\u7684\u9632\u79a6\u548c\u7279\u9632\u6703\u964d\u4f4e\u3002",
      "language": {
        "name": "zh-Hant",
        "url": "https://pokeapi.co/api/v2/language/4/"
      },
      "version_group": {
        "name": "lets-go-pikachu-lets-go-eevee",
        "url": "https://pokeapi.co/api/v2/version-group/19/"
      }
    },
    {
      "flavor_text": "Le lanceur combat au corps \u00e0 corps sans se prot\u00e9ger.\nBaisse aussi sa D\u00e9fense et sa D\u00e9fense Sp\u00e9ciale.",
      "language": {
        "name": "fr",
        "url": "https://pokeapi.co/api/v2/language/5/"
      },
      "version_group": {
        "name": "lets-go-pikachu-lets-go-eevee",
        "url": "https://pokeapi.co/api/v2/version-group/19/"
      }
    },
    {
      "flavor_text": "Nahkampf-Attacke ohne R\u00fccksicht auf Verluste.\nSenkt Verteidigung und Spezial-Verteidigung des\nAnwenders.",
      "language": {
        "name": "de",
        "url": "https://pokeapi.co/api/v2/language/6/"
      },
      "version_group": {
        "name": "lets-go-pikachu-lets-go-eevee",
        "url": "https://pokeapi.co/api/v2/version-group/19/"
      }
    },
    {
      "flavor_text": "Lucha abiertamente contra el objetivo sin\nprotegerse. Tambi\u00e9n reduce la Defensa y la Defensa\nEspecial del usuario.",
      "language": {
        "name": "es",
        "url": "https://pokeapi.co/api/v2/language/7/"
      },
      "version_group": {
        "name": "lets-go-pikachu-lets-go-eevee",
        "url": "https://pokeapi.co/api/v2/version-group/19/"
      }
    },
    {
      "flavor_text": "Chi la usa attacca abbassando la guardia.\nLa propria Difesa e la Difesa Speciale si riducono.",
      "language": {
        "name": "it",
        "url": "https://pokeapi.co/api/v2/language/8/"
      },
      "version_group": {
        "name": "lets-go-pikachu-lets-go-eevee",
        "url": "https://pokeapi.co/api/v2/version-group/19/"
      }
    },
    {
      "flavor_text": "The user fights the target up close without guarding\nitself. This also lowers the user\u2019s Defense and\nSp. Def stats.",
      "language": {
        "name": "en",
        "url": "https://pokeapi.co/api/v2/language/9/"
      },
      "version_group": {
        "name": "lets-go-pikachu-lets-go-eevee",
        "url": "https://pokeapi.co/api/v2/version-group/19/"
      }
    },
    {
      "flavor_text": "\u5b88\u308a\u3092\u3000\u6368\u3066\u3066\u3000\u76f8\u624b\u306e\u3000\u3075\u3068\u3053\u308d\u306b\n\u7a81\u6483\u3059\u308b\u3002\u3000\u81ea\u5206\u306e\n\u9632\u5fa1\u3068\u3000\u7279\u9632\u304c\u3000\u3055\u304c\u308b\u3002",
      "language": {
        "name": "ja",
        "url": "https://pokeapi.co/api/v2/language/11/"
      },
      "version_group": {
        "name": "lets-go-pikachu-lets-go-eevee",
        "url": "https://pokeapi.co/api/v2/version-group/19/"
      }
    },
    {
      "flavor_text": "\u653e\u5f03\u5b88\u62a4\uff0c\n\u5411\u5bf9\u624b\u7684\u6000\u91cc\u7a81\u51fb\u3002\n\u81ea\u5df1\u7684\u9632\u5fa1\u548c\u7279\u9632\u4f1a\u964d\u4f4e\u3002",
      "language": {
        "name": "zh-Hans",
        "url": "https://pokeapi.co/api/v2/language/12/"
      },
      "version_group": {
        "name": "lets-go-pikachu-lets-go-eevee",
        "url": "https://pokeapi.co/api/v2/version-group/19/"
      }
    },
    {
      "flavor_text": "\u307e\u3082\u308a\u3092\u3000\u3059\u3066\u3066\u3000\u3042\u3044\u3066\u306e\u3000\u3075\u3068\u3053\u308d\u306b\n\u3068\u3064\u3052\u304d\u3059\u308b\u3002\u3000\u3058\u3076\u3093\u306e\n\u307c\u3046\u304e\u3087\u3068\u3000\u3068\u304f\u307c\u3046\u304c\u3000\u3055\u304c\u308b\u3002",
      "language": {
        "name": "ja-Hrkt",
        "url": "https://pokeapi.co/api/v2/language/1/"
      },
      "version_group": {
        "name": "sword-shield",
        "url": "https://pokeapi.co/api/v2/version-group/20/"
      }
    },
    {
      "flavor_text": "\ubc29\uc5b4\ub97c \ud3ec\uae30\ud558\uace0 \uc0c1\ub300 \ucabd\uc73c\ub85c\n\uae4a\uc219\uc774 \ub3cc\uaca9\ud55c\ub2e4. \uc790\uc2e0\uc758\n\ubc29\uc5b4\uc640 \ud2b9\uc218\ubc29\uc5b4\uac00 \ub5a8\uc5b4\uc9c4\ub2e4.",
      "language": {
        "name": "ko",
        "url": "https://pokeapi.co/api/v2/language/3/"
      },
      "version_group": {
        "name": "sword-shield",
        "url": "https://pokeapi.co/api/v2/version-group/20/"
      }
    },
    {
      "flavor_text": "\u53cd\u5b88\u70ba\u653b\uff0c\u8fd1\u8eab\u7a81\u64ca\u5c0d\u624b\u3002\n\u81ea\u5df1\u7684\u9632\u79a6\u548c\u7279\u9632\u6703\u964d\u4f4e\u3002",
      "language": {
        "name": "zh-Hant",
        "url": "https://pokeapi.co/api/v2/language/4/"
      },
      "version_group": {
        "name": "sword-shield",
        "url": "https://pokeapi.co/api/v2/version-group/20/"
      }
    },
    {
      "flavor_text": "Le lanceur combat au corps \u00e0 corps sans se prot\u00e9ger.\nBaisse aussi sa D\u00e9fense et sa D\u00e9fense Sp\u00e9ciale.",
      "language": {
        "name": "fr",
        "url": "https://pokeapi.co/api/v2/language/5/"
      },
      "version_group": {
        "name": "sword-shield",
        "url": "https://pokeapi.co/api/v2/version-group/20/"
      }
    },
    {
      "flavor_text": "Nahkampf-Attacke ohne R\u00fccksicht auf Verluste. Senkt\nVerteidigung und Spezial-Verteidigung des Anwenders.",
      "language": {
        "name": "de",
        "url": "https://pokeapi.co/api/v2/language/6/"
      },
      "version_group": {
        "name": "sword-shield",
        "url": "https://pokeapi.co/api/v2/version-group/20/"
      }
    },
    {
      "flavor_text": "Lucha abiertamente contra el objetivo sin protegerse.\nTambi\u00e9n reduce la Defensa y la Defensa Especial del\nusuario.",
      "language": {
        "name": "es",
        "url": "https://pokeapi.co/api/v2/language/7/"
      },
      "version_group": {
        "name": "sword-shield",
        "url": "https://pokeapi.co/api/v2/version-group/20/"
      }
    },
    {
      "flavor_text": "Chi la usa attacca abbassando la guardia.\nLa propria Difesa e la Difesa Speciale si riducono.",
      "language": {
        "name": "it",
        "url": "https://pokeapi.co/api/v2/language/8/"
      },
      "version_group": {
        "name": "sword-shield",
        "url": "https://pokeapi.co/api/v2/version-group/20/"
      }
    },
    {
      "flavor_text": "The user fights the target up close without guarding\nitself. This also lowers the user\u2019s Defense and\nSp. Def stats.",
      "language": {
        "name": "en",
        "url": "https://pokeapi.co/api/v2/language/9/"
      },
      "version_group": {
        "name": "sword-shield",
        "url": "https://pokeapi.co/api/v2/version-group/20/"
      }
    },
    {
      "flavor_text": "\u5b88\u308a\u3092\u3000\u6368\u3066\u3066\u3000\u76f8\u624b\u306e\u3000\u3075\u3068\u3053\u308d\u306b\n\u7a81\u6483\u3059\u308b\u3002\u3000\u81ea\u5206\u306e\n\u9632\u5fa1\u3068\u3000\u7279\u9632\u304c\u3000\u3055\u304c\u308b\u3002",
      "language": {
        "name": "ja",
        "url": "https://pokeapi.co/api/v2/language/11/"
      },
      "version_group": {
        "name": "sword-shield",
        "url": "https://pokeapi.co/api/v2/version-group/20/"
      }
    },
    {
      "flavor_text": "\u653e\u5f03\u5b88\u62a4\uff0c\n\u5411\u5bf9\u624b\u7684\u6000\u91cc\u7a81\u51fb\u3002\n\u81ea\u5df1\u7684\u9632\u5fa1\u548c\u7279\u9632\u4f1a\u964d\u4f4e\u3002",
      "language": {
        "name": "zh-Hans",
        "url": "https://pokeapi.co/api/v2/language/12/"
      },
      "version_group": {
        "name": "sword-shield",
        "url": "https://pokeapi.co/api/v2/version-group/20/"
      }
    },
    {
      "flavor_text": "The user fights the target up close, inflicting damage without guarding itself. This also lowers the user's defensive stats.",
      "language": {
        "name": "en",
        "url": "https://pokeapi.co/api/v2/language/9/"
      },
      "version_group": {
        "name": "legends-arceus",
        "url": "https://pokeapi.co/api/v2/version-group/24/"
      }
    },
    {
      "flavor_text": "The user fights the target up close, inflicting damage without guarding itself. This also lowers the user's Defense and Sp. Def stats.",
      "language": {
        "name": "en",
        "url": "https://pokeapi.co/api/v2/language/9/"
      },
      "version_group": {
        "name": "scarlet-violet",
        "url": "https://pokeapi.co/api/v2/version-group/25/"
      }
    }
  ],
  "generation": {
    "name": "generation-iv",
    "url": "https://pokeapi.co/api/v2/generation/4/"
  },
  "id": 370,
  "learned_by_pokemon": [
    {
      "name": "mankey",
      "url": "https://pokeapi.co/api/v2/pokemon/56/"
    },
    {
      "name": "primeape",
      "url": "https://pokeapi.co/api/v2/pokemon/57/"
    },
    {
      "name": "growlithe",
      "url": "https://pokeapi.co/api/v2/pokemon/58/"
    },
    {
      "name": "arcanine",
      "url": "https://pokeapi.co/api/v2/pokemon/59/"
    },
    {
      "name": "poliwrath",
      "url": "https://pokeapi.co/api/v2/pokemon/62/"
    },
    {
      "name": "machop",
      "url": "https://pokeapi.co/api/v2/pokemon/66/"
    },
    {
      "name": "machoke",
      "url": "https://pokeapi.co/api/v2/pokemon/67/"
    },
    {
      "name": "machamp",
      "url": "https://pokeapi.co/api/v2/pokemon/68/"
    },
    {
      "name": "farfetchd",
      "url": "https://pokeapi.co/api/v2/pokemon/83/"
    },
    {
      "name": "hitmonlee",
      "url": "https://pokeapi.co/api/v2/pokemon/106/"
    },
    {
      "name": "hitmonchan",
      "url": "https://pokeapi.co/api/v2/pokemon/107/"
    },
    {
      "name": "scyther",
      "url": "https://pokeapi.co/api/v2/pokemon/123/"
    },
    {
      "name": "pinsir",
      "url": "https://pokeapi.co/api/v2/pokemon/127/"
    },
    {
      "name": "tauros",
      "url": "https://pokeapi.co/api/v2/pokemon/128/"
    },
    {
      "name": "mew",
      "url": "https://pokeapi.co/api/v2/pokemon/151/"
    },
    {
      "name": "snubbull",
      "url": "https://pokeapi.co/api/v2/pokemon/209/"
    },
    {
      "name": "granbull",
      "url": "https://pokeapi.co/api/v2/pokemon/210/"
    },
    {
      "name": "scizor",
      "url": "https://pokeapi.co/api/v2/pokemon/212/"
    },
    {
      "name": "heracross",
      "url": "https://pokeapi.co/api/v2/pokemon/214/"
    },
    {
      "name": "teddiursa",
      "url": "https://pokeapi.co/api/v2/pokemon/216/"
    },
    {
      "name": "ursaring",
      "url": "https://pokeapi.co/api/v2/pokemon/217/"
    },
    {
      "name": "hitmontop",
      "url": "https://pokeapi.co/api/v2/pokemon/237/"
    },
    {
      "name": "combusken",
      "url": "https://pokeapi.co/api/v2/pokemon/256/"
    },
    {
      "name": "blaziken",
      "url": "https://pokeapi.co/api/v2/pokemon/257/"
    },
    {
      "name": "breloom",
      "url": "https://pokeapi.co/api/v2/pokemon/286/"
    },
    {
      "name": "makuhita",
      "url": "https://pokeapi.co/api/v2/pokemon/296/"
    },
    {
      "name": "hariyama",
      "url": "https://pokeapi.co/api/v2/pokemon/297/"
    },
    {
      "name": "meditite",
      "url": "https://pokeapi.co/api/v2/pokemon/307/"
    },
    {
      "name": "medicham",
      "url": "https://pokeapi.co/api/v2/pokemon/308/"
    },
    {
      "name": "sharpedo",
      "url": "https://pokeapi.co/api/v2/pokemon/319/"
    },
    {
      "name": "zangoose",
      "url": "https://pokeapi.co/api/v2/pokemon/335/"
    },
    {
      "name": "crawdaunt",
      "url": "https://pokeapi.co/api/v2/pokemon/342/"
    },
    {
      "name": "absol",
      "url": "https://pokeapi.co/api/v2/pokemon/359/"
    },
    {
      "name": "monferno",
      "url": "https://pokeapi.co/api/v2/pokemon/391/"
    },
    {
      "name": "infernape",
      "url": "https://pokeapi.co/api/v2/pokemon/392/"
    },
    {
      "name": "staraptor",
      "url": "https://pokeapi.co/api/v2/pokemon/398/"
    },
    {
      "name": "lopunny",
      "url": "https://pokeapi.co/api/v2/pokemon/428/"
    },
    {
      "name": "riolu",
      "url": "https://pokeapi.co/api/v2/pokemon/447/"
    },
    {
      "name": "lucario",
      "url": "https://pokeapi.co/api/v2/pokemon/448/"
    },
    {
      "name": "croagunk",
      "url": "https://pokeapi.co/api/v2/pokemon/453/"
    },
    {
      "name": "toxicroak",
      "url": "https://pokeapi.co/api/v2/pokemon/454/"
    },
    {
      "name": "gallade",
      "url": "https://pokeapi.co/api/v2/pokemon/475/"
    },
    {
      "name": "pignite",
      "url": "https://pokeapi.co/api/v2/pokemon/499/"
    },
    {
      "name": "emboar",
      "url": "https://pokeapi.co/api/v2/pokemon/500/"
    },
    {
      "name": "timburr",
      "url": "https://pokeapi.co/api/v2/pokemon/532/"
    },
    {
      "name": "gurdurr",
      "url": "https://pokeapi.co/api/v2/pokemon/533/"
    },
    {
      "name": "conkeldurr",
      "url": "https://pokeapi.co/api/v2/pokemon/534/"
    },
    {
      "name": "sawk",
      "url": "https://pokeapi.co/api/v2/pokemon/539/"
    },
    {
      "name": "krookodile",
      "url": "https://pokeapi.co/api/v2/pokemon/553/"
    },
    {
      "name": "scraggy",
      "url": "https://pokeapi.co/api/v2/pokemon/559/"
    },
    {
      "name": "scrafty",
      "url": "https://pokeapi.co/api/v2/pokemon/560/"
    },
    {
      "name": "escavalier",
      "url": "https://pokeapi.co/api/v2/pokemon/589/"
    },
    {
      "name": "eelektross",
      "url": "https://pokeapi.co/api/v2/pokemon/604/"
    },
    {
      "name": "haxorus",
      "url": "https://pokeapi.co/api/v2/pokemon/612/"
    },
    {
      "name": "beartic",
      "url": "https://pokeapi.co/api/v2/pokemon/614/"
    },
    {
      "name": "mienfoo",
      "url": "https://pokeapi.co/api/v2/pokemon/619/"
    },
    {
      "name": "mienshao",
      "url": "https://pokeapi.co/api/v2/pokemon/620/"
    },
    {
      "name": "golurk",
      "url": "https://pokeapi.co/api/v2/pokemon/623/"
    },
    {
      "name": "bouffalant",
      "url": "https://pokeapi.co/api/v2/pokemon/626/"
    },
    {
      "name": "rufflet",
      "url": "https://pokeapi.co/api/v2/pokemon/627/"
    },
    {
      "name": "braviary",
      "url": "https://pokeapi.co/api/v2/pokemon/628/"
    },
    {
      "name": "cobalion",
      "url": "https://pokeapi.co/api/v2/pokemon/638/"
    },
    {
      "name": "terrakion",
      "url": "https://pokeapi.co/api/v2/pokemon/639/"
    },
    {
      "name": "virizion",
      "url": "https://pokeapi.co/api/v2/pokemon/640/"
    },
    {
      "name": "keldeo-ordinary",
      "url": "https://pokeapi.co/api/v2/pokemon/647/"
    },
    {
      "name": "meloetta-aria",
      "url": "https://pokeapi.co/api/v2/pokemon/648/"
    },
    {
      "name": "chesnaught",
      "url": "https://pokeapi.co/api/v2/pokemon/652/"
    },
    {
      "name": "pangoro",
      "url": "https://pokeapi.co/api/v2/pokemon/675/"
    },
    {
      "name": "honedge",
      "url": "https://pokeapi.co/api/v2/pokemon/679/"
    },
    {
      "name": "doublade",
      "url": "https://pokeapi.co/api/v2/pokemon/680/"
    },
    {
      "name": "aegislash-shield",
      "url": "https://pokeapi.co/api/v2/pokemon/681/"
    },
    {
      "name": "tyrunt",
      "url": "https://pokeapi.co/api/v2/pokemon/696/"
    },
    {
      "name": "tyrantrum",
      "url": "https://pokeapi.co/api/v2/pokemon/697/"
    },
    {
      "name": "hawlucha",
      "url": "https://pokeapi.co/api/v2/pokemon/701/"
    },
    {
      "name": "xerneas",
      "url": "https://pokeapi.co/api/v2/pokemon/716/"
    },
    {
      "name": "decidueye",
      "url": "https://pokeapi.co/api/v2/pokemon/724/"
    },
    {
      "name": "incineroar",
      "url": "https://pokeapi.co/api/v2/pokemon/727/"
    },
    {
      "name": "crabrawler",
      "url": "https://pokeapi.co/api/v2/pokemon/739/"
    },
    {
      "name": "crabominable",
      "url": "https://pokeapi.co/api/v2/pokemon/740/"
    },
    {
      "name": "lycanroc-midday",
      "url": "https://pokeapi.co/api/v2/pokemon/745/"
    },
    {
      "name": "mudbray",
      "url": "https://pokeapi.co/api/v2/pokemon/749/"
    },
    {
      "name": "mudsdale",
      "url": "https://pokeapi.co/api/v2/pokemon/750/"
    },
    {
      "name": "bewear",
      "url": "https://pokeapi.co/api/v2/pokemon/760/"
    },
    {
      "name": "passimian",
      "url": "https://pokeapi.co/api/v2/pokemon/766/"
    },
    {
      "name": "golisopod",
      "url": "https://pokeapi.co/api/v2/pokemon/768/"
    },
    {
      "name": "hakamo-o",
      "url": "https://pokeapi.co/api/v2/pokemon/783/"
    },
    {
      "name": "kommo-o",
      "url": "https://pokeapi.co/api/v2/pokemon/784/"
    },
    {
      "name": "tapu-bulu",
      "url": "https://pokeapi.co/api/v2/pokemon/787/"
    },
    {
      "name": "solgaleo",
      "url": "https://pokeapi.co/api/v2/pokemon/791/"
    },
    {
      "name": "buzzwole",
      "url": "https://pokeapi.co/api/v2/pokemon/794/"
    },
    {
      "name": "pheromosa",
      "url": "https://pokeapi.co/api/v2/pokemon/795/"
    },
    {
      "name": "marshadow",
      "url": "https://pokeapi.co/api/v2/pokemon/802/"
    },
    {
      "name": "zeraora",
      "url": "https://pokeapi.co/api/v2/pokemon/807/"
    },
    {
      "name": "arrokuda",
      "url": "https://pokeapi.co/api/v2/pokemon/846/"
    },
    {
      "name": "barraskewda",
      "url": "https://pokeapi.co/api/v2/pokemon/847/"
    },
    {
      "name": "clobbopus",
      "url": "https://pokeapi.co/api/v2/pokemon/852/"
    },
    {
      "name": "grapploct",
      "url": "https://pokeapi.co/api/v2/pokemon/853/"
    },
    {
      "name": "obstagoon",
      "url": "https://pokeapi.co/api/v2/pokemon/862/"
    },
    {
      "name": "perrserker",
      "url": "https://pokeapi.co/api/v2/pokemon/863/"
    },
    {
      "name": "sirfetchd",
      "url": "https://pokeapi.co/api/v2/pokemon/865/"
    },
    {
      "name": "falinks",
      "url": "https://pokeapi.co/api/v2/pokemon/870/"
    },
    {
      "name": "zacian",
      "url": "https://pokeapi.co/api/v2/pokemon/888/"
    },
    {
      "name": "zamazenta",
      "url": "https://pokeapi.co/api/v2/pokemon/889/"
    },
    {
      "name": "kubfu",
      "url": "https://pokeapi.co/api/v2/pokemon/891/"
    },
    {
      "name": "urshifu-single-strike",
      "url": "https://pokeapi.co/api/v2/pokemon/892/"
    },
    {
      "name": "zarude",
      "url": "https://pokeapi.co/api/v2/pokemon/893/"
    },
    {
      "name": "glastrier",
      "url": "https://pokeapi.co/api/v2/pokemon/896/"
    },
    {
      "name": "kleavor",
      "url": "https://pokeapi.co/api/v2/pokemon/900/"
    },
    {
      "name": "ursaluna",
      "url": "https://pokeapi.co/api/v2/pokemon/901/"
    },
    {
      "name": "sneasler",
      "url": "https://pokeapi.co/api/v2/pokemon/903/"
    },
    {
      "name": "quaquaval",
      "url": "https://pokeapi.co/api/v2/pokemon/914/"
    },
    {
      "name": "pawmot",
      "url": "https://pokeapi.co/api/v2/pokemon/923/"
    },
    {
      "name": "ceruledge",
      "url": "https://pokeapi.co/api/v2/pokemon/937/"
    },
    {
      "name": "palafin-zero",
      "url": "https://pokeapi.co/api/v2/pokemon/964/"
    },
    {
      "name": "flamigo",
      "url": "https://pokeapi.co/api/v2/pokemon/973/"
    },
    {
      "name": "annihilape",
      "url": "https://pokeapi.co/api/v2/pokemon/979/"
    },
    {
      "name": "great-tusk",
      "url": "https://pokeapi.co/api/v2/pokemon/984/"
    },
    {
      "name": "brute-bonnet",
      "url": "https://pokeapi.co/api/v2/pokemon/986/"
    },
    {
      "name": "slither-wing",
      "url": "https://pokeapi.co/api/v2/pokemon/988/"
    },
    {
      "name": "iron-hands",
      "url": "https://pokeapi.co/api/v2/pokemon/992/"
    },
    {
      "name": "iron-valiant",
      "url": "https://pokeapi.co/api/v2/pokemon/1006/"
    },
    {
      "name": "koraidon",
      "url": "https://pokeapi.co/api/v2/pokemon/1007/"
    },
    {
      "name": "iron-leaves",
      "url": "https://pokeapi.co/api/v2/pokemon/1010/"
    },
    {
      "name": "okidogi",
      "url": "https://pokeapi.co/api/v2/pokemon/1014/"
    },
    {
      "name": "iron-boulder",
      "url": "https://pokeapi.co/api/v2/pokemon/1022/"
    },
    {
      "name": "meloetta-pirouette",
      "url": "https://pokeapi.co/api/v2/pokemon/10018/"
    },
    {
      "name": "keldeo-resolute",
      "url": "https://pokeapi.co/api/v2/pokemon/10024/"
    },
    {
      "name": "aegislash-blade",
      "url": "https://pokeapi.co/api/v2/pokemon/10026/"
    },
    {
      "name": "pinsir-mega",
      "url": "https://pokeapi.co/api/v2/pokemon/10040/"
    },
    {
      "name": "heracross-mega",
      "url": "https://pokeapi.co/api/v2/pokemon/10047/"
    },
    {
      "name": "lucario-mega",
      "url": "https://pokeapi.co/api/v2/pokemon/10059/"
    },
    {
      "name": "gallade-mega",
      "url": "https://pokeapi.co/api/v2/pokemon/10068/"
    },
    {
      "name": "lycanroc-midnight",
      "url": "https://pokeapi.co/api/v2/pokemon/10126/"
    },
    {
      "name": "kommo-o-totem",
      "url": "https://pokeapi.co/api/v2/pokemon/10146/"
    },
    {
      "name": "lycanroc-dusk",
      "url": "https://pokeapi.co/api/v2/pokemon/10152/"
    },
    {
      "name": "farfetchd-galar",
      "url": "https://pokeapi.co/api/v2/pokemon/10166/"
    },
    {
      "name": "zapdos-galar",
      "url": "https://pokeapi.co/api/v2/pokemon/10170/"
    },
    {
      "name": "zacian-crowned",
      "url": "https://pokeapi.co/api/v2/pokemon/10188/"
    },
    {
      "name": "zamazenta-crowned",
      "url": "https://pokeapi.co/api/v2/pokemon/10189/"
    },
    {
      "name": "urshifu-rapid-strike",
      "url": "https://pokeapi.co/api/v2/pokemon/10191/"
    },
    {
      "name": "zarude-dada",
      "url": "https://pokeapi.co/api/v2/pokemon/10192/"
    },
    {
      "name": "calyrex-ice",
      "url": "https://pokeapi.co/api/v2/pokemon/10193/"
    },
    {
      "name": "growlithe-hisui",
      "url": "https://pokeapi.co/api/v2/pokemon/10229/"
    },
    {
      "name": "arcanine-hisui",
      "url": "https://pokeapi.co/api/v2/pokemon/10230/"
    },
    {
      "name": "sneasel-hisui",
      "url": "https://pokeapi.co/api/v2/pokemon/10235/"
    },
    {
      "name": "lilligant-hisui",
      "url": "https://pokeapi.co/api/v2/pokemon/10237/"
    },
    {
      "name": "braviary-hisui",
      "url": "https://pokeapi.co/api/v2/pokemon/10240/"
    },
    {
      "name": "decidueye-hisui",
      "url": "https://pokeapi.co/api/v2/pokemon/10244/"
    },
    {
      "name": "tauros-paldea-combat-breed",
      "url": "https://pokeapi.co/api/v2/pokemon/10250/"
    },
    {
      "name": "tauros-paldea-blaze-breed",
      "url": "https://pokeapi.co/api/v2/pokemon/10251/"
    },
    {
      "name": "tauros-paldea-aqua-breed",
      "url": "https://pokeapi.co/api/v2/pokemon/10252/"
    },
    {
      "name": "palafin-hero",
      "url": "https://pokeapi.co/api/v2/pokemon/10256/"
    },
    {
      "name": "koraidon-limited-build",
      "url": "https://pokeapi.co/api/v2/pokemon/10264/"
    },
    {
      "name": "koraidon-sprinting-build",
      "url": "https://pokeapi.co/api/v2/pokemon/10265/"
    },
    {
      "name": "koraidon-swimming-build",
      "url": "https://pokeapi.co/api/v2/pokemon/10266/"
    },
    {
      "name": "koraidon-gliding-build",
      "url": "https://pokeapi.co/api/v2/pokemon/10267/"
    },
    {
      "name": "ursaluna-bloodmoon",
      "url": "https://pokeapi.co/api/v2/pokemon/10272/"
    }
  ],
  "machines": [
    {
      "machine": {
        "url": "https://pokeapi.co/api/v2/machine/1642/"
      },
      "version_group": {
        "name": "sword-shield",
        "url": "https://pokeapi.co/api/v2/version-group/20/"
      }
    },
    {
      "machine": {
        "url": "https://pokeapi.co/api/v2/machine/1872/"
      },
      "version_group": {
        "name": "scarlet-violet",
        "url": "https://pokeapi.co/api/v2/version-group/25/"
      }
    }
  ],
  "meta": {
    "ailment": {
      "name": "none",
      "url": "https://pokeapi.co/api/v2/move-ailment/0/"
    },
    "ailment_chance": 0,
    "category": {
      "name": "damage+raise",
      "url": "https://pokeapi.co/api/v2/move-category/7/"
    },
    "crit_rate": 0,
    "drain": 0,
    "flinch_chance": 0,
    "healing": 0,
    "max_hits": null,
    "max_turns": null,
    "min_hits": null,
    "min_turns": null,
    "stat_chance": 100
  },
  "name": "close-combat",
  "names": [
    {
      "language": {
        "name": "ja-Hrkt",
        "url": "https://pokeapi.co/api/v2/language/1/"
      },
      "name": "\u30a4\u30f3\u30d5\u30a1\u30a4\u30c8"
    },
    {
      "language": {
        "name": "ko",
        "url": "https://pokeapi.co/api/v2/language/3/"
      },
      "name": "\uc778\ud30c\uc774\ud2b8"
    },
    {
      "language": {
        "name": "zh-Hant",
        "url": "https://pokeapi.co/api/v2/language/4/"
      },
      "name": "\u8fd1\u8eab\u6230"
    },
    {
      "language": {
        "name": "fr",
        "url": "https://pokeapi.co/api/v2/language/5/"
      },
      "name": "Close Combat"
    },
    {
      "language": {
        "name": "de",
        "url": "https://pokeapi.co/api/v2/language/6/"
      },
      "name": "Nahkampf"
    },
    {
      "language": {
        "name": "es",
        "url": "https://pokeapi.co/api/v2/language/7/"
      },
      "name": "A Bocajarro"
    },
    {
      "language": {
        "name": "it",
        "url": "https://pokeapi.co/api/v2/language/8/"
      },
      "name": "Zuffa"
    },
    {
      "language": {
        "name": "en",
        "url": "https://pokeapi.co/api/v2/language/9/"
      },
      "name": "Close Combat"
    },
    {
      "language": {
        "name": "ja",
        "url": "https://pokeapi.co/api/v2/language/11/"
      },
      "name": "\u30a4\u30f3\u30d5\u30a1\u30a4\u30c8"
    },
    {
      "language": {
        "name": "zh-Hans",
        "url": "https://pokeapi.co/api/v2/language/12/"
      },
      "name": "\u8fd1\u8eab\u6218"
    }
  ],
  "past_values": [],
  "power": 120,
  "pp": 5,
  "priority": 0,
  "stat_changes": [
    {
      "change": -1,
      "stat": {
        "name": "defense",
        "url": "https://pokeapi.co/api/v2/stat/3/"
      }
    },
    {
      "change": -1,
      "stat": {
        "name": "special-defense",
        "url": "https://pokeapi.co/api/v2/stat/5/"
      }
    }
  ],
  "super_contest_effect": {
    "url": "https://pokeapi.co/api/v2/super-contest-effect/22/"
  },
  "target": {
    "name": "selected-pokemon",
    "url": "https://pokeapi.co/api/v2/move-target/10/"
  },
  "type": {
    "name": "fighting",
    "url": "https://pokeapi.co/api/v2/type/2/"
  }
}