{
  "accuracy": 100,
  "contest_combos": null,
  "contest_effect": null,
  "contest_type": {
    "name": "cool",
    "url": "https://pokeapi.co/api/v2/contest-type/1/"
  },
  "damage_class": {
    "name": "physical",
    "url": "https://pokeapi.co/api/v2/move-damage-class/2/"
  },
  "effect_chance": null,
  "effect_changes": [],
  "effect_entries": [
    {
      "effect": "Inflicts regular damage.  If the target uses a move or switches out this turn before this move is used, this move has double power.",
      "language": {
        "name": "en",
        "url": "https://pokeapi.co/api/v2/language/9/"
      },
      "short_effect": "Power is doubled if the target has already moved this turn."
    }
  ],
  "flavor_text_entries": [
    {
      "flavor_text": "If the user can use\nthis attack after the\nfoe attacks, its\npower is doubled.\n",
      "language": {
        "name": "en",
        "url": "https://pokeapi.co/api/v2/language/9/"
      },
      "version_group": {
        "name": "diamond-pearl",
        "url": "https://pokeapi.co/api/v2/version-group/8/"
      }
    },
    {
      "flavor_text": "If the user can use\nthis attack after the\nfoe attacks, its\npower is doubled.\n",
      "language": {
        "name": "en",
        "url": "https://pokeapi.co/api/v2/language/9/"
      },
      "version_group": {
        "name": "platinum",
        "url": "https://pokeapi.co/api/v2/version-group/9/"
      }
    },
    {
      "flavor_text": "If the user can use\nthis attack after the\nfoe attacks, its\npower is doubled.\n",
      "language": {
        "name": "en",
        "url": "https://pokeapi.co/api/v2/language/9/"
      },
      "version_group": {
        "name": "heartgold-soulsilver",
        "url": "https://pokeapi.co/api/v2/version-group/10/"
      }
    },
    {
      "flavor_text": "Le lanceur charge son \u00e9nergie, puis\nattaque. La puissance est doubl\u00e9e\nsi le lanceur agit apr\u00e8s l\u2019ennemi.",
      "language": {
        "name": "fr",
        "url": "https://pokeapi.co/api/v2/language/5/"
      },
      "version_group": {
        "name": "black-white",
        "url": "https://pokeapi.co/api/v2/version-group/11/"
      }
    },
    {
      "flavor_text": "If the user moves after the target,\nthis attack\u2019s power will be doubled.",
      "language": {
        "name": "en",
        "url": "https://pokeapi.co/api/v2/language/9/"
      },
      "version_group": {
        "name": "black-white",
        "url": "https://pokeapi.co/api/v2/version-group/11/"
      }
    },
    {
      "flavor_text": "If the user moves after the target,\nthis attack\u2019s power will be doubled.",
      "language": {
        "name": "en",
        "url": "https://pokeapi.co/api/v2/language/9/"
      },
      "version_group": {
        "name": "black-2-white-2",
        "url": "https://pokeapi.co/api/v2/version-group/14/"
      }
    },
    {
      "flavor_text": "\u305f\u3081\u3053\u3093\u3067\u3000\u3053\u3046\u3052\u304d\u3059\u308b\u3002\n\u3042\u3044\u3066\u3088\u308a\u3000\u3042\u3068\u306b\u3000\u3053\u3046\u3052\u304d\u3000\u3067\u304d\u308b\u3068\n\u308f\u3056\u306e\u3000\u3044\u308a\u3087\u304f\u306f\u3000\uff12\u3070\u3044\u306b\u3000\u306a\u308b\u3002",
      "language": {
        "name": "ja-Hrkt",
        "url": "https://pokeapi.co/api/v2/language/1/"
      },
      "version_group": {
        "name": "x-y",
        "url": "https://pokeapi.co/api/v2/version-group/15/"
      }
    },
    {
      "flavor_text": "\ubaa8\uc544\uc11c \uacf5\uaca9\ud55c\ub2e4.\n\uc0c1\ub300\ubcf4\ub2e4 \ub4a4\uc5d0 \uacf5\uaca9\ud560 \uc218 \uc788\uc73c\uba74\n\uae30\uc220\uc758 \uc704\ub825\uc740 2\ubc30\uac00 \ub41c\ub2e4.",
      "language": {
        "name": "ko",
        "url": "https://pokeapi.co/api/v2/language/3/"
      },
      "version_group": {
        "name": "x-y",
        "url": "https://pokeapi.co/api/v2/version-group/15/"
      }
    },
    {
      "flavor_text": "Le lanceur charge son \u00e9nergie, puis attaque.\nLa puissance est doubl\u00e9e si le lanceur agit apr\u00e8s\nl\u2019ennemi.",
      "language": {
        "name": "fr",
        "url": "https://pokeapi.co/api/v2/language/5/"
      },
      "version_group": {
        "name": "x-y",
        "url": "https://pokeapi.co/api/v2/version-group/15/"
      }
    },
    {
      "flavor_text": "Der Anwender l\u00e4dt die Attacke auf.\nHandelt das Ziel vor dem Anwender,\nverdoppelt sich die Kraft der Attacke.",
      "language": {
        "name": "de",
        "url": "https://pokeapi.co/api/v2/language/6/"
      },
      "version_group": {
        "name": "x-y",
        "url": "https://pokeapi.co/api/v2/version-group/15/"
      }
    },
    {
      "flavor_text": "El usuario contraataca con el doble de fuerza si el\nobjetivo usa un movimiento antes.",
      "language": {
        "name": "es",
        "url": "https://pokeapi.co/api/v2/language/7/"
      },
      "version_group": {
        "name": "x-y",
        "url": "https://pokeapi.co/api/v2/version-group/15/"
      }
    },
    {
      "flavor_text": "Chi la usa accumula forza, poi attacca. La potenza\nraddoppia se agisce dopo il Pok\u00e9mon colpito.",
      "language": {
        "name": "it",
        "url": "https://pokeapi.co/api/v2/language/8/"
      },
      "version_group": {
        "name": "x-y",
        "url": "https://pokeapi.co/api/v2/version-group/15/"
      }
    },
    {
      "flavor_text": "The user stores power, then attacks.\nIf the user moves after the target,\nthis attack\u2019s power will be doubled.",
      "language": {
        "name": "en",
        "url": "https://pokeapi.co/api/v2/language/9/"
      },
      "version_group": {
        "name": "x-y",
        "url": "https://pokeapi.co/api/v2/version-group/15/"
      }
    },
    {
      "flavor_text": "\u305f\u3081\u3053\u3093\u3067\u3000\u653b\u6483\u3059\u308b\u3002\n\u76f8\u624b\u3088\u308a\u3000\u3042\u3068\u306b\u3000\u653b\u6483\u3067\u304d\u308b\u3068\n\u6280\u306e\u3000\u5a01\u529b\u306f\u3000\uff12\u500d\u306b\u3000\u306a\u308b\u3002",
      "language": {
        "name": "ja",
        "url": "https://pokeapi.co/api/v2/language/11/"
      },
      "version_group": {
        "name": "x-y",
        "url": "https://pokeapi.co/api/v2/version-group/15/"
      }
    },
    {
      "flavor_text": "\u305f\u3081\u3053\u3093\u3067\u3000\u3053\u3046\u3052\u304d\u3059\u308b\u3002\n\u3042\u3044\u3066\u3088\u308a\u3000\u3042\u3068\u306b\u3000\u3053\u3046\u3052\u304d\u3000\u3067\u304d\u308b\u3068\n\u308f\u3056\u306e\u3000\u3044\u308a\u3087\u304f\u306f\u3000\uff12\u3070\u3044\u306b\u3000\u306a\u308b\u3002",
      "language": {
        "name": "ja-Hrkt",
        "url": "https://pokeapi.co/api/v2/language/1/"
      },
      "version_group": {
        "name": "omega-ruby-alpha-sapphire",
        "url": "https://pokeapi.co/api/v2/version-group/16/"
      }
    },
    {
      "flavor_text": "\ubaa8\uc544\uc11c \uacf5\uaca9\ud55c\ub2e4.\n\uc0c1\ub300\ubcf4\ub2e4 \ub4a4\uc5d0 \uacf5\uaca9\ud560 \uc218 \uc788\uc73c\uba74\n\uae30\uc220\uc758 \uc704\ub825\uc740 2\ubc30\uac00 \ub41c\ub2e4.",
      "language": {
        "name": "ko",
        "url": "https://pokeapi.co/api/v2/language/3/"
      },
      "version_group": {
        "name": "omega-ruby-alpha-sapphire",
        "url": "https://pokeapi.co/api/v2/version-group/16/"
      }
    },
    {
      "flavor_text": "Le lanceur charge son \u00e9nergie, puis attaque.\nLa puissance est doubl\u00e9e si le lanceur agit apr\u00e8s\nl\u2019ennemi.",
      "language": {
        "name": "fr",
        "url": "https://pokeapi.co/api/v2/language/5/"
      },
      "version_group": {
        "name": "omega-ruby-alpha-sapphire",
        "url": "https://pokeapi.co/api/v2/version-group/16/"
      }
    },
    {
      "flavor_text": "Der Anwender l\u00e4dt die Attacke auf.\nHandelt das Ziel vor dem Anwender,\nverdoppelt sich die Kraft der Attacke.",
      "language": {
        "name": "de",
        "url": "https://pokeapi.co/api/v2/language/6/"
      },
      "version_group": {
        "name": "omega-ruby-alpha-sapphire",
        "url": "https://pokeapi.co/api/v2/version-group/16/"
      }
    },
    {
      "flavor_text": "El usuario contraataca con el doble de fuerza si el \nobjetivo usa un movimiento antes.",
      "language": {
        "name": "es",
        "url": "https://pokeapi.co/api/v2/language/7/"
      },
      "version_group": {
        "name": "omega-ruby-alpha-sapphire",
        "url": "https://pokeapi.co/api/v2/version-group/16/"
      }
    },
    {
      "flavor_text": "Chi la usa accumula forza, poi attacca. La potenza\nraddoppia se agisce dopo il Pok\u00e9mon colpito.",
      "language": {
        "name": "it",
        "url": "https://pokeapi.co/api/v2/language/8/"
      },
      "version_group": {
        "name": "omega-ruby-alpha-sapphire",
        "url": "https://pokeapi.co/api/v2/version-group/16/"
      }
    },
    {
      "flavor_text": "The user stores power, then attacks.\nIf the user moves after the target,\nthis attack\u2019s power will be doubled.",
      "language": {
        "name": "en",
        "url": "https://pokeapi.co/api/v2/language/9/"
      },
      "version_group": {
        "name": "omega-ruby-alpha-sapphire",
        "url": "https://pokeapi.co/api/v2/version-group/16/"
      }
    },
    {
      "flavor_text": "\u305f\u3081\u3053\u3093\u3067\u3000\u653b\u6483\u3059\u308b\u3002\n\u76f8\u624b\u3088\u308a\u3000\u3042\u3068\u306b\u3000\u653b\u6483\u3067\u304d\u308b\u3068\n\u6280\u306e\u3000\u5a01\u529b\u306f\u3000\uff12\u500d\u306b\u3000\u306a\u308b\u3002",
      "language": {
        "name": "ja",
        "url": "https://pokeapi.co/api/v2/language/11/"
      },
      "version_group": {
        "name": "omega-ruby-alpha-sapphire",
        "url": "https://pokeapi.co/api/v2/version-group/16/"
      }
    },
    {
      "flavor_text": "\u305f\u3081\u3053\u3093\u3067\u3000\u3053\u3046\u3052\u304d\u3059\u308b\u3002\n\u3042\u3044\u3066\u3088\u308a\u3000\u3042\u3068\u306b\u3000\u3053\u3046\u3052\u304d\u3000\u3067\u304d\u308b\u3068\n\u308f\u3056\u306e\u3000\u3044\u308a\u3087\u304f\u306f\u3000\uff12\u3070\u3044\u306b\u3000\u306a\u308b\u3002",
      "language": {
        "name": "ja-Hrkt",
        "url": "https://pokeapi.co/api/v2/language/1/"
      },
      "version_group": {
        "name": "sun-moon",
        "url": "https://pokeapi.co/api/v2/version-group/17/"
      }
    },
    {
      "flavor_text": "\ubaa8\uc544\uc11c \uacf5\uaca9\ud55c\ub2e4.\n\uc0c1\ub300\ubcf4\ub2e4 \ub4a4\uc5d0 \uacf5\uaca9\ud560 \uc218 \uc788\uc73c\uba74\n\uae30\uc220\uc758 \uc704\ub825\uc740 2\ubc30\uac00 \ub41c\ub2e4.",
      "language": {
        "name": "ko",
        "url": "https://pokeapi.co/api/v2/language/3/"
      },
      "version_group": {
        "name": "sun-moon",
        "url": "https://pokeapi.co/api/v2/version-group/17/"
      }
    },
    {
      "flavor_text": "\u7d2f\u7a4d\u529b\u91cf\u9032\u884c\u653b\u64ca\u3002\n\u82e5\u5728\u5c0d\u624b\u4e4b\u5f8c\u9032\u884c\u653b\u64ca\uff0c\n\u62db\u5f0f\u7684\u5a01\u529b\u6703\u8b8a\u6210\uff12\u500d\u3002",
      "language": {
        "name": "zh-Hant",
        "url": "https://pokeapi.co/api/v2/language/4/"
      },
      "version_group": {
        "name": "sun-moon",
        "url": "https://pokeapi.co/api/v2/version-group/17/"
      }
    },
    {
      "flavor_text": "Le lanceur charge son \u00e9nergie, puis attaque.\nLa puissance est doubl\u00e9e si le lanceur agit\napr\u00e8s l\u2019ennemi.",
      "language": {
        "name": "fr",
        "url": "https://pokeapi.co/api/v2/language/5/"
      },
      "version_group": {
        "name": "sun-moon",
        "url": "https://pokeapi.co/api/v2/version-group/17/"
      }
    },
    {
      "flavor_text": "Der Anwender l\u00e4dt die Attacke auf. Handelt das\nZiel vor dem Anwender, verdoppelt sich die St\u00e4rke\nder Attacke.",
      "language": {
        "name": "de",
        "url": "https://pokeapi.co/api/v2/language/6/"
      },
      "version_group": {
        "name": "sun-moon",
        "url": "https://pokeapi.co/api/v2/version-group/17/"
      }
    },
    {
      "flavor_text": "El usuario contraataca con el doble de fuerza si el \nobjetivo usa un movimiento antes.",
      "language": {
        "name": "es",
        "url": "https://pokeapi.co/api/v2/language/7/"
      },
      "version_group": {
        "name": "sun-moon",
        "url": "https://pokeapi.co/api/v2/version-group/17/"
      }
    },
    {
      "flavor_text": "Chi la usa accumula forza, poi attacca. La potenza\nraddoppia se il Pok\u00e9mon agisce dopo il bersaglio.",
      "language": {
        "name": "it",
        "url": "https://pokeapi.co/api/v2/language/8/"
      },
      "version_group": {
        "name": "sun-moon",
        "url": "https://pokeapi.co/api/v2/version-group/17/"
      }
    },
    {
      "flavor_text": "The user stores power, then attacks. If the user\nmoves after the target, this attack\u2019s power will\nbe doubled.",
      "language": {
        "name": "en",
        "url": "https://pokeapi.co/api/v2/language/9/"
      },
      "version_group": {
        "name": "sun-moon",
        "url": "https://pokeapi.co/api/v2/version-group/17/"
      }
    },
    {
      "flavor_text": "\u305f\u3081\u3053\u3093\u3067\u3000\u653b\u6483\u3059\u308b\u3002\n\u76f8\u624b\u3088\u308a\u3000\u3042\u3068\u306b\u3000\u653b\u6483\u3067\u304d\u308b\u3068\n\u6280\u306e\u3000\u5a01\u529b\u306f\u3000\uff12\u500d\u306b\u3000\u306a\u308b\u3002",
      "language": {
        "name": "ja",
        "url": "https://pokeapi.co/api/v2/language/11/"
      },
      "version_group": {
        "name": "sun-moon",
        "url": "https://pokeapi.co/api/v2/version-group/17/"
      }
    },
    {
      "flavor_text": "\u84c4\u529b\u653b\u51fb\u3002\n\u5982\u679c\u80fd\u5728\u5bf9\u624b\u4e4b\u540e\u653b\u51fb\uff0c\n\u62db\u5f0f\u7684\u5a01\u529b\u4f1a\u53d8\u6210\uff12\u500d\u3002",
      "language": {
        "name": "zh-Hans",
        "url": "https://pokeapi.co/api/v2/language/12/"
      },
      "version_group": {
        "name": "sun-moon",
        "url": "https://pokeapi.co/api/v2/version-group/17/"
      }
    },
    {
      "flavor_text": "\u305f\u3081\u3053\u3093\u3067\u3000\u3053\u3046\u3052\u304d\u3059\u308b\u3002\n\u3042\u3044\u3066\u3088\u308a\u3000\u3042\u3068\u306b\u3000\u3053\u3046\u3052\u304d\u3000\u3067\u304d\u308b\u3068\n\u308f\u3056\u306e\u3000\u3044\u308a\u3087\u304f\u306f\u3000\uff12\u3070\u3044\u306b\u3000\u306a\u308b\u3002",
      "language": {
        "name": "ja-Hrkt",
        "url": "https://pokeapi.co/api/v2/language/1/"
      },
      "version_group": {
        "name": "ultra-sun-ultra-moon",
        "url": "https://pokeapi.co/api/v2/version-group/18/"
      }
    },
    {
      "flavor_text": "\ubaa8\uc544\uc11c \uacf5\uaca9\ud55c\ub2e4.\n\uc0c1\ub300\ubcf4\ub2e4 \ub4a4\uc5d0 \uacf5\uaca9\ud560 \uc218 \uc788\uc73c\uba74\n\uae30\uc220\uc758 \uc704\ub825\uc740 2\ubc30\uac00 \ub41c\ub2e4.",
      "language": {
        "name": "ko",
        "url": "https://pokeapi.co/api/v2/language/3/"
      },
      "version_group": {
        "name": "ultra-sun-ultra-moon",
        "url": "https://pokeapi.co/api/v2/version-group/18/"
      }
    },
    {
      "flavor_text": "\u7d2f\u7a4d\u529b\u91cf\u9032\u884c\u653b\u64ca\u3002\n\u82e5\u5728\u5c0d\u624b\u4e4b\u5f8c\u9032\u884c\u653b\u64ca\uff0c\n\u62db\u5f0f\u7684\u5a01\u529b\u6703\u8b8a\u6210\uff12\u500d\u3002",
      "language": {
        "name": "zh-Hant",
        "url": "https://pokeapi.co/api/v2/language/4/"
      },
      "version_group": {
        "name": "ultra-sun-ultra-moon",
        "url": "https://pokeapi.co/api/v2/version-group/18/"
      }
    },
    {
      "flavor_text": "Le lanceur charge son \u00e9nergie, puis attaque.\nLa puissance est doubl\u00e9e si le lanceur agit\napr\u00e8s l\u2019ennemi.",
      "language": {
        "name": "fr",
        "url": "https://pokeapi.co/api/v2/language/5/"
      },
      "version_group": {
        "name": "ultra-sun-ultra-moon",
        "url": "https://pokeapi.co/api/v2/version-group/18/"
      }
    },
    {
      "flavor_text": "Der Anwender l\u00e4dt die Attacke auf. Handelt das\nZiel vor dem Anwender, verdoppelt sich die St\u00e4rke\nder Attacke.",
      "language": {
        "name": "de",
        "url": "https://pokeapi.co/api/v2/language/6/"
      },
      "version_group": {
        "name": "ultra-sun-ultra-moon",
        "url": "https://pokeapi.co/api/v2/version-group/18/"
      }
    },
    {
      "flavor_text": "El usuario contraataca con el doble de fuerza si el \nobjetivo usa un movimiento antes.",
      "language": {
        "name": "es",
        "url": "https://pokeapi.co/api/v2/language/7/"
      },
      "version_group": {
        "name": "ultra-sun-ultra-moon",
        "url": "https://pokeapi.co/api/v2/version-group/18/"
      }
    },
    {
      "flavor_text": "Chi la usa accumula forza, poi attacca. La potenza\nraddoppia se il Pok\u00e9mon agisce dopo il bersaglio.",
      "language": {
        "name": "it",
        "url": "https://pokeapi.co/api/v2/language/8/"
      },
      "version_group": {
        "name": "ultra-sun-ultra-moon",
        "url": "https://pokeapi.co/api/v2/version-group/18/"
      }
    },
    {
      "flavor_text": "The user stores power, then attacks. If the user\nmoves after the target, this attack\u2019s power will\nbe doubled.",
      "language": {
        "name": "en",
        "url": "https://pokeapi.co/api/v2/language/9/"
      },
      "version_group": {
        "name": "ultra-sun-ultra-moon",
        "url": "https://pokeapi.co/api/v2/version-group/18/"
      }
    },
    {
      "flavor_text": "\u305f\u3081\u3053\u3093\u3067\u3000\u653b\u6483\u3059\u308b\u3002\n\u76f8\u624b\u3088\u308a\u3000\u3042\u3068\u306b\u3000\u653b\u6483\u3067\u304d\u308b\u3068\n\u6280\u306e\u3000\u5a01\u529b\u306f\u3000\uff12\u500d\u306b\u3000\u306a\u308b\u3002",
      "language": {
        "name": "ja",
        "url": "https://pokeapi.co/api/v2/language/11/"
      },
      "version_group": {
        "name": "ultra-sun-ultra-moon",
        "url": "https://pokeapi.co/api/v2/version-group/18/"
      }
    },
    {
      "flavor_text": "\u84c4\u529b\u653b\u51fb\u3002\n\u5982\u679c\u80fd\u5728\u5bf9\u624b\u4e4b\u540e\u653b\u51fb\uff0c\n\u62db\u5f0f\u7684\u5a01\u529b\u4f1a\u53d8\u6210\uff12\u500d\u3002",
      "language": {
        "name": "zh-Hans",
        "url": "https://pokeapi.co/api/v2/language/12/"
      },
      "version_group": {
        "name": "ultra-sun-ultra-moon",
        "url": "https://pokeapi.co/api/v2/version-group/18/"
      }
    },
    {
      "flavor_text": "\u305f\u3081\u3053\u3093\u3067\u3000\u3053\u3046\u3052\u304d\u3059\u308b\u3002\n\u3042\u3044\u3066\u3088\u308a\u3000\u3042\u3068\u306b\u3000\u3053\u3046\u3052\u304d\u3000\u3067\u304d\u308b\u3068\n\u308f\u3056\u306e\u3000\u3044\u308a\u3087\u304f\u306f\u3000\uff12\u3070\u3044\u306b\u3000\u306a\u308b\u3002",
      "language": {
        "name": "ja-Hrkt",
        "url": "https://pokeapi.co/api/v2/language/1/"
      },
      "version_group": {
        "name": "lets-go-pikachu-lets-go-eevee",
        "url": "https://pokeapi.co/api/v2/version-group/19/"
      }
    },
    {
      "flavor_text": "\ubaa8\uc544\uc11c \uacf5\uaca9\ud55c\ub2e4.\n\uc0c1\ub300\ubcf4\ub2e4 \ub4a4\uc5d0 \uacf5\uaca9\ud560 \uc218 \uc788\uc73c\uba74\n\uae30\uc220\uc758 \uc704\ub825\uc740 2\ubc30\uac00 \ub41c\ub2e4.",
      "language": {
        "name": "ko",
        "url": "https://pokeapi.co/api/v2/language/3/"
      },
      "version_group": {
        "name": "lets-go-pikachu-lets-go-eevee",
        "url": "https://pokeapi.co/api/v2/version-group/19/"
      }
    },
    {
      "flavor_text": "\u7d2f\u7a4d\u529b\u91cf\u9032\u884c\u653b\u64ca\u3002\n\u82e5\u5728\u5c0d\u624b\u4e4b\u5f8c\u9032\u884c\u653b\u64ca\uff0c\n\u62db\u5f0f\u7684\u5a01\u529b\u6703\u8b8a\u6210\uff12\u500d\u3002",
      "language": {
        "name": "zh-Hant",
        "url": "https://pokeapi.co/api/v2/language/4/"
      },
      "version_group": {
        "name": "lets-go-pikachu-lets-go-eevee",
        "url": "https://pokeapi.co/api/v2/version-group/19/"
      }
    },
    {
      "flavor_text": "Le lanceur charge son \u00e9nergie, puis attaque.\nLa puissance est doubl\u00e9e si le lanceur agit\napr\u00e8s l\u2019ennemi.",
      "language": {
        "name": "fr",
        "url": "https://pokeapi.co/api/v2/language/5/"
      },
      "version_group": {
        "name": "lets-go-pikachu-lets-go-eevee",
        "url": "https://pokeapi.co/api/v2/version-group/19/"
      }
    },
    {
      "flavor_text": "Der Anwender l\u00e4dt die Attacke auf. Handelt das\nZiel vor dem Anwender, verdoppelt sich die St\u00e4rke\nder Attacke.",
      "language": {
        "name": "de",
        "url": "https://pokeapi.co/api/v2/language/6/"
      },
      "version_group": {
        "name": "lets-go-pikachu-lets-go-eevee",
        "url": "https://pokeapi.co/api/v2/version-group/19/"
      }
    },
    {
      "flavor_text": "El usuario contraataca con el doble de fuerza si el \nobjetivo usa un movimiento antes.",
      "language": {
        "name": "es",
        "url": "https://pokeapi.co/api/v2/language/7/"
      },
      "version_group": {
        "name": "lets-go-pikachu-lets-go-eevee",
        "url": "https://pokeapi.co/api/v2/version-group/19/"
      }
    },
    {
      "flavor_text": "Chi la usa accumula forza, poi attacca. La potenza\nraddoppia se il Pok\u00e9mon agisce dopo il bersaglio.",
      "language": {
        "name": "it",
        "url": "https://pokeapi.co/api/v2/language/8/"
      },
      "version_group": {
        "name": "lets-go-pikachu-lets-go-eevee",
        "url": "https://pokeapi.co/api/v2/version-group/19/"
      }
    },
    {
      "flavor_text": "The user stores power, then attacks. If the user\nmoves after the target, this attack\u2019s power will\nbe doubled.",
      "language": {
        "name": "en",
        "url": "https://pokeapi.co/api/v2/language/9/"
      },
      "version_group": {
        "name": "lets-go-pikachu-lets-go-eevee",
        "url": "https://pokeapi.co/api/v2/version-group/19/"
      }
    },
    {
      "flavor_text": "\u305f\u3081\u3053\u3093\u3067\u3000\u653b\u6483\u3059\u308b\u3002\n\u76f8\u624b\u3088\u308a\u3000\u3042\u3068\u306b\u3000\u653b\u6483\u3067\u304d\u308b\u3068\n\u6280\u306e\u3000\u5a01\u529b\u306f\u3000\uff12\u500d\u306b\u3000\u306a\u308b\u3002",
      "language": {
        "name": "ja",
        "url": "https://pokeapi.co/api/v2/language/11/"
      },
      "version_group": {
        "name": "lets-go-pikachu-lets-go-eevee",
        "url": "https://pokeapi.co/api/v2/version-group/19/"
      }
    },
    {
      "flavor_text": "\u84c4\u529b\u653b\u51fb\u3002\n\u5982\u679c\u80fd\u5728\u5bf9\u624b\u4e4b\u540e\u653b\u51fb\uff0c\n\u62db\u5f0f\u7684\u5a01\u529b\u4f1a\u53d8\u6210\uff12\u500d\u3002",
      "language": {
        "name": "zh-Hans",
        "url": "https://pokeapi.co/api/v2/language/12/"
      },
      "version_group": {
        "name": "lets-go-pikachu-lets-go-eevee",
        "url": "https://pokeapi.co/api/v2/version-group/19/"
      }
    },
    {
      "flavor_text": "\u305f\u3081\u3053\u3093\u3067\u3000\u3053\u3046\u3052\u304d\u3059\u308b\u3002\n\u3042\u3044\u3066\u3088\u308a\u3000\u3042\u3068\u306b\u3000\u3053\u3046\u3052\u304d\u3000\u3067\u304d\u308b\u3068\n\u308f\u3056\u306e\u3000\u3044\u308a\u3087\u304f\u306f\u3000\uff12\u3070\u3044\u306b\u3000\u306a\u308b\u3002",
      "language": {
        "name": "ja-Hrkt",
        "url": "https://pokeapi.co/api/v2/language/1/"
      },
      "version_group": {
        "name": "sword-shield",
        "url": "https://pokeapi.co/api/v2/version-group/20/"
      }
    },
    {
      "flavor_text": "\ubaa8\uc544\uc11c \uacf5\uaca9\ud55c\ub2e4.\n\uc0c1\ub300\ubcf4\ub2e4 \ub098\uc911\uc5d0 \uacf5\uaca9\ud560 \uc218 \uc788\uc73c\uba74\n\uae30\uc220\uc758 \uc704\ub825\uc740 2\ubc30\uac00 \ub41c\ub2e4.",
      "language": {
        "name": "ko",
        "url": "https://pokeapi.co/api/v2/language/3/"
      },
      "version_group": {
        "name": "sword-shield",
        "url": "https://pokeapi.co/api/v2/version-group/20/"
      }
    },
    {
      "flavor_text": "\u7d2f\u7a4d\u529b\u91cf\u9032\u884c\u653b\u64ca\u3002\n\u82e5\u5728\u5c0d\u624b\u4e4b\u5f8c\u9032\u884c\u653b\u64ca\uff0c\n\u62db\u5f0f\u7684\u5a01\u529b\u6703\u8b8a\u6210\uff12\u500d\u3002",
      "language": {
        "name": "zh-Hant",
        "url": "https://pokeapi.co/api/v2/language/4/"
      },
      "version_group": {
        "name": "sword-shield",
        "url": "https://pokeapi.co/api/v2/version-group/20/"
      }
    },
    {
      "flavor_text": "Le lanceur charge son \u00e9nergie, puis attaque.\nLa puissance est doubl\u00e9e si le lanceur agit\napr\u00e8s l\u2019ennemi.",
      "language": {
        "name": "fr",
        "url": "https://pokeapi.co/api/v2/language/5/"
      },
      "version_group": {
        "name": "sword-shield",
        "url": "https://pokeapi.co/api/v2/version-group/20/"
      }
    },
    {
      "flavor_text": "Der Anwender l\u00e4dt die Attacke auf. Handelt das Ziel vor\ndem Anwender, verdoppelt sich die St\u00e4rke der Attacke.",
      "language": {
        "name": "de",
        "url": "https://pokeapi.co/api/v2/language/6/"
      },
      "version_group": {
        "name": "sword-shield",
        "url": "https://pokeapi.co/api/v2/version-group/20/"
      }
    },
    {
      "flavor_text": "El usuario contraataca con el doble de fuerza si el \nobjetivo usa un movimiento antes.",
      "language": {
        "name": "es",
        "url": "https://pokeapi.co/api/v2/language/7/"
      },
      "version_group": {
        "name": "sword-shield",
        "url": "https://pokeapi.co/api/v2/version-group/20/"
      }
    },
    {
      "flavor_text": "Chi la usa accumula forza, poi attacca. La potenza\nraddoppia se il Pok\u00e9mon agisce dopo il bersaglio.",
      "language": {
        "name": "it",
        "url": "https://pokeapi.co/api/v2/language/8/"
      },
      "version_group": {
        "name": "sword-shield",
        "url": "https://pokeapi.co/api/v2/version-group/20/"
      }
    },
    {
      "flavor_text": "The user stores power, then attacks. If the user\nmoves after the target, this attack\u2019s power will\nbe doubled.",
      "language": {
        "name": "en",
        "url": "https://pokeapi.co/api/v2/language/9/"
      },
      "version_group": {
        "name": "sword-shield",
        "url": "https://pokeapi.co/api/v2/version-group/20/"
      }
    },
    {
      "flavor_text": "\u305f\u3081\u3053\u3093\u3067\u3000\u653b\u6483\u3059\u308b\u3002\n\u76f8\u624b\u3088\u308a\u3000\u3042\u3068\u306b\u3000\u653b\u6483\u3067\u304d\u308b\u3068\n\u6280\u306e\u3000\u5a01\u529b\u306f\u3000\uff12\u500d\u306b\u3000\u306a\u308b\u3002",
      "language": {
        "name": "ja",
        "url": "https://pokeapi.co/api/v2/language/11/"
      },
      "version_group": {
        "name": "sword-shield",
        "url": "https://pokeapi.co/api/v2/version-group/20/"
      }
    },
    {
      "flavor_text": "\u84c4\u529b\u653b\u51fb\u3002\n\u5982\u679c\u80fd\u5728\u5bf9\u624b\u4e4b\u540e\u653b\u51fb\uff0c\n\u62db\u5f0f\u7684\u5a01\u529b\u4f1a\u53d8\u6210\uff12\u500d\u3002",
      "language": {
        "name": "zh-Hans",
        "url": "https://pokeapi.co/api/v2/language/12/"
      },
      "version_group": {
        "name": "sword-shield",
        "url": "https://pokeapi.co/api/v2/version-group/20/"
      }
    },
    {
      "flavor_text": "The user stores power, then attacks. If the user moves after the target, this attack's power will be doubled.",
      "language": {
        "name": "en",
        "url": "https://pokeapi.co/api/v2/language/9/"
      },
      "version_group": {
        "name": "legends-arceus",
        "url": "https://pokeapi.co/api/v2/version-group/24/"
      }
    },
    {
      "flavor_text": "The user stores power, then attacks. This move's power is doubled if the user moves after the target.",
      "language": {
        "name": "en",
        "url": "https://pokeapi.co/api/v2/language/9/"
      },
      "version_group": {
        "name": "scarlet-violet",
        "url": "https://pokeapi.co/api/v2/version-group/25/"
      }
    }
  ],
  "generation": {
    "name": "generation-iv",
    "url": "https://pokeapi.co/api/v2/generation/4/"
  },
  "id": 371,
  "learned_by_pokemon": [
    {
      "name": "beedrill",
      "url": "https://pokeapi.co/api/v2/pokemon/15/"
    },
    {
      "name": "ekans",
      "url": "https://pokeapi.co/api/v2/pokemon/23/"
    },
    {
      "name": "arbok",
      "url": "https://pokeapi.co/api/v2/pokemon/24/"
    },
    {
      "name": "vulpix",
      "url": "https://pokeapi.co/api/v2/pokemon/37/"
    },
    {
      "name": "ninetales",
      "url": "https://pokeapi.co/api/v2/pokemon/38/"
    },
    {
      "name": "zubat",
      "url": "https://pokeapi.co/api/v2/pokemon/41/"
    },
    {
      "name": "golbat",
      "url": "https://pokeapi.co/api/v2/pokemon/42/"
    },
    {
      "name": "meowth",
      "url": "https://pokeapi.co/api/v2/pokemon/52/"
    },
    {
      "name": "persian",
      "url": "https://pokeapi.co/api/v2/pokemon/53/"
    },
    {
      "name": "mankey",
      "url": "https://pokeapi.co/api/v2/pokemon/56/"
    },
    {
      "name": "primeape",
      "url": "https://pokeapi.co/api/v2/pokemon/57/"
    },
    {
      "name": "poliwrath",
      "url": "https://pokeapi.co/api/v2/pokemon/62/"
    },
    {
      "name": "machop",
      "url": "https://pokeapi.co/api/v2/pokemon/66/"
    },
    {
      "name": "machoke",
      "url": "https://pokeapi.co/api/v2/pokemon/67/"
    },
    {
      "name": "machamp",
      "url": "https://pokeapi.co/api/v2/pokemon/68/"
    },
    {
      "name": "tentacool",
      "url": "https://pokeapi.co/api/v2/pokemon/72/"
    },
    {
      "name": "tentacruel",
      "url": "https://pokeapi.co/api/v2/pokemon/73/"
    },
    {
      "name": "dodrio",
      "url": "https://pokeapi.co/api/v2/pokemon/85/"
    },
    {
      "name": "grimer",
      "url": "https://pokeapi.co/api/v2/pokemon/88/"
    },
    {
      "name": "muk",
      "url": "https://pokeapi.co/api/v2/pokemon/89/"
    },
    {
      "name": "shellder",
      "url": "https://pokeapi.co/api/v2/pokemon/90/"
    },
    {
      "name": "cloyster",
      "url": "https://pokeapi.co/api/v2/pokemon/91/"
    },
    {
      "name": "gastly",
      "url": "https://pokeapi.co/api/v2/pokemon/92/"
    },
    {
      "name": "haunter",
      "url": "https://pokeapi.co/api/v2/pokemon/93/"
    },
    {
      "name": "gengar",
      "url": "https://pokeapi.co/api/v2/pokemon/94/"
    },
    {
      "name": "onix",
      "url": "https://pokeapi.co/api/v2/pokemon/95/"
    },
    {
      "name": "koffing",
      "url": "https://pokeapi.co/api/v2/pokemon/109/"
    },
    {
      "name": "weezing",
      "url": "https://pokeapi.co/api/v2/pokemon/110/"
    },
    {
      "name": "rhyhorn",
      "url": "https://pokeapi.co/api/v2/pokemon/111/"
    },
    {
      "name": "rhydon",
      "url": "https://pokeapi.co/api/v2/pokemon/112/"
    },
    {
      "name": "mr-mime",
      "url": "https://pokeapi.co/api/v2/pokemon/122/"
    },
    {
      "name": "jynx",
      "url": "https://pokeapi.co/api/v2/pokemon/124/"
    },
    {
      "name": "tauros",
      "url": "https://pokeapi.co/api/v2/pokemon/128/"
    },
    {
      "name": "gyarados",
      "url": "https://pokeapi.co/api/v2/pokemon/130/"
    },
    {
      "name": "aerodactyl",
      "url": "https://pokeapi.co/api/v2/pokemon/142/"
    },
    {
      "name": "mew",
      "url": "https://pokeapi.co/api/v2/pokemon/151/"
    },
    {
      "name": "crobat",
      "url": "https://pokeapi.co/api/v2/pokemon/169/"
    },
    {
      "name": "politoed",
      "url": "https://pokeapi.co/api/v2/pokemon/186/"
    },
    {
      "name": "aipom",
      "url": "https://pokeapi.co/api/v2/pokemon/190/"
    },
    {
      "name": "umbreon",
      "url": "https://pokeapi.co/api/v2/pokemon/197/"
    },
    {
      "name": "murkrow",
      "url": "https://pokeapi.co/api/v2/pokemon/198/"
    },
    {
      "name": "misdreavus",
      "url": "https://pokeapi.co/api/v2/pokemon/200/"
    },
    {
      "name": "pineco",
      "url": "https://pokeapi.co/api/v2/pokemon/204/"
    },
    {
      "name": "forretress",
      "url": "https://pokeapi.co/api/v2/pokemon/205/"
    },
    {
      "name": "gligar",
      "url": "https://pokeapi.co/api/v2/pokemon/207/"
    },
    {
      "name": "steelix",
      "url": "https://pokeapi.co/api/v2/pokemon/208/"
    },
    {
      "name": "snubbull",
      "url": "https://pokeapi.co/api/v2/pokemon/209/"
    },
    {
      "name": "granbull",
      "url": "https://pokeapi.co/api/v2/pokemon/210/"
    },
    {
      "name": "qwilfish",
      "url": "https://pokeapi.co/api/v2/pokemon/211/"
    },
    {
      "name": "sneasel",
      "url": "https://pokeapi.co/api/v2/pokemon/215/"
    },
    {
      "name": "teddiursa",
      "url": "https://pokeapi.co/api/v2/pokemon/216/"
    },
    {
      "name": "ursaring",
      "url": "https://pokeapi.co/api/v2/pokemon/217/"
    },
    {
      "name": "octillery",
      "url": "https://pokeapi.co/api/v2/pokemon/224/"
    },
    {
      "name": "skarmory",
      "url": "https://pokeapi.co/api/v2/pokemon/227/"
    },
    {
      "name": "houndour",
      "url": "https://pokeapi.co/api/v2/pokemon/228/"
    },
    {
      "name": "houndoom",
      "url": "https://pokeapi.co/api/v2/pokemon/229/"
    },
    {
      "name": "smoochum",
      "url": "https://pokeapi.co/api/v2/pokemon/238/"
    },
    {
      "name": "larvitar",
      "url": "https://pokeapi.co/api/v2/pokemon/246/"
    },
    {
      "name": "pupitar",
      "url": "https://pokeapi.co/api/v2/pokemon/247/"
    },
    {
      "name": "tyranitar",
      "url": "https://pokeapi.co/api/v2/pokemon/248/"
    },
    {
      "name": "poochyena",
      "url": "https://pokeapi.co/api/v2/pokemon/261/"
    },
    {
      "name": "mightyena",
      "url": "https://pokeapi.co/api/v2/pokemon/262/"
    },
    {
      "name": "seedot",
      "url": "https://pokeapi.co/api/v2/pokemon/273/"
    },
    {
      "name": "nuzleaf",
      "url": "https://pokeapi.co/api/v2/pokemon/274/"
    },
    {
      "name": "shiftry",
      "url": "https://pokeapi.co/api/v2/pokemon/275/"
    },
    {
      "name": "pelipper",
      "url": "https://pokeapi.co/api/v2/pokemon/279/"
    },
    {
      "name": "hariyama",
      "url": "https://pokeapi.co/api/v2/pokemon/297/"
    },
    {
      "name": "skitty",
      "url": "https://pokeapi.co/api/v2/pokemon/300/"
    },
    {
      "name": "delcatty",
      "url": "https://pokeapi.co/api/v2/pokemon/301/"
    },
    {
      "name": "sableye",
      "url": "https://pokeapi.co/api/v2/pokemon/302/"
    },
    {
      "name": "mawile",
      "url": "https://pokeapi.co/api/v2/pokemon/303/"
    },
    {
      "name": "aggron",
      "url": "https://pokeapi.co/api/v2/pokemon/306/"
    },
    {
      "name": "carvanha",
      "url": "https://pokeapi.co/api/v2/pokemon/318/"
    },
    {
      "name": "sharpedo",
      "url": "https://pokeapi.co/api/v2/pokemon/319/"
    },
    {
      "name": "spoink",
      "url": "https://pokeapi.co/api/v2/pokemon/325/"
    },
    {
      "name": "grumpig",
      "url": "https://pokeapi.co/api/v2/pokemon/326/"
    },
    {
      "name": "cacnea",
      "url": "https://pokeapi.co/api/v2/pokemon/331/"
    },
    {
      "name": "cacturne",
      "url": "https://pokeapi.co/api/v2/pokemon/332/"
    },
    {
      "name": "zangoose",
      "url": "https://pokeapi.co/api/v2/pokemon/335/"
    },
    {
      "name": "seviper",
      "url": "https://pokeapi.co/api/v2/pokemon/336/"
    },
    {
      "name": "corphish",
      "url": "https://pokeapi.co/api/v2/pokemon/341/"
    },
    {
      "name": "crawdaunt",
      "url": "https://pokeapi.co/api/v2/pokemon/342/"
    },
    {
      "name": "shuppet",
      "url": "https://pokeapi.co/api/v2/pokemon/353/"
    },
    {
      "name": "banette",
      "url": "https://pokeapi.co/api/v2/pokemon/354/"
    },
    {
      "name": "duskull",
      "url": "https://pokeapi.co/api/v2/pokemon/355/"
    },
    {
      "name": "dusclops",
      "url": "https://pokeapi.co/api/v2/pokemon/356/"
    },
    {
      "name": "absol",
      "url": "https://pokeapi.co/api/v2/pokemon/359/"
    },
    {
      "name": "glalie",
      "url": "https://pokeapi.co/api/v2/pokemon/362/"
    },
    {
      "name": "cranidos",
      "url": "https://pokeapi.co/api/v2/pokemon/408/"
    },
    {
      "name": "rampardos",
      "url": "https://pokeapi.co/api/v2/pokemon/409/"
    },
    {
      "name": "floatzel",
      "url": "https://pokeapi.co/api/v2/pokemon/419/"
    },
    {
      "name": "ambipom",
      "url": "https://pokeapi.co/api/v2/pokemon/424/"
    },
    {
      "name": "drifloon",
      "url": "https://pokeapi.co/api/v2/pokemon/425/"
    },
    {
      "name": "drifblim",
      "url": "https://pokeapi.co/api/v2/pokemon/426/"
    },
    {
      "name": "buneary",
      "url": "https://pokeapi.co/api/v2/pokemon/427/"
    },
    {
      "name": "lopunny",
      "url": "https://pokeapi.co/api/v2/pokemon/428/"
    },
    {
      "name": "mismagius",
      "url": "https://pokeapi.co/api/v2/pokemon/429/"
    },
    {
      "name": "honchkrow",
      "url": "https://pokeapi.co/api/v2/pokemon/430/"
    },
    {
      "name": "glameow",
      "url": "https://pokeapi.co/api/v2/pokemon/431/"
    },
    {
      "name": "purugly",
      "url": "https://pokeapi.co/api/v2/pokemon/432/"
    },
    {
      "name": "stunky",
      "url": "https://pokeapi.co/api/v2/pokemon/434/"
    },
    {
      "name": "skuntank",
      "url": "https://pokeapi.co/api/v2/pokemon/435/"
    },
    {
      "name": "bronzor",
      "url": "https://pokeapi.co/api/v2/pokemon/436/"
    },
    {
      "name": "bronzong",
      "url": "https://pokeapi.co/api/v2/pokemon/437/"
    },
    {
      "name": "spiritomb",
      "url": "https://pokeapi.co/api/v2/pokemon/442/"
    },
    {
      "name": "riolu",
      "url": "https://pokeapi.co/api/v2/pokemon/447/"
    },
    {
      "name": "lucario",
      "url": "https://pokeapi.co/api/v2/pokemon/448/"
    },
    {
      "name": "skorupi",
      "url": "https://pokeapi.co/api/v2/pokemon/451/"
    },
    {
      "name": "drapion",
      "url": "https://pokeapi.co/api/v2/pokemon/452/"
    },
    {
      "name": "croagunk",
      "url": "https://pokeapi.co/api/v2/pokemon/453/"
    },
    {
      "name": "toxicroak",
      "url": "https://pokeapi.co/api/v2/pokemon/454/"
    },
    {
      "name": "carnivine",
      "url": "https://pokeapi.co/api/v2/pokemon/455/"
    },
    {
      "name": "finneon",
      "url": "https://pokeapi.co/api/v2/pokemon/456/"
    },
    {
      "name": "lumineon",
      "url": "https://pokeapi.co/api/v2/pokemon/457/"
    },
    {
      "name": "weavile",
      "url": "https://pokeapi.co/api/v2/pokemon/461/"
    },
    {
      "name": "rhyperior",
      "url": "https://pokeapi.co/api/v2/pokemon/464/"
    },
    {
      "name": "tangrowth",
      "url": "https://pokeapi.co/api/v2/pokemon/465/"
    },
    {
      "name": "gliscor",
      "url": "https://pokeapi.co/api/v2/pokemon/472/"
    },
    {
      "name": "dusknoir",
      "url": "https://pokeapi.co/api/v2/pokemon/477/"
    },
    {
      "name": "froslass",
      "url": "https://pokeapi.co/api/v2/pokemon/478/"
    },
    {
      "name": "azelf",
      "url": "https://pokeapi.co/api/v2/pokemon/482/"
    },
    {
      "name": "heatran",
      "url": "https://pokeapi.co/api/v2/pokemon/485/"
    },
    {
      "name": "regigigas",
      "url": "https://pokeapi.co/api/v2/pokemon/486/"
    },
    {
      "name": "giratina-altered",
      "url": "https://pokeapi.co/api/v2/pokemon/487/"
    },
    {
      "name": "darkrai",
      "url": "https://pokeapi.co/api/v2/pokemon/491/"
    },
    {
      "name": "arceus",
      "url": "https://pokeapi.co/api/v2/pokemon/493/"
    },
    {
      "name": "lillipup",
      "url": "https://pokeapi.co/api/v2/pokemon/506/"
    },
    {
      "name": "herdier",
      "url": "https://pokeapi.co/api/v2/pokemon/507/"
    },
    {
      "name": "stoutland",
      "url": "https://pokeapi.co/api/v2/pokemon/508/"
    },
    {
      "name": "purrloin",
      "url": "https://pokeapi.co/api/v2/pokemon/509/"
    },
    {
      "name": "liepard",
      "url": "https://pokeapi.co/api/v2/pokemon/510/"
    },
    {
      "name": "pansage",
      "url": "https://pokeapi.co/api/v2/pokemon/511/"
    },
    {
      "name": "simisage",
      "url": "https://pokeapi.co/api/v2/pokemon/512/"
    },
    {
      "name": "pansear",
      "url": "https://pokeapi.co/api/v2/pokemon/513/"
    },
    {
      "name": "simisear",
      "url": "https://pokeapi.co/api/v2/pokemon/514/"
    },
    {
      "name": "panpour",
      "url": "https://pokeapi.co/api/v2/pokemon/515/"
    },
    {
      "name": "simipour",
      "url": "https://pokeapi.co/api/v2/pokemon/516/"
    },
    {
      "name": "timburr",
      "url": "https://pokeapi.co/api/v2/pokemon/532/"
    },
    {
      "name": "gurdurr",
      "url": "https://pokeapi.co/api/v2/pokemon/533/"
    },
    {
      "name": "conkeldurr",
      "url": "https://pokeapi.co/api/v2/pokemon/534/"
    },
    {
      "name": "seismitoad",
      "url": "https://pokeapi.co/api/v2/pokemon/537/"
    },
    {
      "name": "throh",
      "url": "https://pokeapi.co/api/v2/pokemon/538/"
    },
    {
      "name": "sawk",
      "url": "https://pokeapi.co/api/v2/pokemon/539/"
    },
    {
      "name": "sewaddle",
      "url": "https://pokeapi.co/api/v2/pokemon/540/"
    },
    {
      "name": "swadloon",
      "url": "https://pokeapi.co/api/v2/pokemon/541/"
    },
    {
      "name": "leavanny",
      "url": "https://pokeapi.co/api/v2/pokemon/542/"
    },
    {
      "name": "venipede",
      "url": "https://pokeapi.co/api/v2/pokemon/543/"
    },
    {
      "name": "whirlipede",
      "url": "https://pokeapi.co/api/v2/pokemon/544/"
    },
    {
      "name": "scolipede",
      "url": "https://pokeapi.co/api/v2/pokemon/545/"
    },
    {
      "name": "sandile",
      "url": "https://pokeapi.co/api/v2/pokemon/551/"
    },
    {
      "name": "krokorok",
      "url": "https://pokeapi.co/api/v2/pokemon/552/"
    },
    {
      "name": "krookodile",
      "url": "https://pokeapi.co/api/v2/pokemon/553/"
    },
    {
      "name": "darmanitan-standard",
      "url": "https://pokeapi.co/api/v2/pokemon/555/"
    },
    {
      "name": "scraggy",
      "url": "https://pokeapi.co/api/v2/pokemon/559/"
    },
    {
      "name": "scrafty",
      "url": "https://pokeapi.co/api/v2/pokemon/560/"
    },
    {
      "name": "yamask",
      "url": "https://pokeapi.co/api/v2/pokemon/562/"
    },
    {
      "name": "cofagrigus",
      "url": "https://pokeapi.co/api/v2/pokemon/563/"
    },
    {
      "name": "trubbish",
      "url": "https://pokeapi.co/api/v2/pokemon/568/"
    },
    {
      "name": "garbodor",
      "url": "https://pokeapi.co/api/v2/pokemon/569/"
    },
    {
      "name": "zorua",
      "url": "https://pokeapi.co/api/v2/pokemon/570/"
    },
    {
      "name": "zoroark",
      "url": "https://pokeapi.co/api/v2/pokemon/571/"
    },
    {
      "name": "gothita",
      "url": "https://pokeapi.co/api/v2/pokemon/574/"
    },
    {
      "name": "gothorita",
      "url": "https://pokeapi.co/api/v2/pokemon/575/"
    },
    {
      "name": "gothitelle",
      "url": "https://pokeapi.co/api/v2/pokemon/576/"
    },
    {
      "name": "foongus",
      "url": "https://pokeapi.co/api/v2/pokemon/590/"
    },
    {
      "name": "amoonguss",
      "url": "https://pokeapi.co/api/v2/pokemon/591/"
    },
    {
      "name": "ferroseed",
      "url": "https://pokeapi.co/api/v2/pokemon/597/"
    },
    {
      "name": "ferrothorn",
      "url": "https://pokeapi.co/api/v2/pokemon/598/"
    },
    {
      "name": "litwick",
      "url": "https://pokeapi.co/api/v2/pokemon/607/"
    },
    {
      "name": "lampent",
      "url": "https://pokeapi.co/api/v2/pokemon/608/"
    },
    {
      "name": "chandelure",
      "url": "https://pokeapi.co/api/v2/pokemon/609/"
    },
    {
      "name": "axew",
      "url": "https://pokeapi.co/api/v2/pokemon/610/"
    },
    {
      "name": "fraxure",
      "url": "https://pokeapi.co/api/v2/pokemon/611/"
    },
    {
      "name": "haxorus",
      "url": "https://pokeapi.co/api/v2/pokemon/612/"
    },
    {
      "name": "stunfisk",
      "url": "https://pokeapi.co/api/v2/pokemon/618/"
    },
    {
      "name": "mienfoo",
      "url": "https://pokeapi.co/api/v2/pokemon/619/"
    },
    {
      "name": "mienshao",
      "url": "https://pokeapi.co/api/v2/pokemon/620/"
    },
    {
      "name": "druddigon",
      "url": "https://pokeapi.co/api/v2/pokemon/621/"
    },
    {
      "name": "pawniard",
      "url": "https://pokeapi.co/api/v2/pokemon/624/"
    },
    {
      "name": "bisharp",
      "url": "https://pokeapi.co/api/v2/pokemon/625/"
    },
    {
      "name": "bouffalant",
      "url": "https://pokeapi.co/api/v2/pokemon/626/"
    },
    {
      "name": "vullaby",
      "url": "https://pokeapi.co/api/v2/pokemon/629/"
    },
    {
      "name": "mandibuzz",
      "url": "https://pokeapi.co/api/v2/pokemon/630/"
    },
    {
      "name": "hydreigon",
      "url": "https://pokeapi.co/api/v2/pokemon/635/"
    },
    {
      "name": "tornadus-incarnate",
      "url": "https://pokeapi.co/api/v2/pokemon/641/"
    },
    {
      "name": "thundurus-incarnate",
      "url": "https://pokeapi.co/api/v2/pokemon/642/"
    },
    {
      "name": "reshiram",
      "url": "https://pokeapi.co/api/v2/pokemon/643/"
    },
    {
      "name": "zekrom",
      "url": "https://pokeapi.co/api/v2/pokemon/644/"
    },
    {
      "name": "landorus-incarnate",
      "url": "https://pokeapi.co/api/v2/pokemon/645/"
    },
    {
      "name": "kyurem",
      "url": "https://pokeapi.co/api/v2/pokemon/646/"
    },
    {
      "name": "meloetta-aria",
      "url": "https://pokeapi.co/api/v2/pokemon/648/"
    },
    {
      "name": "chespin",
      "url": "https://pokeapi.co/api/v2/pokemon/650/"
    },
    {
      "name": "quilladin",
      "url": "https://pokeapi.co/api/v2/pokemon/651/"
    },
    {
      "name": "chesnaught",
      "url": "https://pokeapi.co/api/v2/pokemon/652/"
    },
    {
      "name": "bunnelby",
      "url": "https://pokeapi.co/api/v2/pokemon/659/"
    },
    {
      "name": "diggersby",
      "url": "https://pokeapi.co/api/v2/pokemon/660/"
    },
    {
      "name": "litleo",
      "url": "https://pokeapi.co/api/v2/pokemon/667/"
    },
    {
      "name": "pyroar",
      "url": "https://pokeapi.co/api/v2/pokemon/668/"
    },
    {
      "name": "skiddo",
      "url": "https://pokeapi.co/api/v2/pokemon/672/"
    },
    {
      "name": "gogoat",
      "url": "https://pokeapi.co/api/v2/pokemon/673/"
    },
    {
      "name": "pancham",
      "url": "https://pokeapi.co/api/v2/pokemon/674/"
    },
    {
      "name": "pangoro",
      "url": "https://pokeapi.co/api/v2/pokemon/675/"
    },
    {
      "name": "espurr",
      "url": "https://pokeapi.co/api/v2/pokemon/677/"
    },
    {
      "name": "meowstic-male",
      "url": "https://pokeapi.co/api/v2/pokemon/678/"
    },
    {
      "name": "inkay",
      "url": "https://pokeapi.co/api/v2/pokemon/686/"
    },
    {
      "name": "malamar",
      "url": "https://pokeapi.co/api/v2/pokemon/687/"
    },
    {
      "name": "binacle",
      "url": "https://pokeapi.co/api/v2/pokemon/688/"
    },
    {
      "name": "barbaracle",
      "url": "https://pokeapi.co/api/v2/pokemon/689/"
    },
    {
      "name": "hawlucha",
      "url": "https://pokeapi.co/api/v2/pokemon/701/"
    },
    {
      "name": "yveltal",
      "url": "https://pokeapi.co/api/v2/pokemon/717/"
    },
    {
      "name": "zygarde-50",
      "url": "https://pokeapi.co/api/v2/pokemon/718/"
    },
    {
      "name": "yungoos",
      "url": "https://pokeapi.co/api/v2/pokemon/734/"
    },
    {
      "name": "gumshoos",
      "url": "https://pokeapi.co/api/v2/pokemon/735/"
    },
    {
      "name": "crabrawler",
      "url": "https://pokeapi.co/api/v2/pokemon/739/"
    },
    {
      "name": "crabominable",
      "url": "https://pokeapi.co/api/v2/pokemon/740/"
    },
    {
      "name": "mareanie",
      "url": "https://pokeapi.co/api/v2/pokemon/747/"
    },
    {
      "name": "toxapex",
      "url": "https://pokeapi.co/api/v2/pokemon/748/"
    },
    {
      "name": "mudbray",
      "url": "https://pokeapi.co/api/v2/pokemon/749/"
    },
    {
      "name": "mudsdale",
      "url": "https://pokeapi.co/api/v2/pokemon/750/"
    },
    {
      "name": "fomantis",
      "url": "https://pokeapi.co/api/v2/pokemon/753/"
    },
    {
      "name": "lurantis",
      "url": "https://pokeapi.co/api/v2/pokemon/754/"
    },
    {
      "name": "salandit",
      "url": "https://pokeapi.co/api/v2/pokemon/757/"
    },
    {
      "name": "salazzle",
      "url": "https://pokeapi.co/api/v2/pokemon/758/"
    },
    {
      "name": "stufful",
      "url": "https://pokeapi.co/api/v2/pokemon/759/"
    },
    {
      "name": "bewear",
      "url": "https://pokeapi.co/api/v2/pokemon/760/"
    },
    {
      "name": "steenee",
      "url": "https://pokeapi.co/api/v2/pokemon/762/"
    },
    {
      "name": "tsareena",
      "url": "https://pokeapi.co/api/v2/pokemon/763/"
    },
    {
      "name": "oranguru",
      "url": "https://pokeapi.co/api/v2/pokemon/765/"
    },
    {
      "name": "passimian",
      "url": "https://pokeapi.co/api/v2/pokemon/766/"
    },
    {
      "name": "golisopod",
      "url": "https://pokeapi.co/api/v2/pokemon/768/"
    },
    {
      "name": "type-null",
      "url": "https://pokeapi.co/api/v2/pokemon/772/"
    },
    {
      "name": "silvally",
      "url": "https://pokeapi.co/api/v2/pokemon/773/"
    },
    {
      "name": "komala",
      "url": "https://pokeapi.co/api/v2/pokemon/775/"
    },
    {
      "name": "turtonator",
      "url": "https://pokeapi.co/api/v2/pokemon/776/"
    },
    {
      "name": "togedemaru",
      "url": "https://pokeapi.co/api/v2/pokemon/777/"
    },
    {
      "name": "mimikyu-disguised",
      "url": "https://pokeapi.co/api/v2/pokemon/778/"
    },
    {
      "name": "bruxish",
      "url": "https://pokeapi.co/api/v2/pokemon/779/"
    },
    {
      "name": "dhelmise",
      "url": "https://pokeapi.co/api/v2/pokemon/781/"
    },
    {
      "name": "jangmo-o",
      "url": "https://pokeapi.co/api/v2/pokemon/782/"
    },
    {
      "name": "hakamo-o",
      "url": "https://pokeapi.co/api/v2/pokemon/783/"
    },
    {
      "name": "kommo-o",
      "url": "https://pokeapi.co/api/v2/pokemon/784/"
    },
    {
      "name": "tapu-bulu",
      "url": "https://pokeapi.co/api/v2/pokemon/787/"
    },
    {
      "name": "buzzwole",
      "url": "https://pokeapi.co/api/v2/pokemon/794/"
    },
    {
      "name": "guzzlord",
      "url": "https://pokeapi.co/api/v2/pokemon/799/"
    },
    {
      "name": "marshadow",
      "url": "https://pokeapi.co/api/v2/pokemon/802/"
    },
    {
      "name": "blacephalon",
      "url": "https://pokeapi.co/api/v2/pokemon/806/"
    },
    {
      "name": "skwovet",
      "url": "https://pokeapi.co/api/v2/pokemon/819/"
    },
    {
      "name": "greedent",
      "url": "https://pokeapi.co/api/v2/pokemon/820/"
    },
    {
      "name": "rookidee",
      "url": "https://pokeapi.co/api/v2/pokemon/821/"
    },
    {
      "name": "corvisquire",
      "url": "https://pokeapi.co/api/v2/pokemon/822/"
    },
    {
      "name": "corviknight",
      "url": "https://pokeapi.co/api/v2/pokemon/823/"
    },
    {
      "name": "dottler",
      "url": "https://pokeapi.co/api/v2/pokemon/825/"
    },
    {
      "name": "orbeetle",
      "url": "https://pokeapi.co/api/v2/pokemon/826/"
    },
    {
      "name": "wooloo",
      "url": "https://pokeapi.co/api/v2/pokemon/831/"
    },
    {
      "name": "dubwool",
      "url": "https://pokeapi.co/api/v2/pokemon/832/"
    },
    {
      "name": "chewtle",
      "url": "https://pokeapi.co/api/v2/pokemon/833/"
    },
    {
      "name": "drednaw",
      "url": "https://pokeapi.co/api/v2/pokemon/834/"
    },
    {
      "name": "appletun",
      "url": "https://pokeapi.co/api/v2/pokemon/842/"
    },
    {
      "name": "toxtricity-amped",
      "url": "https://pokeapi.co/api/v2/pokemon/849/"
    },
    {
      "name": "clobbopus",
      "url": "https://pokeapi.co/api/v2/pokemon/852/"
    },
    {
      "name": "grapploct",
      "url": "https://pokeapi.co/api/v2/pokemon/853/"
    },
    {
      "name": "sinistea",
      "url": "https://pokeapi.co/api/v2/pokemon/854/"
    },
    {
      "name": "polteageist",
      "url": "https://pokeapi.co/api/v2/pokemon/855/"
    },
    {
      "name": "obstagoon",
      "url": "https://pokeapi.co/api/v2/pokemon/862/"
    },
    {
      "name": "perrserker",
      "url": "https://pokeapi.co/api/v2/pokemon/863/"
    },
    {
      "name": "mr-rime",
      "url": "https://pokeapi.co/api/v2/pokemon/866/"
    },
    {
      "name": "runerigus",
      "url": "https://pokeapi.co/api/v2/pokemon/867/"
    },
    {
      "name": "falinks",
      "url": "https://pokeapi.co/api/v2/pokemon/870/"
    },
    {
      "name": "pincurchin",
      "url": "https://pokeapi.co/api/v2/pokemon/871/"
    },
    {
      "name": "morpeko-full-belly",
      "url": "https://pokeapi.co/api/v2/pokemon/877/"
    },
    {
      "name": "copperajah",
      "url": "https://pokeapi.co/api/v2/pokemon/879/"
    },
    {
      "name": "arctozolt",
      "url": "https://pokeapi.co/api/v2/pokemon/881/"
    },
    {
      "name": "zamazenta",
      "url": "https://pokeapi.co/api/v2/pokemon/889/"
    },
    {
      "name": "eternatus",
      "url": "https://pokeapi.co/api/v2/pokemon/890/"
    },
    {
      "name": "urshifu-single-strike",
      "url": "https://pokeapi.co/api/v2/pokemon/892/"
    },
    {
      "name": "zarude",
      "url": "https://pokeapi.co/api/v2/pokemon/893/"
    },
    {
      "name": "glastrier",
      "url": "https://pokeapi.co/api/v2/pokemon/896/"
    },
    {
      "name": "spectrier",
      "url": "https://pokeapi.co/api/v2/pokemon/897/"
    },
    {
      "name": "ursaluna",
      "url": "https://pokeapi.co/api/v2/pokemon/901/"
    },
    {
      "name": "maschiff",
      "url": "https://pokeapi.co/api/v2/pokemon/942/"
    },
    {
      "name": "mabosstiff",
      "url": "https://pokeapi.co/api/v2/pokemon/943/"
    },
    {
      "name": "bombirdier",
      "url": "https://pokeapi.co/api/v2/pokemon/962/"
    },
    {
      "name": "flamigo",
      "url": "https://pokeapi.co/api/v2/pokemon/973/"
    },
    {
      "name": "brute-bonnet",
      "url": "https://pokeapi.co/api/v2/pokemon/986/"
    },
    {
      "name": "wo-chien",
      "url": "https://pokeapi.co/api/v2/pokemon/1001/"
    },
    {
      "name": "chien-pao",
      "url": "https://pokeapi.co/api/v2/pokemon/1002/"
    },
    {
      "name": "ting-lu",
      "url": "https://pokeapi.co/api/v2/pokemon/1003/"
    },
    {
      "name": "chi-yu",
      "url": "https://pokeapi.co/api/v2/pokemon/1004/"
    },
    {
      "name": "giratina-origin",
      "url": "https://pokeapi.co/api/v2/pokemon/10007/"
    },
    {
      "name": "darmanitan-zen",
      "url": "https://pokeapi.co/api/v2/pokemon/10017/"
    },
    {
      "name": "meloetta-pirouette",
      "url": "https://pokeapi.co/api/v2/pokemon/10018/"
    },
    {
      "name": "tornadus-therian",
      "url": "https://pokeapi.co/api/v2/pokemon/10019/"
    },
    {
      "name": "thundurus-therian",
      "url": "https://pokeapi.co/api/v2/pokemon/10020/"
    },
    {
      "name": "landorus-therian",
      "url": "https://pokeapi.co/api/v2/pokemon/10021/"
    },
    {
      "name": "kyurem-black",
      "url": "https://pokeapi.co/api/v2/pokemon/10022/"
    },
    {
      "name": "kyurem-white",
      "url": "https://pokeapi.co/api/v2/pokemon/10023/"
    },
    {
      "name": "meowstic-female",
      "url": "https://pokeapi.co/api/v2/pokemon/10025/"
    },
    {
      "name": "gengar-mega",
      "url": "https://pokeapi.co/api/v2/pokemon/10038/"
    },
    {
      "name": "gyarados-mega",
      "url": "https://pokeapi.co/api/v2/pokemon/10041/"
    },
    {
      "name": "aerodactyl-mega",
      "url": "https://pokeapi.co/api/v2/pokemon/10042/"
    },
    {
      "name": "houndoom-mega",
      "url": "https://pokeapi.co/api/v2/pokemon/10048/"
    },
    {
      "name": "tyranitar-mega",
      "url": "https://pokeapi.co/api/v2/pokemon/10049/"
    },
    {
      "name": "mawile-mega",
      "url": "https://pokeapi.co/api/v2/pokemon/10052/"
    },
    {
      "name": "aggron-mega",
      "url": "https://pokeapi.co/api/v2/pokemon/10053/"
    },
    {
      "name": "banette-mega",
      "url": "https://pokeapi.co/api/v2/pokemon/10056/"
    },
    {
      "name": "absol-mega",
      "url": "https://pokeapi.co/api/v2/pokemon/10057/"
    },
    {
      "name": "lucario-mega",
      "url": "https://pokeapi.co/api/v2/pokemon/10059/"
    },
    {
      "name": "sableye-mega",
      "url": "https://pokeapi.co/api/v2/pokemon/10066/"
    },
    {
      "name": "sharpedo-mega",
      "url": "https://pokeapi.co/api/v2/pokemon/10070/"
    },
    {
      "name": "steelix-mega",
      "url": "https://pokeapi.co/api/v2/pokemon/10072/"
    },
    {
      "name": "glalie-mega",
      "url": "https://pokeapi.co/api/v2/pokemon/10074/"
    },
    {
      "name": "beedrill-mega",
      "url": "https://pokeapi.co/api/v2/pokemon/10090/"
    },
    {
      "name": "vulpix-alola",
      "url": "https://pokeapi.co/api/v2/pokemon/10103/"
    },
    {
      "name": "ninetales-alola",
      "url": "https://pokeapi.co/api/v2/pokemon/10104/"
    },
    {
      "name": "meowth-alola",
      "url": "https://pokeapi.co/api/v2/pokemon/10107/"
    },
    {
      "name": "persian-alola",
      "url": "https://pokeapi.co/api/v2/pokemon/10108/"
    },
    {
      "name": "grimer-alola",
      "url": "https://pokeapi.co/api/v2/pokemon/10112/"
    },
    {
      "name": "muk-alola",
      "url": "https://pokeapi.co/api/v2/pokemon/10113/"
    },
    {
      "name": "zygarde-10-power-construct",
      "url": "https://pokeapi.co/api/v2/pokemon/10118/"
    },
    {
      "name": "zygarde-50-power-construct",
      "url": "https://pokeapi.co/api/v2/pokemon/10119/"
    },
    {
      "name": "zygarde-complete",
      "url": "https://pokeapi.co/api/v2/pokemon/10120/"
    },
    {
      "name": "gumshoos-totem",
      "url": "https://pokeapi.co/api/v2/pokemon/10121/"
    },
    {
      "name": "lycanroc-midnight",
      "url": "https://pokeapi.co/api/v2/pokemon/10126/"
    },
    {
      "name": "lurantis-totem",
      "url": "https://pokeapi.co/api/v2/pokemon/10128/"
    },
    {
      "name": "salazzle-totem",
      "url": "https://pokeapi.co/api/v2/pokemon/10129/"
    },
    {
      "name": "mimikyu-busted",
      "url": "https://pokeapi.co/api/v2/pokemon/10143/"
    },
    {
      "name": "mimikyu-totem-disguised",
      "url": "https://pokeapi.co/api/v2/pokemon/10144/"
    },
    {
      "name": "mimikyu-totem-busted",
      "url": "https://pokeapi.co/api/v2/pokemon/10145/"
    },
    {
      "name": "kommo-o-totem",
      "url": "https://pokeapi.co/api/v2/pokemon/10146/"
    },
    {
      "name": "togedemaru-totem",
      "url": "https://pokeapi.co/api/v2/pokemon/10154/"
    },
    {
      "name": "meowth-galar",
      "url": "https://pokeapi.co/api/v2/pokemon/10161/"
    },
    {
      "name": "weezing-galar",
      "url": "https://pokeapi.co/api/v2/pokemon/10167/"
    },
    {
      "name": "mr-mime-galar",
      "url": "https://pokeapi.co/api/v2/pokemon/10168/"
    },
    {
      "name": "zapdos-galar",
      "url": "https://pokeapi.co/api/v2/pokemon/10170/"
    },
    {
      "name": "moltres-galar",
      "url": "https://pokeapi.co/api/v2/pokemon/10171/"
    },
    {
      "name": "zigzagoon-galar",
      "url": "https://pokeapi.co/api/v2/pokemon/10174/"
    },
    {
      "name": "linoone-galar",
      "url": "https://pokeapi.co/api/v2/pokemon/10175/"
    },
    {
      "name": "darmanitan-galar-standard",
      "url": "https://pokeapi.co/api/v2/pokemon/10177/"
    },
    {
      "name": "darmanitan-galar-zen",
      "url": "https://pokeapi.co/api/v2/pokemon/10178/"
    },
    {
      "name": "yamask-galar",
      "url": "https://pokeapi.co/api/v2/pokemon/10179/"
    },
    {
      "name": "stunfisk-galar",
      "url": "https://pokeapi.co/api/v2/pokemon/10180/"
    },
    {
      "name": "zygarde-10",
      "url": "https://pokeapi.co/api/v2/pokemon/10181/"
    },
    {
      "name": "toxtricity-low-key",
      "url": "https://pokeapi.co/api/v2/pokemon/10184/"
    },
    {
      "name": "morpeko-hangry",
      "url": "https://pokeapi.co/api/v2/pokemon/10187/"
    },
    {
      "name": "zamazenta-crowned",
      "url": "https://pokeapi.co/api/v2/pokemon/10189/"
    },
    {
      "name": "eternatus-eternamax",
      "url": "https://pokeapi.co/api/v2/pokemon/10190/"
    },
    {
      "name": "zarude-dada",
      "url": "https://pokeapi.co/api/v2/pokemon/10192/"
    },
    {
      "name": "calyrex-ice",
      "url": "https://pokeapi.co/api/v2/pokemon/10193/"
    },
    {
      "name": "calyrex-shadow",
      "url": "https://pokeapi.co/api/v2/pokemon/10194/"
    },
    {
      "name": "ursaluna-bloodmoon",
      "url": "https://pokeapi.co/api/v2/pokemon/10272/"
    }
  ],
  "machines": [
    {
      "machine": {
        "url": "https://pokeapi.co/api/v2/machine/1078/"
      },
      "version_group": {
        "name": "sword-shield",
        "url": "https://pokeapi.co/api/v2/version-group/20/"
      }
    },
    {
      "machine": {
        "url": "https://pokeapi.co/api/v2/machine/1162/"
      },
      "version_group": {
        "name": "diamond-pearl",
        "url": "https://pokeapi.co/api/v2/version-group/8/"
      }
    },
    {
      "machine": {
        "url": "https://pokeapi.co/api/v2/machine/1163/"
      },
      "version_group": {
        "name": "platinum",
        "url": "https://pokeapi.co/api/v2/version-group/9/"
      }
    },
    {
      "machine": {
        "url": "https://pokeapi.co/api/v2/machine/1164/"
      },
      "version_group": {
        "name": "heartgold-soulsilver",
        "url": "https://pokeapi.co/api/v2/version-group/10/"
      }
    },
    {
      "machine": {
        "url": "https://pokeapi.co/api/v2/machine/1165/"
      },
      "version_group": {
        "name": "black-white",
        "url": "https://pokeapi.co/api/v2/version-group/11/"
      }
    },
    {
      "machine": {
        "url": "https://pokeapi.co/api/v2/machine/1166/"
      },
      "version_group": {
        "name": "black-2-white-2",
        "url": "https://pokeapi.co/api/v2/version-group/14/"
      }
    },
    {
      "machine": {
        "url": "https://pokeapi.co/api/v2/machine/1167/"
      },
      "version_group": {
        "name": "x-y",
        "url": "https://pokeapi.co/api/v2/version-group/15/"
      }
    },
    {
      "machine": {
        "url": "https://pokeapi.co/api/v2/machine/1168/"
      },
      "version_group": {
        "name": "omega-ruby-alpha-sapphire",
        "url": "https://pokeapi.co/api/v2/version-group/16/"
      }
    },
    {
      "machine": {
        "url": "https://pokeapi.co/api/v2/machine/1169/"
      },
      "version_group": {
        "name": "sun-moon",
        "url": "https://pokeapi.co/api/v2/version-group/17/"
      }
    },
    {
      "machine": {
        "url": "https://pokeapi.co/api/v2/machine/1170/"
      },
      "version_group": {
        "name": "ultra-sun-ultra-moon",
        "url": "https://pokeapi.co/api/v2/version-group/18/"
      }
    }
  ],
  "meta": {
    "ailment": {
      "name": "none",
      "url": "https://pokeapi.co/api/v2/move-ailment/0/"
    },
    "ailment_chance": 0,
    "category": {
      "name": "damage",
      "url": "https://pokeapi.co/api/v2/move-category/0/"
    },
    "crit_rate": 0,
    "drain": 0,
    "flinch_chance": 0,
    "healing": 0,
    "max_hits": null,
    "max_turns": null,
    "min_hits": null,
    "min_turns": null,
    "stat_chance": 0
  },
  "name": "payback",
  "names": [
    {
      "language": {
        "name": "ja-Hrkt",
        "url": "https://pokeapi.co/api/v2/language/1/"
      },
      "name": "\u3057\u3063\u307a\u304c\u3048\u3057"
    },
    {
      "language": {
        "name": "ko",
        "url": "https://pokeapi.co/api/v2/language/3/"
      },
      "name": "\ubcf4\ubcf5"
    },
    {
      "language": {
        "name": "zh-Hant",
        "url": "https://pokeapi.co/api/v2/language/4/"
      },
      "name": "\u4ee5\u7259\u9084\u7259"
    },
    {
      "language": {
        "name": "fr",
        "url": "https://pokeapi.co/api/v2/language/5/"
      },
      "name": "Repr\u00e9sailles"
    },
    {
      "language": {
        "name": "de",
        "url": "https://pokeapi.co/api/v2/language/6/"
      },
      "name": "Gegensto\u00df"
    },
    {
      "language": {
        "name": "es",
        "url": "https://pokeapi.co/api/v2/language/7/"
      },
      "name": "Vendetta"
    },
    {
      "language": {
        "name": "it",
        "url": "https://pokeapi.co/api/v2/language/8/"
      },
      "name": "Rivincita"
    },
    {
      "language": {
        "name": "en",
        "url": "https://pokeapi.co/api/v2/language/9/"
      },
      "name": "Payback"
    },
    {
      "language": {
        "name": "ja",
        "url": "https://pokeapi.co/api/v2/language/11/"
      },
      "name": "\u3057\u3063\u307a\u304c\u3048\u3057"
    },
    {
      "language": {
        "name": "zh-Hans",
        "url": "https://pokeapi.co/api/v2/language/12/"
      },
      "name": "\u4ee5\u7259\u8fd8\u7259"
    }
  ],
  "past_values": [],
  "power": 50,
  "pp": 10,
  "priority": 0,
  "stat_changes": [],
  "super_contest_effect": {
    "url": "https://pokeapi.co/api/v2/super-contest-effect/6/"
  },
  "target": {
    "name": "selected-pokemon",
    "url": "https://pokeapi.co/api/v2/move-target/10/"
  },
  "type": {
    "name": "dark",
    "url": "https://pokeapi.co/api/v2/type/17/"
  }
}