{
  "accuracy": 100,
  "contest_combos": null,
  "contest_effect": null,
  "contest_type": null,
  "damage_class": {
    "name": "special",
    "url": "https://pokeapi.co/api/v2/move-damage-class/3/"
  },
  "effect_chance": 100,
  "effect_changes": [],
  "effect_entries": [
    {
      "effect": "Inflicts regular damage.  Lowers the user\u2019s Defense by one stage.",
      "language": {
        "name": "en",
        "url": "https://pokeapi.co/api/v2/language/9/"
      },
      "short_effect": "Lowers the user\u2019s Defense by one stage after inflicting damage."
    }
  ],
  "flavor_text_entries": [
    {
      "flavor_text": "\u305c\u3093\u3057\u3093\u306e\u3000\u3046\u308d\u3053\u3092\u3000\u3053\u3059\u308a\n\u304a\u304a\u304d\u306a\u3000\u304a\u3068\u3092\u3000\u3060\u3057\u3066\u3000\u3053\u3046\u3052\u304d\u3059\u308b\u3002\n\u3053\u3046\u3052\u304d\u3054\u3000\u3058\u3076\u3093\u306e\u3000\u307c\u3046\u304e\u3087\u304c\u3000\u3055\u304c\u308b\u3002",
      "language": {
        "name": "ja-Hrkt",
        "url": "https://pokeapi.co/api/v2/language/1/"
      },
      "version_group": {
        "name": "sun-moon",
        "url": "https://pokeapi.co/api/v2/version-group/17/"
      }
    },
    {
      "flavor_text": "\uc804\uc2e0\uc758 \ube44\ub298\uc744 \ube44\ubcbc\uc11c\n\ud070 \uc18c\ub9ac\ub97c \ub0b4 \uacf5\uaca9\ud55c\ub2e4.\n\uacf5\uaca9 \ud6c4 \uc790\uc2e0\uc758 \ubc29\uc5b4\uac00 \ub5a8\uc5b4\uc9c4\ub2e4.",
      "language": {
        "name": "ko",
        "url": "https://pokeapi.co/api/v2/language/3/"
      },
      "version_group": {
        "name": "sun-moon",
        "url": "https://pokeapi.co/api/v2/version-group/17/"
      }
    },
    {
      "flavor_text": "\u6469\u64e6\u5168\u8eab\u9c57\u7247\uff0c\n\u767c\u51fa\u97ff\u4eae\u7684\u8072\u97f3\u4e26\u9032\u884c\u653b\u64ca\u3002\n\u653b\u64ca\u5f8c\u81ea\u5df1\u7684\u9632\u79a6\u6703\u964d\u4f4e\u3002",
      "language": {
        "name": "zh-Hant",
        "url": "https://pokeapi.co/api/v2/language/4/"
      },
      "version_group": {
        "name": "sun-moon",
        "url": "https://pokeapi.co/api/v2/version-group/17/"
      }
    },
    {
      "flavor_text": "Le lanceur d\u00e9clenche un vacarme en frottant\nses \u00e9cailles les unes contre les autres pour\nattaquer. Baisse la D\u00e9fense du lanceur.",
      "language": {
        "name": "fr",
        "url": "https://pokeapi.co/api/v2/language/5/"
      },
      "version_group": {
        "name": "sun-moon",
        "url": "https://pokeapi.co/api/v2/version-group/17/"
      }
    },
    {
      "flavor_text": "Der Anwender erzeugt durch das Rasseln mit seinen\nSchuppen ein lautes Ger\u00e4usch und greift an.\nAnschlie\u00dfend sinkt seine Verteidigung.",
      "language": {
        "name": "de",
        "url": "https://pokeapi.co/api/v2/language/6/"
      },
      "version_group": {
        "name": "sun-moon",
        "url": "https://pokeapi.co/api/v2/version-group/17/"
      }
    },
    {
      "flavor_text": "Frota todas las escamas de su cuerpo para crear un\nfuerte sonido con el que ataca. Cuando el ataque\ntermina, su Defensa se ve reducida.",
      "language": {
        "name": "es",
        "url": "https://pokeapi.co/api/v2/language/7/"
      },
      "version_group": {
        "name": "sun-moon",
        "url": "https://pokeapi.co/api/v2/version-group/17/"
      }
    },
    {
      "flavor_text": "Chi la usa attacca il bersaglio con un suono\nfortissimo che genera sfregando le scaglie del corpo.\nDopo aver attaccato, la sua Difesa diminuisce.",
      "language": {
        "name": "it",
        "url": "https://pokeapi.co/api/v2/language/8/"
      },
      "version_group": {
        "name": "sun-moon",
        "url": "https://pokeapi.co/api/v2/version-group/17/"
      }
    },
    {
      "flavor_text": "The user rubs the scales on its entire body and\nmakes a huge noise to attack the opposing Pok\u00e9mon.\nThe user\u2019s Defense stat goes down after the attack.",
      "language": {
        "name": "en",
        "url": "https://pokeapi.co/api/v2/language/9/"
      },
      "version_group": {
        "name": "sun-moon",
        "url": "https://pokeapi.co/api/v2/version-group/17/"
      }
    },
    {
      "flavor_text": "\u5168\u8eab\u306e\u3000\u3046\u308d\u3053\u3092\u3000\u3053\u3059\u308a\n\u5927\u304d\u306a\u3000\u97f3\u3092\u3000\u51fa\u3057\u3066\u3000\u653b\u6483\u3059\u308b\u3002\n\u653b\u6483\u5f8c\u3000\u81ea\u5206\u306e\u3000\u9632\u5fa1\u304c\u3000\u3055\u304c\u308b\u3002",
      "language": {
        "name": "ja",
        "url": "https://pokeapi.co/api/v2/language/11/"
      },
      "version_group": {
        "name": "sun-moon",
        "url": "https://pokeapi.co/api/v2/version-group/17/"
      }
    },
    {
      "flavor_text": "\u6469\u64e6\u5168\u8eab\u9cde\u7247\uff0c\n\u53d1\u51fa\u54cd\u4eae\u7684\u58f0\u97f3\u8fdb\u884c\u653b\u51fb\u3002\n\u653b\u51fb\u540e\u81ea\u5df1\u7684\u9632\u5fa1\u4f1a\u964d\u4f4e\u3002",
      "language": {
        "name": "zh-Hans",
        "url": "https://pokeapi.co/api/v2/language/12/"
      },
      "version_group": {
        "name": "sun-moon",
        "url": "https://pokeapi.co/api/v2/version-group/17/"
      }
    },
    {
      "flavor_text": "\u305c\u3093\u3057\u3093\u306e\u3000\u3046\u308d\u3053\u3092\u3000\u3053\u3059\u308a\n\u304a\u304a\u304d\u306a\u3000\u304a\u3068\u3092\u3000\u3060\u3057\u3066\u3000\u3053\u3046\u3052\u304d\u3059\u308b\u3002\n\u3053\u3046\u3052\u304d\u3054\u3000\u3058\u3076\u3093\u306e\u3000\u307c\u3046\u304e\u3087\u304c\u3000\u3055\u304c\u308b\u3002",
      "language": {
        "name": "ja-Hrkt",
        "url": "https://pokeapi.co/api/v2/language/1/"
      },
      "version_group": {
        "name": "ultra-sun-ultra-moon",
        "url": "https://pokeapi.co/api/v2/version-group/18/"
      }
    },
    {
      "flavor_text": "\uc804\uc2e0\uc758 \ube44\ub298\uc744 \ube44\ubcbc\uc11c\n\ud070 \uc18c\ub9ac\ub97c \ub0b4 \uacf5\uaca9\ud55c\ub2e4.\n\uacf5\uaca9 \ud6c4 \uc790\uc2e0\uc758 \ubc29\uc5b4\uac00 \ub5a8\uc5b4\uc9c4\ub2e4.",
      "language": {
        "name": "ko",
        "url": "https://pokeapi.co/api/v2/language/3/"
      },
      "version_group": {
        "name": "ultra-sun-ultra-moon",
        "url": "https://pokeapi.co/api/v2/version-group/18/"
      }
    },
    {
      "flavor_text": "\u6469\u64e6\u5168\u8eab\u9c57\u7247\uff0c\n\u767c\u51fa\u97ff\u4eae\u7684\u8072\u97f3\u4e26\u9032\u884c\u653b\u64ca\u3002\n\u653b\u64ca\u5f8c\u81ea\u5df1\u7684\u9632\u79a6\u6703\u964d\u4f4e\u3002",
      "language": {
        "name": "zh-Hant",
        "url": "https://pokeapi.co/api/v2/language/4/"
      },
      "version_group": {
        "name": "ultra-sun-ultra-moon",
        "url": "https://pokeapi.co/api/v2/version-group/18/"
      }
    },
    {
      "flavor_text": "Le lanceur d\u00e9clenche un vacarme en frottant\nses \u00e9cailles les unes contre les autres pour\nattaquer. Baisse la D\u00e9fense du lanceur.",
      "language": {
        "name": "fr",
        "url": "https://pokeapi.co/api/v2/language/5/"
      },
      "version_group": {
        "name": "ultra-sun-ultra-moon",
        "url": "https://pokeapi.co/api/v2/version-group/18/"
      }
    },
    {
      "flavor_text": "Der Anwender erzeugt durch das Rasseln mit seinen\nSchuppen ein lautes Ger\u00e4usch und greift an.\nAnschlie\u00dfend sinkt seine Verteidigung.",
      "language": {
        "name": "de",
        "url": "https://pokeapi.co/api/v2/language/6/"
      },
      "version_group": {
        "name": "ultra-sun-ultra-moon",
        "url": "https://pokeapi.co/api/v2/version-group/18/"
      }
    },
    {
      "flavor_text": "Frota todas las escamas de su cuerpo para crear un\nfuerte sonido con el que ataca. Cuando el ataque\ntermina, su Defensa se ve reducida.",
      "language": {
        "name": "es",
        "url": "https://pokeapi.co/api/v2/language/7/"
      },
      "version_group": {
        "name": "ultra-sun-ultra-moon",
        "url": "https://pokeapi.co/api/v2/version-group/18/"
      }
    },
    {
      "flavor_text": "Chi la usa attacca il bersaglio con un suono\nfortissimo che genera sfregando le scaglie del corpo.\nDopo aver attaccato, la sua Difesa diminuisce.",
      "language": {
        "name": "it",
        "url": "https://pokeapi.co/api/v2/language/8/"
      },
      "version_group": {
        "name": "ultra-sun-ultra-moon",
        "url": "https://pokeapi.co/api/v2/version-group/18/"
      }
    },
    {
      "flavor_text": "The user rubs the scales on its entire body and\nmakes a huge noise to attack the opposing Pok\u00e9mon.\nThe user\u2019s Defense stat goes down after the attack.",
      "language": {
        "name": "en",
        "url": "https://pokeapi.co/api/v2/language/9/"
      },
      "version_group": {
        "name": "ultra-sun-ultra-moon",
        "url": "https://pokeapi.co/api/v2/version-group/18/"
      }
    },
    {
      "flavor_text": "\u5168\u8eab\u306e\u3000\u3046\u308d\u3053\u3092\u3000\u3053\u3059\u308a\n\u5927\u304d\u306a\u3000\u97f3\u3092\u3000\u51fa\u3057\u3066\u3000\u653b\u6483\u3059\u308b\u3002\n\u653b\u6483\u5f8c\u3000\u81ea\u5206\u306e\u3000\u9632\u5fa1\u304c\u3000\u3055\u304c\u308b\u3002",
      "language": {
        "name": "ja",
        "url": "https://pokeapi.co/api/v2/language/11/"
      },
      "version_group": {
        "name": "ultra-sun-ultra-moon",
        "url": "https://pokeapi.co/api/v2/version-group/18/"
      }
    },
    {
      "flavor_text": "\u6469\u64e6\u5168\u8eab\u9cde\u7247\uff0c\n\u53d1\u51fa\u54cd\u4eae\u7684\u58f0\u97f3\u8fdb\u884c\u653b\u51fb\u3002\n\u653b\u51fb\u540e\u81ea\u5df1\u7684\u9632\u5fa1\u4f1a\u964d\u4f4e\u3002",
      "language": {
        "name": "zh-Hans",
        "url": "https://pokeapi.co/api/v2/language/12/"
      },
      "version_group": {
        "name": "ultra-sun-ultra-moon",
        "url": "https://pokeapi.co/api/v2/version-group/18/"
      }
    },
    {
      "flavor_text": "\u305c\u3093\u3057\u3093\u306e\u3000\u3046\u308d\u3053\u3092\u3000\u3053\u3059\u308a\n\u304a\u304a\u304d\u306a\u3000\u304a\u3068\u3092\u3000\u3060\u3057\u3066\u3000\u3053\u3046\u3052\u304d\u3059\u308b\u3002\n\u3053\u3046\u3052\u304d\u3054\u3000\u3058\u3076\u3093\u306e\u3000\u307c\u3046\u304e\u3087\u304c\u3000\u3055\u304c\u308b\u3002",
      "language": {
        "name": "ja-Hrkt",
        "url": "https://pokeapi.co/api/v2/language/1/"
      },
      "version_group": {
        "name": "lets-go-pikachu-lets-go-eevee",
        "url": "https://pokeapi.co/api/v2/version-group/19/"
      }
    },
    {
      "flavor_text": "\uc804\uc2e0\uc758 \ube44\ub298\uc744 \ube44\ubcbc\uc11c\n\ud070 \uc18c\ub9ac\ub97c \ub0b4 \uacf5\uaca9\ud55c\ub2e4.\n\uacf5\uaca9 \ud6c4 \uc790\uc2e0\uc758 \ubc29\uc5b4\uac00 \ub5a8\uc5b4\uc9c4\ub2e4.",
      "language": {
        "name": "ko",
        "url": "https://pokeapi.co/api/v2/language/3/"
      },
      "version_group": {
        "name": "lets-go-pikachu-lets-go-eevee",
        "url": "https://pokeapi.co/api/v2/version-group/19/"
      }
    },
    {
      "flavor_text": "\u6469\u64e6\u5168\u8eab\u9c57\u7247\uff0c\n\u767c\u51fa\u97ff\u4eae\u7684\u8072\u97f3\u4e26\u9032\u884c\u653b\u64ca\u3002\n\u653b\u64ca\u5f8c\u81ea\u5df1\u7684\u9632\u79a6\u6703\u964d\u4f4e\u3002",
      "language": {
        "name": "zh-Hant",
        "url": "https://pokeapi.co/api/v2/language/4/"
      },
      "version_group": {
        "name": "lets-go-pikachu-lets-go-eevee",
        "url": "https://pokeapi.co/api/v2/version-group/19/"
      }
    },
    {
      "flavor_text": "Le lanceur d\u00e9clenche un vacarme en frottant\nses \u00e9cailles les unes contre les autres pour\nattaquer. Baisse la D\u00e9fense du lanceur.",
      "language": {
        "name": "fr",
        "url": "https://pokeapi.co/api/v2/language/5/"
      },
      "version_group": {
        "name": "lets-go-pikachu-lets-go-eevee",
        "url": "https://pokeapi.co/api/v2/version-group/19/"
      }
    },
    {
      "flavor_text": "Der Anwender erzeugt durch das Rasseln mit seinen\nSchuppen ein lautes Ger\u00e4usch und greift an.\nAnschlie\u00dfend sinkt seine Verteidigung.",
      "language": {
        "name": "de",
        "url": "https://pokeapi.co/api/v2/language/6/"
      },
      "version_group": {
        "name": "lets-go-pikachu-lets-go-eevee",
        "url": "https://pokeapi.co/api/v2/version-group/19/"
      }
    },
    {
      "flavor_text": "Frota todas las escamas de su cuerpo para crear un\nfuerte sonido con el que ataca. Cuando el ataque\ntermina, su Defensa se ve reducida.",
      "language": {
        "name": "es",
        "url": "https://pokeapi.co/api/v2/language/7/"
      },
      "version_group": {
        "name": "lets-go-pikachu-lets-go-eevee",
        "url": "https://pokeapi.co/api/v2/version-group/19/"
      }
    },
    {
      "flavor_text": "Chi la usa attacca il bersaglio con un suono\nfortissimo che genera sfregando le scaglie del corpo.\nDopo aver attaccato, la sua Difesa diminuisce.",
      "language": {
        "name": "it",
        "url": "https://pokeapi.co/api/v2/language/8/"
      },
      "version_group": {
        "name": "lets-go-pikachu-lets-go-eevee",
        "url": "https://pokeapi.co/api/v2/version-group/19/"
      }
    },
    {
      "flavor_text": "The user rubs the scales on its entire body and\nmakes a huge noise to attack the opposing Pok\u00e9mon.\nThe user\u2019s Defense stat goes down after the attack.",
      "language": {
        "name": "en",
        "url": "https://pokeapi.co/api/v2/language/9/"
      },
      "version_group": {
        "name": "lets-go-pikachu-lets-go-eevee",
        "url": "https://pokeapi.co/api/v2/version-group/19/"
      }
    },
    {
      "flavor_text": "\u5168\u8eab\u306e\u3000\u3046\u308d\u3053\u3092\u3000\u3053\u3059\u308a\n\u5927\u304d\u306a\u3000\u97f3\u3092\u3000\u51fa\u3057\u3066\u3000\u653b\u6483\u3059\u308b\u3002\n\u653b\u6483\u5f8c\u3000\u81ea\u5206\u306e\u3000\u9632\u5fa1\u304c\u3000\u3055\u304c\u308b\u3002",
      "language": {
        "name": "ja",
        "url": "https://pokeapi.co/api/v2/language/11/"
      },
      "version_group": {
        "name": "lets-go-pikachu-lets-go-eevee",
        "url": "https://pokeapi.co/api/v2/version-group/19/"
      }
    },
    {
      "flavor_text": "\u6469\u64e6\u5168\u8eab\u9cde\u7247\uff0c\n\u53d1\u51fa\u54cd\u4eae\u7684\u58f0\u97f3\u8fdb\u884c\u653b\u51fb\u3002\n\u653b\u51fb\u540e\u81ea\u5df1\u7684\u9632\u5fa1\u4f1a\u964d\u4f4e\u3002",
      "language": {
        "name": "zh-Hans",
        "url": "https://pokeapi.co/api/v2/language/12/"
      },
      "version_group": {
        "name": "lets-go-pikachu-lets-go-eevee",
        "url": "https://pokeapi.co/api/v2/version-group/19/"
      }
    },
    {
      "flavor_text": "\u305c\u3093\u3057\u3093\u306e\u3000\u3046\u308d\u3053\u3092\u3000\u3053\u3059\u308a\n\u304a\u304a\u304d\u306a\u3000\u304a\u3068\u3092\u3000\u3060\u3057\u3066\u3000\u3053\u3046\u3052\u304d\u3059\u308b\u3002\n\u3053\u3046\u3052\u304d\u3054\u3000\u3058\u3076\u3093\u306e\u3000\u307c\u3046\u304e\u3087\u304c\u3000\u3055\u304c\u308b\u3002",
      "language": {
        "name": "ja-Hrkt",
        "url": "https://pokeapi.co/api/v2/language/1/"
      },
      "version_group": {
        "name": "sword-shield",
        "url": "https://pokeapi.co/api/v2/version-group/20/"
      }
    },
    {
      "flavor_text": "\uc804\uc2e0\uc758 \ube44\ub298\uc744 \ube44\ubcbc\uc11c\n\ud070 \uc18c\ub9ac\ub97c \ub0b4 \uacf5\uaca9\ud55c\ub2e4.\n\uacf5\uaca9 \ud6c4 \uc790\uc2e0\uc758 \ubc29\uc5b4\uac00 \ub5a8\uc5b4\uc9c4\ub2e4.",
      "language": {
        "name": "ko",
        "url": "https://pokeapi.co/api/v2/language/3/"
      },
      "version_group": {
        "name": "sword-shield",
        "url": "https://pokeapi.co/api/v2/version-group/20/"
      }
    },
    {
      "flavor_text": "\u6469\u64e6\u5168\u8eab\u9c57\u7247\uff0c\n\u767c\u51fa\u97ff\u4eae\u7684\u8072\u97f3\u4e26\u9032\u884c\u653b\u64ca\u3002\n\u653b\u64ca\u5f8c\u81ea\u5df1\u7684\u9632\u79a6\u6703\u964d\u4f4e\u3002",
      "language": {
        "name": "zh-Hant",
        "url": "https://pokeapi.co/api/v2/language/4/"
      },
      "version_group": {
        "name": "sword-shield",
        "url": "https://pokeapi.co/api/v2/version-group/20/"
      }
    },
    {
      "flavor_text": "Le lanceur d\u00e9clenche un vacarme en frottant\nses \u00e9cailles les unes contre les autres pour attaquer.\nBaisse la D\u00e9fense du lanceur.",
      "language": {
        "name": "fr",
        "url": "https://pokeapi.co/api/v2/language/5/"
      },
      "version_group": {
        "name": "sword-shield",
        "url": "https://pokeapi.co/api/v2/version-group/20/"
      }
    },
    {
      "flavor_text": "Der Anwender erzeugt durch das Rasseln mit seinen\nSchuppen ein lautes Ger\u00e4usch und greift gegnerische\nPok\u00e9mon an. Anschlie\u00dfend sinkt seine Verteidigung.",
      "language": {
        "name": "de",
        "url": "https://pokeapi.co/api/v2/language/6/"
      },
      "version_group": {
        "name": "sword-shield",
        "url": "https://pokeapi.co/api/v2/version-group/20/"
      }
    },
    {
      "flavor_text": "Frota todas las escamas de su cuerpo para crear un\nfuerte sonido con el que ataca. Cuando el ataque\ntermina, su Defensa se ve reducida.",
      "language": {
        "name": "es",
        "url": "https://pokeapi.co/api/v2/language/7/"
      },
      "version_group": {
        "name": "sword-shield",
        "url": "https://pokeapi.co/api/v2/version-group/20/"
      }
    },
    {
      "flavor_text": "Chi la usa attacca il bersaglio con un suono\nfortissimo che genera sfregando le scaglie del corpo.\nDopo aver attaccato, la sua Difesa diminuisce.",
      "language": {
        "name": "it",
        "url": "https://pokeapi.co/api/v2/language/8/"
      },
      "version_group": {
        "name": "sword-shield",
        "url": "https://pokeapi.co/api/v2/version-group/20/"
      }
    },
    {
      "flavor_text": "The user rubs the scales on its entire body and makes\na huge noise to attack opposing Pok\u00e9mon.\nThe user\u2019s Defense stat goes down after the attack.",
      "language": {
        "name": "en",
        "url": "https://pokeapi.co/api/v2/language/9/"
      },
      "version_group": {
        "name": "sword-shield",
        "url": "https://pokeapi.co/api/v2/version-group/20/"
      }
    },
    {
      "flavor_text": "\u5168\u8eab\u306e\u3000\u3046\u308d\u3053\u3092\u3000\u3053\u3059\u308a\n\u5927\u304d\u306a\u3000\u97f3\u3092\u3000\u51fa\u3057\u3066\u3000\u653b\u6483\u3059\u308b\u3002\n\u653b\u6483\u5f8c\u3000\u81ea\u5206\u306e\u3000\u9632\u5fa1\u304c\u3000\u3055\u304c\u308b\u3002",
      "language": {
        "name": "ja",
        "url": "https://pokeapi.co/api/v2/language/11/"
      },
      "version_group": {
        "name": "sword-shield",
        "url": "https://pokeapi.co/api/v2/version-group/20/"
      }
    },
    {
      "flavor_text": "\u6469\u64e6\u5168\u8eab\u9cde\u7247\uff0c\n\u53d1\u51fa\u54cd\u4eae\u7684\u58f0\u97f3\u8fdb\u884c\u653b\u51fb\u3002\n\u653b\u51fb\u540e\u81ea\u5df1\u7684\u9632\u5fa1\u4f1a\u964d\u4f4e\u3002",
      "language": {
        "name": "zh-Hans",
        "url": "https://pokeapi.co/api/v2/language/12/"
      },
      "version_group": {
        "name": "sword-shield",
        "url": "https://pokeapi.co/api/v2/version-group/20/"
      }
    },
    {
      "flavor_text": "The user rubs the scales on its entire body and makes a huge noise to attack opposing Pok\u00e9mon. The user's Defense stat goes down after the attack.",
      "language": {
        "name": "en",
        "url": "https://pokeapi.co/api/v2/language/9/"
      },
      "version_group": {
        "name": "legends-arceus",
        "url": "https://pokeapi.co/api/v2/version-group/24/"
      }
    },
    {
      "flavor_text": "The user rubs the scales on its entire body and makes a huge noise to attack opposing Pok\u00e9mon. The user's Defense stat is lowered after the attack.",
      "language": {
        "name": "en",
        "url": "https://pokeapi.co/api/v2/language/9/"
      },
      "version_group": {
        "name": "scarlet-violet",
        "url": "https://pokeapi.co/api/v2/version-group/25/"
      }
    }
  ],
  "generation": {
    "name": "generation-vii",
    "url": "https://pokeapi.co/api/v2/generation/7/"
  },
  "id": 691,
  "learned_by_pokemon": [
    {
      "name": "kommo-o",
      "url": "https://pokeapi.co/api/v2/pokemon/784/"
    },
    {
      "name": "kommo-o-totem",
      "url": "https://pokeapi.co/api/v2/pokemon/10146/"
    }
  ],
  "machines": [],
  "meta": {
    "ailment": {
      "name": "none",
      "url": "https://pokeapi.co/api/v2/move-ailment/0/"
    },
    "ailment_chance": 0,
    "category": {
      "name": "damage+raise",
      "url": "https://pokeapi.co/api/v2/move-category/7/"
    },
    "crit_rate": 0,
    "drain": 0,
    "flinch_chance": 0,
    "healing": 0,
    "max_hits": null,
    "max_turns": null,
    "min_hits": null,
    "min_turns": null,
    "stat_chance": 100
  },
  "name": "clanging-scales",
  "names": [
    {
      "language": {
        "name": "ja-Hrkt",
        "url": "https://pokeapi.co/api/v2/language/1/"
      },
      "name": "\u30b9\u30b1\u30a4\u30eb\u30ce\u30a4\u30ba"
    },
    {
      "language": {
        "name": "ko",
        "url": "https://pokeapi.co/api/v2/language/3/"
      },
      "name": "\uc2a4\ucf00\uc77c\ub178\uc774\uc988"
    },
    {
      "language": {
        "name": "zh-Hant",
        "url": "https://pokeapi.co/api/v2/language/4/"
      },
      "name": "\u9c57\u7247\u566a\u97f3"
    },
    {
      "language": {
        "name": "fr",
        "url": "https://pokeapi.co/api/v2/language/5/"
      },
      "name": "Vibr\u00e9caille"
    },
    {
      "language": {
        "name": "de",
        "url": "https://pokeapi.co/api/v2/language/6/"
      },
      "name": "Schuppenrasseln"
    },
    {
      "language": {
        "name": "es",
        "url": "https://pokeapi.co/api/v2/language/7/"
      },
      "name": "Fragor Escamas"
    },
    {
      "language": {
        "name": "it",
        "url": "https://pokeapi.co/api/v2/language/8/"
      },
      "name": "Clamorsquame"
    },
    {
      "language": {
        "name": "en",
        "url": "https://pokeapi.co/api/v2/language/9/"
      },
      "name": "Clanging Scales"
    },
    {
      "language": {
        "name": "ja",
        "url": "https://pokeapi.co/api/v2/language/11/"
      },
      "name": "\u30b9\u30b1\u30a4\u30eb\u30ce\u30a4\u30ba"
    },
    {
      "language": {
        "name": "zh-Hans",
        "url": "https://pokeapi.co/api/v2/language/12/"
      },
      "name": "\u9cde\u7247\u566a\u97f3"
    }
  ],
  "past_values": [],
  "power": 110,
  "pp": 5,
  "priority": 0,
  "stat_changes": [
    {
      "change": -1,
      "stat": {
        "name": "defense",
        "url": "https://pokeapi.co/api/v2/stat/3/"
      }
    }
  ],
  "super_contest_effect": null,
  "target": {
    "name": "all-opponents",
    "url": "https://pokeapi.co/api/v2/move-target/11/"
  },
  "type": {
    "name": "dragon",
    "url": "https://pokeapi.co/api/v2/type/16/"
  }
}