{
  "accuracy": null,
  "contest_combos": {
    "normal": {
      "use_after": [
        {
          "name": "pound",
          "url": "https://pokeapi.co/api/v2/move/1/"
        },
        {
          "name": "leer",
          "url": "https://pokeapi.co/api/v2/move/43/"
        },
        {
          "name": "fake-out",
          "url": "https://pokeapi.co/api/v2/move/252/"
        }
      ],
      "use_before": null
    },
    "super": {
      "use_after": null,
      "use_before": null
    }
  },
  "contest_effect": {
    "url": "https://pokeapi.co/api/v2/contest-effect/27/"
  },
  "contest_type": {
    "name": "smart",
    "url": "https://pokeapi.co/api/v2/contest-type/4/"
  },
  "damage_class": {
    "name": "physical",
    "url": "https://pokeapi.co/api/v2/move-damage-class/2/"
  },
  "effect_chance": null,
  "effect_changes": [
    {
      "effect_entries": [
        {
          "effect": "Hits Pok\u00e9mon under the effects of dig and fly.",
          "language": {
            "name": "en",
            "url": "https://pokeapi.co/api/v2/language/9/"
          }
        }
      ],
      "version_group": {
        "name": "gold-silver",
        "url": "https://pokeapi.co/api/v2/version-group/3/"
      }
    }
  ],
  "effect_entries": [
    {
      "effect": "Inflicts regular damage.  Ignores accuracy and evasion modifiers.",
      "language": {
        "name": "en",
        "url": "https://pokeapi.co/api/v2/language/9/"
      },
      "short_effect": "Never misses."
    }
  ],
  "flavor_text_entries": [
    {
      "flavor_text": "An attack that\nnever misses.",
      "language": {
        "name": "en",
        "url": "https://pokeapi.co/api/v2/language/9/"
      },
      "version_group": {
        "name": "gold-silver",
        "url": "https://pokeapi.co/api/v2/version-group/3/"
      }
    },
    {
      "flavor_text": "An attack that\nnever misses.",
      "language": {
        "name": "en",
        "url": "https://pokeapi.co/api/v2/language/9/"
      },
      "version_group": {
        "name": "crystal",
        "url": "https://pokeapi.co/api/v2/version-group/4/"
      }
    },
    {
      "flavor_text": "Draws the foe close, then\nstrikes without fail.",
      "language": {
        "name": "en",
        "url": "https://pokeapi.co/api/v2/language/9/"
      },
      "version_group": {
        "name": "ruby-sapphire",
        "url": "https://pokeapi.co/api/v2/version-group/5/"
      }
    },
    {
      "flavor_text": "Draws the foe close, then\nstrikes without fail.",
      "language": {
        "name": "en",
        "url": "https://pokeapi.co/api/v2/language/9/"
      },
      "version_group": {
        "name": "emerald",
        "url": "https://pokeapi.co/api/v2/version-group/6/"
      }
    },
    {
      "flavor_text": "The user draws up\nclose to the foe\ndisarmingly, then\nhits without fail.",
      "language": {
        "name": "en",
        "url": "https://pokeapi.co/api/v2/language/9/"
      },
      "version_group": {
        "name": "firered-leafgreen",
        "url": "https://pokeapi.co/api/v2/version-group/7/"
      }
    },
    {
      "flavor_text": "The user draws up to\nthe foe disarmingly,\nthen throws a sucker\npunch.\nIt hits without fail.",
      "language": {
        "name": "en",
        "url": "https://pokeapi.co/api/v2/language/9/"
      },
      "version_group": {
        "name": "diamond-pearl",
        "url": "https://pokeapi.co/api/v2/version-group/8/"
      }
    },
    {
      "flavor_text": "The user draws up to\nthe foe disarmingly,\nthen throws a sucker\npunch.\nIt hits without fail.",
      "language": {
        "name": "en",
        "url": "https://pokeapi.co/api/v2/language/9/"
      },
      "version_group": {
        "name": "platinum",
        "url": "https://pokeapi.co/api/v2/version-group/9/"
      }
    },
    {
      "flavor_text": "The user draws up to\nthe foe disarmingly,\nthen throws a sucker\npunch.\nIt hits without fail.",
      "language": {
        "name": "en",
        "url": "https://pokeapi.co/api/v2/language/9/"
      },
      "version_group": {
        "name": "heartgold-soulsilver",
        "url": "https://pokeapi.co/api/v2/version-group/10/"
      }
    },
    {
      "flavor_text": "Le lanceur s\u2019approche l\u2019air de rien avant\nde frapper par surprise. N\u2019\u00e9choue jamais.",
      "language": {
        "name": "fr",
        "url": "https://pokeapi.co/api/v2/language/5/"
      },
      "version_group": {
        "name": "black-white",
        "url": "https://pokeapi.co/api/v2/version-group/11/"
      }
    },
    {
      "flavor_text": "The user approaches the target\ndisarmingly, then throws a sucker punch.\nIt hits without fail.",
      "language": {
        "name": "en",
        "url": "https://pokeapi.co/api/v2/language/9/"
      },
      "version_group": {
        "name": "black-white",
        "url": "https://pokeapi.co/api/v2/version-group/11/"
      }
    },
    {
      "flavor_text": "The user approaches the target\ndisarmingly, then throws a sucker punch.\nIt hits without fail.",
      "language": {
        "name": "en",
        "url": "https://pokeapi.co/api/v2/language/9/"
      },
      "version_group": {
        "name": "black-2-white-2",
        "url": "https://pokeapi.co/api/v2/version-group/14/"
      }
    },
    {
      "flavor_text": "\u3055\u308a\u3052\u306a\u304f\u3000\u3042\u3044\u3066\u306b\u3000\u3061\u304b\u3065\u304d\n\u3086\u3060\u3093\u3057\u305f\u3000\u3059\u304d\u3092\u3000\u307f\u3066\u3000\u306a\u3050\u308a\u3064\u3051\u308b\u3002\n\u3053\u3046\u3052\u304d\u306f\u3000\u304b\u306a\u3089\u305a\u3000\u3081\u3044\u3061\u3085\u3046\u3000\u3059\u308b\u3002",
      "language": {
        "name": "ja-Hrkt",
        "url": "https://pokeapi.co/api/v2/language/1/"
      },
      "version_group": {
        "name": "x-y",
        "url": "https://pokeapi.co/api/v2/version-group/15/"
      }
    },
    {
      "flavor_text": "\uc2ac\uae08\uc2ac\uae08 \uc0c1\ub300\uc5d0\uac8c \ub2e4\uac00\uac00\n\ubc29\uc2ec\ud55c \ud2c8\uc744 \ud0c0\uc11c \uc138\uac8c \ub54c\ub9b0\ub2e4.\n\uacf5\uaca9\uc740 \ubc18\ub4dc\uc2dc \uba85\uc911\ud55c\ub2e4.",
      "language": {
        "name": "ko",
        "url": "https://pokeapi.co/api/v2/language/3/"
      },
      "version_group": {
        "name": "x-y",
        "url": "https://pokeapi.co/api/v2/version-group/15/"
      }
    },
    {
      "flavor_text": "Le lanceur s\u2019approche l\u2019air de rien avant de frapper\npar surprise. N\u2019\u00e9choue jamais.",
      "language": {
        "name": "fr",
        "url": "https://pokeapi.co/api/v2/language/5/"
      },
      "version_group": {
        "name": "x-y",
        "url": "https://pokeapi.co/api/v2/version-group/15/"
      }
    },
    {
      "flavor_text": "Anwender n\u00e4hert sich mit Unschuldsmiene\ndem Ziel und schl\u00e4gt zu, sobald dieses\nunachtsam wird. Ein Treffer ist gewiss.",
      "language": {
        "name": "de",
        "url": "https://pokeapi.co/api/v2/language/6/"
      },
      "version_group": {
        "name": "x-y",
        "url": "https://pokeapi.co/api/v2/version-group/15/"
      }
    },
    {
      "flavor_text": "Enga\u00f1a al objetivo para acercarse y dar un\npu\u00f1etazo que no falla.",
      "language": {
        "name": "es",
        "url": "https://pokeapi.co/api/v2/language/7/"
      },
      "version_group": {
        "name": "x-y",
        "url": "https://pokeapi.co/api/v2/version-group/15/"
      }
    },
    {
      "flavor_text": "Chi la usa si avvicina al bersaglio facendo finta\ndi niente, per poi scagliare un pugno infallibile\na tradimento.",
      "language": {
        "name": "it",
        "url": "https://pokeapi.co/api/v2/language/8/"
      },
      "version_group": {
        "name": "x-y",
        "url": "https://pokeapi.co/api/v2/version-group/15/"
      }
    },
    {
      "flavor_text": "The user approaches the target\ndisarmingly, then throws a sucker punch.\nThis attack never misses.",
      "language": {
        "name": "en",
        "url": "https://pokeapi.co/api/v2/language/9/"
      },
      "version_group": {
        "name": "x-y",
        "url": "https://pokeapi.co/api/v2/version-group/15/"
      }
    },
    {
      "flavor_text": "\u3055\u308a\u3052\u306a\u304f\u3000\u76f8\u624b\u306b\u3000\u3061\u304b\u3065\u304d\n\u6cb9\u65ad\u3057\u305f\u3000\u3059\u304d\u3092\u3000\u307f\u3066\u3000\u306a\u3050\u308a\u3064\u3051\u308b\u3002\n\u653b\u6483\u306f\u3000\u5fc5\u305a\u3000\u547d\u4e2d\u3059\u308b\u3002",
      "language": {
        "name": "ja",
        "url": "https://pokeapi.co/api/v2/language/11/"
      },
      "version_group": {
        "name": "x-y",
        "url": "https://pokeapi.co/api/v2/version-group/15/"
      }
    },
    {
      "flavor_text": "\u3055\u308a\u3052\u306a\u304f\u3000\u3042\u3044\u3066\u306b\u3000\u3061\u304b\u3065\u304d\n\u3086\u3060\u3093\u3057\u305f\u3000\u3059\u304d\u3092\u3000\u202f\u3066\u3000\u306a\u3050\u308a\u3064\u3051\u308b\u3002\n\u3053\u3046\u3052\u304d\u306f\u3000\u304b\u306a\u3089\u305a\u3000\u3081\u3044\u3061\u3085\u3046\u3000\u3059\u308b\u3002",
      "language": {
        "name": "ja-Hrkt",
        "url": "https://pokeapi.co/api/v2/language/1/"
      },
      "version_group": {
        "name": "omega-ruby-alpha-sapphire",
        "url": "https://pokeapi.co/api/v2/version-group/16/"
      }
    },
    {
      "flavor_text": "\uc2ac\uae08\uc2ac\uae08 \uc0c1\ub300\uc5d0\uac8c \ub2e4\uac00\uac00\n\ubc29\uc2ec\ud55c \ud2c8\uc744 \ud0c0\uc11c \uc138\uac8c \ub54c\ub9b0\ub2e4.\n\uacf5\uaca9\uc740 \ubc18\ub4dc\uc2dc \uba85\uc911\ud55c\ub2e4.",
      "language": {
        "name": "ko",
        "url": "https://pokeapi.co/api/v2/language/3/"
      },
      "version_group": {
        "name": "omega-ruby-alpha-sapphire",
        "url": "https://pokeapi.co/api/v2/version-group/16/"
      }
    },
    {
      "flavor_text": "Le lanceur s\u2019approche l\u2019air de rien avant de frapper\npar surprise. N\u2019\u00e9choue jamais.",
      "language": {
        "name": "fr",
        "url": "https://pokeapi.co/api/v2/language/5/"
      },
      "version_group": {
        "name": "omega-ruby-alpha-sapphire",
        "url": "https://pokeapi.co/api/v2/version-group/16/"
      }
    },
    {
      "flavor_text": "Anwender n\u00e4hert sich mit Unschuldsmiene\ndem Ziel und schl\u00e4gt zu, sobald dieses\nunachtsam wird. Ein Treffer ist gewiss.",
      "language": {
        "name": "de",
        "url": "https://pokeapi.co/api/v2/language/6/"
      },
      "version_group": {
        "name": "omega-ruby-alpha-sapphire",
        "url": "https://pokeapi.co/api/v2/version-group/16/"
      }
    },
    {
      "flavor_text": "Enga\u00f1a al objetivo para acercarse y dar un pu\u00f1etazo \nque no falla.",
      "language": {
        "name": "es",
        "url": "https://pokeapi.co/api/v2/language/7/"
      },
      "version_group": {
        "name": "omega-ruby-alpha-sapphire",
        "url": "https://pokeapi.co/api/v2/version-group/16/"
      }
    },
    {
      "flavor_text": "Chi la usa si avvicina al bersaglio facendo finta\ndi niente, per poi scagliare un pugno infallibile\na tradimento.",
      "language": {
        "name": "it",
        "url": "https://pokeapi.co/api/v2/language/8/"
      },
      "version_group": {
        "name": "omega-ruby-alpha-sapphire",
        "url": "https://pokeapi.co/api/v2/version-group/16/"
      }
    },
    {
      "flavor_text": "The user approaches the target\ndisarmingly, then throws a sucker punch.\nThis attack never misses.",
      "language": {
        "name": "en",
        "url": "https://pokeapi.co/api/v2/language/9/"
      },
      "version_group": {
        "name": "omega-ruby-alpha-sapphire",
        "url": "https://pokeapi.co/api/v2/version-group/16/"
      }
    },
    {
      "flavor_text": "\u3055\u308a\u3052\u306a\u304f\u3000\u76f8\u624b\u306b\u3000\u3061\u304b\u3065\u304d\n\u6cb9\u65ad\u3057\u305f\u3000\u3059\u304d\u3092\u3000\u202f\u3066\u3000\u306a\u3050\u308a\u3064\u3051\u308b\u3002\n\u653b\u6483\u306f\u3000\u5fc5\u305a\u3000\u547d\u4e2d\u3059\u308b\u3002",
      "language": {
        "name": "ja",
        "url": "https://pokeapi.co/api/v2/language/11/"
      },
      "version_group": {
        "name": "omega-ruby-alpha-sapphire",
        "url": "https://pokeapi.co/api/v2/version-group/16/"
      }
    },
    {
      "flavor_text": "\u3055\u308a\u3052\u306a\u304f\u3000\u3042\u3044\u3066\u306b\u3000\u3061\u304b\u3065\u304d\n\u3086\u3060\u3093\u3057\u305f\u3000\u3059\u304d\u3092\u3000\u307f\u3066\u3000\u306a\u3050\u308a\u3064\u3051\u308b\u3002\n\u3053\u3046\u3052\u304d\u306f\u3000\u304b\u306a\u3089\u305a\u3000\u3081\u3044\u3061\u3085\u3046\u3000\u3059\u308b\u3002",
      "language": {
        "name": "ja-Hrkt",
        "url": "https://pokeapi.co/api/v2/language/1/"
      },
      "version_group": {
        "name": "sun-moon",
        "url": "https://pokeapi.co/api/v2/version-group/17/"
      }
    },
    {
      "flavor_text": "\uc2ac\uae08\uc2ac\uae08 \uc0c1\ub300\uc5d0\uac8c \ub2e4\uac00\uac00\n\ubc29\uc2ec\ud55c \ud2c8\uc744 \ud0c0\uc11c \uc138\uac8c \ub54c\ub9b0\ub2e4.\n\uacf5\uaca9\uc740 \ubc18\ub4dc\uc2dc \uba85\uc911\ud55c\ub2e4.",
      "language": {
        "name": "ko",
        "url": "https://pokeapi.co/api/v2/language/3/"
      },
      "version_group": {
        "name": "sun-moon",
        "url": "https://pokeapi.co/api/v2/version-group/17/"
      }
    },
    {
      "flavor_text": "\u82e5\u7121\u5176\u4e8b\u5730\u9760\u8fd1\u5c0d\u624b\uff0c\n\u51fa\u5176\u4e0d\u610f\u5730\u9032\u884c\u653b\u64ca\u3002\n\u653b\u64ca\u5fc5\u5b9a\u6703\u547d\u4e2d\u3002",
      "language": {
        "name": "zh-Hant",
        "url": "https://pokeapi.co/api/v2/language/4/"
      },
      "version_group": {
        "name": "sun-moon",
        "url": "https://pokeapi.co/api/v2/version-group/17/"
      }
    },
    {
      "flavor_text": "Le lanceur s\u2019approche l\u2019air de rien avant de frapper\npar surprise. N\u2019\u00e9choue jamais.",
      "language": {
        "name": "fr",
        "url": "https://pokeapi.co/api/v2/language/5/"
      },
      "version_group": {
        "name": "sun-moon",
        "url": "https://pokeapi.co/api/v2/version-group/17/"
      }
    },
    {
      "flavor_text": "Anwender n\u00e4hert sich mit Unschuldsmiene dem Ziel\nund schl\u00e4gt zu, sobald dieses unachtsam wird.\nEin Treffer ist gewiss.",
      "language": {
        "name": "de",
        "url": "https://pokeapi.co/api/v2/language/6/"
      },
      "version_group": {
        "name": "sun-moon",
        "url": "https://pokeapi.co/api/v2/version-group/17/"
      }
    },
    {
      "flavor_text": "Enga\u00f1a al objetivo para acercarse y dar un pu\u00f1etazo \nque no falla.",
      "language": {
        "name": "es",
        "url": "https://pokeapi.co/api/v2/language/7/"
      },
      "version_group": {
        "name": "sun-moon",
        "url": "https://pokeapi.co/api/v2/version-group/17/"
      }
    },
    {
      "flavor_text": "Chi la usa si avvicina al bersaglio facendo finta\ndi niente, per poi scagliare un pugno infallibile\na tradimento.",
      "language": {
        "name": "it",
        "url": "https://pokeapi.co/api/v2/language/8/"
      },
      "version_group": {
        "name": "sun-moon",
        "url": "https://pokeapi.co/api/v2/version-group/17/"
      }
    },
    {
      "flavor_text": "The user approaches the target disarmingly, then\nthrows a sucker punch. This attack never misses.",
      "language": {
        "name": "en",
        "url": "https://pokeapi.co/api/v2/language/9/"
      },
      "version_group": {
        "name": "sun-moon",
        "url": "https://pokeapi.co/api/v2/version-group/17/"
      }
    },
    {
      "flavor_text": "\u3055\u308a\u3052\u306a\u304f\u3000\u76f8\u624b\u306b\u3000\u3061\u304b\u3065\u304d\n\u6cb9\u65ad\u3057\u305f\u3000\u3059\u304d\u3092\u3000\u307f\u3066\u3000\u306a\u3050\u308a\u3064\u3051\u308b\u3002\n\u653b\u6483\u306f\u3000\u5fc5\u305a\u3000\u547d\u4e2d\u3059\u308b\u3002",
      "language": {
        "name": "ja",
        "url": "https://pokeapi.co/api/v2/language/11/"
      },
      "version_group": {
        "name": "sun-moon",
        "url": "https://pokeapi.co/api/v2/version-group/17/"
      }
    },
    {
      "flavor_text": "\u6084\u6084\u5730\u9760\u8fd1\u5bf9\u624b\uff0c\n\u8d81\u5176\u4e0d\u5907\u8fdb\u884c\u6bb4\u6253\u3002\n\u653b\u51fb\u5fc5\u5b9a\u4f1a\u547d\u4e2d\u3002",
      "language": {
        "name": "zh-Hans",
        "url": "https://pokeapi.co/api/v2/language/12/"
      },
      "version_group": {
        "name": "sun-moon",
        "url": "https://pokeapi.co/api/v2/version-group/17/"
      }
    },
    {
      "flavor_text": "\u3055\u308a\u3052\u306a\u304f\u3000\u3042\u3044\u3066\u306b\u3000\u3061\u304b\u3065\u304d\n\u3086\u3060\u3093\u3057\u305f\u3000\u3059\u304d\u3092\u3000\u307f\u3066\u3000\u306a\u3050\u308a\u3064\u3051\u308b\u3002\n\u3053\u3046\u3052\u304d\u306f\u3000\u304b\u306a\u3089\u305a\u3000\u3081\u3044\u3061\u3085\u3046\u3000\u3059\u308b\u3002",
      "language": {
        "name": "ja-Hrkt",
        "url": "https://pokeapi.co/api/v2/language/1/"
      },
      "version_group": {
        "name": "ultra-sun-ultra-moon",
        "url": "https://pokeapi.co/api/v2/version-group/18/"
      }
    },
    {
      "flavor_text": "\uc2ac\uae08\uc2ac\uae08 \uc0c1\ub300\uc5d0\uac8c \ub2e4\uac00\uac00\n\ubc29\uc2ec\ud55c \ud2c8\uc744 \ud0c0\uc11c \uc138\uac8c \ub54c\ub9b0\ub2e4.\n\uacf5\uaca9\uc740 \ubc18\ub4dc\uc2dc \uba85\uc911\ud55c\ub2e4.",
      "language": {
        "name": "ko",
        "url": "https://pokeapi.co/api/v2/language/3/"
      },
      "version_group": {
        "name": "ultra-sun-ultra-moon",
        "url": "https://pokeapi.co/api/v2/version-group/18/"
      }
    },
    {
      "flavor_text": "\u82e5\u7121\u5176\u4e8b\u5730\u9760\u8fd1\u5c0d\u624b\uff0c\n\u51fa\u5176\u4e0d\u610f\u5730\u9032\u884c\u653b\u64ca\u3002\n\u653b\u64ca\u5fc5\u5b9a\u6703\u547d\u4e2d\u3002",
      "language": {
        "name": "zh-Hant",
        "url": "https://pokeapi.co/api/v2/language/4/"
      },
      "version_group": {
        "name": "ultra-sun-ultra-moon",
        "url": "https://pokeapi.co/api/v2/version-group/18/"
      }
    },
    {
      "flavor_text": "Le lanceur s\u2019approche l\u2019air de rien avant de frapper\npar surprise. N\u2019\u00e9choue jamais.",
      "language": {
        "name": "fr",
        "url": "https://pokeapi.co/api/v2/language/5/"
      },
      "version_group": {
        "name": "ultra-sun-ultra-moon",
        "url": "https://pokeapi.co/api/v2/version-group/18/"
      }
    },
    {
      "flavor_text": "Anwender n\u00e4hert sich mit Unschuldsmiene dem Ziel\nund schl\u00e4gt zu, sobald dieses unachtsam wird.\nEin Treffer ist gewiss.",
      "language": {
        "name": "de",
        "url": "https://pokeapi.co/api/v2/language/6/"
      },
      "version_group": {
        "name": "ultra-sun-ultra-moon",
        "url": "https://pokeapi.co/api/v2/version-group/18/"
      }
    },
    {
      "flavor_text": "Enga\u00f1a al objetivo para acercarse y dar un pu\u00f1etazo \nque no falla.",
      "language": {
        "name": "es",
        "url": "https://pokeapi.co/api/v2/language/7/"
      },
      "version_group": {
        "name": "ultra-sun-ultra-moon",
        "url": "https://pokeapi.co/api/v2/version-group/18/"
      }
    },
    {
      "flavor_text": "Chi la usa si avvicina al bersaglio facendo finta\ndi niente, per poi scagliare un pugno infallibile\na tradimento.",
      "language": {
        "name": "it",
        "url": "https://pokeapi.co/api/v2/language/8/"
      },
      "version_group": {
        "name": "ultra-sun-ultra-moon",
        "url": "https://pokeapi.co/api/v2/version-group/18/"
      }
    },
    {
      "flavor_text": "The user approaches the target disarmingly, then\nthrows a sucker punch. This attack never misses.",
      "language": {
        "name": "en",
        "url": "https://pokeapi.co/api/v2/language/9/"
      },
      "version_group": {
        "name": "ultra-sun-ultra-moon",
        "url": "https://pokeapi.co/api/v2/version-group/18/"
      }
    },
    {
      "flavor_text": "\u3055\u308a\u3052\u306a\u304f\u3000\u76f8\u624b\u306b\u3000\u3061\u304b\u3065\u304d\n\u6cb9\u65ad\u3057\u305f\u3000\u3059\u304d\u3092\u3000\u307f\u3066\u3000\u306a\u3050\u308a\u3064\u3051\u308b\u3002\n\u653b\u6483\u306f\u3000\u5fc5\u305a\u3000\u547d\u4e2d\u3059\u308b\u3002",
      "language": {
        "name": "ja",
        "url": "https://pokeapi.co/api/v2/language/11/"
      },
      "version_group": {
        "name": "ultra-sun-ultra-moon",
        "url": "https://pokeapi.co/api/v2/version-group/18/"
      }
    },
    {
      "flavor_text": "\u6084\u6084\u5730\u9760\u8fd1\u5bf9\u624b\uff0c\n\u8d81\u5176\u4e0d\u5907\u8fdb\u884c\u6bb4\u6253\u3002\n\u653b\u51fb\u5fc5\u5b9a\u4f1a\u547d\u4e2d\u3002",
      "language": {
        "name": "zh-Hans",
        "url": "https://pokeapi.co/api/v2/language/12/"
      },
      "version_group": {
        "name": "ultra-sun-ultra-moon",
        "url": "https://pokeapi.co/api/v2/version-group/18/"
      }
    },
    {
      "flavor_text": "\u3055\u308a\u3052\u306a\u304f\u3000\u3042\u3044\u3066\u306b\u3000\u3061\u304b\u3065\u304d\n\u3086\u3060\u3093\u3057\u305f\u3000\u3059\u304d\u3092\u3000\u307f\u3066\u3000\u306a\u3050\u308a\u3064\u3051\u308b\u3002\n\u3053\u3046\u3052\u304d\u306f\u3000\u304b\u306a\u3089\u305a\u3000\u3081\u3044\u3061\u3085\u3046\u3000\u3059\u308b\u3002",
      "language": {
        "name": "ja-Hrkt",
        "url": "https://pokeapi.co/api/v2/language/1/"
      },
      "version_group": {
        "name": "lets-go-pikachu-lets-go-eevee",
        "url": "https://pokeapi.co/api/v2/version-group/19/"
      }
    },
    {
      "flavor_text": "\uc2ac\uae08\uc2ac\uae08 \uc0c1\ub300\uc5d0\uac8c \ub2e4\uac00\uac00\n\ubc29\uc2ec\ud55c \ud2c8\uc744 \ud0c0\uc11c \uc138\uac8c \ub54c\ub9b0\ub2e4.\n\uacf5\uaca9\uc740 \ubc18\ub4dc\uc2dc \uba85\uc911\ud55c\ub2e4.",
      "language": {
        "name": "ko",
        "url": "https://pokeapi.co/api/v2/language/3/"
      },
      "version_group": {
        "name": "lets-go-pikachu-lets-go-eevee",
        "url": "https://pokeapi.co/api/v2/version-group/19/"
      }
    },
    {
      "flavor_text": "\u82e5\u7121\u5176\u4e8b\u5730\u9760\u8fd1\u5c0d\u624b\uff0c\n\u51fa\u5176\u4e0d\u610f\u5730\u9032\u884c\u653b\u64ca\u3002\n\u653b\u64ca\u5fc5\u5b9a\u6703\u547d\u4e2d\u3002",
      "language": {
        "name": "zh-Hant",
        "url": "https://pokeapi.co/api/v2/language/4/"
      },
      "version_group": {
        "name": "lets-go-pikachu-lets-go-eevee",
        "url": "https://pokeapi.co/api/v2/version-group/19/"
      }
    },
    {
      "flavor_text": "Le lanceur s\u2019approche l\u2019air de rien avant de frapper\npar surprise. N\u2019\u00e9choue jamais.",
      "language": {
        "name": "fr",
        "url": "https://pokeapi.co/api/v2/language/5/"
      },
      "version_group": {
        "name": "lets-go-pikachu-lets-go-eevee",
        "url": "https://pokeapi.co/api/v2/version-group/19/"
      }
    },
    {
      "flavor_text": "Anwender n\u00e4hert sich mit Unschuldsmiene dem Ziel\nund schl\u00e4gt zu, sobald dieses unachtsam wird.\nEin Treffer ist gewiss.",
      "language": {
        "name": "de",
        "url": "https://pokeapi.co/api/v2/language/6/"
      },
      "version_group": {
        "name": "lets-go-pikachu-lets-go-eevee",
        "url": "https://pokeapi.co/api/v2/version-group/19/"
      }
    },
    {
      "flavor_text": "Enga\u00f1a al objetivo para acercarse y dar un pu\u00f1etazo \nque no falla.",
      "language": {
        "name": "es",
        "url": "https://pokeapi.co/api/v2/language/7/"
      },
      "version_group": {
        "name": "lets-go-pikachu-lets-go-eevee",
        "url": "https://pokeapi.co/api/v2/version-group/19/"
      }
    },
    {
      "flavor_text": "Chi la usa si avvicina al bersaglio facendo finta\ndi niente, per poi scagliare un pugno infallibile\na tradimento.",
      "language": {
        "name": "it",
        "url": "https://pokeapi.co/api/v2/language/8/"
      },
      "version_group": {
        "name": "lets-go-pikachu-lets-go-eevee",
        "url": "https://pokeapi.co/api/v2/version-group/19/"
      }
    },
    {
      "flavor_text": "The user approaches the target disarmingly, then\nthrows a sucker punch. This attack never misses.",
      "language": {
        "name": "en",
        "url": "https://pokeapi.co/api/v2/language/9/"
      },
      "version_group": {
        "name": "lets-go-pikachu-lets-go-eevee",
        "url": "https://pokeapi.co/api/v2/version-group/19/"
      }
    },
    {
      "flavor_text": "\u3055\u308a\u3052\u306a\u304f\u3000\u76f8\u624b\u306b\u3000\u3061\u304b\u3065\u304d\n\u6cb9\u65ad\u3057\u305f\u3000\u3059\u304d\u3092\u3000\u307f\u3066\u3000\u306a\u3050\u308a\u3064\u3051\u308b\u3002\n\u653b\u6483\u306f\u3000\u5fc5\u305a\u3000\u547d\u4e2d\u3059\u308b\u3002",
      "language": {
        "name": "ja",
        "url": "https://pokeapi.co/api/v2/language/11/"
      },
      "version_group": {
        "name": "lets-go-pikachu-lets-go-eevee",
        "url": "https://pokeapi.co/api/v2/version-group/19/"
      }
    },
    {
      "flavor_text": "\u6084\u6084\u5730\u9760\u8fd1\u5bf9\u624b\uff0c\n\u8d81\u5176\u4e0d\u5907\u8fdb\u884c\u6bb4\u6253\u3002\n\u653b\u51fb\u5fc5\u5b9a\u4f1a\u547d\u4e2d\u3002",
      "language": {
        "name": "zh-Hans",
        "url": "https://pokeapi.co/api/v2/language/12/"
      },
      "version_group": {
        "name": "lets-go-pikachu-lets-go-eevee",
        "url": "https://pokeapi.co/api/v2/version-group/19/"
      }
    },
    {
      "flavor_text": "\u3053\u306e\u308f\u3056\u306f\u3000\u3064\u304b\u3048\u307e\u305b\u3093\n\u304a\u3082\u3044\u3060\u3059\u3053\u3068\u304c\u3000\u3067\u304d\u306a\u304f\u306a\u308a\u307e\u3059\u304c\n\u308f\u3056\u3092\u3000\u308f\u3059\u308c\u308b\u3053\u3068\u3092\u3000\u304a\u3059\u3059\u3081\u3057\u307e\u3059",
      "language": {
        "name": "ja-Hrkt",
        "url": "https://pokeapi.co/api/v2/language/1/"
      },
      "version_group": {
        "name": "sword-shield",
        "url": "https://pokeapi.co/api/v2/version-group/20/"
      }
    },
    {
      "flavor_text": "\uc0ac\uc6a9\ud560 \uc218 \uc5c6\ub294 \uae30\uc220\uc785\ub2c8\ub2e4.\n\ub2e4\uc2dc \ubc30\uc6b0\uac8c \ud560 \uc218 \uc5c6\uc9c0\ub9cc\n\uae30\uc220\uc744 \uc78a\uac8c \ud558\ub294 \uac83\uc744 \uad8c\uc7a5\ud569\ub2c8\ub2e4.",
      "language": {
        "name": "ko",
        "url": "https://pokeapi.co/api/v2/language/3/"
      },
      "version_group": {
        "name": "sword-shield",
        "url": "https://pokeapi.co/api/v2/version-group/20/"
      }
    },
    {
      "flavor_text": "\u7121\u6cd5\u4f7f\u7528\u6b64\u62db\u5f0f\u3002\n\u96d6\u7136\u5fd8\u8a18\u5f8c\u5c07\u7121\u6cd5\u518d\u60f3\u8d77\u4f86\uff0c\n\u4f46\u9084\u662f\u5efa\u8b70\u5fd8\u8a18\u6b64\u62db\u5f0f\u3002",
      "language": {
        "name": "zh-Hant",
        "url": "https://pokeapi.co/api/v2/language/4/"
      },
      "version_group": {
        "name": "sword-shield",
        "url": "https://pokeapi.co/api/v2/version-group/20/"
      }
    },
    {
      "flavor_text": "Cette capacit\u00e9 ne peut pas \u00eatre utilis\u00e9e.\nIl est recommand\u00e9 de l\u2019oublier, m\u00eame s\u2019il sera\nimpossible de se la rem\u00e9morer une fois oubli\u00e9e.",
      "language": {
        "name": "fr",
        "url": "https://pokeapi.co/api/v2/language/5/"
      },
      "version_group": {
        "name": "sword-shield",
        "url": "https://pokeapi.co/api/v2/version-group/20/"
      }
    },
    {
      "flavor_text": "Diese Attacke kann nicht eingesetzt werden. Du solltest\ndein Pok\u00e9mon sie vergessen lassen. Beachte aber,\ndass es sich danach nicht wieder an sie erinnern kann.",
      "language": {
        "name": "de",
        "url": "https://pokeapi.co/api/v2/language/6/"
      },
      "version_group": {
        "name": "sword-shield",
        "url": "https://pokeapi.co/api/v2/version-group/20/"
      }
    },
    {
      "flavor_text": "Este movimiento no se puede usar, por lo que ser\u00eda\nmejor olvidarlo, aunque eso implique que no se pueda\nrecordar posteriormente.",
      "language": {
        "name": "es",
        "url": "https://pokeapi.co/api/v2/language/7/"
      },
      "version_group": {
        "name": "sword-shield",
        "url": "https://pokeapi.co/api/v2/version-group/20/"
      }
    },
    {
      "flavor_text": "Questa mossa non pu\u00f2 essere usata.\n\u00c8 consigliabile farla dimenticare al Pok\u00e9mon. Tuttavia,\nuna volta dimenticata, non potr\u00e0 pi\u00f9 essere ricordata.",
      "language": {
        "name": "it",
        "url": "https://pokeapi.co/api/v2/language/8/"
      },
      "version_group": {
        "name": "sword-shield",
        "url": "https://pokeapi.co/api/v2/version-group/20/"
      }
    },
    {
      "flavor_text": "This move can\u2019t be used.\nIt\u2019s recommended that this move is forgotten.\nOnce forgotten, this move can\u2019t be remembered.",
      "language": {
        "name": "en",
        "url": "https://pokeapi.co/api/v2/language/9/"
      },
      "version_group": {
        "name": "sword-shield",
        "url": "https://pokeapi.co/api/v2/version-group/20/"
      }
    },
    {
      "flavor_text": "\u3053\u306e\u6280\u306f\u3000\u4f7f\u3048\u307e\u305b\u3093\n\u601d\u3044\u51fa\u3059\u3053\u3068\u304c\u3000\u3067\u304d\u306a\u304f\u306a\u308a\u307e\u3059\u304c\n\u6280\u3092\u3000\u5fd8\u308c\u308b\u3053\u3068\u3092\u3000\u304a\u3059\u3059\u3081\u3057\u307e\u3059",
      "language": {
        "name": "ja",
        "url": "https://pokeapi.co/api/v2/language/11/"
      },
      "version_group": {
        "name": "sword-shield",
        "url": "https://pokeapi.co/api/v2/version-group/20/"
      }
    },
    {
      "flavor_text": "\u65e0\u6cd5\u4f7f\u7528\u8fd9\u4e2a\u62db\u5f0f\u3002\n\u867d\u7136\u5fd8\u8bb0\u4e4b\u540e\u5c31\u518d\u4e5f\u60f3\u4e0d\u8d77\u6765\u4e86\uff0c\n\u4f46\u8fd8\u662f\u5efa\u8bae\u5fd8\u8bb0\u8fd9\u4e2a\u62db\u5f0f\u3002",
      "language": {
        "name": "zh-Hans",
        "url": "https://pokeapi.co/api/v2/language/12/"
      },
      "version_group": {
        "name": "sword-shield",
        "url": "https://pokeapi.co/api/v2/version-group/20/"
      }
    }
  ],
  "generation": {
    "name": "generation-ii",
    "url": "https://pokeapi.co/api/v2/generation/2/"
  },
  "id": 185,
  "learned_by_pokemon": [
    {
      "name": "pidgey",
      "url": "https://pokeapi.co/api/v2/pokemon/16/"
    },
    {
      "name": "spearow",
      "url": "https://pokeapi.co/api/v2/pokemon/21/"
    },
    {
      "name": "vulpix",
      "url": "https://pokeapi.co/api/v2/pokemon/37/"
    },
    {
      "name": "zubat",
      "url": "https://pokeapi.co/api/v2/pokemon/41/"
    },
    {
      "name": "diglett",
      "url": "https://pokeapi.co/api/v2/pokemon/50/"
    },
    {
      "name": "meowth",
      "url": "https://pokeapi.co/api/v2/pokemon/52/"
    },
    {
      "name": "persian",
      "url": "https://pokeapi.co/api/v2/pokemon/53/"
    },
    {
      "name": "doduo",
      "url": "https://pokeapi.co/api/v2/pokemon/84/"
    },
    {
      "name": "magmar",
      "url": "https://pokeapi.co/api/v2/pokemon/126/"
    },
    {
      "name": "pinsir",
      "url": "https://pokeapi.co/api/v2/pokemon/127/"
    },
    {
      "name": "mew",
      "url": "https://pokeapi.co/api/v2/pokemon/151/"
    },
    {
      "name": "hoothoot",
      "url": "https://pokeapi.co/api/v2/pokemon/163/"
    },
    {
      "name": "igglybuff",
      "url": "https://pokeapi.co/api/v2/pokemon/174/"
    },
    {
      "name": "natu",
      "url": "https://pokeapi.co/api/v2/pokemon/177/"
    },
    {
      "name": "sudowoodo",
      "url": "https://pokeapi.co/api/v2/pokemon/185/"
    },
    {
      "name": "yanma",
      "url": "https://pokeapi.co/api/v2/pokemon/193/"
    },
    {
      "name": "umbreon",
      "url": "https://pokeapi.co/api/v2/pokemon/197/"
    },
    {
      "name": "murkrow",
      "url": "https://pokeapi.co/api/v2/pokemon/198/"
    },
    {
      "name": "gligar",
      "url": "https://pokeapi.co/api/v2/pokemon/207/"
    },
    {
      "name": "snubbull",
      "url": "https://pokeapi.co/api/v2/pokemon/209/"
    },
    {
      "name": "sneasel",
      "url": "https://pokeapi.co/api/v2/pokemon/215/"
    },
    {
      "name": "teddiursa",
      "url": "https://pokeapi.co/api/v2/pokemon/216/"
    },
    {
      "name": "ursaring",
      "url": "https://pokeapi.co/api/v2/pokemon/217/"
    },
    {
      "name": "houndour",
      "url": "https://pokeapi.co/api/v2/pokemon/228/"
    },
    {
      "name": "houndoom",
      "url": "https://pokeapi.co/api/v2/pokemon/229/"
    },
    {
      "name": "magby",
      "url": "https://pokeapi.co/api/v2/pokemon/240/"
    },
    {
      "name": "nuzleaf",
      "url": "https://pokeapi.co/api/v2/pokemon/274/"
    },
    {
      "name": "shiftry",
      "url": "https://pokeapi.co/api/v2/pokemon/275/"
    },
    {
      "name": "slakoth",
      "url": "https://pokeapi.co/api/v2/pokemon/287/"
    },
    {
      "name": "slaking",
      "url": "https://pokeapi.co/api/v2/pokemon/289/"
    },
    {
      "name": "nincada",
      "url": "https://pokeapi.co/api/v2/pokemon/290/"
    },
    {
      "name": "makuhita",
      "url": "https://pokeapi.co/api/v2/pokemon/296/"
    },
    {
      "name": "skitty",
      "url": "https://pokeapi.co/api/v2/pokemon/300/"
    },
    {
      "name": "sableye",
      "url": "https://pokeapi.co/api/v2/pokemon/302/"
    },
    {
      "name": "mawile",
      "url": "https://pokeapi.co/api/v2/pokemon/303/"
    },
    {
      "name": "spinda",
      "url": "https://pokeapi.co/api/v2/pokemon/327/"
    },
    {
      "name": "trapinch",
      "url": "https://pokeapi.co/api/v2/pokemon/328/"
    },
    {
      "name": "vibrava",
      "url": "https://pokeapi.co/api/v2/pokemon/329/"
    },
    {
      "name": "flygon",
      "url": "https://pokeapi.co/api/v2/pokemon/330/"
    },
    {
      "name": "cacnea",
      "url": "https://pokeapi.co/api/v2/pokemon/331/"
    },
    {
      "name": "cacturne",
      "url": "https://pokeapi.co/api/v2/pokemon/332/"
    },
    {
      "name": "kecleon",
      "url": "https://pokeapi.co/api/v2/pokemon/352/"
    },
    {
      "name": "shuppet",
      "url": "https://pokeapi.co/api/v2/pokemon/353/"
    },
    {
      "name": "banette",
      "url": "https://pokeapi.co/api/v2/pokemon/354/"
    },
    {
      "name": "duskull",
      "url": "https://pokeapi.co/api/v2/pokemon/355/"
    },
    {
      "name": "absol",
      "url": "https://pokeapi.co/api/v2/pokemon/359/"
    },
    {
      "name": "huntail",
      "url": "https://pokeapi.co/api/v2/pokemon/367/"
    },
    {
      "name": "glameow",
      "url": "https://pokeapi.co/api/v2/pokemon/431/"
    },
    {
      "name": "purugly",
      "url": "https://pokeapi.co/api/v2/pokemon/432/"
    },
    {
      "name": "bronzor",
      "url": "https://pokeapi.co/api/v2/pokemon/436/"
    },
    {
      "name": "bronzong",
      "url": "https://pokeapi.co/api/v2/pokemon/437/"
    },
    {
      "name": "bonsly",
      "url": "https://pokeapi.co/api/v2/pokemon/438/"
    },
    {
      "name": "spiritomb",
      "url": "https://pokeapi.co/api/v2/pokemon/442/"
    },
    {
      "name": "skorupi",
      "url": "https://pokeapi.co/api/v2/pokemon/451/"
    },
    {
      "name": "croagunk",
      "url": "https://pokeapi.co/api/v2/pokemon/453/"
    },
    {
      "name": "toxicroak",
      "url": "https://pokeapi.co/api/v2/pokemon/454/"
    },
    {
      "name": "carnivine",
      "url": "https://pokeapi.co/api/v2/pokemon/455/"
    },
    {
      "name": "weavile",
      "url": "https://pokeapi.co/api/v2/pokemon/461/"
    },
    {
      "name": "magmortar",
      "url": "https://pokeapi.co/api/v2/pokemon/467/"
    },
    {
      "name": "gliscor",
      "url": "https://pokeapi.co/api/v2/pokemon/472/"
    },
    {
      "name": "darkrai",
      "url": "https://pokeapi.co/api/v2/pokemon/491/"
    },
    {
      "name": "purrloin",
      "url": "https://pokeapi.co/api/v2/pokemon/509/"
    },
    {
      "name": "dwebble",
      "url": "https://pokeapi.co/api/v2/pokemon/557/"
    },
    {
      "name": "crustle",
      "url": "https://pokeapi.co/api/v2/pokemon/558/"
    },
    {
      "name": "scraggy",
      "url": "https://pokeapi.co/api/v2/pokemon/559/"
    },
    {
      "name": "scrafty",
      "url": "https://pokeapi.co/api/v2/pokemon/560/"
    },
    {
      "name": "zorua",
      "url": "https://pokeapi.co/api/v2/pokemon/570/"
    },
    {
      "name": "zoroark",
      "url": "https://pokeapi.co/api/v2/pokemon/571/"
    },
    {
      "name": "gothita",
      "url": "https://pokeapi.co/api/v2/pokemon/574/"
    },
    {
      "name": "gothorita",
      "url": "https://pokeapi.co/api/v2/pokemon/575/"
    },
    {
      "name": "gothitelle",
      "url": "https://pokeapi.co/api/v2/pokemon/576/"
    },
    {
      "name": "deerling",
      "url": "https://pokeapi.co/api/v2/pokemon/585/"
    },
    {
      "name": "sawsbuck",
      "url": "https://pokeapi.co/api/v2/pokemon/586/"
    },
    {
      "name": "karrablast",
      "url": "https://pokeapi.co/api/v2/pokemon/588/"
    },
    {
      "name": "foongus",
      "url": "https://pokeapi.co/api/v2/pokemon/590/"
    },
    {
      "name": "amoonguss",
      "url": "https://pokeapi.co/api/v2/pokemon/591/"
    },
    {
      "name": "joltik",
      "url": "https://pokeapi.co/api/v2/pokemon/595/"
    },
    {
      "name": "druddigon",
      "url": "https://pokeapi.co/api/v2/pokemon/621/"
    },
    {
      "name": "pawniard",
      "url": "https://pokeapi.co/api/v2/pokemon/624/"
    },
    {
      "name": "bisharp",
      "url": "https://pokeapi.co/api/v2/pokemon/625/"
    },
    {
      "name": "vullaby",
      "url": "https://pokeapi.co/api/v2/pokemon/629/"
    },
    {
      "name": "mandibuzz",
      "url": "https://pokeapi.co/api/v2/pokemon/630/"
    },
    {
      "name": "heatmor",
      "url": "https://pokeapi.co/api/v2/pokemon/631/"
    },
    {
      "name": "durant",
      "url": "https://pokeapi.co/api/v2/pokemon/632/"
    },
    {
      "name": "greninja",
      "url": "https://pokeapi.co/api/v2/pokemon/658/"
    },
    {
      "name": "skrelp",
      "url": "https://pokeapi.co/api/v2/pokemon/690/"
    },
    {
      "name": "dragalge",
      "url": "https://pokeapi.co/api/v2/pokemon/691/"
    },
    {
      "name": "phantump",
      "url": "https://pokeapi.co/api/v2/pokemon/708/"
    },
    {
      "name": "trevenant",
      "url": "https://pokeapi.co/api/v2/pokemon/709/"
    },
    {
      "name": "wishiwashi-solo",
      "url": "https://pokeapi.co/api/v2/pokemon/746/"
    },
    {
      "name": "oranguru",
      "url": "https://pokeapi.co/api/v2/pokemon/765/"
    },
    {
      "name": "mimikyu-disguised",
      "url": "https://pokeapi.co/api/v2/pokemon/778/"
    },
    {
      "name": "pinsir-mega",
      "url": "https://pokeapi.co/api/v2/pokemon/10040/"
    },
    {
      "name": "houndoom-mega",
      "url": "https://pokeapi.co/api/v2/pokemon/10048/"
    },
    {
      "name": "mawile-mega",
      "url": "https://pokeapi.co/api/v2/pokemon/10052/"
    },
    {
      "name": "banette-mega",
      "url": "https://pokeapi.co/api/v2/pokemon/10056/"
    },
    {
      "name": "absol-mega",
      "url": "https://pokeapi.co/api/v2/pokemon/10057/"
    },
    {
      "name": "sableye-mega",
      "url": "https://pokeapi.co/api/v2/pokemon/10066/"
    },
    {
      "name": "vulpix-alola",
      "url": "https://pokeapi.co/api/v2/pokemon/10103/"
    },
    {
      "name": "diglett-alola",
      "url": "https://pokeapi.co/api/v2/pokemon/10105/"
    },
    {
      "name": "meowth-alola",
      "url": "https://pokeapi.co/api/v2/pokemon/10107/"
    },
    {
      "name": "persian-alola",
      "url": "https://pokeapi.co/api/v2/pokemon/10108/"
    },
    {
      "name": "greninja-battle-bond",
      "url": "https://pokeapi.co/api/v2/pokemon/10116/"
    },
    {
      "name": "greninja-ash",
      "url": "https://pokeapi.co/api/v2/pokemon/10117/"
    },
    {
      "name": "wishiwashi-school",
      "url": "https://pokeapi.co/api/v2/pokemon/10127/"
    },
    {
      "name": "mimikyu-busted",
      "url": "https://pokeapi.co/api/v2/pokemon/10143/"
    },
    {
      "name": "mimikyu-totem-disguised",
      "url": "https://pokeapi.co/api/v2/pokemon/10144/"
    },
    {
      "name": "mimikyu-totem-busted",
      "url": "https://pokeapi.co/api/v2/pokemon/10145/"
    }
  ],
  "machines": [],
  "meta": {
    "ailment": {
      "name": "none",
      "url": "https://pokeapi.co/api/v2/move-ailment/0/"
    },
    "ailment_chance": 0,
    "category": {
      "name": "damage",
      "url": "https://pokeapi.co/api/v2/move-category/0/"
    },
    "crit_rate": 0,
    "drain": 0,
    "flinch_chance": 0,
    "healing": 0,
    "max_hits": null,
    "max_turns": null,
    "min_hits": null,
    "min_turns": null,
    "stat_chance": 0
  },
  "name": "feint-attack",
  "names": [
    {
      "language": {
        "name": "ja-Hrkt",
        "url": "https://pokeapi.co/api/v2/language/1/"
      },
      "name": "\u3060\u307e\u3057\u3046\u3061"
    },
    {
      "language": {
        "name": "ko",
        "url": "https://pokeapi.co/api/v2/language/3/"
      },
      "name": "\uc18d\uc5ec\ub54c\ub9ac\uae30"
    },
    {
      "language": {
        "name": "zh-Hant",
        "url": "https://pokeapi.co/api/v2/language/4/"
      },
      "name": "\u51fa\u5947\u4e00\u64ca"
    },
    {
      "language": {
        "name": "fr",
        "url": "https://pokeapi.co/api/v2/language/5/"
      },
      "name": "Feinte"
    },
    {
      "language": {
        "name": "de",
        "url": "https://pokeapi.co/api/v2/language/6/"
      },
      "name": "Finte"
    },
    {
      "language": {
        "name": "es",
        "url": "https://pokeapi.co/api/v2/language/7/"
      },
      "name": "Finta"
    },
    {
      "language": {
        "name": "it",
        "url": "https://pokeapi.co/api/v2/language/8/"
      },
      "name": "Finta"
    },
    {
      "language": {
        "name": "en",
        "url": "https://pokeapi.co/api/v2/language/9/"
      },
      "name": "Feint Attack"
    },
    {
      "language": {
        "name": "ja",
        "url": "https://pokeapi.co/api/v2/language/11/"
      },
      "name": "\u3060\u307e\u3057\u3046\u3061"
    },
    {
      "language": {
        "name": "zh-Hans",
        "url": "https://pokeapi.co/api/v2/language/12/"
      },
      "name": "\u51fa\u5947\u4e00\u51fb"
    }
  ],
  "past_values": [],
  "power": 60,
  "pp": 20,
  "priority": 0,
  "stat_changes": [],
  "super_contest_effect": {
    "url": "https://pokeapi.co/api/v2/super-contest-effect/18/"
  },
  "target": {
    "name": "selected-pokemon",
    "url": "https://pokeapi.co/api/v2/move-target/10/"
  },
  "type": {
    "name": "dark",
    "url": "https://pokeapi.co/api/v2/type/17/"
  }
}