{
  "accuracy": null,
  "contest_combos": null,
  "contest_effect": null,
  "contest_type": {
    "name": "beauty",
    "url": "https://pokeapi.co/api/v2/contest-type/2/"
  },
  "damage_class": {
    "name": "status",
    "url": "https://pokeapi.co/api/v2/move-damage-class/1/"
  },
  "effect_chance": null,
  "effect_changes": [],
  "effect_entries": [
    {
      "effect": "For five turns (including this one), all immunities to ground moves are disabled.  For the duration of this effect, the evasion of every Pok\u00e9mon on the field is lowered by two stages.  Cancels the effects of bounce, fly, and sky drop.\n\nSpecifically, flying Pok\u00e9mon and those with levitate or that have used magnet rise are no longer immune to ground attacks, arena trap, spikes, or toxic spikes.\n\nbounce, fly, sky drop, high jump kick, jump kick, and splash cannot be used while this move is in effect.\n\n*Bug*: If this move is used during a double or triple battle while Pok\u00e9mon are under the effect of sky drop, Sky Drop\u2019s effect is not correctly canceled on its target, and it remains high in the air indefinitely.  As Sky Drop prevents the target from acting, the only way to subsequently remove it from the field is to faint it.",
      "language": {
        "name": "en",
        "url": "https://pokeapi.co/api/v2/language/9/"
      },
      "short_effect": "Disables moves and immunities that involve flying or levitating for five turns."
    }
  ],
  "flavor_text_entries": [
    {
      "flavor_text": "Gravity is intensified\nfor five turns, making\nmoves involving flying\nunusable and\nnegating Levitation.",
      "language": {
        "name": "en",
        "url": "https://pokeapi.co/api/v2/language/9/"
      },
      "version_group": {
        "name": "diamond-pearl",
        "url": "https://pokeapi.co/api/v2/version-group/8/"
      }
    },
    {
      "flavor_text": "Gravity is intensified\nfor five turns, making\nmoves involving flying\nunusable and\nnegating Levitation.",
      "language": {
        "name": "en",
        "url": "https://pokeapi.co/api/v2/language/9/"
      },
      "version_group": {
        "name": "platinum",
        "url": "https://pokeapi.co/api/v2/version-group/9/"
      }
    },
    {
      "flavor_text": "Gravity is intensified\nfor five turns, making\nmoves involving flying\nunusable and\nnegating Levitation.",
      "language": {
        "name": "en",
        "url": "https://pokeapi.co/api/v2/language/9/"
      },
      "version_group": {
        "name": "heartgold-soulsilver",
        "url": "https://pokeapi.co/api/v2/version-group/10/"
      }
    },
    {
      "flavor_text": "La gravit\u00e9 augmente pendant 5 tours,\nce qui emp\u00eache les capacit\u00e9s volantes\net annule L\u00e9vitation.",
      "language": {
        "name": "fr",
        "url": "https://pokeapi.co/api/v2/language/5/"
      },
      "version_group": {
        "name": "black-white",
        "url": "https://pokeapi.co/api/v2/version-group/11/"
      }
    },
    {
      "flavor_text": "Gravity is intensified for five turns,\nmaking moves involving flying unusable\nand negating Levitate.",
      "language": {
        "name": "en",
        "url": "https://pokeapi.co/api/v2/language/9/"
      },
      "version_group": {
        "name": "black-white",
        "url": "https://pokeapi.co/api/v2/version-group/11/"
      }
    },
    {
      "flavor_text": "Gravity is intensified for five turns,\nmaking moves involving flying unusable\nand negating Levitate.",
      "language": {
        "name": "en",
        "url": "https://pokeapi.co/api/v2/language/9/"
      },
      "version_group": {
        "name": "black-2-white-2",
        "url": "https://pokeapi.co/api/v2/version-group/14/"
      }
    },
    {
      "flavor_text": "\uff15\u30bf\u30fc\u30f3\u306e\u3000\u3042\u3044\u3060\n\u3058\u3085\u3046\u308a\u3087\u304f\u3092\u3000\u3064\u3088\u304f\u3057\u3066\u3000\u3075\u3086\u3046\u3084\n\u305d\u3089\u3078\u3000\u3068\u3076\u3000\u308f\u3056\u3092\u3000\u3064\u304b\u3048\u306a\u304f\u3000\u3059\u308b\u3002",
      "language": {
        "name": "ja-Hrkt",
        "url": "https://pokeapi.co/api/v2/language/1/"
      },
      "version_group": {
        "name": "x-y",
        "url": "https://pokeapi.co/api/v2/version-group/15/"
      }
    },
    {
      "flavor_text": "5\ud134 \ub3d9\uc548 \uc911\ub825\uc744\n\uac15\ud558\uac8c \ud574\uc11c \ubd80\uc720\ub098 \ud558\ub298\uc744 \ub098\ub294\n\uae30\uc220\uc744 \uc0ac\uc6a9\ud560 \uc218 \uc5c6\uac8c \ud55c\ub2e4.",
      "language": {
        "name": "ko",
        "url": "https://pokeapi.co/api/v2/language/3/"
      },
      "version_group": {
        "name": "x-y",
        "url": "https://pokeapi.co/api/v2/version-group/15/"
      }
    },
    {
      "flavor_text": "La gravit\u00e9 augmente pendant cinq tours, ce qui\nemp\u00eache les capacit\u00e9s volantes et annule\nL\u00e9vitation.",
      "language": {
        "name": "fr",
        "url": "https://pokeapi.co/api/v2/language/5/"
      },
      "version_group": {
        "name": "x-y",
        "url": "https://pokeapi.co/api/v2/version-group/15/"
      }
    },
    {
      "flavor_text": "Die Gravitation wird f\u00fcr f\u00fcnf Runden erh\u00f6ht.\nMacht Fliegen unm\u00f6glich und verhindert Schwebe.",
      "language": {
        "name": "de",
        "url": "https://pokeapi.co/api/v2/language/6/"
      },
      "version_group": {
        "name": "x-y",
        "url": "https://pokeapi.co/api/v2/version-group/15/"
      }
    },
    {
      "flavor_text": "La gravedad aumenta durante cinco turnos, lo que\nimpide acciones que impliquen volar o levitar.",
      "language": {
        "name": "es",
        "url": "https://pokeapi.co/api/v2/language/7/"
      },
      "version_group": {
        "name": "x-y",
        "url": "https://pokeapi.co/api/v2/version-group/15/"
      }
    },
    {
      "flavor_text": "Intensifica la gravit\u00e0 per cinque turni. Le mosse\nche fanno volare sono inutilizzabili e l\u2019abilit\u00e0\nLevitazione non ha effetto.",
      "language": {
        "name": "it",
        "url": "https://pokeapi.co/api/v2/language/8/"
      },
      "version_group": {
        "name": "x-y",
        "url": "https://pokeapi.co/api/v2/version-group/15/"
      }
    },
    {
      "flavor_text": "Gravity is intensified for five turns,\nmaking moves involving flying unusable\nand negating Levitate.",
      "language": {
        "name": "en",
        "url": "https://pokeapi.co/api/v2/language/9/"
      },
      "version_group": {
        "name": "x-y",
        "url": "https://pokeapi.co/api/v2/version-group/15/"
      }
    },
    {
      "flavor_text": "\uff15\u30bf\u30fc\u30f3\u306e\u3000\u3042\u3044\u3060\n\u91cd\u529b\u3092\u3000\u5f37\u304f\u3057\u3066\u3000\u3075\u3086\u3046\u3084\n\u7a7a\u3078\u3000\u98db\u3076\u3000\u6280\u3092\u3000\u4f7f\u3048\u306a\u304f\u3059\u308b\u3002",
      "language": {
        "name": "ja",
        "url": "https://pokeapi.co/api/v2/language/11/"
      },
      "version_group": {
        "name": "x-y",
        "url": "https://pokeapi.co/api/v2/version-group/15/"
      }
    },
    {
      "flavor_text": "\uff15\u30bf\u30fc\u30f3\u306e\u3000\u3042\u3044\u3060\n\u3058\u3085\u3046\u308a\u3087\u304f\u3092\u3000\u3064\u3088\u304f\u3057\u3066\u3000\u3075\u3086\u3046\u3084\n\u305d\u3089\u3078\u3000\u3068\u3076\u3000\u308f\u3056\u3092\u3000\u3064\u304b\u3048\u306a\u304f\u3000\u3059\u308b\u3002",
      "language": {
        "name": "ja-Hrkt",
        "url": "https://pokeapi.co/api/v2/language/1/"
      },
      "version_group": {
        "name": "omega-ruby-alpha-sapphire",
        "url": "https://pokeapi.co/api/v2/version-group/16/"
      }
    },
    {
      "flavor_text": "5\ud134 \ub3d9\uc548 \uc911\ub825\uc744\n\uac15\ud558\uac8c \ud574\uc11c \ubd80\uc720\ub098 \ud558\ub298\uc744 \ub098\ub294\n\uae30\uc220\uc744 \uc0ac\uc6a9\ud560 \uc218 \uc5c6\uac8c \ud55c\ub2e4.",
      "language": {
        "name": "ko",
        "url": "https://pokeapi.co/api/v2/language/3/"
      },
      "version_group": {
        "name": "omega-ruby-alpha-sapphire",
        "url": "https://pokeapi.co/api/v2/version-group/16/"
      }
    },
    {
      "flavor_text": "La gravit\u00e9 augmente pendant cinq tours, ce qui\nemp\u00eache les capacit\u00e9s volantes et annule\nL\u00e9vitation.",
      "language": {
        "name": "fr",
        "url": "https://pokeapi.co/api/v2/language/5/"
      },
      "version_group": {
        "name": "omega-ruby-alpha-sapphire",
        "url": "https://pokeapi.co/api/v2/version-group/16/"
      }
    },
    {
      "flavor_text": "Die Gravitation wird f\u00fcr f\u00fcnf Runden erh\u00f6ht.\nMacht Fliegen unm\u00f6glich und verhindert Schwebe.",
      "language": {
        "name": "de",
        "url": "https://pokeapi.co/api/v2/language/6/"
      },
      "version_group": {
        "name": "omega-ruby-alpha-sapphire",
        "url": "https://pokeapi.co/api/v2/version-group/16/"
      }
    },
    {
      "flavor_text": "La gravedad aumenta durante cinco turnos, lo que \nimpide acciones que impliquen volar o levitar.",
      "language": {
        "name": "es",
        "url": "https://pokeapi.co/api/v2/language/7/"
      },
      "version_group": {
        "name": "omega-ruby-alpha-sapphire",
        "url": "https://pokeapi.co/api/v2/version-group/16/"
      }
    },
    {
      "flavor_text": "Intensifica la gravit\u00e0 per cinque turni. Le mosse\nche fanno volare sono inutilizzabili e l\u2019abilit\u00e0\nLevitazione non ha effetto.",
      "language": {
        "name": "it",
        "url": "https://pokeapi.co/api/v2/language/8/"
      },
      "version_group": {
        "name": "omega-ruby-alpha-sapphire",
        "url": "https://pokeapi.co/api/v2/version-group/16/"
      }
    },
    {
      "flavor_text": "Gravity is intensified for five turns,\nmaking moves involving flying unusable\nand negating Levitate.",
      "language": {
        "name": "en",
        "url": "https://pokeapi.co/api/v2/language/9/"
      },
      "version_group": {
        "name": "omega-ruby-alpha-sapphire",
        "url": "https://pokeapi.co/api/v2/version-group/16/"
      }
    },
    {
      "flavor_text": "\uff15\u30bf\u30fc\u30f3\u306e\u3000\u3042\u3044\u3060\n\u91cd\u529b\u3092\u3000\u5f37\u304f\u3057\u3066\u3000\u3075\u3086\u3046\u3084\n\u7a7a\u3078\u3000\u98db\u3076\u3000\u6280\u3092\u3000\u4f7f\u3048\u306a\u304f\u3059\u308b\u3002",
      "language": {
        "name": "ja",
        "url": "https://pokeapi.co/api/v2/language/11/"
      },
      "version_group": {
        "name": "omega-ruby-alpha-sapphire",
        "url": "https://pokeapi.co/api/v2/version-group/16/"
      }
    },
    {
      "flavor_text": "\uff15\u30bf\u30fc\u30f3\u306e\u3042\u3044\u3060\u3000\u3075\u3086\u3046\u3084\u3000\u3072\u3053\u3046\u30bf\u30a4\u30d7\u306b\n\u3058\u3081\u3093\u30bf\u30a4\u30d7\u306e\u3000\u308f\u3056\u304c\u3000\u3042\u305f\u308b\u3088\u3046\u306b\u306a\u308b\u3002\n\u304f\u3046\u3061\u3085\u3046\u306b\u3000\u3068\u3076\u3000\u308f\u3056\u3082\u3000\u3064\u304b\u3048\u306a\u3044\u3002",
      "language": {
        "name": "ja-Hrkt",
        "url": "https://pokeapi.co/api/v2/language/1/"
      },
      "version_group": {
        "name": "sun-moon",
        "url": "https://pokeapi.co/api/v2/version-group/17/"
      }
    },
    {
      "flavor_text": "5\ud134 \ub3d9\uc548 \ubd80\uc720\ub098 \ube44\ud589\ud0c0\uc785\uc5d0\n\ub545\ud0c0\uc785\uc758 \uae30\uc220\uc774 \ub9de\uac8c \ub41c\ub2e4.\n\uacf5\uc911\uc73c\ub85c \ub098\ub294 \uae30\uc220\ub3c4 \uc0ac\uc6a9\ud560 \uc218 \uc5c6\ub2e4.",
      "language": {
        "name": "ko",
        "url": "https://pokeapi.co/api/v2/language/3/"
      },
      "version_group": {
        "name": "sun-moon",
        "url": "https://pokeapi.co/api/v2/version-group/17/"
      }
    },
    {
      "flavor_text": "\u5728\uff15\u56de\u5408\u5167\uff0c\u98c4\u6d6e\u7279\u6027\u548c\u98db\u884c\u5c6c\u6027\u7684\n\u5bf6\u53ef\u5922\u6703\u88ab\u5730\u9762\u5c6c\u6027\u7684\u62db\u5f0f\u64ca\u4e2d\u3002\n\u4e14\u7121\u6cd5\u4f7f\u7528\u98db\u5411\u7a7a\u4e2d\u7684\u62db\u5f0f\u3002",
      "language": {
        "name": "zh-Hant",
        "url": "https://pokeapi.co/api/v2/language/4/"
      },
      "version_group": {
        "name": "sun-moon",
        "url": "https://pokeapi.co/api/v2/version-group/17/"
      }
    },
    {
      "flavor_text": "Pendant cinq tours, les Pok\u00e9mon Vol ou qui ont\nL\u00e9vitation deviennent sensibles aux capacit\u00e9s Sol,\net les capacit\u00e9s volantes deviennent inutilisables.",
      "language": {
        "name": "fr",
        "url": "https://pokeapi.co/api/v2/language/5/"
      },
      "version_group": {
        "name": "sun-moon",
        "url": "https://pokeapi.co/api/v2/version-group/17/"
      }
    },
    {
      "flavor_text": "Erm\u00f6glicht es, Flug-Pok\u00e9mon oder Pok\u00e9mon mit der\nF\u00e4higkeit Schwebe mit Boden-Attacken zu treffen.\nVerhindert Attacken, bei denen der Anwender fliegt.",
      "language": {
        "name": "de",
        "url": "https://pokeapi.co/api/v2/language/6/"
      },
      "version_group": {
        "name": "sun-moon",
        "url": "https://pokeapi.co/api/v2/version-group/17/"
      }
    },
    {
      "flavor_text": "Durante cinco turnos, se anulan los movimientos que\nalzan el vuelo y los Pok\u00e9mon de tipo Volador o que\nlevitan son vulnerables a movimientos de tipo Tierra.",
      "language": {
        "name": "es",
        "url": "https://pokeapi.co/api/v2/language/7/"
      },
      "version_group": {
        "name": "sun-moon",
        "url": "https://pokeapi.co/api/v2/version-group/17/"
      }
    },
    {
      "flavor_text": "Per cinque turni rende vulnerabili alle mosse di tipo\nTerra i Pok\u00e9mon con Levitazione o di tipo Volante.\nNon \u00e8 possibile usare mosse che fanno volare.",
      "language": {
        "name": "it",
        "url": "https://pokeapi.co/api/v2/language/8/"
      },
      "version_group": {
        "name": "sun-moon",
        "url": "https://pokeapi.co/api/v2/version-group/17/"
      }
    },
    {
      "flavor_text": "Enables Flying-type Pok\u00e9mon or Pok\u00e9mon with the\nLevitate Ability to be hit by Ground-type moves.\nFlying moves can\u2019t be used.",
      "language": {
        "name": "en",
        "url": "https://pokeapi.co/api/v2/language/9/"
      },
      "version_group": {
        "name": "sun-moon",
        "url": "https://pokeapi.co/api/v2/version-group/17/"
      }
    },
    {
      "flavor_text": "\uff15\u30bf\u30fc\u30f3\u306e\u9593\u3000\u3075\u3086\u3046\u3084\u3000\u3072\u3053\u3046\u30bf\u30a4\u30d7\u306b\n\u3058\u3081\u3093\u30bf\u30a4\u30d7\u306e\u3000\u6280\u304c\u3000\u5f53\u305f\u308b\u3088\u3046\u306b\u306a\u308b\u3002\n\u7a7a\u4e2d\u306b\u3000\u98db\u3076\u3000\u6280\u3082\u3000\u4f7f\u3048\u306a\u3044\u3002",
      "language": {
        "name": "ja",
        "url": "https://pokeapi.co/api/v2/language/11/"
      },
      "version_group": {
        "name": "sun-moon",
        "url": "https://pokeapi.co/api/v2/version-group/17/"
      }
    },
    {
      "flavor_text": "\u5728\uff15\u56de\u5408\u5185\uff0c\u98d8\u6d6e\u7279\u6027\u548c\u98de\u884c\u5c5e\u6027\u7684\n\u5b9d\u53ef\u68a6\u4f1a\u88ab\u5730\u9762\u5c5e\u6027\u7684\u62db\u5f0f\u51fb\u4e2d\u3002\n\u98de\u5411\u7a7a\u4e2d\u7684\u62db\u5f0f\u4e5f\u5c06\u65e0\u6cd5\u4f7f\u7528\u3002",
      "language": {
        "name": "zh-Hans",
        "url": "https://pokeapi.co/api/v2/language/12/"
      },
      "version_group": {
        "name": "sun-moon",
        "url": "https://pokeapi.co/api/v2/version-group/17/"
      }
    },
    {
      "flavor_text": "\uff15\u30bf\u30fc\u30f3\u306e\u3042\u3044\u3060\u3000\u3075\u3086\u3046\u3084\u3000\u3072\u3053\u3046\u30bf\u30a4\u30d7\u306b\n\u3058\u3081\u3093\u30bf\u30a4\u30d7\u306e\u3000\u308f\u3056\u304c\u3000\u3042\u305f\u308b\u3088\u3046\u306b\u306a\u308b\u3002\n\u304f\u3046\u3061\u3085\u3046\u306b\u3000\u3068\u3076\u3000\u308f\u3056\u3082\u3000\u3064\u304b\u3048\u306a\u3044\u3002",
      "language": {
        "name": "ja-Hrkt",
        "url": "https://pokeapi.co/api/v2/language/1/"
      },
      "version_group": {
        "name": "ultra-sun-ultra-moon",
        "url": "https://pokeapi.co/api/v2/version-group/18/"
      }
    },
    {
      "flavor_text": "5\ud134 \ub3d9\uc548 \ubd80\uc720\ub098 \ube44\ud589\ud0c0\uc785\uc5d0\n\ub545\ud0c0\uc785\uc758 \uae30\uc220\uc774 \ub9de\uac8c \ub41c\ub2e4.\n\uacf5\uc911\uc73c\ub85c \ub098\ub294 \uae30\uc220\ub3c4 \uc0ac\uc6a9\ud560 \uc218 \uc5c6\ub2e4.",
      "language": {
        "name": "ko",
        "url": "https://pokeapi.co/api/v2/language/3/"
      },
      "version_group": {
        "name": "ultra-sun-ultra-moon",
        "url": "https://pokeapi.co/api/v2/version-group/18/"
      }
    },
    {
      "flavor_text": "\u5728\uff15\u56de\u5408\u5167\uff0c\u98c4\u6d6e\u7279\u6027\u548c\u98db\u884c\u5c6c\u6027\u7684\n\u5bf6\u53ef\u5922\u6703\u88ab\u5730\u9762\u5c6c\u6027\u7684\u62db\u5f0f\u64ca\u4e2d\u3002\n\u4e14\u7121\u6cd5\u4f7f\u7528\u98db\u5411\u7a7a\u4e2d\u7684\u62db\u5f0f\u3002",
      "language": {
        "name": "zh-Hant",
        "url": "https://pokeapi.co/api/v2/language/4/"
      },
      "version_group": {
        "name": "ultra-sun-ultra-moon",
        "url": "https://pokeapi.co/api/v2/version-group/18/"
      }
    },
    {
      "flavor_text": "Pendant cinq tours, les Pok\u00e9mon Vol ou qui ont\nL\u00e9vitation deviennent sensibles aux capacit\u00e9s Sol,\net les capacit\u00e9s volantes deviennent inutilisables.",
      "language": {
        "name": "fr",
        "url": "https://pokeapi.co/api/v2/language/5/"
      },
      "version_group": {
        "name": "ultra-sun-ultra-moon",
        "url": "https://pokeapi.co/api/v2/version-group/18/"
      }
    },
    {
      "flavor_text": "Erm\u00f6glicht es, Flug-Pok\u00e9mon oder Pok\u00e9mon mit der\nF\u00e4higkeit Schwebe mit Boden-Attacken zu treffen.\nVerhindert Attacken, bei denen der Anwender fliegt.",
      "language": {
        "name": "de",
        "url": "https://pokeapi.co/api/v2/language/6/"
      },
      "version_group": {
        "name": "ultra-sun-ultra-moon",
        "url": "https://pokeapi.co/api/v2/version-group/18/"
      }
    },
    {
      "flavor_text": "Durante cinco turnos, se anulan los movimientos que\nalzan el vuelo y los Pok\u00e9mon de tipo Volador o que\nlevitan son vulnerables a movimientos de tipo Tierra.",
      "language": {
        "name": "es",
        "url": "https://pokeapi.co/api/v2/language/7/"
      },
      "version_group": {
        "name": "ultra-sun-ultra-moon",
        "url": "https://pokeapi.co/api/v2/version-group/18/"
      }
    },
    {
      "flavor_text": "Per cinque turni rende vulnerabili alle mosse di tipo\nTerra i Pok\u00e9mon con Levitazione o di tipo Volante.\nNon \u00e8 possibile usare mosse che fanno volare.",
      "language": {
        "name": "it",
        "url": "https://pokeapi.co/api/v2/language/8/"
      },
      "version_group": {
        "name": "ultra-sun-ultra-moon",
        "url": "https://pokeapi.co/api/v2/version-group/18/"
      }
    },
    {
      "flavor_text": "Enables Flying-type Pok\u00e9mon or Pok\u00e9mon with the\nLevitate Ability to be hit by Ground-type moves.\nFlying moves can\u2019t be used.",
      "language": {
        "name": "en",
        "url": "https://pokeapi.co/api/v2/language/9/"
      },
      "version_group": {
        "name": "ultra-sun-ultra-moon",
        "url": "https://pokeapi.co/api/v2/version-group/18/"
      }
    },
    {
      "flavor_text": "\uff15\u30bf\u30fc\u30f3\u306e\u9593\u3000\u3075\u3086\u3046\u3084\u3000\u3072\u3053\u3046\u30bf\u30a4\u30d7\u306b\n\u3058\u3081\u3093\u30bf\u30a4\u30d7\u306e\u3000\u6280\u304c\u3000\u5f53\u305f\u308b\u3088\u3046\u306b\u306a\u308b\u3002\n\u7a7a\u4e2d\u306b\u3000\u98db\u3076\u3000\u6280\u3082\u3000\u4f7f\u3048\u306a\u3044\u3002",
      "language": {
        "name": "ja",
        "url": "https://pokeapi.co/api/v2/language/11/"
      },
      "version_group": {
        "name": "ultra-sun-ultra-moon",
        "url": "https://pokeapi.co/api/v2/version-group/18/"
      }
    },
    {
      "flavor_text": "\u5728\uff15\u56de\u5408\u5185\uff0c\u98d8\u6d6e\u7279\u6027\u548c\u98de\u884c\u5c5e\u6027\u7684\n\u5b9d\u53ef\u68a6\u4f1a\u88ab\u5730\u9762\u5c5e\u6027\u7684\u62db\u5f0f\u51fb\u4e2d\u3002\n\u98de\u5411\u7a7a\u4e2d\u7684\u62db\u5f0f\u4e5f\u5c06\u65e0\u6cd5\u4f7f\u7528\u3002",
      "language": {
        "name": "zh-Hans",
        "url": "https://pokeapi.co/api/v2/language/12/"
      },
      "version_group": {
        "name": "ultra-sun-ultra-moon",
        "url": "https://pokeapi.co/api/v2/version-group/18/"
      }
    },
    {
      "flavor_text": "\uff15\u30bf\u30fc\u30f3\u306e\u3042\u3044\u3060\u3000\u3075\u3086\u3046\u3084\u3000\u3072\u3053\u3046\u30bf\u30a4\u30d7\u306b\n\u3058\u3081\u3093\u30bf\u30a4\u30d7\u306e\u3000\u308f\u3056\u304c\u3000\u3042\u305f\u308b\u3088\u3046\u306b\u306a\u308b\u3002\n\u304f\u3046\u3061\u3085\u3046\u306b\u3000\u3068\u3076\u3000\u308f\u3056\u3082\u3000\u3064\u304b\u3048\u306a\u3044\u3002",
      "language": {
        "name": "ja-Hrkt",
        "url": "https://pokeapi.co/api/v2/language/1/"
      },
      "version_group": {
        "name": "lets-go-pikachu-lets-go-eevee",
        "url": "https://pokeapi.co/api/v2/version-group/19/"
      }
    },
    {
      "flavor_text": "5\ud134 \ub3d9\uc548 \ubd80\uc720\ub098 \ube44\ud589\ud0c0\uc785\uc5d0\n\ub545\ud0c0\uc785\uc758 \uae30\uc220\uc774 \ub9de\uac8c \ub41c\ub2e4.\n\uacf5\uc911\uc73c\ub85c \ub098\ub294 \uae30\uc220\ub3c4 \uc0ac\uc6a9\ud560 \uc218 \uc5c6\ub2e4.",
      "language": {
        "name": "ko",
        "url": "https://pokeapi.co/api/v2/language/3/"
      },
      "version_group": {
        "name": "lets-go-pikachu-lets-go-eevee",
        "url": "https://pokeapi.co/api/v2/version-group/19/"
      }
    },
    {
      "flavor_text": "\u5728\uff15\u56de\u5408\u5167\uff0c\u98c4\u6d6e\u7279\u6027\u548c\u98db\u884c\u5c6c\u6027\u7684\n\u5bf6\u53ef\u5922\u6703\u88ab\u5730\u9762\u5c6c\u6027\u7684\u62db\u5f0f\u64ca\u4e2d\u3002\n\u4e14\u7121\u6cd5\u4f7f\u7528\u98db\u5411\u7a7a\u4e2d\u7684\u62db\u5f0f\u3002",
      "language": {
        "name": "zh-Hant",
        "url": "https://pokeapi.co/api/v2/language/4/"
      },
      "version_group": {
        "name": "lets-go-pikachu-lets-go-eevee",
        "url": "https://pokeapi.co/api/v2/version-group/19/"
      }
    },
    {
      "flavor_text": "Pendant cinq tours, les Pok\u00e9mon Vol ou qui ont\nL\u00e9vitation deviennent sensibles aux capacit\u00e9s Sol,\net les capacit\u00e9s volantes deviennent inutilisables.",
      "language": {
        "name": "fr",
        "url": "https://pokeapi.co/api/v2/language/5/"
      },
      "version_group": {
        "name": "lets-go-pikachu-lets-go-eevee",
        "url": "https://pokeapi.co/api/v2/version-group/19/"
      }
    },
    {
      "flavor_text": "Erm\u00f6glicht es, Flug-Pok\u00e9mon oder Pok\u00e9mon mit der\nF\u00e4higkeit Schwebe mit Boden-Attacken zu treffen.\nVerhindert Attacken, bei denen der Anwender fliegt.",
      "language": {
        "name": "de",
        "url": "https://pokeapi.co/api/v2/language/6/"
      },
      "version_group": {
        "name": "lets-go-pikachu-lets-go-eevee",
        "url": "https://pokeapi.co/api/v2/version-group/19/"
      }
    },
    {
      "flavor_text": "Durante cinco turnos, se anulan los movimientos que\nalzan el vuelo y los Pok\u00e9mon de tipo Volador o que\nlevitan son vulnerables a movimientos de tipo Tierra.",
      "language": {
        "name": "es",
        "url": "https://pokeapi.co/api/v2/language/7/"
      },
      "version_group": {
        "name": "lets-go-pikachu-lets-go-eevee",
        "url": "https://pokeapi.co/api/v2/version-group/19/"
      }
    },
    {
      "flavor_text": "Per cinque turni rende vulnerabili alle mosse di tipo\nTerra i Pok\u00e9mon con Levitazione o di tipo Volante.\nNon \u00e8 possibile usare mosse che fanno volare.",
      "language": {
        "name": "it",
        "url": "https://pokeapi.co/api/v2/language/8/"
      },
      "version_group": {
        "name": "lets-go-pikachu-lets-go-eevee",
        "url": "https://pokeapi.co/api/v2/version-group/19/"
      }
    },
    {
      "flavor_text": "Enables Flying-type Pok\u00e9mon or Pok\u00e9mon with the\nLevitate Ability to be hit by Ground-type moves.\nFlying moves can\u2019t be used.",
      "language": {
        "name": "en",
        "url": "https://pokeapi.co/api/v2/language/9/"
      },
      "version_group": {
        "name": "lets-go-pikachu-lets-go-eevee",
        "url": "https://pokeapi.co/api/v2/version-group/19/"
      }
    },
    {
      "flavor_text": "\uff15\u30bf\u30fc\u30f3\u306e\u9593\u3000\u3075\u3086\u3046\u3084\u3000\u3072\u3053\u3046\u30bf\u30a4\u30d7\u306b\n\u3058\u3081\u3093\u30bf\u30a4\u30d7\u306e\u3000\u6280\u304c\u3000\u5f53\u305f\u308b\u3088\u3046\u306b\u306a\u308b\u3002\n\u7a7a\u4e2d\u306b\u3000\u98db\u3076\u3000\u6280\u3082\u3000\u4f7f\u3048\u306a\u3044\u3002",
      "language": {
        "name": "ja",
        "url": "https://pokeapi.co/api/v2/language/11/"
      },
      "version_group": {
        "name": "lets-go-pikachu-lets-go-eevee",
        "url": "https://pokeapi.co/api/v2/version-group/19/"
      }
    },
    {
      "flavor_text": "\u5728\uff15\u56de\u5408\u5185\uff0c\u98d8\u6d6e\u7279\u6027\u548c\u98de\u884c\u5c5e\u6027\u7684\n\u5b9d\u53ef\u68a6\u4f1a\u88ab\u5730\u9762\u5c5e\u6027\u7684\u62db\u5f0f\u51fb\u4e2d\u3002\n\u98de\u5411\u7a7a\u4e2d\u7684\u62db\u5f0f\u4e5f\u5c06\u65e0\u6cd5\u4f7f\u7528\u3002",
      "language": {
        "name": "zh-Hans",
        "url": "https://pokeapi.co/api/v2/language/12/"
      },
      "version_group": {
        "name": "lets-go-pikachu-lets-go-eevee",
        "url": "https://pokeapi.co/api/v2/version-group/19/"
      }
    },
    {
      "flavor_text": "\uff15\u30bf\u30fc\u30f3\u306e\u3042\u3044\u3060\u3000\u3075\u3086\u3046\u3084\u3000\u3072\u3053\u3046\u30bf\u30a4\u30d7\u306b\n\u3058\u3081\u3093\u30bf\u30a4\u30d7\u306e\u3000\u308f\u3056\u304c\u3000\u3042\u305f\u308b\u3088\u3046\u306b\u306a\u308b\u3002\n\u304f\u3046\u3061\u3085\u3046\u306b\u3000\u3068\u3076\u3000\u308f\u3056\u3082\u3000\u3064\u304b\u3048\u306a\u3044\u3002",
      "language": {
        "name": "ja-Hrkt",
        "url": "https://pokeapi.co/api/v2/language/1/"
      },
      "version_group": {
        "name": "sword-shield",
        "url": "https://pokeapi.co/api/v2/version-group/20/"
      }
    },
    {
      "flavor_text": "5\ud134 \ub3d9\uc548 \ubd80\uc720\ub098 \ube44\ud589\ud0c0\uc785\uc5d0\n\ub545\ud0c0\uc785\uc758 \uae30\uc220\uc774 \ub9de\uac8c \ub41c\ub2e4.\n\uacf5\uc911\uc73c\ub85c \ub098\ub294 \uae30\uc220\ub3c4 \uc0ac\uc6a9\ud560 \uc218 \uc5c6\ub2e4.",
      "language": {
        "name": "ko",
        "url": "https://pokeapi.co/api/v2/language/3/"
      },
      "version_group": {
        "name": "sword-shield",
        "url": "https://pokeapi.co/api/v2/version-group/20/"
      }
    },
    {
      "flavor_text": "\u5728\uff15\u56de\u5408\u5167\uff0c\u98c4\u6d6e\u7279\u6027\u548c\u98db\u884c\u5c6c\u6027\u7684\n\u5bf6\u53ef\u5922\u6703\u88ab\u5730\u9762\u5c6c\u6027\u7684\u62db\u5f0f\u64ca\u4e2d\u3002\n\u4e14\u7121\u6cd5\u4f7f\u7528\u98db\u5411\u7a7a\u4e2d\u7684\u62db\u5f0f\u3002",
      "language": {
        "name": "zh-Hant",
        "url": "https://pokeapi.co/api/v2/language/4/"
      },
      "version_group": {
        "name": "sword-shield",
        "url": "https://pokeapi.co/api/v2/version-group/20/"
      }
    },
    {
      "flavor_text": "Pendant cinq tours, les Pok\u00e9mon Vol ou qui ont\nL\u00e9vitation deviennent sensibles aux capacit\u00e9s Sol,\net les capacit\u00e9s volantes deviennent inutilisables.",
      "language": {
        "name": "fr",
        "url": "https://pokeapi.co/api/v2/language/5/"
      },
      "version_group": {
        "name": "sword-shield",
        "url": "https://pokeapi.co/api/v2/version-group/20/"
      }
    },
    {
      "flavor_text": "Erm\u00f6glicht es, Flug-Pok\u00e9mon oder Pok\u00e9mon mit der\nF\u00e4higkeit Schwebe mit Boden-Attacken zu treffen.\nVerhindert Attacken, bei denen der Anwender fliegt.",
      "language": {
        "name": "de",
        "url": "https://pokeapi.co/api/v2/language/6/"
      },
      "version_group": {
        "name": "sword-shield",
        "url": "https://pokeapi.co/api/v2/version-group/20/"
      }
    },
    {
      "flavor_text": "Durante cinco turnos, se anulan los movimientos que\nalzan el vuelo y los Pok\u00e9mon de tipo Volador o que\nlevitan son vulnerables a movimientos de tipo Tierra.",
      "language": {
        "name": "es",
        "url": "https://pokeapi.co/api/v2/language/7/"
      },
      "version_group": {
        "name": "sword-shield",
        "url": "https://pokeapi.co/api/v2/version-group/20/"
      }
    },
    {
      "flavor_text": "Per cinque turni rende vulnerabili alle mosse di tipo\nTerra i Pok\u00e9mon con Levitazione o di tipo Volante.\nNon \u00e8 possibile usare mosse che fanno volare.",
      "language": {
        "name": "it",
        "url": "https://pokeapi.co/api/v2/language/8/"
      },
      "version_group": {
        "name": "sword-shield",
        "url": "https://pokeapi.co/api/v2/version-group/20/"
      }
    },
    {
      "flavor_text": "This move enables Flying-type Pok\u00e9mon or Pok\u00e9mon\nwith the Levitate Ability to be hit by Ground-type\nmoves. Moves that involve flying can\u2019t be used.",
      "language": {
        "name": "en",
        "url": "https://pokeapi.co/api/v2/language/9/"
      },
      "version_group": {
        "name": "sword-shield",
        "url": "https://pokeapi.co/api/v2/version-group/20/"
      }
    },
    {
      "flavor_text": "\uff15\u30bf\u30fc\u30f3\u306e\u9593\u3000\u3075\u3086\u3046\u3084\u3000\u3072\u3053\u3046\u30bf\u30a4\u30d7\u306b\n\u3058\u3081\u3093\u30bf\u30a4\u30d7\u306e\u3000\u6280\u304c\u3000\u5f53\u305f\u308b\u3088\u3046\u306b\u306a\u308b\u3002\n\u7a7a\u4e2d\u306b\u3000\u98db\u3076\u3000\u6280\u3082\u3000\u4f7f\u3048\u306a\u3044\u3002",
      "language": {
        "name": "ja",
        "url": "https://pokeapi.co/api/v2/language/11/"
      },
      "version_group": {
        "name": "sword-shield",
        "url": "https://pokeapi.co/api/v2/version-group/20/"
      }
    },
    {
      "flavor_text": "\u5728\uff15\u56de\u5408\u5185\uff0c\u98d8\u6d6e\u7279\u6027\u548c\u98de\u884c\u5c5e\u6027\u7684\n\u5b9d\u53ef\u68a6\u4f1a\u88ab\u5730\u9762\u5c5e\u6027\u7684\u62db\u5f0f\u51fb\u4e2d\u3002\n\u98de\u5411\u7a7a\u4e2d\u7684\u62db\u5f0f\u4e5f\u5c06\u65e0\u6cd5\u4f7f\u7528\u3002",
      "language": {
        "name": "zh-Hans",
        "url": "https://pokeapi.co/api/v2/language/12/"
      },
      "version_group": {
        "name": "sword-shield",
        "url": "https://pokeapi.co/api/v2/version-group/20/"
      }
    },
    {
      "flavor_text": "This move enables Flying-type Pok\u00e9mon or Pok\u00e9mon with the Levitate Ability to be hit by Ground-type moves. Moves that involve flying can't be used.",
      "language": {
        "name": "en",
        "url": "https://pokeapi.co/api/v2/language/9/"
      },
      "version_group": {
        "name": "legends-arceus",
        "url": "https://pokeapi.co/api/v2/version-group/24/"
      }
    },
    {
      "flavor_text": "Enables Flying types or Pok\u00e9mon with the Levitate Ability to be hit by Ground-type moves for five turns. Moves that involve flying can't be used.",
      "language": {
        "name": "en",
        "url": "https://pokeapi.co/api/v2/language/9/"
      },
      "version_group": {
        "name": "scarlet-violet",
        "url": "https://pokeapi.co/api/v2/version-group/25/"
      }
    }
  ],
  "generation": {
    "name": "generation-iv",
    "url": "https://pokeapi.co/api/v2/generation/4/"
  },
  "id": 356,
  "learned_by_pokemon": [
    {
      "name": "clefairy",
      "url": "https://pokeapi.co/api/v2/pokemon/35/"
    },
    {
      "name": "clefable",
      "url": "https://pokeapi.co/api/v2/pokemon/36/"
    },
    {
      "name": "jigglypuff",
      "url": "https://pokeapi.co/api/v2/pokemon/39/"
    },
    {
      "name": "wigglytuff",
      "url": "https://pokeapi.co/api/v2/pokemon/40/"
    },
    {
      "name": "abra",
      "url": "https://pokeapi.co/api/v2/pokemon/63/"
    },
    {
      "name": "kadabra",
      "url": "https://pokeapi.co/api/v2/pokemon/64/"
    },
    {
      "name": "alakazam",
      "url": "https://pokeapi.co/api/v2/pokemon/65/"
    },
    {
      "name": "magnemite",
      "url": "https://pokeapi.co/api/v2/pokemon/81/"
    },
    {
      "name": "magneton",
      "url": "https://pokeapi.co/api/v2/pokemon/82/"
    },
    {
      "name": "exeggcute",
      "url": "https://pokeapi.co/api/v2/pokemon/102/"
    },
    {
      "name": "exeggutor",
      "url": "https://pokeapi.co/api/v2/pokemon/103/"
    },
    {
      "name": "chansey",
      "url": "https://pokeapi.co/api/v2/pokemon/113/"
    },
    {
      "name": "staryu",
      "url": "https://pokeapi.co/api/v2/pokemon/120/"
    },
    {
      "name": "starmie",
      "url": "https://pokeapi.co/api/v2/pokemon/121/"
    },
    {
      "name": "porygon",
      "url": "https://pokeapi.co/api/v2/pokemon/137/"
    },
    {
      "name": "mewtwo",
      "url": "https://pokeapi.co/api/v2/pokemon/150/"
    },
    {
      "name": "mew",
      "url": "https://pokeapi.co/api/v2/pokemon/151/"
    },
    {
      "name": "cleffa",
      "url": "https://pokeapi.co/api/v2/pokemon/173/"
    },
    {
      "name": "igglybuff",
      "url": "https://pokeapi.co/api/v2/pokemon/174/"
    },
    {
      "name": "espeon",
      "url": "https://pokeapi.co/api/v2/pokemon/196/"
    },
    {
      "name": "girafarig",
      "url": "https://pokeapi.co/api/v2/pokemon/203/"
    },
    {
      "name": "pineco",
      "url": "https://pokeapi.co/api/v2/pokemon/204/"
    },
    {
      "name": "forretress",
      "url": "https://pokeapi.co/api/v2/pokemon/205/"
    },
    {
      "name": "porygon2",
      "url": "https://pokeapi.co/api/v2/pokemon/233/"
    },
    {
      "name": "stantler",
      "url": "https://pokeapi.co/api/v2/pokemon/234/"
    },
    {
      "name": "blissey",
      "url": "https://pokeapi.co/api/v2/pokemon/242/"
    },
    {
      "name": "gardevoir",
      "url": "https://pokeapi.co/api/v2/pokemon/282/"
    },
    {
      "name": "nosepass",
      "url": "https://pokeapi.co/api/v2/pokemon/299/"
    },
    {
      "name": "sableye",
      "url": "https://pokeapi.co/api/v2/pokemon/302/"
    },
    {
      "name": "meditite",
      "url": "https://pokeapi.co/api/v2/pokemon/307/"
    },
    {
      "name": "medicham",
      "url": "https://pokeapi.co/api/v2/pokemon/308/"
    },
    {
      "name": "lunatone",
      "url": "https://pokeapi.co/api/v2/pokemon/337/"
    },
    {
      "name": "solrock",
      "url": "https://pokeapi.co/api/v2/pokemon/338/"
    },
    {
      "name": "baltoy",
      "url": "https://pokeapi.co/api/v2/pokemon/343/"
    },
    {
      "name": "claydol",
      "url": "https://pokeapi.co/api/v2/pokemon/344/"
    },
    {
      "name": "duskull",
      "url": "https://pokeapi.co/api/v2/pokemon/355/"
    },
    {
      "name": "dusclops",
      "url": "https://pokeapi.co/api/v2/pokemon/356/"
    },
    {
      "name": "chimecho",
      "url": "https://pokeapi.co/api/v2/pokemon/358/"
    },
    {
      "name": "metang",
      "url": "https://pokeapi.co/api/v2/pokemon/375/"
    },
    {
      "name": "metagross",
      "url": "https://pokeapi.co/api/v2/pokemon/376/"
    },
    {
      "name": "regirock",
      "url": "https://pokeapi.co/api/v2/pokemon/377/"
    },
    {
      "name": "regice",
      "url": "https://pokeapi.co/api/v2/pokemon/378/"
    },
    {
      "name": "registeel",
      "url": "https://pokeapi.co/api/v2/pokemon/379/"
    },
    {
      "name": "jirachi",
      "url": "https://pokeapi.co/api/v2/pokemon/385/"
    },
    {
      "name": "deoxys-normal",
      "url": "https://pokeapi.co/api/v2/pokemon/386/"
    },
    {
      "name": "chingling",
      "url": "https://pokeapi.co/api/v2/pokemon/433/"
    },
    {
      "name": "bronzor",
      "url": "https://pokeapi.co/api/v2/pokemon/436/"
    },
    {
      "name": "bronzong",
      "url": "https://pokeapi.co/api/v2/pokemon/437/"
    },
    {
      "name": "happiny",
      "url": "https://pokeapi.co/api/v2/pokemon/440/"
    },
    {
      "name": "magnezone",
      "url": "https://pokeapi.co/api/v2/pokemon/462/"
    },
    {
      "name": "glaceon",
      "url": "https://pokeapi.co/api/v2/pokemon/471/"
    },
    {
      "name": "porygon-z",
      "url": "https://pokeapi.co/api/v2/pokemon/474/"
    },
    {
      "name": "probopass",
      "url": "https://pokeapi.co/api/v2/pokemon/476/"
    },
    {
      "name": "dusknoir",
      "url": "https://pokeapi.co/api/v2/pokemon/477/"
    },
    {
      "name": "dialga",
      "url": "https://pokeapi.co/api/v2/pokemon/483/"
    },
    {
      "name": "palkia",
      "url": "https://pokeapi.co/api/v2/pokemon/484/"
    },
    {
      "name": "regigigas",
      "url": "https://pokeapi.co/api/v2/pokemon/486/"
    },
    {
      "name": "giratina-altered",
      "url": "https://pokeapi.co/api/v2/pokemon/487/"
    },
    {
      "name": "cresselia",
      "url": "https://pokeapi.co/api/v2/pokemon/488/"
    },
    {
      "name": "arceus",
      "url": "https://pokeapi.co/api/v2/pokemon/493/"
    },
    {
      "name": "munna",
      "url": "https://pokeapi.co/api/v2/pokemon/517/"
    },
    {
      "name": "musharna",
      "url": "https://pokeapi.co/api/v2/pokemon/518/"
    },
    {
      "name": "roggenrola",
      "url": "https://pokeapi.co/api/v2/pokemon/524/"
    },
    {
      "name": "boldore",
      "url": "https://pokeapi.co/api/v2/pokemon/525/"
    },
    {
      "name": "gigalith",
      "url": "https://pokeapi.co/api/v2/pokemon/526/"
    },
    {
      "name": "audino",
      "url": "https://pokeapi.co/api/v2/pokemon/531/"
    },
    {
      "name": "sigilyph",
      "url": "https://pokeapi.co/api/v2/pokemon/561/"
    },
    {
      "name": "gothita",
      "url": "https://pokeapi.co/api/v2/pokemon/574/"
    },
    {
      "name": "gothorita",
      "url": "https://pokeapi.co/api/v2/pokemon/575/"
    },
    {
      "name": "gothitelle",
      "url": "https://pokeapi.co/api/v2/pokemon/576/"
    },
    {
      "name": "solosis",
      "url": "https://pokeapi.co/api/v2/pokemon/577/"
    },
    {
      "name": "duosion",
      "url": "https://pokeapi.co/api/v2/pokemon/578/"
    },
    {
      "name": "reuniclus",
      "url": "https://pokeapi.co/api/v2/pokemon/579/"
    },
    {
      "name": "ferroseed",
      "url": "https://pokeapi.co/api/v2/pokemon/597/"
    },
    {
      "name": "ferrothorn",
      "url": "https://pokeapi.co/api/v2/pokemon/598/"
    },
    {
      "name": "klink",
      "url": "https://pokeapi.co/api/v2/pokemon/599/"
    },
    {
      "name": "klang",
      "url": "https://pokeapi.co/api/v2/pokemon/600/"
    },
    {
      "name": "klinklang",
      "url": "https://pokeapi.co/api/v2/pokemon/601/"
    },
    {
      "name": "elgyem",
      "url": "https://pokeapi.co/api/v2/pokemon/605/"
    },
    {
      "name": "beheeyem",
      "url": "https://pokeapi.co/api/v2/pokemon/606/"
    },
    {
      "name": "golett",
      "url": "https://pokeapi.co/api/v2/pokemon/622/"
    },
    {
      "name": "golurk",
      "url": "https://pokeapi.co/api/v2/pokemon/623/"
    },
    {
      "name": "landorus-incarnate",
      "url": "https://pokeapi.co/api/v2/pokemon/645/"
    },
    {
      "name": "meloetta-aria",
      "url": "https://pokeapi.co/api/v2/pokemon/648/"
    },
    {
      "name": "genesect",
      "url": "https://pokeapi.co/api/v2/pokemon/649/"
    },
    {
      "name": "espurr",
      "url": "https://pokeapi.co/api/v2/pokemon/677/"
    },
    {
      "name": "meowstic-male",
      "url": "https://pokeapi.co/api/v2/pokemon/678/"
    },
    {
      "name": "inkay",
      "url": "https://pokeapi.co/api/v2/pokemon/686/"
    },
    {
      "name": "malamar",
      "url": "https://pokeapi.co/api/v2/pokemon/687/"
    },
    {
      "name": "carbink",
      "url": "https://pokeapi.co/api/v2/pokemon/703/"
    },
    {
      "name": "xerneas",
      "url": "https://pokeapi.co/api/v2/pokemon/716/"
    },
    {
      "name": "diancie",
      "url": "https://pokeapi.co/api/v2/pokemon/719/"
    },
    {
      "name": "hoopa",
      "url": "https://pokeapi.co/api/v2/pokemon/720/"
    },
    {
      "name": "oranguru",
      "url": "https://pokeapi.co/api/v2/pokemon/765/"
    },
    {
      "name": "sandygast",
      "url": "https://pokeapi.co/api/v2/pokemon/769/"
    },
    {
      "name": "palossand",
      "url": "https://pokeapi.co/api/v2/pokemon/770/"
    },
    {
      "name": "minior-red-meteor",
      "url": "https://pokeapi.co/api/v2/pokemon/774/"
    },
    {
      "name": "togedemaru",
      "url": "https://pokeapi.co/api/v2/pokemon/777/"
    },
    {
      "name": "tapu-lele",
      "url": "https://pokeapi.co/api/v2/pokemon/786/"
    },
    {
      "name": "tapu-fini",
      "url": "https://pokeapi.co/api/v2/pokemon/788/"
    },
    {
      "name": "xurkitree",
      "url": "https://pokeapi.co/api/v2/pokemon/796/"
    },
    {
      "name": "celesteela",
      "url": "https://pokeapi.co/api/v2/pokemon/797/"
    },
    {
      "name": "necrozma",
      "url": "https://pokeapi.co/api/v2/pokemon/800/"
    },
    {
      "name": "magearna",
      "url": "https://pokeapi.co/api/v2/pokemon/801/"
    },
    {
      "name": "stakataka",
      "url": "https://pokeapi.co/api/v2/pokemon/805/"
    },
    {
      "name": "hatterene",
      "url": "https://pokeapi.co/api/v2/pokemon/858/"
    },
    {
      "name": "stonjourner",
      "url": "https://pokeapi.co/api/v2/pokemon/874/"
    },
    {
      "name": "indeedee-male",
      "url": "https://pokeapi.co/api/v2/pokemon/876/"
    },
    {
      "name": "eternatus",
      "url": "https://pokeapi.co/api/v2/pokemon/890/"
    },
    {
      "name": "calyrex",
      "url": "https://pokeapi.co/api/v2/pokemon/898/"
    },
    {
      "name": "wyrdeer",
      "url": "https://pokeapi.co/api/v2/pokemon/899/"
    },
    {
      "name": "garganacl",
      "url": "https://pokeapi.co/api/v2/pokemon/934/"
    },
    {
      "name": "rabsca",
      "url": "https://pokeapi.co/api/v2/pokemon/954/"
    },
    {
      "name": "farigiraf",
      "url": "https://pokeapi.co/api/v2/pokemon/981/"
    },
    {
      "name": "sandy-shocks",
      "url": "https://pokeapi.co/api/v2/pokemon/989/"
    },
    {
      "name": "iron-leaves",
      "url": "https://pokeapi.co/api/v2/pokemon/1010/"
    },
    {
      "name": "iron-crown",
      "url": "https://pokeapi.co/api/v2/pokemon/1023/"
    },
    {
      "name": "terapagos",
      "url": "https://pokeapi.co/api/v2/pokemon/1024/"
    },
    {
      "name": "deoxys-attack",
      "url": "https://pokeapi.co/api/v2/pokemon/10001/"
    },
    {
      "name": "deoxys-defense",
      "url": "https://pokeapi.co/api/v2/pokemon/10002/"
    },
    {
      "name": "deoxys-speed",
      "url": "https://pokeapi.co/api/v2/pokemon/10003/"
    },
    {
      "name": "giratina-origin",
      "url": "https://pokeapi.co/api/v2/pokemon/10007/"
    },
    {
      "name": "meloetta-pirouette",
      "url": "https://pokeapi.co/api/v2/pokemon/10018/"
    },
    {
      "name": "landorus-therian",
      "url": "https://pokeapi.co/api/v2/pokemon/10021/"
    },
    {
      "name": "meowstic-female",
      "url": "https://pokeapi.co/api/v2/pokemon/10025/"
    },
    {
      "name": "alakazam-mega",
      "url": "https://pokeapi.co/api/v2/pokemon/10037/"
    },
    {
      "name": "mewtwo-mega-x",
      "url": "https://pokeapi.co/api/v2/pokemon/10043/"
    },
    {
      "name": "mewtwo-mega-y",
      "url": "https://pokeapi.co/api/v2/pokemon/10044/"
    },
    {
      "name": "medicham-mega",
      "url": "https://pokeapi.co/api/v2/pokemon/10054/"
    },
    {
      "name": "sableye-mega",
      "url": "https://pokeapi.co/api/v2/pokemon/10066/"
    },
    {
      "name": "audino-mega",
      "url": "https://pokeapi.co/api/v2/pokemon/10069/"
    },
    {
      "name": "diancie-mega",
      "url": "https://pokeapi.co/api/v2/pokemon/10075/"
    },
    {
      "name": "metagross-mega",
      "url": "https://pokeapi.co/api/v2/pokemon/10076/"
    },
    {
      "name": "hoopa-unbound",
      "url": "https://pokeapi.co/api/v2/pokemon/10086/"
    },
    {
      "name": "exeggutor-alola",
      "url": "https://pokeapi.co/api/v2/pokemon/10114/"
    },
    {
      "name": "minior-orange-meteor",
      "url": "https://pokeapi.co/api/v2/pokemon/10130/"
    },
    {
      "name": "minior-yellow-meteor",
      "url": "https://pokeapi.co/api/v2/pokemon/10131/"
    },
    {
      "name": "minior-green-meteor",
      "url": "https://pokeapi.co/api/v2/pokemon/10132/"
    },
    {
      "name": "minior-blue-meteor",
      "url": "https://pokeapi.co/api/v2/pokemon/10133/"
    },
    {
      "name": "minior-indigo-meteor",
      "url": "https://pokeapi.co/api/v2/pokemon/10134/"
    },
    {
      "name": "minior-violet-meteor",
      "url": "https://pokeapi.co/api/v2/pokemon/10135/"
    },
    {
      "name": "minior-red",
      "url": "https://pokeapi.co/api/v2/pokemon/10136/"
    },
    {
      "name": "minior-orange",
      "url": "https://pokeapi.co/api/v2/pokemon/10137/"
    },
    {
      "name": "minior-yellow",
      "url": "https://pokeapi.co/api/v2/pokemon/10138/"
    },
    {
      "name": "minior-green",
      "url": "https://pokeapi.co/api/v2/pokemon/10139/"
    },
    {
      "name": "minior-blue",
      "url": "https://pokeapi.co/api/v2/pokemon/10140/"
    },
    {
      "name": "minior-indigo",
      "url": "https://pokeapi.co/api/v2/pokemon/10141/"
    },
    {
      "name": "minior-violet",
      "url": "https://pokeapi.co/api/v2/pokemon/10142/"
    },
    {
      "name": "togedemaru-totem",
      "url": "https://pokeapi.co/api/v2/pokemon/10154/"
    },
    {
      "name": "necrozma-dusk",
      "url": "https://pokeapi.co/api/v2/pokemon/10155/"
    },
    {
      "name": "necrozma-dawn",
      "url": "https://pokeapi.co/api/v2/pokemon/10156/"
    },
    {
      "name": "necrozma-ultra",
      "url": "https://pokeapi.co/api/v2/pokemon/10157/"
    },
    {
      "name": "indeedee-female",
      "url": "https://pokeapi.co/api/v2/pokemon/10186/"
    },
    {
      "name": "terapagos-terastal",
      "url": "https://pokeapi.co/api/v2/pokemon/10276/"
    },
    {
      "name": "terapagos-stellar",
      "url": "https://pokeapi.co/api/v2/pokemon/10277/"
    }
  ],
  "machines": [
    {
      "machine": {
        "url": "https://pokeapi.co/api/v2/machine/1883/"
      },
      "version_group": {
        "name": "scarlet-violet",
        "url": "https://pokeapi.co/api/v2/version-group/25/"
      }
    },
    {
      "machine": {
        "url": "https://pokeapi.co/api/v2/machine/1946/"
      },
      "version_group": {
        "name": "the-teal-mask",
        "url": "https://pokeapi.co/api/v2/version-group/26/"
      }
    }
  ],
  "meta": {
    "ailment": {
      "name": "none",
      "url": "https://pokeapi.co/api/v2/move-ailment/0/"
    },
    "ailment_chance": 0,
    "category": {
      "name": "whole-field-effect",
      "url": "https://pokeapi.co/api/v2/move-category/10/"
    },
    "crit_rate": 0,
    "drain": 0,
    "flinch_chance": 0,
    "healing": 0,
    "max_hits": null,
    "max_turns": null,
    "min_hits": null,
    "min_turns": null,
    "stat_chance": 0
  },
  "name": "gravity",
  "names": [
    {
      "language": {
        "name": "ja-Hrkt",
        "url": "https://pokeapi.co/api/v2/language/1/"
      },
      "name": "\u3058\u3085\u3046\u308a\u3087\u304f"
    },
    {
      "language": {
        "name": "ko",
        "url": "https://pokeapi.co/api/v2/language/3/"
      },
      "name": "\uc911\ub825"
    },
    {
      "language": {
        "name": "zh-Hant",
        "url": "https://pokeapi.co/api/v2/language/4/"
      },
      "name": "\u91cd\u529b"
    },
    {
      "language": {
        "name": "fr",
        "url": "https://pokeapi.co/api/v2/language/5/"
      },
      "name": "Gravit\u00e9"
    },
    {
      "language": {
        "name": "de",
        "url": "https://pokeapi.co/api/v2/language/6/"
      },
      "name": "Erdanziehung"
    },
    {
      "language": {
        "name": "es",
        "url": "https://pokeapi.co/api/v2/language/7/"
      },
      "name": "Gravedad"
    },
    {
      "language": {
        "name": "it",
        "url": "https://pokeapi.co/api/v2/language/8/"
      },
      "name": "Gravit\u00e0"
    },
    {
      "language": {
        "name": "en",
        "url": "https://pokeapi.co/api/v2/language/9/"
      },
      "name": "Gravity"
    },
    {
      "language": {
        "name": "ja",
        "url": "https://pokeapi.co/api/v2/language/11/"
      },
      "name": "\u3058\u3085\u3046\u308a\u3087\u304f"
    },
    {
      "language": {
        "name": "zh-Hans",
        "url": "https://pokeapi.co/api/v2/language/12/"
      },
      "name": "\u91cd\u529b"
    }
  ],
  "past_values": [],
  "power": null,
  "pp": 5,
  "priority": 0,
  "stat_changes": [],
  "super_contest_effect": {
    "url": "https://pokeapi.co/api/v2/super-contest-effect/13/"
  },
  "target": {
    "name": "entire-field",
    "url": "https://pokeapi.co/api/v2/move-target/12/"
  },
  "type": {
    "name": "psychic",
    "url": "https://pokeapi.co/api/v2/type/14/"
  }
}