{
  "accuracy": 90,
  "contest_combos": null,
  "contest_effect": null,
  "contest_type": {
    "name": "tough",
    "url": "https://pokeapi.co/api/v2/contest-type/5/"
  },
  "damage_class": {
    "name": "physical",
    "url": "https://pokeapi.co/api/v2/move-damage-class/2/"
  },
  "effect_chance": null,
  "effect_changes": [],
  "effect_entries": [
    {
      "effect": "Inflicts regular damage.  User loses its next turn to \"recharge\", and cannot attack or switch out during that turn.",
      "language": {
        "name": "en",
        "url": "https://pokeapi.co/api/v2/language/9/"
      },
      "short_effect": "User foregoes its next turn to recharge."
    }
  ],
  "flavor_text_entries": [
    {
      "flavor_text": "The user launches a\nhuge boulder at the\nfoe to attack.\nIt must rest on the\nnext turn, however.",
      "language": {
        "name": "en",
        "url": "https://pokeapi.co/api/v2/language/9/"
      },
      "version_group": {
        "name": "diamond-pearl",
        "url": "https://pokeapi.co/api/v2/version-group/8/"
      }
    },
    {
      "flavor_text": "The user launches a\nhuge boulder at the\nfoe to attack.\nIt must rest on the\nnext turn, however.",
      "language": {
        "name": "en",
        "url": "https://pokeapi.co/api/v2/language/9/"
      },
      "version_group": {
        "name": "platinum",
        "url": "https://pokeapi.co/api/v2/version-group/9/"
      }
    },
    {
      "flavor_text": "The user launches a\nhuge boulder at the\nfoe to attack.\nIt must rest on the\nnext turn, however.",
      "language": {
        "name": "en",
        "url": "https://pokeapi.co/api/v2/language/9/"
      },
      "version_group": {
        "name": "heartgold-soulsilver",
        "url": "https://pokeapi.co/api/v2/version-group/10/"
      }
    },
    {
      "flavor_text": "Le lanceur attaque en projetant un\ngros rocher sur l\u2019ennemi. Il doit se\nreposer au tour suivant.",
      "language": {
        "name": "fr",
        "url": "https://pokeapi.co/api/v2/language/5/"
      },
      "version_group": {
        "name": "black-white",
        "url": "https://pokeapi.co/api/v2/version-group/11/"
      }
    },
    {
      "flavor_text": "The user launches a huge boulder at the\ntarget to attack. It must rest on the\nnext turn, however.",
      "language": {
        "name": "en",
        "url": "https://pokeapi.co/api/v2/language/9/"
      },
      "version_group": {
        "name": "black-white",
        "url": "https://pokeapi.co/api/v2/version-group/11/"
      }
    },
    {
      "flavor_text": "The user launches a huge boulder at the\ntarget to attack. It must rest on the\nnext turn, however.",
      "language": {
        "name": "en",
        "url": "https://pokeapi.co/api/v2/language/9/"
      },
      "version_group": {
        "name": "black-2-white-2",
        "url": "https://pokeapi.co/api/v2/version-group/14/"
      }
    },
    {
      "flavor_text": "\u304d\u3087\u3060\u3044\u306a\u3000\u3044\u308f\u3092\n\u3042\u3044\u3066\u306b\u3000\u306f\u3063\u3057\u3083\u3057\u3066\u3000\u3053\u3046\u3052\u304d\u3059\u308b\u3002\n\u3064\u304e\u306e\u3000\u30bf\u30fc\u30f3\u306f\u3000\u3046\u3054\u3051\u306a\u304f\u3000\u306a\u308b\u3002",
      "language": {
        "name": "ja-Hrkt",
        "url": "https://pokeapi.co/api/v2/language/1/"
      },
      "version_group": {
        "name": "x-y",
        "url": "https://pokeapi.co/api/v2/version-group/15/"
      }
    },
    {
      "flavor_text": "\uac70\ub300\ud55c \ubc14\uc704\ub97c\n\uc0c1\ub300\uc5d0\uac8c \ubc1c\uc0ac\ud558\uc5ec \uacf5\uaca9\ud55c\ub2e4.\n\ub2e4\uc74c \ud134\uc740 \uc6c0\uc9c1\uc77c \uc218 \uc5c6\uac8c \ub41c\ub2e4.",
      "language": {
        "name": "ko",
        "url": "https://pokeapi.co/api/v2/language/3/"
      },
      "version_group": {
        "name": "x-y",
        "url": "https://pokeapi.co/api/v2/version-group/15/"
      }
    },
    {
      "flavor_text": "Le lanceur attaque en projetant un gros rocher sur\nl\u2019ennemi. Il doit se reposer au tour suivant.",
      "language": {
        "name": "fr",
        "url": "https://pokeapi.co/api/v2/language/5/"
      },
      "version_group": {
        "name": "x-y",
        "url": "https://pokeapi.co/api/v2/version-group/15/"
      }
    },
    {
      "flavor_text": "Anwender wirft einen riesigen Felsen auf das Ziel.\nIn der n\u00e4chsten Runde muss der Anwender ruhen.",
      "language": {
        "name": "de",
        "url": "https://pokeapi.co/api/v2/language/6/"
      },
      "version_group": {
        "name": "x-y",
        "url": "https://pokeapi.co/api/v2/version-group/15/"
      }
    },
    {
      "flavor_text": "Lanza una piedra enorme contra el objetivo, pero\ntiene que descansar el siguiente turno.",
      "language": {
        "name": "es",
        "url": "https://pokeapi.co/api/v2/language/7/"
      },
      "version_group": {
        "name": "x-y",
        "url": "https://pokeapi.co/api/v2/version-group/15/"
      }
    },
    {
      "flavor_text": "Chi la usa attacca il bersaglio con un enorme\nmasso, ma si deve riposare al turno successivo.",
      "language": {
        "name": "it",
        "url": "https://pokeapi.co/api/v2/language/8/"
      },
      "version_group": {
        "name": "x-y",
        "url": "https://pokeapi.co/api/v2/version-group/15/"
      }
    },
    {
      "flavor_text": "The user launches a huge boulder at the\ntarget to attack.\nThe user can\u2019t move on the next turn.",
      "language": {
        "name": "en",
        "url": "https://pokeapi.co/api/v2/language/9/"
      },
      "version_group": {
        "name": "x-y",
        "url": "https://pokeapi.co/api/v2/version-group/15/"
      }
    },
    {
      "flavor_text": "\u5de8\u5927\u306a\u3000\u5ca9\u3092\n\u76f8\u624b\u306b\u3000\u767a\u5c04\u3057\u3066\u3000\u653b\u6483\u3059\u308b\u3002\n\u6b21\u306e\u3000\u30bf\u30fc\u30f3\u306f\u3000\u52d5\u3051\u306a\u304f\u306a\u308b\u3002",
      "language": {
        "name": "ja",
        "url": "https://pokeapi.co/api/v2/language/11/"
      },
      "version_group": {
        "name": "x-y",
        "url": "https://pokeapi.co/api/v2/version-group/15/"
      }
    },
    {
      "flavor_text": "\u304d\u3087\u3060\u3044\u306a\u3000\u3044\u308f\u3092\n\u3042\u3044\u3066\u306b\u3000\u306f\u3063\u3057\u3083\u3057\u3066\u3000\u3053\u3046\u3052\u304d\u3059\u308b\u3002\n\u3064\u304e\u306e\u3000\u30bf\u30fc\u30f3\u306f\u3000\u3046\u3054\u3051\u306a\u304f\u3000\u306a\u308b\u3002",
      "language": {
        "name": "ja-Hrkt",
        "url": "https://pokeapi.co/api/v2/language/1/"
      },
      "version_group": {
        "name": "omega-ruby-alpha-sapphire",
        "url": "https://pokeapi.co/api/v2/version-group/16/"
      }
    },
    {
      "flavor_text": "\uac70\ub300\ud55c \ubc14\uc704\ub97c\n\uc0c1\ub300\uc5d0\uac8c \ubc1c\uc0ac\ud558\uc5ec \uacf5\uaca9\ud55c\ub2e4.\n\ub2e4\uc74c \ud134\uc740 \uc6c0\uc9c1\uc77c \uc218 \uc5c6\uac8c \ub41c\ub2e4.",
      "language": {
        "name": "ko",
        "url": "https://pokeapi.co/api/v2/language/3/"
      },
      "version_group": {
        "name": "omega-ruby-alpha-sapphire",
        "url": "https://pokeapi.co/api/v2/version-group/16/"
      }
    },
    {
      "flavor_text": "Le lanceur attaque en projetant un gros rocher sur\nl\u2019ennemi. Il doit se reposer au tour suivant.",
      "language": {
        "name": "fr",
        "url": "https://pokeapi.co/api/v2/language/5/"
      },
      "version_group": {
        "name": "omega-ruby-alpha-sapphire",
        "url": "https://pokeapi.co/api/v2/version-group/16/"
      }
    },
    {
      "flavor_text": "Anwender wirft einen riesigen Felsen auf das Ziel.\nIn der n\u00e4chsten Runde muss der Anwender ruhen.",
      "language": {
        "name": "de",
        "url": "https://pokeapi.co/api/v2/language/6/"
      },
      "version_group": {
        "name": "omega-ruby-alpha-sapphire",
        "url": "https://pokeapi.co/api/v2/version-group/16/"
      }
    },
    {
      "flavor_text": "Lanza una piedra enorme contra el objetivo, pero \ntiene que descansar el siguiente turno.",
      "language": {
        "name": "es",
        "url": "https://pokeapi.co/api/v2/language/7/"
      },
      "version_group": {
        "name": "omega-ruby-alpha-sapphire",
        "url": "https://pokeapi.co/api/v2/version-group/16/"
      }
    },
    {
      "flavor_text": "Chi la usa attacca il bersaglio con un enorme\nmasso, ma si deve riposare al turno successivo.",
      "language": {
        "name": "it",
        "url": "https://pokeapi.co/api/v2/language/8/"
      },
      "version_group": {
        "name": "omega-ruby-alpha-sapphire",
        "url": "https://pokeapi.co/api/v2/version-group/16/"
      }
    },
    {
      "flavor_text": "The user launches a huge boulder at the\ntarget to attack.\nThe user can\u2019t move on the next turn.",
      "language": {
        "name": "en",
        "url": "https://pokeapi.co/api/v2/language/9/"
      },
      "version_group": {
        "name": "omega-ruby-alpha-sapphire",
        "url": "https://pokeapi.co/api/v2/version-group/16/"
      }
    },
    {
      "flavor_text": "\u5de8\u5927\u306a\u3000\u5ca9\u3092\n\u76f8\u624b\u306b\u3000\u767a\u5c04\u3057\u3066\u3000\u653b\u6483\u3059\u308b\u3002\n\u6b21\u306e\u3000\u30bf\u30fc\u30f3\u306f\u3000\u52d5\u3051\u306a\u304f\u306a\u308b\u3002",
      "language": {
        "name": "ja",
        "url": "https://pokeapi.co/api/v2/language/11/"
      },
      "version_group": {
        "name": "omega-ruby-alpha-sapphire",
        "url": "https://pokeapi.co/api/v2/version-group/16/"
      }
    },
    {
      "flavor_text": "\u304d\u3087\u3060\u3044\u306a\u3000\u3044\u308f\u3092\n\u3042\u3044\u3066\u306b\u3000\u306f\u3063\u3057\u3083\u3057\u3066\u3000\u3053\u3046\u3052\u304d\u3059\u308b\u3002\n\u3064\u304e\u306e\u3000\u30bf\u30fc\u30f3\u306f\u3000\u3046\u3054\u3051\u306a\u304f\u3000\u306a\u308b\u3002",
      "language": {
        "name": "ja-Hrkt",
        "url": "https://pokeapi.co/api/v2/language/1/"
      },
      "version_group": {
        "name": "sun-moon",
        "url": "https://pokeapi.co/api/v2/version-group/17/"
      }
    },
    {
      "flavor_text": "\uac70\ub300\ud55c \ubc14\uc704\ub97c\n\uc0c1\ub300\uc5d0\uac8c \ubc1c\uc0ac\ud558\uc5ec \uacf5\uaca9\ud55c\ub2e4.\n\ub2e4\uc74c \ud134\uc740 \uc6c0\uc9c1\uc77c \uc218 \uc5c6\uac8c \ub41c\ub2e4.",
      "language": {
        "name": "ko",
        "url": "https://pokeapi.co/api/v2/language/3/"
      },
      "version_group": {
        "name": "sun-moon",
        "url": "https://pokeapi.co/api/v2/version-group/17/"
      }
    },
    {
      "flavor_text": "\u5411\u5c0d\u624b\u767c\u5c04\n\u5de8\u5927\u7684\u5ca9\u77f3\u9032\u884c\u653b\u64ca\u3002\n\u4e0b\u4e00\u56de\u5408\u81ea\u5df1\u5c07\u7121\u6cd5\u52d5\u5f48\u3002",
      "language": {
        "name": "zh-Hant",
        "url": "https://pokeapi.co/api/v2/language/4/"
      },
      "version_group": {
        "name": "sun-moon",
        "url": "https://pokeapi.co/api/v2/version-group/17/"
      }
    },
    {
      "flavor_text": "Le lanceur attaque en projetant un gros rocher sur\nl\u2019ennemi. Il doit se reposer au tour suivant.",
      "language": {
        "name": "fr",
        "url": "https://pokeapi.co/api/v2/language/5/"
      },
      "version_group": {
        "name": "sun-moon",
        "url": "https://pokeapi.co/api/v2/version-group/17/"
      }
    },
    {
      "flavor_text": "Anwender wirft einen riesigen Felsen auf das Ziel.\nIn der n\u00e4chsten Runde muss der Anwender ruhen.",
      "language": {
        "name": "de",
        "url": "https://pokeapi.co/api/v2/language/6/"
      },
      "version_group": {
        "name": "sun-moon",
        "url": "https://pokeapi.co/api/v2/version-group/17/"
      }
    },
    {
      "flavor_text": "Lanza una piedra enorme contra el objetivo, pero \ntiene que descansar el siguiente turno.",
      "language": {
        "name": "es",
        "url": "https://pokeapi.co/api/v2/language/7/"
      },
      "version_group": {
        "name": "sun-moon",
        "url": "https://pokeapi.co/api/v2/version-group/17/"
      }
    },
    {
      "flavor_text": "Chi la usa attacca il bersaglio con un enorme\nmasso, ma si deve riposare al turno successivo.",
      "language": {
        "name": "it",
        "url": "https://pokeapi.co/api/v2/language/8/"
      },
      "version_group": {
        "name": "sun-moon",
        "url": "https://pokeapi.co/api/v2/version-group/17/"
      }
    },
    {
      "flavor_text": "The user launches a huge boulder at the target to\nattack. The user can\u2019t move on the next turn.",
      "language": {
        "name": "en",
        "url": "https://pokeapi.co/api/v2/language/9/"
      },
      "version_group": {
        "name": "sun-moon",
        "url": "https://pokeapi.co/api/v2/version-group/17/"
      }
    },
    {
      "flavor_text": "\u5de8\u5927\u306a\u3000\u5ca9\u3092\n\u76f8\u624b\u306b\u3000\u767a\u5c04\u3057\u3066\u3000\u653b\u6483\u3059\u308b\u3002\n\u6b21\u306e\u3000\u30bf\u30fc\u30f3\u306f\u3000\u52d5\u3051\u306a\u304f\u306a\u308b\u3002",
      "language": {
        "name": "ja",
        "url": "https://pokeapi.co/api/v2/language/11/"
      },
      "version_group": {
        "name": "sun-moon",
        "url": "https://pokeapi.co/api/v2/version-group/17/"
      }
    },
    {
      "flavor_text": "\u5411\u5bf9\u624b\u53d1\u5c04\n\u5de8\u5927\u7684\u5ca9\u77f3\u8fdb\u884c\u653b\u51fb\u3002\n\u4e0b\u4e00\u56de\u5408\u81ea\u5df1\u5c06\u65e0\u6cd5\u52a8\u5f39\u3002",
      "language": {
        "name": "zh-Hans",
        "url": "https://pokeapi.co/api/v2/language/12/"
      },
      "version_group": {
        "name": "sun-moon",
        "url": "https://pokeapi.co/api/v2/version-group/17/"
      }
    },
    {
      "flavor_text": "\u304d\u3087\u3060\u3044\u306a\u3000\u3044\u308f\u3092\n\u3042\u3044\u3066\u306b\u3000\u306f\u3063\u3057\u3083\u3057\u3066\u3000\u3053\u3046\u3052\u304d\u3059\u308b\u3002\n\u3064\u304e\u306e\u3000\u30bf\u30fc\u30f3\u306f\u3000\u3046\u3054\u3051\u306a\u304f\u3000\u306a\u308b\u3002",
      "language": {
        "name": "ja-Hrkt",
        "url": "https://pokeapi.co/api/v2/language/1/"
      },
      "version_group": {
        "name": "ultra-sun-ultra-moon",
        "url": "https://pokeapi.co/api/v2/version-group/18/"
      }
    },
    {
      "flavor_text": "\uac70\ub300\ud55c \ubc14\uc704\ub97c\n\uc0c1\ub300\uc5d0\uac8c \ubc1c\uc0ac\ud558\uc5ec \uacf5\uaca9\ud55c\ub2e4.\n\ub2e4\uc74c \ud134\uc740 \uc6c0\uc9c1\uc77c \uc218 \uc5c6\uac8c \ub41c\ub2e4.",
      "language": {
        "name": "ko",
        "url": "https://pokeapi.co/api/v2/language/3/"
      },
      "version_group": {
        "name": "ultra-sun-ultra-moon",
        "url": "https://pokeapi.co/api/v2/version-group/18/"
      }
    },
    {
      "flavor_text": "\u5411\u5c0d\u624b\u767c\u5c04\n\u5de8\u5927\u7684\u5ca9\u77f3\u9032\u884c\u653b\u64ca\u3002\n\u4e0b\u4e00\u56de\u5408\u81ea\u5df1\u5c07\u7121\u6cd5\u52d5\u5f48\u3002",
      "language": {
        "name": "zh-Hant",
        "url": "https://pokeapi.co/api/v2/language/4/"
      },
      "version_group": {
        "name": "ultra-sun-ultra-moon",
        "url": "https://pokeapi.co/api/v2/version-group/18/"
      }
    },
    {
      "flavor_text": "Le lanceur attaque en projetant un gros rocher sur\nl\u2019ennemi. Il doit se reposer au tour suivant.",
      "language": {
        "name": "fr",
        "url": "https://pokeapi.co/api/v2/language/5/"
      },
      "version_group": {
        "name": "ultra-sun-ultra-moon",
        "url": "https://pokeapi.co/api/v2/version-group/18/"
      }
    },
    {
      "flavor_text": "Anwender wirft einen riesigen Felsen auf das Ziel.\nIn der n\u00e4chsten Runde muss der Anwender ruhen.",
      "language": {
        "name": "de",
        "url": "https://pokeapi.co/api/v2/language/6/"
      },
      "version_group": {
        "name": "ultra-sun-ultra-moon",
        "url": "https://pokeapi.co/api/v2/version-group/18/"
      }
    },
    {
      "flavor_text": "Lanza una piedra enorme contra el objetivo, pero \ntiene que descansar el siguiente turno.",
      "language": {
        "name": "es",
        "url": "https://pokeapi.co/api/v2/language/7/"
      },
      "version_group": {
        "name": "ultra-sun-ultra-moon",
        "url": "https://pokeapi.co/api/v2/version-group/18/"
      }
    },
    {
      "flavor_text": "Chi la usa attacca il bersaglio con un enorme\nmasso, ma si deve riposare al turno successivo.",
      "language": {
        "name": "it",
        "url": "https://pokeapi.co/api/v2/language/8/"
      },
      "version_group": {
        "name": "ultra-sun-ultra-moon",
        "url": "https://pokeapi.co/api/v2/version-group/18/"
      }
    },
    {
      "flavor_text": "The user launches a huge boulder at the target to\nattack. The user can\u2019t move on the next turn.",
      "language": {
        "name": "en",
        "url": "https://pokeapi.co/api/v2/language/9/"
      },
      "version_group": {
        "name": "ultra-sun-ultra-moon",
        "url": "https://pokeapi.co/api/v2/version-group/18/"
      }
    },
    {
      "flavor_text": "\u5de8\u5927\u306a\u3000\u5ca9\u3092\n\u76f8\u624b\u306b\u3000\u767a\u5c04\u3057\u3066\u3000\u653b\u6483\u3059\u308b\u3002\n\u6b21\u306e\u3000\u30bf\u30fc\u30f3\u306f\u3000\u52d5\u3051\u306a\u304f\u306a\u308b\u3002",
      "language": {
        "name": "ja",
        "url": "https://pokeapi.co/api/v2/language/11/"
      },
      "version_group": {
        "name": "ultra-sun-ultra-moon",
        "url": "https://pokeapi.co/api/v2/version-group/18/"
      }
    },
    {
      "flavor_text": "\u5411\u5bf9\u624b\u53d1\u5c04\n\u5de8\u5927\u7684\u5ca9\u77f3\u8fdb\u884c\u653b\u51fb\u3002\n\u4e0b\u4e00\u56de\u5408\u81ea\u5df1\u5c06\u65e0\u6cd5\u52a8\u5f39\u3002",
      "language": {
        "name": "zh-Hans",
        "url": "https://pokeapi.co/api/v2/language/12/"
      },
      "version_group": {
        "name": "ultra-sun-ultra-moon",
        "url": "https://pokeapi.co/api/v2/version-group/18/"
      }
    },
    {
      "flavor_text": "\u304d\u3087\u3060\u3044\u306a\u3000\u3044\u308f\u3092\n\u3042\u3044\u3066\u306b\u3000\u306f\u3063\u3057\u3083\u3057\u3066\u3000\u3053\u3046\u3052\u304d\u3059\u308b\u3002\n\u3064\u304e\u306e\u3000\u30bf\u30fc\u30f3\u306f\u3000\u3046\u3054\u3051\u306a\u304f\u3000\u306a\u308b\u3002",
      "language": {
        "name": "ja-Hrkt",
        "url": "https://pokeapi.co/api/v2/language/1/"
      },
      "version_group": {
        "name": "lets-go-pikachu-lets-go-eevee",
        "url": "https://pokeapi.co/api/v2/version-group/19/"
      }
    },
    {
      "flavor_text": "\uac70\ub300\ud55c \ubc14\uc704\ub97c\n\uc0c1\ub300\uc5d0\uac8c \ubc1c\uc0ac\ud558\uc5ec \uacf5\uaca9\ud55c\ub2e4.\n\ub2e4\uc74c \ud134\uc740 \uc6c0\uc9c1\uc77c \uc218 \uc5c6\uac8c \ub41c\ub2e4.",
      "language": {
        "name": "ko",
        "url": "https://pokeapi.co/api/v2/language/3/"
      },
      "version_group": {
        "name": "lets-go-pikachu-lets-go-eevee",
        "url": "https://pokeapi.co/api/v2/version-group/19/"
      }
    },
    {
      "flavor_text": "\u5411\u5c0d\u624b\u767c\u5c04\n\u5de8\u5927\u7684\u5ca9\u77f3\u9032\u884c\u653b\u64ca\u3002\n\u4e0b\u4e00\u56de\u5408\u81ea\u5df1\u5c07\u7121\u6cd5\u52d5\u5f48\u3002",
      "language": {
        "name": "zh-Hant",
        "url": "https://pokeapi.co/api/v2/language/4/"
      },
      "version_group": {
        "name": "lets-go-pikachu-lets-go-eevee",
        "url": "https://pokeapi.co/api/v2/version-group/19/"
      }
    },
    {
      "flavor_text": "Le lanceur attaque en projetant un gros rocher\nsur l\u2019ennemi. Il doit se reposer au tour suivant.",
      "language": {
        "name": "fr",
        "url": "https://pokeapi.co/api/v2/language/5/"
      },
      "version_group": {
        "name": "lets-go-pikachu-lets-go-eevee",
        "url": "https://pokeapi.co/api/v2/version-group/19/"
      }
    },
    {
      "flavor_text": "Anwender wirft einen riesigen Felsen auf das Ziel.\nIn der n\u00e4chsten Runde muss der Anwender ruhen.",
      "language": {
        "name": "de",
        "url": "https://pokeapi.co/api/v2/language/6/"
      },
      "version_group": {
        "name": "lets-go-pikachu-lets-go-eevee",
        "url": "https://pokeapi.co/api/v2/version-group/19/"
      }
    },
    {
      "flavor_text": "Lanza una piedra enorme contra el objetivo, pero \ntiene que descansar el siguiente turno.",
      "language": {
        "name": "es",
        "url": "https://pokeapi.co/api/v2/language/7/"
      },
      "version_group": {
        "name": "lets-go-pikachu-lets-go-eevee",
        "url": "https://pokeapi.co/api/v2/version-group/19/"
      }
    },
    {
      "flavor_text": "Chi la usa attacca il bersaglio con un enorme\nmasso, ma si deve riposare al turno successivo.",
      "language": {
        "name": "it",
        "url": "https://pokeapi.co/api/v2/language/8/"
      },
      "version_group": {
        "name": "lets-go-pikachu-lets-go-eevee",
        "url": "https://pokeapi.co/api/v2/version-group/19/"
      }
    },
    {
      "flavor_text": "The user launches a huge boulder at the target to\nattack. The user can\u2019t move on the next turn.",
      "language": {
        "name": "en",
        "url": "https://pokeapi.co/api/v2/language/9/"
      },
      "version_group": {
        "name": "lets-go-pikachu-lets-go-eevee",
        "url": "https://pokeapi.co/api/v2/version-group/19/"
      }
    },
    {
      "flavor_text": "\u5de8\u5927\u306a\u3000\u5ca9\u3092\n\u76f8\u624b\u306b\u3000\u767a\u5c04\u3057\u3066\u3000\u653b\u6483\u3059\u308b\u3002\n\u6b21\u306e\u3000\u30bf\u30fc\u30f3\u306f\u3000\u52d5\u3051\u306a\u304f\u306a\u308b\u3002",
      "language": {
        "name": "ja",
        "url": "https://pokeapi.co/api/v2/language/11/"
      },
      "version_group": {
        "name": "lets-go-pikachu-lets-go-eevee",
        "url": "https://pokeapi.co/api/v2/version-group/19/"
      }
    },
    {
      "flavor_text": "\u5411\u5bf9\u624b\u53d1\u5c04\n\u5de8\u5927\u7684\u5ca9\u77f3\u8fdb\u884c\u653b\u51fb\u3002\n\u4e0b\u4e00\u56de\u5408\u81ea\u5df1\u5c06\u65e0\u6cd5\u52a8\u5f39\u3002",
      "language": {
        "name": "zh-Hans",
        "url": "https://pokeapi.co/api/v2/language/12/"
      },
      "version_group": {
        "name": "lets-go-pikachu-lets-go-eevee",
        "url": "https://pokeapi.co/api/v2/version-group/19/"
      }
    },
    {
      "flavor_text": "\u304d\u3087\u3060\u3044\u306a\u3000\u3044\u308f\u3092\n\u3042\u3044\u3066\u306b\u3000\u306f\u3063\u3057\u3083\u3057\u3066\u3000\u3053\u3046\u3052\u304d\u3059\u308b\u3002\n\u3064\u304e\u306e\u3000\u30bf\u30fc\u30f3\u306f\u3000\u3046\u3054\u3051\u306a\u304f\u3000\u306a\u308b\u3002",
      "language": {
        "name": "ja-Hrkt",
        "url": "https://pokeapi.co/api/v2/language/1/"
      },
      "version_group": {
        "name": "sword-shield",
        "url": "https://pokeapi.co/api/v2/version-group/20/"
      }
    },
    {
      "flavor_text": "\uac70\ub300\ud55c \ubc14\uc704\ub97c\n\uc0c1\ub300\uc5d0\uac8c \ubc1c\uc0ac\ud558\uc5ec \uacf5\uaca9\ud55c\ub2e4.\n\ub2e4\uc74c \ud134\uc740 \uc6c0\uc9c1\uc77c \uc218 \uc5c6\uac8c \ub41c\ub2e4.",
      "language": {
        "name": "ko",
        "url": "https://pokeapi.co/api/v2/language/3/"
      },
      "version_group": {
        "name": "sword-shield",
        "url": "https://pokeapi.co/api/v2/version-group/20/"
      }
    },
    {
      "flavor_text": "\u5411\u5c0d\u624b\u767c\u5c04\n\u5de8\u5927\u7684\u5ca9\u77f3\u9032\u884c\u653b\u64ca\u3002\n\u4e0b\u4e00\u56de\u5408\u81ea\u5df1\u5c07\u7121\u6cd5\u52d5\u5f48\u3002",
      "language": {
        "name": "zh-Hant",
        "url": "https://pokeapi.co/api/v2/language/4/"
      },
      "version_group": {
        "name": "sword-shield",
        "url": "https://pokeapi.co/api/v2/version-group/20/"
      }
    },
    {
      "flavor_text": "Le lanceur attaque en projetant un gros rocher\nsur l\u2019ennemi. Il doit se reposer au tour suivant.",
      "language": {
        "name": "fr",
        "url": "https://pokeapi.co/api/v2/language/5/"
      },
      "version_group": {
        "name": "sword-shield",
        "url": "https://pokeapi.co/api/v2/version-group/20/"
      }
    },
    {
      "flavor_text": "Anwender wirft einen riesigen Felsen auf das Ziel.\nIn der n\u00e4chsten Runde muss der Anwender ruhen.",
      "language": {
        "name": "de",
        "url": "https://pokeapi.co/api/v2/language/6/"
      },
      "version_group": {
        "name": "sword-shield",
        "url": "https://pokeapi.co/api/v2/version-group/20/"
      }
    },
    {
      "flavor_text": "Lanza una piedra enorme contra el objetivo, pero tiene\nque descansar el siguiente turno.",
      "language": {
        "name": "es",
        "url": "https://pokeapi.co/api/v2/language/7/"
      },
      "version_group": {
        "name": "sword-shield",
        "url": "https://pokeapi.co/api/v2/version-group/20/"
      }
    },
    {
      "flavor_text": "Chi la usa attacca il bersaglio con un enorme\nmasso, ma si deve riposare al turno successivo.",
      "language": {
        "name": "it",
        "url": "https://pokeapi.co/api/v2/language/8/"
      },
      "version_group": {
        "name": "sword-shield",
        "url": "https://pokeapi.co/api/v2/version-group/20/"
      }
    },
    {
      "flavor_text": "The user launches a huge boulder at the target to\nattack. The user can\u2019t move on the next turn.",
      "language": {
        "name": "en",
        "url": "https://pokeapi.co/api/v2/language/9/"
      },
      "version_group": {
        "name": "sword-shield",
        "url": "https://pokeapi.co/api/v2/version-group/20/"
      }
    },
    {
      "flavor_text": "\u5de8\u5927\u306a\u3000\u5ca9\u3092\n\u76f8\u624b\u306b\u3000\u767a\u5c04\u3057\u3066\u3000\u653b\u6483\u3059\u308b\u3002\n\u6b21\u306e\u3000\u30bf\u30fc\u30f3\u306f\u3000\u52d5\u3051\u306a\u304f\u306a\u308b\u3002",
      "language": {
        "name": "ja",
        "url": "https://pokeapi.co/api/v2/language/11/"
      },
      "version_group": {
        "name": "sword-shield",
        "url": "https://pokeapi.co/api/v2/version-group/20/"
      }
    },
    {
      "flavor_text": "\u5411\u5bf9\u624b\u53d1\u5c04\n\u5de8\u5927\u7684\u5ca9\u77f3\u8fdb\u884c\u653b\u51fb\u3002\n\u4e0b\u4e00\u56de\u5408\u81ea\u5df1\u5c06\u65e0\u6cd5\u52a8\u5f39\u3002",
      "language": {
        "name": "zh-Hans",
        "url": "https://pokeapi.co/api/v2/language/12/"
      },
      "version_group": {
        "name": "sword-shield",
        "url": "https://pokeapi.co/api/v2/version-group/20/"
      }
    },
    {
      "flavor_text": "The user launches a huge boulder at the target to attack. The user can't move on the next turn.",
      "language": {
        "name": "en",
        "url": "https://pokeapi.co/api/v2/language/9/"
      },
      "version_group": {
        "name": "legends-arceus",
        "url": "https://pokeapi.co/api/v2/version-group/24/"
      }
    },
    {
      "flavor_text": "The user launches a huge boulder at the target to attack. The user can't move on the next turn.",
      "language": {
        "name": "en",
        "url": "https://pokeapi.co/api/v2/language/9/"
      },
      "version_group": {
        "name": "scarlet-violet",
        "url": "https://pokeapi.co/api/v2/version-group/25/"
      }
    }
  ],
  "generation": {
    "name": "generation-iv",
    "url": "https://pokeapi.co/api/v2/generation/4/"
  },
  "id": 439,
  "learned_by_pokemon": [
    {
      "name": "rhyperior",
      "url": "https://pokeapi.co/api/v2/pokemon/464/"
    },
    {
      "name": "dwebble",
      "url": "https://pokeapi.co/api/v2/pokemon/557/"
    },
    {
      "name": "crustle",
      "url": "https://pokeapi.co/api/v2/pokemon/558/"
    }
  ],
  "machines": [],
  "meta": {
    "ailment": {
      "name": "none",
      "url": "https://pokeapi.co/api/v2/move-ailment/0/"
    },
    "ailment_chance": 0,
    "category": {
      "name": "damage",
      "url": "https://pokeapi.co/api/v2/move-category/0/"
    },
    "crit_rate": 0,
    "drain": 0,
    "flinch_chance": 0,
    "healing": 0,
    "max_hits": null,
    "max_turns": null,
    "min_hits": null,
    "min_turns": null,
    "stat_chance": 0
  },
  "name": "rock-wrecker",
  "names": [
    {
      "language": {
        "name": "ja-Hrkt",
        "url": "https://pokeapi.co/api/v2/language/1/"
      },
      "name": "\u304c\u3093\u305b\u304d\u307b\u3046"
    },
    {
      "language": {
        "name": "ko",
        "url": "https://pokeapi.co/api/v2/language/3/"
      },
      "name": "\uc554\uc11d\ud3ec"
    },
    {
      "language": {
        "name": "zh-Hant",
        "url": "https://pokeapi.co/api/v2/language/4/"
      },
      "name": "\u5ca9\u77f3\u70ae"
    },
    {
      "language": {
        "name": "fr",
        "url": "https://pokeapi.co/api/v2/language/5/"
      },
      "name": "Roc-Boulet"
    },
    {
      "language": {
        "name": "de",
        "url": "https://pokeapi.co/api/v2/language/6/"
      },
      "name": "Felswerfer"
    },
    {
      "language": {
        "name": "es",
        "url": "https://pokeapi.co/api/v2/language/7/"
      },
      "name": "Romperrocas"
    },
    {
      "language": {
        "name": "it",
        "url": "https://pokeapi.co/api/v2/language/8/"
      },
      "name": "Devastomasso"
    },
    {
      "language": {
        "name": "en",
        "url": "https://pokeapi.co/api/v2/language/9/"
      },
      "name": "Rock Wrecker"
    },
    {
      "language": {
        "name": "ja",
        "url": "https://pokeapi.co/api/v2/language/11/"
      },
      "name": "\u304c\u3093\u305b\u304d\u307b\u3046"
    },
    {
      "language": {
        "name": "zh-Hans",
        "url": "https://pokeapi.co/api/v2/language/12/"
      },
      "name": "\u5ca9\u77f3\u70ae"
    }
  ],
  "past_values": [],
  "power": 150,
  "pp": 5,
  "priority": 0,
  "stat_changes": [],
  "super_contest_effect": {
    "url": "https://pokeapi.co/api/v2/super-contest-effect/22/"
  },
  "target": {
    "name": "selected-pokemon",
    "url": "https://pokeapi.co/api/v2/move-target/10/"
  },
  "type": {
    "name": "rock",
    "url": "https://pokeapi.co/api/v2/type/6/"
  }
}