{
  "accuracy": 85,
  "contest_combos": {
    "normal": {
      "use_after": [
        {
          "name": "rain-dance",
          "url": "https://pokeapi.co/api/v2/move/240/"
        }
      ],
      "use_before": null
    },
    "super": {
      "use_after": null,
      "use_before": null
    }
  },
  "contest_effect": {
    "url": "https://pokeapi.co/api/v2/contest-effect/10/"
  },
  "contest_type": {
    "name": "tough",
    "url": "https://pokeapi.co/api/v2/contest-type/5/"
  },
  "damage_class": {
    "name": "special",
    "url": "https://pokeapi.co/api/v2/move-damage-class/3/"
  },
  "effect_chance": 30,
  "effect_changes": [],
  "effect_entries": [
    {
      "effect": "Inflicts regular damage.  Has a 30% chance to lower the target\u2019s accuracy by one stage.",
      "language": {
        "name": "en",
        "url": "https://pokeapi.co/api/v2/language/9/"
      },
      "short_effect": "Has a 30% chance to lower the target\u2019s accuracy by one stage."
    }
  ],
  "flavor_text_entries": [
    {
      "flavor_text": "Attacks with muddy water.\nMay lower accuracy.",
      "language": {
        "name": "en",
        "url": "https://pokeapi.co/api/v2/language/9/"
      },
      "version_group": {
        "name": "ruby-sapphire",
        "url": "https://pokeapi.co/api/v2/version-group/5/"
      }
    },
    {
      "flavor_text": "Attacks with muddy water.\nMay lower accuracy.",
      "language": {
        "name": "en",
        "url": "https://pokeapi.co/api/v2/language/9/"
      },
      "version_group": {
        "name": "emerald",
        "url": "https://pokeapi.co/api/v2/version-group/6/"
      }
    },
    {
      "flavor_text": "The user attacks\nwith muddy water.\nIt may also lower\nthe foe\u2019s accuracy.",
      "language": {
        "name": "en",
        "url": "https://pokeapi.co/api/v2/language/9/"
      },
      "version_group": {
        "name": "firered-leafgreen",
        "url": "https://pokeapi.co/api/v2/version-group/7/"
      }
    },
    {
      "flavor_text": "The user attacks by\nshooting out muddy\nwater.\nIt may also lower the\nfoe\u2019s accuracy.",
      "language": {
        "name": "en",
        "url": "https://pokeapi.co/api/v2/language/9/"
      },
      "version_group": {
        "name": "diamond-pearl",
        "url": "https://pokeapi.co/api/v2/version-group/8/"
      }
    },
    {
      "flavor_text": "The user attacks by\nshooting out muddy\nwater.\nIt may also lower the\nfoe\u2019s accuracy.",
      "language": {
        "name": "en",
        "url": "https://pokeapi.co/api/v2/language/9/"
      },
      "version_group": {
        "name": "platinum",
        "url": "https://pokeapi.co/api/v2/version-group/9/"
      }
    },
    {
      "flavor_text": "The user attacks by\nshooting out muddy\nwater.\nIt may also lower the\nfoe\u2019s accuracy.",
      "language": {
        "name": "en",
        "url": "https://pokeapi.co/api/v2/language/9/"
      },
      "version_group": {
        "name": "heartgold-soulsilver",
        "url": "https://pokeapi.co/api/v2/version-group/10/"
      }
    },
    {
      "flavor_text": "Le lanceur attaque en projetant de l\u2019eau\nboueuse. Peut aussi r\u00e9duire la Pr\u00e9cision\nde l\u2019ennemi.",
      "language": {
        "name": "fr",
        "url": "https://pokeapi.co/api/v2/language/5/"
      },
      "version_group": {
        "name": "black-white",
        "url": "https://pokeapi.co/api/v2/version-group/11/"
      }
    },
    {
      "flavor_text": "The user attacks by shooting muddy water\nat the opposing team.\nIt may also lower the targets\u2019 accuracy.",
      "language": {
        "name": "en",
        "url": "https://pokeapi.co/api/v2/language/9/"
      },
      "version_group": {
        "name": "black-white",
        "url": "https://pokeapi.co/api/v2/version-group/11/"
      }
    },
    {
      "flavor_text": "The user attacks by shooting muddy water\nat the opposing team.\nIt may also lower the targets\u2019 accuracy.",
      "language": {
        "name": "en",
        "url": "https://pokeapi.co/api/v2/language/9/"
      },
      "version_group": {
        "name": "black-2-white-2",
        "url": "https://pokeapi.co/api/v2/version-group/14/"
      }
    },
    {
      "flavor_text": "\u306b\u3054\u3063\u305f\u3000\u307f\u305a\u3092\n\u3042\u3044\u3066\u306b\u3000\u306f\u3063\u3057\u3083\u3057\u3066\u3000\u3053\u3046\u3052\u304d\u3059\u308b\u3002\n\u3081\u3044\u3061\u3085\u3046\u308a\u3064\u3092\u3000\u3055\u3052\u308b\u3053\u3068\u304c\u3000\u3042\u308b\u3002",
      "language": {
        "name": "ja-Hrkt",
        "url": "https://pokeapi.co/api/v2/language/1/"
      },
      "version_group": {
        "name": "x-y",
        "url": "https://pokeapi.co/api/v2/version-group/15/"
      }
    },
    {
      "flavor_text": "\ud0c1\ud574\uc9c4 \ubb3c\uc744\n\uc0c1\ub300\uc5d0\uac8c \ubc1c\uc0ac\ud558\uc5ec \uacf5\uaca9\ud55c\ub2e4.\n\uba85\uc911\ub960\uc744 \ub5a8\uc5b4\ub728\ub9b4 \ub54c\uac00 \uc788\ub2e4.",
      "language": {
        "name": "ko",
        "url": "https://pokeapi.co/api/v2/language/3/"
      },
      "version_group": {
        "name": "x-y",
        "url": "https://pokeapi.co/api/v2/version-group/15/"
      }
    },
    {
      "flavor_text": "Le lanceur attaque en projetant de l\u2019eau boueuse.\nPeut aussi r\u00e9duire la Pr\u00e9cision de l\u2019ennemi.",
      "language": {
        "name": "fr",
        "url": "https://pokeapi.co/api/v2/language/5/"
      },
      "version_group": {
        "name": "x-y",
        "url": "https://pokeapi.co/api/v2/version-group/15/"
      }
    },
    {
      "flavor_text": "Greift mit Matsch an und senkt eventuell\ndie Genauigkeit des Zieles.",
      "language": {
        "name": "de",
        "url": "https://pokeapi.co/api/v2/language/6/"
      },
      "version_group": {
        "name": "x-y",
        "url": "https://pokeapi.co/api/v2/version-group/15/"
      }
    },
    {
      "flavor_text": "Ataque con agua lodosa que puede bajar la\nPrecisi\u00f3n del equipo rival.",
      "language": {
        "name": "es",
        "url": "https://pokeapi.co/api/v2/language/7/"
      },
      "version_group": {
        "name": "x-y",
        "url": "https://pokeapi.co/api/v2/version-group/15/"
      }
    },
    {
      "flavor_text": "Chi la usa attacca i nemici che ha intorno con un\ngetto di fango che pu\u00f2 anche ridurne la precisione.",
      "language": {
        "name": "it",
        "url": "https://pokeapi.co/api/v2/language/8/"
      },
      "version_group": {
        "name": "x-y",
        "url": "https://pokeapi.co/api/v2/version-group/15/"
      }
    },
    {
      "flavor_text": "The user attacks by shooting muddy water\nat the opposing Pok\u00e9mon.\nThis may also lower their accuracy.",
      "language": {
        "name": "en",
        "url": "https://pokeapi.co/api/v2/language/9/"
      },
      "version_group": {
        "name": "x-y",
        "url": "https://pokeapi.co/api/v2/version-group/15/"
      }
    },
    {
      "flavor_text": "\u6fc1\u3063\u305f\u3000\u6c34\u3092\n\u76f8\u624b\u306b\u3000\u767a\u5c04\u3057\u3066\u3000\u653b\u6483\u3059\u308b\u3002\n\u547d\u4e2d\u7387\u3092\u3000\u3055\u3052\u308b\u3053\u3068\u304c\u3000\u3042\u308b\u3002",
      "language": {
        "name": "ja",
        "url": "https://pokeapi.co/api/v2/language/11/"
      },
      "version_group": {
        "name": "x-y",
        "url": "https://pokeapi.co/api/v2/version-group/15/"
      }
    },
    {
      "flavor_text": "\u306b\u3054\u3063\u305f\u3000\u202f\u305a\u3092\n\u3042\u3044\u3066\u306b\u3000\u306f\u3063\u3057\u3083\u3057\u3066\u3000\u3053\u3046\u3052\u304d\u3059\u308b\u3002\n\u3081\u3044\u3061\u3085\u3046\u308a\u3064\u3092\u3000\u3055\u3052\u308b\u3053\u3068\u304c\u3000\u3042\u308b\u3002",
      "language": {
        "name": "ja-Hrkt",
        "url": "https://pokeapi.co/api/v2/language/1/"
      },
      "version_group": {
        "name": "omega-ruby-alpha-sapphire",
        "url": "https://pokeapi.co/api/v2/version-group/16/"
      }
    },
    {
      "flavor_text": "\ud0c1\ud574\uc9c4 \ubb3c\uc744\n\uc0c1\ub300\uc5d0\uac8c \ubc1c\uc0ac\ud558\uc5ec \uacf5\uaca9\ud55c\ub2e4.\n\uba85\uc911\ub960\uc744 \ub5a8\uc5b4\ub728\ub9b4 \ub54c\uac00 \uc788\ub2e4.",
      "language": {
        "name": "ko",
        "url": "https://pokeapi.co/api/v2/language/3/"
      },
      "version_group": {
        "name": "omega-ruby-alpha-sapphire",
        "url": "https://pokeapi.co/api/v2/version-group/16/"
      }
    },
    {
      "flavor_text": "Le lanceur attaque en projetant de l\u2019eau boueuse.\nPeut aussi r\u00e9duire la Pr\u00e9cision de l\u2019ennemi.",
      "language": {
        "name": "fr",
        "url": "https://pokeapi.co/api/v2/language/5/"
      },
      "version_group": {
        "name": "omega-ruby-alpha-sapphire",
        "url": "https://pokeapi.co/api/v2/version-group/16/"
      }
    },
    {
      "flavor_text": "Greift mit Matsch an und senkt eventuell\ndie Genauigkeit des Zieles.",
      "language": {
        "name": "de",
        "url": "https://pokeapi.co/api/v2/language/6/"
      },
      "version_group": {
        "name": "omega-ruby-alpha-sapphire",
        "url": "https://pokeapi.co/api/v2/version-group/16/"
      }
    },
    {
      "flavor_text": "Ataque con agua lodosa que puede bajar la \nPrecisi\u00f3n del equipo rival.",
      "language": {
        "name": "es",
        "url": "https://pokeapi.co/api/v2/language/7/"
      },
      "version_group": {
        "name": "omega-ruby-alpha-sapphire",
        "url": "https://pokeapi.co/api/v2/version-group/16/"
      }
    },
    {
      "flavor_text": "Chi la usa attacca i nemici che ha intorno con un\ngetto di fango che pu\u00f2 anche ridurne la precisione. ",
      "language": {
        "name": "it",
        "url": "https://pokeapi.co/api/v2/language/8/"
      },
      "version_group": {
        "name": "omega-ruby-alpha-sapphire",
        "url": "https://pokeapi.co/api/v2/version-group/16/"
      }
    },
    {
      "flavor_text": "The user attacks by shooting muddy water\nat the opposing Pok\u00e9mon.\nThis may also lower their accuracy.",
      "language": {
        "name": "en",
        "url": "https://pokeapi.co/api/v2/language/9/"
      },
      "version_group": {
        "name": "omega-ruby-alpha-sapphire",
        "url": "https://pokeapi.co/api/v2/version-group/16/"
      }
    },
    {
      "flavor_text": "\u6fc1\u3063\u305f\u3000\u6c34\u3092\n\u76f8\u624b\u306b\u3000\u767a\u5c04\u3057\u3066\u3000\u653b\u6483\u3059\u308b\u3002\n\u547d\u4e2d\u7387\u3092\u3000\u3055\u3052\u308b\u3053\u3068\u304c\u3000\u3042\u308b\u3002",
      "language": {
        "name": "ja",
        "url": "https://pokeapi.co/api/v2/language/11/"
      },
      "version_group": {
        "name": "omega-ruby-alpha-sapphire",
        "url": "https://pokeapi.co/api/v2/version-group/16/"
      }
    },
    {
      "flavor_text": "\u306b\u3054\u3063\u305f\u3000\u307f\u305a\u3092\n\u3042\u3044\u3066\u306b\u3000\u306f\u3063\u3057\u3083\u3057\u3066\u3000\u3053\u3046\u3052\u304d\u3059\u308b\u3002\n\u3081\u3044\u3061\u3085\u3046\u308a\u3064\u3092\u3000\u3055\u3052\u308b\u3053\u3068\u304c\u3000\u3042\u308b\u3002",
      "language": {
        "name": "ja-Hrkt",
        "url": "https://pokeapi.co/api/v2/language/1/"
      },
      "version_group": {
        "name": "sun-moon",
        "url": "https://pokeapi.co/api/v2/version-group/17/"
      }
    },
    {
      "flavor_text": "\ud0c1\ud574\uc9c4 \ubb3c\uc744\n\uc0c1\ub300\uc5d0\uac8c \ubc1c\uc0ac\ud558\uc5ec \uacf5\uaca9\ud55c\ub2e4.\n\uba85\uc911\ub960\uc744 \ub5a8\uc5b4\ub728\ub9b4 \ub54c\uac00 \uc788\ub2e4.",
      "language": {
        "name": "ko",
        "url": "https://pokeapi.co/api/v2/language/3/"
      },
      "version_group": {
        "name": "sun-moon",
        "url": "https://pokeapi.co/api/v2/version-group/17/"
      }
    },
    {
      "flavor_text": "\u7528\u6e3e\u6fc1\u7684\u6c61\u6c34\u653b\u64ca\u5c0d\u624b\u3002\n\u6709\u6642\u6703\u964d\u4f4e\u5c0d\u624b\u7684\u547d\u4e2d\u7387\u3002",
      "language": {
        "name": "zh-Hant",
        "url": "https://pokeapi.co/api/v2/language/4/"
      },
      "version_group": {
        "name": "sun-moon",
        "url": "https://pokeapi.co/api/v2/version-group/17/"
      }
    },
    {
      "flavor_text": "Le lanceur attaque en projetant de l\u2019eau boueuse.\nPeut aussi r\u00e9duire la Pr\u00e9cision de l\u2019ennemi.",
      "language": {
        "name": "fr",
        "url": "https://pokeapi.co/api/v2/language/5/"
      },
      "version_group": {
        "name": "sun-moon",
        "url": "https://pokeapi.co/api/v2/version-group/17/"
      }
    },
    {
      "flavor_text": "Greift mit Matsch an und senkt eventuell die\nGenauigkeit des Zieles.",
      "language": {
        "name": "de",
        "url": "https://pokeapi.co/api/v2/language/6/"
      },
      "version_group": {
        "name": "sun-moon",
        "url": "https://pokeapi.co/api/v2/version-group/17/"
      }
    },
    {
      "flavor_text": "Ataque con agua lodosa que puede bajar la \nPrecisi\u00f3n del equipo rival.",
      "language": {
        "name": "es",
        "url": "https://pokeapi.co/api/v2/language/7/"
      },
      "version_group": {
        "name": "sun-moon",
        "url": "https://pokeapi.co/api/v2/version-group/17/"
      }
    },
    {
      "flavor_text": "Chi la usa attacca i nemici che ha intorno con un\ngetto di fango che pu\u00f2 anche ridurne la precisione. ",
      "language": {
        "name": "it",
        "url": "https://pokeapi.co/api/v2/language/8/"
      },
      "version_group": {
        "name": "sun-moon",
        "url": "https://pokeapi.co/api/v2/version-group/17/"
      }
    },
    {
      "flavor_text": "The user attacks by shooting muddy water at the\nopposing Pok\u00e9mon. This may also lower\ntheir accuracy.",
      "language": {
        "name": "en",
        "url": "https://pokeapi.co/api/v2/language/9/"
      },
      "version_group": {
        "name": "sun-moon",
        "url": "https://pokeapi.co/api/v2/version-group/17/"
      }
    },
    {
      "flavor_text": "\u6fc1\u3063\u305f\u3000\u6c34\u3092\n\u76f8\u624b\u306b\u3000\u767a\u5c04\u3057\u3066\u3000\u653b\u6483\u3059\u308b\u3002\n\u547d\u4e2d\u7387\u3092\u3000\u3055\u3052\u308b\u3053\u3068\u304c\u3000\u3042\u308b\u3002",
      "language": {
        "name": "ja",
        "url": "https://pokeapi.co/api/v2/language/11/"
      },
      "version_group": {
        "name": "sun-moon",
        "url": "https://pokeapi.co/api/v2/version-group/17/"
      }
    },
    {
      "flavor_text": "\u5411\u5bf9\u624b\u55b7\u5c04\n\u6d51\u6d4a\u7684\u6c34\u8fdb\u884c\u653b\u51fb\u3002\n\u6709\u65f6\u4f1a\u964d\u4f4e\u5bf9\u624b\u7684\u547d\u4e2d\u7387\u3002",
      "language": {
        "name": "zh-Hans",
        "url": "https://pokeapi.co/api/v2/language/12/"
      },
      "version_group": {
        "name": "sun-moon",
        "url": "https://pokeapi.co/api/v2/version-group/17/"
      }
    },
    {
      "flavor_text": "\u306b\u3054\u3063\u305f\u3000\u307f\u305a\u3092\n\u3042\u3044\u3066\u306b\u3000\u306f\u3063\u3057\u3083\u3057\u3066\u3000\u3053\u3046\u3052\u304d\u3059\u308b\u3002\n\u3081\u3044\u3061\u3085\u3046\u308a\u3064\u3092\u3000\u3055\u3052\u308b\u3053\u3068\u304c\u3000\u3042\u308b\u3002",
      "language": {
        "name": "ja-Hrkt",
        "url": "https://pokeapi.co/api/v2/language/1/"
      },
      "version_group": {
        "name": "ultra-sun-ultra-moon",
        "url": "https://pokeapi.co/api/v2/version-group/18/"
      }
    },
    {
      "flavor_text": "\ud0c1\ud574\uc9c4 \ubb3c\uc744\n\uc0c1\ub300\uc5d0\uac8c \ubc1c\uc0ac\ud558\uc5ec \uacf5\uaca9\ud55c\ub2e4.\n\uba85\uc911\ub960\uc744 \ub5a8\uc5b4\ub728\ub9b4 \ub54c\uac00 \uc788\ub2e4.",
      "language": {
        "name": "ko",
        "url": "https://pokeapi.co/api/v2/language/3/"
      },
      "version_group": {
        "name": "ultra-sun-ultra-moon",
        "url": "https://pokeapi.co/api/v2/version-group/18/"
      }
    },
    {
      "flavor_text": "\u7528\u6e3e\u6fc1\u7684\u6c61\u6c34\u653b\u64ca\u5c0d\u624b\u3002\n\u6709\u6642\u6703\u964d\u4f4e\u5c0d\u624b\u7684\u547d\u4e2d\u7387\u3002",
      "language": {
        "name": "zh-Hant",
        "url": "https://pokeapi.co/api/v2/language/4/"
      },
      "version_group": {
        "name": "ultra-sun-ultra-moon",
        "url": "https://pokeapi.co/api/v2/version-group/18/"
      }
    },
    {
      "flavor_text": "Le lanceur attaque en projetant de l\u2019eau boueuse.\nPeut aussi r\u00e9duire la Pr\u00e9cision de l\u2019ennemi.",
      "language": {
        "name": "fr",
        "url": "https://pokeapi.co/api/v2/language/5/"
      },
      "version_group": {
        "name": "ultra-sun-ultra-moon",
        "url": "https://pokeapi.co/api/v2/version-group/18/"
      }
    },
    {
      "flavor_text": "Greift mit Matsch an und senkt eventuell die\nGenauigkeit des Zieles.",
      "language": {
        "name": "de",
        "url": "https://pokeapi.co/api/v2/language/6/"
      },
      "version_group": {
        "name": "ultra-sun-ultra-moon",
        "url": "https://pokeapi.co/api/v2/version-group/18/"
      }
    },
    {
      "flavor_text": "Ataque con agua lodosa que puede bajar la \nPrecisi\u00f3n del equipo rival.",
      "language": {
        "name": "es",
        "url": "https://pokeapi.co/api/v2/language/7/"
      },
      "version_group": {
        "name": "ultra-sun-ultra-moon",
        "url": "https://pokeapi.co/api/v2/version-group/18/"
      }
    },
    {
      "flavor_text": "Chi la usa attacca i nemici che ha intorno con un\ngetto di fango che pu\u00f2 anche ridurne la precisione. ",
      "language": {
        "name": "it",
        "url": "https://pokeapi.co/api/v2/language/8/"
      },
      "version_group": {
        "name": "ultra-sun-ultra-moon",
        "url": "https://pokeapi.co/api/v2/version-group/18/"
      }
    },
    {
      "flavor_text": "The user attacks by shooting muddy water at the\nopposing Pok\u00e9mon. This may also lower\ntheir accuracy.",
      "language": {
        "name": "en",
        "url": "https://pokeapi.co/api/v2/language/9/"
      },
      "version_group": {
        "name": "ultra-sun-ultra-moon",
        "url": "https://pokeapi.co/api/v2/version-group/18/"
      }
    },
    {
      "flavor_text": "\u6fc1\u3063\u305f\u3000\u6c34\u3092\n\u76f8\u624b\u306b\u3000\u767a\u5c04\u3057\u3066\u3000\u653b\u6483\u3059\u308b\u3002\n\u547d\u4e2d\u7387\u3092\u3000\u3055\u3052\u308b\u3053\u3068\u304c\u3000\u3042\u308b\u3002",
      "language": {
        "name": "ja",
        "url": "https://pokeapi.co/api/v2/language/11/"
      },
      "version_group": {
        "name": "ultra-sun-ultra-moon",
        "url": "https://pokeapi.co/api/v2/version-group/18/"
      }
    },
    {
      "flavor_text": "\u5411\u5bf9\u624b\u55b7\u5c04\n\u6d51\u6d4a\u7684\u6c34\u8fdb\u884c\u653b\u51fb\u3002\n\u6709\u65f6\u4f1a\u964d\u4f4e\u5bf9\u624b\u7684\u547d\u4e2d\u7387\u3002",
      "language": {
        "name": "zh-Hans",
        "url": "https://pokeapi.co/api/v2/language/12/"
      },
      "version_group": {
        "name": "ultra-sun-ultra-moon",
        "url": "https://pokeapi.co/api/v2/version-group/18/"
      }
    },
    {
      "flavor_text": "\u306b\u3054\u3063\u305f\u3000\u307f\u305a\u3092\n\u3042\u3044\u3066\u306b\u3000\u306f\u3063\u3057\u3083\u3057\u3066\u3000\u3053\u3046\u3052\u304d\u3059\u308b\u3002\n\u3081\u3044\u3061\u3085\u3046\u308a\u3064\u3092\u3000\u3055\u3052\u308b\u3053\u3068\u304c\u3000\u3042\u308b\u3002",
      "language": {
        "name": "ja-Hrkt",
        "url": "https://pokeapi.co/api/v2/language/1/"
      },
      "version_group": {
        "name": "lets-go-pikachu-lets-go-eevee",
        "url": "https://pokeapi.co/api/v2/version-group/19/"
      }
    },
    {
      "flavor_text": "\ud0c1\ud574\uc9c4 \ubb3c\uc744\n\uc0c1\ub300\uc5d0\uac8c \ubc1c\uc0ac\ud558\uc5ec \uacf5\uaca9\ud55c\ub2e4.\n\uba85\uc911\ub960\uc744 \ub5a8\uc5b4\ub728\ub9b4 \ub54c\uac00 \uc788\ub2e4.",
      "language": {
        "name": "ko",
        "url": "https://pokeapi.co/api/v2/language/3/"
      },
      "version_group": {
        "name": "lets-go-pikachu-lets-go-eevee",
        "url": "https://pokeapi.co/api/v2/version-group/19/"
      }
    },
    {
      "flavor_text": "\u7528\u6e3e\u6fc1\u7684\u6c61\u6c34\u653b\u64ca\u5c0d\u624b\u3002\n\u6709\u6642\u6703\u964d\u4f4e\u5c0d\u624b\u7684\u547d\u4e2d\u7387\u3002",
      "language": {
        "name": "zh-Hant",
        "url": "https://pokeapi.co/api/v2/language/4/"
      },
      "version_group": {
        "name": "lets-go-pikachu-lets-go-eevee",
        "url": "https://pokeapi.co/api/v2/version-group/19/"
      }
    },
    {
      "flavor_text": "Le lanceur attaque en projetant de l\u2019eau boueuse.\nPeut aussi r\u00e9duire la Pr\u00e9cision de l\u2019ennemi.",
      "language": {
        "name": "fr",
        "url": "https://pokeapi.co/api/v2/language/5/"
      },
      "version_group": {
        "name": "lets-go-pikachu-lets-go-eevee",
        "url": "https://pokeapi.co/api/v2/version-group/19/"
      }
    },
    {
      "flavor_text": "Greift mit Matsch an und senkt eventuell die\nGenauigkeit des Zieles.",
      "language": {
        "name": "de",
        "url": "https://pokeapi.co/api/v2/language/6/"
      },
      "version_group": {
        "name": "lets-go-pikachu-lets-go-eevee",
        "url": "https://pokeapi.co/api/v2/version-group/19/"
      }
    },
    {
      "flavor_text": "Ataque con agua lodosa que puede bajar la \nPrecisi\u00f3n del equipo rival.",
      "language": {
        "name": "es",
        "url": "https://pokeapi.co/api/v2/language/7/"
      },
      "version_group": {
        "name": "lets-go-pikachu-lets-go-eevee",
        "url": "https://pokeapi.co/api/v2/version-group/19/"
      }
    },
    {
      "flavor_text": "Chi la usa attacca i nemici che ha intorno con un\ngetto di fango che pu\u00f2 anche ridurne la precisione.",
      "language": {
        "name": "it",
        "url": "https://pokeapi.co/api/v2/language/8/"
      },
      "version_group": {
        "name": "lets-go-pikachu-lets-go-eevee",
        "url": "https://pokeapi.co/api/v2/version-group/19/"
      }
    },
    {
      "flavor_text": "The user attacks by shooting muddy water at the\nopposing Pok\u00e9mon. This may also lower\ntheir accuracy.",
      "language": {
        "name": "en",
        "url": "https://pokeapi.co/api/v2/language/9/"
      },
      "version_group": {
        "name": "lets-go-pikachu-lets-go-eevee",
        "url": "https://pokeapi.co/api/v2/version-group/19/"
      }
    },
    {
      "flavor_text": "\u6fc1\u3063\u305f\u3000\u6c34\u3092\n\u76f8\u624b\u306b\u3000\u767a\u5c04\u3057\u3066\u3000\u653b\u6483\u3059\u308b\u3002\n\u547d\u4e2d\u7387\u3092\u3000\u3055\u3052\u308b\u3053\u3068\u304c\u3000\u3042\u308b\u3002",
      "language": {
        "name": "ja",
        "url": "https://pokeapi.co/api/v2/language/11/"
      },
      "version_group": {
        "name": "lets-go-pikachu-lets-go-eevee",
        "url": "https://pokeapi.co/api/v2/version-group/19/"
      }
    },
    {
      "flavor_text": "\u5411\u5bf9\u624b\u55b7\u5c04\n\u6d51\u6d4a\u7684\u6c34\u8fdb\u884c\u653b\u51fb\u3002\n\u6709\u65f6\u4f1a\u964d\u4f4e\u5bf9\u624b\u7684\u547d\u4e2d\u7387\u3002",
      "language": {
        "name": "zh-Hans",
        "url": "https://pokeapi.co/api/v2/language/12/"
      },
      "version_group": {
        "name": "lets-go-pikachu-lets-go-eevee",
        "url": "https://pokeapi.co/api/v2/version-group/19/"
      }
    },
    {
      "flavor_text": "\u306b\u3054\u3063\u305f\u3000\u307f\u305a\u3092\n\u3042\u3044\u3066\u306b\u3000\u306f\u3063\u3057\u3083\u3057\u3066\u3000\u3053\u3046\u3052\u304d\u3059\u308b\u3002\n\u3081\u3044\u3061\u3085\u3046\u308a\u3064\u3092\u3000\u3055\u3052\u308b\u3053\u3068\u304c\u3000\u3042\u308b\u3002",
      "language": {
        "name": "ja-Hrkt",
        "url": "https://pokeapi.co/api/v2/language/1/"
      },
      "version_group": {
        "name": "sword-shield",
        "url": "https://pokeapi.co/api/v2/version-group/20/"
      }
    },
    {
      "flavor_text": "\ud0c1\ud574\uc9c4 \ubb3c\uc744\n\uc0c1\ub300\uc5d0\uac8c \ubc1c\uc0ac\ud558\uc5ec \uacf5\uaca9\ud55c\ub2e4.\n\uba85\uc911\ub960\uc744 \ub5a8\uc5b4\ub728\ub9b4 \ub54c\uac00 \uc788\ub2e4.",
      "language": {
        "name": "ko",
        "url": "https://pokeapi.co/api/v2/language/3/"
      },
      "version_group": {
        "name": "sword-shield",
        "url": "https://pokeapi.co/api/v2/version-group/20/"
      }
    },
    {
      "flavor_text": "\u7528\u6e3e\u6fc1\u7684\u6c61\u6c34\u653b\u64ca\u5c0d\u624b\u3002\n\u6709\u6642\u6703\u964d\u4f4e\u5c0d\u624b\u7684\u547d\u4e2d\u7387\u3002",
      "language": {
        "name": "zh-Hant",
        "url": "https://pokeapi.co/api/v2/language/4/"
      },
      "version_group": {
        "name": "sword-shield",
        "url": "https://pokeapi.co/api/v2/version-group/20/"
      }
    },
    {
      "flavor_text": "Le lanceur attaque en projetant de l\u2019eau boueuse.\nPeut aussi r\u00e9duire la Pr\u00e9cision de l\u2019ennemi.",
      "language": {
        "name": "fr",
        "url": "https://pokeapi.co/api/v2/language/5/"
      },
      "version_group": {
        "name": "sword-shield",
        "url": "https://pokeapi.co/api/v2/version-group/20/"
      }
    },
    {
      "flavor_text": "Greift mit Matsch an und senkt eventuell die\nGenauigkeit der gegnerischen Pok\u00e9mon.",
      "language": {
        "name": "de",
        "url": "https://pokeapi.co/api/v2/language/6/"
      },
      "version_group": {
        "name": "sword-shield",
        "url": "https://pokeapi.co/api/v2/version-group/20/"
      }
    },
    {
      "flavor_text": "Ataque con agua lodosa que puede bajar la Precisi\u00f3n\ndel equipo rival.",
      "language": {
        "name": "es",
        "url": "https://pokeapi.co/api/v2/language/7/"
      },
      "version_group": {
        "name": "sword-shield",
        "url": "https://pokeapi.co/api/v2/version-group/20/"
      }
    },
    {
      "flavor_text": "Chi la usa attacca i nemici che ha intorno con un\ngetto di fango che pu\u00f2 anche ridurne la precisione.",
      "language": {
        "name": "it",
        "url": "https://pokeapi.co/api/v2/language/8/"
      },
      "version_group": {
        "name": "sword-shield",
        "url": "https://pokeapi.co/api/v2/version-group/20/"
      }
    },
    {
      "flavor_text": "The user attacks by shooting muddy water at opposing\nPok\u00e9mon. This may also lower their accuracy.",
      "language": {
        "name": "en",
        "url": "https://pokeapi.co/api/v2/language/9/"
      },
      "version_group": {
        "name": "sword-shield",
        "url": "https://pokeapi.co/api/v2/version-group/20/"
      }
    },
    {
      "flavor_text": "\u6fc1\u3063\u305f\u3000\u6c34\u3092\n\u76f8\u624b\u306b\u3000\u767a\u5c04\u3057\u3066\u3000\u653b\u6483\u3059\u308b\u3002\n\u547d\u4e2d\u7387\u3092\u3000\u3055\u3052\u308b\u3053\u3068\u304c\u3000\u3042\u308b\u3002",
      "language": {
        "name": "ja",
        "url": "https://pokeapi.co/api/v2/language/11/"
      },
      "version_group": {
        "name": "sword-shield",
        "url": "https://pokeapi.co/api/v2/version-group/20/"
      }
    },
    {
      "flavor_text": "\u5411\u5bf9\u624b\u55b7\u5c04\n\u6d51\u6d4a\u7684\u6c34\u8fdb\u884c\u653b\u51fb\u3002\n\u6709\u65f6\u4f1a\u964d\u4f4e\u5bf9\u624b\u7684\u547d\u4e2d\u7387\u3002",
      "language": {
        "name": "zh-Hans",
        "url": "https://pokeapi.co/api/v2/language/12/"
      },
      "version_group": {
        "name": "sword-shield",
        "url": "https://pokeapi.co/api/v2/version-group/20/"
      }
    },
    {
      "flavor_text": "The user attacks by shooting muddy water at opposing Pok\u00e9mon. This may also lower their accuracy.",
      "language": {
        "name": "en",
        "url": "https://pokeapi.co/api/v2/language/9/"
      },
      "version_group": {
        "name": "legends-arceus",
        "url": "https://pokeapi.co/api/v2/version-group/24/"
      }
    },
    {
      "flavor_text": "The user attacks by shooting muddy water at opposing Pok\u00e9mon. This may also lower their accuracy.",
      "language": {
        "name": "en",
        "url": "https://pokeapi.co/api/v2/language/9/"
      },
      "version_group": {
        "name": "scarlet-violet",
        "url": "https://pokeapi.co/api/v2/version-group/25/"
      }
    }
  ],
  "generation": {
    "name": "generation-iii",
    "url": "https://pokeapi.co/api/v2/generation/3/"
  },
  "id": 330,
  "learned_by_pokemon": [
    {
      "name": "squirtle",
      "url": "https://pokeapi.co/api/v2/pokemon/7/"
    },
    {
      "name": "wartortle",
      "url": "https://pokeapi.co/api/v2/pokemon/8/"
    },
    {
      "name": "blastoise",
      "url": "https://pokeapi.co/api/v2/pokemon/9/"
    },
    {
      "name": "psyduck",
      "url": "https://pokeapi.co/api/v2/pokemon/54/"
    },
    {
      "name": "golduck",
      "url": "https://pokeapi.co/api/v2/pokemon/55/"
    },
    {
      "name": "poliwag",
      "url": "https://pokeapi.co/api/v2/pokemon/60/"
    },
    {
      "name": "poliwhirl",
      "url": "https://pokeapi.co/api/v2/pokemon/61/"
    },
    {
      "name": "poliwrath",
      "url": "https://pokeapi.co/api/v2/pokemon/62/"
    },
    {
      "name": "tentacool",
      "url": "https://pokeapi.co/api/v2/pokemon/72/"
    },
    {
      "name": "tentacruel",
      "url": "https://pokeapi.co/api/v2/pokemon/73/"
    },
    {
      "name": "slowbro",
      "url": "https://pokeapi.co/api/v2/pokemon/80/"
    },
    {
      "name": "seel",
      "url": "https://pokeapi.co/api/v2/pokemon/86/"
    },
    {
      "name": "dewgong",
      "url": "https://pokeapi.co/api/v2/pokemon/87/"
    },
    {
      "name": "lickitung",
      "url": "https://pokeapi.co/api/v2/pokemon/108/"
    },
    {
      "name": "horsea",
      "url": "https://pokeapi.co/api/v2/pokemon/116/"
    },
    {
      "name": "seadra",
      "url": "https://pokeapi.co/api/v2/pokemon/117/"
    },
    {
      "name": "goldeen",
      "url": "https://pokeapi.co/api/v2/pokemon/118/"
    },
    {
      "name": "seaking",
      "url": "https://pokeapi.co/api/v2/pokemon/119/"
    },
    {
      "name": "gyarados",
      "url": "https://pokeapi.co/api/v2/pokemon/130/"
    },
    {
      "name": "lapras",
      "url": "https://pokeapi.co/api/v2/pokemon/131/"
    },
    {
      "name": "vaporeon",
      "url": "https://pokeapi.co/api/v2/pokemon/134/"
    },
    {
      "name": "omanyte",
      "url": "https://pokeapi.co/api/v2/pokemon/138/"
    },
    {
      "name": "omastar",
      "url": "https://pokeapi.co/api/v2/pokemon/139/"
    },
    {
      "name": "mew",
      "url": "https://pokeapi.co/api/v2/pokemon/151/"
    },
    {
      "name": "totodile",
      "url": "https://pokeapi.co/api/v2/pokemon/158/"
    },
    {
      "name": "croconaw",
      "url": "https://pokeapi.co/api/v2/pokemon/159/"
    },
    {
      "name": "feraligatr",
      "url": "https://pokeapi.co/api/v2/pokemon/160/"
    },
    {
      "name": "chinchou",
      "url": "https://pokeapi.co/api/v2/pokemon/170/"
    },
    {
      "name": "lanturn",
      "url": "https://pokeapi.co/api/v2/pokemon/171/"
    },
    {
      "name": "marill",
      "url": "https://pokeapi.co/api/v2/pokemon/183/"
    },
    {
      "name": "azumarill",
      "url": "https://pokeapi.co/api/v2/pokemon/184/"
    },
    {
      "name": "politoed",
      "url": "https://pokeapi.co/api/v2/pokemon/186/"
    },
    {
      "name": "wooper",
      "url": "https://pokeapi.co/api/v2/pokemon/194/"
    },
    {
      "name": "quagsire",
      "url": "https://pokeapi.co/api/v2/pokemon/195/"
    },
    {
      "name": "slowking",
      "url": "https://pokeapi.co/api/v2/pokemon/199/"
    },
    {
      "name": "kingdra",
      "url": "https://pokeapi.co/api/v2/pokemon/230/"
    },
    {
      "name": "larvitar",
      "url": "https://pokeapi.co/api/v2/pokemon/246/"
    },
    {
      "name": "pupitar",
      "url": "https://pokeapi.co/api/v2/pokemon/247/"
    },
    {
      "name": "tyranitar",
      "url": "https://pokeapi.co/api/v2/pokemon/248/"
    },
    {
      "name": "mudkip",
      "url": "https://pokeapi.co/api/v2/pokemon/258/"
    },
    {
      "name": "marshtomp",
      "url": "https://pokeapi.co/api/v2/pokemon/259/"
    },
    {
      "name": "swampert",
      "url": "https://pokeapi.co/api/v2/pokemon/260/"
    },
    {
      "name": "lotad",
      "url": "https://pokeapi.co/api/v2/pokemon/270/"
    },
    {
      "name": "lombre",
      "url": "https://pokeapi.co/api/v2/pokemon/271/"
    },
    {
      "name": "ludicolo",
      "url": "https://pokeapi.co/api/v2/pokemon/272/"
    },
    {
      "name": "wingull",
      "url": "https://pokeapi.co/api/v2/pokemon/278/"
    },
    {
      "name": "pelipper",
      "url": "https://pokeapi.co/api/v2/pokemon/279/"
    },
    {
      "name": "azurill",
      "url": "https://pokeapi.co/api/v2/pokemon/298/"
    },
    {
      "name": "barboach",
      "url": "https://pokeapi.co/api/v2/pokemon/339/"
    },
    {
      "name": "whiscash",
      "url": "https://pokeapi.co/api/v2/pokemon/340/"
    },
    {
      "name": "corphish",
      "url": "https://pokeapi.co/api/v2/pokemon/341/"
    },
    {
      "name": "crawdaunt",
      "url": "https://pokeapi.co/api/v2/pokemon/342/"
    },
    {
      "name": "feebas",
      "url": "https://pokeapi.co/api/v2/pokemon/349/"
    },
    {
      "name": "milotic",
      "url": "https://pokeapi.co/api/v2/pokemon/350/"
    },
    {
      "name": "clamperl",
      "url": "https://pokeapi.co/api/v2/pokemon/366/"
    },
    {
      "name": "relicanth",
      "url": "https://pokeapi.co/api/v2/pokemon/369/"
    },
    {
      "name": "kyogre",
      "url": "https://pokeapi.co/api/v2/pokemon/382/"
    },
    {
      "name": "floatzel",
      "url": "https://pokeapi.co/api/v2/pokemon/419/"
    },
    {
      "name": "shellos",
      "url": "https://pokeapi.co/api/v2/pokemon/422/"
    },
    {
      "name": "gastrodon",
      "url": "https://pokeapi.co/api/v2/pokemon/423/"
    },
    {
      "name": "hippopotas",
      "url": "https://pokeapi.co/api/v2/pokemon/449/"
    },
    {
      "name": "hippowdon",
      "url": "https://pokeapi.co/api/v2/pokemon/450/"
    },
    {
      "name": "lickilicky",
      "url": "https://pokeapi.co/api/v2/pokemon/463/"
    },
    {
      "name": "tympole",
      "url": "https://pokeapi.co/api/v2/pokemon/535/"
    },
    {
      "name": "palpitoad",
      "url": "https://pokeapi.co/api/v2/pokemon/536/"
    },
    {
      "name": "seismitoad",
      "url": "https://pokeapi.co/api/v2/pokemon/537/"
    },
    {
      "name": "basculin-red-striped",
      "url": "https://pokeapi.co/api/v2/pokemon/550/"
    },
    {
      "name": "tirtouga",
      "url": "https://pokeapi.co/api/v2/pokemon/564/"
    },
    {
      "name": "carracosta",
      "url": "https://pokeapi.co/api/v2/pokemon/565/"
    },
    {
      "name": "jellicent",
      "url": "https://pokeapi.co/api/v2/pokemon/593/"
    },
    {
      "name": "stunfisk",
      "url": "https://pokeapi.co/api/v2/pokemon/618/"
    },
    {
      "name": "keldeo-ordinary",
      "url": "https://pokeapi.co/api/v2/pokemon/647/"
    },
    {
      "name": "barbaracle",
      "url": "https://pokeapi.co/api/v2/pokemon/689/"
    },
    {
      "name": "skrelp",
      "url": "https://pokeapi.co/api/v2/pokemon/690/"
    },
    {
      "name": "dragalge",
      "url": "https://pokeapi.co/api/v2/pokemon/691/"
    },
    {
      "name": "clauncher",
      "url": "https://pokeapi.co/api/v2/pokemon/692/"
    },
    {
      "name": "clawitzer",
      "url": "https://pokeapi.co/api/v2/pokemon/693/"
    },
    {
      "name": "goomy",
      "url": "https://pokeapi.co/api/v2/pokemon/704/"
    },
    {
      "name": "sliggoo",
      "url": "https://pokeapi.co/api/v2/pokemon/705/"
    },
    {
      "name": "goodra",
      "url": "https://pokeapi.co/api/v2/pokemon/706/"
    },
    {
      "name": "wishiwashi-solo",
      "url": "https://pokeapi.co/api/v2/pokemon/746/"
    },
    {
      "name": "mareanie",
      "url": "https://pokeapi.co/api/v2/pokemon/747/"
    },
    {
      "name": "toxapex",
      "url": "https://pokeapi.co/api/v2/pokemon/748/"
    },
    {
      "name": "golisopod",
      "url": "https://pokeapi.co/api/v2/pokemon/768/"
    },
    {
      "name": "dhelmise",
      "url": "https://pokeapi.co/api/v2/pokemon/781/"
    },
    {
      "name": "tapu-fini",
      "url": "https://pokeapi.co/api/v2/pokemon/788/"
    },
    {
      "name": "sobble",
      "url": "https://pokeapi.co/api/v2/pokemon/816/"
    },
    {
      "name": "drizzile",
      "url": "https://pokeapi.co/api/v2/pokemon/817/"
    },
    {
      "name": "inteleon",
      "url": "https://pokeapi.co/api/v2/pokemon/818/"
    },
    {
      "name": "drednaw",
      "url": "https://pokeapi.co/api/v2/pokemon/834/"
    },
    {
      "name": "clobbopus",
      "url": "https://pokeapi.co/api/v2/pokemon/852/"
    },
    {
      "name": "grapploct",
      "url": "https://pokeapi.co/api/v2/pokemon/853/"
    },
    {
      "name": "pincurchin",
      "url": "https://pokeapi.co/api/v2/pokemon/871/"
    },
    {
      "name": "basculegion-male",
      "url": "https://pokeapi.co/api/v2/pokemon/902/"
    },
    {
      "name": "tadbulb",
      "url": "https://pokeapi.co/api/v2/pokemon/938/"
    },
    {
      "name": "bellibolt",
      "url": "https://pokeapi.co/api/v2/pokemon/939/"
    },
    {
      "name": "wiglett",
      "url": "https://pokeapi.co/api/v2/pokemon/960/"
    },
    {
      "name": "wugtrio",
      "url": "https://pokeapi.co/api/v2/pokemon/961/"
    },
    {
      "name": "tatsugiri-curly",
      "url": "https://pokeapi.co/api/v2/pokemon/978/"
    },
    {
      "name": "clodsire",
      "url": "https://pokeapi.co/api/v2/pokemon/980/"
    },
    {
      "name": "basculin-blue-striped",
      "url": "https://pokeapi.co/api/v2/pokemon/10016/"
    },
    {
      "name": "keldeo-resolute",
      "url": "https://pokeapi.co/api/v2/pokemon/10024/"
    },
    {
      "name": "swampert-mega",
      "url": "https://pokeapi.co/api/v2/pokemon/10064/"
    },
    {
      "name": "kyogre-primal",
      "url": "https://pokeapi.co/api/v2/pokemon/10077/"
    },
    {
      "name": "wishiwashi-school",
      "url": "https://pokeapi.co/api/v2/pokemon/10127/"
    },
    {
      "name": "slowbro-galar",
      "url": "https://pokeapi.co/api/v2/pokemon/10165/"
    },
    {
      "name": "slowking-galar",
      "url": "https://pokeapi.co/api/v2/pokemon/10172/"
    },
    {
      "name": "stunfisk-galar",
      "url": "https://pokeapi.co/api/v2/pokemon/10180/"
    },
    {
      "name": "sliggoo-hisui",
      "url": "https://pokeapi.co/api/v2/pokemon/10241/"
    },
    {
      "name": "goodra-hisui",
      "url": "https://pokeapi.co/api/v2/pokemon/10242/"
    },
    {
      "name": "basculin-white-striped",
      "url": "https://pokeapi.co/api/v2/pokemon/10247/"
    },
    {
      "name": "basculegion-female",
      "url": "https://pokeapi.co/api/v2/pokemon/10248/"
    },
    {
      "name": "tatsugiri-droopy",
      "url": "https://pokeapi.co/api/v2/pokemon/10258/"
    },
    {
      "name": "tatsugiri-stretchy",
      "url": "https://pokeapi.co/api/v2/pokemon/10259/"
    }
  ],
  "machines": [
    {
      "machine": {
        "url": "https://pokeapi.co/api/v2/machine/1634/"
      },
      "version_group": {
        "name": "sword-shield",
        "url": "https://pokeapi.co/api/v2/version-group/20/"
      }
    },
    {
      "machine": {
        "url": "https://pokeapi.co/api/v2/machine/1914/"
      },
      "version_group": {
        "name": "scarlet-violet",
        "url": "https://pokeapi.co/api/v2/version-group/25/"
      }
    },
    {
      "machine": {
        "url": "https://pokeapi.co/api/v2/machine/2082/"
      },
      "version_group": {
        "name": "the-indigo-disk",
        "url": "https://pokeapi.co/api/v2/version-group/27/"
      }
    }
  ],
  "meta": {
    "ailment": {
      "name": "none",
      "url": "https://pokeapi.co/api/v2/move-ailment/0/"
    },
    "ailment_chance": 0,
    "category": {
      "name": "damage+lower",
      "url": "https://pokeapi.co/api/v2/move-category/6/"
    },
    "crit_rate": 0,
    "drain": 0,
    "flinch_chance": 0,
    "healing": 0,
    "max_hits": null,
    "max_turns": null,
    "min_hits": null,
    "min_turns": null,
    "stat_chance": 30
  },
  "name": "muddy-water",
  "names": [
    {
      "language": {
        "name": "ja-Hrkt",
        "url": "https://pokeapi.co/api/v2/language/1/"
      },
      "name": "\u3060\u304f\u308a\u3085\u3046"
    },
    {
      "language": {
        "name": "ko",
        "url": "https://pokeapi.co/api/v2/language/3/"
      },
      "name": "\ud0c1\ub958"
    },
    {
      "language": {
        "name": "zh-Hant",
        "url": "https://pokeapi.co/api/v2/language/4/"
      },
      "name": "\u6fc1\u6d41"
    },
    {
      "language": {
        "name": "fr",
        "url": "https://pokeapi.co/api/v2/language/5/"
      },
      "name": "Ocroupi"
    },
    {
      "language": {
        "name": "de",
        "url": "https://pokeapi.co/api/v2/language/6/"
      },
      "name": "Lehmbr\u00fche"
    },
    {
      "language": {
        "name": "es",
        "url": "https://pokeapi.co/api/v2/language/7/"
      },
      "name": "Agua Lodosa"
    },
    {
      "language": {
        "name": "it",
        "url": "https://pokeapi.co/api/v2/language/8/"
      },
      "name": "Fanghiglia"
    },
    {
      "language": {
        "name": "en",
        "url": "https://pokeapi.co/api/v2/language/9/"
      },
      "name": "Muddy Water"
    },
    {
      "language": {
        "name": "ja",
        "url": "https://pokeapi.co/api/v2/language/11/"
      },
      "name": "\u3060\u304f\u308a\u3085\u3046"
    },
    {
      "language": {
        "name": "zh-Hans",
        "url": "https://pokeapi.co/api/v2/language/12/"
      },
      "name": "\u6d4a\u6d41"
    }
  ],
  "past_values": [
    {
      "accuracy": null,
      "effect_chance": null,
      "effect_entries": [],
      "power": 95,
      "pp": null,
      "type": null,
      "version_group": {
        "name": "x-y",
        "url": "https://pokeapi.co/api/v2/version-group/15/"
      }
    }
  ],
  "power": 90,
  "pp": 10,
  "priority": 0,
  "stat_changes": [
    {
      "change": -1,
      "stat": {
        "name": "accuracy",
        "url": "https://pokeapi.co/api/v2/stat/7/"
      }
    }
  ],
  "super_contest_effect": {
    "url": "https://pokeapi.co/api/v2/super-contest-effect/18/"
  },
  "target": {
    "name": "all-opponents",
    "url": "https://pokeapi.co/api/v2/move-target/11/"
  },
  "type": {
    "name": "water",
    "url": "https://pokeapi.co/api/v2/type/11/"
  }
}