{
  "accuracy": null,
  "contest_combos": null,
  "contest_effect": {
    "url": "https://pokeapi.co/api/v2/contest-effect/15/"
  },
  "contest_type": {
    "name": "beauty",
    "url": "https://pokeapi.co/api/v2/contest-type/2/"
  },
  "damage_class": {
    "name": "status",
    "url": "https://pokeapi.co/api/v2/move-damage-class/1/"
  },
  "effect_chance": null,
  "effect_changes": [],
  "effect_entries": [
    {
      "effect": "Protects Pok\u00e9mon on the user\u2019s side of the field from major status effects and confusion for five turns.  Does not cancel existing ailments.  This effect remains even if the user leaves the field.\n\nIf yawn is used while this move is in effect, it will immediately fail.\n\ndefog used by an opponent will end this effect.\n\nThis effect does not prevent the confusion caused by outrage, petal dance, or thrash.",
      "language": {
        "name": "en",
        "url": "https://pokeapi.co/api/v2/language/9/"
      },
      "short_effect": "Protects the user\u2019s field from major status ailments and confusion for five turns."
    }
  ],
  "flavor_text_entries": [
    {
      "flavor_text": "Prevents all\nstatus problems.",
      "language": {
        "name": "en",
        "url": "https://pokeapi.co/api/v2/language/9/"
      },
      "version_group": {
        "name": "gold-silver",
        "url": "https://pokeapi.co/api/v2/version-group/3/"
      }
    },
    {
      "flavor_text": "Prevents all\nstatus problems.",
      "language": {
        "name": "en",
        "url": "https://pokeapi.co/api/v2/language/9/"
      },
      "version_group": {
        "name": "crystal",
        "url": "https://pokeapi.co/api/v2/version-group/4/"
      }
    },
    {
      "flavor_text": "A mystical force prevents\nall status problems.",
      "language": {
        "name": "en",
        "url": "https://pokeapi.co/api/v2/language/9/"
      },
      "version_group": {
        "name": "ruby-sapphire",
        "url": "https://pokeapi.co/api/v2/version-group/5/"
      }
    },
    {
      "flavor_text": "A mystical force prevents\nall status problems.",
      "language": {
        "name": "en",
        "url": "https://pokeapi.co/api/v2/language/9/"
      },
      "version_group": {
        "name": "emerald",
        "url": "https://pokeapi.co/api/v2/version-group/6/"
      }
    },
    {
      "flavor_text": "It protects the\nuser\u2019s party from\nall status problems\nfor five turns.",
      "language": {
        "name": "en",
        "url": "https://pokeapi.co/api/v2/language/9/"
      },
      "version_group": {
        "name": "firered-leafgreen",
        "url": "https://pokeapi.co/api/v2/version-group/7/"
      }
    },
    {
      "flavor_text": "The user creates a\nprotective field that\nprevents status\nproblems for five\nturns.",
      "language": {
        "name": "en",
        "url": "https://pokeapi.co/api/v2/language/9/"
      },
      "version_group": {
        "name": "diamond-pearl",
        "url": "https://pokeapi.co/api/v2/version-group/8/"
      }
    },
    {
      "flavor_text": "The user creates a\nprotective field that\nprevents status\nproblems for five\nturns.",
      "language": {
        "name": "en",
        "url": "https://pokeapi.co/api/v2/language/9/"
      },
      "version_group": {
        "name": "platinum",
        "url": "https://pokeapi.co/api/v2/version-group/9/"
      }
    },
    {
      "flavor_text": "The user creates a\nprotective field that\nprevents status\nproblems for five\nturns.",
      "language": {
        "name": "en",
        "url": "https://pokeapi.co/api/v2/language/9/"
      },
      "version_group": {
        "name": "heartgold-soulsilver",
        "url": "https://pokeapi.co/api/v2/version-group/10/"
      }
    },
    {
      "flavor_text": "Champ protecteur emp\u00eachant tous les\nprobl\u00e8mes de statut pendant 5 tours.",
      "language": {
        "name": "fr",
        "url": "https://pokeapi.co/api/v2/language/5/"
      },
      "version_group": {
        "name": "black-white",
        "url": "https://pokeapi.co/api/v2/version-group/11/"
      }
    },
    {
      "flavor_text": "The user creates a protective field that\nprevents status problems for five turns.",
      "language": {
        "name": "en",
        "url": "https://pokeapi.co/api/v2/language/9/"
      },
      "version_group": {
        "name": "black-white",
        "url": "https://pokeapi.co/api/v2/version-group/11/"
      }
    },
    {
      "flavor_text": "The user creates a protective field that\nprevents status problems for five turns.",
      "language": {
        "name": "en",
        "url": "https://pokeapi.co/api/v2/language/9/"
      },
      "version_group": {
        "name": "black-2-white-2",
        "url": "https://pokeapi.co/api/v2/version-group/14/"
      }
    },
    {
      "flavor_text": "\uff15\u30bf\u30fc\u30f3\u306e\u3000\u3042\u3044\u3060\n\u3075\u3057\u304e\u306a\u3000\u3061\u304b\u3089\u306b\u3000\u307e\u3082\u3089\u308c\u3066\n\u3058\u3087\u3046\u305f\u3044\u3000\u3044\u3058\u3087\u3046\u306b\u3000\u306a\u3089\u306a\u304f\u306a\u308b\u3002",
      "language": {
        "name": "ja-Hrkt",
        "url": "https://pokeapi.co/api/v2/language/1/"
      },
      "version_group": {
        "name": "x-y",
        "url": "https://pokeapi.co/api/v2/version-group/15/"
      }
    },
    {
      "flavor_text": "5\ud134 \ub3d9\uc548\n\uc774\uc0c1\ud55c \ud798\uc73c\ub85c \ubcf4\ud638\ubc1b\uc544\n\uc0c1\ud0dc \uc774\uc0c1\uc774 \ub418\uc9c0 \uc54a\ub294\ub2e4.",
      "language": {
        "name": "ko",
        "url": "https://pokeapi.co/api/v2/language/3/"
      },
      "version_group": {
        "name": "x-y",
        "url": "https://pokeapi.co/api/v2/version-group/15/"
      }
    },
    {
      "flavor_text": "Cr\u00e9e un champ protecteur qui emp\u00eache tous les\nprobl\u00e8mes de statut pendant cinq tours.",
      "language": {
        "name": "fr",
        "url": "https://pokeapi.co/api/v2/language/5/"
      },
      "version_group": {
        "name": "x-y",
        "url": "https://pokeapi.co/api/v2/version-group/15/"
      }
    },
    {
      "flavor_text": "Team des Anwenders ist f\u00fcnf Runden\nvor Statusproblemen gesch\u00fctzt.",
      "language": {
        "name": "de",
        "url": "https://pokeapi.co/api/v2/language/6/"
      },
      "version_group": {
        "name": "x-y",
        "url": "https://pokeapi.co/api/v2/version-group/15/"
      }
    },
    {
      "flavor_text": "Un escudo que protege de problemas de estado,\ncomo el sue\u00f1o o la par\u00e1lisis, durante cinco turnos.",
      "language": {
        "name": "es",
        "url": "https://pokeapi.co/api/v2/language/7/"
      },
      "version_group": {
        "name": "x-y",
        "url": "https://pokeapi.co/api/v2/version-group/15/"
      }
    },
    {
      "flavor_text": "Chi la usa crea un campo protettivo che evita\nproblemi di stato per s\u00e9 e gli alleati\nper cinque turni.",
      "language": {
        "name": "it",
        "url": "https://pokeapi.co/api/v2/language/8/"
      },
      "version_group": {
        "name": "x-y",
        "url": "https://pokeapi.co/api/v2/version-group/15/"
      }
    },
    {
      "flavor_text": "The user creates a protective field\nthat prevents status conditions\nfor five turns.",
      "language": {
        "name": "en",
        "url": "https://pokeapi.co/api/v2/language/9/"
      },
      "version_group": {
        "name": "x-y",
        "url": "https://pokeapi.co/api/v2/version-group/15/"
      }
    },
    {
      "flavor_text": "\uff15\u30bf\u30fc\u30f3\u306e\u3000\u3042\u3044\u3060\n\u4e0d\u601d\u8b70\u306a\u3000\u529b\u306b\u3000\u5b88\u3089\u308c\u3066\n\u72b6\u614b\u7570\u5e38\u306b\u3000\u306a\u3089\u306a\u304f\u306a\u308b\u3002",
      "language": {
        "name": "ja",
        "url": "https://pokeapi.co/api/v2/language/11/"
      },
      "version_group": {
        "name": "x-y",
        "url": "https://pokeapi.co/api/v2/version-group/15/"
      }
    },
    {
      "flavor_text": "\uff15\u30bf\u30fc\u30f3\u306e\u3000\u3042\u3044\u3060\n\u3075\u3057\u304e\u306a\u3000\u3061\u304b\u3089\u306b\u3000\u307e\u3082\u3089\u308c\u3066\n\u3058\u3087\u3046\u305f\u3044\u3000\u3044\u3058\u3087\u3046\u306b\u3000\u306a\u3089\u306a\u304f\u306a\u308b\u3002",
      "language": {
        "name": "ja-Hrkt",
        "url": "https://pokeapi.co/api/v2/language/1/"
      },
      "version_group": {
        "name": "omega-ruby-alpha-sapphire",
        "url": "https://pokeapi.co/api/v2/version-group/16/"
      }
    },
    {
      "flavor_text": "5\ud134 \ub3d9\uc548\n\uc774\uc0c1\ud55c \ud798\uc73c\ub85c \ubcf4\ud638\ubc1b\uc544\n\uc0c1\ud0dc \uc774\uc0c1\uc774 \ub418\uc9c0 \uc54a\ub294\ub2e4.",
      "language": {
        "name": "ko",
        "url": "https://pokeapi.co/api/v2/language/3/"
      },
      "version_group": {
        "name": "omega-ruby-alpha-sapphire",
        "url": "https://pokeapi.co/api/v2/version-group/16/"
      }
    },
    {
      "flavor_text": "Cr\u00e9e un champ protecteur qui emp\u00eache tous les\nprobl\u00e8mes de statut pendant cinq tours.",
      "language": {
        "name": "fr",
        "url": "https://pokeapi.co/api/v2/language/5/"
      },
      "version_group": {
        "name": "omega-ruby-alpha-sapphire",
        "url": "https://pokeapi.co/api/v2/version-group/16/"
      }
    },
    {
      "flavor_text": "Team des Anwenders ist f\u00fcnf Runden\nvor Statusproblemen gesch\u00fctzt.",
      "language": {
        "name": "de",
        "url": "https://pokeapi.co/api/v2/language/6/"
      },
      "version_group": {
        "name": "omega-ruby-alpha-sapphire",
        "url": "https://pokeapi.co/api/v2/version-group/16/"
      }
    },
    {
      "flavor_text": "Un escudo que protege de problemas de estado, \ncomo el sue\u00f1o o la par\u00e1lisis, durante cinco turnos. ",
      "language": {
        "name": "es",
        "url": "https://pokeapi.co/api/v2/language/7/"
      },
      "version_group": {
        "name": "omega-ruby-alpha-sapphire",
        "url": "https://pokeapi.co/api/v2/version-group/16/"
      }
    },
    {
      "flavor_text": "Chi la usa crea un campo protettivo che evita\nproblemi di stato per s\u00e9 e gli alleati\nper cinque turni.",
      "language": {
        "name": "it",
        "url": "https://pokeapi.co/api/v2/language/8/"
      },
      "version_group": {
        "name": "omega-ruby-alpha-sapphire",
        "url": "https://pokeapi.co/api/v2/version-group/16/"
      }
    },
    {
      "flavor_text": "The user creates a protective field\nthat prevents status conditions\nfor five turns.",
      "language": {
        "name": "en",
        "url": "https://pokeapi.co/api/v2/language/9/"
      },
      "version_group": {
        "name": "omega-ruby-alpha-sapphire",
        "url": "https://pokeapi.co/api/v2/version-group/16/"
      }
    },
    {
      "flavor_text": "\uff15\u30bf\u30fc\u30f3\u306e\u3000\u3042\u3044\u3060\n\u4e0d\u601d\u8b70\u306a\u3000\u529b\u306b\u3000\u5b88\u3089\u308c\u3066\n\u72b6\u614b\u7570\u5e38\u306b\u3000\u306a\u3089\u306a\u304f\u306a\u308b\u3002",
      "language": {
        "name": "ja",
        "url": "https://pokeapi.co/api/v2/language/11/"
      },
      "version_group": {
        "name": "omega-ruby-alpha-sapphire",
        "url": "https://pokeapi.co/api/v2/version-group/16/"
      }
    },
    {
      "flavor_text": "\uff15\u30bf\u30fc\u30f3\u306e\u3000\u3042\u3044\u3060\n\u3075\u3057\u304e\u306a\u3000\u3061\u304b\u3089\u306b\u3000\u307e\u3082\u3089\u308c\u3066\n\u3058\u3087\u3046\u305f\u3044\u3000\u3044\u3058\u3087\u3046\u306b\u3000\u306a\u3089\u306a\u304f\u306a\u308b\u3002",
      "language": {
        "name": "ja-Hrkt",
        "url": "https://pokeapi.co/api/v2/language/1/"
      },
      "version_group": {
        "name": "sun-moon",
        "url": "https://pokeapi.co/api/v2/version-group/17/"
      }
    },
    {
      "flavor_text": "5\ud134 \ub3d9\uc548\n\uc774\uc0c1\ud55c \ud798\uc73c\ub85c \ubcf4\ud638\ubc1b\uc544\n\uc0c1\ud0dc \uc774\uc0c1\uc774 \ub418\uc9c0 \uc54a\ub294\ub2e4.",
      "language": {
        "name": "ko",
        "url": "https://pokeapi.co/api/v2/language/3/"
      },
      "version_group": {
        "name": "sun-moon",
        "url": "https://pokeapi.co/api/v2/version-group/17/"
      }
    },
    {
      "flavor_text": "\u5728\uff15\u56de\u5408\u5167\n\u88ab\u795e\u5947\u7684\u529b\u91cf\u5b88\u8b77\uff0c\n\u4e0d\u6703\u9677\u5165\u7570\u5e38\u72c0\u614b\u3002",
      "language": {
        "name": "zh-Hant",
        "url": "https://pokeapi.co/api/v2/language/4/"
      },
      "version_group": {
        "name": "sun-moon",
        "url": "https://pokeapi.co/api/v2/version-group/17/"
      }
    },
    {
      "flavor_text": "Cr\u00e9e un champ protecteur qui emp\u00eache tous\nles probl\u00e8mes de statut pendant cinq tours.",
      "language": {
        "name": "fr",
        "url": "https://pokeapi.co/api/v2/language/5/"
      },
      "version_group": {
        "name": "sun-moon",
        "url": "https://pokeapi.co/api/v2/version-group/17/"
      }
    },
    {
      "flavor_text": "Team des Anwenders ist f\u00fcnf Runden vor\nStatusproblemen gesch\u00fctzt.",
      "language": {
        "name": "de",
        "url": "https://pokeapi.co/api/v2/language/6/"
      },
      "version_group": {
        "name": "sun-moon",
        "url": "https://pokeapi.co/api/v2/version-group/17/"
      }
    },
    {
      "flavor_text": "Un escudo que protege de problemas de estado, \ncomo el sue\u00f1o o la par\u00e1lisis, durante cinco turnos. ",
      "language": {
        "name": "es",
        "url": "https://pokeapi.co/api/v2/language/7/"
      },
      "version_group": {
        "name": "sun-moon",
        "url": "https://pokeapi.co/api/v2/version-group/17/"
      }
    },
    {
      "flavor_text": "Chi la usa crea un campo protettivo che evita\nproblemi di stato per s\u00e9 e gli alleati\nper cinque turni.",
      "language": {
        "name": "it",
        "url": "https://pokeapi.co/api/v2/language/8/"
      },
      "version_group": {
        "name": "sun-moon",
        "url": "https://pokeapi.co/api/v2/version-group/17/"
      }
    },
    {
      "flavor_text": "The user creates a protective field that prevents\nstatus conditions for five turns.",
      "language": {
        "name": "en",
        "url": "https://pokeapi.co/api/v2/language/9/"
      },
      "version_group": {
        "name": "sun-moon",
        "url": "https://pokeapi.co/api/v2/version-group/17/"
      }
    },
    {
      "flavor_text": "\uff15\u30bf\u30fc\u30f3\u306e\u3000\u9593\n\u4e0d\u601d\u8b70\u306a\u3000\u529b\u306b\u3000\u5b88\u3089\u308c\u3066\n\u72b6\u614b\u7570\u5e38\u306b\u3000\u306a\u3089\u306a\u304f\u306a\u308b\u3002",
      "language": {
        "name": "ja",
        "url": "https://pokeapi.co/api/v2/language/11/"
      },
      "version_group": {
        "name": "sun-moon",
        "url": "https://pokeapi.co/api/v2/version-group/17/"
      }
    },
    {
      "flavor_text": "\u5728\uff15\u56de\u5408\u5185\n\u88ab\u795e\u5947\u7684\u529b\u91cf\u5b88\u62a4\uff0c\n\u4ece\u800c\u4e0d\u4f1a\u9677\u5165\u5f02\u5e38\u72b6\u6001\u3002",
      "language": {
        "name": "zh-Hans",
        "url": "https://pokeapi.co/api/v2/language/12/"
      },
      "version_group": {
        "name": "sun-moon",
        "url": "https://pokeapi.co/api/v2/version-group/17/"
      }
    },
    {
      "flavor_text": "\uff15\u30bf\u30fc\u30f3\u306e\u3000\u3042\u3044\u3060\n\u3075\u3057\u304e\u306a\u3000\u3061\u304b\u3089\u306b\u3000\u307e\u3082\u3089\u308c\u3066\n\u3058\u3087\u3046\u305f\u3044\u3000\u3044\u3058\u3087\u3046\u306b\u3000\u306a\u3089\u306a\u304f\u306a\u308b\u3002",
      "language": {
        "name": "ja-Hrkt",
        "url": "https://pokeapi.co/api/v2/language/1/"
      },
      "version_group": {
        "name": "ultra-sun-ultra-moon",
        "url": "https://pokeapi.co/api/v2/version-group/18/"
      }
    },
    {
      "flavor_text": "5\ud134 \ub3d9\uc548\n\uc774\uc0c1\ud55c \ud798\uc73c\ub85c \ubcf4\ud638\ubc1b\uc544\n\uc0c1\ud0dc \uc774\uc0c1\uc774 \ub418\uc9c0 \uc54a\ub294\ub2e4.",
      "language": {
        "name": "ko",
        "url": "https://pokeapi.co/api/v2/language/3/"
      },
      "version_group": {
        "name": "ultra-sun-ultra-moon",
        "url": "https://pokeapi.co/api/v2/version-group/18/"
      }
    },
    {
      "flavor_text": "\u5728\uff15\u56de\u5408\u5167\n\u88ab\u795e\u5947\u7684\u529b\u91cf\u5b88\u8b77\uff0c\n\u4e0d\u6703\u9677\u5165\u7570\u5e38\u72c0\u614b\u3002",
      "language": {
        "name": "zh-Hant",
        "url": "https://pokeapi.co/api/v2/language/4/"
      },
      "version_group": {
        "name": "ultra-sun-ultra-moon",
        "url": "https://pokeapi.co/api/v2/version-group/18/"
      }
    },
    {
      "flavor_text": "Cr\u00e9e un champ protecteur qui emp\u00eache tous\nles probl\u00e8mes de statut pendant cinq tours.",
      "language": {
        "name": "fr",
        "url": "https://pokeapi.co/api/v2/language/5/"
      },
      "version_group": {
        "name": "ultra-sun-ultra-moon",
        "url": "https://pokeapi.co/api/v2/version-group/18/"
      }
    },
    {
      "flavor_text": "Team des Anwenders ist f\u00fcnf Runden vor\nStatusproblemen gesch\u00fctzt.",
      "language": {
        "name": "de",
        "url": "https://pokeapi.co/api/v2/language/6/"
      },
      "version_group": {
        "name": "ultra-sun-ultra-moon",
        "url": "https://pokeapi.co/api/v2/version-group/18/"
      }
    },
    {
      "flavor_text": "Un escudo que protege de problemas de estado, \ncomo el sue\u00f1o o la par\u00e1lisis, durante cinco turnos. ",
      "language": {
        "name": "es",
        "url": "https://pokeapi.co/api/v2/language/7/"
      },
      "version_group": {
        "name": "ultra-sun-ultra-moon",
        "url": "https://pokeapi.co/api/v2/version-group/18/"
      }
    },
    {
      "flavor_text": "Chi la usa crea un campo protettivo che evita\nproblemi di stato per s\u00e9 e gli alleati\nper cinque turni.",
      "language": {
        "name": "it",
        "url": "https://pokeapi.co/api/v2/language/8/"
      },
      "version_group": {
        "name": "ultra-sun-ultra-moon",
        "url": "https://pokeapi.co/api/v2/version-group/18/"
      }
    },
    {
      "flavor_text": "The user creates a protective field that prevents\nstatus conditions for five turns.",
      "language": {
        "name": "en",
        "url": "https://pokeapi.co/api/v2/language/9/"
      },
      "version_group": {
        "name": "ultra-sun-ultra-moon",
        "url": "https://pokeapi.co/api/v2/version-group/18/"
      }
    },
    {
      "flavor_text": "\uff15\u30bf\u30fc\u30f3\u306e\u3000\u9593\n\u4e0d\u601d\u8b70\u306a\u3000\u529b\u306b\u3000\u5b88\u3089\u308c\u3066\n\u72b6\u614b\u7570\u5e38\u306b\u3000\u306a\u3089\u306a\u304f\u306a\u308b\u3002",
      "language": {
        "name": "ja",
        "url": "https://pokeapi.co/api/v2/language/11/"
      },
      "version_group": {
        "name": "ultra-sun-ultra-moon",
        "url": "https://pokeapi.co/api/v2/version-group/18/"
      }
    },
    {
      "flavor_text": "\u5728\uff15\u56de\u5408\u5185\n\u88ab\u795e\u5947\u7684\u529b\u91cf\u5b88\u62a4\uff0c\n\u4ece\u800c\u4e0d\u4f1a\u9677\u5165\u5f02\u5e38\u72b6\u6001\u3002",
      "language": {
        "name": "zh-Hans",
        "url": "https://pokeapi.co/api/v2/language/12/"
      },
      "version_group": {
        "name": "ultra-sun-ultra-moon",
        "url": "https://pokeapi.co/api/v2/version-group/18/"
      }
    },
    {
      "flavor_text": "\uff15\u30bf\u30fc\u30f3\u306e\u3000\u3042\u3044\u3060\n\u3075\u3057\u304e\u306a\u3000\u3061\u304b\u3089\u306b\u3000\u307e\u3082\u3089\u308c\u3066\n\u3058\u3087\u3046\u305f\u3044\u3000\u3044\u3058\u3087\u3046\u306b\u3000\u306a\u3089\u306a\u304f\u306a\u308b\u3002",
      "language": {
        "name": "ja-Hrkt",
        "url": "https://pokeapi.co/api/v2/language/1/"
      },
      "version_group": {
        "name": "lets-go-pikachu-lets-go-eevee",
        "url": "https://pokeapi.co/api/v2/version-group/19/"
      }
    },
    {
      "flavor_text": "5\ud134 \ub3d9\uc548\n\uc774\uc0c1\ud55c \ud798\uc73c\ub85c \ubcf4\ud638\ubc1b\uc544\n\uc0c1\ud0dc \uc774\uc0c1\uc774 \ub418\uc9c0 \uc54a\ub294\ub2e4.",
      "language": {
        "name": "ko",
        "url": "https://pokeapi.co/api/v2/language/3/"
      },
      "version_group": {
        "name": "lets-go-pikachu-lets-go-eevee",
        "url": "https://pokeapi.co/api/v2/version-group/19/"
      }
    },
    {
      "flavor_text": "\u5728\uff15\u56de\u5408\u5167\n\u88ab\u795e\u5947\u7684\u529b\u91cf\u5b88\u8b77\uff0c\n\u4e0d\u6703\u9677\u5165\u7570\u5e38\u72c0\u614b\u3002",
      "language": {
        "name": "zh-Hant",
        "url": "https://pokeapi.co/api/v2/language/4/"
      },
      "version_group": {
        "name": "lets-go-pikachu-lets-go-eevee",
        "url": "https://pokeapi.co/api/v2/version-group/19/"
      }
    },
    {
      "flavor_text": "Cr\u00e9e un champ protecteur qui emp\u00eache tous\nles probl\u00e8mes de statut pendant cinq tours.",
      "language": {
        "name": "fr",
        "url": "https://pokeapi.co/api/v2/language/5/"
      },
      "version_group": {
        "name": "lets-go-pikachu-lets-go-eevee",
        "url": "https://pokeapi.co/api/v2/version-group/19/"
      }
    },
    {
      "flavor_text": "Team des Anwenders ist f\u00fcnf Runden vor\nStatusproblemen gesch\u00fctzt.",
      "language": {
        "name": "de",
        "url": "https://pokeapi.co/api/v2/language/6/"
      },
      "version_group": {
        "name": "lets-go-pikachu-lets-go-eevee",
        "url": "https://pokeapi.co/api/v2/version-group/19/"
      }
    },
    {
      "flavor_text": "Un escudo que protege de problemas de estado, \ncomo el sue\u00f1o o la par\u00e1lisis, durante cinco turnos. ",
      "language": {
        "name": "es",
        "url": "https://pokeapi.co/api/v2/language/7/"
      },
      "version_group": {
        "name": "lets-go-pikachu-lets-go-eevee",
        "url": "https://pokeapi.co/api/v2/version-group/19/"
      }
    },
    {
      "flavor_text": "Chi la usa crea un campo protettivo che evita\nproblemi di stato per s\u00e9 e gli alleati\nper cinque turni.",
      "language": {
        "name": "it",
        "url": "https://pokeapi.co/api/v2/language/8/"
      },
      "version_group": {
        "name": "lets-go-pikachu-lets-go-eevee",
        "url": "https://pokeapi.co/api/v2/version-group/19/"
      }
    },
    {
      "flavor_text": "The user creates a protective field that prevents\nstatus conditions for five turns.",
      "language": {
        "name": "en",
        "url": "https://pokeapi.co/api/v2/language/9/"
      },
      "version_group": {
        "name": "lets-go-pikachu-lets-go-eevee",
        "url": "https://pokeapi.co/api/v2/version-group/19/"
      }
    },
    {
      "flavor_text": "\uff15\u30bf\u30fc\u30f3\u306e\u3000\u9593\n\u4e0d\u601d\u8b70\u306a\u3000\u529b\u306b\u3000\u5b88\u3089\u308c\u3066\n\u72b6\u614b\u7570\u5e38\u306b\u3000\u306a\u3089\u306a\u304f\u306a\u308b\u3002",
      "language": {
        "name": "ja",
        "url": "https://pokeapi.co/api/v2/language/11/"
      },
      "version_group": {
        "name": "lets-go-pikachu-lets-go-eevee",
        "url": "https://pokeapi.co/api/v2/version-group/19/"
      }
    },
    {
      "flavor_text": "\u5728\uff15\u56de\u5408\u5185\n\u88ab\u795e\u5947\u7684\u529b\u91cf\u5b88\u62a4\uff0c\n\u4ece\u800c\u4e0d\u4f1a\u9677\u5165\u5f02\u5e38\u72b6\u6001\u3002",
      "language": {
        "name": "zh-Hans",
        "url": "https://pokeapi.co/api/v2/language/12/"
      },
      "version_group": {
        "name": "lets-go-pikachu-lets-go-eevee",
        "url": "https://pokeapi.co/api/v2/version-group/19/"
      }
    },
    {
      "flavor_text": "\uff15\u30bf\u30fc\u30f3\u306e\u3000\u3042\u3044\u3060\n\u3075\u3057\u304e\u306a\u3000\u3061\u304b\u3089\u306b\u3000\u307e\u3082\u3089\u308c\u3066\n\u3058\u3087\u3046\u305f\u3044\u3000\u3044\u3058\u3087\u3046\u306b\u3000\u306a\u3089\u306a\u304f\u306a\u308b\u3002",
      "language": {
        "name": "ja-Hrkt",
        "url": "https://pokeapi.co/api/v2/language/1/"
      },
      "version_group": {
        "name": "sword-shield",
        "url": "https://pokeapi.co/api/v2/version-group/20/"
      }
    },
    {
      "flavor_text": "5\ud134 \ub3d9\uc548\n\uc774\uc0c1\ud55c \ud798\uc758 \ubcf4\ud638\ub97c \ubc1b\uc544\n\uc0c1\ud0dc \uc774\uc0c1\uc774 \ub418\uc9c0 \uc54a\ub294\ub2e4.",
      "language": {
        "name": "ko",
        "url": "https://pokeapi.co/api/v2/language/3/"
      },
      "version_group": {
        "name": "sword-shield",
        "url": "https://pokeapi.co/api/v2/version-group/20/"
      }
    },
    {
      "flavor_text": "\u5728\uff15\u56de\u5408\u5167\n\u88ab\u795e\u5947\u7684\u529b\u91cf\u5b88\u8b77\uff0c\n\u4e0d\u6703\u9677\u5165\u7570\u5e38\u72c0\u614b\u3002",
      "language": {
        "name": "zh-Hant",
        "url": "https://pokeapi.co/api/v2/language/4/"
      },
      "version_group": {
        "name": "sword-shield",
        "url": "https://pokeapi.co/api/v2/version-group/20/"
      }
    },
    {
      "flavor_text": "Cr\u00e9e un champ protecteur qui emp\u00eache toutes\nles alt\u00e9rations de statut pendant cinq tours.",
      "language": {
        "name": "fr",
        "url": "https://pokeapi.co/api/v2/language/5/"
      },
      "version_group": {
        "name": "sword-shield",
        "url": "https://pokeapi.co/api/v2/version-group/20/"
      }
    },
    {
      "flavor_text": "Team des Anwenders ist f\u00fcnf Runden lang vor\nStatusproblemen gesch\u00fctzt.",
      "language": {
        "name": "de",
        "url": "https://pokeapi.co/api/v2/language/6/"
      },
      "version_group": {
        "name": "sword-shield",
        "url": "https://pokeapi.co/api/v2/version-group/20/"
      }
    },
    {
      "flavor_text": "Un escudo que protege de problemas de estado, como\nel sue\u00f1o o la par\u00e1lisis, durante cinco turnos. ",
      "language": {
        "name": "es",
        "url": "https://pokeapi.co/api/v2/language/7/"
      },
      "version_group": {
        "name": "sword-shield",
        "url": "https://pokeapi.co/api/v2/version-group/20/"
      }
    },
    {
      "flavor_text": "Chi la usa crea un campo protettivo che evita problemi\ndi stato per s\u00e9 e gli alleati per cinque turni.",
      "language": {
        "name": "it",
        "url": "https://pokeapi.co/api/v2/language/8/"
      },
      "version_group": {
        "name": "sword-shield",
        "url": "https://pokeapi.co/api/v2/version-group/20/"
      }
    },
    {
      "flavor_text": "The user creates a protective field that prevents\nstatus conditions for five turns.",
      "language": {
        "name": "en",
        "url": "https://pokeapi.co/api/v2/language/9/"
      },
      "version_group": {
        "name": "sword-shield",
        "url": "https://pokeapi.co/api/v2/version-group/20/"
      }
    },
    {
      "flavor_text": "\uff15\u30bf\u30fc\u30f3\u306e\u3000\u9593\n\u4e0d\u601d\u8b70\u306a\u3000\u529b\u306b\u3000\u5b88\u3089\u308c\u3066\n\u72b6\u614b\u7570\u5e38\u306b\u3000\u306a\u3089\u306a\u304f\u306a\u308b\u3002",
      "language": {
        "name": "ja",
        "url": "https://pokeapi.co/api/v2/language/11/"
      },
      "version_group": {
        "name": "sword-shield",
        "url": "https://pokeapi.co/api/v2/version-group/20/"
      }
    },
    {
      "flavor_text": "\u5728\uff15\u56de\u5408\u5185\n\u88ab\u795e\u5947\u7684\u529b\u91cf\u5b88\u62a4\uff0c\n\u4ece\u800c\u4e0d\u4f1a\u9677\u5165\u5f02\u5e38\u72b6\u6001\u3002",
      "language": {
        "name": "zh-Hans",
        "url": "https://pokeapi.co/api/v2/language/12/"
      },
      "version_group": {
        "name": "sword-shield",
        "url": "https://pokeapi.co/api/v2/version-group/20/"
      }
    },
    {
      "flavor_text": "The user creates a protective field that prevents status conditions for five turns.",
      "language": {
        "name": "en",
        "url": "https://pokeapi.co/api/v2/language/9/"
      },
      "version_group": {
        "name": "legends-arceus",
        "url": "https://pokeapi.co/api/v2/version-group/24/"
      }
    },
    {
      "flavor_text": "The user creates a protective field that prevents status conditions for five turns.",
      "language": {
        "name": "en",
        "url": "https://pokeapi.co/api/v2/language/9/"
      },
      "version_group": {
        "name": "scarlet-violet",
        "url": "https://pokeapi.co/api/v2/version-group/25/"
      }
    }
  ],
  "generation": {
    "name": "generation-ii",
    "url": "https://pokeapi.co/api/v2/generation/2/"
  },
  "id": 219,
  "learned_by_pokemon": [
    {
      "name": "bulbasaur",
      "url": "https://pokeapi.co/api/v2/pokemon/1/"
    },
    {
      "name": "ivysaur",
      "url": "https://pokeapi.co/api/v2/pokemon/2/"
    },
    {
      "name": "venusaur",
      "url": "https://pokeapi.co/api/v2/pokemon/3/"
    },
    {
      "name": "butterfree",
      "url": "https://pokeapi.co/api/v2/pokemon/12/"
    },
    {
      "name": "raichu",
      "url": "https://pokeapi.co/api/v2/pokemon/26/"
    },
    {
      "name": "sandshrew",
      "url": "https://pokeapi.co/api/v2/pokemon/27/"
    },
    {
      "name": "sandslash",
      "url": "https://pokeapi.co/api/v2/pokemon/28/"
    },
    {
      "name": "clefairy",
      "url": "https://pokeapi.co/api/v2/pokemon/35/"
    },
    {
      "name": "clefable",
      "url": "https://pokeapi.co/api/v2/pokemon/36/"
    },
    {
      "name": "vulpix",
      "url": "https://pokeapi.co/api/v2/pokemon/37/"
    },
    {
      "name": "ninetales",
      "url": "https://pokeapi.co/api/v2/pokemon/38/"
    },
    {
      "name": "jigglypuff",
      "url": "https://pokeapi.co/api/v2/pokemon/39/"
    },
    {
      "name": "wigglytuff",
      "url": "https://pokeapi.co/api/v2/pokemon/40/"
    },
    {
      "name": "vileplume",
      "url": "https://pokeapi.co/api/v2/pokemon/45/"
    },
    {
      "name": "growlithe",
      "url": "https://pokeapi.co/api/v2/pokemon/58/"
    },
    {
      "name": "arcanine",
      "url": "https://pokeapi.co/api/v2/pokemon/59/"
    },
    {
      "name": "abra",
      "url": "https://pokeapi.co/api/v2/pokemon/63/"
    },
    {
      "name": "kadabra",
      "url": "https://pokeapi.co/api/v2/pokemon/64/"
    },
    {
      "name": "alakazam",
      "url": "https://pokeapi.co/api/v2/pokemon/65/"
    },
    {
      "name": "tentacool",
      "url": "https://pokeapi.co/api/v2/pokemon/72/"
    },
    {
      "name": "tentacruel",
      "url": "https://pokeapi.co/api/v2/pokemon/73/"
    },
    {
      "name": "slowpoke",
      "url": "https://pokeapi.co/api/v2/pokemon/79/"
    },
    {
      "name": "slowbro",
      "url": "https://pokeapi.co/api/v2/pokemon/80/"
    },
    {
      "name": "seel",
      "url": "https://pokeapi.co/api/v2/pokemon/86/"
    },
    {
      "name": "dewgong",
      "url": "https://pokeapi.co/api/v2/pokemon/87/"
    },
    {
      "name": "drowzee",
      "url": "https://pokeapi.co/api/v2/pokemon/96/"
    },
    {
      "name": "hypno",
      "url": "https://pokeapi.co/api/v2/pokemon/97/"
    },
    {
      "name": "chansey",
      "url": "https://pokeapi.co/api/v2/pokemon/113/"
    },
    {
      "name": "kangaskhan",
      "url": "https://pokeapi.co/api/v2/pokemon/115/"
    },
    {
      "name": "mr-mime",
      "url": "https://pokeapi.co/api/v2/pokemon/122/"
    },
    {
      "name": "scyther",
      "url": "https://pokeapi.co/api/v2/pokemon/123/"
    },
    {
      "name": "lapras",
      "url": "https://pokeapi.co/api/v2/pokemon/131/"
    },
    {
      "name": "moltres",
      "url": "https://pokeapi.co/api/v2/pokemon/146/"
    },
    {
      "name": "dratini",
      "url": "https://pokeapi.co/api/v2/pokemon/147/"
    },
    {
      "name": "dragonair",
      "url": "https://pokeapi.co/api/v2/pokemon/148/"
    },
    {
      "name": "dragonite",
      "url": "https://pokeapi.co/api/v2/pokemon/149/"
    },
    {
      "name": "mewtwo",
      "url": "https://pokeapi.co/api/v2/pokemon/150/"
    },
    {
      "name": "mew",
      "url": "https://pokeapi.co/api/v2/pokemon/151/"
    },
    {
      "name": "chikorita",
      "url": "https://pokeapi.co/api/v2/pokemon/152/"
    },
    {
      "name": "bayleef",
      "url": "https://pokeapi.co/api/v2/pokemon/153/"
    },
    {
      "name": "meganium",
      "url": "https://pokeapi.co/api/v2/pokemon/154/"
    },
    {
      "name": "ledyba",
      "url": "https://pokeapi.co/api/v2/pokemon/165/"
    },
    {
      "name": "ledian",
      "url": "https://pokeapi.co/api/v2/pokemon/166/"
    },
    {
      "name": "cleffa",
      "url": "https://pokeapi.co/api/v2/pokemon/173/"
    },
    {
      "name": "igglybuff",
      "url": "https://pokeapi.co/api/v2/pokemon/174/"
    },
    {
      "name": "togepi",
      "url": "https://pokeapi.co/api/v2/pokemon/175/"
    },
    {
      "name": "togetic",
      "url": "https://pokeapi.co/api/v2/pokemon/176/"
    },
    {
      "name": "mareep",
      "url": "https://pokeapi.co/api/v2/pokemon/179/"
    },
    {
      "name": "flaaffy",
      "url": "https://pokeapi.co/api/v2/pokemon/180/"
    },
    {
      "name": "ampharos",
      "url": "https://pokeapi.co/api/v2/pokemon/181/"
    },
    {
      "name": "bellossom",
      "url": "https://pokeapi.co/api/v2/pokemon/182/"
    },
    {
      "name": "sunkern",
      "url": "https://pokeapi.co/api/v2/pokemon/191/"
    },
    {
      "name": "sunflora",
      "url": "https://pokeapi.co/api/v2/pokemon/192/"
    },
    {
      "name": "wooper",
      "url": "https://pokeapi.co/api/v2/pokemon/194/"
    },
    {
      "name": "quagsire",
      "url": "https://pokeapi.co/api/v2/pokemon/195/"
    },
    {
      "name": "slowking",
      "url": "https://pokeapi.co/api/v2/pokemon/199/"
    },
    {
      "name": "wobbuffet",
      "url": "https://pokeapi.co/api/v2/pokemon/202/"
    },
    {
      "name": "scizor",
      "url": "https://pokeapi.co/api/v2/pokemon/212/"
    },
    {
      "name": "shuckle",
      "url": "https://pokeapi.co/api/v2/pokemon/213/"
    },
    {
      "name": "corsola",
      "url": "https://pokeapi.co/api/v2/pokemon/222/"
    },
    {
      "name": "blissey",
      "url": "https://pokeapi.co/api/v2/pokemon/242/"
    },
    {
      "name": "lugia",
      "url": "https://pokeapi.co/api/v2/pokemon/249/"
    },
    {
      "name": "ho-oh",
      "url": "https://pokeapi.co/api/v2/pokemon/250/"
    },
    {
      "name": "celebi",
      "url": "https://pokeapi.co/api/v2/pokemon/251/"
    },
    {
      "name": "treecko",
      "url": "https://pokeapi.co/api/v2/pokemon/252/"
    },
    {
      "name": "grovyle",
      "url": "https://pokeapi.co/api/v2/pokemon/253/"
    },
    {
      "name": "sceptile",
      "url": "https://pokeapi.co/api/v2/pokemon/254/"
    },
    {
      "name": "beautifly",
      "url": "https://pokeapi.co/api/v2/pokemon/267/"
    },
    {
      "name": "ralts",
      "url": "https://pokeapi.co/api/v2/pokemon/280/"
    },
    {
      "name": "kirlia",
      "url": "https://pokeapi.co/api/v2/pokemon/281/"
    },
    {
      "name": "gardevoir",
      "url": "https://pokeapi.co/api/v2/pokemon/282/"
    },
    {
      "name": "shroomish",
      "url": "https://pokeapi.co/api/v2/pokemon/285/"
    },
    {
      "name": "breloom",
      "url": "https://pokeapi.co/api/v2/pokemon/286/"
    },
    {
      "name": "skitty",
      "url": "https://pokeapi.co/api/v2/pokemon/300/"
    },
    {
      "name": "delcatty",
      "url": "https://pokeapi.co/api/v2/pokemon/301/"
    },
    {
      "name": "spinda",
      "url": "https://pokeapi.co/api/v2/pokemon/327/"
    },
    {
      "name": "swablu",
      "url": "https://pokeapi.co/api/v2/pokemon/333/"
    },
    {
      "name": "altaria",
      "url": "https://pokeapi.co/api/v2/pokemon/334/"
    },
    {
      "name": "lunatone",
      "url": "https://pokeapi.co/api/v2/pokemon/337/"
    },
    {
      "name": "solrock",
      "url": "https://pokeapi.co/api/v2/pokemon/338/"
    },
    {
      "name": "baltoy",
      "url": "https://pokeapi.co/api/v2/pokemon/343/"
    },
    {
      "name": "claydol",
      "url": "https://pokeapi.co/api/v2/pokemon/344/"
    },
    {
      "name": "milotic",
      "url": "https://pokeapi.co/api/v2/pokemon/350/"
    },
    {
      "name": "tropius",
      "url": "https://pokeapi.co/api/v2/pokemon/357/"
    },
    {
      "name": "chimecho",
      "url": "https://pokeapi.co/api/v2/pokemon/358/"
    },
    {
      "name": "wynaut",
      "url": "https://pokeapi.co/api/v2/pokemon/360/"
    },
    {
      "name": "snorunt",
      "url": "https://pokeapi.co/api/v2/pokemon/361/"
    },
    {
      "name": "glalie",
      "url": "https://pokeapi.co/api/v2/pokemon/362/"
    },
    {
      "name": "gorebyss",
      "url": "https://pokeapi.co/api/v2/pokemon/368/"
    },
    {
      "name": "relicanth",
      "url": "https://pokeapi.co/api/v2/pokemon/369/"
    },
    {
      "name": "luvdisc",
      "url": "https://pokeapi.co/api/v2/pokemon/370/"
    },
    {
      "name": "regirock",
      "url": "https://pokeapi.co/api/v2/pokemon/377/"
    },
    {
      "name": "regice",
      "url": "https://pokeapi.co/api/v2/pokemon/378/"
    },
    {
      "name": "registeel",
      "url": "https://pokeapi.co/api/v2/pokemon/379/"
    },
    {
      "name": "latias",
      "url": "https://pokeapi.co/api/v2/pokemon/380/"
    },
    {
      "name": "latios",
      "url": "https://pokeapi.co/api/v2/pokemon/381/"
    },
    {
      "name": "kyogre",
      "url": "https://pokeapi.co/api/v2/pokemon/382/"
    },
    {
      "name": "groudon",
      "url": "https://pokeapi.co/api/v2/pokemon/383/"
    },
    {
      "name": "jirachi",
      "url": "https://pokeapi.co/api/v2/pokemon/385/"
    },
    {
      "name": "deoxys-normal",
      "url": "https://pokeapi.co/api/v2/pokemon/386/"
    },
    {
      "name": "turtwig",
      "url": "https://pokeapi.co/api/v2/pokemon/387/"
    },
    {
      "name": "grotle",
      "url": "https://pokeapi.co/api/v2/pokemon/388/"
    },
    {
      "name": "torterra",
      "url": "https://pokeapi.co/api/v2/pokemon/389/"
    },
    {
      "name": "wormadam-plant",
      "url": "https://pokeapi.co/api/v2/pokemon/413/"
    },
    {
      "name": "mothim",
      "url": "https://pokeapi.co/api/v2/pokemon/414/"
    },
    {
      "name": "cherubi",
      "url": "https://pokeapi.co/api/v2/pokemon/420/"
    },
    {
      "name": "cherrim",
      "url": "https://pokeapi.co/api/v2/pokemon/421/"
    },
    {
      "name": "chingling",
      "url": "https://pokeapi.co/api/v2/pokemon/433/"
    },
    {
      "name": "bronzor",
      "url": "https://pokeapi.co/api/v2/pokemon/436/"
    },
    {
      "name": "bronzong",
      "url": "https://pokeapi.co/api/v2/pokemon/437/"
    },
    {
      "name": "mime-jr",
      "url": "https://pokeapi.co/api/v2/pokemon/439/"
    },
    {
      "name": "happiny",
      "url": "https://pokeapi.co/api/v2/pokemon/440/"
    },
    {
      "name": "finneon",
      "url": "https://pokeapi.co/api/v2/pokemon/456/"
    },
    {
      "name": "lumineon",
      "url": "https://pokeapi.co/api/v2/pokemon/457/"
    },
    {
      "name": "snover",
      "url": "https://pokeapi.co/api/v2/pokemon/459/"
    },
    {
      "name": "abomasnow",
      "url": "https://pokeapi.co/api/v2/pokemon/460/"
    },
    {
      "name": "togekiss",
      "url": "https://pokeapi.co/api/v2/pokemon/468/"
    },
    {
      "name": "gallade",
      "url": "https://pokeapi.co/api/v2/pokemon/475/"
    },
    {
      "name": "froslass",
      "url": "https://pokeapi.co/api/v2/pokemon/478/"
    },
    {
      "name": "uxie",
      "url": "https://pokeapi.co/api/v2/pokemon/480/"
    },
    {
      "name": "mesprit",
      "url": "https://pokeapi.co/api/v2/pokemon/481/"
    },
    {
      "name": "azelf",
      "url": "https://pokeapi.co/api/v2/pokemon/482/"
    },
    {
      "name": "dialga",
      "url": "https://pokeapi.co/api/v2/pokemon/483/"
    },
    {
      "name": "palkia",
      "url": "https://pokeapi.co/api/v2/pokemon/484/"
    },
    {
      "name": "regigigas",
      "url": "https://pokeapi.co/api/v2/pokemon/486/"
    },
    {
      "name": "giratina-altered",
      "url": "https://pokeapi.co/api/v2/pokemon/487/"
    },
    {
      "name": "cresselia",
      "url": "https://pokeapi.co/api/v2/pokemon/488/"
    },
    {
      "name": "phione",
      "url": "https://pokeapi.co/api/v2/pokemon/489/"
    },
    {
      "name": "manaphy",
      "url": "https://pokeapi.co/api/v2/pokemon/490/"
    },
    {
      "name": "shaymin-land",
      "url": "https://pokeapi.co/api/v2/pokemon/492/"
    },
    {
      "name": "arceus",
      "url": "https://pokeapi.co/api/v2/pokemon/493/"
    },
    {
      "name": "victini",
      "url": "https://pokeapi.co/api/v2/pokemon/494/"
    },
    {
      "name": "snivy",
      "url": "https://pokeapi.co/api/v2/pokemon/495/"
    },
    {
      "name": "servine",
      "url": "https://pokeapi.co/api/v2/pokemon/496/"
    },
    {
      "name": "serperior",
      "url": "https://pokeapi.co/api/v2/pokemon/497/"
    },
    {
      "name": "munna",
      "url": "https://pokeapi.co/api/v2/pokemon/517/"
    },
    {
      "name": "musharna",
      "url": "https://pokeapi.co/api/v2/pokemon/518/"
    },
    {
      "name": "woobat",
      "url": "https://pokeapi.co/api/v2/pokemon/527/"
    },
    {
      "name": "swoobat",
      "url": "https://pokeapi.co/api/v2/pokemon/528/"
    },
    {
      "name": "audino",
      "url": "https://pokeapi.co/api/v2/pokemon/531/"
    },
    {
      "name": "sewaddle",
      "url": "https://pokeapi.co/api/v2/pokemon/540/"
    },
    {
      "name": "swadloon",
      "url": "https://pokeapi.co/api/v2/pokemon/541/"
    },
    {
      "name": "leavanny",
      "url": "https://pokeapi.co/api/v2/pokemon/542/"
    },
    {
      "name": "cottonee",
      "url": "https://pokeapi.co/api/v2/pokemon/546/"
    },
    {
      "name": "whimsicott",
      "url": "https://pokeapi.co/api/v2/pokemon/547/"
    },
    {
      "name": "petilil",
      "url": "https://pokeapi.co/api/v2/pokemon/548/"
    },
    {
      "name": "lilligant",
      "url": "https://pokeapi.co/api/v2/pokemon/549/"
    },
    {
      "name": "maractus",
      "url": "https://pokeapi.co/api/v2/pokemon/556/"
    },
    {
      "name": "sigilyph",
      "url": "https://pokeapi.co/api/v2/pokemon/561/"
    },
    {
      "name": "yamask",
      "url": "https://pokeapi.co/api/v2/pokemon/562/"
    },
    {
      "name": "cofagrigus",
      "url": "https://pokeapi.co/api/v2/pokemon/563/"
    },
    {
      "name": "minccino",
      "url": "https://pokeapi.co/api/v2/pokemon/572/"
    },
    {
      "name": "cinccino",
      "url": "https://pokeapi.co/api/v2/pokemon/573/"
    },
    {
      "name": "gothita",
      "url": "https://pokeapi.co/api/v2/pokemon/574/"
    },
    {
      "name": "gothorita",
      "url": "https://pokeapi.co/api/v2/pokemon/575/"
    },
    {
      "name": "gothitelle",
      "url": "https://pokeapi.co/api/v2/pokemon/576/"
    },
    {
      "name": "solosis",
      "url": "https://pokeapi.co/api/v2/pokemon/577/"
    },
    {
      "name": "duosion",
      "url": "https://pokeapi.co/api/v2/pokemon/578/"
    },
    {
      "name": "reuniclus",
      "url": "https://pokeapi.co/api/v2/pokemon/579/"
    },
    {
      "name": "deerling",
      "url": "https://pokeapi.co/api/v2/pokemon/585/"
    },
    {
      "name": "sawsbuck",
      "url": "https://pokeapi.co/api/v2/pokemon/586/"
    },
    {
      "name": "frillish",
      "url": "https://pokeapi.co/api/v2/pokemon/592/"
    },
    {
      "name": "jellicent",
      "url": "https://pokeapi.co/api/v2/pokemon/593/"
    },
    {
      "name": "alomomola",
      "url": "https://pokeapi.co/api/v2/pokemon/594/"
    },
    {
      "name": "elgyem",
      "url": "https://pokeapi.co/api/v2/pokemon/605/"
    },
    {
      "name": "beheeyem",
      "url": "https://pokeapi.co/api/v2/pokemon/606/"
    },
    {
      "name": "litwick",
      "url": "https://pokeapi.co/api/v2/pokemon/607/"
    },
    {
      "name": "lampent",
      "url": "https://pokeapi.co/api/v2/pokemon/608/"
    },
    {
      "name": "chandelure",
      "url": "https://pokeapi.co/api/v2/pokemon/609/"
    },
    {
      "name": "golett",
      "url": "https://pokeapi.co/api/v2/pokemon/622/"
    },
    {
      "name": "golurk",
      "url": "https://pokeapi.co/api/v2/pokemon/623/"
    },
    {
      "name": "larvesta",
      "url": "https://pokeapi.co/api/v2/pokemon/636/"
    },
    {
      "name": "volcarona",
      "url": "https://pokeapi.co/api/v2/pokemon/637/"
    },
    {
      "name": "cobalion",
      "url": "https://pokeapi.co/api/v2/pokemon/638/"
    },
    {
      "name": "terrakion",
      "url": "https://pokeapi.co/api/v2/pokemon/639/"
    },
    {
      "name": "virizion",
      "url": "https://pokeapi.co/api/v2/pokemon/640/"
    },
    {
      "name": "reshiram",
      "url": "https://pokeapi.co/api/v2/pokemon/643/"
    },
    {
      "name": "zekrom",
      "url": "https://pokeapi.co/api/v2/pokemon/644/"
    },
    {
      "name": "kyurem",
      "url": "https://pokeapi.co/api/v2/pokemon/646/"
    },
    {
      "name": "keldeo-ordinary",
      "url": "https://pokeapi.co/api/v2/pokemon/647/"
    },
    {
      "name": "meloetta-aria",
      "url": "https://pokeapi.co/api/v2/pokemon/648/"
    },
    {
      "name": "fennekin",
      "url": "https://pokeapi.co/api/v2/pokemon/653/"
    },
    {
      "name": "braixen",
      "url": "https://pokeapi.co/api/v2/pokemon/654/"
    },
    {
      "name": "delphox",
      "url": "https://pokeapi.co/api/v2/pokemon/655/"
    },
    {
      "name": "vivillon",
      "url": "https://pokeapi.co/api/v2/pokemon/666/"
    },
    {
      "name": "flabebe",
      "url": "https://pokeapi.co/api/v2/pokemon/669/"
    },
    {
      "name": "floette",
      "url": "https://pokeapi.co/api/v2/pokemon/670/"
    },
    {
      "name": "florges",
      "url": "https://pokeapi.co/api/v2/pokemon/671/"
    },
    {
      "name": "espurr",
      "url": "https://pokeapi.co/api/v2/pokemon/677/"
    },
    {
      "name": "meowstic-male",
      "url": "https://pokeapi.co/api/v2/pokemon/678/"
    },
    {
      "name": "swirlix",
      "url": "https://pokeapi.co/api/v2/pokemon/684/"
    },
    {
      "name": "slurpuff",
      "url": "https://pokeapi.co/api/v2/pokemon/685/"
    },
    {
      "name": "binacle",
      "url": "https://pokeapi.co/api/v2/pokemon/688/"
    },
    {
      "name": "barbaracle",
      "url": "https://pokeapi.co/api/v2/pokemon/689/"
    },
    {
      "name": "amaura",
      "url": "https://pokeapi.co/api/v2/pokemon/698/"
    },
    {
      "name": "aurorus",
      "url": "https://pokeapi.co/api/v2/pokemon/699/"
    },
    {
      "name": "sylveon",
      "url": "https://pokeapi.co/api/v2/pokemon/700/"
    },
    {
      "name": "carbink",
      "url": "https://pokeapi.co/api/v2/pokemon/703/"
    },
    {
      "name": "klefki",
      "url": "https://pokeapi.co/api/v2/pokemon/707/"
    },
    {
      "name": "phantump",
      "url": "https://pokeapi.co/api/v2/pokemon/708/"
    },
    {
      "name": "trevenant",
      "url": "https://pokeapi.co/api/v2/pokemon/709/"
    },
    {
      "name": "pumpkaboo-average",
      "url": "https://pokeapi.co/api/v2/pokemon/710/"
    },
    {
      "name": "gourgeist-average",
      "url": "https://pokeapi.co/api/v2/pokemon/711/"
    },
    {
      "name": "bergmite",
      "url": "https://pokeapi.co/api/v2/pokemon/712/"
    },
    {
      "name": "avalugg",
      "url": "https://pokeapi.co/api/v2/pokemon/713/"
    },
    {
      "name": "zygarde-50",
      "url": "https://pokeapi.co/api/v2/pokemon/718/"
    },
    {
      "name": "diancie",
      "url": "https://pokeapi.co/api/v2/pokemon/719/"
    },
    {
      "name": "hoopa",
      "url": "https://pokeapi.co/api/v2/pokemon/720/"
    },
    {
      "name": "rowlet",
      "url": "https://pokeapi.co/api/v2/pokemon/722/"
    },
    {
      "name": "dartrix",
      "url": "https://pokeapi.co/api/v2/pokemon/723/"
    },
    {
      "name": "decidueye",
      "url": "https://pokeapi.co/api/v2/pokemon/724/"
    },
    {
      "name": "oricorio-baile",
      "url": "https://pokeapi.co/api/v2/pokemon/741/"
    },
    {
      "name": "cutiefly",
      "url": "https://pokeapi.co/api/v2/pokemon/742/"
    },
    {
      "name": "ribombee",
      "url": "https://pokeapi.co/api/v2/pokemon/743/"
    },
    {
      "name": "mareanie",
      "url": "https://pokeapi.co/api/v2/pokemon/747/"
    },
    {
      "name": "toxapex",
      "url": "https://pokeapi.co/api/v2/pokemon/748/"
    },
    {
      "name": "araquanid",
      "url": "https://pokeapi.co/api/v2/pokemon/752/"
    },
    {
      "name": "fomantis",
      "url": "https://pokeapi.co/api/v2/pokemon/753/"
    },
    {
      "name": "lurantis",
      "url": "https://pokeapi.co/api/v2/pokemon/754/"
    },
    {
      "name": "morelull",
      "url": "https://pokeapi.co/api/v2/pokemon/755/"
    },
    {
      "name": "shiinotic",
      "url": "https://pokeapi.co/api/v2/pokemon/756/"
    },
    {
      "name": "bounsweet",
      "url": "https://pokeapi.co/api/v2/pokemon/761/"
    },
    {
      "name": "steenee",
      "url": "https://pokeapi.co/api/v2/pokemon/762/"
    },
    {
      "name": "tsareena",
      "url": "https://pokeapi.co/api/v2/pokemon/763/"
    },
    {
      "name": "comfey",
      "url": "https://pokeapi.co/api/v2/pokemon/764/"
    },
    {
      "name": "oranguru",
      "url": "https://pokeapi.co/api/v2/pokemon/765/"
    },
    {
      "name": "pyukumuku",
      "url": "https://pokeapi.co/api/v2/pokemon/771/"
    },
    {
      "name": "minior-red-meteor",
      "url": "https://pokeapi.co/api/v2/pokemon/774/"
    },
    {
      "name": "mimikyu-disguised",
      "url": "https://pokeapi.co/api/v2/pokemon/778/"
    },
    {
      "name": "bruxish",
      "url": "https://pokeapi.co/api/v2/pokemon/779/"
    },
    {
      "name": "drampa",
      "url": "https://pokeapi.co/api/v2/pokemon/780/"
    },
    {
      "name": "jangmo-o",
      "url": "https://pokeapi.co/api/v2/pokemon/782/"
    },
    {
      "name": "hakamo-o",
      "url": "https://pokeapi.co/api/v2/pokemon/783/"
    },
    {
      "name": "kommo-o",
      "url": "https://pokeapi.co/api/v2/pokemon/784/"
    },
    {
      "name": "tapu-koko",
      "url": "https://pokeapi.co/api/v2/pokemon/785/"
    },
    {
      "name": "tapu-lele",
      "url": "https://pokeapi.co/api/v2/pokemon/786/"
    },
    {
      "name": "tapu-bulu",
      "url": "https://pokeapi.co/api/v2/pokemon/787/"
    },
    {
      "name": "tapu-fini",
      "url": "https://pokeapi.co/api/v2/pokemon/788/"
    },
    {
      "name": "solgaleo",
      "url": "https://pokeapi.co/api/v2/pokemon/791/"
    },
    {
      "name": "lunala",
      "url": "https://pokeapi.co/api/v2/pokemon/792/"
    },
    {
      "name": "nihilego",
      "url": "https://pokeapi.co/api/v2/pokemon/793/"
    },
    {
      "name": "stakataka",
      "url": "https://pokeapi.co/api/v2/pokemon/805/"
    },
    {
      "name": "sobble",
      "url": "https://pokeapi.co/api/v2/pokemon/816/"
    },
    {
      "name": "drizzile",
      "url": "https://pokeapi.co/api/v2/pokemon/817/"
    },
    {
      "name": "inteleon",
      "url": "https://pokeapi.co/api/v2/pokemon/818/"
    },
    {
      "name": "dottler",
      "url": "https://pokeapi.co/api/v2/pokemon/825/"
    },
    {
      "name": "orbeetle",
      "url": "https://pokeapi.co/api/v2/pokemon/826/"
    },
    {
      "name": "appletun",
      "url": "https://pokeapi.co/api/v2/pokemon/842/"
    },
    {
      "name": "hatenna",
      "url": "https://pokeapi.co/api/v2/pokemon/856/"
    },
    {
      "name": "hattrem",
      "url": "https://pokeapi.co/api/v2/pokemon/857/"
    },
    {
      "name": "hatterene",
      "url": "https://pokeapi.co/api/v2/pokemon/858/"
    },
    {
      "name": "cursola",
      "url": "https://pokeapi.co/api/v2/pokemon/864/"
    },
    {
      "name": "mr-rime",
      "url": "https://pokeapi.co/api/v2/pokemon/866/"
    },
    {
      "name": "runerigus",
      "url": "https://pokeapi.co/api/v2/pokemon/867/"
    },
    {
      "name": "alcremie",
      "url": "https://pokeapi.co/api/v2/pokemon/869/"
    },
    {
      "name": "frosmoth",
      "url": "https://pokeapi.co/api/v2/pokemon/873/"
    },
    {
      "name": "stonjourner",
      "url": "https://pokeapi.co/api/v2/pokemon/874/"
    },
    {
      "name": "zamazenta",
      "url": "https://pokeapi.co/api/v2/pokemon/889/"
    },
    {
      "name": "calyrex",
      "url": "https://pokeapi.co/api/v2/pokemon/898/"
    },
    {
      "name": "arboliva",
      "url": "https://pokeapi.co/api/v2/pokemon/930/"
    },
    {
      "name": "rabsca",
      "url": "https://pokeapi.co/api/v2/pokemon/954/"
    },
    {
      "name": "deoxys-attack",
      "url": "https://pokeapi.co/api/v2/pokemon/10001/"
    },
    {
      "name": "deoxys-defense",
      "url": "https://pokeapi.co/api/v2/pokemon/10002/"
    },
    {
      "name": "deoxys-speed",
      "url": "https://pokeapi.co/api/v2/pokemon/10003/"
    },
    {
      "name": "wormadam-sandy",
      "url": "https://pokeapi.co/api/v2/pokemon/10004/"
    },
    {
      "name": "wormadam-trash",
      "url": "https://pokeapi.co/api/v2/pokemon/10005/"
    },
    {
      "name": "shaymin-sky",
      "url": "https://pokeapi.co/api/v2/pokemon/10006/"
    },
    {
      "name": "giratina-origin",
      "url": "https://pokeapi.co/api/v2/pokemon/10007/"
    },
    {
      "name": "meloetta-pirouette",
      "url": "https://pokeapi.co/api/v2/pokemon/10018/"
    },
    {
      "name": "kyurem-black",
      "url": "https://pokeapi.co/api/v2/pokemon/10022/"
    },
    {
      "name": "kyurem-white",
      "url": "https://pokeapi.co/api/v2/pokemon/10023/"
    },
    {
      "name": "keldeo-resolute",
      "url": "https://pokeapi.co/api/v2/pokemon/10024/"
    },
    {
      "name": "meowstic-female",
      "url": "https://pokeapi.co/api/v2/pokemon/10025/"
    },
    {
      "name": "pumpkaboo-small",
      "url": "https://pokeapi.co/api/v2/pokemon/10027/"
    },
    {
      "name": "pumpkaboo-large",
      "url": "https://pokeapi.co/api/v2/pokemon/10028/"
    },
    {
      "name": "pumpkaboo-super",
      "url": "https://pokeapi.co/api/v2/pokemon/10029/"
    },
    {
      "name": "gourgeist-small",
      "url": "https://pokeapi.co/api/v2/pokemon/10030/"
    },
    {
      "name": "gourgeist-large",
      "url": "https://pokeapi.co/api/v2/pokemon/10031/"
    },
    {
      "name": "gourgeist-super",
      "url": "https://pokeapi.co/api/v2/pokemon/10032/"
    },
    {
      "name": "venusaur-mega",
      "url": "https://pokeapi.co/api/v2/pokemon/10033/"
    },
    {
      "name": "alakazam-mega",
      "url": "https://pokeapi.co/api/v2/pokemon/10037/"
    },
    {
      "name": "kangaskhan-mega",
      "url": "https://pokeapi.co/api/v2/pokemon/10039/"
    },
    {
      "name": "mewtwo-mega-x",
      "url": "https://pokeapi.co/api/v2/pokemon/10043/"
    },
    {
      "name": "mewtwo-mega-y",
      "url": "https://pokeapi.co/api/v2/pokemon/10044/"
    },
    {
      "name": "ampharos-mega",
      "url": "https://pokeapi.co/api/v2/pokemon/10045/"
    },
    {
      "name": "scizor-mega",
      "url": "https://pokeapi.co/api/v2/pokemon/10046/"
    },
    {
      "name": "gardevoir-mega",
      "url": "https://pokeapi.co/api/v2/pokemon/10051/"
    },
    {
      "name": "abomasnow-mega",
      "url": "https://pokeapi.co/api/v2/pokemon/10060/"
    },
    {
      "name": "floette-eternal",
      "url": "https://pokeapi.co/api/v2/pokemon/10061/"
    },
    {
      "name": "latias-mega",
      "url": "https://pokeapi.co/api/v2/pokemon/10062/"
    },
    {
      "name": "latios-mega",
      "url": "https://pokeapi.co/api/v2/pokemon/10063/"
    },
    {
      "name": "sceptile-mega",
      "url": "https://pokeapi.co/api/v2/pokemon/10065/"
    },
    {
      "name": "altaria-mega",
      "url": "https://pokeapi.co/api/v2/pokemon/10067/"
    },
    {
      "name": "gallade-mega",
      "url": "https://pokeapi.co/api/v2/pokemon/10068/"
    },
    {
      "name": "audino-mega",
      "url": "https://pokeapi.co/api/v2/pokemon/10069/"
    },
    {
      "name": "slowbro-mega",
      "url": "https://pokeapi.co/api/v2/pokemon/10071/"
    },
    {
      "name": "glalie-mega",
      "url": "https://pokeapi.co/api/v2/pokemon/10074/"
    },
    {
      "name": "diancie-mega",
      "url": "https://pokeapi.co/api/v2/pokemon/10075/"
    },
    {
      "name": "kyogre-primal",
      "url": "https://pokeapi.co/api/v2/pokemon/10077/"
    },
    {
      "name": "groudon-primal",
      "url": "https://pokeapi.co/api/v2/pokemon/10078/"
    },
    {
      "name": "hoopa-unbound",
      "url": "https://pokeapi.co/api/v2/pokemon/10086/"
    },
    {
      "name": "raichu-alola",
      "url": "https://pokeapi.co/api/v2/pokemon/10100/"
    },
    {
      "name": "sandshrew-alola",
      "url": "https://pokeapi.co/api/v2/pokemon/10101/"
    },
    {
      "name": "sandslash-alola",
      "url": "https://pokeapi.co/api/v2/pokemon/10102/"
    },
    {
      "name": "vulpix-alola",
      "url": "https://pokeapi.co/api/v2/pokemon/10103/"
    },
    {
      "name": "ninetales-alola",
      "url": "https://pokeapi.co/api/v2/pokemon/10104/"
    },
    {
      "name": "zygarde-10-power-construct",
      "url": "https://pokeapi.co/api/v2/pokemon/10118/"
    },
    {
      "name": "zygarde-50-power-construct",
      "url": "https://pokeapi.co/api/v2/pokemon/10119/"
    },
    {
      "name": "zygarde-complete",
      "url": "https://pokeapi.co/api/v2/pokemon/10120/"
    },
    {
      "name": "oricorio-pom-pom",
      "url": "https://pokeapi.co/api/v2/pokemon/10123/"
    },
    {
      "name": "oricorio-pau",
      "url": "https://pokeapi.co/api/v2/pokemon/10124/"
    },
    {
      "name": "oricorio-sensu",
      "url": "https://pokeapi.co/api/v2/pokemon/10125/"
    },
    {
      "name": "lurantis-totem",
      "url": "https://pokeapi.co/api/v2/pokemon/10128/"
    },
    {
      "name": "minior-orange-meteor",
      "url": "https://pokeapi.co/api/v2/pokemon/10130/"
    },
    {
      "name": "minior-yellow-meteor",
      "url": "https://pokeapi.co/api/v2/pokemon/10131/"
    },
    {
      "name": "minior-green-meteor",
      "url": "https://pokeapi.co/api/v2/pokemon/10132/"
    },
    {
      "name": "minior-blue-meteor",
      "url": "https://pokeapi.co/api/v2/pokemon/10133/"
    },
    {
      "name": "minior-indigo-meteor",
      "url": "https://pokeapi.co/api/v2/pokemon/10134/"
    },
    {
      "name": "minior-violet-meteor",
      "url": "https://pokeapi.co/api/v2/pokemon/10135/"
    },
    {
      "name": "minior-red",
      "url": "https://pokeapi.co/api/v2/pokemon/10136/"
    },
    {
      "name": "minior-orange",
      "url": "https://pokeapi.co/api/v2/pokemon/10137/"
    },
    {
      "name": "minior-yellow",
      "url": "https://pokeapi.co/api/v2/pokemon/10138/"
    },
    {
      "name": "minior-green",
      "url": "https://pokeapi.co/api/v2/pokemon/10139/"
    },
    {
      "name": "minior-blue",
      "url": "https://pokeapi.co/api/v2/pokemon/10140/"
    },
    {
      "name": "minior-indigo",
      "url": "https://pokeapi.co/api/v2/pokemon/10141/"
    },
    {
      "name": "minior-violet",
      "url": "https://pokeapi.co/api/v2/pokemon/10142/"
    },
    {
      "name": "mimikyu-busted",
      "url": "https://pokeapi.co/api/v2/pokemon/10143/"
    },
    {
      "name": "mimikyu-totem-disguised",
      "url": "https://pokeapi.co/api/v2/pokemon/10144/"
    },
    {
      "name": "mimikyu-totem-busted",
      "url": "https://pokeapi.co/api/v2/pokemon/10145/"
    },
    {
      "name": "kommo-o-totem",
      "url": "https://pokeapi.co/api/v2/pokemon/10146/"
    },
    {
      "name": "ribombee-totem",
      "url": "https://pokeapi.co/api/v2/pokemon/10150/"
    },
    {
      "name": "araquanid-totem",
      "url": "https://pokeapi.co/api/v2/pokemon/10153/"
    },
    {
      "name": "slowpoke-galar",
      "url": "https://pokeapi.co/api/v2/pokemon/10164/"
    },
    {
      "name": "slowbro-galar",
      "url": "https://pokeapi.co/api/v2/pokemon/10165/"
    },
    {
      "name": "mr-mime-galar",
      "url": "https://pokeapi.co/api/v2/pokemon/10168/"
    },
    {
      "name": "moltres-galar",
      "url": "https://pokeapi.co/api/v2/pokemon/10171/"
    },
    {
      "name": "slowking-galar",
      "url": "https://pokeapi.co/api/v2/pokemon/10172/"
    },
    {
      "name": "corsola-galar",
      "url": "https://pokeapi.co/api/v2/pokemon/10173/"
    },
    {
      "name": "yamask-galar",
      "url": "https://pokeapi.co/api/v2/pokemon/10179/"
    },
    {
      "name": "zygarde-10",
      "url": "https://pokeapi.co/api/v2/pokemon/10181/"
    },
    {
      "name": "indeedee-female",
      "url": "https://pokeapi.co/api/v2/pokemon/10186/"
    },
    {
      "name": "zamazenta-crowned",
      "url": "https://pokeapi.co/api/v2/pokemon/10189/"
    },
    {
      "name": "calyrex-ice",
      "url": "https://pokeapi.co/api/v2/pokemon/10193/"
    },
    {
      "name": "calyrex-shadow",
      "url": "https://pokeapi.co/api/v2/pokemon/10194/"
    }
  ],
  "machines": [
    {
      "machine": {
        "url": "https://pokeapi.co/api/v2/machine/381/"
      },
      "version_group": {
        "name": "sword-shield",
        "url": "https://pokeapi.co/api/v2/version-group/20/"
      }
    },
    {
      "machine": {
        "url": "https://pokeapi.co/api/v2/machine/386/"
      },
      "version_group": {
        "name": "ruby-sapphire",
        "url": "https://pokeapi.co/api/v2/version-group/5/"
      }
    },
    {
      "machine": {
        "url": "https://pokeapi.co/api/v2/machine/387/"
      },
      "version_group": {
        "name": "emerald",
        "url": "https://pokeapi.co/api/v2/version-group/6/"
      }
    },
    {
      "machine": {
        "url": "https://pokeapi.co/api/v2/machine/388/"
      },
      "version_group": {
        "name": "firered-leafgreen",
        "url": "https://pokeapi.co/api/v2/version-group/7/"
      }
    },
    {
      "machine": {
        "url": "https://pokeapi.co/api/v2/machine/389/"
      },
      "version_group": {
        "name": "diamond-pearl",
        "url": "https://pokeapi.co/api/v2/version-group/8/"
      }
    },
    {
      "machine": {
        "url": "https://pokeapi.co/api/v2/machine/390/"
      },
      "version_group": {
        "name": "platinum",
        "url": "https://pokeapi.co/api/v2/version-group/9/"
      }
    },
    {
      "machine": {
        "url": "https://pokeapi.co/api/v2/machine/391/"
      },
      "version_group": {
        "name": "heartgold-soulsilver",
        "url": "https://pokeapi.co/api/v2/version-group/10/"
      }
    },
    {
      "machine": {
        "url": "https://pokeapi.co/api/v2/machine/392/"
      },
      "version_group": {
        "name": "black-white",
        "url": "https://pokeapi.co/api/v2/version-group/11/"
      }
    },
    {
      "machine": {
        "url": "https://pokeapi.co/api/v2/machine/393/"
      },
      "version_group": {
        "name": "colosseum",
        "url": "https://pokeapi.co/api/v2/version-group/12/"
      }
    },
    {
      "machine": {
        "url": "https://pokeapi.co/api/v2/machine/394/"
      },
      "version_group": {
        "name": "xd",
        "url": "https://pokeapi.co/api/v2/version-group/13/"
      }
    },
    {
      "machine": {
        "url": "https://pokeapi.co/api/v2/machine/395/"
      },
      "version_group": {
        "name": "black-2-white-2",
        "url": "https://pokeapi.co/api/v2/version-group/14/"
      }
    },
    {
      "machine": {
        "url": "https://pokeapi.co/api/v2/machine/396/"
      },
      "version_group": {
        "name": "x-y",
        "url": "https://pokeapi.co/api/v2/version-group/15/"
      }
    },
    {
      "machine": {
        "url": "https://pokeapi.co/api/v2/machine/397/"
      },
      "version_group": {
        "name": "omega-ruby-alpha-sapphire",
        "url": "https://pokeapi.co/api/v2/version-group/16/"
      }
    },
    {
      "machine": {
        "url": "https://pokeapi.co/api/v2/machine/398/"
      },
      "version_group": {
        "name": "sun-moon",
        "url": "https://pokeapi.co/api/v2/version-group/17/"
      }
    },
    {
      "machine": {
        "url": "https://pokeapi.co/api/v2/machine/399/"
      },
      "version_group": {
        "name": "ultra-sun-ultra-moon",
        "url": "https://pokeapi.co/api/v2/version-group/18/"
      }
    }
  ],
  "meta": {
    "ailment": {
      "name": "none",
      "url": "https://pokeapi.co/api/v2/move-ailment/0/"
    },
    "ailment_chance": 0,
    "category": {
      "name": "field-effect",
      "url": "https://pokeapi.co/api/v2/move-category/11/"
    },
    "crit_rate": 0,
    "drain": 0,
    "flinch_chance": 0,
    "healing": 0,
    "max_hits": null,
    "max_turns": null,
    "min_hits": null,
    "min_turns": null,
    "stat_chance": 0
  },
  "name": "safeguard",
  "names": [
    {
      "language": {
        "name": "ja-Hrkt",
        "url": "https://pokeapi.co/api/v2/language/1/"
      },
      "name": "\u3057\u3093\u3074\u306e\u307e\u3082\u308a"
    },
    {
      "language": {
        "name": "ko",
        "url": "https://pokeapi.co/api/v2/language/3/"
      },
      "name": "\uc2e0\ube44\uc758\ubd80\uc801"
    },
    {
      "language": {
        "name": "zh-Hant",
        "url": "https://pokeapi.co/api/v2/language/4/"
      },
      "name": "\u795e\u79d8\u5b88\u8b77"
    },
    {
      "language": {
        "name": "fr",
        "url": "https://pokeapi.co/api/v2/language/5/"
      },
      "name": "Rune Protect"
    },
    {
      "language": {
        "name": "de",
        "url": "https://pokeapi.co/api/v2/language/6/"
      },
      "name": "Bodyguard"
    },
    {
      "language": {
        "name": "es",
        "url": "https://pokeapi.co/api/v2/language/7/"
      },
      "name": "Velo Sagrado"
    },
    {
      "language": {
        "name": "it",
        "url": "https://pokeapi.co/api/v2/language/8/"
      },
      "name": "Salvaguardia"
    },
    {
      "language": {
        "name": "en",
        "url": "https://pokeapi.co/api/v2/language/9/"
      },
      "name": "Safeguard"
    },
    {
      "language": {
        "name": "ja",
        "url": "https://pokeapi.co/api/v2/language/11/"
      },
      "name": "\u3057\u3093\u3074\u306e\u307e\u3082\u308a"
    },
    {
      "language": {
        "name": "zh-Hans",
        "url": "https://pokeapi.co/api/v2/language/12/"
      },
      "name": "\u795e\u79d8\u5b88\u62a4"
    }
  ],
  "past_values": [],
  "power": null,
  "pp": 25,
  "priority": 0,
  "stat_changes": [],
  "super_contest_effect": {
    "url": "https://pokeapi.co/api/v2/super-contest-effect/13/"
  },
  "target": {
    "name": "users-field",
    "url": "https://pokeapi.co/api/v2/move-target/4/"
  },
  "type": {
    "name": "normal",
    "url": "https://pokeapi.co/api/v2/type/1/"
  }
}