{
  "accuracy": 100,
  "contest_combos": null,
  "contest_effect": null,
  "contest_type": null,
  "damage_class": {
    "name": "status",
    "url": "https://pokeapi.co/api/v2/move-damage-class/1/"
  },
  "effect_chance": 100,
  "effect_changes": [],
  "effect_entries": [
    {
      "effect": "Poisons the target and lowers its Speed by one stage.",
      "language": {
        "name": "en",
        "url": "https://pokeapi.co/api/v2/language/9/"
      },
      "short_effect": "Poisons the target and lowers its Speed by one stage."
    }
  ],
  "flavor_text_entries": [
    {
      "flavor_text": "\u3069\u304f\u306e\u3000\u307e\u3058\u3063\u305f\u3000\u3044\u3068\u3092\u3000\u3075\u304d\u3064\u3051\u308b\u3002\n\u3042\u3044\u3066\u3092\u3000\u3069\u304f\u306b\u3057\u3066\n\u3059\u3070\u3084\u3055\u3092\u3000\u3055\u3052\u308b\u3002",
      "language": {
        "name": "ja-Hrkt",
        "url": "https://pokeapi.co/api/v2/language/1/"
      },
      "version_group": {
        "name": "sun-moon",
        "url": "https://pokeapi.co/api/v2/version-group/17/"
      }
    },
    {
      "flavor_text": "\ub3c5\uc774 \uc11e\uc778 \uc2e4\uc744 \ubfdc\uc5b4\ub0b8\ub2e4.\n\uc0c1\ub300\ub97c \ub3c5 \uc0c1\ud0dc\ub85c \ub9cc\ub4e4\uace0\n\uc2a4\ud53c\ub4dc\ub97c \ub5a8\uc5b4\ub728\ub9b0\ub2e4.",
      "language": {
        "name": "ko",
        "url": "https://pokeapi.co/api/v2/language/3/"
      },
      "version_group": {
        "name": "sun-moon",
        "url": "https://pokeapi.co/api/v2/version-group/17/"
      }
    },
    {
      "flavor_text": "\u5c07\u6df7\u6709\u6bd2\u7684\u7d72\u5410\u5411\u5c0d\u624b\u3002\n\u4f7f\u5176\u4e2d\u6bd2\uff0c\n\u9032\u800c\u964d\u4f4e\u5c0d\u624b\u7684\u901f\u5ea6\u3002",
      "language": {
        "name": "zh-Hant",
        "url": "https://pokeapi.co/api/v2/language/4/"
      },
      "version_group": {
        "name": "sun-moon",
        "url": "https://pokeapi.co/api/v2/version-group/17/"
      }
    },
    {
      "flavor_text": "Tisse un fil impr\u00e9gn\u00e9 de venin. Empoisonne la cible\net baisse sa Vitesse.",
      "language": {
        "name": "fr",
        "url": "https://pokeapi.co/api/v2/language/5/"
      },
      "version_group": {
        "name": "sun-moon",
        "url": "https://pokeapi.co/api/v2/version-group/17/"
      }
    },
    {
      "flavor_text": "Der Anwender schie\u00dft giftige F\u00e4den auf das Ziel,\ndas dadurch vergiftet wird. Au\u00dferdem sinkt seine\nInitiative.",
      "language": {
        "name": "de",
        "url": "https://pokeapi.co/api/v2/language/6/"
      },
      "version_group": {
        "name": "sun-moon",
        "url": "https://pokeapi.co/api/v2/version-group/17/"
      }
    },
    {
      "flavor_text": "Ataca al oponente con hilillos venenosos que\nreducen su Velocidad y lo envenenan.",
      "language": {
        "name": "es",
        "url": "https://pokeapi.co/api/v2/language/7/"
      },
      "version_group": {
        "name": "sun-moon",
        "url": "https://pokeapi.co/api/v2/version-group/17/"
      }
    },
    {
      "flavor_text": "Avvelena il bersaglio avvolgendolo con filamenti\ntossici e ne riduce la Velocit\u00e0.",
      "language": {
        "name": "it",
        "url": "https://pokeapi.co/api/v2/language/8/"
      },
      "version_group": {
        "name": "sun-moon",
        "url": "https://pokeapi.co/api/v2/version-group/17/"
      }
    },
    {
      "flavor_text": "The user shoots poisonous threads to poison the\ntarget and lower the target\u2019s Speed stat.",
      "language": {
        "name": "en",
        "url": "https://pokeapi.co/api/v2/language/9/"
      },
      "version_group": {
        "name": "sun-moon",
        "url": "https://pokeapi.co/api/v2/version-group/17/"
      }
    },
    {
      "flavor_text": "\u6bd2\u306e\u3000\u6df7\u3058\u3063\u305f\u3000\u7cf8\u3092\u3000\u5439\u304d\u4ed8\u3051\u308b\u3002\n\u76f8\u624b\u3092\u3000\u6bd2\u306b\u3057\u3066\n\u7d20\u65e9\u3055\u3092\u3000\u3055\u3052\u308b\u3002",
      "language": {
        "name": "ja",
        "url": "https://pokeapi.co/api/v2/language/11/"
      },
      "version_group": {
        "name": "sun-moon",
        "url": "https://pokeapi.co/api/v2/version-group/17/"
      }
    },
    {
      "flavor_text": "\u5c06\u6df7\u6709\u6bd2\u7684\u4e1d\u5410\u5411\u5bf9\u624b\u3002\n\u4f7f\u5176\u4e2d\u6bd2\uff0c\n\u4ece\u800c\u964d\u4f4e\u5bf9\u624b\u7684\u901f\u5ea6\u3002",
      "language": {
        "name": "zh-Hans",
        "url": "https://pokeapi.co/api/v2/language/12/"
      },
      "version_group": {
        "name": "sun-moon",
        "url": "https://pokeapi.co/api/v2/version-group/17/"
      }
    },
    {
      "flavor_text": "\u3069\u304f\u306e\u3000\u307e\u3058\u3063\u305f\u3000\u3044\u3068\u3092\u3000\u3075\u304d\u3064\u3051\u308b\u3002\n\u3042\u3044\u3066\u3092\u3000\u3069\u304f\u306b\u3057\u3066\n\u3059\u3070\u3084\u3055\u3092\u3000\u3055\u3052\u308b\u3002",
      "language": {
        "name": "ja-Hrkt",
        "url": "https://pokeapi.co/api/v2/language/1/"
      },
      "version_group": {
        "name": "ultra-sun-ultra-moon",
        "url": "https://pokeapi.co/api/v2/version-group/18/"
      }
    },
    {
      "flavor_text": "\ub3c5\uc774 \uc11e\uc778 \uc2e4\uc744 \ubfdc\uc5b4\ub0b8\ub2e4.\n\uc0c1\ub300\ub97c \ub3c5 \uc0c1\ud0dc\ub85c \ub9cc\ub4e4\uace0\n\uc2a4\ud53c\ub4dc\ub97c \ub5a8\uc5b4\ub728\ub9b0\ub2e4.",
      "language": {
        "name": "ko",
        "url": "https://pokeapi.co/api/v2/language/3/"
      },
      "version_group": {
        "name": "ultra-sun-ultra-moon",
        "url": "https://pokeapi.co/api/v2/version-group/18/"
      }
    },
    {
      "flavor_text": "\u5c07\u6df7\u6709\u6bd2\u7684\u7d72\u5410\u5411\u5c0d\u624b\u3002\n\u4f7f\u5176\u4e2d\u6bd2\uff0c\n\u9032\u800c\u964d\u4f4e\u5c0d\u624b\u7684\u901f\u5ea6\u3002",
      "language": {
        "name": "zh-Hant",
        "url": "https://pokeapi.co/api/v2/language/4/"
      },
      "version_group": {
        "name": "ultra-sun-ultra-moon",
        "url": "https://pokeapi.co/api/v2/version-group/18/"
      }
    },
    {
      "flavor_text": "Tisse un fil impr\u00e9gn\u00e9 de venin. Empoisonne la cible\net baisse sa Vitesse.",
      "language": {
        "name": "fr",
        "url": "https://pokeapi.co/api/v2/language/5/"
      },
      "version_group": {
        "name": "ultra-sun-ultra-moon",
        "url": "https://pokeapi.co/api/v2/version-group/18/"
      }
    },
    {
      "flavor_text": "Der Anwender schie\u00dft giftige F\u00e4den auf das Ziel,\ndas dadurch vergiftet wird. Au\u00dferdem sinkt seine\nInitiative.",
      "language": {
        "name": "de",
        "url": "https://pokeapi.co/api/v2/language/6/"
      },
      "version_group": {
        "name": "ultra-sun-ultra-moon",
        "url": "https://pokeapi.co/api/v2/version-group/18/"
      }
    },
    {
      "flavor_text": "Ataca al oponente con hilillos venenosos que\nreducen su Velocidad y lo envenenan.",
      "language": {
        "name": "es",
        "url": "https://pokeapi.co/api/v2/language/7/"
      },
      "version_group": {
        "name": "ultra-sun-ultra-moon",
        "url": "https://pokeapi.co/api/v2/version-group/18/"
      }
    },
    {
      "flavor_text": "Avvelena il bersaglio avvolgendolo con filamenti\ntossici e ne riduce la Velocit\u00e0.",
      "language": {
        "name": "it",
        "url": "https://pokeapi.co/api/v2/language/8/"
      },
      "version_group": {
        "name": "ultra-sun-ultra-moon",
        "url": "https://pokeapi.co/api/v2/version-group/18/"
      }
    },
    {
      "flavor_text": "The user shoots poisonous threads to poison the\ntarget and lower the target\u2019s Speed stat.",
      "language": {
        "name": "en",
        "url": "https://pokeapi.co/api/v2/language/9/"
      },
      "version_group": {
        "name": "ultra-sun-ultra-moon",
        "url": "https://pokeapi.co/api/v2/version-group/18/"
      }
    },
    {
      "flavor_text": "\u6bd2\u306e\u3000\u6df7\u3058\u3063\u305f\u3000\u7cf8\u3092\u3000\u5439\u304d\u4ed8\u3051\u308b\u3002\n\u76f8\u624b\u3092\u3000\u6bd2\u306b\u3057\u3066\n\u7d20\u65e9\u3055\u3092\u3000\u3055\u3052\u308b\u3002",
      "language": {
        "name": "ja",
        "url": "https://pokeapi.co/api/v2/language/11/"
      },
      "version_group": {
        "name": "ultra-sun-ultra-moon",
        "url": "https://pokeapi.co/api/v2/version-group/18/"
      }
    },
    {
      "flavor_text": "\u5c06\u6df7\u6709\u6bd2\u7684\u4e1d\u5410\u5411\u5bf9\u624b\u3002\n\u4f7f\u5176\u4e2d\u6bd2\uff0c\n\u4ece\u800c\u964d\u4f4e\u5bf9\u624b\u7684\u901f\u5ea6\u3002",
      "language": {
        "name": "zh-Hans",
        "url": "https://pokeapi.co/api/v2/language/12/"
      },
      "version_group": {
        "name": "ultra-sun-ultra-moon",
        "url": "https://pokeapi.co/api/v2/version-group/18/"
      }
    },
    {
      "flavor_text": "\u3069\u304f\u306e\u3000\u307e\u3058\u3063\u305f\u3000\u3044\u3068\u3092\u3000\u3075\u304d\u3064\u3051\u308b\u3002\n\u3042\u3044\u3066\u3092\u3000\u3069\u304f\u306b\u3057\u3066\n\u3059\u3070\u3084\u3055\u3092\u3000\u3055\u3052\u308b\u3002",
      "language": {
        "name": "ja-Hrkt",
        "url": "https://pokeapi.co/api/v2/language/1/"
      },
      "version_group": {
        "name": "lets-go-pikachu-lets-go-eevee",
        "url": "https://pokeapi.co/api/v2/version-group/19/"
      }
    },
    {
      "flavor_text": "\ub3c5\uc774 \uc11e\uc778 \uc2e4\uc744 \ubfdc\uc5b4\ub0b8\ub2e4.\n\uc0c1\ub300\ub97c \ub3c5 \uc0c1\ud0dc\ub85c \ub9cc\ub4e4\uace0\n\uc2a4\ud53c\ub4dc\ub97c \ub5a8\uc5b4\ub728\ub9b0\ub2e4.",
      "language": {
        "name": "ko",
        "url": "https://pokeapi.co/api/v2/language/3/"
      },
      "version_group": {
        "name": "lets-go-pikachu-lets-go-eevee",
        "url": "https://pokeapi.co/api/v2/version-group/19/"
      }
    },
    {
      "flavor_text": "\u5c07\u6df7\u6709\u6bd2\u7684\u7d72\u5410\u5411\u5c0d\u624b\u3002\n\u4f7f\u5176\u4e2d\u6bd2\uff0c\n\u9032\u800c\u964d\u4f4e\u5c0d\u624b\u7684\u901f\u5ea6\u3002",
      "language": {
        "name": "zh-Hant",
        "url": "https://pokeapi.co/api/v2/language/4/"
      },
      "version_group": {
        "name": "lets-go-pikachu-lets-go-eevee",
        "url": "https://pokeapi.co/api/v2/version-group/19/"
      }
    },
    {
      "flavor_text": "Tisse un fil impr\u00e9gn\u00e9 de venin. Empoisonne la cible\net baisse sa Vitesse.",
      "language": {
        "name": "fr",
        "url": "https://pokeapi.co/api/v2/language/5/"
      },
      "version_group": {
        "name": "lets-go-pikachu-lets-go-eevee",
        "url": "https://pokeapi.co/api/v2/version-group/19/"
      }
    },
    {
      "flavor_text": "Der Anwender schie\u00dft giftige F\u00e4den auf das Ziel,\ndas dadurch vergiftet wird. Au\u00dferdem sinkt seine\nInitiative.",
      "language": {
        "name": "de",
        "url": "https://pokeapi.co/api/v2/language/6/"
      },
      "version_group": {
        "name": "lets-go-pikachu-lets-go-eevee",
        "url": "https://pokeapi.co/api/v2/version-group/19/"
      }
    },
    {
      "flavor_text": "Ataca al oponente con hilillos venenosos que\nreducen su Velocidad y lo envenenan.",
      "language": {
        "name": "es",
        "url": "https://pokeapi.co/api/v2/language/7/"
      },
      "version_group": {
        "name": "lets-go-pikachu-lets-go-eevee",
        "url": "https://pokeapi.co/api/v2/version-group/19/"
      }
    },
    {
      "flavor_text": "Avvelena il bersaglio avvolgendolo con filamenti\ntossici e ne riduce la Velocit\u00e0.",
      "language": {
        "name": "it",
        "url": "https://pokeapi.co/api/v2/language/8/"
      },
      "version_group": {
        "name": "lets-go-pikachu-lets-go-eevee",
        "url": "https://pokeapi.co/api/v2/version-group/19/"
      }
    },
    {
      "flavor_text": "The user shoots poisonous threads to poison the\ntarget and lower the target\u2019s Speed stat.",
      "language": {
        "name": "en",
        "url": "https://pokeapi.co/api/v2/language/9/"
      },
      "version_group": {
        "name": "lets-go-pikachu-lets-go-eevee",
        "url": "https://pokeapi.co/api/v2/version-group/19/"
      }
    },
    {
      "flavor_text": "\u6bd2\u306e\u3000\u6df7\u3058\u3063\u305f\u3000\u7cf8\u3092\u3000\u5439\u304d\u4ed8\u3051\u308b\u3002\n\u76f8\u624b\u3092\u3000\u6bd2\u306b\u3057\u3066\n\u7d20\u65e9\u3055\u3092\u3000\u3055\u3052\u308b\u3002",
      "language": {
        "name": "ja",
        "url": "https://pokeapi.co/api/v2/language/11/"
      },
      "version_group": {
        "name": "lets-go-pikachu-lets-go-eevee",
        "url": "https://pokeapi.co/api/v2/version-group/19/"
      }
    },
    {
      "flavor_text": "\u5c06\u6df7\u6709\u6bd2\u7684\u4e1d\u5410\u5411\u5bf9\u624b\u3002\n\u4f7f\u5176\u4e2d\u6bd2\uff0c\n\u4ece\u800c\u964d\u4f4e\u5bf9\u624b\u7684\u901f\u5ea6\u3002",
      "language": {
        "name": "zh-Hans",
        "url": "https://pokeapi.co/api/v2/language/12/"
      },
      "version_group": {
        "name": "lets-go-pikachu-lets-go-eevee",
        "url": "https://pokeapi.co/api/v2/version-group/19/"
      }
    },
    {
      "flavor_text": "\u3069\u304f\u306e\u3000\u307e\u3058\u3063\u305f\u3000\u3044\u3068\u3092\u3000\u3075\u304d\u3064\u3051\u308b\u3002\n\u3042\u3044\u3066\u3092\u3000\u3069\u304f\u306b\u3057\u3066\n\u3059\u3070\u3084\u3055\u3092\u3000\u3055\u3052\u308b\u3002",
      "language": {
        "name": "ja-Hrkt",
        "url": "https://pokeapi.co/api/v2/language/1/"
      },
      "version_group": {
        "name": "sword-shield",
        "url": "https://pokeapi.co/api/v2/version-group/20/"
      }
    },
    {
      "flavor_text": "\ub3c5\uc774 \uc11e\uc778 \uc2e4\uc744 \ubfdc\uc5b4\ub0b8\ub2e4.\n\uc0c1\ub300\ub97c \ub3c5 \uc0c1\ud0dc\ub85c \ub9cc\ub4e4\uace0\n\uc2a4\ud53c\ub4dc\ub97c \ub5a8\uc5b4\ub728\ub9b0\ub2e4.",
      "language": {
        "name": "ko",
        "url": "https://pokeapi.co/api/v2/language/3/"
      },
      "version_group": {
        "name": "sword-shield",
        "url": "https://pokeapi.co/api/v2/version-group/20/"
      }
    },
    {
      "flavor_text": "\u5c07\u6df7\u6709\u6bd2\u7684\u7d72\u5410\u5411\u5c0d\u624b\u3002\n\u4f7f\u5176\u4e2d\u6bd2\uff0c\n\u9032\u800c\u964d\u4f4e\u5c0d\u624b\u7684\u901f\u5ea6\u3002",
      "language": {
        "name": "zh-Hant",
        "url": "https://pokeapi.co/api/v2/language/4/"
      },
      "version_group": {
        "name": "sword-shield",
        "url": "https://pokeapi.co/api/v2/version-group/20/"
      }
    },
    {
      "flavor_text": "Tisse un fil impr\u00e9gn\u00e9 de venin. Empoisonne la cible\net baisse sa Vitesse.",
      "language": {
        "name": "fr",
        "url": "https://pokeapi.co/api/v2/language/5/"
      },
      "version_group": {
        "name": "sword-shield",
        "url": "https://pokeapi.co/api/v2/version-group/20/"
      }
    },
    {
      "flavor_text": "Der Anwender schie\u00dft giftige F\u00e4den auf das Ziel,\ndas dadurch vergiftet wird. Au\u00dferdem sinkt seine\nInitiative.",
      "language": {
        "name": "de",
        "url": "https://pokeapi.co/api/v2/language/6/"
      },
      "version_group": {
        "name": "sword-shield",
        "url": "https://pokeapi.co/api/v2/version-group/20/"
      }
    },
    {
      "flavor_text": "Ataca al oponente con hilillos venenosos que reducen\nsu Velocidad y lo envenenan.",
      "language": {
        "name": "es",
        "url": "https://pokeapi.co/api/v2/language/7/"
      },
      "version_group": {
        "name": "sword-shield",
        "url": "https://pokeapi.co/api/v2/version-group/20/"
      }
    },
    {
      "flavor_text": "Avvelena il bersaglio avvolgendolo con filamenti\ntossici e ne riduce la Velocit\u00e0.",
      "language": {
        "name": "it",
        "url": "https://pokeapi.co/api/v2/language/8/"
      },
      "version_group": {
        "name": "sword-shield",
        "url": "https://pokeapi.co/api/v2/version-group/20/"
      }
    },
    {
      "flavor_text": "The user shoots poisonous threads to poison the\ntarget and lower the target\u2019s Speed stat.",
      "language": {
        "name": "en",
        "url": "https://pokeapi.co/api/v2/language/9/"
      },
      "version_group": {
        "name": "sword-shield",
        "url": "https://pokeapi.co/api/v2/version-group/20/"
      }
    },
    {
      "flavor_text": "\u6bd2\u306e\u3000\u6df7\u3058\u3063\u305f\u3000\u7cf8\u3092\u3000\u5439\u304d\u4ed8\u3051\u308b\u3002\n\u76f8\u624b\u3092\u3000\u6bd2\u306b\u3057\u3066\n\u7d20\u65e9\u3055\u3092\u3000\u3055\u3052\u308b\u3002",
      "language": {
        "name": "ja",
        "url": "https://pokeapi.co/api/v2/language/11/"
      },
      "version_group": {
        "name": "sword-shield",
        "url": "https://pokeapi.co/api/v2/version-group/20/"
      }
    },
    {
      "flavor_text": "\u5c06\u6df7\u6709\u6bd2\u7684\u4e1d\u5410\u5411\u5bf9\u624b\u3002\n\u4f7f\u5176\u4e2d\u6bd2\uff0c\n\u4ece\u800c\u964d\u4f4e\u5bf9\u624b\u7684\u901f\u5ea6\u3002",
      "language": {
        "name": "zh-Hans",
        "url": "https://pokeapi.co/api/v2/language/12/"
      },
      "version_group": {
        "name": "sword-shield",
        "url": "https://pokeapi.co/api/v2/version-group/20/"
      }
    },
    {
      "flavor_text": "The user shoots poisonous threads to poison the target and lower the target's Speed stat.",
      "language": {
        "name": "en",
        "url": "https://pokeapi.co/api/v2/language/9/"
      },
      "version_group": {
        "name": "legends-arceus",
        "url": "https://pokeapi.co/api/v2/version-group/24/"
      }
    },
    {
      "flavor_text": "The user shoots poisonous threads to poison the target and lower the target's Speed stat.",
      "language": {
        "name": "en",
        "url": "https://pokeapi.co/api/v2/language/9/"
      },
      "version_group": {
        "name": "scarlet-violet",
        "url": "https://pokeapi.co/api/v2/version-group/25/"
      }
    }
  ],
  "generation": {
    "name": "generation-vii",
    "url": "https://pokeapi.co/api/v2/generation/7/"
  },
  "id": 672,
  "learned_by_pokemon": [
    {
      "name": "spinarak",
      "url": "https://pokeapi.co/api/v2/pokemon/167/"
    },
    {
      "name": "ariados",
      "url": "https://pokeapi.co/api/v2/pokemon/168/"
    }
  ],
  "machines": [],
  "meta": {
    "ailment": {
      "name": "poison",
      "url": "https://pokeapi.co/api/v2/move-ailment/5/"
    },
    "ailment_chance": 100,
    "category": {
      "name": "swagger",
      "url": "https://pokeapi.co/api/v2/move-category/5/"
    },
    "crit_rate": 0,
    "drain": 0,
    "flinch_chance": 0,
    "healing": 0,
    "max_hits": null,
    "max_turns": null,
    "min_hits": null,
    "min_turns": null,
    "stat_chance": 100
  },
  "name": "toxic-thread",
  "names": [
    {
      "language": {
        "name": "ja-Hrkt",
        "url": "https://pokeapi.co/api/v2/language/1/"
      },
      "name": "\u3069\u304f\u306e\u3044\u3068"
    },
    {
      "language": {
        "name": "ko",
        "url": "https://pokeapi.co/api/v2/language/3/"
      },
      "name": "\ub3c5\uc2e4"
    },
    {
      "language": {
        "name": "zh-Hant",
        "url": "https://pokeapi.co/api/v2/language/4/"
      },
      "name": "\u6bd2\u7d72"
    },
    {
      "language": {
        "name": "fr",
        "url": "https://pokeapi.co/api/v2/language/5/"
      },
      "name": "Fil Toxique"
    },
    {
      "language": {
        "name": "de",
        "url": "https://pokeapi.co/api/v2/language/6/"
      },
      "name": "Giftfaden"
    },
    {
      "language": {
        "name": "es",
        "url": "https://pokeapi.co/api/v2/language/7/"
      },
      "name": "Hilo Venenoso"
    },
    {
      "language": {
        "name": "it",
        "url": "https://pokeapi.co/api/v2/language/8/"
      },
      "name": "Velenotela"
    },
    {
      "language": {
        "name": "en",
        "url": "https://pokeapi.co/api/v2/language/9/"
      },
      "name": "Toxic Thread"
    },
    {
      "language": {
        "name": "ja",
        "url": "https://pokeapi.co/api/v2/language/11/"
      },
      "name": "\u3069\u304f\u306e\u3044\u3068"
    },
    {
      "language": {
        "name": "zh-Hans",
        "url": "https://pokeapi.co/api/v2/language/12/"
      },
      "name": "\u6bd2\u4e1d"
    }
  ],
  "past_values": [],
  "power": null,
  "pp": 20,
  "priority": 0,
  "stat_changes": [
    {
      "change": -1,
      "stat": {
        "name": "speed",
        "url": "https://pokeapi.co/api/v2/stat/6/"
      }
    }
  ],
  "super_contest_effect": null,
  "target": {
    "name": "selected-pokemon",
    "url": "https://pokeapi.co/api/v2/move-target/10/"
  },
  "type": {
    "name": "poison",
    "url": "https://pokeapi.co/api/v2/type/4/"
  }
}