{
  "accuracy": null,
  "contest_combos": null,
  "contest_effect": null,
  "contest_type": null,
  "damage_class": {
    "name": "status",
    "url": "https://pokeapi.co/api/v2/move-damage-class/1/"
  },
  "effect_chance": null,
  "effect_changes": [],
  "effect_entries": [
    {
      "effect": "For five turns (including this one), passive effects of held items are ignored, and Pok\u00e9mon will not use their held items.",
      "language": {
        "name": "en",
        "url": "https://pokeapi.co/api/v2/language/9/"
      },
      "short_effect": "Negates held items for five turns."
    }
  ],
  "flavor_text_entries": [
    {
      "flavor_text": "Le lanceur cr\u00e9e une zone \u00e9trange. Pendant\n5 tours, les objets tenus par tous les\nPok\u00e9mon n\u2019ont plus aucun effet.",
      "language": {
        "name": "fr",
        "url": "https://pokeapi.co/api/v2/language/5/"
      },
      "version_group": {
        "name": "black-white",
        "url": "https://pokeapi.co/api/v2/version-group/11/"
      }
    },
    {
      "flavor_text": "The user creates a bizarre area\nin which Pok\u00e9mon\u2019s held items\nlose their effects for five turns.",
      "language": {
        "name": "en",
        "url": "https://pokeapi.co/api/v2/language/9/"
      },
      "version_group": {
        "name": "black-white",
        "url": "https://pokeapi.co/api/v2/version-group/11/"
      }
    },
    {
      "flavor_text": "The user creates a bizarre area\nin which Pok\u00e9mon\u2019s held items\nlose their effects for five turns.",
      "language": {
        "name": "en",
        "url": "https://pokeapi.co/api/v2/language/9/"
      },
      "version_group": {
        "name": "black-2-white-2",
        "url": "https://pokeapi.co/api/v2/version-group/14/"
      }
    },
    {
      "flavor_text": "\u307e\u304b\u3075\u3057\u304e\u306a\u3000\u304f\u3046\u304b\u3093\u3092\u3000\u3064\u304f\u308b\u3002\n\uff15\u30bf\u30fc\u30f3\u306e\u3042\u3044\u3060\u3000\u3059\u3079\u3066\u306e\u30dd\u30b1\u30e2\u30f3\u306e\n\u3069\u3046\u3050\u306e\u3000\u3053\u3046\u304b\u304c\u3000\u306a\u304f\u306a\u308b\u3002",
      "language": {
        "name": "ja-Hrkt",
        "url": "https://pokeapi.co/api/v2/language/1/"
      },
      "version_group": {
        "name": "x-y",
        "url": "https://pokeapi.co/api/v2/version-group/15/"
      }
    },
    {
      "flavor_text": "\uc774\uc0c1\ud55c \uacf5\uac04\uc744 \ub9cc\ub4e0\ub2e4.\n5\ud134 \ub3d9\uc548 \ubaa8\ub4e0 \ud3ec\ucf13\ubaac\uc758\n\ub3c4\uad6c\uc758 \ud6a8\uacfc\uac00 \uc0ac\ub77c\uc9c4\ub2e4.",
      "language": {
        "name": "ko",
        "url": "https://pokeapi.co/api/v2/language/3/"
      },
      "version_group": {
        "name": "x-y",
        "url": "https://pokeapi.co/api/v2/version-group/15/"
      }
    },
    {
      "flavor_text": "Le lanceur cr\u00e9e une zone \u00e9trange.\nPendant cinq tours, les objets tenus par tous\nles Pok\u00e9mon n\u2019ont plus aucun effet.",
      "language": {
        "name": "fr",
        "url": "https://pokeapi.co/api/v2/language/5/"
      },
      "version_group": {
        "name": "x-y",
        "url": "https://pokeapi.co/api/v2/version-group/15/"
      }
    },
    {
      "flavor_text": "Anwender erzeugt einen bizarren Raum,\nin dem \u00fcber f\u00fcnf Runden die Wirkung aller von\nPok\u00e9mon getragenen Items aufgehoben ist.",
      "language": {
        "name": "de",
        "url": "https://pokeapi.co/api/v2/language/6/"
      },
      "version_group": {
        "name": "x-y",
        "url": "https://pokeapi.co/api/v2/version-group/15/"
      }
    },
    {
      "flavor_text": "Crea un espacio misterioso que inutiliza todos los\nobjetos de los Pok\u00e9mon durante cinco turnos.",
      "language": {
        "name": "es",
        "url": "https://pokeapi.co/api/v2/language/7/"
      },
      "version_group": {
        "name": "x-y",
        "url": "https://pokeapi.co/api/v2/version-group/15/"
      }
    },
    {
      "flavor_text": "Chi la usa crea una dimensione in cui l\u2019effetto\ndegli strumenti di tutti i Pok\u00e9mon \u00e8 annullato\nper cinque turni.",
      "language": {
        "name": "it",
        "url": "https://pokeapi.co/api/v2/language/8/"
      },
      "version_group": {
        "name": "x-y",
        "url": "https://pokeapi.co/api/v2/version-group/15/"
      }
    },
    {
      "flavor_text": "The user creates a bizarre area\nin which Pok\u00e9mon\u2019s held items\nlose their effects for five turns.",
      "language": {
        "name": "en",
        "url": "https://pokeapi.co/api/v2/language/9/"
      },
      "version_group": {
        "name": "x-y",
        "url": "https://pokeapi.co/api/v2/version-group/15/"
      }
    },
    {
      "flavor_text": "\u307e\u304b\u4e0d\u601d\u8b70\u306a\u3000\u7a7a\u9593\u3092\u3000\u3064\u304f\u308b\u3002\n\uff15\u30bf\u30fc\u30f3\u306e\u3042\u3044\u3060\u3000\u3059\u3079\u3066\u306e\u30dd\u30b1\u30e2\u30f3\u306e\n\u9053\u5177\u306e\u3000\u52b9\u679c\u304c\u3000\u306a\u304f\u306a\u308b\u3002",
      "language": {
        "name": "ja",
        "url": "https://pokeapi.co/api/v2/language/11/"
      },
      "version_group": {
        "name": "x-y",
        "url": "https://pokeapi.co/api/v2/version-group/15/"
      }
    },
    {
      "flavor_text": "\u307e\u304b\u3075\u3057\u304e\u306a\u3000\u304f\u3046\u304b\u3093\u3092\u3000\u3064\u304f\u308b\u3002\n\uff15\u30bf\u30fc\u30f3\u306e\u3042\u3044\u3060\u3000\u3059\u3079\u3066\u306e\u30dd\u30b1\u30e2\u30f3\u306e\n\u3069\u3046\u3050\u306e\u3000\u3053\u3046\u304b\u304c\u3000\u306a\u304f\u306a\u308b\u3002",
      "language": {
        "name": "ja-Hrkt",
        "url": "https://pokeapi.co/api/v2/language/1/"
      },
      "version_group": {
        "name": "omega-ruby-alpha-sapphire",
        "url": "https://pokeapi.co/api/v2/version-group/16/"
      }
    },
    {
      "flavor_text": "\uc774\uc0c1\ud55c \uacf5\uac04\uc744 \ub9cc\ub4e0\ub2e4.\n5\ud134 \ub3d9\uc548 \ubaa8\ub4e0 \ud3ec\ucf13\ubaac\uc758\n\ub3c4\uad6c\uc758 \ud6a8\uacfc\uac00 \uc0ac\ub77c\uc9c4\ub2e4.",
      "language": {
        "name": "ko",
        "url": "https://pokeapi.co/api/v2/language/3/"
      },
      "version_group": {
        "name": "omega-ruby-alpha-sapphire",
        "url": "https://pokeapi.co/api/v2/version-group/16/"
      }
    },
    {
      "flavor_text": "Le lanceur cr\u00e9e une zone \u00e9trange.\nPendant cinq tours, les objets tenus par tous\nles Pok\u00e9mon n\u2019ont plus aucun effet.",
      "language": {
        "name": "fr",
        "url": "https://pokeapi.co/api/v2/language/5/"
      },
      "version_group": {
        "name": "omega-ruby-alpha-sapphire",
        "url": "https://pokeapi.co/api/v2/version-group/16/"
      }
    },
    {
      "flavor_text": "Anwender erzeugt einen bizarren Raum,\nin dem \u00fcber f\u00fcnf Runden die Wirkung aller von\nPok\u00e9mon getragenen Items aufgehoben ist.",
      "language": {
        "name": "de",
        "url": "https://pokeapi.co/api/v2/language/6/"
      },
      "version_group": {
        "name": "omega-ruby-alpha-sapphire",
        "url": "https://pokeapi.co/api/v2/version-group/16/"
      }
    },
    {
      "flavor_text": "Crea un espacio misterioso que inutiliza todos los \nobjetos de los Pok\u00e9mon durante cinco turnos.",
      "language": {
        "name": "es",
        "url": "https://pokeapi.co/api/v2/language/7/"
      },
      "version_group": {
        "name": "omega-ruby-alpha-sapphire",
        "url": "https://pokeapi.co/api/v2/version-group/16/"
      }
    },
    {
      "flavor_text": "Chi la usa crea una dimensione in cui l\u2019effetto\ndegli strumenti di tutti i Pok\u00e9mon \u00e8 annullato\nper cinque turni.",
      "language": {
        "name": "it",
        "url": "https://pokeapi.co/api/v2/language/8/"
      },
      "version_group": {
        "name": "omega-ruby-alpha-sapphire",
        "url": "https://pokeapi.co/api/v2/version-group/16/"
      }
    },
    {
      "flavor_text": "The user creates a bizarre area\nin which Pok\u00e9mon\u2019s held items\nlose their effects for five turns.",
      "language": {
        "name": "en",
        "url": "https://pokeapi.co/api/v2/language/9/"
      },
      "version_group": {
        "name": "omega-ruby-alpha-sapphire",
        "url": "https://pokeapi.co/api/v2/version-group/16/"
      }
    },
    {
      "flavor_text": "\u307e\u304b\u4e0d\u601d\u8b70\u306a\u3000\u7a7a\u9593\u3092\u3000\u3064\u304f\u308b\u3002\n\uff15\u30bf\u30fc\u30f3\u306e\u3042\u3044\u3060\u3000\u3059\u3079\u3066\u306e\u30dd\u30b1\u30e2\u30f3\u306e\n\u9053\u5177\u306e\u3000\u52b9\u679c\u304c\u3000\u306a\u304f\u306a\u308b\u3002",
      "language": {
        "name": "ja",
        "url": "https://pokeapi.co/api/v2/language/11/"
      },
      "version_group": {
        "name": "omega-ruby-alpha-sapphire",
        "url": "https://pokeapi.co/api/v2/version-group/16/"
      }
    },
    {
      "flavor_text": "\u307e\u304b\u3075\u3057\u304e\u306a\u3000\u304f\u3046\u304b\u3093\u3092\u3000\u3064\u304f\u308b\u3002\n\uff15\u30bf\u30fc\u30f3\u306e\u3042\u3044\u3060\u3000\u3059\u3079\u3066\u306e\u30dd\u30b1\u30e2\u30f3\u306e\n\u3069\u3046\u3050\u306e\u3000\u3053\u3046\u304b\u304c\u3000\u306a\u304f\u306a\u308b\u3002",
      "language": {
        "name": "ja-Hrkt",
        "url": "https://pokeapi.co/api/v2/language/1/"
      },
      "version_group": {
        "name": "sun-moon",
        "url": "https://pokeapi.co/api/v2/version-group/17/"
      }
    },
    {
      "flavor_text": "\uc774\uc0c1\ud55c \uacf5\uac04\uc744 \ub9cc\ub4e0\ub2e4.\n5\ud134 \ub3d9\uc548 \ubaa8\ub4e0 \ud3ec\ucf13\ubaac\uc758\n\ub3c4\uad6c\uc758 \ud6a8\uacfc\uac00 \uc0ac\ub77c\uc9c4\ub2e4.",
      "language": {
        "name": "ko",
        "url": "https://pokeapi.co/api/v2/language/3/"
      },
      "version_group": {
        "name": "sun-moon",
        "url": "https://pokeapi.co/api/v2/version-group/17/"
      }
    },
    {
      "flavor_text": "\u5275\u9020\u51fa\u975e\u5e38\u4e0d\u53ef\u601d\u8b70\u7684\u7a7a\u9593\u3002\n\u5728\uff15\u56de\u5408\u5167\uff0c\u6240\u6709\u5bf6\u53ef\u5922\n\u651c\u5e36\u7684\u9053\u5177\u90fd\u6703\u5931\u53bb\u6548\u679c\u3002",
      "language": {
        "name": "zh-Hant",
        "url": "https://pokeapi.co/api/v2/language/4/"
      },
      "version_group": {
        "name": "sun-moon",
        "url": "https://pokeapi.co/api/v2/version-group/17/"
      }
    },
    {
      "flavor_text": "Le lanceur cr\u00e9e une zone \u00e9trange.\nPendant cinq tours, les objets tenus par tous\nles Pok\u00e9mon n\u2019ont plus aucun effet.",
      "language": {
        "name": "fr",
        "url": "https://pokeapi.co/api/v2/language/5/"
      },
      "version_group": {
        "name": "sun-moon",
        "url": "https://pokeapi.co/api/v2/version-group/17/"
      }
    },
    {
      "flavor_text": "Anwender erzeugt einen bizarren Raum, in dem\n\u00fcber f\u00fcnf Runden die Wirkung aller von Pok\u00e9mon\ngetragenen Items aufgehoben ist.",
      "language": {
        "name": "de",
        "url": "https://pokeapi.co/api/v2/language/6/"
      },
      "version_group": {
        "name": "sun-moon",
        "url": "https://pokeapi.co/api/v2/version-group/17/"
      }
    },
    {
      "flavor_text": "Crea un espacio misterioso que inutiliza todos los \nobjetos de los Pok\u00e9mon durante cinco turnos.",
      "language": {
        "name": "es",
        "url": "https://pokeapi.co/api/v2/language/7/"
      },
      "version_group": {
        "name": "sun-moon",
        "url": "https://pokeapi.co/api/v2/version-group/17/"
      }
    },
    {
      "flavor_text": "Chi la usa crea una dimensione in cui l\u2019effetto\ndegli strumenti di tutti i Pok\u00e9mon \u00e8 annullato\nper cinque turni.",
      "language": {
        "name": "it",
        "url": "https://pokeapi.co/api/v2/language/8/"
      },
      "version_group": {
        "name": "sun-moon",
        "url": "https://pokeapi.co/api/v2/version-group/17/"
      }
    },
    {
      "flavor_text": "The user creates a bizarre area in which Pok\u00e9mon\u2019s\nheld items lose their effects for five turns.",
      "language": {
        "name": "en",
        "url": "https://pokeapi.co/api/v2/language/9/"
      },
      "version_group": {
        "name": "sun-moon",
        "url": "https://pokeapi.co/api/v2/version-group/17/"
      }
    },
    {
      "flavor_text": "\u307e\u304b\u4e0d\u601d\u8b70\u306a\u3000\u7a7a\u9593\u3092\u3000\u3064\u304f\u308b\u3002\n\uff15\u30bf\u30fc\u30f3\u306e\u9593\u3000\u3059\u3079\u3066\u306e\u30dd\u30b1\u30e2\u30f3\u306e\n\u9053\u5177\u306e\u3000\u52b9\u679c\u304c\u3000\u306a\u304f\u306a\u308b\u3002",
      "language": {
        "name": "ja",
        "url": "https://pokeapi.co/api/v2/language/11/"
      },
      "version_group": {
        "name": "sun-moon",
        "url": "https://pokeapi.co/api/v2/version-group/17/"
      }
    },
    {
      "flavor_text": "\u5236\u9020\u51fa\u79bb\u5947\u7684\u7a7a\u95f4\u3002\n\u5728\uff15\u56de\u5408\u5185\u6240\u6709\u5b9d\u53ef\u68a6\n\u643a\u5e26\u9053\u5177\u7684\u6548\u679c\u90fd\u4f1a\u6d88\u5931\u3002",
      "language": {
        "name": "zh-Hans",
        "url": "https://pokeapi.co/api/v2/language/12/"
      },
      "version_group": {
        "name": "sun-moon",
        "url": "https://pokeapi.co/api/v2/version-group/17/"
      }
    },
    {
      "flavor_text": "\u307e\u304b\u3075\u3057\u304e\u306a\u3000\u304f\u3046\u304b\u3093\u3092\u3000\u3064\u304f\u308b\u3002\n\uff15\u30bf\u30fc\u30f3\u306e\u3042\u3044\u3060\u3000\u3059\u3079\u3066\u306e\u30dd\u30b1\u30e2\u30f3\u306e\n\u3069\u3046\u3050\u306e\u3000\u3053\u3046\u304b\u304c\u3000\u306a\u304f\u306a\u308b\u3002",
      "language": {
        "name": "ja-Hrkt",
        "url": "https://pokeapi.co/api/v2/language/1/"
      },
      "version_group": {
        "name": "ultra-sun-ultra-moon",
        "url": "https://pokeapi.co/api/v2/version-group/18/"
      }
    },
    {
      "flavor_text": "\uc774\uc0c1\ud55c \uacf5\uac04\uc744 \ub9cc\ub4e0\ub2e4.\n5\ud134 \ub3d9\uc548 \ubaa8\ub4e0 \ud3ec\ucf13\ubaac\uc758\n\ub3c4\uad6c\uc758 \ud6a8\uacfc\uac00 \uc0ac\ub77c\uc9c4\ub2e4.",
      "language": {
        "name": "ko",
        "url": "https://pokeapi.co/api/v2/language/3/"
      },
      "version_group": {
        "name": "ultra-sun-ultra-moon",
        "url": "https://pokeapi.co/api/v2/version-group/18/"
      }
    },
    {
      "flavor_text": "\u5275\u9020\u51fa\u975e\u5e38\u4e0d\u53ef\u601d\u8b70\u7684\u7a7a\u9593\u3002\n\u5728\uff15\u56de\u5408\u5167\uff0c\u6240\u6709\u5bf6\u53ef\u5922\n\u651c\u5e36\u7684\u9053\u5177\u90fd\u6703\u5931\u53bb\u6548\u679c\u3002",
      "language": {
        "name": "zh-Hant",
        "url": "https://pokeapi.co/api/v2/language/4/"
      },
      "version_group": {
        "name": "ultra-sun-ultra-moon",
        "url": "https://pokeapi.co/api/v2/version-group/18/"
      }
    },
    {
      "flavor_text": "Le lanceur cr\u00e9e une zone \u00e9trange.\nPendant cinq tours, les objets tenus par tous\nles Pok\u00e9mon n\u2019ont plus aucun effet.",
      "language": {
        "name": "fr",
        "url": "https://pokeapi.co/api/v2/language/5/"
      },
      "version_group": {
        "name": "ultra-sun-ultra-moon",
        "url": "https://pokeapi.co/api/v2/version-group/18/"
      }
    },
    {
      "flavor_text": "Anwender erzeugt einen bizarren Raum, in dem\n\u00fcber f\u00fcnf Runden die Wirkung aller von Pok\u00e9mon\ngetragenen Items aufgehoben ist.",
      "language": {
        "name": "de",
        "url": "https://pokeapi.co/api/v2/language/6/"
      },
      "version_group": {
        "name": "ultra-sun-ultra-moon",
        "url": "https://pokeapi.co/api/v2/version-group/18/"
      }
    },
    {
      "flavor_text": "Crea un espacio misterioso que inutiliza todos los \nobjetos de los Pok\u00e9mon durante cinco turnos.",
      "language": {
        "name": "es",
        "url": "https://pokeapi.co/api/v2/language/7/"
      },
      "version_group": {
        "name": "ultra-sun-ultra-moon",
        "url": "https://pokeapi.co/api/v2/version-group/18/"
      }
    },
    {
      "flavor_text": "Chi la usa crea una dimensione in cui l\u2019effetto\ndegli strumenti di tutti i Pok\u00e9mon \u00e8 annullato\nper cinque turni.",
      "language": {
        "name": "it",
        "url": "https://pokeapi.co/api/v2/language/8/"
      },
      "version_group": {
        "name": "ultra-sun-ultra-moon",
        "url": "https://pokeapi.co/api/v2/version-group/18/"
      }
    },
    {
      "flavor_text": "The user creates a bizarre area in which Pok\u00e9mon\u2019s\nheld items lose their effects for five turns.",
      "language": {
        "name": "en",
        "url": "https://pokeapi.co/api/v2/language/9/"
      },
      "version_group": {
        "name": "ultra-sun-ultra-moon",
        "url": "https://pokeapi.co/api/v2/version-group/18/"
      }
    },
    {
      "flavor_text": "\u307e\u304b\u4e0d\u601d\u8b70\u306a\u3000\u7a7a\u9593\u3092\u3000\u3064\u304f\u308b\u3002\n\uff15\u30bf\u30fc\u30f3\u306e\u9593\u3000\u3059\u3079\u3066\u306e\u30dd\u30b1\u30e2\u30f3\u306e\n\u9053\u5177\u306e\u3000\u52b9\u679c\u304c\u3000\u306a\u304f\u306a\u308b\u3002",
      "language": {
        "name": "ja",
        "url": "https://pokeapi.co/api/v2/language/11/"
      },
      "version_group": {
        "name": "ultra-sun-ultra-moon",
        "url": "https://pokeapi.co/api/v2/version-group/18/"
      }
    },
    {
      "flavor_text": "\u5236\u9020\u51fa\u79bb\u5947\u7684\u7a7a\u95f4\u3002\n\u5728\uff15\u56de\u5408\u5185\u6240\u6709\u5b9d\u53ef\u68a6\n\u643a\u5e26\u9053\u5177\u7684\u6548\u679c\u90fd\u4f1a\u6d88\u5931\u3002",
      "language": {
        "name": "zh-Hans",
        "url": "https://pokeapi.co/api/v2/language/12/"
      },
      "version_group": {
        "name": "ultra-sun-ultra-moon",
        "url": "https://pokeapi.co/api/v2/version-group/18/"
      }
    },
    {
      "flavor_text": "\u307e\u304b\u3075\u3057\u304e\u306a\u3000\u304f\u3046\u304b\u3093\u3092\u3000\u3064\u304f\u308b\u3002\n\uff15\u30bf\u30fc\u30f3\u306e\u3042\u3044\u3060\u3000\u3059\u3079\u3066\u306e\u30dd\u30b1\u30e2\u30f3\u306e\n\u3069\u3046\u3050\u306e\u3000\u3053\u3046\u304b\u304c\u3000\u306a\u304f\u306a\u308b\u3002",
      "language": {
        "name": "ja-Hrkt",
        "url": "https://pokeapi.co/api/v2/language/1/"
      },
      "version_group": {
        "name": "lets-go-pikachu-lets-go-eevee",
        "url": "https://pokeapi.co/api/v2/version-group/19/"
      }
    },
    {
      "flavor_text": "\uc774\uc0c1\ud55c \uacf5\uac04\uc744 \ub9cc\ub4e0\ub2e4.\n5\ud134 \ub3d9\uc548 \ubaa8\ub4e0 \ud3ec\ucf13\ubaac\uc758\n\ub3c4\uad6c\uc758 \ud6a8\uacfc\uac00 \uc0ac\ub77c\uc9c4\ub2e4.",
      "language": {
        "name": "ko",
        "url": "https://pokeapi.co/api/v2/language/3/"
      },
      "version_group": {
        "name": "lets-go-pikachu-lets-go-eevee",
        "url": "https://pokeapi.co/api/v2/version-group/19/"
      }
    },
    {
      "flavor_text": "\u5275\u9020\u51fa\u975e\u5e38\u4e0d\u53ef\u601d\u8b70\u7684\u7a7a\u9593\u3002\n\u5728\uff15\u56de\u5408\u5167\uff0c\u6240\u6709\u5bf6\u53ef\u5922\n\u651c\u5e36\u7684\u9053\u5177\u90fd\u6703\u5931\u53bb\u6548\u679c\u3002",
      "language": {
        "name": "zh-Hant",
        "url": "https://pokeapi.co/api/v2/language/4/"
      },
      "version_group": {
        "name": "lets-go-pikachu-lets-go-eevee",
        "url": "https://pokeapi.co/api/v2/version-group/19/"
      }
    },
    {
      "flavor_text": "Le lanceur cr\u00e9e une zone \u00e9trange.\nPendant cinq tours, les objets tenus par tous\nles Pok\u00e9mon n\u2019ont plus aucun effet.",
      "language": {
        "name": "fr",
        "url": "https://pokeapi.co/api/v2/language/5/"
      },
      "version_group": {
        "name": "lets-go-pikachu-lets-go-eevee",
        "url": "https://pokeapi.co/api/v2/version-group/19/"
      }
    },
    {
      "flavor_text": "Anwender erzeugt einen bizarren Raum, in dem\n\u00fcber f\u00fcnf Runden die Wirkung aller von Pok\u00e9mon\ngetragenen Items aufgehoben ist.",
      "language": {
        "name": "de",
        "url": "https://pokeapi.co/api/v2/language/6/"
      },
      "version_group": {
        "name": "lets-go-pikachu-lets-go-eevee",
        "url": "https://pokeapi.co/api/v2/version-group/19/"
      }
    },
    {
      "flavor_text": "Crea un espacio misterioso que inutiliza todos los \nobjetos de los Pok\u00e9mon durante cinco turnos.",
      "language": {
        "name": "es",
        "url": "https://pokeapi.co/api/v2/language/7/"
      },
      "version_group": {
        "name": "lets-go-pikachu-lets-go-eevee",
        "url": "https://pokeapi.co/api/v2/version-group/19/"
      }
    },
    {
      "flavor_text": "Chi la usa crea una dimensione in cui l\u2019effetto\ndegli strumenti di tutti i Pok\u00e9mon \u00e8 annullato\nper cinque turni.",
      "language": {
        "name": "it",
        "url": "https://pokeapi.co/api/v2/language/8/"
      },
      "version_group": {
        "name": "lets-go-pikachu-lets-go-eevee",
        "url": "https://pokeapi.co/api/v2/version-group/19/"
      }
    },
    {
      "flavor_text": "The user creates a bizarre area in which Pok\u00e9mon\u2019s\nheld items lose their effects for five turns.",
      "language": {
        "name": "en",
        "url": "https://pokeapi.co/api/v2/language/9/"
      },
      "version_group": {
        "name": "lets-go-pikachu-lets-go-eevee",
        "url": "https://pokeapi.co/api/v2/version-group/19/"
      }
    },
    {
      "flavor_text": "\u307e\u304b\u4e0d\u601d\u8b70\u306a\u3000\u7a7a\u9593\u3092\u3000\u3064\u304f\u308b\u3002\n\uff15\u30bf\u30fc\u30f3\u306e\u9593\u3000\u3059\u3079\u3066\u306e\u30dd\u30b1\u30e2\u30f3\u306e\n\u9053\u5177\u306e\u3000\u52b9\u679c\u304c\u3000\u306a\u304f\u306a\u308b\u3002",
      "language": {
        "name": "ja",
        "url": "https://pokeapi.co/api/v2/language/11/"
      },
      "version_group": {
        "name": "lets-go-pikachu-lets-go-eevee",
        "url": "https://pokeapi.co/api/v2/version-group/19/"
      }
    },
    {
      "flavor_text": "\u5236\u9020\u51fa\u79bb\u5947\u7684\u7a7a\u95f4\u3002\n\u5728\uff15\u56de\u5408\u5185\u6240\u6709\u5b9d\u53ef\u68a6\n\u643a\u5e26\u9053\u5177\u7684\u6548\u679c\u90fd\u4f1a\u6d88\u5931\u3002",
      "language": {
        "name": "zh-Hans",
        "url": "https://pokeapi.co/api/v2/language/12/"
      },
      "version_group": {
        "name": "lets-go-pikachu-lets-go-eevee",
        "url": "https://pokeapi.co/api/v2/version-group/19/"
      }
    },
    {
      "flavor_text": "\u307e\u304b\u3075\u3057\u304e\u306a\u3000\u304f\u3046\u304b\u3093\u3092\u3000\u3064\u304f\u308b\u3002\n\uff15\u30bf\u30fc\u30f3\u306e\u3042\u3044\u3060\u3000\u3059\u3079\u3066\u306e\u30dd\u30b1\u30e2\u30f3\u306e\n\u3069\u3046\u3050\u306e\u3000\u3053\u3046\u304b\u304c\u3000\u306a\u304f\u306a\u308b\u3002",
      "language": {
        "name": "ja-Hrkt",
        "url": "https://pokeapi.co/api/v2/language/1/"
      },
      "version_group": {
        "name": "sword-shield",
        "url": "https://pokeapi.co/api/v2/version-group/20/"
      }
    },
    {
      "flavor_text": "\uc774\uc0c1\ud55c \uacf5\uac04\uc744 \ub9cc\ub4e0\ub2e4.\n5\ud134 \ub3d9\uc548 \ubaa8\ub4e0 \ud3ec\ucf13\ubaac\uc758\n\ub3c4\uad6c\uc758 \ud6a8\uacfc\uac00 \uc0ac\ub77c\uc9c4\ub2e4.",
      "language": {
        "name": "ko",
        "url": "https://pokeapi.co/api/v2/language/3/"
      },
      "version_group": {
        "name": "sword-shield",
        "url": "https://pokeapi.co/api/v2/version-group/20/"
      }
    },
    {
      "flavor_text": "\u5275\u9020\u51fa\u975e\u5e38\u4e0d\u53ef\u601d\u8b70\u7684\u7a7a\u9593\u3002\n\u5728\uff15\u56de\u5408\u5167\uff0c\u6240\u6709\u5bf6\u53ef\u5922\n\u651c\u5e36\u7684\u9053\u5177\u90fd\u6703\u5931\u53bb\u6548\u679c\u3002",
      "language": {
        "name": "zh-Hant",
        "url": "https://pokeapi.co/api/v2/language/4/"
      },
      "version_group": {
        "name": "sword-shield",
        "url": "https://pokeapi.co/api/v2/version-group/20/"
      }
    },
    {
      "flavor_text": "Le lanceur cr\u00e9e une zone myst\u00e9rieuse o\u00f9 les objets\ntenus par tous les Pok\u00e9mon n\u2019ont plus aucun effet\npendant cinq tours.",
      "language": {
        "name": "fr",
        "url": "https://pokeapi.co/api/v2/language/5/"
      },
      "version_group": {
        "name": "sword-shield",
        "url": "https://pokeapi.co/api/v2/version-group/20/"
      }
    },
    {
      "flavor_text": "Anwender erzeugt einen bizarren Raum, in dem \u00fcber\nf\u00fcnf Runden die Wirkung aller von Pok\u00e9mon getragenen\nItems aufgehoben ist.",
      "language": {
        "name": "de",
        "url": "https://pokeapi.co/api/v2/language/6/"
      },
      "version_group": {
        "name": "sword-shield",
        "url": "https://pokeapi.co/api/v2/version-group/20/"
      }
    },
    {
      "flavor_text": "Crea un espacio misterioso que inutiliza todos los \nobjetos de los Pok\u00e9mon durante cinco turnos.",
      "language": {
        "name": "es",
        "url": "https://pokeapi.co/api/v2/language/7/"
      },
      "version_group": {
        "name": "sword-shield",
        "url": "https://pokeapi.co/api/v2/version-group/20/"
      }
    },
    {
      "flavor_text": "Chi la usa crea una dimensione in cui l\u2019effetto\ndegli strumenti di tutti i Pok\u00e9mon \u00e8 annullato\nper cinque turni.",
      "language": {
        "name": "it",
        "url": "https://pokeapi.co/api/v2/language/8/"
      },
      "version_group": {
        "name": "sword-shield",
        "url": "https://pokeapi.co/api/v2/version-group/20/"
      }
    },
    {
      "flavor_text": "The user creates a bizarre area in which Pok\u00e9mon\u2019s\nheld items lose their effects for five turns.",
      "language": {
        "name": "en",
        "url": "https://pokeapi.co/api/v2/language/9/"
      },
      "version_group": {
        "name": "sword-shield",
        "url": "https://pokeapi.co/api/v2/version-group/20/"
      }
    },
    {
      "flavor_text": "\u307e\u304b\u4e0d\u601d\u8b70\u306a\u3000\u7a7a\u9593\u3092\u3000\u3064\u304f\u308b\u3002\n\uff15\u30bf\u30fc\u30f3\u306e\u9593\u3000\u3059\u3079\u3066\u306e\u30dd\u30b1\u30e2\u30f3\u306e\n\u9053\u5177\u306e\u3000\u52b9\u679c\u304c\u3000\u306a\u304f\u306a\u308b\u3002",
      "language": {
        "name": "ja",
        "url": "https://pokeapi.co/api/v2/language/11/"
      },
      "version_group": {
        "name": "sword-shield",
        "url": "https://pokeapi.co/api/v2/version-group/20/"
      }
    },
    {
      "flavor_text": "\u5236\u9020\u51fa\u79bb\u5947\u7684\u7a7a\u95f4\u3002\n\u5728\uff15\u56de\u5408\u5185\u6240\u6709\u5b9d\u53ef\u68a6\n\u643a\u5e26\u9053\u5177\u7684\u6548\u679c\u90fd\u4f1a\u6d88\u5931\u3002",
      "language": {
        "name": "zh-Hans",
        "url": "https://pokeapi.co/api/v2/language/12/"
      },
      "version_group": {
        "name": "sword-shield",
        "url": "https://pokeapi.co/api/v2/version-group/20/"
      }
    },
    {
      "flavor_text": "The user creates a bizarre area in which Pok\u00e9mon's held items lose their effects for five turns.",
      "language": {
        "name": "en",
        "url": "https://pokeapi.co/api/v2/language/9/"
      },
      "version_group": {
        "name": "legends-arceus",
        "url": "https://pokeapi.co/api/v2/version-group/24/"
      }
    },
    {
      "flavor_text": "The user creates a bizarre area in which Pok\u00e9mon's held items lose their effects for five turns.",
      "language": {
        "name": "en",
        "url": "https://pokeapi.co/api/v2/language/9/"
      },
      "version_group": {
        "name": "scarlet-violet",
        "url": "https://pokeapi.co/api/v2/version-group/25/"
      }
    }
  ],
  "generation": {
    "name": "generation-v",
    "url": "https://pokeapi.co/api/v2/generation/5/"
  },
  "id": 478,
  "learned_by_pokemon": [
    {
      "name": "wigglytuff",
      "url": "https://pokeapi.co/api/v2/pokemon/40/"
    },
    {
      "name": "abra",
      "url": "https://pokeapi.co/api/v2/pokemon/63/"
    },
    {
      "name": "kadabra",
      "url": "https://pokeapi.co/api/v2/pokemon/64/"
    },
    {
      "name": "alakazam",
      "url": "https://pokeapi.co/api/v2/pokemon/65/"
    },
    {
      "name": "drowzee",
      "url": "https://pokeapi.co/api/v2/pokemon/96/"
    },
    {
      "name": "hypno",
      "url": "https://pokeapi.co/api/v2/pokemon/97/"
    },
    {
      "name": "mr-mime",
      "url": "https://pokeapi.co/api/v2/pokemon/122/"
    },
    {
      "name": "jynx",
      "url": "https://pokeapi.co/api/v2/pokemon/124/"
    },
    {
      "name": "mewtwo",
      "url": "https://pokeapi.co/api/v2/pokemon/150/"
    },
    {
      "name": "mew",
      "url": "https://pokeapi.co/api/v2/pokemon/151/"
    },
    {
      "name": "natu",
      "url": "https://pokeapi.co/api/v2/pokemon/177/"
    },
    {
      "name": "xatu",
      "url": "https://pokeapi.co/api/v2/pokemon/178/"
    },
    {
      "name": "espeon",
      "url": "https://pokeapi.co/api/v2/pokemon/196/"
    },
    {
      "name": "misdreavus",
      "url": "https://pokeapi.co/api/v2/pokemon/200/"
    },
    {
      "name": "stantler",
      "url": "https://pokeapi.co/api/v2/pokemon/234/"
    },
    {
      "name": "smoochum",
      "url": "https://pokeapi.co/api/v2/pokemon/238/"
    },
    {
      "name": "celebi",
      "url": "https://pokeapi.co/api/v2/pokemon/251/"
    },
    {
      "name": "ralts",
      "url": "https://pokeapi.co/api/v2/pokemon/280/"
    },
    {
      "name": "kirlia",
      "url": "https://pokeapi.co/api/v2/pokemon/281/"
    },
    {
      "name": "gardevoir",
      "url": "https://pokeapi.co/api/v2/pokemon/282/"
    },
    {
      "name": "lunatone",
      "url": "https://pokeapi.co/api/v2/pokemon/337/"
    },
    {
      "name": "shuppet",
      "url": "https://pokeapi.co/api/v2/pokemon/353/"
    },
    {
      "name": "banette",
      "url": "https://pokeapi.co/api/v2/pokemon/354/"
    },
    {
      "name": "latias",
      "url": "https://pokeapi.co/api/v2/pokemon/380/"
    },
    {
      "name": "jirachi",
      "url": "https://pokeapi.co/api/v2/pokemon/385/"
    },
    {
      "name": "mismagius",
      "url": "https://pokeapi.co/api/v2/pokemon/429/"
    },
    {
      "name": "mime-jr",
      "url": "https://pokeapi.co/api/v2/pokemon/439/"
    },
    {
      "name": "gallade",
      "url": "https://pokeapi.co/api/v2/pokemon/475/"
    },
    {
      "name": "uxie",
      "url": "https://pokeapi.co/api/v2/pokemon/480/"
    },
    {
      "name": "mesprit",
      "url": "https://pokeapi.co/api/v2/pokemon/481/"
    },
    {
      "name": "azelf",
      "url": "https://pokeapi.co/api/v2/pokemon/482/"
    },
    {
      "name": "cresselia",
      "url": "https://pokeapi.co/api/v2/pokemon/488/"
    },
    {
      "name": "sigilyph",
      "url": "https://pokeapi.co/api/v2/pokemon/561/"
    },
    {
      "name": "gothita",
      "url": "https://pokeapi.co/api/v2/pokemon/574/"
    },
    {
      "name": "gothorita",
      "url": "https://pokeapi.co/api/v2/pokemon/575/"
    },
    {
      "name": "gothitelle",
      "url": "https://pokeapi.co/api/v2/pokemon/576/"
    },
    {
      "name": "meloetta-aria",
      "url": "https://pokeapi.co/api/v2/pokemon/648/"
    },
    {
      "name": "fennekin",
      "url": "https://pokeapi.co/api/v2/pokemon/653/"
    },
    {
      "name": "braixen",
      "url": "https://pokeapi.co/api/v2/pokemon/654/"
    },
    {
      "name": "delphox",
      "url": "https://pokeapi.co/api/v2/pokemon/655/"
    },
    {
      "name": "espurr",
      "url": "https://pokeapi.co/api/v2/pokemon/677/"
    },
    {
      "name": "meowstic-male",
      "url": "https://pokeapi.co/api/v2/pokemon/678/"
    },
    {
      "name": "klefki",
      "url": "https://pokeapi.co/api/v2/pokemon/707/"
    },
    {
      "name": "hoopa",
      "url": "https://pokeapi.co/api/v2/pokemon/720/"
    },
    {
      "name": "cutiefly",
      "url": "https://pokeapi.co/api/v2/pokemon/742/"
    },
    {
      "name": "ribombee",
      "url": "https://pokeapi.co/api/v2/pokemon/743/"
    },
    {
      "name": "dewpider",
      "url": "https://pokeapi.co/api/v2/pokemon/751/"
    },
    {
      "name": "araquanid",
      "url": "https://pokeapi.co/api/v2/pokemon/752/"
    },
    {
      "name": "morelull",
      "url": "https://pokeapi.co/api/v2/pokemon/755/"
    },
    {
      "name": "shiinotic",
      "url": "https://pokeapi.co/api/v2/pokemon/756/"
    },
    {
      "name": "oranguru",
      "url": "https://pokeapi.co/api/v2/pokemon/765/"
    },
    {
      "name": "mimikyu-disguised",
      "url": "https://pokeapi.co/api/v2/pokemon/778/"
    },
    {
      "name": "bruxish",
      "url": "https://pokeapi.co/api/v2/pokemon/779/"
    },
    {
      "name": "tapu-lele",
      "url": "https://pokeapi.co/api/v2/pokemon/786/"
    },
    {
      "name": "tapu-fini",
      "url": "https://pokeapi.co/api/v2/pokemon/788/"
    },
    {
      "name": "lunala",
      "url": "https://pokeapi.co/api/v2/pokemon/792/"
    },
    {
      "name": "stakataka",
      "url": "https://pokeapi.co/api/v2/pokemon/805/"
    },
    {
      "name": "dottler",
      "url": "https://pokeapi.co/api/v2/pokemon/825/"
    },
    {
      "name": "orbeetle",
      "url": "https://pokeapi.co/api/v2/pokemon/826/"
    },
    {
      "name": "hatterene",
      "url": "https://pokeapi.co/api/v2/pokemon/858/"
    },
    {
      "name": "mr-rime",
      "url": "https://pokeapi.co/api/v2/pokemon/866/"
    },
    {
      "name": "alcremie",
      "url": "https://pokeapi.co/api/v2/pokemon/869/"
    },
    {
      "name": "indeedee-male",
      "url": "https://pokeapi.co/api/v2/pokemon/876/"
    },
    {
      "name": "calyrex",
      "url": "https://pokeapi.co/api/v2/pokemon/898/"
    },
    {
      "name": "meloetta-pirouette",
      "url": "https://pokeapi.co/api/v2/pokemon/10018/"
    },
    {
      "name": "meowstic-female",
      "url": "https://pokeapi.co/api/v2/pokemon/10025/"
    },
    {
      "name": "alakazam-mega",
      "url": "https://pokeapi.co/api/v2/pokemon/10037/"
    },
    {
      "name": "mewtwo-mega-x",
      "url": "https://pokeapi.co/api/v2/pokemon/10043/"
    },
    {
      "name": "mewtwo-mega-y",
      "url": "https://pokeapi.co/api/v2/pokemon/10044/"
    },
    {
      "name": "gardevoir-mega",
      "url": "https://pokeapi.co/api/v2/pokemon/10051/"
    },
    {
      "name": "banette-mega",
      "url": "https://pokeapi.co/api/v2/pokemon/10056/"
    },
    {
      "name": "latias-mega",
      "url": "https://pokeapi.co/api/v2/pokemon/10062/"
    },
    {
      "name": "gallade-mega",
      "url": "https://pokeapi.co/api/v2/pokemon/10068/"
    },
    {
      "name": "hoopa-unbound",
      "url": "https://pokeapi.co/api/v2/pokemon/10086/"
    },
    {
      "name": "raichu-alola",
      "url": "https://pokeapi.co/api/v2/pokemon/10100/"
    },
    {
      "name": "mimikyu-busted",
      "url": "https://pokeapi.co/api/v2/pokemon/10143/"
    },
    {
      "name": "mimikyu-totem-disguised",
      "url": "https://pokeapi.co/api/v2/pokemon/10144/"
    },
    {
      "name": "mimikyu-totem-busted",
      "url": "https://pokeapi.co/api/v2/pokemon/10145/"
    },
    {
      "name": "ribombee-totem",
      "url": "https://pokeapi.co/api/v2/pokemon/10150/"
    },
    {
      "name": "araquanid-totem",
      "url": "https://pokeapi.co/api/v2/pokemon/10153/"
    },
    {
      "name": "rapidash-galar",
      "url": "https://pokeapi.co/api/v2/pokemon/10163/"
    },
    {
      "name": "mr-mime-galar",
      "url": "https://pokeapi.co/api/v2/pokemon/10168/"
    },
    {
      "name": "calyrex-ice",
      "url": "https://pokeapi.co/api/v2/pokemon/10193/"
    },
    {
      "name": "calyrex-shadow",
      "url": "https://pokeapi.co/api/v2/pokemon/10194/"
    }
  ],
  "machines": [
    {
      "machine": {
        "url": "https://pokeapi.co/api/v2/machine/1231/"
      },
      "version_group": {
        "name": "sword-shield",
        "url": "https://pokeapi.co/api/v2/version-group/20/"
      }
    }
  ],
  "meta": {
    "ailment": {
      "name": "none",
      "url": "https://pokeapi.co/api/v2/move-ailment/0/"
    },
    "ailment_chance": 0,
    "category": {
      "name": "whole-field-effect",
      "url": "https://pokeapi.co/api/v2/move-category/10/"
    },
    "crit_rate": 0,
    "drain": 0,
    "flinch_chance": 0,
    "healing": 0,
    "max_hits": null,
    "max_turns": null,
    "min_hits": null,
    "min_turns": null,
    "stat_chance": 0
  },
  "name": "magic-room",
  "names": [
    {
      "language": {
        "name": "ja-Hrkt",
        "url": "https://pokeapi.co/api/v2/language/1/"
      },
      "name": "\u30de\u30b8\u30c3\u30af\u30eb\u30fc\u30e0"
    },
    {
      "language": {
        "name": "ko",
        "url": "https://pokeapi.co/api/v2/language/3/"
      },
      "name": "\ub9e4\uc9c1\ub8f8"
    },
    {
      "language": {
        "name": "zh-Hant",
        "url": "https://pokeapi.co/api/v2/language/4/"
      },
      "name": "\u9b54\u6cd5\u7a7a\u9593"
    },
    {
      "language": {
        "name": "fr",
        "url": "https://pokeapi.co/api/v2/language/5/"
      },
      "name": "Zone Magique"
    },
    {
      "language": {
        "name": "de",
        "url": "https://pokeapi.co/api/v2/language/6/"
      },
      "name": "Magieraum"
    },
    {
      "language": {
        "name": "es",
        "url": "https://pokeapi.co/api/v2/language/7/"
      },
      "name": "Zona M\u00e1gica"
    },
    {
      "language": {
        "name": "it",
        "url": "https://pokeapi.co/api/v2/language/8/"
      },
      "name": "Magicozona"
    },
    {
      "language": {
        "name": "en",
        "url": "https://pokeapi.co/api/v2/language/9/"
      },
      "name": "Magic Room"
    },
    {
      "language": {
        "name": "ja",
        "url": "https://pokeapi.co/api/v2/language/11/"
      },
      "name": "\u30de\u30b8\u30c3\u30af\u30eb\u30fc\u30e0"
    },
    {
      "language": {
        "name": "zh-Hans",
        "url": "https://pokeapi.co/api/v2/language/12/"
      },
      "name": "\u9b54\u6cd5\u7a7a\u95f4"
    }
  ],
  "past_values": [
    {
      "accuracy": null,
      "effect_chance": null,
      "effect_entries": [],
      "power": null,
      "pp": null,
      "type": null,
      "version_group": {
        "name": "x-y",
        "url": "https://pokeapi.co/api/v2/version-group/15/"
      }
    }
  ],
  "power": null,
  "pp": 10,
  "priority": 0,
  "stat_changes": [],
  "super_contest_effect": null,
  "target": {
    "name": "entire-field",
    "url": "https://pokeapi.co/api/v2/move-target/12/"
  },
  "type": {
    "name": "psychic",
    "url": "https://pokeapi.co/api/v2/type/14/"
  }
}