{
  "accuracy": 100,
  "contest_combos": {
    "normal": {
      "use_after": [
        {
          "name": "confusion",
          "url": "https://pokeapi.co/api/v2/move/93/"
        },
        {
          "name": "kinesis",
          "url": "https://pokeapi.co/api/v2/move/134/"
        },
        {
          "name": "calm-mind",
          "url": "https://pokeapi.co/api/v2/move/347/"
        }
      ],
      "use_before": [
        {
          "name": "confusion",
          "url": "https://pokeapi.co/api/v2/move/93/"
        },
        {
          "name": "teleport",
          "url": "https://pokeapi.co/api/v2/move/100/"
        },
        {
          "name": "kinesis",
          "url": "https://pokeapi.co/api/v2/move/134/"
        },
        {
          "name": "future-sight",
          "url": "https://pokeapi.co/api/v2/move/248/"
        }
      ]
    },
    "super": {
      "use_after": null,
      "use_before": null
    }
  },
  "contest_effect": {
    "url": "https://pokeapi.co/api/v2/contest-effect/5/"
  },
  "contest_type": {
    "name": "smart",
    "url": "https://pokeapi.co/api/v2/contest-type/4/"
  },
  "damage_class": {
    "name": "special",
    "url": "https://pokeapi.co/api/v2/move-damage-class/3/"
  },
  "effect_chance": 10,
  "effect_changes": [],
  "effect_entries": [
    {
      "effect": "Inflicts regular damage.  Has a 10% chance to lower the target\u2019s Special Defense by one stage.",
      "language": {
        "name": "en",
        "url": "https://pokeapi.co/api/v2/language/9/"
      },
      "short_effect": "Has a 10% chance to lower the target\u2019s Special Defense by one stage."
    }
  ],
  "flavor_text_entries": [
    {
      "flavor_text": "An attack that may\nlower SPCL.DEF.",
      "language": {
        "name": "en",
        "url": "https://pokeapi.co/api/v2/language/9/"
      },
      "version_group": {
        "name": "gold-silver",
        "url": "https://pokeapi.co/api/v2/version-group/3/"
      }
    },
    {
      "flavor_text": "An attack that may\nlower SPCL.DEF.",
      "language": {
        "name": "en",
        "url": "https://pokeapi.co/api/v2/language/9/"
      },
      "version_group": {
        "name": "crystal",
        "url": "https://pokeapi.co/api/v2/version-group/4/"
      }
    },
    {
      "flavor_text": "A powerful psychic attack\nthat may lower SP. DEF.",
      "language": {
        "name": "en",
        "url": "https://pokeapi.co/api/v2/language/9/"
      },
      "version_group": {
        "name": "ruby-sapphire",
        "url": "https://pokeapi.co/api/v2/version-group/5/"
      }
    },
    {
      "flavor_text": "A powerful psychic attack\nthat may lower SP. DEF.",
      "language": {
        "name": "en",
        "url": "https://pokeapi.co/api/v2/language/9/"
      },
      "version_group": {
        "name": "emerald",
        "url": "https://pokeapi.co/api/v2/version-group/6/"
      }
    },
    {
      "flavor_text": "A strong telekinetic\nattack. It may also\nlower the foe\u2019s\nSP. DEF stat.",
      "language": {
        "name": "en",
        "url": "https://pokeapi.co/api/v2/language/9/"
      },
      "version_group": {
        "name": "firered-leafgreen",
        "url": "https://pokeapi.co/api/v2/version-group/7/"
      }
    },
    {
      "flavor_text": "The foe is hit by a\nstrong telekinetic\nforce. It may also\nreduce the foe\u2019s\nSp. Def stat.",
      "language": {
        "name": "en",
        "url": "https://pokeapi.co/api/v2/language/9/"
      },
      "version_group": {
        "name": "diamond-pearl",
        "url": "https://pokeapi.co/api/v2/version-group/8/"
      }
    },
    {
      "flavor_text": "The foe is hit by a\nstrong telekinetic\nforce. It may also\nreduce the foe\u2019s\nSp. Def stat.",
      "language": {
        "name": "en",
        "url": "https://pokeapi.co/api/v2/language/9/"
      },
      "version_group": {
        "name": "platinum",
        "url": "https://pokeapi.co/api/v2/version-group/9/"
      }
    },
    {
      "flavor_text": "The foe is hit by a\nstrong telekinetic\nforce. It may also\nreduce the foe\u2019s\nSp. Def stat.",
      "language": {
        "name": "en",
        "url": "https://pokeapi.co/api/v2/language/9/"
      },
      "version_group": {
        "name": "heartgold-soulsilver",
        "url": "https://pokeapi.co/api/v2/version-group/10/"
      }
    },
    {
      "flavor_text": "Une puissante force t\u00e9l\u00e9kin\u00e9sique\nfrappe l\u2019ennemi. Peut aussi faire\nbaisser sa D\u00e9fense Sp\u00e9ciale.",
      "language": {
        "name": "fr",
        "url": "https://pokeapi.co/api/v2/language/5/"
      },
      "version_group": {
        "name": "black-white",
        "url": "https://pokeapi.co/api/v2/version-group/11/"
      }
    },
    {
      "flavor_text": "The target is hit by a strong telekinetic\nforce. It may also reduce the target\u2019s\nSp. Def stat.",
      "language": {
        "name": "en",
        "url": "https://pokeapi.co/api/v2/language/9/"
      },
      "version_group": {
        "name": "black-white",
        "url": "https://pokeapi.co/api/v2/version-group/11/"
      }
    },
    {
      "flavor_text": "The target is hit by a strong telekinetic\nforce. It may also reduce the target\u2019s\nSp. Def stat.",
      "language": {
        "name": "en",
        "url": "https://pokeapi.co/api/v2/language/9/"
      },
      "version_group": {
        "name": "black-2-white-2",
        "url": "https://pokeapi.co/api/v2/version-group/14/"
      }
    },
    {
      "flavor_text": "\u3064\u3088\u3044\u3000\u306d\u3093\u308a\u304d\u3092\u3000\u3042\u3044\u3066\u306b\u3000\u304a\u304f\u3063\u3066\n\u3053\u3046\u3052\u304d\u3059\u308b\u3002\u3042\u3044\u3066\u306e\u3000\u3068\u304f\u307c\u3046\u3092\n\u3055\u3052\u308b\u3053\u3068\u304c\u3000\u3042\u308b\u3002",
      "language": {
        "name": "ja-Hrkt",
        "url": "https://pokeapi.co/api/v2/language/1/"
      },
      "version_group": {
        "name": "x-y",
        "url": "https://pokeapi.co/api/v2/version-group/15/"
      }
    },
    {
      "flavor_text": "\uac15\ud55c \uc5fc\ub3d9\ub825\uc744 \uc0c1\ub300\uc5d0\uac8c \ubcf4\ub0b4\uc5b4\n\uacf5\uaca9\ud55c\ub2e4. \uc0c1\ub300\uc758 \ud2b9\uc218\ubc29\uc5b4\ub97c\n\ub5a8\uc5b4\ub728\ub9b4 \ub54c\uac00 \uc788\ub2e4.",
      "language": {
        "name": "ko",
        "url": "https://pokeapi.co/api/v2/language/3/"
      },
      "version_group": {
        "name": "x-y",
        "url": "https://pokeapi.co/api/v2/version-group/15/"
      }
    },
    {
      "flavor_text": "Une puissante force t\u00e9l\u00e9kin\u00e9sique frappe l\u2019ennemi.\nPeut aussi faire baisser sa D\u00e9fense Sp\u00e9ciale.",
      "language": {
        "name": "fr",
        "url": "https://pokeapi.co/api/v2/language/5/"
      },
      "version_group": {
        "name": "x-y",
        "url": "https://pokeapi.co/api/v2/version-group/15/"
      }
    },
    {
      "flavor_text": "Starke Psycho-Attacke, die eventuell die\nSpezial-Verteidigung des Zieles senkt.",
      "language": {
        "name": "de",
        "url": "https://pokeapi.co/api/v2/language/6/"
      },
      "version_group": {
        "name": "x-y",
        "url": "https://pokeapi.co/api/v2/version-group/15/"
      }
    },
    {
      "flavor_text": "Fuerte ataque telequin\u00e9tico que puede bajar la\nDefensa Especial del objetivo.",
      "language": {
        "name": "es",
        "url": "https://pokeapi.co/api/v2/language/7/"
      },
      "version_group": {
        "name": "x-y",
        "url": "https://pokeapi.co/api/v2/version-group/15/"
      }
    },
    {
      "flavor_text": "Il bersaglio viene colpito da una potente\nforza telecinetica che pu\u00f2 anche ridurne\nla Difesa Speciale.",
      "language": {
        "name": "it",
        "url": "https://pokeapi.co/api/v2/language/8/"
      },
      "version_group": {
        "name": "x-y",
        "url": "https://pokeapi.co/api/v2/version-group/15/"
      }
    },
    {
      "flavor_text": "The target is hit by a strong telekinetic\nforce. This may also lower the target\u2019s\nSp. Def stat.",
      "language": {
        "name": "en",
        "url": "https://pokeapi.co/api/v2/language/9/"
      },
      "version_group": {
        "name": "x-y",
        "url": "https://pokeapi.co/api/v2/version-group/15/"
      }
    },
    {
      "flavor_text": "\u5f37\u3044\u3000\u5ff5\u529b\u3092\u3000\u76f8\u624b\u306b\u3000\u9001\u3063\u3066\n\u653b\u6483\u3059\u308b\u3002\u76f8\u624b\u306e\u3000\u7279\u9632\u3092\n\u3055\u3052\u308b\u3053\u3068\u304c\u3000\u3042\u308b\u3002",
      "language": {
        "name": "ja",
        "url": "https://pokeapi.co/api/v2/language/11/"
      },
      "version_group": {
        "name": "x-y",
        "url": "https://pokeapi.co/api/v2/version-group/15/"
      }
    },
    {
      "flavor_text": "\u3064\u3088\u3044\u3000\u306d\u3093\u308a\u304d\u3092\u3000\u3042\u3044\u3066\u306b\u3000\u304a\u304f\u3063\u3066\n\u3053\u3046\u3052\u304d\u3059\u308b\u3002\u3042\u3044\u3066\u306e\u3000\u3068\u304f\u307c\u3046\u3092\n\u3055\u3052\u308b\u3053\u3068\u304c\u3000\u3042\u308b\u3002",
      "language": {
        "name": "ja-Hrkt",
        "url": "https://pokeapi.co/api/v2/language/1/"
      },
      "version_group": {
        "name": "omega-ruby-alpha-sapphire",
        "url": "https://pokeapi.co/api/v2/version-group/16/"
      }
    },
    {
      "flavor_text": "\uac15\ud55c \uc5fc\ub3d9\ub825\uc744 \uc0c1\ub300\uc5d0\uac8c \ubcf4\ub0b4\uc5b4\n\uacf5\uaca9\ud55c\ub2e4. \uc0c1\ub300\uc758 \ud2b9\uc218\ubc29\uc5b4\ub97c\n\ub5a8\uc5b4\ub728\ub9b4 \ub54c\uac00 \uc788\ub2e4.",
      "language": {
        "name": "ko",
        "url": "https://pokeapi.co/api/v2/language/3/"
      },
      "version_group": {
        "name": "omega-ruby-alpha-sapphire",
        "url": "https://pokeapi.co/api/v2/version-group/16/"
      }
    },
    {
      "flavor_text": "Une puissante force t\u00e9l\u00e9kin\u00e9tique frappe l\u2019ennemi.\nPeut aussi faire baisser sa D\u00e9fense Sp\u00e9ciale.",
      "language": {
        "name": "fr",
        "url": "https://pokeapi.co/api/v2/language/5/"
      },
      "version_group": {
        "name": "omega-ruby-alpha-sapphire",
        "url": "https://pokeapi.co/api/v2/version-group/16/"
      }
    },
    {
      "flavor_text": "Starke Psycho-Attacke, die eventuell die\nSpezial-Verteidigung des Zieles senkt.",
      "language": {
        "name": "de",
        "url": "https://pokeapi.co/api/v2/language/6/"
      },
      "version_group": {
        "name": "omega-ruby-alpha-sapphire",
        "url": "https://pokeapi.co/api/v2/version-group/16/"
      }
    },
    {
      "flavor_text": "Fuerte ataque telequin\u00e9tico que puede bajar la \nDefensa Especial del objetivo.",
      "language": {
        "name": "es",
        "url": "https://pokeapi.co/api/v2/language/7/"
      },
      "version_group": {
        "name": "omega-ruby-alpha-sapphire",
        "url": "https://pokeapi.co/api/v2/version-group/16/"
      }
    },
    {
      "flavor_text": "Il bersaglio viene colpito da una potente\nforza telecinetica che pu\u00f2 anche ridurne\nla Difesa Speciale.",
      "language": {
        "name": "it",
        "url": "https://pokeapi.co/api/v2/language/8/"
      },
      "version_group": {
        "name": "omega-ruby-alpha-sapphire",
        "url": "https://pokeapi.co/api/v2/version-group/16/"
      }
    },
    {
      "flavor_text": "The target is hit by a strong telekinetic\nforce. This may also lower the target\u2019s\nSp. Def stat.",
      "language": {
        "name": "en",
        "url": "https://pokeapi.co/api/v2/language/9/"
      },
      "version_group": {
        "name": "omega-ruby-alpha-sapphire",
        "url": "https://pokeapi.co/api/v2/version-group/16/"
      }
    },
    {
      "flavor_text": "\u5f37\u3044\u3000\u5ff5\u529b\u3092\u3000\u76f8\u624b\u306b\u3000\u9001\u3063\u3066\n\u653b\u6483\u3059\u308b\u3002\u76f8\u624b\u306e\u3000\u7279\u9632\u3092\n\u3055\u3052\u308b\u3053\u3068\u304c\u3000\u3042\u308b\u3002",
      "language": {
        "name": "ja",
        "url": "https://pokeapi.co/api/v2/language/11/"
      },
      "version_group": {
        "name": "omega-ruby-alpha-sapphire",
        "url": "https://pokeapi.co/api/v2/version-group/16/"
      }
    },
    {
      "flavor_text": "\u3064\u3088\u3044\u3000\u306d\u3093\u308a\u304d\u3092\u3000\u3042\u3044\u3066\u306b\u3000\u304a\u304f\u3063\u3066\n\u3053\u3046\u3052\u304d\u3059\u308b\u3002\u3000\u3042\u3044\u3066\u306e\u3000\u3068\u304f\u307c\u3046\u3092\n\u3055\u3052\u308b\u3053\u3068\u304c\u3000\u3042\u308b\u3002",
      "language": {
        "name": "ja-Hrkt",
        "url": "https://pokeapi.co/api/v2/language/1/"
      },
      "version_group": {
        "name": "sun-moon",
        "url": "https://pokeapi.co/api/v2/version-group/17/"
      }
    },
    {
      "flavor_text": "\uac15\ud55c \uc5fc\ub3d9\ub825\uc744 \uc0c1\ub300\uc5d0\uac8c \ubcf4\ub0b4\uc5b4\n\uacf5\uaca9\ud55c\ub2e4. \uc0c1\ub300\uc758 \ud2b9\uc218\ubc29\uc5b4\ub97c\n\ub5a8\uc5b4\ub728\ub9b4 \ub54c\uac00 \uc788\ub2e4.",
      "language": {
        "name": "ko",
        "url": "https://pokeapi.co/api/v2/language/3/"
      },
      "version_group": {
        "name": "sun-moon",
        "url": "https://pokeapi.co/api/v2/version-group/17/"
      }
    },
    {
      "flavor_text": "\u5411\u5c0d\u624b\u767c\u9001\n\u5f37\u5927\u7684\u5ff5\u529b\u9032\u884c\u653b\u64ca\u3002\n\u6709\u6642\u6703\u964d\u4f4e\u5c0d\u624b\u7684\u7279\u9632\u3002",
      "language": {
        "name": "zh-Hant",
        "url": "https://pokeapi.co/api/v2/language/4/"
      },
      "version_group": {
        "name": "sun-moon",
        "url": "https://pokeapi.co/api/v2/version-group/17/"
      }
    },
    {
      "flavor_text": "Une puissante force t\u00e9l\u00e9kin\u00e9tique frappe l\u2019ennemi.\nPeut aussi faire baisser sa D\u00e9fense Sp\u00e9ciale.",
      "language": {
        "name": "fr",
        "url": "https://pokeapi.co/api/v2/language/5/"
      },
      "version_group": {
        "name": "sun-moon",
        "url": "https://pokeapi.co/api/v2/version-group/17/"
      }
    },
    {
      "flavor_text": "Starke Psycho-Attacke, die eventuell die\nSpezial-Verteidigung des Zieles senkt.",
      "language": {
        "name": "de",
        "url": "https://pokeapi.co/api/v2/language/6/"
      },
      "version_group": {
        "name": "sun-moon",
        "url": "https://pokeapi.co/api/v2/version-group/17/"
      }
    },
    {
      "flavor_text": "Fuerte ataque telequin\u00e9tico que puede bajar la \nDefensa Especial del objetivo.",
      "language": {
        "name": "es",
        "url": "https://pokeapi.co/api/v2/language/7/"
      },
      "version_group": {
        "name": "sun-moon",
        "url": "https://pokeapi.co/api/v2/version-group/17/"
      }
    },
    {
      "flavor_text": "Il bersaglio viene colpito da una potente\nforza telecinetica che pu\u00f2 anche ridurne\nla Difesa Speciale.",
      "language": {
        "name": "it",
        "url": "https://pokeapi.co/api/v2/language/8/"
      },
      "version_group": {
        "name": "sun-moon",
        "url": "https://pokeapi.co/api/v2/version-group/17/"
      }
    },
    {
      "flavor_text": "The target is hit by a strong telekinetic force.\nThis may also lower the target\u2019s Sp. Def stat.",
      "language": {
        "name": "en",
        "url": "https://pokeapi.co/api/v2/language/9/"
      },
      "version_group": {
        "name": "sun-moon",
        "url": "https://pokeapi.co/api/v2/version-group/17/"
      }
    },
    {
      "flavor_text": "\u5f37\u3044\u3000\u5ff5\u529b\u3092\u3000\u76f8\u624b\u306b\u3000\u9001\u3063\u3066\n\u653b\u6483\u3059\u308b\u3002\u3000\u76f8\u624b\u306e\u3000\u7279\u9632\u3092\n\u3055\u3052\u308b\u3053\u3068\u304c\u3000\u3042\u308b\u3002",
      "language": {
        "name": "ja",
        "url": "https://pokeapi.co/api/v2/language/11/"
      },
      "version_group": {
        "name": "sun-moon",
        "url": "https://pokeapi.co/api/v2/version-group/17/"
      }
    },
    {
      "flavor_text": "\u5411\u5bf9\u624b\u53d1\u9001\n\u5f3a\u5927\u7684\u5ff5\u529b\u8fdb\u884c\u653b\u51fb\u3002\n\u6709\u65f6\u4f1a\u964d\u4f4e\u5bf9\u624b\u7684\u7279\u9632\u3002",
      "language": {
        "name": "zh-Hans",
        "url": "https://pokeapi.co/api/v2/language/12/"
      },
      "version_group": {
        "name": "sun-moon",
        "url": "https://pokeapi.co/api/v2/version-group/17/"
      }
    },
    {
      "flavor_text": "\u3064\u3088\u3044\u3000\u306d\u3093\u308a\u304d\u3092\u3000\u3042\u3044\u3066\u306b\u3000\u304a\u304f\u3063\u3066\n\u3053\u3046\u3052\u304d\u3059\u308b\u3002\u3000\u3042\u3044\u3066\u306e\u3000\u3068\u304f\u307c\u3046\u3092\n\u3055\u3052\u308b\u3053\u3068\u304c\u3000\u3042\u308b\u3002",
      "language": {
        "name": "ja-Hrkt",
        "url": "https://pokeapi.co/api/v2/language/1/"
      },
      "version_group": {
        "name": "ultra-sun-ultra-moon",
        "url": "https://pokeapi.co/api/v2/version-group/18/"
      }
    },
    {
      "flavor_text": "\uac15\ud55c \uc5fc\ub3d9\ub825\uc744 \uc0c1\ub300\uc5d0\uac8c \ubcf4\ub0b4\uc5b4\n\uacf5\uaca9\ud55c\ub2e4. \uc0c1\ub300\uc758 \ud2b9\uc218\ubc29\uc5b4\ub97c\n\ub5a8\uc5b4\ub728\ub9b4 \ub54c\uac00 \uc788\ub2e4.",
      "language": {
        "name": "ko",
        "url": "https://pokeapi.co/api/v2/language/3/"
      },
      "version_group": {
        "name": "ultra-sun-ultra-moon",
        "url": "https://pokeapi.co/api/v2/version-group/18/"
      }
    },
    {
      "flavor_text": "\u5411\u5c0d\u624b\u767c\u9001\n\u5f37\u5927\u7684\u5ff5\u529b\u9032\u884c\u653b\u64ca\u3002\n\u6709\u6642\u6703\u964d\u4f4e\u5c0d\u624b\u7684\u7279\u9632\u3002",
      "language": {
        "name": "zh-Hant",
        "url": "https://pokeapi.co/api/v2/language/4/"
      },
      "version_group": {
        "name": "ultra-sun-ultra-moon",
        "url": "https://pokeapi.co/api/v2/version-group/18/"
      }
    },
    {
      "flavor_text": "Une puissante force t\u00e9l\u00e9kin\u00e9tique frappe l\u2019ennemi.\nPeut aussi faire baisser sa D\u00e9fense Sp\u00e9ciale.",
      "language": {
        "name": "fr",
        "url": "https://pokeapi.co/api/v2/language/5/"
      },
      "version_group": {
        "name": "ultra-sun-ultra-moon",
        "url": "https://pokeapi.co/api/v2/version-group/18/"
      }
    },
    {
      "flavor_text": "Starke Psycho-Attacke, die eventuell die\nSpezial-Verteidigung des Zieles senkt.",
      "language": {
        "name": "de",
        "url": "https://pokeapi.co/api/v2/language/6/"
      },
      "version_group": {
        "name": "ultra-sun-ultra-moon",
        "url": "https://pokeapi.co/api/v2/version-group/18/"
      }
    },
    {
      "flavor_text": "Fuerte ataque telequin\u00e9tico que puede bajar la \nDefensa Especial del objetivo.",
      "language": {
        "name": "es",
        "url": "https://pokeapi.co/api/v2/language/7/"
      },
      "version_group": {
        "name": "ultra-sun-ultra-moon",
        "url": "https://pokeapi.co/api/v2/version-group/18/"
      }
    },
    {
      "flavor_text": "Il bersaglio viene colpito da una potente\nforza telecinetica che pu\u00f2 anche ridurne\nla Difesa Speciale.",
      "language": {
        "name": "it",
        "url": "https://pokeapi.co/api/v2/language/8/"
      },
      "version_group": {
        "name": "ultra-sun-ultra-moon",
        "url": "https://pokeapi.co/api/v2/version-group/18/"
      }
    },
    {
      "flavor_text": "The target is hit by a strong telekinetic force.\nThis may also lower the target\u2019s Sp. Def stat.",
      "language": {
        "name": "en",
        "url": "https://pokeapi.co/api/v2/language/9/"
      },
      "version_group": {
        "name": "ultra-sun-ultra-moon",
        "url": "https://pokeapi.co/api/v2/version-group/18/"
      }
    },
    {
      "flavor_text": "\u5f37\u3044\u3000\u5ff5\u529b\u3092\u3000\u76f8\u624b\u306b\u3000\u9001\u3063\u3066\n\u653b\u6483\u3059\u308b\u3002\u3000\u76f8\u624b\u306e\u3000\u7279\u9632\u3092\n\u3055\u3052\u308b\u3053\u3068\u304c\u3000\u3042\u308b\u3002",
      "language": {
        "name": "ja",
        "url": "https://pokeapi.co/api/v2/language/11/"
      },
      "version_group": {
        "name": "ultra-sun-ultra-moon",
        "url": "https://pokeapi.co/api/v2/version-group/18/"
      }
    },
    {
      "flavor_text": "\u5411\u5bf9\u624b\u53d1\u9001\n\u5f3a\u5927\u7684\u5ff5\u529b\u8fdb\u884c\u653b\u51fb\u3002\n\u6709\u65f6\u4f1a\u964d\u4f4e\u5bf9\u624b\u7684\u7279\u9632\u3002",
      "language": {
        "name": "zh-Hans",
        "url": "https://pokeapi.co/api/v2/language/12/"
      },
      "version_group": {
        "name": "ultra-sun-ultra-moon",
        "url": "https://pokeapi.co/api/v2/version-group/18/"
      }
    },
    {
      "flavor_text": "\u3064\u3088\u3044\u3000\u306d\u3093\u308a\u304d\u3092\u3000\u3042\u3044\u3066\u306b\u3000\u304a\u304f\u3063\u3066\n\u3053\u3046\u3052\u304d\u3059\u308b\u3002\u3000\u3042\u3044\u3066\u306e\u3000\u3068\u304f\u307c\u3046\u3092\n\u3055\u3052\u308b\u3053\u3068\u304c\u3000\u3042\u308b\u3002",
      "language": {
        "name": "ja-Hrkt",
        "url": "https://pokeapi.co/api/v2/language/1/"
      },
      "version_group": {
        "name": "lets-go-pikachu-lets-go-eevee",
        "url": "https://pokeapi.co/api/v2/version-group/19/"
      }
    },
    {
      "flavor_text": "\uac15\ud55c \uc5fc\ub3d9\ub825\uc744 \uc0c1\ub300\uc5d0\uac8c \ubcf4\ub0b4\uc5b4\n\uacf5\uaca9\ud55c\ub2e4. \uc0c1\ub300\uc758 \ud2b9\uc218\ubc29\uc5b4\ub97c\n\ub5a8\uc5b4\ub728\ub9b4 \ub54c\uac00 \uc788\ub2e4.",
      "language": {
        "name": "ko",
        "url": "https://pokeapi.co/api/v2/language/3/"
      },
      "version_group": {
        "name": "lets-go-pikachu-lets-go-eevee",
        "url": "https://pokeapi.co/api/v2/version-group/19/"
      }
    },
    {
      "flavor_text": "\u5411\u5c0d\u624b\u767c\u9001\n\u5f37\u5927\u7684\u5ff5\u529b\u9032\u884c\u653b\u64ca\u3002\n\u6709\u6642\u6703\u964d\u4f4e\u5c0d\u624b\u7684\u7279\u9632\u3002",
      "language": {
        "name": "zh-Hant",
        "url": "https://pokeapi.co/api/v2/language/4/"
      },
      "version_group": {
        "name": "lets-go-pikachu-lets-go-eevee",
        "url": "https://pokeapi.co/api/v2/version-group/19/"
      }
    },
    {
      "flavor_text": "Une puissante force t\u00e9l\u00e9kin\u00e9tique frappe l\u2019ennemi.\nPeut aussi faire baisser sa D\u00e9fense Sp\u00e9ciale.",
      "language": {
        "name": "fr",
        "url": "https://pokeapi.co/api/v2/language/5/"
      },
      "version_group": {
        "name": "lets-go-pikachu-lets-go-eevee",
        "url": "https://pokeapi.co/api/v2/version-group/19/"
      }
    },
    {
      "flavor_text": "Starke Psycho-Attacke, die eventuell die\nSpezial-Verteidigung des Zieles senkt.",
      "language": {
        "name": "de",
        "url": "https://pokeapi.co/api/v2/language/6/"
      },
      "version_group": {
        "name": "lets-go-pikachu-lets-go-eevee",
        "url": "https://pokeapi.co/api/v2/version-group/19/"
      }
    },
    {
      "flavor_text": "Fuerte ataque telequin\u00e9tico que puede bajar la \nDefensa Especial del objetivo.",
      "language": {
        "name": "es",
        "url": "https://pokeapi.co/api/v2/language/7/"
      },
      "version_group": {
        "name": "lets-go-pikachu-lets-go-eevee",
        "url": "https://pokeapi.co/api/v2/version-group/19/"
      }
    },
    {
      "flavor_text": "Il bersaglio viene colpito da una potente\nforza telecinetica che pu\u00f2 anche ridurne\nla Difesa Speciale.",
      "language": {
        "name": "it",
        "url": "https://pokeapi.co/api/v2/language/8/"
      },
      "version_group": {
        "name": "lets-go-pikachu-lets-go-eevee",
        "url": "https://pokeapi.co/api/v2/version-group/19/"
      }
    },
    {
      "flavor_text": "The target is hit by a strong telekinetic force.\nThis may also lower the target\u2019s Sp. Def stat.",
      "language": {
        "name": "en",
        "url": "https://pokeapi.co/api/v2/language/9/"
      },
      "version_group": {
        "name": "lets-go-pikachu-lets-go-eevee",
        "url": "https://pokeapi.co/api/v2/version-group/19/"
      }
    },
    {
      "flavor_text": "\u5f37\u3044\u3000\u5ff5\u529b\u3092\u3000\u76f8\u624b\u306b\u3000\u9001\u3063\u3066\n\u653b\u6483\u3059\u308b\u3002\u3000\u76f8\u624b\u306e\u3000\u7279\u9632\u3092\n\u3055\u3052\u308b\u3053\u3068\u304c\u3000\u3042\u308b\u3002",
      "language": {
        "name": "ja",
        "url": "https://pokeapi.co/api/v2/language/11/"
      },
      "version_group": {
        "name": "lets-go-pikachu-lets-go-eevee",
        "url": "https://pokeapi.co/api/v2/version-group/19/"
      }
    },
    {
      "flavor_text": "\u5411\u5bf9\u624b\u53d1\u9001\n\u5f3a\u5927\u7684\u5ff5\u529b\u8fdb\u884c\u653b\u51fb\u3002\n\u6709\u65f6\u4f1a\u964d\u4f4e\u5bf9\u624b\u7684\u7279\u9632\u3002",
      "language": {
        "name": "zh-Hans",
        "url": "https://pokeapi.co/api/v2/language/12/"
      },
      "version_group": {
        "name": "lets-go-pikachu-lets-go-eevee",
        "url": "https://pokeapi.co/api/v2/version-group/19/"
      }
    },
    {
      "flavor_text": "\u3064\u3088\u3044\u3000\u306d\u3093\u308a\u304d\u3092\u3000\u3042\u3044\u3066\u306b\u3000\u304a\u304f\u3063\u3066\n\u3053\u3046\u3052\u304d\u3059\u308b\u3002\u3000\u3042\u3044\u3066\u306e\u3000\u3068\u304f\u307c\u3046\u3092\n\u3055\u3052\u308b\u3053\u3068\u304c\u3000\u3042\u308b\u3002",
      "language": {
        "name": "ja-Hrkt",
        "url": "https://pokeapi.co/api/v2/language/1/"
      },
      "version_group": {
        "name": "sword-shield",
        "url": "https://pokeapi.co/api/v2/version-group/20/"
      }
    },
    {
      "flavor_text": "\uac15\ud55c \uc5fc\ub3d9\ub825\uc744 \uc0c1\ub300\uc5d0\uac8c \ubcf4\ub0b4\uc5b4\n\uacf5\uaca9\ud55c\ub2e4. \uc0c1\ub300\uc758 \ud2b9\uc218\ubc29\uc5b4\ub97c\n\ub5a8\uc5b4\ub728\ub9b4 \ub54c\uac00 \uc788\ub2e4.",
      "language": {
        "name": "ko",
        "url": "https://pokeapi.co/api/v2/language/3/"
      },
      "version_group": {
        "name": "sword-shield",
        "url": "https://pokeapi.co/api/v2/version-group/20/"
      }
    },
    {
      "flavor_text": "\u5411\u5c0d\u624b\u767c\u9001\n\u5f37\u5927\u7684\u5ff5\u529b\u9032\u884c\u653b\u64ca\u3002\n\u6709\u6642\u6703\u964d\u4f4e\u5c0d\u624b\u7684\u7279\u9632\u3002",
      "language": {
        "name": "zh-Hant",
        "url": "https://pokeapi.co/api/v2/language/4/"
      },
      "version_group": {
        "name": "sword-shield",
        "url": "https://pokeapi.co/api/v2/version-group/20/"
      }
    },
    {
      "flavor_text": "Une puissante force t\u00e9l\u00e9kin\u00e9tique frappe l\u2019ennemi.\nPeut aussi faire baisser sa D\u00e9fense Sp\u00e9ciale.",
      "language": {
        "name": "fr",
        "url": "https://pokeapi.co/api/v2/language/5/"
      },
      "version_group": {
        "name": "sword-shield",
        "url": "https://pokeapi.co/api/v2/version-group/20/"
      }
    },
    {
      "flavor_text": "Starke Psycho-Attacke, die eventuell die\nSpezial-Verteidigung des Zieles senkt.",
      "language": {
        "name": "de",
        "url": "https://pokeapi.co/api/v2/language/6/"
      },
      "version_group": {
        "name": "sword-shield",
        "url": "https://pokeapi.co/api/v2/version-group/20/"
      }
    },
    {
      "flavor_text": "Fuerte ataque telequin\u00e9tico que puede bajar la\nDefensa Especial del objetivo.",
      "language": {
        "name": "es",
        "url": "https://pokeapi.co/api/v2/language/7/"
      },
      "version_group": {
        "name": "sword-shield",
        "url": "https://pokeapi.co/api/v2/version-group/20/"
      }
    },
    {
      "flavor_text": "Il bersaglio viene colpito da una potente\nforza telecinetica che pu\u00f2 anche ridurne\nla Difesa Speciale.",
      "language": {
        "name": "it",
        "url": "https://pokeapi.co/api/v2/language/8/"
      },
      "version_group": {
        "name": "sword-shield",
        "url": "https://pokeapi.co/api/v2/version-group/20/"
      }
    },
    {
      "flavor_text": "The target is hit by a strong telekinetic force.\nThis may also lower the target\u2019s Sp. Def stat.",
      "language": {
        "name": "en",
        "url": "https://pokeapi.co/api/v2/language/9/"
      },
      "version_group": {
        "name": "sword-shield",
        "url": "https://pokeapi.co/api/v2/version-group/20/"
      }
    },
    {
      "flavor_text": "\u5f37\u3044\u3000\u5ff5\u529b\u3092\u3000\u76f8\u624b\u306b\u3000\u9001\u3063\u3066\n\u653b\u6483\u3059\u308b\u3002\u3000\u76f8\u624b\u306e\u3000\u7279\u9632\u3092\n\u3055\u3052\u308b\u3053\u3068\u304c\u3000\u3042\u308b\u3002",
      "language": {
        "name": "ja",
        "url": "https://pokeapi.co/api/v2/language/11/"
      },
      "version_group": {
        "name": "sword-shield",
        "url": "https://pokeapi.co/api/v2/version-group/20/"
      }
    },
    {
      "flavor_text": "\u5411\u5bf9\u624b\u53d1\u9001\n\u5f3a\u5927\u7684\u5ff5\u529b\u8fdb\u884c\u653b\u51fb\u3002\n\u6709\u65f6\u4f1a\u964d\u4f4e\u5bf9\u624b\u7684\u7279\u9632\u3002",
      "language": {
        "name": "zh-Hans",
        "url": "https://pokeapi.co/api/v2/language/12/"
      },
      "version_group": {
        "name": "sword-shield",
        "url": "https://pokeapi.co/api/v2/version-group/20/"
      }
    },
    {
      "flavor_text": "The target is hit with a strong telekinetic force to inflict damage. This may also lower the target\u2019s defensive stats.",
      "language": {
        "name": "en",
        "url": "https://pokeapi.co/api/v2/language/9/"
      },
      "version_group": {
        "name": "legends-arceus",
        "url": "https://pokeapi.co/api/v2/version-group/24/"
      }
    },
    {
      "flavor_text": "The target is hit with a strong telekinetic force to inflict damage. This may also lower the target\u2019s Sp. Def stat.",
      "language": {
        "name": "en",
        "url": "https://pokeapi.co/api/v2/language/9/"
      },
      "version_group": {
        "name": "scarlet-violet",
        "url": "https://pokeapi.co/api/v2/version-group/25/"
      }
    }
  ],
  "generation": {
    "name": "generation-i",
    "url": "https://pokeapi.co/api/v2/generation/1/"
  },
  "id": 94,
  "learned_by_pokemon": [
    {
      "name": "butterfree",
      "url": "https://pokeapi.co/api/v2/pokemon/12/"
    },
    {
      "name": "clefairy",
      "url": "https://pokeapi.co/api/v2/pokemon/35/"
    },
    {
      "name": "clefable",
      "url": "https://pokeapi.co/api/v2/pokemon/36/"
    },
    {
      "name": "jigglypuff",
      "url": "https://pokeapi.co/api/v2/pokemon/39/"
    },
    {
      "name": "wigglytuff",
      "url": "https://pokeapi.co/api/v2/pokemon/40/"
    },
    {
      "name": "venonat",
      "url": "https://pokeapi.co/api/v2/pokemon/48/"
    },
    {
      "name": "venomoth",
      "url": "https://pokeapi.co/api/v2/pokemon/49/"
    },
    {
      "name": "psyduck",
      "url": "https://pokeapi.co/api/v2/pokemon/54/"
    },
    {
      "name": "golduck",
      "url": "https://pokeapi.co/api/v2/pokemon/55/"
    },
    {
      "name": "poliwag",
      "url": "https://pokeapi.co/api/v2/pokemon/60/"
    },
    {
      "name": "poliwhirl",
      "url": "https://pokeapi.co/api/v2/pokemon/61/"
    },
    {
      "name": "poliwrath",
      "url": "https://pokeapi.co/api/v2/pokemon/62/"
    },
    {
      "name": "abra",
      "url": "https://pokeapi.co/api/v2/pokemon/63/"
    },
    {
      "name": "kadabra",
      "url": "https://pokeapi.co/api/v2/pokemon/64/"
    },
    {
      "name": "alakazam",
      "url": "https://pokeapi.co/api/v2/pokemon/65/"
    },
    {
      "name": "slowpoke",
      "url": "https://pokeapi.co/api/v2/pokemon/79/"
    },
    {
      "name": "slowbro",
      "url": "https://pokeapi.co/api/v2/pokemon/80/"
    },
    {
      "name": "gastly",
      "url": "https://pokeapi.co/api/v2/pokemon/92/"
    },
    {
      "name": "haunter",
      "url": "https://pokeapi.co/api/v2/pokemon/93/"
    },
    {
      "name": "gengar",
      "url": "https://pokeapi.co/api/v2/pokemon/94/"
    },
    {
      "name": "drowzee",
      "url": "https://pokeapi.co/api/v2/pokemon/96/"
    },
    {
      "name": "hypno",
      "url": "https://pokeapi.co/api/v2/pokemon/97/"
    },
    {
      "name": "exeggcute",
      "url": "https://pokeapi.co/api/v2/pokemon/102/"
    },
    {
      "name": "exeggutor",
      "url": "https://pokeapi.co/api/v2/pokemon/103/"
    },
    {
      "name": "chansey",
      "url": "https://pokeapi.co/api/v2/pokemon/113/"
    },
    {
      "name": "staryu",
      "url": "https://pokeapi.co/api/v2/pokemon/120/"
    },
    {
      "name": "starmie",
      "url": "https://pokeapi.co/api/v2/pokemon/121/"
    },
    {
      "name": "mr-mime",
      "url": "https://pokeapi.co/api/v2/pokemon/122/"
    },
    {
      "name": "jynx",
      "url": "https://pokeapi.co/api/v2/pokemon/124/"
    },
    {
      "name": "electabuzz",
      "url": "https://pokeapi.co/api/v2/pokemon/125/"
    },
    {
      "name": "magmar",
      "url": "https://pokeapi.co/api/v2/pokemon/126/"
    },
    {
      "name": "lapras",
      "url": "https://pokeapi.co/api/v2/pokemon/131/"
    },
    {
      "name": "porygon",
      "url": "https://pokeapi.co/api/v2/pokemon/137/"
    },
    {
      "name": "snorlax",
      "url": "https://pokeapi.co/api/v2/pokemon/143/"
    },
    {
      "name": "mewtwo",
      "url": "https://pokeapi.co/api/v2/pokemon/150/"
    },
    {
      "name": "mew",
      "url": "https://pokeapi.co/api/v2/pokemon/151/"
    },
    {
      "name": "hoothoot",
      "url": "https://pokeapi.co/api/v2/pokemon/163/"
    },
    {
      "name": "noctowl",
      "url": "https://pokeapi.co/api/v2/pokemon/164/"
    },
    {
      "name": "spinarak",
      "url": "https://pokeapi.co/api/v2/pokemon/167/"
    },
    {
      "name": "ariados",
      "url": "https://pokeapi.co/api/v2/pokemon/168/"
    },
    {
      "name": "cleffa",
      "url": "https://pokeapi.co/api/v2/pokemon/173/"
    },
    {
      "name": "igglybuff",
      "url": "https://pokeapi.co/api/v2/pokemon/174/"
    },
    {
      "name": "togepi",
      "url": "https://pokeapi.co/api/v2/pokemon/175/"
    },
    {
      "name": "togetic",
      "url": "https://pokeapi.co/api/v2/pokemon/176/"
    },
    {
      "name": "natu",
      "url": "https://pokeapi.co/api/v2/pokemon/177/"
    },
    {
      "name": "xatu",
      "url": "https://pokeapi.co/api/v2/pokemon/178/"
    },
    {
      "name": "politoed",
      "url": "https://pokeapi.co/api/v2/pokemon/186/"
    },
    {
      "name": "yanma",
      "url": "https://pokeapi.co/api/v2/pokemon/193/"
    },
    {
      "name": "espeon",
      "url": "https://pokeapi.co/api/v2/pokemon/196/"
    },
    {
      "name": "umbreon",
      "url": "https://pokeapi.co/api/v2/pokemon/197/"
    },
    {
      "name": "murkrow",
      "url": "https://pokeapi.co/api/v2/pokemon/198/"
    },
    {
      "name": "slowking",
      "url": "https://pokeapi.co/api/v2/pokemon/199/"
    },
    {
      "name": "misdreavus",
      "url": "https://pokeapi.co/api/v2/pokemon/200/"
    },
    {
      "name": "girafarig",
      "url": "https://pokeapi.co/api/v2/pokemon/203/"
    },
    {
      "name": "corsola",
      "url": "https://pokeapi.co/api/v2/pokemon/222/"
    },
    {
      "name": "remoraid",
      "url": "https://pokeapi.co/api/v2/pokemon/223/"
    },
    {
      "name": "octillery",
      "url": "https://pokeapi.co/api/v2/pokemon/224/"
    },
    {
      "name": "porygon2",
      "url": "https://pokeapi.co/api/v2/pokemon/233/"
    },
    {
      "name": "stantler",
      "url": "https://pokeapi.co/api/v2/pokemon/234/"
    },
    {
      "name": "smoochum",
      "url": "https://pokeapi.co/api/v2/pokemon/238/"
    },
    {
      "name": "elekid",
      "url": "https://pokeapi.co/api/v2/pokemon/239/"
    },
    {
      "name": "magby",
      "url": "https://pokeapi.co/api/v2/pokemon/240/"
    },
    {
      "name": "blissey",
      "url": "https://pokeapi.co/api/v2/pokemon/242/"
    },
    {
      "name": "lugia",
      "url": "https://pokeapi.co/api/v2/pokemon/249/"
    },
    {
      "name": "ho-oh",
      "url": "https://pokeapi.co/api/v2/pokemon/250/"
    },
    {
      "name": "celebi",
      "url": "https://pokeapi.co/api/v2/pokemon/251/"
    },
    {
      "name": "beautifly",
      "url": "https://pokeapi.co/api/v2/pokemon/267/"
    },
    {
      "name": "dustox",
      "url": "https://pokeapi.co/api/v2/pokemon/269/"
    },
    {
      "name": "ralts",
      "url": "https://pokeapi.co/api/v2/pokemon/280/"
    },
    {
      "name": "kirlia",
      "url": "https://pokeapi.co/api/v2/pokemon/281/"
    },
    {
      "name": "gardevoir",
      "url": "https://pokeapi.co/api/v2/pokemon/282/"
    },
    {
      "name": "sableye",
      "url": "https://pokeapi.co/api/v2/pokemon/302/"
    },
    {
      "name": "meditite",
      "url": "https://pokeapi.co/api/v2/pokemon/307/"
    },
    {
      "name": "medicham",
      "url": "https://pokeapi.co/api/v2/pokemon/308/"
    },
    {
      "name": "spoink",
      "url": "https://pokeapi.co/api/v2/pokemon/325/"
    },
    {
      "name": "grumpig",
      "url": "https://pokeapi.co/api/v2/pokemon/326/"
    },
    {
      "name": "spinda",
      "url": "https://pokeapi.co/api/v2/pokemon/327/"
    },
    {
      "name": "lunatone",
      "url": "https://pokeapi.co/api/v2/pokemon/337/"
    },
    {
      "name": "solrock",
      "url": "https://pokeapi.co/api/v2/pokemon/338/"
    },
    {
      "name": "baltoy",
      "url": "https://pokeapi.co/api/v2/pokemon/343/"
    },
    {
      "name": "claydol",
      "url": "https://pokeapi.co/api/v2/pokemon/344/"
    },
    {
      "name": "shuppet",
      "url": "https://pokeapi.co/api/v2/pokemon/353/"
    },
    {
      "name": "banette",
      "url": "https://pokeapi.co/api/v2/pokemon/354/"
    },
    {
      "name": "duskull",
      "url": "https://pokeapi.co/api/v2/pokemon/355/"
    },
    {
      "name": "dusclops",
      "url": "https://pokeapi.co/api/v2/pokemon/356/"
    },
    {
      "name": "chimecho",
      "url": "https://pokeapi.co/api/v2/pokemon/358/"
    },
    {
      "name": "gorebyss",
      "url": "https://pokeapi.co/api/v2/pokemon/368/"
    },
    {
      "name": "metang",
      "url": "https://pokeapi.co/api/v2/pokemon/375/"
    },
    {
      "name": "metagross",
      "url": "https://pokeapi.co/api/v2/pokemon/376/"
    },
    {
      "name": "latias",
      "url": "https://pokeapi.co/api/v2/pokemon/380/"
    },
    {
      "name": "latios",
      "url": "https://pokeapi.co/api/v2/pokemon/381/"
    },
    {
      "name": "jirachi",
      "url": "https://pokeapi.co/api/v2/pokemon/385/"
    },
    {
      "name": "deoxys-normal",
      "url": "https://pokeapi.co/api/v2/pokemon/386/"
    },
    {
      "name": "wormadam-plant",
      "url": "https://pokeapi.co/api/v2/pokemon/413/"
    },
    {
      "name": "mothim",
      "url": "https://pokeapi.co/api/v2/pokemon/414/"
    },
    {
      "name": "drifloon",
      "url": "https://pokeapi.co/api/v2/pokemon/425/"
    },
    {
      "name": "drifblim",
      "url": "https://pokeapi.co/api/v2/pokemon/426/"
    },
    {
      "name": "mismagius",
      "url": "https://pokeapi.co/api/v2/pokemon/429/"
    },
    {
      "name": "honchkrow",
      "url": "https://pokeapi.co/api/v2/pokemon/430/"
    },
    {
      "name": "chingling",
      "url": "https://pokeapi.co/api/v2/pokemon/433/"
    },
    {
      "name": "bronzor",
      "url": "https://pokeapi.co/api/v2/pokemon/436/"
    },
    {
      "name": "bronzong",
      "url": "https://pokeapi.co/api/v2/pokemon/437/"
    },
    {
      "name": "mime-jr",
      "url": "https://pokeapi.co/api/v2/pokemon/439/"
    },
    {
      "name": "happiny",
      "url": "https://pokeapi.co/api/v2/pokemon/440/"
    },
    {
      "name": "spiritomb",
      "url": "https://pokeapi.co/api/v2/pokemon/442/"
    },
    {
      "name": "munchlax",
      "url": "https://pokeapi.co/api/v2/pokemon/446/"
    },
    {
      "name": "lucario",
      "url": "https://pokeapi.co/api/v2/pokemon/448/"
    },
    {
      "name": "electivire",
      "url": "https://pokeapi.co/api/v2/pokemon/466/"
    },
    {
      "name": "magmortar",
      "url": "https://pokeapi.co/api/v2/pokemon/467/"
    },
    {
      "name": "togekiss",
      "url": "https://pokeapi.co/api/v2/pokemon/468/"
    },
    {
      "name": "yanmega",
      "url": "https://pokeapi.co/api/v2/pokemon/469/"
    },
    {
      "name": "porygon-z",
      "url": "https://pokeapi.co/api/v2/pokemon/474/"
    },
    {
      "name": "gallade",
      "url": "https://pokeapi.co/api/v2/pokemon/475/"
    },
    {
      "name": "dusknoir",
      "url": "https://pokeapi.co/api/v2/pokemon/477/"
    },
    {
      "name": "froslass",
      "url": "https://pokeapi.co/api/v2/pokemon/478/"
    },
    {
      "name": "uxie",
      "url": "https://pokeapi.co/api/v2/pokemon/480/"
    },
    {
      "name": "mesprit",
      "url": "https://pokeapi.co/api/v2/pokemon/481/"
    },
    {
      "name": "azelf",
      "url": "https://pokeapi.co/api/v2/pokemon/482/"
    },
    {
      "name": "giratina-altered",
      "url": "https://pokeapi.co/api/v2/pokemon/487/"
    },
    {
      "name": "cresselia",
      "url": "https://pokeapi.co/api/v2/pokemon/488/"
    },
    {
      "name": "manaphy",
      "url": "https://pokeapi.co/api/v2/pokemon/490/"
    },
    {
      "name": "darkrai",
      "url": "https://pokeapi.co/api/v2/pokemon/491/"
    },
    {
      "name": "shaymin-land",
      "url": "https://pokeapi.co/api/v2/pokemon/492/"
    },
    {
      "name": "arceus",
      "url": "https://pokeapi.co/api/v2/pokemon/493/"
    },
    {
      "name": "victini",
      "url": "https://pokeapi.co/api/v2/pokemon/494/"
    },
    {
      "name": "munna",
      "url": "https://pokeapi.co/api/v2/pokemon/517/"
    },
    {
      "name": "musharna",
      "url": "https://pokeapi.co/api/v2/pokemon/518/"
    },
    {
      "name": "woobat",
      "url": "https://pokeapi.co/api/v2/pokemon/527/"
    },
    {
      "name": "swoobat",
      "url": "https://pokeapi.co/api/v2/pokemon/528/"
    },
    {
      "name": "audino",
      "url": "https://pokeapi.co/api/v2/pokemon/531/"
    },
    {
      "name": "whimsicott",
      "url": "https://pokeapi.co/api/v2/pokemon/547/"
    },
    {
      "name": "darmanitan-standard",
      "url": "https://pokeapi.co/api/v2/pokemon/555/"
    },
    {
      "name": "sigilyph",
      "url": "https://pokeapi.co/api/v2/pokemon/561/"
    },
    {
      "name": "yamask",
      "url": "https://pokeapi.co/api/v2/pokemon/562/"
    },
    {
      "name": "cofagrigus",
      "url": "https://pokeapi.co/api/v2/pokemon/563/"
    },
    {
      "name": "garbodor",
      "url": "https://pokeapi.co/api/v2/pokemon/569/"
    },
    {
      "name": "zoroark",
      "url": "https://pokeapi.co/api/v2/pokemon/571/"
    },
    {
      "name": "gothita",
      "url": "https://pokeapi.co/api/v2/pokemon/574/"
    },
    {
      "name": "gothorita",
      "url": "https://pokeapi.co/api/v2/pokemon/575/"
    },
    {
      "name": "gothitelle",
      "url": "https://pokeapi.co/api/v2/pokemon/576/"
    },
    {
      "name": "solosis",
      "url": "https://pokeapi.co/api/v2/pokemon/577/"
    },
    {
      "name": "duosion",
      "url": "https://pokeapi.co/api/v2/pokemon/578/"
    },
    {
      "name": "reuniclus",
      "url": "https://pokeapi.co/api/v2/pokemon/579/"
    },
    {
      "name": "frillish",
      "url": "https://pokeapi.co/api/v2/pokemon/592/"
    },
    {
      "name": "jellicent",
      "url": "https://pokeapi.co/api/v2/pokemon/593/"
    },
    {
      "name": "alomomola",
      "url": "https://pokeapi.co/api/v2/pokemon/594/"
    },
    {
      "name": "elgyem",
      "url": "https://pokeapi.co/api/v2/pokemon/605/"
    },
    {
      "name": "beheeyem",
      "url": "https://pokeapi.co/api/v2/pokemon/606/"
    },
    {
      "name": "litwick",
      "url": "https://pokeapi.co/api/v2/pokemon/607/"
    },
    {
      "name": "lampent",
      "url": "https://pokeapi.co/api/v2/pokemon/608/"
    },
    {
      "name": "chandelure",
      "url": "https://pokeapi.co/api/v2/pokemon/609/"
    },
    {
      "name": "golett",
      "url": "https://pokeapi.co/api/v2/pokemon/622/"
    },
    {
      "name": "golurk",
      "url": "https://pokeapi.co/api/v2/pokemon/623/"
    },
    {
      "name": "larvesta",
      "url": "https://pokeapi.co/api/v2/pokemon/636/"
    },
    {
      "name": "volcarona",
      "url": "https://pokeapi.co/api/v2/pokemon/637/"
    },
    {
      "name": "tornadus-incarnate",
      "url": "https://pokeapi.co/api/v2/pokemon/641/"
    },
    {
      "name": "thundurus-incarnate",
      "url": "https://pokeapi.co/api/v2/pokemon/642/"
    },
    {
      "name": "reshiram",
      "url": "https://pokeapi.co/api/v2/pokemon/643/"
    },
    {
      "name": "zekrom",
      "url": "https://pokeapi.co/api/v2/pokemon/644/"
    },
    {
      "name": "landorus-incarnate",
      "url": "https://pokeapi.co/api/v2/pokemon/645/"
    },
    {
      "name": "kyurem",
      "url": "https://pokeapi.co/api/v2/pokemon/646/"
    },
    {
      "name": "meloetta-aria",
      "url": "https://pokeapi.co/api/v2/pokemon/648/"
    },
    {
      "name": "genesect",
      "url": "https://pokeapi.co/api/v2/pokemon/649/"
    },
    {
      "name": "fennekin",
      "url": "https://pokeapi.co/api/v2/pokemon/653/"
    },
    {
      "name": "braixen",
      "url": "https://pokeapi.co/api/v2/pokemon/654/"
    },
    {
      "name": "delphox",
      "url": "https://pokeapi.co/api/v2/pokemon/655/"
    },
    {
      "name": "vivillon",
      "url": "https://pokeapi.co/api/v2/pokemon/666/"
    },
    {
      "name": "flabebe",
      "url": "https://pokeapi.co/api/v2/pokemon/669/"
    },
    {
      "name": "floette",
      "url": "https://pokeapi.co/api/v2/pokemon/670/"
    },
    {
      "name": "florges",
      "url": "https://pokeapi.co/api/v2/pokemon/671/"
    },
    {
      "name": "espurr",
      "url": "https://pokeapi.co/api/v2/pokemon/677/"
    },
    {
      "name": "meowstic-male",
      "url": "https://pokeapi.co/api/v2/pokemon/678/"
    },
    {
      "name": "spritzee",
      "url": "https://pokeapi.co/api/v2/pokemon/682/"
    },
    {
      "name": "aromatisse",
      "url": "https://pokeapi.co/api/v2/pokemon/683/"
    },
    {
      "name": "swirlix",
      "url": "https://pokeapi.co/api/v2/pokemon/684/"
    },
    {
      "name": "slurpuff",
      "url": "https://pokeapi.co/api/v2/pokemon/685/"
    },
    {
      "name": "inkay",
      "url": "https://pokeapi.co/api/v2/pokemon/686/"
    },
    {
      "name": "malamar",
      "url": "https://pokeapi.co/api/v2/pokemon/687/"
    },
    {
      "name": "aurorus",
      "url": "https://pokeapi.co/api/v2/pokemon/699/"
    },
    {
      "name": "sylveon",
      "url": "https://pokeapi.co/api/v2/pokemon/700/"
    },
    {
      "name": "carbink",
      "url": "https://pokeapi.co/api/v2/pokemon/703/"
    },
    {
      "name": "klefki",
      "url": "https://pokeapi.co/api/v2/pokemon/707/"
    },
    {
      "name": "phantump",
      "url": "https://pokeapi.co/api/v2/pokemon/708/"
    },
    {
      "name": "trevenant",
      "url": "https://pokeapi.co/api/v2/pokemon/709/"
    },
    {
      "name": "pumpkaboo-average",
      "url": "https://pokeapi.co/api/v2/pokemon/710/"
    },
    {
      "name": "gourgeist-average",
      "url": "https://pokeapi.co/api/v2/pokemon/711/"
    },
    {
      "name": "noibat",
      "url": "https://pokeapi.co/api/v2/pokemon/714/"
    },
    {
      "name": "noivern",
      "url": "https://pokeapi.co/api/v2/pokemon/715/"
    },
    {
      "name": "xerneas",
      "url": "https://pokeapi.co/api/v2/pokemon/716/"
    },
    {
      "name": "yveltal",
      "url": "https://pokeapi.co/api/v2/pokemon/717/"
    },
    {
      "name": "diancie",
      "url": "https://pokeapi.co/api/v2/pokemon/719/"
    },
    {
      "name": "hoopa",
      "url": "https://pokeapi.co/api/v2/pokemon/720/"
    },
    {
      "name": "primarina",
      "url": "https://pokeapi.co/api/v2/pokemon/730/"
    },
    {
      "name": "cutiefly",
      "url": "https://pokeapi.co/api/v2/pokemon/742/"
    },
    {
      "name": "ribombee",
      "url": "https://pokeapi.co/api/v2/pokemon/743/"
    },
    {
      "name": "oranguru",
      "url": "https://pokeapi.co/api/v2/pokemon/765/"
    },
    {
      "name": "sandygast",
      "url": "https://pokeapi.co/api/v2/pokemon/769/"
    },
    {
      "name": "palossand",
      "url": "https://pokeapi.co/api/v2/pokemon/770/"
    },
    {
      "name": "minior-red-meteor",
      "url": "https://pokeapi.co/api/v2/pokemon/774/"
    },
    {
      "name": "mimikyu-disguised",
      "url": "https://pokeapi.co/api/v2/pokemon/778/"
    },
    {
      "name": "bruxish",
      "url": "https://pokeapi.co/api/v2/pokemon/779/"
    },
    {
      "name": "tapu-lele",
      "url": "https://pokeapi.co/api/v2/pokemon/786/"
    },
    {
      "name": "solgaleo",
      "url": "https://pokeapi.co/api/v2/pokemon/791/"
    },
    {
      "name": "lunala",
      "url": "https://pokeapi.co/api/v2/pokemon/792/"
    },
    {
      "name": "nihilego",
      "url": "https://pokeapi.co/api/v2/pokemon/793/"
    },
    {
      "name": "necrozma",
      "url": "https://pokeapi.co/api/v2/pokemon/800/"
    },
    {
      "name": "magearna",
      "url": "https://pokeapi.co/api/v2/pokemon/801/"
    },
    {
      "name": "blacephalon",
      "url": "https://pokeapi.co/api/v2/pokemon/806/"
    },
    {
      "name": "dottler",
      "url": "https://pokeapi.co/api/v2/pokemon/825/"
    },
    {
      "name": "orbeetle",
      "url": "https://pokeapi.co/api/v2/pokemon/826/"
    },
    {
      "name": "thievul",
      "url": "https://pokeapi.co/api/v2/pokemon/828/"
    },
    {
      "name": "sinistea",
      "url": "https://pokeapi.co/api/v2/pokemon/854/"
    },
    {
      "name": "polteageist",
      "url": "https://pokeapi.co/api/v2/pokemon/855/"
    },
    {
      "name": "hatenna",
      "url": "https://pokeapi.co/api/v2/pokemon/856/"
    },
    {
      "name": "hattrem",
      "url": "https://pokeapi.co/api/v2/pokemon/857/"
    },
    {
      "name": "hatterene",
      "url": "https://pokeapi.co/api/v2/pokemon/858/"
    },
    {
      "name": "cursola",
      "url": "https://pokeapi.co/api/v2/pokemon/864/"
    },
    {
      "name": "mr-rime",
      "url": "https://pokeapi.co/api/v2/pokemon/866/"
    },
    {
      "name": "runerigus",
      "url": "https://pokeapi.co/api/v2/pokemon/867/"
    },
    {
      "name": "alcremie",
      "url": "https://pokeapi.co/api/v2/pokemon/869/"
    },
    {
      "name": "indeedee-male",
      "url": "https://pokeapi.co/api/v2/pokemon/876/"
    },
    {
      "name": "spectrier",
      "url": "https://pokeapi.co/api/v2/pokemon/897/"
    },
    {
      "name": "calyrex",
      "url": "https://pokeapi.co/api/v2/pokemon/898/"
    },
    {
      "name": "wyrdeer",
      "url": "https://pokeapi.co/api/v2/pokemon/899/"
    },
    {
      "name": "enamorus-incarnate",
      "url": "https://pokeapi.co/api/v2/pokemon/905/"
    },
    {
      "name": "armarouge",
      "url": "https://pokeapi.co/api/v2/pokemon/936/"
    },
    {
      "name": "rabsca",
      "url": "https://pokeapi.co/api/v2/pokemon/954/"
    },
    {
      "name": "flittle",
      "url": "https://pokeapi.co/api/v2/pokemon/955/"
    },
    {
      "name": "espathra",
      "url": "https://pokeapi.co/api/v2/pokemon/956/"
    },
    {
      "name": "veluza",
      "url": "https://pokeapi.co/api/v2/pokemon/976/"
    },
    {
      "name": "farigiraf",
      "url": "https://pokeapi.co/api/v2/pokemon/981/"
    },
    {
      "name": "scream-tail",
      "url": "https://pokeapi.co/api/v2/pokemon/985/"
    },
    {
      "name": "iron-moth",
      "url": "https://pokeapi.co/api/v2/pokemon/994/"
    },
    {
      "name": "gholdengo",
      "url": "https://pokeapi.co/api/v2/pokemon/1000/"
    },
    {
      "name": "chi-yu",
      "url": "https://pokeapi.co/api/v2/pokemon/1004/"
    },
    {
      "name": "iron-valiant",
      "url": "https://pokeapi.co/api/v2/pokemon/1006/"
    },
    {
      "name": "munkidori",
      "url": "https://pokeapi.co/api/v2/pokemon/1015/"
    },
    {
      "name": "iron-boulder",
      "url": "https://pokeapi.co/api/v2/pokemon/1022/"
    },
    {
      "name": "iron-crown",
      "url": "https://pokeapi.co/api/v2/pokemon/1023/"
    },
    {
      "name": "deoxys-attack",
      "url": "https://pokeapi.co/api/v2/pokemon/10001/"
    },
    {
      "name": "deoxys-defense",
      "url": "https://pokeapi.co/api/v2/pokemon/10002/"
    },
    {
      "name": "deoxys-speed",
      "url": "https://pokeapi.co/api/v2/pokemon/10003/"
    },
    {
      "name": "wormadam-sandy",
      "url": "https://pokeapi.co/api/v2/pokemon/10004/"
    },
    {
      "name": "wormadam-trash",
      "url": "https://pokeapi.co/api/v2/pokemon/10005/"
    },
    {
      "name": "shaymin-sky",
      "url": "https://pokeapi.co/api/v2/pokemon/10006/"
    },
    {
      "name": "giratina-origin",
      "url": "https://pokeapi.co/api/v2/pokemon/10007/"
    },
    {
      "name": "darmanitan-zen",
      "url": "https://pokeapi.co/api/v2/pokemon/10017/"
    },
    {
      "name": "meloetta-pirouette",
      "url": "https://pokeapi.co/api/v2/pokemon/10018/"
    },
    {
      "name": "tornadus-therian",
      "url": "https://pokeapi.co/api/v2/pokemon/10019/"
    },
    {
      "name": "thundurus-therian",
      "url": "https://pokeapi.co/api/v2/pokemon/10020/"
    },
    {
      "name": "landorus-therian",
      "url": "https://pokeapi.co/api/v2/pokemon/10021/"
    },
    {
      "name": "kyurem-black",
      "url": "https://pokeapi.co/api/v2/pokemon/10022/"
    },
    {
      "name": "kyurem-white",
      "url": "https://pokeapi.co/api/v2/pokemon/10023/"
    },
    {
      "name": "meowstic-female",
      "url": "https://pokeapi.co/api/v2/pokemon/10025/"
    },
    {
      "name": "pumpkaboo-small",
      "url": "https://pokeapi.co/api/v2/pokemon/10027/"
    },
    {
      "name": "pumpkaboo-large",
      "url": "https://pokeapi.co/api/v2/pokemon/10028/"
    },
    {
      "name": "pumpkaboo-super",
      "url": "https://pokeapi.co/api/v2/pokemon/10029/"
    },
    {
      "name": "gourgeist-small",
      "url": "https://pokeapi.co/api/v2/pokemon/10030/"
    },
    {
      "name": "gourgeist-large",
      "url": "https://pokeapi.co/api/v2/pokemon/10031/"
    },
    {
      "name": "gourgeist-super",
      "url": "https://pokeapi.co/api/v2/pokemon/10032/"
    },
    {
      "name": "alakazam-mega",
      "url": "https://pokeapi.co/api/v2/pokemon/10037/"
    },
    {
      "name": "gengar-mega",
      "url": "https://pokeapi.co/api/v2/pokemon/10038/"
    },
    {
      "name": "mewtwo-mega-x",
      "url": "https://pokeapi.co/api/v2/pokemon/10043/"
    },
    {
      "name": "mewtwo-mega-y",
      "url": "https://pokeapi.co/api/v2/pokemon/10044/"
    },
    {
      "name": "gardevoir-mega",
      "url": "https://pokeapi.co/api/v2/pokemon/10051/"
    },
    {
      "name": "medicham-mega",
      "url": "https://pokeapi.co/api/v2/pokemon/10054/"
    },
    {
      "name": "banette-mega",
      "url": "https://pokeapi.co/api/v2/pokemon/10056/"
    },
    {
      "name": "lucario-mega",
      "url": "https://pokeapi.co/api/v2/pokemon/10059/"
    },
    {
      "name": "floette-eternal",
      "url": "https://pokeapi.co/api/v2/pokemon/10061/"
    },
    {
      "name": "latias-mega",
      "url": "https://pokeapi.co/api/v2/pokemon/10062/"
    },
    {
      "name": "latios-mega",
      "url": "https://pokeapi.co/api/v2/pokemon/10063/"
    },
    {
      "name": "sableye-mega",
      "url": "https://pokeapi.co/api/v2/pokemon/10066/"
    },
    {
      "name": "gallade-mega",
      "url": "https://pokeapi.co/api/v2/pokemon/10068/"
    },
    {
      "name": "audino-mega",
      "url": "https://pokeapi.co/api/v2/pokemon/10069/"
    },
    {
      "name": "slowbro-mega",
      "url": "https://pokeapi.co/api/v2/pokemon/10071/"
    },
    {
      "name": "diancie-mega",
      "url": "https://pokeapi.co/api/v2/pokemon/10075/"
    },
    {
      "name": "metagross-mega",
      "url": "https://pokeapi.co/api/v2/pokemon/10076/"
    },
    {
      "name": "hoopa-unbound",
      "url": "https://pokeapi.co/api/v2/pokemon/10086/"
    },
    {
      "name": "raichu-alola",
      "url": "https://pokeapi.co/api/v2/pokemon/10100/"
    },
    {
      "name": "exeggutor-alola",
      "url": "https://pokeapi.co/api/v2/pokemon/10114/"
    },
    {
      "name": "minior-orange-meteor",
      "url": "https://pokeapi.co/api/v2/pokemon/10130/"
    },
    {
      "name": "minior-yellow-meteor",
      "url": "https://pokeapi.co/api/v2/pokemon/10131/"
    },
    {
      "name": "minior-green-meteor",
      "url": "https://pokeapi.co/api/v2/pokemon/10132/"
    },
    {
      "name": "minior-blue-meteor",
      "url": "https://pokeapi.co/api/v2/pokemon/10133/"
    },
    {
      "name": "minior-indigo-meteor",
      "url": "https://pokeapi.co/api/v2/pokemon/10134/"
    },
    {
      "name": "minior-violet-meteor",
      "url": "https://pokeapi.co/api/v2/pokemon/10135/"
    },
    {
      "name": "minior-red",
      "url": "https://pokeapi.co/api/v2/pokemon/10136/"
    },
    {
      "name": "minior-orange",
      "url": "https://pokeapi.co/api/v2/pokemon/10137/"
    },
    {
      "name": "minior-yellow",
      "url": "https://pokeapi.co/api/v2/pokemon/10138/"
    },
    {
      "name": "minior-green",
      "url": "https://pokeapi.co/api/v2/pokemon/10139/"
    },
    {
      "name": "minior-blue",
      "url": "https://pokeapi.co/api/v2/pokemon/10140/"
    },
    {
      "name": "minior-indigo",
      "url": "https://pokeapi.co/api/v2/pokemon/10141/"
    },
    {
      "name": "minior-violet",
      "url": "https://pokeapi.co/api/v2/pokemon/10142/"
    },
    {
      "name": "mimikyu-busted",
      "url": "https://pokeapi.co/api/v2/pokemon/10143/"
    },
    {
      "name": "mimikyu-totem-disguised",
      "url": "https://pokeapi.co/api/v2/pokemon/10144/"
    },
    {
      "name": "mimikyu-totem-busted",
      "url": "https://pokeapi.co/api/v2/pokemon/10145/"
    },
    {
      "name": "magearna-original",
      "url": "https://pokeapi.co/api/v2/pokemon/10147/"
    },
    {
      "name": "ribombee-totem",
      "url": "https://pokeapi.co/api/v2/pokemon/10150/"
    },
    {
      "name": "necrozma-dusk",
      "url": "https://pokeapi.co/api/v2/pokemon/10155/"
    },
    {
      "name": "necrozma-dawn",
      "url": "https://pokeapi.co/api/v2/pokemon/10156/"
    },
    {
      "name": "necrozma-ultra",
      "url": "https://pokeapi.co/api/v2/pokemon/10157/"
    },
    {
      "name": "ponyta-galar",
      "url": "https://pokeapi.co/api/v2/pokemon/10162/"
    },
    {
      "name": "rapidash-galar",
      "url": "https://pokeapi.co/api/v2/pokemon/10163/"
    },
    {
      "name": "slowpoke-galar",
      "url": "https://pokeapi.co/api/v2/pokemon/10164/"
    },
    {
      "name": "slowbro-galar",
      "url": "https://pokeapi.co/api/v2/pokemon/10165/"
    },
    {
      "name": "mr-mime-galar",
      "url": "https://pokeapi.co/api/v2/pokemon/10168/"
    },
    {
      "name": "articuno-galar",
      "url": "https://pokeapi.co/api/v2/pokemon/10169/"
    },
    {
      "name": "slowking-galar",
      "url": "https://pokeapi.co/api/v2/pokemon/10172/"
    },
    {
      "name": "corsola-galar",
      "url": "https://pokeapi.co/api/v2/pokemon/10173/"
    },
    {
      "name": "darmanitan-galar-standard",
      "url": "https://pokeapi.co/api/v2/pokemon/10177/"
    },
    {
      "name": "darmanitan-galar-zen",
      "url": "https://pokeapi.co/api/v2/pokemon/10178/"
    },
    {
      "name": "yamask-galar",
      "url": "https://pokeapi.co/api/v2/pokemon/10179/"
    },
    {
      "name": "indeedee-female",
      "url": "https://pokeapi.co/api/v2/pokemon/10186/"
    },
    {
      "name": "calyrex-ice",
      "url": "https://pokeapi.co/api/v2/pokemon/10193/"
    },
    {
      "name": "calyrex-shadow",
      "url": "https://pokeapi.co/api/v2/pokemon/10194/"
    },
    {
      "name": "zoroark-hisui",
      "url": "https://pokeapi.co/api/v2/pokemon/10239/"
    },
    {
      "name": "braviary-hisui",
      "url": "https://pokeapi.co/api/v2/pokemon/10240/"
    },
    {
      "name": "enamorus-therian",
      "url": "https://pokeapi.co/api/v2/pokemon/10249/"
    }
  ],
  "machines": [
    {
      "machine": {
        "url": "https://pokeapi.co/api/v2/machine/562/"
      },
      "version_group": {
        "name": "red-blue",
        "url": "https://pokeapi.co/api/v2/version-group/1/"
      }
    },
    {
      "machine": {
        "url": "https://pokeapi.co/api/v2/machine/563/"
      },
      "version_group": {
        "name": "yellow",
        "url": "https://pokeapi.co/api/v2/version-group/2/"
      }
    },
    {
      "machine": {
        "url": "https://pokeapi.co/api/v2/machine/564/"
      },
      "version_group": {
        "name": "gold-silver",
        "url": "https://pokeapi.co/api/v2/version-group/3/"
      }
    },
    {
      "machine": {
        "url": "https://pokeapi.co/api/v2/machine/565/"
      },
      "version_group": {
        "name": "crystal",
        "url": "https://pokeapi.co/api/v2/version-group/4/"
      }
    },
    {
      "machine": {
        "url": "https://pokeapi.co/api/v2/machine/566/"
      },
      "version_group": {
        "name": "ruby-sapphire",
        "url": "https://pokeapi.co/api/v2/version-group/5/"
      }
    },
    {
      "machine": {
        "url": "https://pokeapi.co/api/v2/machine/567/"
      },
      "version_group": {
        "name": "emerald",
        "url": "https://pokeapi.co/api/v2/version-group/6/"
      }
    },
    {
      "machine": {
        "url": "https://pokeapi.co/api/v2/machine/568/"
      },
      "version_group": {
        "name": "firered-leafgreen",
        "url": "https://pokeapi.co/api/v2/version-group/7/"
      }
    },
    {
      "machine": {
        "url": "https://pokeapi.co/api/v2/machine/569/"
      },
      "version_group": {
        "name": "diamond-pearl",
        "url": "https://pokeapi.co/api/v2/version-group/8/"
      }
    },
    {
      "machine": {
        "url": "https://pokeapi.co/api/v2/machine/570/"
      },
      "version_group": {
        "name": "platinum",
        "url": "https://pokeapi.co/api/v2/version-group/9/"
      }
    },
    {
      "machine": {
        "url": "https://pokeapi.co/api/v2/machine/571/"
      },
      "version_group": {
        "name": "heartgold-soulsilver",
        "url": "https://pokeapi.co/api/v2/version-group/10/"
      }
    },
    {
      "machine": {
        "url": "https://pokeapi.co/api/v2/machine/572/"
      },
      "version_group": {
        "name": "black-white",
        "url": "https://pokeapi.co/api/v2/version-group/11/"
      }
    },
    {
      "machine": {
        "url": "https://pokeapi.co/api/v2/machine/573/"
      },
      "version_group": {
        "name": "colosseum",
        "url": "https://pokeapi.co/api/v2/version-group/12/"
      }
    },
    {
      "machine": {
        "url": "https://pokeapi.co/api/v2/machine/574/"
      },
      "version_group": {
        "name": "xd",
        "url": "https://pokeapi.co/api/v2/version-group/13/"
      }
    },
    {
      "machine": {
        "url": "https://pokeapi.co/api/v2/machine/575/"
      },
      "version_group": {
        "name": "black-2-white-2",
        "url": "https://pokeapi.co/api/v2/version-group/14/"
      }
    },
    {
      "machine": {
        "url": "https://pokeapi.co/api/v2/machine/576/"
      },
      "version_group": {
        "name": "x-y",
        "url": "https://pokeapi.co/api/v2/version-group/15/"
      }
    },
    {
      "machine": {
        "url": "https://pokeapi.co/api/v2/machine/577/"
      },
      "version_group": {
        "name": "omega-ruby-alpha-sapphire",
        "url": "https://pokeapi.co/api/v2/version-group/16/"
      }
    },
    {
      "machine": {
        "url": "https://pokeapi.co/api/v2/machine/578/"
      },
      "version_group": {
        "name": "sun-moon",
        "url": "https://pokeapi.co/api/v2/version-group/17/"
      }
    },
    {
      "machine": {
        "url": "https://pokeapi.co/api/v2/machine/579/"
      },
      "version_group": {
        "name": "ultra-sun-ultra-moon",
        "url": "https://pokeapi.co/api/v2/version-group/18/"
      }
    },
    {
      "machine": {
        "url": "https://pokeapi.co/api/v2/machine/800/"
      },
      "version_group": {
        "name": "lets-go-pikachu-lets-go-eevee",
        "url": "https://pokeapi.co/api/v2/version-group/19/"
      }
    },
    {
      "machine": {
        "url": "https://pokeapi.co/api/v2/machine/1600/"
      },
      "version_group": {
        "name": "sword-shield",
        "url": "https://pokeapi.co/api/v2/version-group/20/"
      }
    },
    {
      "machine": {
        "url": "https://pokeapi.co/api/v2/machine/1825/"
      },
      "version_group": {
        "name": "scarlet-violet",
        "url": "https://pokeapi.co/api/v2/version-group/25/"
      }
    }
  ],
  "meta": {
    "ailment": {
      "name": "none",
      "url": "https://pokeapi.co/api/v2/move-ailment/0/"
    },
    "ailment_chance": 0,
    "category": {
      "name": "damage+lower",
      "url": "https://pokeapi.co/api/v2/move-category/6/"
    },
    "crit_rate": 0,
    "drain": 0,
    "flinch_chance": 0,
    "healing": 0,
    "max_hits": null,
    "max_turns": null,
    "min_hits": null,
    "min_turns": null,
    "stat_chance": 10
  },
  "name": "psychic",
  "names": [
    {
      "language": {
        "name": "ja-Hrkt",
        "url": "https://pokeapi.co/api/v2/language/1/"
      },
      "name": "\u30b5\u30a4\u30b3\u30ad\u30cd\u30b7\u30b9"
    },
    {
      "language": {
        "name": "ko",
        "url": "https://pokeapi.co/api/v2/language/3/"
      },
      "name": "\uc0ac\uc774\ucf54\ud0a4\ub124\uc2dc\uc2a4"
    },
    {
      "language": {
        "name": "zh-Hant",
        "url": "https://pokeapi.co/api/v2/language/4/"
      },
      "name": "\u7cbe\u795e\u5f37\u5ff5"
    },
    {
      "language": {
        "name": "fr",
        "url": "https://pokeapi.co/api/v2/language/5/"
      },
      "name": "Psyko"
    },
    {
      "language": {
        "name": "de",
        "url": "https://pokeapi.co/api/v2/language/6/"
      },
      "name": "Psychokinese"
    },
    {
      "language": {
        "name": "es",
        "url": "https://pokeapi.co/api/v2/language/7/"
      },
      "name": "Ps\u00edquico"
    },
    {
      "language": {
        "name": "it",
        "url": "https://pokeapi.co/api/v2/language/8/"
      },
      "name": "Psichico"
    },
    {
      "language": {
        "name": "en",
        "url": "https://pokeapi.co/api/v2/language/9/"
      },
      "name": "Psychic"
    },
    {
      "language": {
        "name": "ja",
        "url": "https://pokeapi.co/api/v2/language/11/"
      },
      "name": "\u30b5\u30a4\u30b3\u30ad\u30cd\u30b7\u30b9"
    },
    {
      "language": {
        "name": "zh-Hans",
        "url": "https://pokeapi.co/api/v2/language/12/"
      },
      "name": "\u7cbe\u795e\u5f3a\u5ff5"
    }
  ],
  "past_values": [
    {
      "accuracy": null,
      "effect_chance": null,
      "effect_entries": [],
      "power": null,
      "pp": null,
      "type": null,
      "version_group": {
        "name": "gold-silver",
        "url": "https://pokeapi.co/api/v2/version-group/3/"
      }
    }
  ],
  "power": 90,
  "pp": 10,
  "priority": 0,
  "stat_changes": [
    {
      "change": -1,
      "stat": {
        "name": "special-defense",
        "url": "https://pokeapi.co/api/v2/stat/5/"
      }
    }
  ],
  "super_contest_effect": {
    "url": "https://pokeapi.co/api/v2/super-contest-effect/17/"
  },
  "target": {
    "name": "selected-pokemon",
    "url": "https://pokeapi.co/api/v2/move-target/10/"
  },
  "type": {
    "name": "psychic",
    "url": "https://pokeapi.co/api/v2/type/14/"
  }
}