{
  "accuracy": 100,
  "contest_combos": null,
  "contest_effect": null,
  "contest_type": null,
  "damage_class": {
    "name": "physical",
    "url": "https://pokeapi.co/api/v2/move-damage-class/2/"
  },
  "effect_chance": null,
  "effect_changes": [],
  "effect_entries": [
    {
      "effect": "Inflicts regular damage.",
      "language": {
        "name": "en",
        "url": "https://pokeapi.co/api/v2/language/9/"
      },
      "short_effect": "Inflicts regular damage with no additional effect."
    }
  ],
  "flavor_text_entries": [
    {
      "flavor_text": "\u3042\u3044\u3066\u3078\u306e\u3000\u3044\u3089\u3060\u3061\u3092\u3000\u3076\u3064\u3051\u3066\u3000\u3053\u3046\u3052\u304d\u3002\n\u305d\u306e\u30bf\u30fc\u30f3\u306b\u3000\u306e\u3046\u308a\u3087\u304f\u3092\u3000\u3055\u3052\u3089\u308c\u3066\u3044\u308b\u3068\n\u308f\u3056\u306e\u3000\u3044\u308a\u3087\u304f\u304c\u3000\uff12\u3070\u3044\u306b\u3000\u306a\u308b\u3002",
      "language": {
        "name": "ja-Hrkt",
        "url": "https://pokeapi.co/api/v2/language/1/"
      },
      "version_group": {
        "name": "sword-shield",
        "url": "https://pokeapi.co/api/v2/version-group/20/"
      }
    },
    {
      "flavor_text": "\uc0c1\ub300\uc5d0 \ub300\ud55c \uc6b8\ubd84\uc774 \ub2f4\uae34 \uacf5\uaca9\uc744 \ud55c\ub2e4.\n\uadf8 \ud134\uc5d0 \ub2a5\ub825\uc774 \ub5a8\uc5b4\uc838 \uc788\uc73c\uba74\n\uae30\uc220\uc758 \uc704\ub825\uc774 2\ubc30\uac00 \ub41c\ub2e4.",
      "language": {
        "name": "ko",
        "url": "https://pokeapi.co/api/v2/language/3/"
      },
      "version_group": {
        "name": "sword-shield",
        "url": "https://pokeapi.co/api/v2/version-group/20/"
      }
    },
    {
      "flavor_text": "\u5c07\u60f1\u6012\u7838\u5411\u5c0d\u624b\u9032\u884c\u653b\u64ca\u3002\n\u5982\u679c\u6b64\u56de\u5408\u5df2\u88ab\u964d\u4f4e\u80fd\u529b\uff0c\n\u62db\u5f0f\u5a01\u529b\u5c31\u6703\u8b8a\u6210\uff12\u500d\u3002",
      "language": {
        "name": "zh-Hant",
        "url": "https://pokeapi.co/api/v2/language/4/"
      },
      "version_group": {
        "name": "sword-shield",
        "url": "https://pokeapi.co/api/v2/version-group/20/"
      }
    },
    {
      "flavor_text": "Le lanceur frappe l\u2019ennemi avec toute sa rancune.\nSi les stats du lanceur ont diminu\u00e9 pendant ce tour,\nla puissance de cette attaque est doubl\u00e9e.",
      "language": {
        "name": "fr",
        "url": "https://pokeapi.co/api/v2/language/5/"
      },
      "version_group": {
        "name": "sword-shield",
        "url": "https://pokeapi.co/api/v2/version-group/20/"
      }
    },
    {
      "flavor_text": "Der Anwender entl\u00e4dt seinen Frust in einem Angriff.\nDie St\u00e4rke der Attacke wird verdoppelt, wenn seine\nStatuswerte in dieser Runde gesenkt wurden.",
      "language": {
        "name": "de",
        "url": "https://pokeapi.co/api/v2/language/6/"
      },
      "version_group": {
        "name": "sword-shield",
        "url": "https://pokeapi.co/api/v2/version-group/20/"
      }
    },
    {
      "flavor_text": "Ataca al rival presa de la rabia. Si el usuario ha sufrido\nuna reducci\u00f3n de caracter\u00edsticas en ese turno, la\npotencia del movimiento se duplica.",
      "language": {
        "name": "es",
        "url": "https://pokeapi.co/api/v2/language/7/"
      },
      "version_group": {
        "name": "sword-shield",
        "url": "https://pokeapi.co/api/v2/version-group/20/"
      }
    },
    {
      "flavor_text": "Chi la usa attacca il bersaglio con tutta la propria ira.\nSe ha subito riduzioni delle statistiche durante quel\nturno, la potenza della mossa raddoppia.",
      "language": {
        "name": "it",
        "url": "https://pokeapi.co/api/v2/language/8/"
      },
      "version_group": {
        "name": "sword-shield",
        "url": "https://pokeapi.co/api/v2/version-group/20/"
      }
    },
    {
      "flavor_text": "The user lashes out to vent its frustration toward\nthe target. If the user\u2019s stats were lowered during this\nturn, the power of this move is doubled.",
      "language": {
        "name": "en",
        "url": "https://pokeapi.co/api/v2/language/9/"
      },
      "version_group": {
        "name": "sword-shield",
        "url": "https://pokeapi.co/api/v2/version-group/20/"
      }
    },
    {
      "flavor_text": "\u76f8\u624b\u3078\u306e\u3000\u3044\u3089\u3060\u3061\u3092\u3000\u3076\u3064\u3051\u3066\u3000\u653b\u6483\u3002\n\u305d\u306e\u30bf\u30fc\u30f3\u306b\u3000\u80fd\u529b\u3092\u3000\u3055\u3052\u3089\u308c\u3066\u3044\u308b\u3068\n\u6280\u306e\u3000\u5a01\u529b\u304c\u3000\uff12\u500d\u306b\u3000\u306a\u308b\u3002",
      "language": {
        "name": "ja",
        "url": "https://pokeapi.co/api/v2/language/11/"
      },
      "version_group": {
        "name": "sword-shield",
        "url": "https://pokeapi.co/api/v2/version-group/20/"
      }
    },
    {
      "flavor_text": "\u653b\u51fb\u5bf9\u624b\u4ee5\u53d1\u6cc4\u5bf9\u5176\u611f\u5230\u7684\u607c\u6012\u60c5\u7eea\u3002\n\u5982\u679c\u5728\u8be5\u56de\u5408\u5185\u81ea\u8eab\u80fd\u529b\u906d\u5230\u964d\u4f4e\uff0c\n\u62db\u5f0f\u7684\u5a01\u529b\u4f1a\u53d8\u6210\uff12\u500d\u3002",
      "language": {
        "name": "zh-Hans",
        "url": "https://pokeapi.co/api/v2/language/12/"
      },
      "version_group": {
        "name": "sword-shield",
        "url": "https://pokeapi.co/api/v2/version-group/20/"
      }
    },
    {
      "flavor_text": "The user lashes out to vent its frustration toward the target. If its stats were lowered during the turn, the power of this move is doubled.",
      "language": {
        "name": "en",
        "url": "https://pokeapi.co/api/v2/language/9/"
      },
      "version_group": {
        "name": "legends-arceus",
        "url": "https://pokeapi.co/api/v2/version-group/24/"
      }
    },
    {
      "flavor_text": "The user lashes out to vent its frustration toward the target. This move's power is doubled if the user's stats were lowered during this turn.",
      "language": {
        "name": "en",
        "url": "https://pokeapi.co/api/v2/language/9/"
      },
      "version_group": {
        "name": "scarlet-violet",
        "url": "https://pokeapi.co/api/v2/version-group/25/"
      }
    }
  ],
  "generation": {
    "name": "generation-viii",
    "url": "https://pokeapi.co/api/v2/generation/8/"
  },
  "id": 808,
  "learned_by_pokemon": [
    {
      "name": "ekans",
      "url": "https://pokeapi.co/api/v2/pokemon/23/"
    },
    {
      "name": "arbok",
      "url": "https://pokeapi.co/api/v2/pokemon/24/"
    },
    {
      "name": "meowth",
      "url": "https://pokeapi.co/api/v2/pokemon/52/"
    },
    {
      "name": "persian",
      "url": "https://pokeapi.co/api/v2/pokemon/53/"
    },
    {
      "name": "mankey",
      "url": "https://pokeapi.co/api/v2/pokemon/56/"
    },
    {
      "name": "primeape",
      "url": "https://pokeapi.co/api/v2/pokemon/57/"
    },
    {
      "name": "muk",
      "url": "https://pokeapi.co/api/v2/pokemon/89/"
    },
    {
      "name": "tauros",
      "url": "https://pokeapi.co/api/v2/pokemon/128/"
    },
    {
      "name": "gyarados",
      "url": "https://pokeapi.co/api/v2/pokemon/130/"
    },
    {
      "name": "mewtwo",
      "url": "https://pokeapi.co/api/v2/pokemon/150/"
    },
    {
      "name": "mew",
      "url": "https://pokeapi.co/api/v2/pokemon/151/"
    },
    {
      "name": "feraligatr",
      "url": "https://pokeapi.co/api/v2/pokemon/160/"
    },
    {
      "name": "umbreon",
      "url": "https://pokeapi.co/api/v2/pokemon/197/"
    },
    {
      "name": "murkrow",
      "url": "https://pokeapi.co/api/v2/pokemon/198/"
    },
    {
      "name": "snubbull",
      "url": "https://pokeapi.co/api/v2/pokemon/209/"
    },
    {
      "name": "granbull",
      "url": "https://pokeapi.co/api/v2/pokemon/210/"
    },
    {
      "name": "sneasel",
      "url": "https://pokeapi.co/api/v2/pokemon/215/"
    },
    {
      "name": "houndour",
      "url": "https://pokeapi.co/api/v2/pokemon/228/"
    },
    {
      "name": "houndoom",
      "url": "https://pokeapi.co/api/v2/pokemon/229/"
    },
    {
      "name": "pupitar",
      "url": "https://pokeapi.co/api/v2/pokemon/247/"
    },
    {
      "name": "tyranitar",
      "url": "https://pokeapi.co/api/v2/pokemon/248/"
    },
    {
      "name": "poochyena",
      "url": "https://pokeapi.co/api/v2/pokemon/261/"
    },
    {
      "name": "mightyena",
      "url": "https://pokeapi.co/api/v2/pokemon/262/"
    },
    {
      "name": "nuzleaf",
      "url": "https://pokeapi.co/api/v2/pokemon/274/"
    },
    {
      "name": "shiftry",
      "url": "https://pokeapi.co/api/v2/pokemon/275/"
    },
    {
      "name": "vigoroth",
      "url": "https://pokeapi.co/api/v2/pokemon/288/"
    },
    {
      "name": "slaking",
      "url": "https://pokeapi.co/api/v2/pokemon/289/"
    },
    {
      "name": "hariyama",
      "url": "https://pokeapi.co/api/v2/pokemon/297/"
    },
    {
      "name": "sableye",
      "url": "https://pokeapi.co/api/v2/pokemon/302/"
    },
    {
      "name": "numel",
      "url": "https://pokeapi.co/api/v2/pokemon/322/"
    },
    {
      "name": "camerupt",
      "url": "https://pokeapi.co/api/v2/pokemon/323/"
    },
    {
      "name": "cacturne",
      "url": "https://pokeapi.co/api/v2/pokemon/332/"
    },
    {
      "name": "seviper",
      "url": "https://pokeapi.co/api/v2/pokemon/336/"
    },
    {
      "name": "crawdaunt",
      "url": "https://pokeapi.co/api/v2/pokemon/342/"
    },
    {
      "name": "shuppet",
      "url": "https://pokeapi.co/api/v2/pokemon/353/"
    },
    {
      "name": "banette",
      "url": "https://pokeapi.co/api/v2/pokemon/354/"
    },
    {
      "name": "monferno",
      "url": "https://pokeapi.co/api/v2/pokemon/391/"
    },
    {
      "name": "infernape",
      "url": "https://pokeapi.co/api/v2/pokemon/392/"
    },
    {
      "name": "empoleon",
      "url": "https://pokeapi.co/api/v2/pokemon/395/"
    },
    {
      "name": "mismagius",
      "url": "https://pokeapi.co/api/v2/pokemon/429/"
    },
    {
      "name": "honchkrow",
      "url": "https://pokeapi.co/api/v2/pokemon/430/"
    },
    {
      "name": "stunky",
      "url": "https://pokeapi.co/api/v2/pokemon/434/"
    },
    {
      "name": "skuntank",
      "url": "https://pokeapi.co/api/v2/pokemon/435/"
    },
    {
      "name": "spiritomb",
      "url": "https://pokeapi.co/api/v2/pokemon/442/"
    },
    {
      "name": "drapion",
      "url": "https://pokeapi.co/api/v2/pokemon/452/"
    },
    {
      "name": "croagunk",
      "url": "https://pokeapi.co/api/v2/pokemon/453/"
    },
    {
      "name": "toxicroak",
      "url": "https://pokeapi.co/api/v2/pokemon/454/"
    },
    {
      "name": "weavile",
      "url": "https://pokeapi.co/api/v2/pokemon/461/"
    },
    {
      "name": "darkrai",
      "url": "https://pokeapi.co/api/v2/pokemon/491/"
    },
    {
      "name": "samurott",
      "url": "https://pokeapi.co/api/v2/pokemon/503/"
    },
    {
      "name": "purrloin",
      "url": "https://pokeapi.co/api/v2/pokemon/509/"
    },
    {
      "name": "liepard",
      "url": "https://pokeapi.co/api/v2/pokemon/510/"
    },
    {
      "name": "sandile",
      "url": "https://pokeapi.co/api/v2/pokemon/551/"
    },
    {
      "name": "krokorok",
      "url": "https://pokeapi.co/api/v2/pokemon/552/"
    },
    {
      "name": "krookodile",
      "url": "https://pokeapi.co/api/v2/pokemon/553/"
    },
    {
      "name": "darmanitan-standard",
      "url": "https://pokeapi.co/api/v2/pokemon/555/"
    },
    {
      "name": "scraggy",
      "url": "https://pokeapi.co/api/v2/pokemon/559/"
    },
    {
      "name": "scrafty",
      "url": "https://pokeapi.co/api/v2/pokemon/560/"
    },
    {
      "name": "archen",
      "url": "https://pokeapi.co/api/v2/pokemon/566/"
    },
    {
      "name": "archeops",
      "url": "https://pokeapi.co/api/v2/pokemon/567/"
    },
    {
      "name": "zorua",
      "url": "https://pokeapi.co/api/v2/pokemon/570/"
    },
    {
      "name": "zoroark",
      "url": "https://pokeapi.co/api/v2/pokemon/571/"
    },
    {
      "name": "lampent",
      "url": "https://pokeapi.co/api/v2/pokemon/608/"
    },
    {
      "name": "chandelure",
      "url": "https://pokeapi.co/api/v2/pokemon/609/"
    },
    {
      "name": "stunfisk",
      "url": "https://pokeapi.co/api/v2/pokemon/618/"
    },
    {
      "name": "druddigon",
      "url": "https://pokeapi.co/api/v2/pokemon/621/"
    },
    {
      "name": "pawniard",
      "url": "https://pokeapi.co/api/v2/pokemon/624/"
    },
    {
      "name": "bisharp",
      "url": "https://pokeapi.co/api/v2/pokemon/625/"
    },
    {
      "name": "bouffalant",
      "url": "https://pokeapi.co/api/v2/pokemon/626/"
    },
    {
      "name": "vullaby",
      "url": "https://pokeapi.co/api/v2/pokemon/629/"
    },
    {
      "name": "mandibuzz",
      "url": "https://pokeapi.co/api/v2/pokemon/630/"
    },
    {
      "name": "zweilous",
      "url": "https://pokeapi.co/api/v2/pokemon/634/"
    },
    {
      "name": "hydreigon",
      "url": "https://pokeapi.co/api/v2/pokemon/635/"
    },
    {
      "name": "tornadus-incarnate",
      "url": "https://pokeapi.co/api/v2/pokemon/641/"
    },
    {
      "name": "thundurus-incarnate",
      "url": "https://pokeapi.co/api/v2/pokemon/642/"
    },
    {
      "name": "pancham",
      "url": "https://pokeapi.co/api/v2/pokemon/674/"
    },
    {
      "name": "pangoro",
      "url": "https://pokeapi.co/api/v2/pokemon/675/"
    },
    {
      "name": "inkay",
      "url": "https://pokeapi.co/api/v2/pokemon/686/"
    },
    {
      "name": "malamar",
      "url": "https://pokeapi.co/api/v2/pokemon/687/"
    },
    {
      "name": "tyrunt",
      "url": "https://pokeapi.co/api/v2/pokemon/696/"
    },
    {
      "name": "tyrantrum",
      "url": "https://pokeapi.co/api/v2/pokemon/697/"
    },
    {
      "name": "phantump",
      "url": "https://pokeapi.co/api/v2/pokemon/708/"
    },
    {
      "name": "trevenant",
      "url": "https://pokeapi.co/api/v2/pokemon/709/"
    },
    {
      "name": "yveltal",
      "url": "https://pokeapi.co/api/v2/pokemon/717/"
    },
    {
      "name": "hoopa",
      "url": "https://pokeapi.co/api/v2/pokemon/720/"
    },
    {
      "name": "incineroar",
      "url": "https://pokeapi.co/api/v2/pokemon/727/"
    },
    {
      "name": "mudsdale",
      "url": "https://pokeapi.co/api/v2/pokemon/750/"
    },
    {
      "name": "turtonator",
      "url": "https://pokeapi.co/api/v2/pokemon/776/"
    },
    {
      "name": "drampa",
      "url": "https://pokeapi.co/api/v2/pokemon/780/"
    },
    {
      "name": "guzzlord",
      "url": "https://pokeapi.co/api/v2/pokemon/799/"
    },
    {
      "name": "nickit",
      "url": "https://pokeapi.co/api/v2/pokemon/827/"
    },
    {
      "name": "thievul",
      "url": "https://pokeapi.co/api/v2/pokemon/828/"
    },
    {
      "name": "impidimp",
      "url": "https://pokeapi.co/api/v2/pokemon/859/"
    },
    {
      "name": "morgrem",
      "url": "https://pokeapi.co/api/v2/pokemon/860/"
    },
    {
      "name": "grimmsnarl",
      "url": "https://pokeapi.co/api/v2/pokemon/861/"
    },
    {
      "name": "obstagoon",
      "url": "https://pokeapi.co/api/v2/pokemon/862/"
    },
    {
      "name": "perrserker",
      "url": "https://pokeapi.co/api/v2/pokemon/863/"
    },
    {
      "name": "morpeko-full-belly",
      "url": "https://pokeapi.co/api/v2/pokemon/877/"
    },
    {
      "name": "urshifu-single-strike",
      "url": "https://pokeapi.co/api/v2/pokemon/892/"
    },
    {
      "name": "zarude",
      "url": "https://pokeapi.co/api/v2/pokemon/893/"
    },
    {
      "name": "glastrier",
      "url": "https://pokeapi.co/api/v2/pokemon/896/"
    },
    {
      "name": "spectrier",
      "url": "https://pokeapi.co/api/v2/pokemon/897/"
    },
    {
      "name": "sneasler",
      "url": "https://pokeapi.co/api/v2/pokemon/903/"
    },
    {
      "name": "overqwil",
      "url": "https://pokeapi.co/api/v2/pokemon/904/"
    },
    {
      "name": "meowscarada",
      "url": "https://pokeapi.co/api/v2/pokemon/908/"
    },
    {
      "name": "oinkologne-male",
      "url": "https://pokeapi.co/api/v2/pokemon/916/"
    },
    {
      "name": "lokix",
      "url": "https://pokeapi.co/api/v2/pokemon/920/"
    },
    {
      "name": "squawkabilly-green-plumage",
      "url": "https://pokeapi.co/api/v2/pokemon/931/"
    },
    {
      "name": "maschiff",
      "url": "https://pokeapi.co/api/v2/pokemon/942/"
    },
    {
      "name": "mabosstiff",
      "url": "https://pokeapi.co/api/v2/pokemon/943/"
    },
    {
      "name": "scovillain",
      "url": "https://pokeapi.co/api/v2/pokemon/952/"
    },
    {
      "name": "bombirdier",
      "url": "https://pokeapi.co/api/v2/pokemon/962/"
    },
    {
      "name": "revavroom",
      "url": "https://pokeapi.co/api/v2/pokemon/966/"
    },
    {
      "name": "annihilape",
      "url": "https://pokeapi.co/api/v2/pokemon/979/"
    },
    {
      "name": "kingambit",
      "url": "https://pokeapi.co/api/v2/pokemon/983/"
    },
    {
      "name": "brute-bonnet",
      "url": "https://pokeapi.co/api/v2/pokemon/986/"
    },
    {
      "name": "iron-jugulis",
      "url": "https://pokeapi.co/api/v2/pokemon/993/"
    },
    {
      "name": "wo-chien",
      "url": "https://pokeapi.co/api/v2/pokemon/1001/"
    },
    {
      "name": "chien-pao",
      "url": "https://pokeapi.co/api/v2/pokemon/1002/"
    },
    {
      "name": "ting-lu",
      "url": "https://pokeapi.co/api/v2/pokemon/1003/"
    },
    {
      "name": "chi-yu",
      "url": "https://pokeapi.co/api/v2/pokemon/1004/"
    },
    {
      "name": "roaring-moon",
      "url": "https://pokeapi.co/api/v2/pokemon/1005/"
    },
    {
      "name": "okidogi",
      "url": "https://pokeapi.co/api/v2/pokemon/1014/"
    },
    {
      "name": "munkidori",
      "url": "https://pokeapi.co/api/v2/pokemon/1015/"
    },
    {
      "name": "fezandipiti",
      "url": "https://pokeapi.co/api/v2/pokemon/1016/"
    },
    {
      "name": "ogerpon",
      "url": "https://pokeapi.co/api/v2/pokemon/1017/"
    },
    {
      "name": "darmanitan-zen",
      "url": "https://pokeapi.co/api/v2/pokemon/10017/"
    },
    {
      "name": "tornadus-therian",
      "url": "https://pokeapi.co/api/v2/pokemon/10019/"
    },
    {
      "name": "thundurus-therian",
      "url": "https://pokeapi.co/api/v2/pokemon/10020/"
    },
    {
      "name": "hoopa-unbound",
      "url": "https://pokeapi.co/api/v2/pokemon/10086/"
    },
    {
      "name": "meowth-alola",
      "url": "https://pokeapi.co/api/v2/pokemon/10107/"
    },
    {
      "name": "persian-alola",
      "url": "https://pokeapi.co/api/v2/pokemon/10108/"
    },
    {
      "name": "muk-alola",
      "url": "https://pokeapi.co/api/v2/pokemon/10113/"
    },
    {
      "name": "lycanroc-midnight",
      "url": "https://pokeapi.co/api/v2/pokemon/10126/"
    },
    {
      "name": "meowth-galar",
      "url": "https://pokeapi.co/api/v2/pokemon/10161/"
    },
    {
      "name": "moltres-galar",
      "url": "https://pokeapi.co/api/v2/pokemon/10171/"
    },
    {
      "name": "zigzagoon-galar",
      "url": "https://pokeapi.co/api/v2/pokemon/10174/"
    },
    {
      "name": "linoone-galar",
      "url": "https://pokeapi.co/api/v2/pokemon/10175/"
    },
    {
      "name": "darmanitan-galar-standard",
      "url": "https://pokeapi.co/api/v2/pokemon/10177/"
    },
    {
      "name": "darmanitan-galar-zen",
      "url": "https://pokeapi.co/api/v2/pokemon/10178/"
    },
    {
      "name": "stunfisk-galar",
      "url": "https://pokeapi.co/api/v2/pokemon/10180/"
    },
    {
      "name": "morpeko-hangry",
      "url": "https://pokeapi.co/api/v2/pokemon/10187/"
    },
    {
      "name": "zarude-dada",
      "url": "https://pokeapi.co/api/v2/pokemon/10192/"
    },
    {
      "name": "calyrex-ice",
      "url": "https://pokeapi.co/api/v2/pokemon/10193/"
    },
    {
      "name": "calyrex-shadow",
      "url": "https://pokeapi.co/api/v2/pokemon/10194/"
    },
    {
      "name": "qwilfish-hisui",
      "url": "https://pokeapi.co/api/v2/pokemon/10234/"
    },
    {
      "name": "sneasel-hisui",
      "url": "https://pokeapi.co/api/v2/pokemon/10235/"
    },
    {
      "name": "samurott-hisui",
      "url": "https://pokeapi.co/api/v2/pokemon/10236/"
    },
    {
      "name": "zorua-hisui",
      "url": "https://pokeapi.co/api/v2/pokemon/10238/"
    },
    {
      "name": "zoroark-hisui",
      "url": "https://pokeapi.co/api/v2/pokemon/10239/"
    },
    {
      "name": "goodra-hisui",
      "url": "https://pokeapi.co/api/v2/pokemon/10242/"
    },
    {
      "name": "tauros-paldea-combat-breed",
      "url": "https://pokeapi.co/api/v2/pokemon/10250/"
    },
    {
      "name": "tauros-paldea-blaze-breed",
      "url": "https://pokeapi.co/api/v2/pokemon/10251/"
    },
    {
      "name": "tauros-paldea-aqua-breed",
      "url": "https://pokeapi.co/api/v2/pokemon/10252/"
    },
    {
      "name": "oinkologne-female",
      "url": "https://pokeapi.co/api/v2/pokemon/10254/"
    },
    {
      "name": "squawkabilly-blue-plumage",
      "url": "https://pokeapi.co/api/v2/pokemon/10260/"
    },
    {
      "name": "squawkabilly-yellow-plumage",
      "url": "https://pokeapi.co/api/v2/pokemon/10261/"
    },
    {
      "name": "squawkabilly-white-plumage",
      "url": "https://pokeapi.co/api/v2/pokemon/10262/"
    },
    {
      "name": "ogerpon-wellspring-mask",
      "url": "https://pokeapi.co/api/v2/pokemon/10273/"
    },
    {
      "name": "ogerpon-hearthflame-mask",
      "url": "https://pokeapi.co/api/v2/pokemon/10274/"
    },
    {
      "name": "ogerpon-cornerstone-mask",
      "url": "https://pokeapi.co/api/v2/pokemon/10275/"
    }
  ],
  "machines": [
    {
      "machine": {
        "url": "https://pokeapi.co/api/v2/machine/1904/"
      },
      "version_group": {
        "name": "scarlet-violet",
        "url": "https://pokeapi.co/api/v2/version-group/25/"
      }
    },
    {
      "machine": {
        "url": "https://pokeapi.co/api/v2/machine/1967/"
      },
      "version_group": {
        "name": "the-teal-mask",
        "url": "https://pokeapi.co/api/v2/version-group/26/"
      }
    }
  ],
  "meta": {
    "ailment": {
      "name": "none",
      "url": "https://pokeapi.co/api/v2/move-ailment/0/"
    },
    "ailment_chance": 0,
    "category": {
      "name": "damage",
      "url": "https://pokeapi.co/api/v2/move-category/0/"
    },
    "crit_rate": 0,
    "drain": 0,
    "flinch_chance": 0,
    "healing": 0,
    "max_hits": null,
    "max_turns": null,
    "min_hits": null,
    "min_turns": null,
    "stat_chance": 0
  },
  "name": "lash-out",
  "names": [
    {
      "language": {
        "name": "ja-Hrkt",
        "url": "https://pokeapi.co/api/v2/language/1/"
      },
      "name": "\u3046\u3063\u3077\u3093\u3070\u3089\u3057"
    },
    {
      "language": {
        "name": "ko",
        "url": "https://pokeapi.co/api/v2/language/3/"
      },
      "name": "\ubd84\ud480\uc774"
    },
    {
      "language": {
        "name": "zh-Hant",
        "url": "https://pokeapi.co/api/v2/language/4/"
      },
      "name": "\u6d29\u61a4"
    },
    {
      "language": {
        "name": "fr",
        "url": "https://pokeapi.co/api/v2/language/5/"
      },
      "name": "Cent Rancunes"
    },
    {
      "language": {
        "name": "de",
        "url": "https://pokeapi.co/api/v2/language/6/"
      },
      "name": "Frustventil"
    },
    {
      "language": {
        "name": "es",
        "url": "https://pokeapi.co/api/v2/language/7/"
      },
      "name": "Desahogo"
    },
    {
      "language": {
        "name": "it",
        "url": "https://pokeapi.co/api/v2/language/8/"
      },
      "name": "Sfogarabbia"
    },
    {
      "language": {
        "name": "en",
        "url": "https://pokeapi.co/api/v2/language/9/"
      },
      "name": "Lash Out"
    },
    {
      "language": {
        "name": "ja",
        "url": "https://pokeapi.co/api/v2/language/11/"
      },
      "name": "\u3046\u3063\u3077\u3093\u3070\u3089\u3057"
    },
    {
      "language": {
        "name": "zh-Hans",
        "url": "https://pokeapi.co/api/v2/language/12/"
      },
      "name": "\u6cc4\u6124"
    }
  ],
  "past_values": [],
  "power": 75,
  "pp": 5,
  "priority": 0,
  "stat_changes": [],
  "super_contest_effect": null,
  "target": {
    "name": "selected-pokemon",
    "url": "https://pokeapi.co/api/v2/move-target/10/"
  },
  "type": {
    "name": "dark",
    "url": "https://pokeapi.co/api/v2/type/17/"
  }
}