{
  "accuracy": 100,
  "contest_combos": null,
  "contest_effect": null,
  "contest_type": null,
  "damage_class": {
    "name": "special",
    "url": "https://pokeapi.co/api/v2/move-damage-class/3/"
  },
  "effect_chance": null,
  "effect_changes": [],
  "effect_entries": [
    {
      "effect": "Inflicts regular damage.  If the target has already moved this turn, its ability is nullified.",
      "language": {
        "name": "en",
        "url": "https://pokeapi.co/api/v2/language/9/"
      },
      "short_effect": "Nullifies the target\u2019s ability if it moves earlier."
    }
  ],
  "flavor_text_entries": [
    {
      "flavor_text": "\u30c0\u30e1\u30fc\u30b8\u3092\u3000\u3042\u305f\u3048\u305f\u3000\u3042\u3044\u3066\u304c\n\u3059\u3067\u306b\u3000\u3053\u3046\u3069\u3046\u3092\u3000\u304a\u3048\u3066\u3000\u3044\u305f\u3089\n\u3042\u3044\u3066\u306e\u3000\u3068\u304f\u305b\u3044\u3092\u3000\u3051\u3057\u3066\u3000\u3057\u307e\u3046\u3002",
      "language": {
        "name": "ja-Hrkt",
        "url": "https://pokeapi.co/api/v2/language/1/"
      },
      "version_group": {
        "name": "sun-moon",
        "url": "https://pokeapi.co/api/v2/version-group/17/"
      }
    },
    {
      "flavor_text": "\ub370\ubbf8\uc9c0\ub97c \uc900 \uc0c1\ub300\uac00\n\uc774\ubbf8 \ud589\ub3d9\uc744 \ub05d\ub0c8\ub2e4\uba74\n\uc0c1\ub300\uc758 \ud2b9\uc131\uc744 \uc5c6\uc560\ubc84\ub9b0\ub2e4.",
      "language": {
        "name": "ko",
        "url": "https://pokeapi.co/api/v2/language/3/"
      },
      "version_group": {
        "name": "sun-moon",
        "url": "https://pokeapi.co/api/v2/version-group/17/"
      }
    },
    {
      "flavor_text": "\u5982\u679c\u653b\u64ca\u7684\u5c0d\u624b\u5728\u8a72\u56de\u5408\n\u5df2\u7d93\u7d50\u675f\u884c\u52d5\uff0c\n\u5c0d\u624b\u7684\u7279\u6027\u5c31\u6703\u88ab\u6d88\u9664\u3002",
      "language": {
        "name": "zh-Hant",
        "url": "https://pokeapi.co/api/v2/language/4/"
      },
      "version_group": {
        "name": "sun-moon",
        "url": "https://pokeapi.co/api/v2/version-group/17/"
      }
    },
    {
      "flavor_text": "La cible subit des d\u00e9g\u00e2ts et, si elle a d\u00e9j\u00e0 agi\n\u00e0 ce tour, elle perd aussi son talent.",
      "language": {
        "name": "fr",
        "url": "https://pokeapi.co/api/v2/language/5/"
      },
      "version_group": {
        "name": "sun-moon",
        "url": "https://pokeapi.co/api/v2/version-group/17/"
      }
    },
    {
      "flavor_text": "Hat das Pok\u00e9mon, das durch diese Attacke Schaden\ngenommen hat, in dieser Runde bereits gehandelt,\nverliert es seine F\u00e4higkeit.",
      "language": {
        "name": "de",
        "url": "https://pokeapi.co/api/v2/language/6/"
      },
      "version_group": {
        "name": "sun-moon",
        "url": "https://pokeapi.co/api/v2/version-group/17/"
      }
    },
    {
      "flavor_text": "Inflige da\u00f1o al rival, y si este ya ha hecho uso de\nalg\u00fan movimiento, pierde su habilidad.",
      "language": {
        "name": "es",
        "url": "https://pokeapi.co/api/v2/language/7/"
      },
      "version_group": {
        "name": "sun-moon",
        "url": "https://pokeapi.co/api/v2/version-group/17/"
      }
    },
    {
      "flavor_text": "Il bersaglio subisce dei danni e, se ha gi\u00e0 agito\nnel turno, perde la sua abilit\u00e0.",
      "language": {
        "name": "it",
        "url": "https://pokeapi.co/api/v2/language/8/"
      },
      "version_group": {
        "name": "sun-moon",
        "url": "https://pokeapi.co/api/v2/version-group/17/"
      }
    },
    {
      "flavor_text": "If the Pok\u00e9mon the user has inflicted damage on\nhave already used their moves, this move eliminates\nthe effect of the target\u2019s Ability.",
      "language": {
        "name": "en",
        "url": "https://pokeapi.co/api/v2/language/9/"
      },
      "version_group": {
        "name": "sun-moon",
        "url": "https://pokeapi.co/api/v2/version-group/17/"
      }
    },
    {
      "flavor_text": "\u30c0\u30e1\u30fc\u30b8\u3092\u3000\u4e0e\u3048\u305f\u3000\u76f8\u624b\u304c\n\u3059\u3067\u306b\u3000\u884c\u52d5\u3092\u3000\u7d42\u3048\u3066\u3044\u305f\u3089\n\u76f8\u624b\u306e\u3000\u7279\u6027\u3092\u3000\u6d88\u3057\u3066\u3057\u307e\u3046\u3002",
      "language": {
        "name": "ja",
        "url": "https://pokeapi.co/api/v2/language/11/"
      },
      "version_group": {
        "name": "sun-moon",
        "url": "https://pokeapi.co/api/v2/version-group/17/"
      }
    },
    {
      "flavor_text": "\u5982\u679c\u7ed9\u4e88\u8fc7\u4f24\u5bb3\u7684\u5bf9\u624b\n\u5df2\u7ecf\u7ed3\u675f\u884c\u52a8\uff0c\n\u5176\u7279\u6027\u5c31\u4f1a\u88ab\u6d88\u9664\u3002",
      "language": {
        "name": "zh-Hans",
        "url": "https://pokeapi.co/api/v2/language/12/"
      },
      "version_group": {
        "name": "sun-moon",
        "url": "https://pokeapi.co/api/v2/version-group/17/"
      }
    },
    {
      "flavor_text": "\u30c0\u30e1\u30fc\u30b8\u3092\u3000\u3042\u305f\u3048\u305f\u3000\u3042\u3044\u3066\u304c\n\u3059\u3067\u306b\u3000\u3053\u3046\u3069\u3046\u3092\u3000\u304a\u3048\u3066\u3000\u3044\u305f\u3089\n\u3042\u3044\u3066\u306e\u3000\u3068\u304f\u305b\u3044\u3092\u3000\u3051\u3057\u3066\u3000\u3057\u307e\u3046\u3002",
      "language": {
        "name": "ja-Hrkt",
        "url": "https://pokeapi.co/api/v2/language/1/"
      },
      "version_group": {
        "name": "ultra-sun-ultra-moon",
        "url": "https://pokeapi.co/api/v2/version-group/18/"
      }
    },
    {
      "flavor_text": "\ub370\ubbf8\uc9c0\ub97c \uc900 \uc0c1\ub300\uac00\n\uc774\ubbf8 \ud589\ub3d9\uc744 \ub05d\ub0c8\ub2e4\uba74\n\uc0c1\ub300\uc758 \ud2b9\uc131\uc744 \uc5c6\uc560\ubc84\ub9b0\ub2e4.",
      "language": {
        "name": "ko",
        "url": "https://pokeapi.co/api/v2/language/3/"
      },
      "version_group": {
        "name": "ultra-sun-ultra-moon",
        "url": "https://pokeapi.co/api/v2/version-group/18/"
      }
    },
    {
      "flavor_text": "\u5982\u679c\u653b\u64ca\u7684\u5c0d\u624b\u5728\u8a72\u56de\u5408\n\u5df2\u7d93\u7d50\u675f\u884c\u52d5\uff0c\n\u5c0d\u624b\u7684\u7279\u6027\u5c31\u6703\u88ab\u6d88\u9664\u3002",
      "language": {
        "name": "zh-Hant",
        "url": "https://pokeapi.co/api/v2/language/4/"
      },
      "version_group": {
        "name": "ultra-sun-ultra-moon",
        "url": "https://pokeapi.co/api/v2/version-group/18/"
      }
    },
    {
      "flavor_text": "La cible subit des d\u00e9g\u00e2ts et, si elle a d\u00e9j\u00e0 agi\n\u00e0 ce tour, elle perd aussi son talent.",
      "language": {
        "name": "fr",
        "url": "https://pokeapi.co/api/v2/language/5/"
      },
      "version_group": {
        "name": "ultra-sun-ultra-moon",
        "url": "https://pokeapi.co/api/v2/version-group/18/"
      }
    },
    {
      "flavor_text": "Hat das Pok\u00e9mon, das durch diese Attacke Schaden\ngenommen hat, in dieser Runde bereits gehandelt,\nverliert es seine F\u00e4higkeit.",
      "language": {
        "name": "de",
        "url": "https://pokeapi.co/api/v2/language/6/"
      },
      "version_group": {
        "name": "ultra-sun-ultra-moon",
        "url": "https://pokeapi.co/api/v2/version-group/18/"
      }
    },
    {
      "flavor_text": "Inflige da\u00f1o al rival, y si este ya ha hecho uso de\nalg\u00fan movimiento, pierde su habilidad.",
      "language": {
        "name": "es",
        "url": "https://pokeapi.co/api/v2/language/7/"
      },
      "version_group": {
        "name": "ultra-sun-ultra-moon",
        "url": "https://pokeapi.co/api/v2/version-group/18/"
      }
    },
    {
      "flavor_text": "Il bersaglio subisce dei danni e, se ha gi\u00e0 agito\nnel turno, perde la sua abilit\u00e0.",
      "language": {
        "name": "it",
        "url": "https://pokeapi.co/api/v2/language/8/"
      },
      "version_group": {
        "name": "ultra-sun-ultra-moon",
        "url": "https://pokeapi.co/api/v2/version-group/18/"
      }
    },
    {
      "flavor_text": "If the Pok\u00e9mon the user has inflicted damage on\nhave already used their moves, this move eliminates\nthe effect of the target\u2019s Ability.",
      "language": {
        "name": "en",
        "url": "https://pokeapi.co/api/v2/language/9/"
      },
      "version_group": {
        "name": "ultra-sun-ultra-moon",
        "url": "https://pokeapi.co/api/v2/version-group/18/"
      }
    },
    {
      "flavor_text": "\u30c0\u30e1\u30fc\u30b8\u3092\u3000\u4e0e\u3048\u305f\u3000\u76f8\u624b\u304c\n\u3059\u3067\u306b\u3000\u884c\u52d5\u3092\u3000\u7d42\u3048\u3066\u3044\u305f\u3089\n\u76f8\u624b\u306e\u3000\u7279\u6027\u3092\u3000\u6d88\u3057\u3066\u3057\u307e\u3046\u3002",
      "language": {
        "name": "ja",
        "url": "https://pokeapi.co/api/v2/language/11/"
      },
      "version_group": {
        "name": "ultra-sun-ultra-moon",
        "url": "https://pokeapi.co/api/v2/version-group/18/"
      }
    },
    {
      "flavor_text": "\u5982\u679c\u7ed9\u4e88\u8fc7\u4f24\u5bb3\u7684\u5bf9\u624b\n\u5df2\u7ecf\u7ed3\u675f\u884c\u52a8\uff0c\n\u5176\u7279\u6027\u5c31\u4f1a\u88ab\u6d88\u9664\u3002",
      "language": {
        "name": "zh-Hans",
        "url": "https://pokeapi.co/api/v2/language/12/"
      },
      "version_group": {
        "name": "ultra-sun-ultra-moon",
        "url": "https://pokeapi.co/api/v2/version-group/18/"
      }
    },
    {
      "flavor_text": "\u30c0\u30e1\u30fc\u30b8\u3092\u3000\u3042\u305f\u3048\u305f\u3000\u3042\u3044\u3066\u304c\n\u3059\u3067\u306b\u3000\u3053\u3046\u3069\u3046\u3092\u3000\u304a\u3048\u3066\u3000\u3044\u305f\u3089\n\u3042\u3044\u3066\u306e\u3000\u3068\u304f\u305b\u3044\u3092\u3000\u3051\u3057\u3066\u3000\u3057\u307e\u3046\u3002",
      "language": {
        "name": "ja-Hrkt",
        "url": "https://pokeapi.co/api/v2/language/1/"
      },
      "version_group": {
        "name": "lets-go-pikachu-lets-go-eevee",
        "url": "https://pokeapi.co/api/v2/version-group/19/"
      }
    },
    {
      "flavor_text": "\ub370\ubbf8\uc9c0\ub97c \uc900 \uc0c1\ub300\uac00\n\uc774\ubbf8 \ud589\ub3d9\uc744 \ub05d\ub0c8\ub2e4\uba74\n\uc0c1\ub300\uc758 \ud2b9\uc131\uc744 \uc5c6\uc560\ubc84\ub9b0\ub2e4.",
      "language": {
        "name": "ko",
        "url": "https://pokeapi.co/api/v2/language/3/"
      },
      "version_group": {
        "name": "lets-go-pikachu-lets-go-eevee",
        "url": "https://pokeapi.co/api/v2/version-group/19/"
      }
    },
    {
      "flavor_text": "\u5982\u679c\u653b\u64ca\u7684\u5c0d\u624b\u5728\u8a72\u56de\u5408\n\u5df2\u7d93\u7d50\u675f\u884c\u52d5\uff0c\n\u5c0d\u624b\u7684\u7279\u6027\u5c31\u6703\u88ab\u6d88\u9664\u3002",
      "language": {
        "name": "zh-Hant",
        "url": "https://pokeapi.co/api/v2/language/4/"
      },
      "version_group": {
        "name": "lets-go-pikachu-lets-go-eevee",
        "url": "https://pokeapi.co/api/v2/version-group/19/"
      }
    },
    {
      "flavor_text": "La cible subit des d\u00e9g\u00e2ts et, si elle a d\u00e9j\u00e0 agi \u00e0 ce tour,\nelle perd aussi son talent.",
      "language": {
        "name": "fr",
        "url": "https://pokeapi.co/api/v2/language/5/"
      },
      "version_group": {
        "name": "lets-go-pikachu-lets-go-eevee",
        "url": "https://pokeapi.co/api/v2/version-group/19/"
      }
    },
    {
      "flavor_text": "Hat das Pok\u00e9mon, das durch diese Attacke Schaden\ngenommen hat, in dieser Runde bereits gehandelt,\nverliert es seine F\u00e4higkeit.",
      "language": {
        "name": "de",
        "url": "https://pokeapi.co/api/v2/language/6/"
      },
      "version_group": {
        "name": "lets-go-pikachu-lets-go-eevee",
        "url": "https://pokeapi.co/api/v2/version-group/19/"
      }
    },
    {
      "flavor_text": "Inflige da\u00f1o al rival, y si este ya ha hecho uso de\nalg\u00fan movimiento, pierde su habilidad.",
      "language": {
        "name": "es",
        "url": "https://pokeapi.co/api/v2/language/7/"
      },
      "version_group": {
        "name": "lets-go-pikachu-lets-go-eevee",
        "url": "https://pokeapi.co/api/v2/version-group/19/"
      }
    },
    {
      "flavor_text": "Il bersaglio subisce dei danni e, se ha gi\u00e0 agito\nnel turno, perde la sua abilit\u00e0.",
      "language": {
        "name": "it",
        "url": "https://pokeapi.co/api/v2/language/8/"
      },
      "version_group": {
        "name": "lets-go-pikachu-lets-go-eevee",
        "url": "https://pokeapi.co/api/v2/version-group/19/"
      }
    },
    {
      "flavor_text": "If the Pok\u00e9mon the user has inflicted damage on\nhave already used their moves, this move eliminates\nthe effect of the target\u2019s Ability.",
      "language": {
        "name": "en",
        "url": "https://pokeapi.co/api/v2/language/9/"
      },
      "version_group": {
        "name": "lets-go-pikachu-lets-go-eevee",
        "url": "https://pokeapi.co/api/v2/version-group/19/"
      }
    },
    {
      "flavor_text": "\u30c0\u30e1\u30fc\u30b8\u3092\u3000\u4e0e\u3048\u305f\u3000\u76f8\u624b\u304c\n\u3059\u3067\u306b\u3000\u884c\u52d5\u3092\u3000\u7d42\u3048\u3066\u3044\u305f\u3089\n\u76f8\u624b\u306e\u3000\u7279\u6027\u3092\u3000\u6d88\u3057\u3066\u3057\u307e\u3046\u3002",
      "language": {
        "name": "ja",
        "url": "https://pokeapi.co/api/v2/language/11/"
      },
      "version_group": {
        "name": "lets-go-pikachu-lets-go-eevee",
        "url": "https://pokeapi.co/api/v2/version-group/19/"
      }
    },
    {
      "flavor_text": "\u5982\u679c\u7ed9\u4e88\u8fc7\u4f24\u5bb3\u7684\u5bf9\u624b\n\u5df2\u7ecf\u7ed3\u675f\u884c\u52a8\uff0c\n\u5176\u7279\u6027\u5c31\u4f1a\u88ab\u6d88\u9664\u3002",
      "language": {
        "name": "zh-Hans",
        "url": "https://pokeapi.co/api/v2/language/12/"
      },
      "version_group": {
        "name": "lets-go-pikachu-lets-go-eevee",
        "url": "https://pokeapi.co/api/v2/version-group/19/"
      }
    },
    {
      "flavor_text": "\u30c0\u30e1\u30fc\u30b8\u3092\u3000\u3042\u305f\u3048\u305f\u3000\u3042\u3044\u3066\u304c\n\u3059\u3067\u306b\u3000\u3053\u3046\u3069\u3046\u3092\u3000\u304a\u3048\u3066\u3000\u3044\u305f\u3089\n\u3042\u3044\u3066\u306e\u3000\u3068\u304f\u305b\u3044\u3092\u3000\u3051\u3057\u3066\u3000\u3057\u307e\u3046\u3002",
      "language": {
        "name": "ja-Hrkt",
        "url": "https://pokeapi.co/api/v2/language/1/"
      },
      "version_group": {
        "name": "sword-shield",
        "url": "https://pokeapi.co/api/v2/version-group/20/"
      }
    },
    {
      "flavor_text": "\ub370\ubbf8\uc9c0\ub97c \uc900 \uc0c1\ub300\uac00\n\uc774\ubbf8 \ud589\ub3d9\uc744 \ub05d\ub0c8\ub2e4\uba74\n\uc0c1\ub300\uc758 \ud2b9\uc131\uc744 \uc5c6\uc560\ubc84\ub9b0\ub2e4.",
      "language": {
        "name": "ko",
        "url": "https://pokeapi.co/api/v2/language/3/"
      },
      "version_group": {
        "name": "sword-shield",
        "url": "https://pokeapi.co/api/v2/version-group/20/"
      }
    },
    {
      "flavor_text": "\u5982\u679c\u653b\u64ca\u7684\u5c0d\u624b\u5728\u8a72\u56de\u5408\n\u5df2\u7d93\u7d50\u675f\u884c\u52d5\uff0c\n\u5c0d\u624b\u7684\u7279\u6027\u5c31\u6703\u88ab\u6d88\u9664\u3002",
      "language": {
        "name": "zh-Hant",
        "url": "https://pokeapi.co/api/v2/language/4/"
      },
      "version_group": {
        "name": "sword-shield",
        "url": "https://pokeapi.co/api/v2/version-group/20/"
      }
    },
    {
      "flavor_text": "La cible subit des d\u00e9g\u00e2ts et, si elle a d\u00e9j\u00e0 agi \u00e0 ce tour,\nelle perd aussi son talent.",
      "language": {
        "name": "fr",
        "url": "https://pokeapi.co/api/v2/language/5/"
      },
      "version_group": {
        "name": "sword-shield",
        "url": "https://pokeapi.co/api/v2/version-group/20/"
      }
    },
    {
      "flavor_text": "Hat das gegnerische Pok\u00e9mon, das durch diese Attacke\nSchaden genommen hat, in dieser Runde bereits\ngehandelt, verliert es seine F\u00e4higkeit.",
      "language": {
        "name": "de",
        "url": "https://pokeapi.co/api/v2/language/6/"
      },
      "version_group": {
        "name": "sword-shield",
        "url": "https://pokeapi.co/api/v2/version-group/20/"
      }
    },
    {
      "flavor_text": "Inflige da\u00f1o al rival, y si este ya ha hecho uso de alg\u00fan\nmovimiento, pierde su habilidad.",
      "language": {
        "name": "es",
        "url": "https://pokeapi.co/api/v2/language/7/"
      },
      "version_group": {
        "name": "sword-shield",
        "url": "https://pokeapi.co/api/v2/version-group/20/"
      }
    },
    {
      "flavor_text": "Il bersaglio subisce dei danni e, se ha gi\u00e0 agito\nnel turno, perde la sua abilit\u00e0.",
      "language": {
        "name": "it",
        "url": "https://pokeapi.co/api/v2/language/8/"
      },
      "version_group": {
        "name": "sword-shield",
        "url": "https://pokeapi.co/api/v2/version-group/20/"
      }
    },
    {
      "flavor_text": "If the Pok\u00e9mon the user has inflicted damage on\nhave already used their moves, this move eliminates\nthe effect of the target\u2019s Ability.",
      "language": {
        "name": "en",
        "url": "https://pokeapi.co/api/v2/language/9/"
      },
      "version_group": {
        "name": "sword-shield",
        "url": "https://pokeapi.co/api/v2/version-group/20/"
      }
    },
    {
      "flavor_text": "\u30c0\u30e1\u30fc\u30b8\u3092\u3000\u4e0e\u3048\u305f\u3000\u76f8\u624b\u304c\n\u3059\u3067\u306b\u3000\u884c\u52d5\u3092\u3000\u7d42\u3048\u3066\u3044\u305f\u3089\n\u76f8\u624b\u306e\u3000\u7279\u6027\u3092\u3000\u6d88\u3057\u3066\u3057\u307e\u3046\u3002",
      "language": {
        "name": "ja",
        "url": "https://pokeapi.co/api/v2/language/11/"
      },
      "version_group": {
        "name": "sword-shield",
        "url": "https://pokeapi.co/api/v2/version-group/20/"
      }
    },
    {
      "flavor_text": "\u5982\u679c\u7ed9\u4e88\u8fc7\u4f24\u5bb3\u7684\u5bf9\u624b\n\u5df2\u7ecf\u7ed3\u675f\u884c\u52a8\uff0c\n\u5176\u7279\u6027\u5c31\u4f1a\u88ab\u6d88\u9664\u3002",
      "language": {
        "name": "zh-Hans",
        "url": "https://pokeapi.co/api/v2/language/12/"
      },
      "version_group": {
        "name": "sword-shield",
        "url": "https://pokeapi.co/api/v2/version-group/20/"
      }
    }
  ],
  "generation": {
    "name": "generation-vii",
    "url": "https://pokeapi.co/api/v2/generation/7/"
  },
  "id": 687,
  "learned_by_pokemon": [
    {
      "name": "zygarde-50",
      "url": "https://pokeapi.co/api/v2/pokemon/718/"
    },
    {
      "name": "zygarde-10-power-construct",
      "url": "https://pokeapi.co/api/v2/pokemon/10118/"
    },
    {
      "name": "zygarde-50-power-construct",
      "url": "https://pokeapi.co/api/v2/pokemon/10119/"
    },
    {
      "name": "zygarde-complete",
      "url": "https://pokeapi.co/api/v2/pokemon/10120/"
    },
    {
      "name": "zygarde-10",
      "url": "https://pokeapi.co/api/v2/pokemon/10181/"
    }
  ],
  "machines": [],
  "meta": {
    "ailment": {
      "name": "none",
      "url": "https://pokeapi.co/api/v2/move-ailment/0/"
    },
    "ailment_chance": 0,
    "category": {
      "name": "damage",
      "url": "https://pokeapi.co/api/v2/move-category/0/"
    },
    "crit_rate": 0,
    "drain": 0,
    "flinch_chance": 0,
    "healing": 0,
    "max_hits": null,
    "max_turns": null,
    "min_hits": null,
    "min_turns": null,
    "stat_chance": 0
  },
  "name": "core-enforcer",
  "names": [
    {
      "language": {
        "name": "ja-Hrkt",
        "url": "https://pokeapi.co/api/v2/language/1/"
      },
      "name": "\u30b3\u30a2\u30d1\u30cb\u30c3\u30b7\u30e3\u30fc"
    },
    {
      "language": {
        "name": "ko",
        "url": "https://pokeapi.co/api/v2/language/3/"
      },
      "name": "\ucf54\uc5b4\ud37c\ub2c8\uc154"
    },
    {
      "language": {
        "name": "zh-Hant",
        "url": "https://pokeapi.co/api/v2/language/4/"
      },
      "name": "\u6838\u5fc3\u61f2\u7f70\u8005"
    },
    {
      "language": {
        "name": "fr",
        "url": "https://pokeapi.co/api/v2/language/5/"
      },
      "name": "Sanction Supr\u00eame"
    },
    {
      "language": {
        "name": "de",
        "url": "https://pokeapi.co/api/v2/language/6/"
      },
      "name": "Sanktionskern"
    },
    {
      "language": {
        "name": "es",
        "url": "https://pokeapi.co/api/v2/language/7/"
      },
      "name": "N\u00facleo Castigo"
    },
    {
      "language": {
        "name": "it",
        "url": "https://pokeapi.co/api/v2/language/8/"
      },
      "name": "Nucleocastigo"
    },
    {
      "language": {
        "name": "en",
        "url": "https://pokeapi.co/api/v2/language/9/"
      },
      "name": "Core Enforcer"
    },
    {
      "language": {
        "name": "ja",
        "url": "https://pokeapi.co/api/v2/language/11/"
      },
      "name": "\u30b3\u30a2\u30d1\u30cb\u30c3\u30b7\u30e3\u30fc"
    },
    {
      "language": {
        "name": "zh-Hans",
        "url": "https://pokeapi.co/api/v2/language/12/"
      },
      "name": "\u6838\u5fc3\u60e9\u7f5a\u8005"
    }
  ],
  "past_values": [],
  "power": 100,
  "pp": 10,
  "priority": 0,
  "stat_changes": [],
  "super_contest_effect": null,
  "target": {
    "name": "all-opponents",
    "url": "https://pokeapi.co/api/v2/move-target/11/"
  },
  "type": {
    "name": "dragon",
    "url": "https://pokeapi.co/api/v2/type/16/"
  }
}