{
  "accuracy": null,
  "contest_combos": {
    "normal": {
      "use_after": null,
      "use_before": null
    },
    "super": {
      "use_after": null,
      "use_before": [
        {
          "name": "hydro-pump",
          "url": "https://pokeapi.co/api/v2/move/56/"
        }
      ]
    }
  },
  "contest_effect": {
    "url": "https://pokeapi.co/api/v2/contest-effect/12/"
  },
  "contest_type": {
    "name": "smart",
    "url": "https://pokeapi.co/api/v2/contest-type/4/"
  },
  "damage_class": {
    "name": "status",
    "url": "https://pokeapi.co/api/v2/move-damage-class/1/"
  },
  "effect_chance": null,
  "effect_changes": [],
  "effect_entries": [
    {
      "effect": "Discards the user\u2019s stat changes and copies the target\u2019s.\n\nThis move cannot be copied by mirror move.",
      "language": {
        "name": "en",
        "url": "https://pokeapi.co/api/v2/language/9/"
      },
      "short_effect": "Discards the user\u2019s stat changes and copies the target\u2019s."
    }
  ],
  "flavor_text_entries": [
    {
      "flavor_text": "Copies the foe's\nstat changes.",
      "language": {
        "name": "en",
        "url": "https://pokeapi.co/api/v2/language/9/"
      },
      "version_group": {
        "name": "gold-silver",
        "url": "https://pokeapi.co/api/v2/version-group/3/"
      }
    },
    {
      "flavor_text": "Copies the foe's\nstat changes.",
      "language": {
        "name": "en",
        "url": "https://pokeapi.co/api/v2/language/9/"
      },
      "version_group": {
        "name": "crystal",
        "url": "https://pokeapi.co/api/v2/version-group/4/"
      }
    },
    {
      "flavor_text": "Copies the foe\u2019s effect(s)\nand gives to the user.",
      "language": {
        "name": "en",
        "url": "https://pokeapi.co/api/v2/language/9/"
      },
      "version_group": {
        "name": "ruby-sapphire",
        "url": "https://pokeapi.co/api/v2/version-group/5/"
      }
    },
    {
      "flavor_text": "Copies the foe\u2019s effect(s)\nand gives to the user.",
      "language": {
        "name": "en",
        "url": "https://pokeapi.co/api/v2/language/9/"
      },
      "version_group": {
        "name": "emerald",
        "url": "https://pokeapi.co/api/v2/version-group/6/"
      }
    },
    {
      "flavor_text": "The user hypnotizes\nitself into copying\nany stat change\nmade by the foe.",
      "language": {
        "name": "en",
        "url": "https://pokeapi.co/api/v2/language/9/"
      },
      "version_group": {
        "name": "firered-leafgreen",
        "url": "https://pokeapi.co/api/v2/version-group/7/"
      }
    },
    {
      "flavor_text": "The user hypnotizes\nitself into copying\nany stat change\nmade by the foe.\n",
      "language": {
        "name": "en",
        "url": "https://pokeapi.co/api/v2/language/9/"
      },
      "version_group": {
        "name": "diamond-pearl",
        "url": "https://pokeapi.co/api/v2/version-group/8/"
      }
    },
    {
      "flavor_text": "The user hypnotizes\nitself into copying\nany stat change\nmade by the foe.\n",
      "language": {
        "name": "en",
        "url": "https://pokeapi.co/api/v2/language/9/"
      },
      "version_group": {
        "name": "platinum",
        "url": "https://pokeapi.co/api/v2/version-group/9/"
      }
    },
    {
      "flavor_text": "The user hypnotizes\nitself into copying\nany stat change\nmade by the foe.\n",
      "language": {
        "name": "en",
        "url": "https://pokeapi.co/api/v2/language/9/"
      },
      "version_group": {
        "name": "heartgold-soulsilver",
        "url": "https://pokeapi.co/api/v2/version-group/10/"
      }
    },
    {
      "flavor_text": "Une autohypnose qui permet au lanceur\nde copier les changements de\nstats de la cible.",
      "language": {
        "name": "fr",
        "url": "https://pokeapi.co/api/v2/language/5/"
      },
      "version_group": {
        "name": "black-white",
        "url": "https://pokeapi.co/api/v2/version-group/11/"
      }
    },
    {
      "flavor_text": "The user hypnotizes itself into\ncopying any stat change made\nby the target.",
      "language": {
        "name": "en",
        "url": "https://pokeapi.co/api/v2/language/9/"
      },
      "version_group": {
        "name": "black-white",
        "url": "https://pokeapi.co/api/v2/version-group/11/"
      }
    },
    {
      "flavor_text": "The user hypnotizes itself into\ncopying any stat change made\nby the target.",
      "language": {
        "name": "en",
        "url": "https://pokeapi.co/api/v2/language/9/"
      },
      "version_group": {
        "name": "black-2-white-2",
        "url": "https://pokeapi.co/api/v2/version-group/14/"
      }
    },
    {
      "flavor_text": "\u3058\u3076\u3093\u306b\u3000\u3042\u3093\u3058\u3092\u3000\u304b\u3051\u308b\u3053\u3068\u3067\n\u306e\u3046\u308a\u3087\u304f\u3000\u3078\u3093\u304b\u306e\u3000\u3058\u3087\u3046\u305f\u3044\u3092\n\u3042\u3044\u3066\u3068\u3000\u304a\u306a\u3058\u306b\u3059\u308b\u3002",
      "language": {
        "name": "ja-Hrkt",
        "url": "https://pokeapi.co/api/v2/language/1/"
      },
      "version_group": {
        "name": "x-y",
        "url": "https://pokeapi.co/api/v2/version-group/15/"
      }
    },
    {
      "flavor_text": "\uc790\uc2e0\uc5d0\uac8c \uc554\uc2dc\ub97c \uac78\uc5b4\uc11c\n\ub2a5\ub825 \ubcc0\ud654 \uc0c1\ud0dc\ub97c\n\uc0c1\ub300\uc640 \ub611\uac19\uc740 \uc0c1\ud0dc\ub85c \ub9cc\ub4e0\ub2e4.",
      "language": {
        "name": "ko",
        "url": "https://pokeapi.co/api/v2/language/3/"
      },
      "version_group": {
        "name": "x-y",
        "url": "https://pokeapi.co/api/v2/version-group/15/"
      }
    },
    {
      "flavor_text": "Une autohypnose qui permet au lanceur de copier\nles changements de stats de la cible.",
      "language": {
        "name": "fr",
        "url": "https://pokeapi.co/api/v2/language/5/"
      },
      "version_group": {
        "name": "x-y",
        "url": "https://pokeapi.co/api/v2/version-group/15/"
      }
    },
    {
      "flavor_text": "Der Anwender hypnotisiert sich selbst, um die\nStatusver\u00e4nderungen des Zieles zu kopieren.",
      "language": {
        "name": "de",
        "url": "https://pokeapi.co/api/v2/language/6/"
      },
      "version_group": {
        "name": "x-y",
        "url": "https://pokeapi.co/api/v2/version-group/15/"
      }
    },
    {
      "flavor_text": "Quien lo usa se hipnotiza y copia cualquier cambio\nque haya en las caracter\u00edsticas de su objetivo.",
      "language": {
        "name": "es",
        "url": "https://pokeapi.co/api/v2/language/7/"
      },
      "version_group": {
        "name": "x-y",
        "url": "https://pokeapi.co/api/v2/version-group/15/"
      }
    },
    {
      "flavor_text": "Chi la usa s\u2019ipnotizza per copiare ogni modifica\nalle statistiche del bersaglio.",
      "language": {
        "name": "it",
        "url": "https://pokeapi.co/api/v2/language/8/"
      },
      "version_group": {
        "name": "x-y",
        "url": "https://pokeapi.co/api/v2/version-group/15/"
      }
    },
    {
      "flavor_text": "The user hypnotizes itself into\ncopying any stat change made\nby the target.",
      "language": {
        "name": "en",
        "url": "https://pokeapi.co/api/v2/language/9/"
      },
      "version_group": {
        "name": "x-y",
        "url": "https://pokeapi.co/api/v2/version-group/15/"
      }
    },
    {
      "flavor_text": "\u81ea\u5206\u306b\u3000\u6697\u793a\u3092\u3000\u304b\u3051\u308b\u3053\u3068\u3067\n\u80fd\u529b\u5909\u5316\u306e\u3000\u72b6\u614b\u3092\n\u76f8\u624b\u3068\u3000\u540c\u3058\u306b\u3059\u308b\u3002",
      "language": {
        "name": "ja",
        "url": "https://pokeapi.co/api/v2/language/11/"
      },
      "version_group": {
        "name": "x-y",
        "url": "https://pokeapi.co/api/v2/version-group/15/"
      }
    },
    {
      "flavor_text": "\u3058\u3076\u3093\u306b\u3000\u3042\u3093\u3058\u3092\u3000\u304b\u3051\u308b\u3053\u3068\u3067\n\u306e\u3046\u308a\u3087\u304f\u3000\u3078\u3093\u304b\u306e\u3000\u3058\u3087\u3046\u305f\u3044\u3092\n\u3042\u3044\u3066\u3068\u3000\u304a\u306a\u3058\u306b\u3059\u308b\u3002",
      "language": {
        "name": "ja-Hrkt",
        "url": "https://pokeapi.co/api/v2/language/1/"
      },
      "version_group": {
        "name": "omega-ruby-alpha-sapphire",
        "url": "https://pokeapi.co/api/v2/version-group/16/"
      }
    },
    {
      "flavor_text": "\uc790\uc2e0\uc5d0\uac8c \uc554\uc2dc\ub97c \uac78\uc5b4\uc11c\n\ub2a5\ub825 \ubcc0\ud654 \uc0c1\ud0dc\ub97c\n\uc0c1\ub300\uc640 \ub611\uac19\uc740 \uc0c1\ud0dc\ub85c \ub9cc\ub4e0\ub2e4.",
      "language": {
        "name": "ko",
        "url": "https://pokeapi.co/api/v2/language/3/"
      },
      "version_group": {
        "name": "omega-ruby-alpha-sapphire",
        "url": "https://pokeapi.co/api/v2/version-group/16/"
      }
    },
    {
      "flavor_text": "Une autohypnose qui permet au lanceur de copier\nles changements de stats de la cible.",
      "language": {
        "name": "fr",
        "url": "https://pokeapi.co/api/v2/language/5/"
      },
      "version_group": {
        "name": "omega-ruby-alpha-sapphire",
        "url": "https://pokeapi.co/api/v2/version-group/16/"
      }
    },
    {
      "flavor_text": "Der Anwender hypnotisiert sich selbst, um die\nStatusver\u00e4nderungen des Zieles zu kopieren.",
      "language": {
        "name": "de",
        "url": "https://pokeapi.co/api/v2/language/6/"
      },
      "version_group": {
        "name": "omega-ruby-alpha-sapphire",
        "url": "https://pokeapi.co/api/v2/version-group/16/"
      }
    },
    {
      "flavor_text": "Quien lo usa se sume en un trance y copia cualquier\ncambio que haya en las caracter\u00edsticas de su objetivo. ",
      "language": {
        "name": "es",
        "url": "https://pokeapi.co/api/v2/language/7/"
      },
      "version_group": {
        "name": "omega-ruby-alpha-sapphire",
        "url": "https://pokeapi.co/api/v2/version-group/16/"
      }
    },
    {
      "flavor_text": "Chi la usa s\u2019ipnotizza per copiare ogni modifica\nalle statistiche del bersaglio.",
      "language": {
        "name": "it",
        "url": "https://pokeapi.co/api/v2/language/8/"
      },
      "version_group": {
        "name": "omega-ruby-alpha-sapphire",
        "url": "https://pokeapi.co/api/v2/version-group/16/"
      }
    },
    {
      "flavor_text": "The user hypnotizes itself into\ncopying any stat change made\nby the target.",
      "language": {
        "name": "en",
        "url": "https://pokeapi.co/api/v2/language/9/"
      },
      "version_group": {
        "name": "omega-ruby-alpha-sapphire",
        "url": "https://pokeapi.co/api/v2/version-group/16/"
      }
    },
    {
      "flavor_text": "\u81ea\u5206\u306b\u3000\u6697\u793a\u3092\u3000\u304b\u3051\u308b\u3053\u3068\u3067\n\u80fd\u529b\u5909\u5316\u306e\u3000\u72b6\u614b\u3092\n\u76f8\u624b\u3068\u3000\u540c\u3058\u306b\u3059\u308b\u3002",
      "language": {
        "name": "ja",
        "url": "https://pokeapi.co/api/v2/language/11/"
      },
      "version_group": {
        "name": "omega-ruby-alpha-sapphire",
        "url": "https://pokeapi.co/api/v2/version-group/16/"
      }
    },
    {
      "flavor_text": "\u3058\u3076\u3093\u306b\u3000\u3042\u3093\u3058\u3092\u3000\u304b\u3051\u308b\u3053\u3068\u3067\n\u306e\u3046\u308a\u3087\u304f\u3000\u3078\u3093\u304b\u306e\u3000\u3058\u3087\u3046\u305f\u3044\u3092\n\u3042\u3044\u3066\u3068\u3000\u304a\u306a\u3058\u306b\u3059\u308b\u3002",
      "language": {
        "name": "ja-Hrkt",
        "url": "https://pokeapi.co/api/v2/language/1/"
      },
      "version_group": {
        "name": "sun-moon",
        "url": "https://pokeapi.co/api/v2/version-group/17/"
      }
    },
    {
      "flavor_text": "\uc790\uc2e0\uc5d0\uac8c \uc554\uc2dc\ub97c \uac78\uc5b4\uc11c\n\ub2a5\ub825 \ubcc0\ud654 \uc0c1\ud0dc\ub97c\n\uc0c1\ub300\uc640 \ub611\uac19\uc740 \uc0c1\ud0dc\ub85c \ub9cc\ub4e0\ub2e4.",
      "language": {
        "name": "ko",
        "url": "https://pokeapi.co/api/v2/language/3/"
      },
      "version_group": {
        "name": "sun-moon",
        "url": "https://pokeapi.co/api/v2/version-group/17/"
      }
    },
    {
      "flavor_text": "\u5411\u81ea\u5df1\u65bd\u52a0\u81ea\u6211\u6697\u793a\uff0c\n\u8b93\u80fd\u529b\u8b8a\u5316\u7684\u72c0\u614b\n\u8b8a\u5f97\u8207\u5c0d\u624b\u76f8\u540c\u3002",
      "language": {
        "name": "zh-Hant",
        "url": "https://pokeapi.co/api/v2/language/4/"
      },
      "version_group": {
        "name": "sun-moon",
        "url": "https://pokeapi.co/api/v2/version-group/17/"
      }
    },
    {
      "flavor_text": "Une autohypnose qui permet au lanceur de copier\nles changements de stats de la cible.",
      "language": {
        "name": "fr",
        "url": "https://pokeapi.co/api/v2/language/5/"
      },
      "version_group": {
        "name": "sun-moon",
        "url": "https://pokeapi.co/api/v2/version-group/17/"
      }
    },
    {
      "flavor_text": "Der Anwender hypnotisiert sich selbst, um die\nStatusver\u00e4nderungen des Zieles zu kopieren.",
      "language": {
        "name": "de",
        "url": "https://pokeapi.co/api/v2/language/6/"
      },
      "version_group": {
        "name": "sun-moon",
        "url": "https://pokeapi.co/api/v2/version-group/17/"
      }
    },
    {
      "flavor_text": "Quien lo usa se sume en un trance y copia cualquier\ncambio que haya en las caracter\u00edsticas de su\nobjetivo. ",
      "language": {
        "name": "es",
        "url": "https://pokeapi.co/api/v2/language/7/"
      },
      "version_group": {
        "name": "sun-moon",
        "url": "https://pokeapi.co/api/v2/version-group/17/"
      }
    },
    {
      "flavor_text": "Chi la usa s\u2019ipnotizza per copiare ogni modifica\nalle statistiche del bersaglio.",
      "language": {
        "name": "it",
        "url": "https://pokeapi.co/api/v2/language/8/"
      },
      "version_group": {
        "name": "sun-moon",
        "url": "https://pokeapi.co/api/v2/version-group/17/"
      }
    },
    {
      "flavor_text": "The user hypnotizes itself into copying any stat\nchange made by the target.",
      "language": {
        "name": "en",
        "url": "https://pokeapi.co/api/v2/language/9/"
      },
      "version_group": {
        "name": "sun-moon",
        "url": "https://pokeapi.co/api/v2/version-group/17/"
      }
    },
    {
      "flavor_text": "\u81ea\u5206\u306b\u3000\u6697\u793a\u3092\u3000\u304b\u3051\u308b\u3053\u3068\u3067\n\u80fd\u529b\u5909\u5316\u306e\u3000\u72b6\u614b\u3092\n\u76f8\u624b\u3068\u3000\u540c\u3058\u306b\u3059\u308b\u3002",
      "language": {
        "name": "ja",
        "url": "https://pokeapi.co/api/v2/language/11/"
      },
      "version_group": {
        "name": "sun-moon",
        "url": "https://pokeapi.co/api/v2/version-group/17/"
      }
    },
    {
      "flavor_text": "\u5411\u81ea\u5df1\u65bd\u4ee5\u81ea\u6211\u6697\u793a\uff0c\n\u5c06\u80fd\u529b\u53d8\u5316\u7684\u72b6\u6001\n\u53d8\u5f97\u548c\u5bf9\u624b\u4e00\u6837\u3002",
      "language": {
        "name": "zh-Hans",
        "url": "https://pokeapi.co/api/v2/language/12/"
      },
      "version_group": {
        "name": "sun-moon",
        "url": "https://pokeapi.co/api/v2/version-group/17/"
      }
    },
    {
      "flavor_text": "\u3058\u3076\u3093\u306b\u3000\u3042\u3093\u3058\u3092\u3000\u304b\u3051\u308b\u3053\u3068\u3067\n\u306e\u3046\u308a\u3087\u304f\u3000\u3078\u3093\u304b\u306e\u3000\u3058\u3087\u3046\u305f\u3044\u3092\n\u3042\u3044\u3066\u3068\u3000\u304a\u306a\u3058\u306b\u3059\u308b\u3002",
      "language": {
        "name": "ja-Hrkt",
        "url": "https://pokeapi.co/api/v2/language/1/"
      },
      "version_group": {
        "name": "ultra-sun-ultra-moon",
        "url": "https://pokeapi.co/api/v2/version-group/18/"
      }
    },
    {
      "flavor_text": "\uc790\uc2e0\uc5d0\uac8c \uc554\uc2dc\ub97c \uac78\uc5b4\uc11c\n\ub2a5\ub825 \ubcc0\ud654 \uc0c1\ud0dc\ub97c\n\uc0c1\ub300\uc640 \ub611\uac19\uc740 \uc0c1\ud0dc\ub85c \ub9cc\ub4e0\ub2e4.",
      "language": {
        "name": "ko",
        "url": "https://pokeapi.co/api/v2/language/3/"
      },
      "version_group": {
        "name": "ultra-sun-ultra-moon",
        "url": "https://pokeapi.co/api/v2/version-group/18/"
      }
    },
    {
      "flavor_text": "\u5411\u81ea\u5df1\u65bd\u52a0\u81ea\u6211\u6697\u793a\uff0c\n\u8b93\u80fd\u529b\u8b8a\u5316\u7684\u72c0\u614b\n\u8b8a\u5f97\u8207\u5c0d\u624b\u76f8\u540c\u3002",
      "language": {
        "name": "zh-Hant",
        "url": "https://pokeapi.co/api/v2/language/4/"
      },
      "version_group": {
        "name": "ultra-sun-ultra-moon",
        "url": "https://pokeapi.co/api/v2/version-group/18/"
      }
    },
    {
      "flavor_text": "Une autohypnose qui permet au lanceur de copier\nles changements de stats de la cible.",
      "language": {
        "name": "fr",
        "url": "https://pokeapi.co/api/v2/language/5/"
      },
      "version_group": {
        "name": "ultra-sun-ultra-moon",
        "url": "https://pokeapi.co/api/v2/version-group/18/"
      }
    },
    {
      "flavor_text": "Der Anwender hypnotisiert sich selbst, um die\nStatusver\u00e4nderungen des Zieles zu kopieren.",
      "language": {
        "name": "de",
        "url": "https://pokeapi.co/api/v2/language/6/"
      },
      "version_group": {
        "name": "ultra-sun-ultra-moon",
        "url": "https://pokeapi.co/api/v2/version-group/18/"
      }
    },
    {
      "flavor_text": "Quien lo usa se sume en un trance y copia cualquier\ncambio que haya en las caracter\u00edsticas de su\nobjetivo. ",
      "language": {
        "name": "es",
        "url": "https://pokeapi.co/api/v2/language/7/"
      },
      "version_group": {
        "name": "ultra-sun-ultra-moon",
        "url": "https://pokeapi.co/api/v2/version-group/18/"
      }
    },
    {
      "flavor_text": "Chi la usa s\u2019ipnotizza per copiare ogni modifica\nalle statistiche del bersaglio.",
      "language": {
        "name": "it",
        "url": "https://pokeapi.co/api/v2/language/8/"
      },
      "version_group": {
        "name": "ultra-sun-ultra-moon",
        "url": "https://pokeapi.co/api/v2/version-group/18/"
      }
    },
    {
      "flavor_text": "The user hypnotizes itself into copying any stat\nchange made by the target.",
      "language": {
        "name": "en",
        "url": "https://pokeapi.co/api/v2/language/9/"
      },
      "version_group": {
        "name": "ultra-sun-ultra-moon",
        "url": "https://pokeapi.co/api/v2/version-group/18/"
      }
    },
    {
      "flavor_text": "\u81ea\u5206\u306b\u3000\u6697\u793a\u3092\u3000\u304b\u3051\u308b\u3053\u3068\u3067\n\u80fd\u529b\u5909\u5316\u306e\u3000\u72b6\u614b\u3092\n\u76f8\u624b\u3068\u3000\u540c\u3058\u306b\u3059\u308b\u3002",
      "language": {
        "name": "ja",
        "url": "https://pokeapi.co/api/v2/language/11/"
      },
      "version_group": {
        "name": "ultra-sun-ultra-moon",
        "url": "https://pokeapi.co/api/v2/version-group/18/"
      }
    },
    {
      "flavor_text": "\u5411\u81ea\u5df1\u65bd\u4ee5\u81ea\u6211\u6697\u793a\uff0c\n\u5c06\u80fd\u529b\u53d8\u5316\u7684\u72b6\u6001\n\u53d8\u5f97\u548c\u5bf9\u624b\u4e00\u6837\u3002",
      "language": {
        "name": "zh-Hans",
        "url": "https://pokeapi.co/api/v2/language/12/"
      },
      "version_group": {
        "name": "ultra-sun-ultra-moon",
        "url": "https://pokeapi.co/api/v2/version-group/18/"
      }
    },
    {
      "flavor_text": "\u3058\u3076\u3093\u306b\u3000\u3042\u3093\u3058\u3092\u3000\u304b\u3051\u308b\u3053\u3068\u3067\n\u306e\u3046\u308a\u3087\u304f\u3000\u3078\u3093\u304b\u306e\u3000\u3058\u3087\u3046\u305f\u3044\u3092\n\u3042\u3044\u3066\u3068\u3000\u304a\u306a\u3058\u306b\u3059\u308b\u3002",
      "language": {
        "name": "ja-Hrkt",
        "url": "https://pokeapi.co/api/v2/language/1/"
      },
      "version_group": {
        "name": "lets-go-pikachu-lets-go-eevee",
        "url": "https://pokeapi.co/api/v2/version-group/19/"
      }
    },
    {
      "flavor_text": "\uc790\uc2e0\uc5d0\uac8c \uc554\uc2dc\ub97c \uac78\uc5b4\uc11c\n\ub2a5\ub825 \ubcc0\ud654 \uc0c1\ud0dc\ub97c\n\uc0c1\ub300\uc640 \ub611\uac19\uc740 \uc0c1\ud0dc\ub85c \ub9cc\ub4e0\ub2e4.",
      "language": {
        "name": "ko",
        "url": "https://pokeapi.co/api/v2/language/3/"
      },
      "version_group": {
        "name": "lets-go-pikachu-lets-go-eevee",
        "url": "https://pokeapi.co/api/v2/version-group/19/"
      }
    },
    {
      "flavor_text": "\u5411\u81ea\u5df1\u65bd\u52a0\u81ea\u6211\u6697\u793a\uff0c\n\u8b93\u80fd\u529b\u8b8a\u5316\u7684\u72c0\u614b\n\u8b8a\u5f97\u8207\u5c0d\u624b\u76f8\u540c\u3002",
      "language": {
        "name": "zh-Hant",
        "url": "https://pokeapi.co/api/v2/language/4/"
      },
      "version_group": {
        "name": "lets-go-pikachu-lets-go-eevee",
        "url": "https://pokeapi.co/api/v2/version-group/19/"
      }
    },
    {
      "flavor_text": "Une autohypnose qui permet au lanceur de copier\nles changements de stats de la cible.",
      "language": {
        "name": "fr",
        "url": "https://pokeapi.co/api/v2/language/5/"
      },
      "version_group": {
        "name": "lets-go-pikachu-lets-go-eevee",
        "url": "https://pokeapi.co/api/v2/version-group/19/"
      }
    },
    {
      "flavor_text": "Der Anwender hypnotisiert sich selbst, um die\nStatusver\u00e4nderungen des Zieles zu kopieren.",
      "language": {
        "name": "de",
        "url": "https://pokeapi.co/api/v2/language/6/"
      },
      "version_group": {
        "name": "lets-go-pikachu-lets-go-eevee",
        "url": "https://pokeapi.co/api/v2/version-group/19/"
      }
    },
    {
      "flavor_text": "Quien lo usa se sume en un trance y copia cualquier\ncambio que haya en las caracter\u00edsticas de su\nobjetivo. ",
      "language": {
        "name": "es",
        "url": "https://pokeapi.co/api/v2/language/7/"
      },
      "version_group": {
        "name": "lets-go-pikachu-lets-go-eevee",
        "url": "https://pokeapi.co/api/v2/version-group/19/"
      }
    },
    {
      "flavor_text": "Chi la usa s\u2019ipnotizza per copiare ogni modifica\nalle statistiche del bersaglio.",
      "language": {
        "name": "it",
        "url": "https://pokeapi.co/api/v2/language/8/"
      },
      "version_group": {
        "name": "lets-go-pikachu-lets-go-eevee",
        "url": "https://pokeapi.co/api/v2/version-group/19/"
      }
    },
    {
      "flavor_text": "The user hypnotizes itself into copying any stat\nchange made by the target.",
      "language": {
        "name": "en",
        "url": "https://pokeapi.co/api/v2/language/9/"
      },
      "version_group": {
        "name": "lets-go-pikachu-lets-go-eevee",
        "url": "https://pokeapi.co/api/v2/version-group/19/"
      }
    },
    {
      "flavor_text": "\u81ea\u5206\u306b\u3000\u6697\u793a\u3092\u3000\u304b\u3051\u308b\u3053\u3068\u3067\n\u80fd\u529b\u5909\u5316\u306e\u3000\u72b6\u614b\u3092\n\u76f8\u624b\u3068\u3000\u540c\u3058\u306b\u3059\u308b\u3002",
      "language": {
        "name": "ja",
        "url": "https://pokeapi.co/api/v2/language/11/"
      },
      "version_group": {
        "name": "lets-go-pikachu-lets-go-eevee",
        "url": "https://pokeapi.co/api/v2/version-group/19/"
      }
    },
    {
      "flavor_text": "\u5411\u81ea\u5df1\u65bd\u4ee5\u81ea\u6211\u6697\u793a\uff0c\n\u5c06\u80fd\u529b\u53d8\u5316\u7684\u72b6\u6001\n\u53d8\u5f97\u548c\u5bf9\u624b\u4e00\u6837\u3002",
      "language": {
        "name": "zh-Hans",
        "url": "https://pokeapi.co/api/v2/language/12/"
      },
      "version_group": {
        "name": "lets-go-pikachu-lets-go-eevee",
        "url": "https://pokeapi.co/api/v2/version-group/19/"
      }
    },
    {
      "flavor_text": "\u3058\u3076\u3093\u306b\u3000\u3042\u3093\u3058\u3092\u3000\u304b\u3051\u308b\u3053\u3068\u3067\n\u306e\u3046\u308a\u3087\u304f\u3000\u3078\u3093\u304b\u306e\u3000\u3058\u3087\u3046\u305f\u3044\u3092\n\u3042\u3044\u3066\u3068\u3000\u304a\u306a\u3058\u306b\u3059\u308b\u3002",
      "language": {
        "name": "ja-Hrkt",
        "url": "https://pokeapi.co/api/v2/language/1/"
      },
      "version_group": {
        "name": "sword-shield",
        "url": "https://pokeapi.co/api/v2/version-group/20/"
      }
    },
    {
      "flavor_text": "\uc790\uc2e0\uc5d0\uac8c \uc554\uc2dc\ub97c \uac78\uc5b4\uc11c\n\ub2a5\ub825 \ubcc0\ud654 \uc0c1\ud0dc\ub97c\n\uc0c1\ub300\uc640 \ub611\uac19\uc740 \uc0c1\ud0dc\ub85c \ub9cc\ub4e0\ub2e4.",
      "language": {
        "name": "ko",
        "url": "https://pokeapi.co/api/v2/language/3/"
      },
      "version_group": {
        "name": "sword-shield",
        "url": "https://pokeapi.co/api/v2/version-group/20/"
      }
    },
    {
      "flavor_text": "\u5411\u81ea\u5df1\u65bd\u52a0\u81ea\u6211\u6697\u793a\uff0c\n\u8b93\u80fd\u529b\u8b8a\u5316\u7684\u72c0\u614b\n\u8b8a\u5f97\u8207\u5c0d\u624b\u76f8\u540c\u3002",
      "language": {
        "name": "zh-Hant",
        "url": "https://pokeapi.co/api/v2/language/4/"
      },
      "version_group": {
        "name": "sword-shield",
        "url": "https://pokeapi.co/api/v2/version-group/20/"
      }
    },
    {
      "flavor_text": "Une autohypnose qui permet au lanceur de copier\nles changements de stats de la cible.",
      "language": {
        "name": "fr",
        "url": "https://pokeapi.co/api/v2/language/5/"
      },
      "version_group": {
        "name": "sword-shield",
        "url": "https://pokeapi.co/api/v2/version-group/20/"
      }
    },
    {
      "flavor_text": "Der Anwender hypnotisiert sich selbst, um die\nStatusver\u00e4nderungen des Zieles zu kopieren.",
      "language": {
        "name": "de",
        "url": "https://pokeapi.co/api/v2/language/6/"
      },
      "version_group": {
        "name": "sword-shield",
        "url": "https://pokeapi.co/api/v2/version-group/20/"
      }
    },
    {
      "flavor_text": "Quien lo usa se sume en un trance y copia cualquier\ncambio que haya en las caracter\u00edsticas de su objetivo.",
      "language": {
        "name": "es",
        "url": "https://pokeapi.co/api/v2/language/7/"
      },
      "version_group": {
        "name": "sword-shield",
        "url": "https://pokeapi.co/api/v2/version-group/20/"
      }
    },
    {
      "flavor_text": "Chi la usa s\u2019ipnotizza per copiare ogni modifica\nalle statistiche del bersaglio.",
      "language": {
        "name": "it",
        "url": "https://pokeapi.co/api/v2/language/8/"
      },
      "version_group": {
        "name": "sword-shield",
        "url": "https://pokeapi.co/api/v2/version-group/20/"
      }
    },
    {
      "flavor_text": "The user hypnotizes itself into copying any stat\nchange made by the target.",
      "language": {
        "name": "en",
        "url": "https://pokeapi.co/api/v2/language/9/"
      },
      "version_group": {
        "name": "sword-shield",
        "url": "https://pokeapi.co/api/v2/version-group/20/"
      }
    },
    {
      "flavor_text": "\u81ea\u5206\u306b\u3000\u6697\u793a\u3092\u3000\u304b\u3051\u308b\u3053\u3068\u3067\n\u80fd\u529b\u5909\u5316\u306e\u3000\u72b6\u614b\u3092\n\u76f8\u624b\u3068\u3000\u540c\u3058\u306b\u3059\u308b\u3002",
      "language": {
        "name": "ja",
        "url": "https://pokeapi.co/api/v2/language/11/"
      },
      "version_group": {
        "name": "sword-shield",
        "url": "https://pokeapi.co/api/v2/version-group/20/"
      }
    },
    {
      "flavor_text": "\u5411\u81ea\u5df1\u65bd\u4ee5\u81ea\u6211\u6697\u793a\uff0c\n\u5c06\u80fd\u529b\u53d8\u5316\u7684\u72b6\u6001\n\u53d8\u5f97\u548c\u5bf9\u624b\u4e00\u6837\u3002",
      "language": {
        "name": "zh-Hans",
        "url": "https://pokeapi.co/api/v2/language/12/"
      },
      "version_group": {
        "name": "sword-shield",
        "url": "https://pokeapi.co/api/v2/version-group/20/"
      }
    },
    {
      "flavor_text": "The user hypnotizes itself into copying any stat change made by the target.",
      "language": {
        "name": "en",
        "url": "https://pokeapi.co/api/v2/language/9/"
      },
      "version_group": {
        "name": "legends-arceus",
        "url": "https://pokeapi.co/api/v2/version-group/24/"
      }
    },
    {
      "flavor_text": "The user hypnotizes itself into copying any stat change made by the target.",
      "language": {
        "name": "en",
        "url": "https://pokeapi.co/api/v2/language/9/"
      },
      "version_group": {
        "name": "scarlet-violet",
        "url": "https://pokeapi.co/api/v2/version-group/25/"
      }
    }
  ],
  "generation": {
    "name": "generation-ii",
    "url": "https://pokeapi.co/api/v2/generation/2/"
  },
  "id": 244,
  "learned_by_pokemon": [
    {
      "name": "butterfree",
      "url": "https://pokeapi.co/api/v2/pokemon/12/"
    },
    {
      "name": "clefairy",
      "url": "https://pokeapi.co/api/v2/pokemon/35/"
    },
    {
      "name": "clefable",
      "url": "https://pokeapi.co/api/v2/pokemon/36/"
    },
    {
      "name": "vulpix",
      "url": "https://pokeapi.co/api/v2/pokemon/37/"
    },
    {
      "name": "ninetales",
      "url": "https://pokeapi.co/api/v2/pokemon/38/"
    },
    {
      "name": "jigglypuff",
      "url": "https://pokeapi.co/api/v2/pokemon/39/"
    },
    {
      "name": "wigglytuff",
      "url": "https://pokeapi.co/api/v2/pokemon/40/"
    },
    {
      "name": "meowth",
      "url": "https://pokeapi.co/api/v2/pokemon/52/"
    },
    {
      "name": "persian",
      "url": "https://pokeapi.co/api/v2/pokemon/53/"
    },
    {
      "name": "psyduck",
      "url": "https://pokeapi.co/api/v2/pokemon/54/"
    },
    {
      "name": "golduck",
      "url": "https://pokeapi.co/api/v2/pokemon/55/"
    },
    {
      "name": "mankey",
      "url": "https://pokeapi.co/api/v2/pokemon/56/"
    },
    {
      "name": "primeape",
      "url": "https://pokeapi.co/api/v2/pokemon/57/"
    },
    {
      "name": "poliwhirl",
      "url": "https://pokeapi.co/api/v2/pokemon/61/"
    },
    {
      "name": "poliwrath",
      "url": "https://pokeapi.co/api/v2/pokemon/62/"
    },
    {
      "name": "abra",
      "url": "https://pokeapi.co/api/v2/pokemon/63/"
    },
    {
      "name": "kadabra",
      "url": "https://pokeapi.co/api/v2/pokemon/64/"
    },
    {
      "name": "alakazam",
      "url": "https://pokeapi.co/api/v2/pokemon/65/"
    },
    {
      "name": "slowpoke",
      "url": "https://pokeapi.co/api/v2/pokemon/79/"
    },
    {
      "name": "slowbro",
      "url": "https://pokeapi.co/api/v2/pokemon/80/"
    },
    {
      "name": "magnemite",
      "url": "https://pokeapi.co/api/v2/pokemon/81/"
    },
    {
      "name": "magneton",
      "url": "https://pokeapi.co/api/v2/pokemon/82/"
    },
    {
      "name": "farfetchd",
      "url": "https://pokeapi.co/api/v2/pokemon/83/"
    },
    {
      "name": "gastly",
      "url": "https://pokeapi.co/api/v2/pokemon/92/"
    },
    {
      "name": "haunter",
      "url": "https://pokeapi.co/api/v2/pokemon/93/"
    },
    {
      "name": "gengar",
      "url": "https://pokeapi.co/api/v2/pokemon/94/"
    },
    {
      "name": "onix",
      "url": "https://pokeapi.co/api/v2/pokemon/95/"
    },
    {
      "name": "drowzee",
      "url": "https://pokeapi.co/api/v2/pokemon/96/"
    },
    {
      "name": "hypno",
      "url": "https://pokeapi.co/api/v2/pokemon/97/"
    },
    {
      "name": "exeggcute",
      "url": "https://pokeapi.co/api/v2/pokemon/102/"
    },
    {
      "name": "exeggutor",
      "url": "https://pokeapi.co/api/v2/pokemon/103/"
    },
    {
      "name": "lickitung",
      "url": "https://pokeapi.co/api/v2/pokemon/108/"
    },
    {
      "name": "chansey",
      "url": "https://pokeapi.co/api/v2/pokemon/113/"
    },
    {
      "name": "tangela",
      "url": "https://pokeapi.co/api/v2/pokemon/114/"
    },
    {
      "name": "staryu",
      "url": "https://pokeapi.co/api/v2/pokemon/120/"
    },
    {
      "name": "starmie",
      "url": "https://pokeapi.co/api/v2/pokemon/121/"
    },
    {
      "name": "mr-mime",
      "url": "https://pokeapi.co/api/v2/pokemon/122/"
    },
    {
      "name": "jynx",
      "url": "https://pokeapi.co/api/v2/pokemon/124/"
    },
    {
      "name": "porygon",
      "url": "https://pokeapi.co/api/v2/pokemon/137/"
    },
    {
      "name": "snorlax",
      "url": "https://pokeapi.co/api/v2/pokemon/143/"
    },
    {
      "name": "mewtwo",
      "url": "https://pokeapi.co/api/v2/pokemon/150/"
    },
    {
      "name": "mew",
      "url": "https://pokeapi.co/api/v2/pokemon/151/"
    },
    {
      "name": "hoothoot",
      "url": "https://pokeapi.co/api/v2/pokemon/163/"
    },
    {
      "name": "noctowl",
      "url": "https://pokeapi.co/api/v2/pokemon/164/"
    },
    {
      "name": "cleffa",
      "url": "https://pokeapi.co/api/v2/pokemon/173/"
    },
    {
      "name": "igglybuff",
      "url": "https://pokeapi.co/api/v2/pokemon/174/"
    },
    {
      "name": "togepi",
      "url": "https://pokeapi.co/api/v2/pokemon/175/"
    },
    {
      "name": "togetic",
      "url": "https://pokeapi.co/api/v2/pokemon/176/"
    },
    {
      "name": "natu",
      "url": "https://pokeapi.co/api/v2/pokemon/177/"
    },
    {
      "name": "xatu",
      "url": "https://pokeapi.co/api/v2/pokemon/178/"
    },
    {
      "name": "sudowoodo",
      "url": "https://pokeapi.co/api/v2/pokemon/185/"
    },
    {
      "name": "politoed",
      "url": "https://pokeapi.co/api/v2/pokemon/186/"
    },
    {
      "name": "hoppip",
      "url": "https://pokeapi.co/api/v2/pokemon/187/"
    },
    {
      "name": "skiploom",
      "url": "https://pokeapi.co/api/v2/pokemon/188/"
    },
    {
      "name": "jumpluff",
      "url": "https://pokeapi.co/api/v2/pokemon/189/"
    },
    {
      "name": "yanma",
      "url": "https://pokeapi.co/api/v2/pokemon/193/"
    },
    {
      "name": "espeon",
      "url": "https://pokeapi.co/api/v2/pokemon/196/"
    },
    {
      "name": "umbreon",
      "url": "https://pokeapi.co/api/v2/pokemon/197/"
    },
    {
      "name": "murkrow",
      "url": "https://pokeapi.co/api/v2/pokemon/198/"
    },
    {
      "name": "slowking",
      "url": "https://pokeapi.co/api/v2/pokemon/199/"
    },
    {
      "name": "misdreavus",
      "url": "https://pokeapi.co/api/v2/pokemon/200/"
    },
    {
      "name": "girafarig",
      "url": "https://pokeapi.co/api/v2/pokemon/203/"
    },
    {
      "name": "dunsparce",
      "url": "https://pokeapi.co/api/v2/pokemon/206/"
    },
    {
      "name": "steelix",
      "url": "https://pokeapi.co/api/v2/pokemon/208/"
    },
    {
      "name": "sneasel",
      "url": "https://pokeapi.co/api/v2/pokemon/215/"
    },
    {
      "name": "porygon2",
      "url": "https://pokeapi.co/api/v2/pokemon/233/"
    },
    {
      "name": "stantler",
      "url": "https://pokeapi.co/api/v2/pokemon/234/"
    },
    {
      "name": "smoochum",
      "url": "https://pokeapi.co/api/v2/pokemon/238/"
    },
    {
      "name": "miltank",
      "url": "https://pokeapi.co/api/v2/pokemon/241/"
    },
    {
      "name": "blissey",
      "url": "https://pokeapi.co/api/v2/pokemon/242/"
    },
    {
      "name": "raikou",
      "url": "https://pokeapi.co/api/v2/pokemon/243/"
    },
    {
      "name": "entei",
      "url": "https://pokeapi.co/api/v2/pokemon/244/"
    },
    {
      "name": "suicune",
      "url": "https://pokeapi.co/api/v2/pokemon/245/"
    },
    {
      "name": "lugia",
      "url": "https://pokeapi.co/api/v2/pokemon/249/"
    },
    {
      "name": "ho-oh",
      "url": "https://pokeapi.co/api/v2/pokemon/250/"
    },
    {
      "name": "celebi",
      "url": "https://pokeapi.co/api/v2/pokemon/251/"
    },
    {
      "name": "poochyena",
      "url": "https://pokeapi.co/api/v2/pokemon/261/"
    },
    {
      "name": "mightyena",
      "url": "https://pokeapi.co/api/v2/pokemon/262/"
    },
    {
      "name": "nuzleaf",
      "url": "https://pokeapi.co/api/v2/pokemon/274/"
    },
    {
      "name": "shiftry",
      "url": "https://pokeapi.co/api/v2/pokemon/275/"
    },
    {
      "name": "ralts",
      "url": "https://pokeapi.co/api/v2/pokemon/280/"
    },
    {
      "name": "kirlia",
      "url": "https://pokeapi.co/api/v2/pokemon/281/"
    },
    {
      "name": "gardevoir",
      "url": "https://pokeapi.co/api/v2/pokemon/282/"
    },
    {
      "name": "surskit",
      "url": "https://pokeapi.co/api/v2/pokemon/283/"
    },
    {
      "name": "masquerain",
      "url": "https://pokeapi.co/api/v2/pokemon/284/"
    },
    {
      "name": "whismur",
      "url": "https://pokeapi.co/api/v2/pokemon/293/"
    },
    {
      "name": "loudred",
      "url": "https://pokeapi.co/api/v2/pokemon/294/"
    },
    {
      "name": "exploud",
      "url": "https://pokeapi.co/api/v2/pokemon/295/"
    },
    {
      "name": "skitty",
      "url": "https://pokeapi.co/api/v2/pokemon/300/"
    },
    {
      "name": "delcatty",
      "url": "https://pokeapi.co/api/v2/pokemon/301/"
    },
    {
      "name": "sableye",
      "url": "https://pokeapi.co/api/v2/pokemon/302/"
    },
    {
      "name": "mawile",
      "url": "https://pokeapi.co/api/v2/pokemon/303/"
    },
    {
      "name": "meditite",
      "url": "https://pokeapi.co/api/v2/pokemon/307/"
    },
    {
      "name": "medicham",
      "url": "https://pokeapi.co/api/v2/pokemon/308/"
    },
    {
      "name": "volbeat",
      "url": "https://pokeapi.co/api/v2/pokemon/313/"
    },
    {
      "name": "illumise",
      "url": "https://pokeapi.co/api/v2/pokemon/314/"
    },
    {
      "name": "roselia",
      "url": "https://pokeapi.co/api/v2/pokemon/315/"
    },
    {
      "name": "spoink",
      "url": "https://pokeapi.co/api/v2/pokemon/325/"
    },
    {
      "name": "grumpig",
      "url": "https://pokeapi.co/api/v2/pokemon/326/"
    },
    {
      "name": "spinda",
      "url": "https://pokeapi.co/api/v2/pokemon/327/"
    },
    {
      "name": "swablu",
      "url": "https://pokeapi.co/api/v2/pokemon/333/"
    },
    {
      "name": "altaria",
      "url": "https://pokeapi.co/api/v2/pokemon/334/"
    },
    {
      "name": "lunatone",
      "url": "https://pokeapi.co/api/v2/pokemon/337/"
    },
    {
      "name": "solrock",
      "url": "https://pokeapi.co/api/v2/pokemon/338/"
    },
    {
      "name": "baltoy",
      "url": "https://pokeapi.co/api/v2/pokemon/343/"
    },
    {
      "name": "claydol",
      "url": "https://pokeapi.co/api/v2/pokemon/344/"
    },
    {
      "name": "lileep",
      "url": "https://pokeapi.co/api/v2/pokemon/345/"
    },
    {
      "name": "cradily",
      "url": "https://pokeapi.co/api/v2/pokemon/346/"
    },
    {
      "name": "milotic",
      "url": "https://pokeapi.co/api/v2/pokemon/350/"
    },
    {
      "name": "castform",
      "url": "https://pokeapi.co/api/v2/pokemon/351/"
    },
    {
      "name": "kecleon",
      "url": "https://pokeapi.co/api/v2/pokemon/352/"
    },
    {
      "name": "shuppet",
      "url": "https://pokeapi.co/api/v2/pokemon/353/"
    },
    {
      "name": "banette",
      "url": "https://pokeapi.co/api/v2/pokemon/354/"
    },
    {
      "name": "duskull",
      "url": "https://pokeapi.co/api/v2/pokemon/355/"
    },
    {
      "name": "dusclops",
      "url": "https://pokeapi.co/api/v2/pokemon/356/"
    },
    {
      "name": "chimecho",
      "url": "https://pokeapi.co/api/v2/pokemon/358/"
    },
    {
      "name": "absol",
      "url": "https://pokeapi.co/api/v2/pokemon/359/"
    },
    {
      "name": "gorebyss",
      "url": "https://pokeapi.co/api/v2/pokemon/368/"
    },
    {
      "name": "relicanth",
      "url": "https://pokeapi.co/api/v2/pokemon/369/"
    },
    {
      "name": "luvdisc",
      "url": "https://pokeapi.co/api/v2/pokemon/370/"
    },
    {
      "name": "metang",
      "url": "https://pokeapi.co/api/v2/pokemon/375/"
    },
    {
      "name": "metagross",
      "url": "https://pokeapi.co/api/v2/pokemon/376/"
    },
    {
      "name": "regirock",
      "url": "https://pokeapi.co/api/v2/pokemon/377/"
    },
    {
      "name": "regice",
      "url": "https://pokeapi.co/api/v2/pokemon/378/"
    },
    {
      "name": "registeel",
      "url": "https://pokeapi.co/api/v2/pokemon/379/"
    },
    {
      "name": "latias",
      "url": "https://pokeapi.co/api/v2/pokemon/380/"
    },
    {
      "name": "latios",
      "url": "https://pokeapi.co/api/v2/pokemon/381/"
    },
    {
      "name": "kyogre",
      "url": "https://pokeapi.co/api/v2/pokemon/382/"
    },
    {
      "name": "groudon",
      "url": "https://pokeapi.co/api/v2/pokemon/383/"
    },
    {
      "name": "rayquaza",
      "url": "https://pokeapi.co/api/v2/pokemon/384/"
    },
    {
      "name": "jirachi",
      "url": "https://pokeapi.co/api/v2/pokemon/385/"
    },
    {
      "name": "deoxys-normal",
      "url": "https://pokeapi.co/api/v2/pokemon/386/"
    },
    {
      "name": "chimchar",
      "url": "https://pokeapi.co/api/v2/pokemon/390/"
    },
    {
      "name": "monferno",
      "url": "https://pokeapi.co/api/v2/pokemon/391/"
    },
    {
      "name": "infernape",
      "url": "https://pokeapi.co/api/v2/pokemon/392/"
    },
    {
      "name": "piplup",
      "url": "https://pokeapi.co/api/v2/pokemon/393/"
    },
    {
      "name": "prinplup",
      "url": "https://pokeapi.co/api/v2/pokemon/394/"
    },
    {
      "name": "empoleon",
      "url": "https://pokeapi.co/api/v2/pokemon/395/"
    },
    {
      "name": "budew",
      "url": "https://pokeapi.co/api/v2/pokemon/406/"
    },
    {
      "name": "roserade",
      "url": "https://pokeapi.co/api/v2/pokemon/407/"
    },
    {
      "name": "wormadam-plant",
      "url": "https://pokeapi.co/api/v2/pokemon/413/"
    },
    {
      "name": "mothim",
      "url": "https://pokeapi.co/api/v2/pokemon/414/"
    },
    {
      "name": "drifloon",
      "url": "https://pokeapi.co/api/v2/pokemon/425/"
    },
    {
      "name": "drifblim",
      "url": "https://pokeapi.co/api/v2/pokemon/426/"
    },
    {
      "name": "mismagius",
      "url": "https://pokeapi.co/api/v2/pokemon/429/"
    },
    {
      "name": "honchkrow",
      "url": "https://pokeapi.co/api/v2/pokemon/430/"
    },
    {
      "name": "glameow",
      "url": "https://pokeapi.co/api/v2/pokemon/431/"
    },
    {
      "name": "purugly",
      "url": "https://pokeapi.co/api/v2/pokemon/432/"
    },
    {
      "name": "chingling",
      "url": "https://pokeapi.co/api/v2/pokemon/433/"
    },
    {
      "name": "bronzor",
      "url": "https://pokeapi.co/api/v2/pokemon/436/"
    },
    {
      "name": "bronzong",
      "url": "https://pokeapi.co/api/v2/pokemon/437/"
    },
    {
      "name": "bonsly",
      "url": "https://pokeapi.co/api/v2/pokemon/438/"
    },
    {
      "name": "mime-jr",
      "url": "https://pokeapi.co/api/v2/pokemon/439/"
    },
    {
      "name": "happiny",
      "url": "https://pokeapi.co/api/v2/pokemon/440/"
    },
    {
      "name": "spiritomb",
      "url": "https://pokeapi.co/api/v2/pokemon/442/"
    },
    {
      "name": "riolu",
      "url": "https://pokeapi.co/api/v2/pokemon/447/"
    },
    {
      "name": "lucario",
      "url": "https://pokeapi.co/api/v2/pokemon/448/"
    },
    {
      "name": "finneon",
      "url": "https://pokeapi.co/api/v2/pokemon/456/"
    },
    {
      "name": "lumineon",
      "url": "https://pokeapi.co/api/v2/pokemon/457/"
    },
    {
      "name": "weavile",
      "url": "https://pokeapi.co/api/v2/pokemon/461/"
    },
    {
      "name": "magnezone",
      "url": "https://pokeapi.co/api/v2/pokemon/462/"
    },
    {
      "name": "lickilicky",
      "url": "https://pokeapi.co/api/v2/pokemon/463/"
    },
    {
      "name": "tangrowth",
      "url": "https://pokeapi.co/api/v2/pokemon/465/"
    },
    {
      "name": "togekiss",
      "url": "https://pokeapi.co/api/v2/pokemon/468/"
    },
    {
      "name": "yanmega",
      "url": "https://pokeapi.co/api/v2/pokemon/469/"
    },
    {
      "name": "porygon-z",
      "url": "https://pokeapi.co/api/v2/pokemon/474/"
    },
    {
      "name": "gallade",
      "url": "https://pokeapi.co/api/v2/pokemon/475/"
    },
    {
      "name": "dusknoir",
      "url": "https://pokeapi.co/api/v2/pokemon/477/"
    },
    {
      "name": "froslass",
      "url": "https://pokeapi.co/api/v2/pokemon/478/"
    },
    {
      "name": "rotom",
      "url": "https://pokeapi.co/api/v2/pokemon/479/"
    },
    {
      "name": "uxie",
      "url": "https://pokeapi.co/api/v2/pokemon/480/"
    },
    {
      "name": "mesprit",
      "url": "https://pokeapi.co/api/v2/pokemon/481/"
    },
    {
      "name": "azelf",
      "url": "https://pokeapi.co/api/v2/pokemon/482/"
    },
    {
      "name": "dialga",
      "url": "https://pokeapi.co/api/v2/pokemon/483/"
    },
    {
      "name": "palkia",
      "url": "https://pokeapi.co/api/v2/pokemon/484/"
    },
    {
      "name": "regigigas",
      "url": "https://pokeapi.co/api/v2/pokemon/486/"
    },
    {
      "name": "giratina-altered",
      "url": "https://pokeapi.co/api/v2/pokemon/487/"
    },
    {
      "name": "cresselia",
      "url": "https://pokeapi.co/api/v2/pokemon/488/"
    },
    {
      "name": "phione",
      "url": "https://pokeapi.co/api/v2/pokemon/489/"
    },
    {
      "name": "manaphy",
      "url": "https://pokeapi.co/api/v2/pokemon/490/"
    },
    {
      "name": "darkrai",
      "url": "https://pokeapi.co/api/v2/pokemon/491/"
    },
    {
      "name": "shaymin-land",
      "url": "https://pokeapi.co/api/v2/pokemon/492/"
    },
    {
      "name": "arceus",
      "url": "https://pokeapi.co/api/v2/pokemon/493/"
    },
    {
      "name": "victini",
      "url": "https://pokeapi.co/api/v2/pokemon/494/"
    },
    {
      "name": "watchog",
      "url": "https://pokeapi.co/api/v2/pokemon/505/"
    },
    {
      "name": "purrloin",
      "url": "https://pokeapi.co/api/v2/pokemon/509/"
    },
    {
      "name": "liepard",
      "url": "https://pokeapi.co/api/v2/pokemon/510/"
    },
    {
      "name": "munna",
      "url": "https://pokeapi.co/api/v2/pokemon/517/"
    },
    {
      "name": "musharna",
      "url": "https://pokeapi.co/api/v2/pokemon/518/"
    },
    {
      "name": "unfezant",
      "url": "https://pokeapi.co/api/v2/pokemon/521/"
    },
    {
      "name": "woobat",
      "url": "https://pokeapi.co/api/v2/pokemon/527/"
    },
    {
      "name": "swoobat",
      "url": "https://pokeapi.co/api/v2/pokemon/528/"
    },
    {
      "name": "audino",
      "url": "https://pokeapi.co/api/v2/pokemon/531/"
    },
    {
      "name": "lilligant",
      "url": "https://pokeapi.co/api/v2/pokemon/549/"
    },
    {
      "name": "sigilyph",
      "url": "https://pokeapi.co/api/v2/pokemon/561/"
    },
    {
      "name": "yamask",
      "url": "https://pokeapi.co/api/v2/pokemon/562/"
    },
    {
      "name": "cofagrigus",
      "url": "https://pokeapi.co/api/v2/pokemon/563/"
    },
    {
      "name": "zorua",
      "url": "https://pokeapi.co/api/v2/pokemon/570/"
    },
    {
      "name": "zoroark",
      "url": "https://pokeapi.co/api/v2/pokemon/571/"
    },
    {
      "name": "gothita",
      "url": "https://pokeapi.co/api/v2/pokemon/574/"
    },
    {
      "name": "gothorita",
      "url": "https://pokeapi.co/api/v2/pokemon/575/"
    },
    {
      "name": "gothitelle",
      "url": "https://pokeapi.co/api/v2/pokemon/576/"
    },
    {
      "name": "solosis",
      "url": "https://pokeapi.co/api/v2/pokemon/577/"
    },
    {
      "name": "duosion",
      "url": "https://pokeapi.co/api/v2/pokemon/578/"
    },
    {
      "name": "reuniclus",
      "url": "https://pokeapi.co/api/v2/pokemon/579/"
    },
    {
      "name": "frillish",
      "url": "https://pokeapi.co/api/v2/pokemon/592/"
    },
    {
      "name": "jellicent",
      "url": "https://pokeapi.co/api/v2/pokemon/593/"
    },
    {
      "name": "alomomola",
      "url": "https://pokeapi.co/api/v2/pokemon/594/"
    },
    {
      "name": "elgyem",
      "url": "https://pokeapi.co/api/v2/pokemon/605/"
    },
    {
      "name": "beheeyem",
      "url": "https://pokeapi.co/api/v2/pokemon/606/"
    },
    {
      "name": "litwick",
      "url": "https://pokeapi.co/api/v2/pokemon/607/"
    },
    {
      "name": "lampent",
      "url": "https://pokeapi.co/api/v2/pokemon/608/"
    },
    {
      "name": "chandelure",
      "url": "https://pokeapi.co/api/v2/pokemon/609/"
    },
    {
      "name": "mienfoo",
      "url": "https://pokeapi.co/api/v2/pokemon/619/"
    },
    {
      "name": "mienshao",
      "url": "https://pokeapi.co/api/v2/pokemon/620/"
    },
    {
      "name": "golett",
      "url": "https://pokeapi.co/api/v2/pokemon/622/"
    },
    {
      "name": "golurk",
      "url": "https://pokeapi.co/api/v2/pokemon/623/"
    },
    {
      "name": "vullaby",
      "url": "https://pokeapi.co/api/v2/pokemon/629/"
    },
    {
      "name": "mandibuzz",
      "url": "https://pokeapi.co/api/v2/pokemon/630/"
    },
    {
      "name": "deino",
      "url": "https://pokeapi.co/api/v2/pokemon/633/"
    },
    {
      "name": "zweilous",
      "url": "https://pokeapi.co/api/v2/pokemon/634/"
    },
    {
      "name": "hydreigon",
      "url": "https://pokeapi.co/api/v2/pokemon/635/"
    },
    {
      "name": "cobalion",
      "url": "https://pokeapi.co/api/v2/pokemon/638/"
    },
    {
      "name": "terrakion",
      "url": "https://pokeapi.co/api/v2/pokemon/639/"
    },
    {
      "name": "virizion",
      "url": "https://pokeapi.co/api/v2/pokemon/640/"
    },
    {
      "name": "keldeo-ordinary",
      "url": "https://pokeapi.co/api/v2/pokemon/647/"
    },
    {
      "name": "meloetta-aria",
      "url": "https://pokeapi.co/api/v2/pokemon/648/"
    },
    {
      "name": "fennekin",
      "url": "https://pokeapi.co/api/v2/pokemon/653/"
    },
    {
      "name": "braixen",
      "url": "https://pokeapi.co/api/v2/pokemon/654/"
    },
    {
      "name": "delphox",
      "url": "https://pokeapi.co/api/v2/pokemon/655/"
    },
    {
      "name": "vivillon",
      "url": "https://pokeapi.co/api/v2/pokemon/666/"
    },
    {
      "name": "espurr",
      "url": "https://pokeapi.co/api/v2/pokemon/677/"
    },
    {
      "name": "meowstic-male",
      "url": "https://pokeapi.co/api/v2/pokemon/678/"
    },
    {
      "name": "spritzee",
      "url": "https://pokeapi.co/api/v2/pokemon/682/"
    },
    {
      "name": "aromatisse",
      "url": "https://pokeapi.co/api/v2/pokemon/683/"
    },
    {
      "name": "swirlix",
      "url": "https://pokeapi.co/api/v2/pokemon/684/"
    },
    {
      "name": "slurpuff",
      "url": "https://pokeapi.co/api/v2/pokemon/685/"
    },
    {
      "name": "inkay",
      "url": "https://pokeapi.co/api/v2/pokemon/686/"
    },
    {
      "name": "malamar",
      "url": "https://pokeapi.co/api/v2/pokemon/687/"
    },
    {
      "name": "helioptile",
      "url": "https://pokeapi.co/api/v2/pokemon/694/"
    },
    {
      "name": "heliolisk",
      "url": "https://pokeapi.co/api/v2/pokemon/695/"
    },
    {
      "name": "amaura",
      "url": "https://pokeapi.co/api/v2/pokemon/698/"
    },
    {
      "name": "aurorus",
      "url": "https://pokeapi.co/api/v2/pokemon/699/"
    },
    {
      "name": "sylveon",
      "url": "https://pokeapi.co/api/v2/pokemon/700/"
    },
    {
      "name": "carbink",
      "url": "https://pokeapi.co/api/v2/pokemon/703/"
    },
    {
      "name": "klefki",
      "url": "https://pokeapi.co/api/v2/pokemon/707/"
    },
    {
      "name": "phantump",
      "url": "https://pokeapi.co/api/v2/pokemon/708/"
    },
    {
      "name": "trevenant",
      "url": "https://pokeapi.co/api/v2/pokemon/709/"
    },
    {
      "name": "xerneas",
      "url": "https://pokeapi.co/api/v2/pokemon/716/"
    },
    {
      "name": "diancie",
      "url": "https://pokeapi.co/api/v2/pokemon/719/"
    },
    {
      "name": "hoopa",
      "url": "https://pokeapi.co/api/v2/pokemon/720/"
    },
    {
      "name": "primarina",
      "url": "https://pokeapi.co/api/v2/pokemon/730/"
    },
    {
      "name": "toucannon",
      "url": "https://pokeapi.co/api/v2/pokemon/733/"
    },
    {
      "name": "oricorio-baile",
      "url": "https://pokeapi.co/api/v2/pokemon/741/"
    },
    {
      "name": "cutiefly",
      "url": "https://pokeapi.co/api/v2/pokemon/742/"
    },
    {
      "name": "ribombee",
      "url": "https://pokeapi.co/api/v2/pokemon/743/"
    },
    {
      "name": "comfey",
      "url": "https://pokeapi.co/api/v2/pokemon/764/"
    },
    {
      "name": "oranguru",
      "url": "https://pokeapi.co/api/v2/pokemon/765/"
    },
    {
      "name": "golisopod",
      "url": "https://pokeapi.co/api/v2/pokemon/768/"
    },
    {
      "name": "pyukumuku",
      "url": "https://pokeapi.co/api/v2/pokemon/771/"
    },
    {
      "name": "minior-red-meteor",
      "url": "https://pokeapi.co/api/v2/pokemon/774/"
    },
    {
      "name": "komala",
      "url": "https://pokeapi.co/api/v2/pokemon/775/"
    },
    {
      "name": "mimikyu-disguised",
      "url": "https://pokeapi.co/api/v2/pokemon/778/"
    },
    {
      "name": "drampa",
      "url": "https://pokeapi.co/api/v2/pokemon/780/"
    },
    {
      "name": "tapu-koko",
      "url": "https://pokeapi.co/api/v2/pokemon/785/"
    },
    {
      "name": "tapu-lele",
      "url": "https://pokeapi.co/api/v2/pokemon/786/"
    },
    {
      "name": "tapu-bulu",
      "url": "https://pokeapi.co/api/v2/pokemon/787/"
    },
    {
      "name": "tapu-fini",
      "url": "https://pokeapi.co/api/v2/pokemon/788/"
    },
    {
      "name": "solgaleo",
      "url": "https://pokeapi.co/api/v2/pokemon/791/"
    },
    {
      "name": "lunala",
      "url": "https://pokeapi.co/api/v2/pokemon/792/"
    },
    {
      "name": "marshadow",
      "url": "https://pokeapi.co/api/v2/pokemon/802/"
    },
    {
      "name": "inteleon",
      "url": "https://pokeapi.co/api/v2/pokemon/818/"
    },
    {
      "name": "hatenna",
      "url": "https://pokeapi.co/api/v2/pokemon/856/"
    },
    {
      "name": "hattrem",
      "url": "https://pokeapi.co/api/v2/pokemon/857/"
    },
    {
      "name": "hatterene",
      "url": "https://pokeapi.co/api/v2/pokemon/858/"
    },
    {
      "name": "alcremie",
      "url": "https://pokeapi.co/api/v2/pokemon/869/"
    },
    {
      "name": "falinks",
      "url": "https://pokeapi.co/api/v2/pokemon/870/"
    },
    {
      "name": "stonjourner",
      "url": "https://pokeapi.co/api/v2/pokemon/874/"
    },
    {
      "name": "indeedee-male",
      "url": "https://pokeapi.co/api/v2/pokemon/876/"
    },
    {
      "name": "calyrex",
      "url": "https://pokeapi.co/api/v2/pokemon/898/"
    },
    {
      "name": "wyrdeer",
      "url": "https://pokeapi.co/api/v2/pokemon/899/"
    },
    {
      "name": "enamorus-incarnate",
      "url": "https://pokeapi.co/api/v2/pokemon/905/"
    },
    {
      "name": "meowscarada",
      "url": "https://pokeapi.co/api/v2/pokemon/908/"
    },
    {
      "name": "quaxly",
      "url": "https://pokeapi.co/api/v2/pokemon/912/"
    },
    {
      "name": "quaxwell",
      "url": "https://pokeapi.co/api/v2/pokemon/913/"
    },
    {
      "name": "quaquaval",
      "url": "https://pokeapi.co/api/v2/pokemon/914/"
    },
    {
      "name": "fidough",
      "url": "https://pokeapi.co/api/v2/pokemon/926/"
    },
    {
      "name": "dachsbun",
      "url": "https://pokeapi.co/api/v2/pokemon/927/"
    },
    {
      "name": "arboliva",
      "url": "https://pokeapi.co/api/v2/pokemon/930/"
    },
    {
      "name": "armarouge",
      "url": "https://pokeapi.co/api/v2/pokemon/936/"
    },
    {
      "name": "ceruledge",
      "url": "https://pokeapi.co/api/v2/pokemon/937/"
    },
    {
      "name": "shroodle",
      "url": "https://pokeapi.co/api/v2/pokemon/944/"
    },
    {
      "name": "grafaiai",
      "url": "https://pokeapi.co/api/v2/pokemon/945/"
    },
    {
      "name": "rabsca",
      "url": "https://pokeapi.co/api/v2/pokemon/954/"
    },
    {
      "name": "espathra",
      "url": "https://pokeapi.co/api/v2/pokemon/956/"
    },
    {
      "name": "bombirdier",
      "url": "https://pokeapi.co/api/v2/pokemon/962/"
    },
    {
      "name": "finizen",
      "url": "https://pokeapi.co/api/v2/pokemon/963/"
    },
    {
      "name": "palafin-zero",
      "url": "https://pokeapi.co/api/v2/pokemon/964/"
    },
    {
      "name": "flamigo",
      "url": "https://pokeapi.co/api/v2/pokemon/973/"
    },
    {
      "name": "farigiraf",
      "url": "https://pokeapi.co/api/v2/pokemon/981/"
    },
    {
      "name": "dudunsparce-two-segment",
      "url": "https://pokeapi.co/api/v2/pokemon/982/"
    },
    {
      "name": "scream-tail",
      "url": "https://pokeapi.co/api/v2/pokemon/985/"
    },
    {
      "name": "iron-valiant",
      "url": "https://pokeapi.co/api/v2/pokemon/1006/"
    },
    {
      "name": "poltchageist",
      "url": "https://pokeapi.co/api/v2/pokemon/1012/"
    },
    {
      "name": "sinistcha",
      "url": "https://pokeapi.co/api/v2/pokemon/1013/"
    },
    {
      "name": "munkidori",
      "url": "https://pokeapi.co/api/v2/pokemon/1015/"
    },
    {
      "name": "fezandipiti",
      "url": "https://pokeapi.co/api/v2/pokemon/1016/"
    },
    {
      "name": "deoxys-attack",
      "url": "https://pokeapi.co/api/v2/pokemon/10001/"
    },
    {
      "name": "deoxys-defense",
      "url": "https://pokeapi.co/api/v2/pokemon/10002/"
    },
    {
      "name": "deoxys-speed",
      "url": "https://pokeapi.co/api/v2/pokemon/10003/"
    },
    {
      "name": "wormadam-sandy",
      "url": "https://pokeapi.co/api/v2/pokemon/10004/"
    },
    {
      "name": "wormadam-trash",
      "url": "https://pokeapi.co/api/v2/pokemon/10005/"
    },
    {
      "name": "shaymin-sky",
      "url": "https://pokeapi.co/api/v2/pokemon/10006/"
    },
    {
      "name": "giratina-origin",
      "url": "https://pokeapi.co/api/v2/pokemon/10007/"
    },
    {
      "name": "rotom-heat",
      "url": "https://pokeapi.co/api/v2/pokemon/10008/"
    },
    {
      "name": "rotom-wash",
      "url": "https://pokeapi.co/api/v2/pokemon/10009/"
    },
    {
      "name": "rotom-frost",
      "url": "https://pokeapi.co/api/v2/pokemon/10010/"
    },
    {
      "name": "rotom-fan",
      "url": "https://pokeapi.co/api/v2/pokemon/10011/"
    },
    {
      "name": "rotom-mow",
      "url": "https://pokeapi.co/api/v2/pokemon/10012/"
    },
    {
      "name": "castform-sunny",
      "url": "https://pokeapi.co/api/v2/pokemon/10013/"
    },
    {
      "name": "castform-rainy",
      "url": "https://pokeapi.co/api/v2/pokemon/10014/"
    },
    {
      "name": "castform-snowy",
      "url": "https://pokeapi.co/api/v2/pokemon/10015/"
    },
    {
      "name": "meloetta-pirouette",
      "url": "https://pokeapi.co/api/v2/pokemon/10018/"
    },
    {
      "name": "keldeo-resolute",
      "url": "https://pokeapi.co/api/v2/pokemon/10024/"
    },
    {
      "name": "meowstic-female",
      "url": "https://pokeapi.co/api/v2/pokemon/10025/"
    },
    {
      "name": "alakazam-mega",
      "url": "https://pokeapi.co/api/v2/pokemon/10037/"
    },
    {
      "name": "gengar-mega",
      "url": "https://pokeapi.co/api/v2/pokemon/10038/"
    },
    {
      "name": "mewtwo-mega-x",
      "url": "https://pokeapi.co/api/v2/pokemon/10043/"
    },
    {
      "name": "mewtwo-mega-y",
      "url": "https://pokeapi.co/api/v2/pokemon/10044/"
    },
    {
      "name": "gardevoir-mega",
      "url": "https://pokeapi.co/api/v2/pokemon/10051/"
    },
    {
      "name": "mawile-mega",
      "url": "https://pokeapi.co/api/v2/pokemon/10052/"
    },
    {
      "name": "medicham-mega",
      "url": "https://pokeapi.co/api/v2/pokemon/10054/"
    },
    {
      "name": "banette-mega",
      "url": "https://pokeapi.co/api/v2/pokemon/10056/"
    },
    {
      "name": "absol-mega",
      "url": "https://pokeapi.co/api/v2/pokemon/10057/"
    },
    {
      "name": "latias-mega",
      "url": "https://pokeapi.co/api/v2/pokemon/10062/"
    },
    {
      "name": "latios-mega",
      "url": "https://pokeapi.co/api/v2/pokemon/10063/"
    },
    {
      "name": "sableye-mega",
      "url": "https://pokeapi.co/api/v2/pokemon/10066/"
    },
    {
      "name": "altaria-mega",
      "url": "https://pokeapi.co/api/v2/pokemon/10067/"
    },
    {
      "name": "gallade-mega",
      "url": "https://pokeapi.co/api/v2/pokemon/10068/"
    },
    {
      "name": "audino-mega",
      "url": "https://pokeapi.co/api/v2/pokemon/10069/"
    },
    {
      "name": "slowbro-mega",
      "url": "https://pokeapi.co/api/v2/pokemon/10071/"
    },
    {
      "name": "steelix-mega",
      "url": "https://pokeapi.co/api/v2/pokemon/10072/"
    },
    {
      "name": "diancie-mega",
      "url": "https://pokeapi.co/api/v2/pokemon/10075/"
    },
    {
      "name": "metagross-mega",
      "url": "https://pokeapi.co/api/v2/pokemon/10076/"
    },
    {
      "name": "kyogre-primal",
      "url": "https://pokeapi.co/api/v2/pokemon/10077/"
    },
    {
      "name": "groudon-primal",
      "url": "https://pokeapi.co/api/v2/pokemon/10078/"
    },
    {
      "name": "rayquaza-mega",
      "url": "https://pokeapi.co/api/v2/pokemon/10079/"
    },
    {
      "name": "hoopa-unbound",
      "url": "https://pokeapi.co/api/v2/pokemon/10086/"
    },
    {
      "name": "vulpix-alola",
      "url": "https://pokeapi.co/api/v2/pokemon/10103/"
    },
    {
      "name": "ninetales-alola",
      "url": "https://pokeapi.co/api/v2/pokemon/10104/"
    },
    {
      "name": "meowth-alola",
      "url": "https://pokeapi.co/api/v2/pokemon/10107/"
    },
    {
      "name": "persian-alola",
      "url": "https://pokeapi.co/api/v2/pokemon/10108/"
    },
    {
      "name": "exeggutor-alola",
      "url": "https://pokeapi.co/api/v2/pokemon/10114/"
    },
    {
      "name": "oricorio-pom-pom",
      "url": "https://pokeapi.co/api/v2/pokemon/10123/"
    },
    {
      "name": "oricorio-pau",
      "url": "https://pokeapi.co/api/v2/pokemon/10124/"
    },
    {
      "name": "oricorio-sensu",
      "url": "https://pokeapi.co/api/v2/pokemon/10125/"
    },
    {
      "name": "minior-orange-meteor",
      "url": "https://pokeapi.co/api/v2/pokemon/10130/"
    },
    {
      "name": "minior-yellow-meteor",
      "url": "https://pokeapi.co/api/v2/pokemon/10131/"
    },
    {
      "name": "minior-green-meteor",
      "url": "https://pokeapi.co/api/v2/pokemon/10132/"
    },
    {
      "name": "minior-blue-meteor",
      "url": "https://pokeapi.co/api/v2/pokemon/10133/"
    },
    {
      "name": "minior-indigo-meteor",
      "url": "https://pokeapi.co/api/v2/pokemon/10134/"
    },
    {
      "name": "minior-violet-meteor",
      "url": "https://pokeapi.co/api/v2/pokemon/10135/"
    },
    {
      "name": "minior-red",
      "url": "https://pokeapi.co/api/v2/pokemon/10136/"
    },
    {
      "name": "minior-orange",
      "url": "https://pokeapi.co/api/v2/pokemon/10137/"
    },
    {
      "name": "minior-yellow",
      "url": "https://pokeapi.co/api/v2/pokemon/10138/"
    },
    {
      "name": "minior-green",
      "url": "https://pokeapi.co/api/v2/pokemon/10139/"
    },
    {
      "name": "minior-blue",
      "url": "https://pokeapi.co/api/v2/pokemon/10140/"
    },
    {
      "name": "minior-indigo",
      "url": "https://pokeapi.co/api/v2/pokemon/10141/"
    },
    {
      "name": "minior-violet",
      "url": "https://pokeapi.co/api/v2/pokemon/10142/"
    },
    {
      "name": "mimikyu-busted",
      "url": "https://pokeapi.co/api/v2/pokemon/10143/"
    },
    {
      "name": "mimikyu-totem-disguised",
      "url": "https://pokeapi.co/api/v2/pokemon/10144/"
    },
    {
      "name": "mimikyu-totem-busted",
      "url": "https://pokeapi.co/api/v2/pokemon/10145/"
    },
    {
      "name": "ribombee-totem",
      "url": "https://pokeapi.co/api/v2/pokemon/10150/"
    },
    {
      "name": "slowpoke-galar",
      "url": "https://pokeapi.co/api/v2/pokemon/10164/"
    },
    {
      "name": "slowbro-galar",
      "url": "https://pokeapi.co/api/v2/pokemon/10165/"
    },
    {
      "name": "slowking-galar",
      "url": "https://pokeapi.co/api/v2/pokemon/10172/"
    },
    {
      "name": "indeedee-female",
      "url": "https://pokeapi.co/api/v2/pokemon/10186/"
    },
    {
      "name": "lilligant-hisui",
      "url": "https://pokeapi.co/api/v2/pokemon/10237/"
    },
    {
      "name": "zorua-hisui",
      "url": "https://pokeapi.co/api/v2/pokemon/10238/"
    },
    {
      "name": "zoroark-hisui",
      "url": "https://pokeapi.co/api/v2/pokemon/10239/"
    },
    {
      "name": "braviary-hisui",
      "url": "https://pokeapi.co/api/v2/pokemon/10240/"
    },
    {
      "name": "enamorus-therian",
      "url": "https://pokeapi.co/api/v2/pokemon/10249/"
    },
    {
      "name": "dudunsparce-three-segment",
      "url": "https://pokeapi.co/api/v2/pokemon/10255/"
    },
    {
      "name": "palafin-hero",
      "url": "https://pokeapi.co/api/v2/pokemon/10256/"
    }
  ],
  "machines": [
    {
      "machine": {
        "url": "https://pokeapi.co/api/v2/machine/164/"
      },
      "version_group": {
        "name": "gold-silver",
        "url": "https://pokeapi.co/api/v2/version-group/3/"
      }
    },
    {
      "machine": {
        "url": "https://pokeapi.co/api/v2/machine/165/"
      },
      "version_group": {
        "name": "crystal",
        "url": "https://pokeapi.co/api/v2/version-group/4/"
      }
    },
    {
      "machine": {
        "url": "https://pokeapi.co/api/v2/machine/1272/"
      },
      "version_group": {
        "name": "diamond-pearl",
        "url": "https://pokeapi.co/api/v2/version-group/8/"
      }
    },
    {
      "machine": {
        "url": "https://pokeapi.co/api/v2/machine/1273/"
      },
      "version_group": {
        "name": "platinum",
        "url": "https://pokeapi.co/api/v2/version-group/9/"
      }
    },
    {
      "machine": {
        "url": "https://pokeapi.co/api/v2/machine/1274/"
      },
      "version_group": {
        "name": "heartgold-soulsilver",
        "url": "https://pokeapi.co/api/v2/version-group/10/"
      }
    },
    {
      "machine": {
        "url": "https://pokeapi.co/api/v2/machine/1275/"
      },
      "version_group": {
        "name": "black-white",
        "url": "https://pokeapi.co/api/v2/version-group/11/"
      }
    },
    {
      "machine": {
        "url": "https://pokeapi.co/api/v2/machine/1276/"
      },
      "version_group": {
        "name": "black-2-white-2",
        "url": "https://pokeapi.co/api/v2/version-group/14/"
      }
    },
    {
      "machine": {
        "url": "https://pokeapi.co/api/v2/machine/1277/"
      },
      "version_group": {
        "name": "x-y",
        "url": "https://pokeapi.co/api/v2/version-group/15/"
      }
    },
    {
      "machine": {
        "url": "https://pokeapi.co/api/v2/machine/1278/"
      },
      "version_group": {
        "name": "omega-ruby-alpha-sapphire",
        "url": "https://pokeapi.co/api/v2/version-group/16/"
      }
    },
    {
      "machine": {
        "url": "https://pokeapi.co/api/v2/machine/1279/"
      },
      "version_group": {
        "name": "sun-moon",
        "url": "https://pokeapi.co/api/v2/version-group/17/"
      }
    },
    {
      "machine": {
        "url": "https://pokeapi.co/api/v2/machine/1280/"
      },
      "version_group": {
        "name": "ultra-sun-ultra-moon",
        "url": "https://pokeapi.co/api/v2/version-group/18/"
      }
    },
    {
      "machine": {
        "url": "https://pokeapi.co/api/v2/machine/1908/"
      },
      "version_group": {
        "name": "scarlet-violet",
        "url": "https://pokeapi.co/api/v2/version-group/25/"
      }
    },
    {
      "machine": {
        "url": "https://pokeapi.co/api/v2/machine/2076/"
      },
      "version_group": {
        "name": "the-indigo-disk",
        "url": "https://pokeapi.co/api/v2/version-group/27/"
      }
    }
  ],
  "meta": {
    "ailment": {
      "name": "none",
      "url": "https://pokeapi.co/api/v2/move-ailment/0/"
    },
    "ailment_chance": 0,
    "category": {
      "name": "unique",
      "url": "https://pokeapi.co/api/v2/move-category/13/"
    },
    "crit_rate": 0,
    "drain": 0,
    "flinch_chance": 0,
    "healing": 0,
    "max_hits": null,
    "max_turns": null,
    "min_hits": null,
    "min_turns": null,
    "stat_chance": 0
  },
  "name": "psych-up",
  "names": [
    {
      "language": {
        "name": "ja-Hrkt",
        "url": "https://pokeapi.co/api/v2/language/1/"
      },
      "name": "\u3058\u3053\u3042\u3093\u3058"
    },
    {
      "language": {
        "name": "ko",
        "url": "https://pokeapi.co/api/v2/language/3/"
      },
      "name": "\uc790\uae30\uc554\uc2dc"
    },
    {
      "language": {
        "name": "zh-Hant",
        "url": "https://pokeapi.co/api/v2/language/4/"
      },
      "name": "\u81ea\u6211\u6697\u793a"
    },
    {
      "language": {
        "name": "fr",
        "url": "https://pokeapi.co/api/v2/language/5/"
      },
      "name": "Boost"
    },
    {
      "language": {
        "name": "de",
        "url": "https://pokeapi.co/api/v2/language/6/"
      },
      "name": "Psycho-Plus"
    },
    {
      "language": {
        "name": "es",
        "url": "https://pokeapi.co/api/v2/language/7/"
      },
      "name": "M\u00e1s Psique"
    },
    {
      "language": {
        "name": "it",
        "url": "https://pokeapi.co/api/v2/language/8/"
      },
      "name": "Psicamis\u00f9"
    },
    {
      "language": {
        "name": "en",
        "url": "https://pokeapi.co/api/v2/language/9/"
      },
      "name": "Psych Up"
    },
    {
      "language": {
        "name": "ja",
        "url": "https://pokeapi.co/api/v2/language/11/"
      },
      "name": "\u3058\u3053\u3042\u3093\u3058"
    },
    {
      "language": {
        "name": "zh-Hans",
        "url": "https://pokeapi.co/api/v2/language/12/"
      },
      "name": "\u81ea\u6211\u6697\u793a"
    }
  ],
  "past_values": [],
  "power": null,
  "pp": 10,
  "priority": 0,
  "stat_changes": [],
  "super_contest_effect": {
    "url": "https://pokeapi.co/api/v2/super-contest-effect/11/"
  },
  "target": {
    "name": "selected-pokemon",
    "url": "https://pokeapi.co/api/v2/move-target/10/"
  },
  "type": {
    "name": "normal",
    "url": "https://pokeapi.co/api/v2/type/1/"
  }
}