{
  "accuracy": 100,
  "contest_combos": {
    "normal": {
      "use_after": [
        {
          "name": "growth",
          "url": "https://pokeapi.co/api/v2/move/74/"
        },
        {
          "name": "sunny-day",
          "url": "https://pokeapi.co/api/v2/move/241/"
        }
      ],
      "use_before": null
    },
    "super": {
      "use_after": null,
      "use_before": null
    }
  },
  "contest_effect": {
    "url": "https://pokeapi.co/api/v2/contest-effect/1/"
  },
  "contest_type": {
    "name": "cool",
    "url": "https://pokeapi.co/api/v2/contest-type/1/"
  },
  "damage_class": {
    "name": "special",
    "url": "https://pokeapi.co/api/v2/move-damage-class/3/"
  },
  "effect_chance": null,
  "effect_changes": [],
  "effect_entries": [
    {
      "effect": "Inflicts regular damage.  User charges for one turn before attacking.\n\nDuring sunny day, the charge turn is skipped.\n\nDuring hail, rain dance, or sandstorm, power is halved.\n\nThis move cannot be selected by sleep talk.",
      "language": {
        "name": "en",
        "url": "https://pokeapi.co/api/v2/language/9/"
      },
      "short_effect": "Requires a turn to charge before attacking."
    }
  ],
  "flavor_text_entries": [
    {
      "flavor_text": "1st turn: Prepare\n2nd turn: Attack",
      "language": {
        "name": "en",
        "url": "https://pokeapi.co/api/v2/language/9/"
      },
      "version_group": {
        "name": "gold-silver",
        "url": "https://pokeapi.co/api/v2/version-group/3/"
      }
    },
    {
      "flavor_text": "1st turn: Prepare\n2nd turn: Attack",
      "language": {
        "name": "en",
        "url": "https://pokeapi.co/api/v2/language/9/"
      },
      "version_group": {
        "name": "crystal",
        "url": "https://pokeapi.co/api/v2/version-group/4/"
      }
    },
    {
      "flavor_text": "Absorbs light in one turn,\nthen attacks next turn.",
      "language": {
        "name": "en",
        "url": "https://pokeapi.co/api/v2/language/9/"
      },
      "version_group": {
        "name": "ruby-sapphire",
        "url": "https://pokeapi.co/api/v2/version-group/5/"
      }
    },
    {
      "flavor_text": "Absorbs light in one turn,\nthen attacks next turn.",
      "language": {
        "name": "en",
        "url": "https://pokeapi.co/api/v2/language/9/"
      },
      "version_group": {
        "name": "emerald",
        "url": "https://pokeapi.co/api/v2/version-group/6/"
      }
    },
    {
      "flavor_text": "A 2-turn move that\nblasts the foe with\nabsorbed energy in\nthe 2nd turn.",
      "language": {
        "name": "en",
        "url": "https://pokeapi.co/api/v2/language/9/"
      },
      "version_group": {
        "name": "firered-leafgreen",
        "url": "https://pokeapi.co/api/v2/version-group/7/"
      }
    },
    {
      "flavor_text": "A two-turn attack.\nThe user gathers\nlight, then blasts a\nbundled beam on the\nsecond turn.",
      "language": {
        "name": "en",
        "url": "https://pokeapi.co/api/v2/language/9/"
      },
      "version_group": {
        "name": "diamond-pearl",
        "url": "https://pokeapi.co/api/v2/version-group/8/"
      }
    },
    {
      "flavor_text": "A two-turn attack.\nThe user gathers\nlight, then blasts a\nbundled beam on the\nsecond turn.",
      "language": {
        "name": "en",
        "url": "https://pokeapi.co/api/v2/language/9/"
      },
      "version_group": {
        "name": "platinum",
        "url": "https://pokeapi.co/api/v2/version-group/9/"
      }
    },
    {
      "flavor_text": "A two-turn attack.\nThe user gathers\nlight, then blasts a\nbundled beam on the\nsecond turn.",
      "language": {
        "name": "en",
        "url": "https://pokeapi.co/api/v2/language/9/"
      },
      "version_group": {
        "name": "heartgold-soulsilver",
        "url": "https://pokeapi.co/api/v2/version-group/10/"
      }
    },
    {
      "flavor_text": "Absorbe la lumi\u00e8re au premier tour\net envoie un rayon puissant au\ntour suivant.",
      "language": {
        "name": "fr",
        "url": "https://pokeapi.co/api/v2/language/5/"
      },
      "version_group": {
        "name": "black-white",
        "url": "https://pokeapi.co/api/v2/version-group/11/"
      }
    },
    {
      "flavor_text": "A two-turn attack. The user gathers\nlight, then blasts a bundled beam on the\nsecond turn.",
      "language": {
        "name": "en",
        "url": "https://pokeapi.co/api/v2/language/9/"
      },
      "version_group": {
        "name": "black-white",
        "url": "https://pokeapi.co/api/v2/version-group/11/"
      }
    },
    {
      "flavor_text": "A two-turn attack. The user gathers\nlight, then blasts a bundled beam on the\nsecond turn.",
      "language": {
        "name": "en",
        "url": "https://pokeapi.co/api/v2/language/9/"
      },
      "version_group": {
        "name": "black-2-white-2",
        "url": "https://pokeapi.co/api/v2/version-group/14/"
      }
    },
    {
      "flavor_text": "\uff11\u30bf\u30fc\u30f3\u3081\u306b\u3000\u3072\u304b\u308a\u3092\u3000\u3044\u3063\u3071\u3044\u306b\n\u3042\u3064\u3081\u3000\uff12\u30bf\u30fc\u30f3\u3081\u306b\u3000\u3072\u304b\u308a\u306e\u3000\u305f\u3070\u3092\n\u306f\u3063\u3057\u3083\u3057\u3066\u3000\u3053\u3046\u3052\u304d\u3059\u308b\u3002",
      "language": {
        "name": "ja-Hrkt",
        "url": "https://pokeapi.co/api/v2/language/1/"
      },
      "version_group": {
        "name": "x-y",
        "url": "https://pokeapi.co/api/v2/version-group/15/"
      }
    },
    {
      "flavor_text": "1\ud134\uc9f8\uc5d0 \ube5b\uc744 \uac00\ub4dd \ubaa8\uc544\n2\ud134\uc9f8\uc5d0 \ube5b\uc758 \ub2e4\ubc1c\uc744\n\ubc1c\uc0ac\ud558\uc5ec \uacf5\uaca9\ud55c\ub2e4.",
      "language": {
        "name": "ko",
        "url": "https://pokeapi.co/api/v2/language/3/"
      },
      "version_group": {
        "name": "x-y",
        "url": "https://pokeapi.co/api/v2/version-group/15/"
      }
    },
    {
      "flavor_text": "Absorbe la lumi\u00e8re au premier tour et envoie un\nrayon puissant au tour suivant.",
      "language": {
        "name": "fr",
        "url": "https://pokeapi.co/api/v2/language/5/"
      },
      "version_group": {
        "name": "x-y",
        "url": "https://pokeapi.co/api/v2/version-group/15/"
      }
    },
    {
      "flavor_text": "Absorbiert Licht in Runde 1.\nIn Runde 2 erfolgt der Angriff.",
      "language": {
        "name": "de",
        "url": "https://pokeapi.co/api/v2/language/6/"
      },
      "version_group": {
        "name": "x-y",
        "url": "https://pokeapi.co/api/v2/version-group/15/"
      }
    },
    {
      "flavor_text": "Primer turno: absorbe luz. Segundo turno: lanza\nun potente rayo de energ\u00eda.",
      "language": {
        "name": "es",
        "url": "https://pokeapi.co/api/v2/language/7/"
      },
      "version_group": {
        "name": "x-y",
        "url": "https://pokeapi.co/api/v2/version-group/15/"
      }
    },
    {
      "flavor_text": "Chi la usa assorbe luce al primo turno per\nproiettare un raggio intenso al turno successivo.",
      "language": {
        "name": "it",
        "url": "https://pokeapi.co/api/v2/language/8/"
      },
      "version_group": {
        "name": "x-y",
        "url": "https://pokeapi.co/api/v2/version-group/15/"
      }
    },
    {
      "flavor_text": "A two-turn attack. The user gathers\nlight, then blasts a bundled beam on the\nnext turn.",
      "language": {
        "name": "en",
        "url": "https://pokeapi.co/api/v2/language/9/"
      },
      "version_group": {
        "name": "x-y",
        "url": "https://pokeapi.co/api/v2/version-group/15/"
      }
    },
    {
      "flavor_text": "\uff11\u30bf\u30fc\u30f3\u76ee\u306b\u3000\u5149\u3092\u3000\u3044\u3063\u3071\u3044\u306b\u3000\u96c6\u3081\n\uff12\u30bf\u30fc\u30f3\u76ee\u306b\u3000\u5149\u306e\u3000\u675f\u3092\n\u767a\u5c04\u3057\u3066\u3000\u653b\u6483\u3059\u308b\u3002",
      "language": {
        "name": "ja",
        "url": "https://pokeapi.co/api/v2/language/11/"
      },
      "version_group": {
        "name": "x-y",
        "url": "https://pokeapi.co/api/v2/version-group/15/"
      }
    },
    {
      "flavor_text": "\uff11\u30bf\u30fc\u30f3\u3081\u306b\u3000\u3072\u304b\u308a\u3092\u3000\u3044\u3063\u3071\u3044\u306b\n\u3042\u3064\u3081\u3000\uff12\u30bf\u30fc\u30f3\u3081\u306b\u3000\u3072\u304b\u308a\u306e\u3000\u305f\u3070\u3092\n\u306f\u3063\u3057\u3083\u3057\u3066\u3000\u3053\u3046\u3052\u304d\u3059\u308b\u3002",
      "language": {
        "name": "ja-Hrkt",
        "url": "https://pokeapi.co/api/v2/language/1/"
      },
      "version_group": {
        "name": "omega-ruby-alpha-sapphire",
        "url": "https://pokeapi.co/api/v2/version-group/16/"
      }
    },
    {
      "flavor_text": "1\ud134\uc9f8\uc5d0 \ube5b\uc744 \uac00\ub4dd \ubaa8\uc544\n2\ud134\uc9f8\uc5d0 \ube5b\uc758 \ub2e4\ubc1c\uc744\n\ubc1c\uc0ac\ud558\uc5ec \uacf5\uaca9\ud55c\ub2e4.",
      "language": {
        "name": "ko",
        "url": "https://pokeapi.co/api/v2/language/3/"
      },
      "version_group": {
        "name": "omega-ruby-alpha-sapphire",
        "url": "https://pokeapi.co/api/v2/version-group/16/"
      }
    },
    {
      "flavor_text": "Absorbe la lumi\u00e8re au premier tour et envoie un\nrayon puissant au tour suivant.",
      "language": {
        "name": "fr",
        "url": "https://pokeapi.co/api/v2/language/5/"
      },
      "version_group": {
        "name": "omega-ruby-alpha-sapphire",
        "url": "https://pokeapi.co/api/v2/version-group/16/"
      }
    },
    {
      "flavor_text": "Absorbiert Licht in Runde 1.\nIn Runde 2 erfolgt der Angriff.",
      "language": {
        "name": "de",
        "url": "https://pokeapi.co/api/v2/language/6/"
      },
      "version_group": {
        "name": "omega-ruby-alpha-sapphire",
        "url": "https://pokeapi.co/api/v2/version-group/16/"
      }
    },
    {
      "flavor_text": "Primer turno: absorbe luz.\nSegundo turno: lanza un potente rayo de energ\u00eda. ",
      "language": {
        "name": "es",
        "url": "https://pokeapi.co/api/v2/language/7/"
      },
      "version_group": {
        "name": "omega-ruby-alpha-sapphire",
        "url": "https://pokeapi.co/api/v2/version-group/16/"
      }
    },
    {
      "flavor_text": "Chi la usa assorbe luce al primo turno per\nproiettare un raggio intenso al turno successivo.",
      "language": {
        "name": "it",
        "url": "https://pokeapi.co/api/v2/language/8/"
      },
      "version_group": {
        "name": "omega-ruby-alpha-sapphire",
        "url": "https://pokeapi.co/api/v2/version-group/16/"
      }
    },
    {
      "flavor_text": "A two-turn attack. The user gathers\nlight, then blasts a bundled beam on the\nnext turn.",
      "language": {
        "name": "en",
        "url": "https://pokeapi.co/api/v2/language/9/"
      },
      "version_group": {
        "name": "omega-ruby-alpha-sapphire",
        "url": "https://pokeapi.co/api/v2/version-group/16/"
      }
    },
    {
      "flavor_text": "\uff11\u30bf\u30fc\u30f3\u76ee\u306b\u3000\u5149\u3092\u3000\u3044\u3063\u3071\u3044\u306b\u3000\u96c6\u3081\n\uff12\u30bf\u30fc\u30f3\u76ee\u306b\u3000\u5149\u306e\u3000\u675f\u3092\n\u767a\u5c04\u3057\u3066\u3000\u653b\u6483\u3059\u308b\u3002",
      "language": {
        "name": "ja",
        "url": "https://pokeapi.co/api/v2/language/11/"
      },
      "version_group": {
        "name": "omega-ruby-alpha-sapphire",
        "url": "https://pokeapi.co/api/v2/version-group/16/"
      }
    },
    {
      "flavor_text": "\uff11\u30bf\u30fc\u30f3\u3081\u306b\u3000\u3072\u304b\u308a\u3092\u3000\u3044\u3063\u3071\u3044\u306b\n\u3042\u3064\u3081\u3000\uff12\u30bf\u30fc\u30f3\u3081\u306b\u3000\u3072\u304b\u308a\u306e\u3000\u305f\u3070\u3092\n\u306f\u3063\u3057\u3083\u3057\u3066\u3000\u3053\u3046\u3052\u304d\u3059\u308b\u3002",
      "language": {
        "name": "ja-Hrkt",
        "url": "https://pokeapi.co/api/v2/language/1/"
      },
      "version_group": {
        "name": "sun-moon",
        "url": "https://pokeapi.co/api/v2/version-group/17/"
      }
    },
    {
      "flavor_text": "1\ud134\uc9f8\uc5d0 \ube5b\uc744 \uac00\ub4dd \ubaa8\uc544\n2\ud134\uc9f8\uc5d0 \ube5b\uc758 \ub2e4\ubc1c\uc744\n\ubc1c\uc0ac\ud558\uc5ec \uacf5\uaca9\ud55c\ub2e4.",
      "language": {
        "name": "ko",
        "url": "https://pokeapi.co/api/v2/language/3/"
      },
      "version_group": {
        "name": "sun-moon",
        "url": "https://pokeapi.co/api/v2/version-group/17/"
      }
    },
    {
      "flavor_text": "\u4f7f\u7528\u5f8c\u7684\u7b2c\uff11\u56de\u5408\u5438\u6536\u5927\u91cf\u65e5\u5149\uff0c\n\u4e26\u65bc\u7b2c\uff12\u56de\u5408\u767c\u5c04\u5149\u675f\u9032\u884c\u653b\u64ca\u3002",
      "language": {
        "name": "zh-Hant",
        "url": "https://pokeapi.co/api/v2/language/4/"
      },
      "version_group": {
        "name": "sun-moon",
        "url": "https://pokeapi.co/api/v2/version-group/17/"
      }
    },
    {
      "flavor_text": "Absorbe la lumi\u00e8re au premier tour et envoie\nun rayon puissant au tour suivant.",
      "language": {
        "name": "fr",
        "url": "https://pokeapi.co/api/v2/language/5/"
      },
      "version_group": {
        "name": "sun-moon",
        "url": "https://pokeapi.co/api/v2/version-group/17/"
      }
    },
    {
      "flavor_text": "Absorbiert Licht in Runde 1. In Runde 2 erfolgt der\nAngriff.",
      "language": {
        "name": "de",
        "url": "https://pokeapi.co/api/v2/language/6/"
      },
      "version_group": {
        "name": "sun-moon",
        "url": "https://pokeapi.co/api/v2/version-group/17/"
      }
    },
    {
      "flavor_text": "Primer turno: absorbe luz. Segundo turno: lanza un\npotente rayo de energ\u00eda. ",
      "language": {
        "name": "es",
        "url": "https://pokeapi.co/api/v2/language/7/"
      },
      "version_group": {
        "name": "sun-moon",
        "url": "https://pokeapi.co/api/v2/version-group/17/"
      }
    },
    {
      "flavor_text": "Chi la usa assorbe luce al primo turno per\nproiettare un raggio intenso al turno successivo.",
      "language": {
        "name": "it",
        "url": "https://pokeapi.co/api/v2/language/8/"
      },
      "version_group": {
        "name": "sun-moon",
        "url": "https://pokeapi.co/api/v2/version-group/17/"
      }
    },
    {
      "flavor_text": "In this two-turn attack, the user gathers light, then\nblasts a bundled beam on the next turn.",
      "language": {
        "name": "en",
        "url": "https://pokeapi.co/api/v2/language/9/"
      },
      "version_group": {
        "name": "sun-moon",
        "url": "https://pokeapi.co/api/v2/version-group/17/"
      }
    },
    {
      "flavor_text": "\uff11\u30bf\u30fc\u30f3\u76ee\u306b\u3000\u5149\u3092\u3000\u3044\u3063\u3071\u3044\u306b\u3000\u96c6\u3081\n\uff12\u30bf\u30fc\u30f3\u76ee\u306b\u3000\u5149\u306e\u3000\u675f\u3092\n\u767a\u5c04\u3057\u3066\u3000\u653b\u6483\u3059\u308b\u3002",
      "language": {
        "name": "ja",
        "url": "https://pokeapi.co/api/v2/language/11/"
      },
      "version_group": {
        "name": "sun-moon",
        "url": "https://pokeapi.co/api/v2/version-group/17/"
      }
    },
    {
      "flavor_text": "\u7b2c\uff11\u56de\u5408\u6536\u96c6\u6ee1\u6ee1\u7684\u65e5\u5149\uff0c\n\u7b2c\uff12\u56de\u5408\u53d1\u5c04\u5149\u675f\u8fdb\u884c\u653b\u51fb\u3002",
      "language": {
        "name": "zh-Hans",
        "url": "https://pokeapi.co/api/v2/language/12/"
      },
      "version_group": {
        "name": "sun-moon",
        "url": "https://pokeapi.co/api/v2/version-group/17/"
      }
    },
    {
      "flavor_text": "\uff11\u30bf\u30fc\u30f3\u3081\u306b\u3000\u3072\u304b\u308a\u3092\u3000\u3044\u3063\u3071\u3044\u306b\n\u3042\u3064\u3081\u3000\uff12\u30bf\u30fc\u30f3\u3081\u306b\u3000\u3072\u304b\u308a\u306e\u3000\u305f\u3070\u3092\n\u306f\u3063\u3057\u3083\u3057\u3066\u3000\u3053\u3046\u3052\u304d\u3059\u308b\u3002",
      "language": {
        "name": "ja-Hrkt",
        "url": "https://pokeapi.co/api/v2/language/1/"
      },
      "version_group": {
        "name": "ultra-sun-ultra-moon",
        "url": "https://pokeapi.co/api/v2/version-group/18/"
      }
    },
    {
      "flavor_text": "1\ud134\uc9f8\uc5d0 \ube5b\uc744 \uac00\ub4dd \ubaa8\uc544\n2\ud134\uc9f8\uc5d0 \ube5b\uc758 \ub2e4\ubc1c\uc744\n\ubc1c\uc0ac\ud558\uc5ec \uacf5\uaca9\ud55c\ub2e4.",
      "language": {
        "name": "ko",
        "url": "https://pokeapi.co/api/v2/language/3/"
      },
      "version_group": {
        "name": "ultra-sun-ultra-moon",
        "url": "https://pokeapi.co/api/v2/version-group/18/"
      }
    },
    {
      "flavor_text": "\u4f7f\u7528\u5f8c\u7684\u7b2c\uff11\u56de\u5408\u5438\u6536\u5927\u91cf\u65e5\u5149\uff0c\n\u4e26\u65bc\u7b2c\uff12\u56de\u5408\u767c\u5c04\u5149\u675f\u9032\u884c\u653b\u64ca\u3002",
      "language": {
        "name": "zh-Hant",
        "url": "https://pokeapi.co/api/v2/language/4/"
      },
      "version_group": {
        "name": "ultra-sun-ultra-moon",
        "url": "https://pokeapi.co/api/v2/version-group/18/"
      }
    },
    {
      "flavor_text": "Absorbe la lumi\u00e8re au premier tour et envoie\nun rayon puissant au tour suivant.",
      "language": {
        "name": "fr",
        "url": "https://pokeapi.co/api/v2/language/5/"
      },
      "version_group": {
        "name": "ultra-sun-ultra-moon",
        "url": "https://pokeapi.co/api/v2/version-group/18/"
      }
    },
    {
      "flavor_text": "Absorbiert Licht in Runde 1. In Runde 2 erfolgt der\nAngriff.",
      "language": {
        "name": "de",
        "url": "https://pokeapi.co/api/v2/language/6/"
      },
      "version_group": {
        "name": "ultra-sun-ultra-moon",
        "url": "https://pokeapi.co/api/v2/version-group/18/"
      }
    },
    {
      "flavor_text": "Primer turno: absorbe luz. Segundo turno: lanza un\npotente rayo de energ\u00eda. ",
      "language": {
        "name": "es",
        "url": "https://pokeapi.co/api/v2/language/7/"
      },
      "version_group": {
        "name": "ultra-sun-ultra-moon",
        "url": "https://pokeapi.co/api/v2/version-group/18/"
      }
    },
    {
      "flavor_text": "Chi la usa assorbe luce al primo turno per\nproiettare un raggio intenso al turno successivo.",
      "language": {
        "name": "it",
        "url": "https://pokeapi.co/api/v2/language/8/"
      },
      "version_group": {
        "name": "ultra-sun-ultra-moon",
        "url": "https://pokeapi.co/api/v2/version-group/18/"
      }
    },
    {
      "flavor_text": "In this two-turn attack, the user gathers light, then\nblasts a bundled beam on the next turn.",
      "language": {
        "name": "en",
        "url": "https://pokeapi.co/api/v2/language/9/"
      },
      "version_group": {
        "name": "ultra-sun-ultra-moon",
        "url": "https://pokeapi.co/api/v2/version-group/18/"
      }
    },
    {
      "flavor_text": "\uff11\u30bf\u30fc\u30f3\u76ee\u306b\u3000\u5149\u3092\u3000\u3044\u3063\u3071\u3044\u306b\u3000\u96c6\u3081\n\uff12\u30bf\u30fc\u30f3\u76ee\u306b\u3000\u5149\u306e\u3000\u675f\u3092\n\u767a\u5c04\u3057\u3066\u3000\u653b\u6483\u3059\u308b\u3002",
      "language": {
        "name": "ja",
        "url": "https://pokeapi.co/api/v2/language/11/"
      },
      "version_group": {
        "name": "ultra-sun-ultra-moon",
        "url": "https://pokeapi.co/api/v2/version-group/18/"
      }
    },
    {
      "flavor_text": "\u7b2c\uff11\u56de\u5408\u6536\u96c6\u6ee1\u6ee1\u7684\u65e5\u5149\uff0c\n\u7b2c\uff12\u56de\u5408\u53d1\u5c04\u5149\u675f\u8fdb\u884c\u653b\u51fb\u3002",
      "language": {
        "name": "zh-Hans",
        "url": "https://pokeapi.co/api/v2/language/12/"
      },
      "version_group": {
        "name": "ultra-sun-ultra-moon",
        "url": "https://pokeapi.co/api/v2/version-group/18/"
      }
    },
    {
      "flavor_text": "\uff11\u30bf\u30fc\u30f3\u3081\u306b\u3000\u3072\u304b\u308a\u3092\u3000\u3044\u3063\u3071\u3044\u306b\n\u3042\u3064\u3081\u3000\uff12\u30bf\u30fc\u30f3\u3081\u306b\u3000\u3072\u304b\u308a\u306e\u3000\u305f\u3070\u3092\n\u306f\u3063\u3057\u3083\u3057\u3066\u3000\u3053\u3046\u3052\u304d\u3059\u308b\u3002",
      "language": {
        "name": "ja-Hrkt",
        "url": "https://pokeapi.co/api/v2/language/1/"
      },
      "version_group": {
        "name": "lets-go-pikachu-lets-go-eevee",
        "url": "https://pokeapi.co/api/v2/version-group/19/"
      }
    },
    {
      "flavor_text": "1\ud134\uc9f8\uc5d0 \ube5b\uc744 \uac00\ub4dd \ubaa8\uc544\n2\ud134\uc9f8\uc5d0 \ube5b\uc758 \ub2e4\ubc1c\uc744\n\ubc1c\uc0ac\ud558\uc5ec \uacf5\uaca9\ud55c\ub2e4.",
      "language": {
        "name": "ko",
        "url": "https://pokeapi.co/api/v2/language/3/"
      },
      "version_group": {
        "name": "lets-go-pikachu-lets-go-eevee",
        "url": "https://pokeapi.co/api/v2/version-group/19/"
      }
    },
    {
      "flavor_text": "\u4f7f\u7528\u5f8c\u7684\u7b2c\uff11\u56de\u5408\u5438\u6536\u5927\u91cf\u65e5\u5149\uff0c\n\u4e26\u65bc\u7b2c\uff12\u56de\u5408\u767c\u5c04\u5149\u675f\u9032\u884c\u653b\u64ca\u3002",
      "language": {
        "name": "zh-Hant",
        "url": "https://pokeapi.co/api/v2/language/4/"
      },
      "version_group": {
        "name": "lets-go-pikachu-lets-go-eevee",
        "url": "https://pokeapi.co/api/v2/version-group/19/"
      }
    },
    {
      "flavor_text": "Absorbe la lumi\u00e8re au premier tour et envoie\nun rayon puissant au tour suivant.",
      "language": {
        "name": "fr",
        "url": "https://pokeapi.co/api/v2/language/5/"
      },
      "version_group": {
        "name": "lets-go-pikachu-lets-go-eevee",
        "url": "https://pokeapi.co/api/v2/version-group/19/"
      }
    },
    {
      "flavor_text": "Absorbiert Licht in Runde 1. In Runde 2 erfolgt der\nAngriff.",
      "language": {
        "name": "de",
        "url": "https://pokeapi.co/api/v2/language/6/"
      },
      "version_group": {
        "name": "lets-go-pikachu-lets-go-eevee",
        "url": "https://pokeapi.co/api/v2/version-group/19/"
      }
    },
    {
      "flavor_text": "Primer turno: absorbe luz. Segundo turno: lanza un\npotente rayo de energ\u00eda. ",
      "language": {
        "name": "es",
        "url": "https://pokeapi.co/api/v2/language/7/"
      },
      "version_group": {
        "name": "lets-go-pikachu-lets-go-eevee",
        "url": "https://pokeapi.co/api/v2/version-group/19/"
      }
    },
    {
      "flavor_text": "Chi la usa assorbe luce al primo turno per\nproiettare un raggio intenso al turno successivo.",
      "language": {
        "name": "it",
        "url": "https://pokeapi.co/api/v2/language/8/"
      },
      "version_group": {
        "name": "lets-go-pikachu-lets-go-eevee",
        "url": "https://pokeapi.co/api/v2/version-group/19/"
      }
    },
    {
      "flavor_text": "In this two-turn attack, the user gathers light, then\nblasts a bundled beam on the next turn.",
      "language": {
        "name": "en",
        "url": "https://pokeapi.co/api/v2/language/9/"
      },
      "version_group": {
        "name": "lets-go-pikachu-lets-go-eevee",
        "url": "https://pokeapi.co/api/v2/version-group/19/"
      }
    },
    {
      "flavor_text": "\uff11\u30bf\u30fc\u30f3\u76ee\u306b\u3000\u5149\u3092\u3000\u3044\u3063\u3071\u3044\u306b\u3000\u96c6\u3081\n\uff12\u30bf\u30fc\u30f3\u76ee\u306b\u3000\u5149\u306e\u3000\u675f\u3092\n\u767a\u5c04\u3057\u3066\u3000\u653b\u6483\u3059\u308b\u3002",
      "language": {
        "name": "ja",
        "url": "https://pokeapi.co/api/v2/language/11/"
      },
      "version_group": {
        "name": "lets-go-pikachu-lets-go-eevee",
        "url": "https://pokeapi.co/api/v2/version-group/19/"
      }
    },
    {
      "flavor_text": "\u7b2c\uff11\u56de\u5408\u6536\u96c6\u6ee1\u6ee1\u7684\u65e5\u5149\uff0c\n\u7b2c\uff12\u56de\u5408\u53d1\u5c04\u5149\u675f\u8fdb\u884c\u653b\u51fb\u3002",
      "language": {
        "name": "zh-Hans",
        "url": "https://pokeapi.co/api/v2/language/12/"
      },
      "version_group": {
        "name": "lets-go-pikachu-lets-go-eevee",
        "url": "https://pokeapi.co/api/v2/version-group/19/"
      }
    },
    {
      "flavor_text": "\uff11\u30bf\u30fc\u30f3\u3081\u306b\u3000\u3072\u304b\u308a\u3092\u3000\u3044\u3063\u3071\u3044\u306b\n\u3042\u3064\u3081\u3000\uff12\u30bf\u30fc\u30f3\u3081\u306b\u3000\u3072\u304b\u308a\u306e\u3000\u305f\u3070\u3092\n\u306f\u3063\u3057\u3083\u3057\u3066\u3000\u3053\u3046\u3052\u304d\u3059\u308b\u3002",
      "language": {
        "name": "ja-Hrkt",
        "url": "https://pokeapi.co/api/v2/language/1/"
      },
      "version_group": {
        "name": "sword-shield",
        "url": "https://pokeapi.co/api/v2/version-group/20/"
      }
    },
    {
      "flavor_text": "1\ud134\uc9f8\uc5d0 \ube5b\uc744 \uac00\ub4dd \ubaa8\uc544\n2\ud134\uc9f8\uc5d0 \ube5b\uc758 \ub2e4\ubc1c\uc744\n\ubc1c\uc0ac\ud558\uc5ec \uacf5\uaca9\ud55c\ub2e4.",
      "language": {
        "name": "ko",
        "url": "https://pokeapi.co/api/v2/language/3/"
      },
      "version_group": {
        "name": "sword-shield",
        "url": "https://pokeapi.co/api/v2/version-group/20/"
      }
    },
    {
      "flavor_text": "\u4f7f\u7528\u5f8c\u7684\u7b2c\uff11\u56de\u5408\u5438\u6536\u5927\u91cf\u65e5\u5149\uff0c\n\u4e26\u65bc\u7b2c\uff12\u56de\u5408\u767c\u5c04\u5149\u675f\u9032\u884c\u653b\u64ca\u3002",
      "language": {
        "name": "zh-Hant",
        "url": "https://pokeapi.co/api/v2/language/4/"
      },
      "version_group": {
        "name": "sword-shield",
        "url": "https://pokeapi.co/api/v2/version-group/20/"
      }
    },
    {
      "flavor_text": "Absorbe la lumi\u00e8re au premier tour et envoie un rayon\npuissant au tour suivant.",
      "language": {
        "name": "fr",
        "url": "https://pokeapi.co/api/v2/language/5/"
      },
      "version_group": {
        "name": "sword-shield",
        "url": "https://pokeapi.co/api/v2/version-group/20/"
      }
    },
    {
      "flavor_text": "Absorbiert Licht in Runde 1. In Runde 2 erfolgt der\nAngriff.",
      "language": {
        "name": "de",
        "url": "https://pokeapi.co/api/v2/language/6/"
      },
      "version_group": {
        "name": "sword-shield",
        "url": "https://pokeapi.co/api/v2/version-group/20/"
      }
    },
    {
      "flavor_text": "El usuario absorbe luz en el primer turno y en el\nsegundo lanza un potente rayo de energ\u00eda.",
      "language": {
        "name": "es",
        "url": "https://pokeapi.co/api/v2/language/7/"
      },
      "version_group": {
        "name": "sword-shield",
        "url": "https://pokeapi.co/api/v2/version-group/20/"
      }
    },
    {
      "flavor_text": "Chi la usa assorbe luce al primo turno per proiettare\nun raggio intenso al turno successivo.",
      "language": {
        "name": "it",
        "url": "https://pokeapi.co/api/v2/language/8/"
      },
      "version_group": {
        "name": "sword-shield",
        "url": "https://pokeapi.co/api/v2/version-group/20/"
      }
    },
    {
      "flavor_text": "In this two-turn attack, the user gathers light, then\nblasts a bundled beam on the next turn.",
      "language": {
        "name": "en",
        "url": "https://pokeapi.co/api/v2/language/9/"
      },
      "version_group": {
        "name": "sword-shield",
        "url": "https://pokeapi.co/api/v2/version-group/20/"
      }
    },
    {
      "flavor_text": "\uff11\u30bf\u30fc\u30f3\u76ee\u306b\u3000\u5149\u3092\u3000\u3044\u3063\u3071\u3044\u306b\u3000\u96c6\u3081\n\uff12\u30bf\u30fc\u30f3\u76ee\u306b\u3000\u5149\u306e\u3000\u675f\u3092\n\u767a\u5c04\u3057\u3066\u3000\u653b\u6483\u3059\u308b\u3002",
      "language": {
        "name": "ja",
        "url": "https://pokeapi.co/api/v2/language/11/"
      },
      "version_group": {
        "name": "sword-shield",
        "url": "https://pokeapi.co/api/v2/version-group/20/"
      }
    },
    {
      "flavor_text": "\u7b2c\uff11\u56de\u5408\u6536\u96c6\u6ee1\u6ee1\u7684\u65e5\u5149\uff0c\n\u7b2c\uff12\u56de\u5408\u53d1\u5c04\u5149\u675f\u8fdb\u884c\u653b\u51fb\u3002",
      "language": {
        "name": "zh-Hans",
        "url": "https://pokeapi.co/api/v2/language/12/"
      },
      "version_group": {
        "name": "sword-shield",
        "url": "https://pokeapi.co/api/v2/version-group/20/"
      }
    },
    {
      "flavor_text": "In this two-turn attack, the user gathers light, then blasts a bundled beam on the next turn.",
      "language": {
        "name": "en",
        "url": "https://pokeapi.co/api/v2/language/9/"
      },
      "version_group": {
        "name": "legends-arceus",
        "url": "https://pokeapi.co/api/v2/version-group/24/"
      }
    },
    {
      "flavor_text": "The user gathers light on the first turn, then blasts a bundled beam on the next turn.",
      "language": {
        "name": "en",
        "url": "https://pokeapi.co/api/v2/language/9/"
      },
      "version_group": {
        "name": "scarlet-violet",
        "url": "https://pokeapi.co/api/v2/version-group/25/"
      }
    }
  ],
  "generation": {
    "name": "generation-i",
    "url": "https://pokeapi.co/api/v2/generation/1/"
  },
  "id": 76,
  "learned_by_pokemon": [
    {
      "name": "bulbasaur",
      "url": "https://pokeapi.co/api/v2/pokemon/1/"
    },
    {
      "name": "ivysaur",
      "url": "https://pokeapi.co/api/v2/pokemon/2/"
    },
    {
      "name": "venusaur",
      "url": "https://pokeapi.co/api/v2/pokemon/3/"
    },
    {
      "name": "charizard",
      "url": "https://pokeapi.co/api/v2/pokemon/6/"
    },
    {
      "name": "butterfree",
      "url": "https://pokeapi.co/api/v2/pokemon/12/"
    },
    {
      "name": "beedrill",
      "url": "https://pokeapi.co/api/v2/pokemon/15/"
    },
    {
      "name": "clefairy",
      "url": "https://pokeapi.co/api/v2/pokemon/35/"
    },
    {
      "name": "clefable",
      "url": "https://pokeapi.co/api/v2/pokemon/36/"
    },
    {
      "name": "ninetales",
      "url": "https://pokeapi.co/api/v2/pokemon/38/"
    },
    {
      "name": "jigglypuff",
      "url": "https://pokeapi.co/api/v2/pokemon/39/"
    },
    {
      "name": "wigglytuff",
      "url": "https://pokeapi.co/api/v2/pokemon/40/"
    },
    {
      "name": "oddish",
      "url": "https://pokeapi.co/api/v2/pokemon/43/"
    },
    {
      "name": "gloom",
      "url": "https://pokeapi.co/api/v2/pokemon/44/"
    },
    {
      "name": "vileplume",
      "url": "https://pokeapi.co/api/v2/pokemon/45/"
    },
    {
      "name": "paras",
      "url": "https://pokeapi.co/api/v2/pokemon/46/"
    },
    {
      "name": "parasect",
      "url": "https://pokeapi.co/api/v2/pokemon/47/"
    },
    {
      "name": "venonat",
      "url": "https://pokeapi.co/api/v2/pokemon/48/"
    },
    {
      "name": "venomoth",
      "url": "https://pokeapi.co/api/v2/pokemon/49/"
    },
    {
      "name": "arcanine",
      "url": "https://pokeapi.co/api/v2/pokemon/59/"
    },
    {
      "name": "bellsprout",
      "url": "https://pokeapi.co/api/v2/pokemon/69/"
    },
    {
      "name": "weepinbell",
      "url": "https://pokeapi.co/api/v2/pokemon/70/"
    },
    {
      "name": "victreebel",
      "url": "https://pokeapi.co/api/v2/pokemon/71/"
    },
    {
      "name": "ponyta",
      "url": "https://pokeapi.co/api/v2/pokemon/77/"
    },
    {
      "name": "rapidash",
      "url": "https://pokeapi.co/api/v2/pokemon/78/"
    },
    {
      "name": "exeggcute",
      "url": "https://pokeapi.co/api/v2/pokemon/102/"
    },
    {
      "name": "exeggutor",
      "url": "https://pokeapi.co/api/v2/pokemon/103/"
    },
    {
      "name": "lickitung",
      "url": "https://pokeapi.co/api/v2/pokemon/108/"
    },
    {
      "name": "chansey",
      "url": "https://pokeapi.co/api/v2/pokemon/113/"
    },
    {
      "name": "tangela",
      "url": "https://pokeapi.co/api/v2/pokemon/114/"
    },
    {
      "name": "kangaskhan",
      "url": "https://pokeapi.co/api/v2/pokemon/115/"
    },
    {
      "name": "mr-mime",
      "url": "https://pokeapi.co/api/v2/pokemon/122/"
    },
    {
      "name": "tauros",
      "url": "https://pokeapi.co/api/v2/pokemon/128/"
    },
    {
      "name": "lapras",
      "url": "https://pokeapi.co/api/v2/pokemon/131/"
    },
    {
      "name": "porygon",
      "url": "https://pokeapi.co/api/v2/pokemon/137/"
    },
    {
      "name": "snorlax",
      "url": "https://pokeapi.co/api/v2/pokemon/143/"
    },
    {
      "name": "moltres",
      "url": "https://pokeapi.co/api/v2/pokemon/146/"
    },
    {
      "name": "mewtwo",
      "url": "https://pokeapi.co/api/v2/pokemon/150/"
    },
    {
      "name": "mew",
      "url": "https://pokeapi.co/api/v2/pokemon/151/"
    },
    {
      "name": "chikorita",
      "url": "https://pokeapi.co/api/v2/pokemon/152/"
    },
    {
      "name": "bayleef",
      "url": "https://pokeapi.co/api/v2/pokemon/153/"
    },
    {
      "name": "meganium",
      "url": "https://pokeapi.co/api/v2/pokemon/154/"
    },
    {
      "name": "typhlosion",
      "url": "https://pokeapi.co/api/v2/pokemon/157/"
    },
    {
      "name": "sentret",
      "url": "https://pokeapi.co/api/v2/pokemon/161/"
    },
    {
      "name": "furret",
      "url": "https://pokeapi.co/api/v2/pokemon/162/"
    },
    {
      "name": "ledyba",
      "url": "https://pokeapi.co/api/v2/pokemon/165/"
    },
    {
      "name": "ledian",
      "url": "https://pokeapi.co/api/v2/pokemon/166/"
    },
    {
      "name": "spinarak",
      "url": "https://pokeapi.co/api/v2/pokemon/167/"
    },
    {
      "name": "ariados",
      "url": "https://pokeapi.co/api/v2/pokemon/168/"
    },
    {
      "name": "cleffa",
      "url": "https://pokeapi.co/api/v2/pokemon/173/"
    },
    {
      "name": "igglybuff",
      "url": "https://pokeapi.co/api/v2/pokemon/174/"
    },
    {
      "name": "togepi",
      "url": "https://pokeapi.co/api/v2/pokemon/175/"
    },
    {
      "name": "togetic",
      "url": "https://pokeapi.co/api/v2/pokemon/176/"
    },
    {
      "name": "natu",
      "url": "https://pokeapi.co/api/v2/pokemon/177/"
    },
    {
      "name": "xatu",
      "url": "https://pokeapi.co/api/v2/pokemon/178/"
    },
    {
      "name": "bellossom",
      "url": "https://pokeapi.co/api/v2/pokemon/182/"
    },
    {
      "name": "hoppip",
      "url": "https://pokeapi.co/api/v2/pokemon/187/"
    },
    {
      "name": "skiploom",
      "url": "https://pokeapi.co/api/v2/pokemon/188/"
    },
    {
      "name": "jumpluff",
      "url": "https://pokeapi.co/api/v2/pokemon/189/"
    },
    {
      "name": "aipom",
      "url": "https://pokeapi.co/api/v2/pokemon/190/"
    },
    {
      "name": "sunkern",
      "url": "https://pokeapi.co/api/v2/pokemon/191/"
    },
    {
      "name": "sunflora",
      "url": "https://pokeapi.co/api/v2/pokemon/192/"
    },
    {
      "name": "yanma",
      "url": "https://pokeapi.co/api/v2/pokemon/193/"
    },
    {
      "name": "pineco",
      "url": "https://pokeapi.co/api/v2/pokemon/204/"
    },
    {
      "name": "forretress",
      "url": "https://pokeapi.co/api/v2/pokemon/205/"
    },
    {
      "name": "dunsparce",
      "url": "https://pokeapi.co/api/v2/pokemon/206/"
    },
    {
      "name": "snubbull",
      "url": "https://pokeapi.co/api/v2/pokemon/209/"
    },
    {
      "name": "granbull",
      "url": "https://pokeapi.co/api/v2/pokemon/210/"
    },
    {
      "name": "magcargo",
      "url": "https://pokeapi.co/api/v2/pokemon/219/"
    },
    {
      "name": "houndour",
      "url": "https://pokeapi.co/api/v2/pokemon/228/"
    },
    {
      "name": "houndoom",
      "url": "https://pokeapi.co/api/v2/pokemon/229/"
    },
    {
      "name": "porygon2",
      "url": "https://pokeapi.co/api/v2/pokemon/233/"
    },
    {
      "name": "stantler",
      "url": "https://pokeapi.co/api/v2/pokemon/234/"
    },
    {
      "name": "miltank",
      "url": "https://pokeapi.co/api/v2/pokemon/241/"
    },
    {
      "name": "blissey",
      "url": "https://pokeapi.co/api/v2/pokemon/242/"
    },
    {
      "name": "entei",
      "url": "https://pokeapi.co/api/v2/pokemon/244/"
    },
    {
      "name": "ho-oh",
      "url": "https://pokeapi.co/api/v2/pokemon/250/"
    },
    {
      "name": "celebi",
      "url": "https://pokeapi.co/api/v2/pokemon/251/"
    },
    {
      "name": "treecko",
      "url": "https://pokeapi.co/api/v2/pokemon/252/"
    },
    {
      "name": "grovyle",
      "url": "https://pokeapi.co/api/v2/pokemon/253/"
    },
    {
      "name": "sceptile",
      "url": "https://pokeapi.co/api/v2/pokemon/254/"
    },
    {
      "name": "blaziken",
      "url": "https://pokeapi.co/api/v2/pokemon/257/"
    },
    {
      "name": "beautifly",
      "url": "https://pokeapi.co/api/v2/pokemon/267/"
    },
    {
      "name": "dustox",
      "url": "https://pokeapi.co/api/v2/pokemon/269/"
    },
    {
      "name": "lotad",
      "url": "https://pokeapi.co/api/v2/pokemon/270/"
    },
    {
      "name": "lombre",
      "url": "https://pokeapi.co/api/v2/pokemon/271/"
    },
    {
      "name": "ludicolo",
      "url": "https://pokeapi.co/api/v2/pokemon/272/"
    },
    {
      "name": "seedot",
      "url": "https://pokeapi.co/api/v2/pokemon/273/"
    },
    {
      "name": "nuzleaf",
      "url": "https://pokeapi.co/api/v2/pokemon/274/"
    },
    {
      "name": "shiftry",
      "url": "https://pokeapi.co/api/v2/pokemon/275/"
    },
    {
      "name": "surskit",
      "url": "https://pokeapi.co/api/v2/pokemon/283/"
    },
    {
      "name": "masquerain",
      "url": "https://pokeapi.co/api/v2/pokemon/284/"
    },
    {
      "name": "shroomish",
      "url": "https://pokeapi.co/api/v2/pokemon/285/"
    },
    {
      "name": "breloom",
      "url": "https://pokeapi.co/api/v2/pokemon/286/"
    },
    {
      "name": "slakoth",
      "url": "https://pokeapi.co/api/v2/pokemon/287/"
    },
    {
      "name": "vigoroth",
      "url": "https://pokeapi.co/api/v2/pokemon/288/"
    },
    {
      "name": "slaking",
      "url": "https://pokeapi.co/api/v2/pokemon/289/"
    },
    {
      "name": "nincada",
      "url": "https://pokeapi.co/api/v2/pokemon/290/"
    },
    {
      "name": "ninjask",
      "url": "https://pokeapi.co/api/v2/pokemon/291/"
    },
    {
      "name": "shedinja",
      "url": "https://pokeapi.co/api/v2/pokemon/292/"
    },
    {
      "name": "whismur",
      "url": "https://pokeapi.co/api/v2/pokemon/293/"
    },
    {
      "name": "loudred",
      "url": "https://pokeapi.co/api/v2/pokemon/294/"
    },
    {
      "name": "exploud",
      "url": "https://pokeapi.co/api/v2/pokemon/295/"
    },
    {
      "name": "skitty",
      "url": "https://pokeapi.co/api/v2/pokemon/300/"
    },
    {
      "name": "delcatty",
      "url": "https://pokeapi.co/api/v2/pokemon/301/"
    },
    {
      "name": "mawile",
      "url": "https://pokeapi.co/api/v2/pokemon/303/"
    },
    {
      "name": "aggron",
      "url": "https://pokeapi.co/api/v2/pokemon/306/"
    },
    {
      "name": "volbeat",
      "url": "https://pokeapi.co/api/v2/pokemon/313/"
    },
    {
      "name": "illumise",
      "url": "https://pokeapi.co/api/v2/pokemon/314/"
    },
    {
      "name": "roselia",
      "url": "https://pokeapi.co/api/v2/pokemon/315/"
    },
    {
      "name": "gulpin",
      "url": "https://pokeapi.co/api/v2/pokemon/316/"
    },
    {
      "name": "swalot",
      "url": "https://pokeapi.co/api/v2/pokemon/317/"
    },
    {
      "name": "camerupt",
      "url": "https://pokeapi.co/api/v2/pokemon/323/"
    },
    {
      "name": "torkoal",
      "url": "https://pokeapi.co/api/v2/pokemon/324/"
    },
    {
      "name": "trapinch",
      "url": "https://pokeapi.co/api/v2/pokemon/328/"
    },
    {
      "name": "vibrava",
      "url": "https://pokeapi.co/api/v2/pokemon/329/"
    },
    {
      "name": "flygon",
      "url": "https://pokeapi.co/api/v2/pokemon/330/"
    },
    {
      "name": "cacnea",
      "url": "https://pokeapi.co/api/v2/pokemon/331/"
    },
    {
      "name": "cacturne",
      "url": "https://pokeapi.co/api/v2/pokemon/332/"
    },
    {
      "name": "swablu",
      "url": "https://pokeapi.co/api/v2/pokemon/333/"
    },
    {
      "name": "altaria",
      "url": "https://pokeapi.co/api/v2/pokemon/334/"
    },
    {
      "name": "zangoose",
      "url": "https://pokeapi.co/api/v2/pokemon/335/"
    },
    {
      "name": "solrock",
      "url": "https://pokeapi.co/api/v2/pokemon/338/"
    },
    {
      "name": "baltoy",
      "url": "https://pokeapi.co/api/v2/pokemon/343/"
    },
    {
      "name": "claydol",
      "url": "https://pokeapi.co/api/v2/pokemon/344/"
    },
    {
      "name": "lileep",
      "url": "https://pokeapi.co/api/v2/pokemon/345/"
    },
    {
      "name": "cradily",
      "url": "https://pokeapi.co/api/v2/pokemon/346/"
    },
    {
      "name": "castform",
      "url": "https://pokeapi.co/api/v2/pokemon/351/"
    },
    {
      "name": "kecleon",
      "url": "https://pokeapi.co/api/v2/pokemon/352/"
    },
    {
      "name": "tropius",
      "url": "https://pokeapi.co/api/v2/pokemon/357/"
    },
    {
      "name": "latias",
      "url": "https://pokeapi.co/api/v2/pokemon/380/"
    },
    {
      "name": "latios",
      "url": "https://pokeapi.co/api/v2/pokemon/381/"
    },
    {
      "name": "groudon",
      "url": "https://pokeapi.co/api/v2/pokemon/383/"
    },
    {
      "name": "rayquaza",
      "url": "https://pokeapi.co/api/v2/pokemon/384/"
    },
    {
      "name": "deoxys-normal",
      "url": "https://pokeapi.co/api/v2/pokemon/386/"
    },
    {
      "name": "turtwig",
      "url": "https://pokeapi.co/api/v2/pokemon/387/"
    },
    {
      "name": "grotle",
      "url": "https://pokeapi.co/api/v2/pokemon/388/"
    },
    {
      "name": "torterra",
      "url": "https://pokeapi.co/api/v2/pokemon/389/"
    },
    {
      "name": "infernape",
      "url": "https://pokeapi.co/api/v2/pokemon/392/"
    },
    {
      "name": "budew",
      "url": "https://pokeapi.co/api/v2/pokemon/406/"
    },
    {
      "name": "roserade",
      "url": "https://pokeapi.co/api/v2/pokemon/407/"
    },
    {
      "name": "wormadam-plant",
      "url": "https://pokeapi.co/api/v2/pokemon/413/"
    },
    {
      "name": "mothim",
      "url": "https://pokeapi.co/api/v2/pokemon/414/"
    },
    {
      "name": "cherubi",
      "url": "https://pokeapi.co/api/v2/pokemon/420/"
    },
    {
      "name": "cherrim",
      "url": "https://pokeapi.co/api/v2/pokemon/421/"
    },
    {
      "name": "ambipom",
      "url": "https://pokeapi.co/api/v2/pokemon/424/"
    },
    {
      "name": "buneary",
      "url": "https://pokeapi.co/api/v2/pokemon/427/"
    },
    {
      "name": "lopunny",
      "url": "https://pokeapi.co/api/v2/pokemon/428/"
    },
    {
      "name": "bronzor",
      "url": "https://pokeapi.co/api/v2/pokemon/436/"
    },
    {
      "name": "bronzong",
      "url": "https://pokeapi.co/api/v2/pokemon/437/"
    },
    {
      "name": "mime-jr",
      "url": "https://pokeapi.co/api/v2/pokemon/439/"
    },
    {
      "name": "happiny",
      "url": "https://pokeapi.co/api/v2/pokemon/440/"
    },
    {
      "name": "munchlax",
      "url": "https://pokeapi.co/api/v2/pokemon/446/"
    },
    {
      "name": "carnivine",
      "url": "https://pokeapi.co/api/v2/pokemon/455/"
    },
    {
      "name": "snover",
      "url": "https://pokeapi.co/api/v2/pokemon/459/"
    },
    {
      "name": "abomasnow",
      "url": "https://pokeapi.co/api/v2/pokemon/460/"
    },
    {
      "name": "lickilicky",
      "url": "https://pokeapi.co/api/v2/pokemon/463/"
    },
    {
      "name": "tangrowth",
      "url": "https://pokeapi.co/api/v2/pokemon/465/"
    },
    {
      "name": "magmortar",
      "url": "https://pokeapi.co/api/v2/pokemon/467/"
    },
    {
      "name": "togekiss",
      "url": "https://pokeapi.co/api/v2/pokemon/468/"
    },
    {
      "name": "yanmega",
      "url": "https://pokeapi.co/api/v2/pokemon/469/"
    },
    {
      "name": "leafeon",
      "url": "https://pokeapi.co/api/v2/pokemon/470/"
    },
    {
      "name": "porygon-z",
      "url": "https://pokeapi.co/api/v2/pokemon/474/"
    },
    {
      "name": "uxie",
      "url": "https://pokeapi.co/api/v2/pokemon/480/"
    },
    {
      "name": "heatran",
      "url": "https://pokeapi.co/api/v2/pokemon/485/"
    },
    {
      "name": "cresselia",
      "url": "https://pokeapi.co/api/v2/pokemon/488/"
    },
    {
      "name": "shaymin-land",
      "url": "https://pokeapi.co/api/v2/pokemon/492/"
    },
    {
      "name": "arceus",
      "url": "https://pokeapi.co/api/v2/pokemon/493/"
    },
    {
      "name": "victini",
      "url": "https://pokeapi.co/api/v2/pokemon/494/"
    },
    {
      "name": "snivy",
      "url": "https://pokeapi.co/api/v2/pokemon/495/"
    },
    {
      "name": "servine",
      "url": "https://pokeapi.co/api/v2/pokemon/496/"
    },
    {
      "name": "serperior",
      "url": "https://pokeapi.co/api/v2/pokemon/497/"
    },
    {
      "name": "tepig",
      "url": "https://pokeapi.co/api/v2/pokemon/498/"
    },
    {
      "name": "pignite",
      "url": "https://pokeapi.co/api/v2/pokemon/499/"
    },
    {
      "name": "emboar",
      "url": "https://pokeapi.co/api/v2/pokemon/500/"
    },
    {
      "name": "pansage",
      "url": "https://pokeapi.co/api/v2/pokemon/511/"
    },
    {
      "name": "simisage",
      "url": "https://pokeapi.co/api/v2/pokemon/512/"
    },
    {
      "name": "pansear",
      "url": "https://pokeapi.co/api/v2/pokemon/513/"
    },
    {
      "name": "simisear",
      "url": "https://pokeapi.co/api/v2/pokemon/514/"
    },
    {
      "name": "gigalith",
      "url": "https://pokeapi.co/api/v2/pokemon/526/"
    },
    {
      "name": "audino",
      "url": "https://pokeapi.co/api/v2/pokemon/531/"
    },
    {
      "name": "sewaddle",
      "url": "https://pokeapi.co/api/v2/pokemon/540/"
    },
    {
      "name": "swadloon",
      "url": "https://pokeapi.co/api/v2/pokemon/541/"
    },
    {
      "name": "leavanny",
      "url": "https://pokeapi.co/api/v2/pokemon/542/"
    },
    {
      "name": "venipede",
      "url": "https://pokeapi.co/api/v2/pokemon/543/"
    },
    {
      "name": "whirlipede",
      "url": "https://pokeapi.co/api/v2/pokemon/544/"
    },
    {
      "name": "scolipede",
      "url": "https://pokeapi.co/api/v2/pokemon/545/"
    },
    {
      "name": "cottonee",
      "url": "https://pokeapi.co/api/v2/pokemon/546/"
    },
    {
      "name": "whimsicott",
      "url": "https://pokeapi.co/api/v2/pokemon/547/"
    },
    {
      "name": "petilil",
      "url": "https://pokeapi.co/api/v2/pokemon/548/"
    },
    {
      "name": "lilligant",
      "url": "https://pokeapi.co/api/v2/pokemon/549/"
    },
    {
      "name": "darumaka",
      "url": "https://pokeapi.co/api/v2/pokemon/554/"
    },
    {
      "name": "darmanitan-standard",
      "url": "https://pokeapi.co/api/v2/pokemon/555/"
    },
    {
      "name": "maractus",
      "url": "https://pokeapi.co/api/v2/pokemon/556/"
    },
    {
      "name": "dwebble",
      "url": "https://pokeapi.co/api/v2/pokemon/557/"
    },
    {
      "name": "crustle",
      "url": "https://pokeapi.co/api/v2/pokemon/558/"
    },
    {
      "name": "sigilyph",
      "url": "https://pokeapi.co/api/v2/pokemon/561/"
    },
    {
      "name": "garbodor",
      "url": "https://pokeapi.co/api/v2/pokemon/569/"
    },
    {
      "name": "deerling",
      "url": "https://pokeapi.co/api/v2/pokemon/585/"
    },
    {
      "name": "sawsbuck",
      "url": "https://pokeapi.co/api/v2/pokemon/586/"
    },
    {
      "name": "emolga",
      "url": "https://pokeapi.co/api/v2/pokemon/587/"
    },
    {
      "name": "foongus",
      "url": "https://pokeapi.co/api/v2/pokemon/590/"
    },
    {
      "name": "amoonguss",
      "url": "https://pokeapi.co/api/v2/pokemon/591/"
    },
    {
      "name": "ferroseed",
      "url": "https://pokeapi.co/api/v2/pokemon/597/"
    },
    {
      "name": "ferrothorn",
      "url": "https://pokeapi.co/api/v2/pokemon/598/"
    },
    {
      "name": "litwick",
      "url": "https://pokeapi.co/api/v2/pokemon/607/"
    },
    {
      "name": "lampent",
      "url": "https://pokeapi.co/api/v2/pokemon/608/"
    },
    {
      "name": "chandelure",
      "url": "https://pokeapi.co/api/v2/pokemon/609/"
    },
    {
      "name": "cryogonal",
      "url": "https://pokeapi.co/api/v2/pokemon/615/"
    },
    {
      "name": "golurk",
      "url": "https://pokeapi.co/api/v2/pokemon/623/"
    },
    {
      "name": "heatmor",
      "url": "https://pokeapi.co/api/v2/pokemon/631/"
    },
    {
      "name": "larvesta",
      "url": "https://pokeapi.co/api/v2/pokemon/636/"
    },
    {
      "name": "volcarona",
      "url": "https://pokeapi.co/api/v2/pokemon/637/"
    },
    {
      "name": "virizion",
      "url": "https://pokeapi.co/api/v2/pokemon/640/"
    },
    {
      "name": "reshiram",
      "url": "https://pokeapi.co/api/v2/pokemon/643/"
    },
    {
      "name": "genesect",
      "url": "https://pokeapi.co/api/v2/pokemon/649/"
    },
    {
      "name": "chespin",
      "url": "https://pokeapi.co/api/v2/pokemon/650/"
    },
    {
      "name": "quilladin",
      "url": "https://pokeapi.co/api/v2/pokemon/651/"
    },
    {
      "name": "chesnaught",
      "url": "https://pokeapi.co/api/v2/pokemon/652/"
    },
    {
      "name": "fennekin",
      "url": "https://pokeapi.co/api/v2/pokemon/653/"
    },
    {
      "name": "braixen",
      "url": "https://pokeapi.co/api/v2/pokemon/654/"
    },
    {
      "name": "delphox",
      "url": "https://pokeapi.co/api/v2/pokemon/655/"
    },
    {
      "name": "talonflame",
      "url": "https://pokeapi.co/api/v2/pokemon/663/"
    },
    {
      "name": "vivillon",
      "url": "https://pokeapi.co/api/v2/pokemon/666/"
    },
    {
      "name": "litleo",
      "url": "https://pokeapi.co/api/v2/pokemon/667/"
    },
    {
      "name": "pyroar",
      "url": "https://pokeapi.co/api/v2/pokemon/668/"
    },
    {
      "name": "flabebe",
      "url": "https://pokeapi.co/api/v2/pokemon/669/"
    },
    {
      "name": "floette",
      "url": "https://pokeapi.co/api/v2/pokemon/670/"
    },
    {
      "name": "florges",
      "url": "https://pokeapi.co/api/v2/pokemon/671/"
    },
    {
      "name": "skiddo",
      "url": "https://pokeapi.co/api/v2/pokemon/672/"
    },
    {
      "name": "gogoat",
      "url": "https://pokeapi.co/api/v2/pokemon/673/"
    },
    {
      "name": "heliolisk",
      "url": "https://pokeapi.co/api/v2/pokemon/695/"
    },
    {
      "name": "phantump",
      "url": "https://pokeapi.co/api/v2/pokemon/708/"
    },
    {
      "name": "trevenant",
      "url": "https://pokeapi.co/api/v2/pokemon/709/"
    },
    {
      "name": "pumpkaboo-average",
      "url": "https://pokeapi.co/api/v2/pokemon/710/"
    },
    {
      "name": "gourgeist-average",
      "url": "https://pokeapi.co/api/v2/pokemon/711/"
    },
    {
      "name": "noibat",
      "url": "https://pokeapi.co/api/v2/pokemon/714/"
    },
    {
      "name": "noivern",
      "url": "https://pokeapi.co/api/v2/pokemon/715/"
    },
    {
      "name": "volcanion",
      "url": "https://pokeapi.co/api/v2/pokemon/721/"
    },
    {
      "name": "rowlet",
      "url": "https://pokeapi.co/api/v2/pokemon/722/"
    },
    {
      "name": "dartrix",
      "url": "https://pokeapi.co/api/v2/pokemon/723/"
    },
    {
      "name": "decidueye",
      "url": "https://pokeapi.co/api/v2/pokemon/724/"
    },
    {
      "name": "vikavolt",
      "url": "https://pokeapi.co/api/v2/pokemon/738/"
    },
    {
      "name": "ribombee",
      "url": "https://pokeapi.co/api/v2/pokemon/743/"
    },
    {
      "name": "fomantis",
      "url": "https://pokeapi.co/api/v2/pokemon/753/"
    },
    {
      "name": "lurantis",
      "url": "https://pokeapi.co/api/v2/pokemon/754/"
    },
    {
      "name": "morelull",
      "url": "https://pokeapi.co/api/v2/pokemon/755/"
    },
    {
      "name": "shiinotic",
      "url": "https://pokeapi.co/api/v2/pokemon/756/"
    },
    {
      "name": "bounsweet",
      "url": "https://pokeapi.co/api/v2/pokemon/761/"
    },
    {
      "name": "steenee",
      "url": "https://pokeapi.co/api/v2/pokemon/762/"
    },
    {
      "name": "tsareena",
      "url": "https://pokeapi.co/api/v2/pokemon/763/"
    },
    {
      "name": "comfey",
      "url": "https://pokeapi.co/api/v2/pokemon/764/"
    },
    {
      "name": "minior-red-meteor",
      "url": "https://pokeapi.co/api/v2/pokemon/774/"
    },
    {
      "name": "turtonator",
      "url": "https://pokeapi.co/api/v2/pokemon/776/"
    },
    {
      "name": "drampa",
      "url": "https://pokeapi.co/api/v2/pokemon/780/"
    },
    {
      "name": "dhelmise",
      "url": "https://pokeapi.co/api/v2/pokemon/781/"
    },
    {
      "name": "tapu-bulu",
      "url": "https://pokeapi.co/api/v2/pokemon/787/"
    },
    {
      "name": "solgaleo",
      "url": "https://pokeapi.co/api/v2/pokemon/791/"
    },
    {
      "name": "lunala",
      "url": "https://pokeapi.co/api/v2/pokemon/792/"
    },
    {
      "name": "xurkitree",
      "url": "https://pokeapi.co/api/v2/pokemon/796/"
    },
    {
      "name": "celesteela",
      "url": "https://pokeapi.co/api/v2/pokemon/797/"
    },
    {
      "name": "necrozma",
      "url": "https://pokeapi.co/api/v2/pokemon/800/"
    },
    {
      "name": "magearna",
      "url": "https://pokeapi.co/api/v2/pokemon/801/"
    },
    {
      "name": "blacephalon",
      "url": "https://pokeapi.co/api/v2/pokemon/806/"
    },
    {
      "name": "melmetal",
      "url": "https://pokeapi.co/api/v2/pokemon/809/"
    },
    {
      "name": "grookey",
      "url": "https://pokeapi.co/api/v2/pokemon/810/"
    },
    {
      "name": "thwackey",
      "url": "https://pokeapi.co/api/v2/pokemon/811/"
    },
    {
      "name": "rillaboom",
      "url": "https://pokeapi.co/api/v2/pokemon/812/"
    },
    {
      "name": "dottler",
      "url": "https://pokeapi.co/api/v2/pokemon/825/"
    },
    {
      "name": "orbeetle",
      "url": "https://pokeapi.co/api/v2/pokemon/826/"
    },
    {
      "name": "gossifleur",
      "url": "https://pokeapi.co/api/v2/pokemon/829/"
    },
    {
      "name": "eldegoss",
      "url": "https://pokeapi.co/api/v2/pokemon/830/"
    },
    {
      "name": "coalossal",
      "url": "https://pokeapi.co/api/v2/pokemon/839/"
    },
    {
      "name": "flapple",
      "url": "https://pokeapi.co/api/v2/pokemon/841/"
    },
    {
      "name": "appletun",
      "url": "https://pokeapi.co/api/v2/pokemon/842/"
    },
    {
      "name": "centiskorch",
      "url": "https://pokeapi.co/api/v2/pokemon/851/"
    },
    {
      "name": "mr-rime",
      "url": "https://pokeapi.co/api/v2/pokemon/866/"
    },
    {
      "name": "alcremie",
      "url": "https://pokeapi.co/api/v2/pokemon/869/"
    },
    {
      "name": "duraludon",
      "url": "https://pokeapi.co/api/v2/pokemon/884/"
    },
    {
      "name": "dragapult",
      "url": "https://pokeapi.co/api/v2/pokemon/887/"
    },
    {
      "name": "zamazenta",
      "url": "https://pokeapi.co/api/v2/pokemon/889/"
    },
    {
      "name": "eternatus",
      "url": "https://pokeapi.co/api/v2/pokemon/890/"
    },
    {
      "name": "zarude",
      "url": "https://pokeapi.co/api/v2/pokemon/893/"
    },
    {
      "name": "calyrex",
      "url": "https://pokeapi.co/api/v2/pokemon/898/"
    },
    {
      "name": "wyrdeer",
      "url": "https://pokeapi.co/api/v2/pokemon/899/"
    },
    {
      "name": "sprigatito",
      "url": "https://pokeapi.co/api/v2/pokemon/906/"
    },
    {
      "name": "floragato",
      "url": "https://pokeapi.co/api/v2/pokemon/907/"
    },
    {
      "name": "meowscarada",
      "url": "https://pokeapi.co/api/v2/pokemon/908/"
    },
    {
      "name": "skeledirge",
      "url": "https://pokeapi.co/api/v2/pokemon/911/"
    },
    {
      "name": "smoliv",
      "url": "https://pokeapi.co/api/v2/pokemon/928/"
    },
    {
      "name": "dolliv",
      "url": "https://pokeapi.co/api/v2/pokemon/929/"
    },
    {
      "name": "arboliva",
      "url": "https://pokeapi.co/api/v2/pokemon/930/"
    },
    {
      "name": "armarouge",
      "url": "https://pokeapi.co/api/v2/pokemon/936/"
    },
    {
      "name": "bramblin",
      "url": "https://pokeapi.co/api/v2/pokemon/946/"
    },
    {
      "name": "brambleghast",
      "url": "https://pokeapi.co/api/v2/pokemon/947/"
    },
    {
      "name": "toedscool",
      "url": "https://pokeapi.co/api/v2/pokemon/948/"
    },
    {
      "name": "toedscruel",
      "url": "https://pokeapi.co/api/v2/pokemon/949/"
    },
    {
      "name": "capsakid",
      "url": "https://pokeapi.co/api/v2/pokemon/951/"
    },
    {
      "name": "scovillain",
      "url": "https://pokeapi.co/api/v2/pokemon/952/"
    },
    {
      "name": "glimmora",
      "url": "https://pokeapi.co/api/v2/pokemon/970/"
    },
    {
      "name": "dudunsparce-two-segment",
      "url": "https://pokeapi.co/api/v2/pokemon/982/"
    },
    {
      "name": "brute-bonnet",
      "url": "https://pokeapi.co/api/v2/pokemon/986/"
    },
    {
      "name": "iron-moth",
      "url": "https://pokeapi.co/api/v2/pokemon/994/"
    },
    {
      "name": "wo-chien",
      "url": "https://pokeapi.co/api/v2/pokemon/1001/"
    },
    {
      "name": "koraidon",
      "url": "https://pokeapi.co/api/v2/pokemon/1007/"
    },
    {
      "name": "miraidon",
      "url": "https://pokeapi.co/api/v2/pokemon/1008/"
    },
    {
      "name": "iron-leaves",
      "url": "https://pokeapi.co/api/v2/pokemon/1010/"
    },
    {
      "name": "dipplin",
      "url": "https://pokeapi.co/api/v2/pokemon/1011/"
    },
    {
      "name": "poltchageist",
      "url": "https://pokeapi.co/api/v2/pokemon/1012/"
    },
    {
      "name": "sinistcha",
      "url": "https://pokeapi.co/api/v2/pokemon/1013/"
    },
    {
      "name": "ogerpon",
      "url": "https://pokeapi.co/api/v2/pokemon/1017/"
    },
    {
      "name": "archaludon",
      "url": "https://pokeapi.co/api/v2/pokemon/1018/"
    },
    {
      "name": "hydrapple",
      "url": "https://pokeapi.co/api/v2/pokemon/1019/"
    },
    {
      "name": "raging-bolt",
      "url": "https://pokeapi.co/api/v2/pokemon/1021/"
    },
    {
      "name": "terapagos",
      "url": "https://pokeapi.co/api/v2/pokemon/1024/"
    },
    {
      "name": "deoxys-attack",
      "url": "https://pokeapi.co/api/v2/pokemon/10001/"
    },
    {
      "name": "deoxys-defense",
      "url": "https://pokeapi.co/api/v2/pokemon/10002/"
    },
    {
      "name": "deoxys-speed",
      "url": "https://pokeapi.co/api/v2/pokemon/10003/"
    },
    {
      "name": "wormadam-sandy",
      "url": "https://pokeapi.co/api/v2/pokemon/10004/"
    },
    {
      "name": "wormadam-trash",
      "url": "https://pokeapi.co/api/v2/pokemon/10005/"
    },
    {
      "name": "shaymin-sky",
      "url": "https://pokeapi.co/api/v2/pokemon/10006/"
    },
    {
      "name": "castform-sunny",
      "url": "https://pokeapi.co/api/v2/pokemon/10013/"
    },
    {
      "name": "castform-rainy",
      "url": "https://pokeapi.co/api/v2/pokemon/10014/"
    },
    {
      "name": "castform-snowy",
      "url": "https://pokeapi.co/api/v2/pokemon/10015/"
    },
    {
      "name": "darmanitan-zen",
      "url": "https://pokeapi.co/api/v2/pokemon/10017/"
    },
    {
      "name": "pumpkaboo-small",
      "url": "https://pokeapi.co/api/v2/pokemon/10027/"
    },
    {
      "name": "pumpkaboo-large",
      "url": "https://pokeapi.co/api/v2/pokemon/10028/"
    },
    {
      "name": "pumpkaboo-super",
      "url": "https://pokeapi.co/api/v2/pokemon/10029/"
    },
    {
      "name": "gourgeist-small",
      "url": "https://pokeapi.co/api/v2/pokemon/10030/"
    },
    {
      "name": "gourgeist-large",
      "url": "https://pokeapi.co/api/v2/pokemon/10031/"
    },
    {
      "name": "gourgeist-super",
      "url": "https://pokeapi.co/api/v2/pokemon/10032/"
    },
    {
      "name": "venusaur-mega",
      "url": "https://pokeapi.co/api/v2/pokemon/10033/"
    },
    {
      "name": "charizard-mega-x",
      "url": "https://pokeapi.co/api/v2/pokemon/10034/"
    },
    {
      "name": "charizard-mega-y",
      "url": "https://pokeapi.co/api/v2/pokemon/10035/"
    },
    {
      "name": "kangaskhan-mega",
      "url": "https://pokeapi.co/api/v2/pokemon/10039/"
    },
    {
      "name": "mewtwo-mega-x",
      "url": "https://pokeapi.co/api/v2/pokemon/10043/"
    },
    {
      "name": "mewtwo-mega-y",
      "url": "https://pokeapi.co/api/v2/pokemon/10044/"
    },
    {
      "name": "houndoom-mega",
      "url": "https://pokeapi.co/api/v2/pokemon/10048/"
    },
    {
      "name": "blaziken-mega",
      "url": "https://pokeapi.co/api/v2/pokemon/10050/"
    },
    {
      "name": "mawile-mega",
      "url": "https://pokeapi.co/api/v2/pokemon/10052/"
    },
    {
      "name": "aggron-mega",
      "url": "https://pokeapi.co/api/v2/pokemon/10053/"
    },
    {
      "name": "abomasnow-mega",
      "url": "https://pokeapi.co/api/v2/pokemon/10060/"
    },
    {
      "name": "floette-eternal",
      "url": "https://pokeapi.co/api/v2/pokemon/10061/"
    },
    {
      "name": "latias-mega",
      "url": "https://pokeapi.co/api/v2/pokemon/10062/"
    },
    {
      "name": "latios-mega",
      "url": "https://pokeapi.co/api/v2/pokemon/10063/"
    },
    {
      "name": "sceptile-mega",
      "url": "https://pokeapi.co/api/v2/pokemon/10065/"
    },
    {
      "name": "altaria-mega",
      "url": "https://pokeapi.co/api/v2/pokemon/10067/"
    },
    {
      "name": "audino-mega",
      "url": "https://pokeapi.co/api/v2/pokemon/10069/"
    },
    {
      "name": "groudon-primal",
      "url": "https://pokeapi.co/api/v2/pokemon/10078/"
    },
    {
      "name": "rayquaza-mega",
      "url": "https://pokeapi.co/api/v2/pokemon/10079/"
    },
    {
      "name": "camerupt-mega",
      "url": "https://pokeapi.co/api/v2/pokemon/10087/"
    },
    {
      "name": "lopunny-mega",
      "url": "https://pokeapi.co/api/v2/pokemon/10088/"
    },
    {
      "name": "beedrill-mega",
      "url": "https://pokeapi.co/api/v2/pokemon/10090/"
    },
    {
      "name": "ninetales-alola",
      "url": "https://pokeapi.co/api/v2/pokemon/10104/"
    },
    {
      "name": "exeggutor-alola",
      "url": "https://pokeapi.co/api/v2/pokemon/10114/"
    },
    {
      "name": "vikavolt-totem",
      "url": "https://pokeapi.co/api/v2/pokemon/10122/"
    },
    {
      "name": "lurantis-totem",
      "url": "https://pokeapi.co/api/v2/pokemon/10128/"
    },
    {
      "name": "minior-orange-meteor",
      "url": "https://pokeapi.co/api/v2/pokemon/10130/"
    },
    {
      "name": "minior-yellow-meteor",
      "url": "https://pokeapi.co/api/v2/pokemon/10131/"
    },
    {
      "name": "minior-green-meteor",
      "url": "https://pokeapi.co/api/v2/pokemon/10132/"
    },
    {
      "name": "minior-blue-meteor",
      "url": "https://pokeapi.co/api/v2/pokemon/10133/"
    },
    {
      "name": "minior-indigo-meteor",
      "url": "https://pokeapi.co/api/v2/pokemon/10134/"
    },
    {
      "name": "minior-violet-meteor",
      "url": "https://pokeapi.co/api/v2/pokemon/10135/"
    },
    {
      "name": "minior-red",
      "url": "https://pokeapi.co/api/v2/pokemon/10136/"
    },
    {
      "name": "minior-orange",
      "url": "https://pokeapi.co/api/v2/pokemon/10137/"
    },
    {
      "name": "minior-yellow",
      "url": "https://pokeapi.co/api/v2/pokemon/10138/"
    },
    {
      "name": "minior-green",
      "url": "https://pokeapi.co/api/v2/pokemon/10139/"
    },
    {
      "name": "minior-blue",
      "url": "https://pokeapi.co/api/v2/pokemon/10140/"
    },
    {
      "name": "minior-indigo",
      "url": "https://pokeapi.co/api/v2/pokemon/10141/"
    },
    {
      "name": "minior-violet",
      "url": "https://pokeapi.co/api/v2/pokemon/10142/"
    },
    {
      "name": "magearna-original",
      "url": "https://pokeapi.co/api/v2/pokemon/10147/"
    },
    {
      "name": "ribombee-totem",
      "url": "https://pokeapi.co/api/v2/pokemon/10150/"
    },
    {
      "name": "necrozma-dusk",
      "url": "https://pokeapi.co/api/v2/pokemon/10155/"
    },
    {
      "name": "necrozma-dawn",
      "url": "https://pokeapi.co/api/v2/pokemon/10156/"
    },
    {
      "name": "necrozma-ultra",
      "url": "https://pokeapi.co/api/v2/pokemon/10157/"
    },
    {
      "name": "mr-mime-galar",
      "url": "https://pokeapi.co/api/v2/pokemon/10168/"
    },
    {
      "name": "darumaka-galar",
      "url": "https://pokeapi.co/api/v2/pokemon/10176/"
    },
    {
      "name": "darmanitan-galar-standard",
      "url": "https://pokeapi.co/api/v2/pokemon/10177/"
    },
    {
      "name": "darmanitan-galar-zen",
      "url": "https://pokeapi.co/api/v2/pokemon/10178/"
    },
    {
      "name": "zamazenta-crowned",
      "url": "https://pokeapi.co/api/v2/pokemon/10189/"
    },
    {
      "name": "eternatus-eternamax",
      "url": "https://pokeapi.co/api/v2/pokemon/10190/"
    },
    {
      "name": "zarude-dada",
      "url": "https://pokeapi.co/api/v2/pokemon/10192/"
    },
    {
      "name": "calyrex-ice",
      "url": "https://pokeapi.co/api/v2/pokemon/10193/"
    },
    {
      "name": "calyrex-shadow",
      "url": "https://pokeapi.co/api/v2/pokemon/10194/"
    },
    {
      "name": "arcanine-hisui",
      "url": "https://pokeapi.co/api/v2/pokemon/10230/"
    },
    {
      "name": "voltorb-hisui",
      "url": "https://pokeapi.co/api/v2/pokemon/10231/"
    },
    {
      "name": "electrode-hisui",
      "url": "https://pokeapi.co/api/v2/pokemon/10232/"
    },
    {
      "name": "typhlosion-hisui",
      "url": "https://pokeapi.co/api/v2/pokemon/10233/"
    },
    {
      "name": "lilligant-hisui",
      "url": "https://pokeapi.co/api/v2/pokemon/10237/"
    },
    {
      "name": "decidueye-hisui",
      "url": "https://pokeapi.co/api/v2/pokemon/10244/"
    },
    {
      "name": "dudunsparce-three-segment",
      "url": "https://pokeapi.co/api/v2/pokemon/10255/"
    },
    {
      "name": "koraidon-limited-build",
      "url": "https://pokeapi.co/api/v2/pokemon/10264/"
    },
    {
      "name": "koraidon-sprinting-build",
      "url": "https://pokeapi.co/api/v2/pokemon/10265/"
    },
    {
      "name": "koraidon-swimming-build",
      "url": "https://pokeapi.co/api/v2/pokemon/10266/"
    },
    {
      "name": "koraidon-gliding-build",
      "url": "https://pokeapi.co/api/v2/pokemon/10267/"
    },
    {
      "name": "miraidon-low-power-mode",
      "url": "https://pokeapi.co/api/v2/pokemon/10268/"
    },
    {
      "name": "miraidon-drive-mode",
      "url": "https://pokeapi.co/api/v2/pokemon/10269/"
    },
    {
      "name": "miraidon-aquatic-mode",
      "url": "https://pokeapi.co/api/v2/pokemon/10270/"
    },
    {
      "name": "miraidon-glide-mode",
      "url": "https://pokeapi.co/api/v2/pokemon/10271/"
    },
    {
      "name": "ogerpon-wellspring-mask",
      "url": "https://pokeapi.co/api/v2/pokemon/10273/"
    },
    {
      "name": "ogerpon-hearthflame-mask",
      "url": "https://pokeapi.co/api/v2/pokemon/10274/"
    },
    {
      "name": "ogerpon-cornerstone-mask",
      "url": "https://pokeapi.co/api/v2/pokemon/10275/"
    },
    {
      "name": "terapagos-terastal",
      "url": "https://pokeapi.co/api/v2/pokemon/10276/"
    },
    {
      "name": "terapagos-stellar",
      "url": "https://pokeapi.co/api/v2/pokemon/10277/"
    }
  ],
  "machines": [
    {
      "machine": {
        "url": "https://pokeapi.co/api/v2/machine/221/"
      },
      "version_group": {
        "name": "sword-shield",
        "url": "https://pokeapi.co/api/v2/version-group/20/"
      }
    },
    {
      "machine": {
        "url": "https://pokeapi.co/api/v2/machine/422/"
      },
      "version_group": {
        "name": "red-blue",
        "url": "https://pokeapi.co/api/v2/version-group/1/"
      }
    },
    {
      "machine": {
        "url": "https://pokeapi.co/api/v2/machine/423/"
      },
      "version_group": {
        "name": "yellow",
        "url": "https://pokeapi.co/api/v2/version-group/2/"
      }
    },
    {
      "machine": {
        "url": "https://pokeapi.co/api/v2/machine/424/"
      },
      "version_group": {
        "name": "gold-silver",
        "url": "https://pokeapi.co/api/v2/version-group/3/"
      }
    },
    {
      "machine": {
        "url": "https://pokeapi.co/api/v2/machine/425/"
      },
      "version_group": {
        "name": "crystal",
        "url": "https://pokeapi.co/api/v2/version-group/4/"
      }
    },
    {
      "machine": {
        "url": "https://pokeapi.co/api/v2/machine/426/"
      },
      "version_group": {
        "name": "ruby-sapphire",
        "url": "https://pokeapi.co/api/v2/version-group/5/"
      }
    },
    {
      "machine": {
        "url": "https://pokeapi.co/api/v2/machine/427/"
      },
      "version_group": {
        "name": "emerald",
        "url": "https://pokeapi.co/api/v2/version-group/6/"
      }
    },
    {
      "machine": {
        "url": "https://pokeapi.co/api/v2/machine/428/"
      },
      "version_group": {
        "name": "firered-leafgreen",
        "url": "https://pokeapi.co/api/v2/version-group/7/"
      }
    },
    {
      "machine": {
        "url": "https://pokeapi.co/api/v2/machine/429/"
      },
      "version_group": {
        "name": "diamond-pearl",
        "url": "https://pokeapi.co/api/v2/version-group/8/"
      }
    },
    {
      "machine": {
        "url": "https://pokeapi.co/api/v2/machine/430/"
      },
      "version_group": {
        "name": "platinum",
        "url": "https://pokeapi.co/api/v2/version-group/9/"
      }
    },
    {
      "machine": {
        "url": "https://pokeapi.co/api/v2/machine/431/"
      },
      "version_group": {
        "name": "heartgold-soulsilver",
        "url": "https://pokeapi.co/api/v2/version-group/10/"
      }
    },
    {
      "machine": {
        "url": "https://pokeapi.co/api/v2/machine/432/"
      },
      "version_group": {
        "name": "black-white",
        "url": "https://pokeapi.co/api/v2/version-group/11/"
      }
    },
    {
      "machine": {
        "url": "https://pokeapi.co/api/v2/machine/433/"
      },
      "version_group": {
        "name": "colosseum",
        "url": "https://pokeapi.co/api/v2/version-group/12/"
      }
    },
    {
      "machine": {
        "url": "https://pokeapi.co/api/v2/machine/434/"
      },
      "version_group": {
        "name": "xd",
        "url": "https://pokeapi.co/api/v2/version-group/13/"
      }
    },
    {
      "machine": {
        "url": "https://pokeapi.co/api/v2/machine/435/"
      },
      "version_group": {
        "name": "black-2-white-2",
        "url": "https://pokeapi.co/api/v2/version-group/14/"
      }
    },
    {
      "machine": {
        "url": "https://pokeapi.co/api/v2/machine/436/"
      },
      "version_group": {
        "name": "x-y",
        "url": "https://pokeapi.co/api/v2/version-group/15/"
      }
    },
    {
      "machine": {
        "url": "https://pokeapi.co/api/v2/machine/437/"
      },
      "version_group": {
        "name": "omega-ruby-alpha-sapphire",
        "url": "https://pokeapi.co/api/v2/version-group/16/"
      }
    },
    {
      "machine": {
        "url": "https://pokeapi.co/api/v2/machine/438/"
      },
      "version_group": {
        "name": "sun-moon",
        "url": "https://pokeapi.co/api/v2/version-group/17/"
      }
    },
    {
      "machine": {
        "url": "https://pokeapi.co/api/v2/machine/439/"
      },
      "version_group": {
        "name": "ultra-sun-ultra-moon",
        "url": "https://pokeapi.co/api/v2/version-group/18/"
      }
    },
    {
      "machine": {
        "url": "https://pokeapi.co/api/v2/machine/900/"
      },
      "version_group": {
        "name": "lets-go-pikachu-lets-go-eevee",
        "url": "https://pokeapi.co/api/v2/version-group/19/"
      }
    },
    {
      "machine": {
        "url": "https://pokeapi.co/api/v2/machine/1873/"
      },
      "version_group": {
        "name": "scarlet-violet",
        "url": "https://pokeapi.co/api/v2/version-group/25/"
      }
    },
    {
      "machine": {
        "url": "https://pokeapi.co/api/v2/machine/2060/"
      },
      "version_group": {
        "name": "the-indigo-disk",
        "url": "https://pokeapi.co/api/v2/version-group/27/"
      }
    }
  ],
  "meta": {
    "ailment": {
      "name": "none",
      "url": "https://pokeapi.co/api/v2/move-ailment/0/"
    },
    "ailment_chance": 0,
    "category": {
      "name": "damage",
      "url": "https://pokeapi.co/api/v2/move-category/0/"
    },
    "crit_rate": 0,
    "drain": 0,
    "flinch_chance": 0,
    "healing": 0,
    "max_hits": null,
    "max_turns": null,
    "min_hits": null,
    "min_turns": null,
    "stat_chance": 0
  },
  "name": "solar-beam",
  "names": [
    {
      "language": {
        "name": "ja-Hrkt",
        "url": "https://pokeapi.co/api/v2/language/1/"
      },
      "name": "\u30bd\u30fc\u30e9\u30fc\u30d3\u30fc\u30e0"
    },
    {
      "language": {
        "name": "ko",
        "url": "https://pokeapi.co/api/v2/language/3/"
      },
      "name": "\uc194\ub77c\ube54"
    },
    {
      "language": {
        "name": "zh-Hant",
        "url": "https://pokeapi.co/api/v2/language/4/"
      },
      "name": "\u65e5\u5149\u675f"
    },
    {
      "language": {
        "name": "fr",
        "url": "https://pokeapi.co/api/v2/language/5/"
      },
      "name": "Lance-Soleil"
    },
    {
      "language": {
        "name": "de",
        "url": "https://pokeapi.co/api/v2/language/6/"
      },
      "name": "Solarstrahl"
    },
    {
      "language": {
        "name": "es",
        "url": "https://pokeapi.co/api/v2/language/7/"
      },
      "name": "Rayo Solar"
    },
    {
      "language": {
        "name": "it",
        "url": "https://pokeapi.co/api/v2/language/8/"
      },
      "name": "Solarraggio"
    },
    {
      "language": {
        "name": "en",
        "url": "https://pokeapi.co/api/v2/language/9/"
      },
      "name": "Solar Beam"
    },
    {
      "language": {
        "name": "ja",
        "url": "https://pokeapi.co/api/v2/language/11/"
      },
      "name": "\u30bd\u30fc\u30e9\u30fc\u30d3\u30fc\u30e0"
    },
    {
      "language": {
        "name": "zh-Hans",
        "url": "https://pokeapi.co/api/v2/language/12/"
      },
      "name": "\u65e5\u5149\u675f"
    }
  ],
  "past_values": [
    {
      "accuracy": null,
      "effect_chance": null,
      "effect_entries": [],
      "power": 120,
      "pp": null,
      "type": null,
      "version_group": {
        "name": "lets-go-pikachu-lets-go-eevee",
        "url": "https://pokeapi.co/api/v2/version-group/19/"
      }
    },
    {
      "accuracy": null,
      "effect_chance": null,
      "effect_entries": [],
      "power": 200,
      "pp": null,
      "type": null,
      "version_group": {
        "name": "sword-shield",
        "url": "https://pokeapi.co/api/v2/version-group/20/"
      }
    }
  ],
  "power": 120,
  "pp": 10,
  "priority": 0,
  "stat_changes": [],
  "super_contest_effect": {
    "url": "https://pokeapi.co/api/v2/super-contest-effect/6/"
  },
  "target": {
    "name": "selected-pokemon",
    "url": "https://pokeapi.co/api/v2/move-target/10/"
  },
  "type": {
    "name": "grass",
    "url": "https://pokeapi.co/api/v2/type/12/"
  }
}