{
  "accuracy": 100,
  "contest_combos": {
    "normal": {
      "use_after": [
        {
          "name": "sand-attack",
          "url": "https://pokeapi.co/api/v2/move/28/"
        },
        {
          "name": "sandstorm",
          "url": "https://pokeapi.co/api/v2/move/201/"
        },
        {
          "name": "mud-sport",
          "url": "https://pokeapi.co/api/v2/move/300/"
        }
      ],
      "use_before": [
        {
          "name": "sand-attack",
          "url": "https://pokeapi.co/api/v2/move/28/"
        },
        {
          "name": "mud-sport",
          "url": "https://pokeapi.co/api/v2/move/300/"
        }
      ]
    },
    "super": {
      "use_after": null,
      "use_before": null
    }
  },
  "contest_effect": {
    "url": "https://pokeapi.co/api/v2/contest-effect/10/"
  },
  "contest_type": {
    "name": "cute",
    "url": "https://pokeapi.co/api/v2/contest-type/3/"
  },
  "damage_class": {
    "name": "special",
    "url": "https://pokeapi.co/api/v2/move-damage-class/3/"
  },
  "effect_chance": 100,
  "effect_changes": [],
  "effect_entries": [
    {
      "effect": "Inflicts regular damage.  Has a 100% chance to lower the target\u2019s accuracy by one stage.",
      "language": {
        "name": "en",
        "url": "https://pokeapi.co/api/v2/language/9/"
      },
      "short_effect": "Has a 100% chance to lower the target\u2019s accuracy by one stage."
    }
  ],
  "flavor_text_entries": [
    {
      "flavor_text": "Reduces the foe's\naccuracy.",
      "language": {
        "name": "en",
        "url": "https://pokeapi.co/api/v2/language/9/"
      },
      "version_group": {
        "name": "gold-silver",
        "url": "https://pokeapi.co/api/v2/version-group/3/"
      }
    },
    {
      "flavor_text": "Reduces the foe's\naccuracy.",
      "language": {
        "name": "en",
        "url": "https://pokeapi.co/api/v2/language/9/"
      },
      "version_group": {
        "name": "crystal",
        "url": "https://pokeapi.co/api/v2/version-group/4/"
      }
    },
    {
      "flavor_text": "Hurls mud in the foe\u2019s face\nto reduce its accuracy.",
      "language": {
        "name": "en",
        "url": "https://pokeapi.co/api/v2/language/9/"
      },
      "version_group": {
        "name": "ruby-sapphire",
        "url": "https://pokeapi.co/api/v2/version-group/5/"
      }
    },
    {
      "flavor_text": "Hurls mud in the foe\u2019s face\nto reduce its accuracy.",
      "language": {
        "name": "en",
        "url": "https://pokeapi.co/api/v2/language/9/"
      },
      "version_group": {
        "name": "emerald",
        "url": "https://pokeapi.co/api/v2/version-group/6/"
      }
    },
    {
      "flavor_text": "Mud is hurled in\nthe foe\u2019s face to\ninflict damage and\nlower its accuracy.",
      "language": {
        "name": "en",
        "url": "https://pokeapi.co/api/v2/language/9/"
      },
      "version_group": {
        "name": "firered-leafgreen",
        "url": "https://pokeapi.co/api/v2/version-group/7/"
      }
    },
    {
      "flavor_text": "The user hurls mud in\nthe foe\u2019s face to\ninflict damage and\nlower its accuracy.\n",
      "language": {
        "name": "en",
        "url": "https://pokeapi.co/api/v2/language/9/"
      },
      "version_group": {
        "name": "diamond-pearl",
        "url": "https://pokeapi.co/api/v2/version-group/8/"
      }
    },
    {
      "flavor_text": "The user hurls mud in\nthe foe\u2019s face to\ninflict damage and\nlower its accuracy.\n",
      "language": {
        "name": "en",
        "url": "https://pokeapi.co/api/v2/language/9/"
      },
      "version_group": {
        "name": "platinum",
        "url": "https://pokeapi.co/api/v2/version-group/9/"
      }
    },
    {
      "flavor_text": "The user hurls mud in\nthe foe\u2019s face to\ninflict damage and\nlower its accuracy.\n",
      "language": {
        "name": "en",
        "url": "https://pokeapi.co/api/v2/language/9/"
      },
      "version_group": {
        "name": "heartgold-soulsilver",
        "url": "https://pokeapi.co/api/v2/version-group/10/"
      }
    },
    {
      "flavor_text": "Le lanceur envoie de la boue au visage\nde l\u2019ennemi pour infliger des d\u00e9g\u00e2ts\net baisser sa Pr\u00e9cision.",
      "language": {
        "name": "fr",
        "url": "https://pokeapi.co/api/v2/language/5/"
      },
      "version_group": {
        "name": "black-white",
        "url": "https://pokeapi.co/api/v2/version-group/11/"
      }
    },
    {
      "flavor_text": "The user hurls mud in the target\u2019s face to\ninflict damage and lower its accuracy.",
      "language": {
        "name": "en",
        "url": "https://pokeapi.co/api/v2/language/9/"
      },
      "version_group": {
        "name": "black-white",
        "url": "https://pokeapi.co/api/v2/version-group/11/"
      }
    },
    {
      "flavor_text": "The user hurls mud in the target\u2019s face to\ninflict damage and lower its accuracy.",
      "language": {
        "name": "en",
        "url": "https://pokeapi.co/api/v2/language/9/"
      },
      "version_group": {
        "name": "black-2-white-2",
        "url": "https://pokeapi.co/api/v2/version-group/14/"
      }
    },
    {
      "flavor_text": "\u3042\u3044\u3066\u306e\u3000\u304b\u304a\u306a\u3069\u306b\n\u30c9\u30ed\u3092\u3000\u306a\u3052\u3064\u3051\u3066\u3000\u3053\u3046\u3052\u304d\u3059\u308b\u3002\n\u3081\u3044\u3061\u3085\u3046\u308a\u3064\u3092\u3000\u3055\u3052\u308b\u3002",
      "language": {
        "name": "ja-Hrkt",
        "url": "https://pokeapi.co/api/v2/language/1/"
      },
      "version_group": {
        "name": "x-y",
        "url": "https://pokeapi.co/api/v2/version-group/15/"
      }
    },
    {
      "flavor_text": "\uc0c1\ub300\uc758 \uc5bc\uad74 \ub4f1\uc5d0\n\uc9c4\ud759\uc744 \ub0b4\ub358\uc838\uc11c \uacf5\uaca9\ud55c\ub2e4.\n\uba85\uc911\ub960\uc744 \ub5a8\uc5b4\ub728\ub9b0\ub2e4.",
      "language": {
        "name": "ko",
        "url": "https://pokeapi.co/api/v2/language/3/"
      },
      "version_group": {
        "name": "x-y",
        "url": "https://pokeapi.co/api/v2/version-group/15/"
      }
    },
    {
      "flavor_text": "Le lanceur envoie de la boue au visage de\nl\u2019ennemi pour infliger des d\u00e9g\u00e2ts et baisser\nsa Pr\u00e9cision.",
      "language": {
        "name": "fr",
        "url": "https://pokeapi.co/api/v2/language/5/"
      },
      "version_group": {
        "name": "x-y",
        "url": "https://pokeapi.co/api/v2/version-group/15/"
      }
    },
    {
      "flavor_text": "Schadet dem Ziel durch Matsch.\nDessen Genauigkeit sinkt.",
      "language": {
        "name": "de",
        "url": "https://pokeapi.co/api/v2/language/6/"
      },
      "version_group": {
        "name": "x-y",
        "url": "https://pokeapi.co/api/v2/version-group/15/"
      }
    },
    {
      "flavor_text": "Echa lodo en la cara para bajar la Precisi\u00f3n.",
      "language": {
        "name": "es",
        "url": "https://pokeapi.co/api/v2/language/7/"
      },
      "version_group": {
        "name": "x-y",
        "url": "https://pokeapi.co/api/v2/version-group/15/"
      }
    },
    {
      "flavor_text": "Chi la usa butta fango in faccia al bersaglio\nper arrecargli danni e ridurne la precisione.",
      "language": {
        "name": "it",
        "url": "https://pokeapi.co/api/v2/language/8/"
      },
      "version_group": {
        "name": "x-y",
        "url": "https://pokeapi.co/api/v2/version-group/15/"
      }
    },
    {
      "flavor_text": "The user hurls mud in the target\u2019s face to\ninflict damage and lower its accuracy.",
      "language": {
        "name": "en",
        "url": "https://pokeapi.co/api/v2/language/9/"
      },
      "version_group": {
        "name": "x-y",
        "url": "https://pokeapi.co/api/v2/version-group/15/"
      }
    },
    {
      "flavor_text": "\u76f8\u624b\u306e\u3000\u9854\u306a\u3069\u306b\n\u6ce5\u3092\u3000\u6295\u3052\u3064\u3051\u3066\u3000\u653b\u6483\u3059\u308b\u3002\n\u547d\u4e2d\u7387\u3092\u3000\u3055\u3052\u308b\u3002",
      "language": {
        "name": "ja",
        "url": "https://pokeapi.co/api/v2/language/11/"
      },
      "version_group": {
        "name": "x-y",
        "url": "https://pokeapi.co/api/v2/version-group/15/"
      }
    },
    {
      "flavor_text": "\u3042\u3044\u3066\u306e\u3000\u304b\u304a\u306a\u3069\u306b\n\u30c9\u30ed\u3092\u3000\u306a\u3052\u3064\u3051\u3066\u3000\u3053\u3046\u3052\u304d\u3059\u308b\u3002\n\u3081\u3044\u3061\u3085\u3046\u308a\u3064\u3092\u3000\u3055\u3052\u308b\u3002",
      "language": {
        "name": "ja-Hrkt",
        "url": "https://pokeapi.co/api/v2/language/1/"
      },
      "version_group": {
        "name": "omega-ruby-alpha-sapphire",
        "url": "https://pokeapi.co/api/v2/version-group/16/"
      }
    },
    {
      "flavor_text": "\uc0c1\ub300\uc758 \uc5bc\uad74 \ub4f1\uc5d0\n\uc9c4\ud759\uc744 \ub0b4\ub358\uc838\uc11c \uacf5\uaca9\ud55c\ub2e4.\n\uba85\uc911\ub960\uc744 \ub5a8\uc5b4\ub728\ub9b0\ub2e4.",
      "language": {
        "name": "ko",
        "url": "https://pokeapi.co/api/v2/language/3/"
      },
      "version_group": {
        "name": "omega-ruby-alpha-sapphire",
        "url": "https://pokeapi.co/api/v2/version-group/16/"
      }
    },
    {
      "flavor_text": "Le lanceur envoie de la boue au visage de\nl\u2019ennemi pour infliger des d\u00e9g\u00e2ts et baisser\nsa Pr\u00e9cision.",
      "language": {
        "name": "fr",
        "url": "https://pokeapi.co/api/v2/language/5/"
      },
      "version_group": {
        "name": "omega-ruby-alpha-sapphire",
        "url": "https://pokeapi.co/api/v2/version-group/16/"
      }
    },
    {
      "flavor_text": "Schadet dem Ziel durch Matsch.\nDessen Genauigkeit sinkt.",
      "language": {
        "name": "de",
        "url": "https://pokeapi.co/api/v2/language/6/"
      },
      "version_group": {
        "name": "omega-ruby-alpha-sapphire",
        "url": "https://pokeapi.co/api/v2/version-group/16/"
      }
    },
    {
      "flavor_text": "Echa lodo en la cara para bajar la Precisi\u00f3n.",
      "language": {
        "name": "es",
        "url": "https://pokeapi.co/api/v2/language/7/"
      },
      "version_group": {
        "name": "omega-ruby-alpha-sapphire",
        "url": "https://pokeapi.co/api/v2/version-group/16/"
      }
    },
    {
      "flavor_text": "Chi la usa butta fango in faccia al bersaglio\nper arrecargli danni e ridurne la precisione.",
      "language": {
        "name": "it",
        "url": "https://pokeapi.co/api/v2/language/8/"
      },
      "version_group": {
        "name": "omega-ruby-alpha-sapphire",
        "url": "https://pokeapi.co/api/v2/version-group/16/"
      }
    },
    {
      "flavor_text": "The user hurls mud in the target\u2019s face to\ninflict damage and lower its accuracy.",
      "language": {
        "name": "en",
        "url": "https://pokeapi.co/api/v2/language/9/"
      },
      "version_group": {
        "name": "omega-ruby-alpha-sapphire",
        "url": "https://pokeapi.co/api/v2/version-group/16/"
      }
    },
    {
      "flavor_text": "\u76f8\u624b\u306e\u3000\u9854\u306a\u3069\u306b\n\u6ce5\u3092\u3000\u6295\u3052\u3064\u3051\u3066\u3000\u653b\u6483\u3059\u308b\u3002\n\u547d\u4e2d\u7387\u3092\u3000\u3055\u3052\u308b\u3002",
      "language": {
        "name": "ja",
        "url": "https://pokeapi.co/api/v2/language/11/"
      },
      "version_group": {
        "name": "omega-ruby-alpha-sapphire",
        "url": "https://pokeapi.co/api/v2/version-group/16/"
      }
    },
    {
      "flavor_text": "\u3042\u3044\u3066\u306e\u3000\u304b\u304a\u306a\u3069\u306b\n\u30c9\u30ed\u3092\u3000\u306a\u3052\u3064\u3051\u3066\u3000\u3053\u3046\u3052\u304d\u3059\u308b\u3002\n\u3081\u3044\u3061\u3085\u3046\u308a\u3064\u3092\u3000\u3055\u3052\u308b\u3002",
      "language": {
        "name": "ja-Hrkt",
        "url": "https://pokeapi.co/api/v2/language/1/"
      },
      "version_group": {
        "name": "sun-moon",
        "url": "https://pokeapi.co/api/v2/version-group/17/"
      }
    },
    {
      "flavor_text": "\uc0c1\ub300\uc758 \uc5bc\uad74 \ub4f1\uc5d0\n\uc9c4\ud759\uc744 \ub0b4\ub358\uc838\uc11c \uacf5\uaca9\ud55c\ub2e4.\n\uba85\uc911\ub960\uc744 \ub5a8\uc5b4\ub728\ub9b0\ub2e4.",
      "language": {
        "name": "ko",
        "url": "https://pokeapi.co/api/v2/language/3/"
      },
      "version_group": {
        "name": "sun-moon",
        "url": "https://pokeapi.co/api/v2/version-group/17/"
      }
    },
    {
      "flavor_text": "\u5411\u5c0d\u624b\u7684\u81c9\u7b49\u8655\n\u6295\u64f2\u6ce5\u5df4\u9032\u884c\u653b\u64ca\u3002\n\u53ef\u964d\u4f4e\u5c0d\u624b\u7684\u547d\u4e2d\u7387\u3002",
      "language": {
        "name": "zh-Hant",
        "url": "https://pokeapi.co/api/v2/language/4/"
      },
      "version_group": {
        "name": "sun-moon",
        "url": "https://pokeapi.co/api/v2/version-group/17/"
      }
    },
    {
      "flavor_text": "Le lanceur envoie de la boue au visage de\nl\u2019ennemi pour infliger des d\u00e9g\u00e2ts et baisser\nsa Pr\u00e9cision.",
      "language": {
        "name": "fr",
        "url": "https://pokeapi.co/api/v2/language/5/"
      },
      "version_group": {
        "name": "sun-moon",
        "url": "https://pokeapi.co/api/v2/version-group/17/"
      }
    },
    {
      "flavor_text": "Schadet dem Ziel durch Matsch. Dessen Genauigkeit\nsinkt.",
      "language": {
        "name": "de",
        "url": "https://pokeapi.co/api/v2/language/6/"
      },
      "version_group": {
        "name": "sun-moon",
        "url": "https://pokeapi.co/api/v2/version-group/17/"
      }
    },
    {
      "flavor_text": "Echa lodo en la cara para bajar la Precisi\u00f3n.",
      "language": {
        "name": "es",
        "url": "https://pokeapi.co/api/v2/language/7/"
      },
      "version_group": {
        "name": "sun-moon",
        "url": "https://pokeapi.co/api/v2/version-group/17/"
      }
    },
    {
      "flavor_text": "Chi la usa butta fango in faccia al bersaglio\nper arrecargli danni e ridurne la precisione.",
      "language": {
        "name": "it",
        "url": "https://pokeapi.co/api/v2/language/8/"
      },
      "version_group": {
        "name": "sun-moon",
        "url": "https://pokeapi.co/api/v2/version-group/17/"
      }
    },
    {
      "flavor_text": "The user hurls mud in the target\u2019s face to inflict\ndamage and lower its accuracy.",
      "language": {
        "name": "en",
        "url": "https://pokeapi.co/api/v2/language/9/"
      },
      "version_group": {
        "name": "sun-moon",
        "url": "https://pokeapi.co/api/v2/version-group/17/"
      }
    },
    {
      "flavor_text": "\u76f8\u624b\u306e\u3000\u9854\u306a\u3069\u306b\n\u6ce5\u3092\u3000\u6295\u3052\u3064\u3051\u3066\u3000\u653b\u6483\u3059\u308b\u3002\n\u547d\u4e2d\u7387\u3092\u3000\u3055\u3052\u308b\u3002",
      "language": {
        "name": "ja",
        "url": "https://pokeapi.co/api/v2/language/11/"
      },
      "version_group": {
        "name": "sun-moon",
        "url": "https://pokeapi.co/api/v2/version-group/17/"
      }
    },
    {
      "flavor_text": "\u5411\u5bf9\u624b\u7684\u8138\u7b49\n\u6295\u63b7\u6ce5\u5757\u8fdb\u884c\u653b\u51fb\u3002\n\u4f1a\u964d\u4f4e\u5bf9\u624b\u7684\u547d\u4e2d\u7387\u3002",
      "language": {
        "name": "zh-Hans",
        "url": "https://pokeapi.co/api/v2/language/12/"
      },
      "version_group": {
        "name": "sun-moon",
        "url": "https://pokeapi.co/api/v2/version-group/17/"
      }
    },
    {
      "flavor_text": "\u3042\u3044\u3066\u306e\u3000\u304b\u304a\u306a\u3069\u306b\n\u30c9\u30ed\u3092\u3000\u306a\u3052\u3064\u3051\u3066\u3000\u3053\u3046\u3052\u304d\u3059\u308b\u3002\n\u3081\u3044\u3061\u3085\u3046\u308a\u3064\u3092\u3000\u3055\u3052\u308b\u3002",
      "language": {
        "name": "ja-Hrkt",
        "url": "https://pokeapi.co/api/v2/language/1/"
      },
      "version_group": {
        "name": "ultra-sun-ultra-moon",
        "url": "https://pokeapi.co/api/v2/version-group/18/"
      }
    },
    {
      "flavor_text": "\uc0c1\ub300\uc758 \uc5bc\uad74 \ub4f1\uc5d0\n\uc9c4\ud759\uc744 \ub0b4\ub358\uc838\uc11c \uacf5\uaca9\ud55c\ub2e4.\n\uba85\uc911\ub960\uc744 \ub5a8\uc5b4\ub728\ub9b0\ub2e4.",
      "language": {
        "name": "ko",
        "url": "https://pokeapi.co/api/v2/language/3/"
      },
      "version_group": {
        "name": "ultra-sun-ultra-moon",
        "url": "https://pokeapi.co/api/v2/version-group/18/"
      }
    },
    {
      "flavor_text": "\u5411\u5c0d\u624b\u7684\u81c9\u7b49\u8655\n\u6295\u64f2\u6ce5\u5df4\u9032\u884c\u653b\u64ca\u3002\n\u53ef\u964d\u4f4e\u5c0d\u624b\u7684\u547d\u4e2d\u7387\u3002",
      "language": {
        "name": "zh-Hant",
        "url": "https://pokeapi.co/api/v2/language/4/"
      },
      "version_group": {
        "name": "ultra-sun-ultra-moon",
        "url": "https://pokeapi.co/api/v2/version-group/18/"
      }
    },
    {
      "flavor_text": "Le lanceur envoie de la boue au visage de\nl\u2019ennemi pour infliger des d\u00e9g\u00e2ts et baisser\nsa Pr\u00e9cision.",
      "language": {
        "name": "fr",
        "url": "https://pokeapi.co/api/v2/language/5/"
      },
      "version_group": {
        "name": "ultra-sun-ultra-moon",
        "url": "https://pokeapi.co/api/v2/version-group/18/"
      }
    },
    {
      "flavor_text": "Schadet dem Ziel durch Matsch. Dessen Genauigkeit\nsinkt.",
      "language": {
        "name": "de",
        "url": "https://pokeapi.co/api/v2/language/6/"
      },
      "version_group": {
        "name": "ultra-sun-ultra-moon",
        "url": "https://pokeapi.co/api/v2/version-group/18/"
      }
    },
    {
      "flavor_text": "Echa lodo en la cara para bajar la Precisi\u00f3n.",
      "language": {
        "name": "es",
        "url": "https://pokeapi.co/api/v2/language/7/"
      },
      "version_group": {
        "name": "ultra-sun-ultra-moon",
        "url": "https://pokeapi.co/api/v2/version-group/18/"
      }
    },
    {
      "flavor_text": "Chi la usa butta fango in faccia al bersaglio\nper arrecargli danni e ridurne la precisione.",
      "language": {
        "name": "it",
        "url": "https://pokeapi.co/api/v2/language/8/"
      },
      "version_group": {
        "name": "ultra-sun-ultra-moon",
        "url": "https://pokeapi.co/api/v2/version-group/18/"
      }
    },
    {
      "flavor_text": "The user hurls mud in the target\u2019s face to inflict\ndamage and lower its accuracy.",
      "language": {
        "name": "en",
        "url": "https://pokeapi.co/api/v2/language/9/"
      },
      "version_group": {
        "name": "ultra-sun-ultra-moon",
        "url": "https://pokeapi.co/api/v2/version-group/18/"
      }
    },
    {
      "flavor_text": "\u76f8\u624b\u306e\u3000\u9854\u306a\u3069\u306b\n\u6ce5\u3092\u3000\u6295\u3052\u3064\u3051\u3066\u3000\u653b\u6483\u3059\u308b\u3002\n\u547d\u4e2d\u7387\u3092\u3000\u3055\u3052\u308b\u3002",
      "language": {
        "name": "ja",
        "url": "https://pokeapi.co/api/v2/language/11/"
      },
      "version_group": {
        "name": "ultra-sun-ultra-moon",
        "url": "https://pokeapi.co/api/v2/version-group/18/"
      }
    },
    {
      "flavor_text": "\u5411\u5bf9\u624b\u7684\u8138\u7b49\n\u6295\u63b7\u6ce5\u5757\u8fdb\u884c\u653b\u51fb\u3002\n\u4f1a\u964d\u4f4e\u5bf9\u624b\u7684\u547d\u4e2d\u7387\u3002",
      "language": {
        "name": "zh-Hans",
        "url": "https://pokeapi.co/api/v2/language/12/"
      },
      "version_group": {
        "name": "ultra-sun-ultra-moon",
        "url": "https://pokeapi.co/api/v2/version-group/18/"
      }
    },
    {
      "flavor_text": "\u3042\u3044\u3066\u306e\u3000\u304b\u304a\u306a\u3069\u306b\n\u30c9\u30ed\u3092\u3000\u306a\u3052\u3064\u3051\u3066\u3000\u3053\u3046\u3052\u304d\u3059\u308b\u3002\n\u3081\u3044\u3061\u3085\u3046\u308a\u3064\u3092\u3000\u3055\u3052\u308b\u3002",
      "language": {
        "name": "ja-Hrkt",
        "url": "https://pokeapi.co/api/v2/language/1/"
      },
      "version_group": {
        "name": "lets-go-pikachu-lets-go-eevee",
        "url": "https://pokeapi.co/api/v2/version-group/19/"
      }
    },
    {
      "flavor_text": "\uc0c1\ub300\uc758 \uc5bc\uad74 \ub4f1\uc5d0\n\uc9c4\ud759\uc744 \ub0b4\ub358\uc838\uc11c \uacf5\uaca9\ud55c\ub2e4.\n\uba85\uc911\ub960\uc744 \ub5a8\uc5b4\ub728\ub9b0\ub2e4.",
      "language": {
        "name": "ko",
        "url": "https://pokeapi.co/api/v2/language/3/"
      },
      "version_group": {
        "name": "lets-go-pikachu-lets-go-eevee",
        "url": "https://pokeapi.co/api/v2/version-group/19/"
      }
    },
    {
      "flavor_text": "\u5411\u5c0d\u624b\u7684\u81c9\u7b49\u8655\n\u6295\u64f2\u6ce5\u5df4\u9032\u884c\u653b\u64ca\u3002\n\u53ef\u964d\u4f4e\u5c0d\u624b\u7684\u547d\u4e2d\u7387\u3002",
      "language": {
        "name": "zh-Hant",
        "url": "https://pokeapi.co/api/v2/language/4/"
      },
      "version_group": {
        "name": "lets-go-pikachu-lets-go-eevee",
        "url": "https://pokeapi.co/api/v2/version-group/19/"
      }
    },
    {
      "flavor_text": "Le lanceur envoie de la boue au visage de l\u2019ennemi\npour infliger des d\u00e9g\u00e2ts et baisser sa Pr\u00e9cision.",
      "language": {
        "name": "fr",
        "url": "https://pokeapi.co/api/v2/language/5/"
      },
      "version_group": {
        "name": "lets-go-pikachu-lets-go-eevee",
        "url": "https://pokeapi.co/api/v2/version-group/19/"
      }
    },
    {
      "flavor_text": "Schadet dem Ziel durch Matsch. Dessen Genauigkeit\nsinkt.",
      "language": {
        "name": "de",
        "url": "https://pokeapi.co/api/v2/language/6/"
      },
      "version_group": {
        "name": "lets-go-pikachu-lets-go-eevee",
        "url": "https://pokeapi.co/api/v2/version-group/19/"
      }
    },
    {
      "flavor_text": "Echa lodo en la cara para bajar la Precisi\u00f3n.",
      "language": {
        "name": "es",
        "url": "https://pokeapi.co/api/v2/language/7/"
      },
      "version_group": {
        "name": "lets-go-pikachu-lets-go-eevee",
        "url": "https://pokeapi.co/api/v2/version-group/19/"
      }
    },
    {
      "flavor_text": "Chi la usa butta fango in faccia al bersaglio\nper arrecargli danni e ridurne la precisione.",
      "language": {
        "name": "it",
        "url": "https://pokeapi.co/api/v2/language/8/"
      },
      "version_group": {
        "name": "lets-go-pikachu-lets-go-eevee",
        "url": "https://pokeapi.co/api/v2/version-group/19/"
      }
    },
    {
      "flavor_text": "The user hurls mud in the target\u2019s face to inflict\ndamage and lower its accuracy.",
      "language": {
        "name": "en",
        "url": "https://pokeapi.co/api/v2/language/9/"
      },
      "version_group": {
        "name": "lets-go-pikachu-lets-go-eevee",
        "url": "https://pokeapi.co/api/v2/version-group/19/"
      }
    },
    {
      "flavor_text": "\u76f8\u624b\u306e\u3000\u9854\u306a\u3069\u306b\n\u6ce5\u3092\u3000\u6295\u3052\u3064\u3051\u3066\u3000\u653b\u6483\u3059\u308b\u3002\n\u547d\u4e2d\u7387\u3092\u3000\u3055\u3052\u308b\u3002",
      "language": {
        "name": "ja",
        "url": "https://pokeapi.co/api/v2/language/11/"
      },
      "version_group": {
        "name": "lets-go-pikachu-lets-go-eevee",
        "url": "https://pokeapi.co/api/v2/version-group/19/"
      }
    },
    {
      "flavor_text": "\u5411\u5bf9\u624b\u7684\u8138\u7b49\n\u6295\u63b7\u6ce5\u5757\u8fdb\u884c\u653b\u51fb\u3002\n\u4f1a\u964d\u4f4e\u5bf9\u624b\u7684\u547d\u4e2d\u7387\u3002",
      "language": {
        "name": "zh-Hans",
        "url": "https://pokeapi.co/api/v2/language/12/"
      },
      "version_group": {
        "name": "lets-go-pikachu-lets-go-eevee",
        "url": "https://pokeapi.co/api/v2/version-group/19/"
      }
    },
    {
      "flavor_text": "\u3042\u3044\u3066\u306e\u3000\u304b\u304a\u306a\u3069\u306b\n\u30c9\u30ed\u3092\u3000\u306a\u3052\u3064\u3051\u3066\u3000\u3053\u3046\u3052\u304d\u3059\u308b\u3002\n\u3081\u3044\u3061\u3085\u3046\u308a\u3064\u3092\u3000\u3055\u3052\u308b\u3002",
      "language": {
        "name": "ja-Hrkt",
        "url": "https://pokeapi.co/api/v2/language/1/"
      },
      "version_group": {
        "name": "sword-shield",
        "url": "https://pokeapi.co/api/v2/version-group/20/"
      }
    },
    {
      "flavor_text": "\uc0c1\ub300\uc758 \uc5bc\uad74 \ub4f1\uc5d0\n\uc9c4\ud759\uc744 \ub0b4\ub358\uc838\uc11c \uacf5\uaca9\ud55c\ub2e4.\n\uba85\uc911\ub960\uc744 \ub5a8\uc5b4\ub728\ub9b0\ub2e4.",
      "language": {
        "name": "ko",
        "url": "https://pokeapi.co/api/v2/language/3/"
      },
      "version_group": {
        "name": "sword-shield",
        "url": "https://pokeapi.co/api/v2/version-group/20/"
      }
    },
    {
      "flavor_text": "\u5411\u5c0d\u624b\u7684\u81c9\u7b49\u8655\n\u6295\u64f2\u6ce5\u5df4\u9032\u884c\u653b\u64ca\u3002\n\u53ef\u964d\u4f4e\u5c0d\u624b\u7684\u547d\u4e2d\u7387\u3002",
      "language": {
        "name": "zh-Hant",
        "url": "https://pokeapi.co/api/v2/language/4/"
      },
      "version_group": {
        "name": "sword-shield",
        "url": "https://pokeapi.co/api/v2/version-group/20/"
      }
    },
    {
      "flavor_text": "Le lanceur envoie de la boue au visage de l\u2019ennemi\npour infliger des d\u00e9g\u00e2ts et baisser sa Pr\u00e9cision.",
      "language": {
        "name": "fr",
        "url": "https://pokeapi.co/api/v2/language/5/"
      },
      "version_group": {
        "name": "sword-shield",
        "url": "https://pokeapi.co/api/v2/version-group/20/"
      }
    },
    {
      "flavor_text": "Schadet dem Ziel durch Matsch. Dessen Genauigkeit\nsinkt.",
      "language": {
        "name": "de",
        "url": "https://pokeapi.co/api/v2/language/6/"
      },
      "version_group": {
        "name": "sword-shield",
        "url": "https://pokeapi.co/api/v2/version-group/20/"
      }
    },
    {
      "flavor_text": "Echa lodo en la cara para bajar la Precisi\u00f3n.",
      "language": {
        "name": "es",
        "url": "https://pokeapi.co/api/v2/language/7/"
      },
      "version_group": {
        "name": "sword-shield",
        "url": "https://pokeapi.co/api/v2/version-group/20/"
      }
    },
    {
      "flavor_text": "Chi la usa butta fango in faccia al bersaglio\nper arrecargli danni e ridurne la precisione.",
      "language": {
        "name": "it",
        "url": "https://pokeapi.co/api/v2/language/8/"
      },
      "version_group": {
        "name": "sword-shield",
        "url": "https://pokeapi.co/api/v2/version-group/20/"
      }
    },
    {
      "flavor_text": "The user hurls mud in the target\u2019s face to inflict\ndamage and lower its accuracy.",
      "language": {
        "name": "en",
        "url": "https://pokeapi.co/api/v2/language/9/"
      },
      "version_group": {
        "name": "sword-shield",
        "url": "https://pokeapi.co/api/v2/version-group/20/"
      }
    },
    {
      "flavor_text": "\u76f8\u624b\u306e\u3000\u9854\u306a\u3069\u306b\n\u6ce5\u3092\u3000\u6295\u3052\u3064\u3051\u3066\u3000\u653b\u6483\u3059\u308b\u3002\n\u547d\u4e2d\u7387\u3092\u3000\u3055\u3052\u308b\u3002",
      "language": {
        "name": "ja",
        "url": "https://pokeapi.co/api/v2/language/11/"
      },
      "version_group": {
        "name": "sword-shield",
        "url": "https://pokeapi.co/api/v2/version-group/20/"
      }
    },
    {
      "flavor_text": "\u5411\u5bf9\u624b\u7684\u8138\u7b49\n\u6295\u63b7\u6ce5\u5757\u8fdb\u884c\u653b\u51fb\u3002\n\u4f1a\u964d\u4f4e\u5bf9\u624b\u7684\u547d\u4e2d\u7387\u3002",
      "language": {
        "name": "zh-Hans",
        "url": "https://pokeapi.co/api/v2/language/12/"
      },
      "version_group": {
        "name": "sword-shield",
        "url": "https://pokeapi.co/api/v2/version-group/20/"
      }
    },
    {
      "flavor_text": "The user hurls mud in the target's face to inflict damage. Incoming moves also become more likely to miss.",
      "language": {
        "name": "en",
        "url": "https://pokeapi.co/api/v2/language/9/"
      },
      "version_group": {
        "name": "legends-arceus",
        "url": "https://pokeapi.co/api/v2/version-group/24/"
      }
    },
    {
      "flavor_text": "The user hurls mud in the target's face to inflict damage and lower its accuracy.",
      "language": {
        "name": "en",
        "url": "https://pokeapi.co/api/v2/language/9/"
      },
      "version_group": {
        "name": "scarlet-violet",
        "url": "https://pokeapi.co/api/v2/version-group/25/"
      }
    }
  ],
  "generation": {
    "name": "generation-ii",
    "url": "https://pokeapi.co/api/v2/generation/2/"
  },
  "id": 189,
  "learned_by_pokemon": [
    {
      "name": "bulbasaur",
      "url": "https://pokeapi.co/api/v2/pokemon/1/"
    },
    {
      "name": "ivysaur",
      "url": "https://pokeapi.co/api/v2/pokemon/2/"
    },
    {
      "name": "venusaur",
      "url": "https://pokeapi.co/api/v2/pokemon/3/"
    },
    {
      "name": "charmander",
      "url": "https://pokeapi.co/api/v2/pokemon/4/"
    },
    {
      "name": "charmeleon",
      "url": "https://pokeapi.co/api/v2/pokemon/5/"
    },
    {
      "name": "charizard",
      "url": "https://pokeapi.co/api/v2/pokemon/6/"
    },
    {
      "name": "squirtle",
      "url": "https://pokeapi.co/api/v2/pokemon/7/"
    },
    {
      "name": "wartortle",
      "url": "https://pokeapi.co/api/v2/pokemon/8/"
    },
    {
      "name": "blastoise",
      "url": "https://pokeapi.co/api/v2/pokemon/9/"
    },
    {
      "name": "pidgey",
      "url": "https://pokeapi.co/api/v2/pokemon/16/"
    },
    {
      "name": "pidgeotto",
      "url": "https://pokeapi.co/api/v2/pokemon/17/"
    },
    {
      "name": "pidgeot",
      "url": "https://pokeapi.co/api/v2/pokemon/18/"
    },
    {
      "name": "rattata",
      "url": "https://pokeapi.co/api/v2/pokemon/19/"
    },
    {
      "name": "raticate",
      "url": "https://pokeapi.co/api/v2/pokemon/20/"
    },
    {
      "name": "spearow",
      "url": "https://pokeapi.co/api/v2/pokemon/21/"
    },
    {
      "name": "fearow",
      "url": "https://pokeapi.co/api/v2/pokemon/22/"
    },
    {
      "name": "ekans",
      "url": "https://pokeapi.co/api/v2/pokemon/23/"
    },
    {
      "name": "arbok",
      "url": "https://pokeapi.co/api/v2/pokemon/24/"
    },
    {
      "name": "pikachu",
      "url": "https://pokeapi.co/api/v2/pokemon/25/"
    },
    {
      "name": "raichu",
      "url": "https://pokeapi.co/api/v2/pokemon/26/"
    },
    {
      "name": "sandshrew",
      "url": "https://pokeapi.co/api/v2/pokemon/27/"
    },
    {
      "name": "sandslash",
      "url": "https://pokeapi.co/api/v2/pokemon/28/"
    },
    {
      "name": "nidoran-f",
      "url": "https://pokeapi.co/api/v2/pokemon/29/"
    },
    {
      "name": "nidorina",
      "url": "https://pokeapi.co/api/v2/pokemon/30/"
    },
    {
      "name": "nidoqueen",
      "url": "https://pokeapi.co/api/v2/pokemon/31/"
    },
    {
      "name": "nidoran-m",
      "url": "https://pokeapi.co/api/v2/pokemon/32/"
    },
    {
      "name": "nidorino",
      "url": "https://pokeapi.co/api/v2/pokemon/33/"
    },
    {
      "name": "nidoking",
      "url": "https://pokeapi.co/api/v2/pokemon/34/"
    },
    {
      "name": "clefairy",
      "url": "https://pokeapi.co/api/v2/pokemon/35/"
    },
    {
      "name": "clefable",
      "url": "https://pokeapi.co/api/v2/pokemon/36/"
    },
    {
      "name": "jigglypuff",
      "url": "https://pokeapi.co/api/v2/pokemon/39/"
    },
    {
      "name": "wigglytuff",
      "url": "https://pokeapi.co/api/v2/pokemon/40/"
    },
    {
      "name": "diglett",
      "url": "https://pokeapi.co/api/v2/pokemon/50/"
    },
    {
      "name": "dugtrio",
      "url": "https://pokeapi.co/api/v2/pokemon/51/"
    },
    {
      "name": "meowth",
      "url": "https://pokeapi.co/api/v2/pokemon/52/"
    },
    {
      "name": "persian",
      "url": "https://pokeapi.co/api/v2/pokemon/53/"
    },
    {
      "name": "psyduck",
      "url": "https://pokeapi.co/api/v2/pokemon/54/"
    },
    {
      "name": "golduck",
      "url": "https://pokeapi.co/api/v2/pokemon/55/"
    },
    {
      "name": "mankey",
      "url": "https://pokeapi.co/api/v2/pokemon/56/"
    },
    {
      "name": "primeape",
      "url": "https://pokeapi.co/api/v2/pokemon/57/"
    },
    {
      "name": "growlithe",
      "url": "https://pokeapi.co/api/v2/pokemon/58/"
    },
    {
      "name": "arcanine",
      "url": "https://pokeapi.co/api/v2/pokemon/59/"
    },
    {
      "name": "poliwag",
      "url": "https://pokeapi.co/api/v2/pokemon/60/"
    },
    {
      "name": "poliwhirl",
      "url": "https://pokeapi.co/api/v2/pokemon/61/"
    },
    {
      "name": "poliwrath",
      "url": "https://pokeapi.co/api/v2/pokemon/62/"
    },
    {
      "name": "machop",
      "url": "https://pokeapi.co/api/v2/pokemon/66/"
    },
    {
      "name": "machoke",
      "url": "https://pokeapi.co/api/v2/pokemon/67/"
    },
    {
      "name": "machamp",
      "url": "https://pokeapi.co/api/v2/pokemon/68/"
    },
    {
      "name": "geodude",
      "url": "https://pokeapi.co/api/v2/pokemon/74/"
    },
    {
      "name": "graveler",
      "url": "https://pokeapi.co/api/v2/pokemon/75/"
    },
    {
      "name": "golem",
      "url": "https://pokeapi.co/api/v2/pokemon/76/"
    },
    {
      "name": "slowpoke",
      "url": "https://pokeapi.co/api/v2/pokemon/79/"
    },
    {
      "name": "slowbro",
      "url": "https://pokeapi.co/api/v2/pokemon/80/"
    },
    {
      "name": "farfetchd",
      "url": "https://pokeapi.co/api/v2/pokemon/83/"
    },
    {
      "name": "doduo",
      "url": "https://pokeapi.co/api/v2/pokemon/84/"
    },
    {
      "name": "dodrio",
      "url": "https://pokeapi.co/api/v2/pokemon/85/"
    },
    {
      "name": "grimer",
      "url": "https://pokeapi.co/api/v2/pokemon/88/"
    },
    {
      "name": "muk",
      "url": "https://pokeapi.co/api/v2/pokemon/89/"
    },
    {
      "name": "onix",
      "url": "https://pokeapi.co/api/v2/pokemon/95/"
    },
    {
      "name": "krabby",
      "url": "https://pokeapi.co/api/v2/pokemon/98/"
    },
    {
      "name": "kingler",
      "url": "https://pokeapi.co/api/v2/pokemon/99/"
    },
    {
      "name": "cubone",
      "url": "https://pokeapi.co/api/v2/pokemon/104/"
    },
    {
      "name": "marowak",
      "url": "https://pokeapi.co/api/v2/pokemon/105/"
    },
    {
      "name": "hitmonlee",
      "url": "https://pokeapi.co/api/v2/pokemon/106/"
    },
    {
      "name": "hitmonchan",
      "url": "https://pokeapi.co/api/v2/pokemon/107/"
    },
    {
      "name": "lickitung",
      "url": "https://pokeapi.co/api/v2/pokemon/108/"
    },
    {
      "name": "rhyhorn",
      "url": "https://pokeapi.co/api/v2/pokemon/111/"
    },
    {
      "name": "rhydon",
      "url": "https://pokeapi.co/api/v2/pokemon/112/"
    },
    {
      "name": "chansey",
      "url": "https://pokeapi.co/api/v2/pokemon/113/"
    },
    {
      "name": "kangaskhan",
      "url": "https://pokeapi.co/api/v2/pokemon/115/"
    },
    {
      "name": "goldeen",
      "url": "https://pokeapi.co/api/v2/pokemon/118/"
    },
    {
      "name": "seaking",
      "url": "https://pokeapi.co/api/v2/pokemon/119/"
    },
    {
      "name": "mr-mime",
      "url": "https://pokeapi.co/api/v2/pokemon/122/"
    },
    {
      "name": "jynx",
      "url": "https://pokeapi.co/api/v2/pokemon/124/"
    },
    {
      "name": "electabuzz",
      "url": "https://pokeapi.co/api/v2/pokemon/125/"
    },
    {
      "name": "magmar",
      "url": "https://pokeapi.co/api/v2/pokemon/126/"
    },
    {
      "name": "eevee",
      "url": "https://pokeapi.co/api/v2/pokemon/133/"
    },
    {
      "name": "vaporeon",
      "url": "https://pokeapi.co/api/v2/pokemon/134/"
    },
    {
      "name": "jolteon",
      "url": "https://pokeapi.co/api/v2/pokemon/135/"
    },
    {
      "name": "flareon",
      "url": "https://pokeapi.co/api/v2/pokemon/136/"
    },
    {
      "name": "kabuto",
      "url": "https://pokeapi.co/api/v2/pokemon/140/"
    },
    {
      "name": "kabutops",
      "url": "https://pokeapi.co/api/v2/pokemon/141/"
    },
    {
      "name": "snorlax",
      "url": "https://pokeapi.co/api/v2/pokemon/143/"
    },
    {
      "name": "articuno",
      "url": "https://pokeapi.co/api/v2/pokemon/144/"
    },
    {
      "name": "zapdos",
      "url": "https://pokeapi.co/api/v2/pokemon/145/"
    },
    {
      "name": "moltres",
      "url": "https://pokeapi.co/api/v2/pokemon/146/"
    },
    {
      "name": "dragonite",
      "url": "https://pokeapi.co/api/v2/pokemon/149/"
    },
    {
      "name": "mewtwo",
      "url": "https://pokeapi.co/api/v2/pokemon/150/"
    },
    {
      "name": "mew",
      "url": "https://pokeapi.co/api/v2/pokemon/151/"
    },
    {
      "name": "chikorita",
      "url": "https://pokeapi.co/api/v2/pokemon/152/"
    },
    {
      "name": "bayleef",
      "url": "https://pokeapi.co/api/v2/pokemon/153/"
    },
    {
      "name": "meganium",
      "url": "https://pokeapi.co/api/v2/pokemon/154/"
    },
    {
      "name": "cyndaquil",
      "url": "https://pokeapi.co/api/v2/pokemon/155/"
    },
    {
      "name": "quilava",
      "url": "https://pokeapi.co/api/v2/pokemon/156/"
    },
    {
      "name": "typhlosion",
      "url": "https://pokeapi.co/api/v2/pokemon/157/"
    },
    {
      "name": "totodile",
      "url": "https://pokeapi.co/api/v2/pokemon/158/"
    },
    {
      "name": "croconaw",
      "url": "https://pokeapi.co/api/v2/pokemon/159/"
    },
    {
      "name": "feraligatr",
      "url": "https://pokeapi.co/api/v2/pokemon/160/"
    },
    {
      "name": "sentret",
      "url": "https://pokeapi.co/api/v2/pokemon/161/"
    },
    {
      "name": "furret",
      "url": "https://pokeapi.co/api/v2/pokemon/162/"
    },
    {
      "name": "hoothoot",
      "url": "https://pokeapi.co/api/v2/pokemon/163/"
    },
    {
      "name": "noctowl",
      "url": "https://pokeapi.co/api/v2/pokemon/164/"
    },
    {
      "name": "pichu",
      "url": "https://pokeapi.co/api/v2/pokemon/172/"
    },
    {
      "name": "cleffa",
      "url": "https://pokeapi.co/api/v2/pokemon/173/"
    },
    {
      "name": "igglybuff",
      "url": "https://pokeapi.co/api/v2/pokemon/174/"
    },
    {
      "name": "togepi",
      "url": "https://pokeapi.co/api/v2/pokemon/175/"
    },
    {
      "name": "togetic",
      "url": "https://pokeapi.co/api/v2/pokemon/176/"
    },
    {
      "name": "marill",
      "url": "https://pokeapi.co/api/v2/pokemon/183/"
    },
    {
      "name": "azumarill",
      "url": "https://pokeapi.co/api/v2/pokemon/184/"
    },
    {
      "name": "sudowoodo",
      "url": "https://pokeapi.co/api/v2/pokemon/185/"
    },
    {
      "name": "politoed",
      "url": "https://pokeapi.co/api/v2/pokemon/186/"
    },
    {
      "name": "aipom",
      "url": "https://pokeapi.co/api/v2/pokemon/190/"
    },
    {
      "name": "wooper",
      "url": "https://pokeapi.co/api/v2/pokemon/194/"
    },
    {
      "name": "quagsire",
      "url": "https://pokeapi.co/api/v2/pokemon/195/"
    },
    {
      "name": "espeon",
      "url": "https://pokeapi.co/api/v2/pokemon/196/"
    },
    {
      "name": "umbreon",
      "url": "https://pokeapi.co/api/v2/pokemon/197/"
    },
    {
      "name": "murkrow",
      "url": "https://pokeapi.co/api/v2/pokemon/198/"
    },
    {
      "name": "slowking",
      "url": "https://pokeapi.co/api/v2/pokemon/199/"
    },
    {
      "name": "girafarig",
      "url": "https://pokeapi.co/api/v2/pokemon/203/"
    },
    {
      "name": "dunsparce",
      "url": "https://pokeapi.co/api/v2/pokemon/206/"
    },
    {
      "name": "gligar",
      "url": "https://pokeapi.co/api/v2/pokemon/207/"
    },
    {
      "name": "steelix",
      "url": "https://pokeapi.co/api/v2/pokemon/208/"
    },
    {
      "name": "snubbull",
      "url": "https://pokeapi.co/api/v2/pokemon/209/"
    },
    {
      "name": "granbull",
      "url": "https://pokeapi.co/api/v2/pokemon/210/"
    },
    {
      "name": "shuckle",
      "url": "https://pokeapi.co/api/v2/pokemon/213/"
    },
    {
      "name": "sneasel",
      "url": "https://pokeapi.co/api/v2/pokemon/215/"
    },
    {
      "name": "teddiursa",
      "url": "https://pokeapi.co/api/v2/pokemon/216/"
    },
    {
      "name": "ursaring",
      "url": "https://pokeapi.co/api/v2/pokemon/217/"
    },
    {
      "name": "slugma",
      "url": "https://pokeapi.co/api/v2/pokemon/218/"
    },
    {
      "name": "magcargo",
      "url": "https://pokeapi.co/api/v2/pokemon/219/"
    },
    {
      "name": "swinub",
      "url": "https://pokeapi.co/api/v2/pokemon/220/"
    },
    {
      "name": "piloswine",
      "url": "https://pokeapi.co/api/v2/pokemon/221/"
    },
    {
      "name": "corsola",
      "url": "https://pokeapi.co/api/v2/pokemon/222/"
    },
    {
      "name": "remoraid",
      "url": "https://pokeapi.co/api/v2/pokemon/223/"
    },
    {
      "name": "octillery",
      "url": "https://pokeapi.co/api/v2/pokemon/224/"
    },
    {
      "name": "delibird",
      "url": "https://pokeapi.co/api/v2/pokemon/225/"
    },
    {
      "name": "mantine",
      "url": "https://pokeapi.co/api/v2/pokemon/226/"
    },
    {
      "name": "skarmory",
      "url": "https://pokeapi.co/api/v2/pokemon/227/"
    },
    {
      "name": "houndour",
      "url": "https://pokeapi.co/api/v2/pokemon/228/"
    },
    {
      "name": "houndoom",
      "url": "https://pokeapi.co/api/v2/pokemon/229/"
    },
    {
      "name": "phanpy",
      "url": "https://pokeapi.co/api/v2/pokemon/231/"
    },
    {
      "name": "donphan",
      "url": "https://pokeapi.co/api/v2/pokemon/232/"
    },
    {
      "name": "stantler",
      "url": "https://pokeapi.co/api/v2/pokemon/234/"
    },
    {
      "name": "tyrogue",
      "url": "https://pokeapi.co/api/v2/pokemon/236/"
    },
    {
      "name": "hitmontop",
      "url": "https://pokeapi.co/api/v2/pokemon/237/"
    },
    {
      "name": "smoochum",
      "url": "https://pokeapi.co/api/v2/pokemon/238/"
    },
    {
      "name": "elekid",
      "url": "https://pokeapi.co/api/v2/pokemon/239/"
    },
    {
      "name": "magby",
      "url": "https://pokeapi.co/api/v2/pokemon/240/"
    },
    {
      "name": "miltank",
      "url": "https://pokeapi.co/api/v2/pokemon/241/"
    },
    {
      "name": "blissey",
      "url": "https://pokeapi.co/api/v2/pokemon/242/"
    },
    {
      "name": "raikou",
      "url": "https://pokeapi.co/api/v2/pokemon/243/"
    },
    {
      "name": "entei",
      "url": "https://pokeapi.co/api/v2/pokemon/244/"
    },
    {
      "name": "suicune",
      "url": "https://pokeapi.co/api/v2/pokemon/245/"
    },
    {
      "name": "larvitar",
      "url": "https://pokeapi.co/api/v2/pokemon/246/"
    },
    {
      "name": "pupitar",
      "url": "https://pokeapi.co/api/v2/pokemon/247/"
    },
    {
      "name": "tyranitar",
      "url": "https://pokeapi.co/api/v2/pokemon/248/"
    },
    {
      "name": "lugia",
      "url": "https://pokeapi.co/api/v2/pokemon/249/"
    },
    {
      "name": "ho-oh",
      "url": "https://pokeapi.co/api/v2/pokemon/250/"
    },
    {
      "name": "celebi",
      "url": "https://pokeapi.co/api/v2/pokemon/251/"
    },
    {
      "name": "treecko",
      "url": "https://pokeapi.co/api/v2/pokemon/252/"
    },
    {
      "name": "grovyle",
      "url": "https://pokeapi.co/api/v2/pokemon/253/"
    },
    {
      "name": "sceptile",
      "url": "https://pokeapi.co/api/v2/pokemon/254/"
    },
    {
      "name": "torchic",
      "url": "https://pokeapi.co/api/v2/pokemon/255/"
    },
    {
      "name": "combusken",
      "url": "https://pokeapi.co/api/v2/pokemon/256/"
    },
    {
      "name": "blaziken",
      "url": "https://pokeapi.co/api/v2/pokemon/257/"
    },
    {
      "name": "mudkip",
      "url": "https://pokeapi.co/api/v2/pokemon/258/"
    },
    {
      "name": "marshtomp",
      "url": "https://pokeapi.co/api/v2/pokemon/259/"
    },
    {
      "name": "swampert",
      "url": "https://pokeapi.co/api/v2/pokemon/260/"
    },
    {
      "name": "poochyena",
      "url": "https://pokeapi.co/api/v2/pokemon/261/"
    },
    {
      "name": "mightyena",
      "url": "https://pokeapi.co/api/v2/pokemon/262/"
    },
    {
      "name": "zigzagoon",
      "url": "https://pokeapi.co/api/v2/pokemon/263/"
    },
    {
      "name": "linoone",
      "url": "https://pokeapi.co/api/v2/pokemon/264/"
    },
    {
      "name": "lombre",
      "url": "https://pokeapi.co/api/v2/pokemon/271/"
    },
    {
      "name": "ludicolo",
      "url": "https://pokeapi.co/api/v2/pokemon/272/"
    },
    {
      "name": "nuzleaf",
      "url": "https://pokeapi.co/api/v2/pokemon/274/"
    },
    {
      "name": "shiftry",
      "url": "https://pokeapi.co/api/v2/pokemon/275/"
    },
    {
      "name": "taillow",
      "url": "https://pokeapi.co/api/v2/pokemon/276/"
    },
    {
      "name": "swellow",
      "url": "https://pokeapi.co/api/v2/pokemon/277/"
    },
    {
      "name": "wingull",
      "url": "https://pokeapi.co/api/v2/pokemon/278/"
    },
    {
      "name": "pelipper",
      "url": "https://pokeapi.co/api/v2/pokemon/279/"
    },
    {
      "name": "ralts",
      "url": "https://pokeapi.co/api/v2/pokemon/280/"
    },
    {
      "name": "kirlia",
      "url": "https://pokeapi.co/api/v2/pokemon/281/"
    },
    {
      "name": "gardevoir",
      "url": "https://pokeapi.co/api/v2/pokemon/282/"
    },
    {
      "name": "surskit",
      "url": "https://pokeapi.co/api/v2/pokemon/283/"
    },
    {
      "name": "masquerain",
      "url": "https://pokeapi.co/api/v2/pokemon/284/"
    },
    {
      "name": "breloom",
      "url": "https://pokeapi.co/api/v2/pokemon/286/"
    },
    {
      "name": "slakoth",
      "url": "https://pokeapi.co/api/v2/pokemon/287/"
    },
    {
      "name": "vigoroth",
      "url": "https://pokeapi.co/api/v2/pokemon/288/"
    },
    {
      "name": "slaking",
      "url": "https://pokeapi.co/api/v2/pokemon/289/"
    },
    {
      "name": "nincada",
      "url": "https://pokeapi.co/api/v2/pokemon/290/"
    },
    {
      "name": "ninjask",
      "url": "https://pokeapi.co/api/v2/pokemon/291/"
    },
    {
      "name": "shedinja",
      "url": "https://pokeapi.co/api/v2/pokemon/292/"
    },
    {
      "name": "whismur",
      "url": "https://pokeapi.co/api/v2/pokemon/293/"
    },
    {
      "name": "loudred",
      "url": "https://pokeapi.co/api/v2/pokemon/294/"
    },
    {
      "name": "exploud",
      "url": "https://pokeapi.co/api/v2/pokemon/295/"
    },
    {
      "name": "makuhita",
      "url": "https://pokeapi.co/api/v2/pokemon/296/"
    },
    {
      "name": "hariyama",
      "url": "https://pokeapi.co/api/v2/pokemon/297/"
    },
    {
      "name": "azurill",
      "url": "https://pokeapi.co/api/v2/pokemon/298/"
    },
    {
      "name": "nosepass",
      "url": "https://pokeapi.co/api/v2/pokemon/299/"
    },
    {
      "name": "skitty",
      "url": "https://pokeapi.co/api/v2/pokemon/300/"
    },
    {
      "name": "delcatty",
      "url": "https://pokeapi.co/api/v2/pokemon/301/"
    },
    {
      "name": "sableye",
      "url": "https://pokeapi.co/api/v2/pokemon/302/"
    },
    {
      "name": "mawile",
      "url": "https://pokeapi.co/api/v2/pokemon/303/"
    },
    {
      "name": "aron",
      "url": "https://pokeapi.co/api/v2/pokemon/304/"
    },
    {
      "name": "lairon",
      "url": "https://pokeapi.co/api/v2/pokemon/305/"
    },
    {
      "name": "aggron",
      "url": "https://pokeapi.co/api/v2/pokemon/306/"
    },
    {
      "name": "meditite",
      "url": "https://pokeapi.co/api/v2/pokemon/307/"
    },
    {
      "name": "medicham",
      "url": "https://pokeapi.co/api/v2/pokemon/308/"
    },
    {
      "name": "electrike",
      "url": "https://pokeapi.co/api/v2/pokemon/309/"
    },
    {
      "name": "manectric",
      "url": "https://pokeapi.co/api/v2/pokemon/310/"
    },
    {
      "name": "plusle",
      "url": "https://pokeapi.co/api/v2/pokemon/311/"
    },
    {
      "name": "minun",
      "url": "https://pokeapi.co/api/v2/pokemon/312/"
    },
    {
      "name": "volbeat",
      "url": "https://pokeapi.co/api/v2/pokemon/313/"
    },
    {
      "name": "illumise",
      "url": "https://pokeapi.co/api/v2/pokemon/314/"
    },
    {
      "name": "roselia",
      "url": "https://pokeapi.co/api/v2/pokemon/315/"
    },
    {
      "name": "gulpin",
      "url": "https://pokeapi.co/api/v2/pokemon/316/"
    },
    {
      "name": "swalot",
      "url": "https://pokeapi.co/api/v2/pokemon/317/"
    },
    {
      "name": "carvanha",
      "url": "https://pokeapi.co/api/v2/pokemon/318/"
    },
    {
      "name": "sharpedo",
      "url": "https://pokeapi.co/api/v2/pokemon/319/"
    },
    {
      "name": "numel",
      "url": "https://pokeapi.co/api/v2/pokemon/322/"
    },
    {
      "name": "camerupt",
      "url": "https://pokeapi.co/api/v2/pokemon/323/"
    },
    {
      "name": "torkoal",
      "url": "https://pokeapi.co/api/v2/pokemon/324/"
    },
    {
      "name": "grumpig",
      "url": "https://pokeapi.co/api/v2/pokemon/326/"
    },
    {
      "name": "spinda",
      "url": "https://pokeapi.co/api/v2/pokemon/327/"
    },
    {
      "name": "trapinch",
      "url": "https://pokeapi.co/api/v2/pokemon/328/"
    },
    {
      "name": "vibrava",
      "url": "https://pokeapi.co/api/v2/pokemon/329/"
    },
    {
      "name": "flygon",
      "url": "https://pokeapi.co/api/v2/pokemon/330/"
    },
    {
      "name": "cacnea",
      "url": "https://pokeapi.co/api/v2/pokemon/331/"
    },
    {
      "name": "cacturne",
      "url": "https://pokeapi.co/api/v2/pokemon/332/"
    },
    {
      "name": "swablu",
      "url": "https://pokeapi.co/api/v2/pokemon/333/"
    },
    {
      "name": "altaria",
      "url": "https://pokeapi.co/api/v2/pokemon/334/"
    },
    {
      "name": "zangoose",
      "url": "https://pokeapi.co/api/v2/pokemon/335/"
    },
    {
      "name": "seviper",
      "url": "https://pokeapi.co/api/v2/pokemon/336/"
    },
    {
      "name": "barboach",
      "url": "https://pokeapi.co/api/v2/pokemon/339/"
    },
    {
      "name": "whiscash",
      "url": "https://pokeapi.co/api/v2/pokemon/340/"
    },
    {
      "name": "corphish",
      "url": "https://pokeapi.co/api/v2/pokemon/341/"
    },
    {
      "name": "crawdaunt",
      "url": "https://pokeapi.co/api/v2/pokemon/342/"
    },
    {
      "name": "baltoy",
      "url": "https://pokeapi.co/api/v2/pokemon/343/"
    },
    {
      "name": "claydol",
      "url": "https://pokeapi.co/api/v2/pokemon/344/"
    },
    {
      "name": "lileep",
      "url": "https://pokeapi.co/api/v2/pokemon/345/"
    },
    {
      "name": "cradily",
      "url": "https://pokeapi.co/api/v2/pokemon/346/"
    },
    {
      "name": "anorith",
      "url": "https://pokeapi.co/api/v2/pokemon/347/"
    },
    {
      "name": "armaldo",
      "url": "https://pokeapi.co/api/v2/pokemon/348/"
    },
    {
      "name": "milotic",
      "url": "https://pokeapi.co/api/v2/pokemon/350/"
    },
    {
      "name": "kecleon",
      "url": "https://pokeapi.co/api/v2/pokemon/352/"
    },
    {
      "name": "banette",
      "url": "https://pokeapi.co/api/v2/pokemon/354/"
    },
    {
      "name": "dusclops",
      "url": "https://pokeapi.co/api/v2/pokemon/356/"
    },
    {
      "name": "tropius",
      "url": "https://pokeapi.co/api/v2/pokemon/357/"
    },
    {
      "name": "absol",
      "url": "https://pokeapi.co/api/v2/pokemon/359/"
    },
    {
      "name": "spheal",
      "url": "https://pokeapi.co/api/v2/pokemon/363/"
    },
    {
      "name": "sealeo",
      "url": "https://pokeapi.co/api/v2/pokemon/364/"
    },
    {
      "name": "walrein",
      "url": "https://pokeapi.co/api/v2/pokemon/365/"
    },
    {
      "name": "huntail",
      "url": "https://pokeapi.co/api/v2/pokemon/367/"
    },
    {
      "name": "gorebyss",
      "url": "https://pokeapi.co/api/v2/pokemon/368/"
    },
    {
      "name": "relicanth",
      "url": "https://pokeapi.co/api/v2/pokemon/369/"
    },
    {
      "name": "bagon",
      "url": "https://pokeapi.co/api/v2/pokemon/371/"
    },
    {
      "name": "shelgon",
      "url": "https://pokeapi.co/api/v2/pokemon/372/"
    },
    {
      "name": "salamence",
      "url": "https://pokeapi.co/api/v2/pokemon/373/"
    },
    {
      "name": "metang",
      "url": "https://pokeapi.co/api/v2/pokemon/375/"
    },
    {
      "name": "metagross",
      "url": "https://pokeapi.co/api/v2/pokemon/376/"
    },
    {
      "name": "regirock",
      "url": "https://pokeapi.co/api/v2/pokemon/377/"
    },
    {
      "name": "regice",
      "url": "https://pokeapi.co/api/v2/pokemon/378/"
    },
    {
      "name": "registeel",
      "url": "https://pokeapi.co/api/v2/pokemon/379/"
    },
    {
      "name": "latias",
      "url": "https://pokeapi.co/api/v2/pokemon/380/"
    },
    {
      "name": "latios",
      "url": "https://pokeapi.co/api/v2/pokemon/381/"
    },
    {
      "name": "kyogre",
      "url": "https://pokeapi.co/api/v2/pokemon/382/"
    },
    {
      "name": "groudon",
      "url": "https://pokeapi.co/api/v2/pokemon/383/"
    },
    {
      "name": "rayquaza",
      "url": "https://pokeapi.co/api/v2/pokemon/384/"
    },
    {
      "name": "jirachi",
      "url": "https://pokeapi.co/api/v2/pokemon/385/"
    },
    {
      "name": "deoxys-normal",
      "url": "https://pokeapi.co/api/v2/pokemon/386/"
    },
    {
      "name": "turtwig",
      "url": "https://pokeapi.co/api/v2/pokemon/387/"
    },
    {
      "name": "grotle",
      "url": "https://pokeapi.co/api/v2/pokemon/388/"
    },
    {
      "name": "torterra",
      "url": "https://pokeapi.co/api/v2/pokemon/389/"
    },
    {
      "name": "chimchar",
      "url": "https://pokeapi.co/api/v2/pokemon/390/"
    },
    {
      "name": "monferno",
      "url": "https://pokeapi.co/api/v2/pokemon/391/"
    },
    {
      "name": "infernape",
      "url": "https://pokeapi.co/api/v2/pokemon/392/"
    },
    {
      "name": "piplup",
      "url": "https://pokeapi.co/api/v2/pokemon/393/"
    },
    {
      "name": "prinplup",
      "url": "https://pokeapi.co/api/v2/pokemon/394/"
    },
    {
      "name": "empoleon",
      "url": "https://pokeapi.co/api/v2/pokemon/395/"
    },
    {
      "name": "starly",
      "url": "https://pokeapi.co/api/v2/pokemon/396/"
    },
    {
      "name": "staravia",
      "url": "https://pokeapi.co/api/v2/pokemon/397/"
    },
    {
      "name": "staraptor",
      "url": "https://pokeapi.co/api/v2/pokemon/398/"
    },
    {
      "name": "bidoof",
      "url": "https://pokeapi.co/api/v2/pokemon/399/"
    },
    {
      "name": "bibarel",
      "url": "https://pokeapi.co/api/v2/pokemon/400/"
    },
    {
      "name": "kricketot",
      "url": "https://pokeapi.co/api/v2/pokemon/401/"
    },
    {
      "name": "kricketune",
      "url": "https://pokeapi.co/api/v2/pokemon/402/"
    },
    {
      "name": "shinx",
      "url": "https://pokeapi.co/api/v2/pokemon/403/"
    },
    {
      "name": "luxio",
      "url": "https://pokeapi.co/api/v2/pokemon/404/"
    },
    {
      "name": "luxray",
      "url": "https://pokeapi.co/api/v2/pokemon/405/"
    },
    {
      "name": "budew",
      "url": "https://pokeapi.co/api/v2/pokemon/406/"
    },
    {
      "name": "roserade",
      "url": "https://pokeapi.co/api/v2/pokemon/407/"
    },
    {
      "name": "cranidos",
      "url": "https://pokeapi.co/api/v2/pokemon/408/"
    },
    {
      "name": "rampardos",
      "url": "https://pokeapi.co/api/v2/pokemon/409/"
    },
    {
      "name": "shieldon",
      "url": "https://pokeapi.co/api/v2/pokemon/410/"
    },
    {
      "name": "bastiodon",
      "url": "https://pokeapi.co/api/v2/pokemon/411/"
    },
    {
      "name": "mothim",
      "url": "https://pokeapi.co/api/v2/pokemon/414/"
    },
    {
      "name": "combee",
      "url": "https://pokeapi.co/api/v2/pokemon/415/"
    },
    {
      "name": "vespiquen",
      "url": "https://pokeapi.co/api/v2/pokemon/416/"
    },
    {
      "name": "pachirisu",
      "url": "https://pokeapi.co/api/v2/pokemon/417/"
    },
    {
      "name": "buizel",
      "url": "https://pokeapi.co/api/v2/pokemon/418/"
    },
    {
      "name": "floatzel",
      "url": "https://pokeapi.co/api/v2/pokemon/419/"
    },
    {
      "name": "shellos",
      "url": "https://pokeapi.co/api/v2/pokemon/422/"
    },
    {
      "name": "gastrodon",
      "url": "https://pokeapi.co/api/v2/pokemon/423/"
    },
    {
      "name": "ambipom",
      "url": "https://pokeapi.co/api/v2/pokemon/424/"
    },
    {
      "name": "drifloon",
      "url": "https://pokeapi.co/api/v2/pokemon/425/"
    },
    {
      "name": "drifblim",
      "url": "https://pokeapi.co/api/v2/pokemon/426/"
    },
    {
      "name": "buneary",
      "url": "https://pokeapi.co/api/v2/pokemon/427/"
    },
    {
      "name": "lopunny",
      "url": "https://pokeapi.co/api/v2/pokemon/428/"
    },
    {
      "name": "honchkrow",
      "url": "https://pokeapi.co/api/v2/pokemon/430/"
    },
    {
      "name": "glameow",
      "url": "https://pokeapi.co/api/v2/pokemon/431/"
    },
    {
      "name": "purugly",
      "url": "https://pokeapi.co/api/v2/pokemon/432/"
    },
    {
      "name": "stunky",
      "url": "https://pokeapi.co/api/v2/pokemon/434/"
    },
    {
      "name": "skuntank",
      "url": "https://pokeapi.co/api/v2/pokemon/435/"
    },
    {
      "name": "bonsly",
      "url": "https://pokeapi.co/api/v2/pokemon/438/"
    },
    {
      "name": "mime-jr",
      "url": "https://pokeapi.co/api/v2/pokemon/439/"
    },
    {
      "name": "happiny",
      "url": "https://pokeapi.co/api/v2/pokemon/440/"
    },
    {
      "name": "chatot",
      "url": "https://pokeapi.co/api/v2/pokemon/441/"
    },
    {
      "name": "gible",
      "url": "https://pokeapi.co/api/v2/pokemon/443/"
    },
    {
      "name": "gabite",
      "url": "https://pokeapi.co/api/v2/pokemon/444/"
    },
    {
      "name": "garchomp",
      "url": "https://pokeapi.co/api/v2/pokemon/445/"
    },
    {
      "name": "munchlax",
      "url": "https://pokeapi.co/api/v2/pokemon/446/"
    },
    {
      "name": "riolu",
      "url": "https://pokeapi.co/api/v2/pokemon/447/"
    },
    {
      "name": "lucario",
      "url": "https://pokeapi.co/api/v2/pokemon/448/"
    },
    {
      "name": "hippopotas",
      "url": "https://pokeapi.co/api/v2/pokemon/449/"
    },
    {
      "name": "hippowdon",
      "url": "https://pokeapi.co/api/v2/pokemon/450/"
    },
    {
      "name": "skorupi",
      "url": "https://pokeapi.co/api/v2/pokemon/451/"
    },
    {
      "name": "drapion",
      "url": "https://pokeapi.co/api/v2/pokemon/452/"
    },
    {
      "name": "croagunk",
      "url": "https://pokeapi.co/api/v2/pokemon/453/"
    },
    {
      "name": "toxicroak",
      "url": "https://pokeapi.co/api/v2/pokemon/454/"
    },
    {
      "name": "carnivine",
      "url": "https://pokeapi.co/api/v2/pokemon/455/"
    },
    {
      "name": "mantyke",
      "url": "https://pokeapi.co/api/v2/pokemon/458/"
    },
    {
      "name": "snover",
      "url": "https://pokeapi.co/api/v2/pokemon/459/"
    },
    {
      "name": "abomasnow",
      "url": "https://pokeapi.co/api/v2/pokemon/460/"
    },
    {
      "name": "weavile",
      "url": "https://pokeapi.co/api/v2/pokemon/461/"
    },
    {
      "name": "lickilicky",
      "url": "https://pokeapi.co/api/v2/pokemon/463/"
    },
    {
      "name": "rhyperior",
      "url": "https://pokeapi.co/api/v2/pokemon/464/"
    },
    {
      "name": "tangrowth",
      "url": "https://pokeapi.co/api/v2/pokemon/465/"
    },
    {
      "name": "electivire",
      "url": "https://pokeapi.co/api/v2/pokemon/466/"
    },
    {
      "name": "magmortar",
      "url": "https://pokeapi.co/api/v2/pokemon/467/"
    },
    {
      "name": "togekiss",
      "url": "https://pokeapi.co/api/v2/pokemon/468/"
    },
    {
      "name": "yanmega",
      "url": "https://pokeapi.co/api/v2/pokemon/469/"
    },
    {
      "name": "leafeon",
      "url": "https://pokeapi.co/api/v2/pokemon/470/"
    },
    {
      "name": "glaceon",
      "url": "https://pokeapi.co/api/v2/pokemon/471/"
    },
    {
      "name": "gliscor",
      "url": "https://pokeapi.co/api/v2/pokemon/472/"
    },
    {
      "name": "mamoswine",
      "url": "https://pokeapi.co/api/v2/pokemon/473/"
    },
    {
      "name": "gallade",
      "url": "https://pokeapi.co/api/v2/pokemon/475/"
    },
    {
      "name": "probopass",
      "url": "https://pokeapi.co/api/v2/pokemon/476/"
    },
    {
      "name": "dusknoir",
      "url": "https://pokeapi.co/api/v2/pokemon/477/"
    },
    {
      "name": "froslass",
      "url": "https://pokeapi.co/api/v2/pokemon/478/"
    },
    {
      "name": "rotom",
      "url": "https://pokeapi.co/api/v2/pokemon/479/"
    },
    {
      "name": "uxie",
      "url": "https://pokeapi.co/api/v2/pokemon/480/"
    },
    {
      "name": "mesprit",
      "url": "https://pokeapi.co/api/v2/pokemon/481/"
    },
    {
      "name": "azelf",
      "url": "https://pokeapi.co/api/v2/pokemon/482/"
    },
    {
      "name": "dialga",
      "url": "https://pokeapi.co/api/v2/pokemon/483/"
    },
    {
      "name": "palkia",
      "url": "https://pokeapi.co/api/v2/pokemon/484/"
    },
    {
      "name": "heatran",
      "url": "https://pokeapi.co/api/v2/pokemon/485/"
    },
    {
      "name": "regigigas",
      "url": "https://pokeapi.co/api/v2/pokemon/486/"
    },
    {
      "name": "giratina-altered",
      "url": "https://pokeapi.co/api/v2/pokemon/487/"
    },
    {
      "name": "cresselia",
      "url": "https://pokeapi.co/api/v2/pokemon/488/"
    },
    {
      "name": "phione",
      "url": "https://pokeapi.co/api/v2/pokemon/489/"
    },
    {
      "name": "manaphy",
      "url": "https://pokeapi.co/api/v2/pokemon/490/"
    },
    {
      "name": "darkrai",
      "url": "https://pokeapi.co/api/v2/pokemon/491/"
    },
    {
      "name": "shaymin-land",
      "url": "https://pokeapi.co/api/v2/pokemon/492/"
    },
    {
      "name": "arceus",
      "url": "https://pokeapi.co/api/v2/pokemon/493/"
    },
    {
      "name": "tepig",
      "url": "https://pokeapi.co/api/v2/pokemon/498/"
    },
    {
      "name": "pignite",
      "url": "https://pokeapi.co/api/v2/pokemon/499/"
    },
    {
      "name": "emboar",
      "url": "https://pokeapi.co/api/v2/pokemon/500/"
    },
    {
      "name": "lillipup",
      "url": "https://pokeapi.co/api/v2/pokemon/506/"
    },
    {
      "name": "roggenrola",
      "url": "https://pokeapi.co/api/v2/pokemon/524/"
    },
    {
      "name": "boldore",
      "url": "https://pokeapi.co/api/v2/pokemon/525/"
    },
    {
      "name": "gigalith",
      "url": "https://pokeapi.co/api/v2/pokemon/526/"
    },
    {
      "name": "drilbur",
      "url": "https://pokeapi.co/api/v2/pokemon/529/"
    },
    {
      "name": "excadrill",
      "url": "https://pokeapi.co/api/v2/pokemon/530/"
    },
    {
      "name": "tympole",
      "url": "https://pokeapi.co/api/v2/pokemon/535/"
    },
    {
      "name": "sandile",
      "url": "https://pokeapi.co/api/v2/pokemon/551/"
    },
    {
      "name": "krokorok",
      "url": "https://pokeapi.co/api/v2/pokemon/552/"
    },
    {
      "name": "krookodile",
      "url": "https://pokeapi.co/api/v2/pokemon/553/"
    },
    {
      "name": "minccino",
      "url": "https://pokeapi.co/api/v2/pokemon/572/"
    },
    {
      "name": "cinccino",
      "url": "https://pokeapi.co/api/v2/pokemon/573/"
    },
    {
      "name": "cubchoo",
      "url": "https://pokeapi.co/api/v2/pokemon/613/"
    },
    {
      "name": "beartic",
      "url": "https://pokeapi.co/api/v2/pokemon/614/"
    },
    {
      "name": "shelmet",
      "url": "https://pokeapi.co/api/v2/pokemon/616/"
    },
    {
      "name": "stunfisk",
      "url": "https://pokeapi.co/api/v2/pokemon/618/"
    },
    {
      "name": "golett",
      "url": "https://pokeapi.co/api/v2/pokemon/622/"
    },
    {
      "name": "golurk",
      "url": "https://pokeapi.co/api/v2/pokemon/623/"
    },
    {
      "name": "bouffalant",
      "url": "https://pokeapi.co/api/v2/pokemon/626/"
    },
    {
      "name": "landorus-incarnate",
      "url": "https://pokeapi.co/api/v2/pokemon/645/"
    },
    {
      "name": "chesnaught",
      "url": "https://pokeapi.co/api/v2/pokemon/652/"
    },
    {
      "name": "fennekin",
      "url": "https://pokeapi.co/api/v2/pokemon/653/"
    },
    {
      "name": "braixen",
      "url": "https://pokeapi.co/api/v2/pokemon/654/"
    },
    {
      "name": "delphox",
      "url": "https://pokeapi.co/api/v2/pokemon/655/"
    },
    {
      "name": "froakie",
      "url": "https://pokeapi.co/api/v2/pokemon/656/"
    },
    {
      "name": "frogadier",
      "url": "https://pokeapi.co/api/v2/pokemon/657/"
    },
    {
      "name": "greninja",
      "url": "https://pokeapi.co/api/v2/pokemon/658/"
    },
    {
      "name": "bunnelby",
      "url": "https://pokeapi.co/api/v2/pokemon/659/"
    },
    {
      "name": "diggersby",
      "url": "https://pokeapi.co/api/v2/pokemon/660/"
    },
    {
      "name": "litleo",
      "url": "https://pokeapi.co/api/v2/pokemon/667/"
    },
    {
      "name": "pyroar",
      "url": "https://pokeapi.co/api/v2/pokemon/668/"
    },
    {
      "name": "skiddo",
      "url": "https://pokeapi.co/api/v2/pokemon/672/"
    },
    {
      "name": "gogoat",
      "url": "https://pokeapi.co/api/v2/pokemon/673/"
    },
    {
      "name": "binacle",
      "url": "https://pokeapi.co/api/v2/pokemon/688/"
    },
    {
      "name": "barbaracle",
      "url": "https://pokeapi.co/api/v2/pokemon/689/"
    },
    {
      "name": "skrelp",
      "url": "https://pokeapi.co/api/v2/pokemon/690/"
    },
    {
      "name": "dragalge",
      "url": "https://pokeapi.co/api/v2/pokemon/691/"
    },
    {
      "name": "clauncher",
      "url": "https://pokeapi.co/api/v2/pokemon/692/"
    },
    {
      "name": "clawitzer",
      "url": "https://pokeapi.co/api/v2/pokemon/693/"
    },
    {
      "name": "helioptile",
      "url": "https://pokeapi.co/api/v2/pokemon/694/"
    },
    {
      "name": "heliolisk",
      "url": "https://pokeapi.co/api/v2/pokemon/695/"
    },
    {
      "name": "yungoos",
      "url": "https://pokeapi.co/api/v2/pokemon/734/"
    },
    {
      "name": "gumshoos",
      "url": "https://pokeapi.co/api/v2/pokemon/735/"
    },
    {
      "name": "grubbin",
      "url": "https://pokeapi.co/api/v2/pokemon/736/"
    },
    {
      "name": "charjabug",
      "url": "https://pokeapi.co/api/v2/pokemon/737/"
    },
    {
      "name": "vikavolt",
      "url": "https://pokeapi.co/api/v2/pokemon/738/"
    },
    {
      "name": "crabrawler",
      "url": "https://pokeapi.co/api/v2/pokemon/739/"
    },
    {
      "name": "crabominable",
      "url": "https://pokeapi.co/api/v2/pokemon/740/"
    },
    {
      "name": "rockruff",
      "url": "https://pokeapi.co/api/v2/pokemon/744/"
    },
    {
      "name": "lycanroc-midday",
      "url": "https://pokeapi.co/api/v2/pokemon/745/"
    },
    {
      "name": "mudbray",
      "url": "https://pokeapi.co/api/v2/pokemon/749/"
    },
    {
      "name": "mudsdale",
      "url": "https://pokeapi.co/api/v2/pokemon/750/"
    },
    {
      "name": "salandit",
      "url": "https://pokeapi.co/api/v2/pokemon/757/"
    },
    {
      "name": "salazzle",
      "url": "https://pokeapi.co/api/v2/pokemon/758/"
    },
    {
      "name": "sandygast",
      "url": "https://pokeapi.co/api/v2/pokemon/769/"
    },
    {
      "name": "palossand",
      "url": "https://pokeapi.co/api/v2/pokemon/770/"
    },
    {
      "name": "cinderace",
      "url": "https://pokeapi.co/api/v2/pokemon/815/"
    },
    {
      "name": "skwovet",
      "url": "https://pokeapi.co/api/v2/pokemon/819/"
    },
    {
      "name": "greedent",
      "url": "https://pokeapi.co/api/v2/pokemon/820/"
    },
    {
      "name": "rolycoly",
      "url": "https://pokeapi.co/api/v2/pokemon/837/"
    },
    {
      "name": "carkol",
      "url": "https://pokeapi.co/api/v2/pokemon/838/"
    },
    {
      "name": "silicobra",
      "url": "https://pokeapi.co/api/v2/pokemon/843/"
    },
    {
      "name": "sandaconda",
      "url": "https://pokeapi.co/api/v2/pokemon/844/"
    },
    {
      "name": "sprigatito",
      "url": "https://pokeapi.co/api/v2/pokemon/906/"
    },
    {
      "name": "floragato",
      "url": "https://pokeapi.co/api/v2/pokemon/907/"
    },
    {
      "name": "meowscarada",
      "url": "https://pokeapi.co/api/v2/pokemon/908/"
    },
    {
      "name": "fuecoco",
      "url": "https://pokeapi.co/api/v2/pokemon/909/"
    },
    {
      "name": "crocalor",
      "url": "https://pokeapi.co/api/v2/pokemon/910/"
    },
    {
      "name": "skeledirge",
      "url": "https://pokeapi.co/api/v2/pokemon/911/"
    },
    {
      "name": "lechonk",
      "url": "https://pokeapi.co/api/v2/pokemon/915/"
    },
    {
      "name": "oinkologne-male",
      "url": "https://pokeapi.co/api/v2/pokemon/916/"
    },
    {
      "name": "tandemaus",
      "url": "https://pokeapi.co/api/v2/pokemon/924/"
    },
    {
      "name": "maushold-family-of-four",
      "url": "https://pokeapi.co/api/v2/pokemon/925/"
    },
    {
      "name": "fidough",
      "url": "https://pokeapi.co/api/v2/pokemon/926/"
    },
    {
      "name": "dachsbun",
      "url": "https://pokeapi.co/api/v2/pokemon/927/"
    },
    {
      "name": "tadbulb",
      "url": "https://pokeapi.co/api/v2/pokemon/938/"
    },
    {
      "name": "bellibolt",
      "url": "https://pokeapi.co/api/v2/pokemon/939/"
    },
    {
      "name": "shroodle",
      "url": "https://pokeapi.co/api/v2/pokemon/944/"
    },
    {
      "name": "grafaiai",
      "url": "https://pokeapi.co/api/v2/pokemon/945/"
    },
    {
      "name": "toedscool",
      "url": "https://pokeapi.co/api/v2/pokemon/948/"
    },
    {
      "name": "toedscruel",
      "url": "https://pokeapi.co/api/v2/pokemon/949/"
    },
    {
      "name": "klawf",
      "url": "https://pokeapi.co/api/v2/pokemon/950/"
    },
    {
      "name": "rellor",
      "url": "https://pokeapi.co/api/v2/pokemon/953/"
    },
    {
      "name": "rabsca",
      "url": "https://pokeapi.co/api/v2/pokemon/954/"
    },
    {
      "name": "flittle",
      "url": "https://pokeapi.co/api/v2/pokemon/955/"
    },
    {
      "name": "espathra",
      "url": "https://pokeapi.co/api/v2/pokemon/956/"
    },
    {
      "name": "wiglett",
      "url": "https://pokeapi.co/api/v2/pokemon/960/"
    },
    {
      "name": "wugtrio",
      "url": "https://pokeapi.co/api/v2/pokemon/961/"
    },
    {
      "name": "cyclizar",
      "url": "https://pokeapi.co/api/v2/pokemon/967/"
    },
    {
      "name": "orthworm",
      "url": "https://pokeapi.co/api/v2/pokemon/968/"
    },
    {
      "name": "greavard",
      "url": "https://pokeapi.co/api/v2/pokemon/971/"
    },
    {
      "name": "houndstone",
      "url": "https://pokeapi.co/api/v2/pokemon/972/"
    },
    {
      "name": "clodsire",
      "url": "https://pokeapi.co/api/v2/pokemon/980/"
    },
    {
      "name": "dudunsparce-two-segment",
      "url": "https://pokeapi.co/api/v2/pokemon/982/"
    },
    {
      "name": "great-tusk",
      "url": "https://pokeapi.co/api/v2/pokemon/984/"
    },
    {
      "name": "iron-treads",
      "url": "https://pokeapi.co/api/v2/pokemon/990/"
    },
    {
      "name": "wo-chien",
      "url": "https://pokeapi.co/api/v2/pokemon/1001/"
    },
    {
      "name": "ting-lu",
      "url": "https://pokeapi.co/api/v2/pokemon/1003/"
    },
    {
      "name": "koraidon",
      "url": "https://pokeapi.co/api/v2/pokemon/1007/"
    },
    {
      "name": "munkidori",
      "url": "https://pokeapi.co/api/v2/pokemon/1015/"
    },
    {
      "name": "deoxys-attack",
      "url": "https://pokeapi.co/api/v2/pokemon/10001/"
    },
    {
      "name": "deoxys-defense",
      "url": "https://pokeapi.co/api/v2/pokemon/10002/"
    },
    {
      "name": "deoxys-speed",
      "url": "https://pokeapi.co/api/v2/pokemon/10003/"
    },
    {
      "name": "wormadam-sandy",
      "url": "https://pokeapi.co/api/v2/pokemon/10004/"
    },
    {
      "name": "shaymin-sky",
      "url": "https://pokeapi.co/api/v2/pokemon/10006/"
    },
    {
      "name": "giratina-origin",
      "url": "https://pokeapi.co/api/v2/pokemon/10007/"
    },
    {
      "name": "rotom-heat",
      "url": "https://pokeapi.co/api/v2/pokemon/10008/"
    },
    {
      "name": "rotom-wash",
      "url": "https://pokeapi.co/api/v2/pokemon/10009/"
    },
    {
      "name": "rotom-frost",
      "url": "https://pokeapi.co/api/v2/pokemon/10010/"
    },
    {
      "name": "rotom-fan",
      "url": "https://pokeapi.co/api/v2/pokemon/10011/"
    },
    {
      "name": "rotom-mow",
      "url": "https://pokeapi.co/api/v2/pokemon/10012/"
    },
    {
      "name": "landorus-therian",
      "url": "https://pokeapi.co/api/v2/pokemon/10021/"
    },
    {
      "name": "aggron-mega",
      "url": "https://pokeapi.co/api/v2/pokemon/10053/"
    },
    {
      "name": "swampert-mega",
      "url": "https://pokeapi.co/api/v2/pokemon/10064/"
    },
    {
      "name": "diglett-alola",
      "url": "https://pokeapi.co/api/v2/pokemon/10105/"
    },
    {
      "name": "dugtrio-alola",
      "url": "https://pokeapi.co/api/v2/pokemon/10106/"
    },
    {
      "name": "geodude-alola",
      "url": "https://pokeapi.co/api/v2/pokemon/10109/"
    },
    {
      "name": "graveler-alola",
      "url": "https://pokeapi.co/api/v2/pokemon/10110/"
    },
    {
      "name": "golem-alola",
      "url": "https://pokeapi.co/api/v2/pokemon/10111/"
    },
    {
      "name": "grimer-alola",
      "url": "https://pokeapi.co/api/v2/pokemon/10112/"
    },
    {
      "name": "muk-alola",
      "url": "https://pokeapi.co/api/v2/pokemon/10113/"
    },
    {
      "name": "marowak-alola",
      "url": "https://pokeapi.co/api/v2/pokemon/10115/"
    },
    {
      "name": "greninja-ash",
      "url": "https://pokeapi.co/api/v2/pokemon/10117/"
    },
    {
      "name": "gumshoos-totem",
      "url": "https://pokeapi.co/api/v2/pokemon/10121/"
    },
    {
      "name": "vikavolt-totem",
      "url": "https://pokeapi.co/api/v2/pokemon/10122/"
    },
    {
      "name": "lycanroc-midnight",
      "url": "https://pokeapi.co/api/v2/pokemon/10126/"
    },
    {
      "name": "rockruff-own-tempo",
      "url": "https://pokeapi.co/api/v2/pokemon/10151/"
    },
    {
      "name": "stunfisk-galar",
      "url": "https://pokeapi.co/api/v2/pokemon/10180/"
    },
    {
      "name": "wooper-paldea",
      "url": "https://pokeapi.co/api/v2/pokemon/10253/"
    },
    {
      "name": "oinkologne-female",
      "url": "https://pokeapi.co/api/v2/pokemon/10254/"
    },
    {
      "name": "dudunsparce-three-segment",
      "url": "https://pokeapi.co/api/v2/pokemon/10255/"
    },
    {
      "name": "maushold-family-of-three",
      "url": "https://pokeapi.co/api/v2/pokemon/10257/"
    },
    {
      "name": "koraidon-limited-build",
      "url": "https://pokeapi.co/api/v2/pokemon/10264/"
    },
    {
      "name": "koraidon-sprinting-build",
      "url": "https://pokeapi.co/api/v2/pokemon/10265/"
    },
    {
      "name": "koraidon-swimming-build",
      "url": "https://pokeapi.co/api/v2/pokemon/10266/"
    },
    {
      "name": "koraidon-gliding-build",
      "url": "https://pokeapi.co/api/v2/pokemon/10267/"
    }
  ],
  "machines": [
    {
      "machine": {
        "url": "https://pokeapi.co/api/v2/machine/604/"
      },
      "version_group": {
        "name": "gold-silver",
        "url": "https://pokeapi.co/api/v2/version-group/3/"
      }
    },
    {
      "machine": {
        "url": "https://pokeapi.co/api/v2/machine/605/"
      },
      "version_group": {
        "name": "crystal",
        "url": "https://pokeapi.co/api/v2/version-group/4/"
      }
    },
    {
      "machine": {
        "url": "https://pokeapi.co/api/v2/machine/1710/"
      },
      "version_group": {
        "name": "scarlet-violet",
        "url": "https://pokeapi.co/api/v2/version-group/25/"
      }
    }
  ],
  "meta": {
    "ailment": {
      "name": "none",
      "url": "https://pokeapi.co/api/v2/move-ailment/0/"
    },
    "ailment_chance": 0,
    "category": {
      "name": "damage+lower",
      "url": "https://pokeapi.co/api/v2/move-category/6/"
    },
    "crit_rate": 0,
    "drain": 0,
    "flinch_chance": 0,
    "healing": 0,
    "max_hits": null,
    "max_turns": null,
    "min_hits": null,
    "min_turns": null,
    "stat_chance": 100
  },
  "name": "mud-slap",
  "names": [
    {
      "language": {
        "name": "ja-Hrkt",
        "url": "https://pokeapi.co/api/v2/language/1/"
      },
      "name": "\u3069\u308d\u304b\u3051"
    },
    {
      "language": {
        "name": "ko",
        "url": "https://pokeapi.co/api/v2/language/3/"
      },
      "name": "\uc9c4\ud759\ubfcc\ub9ac\uae30"
    },
    {
      "language": {
        "name": "zh-Hant",
        "url": "https://pokeapi.co/api/v2/language/4/"
      },
      "name": "\u64f2\u6ce5"
    },
    {
      "language": {
        "name": "fr",
        "url": "https://pokeapi.co/api/v2/language/5/"
      },
      "name": "Coud\u2019Boue"
    },
    {
      "language": {
        "name": "de",
        "url": "https://pokeapi.co/api/v2/language/6/"
      },
      "name": "Lehmschelle"
    },
    {
      "language": {
        "name": "es",
        "url": "https://pokeapi.co/api/v2/language/7/"
      },
      "name": "Bofet\u00f3n Lodo"
    },
    {
      "language": {
        "name": "it",
        "url": "https://pokeapi.co/api/v2/language/8/"
      },
      "name": "Fangosberla"
    },
    {
      "language": {
        "name": "en",
        "url": "https://pokeapi.co/api/v2/language/9/"
      },
      "name": "Mud-Slap"
    },
    {
      "language": {
        "name": "ja",
        "url": "https://pokeapi.co/api/v2/language/11/"
      },
      "name": "\u3069\u308d\u304b\u3051"
    },
    {
      "language": {
        "name": "zh-Hans",
        "url": "https://pokeapi.co/api/v2/language/12/"
      },
      "name": "\u63b7\u6ce5"
    }
  ],
  "past_values": [],
  "power": 20,
  "pp": 10,
  "priority": 0,
  "stat_changes": [
    {
      "change": -1,
      "stat": {
        "name": "accuracy",
        "url": "https://pokeapi.co/api/v2/stat/7/"
      }
    }
  ],
  "super_contest_effect": {
    "url": "https://pokeapi.co/api/v2/super-contest-effect/5/"
  },
  "target": {
    "name": "selected-pokemon",
    "url": "https://pokeapi.co/api/v2/move-target/10/"
  },
  "type": {
    "name": "ground",
    "url": "https://pokeapi.co/api/v2/type/5/"
  }
}