{
  "accuracy": null,
  "contest_combos": null,
  "contest_effect": null,
  "contest_type": null,
  "damage_class": {
    "name": "physical",
    "url": "https://pokeapi.co/api/v2/move-damage-class/2/"
  },
  "effect_chance": null,
  "effect_changes": [],
  "effect_entries": [
    {
      "effect": "Inflicts regular damage.",
      "language": {
        "name": "en",
        "url": "https://pokeapi.co/api/v2/language/9/"
      },
      "short_effect": "Inflicts regular damage with no additional effect."
    }
  ],
  "flavor_text_entries": [
    {
      "flavor_text": "\u30c0\u30a4\u30de\u30c3\u30af\u30b9\u3057\u305f\u3000\u30dd\u30b1\u30e2\u30f3\u304c\n\u304f\u308a\u3060\u3059\u3000\u304b\u304f\u3068\u3046\u30bf\u30a4\u30d7\u306e\u3000\u3053\u3046\u3052\u304d\u3002\n\u307f\u304b\u305f\u306e\u3000\u3053\u3046\u3052\u304d\u3092\u3000\u3042\u3052\u308b\u3002",
      "language": {
        "name": "ja-Hrkt",
        "url": "https://pokeapi.co/api/v2/language/1/"
      },
      "version_group": {
        "name": "sword-shield",
        "url": "https://pokeapi.co/api/v2/version-group/20/"
      }
    },
    {
      "flavor_text": "\ub2e4\uc774\ub9e5\uc2a4\ud55c \ud3ec\ucf13\ubaac\uc774 \ub0a0\ub9ac\ub294\n\uaca9\ud22c\ud0c0\uc785\uc758 \uacf5\uaca9.\n\uac19\uc740 \ud3b8\uc758 \uacf5\uaca9\uc744 \uc62c\ub9b0\ub2e4.",
      "language": {
        "name": "ko",
        "url": "https://pokeapi.co/api/v2/language/3/"
      },
      "version_group": {
        "name": "sword-shield",
        "url": "https://pokeapi.co/api/v2/version-group/20/"
      }
    },
    {
      "flavor_text": "\u6975\u5de8\u5316\u5bf6\u53ef\u5922\n\u6240\u4f7f\u51fa\u7684\u683c\u9b25\u5c6c\u6027\u653b\u64ca\u3002\n\u53ef\u63d0\u9ad8\u6211\u65b9\u7684\u653b\u64ca\u3002",
      "language": {
        "name": "zh-Hant",
        "url": "https://pokeapi.co/api/v2/language/4/"
      },
      "version_group": {
        "name": "sword-shield",
        "url": "https://pokeapi.co/api/v2/version-group/20/"
      }
    },
    {
      "flavor_text": "Une attaque de type Combat que seuls\nles Pok\u00e9mon Dynamax peuvent utiliser.\nAugmente l\u2019Attaque des alli\u00e9s.",
      "language": {
        "name": "fr",
        "url": "https://pokeapi.co/api/v2/language/5/"
      },
      "version_group": {
        "name": "sword-shield",
        "url": "https://pokeapi.co/api/v2/version-group/20/"
      }
    },
    {
      "flavor_text": "Eine Kampf-Attacke, die nur Dynamax-Pok\u00e9mon\neinsetzen k\u00f6nnen. Erh\u00f6ht den Angriff der\nMitstreiterseite.",
      "language": {
        "name": "de",
        "url": "https://pokeapi.co/api/v2/language/6/"
      },
      "version_group": {
        "name": "sword-shield",
        "url": "https://pokeapi.co/api/v2/version-group/20/"
      }
    },
    {
      "flavor_text": "Ataque de tipo Lucha ejecutado por un Pok\u00e9mon\nDinamax. Aumenta el Ataque de tu bando.",
      "language": {
        "name": "es",
        "url": "https://pokeapi.co/api/v2/language/7/"
      },
      "version_group": {
        "name": "sword-shield",
        "url": "https://pokeapi.co/api/v2/version-group/20/"
      }
    },
    {
      "flavor_text": "Un attacco di tipo Lotta che pu\u00f2 essere eseguito\ndai Pok\u00e9mon dynamaxizzati. Aumenta l\u2019Attacco\ndegli alleati.",
      "language": {
        "name": "it",
        "url": "https://pokeapi.co/api/v2/language/8/"
      },
      "version_group": {
        "name": "sword-shield",
        "url": "https://pokeapi.co/api/v2/version-group/20/"
      }
    },
    {
      "flavor_text": "This is a Fighting-type attack Dynamax Pok\u00e9mon use.\nThis raises ally Pok\u00e9mon\u2019s Attack stats.",
      "language": {
        "name": "en",
        "url": "https://pokeapi.co/api/v2/language/9/"
      },
      "version_group": {
        "name": "sword-shield",
        "url": "https://pokeapi.co/api/v2/version-group/20/"
      }
    },
    {
      "flavor_text": "\u30c0\u30a4\u30de\u30c3\u30af\u30b9\u3057\u305f\u3000\u30dd\u30b1\u30e2\u30f3\u304c\n\u7e70\u308a\u3060\u3059\u3000\u304b\u304f\u3068\u3046\u30bf\u30a4\u30d7\u306e\u3000\u653b\u6483\u3002\n\u5473\u65b9\u306e\u3000\u653b\u6483\u3092\u3000\u4e0a\u3052\u308b\u3002",
      "language": {
        "name": "ja",
        "url": "https://pokeapi.co/api/v2/language/11/"
      },
      "version_group": {
        "name": "sword-shield",
        "url": "https://pokeapi.co/api/v2/version-group/20/"
      }
    },
    {
      "flavor_text": "\u6781\u5de8\u5316\u5b9d\u53ef\u68a6\u4f7f\u51fa\u7684\u683c\u6597\u5c5e\u6027\u653b\u51fb\u3002\n\u4f1a\u63d0\u9ad8\u6211\u65b9\u7684\u653b\u51fb\u3002",
      "language": {
        "name": "zh-Hans",
        "url": "https://pokeapi.co/api/v2/language/12/"
      },
      "version_group": {
        "name": "sword-shield",
        "url": "https://pokeapi.co/api/v2/version-group/20/"
      }
    }
  ],
  "generation": {
    "name": "generation-viii",
    "url": "https://pokeapi.co/api/v2/generation/8/"
  },
  "id": 761,
  "learned_by_pokemon": [],
  "machines": [],
  "meta": {
    "ailment": {
      "name": "none",
      "url": "https://pokeapi.co/api/v2/move-ailment/0/"
    },
    "ailment_chance": 0,
    "category": {
      "name": "damage",
      "url": "https://pokeapi.co/api/v2/move-category/0/"
    },
    "crit_rate": 0,
    "drain": 0,
    "flinch_chance": 0,
    "healing": 0,
    "max_hits": null,
    "max_turns": null,
    "min_hits": null,
    "min_turns": null,
    "stat_chance": 0
  },
  "name": "max-knuckle",
  "names": [
    {
      "language": {
        "name": "ja-Hrkt",
        "url": "https://pokeapi.co/api/v2/language/1/"
      },
      "name": "\u30c0\u30a4\u30ca\u30c3\u30af\u30eb"
    },
    {
      "language": {
        "name": "ko",
        "url": "https://pokeapi.co/api/v2/language/3/"
      },
      "name": "\ub2e4\uc774\ub108\ud074"
    },
    {
      "language": {
        "name": "zh-Hant",
        "url": "https://pokeapi.co/api/v2/language/4/"
      },
      "name": "\u6975\u5de8\u62f3\u9b25"
    },
    {
      "language": {
        "name": "fr",
        "url": "https://pokeapi.co/api/v2/language/5/"
      },
      "name": "Pugilomax"
    },
    {
      "language": {
        "name": "de",
        "url": "https://pokeapi.co/api/v2/language/6/"
      },
      "name": "Dyna-Faust"
    },
    {
      "language": {
        "name": "es",
        "url": "https://pokeapi.co/api/v2/language/7/"
      },
      "name": "Maxipu\u00f1o"
    },
    {
      "language": {
        "name": "it",
        "url": "https://pokeapi.co/api/v2/language/8/"
      },
      "name": "Dynapugno"
    },
    {
      "language": {
        "name": "en",
        "url": "https://pokeapi.co/api/v2/language/9/"
      },
      "name": "Max Knuckle"
    },
    {
      "language": {
        "name": "ja",
        "url": "https://pokeapi.co/api/v2/language/11/"
      },
      "name": "\u30c0\u30a4\u30ca\u30c3\u30af\u30eb"
    },
    {
      "language": {
        "name": "zh-Hans",
        "url": "https://pokeapi.co/api/v2/language/12/"
      },
      "name": "\u6781\u5de8\u62f3\u6597"
    }
  ],
  "past_values": [],
  "power": 10,
  "pp": 10,
  "priority": 0,
  "stat_changes": [],
  "super_contest_effect": null,
  "target": {
    "name": "selected-pokemon-me-first",
    "url": "https://pokeapi.co/api/v2/move-target/2/"
  },
  "type": {
    "name": "fighting",
    "url": "https://pokeapi.co/api/v2/type/2/"
  }
}