{
  "accuracy": 100,
  "contest_combos": null,
  "contest_effect": null,
  "contest_type": null,
  "damage_class": {
    "name": "physical",
    "url": "https://pokeapi.co/api/v2/move-damage-class/2/"
  },
  "effect_chance": null,
  "effect_changes": [],
  "effect_entries": [],
  "flavor_text_entries": [],
  "generation": {
    "name": "generation-ix",
    "url": "https://pokeapi.co/api/v2/generation/9/"
  },
  "id": 900,
  "learned_by_pokemon": [],
  "machines": [],
  "meta": null,
  "name": "magical-torque",
  "names": [
    {
      "language": {
        "name": "ja-Hrkt",
        "url": "https://pokeapi.co/api/v2/language/1/"
      },
      "name": "\u30de\u30b8\u30ab\u30eb\u30a2\u30af\u30bb\u30eb"
    },
    {
      "language": {
        "name": "zh-Hant",
        "url": "https://pokeapi.co/api/v2/language/4/"
      },
      "name": "\u9b54\u6cd5\u66b4\u51b2"
    },
    {
      "language": {
        "name": "it",
        "url": "https://pokeapi.co/api/v2/language/8/"
      },
      "name": "Turboincanto"
    },
    {
      "language": {
        "name": "en",
        "url": "https://pokeapi.co/api/v2/language/9/"
      },
      "name": "Magical Torque"
    },
    {
      "language": {
        "name": "ja",
        "url": "https://pokeapi.co/api/v2/language/11/"
      },
      "name": "\u30de\u30b8\u30ab\u30eb\u30a2\u30af\u30bb\u30eb"
    }
  ],
  "past_values": [],
  "power": 100,
  "pp": 10,
  "priority": 0,
  "stat_changes": [],
  "super_contest_effect": null,
  "target": {
    "name": "selected-pokemon",
    "url": "https://pokeapi.co/api/v2/move-target/10/"
  },
  "type": {
    "name": "fairy",
    "url": "https://pokeapi.co/api/v2/type/18/"
  }
}