{
  "accuracy": null,
  "contest_combos": null,
  "contest_effect": {
    "url": "https://pokeapi.co/api/v2/contest-effect/15/"
  },
  "contest_type": {
    "name": "smart",
    "url": "https://pokeapi.co/api/v2/contest-type/4/"
  },
  "damage_class": {
    "name": "status",
    "url": "https://pokeapi.co/api/v2/move-damage-class/1/"
  },
  "effect_chance": null,
  "effect_changes": [],
  "effect_entries": [
    {
      "effect": "Prevents the user from switching out.  User regains 1/16 of its max HP at the end of every turn.  If the user was immune to ground attacks, it will now take normal damage from them.\n\nroar and whirlwind will not affect the user.  The user cannot use magnet rise.\n\nThe user may still use u turn to leave the field.\n\nThis effect can be passed with baton pass.",
      "language": {
        "name": "en",
        "url": "https://pokeapi.co/api/v2/language/9/"
      },
      "short_effect": "Prevents the user from leaving battle.  User regains 1/16 of its max HP every turn."
    }
  ],
  "flavor_text_entries": [
    {
      "flavor_text": "Lays roots that restore HP.\nThe user can\u2019t switch out.",
      "language": {
        "name": "en",
        "url": "https://pokeapi.co/api/v2/language/9/"
      },
      "version_group": {
        "name": "ruby-sapphire",
        "url": "https://pokeapi.co/api/v2/version-group/5/"
      }
    },
    {
      "flavor_text": "Lays roots that restore HP.\nThe user can\u2019t switch out.",
      "language": {
        "name": "en",
        "url": "https://pokeapi.co/api/v2/language/9/"
      },
      "version_group": {
        "name": "emerald",
        "url": "https://pokeapi.co/api/v2/version-group/6/"
      }
    },
    {
      "flavor_text": "The user lays roots\nthat restore HP on\nevery turn.\nIt can\u2019t switch out.",
      "language": {
        "name": "en",
        "url": "https://pokeapi.co/api/v2/language/9/"
      },
      "version_group": {
        "name": "firered-leafgreen",
        "url": "https://pokeapi.co/api/v2/version-group/7/"
      }
    },
    {
      "flavor_text": "The user lays roots\nthat restore HP on\nevery turn.\nBecause it is rooted,\nit can\u2019t switch out.",
      "language": {
        "name": "en",
        "url": "https://pokeapi.co/api/v2/language/9/"
      },
      "version_group": {
        "name": "diamond-pearl",
        "url": "https://pokeapi.co/api/v2/version-group/8/"
      }
    },
    {
      "flavor_text": "The user lays roots\nthat restore HP on\nevery turn.\nBecause it is rooted,\nit can\u2019t switch out.",
      "language": {
        "name": "en",
        "url": "https://pokeapi.co/api/v2/language/9/"
      },
      "version_group": {
        "name": "platinum",
        "url": "https://pokeapi.co/api/v2/version-group/9/"
      }
    },
    {
      "flavor_text": "The user lays roots\nthat restore HP on\nevery turn.\nBecause it is rooted,\nit can\u2019t switch out.",
      "language": {
        "name": "en",
        "url": "https://pokeapi.co/api/v2/language/9/"
      },
      "version_group": {
        "name": "heartgold-soulsilver",
        "url": "https://pokeapi.co/api/v2/version-group/10/"
      }
    },
    {
      "flavor_text": "Le lanceur plante ses racines et r\u00e9cup\u00e8re\ndes PV \u00e0 chaque tour. Une fois enracin\u00e9, il\nne peut plus fuir.",
      "language": {
        "name": "fr",
        "url": "https://pokeapi.co/api/v2/language/5/"
      },
      "version_group": {
        "name": "black-white",
        "url": "https://pokeapi.co/api/v2/version-group/11/"
      }
    },
    {
      "flavor_text": "The user lays roots that restore\nits HP on every turn. Because it is\nrooted, it can\u2019t switch out.",
      "language": {
        "name": "en",
        "url": "https://pokeapi.co/api/v2/language/9/"
      },
      "version_group": {
        "name": "black-white",
        "url": "https://pokeapi.co/api/v2/version-group/11/"
      }
    },
    {
      "flavor_text": "The user lays roots that restore\nits HP on every turn. Because it is\nrooted, it can\u2019t switch out.",
      "language": {
        "name": "en",
        "url": "https://pokeapi.co/api/v2/language/9/"
      },
      "version_group": {
        "name": "black-2-white-2",
        "url": "https://pokeapi.co/api/v2/version-group/14/"
      }
    },
    {
      "flavor_text": "\u3060\u3044\u3061\u306b\u3000\u306d\u3092\u3000\u306f\u308a\u3000\u307e\u3044\u30bf\u30fc\u30f3\n\u3058\u3076\u3093\u306e\u3000\uff28\uff30\u3092\u3000\u304b\u3044\u3075\u304f\u3000\u3059\u308b\u3002\n\u306d\u3092\u3000\u306f\u3063\u3066\u3044\u308b\u306e\u3067\u3000\u3044\u308c\u304b\u3048\u3089\u308c\u306a\u3044\u3002",
      "language": {
        "name": "ja-Hrkt",
        "url": "https://pokeapi.co/api/v2/language/1/"
      },
      "version_group": {
        "name": "x-y",
        "url": "https://pokeapi.co/api/v2/version-group/15/"
      }
    },
    {
      "flavor_text": "\ub300\uc9c0\uc5d0 \ubfcc\ub9ac\ub97c \ubc15\uc544\n\ub9e4 \ud134\ub9c8\ub2e4 \uc790\uc2e0\uc758 HP\ub97c \ud68c\ubcf5\ud55c\ub2e4.\n\ubfcc\ub9ac \ubc15\uace0 \uc788\uc73c\ubbc0\ub85c \uad50\uccb4\ud560 \uc218 \uc5c6\ub2e4.",
      "language": {
        "name": "ko",
        "url": "https://pokeapi.co/api/v2/language/3/"
      },
      "version_group": {
        "name": "x-y",
        "url": "https://pokeapi.co/api/v2/version-group/15/"
      }
    },
    {
      "flavor_text": "Le lanceur plante ses racines et r\u00e9cup\u00e8re des\nPV \u00e0 chaque tour. Une fois enracin\u00e9, il ne peut\nplus fuir.",
      "language": {
        "name": "fr",
        "url": "https://pokeapi.co/api/v2/language/5/"
      },
      "version_group": {
        "name": "x-y",
        "url": "https://pokeapi.co/api/v2/version-group/15/"
      }
    },
    {
      "flavor_text": "Verwurzelung f\u00fcllt jede Runde KP auf.\nAustausch ist unm\u00f6glich.",
      "language": {
        "name": "de",
        "url": "https://pokeapi.co/api/v2/language/6/"
      },
      "version_group": {
        "name": "x-y",
        "url": "https://pokeapi.co/api/v2/version-group/15/"
      }
    },
    {
      "flavor_text": "Echa ra\u00edces para recuperar PS en cada turno, pero\nimpide el relevo.",
      "language": {
        "name": "es",
        "url": "https://pokeapi.co/api/v2/language/7/"
      },
      "version_group": {
        "name": "x-y",
        "url": "https://pokeapi.co/api/v2/version-group/15/"
      }
    },
    {
      "flavor_text": "Chi la usa mette delle radici che gli fanno\nrecuperare PS a ogni turno. Non pu\u00f2\nessere sostituito.",
      "language": {
        "name": "it",
        "url": "https://pokeapi.co/api/v2/language/8/"
      },
      "version_group": {
        "name": "x-y",
        "url": "https://pokeapi.co/api/v2/version-group/15/"
      }
    },
    {
      "flavor_text": "The user lays roots that restore\nits HP on every turn. Because it is\nrooted, it can\u2019t switch out.",
      "language": {
        "name": "en",
        "url": "https://pokeapi.co/api/v2/language/9/"
      },
      "version_group": {
        "name": "x-y",
        "url": "https://pokeapi.co/api/v2/version-group/15/"
      }
    },
    {
      "flavor_text": "\u5927\u5730\u306b\u3000\u6839\u3092\u3000\u5f35\u308a\n\u6bce\u30bf\u30fc\u30f3\u3000\u81ea\u5206\u306e\u3000\uff28\uff30\u3092\u3000\u56de\u5fa9\u3059\u308b\u3002\n\u6839\u3092\u3000\u5f35\u3063\u3066\u3044\u308b\u306e\u3067\u3000\u5165\u308c\u66ff\u3048\u3089\u308c\u306a\u3044\u3002",
      "language": {
        "name": "ja",
        "url": "https://pokeapi.co/api/v2/language/11/"
      },
      "version_group": {
        "name": "x-y",
        "url": "https://pokeapi.co/api/v2/version-group/15/"
      }
    },
    {
      "flavor_text": "\u3060\u3044\u3061\u306b\u3000\u306d\u3092\u3000\u306f\u308a\u3000\u307e\u3044\u30bf\u30fc\u30f3\n\u3058\u3076\u3093\u306e\u3000\uff28\uff30\u3092\u3000\u304b\u3044\u3075\u304f\u3000\u3059\u308b\u3002\n\u306d\u3092\u3000\u306f\u3063\u3066\u3044\u308b\u306e\u3067\u3000\u3044\u308c\u304b\u3048\u3089\u308c\u306a\u3044\u3002",
      "language": {
        "name": "ja-Hrkt",
        "url": "https://pokeapi.co/api/v2/language/1/"
      },
      "version_group": {
        "name": "omega-ruby-alpha-sapphire",
        "url": "https://pokeapi.co/api/v2/version-group/16/"
      }
    },
    {
      "flavor_text": "\ub300\uc9c0\uc5d0 \ubfcc\ub9ac\ub97c \ubc15\uc544\n\ub9e4 \ud134\ub9c8\ub2e4 \uc790\uc2e0\uc758 HP\ub97c \ud68c\ubcf5\ud55c\ub2e4.\n\ubfcc\ub9ac \ubc15\uace0 \uc788\uc73c\ubbc0\ub85c \uad50\uccb4\ud560 \uc218 \uc5c6\ub2e4.",
      "language": {
        "name": "ko",
        "url": "https://pokeapi.co/api/v2/language/3/"
      },
      "version_group": {
        "name": "omega-ruby-alpha-sapphire",
        "url": "https://pokeapi.co/api/v2/version-group/16/"
      }
    },
    {
      "flavor_text": "Le lanceur plante ses racines et r\u00e9cup\u00e8re des\nPV \u00e0 chaque tour. Une fois enracin\u00e9, il ne peut\nplus fuir.",
      "language": {
        "name": "fr",
        "url": "https://pokeapi.co/api/v2/language/5/"
      },
      "version_group": {
        "name": "omega-ruby-alpha-sapphire",
        "url": "https://pokeapi.co/api/v2/version-group/16/"
      }
    },
    {
      "flavor_text": "Verwurzelung f\u00fcllt jede Runde KP auf.\nAustausch und Flucht sind unm\u00f6glich.",
      "language": {
        "name": "de",
        "url": "https://pokeapi.co/api/v2/language/6/"
      },
      "version_group": {
        "name": "omega-ruby-alpha-sapphire",
        "url": "https://pokeapi.co/api/v2/version-group/16/"
      }
    },
    {
      "flavor_text": "Echa ra\u00edces para recuperar PS en cada turno, pero \nimpide el relevo.",
      "language": {
        "name": "es",
        "url": "https://pokeapi.co/api/v2/language/7/"
      },
      "version_group": {
        "name": "omega-ruby-alpha-sapphire",
        "url": "https://pokeapi.co/api/v2/version-group/16/"
      }
    },
    {
      "flavor_text": "Chi la usa mette delle radici che gli fanno\nrecuperare PS a ogni turno. Non pu\u00f2\nessere sostituito.",
      "language": {
        "name": "it",
        "url": "https://pokeapi.co/api/v2/language/8/"
      },
      "version_group": {
        "name": "omega-ruby-alpha-sapphire",
        "url": "https://pokeapi.co/api/v2/version-group/16/"
      }
    },
    {
      "flavor_text": "The user lays roots that restore\nits HP on every turn. Because it is\nrooted, it can\u2019t switch out.",
      "language": {
        "name": "en",
        "url": "https://pokeapi.co/api/v2/language/9/"
      },
      "version_group": {
        "name": "omega-ruby-alpha-sapphire",
        "url": "https://pokeapi.co/api/v2/version-group/16/"
      }
    },
    {
      "flavor_text": "\u5927\u5730\u306b\u3000\u6839\u3092\u3000\u5f35\u308a\n\u6bce\u30bf\u30fc\u30f3\u3000\u81ea\u5206\u306e\u3000\uff28\uff30\u3092\u3000\u56de\u5fa9\u3059\u308b\u3002\n\u6839\u3092\u3000\u5f35\u3063\u3066\u3044\u308b\u306e\u3067\u3000\u5165\u308c\u66ff\u3048\u3089\u308c\u306a\u3044\u3002",
      "language": {
        "name": "ja",
        "url": "https://pokeapi.co/api/v2/language/11/"
      },
      "version_group": {
        "name": "omega-ruby-alpha-sapphire",
        "url": "https://pokeapi.co/api/v2/version-group/16/"
      }
    },
    {
      "flavor_text": "\u3060\u3044\u3061\u306b\u3000\u306d\u3092\u3000\u306f\u308a\u3000\u307e\u3044\u30bf\u30fc\u30f3\n\u3058\u3076\u3093\u306e\u3000\uff28\uff30\u3092\u3000\u304b\u3044\u3075\u304f\u3000\u3059\u308b\u3002\n\u306d\u3092\u3000\u306f\u3063\u3066\u3044\u308b\u306e\u3067\u3000\u3044\u308c\u304b\u3048\u3089\u308c\u306a\u3044\u3002",
      "language": {
        "name": "ja-Hrkt",
        "url": "https://pokeapi.co/api/v2/language/1/"
      },
      "version_group": {
        "name": "sun-moon",
        "url": "https://pokeapi.co/api/v2/version-group/17/"
      }
    },
    {
      "flavor_text": "\ub300\uc9c0\uc5d0 \ubfcc\ub9ac\ub97c \ubc15\uc544\n\ub9e4 \ud134\ub9c8\ub2e4 \uc790\uc2e0\uc758 HP\ub97c \ud68c\ubcf5\ud55c\ub2e4.\n\ubfcc\ub9ac \ubc15\uace0 \uc788\uc73c\ubbc0\ub85c \uad50\uccb4\ud560 \uc218 \uc5c6\ub2e4.",
      "language": {
        "name": "ko",
        "url": "https://pokeapi.co/api/v2/language/3/"
      },
      "version_group": {
        "name": "sun-moon",
        "url": "https://pokeapi.co/api/v2/version-group/17/"
      }
    },
    {
      "flavor_text": "\u5728\u5927\u5730\u4e0a\u624e\u6839\uff0c\n\u6bcf\u56de\u5408\u6703\u56de\u5fa9\u81ea\u5df1\u7684\uff28\uff30\u3002\n\u4f46\u624e\u6839\u4e4b\u5f8c\u7121\u6cd5\u9032\u884c\u66ff\u63db\u3002",
      "language": {
        "name": "zh-Hant",
        "url": "https://pokeapi.co/api/v2/language/4/"
      },
      "version_group": {
        "name": "sun-moon",
        "url": "https://pokeapi.co/api/v2/version-group/17/"
      }
    },
    {
      "flavor_text": "Le lanceur plante ses racines et r\u00e9cup\u00e8re des\nPV \u00e0 chaque tour. Une fois enracin\u00e9, il ne peut\nplus fuir.",
      "language": {
        "name": "fr",
        "url": "https://pokeapi.co/api/v2/language/5/"
      },
      "version_group": {
        "name": "sun-moon",
        "url": "https://pokeapi.co/api/v2/version-group/17/"
      }
    },
    {
      "flavor_text": "Verwurzelung f\u00fcllt jede Runde KP auf.\nAustausch und Flucht sind unm\u00f6glich.",
      "language": {
        "name": "de",
        "url": "https://pokeapi.co/api/v2/language/6/"
      },
      "version_group": {
        "name": "sun-moon",
        "url": "https://pokeapi.co/api/v2/version-group/17/"
      }
    },
    {
      "flavor_text": "Echa ra\u00edces para recuperar PS en cada turno, pero \nimpide el relevo.",
      "language": {
        "name": "es",
        "url": "https://pokeapi.co/api/v2/language/7/"
      },
      "version_group": {
        "name": "sun-moon",
        "url": "https://pokeapi.co/api/v2/version-group/17/"
      }
    },
    {
      "flavor_text": "Chi la usa mette delle radici che gli fanno\nrecuperare PS a ogni turno. Non pu\u00f2\nessere sostituito.",
      "language": {
        "name": "it",
        "url": "https://pokeapi.co/api/v2/language/8/"
      },
      "version_group": {
        "name": "sun-moon",
        "url": "https://pokeapi.co/api/v2/version-group/17/"
      }
    },
    {
      "flavor_text": "The user lays roots that restore its HP on every turn.\nBecause it\u2019s rooted, it can\u2019t switch out.",
      "language": {
        "name": "en",
        "url": "https://pokeapi.co/api/v2/language/9/"
      },
      "version_group": {
        "name": "sun-moon",
        "url": "https://pokeapi.co/api/v2/version-group/17/"
      }
    },
    {
      "flavor_text": "\u5927\u5730\u306b\u3000\u6839\u3092\u3000\u5f35\u308a\n\u6bce\u30bf\u30fc\u30f3\u3000\u81ea\u5206\u306e\u3000\uff28\uff30\u3092\u3000\u56de\u5fa9\u3059\u308b\u3002\n\u6839\u3092\u3000\u5f35\u3063\u3066\u3044\u308b\u306e\u3067\u3000\u5165\u308c\u66ff\u3048\u3089\u308c\u306a\u3044\u3002",
      "language": {
        "name": "ja",
        "url": "https://pokeapi.co/api/v2/language/11/"
      },
      "version_group": {
        "name": "sun-moon",
        "url": "https://pokeapi.co/api/v2/version-group/17/"
      }
    },
    {
      "flavor_text": "\u5728\u5927\u5730\u4e0a\u624e\u6839\uff0c\n\u6bcf\u56de\u5408\u56de\u590d\u81ea\u5df1\u7684\uff28\uff30\u3002\n\u56e0\u4e3a\u624e\u6839\u4e86\uff0c\u6240\u4ee5\u4e0d\u80fd\u66ff\u6362\u5b9d\u53ef\u68a6\u3002",
      "language": {
        "name": "zh-Hans",
        "url": "https://pokeapi.co/api/v2/language/12/"
      },
      "version_group": {
        "name": "sun-moon",
        "url": "https://pokeapi.co/api/v2/version-group/17/"
      }
    },
    {
      "flavor_text": "\u3060\u3044\u3061\u306b\u3000\u306d\u3092\u3000\u306f\u308a\u3000\u307e\u3044\u30bf\u30fc\u30f3\n\u3058\u3076\u3093\u306e\u3000\uff28\uff30\u3092\u3000\u304b\u3044\u3075\u304f\u3000\u3059\u308b\u3002\n\u306d\u3092\u3000\u306f\u3063\u3066\u3044\u308b\u306e\u3067\u3000\u3044\u308c\u304b\u3048\u3089\u308c\u306a\u3044\u3002",
      "language": {
        "name": "ja-Hrkt",
        "url": "https://pokeapi.co/api/v2/language/1/"
      },
      "version_group": {
        "name": "ultra-sun-ultra-moon",
        "url": "https://pokeapi.co/api/v2/version-group/18/"
      }
    },
    {
      "flavor_text": "\ub300\uc9c0\uc5d0 \ubfcc\ub9ac\ub97c \ubc15\uc544\n\ub9e4 \ud134\ub9c8\ub2e4 \uc790\uc2e0\uc758 HP\ub97c \ud68c\ubcf5\ud55c\ub2e4.\n\ubfcc\ub9ac \ubc15\uace0 \uc788\uc73c\ubbc0\ub85c \uad50\uccb4\ud560 \uc218 \uc5c6\ub2e4.",
      "language": {
        "name": "ko",
        "url": "https://pokeapi.co/api/v2/language/3/"
      },
      "version_group": {
        "name": "ultra-sun-ultra-moon",
        "url": "https://pokeapi.co/api/v2/version-group/18/"
      }
    },
    {
      "flavor_text": "\u5728\u5927\u5730\u4e0a\u624e\u6839\uff0c\n\u6bcf\u56de\u5408\u6703\u56de\u5fa9\u81ea\u5df1\u7684\uff28\uff30\u3002\n\u4f46\u624e\u6839\u4e4b\u5f8c\u7121\u6cd5\u9032\u884c\u66ff\u63db\u3002",
      "language": {
        "name": "zh-Hant",
        "url": "https://pokeapi.co/api/v2/language/4/"
      },
      "version_group": {
        "name": "ultra-sun-ultra-moon",
        "url": "https://pokeapi.co/api/v2/version-group/18/"
      }
    },
    {
      "flavor_text": "Le lanceur plante ses racines et r\u00e9cup\u00e8re des\nPV \u00e0 chaque tour. Une fois enracin\u00e9, il ne peut\nplus fuir.",
      "language": {
        "name": "fr",
        "url": "https://pokeapi.co/api/v2/language/5/"
      },
      "version_group": {
        "name": "ultra-sun-ultra-moon",
        "url": "https://pokeapi.co/api/v2/version-group/18/"
      }
    },
    {
      "flavor_text": "Verwurzelung f\u00fcllt jede Runde KP auf.\nAustausch und Flucht sind unm\u00f6glich.",
      "language": {
        "name": "de",
        "url": "https://pokeapi.co/api/v2/language/6/"
      },
      "version_group": {
        "name": "ultra-sun-ultra-moon",
        "url": "https://pokeapi.co/api/v2/version-group/18/"
      }
    },
    {
      "flavor_text": "Echa ra\u00edces para recuperar PS en cada turno, pero \nimpide el relevo.",
      "language": {
        "name": "es",
        "url": "https://pokeapi.co/api/v2/language/7/"
      },
      "version_group": {
        "name": "ultra-sun-ultra-moon",
        "url": "https://pokeapi.co/api/v2/version-group/18/"
      }
    },
    {
      "flavor_text": "Chi la usa mette delle radici che gli fanno\nrecuperare PS a ogni turno. Non pu\u00f2\nessere sostituito.",
      "language": {
        "name": "it",
        "url": "https://pokeapi.co/api/v2/language/8/"
      },
      "version_group": {
        "name": "ultra-sun-ultra-moon",
        "url": "https://pokeapi.co/api/v2/version-group/18/"
      }
    },
    {
      "flavor_text": "The user lays roots that restore its HP on every turn.\nBecause it\u2019s rooted, it can\u2019t switch out.",
      "language": {
        "name": "en",
        "url": "https://pokeapi.co/api/v2/language/9/"
      },
      "version_group": {
        "name": "ultra-sun-ultra-moon",
        "url": "https://pokeapi.co/api/v2/version-group/18/"
      }
    },
    {
      "flavor_text": "\u5927\u5730\u306b\u3000\u6839\u3092\u3000\u5f35\u308a\n\u6bce\u30bf\u30fc\u30f3\u3000\u81ea\u5206\u306e\u3000\uff28\uff30\u3092\u3000\u56de\u5fa9\u3059\u308b\u3002\n\u6839\u3092\u3000\u5f35\u3063\u3066\u3044\u308b\u306e\u3067\u3000\u5165\u308c\u66ff\u3048\u3089\u308c\u306a\u3044\u3002",
      "language": {
        "name": "ja",
        "url": "https://pokeapi.co/api/v2/language/11/"
      },
      "version_group": {
        "name": "ultra-sun-ultra-moon",
        "url": "https://pokeapi.co/api/v2/version-group/18/"
      }
    },
    {
      "flavor_text": "\u5728\u5927\u5730\u4e0a\u624e\u6839\uff0c\n\u6bcf\u56de\u5408\u56de\u590d\u81ea\u5df1\u7684\uff28\uff30\u3002\n\u56e0\u4e3a\u624e\u6839\u4e86\uff0c\u6240\u4ee5\u4e0d\u80fd\u66ff\u6362\u5b9d\u53ef\u68a6\u3002",
      "language": {
        "name": "zh-Hans",
        "url": "https://pokeapi.co/api/v2/language/12/"
      },
      "version_group": {
        "name": "ultra-sun-ultra-moon",
        "url": "https://pokeapi.co/api/v2/version-group/18/"
      }
    },
    {
      "flavor_text": "\u3060\u3044\u3061\u306b\u3000\u306d\u3092\u3000\u306f\u308a\u3000\u307e\u3044\u30bf\u30fc\u30f3\n\u3058\u3076\u3093\u306e\u3000\uff28\uff30\u3092\u3000\u304b\u3044\u3075\u304f\u3000\u3059\u308b\u3002\n\u306d\u3092\u3000\u306f\u3063\u3066\u3044\u308b\u306e\u3067\u3000\u3044\u308c\u304b\u3048\u3089\u308c\u306a\u3044\u3002",
      "language": {
        "name": "ja-Hrkt",
        "url": "https://pokeapi.co/api/v2/language/1/"
      },
      "version_group": {
        "name": "lets-go-pikachu-lets-go-eevee",
        "url": "https://pokeapi.co/api/v2/version-group/19/"
      }
    },
    {
      "flavor_text": "\ub300\uc9c0\uc5d0 \ubfcc\ub9ac\ub97c \ubc15\uc544\n\ub9e4 \ud134\ub9c8\ub2e4 \uc790\uc2e0\uc758 HP\ub97c \ud68c\ubcf5\ud55c\ub2e4.\n\ubfcc\ub9ac \ubc15\uace0 \uc788\uc73c\ubbc0\ub85c \uad50\uccb4\ud560 \uc218 \uc5c6\ub2e4.",
      "language": {
        "name": "ko",
        "url": "https://pokeapi.co/api/v2/language/3/"
      },
      "version_group": {
        "name": "lets-go-pikachu-lets-go-eevee",
        "url": "https://pokeapi.co/api/v2/version-group/19/"
      }
    },
    {
      "flavor_text": "\u5728\u5927\u5730\u4e0a\u624e\u6839\uff0c\n\u6bcf\u56de\u5408\u6703\u56de\u5fa9\u81ea\u5df1\u7684HP\u3002\n\u4f46\u624e\u6839\u4e4b\u5f8c\u7121\u6cd5\u9032\u884c\u66ff\u63db\u3002",
      "language": {
        "name": "zh-Hant",
        "url": "https://pokeapi.co/api/v2/language/4/"
      },
      "version_group": {
        "name": "lets-go-pikachu-lets-go-eevee",
        "url": "https://pokeapi.co/api/v2/version-group/19/"
      }
    },
    {
      "flavor_text": "Le lanceur plante ses racines et r\u00e9cup\u00e8re des PV\n\u00e0 chaque tour. Une fois enracin\u00e9, il ne peut plus fuir.",
      "language": {
        "name": "fr",
        "url": "https://pokeapi.co/api/v2/language/5/"
      },
      "version_group": {
        "name": "lets-go-pikachu-lets-go-eevee",
        "url": "https://pokeapi.co/api/v2/version-group/19/"
      }
    },
    {
      "flavor_text": "Verwurzelung f\u00fcllt jede Runde KP auf.\nAustausch und Flucht sind unm\u00f6glich.",
      "language": {
        "name": "de",
        "url": "https://pokeapi.co/api/v2/language/6/"
      },
      "version_group": {
        "name": "lets-go-pikachu-lets-go-eevee",
        "url": "https://pokeapi.co/api/v2/version-group/19/"
      }
    },
    {
      "flavor_text": "Echa ra\u00edces para recuperar PS en cada turno, pero \nimpide el relevo.",
      "language": {
        "name": "es",
        "url": "https://pokeapi.co/api/v2/language/7/"
      },
      "version_group": {
        "name": "lets-go-pikachu-lets-go-eevee",
        "url": "https://pokeapi.co/api/v2/version-group/19/"
      }
    },
    {
      "flavor_text": "Chi la usa mette delle radici che gli fanno\nrecuperare PS a ogni turno. Non pu\u00f2\nessere sostituito.",
      "language": {
        "name": "it",
        "url": "https://pokeapi.co/api/v2/language/8/"
      },
      "version_group": {
        "name": "lets-go-pikachu-lets-go-eevee",
        "url": "https://pokeapi.co/api/v2/version-group/19/"
      }
    },
    {
      "flavor_text": "The user lays roots that restore its HP on every turn.\nBecause it\u2019s rooted, it can\u2019t switch out.",
      "language": {
        "name": "en",
        "url": "https://pokeapi.co/api/v2/language/9/"
      },
      "version_group": {
        "name": "lets-go-pikachu-lets-go-eevee",
        "url": "https://pokeapi.co/api/v2/version-group/19/"
      }
    },
    {
      "flavor_text": "\u5927\u5730\u306b\u3000\u6839\u3092\u3000\u5f35\u308a\n\u6bce\u30bf\u30fc\u30f3\u3000\u81ea\u5206\u306e\u3000\uff28\uff30\u3092\u3000\u56de\u5fa9\u3059\u308b\u3002\n\u6839\u3092\u3000\u5f35\u3063\u3066\u3044\u308b\u306e\u3067\u3000\u5165\u308c\u66ff\u3048\u3089\u308c\u306a\u3044\u3002",
      "language": {
        "name": "ja",
        "url": "https://pokeapi.co/api/v2/language/11/"
      },
      "version_group": {
        "name": "lets-go-pikachu-lets-go-eevee",
        "url": "https://pokeapi.co/api/v2/version-group/19/"
      }
    },
    {
      "flavor_text": "\u5728\u5927\u5730\u4e0a\u624e\u6839\uff0c\n\u6bcf\u56de\u5408\u56de\u590d\u81ea\u5df1\u7684HP\u3002\n\u56e0\u4e3a\u624e\u6839\u4e86\uff0c\u6240\u4ee5\u4e0d\u80fd\u66ff\u6362\u5b9d\u53ef\u68a6\u3002",
      "language": {
        "name": "zh-Hans",
        "url": "https://pokeapi.co/api/v2/language/12/"
      },
      "version_group": {
        "name": "lets-go-pikachu-lets-go-eevee",
        "url": "https://pokeapi.co/api/v2/version-group/19/"
      }
    },
    {
      "flavor_text": "\u3060\u3044\u3061\u306b\u3000\u306d\u3092\u3000\u306f\u308a\u3000\u307e\u3044\u30bf\u30fc\u30f3\n\u3058\u3076\u3093\u306e\u3000\uff28\uff30\u3092\u3000\u304b\u3044\u3075\u304f\u3000\u3059\u308b\u3002\n\u306d\u3092\u3000\u306f\u3063\u3066\u3044\u308b\u306e\u3067\u3000\u3044\u308c\u304b\u3048\u3089\u308c\u306a\u3044\u3002",
      "language": {
        "name": "ja-Hrkt",
        "url": "https://pokeapi.co/api/v2/language/1/"
      },
      "version_group": {
        "name": "sword-shield",
        "url": "https://pokeapi.co/api/v2/version-group/20/"
      }
    },
    {
      "flavor_text": "\ub300\uc9c0\uc5d0 \ubfcc\ub9ac\ub97c \ubc15\uc544\n\ub9e4 \ud134\ub9c8\ub2e4 \uc790\uc2e0\uc758 HP\ub97c \ud68c\ubcf5\ud55c\ub2e4.\n\ubfcc\ub9ac \ubc15\uace0 \uc788\uc73c\ubbc0\ub85c \uad50\uccb4\ud560 \uc218 \uc5c6\ub2e4.",
      "language": {
        "name": "ko",
        "url": "https://pokeapi.co/api/v2/language/3/"
      },
      "version_group": {
        "name": "sword-shield",
        "url": "https://pokeapi.co/api/v2/version-group/20/"
      }
    },
    {
      "flavor_text": "\u5728\u5927\u5730\u4e0a\u624e\u6839\uff0c\n\u6bcf\u56de\u5408\u6703\u56de\u5fa9\u81ea\u5df1\u7684\uff28\uff30\u3002\n\u4f46\u624e\u6839\u4e4b\u5f8c\u7121\u6cd5\u9032\u884c\u66ff\u63db\u3002",
      "language": {
        "name": "zh-Hant",
        "url": "https://pokeapi.co/api/v2/language/4/"
      },
      "version_group": {
        "name": "sword-shield",
        "url": "https://pokeapi.co/api/v2/version-group/20/"
      }
    },
    {
      "flavor_text": "Le lanceur plante ses racines et r\u00e9cup\u00e8re des PV\n\u00e0 chaque tour. Une fois enracin\u00e9, il ne peut plus fuir.",
      "language": {
        "name": "fr",
        "url": "https://pokeapi.co/api/v2/language/5/"
      },
      "version_group": {
        "name": "sword-shield",
        "url": "https://pokeapi.co/api/v2/version-group/20/"
      }
    },
    {
      "flavor_text": "Verwurzelung f\u00fcllt jede Runde KP auf. Austausch und\nFlucht sind unm\u00f6glich.",
      "language": {
        "name": "de",
        "url": "https://pokeapi.co/api/v2/language/6/"
      },
      "version_group": {
        "name": "sword-shield",
        "url": "https://pokeapi.co/api/v2/version-group/20/"
      }
    },
    {
      "flavor_text": "Echa ra\u00edces para recuperar PS en cada turno, pero \nimpide el relevo.",
      "language": {
        "name": "es",
        "url": "https://pokeapi.co/api/v2/language/7/"
      },
      "version_group": {
        "name": "sword-shield",
        "url": "https://pokeapi.co/api/v2/version-group/20/"
      }
    },
    {
      "flavor_text": "Chi la usa mette delle radici che gli fanno\nrecuperare PS a ogni turno. Non pu\u00f2\nessere sostituito.",
      "language": {
        "name": "it",
        "url": "https://pokeapi.co/api/v2/language/8/"
      },
      "version_group": {
        "name": "sword-shield",
        "url": "https://pokeapi.co/api/v2/version-group/20/"
      }
    },
    {
      "flavor_text": "The user lays roots that restore its HP on every turn.\nBecause it\u2019s rooted, it can\u2019t switch out.",
      "language": {
        "name": "en",
        "url": "https://pokeapi.co/api/v2/language/9/"
      },
      "version_group": {
        "name": "sword-shield",
        "url": "https://pokeapi.co/api/v2/version-group/20/"
      }
    },
    {
      "flavor_text": "\u5927\u5730\u306b\u3000\u6839\u3092\u3000\u5f35\u308a\n\u6bce\u30bf\u30fc\u30f3\u3000\u81ea\u5206\u306e\u3000\uff28\uff30\u3092\u3000\u56de\u5fa9\u3059\u308b\u3002\n\u6839\u3092\u3000\u5f35\u3063\u3066\u3044\u308b\u306e\u3067\u3000\u5165\u308c\u66ff\u3048\u3089\u308c\u306a\u3044\u3002",
      "language": {
        "name": "ja",
        "url": "https://pokeapi.co/api/v2/language/11/"
      },
      "version_group": {
        "name": "sword-shield",
        "url": "https://pokeapi.co/api/v2/version-group/20/"
      }
    },
    {
      "flavor_text": "\u5728\u5927\u5730\u4e0a\u624e\u6839\uff0c\n\u6bcf\u56de\u5408\u56de\u590d\u81ea\u5df1\u7684\uff28\uff30\u3002\n\u56e0\u4e3a\u624e\u6839\u4e86\uff0c\u6240\u4ee5\u4e0d\u80fd\u66ff\u6362\u5b9d\u53ef\u68a6\u3002",
      "language": {
        "name": "zh-Hans",
        "url": "https://pokeapi.co/api/v2/language/12/"
      },
      "version_group": {
        "name": "sword-shield",
        "url": "https://pokeapi.co/api/v2/version-group/20/"
      }
    },
    {
      "flavor_text": "The user lays roots that restore its HP on every turn. Because it's rooted, it can't switch out.",
      "language": {
        "name": "en",
        "url": "https://pokeapi.co/api/v2/language/9/"
      },
      "version_group": {
        "name": "legends-arceus",
        "url": "https://pokeapi.co/api/v2/version-group/24/"
      }
    },
    {
      "flavor_text": "The user lays roots that restore its own HP every turn. Because the user is now rooted, it can't switch out.",
      "language": {
        "name": "en",
        "url": "https://pokeapi.co/api/v2/language/9/"
      },
      "version_group": {
        "name": "scarlet-violet",
        "url": "https://pokeapi.co/api/v2/version-group/25/"
      }
    }
  ],
  "generation": {
    "name": "generation-iii",
    "url": "https://pokeapi.co/api/v2/generation/3/"
  },
  "id": 275,
  "learned_by_pokemon": [
    {
      "name": "bulbasaur",
      "url": "https://pokeapi.co/api/v2/pokemon/1/"
    },
    {
      "name": "ivysaur",
      "url": "https://pokeapi.co/api/v2/pokemon/2/"
    },
    {
      "name": "venusaur",
      "url": "https://pokeapi.co/api/v2/pokemon/3/"
    },
    {
      "name": "oddish",
      "url": "https://pokeapi.co/api/v2/pokemon/43/"
    },
    {
      "name": "gloom",
      "url": "https://pokeapi.co/api/v2/pokemon/44/"
    },
    {
      "name": "vileplume",
      "url": "https://pokeapi.co/api/v2/pokemon/45/"
    },
    {
      "name": "bellsprout",
      "url": "https://pokeapi.co/api/v2/pokemon/69/"
    },
    {
      "name": "weepinbell",
      "url": "https://pokeapi.co/api/v2/pokemon/70/"
    },
    {
      "name": "victreebel",
      "url": "https://pokeapi.co/api/v2/pokemon/71/"
    },
    {
      "name": "exeggcute",
      "url": "https://pokeapi.co/api/v2/pokemon/102/"
    },
    {
      "name": "tangela",
      "url": "https://pokeapi.co/api/v2/pokemon/114/"
    },
    {
      "name": "chikorita",
      "url": "https://pokeapi.co/api/v2/pokemon/152/"
    },
    {
      "name": "bayleef",
      "url": "https://pokeapi.co/api/v2/pokemon/153/"
    },
    {
      "name": "meganium",
      "url": "https://pokeapi.co/api/v2/pokemon/154/"
    },
    {
      "name": "bellossom",
      "url": "https://pokeapi.co/api/v2/pokemon/182/"
    },
    {
      "name": "sunkern",
      "url": "https://pokeapi.co/api/v2/pokemon/191/"
    },
    {
      "name": "sunflora",
      "url": "https://pokeapi.co/api/v2/pokemon/192/"
    },
    {
      "name": "corsola",
      "url": "https://pokeapi.co/api/v2/pokemon/222/"
    },
    {
      "name": "roselia",
      "url": "https://pokeapi.co/api/v2/pokemon/315/"
    },
    {
      "name": "cacnea",
      "url": "https://pokeapi.co/api/v2/pokemon/331/"
    },
    {
      "name": "cacturne",
      "url": "https://pokeapi.co/api/v2/pokemon/332/"
    },
    {
      "name": "lileep",
      "url": "https://pokeapi.co/api/v2/pokemon/345/"
    },
    {
      "name": "cradily",
      "url": "https://pokeapi.co/api/v2/pokemon/346/"
    },
    {
      "name": "roserade",
      "url": "https://pokeapi.co/api/v2/pokemon/407/"
    },
    {
      "name": "carnivine",
      "url": "https://pokeapi.co/api/v2/pokemon/455/"
    },
    {
      "name": "snover",
      "url": "https://pokeapi.co/api/v2/pokemon/459/"
    },
    {
      "name": "abomasnow",
      "url": "https://pokeapi.co/api/v2/pokemon/460/"
    },
    {
      "name": "tangrowth",
      "url": "https://pokeapi.co/api/v2/pokemon/465/"
    },
    {
      "name": "petilil",
      "url": "https://pokeapi.co/api/v2/pokemon/548/"
    },
    {
      "name": "maractus",
      "url": "https://pokeapi.co/api/v2/pokemon/556/"
    },
    {
      "name": "foongus",
      "url": "https://pokeapi.co/api/v2/pokemon/590/"
    },
    {
      "name": "amoonguss",
      "url": "https://pokeapi.co/api/v2/pokemon/591/"
    },
    {
      "name": "ferroseed",
      "url": "https://pokeapi.co/api/v2/pokemon/597/"
    },
    {
      "name": "ferrothorn",
      "url": "https://pokeapi.co/api/v2/pokemon/598/"
    },
    {
      "name": "phantump",
      "url": "https://pokeapi.co/api/v2/pokemon/708/"
    },
    {
      "name": "trevenant",
      "url": "https://pokeapi.co/api/v2/pokemon/709/"
    },
    {
      "name": "xerneas",
      "url": "https://pokeapi.co/api/v2/pokemon/716/"
    },
    {
      "name": "fomantis",
      "url": "https://pokeapi.co/api/v2/pokemon/753/"
    },
    {
      "name": "lurantis",
      "url": "https://pokeapi.co/api/v2/pokemon/754/"
    },
    {
      "name": "morelull",
      "url": "https://pokeapi.co/api/v2/pokemon/755/"
    },
    {
      "name": "shiinotic",
      "url": "https://pokeapi.co/api/v2/pokemon/756/"
    },
    {
      "name": "xurkitree",
      "url": "https://pokeapi.co/api/v2/pokemon/796/"
    },
    {
      "name": "celesteela",
      "url": "https://pokeapi.co/api/v2/pokemon/797/"
    },
    {
      "name": "capsakid",
      "url": "https://pokeapi.co/api/v2/pokemon/951/"
    },
    {
      "name": "brute-bonnet",
      "url": "https://pokeapi.co/api/v2/pokemon/986/"
    },
    {
      "name": "wo-chien",
      "url": "https://pokeapi.co/api/v2/pokemon/1001/"
    },
    {
      "name": "abomasnow-mega",
      "url": "https://pokeapi.co/api/v2/pokemon/10060/"
    },
    {
      "name": "lurantis-totem",
      "url": "https://pokeapi.co/api/v2/pokemon/10128/"
    }
  ],
  "machines": [],
  "meta": {
    "ailment": {
      "name": "ingrain",
      "url": "https://pokeapi.co/api/v2/move-ailment/21/"
    },
    "ailment_chance": 0,
    "category": {
      "name": "ailment",
      "url": "https://pokeapi.co/api/v2/move-category/1/"
    },
    "crit_rate": 0,
    "drain": 0,
    "flinch_chance": 0,
    "healing": 0,
    "max_hits": null,
    "max_turns": null,
    "min_hits": null,
    "min_turns": null,
    "stat_chance": 0
  },
  "name": "ingrain",
  "names": [
    {
      "language": {
        "name": "ja-Hrkt",
        "url": "https://pokeapi.co/api/v2/language/1/"
      },
      "name": "\u306d\u3092\u306f\u308b"
    },
    {
      "language": {
        "name": "ko",
        "url": "https://pokeapi.co/api/v2/language/3/"
      },
      "name": "\ubfcc\ub9ac\ubc15\uae30"
    },
    {
      "language": {
        "name": "zh-Hant",
        "url": "https://pokeapi.co/api/v2/language/4/"
      },
      "name": "\u624e\u6839"
    },
    {
      "language": {
        "name": "fr",
        "url": "https://pokeapi.co/api/v2/language/5/"
      },
      "name": "Racines"
    },
    {
      "language": {
        "name": "de",
        "url": "https://pokeapi.co/api/v2/language/6/"
      },
      "name": "Verwurzler"
    },
    {
      "language": {
        "name": "es",
        "url": "https://pokeapi.co/api/v2/language/7/"
      },
      "name": "Arraigo"
    },
    {
      "language": {
        "name": "it",
        "url": "https://pokeapi.co/api/v2/language/8/"
      },
      "name": "Radicamento"
    },
    {
      "language": {
        "name": "en",
        "url": "https://pokeapi.co/api/v2/language/9/"
      },
      "name": "Ingrain"
    },
    {
      "language": {
        "name": "ja",
        "url": "https://pokeapi.co/api/v2/language/11/"
      },
      "name": "\u306d\u3092\u306f\u308b"
    },
    {
      "language": {
        "name": "zh-Hans",
        "url": "https://pokeapi.co/api/v2/language/12/"
      },
      "name": "\u624e\u6839"
    }
  ],
  "past_values": [],
  "power": null,
  "pp": 20,
  "priority": 0,
  "stat_changes": [],
  "super_contest_effect": {
    "url": "https://pokeapi.co/api/v2/super-contest-effect/21/"
  },
  "target": {
    "name": "user",
    "url": "https://pokeapi.co/api/v2/move-target/7/"
  },
  "type": {
    "name": "grass",
    "url": "https://pokeapi.co/api/v2/type/12/"
  }
}