{
  "accuracy": null,
  "contest_combos": null,
  "contest_effect": null,
  "contest_type": null,
  "damage_class": {
    "name": "physical",
    "url": "https://pokeapi.co/api/v2/move-damage-class/2/"
  },
  "effect_chance": null,
  "effect_changes": [],
  "effect_entries": [
    {
      "effect": "Inflicts regular damage.",
      "language": {
        "name": "en",
        "url": "https://pokeapi.co/api/v2/language/9/"
      },
      "short_effect": "Inflicts regular damage with no additional effect."
    }
  ],
  "flavor_text_entries": [
    {
      "flavor_text": "\uff3a\u30d1\u30ef\u30fc\u3067\u3000\u3053\u3046\u305d\u304f\u304b\u3044\u3066\u3093\u3092\u3000\u304a\u3053\u306a\u3044\n\u305c\u3093\u308a\u3087\u304f\u3067\u3000\u3042\u3044\u3066\u306b\u3000\u3076\u3064\u304b\u308b\u3002\n\u3082\u3068\u306b\u306a\u3063\u305f\u3000\u308f\u3056\u3067\u3000\u3044\u308a\u3087\u304f\u304c\u3000\u304b\u308f\u308b\u3002",
      "language": {
        "name": "ja-Hrkt",
        "url": "https://pokeapi.co/api/v2/language/1/"
      },
      "version_group": {
        "name": "sun-moon",
        "url": "https://pokeapi.co/api/v2/version-group/17/"
      }
    },
    {
      "flavor_text": "Z\ud30c\uc6cc\ub85c \uace0\uc18d \ud68c\uc804\uc744 \ud558\uc5ec\n\uc804\ub825\uc73c\ub85c \uc0c1\ub300\uc5d0\uac8c \ubd80\ub52a\uce5c\ub2e4.\n\uc6d0\ub798 \uae30\uc220\uc5d0 \ub530\ub77c \uc704\ub825\uc774 \ubcc0\ud55c\ub2e4.",
      "language": {
        "name": "ko",
        "url": "https://pokeapi.co/api/v2/language/3/"
      },
      "version_group": {
        "name": "sun-moon",
        "url": "https://pokeapi.co/api/v2/version-group/17/"
      }
    },
    {
      "flavor_text": "\u900f\u904e\uff3a\u529b\u91cf\u9032\u884c\u9ad8\u901f\u65cb\u8f49\uff0c\n\u5168\u529b\u649e\u64ca\u5c0d\u624b\u3002\n\u5a01\u529b\u6703\u96a8\u539f\u672c\u7684\u62db\u5f0f\u800c\u6539\u8b8a\u3002",
      "language": {
        "name": "zh-Hant",
        "url": "https://pokeapi.co/api/v2/language/4/"
      },
      "version_group": {
        "name": "sun-moon",
        "url": "https://pokeapi.co/api/v2/version-group/17/"
      }
    },
    {
      "flavor_text": "Le Pok\u00e9mon utilise la Force Z pour tourner \u00e0 toute\nvitesse et \u00e9craser l\u2019adversaire. La puissance varie\nselon celle de la capacit\u00e9 originale.",
      "language": {
        "name": "fr",
        "url": "https://pokeapi.co/api/v2/language/5/"
      },
      "version_group": {
        "name": "sun-moon",
        "url": "https://pokeapi.co/api/v2/version-group/17/"
      }
    },
    {
      "flavor_text": "Der Anwender wirbelt durch Z-Kraft sehr schnell\numher und prallt mit dem Ziel zusammen. Die St\u00e4rke\nvariiert je nach zugrunde liegender Attacke.",
      "language": {
        "name": "de",
        "url": "https://pokeapi.co/api/v2/language/6/"
      },
      "version_group": {
        "name": "sun-moon",
        "url": "https://pokeapi.co/api/v2/version-group/17/"
      }
    },
    {
      "flavor_text": "El usuario emplea el Poder Z para girar a toda\nvelocidad y perforar al objetivo. Su potencia\ndepende de la del movimiento original.",
      "language": {
        "name": "es",
        "url": "https://pokeapi.co/api/v2/language/7/"
      },
      "version_group": {
        "name": "sun-moon",
        "url": "https://pokeapi.co/api/v2/version-group/17/"
      }
    },
    {
      "flavor_text": "Grazie al Potere Z, chi la usa vortica su se stesso\ne si scaglia sul bersaglio con tutte le sue forze. La\npotenza varia a seconda della mossa su cui si basa.",
      "language": {
        "name": "it",
        "url": "https://pokeapi.co/api/v2/language/8/"
      },
      "version_group": {
        "name": "sun-moon",
        "url": "https://pokeapi.co/api/v2/version-group/17/"
      }
    },
    {
      "flavor_text": "The user spins very fast and rams into the target\nwith the full force of its Z-Power. The power varies,\ndepending on the original move.",
      "language": {
        "name": "en",
        "url": "https://pokeapi.co/api/v2/language/9/"
      },
      "version_group": {
        "name": "sun-moon",
        "url": "https://pokeapi.co/api/v2/version-group/17/"
      }
    },
    {
      "flavor_text": "\uff3a\u30d1\u30ef\u30fc\u3067\u3000\u9ad8\u901f\u56de\u8ee2\u3092\u3000\u304a\u3053\u306a\u3044\n\u5168\u529b\u3067\u3000\u76f8\u624b\u306b\u3000\u3076\u3064\u304b\u308b\u3002\n\u5143\u306b\u306a\u3063\u305f\u3000\u6280\u3067\u3000\u5a01\u529b\u304c\u3000\u5909\u308f\u308b\u3002",
      "language": {
        "name": "ja",
        "url": "https://pokeapi.co/api/v2/language/11/"
      },
      "version_group": {
        "name": "sun-moon",
        "url": "https://pokeapi.co/api/v2/version-group/17/"
      }
    },
    {
      "flavor_text": "\u901a\u8fc7\uff3a\u529b\u91cf\u8fdb\u884c\u9ad8\u901f\u65cb\u8f6c\uff0c\n\u5168\u529b\u649e\u4e0a\u5bf9\u624b\u3002\n\u5a01\u529b\u4f1a\u6839\u636e\u539f\u6765\u7684\u62db\u5f0f\u800c\u6539\u53d8\u3002",
      "language": {
        "name": "zh-Hans",
        "url": "https://pokeapi.co/api/v2/language/12/"
      },
      "version_group": {
        "name": "sun-moon",
        "url": "https://pokeapi.co/api/v2/version-group/17/"
      }
    },
    {
      "flavor_text": "\uff3a\u30d1\u30ef\u30fc\u3067\u3000\u3053\u3046\u305d\u304f\u304b\u3044\u3066\u3093\u3092\u3000\u304a\u3053\u306a\u3044\n\u305c\u3093\u308a\u3087\u304f\u3067\u3000\u3042\u3044\u3066\u306b\u3000\u3076\u3064\u304b\u308b\u3002\n\u3082\u3068\u306b\u306a\u3063\u305f\u3000\u308f\u3056\u3067\u3000\u3044\u308a\u3087\u304f\u304c\u3000\u304b\u308f\u308b\u3002",
      "language": {
        "name": "ja-Hrkt",
        "url": "https://pokeapi.co/api/v2/language/1/"
      },
      "version_group": {
        "name": "ultra-sun-ultra-moon",
        "url": "https://pokeapi.co/api/v2/version-group/18/"
      }
    },
    {
      "flavor_text": "Z\ud30c\uc6cc\ub85c \uace0\uc18d \ud68c\uc804\uc744 \ud558\uc5ec\n\uc804\ub825\uc73c\ub85c \uc0c1\ub300\uc5d0\uac8c \ubd80\ub52a\uce5c\ub2e4.\n\uc6d0\ub798 \uae30\uc220\uc5d0 \ub530\ub77c \uc704\ub825\uc774 \ubcc0\ud55c\ub2e4.",
      "language": {
        "name": "ko",
        "url": "https://pokeapi.co/api/v2/language/3/"
      },
      "version_group": {
        "name": "ultra-sun-ultra-moon",
        "url": "https://pokeapi.co/api/v2/version-group/18/"
      }
    },
    {
      "flavor_text": "\u900f\u904e\uff3a\u529b\u91cf\u9032\u884c\u9ad8\u901f\u65cb\u8f49\uff0c\n\u5168\u529b\u649e\u64ca\u5c0d\u624b\u3002\n\u5a01\u529b\u6703\u96a8\u539f\u672c\u7684\u62db\u5f0f\u800c\u6539\u8b8a\u3002",
      "language": {
        "name": "zh-Hant",
        "url": "https://pokeapi.co/api/v2/language/4/"
      },
      "version_group": {
        "name": "ultra-sun-ultra-moon",
        "url": "https://pokeapi.co/api/v2/version-group/18/"
      }
    },
    {
      "flavor_text": "Le Pok\u00e9mon utilise la Force Z pour tourner \u00e0 toute\nvitesse et \u00e9craser l\u2019adversaire. La puissance varie\nselon celle de la capacit\u00e9 originale.",
      "language": {
        "name": "fr",
        "url": "https://pokeapi.co/api/v2/language/5/"
      },
      "version_group": {
        "name": "ultra-sun-ultra-moon",
        "url": "https://pokeapi.co/api/v2/version-group/18/"
      }
    },
    {
      "flavor_text": "Der Anwender wirbelt durch Z-Kraft sehr schnell\numher und prallt mit dem Ziel zusammen. Die St\u00e4rke\nvariiert je nach zugrunde liegender Attacke.",
      "language": {
        "name": "de",
        "url": "https://pokeapi.co/api/v2/language/6/"
      },
      "version_group": {
        "name": "ultra-sun-ultra-moon",
        "url": "https://pokeapi.co/api/v2/version-group/18/"
      }
    },
    {
      "flavor_text": "El usuario emplea el Poder Z para girar a toda\nvelocidad y perforar al objetivo. Su potencia\ndepende de la del movimiento original.",
      "language": {
        "name": "es",
        "url": "https://pokeapi.co/api/v2/language/7/"
      },
      "version_group": {
        "name": "ultra-sun-ultra-moon",
        "url": "https://pokeapi.co/api/v2/version-group/18/"
      }
    },
    {
      "flavor_text": "Grazie al Potere Z, chi la usa vortica su se stesso\ne si scaglia sul bersaglio con tutte le sue forze. La\npotenza varia a seconda della mossa su cui si basa.",
      "language": {
        "name": "it",
        "url": "https://pokeapi.co/api/v2/language/8/"
      },
      "version_group": {
        "name": "ultra-sun-ultra-moon",
        "url": "https://pokeapi.co/api/v2/version-group/18/"
      }
    },
    {
      "flavor_text": "The user spins very fast and rams into the target\nwith the full force of its Z-Power. The power varies,\ndepending on the original move.",
      "language": {
        "name": "en",
        "url": "https://pokeapi.co/api/v2/language/9/"
      },
      "version_group": {
        "name": "ultra-sun-ultra-moon",
        "url": "https://pokeapi.co/api/v2/version-group/18/"
      }
    },
    {
      "flavor_text": "\uff3a\u30d1\u30ef\u30fc\u3067\u3000\u9ad8\u901f\u56de\u8ee2\u3092\u3000\u304a\u3053\u306a\u3044\n\u5168\u529b\u3067\u3000\u76f8\u624b\u306b\u3000\u3076\u3064\u304b\u308b\u3002\n\u5143\u306b\u306a\u3063\u305f\u3000\u6280\u3067\u3000\u5a01\u529b\u304c\u3000\u5909\u308f\u308b\u3002",
      "language": {
        "name": "ja",
        "url": "https://pokeapi.co/api/v2/language/11/"
      },
      "version_group": {
        "name": "ultra-sun-ultra-moon",
        "url": "https://pokeapi.co/api/v2/version-group/18/"
      }
    },
    {
      "flavor_text": "\u901a\u8fc7\uff3a\u529b\u91cf\u8fdb\u884c\u9ad8\u901f\u65cb\u8f6c\uff0c\n\u5168\u529b\u649e\u4e0a\u5bf9\u624b\u3002\n\u5a01\u529b\u4f1a\u6839\u636e\u539f\u6765\u7684\u62db\u5f0f\u800c\u6539\u53d8\u3002",
      "language": {
        "name": "zh-Hans",
        "url": "https://pokeapi.co/api/v2/language/12/"
      },
      "version_group": {
        "name": "ultra-sun-ultra-moon",
        "url": "https://pokeapi.co/api/v2/version-group/18/"
      }
    },
    {
      "flavor_text": "\uff3a\u30d1\u30ef\u30fc\u3067\u3000\u3053\u3046\u305d\u304f\u304b\u3044\u3066\u3093\u3092\u3000\u304a\u3053\u306a\u3044\n\u305c\u3093\u308a\u3087\u304f\u3067\u3000\u3042\u3044\u3066\u306b\u3000\u3076\u3064\u304b\u308b\u3002\n\u3082\u3068\u306b\u306a\u3063\u305f\u3000\u308f\u3056\u3067\u3000\u3044\u308a\u3087\u304f\u304c\u3000\u304b\u308f\u308b\u3002",
      "language": {
        "name": "ja-Hrkt",
        "url": "https://pokeapi.co/api/v2/language/1/"
      },
      "version_group": {
        "name": "lets-go-pikachu-lets-go-eevee",
        "url": "https://pokeapi.co/api/v2/version-group/19/"
      }
    },
    {
      "flavor_text": "Z\ud30c\uc6cc\ub85c \uace0\uc18d \ud68c\uc804\uc744 \ud558\uc5ec\n\uc804\ub825\uc73c\ub85c \uc0c1\ub300\uc5d0\uac8c \ubd80\ub52a\uce5c\ub2e4.\n\uc6d0\ub798 \uae30\uc220\uc5d0 \ub530\ub77c \uc704\ub825\uc774 \ubcc0\ud55c\ub2e4.",
      "language": {
        "name": "ko",
        "url": "https://pokeapi.co/api/v2/language/3/"
      },
      "version_group": {
        "name": "lets-go-pikachu-lets-go-eevee",
        "url": "https://pokeapi.co/api/v2/version-group/19/"
      }
    },
    {
      "flavor_text": "\u900f\u904e\uff3a\u529b\u91cf\u9032\u884c\u9ad8\u901f\u65cb\u8f49\uff0c\n\u5168\u529b\u649e\u64ca\u5c0d\u624b\u3002\n\u5a01\u529b\u6703\u96a8\u539f\u672c\u7684\u62db\u5f0f\u800c\u6539\u8b8a\u3002",
      "language": {
        "name": "zh-Hant",
        "url": "https://pokeapi.co/api/v2/language/4/"
      },
      "version_group": {
        "name": "lets-go-pikachu-lets-go-eevee",
        "url": "https://pokeapi.co/api/v2/version-group/19/"
      }
    },
    {
      "flavor_text": "Le Pok\u00e9mon utilise la Force Z pour tourner \u00e0 toute\nvitesse et \u00e9craser l\u2019adversaire. La puissance varie\nselon celle de la capacit\u00e9 originale.",
      "language": {
        "name": "fr",
        "url": "https://pokeapi.co/api/v2/language/5/"
      },
      "version_group": {
        "name": "lets-go-pikachu-lets-go-eevee",
        "url": "https://pokeapi.co/api/v2/version-group/19/"
      }
    },
    {
      "flavor_text": "Der Anwender wirbelt durch Z-Kraft sehr schnell\numher und prallt mit dem Ziel zusammen. Die St\u00e4rke\nvariiert je nach zugrunde liegender Attacke.",
      "language": {
        "name": "de",
        "url": "https://pokeapi.co/api/v2/language/6/"
      },
      "version_group": {
        "name": "lets-go-pikachu-lets-go-eevee",
        "url": "https://pokeapi.co/api/v2/version-group/19/"
      }
    },
    {
      "flavor_text": "El usuario emplea el Poder Z para girar a toda\nvelocidad y perforar al objetivo. Su potencia\ndepende de la del movimiento original.",
      "language": {
        "name": "es",
        "url": "https://pokeapi.co/api/v2/language/7/"
      },
      "version_group": {
        "name": "lets-go-pikachu-lets-go-eevee",
        "url": "https://pokeapi.co/api/v2/version-group/19/"
      }
    },
    {
      "flavor_text": "Grazie al Potere Z, chi la usa vortica su se stesso\ne si scaglia sul bersaglio con tutte le sue forze. La\npotenza varia a seconda della mossa su cui si basa.",
      "language": {
        "name": "it",
        "url": "https://pokeapi.co/api/v2/language/8/"
      },
      "version_group": {
        "name": "lets-go-pikachu-lets-go-eevee",
        "url": "https://pokeapi.co/api/v2/version-group/19/"
      }
    },
    {
      "flavor_text": "The user spins very fast and rams into the target\nwith the full force of its Z-Power. The power varies,\ndepending on the original move.",
      "language": {
        "name": "en",
        "url": "https://pokeapi.co/api/v2/language/9/"
      },
      "version_group": {
        "name": "lets-go-pikachu-lets-go-eevee",
        "url": "https://pokeapi.co/api/v2/version-group/19/"
      }
    },
    {
      "flavor_text": "\uff3a\u30d1\u30ef\u30fc\u3067\u3000\u9ad8\u901f\u56de\u8ee2\u3092\u3000\u304a\u3053\u306a\u3044\n\u5168\u529b\u3067\u3000\u76f8\u624b\u306b\u3000\u3076\u3064\u304b\u308b\u3002\n\u5143\u306b\u306a\u3063\u305f\u3000\u6280\u3067\u3000\u5a01\u529b\u304c\u3000\u5909\u308f\u308b\u3002",
      "language": {
        "name": "ja",
        "url": "https://pokeapi.co/api/v2/language/11/"
      },
      "version_group": {
        "name": "lets-go-pikachu-lets-go-eevee",
        "url": "https://pokeapi.co/api/v2/version-group/19/"
      }
    },
    {
      "flavor_text": "\u901a\u8fc7\uff3a\u529b\u91cf\u8fdb\u884c\u9ad8\u901f\u65cb\u8f6c\uff0c\n\u5168\u529b\u649e\u4e0a\u5bf9\u624b\u3002\n\u5a01\u529b\u4f1a\u6839\u636e\u539f\u6765\u7684\u62db\u5f0f\u800c\u6539\u53d8\u3002",
      "language": {
        "name": "zh-Hans",
        "url": "https://pokeapi.co/api/v2/language/12/"
      },
      "version_group": {
        "name": "lets-go-pikachu-lets-go-eevee",
        "url": "https://pokeapi.co/api/v2/version-group/19/"
      }
    },
    {
      "flavor_text": "\u3053\u306e\u308f\u3056\u306f\u3000\u3064\u304b\u3048\u307e\u305b\u3093\n\u304a\u3082\u3044\u3060\u3059\u3053\u3068\u304c\u3000\u3067\u304d\u306a\u304f\u306a\u308a\u307e\u3059\u304c\n\u308f\u3056\u3092\u3000\u308f\u3059\u308c\u308b\u3053\u3068\u3092\u3000\u304a\u3059\u3059\u3081\u3057\u307e\u3059",
      "language": {
        "name": "ja-Hrkt",
        "url": "https://pokeapi.co/api/v2/language/1/"
      },
      "version_group": {
        "name": "sword-shield",
        "url": "https://pokeapi.co/api/v2/version-group/20/"
      }
    },
    {
      "flavor_text": "\uc0ac\uc6a9\ud560 \uc218 \uc5c6\ub294 \uae30\uc220\uc785\ub2c8\ub2e4.\n\ub2e4\uc2dc \ubc30\uc6b0\uac8c \ud560 \uc218 \uc5c6\uc9c0\ub9cc\n\uae30\uc220\uc744 \uc78a\uac8c \ud558\ub294 \uac83\uc744 \uad8c\uc7a5\ud569\ub2c8\ub2e4.",
      "language": {
        "name": "ko",
        "url": "https://pokeapi.co/api/v2/language/3/"
      },
      "version_group": {
        "name": "sword-shield",
        "url": "https://pokeapi.co/api/v2/version-group/20/"
      }
    },
    {
      "flavor_text": "\u7121\u6cd5\u4f7f\u7528\u6b64\u62db\u5f0f\u3002\n\u96d6\u7136\u5fd8\u8a18\u5f8c\u5c07\u7121\u6cd5\u518d\u60f3\u8d77\u4f86\uff0c\n\u4f46\u9084\u662f\u5efa\u8b70\u5fd8\u8a18\u6b64\u62db\u5f0f\u3002",
      "language": {
        "name": "zh-Hant",
        "url": "https://pokeapi.co/api/v2/language/4/"
      },
      "version_group": {
        "name": "sword-shield",
        "url": "https://pokeapi.co/api/v2/version-group/20/"
      }
    },
    {
      "flavor_text": "Cette capacit\u00e9 ne peut pas \u00eatre utilis\u00e9e.\nIl est recommand\u00e9 de l\u2019oublier, m\u00eame s\u2019il sera\nimpossible de se la rem\u00e9morer une fois oubli\u00e9e.",
      "language": {
        "name": "fr",
        "url": "https://pokeapi.co/api/v2/language/5/"
      },
      "version_group": {
        "name": "sword-shield",
        "url": "https://pokeapi.co/api/v2/version-group/20/"
      }
    },
    {
      "flavor_text": "Diese Attacke kann nicht eingesetzt werden. Du solltest\ndein Pok\u00e9mon sie vergessen lassen. Beachte aber,\ndass es sich danach nicht wieder an sie erinnern kann.",
      "language": {
        "name": "de",
        "url": "https://pokeapi.co/api/v2/language/6/"
      },
      "version_group": {
        "name": "sword-shield",
        "url": "https://pokeapi.co/api/v2/version-group/20/"
      }
    },
    {
      "flavor_text": "Este movimiento no se puede usar, por lo que ser\u00eda\nmejor olvidarlo, aunque eso implique que no se pueda\nrecordar posteriormente.",
      "language": {
        "name": "es",
        "url": "https://pokeapi.co/api/v2/language/7/"
      },
      "version_group": {
        "name": "sword-shield",
        "url": "https://pokeapi.co/api/v2/version-group/20/"
      }
    },
    {
      "flavor_text": "Questa mossa non pu\u00f2 essere usata.\n\u00c8 consigliabile farla dimenticare al Pok\u00e9mon. Tuttavia,\nuna volta dimenticata, non potr\u00e0 pi\u00f9 essere ricordata.",
      "language": {
        "name": "it",
        "url": "https://pokeapi.co/api/v2/language/8/"
      },
      "version_group": {
        "name": "sword-shield",
        "url": "https://pokeapi.co/api/v2/version-group/20/"
      }
    },
    {
      "flavor_text": "This move can\u2019t be used.\nIt\u2019s recommended that this move is forgotten.\nOnce forgotten, this move can\u2019t be remembered.",
      "language": {
        "name": "en",
        "url": "https://pokeapi.co/api/v2/language/9/"
      },
      "version_group": {
        "name": "sword-shield",
        "url": "https://pokeapi.co/api/v2/version-group/20/"
      }
    },
    {
      "flavor_text": "\u3053\u306e\u6280\u306f\u3000\u4f7f\u3048\u307e\u305b\u3093\n\u601d\u3044\u51fa\u3059\u3053\u3068\u304c\u3000\u3067\u304d\u306a\u304f\u306a\u308a\u307e\u3059\u304c\n\u6280\u3092\u3000\u5fd8\u308c\u308b\u3053\u3068\u3092\u3000\u304a\u3059\u3059\u3081\u3057\u307e\u3059",
      "language": {
        "name": "ja",
        "url": "https://pokeapi.co/api/v2/language/11/"
      },
      "version_group": {
        "name": "sword-shield",
        "url": "https://pokeapi.co/api/v2/version-group/20/"
      }
    },
    {
      "flavor_text": "\u65e0\u6cd5\u4f7f\u7528\u8fd9\u4e2a\u62db\u5f0f\u3002\n\u867d\u7136\u5fd8\u8bb0\u4e4b\u540e\u5c31\u518d\u4e5f\u60f3\u4e0d\u8d77\u6765\u4e86\uff0c\n\u4f46\u8fd8\u662f\u5efa\u8bae\u5fd8\u8bb0\u8fd9\u4e2a\u62db\u5f0f\u3002",
      "language": {
        "name": "zh-Hans",
        "url": "https://pokeapi.co/api/v2/language/12/"
      },
      "version_group": {
        "name": "sword-shield",
        "url": "https://pokeapi.co/api/v2/version-group/20/"
      }
    }
  ],
  "generation": {
    "name": "generation-vii",
    "url": "https://pokeapi.co/api/v2/generation/7/"
  },
  "id": 638,
  "learned_by_pokemon": [],
  "machines": [],
  "meta": {
    "ailment": {
      "name": "none",
      "url": "https://pokeapi.co/api/v2/move-ailment/0/"
    },
    "ailment_chance": 0,
    "category": {
      "name": "damage",
      "url": "https://pokeapi.co/api/v2/move-category/0/"
    },
    "crit_rate": 0,
    "drain": 0,
    "flinch_chance": 0,
    "healing": 0,
    "max_hits": null,
    "max_turns": null,
    "min_hits": null,
    "min_turns": null,
    "stat_chance": 0
  },
  "name": "corkscrew-crash--physical",
  "names": [
    {
      "language": {
        "name": "ja-Hrkt",
        "url": "https://pokeapi.co/api/v2/language/1/"
      },
      "name": "\u3061\u3087\u3046\u305c\u3064\u3089\u305b\u3093\u308c\u3093\u3052\u304d"
    },
    {
      "language": {
        "name": "ko",
        "url": "https://pokeapi.co/api/v2/language/3/"
      },
      "name": "\ucd08\uc6d4\ub098\uc120\uc5f0\uaca9"
    },
    {
      "language": {
        "name": "zh-Hant",
        "url": "https://pokeapi.co/api/v2/language/4/"
      },
      "name": "\u8d85\u7d55\u87ba\u65cb\u9023\u64ca"
    },
    {
      "language": {
        "name": "fr",
        "url": "https://pokeapi.co/api/v2/language/5/"
      },
      "name": "Vrille Maximum"
    },
    {
      "language": {
        "name": "de",
        "url": "https://pokeapi.co/api/v2/language/6/"
      },
      "name": "Turbo-Spiralkombo"
    },
    {
      "language": {
        "name": "es",
        "url": "https://pokeapi.co/api/v2/language/7/"
      },
      "name": "H\u00e9lice Trepanadora"
    },
    {
      "language": {
        "name": "it",
        "url": "https://pokeapi.co/api/v2/language/8/"
      },
      "name": "Spirale Perforante"
    },
    {
      "language": {
        "name": "en",
        "url": "https://pokeapi.co/api/v2/language/9/"
      },
      "name": "Corkscrew Crash"
    },
    {
      "language": {
        "name": "ja",
        "url": "https://pokeapi.co/api/v2/language/11/"
      },
      "name": "\u3061\u3087\u3046\u305c\u3064\u3089\u305b\u3093\u308c\u3093\u3052\u304d"
    },
    {
      "language": {
        "name": "zh-Hans",
        "url": "https://pokeapi.co/api/v2/language/12/"
      },
      "name": "\u8d85\u7edd\u87ba\u65cb\u8fde\u51fb"
    }
  ],
  "past_values": [],
  "power": null,
  "pp": 1,
  "priority": 0,
  "stat_changes": [],
  "super_contest_effect": null,
  "target": {
    "name": "selected-pokemon",
    "url": "https://pokeapi.co/api/v2/move-target/10/"
  },
  "type": {
    "name": "steel",
    "url": "https://pokeapi.co/api/v2/type/9/"
  }
}