{
  "accuracy": 100,
  "contest_combos": null,
  "contest_effect": null,
  "contest_type": null,
  "damage_class": {
    "name": "special",
    "url": "https://pokeapi.co/api/v2/move-damage-class/3/"
  },
  "effect_chance": null,
  "effect_changes": [],
  "effect_entries": [
    {
      "effect": "Inflicts regular damage.",
      "language": {
        "name": "en",
        "url": "https://pokeapi.co/api/v2/language/9/"
      },
      "short_effect": "Inflicts regular damage with no additional effect."
    }
  ],
  "flavor_text_entries": [
    {
      "flavor_text": "\u3058\u3081\u3093\u304b\u3089\u3000\u305f\u3061\u306e\u307c\u308b\u3000\u3067\u3093\u3052\u304d\u3067\u3000\u3053\u3046\u3052\u304d\u3002\n\u3042\u3044\u3066\u304c\u3000\u30a8\u30ec\u30ad\u30d5\u30a3\u30fc\u30eb\u30c9\u306b\u3000\u3044\u308b\u3068\u304d\n\u308f\u3056\u306e\u3000\u3044\u308a\u3087\u304f\u304c\u3000\uff12\u3070\u3044\u306b\u3000\u306a\u308b\u3002",
      "language": {
        "name": "ja-Hrkt",
        "url": "https://pokeapi.co/api/v2/language/1/"
      },
      "version_group": {
        "name": "sword-shield",
        "url": "https://pokeapi.co/api/v2/version-group/20/"
      }
    },
    {
      "flavor_text": "\uc9c0\uba74\uc5d0\uc11c \uc62c\ub77c\uc624\ub294 \uc804\uaca9\uc73c\ub85c \uacf5\uaca9\ud55c\ub2e4.\n\uc0c1\ub300\uac00 \uc77c\ub809\ud2b8\ub9ad\ud544\ub4dc \uc704\uc5d0 \uc788\uc744 \ub54c\n\uae30\uc220\uc758 \uc704\ub825\uc774 2\ubc30\uac00 \ub41c\ub2e4.",
      "language": {
        "name": "ko",
        "url": "https://pokeapi.co/api/v2/language/3/"
      },
      "version_group": {
        "name": "sword-shield",
        "url": "https://pokeapi.co/api/v2/version-group/20/"
      }
    },
    {
      "flavor_text": "\u7528\u5f9e\u5730\u9762\u5347\u9a30\u7684\u96fb\u64ca\u653b\u64ca\u3002\n\u7576\u5c0d\u624b\u5728\u96fb\u6c23\u5834\u5730\u6642\uff0c\n\u62db\u5f0f\u5a01\u529b\u6703\u8b8a\u6210\uff12\u500d\u3002",
      "language": {
        "name": "zh-Hant",
        "url": "https://pokeapi.co/api/v2/language/4/"
      },
      "version_group": {
        "name": "sword-shield",
        "url": "https://pokeapi.co/api/v2/version-group/20/"
      }
    },
    {
      "flavor_text": "Des \u00e9clairs surgissent du sol et frappent l\u2019ennemi.\nLa puissance de cette attaque est doubl\u00e9e si la cible\nest sur un Champ \u00c9lectrifi\u00e9.",
      "language": {
        "name": "fr",
        "url": "https://pokeapi.co/api/v2/language/5/"
      },
      "version_group": {
        "name": "sword-shield",
        "url": "https://pokeapi.co/api/v2/version-group/20/"
      }
    },
    {
      "flavor_text": "Der Anwender greift mit aus dem Boden aufsteigender\nElektrizit\u00e4t an. Die St\u00e4rke der Attacke wird verdoppelt,\nwenn beim Gegner ein Elektrofeld aktiv ist.",
      "language": {
        "name": "de",
        "url": "https://pokeapi.co/api/v2/language/6/"
      },
      "version_group": {
        "name": "sword-shield",
        "url": "https://pokeapi.co/api/v2/version-group/20/"
      }
    },
    {
      "flavor_text": "Ataca con una descarga el\u00e9ctrica que surge del terreno\nde combate. La potencia del movimiento se duplica si\nel rival se ve afectado por un campo el\u00e9ctrico.",
      "language": {
        "name": "es",
        "url": "https://pokeapi.co/api/v2/language/7/"
      },
      "version_group": {
        "name": "sword-shield",
        "url": "https://pokeapi.co/api/v2/version-group/20/"
      }
    },
    {
      "flavor_text": "Chi la usa attacca con dell\u2019elettricit\u00e0 che si alza\ndal suolo. La potenza della mossa raddoppia quando\nl\u2019avversario si trova in un Campo Elettrico.",
      "language": {
        "name": "it",
        "url": "https://pokeapi.co/api/v2/language/8/"
      },
      "version_group": {
        "name": "sword-shield",
        "url": "https://pokeapi.co/api/v2/version-group/20/"
      }
    },
    {
      "flavor_text": "The user attacks with electric voltage rising from\nthe ground. This move\u2019s power doubles when the target\nis on Electric Terrain.",
      "language": {
        "name": "en",
        "url": "https://pokeapi.co/api/v2/language/9/"
      },
      "version_group": {
        "name": "sword-shield",
        "url": "https://pokeapi.co/api/v2/version-group/20/"
      }
    },
    {
      "flavor_text": "\u5730\u9762\u304b\u3089\u3000\u7acb\u3061\u306e\u307c\u308b\u3000\u96fb\u6483\u3067\u3000\u653b\u6483\u3002\n\u76f8\u624b\u304c\u3000\u30a8\u30ec\u30ad\u30d5\u30a3\u30fc\u30eb\u30c9\u306b\u3000\u3044\u308b\u6642\n\u6280\u306e\u3000\u5a01\u529b\u304c\u3000\uff12\u500d\u306b\u3000\u306a\u308b\u3002",
      "language": {
        "name": "ja",
        "url": "https://pokeapi.co/api/v2/language/11/"
      },
      "version_group": {
        "name": "sword-shield",
        "url": "https://pokeapi.co/api/v2/version-group/20/"
      }
    },
    {
      "flavor_text": "\u7528\u4ece\u5730\u9762\u5347\u817e\u800c\u8d77\u7684\u7535\u51fb\u8fdb\u884c\u653b\u51fb\u3002\n\u5f53\u5bf9\u624b\u5904\u4e8e\u7535\u6c14\u573a\u5730\u4e0a\u65f6\uff0c\n\u62db\u5f0f\u5a01\u529b\u4f1a\u53d8\u6210\uff12\u500d\u3002",
      "language": {
        "name": "zh-Hans",
        "url": "https://pokeapi.co/api/v2/language/12/"
      },
      "version_group": {
        "name": "sword-shield",
        "url": "https://pokeapi.co/api/v2/version-group/20/"
      }
    },
    {
      "flavor_text": "The user attacks with electric voltage rising from the ground. This move's power doubles when the target is on Electric Terrain.",
      "language": {
        "name": "en",
        "url": "https://pokeapi.co/api/v2/language/9/"
      },
      "version_group": {
        "name": "legends-arceus",
        "url": "https://pokeapi.co/api/v2/version-group/24/"
      }
    },
    {
      "flavor_text": "The user attacks with electricity rising from the ground. This move's power is doubled if the target is on Electric Terrain.",
      "language": {
        "name": "en",
        "url": "https://pokeapi.co/api/v2/language/9/"
      },
      "version_group": {
        "name": "scarlet-violet",
        "url": "https://pokeapi.co/api/v2/version-group/25/"
      }
    }
  ],
  "generation": {
    "name": "generation-viii",
    "url": "https://pokeapi.co/api/v2/generation/8/"
  },
  "id": 804,
  "learned_by_pokemon": [
    {
      "name": "pikachu",
      "url": "https://pokeapi.co/api/v2/pokemon/25/"
    },
    {
      "name": "raichu",
      "url": "https://pokeapi.co/api/v2/pokemon/26/"
    },
    {
      "name": "magnemite",
      "url": "https://pokeapi.co/api/v2/pokemon/81/"
    },
    {
      "name": "magneton",
      "url": "https://pokeapi.co/api/v2/pokemon/82/"
    },
    {
      "name": "electabuzz",
      "url": "https://pokeapi.co/api/v2/pokemon/125/"
    },
    {
      "name": "jolteon",
      "url": "https://pokeapi.co/api/v2/pokemon/135/"
    },
    {
      "name": "zapdos",
      "url": "https://pokeapi.co/api/v2/pokemon/145/"
    },
    {
      "name": "mew",
      "url": "https://pokeapi.co/api/v2/pokemon/151/"
    },
    {
      "name": "chinchou",
      "url": "https://pokeapi.co/api/v2/pokemon/170/"
    },
    {
      "name": "lanturn",
      "url": "https://pokeapi.co/api/v2/pokemon/171/"
    },
    {
      "name": "raikou",
      "url": "https://pokeapi.co/api/v2/pokemon/243/"
    },
    {
      "name": "electrike",
      "url": "https://pokeapi.co/api/v2/pokemon/309/"
    },
    {
      "name": "manectric",
      "url": "https://pokeapi.co/api/v2/pokemon/310/"
    },
    {
      "name": "shinx",
      "url": "https://pokeapi.co/api/v2/pokemon/403/"
    },
    {
      "name": "luxio",
      "url": "https://pokeapi.co/api/v2/pokemon/404/"
    },
    {
      "name": "luxray",
      "url": "https://pokeapi.co/api/v2/pokemon/405/"
    },
    {
      "name": "magnezone",
      "url": "https://pokeapi.co/api/v2/pokemon/462/"
    },
    {
      "name": "electivire",
      "url": "https://pokeapi.co/api/v2/pokemon/466/"
    },
    {
      "name": "rotom",
      "url": "https://pokeapi.co/api/v2/pokemon/479/"
    },
    {
      "name": "emolga",
      "url": "https://pokeapi.co/api/v2/pokemon/587/"
    },
    {
      "name": "joltik",
      "url": "https://pokeapi.co/api/v2/pokemon/595/"
    },
    {
      "name": "galvantula",
      "url": "https://pokeapi.co/api/v2/pokemon/596/"
    },
    {
      "name": "klink",
      "url": "https://pokeapi.co/api/v2/pokemon/599/"
    },
    {
      "name": "klang",
      "url": "https://pokeapi.co/api/v2/pokemon/600/"
    },
    {
      "name": "klinklang",
      "url": "https://pokeapi.co/api/v2/pokemon/601/"
    },
    {
      "name": "thundurus-incarnate",
      "url": "https://pokeapi.co/api/v2/pokemon/642/"
    },
    {
      "name": "zekrom",
      "url": "https://pokeapi.co/api/v2/pokemon/644/"
    },
    {
      "name": "helioptile",
      "url": "https://pokeapi.co/api/v2/pokemon/694/"
    },
    {
      "name": "heliolisk",
      "url": "https://pokeapi.co/api/v2/pokemon/695/"
    },
    {
      "name": "dedenne",
      "url": "https://pokeapi.co/api/v2/pokemon/702/"
    },
    {
      "name": "grubbin",
      "url": "https://pokeapi.co/api/v2/pokemon/736/"
    },
    {
      "name": "charjabug",
      "url": "https://pokeapi.co/api/v2/pokemon/737/"
    },
    {
      "name": "vikavolt",
      "url": "https://pokeapi.co/api/v2/pokemon/738/"
    },
    {
      "name": "togedemaru",
      "url": "https://pokeapi.co/api/v2/pokemon/777/"
    },
    {
      "name": "xurkitree",
      "url": "https://pokeapi.co/api/v2/pokemon/796/"
    },
    {
      "name": "zeraora",
      "url": "https://pokeapi.co/api/v2/pokemon/807/"
    },
    {
      "name": "yamper",
      "url": "https://pokeapi.co/api/v2/pokemon/835/"
    },
    {
      "name": "boltund",
      "url": "https://pokeapi.co/api/v2/pokemon/836/"
    },
    {
      "name": "toxtricity-amped",
      "url": "https://pokeapi.co/api/v2/pokemon/849/"
    },
    {
      "name": "pincurchin",
      "url": "https://pokeapi.co/api/v2/pokemon/871/"
    },
    {
      "name": "morpeko-full-belly",
      "url": "https://pokeapi.co/api/v2/pokemon/877/"
    },
    {
      "name": "dracozolt",
      "url": "https://pokeapi.co/api/v2/pokemon/880/"
    },
    {
      "name": "arctozolt",
      "url": "https://pokeapi.co/api/v2/pokemon/881/"
    },
    {
      "name": "regieleki",
      "url": "https://pokeapi.co/api/v2/pokemon/894/"
    },
    {
      "name": "raging-bolt",
      "url": "https://pokeapi.co/api/v2/pokemon/1021/"
    },
    {
      "name": "rotom-heat",
      "url": "https://pokeapi.co/api/v2/pokemon/10008/"
    },
    {
      "name": "rotom-wash",
      "url": "https://pokeapi.co/api/v2/pokemon/10009/"
    },
    {
      "name": "rotom-frost",
      "url": "https://pokeapi.co/api/v2/pokemon/10010/"
    },
    {
      "name": "rotom-fan",
      "url": "https://pokeapi.co/api/v2/pokemon/10011/"
    },
    {
      "name": "rotom-mow",
      "url": "https://pokeapi.co/api/v2/pokemon/10012/"
    },
    {
      "name": "thundurus-therian",
      "url": "https://pokeapi.co/api/v2/pokemon/10020/"
    },
    {
      "name": "pikachu-original-cap",
      "url": "https://pokeapi.co/api/v2/pokemon/10094/"
    },
    {
      "name": "pikachu-hoenn-cap",
      "url": "https://pokeapi.co/api/v2/pokemon/10095/"
    },
    {
      "name": "pikachu-sinnoh-cap",
      "url": "https://pokeapi.co/api/v2/pokemon/10096/"
    },
    {
      "name": "pikachu-unova-cap",
      "url": "https://pokeapi.co/api/v2/pokemon/10097/"
    },
    {
      "name": "pikachu-kalos-cap",
      "url": "https://pokeapi.co/api/v2/pokemon/10098/"
    },
    {
      "name": "pikachu-alola-cap",
      "url": "https://pokeapi.co/api/v2/pokemon/10099/"
    },
    {
      "name": "raichu-alola",
      "url": "https://pokeapi.co/api/v2/pokemon/10100/"
    },
    {
      "name": "pikachu-partner-cap",
      "url": "https://pokeapi.co/api/v2/pokemon/10148/"
    },
    {
      "name": "pikachu-world-cap",
      "url": "https://pokeapi.co/api/v2/pokemon/10160/"
    },
    {
      "name": "toxtricity-low-key",
      "url": "https://pokeapi.co/api/v2/pokemon/10184/"
    },
    {
      "name": "morpeko-hangry",
      "url": "https://pokeapi.co/api/v2/pokemon/10187/"
    }
  ],
  "machines": [],
  "meta": {
    "ailment": {
      "name": "none",
      "url": "https://pokeapi.co/api/v2/move-ailment/0/"
    },
    "ailment_chance": 0,
    "category": {
      "name": "damage",
      "url": "https://pokeapi.co/api/v2/move-category/0/"
    },
    "crit_rate": 0,
    "drain": 0,
    "flinch_chance": 0,
    "healing": 0,
    "max_hits": null,
    "max_turns": null,
    "min_hits": null,
    "min_turns": null,
    "stat_chance": 0
  },
  "name": "rising-voltage",
  "names": [
    {
      "language": {
        "name": "ja-Hrkt",
        "url": "https://pokeapi.co/api/v2/language/1/"
      },
      "name": "\u30e9\u30a4\u30b8\u30f3\u30b0\u30dc\u30eb\u30c8"
    },
    {
      "language": {
        "name": "ko",
        "url": "https://pokeapi.co/api/v2/language/3/"
      },
      "name": "\ub77c\uc774\uc9d5\ubcfc\ud2b8"
    },
    {
      "language": {
        "name": "zh-Hant",
        "url": "https://pokeapi.co/api/v2/language/4/"
      },
      "name": "\u96fb\u529b\u4e0a\u5347"
    },
    {
      "language": {
        "name": "fr",
        "url": "https://pokeapi.co/api/v2/language/5/"
      },
      "name": "Monte-Tension"
    },
    {
      "language": {
        "name": "de",
        "url": "https://pokeapi.co/api/v2/language/6/"
      },
      "name": "Hochspannung"
    },
    {
      "language": {
        "name": "es",
        "url": "https://pokeapi.co/api/v2/language/7/"
      },
      "name": "Alto Voltaje"
    },
    {
      "language": {
        "name": "it",
        "url": "https://pokeapi.co/api/v2/language/8/"
      },
      "name": "Elettroimpennata"
    },
    {
      "language": {
        "name": "en",
        "url": "https://pokeapi.co/api/v2/language/9/"
      },
      "name": "Rising Voltage"
    },
    {
      "language": {
        "name": "ja",
        "url": "https://pokeapi.co/api/v2/language/11/"
      },
      "name": "\u30e9\u30a4\u30b8\u30f3\u30b0\u30dc\u30eb\u30c8"
    },
    {
      "language": {
        "name": "zh-Hans",
        "url": "https://pokeapi.co/api/v2/language/12/"
      },
      "name": "\u7535\u529b\u4e0a\u5347"
    }
  ],
  "past_values": [],
  "power": 70,
  "pp": 20,
  "priority": 0,
  "stat_changes": [],
  "super_contest_effect": null,
  "target": {
    "name": "selected-pokemon",
    "url": "https://pokeapi.co/api/v2/move-target/10/"
  },
  "type": {
    "name": "electric",
    "url": "https://pokeapi.co/api/v2/type/13/"
  }
}