{
  "accuracy": 100,
  "contest_combos": {
    "normal": {
      "use_after": [
        {
          "name": "sandstorm",
          "url": "https://pokeapi.co/api/v2/move/201/"
        },
        {
          "name": "rain-dance",
          "url": "https://pokeapi.co/api/v2/move/240/"
        },
        {
          "name": "sunny-day",
          "url": "https://pokeapi.co/api/v2/move/241/"
        },
        {
          "name": "hail",
          "url": "https://pokeapi.co/api/v2/move/258/"
        }
      ],
      "use_before": null
    },
    "super": {
      "use_after": null,
      "use_before": null
    }
  },
  "contest_effect": {
    "url": "https://pokeapi.co/api/v2/contest-effect/1/"
  },
  "contest_type": {
    "name": "smart",
    "url": "https://pokeapi.co/api/v2/contest-type/4/"
  },
  "damage_class": {
    "name": "special",
    "url": "https://pokeapi.co/api/v2/move-damage-class/3/"
  },
  "effect_chance": null,
  "effect_changes": [],
  "effect_entries": [
    {
      "effect": "Inflicts regular damage.  If a weather move is active, this move has double power, and its type becomes the type of the weather move.  shadow sky is typeless for the purposes of this move.",
      "language": {
        "name": "en",
        "url": "https://pokeapi.co/api/v2/language/9/"
      },
      "short_effect": "If there be weather, this move has doubled power and the weather\u2019s type."
    }
  ],
  "flavor_text_entries": [
    {
      "flavor_text": "\uc0ac\uc6a9\ud588\uc744 \ub54c\uc758 \ub0a0\uc528\uc5d0 \ub530\ub77c\uc11c\n\uae30\uc220 \ud0c0\uc785\uacfc \uc704\ub825\uc774 \ubc14\ub010\ub2e4.",
      "language": {
        "name": "ko",
        "url": "https://pokeapi.co/api/v2/language/3/"
      },
      "version_group": {
        "name": "sun-moon",
        "url": "https://pokeapi.co/api/v2/version-group/17/"
      }
    },
    {
      "flavor_text": "\u62db\u5f0f\u5c6c\u6027\u548c\u5a01\u529b\u6703\u96a8\u8457\n\u4f7f\u7528\u6642\u5929\u6c23\u7684\u4e0d\u540c\u800c\u6539\u8b8a\u3002",
      "language": {
        "name": "zh-Hant",
        "url": "https://pokeapi.co/api/v2/language/4/"
      },
      "version_group": {
        "name": "sun-moon",
        "url": "https://pokeapi.co/api/v2/version-group/17/"
      }
    },
    {
      "flavor_text": "Une attaque dont la puissance et le type varient\nen fonction du temps qu\u2019il fait.",
      "language": {
        "name": "fr",
        "url": "https://pokeapi.co/api/v2/language/5/"
      },
      "version_group": {
        "name": "sun-moon",
        "url": "https://pokeapi.co/api/v2/version-group/17/"
      }
    },
    {
      "flavor_text": "The move\u2019s type and power\nchange with the weather.",
      "language": {
        "name": "en",
        "url": "https://pokeapi.co/api/v2/language/9/"
      },
      "version_group": {
        "name": "ruby-sapphire",
        "url": "https://pokeapi.co/api/v2/version-group/5/"
      }
    },
    {
      "flavor_text": "The move\u2019s type and power\nchange with the weather.",
      "language": {
        "name": "en",
        "url": "https://pokeapi.co/api/v2/language/9/"
      },
      "version_group": {
        "name": "emerald",
        "url": "https://pokeapi.co/api/v2/version-group/6/"
      }
    },
    {
      "flavor_text": "An attack that\nvaries in power and\ntype depending on\nthe weather.",
      "language": {
        "name": "en",
        "url": "https://pokeapi.co/api/v2/language/9/"
      },
      "version_group": {
        "name": "firered-leafgreen",
        "url": "https://pokeapi.co/api/v2/version-group/7/"
      }
    },
    {
      "flavor_text": "An attack move that\nvaries in power and\ntype depending on\nthe weather.\n",
      "language": {
        "name": "en",
        "url": "https://pokeapi.co/api/v2/language/9/"
      },
      "version_group": {
        "name": "diamond-pearl",
        "url": "https://pokeapi.co/api/v2/version-group/8/"
      }
    },
    {
      "flavor_text": "An attack move that\nvaries in power and\ntype depending on\nthe weather.\n",
      "language": {
        "name": "en",
        "url": "https://pokeapi.co/api/v2/language/9/"
      },
      "version_group": {
        "name": "platinum",
        "url": "https://pokeapi.co/api/v2/version-group/9/"
      }
    },
    {
      "flavor_text": "An attack move that\nvaries in power and\ntype depending on\nthe weather.\n",
      "language": {
        "name": "en",
        "url": "https://pokeapi.co/api/v2/language/9/"
      },
      "version_group": {
        "name": "heartgold-soulsilver",
        "url": "https://pokeapi.co/api/v2/version-group/10/"
      }
    },
    {
      "flavor_text": "Une attaque dont la puissance et le type\nvarient en fonction du temps qu\u2019il fait.",
      "language": {
        "name": "fr",
        "url": "https://pokeapi.co/api/v2/language/5/"
      },
      "version_group": {
        "name": "black-white",
        "url": "https://pokeapi.co/api/v2/version-group/11/"
      }
    },
    {
      "flavor_text": "An attack move that varies in power and\ntype depending on the weather.",
      "language": {
        "name": "en",
        "url": "https://pokeapi.co/api/v2/language/9/"
      },
      "version_group": {
        "name": "black-white",
        "url": "https://pokeapi.co/api/v2/version-group/11/"
      }
    },
    {
      "flavor_text": "An attack move that varies in power and\ntype depending on the weather.",
      "language": {
        "name": "en",
        "url": "https://pokeapi.co/api/v2/language/9/"
      },
      "version_group": {
        "name": "black-2-white-2",
        "url": "https://pokeapi.co/api/v2/version-group/14/"
      }
    },
    {
      "flavor_text": "\u3064\u304b\u3063\u305f\u3000\u3068\u304d\u306e\u3000\u3066\u3093\u304d\u306b\u3000\u3088\u3063\u3066\n\u308f\u3056\u306e\u3000\u30bf\u30a4\u30d7\u3068\u3000\u3044\u308a\u3087\u304f\u304c\u3000\u304b\u308f\u308b\u3002\n",
      "language": {
        "name": "ja-Hrkt",
        "url": "https://pokeapi.co/api/v2/language/1/"
      },
      "version_group": {
        "name": "x-y",
        "url": "https://pokeapi.co/api/v2/version-group/15/"
      }
    },
    {
      "flavor_text": "\uc0ac\uc6a9\ud588\uc744 \ub54c\uc758 \ub0a0\uc528\uc5d0 \ub530\ub77c\uc11c\n\uae30\uc220 \ud0c0\uc785\uacfc \uc704\ub825\uc774 \ubc14\ub010\ub2e4.",
      "language": {
        "name": "ko",
        "url": "https://pokeapi.co/api/v2/language/3/"
      },
      "version_group": {
        "name": "x-y",
        "url": "https://pokeapi.co/api/v2/version-group/15/"
      }
    },
    {
      "flavor_text": "Une attaque dont la puissance et le type varient\nen fonction du temps qu\u2019il fait.",
      "language": {
        "name": "fr",
        "url": "https://pokeapi.co/api/v2/language/5/"
      },
      "version_group": {
        "name": "x-y",
        "url": "https://pokeapi.co/api/v2/version-group/15/"
      }
    },
    {
      "flavor_text": "Typ und St\u00e4rke der Attacke sind vom Wetter\nzum Zeitpunkt der Anwendung abh\u00e4ngig.",
      "language": {
        "name": "de",
        "url": "https://pokeapi.co/api/v2/language/6/"
      },
      "version_group": {
        "name": "x-y",
        "url": "https://pokeapi.co/api/v2/version-group/15/"
      }
    },
    {
      "flavor_text": "El tipo y fuerza del ataque var\u00edan seg\u00fan el tiempo\nque haga.",
      "language": {
        "name": "es",
        "url": "https://pokeapi.co/api/v2/language/7/"
      },
      "version_group": {
        "name": "x-y",
        "url": "https://pokeapi.co/api/v2/version-group/15/"
      }
    },
    {
      "flavor_text": "Mossa d\u2019attacco che varia tipo e forza in base\nalle condizioni atmosferiche.",
      "language": {
        "name": "it",
        "url": "https://pokeapi.co/api/v2/language/8/"
      },
      "version_group": {
        "name": "x-y",
        "url": "https://pokeapi.co/api/v2/version-group/15/"
      }
    },
    {
      "flavor_text": "An attack move that varies in power and\ntype depending on the weather.",
      "language": {
        "name": "en",
        "url": "https://pokeapi.co/api/v2/language/9/"
      },
      "version_group": {
        "name": "x-y",
        "url": "https://pokeapi.co/api/v2/version-group/15/"
      }
    },
    {
      "flavor_text": "\u4f7f\u3063\u305f\u3068\u304d\u306e\u3000\u5929\u6c17\u306b\u3000\u3088\u3063\u3066\n\u6280\u306e\u3000\u30bf\u30a4\u30d7\u3068\u3000\u5a01\u529b\u304c\u3000\u5909\u308f\u308b\u3002\n",
      "language": {
        "name": "ja",
        "url": "https://pokeapi.co/api/v2/language/11/"
      },
      "version_group": {
        "name": "x-y",
        "url": "https://pokeapi.co/api/v2/version-group/15/"
      }
    },
    {
      "flavor_text": "\u3064\u304b\u3063\u305f\u3000\u3068\u304d\u306e\u3000\u3066\u3093\u304d\u306b\u3000\u3088\u3063\u3066\n\u308f\u3056\u306e\u3000\u30bf\u30a4\u30d7\u3068\u3000\u3044\u308a\u3087\u304f\u304c\u3000\u304b\u308f\u308b\u3002\n",
      "language": {
        "name": "ja-Hrkt",
        "url": "https://pokeapi.co/api/v2/language/1/"
      },
      "version_group": {
        "name": "omega-ruby-alpha-sapphire",
        "url": "https://pokeapi.co/api/v2/version-group/16/"
      }
    },
    {
      "flavor_text": "\uc0ac\uc6a9\ud588\uc744 \ub54c\uc758 \ub0a0\uc528\uc5d0 \ub530\ub77c\uc11c\n\uae30\uc220 \ud0c0\uc785\uacfc \uc704\ub825\uc774 \ubc14\ub010\ub2e4.",
      "language": {
        "name": "ko",
        "url": "https://pokeapi.co/api/v2/language/3/"
      },
      "version_group": {
        "name": "omega-ruby-alpha-sapphire",
        "url": "https://pokeapi.co/api/v2/version-group/16/"
      }
    },
    {
      "flavor_text": "Une attaque dont la puissance et le type varient\nen fonction du temps qu\u2019il fait.",
      "language": {
        "name": "fr",
        "url": "https://pokeapi.co/api/v2/language/5/"
      },
      "version_group": {
        "name": "omega-ruby-alpha-sapphire",
        "url": "https://pokeapi.co/api/v2/version-group/16/"
      }
    },
    {
      "flavor_text": "Typ und St\u00e4rke der Attacke sind vom Wetter\nzum Zeitpunkt der Anwendung abh\u00e4ngig.",
      "language": {
        "name": "de",
        "url": "https://pokeapi.co/api/v2/language/6/"
      },
      "version_group": {
        "name": "omega-ruby-alpha-sapphire",
        "url": "https://pokeapi.co/api/v2/version-group/16/"
      }
    },
    {
      "flavor_text": "El tipo y fuerza del ataque var\u00edan seg\u00fan el tiempo \nque haga.",
      "language": {
        "name": "es",
        "url": "https://pokeapi.co/api/v2/language/7/"
      },
      "version_group": {
        "name": "omega-ruby-alpha-sapphire",
        "url": "https://pokeapi.co/api/v2/version-group/16/"
      }
    },
    {
      "flavor_text": "Mossa d\u2019attacco il cui tipo e la cui potenza variano \nin base alle condizioni atmosferiche.",
      "language": {
        "name": "it",
        "url": "https://pokeapi.co/api/v2/language/8/"
      },
      "version_group": {
        "name": "omega-ruby-alpha-sapphire",
        "url": "https://pokeapi.co/api/v2/version-group/16/"
      }
    },
    {
      "flavor_text": "An attack move that varies in power and\ntype depending on the weather.",
      "language": {
        "name": "en",
        "url": "https://pokeapi.co/api/v2/language/9/"
      },
      "version_group": {
        "name": "omega-ruby-alpha-sapphire",
        "url": "https://pokeapi.co/api/v2/version-group/16/"
      }
    },
    {
      "flavor_text": "\u4f7f\u3063\u305f\u3068\u304d\u306e\u3000\u5929\u6c17\u306b\u3000\u3088\u3063\u3066\n\u6280\u306e\u3000\u30bf\u30a4\u30d7\u3068\u3000\u5a01\u529b\u304c\u3000\u5909\u308f\u308b\u3002\n",
      "language": {
        "name": "ja",
        "url": "https://pokeapi.co/api/v2/language/11/"
      },
      "version_group": {
        "name": "omega-ruby-alpha-sapphire",
        "url": "https://pokeapi.co/api/v2/version-group/16/"
      }
    },
    {
      "flavor_text": "\u3064\u304b\u3063\u305f\u3000\u3068\u304d\u306e\u3000\u3066\u3093\u304d\u306b\u3000\u3088\u3063\u3066\n\u308f\u3056\u306e\u3000\u30bf\u30a4\u30d7\u3068\u3000\u3044\u308a\u3087\u304f\u304c\u3000\u304b\u308f\u308b\u3002",
      "language": {
        "name": "ja-Hrkt",
        "url": "https://pokeapi.co/api/v2/language/1/"
      },
      "version_group": {
        "name": "sun-moon",
        "url": "https://pokeapi.co/api/v2/version-group/17/"
      }
    },
    {
      "flavor_text": "Typ und St\u00e4rke der Attacke sind vom Wetter zum\nZeitpunkt der Anwendung abh\u00e4ngig.",
      "language": {
        "name": "de",
        "url": "https://pokeapi.co/api/v2/language/6/"
      },
      "version_group": {
        "name": "sun-moon",
        "url": "https://pokeapi.co/api/v2/version-group/17/"
      }
    },
    {
      "flavor_text": "El tipo y fuerza del ataque var\u00edan seg\u00fan el tiempo \nque haga.",
      "language": {
        "name": "es",
        "url": "https://pokeapi.co/api/v2/language/7/"
      },
      "version_group": {
        "name": "sun-moon",
        "url": "https://pokeapi.co/api/v2/version-group/17/"
      }
    },
    {
      "flavor_text": "Mossa d\u2019attacco il cui tipo e la cui potenza variano\nin base alle condizioni atmosferiche.",
      "language": {
        "name": "it",
        "url": "https://pokeapi.co/api/v2/language/8/"
      },
      "version_group": {
        "name": "sun-moon",
        "url": "https://pokeapi.co/api/v2/version-group/17/"
      }
    },
    {
      "flavor_text": "This attack move varies in power and type\ndepending on the weather.",
      "language": {
        "name": "en",
        "url": "https://pokeapi.co/api/v2/language/9/"
      },
      "version_group": {
        "name": "sun-moon",
        "url": "https://pokeapi.co/api/v2/version-group/17/"
      }
    },
    {
      "flavor_text": "\u4f7f\u3063\u305f\u3068\u304d\u306e\u3000\u5929\u6c17\u306b\u3000\u3088\u3063\u3066\n\u6280\u306e\u3000\u30bf\u30a4\u30d7\u3068\u3000\u5a01\u529b\u304c\u3000\u5909\u308f\u308b\u3002",
      "language": {
        "name": "ja",
        "url": "https://pokeapi.co/api/v2/language/11/"
      },
      "version_group": {
        "name": "sun-moon",
        "url": "https://pokeapi.co/api/v2/version-group/17/"
      }
    },
    {
      "flavor_text": "\u6839\u636e\u4f7f\u7528\u65f6\u7684\u5929\u6c14\uff0c\n\u62db\u5f0f\u5c5e\u6027\u548c\u5a01\u529b\u4f1a\u6539\u53d8\u3002",
      "language": {
        "name": "zh-Hans",
        "url": "https://pokeapi.co/api/v2/language/12/"
      },
      "version_group": {
        "name": "sun-moon",
        "url": "https://pokeapi.co/api/v2/version-group/17/"
      }
    },
    {
      "flavor_text": "\u3064\u304b\u3063\u305f\u3000\u3068\u304d\u306e\u3000\u3066\u3093\u304d\u306b\u3000\u3088\u3063\u3066\n\u308f\u3056\u306e\u3000\u30bf\u30a4\u30d7\u3068\u3000\u3044\u308a\u3087\u304f\u304c\u3000\u304b\u308f\u308b\u3002",
      "language": {
        "name": "ja-Hrkt",
        "url": "https://pokeapi.co/api/v2/language/1/"
      },
      "version_group": {
        "name": "ultra-sun-ultra-moon",
        "url": "https://pokeapi.co/api/v2/version-group/18/"
      }
    },
    {
      "flavor_text": "\uc0ac\uc6a9\ud588\uc744 \ub54c\uc758 \ub0a0\uc528\uc5d0 \ub530\ub77c\uc11c\n\uae30\uc220 \ud0c0\uc785\uacfc \uc704\ub825\uc774 \ubc14\ub010\ub2e4.",
      "language": {
        "name": "ko",
        "url": "https://pokeapi.co/api/v2/language/3/"
      },
      "version_group": {
        "name": "ultra-sun-ultra-moon",
        "url": "https://pokeapi.co/api/v2/version-group/18/"
      }
    },
    {
      "flavor_text": "\u62db\u5f0f\u5c6c\u6027\u548c\u5a01\u529b\u6703\u96a8\u8457\n\u4f7f\u7528\u6642\u5929\u6c23\u7684\u4e0d\u540c\u800c\u6539\u8b8a\u3002",
      "language": {
        "name": "zh-Hant",
        "url": "https://pokeapi.co/api/v2/language/4/"
      },
      "version_group": {
        "name": "ultra-sun-ultra-moon",
        "url": "https://pokeapi.co/api/v2/version-group/18/"
      }
    },
    {
      "flavor_text": "Une attaque dont la puissance et le type varient\nen fonction du temps qu\u2019il fait.",
      "language": {
        "name": "fr",
        "url": "https://pokeapi.co/api/v2/language/5/"
      },
      "version_group": {
        "name": "ultra-sun-ultra-moon",
        "url": "https://pokeapi.co/api/v2/version-group/18/"
      }
    },
    {
      "flavor_text": "Typ und St\u00e4rke der Attacke sind vom Wetter zum\nZeitpunkt der Anwendung abh\u00e4ngig.",
      "language": {
        "name": "de",
        "url": "https://pokeapi.co/api/v2/language/6/"
      },
      "version_group": {
        "name": "ultra-sun-ultra-moon",
        "url": "https://pokeapi.co/api/v2/version-group/18/"
      }
    },
    {
      "flavor_text": "El tipo y fuerza del ataque var\u00edan seg\u00fan el tiempo \nque haga.",
      "language": {
        "name": "es",
        "url": "https://pokeapi.co/api/v2/language/7/"
      },
      "version_group": {
        "name": "ultra-sun-ultra-moon",
        "url": "https://pokeapi.co/api/v2/version-group/18/"
      }
    },
    {
      "flavor_text": "Mossa d\u2019attacco il cui tipo e la cui potenza variano\nin base alle condizioni atmosferiche.",
      "language": {
        "name": "it",
        "url": "https://pokeapi.co/api/v2/language/8/"
      },
      "version_group": {
        "name": "ultra-sun-ultra-moon",
        "url": "https://pokeapi.co/api/v2/version-group/18/"
      }
    },
    {
      "flavor_text": "This attack move varies in power and type\ndepending on the weather.",
      "language": {
        "name": "en",
        "url": "https://pokeapi.co/api/v2/language/9/"
      },
      "version_group": {
        "name": "ultra-sun-ultra-moon",
        "url": "https://pokeapi.co/api/v2/version-group/18/"
      }
    },
    {
      "flavor_text": "\u4f7f\u3063\u305f\u3068\u304d\u306e\u3000\u5929\u6c17\u306b\u3000\u3088\u3063\u3066\n\u6280\u306e\u3000\u30bf\u30a4\u30d7\u3068\u3000\u5a01\u529b\u304c\u3000\u5909\u308f\u308b\u3002",
      "language": {
        "name": "ja",
        "url": "https://pokeapi.co/api/v2/language/11/"
      },
      "version_group": {
        "name": "ultra-sun-ultra-moon",
        "url": "https://pokeapi.co/api/v2/version-group/18/"
      }
    },
    {
      "flavor_text": "\u6839\u636e\u4f7f\u7528\u65f6\u7684\u5929\u6c14\uff0c\n\u62db\u5f0f\u5c5e\u6027\u548c\u5a01\u529b\u4f1a\u6539\u53d8\u3002",
      "language": {
        "name": "zh-Hans",
        "url": "https://pokeapi.co/api/v2/language/12/"
      },
      "version_group": {
        "name": "ultra-sun-ultra-moon",
        "url": "https://pokeapi.co/api/v2/version-group/18/"
      }
    },
    {
      "flavor_text": "\u3064\u304b\u3063\u305f\u3000\u3068\u304d\u306e\u3000\u3066\u3093\u304d\u306b\u3000\u3088\u3063\u3066\n\u308f\u3056\u306e\u3000\u30bf\u30a4\u30d7\u3068\u3000\u3044\u308a\u3087\u304f\u304c\u3000\u304b\u308f\u308b\u3002",
      "language": {
        "name": "ja-Hrkt",
        "url": "https://pokeapi.co/api/v2/language/1/"
      },
      "version_group": {
        "name": "lets-go-pikachu-lets-go-eevee",
        "url": "https://pokeapi.co/api/v2/version-group/19/"
      }
    },
    {
      "flavor_text": "\uc0ac\uc6a9\ud588\uc744 \ub54c\uc758 \ub0a0\uc528\uc5d0 \ub530\ub77c\uc11c\n\uae30\uc220 \ud0c0\uc785\uacfc \uc704\ub825\uc774 \ubc14\ub010\ub2e4.",
      "language": {
        "name": "ko",
        "url": "https://pokeapi.co/api/v2/language/3/"
      },
      "version_group": {
        "name": "lets-go-pikachu-lets-go-eevee",
        "url": "https://pokeapi.co/api/v2/version-group/19/"
      }
    },
    {
      "flavor_text": "\u62db\u5f0f\u5c6c\u6027\u548c\u5a01\u529b\u6703\u96a8\u8457\n\u4f7f\u7528\u6642\u5929\u6c23\u7684\u4e0d\u540c\u800c\u6539\u8b8a\u3002",
      "language": {
        "name": "zh-Hant",
        "url": "https://pokeapi.co/api/v2/language/4/"
      },
      "version_group": {
        "name": "lets-go-pikachu-lets-go-eevee",
        "url": "https://pokeapi.co/api/v2/version-group/19/"
      }
    },
    {
      "flavor_text": "Une attaque dont la puissance et le type varient\nen fonction du temps qu\u2019il fait.",
      "language": {
        "name": "fr",
        "url": "https://pokeapi.co/api/v2/language/5/"
      },
      "version_group": {
        "name": "lets-go-pikachu-lets-go-eevee",
        "url": "https://pokeapi.co/api/v2/version-group/19/"
      }
    },
    {
      "flavor_text": "Typ und St\u00e4rke der Attacke sind vom Wetter zum\nZeitpunkt der Anwendung abh\u00e4ngig.",
      "language": {
        "name": "de",
        "url": "https://pokeapi.co/api/v2/language/6/"
      },
      "version_group": {
        "name": "lets-go-pikachu-lets-go-eevee",
        "url": "https://pokeapi.co/api/v2/version-group/19/"
      }
    },
    {
      "flavor_text": "El tipo y fuerza del ataque var\u00edan seg\u00fan el tiempo \nque haga.",
      "language": {
        "name": "es",
        "url": "https://pokeapi.co/api/v2/language/7/"
      },
      "version_group": {
        "name": "lets-go-pikachu-lets-go-eevee",
        "url": "https://pokeapi.co/api/v2/version-group/19/"
      }
    },
    {
      "flavor_text": "Mossa d\u2019attacco il cui tipo e la cui potenza variano\nin base alle condizioni atmosferiche.",
      "language": {
        "name": "it",
        "url": "https://pokeapi.co/api/v2/language/8/"
      },
      "version_group": {
        "name": "lets-go-pikachu-lets-go-eevee",
        "url": "https://pokeapi.co/api/v2/version-group/19/"
      }
    },
    {
      "flavor_text": "This attack move varies in power and type\ndepending on the weather.",
      "language": {
        "name": "en",
        "url": "https://pokeapi.co/api/v2/language/9/"
      },
      "version_group": {
        "name": "lets-go-pikachu-lets-go-eevee",
        "url": "https://pokeapi.co/api/v2/version-group/19/"
      }
    },
    {
      "flavor_text": "\u4f7f\u3063\u305f\u3068\u304d\u306e\u3000\u5929\u6c17\u306b\u3000\u3088\u3063\u3066\n\u6280\u306e\u3000\u30bf\u30a4\u30d7\u3068\u3000\u5a01\u529b\u304c\u3000\u5909\u308f\u308b\u3002",
      "language": {
        "name": "ja",
        "url": "https://pokeapi.co/api/v2/language/11/"
      },
      "version_group": {
        "name": "lets-go-pikachu-lets-go-eevee",
        "url": "https://pokeapi.co/api/v2/version-group/19/"
      }
    },
    {
      "flavor_text": "\u6839\u636e\u4f7f\u7528\u65f6\u7684\u5929\u6c14\uff0c\n\u62db\u5f0f\u5c5e\u6027\u548c\u5a01\u529b\u4f1a\u6539\u53d8\u3002",
      "language": {
        "name": "zh-Hans",
        "url": "https://pokeapi.co/api/v2/language/12/"
      },
      "version_group": {
        "name": "lets-go-pikachu-lets-go-eevee",
        "url": "https://pokeapi.co/api/v2/version-group/19/"
      }
    },
    {
      "flavor_text": "\u3064\u304b\u3063\u305f\u3000\u3068\u304d\u306e\u3000\u3066\u3093\u304d\u306b\u3000\u3088\u3063\u3066\n\u308f\u3056\u306e\u3000\u30bf\u30a4\u30d7\u3068\u3000\u3044\u308a\u3087\u304f\u304c\u3000\u304b\u308f\u308b\u3002",
      "language": {
        "name": "ja-Hrkt",
        "url": "https://pokeapi.co/api/v2/language/1/"
      },
      "version_group": {
        "name": "sword-shield",
        "url": "https://pokeapi.co/api/v2/version-group/20/"
      }
    },
    {
      "flavor_text": "\uc0ac\uc6a9\ud588\uc744 \ub54c\uc758 \ub0a0\uc528\uc5d0 \ub530\ub77c\uc11c\n\uae30\uc220 \ud0c0\uc785\uacfc \uc704\ub825\uc774 \ubc14\ub010\ub2e4.",
      "language": {
        "name": "ko",
        "url": "https://pokeapi.co/api/v2/language/3/"
      },
      "version_group": {
        "name": "sword-shield",
        "url": "https://pokeapi.co/api/v2/version-group/20/"
      }
    },
    {
      "flavor_text": "\u62db\u5f0f\u5c6c\u6027\u548c\u5a01\u529b\u6703\u96a8\u8457\n\u4f7f\u7528\u6642\u5929\u6c23\u7684\u4e0d\u540c\u800c\u6539\u8b8a\u3002",
      "language": {
        "name": "zh-Hant",
        "url": "https://pokeapi.co/api/v2/language/4/"
      },
      "version_group": {
        "name": "sword-shield",
        "url": "https://pokeapi.co/api/v2/version-group/20/"
      }
    },
    {
      "flavor_text": "Une attaque dont la puissance et le type varient\nen fonction du temps qu\u2019il fait.",
      "language": {
        "name": "fr",
        "url": "https://pokeapi.co/api/v2/language/5/"
      },
      "version_group": {
        "name": "sword-shield",
        "url": "https://pokeapi.co/api/v2/version-group/20/"
      }
    },
    {
      "flavor_text": "Typ und St\u00e4rke der Attacke sind vom Wetter zum\nZeitpunkt der Anwendung abh\u00e4ngig.",
      "language": {
        "name": "de",
        "url": "https://pokeapi.co/api/v2/language/6/"
      },
      "version_group": {
        "name": "sword-shield",
        "url": "https://pokeapi.co/api/v2/version-group/20/"
      }
    },
    {
      "flavor_text": "El tipo y fuerza del ataque var\u00edan seg\u00fan el tiempo que\nhaga.",
      "language": {
        "name": "es",
        "url": "https://pokeapi.co/api/v2/language/7/"
      },
      "version_group": {
        "name": "sword-shield",
        "url": "https://pokeapi.co/api/v2/version-group/20/"
      }
    },
    {
      "flavor_text": "Mossa d\u2019attacco il cui tipo e la cui potenza variano\nin base alle condizioni atmosferiche.",
      "language": {
        "name": "it",
        "url": "https://pokeapi.co/api/v2/language/8/"
      },
      "version_group": {
        "name": "sword-shield",
        "url": "https://pokeapi.co/api/v2/version-group/20/"
      }
    },
    {
      "flavor_text": "This attack move varies in power and type\ndepending on the weather.",
      "language": {
        "name": "en",
        "url": "https://pokeapi.co/api/v2/language/9/"
      },
      "version_group": {
        "name": "sword-shield",
        "url": "https://pokeapi.co/api/v2/version-group/20/"
      }
    },
    {
      "flavor_text": "\u4f7f\u3063\u305f\u3068\u304d\u306e\u3000\u5929\u6c17\u306b\u3000\u3088\u3063\u3066\n\u6280\u306e\u3000\u30bf\u30a4\u30d7\u3068\u3000\u5a01\u529b\u304c\u3000\u5909\u308f\u308b\u3002",
      "language": {
        "name": "ja",
        "url": "https://pokeapi.co/api/v2/language/11/"
      },
      "version_group": {
        "name": "sword-shield",
        "url": "https://pokeapi.co/api/v2/version-group/20/"
      }
    },
    {
      "flavor_text": "\u6839\u636e\u4f7f\u7528\u65f6\u7684\u5929\u6c14\uff0c\n\u62db\u5f0f\u5c5e\u6027\u548c\u5a01\u529b\u4f1a\u6539\u53d8\u3002",
      "language": {
        "name": "zh-Hans",
        "url": "https://pokeapi.co/api/v2/language/12/"
      },
      "version_group": {
        "name": "sword-shield",
        "url": "https://pokeapi.co/api/v2/version-group/20/"
      }
    },
    {
      "flavor_text": "This attack move varies in power and type depending on the weather.",
      "language": {
        "name": "en",
        "url": "https://pokeapi.co/api/v2/language/9/"
      },
      "version_group": {
        "name": "legends-arceus",
        "url": "https://pokeapi.co/api/v2/version-group/24/"
      }
    },
    {
      "flavor_text": "This move's type and power change depending on the weather at the time the move is used.",
      "language": {
        "name": "en",
        "url": "https://pokeapi.co/api/v2/language/9/"
      },
      "version_group": {
        "name": "scarlet-violet",
        "url": "https://pokeapi.co/api/v2/version-group/25/"
      }
    }
  ],
  "generation": {
    "name": "generation-iii",
    "url": "https://pokeapi.co/api/v2/generation/3/"
  },
  "id": 311,
  "learned_by_pokemon": [
    {
      "name": "bulbasaur",
      "url": "https://pokeapi.co/api/v2/pokemon/1/"
    },
    {
      "name": "ivysaur",
      "url": "https://pokeapi.co/api/v2/pokemon/2/"
    },
    {
      "name": "venusaur",
      "url": "https://pokeapi.co/api/v2/pokemon/3/"
    },
    {
      "name": "charmander",
      "url": "https://pokeapi.co/api/v2/pokemon/4/"
    },
    {
      "name": "charmeleon",
      "url": "https://pokeapi.co/api/v2/pokemon/5/"
    },
    {
      "name": "charizard",
      "url": "https://pokeapi.co/api/v2/pokemon/6/"
    },
    {
      "name": "squirtle",
      "url": "https://pokeapi.co/api/v2/pokemon/7/"
    },
    {
      "name": "wartortle",
      "url": "https://pokeapi.co/api/v2/pokemon/8/"
    },
    {
      "name": "blastoise",
      "url": "https://pokeapi.co/api/v2/pokemon/9/"
    },
    {
      "name": "vulpix",
      "url": "https://pokeapi.co/api/v2/pokemon/37/"
    },
    {
      "name": "ninetales",
      "url": "https://pokeapi.co/api/v2/pokemon/38/"
    },
    {
      "name": "vileplume",
      "url": "https://pokeapi.co/api/v2/pokemon/45/"
    },
    {
      "name": "poliwag",
      "url": "https://pokeapi.co/api/v2/pokemon/60/"
    },
    {
      "name": "poliwhirl",
      "url": "https://pokeapi.co/api/v2/pokemon/61/"
    },
    {
      "name": "poliwrath",
      "url": "https://pokeapi.co/api/v2/pokemon/62/"
    },
    {
      "name": "bellsprout",
      "url": "https://pokeapi.co/api/v2/pokemon/69/"
    },
    {
      "name": "weepinbell",
      "url": "https://pokeapi.co/api/v2/pokemon/70/"
    },
    {
      "name": "victreebel",
      "url": "https://pokeapi.co/api/v2/pokemon/71/"
    },
    {
      "name": "tentacruel",
      "url": "https://pokeapi.co/api/v2/pokemon/73/"
    },
    {
      "name": "slowpoke",
      "url": "https://pokeapi.co/api/v2/pokemon/79/"
    },
    {
      "name": "slowbro",
      "url": "https://pokeapi.co/api/v2/pokemon/80/"
    },
    {
      "name": "seel",
      "url": "https://pokeapi.co/api/v2/pokemon/86/"
    },
    {
      "name": "dewgong",
      "url": "https://pokeapi.co/api/v2/pokemon/87/"
    },
    {
      "name": "cloyster",
      "url": "https://pokeapi.co/api/v2/pokemon/91/"
    },
    {
      "name": "horsea",
      "url": "https://pokeapi.co/api/v2/pokemon/116/"
    },
    {
      "name": "seadra",
      "url": "https://pokeapi.co/api/v2/pokemon/117/"
    },
    {
      "name": "lapras",
      "url": "https://pokeapi.co/api/v2/pokemon/131/"
    },
    {
      "name": "eevee",
      "url": "https://pokeapi.co/api/v2/pokemon/133/"
    },
    {
      "name": "vaporeon",
      "url": "https://pokeapi.co/api/v2/pokemon/134/"
    },
    {
      "name": "jolteon",
      "url": "https://pokeapi.co/api/v2/pokemon/135/"
    },
    {
      "name": "flareon",
      "url": "https://pokeapi.co/api/v2/pokemon/136/"
    },
    {
      "name": "articuno",
      "url": "https://pokeapi.co/api/v2/pokemon/144/"
    },
    {
      "name": "zapdos",
      "url": "https://pokeapi.co/api/v2/pokemon/145/"
    },
    {
      "name": "moltres",
      "url": "https://pokeapi.co/api/v2/pokemon/146/"
    },
    {
      "name": "dragonair",
      "url": "https://pokeapi.co/api/v2/pokemon/148/"
    },
    {
      "name": "dragonite",
      "url": "https://pokeapi.co/api/v2/pokemon/149/"
    },
    {
      "name": "mewtwo",
      "url": "https://pokeapi.co/api/v2/pokemon/150/"
    },
    {
      "name": "mew",
      "url": "https://pokeapi.co/api/v2/pokemon/151/"
    },
    {
      "name": "meganium",
      "url": "https://pokeapi.co/api/v2/pokemon/154/"
    },
    {
      "name": "bellossom",
      "url": "https://pokeapi.co/api/v2/pokemon/182/"
    },
    {
      "name": "politoed",
      "url": "https://pokeapi.co/api/v2/pokemon/186/"
    },
    {
      "name": "sunkern",
      "url": "https://pokeapi.co/api/v2/pokemon/191/"
    },
    {
      "name": "sunflora",
      "url": "https://pokeapi.co/api/v2/pokemon/192/"
    },
    {
      "name": "espeon",
      "url": "https://pokeapi.co/api/v2/pokemon/196/"
    },
    {
      "name": "umbreon",
      "url": "https://pokeapi.co/api/v2/pokemon/197/"
    },
    {
      "name": "slowking",
      "url": "https://pokeapi.co/api/v2/pokemon/199/"
    },
    {
      "name": "delibird",
      "url": "https://pokeapi.co/api/v2/pokemon/225/"
    },
    {
      "name": "kingdra",
      "url": "https://pokeapi.co/api/v2/pokemon/230/"
    },
    {
      "name": "raikou",
      "url": "https://pokeapi.co/api/v2/pokemon/243/"
    },
    {
      "name": "entei",
      "url": "https://pokeapi.co/api/v2/pokemon/244/"
    },
    {
      "name": "suicune",
      "url": "https://pokeapi.co/api/v2/pokemon/245/"
    },
    {
      "name": "lugia",
      "url": "https://pokeapi.co/api/v2/pokemon/249/"
    },
    {
      "name": "ho-oh",
      "url": "https://pokeapi.co/api/v2/pokemon/250/"
    },
    {
      "name": "celebi",
      "url": "https://pokeapi.co/api/v2/pokemon/251/"
    },
    {
      "name": "swampert",
      "url": "https://pokeapi.co/api/v2/pokemon/260/"
    },
    {
      "name": "lotad",
      "url": "https://pokeapi.co/api/v2/pokemon/270/"
    },
    {
      "name": "lombre",
      "url": "https://pokeapi.co/api/v2/pokemon/271/"
    },
    {
      "name": "ludicolo",
      "url": "https://pokeapi.co/api/v2/pokemon/272/"
    },
    {
      "name": "nuzleaf",
      "url": "https://pokeapi.co/api/v2/pokemon/274/"
    },
    {
      "name": "shiftry",
      "url": "https://pokeapi.co/api/v2/pokemon/275/"
    },
    {
      "name": "pelipper",
      "url": "https://pokeapi.co/api/v2/pokemon/279/"
    },
    {
      "name": "masquerain",
      "url": "https://pokeapi.co/api/v2/pokemon/284/"
    },
    {
      "name": "roselia",
      "url": "https://pokeapi.co/api/v2/pokemon/315/"
    },
    {
      "name": "wailmer",
      "url": "https://pokeapi.co/api/v2/pokemon/320/"
    },
    {
      "name": "wailord",
      "url": "https://pokeapi.co/api/v2/pokemon/321/"
    },
    {
      "name": "torkoal",
      "url": "https://pokeapi.co/api/v2/pokemon/324/"
    },
    {
      "name": "altaria",
      "url": "https://pokeapi.co/api/v2/pokemon/334/"
    },
    {
      "name": "lunatone",
      "url": "https://pokeapi.co/api/v2/pokemon/337/"
    },
    {
      "name": "solrock",
      "url": "https://pokeapi.co/api/v2/pokemon/338/"
    },
    {
      "name": "whiscash",
      "url": "https://pokeapi.co/api/v2/pokemon/340/"
    },
    {
      "name": "milotic",
      "url": "https://pokeapi.co/api/v2/pokemon/350/"
    },
    {
      "name": "castform",
      "url": "https://pokeapi.co/api/v2/pokemon/351/"
    },
    {
      "name": "snorunt",
      "url": "https://pokeapi.co/api/v2/pokemon/361/"
    },
    {
      "name": "glalie",
      "url": "https://pokeapi.co/api/v2/pokemon/362/"
    },
    {
      "name": "latias",
      "url": "https://pokeapi.co/api/v2/pokemon/380/"
    },
    {
      "name": "latios",
      "url": "https://pokeapi.co/api/v2/pokemon/381/"
    },
    {
      "name": "piplup",
      "url": "https://pokeapi.co/api/v2/pokemon/393/"
    },
    {
      "name": "prinplup",
      "url": "https://pokeapi.co/api/v2/pokemon/394/"
    },
    {
      "name": "empoleon",
      "url": "https://pokeapi.co/api/v2/pokemon/395/"
    },
    {
      "name": "budew",
      "url": "https://pokeapi.co/api/v2/pokemon/406/"
    },
    {
      "name": "roserade",
      "url": "https://pokeapi.co/api/v2/pokemon/407/"
    },
    {
      "name": "cherubi",
      "url": "https://pokeapi.co/api/v2/pokemon/420/"
    },
    {
      "name": "cherrim",
      "url": "https://pokeapi.co/api/v2/pokemon/421/"
    },
    {
      "name": "gastrodon",
      "url": "https://pokeapi.co/api/v2/pokemon/423/"
    },
    {
      "name": "drifloon",
      "url": "https://pokeapi.co/api/v2/pokemon/425/"
    },
    {
      "name": "drifblim",
      "url": "https://pokeapi.co/api/v2/pokemon/426/"
    },
    {
      "name": "bronzong",
      "url": "https://pokeapi.co/api/v2/pokemon/437/"
    },
    {
      "name": "hippopotas",
      "url": "https://pokeapi.co/api/v2/pokemon/449/"
    },
    {
      "name": "hippowdon",
      "url": "https://pokeapi.co/api/v2/pokemon/450/"
    },
    {
      "name": "snover",
      "url": "https://pokeapi.co/api/v2/pokemon/459/"
    },
    {
      "name": "abomasnow",
      "url": "https://pokeapi.co/api/v2/pokemon/460/"
    },
    {
      "name": "electivire",
      "url": "https://pokeapi.co/api/v2/pokemon/466/"
    },
    {
      "name": "magmortar",
      "url": "https://pokeapi.co/api/v2/pokemon/467/"
    },
    {
      "name": "leafeon",
      "url": "https://pokeapi.co/api/v2/pokemon/470/"
    },
    {
      "name": "glaceon",
      "url": "https://pokeapi.co/api/v2/pokemon/471/"
    },
    {
      "name": "froslass",
      "url": "https://pokeapi.co/api/v2/pokemon/478/"
    },
    {
      "name": "phione",
      "url": "https://pokeapi.co/api/v2/pokemon/489/"
    },
    {
      "name": "manaphy",
      "url": "https://pokeapi.co/api/v2/pokemon/490/"
    },
    {
      "name": "gigalith",
      "url": "https://pokeapi.co/api/v2/pokemon/526/"
    },
    {
      "name": "tympole",
      "url": "https://pokeapi.co/api/v2/pokemon/535/"
    },
    {
      "name": "palpitoad",
      "url": "https://pokeapi.co/api/v2/pokemon/536/"
    },
    {
      "name": "seismitoad",
      "url": "https://pokeapi.co/api/v2/pokemon/537/"
    },
    {
      "name": "lilligant",
      "url": "https://pokeapi.co/api/v2/pokemon/549/"
    },
    {
      "name": "maractus",
      "url": "https://pokeapi.co/api/v2/pokemon/556/"
    },
    {
      "name": "swanna",
      "url": "https://pokeapi.co/api/v2/pokemon/581/"
    },
    {
      "name": "vanilluxe",
      "url": "https://pokeapi.co/api/v2/pokemon/584/"
    },
    {
      "name": "tornadus-incarnate",
      "url": "https://pokeapi.co/api/v2/pokemon/641/"
    },
    {
      "name": "thundurus-incarnate",
      "url": "https://pokeapi.co/api/v2/pokemon/642/"
    },
    {
      "name": "reshiram",
      "url": "https://pokeapi.co/api/v2/pokemon/643/"
    },
    {
      "name": "zekrom",
      "url": "https://pokeapi.co/api/v2/pokemon/644/"
    },
    {
      "name": "landorus-incarnate",
      "url": "https://pokeapi.co/api/v2/pokemon/645/"
    },
    {
      "name": "kyurem",
      "url": "https://pokeapi.co/api/v2/pokemon/646/"
    },
    {
      "name": "greninja",
      "url": "https://pokeapi.co/api/v2/pokemon/658/"
    },
    {
      "name": "vivillon",
      "url": "https://pokeapi.co/api/v2/pokemon/666/"
    },
    {
      "name": "clauncher",
      "url": "https://pokeapi.co/api/v2/pokemon/692/"
    },
    {
      "name": "clawitzer",
      "url": "https://pokeapi.co/api/v2/pokemon/693/"
    },
    {
      "name": "heliolisk",
      "url": "https://pokeapi.co/api/v2/pokemon/695/"
    },
    {
      "name": "amaura",
      "url": "https://pokeapi.co/api/v2/pokemon/698/"
    },
    {
      "name": "aurorus",
      "url": "https://pokeapi.co/api/v2/pokemon/699/"
    },
    {
      "name": "sylveon",
      "url": "https://pokeapi.co/api/v2/pokemon/700/"
    },
    {
      "name": "goodra",
      "url": "https://pokeapi.co/api/v2/pokemon/706/"
    },
    {
      "name": "volcanion",
      "url": "https://pokeapi.co/api/v2/pokemon/721/"
    },
    {
      "name": "primarina",
      "url": "https://pokeapi.co/api/v2/pokemon/730/"
    },
    {
      "name": "fomantis",
      "url": "https://pokeapi.co/api/v2/pokemon/753/"
    },
    {
      "name": "lurantis",
      "url": "https://pokeapi.co/api/v2/pokemon/754/"
    },
    {
      "name": "shiinotic",
      "url": "https://pokeapi.co/api/v2/pokemon/756/"
    },
    {
      "name": "raboot",
      "url": "https://pokeapi.co/api/v2/pokemon/814/"
    },
    {
      "name": "cinderace",
      "url": "https://pokeapi.co/api/v2/pokemon/815/"
    },
    {
      "name": "sobble",
      "url": "https://pokeapi.co/api/v2/pokemon/816/"
    },
    {
      "name": "drizzile",
      "url": "https://pokeapi.co/api/v2/pokemon/817/"
    },
    {
      "name": "inteleon",
      "url": "https://pokeapi.co/api/v2/pokemon/818/"
    },
    {
      "name": "eldegoss",
      "url": "https://pokeapi.co/api/v2/pokemon/830/"
    },
    {
      "name": "cramorant",
      "url": "https://pokeapi.co/api/v2/pokemon/845/"
    },
    {
      "name": "frosmoth",
      "url": "https://pokeapi.co/api/v2/pokemon/873/"
    },
    {
      "name": "eiscue-ice",
      "url": "https://pokeapi.co/api/v2/pokemon/875/"
    },
    {
      "name": "enamorus-incarnate",
      "url": "https://pokeapi.co/api/v2/pokemon/905/"
    },
    {
      "name": "smoliv",
      "url": "https://pokeapi.co/api/v2/pokemon/928/"
    },
    {
      "name": "dolliv",
      "url": "https://pokeapi.co/api/v2/pokemon/929/"
    },
    {
      "name": "arboliva",
      "url": "https://pokeapi.co/api/v2/pokemon/930/"
    },
    {
      "name": "armarouge",
      "url": "https://pokeapi.co/api/v2/pokemon/936/"
    },
    {
      "name": "tadbulb",
      "url": "https://pokeapi.co/api/v2/pokemon/938/"
    },
    {
      "name": "bellibolt",
      "url": "https://pokeapi.co/api/v2/pokemon/939/"
    },
    {
      "name": "wattrel",
      "url": "https://pokeapi.co/api/v2/pokemon/940/"
    },
    {
      "name": "kilowattrel",
      "url": "https://pokeapi.co/api/v2/pokemon/941/"
    },
    {
      "name": "rellor",
      "url": "https://pokeapi.co/api/v2/pokemon/953/"
    },
    {
      "name": "rabsca",
      "url": "https://pokeapi.co/api/v2/pokemon/954/"
    },
    {
      "name": "walking-wake",
      "url": "https://pokeapi.co/api/v2/pokemon/1009/"
    },
    {
      "name": "gouging-fire",
      "url": "https://pokeapi.co/api/v2/pokemon/1020/"
    },
    {
      "name": "raging-bolt",
      "url": "https://pokeapi.co/api/v2/pokemon/1021/"
    },
    {
      "name": "terapagos",
      "url": "https://pokeapi.co/api/v2/pokemon/1024/"
    },
    {
      "name": "castform-sunny",
      "url": "https://pokeapi.co/api/v2/pokemon/10013/"
    },
    {
      "name": "castform-rainy",
      "url": "https://pokeapi.co/api/v2/pokemon/10014/"
    },
    {
      "name": "castform-snowy",
      "url": "https://pokeapi.co/api/v2/pokemon/10015/"
    },
    {
      "name": "tornadus-therian",
      "url": "https://pokeapi.co/api/v2/pokemon/10019/"
    },
    {
      "name": "thundurus-therian",
      "url": "https://pokeapi.co/api/v2/pokemon/10020/"
    },
    {
      "name": "landorus-therian",
      "url": "https://pokeapi.co/api/v2/pokemon/10021/"
    },
    {
      "name": "kyurem-black",
      "url": "https://pokeapi.co/api/v2/pokemon/10022/"
    },
    {
      "name": "kyurem-white",
      "url": "https://pokeapi.co/api/v2/pokemon/10023/"
    },
    {
      "name": "vulpix-alola",
      "url": "https://pokeapi.co/api/v2/pokemon/10103/"
    },
    {
      "name": "ninetales-alola",
      "url": "https://pokeapi.co/api/v2/pokemon/10104/"
    },
    {
      "name": "slowpoke-galar",
      "url": "https://pokeapi.co/api/v2/pokemon/10164/"
    },
    {
      "name": "slowbro-galar",
      "url": "https://pokeapi.co/api/v2/pokemon/10165/"
    },
    {
      "name": "slowking-galar",
      "url": "https://pokeapi.co/api/v2/pokemon/10172/"
    },
    {
      "name": "cramorant-gulping",
      "url": "https://pokeapi.co/api/v2/pokemon/10182/"
    },
    {
      "name": "cramorant-gorging",
      "url": "https://pokeapi.co/api/v2/pokemon/10183/"
    },
    {
      "name": "eiscue-noice",
      "url": "https://pokeapi.co/api/v2/pokemon/10185/"
    },
    {
      "name": "lilligant-hisui",
      "url": "https://pokeapi.co/api/v2/pokemon/10237/"
    },
    {
      "name": "goodra-hisui",
      "url": "https://pokeapi.co/api/v2/pokemon/10242/"
    },
    {
      "name": "enamorus-therian",
      "url": "https://pokeapi.co/api/v2/pokemon/10249/"
    },
    {
      "name": "terapagos-terastal",
      "url": "https://pokeapi.co/api/v2/pokemon/10276/"
    },
    {
      "name": "terapagos-stellar",
      "url": "https://pokeapi.co/api/v2/pokemon/10277/"
    }
  ],
  "machines": [
    {
      "machine": {
        "url": "https://pokeapi.co/api/v2/machine/921/"
      },
      "version_group": {
        "name": "sword-shield",
        "url": "https://pokeapi.co/api/v2/version-group/20/"
      }
    },
    {
      "machine": {
        "url": "https://pokeapi.co/api/v2/machine/1898/"
      },
      "version_group": {
        "name": "scarlet-violet",
        "url": "https://pokeapi.co/api/v2/version-group/25/"
      }
    },
    {
      "machine": {
        "url": "https://pokeapi.co/api/v2/machine/1961/"
      },
      "version_group": {
        "name": "the-teal-mask",
        "url": "https://pokeapi.co/api/v2/version-group/26/"
      }
    },
    {
      "machine": {
        "url": "https://pokeapi.co/api/v2/machine/2069/"
      },
      "version_group": {
        "name": "the-indigo-disk",
        "url": "https://pokeapi.co/api/v2/version-group/27/"
      }
    }
  ],
  "meta": {
    "ailment": {
      "name": "none",
      "url": "https://pokeapi.co/api/v2/move-ailment/0/"
    },
    "ailment_chance": 0,
    "category": {
      "name": "damage",
      "url": "https://pokeapi.co/api/v2/move-category/0/"
    },
    "crit_rate": 0,
    "drain": 0,
    "flinch_chance": 0,
    "healing": 0,
    "max_hits": null,
    "max_turns": null,
    "min_hits": null,
    "min_turns": null,
    "stat_chance": 0
  },
  "name": "weather-ball",
  "names": [
    {
      "language": {
        "name": "ja-Hrkt",
        "url": "https://pokeapi.co/api/v2/language/1/"
      },
      "name": "\u30a6\u30a7\u30b6\u30fc\u30dc\u30fc\u30eb"
    },
    {
      "language": {
        "name": "ko",
        "url": "https://pokeapi.co/api/v2/language/3/"
      },
      "name": "\uc6e8\ub354\ubcfc"
    },
    {
      "language": {
        "name": "zh-Hant",
        "url": "https://pokeapi.co/api/v2/language/4/"
      },
      "name": "\u6c23\u8c61\u7403"
    },
    {
      "language": {
        "name": "fr",
        "url": "https://pokeapi.co/api/v2/language/5/"
      },
      "name": "Ball\u2019M\u00e9t\u00e9o"
    },
    {
      "language": {
        "name": "de",
        "url": "https://pokeapi.co/api/v2/language/6/"
      },
      "name": "Meteorologe"
    },
    {
      "language": {
        "name": "es",
        "url": "https://pokeapi.co/api/v2/language/7/"
      },
      "name": "Meteorobola"
    },
    {
      "language": {
        "name": "it",
        "url": "https://pokeapi.co/api/v2/language/8/"
      },
      "name": "Palla Clima"
    },
    {
      "language": {
        "name": "en",
        "url": "https://pokeapi.co/api/v2/language/9/"
      },
      "name": "Weather Ball"
    },
    {
      "language": {
        "name": "ja",
        "url": "https://pokeapi.co/api/v2/language/11/"
      },
      "name": "\u30a6\u30a7\u30b6\u30fc\u30dc\u30fc\u30eb"
    },
    {
      "language": {
        "name": "zh-Hans",
        "url": "https://pokeapi.co/api/v2/language/12/"
      },
      "name": "\u6c14\u8c61\u7403"
    }
  ],
  "past_values": [],
  "power": 50,
  "pp": 10,
  "priority": 0,
  "stat_changes": [],
  "super_contest_effect": {
    "url": "https://pokeapi.co/api/v2/super-contest-effect/4/"
  },
  "target": {
    "name": "selected-pokemon",
    "url": "https://pokeapi.co/api/v2/move-target/10/"
  },
  "type": {
    "name": "normal",
    "url": "https://pokeapi.co/api/v2/type/1/"
  }
}