{
  "accuracy": 100,
  "contest_combos": null,
  "contest_effect": null,
  "contest_type": null,
  "damage_class": {
    "name": "physical",
    "url": "https://pokeapi.co/api/v2/move-damage-class/2/"
  },
  "effect_chance": null,
  "effect_changes": [
    {
      "effect_entries": [
        {
          "effect": "The barriers are destroyed even if this move has no effect.",
          "language": {
            "name": "en",
            "url": "https://pokeapi.co/api/v2/language/9/"
          }
        }
      ],
      "version_group": {
        "name": "black-white",
        "url": "https://pokeapi.co/api/v2/version-group/11/"
      }
    }
  ],
  "effect_entries": [
    {
      "effect": "Destroys any light screen or reflect on the target\u2019s side of the field, then inflicts regular damage.",
      "language": {
        "name": "en",
        "url": "https://pokeapi.co/api/v2/language/9/"
      },
      "short_effect": "Destroys Reflect and Light Screen."
    }
  ],
  "flavor_text_entries": [
    {
      "flavor_text": "\u30b5\u30a4\u30b3\u30d1\u30ef\u30fc\u3067\u3000\u304b\u307f\u3064\u3044\u3066\n\u3042\u3044\u3066\u3092\u3000\u3053\u3046\u3052\u304d\u3059\u308b\u3002\u3000\u3072\u304b\u308a\u306e\u304b\u3079\u3084\n\u30ea\u30d5\u30ec\u30af\u30bf\u30fc\u3000\u306a\u3069\u3082\u3000\u306f\u304b\u3044\u3067\u304d\u308b\u3002",
      "language": {
        "name": "ja-Hrkt",
        "url": "https://pokeapi.co/api/v2/language/1/"
      },
      "version_group": {
        "name": "sun-moon",
        "url": "https://pokeapi.co/api/v2/version-group/17/"
      }
    },
    {
      "flavor_text": "\uc0ac\uc774\ucf54 \ud30c\uc6cc\ub85c \ubb3c\uc5b4\uc11c\n\uc0c1\ub300\ub97c \uacf5\uaca9\ud55c\ub2e4. \ube5b\uc758\uc7a5\ub9c9\uc774\ub098\n\ub9ac\ud50c\ub809\ud130\ub3c4 \ud30c\uad34\ud560 \uc218 \uc788\ub2e4.",
      "language": {
        "name": "ko",
        "url": "https://pokeapi.co/api/v2/language/3/"
      },
      "version_group": {
        "name": "sun-moon",
        "url": "https://pokeapi.co/api/v2/version-group/17/"
      }
    },
    {
      "flavor_text": "\u5229\u7528\u7cbe\u795e\u529b\u91cf\u54ac\u4f4f\u5c0d\u624b\u9032\u884c\u653b\u64ca\u3002\n\u4e26\u53ef\u7834\u58de\u5149\u7246\u548c\u53cd\u5c04\u58c1\u7b49\u3002",
      "language": {
        "name": "zh-Hant",
        "url": "https://pokeapi.co/api/v2/language/4/"
      },
      "version_group": {
        "name": "sun-moon",
        "url": "https://pokeapi.co/api/v2/version-group/17/"
      }
    },
    {
      "flavor_text": "Le lanceur mord la cible avec ses pouvoirs\npsychiques. Brise aussi les barri\u00e8res comme\nMur Lumi\u00e8re et Protection.",
      "language": {
        "name": "fr",
        "url": "https://pokeapi.co/api/v2/language/5/"
      },
      "version_group": {
        "name": "sun-moon",
        "url": "https://pokeapi.co/api/v2/version-group/17/"
      }
    },
    {
      "flavor_text": "Der Anwender bei\u00dft das Ziel mithilfe von\nPsycho-Kr\u00e4ften. Die Attacke durchbricht auch\nBarrieren wie Lichtschild und Reflektor.",
      "language": {
        "name": "de",
        "url": "https://pokeapi.co/api/v2/language/6/"
      },
      "version_group": {
        "name": "sun-moon",
        "url": "https://pokeapi.co/api/v2/version-group/17/"
      }
    },
    {
      "flavor_text": "Ataca a sus rivales con poderes ps\u00edquicos que\nadem\u00e1s destruyen barreras como Pantalla de Luz y\nReflejo.",
      "language": {
        "name": "es",
        "url": "https://pokeapi.co/api/v2/language/7/"
      },
      "version_group": {
        "name": "sun-moon",
        "url": "https://pokeapi.co/api/v2/version-group/17/"
      }
    },
    {
      "flavor_text": "Morde il bersaglio con delle zanne generate\ncon l\u2019energia psichica e rompe barriere come\nRiflesso e Schermoluce.",
      "language": {
        "name": "it",
        "url": "https://pokeapi.co/api/v2/language/8/"
      },
      "version_group": {
        "name": "sun-moon",
        "url": "https://pokeapi.co/api/v2/version-group/17/"
      }
    },
    {
      "flavor_text": "The user bites the target with its psychic\ncapabilities. This can also destroy Light Screen\nand Reflect.",
      "language": {
        "name": "en",
        "url": "https://pokeapi.co/api/v2/language/9/"
      },
      "version_group": {
        "name": "sun-moon",
        "url": "https://pokeapi.co/api/v2/version-group/17/"
      }
    },
    {
      "flavor_text": "\u30b5\u30a4\u30b3\u30d1\u30ef\u30fc\u3067\u3000\u304b\u307f\u3064\u3044\u3066\n\u76f8\u624b\u3092\u3000\u653b\u6483\u3059\u308b\u3002\u3000\u3072\u304b\u308a\u306e\u304b\u3079\u3084\n\u30ea\u30d5\u30ec\u30af\u30bf\u30fc\u3000\u306a\u3069\u3082\u3000\u7834\u58ca\u3067\u304d\u308b\u3002",
      "language": {
        "name": "ja",
        "url": "https://pokeapi.co/api/v2/language/11/"
      },
      "version_group": {
        "name": "sun-moon",
        "url": "https://pokeapi.co/api/v2/version-group/17/"
      }
    },
    {
      "flavor_text": "\u5229\u7528\u7cbe\u795e\u529b\u91cf\u54ac\u4f4f\u5bf9\u624b\u8fdb\u884c\u653b\u51fb\u3002\n\u8fd8\u53ef\u4ee5\u7834\u574f\u5149\u5899\u548c\u53cd\u5c04\u58c1\u7b49\u3002",
      "language": {
        "name": "zh-Hans",
        "url": "https://pokeapi.co/api/v2/language/12/"
      },
      "version_group": {
        "name": "sun-moon",
        "url": "https://pokeapi.co/api/v2/version-group/17/"
      }
    },
    {
      "flavor_text": "\u30b5\u30a4\u30b3\u30d1\u30ef\u30fc\u3067\u3000\u304b\u307f\u3064\u3044\u3066\n\u3042\u3044\u3066\u3092\u3000\u3053\u3046\u3052\u304d\u3059\u308b\u3002\u3000\u3072\u304b\u308a\u306e\u304b\u3079\u3084\n\u30ea\u30d5\u30ec\u30af\u30bf\u30fc\u3000\u306a\u3069\u3082\u3000\u306f\u304b\u3044\u3067\u304d\u308b\u3002",
      "language": {
        "name": "ja-Hrkt",
        "url": "https://pokeapi.co/api/v2/language/1/"
      },
      "version_group": {
        "name": "ultra-sun-ultra-moon",
        "url": "https://pokeapi.co/api/v2/version-group/18/"
      }
    },
    {
      "flavor_text": "\uc0ac\uc774\ucf54 \ud30c\uc6cc\ub85c \ubb3c\uc5b4\uc11c\n\uc0c1\ub300\ub97c \uacf5\uaca9\ud55c\ub2e4. \ube5b\uc758\uc7a5\ub9c9\uc774\ub098\n\ub9ac\ud50c\ub809\ud130\ub3c4 \ud30c\uad34\ud560 \uc218 \uc788\ub2e4.",
      "language": {
        "name": "ko",
        "url": "https://pokeapi.co/api/v2/language/3/"
      },
      "version_group": {
        "name": "ultra-sun-ultra-moon",
        "url": "https://pokeapi.co/api/v2/version-group/18/"
      }
    },
    {
      "flavor_text": "\u5229\u7528\u7cbe\u795e\u529b\u91cf\u54ac\u4f4f\u5c0d\u624b\u9032\u884c\u653b\u64ca\u3002\n\u4e26\u53ef\u7834\u58de\u5149\u7246\u548c\u53cd\u5c04\u58c1\u7b49\u3002",
      "language": {
        "name": "zh-Hant",
        "url": "https://pokeapi.co/api/v2/language/4/"
      },
      "version_group": {
        "name": "ultra-sun-ultra-moon",
        "url": "https://pokeapi.co/api/v2/version-group/18/"
      }
    },
    {
      "flavor_text": "Le lanceur mord la cible avec ses pouvoirs\npsychiques. Brise aussi les barri\u00e8res comme\nMur Lumi\u00e8re et Protection.",
      "language": {
        "name": "fr",
        "url": "https://pokeapi.co/api/v2/language/5/"
      },
      "version_group": {
        "name": "ultra-sun-ultra-moon",
        "url": "https://pokeapi.co/api/v2/version-group/18/"
      }
    },
    {
      "flavor_text": "Der Anwender bei\u00dft das Ziel mithilfe von\nPsycho-Kr\u00e4ften. Die Attacke durchbricht auch\nBarrieren wie Lichtschild und Reflektor.",
      "language": {
        "name": "de",
        "url": "https://pokeapi.co/api/v2/language/6/"
      },
      "version_group": {
        "name": "ultra-sun-ultra-moon",
        "url": "https://pokeapi.co/api/v2/version-group/18/"
      }
    },
    {
      "flavor_text": "Ataca a sus rivales con poderes ps\u00edquicos que\nadem\u00e1s destruyen barreras como Pantalla de Luz y\nReflejo.",
      "language": {
        "name": "es",
        "url": "https://pokeapi.co/api/v2/language/7/"
      },
      "version_group": {
        "name": "ultra-sun-ultra-moon",
        "url": "https://pokeapi.co/api/v2/version-group/18/"
      }
    },
    {
      "flavor_text": "Morde il bersaglio con delle zanne generate\ncon l\u2019energia psichica e rompe barriere come\nRiflesso e Schermoluce.",
      "language": {
        "name": "it",
        "url": "https://pokeapi.co/api/v2/language/8/"
      },
      "version_group": {
        "name": "ultra-sun-ultra-moon",
        "url": "https://pokeapi.co/api/v2/version-group/18/"
      }
    },
    {
      "flavor_text": "The user bites the target with its psychic\ncapabilities. This can also destroy Light Screen\nand Reflect.",
      "language": {
        "name": "en",
        "url": "https://pokeapi.co/api/v2/language/9/"
      },
      "version_group": {
        "name": "ultra-sun-ultra-moon",
        "url": "https://pokeapi.co/api/v2/version-group/18/"
      }
    },
    {
      "flavor_text": "\u30b5\u30a4\u30b3\u30d1\u30ef\u30fc\u3067\u3000\u304b\u307f\u3064\u3044\u3066\n\u76f8\u624b\u3092\u3000\u653b\u6483\u3059\u308b\u3002\u3000\u3072\u304b\u308a\u306e\u304b\u3079\u3084\n\u30ea\u30d5\u30ec\u30af\u30bf\u30fc\u3000\u306a\u3069\u3082\u3000\u7834\u58ca\u3067\u304d\u308b\u3002",
      "language": {
        "name": "ja",
        "url": "https://pokeapi.co/api/v2/language/11/"
      },
      "version_group": {
        "name": "ultra-sun-ultra-moon",
        "url": "https://pokeapi.co/api/v2/version-group/18/"
      }
    },
    {
      "flavor_text": "\u5229\u7528\u7cbe\u795e\u529b\u91cf\u54ac\u4f4f\u5bf9\u624b\u8fdb\u884c\u653b\u51fb\u3002\n\u8fd8\u53ef\u4ee5\u7834\u574f\u5149\u5899\u548c\u53cd\u5c04\u58c1\u7b49\u3002",
      "language": {
        "name": "zh-Hans",
        "url": "https://pokeapi.co/api/v2/language/12/"
      },
      "version_group": {
        "name": "ultra-sun-ultra-moon",
        "url": "https://pokeapi.co/api/v2/version-group/18/"
      }
    },
    {
      "flavor_text": "\u30b5\u30a4\u30b3\u30d1\u30ef\u30fc\u3067\u3000\u304b\u307f\u3064\u3044\u3066\n\u3042\u3044\u3066\u3092\u3000\u3053\u3046\u3052\u304d\u3059\u308b\u3002\u3000\u3072\u304b\u308a\u306e\u304b\u3079\u3084\n\u30ea\u30d5\u30ec\u30af\u30bf\u30fc\u3000\u306a\u3069\u3082\u3000\u306f\u304b\u3044\u3067\u304d\u308b\u3002",
      "language": {
        "name": "ja-Hrkt",
        "url": "https://pokeapi.co/api/v2/language/1/"
      },
      "version_group": {
        "name": "lets-go-pikachu-lets-go-eevee",
        "url": "https://pokeapi.co/api/v2/version-group/19/"
      }
    },
    {
      "flavor_text": "\uc0ac\uc774\ucf54 \ud30c\uc6cc\ub85c \ubb3c\uc5b4\uc11c\n\uc0c1\ub300\ub97c \uacf5\uaca9\ud55c\ub2e4. \ube5b\uc758\uc7a5\ub9c9\uc774\ub098\n\ub9ac\ud50c\ub809\ud130\ub3c4 \ud30c\uad34\ud560 \uc218 \uc788\ub2e4.",
      "language": {
        "name": "ko",
        "url": "https://pokeapi.co/api/v2/language/3/"
      },
      "version_group": {
        "name": "lets-go-pikachu-lets-go-eevee",
        "url": "https://pokeapi.co/api/v2/version-group/19/"
      }
    },
    {
      "flavor_text": "\u5229\u7528\u7cbe\u795e\u529b\u91cf\u54ac\u4f4f\u5c0d\u624b\u9032\u884c\u653b\u64ca\u3002\n\u4e26\u53ef\u7834\u58de\u5149\u7246\u548c\u53cd\u5c04\u58c1\u7b49\u3002",
      "language": {
        "name": "zh-Hant",
        "url": "https://pokeapi.co/api/v2/language/4/"
      },
      "version_group": {
        "name": "lets-go-pikachu-lets-go-eevee",
        "url": "https://pokeapi.co/api/v2/version-group/19/"
      }
    },
    {
      "flavor_text": "Le lanceur mord la cible avec ses pouvoirs psychiques.\nBrise aussi les barri\u00e8res comme Mur Lumi\u00e8re et Protection.",
      "language": {
        "name": "fr",
        "url": "https://pokeapi.co/api/v2/language/5/"
      },
      "version_group": {
        "name": "lets-go-pikachu-lets-go-eevee",
        "url": "https://pokeapi.co/api/v2/version-group/19/"
      }
    },
    {
      "flavor_text": "Der Anwender bei\u00dft das Ziel mithilfe von\nPsycho-Kr\u00e4ften. Die Attacke durchbricht auch\nBarrieren wie Lichtschild und Reflektor.",
      "language": {
        "name": "de",
        "url": "https://pokeapi.co/api/v2/language/6/"
      },
      "version_group": {
        "name": "lets-go-pikachu-lets-go-eevee",
        "url": "https://pokeapi.co/api/v2/version-group/19/"
      }
    },
    {
      "flavor_text": "Ataca a sus rivales con poderes ps\u00edquicos que\nadem\u00e1s destruyen barreras como Pantalla de Luz y\nReflejo.",
      "language": {
        "name": "es",
        "url": "https://pokeapi.co/api/v2/language/7/"
      },
      "version_group": {
        "name": "lets-go-pikachu-lets-go-eevee",
        "url": "https://pokeapi.co/api/v2/version-group/19/"
      }
    },
    {
      "flavor_text": "Morde il bersaglio con delle zanne generate\ncon l\u2019energia psichica e rompe barriere come\nRiflesso e Schermoluce.",
      "language": {
        "name": "it",
        "url": "https://pokeapi.co/api/v2/language/8/"
      },
      "version_group": {
        "name": "lets-go-pikachu-lets-go-eevee",
        "url": "https://pokeapi.co/api/v2/version-group/19/"
      }
    },
    {
      "flavor_text": "The user bites the target with its psychic\ncapabilities. This can also destroy Light Screen\nand Reflect.",
      "language": {
        "name": "en",
        "url": "https://pokeapi.co/api/v2/language/9/"
      },
      "version_group": {
        "name": "lets-go-pikachu-lets-go-eevee",
        "url": "https://pokeapi.co/api/v2/version-group/19/"
      }
    },
    {
      "flavor_text": "\u30b5\u30a4\u30b3\u30d1\u30ef\u30fc\u3067\u3000\u304b\u307f\u3064\u3044\u3066\n\u76f8\u624b\u3092\u3000\u653b\u6483\u3059\u308b\u3002\u3000\u3072\u304b\u308a\u306e\u304b\u3079\u3084\n\u30ea\u30d5\u30ec\u30af\u30bf\u30fc\u3000\u306a\u3069\u3082\u3000\u7834\u58ca\u3067\u304d\u308b\u3002",
      "language": {
        "name": "ja",
        "url": "https://pokeapi.co/api/v2/language/11/"
      },
      "version_group": {
        "name": "lets-go-pikachu-lets-go-eevee",
        "url": "https://pokeapi.co/api/v2/version-group/19/"
      }
    },
    {
      "flavor_text": "\u5229\u7528\u7cbe\u795e\u529b\u91cf\u54ac\u4f4f\u5bf9\u624b\u8fdb\u884c\u653b\u51fb\u3002\n\u8fd8\u53ef\u4ee5\u7834\u574f\u5149\u5899\u548c\u53cd\u5c04\u58c1\u7b49\u3002",
      "language": {
        "name": "zh-Hans",
        "url": "https://pokeapi.co/api/v2/language/12/"
      },
      "version_group": {
        "name": "lets-go-pikachu-lets-go-eevee",
        "url": "https://pokeapi.co/api/v2/version-group/19/"
      }
    },
    {
      "flavor_text": "\u30b5\u30a4\u30b3\u30d1\u30ef\u30fc\u3067\u3000\u304b\u307f\u3064\u3044\u3066\n\u3042\u3044\u3066\u3092\u3000\u3053\u3046\u3052\u304d\u3059\u308b\u3002\u3000\u3072\u304b\u308a\u306e\u304b\u3079\u3084\n\u30ea\u30d5\u30ec\u30af\u30bf\u30fc\u3000\u306a\u3069\u3082\u3000\u306f\u304b\u3044\u3067\u304d\u308b\u3002",
      "language": {
        "name": "ja-Hrkt",
        "url": "https://pokeapi.co/api/v2/language/1/"
      },
      "version_group": {
        "name": "sword-shield",
        "url": "https://pokeapi.co/api/v2/version-group/20/"
      }
    },
    {
      "flavor_text": "\uc0ac\uc774\ucf54 \ud30c\uc6cc\ub85c \ubb3c\uc5b4\uc11c\n\uc0c1\ub300\ub97c \uacf5\uaca9\ud55c\ub2e4. \ube5b\uc758\uc7a5\ub9c9\uc774\ub098\n\ub9ac\ud50c\ub809\ud130\ub3c4 \ud30c\uad34\ud560 \uc218 \uc788\ub2e4.",
      "language": {
        "name": "ko",
        "url": "https://pokeapi.co/api/v2/language/3/"
      },
      "version_group": {
        "name": "sword-shield",
        "url": "https://pokeapi.co/api/v2/version-group/20/"
      }
    },
    {
      "flavor_text": "\u5229\u7528\u7cbe\u795e\u529b\u91cf\u54ac\u4f4f\u5c0d\u624b\u9032\u884c\u653b\u64ca\u3002\n\u4e26\u53ef\u7834\u58de\u5149\u7246\u548c\u53cd\u5c04\u58c1\u7b49\u3002",
      "language": {
        "name": "zh-Hant",
        "url": "https://pokeapi.co/api/v2/language/4/"
      },
      "version_group": {
        "name": "sword-shield",
        "url": "https://pokeapi.co/api/v2/version-group/20/"
      }
    },
    {
      "flavor_text": "Le lanceur mord la cible avec ses pouvoirs psychiques.\nBrise aussi les barri\u00e8res comme Mur Lumi\u00e8re\net Protection.",
      "language": {
        "name": "fr",
        "url": "https://pokeapi.co/api/v2/language/5/"
      },
      "version_group": {
        "name": "sword-shield",
        "url": "https://pokeapi.co/api/v2/version-group/20/"
      }
    },
    {
      "flavor_text": "Der Anwender bei\u00dft das Ziel mithilfe von\nPsycho-Kr\u00e4ften. Die Attacke durchbricht auch\nBarrieren wie Lichtschild und Reflektor.",
      "language": {
        "name": "de",
        "url": "https://pokeapi.co/api/v2/language/6/"
      },
      "version_group": {
        "name": "sword-shield",
        "url": "https://pokeapi.co/api/v2/version-group/20/"
      }
    },
    {
      "flavor_text": "Ataca a sus rivales con poderes ps\u00edquicos que adem\u00e1s\ndestruyen barreras como Pantalla de Luz y Reflejo.",
      "language": {
        "name": "es",
        "url": "https://pokeapi.co/api/v2/language/7/"
      },
      "version_group": {
        "name": "sword-shield",
        "url": "https://pokeapi.co/api/v2/version-group/20/"
      }
    },
    {
      "flavor_text": "Morde il bersaglio con delle zanne generate\ncon l\u2019energia psichica e rompe barriere come\nRiflesso e Schermoluce.",
      "language": {
        "name": "it",
        "url": "https://pokeapi.co/api/v2/language/8/"
      },
      "version_group": {
        "name": "sword-shield",
        "url": "https://pokeapi.co/api/v2/version-group/20/"
      }
    },
    {
      "flavor_text": "The user bites the target with its psychic\ncapabilities. This can also destroy Light Screen\nand Reflect.",
      "language": {
        "name": "en",
        "url": "https://pokeapi.co/api/v2/language/9/"
      },
      "version_group": {
        "name": "sword-shield",
        "url": "https://pokeapi.co/api/v2/version-group/20/"
      }
    },
    {
      "flavor_text": "\u30b5\u30a4\u30b3\u30d1\u30ef\u30fc\u3067\u3000\u304b\u307f\u3064\u3044\u3066\n\u76f8\u624b\u3092\u3000\u653b\u6483\u3059\u308b\u3002\u3000\u3072\u304b\u308a\u306e\u304b\u3079\u3084\n\u30ea\u30d5\u30ec\u30af\u30bf\u30fc\u3000\u306a\u3069\u3082\u3000\u7834\u58ca\u3067\u304d\u308b\u3002",
      "language": {
        "name": "ja",
        "url": "https://pokeapi.co/api/v2/language/11/"
      },
      "version_group": {
        "name": "sword-shield",
        "url": "https://pokeapi.co/api/v2/version-group/20/"
      }
    },
    {
      "flavor_text": "\u5229\u7528\u7cbe\u795e\u529b\u91cf\u54ac\u4f4f\u5bf9\u624b\u8fdb\u884c\u653b\u51fb\u3002\n\u8fd8\u53ef\u4ee5\u7834\u574f\u5149\u5899\u548c\u53cd\u5c04\u58c1\u7b49\u3002",
      "language": {
        "name": "zh-Hans",
        "url": "https://pokeapi.co/api/v2/language/12/"
      },
      "version_group": {
        "name": "sword-shield",
        "url": "https://pokeapi.co/api/v2/version-group/20/"
      }
    },
    {
      "flavor_text": "The user bites the target with its psychic capabilities. This can also destroy Light Screen and Reflect.",
      "language": {
        "name": "en",
        "url": "https://pokeapi.co/api/v2/language/9/"
      },
      "version_group": {
        "name": "legends-arceus",
        "url": "https://pokeapi.co/api/v2/version-group/24/"
      }
    },
    {
      "flavor_text": "The user attacks by biting the target with its psychic capabilities. This move can also break barriers, such as Light Screen and Reflect.",
      "language": {
        "name": "en",
        "url": "https://pokeapi.co/api/v2/language/9/"
      },
      "version_group": {
        "name": "scarlet-violet",
        "url": "https://pokeapi.co/api/v2/version-group/25/"
      }
    }
  ],
  "generation": {
    "name": "generation-vii",
    "url": "https://pokeapi.co/api/v2/generation/7/"
  },
  "id": 706,
  "learned_by_pokemon": [
    {
      "name": "ekans",
      "url": "https://pokeapi.co/api/v2/pokemon/23/"
    },
    {
      "name": "arbok",
      "url": "https://pokeapi.co/api/v2/pokemon/24/"
    },
    {
      "name": "growlithe",
      "url": "https://pokeapi.co/api/v2/pokemon/58/"
    },
    {
      "name": "arcanine",
      "url": "https://pokeapi.co/api/v2/pokemon/59/"
    },
    {
      "name": "aerodactyl",
      "url": "https://pokeapi.co/api/v2/pokemon/142/"
    },
    {
      "name": "mew",
      "url": "https://pokeapi.co/api/v2/pokemon/151/"
    },
    {
      "name": "croconaw",
      "url": "https://pokeapi.co/api/v2/pokemon/159/"
    },
    {
      "name": "feraligatr",
      "url": "https://pokeapi.co/api/v2/pokemon/160/"
    },
    {
      "name": "espeon",
      "url": "https://pokeapi.co/api/v2/pokemon/196/"
    },
    {
      "name": "girafarig",
      "url": "https://pokeapi.co/api/v2/pokemon/203/"
    },
    {
      "name": "gligar",
      "url": "https://pokeapi.co/api/v2/pokemon/207/"
    },
    {
      "name": "steelix",
      "url": "https://pokeapi.co/api/v2/pokemon/208/"
    },
    {
      "name": "snubbull",
      "url": "https://pokeapi.co/api/v2/pokemon/209/"
    },
    {
      "name": "granbull",
      "url": "https://pokeapi.co/api/v2/pokemon/210/"
    },
    {
      "name": "houndour",
      "url": "https://pokeapi.co/api/v2/pokemon/228/"
    },
    {
      "name": "houndoom",
      "url": "https://pokeapi.co/api/v2/pokemon/229/"
    },
    {
      "name": "poochyena",
      "url": "https://pokeapi.co/api/v2/pokemon/261/"
    },
    {
      "name": "mightyena",
      "url": "https://pokeapi.co/api/v2/pokemon/262/"
    },
    {
      "name": "mawile",
      "url": "https://pokeapi.co/api/v2/pokemon/303/"
    },
    {
      "name": "electrike",
      "url": "https://pokeapi.co/api/v2/pokemon/309/"
    },
    {
      "name": "manectric",
      "url": "https://pokeapi.co/api/v2/pokemon/310/"
    },
    {
      "name": "carvanha",
      "url": "https://pokeapi.co/api/v2/pokemon/318/"
    },
    {
      "name": "sharpedo",
      "url": "https://pokeapi.co/api/v2/pokemon/319/"
    },
    {
      "name": "seviper",
      "url": "https://pokeapi.co/api/v2/pokemon/336/"
    },
    {
      "name": "salamence",
      "url": "https://pokeapi.co/api/v2/pokemon/373/"
    },
    {
      "name": "metagross",
      "url": "https://pokeapi.co/api/v2/pokemon/376/"
    },
    {
      "name": "shinx",
      "url": "https://pokeapi.co/api/v2/pokemon/403/"
    },
    {
      "name": "luxio",
      "url": "https://pokeapi.co/api/v2/pokemon/404/"
    },
    {
      "name": "luxray",
      "url": "https://pokeapi.co/api/v2/pokemon/405/"
    },
    {
      "name": "gliscor",
      "url": "https://pokeapi.co/api/v2/pokemon/472/"
    },
    {
      "name": "lillipup",
      "url": "https://pokeapi.co/api/v2/pokemon/506/"
    },
    {
      "name": "herdier",
      "url": "https://pokeapi.co/api/v2/pokemon/507/"
    },
    {
      "name": "stoutland",
      "url": "https://pokeapi.co/api/v2/pokemon/508/"
    },
    {
      "name": "swoobat",
      "url": "https://pokeapi.co/api/v2/pokemon/528/"
    },
    {
      "name": "basculin-red-striped",
      "url": "https://pokeapi.co/api/v2/pokemon/550/"
    },
    {
      "name": "litleo",
      "url": "https://pokeapi.co/api/v2/pokemon/667/"
    },
    {
      "name": "pyroar",
      "url": "https://pokeapi.co/api/v2/pokemon/668/"
    },
    {
      "name": "tyrunt",
      "url": "https://pokeapi.co/api/v2/pokemon/696/"
    },
    {
      "name": "tyrantrum",
      "url": "https://pokeapi.co/api/v2/pokemon/697/"
    },
    {
      "name": "yungoos",
      "url": "https://pokeapi.co/api/v2/pokemon/734/"
    },
    {
      "name": "gumshoos",
      "url": "https://pokeapi.co/api/v2/pokemon/735/"
    },
    {
      "name": "rockruff",
      "url": "https://pokeapi.co/api/v2/pokemon/744/"
    },
    {
      "name": "lycanroc-midday",
      "url": "https://pokeapi.co/api/v2/pokemon/745/"
    },
    {
      "name": "silvally",
      "url": "https://pokeapi.co/api/v2/pokemon/773/"
    },
    {
      "name": "bruxish",
      "url": "https://pokeapi.co/api/v2/pokemon/779/"
    },
    {
      "name": "solgaleo",
      "url": "https://pokeapi.co/api/v2/pokemon/791/"
    },
    {
      "name": "necrozma",
      "url": "https://pokeapi.co/api/v2/pokemon/800/"
    },
    {
      "name": "greedent",
      "url": "https://pokeapi.co/api/v2/pokemon/820/"
    },
    {
      "name": "boltund",
      "url": "https://pokeapi.co/api/v2/pokemon/836/"
    },
    {
      "name": "arrokuda",
      "url": "https://pokeapi.co/api/v2/pokemon/846/"
    },
    {
      "name": "barraskewda",
      "url": "https://pokeapi.co/api/v2/pokemon/847/"
    },
    {
      "name": "morpeko-full-belly",
      "url": "https://pokeapi.co/api/v2/pokemon/877/"
    },
    {
      "name": "dracovish",
      "url": "https://pokeapi.co/api/v2/pokemon/882/"
    },
    {
      "name": "arctovish",
      "url": "https://pokeapi.co/api/v2/pokemon/883/"
    },
    {
      "name": "drakloak",
      "url": "https://pokeapi.co/api/v2/pokemon/886/"
    },
    {
      "name": "dragapult",
      "url": "https://pokeapi.co/api/v2/pokemon/887/"
    },
    {
      "name": "zacian",
      "url": "https://pokeapi.co/api/v2/pokemon/888/"
    },
    {
      "name": "zamazenta",
      "url": "https://pokeapi.co/api/v2/pokemon/889/"
    },
    {
      "name": "basculegion-male",
      "url": "https://pokeapi.co/api/v2/pokemon/902/"
    },
    {
      "name": "fidough",
      "url": "https://pokeapi.co/api/v2/pokemon/926/"
    },
    {
      "name": "dachsbun",
      "url": "https://pokeapi.co/api/v2/pokemon/927/"
    },
    {
      "name": "maschiff",
      "url": "https://pokeapi.co/api/v2/pokemon/942/"
    },
    {
      "name": "mabosstiff",
      "url": "https://pokeapi.co/api/v2/pokemon/943/"
    },
    {
      "name": "greavard",
      "url": "https://pokeapi.co/api/v2/pokemon/971/"
    },
    {
      "name": "houndstone",
      "url": "https://pokeapi.co/api/v2/pokemon/972/"
    },
    {
      "name": "veluza",
      "url": "https://pokeapi.co/api/v2/pokemon/976/"
    },
    {
      "name": "farigiraf",
      "url": "https://pokeapi.co/api/v2/pokemon/981/"
    },
    {
      "name": "scream-tail",
      "url": "https://pokeapi.co/api/v2/pokemon/985/"
    },
    {
      "name": "chien-pao",
      "url": "https://pokeapi.co/api/v2/pokemon/1002/"
    },
    {
      "name": "okidogi",
      "url": "https://pokeapi.co/api/v2/pokemon/1014/"
    },
    {
      "name": "gouging-fire",
      "url": "https://pokeapi.co/api/v2/pokemon/1020/"
    },
    {
      "name": "basculin-blue-striped",
      "url": "https://pokeapi.co/api/v2/pokemon/10016/"
    },
    {
      "name": "lycanroc-midnight",
      "url": "https://pokeapi.co/api/v2/pokemon/10126/"
    },
    {
      "name": "rockruff-own-tempo",
      "url": "https://pokeapi.co/api/v2/pokemon/10151/"
    },
    {
      "name": "lycanroc-dusk",
      "url": "https://pokeapi.co/api/v2/pokemon/10152/"
    },
    {
      "name": "necrozma-dusk",
      "url": "https://pokeapi.co/api/v2/pokemon/10155/"
    },
    {
      "name": "necrozma-dawn",
      "url": "https://pokeapi.co/api/v2/pokemon/10156/"
    },
    {
      "name": "morpeko-hangry",
      "url": "https://pokeapi.co/api/v2/pokemon/10187/"
    },
    {
      "name": "zacian-crowned",
      "url": "https://pokeapi.co/api/v2/pokemon/10188/"
    },
    {
      "name": "zamazenta-crowned",
      "url": "https://pokeapi.co/api/v2/pokemon/10189/"
    },
    {
      "name": "growlithe-hisui",
      "url": "https://pokeapi.co/api/v2/pokemon/10229/"
    },
    {
      "name": "arcanine-hisui",
      "url": "https://pokeapi.co/api/v2/pokemon/10230/"
    },
    {
      "name": "basculin-white-striped",
      "url": "https://pokeapi.co/api/v2/pokemon/10247/"
    },
    {
      "name": "basculegion-female",
      "url": "https://pokeapi.co/api/v2/pokemon/10248/"
    }
  ],
  "machines": [
    {
      "machine": {
        "url": "https://pokeapi.co/api/v2/machine/1686/"
      },
      "version_group": {
        "name": "sword-shield",
        "url": "https://pokeapi.co/api/v2/version-group/20/"
      }
    },
    {
      "machine": {
        "url": "https://pokeapi.co/api/v2/machine/1768/"
      },
      "version_group": {
        "name": "scarlet-violet",
        "url": "https://pokeapi.co/api/v2/version-group/25/"
      }
    },
    {
      "machine": {
        "url": "https://pokeapi.co/api/v2/machine/1986/"
      },
      "version_group": {
        "name": "the-indigo-disk",
        "url": "https://pokeapi.co/api/v2/version-group/27/"
      }
    }
  ],
  "meta": {
    "ailment": {
      "name": "none",
      "url": "https://pokeapi.co/api/v2/move-ailment/0/"
    },
    "ailment_chance": 0,
    "category": {
      "name": "damage",
      "url": "https://pokeapi.co/api/v2/move-category/0/"
    },
    "crit_rate": 0,
    "drain": 0,
    "flinch_chance": 0,
    "healing": 0,
    "max_hits": null,
    "max_turns": null,
    "min_hits": null,
    "min_turns": null,
    "stat_chance": 0
  },
  "name": "psychic-fangs",
  "names": [
    {
      "language": {
        "name": "ja-Hrkt",
        "url": "https://pokeapi.co/api/v2/language/1/"
      },
      "name": "\u30b5\u30a4\u30b3\u30d5\u30a1\u30f3\u30b0"
    },
    {
      "language": {
        "name": "ko",
        "url": "https://pokeapi.co/api/v2/language/3/"
      },
      "name": "\uc0ac\uc774\ucf54\ud33d"
    },
    {
      "language": {
        "name": "zh-Hant",
        "url": "https://pokeapi.co/api/v2/language/4/"
      },
      "name": "\u7cbe\u795e\u4e4b\u7259"
    },
    {
      "language": {
        "name": "fr",
        "url": "https://pokeapi.co/api/v2/language/5/"
      },
      "name": "Psycho-Croc"
    },
    {
      "language": {
        "name": "de",
        "url": "https://pokeapi.co/api/v2/language/6/"
      },
      "name": "Psychobei\u00dfer"
    },
    {
      "language": {
        "name": "es",
        "url": "https://pokeapi.co/api/v2/language/7/"
      },
      "name": "Psicocolmillo"
    },
    {
      "language": {
        "name": "it",
        "url": "https://pokeapi.co/api/v2/language/8/"
      },
      "name": "Psicozanna"
    },
    {
      "language": {
        "name": "en",
        "url": "https://pokeapi.co/api/v2/language/9/"
      },
      "name": "Psychic Fangs"
    },
    {
      "language": {
        "name": "ja",
        "url": "https://pokeapi.co/api/v2/language/11/"
      },
      "name": "\u30b5\u30a4\u30b3\u30d5\u30a1\u30f3\u30b0"
    },
    {
      "language": {
        "name": "zh-Hans",
        "url": "https://pokeapi.co/api/v2/language/12/"
      },
      "name": "\u7cbe\u795e\u4e4b\u7259"
    }
  ],
  "past_values": [],
  "power": 85,
  "pp": 10,
  "priority": 0,
  "stat_changes": [],
  "super_contest_effect": null,
  "target": {
    "name": "selected-pokemon",
    "url": "https://pokeapi.co/api/v2/move-target/10/"
  },
  "type": {
    "name": "psychic",
    "url": "https://pokeapi.co/api/v2/type/14/"
  }
}