{
  "accuracy": 90,
  "contest_combos": null,
  "contest_effect": null,
  "contest_type": null,
  "damage_class": {
    "name": "special",
    "url": "https://pokeapi.co/api/v2/move-damage-class/3/"
  },
  "effect_chance": null,
  "effect_changes": [],
  "effect_entries": [
    {
      "effect": "Inflicts regular damage.  User loses its next turn to \"recharge\", and cannot attack or switch out during that turn.",
      "language": {
        "name": "en",
        "url": "https://pokeapi.co/api/v2/language/9/"
      },
      "short_effect": "User foregoes its next turn to recharge."
    }
  ],
  "flavor_text_entries": [
    {
      "flavor_text": "\u307b\u3093\u3089\u3044\u306e\u3000\u3059\u304c\u305f\u3068\u3000\u306a\u3063\u305f\n\u30e0\u30b2\u30f3\u30c0\u30a4\u30ca\u3000\u3055\u3044\u3060\u3044\u306e\u3000\u3053\u3046\u3052\u304d\u3002\n\u3064\u304e\u306e\u3000\u30bf\u30fc\u30f3\u306f\u3000\u3046\u3054\u3051\u306a\u304f\u306a\u308b\u3002",
      "language": {
        "name": "ja-Hrkt",
        "url": "https://pokeapi.co/api/v2/language/1/"
      },
      "version_group": {
        "name": "sword-shield",
        "url": "https://pokeapi.co/api/v2/version-group/20/"
      }
    },
    {
      "flavor_text": "\ubcf8\ub798\uc758 \ubaa8\uc2b5\uc774 \ub41c\n\ubb34\ud55c\ub2e4\uc774\ub178 \ucd5c\ub300\uc758 \uacf5\uaca9.\n\ub2e4\uc74c \ud134\uc740 \uc6c0\uc9c1\uc77c \uc218 \uc5c6\ub2e4.",
      "language": {
        "name": "ko",
        "url": "https://pokeapi.co/api/v2/language/3/"
      },
      "version_group": {
        "name": "sword-shield",
        "url": "https://pokeapi.co/api/v2/version-group/20/"
      }
    },
    {
      "flavor_text": "\u7121\u6975\u6c70\u90a3\u8b8a\u56de\n\u672c\u4f86\u6a23\u5b50\u6642\u7684\u6700\u5f37\u653b\u64ca\u3002\n\u4e0b\u4e00\u56de\u5408\u81ea\u5df1\u5c07\u7121\u6cd5\u52d5\u5f48\u3002",
      "language": {
        "name": "zh-Hant",
        "url": "https://pokeapi.co/api/v2/language/4/"
      },
      "version_group": {
        "name": "sword-shield",
        "url": "https://pokeapi.co/api/v2/version-group/20/"
      }
    },
    {
      "flavor_text": "L\u2019attaque la plus puissante d\u2019\u00c9thernatos sous\nsa forme originelle. S\u2019il l\u2019utilise, il devra se reposer\nau tour suivant.",
      "language": {
        "name": "fr",
        "url": "https://pokeapi.co/api/v2/language/5/"
      },
      "version_group": {
        "name": "sword-shield",
        "url": "https://pokeapi.co/api/v2/version-group/20/"
      }
    },
    {
      "flavor_text": "Der m\u00e4chtigste Angriff, \u00fcber den Endynalos in seiner\nurspr\u00fcnglichen Form verf\u00fcgt. In der n\u00e4chsten Runde\nkann der Anwender nicht handeln.",
      "language": {
        "name": "de",
        "url": "https://pokeapi.co/api/v2/language/6/"
      },
      "version_group": {
        "name": "sword-shield",
        "url": "https://pokeapi.co/api/v2/version-group/20/"
      }
    },
    {
      "flavor_text": "Este es el mayor ataque de Eternatus una vez adquirida\nsu forma original. No puede moverse en el turno\nsiguiente.",
      "language": {
        "name": "es",
        "url": "https://pokeapi.co/api/v2/language/7/"
      },
      "version_group": {
        "name": "sword-shield",
        "url": "https://pokeapi.co/api/v2/version-group/20/"
      }
    },
    {
      "flavor_text": "\u00c8 l\u2019attacco pi\u00f9 potente di Eternatus quando assume\nla sua forma originale. Nel turno successivo non pu\u00f2\nagire.",
      "language": {
        "name": "it",
        "url": "https://pokeapi.co/api/v2/language/8/"
      },
      "version_group": {
        "name": "sword-shield",
        "url": "https://pokeapi.co/api/v2/version-group/20/"
      }
    },
    {
      "flavor_text": "This is Eternatus\u2019s most powerful attack in its original\nform. The user can\u2019t move on the next turn.",
      "language": {
        "name": "en",
        "url": "https://pokeapi.co/api/v2/language/9/"
      },
      "version_group": {
        "name": "sword-shield",
        "url": "https://pokeapi.co/api/v2/version-group/20/"
      }
    },
    {
      "flavor_text": "\u672c\u6765\u306e\u3000\u59ff\u3068\u3000\u306a\u3063\u305f\n\u30e0\u30b2\u30f3\u30c0\u30a4\u30ca\u3000\u6700\u5927\u306e\u3000\u653b\u6483\u3002\n\u6b21\u306e\u3000\u30bf\u30fc\u30f3\u306f\u3000\u52d5\u3051\u306a\u304f\u306a\u308b\u3002",
      "language": {
        "name": "ja",
        "url": "https://pokeapi.co/api/v2/language/11/"
      },
      "version_group": {
        "name": "sword-shield",
        "url": "https://pokeapi.co/api/v2/version-group/20/"
      }
    },
    {
      "flavor_text": "\u65e0\u6781\u6c70\u90a3\u53d8\u56de\u539f\u6765\u7684\u6837\u5b50\u540e\uff0c\n\u53d1\u52a8\u7684\u6700\u5f3a\u653b\u51fb\u3002\n\u4e0b\u4e00\u56de\u5408\u81ea\u5df1\u5c06\u65e0\u6cd5\u52a8\u5f39\u3002",
      "language": {
        "name": "zh-Hans",
        "url": "https://pokeapi.co/api/v2/language/12/"
      },
      "version_group": {
        "name": "sword-shield",
        "url": "https://pokeapi.co/api/v2/version-group/20/"
      }
    }
  ],
  "generation": {
    "name": "generation-viii",
    "url": "https://pokeapi.co/api/v2/generation/8/"
  },
  "id": 795,
  "learned_by_pokemon": [
    {
      "name": "eternatus",
      "url": "https://pokeapi.co/api/v2/pokemon/890/"
    },
    {
      "name": "eternatus-eternamax",
      "url": "https://pokeapi.co/api/v2/pokemon/10190/"
    }
  ],
  "machines": [],
  "meta": {
    "ailment": {
      "name": "none",
      "url": "https://pokeapi.co/api/v2/move-ailment/0/"
    },
    "ailment_chance": 0,
    "category": {
      "name": "damage",
      "url": "https://pokeapi.co/api/v2/move-category/0/"
    },
    "crit_rate": 0,
    "drain": 0,
    "flinch_chance": 0,
    "healing": 0,
    "max_hits": null,
    "max_turns": null,
    "min_hits": null,
    "min_turns": null,
    "stat_chance": 0
  },
  "name": "eternabeam",
  "names": [
    {
      "language": {
        "name": "ja-Hrkt",
        "url": "https://pokeapi.co/api/v2/language/1/"
      },
      "name": "\u30e0\u30b2\u30f3\u30c0\u30a4\u30d3\u30fc\u30e0"
    },
    {
      "language": {
        "name": "ko",
        "url": "https://pokeapi.co/api/v2/language/3/"
      },
      "name": "\ubb34\ud55c\ub2e4\uc774\ube54"
    },
    {
      "language": {
        "name": "zh-Hant",
        "url": "https://pokeapi.co/api/v2/language/4/"
      },
      "name": "\u7121\u6975\u5149\u675f"
    },
    {
      "language": {
        "name": "fr",
        "url": "https://pokeapi.co/api/v2/language/5/"
      },
      "name": "Laser Infinimax"
    },
    {
      "language": {
        "name": "de",
        "url": "https://pokeapi.co/api/v2/language/6/"
      },
      "name": "Unendynastrahlen"
    },
    {
      "language": {
        "name": "es",
        "url": "https://pokeapi.co/api/v2/language/7/"
      },
      "name": "Rayo Infinito"
    },
    {
      "language": {
        "name": "it",
        "url": "https://pokeapi.co/api/v2/language/8/"
      },
      "name": "Raggio Infinito"
    },
    {
      "language": {
        "name": "en",
        "url": "https://pokeapi.co/api/v2/language/9/"
      },
      "name": "Eternabeam"
    },
    {
      "language": {
        "name": "ja",
        "url": "https://pokeapi.co/api/v2/language/11/"
      },
      "name": "\u30e0\u30b2\u30f3\u30c0\u30a4\u30d3\u30fc\u30e0"
    },
    {
      "language": {
        "name": "zh-Hans",
        "url": "https://pokeapi.co/api/v2/language/12/"
      },
      "name": "\u65e0\u6781\u5149\u675f"
    }
  ],
  "past_values": [],
  "power": 160,
  "pp": 5,
  "priority": 0,
  "stat_changes": [],
  "super_contest_effect": null,
  "target": {
    "name": "selected-pokemon",
    "url": "https://pokeapi.co/api/v2/move-target/10/"
  },
  "type": {
    "name": "dragon",
    "url": "https://pokeapi.co/api/v2/type/16/"
  }
}