{
  "accuracy": 100,
  "contest_combos": {
    "normal": {
      "use_after": [
        {
          "name": "ice-punch",
          "url": "https://pokeapi.co/api/v2/move/8/"
        },
        {
          "name": "thunder-punch",
          "url": "https://pokeapi.co/api/v2/move/9/"
        },
        {
          "name": "sunny-day",
          "url": "https://pokeapi.co/api/v2/move/241/"
        }
      ],
      "use_before": [
        {
          "name": "ice-punch",
          "url": "https://pokeapi.co/api/v2/move/8/"
        },
        {
          "name": "thunder-punch",
          "url": "https://pokeapi.co/api/v2/move/9/"
        }
      ]
    },
    "super": {
      "use_after": null,
      "use_before": null
    }
  },
  "contest_effect": {
    "url": "https://pokeapi.co/api/v2/contest-effect/1/"
  },
  "contest_type": {
    "name": "beauty",
    "url": "https://pokeapi.co/api/v2/contest-type/2/"
  },
  "damage_class": {
    "name": "physical",
    "url": "https://pokeapi.co/api/v2/move-damage-class/2/"
  },
  "effect_chance": 10,
  "effect_changes": [],
  "effect_entries": [
    {
      "effect": "Inflicts regular damage.  Has a 10% chance to burn the target.",
      "language": {
        "name": "en",
        "url": "https://pokeapi.co/api/v2/language/9/"
      },
      "short_effect": "Has a 10% chance to burn the target."
    }
  ],
  "flavor_text_entries": [
    {
      "flavor_text": "A fiery punch. May\ncause a burn.",
      "language": {
        "name": "en",
        "url": "https://pokeapi.co/api/v2/language/9/"
      },
      "version_group": {
        "name": "gold-silver",
        "url": "https://pokeapi.co/api/v2/version-group/3/"
      }
    },
    {
      "flavor_text": "A fiery punch. May\ncause a burn.",
      "language": {
        "name": "en",
        "url": "https://pokeapi.co/api/v2/language/9/"
      },
      "version_group": {
        "name": "crystal",
        "url": "https://pokeapi.co/api/v2/version-group/4/"
      }
    },
    {
      "flavor_text": "A fiery punch that may burn\nthe foe.",
      "language": {
        "name": "en",
        "url": "https://pokeapi.co/api/v2/language/9/"
      },
      "version_group": {
        "name": "ruby-sapphire",
        "url": "https://pokeapi.co/api/v2/version-group/5/"
      }
    },
    {
      "flavor_text": "A fiery punch that may burn\nthe foe.",
      "language": {
        "name": "en",
        "url": "https://pokeapi.co/api/v2/language/9/"
      },
      "version_group": {
        "name": "emerald",
        "url": "https://pokeapi.co/api/v2/version-group/6/"
      }
    },
    {
      "flavor_text": "The foe is punched\nwith a fiery fist.\nIt may leave the\nfoe with a burn.",
      "language": {
        "name": "en",
        "url": "https://pokeapi.co/api/v2/language/9/"
      },
      "version_group": {
        "name": "firered-leafgreen",
        "url": "https://pokeapi.co/api/v2/version-group/7/"
      }
    },
    {
      "flavor_text": "The foe is punched\nwith a fiery fist.\nIt may leave the\ntarget with a burn.\n",
      "language": {
        "name": "en",
        "url": "https://pokeapi.co/api/v2/language/9/"
      },
      "version_group": {
        "name": "diamond-pearl",
        "url": "https://pokeapi.co/api/v2/version-group/8/"
      }
    },
    {
      "flavor_text": "The foe is punched\nwith a fiery fist.\nIt may leave the\ntarget with a burn.\n",
      "language": {
        "name": "en",
        "url": "https://pokeapi.co/api/v2/language/9/"
      },
      "version_group": {
        "name": "platinum",
        "url": "https://pokeapi.co/api/v2/version-group/9/"
      }
    },
    {
      "flavor_text": "The foe is punched\nwith a fiery fist.\nIt may leave the\ntarget with a burn.\n",
      "language": {
        "name": "en",
        "url": "https://pokeapi.co/api/v2/language/9/"
      },
      "version_group": {
        "name": "heartgold-soulsilver",
        "url": "https://pokeapi.co/api/v2/version-group/10/"
      }
    },
    {
      "flavor_text": "Un coup de poing enflamm\u00e9 vient\nfrapper l\u2019ennemi. Peut le br\u00fbler.",
      "language": {
        "name": "fr",
        "url": "https://pokeapi.co/api/v2/language/5/"
      },
      "version_group": {
        "name": "black-white",
        "url": "https://pokeapi.co/api/v2/version-group/11/"
      }
    },
    {
      "flavor_text": "The target is punched with a fiery fist.\nIt may also leave the target with a burn.",
      "language": {
        "name": "en",
        "url": "https://pokeapi.co/api/v2/language/9/"
      },
      "version_group": {
        "name": "black-white",
        "url": "https://pokeapi.co/api/v2/version-group/11/"
      }
    },
    {
      "flavor_text": "The target is punched with a fiery fist.\nIt may also leave the target with a burn.",
      "language": {
        "name": "en",
        "url": "https://pokeapi.co/api/v2/language/9/"
      },
      "version_group": {
        "name": "black-2-white-2",
        "url": "https://pokeapi.co/api/v2/version-group/14/"
      }
    },
    {
      "flavor_text": "\u307b\u306e\u304a\u3092\u3000\u3053\u3081\u305f\u3000\u30d1\u30f3\u30c1\u3067\n\u3042\u3044\u3066\u3092\u3000\u3053\u3046\u3052\u304d\u3059\u308b\u3002\n\u3084\u3051\u3069\u3000\u3058\u3087\u3046\u305f\u3044\u306b\u3000\u3059\u308b\u3053\u3068\u304c\u3000\u3042\u308b\u3002",
      "language": {
        "name": "ja-Hrkt",
        "url": "https://pokeapi.co/api/v2/language/1/"
      },
      "version_group": {
        "name": "x-y",
        "url": "https://pokeapi.co/api/v2/version-group/15/"
      }
    },
    {
      "flavor_text": "\ubd88\uaf43\uc744 \ub2f4\uc740 \ud380\uce58\ub85c\n\uc0c1\ub300\ub97c \uacf5\uaca9\ud55c\ub2e4.\n\ud654\uc0c1 \uc0c1\ud0dc\ub85c \ub9cc\ub4e4 \ub54c\uac00 \uc788\ub2e4.",
      "language": {
        "name": "ko",
        "url": "https://pokeapi.co/api/v2/language/3/"
      },
      "version_group": {
        "name": "x-y",
        "url": "https://pokeapi.co/api/v2/version-group/15/"
      }
    },
    {
      "flavor_text": "Un coup de poing enflamm\u00e9 vient frapper l\u2019ennemi.\nPeut le br\u00fbler.",
      "language": {
        "name": "fr",
        "url": "https://pokeapi.co/api/v2/language/5/"
      },
      "version_group": {
        "name": "x-y",
        "url": "https://pokeapi.co/api/v2/version-group/15/"
      }
    },
    {
      "flavor_text": "Feuriger Schlag, der dem Ziel eventuell\nVerbrennungen zuf\u00fcgt.",
      "language": {
        "name": "de",
        "url": "https://pokeapi.co/api/v2/language/6/"
      },
      "version_group": {
        "name": "x-y",
        "url": "https://pokeapi.co/api/v2/version-group/15/"
      }
    },
    {
      "flavor_text": "Pu\u00f1etazo ardiente. Puede quemar.",
      "language": {
        "name": "es",
        "url": "https://pokeapi.co/api/v2/language/7/"
      },
      "version_group": {
        "name": "x-y",
        "url": "https://pokeapi.co/api/v2/version-group/15/"
      }
    },
    {
      "flavor_text": "Colpisce il bersaglio con un pugno ardente\nche pu\u00f2 scottarlo.",
      "language": {
        "name": "it",
        "url": "https://pokeapi.co/api/v2/language/8/"
      },
      "version_group": {
        "name": "x-y",
        "url": "https://pokeapi.co/api/v2/version-group/15/"
      }
    },
    {
      "flavor_text": "The target is punched with a fiery fist.\nThis may also leave the target with a burn.",
      "language": {
        "name": "en",
        "url": "https://pokeapi.co/api/v2/language/9/"
      },
      "version_group": {
        "name": "x-y",
        "url": "https://pokeapi.co/api/v2/version-group/15/"
      }
    },
    {
      "flavor_text": "\u708e\u3092\u3000\u3053\u3081\u305f\u3000\u30d1\u30f3\u30c1\u3067\n\u76f8\u624b\u3092\u3000\u653b\u6483\u3059\u308b\u3002\n\u3084\u3051\u3069\u72b6\u614b\u306b\u3000\u3059\u308b\u3053\u3068\u304c\u3000\u3042\u308b\u3002",
      "language": {
        "name": "ja",
        "url": "https://pokeapi.co/api/v2/language/11/"
      },
      "version_group": {
        "name": "x-y",
        "url": "https://pokeapi.co/api/v2/version-group/15/"
      }
    },
    {
      "flavor_text": "\u307b\u306e\u304a\u3092\u3000\u3053\u3081\u305f\u3000\u30d1\u30f3\u30c1\u3067\n\u3042\u3044\u3066\u3092\u3000\u3053\u3046\u3052\u304d\u3059\u308b\u3002\n\u3084\u3051\u3069\u3000\u3058\u3087\u3046\u305f\u3044\u306b\u3000\u3059\u308b\u3053\u3068\u304c\u3000\u3042\u308b\u3002",
      "language": {
        "name": "ja-Hrkt",
        "url": "https://pokeapi.co/api/v2/language/1/"
      },
      "version_group": {
        "name": "omega-ruby-alpha-sapphire",
        "url": "https://pokeapi.co/api/v2/version-group/16/"
      }
    },
    {
      "flavor_text": "\ubd88\uaf43\uc744 \ub2f4\uc740 \ud380\uce58\ub85c\n\uc0c1\ub300\ub97c \uacf5\uaca9\ud55c\ub2e4.\n\ud654\uc0c1 \uc0c1\ud0dc\ub85c \ub9cc\ub4e4 \ub54c\uac00 \uc788\ub2e4.",
      "language": {
        "name": "ko",
        "url": "https://pokeapi.co/api/v2/language/3/"
      },
      "version_group": {
        "name": "omega-ruby-alpha-sapphire",
        "url": "https://pokeapi.co/api/v2/version-group/16/"
      }
    },
    {
      "flavor_text": "Un coup de poing enflamm\u00e9 vient frapper l\u2019ennemi.\nPeut le br\u00fbler.",
      "language": {
        "name": "fr",
        "url": "https://pokeapi.co/api/v2/language/5/"
      },
      "version_group": {
        "name": "omega-ruby-alpha-sapphire",
        "url": "https://pokeapi.co/api/v2/version-group/16/"
      }
    },
    {
      "flavor_text": "Feuriger Schlag, der dem Ziel eventuell\nVerbrennungen zuf\u00fcgt.",
      "language": {
        "name": "de",
        "url": "https://pokeapi.co/api/v2/language/6/"
      },
      "version_group": {
        "name": "omega-ruby-alpha-sapphire",
        "url": "https://pokeapi.co/api/v2/version-group/16/"
      }
    },
    {
      "flavor_text": "Pu\u00f1etazo ardiente. Puede quemar.",
      "language": {
        "name": "es",
        "url": "https://pokeapi.co/api/v2/language/7/"
      },
      "version_group": {
        "name": "omega-ruby-alpha-sapphire",
        "url": "https://pokeapi.co/api/v2/version-group/16/"
      }
    },
    {
      "flavor_text": "Colpisce il bersaglio con un pugno ardente\nche pu\u00f2 scottarlo.",
      "language": {
        "name": "it",
        "url": "https://pokeapi.co/api/v2/language/8/"
      },
      "version_group": {
        "name": "omega-ruby-alpha-sapphire",
        "url": "https://pokeapi.co/api/v2/version-group/16/"
      }
    },
    {
      "flavor_text": "The target is punched with a fiery fist.\nThis may also leave the target with a burn.",
      "language": {
        "name": "en",
        "url": "https://pokeapi.co/api/v2/language/9/"
      },
      "version_group": {
        "name": "omega-ruby-alpha-sapphire",
        "url": "https://pokeapi.co/api/v2/version-group/16/"
      }
    },
    {
      "flavor_text": "\u708e\u3092\u3000\u3053\u3081\u305f\u3000\u30d1\u30f3\u30c1\u3067\n\u76f8\u624b\u3092\u3000\u653b\u6483\u3059\u308b\u3002\n\u3084\u3051\u3069\u72b6\u614b\u306b\u3000\u3059\u308b\u3053\u3068\u304c\u3000\u3042\u308b\u3002",
      "language": {
        "name": "ja",
        "url": "https://pokeapi.co/api/v2/language/11/"
      },
      "version_group": {
        "name": "omega-ruby-alpha-sapphire",
        "url": "https://pokeapi.co/api/v2/version-group/16/"
      }
    },
    {
      "flavor_text": "\u307b\u306e\u304a\u3092\u3000\u3053\u3081\u305f\u3000\u30d1\u30f3\u30c1\u3067\n\u3042\u3044\u3066\u3092\u3000\u3053\u3046\u3052\u304d\u3059\u308b\u3002\n\u3084\u3051\u3069\u3000\u3058\u3087\u3046\u305f\u3044\u306b\u3000\u3059\u308b\u3053\u3068\u304c\u3000\u3042\u308b\u3002",
      "language": {
        "name": "ja-Hrkt",
        "url": "https://pokeapi.co/api/v2/language/1/"
      },
      "version_group": {
        "name": "sun-moon",
        "url": "https://pokeapi.co/api/v2/version-group/17/"
      }
    },
    {
      "flavor_text": "\ubd88\uaf43\uc744 \ub2f4\uc740 \ud380\uce58\ub85c\n\uc0c1\ub300\ub97c \uacf5\uaca9\ud55c\ub2e4.\n\ud654\uc0c1 \uc0c1\ud0dc\ub85c \ub9cc\ub4e4 \ub54c\uac00 \uc788\ub2e4.",
      "language": {
        "name": "ko",
        "url": "https://pokeapi.co/api/v2/language/3/"
      },
      "version_group": {
        "name": "sun-moon",
        "url": "https://pokeapi.co/api/v2/version-group/17/"
      }
    },
    {
      "flavor_text": "\u7528\u5e36\u6709\u706b\u7130\u7684\u62f3\u982d\n\u653b\u64ca\u5c0d\u624b\u3002\n\u6709\u6642\u6703\u8b93\u5c0d\u624b\u9677\u5165\u707c\u50b7\u72c0\u614b\u3002",
      "language": {
        "name": "zh-Hant",
        "url": "https://pokeapi.co/api/v2/language/4/"
      },
      "version_group": {
        "name": "sun-moon",
        "url": "https://pokeapi.co/api/v2/version-group/17/"
      }
    },
    {
      "flavor_text": "Un coup de poing enflamm\u00e9 vient frapper l\u2019ennemi.\nPeut le br\u00fbler.",
      "language": {
        "name": "fr",
        "url": "https://pokeapi.co/api/v2/language/5/"
      },
      "version_group": {
        "name": "sun-moon",
        "url": "https://pokeapi.co/api/v2/version-group/17/"
      }
    },
    {
      "flavor_text": "Feuriger Schlag, der dem Ziel eventuell\nVerbrennungen zuf\u00fcgt.",
      "language": {
        "name": "de",
        "url": "https://pokeapi.co/api/v2/language/6/"
      },
      "version_group": {
        "name": "sun-moon",
        "url": "https://pokeapi.co/api/v2/version-group/17/"
      }
    },
    {
      "flavor_text": "Pu\u00f1etazo ardiente. Puede quemar.",
      "language": {
        "name": "es",
        "url": "https://pokeapi.co/api/v2/language/7/"
      },
      "version_group": {
        "name": "sun-moon",
        "url": "https://pokeapi.co/api/v2/version-group/17/"
      }
    },
    {
      "flavor_text": "Colpisce il bersaglio con un pugno ardente\nche pu\u00f2 scottarlo.",
      "language": {
        "name": "it",
        "url": "https://pokeapi.co/api/v2/language/8/"
      },
      "version_group": {
        "name": "sun-moon",
        "url": "https://pokeapi.co/api/v2/version-group/17/"
      }
    },
    {
      "flavor_text": "The target is punched with a fiery fist. This may also\nleave the target with a burn.",
      "language": {
        "name": "en",
        "url": "https://pokeapi.co/api/v2/language/9/"
      },
      "version_group": {
        "name": "sun-moon",
        "url": "https://pokeapi.co/api/v2/version-group/17/"
      }
    },
    {
      "flavor_text": "\u708e\u3092\u3000\u3053\u3081\u305f\u3000\u30d1\u30f3\u30c1\u3067\n\u76f8\u624b\u3092\u3000\u653b\u6483\u3059\u308b\u3002\n\u3084\u3051\u3069\u72b6\u614b\u306b\u3000\u3059\u308b\u3053\u3068\u304c\u3000\u3042\u308b\u3002",
      "language": {
        "name": "ja",
        "url": "https://pokeapi.co/api/v2/language/11/"
      },
      "version_group": {
        "name": "sun-moon",
        "url": "https://pokeapi.co/api/v2/version-group/17/"
      }
    },
    {
      "flavor_text": "\u7528\u5145\u6ee1\u706b\u7130\u7684\u62f3\u5934\u653b\u51fb\u5bf9\u624b\u3002\n\u6709\u65f6\u4f1a\u8ba9\u5bf9\u624b\u9677\u5165\u707c\u4f24\u72b6\u6001\u3002",
      "language": {
        "name": "zh-Hans",
        "url": "https://pokeapi.co/api/v2/language/12/"
      },
      "version_group": {
        "name": "sun-moon",
        "url": "https://pokeapi.co/api/v2/version-group/17/"
      }
    },
    {
      "flavor_text": "\u307b\u306e\u304a\u3092\u3000\u3053\u3081\u305f\u3000\u30d1\u30f3\u30c1\u3067\n\u3042\u3044\u3066\u3092\u3000\u3053\u3046\u3052\u304d\u3059\u308b\u3002\n\u3084\u3051\u3069\u3000\u3058\u3087\u3046\u305f\u3044\u306b\u3000\u3059\u308b\u3053\u3068\u304c\u3000\u3042\u308b\u3002",
      "language": {
        "name": "ja-Hrkt",
        "url": "https://pokeapi.co/api/v2/language/1/"
      },
      "version_group": {
        "name": "ultra-sun-ultra-moon",
        "url": "https://pokeapi.co/api/v2/version-group/18/"
      }
    },
    {
      "flavor_text": "\ubd88\uaf43\uc744 \ub2f4\uc740 \ud380\uce58\ub85c\n\uc0c1\ub300\ub97c \uacf5\uaca9\ud55c\ub2e4.\n\ud654\uc0c1 \uc0c1\ud0dc\ub85c \ub9cc\ub4e4 \ub54c\uac00 \uc788\ub2e4.",
      "language": {
        "name": "ko",
        "url": "https://pokeapi.co/api/v2/language/3/"
      },
      "version_group": {
        "name": "ultra-sun-ultra-moon",
        "url": "https://pokeapi.co/api/v2/version-group/18/"
      }
    },
    {
      "flavor_text": "\u7528\u5e36\u6709\u706b\u7130\u7684\u62f3\u982d\n\u653b\u64ca\u5c0d\u624b\u3002\n\u6709\u6642\u6703\u8b93\u5c0d\u624b\u9677\u5165\u707c\u50b7\u72c0\u614b\u3002",
      "language": {
        "name": "zh-Hant",
        "url": "https://pokeapi.co/api/v2/language/4/"
      },
      "version_group": {
        "name": "ultra-sun-ultra-moon",
        "url": "https://pokeapi.co/api/v2/version-group/18/"
      }
    },
    {
      "flavor_text": "Un coup de poing enflamm\u00e9 vient frapper l\u2019ennemi.\nPeut le br\u00fbler.",
      "language": {
        "name": "fr",
        "url": "https://pokeapi.co/api/v2/language/5/"
      },
      "version_group": {
        "name": "ultra-sun-ultra-moon",
        "url": "https://pokeapi.co/api/v2/version-group/18/"
      }
    },
    {
      "flavor_text": "Feuriger Schlag, der dem Ziel eventuell\nVerbrennungen zuf\u00fcgt.",
      "language": {
        "name": "de",
        "url": "https://pokeapi.co/api/v2/language/6/"
      },
      "version_group": {
        "name": "ultra-sun-ultra-moon",
        "url": "https://pokeapi.co/api/v2/version-group/18/"
      }
    },
    {
      "flavor_text": "Pu\u00f1etazo ardiente. Puede quemar.",
      "language": {
        "name": "es",
        "url": "https://pokeapi.co/api/v2/language/7/"
      },
      "version_group": {
        "name": "ultra-sun-ultra-moon",
        "url": "https://pokeapi.co/api/v2/version-group/18/"
      }
    },
    {
      "flavor_text": "Colpisce il bersaglio con un pugno ardente\nche pu\u00f2 scottarlo.",
      "language": {
        "name": "it",
        "url": "https://pokeapi.co/api/v2/language/8/"
      },
      "version_group": {
        "name": "ultra-sun-ultra-moon",
        "url": "https://pokeapi.co/api/v2/version-group/18/"
      }
    },
    {
      "flavor_text": "The target is punched with a fiery fist. This may also\nleave the target with a burn.",
      "language": {
        "name": "en",
        "url": "https://pokeapi.co/api/v2/language/9/"
      },
      "version_group": {
        "name": "ultra-sun-ultra-moon",
        "url": "https://pokeapi.co/api/v2/version-group/18/"
      }
    },
    {
      "flavor_text": "\u708e\u3092\u3000\u3053\u3081\u305f\u3000\u30d1\u30f3\u30c1\u3067\n\u76f8\u624b\u3092\u3000\u653b\u6483\u3059\u308b\u3002\n\u3084\u3051\u3069\u72b6\u614b\u306b\u3000\u3059\u308b\u3053\u3068\u304c\u3000\u3042\u308b\u3002",
      "language": {
        "name": "ja",
        "url": "https://pokeapi.co/api/v2/language/11/"
      },
      "version_group": {
        "name": "ultra-sun-ultra-moon",
        "url": "https://pokeapi.co/api/v2/version-group/18/"
      }
    },
    {
      "flavor_text": "\u7528\u5145\u6ee1\u706b\u7130\u7684\u62f3\u5934\u653b\u51fb\u5bf9\u624b\u3002\n\u6709\u65f6\u4f1a\u8ba9\u5bf9\u624b\u9677\u5165\u707c\u4f24\u72b6\u6001\u3002",
      "language": {
        "name": "zh-Hans",
        "url": "https://pokeapi.co/api/v2/language/12/"
      },
      "version_group": {
        "name": "ultra-sun-ultra-moon",
        "url": "https://pokeapi.co/api/v2/version-group/18/"
      }
    },
    {
      "flavor_text": "\u307b\u306e\u304a\u3092\u3000\u3053\u3081\u305f\u3000\u30d1\u30f3\u30c1\u3067\n\u3042\u3044\u3066\u3092\u3000\u3053\u3046\u3052\u304d\u3059\u308b\u3002\n\u3084\u3051\u3069\u3000\u3058\u3087\u3046\u305f\u3044\u306b\u3000\u3059\u308b\u3053\u3068\u304c\u3000\u3042\u308b\u3002",
      "language": {
        "name": "ja-Hrkt",
        "url": "https://pokeapi.co/api/v2/language/1/"
      },
      "version_group": {
        "name": "lets-go-pikachu-lets-go-eevee",
        "url": "https://pokeapi.co/api/v2/version-group/19/"
      }
    },
    {
      "flavor_text": "\ubd88\uaf43\uc744 \ub2f4\uc740 \ud380\uce58\ub85c\n\uc0c1\ub300\ub97c \uacf5\uaca9\ud55c\ub2e4.\n\ud654\uc0c1 \uc0c1\ud0dc\ub85c \ub9cc\ub4e4 \ub54c\uac00 \uc788\ub2e4.",
      "language": {
        "name": "ko",
        "url": "https://pokeapi.co/api/v2/language/3/"
      },
      "version_group": {
        "name": "lets-go-pikachu-lets-go-eevee",
        "url": "https://pokeapi.co/api/v2/version-group/19/"
      }
    },
    {
      "flavor_text": "\u7528\u5e36\u6709\u706b\u7130\u7684\u62f3\u982d\n\u653b\u64ca\u5c0d\u624b\u3002\n\u6709\u6642\u6703\u8b93\u5c0d\u624b\u9677\u5165\u707c\u50b7\u72c0\u614b\u3002",
      "language": {
        "name": "zh-Hant",
        "url": "https://pokeapi.co/api/v2/language/4/"
      },
      "version_group": {
        "name": "lets-go-pikachu-lets-go-eevee",
        "url": "https://pokeapi.co/api/v2/version-group/19/"
      }
    },
    {
      "flavor_text": "Un coup de poing enflamm\u00e9 vient frapper l\u2019ennemi.\nPeut le br\u00fbler.",
      "language": {
        "name": "fr",
        "url": "https://pokeapi.co/api/v2/language/5/"
      },
      "version_group": {
        "name": "lets-go-pikachu-lets-go-eevee",
        "url": "https://pokeapi.co/api/v2/version-group/19/"
      }
    },
    {
      "flavor_text": "Feuriger Schlag, der dem Ziel eventuell\nVerbrennungen zuf\u00fcgt.",
      "language": {
        "name": "de",
        "url": "https://pokeapi.co/api/v2/language/6/"
      },
      "version_group": {
        "name": "lets-go-pikachu-lets-go-eevee",
        "url": "https://pokeapi.co/api/v2/version-group/19/"
      }
    },
    {
      "flavor_text": "Pu\u00f1etazo ardiente. Puede quemar.",
      "language": {
        "name": "es",
        "url": "https://pokeapi.co/api/v2/language/7/"
      },
      "version_group": {
        "name": "lets-go-pikachu-lets-go-eevee",
        "url": "https://pokeapi.co/api/v2/version-group/19/"
      }
    },
    {
      "flavor_text": "Colpisce il bersaglio con un pugno ardente\nche pu\u00f2 scottarlo.",
      "language": {
        "name": "it",
        "url": "https://pokeapi.co/api/v2/language/8/"
      },
      "version_group": {
        "name": "lets-go-pikachu-lets-go-eevee",
        "url": "https://pokeapi.co/api/v2/version-group/19/"
      }
    },
    {
      "flavor_text": "The target is punched with a fiery fist. This may also\nleave the target with a burn.",
      "language": {
        "name": "en",
        "url": "https://pokeapi.co/api/v2/language/9/"
      },
      "version_group": {
        "name": "lets-go-pikachu-lets-go-eevee",
        "url": "https://pokeapi.co/api/v2/version-group/19/"
      }
    },
    {
      "flavor_text": "\u708e\u3092\u3000\u3053\u3081\u305f\u3000\u30d1\u30f3\u30c1\u3067\n\u76f8\u624b\u3092\u3000\u653b\u6483\u3059\u308b\u3002\n\u3084\u3051\u3069\u72b6\u614b\u306b\u3000\u3059\u308b\u3053\u3068\u304c\u3000\u3042\u308b\u3002",
      "language": {
        "name": "ja",
        "url": "https://pokeapi.co/api/v2/language/11/"
      },
      "version_group": {
        "name": "lets-go-pikachu-lets-go-eevee",
        "url": "https://pokeapi.co/api/v2/version-group/19/"
      }
    },
    {
      "flavor_text": "\u7528\u5145\u6ee1\u706b\u7130\u7684\u62f3\u5934\u653b\u51fb\u5bf9\u624b\u3002\n\u6709\u65f6\u4f1a\u8ba9\u5bf9\u624b\u9677\u5165\u707c\u4f24\u72b6\u6001\u3002",
      "language": {
        "name": "zh-Hans",
        "url": "https://pokeapi.co/api/v2/language/12/"
      },
      "version_group": {
        "name": "lets-go-pikachu-lets-go-eevee",
        "url": "https://pokeapi.co/api/v2/version-group/19/"
      }
    },
    {
      "flavor_text": "\u307b\u306e\u304a\u3092\u3000\u3053\u3081\u305f\u3000\u30d1\u30f3\u30c1\u3067\n\u3042\u3044\u3066\u3092\u3000\u3053\u3046\u3052\u304d\u3059\u308b\u3002\n\u3084\u3051\u3069\u3000\u3058\u3087\u3046\u305f\u3044\u306b\u3000\u3059\u308b\u3053\u3068\u304c\u3000\u3042\u308b\u3002",
      "language": {
        "name": "ja-Hrkt",
        "url": "https://pokeapi.co/api/v2/language/1/"
      },
      "version_group": {
        "name": "sword-shield",
        "url": "https://pokeapi.co/api/v2/version-group/20/"
      }
    },
    {
      "flavor_text": "\ubd88\uaf43\uc744 \ub2f4\uc740 \ud380\uce58\ub85c\n\uc0c1\ub300\ub97c \uacf5\uaca9\ud55c\ub2e4.\n\ud654\uc0c1 \uc0c1\ud0dc\ub85c \ub9cc\ub4e4 \ub54c\uac00 \uc788\ub2e4.",
      "language": {
        "name": "ko",
        "url": "https://pokeapi.co/api/v2/language/3/"
      },
      "version_group": {
        "name": "sword-shield",
        "url": "https://pokeapi.co/api/v2/version-group/20/"
      }
    },
    {
      "flavor_text": "\u7528\u5e36\u6709\u706b\u7130\u7684\u62f3\u982d\n\u653b\u64ca\u5c0d\u624b\u3002\n\u6709\u6642\u6703\u8b93\u5c0d\u624b\u9677\u5165\u707c\u50b7\u72c0\u614b\u3002",
      "language": {
        "name": "zh-Hant",
        "url": "https://pokeapi.co/api/v2/language/4/"
      },
      "version_group": {
        "name": "sword-shield",
        "url": "https://pokeapi.co/api/v2/version-group/20/"
      }
    },
    {
      "flavor_text": "Un coup de poing enflamm\u00e9 vient frapper l\u2019ennemi.\nPeut le br\u00fbler.",
      "language": {
        "name": "fr",
        "url": "https://pokeapi.co/api/v2/language/5/"
      },
      "version_group": {
        "name": "sword-shield",
        "url": "https://pokeapi.co/api/v2/version-group/20/"
      }
    },
    {
      "flavor_text": "Ein feuriger Schlag, der dem Ziel eventuell\nVerbrennungen zuf\u00fcgt.",
      "language": {
        "name": "de",
        "url": "https://pokeapi.co/api/v2/language/6/"
      },
      "version_group": {
        "name": "sword-shield",
        "url": "https://pokeapi.co/api/v2/version-group/20/"
      }
    },
    {
      "flavor_text": "Pu\u00f1etazo ardiente que puede causar quemaduras.",
      "language": {
        "name": "es",
        "url": "https://pokeapi.co/api/v2/language/7/"
      },
      "version_group": {
        "name": "sword-shield",
        "url": "https://pokeapi.co/api/v2/version-group/20/"
      }
    },
    {
      "flavor_text": "Colpisce il bersaglio con un pugno ardente\nche pu\u00f2 scottarlo.",
      "language": {
        "name": "it",
        "url": "https://pokeapi.co/api/v2/language/8/"
      },
      "version_group": {
        "name": "sword-shield",
        "url": "https://pokeapi.co/api/v2/version-group/20/"
      }
    },
    {
      "flavor_text": "The target is punched with a fiery fist. This may also\nleave the target with a burn.",
      "language": {
        "name": "en",
        "url": "https://pokeapi.co/api/v2/language/9/"
      },
      "version_group": {
        "name": "sword-shield",
        "url": "https://pokeapi.co/api/v2/version-group/20/"
      }
    },
    {
      "flavor_text": "\u708e\u3092\u3000\u3053\u3081\u305f\u3000\u30d1\u30f3\u30c1\u3067\n\u76f8\u624b\u3092\u3000\u653b\u6483\u3059\u308b\u3002\n\u3084\u3051\u3069\u72b6\u614b\u306b\u3000\u3059\u308b\u3053\u3068\u304c\u3000\u3042\u308b\u3002",
      "language": {
        "name": "ja",
        "url": "https://pokeapi.co/api/v2/language/11/"
      },
      "version_group": {
        "name": "sword-shield",
        "url": "https://pokeapi.co/api/v2/version-group/20/"
      }
    },
    {
      "flavor_text": "\u7528\u5145\u6ee1\u706b\u7130\u7684\u62f3\u5934\u653b\u51fb\u5bf9\u624b\u3002\n\u6709\u65f6\u4f1a\u8ba9\u5bf9\u624b\u9677\u5165\u707c\u4f24\u72b6\u6001\u3002",
      "language": {
        "name": "zh-Hans",
        "url": "https://pokeapi.co/api/v2/language/12/"
      },
      "version_group": {
        "name": "sword-shield",
        "url": "https://pokeapi.co/api/v2/version-group/20/"
      }
    },
    {
      "flavor_text": "The target is punched with a fiery fist. This may also leave the target with a burn.",
      "language": {
        "name": "en",
        "url": "https://pokeapi.co/api/v2/language/9/"
      },
      "version_group": {
        "name": "legends-arceus",
        "url": "https://pokeapi.co/api/v2/version-group/24/"
      }
    },
    {
      "flavor_text": "The target is attacked with a fiery punch. This may also leave the target with a burn.",
      "language": {
        "name": "en",
        "url": "https://pokeapi.co/api/v2/language/9/"
      },
      "version_group": {
        "name": "scarlet-violet",
        "url": "https://pokeapi.co/api/v2/version-group/25/"
      }
    }
  ],
  "generation": {
    "name": "generation-i",
    "url": "https://pokeapi.co/api/v2/generation/1/"
  },
  "id": 7,
  "learned_by_pokemon": [
    {
      "name": "charmander",
      "url": "https://pokeapi.co/api/v2/pokemon/4/"
    },
    {
      "name": "charmeleon",
      "url": "https://pokeapi.co/api/v2/pokemon/5/"
    },
    {
      "name": "charizard",
      "url": "https://pokeapi.co/api/v2/pokemon/6/"
    },
    {
      "name": "nidoqueen",
      "url": "https://pokeapi.co/api/v2/pokemon/31/"
    },
    {
      "name": "nidoking",
      "url": "https://pokeapi.co/api/v2/pokemon/34/"
    },
    {
      "name": "clefairy",
      "url": "https://pokeapi.co/api/v2/pokemon/35/"
    },
    {
      "name": "clefable",
      "url": "https://pokeapi.co/api/v2/pokemon/36/"
    },
    {
      "name": "jigglypuff",
      "url": "https://pokeapi.co/api/v2/pokemon/39/"
    },
    {
      "name": "wigglytuff",
      "url": "https://pokeapi.co/api/v2/pokemon/40/"
    },
    {
      "name": "mankey",
      "url": "https://pokeapi.co/api/v2/pokemon/56/"
    },
    {
      "name": "primeape",
      "url": "https://pokeapi.co/api/v2/pokemon/57/"
    },
    {
      "name": "abra",
      "url": "https://pokeapi.co/api/v2/pokemon/63/"
    },
    {
      "name": "kadabra",
      "url": "https://pokeapi.co/api/v2/pokemon/64/"
    },
    {
      "name": "alakazam",
      "url": "https://pokeapi.co/api/v2/pokemon/65/"
    },
    {
      "name": "machop",
      "url": "https://pokeapi.co/api/v2/pokemon/66/"
    },
    {
      "name": "machoke",
      "url": "https://pokeapi.co/api/v2/pokemon/67/"
    },
    {
      "name": "machamp",
      "url": "https://pokeapi.co/api/v2/pokemon/68/"
    },
    {
      "name": "geodude",
      "url": "https://pokeapi.co/api/v2/pokemon/74/"
    },
    {
      "name": "graveler",
      "url": "https://pokeapi.co/api/v2/pokemon/75/"
    },
    {
      "name": "golem",
      "url": "https://pokeapi.co/api/v2/pokemon/76/"
    },
    {
      "name": "grimer",
      "url": "https://pokeapi.co/api/v2/pokemon/88/"
    },
    {
      "name": "muk",
      "url": "https://pokeapi.co/api/v2/pokemon/89/"
    },
    {
      "name": "gastly",
      "url": "https://pokeapi.co/api/v2/pokemon/92/"
    },
    {
      "name": "haunter",
      "url": "https://pokeapi.co/api/v2/pokemon/93/"
    },
    {
      "name": "gengar",
      "url": "https://pokeapi.co/api/v2/pokemon/94/"
    },
    {
      "name": "drowzee",
      "url": "https://pokeapi.co/api/v2/pokemon/96/"
    },
    {
      "name": "hypno",
      "url": "https://pokeapi.co/api/v2/pokemon/97/"
    },
    {
      "name": "cubone",
      "url": "https://pokeapi.co/api/v2/pokemon/104/"
    },
    {
      "name": "marowak",
      "url": "https://pokeapi.co/api/v2/pokemon/105/"
    },
    {
      "name": "hitmonchan",
      "url": "https://pokeapi.co/api/v2/pokemon/107/"
    },
    {
      "name": "lickitung",
      "url": "https://pokeapi.co/api/v2/pokemon/108/"
    },
    {
      "name": "rhydon",
      "url": "https://pokeapi.co/api/v2/pokemon/112/"
    },
    {
      "name": "chansey",
      "url": "https://pokeapi.co/api/v2/pokemon/113/"
    },
    {
      "name": "kangaskhan",
      "url": "https://pokeapi.co/api/v2/pokemon/115/"
    },
    {
      "name": "mr-mime",
      "url": "https://pokeapi.co/api/v2/pokemon/122/"
    },
    {
      "name": "electabuzz",
      "url": "https://pokeapi.co/api/v2/pokemon/125/"
    },
    {
      "name": "magmar",
      "url": "https://pokeapi.co/api/v2/pokemon/126/"
    },
    {
      "name": "snorlax",
      "url": "https://pokeapi.co/api/v2/pokemon/143/"
    },
    {
      "name": "dragonite",
      "url": "https://pokeapi.co/api/v2/pokemon/149/"
    },
    {
      "name": "mewtwo",
      "url": "https://pokeapi.co/api/v2/pokemon/150/"
    },
    {
      "name": "mew",
      "url": "https://pokeapi.co/api/v2/pokemon/151/"
    },
    {
      "name": "typhlosion",
      "url": "https://pokeapi.co/api/v2/pokemon/157/"
    },
    {
      "name": "sentret",
      "url": "https://pokeapi.co/api/v2/pokemon/161/"
    },
    {
      "name": "furret",
      "url": "https://pokeapi.co/api/v2/pokemon/162/"
    },
    {
      "name": "flaaffy",
      "url": "https://pokeapi.co/api/v2/pokemon/180/"
    },
    {
      "name": "ampharos",
      "url": "https://pokeapi.co/api/v2/pokemon/181/"
    },
    {
      "name": "sudowoodo",
      "url": "https://pokeapi.co/api/v2/pokemon/185/"
    },
    {
      "name": "aipom",
      "url": "https://pokeapi.co/api/v2/pokemon/190/"
    },
    {
      "name": "slowking",
      "url": "https://pokeapi.co/api/v2/pokemon/199/"
    },
    {
      "name": "snubbull",
      "url": "https://pokeapi.co/api/v2/pokemon/209/"
    },
    {
      "name": "granbull",
      "url": "https://pokeapi.co/api/v2/pokemon/210/"
    },
    {
      "name": "teddiursa",
      "url": "https://pokeapi.co/api/v2/pokemon/216/"
    },
    {
      "name": "ursaring",
      "url": "https://pokeapi.co/api/v2/pokemon/217/"
    },
    {
      "name": "elekid",
      "url": "https://pokeapi.co/api/v2/pokemon/239/"
    },
    {
      "name": "magby",
      "url": "https://pokeapi.co/api/v2/pokemon/240/"
    },
    {
      "name": "miltank",
      "url": "https://pokeapi.co/api/v2/pokemon/241/"
    },
    {
      "name": "blissey",
      "url": "https://pokeapi.co/api/v2/pokemon/242/"
    },
    {
      "name": "tyranitar",
      "url": "https://pokeapi.co/api/v2/pokemon/248/"
    },
    {
      "name": "combusken",
      "url": "https://pokeapi.co/api/v2/pokemon/256/"
    },
    {
      "name": "blaziken",
      "url": "https://pokeapi.co/api/v2/pokemon/257/"
    },
    {
      "name": "lombre",
      "url": "https://pokeapi.co/api/v2/pokemon/271/"
    },
    {
      "name": "ludicolo",
      "url": "https://pokeapi.co/api/v2/pokemon/272/"
    },
    {
      "name": "ralts",
      "url": "https://pokeapi.co/api/v2/pokemon/280/"
    },
    {
      "name": "kirlia",
      "url": "https://pokeapi.co/api/v2/pokemon/281/"
    },
    {
      "name": "gardevoir",
      "url": "https://pokeapi.co/api/v2/pokemon/282/"
    },
    {
      "name": "slakoth",
      "url": "https://pokeapi.co/api/v2/pokemon/287/"
    },
    {
      "name": "vigoroth",
      "url": "https://pokeapi.co/api/v2/pokemon/288/"
    },
    {
      "name": "slaking",
      "url": "https://pokeapi.co/api/v2/pokemon/289/"
    },
    {
      "name": "whismur",
      "url": "https://pokeapi.co/api/v2/pokemon/293/"
    },
    {
      "name": "loudred",
      "url": "https://pokeapi.co/api/v2/pokemon/294/"
    },
    {
      "name": "exploud",
      "url": "https://pokeapi.co/api/v2/pokemon/295/"
    },
    {
      "name": "makuhita",
      "url": "https://pokeapi.co/api/v2/pokemon/296/"
    },
    {
      "name": "hariyama",
      "url": "https://pokeapi.co/api/v2/pokemon/297/"
    },
    {
      "name": "nosepass",
      "url": "https://pokeapi.co/api/v2/pokemon/299/"
    },
    {
      "name": "sableye",
      "url": "https://pokeapi.co/api/v2/pokemon/302/"
    },
    {
      "name": "aggron",
      "url": "https://pokeapi.co/api/v2/pokemon/306/"
    },
    {
      "name": "meditite",
      "url": "https://pokeapi.co/api/v2/pokemon/307/"
    },
    {
      "name": "medicham",
      "url": "https://pokeapi.co/api/v2/pokemon/308/"
    },
    {
      "name": "gulpin",
      "url": "https://pokeapi.co/api/v2/pokemon/316/"
    },
    {
      "name": "swalot",
      "url": "https://pokeapi.co/api/v2/pokemon/317/"
    },
    {
      "name": "grumpig",
      "url": "https://pokeapi.co/api/v2/pokemon/326/"
    },
    {
      "name": "spinda",
      "url": "https://pokeapi.co/api/v2/pokemon/327/"
    },
    {
      "name": "flygon",
      "url": "https://pokeapi.co/api/v2/pokemon/330/"
    },
    {
      "name": "zangoose",
      "url": "https://pokeapi.co/api/v2/pokemon/335/"
    },
    {
      "name": "kecleon",
      "url": "https://pokeapi.co/api/v2/pokemon/352/"
    },
    {
      "name": "dusclops",
      "url": "https://pokeapi.co/api/v2/pokemon/356/"
    },
    {
      "name": "regirock",
      "url": "https://pokeapi.co/api/v2/pokemon/377/"
    },
    {
      "name": "groudon",
      "url": "https://pokeapi.co/api/v2/pokemon/383/"
    },
    {
      "name": "jirachi",
      "url": "https://pokeapi.co/api/v2/pokemon/385/"
    },
    {
      "name": "deoxys-normal",
      "url": "https://pokeapi.co/api/v2/pokemon/386/"
    },
    {
      "name": "chimchar",
      "url": "https://pokeapi.co/api/v2/pokemon/390/"
    },
    {
      "name": "monferno",
      "url": "https://pokeapi.co/api/v2/pokemon/391/"
    },
    {
      "name": "infernape",
      "url": "https://pokeapi.co/api/v2/pokemon/392/"
    },
    {
      "name": "cranidos",
      "url": "https://pokeapi.co/api/v2/pokemon/408/"
    },
    {
      "name": "rampardos",
      "url": "https://pokeapi.co/api/v2/pokemon/409/"
    },
    {
      "name": "ambipom",
      "url": "https://pokeapi.co/api/v2/pokemon/424/"
    },
    {
      "name": "buneary",
      "url": "https://pokeapi.co/api/v2/pokemon/427/"
    },
    {
      "name": "lopunny",
      "url": "https://pokeapi.co/api/v2/pokemon/428/"
    },
    {
      "name": "munchlax",
      "url": "https://pokeapi.co/api/v2/pokemon/446/"
    },
    {
      "name": "lickilicky",
      "url": "https://pokeapi.co/api/v2/pokemon/463/"
    },
    {
      "name": "rhyperior",
      "url": "https://pokeapi.co/api/v2/pokemon/464/"
    },
    {
      "name": "electivire",
      "url": "https://pokeapi.co/api/v2/pokemon/466/"
    },
    {
      "name": "magmortar",
      "url": "https://pokeapi.co/api/v2/pokemon/467/"
    },
    {
      "name": "gallade",
      "url": "https://pokeapi.co/api/v2/pokemon/475/"
    },
    {
      "name": "probopass",
      "url": "https://pokeapi.co/api/v2/pokemon/476/"
    },
    {
      "name": "dusknoir",
      "url": "https://pokeapi.co/api/v2/pokemon/477/"
    },
    {
      "name": "uxie",
      "url": "https://pokeapi.co/api/v2/pokemon/480/"
    },
    {
      "name": "mesprit",
      "url": "https://pokeapi.co/api/v2/pokemon/481/"
    },
    {
      "name": "azelf",
      "url": "https://pokeapi.co/api/v2/pokemon/482/"
    },
    {
      "name": "regigigas",
      "url": "https://pokeapi.co/api/v2/pokemon/486/"
    },
    {
      "name": "victini",
      "url": "https://pokeapi.co/api/v2/pokemon/494/"
    },
    {
      "name": "tepig",
      "url": "https://pokeapi.co/api/v2/pokemon/498/"
    },
    {
      "name": "pignite",
      "url": "https://pokeapi.co/api/v2/pokemon/499/"
    },
    {
      "name": "emboar",
      "url": "https://pokeapi.co/api/v2/pokemon/500/"
    },
    {
      "name": "watchog",
      "url": "https://pokeapi.co/api/v2/pokemon/505/"
    },
    {
      "name": "pansear",
      "url": "https://pokeapi.co/api/v2/pokemon/513/"
    },
    {
      "name": "simisear",
      "url": "https://pokeapi.co/api/v2/pokemon/514/"
    },
    {
      "name": "audino",
      "url": "https://pokeapi.co/api/v2/pokemon/531/"
    },
    {
      "name": "timburr",
      "url": "https://pokeapi.co/api/v2/pokemon/532/"
    },
    {
      "name": "gurdurr",
      "url": "https://pokeapi.co/api/v2/pokemon/533/"
    },
    {
      "name": "conkeldurr",
      "url": "https://pokeapi.co/api/v2/pokemon/534/"
    },
    {
      "name": "throh",
      "url": "https://pokeapi.co/api/v2/pokemon/538/"
    },
    {
      "name": "sawk",
      "url": "https://pokeapi.co/api/v2/pokemon/539/"
    },
    {
      "name": "darumaka",
      "url": "https://pokeapi.co/api/v2/pokemon/554/"
    },
    {
      "name": "darmanitan-standard",
      "url": "https://pokeapi.co/api/v2/pokemon/555/"
    },
    {
      "name": "scraggy",
      "url": "https://pokeapi.co/api/v2/pokemon/559/"
    },
    {
      "name": "scrafty",
      "url": "https://pokeapi.co/api/v2/pokemon/560/"
    },
    {
      "name": "reuniclus",
      "url": "https://pokeapi.co/api/v2/pokemon/579/"
    },
    {
      "name": "eelektross",
      "url": "https://pokeapi.co/api/v2/pokemon/604/"
    },
    {
      "name": "druddigon",
      "url": "https://pokeapi.co/api/v2/pokemon/621/"
    },
    {
      "name": "golett",
      "url": "https://pokeapi.co/api/v2/pokemon/622/"
    },
    {
      "name": "golurk",
      "url": "https://pokeapi.co/api/v2/pokemon/623/"
    },
    {
      "name": "heatmor",
      "url": "https://pokeapi.co/api/v2/pokemon/631/"
    },
    {
      "name": "meloetta-aria",
      "url": "https://pokeapi.co/api/v2/pokemon/648/"
    },
    {
      "name": "braixen",
      "url": "https://pokeapi.co/api/v2/pokemon/654/"
    },
    {
      "name": "delphox",
      "url": "https://pokeapi.co/api/v2/pokemon/655/"
    },
    {
      "name": "diggersby",
      "url": "https://pokeapi.co/api/v2/pokemon/660/"
    },
    {
      "name": "pancham",
      "url": "https://pokeapi.co/api/v2/pokemon/674/"
    },
    {
      "name": "pangoro",
      "url": "https://pokeapi.co/api/v2/pokemon/675/"
    },
    {
      "name": "heliolisk",
      "url": "https://pokeapi.co/api/v2/pokemon/695/"
    },
    {
      "name": "hawlucha",
      "url": "https://pokeapi.co/api/v2/pokemon/701/"
    },
    {
      "name": "goodra",
      "url": "https://pokeapi.co/api/v2/pokemon/706/"
    },
    {
      "name": "hoopa",
      "url": "https://pokeapi.co/api/v2/pokemon/720/"
    },
    {
      "name": "incineroar",
      "url": "https://pokeapi.co/api/v2/pokemon/727/"
    },
    {
      "name": "gumshoos",
      "url": "https://pokeapi.co/api/v2/pokemon/735/"
    },
    {
      "name": "kommo-o",
      "url": "https://pokeapi.co/api/v2/pokemon/784/"
    },
    {
      "name": "marshadow",
      "url": "https://pokeapi.co/api/v2/pokemon/802/"
    },
    {
      "name": "blacephalon",
      "url": "https://pokeapi.co/api/v2/pokemon/806/"
    },
    {
      "name": "zeraora",
      "url": "https://pokeapi.co/api/v2/pokemon/807/"
    },
    {
      "name": "cinderace",
      "url": "https://pokeapi.co/api/v2/pokemon/815/"
    },
    {
      "name": "coalossal",
      "url": "https://pokeapi.co/api/v2/pokemon/839/"
    },
    {
      "name": "toxtricity-amped",
      "url": "https://pokeapi.co/api/v2/pokemon/849/"
    },
    {
      "name": "grimmsnarl",
      "url": "https://pokeapi.co/api/v2/pokemon/861/"
    },
    {
      "name": "obstagoon",
      "url": "https://pokeapi.co/api/v2/pokemon/862/"
    },
    {
      "name": "kubfu",
      "url": "https://pokeapi.co/api/v2/pokemon/891/"
    },
    {
      "name": "urshifu-single-strike",
      "url": "https://pokeapi.co/api/v2/pokemon/892/"
    },
    {
      "name": "ursaluna",
      "url": "https://pokeapi.co/api/v2/pokemon/901/"
    },
    {
      "name": "sneasler",
      "url": "https://pokeapi.co/api/v2/pokemon/903/"
    },
    {
      "name": "pawmot",
      "url": "https://pokeapi.co/api/v2/pokemon/923/"
    },
    {
      "name": "garganacl",
      "url": "https://pokeapi.co/api/v2/pokemon/934/"
    },
    {
      "name": "annihilape",
      "url": "https://pokeapi.co/api/v2/pokemon/979/"
    },
    {
      "name": "scream-tail",
      "url": "https://pokeapi.co/api/v2/pokemon/985/"
    },
    {
      "name": "iron-hands",
      "url": "https://pokeapi.co/api/v2/pokemon/992/"
    },
    {
      "name": "iron-thorns",
      "url": "https://pokeapi.co/api/v2/pokemon/995/"
    },
    {
      "name": "iron-valiant",
      "url": "https://pokeapi.co/api/v2/pokemon/1006/"
    },
    {
      "name": "okidogi",
      "url": "https://pokeapi.co/api/v2/pokemon/1014/"
    },
    {
      "name": "deoxys-attack",
      "url": "https://pokeapi.co/api/v2/pokemon/10001/"
    },
    {
      "name": "deoxys-defense",
      "url": "https://pokeapi.co/api/v2/pokemon/10002/"
    },
    {
      "name": "deoxys-speed",
      "url": "https://pokeapi.co/api/v2/pokemon/10003/"
    },
    {
      "name": "darmanitan-zen",
      "url": "https://pokeapi.co/api/v2/pokemon/10017/"
    },
    {
      "name": "meloetta-pirouette",
      "url": "https://pokeapi.co/api/v2/pokemon/10018/"
    },
    {
      "name": "charizard-mega-x",
      "url": "https://pokeapi.co/api/v2/pokemon/10034/"
    },
    {
      "name": "charizard-mega-y",
      "url": "https://pokeapi.co/api/v2/pokemon/10035/"
    },
    {
      "name": "alakazam-mega",
      "url": "https://pokeapi.co/api/v2/pokemon/10037/"
    },
    {
      "name": "gengar-mega",
      "url": "https://pokeapi.co/api/v2/pokemon/10038/"
    },
    {
      "name": "kangaskhan-mega",
      "url": "https://pokeapi.co/api/v2/pokemon/10039/"
    },
    {
      "name": "mewtwo-mega-x",
      "url": "https://pokeapi.co/api/v2/pokemon/10043/"
    },
    {
      "name": "mewtwo-mega-y",
      "url": "https://pokeapi.co/api/v2/pokemon/10044/"
    },
    {
      "name": "ampharos-mega",
      "url": "https://pokeapi.co/api/v2/pokemon/10045/"
    },
    {
      "name": "tyranitar-mega",
      "url": "https://pokeapi.co/api/v2/pokemon/10049/"
    },
    {
      "name": "blaziken-mega",
      "url": "https://pokeapi.co/api/v2/pokemon/10050/"
    },
    {
      "name": "gardevoir-mega",
      "url": "https://pokeapi.co/api/v2/pokemon/10051/"
    },
    {
      "name": "aggron-mega",
      "url": "https://pokeapi.co/api/v2/pokemon/10053/"
    },
    {
      "name": "medicham-mega",
      "url": "https://pokeapi.co/api/v2/pokemon/10054/"
    },
    {
      "name": "sableye-mega",
      "url": "https://pokeapi.co/api/v2/pokemon/10066/"
    },
    {
      "name": "gallade-mega",
      "url": "https://pokeapi.co/api/v2/pokemon/10068/"
    },
    {
      "name": "audino-mega",
      "url": "https://pokeapi.co/api/v2/pokemon/10069/"
    },
    {
      "name": "groudon-primal",
      "url": "https://pokeapi.co/api/v2/pokemon/10078/"
    },
    {
      "name": "hoopa-unbound",
      "url": "https://pokeapi.co/api/v2/pokemon/10086/"
    },
    {
      "name": "lopunny-mega",
      "url": "https://pokeapi.co/api/v2/pokemon/10088/"
    },
    {
      "name": "geodude-alola",
      "url": "https://pokeapi.co/api/v2/pokemon/10109/"
    },
    {
      "name": "graveler-alola",
      "url": "https://pokeapi.co/api/v2/pokemon/10110/"
    },
    {
      "name": "golem-alola",
      "url": "https://pokeapi.co/api/v2/pokemon/10111/"
    },
    {
      "name": "grimer-alola",
      "url": "https://pokeapi.co/api/v2/pokemon/10112/"
    },
    {
      "name": "muk-alola",
      "url": "https://pokeapi.co/api/v2/pokemon/10113/"
    },
    {
      "name": "marowak-alola",
      "url": "https://pokeapi.co/api/v2/pokemon/10115/"
    },
    {
      "name": "gumshoos-totem",
      "url": "https://pokeapi.co/api/v2/pokemon/10121/"
    },
    {
      "name": "lycanroc-midnight",
      "url": "https://pokeapi.co/api/v2/pokemon/10126/"
    },
    {
      "name": "kommo-o-totem",
      "url": "https://pokeapi.co/api/v2/pokemon/10146/"
    },
    {
      "name": "marowak-totem",
      "url": "https://pokeapi.co/api/v2/pokemon/10149/"
    },
    {
      "name": "slowking-galar",
      "url": "https://pokeapi.co/api/v2/pokemon/10172/"
    },
    {
      "name": "darumaka-galar",
      "url": "https://pokeapi.co/api/v2/pokemon/10176/"
    },
    {
      "name": "darmanitan-galar-standard",
      "url": "https://pokeapi.co/api/v2/pokemon/10177/"
    },
    {
      "name": "darmanitan-galar-zen",
      "url": "https://pokeapi.co/api/v2/pokemon/10178/"
    },
    {
      "name": "toxtricity-low-key",
      "url": "https://pokeapi.co/api/v2/pokemon/10184/"
    },
    {
      "name": "urshifu-rapid-strike",
      "url": "https://pokeapi.co/api/v2/pokemon/10191/"
    },
    {
      "name": "typhlosion-hisui",
      "url": "https://pokeapi.co/api/v2/pokemon/10233/"
    },
    {
      "name": "goodra-hisui",
      "url": "https://pokeapi.co/api/v2/pokemon/10242/"
    },
    {
      "name": "ursaluna-bloodmoon",
      "url": "https://pokeapi.co/api/v2/pokemon/10272/"
    }
  ],
  "machines": [
    {
      "machine": {
        "url": "https://pokeapi.co/api/v2/machine/61/"
      },
      "version_group": {
        "name": "sword-shield",
        "url": "https://pokeapi.co/api/v2/version-group/20/"
      }
    },
    {
      "machine": {
        "url": "https://pokeapi.co/api/v2/machine/620/"
      },
      "version_group": {
        "name": "lets-go-pikachu-lets-go-eevee",
        "url": "https://pokeapi.co/api/v2/version-group/19/"
      }
    },
    {
      "machine": {
        "url": "https://pokeapi.co/api/v2/machine/944/"
      },
      "version_group": {
        "name": "gold-silver",
        "url": "https://pokeapi.co/api/v2/version-group/3/"
      }
    },
    {
      "machine": {
        "url": "https://pokeapi.co/api/v2/machine/945/"
      },
      "version_group": {
        "name": "crystal",
        "url": "https://pokeapi.co/api/v2/version-group/4/"
      }
    },
    {
      "machine": {
        "url": "https://pokeapi.co/api/v2/machine/1772/"
      },
      "version_group": {
        "name": "scarlet-violet",
        "url": "https://pokeapi.co/api/v2/version-group/25/"
      }
    },
    {
      "machine": {
        "url": "https://pokeapi.co/api/v2/machine/1935/"
      },
      "version_group": {
        "name": "the-teal-mask",
        "url": "https://pokeapi.co/api/v2/version-group/26/"
      }
    },
    {
      "machine": {
        "url": "https://pokeapi.co/api/v2/machine/1988/"
      },
      "version_group": {
        "name": "the-indigo-disk",
        "url": "https://pokeapi.co/api/v2/version-group/27/"
      }
    }
  ],
  "meta": {
    "ailment": {
      "name": "burn",
      "url": "https://pokeapi.co/api/v2/move-ailment/4/"
    },
    "ailment_chance": 10,
    "category": {
      "name": "damage+ailment",
      "url": "https://pokeapi.co/api/v2/move-category/4/"
    },
    "crit_rate": 0,
    "drain": 0,
    "flinch_chance": 0,
    "healing": 0,
    "max_hits": null,
    "max_turns": null,
    "min_hits": null,
    "min_turns": null,
    "stat_chance": 0
  },
  "name": "fire-punch",
  "names": [
    {
      "language": {
        "name": "ja-Hrkt",
        "url": "https://pokeapi.co/api/v2/language/1/"
      },
      "name": "\u307b\u306e\u304a\u306e\u30d1\u30f3\u30c1"
    },
    {
      "language": {
        "name": "ko",
        "url": "https://pokeapi.co/api/v2/language/3/"
      },
      "name": "\ubd88\uaf43\ud380\uce58"
    },
    {
      "language": {
        "name": "zh-Hant",
        "url": "https://pokeapi.co/api/v2/language/4/"
      },
      "name": "\u706b\u7130\u62f3"
    },
    {
      "language": {
        "name": "fr",
        "url": "https://pokeapi.co/api/v2/language/5/"
      },
      "name": "Poing Feu"
    },
    {
      "language": {
        "name": "de",
        "url": "https://pokeapi.co/api/v2/language/6/"
      },
      "name": "Feuerschlag"
    },
    {
      "language": {
        "name": "es",
        "url": "https://pokeapi.co/api/v2/language/7/"
      },
      "name": "Pu\u00f1o Fuego"
    },
    {
      "language": {
        "name": "it",
        "url": "https://pokeapi.co/api/v2/language/8/"
      },
      "name": "Fuocopugno"
    },
    {
      "language": {
        "name": "en",
        "url": "https://pokeapi.co/api/v2/language/9/"
      },
      "name": "Fire Punch"
    },
    {
      "language": {
        "name": "ja",
        "url": "https://pokeapi.co/api/v2/language/11/"
      },
      "name": "\u307b\u306e\u304a\u306e\u30d1\u30f3\u30c1"
    },
    {
      "language": {
        "name": "zh-Hans",
        "url": "https://pokeapi.co/api/v2/language/12/"
      },
      "name": "\u706b\u7130\u62f3"
    }
  ],
  "past_values": [],
  "power": 75,
  "pp": 15,
  "priority": 0,
  "stat_changes": [],
  "super_contest_effect": {
    "url": "https://pokeapi.co/api/v2/super-contest-effect/17/"
  },
  "target": {
    "name": "selected-pokemon",
    "url": "https://pokeapi.co/api/v2/move-target/10/"
  },
  "type": {
    "name": "fire",
    "url": "https://pokeapi.co/api/v2/type/10/"
  }
}