{
  "accuracy": 100,
  "contest_combos": null,
  "contest_effect": {
    "url": "https://pokeapi.co/api/v2/contest-effect/9/"
  },
  "contest_type": {
    "name": "smart",
    "url": "https://pokeapi.co/api/v2/contest-type/4/"
  },
  "damage_class": {
    "name": "physical",
    "url": "https://pokeapi.co/api/v2/move-damage-class/2/"
  },
  "effect_chance": null,
  "effect_changes": [],
  "effect_entries": [
    {
      "effect": "Inflicts regular damage.  Drains half the damage inflicted to heal the user.",
      "language": {
        "name": "en",
        "url": "https://pokeapi.co/api/v2/language/9/"
      },
      "short_effect": "Drains half the damage inflicted to heal the user."
    }
  ],
  "flavor_text_entries": [
    {
      "flavor_text": "Steals 1/2 of the\ndamage inflicted.",
      "language": {
        "name": "en",
        "url": "https://pokeapi.co/api/v2/language/9/"
      },
      "version_group": {
        "name": "gold-silver",
        "url": "https://pokeapi.co/api/v2/version-group/3/"
      }
    },
    {
      "flavor_text": "Steals 1/2 of the\ndamage inflicted.",
      "language": {
        "name": "en",
        "url": "https://pokeapi.co/api/v2/language/9/"
      },
      "version_group": {
        "name": "crystal",
        "url": "https://pokeapi.co/api/v2/version-group/4/"
      }
    },
    {
      "flavor_text": "An attack that steals half\nthe damage inflicted.",
      "language": {
        "name": "en",
        "url": "https://pokeapi.co/api/v2/language/9/"
      },
      "version_group": {
        "name": "ruby-sapphire",
        "url": "https://pokeapi.co/api/v2/version-group/5/"
      }
    },
    {
      "flavor_text": "An attack that steals half\nthe damage inflicted.",
      "language": {
        "name": "en",
        "url": "https://pokeapi.co/api/v2/language/9/"
      },
      "version_group": {
        "name": "emerald",
        "url": "https://pokeapi.co/api/v2/version-group/6/"
      }
    },
    {
      "flavor_text": "An attack that\nabsorbs half the\ndamage it inflicted\nto restore HP.",
      "language": {
        "name": "en",
        "url": "https://pokeapi.co/api/v2/language/9/"
      },
      "version_group": {
        "name": "firered-leafgreen",
        "url": "https://pokeapi.co/api/v2/version-group/7/"
      }
    },
    {
      "flavor_text": "A blood-draining\nattack. The user\u2019s\nHP is restored by\nhalf the damage taken\nby the target.",
      "language": {
        "name": "en",
        "url": "https://pokeapi.co/api/v2/language/9/"
      },
      "version_group": {
        "name": "diamond-pearl",
        "url": "https://pokeapi.co/api/v2/version-group/8/"
      }
    },
    {
      "flavor_text": "A blood-draining\nattack. The user\u2019s\nHP is restored by\nhalf the damage taken\nby the target.",
      "language": {
        "name": "en",
        "url": "https://pokeapi.co/api/v2/language/9/"
      },
      "version_group": {
        "name": "platinum",
        "url": "https://pokeapi.co/api/v2/version-group/9/"
      }
    },
    {
      "flavor_text": "A blood-draining\nattack. The user\u2019s\nHP is restored by\nhalf the damage taken\nby the target.",
      "language": {
        "name": "en",
        "url": "https://pokeapi.co/api/v2/language/9/"
      },
      "version_group": {
        "name": "heartgold-soulsilver",
        "url": "https://pokeapi.co/api/v2/version-group/10/"
      }
    },
    {
      "flavor_text": "Une attaque qui aspire le sang de l\u2019ennemi.\nLa moiti\u00e9 des d\u00e9g\u00e2ts sont convertis en\nPV pour le lanceur.",
      "language": {
        "name": "fr",
        "url": "https://pokeapi.co/api/v2/language/5/"
      },
      "version_group": {
        "name": "black-white",
        "url": "https://pokeapi.co/api/v2/version-group/11/"
      }
    },
    {
      "flavor_text": "The user drains the target\u2019s blood.\nThe user\u2019s HP is restored by half the\ndamage taken by the target.",
      "language": {
        "name": "en",
        "url": "https://pokeapi.co/api/v2/language/9/"
      },
      "version_group": {
        "name": "black-white",
        "url": "https://pokeapi.co/api/v2/version-group/11/"
      }
    },
    {
      "flavor_text": "The user drains the target\u2019s blood.\nThe user\u2019s HP is restored by half the\ndamage taken by the target.",
      "language": {
        "name": "en",
        "url": "https://pokeapi.co/api/v2/language/9/"
      },
      "version_group": {
        "name": "black-2-white-2",
        "url": "https://pokeapi.co/api/v2/version-group/14/"
      }
    },
    {
      "flavor_text": "\u3061\u3092\u3000\u3059\u3044\u3068\u3063\u3066\u3000\u3042\u3044\u3066\u3092\n\u3053\u3046\u3052\u304d\u3059\u308b\u3002\u3000\u3042\u305f\u3048\u305f\u3000\u30c0\u30e1\u30fc\u30b8\u306e\n\u306f\u3093\u3076\u3093\u306e\u3000\uff28\uff30\u3092\u3000\u304b\u3044\u3075\u304f\u3000\u3067\u304d\u308b\u3002",
      "language": {
        "name": "ja-Hrkt",
        "url": "https://pokeapi.co/api/v2/language/1/"
      },
      "version_group": {
        "name": "x-y",
        "url": "https://pokeapi.co/api/v2/version-group/15/"
      }
    },
    {
      "flavor_text": "\ud53c\ub97c \ube68\uc544\uc11c \uc0c1\ub300\ub97c\n\uacf5\uaca9\ud55c\ub2e4. \uc900 \ub370\ubbf8\uc9c0\uc758\n\uc808\ubc18\uc744 HP\ub85c \ud68c\ubcf5\ud55c\ub2e4.",
      "language": {
        "name": "ko",
        "url": "https://pokeapi.co/api/v2/language/3/"
      },
      "version_group": {
        "name": "x-y",
        "url": "https://pokeapi.co/api/v2/version-group/15/"
      }
    },
    {
      "flavor_text": "Une attaque qui aspire le sang de l\u2019ennemi.\nLa moiti\u00e9 des d\u00e9g\u00e2ts sont convertis en PV pour\nle lanceur.",
      "language": {
        "name": "fr",
        "url": "https://pokeapi.co/api/v2/language/5/"
      },
      "version_group": {
        "name": "x-y",
        "url": "https://pokeapi.co/api/v2/version-group/15/"
      }
    },
    {
      "flavor_text": "Die H\u00e4lfte des zugef\u00fcgten Schadens\nwird dem Anwender gutgeschrieben.",
      "language": {
        "name": "de",
        "url": "https://pokeapi.co/api/v2/language/6/"
      },
      "version_group": {
        "name": "x-y",
        "url": "https://pokeapi.co/api/v2/version-group/15/"
      }
    },
    {
      "flavor_text": "Restaura al usuario la mitad del da\u00f1o causado al\nobjetivo.",
      "language": {
        "name": "es",
        "url": "https://pokeapi.co/api/v2/language/7/"
      },
      "version_group": {
        "name": "x-y",
        "url": "https://pokeapi.co/api/v2/version-group/15/"
      }
    },
    {
      "flavor_text": "Mossa succhiasangue. Chi la usa recupera\nuna quantit\u00e0 di PS pari alla met\u00e0 del danno inferto.",
      "language": {
        "name": "it",
        "url": "https://pokeapi.co/api/v2/language/8/"
      },
      "version_group": {
        "name": "x-y",
        "url": "https://pokeapi.co/api/v2/version-group/15/"
      }
    },
    {
      "flavor_text": "The user drains the target\u2019s blood.\nThe user\u2019s HP is restored by half the\ndamage taken by the target.",
      "language": {
        "name": "en",
        "url": "https://pokeapi.co/api/v2/language/9/"
      },
      "version_group": {
        "name": "x-y",
        "url": "https://pokeapi.co/api/v2/version-group/15/"
      }
    },
    {
      "flavor_text": "\u8840\u3092\u3000\u5438\u3044\u53d6\u3063\u3066\u3000\u76f8\u624b\u3092\n\u653b\u6483\u3059\u308b\u3002\u4e0e\u3048\u305f\u3000\u30c0\u30e1\u30fc\u30b8\u306e\n\u534a\u5206\u306e\u3000\uff28\uff30\u3092\u3000\u56de\u5fa9\u3067\u304d\u308b\u3002",
      "language": {
        "name": "ja",
        "url": "https://pokeapi.co/api/v2/language/11/"
      },
      "version_group": {
        "name": "x-y",
        "url": "https://pokeapi.co/api/v2/version-group/15/"
      }
    },
    {
      "flavor_text": "\u3061\u3092\u3000\u3059\u3044\u3068\u3063\u3066\u3000\u3042\u3044\u3066\u3092\n\u3053\u3046\u3052\u304d\u3059\u308b\u3002\u3000\u3042\u305f\u3048\u305f\u3000\u30c0\u30e1\u30fc\u30b8\u306e\n\u306f\u3093\u3076\u3093\u306e\u3000\uff28\uff30\u3092\u3000\u304b\u3044\u3075\u304f\u3000\u3067\u304d\u308b\u3002",
      "language": {
        "name": "ja-Hrkt",
        "url": "https://pokeapi.co/api/v2/language/1/"
      },
      "version_group": {
        "name": "omega-ruby-alpha-sapphire",
        "url": "https://pokeapi.co/api/v2/version-group/16/"
      }
    },
    {
      "flavor_text": "\ud53c\ub97c \ube68\uc544\uc11c \uc0c1\ub300\ub97c\n\uacf5\uaca9\ud55c\ub2e4. \uc900 \ub370\ubbf8\uc9c0\uc758\n\uc808\ubc18\uc744 HP\ub85c \ud68c\ubcf5\ud55c\ub2e4.",
      "language": {
        "name": "ko",
        "url": "https://pokeapi.co/api/v2/language/3/"
      },
      "version_group": {
        "name": "omega-ruby-alpha-sapphire",
        "url": "https://pokeapi.co/api/v2/version-group/16/"
      }
    },
    {
      "flavor_text": "Une attaque qui aspire le sang de l\u2019ennemi.\nLa moiti\u00e9 des d\u00e9g\u00e2ts sont convertis en PV pour\nle lanceur.",
      "language": {
        "name": "fr",
        "url": "https://pokeapi.co/api/v2/language/5/"
      },
      "version_group": {
        "name": "omega-ruby-alpha-sapphire",
        "url": "https://pokeapi.co/api/v2/version-group/16/"
      }
    },
    {
      "flavor_text": "Die H\u00e4lfte des zugef\u00fcgten Schadens\nwird dem Anwender gutgeschrieben.",
      "language": {
        "name": "de",
        "url": "https://pokeapi.co/api/v2/language/6/"
      },
      "version_group": {
        "name": "omega-ruby-alpha-sapphire",
        "url": "https://pokeapi.co/api/v2/version-group/16/"
      }
    },
    {
      "flavor_text": "Restaura al usuario la mitad del da\u00f1o causado al \nobjetivo.",
      "language": {
        "name": "es",
        "url": "https://pokeapi.co/api/v2/language/7/"
      },
      "version_group": {
        "name": "omega-ruby-alpha-sapphire",
        "url": "https://pokeapi.co/api/v2/version-group/16/"
      }
    },
    {
      "flavor_text": "Mossa succhiasangue. Chi la usa recupera una\nquantit\u00e0 di PS pari alla met\u00e0 del danno inferto.",
      "language": {
        "name": "it",
        "url": "https://pokeapi.co/api/v2/language/8/"
      },
      "version_group": {
        "name": "omega-ruby-alpha-sapphire",
        "url": "https://pokeapi.co/api/v2/version-group/16/"
      }
    },
    {
      "flavor_text": "The user drains the target\u2019s blood.\nThe user\u2019s HP is restored by half the\ndamage taken by the target.",
      "language": {
        "name": "en",
        "url": "https://pokeapi.co/api/v2/language/9/"
      },
      "version_group": {
        "name": "omega-ruby-alpha-sapphire",
        "url": "https://pokeapi.co/api/v2/version-group/16/"
      }
    },
    {
      "flavor_text": "\u8840\u3092\u3000\u5438\u3044\u53d6\u3063\u3066\u3000\u76f8\u624b\u3092\n\u653b\u6483\u3059\u308b\u3002\u4e0e\u3048\u305f\u3000\u30c0\u30e1\u30fc\u30b8\u306e\n\u534a\u5206\u306e\u3000\uff28\uff30\u3092\u3000\u56de\u5fa9\u3067\u304d\u308b\u3002",
      "language": {
        "name": "ja",
        "url": "https://pokeapi.co/api/v2/language/11/"
      },
      "version_group": {
        "name": "omega-ruby-alpha-sapphire",
        "url": "https://pokeapi.co/api/v2/version-group/16/"
      }
    },
    {
      "flavor_text": "\u3061\u3092\u3000\u3059\u3044\u3068\u3063\u3066\u3000\u3042\u3044\u3066\u3092\n\u3053\u3046\u3052\u304d\u3059\u308b\u3002\u3000\u3042\u305f\u3048\u305f\u3000\u30c0\u30e1\u30fc\u30b8\u306e\n\u306f\u3093\u3076\u3093\u306e\u3000\uff28\uff30\u3092\u3000\u304b\u3044\u3075\u304f\u3000\u3067\u304d\u308b\u3002",
      "language": {
        "name": "ja-Hrkt",
        "url": "https://pokeapi.co/api/v2/language/1/"
      },
      "version_group": {
        "name": "sun-moon",
        "url": "https://pokeapi.co/api/v2/version-group/17/"
      }
    },
    {
      "flavor_text": "\ud53c\ub97c \ube68\uc544\uc11c \uc0c1\ub300\ub97c\n\uacf5\uaca9\ud55c\ub2e4. \uc900 \ub370\ubbf8\uc9c0\uc758\n\uc808\ubc18\uc744 HP\ub85c \ud68c\ubcf5\ud55c\ub2e4.",
      "language": {
        "name": "ko",
        "url": "https://pokeapi.co/api/v2/language/3/"
      },
      "version_group": {
        "name": "sun-moon",
        "url": "https://pokeapi.co/api/v2/version-group/17/"
      }
    },
    {
      "flavor_text": "\u5438\u53d6\u5c0d\u624b\u7684\u8840\u6db2\u9032\u884c\u653b\u64ca\u3002\n\u53ef\u4ee5\u56de\u5fa9\u7d66\u4e88\u5c0d\u624b\n\u50b7\u5bb3\u7684\u4e00\u534a\uff28\uff30\u3002",
      "language": {
        "name": "zh-Hant",
        "url": "https://pokeapi.co/api/v2/language/4/"
      },
      "version_group": {
        "name": "sun-moon",
        "url": "https://pokeapi.co/api/v2/version-group/17/"
      }
    },
    {
      "flavor_text": "Une attaque qui aspire le sang de l\u2019ennemi.\nLa moiti\u00e9 des d\u00e9g\u00e2ts sont convertis en PV\npour le lanceur.",
      "language": {
        "name": "fr",
        "url": "https://pokeapi.co/api/v2/language/5/"
      },
      "version_group": {
        "name": "sun-moon",
        "url": "https://pokeapi.co/api/v2/version-group/17/"
      }
    },
    {
      "flavor_text": "Die H\u00e4lfte des zugef\u00fcgten Schadens wird dem\nAnwender gutgeschrieben.",
      "language": {
        "name": "de",
        "url": "https://pokeapi.co/api/v2/language/6/"
      },
      "version_group": {
        "name": "sun-moon",
        "url": "https://pokeapi.co/api/v2/version-group/17/"
      }
    },
    {
      "flavor_text": "Restaura al usuario la mitad del da\u00f1o causado al \nobjetivo.",
      "language": {
        "name": "es",
        "url": "https://pokeapi.co/api/v2/language/7/"
      },
      "version_group": {
        "name": "sun-moon",
        "url": "https://pokeapi.co/api/v2/version-group/17/"
      }
    },
    {
      "flavor_text": "Mossa succhiasangue. Chi la usa recupera una\nquantit\u00e0 di PS pari alla met\u00e0 del danno inferto.",
      "language": {
        "name": "it",
        "url": "https://pokeapi.co/api/v2/language/8/"
      },
      "version_group": {
        "name": "sun-moon",
        "url": "https://pokeapi.co/api/v2/version-group/17/"
      }
    },
    {
      "flavor_text": "The user drains the target\u2019s blood. The user\u2019s HP is\nrestored by half the damage taken by the target.",
      "language": {
        "name": "en",
        "url": "https://pokeapi.co/api/v2/language/9/"
      },
      "version_group": {
        "name": "sun-moon",
        "url": "https://pokeapi.co/api/v2/version-group/17/"
      }
    },
    {
      "flavor_text": "\u8840\u3092\u3000\u5438\u3044\u53d6\u3063\u3066\u3000\u76f8\u624b\u3092\n\u653b\u6483\u3059\u308b\u3002\u3000\u4e0e\u3048\u305f\u3000\u30c0\u30e1\u30fc\u30b8\u306e\n\u534a\u5206\u306e\u3000\uff28\uff30\u3092\u3000\u56de\u5fa9\u3067\u304d\u308b\u3002",
      "language": {
        "name": "ja",
        "url": "https://pokeapi.co/api/v2/language/11/"
      },
      "version_group": {
        "name": "sun-moon",
        "url": "https://pokeapi.co/api/v2/version-group/17/"
      }
    },
    {
      "flavor_text": "\u5438\u53d6\u8840\u6db2\u653b\u51fb\u5bf9\u624b\u3002\n\u53ef\u4ee5\u56de\u590d\u7ed9\u4e88\u5bf9\u624b\n\u4f24\u5bb3\u7684\u4e00\u534a\uff28\uff30\u3002",
      "language": {
        "name": "zh-Hans",
        "url": "https://pokeapi.co/api/v2/language/12/"
      },
      "version_group": {
        "name": "sun-moon",
        "url": "https://pokeapi.co/api/v2/version-group/17/"
      }
    },
    {
      "flavor_text": "\u3061\u3092\u3000\u3059\u3044\u3068\u3063\u3066\u3000\u3042\u3044\u3066\u3092\n\u3053\u3046\u3052\u304d\u3059\u308b\u3002\u3000\u3042\u305f\u3048\u305f\u3000\u30c0\u30e1\u30fc\u30b8\u306e\n\u306f\u3093\u3076\u3093\u306e\u3000\uff28\uff30\u3092\u3000\u304b\u3044\u3075\u304f\u3000\u3067\u304d\u308b\u3002",
      "language": {
        "name": "ja-Hrkt",
        "url": "https://pokeapi.co/api/v2/language/1/"
      },
      "version_group": {
        "name": "ultra-sun-ultra-moon",
        "url": "https://pokeapi.co/api/v2/version-group/18/"
      }
    },
    {
      "flavor_text": "\ud53c\ub97c \ube68\uc544\uc11c \uc0c1\ub300\ub97c\n\uacf5\uaca9\ud55c\ub2e4. \uc900 \ub370\ubbf8\uc9c0\uc758\n\uc808\ubc18\uc744 HP\ub85c \ud68c\ubcf5\ud55c\ub2e4.",
      "language": {
        "name": "ko",
        "url": "https://pokeapi.co/api/v2/language/3/"
      },
      "version_group": {
        "name": "ultra-sun-ultra-moon",
        "url": "https://pokeapi.co/api/v2/version-group/18/"
      }
    },
    {
      "flavor_text": "\u5438\u53d6\u5c0d\u624b\u7684\u8840\u6db2\u9032\u884c\u653b\u64ca\u3002\n\u53ef\u4ee5\u56de\u5fa9\u7d66\u4e88\u5c0d\u624b\n\u50b7\u5bb3\u7684\u4e00\u534a\uff28\uff30\u3002",
      "language": {
        "name": "zh-Hant",
        "url": "https://pokeapi.co/api/v2/language/4/"
      },
      "version_group": {
        "name": "ultra-sun-ultra-moon",
        "url": "https://pokeapi.co/api/v2/version-group/18/"
      }
    },
    {
      "flavor_text": "Une attaque qui aspire le sang de l\u2019ennemi.\nLa moiti\u00e9 des d\u00e9g\u00e2ts sont convertis en PV\npour le lanceur.",
      "language": {
        "name": "fr",
        "url": "https://pokeapi.co/api/v2/language/5/"
      },
      "version_group": {
        "name": "ultra-sun-ultra-moon",
        "url": "https://pokeapi.co/api/v2/version-group/18/"
      }
    },
    {
      "flavor_text": "Die H\u00e4lfte des zugef\u00fcgten Schadens wird dem\nAnwender gutgeschrieben.",
      "language": {
        "name": "de",
        "url": "https://pokeapi.co/api/v2/language/6/"
      },
      "version_group": {
        "name": "ultra-sun-ultra-moon",
        "url": "https://pokeapi.co/api/v2/version-group/18/"
      }
    },
    {
      "flavor_text": "Restaura al usuario la mitad del da\u00f1o causado al \nobjetivo.",
      "language": {
        "name": "es",
        "url": "https://pokeapi.co/api/v2/language/7/"
      },
      "version_group": {
        "name": "ultra-sun-ultra-moon",
        "url": "https://pokeapi.co/api/v2/version-group/18/"
      }
    },
    {
      "flavor_text": "Mossa succhiasangue. Chi la usa recupera una\nquantit\u00e0 di PS pari alla met\u00e0 del danno inferto.",
      "language": {
        "name": "it",
        "url": "https://pokeapi.co/api/v2/language/8/"
      },
      "version_group": {
        "name": "ultra-sun-ultra-moon",
        "url": "https://pokeapi.co/api/v2/version-group/18/"
      }
    },
    {
      "flavor_text": "The user drains the target\u2019s blood. The user\u2019s HP is\nrestored by half the damage taken by the target.",
      "language": {
        "name": "en",
        "url": "https://pokeapi.co/api/v2/language/9/"
      },
      "version_group": {
        "name": "ultra-sun-ultra-moon",
        "url": "https://pokeapi.co/api/v2/version-group/18/"
      }
    },
    {
      "flavor_text": "\u8840\u3092\u3000\u5438\u3044\u53d6\u3063\u3066\u3000\u76f8\u624b\u3092\n\u653b\u6483\u3059\u308b\u3002\u3000\u4e0e\u3048\u305f\u3000\u30c0\u30e1\u30fc\u30b8\u306e\n\u534a\u5206\u306e\u3000\uff28\uff30\u3092\u3000\u56de\u5fa9\u3067\u304d\u308b\u3002",
      "language": {
        "name": "ja",
        "url": "https://pokeapi.co/api/v2/language/11/"
      },
      "version_group": {
        "name": "ultra-sun-ultra-moon",
        "url": "https://pokeapi.co/api/v2/version-group/18/"
      }
    },
    {
      "flavor_text": "\u5438\u53d6\u8840\u6db2\u653b\u51fb\u5bf9\u624b\u3002\n\u53ef\u4ee5\u56de\u590d\u7ed9\u4e88\u5bf9\u624b\n\u4f24\u5bb3\u7684\u4e00\u534a\uff28\uff30\u3002",
      "language": {
        "name": "zh-Hans",
        "url": "https://pokeapi.co/api/v2/language/12/"
      },
      "version_group": {
        "name": "ultra-sun-ultra-moon",
        "url": "https://pokeapi.co/api/v2/version-group/18/"
      }
    },
    {
      "flavor_text": "\u3061\u3092\u3000\u3059\u3044\u3068\u3063\u3066\u3000\u3042\u3044\u3066\u3092\n\u3053\u3046\u3052\u304d\u3059\u308b\u3002\u3000\u3042\u305f\u3048\u305f\u3000\u30c0\u30e1\u30fc\u30b8\u306e\n\u306f\u3093\u3076\u3093\u306e\u3000\uff28\uff30\u3092\u3000\u304b\u3044\u3075\u304f\u3000\u3067\u304d\u308b\u3002",
      "language": {
        "name": "ja-Hrkt",
        "url": "https://pokeapi.co/api/v2/language/1/"
      },
      "version_group": {
        "name": "lets-go-pikachu-lets-go-eevee",
        "url": "https://pokeapi.co/api/v2/version-group/19/"
      }
    },
    {
      "flavor_text": "\ud53c\ub97c \ube68\uc544\uc11c \uc0c1\ub300\ub97c\n\uacf5\uaca9\ud55c\ub2e4. \uc900 \ub370\ubbf8\uc9c0\uc758\n\uc808\ubc18\uc744 HP\ub85c \ud68c\ubcf5\ud55c\ub2e4.",
      "language": {
        "name": "ko",
        "url": "https://pokeapi.co/api/v2/language/3/"
      },
      "version_group": {
        "name": "lets-go-pikachu-lets-go-eevee",
        "url": "https://pokeapi.co/api/v2/version-group/19/"
      }
    },
    {
      "flavor_text": "\u5438\u53d6\u5c0d\u624b\u7684\u8840\u6db2\u9032\u884c\u653b\u64ca\u3002\n\u53ef\u4ee5\u56de\u5fa9\u7d66\u4e88\u5c0d\u624b\n\u50b7\u5bb3\u7684\u4e00\u534aHP\u3002",
      "language": {
        "name": "zh-Hant",
        "url": "https://pokeapi.co/api/v2/language/4/"
      },
      "version_group": {
        "name": "lets-go-pikachu-lets-go-eevee",
        "url": "https://pokeapi.co/api/v2/version-group/19/"
      }
    },
    {
      "flavor_text": "Une attaque qui aspire le sang de l\u2019ennemi.\nLa moiti\u00e9 des d\u00e9g\u00e2ts sont convertis en PV\npour le lanceur.",
      "language": {
        "name": "fr",
        "url": "https://pokeapi.co/api/v2/language/5/"
      },
      "version_group": {
        "name": "lets-go-pikachu-lets-go-eevee",
        "url": "https://pokeapi.co/api/v2/version-group/19/"
      }
    },
    {
      "flavor_text": "Die H\u00e4lfte des zugef\u00fcgten Schadens wird dem\nAnwender gutgeschrieben.",
      "language": {
        "name": "de",
        "url": "https://pokeapi.co/api/v2/language/6/"
      },
      "version_group": {
        "name": "lets-go-pikachu-lets-go-eevee",
        "url": "https://pokeapi.co/api/v2/version-group/19/"
      }
    },
    {
      "flavor_text": "Restaura al usuario la mitad del da\u00f1o causado al \nobjetivo.",
      "language": {
        "name": "es",
        "url": "https://pokeapi.co/api/v2/language/7/"
      },
      "version_group": {
        "name": "lets-go-pikachu-lets-go-eevee",
        "url": "https://pokeapi.co/api/v2/version-group/19/"
      }
    },
    {
      "flavor_text": "Mossa succhiasangue. Chi la usa recupera una\nquantit\u00e0 di PS pari alla met\u00e0 del danno inferto.",
      "language": {
        "name": "it",
        "url": "https://pokeapi.co/api/v2/language/8/"
      },
      "version_group": {
        "name": "lets-go-pikachu-lets-go-eevee",
        "url": "https://pokeapi.co/api/v2/version-group/19/"
      }
    },
    {
      "flavor_text": "The user drains the target\u2019s blood. The user\u2019s HP is\nrestored by half the damage taken by the target.",
      "language": {
        "name": "en",
        "url": "https://pokeapi.co/api/v2/language/9/"
      },
      "version_group": {
        "name": "lets-go-pikachu-lets-go-eevee",
        "url": "https://pokeapi.co/api/v2/version-group/19/"
      }
    },
    {
      "flavor_text": "\u8840\u3092\u3000\u5438\u3044\u53d6\u3063\u3066\u3000\u76f8\u624b\u3092\n\u653b\u6483\u3059\u308b\u3002\u3000\u4e0e\u3048\u305f\u3000\u30c0\u30e1\u30fc\u30b8\u306e\n\u534a\u5206\u306e\u3000\uff28\uff30\u3092\u3000\u56de\u5fa9\u3067\u304d\u308b\u3002",
      "language": {
        "name": "ja",
        "url": "https://pokeapi.co/api/v2/language/11/"
      },
      "version_group": {
        "name": "lets-go-pikachu-lets-go-eevee",
        "url": "https://pokeapi.co/api/v2/version-group/19/"
      }
    },
    {
      "flavor_text": "\u5438\u53d6\u8840\u6db2\u653b\u51fb\u5bf9\u624b\u3002\n\u53ef\u4ee5\u56de\u590d\u7ed9\u4e88\u5bf9\u624b\n\u4f24\u5bb3\u7684\u4e00\u534aHP\u3002",
      "language": {
        "name": "zh-Hans",
        "url": "https://pokeapi.co/api/v2/language/12/"
      },
      "version_group": {
        "name": "lets-go-pikachu-lets-go-eevee",
        "url": "https://pokeapi.co/api/v2/version-group/19/"
      }
    },
    {
      "flavor_text": "\u3061\u3092\u3000\u3059\u3044\u3068\u3063\u3066\u3000\u3042\u3044\u3066\u3092\n\u3053\u3046\u3052\u304d\u3059\u308b\u3002\u3000\u3042\u305f\u3048\u305f\u3000\u30c0\u30e1\u30fc\u30b8\u306e\n\u306f\u3093\u3076\u3093\u306e\u3000\uff28\uff30\u3092\u3000\u304b\u3044\u3075\u304f\u3000\u3067\u304d\u308b\u3002",
      "language": {
        "name": "ja-Hrkt",
        "url": "https://pokeapi.co/api/v2/language/1/"
      },
      "version_group": {
        "name": "sword-shield",
        "url": "https://pokeapi.co/api/v2/version-group/20/"
      }
    },
    {
      "flavor_text": "\ud53c\ub97c \ube68\uc544\uc11c \uc0c1\ub300\ub97c\n\uacf5\uaca9\ud55c\ub2e4. \uc900 \ub370\ubbf8\uc9c0\uc758\n\uc808\ubc18\uc744 HP\ub85c \ud68c\ubcf5\ud55c\ub2e4.",
      "language": {
        "name": "ko",
        "url": "https://pokeapi.co/api/v2/language/3/"
      },
      "version_group": {
        "name": "sword-shield",
        "url": "https://pokeapi.co/api/v2/version-group/20/"
      }
    },
    {
      "flavor_text": "\u5438\u53d6\u5c0d\u624b\u7684\u8840\u6db2\u9032\u884c\u653b\u64ca\u3002\n\u53ef\u4ee5\u56de\u5fa9\u7d66\u4e88\u5c0d\u624b\n\u50b7\u5bb3\u7684\u4e00\u534a\uff28\uff30\u3002",
      "language": {
        "name": "zh-Hant",
        "url": "https://pokeapi.co/api/v2/language/4/"
      },
      "version_group": {
        "name": "sword-shield",
        "url": "https://pokeapi.co/api/v2/version-group/20/"
      }
    },
    {
      "flavor_text": "Une attaque qui aspire le sang de l\u2019ennemi.\nLa moiti\u00e9 des d\u00e9g\u00e2ts sont convertis en PV\npour le lanceur.",
      "language": {
        "name": "fr",
        "url": "https://pokeapi.co/api/v2/language/5/"
      },
      "version_group": {
        "name": "sword-shield",
        "url": "https://pokeapi.co/api/v2/version-group/20/"
      }
    },
    {
      "flavor_text": "Die H\u00e4lfte des zugef\u00fcgten Schadens wird dem\nAnwender gutgeschrieben.",
      "language": {
        "name": "de",
        "url": "https://pokeapi.co/api/v2/language/6/"
      },
      "version_group": {
        "name": "sword-shield",
        "url": "https://pokeapi.co/api/v2/version-group/20/"
      }
    },
    {
      "flavor_text": "Restaura al usuario la mitad del da\u00f1o causado al \nobjetivo.",
      "language": {
        "name": "es",
        "url": "https://pokeapi.co/api/v2/language/7/"
      },
      "version_group": {
        "name": "sword-shield",
        "url": "https://pokeapi.co/api/v2/version-group/20/"
      }
    },
    {
      "flavor_text": "Mossa succhiasangue. Chi la usa recupera una\nquantit\u00e0 di PS pari alla met\u00e0 del danno inferto.",
      "language": {
        "name": "it",
        "url": "https://pokeapi.co/api/v2/language/8/"
      },
      "version_group": {
        "name": "sword-shield",
        "url": "https://pokeapi.co/api/v2/version-group/20/"
      }
    },
    {
      "flavor_text": "The user drains the target\u2019s blood. The user\u2019s HP is\nrestored by half the damage taken by the target.",
      "language": {
        "name": "en",
        "url": "https://pokeapi.co/api/v2/language/9/"
      },
      "version_group": {
        "name": "sword-shield",
        "url": "https://pokeapi.co/api/v2/version-group/20/"
      }
    },
    {
      "flavor_text": "\u8840\u3092\u3000\u5438\u3044\u53d6\u3063\u3066\u3000\u76f8\u624b\u3092\n\u653b\u6483\u3059\u308b\u3002\u3000\u4e0e\u3048\u305f\u3000\u30c0\u30e1\u30fc\u30b8\u306e\n\u534a\u5206\u306e\u3000\uff28\uff30\u3092\u3000\u56de\u5fa9\u3067\u304d\u308b\u3002",
      "language": {
        "name": "ja",
        "url": "https://pokeapi.co/api/v2/language/11/"
      },
      "version_group": {
        "name": "sword-shield",
        "url": "https://pokeapi.co/api/v2/version-group/20/"
      }
    },
    {
      "flavor_text": "\u5438\u53d6\u8840\u6db2\u653b\u51fb\u5bf9\u624b\u3002\n\u53ef\u4ee5\u56de\u590d\u7ed9\u4e88\u5bf9\u624b\n\u4f24\u5bb3\u7684\u4e00\u534a\uff28\uff30\u3002",
      "language": {
        "name": "zh-Hans",
        "url": "https://pokeapi.co/api/v2/language/12/"
      },
      "version_group": {
        "name": "sword-shield",
        "url": "https://pokeapi.co/api/v2/version-group/20/"
      }
    },
    {
      "flavor_text": "The user attacks by draining the target's blood. Some of the damage dealt to the target is absorbed by the user to restore their own HP.",
      "language": {
        "name": "en",
        "url": "https://pokeapi.co/api/v2/language/9/"
      },
      "version_group": {
        "name": "legends-arceus",
        "url": "https://pokeapi.co/api/v2/version-group/24/"
      }
    },
    {
      "flavor_text": "The user drains the target's blood. The user's HP is restored by up to half the damage taken by the target.",
      "language": {
        "name": "en",
        "url": "https://pokeapi.co/api/v2/language/9/"
      },
      "version_group": {
        "name": "scarlet-violet",
        "url": "https://pokeapi.co/api/v2/version-group/25/"
      }
    }
  ],
  "generation": {
    "name": "generation-i",
    "url": "https://pokeapi.co/api/v2/generation/1/"
  },
  "id": 141,
  "learned_by_pokemon": [
    {
      "name": "ekans",
      "url": "https://pokeapi.co/api/v2/pokemon/23/"
    },
    {
      "name": "arbok",
      "url": "https://pokeapi.co/api/v2/pokemon/24/"
    },
    {
      "name": "sandshrew",
      "url": "https://pokeapi.co/api/v2/pokemon/27/"
    },
    {
      "name": "sandslash",
      "url": "https://pokeapi.co/api/v2/pokemon/28/"
    },
    {
      "name": "zubat",
      "url": "https://pokeapi.co/api/v2/pokemon/41/"
    },
    {
      "name": "golbat",
      "url": "https://pokeapi.co/api/v2/pokemon/42/"
    },
    {
      "name": "paras",
      "url": "https://pokeapi.co/api/v2/pokemon/46/"
    },
    {
      "name": "parasect",
      "url": "https://pokeapi.co/api/v2/pokemon/47/"
    },
    {
      "name": "venonat",
      "url": "https://pokeapi.co/api/v2/pokemon/48/"
    },
    {
      "name": "venomoth",
      "url": "https://pokeapi.co/api/v2/pokemon/49/"
    },
    {
      "name": "bellsprout",
      "url": "https://pokeapi.co/api/v2/pokemon/69/"
    },
    {
      "name": "weepinbell",
      "url": "https://pokeapi.co/api/v2/pokemon/70/"
    },
    {
      "name": "victreebel",
      "url": "https://pokeapi.co/api/v2/pokemon/71/"
    },
    {
      "name": "kabuto",
      "url": "https://pokeapi.co/api/v2/pokemon/140/"
    },
    {
      "name": "kabutops",
      "url": "https://pokeapi.co/api/v2/pokemon/141/"
    },
    {
      "name": "mew",
      "url": "https://pokeapi.co/api/v2/pokemon/151/"
    },
    {
      "name": "spinarak",
      "url": "https://pokeapi.co/api/v2/pokemon/167/"
    },
    {
      "name": "ariados",
      "url": "https://pokeapi.co/api/v2/pokemon/168/"
    },
    {
      "name": "crobat",
      "url": "https://pokeapi.co/api/v2/pokemon/169/"
    },
    {
      "name": "yanma",
      "url": "https://pokeapi.co/api/v2/pokemon/193/"
    },
    {
      "name": "beautifly",
      "url": "https://pokeapi.co/api/v2/pokemon/267/"
    },
    {
      "name": "dustox",
      "url": "https://pokeapi.co/api/v2/pokemon/269/"
    },
    {
      "name": "surskit",
      "url": "https://pokeapi.co/api/v2/pokemon/283/"
    },
    {
      "name": "masquerain",
      "url": "https://pokeapi.co/api/v2/pokemon/284/"
    },
    {
      "name": "nincada",
      "url": "https://pokeapi.co/api/v2/pokemon/290/"
    },
    {
      "name": "ninjask",
      "url": "https://pokeapi.co/api/v2/pokemon/291/"
    },
    {
      "name": "shedinja",
      "url": "https://pokeapi.co/api/v2/pokemon/292/"
    },
    {
      "name": "duskull",
      "url": "https://pokeapi.co/api/v2/pokemon/355/"
    },
    {
      "name": "dusclops",
      "url": "https://pokeapi.co/api/v2/pokemon/356/"
    },
    {
      "name": "kricketune",
      "url": "https://pokeapi.co/api/v2/pokemon/402/"
    },
    {
      "name": "drapion",
      "url": "https://pokeapi.co/api/v2/pokemon/452/"
    },
    {
      "name": "yanmega",
      "url": "https://pokeapi.co/api/v2/pokemon/469/"
    },
    {
      "name": "dusknoir",
      "url": "https://pokeapi.co/api/v2/pokemon/477/"
    },
    {
      "name": "joltik",
      "url": "https://pokeapi.co/api/v2/pokemon/595/"
    },
    {
      "name": "galvantula",
      "url": "https://pokeapi.co/api/v2/pokemon/596/"
    },
    {
      "name": "shelmet",
      "url": "https://pokeapi.co/api/v2/pokemon/616/"
    },
    {
      "name": "accelgor",
      "url": "https://pokeapi.co/api/v2/pokemon/617/"
    },
    {
      "name": "larvesta",
      "url": "https://pokeapi.co/api/v2/pokemon/636/"
    },
    {
      "name": "volcarona",
      "url": "https://pokeapi.co/api/v2/pokemon/637/"
    },
    {
      "name": "genesect",
      "url": "https://pokeapi.co/api/v2/pokemon/649/"
    },
    {
      "name": "noibat",
      "url": "https://pokeapi.co/api/v2/pokemon/714/"
    },
    {
      "name": "noivern",
      "url": "https://pokeapi.co/api/v2/pokemon/715/"
    },
    {
      "name": "litten",
      "url": "https://pokeapi.co/api/v2/pokemon/725/"
    },
    {
      "name": "torracat",
      "url": "https://pokeapi.co/api/v2/pokemon/726/"
    },
    {
      "name": "incineroar",
      "url": "https://pokeapi.co/api/v2/pokemon/727/"
    },
    {
      "name": "cutiefly",
      "url": "https://pokeapi.co/api/v2/pokemon/742/"
    },
    {
      "name": "ribombee",
      "url": "https://pokeapi.co/api/v2/pokemon/743/"
    },
    {
      "name": "dewpider",
      "url": "https://pokeapi.co/api/v2/pokemon/751/"
    },
    {
      "name": "araquanid",
      "url": "https://pokeapi.co/api/v2/pokemon/752/"
    },
    {
      "name": "fomantis",
      "url": "https://pokeapi.co/api/v2/pokemon/753/"
    },
    {
      "name": "lurantis",
      "url": "https://pokeapi.co/api/v2/pokemon/754/"
    },
    {
      "name": "salandit",
      "url": "https://pokeapi.co/api/v2/pokemon/757/"
    },
    {
      "name": "salazzle",
      "url": "https://pokeapi.co/api/v2/pokemon/758/"
    },
    {
      "name": "wimpod",
      "url": "https://pokeapi.co/api/v2/pokemon/767/"
    },
    {
      "name": "golisopod",
      "url": "https://pokeapi.co/api/v2/pokemon/768/"
    },
    {
      "name": "mimikyu-disguised",
      "url": "https://pokeapi.co/api/v2/pokemon/778/"
    },
    {
      "name": "buzzwole",
      "url": "https://pokeapi.co/api/v2/pokemon/794/"
    },
    {
      "name": "naganadel",
      "url": "https://pokeapi.co/api/v2/pokemon/804/"
    },
    {
      "name": "dottler",
      "url": "https://pokeapi.co/api/v2/pokemon/825/"
    },
    {
      "name": "orbeetle",
      "url": "https://pokeapi.co/api/v2/pokemon/826/"
    },
    {
      "name": "sizzlipede",
      "url": "https://pokeapi.co/api/v2/pokemon/850/"
    },
    {
      "name": "centiskorch",
      "url": "https://pokeapi.co/api/v2/pokemon/851/"
    },
    {
      "name": "impidimp",
      "url": "https://pokeapi.co/api/v2/pokemon/859/"
    },
    {
      "name": "morgrem",
      "url": "https://pokeapi.co/api/v2/pokemon/860/"
    },
    {
      "name": "grimmsnarl",
      "url": "https://pokeapi.co/api/v2/pokemon/861/"
    },
    {
      "name": "cursola",
      "url": "https://pokeapi.co/api/v2/pokemon/864/"
    },
    {
      "name": "frosmoth",
      "url": "https://pokeapi.co/api/v2/pokemon/873/"
    },
    {
      "name": "dracovish",
      "url": "https://pokeapi.co/api/v2/pokemon/882/"
    },
    {
      "name": "tarountula",
      "url": "https://pokeapi.co/api/v2/pokemon/917/"
    },
    {
      "name": "spidops",
      "url": "https://pokeapi.co/api/v2/pokemon/918/"
    },
    {
      "name": "nymble",
      "url": "https://pokeapi.co/api/v2/pokemon/919/"
    },
    {
      "name": "lokix",
      "url": "https://pokeapi.co/api/v2/pokemon/920/"
    },
    {
      "name": "rellor",
      "url": "https://pokeapi.co/api/v2/pokemon/953/"
    },
    {
      "name": "rabsca",
      "url": "https://pokeapi.co/api/v2/pokemon/954/"
    },
    {
      "name": "slither-wing",
      "url": "https://pokeapi.co/api/v2/pokemon/988/"
    },
    {
      "name": "sandshrew-alola",
      "url": "https://pokeapi.co/api/v2/pokemon/10101/"
    },
    {
      "name": "sandslash-alola",
      "url": "https://pokeapi.co/api/v2/pokemon/10102/"
    },
    {
      "name": "lurantis-totem",
      "url": "https://pokeapi.co/api/v2/pokemon/10128/"
    },
    {
      "name": "salazzle-totem",
      "url": "https://pokeapi.co/api/v2/pokemon/10129/"
    },
    {
      "name": "mimikyu-busted",
      "url": "https://pokeapi.co/api/v2/pokemon/10143/"
    },
    {
      "name": "mimikyu-totem-disguised",
      "url": "https://pokeapi.co/api/v2/pokemon/10144/"
    },
    {
      "name": "mimikyu-totem-busted",
      "url": "https://pokeapi.co/api/v2/pokemon/10145/"
    },
    {
      "name": "ribombee-totem",
      "url": "https://pokeapi.co/api/v2/pokemon/10150/"
    },
    {
      "name": "araquanid-totem",
      "url": "https://pokeapi.co/api/v2/pokemon/10153/"
    }
  ],
  "machines": [
    {
      "machine": {
        "url": "https://pokeapi.co/api/v2/machine/558/"
      },
      "version_group": {
        "name": "sun-moon",
        "url": "https://pokeapi.co/api/v2/version-group/17/"
      }
    },
    {
      "machine": {
        "url": "https://pokeapi.co/api/v2/machine/559/"
      },
      "version_group": {
        "name": "ultra-sun-ultra-moon",
        "url": "https://pokeapi.co/api/v2/version-group/18/"
      }
    },
    {
      "machine": {
        "url": "https://pokeapi.co/api/v2/machine/1607/"
      },
      "version_group": {
        "name": "sword-shield",
        "url": "https://pokeapi.co/api/v2/version-group/20/"
      }
    },
    {
      "machine": {
        "url": "https://pokeapi.co/api/v2/machine/1800/"
      },
      "version_group": {
        "name": "scarlet-violet",
        "url": "https://pokeapi.co/api/v2/version-group/25/"
      }
    }
  ],
  "meta": {
    "ailment": {
      "name": "none",
      "url": "https://pokeapi.co/api/v2/move-ailment/0/"
    },
    "ailment_chance": 0,
    "category": {
      "name": "damage+heal",
      "url": "https://pokeapi.co/api/v2/move-category/8/"
    },
    "crit_rate": 0,
    "drain": 50,
    "flinch_chance": 0,
    "healing": 0,
    "max_hits": null,
    "max_turns": null,
    "min_hits": null,
    "min_turns": null,
    "stat_chance": 0
  },
  "name": "leech-life",
  "names": [
    {
      "language": {
        "name": "ja-Hrkt",
        "url": "https://pokeapi.co/api/v2/language/1/"
      },
      "name": "\u304d\u3085\u3046\u3051\u3064"
    },
    {
      "language": {
        "name": "ko",
        "url": "https://pokeapi.co/api/v2/language/3/"
      },
      "name": "\ud761\ud608"
    },
    {
      "language": {
        "name": "zh-Hant",
        "url": "https://pokeapi.co/api/v2/language/4/"
      },
      "name": "\u5438\u8840"
    },
    {
      "language": {
        "name": "fr",
        "url": "https://pokeapi.co/api/v2/language/5/"
      },
      "name": "Vampirisme"
    },
    {
      "language": {
        "name": "de",
        "url": "https://pokeapi.co/api/v2/language/6/"
      },
      "name": "Blutsauger"
    },
    {
      "language": {
        "name": "es",
        "url": "https://pokeapi.co/api/v2/language/7/"
      },
      "name": "Chupavidas"
    },
    {
      "language": {
        "name": "it",
        "url": "https://pokeapi.co/api/v2/language/8/"
      },
      "name": "Sanguisuga"
    },
    {
      "language": {
        "name": "en",
        "url": "https://pokeapi.co/api/v2/language/9/"
      },
      "name": "Leech Life"
    },
    {
      "language": {
        "name": "ja",
        "url": "https://pokeapi.co/api/v2/language/11/"
      },
      "name": "\u304d\u3085\u3046\u3051\u3064"
    },
    {
      "language": {
        "name": "zh-Hans",
        "url": "https://pokeapi.co/api/v2/language/12/"
      },
      "name": "\u5438\u8840"
    }
  ],
  "past_values": [
    {
      "accuracy": null,
      "effect_chance": null,
      "effect_entries": [],
      "power": 20,
      "pp": 15,
      "type": null,
      "version_group": {
        "name": "sun-moon",
        "url": "https://pokeapi.co/api/v2/version-group/17/"
      }
    }
  ],
  "power": 80,
  "pp": 10,
  "priority": 0,
  "stat_changes": [],
  "super_contest_effect": {
    "url": "https://pokeapi.co/api/v2/super-contest-effect/20/"
  },
  "target": {
    "name": "selected-pokemon",
    "url": "https://pokeapi.co/api/v2/move-target/10/"
  },
  "type": {
    "name": "bug",
    "url": "https://pokeapi.co/api/v2/type/7/"
  }
}