{
  "accuracy": 100,
  "contest_combos": null,
  "contest_effect": null,
  "contest_type": null,
  "damage_class": {
    "name": "special",
    "url": "https://pokeapi.co/api/v2/move-damage-class/3/"
  },
  "effect_chance": 30,
  "effect_changes": [],
  "effect_entries": [
    {
      "effect": "Inflicts regular damage.  Has a 30% chance to lower the target\u2019s Special Attack by one stage.",
      "language": {
        "name": "en",
        "url": "https://pokeapi.co/api/v2/language/9/"
      },
      "short_effect": "Has a 30% chance to lower the target\u2019s Special Attack by one stage."
    }
  ],
  "flavor_text_entries": [
    {
      "flavor_text": "Attaque l\u2019ennemi gr\u00e2ce au pouvoir de la lune.\nPeut diminuer son Attaque Sp\u00e9ciale.",
      "language": {
        "name": "fr",
        "url": "https://pokeapi.co/api/v2/language/5/"
      },
      "version_group": {
        "name": "x-y",
        "url": "https://pokeapi.co/api/v2/version-group/15/"
      }
    },
    {
      "flavor_text": "\u501f\u7528\u6708\u4eae\u7684\u529b\u91cf\u653b\u51fb\u5bf9\u624b\u3002\n\u6709\u65f6\u4f1a\u964d\u4f4e\u5bf9\u624b\u7684\u7279\u653b\u3002",
      "language": {
        "name": "zh-Hans",
        "url": "https://pokeapi.co/api/v2/language/12/"
      },
      "version_group": {
        "name": "sword-shield",
        "url": "https://pokeapi.co/api/v2/version-group/20/"
      }
    },
    {
      "flavor_text": "\u3064\u304d\u306e\u3000\u30d1\u30ef\u30fc\u3092\u3000\u304b\u308a\u3066\n\u3042\u3044\u3066\u3092\u3000\u3053\u3046\u3052\u304d\u3059\u308b\u3002\u3000\u3042\u3044\u3066\u306e\n\u3068\u304f\u3053\u3046\u3092\u3000\u3055\u3052\u308b\u3000\u3053\u3068\u304c\u3042\u308b\u3002",
      "language": {
        "name": "ja-Hrkt",
        "url": "https://pokeapi.co/api/v2/language/1/"
      },
      "version_group": {
        "name": "x-y",
        "url": "https://pokeapi.co/api/v2/version-group/15/"
      }
    },
    {
      "flavor_text": "\ub2ec\uc758 \ud30c\uc6cc\ub97c \ube4c\ub824\uc11c\n\uc0c1\ub300\ub97c \uacf5\uaca9\ud55c\ub2e4. \uc0c1\ub300\uc758\n\ud2b9\uc218\uacf5\uaca9\uc744 \ub5a8\uc5b4\ub728\ub9b4 \ub54c\uac00 \uc788\ub2e4.",
      "language": {
        "name": "ko",
        "url": "https://pokeapi.co/api/v2/language/3/"
      },
      "version_group": {
        "name": "x-y",
        "url": "https://pokeapi.co/api/v2/version-group/15/"
      }
    },
    {
      "flavor_text": "Der Anwender macht sich die Kraft des Mondes\nzunutze, um anzugreifen. Gelegentlich wird dabei\nder Spezial-Angriff des Zieles gesenkt.",
      "language": {
        "name": "de",
        "url": "https://pokeapi.co/api/v2/language/6/"
      },
      "version_group": {
        "name": "x-y",
        "url": "https://pokeapi.co/api/v2/version-group/15/"
      }
    },
    {
      "flavor_text": "Invoca el poder de la luna para atacar al objetivo.\nPuede disminuir el Ataque Especial del objetivo.",
      "language": {
        "name": "es",
        "url": "https://pokeapi.co/api/v2/language/7/"
      },
      "version_group": {
        "name": "x-y",
        "url": "https://pokeapi.co/api/v2/version-group/15/"
      }
    },
    {
      "flavor_text": "Chi la usa sfrutta il potere della luna per attaccare\nil bersaglio. Pu\u00f2 anche ridurne l\u2019Attacco Speciale.",
      "language": {
        "name": "it",
        "url": "https://pokeapi.co/api/v2/language/8/"
      },
      "version_group": {
        "name": "x-y",
        "url": "https://pokeapi.co/api/v2/version-group/15/"
      }
    },
    {
      "flavor_text": "Borrowing the power of the moon,\nthe user attacks the target.\nThis may also lower the target\u2019s Sp. Atk stat.",
      "language": {
        "name": "en",
        "url": "https://pokeapi.co/api/v2/language/9/"
      },
      "version_group": {
        "name": "x-y",
        "url": "https://pokeapi.co/api/v2/version-group/15/"
      }
    },
    {
      "flavor_text": "\u6708\u306e\u3000\u30d1\u30ef\u30fc\u3092\u3000\u304b\u308a\u3066\n\u76f8\u624b\u3092\u3000\u653b\u6483\u3059\u308b\u3002\u3000\u76f8\u624b\u306e\n\u7279\u653b\u3092\u3000\u3055\u3052\u308b\u3000\u3053\u3068\u304c\u3042\u308b\u3002",
      "language": {
        "name": "ja",
        "url": "https://pokeapi.co/api/v2/language/11/"
      },
      "version_group": {
        "name": "x-y",
        "url": "https://pokeapi.co/api/v2/version-group/15/"
      }
    },
    {
      "flavor_text": "\u3064\u304d\u306e\u3000\u30d1\u30ef\u30fc\u3092\u3000\u304b\u308a\u3066\n\u3042\u3044\u3066\u3092\u3000\u3053\u3046\u3052\u304d\u3059\u308b\u3002\u3000\u3042\u3044\u3066\u306e\n\u3068\u304f\u3053\u3046\u3092\u3000\u3055\u3052\u308b\u3000\u3053\u3068\u304c\u3042\u308b\u3002",
      "language": {
        "name": "ja-Hrkt",
        "url": "https://pokeapi.co/api/v2/language/1/"
      },
      "version_group": {
        "name": "omega-ruby-alpha-sapphire",
        "url": "https://pokeapi.co/api/v2/version-group/16/"
      }
    },
    {
      "flavor_text": "\ub2ec\uc758 \ud30c\uc6cc\ub97c \ube4c\ub824\uc11c\n\uc0c1\ub300\ub97c \uacf5\uaca9\ud55c\ub2e4. \uc0c1\ub300\uc758\n\ud2b9\uc218\uacf5\uaca9\uc744 \ub5a8\uc5b4\ub728\ub9b4 \ub54c\uac00 \uc788\ub2e4.",
      "language": {
        "name": "ko",
        "url": "https://pokeapi.co/api/v2/language/3/"
      },
      "version_group": {
        "name": "omega-ruby-alpha-sapphire",
        "url": "https://pokeapi.co/api/v2/version-group/16/"
      }
    },
    {
      "flavor_text": "Attaque l\u2019ennemi gr\u00e2ce au pouvoir de la lune.\nPeut diminuer son Attaque Sp\u00e9ciale.",
      "language": {
        "name": "fr",
        "url": "https://pokeapi.co/api/v2/language/5/"
      },
      "version_group": {
        "name": "omega-ruby-alpha-sapphire",
        "url": "https://pokeapi.co/api/v2/version-group/16/"
      }
    },
    {
      "flavor_text": "Der Anwender macht sich die Kraft des Mondes\nzunutze, um anzugreifen. Gelegentlich wird dabei\nder Spezial-Angriff des Zieles gesenkt.",
      "language": {
        "name": "de",
        "url": "https://pokeapi.co/api/v2/language/6/"
      },
      "version_group": {
        "name": "omega-ruby-alpha-sapphire",
        "url": "https://pokeapi.co/api/v2/version-group/16/"
      }
    },
    {
      "flavor_text": "Invoca el poder de la luna para atacar al objetivo. \nPuede disminuir el Ataque Especial del objetivo.",
      "language": {
        "name": "es",
        "url": "https://pokeapi.co/api/v2/language/7/"
      },
      "version_group": {
        "name": "omega-ruby-alpha-sapphire",
        "url": "https://pokeapi.co/api/v2/version-group/16/"
      }
    },
    {
      "flavor_text": "Chi la usa sfrutta il potere della luna per attaccare\nil bersaglio. Pu\u00f2 anche ridurne l\u2019Attacco Speciale.",
      "language": {
        "name": "it",
        "url": "https://pokeapi.co/api/v2/language/8/"
      },
      "version_group": {
        "name": "omega-ruby-alpha-sapphire",
        "url": "https://pokeapi.co/api/v2/version-group/16/"
      }
    },
    {
      "flavor_text": "Borrowing the power of the moon,\nthe user attacks the target.\nThis may also lower the target\u2019s Sp. Atk stat.",
      "language": {
        "name": "en",
        "url": "https://pokeapi.co/api/v2/language/9/"
      },
      "version_group": {
        "name": "omega-ruby-alpha-sapphire",
        "url": "https://pokeapi.co/api/v2/version-group/16/"
      }
    },
    {
      "flavor_text": "\u6708\u306e\u3000\u30d1\u30ef\u30fc\u3092\u3000\u304b\u308a\u3066\n\u76f8\u624b\u3092\u3000\u653b\u6483\u3059\u308b\u3002\u3000\u76f8\u624b\u306e\n\u7279\u653b\u3092\u3000\u3055\u3052\u308b\u3000\u3053\u3068\u304c\u3042\u308b\u3002",
      "language": {
        "name": "ja",
        "url": "https://pokeapi.co/api/v2/language/11/"
      },
      "version_group": {
        "name": "omega-ruby-alpha-sapphire",
        "url": "https://pokeapi.co/api/v2/version-group/16/"
      }
    },
    {
      "flavor_text": "\u3064\u304d\u306e\u3000\u30d1\u30ef\u30fc\u3092\u3000\u304b\u308a\u3066\n\u3042\u3044\u3066\u3092\u3000\u3053\u3046\u3052\u304d\u3059\u308b\u3002\u3000\u3042\u3044\u3066\u306e\n\u3068\u304f\u3053\u3046\u3092\u3000\u3055\u3052\u308b\u3000\u3053\u3068\u304c\u3042\u308b\u3002",
      "language": {
        "name": "ja-Hrkt",
        "url": "https://pokeapi.co/api/v2/language/1/"
      },
      "version_group": {
        "name": "sun-moon",
        "url": "https://pokeapi.co/api/v2/version-group/17/"
      }
    },
    {
      "flavor_text": "\ub2ec\uc758 \ud30c\uc6cc\ub97c \ube4c\ub824\uc11c\n\uc0c1\ub300\ub97c \uacf5\uaca9\ud55c\ub2e4. \uc0c1\ub300\uc758\n\ud2b9\uc218\uacf5\uaca9\uc744 \ub5a8\uc5b4\ub728\ub9b4 \ub54c\uac00 \uc788\ub2e4.",
      "language": {
        "name": "ko",
        "url": "https://pokeapi.co/api/v2/language/3/"
      },
      "version_group": {
        "name": "sun-moon",
        "url": "https://pokeapi.co/api/v2/version-group/17/"
      }
    },
    {
      "flavor_text": "\u501f\u7528\u6708\u4eae\u7684\u529b\u91cf\u653b\u64ca\u5c0d\u624b\u3002\n\u6709\u6642\u6703\u964d\u4f4e\u5c0d\u624b\u7684\u7279\u653b\u3002",
      "language": {
        "name": "zh-Hant",
        "url": "https://pokeapi.co/api/v2/language/4/"
      },
      "version_group": {
        "name": "sun-moon",
        "url": "https://pokeapi.co/api/v2/version-group/17/"
      }
    },
    {
      "flavor_text": "Attaque l\u2019ennemi gr\u00e2ce au pouvoir de la lune.\nPeut diminuer son Attaque Sp\u00e9ciale.",
      "language": {
        "name": "fr",
        "url": "https://pokeapi.co/api/v2/language/5/"
      },
      "version_group": {
        "name": "sun-moon",
        "url": "https://pokeapi.co/api/v2/version-group/17/"
      }
    },
    {
      "flavor_text": "Der Anwender macht sich die Kraft des Mondes\nzunutze, um anzugreifen. Gelegentlich wird dabei\nder Spezial-Angriff des Zieles gesenkt.",
      "language": {
        "name": "de",
        "url": "https://pokeapi.co/api/v2/language/6/"
      },
      "version_group": {
        "name": "sun-moon",
        "url": "https://pokeapi.co/api/v2/version-group/17/"
      }
    },
    {
      "flavor_text": "Invoca el poder de la luna para atacar al objetivo. \nPuede disminuir el Ataque Especial del objetivo.",
      "language": {
        "name": "es",
        "url": "https://pokeapi.co/api/v2/language/7/"
      },
      "version_group": {
        "name": "sun-moon",
        "url": "https://pokeapi.co/api/v2/version-group/17/"
      }
    },
    {
      "flavor_text": "Chi la usa sfrutta il potere della luna per attaccare\nil bersaglio. Pu\u00f2 anche ridurne l\u2019Attacco Speciale.",
      "language": {
        "name": "it",
        "url": "https://pokeapi.co/api/v2/language/8/"
      },
      "version_group": {
        "name": "sun-moon",
        "url": "https://pokeapi.co/api/v2/version-group/17/"
      }
    },
    {
      "flavor_text": "Borrowing the power of the moon, the user attacks\nthe target. This may also lower the target\u2019s\nSp. Atk stat.",
      "language": {
        "name": "en",
        "url": "https://pokeapi.co/api/v2/language/9/"
      },
      "version_group": {
        "name": "sun-moon",
        "url": "https://pokeapi.co/api/v2/version-group/17/"
      }
    },
    {
      "flavor_text": "\u6708\u306e\u3000\u30d1\u30ef\u30fc\u3092\u3000\u304b\u308a\u3066\n\u76f8\u624b\u3092\u3000\u653b\u6483\u3059\u308b\u3002\u3000\u76f8\u624b\u306e\n\u7279\u653b\u3092\u3000\u3055\u3052\u308b\u3000\u3053\u3068\u304c\u3042\u308b\u3002",
      "language": {
        "name": "ja",
        "url": "https://pokeapi.co/api/v2/language/11/"
      },
      "version_group": {
        "name": "sun-moon",
        "url": "https://pokeapi.co/api/v2/version-group/17/"
      }
    },
    {
      "flavor_text": "\u501f\u7528\u6708\u4eae\u7684\u529b\u91cf\u653b\u51fb\u5bf9\u624b\u3002\n\u6709\u65f6\u4f1a\u964d\u4f4e\u5bf9\u624b\u7684\u7279\u653b\u3002",
      "language": {
        "name": "zh-Hans",
        "url": "https://pokeapi.co/api/v2/language/12/"
      },
      "version_group": {
        "name": "sun-moon",
        "url": "https://pokeapi.co/api/v2/version-group/17/"
      }
    },
    {
      "flavor_text": "\u3064\u304d\u306e\u3000\u30d1\u30ef\u30fc\u3092\u3000\u304b\u308a\u3066\n\u3042\u3044\u3066\u3092\u3000\u3053\u3046\u3052\u304d\u3059\u308b\u3002\u3000\u3042\u3044\u3066\u306e\n\u3068\u304f\u3053\u3046\u3092\u3000\u3055\u3052\u308b\u3000\u3053\u3068\u304c\u3042\u308b\u3002",
      "language": {
        "name": "ja-Hrkt",
        "url": "https://pokeapi.co/api/v2/language/1/"
      },
      "version_group": {
        "name": "ultra-sun-ultra-moon",
        "url": "https://pokeapi.co/api/v2/version-group/18/"
      }
    },
    {
      "flavor_text": "\ub2ec\uc758 \ud30c\uc6cc\ub97c \ube4c\ub824\uc11c\n\uc0c1\ub300\ub97c \uacf5\uaca9\ud55c\ub2e4. \uc0c1\ub300\uc758\n\ud2b9\uc218\uacf5\uaca9\uc744 \ub5a8\uc5b4\ub728\ub9b4 \ub54c\uac00 \uc788\ub2e4.",
      "language": {
        "name": "ko",
        "url": "https://pokeapi.co/api/v2/language/3/"
      },
      "version_group": {
        "name": "ultra-sun-ultra-moon",
        "url": "https://pokeapi.co/api/v2/version-group/18/"
      }
    },
    {
      "flavor_text": "\u501f\u7528\u6708\u4eae\u7684\u529b\u91cf\u653b\u64ca\u5c0d\u624b\u3002\n\u6709\u6642\u6703\u964d\u4f4e\u5c0d\u624b\u7684\u7279\u653b\u3002",
      "language": {
        "name": "zh-Hant",
        "url": "https://pokeapi.co/api/v2/language/4/"
      },
      "version_group": {
        "name": "ultra-sun-ultra-moon",
        "url": "https://pokeapi.co/api/v2/version-group/18/"
      }
    },
    {
      "flavor_text": "Attaque l\u2019ennemi gr\u00e2ce au pouvoir de la lune.\nPeut diminuer son Attaque Sp\u00e9ciale.",
      "language": {
        "name": "fr",
        "url": "https://pokeapi.co/api/v2/language/5/"
      },
      "version_group": {
        "name": "ultra-sun-ultra-moon",
        "url": "https://pokeapi.co/api/v2/version-group/18/"
      }
    },
    {
      "flavor_text": "Der Anwender macht sich die Kraft des Mondes\nzunutze, um anzugreifen. Gelegentlich wird dabei\nder Spezial-Angriff des Zieles gesenkt.",
      "language": {
        "name": "de",
        "url": "https://pokeapi.co/api/v2/language/6/"
      },
      "version_group": {
        "name": "ultra-sun-ultra-moon",
        "url": "https://pokeapi.co/api/v2/version-group/18/"
      }
    },
    {
      "flavor_text": "Invoca el poder de la luna para atacar al objetivo. \nPuede disminuir el Ataque Especial del objetivo.",
      "language": {
        "name": "es",
        "url": "https://pokeapi.co/api/v2/language/7/"
      },
      "version_group": {
        "name": "ultra-sun-ultra-moon",
        "url": "https://pokeapi.co/api/v2/version-group/18/"
      }
    },
    {
      "flavor_text": "Chi la usa sfrutta il potere della luna per attaccare\nil bersaglio. Pu\u00f2 anche ridurne l\u2019Attacco Speciale.",
      "language": {
        "name": "it",
        "url": "https://pokeapi.co/api/v2/language/8/"
      },
      "version_group": {
        "name": "ultra-sun-ultra-moon",
        "url": "https://pokeapi.co/api/v2/version-group/18/"
      }
    },
    {
      "flavor_text": "Borrowing the power of the moon, the user attacks\nthe target. This may also lower the target\u2019s\nSp. Atk stat.",
      "language": {
        "name": "en",
        "url": "https://pokeapi.co/api/v2/language/9/"
      },
      "version_group": {
        "name": "ultra-sun-ultra-moon",
        "url": "https://pokeapi.co/api/v2/version-group/18/"
      }
    },
    {
      "flavor_text": "\u6708\u306e\u3000\u30d1\u30ef\u30fc\u3092\u3000\u304b\u308a\u3066\n\u76f8\u624b\u3092\u3000\u653b\u6483\u3059\u308b\u3002\u3000\u76f8\u624b\u306e\n\u7279\u653b\u3092\u3000\u3055\u3052\u308b\u3000\u3053\u3068\u304c\u3042\u308b\u3002",
      "language": {
        "name": "ja",
        "url": "https://pokeapi.co/api/v2/language/11/"
      },
      "version_group": {
        "name": "ultra-sun-ultra-moon",
        "url": "https://pokeapi.co/api/v2/version-group/18/"
      }
    },
    {
      "flavor_text": "\u501f\u7528\u6708\u4eae\u7684\u529b\u91cf\u653b\u51fb\u5bf9\u624b\u3002\n\u6709\u65f6\u4f1a\u964d\u4f4e\u5bf9\u624b\u7684\u7279\u653b\u3002",
      "language": {
        "name": "zh-Hans",
        "url": "https://pokeapi.co/api/v2/language/12/"
      },
      "version_group": {
        "name": "ultra-sun-ultra-moon",
        "url": "https://pokeapi.co/api/v2/version-group/18/"
      }
    },
    {
      "flavor_text": "\u3064\u304d\u306e\u3000\u30d1\u30ef\u30fc\u3092\u3000\u304b\u308a\u3066\n\u3042\u3044\u3066\u3092\u3000\u3053\u3046\u3052\u304d\u3059\u308b\u3002\u3000\u3042\u3044\u3066\u306e\n\u3068\u304f\u3053\u3046\u3092\u3000\u3055\u3052\u308b\u3000\u3053\u3068\u304c\u3042\u308b\u3002",
      "language": {
        "name": "ja-Hrkt",
        "url": "https://pokeapi.co/api/v2/language/1/"
      },
      "version_group": {
        "name": "lets-go-pikachu-lets-go-eevee",
        "url": "https://pokeapi.co/api/v2/version-group/19/"
      }
    },
    {
      "flavor_text": "\ub2ec\uc758 \ud30c\uc6cc\ub97c \ube4c\ub824\uc11c\n\uc0c1\ub300\ub97c \uacf5\uaca9\ud55c\ub2e4. \uc0c1\ub300\uc758\n\ud2b9\uc218\uacf5\uaca9\uc744 \ub5a8\uc5b4\ub728\ub9b4 \ub54c\uac00 \uc788\ub2e4.",
      "language": {
        "name": "ko",
        "url": "https://pokeapi.co/api/v2/language/3/"
      },
      "version_group": {
        "name": "lets-go-pikachu-lets-go-eevee",
        "url": "https://pokeapi.co/api/v2/version-group/19/"
      }
    },
    {
      "flavor_text": "\u501f\u7528\u6708\u4eae\u7684\u529b\u91cf\u653b\u64ca\u5c0d\u624b\u3002\n\u6709\u6642\u6703\u964d\u4f4e\u5c0d\u624b\u7684\u7279\u653b\u3002",
      "language": {
        "name": "zh-Hant",
        "url": "https://pokeapi.co/api/v2/language/4/"
      },
      "version_group": {
        "name": "lets-go-pikachu-lets-go-eevee",
        "url": "https://pokeapi.co/api/v2/version-group/19/"
      }
    },
    {
      "flavor_text": "Attaque l\u2019ennemi gr\u00e2ce au pouvoir de la lune.\nPeut diminuer son Attaque Sp\u00e9ciale.",
      "language": {
        "name": "fr",
        "url": "https://pokeapi.co/api/v2/language/5/"
      },
      "version_group": {
        "name": "lets-go-pikachu-lets-go-eevee",
        "url": "https://pokeapi.co/api/v2/version-group/19/"
      }
    },
    {
      "flavor_text": "Der Anwender macht sich die Kraft des Mondes\nzunutze, um anzugreifen. Gelegentlich wird dabei\nder Spezial-Angriff des Zieles gesenkt.",
      "language": {
        "name": "de",
        "url": "https://pokeapi.co/api/v2/language/6/"
      },
      "version_group": {
        "name": "lets-go-pikachu-lets-go-eevee",
        "url": "https://pokeapi.co/api/v2/version-group/19/"
      }
    },
    {
      "flavor_text": "Invoca el poder de la luna para atacar al objetivo. \nPuede disminuir el Ataque Especial del objetivo.",
      "language": {
        "name": "es",
        "url": "https://pokeapi.co/api/v2/language/7/"
      },
      "version_group": {
        "name": "lets-go-pikachu-lets-go-eevee",
        "url": "https://pokeapi.co/api/v2/version-group/19/"
      }
    },
    {
      "flavor_text": "Chi la usa sfrutta il potere della luna per attaccare\nil bersaglio. Pu\u00f2 anche ridurne l\u2019Attacco Speciale.",
      "language": {
        "name": "it",
        "url": "https://pokeapi.co/api/v2/language/8/"
      },
      "version_group": {
        "name": "lets-go-pikachu-lets-go-eevee",
        "url": "https://pokeapi.co/api/v2/version-group/19/"
      }
    },
    {
      "flavor_text": "Borrowing the power of the moon, the user attacks\nthe target. This may also lower the target\u2019s\nSp. Atk stat.",
      "language": {
        "name": "en",
        "url": "https://pokeapi.co/api/v2/language/9/"
      },
      "version_group": {
        "name": "lets-go-pikachu-lets-go-eevee",
        "url": "https://pokeapi.co/api/v2/version-group/19/"
      }
    },
    {
      "flavor_text": "\u6708\u306e\u3000\u30d1\u30ef\u30fc\u3092\u3000\u304b\u308a\u3066\n\u76f8\u624b\u3092\u3000\u653b\u6483\u3059\u308b\u3002\u3000\u76f8\u624b\u306e\n\u7279\u653b\u3092\u3000\u3055\u3052\u308b\u3000\u3053\u3068\u304c\u3042\u308b\u3002",
      "language": {
        "name": "ja",
        "url": "https://pokeapi.co/api/v2/language/11/"
      },
      "version_group": {
        "name": "lets-go-pikachu-lets-go-eevee",
        "url": "https://pokeapi.co/api/v2/version-group/19/"
      }
    },
    {
      "flavor_text": "\u501f\u7528\u6708\u4eae\u7684\u529b\u91cf\u653b\u51fb\u5bf9\u624b\u3002\n\u6709\u65f6\u4f1a\u964d\u4f4e\u5bf9\u624b\u7684\u7279\u653b\u3002",
      "language": {
        "name": "zh-Hans",
        "url": "https://pokeapi.co/api/v2/language/12/"
      },
      "version_group": {
        "name": "lets-go-pikachu-lets-go-eevee",
        "url": "https://pokeapi.co/api/v2/version-group/19/"
      }
    },
    {
      "flavor_text": "\u3064\u304d\u306e\u3000\u30d1\u30ef\u30fc\u3092\u3000\u304b\u308a\u3066\n\u3042\u3044\u3066\u3092\u3000\u3053\u3046\u3052\u304d\u3059\u308b\u3002\u3000\u3042\u3044\u3066\u306e\n\u3068\u304f\u3053\u3046\u3092\u3000\u3055\u3052\u308b\u3000\u3053\u3068\u304c\u3042\u308b\u3002",
      "language": {
        "name": "ja-Hrkt",
        "url": "https://pokeapi.co/api/v2/language/1/"
      },
      "version_group": {
        "name": "sword-shield",
        "url": "https://pokeapi.co/api/v2/version-group/20/"
      }
    },
    {
      "flavor_text": "\ub2ec\uc758 \ud30c\uc6cc\ub97c \ube4c\ub824\uc11c\n\uc0c1\ub300\ub97c \uacf5\uaca9\ud55c\ub2e4. \uc0c1\ub300\uc758\n\ud2b9\uc218\uacf5\uaca9\uc744 \ub5a8\uc5b4\ub728\ub9b4 \ub54c\uac00 \uc788\ub2e4.",
      "language": {
        "name": "ko",
        "url": "https://pokeapi.co/api/v2/language/3/"
      },
      "version_group": {
        "name": "sword-shield",
        "url": "https://pokeapi.co/api/v2/version-group/20/"
      }
    },
    {
      "flavor_text": "\u501f\u7528\u6708\u4eae\u7684\u529b\u91cf\u653b\u64ca\u5c0d\u624b\u3002\n\u6709\u6642\u6703\u964d\u4f4e\u5c0d\u624b\u7684\u7279\u653b\u3002",
      "language": {
        "name": "zh-Hant",
        "url": "https://pokeapi.co/api/v2/language/4/"
      },
      "version_group": {
        "name": "sword-shield",
        "url": "https://pokeapi.co/api/v2/version-group/20/"
      }
    },
    {
      "flavor_text": "Attaque l\u2019ennemi gr\u00e2ce au pouvoir de la lune.\nPeut diminuer son Attaque Sp\u00e9ciale.",
      "language": {
        "name": "fr",
        "url": "https://pokeapi.co/api/v2/language/5/"
      },
      "version_group": {
        "name": "sword-shield",
        "url": "https://pokeapi.co/api/v2/version-group/20/"
      }
    },
    {
      "flavor_text": "Der Anwender macht sich die Kraft des Mondes\nzunutze, um anzugreifen. Gelegentlich wird dabei\nder Spezial-Angriff des Zieles gesenkt.",
      "language": {
        "name": "de",
        "url": "https://pokeapi.co/api/v2/language/6/"
      },
      "version_group": {
        "name": "sword-shield",
        "url": "https://pokeapi.co/api/v2/version-group/20/"
      }
    },
    {
      "flavor_text": "Invoca el poder de la luna para atacar al objetivo. \nPuede disminuir el Ataque Especial del objetivo.",
      "language": {
        "name": "es",
        "url": "https://pokeapi.co/api/v2/language/7/"
      },
      "version_group": {
        "name": "sword-shield",
        "url": "https://pokeapi.co/api/v2/version-group/20/"
      }
    },
    {
      "flavor_text": "Chi la usa sfrutta il potere della luna per attaccare\nil bersaglio. Pu\u00f2 anche ridurne l\u2019Attacco Speciale.",
      "language": {
        "name": "it",
        "url": "https://pokeapi.co/api/v2/language/8/"
      },
      "version_group": {
        "name": "sword-shield",
        "url": "https://pokeapi.co/api/v2/version-group/20/"
      }
    },
    {
      "flavor_text": "Borrowing the power of the moon, the user attacks\nthe target. This may also lower the target\u2019s\nSp. Atk stat.",
      "language": {
        "name": "en",
        "url": "https://pokeapi.co/api/v2/language/9/"
      },
      "version_group": {
        "name": "sword-shield",
        "url": "https://pokeapi.co/api/v2/version-group/20/"
      }
    },
    {
      "flavor_text": "\u6708\u306e\u3000\u30d1\u30ef\u30fc\u3092\u3000\u304b\u308a\u3066\n\u76f8\u624b\u3092\u3000\u653b\u6483\u3059\u308b\u3002\u3000\u76f8\u624b\u306e\n\u7279\u653b\u3092\u3000\u3055\u3052\u308b\u3000\u3053\u3068\u304c\u3042\u308b\u3002",
      "language": {
        "name": "ja",
        "url": "https://pokeapi.co/api/v2/language/11/"
      },
      "version_group": {
        "name": "sword-shield",
        "url": "https://pokeapi.co/api/v2/version-group/20/"
      }
    },
    {
      "flavor_text": "Borrowing the power of the moon, the user attacks the target. This may also lower the target\u2019s offensive stats.",
      "language": {
        "name": "en",
        "url": "https://pokeapi.co/api/v2/language/9/"
      },
      "version_group": {
        "name": "legends-arceus",
        "url": "https://pokeapi.co/api/v2/version-group/24/"
      }
    },
    {
      "flavor_text": "Borrowing the power of the moon, the user attacks the target. This may also lower the target's Sp. Atk stat.",
      "language": {
        "name": "en",
        "url": "https://pokeapi.co/api/v2/language/9/"
      },
      "version_group": {
        "name": "scarlet-violet",
        "url": "https://pokeapi.co/api/v2/version-group/25/"
      }
    }
  ],
  "generation": {
    "name": "generation-vi",
    "url": "https://pokeapi.co/api/v2/generation/6/"
  },
  "id": 585,
  "learned_by_pokemon": [
    {
      "name": "clefairy",
      "url": "https://pokeapi.co/api/v2/pokemon/35/"
    },
    {
      "name": "clefable",
      "url": "https://pokeapi.co/api/v2/pokemon/36/"
    },
    {
      "name": "oddish",
      "url": "https://pokeapi.co/api/v2/pokemon/43/"
    },
    {
      "name": "gloom",
      "url": "https://pokeapi.co/api/v2/pokemon/44/"
    },
    {
      "name": "vileplume",
      "url": "https://pokeapi.co/api/v2/pokemon/45/"
    },
    {
      "name": "muk",
      "url": "https://pokeapi.co/api/v2/pokemon/89/"
    },
    {
      "name": "hoothoot",
      "url": "https://pokeapi.co/api/v2/pokemon/163/"
    },
    {
      "name": "noctowl",
      "url": "https://pokeapi.co/api/v2/pokemon/164/"
    },
    {
      "name": "cleffa",
      "url": "https://pokeapi.co/api/v2/pokemon/173/"
    },
    {
      "name": "togepi",
      "url": "https://pokeapi.co/api/v2/pokemon/175/"
    },
    {
      "name": "togetic",
      "url": "https://pokeapi.co/api/v2/pokemon/176/"
    },
    {
      "name": "bellossom",
      "url": "https://pokeapi.co/api/v2/pokemon/182/"
    },
    {
      "name": "gardevoir",
      "url": "https://pokeapi.co/api/v2/pokemon/282/"
    },
    {
      "name": "swablu",
      "url": "https://pokeapi.co/api/v2/pokemon/333/"
    },
    {
      "name": "altaria",
      "url": "https://pokeapi.co/api/v2/pokemon/334/"
    },
    {
      "name": "lunatone",
      "url": "https://pokeapi.co/api/v2/pokemon/337/"
    },
    {
      "name": "togekiss",
      "url": "https://pokeapi.co/api/v2/pokemon/468/"
    },
    {
      "name": "cresselia",
      "url": "https://pokeapi.co/api/v2/pokemon/488/"
    },
    {
      "name": "phione",
      "url": "https://pokeapi.co/api/v2/pokemon/489/"
    },
    {
      "name": "manaphy",
      "url": "https://pokeapi.co/api/v2/pokemon/490/"
    },
    {
      "name": "munna",
      "url": "https://pokeapi.co/api/v2/pokemon/517/"
    },
    {
      "name": "musharna",
      "url": "https://pokeapi.co/api/v2/pokemon/518/"
    },
    {
      "name": "whimsicott",
      "url": "https://pokeapi.co/api/v2/pokemon/547/"
    },
    {
      "name": "flabebe",
      "url": "https://pokeapi.co/api/v2/pokemon/669/"
    },
    {
      "name": "floette",
      "url": "https://pokeapi.co/api/v2/pokemon/670/"
    },
    {
      "name": "florges",
      "url": "https://pokeapi.co/api/v2/pokemon/671/"
    },
    {
      "name": "spritzee",
      "url": "https://pokeapi.co/api/v2/pokemon/682/"
    },
    {
      "name": "aromatisse",
      "url": "https://pokeapi.co/api/v2/pokemon/683/"
    },
    {
      "name": "sylveon",
      "url": "https://pokeapi.co/api/v2/pokemon/700/"
    },
    {
      "name": "carbink",
      "url": "https://pokeapi.co/api/v2/pokemon/703/"
    },
    {
      "name": "gourgeist-average",
      "url": "https://pokeapi.co/api/v2/pokemon/711/"
    },
    {
      "name": "xerneas",
      "url": "https://pokeapi.co/api/v2/pokemon/716/"
    },
    {
      "name": "diancie",
      "url": "https://pokeapi.co/api/v2/pokemon/719/"
    },
    {
      "name": "popplio",
      "url": "https://pokeapi.co/api/v2/pokemon/728/"
    },
    {
      "name": "brionne",
      "url": "https://pokeapi.co/api/v2/pokemon/729/"
    },
    {
      "name": "primarina",
      "url": "https://pokeapi.co/api/v2/pokemon/730/"
    },
    {
      "name": "cutiefly",
      "url": "https://pokeapi.co/api/v2/pokemon/742/"
    },
    {
      "name": "ribombee",
      "url": "https://pokeapi.co/api/v2/pokemon/743/"
    },
    {
      "name": "morelull",
      "url": "https://pokeapi.co/api/v2/pokemon/755/"
    },
    {
      "name": "shiinotic",
      "url": "https://pokeapi.co/api/v2/pokemon/756/"
    },
    {
      "name": "tapu-lele",
      "url": "https://pokeapi.co/api/v2/pokemon/786/"
    },
    {
      "name": "tapu-fini",
      "url": "https://pokeapi.co/api/v2/pokemon/788/"
    },
    {
      "name": "lunala",
      "url": "https://pokeapi.co/api/v2/pokemon/792/"
    },
    {
      "name": "zacian",
      "url": "https://pokeapi.co/api/v2/pokemon/888/"
    },
    {
      "name": "zamazenta",
      "url": "https://pokeapi.co/api/v2/pokemon/889/"
    },
    {
      "name": "enamorus-incarnate",
      "url": "https://pokeapi.co/api/v2/pokemon/905/"
    },
    {
      "name": "flutter-mane",
      "url": "https://pokeapi.co/api/v2/pokemon/987/"
    },
    {
      "name": "iron-valiant",
      "url": "https://pokeapi.co/api/v2/pokemon/1006/"
    },
    {
      "name": "fezandipiti",
      "url": "https://pokeapi.co/api/v2/pokemon/1016/"
    },
    {
      "name": "gourgeist-small",
      "url": "https://pokeapi.co/api/v2/pokemon/10030/"
    },
    {
      "name": "gourgeist-large",
      "url": "https://pokeapi.co/api/v2/pokemon/10031/"
    },
    {
      "name": "gourgeist-super",
      "url": "https://pokeapi.co/api/v2/pokemon/10032/"
    },
    {
      "name": "gardevoir-mega",
      "url": "https://pokeapi.co/api/v2/pokemon/10051/"
    },
    {
      "name": "floette-eternal",
      "url": "https://pokeapi.co/api/v2/pokemon/10061/"
    },
    {
      "name": "altaria-mega",
      "url": "https://pokeapi.co/api/v2/pokemon/10067/"
    },
    {
      "name": "diancie-mega",
      "url": "https://pokeapi.co/api/v2/pokemon/10075/"
    },
    {
      "name": "vulpix-alola",
      "url": "https://pokeapi.co/api/v2/pokemon/10103/"
    },
    {
      "name": "ninetales-alola",
      "url": "https://pokeapi.co/api/v2/pokemon/10104/"
    },
    {
      "name": "muk-alola",
      "url": "https://pokeapi.co/api/v2/pokemon/10113/"
    },
    {
      "name": "zacian-crowned",
      "url": "https://pokeapi.co/api/v2/pokemon/10188/"
    },
    {
      "name": "zamazenta-crowned",
      "url": "https://pokeapi.co/api/v2/pokemon/10189/"
    },
    {
      "name": "enamorus-therian",
      "url": "https://pokeapi.co/api/v2/pokemon/10249/"
    },
    {
      "name": "ursaluna-bloodmoon",
      "url": "https://pokeapi.co/api/v2/pokemon/10272/"
    }
  ],
  "machines": [],
  "meta": {
    "ailment": {
      "name": "none",
      "url": "https://pokeapi.co/api/v2/move-ailment/0/"
    },
    "ailment_chance": 0,
    "category": {
      "name": "damage+lower",
      "url": "https://pokeapi.co/api/v2/move-category/6/"
    },
    "crit_rate": 0,
    "drain": 0,
    "flinch_chance": 0,
    "healing": 0,
    "max_hits": null,
    "max_turns": null,
    "min_hits": null,
    "min_turns": null,
    "stat_chance": 30
  },
  "name": "moonblast",
  "names": [
    {
      "language": {
        "name": "ja-Hrkt",
        "url": "https://pokeapi.co/api/v2/language/1/"
      },
      "name": "\u30e0\u30fc\u30f3\u30d5\u30a9\u30fc\u30b9"
    },
    {
      "language": {
        "name": "ko",
        "url": "https://pokeapi.co/api/v2/language/3/"
      },
      "name": "\ubb38\ud3ec\uc2a4"
    },
    {
      "language": {
        "name": "zh-Hant",
        "url": "https://pokeapi.co/api/v2/language/4/"
      },
      "name": "\u6708\u4eae\u4e4b\u529b"
    },
    {
      "language": {
        "name": "fr",
        "url": "https://pokeapi.co/api/v2/language/5/"
      },
      "name": "Pouvoir Lunaire"
    },
    {
      "language": {
        "name": "de",
        "url": "https://pokeapi.co/api/v2/language/6/"
      },
      "name": "Mondgewalt"
    },
    {
      "language": {
        "name": "es",
        "url": "https://pokeapi.co/api/v2/language/7/"
      },
      "name": "Fuerza Lunar"
    },
    {
      "language": {
        "name": "it",
        "url": "https://pokeapi.co/api/v2/language/8/"
      },
      "name": "Forza Lunare"
    },
    {
      "language": {
        "name": "en",
        "url": "https://pokeapi.co/api/v2/language/9/"
      },
      "name": "Moonblast"
    },
    {
      "language": {
        "name": "ja",
        "url": "https://pokeapi.co/api/v2/language/11/"
      },
      "name": "\u30e0\u30fc\u30f3\u30d5\u30a9\u30fc\u30b9"
    },
    {
      "language": {
        "name": "zh-Hans",
        "url": "https://pokeapi.co/api/v2/language/12/"
      },
      "name": "\u6708\u4eae\u4e4b\u529b"
    }
  ],
  "past_values": [],
  "power": 95,
  "pp": 15,
  "priority": 0,
  "stat_changes": [
    {
      "change": -1,
      "stat": {
        "name": "special-attack",
        "url": "https://pokeapi.co/api/v2/stat/4/"
      }
    }
  ],
  "super_contest_effect": null,
  "target": {
    "name": "selected-pokemon",
    "url": "https://pokeapi.co/api/v2/move-target/10/"
  },
  "type": {
    "name": "fairy",
    "url": "https://pokeapi.co/api/v2/type/18/"
  }
}