{
  "accuracy": null,
  "contest_combos": null,
  "contest_effect": null,
  "contest_type": null,
  "damage_class": {
    "name": "physical",
    "url": "https://pokeapi.co/api/v2/move-damage-class/2/"
  },
  "effect_chance": null,
  "effect_changes": [],
  "effect_entries": [
    {
      "effect": "Inflicts regular damage.",
      "language": {
        "name": "en",
        "url": "https://pokeapi.co/api/v2/language/9/"
      },
      "short_effect": "Inflicts regular damage with no additional effect."
    }
  ],
  "flavor_text_entries": [
    {
      "flavor_text": "\uff3a\u30d1\u30ef\u30fc\u3067\u3000\u30aa\u30fc\u30e9\u3092\u3000\u3058\u3063\u305f\u3044\u304b\u3057\n\u305c\u3093\u308a\u3087\u304f\u3067\u3000\u3042\u3044\u3066\u306b\u3000\u304a\u305d\u3044\u304b\u304b\u308b\u3002\n\u3082\u3068\u306b\u306a\u3063\u305f\u3000\u308f\u3056\u3067\u3000\u3044\u308a\u3087\u304f\u304c\u3000\u304b\u308f\u308b\u3002",
      "language": {
        "name": "ja-Hrkt",
        "url": "https://pokeapi.co/api/v2/language/1/"
      },
      "version_group": {
        "name": "sun-moon",
        "url": "https://pokeapi.co/api/v2/version-group/17/"
      }
    },
    {
      "flavor_text": "Z\ud30c\uc6cc\ub85c \uc624\ub77c\ub97c \uc2e4\uccb4\ud654\uc2dc\ucf1c\n\uc804\ub825\uc73c\ub85c \uc0c1\ub300\ub97c \uacf5\uaca9\ud55c\ub2e4.\n\uc6d0\ub798 \uae30\uc220\uc5d0 \ub530\ub77c \uc704\ub825\uc774 \ubcc0\ud55c\ub2e4.",
      "language": {
        "name": "ko",
        "url": "https://pokeapi.co/api/v2/language/3/"
      },
      "version_group": {
        "name": "sun-moon",
        "url": "https://pokeapi.co/api/v2/version-group/17/"
      }
    },
    {
      "flavor_text": "\u900f\u904e\uff3a\u529b\u91cf\u5c07\u6c23\u5834\u5be6\u9ad4\u5316\uff0c\n\u5411\u5c0d\u624b\u5168\u529b\u767c\u52d5\u8972\u64ca\u3002\n\u5a01\u529b\u6703\u96a8\u539f\u672c\u7684\u62db\u5f0f\u800c\u6539\u8b8a\u3002",
      "language": {
        "name": "zh-Hant",
        "url": "https://pokeapi.co/api/v2/language/4/"
      },
      "version_group": {
        "name": "sun-moon",
        "url": "https://pokeapi.co/api/v2/version-group/17/"
      }
    },
    {
      "flavor_text": "Le Pok\u00e9mon utilise la Force Z pour mat\u00e9rialiser\nson aura et assaillir l\u2019adversaire. La puissance varie\nselon celle de la capacit\u00e9 originale.",
      "language": {
        "name": "fr",
        "url": "https://pokeapi.co/api/v2/language/5/"
      },
      "version_group": {
        "name": "sun-moon",
        "url": "https://pokeapi.co/api/v2/version-group/17/"
      }
    },
    {
      "flavor_text": "Der Anwender materialisiert durch Z-Kraft seine\nAura und greift damit das Ziel an. Die St\u00e4rke variiert\nje nach zugrunde liegender Attacke.",
      "language": {
        "name": "de",
        "url": "https://pokeapi.co/api/v2/language/6/"
      },
      "version_group": {
        "name": "sun-moon",
        "url": "https://pokeapi.co/api/v2/version-group/17/"
      }
    },
    {
      "flavor_text": "El usuario emplea el Poder Z para materializar su\naura y golpear al objetivo. Su potencia depende de\nla del movimiento original.",
      "language": {
        "name": "es",
        "url": "https://pokeapi.co/api/v2/language/7/"
      },
      "version_group": {
        "name": "sun-moon",
        "url": "https://pokeapi.co/api/v2/version-group/17/"
      }
    },
    {
      "flavor_text": "Grazie al Potere Z, chi la usa materializza la propria\naura per colpire con forza il nemico. La potenza\nvaria a seconda della mossa su cui si basa.",
      "language": {
        "name": "it",
        "url": "https://pokeapi.co/api/v2/language/8/"
      },
      "version_group": {
        "name": "sun-moon",
        "url": "https://pokeapi.co/api/v2/version-group/17/"
      }
    },
    {
      "flavor_text": "The user materializes its aura using its Z-Power and\nattacks the target with full force. The power varies,\ndepending on the original move.",
      "language": {
        "name": "en",
        "url": "https://pokeapi.co/api/v2/language/9/"
      },
      "version_group": {
        "name": "sun-moon",
        "url": "https://pokeapi.co/api/v2/version-group/17/"
      }
    },
    {
      "flavor_text": "\uff3a\u30d1\u30ef\u30fc\u3067\u3000\u30aa\u30fc\u30e9\u3092\u3000\u5b9f\u4f53\u5316\u3057\n\u5168\u529b\u3067\u3000\u76f8\u624b\u306b\u3000\u8972\u3044\u304b\u304b\u308b\u3002\n\u5143\u306b\u306a\u3063\u305f\u3000\u6280\u3067\u3000\u5a01\u529b\u304c\u3000\u5909\u308f\u308b\u3002",
      "language": {
        "name": "ja",
        "url": "https://pokeapi.co/api/v2/language/11/"
      },
      "version_group": {
        "name": "sun-moon",
        "url": "https://pokeapi.co/api/v2/version-group/17/"
      }
    },
    {
      "flavor_text": "\u901a\u8fc7\uff3a\u529b\u91cf\u5c06\u6c14\u573a\u5b9e\u4f53\u5316\uff0c\n\u5411\u5bf9\u624b\u5168\u529b\u53d1\u52a8\u88ad\u51fb\u3002\n\u5a01\u529b\u4f1a\u6839\u636e\u539f\u6765\u7684\u62db\u5f0f\u800c\u6539\u53d8\u3002",
      "language": {
        "name": "zh-Hans",
        "url": "https://pokeapi.co/api/v2/language/12/"
      },
      "version_group": {
        "name": "sun-moon",
        "url": "https://pokeapi.co/api/v2/version-group/17/"
      }
    },
    {
      "flavor_text": "\uff3a\u30d1\u30ef\u30fc\u3067\u3000\u30aa\u30fc\u30e9\u3092\u3000\u3058\u3063\u305f\u3044\u304b\u3057\n\u305c\u3093\u308a\u3087\u304f\u3067\u3000\u3042\u3044\u3066\u306b\u3000\u304a\u305d\u3044\u304b\u304b\u308b\u3002\n\u3082\u3068\u306b\u306a\u3063\u305f\u3000\u308f\u3056\u3067\u3000\u3044\u308a\u3087\u304f\u304c\u3000\u304b\u308f\u308b\u3002",
      "language": {
        "name": "ja-Hrkt",
        "url": "https://pokeapi.co/api/v2/language/1/"
      },
      "version_group": {
        "name": "ultra-sun-ultra-moon",
        "url": "https://pokeapi.co/api/v2/version-group/18/"
      }
    },
    {
      "flavor_text": "Z\ud30c\uc6cc\ub85c \uc624\ub77c\ub97c \uc2e4\uccb4\ud654\uc2dc\ucf1c\n\uc804\ub825\uc73c\ub85c \uc0c1\ub300\ub97c \uacf5\uaca9\ud55c\ub2e4.\n\uc6d0\ub798 \uae30\uc220\uc5d0 \ub530\ub77c \uc704\ub825\uc774 \ubcc0\ud55c\ub2e4.",
      "language": {
        "name": "ko",
        "url": "https://pokeapi.co/api/v2/language/3/"
      },
      "version_group": {
        "name": "ultra-sun-ultra-moon",
        "url": "https://pokeapi.co/api/v2/version-group/18/"
      }
    },
    {
      "flavor_text": "\u900f\u904e\uff3a\u529b\u91cf\u5c07\u6c23\u5834\u5be6\u9ad4\u5316\uff0c\n\u5411\u5c0d\u624b\u5168\u529b\u767c\u52d5\u8972\u64ca\u3002\n\u5a01\u529b\u6703\u96a8\u539f\u672c\u7684\u62db\u5f0f\u800c\u6539\u8b8a\u3002",
      "language": {
        "name": "zh-Hant",
        "url": "https://pokeapi.co/api/v2/language/4/"
      },
      "version_group": {
        "name": "ultra-sun-ultra-moon",
        "url": "https://pokeapi.co/api/v2/version-group/18/"
      }
    },
    {
      "flavor_text": "Le Pok\u00e9mon utilise la Force Z pour mat\u00e9rialiser\nson aura et assaillir l\u2019adversaire. La puissance varie\nselon celle de la capacit\u00e9 originale.",
      "language": {
        "name": "fr",
        "url": "https://pokeapi.co/api/v2/language/5/"
      },
      "version_group": {
        "name": "ultra-sun-ultra-moon",
        "url": "https://pokeapi.co/api/v2/version-group/18/"
      }
    },
    {
      "flavor_text": "Der Anwender materialisiert durch Z-Kraft seine\nAura und greift damit das Ziel an. Die St\u00e4rke variiert\nje nach zugrunde liegender Attacke.",
      "language": {
        "name": "de",
        "url": "https://pokeapi.co/api/v2/language/6/"
      },
      "version_group": {
        "name": "ultra-sun-ultra-moon",
        "url": "https://pokeapi.co/api/v2/version-group/18/"
      }
    },
    {
      "flavor_text": "El usuario emplea el Poder Z para materializar su\naura y golpear al objetivo. Su potencia depende de\nla del movimiento original.",
      "language": {
        "name": "es",
        "url": "https://pokeapi.co/api/v2/language/7/"
      },
      "version_group": {
        "name": "ultra-sun-ultra-moon",
        "url": "https://pokeapi.co/api/v2/version-group/18/"
      }
    },
    {
      "flavor_text": "Grazie al Potere Z, chi la usa materializza la propria\naura per colpire con forza il nemico. La potenza\nvaria a seconda della mossa su cui si basa.",
      "language": {
        "name": "it",
        "url": "https://pokeapi.co/api/v2/language/8/"
      },
      "version_group": {
        "name": "ultra-sun-ultra-moon",
        "url": "https://pokeapi.co/api/v2/version-group/18/"
      }
    },
    {
      "flavor_text": "The user materializes its aura using its Z-Power and\nattacks the target with full force. The power varies,\ndepending on the original move.",
      "language": {
        "name": "en",
        "url": "https://pokeapi.co/api/v2/language/9/"
      },
      "version_group": {
        "name": "ultra-sun-ultra-moon",
        "url": "https://pokeapi.co/api/v2/version-group/18/"
      }
    },
    {
      "flavor_text": "\uff3a\u30d1\u30ef\u30fc\u3067\u3000\u30aa\u30fc\u30e9\u3092\u3000\u5b9f\u4f53\u5316\u3057\n\u5168\u529b\u3067\u3000\u76f8\u624b\u306b\u3000\u8972\u3044\u304b\u304b\u308b\u3002\n\u5143\u306b\u306a\u3063\u305f\u3000\u6280\u3067\u3000\u5a01\u529b\u304c\u3000\u5909\u308f\u308b\u3002",
      "language": {
        "name": "ja",
        "url": "https://pokeapi.co/api/v2/language/11/"
      },
      "version_group": {
        "name": "ultra-sun-ultra-moon",
        "url": "https://pokeapi.co/api/v2/version-group/18/"
      }
    },
    {
      "flavor_text": "\u901a\u8fc7\uff3a\u529b\u91cf\u5c06\u6c14\u573a\u5b9e\u4f53\u5316\uff0c\n\u5411\u5bf9\u624b\u5168\u529b\u53d1\u52a8\u88ad\u51fb\u3002\n\u5a01\u529b\u4f1a\u6839\u636e\u539f\u6765\u7684\u62db\u5f0f\u800c\u6539\u53d8\u3002",
      "language": {
        "name": "zh-Hans",
        "url": "https://pokeapi.co/api/v2/language/12/"
      },
      "version_group": {
        "name": "ultra-sun-ultra-moon",
        "url": "https://pokeapi.co/api/v2/version-group/18/"
      }
    },
    {
      "flavor_text": "\uff3a\u30d1\u30ef\u30fc\u3067\u3000\u30aa\u30fc\u30e9\u3092\u3000\u3058\u3063\u305f\u3044\u304b\u3057\n\u305c\u3093\u308a\u3087\u304f\u3067\u3000\u3042\u3044\u3066\u306b\u3000\u304a\u305d\u3044\u304b\u304b\u308b\u3002\n\u3082\u3068\u306b\u306a\u3063\u305f\u3000\u308f\u3056\u3067\u3000\u3044\u308a\u3087\u304f\u304c\u3000\u304b\u308f\u308b\u3002",
      "language": {
        "name": "ja-Hrkt",
        "url": "https://pokeapi.co/api/v2/language/1/"
      },
      "version_group": {
        "name": "lets-go-pikachu-lets-go-eevee",
        "url": "https://pokeapi.co/api/v2/version-group/19/"
      }
    },
    {
      "flavor_text": "Z\ud30c\uc6cc\ub85c \uc624\ub77c\ub97c \uc2e4\uccb4\ud654\uc2dc\ucf1c\n\uc804\ub825\uc73c\ub85c \uc0c1\ub300\ub97c \uacf5\uaca9\ud55c\ub2e4.\n\uc6d0\ub798 \uae30\uc220\uc5d0 \ub530\ub77c \uc704\ub825\uc774 \ubcc0\ud55c\ub2e4.",
      "language": {
        "name": "ko",
        "url": "https://pokeapi.co/api/v2/language/3/"
      },
      "version_group": {
        "name": "lets-go-pikachu-lets-go-eevee",
        "url": "https://pokeapi.co/api/v2/version-group/19/"
      }
    },
    {
      "flavor_text": "\u900f\u904e\uff3a\u529b\u91cf\u5c07\u6c23\u5834\u5be6\u9ad4\u5316\uff0c\n\u5411\u5c0d\u624b\u5168\u529b\u767c\u52d5\u8972\u64ca\u3002\n\u5a01\u529b\u6703\u96a8\u539f\u672c\u7684\u62db\u5f0f\u800c\u6539\u8b8a\u3002",
      "language": {
        "name": "zh-Hant",
        "url": "https://pokeapi.co/api/v2/language/4/"
      },
      "version_group": {
        "name": "lets-go-pikachu-lets-go-eevee",
        "url": "https://pokeapi.co/api/v2/version-group/19/"
      }
    },
    {
      "flavor_text": "Le Pok\u00e9mon utilise la Force Z pour mat\u00e9rialiser son aura\net assaillir l\u2019adversaire. La puissance varie selon celle\nde la capacit\u00e9 originale.",
      "language": {
        "name": "fr",
        "url": "https://pokeapi.co/api/v2/language/5/"
      },
      "version_group": {
        "name": "lets-go-pikachu-lets-go-eevee",
        "url": "https://pokeapi.co/api/v2/version-group/19/"
      }
    },
    {
      "flavor_text": "Der Anwender materialisiert durch Z-Kraft seine\nAura und greift damit das Ziel an. Die St\u00e4rke variiert\nje nach zugrunde liegender Attacke.",
      "language": {
        "name": "de",
        "url": "https://pokeapi.co/api/v2/language/6/"
      },
      "version_group": {
        "name": "lets-go-pikachu-lets-go-eevee",
        "url": "https://pokeapi.co/api/v2/version-group/19/"
      }
    },
    {
      "flavor_text": "El usuario emplea el Poder Z para materializar su\naura y golpear al objetivo. Su potencia depende de\nla del movimiento original.",
      "language": {
        "name": "es",
        "url": "https://pokeapi.co/api/v2/language/7/"
      },
      "version_group": {
        "name": "lets-go-pikachu-lets-go-eevee",
        "url": "https://pokeapi.co/api/v2/version-group/19/"
      }
    },
    {
      "flavor_text": "Grazie al Potere Z, chi la usa materializza la propria\naura per colpire con forza il nemico. La potenza\nvaria a seconda della mossa su cui si basa.",
      "language": {
        "name": "it",
        "url": "https://pokeapi.co/api/v2/language/8/"
      },
      "version_group": {
        "name": "lets-go-pikachu-lets-go-eevee",
        "url": "https://pokeapi.co/api/v2/version-group/19/"
      }
    },
    {
      "flavor_text": "The user materializes its aura using its Z-Power and\nattacks the target with full force. The power varies,\ndepending on the original move.",
      "language": {
        "name": "en",
        "url": "https://pokeapi.co/api/v2/language/9/"
      },
      "version_group": {
        "name": "lets-go-pikachu-lets-go-eevee",
        "url": "https://pokeapi.co/api/v2/version-group/19/"
      }
    },
    {
      "flavor_text": "\uff3a\u30d1\u30ef\u30fc\u3067\u3000\u30aa\u30fc\u30e9\u3092\u3000\u5b9f\u4f53\u5316\u3057\n\u5168\u529b\u3067\u3000\u76f8\u624b\u306b\u3000\u8972\u3044\u304b\u304b\u308b\u3002\n\u5143\u306b\u306a\u3063\u305f\u3000\u6280\u3067\u3000\u5a01\u529b\u304c\u3000\u5909\u308f\u308b\u3002",
      "language": {
        "name": "ja",
        "url": "https://pokeapi.co/api/v2/language/11/"
      },
      "version_group": {
        "name": "lets-go-pikachu-lets-go-eevee",
        "url": "https://pokeapi.co/api/v2/version-group/19/"
      }
    },
    {
      "flavor_text": "\u901a\u8fc7\uff3a\u529b\u91cf\u5c06\u6c14\u573a\u5b9e\u4f53\u5316\uff0c\n\u5411\u5bf9\u624b\u5168\u529b\u53d1\u52a8\u88ad\u51fb\u3002\n\u5a01\u529b\u4f1a\u6839\u636e\u539f\u6765\u7684\u62db\u5f0f\u800c\u6539\u53d8\u3002",
      "language": {
        "name": "zh-Hans",
        "url": "https://pokeapi.co/api/v2/language/12/"
      },
      "version_group": {
        "name": "lets-go-pikachu-lets-go-eevee",
        "url": "https://pokeapi.co/api/v2/version-group/19/"
      }
    },
    {
      "flavor_text": "\u3053\u306e\u308f\u3056\u306f\u3000\u3064\u304b\u3048\u307e\u305b\u3093\n\u304a\u3082\u3044\u3060\u3059\u3053\u3068\u304c\u3000\u3067\u304d\u306a\u304f\u306a\u308a\u307e\u3059\u304c\n\u308f\u3056\u3092\u3000\u308f\u3059\u308c\u308b\u3053\u3068\u3092\u3000\u304a\u3059\u3059\u3081\u3057\u307e\u3059",
      "language": {
        "name": "ja-Hrkt",
        "url": "https://pokeapi.co/api/v2/language/1/"
      },
      "version_group": {
        "name": "sword-shield",
        "url": "https://pokeapi.co/api/v2/version-group/20/"
      }
    },
    {
      "flavor_text": "\uc0ac\uc6a9\ud560 \uc218 \uc5c6\ub294 \uae30\uc220\uc785\ub2c8\ub2e4.\n\ub2e4\uc2dc \ubc30\uc6b0\uac8c \ud560 \uc218 \uc5c6\uc9c0\ub9cc\n\uae30\uc220\uc744 \uc78a\uac8c \ud558\ub294 \uac83\uc744 \uad8c\uc7a5\ud569\ub2c8\ub2e4.",
      "language": {
        "name": "ko",
        "url": "https://pokeapi.co/api/v2/language/3/"
      },
      "version_group": {
        "name": "sword-shield",
        "url": "https://pokeapi.co/api/v2/version-group/20/"
      }
    },
    {
      "flavor_text": "\u7121\u6cd5\u4f7f\u7528\u6b64\u62db\u5f0f\u3002\n\u96d6\u7136\u5fd8\u8a18\u5f8c\u5c07\u7121\u6cd5\u518d\u60f3\u8d77\u4f86\uff0c\n\u4f46\u9084\u662f\u5efa\u8b70\u5fd8\u8a18\u6b64\u62db\u5f0f\u3002",
      "language": {
        "name": "zh-Hant",
        "url": "https://pokeapi.co/api/v2/language/4/"
      },
      "version_group": {
        "name": "sword-shield",
        "url": "https://pokeapi.co/api/v2/version-group/20/"
      }
    },
    {
      "flavor_text": "Cette capacit\u00e9 ne peut pas \u00eatre utilis\u00e9e.\nIl est recommand\u00e9 de l\u2019oublier, m\u00eame s\u2019il sera\nimpossible de se la rem\u00e9morer une fois oubli\u00e9e.",
      "language": {
        "name": "fr",
        "url": "https://pokeapi.co/api/v2/language/5/"
      },
      "version_group": {
        "name": "sword-shield",
        "url": "https://pokeapi.co/api/v2/version-group/20/"
      }
    },
    {
      "flavor_text": "Diese Attacke kann nicht eingesetzt werden. Du solltest\ndein Pok\u00e9mon sie vergessen lassen. Beachte aber,\ndass es sich danach nicht wieder an sie erinnern kann.",
      "language": {
        "name": "de",
        "url": "https://pokeapi.co/api/v2/language/6/"
      },
      "version_group": {
        "name": "sword-shield",
        "url": "https://pokeapi.co/api/v2/version-group/20/"
      }
    },
    {
      "flavor_text": "Este movimiento no se puede usar, por lo que ser\u00eda\nmejor olvidarlo, aunque eso implique que no se pueda\nrecordar posteriormente.",
      "language": {
        "name": "es",
        "url": "https://pokeapi.co/api/v2/language/7/"
      },
      "version_group": {
        "name": "sword-shield",
        "url": "https://pokeapi.co/api/v2/version-group/20/"
      }
    },
    {
      "flavor_text": "Questa mossa non pu\u00f2 essere usata.\n\u00c8 consigliabile farla dimenticare al Pok\u00e9mon. Tuttavia,\nuna volta dimenticata, non potr\u00e0 pi\u00f9 essere ricordata.",
      "language": {
        "name": "it",
        "url": "https://pokeapi.co/api/v2/language/8/"
      },
      "version_group": {
        "name": "sword-shield",
        "url": "https://pokeapi.co/api/v2/version-group/20/"
      }
    },
    {
      "flavor_text": "This move can\u2019t be used.\nIt\u2019s recommended that this move is forgotten.\nOnce forgotten, this move can\u2019t be remembered.",
      "language": {
        "name": "en",
        "url": "https://pokeapi.co/api/v2/language/9/"
      },
      "version_group": {
        "name": "sword-shield",
        "url": "https://pokeapi.co/api/v2/version-group/20/"
      }
    },
    {
      "flavor_text": "\u3053\u306e\u6280\u306f\u3000\u4f7f\u3048\u307e\u305b\u3093\n\u601d\u3044\u51fa\u3059\u3053\u3068\u304c\u3000\u3067\u304d\u306a\u304f\u306a\u308a\u307e\u3059\u304c\n\u6280\u3092\u3000\u5fd8\u308c\u308b\u3053\u3068\u3092\u3000\u304a\u3059\u3059\u3081\u3057\u307e\u3059",
      "language": {
        "name": "ja",
        "url": "https://pokeapi.co/api/v2/language/11/"
      },
      "version_group": {
        "name": "sword-shield",
        "url": "https://pokeapi.co/api/v2/version-group/20/"
      }
    },
    {
      "flavor_text": "\u65e0\u6cd5\u4f7f\u7528\u8fd9\u4e2a\u62db\u5f0f\u3002\n\u867d\u7136\u5fd8\u8bb0\u4e4b\u540e\u5c31\u518d\u4e5f\u60f3\u4e0d\u8d77\u6765\u4e86\uff0c\n\u4f46\u8fd8\u662f\u5efa\u8bae\u5fd8\u8bb0\u8fd9\u4e2a\u62db\u5f0f\u3002",
      "language": {
        "name": "zh-Hans",
        "url": "https://pokeapi.co/api/v2/language/12/"
      },
      "version_group": {
        "name": "sword-shield",
        "url": "https://pokeapi.co/api/v2/version-group/20/"
      }
    }
  ],
  "generation": {
    "name": "generation-vii",
    "url": "https://pokeapi.co/api/v2/generation/7/"
  },
  "id": 652,
  "learned_by_pokemon": [],
  "machines": [],
  "meta": {
    "ailment": {
      "name": "none",
      "url": "https://pokeapi.co/api/v2/move-ailment/0/"
    },
    "ailment_chance": 0,
    "category": {
      "name": "damage",
      "url": "https://pokeapi.co/api/v2/move-category/0/"
    },
    "crit_rate": 0,
    "drain": 0,
    "flinch_chance": 0,
    "healing": 0,
    "max_hits": null,
    "max_turns": null,
    "min_hits": null,
    "min_turns": null,
    "stat_chance": 0
  },
  "name": "devastating-drake--physical",
  "names": [
    {
      "language": {
        "name": "ja-Hrkt",
        "url": "https://pokeapi.co/api/v2/language/1/"
      },
      "name": "\u30a2\u30eb\u30c6\u30a3\u30e1\u30c3\u30c8\u30c9\u30e9\u30b4\u30f3\u30d0\u30fc\u30f3"
    },
    {
      "language": {
        "name": "ko",
        "url": "https://pokeapi.co/api/v2/language/3/"
      },
      "name": "\uc5bc\ud2f0\uba54\uc774\ud2b8\ub4dc\ub798\uace4\ubc88"
    },
    {
      "language": {
        "name": "zh-Hant",
        "url": "https://pokeapi.co/api/v2/language/4/"
      },
      "name": "\u7a76\u6975\u5de8\u9f8d\u9707\u5929\u5730"
    },
    {
      "language": {
        "name": "fr",
        "url": "https://pokeapi.co/api/v2/language/5/"
      },
      "name": "Chaos Draconique"
    },
    {
      "language": {
        "name": "de",
        "url": "https://pokeapi.co/api/v2/language/6/"
      },
      "name": "Drastisches Drachendr\u00f6hnen"
    },
    {
      "language": {
        "name": "es",
        "url": "https://pokeapi.co/api/v2/language/7/"
      },
      "name": "Dracoaliento Devastador"
    },
    {
      "language": {
        "name": "it",
        "url": "https://pokeapi.co/api/v2/language/8/"
      },
      "name": "Dragoschianto Finale"
    },
    {
      "language": {
        "name": "en",
        "url": "https://pokeapi.co/api/v2/language/9/"
      },
      "name": "Devastating Drake"
    },
    {
      "language": {
        "name": "ja",
        "url": "https://pokeapi.co/api/v2/language/11/"
      },
      "name": "\u30a2\u30eb\u30c6\u30a3\u30e1\u30c3\u30c8\u30c9\u30e9\u30b4\u30f3\u30d0\u30fc\u30f3"
    },
    {
      "language": {
        "name": "zh-Hans",
        "url": "https://pokeapi.co/api/v2/language/12/"
      },
      "name": "\u7a76\u6781\u5de8\u9f99\u9707\u5929\u5730"
    }
  ],
  "past_values": [],
  "power": null,
  "pp": 1,
  "priority": 0,
  "stat_changes": [],
  "super_contest_effect": null,
  "target": {
    "name": "selected-pokemon",
    "url": "https://pokeapi.co/api/v2/move-target/10/"
  },
  "type": {
    "name": "dragon",
    "url": "https://pokeapi.co/api/v2/type/16/"
  }
}