{
  "accuracy": null,
  "contest_combos": null,
  "contest_effect": {
    "url": "https://pokeapi.co/api/v2/contest-effect/25/"
  },
  "contest_type": {
    "name": "cute",
    "url": "https://pokeapi.co/api/v2/contest-type/3/"
  },
  "damage_class": {
    "name": "status",
    "url": "https://pokeapi.co/api/v2/move-damage-class/1/"
  },
  "effect_chance": null,
  "effect_changes": [],
  "effect_entries": [
    {
      "effect": "Uses a move from another Pok\u00e9mon in the user\u2019s party, both selected at random.  Moves from fainted Pok\u00e9mon can be used.  If there are no eligible Pok\u00e9mon or moves, this move will fail.\n\nThis move will not select assist, chatter, circle throw, copycat, counter, covet, destiny bond, detect, dig, dive, dragon tail, endure, feint, fly focus punch, follow me, helping hand, me first, metronome, mimic, mirror coat, mirror move, phantom force protect, quick guard, roar shadow force, sketch, sleep talk, snatch, struggle, switcheroo, thief, trick, whirlwind, or wide guard.\n\nThis move cannot be copied by mirror move, nor selected by metronome or sleep talk.",
      "language": {
        "name": "en",
        "url": "https://pokeapi.co/api/v2/language/9/"
      },
      "short_effect": "Randomly selects and uses one of the trainer\u2019s other Pok\u00e9mon\u2019s moves."
    }
  ],
  "flavor_text_entries": [
    {
      "flavor_text": "Attacks randomly with one\nof the partner\u2019s moves.",
      "language": {
        "name": "en",
        "url": "https://pokeapi.co/api/v2/language/9/"
      },
      "version_group": {
        "name": "ruby-sapphire",
        "url": "https://pokeapi.co/api/v2/version-group/5/"
      }
    },
    {
      "flavor_text": "Attacks randomly with one\nof the partner\u2019s moves.",
      "language": {
        "name": "en",
        "url": "https://pokeapi.co/api/v2/language/9/"
      },
      "version_group": {
        "name": "emerald",
        "url": "https://pokeapi.co/api/v2/version-group/6/"
      }
    },
    {
      "flavor_text": "The user randomly\npicks and uses a\nmove of an allied\nPOK\u00e9MON.",
      "language": {
        "name": "en",
        "url": "https://pokeapi.co/api/v2/language/9/"
      },
      "version_group": {
        "name": "firered-leafgreen",
        "url": "https://pokeapi.co/api/v2/version-group/7/"
      }
    },
    {
      "flavor_text": "The user hurriedly\nand randomly uses a\nmove among those\nknown by other\nPok\u00e9mon in the party.",
      "language": {
        "name": "en",
        "url": "https://pokeapi.co/api/v2/language/9/"
      },
      "version_group": {
        "name": "diamond-pearl",
        "url": "https://pokeapi.co/api/v2/version-group/8/"
      }
    },
    {
      "flavor_text": "The user hurriedly\nand randomly uses a\nmove among those\nknown by other\nPok\u00e9mon in the party.",
      "language": {
        "name": "en",
        "url": "https://pokeapi.co/api/v2/language/9/"
      },
      "version_group": {
        "name": "platinum",
        "url": "https://pokeapi.co/api/v2/version-group/9/"
      }
    },
    {
      "flavor_text": "The user hurriedly\nand randomly uses a\nmove among those\nknown by other\nPok\u00e9mon in the party.",
      "language": {
        "name": "en",
        "url": "https://pokeapi.co/api/v2/language/9/"
      },
      "version_group": {
        "name": "heartgold-soulsilver",
        "url": "https://pokeapi.co/api/v2/version-group/10/"
      }
    },
    {
      "flavor_text": "Le lanceur se d\u00e9p\u00eache d\u2019utiliser une\ncapacit\u00e9 au hasard parmi celles des\nPok\u00e9mon de l\u2019\u00e9quipe.",
      "language": {
        "name": "fr",
        "url": "https://pokeapi.co/api/v2/language/5/"
      },
      "version_group": {
        "name": "black-white",
        "url": "https://pokeapi.co/api/v2/version-group/11/"
      }
    },
    {
      "flavor_text": "The user hurriedly and randomly uses a\nmove among those known by other\nPok\u00e9mon in the party.",
      "language": {
        "name": "en",
        "url": "https://pokeapi.co/api/v2/language/9/"
      },
      "version_group": {
        "name": "black-white",
        "url": "https://pokeapi.co/api/v2/version-group/11/"
      }
    },
    {
      "flavor_text": "The user hurriedly and randomly uses a\nmove among those known by other\nPok\u00e9mon in the party.",
      "language": {
        "name": "en",
        "url": "https://pokeapi.co/api/v2/language/9/"
      },
      "version_group": {
        "name": "black-2-white-2",
        "url": "https://pokeapi.co/api/v2/version-group/14/"
      }
    },
    {
      "flavor_text": "\u304a\u304a\u3044\u305d\u304e\u3067\u3000\u307f\u304b\u305f\u306e\u3000\u305f\u3059\u3051\u3092\u3000\u304b\u308a\u3066\n\u3072\u304b\u3048\u306e\u3000\u30dd\u30b1\u30e2\u30f3\u304c\u3000\u304a\u307c\u3048\u3066\u3044\u308b\n\u308f\u3056\u3092\u3000\u3069\u308c\u304b\u3000\uff11\u3064\u3000\u3064\u304b\u3046\u3002",
      "language": {
        "name": "ja-Hrkt",
        "url": "https://pokeapi.co/api/v2/language/1/"
      },
      "version_group": {
        "name": "x-y",
        "url": "https://pokeapi.co/api/v2/version-group/15/"
      }
    },
    {
      "flavor_text": "\uc11c\ub458\ub7ec\uc11c \uac19\uc740 \ud3b8\uc758 \ub3c4\uc6c0\uc744 \ubc1b\uc544\n\uad50\ub300 \ud3ec\ucf13\ubaac\uc774 \uae30\uc5b5\ud558\uace0 \uc788\ub294\n\uae30\uc220 \uc911 \ud558\ub098\ub97c \uc4f4\ub2e4.",
      "language": {
        "name": "ko",
        "url": "https://pokeapi.co/api/v2/language/3/"
      },
      "version_group": {
        "name": "x-y",
        "url": "https://pokeapi.co/api/v2/version-group/15/"
      }
    },
    {
      "flavor_text": "Le lanceur se d\u00e9p\u00eache d\u2019utiliser une capacit\u00e9 au\nhasard parmi celles des Pok\u00e9mon de l\u2019\u00e9quipe.",
      "language": {
        "name": "fr",
        "url": "https://pokeapi.co/api/v2/language/5/"
      },
      "version_group": {
        "name": "x-y",
        "url": "https://pokeapi.co/api/v2/version-group/15/"
      }
    },
    {
      "flavor_text": "Greift zuf\u00e4llig mit einer Attacke\neines Teampartners an.",
      "language": {
        "name": "de",
        "url": "https://pokeapi.co/api/v2/language/6/"
      },
      "version_group": {
        "name": "x-y",
        "url": "https://pokeapi.co/api/v2/version-group/15/"
      }
    },
    {
      "flavor_text": "Usa un movimiento de un miembro del equipo\nelegido al azar.",
      "language": {
        "name": "es",
        "url": "https://pokeapi.co/api/v2/language/7/"
      },
      "version_group": {
        "name": "x-y",
        "url": "https://pokeapi.co/api/v2/version-group/15/"
      }
    },
    {
      "flavor_text": "Chi la usa utilizza in fretta e a caso una\ndelle mosse degli altri Pok\u00e9mon della squadra.",
      "language": {
        "name": "it",
        "url": "https://pokeapi.co/api/v2/language/8/"
      },
      "version_group": {
        "name": "x-y",
        "url": "https://pokeapi.co/api/v2/version-group/15/"
      }
    },
    {
      "flavor_text": "The user hurriedly and randomly\nuses a move among those known\nby other Pok\u00e9mon in the party.",
      "language": {
        "name": "en",
        "url": "https://pokeapi.co/api/v2/language/9/"
      },
      "version_group": {
        "name": "x-y",
        "url": "https://pokeapi.co/api/v2/version-group/15/"
      }
    },
    {
      "flavor_text": "\u5927\u6025\u304e\u3067\u3000\u5473\u65b9\u306e\u3000\u52a9\u3051\u3092\u3000\u304b\u308a\u3066\n\u63a7\u3048\u306e\u3000\u30dd\u30b1\u30e2\u30f3\u304c\u3000\u304a\u307c\u3048\u3066\u3044\u308b\n\u6280\u3092\u3000\u3069\u308c\u304b\u3000\uff11\u3064\u3000\u4f7f\u3046\u3002",
      "language": {
        "name": "ja",
        "url": "https://pokeapi.co/api/v2/language/11/"
      },
      "version_group": {
        "name": "x-y",
        "url": "https://pokeapi.co/api/v2/version-group/15/"
      }
    },
    {
      "flavor_text": "\u304a\u304a\u3044\u305d\u304e\u3067\u3000\u202f\u304b\u305f\u306e\u3000\u305f\u3059\u3051\u3092\u3000\u304b\u308a\u3066\n\u3072\u304b\u3048\u306e\u3000\u30dd\u30b1\u30e2\u30f3\u304c\u3000\u304a\u307c\u3048\u3066\u3044\u308b\n\u308f\u3056\u3092\u3000\u3069\u308c\u304b\u3000\uff11\u3064\u3000\u3064\u304b\u3046\u3002",
      "language": {
        "name": "ja-Hrkt",
        "url": "https://pokeapi.co/api/v2/language/1/"
      },
      "version_group": {
        "name": "omega-ruby-alpha-sapphire",
        "url": "https://pokeapi.co/api/v2/version-group/16/"
      }
    },
    {
      "flavor_text": "\uc11c\ub458\ub7ec\uc11c \uac19\uc740 \ud3b8\uc758 \ub3c4\uc6c0\uc744 \ubc1b\uc544\n\uad50\ub300 \ud3ec\ucf13\ubaac\uc774 \uae30\uc5b5\ud558\uace0 \uc788\ub294\n\uae30\uc220 \uc911 \ud558\ub098\ub97c \uc4f4\ub2e4.",
      "language": {
        "name": "ko",
        "url": "https://pokeapi.co/api/v2/language/3/"
      },
      "version_group": {
        "name": "omega-ruby-alpha-sapphire",
        "url": "https://pokeapi.co/api/v2/version-group/16/"
      }
    },
    {
      "flavor_text": "Le lanceur se d\u00e9p\u00eache d\u2019utiliser une capacit\u00e9 au\nhasard parmi celles des Pok\u00e9mon de l\u2019\u00e9quipe.",
      "language": {
        "name": "fr",
        "url": "https://pokeapi.co/api/v2/language/5/"
      },
      "version_group": {
        "name": "omega-ruby-alpha-sapphire",
        "url": "https://pokeapi.co/api/v2/version-group/16/"
      }
    },
    {
      "flavor_text": "Greift zuf\u00e4llig mit einer Attacke\neines Teampartners an.",
      "language": {
        "name": "de",
        "url": "https://pokeapi.co/api/v2/language/6/"
      },
      "version_group": {
        "name": "omega-ruby-alpha-sapphire",
        "url": "https://pokeapi.co/api/v2/version-group/16/"
      }
    },
    {
      "flavor_text": "Usa un movimiento de un miembro del equipo \nelegido al azar.",
      "language": {
        "name": "es",
        "url": "https://pokeapi.co/api/v2/language/7/"
      },
      "version_group": {
        "name": "omega-ruby-alpha-sapphire",
        "url": "https://pokeapi.co/api/v2/version-group/16/"
      }
    },
    {
      "flavor_text": "Chi la usa utilizza in fretta e a caso una\ndelle mosse degli altri Pok\u00e9mon della squadra.",
      "language": {
        "name": "it",
        "url": "https://pokeapi.co/api/v2/language/8/"
      },
      "version_group": {
        "name": "omega-ruby-alpha-sapphire",
        "url": "https://pokeapi.co/api/v2/version-group/16/"
      }
    },
    {
      "flavor_text": "The user hurriedly and randomly\nuses a move among those known\nby other Pok\u00e9mon in the party.",
      "language": {
        "name": "en",
        "url": "https://pokeapi.co/api/v2/language/9/"
      },
      "version_group": {
        "name": "omega-ruby-alpha-sapphire",
        "url": "https://pokeapi.co/api/v2/version-group/16/"
      }
    },
    {
      "flavor_text": "\u5927\u6025\u304e\u3067\u3000\u5473\u65b9\u306e\u3000\u52a9\u3051\u3092\u3000\u304b\u308a\u3066\n\u63a7\u3048\u306e\u3000\u30dd\u30b1\u30e2\u30f3\u304c\u3000\u304a\u307c\u3048\u3066\u3044\u308b\n\u6280\u3092\u3000\u3069\u308c\u304b\u3000\uff11\u3064\u3000\u4f7f\u3046\u3002",
      "language": {
        "name": "ja",
        "url": "https://pokeapi.co/api/v2/language/11/"
      },
      "version_group": {
        "name": "omega-ruby-alpha-sapphire",
        "url": "https://pokeapi.co/api/v2/version-group/16/"
      }
    },
    {
      "flavor_text": "\u304a\u304a\u3044\u305d\u304e\u3067\u3000\u307f\u304b\u305f\u306e\u3000\u305f\u3059\u3051\u3092\u3000\u304b\u308a\u3066\n\u307f\u304b\u305f\u306e\u3000\u30dd\u30b1\u30e2\u30f3\u304c\u3000\u304a\u307c\u3048\u3066\u3044\u308b\n\u308f\u3056\u3092\u3000\u3069\u308c\u304b\u3000\uff11\u3064\u3000\u3064\u304b\u3046\u3002",
      "language": {
        "name": "ja-Hrkt",
        "url": "https://pokeapi.co/api/v2/language/1/"
      },
      "version_group": {
        "name": "sun-moon",
        "url": "https://pokeapi.co/api/v2/version-group/17/"
      }
    },
    {
      "flavor_text": "\uc11c\ub458\ub7ec\uc11c \uac19\uc740 \ud3b8\uc758 \ub3c4\uc6c0\uc744 \ubc1b\uc544\n\uac19\uc740 \ud3b8 \ud3ec\ucf13\ubaac\uc774 \uae30\uc5b5\ud558\uace0 \uc788\ub294\n\uae30\uc220 \uc911 \ud558\ub098\ub97c \uc4f4\ub2e4.",
      "language": {
        "name": "ko",
        "url": "https://pokeapi.co/api/v2/language/3/"
      },
      "version_group": {
        "name": "sun-moon",
        "url": "https://pokeapi.co/api/v2/version-group/17/"
      }
    },
    {
      "flavor_text": "\u7dca\u6025\u5411\u540c\u4f34\u6c42\u6551\uff0c\n\u5f9e\u6211\u65b9\u5bf6\u53ef\u5922\u5df2\u5b78\u6703\u7684\u62db\u5f0f\u4e2d\n\u96a8\u6a5f\u9078\u51fa\uff11\u500b\u4f7f\u7528\u3002",
      "language": {
        "name": "zh-Hant",
        "url": "https://pokeapi.co/api/v2/language/4/"
      },
      "version_group": {
        "name": "sun-moon",
        "url": "https://pokeapi.co/api/v2/version-group/17/"
      }
    },
    {
      "flavor_text": "Le lanceur se d\u00e9p\u00eache d\u2019utiliser une capacit\u00e9 au\nhasard parmi celles des Pok\u00e9mon de l\u2019\u00e9quipe.",
      "language": {
        "name": "fr",
        "url": "https://pokeapi.co/api/v2/language/5/"
      },
      "version_group": {
        "name": "sun-moon",
        "url": "https://pokeapi.co/api/v2/version-group/17/"
      }
    },
    {
      "flavor_text": "Greift zuf\u00e4llig mit einer Attacke eines Mitstreiters an.",
      "language": {
        "name": "de",
        "url": "https://pokeapi.co/api/v2/language/6/"
      },
      "version_group": {
        "name": "sun-moon",
        "url": "https://pokeapi.co/api/v2/version-group/17/"
      }
    },
    {
      "flavor_text": "Usa un movimiento de un miembro del equipo \nelegido al azar.",
      "language": {
        "name": "es",
        "url": "https://pokeapi.co/api/v2/language/7/"
      },
      "version_group": {
        "name": "sun-moon",
        "url": "https://pokeapi.co/api/v2/version-group/17/"
      }
    },
    {
      "flavor_text": "Chi la usa utilizza in fretta e a caso una\ndelle mosse degli altri Pok\u00e9mon della squadra.",
      "language": {
        "name": "it",
        "url": "https://pokeapi.co/api/v2/language/8/"
      },
      "version_group": {
        "name": "sun-moon",
        "url": "https://pokeapi.co/api/v2/version-group/17/"
      }
    },
    {
      "flavor_text": "The user hurriedly and randomly uses a move among\nthose known by ally Pok\u00e9mon.",
      "language": {
        "name": "en",
        "url": "https://pokeapi.co/api/v2/language/9/"
      },
      "version_group": {
        "name": "sun-moon",
        "url": "https://pokeapi.co/api/v2/version-group/17/"
      }
    },
    {
      "flavor_text": "\u5927\u6025\u304e\u3067\u3000\u5473\u65b9\u306e\u3000\u52a9\u3051\u3092\u3000\u304b\u308a\u3066\n\u5473\u65b9\u306e\u3000\u30dd\u30b1\u30e2\u30f3\u304c\u3000\u304a\u307c\u3048\u3066\u3044\u308b\n\u6280\u3092\u3000\u3069\u308c\u304b\u3000\uff11\u3064\u3000\u4f7f\u3046\u3002",
      "language": {
        "name": "ja",
        "url": "https://pokeapi.co/api/v2/language/11/"
      },
      "version_group": {
        "name": "sun-moon",
        "url": "https://pokeapi.co/api/v2/version-group/17/"
      }
    },
    {
      "flavor_text": "\u5411\u6211\u65b9\u7d27\u6025\u6c42\u52a9\uff0c\n\u4ece\u6211\u65b9\u5b9d\u53ef\u68a6\u5df2\u5b66\u4f1a\u7684\n\u62db\u5f0f\u4e2d\u968f\u673a\u4f7f\u7528\uff11\u4e2a\u3002",
      "language": {
        "name": "zh-Hans",
        "url": "https://pokeapi.co/api/v2/language/12/"
      },
      "version_group": {
        "name": "sun-moon",
        "url": "https://pokeapi.co/api/v2/version-group/17/"
      }
    },
    {
      "flavor_text": "\u304a\u304a\u3044\u305d\u304e\u3067\u3000\u307f\u304b\u305f\u306e\u3000\u305f\u3059\u3051\u3092\u3000\u304b\u308a\u3066\n\u307f\u304b\u305f\u306e\u3000\u30dd\u30b1\u30e2\u30f3\u304c\u3000\u304a\u307c\u3048\u3066\u3044\u308b\n\u308f\u3056\u3092\u3000\u3069\u308c\u304b\u3000\uff11\u3064\u3000\u3064\u304b\u3046\u3002",
      "language": {
        "name": "ja-Hrkt",
        "url": "https://pokeapi.co/api/v2/language/1/"
      },
      "version_group": {
        "name": "ultra-sun-ultra-moon",
        "url": "https://pokeapi.co/api/v2/version-group/18/"
      }
    },
    {
      "flavor_text": "\uc11c\ub458\ub7ec\uc11c \uac19\uc740 \ud3b8\uc758 \ub3c4\uc6c0\uc744 \ubc1b\uc544\n\uac19\uc740 \ud3b8 \ud3ec\ucf13\ubaac\uc774 \uae30\uc5b5\ud558\uace0 \uc788\ub294\n\uae30\uc220 \uc911 \ud558\ub098\ub97c \uc4f4\ub2e4.",
      "language": {
        "name": "ko",
        "url": "https://pokeapi.co/api/v2/language/3/"
      },
      "version_group": {
        "name": "ultra-sun-ultra-moon",
        "url": "https://pokeapi.co/api/v2/version-group/18/"
      }
    },
    {
      "flavor_text": "\u7dca\u6025\u5411\u540c\u4f34\u6c42\u6551\uff0c\n\u5f9e\u6211\u65b9\u5bf6\u53ef\u5922\u5df2\u5b78\u6703\u7684\u62db\u5f0f\u4e2d\n\u96a8\u6a5f\u9078\u51fa\uff11\u500b\u4f7f\u7528\u3002",
      "language": {
        "name": "zh-Hant",
        "url": "https://pokeapi.co/api/v2/language/4/"
      },
      "version_group": {
        "name": "ultra-sun-ultra-moon",
        "url": "https://pokeapi.co/api/v2/version-group/18/"
      }
    },
    {
      "flavor_text": "Le lanceur se d\u00e9p\u00eache d\u2019utiliser une capacit\u00e9 au\nhasard parmi celles des Pok\u00e9mon de l\u2019\u00e9quipe.",
      "language": {
        "name": "fr",
        "url": "https://pokeapi.co/api/v2/language/5/"
      },
      "version_group": {
        "name": "ultra-sun-ultra-moon",
        "url": "https://pokeapi.co/api/v2/version-group/18/"
      }
    },
    {
      "flavor_text": "Greift zuf\u00e4llig mit einer Attacke eines Mitstreiters an.",
      "language": {
        "name": "de",
        "url": "https://pokeapi.co/api/v2/language/6/"
      },
      "version_group": {
        "name": "ultra-sun-ultra-moon",
        "url": "https://pokeapi.co/api/v2/version-group/18/"
      }
    },
    {
      "flavor_text": "Usa un movimiento de un miembro del equipo \nelegido al azar.",
      "language": {
        "name": "es",
        "url": "https://pokeapi.co/api/v2/language/7/"
      },
      "version_group": {
        "name": "ultra-sun-ultra-moon",
        "url": "https://pokeapi.co/api/v2/version-group/18/"
      }
    },
    {
      "flavor_text": "Chi la usa utilizza in fretta e a caso una\ndelle mosse degli altri Pok\u00e9mon della squadra.",
      "language": {
        "name": "it",
        "url": "https://pokeapi.co/api/v2/language/8/"
      },
      "version_group": {
        "name": "ultra-sun-ultra-moon",
        "url": "https://pokeapi.co/api/v2/version-group/18/"
      }
    },
    {
      "flavor_text": "The user hurriedly and randomly uses a move among\nthose known by ally Pok\u00e9mon.",
      "language": {
        "name": "en",
        "url": "https://pokeapi.co/api/v2/language/9/"
      },
      "version_group": {
        "name": "ultra-sun-ultra-moon",
        "url": "https://pokeapi.co/api/v2/version-group/18/"
      }
    },
    {
      "flavor_text": "\u5927\u6025\u304e\u3067\u3000\u5473\u65b9\u306e\u3000\u52a9\u3051\u3092\u3000\u304b\u308a\u3066\n\u5473\u65b9\u306e\u3000\u30dd\u30b1\u30e2\u30f3\u304c\u3000\u304a\u307c\u3048\u3066\u3044\u308b\n\u6280\u3092\u3000\u3069\u308c\u304b\u3000\uff11\u3064\u3000\u4f7f\u3046\u3002",
      "language": {
        "name": "ja",
        "url": "https://pokeapi.co/api/v2/language/11/"
      },
      "version_group": {
        "name": "ultra-sun-ultra-moon",
        "url": "https://pokeapi.co/api/v2/version-group/18/"
      }
    },
    {
      "flavor_text": "\u5411\u6211\u65b9\u7d27\u6025\u6c42\u52a9\uff0c\n\u4ece\u6211\u65b9\u5b9d\u53ef\u68a6\u5df2\u5b66\u4f1a\u7684\n\u62db\u5f0f\u4e2d\u968f\u673a\u4f7f\u7528\uff11\u4e2a\u3002",
      "language": {
        "name": "zh-Hans",
        "url": "https://pokeapi.co/api/v2/language/12/"
      },
      "version_group": {
        "name": "ultra-sun-ultra-moon",
        "url": "https://pokeapi.co/api/v2/version-group/18/"
      }
    },
    {
      "flavor_text": "\u304a\u304a\u3044\u305d\u304e\u3067\u3000\u307f\u304b\u305f\u306e\u3000\u305f\u3059\u3051\u3092\u3000\u304b\u308a\u3066\n\u307f\u304b\u305f\u306e\u3000\u30dd\u30b1\u30e2\u30f3\u304c\u3000\u304a\u307c\u3048\u3066\u3044\u308b\n\u308f\u3056\u3092\u3000\u3069\u308c\u304b\u3000\uff11\u3064\u3000\u3064\u304b\u3046\u3002",
      "language": {
        "name": "ja-Hrkt",
        "url": "https://pokeapi.co/api/v2/language/1/"
      },
      "version_group": {
        "name": "lets-go-pikachu-lets-go-eevee",
        "url": "https://pokeapi.co/api/v2/version-group/19/"
      }
    },
    {
      "flavor_text": "\uc11c\ub458\ub7ec\uc11c \uac19\uc740 \ud3b8\uc758 \ub3c4\uc6c0\uc744 \ubc1b\uc544\n\uac19\uc740 \ud3b8 \ud3ec\ucf13\ubaac\uc774 \uae30\uc5b5\ud558\uace0 \uc788\ub294\n\uae30\uc220 \uc911 \ud558\ub098\ub97c \uc4f4\ub2e4.",
      "language": {
        "name": "ko",
        "url": "https://pokeapi.co/api/v2/language/3/"
      },
      "version_group": {
        "name": "lets-go-pikachu-lets-go-eevee",
        "url": "https://pokeapi.co/api/v2/version-group/19/"
      }
    },
    {
      "flavor_text": "\u7dca\u6025\u5411\u540c\u4f34\u6c42\u6551\uff0c\n\u5f9e\u6211\u65b9\u5bf6\u53ef\u5922\u5df2\u5b78\u6703\u7684\u62db\u5f0f\u4e2d\n\u96a8\u6a5f\u9078\u51fa\uff11\u500b\u4f7f\u7528\u3002",
      "language": {
        "name": "zh-Hant",
        "url": "https://pokeapi.co/api/v2/language/4/"
      },
      "version_group": {
        "name": "lets-go-pikachu-lets-go-eevee",
        "url": "https://pokeapi.co/api/v2/version-group/19/"
      }
    },
    {
      "flavor_text": "Le lanceur se d\u00e9p\u00eache d\u2019utiliser une capacit\u00e9 au hasard\nparmi celles des Pok\u00e9mon de l\u2019\u00e9quipe.",
      "language": {
        "name": "fr",
        "url": "https://pokeapi.co/api/v2/language/5/"
      },
      "version_group": {
        "name": "lets-go-pikachu-lets-go-eevee",
        "url": "https://pokeapi.co/api/v2/version-group/19/"
      }
    },
    {
      "flavor_text": "Greift zuf\u00e4llig mit einer Attacke eines Mitstreiters an.",
      "language": {
        "name": "de",
        "url": "https://pokeapi.co/api/v2/language/6/"
      },
      "version_group": {
        "name": "lets-go-pikachu-lets-go-eevee",
        "url": "https://pokeapi.co/api/v2/version-group/19/"
      }
    },
    {
      "flavor_text": "Usa un movimiento de un miembro del equipo \nelegido al azar.",
      "language": {
        "name": "es",
        "url": "https://pokeapi.co/api/v2/language/7/"
      },
      "version_group": {
        "name": "lets-go-pikachu-lets-go-eevee",
        "url": "https://pokeapi.co/api/v2/version-group/19/"
      }
    },
    {
      "flavor_text": "Chi la usa utilizza in fretta e a caso una\ndelle mosse degli altri Pok\u00e9mon della squadra.",
      "language": {
        "name": "it",
        "url": "https://pokeapi.co/api/v2/language/8/"
      },
      "version_group": {
        "name": "lets-go-pikachu-lets-go-eevee",
        "url": "https://pokeapi.co/api/v2/version-group/19/"
      }
    },
    {
      "flavor_text": "The user hurriedly and randomly uses a move among\nthose known by ally Pok\u00e9mon.",
      "language": {
        "name": "en",
        "url": "https://pokeapi.co/api/v2/language/9/"
      },
      "version_group": {
        "name": "lets-go-pikachu-lets-go-eevee",
        "url": "https://pokeapi.co/api/v2/version-group/19/"
      }
    },
    {
      "flavor_text": "\u5927\u6025\u304e\u3067\u3000\u5473\u65b9\u306e\u3000\u52a9\u3051\u3092\u3000\u304b\u308a\u3066\n\u5473\u65b9\u306e\u3000\u30dd\u30b1\u30e2\u30f3\u304c\u3000\u304a\u307c\u3048\u3066\u3044\u308b\n\u6280\u3092\u3000\u3069\u308c\u304b\u3000\uff11\u3064\u3000\u4f7f\u3046\u3002",
      "language": {
        "name": "ja",
        "url": "https://pokeapi.co/api/v2/language/11/"
      },
      "version_group": {
        "name": "lets-go-pikachu-lets-go-eevee",
        "url": "https://pokeapi.co/api/v2/version-group/19/"
      }
    },
    {
      "flavor_text": "\u5411\u540c\u4f34\u7d27\u6025\u6c42\u52a9\uff0c\n\u4ece\u6211\u65b9\u5b9d\u53ef\u68a6\u5df2\u5b66\u4f1a\u7684\n\u62db\u5f0f\u4e2d\u968f\u673a\u4f7f\u7528\uff11\u4e2a\u3002",
      "language": {
        "name": "zh-Hans",
        "url": "https://pokeapi.co/api/v2/language/12/"
      },
      "version_group": {
        "name": "lets-go-pikachu-lets-go-eevee",
        "url": "https://pokeapi.co/api/v2/version-group/19/"
      }
    },
    {
      "flavor_text": "\u3053\u306e\u308f\u3056\u306f\u3000\u3064\u304b\u3048\u307e\u305b\u3093\n\u304a\u3082\u3044\u3060\u3059\u3053\u3068\u304c\u3000\u3067\u304d\u306a\u304f\u306a\u308a\u307e\u3059\u304c\n\u308f\u3056\u3092\u3000\u308f\u3059\u308c\u308b\u3053\u3068\u3092\u3000\u304a\u3059\u3059\u3081\u3057\u307e\u3059",
      "language": {
        "name": "ja-Hrkt",
        "url": "https://pokeapi.co/api/v2/language/1/"
      },
      "version_group": {
        "name": "sword-shield",
        "url": "https://pokeapi.co/api/v2/version-group/20/"
      }
    },
    {
      "flavor_text": "\uc0ac\uc6a9\ud560 \uc218 \uc5c6\ub294 \uae30\uc220\uc785\ub2c8\ub2e4.\n\ub2e4\uc2dc \ubc30\uc6b0\uac8c \ud560 \uc218 \uc5c6\uc9c0\ub9cc\n\uae30\uc220\uc744 \uc78a\uac8c \ud558\ub294 \uac83\uc744 \uad8c\uc7a5\ud569\ub2c8\ub2e4.",
      "language": {
        "name": "ko",
        "url": "https://pokeapi.co/api/v2/language/3/"
      },
      "version_group": {
        "name": "sword-shield",
        "url": "https://pokeapi.co/api/v2/version-group/20/"
      }
    },
    {
      "flavor_text": "\u7121\u6cd5\u4f7f\u7528\u6b64\u62db\u5f0f\u3002\n\u96d6\u7136\u5fd8\u8a18\u5f8c\u5c07\u7121\u6cd5\u518d\u60f3\u8d77\u4f86\uff0c\n\u4f46\u9084\u662f\u5efa\u8b70\u5fd8\u8a18\u6b64\u62db\u5f0f\u3002",
      "language": {
        "name": "zh-Hant",
        "url": "https://pokeapi.co/api/v2/language/4/"
      },
      "version_group": {
        "name": "sword-shield",
        "url": "https://pokeapi.co/api/v2/version-group/20/"
      }
    },
    {
      "flavor_text": "Cette capacit\u00e9 ne peut pas \u00eatre utilis\u00e9e.\nIl est recommand\u00e9 de l\u2019oublier, m\u00eame s\u2019il sera\nimpossible de se la rem\u00e9morer une fois oubli\u00e9e.",
      "language": {
        "name": "fr",
        "url": "https://pokeapi.co/api/v2/language/5/"
      },
      "version_group": {
        "name": "sword-shield",
        "url": "https://pokeapi.co/api/v2/version-group/20/"
      }
    },
    {
      "flavor_text": "Diese Attacke kann nicht eingesetzt werden. Du solltest\ndein Pok\u00e9mon sie vergessen lassen. Beachte aber,\ndass es sich danach nicht wieder an sie erinnern kann.",
      "language": {
        "name": "de",
        "url": "https://pokeapi.co/api/v2/language/6/"
      },
      "version_group": {
        "name": "sword-shield",
        "url": "https://pokeapi.co/api/v2/version-group/20/"
      }
    },
    {
      "flavor_text": "Este movimiento no se puede usar, por lo que ser\u00eda\nmejor olvidarlo, aunque eso implique que no se pueda\nrecordar posteriormente.",
      "language": {
        "name": "es",
        "url": "https://pokeapi.co/api/v2/language/7/"
      },
      "version_group": {
        "name": "sword-shield",
        "url": "https://pokeapi.co/api/v2/version-group/20/"
      }
    },
    {
      "flavor_text": "Questa mossa non pu\u00f2 essere usata.\n\u00c8 consigliabile farla dimenticare al Pok\u00e9mon. Tuttavia,\nuna volta dimenticata, non potr\u00e0 pi\u00f9 essere ricordata.",
      "language": {
        "name": "it",
        "url": "https://pokeapi.co/api/v2/language/8/"
      },
      "version_group": {
        "name": "sword-shield",
        "url": "https://pokeapi.co/api/v2/version-group/20/"
      }
    },
    {
      "flavor_text": "This move can\u2019t be used.\nIt\u2019s recommended that this move is forgotten.\nOnce forgotten, this move can\u2019t be remembered.",
      "language": {
        "name": "en",
        "url": "https://pokeapi.co/api/v2/language/9/"
      },
      "version_group": {
        "name": "sword-shield",
        "url": "https://pokeapi.co/api/v2/version-group/20/"
      }
    },
    {
      "flavor_text": "\u3053\u306e\u6280\u306f\u3000\u4f7f\u3048\u307e\u305b\u3093\n\u601d\u3044\u51fa\u3059\u3053\u3068\u304c\u3000\u3067\u304d\u306a\u304f\u306a\u308a\u307e\u3059\u304c\n\u6280\u3092\u3000\u5fd8\u308c\u308b\u3053\u3068\u3092\u3000\u304a\u3059\u3059\u3081\u3057\u307e\u3059",
      "language": {
        "name": "ja",
        "url": "https://pokeapi.co/api/v2/language/11/"
      },
      "version_group": {
        "name": "sword-shield",
        "url": "https://pokeapi.co/api/v2/version-group/20/"
      }
    },
    {
      "flavor_text": "\u65e0\u6cd5\u4f7f\u7528\u8fd9\u4e2a\u62db\u5f0f\u3002\n\u867d\u7136\u5fd8\u8bb0\u4e4b\u540e\u5c31\u518d\u4e5f\u60f3\u4e0d\u8d77\u6765\u4e86\uff0c\n\u4f46\u8fd8\u662f\u5efa\u8bae\u5fd8\u8bb0\u8fd9\u4e2a\u62db\u5f0f\u3002",
      "language": {
        "name": "zh-Hans",
        "url": "https://pokeapi.co/api/v2/language/12/"
      },
      "version_group": {
        "name": "sword-shield",
        "url": "https://pokeapi.co/api/v2/version-group/20/"
      }
    }
  ],
  "generation": {
    "name": "generation-iii",
    "url": "https://pokeapi.co/api/v2/generation/3/"
  },
  "id": 274,
  "learned_by_pokemon": [
    {
      "name": "meowth",
      "url": "https://pokeapi.co/api/v2/pokemon/52/"
    },
    {
      "name": "drowzee",
      "url": "https://pokeapi.co/api/v2/pokemon/96/"
    },
    {
      "name": "sentret",
      "url": "https://pokeapi.co/api/v2/pokemon/161/"
    },
    {
      "name": "sneasel",
      "url": "https://pokeapi.co/api/v2/pokemon/215/"
    },
    {
      "name": "skitty",
      "url": "https://pokeapi.co/api/v2/pokemon/300/"
    },
    {
      "name": "spinda",
      "url": "https://pokeapi.co/api/v2/pokemon/327/"
    },
    {
      "name": "chimchar",
      "url": "https://pokeapi.co/api/v2/pokemon/390/"
    },
    {
      "name": "glameow",
      "url": "https://pokeapi.co/api/v2/pokemon/431/"
    },
    {
      "name": "purugly",
      "url": "https://pokeapi.co/api/v2/pokemon/432/"
    },
    {
      "name": "purrloin",
      "url": "https://pokeapi.co/api/v2/pokemon/509/"
    },
    {
      "name": "liepard",
      "url": "https://pokeapi.co/api/v2/pokemon/510/"
    },
    {
      "name": "espurr",
      "url": "https://pokeapi.co/api/v2/pokemon/677/"
    },
    {
      "name": "meowth-alola",
      "url": "https://pokeapi.co/api/v2/pokemon/10107/"
    }
  ],
  "machines": [],
  "meta": {
    "ailment": {
      "name": "none",
      "url": "https://pokeapi.co/api/v2/move-ailment/0/"
    },
    "ailment_chance": 0,
    "category": {
      "name": "unique",
      "url": "https://pokeapi.co/api/v2/move-category/13/"
    },
    "crit_rate": 0,
    "drain": 0,
    "flinch_chance": 0,
    "healing": 0,
    "max_hits": null,
    "max_turns": null,
    "min_hits": null,
    "min_turns": null,
    "stat_chance": 0
  },
  "name": "assist",
  "names": [
    {
      "language": {
        "name": "ja-Hrkt",
        "url": "https://pokeapi.co/api/v2/language/1/"
      },
      "name": "\u306d\u3053\u306e\u3066"
    },
    {
      "language": {
        "name": "ko",
        "url": "https://pokeapi.co/api/v2/language/3/"
      },
      "name": "\uc870\uc218"
    },
    {
      "language": {
        "name": "zh-Hant",
        "url": "https://pokeapi.co/api/v2/language/4/"
      },
      "name": "\u501f\u52a9"
    },
    {
      "language": {
        "name": "fr",
        "url": "https://pokeapi.co/api/v2/language/5/"
      },
      "name": "Assistance"
    },
    {
      "language": {
        "name": "de",
        "url": "https://pokeapi.co/api/v2/language/6/"
      },
      "name": "Zuschuss"
    },
    {
      "language": {
        "name": "es",
        "url": "https://pokeapi.co/api/v2/language/7/"
      },
      "name": "Ayuda"
    },
    {
      "language": {
        "name": "it",
        "url": "https://pokeapi.co/api/v2/language/8/"
      },
      "name": "Assistente"
    },
    {
      "language": {
        "name": "en",
        "url": "https://pokeapi.co/api/v2/language/9/"
      },
      "name": "Assist"
    },
    {
      "language": {
        "name": "ja",
        "url": "https://pokeapi.co/api/v2/language/11/"
      },
      "name": "\u306d\u3053\u306e\u3066"
    },
    {
      "language": {
        "name": "zh-Hans",
        "url": "https://pokeapi.co/api/v2/language/12/"
      },
      "name": "\u501f\u52a9"
    }
  ],
  "past_values": [],
  "power": null,
  "pp": 20,
  "priority": 0,
  "stat_changes": [],
  "super_contest_effect": {
    "url": "https://pokeapi.co/api/v2/super-contest-effect/14/"
  },
  "target": {
    "name": "user",
    "url": "https://pokeapi.co/api/v2/move-target/7/"
  },
  "type": {
    "name": "normal",
    "url": "https://pokeapi.co/api/v2/type/1/"
  }
}