{
  "accuracy": 100,
  "contest_combos": null,
  "contest_effect": null,
  "contest_type": null,
  "damage_class": {
    "name": "special",
    "url": "https://pokeapi.co/api/v2/move-damage-class/3/"
  },
  "effect_chance": null,
  "effect_changes": [],
  "effect_entries": [
    {
      "effect": "Inflicts regular damage.  If the target has a burn and takes damage from this move, its burn is healed.",
      "language": {
        "name": "en",
        "url": "https://pokeapi.co/api/v2/language/9/"
      },
      "short_effect": "Cures the target of burns."
    }
  ],
  "flavor_text_entries": [
    {
      "flavor_text": "\u3046\u305f\u3046\u3053\u3068\u306b\u3088\u3063\u3066\u3000\u305f\u304f\u3055\u3093\u306e\n\u30d0\u30eb\u30fc\u30f3\u3092\u3000\u307b\u3046\u3057\u3085\u3064\u3059\u308b\u3002\n\u308f\u3056\u3092\u3000\u3046\u3051\u308b\u3068\u3000\u3084\u3051\u3069\u304c\u3000\u306a\u304a\u308b\u3002",
      "language": {
        "name": "ja-Hrkt",
        "url": "https://pokeapi.co/api/v2/language/1/"
      },
      "version_group": {
        "name": "sun-moon",
        "url": "https://pokeapi.co/api/v2/version-group/17/"
      }
    },
    {
      "flavor_text": "\ub178\ub798 \ubd80\ub974\ub294 \uac83\uc73c\ub85c \ub9ce\uc740\n\ubc8c\ub8ec\uc744 \ubc29\ucd9c\ud55c\ub2e4.\n\uae30\uc220\uc5d0 \ub9de\uc73c\uba74 \ud654\uc0c1\uc774 \ub0ab\ub294\ub2e4.",
      "language": {
        "name": "ko",
        "url": "https://pokeapi.co/api/v2/language/3/"
      },
      "version_group": {
        "name": "sun-moon",
        "url": "https://pokeapi.co/api/v2/version-group/17/"
      }
    },
    {
      "flavor_text": "\u96a8\u8457\u6b4c\u8072\u653e\u51fa\u8a31\u591a\u6c34\u7403\u3002\n\u53d7\u6b64\u62db\u5f0f\u653b\u64ca\u6642\uff0c\n\u707c\u50b7\u6703\u88ab\u6cbb\u7652\u3002",
      "language": {
        "name": "zh-Hant",
        "url": "https://pokeapi.co/api/v2/language/4/"
      },
      "version_group": {
        "name": "sun-moon",
        "url": "https://pokeapi.co/api/v2/version-group/17/"
      }
    },
    {
      "flavor_text": "Le lanceur \u00e9met plusieurs bulles en chantant.\nSoigne les br\u00fblures des Pok\u00e9mon touch\u00e9s par\nces bulles.",
      "language": {
        "name": "fr",
        "url": "https://pokeapi.co/api/v2/language/5/"
      },
      "version_group": {
        "name": "sun-moon",
        "url": "https://pokeapi.co/api/v2/version-group/17/"
      }
    },
    {
      "flavor_text": "Durch Gesang erzeugte Blasen werden auf das Ziel\ngeschleudert. Alle Pok\u00e9mon, die dadurch Schaden\nerleiden, werden auch von Verbrennungen geheilt.",
      "language": {
        "name": "de",
        "url": "https://pokeapi.co/api/v2/language/6/"
      },
      "version_group": {
        "name": "sun-moon",
        "url": "https://pokeapi.co/api/v2/version-group/17/"
      }
    },
    {
      "flavor_text": "Libera burbujas al cantar. Este movimiento cura las\nquemaduras de los Pok\u00e9mon que reciban da\u00f1o.",
      "language": {
        "name": "es",
        "url": "https://pokeapi.co/api/v2/language/7/"
      },
      "version_group": {
        "name": "sun-moon",
        "url": "https://pokeapi.co/api/v2/version-group/17/"
      }
    },
    {
      "flavor_text": "Chi la usa si mette a cantare emettendo tanti\npalloncini d\u2019acqua. I Pok\u00e9mon che subiscono danni\nda questa mossa guariscono dalle scottature.",
      "language": {
        "name": "it",
        "url": "https://pokeapi.co/api/v2/language/8/"
      },
      "version_group": {
        "name": "sun-moon",
        "url": "https://pokeapi.co/api/v2/version-group/17/"
      }
    },
    {
      "flavor_text": "The user bursts into song, emitting many bubbles.\nAny Pok\u00e9mon suffering from a burn will be healed\nby the touch of these bubbles.",
      "language": {
        "name": "en",
        "url": "https://pokeapi.co/api/v2/language/9/"
      },
      "version_group": {
        "name": "sun-moon",
        "url": "https://pokeapi.co/api/v2/version-group/17/"
      }
    },
    {
      "flavor_text": "\u6b4c\u3046\u3053\u3068\u306b\u3088\u3063\u3066\u3000\u305f\u304f\u3055\u3093\u306e\n\u30d0\u30eb\u30fc\u30f3\u3092\u3000\u653e\u51fa\u3059\u308b\u3002\n\u6280\u3092\u3000\u53d7\u3051\u308b\u3068\u3000\u3084\u3051\u3069\u304c\u3000\u6cbb\u308b\u3002",
      "language": {
        "name": "ja",
        "url": "https://pokeapi.co/api/v2/language/11/"
      },
      "version_group": {
        "name": "sun-moon",
        "url": "https://pokeapi.co/api/v2/version-group/17/"
      }
    },
    {
      "flavor_text": "\u968f\u7740\u5531\u6b4c\u4f1a\u653e\u51fa\u5f88\u591a\u6c14\u7403\u3002\n\u53d7\u5230\u6b64\u62db\u5f0f\u653b\u51fb\u65f6\uff0c\n\u707c\u4f24\u4f1a\u88ab\u6cbb\u6108\u3002",
      "language": {
        "name": "zh-Hans",
        "url": "https://pokeapi.co/api/v2/language/12/"
      },
      "version_group": {
        "name": "sun-moon",
        "url": "https://pokeapi.co/api/v2/version-group/17/"
      }
    },
    {
      "flavor_text": "\u3046\u305f\u3046\u3053\u3068\u306b\u3088\u3063\u3066\u3000\u305f\u304f\u3055\u3093\u306e\n\u30d0\u30eb\u30fc\u30f3\u3092\u3000\u307b\u3046\u3057\u3085\u3064\u3059\u308b\u3002\n\u308f\u3056\u3092\u3000\u3046\u3051\u308b\u3068\u3000\u3084\u3051\u3069\u304c\u3000\u306a\u304a\u308b\u3002",
      "language": {
        "name": "ja-Hrkt",
        "url": "https://pokeapi.co/api/v2/language/1/"
      },
      "version_group": {
        "name": "ultra-sun-ultra-moon",
        "url": "https://pokeapi.co/api/v2/version-group/18/"
      }
    },
    {
      "flavor_text": "\ub178\ub798 \ubd80\ub974\ub294 \uac83\uc73c\ub85c \ub9ce\uc740\n\ubc8c\ub8ec\uc744 \ubc29\ucd9c\ud55c\ub2e4.\n\uae30\uc220\uc5d0 \ub9de\uc73c\uba74 \ud654\uc0c1\uc774 \ub0ab\ub294\ub2e4.",
      "language": {
        "name": "ko",
        "url": "https://pokeapi.co/api/v2/language/3/"
      },
      "version_group": {
        "name": "ultra-sun-ultra-moon",
        "url": "https://pokeapi.co/api/v2/version-group/18/"
      }
    },
    {
      "flavor_text": "\u96a8\u8457\u6b4c\u8072\u653e\u51fa\u8a31\u591a\u6c34\u7403\u3002\n\u53d7\u6b64\u62db\u5f0f\u653b\u64ca\u6642\uff0c\n\u707c\u50b7\u6703\u88ab\u6cbb\u7652\u3002",
      "language": {
        "name": "zh-Hant",
        "url": "https://pokeapi.co/api/v2/language/4/"
      },
      "version_group": {
        "name": "ultra-sun-ultra-moon",
        "url": "https://pokeapi.co/api/v2/version-group/18/"
      }
    },
    {
      "flavor_text": "Le lanceur \u00e9met plusieurs bulles en chantant.\nSoigne les br\u00fblures des Pok\u00e9mon touch\u00e9s par\nces bulles.",
      "language": {
        "name": "fr",
        "url": "https://pokeapi.co/api/v2/language/5/"
      },
      "version_group": {
        "name": "ultra-sun-ultra-moon",
        "url": "https://pokeapi.co/api/v2/version-group/18/"
      }
    },
    {
      "flavor_text": "Durch Gesang erzeugte Blasen werden auf das Ziel\ngeschleudert. Alle Pok\u00e9mon, die dadurch Schaden\nerleiden, werden auch von Verbrennungen geheilt.",
      "language": {
        "name": "de",
        "url": "https://pokeapi.co/api/v2/language/6/"
      },
      "version_group": {
        "name": "ultra-sun-ultra-moon",
        "url": "https://pokeapi.co/api/v2/version-group/18/"
      }
    },
    {
      "flavor_text": "Libera burbujas al cantar. Este movimiento cura las\nquemaduras de los Pok\u00e9mon que reciban da\u00f1o.",
      "language": {
        "name": "es",
        "url": "https://pokeapi.co/api/v2/language/7/"
      },
      "version_group": {
        "name": "ultra-sun-ultra-moon",
        "url": "https://pokeapi.co/api/v2/version-group/18/"
      }
    },
    {
      "flavor_text": "Chi la usa si mette a cantare emettendo tanti\npalloncini d\u2019acqua. I Pok\u00e9mon che subiscono danni\nda questa mossa guariscono dalle scottature.",
      "language": {
        "name": "it",
        "url": "https://pokeapi.co/api/v2/language/8/"
      },
      "version_group": {
        "name": "ultra-sun-ultra-moon",
        "url": "https://pokeapi.co/api/v2/version-group/18/"
      }
    },
    {
      "flavor_text": "The user bursts into song, emitting many bubbles.\nAny Pok\u00e9mon suffering from a burn will be healed\nby the touch of these bubbles.",
      "language": {
        "name": "en",
        "url": "https://pokeapi.co/api/v2/language/9/"
      },
      "version_group": {
        "name": "ultra-sun-ultra-moon",
        "url": "https://pokeapi.co/api/v2/version-group/18/"
      }
    },
    {
      "flavor_text": "\u6b4c\u3046\u3053\u3068\u306b\u3088\u3063\u3066\u3000\u305f\u304f\u3055\u3093\u306e\n\u30d0\u30eb\u30fc\u30f3\u3092\u3000\u653e\u51fa\u3059\u308b\u3002\n\u6280\u3092\u3000\u53d7\u3051\u308b\u3068\u3000\u3084\u3051\u3069\u304c\u3000\u6cbb\u308b\u3002",
      "language": {
        "name": "ja",
        "url": "https://pokeapi.co/api/v2/language/11/"
      },
      "version_group": {
        "name": "ultra-sun-ultra-moon",
        "url": "https://pokeapi.co/api/v2/version-group/18/"
      }
    },
    {
      "flavor_text": "\u968f\u7740\u5531\u6b4c\u4f1a\u653e\u51fa\u5f88\u591a\u6c14\u7403\u3002\n\u53d7\u5230\u6b64\u62db\u5f0f\u653b\u51fb\u65f6\uff0c\n\u707c\u4f24\u4f1a\u88ab\u6cbb\u6108\u3002",
      "language": {
        "name": "zh-Hans",
        "url": "https://pokeapi.co/api/v2/language/12/"
      },
      "version_group": {
        "name": "ultra-sun-ultra-moon",
        "url": "https://pokeapi.co/api/v2/version-group/18/"
      }
    },
    {
      "flavor_text": "\u3046\u305f\u3046\u3053\u3068\u306b\u3088\u3063\u3066\u3000\u305f\u304f\u3055\u3093\u306e\n\u30d0\u30eb\u30fc\u30f3\u3092\u3000\u307b\u3046\u3057\u3085\u3064\u3059\u308b\u3002\n\u308f\u3056\u3092\u3000\u3046\u3051\u308b\u3068\u3000\u3084\u3051\u3069\u304c\u3000\u306a\u304a\u308b\u3002",
      "language": {
        "name": "ja-Hrkt",
        "url": "https://pokeapi.co/api/v2/language/1/"
      },
      "version_group": {
        "name": "lets-go-pikachu-lets-go-eevee",
        "url": "https://pokeapi.co/api/v2/version-group/19/"
      }
    },
    {
      "flavor_text": "\ub178\ub798 \ubd80\ub974\ub294 \uac83\uc73c\ub85c \ub9ce\uc740\n\ubc8c\ub8ec\uc744 \ubc29\ucd9c\ud55c\ub2e4.\n\uae30\uc220\uc5d0 \ub9de\uc73c\uba74 \ud654\uc0c1\uc774 \ub0ab\ub294\ub2e4.",
      "language": {
        "name": "ko",
        "url": "https://pokeapi.co/api/v2/language/3/"
      },
      "version_group": {
        "name": "lets-go-pikachu-lets-go-eevee",
        "url": "https://pokeapi.co/api/v2/version-group/19/"
      }
    },
    {
      "flavor_text": "\u96a8\u8457\u6b4c\u8072\u653e\u51fa\u8a31\u591a\u6c34\u7403\u3002\n\u53d7\u6b64\u62db\u5f0f\u653b\u64ca\u6642\uff0c\n\u707c\u50b7\u6703\u88ab\u6cbb\u7652\u3002",
      "language": {
        "name": "zh-Hant",
        "url": "https://pokeapi.co/api/v2/language/4/"
      },
      "version_group": {
        "name": "lets-go-pikachu-lets-go-eevee",
        "url": "https://pokeapi.co/api/v2/version-group/19/"
      }
    },
    {
      "flavor_text": "Le lanceur \u00e9met plusieurs bulles en chantant.\nSoigne les br\u00fblures des Pok\u00e9mon touch\u00e9s par ces bulles.",
      "language": {
        "name": "fr",
        "url": "https://pokeapi.co/api/v2/language/5/"
      },
      "version_group": {
        "name": "lets-go-pikachu-lets-go-eevee",
        "url": "https://pokeapi.co/api/v2/version-group/19/"
      }
    },
    {
      "flavor_text": "Durch Gesang erzeugte Blasen werden auf das Ziel\ngeschleudert. Alle Pok\u00e9mon, die dadurch Schaden\nerleiden, werden auch von Verbrennungen geheilt.",
      "language": {
        "name": "de",
        "url": "https://pokeapi.co/api/v2/language/6/"
      },
      "version_group": {
        "name": "lets-go-pikachu-lets-go-eevee",
        "url": "https://pokeapi.co/api/v2/version-group/19/"
      }
    },
    {
      "flavor_text": "Libera burbujas al cantar. Este movimiento cura las\nquemaduras de los Pok\u00e9mon que reciban da\u00f1o.",
      "language": {
        "name": "es",
        "url": "https://pokeapi.co/api/v2/language/7/"
      },
      "version_group": {
        "name": "lets-go-pikachu-lets-go-eevee",
        "url": "https://pokeapi.co/api/v2/version-group/19/"
      }
    },
    {
      "flavor_text": "Chi la usa si mette a cantare emettendo tanti\npalloncini d\u2019acqua. I Pok\u00e9mon che subiscono danni\nda questa mossa guariscono dalle scottature.",
      "language": {
        "name": "it",
        "url": "https://pokeapi.co/api/v2/language/8/"
      },
      "version_group": {
        "name": "lets-go-pikachu-lets-go-eevee",
        "url": "https://pokeapi.co/api/v2/version-group/19/"
      }
    },
    {
      "flavor_text": "The user bursts into song, emitting many bubbles.\nAny Pok\u00e9mon suffering from a burn will be healed\nby the touch of these bubbles.",
      "language": {
        "name": "en",
        "url": "https://pokeapi.co/api/v2/language/9/"
      },
      "version_group": {
        "name": "lets-go-pikachu-lets-go-eevee",
        "url": "https://pokeapi.co/api/v2/version-group/19/"
      }
    },
    {
      "flavor_text": "\u6b4c\u3046\u3053\u3068\u306b\u3088\u3063\u3066\u3000\u305f\u304f\u3055\u3093\u306e\n\u30d0\u30eb\u30fc\u30f3\u3092\u3000\u653e\u51fa\u3059\u308b\u3002\n\u6280\u3092\u3000\u53d7\u3051\u308b\u3068\u3000\u3084\u3051\u3069\u304c\u3000\u6cbb\u308b\u3002",
      "language": {
        "name": "ja",
        "url": "https://pokeapi.co/api/v2/language/11/"
      },
      "version_group": {
        "name": "lets-go-pikachu-lets-go-eevee",
        "url": "https://pokeapi.co/api/v2/version-group/19/"
      }
    },
    {
      "flavor_text": "\u968f\u7740\u5531\u6b4c\u4f1a\u653e\u51fa\u5f88\u591a\u6c14\u7403\u3002\n\u53d7\u5230\u6b64\u62db\u5f0f\u653b\u51fb\u65f6\uff0c\n\u707c\u4f24\u4f1a\u88ab\u6cbb\u6108\u3002",
      "language": {
        "name": "zh-Hans",
        "url": "https://pokeapi.co/api/v2/language/12/"
      },
      "version_group": {
        "name": "lets-go-pikachu-lets-go-eevee",
        "url": "https://pokeapi.co/api/v2/version-group/19/"
      }
    },
    {
      "flavor_text": "\u3046\u305f\u3046\u3053\u3068\u306b\u3088\u3063\u3066\u3000\u305f\u304f\u3055\u3093\u306e\n\u30d0\u30eb\u30fc\u30f3\u3092\u3000\u307b\u3046\u3057\u3085\u3064\u3059\u308b\u3002\n\u308f\u3056\u3092\u3000\u3046\u3051\u308b\u3068\u3000\u3084\u3051\u3069\u304c\u3000\u306a\u304a\u308b\u3002",
      "language": {
        "name": "ja-Hrkt",
        "url": "https://pokeapi.co/api/v2/language/1/"
      },
      "version_group": {
        "name": "sword-shield",
        "url": "https://pokeapi.co/api/v2/version-group/20/"
      }
    },
    {
      "flavor_text": "\ub178\ub798 \ubd80\ub974\ub294 \uac83\uc73c\ub85c \ub9ce\uc740\n\ubc8c\ub8ec\uc744 \ubc29\ucd9c\ud55c\ub2e4.\n\uae30\uc220\uc5d0 \ub9de\uc73c\uba74 \ud654\uc0c1\uc774 \ub0ab\ub294\ub2e4.",
      "language": {
        "name": "ko",
        "url": "https://pokeapi.co/api/v2/language/3/"
      },
      "version_group": {
        "name": "sword-shield",
        "url": "https://pokeapi.co/api/v2/version-group/20/"
      }
    },
    {
      "flavor_text": "\u96a8\u8457\u6b4c\u8072\u653e\u51fa\u8a31\u591a\u6c34\u7403\u3002\n\u53d7\u6b64\u62db\u5f0f\u653b\u64ca\u6642\uff0c\n\u707c\u50b7\u6703\u88ab\u6cbb\u7652\u3002",
      "language": {
        "name": "zh-Hant",
        "url": "https://pokeapi.co/api/v2/language/4/"
      },
      "version_group": {
        "name": "sword-shield",
        "url": "https://pokeapi.co/api/v2/version-group/20/"
      }
    },
    {
      "flavor_text": "Le lanceur \u00e9met plusieurs bulles en chantant.\nSoigne les br\u00fblures des Pok\u00e9mon touch\u00e9s par ces bulles.",
      "language": {
        "name": "fr",
        "url": "https://pokeapi.co/api/v2/language/5/"
      },
      "version_group": {
        "name": "sword-shield",
        "url": "https://pokeapi.co/api/v2/version-group/20/"
      }
    },
    {
      "flavor_text": "Durch Gesang erzeugte Blasen werden auf das Ziel\ngeschleudert. Alle Pok\u00e9mon, die dadurch Schaden\nerleiden, werden auch von Verbrennungen geheilt.",
      "language": {
        "name": "de",
        "url": "https://pokeapi.co/api/v2/language/6/"
      },
      "version_group": {
        "name": "sword-shield",
        "url": "https://pokeapi.co/api/v2/version-group/20/"
      }
    },
    {
      "flavor_text": "Libera burbujas al cantar. Este movimiento cura las\nquemaduras de los Pok\u00e9mon que reciban da\u00f1o.",
      "language": {
        "name": "es",
        "url": "https://pokeapi.co/api/v2/language/7/"
      },
      "version_group": {
        "name": "sword-shield",
        "url": "https://pokeapi.co/api/v2/version-group/20/"
      }
    },
    {
      "flavor_text": "Chi la usa si mette a cantare emettendo tanti\npalloncini d\u2019acqua. I Pok\u00e9mon che subiscono danni\nda questa mossa guariscono dalle scottature.",
      "language": {
        "name": "it",
        "url": "https://pokeapi.co/api/v2/language/8/"
      },
      "version_group": {
        "name": "sword-shield",
        "url": "https://pokeapi.co/api/v2/version-group/20/"
      }
    },
    {
      "flavor_text": "The user bursts into song, emitting many bubbles.\nAny Pok\u00e9mon suffering from a burn will be healed\nby the touch of these bubbles.",
      "language": {
        "name": "en",
        "url": "https://pokeapi.co/api/v2/language/9/"
      },
      "version_group": {
        "name": "sword-shield",
        "url": "https://pokeapi.co/api/v2/version-group/20/"
      }
    },
    {
      "flavor_text": "\u6b4c\u3046\u3053\u3068\u306b\u3088\u3063\u3066\u3000\u305f\u304f\u3055\u3093\u306e\n\u30d0\u30eb\u30fc\u30f3\u3092\u3000\u653e\u51fa\u3059\u308b\u3002\n\u6280\u3092\u3000\u53d7\u3051\u308b\u3068\u3000\u3084\u3051\u3069\u304c\u3000\u6cbb\u308b\u3002",
      "language": {
        "name": "ja",
        "url": "https://pokeapi.co/api/v2/language/11/"
      },
      "version_group": {
        "name": "sword-shield",
        "url": "https://pokeapi.co/api/v2/version-group/20/"
      }
    },
    {
      "flavor_text": "\u968f\u7740\u5531\u6b4c\u4f1a\u653e\u51fa\u5f88\u591a\u6c14\u7403\u3002\n\u53d7\u5230\u6b64\u62db\u5f0f\u653b\u51fb\u65f6\uff0c\n\u707c\u4f24\u4f1a\u88ab\u6cbb\u6108\u3002",
      "language": {
        "name": "zh-Hans",
        "url": "https://pokeapi.co/api/v2/language/12/"
      },
      "version_group": {
        "name": "sword-shield",
        "url": "https://pokeapi.co/api/v2/version-group/20/"
      }
    },
    {
      "flavor_text": "The user bursts into song, emitting many bubbles. Any Pok\u00e9mon suffering from a burn will be healed by the touch of these bubbles.",
      "language": {
        "name": "en",
        "url": "https://pokeapi.co/api/v2/language/9/"
      },
      "version_group": {
        "name": "legends-arceus",
        "url": "https://pokeapi.co/api/v2/version-group/24/"
      }
    },
    {
      "flavor_text": "The user bursts into song, emitting many bubbles. Any Pok\u00e9mon suffering from a burn will be cured by the touch of these bubbles.",
      "language": {
        "name": "en",
        "url": "https://pokeapi.co/api/v2/language/9/"
      },
      "version_group": {
        "name": "scarlet-violet",
        "url": "https://pokeapi.co/api/v2/version-group/25/"
      }
    }
  ],
  "generation": {
    "name": "generation-vii",
    "url": "https://pokeapi.co/api/v2/generation/7/"
  },
  "id": 664,
  "learned_by_pokemon": [
    {
      "name": "lapras",
      "url": "https://pokeapi.co/api/v2/pokemon/131/"
    },
    {
      "name": "primarina",
      "url": "https://pokeapi.co/api/v2/pokemon/730/"
    }
  ],
  "machines": [],
  "meta": {
    "ailment": {
      "name": "none",
      "url": "https://pokeapi.co/api/v2/move-ailment/0/"
    },
    "ailment_chance": 0,
    "category": {
      "name": "damage",
      "url": "https://pokeapi.co/api/v2/move-category/0/"
    },
    "crit_rate": 0,
    "drain": 0,
    "flinch_chance": 0,
    "healing": 0,
    "max_hits": null,
    "max_turns": null,
    "min_hits": null,
    "min_turns": null,
    "stat_chance": 0
  },
  "name": "sparkling-aria",
  "names": [
    {
      "language": {
        "name": "ja-Hrkt",
        "url": "https://pokeapi.co/api/v2/language/1/"
      },
      "name": "\u3046\u305f\u304b\u305f\u306e\u30a2\u30ea\u30a2"
    },
    {
      "language": {
        "name": "ko",
        "url": "https://pokeapi.co/api/v2/language/3/"
      },
      "name": "\ubb3c\uac70\ud488\uc544\ub9ac\uc544"
    },
    {
      "language": {
        "name": "zh-Hant",
        "url": "https://pokeapi.co/api/v2/language/4/"
      },
      "name": "\u6ce1\u5f71\u7684\u8a60\u6b4e\u8abf"
    },
    {
      "language": {
        "name": "fr",
        "url": "https://pokeapi.co/api/v2/language/5/"
      },
      "name": "Aria de l\u2019\u00c9cume"
    },
    {
      "language": {
        "name": "de",
        "url": "https://pokeapi.co/api/v2/language/6/"
      },
      "name": "Schaumserenade"
    },
    {
      "language": {
        "name": "es",
        "url": "https://pokeapi.co/api/v2/language/7/"
      },
      "name": "Aria Burbuja"
    },
    {
      "language": {
        "name": "it",
        "url": "https://pokeapi.co/api/v2/language/8/"
      },
      "name": "Canto Effimero"
    },
    {
      "language": {
        "name": "en",
        "url": "https://pokeapi.co/api/v2/language/9/"
      },
      "name": "Sparkling Aria"
    },
    {
      "language": {
        "name": "ja",
        "url": "https://pokeapi.co/api/v2/language/11/"
      },
      "name": "\u3046\u305f\u304b\u305f\u306e\u30a2\u30ea\u30a2"
    },
    {
      "language": {
        "name": "zh-Hans",
        "url": "https://pokeapi.co/api/v2/language/12/"
      },
      "name": "\u6ce1\u5f71\u7684\u548f\u53f9\u8c03"
    }
  ],
  "past_values": [],
  "power": 90,
  "pp": 10,
  "priority": 0,
  "stat_changes": [],
  "super_contest_effect": null,
  "target": {
    "name": "all-other-pokemon",
    "url": "https://pokeapi.co/api/v2/move-target/9/"
  },
  "type": {
    "name": "water",
    "url": "https://pokeapi.co/api/v2/type/11/"
  }
}