{
  "accuracy": 85,
  "contest_combos": {
    "normal": {
      "use_after": [
        {
          "name": "sunny-day",
          "url": "https://pokeapi.co/api/v2/move/241/"
        }
      ],
      "use_before": null
    },
    "super": {
      "use_after": null,
      "use_before": null
    }
  },
  "contest_effect": {
    "url": "https://pokeapi.co/api/v2/contest-effect/24/"
  },
  "contest_type": {
    "name": "beauty",
    "url": "https://pokeapi.co/api/v2/contest-type/2/"
  },
  "damage_class": {
    "name": "special",
    "url": "https://pokeapi.co/api/v2/move-damage-class/3/"
  },
  "effect_chance": 100,
  "effect_changes": [],
  "effect_entries": [
    {
      "effect": "Inflicts regular damage.  For the next 2\u20135 turns, the target cannot leave the field and is damaged for 1/16 its max HP at the end of each turn.  The user continues to use other moves during this time.  If the user leaves the field, this effect ends.\n\nHas a 3/8 chance each to hit 2 or 3 times, and a 1/8 chance each to hit 4 or 5 times.  Averages to 3 hits per use.\n\nrapid spin cancels this effect.",
      "language": {
        "name": "en",
        "url": "https://pokeapi.co/api/v2/language/9/"
      },
      "short_effect": "Prevents the target from fleeing and inflicts damage for 2-5 turns."
    }
  ],
  "flavor_text_entries": [
    {
      "flavor_text": "Traps foe in fire\nfor 2-5 turns.",
      "language": {
        "name": "en",
        "url": "https://pokeapi.co/api/v2/language/9/"
      },
      "version_group": {
        "name": "gold-silver",
        "url": "https://pokeapi.co/api/v2/version-group/3/"
      }
    },
    {
      "flavor_text": "Traps foe in fire\nfor 2-5 turns.",
      "language": {
        "name": "en",
        "url": "https://pokeapi.co/api/v2/language/9/"
      },
      "version_group": {
        "name": "crystal",
        "url": "https://pokeapi.co/api/v2/version-group/4/"
      }
    },
    {
      "flavor_text": "Traps the foe in a ring of\nfire for 2 to 5 turns.",
      "language": {
        "name": "en",
        "url": "https://pokeapi.co/api/v2/language/9/"
      },
      "version_group": {
        "name": "ruby-sapphire",
        "url": "https://pokeapi.co/api/v2/version-group/5/"
      }
    },
    {
      "flavor_text": "Traps the foe in a ring of\nfire for 2 to 5 turns.",
      "language": {
        "name": "en",
        "url": "https://pokeapi.co/api/v2/language/9/"
      },
      "version_group": {
        "name": "emerald",
        "url": "https://pokeapi.co/api/v2/version-group/6/"
      }
    },
    {
      "flavor_text": "The foe is trapped\nin an intense spiral\nof fire that rages\ntwo to five turns.",
      "language": {
        "name": "en",
        "url": "https://pokeapi.co/api/v2/language/9/"
      },
      "version_group": {
        "name": "firered-leafgreen",
        "url": "https://pokeapi.co/api/v2/version-group/7/"
      }
    },
    {
      "flavor_text": "The foe becomes\ntrapped within a\nfierce vortex of fire\nthat rages for two\nto five turns.",
      "language": {
        "name": "en",
        "url": "https://pokeapi.co/api/v2/language/9/"
      },
      "version_group": {
        "name": "diamond-pearl",
        "url": "https://pokeapi.co/api/v2/version-group/8/"
      }
    },
    {
      "flavor_text": "The foe becomes\ntrapped within a\nfierce vortex of fire\nthat rages for two\nto five turns.",
      "language": {
        "name": "en",
        "url": "https://pokeapi.co/api/v2/language/9/"
      },
      "version_group": {
        "name": "platinum",
        "url": "https://pokeapi.co/api/v2/version-group/9/"
      }
    },
    {
      "flavor_text": "The foe becomes\ntrapped within a\nfierce vortex of fire\nthat rages for two\nto five turns.",
      "language": {
        "name": "en",
        "url": "https://pokeapi.co/api/v2/language/9/"
      },
      "version_group": {
        "name": "heartgold-soulsilver",
        "url": "https://pokeapi.co/api/v2/version-group/10/"
      }
    },
    {
      "flavor_text": "Un tourbillon de flammes emprisonne\nl\u2019ennemi pendant 4 \u00e0 5 tours.",
      "language": {
        "name": "fr",
        "url": "https://pokeapi.co/api/v2/language/5/"
      },
      "version_group": {
        "name": "black-white",
        "url": "https://pokeapi.co/api/v2/version-group/11/"
      }
    },
    {
      "flavor_text": "The target becomes trapped within a\nfierce vortex of fire that rages for four\nto five turns.",
      "language": {
        "name": "en",
        "url": "https://pokeapi.co/api/v2/language/9/"
      },
      "version_group": {
        "name": "black-white",
        "url": "https://pokeapi.co/api/v2/version-group/11/"
      }
    },
    {
      "flavor_text": "The target becomes trapped within a\nfierce vortex of fire that rages for four\nto five turns.",
      "language": {
        "name": "en",
        "url": "https://pokeapi.co/api/v2/language/9/"
      },
      "version_group": {
        "name": "black-2-white-2",
        "url": "https://pokeapi.co/api/v2/version-group/14/"
      }
    },
    {
      "flavor_text": "\u306f\u3052\u3057\u304f\u3000\u3046\u305a\u3092\u307e\u304f\u3000\u307b\u306e\u304a\u306e\u3000\u306a\u304b\u306b\n\uff14\u30fc\uff15\u30bf\u30fc\u30f3\u306e\u3000\u3042\u3044\u3060\n\u3042\u3044\u3066\u3092\u3000\u3068\u3058\u3053\u3081\u3066\u3000\u3053\u3046\u3052\u304d\u3059\u308b\u3002",
      "language": {
        "name": "ja-Hrkt",
        "url": "https://pokeapi.co/api/v2/language/1/"
      },
      "version_group": {
        "name": "x-y",
        "url": "https://pokeapi.co/api/v2/version-group/15/"
      }
    },
    {
      "flavor_text": "\uc138\ucc28\uac8c \uc18c\uc6a9\ub3cc\uc774\uce58\ub294 \ubd88\uaf43 \uc18d\uc5d0\n4-5\ud134 \ub3d9\uc548\n\uc0c1\ub300\ub97c \uac00\ub450\uc5b4 \uacf5\uaca9\ud55c\ub2e4.",
      "language": {
        "name": "ko",
        "url": "https://pokeapi.co/api/v2/language/3/"
      },
      "version_group": {
        "name": "x-y",
        "url": "https://pokeapi.co/api/v2/version-group/15/"
      }
    },
    {
      "flavor_text": "Un tourbillon de flammes emprisonne l\u2019ennemi\npendant quatre \u00e0 cinq tours.",
      "language": {
        "name": "fr",
        "url": "https://pokeapi.co/api/v2/language/5/"
      },
      "version_group": {
        "name": "x-y",
        "url": "https://pokeapi.co/api/v2/version-group/15/"
      }
    },
    {
      "flavor_text": "Das Ziel wird f\u00fcr vier bis f\u00fcnf Runden\nin einem Feuerkreis gefangen.",
      "language": {
        "name": "de",
        "url": "https://pokeapi.co/api/v2/language/6/"
      },
      "version_group": {
        "name": "x-y",
        "url": "https://pokeapi.co/api/v2/version-group/15/"
      }
    },
    {
      "flavor_text": "Un aro de fuego que atrapa al objetivo de cuatro\na cinco turnos.",
      "language": {
        "name": "es",
        "url": "https://pokeapi.co/api/v2/language/7/"
      },
      "version_group": {
        "name": "x-y",
        "url": "https://pokeapi.co/api/v2/version-group/15/"
      }
    },
    {
      "flavor_text": "Intrappola il bersaglio in un turbine di fuoco\nche dura per quattro o cinque turni.",
      "language": {
        "name": "it",
        "url": "https://pokeapi.co/api/v2/language/8/"
      },
      "version_group": {
        "name": "x-y",
        "url": "https://pokeapi.co/api/v2/version-group/15/"
      }
    },
    {
      "flavor_text": "The target becomes trapped within a\nfierce vortex of fire that rages for four\nto five turns.",
      "language": {
        "name": "en",
        "url": "https://pokeapi.co/api/v2/language/9/"
      },
      "version_group": {
        "name": "x-y",
        "url": "https://pokeapi.co/api/v2/version-group/15/"
      }
    },
    {
      "flavor_text": "\u6fc0\u3057\u304f\u3000\u6e26\u3092\u307e\u304f\u3000\u708e\u306e\u4e2d\u306b\n\uff14\u30fc\uff15\u30bf\u30fc\u30f3\u306e\u3000\u3042\u3044\u3060\n\u76f8\u624b\u3092\u3000\u9589\u3058\u3053\u3081\u3066\u3000\u653b\u6483\u3059\u308b\u3002",
      "language": {
        "name": "ja",
        "url": "https://pokeapi.co/api/v2/language/11/"
      },
      "version_group": {
        "name": "x-y",
        "url": "https://pokeapi.co/api/v2/version-group/15/"
      }
    },
    {
      "flavor_text": "\u306f\u3052\u3057\u304f\u3000\u3046\u305a\u3092\u307e\u304f\u3000\u307b\u306e\u304a\u306e\u3000\u306a\u304b\u306b\n\uff14\u30fc\uff15\u30bf\u30fc\u30f3\u306e\u3000\u3042\u3044\u3060\n\u3042\u3044\u3066\u3092\u3000\u3068\u3058\u3053\u3081\u3066\u3000\u3053\u3046\u3052\u304d\u3059\u308b\u3002",
      "language": {
        "name": "ja-Hrkt",
        "url": "https://pokeapi.co/api/v2/language/1/"
      },
      "version_group": {
        "name": "omega-ruby-alpha-sapphire",
        "url": "https://pokeapi.co/api/v2/version-group/16/"
      }
    },
    {
      "flavor_text": "\uc138\ucc28\uac8c \uc18c\uc6a9\ub3cc\uc774\uce58\ub294 \ubd88\uaf43 \uc18d\uc5d0\n4-5\ud134 \ub3d9\uc548\n\uc0c1\ub300\ub97c \uac00\ub450\uc5b4 \uacf5\uaca9\ud55c\ub2e4.",
      "language": {
        "name": "ko",
        "url": "https://pokeapi.co/api/v2/language/3/"
      },
      "version_group": {
        "name": "omega-ruby-alpha-sapphire",
        "url": "https://pokeapi.co/api/v2/version-group/16/"
      }
    },
    {
      "flavor_text": "Un tourbillon de flammes emprisonne l\u2019ennemi\npendant quatre \u00e0 cinq tours.",
      "language": {
        "name": "fr",
        "url": "https://pokeapi.co/api/v2/language/5/"
      },
      "version_group": {
        "name": "omega-ruby-alpha-sapphire",
        "url": "https://pokeapi.co/api/v2/version-group/16/"
      }
    },
    {
      "flavor_text": "Das Ziel wird f\u00fcr vier bis f\u00fcnf Runden\nin einem Feuerkreis gefangen.",
      "language": {
        "name": "de",
        "url": "https://pokeapi.co/api/v2/language/6/"
      },
      "version_group": {
        "name": "omega-ruby-alpha-sapphire",
        "url": "https://pokeapi.co/api/v2/version-group/16/"
      }
    },
    {
      "flavor_text": "Un aro de fuego que atrapa al objetivo de cuatro a \ncinco turnos.",
      "language": {
        "name": "es",
        "url": "https://pokeapi.co/api/v2/language/7/"
      },
      "version_group": {
        "name": "omega-ruby-alpha-sapphire",
        "url": "https://pokeapi.co/api/v2/version-group/16/"
      }
    },
    {
      "flavor_text": "Intrappola il bersaglio in un turbine di fuoco\nche dura per quattro o cinque turni.",
      "language": {
        "name": "it",
        "url": "https://pokeapi.co/api/v2/language/8/"
      },
      "version_group": {
        "name": "omega-ruby-alpha-sapphire",
        "url": "https://pokeapi.co/api/v2/version-group/16/"
      }
    },
    {
      "flavor_text": "The target becomes trapped within a\nfierce vortex of fire that rages for four\nto five turns.",
      "language": {
        "name": "en",
        "url": "https://pokeapi.co/api/v2/language/9/"
      },
      "version_group": {
        "name": "omega-ruby-alpha-sapphire",
        "url": "https://pokeapi.co/api/v2/version-group/16/"
      }
    },
    {
      "flavor_text": "\u6fc0\u3057\u304f\u3000\u6e26\u3092\u307e\u304f\u3000\u708e\u306e\u4e2d\u306b\n\uff14\u30fc\uff15\u30bf\u30fc\u30f3\u306e\u3000\u3042\u3044\u3060\n\u76f8\u624b\u3092\u3000\u9589\u3058\u3053\u3081\u3066\u3000\u653b\u6483\u3059\u308b\u3002",
      "language": {
        "name": "ja",
        "url": "https://pokeapi.co/api/v2/language/11/"
      },
      "version_group": {
        "name": "omega-ruby-alpha-sapphire",
        "url": "https://pokeapi.co/api/v2/version-group/16/"
      }
    },
    {
      "flavor_text": "\u306f\u3052\u3057\u304f\u3000\u3046\u305a\u3092\u307e\u304f\u3000\u307b\u306e\u304a\u306e\u3000\u306a\u304b\u306b\n\uff14\u30fc\uff15\u30bf\u30fc\u30f3\u306e\u3000\u3042\u3044\u3060\n\u3042\u3044\u3066\u3092\u3000\u3068\u3058\u3053\u3081\u3066\u3000\u3053\u3046\u3052\u304d\u3059\u308b\u3002",
      "language": {
        "name": "ja-Hrkt",
        "url": "https://pokeapi.co/api/v2/language/1/"
      },
      "version_group": {
        "name": "sun-moon",
        "url": "https://pokeapi.co/api/v2/version-group/17/"
      }
    },
    {
      "flavor_text": "\uc138\ucc28\uac8c \uc18c\uc6a9\ub3cc\uc774\uce58\ub294 \ubd88\uaf43 \uc18d\uc5d0\n4-5\ud134 \ub3d9\uc548\n\uc0c1\ub300\ub97c \uac00\ub450\uc5b4 \uacf5\uaca9\ud55c\ub2e4.",
      "language": {
        "name": "ko",
        "url": "https://pokeapi.co/api/v2/language/3/"
      },
      "version_group": {
        "name": "sun-moon",
        "url": "https://pokeapi.co/api/v2/version-group/17/"
      }
    },
    {
      "flavor_text": "\u5c07\u5c0d\u624b\u56f0\u5728\n\u718a\u718a\u71c3\u71d2\u7684\u706b\u7130\u65cb\u6e26\u4e2d\uff0c\n\u5728\uff14\uff5e\uff15\u56de\u5408\u5167\u9032\u884c\u653b\u64ca\u3002",
      "language": {
        "name": "zh-Hant",
        "url": "https://pokeapi.co/api/v2/language/4/"
      },
      "version_group": {
        "name": "sun-moon",
        "url": "https://pokeapi.co/api/v2/version-group/17/"
      }
    },
    {
      "flavor_text": "Un tourbillon de flammes emprisonne l\u2019ennemi\npendant quatre \u00e0 cinq tours.",
      "language": {
        "name": "fr",
        "url": "https://pokeapi.co/api/v2/language/5/"
      },
      "version_group": {
        "name": "sun-moon",
        "url": "https://pokeapi.co/api/v2/version-group/17/"
      }
    },
    {
      "flavor_text": "Das Ziel wird f\u00fcr vier bis f\u00fcnf Runden in einem\nFeuerkreis gefangen.",
      "language": {
        "name": "de",
        "url": "https://pokeapi.co/api/v2/language/6/"
      },
      "version_group": {
        "name": "sun-moon",
        "url": "https://pokeapi.co/api/v2/version-group/17/"
      }
    },
    {
      "flavor_text": "Un aro de fuego que atrapa al objetivo de cuatro a \ncinco turnos.",
      "language": {
        "name": "es",
        "url": "https://pokeapi.co/api/v2/language/7/"
      },
      "version_group": {
        "name": "sun-moon",
        "url": "https://pokeapi.co/api/v2/version-group/17/"
      }
    },
    {
      "flavor_text": "Intrappola il bersaglio in un turbine di fuoco\nche dura per quattro o cinque turni.",
      "language": {
        "name": "it",
        "url": "https://pokeapi.co/api/v2/language/8/"
      },
      "version_group": {
        "name": "sun-moon",
        "url": "https://pokeapi.co/api/v2/version-group/17/"
      }
    },
    {
      "flavor_text": "The target becomes trapped within a fierce vortex\nof fire that rages for four to five turns.",
      "language": {
        "name": "en",
        "url": "https://pokeapi.co/api/v2/language/9/"
      },
      "version_group": {
        "name": "sun-moon",
        "url": "https://pokeapi.co/api/v2/version-group/17/"
      }
    },
    {
      "flavor_text": "\u6fc0\u3057\u304f\u3000\u6e26\u3092\u307e\u304f\u3000\u708e\u306e\u4e2d\u306b\n\uff14\u30fc\uff15\u30bf\u30fc\u30f3\u306e\u3000\u9593\n\u76f8\u624b\u3092\u3000\u9589\u3058\u3053\u3081\u3066\u3000\u653b\u6483\u3059\u308b\u3002",
      "language": {
        "name": "ja",
        "url": "https://pokeapi.co/api/v2/language/11/"
      },
      "version_group": {
        "name": "sun-moon",
        "url": "https://pokeapi.co/api/v2/version-group/17/"
      }
    },
    {
      "flavor_text": "\u5c06\u5bf9\u624b\u56f0\u5728\n\u6fc0\u70c8\u7684\u706b\u7130\u65cb\u6da1\u4e2d\uff0c\n\u5728\uff14\uff5e\uff15\u56de\u5408\u5185\u8fdb\u884c\u653b\u51fb\u3002",
      "language": {
        "name": "zh-Hans",
        "url": "https://pokeapi.co/api/v2/language/12/"
      },
      "version_group": {
        "name": "sun-moon",
        "url": "https://pokeapi.co/api/v2/version-group/17/"
      }
    },
    {
      "flavor_text": "\u306f\u3052\u3057\u304f\u3000\u3046\u305a\u3092\u307e\u304f\u3000\u307b\u306e\u304a\u306e\u3000\u306a\u304b\u306b\n\uff14\u30fc\uff15\u30bf\u30fc\u30f3\u306e\u3000\u3042\u3044\u3060\n\u3042\u3044\u3066\u3092\u3000\u3068\u3058\u3053\u3081\u3066\u3000\u3053\u3046\u3052\u304d\u3059\u308b\u3002",
      "language": {
        "name": "ja-Hrkt",
        "url": "https://pokeapi.co/api/v2/language/1/"
      },
      "version_group": {
        "name": "ultra-sun-ultra-moon",
        "url": "https://pokeapi.co/api/v2/version-group/18/"
      }
    },
    {
      "flavor_text": "\uc138\ucc28\uac8c \uc18c\uc6a9\ub3cc\uc774\uce58\ub294 \ubd88\uaf43 \uc18d\uc5d0\n4-5\ud134 \ub3d9\uc548\n\uc0c1\ub300\ub97c \uac00\ub450\uc5b4 \uacf5\uaca9\ud55c\ub2e4.",
      "language": {
        "name": "ko",
        "url": "https://pokeapi.co/api/v2/language/3/"
      },
      "version_group": {
        "name": "ultra-sun-ultra-moon",
        "url": "https://pokeapi.co/api/v2/version-group/18/"
      }
    },
    {
      "flavor_text": "\u5c07\u5c0d\u624b\u56f0\u5728\n\u718a\u718a\u71c3\u71d2\u7684\u706b\u7130\u65cb\u6e26\u4e2d\uff0c\n\u5728\uff14\uff5e\uff15\u56de\u5408\u5167\u9032\u884c\u653b\u64ca\u3002",
      "language": {
        "name": "zh-Hant",
        "url": "https://pokeapi.co/api/v2/language/4/"
      },
      "version_group": {
        "name": "ultra-sun-ultra-moon",
        "url": "https://pokeapi.co/api/v2/version-group/18/"
      }
    },
    {
      "flavor_text": "Un tourbillon de flammes emprisonne l\u2019ennemi\npendant quatre \u00e0 cinq tours.",
      "language": {
        "name": "fr",
        "url": "https://pokeapi.co/api/v2/language/5/"
      },
      "version_group": {
        "name": "ultra-sun-ultra-moon",
        "url": "https://pokeapi.co/api/v2/version-group/18/"
      }
    },
    {
      "flavor_text": "Das Ziel wird f\u00fcr vier bis f\u00fcnf Runden in einem\nFeuerkreis gefangen.",
      "language": {
        "name": "de",
        "url": "https://pokeapi.co/api/v2/language/6/"
      },
      "version_group": {
        "name": "ultra-sun-ultra-moon",
        "url": "https://pokeapi.co/api/v2/version-group/18/"
      }
    },
    {
      "flavor_text": "Un aro de fuego que atrapa al objetivo de cuatro a \ncinco turnos.",
      "language": {
        "name": "es",
        "url": "https://pokeapi.co/api/v2/language/7/"
      },
      "version_group": {
        "name": "ultra-sun-ultra-moon",
        "url": "https://pokeapi.co/api/v2/version-group/18/"
      }
    },
    {
      "flavor_text": "Intrappola il bersaglio in un turbine di fuoco\nche dura per quattro o cinque turni.",
      "language": {
        "name": "it",
        "url": "https://pokeapi.co/api/v2/language/8/"
      },
      "version_group": {
        "name": "ultra-sun-ultra-moon",
        "url": "https://pokeapi.co/api/v2/version-group/18/"
      }
    },
    {
      "flavor_text": "The target becomes trapped within a fierce vortex\nof fire that rages for four to five turns.",
      "language": {
        "name": "en",
        "url": "https://pokeapi.co/api/v2/language/9/"
      },
      "version_group": {
        "name": "ultra-sun-ultra-moon",
        "url": "https://pokeapi.co/api/v2/version-group/18/"
      }
    },
    {
      "flavor_text": "\u6fc0\u3057\u304f\u3000\u6e26\u3092\u307e\u304f\u3000\u708e\u306e\u4e2d\u306b\n\uff14\u30fc\uff15\u30bf\u30fc\u30f3\u306e\u3000\u9593\n\u76f8\u624b\u3092\u3000\u9589\u3058\u3053\u3081\u3066\u3000\u653b\u6483\u3059\u308b\u3002",
      "language": {
        "name": "ja",
        "url": "https://pokeapi.co/api/v2/language/11/"
      },
      "version_group": {
        "name": "ultra-sun-ultra-moon",
        "url": "https://pokeapi.co/api/v2/version-group/18/"
      }
    },
    {
      "flavor_text": "\u5c06\u5bf9\u624b\u56f0\u5728\n\u6fc0\u70c8\u7684\u706b\u7130\u65cb\u6da1\u4e2d\uff0c\n\u5728\uff14\uff5e\uff15\u56de\u5408\u5185\u8fdb\u884c\u653b\u51fb\u3002",
      "language": {
        "name": "zh-Hans",
        "url": "https://pokeapi.co/api/v2/language/12/"
      },
      "version_group": {
        "name": "ultra-sun-ultra-moon",
        "url": "https://pokeapi.co/api/v2/version-group/18/"
      }
    },
    {
      "flavor_text": "\u306f\u3052\u3057\u304f\u3000\u3046\u305a\u3092\u307e\u304f\u3000\u307b\u306e\u304a\u306e\u3000\u306a\u304b\u306b\n\uff14\u30fc\uff15\u30bf\u30fc\u30f3\u306e\u3000\u3042\u3044\u3060\n\u3042\u3044\u3066\u3092\u3000\u3068\u3058\u3053\u3081\u3066\u3000\u3053\u3046\u3052\u304d\u3059\u308b\u3002",
      "language": {
        "name": "ja-Hrkt",
        "url": "https://pokeapi.co/api/v2/language/1/"
      },
      "version_group": {
        "name": "lets-go-pikachu-lets-go-eevee",
        "url": "https://pokeapi.co/api/v2/version-group/19/"
      }
    },
    {
      "flavor_text": "\uc138\ucc28\uac8c \uc18c\uc6a9\ub3cc\uc774\uce58\ub294 \ubd88\uaf43 \uc18d\uc5d0\n4-5\ud134 \ub3d9\uc548\n\uc0c1\ub300\ub97c \uac00\ub450\uc5b4 \uacf5\uaca9\ud55c\ub2e4.",
      "language": {
        "name": "ko",
        "url": "https://pokeapi.co/api/v2/language/3/"
      },
      "version_group": {
        "name": "lets-go-pikachu-lets-go-eevee",
        "url": "https://pokeapi.co/api/v2/version-group/19/"
      }
    },
    {
      "flavor_text": "\u5c07\u5c0d\u624b\u56f0\u5728\n\u718a\u718a\u71c3\u71d2\u7684\u706b\u7130\u65cb\u6e26\u4e2d\uff0c\n\u5728\uff14\uff5e\uff15\u56de\u5408\u5167\u9032\u884c\u653b\u64ca\u3002",
      "language": {
        "name": "zh-Hant",
        "url": "https://pokeapi.co/api/v2/language/4/"
      },
      "version_group": {
        "name": "lets-go-pikachu-lets-go-eevee",
        "url": "https://pokeapi.co/api/v2/version-group/19/"
      }
    },
    {
      "flavor_text": "Un tourbillon de flammes emprisonne l\u2019ennemi\npendant quatre \u00e0 cinq tours.",
      "language": {
        "name": "fr",
        "url": "https://pokeapi.co/api/v2/language/5/"
      },
      "version_group": {
        "name": "lets-go-pikachu-lets-go-eevee",
        "url": "https://pokeapi.co/api/v2/version-group/19/"
      }
    },
    {
      "flavor_text": "Das Ziel wird f\u00fcr vier bis f\u00fcnf Runden in einem\nFeuerkreis gefangen.",
      "language": {
        "name": "de",
        "url": "https://pokeapi.co/api/v2/language/6/"
      },
      "version_group": {
        "name": "lets-go-pikachu-lets-go-eevee",
        "url": "https://pokeapi.co/api/v2/version-group/19/"
      }
    },
    {
      "flavor_text": "Un aro de fuego que atrapa al objetivo de cuatro a \ncinco turnos.",
      "language": {
        "name": "es",
        "url": "https://pokeapi.co/api/v2/language/7/"
      },
      "version_group": {
        "name": "lets-go-pikachu-lets-go-eevee",
        "url": "https://pokeapi.co/api/v2/version-group/19/"
      }
    },
    {
      "flavor_text": "Intrappola il bersaglio in un turbine di fuoco\nche dura per quattro o cinque turni.",
      "language": {
        "name": "it",
        "url": "https://pokeapi.co/api/v2/language/8/"
      },
      "version_group": {
        "name": "lets-go-pikachu-lets-go-eevee",
        "url": "https://pokeapi.co/api/v2/version-group/19/"
      }
    },
    {
      "flavor_text": "The target becomes trapped within a fierce vortex\nof fire that rages for four to five turns.",
      "language": {
        "name": "en",
        "url": "https://pokeapi.co/api/v2/language/9/"
      },
      "version_group": {
        "name": "lets-go-pikachu-lets-go-eevee",
        "url": "https://pokeapi.co/api/v2/version-group/19/"
      }
    },
    {
      "flavor_text": "\u6fc0\u3057\u304f\u3000\u6e26\u3092\u307e\u304f\u3000\u708e\u306e\u4e2d\u306b\n\uff14\u30fc\uff15\u30bf\u30fc\u30f3\u306e\u3000\u9593\n\u76f8\u624b\u3092\u3000\u9589\u3058\u3053\u3081\u3066\u3000\u653b\u6483\u3059\u308b\u3002",
      "language": {
        "name": "ja",
        "url": "https://pokeapi.co/api/v2/language/11/"
      },
      "version_group": {
        "name": "lets-go-pikachu-lets-go-eevee",
        "url": "https://pokeapi.co/api/v2/version-group/19/"
      }
    },
    {
      "flavor_text": "\u5c06\u5bf9\u624b\u56f0\u5728\n\u6fc0\u70c8\u7684\u706b\u7130\u65cb\u6da1\u4e2d\uff0c\n\u5728\uff14\uff5e\uff15\u56de\u5408\u5185\u8fdb\u884c\u653b\u51fb\u3002",
      "language": {
        "name": "zh-Hans",
        "url": "https://pokeapi.co/api/v2/language/12/"
      },
      "version_group": {
        "name": "lets-go-pikachu-lets-go-eevee",
        "url": "https://pokeapi.co/api/v2/version-group/19/"
      }
    },
    {
      "flavor_text": "\u306f\u3052\u3057\u304f\u3000\u3046\u305a\u3092\u307e\u304f\u3000\u307b\u306e\u304a\u306e\u3000\u306a\u304b\u306b\n\uff14\u30fc\uff15\u30bf\u30fc\u30f3\u306e\u3000\u3042\u3044\u3060\n\u3042\u3044\u3066\u3092\u3000\u3068\u3058\u3053\u3081\u3066\u3000\u3053\u3046\u3052\u304d\u3059\u308b\u3002",
      "language": {
        "name": "ja-Hrkt",
        "url": "https://pokeapi.co/api/v2/language/1/"
      },
      "version_group": {
        "name": "sword-shield",
        "url": "https://pokeapi.co/api/v2/version-group/20/"
      }
    },
    {
      "flavor_text": "\uc138\ucc28\uac8c \uc18c\uc6a9\ub3cc\uc774\uce58\ub294 \ubd88\uaf43 \uc18d\uc5d0\n4-5\ud134 \ub3d9\uc548\n\uc0c1\ub300\ub97c \uac00\ub450\uc5b4 \uacf5\uaca9\ud55c\ub2e4.",
      "language": {
        "name": "ko",
        "url": "https://pokeapi.co/api/v2/language/3/"
      },
      "version_group": {
        "name": "sword-shield",
        "url": "https://pokeapi.co/api/v2/version-group/20/"
      }
    },
    {
      "flavor_text": "\u5c07\u5c0d\u624b\u56f0\u5728\n\u718a\u718a\u71c3\u71d2\u7684\u706b\u7130\u65cb\u6e26\u4e2d\uff0c\n\u5728\uff14\uff5e\uff15\u56de\u5408\u5167\u9032\u884c\u653b\u64ca\u3002",
      "language": {
        "name": "zh-Hant",
        "url": "https://pokeapi.co/api/v2/language/4/"
      },
      "version_group": {
        "name": "sword-shield",
        "url": "https://pokeapi.co/api/v2/version-group/20/"
      }
    },
    {
      "flavor_text": "Un tourbillon de flammes emprisonne l\u2019ennemi\npendant quatre \u00e0 cinq tours.",
      "language": {
        "name": "fr",
        "url": "https://pokeapi.co/api/v2/language/5/"
      },
      "version_group": {
        "name": "sword-shield",
        "url": "https://pokeapi.co/api/v2/version-group/20/"
      }
    },
    {
      "flavor_text": "Das Ziel wird f\u00fcr vier bis f\u00fcnf Runden in einem\nFeuerkreis gefangen.",
      "language": {
        "name": "de",
        "url": "https://pokeapi.co/api/v2/language/6/"
      },
      "version_group": {
        "name": "sword-shield",
        "url": "https://pokeapi.co/api/v2/version-group/20/"
      }
    },
    {
      "flavor_text": "Un aro de fuego que atrapa al objetivo de cuatro a \ncinco turnos.",
      "language": {
        "name": "es",
        "url": "https://pokeapi.co/api/v2/language/7/"
      },
      "version_group": {
        "name": "sword-shield",
        "url": "https://pokeapi.co/api/v2/version-group/20/"
      }
    },
    {
      "flavor_text": "Intrappola il bersaglio in un turbine di fuoco\nche dura per quattro o cinque turni.",
      "language": {
        "name": "it",
        "url": "https://pokeapi.co/api/v2/language/8/"
      },
      "version_group": {
        "name": "sword-shield",
        "url": "https://pokeapi.co/api/v2/version-group/20/"
      }
    },
    {
      "flavor_text": "The target becomes trapped within a fierce vortex\nof fire that rages for four to five turns.",
      "language": {
        "name": "en",
        "url": "https://pokeapi.co/api/v2/language/9/"
      },
      "version_group": {
        "name": "sword-shield",
        "url": "https://pokeapi.co/api/v2/version-group/20/"
      }
    },
    {
      "flavor_text": "\u6fc0\u3057\u304f\u3000\u6e26\u3092\u307e\u304f\u3000\u708e\u306e\u4e2d\u306b\n\uff14\u30fc\uff15\u30bf\u30fc\u30f3\u306e\u3000\u9593\n\u76f8\u624b\u3092\u3000\u9589\u3058\u3053\u3081\u3066\u3000\u653b\u6483\u3059\u308b\u3002",
      "language": {
        "name": "ja",
        "url": "https://pokeapi.co/api/v2/language/11/"
      },
      "version_group": {
        "name": "sword-shield",
        "url": "https://pokeapi.co/api/v2/version-group/20/"
      }
    },
    {
      "flavor_text": "\u5c06\u5bf9\u624b\u56f0\u5728\n\u6fc0\u70c8\u7684\u706b\u7130\u65cb\u6da1\u4e2d\uff0c\n\u5728\uff14\uff5e\uff15\u56de\u5408\u5185\u8fdb\u884c\u653b\u51fb\u3002",
      "language": {
        "name": "zh-Hans",
        "url": "https://pokeapi.co/api/v2/language/12/"
      },
      "version_group": {
        "name": "sword-shield",
        "url": "https://pokeapi.co/api/v2/version-group/20/"
      }
    },
    {
      "flavor_text": "The target becomes trapped within a fierce vortex of fire that rages for four to five turns.",
      "language": {
        "name": "en",
        "url": "https://pokeapi.co/api/v2/language/9/"
      },
      "version_group": {
        "name": "legends-arceus",
        "url": "https://pokeapi.co/api/v2/version-group/24/"
      }
    },
    {
      "flavor_text": "The user traps the target inside a fierce vortex of fire that inflicts damage for four to five turns.",
      "language": {
        "name": "en",
        "url": "https://pokeapi.co/api/v2/language/9/"
      },
      "version_group": {
        "name": "scarlet-violet",
        "url": "https://pokeapi.co/api/v2/version-group/25/"
      }
    }
  ],
  "generation": {
    "name": "generation-i",
    "url": "https://pokeapi.co/api/v2/generation/1/"
  },
  "id": 83,
  "learned_by_pokemon": [
    {
      "name": "charmander",
      "url": "https://pokeapi.co/api/v2/pokemon/4/"
    },
    {
      "name": "charmeleon",
      "url": "https://pokeapi.co/api/v2/pokemon/5/"
    },
    {
      "name": "charizard",
      "url": "https://pokeapi.co/api/v2/pokemon/6/"
    },
    {
      "name": "vulpix",
      "url": "https://pokeapi.co/api/v2/pokemon/37/"
    },
    {
      "name": "ninetales",
      "url": "https://pokeapi.co/api/v2/pokemon/38/"
    },
    {
      "name": "growlithe",
      "url": "https://pokeapi.co/api/v2/pokemon/58/"
    },
    {
      "name": "arcanine",
      "url": "https://pokeapi.co/api/v2/pokemon/59/"
    },
    {
      "name": "ponyta",
      "url": "https://pokeapi.co/api/v2/pokemon/77/"
    },
    {
      "name": "rapidash",
      "url": "https://pokeapi.co/api/v2/pokemon/78/"
    },
    {
      "name": "magmar",
      "url": "https://pokeapi.co/api/v2/pokemon/126/"
    },
    {
      "name": "flareon",
      "url": "https://pokeapi.co/api/v2/pokemon/136/"
    },
    {
      "name": "moltres",
      "url": "https://pokeapi.co/api/v2/pokemon/146/"
    },
    {
      "name": "dratini",
      "url": "https://pokeapi.co/api/v2/pokemon/147/"
    },
    {
      "name": "dragonair",
      "url": "https://pokeapi.co/api/v2/pokemon/148/"
    },
    {
      "name": "dragonite",
      "url": "https://pokeapi.co/api/v2/pokemon/149/"
    },
    {
      "name": "mew",
      "url": "https://pokeapi.co/api/v2/pokemon/151/"
    },
    {
      "name": "cyndaquil",
      "url": "https://pokeapi.co/api/v2/pokemon/155/"
    },
    {
      "name": "quilava",
      "url": "https://pokeapi.co/api/v2/pokemon/156/"
    },
    {
      "name": "typhlosion",
      "url": "https://pokeapi.co/api/v2/pokemon/157/"
    },
    {
      "name": "slugma",
      "url": "https://pokeapi.co/api/v2/pokemon/218/"
    },
    {
      "name": "magcargo",
      "url": "https://pokeapi.co/api/v2/pokemon/219/"
    },
    {
      "name": "houndour",
      "url": "https://pokeapi.co/api/v2/pokemon/228/"
    },
    {
      "name": "houndoom",
      "url": "https://pokeapi.co/api/v2/pokemon/229/"
    },
    {
      "name": "magby",
      "url": "https://pokeapi.co/api/v2/pokemon/240/"
    },
    {
      "name": "entei",
      "url": "https://pokeapi.co/api/v2/pokemon/244/"
    },
    {
      "name": "ho-oh",
      "url": "https://pokeapi.co/api/v2/pokemon/250/"
    },
    {
      "name": "torchic",
      "url": "https://pokeapi.co/api/v2/pokemon/255/"
    },
    {
      "name": "combusken",
      "url": "https://pokeapi.co/api/v2/pokemon/256/"
    },
    {
      "name": "blaziken",
      "url": "https://pokeapi.co/api/v2/pokemon/257/"
    },
    {
      "name": "numel",
      "url": "https://pokeapi.co/api/v2/pokemon/322/"
    },
    {
      "name": "camerupt",
      "url": "https://pokeapi.co/api/v2/pokemon/323/"
    },
    {
      "name": "torkoal",
      "url": "https://pokeapi.co/api/v2/pokemon/324/"
    },
    {
      "name": "flygon",
      "url": "https://pokeapi.co/api/v2/pokemon/330/"
    },
    {
      "name": "altaria",
      "url": "https://pokeapi.co/api/v2/pokemon/334/"
    },
    {
      "name": "solrock",
      "url": "https://pokeapi.co/api/v2/pokemon/338/"
    },
    {
      "name": "bagon",
      "url": "https://pokeapi.co/api/v2/pokemon/371/"
    },
    {
      "name": "shelgon",
      "url": "https://pokeapi.co/api/v2/pokemon/372/"
    },
    {
      "name": "salamence",
      "url": "https://pokeapi.co/api/v2/pokemon/373/"
    },
    {
      "name": "chimchar",
      "url": "https://pokeapi.co/api/v2/pokemon/390/"
    },
    {
      "name": "monferno",
      "url": "https://pokeapi.co/api/v2/pokemon/391/"
    },
    {
      "name": "infernape",
      "url": "https://pokeapi.co/api/v2/pokemon/392/"
    },
    {
      "name": "skuntank",
      "url": "https://pokeapi.co/api/v2/pokemon/435/"
    },
    {
      "name": "magmortar",
      "url": "https://pokeapi.co/api/v2/pokemon/467/"
    },
    {
      "name": "heatran",
      "url": "https://pokeapi.co/api/v2/pokemon/485/"
    },
    {
      "name": "victini",
      "url": "https://pokeapi.co/api/v2/pokemon/494/"
    },
    {
      "name": "tepig",
      "url": "https://pokeapi.co/api/v2/pokemon/498/"
    },
    {
      "name": "pignite",
      "url": "https://pokeapi.co/api/v2/pokemon/499/"
    },
    {
      "name": "emboar",
      "url": "https://pokeapi.co/api/v2/pokemon/500/"
    },
    {
      "name": "pansear",
      "url": "https://pokeapi.co/api/v2/pokemon/513/"
    },
    {
      "name": "darumaka",
      "url": "https://pokeapi.co/api/v2/pokemon/554/"
    },
    {
      "name": "darmanitan-standard",
      "url": "https://pokeapi.co/api/v2/pokemon/555/"
    },
    {
      "name": "litwick",
      "url": "https://pokeapi.co/api/v2/pokemon/607/"
    },
    {
      "name": "lampent",
      "url": "https://pokeapi.co/api/v2/pokemon/608/"
    },
    {
      "name": "chandelure",
      "url": "https://pokeapi.co/api/v2/pokemon/609/"
    },
    {
      "name": "heatmor",
      "url": "https://pokeapi.co/api/v2/pokemon/631/"
    },
    {
      "name": "hydreigon",
      "url": "https://pokeapi.co/api/v2/pokemon/635/"
    },
    {
      "name": "larvesta",
      "url": "https://pokeapi.co/api/v2/pokemon/636/"
    },
    {
      "name": "volcarona",
      "url": "https://pokeapi.co/api/v2/pokemon/637/"
    },
    {
      "name": "reshiram",
      "url": "https://pokeapi.co/api/v2/pokemon/643/"
    },
    {
      "name": "fennekin",
      "url": "https://pokeapi.co/api/v2/pokemon/653/"
    },
    {
      "name": "braixen",
      "url": "https://pokeapi.co/api/v2/pokemon/654/"
    },
    {
      "name": "delphox",
      "url": "https://pokeapi.co/api/v2/pokemon/655/"
    },
    {
      "name": "fletchinder",
      "url": "https://pokeapi.co/api/v2/pokemon/662/"
    },
    {
      "name": "talonflame",
      "url": "https://pokeapi.co/api/v2/pokemon/663/"
    },
    {
      "name": "litleo",
      "url": "https://pokeapi.co/api/v2/pokemon/667/"
    },
    {
      "name": "pyroar",
      "url": "https://pokeapi.co/api/v2/pokemon/668/"
    },
    {
      "name": "volcanion",
      "url": "https://pokeapi.co/api/v2/pokemon/721/"
    },
    {
      "name": "litten",
      "url": "https://pokeapi.co/api/v2/pokemon/725/"
    },
    {
      "name": "torracat",
      "url": "https://pokeapi.co/api/v2/pokemon/726/"
    },
    {
      "name": "incineroar",
      "url": "https://pokeapi.co/api/v2/pokemon/727/"
    },
    {
      "name": "turtonator",
      "url": "https://pokeapi.co/api/v2/pokemon/776/"
    },
    {
      "name": "solgaleo",
      "url": "https://pokeapi.co/api/v2/pokemon/791/"
    },
    {
      "name": "blacephalon",
      "url": "https://pokeapi.co/api/v2/pokemon/806/"
    },
    {
      "name": "scorbunny",
      "url": "https://pokeapi.co/api/v2/pokemon/813/"
    },
    {
      "name": "raboot",
      "url": "https://pokeapi.co/api/v2/pokemon/814/"
    },
    {
      "name": "cinderace",
      "url": "https://pokeapi.co/api/v2/pokemon/815/"
    },
    {
      "name": "carkol",
      "url": "https://pokeapi.co/api/v2/pokemon/838/"
    },
    {
      "name": "coalossal",
      "url": "https://pokeapi.co/api/v2/pokemon/839/"
    },
    {
      "name": "sizzlipede",
      "url": "https://pokeapi.co/api/v2/pokemon/850/"
    },
    {
      "name": "centiskorch",
      "url": "https://pokeapi.co/api/v2/pokemon/851/"
    },
    {
      "name": "dracozolt",
      "url": "https://pokeapi.co/api/v2/pokemon/880/"
    },
    {
      "name": "eternatus",
      "url": "https://pokeapi.co/api/v2/pokemon/890/"
    },
    {
      "name": "fuecoco",
      "url": "https://pokeapi.co/api/v2/pokemon/909/"
    },
    {
      "name": "crocalor",
      "url": "https://pokeapi.co/api/v2/pokemon/910/"
    },
    {
      "name": "skeledirge",
      "url": "https://pokeapi.co/api/v2/pokemon/911/"
    },
    {
      "name": "charcadet",
      "url": "https://pokeapi.co/api/v2/pokemon/935/"
    },
    {
      "name": "armarouge",
      "url": "https://pokeapi.co/api/v2/pokemon/936/"
    },
    {
      "name": "ceruledge",
      "url": "https://pokeapi.co/api/v2/pokemon/937/"
    },
    {
      "name": "iron-moth",
      "url": "https://pokeapi.co/api/v2/pokemon/994/"
    },
    {
      "name": "chi-yu",
      "url": "https://pokeapi.co/api/v2/pokemon/1004/"
    },
    {
      "name": "roaring-moon",
      "url": "https://pokeapi.co/api/v2/pokemon/1005/"
    },
    {
      "name": "koraidon",
      "url": "https://pokeapi.co/api/v2/pokemon/1007/"
    },
    {
      "name": "gouging-fire",
      "url": "https://pokeapi.co/api/v2/pokemon/1020/"
    },
    {
      "name": "darmanitan-zen",
      "url": "https://pokeapi.co/api/v2/pokemon/10017/"
    },
    {
      "name": "charizard-mega-x",
      "url": "https://pokeapi.co/api/v2/pokemon/10034/"
    },
    {
      "name": "charizard-mega-y",
      "url": "https://pokeapi.co/api/v2/pokemon/10035/"
    },
    {
      "name": "marowak-alola",
      "url": "https://pokeapi.co/api/v2/pokemon/10115/"
    },
    {
      "name": "darumaka-galar",
      "url": "https://pokeapi.co/api/v2/pokemon/10176/"
    },
    {
      "name": "darmanitan-galar-standard",
      "url": "https://pokeapi.co/api/v2/pokemon/10177/"
    },
    {
      "name": "darmanitan-galar-zen",
      "url": "https://pokeapi.co/api/v2/pokemon/10178/"
    },
    {
      "name": "growlithe-hisui",
      "url": "https://pokeapi.co/api/v2/pokemon/10229/"
    },
    {
      "name": "arcanine-hisui",
      "url": "https://pokeapi.co/api/v2/pokemon/10230/"
    },
    {
      "name": "typhlosion-hisui",
      "url": "https://pokeapi.co/api/v2/pokemon/10233/"
    },
    {
      "name": "tauros-paldea-blaze-breed",
      "url": "https://pokeapi.co/api/v2/pokemon/10251/"
    },
    {
      "name": "koraidon-limited-build",
      "url": "https://pokeapi.co/api/v2/pokemon/10264/"
    },
    {
      "name": "koraidon-sprinting-build",
      "url": "https://pokeapi.co/api/v2/pokemon/10265/"
    },
    {
      "name": "koraidon-swimming-build",
      "url": "https://pokeapi.co/api/v2/pokemon/10266/"
    },
    {
      "name": "koraidon-gliding-build",
      "url": "https://pokeapi.co/api/v2/pokemon/10267/"
    }
  ],
  "machines": [
    {
      "machine": {
        "url": "https://pokeapi.co/api/v2/machine/261/"
      },
      "version_group": {
        "name": "sword-shield",
        "url": "https://pokeapi.co/api/v2/version-group/20/"
      }
    },
    {
      "machine": {
        "url": "https://pokeapi.co/api/v2/machine/1729/"
      },
      "version_group": {
        "name": "scarlet-violet",
        "url": "https://pokeapi.co/api/v2/version-group/25/"
      }
    }
  ],
  "meta": {
    "ailment": {
      "name": "trap",
      "url": "https://pokeapi.co/api/v2/move-ailment/8/"
    },
    "ailment_chance": 100,
    "category": {
      "name": "damage+ailment",
      "url": "https://pokeapi.co/api/v2/move-category/4/"
    },
    "crit_rate": 0,
    "drain": 0,
    "flinch_chance": 0,
    "healing": 0,
    "max_hits": null,
    "max_turns": 6,
    "min_hits": null,
    "min_turns": 5,
    "stat_chance": 0
  },
  "name": "fire-spin",
  "names": [
    {
      "language": {
        "name": "ja-Hrkt",
        "url": "https://pokeapi.co/api/v2/language/1/"
      },
      "name": "\u307b\u306e\u304a\u306e\u3046\u305a"
    },
    {
      "language": {
        "name": "ko",
        "url": "https://pokeapi.co/api/v2/language/3/"
      },
      "name": "\ud68c\uc624\ub9ac\ubd88\uaf43"
    },
    {
      "language": {
        "name": "zh-Hant",
        "url": "https://pokeapi.co/api/v2/language/4/"
      },
      "name": "\u706b\u7130\u65cb\u6e26"
    },
    {
      "language": {
        "name": "fr",
        "url": "https://pokeapi.co/api/v2/language/5/"
      },
      "name": "Danse Flammes"
    },
    {
      "language": {
        "name": "de",
        "url": "https://pokeapi.co/api/v2/language/6/"
      },
      "name": "Feuerwirbel"
    },
    {
      "language": {
        "name": "es",
        "url": "https://pokeapi.co/api/v2/language/7/"
      },
      "name": "Giro Fuego"
    },
    {
      "language": {
        "name": "it",
        "url": "https://pokeapi.co/api/v2/language/8/"
      },
      "name": "Turbofuoco"
    },
    {
      "language": {
        "name": "en",
        "url": "https://pokeapi.co/api/v2/language/9/"
      },
      "name": "Fire Spin"
    },
    {
      "language": {
        "name": "ja",
        "url": "https://pokeapi.co/api/v2/language/11/"
      },
      "name": "\u307b\u306e\u304a\u306e\u3046\u305a"
    },
    {
      "language": {
        "name": "zh-Hans",
        "url": "https://pokeapi.co/api/v2/language/12/"
      },
      "name": "\u706b\u7130\u65cb\u6da1"
    }
  ],
  "past_values": [
    {
      "accuracy": 70,
      "effect_chance": null,
      "effect_entries": [],
      "power": 15,
      "pp": null,
      "type": null,
      "version_group": {
        "name": "black-white",
        "url": "https://pokeapi.co/api/v2/version-group/11/"
      }
    }
  ],
  "power": 35,
  "pp": 15,
  "priority": 0,
  "stat_changes": [],
  "super_contest_effect": {
    "url": "https://pokeapi.co/api/v2/super-contest-effect/21/"
  },
  "target": {
    "name": "selected-pokemon",
    "url": "https://pokeapi.co/api/v2/move-target/10/"
  },
  "type": {
    "name": "fire",
    "url": "https://pokeapi.co/api/v2/type/10/"
  }
}