{
  "accuracy": 95,
  "contest_combos": null,
  "contest_effect": null,
  "contest_type": {
    "name": "beauty",
    "url": "https://pokeapi.co/api/v2/contest-type/2/"
  },
  "damage_class": {
    "name": "physical",
    "url": "https://pokeapi.co/api/v2/move-damage-class/2/"
  },
  "effect_chance": 10,
  "effect_changes": [
    {
      "effect_entries": [
        {
          "effect": "Ignores wonder guard.",
          "language": {
            "name": "en",
            "url": "https://pokeapi.co/api/v2/language/9/"
          }
        }
      ],
      "version_group": {
        "name": "black-white",
        "url": "https://pokeapi.co/api/v2/version-group/11/"
      }
    }
  ],
  "effect_entries": [
    {
      "effect": "Inflicts regular damage.  Has a 10% chance to burn the target and a separate 10% chance to make the target flinch.",
      "language": {
        "name": "en",
        "url": "https://pokeapi.co/api/v2/language/9/"
      },
      "short_effect": "Has a 10% chance to burn the target and a 10% chance to make the target flinch."
    }
  ],
  "flavor_text_entries": [
    {
      "flavor_text": "The user bites with\nflame-cloaked fangs.\nIt may also make the\nfoe flinch or sustain\na burn.",
      "language": {
        "name": "en",
        "url": "https://pokeapi.co/api/v2/language/9/"
      },
      "version_group": {
        "name": "diamond-pearl",
        "url": "https://pokeapi.co/api/v2/version-group/8/"
      }
    },
    {
      "flavor_text": "The user bites with\nflame-cloaked fangs.\nIt may also make the\nfoe flinch or sustain\na burn.",
      "language": {
        "name": "en",
        "url": "https://pokeapi.co/api/v2/language/9/"
      },
      "version_group": {
        "name": "platinum",
        "url": "https://pokeapi.co/api/v2/version-group/9/"
      }
    },
    {
      "flavor_text": "The user bites with\nflame-cloaked fangs.\nIt may also make the\nfoe flinch or sustain\na burn.",
      "language": {
        "name": "en",
        "url": "https://pokeapi.co/api/v2/language/9/"
      },
      "version_group": {
        "name": "heartgold-soulsilver",
        "url": "https://pokeapi.co/api/v2/version-group/10/"
      }
    },
    {
      "flavor_text": "Le lanceur utilise une morsure enflamm\u00e9e.\nPeut aussi br\u00fbler ou apeurer l\u2019ennemi.",
      "language": {
        "name": "fr",
        "url": "https://pokeapi.co/api/v2/language/5/"
      },
      "version_group": {
        "name": "black-white",
        "url": "https://pokeapi.co/api/v2/version-group/11/"
      }
    },
    {
      "flavor_text": "The user bites with flame-cloaked fangs.\nIt may also make the target flinch or leave\nit burned.",
      "language": {
        "name": "en",
        "url": "https://pokeapi.co/api/v2/language/9/"
      },
      "version_group": {
        "name": "black-white",
        "url": "https://pokeapi.co/api/v2/version-group/11/"
      }
    },
    {
      "flavor_text": "The user bites with flame-cloaked fangs.\nIt may also make the target flinch or leave\nit burned.",
      "language": {
        "name": "en",
        "url": "https://pokeapi.co/api/v2/language/9/"
      },
      "version_group": {
        "name": "black-2-white-2",
        "url": "https://pokeapi.co/api/v2/version-group/14/"
      }
    },
    {
      "flavor_text": "\u307b\u306e\u304a\u3092\u3000\u307e\u3068\u3063\u305f\u3000\u30ad\u30d0\u3067\u3000\u304b\u307f\u3064\u304f\u3002\n\u3042\u3044\u3066\u3092\u3000\u3072\u308b\u307e\u305b\u305f\u308a\n\u3084\u3051\u3069\u3000\u3058\u3087\u3046\u305f\u3044\u306b\u3000\u3059\u308b\u3053\u3068\u304c\u3000\u3042\u308b\u3002",
      "language": {
        "name": "ja-Hrkt",
        "url": "https://pokeapi.co/api/v2/language/1/"
      },
      "version_group": {
        "name": "x-y",
        "url": "https://pokeapi.co/api/v2/version-group/15/"
      }
    },
    {
      "flavor_text": "\ubd88\uaf43\uc744 \ub450\ub978 \uc774\ube68\ub85c \ubb38\ub2e4.\n\uc0c1\ub300\ub97c \ud480\uc8fd\uac8c \ud558\uac70\ub098\n\ud654\uc0c1 \uc0c1\ud0dc\ub85c \ub9cc\ub4e4 \ub54c\uac00 \uc788\ub2e4.",
      "language": {
        "name": "ko",
        "url": "https://pokeapi.co/api/v2/language/3/"
      },
      "version_group": {
        "name": "x-y",
        "url": "https://pokeapi.co/api/v2/version-group/15/"
      }
    },
    {
      "flavor_text": "Le lanceur utilise une morsure enflamm\u00e9e.\nPeut aussi br\u00fbler ou apeurer l\u2019ennemi.",
      "language": {
        "name": "fr",
        "url": "https://pokeapi.co/api/v2/language/5/"
      },
      "version_group": {
        "name": "x-y",
        "url": "https://pokeapi.co/api/v2/version-group/15/"
      }
    },
    {
      "flavor_text": "Anwender bei\u00dft mit flammenden Rei\u00dfz\u00e4hnen zu.\nZiel schreckt eventuell zur\u00fcck oder verbrennt sich.",
      "language": {
        "name": "de",
        "url": "https://pokeapi.co/api/v2/language/6/"
      },
      "version_group": {
        "name": "x-y",
        "url": "https://pokeapi.co/api/v2/version-group/15/"
      }
    },
    {
      "flavor_text": "Usa colmillos en llamas para morder. Puede hacer\nque el objetivo retroceda o reciba quemaduras.",
      "language": {
        "name": "es",
        "url": "https://pokeapi.co/api/v2/language/7/"
      },
      "version_group": {
        "name": "x-y",
        "url": "https://pokeapi.co/api/v2/version-group/15/"
      }
    },
    {
      "flavor_text": "Chi la usa morde con denti infuocati. Pu\u00f2 anche\nscottare o far tentennare il bersaglio.",
      "language": {
        "name": "it",
        "url": "https://pokeapi.co/api/v2/language/8/"
      },
      "version_group": {
        "name": "x-y",
        "url": "https://pokeapi.co/api/v2/version-group/15/"
      }
    },
    {
      "flavor_text": "The user bites with flame-cloaked fangs.\nThis may also make the target flinch or leave\nit with a burn.",
      "language": {
        "name": "en",
        "url": "https://pokeapi.co/api/v2/language/9/"
      },
      "version_group": {
        "name": "x-y",
        "url": "https://pokeapi.co/api/v2/version-group/15/"
      }
    },
    {
      "flavor_text": "\u708e\u3092\u3000\u307e\u3068\u3063\u305f\u3000\u30ad\u30d0\u3067\u3000\u304b\u307f\u3064\u304f\u3002\n\u76f8\u624b\u3092\u3000\u3072\u308b\u307e\u305b\u305f\u308a\n\u3084\u3051\u3069\u72b6\u614b\u306b\u3000\u3059\u308b\u3053\u3068\u304c\u3000\u3042\u308b\u3002",
      "language": {
        "name": "ja",
        "url": "https://pokeapi.co/api/v2/language/11/"
      },
      "version_group": {
        "name": "x-y",
        "url": "https://pokeapi.co/api/v2/version-group/15/"
      }
    },
    {
      "flavor_text": "\u307b\u306e\u304a\u3092\u3000\u307e\u3068\u3063\u305f\u3000\u30ad\u30d0\u3067\u3000\u304b\u202f\u3064\u304f\u3002\n\u3042\u3044\u3066\u3092\u3000\u3072\u308b\u307e\u305b\u305f\u308a\n\u3084\u3051\u3069\u3000\u3058\u3087\u3046\u305f\u3044\u306b\u3000\u3059\u308b\u3053\u3068\u304c\u3000\u3042\u308b\u3002",
      "language": {
        "name": "ja-Hrkt",
        "url": "https://pokeapi.co/api/v2/language/1/"
      },
      "version_group": {
        "name": "omega-ruby-alpha-sapphire",
        "url": "https://pokeapi.co/api/v2/version-group/16/"
      }
    },
    {
      "flavor_text": "\ubd88\uaf43\uc744 \ub450\ub978 \uc774\ube68\ub85c \ubb38\ub2e4.\n\uc0c1\ub300\ub97c \ud480\uc8fd\uac8c \ud558\uac70\ub098\n\ud654\uc0c1 \uc0c1\ud0dc\ub85c \ub9cc\ub4e4 \ub54c\uac00 \uc788\ub2e4.",
      "language": {
        "name": "ko",
        "url": "https://pokeapi.co/api/v2/language/3/"
      },
      "version_group": {
        "name": "omega-ruby-alpha-sapphire",
        "url": "https://pokeapi.co/api/v2/version-group/16/"
      }
    },
    {
      "flavor_text": "Le lanceur utilise une morsure enflamm\u00e9e.\nPeut aussi br\u00fbler ou apeurer l\u2019ennemi.",
      "language": {
        "name": "fr",
        "url": "https://pokeapi.co/api/v2/language/5/"
      },
      "version_group": {
        "name": "omega-ruby-alpha-sapphire",
        "url": "https://pokeapi.co/api/v2/version-group/16/"
      }
    },
    {
      "flavor_text": "Anwender bei\u00dft mit flammenden Rei\u00dfz\u00e4hnen zu.\nZiel schreckt eventuell zur\u00fcck oder verbrennt sich.",
      "language": {
        "name": "de",
        "url": "https://pokeapi.co/api/v2/language/6/"
      },
      "version_group": {
        "name": "omega-ruby-alpha-sapphire",
        "url": "https://pokeapi.co/api/v2/version-group/16/"
      }
    },
    {
      "flavor_text": "Usa colmillos en llamas para morder. Puede hacer \nque el objetivo retroceda o reciba quemaduras.",
      "language": {
        "name": "es",
        "url": "https://pokeapi.co/api/v2/language/7/"
      },
      "version_group": {
        "name": "omega-ruby-alpha-sapphire",
        "url": "https://pokeapi.co/api/v2/version-group/16/"
      }
    },
    {
      "flavor_text": "Chi la usa morde con denti infuocati. Pu\u00f2 anche\nscottare o far tentennare il bersaglio.",
      "language": {
        "name": "it",
        "url": "https://pokeapi.co/api/v2/language/8/"
      },
      "version_group": {
        "name": "omega-ruby-alpha-sapphire",
        "url": "https://pokeapi.co/api/v2/version-group/16/"
      }
    },
    {
      "flavor_text": "The user bites with flame-cloaked fangs.\nThis may also make the target flinch or leave\nit with a burn.",
      "language": {
        "name": "en",
        "url": "https://pokeapi.co/api/v2/language/9/"
      },
      "version_group": {
        "name": "omega-ruby-alpha-sapphire",
        "url": "https://pokeapi.co/api/v2/version-group/16/"
      }
    },
    {
      "flavor_text": "\u708e\u3092\u3000\u307e\u3068\u3063\u305f\u3000\u30ad\u30d0\u3067\u3000\u304b\u202f\u3064\u304f\u3002\n\u76f8\u624b\u3092\u3000\u3072\u308b\u307e\u305b\u305f\u308a\n\u3084\u3051\u3069\u72b6\u614b\u306b\u3000\u3059\u308b\u3053\u3068\u304c\u3000\u3042\u308b\u3002",
      "language": {
        "name": "ja",
        "url": "https://pokeapi.co/api/v2/language/11/"
      },
      "version_group": {
        "name": "omega-ruby-alpha-sapphire",
        "url": "https://pokeapi.co/api/v2/version-group/16/"
      }
    },
    {
      "flavor_text": "\u307b\u306e\u304a\u3092\u3000\u307e\u3068\u3063\u305f\u3000\u30ad\u30d0\u3067\u3000\u304b\u307f\u3064\u304f\u3002\n\u3042\u3044\u3066\u3092\u3000\u3072\u308b\u307e\u305b\u305f\u308a\n\u3084\u3051\u3069\u3000\u3058\u3087\u3046\u305f\u3044\u306b\u3000\u3059\u308b\u3053\u3068\u304c\u3000\u3042\u308b\u3002",
      "language": {
        "name": "ja-Hrkt",
        "url": "https://pokeapi.co/api/v2/language/1/"
      },
      "version_group": {
        "name": "sun-moon",
        "url": "https://pokeapi.co/api/v2/version-group/17/"
      }
    },
    {
      "flavor_text": "\ubd88\uaf43\uc744 \ub450\ub978 \uc774\ube68\ub85c \ubb38\ub2e4.\n\uc0c1\ub300\ub97c \ud480\uc8fd\uac8c \ud558\uac70\ub098\n\ud654\uc0c1 \uc0c1\ud0dc\ub85c \ub9cc\ub4e4 \ub54c\uac00 \uc788\ub2e4.",
      "language": {
        "name": "ko",
        "url": "https://pokeapi.co/api/v2/language/3/"
      },
      "version_group": {
        "name": "sun-moon",
        "url": "https://pokeapi.co/api/v2/version-group/17/"
      }
    },
    {
      "flavor_text": "\u7528\u7e8f\u7e5e\u706b\u7130\u7684\u7259\u9f52\u54ac\u4f4f\u5c0d\u624b\u3002\n\u6709\u6642\u6703\u8b93\u5c0d\u624b\u754f\u7e2e\n\u6216\u9677\u5165\u707c\u50b7\u72c0\u614b\u3002",
      "language": {
        "name": "zh-Hant",
        "url": "https://pokeapi.co/api/v2/language/4/"
      },
      "version_group": {
        "name": "sun-moon",
        "url": "https://pokeapi.co/api/v2/version-group/17/"
      }
    },
    {
      "flavor_text": "Le lanceur utilise une morsure enflamm\u00e9e.\nPeut aussi br\u00fbler ou apeurer l\u2019ennemi.",
      "language": {
        "name": "fr",
        "url": "https://pokeapi.co/api/v2/language/5/"
      },
      "version_group": {
        "name": "sun-moon",
        "url": "https://pokeapi.co/api/v2/version-group/17/"
      }
    },
    {
      "flavor_text": "Anwender bei\u00dft mit flammenden Rei\u00dfz\u00e4hnen zu.\nZiel schreckt eventuell zur\u00fcck oder erleidet\nVerbrennungen.",
      "language": {
        "name": "de",
        "url": "https://pokeapi.co/api/v2/language/6/"
      },
      "version_group": {
        "name": "sun-moon",
        "url": "https://pokeapi.co/api/v2/version-group/17/"
      }
    },
    {
      "flavor_text": "Usa colmillos en llamas para morder. Puede hacer \nque el objetivo retroceda o reciba quemaduras.",
      "language": {
        "name": "es",
        "url": "https://pokeapi.co/api/v2/language/7/"
      },
      "version_group": {
        "name": "sun-moon",
        "url": "https://pokeapi.co/api/v2/version-group/17/"
      }
    },
    {
      "flavor_text": "Chi la usa morde con denti infuocati. Pu\u00f2 anche\nscottare o far tentennare il bersaglio.",
      "language": {
        "name": "it",
        "url": "https://pokeapi.co/api/v2/language/8/"
      },
      "version_group": {
        "name": "sun-moon",
        "url": "https://pokeapi.co/api/v2/version-group/17/"
      }
    },
    {
      "flavor_text": "The user bites with flame-cloaked fangs. This may\nalso make the target flinch or leave it with a burn.",
      "language": {
        "name": "en",
        "url": "https://pokeapi.co/api/v2/language/9/"
      },
      "version_group": {
        "name": "sun-moon",
        "url": "https://pokeapi.co/api/v2/version-group/17/"
      }
    },
    {
      "flavor_text": "\u708e\u3092\u3000\u307e\u3068\u3063\u305f\u3000\u30ad\u30d0\u3067\u3000\u304b\u307f\u3064\u304f\u3002\n\u76f8\u624b\u3092\u3000\u3072\u308b\u307e\u305b\u305f\u308a\n\u3084\u3051\u3069\u72b6\u614b\u306b\u3000\u3059\u308b\u3053\u3068\u304c\u3000\u3042\u308b\u3002",
      "language": {
        "name": "ja",
        "url": "https://pokeapi.co/api/v2/language/11/"
      },
      "version_group": {
        "name": "sun-moon",
        "url": "https://pokeapi.co/api/v2/version-group/17/"
      }
    },
    {
      "flavor_text": "\u7528\u8986\u76d6\u7740\u706b\u7130\u7684\u7259\u9f7f\u54ac\u4f4f\u5bf9\u624b\u3002\n\u6709\u65f6\u4f1a\u4f7f\u5bf9\u624b\u754f\u7f29\n\u6216\u9677\u5165\u707c\u4f24\u72b6\u6001\u3002",
      "language": {
        "name": "zh-Hans",
        "url": "https://pokeapi.co/api/v2/language/12/"
      },
      "version_group": {
        "name": "sun-moon",
        "url": "https://pokeapi.co/api/v2/version-group/17/"
      }
    },
    {
      "flavor_text": "\u307b\u306e\u304a\u3092\u3000\u307e\u3068\u3063\u305f\u3000\u30ad\u30d0\u3067\u3000\u304b\u307f\u3064\u304f\u3002\n\u3042\u3044\u3066\u3092\u3000\u3072\u308b\u307e\u305b\u305f\u308a\n\u3084\u3051\u3069\u3000\u3058\u3087\u3046\u305f\u3044\u306b\u3000\u3059\u308b\u3053\u3068\u304c\u3000\u3042\u308b\u3002",
      "language": {
        "name": "ja-Hrkt",
        "url": "https://pokeapi.co/api/v2/language/1/"
      },
      "version_group": {
        "name": "ultra-sun-ultra-moon",
        "url": "https://pokeapi.co/api/v2/version-group/18/"
      }
    },
    {
      "flavor_text": "\ubd88\uaf43\uc744 \ub450\ub978 \uc774\ube68\ub85c \ubb38\ub2e4.\n\uc0c1\ub300\ub97c \ud480\uc8fd\uac8c \ud558\uac70\ub098\n\ud654\uc0c1 \uc0c1\ud0dc\ub85c \ub9cc\ub4e4 \ub54c\uac00 \uc788\ub2e4.",
      "language": {
        "name": "ko",
        "url": "https://pokeapi.co/api/v2/language/3/"
      },
      "version_group": {
        "name": "ultra-sun-ultra-moon",
        "url": "https://pokeapi.co/api/v2/version-group/18/"
      }
    },
    {
      "flavor_text": "\u7528\u7e8f\u7e5e\u706b\u7130\u7684\u7259\u9f52\u54ac\u4f4f\u5c0d\u624b\u3002\n\u6709\u6642\u6703\u8b93\u5c0d\u624b\u754f\u7e2e\n\u6216\u9677\u5165\u707c\u50b7\u72c0\u614b\u3002",
      "language": {
        "name": "zh-Hant",
        "url": "https://pokeapi.co/api/v2/language/4/"
      },
      "version_group": {
        "name": "ultra-sun-ultra-moon",
        "url": "https://pokeapi.co/api/v2/version-group/18/"
      }
    },
    {
      "flavor_text": "Le lanceur utilise une morsure enflamm\u00e9e.\nPeut aussi br\u00fbler ou apeurer l\u2019ennemi.",
      "language": {
        "name": "fr",
        "url": "https://pokeapi.co/api/v2/language/5/"
      },
      "version_group": {
        "name": "ultra-sun-ultra-moon",
        "url": "https://pokeapi.co/api/v2/version-group/18/"
      }
    },
    {
      "flavor_text": "Anwender bei\u00dft mit flammenden Rei\u00dfz\u00e4hnen zu.\nZiel schreckt eventuell zur\u00fcck oder erleidet\nVerbrennungen.",
      "language": {
        "name": "de",
        "url": "https://pokeapi.co/api/v2/language/6/"
      },
      "version_group": {
        "name": "ultra-sun-ultra-moon",
        "url": "https://pokeapi.co/api/v2/version-group/18/"
      }
    },
    {
      "flavor_text": "Usa colmillos en llamas para morder. Puede hacer \nque el objetivo retroceda o reciba quemaduras.",
      "language": {
        "name": "es",
        "url": "https://pokeapi.co/api/v2/language/7/"
      },
      "version_group": {
        "name": "ultra-sun-ultra-moon",
        "url": "https://pokeapi.co/api/v2/version-group/18/"
      }
    },
    {
      "flavor_text": "Chi la usa morde con denti infuocati. Pu\u00f2 anche\nscottare o far tentennare il bersaglio.",
      "language": {
        "name": "it",
        "url": "https://pokeapi.co/api/v2/language/8/"
      },
      "version_group": {
        "name": "ultra-sun-ultra-moon",
        "url": "https://pokeapi.co/api/v2/version-group/18/"
      }
    },
    {
      "flavor_text": "The user bites with flame-cloaked fangs. This may\nalso make the target flinch or leave it with a burn.",
      "language": {
        "name": "en",
        "url": "https://pokeapi.co/api/v2/language/9/"
      },
      "version_group": {
        "name": "ultra-sun-ultra-moon",
        "url": "https://pokeapi.co/api/v2/version-group/18/"
      }
    },
    {
      "flavor_text": "\u708e\u3092\u3000\u307e\u3068\u3063\u305f\u3000\u30ad\u30d0\u3067\u3000\u304b\u307f\u3064\u304f\u3002\n\u76f8\u624b\u3092\u3000\u3072\u308b\u307e\u305b\u305f\u308a\n\u3084\u3051\u3069\u72b6\u614b\u306b\u3000\u3059\u308b\u3053\u3068\u304c\u3000\u3042\u308b\u3002",
      "language": {
        "name": "ja",
        "url": "https://pokeapi.co/api/v2/language/11/"
      },
      "version_group": {
        "name": "ultra-sun-ultra-moon",
        "url": "https://pokeapi.co/api/v2/version-group/18/"
      }
    },
    {
      "flavor_text": "\u7528\u8986\u76d6\u7740\u706b\u7130\u7684\u7259\u9f7f\u54ac\u4f4f\u5bf9\u624b\u3002\n\u6709\u65f6\u4f1a\u4f7f\u5bf9\u624b\u754f\u7f29\n\u6216\u9677\u5165\u707c\u4f24\u72b6\u6001\u3002",
      "language": {
        "name": "zh-Hans",
        "url": "https://pokeapi.co/api/v2/language/12/"
      },
      "version_group": {
        "name": "ultra-sun-ultra-moon",
        "url": "https://pokeapi.co/api/v2/version-group/18/"
      }
    },
    {
      "flavor_text": "\u307b\u306e\u304a\u3092\u3000\u307e\u3068\u3063\u305f\u3000\u30ad\u30d0\u3067\u3000\u304b\u307f\u3064\u304f\u3002\n\u3042\u3044\u3066\u3092\u3000\u3072\u308b\u307e\u305b\u305f\u308a\n\u3084\u3051\u3069\u3000\u3058\u3087\u3046\u305f\u3044\u306b\u3000\u3059\u308b\u3053\u3068\u304c\u3000\u3042\u308b\u3002",
      "language": {
        "name": "ja-Hrkt",
        "url": "https://pokeapi.co/api/v2/language/1/"
      },
      "version_group": {
        "name": "lets-go-pikachu-lets-go-eevee",
        "url": "https://pokeapi.co/api/v2/version-group/19/"
      }
    },
    {
      "flavor_text": "\ubd88\uaf43\uc744 \ub450\ub978 \uc774\ube68\ub85c \ubb38\ub2e4.\n\uc0c1\ub300\ub97c \ud480\uc8fd\uac8c \ud558\uac70\ub098\n\ud654\uc0c1 \uc0c1\ud0dc\ub85c \ub9cc\ub4e4 \ub54c\uac00 \uc788\ub2e4.",
      "language": {
        "name": "ko",
        "url": "https://pokeapi.co/api/v2/language/3/"
      },
      "version_group": {
        "name": "lets-go-pikachu-lets-go-eevee",
        "url": "https://pokeapi.co/api/v2/version-group/19/"
      }
    },
    {
      "flavor_text": "\u7528\u7e8f\u7e5e\u706b\u7130\u7684\u7259\u9f52\u54ac\u4f4f\u5c0d\u624b\u3002\n\u6709\u6642\u6703\u8b93\u5c0d\u624b\u754f\u7e2e\n\u6216\u9677\u5165\u707c\u50b7\u72c0\u614b\u3002",
      "language": {
        "name": "zh-Hant",
        "url": "https://pokeapi.co/api/v2/language/4/"
      },
      "version_group": {
        "name": "lets-go-pikachu-lets-go-eevee",
        "url": "https://pokeapi.co/api/v2/version-group/19/"
      }
    },
    {
      "flavor_text": "Le lanceur utilise une morsure enflamm\u00e9e.\nPeut aussi br\u00fbler ou apeurer l\u2019ennemi.",
      "language": {
        "name": "fr",
        "url": "https://pokeapi.co/api/v2/language/5/"
      },
      "version_group": {
        "name": "lets-go-pikachu-lets-go-eevee",
        "url": "https://pokeapi.co/api/v2/version-group/19/"
      }
    },
    {
      "flavor_text": "Anwender bei\u00dft mit flammenden Rei\u00dfz\u00e4hnen zu.\nZiel schreckt eventuell zur\u00fcck oder erleidet\nVerbrennungen.",
      "language": {
        "name": "de",
        "url": "https://pokeapi.co/api/v2/language/6/"
      },
      "version_group": {
        "name": "lets-go-pikachu-lets-go-eevee",
        "url": "https://pokeapi.co/api/v2/version-group/19/"
      }
    },
    {
      "flavor_text": "Usa colmillos en llamas para morder. Puede hacer \nque el objetivo retroceda o reciba quemaduras.",
      "language": {
        "name": "es",
        "url": "https://pokeapi.co/api/v2/language/7/"
      },
      "version_group": {
        "name": "lets-go-pikachu-lets-go-eevee",
        "url": "https://pokeapi.co/api/v2/version-group/19/"
      }
    },
    {
      "flavor_text": "Chi la usa morde con denti infuocati. Pu\u00f2 anche\nscottare o far tentennare il bersaglio.",
      "language": {
        "name": "it",
        "url": "https://pokeapi.co/api/v2/language/8/"
      },
      "version_group": {
        "name": "lets-go-pikachu-lets-go-eevee",
        "url": "https://pokeapi.co/api/v2/version-group/19/"
      }
    },
    {
      "flavor_text": "The user bites with flame-cloaked fangs. This may\nalso make the target flinch or leave it with a burn.",
      "language": {
        "name": "en",
        "url": "https://pokeapi.co/api/v2/language/9/"
      },
      "version_group": {
        "name": "lets-go-pikachu-lets-go-eevee",
        "url": "https://pokeapi.co/api/v2/version-group/19/"
      }
    },
    {
      "flavor_text": "\u708e\u3092\u3000\u307e\u3068\u3063\u305f\u3000\u30ad\u30d0\u3067\u3000\u304b\u307f\u3064\u304f\u3002\n\u76f8\u624b\u3092\u3000\u3072\u308b\u307e\u305b\u305f\u308a\n\u3084\u3051\u3069\u72b6\u614b\u306b\u3000\u3059\u308b\u3053\u3068\u304c\u3000\u3042\u308b\u3002",
      "language": {
        "name": "ja",
        "url": "https://pokeapi.co/api/v2/language/11/"
      },
      "version_group": {
        "name": "lets-go-pikachu-lets-go-eevee",
        "url": "https://pokeapi.co/api/v2/version-group/19/"
      }
    },
    {
      "flavor_text": "\u7528\u8986\u76d6\u7740\u706b\u7130\u7684\u7259\u9f7f\u54ac\u4f4f\u5bf9\u624b\u3002\n\u6709\u65f6\u4f1a\u4f7f\u5bf9\u624b\u754f\u7f29\n\u6216\u9677\u5165\u707c\u4f24\u72b6\u6001\u3002",
      "language": {
        "name": "zh-Hans",
        "url": "https://pokeapi.co/api/v2/language/12/"
      },
      "version_group": {
        "name": "lets-go-pikachu-lets-go-eevee",
        "url": "https://pokeapi.co/api/v2/version-group/19/"
      }
    },
    {
      "flavor_text": "\u307b\u306e\u304a\u3092\u3000\u307e\u3068\u3063\u305f\u3000\u30ad\u30d0\u3067\u3000\u304b\u307f\u3064\u304f\u3002\n\u3042\u3044\u3066\u3092\u3000\u3072\u308b\u307e\u305b\u305f\u308a\n\u3084\u3051\u3069\u3000\u3058\u3087\u3046\u305f\u3044\u306b\u3000\u3059\u308b\u3053\u3068\u304c\u3000\u3042\u308b\u3002",
      "language": {
        "name": "ja-Hrkt",
        "url": "https://pokeapi.co/api/v2/language/1/"
      },
      "version_group": {
        "name": "sword-shield",
        "url": "https://pokeapi.co/api/v2/version-group/20/"
      }
    },
    {
      "flavor_text": "\ubd88\uaf43\uc744 \ub450\ub978 \uc774\ube68\ub85c \ubb38\ub2e4.\n\uc0c1\ub300\ub97c \ud480\uc8fd\uac8c \ud558\uac70\ub098\n\ud654\uc0c1 \uc0c1\ud0dc\ub85c \ub9cc\ub4e4 \ub54c\uac00 \uc788\ub2e4.",
      "language": {
        "name": "ko",
        "url": "https://pokeapi.co/api/v2/language/3/"
      },
      "version_group": {
        "name": "sword-shield",
        "url": "https://pokeapi.co/api/v2/version-group/20/"
      }
    },
    {
      "flavor_text": "\u7528\u7e8f\u7e5e\u706b\u7130\u7684\u7259\u9f52\u54ac\u4f4f\u5c0d\u624b\u3002\n\u6709\u6642\u6703\u8b93\u5c0d\u624b\u754f\u7e2e\n\u6216\u9677\u5165\u707c\u50b7\u72c0\u614b\u3002",
      "language": {
        "name": "zh-Hant",
        "url": "https://pokeapi.co/api/v2/language/4/"
      },
      "version_group": {
        "name": "sword-shield",
        "url": "https://pokeapi.co/api/v2/version-group/20/"
      }
    },
    {
      "flavor_text": "Le lanceur utilise une morsure enflamm\u00e9e.\nPeut aussi br\u00fbler ou apeurer l\u2019ennemi.",
      "language": {
        "name": "fr",
        "url": "https://pokeapi.co/api/v2/language/5/"
      },
      "version_group": {
        "name": "sword-shield",
        "url": "https://pokeapi.co/api/v2/version-group/20/"
      }
    },
    {
      "flavor_text": "Anwender bei\u00dft mit flammenden Rei\u00dfz\u00e4hnen zu.\nZiel schreckt eventuell zur\u00fcck oder erleidet\nVerbrennungen.",
      "language": {
        "name": "de",
        "url": "https://pokeapi.co/api/v2/language/6/"
      },
      "version_group": {
        "name": "sword-shield",
        "url": "https://pokeapi.co/api/v2/version-group/20/"
      }
    },
    {
      "flavor_text": "El usuario muerde al objetivo con colmillos en llamas y\npuede hacer que se amedrente o sufra quemaduras.",
      "language": {
        "name": "es",
        "url": "https://pokeapi.co/api/v2/language/7/"
      },
      "version_group": {
        "name": "sword-shield",
        "url": "https://pokeapi.co/api/v2/version-group/20/"
      }
    },
    {
      "flavor_text": "Chi la usa morde con denti infuocati. Pu\u00f2 anche\nscottare o far tentennare il bersaglio.",
      "language": {
        "name": "it",
        "url": "https://pokeapi.co/api/v2/language/8/"
      },
      "version_group": {
        "name": "sword-shield",
        "url": "https://pokeapi.co/api/v2/version-group/20/"
      }
    },
    {
      "flavor_text": "The user bites with flame-cloaked fangs. This may\nalso make the target flinch or leave it with a burn.",
      "language": {
        "name": "en",
        "url": "https://pokeapi.co/api/v2/language/9/"
      },
      "version_group": {
        "name": "sword-shield",
        "url": "https://pokeapi.co/api/v2/version-group/20/"
      }
    },
    {
      "flavor_text": "\u708e\u3092\u3000\u307e\u3068\u3063\u305f\u3000\u30ad\u30d0\u3067\u3000\u304b\u307f\u3064\u304f\u3002\n\u76f8\u624b\u3092\u3000\u3072\u308b\u307e\u305b\u305f\u308a\n\u3084\u3051\u3069\u72b6\u614b\u306b\u3000\u3059\u308b\u3053\u3068\u304c\u3000\u3042\u308b\u3002",
      "language": {
        "name": "ja",
        "url": "https://pokeapi.co/api/v2/language/11/"
      },
      "version_group": {
        "name": "sword-shield",
        "url": "https://pokeapi.co/api/v2/version-group/20/"
      }
    },
    {
      "flavor_text": "\u7528\u8986\u76d6\u7740\u706b\u7130\u7684\u7259\u9f7f\u54ac\u4f4f\u5bf9\u624b\u3002\n\u6709\u65f6\u4f1a\u4f7f\u5bf9\u624b\u754f\u7f29\n\u6216\u9677\u5165\u707c\u4f24\u72b6\u6001\u3002",
      "language": {
        "name": "zh-Hans",
        "url": "https://pokeapi.co/api/v2/language/12/"
      },
      "version_group": {
        "name": "sword-shield",
        "url": "https://pokeapi.co/api/v2/version-group/20/"
      }
    },
    {
      "flavor_text": "The user bites the target with flame-cloaked fangs to deal damage. This may also leave the target with a burn.",
      "language": {
        "name": "en",
        "url": "https://pokeapi.co/api/v2/language/9/"
      },
      "version_group": {
        "name": "legends-arceus",
        "url": "https://pokeapi.co/api/v2/version-group/24/"
      }
    },
    {
      "flavor_text": "The user bites with flame-cloaked fangs. This may also make the target flinch or leave it with a burn.",
      "language": {
        "name": "en",
        "url": "https://pokeapi.co/api/v2/language/9/"
      },
      "version_group": {
        "name": "scarlet-violet",
        "url": "https://pokeapi.co/api/v2/version-group/25/"
      }
    }
  ],
  "generation": {
    "name": "generation-iv",
    "url": "https://pokeapi.co/api/v2/generation/4/"
  },
  "id": 424,
  "learned_by_pokemon": [
    {
      "name": "charmander",
      "url": "https://pokeapi.co/api/v2/pokemon/4/"
    },
    {
      "name": "charmeleon",
      "url": "https://pokeapi.co/api/v2/pokemon/5/"
    },
    {
      "name": "charizard",
      "url": "https://pokeapi.co/api/v2/pokemon/6/"
    },
    {
      "name": "ekans",
      "url": "https://pokeapi.co/api/v2/pokemon/23/"
    },
    {
      "name": "arbok",
      "url": "https://pokeapi.co/api/v2/pokemon/24/"
    },
    {
      "name": "growlithe",
      "url": "https://pokeapi.co/api/v2/pokemon/58/"
    },
    {
      "name": "arcanine",
      "url": "https://pokeapi.co/api/v2/pokemon/59/"
    },
    {
      "name": "rhyhorn",
      "url": "https://pokeapi.co/api/v2/pokemon/111/"
    },
    {
      "name": "rhydon",
      "url": "https://pokeapi.co/api/v2/pokemon/112/"
    },
    {
      "name": "flareon",
      "url": "https://pokeapi.co/api/v2/pokemon/136/"
    },
    {
      "name": "aerodactyl",
      "url": "https://pokeapi.co/api/v2/pokemon/142/"
    },
    {
      "name": "mew",
      "url": "https://pokeapi.co/api/v2/pokemon/151/"
    },
    {
      "name": "cyndaquil",
      "url": "https://pokeapi.co/api/v2/pokemon/155/"
    },
    {
      "name": "quilava",
      "url": "https://pokeapi.co/api/v2/pokemon/156/"
    },
    {
      "name": "typhlosion",
      "url": "https://pokeapi.co/api/v2/pokemon/157/"
    },
    {
      "name": "gligar",
      "url": "https://pokeapi.co/api/v2/pokemon/207/"
    },
    {
      "name": "steelix",
      "url": "https://pokeapi.co/api/v2/pokemon/208/"
    },
    {
      "name": "snubbull",
      "url": "https://pokeapi.co/api/v2/pokemon/209/"
    },
    {
      "name": "granbull",
      "url": "https://pokeapi.co/api/v2/pokemon/210/"
    },
    {
      "name": "houndour",
      "url": "https://pokeapi.co/api/v2/pokemon/228/"
    },
    {
      "name": "houndoom",
      "url": "https://pokeapi.co/api/v2/pokemon/229/"
    },
    {
      "name": "donphan",
      "url": "https://pokeapi.co/api/v2/pokemon/232/"
    },
    {
      "name": "entei",
      "url": "https://pokeapi.co/api/v2/pokemon/244/"
    },
    {
      "name": "tyranitar",
      "url": "https://pokeapi.co/api/v2/pokemon/248/"
    },
    {
      "name": "poochyena",
      "url": "https://pokeapi.co/api/v2/pokemon/261/"
    },
    {
      "name": "mightyena",
      "url": "https://pokeapi.co/api/v2/pokemon/262/"
    },
    {
      "name": "exploud",
      "url": "https://pokeapi.co/api/v2/pokemon/295/"
    },
    {
      "name": "mawile",
      "url": "https://pokeapi.co/api/v2/pokemon/303/"
    },
    {
      "name": "electrike",
      "url": "https://pokeapi.co/api/v2/pokemon/309/"
    },
    {
      "name": "manectric",
      "url": "https://pokeapi.co/api/v2/pokemon/310/"
    },
    {
      "name": "seviper",
      "url": "https://pokeapi.co/api/v2/pokemon/336/"
    },
    {
      "name": "bagon",
      "url": "https://pokeapi.co/api/v2/pokemon/371/"
    },
    {
      "name": "shelgon",
      "url": "https://pokeapi.co/api/v2/pokemon/372/"
    },
    {
      "name": "salamence",
      "url": "https://pokeapi.co/api/v2/pokemon/373/"
    },
    {
      "name": "groudon",
      "url": "https://pokeapi.co/api/v2/pokemon/383/"
    },
    {
      "name": "shinx",
      "url": "https://pokeapi.co/api/v2/pokemon/403/"
    },
    {
      "name": "luxio",
      "url": "https://pokeapi.co/api/v2/pokemon/404/"
    },
    {
      "name": "luxray",
      "url": "https://pokeapi.co/api/v2/pokemon/405/"
    },
    {
      "name": "gible",
      "url": "https://pokeapi.co/api/v2/pokemon/443/"
    },
    {
      "name": "gabite",
      "url": "https://pokeapi.co/api/v2/pokemon/444/"
    },
    {
      "name": "garchomp",
      "url": "https://pokeapi.co/api/v2/pokemon/445/"
    },
    {
      "name": "hippopotas",
      "url": "https://pokeapi.co/api/v2/pokemon/449/"
    },
    {
      "name": "hippowdon",
      "url": "https://pokeapi.co/api/v2/pokemon/450/"
    },
    {
      "name": "drapion",
      "url": "https://pokeapi.co/api/v2/pokemon/452/"
    },
    {
      "name": "rhyperior",
      "url": "https://pokeapi.co/api/v2/pokemon/464/"
    },
    {
      "name": "gliscor",
      "url": "https://pokeapi.co/api/v2/pokemon/472/"
    },
    {
      "name": "heatran",
      "url": "https://pokeapi.co/api/v2/pokemon/485/"
    },
    {
      "name": "lillipup",
      "url": "https://pokeapi.co/api/v2/pokemon/506/"
    },
    {
      "name": "herdier",
      "url": "https://pokeapi.co/api/v2/pokemon/507/"
    },
    {
      "name": "stoutland",
      "url": "https://pokeapi.co/api/v2/pokemon/508/"
    },
    {
      "name": "sandile",
      "url": "https://pokeapi.co/api/v2/pokemon/551/"
    },
    {
      "name": "krokorok",
      "url": "https://pokeapi.co/api/v2/pokemon/552/"
    },
    {
      "name": "krookodile",
      "url": "https://pokeapi.co/api/v2/pokemon/553/"
    },
    {
      "name": "darumaka",
      "url": "https://pokeapi.co/api/v2/pokemon/554/"
    },
    {
      "name": "darmanitan-standard",
      "url": "https://pokeapi.co/api/v2/pokemon/555/"
    },
    {
      "name": "druddigon",
      "url": "https://pokeapi.co/api/v2/pokemon/621/"
    },
    {
      "name": "deino",
      "url": "https://pokeapi.co/api/v2/pokemon/633/"
    },
    {
      "name": "zweilous",
      "url": "https://pokeapi.co/api/v2/pokemon/634/"
    },
    {
      "name": "hydreigon",
      "url": "https://pokeapi.co/api/v2/pokemon/635/"
    },
    {
      "name": "reshiram",
      "url": "https://pokeapi.co/api/v2/pokemon/643/"
    },
    {
      "name": "litleo",
      "url": "https://pokeapi.co/api/v2/pokemon/667/"
    },
    {
      "name": "pyroar",
      "url": "https://pokeapi.co/api/v2/pokemon/668/"
    },
    {
      "name": "tyrunt",
      "url": "https://pokeapi.co/api/v2/pokemon/696/"
    },
    {
      "name": "tyrantrum",
      "url": "https://pokeapi.co/api/v2/pokemon/697/"
    },
    {
      "name": "volcanion",
      "url": "https://pokeapi.co/api/v2/pokemon/721/"
    },
    {
      "name": "litten",
      "url": "https://pokeapi.co/api/v2/pokemon/725/"
    },
    {
      "name": "torracat",
      "url": "https://pokeapi.co/api/v2/pokemon/726/"
    },
    {
      "name": "incineroar",
      "url": "https://pokeapi.co/api/v2/pokemon/727/"
    },
    {
      "name": "yungoos",
      "url": "https://pokeapi.co/api/v2/pokemon/734/"
    },
    {
      "name": "gumshoos",
      "url": "https://pokeapi.co/api/v2/pokemon/735/"
    },
    {
      "name": "rockruff",
      "url": "https://pokeapi.co/api/v2/pokemon/744/"
    },
    {
      "name": "lycanroc-midday",
      "url": "https://pokeapi.co/api/v2/pokemon/745/"
    },
    {
      "name": "salandit",
      "url": "https://pokeapi.co/api/v2/pokemon/757/"
    },
    {
      "name": "salazzle",
      "url": "https://pokeapi.co/api/v2/pokemon/758/"
    },
    {
      "name": "silvally",
      "url": "https://pokeapi.co/api/v2/pokemon/773/"
    },
    {
      "name": "scorbunny",
      "url": "https://pokeapi.co/api/v2/pokemon/813/"
    },
    {
      "name": "raboot",
      "url": "https://pokeapi.co/api/v2/pokemon/814/"
    },
    {
      "name": "cinderace",
      "url": "https://pokeapi.co/api/v2/pokemon/815/"
    },
    {
      "name": "greedent",
      "url": "https://pokeapi.co/api/v2/pokemon/820/"
    },
    {
      "name": "thievul",
      "url": "https://pokeapi.co/api/v2/pokemon/828/"
    },
    {
      "name": "yamper",
      "url": "https://pokeapi.co/api/v2/pokemon/835/"
    },
    {
      "name": "boltund",
      "url": "https://pokeapi.co/api/v2/pokemon/836/"
    },
    {
      "name": "sandaconda",
      "url": "https://pokeapi.co/api/v2/pokemon/844/"
    },
    {
      "name": "centiskorch",
      "url": "https://pokeapi.co/api/v2/pokemon/851/"
    },
    {
      "name": "morpeko-full-belly",
      "url": "https://pokeapi.co/api/v2/pokemon/877/"
    },
    {
      "name": "dracozolt",
      "url": "https://pokeapi.co/api/v2/pokemon/880/"
    },
    {
      "name": "zacian",
      "url": "https://pokeapi.co/api/v2/pokemon/888/"
    },
    {
      "name": "zamazenta",
      "url": "https://pokeapi.co/api/v2/pokemon/889/"
    },
    {
      "name": "regidrago",
      "url": "https://pokeapi.co/api/v2/pokemon/895/"
    },
    {
      "name": "fuecoco",
      "url": "https://pokeapi.co/api/v2/pokemon/909/"
    },
    {
      "name": "crocalor",
      "url": "https://pokeapi.co/api/v2/pokemon/910/"
    },
    {
      "name": "skeledirge",
      "url": "https://pokeapi.co/api/v2/pokemon/911/"
    },
    {
      "name": "fidough",
      "url": "https://pokeapi.co/api/v2/pokemon/926/"
    },
    {
      "name": "dachsbun",
      "url": "https://pokeapi.co/api/v2/pokemon/927/"
    },
    {
      "name": "maschiff",
      "url": "https://pokeapi.co/api/v2/pokemon/942/"
    },
    {
      "name": "mabosstiff",
      "url": "https://pokeapi.co/api/v2/pokemon/943/"
    },
    {
      "name": "scovillain",
      "url": "https://pokeapi.co/api/v2/pokemon/952/"
    },
    {
      "name": "cyclizar",
      "url": "https://pokeapi.co/api/v2/pokemon/967/"
    },
    {
      "name": "greavard",
      "url": "https://pokeapi.co/api/v2/pokemon/971/"
    },
    {
      "name": "houndstone",
      "url": "https://pokeapi.co/api/v2/pokemon/972/"
    },
    {
      "name": "great-tusk",
      "url": "https://pokeapi.co/api/v2/pokemon/984/"
    },
    {
      "name": "scream-tail",
      "url": "https://pokeapi.co/api/v2/pokemon/985/"
    },
    {
      "name": "iron-jugulis",
      "url": "https://pokeapi.co/api/v2/pokemon/993/"
    },
    {
      "name": "iron-thorns",
      "url": "https://pokeapi.co/api/v2/pokemon/995/"
    },
    {
      "name": "roaring-moon",
      "url": "https://pokeapi.co/api/v2/pokemon/1005/"
    },
    {
      "name": "koraidon",
      "url": "https://pokeapi.co/api/v2/pokemon/1007/"
    },
    {
      "name": "walking-wake",
      "url": "https://pokeapi.co/api/v2/pokemon/1009/"
    },
    {
      "name": "okidogi",
      "url": "https://pokeapi.co/api/v2/pokemon/1014/"
    },
    {
      "name": "gouging-fire",
      "url": "https://pokeapi.co/api/v2/pokemon/1020/"
    },
    {
      "name": "darmanitan-zen",
      "url": "https://pokeapi.co/api/v2/pokemon/10017/"
    },
    {
      "name": "charizard-mega-x",
      "url": "https://pokeapi.co/api/v2/pokemon/10034/"
    },
    {
      "name": "charizard-mega-y",
      "url": "https://pokeapi.co/api/v2/pokemon/10035/"
    },
    {
      "name": "aerodactyl-mega",
      "url": "https://pokeapi.co/api/v2/pokemon/10042/"
    },
    {
      "name": "houndoom-mega",
      "url": "https://pokeapi.co/api/v2/pokemon/10048/"
    },
    {
      "name": "tyranitar-mega",
      "url": "https://pokeapi.co/api/v2/pokemon/10049/"
    },
    {
      "name": "mawile-mega",
      "url": "https://pokeapi.co/api/v2/pokemon/10052/"
    },
    {
      "name": "manectric-mega",
      "url": "https://pokeapi.co/api/v2/pokemon/10055/"
    },
    {
      "name": "garchomp-mega",
      "url": "https://pokeapi.co/api/v2/pokemon/10058/"
    },
    {
      "name": "steelix-mega",
      "url": "https://pokeapi.co/api/v2/pokemon/10072/"
    },
    {
      "name": "salamence-mega",
      "url": "https://pokeapi.co/api/v2/pokemon/10089/"
    },
    {
      "name": "lycanroc-midnight",
      "url": "https://pokeapi.co/api/v2/pokemon/10126/"
    },
    {
      "name": "rockruff-own-tempo",
      "url": "https://pokeapi.co/api/v2/pokemon/10151/"
    },
    {
      "name": "lycanroc-dusk",
      "url": "https://pokeapi.co/api/v2/pokemon/10152/"
    },
    {
      "name": "darumaka-galar",
      "url": "https://pokeapi.co/api/v2/pokemon/10176/"
    },
    {
      "name": "darmanitan-galar-standard",
      "url": "https://pokeapi.co/api/v2/pokemon/10177/"
    },
    {
      "name": "darmanitan-galar-zen",
      "url": "https://pokeapi.co/api/v2/pokemon/10178/"
    },
    {
      "name": "morpeko-hangry",
      "url": "https://pokeapi.co/api/v2/pokemon/10187/"
    },
    {
      "name": "zacian-crowned",
      "url": "https://pokeapi.co/api/v2/pokemon/10188/"
    },
    {
      "name": "zamazenta-crowned",
      "url": "https://pokeapi.co/api/v2/pokemon/10189/"
    },
    {
      "name": "growlithe-hisui",
      "url": "https://pokeapi.co/api/v2/pokemon/10229/"
    },
    {
      "name": "arcanine-hisui",
      "url": "https://pokeapi.co/api/v2/pokemon/10230/"
    },
    {
      "name": "typhlosion-hisui",
      "url": "https://pokeapi.co/api/v2/pokemon/10233/"
    },
    {
      "name": "koraidon-limited-build",
      "url": "https://pokeapi.co/api/v2/pokemon/10264/"
    },
    {
      "name": "koraidon-sprinting-build",
      "url": "https://pokeapi.co/api/v2/pokemon/10265/"
    },
    {
      "name": "koraidon-swimming-build",
      "url": "https://pokeapi.co/api/v2/pokemon/10266/"
    },
    {
      "name": "koraidon-gliding-build",
      "url": "https://pokeapi.co/api/v2/pokemon/10267/"
    }
  ],
  "machines": [
    {
      "machine": {
        "url": "https://pokeapi.co/api/v2/machine/1191/"
      },
      "version_group": {
        "name": "sword-shield",
        "url": "https://pokeapi.co/api/v2/version-group/20/"
      }
    },
    {
      "machine": {
        "url": "https://pokeapi.co/api/v2/machine/1713/"
      },
      "version_group": {
        "name": "scarlet-violet",
        "url": "https://pokeapi.co/api/v2/version-group/25/"
      }
    }
  ],
  "meta": {
    "ailment": {
      "name": "burn",
      "url": "https://pokeapi.co/api/v2/move-ailment/4/"
    },
    "ailment_chance": 10,
    "category": {
      "name": "damage+ailment",
      "url": "https://pokeapi.co/api/v2/move-category/4/"
    },
    "crit_rate": 0,
    "drain": 0,
    "flinch_chance": 10,
    "healing": 0,
    "max_hits": null,
    "max_turns": null,
    "min_hits": null,
    "min_turns": null,
    "stat_chance": 0
  },
  "name": "fire-fang",
  "names": [
    {
      "language": {
        "name": "ja-Hrkt",
        "url": "https://pokeapi.co/api/v2/language/1/"
      },
      "name": "\u307b\u306e\u304a\u306e\u30ad\u30d0"
    },
    {
      "language": {
        "name": "ko",
        "url": "https://pokeapi.co/api/v2/language/3/"
      },
      "name": "\ubd88\uaf43\uc5c4\ub2c8"
    },
    {
      "language": {
        "name": "zh-Hant",
        "url": "https://pokeapi.co/api/v2/language/4/"
      },
      "name": "\u706b\u7130\u7259"
    },
    {
      "language": {
        "name": "fr",
        "url": "https://pokeapi.co/api/v2/language/5/"
      },
      "name": "Crocs Feu"
    },
    {
      "language": {
        "name": "de",
        "url": "https://pokeapi.co/api/v2/language/6/"
      },
      "name": "Feuerzahn"
    },
    {
      "language": {
        "name": "es",
        "url": "https://pokeapi.co/api/v2/language/7/"
      },
      "name": "Colmillo \u00cdgneo"
    },
    {
      "language": {
        "name": "it",
        "url": "https://pokeapi.co/api/v2/language/8/"
      },
      "name": "Rogodenti"
    },
    {
      "language": {
        "name": "en",
        "url": "https://pokeapi.co/api/v2/language/9/"
      },
      "name": "Fire Fang"
    },
    {
      "language": {
        "name": "ja",
        "url": "https://pokeapi.co/api/v2/language/11/"
      },
      "name": "\u307b\u306e\u304a\u306e\u30ad\u30d0"
    },
    {
      "language": {
        "name": "zh-Hans",
        "url": "https://pokeapi.co/api/v2/language/12/"
      },
      "name": "\u706b\u7130\u7259"
    }
  ],
  "past_values": [],
  "power": 65,
  "pp": 15,
  "priority": 0,
  "stat_changes": [],
  "super_contest_effect": {
    "url": "https://pokeapi.co/api/v2/super-contest-effect/5/"
  },
  "target": {
    "name": "selected-pokemon",
    "url": "https://pokeapi.co/api/v2/move-target/10/"
  },
  "type": {
    "name": "fire",
    "url": "https://pokeapi.co/api/v2/type/10/"
  }
}