{
  "accuracy": 100,
  "contest_combos": null,
  "contest_effect": null,
  "contest_type": null,
  "damage_class": {
    "name": "special",
    "url": "https://pokeapi.co/api/v2/move-damage-class/3/"
  },
  "effect_chance": null,
  "effect_changes": [],
  "effect_entries": [
    {
      "effect": "Inflicts regular damage.  Damage calculation always uses the target\u2019s Defense, regardless of this move\u2019s damage class.",
      "language": {
        "name": "en",
        "url": "https://pokeapi.co/api/v2/language/9/"
      },
      "short_effect": "Inflicts damage based on the target\u2019s Defense, not Special Defense."
    }
  ],
  "flavor_text_entries": [
    {
      "flavor_text": "Le lanceur mat\u00e9rialise des ondes\nmyst\u00e9rieuses qu\u2019il projette sur\nl\u2019ennemi. Inflige des d\u00e9g\u00e2ts physiques.",
      "language": {
        "name": "fr",
        "url": "https://pokeapi.co/api/v2/language/5/"
      },
      "version_group": {
        "name": "black-white",
        "url": "https://pokeapi.co/api/v2/version-group/11/"
      }
    },
    {
      "flavor_text": "The user materializes an odd\npsychic wave to attack the target.\nThis attack does physical damage.",
      "language": {
        "name": "en",
        "url": "https://pokeapi.co/api/v2/language/9/"
      },
      "version_group": {
        "name": "black-white",
        "url": "https://pokeapi.co/api/v2/version-group/11/"
      }
    },
    {
      "flavor_text": "The user materializes an odd\npsychic wave to attack the target.\nThis attack does physical damage.",
      "language": {
        "name": "en",
        "url": "https://pokeapi.co/api/v2/language/9/"
      },
      "version_group": {
        "name": "black-2-white-2",
        "url": "https://pokeapi.co/api/v2/version-group/14/"
      }
    },
    {
      "flavor_text": "\u3075\u3057\u304e\u306a\u3000\u306d\u3093\u3071\u3092\u3000\u3058\u3063\u305f\u3044\u304b\u3057\u3066\n\u3042\u3044\u3066\u3092\u3000\u3053\u3046\u3052\u304d\u3059\u308b\u3002\n\u3076\u3064\u308a\u3066\u304d\u306a\u3000\u30c0\u30e1\u30fc\u30b8\u3092\u3000\u3042\u305f\u3048\u308b\u3002",
      "language": {
        "name": "ja-Hrkt",
        "url": "https://pokeapi.co/api/v2/language/1/"
      },
      "version_group": {
        "name": "x-y",
        "url": "https://pokeapi.co/api/v2/version-group/15/"
      }
    },
    {
      "flavor_text": "\uc774\uc0c1\ud55c \uc5fc\ub825\ud30c\ub97c \uc2e4\uccb4\ud654\ud558\uc5ec\n\uc0c1\ub300\ub97c \uacf5\uaca9\ud55c\ub2e4.\n\ubb3c\ub9ac\uc801\uc778 \ub370\ubbf8\uc9c0\ub97c \uc900\ub2e4.",
      "language": {
        "name": "ko",
        "url": "https://pokeapi.co/api/v2/language/3/"
      },
      "version_group": {
        "name": "x-y",
        "url": "https://pokeapi.co/api/v2/version-group/15/"
      }
    },
    {
      "flavor_text": "Le lanceur mat\u00e9rialise des ondes myst\u00e9rieuses\nqu\u2019il projette sur l\u2019ennemi. Inflige des d\u00e9g\u00e2ts\nphysiques.",
      "language": {
        "name": "fr",
        "url": "https://pokeapi.co/api/v2/language/5/"
      },
      "version_group": {
        "name": "x-y",
        "url": "https://pokeapi.co/api/v2/version-group/15/"
      }
    },
    {
      "flavor_text": "Anwender erzeugt eine seltsame Energiewelle,\ndie dem Ziel physischen Schaden zuf\u00fcgt.",
      "language": {
        "name": "de",
        "url": "https://pokeapi.co/api/v2/language/6/"
      },
      "version_group": {
        "name": "x-y",
        "url": "https://pokeapi.co/api/v2/version-group/15/"
      }
    },
    {
      "flavor_text": "Crea una onda ps\u00edquica que causa da\u00f1o f\u00edsico al\nobjetivo.",
      "language": {
        "name": "es",
        "url": "https://pokeapi.co/api/v2/language/7/"
      },
      "version_group": {
        "name": "x-y",
        "url": "https://pokeapi.co/api/v2/version-group/15/"
      }
    },
    {
      "flavor_text": "Chi la usa attacca il bersaglio facendo\nmaterializzare un misterioso raggio psichico\nche provoca danni fisici.",
      "language": {
        "name": "it",
        "url": "https://pokeapi.co/api/v2/language/8/"
      },
      "version_group": {
        "name": "x-y",
        "url": "https://pokeapi.co/api/v2/version-group/15/"
      }
    },
    {
      "flavor_text": "The user materializes an odd\npsychic wave to attack the target.\nThis attack does physical damage.",
      "language": {
        "name": "en",
        "url": "https://pokeapi.co/api/v2/language/9/"
      },
      "version_group": {
        "name": "x-y",
        "url": "https://pokeapi.co/api/v2/version-group/15/"
      }
    },
    {
      "flavor_text": "\u4e0d\u601d\u8b70\u306a\u3000\u5ff5\u6ce2\u3092\u3000\u5b9f\u4f53\u5316\u3057\u3066\n\u76f8\u624b\u3092\u3000\u653b\u6483\u3059\u308b\u3002\n\u7269\u7406\u7684\u306a\u3000\u30c0\u30e1\u30fc\u30b8\u3092\u3000\u4e0e\u3048\u308b\u3002",
      "language": {
        "name": "ja",
        "url": "https://pokeapi.co/api/v2/language/11/"
      },
      "version_group": {
        "name": "x-y",
        "url": "https://pokeapi.co/api/v2/version-group/15/"
      }
    },
    {
      "flavor_text": "\u3075\u3057\u304e\u306a\u3000\u306d\u3093\u3071\u3092\u3000\u3058\u3063\u305f\u3044\u304b\u3057\u3066\n\u3042\u3044\u3066\u3092\u3000\u3053\u3046\u3052\u304d\u3059\u308b\u3002\n\u3076\u3064\u308a\u3066\u304d\u306a\u3000\u30c0\u30e1\u30fc\u30b8\u3092\u3000\u3042\u305f\u3048\u308b\u3002",
      "language": {
        "name": "ja-Hrkt",
        "url": "https://pokeapi.co/api/v2/language/1/"
      },
      "version_group": {
        "name": "omega-ruby-alpha-sapphire",
        "url": "https://pokeapi.co/api/v2/version-group/16/"
      }
    },
    {
      "flavor_text": "\uc774\uc0c1\ud55c \uc5fc\ub825\ud30c\ub97c \uc2e4\uccb4\ud654\ud558\uc5ec\n\uc0c1\ub300\ub97c \uacf5\uaca9\ud55c\ub2e4.\n\ubb3c\ub9ac\uc801\uc778 \ub370\ubbf8\uc9c0\ub97c \uc900\ub2e4.",
      "language": {
        "name": "ko",
        "url": "https://pokeapi.co/api/v2/language/3/"
      },
      "version_group": {
        "name": "omega-ruby-alpha-sapphire",
        "url": "https://pokeapi.co/api/v2/version-group/16/"
      }
    },
    {
      "flavor_text": "Le lanceur mat\u00e9rialise des ondes myst\u00e9rieuses\nqu\u2019il projette sur l\u2019ennemi. Inflige des d\u00e9g\u00e2ts\nphysiques.",
      "language": {
        "name": "fr",
        "url": "https://pokeapi.co/api/v2/language/5/"
      },
      "version_group": {
        "name": "omega-ruby-alpha-sapphire",
        "url": "https://pokeapi.co/api/v2/version-group/16/"
      }
    },
    {
      "flavor_text": "Anwender erzeugt eine seltsame Energiewelle,\ndie dem Ziel physischen Schaden zuf\u00fcgt.",
      "language": {
        "name": "de",
        "url": "https://pokeapi.co/api/v2/language/6/"
      },
      "version_group": {
        "name": "omega-ruby-alpha-sapphire",
        "url": "https://pokeapi.co/api/v2/version-group/16/"
      }
    },
    {
      "flavor_text": "Crea una onda ps\u00edquica que causa da\u00f1o f\u00edsico al \nobjetivo.",
      "language": {
        "name": "es",
        "url": "https://pokeapi.co/api/v2/language/7/"
      },
      "version_group": {
        "name": "omega-ruby-alpha-sapphire",
        "url": "https://pokeapi.co/api/v2/version-group/16/"
      }
    },
    {
      "flavor_text": "Chi la usa attacca il bersaglio facendo\nmaterializzare un misterioso raggio psichico\nche provoca danni fisici.",
      "language": {
        "name": "it",
        "url": "https://pokeapi.co/api/v2/language/8/"
      },
      "version_group": {
        "name": "omega-ruby-alpha-sapphire",
        "url": "https://pokeapi.co/api/v2/version-group/16/"
      }
    },
    {
      "flavor_text": "The user materializes an odd\npsychic wave to attack the target.\nThis attack does physical damage.",
      "language": {
        "name": "en",
        "url": "https://pokeapi.co/api/v2/language/9/"
      },
      "version_group": {
        "name": "omega-ruby-alpha-sapphire",
        "url": "https://pokeapi.co/api/v2/version-group/16/"
      }
    },
    {
      "flavor_text": "\u4e0d\u601d\u8b70\u306a\u3000\u5ff5\u6ce2\u3092\u3000\u5b9f\u4f53\u5316\u3057\u3066\n\u76f8\u624b\u3092\u3000\u653b\u6483\u3059\u308b\u3002\n\u7269\u7406\u7684\u306a\u3000\u30c0\u30e1\u30fc\u30b8\u3092\u3000\u4e0e\u3048\u308b\u3002",
      "language": {
        "name": "ja",
        "url": "https://pokeapi.co/api/v2/language/11/"
      },
      "version_group": {
        "name": "omega-ruby-alpha-sapphire",
        "url": "https://pokeapi.co/api/v2/version-group/16/"
      }
    },
    {
      "flavor_text": "\u3075\u3057\u304e\u306a\u3000\u306d\u3093\u3071\u3092\u3000\u3058\u3063\u305f\u3044\u304b\u3057\u3066\n\u3042\u3044\u3066\u3092\u3000\u3053\u3046\u3052\u304d\u3059\u308b\u3002\n\u3076\u3064\u308a\u3066\u304d\u306a\u3000\u30c0\u30e1\u30fc\u30b8\u3092\u3000\u3042\u305f\u3048\u308b\u3002",
      "language": {
        "name": "ja-Hrkt",
        "url": "https://pokeapi.co/api/v2/language/1/"
      },
      "version_group": {
        "name": "sun-moon",
        "url": "https://pokeapi.co/api/v2/version-group/17/"
      }
    },
    {
      "flavor_text": "\uc774\uc0c1\ud55c \uc5fc\ub825\ud30c\ub97c \uc2e4\uccb4\ud654\ud558\uc5ec\n\uc0c1\ub300\ub97c \uacf5\uaca9\ud55c\ub2e4.\n\ubb3c\ub9ac\uc801\uc778 \ub370\ubbf8\uc9c0\ub97c \uc900\ub2e4.",
      "language": {
        "name": "ko",
        "url": "https://pokeapi.co/api/v2/language/3/"
      },
      "version_group": {
        "name": "sun-moon",
        "url": "https://pokeapi.co/api/v2/version-group/17/"
      }
    },
    {
      "flavor_text": "\u5c07\u795e\u5947\u7684\u5ff5\u529b\u6ce2\u5be6\u9ad4\u5316\u5f8c\u653b\u64ca\u5c0d\u624b\u3002\n\u7d66\u4e88\u5c0d\u624b\u7269\u7406\u50b7\u5bb3\u3002",
      "language": {
        "name": "zh-Hant",
        "url": "https://pokeapi.co/api/v2/language/4/"
      },
      "version_group": {
        "name": "sun-moon",
        "url": "https://pokeapi.co/api/v2/version-group/17/"
      }
    },
    {
      "flavor_text": "Le lanceur mat\u00e9rialise des ondes myst\u00e9rieuses\nqu\u2019il projette sur l\u2019ennemi. Inflige des d\u00e9g\u00e2ts\nphysiques.",
      "language": {
        "name": "fr",
        "url": "https://pokeapi.co/api/v2/language/5/"
      },
      "version_group": {
        "name": "sun-moon",
        "url": "https://pokeapi.co/api/v2/version-group/17/"
      }
    },
    {
      "flavor_text": "Anwender erzeugt eine seltsame Energiewelle,\ndie dem Ziel physischen Schaden zuf\u00fcgt.",
      "language": {
        "name": "de",
        "url": "https://pokeapi.co/api/v2/language/6/"
      },
      "version_group": {
        "name": "sun-moon",
        "url": "https://pokeapi.co/api/v2/version-group/17/"
      }
    },
    {
      "flavor_text": "Crea una onda ps\u00edquica que causa da\u00f1o f\u00edsico al \nobjetivo.",
      "language": {
        "name": "es",
        "url": "https://pokeapi.co/api/v2/language/7/"
      },
      "version_group": {
        "name": "sun-moon",
        "url": "https://pokeapi.co/api/v2/version-group/17/"
      }
    },
    {
      "flavor_text": "Chi la usa attacca il bersaglio facendo\nmaterializzare un misterioso raggio psichico\nche provoca danni fisici.",
      "language": {
        "name": "it",
        "url": "https://pokeapi.co/api/v2/language/8/"
      },
      "version_group": {
        "name": "sun-moon",
        "url": "https://pokeapi.co/api/v2/version-group/17/"
      }
    },
    {
      "flavor_text": "The user materializes an odd psychic wave to attack\nthe target. This attack does physical damage.",
      "language": {
        "name": "en",
        "url": "https://pokeapi.co/api/v2/language/9/"
      },
      "version_group": {
        "name": "sun-moon",
        "url": "https://pokeapi.co/api/v2/version-group/17/"
      }
    },
    {
      "flavor_text": "\u4e0d\u601d\u8b70\u306a\u3000\u5ff5\u6ce2\u3092\u3000\u5b9f\u4f53\u5316\u3057\u3066\n\u76f8\u624b\u3092\u3000\u653b\u6483\u3059\u308b\u3002\n\u7269\u7406\u7684\u306a\u3000\u30c0\u30e1\u30fc\u30b8\u3092\u3000\u4e0e\u3048\u308b\u3002",
      "language": {
        "name": "ja",
        "url": "https://pokeapi.co/api/v2/language/11/"
      },
      "version_group": {
        "name": "sun-moon",
        "url": "https://pokeapi.co/api/v2/version-group/17/"
      }
    },
    {
      "flavor_text": "\u5c06\u795e\u5947\u7684\u5ff5\u6ce2\u5b9e\u4f53\u5316\u653b\u51fb\u5bf9\u624b\u3002\n\u7ed9\u4e88\u7269\u7406\u4f24\u5bb3\u3002",
      "language": {
        "name": "zh-Hans",
        "url": "https://pokeapi.co/api/v2/language/12/"
      },
      "version_group": {
        "name": "sun-moon",
        "url": "https://pokeapi.co/api/v2/version-group/17/"
      }
    },
    {
      "flavor_text": "\u3075\u3057\u304e\u306a\u3000\u306d\u3093\u3071\u3092\u3000\u3058\u3063\u305f\u3044\u304b\u3057\u3066\n\u3042\u3044\u3066\u3092\u3000\u3053\u3046\u3052\u304d\u3059\u308b\u3002\n\u3076\u3064\u308a\u3066\u304d\u306a\u3000\u30c0\u30e1\u30fc\u30b8\u3092\u3000\u3042\u305f\u3048\u308b\u3002",
      "language": {
        "name": "ja-Hrkt",
        "url": "https://pokeapi.co/api/v2/language/1/"
      },
      "version_group": {
        "name": "ultra-sun-ultra-moon",
        "url": "https://pokeapi.co/api/v2/version-group/18/"
      }
    },
    {
      "flavor_text": "\uc774\uc0c1\ud55c \uc5fc\ub825\ud30c\ub97c \uc2e4\uccb4\ud654\ud558\uc5ec\n\uc0c1\ub300\ub97c \uacf5\uaca9\ud55c\ub2e4.\n\ubb3c\ub9ac\uc801\uc778 \ub370\ubbf8\uc9c0\ub97c \uc900\ub2e4.",
      "language": {
        "name": "ko",
        "url": "https://pokeapi.co/api/v2/language/3/"
      },
      "version_group": {
        "name": "ultra-sun-ultra-moon",
        "url": "https://pokeapi.co/api/v2/version-group/18/"
      }
    },
    {
      "flavor_text": "\u5c07\u795e\u5947\u7684\u5ff5\u529b\u6ce2\u5be6\u9ad4\u5316\u5f8c\u653b\u64ca\u5c0d\u624b\u3002\n\u7d66\u4e88\u5c0d\u624b\u7269\u7406\u50b7\u5bb3\u3002",
      "language": {
        "name": "zh-Hant",
        "url": "https://pokeapi.co/api/v2/language/4/"
      },
      "version_group": {
        "name": "ultra-sun-ultra-moon",
        "url": "https://pokeapi.co/api/v2/version-group/18/"
      }
    },
    {
      "flavor_text": "Le lanceur mat\u00e9rialise des ondes myst\u00e9rieuses\nqu\u2019il projette sur l\u2019ennemi. Inflige des d\u00e9g\u00e2ts\nphysiques.",
      "language": {
        "name": "fr",
        "url": "https://pokeapi.co/api/v2/language/5/"
      },
      "version_group": {
        "name": "ultra-sun-ultra-moon",
        "url": "https://pokeapi.co/api/v2/version-group/18/"
      }
    },
    {
      "flavor_text": "Anwender erzeugt eine seltsame Energiewelle,\ndie dem Ziel physischen Schaden zuf\u00fcgt.",
      "language": {
        "name": "de",
        "url": "https://pokeapi.co/api/v2/language/6/"
      },
      "version_group": {
        "name": "ultra-sun-ultra-moon",
        "url": "https://pokeapi.co/api/v2/version-group/18/"
      }
    },
    {
      "flavor_text": "Crea una onda ps\u00edquica que causa da\u00f1o f\u00edsico al \nobjetivo.",
      "language": {
        "name": "es",
        "url": "https://pokeapi.co/api/v2/language/7/"
      },
      "version_group": {
        "name": "ultra-sun-ultra-moon",
        "url": "https://pokeapi.co/api/v2/version-group/18/"
      }
    },
    {
      "flavor_text": "Chi la usa attacca il bersaglio facendo\nmaterializzare un misterioso raggio psichico\nche provoca danni fisici.",
      "language": {
        "name": "it",
        "url": "https://pokeapi.co/api/v2/language/8/"
      },
      "version_group": {
        "name": "ultra-sun-ultra-moon",
        "url": "https://pokeapi.co/api/v2/version-group/18/"
      }
    },
    {
      "flavor_text": "The user materializes an odd psychic wave to attack\nthe target. This attack does physical damage.",
      "language": {
        "name": "en",
        "url": "https://pokeapi.co/api/v2/language/9/"
      },
      "version_group": {
        "name": "ultra-sun-ultra-moon",
        "url": "https://pokeapi.co/api/v2/version-group/18/"
      }
    },
    {
      "flavor_text": "\u4e0d\u601d\u8b70\u306a\u3000\u5ff5\u6ce2\u3092\u3000\u5b9f\u4f53\u5316\u3057\u3066\n\u76f8\u624b\u3092\u3000\u653b\u6483\u3059\u308b\u3002\n\u7269\u7406\u7684\u306a\u3000\u30c0\u30e1\u30fc\u30b8\u3092\u3000\u4e0e\u3048\u308b\u3002",
      "language": {
        "name": "ja",
        "url": "https://pokeapi.co/api/v2/language/11/"
      },
      "version_group": {
        "name": "ultra-sun-ultra-moon",
        "url": "https://pokeapi.co/api/v2/version-group/18/"
      }
    },
    {
      "flavor_text": "\u5c06\u795e\u5947\u7684\u5ff5\u6ce2\u5b9e\u4f53\u5316\u653b\u51fb\u5bf9\u624b\u3002\n\u7ed9\u4e88\u7269\u7406\u4f24\u5bb3\u3002",
      "language": {
        "name": "zh-Hans",
        "url": "https://pokeapi.co/api/v2/language/12/"
      },
      "version_group": {
        "name": "ultra-sun-ultra-moon",
        "url": "https://pokeapi.co/api/v2/version-group/18/"
      }
    },
    {
      "flavor_text": "\u3075\u3057\u304e\u306a\u3000\u306d\u3093\u3071\u3092\u3000\u3058\u3063\u305f\u3044\u304b\u3057\u3066\n\u3042\u3044\u3066\u3092\u3000\u3053\u3046\u3052\u304d\u3059\u308b\u3002\n\u3076\u3064\u308a\u3066\u304d\u306a\u3000\u30c0\u30e1\u30fc\u30b8\u3092\u3000\u3042\u305f\u3048\u308b\u3002",
      "language": {
        "name": "ja-Hrkt",
        "url": "https://pokeapi.co/api/v2/language/1/"
      },
      "version_group": {
        "name": "lets-go-pikachu-lets-go-eevee",
        "url": "https://pokeapi.co/api/v2/version-group/19/"
      }
    },
    {
      "flavor_text": "\uc774\uc0c1\ud55c \uc5fc\ub825\ud30c\ub97c \uc2e4\uccb4\ud654\ud558\uc5ec\n\uc0c1\ub300\ub97c \uacf5\uaca9\ud55c\ub2e4.\n\ubb3c\ub9ac\uc801\uc778 \ub370\ubbf8\uc9c0\ub97c \uc900\ub2e4.",
      "language": {
        "name": "ko",
        "url": "https://pokeapi.co/api/v2/language/3/"
      },
      "version_group": {
        "name": "lets-go-pikachu-lets-go-eevee",
        "url": "https://pokeapi.co/api/v2/version-group/19/"
      }
    },
    {
      "flavor_text": "\u5c07\u795e\u5947\u7684\u5ff5\u529b\u6ce2\u5be6\u9ad4\u5316\u5f8c\u653b\u64ca\u5c0d\u624b\u3002\n\u7d66\u4e88\u5c0d\u624b\u7269\u7406\u50b7\u5bb3\u3002",
      "language": {
        "name": "zh-Hant",
        "url": "https://pokeapi.co/api/v2/language/4/"
      },
      "version_group": {
        "name": "lets-go-pikachu-lets-go-eevee",
        "url": "https://pokeapi.co/api/v2/version-group/19/"
      }
    },
    {
      "flavor_text": "Le lanceur mat\u00e9rialise des ondes myst\u00e9rieuses\nqu\u2019il projette sur l\u2019ennemi. Inflige des d\u00e9g\u00e2ts\nphysiques.",
      "language": {
        "name": "fr",
        "url": "https://pokeapi.co/api/v2/language/5/"
      },
      "version_group": {
        "name": "lets-go-pikachu-lets-go-eevee",
        "url": "https://pokeapi.co/api/v2/version-group/19/"
      }
    },
    {
      "flavor_text": "Anwender erzeugt eine seltsame Energiewelle,\ndie dem Ziel physischen Schaden zuf\u00fcgt.",
      "language": {
        "name": "de",
        "url": "https://pokeapi.co/api/v2/language/6/"
      },
      "version_group": {
        "name": "lets-go-pikachu-lets-go-eevee",
        "url": "https://pokeapi.co/api/v2/version-group/19/"
      }
    },
    {
      "flavor_text": "Crea una onda ps\u00edquica que causa da\u00f1o f\u00edsico al \nobjetivo.",
      "language": {
        "name": "es",
        "url": "https://pokeapi.co/api/v2/language/7/"
      },
      "version_group": {
        "name": "lets-go-pikachu-lets-go-eevee",
        "url": "https://pokeapi.co/api/v2/version-group/19/"
      }
    },
    {
      "flavor_text": "Chi la usa attacca il bersaglio facendo\nmaterializzare un misterioso raggio psichico\nche provoca danni fisici.",
      "language": {
        "name": "it",
        "url": "https://pokeapi.co/api/v2/language/8/"
      },
      "version_group": {
        "name": "lets-go-pikachu-lets-go-eevee",
        "url": "https://pokeapi.co/api/v2/version-group/19/"
      }
    },
    {
      "flavor_text": "The user materializes an odd psychic wave to attack\nthe target. This attack does physical damage.",
      "language": {
        "name": "en",
        "url": "https://pokeapi.co/api/v2/language/9/"
      },
      "version_group": {
        "name": "lets-go-pikachu-lets-go-eevee",
        "url": "https://pokeapi.co/api/v2/version-group/19/"
      }
    },
    {
      "flavor_text": "\u4e0d\u601d\u8b70\u306a\u3000\u5ff5\u6ce2\u3092\u3000\u5b9f\u4f53\u5316\u3057\u3066\n\u76f8\u624b\u3092\u3000\u653b\u6483\u3059\u308b\u3002\n\u7269\u7406\u7684\u306a\u3000\u30c0\u30e1\u30fc\u30b8\u3092\u3000\u4e0e\u3048\u308b\u3002",
      "language": {
        "name": "ja",
        "url": "https://pokeapi.co/api/v2/language/11/"
      },
      "version_group": {
        "name": "lets-go-pikachu-lets-go-eevee",
        "url": "https://pokeapi.co/api/v2/version-group/19/"
      }
    },
    {
      "flavor_text": "\u5c06\u795e\u5947\u7684\u5ff5\u6ce2\u5b9e\u4f53\u5316\u653b\u51fb\u5bf9\u624b\u3002\n\u7ed9\u4e88\u7269\u7406\u4f24\u5bb3\u3002",
      "language": {
        "name": "zh-Hans",
        "url": "https://pokeapi.co/api/v2/language/12/"
      },
      "version_group": {
        "name": "lets-go-pikachu-lets-go-eevee",
        "url": "https://pokeapi.co/api/v2/version-group/19/"
      }
    },
    {
      "flavor_text": "\u3075\u3057\u304e\u306a\u3000\u306d\u3093\u3071\u3092\u3000\u3058\u3063\u305f\u3044\u304b\u3057\u3066\n\u3042\u3044\u3066\u3092\u3000\u3053\u3046\u3052\u304d\u3059\u308b\u3002\n\u3076\u3064\u308a\u3066\u304d\u306a\u3000\u30c0\u30e1\u30fc\u30b8\u3092\u3000\u3042\u305f\u3048\u308b\u3002",
      "language": {
        "name": "ja-Hrkt",
        "url": "https://pokeapi.co/api/v2/language/1/"
      },
      "version_group": {
        "name": "sword-shield",
        "url": "https://pokeapi.co/api/v2/version-group/20/"
      }
    },
    {
      "flavor_text": "\uc774\uc0c1\ud55c \uc5fc\ub825\ud30c\ub97c \uc2e4\uccb4\ud654\ud558\uc5ec\n\uc0c1\ub300\ub97c \uacf5\uaca9\ud55c\ub2e4.\n\ubb3c\ub9ac\uc801\uc778 \ub370\ubbf8\uc9c0\ub97c \uc900\ub2e4.",
      "language": {
        "name": "ko",
        "url": "https://pokeapi.co/api/v2/language/3/"
      },
      "version_group": {
        "name": "sword-shield",
        "url": "https://pokeapi.co/api/v2/version-group/20/"
      }
    },
    {
      "flavor_text": "\u5c07\u795e\u5947\u7684\u5ff5\u529b\u6ce2\u5be6\u9ad4\u5316\u5f8c\u653b\u64ca\u5c0d\u624b\u3002\n\u7d66\u4e88\u5c0d\u624b\u7269\u7406\u50b7\u5bb3\u3002",
      "language": {
        "name": "zh-Hant",
        "url": "https://pokeapi.co/api/v2/language/4/"
      },
      "version_group": {
        "name": "sword-shield",
        "url": "https://pokeapi.co/api/v2/version-group/20/"
      }
    },
    {
      "flavor_text": "Le lanceur mat\u00e9rialise des ondes myst\u00e9rieuses\nqu\u2019il projette sur l\u2019ennemi. Inflige des d\u00e9g\u00e2ts physiques.",
      "language": {
        "name": "fr",
        "url": "https://pokeapi.co/api/v2/language/5/"
      },
      "version_group": {
        "name": "sword-shield",
        "url": "https://pokeapi.co/api/v2/version-group/20/"
      }
    },
    {
      "flavor_text": "Anwender erzeugt eine seltsame Energiewelle, die dem\nZiel physischen Schaden zuf\u00fcgt.",
      "language": {
        "name": "de",
        "url": "https://pokeapi.co/api/v2/language/6/"
      },
      "version_group": {
        "name": "sword-shield",
        "url": "https://pokeapi.co/api/v2/version-group/20/"
      }
    },
    {
      "flavor_text": "Crea una onda ps\u00edquica que causa da\u00f1o f\u00edsico al \nobjetivo.",
      "language": {
        "name": "es",
        "url": "https://pokeapi.co/api/v2/language/7/"
      },
      "version_group": {
        "name": "sword-shield",
        "url": "https://pokeapi.co/api/v2/version-group/20/"
      }
    },
    {
      "flavor_text": "Chi la usa attacca il bersaglio facendo materializzare\nmisteriose onde psichiche che provocano danni fisici.",
      "language": {
        "name": "it",
        "url": "https://pokeapi.co/api/v2/language/8/"
      },
      "version_group": {
        "name": "sword-shield",
        "url": "https://pokeapi.co/api/v2/version-group/20/"
      }
    },
    {
      "flavor_text": "The user materializes an odd psychic wave to attack\nthe target. This attack does physical damage.",
      "language": {
        "name": "en",
        "url": "https://pokeapi.co/api/v2/language/9/"
      },
      "version_group": {
        "name": "sword-shield",
        "url": "https://pokeapi.co/api/v2/version-group/20/"
      }
    },
    {
      "flavor_text": "\u4e0d\u601d\u8b70\u306a\u3000\u5ff5\u6ce2\u3092\u3000\u5b9f\u4f53\u5316\u3057\u3066\n\u76f8\u624b\u3092\u3000\u653b\u6483\u3059\u308b\u3002\n\u7269\u7406\u7684\u306a\u3000\u30c0\u30e1\u30fc\u30b8\u3092\u3000\u4e0e\u3048\u308b\u3002",
      "language": {
        "name": "ja",
        "url": "https://pokeapi.co/api/v2/language/11/"
      },
      "version_group": {
        "name": "sword-shield",
        "url": "https://pokeapi.co/api/v2/version-group/20/"
      }
    },
    {
      "flavor_text": "\u5c06\u795e\u5947\u7684\u5ff5\u6ce2\u5b9e\u4f53\u5316\u653b\u51fb\u5bf9\u624b\u3002\n\u7ed9\u4e88\u7269\u7406\u4f24\u5bb3\u3002",
      "language": {
        "name": "zh-Hans",
        "url": "https://pokeapi.co/api/v2/language/12/"
      },
      "version_group": {
        "name": "sword-shield",
        "url": "https://pokeapi.co/api/v2/version-group/20/"
      }
    },
    {
      "flavor_text": "The user materializes an odd psychic wave to attack the target. This attack does physical damage.",
      "language": {
        "name": "en",
        "url": "https://pokeapi.co/api/v2/language/9/"
      },
      "version_group": {
        "name": "legends-arceus",
        "url": "https://pokeapi.co/api/v2/version-group/24/"
      }
    },
    {
      "flavor_text": "The user materializes an odd psychic wave to attack the target. This move deals physical damage.",
      "language": {
        "name": "en",
        "url": "https://pokeapi.co/api/v2/language/9/"
      },
      "version_group": {
        "name": "scarlet-violet",
        "url": "https://pokeapi.co/api/v2/version-group/25/"
      }
    }
  ],
  "generation": {
    "name": "generation-v",
    "url": "https://pokeapi.co/api/v2/generation/5/"
  },
  "id": 473,
  "learned_by_pokemon": [
    {
      "name": "clefairy",
      "url": "https://pokeapi.co/api/v2/pokemon/35/"
    },
    {
      "name": "clefable",
      "url": "https://pokeapi.co/api/v2/pokemon/36/"
    },
    {
      "name": "ninetales",
      "url": "https://pokeapi.co/api/v2/pokemon/38/"
    },
    {
      "name": "jigglypuff",
      "url": "https://pokeapi.co/api/v2/pokemon/39/"
    },
    {
      "name": "wigglytuff",
      "url": "https://pokeapi.co/api/v2/pokemon/40/"
    },
    {
      "name": "psyduck",
      "url": "https://pokeapi.co/api/v2/pokemon/54/"
    },
    {
      "name": "golduck",
      "url": "https://pokeapi.co/api/v2/pokemon/55/"
    },
    {
      "name": "abra",
      "url": "https://pokeapi.co/api/v2/pokemon/63/"
    },
    {
      "name": "kadabra",
      "url": "https://pokeapi.co/api/v2/pokemon/64/"
    },
    {
      "name": "alakazam",
      "url": "https://pokeapi.co/api/v2/pokemon/65/"
    },
    {
      "name": "slowpoke",
      "url": "https://pokeapi.co/api/v2/pokemon/79/"
    },
    {
      "name": "slowbro",
      "url": "https://pokeapi.co/api/v2/pokemon/80/"
    },
    {
      "name": "drowzee",
      "url": "https://pokeapi.co/api/v2/pokemon/96/"
    },
    {
      "name": "hypno",
      "url": "https://pokeapi.co/api/v2/pokemon/97/"
    },
    {
      "name": "exeggcute",
      "url": "https://pokeapi.co/api/v2/pokemon/102/"
    },
    {
      "name": "exeggutor",
      "url": "https://pokeapi.co/api/v2/pokemon/103/"
    },
    {
      "name": "starmie",
      "url": "https://pokeapi.co/api/v2/pokemon/121/"
    },
    {
      "name": "mr-mime",
      "url": "https://pokeapi.co/api/v2/pokemon/122/"
    },
    {
      "name": "jynx",
      "url": "https://pokeapi.co/api/v2/pokemon/124/"
    },
    {
      "name": "porygon",
      "url": "https://pokeapi.co/api/v2/pokemon/137/"
    },
    {
      "name": "mewtwo",
      "url": "https://pokeapi.co/api/v2/pokemon/150/"
    },
    {
      "name": "mew",
      "url": "https://pokeapi.co/api/v2/pokemon/151/"
    },
    {
      "name": "cleffa",
      "url": "https://pokeapi.co/api/v2/pokemon/173/"
    },
    {
      "name": "togepi",
      "url": "https://pokeapi.co/api/v2/pokemon/175/"
    },
    {
      "name": "togetic",
      "url": "https://pokeapi.co/api/v2/pokemon/176/"
    },
    {
      "name": "natu",
      "url": "https://pokeapi.co/api/v2/pokemon/177/"
    },
    {
      "name": "xatu",
      "url": "https://pokeapi.co/api/v2/pokemon/178/"
    },
    {
      "name": "espeon",
      "url": "https://pokeapi.co/api/v2/pokemon/196/"
    },
    {
      "name": "slowking",
      "url": "https://pokeapi.co/api/v2/pokemon/199/"
    },
    {
      "name": "misdreavus",
      "url": "https://pokeapi.co/api/v2/pokemon/200/"
    },
    {
      "name": "girafarig",
      "url": "https://pokeapi.co/api/v2/pokemon/203/"
    },
    {
      "name": "porygon2",
      "url": "https://pokeapi.co/api/v2/pokemon/233/"
    },
    {
      "name": "stantler",
      "url": "https://pokeapi.co/api/v2/pokemon/234/"
    },
    {
      "name": "smoochum",
      "url": "https://pokeapi.co/api/v2/pokemon/238/"
    },
    {
      "name": "lugia",
      "url": "https://pokeapi.co/api/v2/pokemon/249/"
    },
    {
      "name": "ralts",
      "url": "https://pokeapi.co/api/v2/pokemon/280/"
    },
    {
      "name": "kirlia",
      "url": "https://pokeapi.co/api/v2/pokemon/281/"
    },
    {
      "name": "gardevoir",
      "url": "https://pokeapi.co/api/v2/pokemon/282/"
    },
    {
      "name": "meditite",
      "url": "https://pokeapi.co/api/v2/pokemon/307/"
    },
    {
      "name": "medicham",
      "url": "https://pokeapi.co/api/v2/pokemon/308/"
    },
    {
      "name": "spoink",
      "url": "https://pokeapi.co/api/v2/pokemon/325/"
    },
    {
      "name": "grumpig",
      "url": "https://pokeapi.co/api/v2/pokemon/326/"
    },
    {
      "name": "lunatone",
      "url": "https://pokeapi.co/api/v2/pokemon/337/"
    },
    {
      "name": "solrock",
      "url": "https://pokeapi.co/api/v2/pokemon/338/"
    },
    {
      "name": "baltoy",
      "url": "https://pokeapi.co/api/v2/pokemon/343/"
    },
    {
      "name": "claydol",
      "url": "https://pokeapi.co/api/v2/pokemon/344/"
    },
    {
      "name": "chimecho",
      "url": "https://pokeapi.co/api/v2/pokemon/358/"
    },
    {
      "name": "metang",
      "url": "https://pokeapi.co/api/v2/pokemon/375/"
    },
    {
      "name": "metagross",
      "url": "https://pokeapi.co/api/v2/pokemon/376/"
    },
    {
      "name": "latias",
      "url": "https://pokeapi.co/api/v2/pokemon/380/"
    },
    {
      "name": "latios",
      "url": "https://pokeapi.co/api/v2/pokemon/381/"
    },
    {
      "name": "jirachi",
      "url": "https://pokeapi.co/api/v2/pokemon/385/"
    },
    {
      "name": "deoxys-normal",
      "url": "https://pokeapi.co/api/v2/pokemon/386/"
    },
    {
      "name": "mismagius",
      "url": "https://pokeapi.co/api/v2/pokemon/429/"
    },
    {
      "name": "chingling",
      "url": "https://pokeapi.co/api/v2/pokemon/433/"
    },
    {
      "name": "bronzor",
      "url": "https://pokeapi.co/api/v2/pokemon/436/"
    },
    {
      "name": "bronzong",
      "url": "https://pokeapi.co/api/v2/pokemon/437/"
    },
    {
      "name": "mime-jr",
      "url": "https://pokeapi.co/api/v2/pokemon/439/"
    },
    {
      "name": "spiritomb",
      "url": "https://pokeapi.co/api/v2/pokemon/442/"
    },
    {
      "name": "togekiss",
      "url": "https://pokeapi.co/api/v2/pokemon/468/"
    },
    {
      "name": "porygon-z",
      "url": "https://pokeapi.co/api/v2/pokemon/474/"
    },
    {
      "name": "gallade",
      "url": "https://pokeapi.co/api/v2/pokemon/475/"
    },
    {
      "name": "uxie",
      "url": "https://pokeapi.co/api/v2/pokemon/480/"
    },
    {
      "name": "mesprit",
      "url": "https://pokeapi.co/api/v2/pokemon/481/"
    },
    {
      "name": "azelf",
      "url": "https://pokeapi.co/api/v2/pokemon/482/"
    },
    {
      "name": "cresselia",
      "url": "https://pokeapi.co/api/v2/pokemon/488/"
    },
    {
      "name": "darkrai",
      "url": "https://pokeapi.co/api/v2/pokemon/491/"
    },
    {
      "name": "arceus",
      "url": "https://pokeapi.co/api/v2/pokemon/493/"
    },
    {
      "name": "victini",
      "url": "https://pokeapi.co/api/v2/pokemon/494/"
    },
    {
      "name": "munna",
      "url": "https://pokeapi.co/api/v2/pokemon/517/"
    },
    {
      "name": "musharna",
      "url": "https://pokeapi.co/api/v2/pokemon/518/"
    },
    {
      "name": "woobat",
      "url": "https://pokeapi.co/api/v2/pokemon/527/"
    },
    {
      "name": "swoobat",
      "url": "https://pokeapi.co/api/v2/pokemon/528/"
    },
    {
      "name": "audino",
      "url": "https://pokeapi.co/api/v2/pokemon/531/"
    },
    {
      "name": "sigilyph",
      "url": "https://pokeapi.co/api/v2/pokemon/561/"
    },
    {
      "name": "gothita",
      "url": "https://pokeapi.co/api/v2/pokemon/574/"
    },
    {
      "name": "gothorita",
      "url": "https://pokeapi.co/api/v2/pokemon/575/"
    },
    {
      "name": "gothitelle",
      "url": "https://pokeapi.co/api/v2/pokemon/576/"
    },
    {
      "name": "solosis",
      "url": "https://pokeapi.co/api/v2/pokemon/577/"
    },
    {
      "name": "duosion",
      "url": "https://pokeapi.co/api/v2/pokemon/578/"
    },
    {
      "name": "reuniclus",
      "url": "https://pokeapi.co/api/v2/pokemon/579/"
    },
    {
      "name": "elgyem",
      "url": "https://pokeapi.co/api/v2/pokemon/605/"
    },
    {
      "name": "beheeyem",
      "url": "https://pokeapi.co/api/v2/pokemon/606/"
    },
    {
      "name": "meloetta-aria",
      "url": "https://pokeapi.co/api/v2/pokemon/648/"
    },
    {
      "name": "fennekin",
      "url": "https://pokeapi.co/api/v2/pokemon/653/"
    },
    {
      "name": "braixen",
      "url": "https://pokeapi.co/api/v2/pokemon/654/"
    },
    {
      "name": "delphox",
      "url": "https://pokeapi.co/api/v2/pokemon/655/"
    },
    {
      "name": "espurr",
      "url": "https://pokeapi.co/api/v2/pokemon/677/"
    },
    {
      "name": "meowstic-male",
      "url": "https://pokeapi.co/api/v2/pokemon/678/"
    },
    {
      "name": "aromatisse",
      "url": "https://pokeapi.co/api/v2/pokemon/683/"
    },
    {
      "name": "inkay",
      "url": "https://pokeapi.co/api/v2/pokemon/686/"
    },
    {
      "name": "malamar",
      "url": "https://pokeapi.co/api/v2/pokemon/687/"
    },
    {
      "name": "sylveon",
      "url": "https://pokeapi.co/api/v2/pokemon/700/"
    },
    {
      "name": "klefki",
      "url": "https://pokeapi.co/api/v2/pokemon/707/"
    },
    {
      "name": "xerneas",
      "url": "https://pokeapi.co/api/v2/pokemon/716/"
    },
    {
      "name": "diancie",
      "url": "https://pokeapi.co/api/v2/pokemon/719/"
    },
    {
      "name": "hoopa",
      "url": "https://pokeapi.co/api/v2/pokemon/720/"
    },
    {
      "name": "oranguru",
      "url": "https://pokeapi.co/api/v2/pokemon/765/"
    },
    {
      "name": "bruxish",
      "url": "https://pokeapi.co/api/v2/pokemon/779/"
    },
    {
      "name": "tapu-lele",
      "url": "https://pokeapi.co/api/v2/pokemon/786/"
    },
    {
      "name": "solgaleo",
      "url": "https://pokeapi.co/api/v2/pokemon/791/"
    },
    {
      "name": "lunala",
      "url": "https://pokeapi.co/api/v2/pokemon/792/"
    },
    {
      "name": "nihilego",
      "url": "https://pokeapi.co/api/v2/pokemon/793/"
    },
    {
      "name": "necrozma",
      "url": "https://pokeapi.co/api/v2/pokemon/800/"
    },
    {
      "name": "magearna",
      "url": "https://pokeapi.co/api/v2/pokemon/801/"
    },
    {
      "name": "blacephalon",
      "url": "https://pokeapi.co/api/v2/pokemon/806/"
    },
    {
      "name": "dottler",
      "url": "https://pokeapi.co/api/v2/pokemon/825/"
    },
    {
      "name": "orbeetle",
      "url": "https://pokeapi.co/api/v2/pokemon/826/"
    },
    {
      "name": "sinistea",
      "url": "https://pokeapi.co/api/v2/pokemon/854/"
    },
    {
      "name": "polteageist",
      "url": "https://pokeapi.co/api/v2/pokemon/855/"
    },
    {
      "name": "hatenna",
      "url": "https://pokeapi.co/api/v2/pokemon/856/"
    },
    {
      "name": "hattrem",
      "url": "https://pokeapi.co/api/v2/pokemon/857/"
    },
    {
      "name": "hatterene",
      "url": "https://pokeapi.co/api/v2/pokemon/858/"
    },
    {
      "name": "mr-rime",
      "url": "https://pokeapi.co/api/v2/pokemon/866/"
    },
    {
      "name": "alcremie",
      "url": "https://pokeapi.co/api/v2/pokemon/869/"
    },
    {
      "name": "indeedee-male",
      "url": "https://pokeapi.co/api/v2/pokemon/876/"
    },
    {
      "name": "calyrex",
      "url": "https://pokeapi.co/api/v2/pokemon/898/"
    },
    {
      "name": "wyrdeer",
      "url": "https://pokeapi.co/api/v2/pokemon/899/"
    },
    {
      "name": "armarouge",
      "url": "https://pokeapi.co/api/v2/pokemon/936/"
    },
    {
      "name": "rabsca",
      "url": "https://pokeapi.co/api/v2/pokemon/954/"
    },
    {
      "name": "flittle",
      "url": "https://pokeapi.co/api/v2/pokemon/955/"
    },
    {
      "name": "espathra",
      "url": "https://pokeapi.co/api/v2/pokemon/956/"
    },
    {
      "name": "farigiraf",
      "url": "https://pokeapi.co/api/v2/pokemon/981/"
    },
    {
      "name": "great-tusk",
      "url": "https://pokeapi.co/api/v2/pokemon/984/"
    },
    {
      "name": "scream-tail",
      "url": "https://pokeapi.co/api/v2/pokemon/985/"
    },
    {
      "name": "flutter-mane",
      "url": "https://pokeapi.co/api/v2/pokemon/987/"
    },
    {
      "name": "gholdengo",
      "url": "https://pokeapi.co/api/v2/pokemon/1000/"
    },
    {
      "name": "iron-valiant",
      "url": "https://pokeapi.co/api/v2/pokemon/1006/"
    },
    {
      "name": "munkidori",
      "url": "https://pokeapi.co/api/v2/pokemon/1015/"
    },
    {
      "name": "iron-boulder",
      "url": "https://pokeapi.co/api/v2/pokemon/1022/"
    },
    {
      "name": "iron-crown",
      "url": "https://pokeapi.co/api/v2/pokemon/1023/"
    },
    {
      "name": "deoxys-attack",
      "url": "https://pokeapi.co/api/v2/pokemon/10001/"
    },
    {
      "name": "deoxys-defense",
      "url": "https://pokeapi.co/api/v2/pokemon/10002/"
    },
    {
      "name": "deoxys-speed",
      "url": "https://pokeapi.co/api/v2/pokemon/10003/"
    },
    {
      "name": "meloetta-pirouette",
      "url": "https://pokeapi.co/api/v2/pokemon/10018/"
    },
    {
      "name": "meowstic-female",
      "url": "https://pokeapi.co/api/v2/pokemon/10025/"
    },
    {
      "name": "alakazam-mega",
      "url": "https://pokeapi.co/api/v2/pokemon/10037/"
    },
    {
      "name": "mewtwo-mega-x",
      "url": "https://pokeapi.co/api/v2/pokemon/10043/"
    },
    {
      "name": "mewtwo-mega-y",
      "url": "https://pokeapi.co/api/v2/pokemon/10044/"
    },
    {
      "name": "gardevoir-mega",
      "url": "https://pokeapi.co/api/v2/pokemon/10051/"
    },
    {
      "name": "medicham-mega",
      "url": "https://pokeapi.co/api/v2/pokemon/10054/"
    },
    {
      "name": "latias-mega",
      "url": "https://pokeapi.co/api/v2/pokemon/10062/"
    },
    {
      "name": "latios-mega",
      "url": "https://pokeapi.co/api/v2/pokemon/10063/"
    },
    {
      "name": "gallade-mega",
      "url": "https://pokeapi.co/api/v2/pokemon/10068/"
    },
    {
      "name": "audino-mega",
      "url": "https://pokeapi.co/api/v2/pokemon/10069/"
    },
    {
      "name": "slowbro-mega",
      "url": "https://pokeapi.co/api/v2/pokemon/10071/"
    },
    {
      "name": "diancie-mega",
      "url": "https://pokeapi.co/api/v2/pokemon/10075/"
    },
    {
      "name": "metagross-mega",
      "url": "https://pokeapi.co/api/v2/pokemon/10076/"
    },
    {
      "name": "hoopa-unbound",
      "url": "https://pokeapi.co/api/v2/pokemon/10086/"
    },
    {
      "name": "raichu-alola",
      "url": "https://pokeapi.co/api/v2/pokemon/10100/"
    },
    {
      "name": "ninetales-alola",
      "url": "https://pokeapi.co/api/v2/pokemon/10104/"
    },
    {
      "name": "exeggutor-alola",
      "url": "https://pokeapi.co/api/v2/pokemon/10114/"
    },
    {
      "name": "magearna-original",
      "url": "https://pokeapi.co/api/v2/pokemon/10147/"
    },
    {
      "name": "necrozma-dusk",
      "url": "https://pokeapi.co/api/v2/pokemon/10155/"
    },
    {
      "name": "necrozma-dawn",
      "url": "https://pokeapi.co/api/v2/pokemon/10156/"
    },
    {
      "name": "necrozma-ultra",
      "url": "https://pokeapi.co/api/v2/pokemon/10157/"
    },
    {
      "name": "slowpoke-galar",
      "url": "https://pokeapi.co/api/v2/pokemon/10164/"
    },
    {
      "name": "slowbro-galar",
      "url": "https://pokeapi.co/api/v2/pokemon/10165/"
    },
    {
      "name": "mr-mime-galar",
      "url": "https://pokeapi.co/api/v2/pokemon/10168/"
    },
    {
      "name": "articuno-galar",
      "url": "https://pokeapi.co/api/v2/pokemon/10169/"
    },
    {
      "name": "slowking-galar",
      "url": "https://pokeapi.co/api/v2/pokemon/10172/"
    },
    {
      "name": "indeedee-female",
      "url": "https://pokeapi.co/api/v2/pokemon/10186/"
    },
    {
      "name": "calyrex-ice",
      "url": "https://pokeapi.co/api/v2/pokemon/10193/"
    },
    {
      "name": "calyrex-shadow",
      "url": "https://pokeapi.co/api/v2/pokemon/10194/"
    },
    {
      "name": "braviary-hisui",
      "url": "https://pokeapi.co/api/v2/pokemon/10240/"
    }
  ],
  "machines": [
    {
      "machine": {
        "url": "https://pokeapi.co/api/v2/machine/52/"
      },
      "version_group": {
        "name": "black-white",
        "url": "https://pokeapi.co/api/v2/version-group/11/"
      }
    },
    {
      "machine": {
        "url": "https://pokeapi.co/api/v2/machine/55/"
      },
      "version_group": {
        "name": "black-2-white-2",
        "url": "https://pokeapi.co/api/v2/version-group/14/"
      }
    },
    {
      "machine": {
        "url": "https://pokeapi.co/api/v2/machine/56/"
      },
      "version_group": {
        "name": "x-y",
        "url": "https://pokeapi.co/api/v2/version-group/15/"
      }
    },
    {
      "machine": {
        "url": "https://pokeapi.co/api/v2/machine/57/"
      },
      "version_group": {
        "name": "omega-ruby-alpha-sapphire",
        "url": "https://pokeapi.co/api/v2/version-group/16/"
      }
    },
    {
      "machine": {
        "url": "https://pokeapi.co/api/v2/machine/58/"
      },
      "version_group": {
        "name": "sun-moon",
        "url": "https://pokeapi.co/api/v2/version-group/17/"
      }
    },
    {
      "machine": {
        "url": "https://pokeapi.co/api/v2/machine/59/"
      },
      "version_group": {
        "name": "ultra-sun-ultra-moon",
        "url": "https://pokeapi.co/api/v2/version-group/18/"
      }
    },
    {
      "machine": {
        "url": "https://pokeapi.co/api/v2/machine/1614/"
      },
      "version_group": {
        "name": "sword-shield",
        "url": "https://pokeapi.co/api/v2/version-group/20/"
      }
    },
    {
      "machine": {
        "url": "https://pokeapi.co/api/v2/machine/1759/"
      },
      "version_group": {
        "name": "scarlet-violet",
        "url": "https://pokeapi.co/api/v2/version-group/25/"
      }
    }
  ],
  "meta": {
    "ailment": {
      "name": "none",
      "url": "https://pokeapi.co/api/v2/move-ailment/0/"
    },
    "ailment_chance": 0,
    "category": {
      "name": "damage",
      "url": "https://pokeapi.co/api/v2/move-category/0/"
    },
    "crit_rate": 0,
    "drain": 0,
    "flinch_chance": 0,
    "healing": 0,
    "max_hits": null,
    "max_turns": null,
    "min_hits": null,
    "min_turns": null,
    "stat_chance": 0
  },
  "name": "psyshock",
  "names": [
    {
      "language": {
        "name": "ja-Hrkt",
        "url": "https://pokeapi.co/api/v2/language/1/"
      },
      "name": "\u30b5\u30a4\u30b3\u30b7\u30e7\u30c3\u30af"
    },
    {
      "language": {
        "name": "ko",
        "url": "https://pokeapi.co/api/v2/language/3/"
      },
      "name": "\uc0ac\uc774\ucf54\uc1fc\ud06c"
    },
    {
      "language": {
        "name": "zh-Hant",
        "url": "https://pokeapi.co/api/v2/language/4/"
      },
      "name": "\u7cbe\u795e\u885d\u64ca"
    },
    {
      "language": {
        "name": "fr",
        "url": "https://pokeapi.co/api/v2/language/5/"
      },
      "name": "Choc Psy"
    },
    {
      "language": {
        "name": "de",
        "url": "https://pokeapi.co/api/v2/language/6/"
      },
      "name": "Psychoschock"
    },
    {
      "language": {
        "name": "es",
        "url": "https://pokeapi.co/api/v2/language/7/"
      },
      "name": "Psicocarga"
    },
    {
      "language": {
        "name": "it",
        "url": "https://pokeapi.co/api/v2/language/8/"
      },
      "name": "Psicoshock"
    },
    {
      "language": {
        "name": "en",
        "url": "https://pokeapi.co/api/v2/language/9/"
      },
      "name": "Psyshock"
    },
    {
      "language": {
        "name": "ja",
        "url": "https://pokeapi.co/api/v2/language/11/"
      },
      "name": "\u30b5\u30a4\u30b3\u30b7\u30e7\u30c3\u30af"
    },
    {
      "language": {
        "name": "zh-Hans",
        "url": "https://pokeapi.co/api/v2/language/12/"
      },
      "name": "\u7cbe\u795e\u51b2\u51fb"
    }
  ],
  "past_values": [],
  "power": 80,
  "pp": 10,
  "priority": 0,
  "stat_changes": [],
  "super_contest_effect": null,
  "target": {
    "name": "selected-pokemon",
    "url": "https://pokeapi.co/api/v2/move-target/10/"
  },
  "type": {
    "name": "psychic",
    "url": "https://pokeapi.co/api/v2/type/14/"
  }
}