{
  "accuracy": 100,
  "contest_combos": null,
  "contest_effect": null,
  "contest_type": null,
  "damage_class": {
    "name": "physical",
    "url": "https://pokeapi.co/api/v2/move-damage-class/2/"
  },
  "effect_chance": null,
  "effect_changes": [],
  "effect_entries": [],
  "flavor_text_entries": [
    {
      "flavor_text": "\u30c9\u30e9\u30e1\u30b7\u30e4\u3067\u3000\uff12\u304b\u3044\u3000\u3053\u3046\u3052\u304d\u3002\n\u3042\u3044\u3066\u304c\u3000\uff12\u3072\u304d\u3000\u3044\u308b\u3068\u304d\u306f\n\u305d\u308c\u305e\u308c\u306b\u3000\uff11\u304b\u3044\u305a\u3064\u3000\u3053\u3046\u3052\u304d\u3059\u308b\u3002",
      "language": {
        "name": "ja-Hrkt",
        "url": "https://pokeapi.co/api/v2/language/1/"
      },
      "version_group": {
        "name": "sword-shield",
        "url": "https://pokeapi.co/api/v2/version-group/20/"
      }
    },
    {
      "flavor_text": "\ub4dc\ub77c\uaf30\uc73c\ub85c 2\ubc88 \uacf5\uaca9\ud55c\ub2e4.\n\uc0c1\ub300\uac00 2\ub9c8\ub9ac\uc77c \ub54c\ub294\n\uac01\uac01 1\ubc88\uc529 \uacf5\uaca9\ud55c\ub2e4.",
      "language": {
        "name": "ko",
        "url": "https://pokeapi.co/api/v2/language/3/"
      },
      "version_group": {
        "name": "sword-shield",
        "url": "https://pokeapi.co/api/v2/version-group/20/"
      }
    },
    {
      "flavor_text": "\u8b93\u591a\u9f8d\u6885\u897f\u4e9e\u9032\u884c\uff12\u6b21\u653b\u64ca\u3002\n\u7576\u5c0d\u624b\u5834\u4e0a\u6709\uff12\u96bb\u5bf6\u53ef\u5922\u6642\uff0c\n\u5247\u5411\u7260\u5011\u5404\u9032\u884c\uff11\u6b21\u653b\u64ca\u3002",
      "language": {
        "name": "zh-Hant",
        "url": "https://pokeapi.co/api/v2/language/4/"
      },
      "version_group": {
        "name": "sword-shield",
        "url": "https://pokeapi.co/api/v2/version-group/20/"
      }
    },
    {
      "flavor_text": "Le lanceur attaque en propulsant deux Fantyrm.\nS\u2019il y a deux adversaires, chacun d\u2019entre eux\nest frapp\u00e9 par un Fantyrm.",
      "language": {
        "name": "fr",
        "url": "https://pokeapi.co/api/v2/language/5/"
      },
      "version_group": {
        "name": "sword-shield",
        "url": "https://pokeapi.co/api/v2/version-group/20/"
      }
    },
    {
      "flavor_text": "Der Anwender greift zweimal mit Grolldra an. Bei zwei\nZielen werden beide jeweils einmal angegriffen.",
      "language": {
        "name": "de",
        "url": "https://pokeapi.co/api/v2/language/6/"
      },
      "version_group": {
        "name": "sword-shield",
        "url": "https://pokeapi.co/api/v2/version-group/20/"
      }
    },
    {
      "flavor_text": "El usuario ataca propulsando a ambos Dreepy. En caso\nde haber dos adversarios, cada Dreepy golpea a su\npropio objetivo por separado.",
      "language": {
        "name": "es",
        "url": "https://pokeapi.co/api/v2/language/7/"
      },
      "version_group": {
        "name": "sword-shield",
        "url": "https://pokeapi.co/api/v2/version-group/20/"
      }
    },
    {
      "flavor_text": "Chi la usa attacca due volte sparando Dreepy.\nQuando sono presenti due bersagli, vengono colpiti\nentrambi una sola volta.",
      "language": {
        "name": "it",
        "url": "https://pokeapi.co/api/v2/language/8/"
      },
      "version_group": {
        "name": "sword-shield",
        "url": "https://pokeapi.co/api/v2/version-group/20/"
      }
    },
    {
      "flavor_text": "The user attacks twice using Dreepy. If there are two\ntargets, this move hits each target once.",
      "language": {
        "name": "en",
        "url": "https://pokeapi.co/api/v2/language/9/"
      },
      "version_group": {
        "name": "sword-shield",
        "url": "https://pokeapi.co/api/v2/version-group/20/"
      }
    },
    {
      "flavor_text": "\u30c9\u30e9\u30e1\u30b7\u30e4\u3067\u3000\uff12\u56de\u3000\u653b\u6483\u3002\n\u76f8\u624b\u304c\u3000\uff12\u5339\u3000\u3044\u308b\u3068\u304d\u306f\n\u305d\u308c\u305e\u308c\u306b\u3000\uff11\u56de\u305a\u3064\u3000\u653b\u6483\u3059\u308b\u3002",
      "language": {
        "name": "ja",
        "url": "https://pokeapi.co/api/v2/language/11/"
      },
      "version_group": {
        "name": "sword-shield",
        "url": "https://pokeapi.co/api/v2/version-group/20/"
      }
    },
    {
      "flavor_text": "\u8ba9\u591a\u9f99\u6885\u897f\u4e9a\u8fdb\u884c\uff12\u6b21\u653b\u51fb\u3002\n\u5982\u679c\u5bf9\u624b\u6709\uff12\u53ea\u5b9d\u53ef\u68a6\uff0c\n\u5219\u5bf9\u5b83\u4eec\u5404\u8fdb\u884c\uff11\u6b21\u653b\u51fb\u3002",
      "language": {
        "name": "zh-Hans",
        "url": "https://pokeapi.co/api/v2/language/12/"
      },
      "version_group": {
        "name": "sword-shield",
        "url": "https://pokeapi.co/api/v2/version-group/20/"
      }
    },
    {
      "flavor_text": "The user attacks twice using Dreepy. If there are two targets, this move hits each target once.",
      "language": {
        "name": "en",
        "url": "https://pokeapi.co/api/v2/language/9/"
      },
      "version_group": {
        "name": "legends-arceus",
        "url": "https://pokeapi.co/api/v2/version-group/24/"
      }
    },
    {
      "flavor_text": "The user attacks twice using Dreepy. If there are two opposing Pok\u00e9mon, this move hits each of them once.",
      "language": {
        "name": "en",
        "url": "https://pokeapi.co/api/v2/language/9/"
      },
      "version_group": {
        "name": "scarlet-violet",
        "url": "https://pokeapi.co/api/v2/version-group/25/"
      }
    }
  ],
  "generation": {
    "name": "generation-viii",
    "url": "https://pokeapi.co/api/v2/generation/8/"
  },
  "id": 751,
  "learned_by_pokemon": [
    {
      "name": "dragapult",
      "url": "https://pokeapi.co/api/v2/pokemon/887/"
    }
  ],
  "machines": [],
  "meta": {
    "ailment": {
      "name": "none",
      "url": "https://pokeapi.co/api/v2/move-ailment/0/"
    },
    "ailment_chance": 0,
    "category": {
      "name": "damage",
      "url": "https://pokeapi.co/api/v2/move-category/0/"
    },
    "crit_rate": 0,
    "drain": 0,
    "flinch_chance": 0,
    "healing": 0,
    "max_hits": 2,
    "max_turns": null,
    "min_hits": 2,
    "min_turns": null,
    "stat_chance": 0
  },
  "name": "dragon-darts",
  "names": [
    {
      "language": {
        "name": "ja-Hrkt",
        "url": "https://pokeapi.co/api/v2/language/1/"
      },
      "name": "\u30c9\u30e9\u30b4\u30f3\u30a2\u30ed\u30fc"
    },
    {
      "language": {
        "name": "ko",
        "url": "https://pokeapi.co/api/v2/language/3/"
      },
      "name": "\ub4dc\ub798\uace4\uc560\ub85c"
    },
    {
      "language": {
        "name": "zh-Hant",
        "url": "https://pokeapi.co/api/v2/language/4/"
      },
      "name": "\u9f8d\u7bad"
    },
    {
      "language": {
        "name": "fr",
        "url": "https://pokeapi.co/api/v2/language/5/"
      },
      "name": "Draco-Fl\u00e8ches"
    },
    {
      "language": {
        "name": "de",
        "url": "https://pokeapi.co/api/v2/language/6/"
      },
      "name": "Drachenpfeile"
    },
    {
      "language": {
        "name": "es",
        "url": "https://pokeapi.co/api/v2/language/7/"
      },
      "name": "Dracoflechas"
    },
    {
      "language": {
        "name": "it",
        "url": "https://pokeapi.co/api/v2/language/8/"
      },
      "name": "Dragofrecce"
    },
    {
      "language": {
        "name": "en",
        "url": "https://pokeapi.co/api/v2/language/9/"
      },
      "name": "Dragon Darts"
    },
    {
      "language": {
        "name": "ja",
        "url": "https://pokeapi.co/api/v2/language/11/"
      },
      "name": "\u30c9\u30e9\u30b4\u30f3\u30a2\u30ed\u30fc"
    },
    {
      "language": {
        "name": "zh-Hans",
        "url": "https://pokeapi.co/api/v2/language/12/"
      },
      "name": "\u9f99\u7bad"
    }
  ],
  "past_values": [],
  "power": 50,
  "pp": 10,
  "priority": 0,
  "stat_changes": [],
  "super_contest_effect": null,
  "target": {
    "name": "selected-pokemon",
    "url": "https://pokeapi.co/api/v2/move-target/10/"
  },
  "type": {
    "name": "dragon",
    "url": "https://pokeapi.co/api/v2/type/16/"
  }
}