{
  "accuracy": 100,
  "contest_combos": null,
  "contest_effect": null,
  "contest_type": {
    "name": "smart",
    "url": "https://pokeapi.co/api/v2/contest-type/4/"
  },
  "damage_class": {
    "name": "physical",
    "url": "https://pokeapi.co/api/v2/move-damage-class/2/"
  },
  "effect_chance": null,
  "effect_changes": [],
  "effect_entries": [
    {
      "effect": "Inflicts regular damage.  User\u2019s critical hit rate is one level higher when using this move.",
      "language": {
        "name": "en",
        "url": "https://pokeapi.co/api/v2/language/9/"
      },
      "short_effect": "Has an increased chance for a critical hit."
    }
  ],
  "flavor_text_entries": [
    {
      "flavor_text": "The user calls out its underlings to pummel the\ntarget. Critical hits land more easily.",
      "language": {
        "name": "en",
        "url": "https://pokeapi.co/api/v2/language/9/"
      },
      "version_group": {
        "name": "sword-shield",
        "url": "https://pokeapi.co/api/v2/version-group/20/"
      }
    },
    {
      "flavor_text": "The user calls out\nits underlings to\npummel the foe.\nIt has a high\ncritical-hit ratio.",
      "language": {
        "name": "en",
        "url": "https://pokeapi.co/api/v2/language/9/"
      },
      "version_group": {
        "name": "diamond-pearl",
        "url": "https://pokeapi.co/api/v2/version-group/8/"
      }
    },
    {
      "flavor_text": "The user calls out\nits underlings to\npummel the foe.\nIt has a high\ncritical-hit ratio.",
      "language": {
        "name": "en",
        "url": "https://pokeapi.co/api/v2/language/9/"
      },
      "version_group": {
        "name": "platinum",
        "url": "https://pokeapi.co/api/v2/version-group/9/"
      }
    },
    {
      "flavor_text": "The user calls out\nits underlings to\npummel the foe.\nIt has a high\ncritical-hit ratio.",
      "language": {
        "name": "en",
        "url": "https://pokeapi.co/api/v2/language/9/"
      },
      "version_group": {
        "name": "heartgold-soulsilver",
        "url": "https://pokeapi.co/api/v2/version-group/10/"
      }
    },
    {
      "flavor_text": "Le lanceur appelle ses sous-fifres pour\nfrapper l\u2019ennemi. Taux de critiques\n\u00e9lev\u00e9.",
      "language": {
        "name": "fr",
        "url": "https://pokeapi.co/api/v2/language/5/"
      },
      "version_group": {
        "name": "black-white",
        "url": "https://pokeapi.co/api/v2/version-group/11/"
      }
    },
    {
      "flavor_text": "The user calls out its underlings to\npummel the target.\nCritical hits land more easily.",
      "language": {
        "name": "en",
        "url": "https://pokeapi.co/api/v2/language/9/"
      },
      "version_group": {
        "name": "black-white",
        "url": "https://pokeapi.co/api/v2/version-group/11/"
      }
    },
    {
      "flavor_text": "The user calls out its underlings to\npummel the target.\nCritical hits land more easily.",
      "language": {
        "name": "en",
        "url": "https://pokeapi.co/api/v2/language/9/"
      },
      "version_group": {
        "name": "black-2-white-2",
        "url": "https://pokeapi.co/api/v2/version-group/14/"
      }
    },
    {
      "flavor_text": "\u3057\u3082\u3079\u3092\u3000\u3088\u3073\u3060\u3057\u3066\n\u3042\u3044\u3066\u306b\u3000\u3080\u304b\u3063\u3066\u3000\u3053\u3046\u3052\u304d\u3000\u3055\u305b\u308b\u3002\n\u304d\u3085\u3046\u3057\u3087\u306b\u3000\u3042\u305f\u308a\u3084\u3059\u3044\u3002",
      "language": {
        "name": "ja-Hrkt",
        "url": "https://pokeapi.co/api/v2/language/1/"
      },
      "version_group": {
        "name": "x-y",
        "url": "https://pokeapi.co/api/v2/version-group/15/"
      }
    },
    {
      "flavor_text": "\ubd80\ud558\ub97c \ubd88\ub7ec\ub0b4\uc5b4\n\uc0c1\ub300\ub97c \ud5a5\ud574\uc11c \uacf5\uaca9\uc2dc\ud0a8\ub2e4.\n\uae09\uc18c\uc5d0 \ub9de\uae30 \uc27d\ub2e4.",
      "language": {
        "name": "ko",
        "url": "https://pokeapi.co/api/v2/language/3/"
      },
      "version_group": {
        "name": "x-y",
        "url": "https://pokeapi.co/api/v2/version-group/15/"
      }
    },
    {
      "flavor_text": "Le lanceur appelle ses sous-fifres pour frapper\nl\u2019ennemi. Taux de critiques \u00e9lev\u00e9.",
      "language": {
        "name": "fr",
        "url": "https://pokeapi.co/api/v2/language/5/"
      },
      "version_group": {
        "name": "x-y",
        "url": "https://pokeapi.co/api/v2/version-group/15/"
      }
    },
    {
      "flavor_text": "Anwender ruft seine Untergebenen zum Angriff.\nHat eine hohe Volltrefferquote.",
      "language": {
        "name": "de",
        "url": "https://pokeapi.co/api/v2/language/6/"
      },
      "version_group": {
        "name": "x-y",
        "url": "https://pokeapi.co/api/v2/version-group/15/"
      }
    },
    {
      "flavor_text": "El usuario llama a sus s\u00fabditos para que ataquen\nal objetivo. Suele ser cr\u00edtico.",
      "language": {
        "name": "es",
        "url": "https://pokeapi.co/api/v2/language/7/"
      },
      "version_group": {
        "name": "x-y",
        "url": "https://pokeapi.co/api/v2/version-group/15/"
      }
    },
    {
      "flavor_text": "Chi la usa raduna i suoi sgherri per colpire\nil bersaglio. Probabile brutto colpo.",
      "language": {
        "name": "it",
        "url": "https://pokeapi.co/api/v2/language/8/"
      },
      "version_group": {
        "name": "x-y",
        "url": "https://pokeapi.co/api/v2/version-group/15/"
      }
    },
    {
      "flavor_text": "The user calls out its underlings to\npummel the target.\nCritical hits land more easily.",
      "language": {
        "name": "en",
        "url": "https://pokeapi.co/api/v2/language/9/"
      },
      "version_group": {
        "name": "x-y",
        "url": "https://pokeapi.co/api/v2/version-group/15/"
      }
    },
    {
      "flavor_text": "\u3057\u3082\u3079\u3092\u3000\u547c\u3073\u3060\u3057\u3066\n\u76f8\u624b\u306b\u3000\u3080\u304b\u3063\u3066\u3000\u653b\u6483\u3055\u305b\u308b\u3002\n\u6025\u6240\u306b\u3000\u5f53\u305f\u308a\u3084\u3059\u3044\u3002",
      "language": {
        "name": "ja",
        "url": "https://pokeapi.co/api/v2/language/11/"
      },
      "version_group": {
        "name": "x-y",
        "url": "https://pokeapi.co/api/v2/version-group/15/"
      }
    },
    {
      "flavor_text": "\u3057\u3082\u3079\u3092\u3000\u3088\u3073\u3060\u3057\u3066\n\u3042\u3044\u3066\u306b\u3000\u3080\u304b\u3063\u3066\u3000\u3053\u3046\u3052\u304d\u3000\u3055\u305b\u308b\u3002\n\u304d\u3085\u3046\u3057\u3087\u306b\u3000\u3042\u305f\u308a\u3084\u3059\u3044\u3002",
      "language": {
        "name": "ja-Hrkt",
        "url": "https://pokeapi.co/api/v2/language/1/"
      },
      "version_group": {
        "name": "omega-ruby-alpha-sapphire",
        "url": "https://pokeapi.co/api/v2/version-group/16/"
      }
    },
    {
      "flavor_text": "\ubd80\ud558\ub97c \ubd88\ub7ec\ub0b4\uc5b4\n\uc0c1\ub300\ub97c \ud5a5\ud574\uc11c \uacf5\uaca9\uc2dc\ud0a8\ub2e4.\n\uae09\uc18c\uc5d0 \ub9de\uae30 \uc27d\ub2e4.",
      "language": {
        "name": "ko",
        "url": "https://pokeapi.co/api/v2/language/3/"
      },
      "version_group": {
        "name": "omega-ruby-alpha-sapphire",
        "url": "https://pokeapi.co/api/v2/version-group/16/"
      }
    },
    {
      "flavor_text": "Le lanceur appelle ses sous-fifres pour frapper\nl\u2019ennemi. Taux de critiques \u00e9lev\u00e9.",
      "language": {
        "name": "fr",
        "url": "https://pokeapi.co/api/v2/language/5/"
      },
      "version_group": {
        "name": "omega-ruby-alpha-sapphire",
        "url": "https://pokeapi.co/api/v2/version-group/16/"
      }
    },
    {
      "flavor_text": "Anwender ruft seine Untergebenen zum Angriff.\nHat eine hohe Volltrefferquote.",
      "language": {
        "name": "de",
        "url": "https://pokeapi.co/api/v2/language/6/"
      },
      "version_group": {
        "name": "omega-ruby-alpha-sapphire",
        "url": "https://pokeapi.co/api/v2/version-group/16/"
      }
    },
    {
      "flavor_text": "El usuario llama a sus s\u00fabditos para que ataquen \nal objetivo. Suele ser cr\u00edtico.",
      "language": {
        "name": "es",
        "url": "https://pokeapi.co/api/v2/language/7/"
      },
      "version_group": {
        "name": "omega-ruby-alpha-sapphire",
        "url": "https://pokeapi.co/api/v2/version-group/16/"
      }
    },
    {
      "flavor_text": "Chi la usa raduna i suoi sgherri per colpire\nil bersaglio. Probabile brutto colpo.",
      "language": {
        "name": "it",
        "url": "https://pokeapi.co/api/v2/language/8/"
      },
      "version_group": {
        "name": "omega-ruby-alpha-sapphire",
        "url": "https://pokeapi.co/api/v2/version-group/16/"
      }
    },
    {
      "flavor_text": "The user calls out its underlings to\npummel the target.\nCritical hits land more easily.",
      "language": {
        "name": "en",
        "url": "https://pokeapi.co/api/v2/language/9/"
      },
      "version_group": {
        "name": "omega-ruby-alpha-sapphire",
        "url": "https://pokeapi.co/api/v2/version-group/16/"
      }
    },
    {
      "flavor_text": "\u3057\u3082\u3079\u3092\u3000\u547c\u3073\u3060\u3057\u3066\n\u76f8\u624b\u306b\u3000\u3080\u304b\u3063\u3066\u3000\u653b\u6483\u3055\u305b\u308b\u3002\n\u6025\u6240\u306b\u3000\u5f53\u305f\u308a\u3084\u3059\u3044\u3002",
      "language": {
        "name": "ja",
        "url": "https://pokeapi.co/api/v2/language/11/"
      },
      "version_group": {
        "name": "omega-ruby-alpha-sapphire",
        "url": "https://pokeapi.co/api/v2/version-group/16/"
      }
    },
    {
      "flavor_text": "\u3057\u3082\u3079\u3092\u3000\u3088\u3073\u3060\u3057\u3066\n\u3042\u3044\u3066\u306b\u3000\u3080\u304b\u3063\u3066\u3000\u3053\u3046\u3052\u304d\u3000\u3055\u305b\u308b\u3002\n\u304d\u3085\u3046\u3057\u3087\u306b\u3000\u3042\u305f\u308a\u3084\u3059\u3044\u3002",
      "language": {
        "name": "ja-Hrkt",
        "url": "https://pokeapi.co/api/v2/language/1/"
      },
      "version_group": {
        "name": "sun-moon",
        "url": "https://pokeapi.co/api/v2/version-group/17/"
      }
    },
    {
      "flavor_text": "\ubd80\ud558\ub97c \ubd88\ub7ec\ub0b4\uc5b4\n\uc0c1\ub300\ub97c \ud5a5\ud574\uc11c \uacf5\uaca9\uc2dc\ud0a8\ub2e4.\n\uae09\uc18c\uc5d0 \ub9de\uae30 \uc27d\ub2e4.",
      "language": {
        "name": "ko",
        "url": "https://pokeapi.co/api/v2/language/3/"
      },
      "version_group": {
        "name": "sun-moon",
        "url": "https://pokeapi.co/api/v2/version-group/17/"
      }
    },
    {
      "flavor_text": "\u547c\u559a\u624b\u4e0b\uff0c\n\u5411\u5c0d\u624b\u767c\u52d5\u653b\u64ca\u3002\n\u5bb9\u6613\u64ca\u4e2d\u8981\u5bb3\u3002",
      "language": {
        "name": "zh-Hant",
        "url": "https://pokeapi.co/api/v2/language/4/"
      },
      "version_group": {
        "name": "sun-moon",
        "url": "https://pokeapi.co/api/v2/version-group/17/"
      }
    },
    {
      "flavor_text": "Le lanceur appelle ses sous-fifres pour frapper\nl\u2019ennemi. Taux de critique \u00e9lev\u00e9.",
      "language": {
        "name": "fr",
        "url": "https://pokeapi.co/api/v2/language/5/"
      },
      "version_group": {
        "name": "sun-moon",
        "url": "https://pokeapi.co/api/v2/version-group/17/"
      }
    },
    {
      "flavor_text": "Anwender ruft seine Untergebenen zum Angriff.\nHat eine hohe Volltrefferquote.",
      "language": {
        "name": "de",
        "url": "https://pokeapi.co/api/v2/language/6/"
      },
      "version_group": {
        "name": "sun-moon",
        "url": "https://pokeapi.co/api/v2/version-group/17/"
      }
    },
    {
      "flavor_text": "El usuario llama a sus s\u00fabditos para que ataquen \nal objetivo. Suele ser cr\u00edtico.",
      "language": {
        "name": "es",
        "url": "https://pokeapi.co/api/v2/language/7/"
      },
      "version_group": {
        "name": "sun-moon",
        "url": "https://pokeapi.co/api/v2/version-group/17/"
      }
    },
    {
      "flavor_text": "Chi la usa raduna i suoi sgherri per colpire\nil bersaglio. Probabile brutto colpo.",
      "language": {
        "name": "it",
        "url": "https://pokeapi.co/api/v2/language/8/"
      },
      "version_group": {
        "name": "sun-moon",
        "url": "https://pokeapi.co/api/v2/version-group/17/"
      }
    },
    {
      "flavor_text": "The user calls out its underlings to pummel the\ntarget. Critical hits land more easily.",
      "language": {
        "name": "en",
        "url": "https://pokeapi.co/api/v2/language/9/"
      },
      "version_group": {
        "name": "sun-moon",
        "url": "https://pokeapi.co/api/v2/version-group/17/"
      }
    },
    {
      "flavor_text": "\u3057\u3082\u3079\u3092\u3000\u547c\u3073\u3060\u3057\u3066\n\u76f8\u624b\u306b\u3000\u3080\u304b\u3063\u3066\u3000\u653b\u6483\u3055\u305b\u308b\u3002\n\u6025\u6240\u306b\u3000\u5f53\u305f\u308a\u3084\u3059\u3044\u3002",
      "language": {
        "name": "ja",
        "url": "https://pokeapi.co/api/v2/language/11/"
      },
      "version_group": {
        "name": "sun-moon",
        "url": "https://pokeapi.co/api/v2/version-group/17/"
      }
    },
    {
      "flavor_text": "\u53ec\u5524\u624b\u4e0b\uff0c\n\u8ba9\u5176\u671d\u5bf9\u624b\u53d1\u8d77\u653b\u51fb\u3002\n\u5bb9\u6613\u51fb\u4e2d\u8981\u5bb3\u3002",
      "language": {
        "name": "zh-Hans",
        "url": "https://pokeapi.co/api/v2/language/12/"
      },
      "version_group": {
        "name": "sun-moon",
        "url": "https://pokeapi.co/api/v2/version-group/17/"
      }
    },
    {
      "flavor_text": "\u3057\u3082\u3079\u3092\u3000\u3088\u3073\u3060\u3057\u3066\n\u3042\u3044\u3066\u306b\u3000\u3080\u304b\u3063\u3066\u3000\u3053\u3046\u3052\u304d\u3000\u3055\u305b\u308b\u3002\n\u304d\u3085\u3046\u3057\u3087\u306b\u3000\u3042\u305f\u308a\u3084\u3059\u3044\u3002",
      "language": {
        "name": "ja-Hrkt",
        "url": "https://pokeapi.co/api/v2/language/1/"
      },
      "version_group": {
        "name": "ultra-sun-ultra-moon",
        "url": "https://pokeapi.co/api/v2/version-group/18/"
      }
    },
    {
      "flavor_text": "\ubd80\ud558\ub97c \ubd88\ub7ec\ub0b4\uc5b4\n\uc0c1\ub300\ub97c \ud5a5\ud574\uc11c \uacf5\uaca9\uc2dc\ud0a8\ub2e4.\n\uae09\uc18c\uc5d0 \ub9de\uae30 \uc27d\ub2e4.",
      "language": {
        "name": "ko",
        "url": "https://pokeapi.co/api/v2/language/3/"
      },
      "version_group": {
        "name": "ultra-sun-ultra-moon",
        "url": "https://pokeapi.co/api/v2/version-group/18/"
      }
    },
    {
      "flavor_text": "\u547c\u559a\u624b\u4e0b\uff0c\n\u5411\u5c0d\u624b\u767c\u52d5\u653b\u64ca\u3002\n\u5bb9\u6613\u64ca\u4e2d\u8981\u5bb3\u3002",
      "language": {
        "name": "zh-Hant",
        "url": "https://pokeapi.co/api/v2/language/4/"
      },
      "version_group": {
        "name": "ultra-sun-ultra-moon",
        "url": "https://pokeapi.co/api/v2/version-group/18/"
      }
    },
    {
      "flavor_text": "Le lanceur appelle ses sous-fifres pour frapper\nl\u2019ennemi. Taux de critique \u00e9lev\u00e9.",
      "language": {
        "name": "fr",
        "url": "https://pokeapi.co/api/v2/language/5/"
      },
      "version_group": {
        "name": "ultra-sun-ultra-moon",
        "url": "https://pokeapi.co/api/v2/version-group/18/"
      }
    },
    {
      "flavor_text": "Anwender ruft seine Untergebenen zum Angriff.\nHat eine hohe Volltrefferquote.",
      "language": {
        "name": "de",
        "url": "https://pokeapi.co/api/v2/language/6/"
      },
      "version_group": {
        "name": "ultra-sun-ultra-moon",
        "url": "https://pokeapi.co/api/v2/version-group/18/"
      }
    },
    {
      "flavor_text": "El usuario llama a sus s\u00fabditos para que ataquen \nal objetivo. Suele ser cr\u00edtico.",
      "language": {
        "name": "es",
        "url": "https://pokeapi.co/api/v2/language/7/"
      },
      "version_group": {
        "name": "ultra-sun-ultra-moon",
        "url": "https://pokeapi.co/api/v2/version-group/18/"
      }
    },
    {
      "flavor_text": "Chi la usa raduna i suoi sgherri per colpire\nil bersaglio. Probabile brutto colpo.",
      "language": {
        "name": "it",
        "url": "https://pokeapi.co/api/v2/language/8/"
      },
      "version_group": {
        "name": "ultra-sun-ultra-moon",
        "url": "https://pokeapi.co/api/v2/version-group/18/"
      }
    },
    {
      "flavor_text": "The user calls out its underlings to pummel the\ntarget. Critical hits land more easily.",
      "language": {
        "name": "en",
        "url": "https://pokeapi.co/api/v2/language/9/"
      },
      "version_group": {
        "name": "ultra-sun-ultra-moon",
        "url": "https://pokeapi.co/api/v2/version-group/18/"
      }
    },
    {
      "flavor_text": "\u3057\u3082\u3079\u3092\u3000\u547c\u3073\u3060\u3057\u3066\n\u76f8\u624b\u306b\u3000\u3080\u304b\u3063\u3066\u3000\u653b\u6483\u3055\u305b\u308b\u3002\n\u6025\u6240\u306b\u3000\u5f53\u305f\u308a\u3084\u3059\u3044\u3002",
      "language": {
        "name": "ja",
        "url": "https://pokeapi.co/api/v2/language/11/"
      },
      "version_group": {
        "name": "ultra-sun-ultra-moon",
        "url": "https://pokeapi.co/api/v2/version-group/18/"
      }
    },
    {
      "flavor_text": "\u53ec\u5524\u624b\u4e0b\uff0c\n\u8ba9\u5176\u671d\u5bf9\u624b\u53d1\u8d77\u653b\u51fb\u3002\n\u5bb9\u6613\u51fb\u4e2d\u8981\u5bb3\u3002",
      "language": {
        "name": "zh-Hans",
        "url": "https://pokeapi.co/api/v2/language/12/"
      },
      "version_group": {
        "name": "ultra-sun-ultra-moon",
        "url": "https://pokeapi.co/api/v2/version-group/18/"
      }
    },
    {
      "flavor_text": "\u3057\u3082\u3079\u3092\u3000\u3088\u3073\u3060\u3057\u3066\n\u3042\u3044\u3066\u306b\u3000\u3080\u304b\u3063\u3066\u3000\u3053\u3046\u3052\u304d\u3000\u3055\u305b\u308b\u3002\n\u304d\u3085\u3046\u3057\u3087\u306b\u3000\u3042\u305f\u308a\u3084\u3059\u3044\u3002",
      "language": {
        "name": "ja-Hrkt",
        "url": "https://pokeapi.co/api/v2/language/1/"
      },
      "version_group": {
        "name": "lets-go-pikachu-lets-go-eevee",
        "url": "https://pokeapi.co/api/v2/version-group/19/"
      }
    },
    {
      "flavor_text": "\ubd80\ud558\ub97c \ubd88\ub7ec\ub0b4\uc5b4\n\uc0c1\ub300\ub97c \ud5a5\ud574\uc11c \uacf5\uaca9\uc2dc\ud0a8\ub2e4.\n\uae09\uc18c\uc5d0 \ub9de\uae30 \uc27d\ub2e4.",
      "language": {
        "name": "ko",
        "url": "https://pokeapi.co/api/v2/language/3/"
      },
      "version_group": {
        "name": "lets-go-pikachu-lets-go-eevee",
        "url": "https://pokeapi.co/api/v2/version-group/19/"
      }
    },
    {
      "flavor_text": "\u547c\u559a\u624b\u4e0b\uff0c\n\u5411\u5c0d\u624b\u767c\u52d5\u653b\u64ca\u3002\n\u5bb9\u6613\u64ca\u4e2d\u8981\u5bb3\u3002",
      "language": {
        "name": "zh-Hant",
        "url": "https://pokeapi.co/api/v2/language/4/"
      },
      "version_group": {
        "name": "lets-go-pikachu-lets-go-eevee",
        "url": "https://pokeapi.co/api/v2/version-group/19/"
      }
    },
    {
      "flavor_text": "Le lanceur appelle ses sous-fifres pour frapper l\u2019ennemi.\nTaux de critique \u00e9lev\u00e9.",
      "language": {
        "name": "fr",
        "url": "https://pokeapi.co/api/v2/language/5/"
      },
      "version_group": {
        "name": "lets-go-pikachu-lets-go-eevee",
        "url": "https://pokeapi.co/api/v2/version-group/19/"
      }
    },
    {
      "flavor_text": "Anwender ruft seine Untergebenen zum Angriff.\nHat eine hohe Volltrefferquote.",
      "language": {
        "name": "de",
        "url": "https://pokeapi.co/api/v2/language/6/"
      },
      "version_group": {
        "name": "lets-go-pikachu-lets-go-eevee",
        "url": "https://pokeapi.co/api/v2/version-group/19/"
      }
    },
    {
      "flavor_text": "El usuario llama a sus s\u00fabditos para que ataquen \nal objetivo. Suele ser cr\u00edtico.",
      "language": {
        "name": "es",
        "url": "https://pokeapi.co/api/v2/language/7/"
      },
      "version_group": {
        "name": "lets-go-pikachu-lets-go-eevee",
        "url": "https://pokeapi.co/api/v2/version-group/19/"
      }
    },
    {
      "flavor_text": "Chi la usa raduna i suoi sgherri per colpire\nil bersaglio. Probabile brutto colpo.",
      "language": {
        "name": "it",
        "url": "https://pokeapi.co/api/v2/language/8/"
      },
      "version_group": {
        "name": "lets-go-pikachu-lets-go-eevee",
        "url": "https://pokeapi.co/api/v2/version-group/19/"
      }
    },
    {
      "flavor_text": "The user calls out its underlings to pummel the\ntarget. Critical hits land more easily.",
      "language": {
        "name": "en",
        "url": "https://pokeapi.co/api/v2/language/9/"
      },
      "version_group": {
        "name": "lets-go-pikachu-lets-go-eevee",
        "url": "https://pokeapi.co/api/v2/version-group/19/"
      }
    },
    {
      "flavor_text": "\u3057\u3082\u3079\u3092\u3000\u547c\u3073\u3060\u3057\u3066\n\u76f8\u624b\u306b\u3000\u3080\u304b\u3063\u3066\u3000\u653b\u6483\u3055\u305b\u308b\u3002\n\u6025\u6240\u306b\u3000\u5f53\u305f\u308a\u3084\u3059\u3044\u3002",
      "language": {
        "name": "ja",
        "url": "https://pokeapi.co/api/v2/language/11/"
      },
      "version_group": {
        "name": "lets-go-pikachu-lets-go-eevee",
        "url": "https://pokeapi.co/api/v2/version-group/19/"
      }
    },
    {
      "flavor_text": "\u53ec\u5524\u624b\u4e0b\uff0c\n\u8ba9\u5176\u671d\u5bf9\u624b\u53d1\u8d77\u653b\u51fb\u3002\n\u5bb9\u6613\u51fb\u4e2d\u8981\u5bb3\u3002",
      "language": {
        "name": "zh-Hans",
        "url": "https://pokeapi.co/api/v2/language/12/"
      },
      "version_group": {
        "name": "lets-go-pikachu-lets-go-eevee",
        "url": "https://pokeapi.co/api/v2/version-group/19/"
      }
    },
    {
      "flavor_text": "\u3057\u3082\u3079\u3092\u3000\u3088\u3073\u3060\u3057\u3066\n\u3042\u3044\u3066\u306b\u3000\u3080\u304b\u3063\u3066\u3000\u3053\u3046\u3052\u304d\u3000\u3055\u305b\u308b\u3002\n\u304d\u3085\u3046\u3057\u3087\u306b\u3000\u3042\u305f\u308a\u3084\u3059\u3044\u3002",
      "language": {
        "name": "ja-Hrkt",
        "url": "https://pokeapi.co/api/v2/language/1/"
      },
      "version_group": {
        "name": "sword-shield",
        "url": "https://pokeapi.co/api/v2/version-group/20/"
      }
    },
    {
      "flavor_text": "\ubd80\ud558\ub97c \ubd88\ub7ec\ub0b4\uc5b4\n\uc0c1\ub300\ub97c \ud5a5\ud574\uc11c \uacf5\uaca9\uc2dc\ud0a8\ub2e4.\n\uae09\uc18c\uc5d0 \ub9de\uae30 \uc27d\ub2e4.",
      "language": {
        "name": "ko",
        "url": "https://pokeapi.co/api/v2/language/3/"
      },
      "version_group": {
        "name": "sword-shield",
        "url": "https://pokeapi.co/api/v2/version-group/20/"
      }
    },
    {
      "flavor_text": "\u547c\u559a\u624b\u4e0b\uff0c\n\u5411\u5c0d\u624b\u767c\u52d5\u653b\u64ca\u3002\n\u5bb9\u6613\u64ca\u4e2d\u8981\u5bb3\u3002",
      "language": {
        "name": "zh-Hant",
        "url": "https://pokeapi.co/api/v2/language/4/"
      },
      "version_group": {
        "name": "sword-shield",
        "url": "https://pokeapi.co/api/v2/version-group/20/"
      }
    },
    {
      "flavor_text": "Le lanceur appelle ses sous-fifres pour frapper l\u2019ennemi.\nTaux de critiques \u00e9lev\u00e9.",
      "language": {
        "name": "fr",
        "url": "https://pokeapi.co/api/v2/language/5/"
      },
      "version_group": {
        "name": "sword-shield",
        "url": "https://pokeapi.co/api/v2/version-group/20/"
      }
    },
    {
      "flavor_text": "Anwender ruft seine Untergebenen zum Angriff.\nHat eine hohe Volltrefferquote.",
      "language": {
        "name": "de",
        "url": "https://pokeapi.co/api/v2/language/6/"
      },
      "version_group": {
        "name": "sword-shield",
        "url": "https://pokeapi.co/api/v2/version-group/20/"
      }
    },
    {
      "flavor_text": "El usuario llama a sus s\u00fabditos para que ataquen al\nobjetivo. Suele ser cr\u00edtico.",
      "language": {
        "name": "es",
        "url": "https://pokeapi.co/api/v2/language/7/"
      },
      "version_group": {
        "name": "sword-shield",
        "url": "https://pokeapi.co/api/v2/version-group/20/"
      }
    },
    {
      "flavor_text": "Chi la usa raduna i suoi sgherri per colpire\nil bersaglio. Probabile brutto colpo.",
      "language": {
        "name": "it",
        "url": "https://pokeapi.co/api/v2/language/8/"
      },
      "version_group": {
        "name": "sword-shield",
        "url": "https://pokeapi.co/api/v2/version-group/20/"
      }
    },
    {
      "flavor_text": "\u3057\u3082\u3079\u3092\u3000\u547c\u3073\u3060\u3057\u3066\n\u76f8\u624b\u306b\u3000\u3080\u304b\u3063\u3066\u3000\u653b\u6483\u3055\u305b\u308b\u3002\n\u6025\u6240\u306b\u3000\u5f53\u305f\u308a\u3084\u3059\u3044\u3002",
      "language": {
        "name": "ja",
        "url": "https://pokeapi.co/api/v2/language/11/"
      },
      "version_group": {
        "name": "sword-shield",
        "url": "https://pokeapi.co/api/v2/version-group/20/"
      }
    },
    {
      "flavor_text": "\u53ec\u5524\u624b\u4e0b\uff0c\n\u8ba9\u5176\u671d\u5bf9\u624b\u53d1\u8d77\u653b\u51fb\u3002\n\u5bb9\u6613\u51fb\u4e2d\u8981\u5bb3\u3002",
      "language": {
        "name": "zh-Hans",
        "url": "https://pokeapi.co/api/v2/language/12/"
      },
      "version_group": {
        "name": "sword-shield",
        "url": "https://pokeapi.co/api/v2/version-group/20/"
      }
    },
    {
      "flavor_text": "The user calls out its underlings to pummel the target. Critical hits land more easily.",
      "language": {
        "name": "en",
        "url": "https://pokeapi.co/api/v2/language/9/"
      },
      "version_group": {
        "name": "legends-arceus",
        "url": "https://pokeapi.co/api/v2/version-group/24/"
      }
    },
    {
      "flavor_text": "The user calls out its underlings to pummel the target. This move has a heightened chance of landing a critical hit.",
      "language": {
        "name": "en",
        "url": "https://pokeapi.co/api/v2/language/9/"
      },
      "version_group": {
        "name": "scarlet-violet",
        "url": "https://pokeapi.co/api/v2/version-group/25/"
      }
    }
  ],
  "generation": {
    "name": "generation-iv",
    "url": "https://pokeapi.co/api/v2/generation/4/"
  },
  "id": 454,
  "learned_by_pokemon": [
    {
      "name": "vespiquen",
      "url": "https://pokeapi.co/api/v2/pokemon/416/"
    }
  ],
  "machines": [],
  "meta": {
    "ailment": {
      "name": "none",
      "url": "https://pokeapi.co/api/v2/move-ailment/0/"
    },
    "ailment_chance": 0,
    "category": {
      "name": "damage",
      "url": "https://pokeapi.co/api/v2/move-category/0/"
    },
    "crit_rate": 1,
    "drain": 0,
    "flinch_chance": 0,
    "healing": 0,
    "max_hits": null,
    "max_turns": null,
    "min_hits": null,
    "min_turns": null,
    "stat_chance": 0
  },
  "name": "attack-order",
  "names": [
    {
      "language": {
        "name": "ja-Hrkt",
        "url": "https://pokeapi.co/api/v2/language/1/"
      },
      "name": "\u3053\u3046\u3052\u304d\u3057\u308c\u3044"
    },
    {
      "language": {
        "name": "ko",
        "url": "https://pokeapi.co/api/v2/language/3/"
      },
      "name": "\uacf5\uaca9\uc9c0\ub839"
    },
    {
      "language": {
        "name": "zh-Hant",
        "url": "https://pokeapi.co/api/v2/language/4/"
      },
      "name": "\u653b\u64ca\u6307\u4ee4"
    },
    {
      "language": {
        "name": "fr",
        "url": "https://pokeapi.co/api/v2/language/5/"
      },
      "name": "Appel Attaque"
    },
    {
      "language": {
        "name": "de",
        "url": "https://pokeapi.co/api/v2/language/6/"
      },
      "name": "Schlagbefehl"
    },
    {
      "language": {
        "name": "es",
        "url": "https://pokeapi.co/api/v2/language/7/"
      },
      "name": "Al Ataque"
    },
    {
      "language": {
        "name": "it",
        "url": "https://pokeapi.co/api/v2/language/8/"
      },
      "name": "Comandourto"
    },
    {
      "language": {
        "name": "en",
        "url": "https://pokeapi.co/api/v2/language/9/"
      },
      "name": "Attack Order"
    },
    {
      "language": {
        "name": "ja",
        "url": "https://pokeapi.co/api/v2/language/11/"
      },
      "name": "\u3053\u3046\u3052\u304d\u3057\u308c\u3044"
    },
    {
      "language": {
        "name": "zh-Hans",
        "url": "https://pokeapi.co/api/v2/language/12/"
      },
      "name": "\u653b\u51fb\u6307\u4ee4"
    }
  ],
  "past_values": [],
  "power": 90,
  "pp": 15,
  "priority": 0,
  "stat_changes": [],
  "super_contest_effect": {
    "url": "https://pokeapi.co/api/v2/super-contest-effect/4/"
  },
  "target": {
    "name": "selected-pokemon",
    "url": "https://pokeapi.co/api/v2/move-target/10/"
  },
  "type": {
    "name": "bug",
    "url": "https://pokeapi.co/api/v2/type/7/"
  }
}