{
  "accuracy": null,
  "contest_combos": {
    "normal": {
      "use_after": [
        {
          "name": "rain-dance",
          "url": "https://pokeapi.co/api/v2/move/240/"
        },
        {
          "name": "mud-sport",
          "url": "https://pokeapi.co/api/v2/move/300/"
        }
      ],
      "use_before": [
        {
          "name": "water-gun",
          "url": "https://pokeapi.co/api/v2/move/55/"
        },
        {
          "name": "refresh",
          "url": "https://pokeapi.co/api/v2/move/287/"
        },
        {
          "name": "mud-sport",
          "url": "https://pokeapi.co/api/v2/move/300/"
        }
      ]
    },
    "super": {
      "use_after": null,
      "use_before": null
    }
  },
  "contest_effect": {
    "url": "https://pokeapi.co/api/v2/contest-effect/1/"
  },
  "contest_type": {
    "name": "cute",
    "url": "https://pokeapi.co/api/v2/contest-type/3/"
  },
  "damage_class": {
    "name": "status",
    "url": "https://pokeapi.co/api/v2/move-damage-class/1/"
  },
  "effect_chance": null,
  "effect_changes": [],
  "effect_entries": [
    {
      "effect": "fire moves inflict half damage, regardless of target.  If the user leaves the field, this effect ends.",
      "language": {
        "name": "en",
        "url": "https://pokeapi.co/api/v2/language/9/"
      },
      "short_effect": "Halves all Fire-type damage."
    }
  ],
  "flavor_text_entries": [
    {
      "flavor_text": "The user becomes soaked to\nraise resistance to fire.",
      "language": {
        "name": "en",
        "url": "https://pokeapi.co/api/v2/language/9/"
      },
      "version_group": {
        "name": "ruby-sapphire",
        "url": "https://pokeapi.co/api/v2/version-group/5/"
      }
    },
    {
      "flavor_text": "The user becomes soaked to\nraise resistance to fire.",
      "language": {
        "name": "en",
        "url": "https://pokeapi.co/api/v2/language/9/"
      },
      "version_group": {
        "name": "emerald",
        "url": "https://pokeapi.co/api/v2/version-group/6/"
      }
    },
    {
      "flavor_text": "Weakens FIRE-type\nattacks while the\nuser is in the\nbattle.",
      "language": {
        "name": "en",
        "url": "https://pokeapi.co/api/v2/language/9/"
      },
      "version_group": {
        "name": "firered-leafgreen",
        "url": "https://pokeapi.co/api/v2/version-group/7/"
      }
    },
    {
      "flavor_text": "The user soaks itself\nwith water. The move\nweakens Fire-type\nmoves while the user\nis in the battle.",
      "language": {
        "name": "en",
        "url": "https://pokeapi.co/api/v2/language/9/"
      },
      "version_group": {
        "name": "diamond-pearl",
        "url": "https://pokeapi.co/api/v2/version-group/8/"
      }
    },
    {
      "flavor_text": "The user soaks itself\nwith water. The move\nweakens Fire-type\nmoves while the user\nis in the battle.",
      "language": {
        "name": "en",
        "url": "https://pokeapi.co/api/v2/language/9/"
      },
      "version_group": {
        "name": "platinum",
        "url": "https://pokeapi.co/api/v2/version-group/9/"
      }
    },
    {
      "flavor_text": "The user soaks itself\nwith water. The move\nweakens Fire-type\nmoves while the user\nis in the battle.",
      "language": {
        "name": "en",
        "url": "https://pokeapi.co/api/v2/language/9/"
      },
      "version_group": {
        "name": "heartgold-soulsilver",
        "url": "https://pokeapi.co/api/v2/version-group/10/"
      }
    },
    {
      "flavor_text": "Le lanceur s\u2019asperge d\u2019eau. Affaiblit\nles capacit\u00e9s Feu quand le lanceur\nest au combat.",
      "language": {
        "name": "fr",
        "url": "https://pokeapi.co/api/v2/language/5/"
      },
      "version_group": {
        "name": "black-white",
        "url": "https://pokeapi.co/api/v2/version-group/11/"
      }
    },
    {
      "flavor_text": "The user soaks itself with water. The move\nweakens Fire-type moves while the user\nis in the battle.",
      "language": {
        "name": "en",
        "url": "https://pokeapi.co/api/v2/language/9/"
      },
      "version_group": {
        "name": "black-white",
        "url": "https://pokeapi.co/api/v2/version-group/11/"
      }
    },
    {
      "flavor_text": "The user soaks itself with water. The move\nweakens Fire-type moves while the user\nis in the battle.",
      "language": {
        "name": "en",
        "url": "https://pokeapi.co/api/v2/language/9/"
      },
      "version_group": {
        "name": "black-2-white-2",
        "url": "https://pokeapi.co/api/v2/version-group/14/"
      }
    },
    {
      "flavor_text": "\u3042\u305f\u308a\u3092\u3000\u307f\u305a\u3067\u3000\u3073\u3057\u3087\u3073\u3057\u3087\u306b\u3059\u308b\u3002\n\uff15\u30bf\u30fc\u30f3\u306e\u3000\u3042\u3044\u3060\n\u307b\u306e\u304a\u30bf\u30a4\u30d7\u306e\u3000\u308f\u3056\u3092\u3000\u3088\u308f\u3081\u308b\u3002",
      "language": {
        "name": "ja-Hrkt",
        "url": "https://pokeapi.co/api/v2/language/1/"
      },
      "version_group": {
        "name": "x-y",
        "url": "https://pokeapi.co/api/v2/version-group/15/"
      }
    },
    {
      "flavor_text": "\uc8fc\uc704\ub97c \ubb3c\ub85c \ud760\ubed1 \uc816\uac8c \ub9cc\ub4e0\ub2e4.\n5\ud134 \ub3d9\uc548\n\ubd88\uaf43\ud0c0\uc785\uc758 \uae30\uc220\uc744 \uc57d\ud558\uac8c \ud55c\ub2e4.",
      "language": {
        "name": "ko",
        "url": "https://pokeapi.co/api/v2/language/3/"
      },
      "version_group": {
        "name": "x-y",
        "url": "https://pokeapi.co/api/v2/version-group/15/"
      }
    },
    {
      "flavor_text": "Asperge d\u2019eau les alentours.\nAffaiblit les capacit\u00e9s Feu pendant cinq tours.",
      "language": {
        "name": "fr",
        "url": "https://pokeapi.co/api/v2/language/5/"
      },
      "version_group": {
        "name": "x-y",
        "url": "https://pokeapi.co/api/v2/version-group/15/"
      }
    },
    {
      "flavor_text": "Der Anwender l\u00e4sst Wasser herabregnen und\nschw\u00e4cht damit f\u00fcnf Runden lang Feuer-Attacken.",
      "language": {
        "name": "de",
        "url": "https://pokeapi.co/api/v2/language/6/"
      },
      "version_group": {
        "name": "x-y",
        "url": "https://pokeapi.co/api/v2/version-group/15/"
      }
    },
    {
      "flavor_text": "El usuario se empapa en agua, lo que debilita\nlos movimientos de tipo Fuego durante cinco\nturnos.",
      "language": {
        "name": "es",
        "url": "https://pokeapi.co/api/v2/language/7/"
      },
      "version_group": {
        "name": "x-y",
        "url": "https://pokeapi.co/api/v2/version-group/15/"
      }
    },
    {
      "flavor_text": "Chi la usa sparge acqua sul campo di lotta\nindebolendo per cinque turni le mosse\ndi tipo Fuoco.",
      "language": {
        "name": "it",
        "url": "https://pokeapi.co/api/v2/language/8/"
      },
      "version_group": {
        "name": "x-y",
        "url": "https://pokeapi.co/api/v2/version-group/15/"
      }
    },
    {
      "flavor_text": "The user soaks itself with water.\nThis weakens Fire-type moves\nfor five turns.",
      "language": {
        "name": "en",
        "url": "https://pokeapi.co/api/v2/language/9/"
      },
      "version_group": {
        "name": "x-y",
        "url": "https://pokeapi.co/api/v2/version-group/15/"
      }
    },
    {
      "flavor_text": "\u3042\u305f\u308a\u3092\u3000\u6c34\u3067\u3000\u3073\u3057\u3087\u3073\u3057\u3087\u306b\u3059\u308b\u3002\n\uff15\u30bf\u30fc\u30f3\u306e\u3000\u3042\u3044\u3060\n\u307b\u306e\u304a\u30bf\u30a4\u30d7\u306e\u3000\u6280\u3092\u3000\u5f31\u3081\u308b\u3002",
      "language": {
        "name": "ja",
        "url": "https://pokeapi.co/api/v2/language/11/"
      },
      "version_group": {
        "name": "x-y",
        "url": "https://pokeapi.co/api/v2/version-group/15/"
      }
    },
    {
      "flavor_text": "\u3042\u305f\u308a\u3092\u3000\u202f\u305a\u3067\u3000\u3073\u3057\u3087\u3073\u3057\u3087\u306b\u3059\u308b\u3002\n\uff15\u30bf\u30fc\u30f3\u306e\u3000\u3042\u3044\u3060\n\u307b\u306e\u304a\u30bf\u30a4\u30d7\u306e\u3000\u308f\u3056\u3092\u3000\u3088\u308f\u3081\u308b\u3002",
      "language": {
        "name": "ja-Hrkt",
        "url": "https://pokeapi.co/api/v2/language/1/"
      },
      "version_group": {
        "name": "omega-ruby-alpha-sapphire",
        "url": "https://pokeapi.co/api/v2/version-group/16/"
      }
    },
    {
      "flavor_text": "\uc8fc\uc704\ub97c \ubb3c\ub85c \ud760\ubed1 \uc816\uac8c \ub9cc\ub4e0\ub2e4.\n5\ud134 \ub3d9\uc548\n\ubd88\uaf43\ud0c0\uc785\uc758 \uae30\uc220\uc744 \uc57d\ud558\uac8c \ud55c\ub2e4.",
      "language": {
        "name": "ko",
        "url": "https://pokeapi.co/api/v2/language/3/"
      },
      "version_group": {
        "name": "omega-ruby-alpha-sapphire",
        "url": "https://pokeapi.co/api/v2/version-group/16/"
      }
    },
    {
      "flavor_text": "Asperge d\u2019eau les alentours.\nAffaiblit les capacit\u00e9s Feu pendant cinq tours.",
      "language": {
        "name": "fr",
        "url": "https://pokeapi.co/api/v2/language/5/"
      },
      "version_group": {
        "name": "omega-ruby-alpha-sapphire",
        "url": "https://pokeapi.co/api/v2/version-group/16/"
      }
    },
    {
      "flavor_text": "Der Anwender l\u00e4sst Wasser herabregnen und\nschw\u00e4cht damit f\u00fcnf Runden lang Feuer-Attacken.",
      "language": {
        "name": "de",
        "url": "https://pokeapi.co/api/v2/language/6/"
      },
      "version_group": {
        "name": "omega-ruby-alpha-sapphire",
        "url": "https://pokeapi.co/api/v2/version-group/16/"
      }
    },
    {
      "flavor_text": "El usuario se empapa en agua, lo que debilita \nlos movimientos de tipo Fuego durante cinco \nturnos.",
      "language": {
        "name": "es",
        "url": "https://pokeapi.co/api/v2/language/7/"
      },
      "version_group": {
        "name": "omega-ruby-alpha-sapphire",
        "url": "https://pokeapi.co/api/v2/version-group/16/"
      }
    },
    {
      "flavor_text": "Chi la usa sparge acqua sul campo di lotta\nindebolendo per cinque turni le mosse\ndi tipo Fuoco.",
      "language": {
        "name": "it",
        "url": "https://pokeapi.co/api/v2/language/8/"
      },
      "version_group": {
        "name": "omega-ruby-alpha-sapphire",
        "url": "https://pokeapi.co/api/v2/version-group/16/"
      }
    },
    {
      "flavor_text": "The user soaks itself with water.\nThis weakens Fire-type moves\nfor five turns.",
      "language": {
        "name": "en",
        "url": "https://pokeapi.co/api/v2/language/9/"
      },
      "version_group": {
        "name": "omega-ruby-alpha-sapphire",
        "url": "https://pokeapi.co/api/v2/version-group/16/"
      }
    },
    {
      "flavor_text": "\u3042\u305f\u308a\u3092\u3000\u6c34\u3067\u3000\u3073\u3057\u3087\u3073\u3057\u3087\u306b\u3059\u308b\u3002\n\uff15\u30bf\u30fc\u30f3\u306e\u3000\u3042\u3044\u3060\n\u307b\u306e\u304a\u30bf\u30a4\u30d7\u306e\u3000\u6280\u3092\u3000\u5f31\u3081\u308b\u3002",
      "language": {
        "name": "ja",
        "url": "https://pokeapi.co/api/v2/language/11/"
      },
      "version_group": {
        "name": "omega-ruby-alpha-sapphire",
        "url": "https://pokeapi.co/api/v2/version-group/16/"
      }
    },
    {
      "flavor_text": "\u3042\u305f\u308a\u3092\u3000\u307f\u305a\u3067\u3000\u3073\u3057\u3087\u3073\u3057\u3087\u306b\u3059\u308b\u3002\n\uff15\u30bf\u30fc\u30f3\u306e\u3000\u3042\u3044\u3060\n\u307b\u306e\u304a\u30bf\u30a4\u30d7\u306e\u3000\u308f\u3056\u3092\u3000\u3088\u308f\u3081\u308b\u3002",
      "language": {
        "name": "ja-Hrkt",
        "url": "https://pokeapi.co/api/v2/language/1/"
      },
      "version_group": {
        "name": "sun-moon",
        "url": "https://pokeapi.co/api/v2/version-group/17/"
      }
    },
    {
      "flavor_text": "\uc8fc\uc704\ub97c \ubb3c\ub85c \ud760\ubed1 \uc816\uac8c \ub9cc\ub4e0\ub2e4.\n5\ud134 \ub3d9\uc548\n\ubd88\uaf43\ud0c0\uc785\uc758 \uae30\uc220\uc744 \uc57d\ud558\uac8c \ud55c\ub2e4.",
      "language": {
        "name": "ko",
        "url": "https://pokeapi.co/api/v2/language/3/"
      },
      "version_group": {
        "name": "sun-moon",
        "url": "https://pokeapi.co/api/v2/version-group/17/"
      }
    },
    {
      "flavor_text": "\u7528\u6c34\u628a\u5468\u570d\u5f04\u5f97\u6fd5\u7b54\u7b54\u3002\n\u5728\uff15\u56de\u5408\u5167\u6e1b\u5f31\u706b\u5c6c\u6027\u7684\u62db\u5f0f\u3002",
      "language": {
        "name": "zh-Hant",
        "url": "https://pokeapi.co/api/v2/language/4/"
      },
      "version_group": {
        "name": "sun-moon",
        "url": "https://pokeapi.co/api/v2/version-group/17/"
      }
    },
    {
      "flavor_text": "Asperge d\u2019eau les alentours.\nAffaiblit les capacit\u00e9s de type Feu\npendant cinq tours.",
      "language": {
        "name": "fr",
        "url": "https://pokeapi.co/api/v2/language/5/"
      },
      "version_group": {
        "name": "sun-moon",
        "url": "https://pokeapi.co/api/v2/version-group/17/"
      }
    },
    {
      "flavor_text": "Der Anwender l\u00e4sst Wasser herabregnen und\nschw\u00e4cht damit f\u00fcnf Runden lang Feuer-Attacken.",
      "language": {
        "name": "de",
        "url": "https://pokeapi.co/api/v2/language/6/"
      },
      "version_group": {
        "name": "sun-moon",
        "url": "https://pokeapi.co/api/v2/version-group/17/"
      }
    },
    {
      "flavor_text": "El usuario se empapa en agua, lo que debilita \nlos movimientos de tipo Fuego durante cinco \nturnos.",
      "language": {
        "name": "es",
        "url": "https://pokeapi.co/api/v2/language/7/"
      },
      "version_group": {
        "name": "sun-moon",
        "url": "https://pokeapi.co/api/v2/version-group/17/"
      }
    },
    {
      "flavor_text": "Chi la usa sparge acqua sul campo di lotta\nindebolendo per cinque turni le mosse\ndi tipo Fuoco.",
      "language": {
        "name": "it",
        "url": "https://pokeapi.co/api/v2/language/8/"
      },
      "version_group": {
        "name": "sun-moon",
        "url": "https://pokeapi.co/api/v2/version-group/17/"
      }
    },
    {
      "flavor_text": "The user soaks the battlefield with water. This\nweakens Fire-type moves for five turns.",
      "language": {
        "name": "en",
        "url": "https://pokeapi.co/api/v2/language/9/"
      },
      "version_group": {
        "name": "sun-moon",
        "url": "https://pokeapi.co/api/v2/version-group/17/"
      }
    },
    {
      "flavor_text": "\u3042\u305f\u308a\u3092\u3000\u6c34\u3067\u3000\u3073\u3057\u3087\u3073\u3057\u3087\u306b\u3059\u308b\u3002\n\uff15\u30bf\u30fc\u30f3\u306e\u3000\u9593\n\u307b\u306e\u304a\u30bf\u30a4\u30d7\u306e\u3000\u6280\u3092\u3000\u5f31\u3081\u308b\u3002",
      "language": {
        "name": "ja",
        "url": "https://pokeapi.co/api/v2/language/11/"
      },
      "version_group": {
        "name": "sun-moon",
        "url": "https://pokeapi.co/api/v2/version-group/17/"
      }
    },
    {
      "flavor_text": "\u7528\u6c34\u6e7f\u900f\u5468\u56f4\u3002\n\u5728\uff15\u56de\u5408\u5185\n\u51cf\u5f31\u706b\u5c5e\u6027\u7684\u62db\u5f0f\u3002",
      "language": {
        "name": "zh-Hans",
        "url": "https://pokeapi.co/api/v2/language/12/"
      },
      "version_group": {
        "name": "sun-moon",
        "url": "https://pokeapi.co/api/v2/version-group/17/"
      }
    },
    {
      "flavor_text": "\u3042\u305f\u308a\u3092\u3000\u307f\u305a\u3067\u3000\u3073\u3057\u3087\u3073\u3057\u3087\u306b\u3059\u308b\u3002\n\uff15\u30bf\u30fc\u30f3\u306e\u3000\u3042\u3044\u3060\n\u307b\u306e\u304a\u30bf\u30a4\u30d7\u306e\u3000\u308f\u3056\u3092\u3000\u3088\u308f\u3081\u308b\u3002",
      "language": {
        "name": "ja-Hrkt",
        "url": "https://pokeapi.co/api/v2/language/1/"
      },
      "version_group": {
        "name": "ultra-sun-ultra-moon",
        "url": "https://pokeapi.co/api/v2/version-group/18/"
      }
    },
    {
      "flavor_text": "\uc8fc\uc704\ub97c \ubb3c\ub85c \ud760\ubed1 \uc816\uac8c \ub9cc\ub4e0\ub2e4.\n5\ud134 \ub3d9\uc548\n\ubd88\uaf43\ud0c0\uc785\uc758 \uae30\uc220\uc744 \uc57d\ud558\uac8c \ud55c\ub2e4.",
      "language": {
        "name": "ko",
        "url": "https://pokeapi.co/api/v2/language/3/"
      },
      "version_group": {
        "name": "ultra-sun-ultra-moon",
        "url": "https://pokeapi.co/api/v2/version-group/18/"
      }
    },
    {
      "flavor_text": "\u7528\u6c34\u628a\u5468\u570d\u5f04\u5f97\u6fd5\u7b54\u7b54\u3002\n\u5728\uff15\u56de\u5408\u5167\u6e1b\u5f31\u706b\u5c6c\u6027\u7684\u62db\u5f0f\u3002",
      "language": {
        "name": "zh-Hant",
        "url": "https://pokeapi.co/api/v2/language/4/"
      },
      "version_group": {
        "name": "ultra-sun-ultra-moon",
        "url": "https://pokeapi.co/api/v2/version-group/18/"
      }
    },
    {
      "flavor_text": "Asperge d\u2019eau les alentours.\nAffaiblit les capacit\u00e9s de type Feu\npendant cinq tours.",
      "language": {
        "name": "fr",
        "url": "https://pokeapi.co/api/v2/language/5/"
      },
      "version_group": {
        "name": "ultra-sun-ultra-moon",
        "url": "https://pokeapi.co/api/v2/version-group/18/"
      }
    },
    {
      "flavor_text": "Der Anwender l\u00e4sst Wasser herabregnen und\nschw\u00e4cht damit f\u00fcnf Runden lang Feuer-Attacken.",
      "language": {
        "name": "de",
        "url": "https://pokeapi.co/api/v2/language/6/"
      },
      "version_group": {
        "name": "ultra-sun-ultra-moon",
        "url": "https://pokeapi.co/api/v2/version-group/18/"
      }
    },
    {
      "flavor_text": "El usuario se empapa en agua, lo que debilita \nlos movimientos de tipo Fuego durante cinco \nturnos.",
      "language": {
        "name": "es",
        "url": "https://pokeapi.co/api/v2/language/7/"
      },
      "version_group": {
        "name": "ultra-sun-ultra-moon",
        "url": "https://pokeapi.co/api/v2/version-group/18/"
      }
    },
    {
      "flavor_text": "Chi la usa sparge acqua sul campo di lotta\nindebolendo per cinque turni le mosse\ndi tipo Fuoco.",
      "language": {
        "name": "it",
        "url": "https://pokeapi.co/api/v2/language/8/"
      },
      "version_group": {
        "name": "ultra-sun-ultra-moon",
        "url": "https://pokeapi.co/api/v2/version-group/18/"
      }
    },
    {
      "flavor_text": "The user soaks the battlefield with water. This\nweakens Fire-type moves for five turns.",
      "language": {
        "name": "en",
        "url": "https://pokeapi.co/api/v2/language/9/"
      },
      "version_group": {
        "name": "ultra-sun-ultra-moon",
        "url": "https://pokeapi.co/api/v2/version-group/18/"
      }
    },
    {
      "flavor_text": "\u3042\u305f\u308a\u3092\u3000\u6c34\u3067\u3000\u3073\u3057\u3087\u3073\u3057\u3087\u306b\u3059\u308b\u3002\n\uff15\u30bf\u30fc\u30f3\u306e\u3000\u9593\n\u307b\u306e\u304a\u30bf\u30a4\u30d7\u306e\u3000\u6280\u3092\u3000\u5f31\u3081\u308b\u3002",
      "language": {
        "name": "ja",
        "url": "https://pokeapi.co/api/v2/language/11/"
      },
      "version_group": {
        "name": "ultra-sun-ultra-moon",
        "url": "https://pokeapi.co/api/v2/version-group/18/"
      }
    },
    {
      "flavor_text": "\u7528\u6c34\u6e7f\u900f\u5468\u56f4\u3002\n\u5728\uff15\u56de\u5408\u5185\n\u51cf\u5f31\u706b\u5c5e\u6027\u7684\u62db\u5f0f\u3002",
      "language": {
        "name": "zh-Hans",
        "url": "https://pokeapi.co/api/v2/language/12/"
      },
      "version_group": {
        "name": "ultra-sun-ultra-moon",
        "url": "https://pokeapi.co/api/v2/version-group/18/"
      }
    },
    {
      "flavor_text": "\u3042\u305f\u308a\u3092\u3000\u307f\u305a\u3067\u3000\u3073\u3057\u3087\u3073\u3057\u3087\u306b\u3059\u308b\u3002\n\uff15\u30bf\u30fc\u30f3\u306e\u3000\u3042\u3044\u3060\n\u307b\u306e\u304a\u30bf\u30a4\u30d7\u306e\u3000\u308f\u3056\u3092\u3000\u3088\u308f\u3081\u308b\u3002",
      "language": {
        "name": "ja-Hrkt",
        "url": "https://pokeapi.co/api/v2/language/1/"
      },
      "version_group": {
        "name": "lets-go-pikachu-lets-go-eevee",
        "url": "https://pokeapi.co/api/v2/version-group/19/"
      }
    },
    {
      "flavor_text": "\uc8fc\uc704\ub97c \ubb3c\ub85c \ud760\ubed1 \uc816\uac8c \ub9cc\ub4e0\ub2e4.\n5\ud134 \ub3d9\uc548\n\ubd88\uaf43\ud0c0\uc785\uc758 \uae30\uc220\uc744 \uc57d\ud558\uac8c \ud55c\ub2e4.",
      "language": {
        "name": "ko",
        "url": "https://pokeapi.co/api/v2/language/3/"
      },
      "version_group": {
        "name": "lets-go-pikachu-lets-go-eevee",
        "url": "https://pokeapi.co/api/v2/version-group/19/"
      }
    },
    {
      "flavor_text": "\u7528\u6c34\u628a\u5468\u570d\u5f04\u5f97\u6fd5\u7b54\u7b54\u3002\n\u5728\uff15\u56de\u5408\u5167\u6e1b\u5f31\u706b\u5c6c\u6027\u7684\u62db\u5f0f\u3002",
      "language": {
        "name": "zh-Hant",
        "url": "https://pokeapi.co/api/v2/language/4/"
      },
      "version_group": {
        "name": "lets-go-pikachu-lets-go-eevee",
        "url": "https://pokeapi.co/api/v2/version-group/19/"
      }
    },
    {
      "flavor_text": "Asperge d\u2019eau les alentours.\nAffaiblit les capacit\u00e9s de type Feu\npendant cinq tours.",
      "language": {
        "name": "fr",
        "url": "https://pokeapi.co/api/v2/language/5/"
      },
      "version_group": {
        "name": "lets-go-pikachu-lets-go-eevee",
        "url": "https://pokeapi.co/api/v2/version-group/19/"
      }
    },
    {
      "flavor_text": "Der Anwender l\u00e4sst Wasser herabregnen und\nschw\u00e4cht damit f\u00fcnf Runden lang Feuer-Attacken.",
      "language": {
        "name": "de",
        "url": "https://pokeapi.co/api/v2/language/6/"
      },
      "version_group": {
        "name": "lets-go-pikachu-lets-go-eevee",
        "url": "https://pokeapi.co/api/v2/version-group/19/"
      }
    },
    {
      "flavor_text": "Empapa el terreno con agua, lo que debilita los\nmovimientos de tipo Fuego durante cinco turnos.",
      "language": {
        "name": "es",
        "url": "https://pokeapi.co/api/v2/language/7/"
      },
      "version_group": {
        "name": "lets-go-pikachu-lets-go-eevee",
        "url": "https://pokeapi.co/api/v2/version-group/19/"
      }
    },
    {
      "flavor_text": "Chi la usa sparge acqua sul campo di lotta\nindebolendo per cinque turni le mosse\ndi tipo Fuoco.",
      "language": {
        "name": "it",
        "url": "https://pokeapi.co/api/v2/language/8/"
      },
      "version_group": {
        "name": "lets-go-pikachu-lets-go-eevee",
        "url": "https://pokeapi.co/api/v2/version-group/19/"
      }
    },
    {
      "flavor_text": "The user soaks the battlefield with water. This\nweakens Fire-type moves for five turns.",
      "language": {
        "name": "en",
        "url": "https://pokeapi.co/api/v2/language/9/"
      },
      "version_group": {
        "name": "lets-go-pikachu-lets-go-eevee",
        "url": "https://pokeapi.co/api/v2/version-group/19/"
      }
    },
    {
      "flavor_text": "\u3042\u305f\u308a\u3092\u3000\u6c34\u3067\u3000\u3073\u3057\u3087\u3073\u3057\u3087\u306b\u3059\u308b\u3002\n\uff15\u30bf\u30fc\u30f3\u306e\u3000\u9593\n\u307b\u306e\u304a\u30bf\u30a4\u30d7\u306e\u3000\u6280\u3092\u3000\u5f31\u3081\u308b\u3002",
      "language": {
        "name": "ja",
        "url": "https://pokeapi.co/api/v2/language/11/"
      },
      "version_group": {
        "name": "lets-go-pikachu-lets-go-eevee",
        "url": "https://pokeapi.co/api/v2/version-group/19/"
      }
    },
    {
      "flavor_text": "\u7528\u6c34\u6e7f\u900f\u5468\u56f4\u3002\n\u5728\uff15\u56de\u5408\u5185\n\u51cf\u5f31\u706b\u5c5e\u6027\u7684\u62db\u5f0f\u3002",
      "language": {
        "name": "zh-Hans",
        "url": "https://pokeapi.co/api/v2/language/12/"
      },
      "version_group": {
        "name": "lets-go-pikachu-lets-go-eevee",
        "url": "https://pokeapi.co/api/v2/version-group/19/"
      }
    },
    {
      "flavor_text": "\u3053\u306e\u308f\u3056\u306f\u3000\u3064\u304b\u3048\u307e\u305b\u3093\n\u304a\u3082\u3044\u3060\u3059\u3053\u3068\u304c\u3000\u3067\u304d\u306a\u304f\u306a\u308a\u307e\u3059\u304c\n\u308f\u3056\u3092\u3000\u308f\u3059\u308c\u308b\u3053\u3068\u3092\u3000\u304a\u3059\u3059\u3081\u3057\u307e\u3059",
      "language": {
        "name": "ja-Hrkt",
        "url": "https://pokeapi.co/api/v2/language/1/"
      },
      "version_group": {
        "name": "sword-shield",
        "url": "https://pokeapi.co/api/v2/version-group/20/"
      }
    },
    {
      "flavor_text": "\uc0ac\uc6a9\ud560 \uc218 \uc5c6\ub294 \uae30\uc220\uc785\ub2c8\ub2e4.\n\ub2e4\uc2dc \ubc30\uc6b0\uac8c \ud560 \uc218 \uc5c6\uc9c0\ub9cc\n\uae30\uc220\uc744 \uc78a\uac8c \ud558\ub294 \uac83\uc744 \uad8c\uc7a5\ud569\ub2c8\ub2e4.",
      "language": {
        "name": "ko",
        "url": "https://pokeapi.co/api/v2/language/3/"
      },
      "version_group": {
        "name": "sword-shield",
        "url": "https://pokeapi.co/api/v2/version-group/20/"
      }
    },
    {
      "flavor_text": "\u7121\u6cd5\u4f7f\u7528\u6b64\u62db\u5f0f\u3002\n\u96d6\u7136\u5fd8\u8a18\u5f8c\u5c07\u7121\u6cd5\u518d\u60f3\u8d77\u4f86\uff0c\n\u4f46\u9084\u662f\u5efa\u8b70\u5fd8\u8a18\u6b64\u62db\u5f0f\u3002",
      "language": {
        "name": "zh-Hant",
        "url": "https://pokeapi.co/api/v2/language/4/"
      },
      "version_group": {
        "name": "sword-shield",
        "url": "https://pokeapi.co/api/v2/version-group/20/"
      }
    },
    {
      "flavor_text": "Cette capacit\u00e9 ne peut pas \u00eatre utilis\u00e9e.\nIl est recommand\u00e9 de l\u2019oublier, m\u00eame s\u2019il sera\nimpossible de se la rem\u00e9morer une fois oubli\u00e9e.",
      "language": {
        "name": "fr",
        "url": "https://pokeapi.co/api/v2/language/5/"
      },
      "version_group": {
        "name": "sword-shield",
        "url": "https://pokeapi.co/api/v2/version-group/20/"
      }
    },
    {
      "flavor_text": "Diese Attacke kann nicht eingesetzt werden. Du solltest\ndein Pok\u00e9mon sie vergessen lassen. Beachte aber,\ndass es sich danach nicht wieder an sie erinnern kann.",
      "language": {
        "name": "de",
        "url": "https://pokeapi.co/api/v2/language/6/"
      },
      "version_group": {
        "name": "sword-shield",
        "url": "https://pokeapi.co/api/v2/version-group/20/"
      }
    },
    {
      "flavor_text": "Este movimiento no se puede usar, por lo que ser\u00eda\nmejor olvidarlo, aunque eso implique que no se pueda\nrecordar posteriormente.",
      "language": {
        "name": "es",
        "url": "https://pokeapi.co/api/v2/language/7/"
      },
      "version_group": {
        "name": "sword-shield",
        "url": "https://pokeapi.co/api/v2/version-group/20/"
      }
    },
    {
      "flavor_text": "Questa mossa non pu\u00f2 essere usata.\n\u00c8 consigliabile farla dimenticare al Pok\u00e9mon. Tuttavia,\nuna volta dimenticata, non potr\u00e0 pi\u00f9 essere ricordata.",
      "language": {
        "name": "it",
        "url": "https://pokeapi.co/api/v2/language/8/"
      },
      "version_group": {
        "name": "sword-shield",
        "url": "https://pokeapi.co/api/v2/version-group/20/"
      }
    },
    {
      "flavor_text": "This move can\u2019t be used.\nIt\u2019s recommended that this move is forgotten.\nOnce forgotten, this move can\u2019t be remembered.",
      "language": {
        "name": "en",
        "url": "https://pokeapi.co/api/v2/language/9/"
      },
      "version_group": {
        "name": "sword-shield",
        "url": "https://pokeapi.co/api/v2/version-group/20/"
      }
    },
    {
      "flavor_text": "\u3053\u306e\u6280\u306f\u3000\u4f7f\u3048\u307e\u305b\u3093\n\u601d\u3044\u51fa\u3059\u3053\u3068\u304c\u3000\u3067\u304d\u306a\u304f\u306a\u308a\u307e\u3059\u304c\n\u6280\u3092\u3000\u5fd8\u308c\u308b\u3053\u3068\u3092\u3000\u304a\u3059\u3059\u3081\u3057\u307e\u3059",
      "language": {
        "name": "ja",
        "url": "https://pokeapi.co/api/v2/language/11/"
      },
      "version_group": {
        "name": "sword-shield",
        "url": "https://pokeapi.co/api/v2/version-group/20/"
      }
    },
    {
      "flavor_text": "\u65e0\u6cd5\u4f7f\u7528\u8fd9\u4e2a\u62db\u5f0f\u3002\n\u867d\u7136\u5fd8\u8bb0\u4e4b\u540e\u5c31\u518d\u4e5f\u60f3\u4e0d\u8d77\u6765\u4e86\uff0c\n\u4f46\u8fd8\u662f\u5efa\u8bae\u5fd8\u8bb0\u8fd9\u4e2a\u62db\u5f0f\u3002",
      "language": {
        "name": "zh-Hans",
        "url": "https://pokeapi.co/api/v2/language/12/"
      },
      "version_group": {
        "name": "sword-shield",
        "url": "https://pokeapi.co/api/v2/version-group/20/"
      }
    }
  ],
  "generation": {
    "name": "generation-iii",
    "url": "https://pokeapi.co/api/v2/generation/3/"
  },
  "id": 346,
  "learned_by_pokemon": [
    {
      "name": "psyduck",
      "url": "https://pokeapi.co/api/v2/pokemon/54/"
    },
    {
      "name": "golduck",
      "url": "https://pokeapi.co/api/v2/pokemon/55/"
    },
    {
      "name": "poliwag",
      "url": "https://pokeapi.co/api/v2/pokemon/60/"
    },
    {
      "name": "poliwhirl",
      "url": "https://pokeapi.co/api/v2/pokemon/61/"
    },
    {
      "name": "seel",
      "url": "https://pokeapi.co/api/v2/pokemon/86/"
    },
    {
      "name": "goldeen",
      "url": "https://pokeapi.co/api/v2/pokemon/118/"
    },
    {
      "name": "seaking",
      "url": "https://pokeapi.co/api/v2/pokemon/119/"
    },
    {
      "name": "totodile",
      "url": "https://pokeapi.co/api/v2/pokemon/158/"
    },
    {
      "name": "marill",
      "url": "https://pokeapi.co/api/v2/pokemon/183/"
    },
    {
      "name": "azumarill",
      "url": "https://pokeapi.co/api/v2/pokemon/184/"
    },
    {
      "name": "mantine",
      "url": "https://pokeapi.co/api/v2/pokemon/226/"
    },
    {
      "name": "lombre",
      "url": "https://pokeapi.co/api/v2/pokemon/271/"
    },
    {
      "name": "wingull",
      "url": "https://pokeapi.co/api/v2/pokemon/278/"
    },
    {
      "name": "pelipper",
      "url": "https://pokeapi.co/api/v2/pokemon/279/"
    },
    {
      "name": "surskit",
      "url": "https://pokeapi.co/api/v2/pokemon/283/"
    },
    {
      "name": "masquerain",
      "url": "https://pokeapi.co/api/v2/pokemon/284/"
    },
    {
      "name": "azurill",
      "url": "https://pokeapi.co/api/v2/pokemon/298/"
    },
    {
      "name": "barboach",
      "url": "https://pokeapi.co/api/v2/pokemon/339/"
    },
    {
      "name": "whiscash",
      "url": "https://pokeapi.co/api/v2/pokemon/340/"
    },
    {
      "name": "milotic",
      "url": "https://pokeapi.co/api/v2/pokemon/350/"
    },
    {
      "name": "spheal",
      "url": "https://pokeapi.co/api/v2/pokemon/363/"
    },
    {
      "name": "gorebyss",
      "url": "https://pokeapi.co/api/v2/pokemon/368/"
    },
    {
      "name": "relicanth",
      "url": "https://pokeapi.co/api/v2/pokemon/369/"
    },
    {
      "name": "luvdisc",
      "url": "https://pokeapi.co/api/v2/pokemon/370/"
    },
    {
      "name": "latias",
      "url": "https://pokeapi.co/api/v2/pokemon/380/"
    },
    {
      "name": "piplup",
      "url": "https://pokeapi.co/api/v2/pokemon/393/"
    },
    {
      "name": "prinplup",
      "url": "https://pokeapi.co/api/v2/pokemon/394/"
    },
    {
      "name": "bidoof",
      "url": "https://pokeapi.co/api/v2/pokemon/399/"
    },
    {
      "name": "budew",
      "url": "https://pokeapi.co/api/v2/pokemon/406/"
    },
    {
      "name": "buizel",
      "url": "https://pokeapi.co/api/v2/pokemon/418/"
    },
    {
      "name": "floatzel",
      "url": "https://pokeapi.co/api/v2/pokemon/419/"
    },
    {
      "name": "mantyke",
      "url": "https://pokeapi.co/api/v2/pokemon/458/"
    },
    {
      "name": "phione",
      "url": "https://pokeapi.co/api/v2/pokemon/489/"
    },
    {
      "name": "manaphy",
      "url": "https://pokeapi.co/api/v2/pokemon/490/"
    },
    {
      "name": "oshawott",
      "url": "https://pokeapi.co/api/v2/pokemon/501/"
    },
    {
      "name": "dewott",
      "url": "https://pokeapi.co/api/v2/pokemon/502/"
    },
    {
      "name": "samurott",
      "url": "https://pokeapi.co/api/v2/pokemon/503/"
    },
    {
      "name": "panpour",
      "url": "https://pokeapi.co/api/v2/pokemon/515/"
    },
    {
      "name": "ducklett",
      "url": "https://pokeapi.co/api/v2/pokemon/580/"
    },
    {
      "name": "swanna",
      "url": "https://pokeapi.co/api/v2/pokemon/581/"
    },
    {
      "name": "frillish",
      "url": "https://pokeapi.co/api/v2/pokemon/592/"
    },
    {
      "name": "jellicent",
      "url": "https://pokeapi.co/api/v2/pokemon/593/"
    },
    {
      "name": "alomomola",
      "url": "https://pokeapi.co/api/v2/pokemon/594/"
    },
    {
      "name": "froakie",
      "url": "https://pokeapi.co/api/v2/pokemon/656/"
    },
    {
      "name": "binacle",
      "url": "https://pokeapi.co/api/v2/pokemon/688/"
    },
    {
      "name": "clauncher",
      "url": "https://pokeapi.co/api/v2/pokemon/692/"
    },
    {
      "name": "clawitzer",
      "url": "https://pokeapi.co/api/v2/pokemon/693/"
    },
    {
      "name": "wishiwashi-solo",
      "url": "https://pokeapi.co/api/v2/pokemon/746/"
    },
    {
      "name": "dewpider",
      "url": "https://pokeapi.co/api/v2/pokemon/751/"
    },
    {
      "name": "pyukumuku",
      "url": "https://pokeapi.co/api/v2/pokemon/771/"
    },
    {
      "name": "latias-mega",
      "url": "https://pokeapi.co/api/v2/pokemon/10062/"
    },
    {
      "name": "wishiwashi-school",
      "url": "https://pokeapi.co/api/v2/pokemon/10127/"
    }
  ],
  "machines": [],
  "meta": {
    "ailment": {
      "name": "none",
      "url": "https://pokeapi.co/api/v2/move-ailment/0/"
    },
    "ailment_chance": 0,
    "category": {
      "name": "whole-field-effect",
      "url": "https://pokeapi.co/api/v2/move-category/10/"
    },
    "crit_rate": 0,
    "drain": 0,
    "flinch_chance": 0,
    "healing": 0,
    "max_hits": null,
    "max_turns": null,
    "min_hits": null,
    "min_turns": null,
    "stat_chance": 0
  },
  "name": "water-sport",
  "names": [
    {
      "language": {
        "name": "ja-Hrkt",
        "url": "https://pokeapi.co/api/v2/language/1/"
      },
      "name": "\u307f\u305a\u3042\u305d\u3073"
    },
    {
      "language": {
        "name": "ko",
        "url": "https://pokeapi.co/api/v2/language/3/"
      },
      "name": "\ubb3c\ub180\uc774"
    },
    {
      "language": {
        "name": "zh-Hant",
        "url": "https://pokeapi.co/api/v2/language/4/"
      },
      "name": "\u73a9\u6c34"
    },
    {
      "language": {
        "name": "fr",
        "url": "https://pokeapi.co/api/v2/language/5/"
      },
      "name": "Tourniquet"
    },
    {
      "language": {
        "name": "de",
        "url": "https://pokeapi.co/api/v2/language/6/"
      },
      "name": "Nassmacher"
    },
    {
      "language": {
        "name": "es",
        "url": "https://pokeapi.co/api/v2/language/7/"
      },
      "name": "Hidrochorro"
    },
    {
      "language": {
        "name": "it",
        "url": "https://pokeapi.co/api/v2/language/8/"
      },
      "name": "Docciascudo"
    },
    {
      "language": {
        "name": "en",
        "url": "https://pokeapi.co/api/v2/language/9/"
      },
      "name": "Water Sport"
    },
    {
      "language": {
        "name": "ja",
        "url": "https://pokeapi.co/api/v2/language/11/"
      },
      "name": "\u307f\u305a\u3042\u305d\u3073"
    },
    {
      "language": {
        "name": "zh-Hans",
        "url": "https://pokeapi.co/api/v2/language/12/"
      },
      "name": "\u73a9\u6c34"
    }
  ],
  "past_values": [],
  "power": null,
  "pp": 15,
  "priority": 0,
  "stat_changes": [],
  "super_contest_effect": {
    "url": "https://pokeapi.co/api/v2/super-contest-effect/13/"
  },
  "target": {
    "name": "entire-field",
    "url": "https://pokeapi.co/api/v2/move-target/12/"
  },
  "type": {
    "name": "water",
    "url": "https://pokeapi.co/api/v2/type/11/"
  }
}