{
  "accuracy": 100,
  "contest_combos": null,
  "contest_effect": null,
  "contest_type": null,
  "damage_class": {
    "name": "special",
    "url": "https://pokeapi.co/api/v2/move-damage-class/3/"
  },
  "effect_chance": null,
  "effect_changes": [],
  "effect_entries": [
    {
      "effect": "Inflicts regular damage.  This move\u2019s type matches the user\u2019s first type, if any; otherwise, it\u2019s typeless.",
      "language": {
        "name": "en",
        "url": "https://pokeapi.co/api/v2/language/9/"
      },
      "short_effect": "Has the same type as the user."
    }
  ],
  "flavor_text_entries": [
    {
      "flavor_text": "\u305c\u3093\u308a\u3087\u304f\u3067\u3000\u304a\u3069\u3063\u3066\u3000\u3053\u3046\u3052\u304d\u3059\u308b\u3002\n\u3053\u306e\u3000\u308f\u3056\u306e\u3000\u30bf\u30a4\u30d7\u306f\n\u3058\u3076\u3093\u306e\u3000\u30bf\u30a4\u30d7\u3068\u3000\u304a\u306a\u3058\u306b\u3000\u306a\u308b\u3002",
      "language": {
        "name": "ja-Hrkt",
        "url": "https://pokeapi.co/api/v2/language/1/"
      },
      "version_group": {
        "name": "sun-moon",
        "url": "https://pokeapi.co/api/v2/version-group/17/"
      }
    },
    {
      "flavor_text": "\uc804\ub825\uc73c\ub85c \ucda4\ucd94\uba70 \uacf5\uaca9\ud55c\ub2e4.\n\uc774 \uae30\uc220\uc758 \ud0c0\uc785\uc740\n\uc790\uc2e0\uc758 \ud0c0\uc785\uacfc \uac19\uc544\uc9c4\ub2e4.",
      "language": {
        "name": "ko",
        "url": "https://pokeapi.co/api/v2/language/3/"
      },
      "version_group": {
        "name": "sun-moon",
        "url": "https://pokeapi.co/api/v2/version-group/17/"
      }
    },
    {
      "flavor_text": "\u5168\u529b\u8df3\u821e\u9032\u884c\u653b\u64ca\u3002\n\u6b64\u62db\u5f0f\u7684\u5c6c\u6027\u5c07\n\u8b8a\u5f97\u548c\u81ea\u5df1\u7684\u5c6c\u6027\u76f8\u540c\u3002",
      "language": {
        "name": "zh-Hant",
        "url": "https://pokeapi.co/api/v2/language/4/"
      },
      "version_group": {
        "name": "sun-moon",
        "url": "https://pokeapi.co/api/v2/version-group/17/"
      }
    },
    {
      "flavor_text": "Le lanceur attaque en dansant avec enthousiasme.\nLe type de la capacit\u00e9 est le m\u00eame que celui\ndu lanceur.",
      "language": {
        "name": "fr",
        "url": "https://pokeapi.co/api/v2/language/5/"
      },
      "version_group": {
        "name": "sun-moon",
        "url": "https://pokeapi.co/api/v2/version-group/17/"
      }
    },
    {
      "flavor_text": "Der Anwender tanzt und greift dabei das Ziel mit\nvoller Kraft an. Die Attacke hat denselben Typ wie\ndas Pok\u00e9mon, das sie einsetzt.",
      "language": {
        "name": "de",
        "url": "https://pokeapi.co/api/v2/language/6/"
      },
      "version_group": {
        "name": "sun-moon",
        "url": "https://pokeapi.co/api/v2/version-group/17/"
      }
    },
    {
      "flavor_text": "Ataque que consiste en un baile muy en\u00e9rgico. El tipo\nde este ataque se corresponde con el del Pok\u00e9mon\nque lo ejecuta.",
      "language": {
        "name": "es",
        "url": "https://pokeapi.co/api/v2/language/7/"
      },
      "version_group": {
        "name": "sun-moon",
        "url": "https://pokeapi.co/api/v2/version-group/17/"
      }
    },
    {
      "flavor_text": "Chi la usa si lancia in una danza e attacca il nemico\ncon tutte le sue forze. Il tipo della mossa corrisponde\nal tipo del Pok\u00e9mon che la usa.",
      "language": {
        "name": "it",
        "url": "https://pokeapi.co/api/v2/language/8/"
      },
      "version_group": {
        "name": "sun-moon",
        "url": "https://pokeapi.co/api/v2/version-group/17/"
      }
    },
    {
      "flavor_text": "The user attacks the target by dancing very hard.\nThe user\u2019s type determines the type of this move.",
      "language": {
        "name": "en",
        "url": "https://pokeapi.co/api/v2/language/9/"
      },
      "version_group": {
        "name": "sun-moon",
        "url": "https://pokeapi.co/api/v2/version-group/17/"
      }
    },
    {
      "flavor_text": "\u5168\u529b\u3067\u3000\u8e0a\u3063\u3066\u3000\u653b\u6483\u3059\u308b\u3002\n\u3053\u306e\u3000\u6280\u306e\u3000\u30bf\u30a4\u30d7\u306f\n\u81ea\u5206\u306e\u3000\u30bf\u30a4\u30d7\u3068\u3000\u540c\u3058\u306b\u306a\u308b\u3002",
      "language": {
        "name": "ja",
        "url": "https://pokeapi.co/api/v2/language/11/"
      },
      "version_group": {
        "name": "sun-moon",
        "url": "https://pokeapi.co/api/v2/version-group/17/"
      }
    },
    {
      "flavor_text": "\u5168\u529b\u8df3\u821e\u8fdb\u884c\u653b\u51fb\u3002\n\u6b64\u62db\u5f0f\u7684\u5c5e\u6027\u5c06\n\u53d8\u5f97\u548c\u81ea\u5df1\u7684\u5c5e\u6027\u76f8\u540c\u3002",
      "language": {
        "name": "zh-Hans",
        "url": "https://pokeapi.co/api/v2/language/12/"
      },
      "version_group": {
        "name": "sun-moon",
        "url": "https://pokeapi.co/api/v2/version-group/17/"
      }
    },
    {
      "flavor_text": "\u305c\u3093\u308a\u3087\u304f\u3067\u3000\u304a\u3069\u3063\u3066\u3000\u3053\u3046\u3052\u304d\u3059\u308b\u3002\n\u3053\u306e\u3000\u308f\u3056\u306e\u3000\u30bf\u30a4\u30d7\u306f\n\u3058\u3076\u3093\u306e\u3000\u30bf\u30a4\u30d7\u3068\u3000\u304a\u306a\u3058\u306b\u3000\u306a\u308b\u3002",
      "language": {
        "name": "ja-Hrkt",
        "url": "https://pokeapi.co/api/v2/language/1/"
      },
      "version_group": {
        "name": "ultra-sun-ultra-moon",
        "url": "https://pokeapi.co/api/v2/version-group/18/"
      }
    },
    {
      "flavor_text": "\uc804\ub825\uc73c\ub85c \ucda4\ucd94\uba70 \uacf5\uaca9\ud55c\ub2e4.\n\uc774 \uae30\uc220\uc758 \ud0c0\uc785\uc740\n\uc790\uc2e0\uc758 \ud0c0\uc785\uacfc \uac19\uc544\uc9c4\ub2e4.",
      "language": {
        "name": "ko",
        "url": "https://pokeapi.co/api/v2/language/3/"
      },
      "version_group": {
        "name": "ultra-sun-ultra-moon",
        "url": "https://pokeapi.co/api/v2/version-group/18/"
      }
    },
    {
      "flavor_text": "\u5168\u529b\u8df3\u821e\u9032\u884c\u653b\u64ca\u3002\n\u6b64\u62db\u5f0f\u7684\u5c6c\u6027\u5c07\n\u8b8a\u5f97\u548c\u81ea\u5df1\u7684\u5c6c\u6027\u76f8\u540c\u3002",
      "language": {
        "name": "zh-Hant",
        "url": "https://pokeapi.co/api/v2/language/4/"
      },
      "version_group": {
        "name": "ultra-sun-ultra-moon",
        "url": "https://pokeapi.co/api/v2/version-group/18/"
      }
    },
    {
      "flavor_text": "Le lanceur attaque en dansant avec enthousiasme.\nLe type de la capacit\u00e9 est le m\u00eame que celui\ndu lanceur.",
      "language": {
        "name": "fr",
        "url": "https://pokeapi.co/api/v2/language/5/"
      },
      "version_group": {
        "name": "ultra-sun-ultra-moon",
        "url": "https://pokeapi.co/api/v2/version-group/18/"
      }
    },
    {
      "flavor_text": "Der Anwender tanzt und greift dabei das Ziel mit\nvoller Kraft an. Die Attacke hat denselben Typ wie\ndas Pok\u00e9mon, das sie einsetzt.",
      "language": {
        "name": "de",
        "url": "https://pokeapi.co/api/v2/language/6/"
      },
      "version_group": {
        "name": "ultra-sun-ultra-moon",
        "url": "https://pokeapi.co/api/v2/version-group/18/"
      }
    },
    {
      "flavor_text": "Ataque que consiste en un baile muy en\u00e9rgico. El tipo\nde este ataque se corresponde con el del Pok\u00e9mon\nque lo ejecuta.",
      "language": {
        "name": "es",
        "url": "https://pokeapi.co/api/v2/language/7/"
      },
      "version_group": {
        "name": "ultra-sun-ultra-moon",
        "url": "https://pokeapi.co/api/v2/version-group/18/"
      }
    },
    {
      "flavor_text": "Chi la usa si lancia in una danza e attacca il nemico\ncon tutte le sue forze. Il tipo della mossa corrisponde\nal tipo del Pok\u00e9mon che la usa.",
      "language": {
        "name": "it",
        "url": "https://pokeapi.co/api/v2/language/8/"
      },
      "version_group": {
        "name": "ultra-sun-ultra-moon",
        "url": "https://pokeapi.co/api/v2/version-group/18/"
      }
    },
    {
      "flavor_text": "The user attacks the target by dancing very hard.\nThe user\u2019s type determines the type of this move.",
      "language": {
        "name": "en",
        "url": "https://pokeapi.co/api/v2/language/9/"
      },
      "version_group": {
        "name": "ultra-sun-ultra-moon",
        "url": "https://pokeapi.co/api/v2/version-group/18/"
      }
    },
    {
      "flavor_text": "\u5168\u529b\u3067\u3000\u8e0a\u3063\u3066\u3000\u653b\u6483\u3059\u308b\u3002\n\u3053\u306e\u3000\u6280\u306e\u3000\u30bf\u30a4\u30d7\u306f\n\u81ea\u5206\u306e\u3000\u30bf\u30a4\u30d7\u3068\u3000\u540c\u3058\u306b\u306a\u308b\u3002",
      "language": {
        "name": "ja",
        "url": "https://pokeapi.co/api/v2/language/11/"
      },
      "version_group": {
        "name": "ultra-sun-ultra-moon",
        "url": "https://pokeapi.co/api/v2/version-group/18/"
      }
    },
    {
      "flavor_text": "\u5168\u529b\u8df3\u821e\u8fdb\u884c\u653b\u51fb\u3002\n\u6b64\u62db\u5f0f\u7684\u5c5e\u6027\u5c06\n\u53d8\u5f97\u548c\u81ea\u5df1\u7684\u5c5e\u6027\u76f8\u540c\u3002",
      "language": {
        "name": "zh-Hans",
        "url": "https://pokeapi.co/api/v2/language/12/"
      },
      "version_group": {
        "name": "ultra-sun-ultra-moon",
        "url": "https://pokeapi.co/api/v2/version-group/18/"
      }
    },
    {
      "flavor_text": "\u305c\u3093\u308a\u3087\u304f\u3067\u3000\u304a\u3069\u3063\u3066\u3000\u3053\u3046\u3052\u304d\u3059\u308b\u3002\n\u3053\u306e\u3000\u308f\u3056\u306e\u3000\u30bf\u30a4\u30d7\u306f\n\u3058\u3076\u3093\u306e\u3000\u30bf\u30a4\u30d7\u3068\u3000\u304a\u306a\u3058\u306b\u3000\u306a\u308b\u3002",
      "language": {
        "name": "ja-Hrkt",
        "url": "https://pokeapi.co/api/v2/language/1/"
      },
      "version_group": {
        "name": "lets-go-pikachu-lets-go-eevee",
        "url": "https://pokeapi.co/api/v2/version-group/19/"
      }
    },
    {
      "flavor_text": "\uc804\ub825\uc73c\ub85c \ucda4\ucd94\uba70 \uacf5\uaca9\ud55c\ub2e4.\n\uc774 \uae30\uc220\uc758 \ud0c0\uc785\uc740\n\uc790\uc2e0\uc758 \ud0c0\uc785\uacfc \uac19\uc544\uc9c4\ub2e4.",
      "language": {
        "name": "ko",
        "url": "https://pokeapi.co/api/v2/language/3/"
      },
      "version_group": {
        "name": "lets-go-pikachu-lets-go-eevee",
        "url": "https://pokeapi.co/api/v2/version-group/19/"
      }
    },
    {
      "flavor_text": "\u5168\u529b\u8df3\u821e\u9032\u884c\u653b\u64ca\u3002\n\u6b64\u62db\u5f0f\u7684\u5c6c\u6027\u5c07\n\u8b8a\u5f97\u548c\u81ea\u5df1\u7684\u5c6c\u6027\u76f8\u540c\u3002",
      "language": {
        "name": "zh-Hant",
        "url": "https://pokeapi.co/api/v2/language/4/"
      },
      "version_group": {
        "name": "lets-go-pikachu-lets-go-eevee",
        "url": "https://pokeapi.co/api/v2/version-group/19/"
      }
    },
    {
      "flavor_text": "Le lanceur attaque en dansant avec enthousiasme.\nLe type de la capacit\u00e9 est le m\u00eame que celui du lanceur.",
      "language": {
        "name": "fr",
        "url": "https://pokeapi.co/api/v2/language/5/"
      },
      "version_group": {
        "name": "lets-go-pikachu-lets-go-eevee",
        "url": "https://pokeapi.co/api/v2/version-group/19/"
      }
    },
    {
      "flavor_text": "Der Anwender tanzt und greift dabei das Ziel mit\nvoller Kraft an. Die Attacke hat denselben Typ wie\ndas Pok\u00e9mon, das sie einsetzt.",
      "language": {
        "name": "de",
        "url": "https://pokeapi.co/api/v2/language/6/"
      },
      "version_group": {
        "name": "lets-go-pikachu-lets-go-eevee",
        "url": "https://pokeapi.co/api/v2/version-group/19/"
      }
    },
    {
      "flavor_text": "Ataque que consiste en un baile muy en\u00e9rgico. El tipo\nde este ataque se corresponde con el del Pok\u00e9mon\nque lo ejecuta.",
      "language": {
        "name": "es",
        "url": "https://pokeapi.co/api/v2/language/7/"
      },
      "version_group": {
        "name": "lets-go-pikachu-lets-go-eevee",
        "url": "https://pokeapi.co/api/v2/version-group/19/"
      }
    },
    {
      "flavor_text": "Chi la usa si lancia in una danza e attacca il nemico\ncon tutte le sue forze. Il tipo della mossa corrisponde\nal tipo del Pok\u00e9mon che la usa.",
      "language": {
        "name": "it",
        "url": "https://pokeapi.co/api/v2/language/8/"
      },
      "version_group": {
        "name": "lets-go-pikachu-lets-go-eevee",
        "url": "https://pokeapi.co/api/v2/version-group/19/"
      }
    },
    {
      "flavor_text": "The user attacks the target by dancing very hard.\nThe user\u2019s type determines the type of this move.",
      "language": {
        "name": "en",
        "url": "https://pokeapi.co/api/v2/language/9/"
      },
      "version_group": {
        "name": "lets-go-pikachu-lets-go-eevee",
        "url": "https://pokeapi.co/api/v2/version-group/19/"
      }
    },
    {
      "flavor_text": "\u5168\u529b\u3067\u3000\u8e0a\u3063\u3066\u3000\u653b\u6483\u3059\u308b\u3002\n\u3053\u306e\u3000\u6280\u306e\u3000\u30bf\u30a4\u30d7\u306f\n\u81ea\u5206\u306e\u3000\u30bf\u30a4\u30d7\u3068\u3000\u540c\u3058\u306b\u306a\u308b\u3002",
      "language": {
        "name": "ja",
        "url": "https://pokeapi.co/api/v2/language/11/"
      },
      "version_group": {
        "name": "lets-go-pikachu-lets-go-eevee",
        "url": "https://pokeapi.co/api/v2/version-group/19/"
      }
    },
    {
      "flavor_text": "\u5168\u529b\u8df3\u821e\u8fdb\u884c\u653b\u51fb\u3002\n\u6b64\u62db\u5f0f\u7684\u5c5e\u6027\u5c06\n\u53d8\u5f97\u548c\u81ea\u5df1\u7684\u5c5e\u6027\u76f8\u540c\u3002",
      "language": {
        "name": "zh-Hans",
        "url": "https://pokeapi.co/api/v2/language/12/"
      },
      "version_group": {
        "name": "lets-go-pikachu-lets-go-eevee",
        "url": "https://pokeapi.co/api/v2/version-group/19/"
      }
    },
    {
      "flavor_text": "\u305c\u3093\u308a\u3087\u304f\u3067\u3000\u304a\u3069\u3063\u3066\u3000\u3053\u3046\u3052\u304d\u3059\u308b\u3002\n\u3053\u306e\u3000\u308f\u3056\u306e\u3000\u30bf\u30a4\u30d7\u306f\n\u3058\u3076\u3093\u306e\u3000\u30bf\u30a4\u30d7\u3068\u3000\u304a\u306a\u3058\u306b\u3000\u306a\u308b\u3002",
      "language": {
        "name": "ja-Hrkt",
        "url": "https://pokeapi.co/api/v2/language/1/"
      },
      "version_group": {
        "name": "sword-shield",
        "url": "https://pokeapi.co/api/v2/version-group/20/"
      }
    },
    {
      "flavor_text": "\uc804\ub825\uc73c\ub85c \ucda4\ucd94\uba70 \uacf5\uaca9\ud55c\ub2e4.\n\uc774 \uae30\uc220\uc758 \ud0c0\uc785\uc740\n\uc790\uc2e0\uc758 \ud0c0\uc785\uacfc \uac19\uc544\uc9c4\ub2e4.",
      "language": {
        "name": "ko",
        "url": "https://pokeapi.co/api/v2/language/3/"
      },
      "version_group": {
        "name": "sword-shield",
        "url": "https://pokeapi.co/api/v2/version-group/20/"
      }
    },
    {
      "flavor_text": "\u5168\u529b\u8df3\u821e\u9032\u884c\u653b\u64ca\u3002\n\u6b64\u62db\u5f0f\u7684\u5c6c\u6027\u5c07\n\u8b8a\u5f97\u548c\u81ea\u5df1\u7684\u5c6c\u6027\u76f8\u540c\u3002",
      "language": {
        "name": "zh-Hant",
        "url": "https://pokeapi.co/api/v2/language/4/"
      },
      "version_group": {
        "name": "sword-shield",
        "url": "https://pokeapi.co/api/v2/version-group/20/"
      }
    },
    {
      "flavor_text": "Le lanceur attaque en dansant avec enthousiasme.\nLe type de la capacit\u00e9 est le m\u00eame que celui du lanceur.",
      "language": {
        "name": "fr",
        "url": "https://pokeapi.co/api/v2/language/5/"
      },
      "version_group": {
        "name": "sword-shield",
        "url": "https://pokeapi.co/api/v2/version-group/20/"
      }
    },
    {
      "flavor_text": "Der Anwender tanzt und greift dabei das Ziel mit voller\nKraft an. Die Attacke hat denselben Typ wie das\nPok\u00e9mon, das sie einsetzt.",
      "language": {
        "name": "de",
        "url": "https://pokeapi.co/api/v2/language/6/"
      },
      "version_group": {
        "name": "sword-shield",
        "url": "https://pokeapi.co/api/v2/version-group/20/"
      }
    },
    {
      "flavor_text": "Ataque que consiste en un baile muy en\u00e9rgico. El tipo\nde este ataque se corresponde con el del Pok\u00e9mon que\nlo ejecuta.",
      "language": {
        "name": "es",
        "url": "https://pokeapi.co/api/v2/language/7/"
      },
      "version_group": {
        "name": "sword-shield",
        "url": "https://pokeapi.co/api/v2/version-group/20/"
      }
    },
    {
      "flavor_text": "Chi la usa si lancia in una danza e attacca il nemico\ncon tutte le sue forze. Il tipo della mossa corrisponde\nal tipo del Pok\u00e9mon che la usa.",
      "language": {
        "name": "it",
        "url": "https://pokeapi.co/api/v2/language/8/"
      },
      "version_group": {
        "name": "sword-shield",
        "url": "https://pokeapi.co/api/v2/version-group/20/"
      }
    },
    {
      "flavor_text": "The user attacks the target by dancing very hard.\nThe user\u2019s type determines the type of this move.",
      "language": {
        "name": "en",
        "url": "https://pokeapi.co/api/v2/language/9/"
      },
      "version_group": {
        "name": "sword-shield",
        "url": "https://pokeapi.co/api/v2/version-group/20/"
      }
    },
    {
      "flavor_text": "\u5168\u529b\u3067\u3000\u8e0a\u3063\u3066\u3000\u653b\u6483\u3059\u308b\u3002\n\u3053\u306e\u3000\u6280\u306e\u3000\u30bf\u30a4\u30d7\u306f\n\u81ea\u5206\u306e\u3000\u30bf\u30a4\u30d7\u3068\u3000\u540c\u3058\u306b\u306a\u308b\u3002",
      "language": {
        "name": "ja",
        "url": "https://pokeapi.co/api/v2/language/11/"
      },
      "version_group": {
        "name": "sword-shield",
        "url": "https://pokeapi.co/api/v2/version-group/20/"
      }
    },
    {
      "flavor_text": "\u5168\u529b\u8df3\u821e\u8fdb\u884c\u653b\u51fb\u3002\n\u6b64\u62db\u5f0f\u7684\u5c5e\u6027\u5c06\n\u53d8\u5f97\u548c\u81ea\u5df1\u7684\u5c5e\u6027\u76f8\u540c\u3002",
      "language": {
        "name": "zh-Hans",
        "url": "https://pokeapi.co/api/v2/language/12/"
      },
      "version_group": {
        "name": "sword-shield",
        "url": "https://pokeapi.co/api/v2/version-group/20/"
      }
    },
    {
      "flavor_text": "The user attacks the target by dancing very hard. The user's type determines the type of this move.",
      "language": {
        "name": "en",
        "url": "https://pokeapi.co/api/v2/language/9/"
      },
      "version_group": {
        "name": "legends-arceus",
        "url": "https://pokeapi.co/api/v2/version-group/24/"
      }
    },
    {
      "flavor_text": "The user attacks the target by dancing with all its might. This move becomes the same type as the user's type.",
      "language": {
        "name": "en",
        "url": "https://pokeapi.co/api/v2/language/9/"
      },
      "version_group": {
        "name": "scarlet-violet",
        "url": "https://pokeapi.co/api/v2/version-group/25/"
      }
    }
  ],
  "generation": {
    "name": "generation-vii",
    "url": "https://pokeapi.co/api/v2/generation/7/"
  },
  "id": 686,
  "learned_by_pokemon": [
    {
      "name": "oricorio-baile",
      "url": "https://pokeapi.co/api/v2/pokemon/741/"
    },
    {
      "name": "oricorio-pom-pom",
      "url": "https://pokeapi.co/api/v2/pokemon/10123/"
    },
    {
      "name": "oricorio-pau",
      "url": "https://pokeapi.co/api/v2/pokemon/10124/"
    },
    {
      "name": "oricorio-sensu",
      "url": "https://pokeapi.co/api/v2/pokemon/10125/"
    }
  ],
  "machines": [],
  "meta": {
    "ailment": {
      "name": "none",
      "url": "https://pokeapi.co/api/v2/move-ailment/0/"
    },
    "ailment_chance": 0,
    "category": {
      "name": "damage",
      "url": "https://pokeapi.co/api/v2/move-category/0/"
    },
    "crit_rate": 0,
    "drain": 0,
    "flinch_chance": 0,
    "healing": 0,
    "max_hits": null,
    "max_turns": null,
    "min_hits": null,
    "min_turns": null,
    "stat_chance": 0
  },
  "name": "revelation-dance",
  "names": [
    {
      "language": {
        "name": "ja-Hrkt",
        "url": "https://pokeapi.co/api/v2/language/1/"
      },
      "name": "\u3081\u3056\u3081\u308b\u30c0\u30f3\u30b9"
    },
    {
      "language": {
        "name": "ko",
        "url": "https://pokeapi.co/api/v2/language/3/"
      },
      "name": "\uc7a0\uc7ac\ub304\uc2a4"
    },
    {
      "language": {
        "name": "zh-Hant",
        "url": "https://pokeapi.co/api/v2/language/4/"
      },
      "name": "\u89ba\u9192\u4e4b\u821e"
    },
    {
      "language": {
        "name": "fr",
        "url": "https://pokeapi.co/api/v2/language/5/"
      },
      "name": "Danse \u00c9veil"
    },
    {
      "language": {
        "name": "de",
        "url": "https://pokeapi.co/api/v2/language/6/"
      },
      "name": "Wecktanz"
    },
    {
      "language": {
        "name": "es",
        "url": "https://pokeapi.co/api/v2/language/7/"
      },
      "name": "Danza Despertar"
    },
    {
      "language": {
        "name": "it",
        "url": "https://pokeapi.co/api/v2/language/8/"
      },
      "name": "Mutadanza"
    },
    {
      "language": {
        "name": "en",
        "url": "https://pokeapi.co/api/v2/language/9/"
      },
      "name": "Revelation Dance"
    },
    {
      "language": {
        "name": "ja",
        "url": "https://pokeapi.co/api/v2/language/11/"
      },
      "name": "\u3081\u3056\u3081\u308b\u30c0\u30f3\u30b9"
    },
    {
      "language": {
        "name": "zh-Hans",
        "url": "https://pokeapi.co/api/v2/language/12/"
      },
      "name": "\u89c9\u9192\u4e4b\u821e"
    }
  ],
  "past_values": [],
  "power": 90,
  "pp": 15,
  "priority": 0,
  "stat_changes": [],
  "super_contest_effect": null,
  "target": {
    "name": "selected-pokemon",
    "url": "https://pokeapi.co/api/v2/move-target/10/"
  },
  "type": {
    "name": "normal",
    "url": "https://pokeapi.co/api/v2/type/1/"
  }
}