{
  "accuracy": 50,
  "contest_combos": null,
  "contest_effect": null,
  "contest_type": {
    "name": "smart",
    "url": "https://pokeapi.co/api/v2/contest-type/4/"
  },
  "damage_class": {
    "name": "status",
    "url": "https://pokeapi.co/api/v2/move-damage-class/1/"
  },
  "effect_chance": null,
  "effect_changes": [],
  "effect_entries": [
    {
      "effect": "Puts the target to sleep.",
      "language": {
        "name": "en",
        "url": "https://pokeapi.co/api/v2/language/9/"
      },
      "short_effect": "Puts the target to sleep."
    }
  ],
  "flavor_text_entries": [
    {
      "flavor_text": "The foe is dragged\ninto a world of total\ndarkness that puts it\nto sleep.\n",
      "language": {
        "name": "en",
        "url": "https://pokeapi.co/api/v2/language/9/"
      },
      "version_group": {
        "name": "diamond-pearl",
        "url": "https://pokeapi.co/api/v2/version-group/8/"
      }
    },
    {
      "flavor_text": "The foe is dragged\ninto a world of total\ndarkness that puts it\nto sleep.\n",
      "language": {
        "name": "en",
        "url": "https://pokeapi.co/api/v2/language/9/"
      },
      "version_group": {
        "name": "platinum",
        "url": "https://pokeapi.co/api/v2/version-group/9/"
      }
    },
    {
      "flavor_text": "The foe is dragged\ninto a world of total\ndarkness that puts it\nto sleep.\n",
      "language": {
        "name": "en",
        "url": "https://pokeapi.co/api/v2/language/9/"
      },
      "version_group": {
        "name": "heartgold-soulsilver",
        "url": "https://pokeapi.co/api/v2/version-group/10/"
      }
    },
    {
      "flavor_text": "L\u2019ennemi est plong\u00e9 dans les t\u00e9n\u00e8bres.\nIl tombe dans un profond sommeil.",
      "language": {
        "name": "fr",
        "url": "https://pokeapi.co/api/v2/language/5/"
      },
      "version_group": {
        "name": "black-white",
        "url": "https://pokeapi.co/api/v2/version-group/11/"
      }
    },
    {
      "flavor_text": "Opposing Pok\u00e9mon are dragged into\na world of total darkness that makes\nthem sleep.",
      "language": {
        "name": "en",
        "url": "https://pokeapi.co/api/v2/language/9/"
      },
      "version_group": {
        "name": "black-white",
        "url": "https://pokeapi.co/api/v2/version-group/11/"
      }
    },
    {
      "flavor_text": "Opposing Pok\u00e9mon are dragged into\na world of total darkness that makes\nthem sleep.",
      "language": {
        "name": "en",
        "url": "https://pokeapi.co/api/v2/language/9/"
      },
      "version_group": {
        "name": "black-2-white-2",
        "url": "https://pokeapi.co/api/v2/version-group/14/"
      }
    },
    {
      "flavor_text": "\u3042\u3093\u3053\u304f\u306e\u3000\u305b\u304b\u3044\u306b\u3000\u3072\u304d\u305a\u308a\u3000\u304a\u3068\u3057\u3066\n\u3042\u3044\u3066\u3092\u3000\u306d\u3080\u308a\u3000\u3058\u3087\u3046\u305f\u3044\u306b\u3000\u3059\u308b\u3002\n",
      "language": {
        "name": "ja-Hrkt",
        "url": "https://pokeapi.co/api/v2/language/1/"
      },
      "version_group": {
        "name": "x-y",
        "url": "https://pokeapi.co/api/v2/version-group/15/"
      }
    },
    {
      "flavor_text": "\uc554\ud751\uc758 \uc138\uacc4\ub85c \ub04c\uace0 \uac00\uc11c \ub5a8\uc5b4\ub728\ub824\n\uc0c1\ub300\ub97c \uc7a0\ub4e6 \uc0c1\ud0dc\ub85c \ub9cc\ub4e0\ub2e4.",
      "language": {
        "name": "ko",
        "url": "https://pokeapi.co/api/v2/language/3/"
      },
      "version_group": {
        "name": "x-y",
        "url": "https://pokeapi.co/api/v2/version-group/15/"
      }
    },
    {
      "flavor_text": "L\u2019ennemi est plong\u00e9 dans les t\u00e9n\u00e8bres.\nIl tombe dans un profond sommeil.",
      "language": {
        "name": "fr",
        "url": "https://pokeapi.co/api/v2/language/5/"
      },
      "version_group": {
        "name": "x-y",
        "url": "https://pokeapi.co/api/v2/version-group/15/"
      }
    },
    {
      "flavor_text": "Das Ziel wird in eine Welt der Dunkelheit gezogen\nund in Schlaf versetzt.",
      "language": {
        "name": "de",
        "url": "https://pokeapi.co/api/v2/language/6/"
      },
      "version_group": {
        "name": "x-y",
        "url": "https://pokeapi.co/api/v2/version-group/15/"
      }
    },
    {
      "flavor_text": "El objetivo es enviado a un mundo de tinieblas\nque lo hace dormir.",
      "language": {
        "name": "es",
        "url": "https://pokeapi.co/api/v2/language/7/"
      },
      "version_group": {
        "name": "x-y",
        "url": "https://pokeapi.co/api/v2/version-group/15/"
      }
    },
    {
      "flavor_text": "Trascina i nemici intorno in un mondo\ndi totale oscurit\u00e0 e li fa addormentare.",
      "language": {
        "name": "it",
        "url": "https://pokeapi.co/api/v2/language/8/"
      },
      "version_group": {
        "name": "x-y",
        "url": "https://pokeapi.co/api/v2/version-group/15/"
      }
    },
    {
      "flavor_text": "Opposing Pok\u00e9mon are dragged into\na world of total darkness that makes\nthem sleep.",
      "language": {
        "name": "en",
        "url": "https://pokeapi.co/api/v2/language/9/"
      },
      "version_group": {
        "name": "x-y",
        "url": "https://pokeapi.co/api/v2/version-group/15/"
      }
    },
    {
      "flavor_text": "\u6697\u9ed2\u306e\u3000\u4e16\u754c\u306b\u3000\u3072\u304d\u305a\u308a\u3000\u843d\u3068\u3057\u3066\n\u76f8\u624b\u3092\u3000\u7720\u308a\u72b6\u614b\u306b\u3000\u3059\u308b\u3002\n",
      "language": {
        "name": "ja",
        "url": "https://pokeapi.co/api/v2/language/11/"
      },
      "version_group": {
        "name": "x-y",
        "url": "https://pokeapi.co/api/v2/version-group/15/"
      }
    },
    {
      "flavor_text": "\u3042\u3093\u3053\u304f\u306e\u3000\u305b\u304b\u3044\u306b\u3000\u3072\u304d\u305a\u308a\u3000\u304a\u3068\u3057\u3066\n\u3042\u3044\u3066\u3092\u3000\u306d\u3080\u308a\u3000\u3058\u3087\u3046\u305f\u3044\u306b\u3000\u3059\u308b\u3002\n",
      "language": {
        "name": "ja-Hrkt",
        "url": "https://pokeapi.co/api/v2/language/1/"
      },
      "version_group": {
        "name": "omega-ruby-alpha-sapphire",
        "url": "https://pokeapi.co/api/v2/version-group/16/"
      }
    },
    {
      "flavor_text": "\uc554\ud751\uc758 \uc138\uacc4\ub85c \ub04c\uace0 \uac00\uc11c \ub5a8\uc5b4\ub728\ub824\n\uc0c1\ub300\ub97c \uc7a0\ub4e6 \uc0c1\ud0dc\ub85c \ub9cc\ub4e0\ub2e4.",
      "language": {
        "name": "ko",
        "url": "https://pokeapi.co/api/v2/language/3/"
      },
      "version_group": {
        "name": "omega-ruby-alpha-sapphire",
        "url": "https://pokeapi.co/api/v2/version-group/16/"
      }
    },
    {
      "flavor_text": "L\u2019ennemi est plong\u00e9 dans les t\u00e9n\u00e8bres.\nIl tombe dans un profond sommeil.",
      "language": {
        "name": "fr",
        "url": "https://pokeapi.co/api/v2/language/5/"
      },
      "version_group": {
        "name": "omega-ruby-alpha-sapphire",
        "url": "https://pokeapi.co/api/v2/version-group/16/"
      }
    },
    {
      "flavor_text": "Das Ziel wird in eine Welt der Dunkelheit gezogen\nund in Schlaf versetzt.",
      "language": {
        "name": "de",
        "url": "https://pokeapi.co/api/v2/language/6/"
      },
      "version_group": {
        "name": "omega-ruby-alpha-sapphire",
        "url": "https://pokeapi.co/api/v2/version-group/16/"
      }
    },
    {
      "flavor_text": "El objetivo es enviado a un mundo de tinieblas \nque lo hace dormir.",
      "language": {
        "name": "es",
        "url": "https://pokeapi.co/api/v2/language/7/"
      },
      "version_group": {
        "name": "omega-ruby-alpha-sapphire",
        "url": "https://pokeapi.co/api/v2/version-group/16/"
      }
    },
    {
      "flavor_text": "Trascina i nemici intorno in un mondo\ndi totale oscurit\u00e0 e li fa addormentare.",
      "language": {
        "name": "it",
        "url": "https://pokeapi.co/api/v2/language/8/"
      },
      "version_group": {
        "name": "omega-ruby-alpha-sapphire",
        "url": "https://pokeapi.co/api/v2/version-group/16/"
      }
    },
    {
      "flavor_text": "Opposing Pok\u00e9mon are dragged into\na world of total darkness that makes\nthem sleep.",
      "language": {
        "name": "en",
        "url": "https://pokeapi.co/api/v2/language/9/"
      },
      "version_group": {
        "name": "omega-ruby-alpha-sapphire",
        "url": "https://pokeapi.co/api/v2/version-group/16/"
      }
    },
    {
      "flavor_text": "\u6697\u9ed2\u306e\u3000\u4e16\u754c\u306b\u3000\u3072\u304d\u305a\u308a\u3000\u843d\u3068\u3057\u3066\n\u76f8\u624b\u3092\u3000\u7720\u308a\u72b6\u614b\u306b\u3000\u3059\u308b\u3002\n",
      "language": {
        "name": "ja",
        "url": "https://pokeapi.co/api/v2/language/11/"
      },
      "version_group": {
        "name": "omega-ruby-alpha-sapphire",
        "url": "https://pokeapi.co/api/v2/version-group/16/"
      }
    },
    {
      "flavor_text": "\u3042\u3093\u3053\u304f\u306e\u3000\u305b\u304b\u3044\u306b\u3000\u3072\u304d\u305a\u308a\u3000\u304a\u3068\u3057\u3066\n\u3042\u3044\u3066\u3092\u3000\u306d\u3080\u308a\u3000\u3058\u3087\u3046\u305f\u3044\u306b\u3000\u3059\u308b\u3002",
      "language": {
        "name": "ja-Hrkt",
        "url": "https://pokeapi.co/api/v2/language/1/"
      },
      "version_group": {
        "name": "sun-moon",
        "url": "https://pokeapi.co/api/v2/version-group/17/"
      }
    },
    {
      "flavor_text": "\uc554\ud751\uc758 \uc138\uacc4\ub85c \ub04c\uace0 \uac00\uc11c \ub5a8\uc5b4\ub728\ub824\n\uc0c1\ub300\ub97c \uc7a0\ub4e6 \uc0c1\ud0dc\ub85c \ub9cc\ub4e0\ub2e4.",
      "language": {
        "name": "ko",
        "url": "https://pokeapi.co/api/v2/language/3/"
      },
      "version_group": {
        "name": "sun-moon",
        "url": "https://pokeapi.co/api/v2/version-group/17/"
      }
    },
    {
      "flavor_text": "\u5c07\u5c0d\u624b\u5f37\u5236\u62c9\u9032\u9ed1\u6697\u7684\u4e16\u754c\uff0c\n\u8b93\u5c0d\u624b\u9677\u5165\u7761\u7720\u72c0\u614b\u3002",
      "language": {
        "name": "zh-Hant",
        "url": "https://pokeapi.co/api/v2/language/4/"
      },
      "version_group": {
        "name": "sun-moon",
        "url": "https://pokeapi.co/api/v2/version-group/17/"
      }
    },
    {
      "flavor_text": "L\u2019ennemi est plong\u00e9 dans les t\u00e9n\u00e8bres.\nIl tombe dans un profond sommeil.",
      "language": {
        "name": "fr",
        "url": "https://pokeapi.co/api/v2/language/5/"
      },
      "version_group": {
        "name": "sun-moon",
        "url": "https://pokeapi.co/api/v2/version-group/17/"
      }
    },
    {
      "flavor_text": "Das Ziel wird in eine Welt der Dunkelheit gezogen\nund in Schlaf versetzt.",
      "language": {
        "name": "de",
        "url": "https://pokeapi.co/api/v2/language/6/"
      },
      "version_group": {
        "name": "sun-moon",
        "url": "https://pokeapi.co/api/v2/version-group/17/"
      }
    },
    {
      "flavor_text": "El objetivo es enviado a un mundo de tinieblas \nque lo hace dormir.",
      "language": {
        "name": "es",
        "url": "https://pokeapi.co/api/v2/language/7/"
      },
      "version_group": {
        "name": "sun-moon",
        "url": "https://pokeapi.co/api/v2/version-group/17/"
      }
    },
    {
      "flavor_text": "Trascina i nemici intorno in un mondo\ndi totale oscurit\u00e0 e li fa addormentare.",
      "language": {
        "name": "it",
        "url": "https://pokeapi.co/api/v2/language/8/"
      },
      "version_group": {
        "name": "sun-moon",
        "url": "https://pokeapi.co/api/v2/version-group/17/"
      }
    },
    {
      "flavor_text": "Opposing Pok\u00e9mon are dragged into a world of total\ndarkness that makes them sleep.",
      "language": {
        "name": "en",
        "url": "https://pokeapi.co/api/v2/language/9/"
      },
      "version_group": {
        "name": "sun-moon",
        "url": "https://pokeapi.co/api/v2/version-group/17/"
      }
    },
    {
      "flavor_text": "\u6697\u9ed2\u306e\u3000\u4e16\u754c\u306b\u3000\u3072\u304d\u305a\u308a\u3000\u843d\u3068\u3057\u3066\n\u76f8\u624b\u3092\u3000\u7720\u308a\u72b6\u614b\u306b\u3000\u3059\u308b\u3002",
      "language": {
        "name": "ja",
        "url": "https://pokeapi.co/api/v2/language/11/"
      },
      "version_group": {
        "name": "sun-moon",
        "url": "https://pokeapi.co/api/v2/version-group/17/"
      }
    },
    {
      "flavor_text": "\u5c06\u5bf9\u624b\u5f3a\u5236\u62d6\u5165\u9ed1\u6697\u7684\u4e16\u754c\uff0c\n\u4ece\u800c\u8ba9\u5bf9\u624b\u9677\u5165\u7761\u7720\u72b6\u6001\u3002",
      "language": {
        "name": "zh-Hans",
        "url": "https://pokeapi.co/api/v2/language/12/"
      },
      "version_group": {
        "name": "sun-moon",
        "url": "https://pokeapi.co/api/v2/version-group/17/"
      }
    },
    {
      "flavor_text": "\u3042\u3093\u3053\u304f\u306e\u3000\u305b\u304b\u3044\u306b\u3000\u3072\u304d\u305a\u308a\u3000\u304a\u3068\u3057\u3066\n\u3042\u3044\u3066\u3092\u3000\u306d\u3080\u308a\u3000\u3058\u3087\u3046\u305f\u3044\u306b\u3000\u3059\u308b\u3002",
      "language": {
        "name": "ja-Hrkt",
        "url": "https://pokeapi.co/api/v2/language/1/"
      },
      "version_group": {
        "name": "ultra-sun-ultra-moon",
        "url": "https://pokeapi.co/api/v2/version-group/18/"
      }
    },
    {
      "flavor_text": "\uc554\ud751\uc758 \uc138\uacc4\ub85c \ub04c\uace0 \uac00\uc11c \ub5a8\uc5b4\ub728\ub824\n\uc0c1\ub300\ub97c \uc7a0\ub4e6 \uc0c1\ud0dc\ub85c \ub9cc\ub4e0\ub2e4.",
      "language": {
        "name": "ko",
        "url": "https://pokeapi.co/api/v2/language/3/"
      },
      "version_group": {
        "name": "ultra-sun-ultra-moon",
        "url": "https://pokeapi.co/api/v2/version-group/18/"
      }
    },
    {
      "flavor_text": "\u5c07\u5c0d\u624b\u5f37\u5236\u62c9\u9032\u9ed1\u6697\u7684\u4e16\u754c\uff0c\n\u8b93\u5c0d\u624b\u9677\u5165\u7761\u7720\u72c0\u614b\u3002",
      "language": {
        "name": "zh-Hant",
        "url": "https://pokeapi.co/api/v2/language/4/"
      },
      "version_group": {
        "name": "ultra-sun-ultra-moon",
        "url": "https://pokeapi.co/api/v2/version-group/18/"
      }
    },
    {
      "flavor_text": "L\u2019ennemi est plong\u00e9 dans les t\u00e9n\u00e8bres.\nIl tombe dans un profond sommeil.",
      "language": {
        "name": "fr",
        "url": "https://pokeapi.co/api/v2/language/5/"
      },
      "version_group": {
        "name": "ultra-sun-ultra-moon",
        "url": "https://pokeapi.co/api/v2/version-group/18/"
      }
    },
    {
      "flavor_text": "Das Ziel wird in eine Welt der Dunkelheit gezogen\nund in Schlaf versetzt.",
      "language": {
        "name": "de",
        "url": "https://pokeapi.co/api/v2/language/6/"
      },
      "version_group": {
        "name": "ultra-sun-ultra-moon",
        "url": "https://pokeapi.co/api/v2/version-group/18/"
      }
    },
    {
      "flavor_text": "El objetivo es enviado a un mundo de tinieblas \nque lo hace dormir.",
      "language": {
        "name": "es",
        "url": "https://pokeapi.co/api/v2/language/7/"
      },
      "version_group": {
        "name": "ultra-sun-ultra-moon",
        "url": "https://pokeapi.co/api/v2/version-group/18/"
      }
    },
    {
      "flavor_text": "Trascina i nemici intorno in un mondo\ndi totale oscurit\u00e0 e li fa addormentare.",
      "language": {
        "name": "it",
        "url": "https://pokeapi.co/api/v2/language/8/"
      },
      "version_group": {
        "name": "ultra-sun-ultra-moon",
        "url": "https://pokeapi.co/api/v2/version-group/18/"
      }
    },
    {
      "flavor_text": "Opposing Pok\u00e9mon are dragged into a world of total\ndarkness that makes them sleep.",
      "language": {
        "name": "en",
        "url": "https://pokeapi.co/api/v2/language/9/"
      },
      "version_group": {
        "name": "ultra-sun-ultra-moon",
        "url": "https://pokeapi.co/api/v2/version-group/18/"
      }
    },
    {
      "flavor_text": "\u6697\u9ed2\u306e\u3000\u4e16\u754c\u306b\u3000\u3072\u304d\u305a\u308a\u3000\u843d\u3068\u3057\u3066\n\u76f8\u624b\u3092\u3000\u7720\u308a\u72b6\u614b\u306b\u3000\u3059\u308b\u3002",
      "language": {
        "name": "ja",
        "url": "https://pokeapi.co/api/v2/language/11/"
      },
      "version_group": {
        "name": "ultra-sun-ultra-moon",
        "url": "https://pokeapi.co/api/v2/version-group/18/"
      }
    },
    {
      "flavor_text": "\u5c06\u5bf9\u624b\u5f3a\u5236\u62d6\u5165\u9ed1\u6697\u7684\u4e16\u754c\uff0c\n\u4ece\u800c\u8ba9\u5bf9\u624b\u9677\u5165\u7761\u7720\u72b6\u6001\u3002",
      "language": {
        "name": "zh-Hans",
        "url": "https://pokeapi.co/api/v2/language/12/"
      },
      "version_group": {
        "name": "ultra-sun-ultra-moon",
        "url": "https://pokeapi.co/api/v2/version-group/18/"
      }
    },
    {
      "flavor_text": "\u3042\u3093\u3053\u304f\u306e\u3000\u305b\u304b\u3044\u306b\u3000\u3072\u304d\u305a\u308a\u3000\u304a\u3068\u3057\u3066\n\u3042\u3044\u3066\u3092\u3000\u306d\u3080\u308a\u3000\u3058\u3087\u3046\u305f\u3044\u306b\u3000\u3059\u308b\u3002",
      "language": {
        "name": "ja-Hrkt",
        "url": "https://pokeapi.co/api/v2/language/1/"
      },
      "version_group": {
        "name": "lets-go-pikachu-lets-go-eevee",
        "url": "https://pokeapi.co/api/v2/version-group/19/"
      }
    },
    {
      "flavor_text": "\uc554\ud751\uc758 \uc138\uacc4\ub85c \ub04c\uace0 \uac00\uc11c \ub5a8\uc5b4\ub728\ub824\n\uc0c1\ub300\ub97c \uc7a0\ub4e6 \uc0c1\ud0dc\ub85c \ub9cc\ub4e0\ub2e4.",
      "language": {
        "name": "ko",
        "url": "https://pokeapi.co/api/v2/language/3/"
      },
      "version_group": {
        "name": "lets-go-pikachu-lets-go-eevee",
        "url": "https://pokeapi.co/api/v2/version-group/19/"
      }
    },
    {
      "flavor_text": "\u5c07\u5c0d\u624b\u5f37\u5236\u62c9\u9032\u9ed1\u6697\u7684\u4e16\u754c\uff0c\n\u8b93\u5c0d\u624b\u9677\u5165\u7761\u7720\u72c0\u614b\u3002",
      "language": {
        "name": "zh-Hant",
        "url": "https://pokeapi.co/api/v2/language/4/"
      },
      "version_group": {
        "name": "lets-go-pikachu-lets-go-eevee",
        "url": "https://pokeapi.co/api/v2/version-group/19/"
      }
    },
    {
      "flavor_text": "L\u2019ennemi est plong\u00e9 dans les t\u00e9n\u00e8bres.\nIl tombe dans un profond sommeil.",
      "language": {
        "name": "fr",
        "url": "https://pokeapi.co/api/v2/language/5/"
      },
      "version_group": {
        "name": "lets-go-pikachu-lets-go-eevee",
        "url": "https://pokeapi.co/api/v2/version-group/19/"
      }
    },
    {
      "flavor_text": "Das Ziel wird in eine Welt der Dunkelheit gezogen\nund in Schlaf versetzt.",
      "language": {
        "name": "de",
        "url": "https://pokeapi.co/api/v2/language/6/"
      },
      "version_group": {
        "name": "lets-go-pikachu-lets-go-eevee",
        "url": "https://pokeapi.co/api/v2/version-group/19/"
      }
    },
    {
      "flavor_text": "El objetivo es enviado a un mundo de tinieblas \nque lo hace dormir.",
      "language": {
        "name": "es",
        "url": "https://pokeapi.co/api/v2/language/7/"
      },
      "version_group": {
        "name": "lets-go-pikachu-lets-go-eevee",
        "url": "https://pokeapi.co/api/v2/version-group/19/"
      }
    },
    {
      "flavor_text": "Trascina i nemici intorno in un mondo\ndi totale oscurit\u00e0 e li fa addormentare.",
      "language": {
        "name": "it",
        "url": "https://pokeapi.co/api/v2/language/8/"
      },
      "version_group": {
        "name": "lets-go-pikachu-lets-go-eevee",
        "url": "https://pokeapi.co/api/v2/version-group/19/"
      }
    },
    {
      "flavor_text": "Opposing Pok\u00e9mon are dragged into a world of total\ndarkness that makes them sleep.",
      "language": {
        "name": "en",
        "url": "https://pokeapi.co/api/v2/language/9/"
      },
      "version_group": {
        "name": "lets-go-pikachu-lets-go-eevee",
        "url": "https://pokeapi.co/api/v2/version-group/19/"
      }
    },
    {
      "flavor_text": "\u6697\u9ed2\u306e\u3000\u4e16\u754c\u306b\u3000\u3072\u304d\u305a\u308a\u3000\u843d\u3068\u3057\u3066\n\u76f8\u624b\u3092\u3000\u7720\u308a\u72b6\u614b\u306b\u3000\u3059\u308b\u3002",
      "language": {
        "name": "ja",
        "url": "https://pokeapi.co/api/v2/language/11/"
      },
      "version_group": {
        "name": "lets-go-pikachu-lets-go-eevee",
        "url": "https://pokeapi.co/api/v2/version-group/19/"
      }
    },
    {
      "flavor_text": "\u5c06\u5bf9\u624b\u5f3a\u5236\u62d6\u5165\u9ed1\u6697\u7684\u4e16\u754c\uff0c\n\u4ece\u800c\u8ba9\u5bf9\u624b\u9677\u5165\u7761\u7720\u72b6\u6001\u3002",
      "language": {
        "name": "zh-Hans",
        "url": "https://pokeapi.co/api/v2/language/12/"
      },
      "version_group": {
        "name": "lets-go-pikachu-lets-go-eevee",
        "url": "https://pokeapi.co/api/v2/version-group/19/"
      }
    },
    {
      "flavor_text": "\u3042\u3093\u3053\u304f\u306e\u3000\u305b\u304b\u3044\u306b\u3000\u3072\u304d\u305a\u308a\u3000\u304a\u3068\u3057\u3066\n\u3042\u3044\u3066\u3092\u3000\u306d\u3080\u308a\u3000\u3058\u3087\u3046\u305f\u3044\u306b\u3000\u3059\u308b\u3002",
      "language": {
        "name": "ja-Hrkt",
        "url": "https://pokeapi.co/api/v2/language/1/"
      },
      "version_group": {
        "name": "sword-shield",
        "url": "https://pokeapi.co/api/v2/version-group/20/"
      }
    },
    {
      "flavor_text": "\uc554\ud751\uc758 \uc138\uacc4\ub85c \ub04c\uace0 \uac00\uc11c \ub5a8\uc5b4\ub728\ub824\n\uc0c1\ub300\ub97c \uc7a0\ub4e6 \uc0c1\ud0dc\ub85c \ub9cc\ub4e0\ub2e4.",
      "language": {
        "name": "ko",
        "url": "https://pokeapi.co/api/v2/language/3/"
      },
      "version_group": {
        "name": "sword-shield",
        "url": "https://pokeapi.co/api/v2/version-group/20/"
      }
    },
    {
      "flavor_text": "\u5c07\u5c0d\u624b\u5f37\u5236\u62c9\u9032\u9ed1\u6697\u7684\u4e16\u754c\uff0c\n\u8b93\u5c0d\u624b\u9677\u5165\u7761\u7720\u72c0\u614b\u3002",
      "language": {
        "name": "zh-Hant",
        "url": "https://pokeapi.co/api/v2/language/4/"
      },
      "version_group": {
        "name": "sword-shield",
        "url": "https://pokeapi.co/api/v2/version-group/20/"
      }
    },
    {
      "flavor_text": "L\u2019ennemi est plong\u00e9 dans les t\u00e9n\u00e8bres.\nIl tombe dans un profond sommeil.",
      "language": {
        "name": "fr",
        "url": "https://pokeapi.co/api/v2/language/5/"
      },
      "version_group": {
        "name": "sword-shield",
        "url": "https://pokeapi.co/api/v2/version-group/20/"
      }
    },
    {
      "flavor_text": "Gegnerische Pok\u00e9mon werden in eine Welt der\nDunkelheit gezogen und in Schlaf versetzt.",
      "language": {
        "name": "de",
        "url": "https://pokeapi.co/api/v2/language/6/"
      },
      "version_group": {
        "name": "sword-shield",
        "url": "https://pokeapi.co/api/v2/version-group/20/"
      }
    },
    {
      "flavor_text": "El objetivo es enviado a un mundo de tinieblas que lo\nhace dormir.",
      "language": {
        "name": "es",
        "url": "https://pokeapi.co/api/v2/language/7/"
      },
      "version_group": {
        "name": "sword-shield",
        "url": "https://pokeapi.co/api/v2/version-group/20/"
      }
    },
    {
      "flavor_text": "Trascina i nemici intorno in un mondo\ndi totale oscurit\u00e0 e li fa addormentare.",
      "language": {
        "name": "it",
        "url": "https://pokeapi.co/api/v2/language/8/"
      },
      "version_group": {
        "name": "sword-shield",
        "url": "https://pokeapi.co/api/v2/version-group/20/"
      }
    },
    {
      "flavor_text": "Opposing Pok\u00e9mon are dragged into a world of total\ndarkness that makes them sleep.",
      "language": {
        "name": "en",
        "url": "https://pokeapi.co/api/v2/language/9/"
      },
      "version_group": {
        "name": "sword-shield",
        "url": "https://pokeapi.co/api/v2/version-group/20/"
      }
    },
    {
      "flavor_text": "\u6697\u9ed2\u306e\u3000\u4e16\u754c\u306b\u3000\u3072\u304d\u305a\u308a\u3000\u843d\u3068\u3057\u3066\n\u76f8\u624b\u3092\u3000\u7720\u308a\u72b6\u614b\u306b\u3000\u3059\u308b\u3002",
      "language": {
        "name": "ja",
        "url": "https://pokeapi.co/api/v2/language/11/"
      },
      "version_group": {
        "name": "sword-shield",
        "url": "https://pokeapi.co/api/v2/version-group/20/"
      }
    },
    {
      "flavor_text": "\u5c06\u5bf9\u624b\u5f3a\u5236\u62d6\u5165\u9ed1\u6697\u7684\u4e16\u754c\uff0c\n\u4ece\u800c\u8ba9\u5bf9\u624b\u9677\u5165\u7761\u7720\u72b6\u6001\u3002",
      "language": {
        "name": "zh-Hans",
        "url": "https://pokeapi.co/api/v2/language/12/"
      },
      "version_group": {
        "name": "sword-shield",
        "url": "https://pokeapi.co/api/v2/version-group/20/"
      }
    },
    {
      "flavor_text": "The target is dragged into a world of total darkness that makes the target drowsy and lowers its defensive stats.",
      "language": {
        "name": "en",
        "url": "https://pokeapi.co/api/v2/language/9/"
      },
      "version_group": {
        "name": "legends-arceus",
        "url": "https://pokeapi.co/api/v2/version-group/24/"
      }
    },
    {
      "flavor_text": "Opposing Pok\u00e9mon are dragged into a world of total darkness that puts them to sleep.",
      "language": {
        "name": "en",
        "url": "https://pokeapi.co/api/v2/language/9/"
      },
      "version_group": {
        "name": "scarlet-violet",
        "url": "https://pokeapi.co/api/v2/version-group/25/"
      }
    }
  ],
  "generation": {
    "name": "generation-iv",
    "url": "https://pokeapi.co/api/v2/generation/4/"
  },
  "id": 464,
  "learned_by_pokemon": [
    {
      "name": "darkrai",
      "url": "https://pokeapi.co/api/v2/pokemon/491/"
    }
  ],
  "machines": [],
  "meta": {
    "ailment": {
      "name": "sleep",
      "url": "https://pokeapi.co/api/v2/move-ailment/2/"
    },
    "ailment_chance": 0,
    "category": {
      "name": "ailment",
      "url": "https://pokeapi.co/api/v2/move-category/1/"
    },
    "crit_rate": 0,
    "drain": 0,
    "flinch_chance": 0,
    "healing": 0,
    "max_hits": null,
    "max_turns": 4,
    "min_hits": null,
    "min_turns": 2,
    "stat_chance": 0
  },
  "name": "dark-void",
  "names": [
    {
      "language": {
        "name": "ja-Hrkt",
        "url": "https://pokeapi.co/api/v2/language/1/"
      },
      "name": "\u30c0\u30fc\u30af\u30db\u30fc\u30eb"
    },
    {
      "language": {
        "name": "ko",
        "url": "https://pokeapi.co/api/v2/language/3/"
      },
      "name": "\ub2e4\ud06c\ud640"
    },
    {
      "language": {
        "name": "zh-Hant",
        "url": "https://pokeapi.co/api/v2/language/4/"
      },
      "name": "\u6697\u9ed1\u6d1e"
    },
    {
      "language": {
        "name": "fr",
        "url": "https://pokeapi.co/api/v2/language/5/"
      },
      "name": "Trou Noir"
    },
    {
      "language": {
        "name": "de",
        "url": "https://pokeapi.co/api/v2/language/6/"
      },
      "name": "Schlummerort"
    },
    {
      "language": {
        "name": "es",
        "url": "https://pokeapi.co/api/v2/language/7/"
      },
      "name": "Brecha Negra"
    },
    {
      "language": {
        "name": "it",
        "url": "https://pokeapi.co/api/v2/language/8/"
      },
      "name": "Vuototetro"
    },
    {
      "language": {
        "name": "en",
        "url": "https://pokeapi.co/api/v2/language/9/"
      },
      "name": "Dark Void"
    },
    {
      "language": {
        "name": "ja",
        "url": "https://pokeapi.co/api/v2/language/11/"
      },
      "name": "\u30c0\u30fc\u30af\u30db\u30fc\u30eb"
    },
    {
      "language": {
        "name": "zh-Hans",
        "url": "https://pokeapi.co/api/v2/language/12/"
      },
      "name": "\u6697\u9ed1\u6d1e"
    }
  ],
  "past_values": [
    {
      "accuracy": 80,
      "effect_chance": null,
      "effect_entries": [],
      "power": null,
      "pp": null,
      "type": null,
      "version_group": {
        "name": "sun-moon",
        "url": "https://pokeapi.co/api/v2/version-group/17/"
      }
    }
  ],
  "power": null,
  "pp": 10,
  "priority": 0,
  "stat_changes": [],
  "super_contest_effect": {
    "url": "https://pokeapi.co/api/v2/super-contest-effect/19/"
  },
  "target": {
    "name": "all-opponents",
    "url": "https://pokeapi.co/api/v2/move-target/11/"
  },
  "type": {
    "name": "dark",
    "url": "https://pokeapi.co/api/v2/type/17/"
  }
}