{
  "accuracy": 80,
  "contest_combos": null,
  "contest_effect": null,
  "contest_type": null,
  "damage_class": {
    "name": "special",
    "url": "https://pokeapi.co/api/v2/move-damage-class/3/"
  },
  "effect_chance": null,
  "effect_changes": [],
  "effect_entries": [],
  "flavor_text_entries": [
    {
      "flavor_text": "The user attacks by wrapping the target in fierce winds and searingly hot sand. This also leaves the target with a burn.",
      "language": {
        "name": "en",
        "url": "https://pokeapi.co/api/v2/language/9/"
      },
      "version_group": {
        "name": "legends-arceus",
        "url": "https://pokeapi.co/api/v2/version-group/24/"
      }
    },
    {
      "flavor_text": "The user attacks by wrapping opposing Pok\u00e9mon in fierce winds and searingly hot sand. This may also leave them with a burn.",
      "language": {
        "name": "en",
        "url": "https://pokeapi.co/api/v2/language/9/"
      },
      "version_group": {
        "name": "scarlet-violet",
        "url": "https://pokeapi.co/api/v2/version-group/25/"
      }
    }
  ],
  "generation": {
    "name": "generation-viii",
    "url": "https://pokeapi.co/api/v2/generation/8/"
  },
  "id": 848,
  "learned_by_pokemon": [
    {
      "name": "landorus-incarnate",
      "url": "https://pokeapi.co/api/v2/pokemon/645/"
    },
    {
      "name": "landorus-therian",
      "url": "https://pokeapi.co/api/v2/pokemon/10021/"
    }
  ],
  "machines": [],
  "meta": null,
  "name": "sandsear-storm",
  "names": [
    {
      "language": {
        "name": "ja-Hrkt",
        "url": "https://pokeapi.co/api/v2/language/1/"
      },
      "name": "\u306d\u3063\u3055\u306e\u3042\u3089\u3057"
    },
    {
      "language": {
        "name": "zh-Hant",
        "url": "https://pokeapi.co/api/v2/language/4/"
      },
      "name": "\u70ed\u6c99\u98ce\u66b4"
    },
    {
      "language": {
        "name": "it",
        "url": "https://pokeapi.co/api/v2/language/8/"
      },
      "name": "Tempesta Ardente"
    },
    {
      "language": {
        "name": "en",
        "url": "https://pokeapi.co/api/v2/language/9/"
      },
      "name": "Sandsear Storm"
    },
    {
      "language": {
        "name": "ja",
        "url": "https://pokeapi.co/api/v2/language/11/"
      },
      "name": "\u306d\u3063\u3055\u306e\u3042\u3089\u3057"
    }
  ],
  "past_values": [],
  "power": 100,
  "pp": 10,
  "priority": 0,
  "stat_changes": [],
  "super_contest_effect": null,
  "target": {
    "name": "all-opponents",
    "url": "https://pokeapi.co/api/v2/move-target/11/"
  },
  "type": {
    "name": "ground",
    "url": "https://pokeapi.co/api/v2/type/5/"
  }
}