{
  "accuracy": 90,
  "contest_combos": null,
  "contest_effect": null,
  "contest_type": null,
  "damage_class": {
    "name": "physical",
    "url": "https://pokeapi.co/api/v2/move-damage-class/2/"
  },
  "effect_chance": null,
  "effect_changes": [],
  "effect_entries": [
    {
      "effect": "Inflicts regular damage two to five times in a row, raising the user\u2019s Speed and lowering the user\u2019s Defense by one stage each upon last hit.",
      "language": {
        "name": "en",
        "url": "https://pokeapi.co/api/v2/language/9/"
      },
      "short_effect": "Boosts the user\u2019s Speed and lowers their Defense by one stage after inflicting damage two to five times in a row."
    }
  ],
  "flavor_text_entries": [
    {
      "flavor_text": "\u30a6\u30ed\u30b3\u3092\u3000\u3046\u3061\u3060\u3057\u3066\u3000\u3053\u3046\u3052\u304d\u3059\u308b\u3002\n\uff12\u30fc\uff15\u304b\u3044\u306e\u3000\u3042\u3044\u3060\u3000\u308c\u3093\u305e\u304f\u3067\u3000\u3060\u3059\u3002\n\u3059\u3070\u3084\u3055\u304c\u3000\u3042\u304c\u308b\u304c\u3000\u307c\u3046\u304e\u3087\u304c\u3000\u3055\u304c\u308b\u3002",
      "language": {
        "name": "ja-Hrkt",
        "url": "https://pokeapi.co/api/v2/language/1/"
      },
      "version_group": {
        "name": "sword-shield",
        "url": "https://pokeapi.co/api/v2/version-group/20/"
      }
    },
    {
      "flavor_text": "\ube44\ub298\uc744 \uc3d8\uc544\uc11c \uacf5\uaca9\ud55c\ub2e4.\n2-5\ud68c \ub3d9\uc548 \uc5f0\uc18d\uc73c\ub85c \uc4f4\ub2e4.\n\uc2a4\ud53c\ub4dc\uac00 \uc62c\ub77c\uac00\uc9c0\ub9cc \ubc29\uc5b4\uac00 \ub5a8\uc5b4\uc9c4\ub2e4.",
      "language": {
        "name": "ko",
        "url": "https://pokeapi.co/api/v2/language/3/"
      },
      "version_group": {
        "name": "sword-shield",
        "url": "https://pokeapi.co/api/v2/version-group/20/"
      }
    },
    {
      "flavor_text": "\u5c04\u51fa\u9c57\u7247\u9032\u884c\u653b\u64ca\u3002\n\u53ef\u9023\u7e8c\u653b\u64ca\uff12\uff5e\uff15\u6b21\u3002\n\u901f\u5ea6\u6703\u63d0\u9ad8\u4f46\u9632\u79a6\u6703\u964d\u4f4e\u3002",
      "language": {
        "name": "zh-Hant",
        "url": "https://pokeapi.co/api/v2/language/4/"
      },
      "version_group": {
        "name": "sword-shield",
        "url": "https://pokeapi.co/api/v2/version-group/20/"
      }
    },
    {
      "flavor_text": "Le lanceur projette des \u00e9cailles sur la cible de deux \u00e0\ncinq fois d\u2019affil\u00e9e. Augmente la Vitesse, mais diminue\nla D\u00e9fense.",
      "language": {
        "name": "fr",
        "url": "https://pokeapi.co/api/v2/language/5/"
      },
      "version_group": {
        "name": "sword-shield",
        "url": "https://pokeapi.co/api/v2/version-group/20/"
      }
    },
    {
      "flavor_text": "Der Anwender greift das Ziel zwei- bis f\u00fcnfmal\nhintereinander mit Schuppen-Geschossen an. Erh\u00f6ht\ndie eigene Initiative, aber senkt die Verteidigung.",
      "language": {
        "name": "de",
        "url": "https://pokeapi.co/api/v2/language/6/"
      },
      "version_group": {
        "name": "sword-shield",
        "url": "https://pokeapi.co/api/v2/version-group/20/"
      }
    },
    {
      "flavor_text": "Lanza escamas al objetivo de dos a cinco veces\nseguidas. Aumenta la Velocidad del usuario, pero\nreduce su Defensa.",
      "language": {
        "name": "es",
        "url": "https://pokeapi.co/api/v2/language/7/"
      },
      "version_group": {
        "name": "sword-shield",
        "url": "https://pokeapi.co/api/v2/version-group/20/"
      }
    },
    {
      "flavor_text": "Il Pok\u00e9mon attacca lanciando delle squame da due\na cinque volte di fila. Aumenta la Velocit\u00e0 di chi la usa,\nma ne riduce la Difesa.",
      "language": {
        "name": "it",
        "url": "https://pokeapi.co/api/v2/language/8/"
      },
      "version_group": {
        "name": "sword-shield",
        "url": "https://pokeapi.co/api/v2/version-group/20/"
      }
    },
    {
      "flavor_text": "The user attacks by shooting scales two to five times\nin a row. This move boosts the user\u2019s Speed stat but\nlowers its Defense stat.",
      "language": {
        "name": "en",
        "url": "https://pokeapi.co/api/v2/language/9/"
      },
      "version_group": {
        "name": "sword-shield",
        "url": "https://pokeapi.co/api/v2/version-group/20/"
      }
    },
    {
      "flavor_text": "\u30a6\u30ed\u30b3\u3092\u3000\u6483\u3061\u3060\u3057\u3066\u3000\u653b\u6483\u3059\u308b\u3002\n\uff12\u30fc\uff15\u56de\u306e\u3000\u9593\u3000\u9023\u7d9a\u3067\u3000\u3060\u3059\u3002\n\u7d20\u65e9\u3055\u304c\u3000\u3042\u304c\u308b\u304c\u3000\u9632\u5fa1\u304c\u3000\u3055\u304c\u308b\u3002",
      "language": {
        "name": "ja",
        "url": "https://pokeapi.co/api/v2/language/11/"
      },
      "version_group": {
        "name": "sword-shield",
        "url": "https://pokeapi.co/api/v2/version-group/20/"
      }
    },
    {
      "flavor_text": "\u53d1\u5c04\u9cde\u7247\u8fdb\u884c\u653b\u51fb\u3002\n\u8fde\u7eed\u653b\u51fb\uff12\uff5e\uff15\u6b21\u3002\n\u901f\u5ea6\u4f1a\u63d0\u9ad8\u4f46\u9632\u5fa1\u4f1a\u964d\u4f4e\u3002",
      "language": {
        "name": "zh-Hans",
        "url": "https://pokeapi.co/api/v2/language/12/"
      },
      "version_group": {
        "name": "sword-shield",
        "url": "https://pokeapi.co/api/v2/version-group/20/"
      }
    },
    {
      "flavor_text": "The user attacks by shooting scales two to five times in a row. This move boosts the user's Speed stat but lowers its Defense stat.",
      "language": {
        "name": "en",
        "url": "https://pokeapi.co/api/v2/language/9/"
      },
      "version_group": {
        "name": "legends-arceus",
        "url": "https://pokeapi.co/api/v2/version-group/24/"
      }
    },
    {
      "flavor_text": "The user attacks by shooting scales two to five times in a row. This move boosts the user's Speed stat but lowers its Defense stat.",
      "language": {
        "name": "en",
        "url": "https://pokeapi.co/api/v2/language/9/"
      },
      "version_group": {
        "name": "scarlet-violet",
        "url": "https://pokeapi.co/api/v2/version-group/25/"
      }
    }
  ],
  "generation": {
    "name": "generation-viii",
    "url": "https://pokeapi.co/api/v2/generation/8/"
  },
  "id": 799,
  "learned_by_pokemon": [
    {
      "name": "charizard",
      "url": "https://pokeapi.co/api/v2/pokemon/6/"
    },
    {
      "name": "ekans",
      "url": "https://pokeapi.co/api/v2/pokemon/23/"
    },
    {
      "name": "arbok",
      "url": "https://pokeapi.co/api/v2/pokemon/24/"
    },
    {
      "name": "horsea",
      "url": "https://pokeapi.co/api/v2/pokemon/116/"
    },
    {
      "name": "seadra",
      "url": "https://pokeapi.co/api/v2/pokemon/117/"
    },
    {
      "name": "goldeen",
      "url": "https://pokeapi.co/api/v2/pokemon/118/"
    },
    {
      "name": "seaking",
      "url": "https://pokeapi.co/api/v2/pokemon/119/"
    },
    {
      "name": "gyarados",
      "url": "https://pokeapi.co/api/v2/pokemon/130/"
    },
    {
      "name": "dratini",
      "url": "https://pokeapi.co/api/v2/pokemon/147/"
    },
    {
      "name": "dragonair",
      "url": "https://pokeapi.co/api/v2/pokemon/148/"
    },
    {
      "name": "dragonite",
      "url": "https://pokeapi.co/api/v2/pokemon/149/"
    },
    {
      "name": "mew",
      "url": "https://pokeapi.co/api/v2/pokemon/151/"
    },
    {
      "name": "feraligatr",
      "url": "https://pokeapi.co/api/v2/pokemon/160/"
    },
    {
      "name": "dunsparce",
      "url": "https://pokeapi.co/api/v2/pokemon/206/"
    },
    {
      "name": "gligar",
      "url": "https://pokeapi.co/api/v2/pokemon/207/"
    },
    {
      "name": "qwilfish",
      "url": "https://pokeapi.co/api/v2/pokemon/211/"
    },
    {
      "name": "kingdra",
      "url": "https://pokeapi.co/api/v2/pokemon/230/"
    },
    {
      "name": "lugia",
      "url": "https://pokeapi.co/api/v2/pokemon/249/"
    },
    {
      "name": "sceptile",
      "url": "https://pokeapi.co/api/v2/pokemon/254/"
    },
    {
      "name": "carvanha",
      "url": "https://pokeapi.co/api/v2/pokemon/318/"
    },
    {
      "name": "sharpedo",
      "url": "https://pokeapi.co/api/v2/pokemon/319/"
    },
    {
      "name": "flygon",
      "url": "https://pokeapi.co/api/v2/pokemon/330/"
    },
    {
      "name": "feebas",
      "url": "https://pokeapi.co/api/v2/pokemon/349/"
    },
    {
      "name": "milotic",
      "url": "https://pokeapi.co/api/v2/pokemon/350/"
    },
    {
      "name": "relicanth",
      "url": "https://pokeapi.co/api/v2/pokemon/369/"
    },
    {
      "name": "luvdisc",
      "url": "https://pokeapi.co/api/v2/pokemon/370/"
    },
    {
      "name": "latias",
      "url": "https://pokeapi.co/api/v2/pokemon/380/"
    },
    {
      "name": "latios",
      "url": "https://pokeapi.co/api/v2/pokemon/381/"
    },
    {
      "name": "rayquaza",
      "url": "https://pokeapi.co/api/v2/pokemon/384/"
    },
    {
      "name": "gible",
      "url": "https://pokeapi.co/api/v2/pokemon/443/"
    },
    {
      "name": "gabite",
      "url": "https://pokeapi.co/api/v2/pokemon/444/"
    },
    {
      "name": "garchomp",
      "url": "https://pokeapi.co/api/v2/pokemon/445/"
    },
    {
      "name": "gliscor",
      "url": "https://pokeapi.co/api/v2/pokemon/472/"
    },
    {
      "name": "dialga",
      "url": "https://pokeapi.co/api/v2/pokemon/483/"
    },
    {
      "name": "palkia",
      "url": "https://pokeapi.co/api/v2/pokemon/484/"
    },
    {
      "name": "serperior",
      "url": "https://pokeapi.co/api/v2/pokemon/497/"
    },
    {
      "name": "basculin-red-striped",
      "url": "https://pokeapi.co/api/v2/pokemon/550/"
    },
    {
      "name": "krokorok",
      "url": "https://pokeapi.co/api/v2/pokemon/552/"
    },
    {
      "name": "krookodile",
      "url": "https://pokeapi.co/api/v2/pokemon/553/"
    },
    {
      "name": "alomomola",
      "url": "https://pokeapi.co/api/v2/pokemon/594/"
    },
    {
      "name": "axew",
      "url": "https://pokeapi.co/api/v2/pokemon/610/"
    },
    {
      "name": "fraxure",
      "url": "https://pokeapi.co/api/v2/pokemon/611/"
    },
    {
      "name": "haxorus",
      "url": "https://pokeapi.co/api/v2/pokemon/612/"
    },
    {
      "name": "druddigon",
      "url": "https://pokeapi.co/api/v2/pokemon/621/"
    },
    {
      "name": "hydreigon",
      "url": "https://pokeapi.co/api/v2/pokemon/635/"
    },
    {
      "name": "reshiram",
      "url": "https://pokeapi.co/api/v2/pokemon/643/"
    },
    {
      "name": "zekrom",
      "url": "https://pokeapi.co/api/v2/pokemon/644/"
    },
    {
      "name": "kyurem",
      "url": "https://pokeapi.co/api/v2/pokemon/646/"
    },
    {
      "name": "skrelp",
      "url": "https://pokeapi.co/api/v2/pokemon/690/"
    },
    {
      "name": "dragalge",
      "url": "https://pokeapi.co/api/v2/pokemon/691/"
    },
    {
      "name": "helioptile",
      "url": "https://pokeapi.co/api/v2/pokemon/694/"
    },
    {
      "name": "heliolisk",
      "url": "https://pokeapi.co/api/v2/pokemon/695/"
    },
    {
      "name": "tyrunt",
      "url": "https://pokeapi.co/api/v2/pokemon/696/"
    },
    {
      "name": "tyrantrum",
      "url": "https://pokeapi.co/api/v2/pokemon/697/"
    },
    {
      "name": "zygarde-50",
      "url": "https://pokeapi.co/api/v2/pokemon/718/"
    },
    {
      "name": "wishiwashi-solo",
      "url": "https://pokeapi.co/api/v2/pokemon/746/"
    },
    {
      "name": "salandit",
      "url": "https://pokeapi.co/api/v2/pokemon/757/"
    },
    {
      "name": "salazzle",
      "url": "https://pokeapi.co/api/v2/pokemon/758/"
    },
    {
      "name": "turtonator",
      "url": "https://pokeapi.co/api/v2/pokemon/776/"
    },
    {
      "name": "drampa",
      "url": "https://pokeapi.co/api/v2/pokemon/780/"
    },
    {
      "name": "jangmo-o",
      "url": "https://pokeapi.co/api/v2/pokemon/782/"
    },
    {
      "name": "hakamo-o",
      "url": "https://pokeapi.co/api/v2/pokemon/783/"
    },
    {
      "name": "kommo-o",
      "url": "https://pokeapi.co/api/v2/pokemon/784/"
    },
    {
      "name": "naganadel",
      "url": "https://pokeapi.co/api/v2/pokemon/804/"
    },
    {
      "name": "inteleon",
      "url": "https://pokeapi.co/api/v2/pokemon/818/"
    },
    {
      "name": "chewtle",
      "url": "https://pokeapi.co/api/v2/pokemon/833/"
    },
    {
      "name": "drednaw",
      "url": "https://pokeapi.co/api/v2/pokemon/834/"
    },
    {
      "name": "silicobra",
      "url": "https://pokeapi.co/api/v2/pokemon/843/"
    },
    {
      "name": "sandaconda",
      "url": "https://pokeapi.co/api/v2/pokemon/844/"
    },
    {
      "name": "arrokuda",
      "url": "https://pokeapi.co/api/v2/pokemon/846/"
    },
    {
      "name": "barraskewda",
      "url": "https://pokeapi.co/api/v2/pokemon/847/"
    },
    {
      "name": "regidrago",
      "url": "https://pokeapi.co/api/v2/pokemon/895/"
    },
    {
      "name": "basculegion-male",
      "url": "https://pokeapi.co/api/v2/pokemon/902/"
    },
    {
      "name": "overqwil",
      "url": "https://pokeapi.co/api/v2/pokemon/904/"
    },
    {
      "name": "cyclizar",
      "url": "https://pokeapi.co/api/v2/pokemon/967/"
    },
    {
      "name": "veluza",
      "url": "https://pokeapi.co/api/v2/pokemon/976/"
    },
    {
      "name": "dudunsparce-two-segment",
      "url": "https://pokeapi.co/api/v2/pokemon/982/"
    },
    {
      "name": "baxcalibur",
      "url": "https://pokeapi.co/api/v2/pokemon/998/"
    },
    {
      "name": "roaring-moon",
      "url": "https://pokeapi.co/api/v2/pokemon/1005/"
    },
    {
      "name": "koraidon",
      "url": "https://pokeapi.co/api/v2/pokemon/1007/"
    },
    {
      "name": "gouging-fire",
      "url": "https://pokeapi.co/api/v2/pokemon/1020/"
    },
    {
      "name": "basculin-blue-striped",
      "url": "https://pokeapi.co/api/v2/pokemon/10016/"
    },
    {
      "name": "kyurem-black",
      "url": "https://pokeapi.co/api/v2/pokemon/10022/"
    },
    {
      "name": "kyurem-white",
      "url": "https://pokeapi.co/api/v2/pokemon/10023/"
    },
    {
      "name": "zygarde-10-power-construct",
      "url": "https://pokeapi.co/api/v2/pokemon/10118/"
    },
    {
      "name": "zygarde-50-power-construct",
      "url": "https://pokeapi.co/api/v2/pokemon/10119/"
    },
    {
      "name": "zygarde-complete",
      "url": "https://pokeapi.co/api/v2/pokemon/10120/"
    },
    {
      "name": "wishiwashi-school",
      "url": "https://pokeapi.co/api/v2/pokemon/10127/"
    },
    {
      "name": "zygarde-10",
      "url": "https://pokeapi.co/api/v2/pokemon/10181/"
    },
    {
      "name": "qwilfish-hisui",
      "url": "https://pokeapi.co/api/v2/pokemon/10234/"
    },
    {
      "name": "basculin-white-striped",
      "url": "https://pokeapi.co/api/v2/pokemon/10247/"
    },
    {
      "name": "basculegion-female",
      "url": "https://pokeapi.co/api/v2/pokemon/10248/"
    },
    {
      "name": "dudunsparce-three-segment",
      "url": "https://pokeapi.co/api/v2/pokemon/10255/"
    },
    {
      "name": "koraidon-limited-build",
      "url": "https://pokeapi.co/api/v2/pokemon/10264/"
    },
    {
      "name": "koraidon-sprinting-build",
      "url": "https://pokeapi.co/api/v2/pokemon/10265/"
    },
    {
      "name": "koraidon-swimming-build",
      "url": "https://pokeapi.co/api/v2/pokemon/10266/"
    },
    {
      "name": "koraidon-gliding-build",
      "url": "https://pokeapi.co/api/v2/pokemon/10267/"
    }
  ],
  "machines": [
    {
      "machine": {
        "url": "https://pokeapi.co/api/v2/machine/1905/"
      },
      "version_group": {
        "name": "scarlet-violet",
        "url": "https://pokeapi.co/api/v2/version-group/25/"
      }
    },
    {
      "machine": {
        "url": "https://pokeapi.co/api/v2/machine/1968/"
      },
      "version_group": {
        "name": "the-teal-mask",
        "url": "https://pokeapi.co/api/v2/version-group/26/"
      }
    },
    {
      "machine": {
        "url": "https://pokeapi.co/api/v2/machine/2073/"
      },
      "version_group": {
        "name": "the-indigo-disk",
        "url": "https://pokeapi.co/api/v2/version-group/27/"
      }
    }
  ],
  "meta": {
    "ailment": {
      "name": "none",
      "url": "https://pokeapi.co/api/v2/move-ailment/0/"
    },
    "ailment_chance": 0,
    "category": {
      "name": "damage",
      "url": "https://pokeapi.co/api/v2/move-category/0/"
    },
    "crit_rate": 0,
    "drain": 0,
    "flinch_chance": 0,
    "healing": 0,
    "max_hits": 5,
    "max_turns": null,
    "min_hits": 2,
    "min_turns": null,
    "stat_chance": 0
  },
  "name": "scale-shot",
  "names": [
    {
      "language": {
        "name": "ja-Hrkt",
        "url": "https://pokeapi.co/api/v2/language/1/"
      },
      "name": "\u30b9\u30b1\u30a4\u30eb\u30b7\u30e7\u30c3\u30c8"
    },
    {
      "language": {
        "name": "ko",
        "url": "https://pokeapi.co/api/v2/language/3/"
      },
      "name": "\uc2a4\ucf00\uc77c\uc0f7"
    },
    {
      "language": {
        "name": "zh-Hant",
        "url": "https://pokeapi.co/api/v2/language/4/"
      },
      "name": "\u9c57\u5c04"
    },
    {
      "language": {
        "name": "fr",
        "url": "https://pokeapi.co/api/v2/language/5/"
      },
      "name": "Rafale \u00c9cailles"
    },
    {
      "language": {
        "name": "de",
        "url": "https://pokeapi.co/api/v2/language/6/"
      },
      "name": "Schuppenschuss"
    },
    {
      "language": {
        "name": "es",
        "url": "https://pokeapi.co/api/v2/language/7/"
      },
      "name": "R\u00e1faga Escamas"
    },
    {
      "language": {
        "name": "it",
        "url": "https://pokeapi.co/api/v2/language/8/"
      },
      "name": "Squamacolpo"
    },
    {
      "language": {
        "name": "en",
        "url": "https://pokeapi.co/api/v2/language/9/"
      },
      "name": "Scale Shot"
    },
    {
      "language": {
        "name": "ja",
        "url": "https://pokeapi.co/api/v2/language/11/"
      },
      "name": "\u30b9\u30b1\u30a4\u30eb\u30b7\u30e7\u30c3\u30c8"
    },
    {
      "language": {
        "name": "zh-Hans",
        "url": "https://pokeapi.co/api/v2/language/12/"
      },
      "name": "\u9cde\u5c04"
    }
  ],
  "past_values": [],
  "power": 25,
  "pp": 20,
  "priority": 0,
  "stat_changes": [],
  "super_contest_effect": null,
  "target": {
    "name": "selected-pokemon",
    "url": "https://pokeapi.co/api/v2/move-target/10/"
  },
  "type": {
    "name": "dragon",
    "url": "https://pokeapi.co/api/v2/type/16/"
  }
}