{
  "accuracy": null,
  "contest_combos": null,
  "contest_effect": null,
  "contest_type": null,
  "damage_class": {
    "name": "status",
    "url": "https://pokeapi.co/api/v2/move-damage-class/1/"
  },
  "effect_chance": null,
  "effect_changes": [],
  "effect_entries": [],
  "flavor_text_entries": [
    {
      "flavor_text": "The user spins a silken trap, protecting itself from damage while lowering the Speed stat of any attacker that makes direct contact.",
      "language": {
        "name": "en",
        "url": "https://pokeapi.co/api/v2/language/9/"
      },
      "version_group": {
        "name": "scarlet-violet",
        "url": "https://pokeapi.co/api/v2/version-group/25/"
      }
    }
  ],
  "generation": {
    "name": "generation-ix",
    "url": "https://pokeapi.co/api/v2/generation/9/"
  },
  "id": 852,
  "learned_by_pokemon": [
    {
      "name": "spidops",
      "url": "https://pokeapi.co/api/v2/pokemon/918/"
    }
  ],
  "machines": [],
  "meta": null,
  "name": "silk-trap",
  "names": [
    {
      "language": {
        "name": "ja-Hrkt",
        "url": "https://pokeapi.co/api/v2/language/1/"
      },
      "name": "\u30b9\u30ec\u30c3\u30c9\u30c8\u30e9\u30c3\u30d7"
    },
    {
      "language": {
        "name": "zh-Hant",
        "url": "https://pokeapi.co/api/v2/language/4/"
      },
      "name": "\u7ebf\u9631"
    },
    {
      "language": {
        "name": "it",
        "url": "https://pokeapi.co/api/v2/language/8/"
      },
      "name": "Telatrappola"
    },
    {
      "language": {
        "name": "en",
        "url": "https://pokeapi.co/api/v2/language/9/"
      },
      "name": "Silk Trap"
    },
    {
      "language": {
        "name": "ja",
        "url": "https://pokeapi.co/api/v2/language/11/"
      },
      "name": "\u30b9\u30ec\u30c3\u30c9\u30c8\u30e9\u30c3\u30d7"
    }
  ],
  "past_values": [],
  "power": 0,
  "pp": 10,
  "priority": 4,
  "stat_changes": [],
  "super_contest_effect": null,
  "target": {
    "name": "user",
    "url": "https://pokeapi.co/api/v2/move-target/7/"
  },
  "type": {
    "name": "bug",
    "url": "https://pokeapi.co/api/v2/type/7/"
  }
}