{
  "accuracy": null,
  "contest_combos": null,
  "contest_effect": {
    "url": "https://pokeapi.co/api/v2/contest-effect/19/"
  },
  "contest_type": {
    "name": "smart",
    "url": "https://pokeapi.co/api/v2/contest-type/4/"
  },
  "damage_class": {
    "name": "status",
    "url": "https://pokeapi.co/api/v2/move-damage-class/1/"
  },
  "effect_chance": null,
  "effect_changes": [],
  "effect_entries": [
    {
      "effect": "Permanently replaces itself with the target\u2019s last used move.  If that move is chatter or struggle, this move will fail.\n\nThis move cannot be copied by mimic or mirror move, nor selected by assist or metronome, nor forced by encore.",
      "language": {
        "name": "en",
        "url": "https://pokeapi.co/api/v2/language/9/"
      },
      "short_effect": "Permanently becomes the target\u2019s last used move."
    }
  ],
  "flavor_text_entries": [
    {
      "flavor_text": "Copies the foe's\nmove permanently.",
      "language": {
        "name": "en",
        "url": "https://pokeapi.co/api/v2/language/9/"
      },
      "version_group": {
        "name": "gold-silver",
        "url": "https://pokeapi.co/api/v2/version-group/3/"
      }
    },
    {
      "flavor_text": "Copies the foe's\nmove permanently.",
      "language": {
        "name": "en",
        "url": "https://pokeapi.co/api/v2/language/9/"
      },
      "version_group": {
        "name": "crystal",
        "url": "https://pokeapi.co/api/v2/version-group/4/"
      }
    },
    {
      "flavor_text": "Copies the foe\u2019s last move\npermanently.",
      "language": {
        "name": "en",
        "url": "https://pokeapi.co/api/v2/language/9/"
      },
      "version_group": {
        "name": "ruby-sapphire",
        "url": "https://pokeapi.co/api/v2/version-group/5/"
      }
    },
    {
      "flavor_text": "Copies the foe\u2019s last move\npermanently.",
      "language": {
        "name": "en",
        "url": "https://pokeapi.co/api/v2/language/9/"
      },
      "version_group": {
        "name": "emerald",
        "url": "https://pokeapi.co/api/v2/version-group/6/"
      }
    },
    {
      "flavor_text": "This move copies\nthe move last used\nby the foe, then\ndisappears.",
      "language": {
        "name": "en",
        "url": "https://pokeapi.co/api/v2/language/9/"
      },
      "version_group": {
        "name": "firered-leafgreen",
        "url": "https://pokeapi.co/api/v2/version-group/7/"
      }
    },
    {
      "flavor_text": "It enables the user\nto learn a move used\nby the foe.\nOnce used, the move\nSketch disappears.",
      "language": {
        "name": "en",
        "url": "https://pokeapi.co/api/v2/language/9/"
      },
      "version_group": {
        "name": "diamond-pearl",
        "url": "https://pokeapi.co/api/v2/version-group/8/"
      }
    },
    {
      "flavor_text": "It enables the user\nto learn a move used\nby the foe.\nOnce used, the move\nSketch disappears.",
      "language": {
        "name": "en",
        "url": "https://pokeapi.co/api/v2/language/9/"
      },
      "version_group": {
        "name": "platinum",
        "url": "https://pokeapi.co/api/v2/version-group/9/"
      }
    },
    {
      "flavor_text": "It enables the user\nto permanently learn\nthe move last used by\nthe foe. Once used,\nSketch disappears.",
      "language": {
        "name": "en",
        "url": "https://pokeapi.co/api/v2/language/9/"
      },
      "version_group": {
        "name": "heartgold-soulsilver",
        "url": "https://pokeapi.co/api/v2/version-group/10/"
      }
    },
    {
      "flavor_text": "Le lanceur apprend le dernier coup\nutilis\u00e9 par la cible. Gribouille dispara\u00eet\napr\u00e8s utilisation.",
      "language": {
        "name": "fr",
        "url": "https://pokeapi.co/api/v2/language/5/"
      },
      "version_group": {
        "name": "black-white",
        "url": "https://pokeapi.co/api/v2/version-group/11/"
      }
    },
    {
      "flavor_text": "It enables the user to permanently learn\nthe move last used by the target.\nOnce used, Sketch disappears.",
      "language": {
        "name": "en",
        "url": "https://pokeapi.co/api/v2/language/9/"
      },
      "version_group": {
        "name": "black-white",
        "url": "https://pokeapi.co/api/v2/version-group/11/"
      }
    },
    {
      "flavor_text": "It enables the user to permanently learn\nthe move last used by the target.\nOnce used, Sketch disappears.",
      "language": {
        "name": "en",
        "url": "https://pokeapi.co/api/v2/language/9/"
      },
      "version_group": {
        "name": "black-2-white-2",
        "url": "https://pokeapi.co/api/v2/version-group/14/"
      }
    },
    {
      "flavor_text": "\u3042\u3044\u3066\u304c\u3000\u3064\u304b\u3063\u305f\u3000\u308f\u3056\u3092\n\u3058\u3076\u3093\u306e\u3000\u3082\u306e\u306b\u3000\u3059\u308b\u3002\n\uff11\u304b\u3044\u3000\u3064\u304b\u3046\u3068\u3000\u30b9\u30b1\u30c3\u30c1\u306f\u3000\u304d\u3048\u308b\u3002",
      "language": {
        "name": "ja-Hrkt",
        "url": "https://pokeapi.co/api/v2/language/1/"
      },
      "version_group": {
        "name": "x-y",
        "url": "https://pokeapi.co/api/v2/version-group/15/"
      }
    },
    {
      "flavor_text": "\uc0c1\ub300\uac00 \uc4f4 \uae30\uc220\uc744\n\uc790\uc2e0\uc758 \uac83\uc73c\ub85c \ub9cc\ub4e0\ub2e4.\n\ud55c \ubc88 \uc0ac\uc6a9\ud558\uba74 \uc2a4\ucf00\uce58\ub294 \uc0ac\ub77c\uc9c4\ub2e4.",
      "language": {
        "name": "ko",
        "url": "https://pokeapi.co/api/v2/language/3/"
      },
      "version_group": {
        "name": "x-y",
        "url": "https://pokeapi.co/api/v2/version-group/15/"
      }
    },
    {
      "flavor_text": "Le lanceur apprend le dernier coup utilis\u00e9 par la\ncible. Gribouille dispara\u00eet apr\u00e8s utilisation.",
      "language": {
        "name": "fr",
        "url": "https://pokeapi.co/api/v2/language/5/"
      },
      "version_group": {
        "name": "x-y",
        "url": "https://pokeapi.co/api/v2/version-group/15/"
      }
    },
    {
      "flavor_text": "Anwender lernt die letzte Attacke des Zieles\ndauerhaft. Nachahmer verschwindet nach\nGebrauch.",
      "language": {
        "name": "de",
        "url": "https://pokeapi.co/api/v2/language/6/"
      },
      "version_group": {
        "name": "x-y",
        "url": "https://pokeapi.co/api/v2/version-group/15/"
      }
    },
    {
      "flavor_text": "Aprende de forma permanente el \u00faltimo movimiento\nutilizado por el objetivo. Es de un solo uso.",
      "language": {
        "name": "es",
        "url": "https://pokeapi.co/api/v2/language/7/"
      },
      "version_group": {
        "name": "x-y",
        "url": "https://pokeapi.co/api/v2/version-group/15/"
      }
    },
    {
      "flavor_text": "Permette a chi la usa di imparare l\u2019ultima mossa\nusata dal bersaglio. La nuova mossa appresa\nsostituisce Schizzo.",
      "language": {
        "name": "it",
        "url": "https://pokeapi.co/api/v2/language/8/"
      },
      "version_group": {
        "name": "x-y",
        "url": "https://pokeapi.co/api/v2/version-group/15/"
      }
    },
    {
      "flavor_text": "It enables the user to permanently learn\nthe move last used by the target.\nOnce used, Sketch disappears.",
      "language": {
        "name": "en",
        "url": "https://pokeapi.co/api/v2/language/9/"
      },
      "version_group": {
        "name": "x-y",
        "url": "https://pokeapi.co/api/v2/version-group/15/"
      }
    },
    {
      "flavor_text": "\u76f8\u624b\u304c\u3000\u4f7f\u3063\u305f\u3000\u6280\u3092\n\u81ea\u5206\u306e\u3000\u3082\u306e\u306b\u3000\u3059\u308b\u3002\n\uff11\u56de\u3000\u4f7f\u3046\u3068\u3000\u30b9\u30b1\u30c3\u30c1\u306f\u3000\u6d88\u3048\u308b\u3002",
      "language": {
        "name": "ja",
        "url": "https://pokeapi.co/api/v2/language/11/"
      },
      "version_group": {
        "name": "x-y",
        "url": "https://pokeapi.co/api/v2/version-group/15/"
      }
    },
    {
      "flavor_text": "\u3042\u3044\u3066\u304c\u3000\u3064\u304b\u3063\u305f\u3000\u308f\u3056\u3092\n\u3058\u3076\u3093\u306e\u3000\u3082\u306e\u306b\u3000\u3059\u308b\u3002\n\uff11\u304b\u3044\u3000\u3064\u304b\u3046\u3068\u3000\u30b9\u30b1\u30c3\u30c1\u306f\u3000\u304d\u3048\u308b\u3002",
      "language": {
        "name": "ja-Hrkt",
        "url": "https://pokeapi.co/api/v2/language/1/"
      },
      "version_group": {
        "name": "omega-ruby-alpha-sapphire",
        "url": "https://pokeapi.co/api/v2/version-group/16/"
      }
    },
    {
      "flavor_text": "\uc0c1\ub300\uac00 \uc4f4 \uae30\uc220\uc744\n\uc790\uc2e0\uc758 \uac83\uc73c\ub85c \ub9cc\ub4e0\ub2e4.\n\ud55c \ubc88 \uc0ac\uc6a9\ud558\uba74 \uc2a4\ucf00\uce58\ub294 \uc0ac\ub77c\uc9c4\ub2e4.",
      "language": {
        "name": "ko",
        "url": "https://pokeapi.co/api/v2/language/3/"
      },
      "version_group": {
        "name": "omega-ruby-alpha-sapphire",
        "url": "https://pokeapi.co/api/v2/version-group/16/"
      }
    },
    {
      "flavor_text": "Le lanceur apprend la derni\u00e8re capacit\u00e9 utilis\u00e9e par la \ncible. Gribouille dispara\u00eet apr\u00e8s utilisation.",
      "language": {
        "name": "fr",
        "url": "https://pokeapi.co/api/v2/language/5/"
      },
      "version_group": {
        "name": "omega-ruby-alpha-sapphire",
        "url": "https://pokeapi.co/api/v2/version-group/16/"
      }
    },
    {
      "flavor_text": "Anwender lernt die letzte Attacke des Zieles\ndauerhaft. Nachahmer verschwindet nach\nGebrauch.",
      "language": {
        "name": "de",
        "url": "https://pokeapi.co/api/v2/language/6/"
      },
      "version_group": {
        "name": "omega-ruby-alpha-sapphire",
        "url": "https://pokeapi.co/api/v2/version-group/16/"
      }
    },
    {
      "flavor_text": "Aprende de forma permanente el \u00faltimo movimiento \nutilizado por el objetivo. Es de un solo uso.",
      "language": {
        "name": "es",
        "url": "https://pokeapi.co/api/v2/language/7/"
      },
      "version_group": {
        "name": "omega-ruby-alpha-sapphire",
        "url": "https://pokeapi.co/api/v2/version-group/16/"
      }
    },
    {
      "flavor_text": "Permette a chi la usa di imparare l\u2019ultima mossa\nusata dal bersaglio. La nuova mossa appresa\nsostituisce Schizzo.",
      "language": {
        "name": "it",
        "url": "https://pokeapi.co/api/v2/language/8/"
      },
      "version_group": {
        "name": "omega-ruby-alpha-sapphire",
        "url": "https://pokeapi.co/api/v2/version-group/16/"
      }
    },
    {
      "flavor_text": "It enables the user to permanently learn\nthe move last used by the target.\nOnce used, Sketch disappears.",
      "language": {
        "name": "en",
        "url": "https://pokeapi.co/api/v2/language/9/"
      },
      "version_group": {
        "name": "omega-ruby-alpha-sapphire",
        "url": "https://pokeapi.co/api/v2/version-group/16/"
      }
    },
    {
      "flavor_text": "\u76f8\u624b\u304c\u3000\u4f7f\u3063\u305f\u3000\u6280\u3092\n\u81ea\u5206\u306e\u3000\u3082\u306e\u306b\u3000\u3059\u308b\u3002\n\uff11\u56de\u3000\u4f7f\u3046\u3068\u3000\u30b9\u30b1\u30c3\u30c1\u306f\u3000\u6d88\u3048\u308b\u3002",
      "language": {
        "name": "ja",
        "url": "https://pokeapi.co/api/v2/language/11/"
      },
      "version_group": {
        "name": "omega-ruby-alpha-sapphire",
        "url": "https://pokeapi.co/api/v2/version-group/16/"
      }
    },
    {
      "flavor_text": "\u3042\u3044\u3066\u304c\u3000\u3064\u304b\u3063\u305f\u3000\u308f\u3056\u3092\n\u3058\u3076\u3093\u306e\u3000\u3082\u306e\u306b\u3000\u3059\u308b\u3002\n\uff11\u304b\u3044\u3000\u3064\u304b\u3046\u3068\u3000\u30b9\u30b1\u30c3\u30c1\u306f\u3000\u304d\u3048\u308b\u3002",
      "language": {
        "name": "ja-Hrkt",
        "url": "https://pokeapi.co/api/v2/language/1/"
      },
      "version_group": {
        "name": "sun-moon",
        "url": "https://pokeapi.co/api/v2/version-group/17/"
      }
    },
    {
      "flavor_text": "\uc0c1\ub300\uac00 \uc4f4 \uae30\uc220\uc744\n\uc790\uc2e0\uc758 \uac83\uc73c\ub85c \ub9cc\ub4e0\ub2e4.\n\ud55c \ubc88 \uc0ac\uc6a9\ud558\uba74 \uc2a4\ucf00\uce58\ub294 \uc0ac\ub77c\uc9c4\ub2e4.",
      "language": {
        "name": "ko",
        "url": "https://pokeapi.co/api/v2/language/3/"
      },
      "version_group": {
        "name": "sun-moon",
        "url": "https://pokeapi.co/api/v2/version-group/17/"
      }
    },
    {
      "flavor_text": "\u5c07\u5c0d\u624b\u4f7f\u7528\u7684\u62db\u5f0f\u8b8a\u6210\u81ea\u5df1\u7684\u3002\n\u5beb\u751f\u5728\u4f7f\u7528\uff11\u6b21\u4e4b\u5f8c\u5c31\u6703\u6d88\u5931\u3002",
      "language": {
        "name": "zh-Hant",
        "url": "https://pokeapi.co/api/v2/language/4/"
      },
      "version_group": {
        "name": "sun-moon",
        "url": "https://pokeapi.co/api/v2/version-group/17/"
      }
    },
    {
      "flavor_text": "Le lanceur apprend la derni\u00e8re capacit\u00e9 utilis\u00e9e\npar la cible. Gribouille dispara\u00eet apr\u00e8s utilisation.",
      "language": {
        "name": "fr",
        "url": "https://pokeapi.co/api/v2/language/5/"
      },
      "version_group": {
        "name": "sun-moon",
        "url": "https://pokeapi.co/api/v2/version-group/17/"
      }
    },
    {
      "flavor_text": "Anwender erlernt die letzte Attacke des Zieles\ndauerhaft. Nachahmer verschwindet nach Gebrauch.",
      "language": {
        "name": "de",
        "url": "https://pokeapi.co/api/v2/language/6/"
      },
      "version_group": {
        "name": "sun-moon",
        "url": "https://pokeapi.co/api/v2/version-group/17/"
      }
    },
    {
      "flavor_text": "Aprende de forma permanente el \u00faltimo movimiento \nutilizado por el objetivo. Es de un solo uso.",
      "language": {
        "name": "es",
        "url": "https://pokeapi.co/api/v2/language/7/"
      },
      "version_group": {
        "name": "sun-moon",
        "url": "https://pokeapi.co/api/v2/version-group/17/"
      }
    },
    {
      "flavor_text": "Permette a chi la usa di imparare l\u2019ultima mossa\nusata dal bersaglio. La nuova mossa appresa\nsostituisce Schizzo.",
      "language": {
        "name": "it",
        "url": "https://pokeapi.co/api/v2/language/8/"
      },
      "version_group": {
        "name": "sun-moon",
        "url": "https://pokeapi.co/api/v2/version-group/17/"
      }
    },
    {
      "flavor_text": "It enables the user to permanently learn the move\nlast used by the target. Once used,\nSketch disappears.",
      "language": {
        "name": "en",
        "url": "https://pokeapi.co/api/v2/language/9/"
      },
      "version_group": {
        "name": "sun-moon",
        "url": "https://pokeapi.co/api/v2/version-group/17/"
      }
    },
    {
      "flavor_text": "\u76f8\u624b\u304c\u3000\u4f7f\u3063\u305f\u3000\u6280\u3092\n\u81ea\u5206\u306e\u3000\u3082\u306e\u306b\u3000\u3059\u308b\u3002\n\uff11\u56de\u3000\u4f7f\u3046\u3068\u3000\u30b9\u30b1\u30c3\u30c1\u306f\u3000\u6d88\u3048\u308b\u3002",
      "language": {
        "name": "ja",
        "url": "https://pokeapi.co/api/v2/language/11/"
      },
      "version_group": {
        "name": "sun-moon",
        "url": "https://pokeapi.co/api/v2/version-group/17/"
      }
    },
    {
      "flavor_text": "\u5c06\u5bf9\u624b\u4f7f\u7528\u7684\u62db\u5f0f\n\u53d8\u6210\u81ea\u5df1\u7684\u62db\u5f0f\u3002\n\u4f7f\u7528\uff11\u6b21\u540e\u5199\u751f\u6d88\u5931\u3002",
      "language": {
        "name": "zh-Hans",
        "url": "https://pokeapi.co/api/v2/language/12/"
      },
      "version_group": {
        "name": "sun-moon",
        "url": "https://pokeapi.co/api/v2/version-group/17/"
      }
    },
    {
      "flavor_text": "\u3042\u3044\u3066\u304c\u3000\u3064\u304b\u3063\u305f\u3000\u308f\u3056\u3092\n\u3058\u3076\u3093\u306e\u3000\u3082\u306e\u306b\u3000\u3059\u308b\u3002\n\uff11\u304b\u3044\u3000\u3064\u304b\u3046\u3068\u3000\u30b9\u30b1\u30c3\u30c1\u306f\u3000\u304d\u3048\u308b\u3002",
      "language": {
        "name": "ja-Hrkt",
        "url": "https://pokeapi.co/api/v2/language/1/"
      },
      "version_group": {
        "name": "ultra-sun-ultra-moon",
        "url": "https://pokeapi.co/api/v2/version-group/18/"
      }
    },
    {
      "flavor_text": "\uc0c1\ub300\uac00 \uc4f4 \uae30\uc220\uc744\n\uc790\uc2e0\uc758 \uac83\uc73c\ub85c \ub9cc\ub4e0\ub2e4.\n\ud55c \ubc88 \uc0ac\uc6a9\ud558\uba74 \uc2a4\ucf00\uce58\ub294 \uc0ac\ub77c\uc9c4\ub2e4.",
      "language": {
        "name": "ko",
        "url": "https://pokeapi.co/api/v2/language/3/"
      },
      "version_group": {
        "name": "ultra-sun-ultra-moon",
        "url": "https://pokeapi.co/api/v2/version-group/18/"
      }
    },
    {
      "flavor_text": "\u5c07\u5c0d\u624b\u4f7f\u7528\u7684\u62db\u5f0f\u8b8a\u6210\u81ea\u5df1\u7684\u3002\n\u5beb\u751f\u5728\u4f7f\u7528\uff11\u6b21\u4e4b\u5f8c\u5c31\u6703\u6d88\u5931\u3002",
      "language": {
        "name": "zh-Hant",
        "url": "https://pokeapi.co/api/v2/language/4/"
      },
      "version_group": {
        "name": "ultra-sun-ultra-moon",
        "url": "https://pokeapi.co/api/v2/version-group/18/"
      }
    },
    {
      "flavor_text": "Le lanceur apprend la derni\u00e8re capacit\u00e9 utilis\u00e9e\npar la cible. Gribouille dispara\u00eet apr\u00e8s utilisation.",
      "language": {
        "name": "fr",
        "url": "https://pokeapi.co/api/v2/language/5/"
      },
      "version_group": {
        "name": "ultra-sun-ultra-moon",
        "url": "https://pokeapi.co/api/v2/version-group/18/"
      }
    },
    {
      "flavor_text": "Anwender erlernt die letzte Attacke des Zieles\ndauerhaft. Nachahmer verschwindet nach Gebrauch.",
      "language": {
        "name": "de",
        "url": "https://pokeapi.co/api/v2/language/6/"
      },
      "version_group": {
        "name": "ultra-sun-ultra-moon",
        "url": "https://pokeapi.co/api/v2/version-group/18/"
      }
    },
    {
      "flavor_text": "Aprende de forma permanente el \u00faltimo movimiento \nutilizado por el objetivo. Es de un solo uso.",
      "language": {
        "name": "es",
        "url": "https://pokeapi.co/api/v2/language/7/"
      },
      "version_group": {
        "name": "ultra-sun-ultra-moon",
        "url": "https://pokeapi.co/api/v2/version-group/18/"
      }
    },
    {
      "flavor_text": "Permette a chi la usa di imparare l\u2019ultima mossa\nusata dal bersaglio. La nuova mossa appresa\nsostituisce Schizzo.",
      "language": {
        "name": "it",
        "url": "https://pokeapi.co/api/v2/language/8/"
      },
      "version_group": {
        "name": "ultra-sun-ultra-moon",
        "url": "https://pokeapi.co/api/v2/version-group/18/"
      }
    },
    {
      "flavor_text": "It enables the user to permanently learn the move\nlast used by the target. Once used,\nSketch disappears.",
      "language": {
        "name": "en",
        "url": "https://pokeapi.co/api/v2/language/9/"
      },
      "version_group": {
        "name": "ultra-sun-ultra-moon",
        "url": "https://pokeapi.co/api/v2/version-group/18/"
      }
    },
    {
      "flavor_text": "\u76f8\u624b\u304c\u3000\u4f7f\u3063\u305f\u3000\u6280\u3092\n\u81ea\u5206\u306e\u3000\u3082\u306e\u306b\u3000\u3059\u308b\u3002\n\uff11\u56de\u3000\u4f7f\u3046\u3068\u3000\u30b9\u30b1\u30c3\u30c1\u306f\u3000\u6d88\u3048\u308b\u3002",
      "language": {
        "name": "ja",
        "url": "https://pokeapi.co/api/v2/language/11/"
      },
      "version_group": {
        "name": "ultra-sun-ultra-moon",
        "url": "https://pokeapi.co/api/v2/version-group/18/"
      }
    },
    {
      "flavor_text": "\u5c06\u5bf9\u624b\u4f7f\u7528\u7684\u62db\u5f0f\n\u53d8\u6210\u81ea\u5df1\u7684\u62db\u5f0f\u3002\n\u4f7f\u7528\uff11\u6b21\u540e\u5199\u751f\u6d88\u5931\u3002",
      "language": {
        "name": "zh-Hans",
        "url": "https://pokeapi.co/api/v2/language/12/"
      },
      "version_group": {
        "name": "ultra-sun-ultra-moon",
        "url": "https://pokeapi.co/api/v2/version-group/18/"
      }
    },
    {
      "flavor_text": "\u3042\u3044\u3066\u304c\u3000\u3064\u304b\u3063\u305f\u3000\u308f\u3056\u3092\n\u3058\u3076\u3093\u306e\u3000\u3082\u306e\u306b\u3000\u3059\u308b\u3002\n\uff11\u304b\u3044\u3000\u3064\u304b\u3046\u3068\u3000\u30b9\u30b1\u30c3\u30c1\u306f\u3000\u304d\u3048\u308b\u3002",
      "language": {
        "name": "ja-Hrkt",
        "url": "https://pokeapi.co/api/v2/language/1/"
      },
      "version_group": {
        "name": "lets-go-pikachu-lets-go-eevee",
        "url": "https://pokeapi.co/api/v2/version-group/19/"
      }
    },
    {
      "flavor_text": "\uc0c1\ub300\uac00 \uc4f4 \uae30\uc220\uc744\n\uc790\uc2e0\uc758 \uac83\uc73c\ub85c \ub9cc\ub4e0\ub2e4.\n\ud55c \ubc88 \uc0ac\uc6a9\ud558\uba74 \uc2a4\ucf00\uce58\ub294 \uc0ac\ub77c\uc9c4\ub2e4.",
      "language": {
        "name": "ko",
        "url": "https://pokeapi.co/api/v2/language/3/"
      },
      "version_group": {
        "name": "lets-go-pikachu-lets-go-eevee",
        "url": "https://pokeapi.co/api/v2/version-group/19/"
      }
    },
    {
      "flavor_text": "\u5c07\u5c0d\u624b\u4f7f\u7528\u7684\u62db\u5f0f\u8b8a\u6210\u81ea\u5df1\u7684\u3002\n\u5beb\u751f\u5728\u4f7f\u7528\uff11\u6b21\u4e4b\u5f8c\u5c31\u6703\u6d88\u5931\u3002",
      "language": {
        "name": "zh-Hant",
        "url": "https://pokeapi.co/api/v2/language/4/"
      },
      "version_group": {
        "name": "lets-go-pikachu-lets-go-eevee",
        "url": "https://pokeapi.co/api/v2/version-group/19/"
      }
    },
    {
      "flavor_text": "Le lanceur apprend la derni\u00e8re capacit\u00e9 utilis\u00e9e\npar la cible. Gribouille dispara\u00eet apr\u00e8s utilisation.",
      "language": {
        "name": "fr",
        "url": "https://pokeapi.co/api/v2/language/5/"
      },
      "version_group": {
        "name": "lets-go-pikachu-lets-go-eevee",
        "url": "https://pokeapi.co/api/v2/version-group/19/"
      }
    },
    {
      "flavor_text": "Anwender erlernt die letzte Attacke des Zieles\ndauerhaft. Nachahmer verschwindet nach Gebrauch.",
      "language": {
        "name": "de",
        "url": "https://pokeapi.co/api/v2/language/6/"
      },
      "version_group": {
        "name": "lets-go-pikachu-lets-go-eevee",
        "url": "https://pokeapi.co/api/v2/version-group/19/"
      }
    },
    {
      "flavor_text": "Aprende de forma permanente el \u00faltimo movimiento \nutilizado por el objetivo. Es de un solo uso.",
      "language": {
        "name": "es",
        "url": "https://pokeapi.co/api/v2/language/7/"
      },
      "version_group": {
        "name": "lets-go-pikachu-lets-go-eevee",
        "url": "https://pokeapi.co/api/v2/version-group/19/"
      }
    },
    {
      "flavor_text": "Permette a chi la usa di imparare l\u2019ultima mossa\nusata dal bersaglio. La nuova mossa appresa\nsostituisce Schizzo.",
      "language": {
        "name": "it",
        "url": "https://pokeapi.co/api/v2/language/8/"
      },
      "version_group": {
        "name": "lets-go-pikachu-lets-go-eevee",
        "url": "https://pokeapi.co/api/v2/version-group/19/"
      }
    },
    {
      "flavor_text": "It enables the user to permanently learn the move\nlast used by the target. Once used,\nSketch disappears.",
      "language": {
        "name": "en",
        "url": "https://pokeapi.co/api/v2/language/9/"
      },
      "version_group": {
        "name": "lets-go-pikachu-lets-go-eevee",
        "url": "https://pokeapi.co/api/v2/version-group/19/"
      }
    },
    {
      "flavor_text": "\u76f8\u624b\u304c\u3000\u4f7f\u3063\u305f\u3000\u6280\u3092\n\u81ea\u5206\u306e\u3000\u3082\u306e\u306b\u3000\u3059\u308b\u3002\n\uff11\u56de\u3000\u4f7f\u3046\u3068\u3000\u30b9\u30b1\u30c3\u30c1\u306f\u3000\u6d88\u3048\u308b\u3002",
      "language": {
        "name": "ja",
        "url": "https://pokeapi.co/api/v2/language/11/"
      },
      "version_group": {
        "name": "lets-go-pikachu-lets-go-eevee",
        "url": "https://pokeapi.co/api/v2/version-group/19/"
      }
    },
    {
      "flavor_text": "\u5c06\u5bf9\u624b\u4f7f\u7528\u7684\u62db\u5f0f\n\u53d8\u6210\u81ea\u5df1\u7684\u62db\u5f0f\u3002\n\u4f7f\u7528\uff11\u6b21\u540e\u5199\u751f\u6d88\u5931\u3002",
      "language": {
        "name": "zh-Hans",
        "url": "https://pokeapi.co/api/v2/language/12/"
      },
      "version_group": {
        "name": "lets-go-pikachu-lets-go-eevee",
        "url": "https://pokeapi.co/api/v2/version-group/19/"
      }
    },
    {
      "flavor_text": "\u3042\u3044\u3066\u304c\u3000\u3064\u304b\u3063\u305f\u3000\u308f\u3056\u3092\n\u3058\u3076\u3093\u306e\u3000\u3082\u306e\u306b\u3000\u3059\u308b\u3002\n\uff11\u304b\u3044\u3000\u3064\u304b\u3046\u3068\u3000\u30b9\u30b1\u30c3\u30c1\u306f\u3000\u304d\u3048\u308b\u3002",
      "language": {
        "name": "ja-Hrkt",
        "url": "https://pokeapi.co/api/v2/language/1/"
      },
      "version_group": {
        "name": "sword-shield",
        "url": "https://pokeapi.co/api/v2/version-group/20/"
      }
    },
    {
      "flavor_text": "\uc0c1\ub300\uac00 \uc4f4 \uae30\uc220\uc744\n\uc790\uc2e0\uc758 \uac83\uc73c\ub85c \ub9cc\ub4e0\ub2e4.\n\ud55c \ubc88 \uc0ac\uc6a9\ud558\uba74 \uc2a4\ucf00\uce58\ub294 \uc0ac\ub77c\uc9c4\ub2e4.",
      "language": {
        "name": "ko",
        "url": "https://pokeapi.co/api/v2/language/3/"
      },
      "version_group": {
        "name": "sword-shield",
        "url": "https://pokeapi.co/api/v2/version-group/20/"
      }
    },
    {
      "flavor_text": "\u5c07\u5c0d\u624b\u4f7f\u7528\u7684\u62db\u5f0f\u8b8a\u6210\u81ea\u5df1\u7684\u3002\n\u5beb\u751f\u5728\u4f7f\u7528\uff11\u6b21\u4e4b\u5f8c\u5c31\u6703\u6d88\u5931\u3002",
      "language": {
        "name": "zh-Hant",
        "url": "https://pokeapi.co/api/v2/language/4/"
      },
      "version_group": {
        "name": "sword-shield",
        "url": "https://pokeapi.co/api/v2/version-group/20/"
      }
    },
    {
      "flavor_text": "Le lanceur apprend la derni\u00e8re capacit\u00e9 utilis\u00e9e\npar la cible. Gribouille dispara\u00eet apr\u00e8s utilisation.",
      "language": {
        "name": "fr",
        "url": "https://pokeapi.co/api/v2/language/5/"
      },
      "version_group": {
        "name": "sword-shield",
        "url": "https://pokeapi.co/api/v2/version-group/20/"
      }
    },
    {
      "flavor_text": "Anwender erlernt die letzte Attacke des Zieles\ndauerhaft. Nachahmer verschwindet nach Gebrauch.",
      "language": {
        "name": "de",
        "url": "https://pokeapi.co/api/v2/language/6/"
      },
      "version_group": {
        "name": "sword-shield",
        "url": "https://pokeapi.co/api/v2/version-group/20/"
      }
    },
    {
      "flavor_text": "Aprende de forma permanente el \u00faltimo movimiento \nutilizado por el objetivo. Es de un solo uso.",
      "language": {
        "name": "es",
        "url": "https://pokeapi.co/api/v2/language/7/"
      },
      "version_group": {
        "name": "sword-shield",
        "url": "https://pokeapi.co/api/v2/version-group/20/"
      }
    },
    {
      "flavor_text": "Permette a chi la usa di imparare l\u2019ultima mossa\nusata dal bersaglio. La nuova mossa appresa\nsostituisce Schizzo.",
      "language": {
        "name": "it",
        "url": "https://pokeapi.co/api/v2/language/8/"
      },
      "version_group": {
        "name": "sword-shield",
        "url": "https://pokeapi.co/api/v2/version-group/20/"
      }
    },
    {
      "flavor_text": "It enables the user to permanently learn the move\nlast used by the target. Once used,\nSketch disappears.",
      "language": {
        "name": "en",
        "url": "https://pokeapi.co/api/v2/language/9/"
      },
      "version_group": {
        "name": "sword-shield",
        "url": "https://pokeapi.co/api/v2/version-group/20/"
      }
    },
    {
      "flavor_text": "\u76f8\u624b\u304c\u3000\u4f7f\u3063\u305f\u3000\u6280\u3092\n\u81ea\u5206\u306e\u3000\u3082\u306e\u306b\u3000\u3059\u308b\u3002\n\uff11\u56de\u3000\u4f7f\u3046\u3068\u3000\u30b9\u30b1\u30c3\u30c1\u306f\u3000\u6d88\u3048\u308b\u3002",
      "language": {
        "name": "ja",
        "url": "https://pokeapi.co/api/v2/language/11/"
      },
      "version_group": {
        "name": "sword-shield",
        "url": "https://pokeapi.co/api/v2/version-group/20/"
      }
    },
    {
      "flavor_text": "\u5c06\u5bf9\u624b\u4f7f\u7528\u7684\u62db\u5f0f\n\u53d8\u6210\u81ea\u5df1\u7684\u62db\u5f0f\u3002\n\u4f7f\u7528\uff11\u6b21\u540e\u5199\u751f\u6d88\u5931\u3002",
      "language": {
        "name": "zh-Hans",
        "url": "https://pokeapi.co/api/v2/language/12/"
      },
      "version_group": {
        "name": "sword-shield",
        "url": "https://pokeapi.co/api/v2/version-group/20/"
      }
    },
    {
      "flavor_text": "It enables the user to permanently learn the move last used by the target. Once used, Sketch disappears.",
      "language": {
        "name": "en",
        "url": "https://pokeapi.co/api/v2/language/9/"
      },
      "version_group": {
        "name": "legends-arceus",
        "url": "https://pokeapi.co/api/v2/version-group/24/"
      }
    },
    {
      "flavor_text": "This move enables the user to permanently learn the move last used by the target. Once used, Sketch disappears.",
      "language": {
        "name": "en",
        "url": "https://pokeapi.co/api/v2/language/9/"
      },
      "version_group": {
        "name": "scarlet-violet",
        "url": "https://pokeapi.co/api/v2/version-group/25/"
      }
    }
  ],
  "generation": {
    "name": "generation-ii",
    "url": "https://pokeapi.co/api/v2/generation/2/"
  },
  "id": 166,
  "learned_by_pokemon": [
    {
      "name": "smeargle",
      "url": "https://pokeapi.co/api/v2/pokemon/235/"
    }
  ],
  "machines": [],
  "meta": {
    "ailment": {
      "name": "none",
      "url": "https://pokeapi.co/api/v2/move-ailment/0/"
    },
    "ailment_chance": 0,
    "category": {
      "name": "unique",
      "url": "https://pokeapi.co/api/v2/move-category/13/"
    },
    "crit_rate": 0,
    "drain": 0,
    "flinch_chance": 0,
    "healing": 0,
    "max_hits": null,
    "max_turns": null,
    "min_hits": null,
    "min_turns": null,
    "stat_chance": 0
  },
  "name": "sketch",
  "names": [
    {
      "language": {
        "name": "ja-Hrkt",
        "url": "https://pokeapi.co/api/v2/language/1/"
      },
      "name": "\u30b9\u30b1\u30c3\u30c1"
    },
    {
      "language": {
        "name": "ko",
        "url": "https://pokeapi.co/api/v2/language/3/"
      },
      "name": "\uc2a4\ucf00\uce58"
    },
    {
      "language": {
        "name": "zh-Hant",
        "url": "https://pokeapi.co/api/v2/language/4/"
      },
      "name": "\u5beb\u751f"
    },
    {
      "language": {
        "name": "fr",
        "url": "https://pokeapi.co/api/v2/language/5/"
      },
      "name": "Gribouille"
    },
    {
      "language": {
        "name": "de",
        "url": "https://pokeapi.co/api/v2/language/6/"
      },
      "name": "Nachahmer"
    },
    {
      "language": {
        "name": "es",
        "url": "https://pokeapi.co/api/v2/language/7/"
      },
      "name": "Esquema"
    },
    {
      "language": {
        "name": "it",
        "url": "https://pokeapi.co/api/v2/language/8/"
      },
      "name": "Schizzo"
    },
    {
      "language": {
        "name": "en",
        "url": "https://pokeapi.co/api/v2/language/9/"
      },
      "name": "Sketch"
    },
    {
      "language": {
        "name": "ja",
        "url": "https://pokeapi.co/api/v2/language/11/"
      },
      "name": "\u30b9\u30b1\u30c3\u30c1"
    },
    {
      "language": {
        "name": "zh-Hans",
        "url": "https://pokeapi.co/api/v2/language/12/"
      },
      "name": "\u5199\u751f"
    }
  ],
  "past_values": [],
  "power": null,
  "pp": 1,
  "priority": 0,
  "stat_changes": [],
  "super_contest_effect": {
    "url": "https://pokeapi.co/api/v2/super-contest-effect/23/"
  },
  "target": {
    "name": "selected-pokemon",
    "url": "https://pokeapi.co/api/v2/move-target/10/"
  },
  "type": {
    "name": "normal",
    "url": "https://pokeapi.co/api/v2/type/1/"
  }
}