{
  "accuracy": null,
  "contest_combos": null,
  "contest_effect": null,
  "contest_type": null,
  "damage_class": {
    "name": "status",
    "url": "https://pokeapi.co/api/v2/move-damage-class/1/"
  },
  "effect_chance": null,
  "effect_changes": [],
  "effect_entries": [
    {
      "effect": "Moves with priority greater than 0 will not hit friendly Pok\u00e9mon for the remainder of this turn.  If the user is last to act this turn, this move will fail.\n\nThis move cannot be selected by assist or metronome.",
      "language": {
        "name": "en",
        "url": "https://pokeapi.co/api/v2/language/9/"
      },
      "short_effect": "Prevents any priority moves from hitting friendly Pok\u00e9mon this turn."
    }
  ],
  "flavor_text_entries": [
    {
      "flavor_text": "Sch\u00fctzt Anwender und Mitstreiter vor\nErstschlag-Attacken.",
      "language": {
        "name": "de",
        "url": "https://pokeapi.co/api/v2/language/6/"
      },
      "version_group": {
        "name": "sword-shield",
        "url": "https://pokeapi.co/api/v2/version-group/20/"
      }
    },
    {
      "flavor_text": "Le lanceur et son \u00e9quipe sont prot\u00e9g\u00e9s\ncontre les attaques prioritaires. Peut\n\u00e9chouer si utilis\u00e9e plusieurs fois de suite.",
      "language": {
        "name": "fr",
        "url": "https://pokeapi.co/api/v2/language/5/"
      },
      "version_group": {
        "name": "black-white",
        "url": "https://pokeapi.co/api/v2/version-group/11/"
      }
    },
    {
      "flavor_text": "The user protects itself and its allies\nfrom priority moves. If used in\nsuccession, its chance of failing rises.",
      "language": {
        "name": "en",
        "url": "https://pokeapi.co/api/v2/language/9/"
      },
      "version_group": {
        "name": "black-white",
        "url": "https://pokeapi.co/api/v2/version-group/11/"
      }
    },
    {
      "flavor_text": "The user protects itself and its allies\nfrom priority moves. If used in\nsuccession, its chance of failing rises.",
      "language": {
        "name": "en",
        "url": "https://pokeapi.co/api/v2/language/9/"
      },
      "version_group": {
        "name": "black-2-white-2",
        "url": "https://pokeapi.co/api/v2/version-group/14/"
      }
    },
    {
      "flavor_text": "\u3058\u3076\u3093\u3068\u3000\u307f\u304b\u305f\u3092\u3000\u3042\u3044\u3066\u306e\n\u305b\u3093\u305b\u3044\u3000\u3053\u3046\u3052\u304d\u304b\u3089\u3000\u307e\u3082\u308b\u3002\n",
      "language": {
        "name": "ja-Hrkt",
        "url": "https://pokeapi.co/api/v2/language/1/"
      },
      "version_group": {
        "name": "x-y",
        "url": "https://pokeapi.co/api/v2/version-group/15/"
      }
    },
    {
      "flavor_text": "\uc790\uc2e0\uacfc \uac19\uc740 \ud3b8\uc744 \uc0c1\ub300\uc758\n\uc120\uc81c\uacf5\uaca9\uc73c\ub85c\ubd80\ud130 \uc9c0\ud0a8\ub2e4.\n",
      "language": {
        "name": "ko",
        "url": "https://pokeapi.co/api/v2/language/3/"
      },
      "version_group": {
        "name": "x-y",
        "url": "https://pokeapi.co/api/v2/version-group/15/"
      }
    },
    {
      "flavor_text": "Le lanceur et son \u00e9quipe sont prot\u00e9g\u00e9s contre\nles attaques prioritaires.",
      "language": {
        "name": "fr",
        "url": "https://pokeapi.co/api/v2/language/5/"
      },
      "version_group": {
        "name": "x-y",
        "url": "https://pokeapi.co/api/v2/version-group/15/"
      }
    },
    {
      "flavor_text": "Sch\u00fctzt Anwender und Mitstreiter vor gegnerischen\nErstschlag-Attacken.",
      "language": {
        "name": "de",
        "url": "https://pokeapi.co/api/v2/language/6/"
      },
      "version_group": {
        "name": "x-y",
        "url": "https://pokeapi.co/api/v2/version-group/15/"
      }
    },
    {
      "flavor_text": "Protege a todo el equipo de los movimientos que\nse adelantan y atacan primero.",
      "language": {
        "name": "es",
        "url": "https://pokeapi.co/api/v2/language/7/"
      },
      "version_group": {
        "name": "x-y",
        "url": "https://pokeapi.co/api/v2/version-group/15/"
      }
    },
    {
      "flavor_text": "Chi la usa protegge s\u00e9 e gli alleati dalle mosse\ndei nemici che fanno colpire per primi.",
      "language": {
        "name": "it",
        "url": "https://pokeapi.co/api/v2/language/8/"
      },
      "version_group": {
        "name": "x-y",
        "url": "https://pokeapi.co/api/v2/version-group/15/"
      }
    },
    {
      "flavor_text": "The user protects itself and its allies\nfrom priority moves.",
      "language": {
        "name": "en",
        "url": "https://pokeapi.co/api/v2/language/9/"
      },
      "version_group": {
        "name": "x-y",
        "url": "https://pokeapi.co/api/v2/version-group/15/"
      }
    },
    {
      "flavor_text": "\u81ea\u5206\u3068\u3000\u5473\u65b9\u3092\u3000\u76f8\u624b\u306e\n\u5148\u5236\u653b\u6483\u304b\u3089\u3000\u5b88\u308b\u3002\n",
      "language": {
        "name": "ja",
        "url": "https://pokeapi.co/api/v2/language/11/"
      },
      "version_group": {
        "name": "x-y",
        "url": "https://pokeapi.co/api/v2/version-group/15/"
      }
    },
    {
      "flavor_text": "\u3058\u3076\u3093\u3068\u3000\u202f\u304b\u305f\u3092\u3000\u3042\u3044\u3066\u306e\n\u305b\u3093\u305b\u3044\u3000\u3053\u3046\u3052\u304d\u304b\u3089\u3000\u307e\u3082\u308b\u3002\n",
      "language": {
        "name": "ja-Hrkt",
        "url": "https://pokeapi.co/api/v2/language/1/"
      },
      "version_group": {
        "name": "omega-ruby-alpha-sapphire",
        "url": "https://pokeapi.co/api/v2/version-group/16/"
      }
    },
    {
      "flavor_text": "\uc790\uc2e0\uacfc \uac19\uc740 \ud3b8\uc744 \uc0c1\ub300\uc758\n\uc120\uc81c\uacf5\uaca9\uc73c\ub85c\ubd80\ud130 \uc9c0\ud0a8\ub2e4.\n",
      "language": {
        "name": "ko",
        "url": "https://pokeapi.co/api/v2/language/3/"
      },
      "version_group": {
        "name": "omega-ruby-alpha-sapphire",
        "url": "https://pokeapi.co/api/v2/version-group/16/"
      }
    },
    {
      "flavor_text": "Le lanceur et son \u00e9quipe sont prot\u00e9g\u00e9s contre\nles attaques prioritaires.",
      "language": {
        "name": "fr",
        "url": "https://pokeapi.co/api/v2/language/5/"
      },
      "version_group": {
        "name": "omega-ruby-alpha-sapphire",
        "url": "https://pokeapi.co/api/v2/version-group/16/"
      }
    },
    {
      "flavor_text": "Sch\u00fctzt Anwender und Mitstreiter vor gegnerischen\nErstschlag-Attacken.",
      "language": {
        "name": "de",
        "url": "https://pokeapi.co/api/v2/language/6/"
      },
      "version_group": {
        "name": "omega-ruby-alpha-sapphire",
        "url": "https://pokeapi.co/api/v2/version-group/16/"
      }
    },
    {
      "flavor_text": "Protege a todo el equipo de los movimientos que \nse adelantan y atacan primero.",
      "language": {
        "name": "es",
        "url": "https://pokeapi.co/api/v2/language/7/"
      },
      "version_group": {
        "name": "omega-ruby-alpha-sapphire",
        "url": "https://pokeapi.co/api/v2/version-group/16/"
      }
    },
    {
      "flavor_text": "Chi la usa protegge s\u00e9 e gli alleati dalle mosse\ndei nemici che fanno colpire per primi.",
      "language": {
        "name": "it",
        "url": "https://pokeapi.co/api/v2/language/8/"
      },
      "version_group": {
        "name": "omega-ruby-alpha-sapphire",
        "url": "https://pokeapi.co/api/v2/version-group/16/"
      }
    },
    {
      "flavor_text": "The user protects itself and its allies\nfrom priority moves.",
      "language": {
        "name": "en",
        "url": "https://pokeapi.co/api/v2/language/9/"
      },
      "version_group": {
        "name": "omega-ruby-alpha-sapphire",
        "url": "https://pokeapi.co/api/v2/version-group/16/"
      }
    },
    {
      "flavor_text": "\u81ea\u5206\u3068\u3000\u5473\u65b9\u3092\u3000\u76f8\u624b\u306e\n\u5148\u5236\u653b\u6483\u304b\u3089\u3000\u5b88\u308b\u3002\n",
      "language": {
        "name": "ja",
        "url": "https://pokeapi.co/api/v2/language/11/"
      },
      "version_group": {
        "name": "omega-ruby-alpha-sapphire",
        "url": "https://pokeapi.co/api/v2/version-group/16/"
      }
    },
    {
      "flavor_text": "\u3058\u3076\u3093\u3068\u3000\u307f\u304b\u305f\u3092\u3000\u3042\u3044\u3066\u306e\n\u305b\u3093\u305b\u3044\u3000\u3053\u3046\u3052\u304d\u304b\u3089\u3000\u307e\u3082\u308b\u3002",
      "language": {
        "name": "ja-Hrkt",
        "url": "https://pokeapi.co/api/v2/language/1/"
      },
      "version_group": {
        "name": "sun-moon",
        "url": "https://pokeapi.co/api/v2/version-group/17/"
      }
    },
    {
      "flavor_text": "\uc790\uc2e0\uacfc \uac19\uc740 \ud3b8\uc744 \uc0c1\ub300\uc758\n\uc120\uc81c\uacf5\uaca9\uc73c\ub85c\ubd80\ud130 \uc9c0\ud0a8\ub2e4.",
      "language": {
        "name": "ko",
        "url": "https://pokeapi.co/api/v2/language/3/"
      },
      "version_group": {
        "name": "sun-moon",
        "url": "https://pokeapi.co/api/v2/version-group/17/"
      }
    },
    {
      "flavor_text": "\u4fdd\u8b77\u81ea\u5df1\u548c\u540c\u4f34\uff0c\n\u9632\u79a6\u4f86\u81ea\u5c0d\u624b\u7684\u5148\u5236\u653b\u64ca\u3002",
      "language": {
        "name": "zh-Hant",
        "url": "https://pokeapi.co/api/v2/language/4/"
      },
      "version_group": {
        "name": "sun-moon",
        "url": "https://pokeapi.co/api/v2/version-group/17/"
      }
    },
    {
      "flavor_text": "Le lanceur et son \u00e9quipe sont prot\u00e9g\u00e9s contre\nles attaques prioritaires.",
      "language": {
        "name": "fr",
        "url": "https://pokeapi.co/api/v2/language/5/"
      },
      "version_group": {
        "name": "sun-moon",
        "url": "https://pokeapi.co/api/v2/version-group/17/"
      }
    },
    {
      "flavor_text": "Sch\u00fctzt Anwender und Mitstreiter vor\nErstschlag-Attacken.",
      "language": {
        "name": "de",
        "url": "https://pokeapi.co/api/v2/language/6/"
      },
      "version_group": {
        "name": "sun-moon",
        "url": "https://pokeapi.co/api/v2/version-group/17/"
      }
    },
    {
      "flavor_text": "Protege a todo el equipo de los movimientos que \nse adelantan y atacan primero.",
      "language": {
        "name": "es",
        "url": "https://pokeapi.co/api/v2/language/7/"
      },
      "version_group": {
        "name": "sun-moon",
        "url": "https://pokeapi.co/api/v2/version-group/17/"
      }
    },
    {
      "flavor_text": "Chi la usa protegge s\u00e9 e gli alleati dalle mosse\nad alta priorit\u00e0.",
      "language": {
        "name": "it",
        "url": "https://pokeapi.co/api/v2/language/8/"
      },
      "version_group": {
        "name": "sun-moon",
        "url": "https://pokeapi.co/api/v2/version-group/17/"
      }
    },
    {
      "flavor_text": "The user protects itself and its allies from\npriority moves.",
      "language": {
        "name": "en",
        "url": "https://pokeapi.co/api/v2/language/9/"
      },
      "version_group": {
        "name": "sun-moon",
        "url": "https://pokeapi.co/api/v2/version-group/17/"
      }
    },
    {
      "flavor_text": "\u81ea\u5206\u3068\u3000\u5473\u65b9\u3092\u3000\u76f8\u624b\u306e\n\u5148\u5236\u653b\u6483\u304b\u3089\u3000\u5b88\u308b\u3002",
      "language": {
        "name": "ja",
        "url": "https://pokeapi.co/api/v2/language/11/"
      },
      "version_group": {
        "name": "sun-moon",
        "url": "https://pokeapi.co/api/v2/version-group/17/"
      }
    },
    {
      "flavor_text": "\u5b88\u62a4\u81ea\u5df1\u548c\u540c\u4f34\uff0c\n\u4ee5\u9632\u5bf9\u624b\u7684\u5148\u5236\u653b\u51fb\u3002",
      "language": {
        "name": "zh-Hans",
        "url": "https://pokeapi.co/api/v2/language/12/"
      },
      "version_group": {
        "name": "sun-moon",
        "url": "https://pokeapi.co/api/v2/version-group/17/"
      }
    },
    {
      "flavor_text": "\u3058\u3076\u3093\u3068\u3000\u307f\u304b\u305f\u3092\u3000\u3042\u3044\u3066\u306e\n\u305b\u3093\u305b\u3044\u3000\u3053\u3046\u3052\u304d\u304b\u3089\u3000\u307e\u3082\u308b\u3002",
      "language": {
        "name": "ja-Hrkt",
        "url": "https://pokeapi.co/api/v2/language/1/"
      },
      "version_group": {
        "name": "ultra-sun-ultra-moon",
        "url": "https://pokeapi.co/api/v2/version-group/18/"
      }
    },
    {
      "flavor_text": "\uc790\uc2e0\uacfc \uac19\uc740 \ud3b8\uc744 \uc0c1\ub300\uc758\n\uc120\uc81c\uacf5\uaca9\uc73c\ub85c\ubd80\ud130 \uc9c0\ud0a8\ub2e4.",
      "language": {
        "name": "ko",
        "url": "https://pokeapi.co/api/v2/language/3/"
      },
      "version_group": {
        "name": "ultra-sun-ultra-moon",
        "url": "https://pokeapi.co/api/v2/version-group/18/"
      }
    },
    {
      "flavor_text": "\u4fdd\u8b77\u81ea\u5df1\u548c\u540c\u4f34\uff0c\n\u9632\u79a6\u4f86\u81ea\u5c0d\u624b\u7684\u5148\u5236\u653b\u64ca\u3002",
      "language": {
        "name": "zh-Hant",
        "url": "https://pokeapi.co/api/v2/language/4/"
      },
      "version_group": {
        "name": "ultra-sun-ultra-moon",
        "url": "https://pokeapi.co/api/v2/version-group/18/"
      }
    },
    {
      "flavor_text": "Le lanceur et son \u00e9quipe sont prot\u00e9g\u00e9s contre\nles attaques prioritaires.",
      "language": {
        "name": "fr",
        "url": "https://pokeapi.co/api/v2/language/5/"
      },
      "version_group": {
        "name": "ultra-sun-ultra-moon",
        "url": "https://pokeapi.co/api/v2/version-group/18/"
      }
    },
    {
      "flavor_text": "Sch\u00fctzt Anwender und Mitstreiter vor\nErstschlag-Attacken.",
      "language": {
        "name": "de",
        "url": "https://pokeapi.co/api/v2/language/6/"
      },
      "version_group": {
        "name": "ultra-sun-ultra-moon",
        "url": "https://pokeapi.co/api/v2/version-group/18/"
      }
    },
    {
      "flavor_text": "Protege a todo el equipo de los movimientos que \nse adelantan y atacan primero.",
      "language": {
        "name": "es",
        "url": "https://pokeapi.co/api/v2/language/7/"
      },
      "version_group": {
        "name": "ultra-sun-ultra-moon",
        "url": "https://pokeapi.co/api/v2/version-group/18/"
      }
    },
    {
      "flavor_text": "Chi la usa protegge s\u00e9 e gli alleati dalle mosse\nad alta priorit\u00e0.",
      "language": {
        "name": "it",
        "url": "https://pokeapi.co/api/v2/language/8/"
      },
      "version_group": {
        "name": "ultra-sun-ultra-moon",
        "url": "https://pokeapi.co/api/v2/version-group/18/"
      }
    },
    {
      "flavor_text": "The user protects itself and its allies from\npriority moves.",
      "language": {
        "name": "en",
        "url": "https://pokeapi.co/api/v2/language/9/"
      },
      "version_group": {
        "name": "ultra-sun-ultra-moon",
        "url": "https://pokeapi.co/api/v2/version-group/18/"
      }
    },
    {
      "flavor_text": "\u81ea\u5206\u3068\u3000\u5473\u65b9\u3092\u3000\u76f8\u624b\u306e\n\u5148\u5236\u653b\u6483\u304b\u3089\u3000\u5b88\u308b\u3002",
      "language": {
        "name": "ja",
        "url": "https://pokeapi.co/api/v2/language/11/"
      },
      "version_group": {
        "name": "ultra-sun-ultra-moon",
        "url": "https://pokeapi.co/api/v2/version-group/18/"
      }
    },
    {
      "flavor_text": "\u5b88\u62a4\u81ea\u5df1\u548c\u540c\u4f34\uff0c\n\u4ee5\u9632\u5bf9\u624b\u7684\u5148\u5236\u653b\u51fb\u3002",
      "language": {
        "name": "zh-Hans",
        "url": "https://pokeapi.co/api/v2/language/12/"
      },
      "version_group": {
        "name": "ultra-sun-ultra-moon",
        "url": "https://pokeapi.co/api/v2/version-group/18/"
      }
    },
    {
      "flavor_text": "\u3058\u3076\u3093\u3068\u3000\u307f\u304b\u305f\u3092\u3000\u3042\u3044\u3066\u306e\n\u305b\u3093\u305b\u3044\u3000\u3053\u3046\u3052\u304d\u304b\u3089\u3000\u307e\u3082\u308b\u3002",
      "language": {
        "name": "ja-Hrkt",
        "url": "https://pokeapi.co/api/v2/language/1/"
      },
      "version_group": {
        "name": "lets-go-pikachu-lets-go-eevee",
        "url": "https://pokeapi.co/api/v2/version-group/19/"
      }
    },
    {
      "flavor_text": "\uc790\uc2e0\uacfc \uac19\uc740 \ud3b8\uc744 \uc0c1\ub300\uc758\n\uc120\uc81c\uacf5\uaca9\uc73c\ub85c\ubd80\ud130 \uc9c0\ud0a8\ub2e4.",
      "language": {
        "name": "ko",
        "url": "https://pokeapi.co/api/v2/language/3/"
      },
      "version_group": {
        "name": "lets-go-pikachu-lets-go-eevee",
        "url": "https://pokeapi.co/api/v2/version-group/19/"
      }
    },
    {
      "flavor_text": "\u4fdd\u8b77\u81ea\u5df1\u548c\u540c\u4f34\uff0c\n\u9632\u79a6\u4f86\u81ea\u5c0d\u624b\u7684\u5148\u5236\u653b\u64ca\u3002",
      "language": {
        "name": "zh-Hant",
        "url": "https://pokeapi.co/api/v2/language/4/"
      },
      "version_group": {
        "name": "lets-go-pikachu-lets-go-eevee",
        "url": "https://pokeapi.co/api/v2/version-group/19/"
      }
    },
    {
      "flavor_text": "Le lanceur et son \u00e9quipe sont prot\u00e9g\u00e9s contre\nles attaques prioritaires.",
      "language": {
        "name": "fr",
        "url": "https://pokeapi.co/api/v2/language/5/"
      },
      "version_group": {
        "name": "lets-go-pikachu-lets-go-eevee",
        "url": "https://pokeapi.co/api/v2/version-group/19/"
      }
    },
    {
      "flavor_text": "Sch\u00fctzt Anwender und Mitstreiter vor\nErstschlag-Attacken.",
      "language": {
        "name": "de",
        "url": "https://pokeapi.co/api/v2/language/6/"
      },
      "version_group": {
        "name": "lets-go-pikachu-lets-go-eevee",
        "url": "https://pokeapi.co/api/v2/version-group/19/"
      }
    },
    {
      "flavor_text": "Protege a todo el equipo de los movimientos que \nse adelantan y atacan primero.",
      "language": {
        "name": "es",
        "url": "https://pokeapi.co/api/v2/language/7/"
      },
      "version_group": {
        "name": "lets-go-pikachu-lets-go-eevee",
        "url": "https://pokeapi.co/api/v2/version-group/19/"
      }
    },
    {
      "flavor_text": "Chi la usa protegge s\u00e9 e gli alleati dalle mosse\nad alta priorit\u00e0.",
      "language": {
        "name": "it",
        "url": "https://pokeapi.co/api/v2/language/8/"
      },
      "version_group": {
        "name": "lets-go-pikachu-lets-go-eevee",
        "url": "https://pokeapi.co/api/v2/version-group/19/"
      }
    },
    {
      "flavor_text": "The user protects itself and its allies from\npriority moves.",
      "language": {
        "name": "en",
        "url": "https://pokeapi.co/api/v2/language/9/"
      },
      "version_group": {
        "name": "lets-go-pikachu-lets-go-eevee",
        "url": "https://pokeapi.co/api/v2/version-group/19/"
      }
    },
    {
      "flavor_text": "\u81ea\u5206\u3068\u3000\u5473\u65b9\u3092\u3000\u76f8\u624b\u306e\n\u5148\u5236\u653b\u6483\u304b\u3089\u3000\u5b88\u308b\u3002",
      "language": {
        "name": "ja",
        "url": "https://pokeapi.co/api/v2/language/11/"
      },
      "version_group": {
        "name": "lets-go-pikachu-lets-go-eevee",
        "url": "https://pokeapi.co/api/v2/version-group/19/"
      }
    },
    {
      "flavor_text": "\u5b88\u62a4\u81ea\u5df1\u548c\u540c\u4f34\uff0c\n\u4ee5\u9632\u5bf9\u624b\u7684\u5148\u5236\u653b\u51fb\u3002",
      "language": {
        "name": "zh-Hans",
        "url": "https://pokeapi.co/api/v2/language/12/"
      },
      "version_group": {
        "name": "lets-go-pikachu-lets-go-eevee",
        "url": "https://pokeapi.co/api/v2/version-group/19/"
      }
    },
    {
      "flavor_text": "\u3058\u3076\u3093\u3068\u3000\u307f\u304b\u305f\u3092\u3000\u3042\u3044\u3066\u306e\n\u305b\u3093\u305b\u3044\u3000\u3053\u3046\u3052\u304d\u304b\u3089\u3000\u307e\u3082\u308b\u3002",
      "language": {
        "name": "ja-Hrkt",
        "url": "https://pokeapi.co/api/v2/language/1/"
      },
      "version_group": {
        "name": "sword-shield",
        "url": "https://pokeapi.co/api/v2/version-group/20/"
      }
    },
    {
      "flavor_text": "\uc790\uc2e0\uacfc \uac19\uc740 \ud3b8\uc744 \uc0c1\ub300\uc758\n\uc120\uc81c\uacf5\uaca9\uc73c\ub85c\ubd80\ud130 \uc9c0\ud0a8\ub2e4.",
      "language": {
        "name": "ko",
        "url": "https://pokeapi.co/api/v2/language/3/"
      },
      "version_group": {
        "name": "sword-shield",
        "url": "https://pokeapi.co/api/v2/version-group/20/"
      }
    },
    {
      "flavor_text": "\u4fdd\u8b77\u81ea\u5df1\u548c\u540c\u4f34\uff0c\n\u9632\u79a6\u4f86\u81ea\u5c0d\u624b\u7684\u5148\u5236\u653b\u64ca\u3002",
      "language": {
        "name": "zh-Hant",
        "url": "https://pokeapi.co/api/v2/language/4/"
      },
      "version_group": {
        "name": "sword-shield",
        "url": "https://pokeapi.co/api/v2/version-group/20/"
      }
    },
    {
      "flavor_text": "Le lanceur et son \u00e9quipe sont prot\u00e9g\u00e9s contre\nles attaques prioritaires.",
      "language": {
        "name": "fr",
        "url": "https://pokeapi.co/api/v2/language/5/"
      },
      "version_group": {
        "name": "sword-shield",
        "url": "https://pokeapi.co/api/v2/version-group/20/"
      }
    },
    {
      "flavor_text": "Se protege a s\u00ed mismo y a sus aliados de movimientos\ncon prioridad.",
      "language": {
        "name": "es",
        "url": "https://pokeapi.co/api/v2/language/7/"
      },
      "version_group": {
        "name": "sword-shield",
        "url": "https://pokeapi.co/api/v2/version-group/20/"
      }
    },
    {
      "flavor_text": "Chi la usa protegge s\u00e9 e gli alleati dalle mosse\nad alta priorit\u00e0.",
      "language": {
        "name": "it",
        "url": "https://pokeapi.co/api/v2/language/8/"
      },
      "version_group": {
        "name": "sword-shield",
        "url": "https://pokeapi.co/api/v2/version-group/20/"
      }
    },
    {
      "flavor_text": "The user protects itself and its allies from\npriority moves.",
      "language": {
        "name": "en",
        "url": "https://pokeapi.co/api/v2/language/9/"
      },
      "version_group": {
        "name": "sword-shield",
        "url": "https://pokeapi.co/api/v2/version-group/20/"
      }
    },
    {
      "flavor_text": "\u81ea\u5206\u3068\u3000\u5473\u65b9\u3092\u3000\u76f8\u624b\u306e\n\u5148\u5236\u653b\u6483\u304b\u3089\u3000\u5b88\u308b\u3002",
      "language": {
        "name": "ja",
        "url": "https://pokeapi.co/api/v2/language/11/"
      },
      "version_group": {
        "name": "sword-shield",
        "url": "https://pokeapi.co/api/v2/version-group/20/"
      }
    },
    {
      "flavor_text": "\u5b88\u62a4\u81ea\u5df1\u548c\u540c\u4f34\uff0c\n\u4ee5\u9632\u5bf9\u624b\u7684\u5148\u5236\u653b\u51fb\u3002",
      "language": {
        "name": "zh-Hans",
        "url": "https://pokeapi.co/api/v2/language/12/"
      },
      "version_group": {
        "name": "sword-shield",
        "url": "https://pokeapi.co/api/v2/version-group/20/"
      }
    },
    {
      "flavor_text": "The user protects itself and its allies from priority moves.",
      "language": {
        "name": "en",
        "url": "https://pokeapi.co/api/v2/language/9/"
      },
      "version_group": {
        "name": "legends-arceus",
        "url": "https://pokeapi.co/api/v2/version-group/24/"
      }
    },
    {
      "flavor_text": "The user protects itself and its allies from priority moves.",
      "language": {
        "name": "en",
        "url": "https://pokeapi.co/api/v2/language/9/"
      },
      "version_group": {
        "name": "scarlet-violet",
        "url": "https://pokeapi.co/api/v2/version-group/25/"
      }
    }
  ],
  "generation": {
    "name": "generation-v",
    "url": "https://pokeapi.co/api/v2/generation/5/"
  },
  "id": 501,
  "learned_by_pokemon": [
    {
      "name": "zubat",
      "url": "https://pokeapi.co/api/v2/pokemon/41/"
    },
    {
      "name": "golbat",
      "url": "https://pokeapi.co/api/v2/pokemon/42/"
    },
    {
      "name": "machop",
      "url": "https://pokeapi.co/api/v2/pokemon/66/"
    },
    {
      "name": "hitmonchan",
      "url": "https://pokeapi.co/api/v2/pokemon/107/"
    },
    {
      "name": "mr-mime",
      "url": "https://pokeapi.co/api/v2/pokemon/122/"
    },
    {
      "name": "scyther",
      "url": "https://pokeapi.co/api/v2/pokemon/123/"
    },
    {
      "name": "crobat",
      "url": "https://pokeapi.co/api/v2/pokemon/169/"
    },
    {
      "name": "aipom",
      "url": "https://pokeapi.co/api/v2/pokemon/190/"
    },
    {
      "name": "hitmontop",
      "url": "https://pokeapi.co/api/v2/pokemon/237/"
    },
    {
      "name": "treecko",
      "url": "https://pokeapi.co/api/v2/pokemon/252/"
    },
    {
      "name": "grovyle",
      "url": "https://pokeapi.co/api/v2/pokemon/253/"
    },
    {
      "name": "sceptile",
      "url": "https://pokeapi.co/api/v2/pokemon/254/"
    },
    {
      "name": "taillow",
      "url": "https://pokeapi.co/api/v2/pokemon/276/"
    },
    {
      "name": "swellow",
      "url": "https://pokeapi.co/api/v2/pokemon/277/"
    },
    {
      "name": "meditite",
      "url": "https://pokeapi.co/api/v2/pokemon/307/"
    },
    {
      "name": "zangoose",
      "url": "https://pokeapi.co/api/v2/pokemon/335/"
    },
    {
      "name": "chimchar",
      "url": "https://pokeapi.co/api/v2/pokemon/390/"
    },
    {
      "name": "ambipom",
      "url": "https://pokeapi.co/api/v2/pokemon/424/"
    },
    {
      "name": "riolu",
      "url": "https://pokeapi.co/api/v2/pokemon/447/"
    },
    {
      "name": "lucario",
      "url": "https://pokeapi.co/api/v2/pokemon/448/"
    },
    {
      "name": "croagunk",
      "url": "https://pokeapi.co/api/v2/pokemon/453/"
    },
    {
      "name": "gallade",
      "url": "https://pokeapi.co/api/v2/pokemon/475/"
    },
    {
      "name": "sawk",
      "url": "https://pokeapi.co/api/v2/pokemon/539/"
    },
    {
      "name": "scraggy",
      "url": "https://pokeapi.co/api/v2/pokemon/559/"
    },
    {
      "name": "scrafty",
      "url": "https://pokeapi.co/api/v2/pokemon/560/"
    },
    {
      "name": "archen",
      "url": "https://pokeapi.co/api/v2/pokemon/566/"
    },
    {
      "name": "archeops",
      "url": "https://pokeapi.co/api/v2/pokemon/567/"
    },
    {
      "name": "escavalier",
      "url": "https://pokeapi.co/api/v2/pokemon/589/"
    },
    {
      "name": "mienfoo",
      "url": "https://pokeapi.co/api/v2/pokemon/619/"
    },
    {
      "name": "mienshao",
      "url": "https://pokeapi.co/api/v2/pokemon/620/"
    },
    {
      "name": "pawniard",
      "url": "https://pokeapi.co/api/v2/pokemon/624/"
    },
    {
      "name": "cobalion",
      "url": "https://pokeapi.co/api/v2/pokemon/638/"
    },
    {
      "name": "terrakion",
      "url": "https://pokeapi.co/api/v2/pokemon/639/"
    },
    {
      "name": "virizion",
      "url": "https://pokeapi.co/api/v2/pokemon/640/"
    },
    {
      "name": "keldeo-ordinary",
      "url": "https://pokeapi.co/api/v2/pokemon/647/"
    },
    {
      "name": "chespin",
      "url": "https://pokeapi.co/api/v2/pokemon/650/"
    },
    {
      "name": "quilladin",
      "url": "https://pokeapi.co/api/v2/pokemon/651/"
    },
    {
      "name": "chesnaught",
      "url": "https://pokeapi.co/api/v2/pokemon/652/"
    },
    {
      "name": "fletchling",
      "url": "https://pokeapi.co/api/v2/pokemon/661/"
    },
    {
      "name": "pancham",
      "url": "https://pokeapi.co/api/v2/pokemon/674/"
    },
    {
      "name": "meowstic-male",
      "url": "https://pokeapi.co/api/v2/pokemon/678/"
    },
    {
      "name": "hawlucha",
      "url": "https://pokeapi.co/api/v2/pokemon/701/"
    },
    {
      "name": "lycanroc-midday",
      "url": "https://pokeapi.co/api/v2/pokemon/745/"
    },
    {
      "name": "passimian",
      "url": "https://pokeapi.co/api/v2/pokemon/766/"
    },
    {
      "name": "pheromosa",
      "url": "https://pokeapi.co/api/v2/pokemon/795/"
    },
    {
      "name": "zeraora",
      "url": "https://pokeapi.co/api/v2/pokemon/807/"
    },
    {
      "name": "nickit",
      "url": "https://pokeapi.co/api/v2/pokemon/827/"
    },
    {
      "name": "zacian",
      "url": "https://pokeapi.co/api/v2/pokemon/888/"
    },
    {
      "name": "ceruledge",
      "url": "https://pokeapi.co/api/v2/pokemon/937/"
    },
    {
      "name": "flamigo",
      "url": "https://pokeapi.co/api/v2/pokemon/973/"
    },
    {
      "name": "iron-valiant",
      "url": "https://pokeapi.co/api/v2/pokemon/1006/"
    },
    {
      "name": "iron-leaves",
      "url": "https://pokeapi.co/api/v2/pokemon/1010/"
    },
    {
      "name": "iron-boulder",
      "url": "https://pokeapi.co/api/v2/pokemon/1022/"
    },
    {
      "name": "iron-crown",
      "url": "https://pokeapi.co/api/v2/pokemon/1023/"
    },
    {
      "name": "keldeo-resolute",
      "url": "https://pokeapi.co/api/v2/pokemon/10024/"
    },
    {
      "name": "lucario-mega",
      "url": "https://pokeapi.co/api/v2/pokemon/10059/"
    },
    {
      "name": "sceptile-mega",
      "url": "https://pokeapi.co/api/v2/pokemon/10065/"
    },
    {
      "name": "gallade-mega",
      "url": "https://pokeapi.co/api/v2/pokemon/10068/"
    },
    {
      "name": "lycanroc-dusk",
      "url": "https://pokeapi.co/api/v2/pokemon/10152/"
    },
    {
      "name": "farfetchd-galar",
      "url": "https://pokeapi.co/api/v2/pokemon/10166/"
    },
    {
      "name": "zapdos-galar",
      "url": "https://pokeapi.co/api/v2/pokemon/10170/"
    },
    {
      "name": "zigzagoon-galar",
      "url": "https://pokeapi.co/api/v2/pokemon/10174/"
    },
    {
      "name": "zacian-crowned",
      "url": "https://pokeapi.co/api/v2/pokemon/10188/"
    },
    {
      "name": "sneasel-hisui",
      "url": "https://pokeapi.co/api/v2/pokemon/10235/"
    }
  ],
  "machines": [],
  "meta": {
    "ailment": {
      "name": "none",
      "url": "https://pokeapi.co/api/v2/move-ailment/0/"
    },
    "ailment_chance": 0,
    "category": {
      "name": "field-effect",
      "url": "https://pokeapi.co/api/v2/move-category/11/"
    },
    "crit_rate": 0,
    "drain": 0,
    "flinch_chance": 0,
    "healing": 0,
    "max_hits": null,
    "max_turns": null,
    "min_hits": null,
    "min_turns": null,
    "stat_chance": 0
  },
  "name": "quick-guard",
  "names": [
    {
      "language": {
        "name": "ja-Hrkt",
        "url": "https://pokeapi.co/api/v2/language/1/"
      },
      "name": "\u30d5\u30a1\u30b9\u30c8\u30ac\u30fc\u30c9"
    },
    {
      "language": {
        "name": "ko",
        "url": "https://pokeapi.co/api/v2/language/3/"
      },
      "name": "\ud37c\uc2a4\ud2b8\uac00\ub4dc"
    },
    {
      "language": {
        "name": "zh-Hant",
        "url": "https://pokeapi.co/api/v2/language/4/"
      },
      "name": "\u5feb\u901f\u9632\u5b88"
    },
    {
      "language": {
        "name": "fr",
        "url": "https://pokeapi.co/api/v2/language/5/"
      },
      "name": "Pr\u00e9vention"
    },
    {
      "language": {
        "name": "de",
        "url": "https://pokeapi.co/api/v2/language/6/"
      },
      "name": "Rapidschutz"
    },
    {
      "language": {
        "name": "es",
        "url": "https://pokeapi.co/api/v2/language/7/"
      },
      "name": "Anticipo"
    },
    {
      "language": {
        "name": "it",
        "url": "https://pokeapi.co/api/v2/language/8/"
      },
      "name": "Anticipo"
    },
    {
      "language": {
        "name": "en",
        "url": "https://pokeapi.co/api/v2/language/9/"
      },
      "name": "Quick Guard"
    },
    {
      "language": {
        "name": "ja",
        "url": "https://pokeapi.co/api/v2/language/11/"
      },
      "name": "\u30d5\u30a1\u30b9\u30c8\u30ac\u30fc\u30c9"
    },
    {
      "language": {
        "name": "zh-Hans",
        "url": "https://pokeapi.co/api/v2/language/12/"
      },
      "name": "\u5feb\u901f\u9632\u5b88"
    }
  ],
  "past_values": [],
  "power": null,
  "pp": 15,
  "priority": 3,
  "stat_changes": [],
  "super_contest_effect": null,
  "target": {
    "name": "users-field",
    "url": "https://pokeapi.co/api/v2/move-target/4/"
  },
  "type": {
    "name": "fighting",
    "url": "https://pokeapi.co/api/v2/type/2/"
  }
}