{
  "accuracy": 100,
  "contest_combos": null,
  "contest_effect": null,
  "contest_type": null,
  "damage_class": {
    "name": "special",
    "url": "https://pokeapi.co/api/v2/move-damage-class/3/"
  },
  "effect_chance": null,
  "effect_changes": [],
  "effect_entries": [],
  "flavor_text_entries": [
    {
      "flavor_text": "The user attacks with myriad fireballs. This may also leave the target with a burn. This move's power is doubled if the target has a status condition.",
      "language": {
        "name": "en",
        "url": "https://pokeapi.co/api/v2/language/9/"
      },
      "version_group": {
        "name": "legends-arceus",
        "url": "https://pokeapi.co/api/v2/version-group/24/"
      }
    },
    {
      "flavor_text": "The user attacks with myriad fireballs. This may also leave the target with a burn. This move's power is doubled if the target has a status condition.",
      "language": {
        "name": "en",
        "url": "https://pokeapi.co/api/v2/language/9/"
      },
      "version_group": {
        "name": "scarlet-violet",
        "url": "https://pokeapi.co/api/v2/version-group/25/"
      }
    }
  ],
  "generation": {
    "name": "generation-viii",
    "url": "https://pokeapi.co/api/v2/generation/8/"
  },
  "id": 844,
  "learned_by_pokemon": [
    {
      "name": "typhlosion-hisui",
      "url": "https://pokeapi.co/api/v2/pokemon/10233/"
    }
  ],
  "machines": [],
  "meta": null,
  "name": "infernal-parade",
  "names": [
    {
      "language": {
        "name": "ja-Hrkt",
        "url": "https://pokeapi.co/api/v2/language/1/"
      },
      "name": "\u3072\u3083\u3063\u304d\u3084\u3053\u3046"
    },
    {
      "language": {
        "name": "zh-Hant",
        "url": "https://pokeapi.co/api/v2/language/4/"
      },
      "name": "\u7fa4\u9b54\u4e71\u821e"
    },
    {
      "language": {
        "name": "it",
        "url": "https://pokeapi.co/api/v2/language/8/"
      },
      "name": "Corteo Spettrale"
    },
    {
      "language": {
        "name": "en",
        "url": "https://pokeapi.co/api/v2/language/9/"
      },
      "name": "Infernal Parade"
    },
    {
      "language": {
        "name": "ja",
        "url": "https://pokeapi.co/api/v2/language/11/"
      },
      "name": "\u3072\u3083\u3063\u304d\u3084\u3053\u3046"
    }
  ],
  "past_values": [],
  "power": 60,
  "pp": 15,
  "priority": 0,
  "stat_changes": [],
  "super_contest_effect": null,
  "target": {
    "name": "selected-pokemon",
    "url": "https://pokeapi.co/api/v2/move-target/10/"
  },
  "type": {
    "name": "ghost",
    "url": "https://pokeapi.co/api/v2/type/8/"
  }
}