{
  "accuracy": null,
  "contest_combos": {
    "normal": {
      "use_after": [
        {
          "name": "rain-dance",
          "url": "https://pokeapi.co/api/v2/move/240/"
        }
      ],
      "use_before": null
    },
    "super": {
      "use_after": null,
      "use_before": null
    }
  },
  "contest_effect": {
    "url": "https://pokeapi.co/api/v2/contest-effect/15/"
  },
  "contest_type": {
    "name": "cute",
    "url": "https://pokeapi.co/api/v2/contest-type/3/"
  },
  "damage_class": {
    "name": "status",
    "url": "https://pokeapi.co/api/v2/move-damage-class/1/"
  },
  "effect_chance": null,
  "effect_changes": [],
  "effect_entries": [
    {
      "effect": "Raises the user\u2019s Defense by one stage.",
      "language": {
        "name": "en",
        "url": "https://pokeapi.co/api/v2/language/9/"
      },
      "short_effect": "Raises the user\u2019s Defense by one stage."
    }
  ],
  "flavor_text_entries": [
    {
      "flavor_text": "Heightens the\nuser's DEFENSE.",
      "language": {
        "name": "en",
        "url": "https://pokeapi.co/api/v2/language/9/"
      },
      "version_group": {
        "name": "gold-silver",
        "url": "https://pokeapi.co/api/v2/version-group/3/"
      }
    },
    {
      "flavor_text": "Heightens the\nuser's DEFENSE.",
      "language": {
        "name": "en",
        "url": "https://pokeapi.co/api/v2/language/9/"
      },
      "version_group": {
        "name": "crystal",
        "url": "https://pokeapi.co/api/v2/version-group/4/"
      }
    },
    {
      "flavor_text": "Withdraws the body into its\nhard shell to raise DEFENSE.",
      "language": {
        "name": "en",
        "url": "https://pokeapi.co/api/v2/language/9/"
      },
      "version_group": {
        "name": "ruby-sapphire",
        "url": "https://pokeapi.co/api/v2/version-group/5/"
      }
    },
    {
      "flavor_text": "Withdraws the body into its\nhard shell to raise DEFENSE.",
      "language": {
        "name": "en",
        "url": "https://pokeapi.co/api/v2/language/9/"
      },
      "version_group": {
        "name": "emerald",
        "url": "https://pokeapi.co/api/v2/version-group/6/"
      }
    },
    {
      "flavor_text": "The user withdraws\nits body in its hard\nshell, raising its\nDEFENSE stat.",
      "language": {
        "name": "en",
        "url": "https://pokeapi.co/api/v2/language/9/"
      },
      "version_group": {
        "name": "firered-leafgreen",
        "url": "https://pokeapi.co/api/v2/version-group/7/"
      }
    },
    {
      "flavor_text": "The user withdraws\nits body into its hard\nshell, raising its\nDefense stat.\n",
      "language": {
        "name": "en",
        "url": "https://pokeapi.co/api/v2/language/9/"
      },
      "version_group": {
        "name": "diamond-pearl",
        "url": "https://pokeapi.co/api/v2/version-group/8/"
      }
    },
    {
      "flavor_text": "The user withdraws\nits body into its hard\nshell, raising its\nDefense stat.\n",
      "language": {
        "name": "en",
        "url": "https://pokeapi.co/api/v2/language/9/"
      },
      "version_group": {
        "name": "platinum",
        "url": "https://pokeapi.co/api/v2/version-group/9/"
      }
    },
    {
      "flavor_text": "The user withdraws\nits body into its hard\nshell, raising its\nDefense stat.\n",
      "language": {
        "name": "en",
        "url": "https://pokeapi.co/api/v2/language/9/"
      },
      "version_group": {
        "name": "heartgold-soulsilver",
        "url": "https://pokeapi.co/api/v2/version-group/10/"
      }
    },
    {
      "flavor_text": "Le lanceur se recroqueville dans sa\ncarapace, ce qui augmente sa D\u00e9fense.",
      "language": {
        "name": "fr",
        "url": "https://pokeapi.co/api/v2/language/5/"
      },
      "version_group": {
        "name": "black-white",
        "url": "https://pokeapi.co/api/v2/version-group/11/"
      }
    },
    {
      "flavor_text": "The user withdraws its body into its hard\nshell, raising its Defense stat.",
      "language": {
        "name": "en",
        "url": "https://pokeapi.co/api/v2/language/9/"
      },
      "version_group": {
        "name": "black-white",
        "url": "https://pokeapi.co/api/v2/version-group/11/"
      }
    },
    {
      "flavor_text": "The user withdraws its body into its hard\nshell, raising its Defense stat.",
      "language": {
        "name": "en",
        "url": "https://pokeapi.co/api/v2/language/9/"
      },
      "version_group": {
        "name": "black-2-white-2",
        "url": "https://pokeapi.co/api/v2/version-group/14/"
      }
    },
    {
      "flavor_text": "\u304b\u3089\u306b\u3000\u3082\u3050\u308a\u3053\u3093\u3067\u3000\u307f\u3092\u307e\u3082\u308a\n\u3058\u3076\u3093\u306e\u3000\u307c\u3046\u304e\u3087\u3092\u3000\u3042\u3052\u308b\u3002\n",
      "language": {
        "name": "ja-Hrkt",
        "url": "https://pokeapi.co/api/v2/language/1/"
      },
      "version_group": {
        "name": "x-y",
        "url": "https://pokeapi.co/api/v2/version-group/15/"
      }
    },
    {
      "flavor_text": "\uaecd\uc9c8\uc5d0 \uc228\uc5b4 \ubab8\uc744 \ubcf4\ud638\ud558\uc5ec\n\uc790\uc2e0\uc758 \ubc29\uc5b4\ub97c \uc62c\ub9b0\ub2e4.",
      "language": {
        "name": "ko",
        "url": "https://pokeapi.co/api/v2/language/3/"
      },
      "version_group": {
        "name": "x-y",
        "url": "https://pokeapi.co/api/v2/version-group/15/"
      }
    },
    {
      "flavor_text": "Le lanceur se recroqueville dans sa carapace,\nce qui augmente sa D\u00e9fense.",
      "language": {
        "name": "fr",
        "url": "https://pokeapi.co/api/v2/language/5/"
      },
      "version_group": {
        "name": "x-y",
        "url": "https://pokeapi.co/api/v2/version-group/15/"
      }
    },
    {
      "flavor_text": "R\u00fcckzug in den harten Panzer.\nErh\u00f6ht den Verteidigungs-Wert.",
      "language": {
        "name": "de",
        "url": "https://pokeapi.co/api/v2/language/6/"
      },
      "version_group": {
        "name": "x-y",
        "url": "https://pokeapi.co/api/v2/version-group/15/"
      }
    },
    {
      "flavor_text": "El usuario se protege en su coraza y sube la\nDefensa.",
      "language": {
        "name": "es",
        "url": "https://pokeapi.co/api/v2/language/7/"
      },
      "version_group": {
        "name": "x-y",
        "url": "https://pokeapi.co/api/v2/version-group/15/"
      }
    },
    {
      "flavor_text": "Il corpo si ritira nel suo duro guscio per aumentare\nla Difesa.",
      "language": {
        "name": "it",
        "url": "https://pokeapi.co/api/v2/language/8/"
      },
      "version_group": {
        "name": "x-y",
        "url": "https://pokeapi.co/api/v2/version-group/15/"
      }
    },
    {
      "flavor_text": "The user withdraws its body into its hard\nshell, raising its Defense stat.",
      "language": {
        "name": "en",
        "url": "https://pokeapi.co/api/v2/language/9/"
      },
      "version_group": {
        "name": "x-y",
        "url": "https://pokeapi.co/api/v2/version-group/15/"
      }
    },
    {
      "flavor_text": "\u6bbb\u306b\u3000\u6f5c\u308a\u3053\u3093\u3067\u3000\u8eab\u3092\u5b88\u308a\n\u81ea\u5206\u306e\u3000\u9632\u5fa1\u3092\u3000\u3042\u3052\u308b\u3002\n",
      "language": {
        "name": "ja",
        "url": "https://pokeapi.co/api/v2/language/11/"
      },
      "version_group": {
        "name": "x-y",
        "url": "https://pokeapi.co/api/v2/version-group/15/"
      }
    },
    {
      "flavor_text": "\u304b\u3089\u306b\u3000\u3082\u3050\u308a\u3053\u3093\u3067\u3000\u202f\u3092\u307e\u3082\u308a\n\u3058\u3076\u3093\u306e\u3000\u307c\u3046\u304e\u3087\u3092\u3000\u3042\u3052\u308b\u3002\n",
      "language": {
        "name": "ja-Hrkt",
        "url": "https://pokeapi.co/api/v2/language/1/"
      },
      "version_group": {
        "name": "omega-ruby-alpha-sapphire",
        "url": "https://pokeapi.co/api/v2/version-group/16/"
      }
    },
    {
      "flavor_text": "\uaecd\uc9c8\uc5d0 \uc228\uc5b4 \ubab8\uc744 \ubcf4\ud638\ud558\uc5ec\n\uc790\uc2e0\uc758 \ubc29\uc5b4\ub97c \uc62c\ub9b0\ub2e4.",
      "language": {
        "name": "ko",
        "url": "https://pokeapi.co/api/v2/language/3/"
      },
      "version_group": {
        "name": "omega-ruby-alpha-sapphire",
        "url": "https://pokeapi.co/api/v2/version-group/16/"
      }
    },
    {
      "flavor_text": "Le lanceur se recroqueville dans sa carapace,\nce qui augmente sa D\u00e9fense.",
      "language": {
        "name": "fr",
        "url": "https://pokeapi.co/api/v2/language/5/"
      },
      "version_group": {
        "name": "omega-ruby-alpha-sapphire",
        "url": "https://pokeapi.co/api/v2/version-group/16/"
      }
    },
    {
      "flavor_text": "R\u00fcckzug in den harten Panzer.\nErh\u00f6ht den Verteidigungs-Wert.",
      "language": {
        "name": "de",
        "url": "https://pokeapi.co/api/v2/language/6/"
      },
      "version_group": {
        "name": "omega-ruby-alpha-sapphire",
        "url": "https://pokeapi.co/api/v2/version-group/16/"
      }
    },
    {
      "flavor_text": "El usuario se resguarda en su coraza por lo que le\nsube la Defensa. ",
      "language": {
        "name": "es",
        "url": "https://pokeapi.co/api/v2/language/7/"
      },
      "version_group": {
        "name": "omega-ruby-alpha-sapphire",
        "url": "https://pokeapi.co/api/v2/version-group/16/"
      }
    },
    {
      "flavor_text": "Il corpo si ritira nel suo duro guscio per aumentare\nla Difesa.",
      "language": {
        "name": "it",
        "url": "https://pokeapi.co/api/v2/language/8/"
      },
      "version_group": {
        "name": "omega-ruby-alpha-sapphire",
        "url": "https://pokeapi.co/api/v2/version-group/16/"
      }
    },
    {
      "flavor_text": "The user withdraws its body into its hard\nshell, raising its Defense stat.",
      "language": {
        "name": "en",
        "url": "https://pokeapi.co/api/v2/language/9/"
      },
      "version_group": {
        "name": "omega-ruby-alpha-sapphire",
        "url": "https://pokeapi.co/api/v2/version-group/16/"
      }
    },
    {
      "flavor_text": "\u6bbb\u306b\u3000\u6f5c\u308a\u3053\u3093\u3067\u3000\u8eab\u3092\u5b88\u308a\n\u81ea\u5206\u306e\u3000\u9632\u5fa1\u3092\u3000\u3042\u3052\u308b\u3002\n",
      "language": {
        "name": "ja",
        "url": "https://pokeapi.co/api/v2/language/11/"
      },
      "version_group": {
        "name": "omega-ruby-alpha-sapphire",
        "url": "https://pokeapi.co/api/v2/version-group/16/"
      }
    },
    {
      "flavor_text": "\u304b\u3089\u306b\u3000\u3082\u3050\u308a\u3053\u3093\u3067\u3000\u307f\u3092\u307e\u3082\u308a\n\u3058\u3076\u3093\u306e\u3000\u307c\u3046\u304e\u3087\u3092\u3000\u3042\u3052\u308b\u3002",
      "language": {
        "name": "ja-Hrkt",
        "url": "https://pokeapi.co/api/v2/language/1/"
      },
      "version_group": {
        "name": "sun-moon",
        "url": "https://pokeapi.co/api/v2/version-group/17/"
      }
    },
    {
      "flavor_text": "\uaecd\uc9c8\uc5d0 \uc228\uc5b4 \ubab8\uc744 \ubcf4\ud638\ud558\uc5ec\n\uc790\uc2e0\uc758 \ubc29\uc5b4\ub97c \uc62c\ub9b0\ub2e4.",
      "language": {
        "name": "ko",
        "url": "https://pokeapi.co/api/v2/language/3/"
      },
      "version_group": {
        "name": "sun-moon",
        "url": "https://pokeapi.co/api/v2/version-group/17/"
      }
    },
    {
      "flavor_text": "\u7e2e\u5165\u6bbc\u4e2d\u4fdd\u8b77\u8eab\u9ad4\uff0c\n\u63d0\u9ad8\u81ea\u5df1\u7684\u9632\u79a6\u3002",
      "language": {
        "name": "zh-Hant",
        "url": "https://pokeapi.co/api/v2/language/4/"
      },
      "version_group": {
        "name": "sun-moon",
        "url": "https://pokeapi.co/api/v2/version-group/17/"
      }
    },
    {
      "flavor_text": "Le lanceur se recroqueville dans sa carapace,\nce qui augmente sa D\u00e9fense.",
      "language": {
        "name": "fr",
        "url": "https://pokeapi.co/api/v2/language/5/"
      },
      "version_group": {
        "name": "sun-moon",
        "url": "https://pokeapi.co/api/v2/version-group/17/"
      }
    },
    {
      "flavor_text": "R\u00fcckzug in den harten Panzer. Erh\u00f6ht den\nVerteidigungs-Wert.",
      "language": {
        "name": "de",
        "url": "https://pokeapi.co/api/v2/language/6/"
      },
      "version_group": {
        "name": "sun-moon",
        "url": "https://pokeapi.co/api/v2/version-group/17/"
      }
    },
    {
      "flavor_text": "El usuario se resguarda en su coraza por lo que le\nsube la Defensa. ",
      "language": {
        "name": "es",
        "url": "https://pokeapi.co/api/v2/language/7/"
      },
      "version_group": {
        "name": "sun-moon",
        "url": "https://pokeapi.co/api/v2/version-group/17/"
      }
    },
    {
      "flavor_text": "Il corpo si ritira nel suo duro guscio per aumentare\nla Difesa.",
      "language": {
        "name": "it",
        "url": "https://pokeapi.co/api/v2/language/8/"
      },
      "version_group": {
        "name": "sun-moon",
        "url": "https://pokeapi.co/api/v2/version-group/17/"
      }
    },
    {
      "flavor_text": "The user withdraws its body into its hard shell,\nraising its Defense stat.",
      "language": {
        "name": "en",
        "url": "https://pokeapi.co/api/v2/language/9/"
      },
      "version_group": {
        "name": "sun-moon",
        "url": "https://pokeapi.co/api/v2/version-group/17/"
      }
    },
    {
      "flavor_text": "\u6bbb\u306b\u3000\u6f5c\u308a\u3053\u3093\u3067\u3000\u8eab\u3092\u5b88\u308a\n\u81ea\u5206\u306e\u3000\u9632\u5fa1\u3092\u3000\u3042\u3052\u308b\u3002",
      "language": {
        "name": "ja",
        "url": "https://pokeapi.co/api/v2/language/11/"
      },
      "version_group": {
        "name": "sun-moon",
        "url": "https://pokeapi.co/api/v2/version-group/17/"
      }
    },
    {
      "flavor_text": "\u7f29\u5165\u58f3\u91cc\u4fdd\u62a4\u8eab\u4f53\uff0c\n\u4ece\u800c\u63d0\u9ad8\u81ea\u5df1\u7684\u9632\u5fa1\u3002",
      "language": {
        "name": "zh-Hans",
        "url": "https://pokeapi.co/api/v2/language/12/"
      },
      "version_group": {
        "name": "sun-moon",
        "url": "https://pokeapi.co/api/v2/version-group/17/"
      }
    },
    {
      "flavor_text": "\u304b\u3089\u306b\u3000\u3082\u3050\u308a\u3053\u3093\u3067\u3000\u307f\u3092\u307e\u3082\u308a\n\u3058\u3076\u3093\u306e\u3000\u307c\u3046\u304e\u3087\u3092\u3000\u3042\u3052\u308b\u3002",
      "language": {
        "name": "ja-Hrkt",
        "url": "https://pokeapi.co/api/v2/language/1/"
      },
      "version_group": {
        "name": "ultra-sun-ultra-moon",
        "url": "https://pokeapi.co/api/v2/version-group/18/"
      }
    },
    {
      "flavor_text": "\uaecd\uc9c8\uc5d0 \uc228\uc5b4 \ubab8\uc744 \ubcf4\ud638\ud558\uc5ec\n\uc790\uc2e0\uc758 \ubc29\uc5b4\ub97c \uc62c\ub9b0\ub2e4.",
      "language": {
        "name": "ko",
        "url": "https://pokeapi.co/api/v2/language/3/"
      },
      "version_group": {
        "name": "ultra-sun-ultra-moon",
        "url": "https://pokeapi.co/api/v2/version-group/18/"
      }
    },
    {
      "flavor_text": "\u7e2e\u5165\u6bbc\u4e2d\u4fdd\u8b77\u8eab\u9ad4\uff0c\n\u63d0\u9ad8\u81ea\u5df1\u7684\u9632\u79a6\u3002",
      "language": {
        "name": "zh-Hant",
        "url": "https://pokeapi.co/api/v2/language/4/"
      },
      "version_group": {
        "name": "ultra-sun-ultra-moon",
        "url": "https://pokeapi.co/api/v2/version-group/18/"
      }
    },
    {
      "flavor_text": "Le lanceur se recroqueville dans sa carapace,\nce qui augmente sa D\u00e9fense.",
      "language": {
        "name": "fr",
        "url": "https://pokeapi.co/api/v2/language/5/"
      },
      "version_group": {
        "name": "ultra-sun-ultra-moon",
        "url": "https://pokeapi.co/api/v2/version-group/18/"
      }
    },
    {
      "flavor_text": "R\u00fcckzug in den harten Panzer. Erh\u00f6ht den\nVerteidigungs-Wert.",
      "language": {
        "name": "de",
        "url": "https://pokeapi.co/api/v2/language/6/"
      },
      "version_group": {
        "name": "ultra-sun-ultra-moon",
        "url": "https://pokeapi.co/api/v2/version-group/18/"
      }
    },
    {
      "flavor_text": "El usuario se resguarda en su coraza por lo que le\nsube la Defensa. ",
      "language": {
        "name": "es",
        "url": "https://pokeapi.co/api/v2/language/7/"
      },
      "version_group": {
        "name": "ultra-sun-ultra-moon",
        "url": "https://pokeapi.co/api/v2/version-group/18/"
      }
    },
    {
      "flavor_text": "Il corpo si ritira nel suo duro guscio per aumentare\nla Difesa.",
      "language": {
        "name": "it",
        "url": "https://pokeapi.co/api/v2/language/8/"
      },
      "version_group": {
        "name": "ultra-sun-ultra-moon",
        "url": "https://pokeapi.co/api/v2/version-group/18/"
      }
    },
    {
      "flavor_text": "The user withdraws its body into its hard shell,\nraising its Defense stat.",
      "language": {
        "name": "en",
        "url": "https://pokeapi.co/api/v2/language/9/"
      },
      "version_group": {
        "name": "ultra-sun-ultra-moon",
        "url": "https://pokeapi.co/api/v2/version-group/18/"
      }
    },
    {
      "flavor_text": "\u6bbb\u306b\u3000\u6f5c\u308a\u3053\u3093\u3067\u3000\u8eab\u3092\u5b88\u308a\n\u81ea\u5206\u306e\u3000\u9632\u5fa1\u3092\u3000\u3042\u3052\u308b\u3002",
      "language": {
        "name": "ja",
        "url": "https://pokeapi.co/api/v2/language/11/"
      },
      "version_group": {
        "name": "ultra-sun-ultra-moon",
        "url": "https://pokeapi.co/api/v2/version-group/18/"
      }
    },
    {
      "flavor_text": "\u7f29\u5165\u58f3\u91cc\u4fdd\u62a4\u8eab\u4f53\uff0c\n\u4ece\u800c\u63d0\u9ad8\u81ea\u5df1\u7684\u9632\u5fa1\u3002",
      "language": {
        "name": "zh-Hans",
        "url": "https://pokeapi.co/api/v2/language/12/"
      },
      "version_group": {
        "name": "ultra-sun-ultra-moon",
        "url": "https://pokeapi.co/api/v2/version-group/18/"
      }
    },
    {
      "flavor_text": "\u304b\u3089\u306b\u3000\u3082\u3050\u308a\u3053\u3093\u3067\u3000\u307f\u3092\u307e\u3082\u308a\n\u3058\u3076\u3093\u306e\u3000\u307c\u3046\u304e\u3087\u3092\u3000\u3042\u3052\u308b\u3002",
      "language": {
        "name": "ja-Hrkt",
        "url": "https://pokeapi.co/api/v2/language/1/"
      },
      "version_group": {
        "name": "lets-go-pikachu-lets-go-eevee",
        "url": "https://pokeapi.co/api/v2/version-group/19/"
      }
    },
    {
      "flavor_text": "\uaecd\uc9c8\uc5d0 \uc228\uc5b4 \ubab8\uc744 \ubcf4\ud638\ud558\uc5ec\n\uc790\uc2e0\uc758 \ubc29\uc5b4\ub97c \uc62c\ub9b0\ub2e4.",
      "language": {
        "name": "ko",
        "url": "https://pokeapi.co/api/v2/language/3/"
      },
      "version_group": {
        "name": "lets-go-pikachu-lets-go-eevee",
        "url": "https://pokeapi.co/api/v2/version-group/19/"
      }
    },
    {
      "flavor_text": "\u7e2e\u5165\u6bbc\u4e2d\u4fdd\u8b77\u8eab\u9ad4\uff0c\n\u63d0\u9ad8\u81ea\u5df1\u7684\u9632\u79a6\u3002",
      "language": {
        "name": "zh-Hant",
        "url": "https://pokeapi.co/api/v2/language/4/"
      },
      "version_group": {
        "name": "lets-go-pikachu-lets-go-eevee",
        "url": "https://pokeapi.co/api/v2/version-group/19/"
      }
    },
    {
      "flavor_text": "Le lanceur se recroqueville dans sa carapace,\nce qui augmente sa D\u00e9fense.",
      "language": {
        "name": "fr",
        "url": "https://pokeapi.co/api/v2/language/5/"
      },
      "version_group": {
        "name": "lets-go-pikachu-lets-go-eevee",
        "url": "https://pokeapi.co/api/v2/version-group/19/"
      }
    },
    {
      "flavor_text": "R\u00fcckzug in den harten Panzer. Erh\u00f6ht den\nVerteidigungs-Wert.",
      "language": {
        "name": "de",
        "url": "https://pokeapi.co/api/v2/language/6/"
      },
      "version_group": {
        "name": "lets-go-pikachu-lets-go-eevee",
        "url": "https://pokeapi.co/api/v2/version-group/19/"
      }
    },
    {
      "flavor_text": "El usuario se resguarda en su coraza por lo que le\nsube la Defensa. ",
      "language": {
        "name": "es",
        "url": "https://pokeapi.co/api/v2/language/7/"
      },
      "version_group": {
        "name": "lets-go-pikachu-lets-go-eevee",
        "url": "https://pokeapi.co/api/v2/version-group/19/"
      }
    },
    {
      "flavor_text": "Il corpo si ritira nel suo duro guscio per aumentare\nla Difesa.",
      "language": {
        "name": "it",
        "url": "https://pokeapi.co/api/v2/language/8/"
      },
      "version_group": {
        "name": "lets-go-pikachu-lets-go-eevee",
        "url": "https://pokeapi.co/api/v2/version-group/19/"
      }
    },
    {
      "flavor_text": "The user withdraws its body into its hard shell,\nraising its Defense stat.",
      "language": {
        "name": "en",
        "url": "https://pokeapi.co/api/v2/language/9/"
      },
      "version_group": {
        "name": "lets-go-pikachu-lets-go-eevee",
        "url": "https://pokeapi.co/api/v2/version-group/19/"
      }
    },
    {
      "flavor_text": "\u6bbb\u306b\u3000\u6f5c\u308a\u3053\u3093\u3067\u3000\u8eab\u3092\u5b88\u308a\n\u81ea\u5206\u306e\u3000\u9632\u5fa1\u3092\u3000\u3042\u3052\u308b\u3002",
      "language": {
        "name": "ja",
        "url": "https://pokeapi.co/api/v2/language/11/"
      },
      "version_group": {
        "name": "lets-go-pikachu-lets-go-eevee",
        "url": "https://pokeapi.co/api/v2/version-group/19/"
      }
    },
    {
      "flavor_text": "\u7f29\u5165\u58f3\u91cc\u4fdd\u62a4\u8eab\u4f53\uff0c\n\u4ece\u800c\u63d0\u9ad8\u81ea\u5df1\u7684\u9632\u5fa1\u3002",
      "language": {
        "name": "zh-Hans",
        "url": "https://pokeapi.co/api/v2/language/12/"
      },
      "version_group": {
        "name": "lets-go-pikachu-lets-go-eevee",
        "url": "https://pokeapi.co/api/v2/version-group/19/"
      }
    },
    {
      "flavor_text": "\u304b\u3089\u306b\u3000\u3082\u3050\u308a\u3053\u3093\u3067\u3000\u307f\u3092\u307e\u3082\u308a\n\u3058\u3076\u3093\u306e\u3000\u307c\u3046\u304e\u3087\u3092\u3000\u3042\u3052\u308b\u3002",
      "language": {
        "name": "ja-Hrkt",
        "url": "https://pokeapi.co/api/v2/language/1/"
      },
      "version_group": {
        "name": "sword-shield",
        "url": "https://pokeapi.co/api/v2/version-group/20/"
      }
    },
    {
      "flavor_text": "\uaecd\uc9c8\uc5d0 \uc228\uc5b4 \ubab8\uc744 \ubcf4\ud638\ud558\uc5ec\n\uc790\uc2e0\uc758 \ubc29\uc5b4\ub97c \uc62c\ub9b0\ub2e4.",
      "language": {
        "name": "ko",
        "url": "https://pokeapi.co/api/v2/language/3/"
      },
      "version_group": {
        "name": "sword-shield",
        "url": "https://pokeapi.co/api/v2/version-group/20/"
      }
    },
    {
      "flavor_text": "\u7e2e\u5165\u6bbc\u4e2d\u4fdd\u8b77\u8eab\u9ad4\uff0c\n\u63d0\u9ad8\u81ea\u5df1\u7684\u9632\u79a6\u3002",
      "language": {
        "name": "zh-Hant",
        "url": "https://pokeapi.co/api/v2/language/4/"
      },
      "version_group": {
        "name": "sword-shield",
        "url": "https://pokeapi.co/api/v2/version-group/20/"
      }
    },
    {
      "flavor_text": "Le lanceur se recroqueville dans sa carapace,\nce qui augmente sa D\u00e9fense.",
      "language": {
        "name": "fr",
        "url": "https://pokeapi.co/api/v2/language/5/"
      },
      "version_group": {
        "name": "sword-shield",
        "url": "https://pokeapi.co/api/v2/version-group/20/"
      }
    },
    {
      "flavor_text": "R\u00fcckzug in den harten Panzer. Erh\u00f6ht den\nVerteidigungs-Wert.",
      "language": {
        "name": "de",
        "url": "https://pokeapi.co/api/v2/language/6/"
      },
      "version_group": {
        "name": "sword-shield",
        "url": "https://pokeapi.co/api/v2/version-group/20/"
      }
    },
    {
      "flavor_text": "El usuario se resguarda en su coraza, por lo que le sube\nla Defensa.",
      "language": {
        "name": "es",
        "url": "https://pokeapi.co/api/v2/language/7/"
      },
      "version_group": {
        "name": "sword-shield",
        "url": "https://pokeapi.co/api/v2/version-group/20/"
      }
    },
    {
      "flavor_text": "Il corpo si ritira nel suo duro guscio per aumentare\nla Difesa.",
      "language": {
        "name": "it",
        "url": "https://pokeapi.co/api/v2/language/8/"
      },
      "version_group": {
        "name": "sword-shield",
        "url": "https://pokeapi.co/api/v2/version-group/20/"
      }
    },
    {
      "flavor_text": "The user withdraws its body into its hard shell,\nraising its Defense stat.",
      "language": {
        "name": "en",
        "url": "https://pokeapi.co/api/v2/language/9/"
      },
      "version_group": {
        "name": "sword-shield",
        "url": "https://pokeapi.co/api/v2/version-group/20/"
      }
    },
    {
      "flavor_text": "\u6bbb\u306b\u3000\u6f5c\u308a\u3053\u3093\u3067\u3000\u8eab\u3092\u5b88\u308a\n\u81ea\u5206\u306e\u3000\u9632\u5fa1\u3092\u3000\u3042\u3052\u308b\u3002",
      "language": {
        "name": "ja",
        "url": "https://pokeapi.co/api/v2/language/11/"
      },
      "version_group": {
        "name": "sword-shield",
        "url": "https://pokeapi.co/api/v2/version-group/20/"
      }
    },
    {
      "flavor_text": "\u7f29\u5165\u58f3\u91cc\u4fdd\u62a4\u8eab\u4f53\uff0c\n\u4ece\u800c\u63d0\u9ad8\u81ea\u5df1\u7684\u9632\u5fa1\u3002",
      "language": {
        "name": "zh-Hans",
        "url": "https://pokeapi.co/api/v2/language/12/"
      },
      "version_group": {
        "name": "sword-shield",
        "url": "https://pokeapi.co/api/v2/version-group/20/"
      }
    },
    {
      "flavor_text": "The user withdraws its body into its hard shell, raising its Defense stat.",
      "language": {
        "name": "en",
        "url": "https://pokeapi.co/api/v2/language/9/"
      },
      "version_group": {
        "name": "legends-arceus",
        "url": "https://pokeapi.co/api/v2/version-group/24/"
      }
    },
    {
      "flavor_text": "The user withdraws its body into its hard shell, boosting its Defense stat.",
      "language": {
        "name": "en",
        "url": "https://pokeapi.co/api/v2/language/9/"
      },
      "version_group": {
        "name": "scarlet-violet",
        "url": "https://pokeapi.co/api/v2/version-group/25/"
      }
    }
  ],
  "generation": {
    "name": "generation-i",
    "url": "https://pokeapi.co/api/v2/generation/1/"
  },
  "id": 110,
  "learned_by_pokemon": [
    {
      "name": "squirtle",
      "url": "https://pokeapi.co/api/v2/pokemon/7/"
    },
    {
      "name": "wartortle",
      "url": "https://pokeapi.co/api/v2/pokemon/8/"
    },
    {
      "name": "blastoise",
      "url": "https://pokeapi.co/api/v2/pokemon/9/"
    },
    {
      "name": "slowbro",
      "url": "https://pokeapi.co/api/v2/pokemon/80/"
    },
    {
      "name": "shellder",
      "url": "https://pokeapi.co/api/v2/pokemon/90/"
    },
    {
      "name": "cloyster",
      "url": "https://pokeapi.co/api/v2/pokemon/91/"
    },
    {
      "name": "omanyte",
      "url": "https://pokeapi.co/api/v2/pokemon/138/"
    },
    {
      "name": "omastar",
      "url": "https://pokeapi.co/api/v2/pokemon/139/"
    },
    {
      "name": "shuckle",
      "url": "https://pokeapi.co/api/v2/pokemon/213/"
    },
    {
      "name": "torkoal",
      "url": "https://pokeapi.co/api/v2/pokemon/324/"
    },
    {
      "name": "turtwig",
      "url": "https://pokeapi.co/api/v2/pokemon/387/"
    },
    {
      "name": "grotle",
      "url": "https://pokeapi.co/api/v2/pokemon/388/"
    },
    {
      "name": "torterra",
      "url": "https://pokeapi.co/api/v2/pokemon/389/"
    },
    {
      "name": "dwebble",
      "url": "https://pokeapi.co/api/v2/pokemon/557/"
    },
    {
      "name": "crustle",
      "url": "https://pokeapi.co/api/v2/pokemon/558/"
    },
    {
      "name": "tirtouga",
      "url": "https://pokeapi.co/api/v2/pokemon/564/"
    },
    {
      "name": "carracosta",
      "url": "https://pokeapi.co/api/v2/pokemon/565/"
    },
    {
      "name": "binacle",
      "url": "https://pokeapi.co/api/v2/pokemon/688/"
    },
    {
      "name": "barbaracle",
      "url": "https://pokeapi.co/api/v2/pokemon/689/"
    },
    {
      "name": "tapu-koko",
      "url": "https://pokeapi.co/api/v2/pokemon/785/"
    },
    {
      "name": "tapu-lele",
      "url": "https://pokeapi.co/api/v2/pokemon/786/"
    },
    {
      "name": "tapu-bulu",
      "url": "https://pokeapi.co/api/v2/pokemon/787/"
    },
    {
      "name": "tapu-fini",
      "url": "https://pokeapi.co/api/v2/pokemon/788/"
    },
    {
      "name": "applin",
      "url": "https://pokeapi.co/api/v2/pokemon/840/"
    },
    {
      "name": "flapple",
      "url": "https://pokeapi.co/api/v2/pokemon/841/"
    },
    {
      "name": "appletun",
      "url": "https://pokeapi.co/api/v2/pokemon/842/"
    },
    {
      "name": "sinistea",
      "url": "https://pokeapi.co/api/v2/pokemon/854/"
    },
    {
      "name": "polteageist",
      "url": "https://pokeapi.co/api/v2/pokemon/855/"
    },
    {
      "name": "dipplin",
      "url": "https://pokeapi.co/api/v2/pokemon/1011/"
    },
    {
      "name": "poltchageist",
      "url": "https://pokeapi.co/api/v2/pokemon/1012/"
    },
    {
      "name": "sinistcha",
      "url": "https://pokeapi.co/api/v2/pokemon/1013/"
    },
    {
      "name": "hydrapple",
      "url": "https://pokeapi.co/api/v2/pokemon/1019/"
    },
    {
      "name": "terapagos",
      "url": "https://pokeapi.co/api/v2/pokemon/1024/"
    },
    {
      "name": "pecharunt",
      "url": "https://pokeapi.co/api/v2/pokemon/1025/"
    },
    {
      "name": "blastoise-mega",
      "url": "https://pokeapi.co/api/v2/pokemon/10036/"
    },
    {
      "name": "slowbro-mega",
      "url": "https://pokeapi.co/api/v2/pokemon/10071/"
    },
    {
      "name": "slowbro-galar",
      "url": "https://pokeapi.co/api/v2/pokemon/10165/"
    },
    {
      "name": "terapagos-terastal",
      "url": "https://pokeapi.co/api/v2/pokemon/10276/"
    },
    {
      "name": "terapagos-stellar",
      "url": "https://pokeapi.co/api/v2/pokemon/10277/"
    }
  ],
  "machines": [],
  "meta": {
    "ailment": {
      "name": "none",
      "url": "https://pokeapi.co/api/v2/move-ailment/0/"
    },
    "ailment_chance": 0,
    "category": {
      "name": "net-good-stats",
      "url": "https://pokeapi.co/api/v2/move-category/2/"
    },
    "crit_rate": 0,
    "drain": 0,
    "flinch_chance": 0,
    "healing": 0,
    "max_hits": null,
    "max_turns": null,
    "min_hits": null,
    "min_turns": null,
    "stat_chance": 0
  },
  "name": "withdraw",
  "names": [
    {
      "language": {
        "name": "ja-Hrkt",
        "url": "https://pokeapi.co/api/v2/language/1/"
      },
      "name": "\u304b\u3089\u306b\u3053\u3082\u308b"
    },
    {
      "language": {
        "name": "ko",
        "url": "https://pokeapi.co/api/v2/language/3/"
      },
      "name": "\uaecd\uc9c8\uc5d0\uc228\uae30"
    },
    {
      "language": {
        "name": "zh-Hant",
        "url": "https://pokeapi.co/api/v2/language/4/"
      },
      "name": "\u7e2e\u5165\u6bbc\u4e2d"
    },
    {
      "language": {
        "name": "fr",
        "url": "https://pokeapi.co/api/v2/language/5/"
      },
      "name": "Repli"
    },
    {
      "language": {
        "name": "de",
        "url": "https://pokeapi.co/api/v2/language/6/"
      },
      "name": "Panzerschutz"
    },
    {
      "language": {
        "name": "es",
        "url": "https://pokeapi.co/api/v2/language/7/"
      },
      "name": "Refugio"
    },
    {
      "language": {
        "name": "it",
        "url": "https://pokeapi.co/api/v2/language/8/"
      },
      "name": "Ritirata"
    },
    {
      "language": {
        "name": "en",
        "url": "https://pokeapi.co/api/v2/language/9/"
      },
      "name": "Withdraw"
    },
    {
      "language": {
        "name": "ja",
        "url": "https://pokeapi.co/api/v2/language/11/"
      },
      "name": "\u304b\u3089\u306b\u3053\u3082\u308b"
    },
    {
      "language": {
        "name": "zh-Hans",
        "url": "https://pokeapi.co/api/v2/language/12/"
      },
      "name": "\u7f29\u5165\u58f3\u4e2d"
    }
  ],
  "past_values": [],
  "power": null,
  "pp": 40,
  "priority": 0,
  "stat_changes": [
    {
      "change": 1,
      "stat": {
        "name": "defense",
        "url": "https://pokeapi.co/api/v2/stat/3/"
      }
    }
  ],
  "super_contest_effect": {
    "url": "https://pokeapi.co/api/v2/super-contest-effect/13/"
  },
  "target": {
    "name": "user",
    "url": "https://pokeapi.co/api/v2/move-target/7/"
  },
  "type": {
    "name": "water",
    "url": "https://pokeapi.co/api/v2/type/11/"
  }
}