{
  "accuracy": 100,
  "contest_combos": null,
  "contest_effect": {
    "url": "https://pokeapi.co/api/v2/contest-effect/9/"
  },
  "contest_type": {
    "name": "smart",
    "url": "https://pokeapi.co/api/v2/contest-type/4/"
  },
  "damage_class": {
    "name": "physical",
    "url": "https://pokeapi.co/api/v2/move-damage-class/2/"
  },
  "effect_chance": 30,
  "effect_changes": [],
  "effect_entries": [
    {
      "effect": "Inflicts regular damage.  Has a 30% chance to poison the target.",
      "language": {
        "name": "en",
        "url": "https://pokeapi.co/api/v2/language/9/"
      },
      "short_effect": "Has a 30% chance to poison the target."
    }
  ],
  "flavor_text_entries": [
    {
      "flavor_text": "An attack that may\npoison the target.",
      "language": {
        "name": "en",
        "url": "https://pokeapi.co/api/v2/language/9/"
      },
      "version_group": {
        "name": "gold-silver",
        "url": "https://pokeapi.co/api/v2/version-group/3/"
      }
    },
    {
      "flavor_text": "An attack that may\npoison the target.",
      "language": {
        "name": "en",
        "url": "https://pokeapi.co/api/v2/language/9/"
      },
      "version_group": {
        "name": "crystal",
        "url": "https://pokeapi.co/api/v2/version-group/4/"
      }
    },
    {
      "flavor_text": "A toxic attack with barbs,\netc., that may poison.",
      "language": {
        "name": "en",
        "url": "https://pokeapi.co/api/v2/language/9/"
      },
      "version_group": {
        "name": "ruby-sapphire",
        "url": "https://pokeapi.co/api/v2/version-group/5/"
      }
    },
    {
      "flavor_text": "A toxic attack with barbs,\netc., that may poison.",
      "language": {
        "name": "en",
        "url": "https://pokeapi.co/api/v2/language/9/"
      },
      "version_group": {
        "name": "emerald",
        "url": "https://pokeapi.co/api/v2/version-group/6/"
      }
    },
    {
      "flavor_text": "The foe is stabbed\nwith a toxic barb,\netc. It may poison\nthe foe.",
      "language": {
        "name": "en",
        "url": "https://pokeapi.co/api/v2/language/9/"
      },
      "version_group": {
        "name": "firered-leafgreen",
        "url": "https://pokeapi.co/api/v2/version-group/7/"
      }
    },
    {
      "flavor_text": "The foe is stabbed\nwith a poisonous\nbarb of some sort.\nIt may also poison\nthe target.",
      "language": {
        "name": "en",
        "url": "https://pokeapi.co/api/v2/language/9/"
      },
      "version_group": {
        "name": "diamond-pearl",
        "url": "https://pokeapi.co/api/v2/version-group/8/"
      }
    },
    {
      "flavor_text": "The foe is stabbed\nwith a poisonous\nbarb of some sort.\nIt may also poison\nthe target.",
      "language": {
        "name": "en",
        "url": "https://pokeapi.co/api/v2/language/9/"
      },
      "version_group": {
        "name": "platinum",
        "url": "https://pokeapi.co/api/v2/version-group/9/"
      }
    },
    {
      "flavor_text": "The foe is stabbed\nwith a poisonous\nbarb of some sort.\nIt may also poison\nthe target.",
      "language": {
        "name": "en",
        "url": "https://pokeapi.co/api/v2/language/9/"
      },
      "version_group": {
        "name": "heartgold-soulsilver",
        "url": "https://pokeapi.co/api/v2/version-group/10/"
      }
    },
    {
      "flavor_text": "Un dard toxique qui transperce l\u2019ennemi.\nPeut aussi l\u2019empoisonner.",
      "language": {
        "name": "fr",
        "url": "https://pokeapi.co/api/v2/language/5/"
      },
      "version_group": {
        "name": "black-white",
        "url": "https://pokeapi.co/api/v2/version-group/11/"
      }
    },
    {
      "flavor_text": "The user stabs the target\nwith a poisonous stinger.\nThis may also poison the target.",
      "language": {
        "name": "en",
        "url": "https://pokeapi.co/api/v2/language/9/"
      },
      "version_group": {
        "name": "black-white",
        "url": "https://pokeapi.co/api/v2/version-group/11/"
      }
    },
    {
      "flavor_text": "The user stabs the target\nwith a poisonous stinger.\nThis may also poison the target.",
      "language": {
        "name": "en",
        "url": "https://pokeapi.co/api/v2/language/9/"
      },
      "version_group": {
        "name": "black-2-white-2",
        "url": "https://pokeapi.co/api/v2/version-group/14/"
      }
    },
    {
      "flavor_text": "\u3069\u304f\u306e\u3000\u3042\u308b\u3000\u30cf\u30ea\u3092\n\u3042\u3044\u3066\u306b\u3000\u3064\u304d\u3055\u3057\u3066\u3000\u3053\u3046\u3052\u304d\u3059\u308b\u3002\n\u3069\u304f\u3000\u3058\u3087\u3046\u305f\u3044\u306b\u3000\u3059\u308b\u3053\u3068\u304c\u3000\u3042\u308b\u3002",
      "language": {
        "name": "ja-Hrkt",
        "url": "https://pokeapi.co/api/v2/language/1/"
      },
      "version_group": {
        "name": "x-y",
        "url": "https://pokeapi.co/api/v2/version-group/15/"
      }
    },
    {
      "flavor_text": "\ub3c5\uc774 \uc788\ub294 \uce68\uc744\n\uc0c1\ub300\uc5d0\uac8c \uaff0\ucc14\ub7ec\uc11c \uacf5\uaca9\ud55c\ub2e4.\n\ub3c5 \uc0c1\ud0dc\ub85c \ub9cc\ub4e4 \ub54c\uac00 \uc788\ub2e4.",
      "language": {
        "name": "ko",
        "url": "https://pokeapi.co/api/v2/language/3/"
      },
      "version_group": {
        "name": "x-y",
        "url": "https://pokeapi.co/api/v2/version-group/15/"
      }
    },
    {
      "flavor_text": "Un dard toxique qui transperce l\u2019ennemi.\nPeut aussi l\u2019empoisonner.",
      "language": {
        "name": "fr",
        "url": "https://pokeapi.co/api/v2/language/5/"
      },
      "version_group": {
        "name": "x-y",
        "url": "https://pokeapi.co/api/v2/version-group/15/"
      }
    },
    {
      "flavor_text": "Angriff mit Giftstachel. Das Ziel wird eventuell\nvergiftet.",
      "language": {
        "name": "de",
        "url": "https://pokeapi.co/api/v2/language/6/"
      },
      "version_group": {
        "name": "x-y",
        "url": "https://pokeapi.co/api/v2/version-group/15/"
      }
    },
    {
      "flavor_text": "Lanza un aguij\u00f3n t\u00f3xico que puede envenenar\nal objetivo.",
      "language": {
        "name": "es",
        "url": "https://pokeapi.co/api/v2/language/7/"
      },
      "version_group": {
        "name": "x-y",
        "url": "https://pokeapi.co/api/v2/version-group/15/"
      }
    },
    {
      "flavor_text": "Colpisce il bersaglio con un aculeo tossico\nche pu\u00f2 anche avvelenarlo.",
      "language": {
        "name": "it",
        "url": "https://pokeapi.co/api/v2/language/8/"
      },
      "version_group": {
        "name": "x-y",
        "url": "https://pokeapi.co/api/v2/version-group/15/"
      }
    },
    {
      "flavor_text": "The user stabs the target\nwith a poisonous stinger.\nThis may also poison the target.",
      "language": {
        "name": "en",
        "url": "https://pokeapi.co/api/v2/language/9/"
      },
      "version_group": {
        "name": "x-y",
        "url": "https://pokeapi.co/api/v2/version-group/15/"
      }
    },
    {
      "flavor_text": "\u6bd2\u306e\u3000\u3042\u308b\u3000\u30cf\u30ea\u3092\n\u76f8\u624b\u306b\u3000\u7a81\u304d\u523a\u3057\u3066\u3000\u653b\u6483\u3059\u308b\u3002\n\u6bd2\u72b6\u614b\u306b\u3000\u3059\u308b\u3053\u3068\u304c\u3000\u3042\u308b\u3002",
      "language": {
        "name": "ja",
        "url": "https://pokeapi.co/api/v2/language/11/"
      },
      "version_group": {
        "name": "x-y",
        "url": "https://pokeapi.co/api/v2/version-group/15/"
      }
    },
    {
      "flavor_text": "\u3069\u304f\u306e\u3000\u3042\u308b\u3000\u30cf\u30ea\u3092\n\u3042\u3044\u3066\u306b\u3000\u3064\u304d\u3055\u3057\u3066\u3000\u3053\u3046\u3052\u304d\u3059\u308b\u3002\n\u3069\u304f\u3000\u3058\u3087\u3046\u305f\u3044\u306b\u3000\u3059\u308b\u3053\u3068\u304c\u3000\u3042\u308b\u3002",
      "language": {
        "name": "ja-Hrkt",
        "url": "https://pokeapi.co/api/v2/language/1/"
      },
      "version_group": {
        "name": "omega-ruby-alpha-sapphire",
        "url": "https://pokeapi.co/api/v2/version-group/16/"
      }
    },
    {
      "flavor_text": "\ub3c5\uc774 \uc788\ub294 \uce68\uc744\n\uc0c1\ub300\uc5d0\uac8c \uaff0\ucc14\ub7ec\uc11c \uacf5\uaca9\ud55c\ub2e4.\n\ub3c5 \uc0c1\ud0dc\ub85c \ub9cc\ub4e4 \ub54c\uac00 \uc788\ub2e4.",
      "language": {
        "name": "ko",
        "url": "https://pokeapi.co/api/v2/language/3/"
      },
      "version_group": {
        "name": "omega-ruby-alpha-sapphire",
        "url": "https://pokeapi.co/api/v2/version-group/16/"
      }
    },
    {
      "flavor_text": "Un dard toxique qui transperce l\u2019ennemi.\nPeut aussi l\u2019empoisonner.",
      "language": {
        "name": "fr",
        "url": "https://pokeapi.co/api/v2/language/5/"
      },
      "version_group": {
        "name": "omega-ruby-alpha-sapphire",
        "url": "https://pokeapi.co/api/v2/version-group/16/"
      }
    },
    {
      "flavor_text": "Angriff mit Giftstachel. Das Ziel wird eventuell\nvergiftet.",
      "language": {
        "name": "de",
        "url": "https://pokeapi.co/api/v2/language/6/"
      },
      "version_group": {
        "name": "omega-ruby-alpha-sapphire",
        "url": "https://pokeapi.co/api/v2/version-group/16/"
      }
    },
    {
      "flavor_text": "Lanza un aguij\u00f3n t\u00f3xico que puede envenenar al \nobjetivo.",
      "language": {
        "name": "es",
        "url": "https://pokeapi.co/api/v2/language/7/"
      },
      "version_group": {
        "name": "omega-ruby-alpha-sapphire",
        "url": "https://pokeapi.co/api/v2/version-group/16/"
      }
    },
    {
      "flavor_text": "Colpisce il bersaglio con un aculeo tossico\nche pu\u00f2 anche avvelenarlo.",
      "language": {
        "name": "it",
        "url": "https://pokeapi.co/api/v2/language/8/"
      },
      "version_group": {
        "name": "omega-ruby-alpha-sapphire",
        "url": "https://pokeapi.co/api/v2/version-group/16/"
      }
    },
    {
      "flavor_text": "The user stabs the target\nwith a poisonous stinger.\nThis may also poison the target.",
      "language": {
        "name": "en",
        "url": "https://pokeapi.co/api/v2/language/9/"
      },
      "version_group": {
        "name": "omega-ruby-alpha-sapphire",
        "url": "https://pokeapi.co/api/v2/version-group/16/"
      }
    },
    {
      "flavor_text": "\u6bd2\u306e\u3000\u3042\u308b\u3000\u30cf\u30ea\u3092\n\u76f8\u624b\u306b\u3000\u7a81\u304d\u523a\u3057\u3066\u3000\u653b\u6483\u3059\u308b\u3002\n\u6bd2\u72b6\u614b\u306b\u3000\u3059\u308b\u3053\u3068\u304c\u3000\u3042\u308b\u3002",
      "language": {
        "name": "ja",
        "url": "https://pokeapi.co/api/v2/language/11/"
      },
      "version_group": {
        "name": "omega-ruby-alpha-sapphire",
        "url": "https://pokeapi.co/api/v2/version-group/16/"
      }
    },
    {
      "flavor_text": "\u3069\u304f\u306e\u3000\u3042\u308b\u3000\u30cf\u30ea\u3092\n\u3042\u3044\u3066\u306b\u3000\u3064\u304d\u3055\u3057\u3066\u3000\u3053\u3046\u3052\u304d\u3059\u308b\u3002\n\u3069\u304f\u3000\u3058\u3087\u3046\u305f\u3044\u306b\u3000\u3059\u308b\u3053\u3068\u304c\u3000\u3042\u308b\u3002",
      "language": {
        "name": "ja-Hrkt",
        "url": "https://pokeapi.co/api/v2/language/1/"
      },
      "version_group": {
        "name": "sun-moon",
        "url": "https://pokeapi.co/api/v2/version-group/17/"
      }
    },
    {
      "flavor_text": "\ub3c5\uc774 \uc788\ub294 \uce68\uc744\n\uc0c1\ub300\uc5d0\uac8c \uaff0\ucc14\ub7ec\uc11c \uacf5\uaca9\ud55c\ub2e4.\n\ub3c5 \uc0c1\ud0dc\ub85c \ub9cc\ub4e4 \ub54c\uac00 \uc788\ub2e4.",
      "language": {
        "name": "ko",
        "url": "https://pokeapi.co/api/v2/language/3/"
      },
      "version_group": {
        "name": "sun-moon",
        "url": "https://pokeapi.co/api/v2/version-group/17/"
      }
    },
    {
      "flavor_text": "\u5c07\u6709\u6bd2\u7684\u91dd\n\u523a\u9032\u5c0d\u624b\u9032\u884c\u653b\u64ca\u3002\n\u6709\u6642\u6703\u8b93\u5c0d\u624b\u9677\u5165\u4e2d\u6bd2\u72c0\u614b\u3002",
      "language": {
        "name": "zh-Hant",
        "url": "https://pokeapi.co/api/v2/language/4/"
      },
      "version_group": {
        "name": "sun-moon",
        "url": "https://pokeapi.co/api/v2/version-group/17/"
      }
    },
    {
      "flavor_text": "Un dard toxique qui transperce l\u2019ennemi.\nPeut aussi l\u2019empoisonner.",
      "language": {
        "name": "fr",
        "url": "https://pokeapi.co/api/v2/language/5/"
      },
      "version_group": {
        "name": "sun-moon",
        "url": "https://pokeapi.co/api/v2/version-group/17/"
      }
    },
    {
      "flavor_text": "Angriff mit Giftstachel. Das Ziel wird eventuell\nvergiftet.",
      "language": {
        "name": "de",
        "url": "https://pokeapi.co/api/v2/language/6/"
      },
      "version_group": {
        "name": "sun-moon",
        "url": "https://pokeapi.co/api/v2/version-group/17/"
      }
    },
    {
      "flavor_text": "Lanza un aguij\u00f3n t\u00f3xico que puede envenenar al \nobjetivo.",
      "language": {
        "name": "es",
        "url": "https://pokeapi.co/api/v2/language/7/"
      },
      "version_group": {
        "name": "sun-moon",
        "url": "https://pokeapi.co/api/v2/version-group/17/"
      }
    },
    {
      "flavor_text": "Colpisce il bersaglio con un aculeo tossico\nche pu\u00f2 anche avvelenarlo.",
      "language": {
        "name": "it",
        "url": "https://pokeapi.co/api/v2/language/8/"
      },
      "version_group": {
        "name": "sun-moon",
        "url": "https://pokeapi.co/api/v2/version-group/17/"
      }
    },
    {
      "flavor_text": "The user stabs the target with a poisonous stinger.\nThis may also poison the target.",
      "language": {
        "name": "en",
        "url": "https://pokeapi.co/api/v2/language/9/"
      },
      "version_group": {
        "name": "sun-moon",
        "url": "https://pokeapi.co/api/v2/version-group/17/"
      }
    },
    {
      "flavor_text": "\u6bd2\u306e\u3000\u3042\u308b\u3000\u30cf\u30ea\u3092\n\u76f8\u624b\u306b\u3000\u7a81\u304d\u523a\u3057\u3066\u3000\u653b\u6483\u3059\u308b\u3002\n\u6bd2\u72b6\u614b\u306b\u3000\u3059\u308b\u3053\u3068\u304c\u3000\u3042\u308b\u3002",
      "language": {
        "name": "ja",
        "url": "https://pokeapi.co/api/v2/language/11/"
      },
      "version_group": {
        "name": "sun-moon",
        "url": "https://pokeapi.co/api/v2/version-group/17/"
      }
    },
    {
      "flavor_text": "\u5c06\u6709\u6bd2\u7684\u9488\n\u523a\u5165\u5bf9\u624b\u8fdb\u884c\u653b\u51fb\u3002\n\u6709\u65f6\u4f1a\u8ba9\u5bf9\u624b\u9677\u5165\u4e2d\u6bd2\u72b6\u6001\u3002",
      "language": {
        "name": "zh-Hans",
        "url": "https://pokeapi.co/api/v2/language/12/"
      },
      "version_group": {
        "name": "sun-moon",
        "url": "https://pokeapi.co/api/v2/version-group/17/"
      }
    },
    {
      "flavor_text": "\u3069\u304f\u306e\u3000\u3042\u308b\u3000\u30cf\u30ea\u3092\n\u3042\u3044\u3066\u306b\u3000\u3064\u304d\u3055\u3057\u3066\u3000\u3053\u3046\u3052\u304d\u3059\u308b\u3002\n\u3069\u304f\u3000\u3058\u3087\u3046\u305f\u3044\u306b\u3000\u3059\u308b\u3053\u3068\u304c\u3000\u3042\u308b\u3002",
      "language": {
        "name": "ja-Hrkt",
        "url": "https://pokeapi.co/api/v2/language/1/"
      },
      "version_group": {
        "name": "ultra-sun-ultra-moon",
        "url": "https://pokeapi.co/api/v2/version-group/18/"
      }
    },
    {
      "flavor_text": "\ub3c5\uc774 \uc788\ub294 \uce68\uc744\n\uc0c1\ub300\uc5d0\uac8c \uaff0\ucc14\ub7ec\uc11c \uacf5\uaca9\ud55c\ub2e4.\n\ub3c5 \uc0c1\ud0dc\ub85c \ub9cc\ub4e4 \ub54c\uac00 \uc788\ub2e4.",
      "language": {
        "name": "ko",
        "url": "https://pokeapi.co/api/v2/language/3/"
      },
      "version_group": {
        "name": "ultra-sun-ultra-moon",
        "url": "https://pokeapi.co/api/v2/version-group/18/"
      }
    },
    {
      "flavor_text": "\u5c07\u6709\u6bd2\u7684\u91dd\n\u523a\u9032\u5c0d\u624b\u9032\u884c\u653b\u64ca\u3002\n\u6709\u6642\u6703\u8b93\u5c0d\u624b\u9677\u5165\u4e2d\u6bd2\u72c0\u614b\u3002",
      "language": {
        "name": "zh-Hant",
        "url": "https://pokeapi.co/api/v2/language/4/"
      },
      "version_group": {
        "name": "ultra-sun-ultra-moon",
        "url": "https://pokeapi.co/api/v2/version-group/18/"
      }
    },
    {
      "flavor_text": "Un dard toxique qui transperce l\u2019ennemi.\nPeut aussi l\u2019empoisonner.",
      "language": {
        "name": "fr",
        "url": "https://pokeapi.co/api/v2/language/5/"
      },
      "version_group": {
        "name": "ultra-sun-ultra-moon",
        "url": "https://pokeapi.co/api/v2/version-group/18/"
      }
    },
    {
      "flavor_text": "Angriff mit Giftstachel. Das Ziel wird eventuell\nvergiftet.",
      "language": {
        "name": "de",
        "url": "https://pokeapi.co/api/v2/language/6/"
      },
      "version_group": {
        "name": "ultra-sun-ultra-moon",
        "url": "https://pokeapi.co/api/v2/version-group/18/"
      }
    },
    {
      "flavor_text": "Lanza un aguij\u00f3n t\u00f3xico que puede envenenar al \nobjetivo.",
      "language": {
        "name": "es",
        "url": "https://pokeapi.co/api/v2/language/7/"
      },
      "version_group": {
        "name": "ultra-sun-ultra-moon",
        "url": "https://pokeapi.co/api/v2/version-group/18/"
      }
    },
    {
      "flavor_text": "Colpisce il bersaglio con un aculeo tossico\nche pu\u00f2 anche avvelenarlo.",
      "language": {
        "name": "it",
        "url": "https://pokeapi.co/api/v2/language/8/"
      },
      "version_group": {
        "name": "ultra-sun-ultra-moon",
        "url": "https://pokeapi.co/api/v2/version-group/18/"
      }
    },
    {
      "flavor_text": "The user stabs the target with a poisonous stinger.\nThis may also poison the target.",
      "language": {
        "name": "en",
        "url": "https://pokeapi.co/api/v2/language/9/"
      },
      "version_group": {
        "name": "ultra-sun-ultra-moon",
        "url": "https://pokeapi.co/api/v2/version-group/18/"
      }
    },
    {
      "flavor_text": "\u6bd2\u306e\u3000\u3042\u308b\u3000\u30cf\u30ea\u3092\n\u76f8\u624b\u306b\u3000\u7a81\u304d\u523a\u3057\u3066\u3000\u653b\u6483\u3059\u308b\u3002\n\u6bd2\u72b6\u614b\u306b\u3000\u3059\u308b\u3053\u3068\u304c\u3000\u3042\u308b\u3002",
      "language": {
        "name": "ja",
        "url": "https://pokeapi.co/api/v2/language/11/"
      },
      "version_group": {
        "name": "ultra-sun-ultra-moon",
        "url": "https://pokeapi.co/api/v2/version-group/18/"
      }
    },
    {
      "flavor_text": "\u5c06\u6709\u6bd2\u7684\u9488\n\u523a\u5165\u5bf9\u624b\u8fdb\u884c\u653b\u51fb\u3002\n\u6709\u65f6\u4f1a\u8ba9\u5bf9\u624b\u9677\u5165\u4e2d\u6bd2\u72b6\u6001\u3002",
      "language": {
        "name": "zh-Hans",
        "url": "https://pokeapi.co/api/v2/language/12/"
      },
      "version_group": {
        "name": "ultra-sun-ultra-moon",
        "url": "https://pokeapi.co/api/v2/version-group/18/"
      }
    },
    {
      "flavor_text": "\u3069\u304f\u306e\u3000\u3042\u308b\u3000\u30cf\u30ea\u3092\n\u3042\u3044\u3066\u306b\u3000\u3064\u304d\u3055\u3057\u3066\u3000\u3053\u3046\u3052\u304d\u3059\u308b\u3002\n\u3069\u304f\u3000\u3058\u3087\u3046\u305f\u3044\u306b\u3000\u3059\u308b\u3053\u3068\u304c\u3000\u3042\u308b\u3002",
      "language": {
        "name": "ja-Hrkt",
        "url": "https://pokeapi.co/api/v2/language/1/"
      },
      "version_group": {
        "name": "lets-go-pikachu-lets-go-eevee",
        "url": "https://pokeapi.co/api/v2/version-group/19/"
      }
    },
    {
      "flavor_text": "\ub3c5\uc774 \uc788\ub294 \uce68\uc744\n\uc0c1\ub300\uc5d0\uac8c \uaff0\ucc14\ub7ec\uc11c \uacf5\uaca9\ud55c\ub2e4.\n\ub3c5 \uc0c1\ud0dc\ub85c \ub9cc\ub4e4 \ub54c\uac00 \uc788\ub2e4.",
      "language": {
        "name": "ko",
        "url": "https://pokeapi.co/api/v2/language/3/"
      },
      "version_group": {
        "name": "lets-go-pikachu-lets-go-eevee",
        "url": "https://pokeapi.co/api/v2/version-group/19/"
      }
    },
    {
      "flavor_text": "\u5c07\u6709\u6bd2\u7684\u91dd\n\u523a\u9032\u5c0d\u624b\u9032\u884c\u653b\u64ca\u3002\n\u6709\u6642\u6703\u8b93\u5c0d\u624b\u9677\u5165\u4e2d\u6bd2\u72c0\u614b\u3002",
      "language": {
        "name": "zh-Hant",
        "url": "https://pokeapi.co/api/v2/language/4/"
      },
      "version_group": {
        "name": "lets-go-pikachu-lets-go-eevee",
        "url": "https://pokeapi.co/api/v2/version-group/19/"
      }
    },
    {
      "flavor_text": "Un dard toxique qui transperce l\u2019ennemi.\nPeut aussi l\u2019empoisonner.",
      "language": {
        "name": "fr",
        "url": "https://pokeapi.co/api/v2/language/5/"
      },
      "version_group": {
        "name": "lets-go-pikachu-lets-go-eevee",
        "url": "https://pokeapi.co/api/v2/version-group/19/"
      }
    },
    {
      "flavor_text": "Angriff mit Giftstachel. Das Ziel wird eventuell\nvergiftet.",
      "language": {
        "name": "de",
        "url": "https://pokeapi.co/api/v2/language/6/"
      },
      "version_group": {
        "name": "lets-go-pikachu-lets-go-eevee",
        "url": "https://pokeapi.co/api/v2/version-group/19/"
      }
    },
    {
      "flavor_text": "Lanza un aguij\u00f3n t\u00f3xico que puede envenenar al \nobjetivo.",
      "language": {
        "name": "es",
        "url": "https://pokeapi.co/api/v2/language/7/"
      },
      "version_group": {
        "name": "lets-go-pikachu-lets-go-eevee",
        "url": "https://pokeapi.co/api/v2/version-group/19/"
      }
    },
    {
      "flavor_text": "Colpisce il bersaglio con un aculeo tossico\nche pu\u00f2 anche avvelenarlo.",
      "language": {
        "name": "it",
        "url": "https://pokeapi.co/api/v2/language/8/"
      },
      "version_group": {
        "name": "lets-go-pikachu-lets-go-eevee",
        "url": "https://pokeapi.co/api/v2/version-group/19/"
      }
    },
    {
      "flavor_text": "The user stabs the target with a poisonous stinger.\nThis may also poison the target.",
      "language": {
        "name": "en",
        "url": "https://pokeapi.co/api/v2/language/9/"
      },
      "version_group": {
        "name": "lets-go-pikachu-lets-go-eevee",
        "url": "https://pokeapi.co/api/v2/version-group/19/"
      }
    },
    {
      "flavor_text": "\u6bd2\u306e\u3000\u3042\u308b\u3000\u30cf\u30ea\u3092\n\u76f8\u624b\u306b\u3000\u7a81\u304d\u523a\u3057\u3066\u3000\u653b\u6483\u3059\u308b\u3002\n\u6bd2\u72b6\u614b\u306b\u3000\u3059\u308b\u3053\u3068\u304c\u3000\u3042\u308b\u3002",
      "language": {
        "name": "ja",
        "url": "https://pokeapi.co/api/v2/language/11/"
      },
      "version_group": {
        "name": "lets-go-pikachu-lets-go-eevee",
        "url": "https://pokeapi.co/api/v2/version-group/19/"
      }
    },
    {
      "flavor_text": "\u5c06\u6709\u6bd2\u7684\u9488\n\u523a\u5165\u5bf9\u624b\u8fdb\u884c\u653b\u51fb\u3002\n\u6709\u65f6\u4f1a\u8ba9\u5bf9\u624b\u9677\u5165\u4e2d\u6bd2\u72b6\u6001\u3002",
      "language": {
        "name": "zh-Hans",
        "url": "https://pokeapi.co/api/v2/language/12/"
      },
      "version_group": {
        "name": "lets-go-pikachu-lets-go-eevee",
        "url": "https://pokeapi.co/api/v2/version-group/19/"
      }
    },
    {
      "flavor_text": "\u3069\u304f\u306e\u3000\u3042\u308b\u3000\u30cf\u30ea\u3092\n\u3042\u3044\u3066\u306b\u3000\u3064\u304d\u3055\u3057\u3066\u3000\u3053\u3046\u3052\u304d\u3059\u308b\u3002\n\u3069\u304f\u3000\u3058\u3087\u3046\u305f\u3044\u306b\u3000\u3059\u308b\u3053\u3068\u304c\u3000\u3042\u308b\u3002",
      "language": {
        "name": "ja-Hrkt",
        "url": "https://pokeapi.co/api/v2/language/1/"
      },
      "version_group": {
        "name": "sword-shield",
        "url": "https://pokeapi.co/api/v2/version-group/20/"
      }
    },
    {
      "flavor_text": "\ub3c5\uc774 \uc788\ub294 \uce68\uc744\n\uc0c1\ub300\uc5d0\uac8c \uaff0\ucc14\ub7ec\uc11c \uacf5\uaca9\ud55c\ub2e4.\n\ub3c5 \uc0c1\ud0dc\ub85c \ub9cc\ub4e4 \ub54c\uac00 \uc788\ub2e4.",
      "language": {
        "name": "ko",
        "url": "https://pokeapi.co/api/v2/language/3/"
      },
      "version_group": {
        "name": "sword-shield",
        "url": "https://pokeapi.co/api/v2/version-group/20/"
      }
    },
    {
      "flavor_text": "\u5c07\u6709\u6bd2\u7684\u91dd\n\u523a\u9032\u5c0d\u624b\u9032\u884c\u653b\u64ca\u3002\n\u6709\u6642\u6703\u8b93\u5c0d\u624b\u9677\u5165\u4e2d\u6bd2\u72c0\u614b\u3002",
      "language": {
        "name": "zh-Hant",
        "url": "https://pokeapi.co/api/v2/language/4/"
      },
      "version_group": {
        "name": "sword-shield",
        "url": "https://pokeapi.co/api/v2/version-group/20/"
      }
    },
    {
      "flavor_text": "Un dard toxique qui transperce l\u2019ennemi.\nPeut aussi l\u2019empoisonner.",
      "language": {
        "name": "fr",
        "url": "https://pokeapi.co/api/v2/language/5/"
      },
      "version_group": {
        "name": "sword-shield",
        "url": "https://pokeapi.co/api/v2/version-group/20/"
      }
    },
    {
      "flavor_text": "Angriff mit Giftstachel. Das Ziel wird eventuell vergiftet.",
      "language": {
        "name": "de",
        "url": "https://pokeapi.co/api/v2/language/6/"
      },
      "version_group": {
        "name": "sword-shield",
        "url": "https://pokeapi.co/api/v2/version-group/20/"
      }
    },
    {
      "flavor_text": "Lanza un aguij\u00f3n t\u00f3xico que puede envenenar al \nobjetivo.",
      "language": {
        "name": "es",
        "url": "https://pokeapi.co/api/v2/language/7/"
      },
      "version_group": {
        "name": "sword-shield",
        "url": "https://pokeapi.co/api/v2/version-group/20/"
      }
    },
    {
      "flavor_text": "Colpisce il bersaglio con un aculeo tossico\nche pu\u00f2 anche avvelenarlo.",
      "language": {
        "name": "it",
        "url": "https://pokeapi.co/api/v2/language/8/"
      },
      "version_group": {
        "name": "sword-shield",
        "url": "https://pokeapi.co/api/v2/version-group/20/"
      }
    },
    {
      "flavor_text": "The user stabs the target with a poisonous stinger.\nThis may also poison the target.",
      "language": {
        "name": "en",
        "url": "https://pokeapi.co/api/v2/language/9/"
      },
      "version_group": {
        "name": "sword-shield",
        "url": "https://pokeapi.co/api/v2/version-group/20/"
      }
    },
    {
      "flavor_text": "\u6bd2\u306e\u3000\u3042\u308b\u3000\u30cf\u30ea\u3092\n\u76f8\u624b\u306b\u3000\u7a81\u304d\u523a\u3057\u3066\u3000\u653b\u6483\u3059\u308b\u3002\n\u6bd2\u72b6\u614b\u306b\u3000\u3059\u308b\u3053\u3068\u304c\u3000\u3042\u308b\u3002",
      "language": {
        "name": "ja",
        "url": "https://pokeapi.co/api/v2/language/11/"
      },
      "version_group": {
        "name": "sword-shield",
        "url": "https://pokeapi.co/api/v2/version-group/20/"
      }
    },
    {
      "flavor_text": "\u5c06\u6709\u6bd2\u7684\u9488\n\u523a\u5165\u5bf9\u624b\u8fdb\u884c\u653b\u51fb\u3002\n\u6709\u65f6\u4f1a\u8ba9\u5bf9\u624b\u9677\u5165\u4e2d\u6bd2\u72b6\u6001\u3002",
      "language": {
        "name": "zh-Hans",
        "url": "https://pokeapi.co/api/v2/language/12/"
      },
      "version_group": {
        "name": "sword-shield",
        "url": "https://pokeapi.co/api/v2/version-group/20/"
      }
    },
    {
      "flavor_text": "The user stabs the target with a poisonous stinger. This may also poison the target.",
      "language": {
        "name": "en",
        "url": "https://pokeapi.co/api/v2/language/9/"
      },
      "version_group": {
        "name": "legends-arceus",
        "url": "https://pokeapi.co/api/v2/version-group/24/"
      }
    },
    {
      "flavor_text": "The user stabs the target with a poisonous stinger to inflict damage. This may also poison the target.",
      "language": {
        "name": "en",
        "url": "https://pokeapi.co/api/v2/language/9/"
      },
      "version_group": {
        "name": "scarlet-violet",
        "url": "https://pokeapi.co/api/v2/version-group/25/"
      }
    }
  ],
  "generation": {
    "name": "generation-i",
    "url": "https://pokeapi.co/api/v2/generation/1/"
  },
  "id": 40,
  "learned_by_pokemon": [
    {
      "name": "weedle",
      "url": "https://pokeapi.co/api/v2/pokemon/13/"
    },
    {
      "name": "beedrill",
      "url": "https://pokeapi.co/api/v2/pokemon/15/"
    },
    {
      "name": "ekans",
      "url": "https://pokeapi.co/api/v2/pokemon/23/"
    },
    {
      "name": "arbok",
      "url": "https://pokeapi.co/api/v2/pokemon/24/"
    },
    {
      "name": "sandshrew",
      "url": "https://pokeapi.co/api/v2/pokemon/27/"
    },
    {
      "name": "sandslash",
      "url": "https://pokeapi.co/api/v2/pokemon/28/"
    },
    {
      "name": "nidoran-f",
      "url": "https://pokeapi.co/api/v2/pokemon/29/"
    },
    {
      "name": "nidorina",
      "url": "https://pokeapi.co/api/v2/pokemon/30/"
    },
    {
      "name": "nidoqueen",
      "url": "https://pokeapi.co/api/v2/pokemon/31/"
    },
    {
      "name": "nidoran-m",
      "url": "https://pokeapi.co/api/v2/pokemon/32/"
    },
    {
      "name": "nidorino",
      "url": "https://pokeapi.co/api/v2/pokemon/33/"
    },
    {
      "name": "nidoking",
      "url": "https://pokeapi.co/api/v2/pokemon/34/"
    },
    {
      "name": "tentacool",
      "url": "https://pokeapi.co/api/v2/pokemon/72/"
    },
    {
      "name": "tentacruel",
      "url": "https://pokeapi.co/api/v2/pokemon/73/"
    },
    {
      "name": "spinarak",
      "url": "https://pokeapi.co/api/v2/pokemon/167/"
    },
    {
      "name": "ariados",
      "url": "https://pokeapi.co/api/v2/pokemon/168/"
    },
    {
      "name": "gligar",
      "url": "https://pokeapi.co/api/v2/pokemon/207/"
    },
    {
      "name": "qwilfish",
      "url": "https://pokeapi.co/api/v2/pokemon/211/"
    },
    {
      "name": "wurmple",
      "url": "https://pokeapi.co/api/v2/pokemon/265/"
    },
    {
      "name": "silcoon",
      "url": "https://pokeapi.co/api/v2/pokemon/266/"
    },
    {
      "name": "beautifly",
      "url": "https://pokeapi.co/api/v2/pokemon/267/"
    },
    {
      "name": "cascoon",
      "url": "https://pokeapi.co/api/v2/pokemon/268/"
    },
    {
      "name": "dustox",
      "url": "https://pokeapi.co/api/v2/pokemon/269/"
    },
    {
      "name": "roselia",
      "url": "https://pokeapi.co/api/v2/pokemon/315/"
    },
    {
      "name": "cacnea",
      "url": "https://pokeapi.co/api/v2/pokemon/331/"
    },
    {
      "name": "cacturne",
      "url": "https://pokeapi.co/api/v2/pokemon/332/"
    },
    {
      "name": "budew",
      "url": "https://pokeapi.co/api/v2/pokemon/406/"
    },
    {
      "name": "roserade",
      "url": "https://pokeapi.co/api/v2/pokemon/407/"
    },
    {
      "name": "vespiquen",
      "url": "https://pokeapi.co/api/v2/pokemon/416/"
    },
    {
      "name": "skorupi",
      "url": "https://pokeapi.co/api/v2/pokemon/451/"
    },
    {
      "name": "drapion",
      "url": "https://pokeapi.co/api/v2/pokemon/452/"
    },
    {
      "name": "croagunk",
      "url": "https://pokeapi.co/api/v2/pokemon/453/"
    },
    {
      "name": "toxicroak",
      "url": "https://pokeapi.co/api/v2/pokemon/454/"
    },
    {
      "name": "gliscor",
      "url": "https://pokeapi.co/api/v2/pokemon/472/"
    },
    {
      "name": "venipede",
      "url": "https://pokeapi.co/api/v2/pokemon/543/"
    },
    {
      "name": "whirlipede",
      "url": "https://pokeapi.co/api/v2/pokemon/544/"
    },
    {
      "name": "scolipede",
      "url": "https://pokeapi.co/api/v2/pokemon/545/"
    },
    {
      "name": "frillish",
      "url": "https://pokeapi.co/api/v2/pokemon/592/"
    },
    {
      "name": "jellicent",
      "url": "https://pokeapi.co/api/v2/pokemon/593/"
    },
    {
      "name": "joltik",
      "url": "https://pokeapi.co/api/v2/pokemon/595/"
    },
    {
      "name": "galvantula",
      "url": "https://pokeapi.co/api/v2/pokemon/596/"
    },
    {
      "name": "mareanie",
      "url": "https://pokeapi.co/api/v2/pokemon/747/"
    },
    {
      "name": "toxapex",
      "url": "https://pokeapi.co/api/v2/pokemon/748/"
    },
    {
      "name": "overqwil",
      "url": "https://pokeapi.co/api/v2/pokemon/904/"
    },
    {
      "name": "clodsire",
      "url": "https://pokeapi.co/api/v2/pokemon/980/"
    },
    {
      "name": "qwilfish-hisui",
      "url": "https://pokeapi.co/api/v2/pokemon/10234/"
    }
  ],
  "machines": [],
  "meta": {
    "ailment": {
      "name": "poison",
      "url": "https://pokeapi.co/api/v2/move-ailment/5/"
    },
    "ailment_chance": 30,
    "category": {
      "name": "damage+ailment",
      "url": "https://pokeapi.co/api/v2/move-category/4/"
    },
    "crit_rate": 0,
    "drain": 0,
    "flinch_chance": 0,
    "healing": 0,
    "max_hits": null,
    "max_turns": null,
    "min_hits": null,
    "min_turns": null,
    "stat_chance": 0
  },
  "name": "poison-sting",
  "names": [
    {
      "language": {
        "name": "ja-Hrkt",
        "url": "https://pokeapi.co/api/v2/language/1/"
      },
      "name": "\u3069\u304f\u3070\u308a"
    },
    {
      "language": {
        "name": "ko",
        "url": "https://pokeapi.co/api/v2/language/3/"
      },
      "name": "\ub3c5\uce68"
    },
    {
      "language": {
        "name": "zh-Hant",
        "url": "https://pokeapi.co/api/v2/language/4/"
      },
      "name": "\u6bd2\u91dd"
    },
    {
      "language": {
        "name": "fr",
        "url": "https://pokeapi.co/api/v2/language/5/"
      },
      "name": "Dard-Venin"
    },
    {
      "language": {
        "name": "de",
        "url": "https://pokeapi.co/api/v2/language/6/"
      },
      "name": "Giftstachel"
    },
    {
      "language": {
        "name": "es",
        "url": "https://pokeapi.co/api/v2/language/7/"
      },
      "name": "Picotazo Veneno"
    },
    {
      "language": {
        "name": "it",
        "url": "https://pokeapi.co/api/v2/language/8/"
      },
      "name": "Velenospina"
    },
    {
      "language": {
        "name": "en",
        "url": "https://pokeapi.co/api/v2/language/9/"
      },
      "name": "Poison Sting"
    },
    {
      "language": {
        "name": "ja",
        "url": "https://pokeapi.co/api/v2/language/11/"
      },
      "name": "\u3069\u304f\u3070\u308a"
    },
    {
      "language": {
        "name": "zh-Hans",
        "url": "https://pokeapi.co/api/v2/language/12/"
      },
      "name": "\u6bd2\u9488"
    }
  ],
  "past_values": [
    {
      "accuracy": null,
      "effect_chance": null,
      "effect_entries": [],
      "power": null,
      "pp": null,
      "type": null,
      "version_group": {
        "name": "gold-silver",
        "url": "https://pokeapi.co/api/v2/version-group/3/"
      }
    }
  ],
  "power": 15,
  "pp": 35,
  "priority": 0,
  "stat_changes": [],
  "super_contest_effect": {
    "url": "https://pokeapi.co/api/v2/super-contest-effect/19/"
  },
  "target": {
    "name": "selected-pokemon",
    "url": "https://pokeapi.co/api/v2/move-target/10/"
  },
  "type": {
    "name": "poison",
    "url": "https://pokeapi.co/api/v2/type/4/"
  }
}