{
  "accuracy": 100,
  "contest_combos": null,
  "contest_effect": null,
  "contest_type": null,
  "damage_class": {
    "name": "status",
    "url": "https://pokeapi.co/api/v2/move-damage-class/1/"
  },
  "effect_chance": 100,
  "effect_changes": [],
  "effect_entries": [
    {
      "effect": "Lowers the target\u2019s Attack, Special Attack, and Speed by one stage if it is poisoned.",
      "language": {
        "name": "en",
        "url": "https://pokeapi.co/api/v2/language/9/"
      },
      "short_effect": "Lowers the target\u2019s Attack, Special Attack, and Speed by one stage if it is poisoned."
    }
  ],
  "flavor_text_entries": [
    {
      "flavor_text": "\u3068\u304f\u3057\u3085\u306a\u3000\u3069\u304f\u3048\u304d\u3092\u3000\u3042\u3073\u305b\u304b\u3051\u308b\u3002\n\u3069\u304f\u3000\u3058\u3087\u3046\u305f\u3044\u306e\u3000\u3042\u3044\u3066\u306f\n\u3053\u3046\u3052\u304d\u3000\u3068\u304f\u3053\u3046\u3000\u3059\u3070\u3084\u3055\u304c\u3000\u3055\u304c\u308b\u3002",
      "language": {
        "name": "ja-Hrkt",
        "url": "https://pokeapi.co/api/v2/language/1/"
      },
      "version_group": {
        "name": "x-y",
        "url": "https://pokeapi.co/api/v2/version-group/15/"
      }
    },
    {
      "flavor_text": "\ud2b9\uc218\ud55c \ub3c5\uc561\uc744 \ub07c\uc5b9\ub294\ub2e4.\n\ub3c5 \uc0c1\ud0dc\uc778 \uc0c1\ub300\ub294\n\uacf5\uaca9, \ud2b9\uc218\uacf5\uaca9, \uc2a4\ud53c\ub4dc\uac00 \ub5a8\uc5b4\uc9c4\ub2e4.",
      "language": {
        "name": "ko",
        "url": "https://pokeapi.co/api/v2/language/3/"
      },
      "version_group": {
        "name": "x-y",
        "url": "https://pokeapi.co/api/v2/version-group/15/"
      }
    },
    {
      "flavor_text": "S\u00e9cr\u00e8te un liquide empoisonn\u00e9.\nDiminue l\u2019Attaque, l\u2019Attaque Sp\u00e9ciale et la Vitesse\nde l\u2019ennemi empoisonn\u00e9.",
      "language": {
        "name": "fr",
        "url": "https://pokeapi.co/api/v2/language/5/"
      },
      "version_group": {
        "name": "x-y",
        "url": "https://pokeapi.co/api/v2/version-group/15/"
      }
    },
    {
      "flavor_text": "Anwender bespritzt das Ziel mit einer speziellen\nGiftfl\u00fcssigkeit. Senkt den Angriff, den Spezial-\nAngriff und die Initiative von vergifteten Zielen.",
      "language": {
        "name": "de",
        "url": "https://pokeapi.co/api/v2/language/6/"
      },
      "version_group": {
        "name": "x-y",
        "url": "https://pokeapi.co/api/v2/version-group/15/"
      }
    },
    {
      "flavor_text": "Impregna a su objetivo con un l\u00edquido venenoso\nque disminuye el Ataque, el At. Esp. y la Velocidad.\nSolo afecta a Pok\u00e9mon ya envenenados.",
      "language": {
        "name": "es",
        "url": "https://pokeapi.co/api/v2/language/7/"
      },
      "version_group": {
        "name": "x-y",
        "url": "https://pokeapi.co/api/v2/version-group/15/"
      }
    },
    {
      "flavor_text": "Emette un liquido particolare che riduce\nl\u2019Attacco, l\u2019Attacco Speciale e la Velocit\u00e0\ndei nemici avvelenati intorno a chi la usa.",
      "language": {
        "name": "it",
        "url": "https://pokeapi.co/api/v2/language/8/"
      },
      "version_group": {
        "name": "x-y",
        "url": "https://pokeapi.co/api/v2/version-group/15/"
      }
    },
    {
      "flavor_text": "Opposing Pok\u00e9mon are drenched in an odd\npoisonous liquid. This lowers the Attack,\nSp. Atk, and Speed stats of a poisoned target.",
      "language": {
        "name": "en",
        "url": "https://pokeapi.co/api/v2/language/9/"
      },
      "version_group": {
        "name": "x-y",
        "url": "https://pokeapi.co/api/v2/version-group/15/"
      }
    },
    {
      "flavor_text": "\u7279\u6b8a\u306a\u3000\u6bd2\u6db2\u3092\u3000\u6d74\u3073\u305b\u304b\u3051\u308b\u3002\n\u6bd2\u72b6\u614b\u306e\u3000\u76f8\u624b\u306f\n\u653b\u6483\u3000\u7279\u653b\u3000\u7d20\u65e9\u3055\u304c\u3000\u3055\u304c\u308b\u3002",
      "language": {
        "name": "ja",
        "url": "https://pokeapi.co/api/v2/language/11/"
      },
      "version_group": {
        "name": "x-y",
        "url": "https://pokeapi.co/api/v2/version-group/15/"
      }
    },
    {
      "flavor_text": "\u3068\u304f\u3057\u3085\u306a\u3000\u3069\u304f\u3048\u304d\u3092\u3000\u3042\u3073\u305b\u304b\u3051\u308b\u3002\n\u3069\u304f\u3000\u3058\u3087\u3046\u305f\u3044\u306e\u3000\u3042\u3044\u3066\u306f\n\u3053\u3046\u3052\u304d\u3000\u3068\u304f\u3053\u3046\u3000\u3059\u3070\u3084\u3055\u304c\u3000\u3055\u304c\u308b\u3002",
      "language": {
        "name": "ja-Hrkt",
        "url": "https://pokeapi.co/api/v2/language/1/"
      },
      "version_group": {
        "name": "omega-ruby-alpha-sapphire",
        "url": "https://pokeapi.co/api/v2/version-group/16/"
      }
    },
    {
      "flavor_text": "\ud2b9\uc218\ud55c \ub3c5\uc561\uc744 \ub07c\uc5b9\ub294\ub2e4.\n\ub3c5 \uc0c1\ud0dc\uc778 \uc0c1\ub300\ub294\n\uacf5\uaca9, \ud2b9\uc218\uacf5\uaca9, \uc2a4\ud53c\ub4dc\uac00 \ub5a8\uc5b4\uc9c4\ub2e4.",
      "language": {
        "name": "ko",
        "url": "https://pokeapi.co/api/v2/language/3/"
      },
      "version_group": {
        "name": "omega-ruby-alpha-sapphire",
        "url": "https://pokeapi.co/api/v2/version-group/16/"
      }
    },
    {
      "flavor_text": "S\u00e9cr\u00e8te un liquide empoisonn\u00e9.\nDiminue l\u2019Attaque, l\u2019Attaque Sp\u00e9ciale et la Vitesse\nde l\u2019ennemi empoisonn\u00e9.",
      "language": {
        "name": "fr",
        "url": "https://pokeapi.co/api/v2/language/5/"
      },
      "version_group": {
        "name": "omega-ruby-alpha-sapphire",
        "url": "https://pokeapi.co/api/v2/version-group/16/"
      }
    },
    {
      "flavor_text": "Anwender bespritzt das Ziel mit einer speziellen\nGiftfl\u00fcssigkeit. Senkt den Angriff, den Spezial-\nAngriff und die Initiative von vergifteten Zielen.",
      "language": {
        "name": "de",
        "url": "https://pokeapi.co/api/v2/language/6/"
      },
      "version_group": {
        "name": "omega-ruby-alpha-sapphire",
        "url": "https://pokeapi.co/api/v2/version-group/16/"
      }
    },
    {
      "flavor_text": "Impregna a su objetivo con un l\u00edquido venenoso que \ndisminuye el Ataque, el At. Esp. y la Velocidad. \nSolo afecta a Pok\u00e9mon ya envenenados.",
      "language": {
        "name": "es",
        "url": "https://pokeapi.co/api/v2/language/7/"
      },
      "version_group": {
        "name": "omega-ruby-alpha-sapphire",
        "url": "https://pokeapi.co/api/v2/version-group/16/"
      }
    },
    {
      "flavor_text": "Emette un liquido particolare che riduce\nl\u2019Attacco, l\u2019Attacco Speciale e la Velocit\u00e0\ndei nemici avvelenati intorno a chi la usa.",
      "language": {
        "name": "it",
        "url": "https://pokeapi.co/api/v2/language/8/"
      },
      "version_group": {
        "name": "omega-ruby-alpha-sapphire",
        "url": "https://pokeapi.co/api/v2/version-group/16/"
      }
    },
    {
      "flavor_text": "Opposing Pok\u00e9mon are drenched in an odd\npoisonous liquid. This lowers the Attack,\nSp. Atk, and Speed stats of a poisoned target.",
      "language": {
        "name": "en",
        "url": "https://pokeapi.co/api/v2/language/9/"
      },
      "version_group": {
        "name": "omega-ruby-alpha-sapphire",
        "url": "https://pokeapi.co/api/v2/version-group/16/"
      }
    },
    {
      "flavor_text": "\u7279\u6b8a\u306a\u3000\u6bd2\u6db2\u3092\u3000\u6d74\u3073\u305b\u304b\u3051\u308b\u3002\n\u6bd2\u72b6\u614b\u306e\u3000\u76f8\u624b\u306f\n\u653b\u6483\u3000\u7279\u653b\u3000\u7d20\u65e9\u3055\u304c\u3000\u3055\u304c\u308b\u3002",
      "language": {
        "name": "ja",
        "url": "https://pokeapi.co/api/v2/language/11/"
      },
      "version_group": {
        "name": "omega-ruby-alpha-sapphire",
        "url": "https://pokeapi.co/api/v2/version-group/16/"
      }
    },
    {
      "flavor_text": "\u3068\u304f\u3057\u3085\u306a\u3000\u3069\u304f\u3048\u304d\u3092\u3000\u3042\u3073\u305b\u304b\u3051\u308b\u3002\n\u3069\u304f\u3000\u3058\u3087\u3046\u305f\u3044\u306e\u3000\u3042\u3044\u3066\u306f\n\u3053\u3046\u3052\u304d\u3000\u3068\u304f\u3053\u3046\u3000\u3059\u3070\u3084\u3055\u304c\u3000\u3055\u304c\u308b\u3002",
      "language": {
        "name": "ja-Hrkt",
        "url": "https://pokeapi.co/api/v2/language/1/"
      },
      "version_group": {
        "name": "sun-moon",
        "url": "https://pokeapi.co/api/v2/version-group/17/"
      }
    },
    {
      "flavor_text": "\ud2b9\uc218\ud55c \ub3c5\uc561\uc744 \ub07c\uc5b9\ub294\ub2e4.\n\ub3c5 \uc0c1\ud0dc\uc778 \uc0c1\ub300\ub294\n\uacf5\uaca9, \ud2b9\uc218\uacf5\uaca9, \uc2a4\ud53c\ub4dc\uac00 \ub5a8\uc5b4\uc9c4\ub2e4.",
      "language": {
        "name": "ko",
        "url": "https://pokeapi.co/api/v2/language/3/"
      },
      "version_group": {
        "name": "sun-moon",
        "url": "https://pokeapi.co/api/v2/version-group/17/"
      }
    },
    {
      "flavor_text": "\u5411\u5c0d\u624b\u767c\u5c04\u7279\u6b8a\u7684\u6bd2\u6db2\u3002\n\u9677\u5165\u4e2d\u6bd2\u72c0\u614b\u7684\u5c0d\u624b\n\u653b\u64ca\u3001\u7279\u653b\u548c\u901f\u5ea6\u6703\u964d\u4f4e\u3002",
      "language": {
        "name": "zh-Hant",
        "url": "https://pokeapi.co/api/v2/language/4/"
      },
      "version_group": {
        "name": "sun-moon",
        "url": "https://pokeapi.co/api/v2/version-group/17/"
      }
    },
    {
      "flavor_text": "S\u00e9cr\u00e8te un liquide empoisonn\u00e9.\nDiminue l\u2019Attaque, l\u2019Attaque Sp\u00e9ciale et la Vitesse\nde l\u2019ennemi empoisonn\u00e9.",
      "language": {
        "name": "fr",
        "url": "https://pokeapi.co/api/v2/language/5/"
      },
      "version_group": {
        "name": "sun-moon",
        "url": "https://pokeapi.co/api/v2/version-group/17/"
      }
    },
    {
      "flavor_text": "Anwender bespritzt das Ziel mit einer speziellen\nGiftfl\u00fcssigkeit. Senkt den Angriff, den Spezial-Angriff\nund die Initiative von vergifteten Zielen.",
      "language": {
        "name": "de",
        "url": "https://pokeapi.co/api/v2/language/6/"
      },
      "version_group": {
        "name": "sun-moon",
        "url": "https://pokeapi.co/api/v2/version-group/17/"
      }
    },
    {
      "flavor_text": "Impregna a su objetivo con un l\u00edquido venenoso que \ndisminuye el Ataque, el At. Esp. y la Velocidad. \nSolo afecta a Pok\u00e9mon ya envenenados.",
      "language": {
        "name": "es",
        "url": "https://pokeapi.co/api/v2/language/7/"
      },
      "version_group": {
        "name": "sun-moon",
        "url": "https://pokeapi.co/api/v2/version-group/17/"
      }
    },
    {
      "flavor_text": "Emette un liquido particolare che riduce\nl\u2019Attacco, l\u2019Attacco Speciale e la Velocit\u00e0\ndei nemici avvelenati intorno a chi la usa.",
      "language": {
        "name": "it",
        "url": "https://pokeapi.co/api/v2/language/8/"
      },
      "version_group": {
        "name": "sun-moon",
        "url": "https://pokeapi.co/api/v2/version-group/17/"
      }
    },
    {
      "flavor_text": "Opposing Pok\u00e9mon are drenched in an odd\npoisonous liquid. This lowers the Attack, Sp. Atk, and\nSpeed stats of a poisoned target.",
      "language": {
        "name": "en",
        "url": "https://pokeapi.co/api/v2/language/9/"
      },
      "version_group": {
        "name": "sun-moon",
        "url": "https://pokeapi.co/api/v2/version-group/17/"
      }
    },
    {
      "flavor_text": "\u7279\u6b8a\u306a\u3000\u6bd2\u6db2\u3092\u3000\u6d74\u3073\u305b\u304b\u3051\u308b\u3002\n\u6bd2\u72b6\u614b\u306e\u3000\u76f8\u624b\u306f\n\u653b\u6483\u3000\u7279\u653b\u3000\u7d20\u65e9\u3055\u304c\u3000\u3055\u304c\u308b\u3002",
      "language": {
        "name": "ja",
        "url": "https://pokeapi.co/api/v2/language/11/"
      },
      "version_group": {
        "name": "sun-moon",
        "url": "https://pokeapi.co/api/v2/version-group/17/"
      }
    },
    {
      "flavor_text": "\u5c06\u7279\u6b8a\u7684\u6bd2\u6db2\u6cfc\u5411\u5bf9\u624b\u3002\n\u5bf9\u5904\u4e8e\u4e2d\u6bd2\u72b6\u6001\u7684\u5bf9\u624b\uff0c\n\u5176\u653b\u51fb\u3001\u7279\u653b\u548c\u901f\u5ea6\u90fd\u4f1a\u964d\u4f4e\u3002",
      "language": {
        "name": "zh-Hans",
        "url": "https://pokeapi.co/api/v2/language/12/"
      },
      "version_group": {
        "name": "sun-moon",
        "url": "https://pokeapi.co/api/v2/version-group/17/"
      }
    },
    {
      "flavor_text": "\u3068\u304f\u3057\u3085\u306a\u3000\u3069\u304f\u3048\u304d\u3092\u3000\u3042\u3073\u305b\u304b\u3051\u308b\u3002\n\u3069\u304f\u3000\u3058\u3087\u3046\u305f\u3044\u306e\u3000\u3042\u3044\u3066\u306f\n\u3053\u3046\u3052\u304d\u3000\u3068\u304f\u3053\u3046\u3000\u3059\u3070\u3084\u3055\u304c\u3000\u3055\u304c\u308b\u3002",
      "language": {
        "name": "ja-Hrkt",
        "url": "https://pokeapi.co/api/v2/language/1/"
      },
      "version_group": {
        "name": "ultra-sun-ultra-moon",
        "url": "https://pokeapi.co/api/v2/version-group/18/"
      }
    },
    {
      "flavor_text": "\ud2b9\uc218\ud55c \ub3c5\uc561\uc744 \ub07c\uc5b9\ub294\ub2e4.\n\ub3c5 \uc0c1\ud0dc\uc778 \uc0c1\ub300\ub294\n\uacf5\uaca9, \ud2b9\uc218\uacf5\uaca9, \uc2a4\ud53c\ub4dc\uac00 \ub5a8\uc5b4\uc9c4\ub2e4.",
      "language": {
        "name": "ko",
        "url": "https://pokeapi.co/api/v2/language/3/"
      },
      "version_group": {
        "name": "ultra-sun-ultra-moon",
        "url": "https://pokeapi.co/api/v2/version-group/18/"
      }
    },
    {
      "flavor_text": "\u5411\u5c0d\u624b\u767c\u5c04\u7279\u6b8a\u7684\u6bd2\u6db2\u3002\n\u9677\u5165\u4e2d\u6bd2\u72c0\u614b\u7684\u5c0d\u624b\n\u653b\u64ca\u3001\u7279\u653b\u548c\u901f\u5ea6\u6703\u964d\u4f4e\u3002",
      "language": {
        "name": "zh-Hant",
        "url": "https://pokeapi.co/api/v2/language/4/"
      },
      "version_group": {
        "name": "ultra-sun-ultra-moon",
        "url": "https://pokeapi.co/api/v2/version-group/18/"
      }
    },
    {
      "flavor_text": "S\u00e9cr\u00e8te un liquide empoisonn\u00e9.\nDiminue l\u2019Attaque, l\u2019Attaque Sp\u00e9ciale et la Vitesse\nde l\u2019ennemi empoisonn\u00e9.",
      "language": {
        "name": "fr",
        "url": "https://pokeapi.co/api/v2/language/5/"
      },
      "version_group": {
        "name": "ultra-sun-ultra-moon",
        "url": "https://pokeapi.co/api/v2/version-group/18/"
      }
    },
    {
      "flavor_text": "Anwender bespritzt das Ziel mit einer speziellen\nGiftfl\u00fcssigkeit. Senkt den Angriff, den Spezial-Angriff\nund die Initiative von vergifteten Zielen.",
      "language": {
        "name": "de",
        "url": "https://pokeapi.co/api/v2/language/6/"
      },
      "version_group": {
        "name": "ultra-sun-ultra-moon",
        "url": "https://pokeapi.co/api/v2/version-group/18/"
      }
    },
    {
      "flavor_text": "Impregna a su objetivo con un l\u00edquido venenoso que \ndisminuye el Ataque, el At. Esp. y la Velocidad. \nSolo afecta a Pok\u00e9mon ya envenenados.",
      "language": {
        "name": "es",
        "url": "https://pokeapi.co/api/v2/language/7/"
      },
      "version_group": {
        "name": "ultra-sun-ultra-moon",
        "url": "https://pokeapi.co/api/v2/version-group/18/"
      }
    },
    {
      "flavor_text": "Emette un liquido particolare che riduce\nl\u2019Attacco, l\u2019Attacco Speciale e la Velocit\u00e0\ndei nemici avvelenati intorno a chi la usa.",
      "language": {
        "name": "it",
        "url": "https://pokeapi.co/api/v2/language/8/"
      },
      "version_group": {
        "name": "ultra-sun-ultra-moon",
        "url": "https://pokeapi.co/api/v2/version-group/18/"
      }
    },
    {
      "flavor_text": "Opposing Pok\u00e9mon are drenched in an odd\npoisonous liquid. This lowers the Attack, Sp. Atk, and\nSpeed stats of a poisoned target.",
      "language": {
        "name": "en",
        "url": "https://pokeapi.co/api/v2/language/9/"
      },
      "version_group": {
        "name": "ultra-sun-ultra-moon",
        "url": "https://pokeapi.co/api/v2/version-group/18/"
      }
    },
    {
      "flavor_text": "\u7279\u6b8a\u306a\u3000\u6bd2\u6db2\u3092\u3000\u6d74\u3073\u305b\u304b\u3051\u308b\u3002\n\u6bd2\u72b6\u614b\u306e\u3000\u76f8\u624b\u306f\n\u653b\u6483\u3000\u7279\u653b\u3000\u7d20\u65e9\u3055\u304c\u3000\u3055\u304c\u308b\u3002",
      "language": {
        "name": "ja",
        "url": "https://pokeapi.co/api/v2/language/11/"
      },
      "version_group": {
        "name": "ultra-sun-ultra-moon",
        "url": "https://pokeapi.co/api/v2/version-group/18/"
      }
    },
    {
      "flavor_text": "\u5c06\u7279\u6b8a\u7684\u6bd2\u6db2\u6cfc\u5411\u5bf9\u624b\u3002\n\u5bf9\u5904\u4e8e\u4e2d\u6bd2\u72b6\u6001\u7684\u5bf9\u624b\uff0c\n\u5176\u653b\u51fb\u3001\u7279\u653b\u548c\u901f\u5ea6\u90fd\u4f1a\u964d\u4f4e\u3002",
      "language": {
        "name": "zh-Hans",
        "url": "https://pokeapi.co/api/v2/language/12/"
      },
      "version_group": {
        "name": "ultra-sun-ultra-moon",
        "url": "https://pokeapi.co/api/v2/version-group/18/"
      }
    },
    {
      "flavor_text": "\u3068\u304f\u3057\u3085\u306a\u3000\u3069\u304f\u3048\u304d\u3092\u3000\u3042\u3073\u305b\u304b\u3051\u308b\u3002\n\u3069\u304f\u3000\u3058\u3087\u3046\u305f\u3044\u306e\u3000\u3042\u3044\u3066\u306f\n\u3053\u3046\u3052\u304d\u3000\u3068\u304f\u3053\u3046\u3000\u3059\u3070\u3084\u3055\u304c\u3000\u3055\u304c\u308b\u3002",
      "language": {
        "name": "ja-Hrkt",
        "url": "https://pokeapi.co/api/v2/language/1/"
      },
      "version_group": {
        "name": "lets-go-pikachu-lets-go-eevee",
        "url": "https://pokeapi.co/api/v2/version-group/19/"
      }
    },
    {
      "flavor_text": "\ud2b9\uc218\ud55c \ub3c5\uc561\uc744 \ub07c\uc5b9\ub294\ub2e4.\n\ub3c5 \uc0c1\ud0dc\uc778 \uc0c1\ub300\ub294\n\uacf5\uaca9, \ud2b9\uc218\uacf5\uaca9, \uc2a4\ud53c\ub4dc\uac00 \ub5a8\uc5b4\uc9c4\ub2e4.",
      "language": {
        "name": "ko",
        "url": "https://pokeapi.co/api/v2/language/3/"
      },
      "version_group": {
        "name": "lets-go-pikachu-lets-go-eevee",
        "url": "https://pokeapi.co/api/v2/version-group/19/"
      }
    },
    {
      "flavor_text": "\u5411\u5c0d\u624b\u767c\u5c04\u7279\u6b8a\u7684\u6bd2\u6db2\u3002\n\u9677\u5165\u4e2d\u6bd2\u72c0\u614b\u7684\u5c0d\u624b\n\u653b\u64ca\u3001\u7279\u653b\u548c\u901f\u5ea6\u6703\u964d\u4f4e\u3002",
      "language": {
        "name": "zh-Hant",
        "url": "https://pokeapi.co/api/v2/language/4/"
      },
      "version_group": {
        "name": "lets-go-pikachu-lets-go-eevee",
        "url": "https://pokeapi.co/api/v2/version-group/19/"
      }
    },
    {
      "flavor_text": "S\u00e9cr\u00e8te un liquide empoisonn\u00e9.\nDiminue l\u2019Attaque, l\u2019Attaque Sp\u00e9ciale et la Vitesse\nde l\u2019ennemi empoisonn\u00e9.",
      "language": {
        "name": "fr",
        "url": "https://pokeapi.co/api/v2/language/5/"
      },
      "version_group": {
        "name": "lets-go-pikachu-lets-go-eevee",
        "url": "https://pokeapi.co/api/v2/version-group/19/"
      }
    },
    {
      "flavor_text": "Anwender bespritzt das Ziel mit einer speziellen\nGiftfl\u00fcssigkeit. Senkt den Angriff, den Spezial-Angriff\nund die Initiative von vergifteten Zielen.",
      "language": {
        "name": "de",
        "url": "https://pokeapi.co/api/v2/language/6/"
      },
      "version_group": {
        "name": "lets-go-pikachu-lets-go-eevee",
        "url": "https://pokeapi.co/api/v2/version-group/19/"
      }
    },
    {
      "flavor_text": "Impregna a su objetivo con un l\u00edquido venenoso que \ndisminuye el Ataque, el At. Esp. y la Velocidad. \nSolo afecta a Pok\u00e9mon ya envenenados.",
      "language": {
        "name": "es",
        "url": "https://pokeapi.co/api/v2/language/7/"
      },
      "version_group": {
        "name": "lets-go-pikachu-lets-go-eevee",
        "url": "https://pokeapi.co/api/v2/version-group/19/"
      }
    },
    {
      "flavor_text": "Emette un liquido particolare che riduce\nl\u2019Attacco, l\u2019Attacco Speciale e la Velocit\u00e0\ndei nemici avvelenati intorno a chi la usa.",
      "language": {
        "name": "it",
        "url": "https://pokeapi.co/api/v2/language/8/"
      },
      "version_group": {
        "name": "lets-go-pikachu-lets-go-eevee",
        "url": "https://pokeapi.co/api/v2/version-group/19/"
      }
    },
    {
      "flavor_text": "Opposing Pok\u00e9mon are drenched in an odd\npoisonous liquid. This lowers the Attack, Sp. Atk, and\nSpeed stats of a poisoned target.",
      "language": {
        "name": "en",
        "url": "https://pokeapi.co/api/v2/language/9/"
      },
      "version_group": {
        "name": "lets-go-pikachu-lets-go-eevee",
        "url": "https://pokeapi.co/api/v2/version-group/19/"
      }
    },
    {
      "flavor_text": "\u7279\u6b8a\u306a\u3000\u6bd2\u6db2\u3092\u3000\u6d74\u3073\u305b\u304b\u3051\u308b\u3002\n\u6bd2\u72b6\u614b\u306e\u3000\u76f8\u624b\u306f\n\u653b\u6483\u3000\u7279\u653b\u3000\u7d20\u65e9\u3055\u304c\u3000\u3055\u304c\u308b\u3002",
      "language": {
        "name": "ja",
        "url": "https://pokeapi.co/api/v2/language/11/"
      },
      "version_group": {
        "name": "lets-go-pikachu-lets-go-eevee",
        "url": "https://pokeapi.co/api/v2/version-group/19/"
      }
    },
    {
      "flavor_text": "\u5c06\u7279\u6b8a\u7684\u6bd2\u6db2\u6cfc\u5411\u5bf9\u624b\u3002\n\u5bf9\u5904\u4e8e\u4e2d\u6bd2\u72b6\u6001\u7684\u5bf9\u624b\uff0c\n\u5176\u653b\u51fb\u3001\u7279\u653b\u548c\u901f\u5ea6\u90fd\u4f1a\u964d\u4f4e\u3002",
      "language": {
        "name": "zh-Hans",
        "url": "https://pokeapi.co/api/v2/language/12/"
      },
      "version_group": {
        "name": "lets-go-pikachu-lets-go-eevee",
        "url": "https://pokeapi.co/api/v2/version-group/19/"
      }
    },
    {
      "flavor_text": "\u3068\u304f\u3057\u3085\u306a\u3000\u3069\u304f\u3048\u304d\u3092\u3000\u3042\u3073\u305b\u304b\u3051\u308b\u3002\n\u3069\u304f\u3000\u3058\u3087\u3046\u305f\u3044\u306e\u3000\u3042\u3044\u3066\u306f\n\u3053\u3046\u3052\u304d\u3000\u3068\u304f\u3053\u3046\u3000\u3059\u3070\u3084\u3055\u304c\u3000\u3055\u304c\u308b\u3002",
      "language": {
        "name": "ja-Hrkt",
        "url": "https://pokeapi.co/api/v2/language/1/"
      },
      "version_group": {
        "name": "sword-shield",
        "url": "https://pokeapi.co/api/v2/version-group/20/"
      }
    },
    {
      "flavor_text": "\ud2b9\uc218\ud55c \ub3c5\uc561\uc744 \ub07c\uc5b9\ub294\ub2e4.\n\ub3c5 \uc0c1\ud0dc\uc778 \uc0c1\ub300\ub294\n\uacf5\uaca9, \ud2b9\uc218\uacf5\uaca9, \uc2a4\ud53c\ub4dc\uac00 \ub5a8\uc5b4\uc9c4\ub2e4.",
      "language": {
        "name": "ko",
        "url": "https://pokeapi.co/api/v2/language/3/"
      },
      "version_group": {
        "name": "sword-shield",
        "url": "https://pokeapi.co/api/v2/version-group/20/"
      }
    },
    {
      "flavor_text": "\u5411\u5c0d\u624b\u767c\u5c04\u7279\u6b8a\u7684\u6bd2\u6db2\u3002\n\u9677\u5165\u4e2d\u6bd2\u72c0\u614b\u7684\u5c0d\u624b\n\u653b\u64ca\u3001\u7279\u653b\u548c\u901f\u5ea6\u6703\u964d\u4f4e\u3002",
      "language": {
        "name": "zh-Hant",
        "url": "https://pokeapi.co/api/v2/language/4/"
      },
      "version_group": {
        "name": "sword-shield",
        "url": "https://pokeapi.co/api/v2/version-group/20/"
      }
    },
    {
      "flavor_text": "S\u00e9cr\u00e8te un liquide empoisonn\u00e9.\nDiminue l\u2019Attaque, l\u2019Attaque Sp\u00e9ciale et la Vitesse\nde l\u2019ennemi empoisonn\u00e9.",
      "language": {
        "name": "fr",
        "url": "https://pokeapi.co/api/v2/language/5/"
      },
      "version_group": {
        "name": "sword-shield",
        "url": "https://pokeapi.co/api/v2/version-group/20/"
      }
    },
    {
      "flavor_text": "Anwender bespritzt das Ziel mit einer speziellen\nGiftfl\u00fcssigkeit. Senkt den Angriff, den Spezial-Angriff\nund die Initiative von vergifteten Zielen.",
      "language": {
        "name": "de",
        "url": "https://pokeapi.co/api/v2/language/6/"
      },
      "version_group": {
        "name": "sword-shield",
        "url": "https://pokeapi.co/api/v2/version-group/20/"
      }
    },
    {
      "flavor_text": "Impregna a su objetivo con un l\u00edquido venenoso que\ndisminuye el Ataque, el Ataque Especial y la Velocidad.\nSolo afecta a Pok\u00e9mon ya envenenados.",
      "language": {
        "name": "es",
        "url": "https://pokeapi.co/api/v2/language/7/"
      },
      "version_group": {
        "name": "sword-shield",
        "url": "https://pokeapi.co/api/v2/version-group/20/"
      }
    },
    {
      "flavor_text": "Emette un liquido particolare che riduce\nl\u2019Attacco, l\u2019Attacco Speciale e la Velocit\u00e0\ndei nemici avvelenati intorno a chi la usa.",
      "language": {
        "name": "it",
        "url": "https://pokeapi.co/api/v2/language/8/"
      },
      "version_group": {
        "name": "sword-shield",
        "url": "https://pokeapi.co/api/v2/version-group/20/"
      }
    },
    {
      "flavor_text": "Opposing Pok\u00e9mon are drenched in an odd\npoisonous liquid. This lowers the Attack, Sp. Atk, and\nSpeed stats of a poisoned target.",
      "language": {
        "name": "en",
        "url": "https://pokeapi.co/api/v2/language/9/"
      },
      "version_group": {
        "name": "sword-shield",
        "url": "https://pokeapi.co/api/v2/version-group/20/"
      }
    },
    {
      "flavor_text": "\u7279\u6b8a\u306a\u3000\u6bd2\u6db2\u3092\u3000\u6d74\u3073\u305b\u304b\u3051\u308b\u3002\n\u6bd2\u72b6\u614b\u306e\u3000\u76f8\u624b\u306f\n\u653b\u6483\u3000\u7279\u653b\u3000\u7d20\u65e9\u3055\u304c\u3000\u3055\u304c\u308b\u3002",
      "language": {
        "name": "ja",
        "url": "https://pokeapi.co/api/v2/language/11/"
      },
      "version_group": {
        "name": "sword-shield",
        "url": "https://pokeapi.co/api/v2/version-group/20/"
      }
    },
    {
      "flavor_text": "\u5c06\u7279\u6b8a\u7684\u6bd2\u6db2\u6cfc\u5411\u5bf9\u624b\u3002\n\u5bf9\u5904\u4e8e\u4e2d\u6bd2\u72b6\u6001\u7684\u5bf9\u624b\uff0c\n\u5176\u653b\u51fb\u3001\u7279\u653b\u548c\u901f\u5ea6\u90fd\u4f1a\u964d\u4f4e\u3002",
      "language": {
        "name": "zh-Hans",
        "url": "https://pokeapi.co/api/v2/language/12/"
      },
      "version_group": {
        "name": "sword-shield",
        "url": "https://pokeapi.co/api/v2/version-group/20/"
      }
    }
  ],
  "generation": {
    "name": "generation-vi",
    "url": "https://pokeapi.co/api/v2/generation/6/"
  },
  "id": 599,
  "learned_by_pokemon": [
    {
      "name": "nidoran-f",
      "url": "https://pokeapi.co/api/v2/pokemon/29/"
    },
    {
      "name": "nidorina",
      "url": "https://pokeapi.co/api/v2/pokemon/30/"
    },
    {
      "name": "nidoqueen",
      "url": "https://pokeapi.co/api/v2/pokemon/31/"
    },
    {
      "name": "nidoran-m",
      "url": "https://pokeapi.co/api/v2/pokemon/32/"
    },
    {
      "name": "nidorino",
      "url": "https://pokeapi.co/api/v2/pokemon/33/"
    },
    {
      "name": "nidoking",
      "url": "https://pokeapi.co/api/v2/pokemon/34/"
    },
    {
      "name": "zubat",
      "url": "https://pokeapi.co/api/v2/pokemon/41/"
    },
    {
      "name": "golbat",
      "url": "https://pokeapi.co/api/v2/pokemon/42/"
    },
    {
      "name": "tentacruel",
      "url": "https://pokeapi.co/api/v2/pokemon/73/"
    },
    {
      "name": "muk",
      "url": "https://pokeapi.co/api/v2/pokemon/89/"
    },
    {
      "name": "koffing",
      "url": "https://pokeapi.co/api/v2/pokemon/109/"
    },
    {
      "name": "weezing",
      "url": "https://pokeapi.co/api/v2/pokemon/110/"
    },
    {
      "name": "mew",
      "url": "https://pokeapi.co/api/v2/pokemon/151/"
    },
    {
      "name": "ariados",
      "url": "https://pokeapi.co/api/v2/pokemon/168/"
    },
    {
      "name": "crobat",
      "url": "https://pokeapi.co/api/v2/pokemon/169/"
    },
    {
      "name": "qwilfish",
      "url": "https://pokeapi.co/api/v2/pokemon/211/"
    },
    {
      "name": "gulpin",
      "url": "https://pokeapi.co/api/v2/pokemon/316/"
    },
    {
      "name": "swalot",
      "url": "https://pokeapi.co/api/v2/pokemon/317/"
    },
    {
      "name": "seviper",
      "url": "https://pokeapi.co/api/v2/pokemon/336/"
    },
    {
      "name": "roserade",
      "url": "https://pokeapi.co/api/v2/pokemon/407/"
    },
    {
      "name": "stunky",
      "url": "https://pokeapi.co/api/v2/pokemon/434/"
    },
    {
      "name": "skuntank",
      "url": "https://pokeapi.co/api/v2/pokemon/435/"
    },
    {
      "name": "drapion",
      "url": "https://pokeapi.co/api/v2/pokemon/452/"
    },
    {
      "name": "croagunk",
      "url": "https://pokeapi.co/api/v2/pokemon/453/"
    },
    {
      "name": "toxicroak",
      "url": "https://pokeapi.co/api/v2/pokemon/454/"
    },
    {
      "name": "woobat",
      "url": "https://pokeapi.co/api/v2/pokemon/527/"
    },
    {
      "name": "swoobat",
      "url": "https://pokeapi.co/api/v2/pokemon/528/"
    },
    {
      "name": "tympole",
      "url": "https://pokeapi.co/api/v2/pokemon/535/"
    },
    {
      "name": "palpitoad",
      "url": "https://pokeapi.co/api/v2/pokemon/536/"
    },
    {
      "name": "seismitoad",
      "url": "https://pokeapi.co/api/v2/pokemon/537/"
    },
    {
      "name": "venipede",
      "url": "https://pokeapi.co/api/v2/pokemon/543/"
    },
    {
      "name": "whirlipede",
      "url": "https://pokeapi.co/api/v2/pokemon/544/"
    },
    {
      "name": "scolipede",
      "url": "https://pokeapi.co/api/v2/pokemon/545/"
    },
    {
      "name": "trubbish",
      "url": "https://pokeapi.co/api/v2/pokemon/568/"
    },
    {
      "name": "garbodor",
      "url": "https://pokeapi.co/api/v2/pokemon/569/"
    },
    {
      "name": "accelgor",
      "url": "https://pokeapi.co/api/v2/pokemon/617/"
    },
    {
      "name": "skrelp",
      "url": "https://pokeapi.co/api/v2/pokemon/690/"
    },
    {
      "name": "dragalge",
      "url": "https://pokeapi.co/api/v2/pokemon/691/"
    },
    {
      "name": "phantump",
      "url": "https://pokeapi.co/api/v2/pokemon/708/"
    },
    {
      "name": "trevenant",
      "url": "https://pokeapi.co/api/v2/pokemon/709/"
    },
    {
      "name": "mareanie",
      "url": "https://pokeapi.co/api/v2/pokemon/747/"
    },
    {
      "name": "toxapex",
      "url": "https://pokeapi.co/api/v2/pokemon/748/"
    },
    {
      "name": "salandit",
      "url": "https://pokeapi.co/api/v2/pokemon/757/"
    },
    {
      "name": "salazzle",
      "url": "https://pokeapi.co/api/v2/pokemon/758/"
    },
    {
      "name": "pyukumuku",
      "url": "https://pokeapi.co/api/v2/pokemon/771/"
    },
    {
      "name": "nihilego",
      "url": "https://pokeapi.co/api/v2/pokemon/793/"
    },
    {
      "name": "poipole",
      "url": "https://pokeapi.co/api/v2/pokemon/803/"
    },
    {
      "name": "naganadel",
      "url": "https://pokeapi.co/api/v2/pokemon/804/"
    },
    {
      "name": "pincurchin",
      "url": "https://pokeapi.co/api/v2/pokemon/871/"
    },
    {
      "name": "eternatus",
      "url": "https://pokeapi.co/api/v2/pokemon/890/"
    },
    {
      "name": "pikachu-kalos-cap",
      "url": "https://pokeapi.co/api/v2/pokemon/10098/"
    },
    {
      "name": "muk-alola",
      "url": "https://pokeapi.co/api/v2/pokemon/10113/"
    },
    {
      "name": "salazzle-totem",
      "url": "https://pokeapi.co/api/v2/pokemon/10129/"
    },
    {
      "name": "weezing-galar",
      "url": "https://pokeapi.co/api/v2/pokemon/10167/"
    },
    {
      "name": "slowking-galar",
      "url": "https://pokeapi.co/api/v2/pokemon/10172/"
    },
    {
      "name": "toxtricity-low-key",
      "url": "https://pokeapi.co/api/v2/pokemon/10184/"
    },
    {
      "name": "eternatus-eternamax",
      "url": "https://pokeapi.co/api/v2/pokemon/10190/"
    }
  ],
  "machines": [
    {
      "machine": {
        "url": "https://pokeapi.co/api/v2/machine/1680/"
      },
      "version_group": {
        "name": "sword-shield",
        "url": "https://pokeapi.co/api/v2/version-group/20/"
      }
    }
  ],
  "meta": {
    "ailment": {
      "name": "none",
      "url": "https://pokeapi.co/api/v2/move-ailment/0/"
    },
    "ailment_chance": 0,
    "category": {
      "name": "net-good-stats",
      "url": "https://pokeapi.co/api/v2/move-category/2/"
    },
    "crit_rate": 0,
    "drain": 0,
    "flinch_chance": 0,
    "healing": 0,
    "max_hits": null,
    "max_turns": null,
    "min_hits": null,
    "min_turns": null,
    "stat_chance": 100
  },
  "name": "venom-drench",
  "names": [
    {
      "language": {
        "name": "ja-Hrkt",
        "url": "https://pokeapi.co/api/v2/language/1/"
      },
      "name": "\u30d9\u30ce\u30e0\u30c8\u30e9\u30c3\u30d7"
    },
    {
      "language": {
        "name": "ko",
        "url": "https://pokeapi.co/api/v2/language/3/"
      },
      "name": "\ubca0\ub188\ud2b8\ub7a9"
    },
    {
      "language": {
        "name": "zh-Hant",
        "url": "https://pokeapi.co/api/v2/language/4/"
      },
      "name": "\u6bd2\u6db2\u9677\u9631"
    },
    {
      "language": {
        "name": "fr",
        "url": "https://pokeapi.co/api/v2/language/5/"
      },
      "name": "Pi\u00e8ge de Venin"
    },
    {
      "language": {
        "name": "de",
        "url": "https://pokeapi.co/api/v2/language/6/"
      },
      "name": "Giftfalle"
    },
    {
      "language": {
        "name": "es",
        "url": "https://pokeapi.co/api/v2/language/7/"
      },
      "name": "Trampa Venenosa"
    },
    {
      "language": {
        "name": "it",
        "url": "https://pokeapi.co/api/v2/language/8/"
      },
      "name": "Velenotrappola"
    },
    {
      "language": {
        "name": "en",
        "url": "https://pokeapi.co/api/v2/language/9/"
      },
      "name": "Venom Drench"
    },
    {
      "language": {
        "name": "ja",
        "url": "https://pokeapi.co/api/v2/language/11/"
      },
      "name": "\u30d9\u30ce\u30e0\u30c8\u30e9\u30c3\u30d7"
    },
    {
      "language": {
        "name": "zh-Hans",
        "url": "https://pokeapi.co/api/v2/language/12/"
      },
      "name": "\u6bd2\u6db2\u9677\u9631"
    }
  ],
  "past_values": [],
  "power": null,
  "pp": 20,
  "priority": 0,
  "stat_changes": [
    {
      "change": -1,
      "stat": {
        "name": "attack",
        "url": "https://pokeapi.co/api/v2/stat/2/"
      }
    },
    {
      "change": -1,
      "stat": {
        "name": "special-attack",
        "url": "https://pokeapi.co/api/v2/stat/4/"
      }
    },
    {
      "change": -1,
      "stat": {
        "name": "speed",
        "url": "https://pokeapi.co/api/v2/stat/6/"
      }
    }
  ],
  "super_contest_effect": null,
  "target": {
    "name": "all-opponents",
    "url": "https://pokeapi.co/api/v2/move-target/11/"
  },
  "type": {
    "name": "poison",
    "url": "https://pokeapi.co/api/v2/type/4/"
  }
}