{
  "accuracy": null,
  "contest_combos": null,
  "contest_effect": null,
  "contest_type": null,
  "damage_class": {
    "name": "physical",
    "url": "https://pokeapi.co/api/v2/move-damage-class/2/"
  },
  "effect_chance": null,
  "effect_changes": [],
  "effect_entries": [
    {
      "effect": "Inflicts regular damage.",
      "language": {
        "name": "en",
        "url": "https://pokeapi.co/api/v2/language/9/"
      },
      "short_effect": "Inflicts regular damage with no additional effect."
    }
  ],
  "flavor_text_entries": [
    {
      "flavor_text": "\uff3a\u30d1\u30ef\u30fc\u3067\u3000\u3069\u304f\u306e\u3000\u306c\u307e\u3092\u3000\u308f\u304d\u3042\u304c\u3089\u305b\n\u305c\u3093\u308a\u3087\u304f\u3067\u3000\u3042\u3044\u3066\u3092\u3000\u3057\u305a\u3081\u308b\u3002\n\u3082\u3068\u306b\u306a\u3063\u305f\u3000\u308f\u3056\u3067\u3000\u3044\u308a\u3087\u304f\u304c\u3000\u304b\u308f\u308b\u3002",
      "language": {
        "name": "ja-Hrkt",
        "url": "https://pokeapi.co/api/v2/language/1/"
      },
      "version_group": {
        "name": "sun-moon",
        "url": "https://pokeapi.co/api/v2/version-group/17/"
      }
    },
    {
      "flavor_text": "Z\ud30c\uc6cc\ub85c \ub3c5\uc758 \ub2aa\uc744 \ub9cc\ub4e4\uc5b4\n\uc804\ub825\uc73c\ub85c \uc0c1\ub300\ub97c \uac00\ub77c\uc549\ud78c\ub2e4.\n\uc6d0\ub798 \uae30\uc220\uc5d0 \ub530\ub77c \uc704\ub825\uc774 \ubcc0\ud55c\ub2e4.",
      "language": {
        "name": "ko",
        "url": "https://pokeapi.co/api/v2/language/3/"
      },
      "version_group": {
        "name": "sun-moon",
        "url": "https://pokeapi.co/api/v2/version-group/17/"
      }
    },
    {
      "flavor_text": "\u900f\u904e\uff3a\u529b\u91cf\u6e67\u8d77\u6bd2\u6cbc\uff0c\n\u5168\u529b\u4f7f\u5c0d\u624b\u4e0b\u6c89\u3002\n\u5a01\u529b\u6703\u96a8\u539f\u672c\u7684\u62db\u5f0f\u800c\u6539\u8b8a\u3002",
      "language": {
        "name": "zh-Hant",
        "url": "https://pokeapi.co/api/v2/language/4/"
      },
      "version_group": {
        "name": "sun-moon",
        "url": "https://pokeapi.co/api/v2/version-group/17/"
      }
    },
    {
      "flavor_text": "Le Pok\u00e9mon utilise la Force Z pour r\u00e9pandre\nun mar\u00e9cage empoisonn\u00e9 o\u00f9 l\u2019adversaire sombre. La\npuissance varie selon celle de la capacit\u00e9 originale.",
      "language": {
        "name": "fr",
        "url": "https://pokeapi.co/api/v2/language/5/"
      },
      "version_group": {
        "name": "sun-moon",
        "url": "https://pokeapi.co/api/v2/version-group/17/"
      }
    },
    {
      "flavor_text": "Der Anwender kreiert mit Z-Kraft ein giftiges Moor,\nin dem das Ziel versinkt. Die St\u00e4rke variiert je nach\nzugrunde liegender Attacke.",
      "language": {
        "name": "de",
        "url": "https://pokeapi.co/api/v2/language/6/"
      },
      "version_group": {
        "name": "sun-moon",
        "url": "https://pokeapi.co/api/v2/version-group/17/"
      }
    },
    {
      "flavor_text": "El usuario emplea el Poder Z para crear una ci\u00e9naga\nvenenosa en la que sumerge al objetivo. Su potencia\ndepende de la del movimiento original.",
      "language": {
        "name": "es",
        "url": "https://pokeapi.co/api/v2/language/7/"
      },
      "version_group": {
        "name": "sun-moon",
        "url": "https://pokeapi.co/api/v2/version-group/17/"
      }
    },
    {
      "flavor_text": "Chi la usa sfrutta il Potere Z per creare una palude\nvelenosa che sommerge il bersaglio. La potenza\nvaria a seconda della mossa su cui si basa.",
      "language": {
        "name": "it",
        "url": "https://pokeapi.co/api/v2/language/8/"
      },
      "version_group": {
        "name": "sun-moon",
        "url": "https://pokeapi.co/api/v2/version-group/17/"
      }
    },
    {
      "flavor_text": "The user creates a poisonous swamp using its\nZ-Power and sinks the target into it at full force.\nThe power varies, depending on the original move.",
      "language": {
        "name": "en",
        "url": "https://pokeapi.co/api/v2/language/9/"
      },
      "version_group": {
        "name": "sun-moon",
        "url": "https://pokeapi.co/api/v2/version-group/17/"
      }
    },
    {
      "flavor_text": "\uff3a\u30d1\u30ef\u30fc\u3067\u3000\u6bd2\u306e\u3000\u6cbc\u3092\u3000\u6e67\u304d\u3042\u304c\u3089\u305b\n\u5168\u529b\u3067\u3000\u76f8\u624b\u3092\u3000\u6c88\u3081\u308b\u3002\n\u5143\u306b\u306a\u3063\u305f\u3000\u6280\u3067\u3000\u5a01\u529b\u304c\u3000\u5909\u308f\u308b\u3002",
      "language": {
        "name": "ja",
        "url": "https://pokeapi.co/api/v2/language/11/"
      },
      "version_group": {
        "name": "sun-moon",
        "url": "https://pokeapi.co/api/v2/version-group/17/"
      }
    },
    {
      "flavor_text": "\u901a\u8fc7\uff3a\u529b\u91cf\u4f7f\u6bd2\u6cbc\u6d8c\u8d77\uff0c\n\u5168\u529b\u8ba9\u5bf9\u624b\u6c89\u4e0b\u53bb\u3002\n\u5a01\u529b\u4f1a\u6839\u636e\u539f\u6765\u7684\u62db\u5f0f\u800c\u6539\u53d8\u3002",
      "language": {
        "name": "zh-Hans",
        "url": "https://pokeapi.co/api/v2/language/12/"
      },
      "version_group": {
        "name": "sun-moon",
        "url": "https://pokeapi.co/api/v2/version-group/17/"
      }
    },
    {
      "flavor_text": "\uff3a\u30d1\u30ef\u30fc\u3067\u3000\u3069\u304f\u306e\u3000\u306c\u307e\u3092\u3000\u308f\u304d\u3042\u304c\u3089\u305b\n\u305c\u3093\u308a\u3087\u304f\u3067\u3000\u3042\u3044\u3066\u3092\u3000\u3057\u305a\u3081\u308b\u3002\n\u3082\u3068\u306b\u306a\u3063\u305f\u3000\u308f\u3056\u3067\u3000\u3044\u308a\u3087\u304f\u304c\u3000\u304b\u308f\u308b\u3002",
      "language": {
        "name": "ja-Hrkt",
        "url": "https://pokeapi.co/api/v2/language/1/"
      },
      "version_group": {
        "name": "ultra-sun-ultra-moon",
        "url": "https://pokeapi.co/api/v2/version-group/18/"
      }
    },
    {
      "flavor_text": "Z\ud30c\uc6cc\ub85c \ub3c5\uc758 \ub2aa\uc744 \ub9cc\ub4e4\uc5b4\n\uc804\ub825\uc73c\ub85c \uc0c1\ub300\ub97c \uac00\ub77c\uc549\ud78c\ub2e4.\n\uc6d0\ub798 \uae30\uc220\uc5d0 \ub530\ub77c \uc704\ub825\uc774 \ubcc0\ud55c\ub2e4.",
      "language": {
        "name": "ko",
        "url": "https://pokeapi.co/api/v2/language/3/"
      },
      "version_group": {
        "name": "ultra-sun-ultra-moon",
        "url": "https://pokeapi.co/api/v2/version-group/18/"
      }
    },
    {
      "flavor_text": "\u900f\u904e\uff3a\u529b\u91cf\u6e67\u8d77\u6bd2\u6cbc\uff0c\n\u5168\u529b\u4f7f\u5c0d\u624b\u4e0b\u6c89\u3002\n\u5a01\u529b\u6703\u96a8\u539f\u672c\u7684\u62db\u5f0f\u800c\u6539\u8b8a\u3002",
      "language": {
        "name": "zh-Hant",
        "url": "https://pokeapi.co/api/v2/language/4/"
      },
      "version_group": {
        "name": "ultra-sun-ultra-moon",
        "url": "https://pokeapi.co/api/v2/version-group/18/"
      }
    },
    {
      "flavor_text": "Le Pok\u00e9mon utilise la Force Z pour r\u00e9pandre\nun mar\u00e9cage empoisonn\u00e9 o\u00f9 l\u2019adversaire sombre. La\npuissance varie selon celle de la capacit\u00e9 originale.",
      "language": {
        "name": "fr",
        "url": "https://pokeapi.co/api/v2/language/5/"
      },
      "version_group": {
        "name": "ultra-sun-ultra-moon",
        "url": "https://pokeapi.co/api/v2/version-group/18/"
      }
    },
    {
      "flavor_text": "Der Anwender kreiert mit Z-Kraft ein giftiges Moor,\nin dem das Ziel versinkt. Die St\u00e4rke variiert je nach\nzugrunde liegender Attacke.",
      "language": {
        "name": "de",
        "url": "https://pokeapi.co/api/v2/language/6/"
      },
      "version_group": {
        "name": "ultra-sun-ultra-moon",
        "url": "https://pokeapi.co/api/v2/version-group/18/"
      }
    },
    {
      "flavor_text": "El usuario emplea el Poder Z para crear una ci\u00e9naga\nvenenosa en la que sumerge al objetivo. Su potencia\ndepende de la del movimiento original.",
      "language": {
        "name": "es",
        "url": "https://pokeapi.co/api/v2/language/7/"
      },
      "version_group": {
        "name": "ultra-sun-ultra-moon",
        "url": "https://pokeapi.co/api/v2/version-group/18/"
      }
    },
    {
      "flavor_text": "Chi la usa sfrutta il Potere Z per creare una palude\nvelenosa che sommerge il bersaglio. La potenza\nvaria a seconda della mossa su cui si basa.",
      "language": {
        "name": "it",
        "url": "https://pokeapi.co/api/v2/language/8/"
      },
      "version_group": {
        "name": "ultra-sun-ultra-moon",
        "url": "https://pokeapi.co/api/v2/version-group/18/"
      }
    },
    {
      "flavor_text": "The user creates a poisonous swamp using its\nZ-Power and sinks the target into it at full force.\nThe power varies, depending on the original move.",
      "language": {
        "name": "en",
        "url": "https://pokeapi.co/api/v2/language/9/"
      },
      "version_group": {
        "name": "ultra-sun-ultra-moon",
        "url": "https://pokeapi.co/api/v2/version-group/18/"
      }
    },
    {
      "flavor_text": "\uff3a\u30d1\u30ef\u30fc\u3067\u3000\u6bd2\u306e\u3000\u6cbc\u3092\u3000\u6e67\u304d\u3042\u304c\u3089\u305b\n\u5168\u529b\u3067\u3000\u76f8\u624b\u3092\u3000\u6c88\u3081\u308b\u3002\n\u5143\u306b\u306a\u3063\u305f\u3000\u6280\u3067\u3000\u5a01\u529b\u304c\u3000\u5909\u308f\u308b\u3002",
      "language": {
        "name": "ja",
        "url": "https://pokeapi.co/api/v2/language/11/"
      },
      "version_group": {
        "name": "ultra-sun-ultra-moon",
        "url": "https://pokeapi.co/api/v2/version-group/18/"
      }
    },
    {
      "flavor_text": "\u901a\u8fc7\uff3a\u529b\u91cf\u4f7f\u6bd2\u6cbc\u6d8c\u8d77\uff0c\n\u5168\u529b\u8ba9\u5bf9\u624b\u6c89\u4e0b\u53bb\u3002\n\u5a01\u529b\u4f1a\u6839\u636e\u539f\u6765\u7684\u62db\u5f0f\u800c\u6539\u53d8\u3002",
      "language": {
        "name": "zh-Hans",
        "url": "https://pokeapi.co/api/v2/language/12/"
      },
      "version_group": {
        "name": "ultra-sun-ultra-moon",
        "url": "https://pokeapi.co/api/v2/version-group/18/"
      }
    },
    {
      "flavor_text": "\uff3a\u30d1\u30ef\u30fc\u3067\u3000\u3069\u304f\u306e\u3000\u306c\u307e\u3092\u3000\u308f\u304d\u3042\u304c\u3089\u305b\n\u305c\u3093\u308a\u3087\u304f\u3067\u3000\u3042\u3044\u3066\u3092\u3000\u3057\u305a\u3081\u308b\u3002\n\u3082\u3068\u306b\u306a\u3063\u305f\u3000\u308f\u3056\u3067\u3000\u3044\u308a\u3087\u304f\u304c\u3000\u304b\u308f\u308b\u3002",
      "language": {
        "name": "ja-Hrkt",
        "url": "https://pokeapi.co/api/v2/language/1/"
      },
      "version_group": {
        "name": "lets-go-pikachu-lets-go-eevee",
        "url": "https://pokeapi.co/api/v2/version-group/19/"
      }
    },
    {
      "flavor_text": "Z\ud30c\uc6cc\ub85c \ub3c5\uc758 \ub2aa\uc744 \ub9cc\ub4e4\uc5b4\n\uc804\ub825\uc73c\ub85c \uc0c1\ub300\ub97c \uac00\ub77c\uc549\ud78c\ub2e4.\n\uc6d0\ub798 \uae30\uc220\uc5d0 \ub530\ub77c \uc704\ub825\uc774 \ubcc0\ud55c\ub2e4.",
      "language": {
        "name": "ko",
        "url": "https://pokeapi.co/api/v2/language/3/"
      },
      "version_group": {
        "name": "lets-go-pikachu-lets-go-eevee",
        "url": "https://pokeapi.co/api/v2/version-group/19/"
      }
    },
    {
      "flavor_text": "\u900f\u904e\uff3a\u529b\u91cf\u6e67\u8d77\u6bd2\u6cbc\uff0c\n\u5168\u529b\u4f7f\u5c0d\u624b\u4e0b\u6c89\u3002\n\u5a01\u529b\u6703\u96a8\u539f\u672c\u7684\u62db\u5f0f\u800c\u6539\u8b8a\u3002",
      "language": {
        "name": "zh-Hant",
        "url": "https://pokeapi.co/api/v2/language/4/"
      },
      "version_group": {
        "name": "lets-go-pikachu-lets-go-eevee",
        "url": "https://pokeapi.co/api/v2/version-group/19/"
      }
    },
    {
      "flavor_text": "Le Pok\u00e9mon utilise la Force Z pour r\u00e9pandre\nun mar\u00e9cage empoisonn\u00e9 o\u00f9 l\u2019adversaire sombre.\nLa puissance varie selon celle de la capacit\u00e9 originale.",
      "language": {
        "name": "fr",
        "url": "https://pokeapi.co/api/v2/language/5/"
      },
      "version_group": {
        "name": "lets-go-pikachu-lets-go-eevee",
        "url": "https://pokeapi.co/api/v2/version-group/19/"
      }
    },
    {
      "flavor_text": "Der Anwender kreiert mit Z-Kraft ein giftiges Moor,\nin dem das Ziel versinkt. Die St\u00e4rke variiert je nach\nzugrunde liegender Attacke.",
      "language": {
        "name": "de",
        "url": "https://pokeapi.co/api/v2/language/6/"
      },
      "version_group": {
        "name": "lets-go-pikachu-lets-go-eevee",
        "url": "https://pokeapi.co/api/v2/version-group/19/"
      }
    },
    {
      "flavor_text": "El usuario emplea el Poder Z para crear una ci\u00e9naga\nvenenosa en la que sumerge al objetivo. Su potencia\ndepende de la del movimiento original.",
      "language": {
        "name": "es",
        "url": "https://pokeapi.co/api/v2/language/7/"
      },
      "version_group": {
        "name": "lets-go-pikachu-lets-go-eevee",
        "url": "https://pokeapi.co/api/v2/version-group/19/"
      }
    },
    {
      "flavor_text": "Chi la usa sfrutta il Potere Z per creare una palude\nvelenosa che sommerge il bersaglio. La potenza\nvaria a seconda della mossa su cui si basa.",
      "language": {
        "name": "it",
        "url": "https://pokeapi.co/api/v2/language/8/"
      },
      "version_group": {
        "name": "lets-go-pikachu-lets-go-eevee",
        "url": "https://pokeapi.co/api/v2/version-group/19/"
      }
    },
    {
      "flavor_text": "The user creates a poisonous swamp using its\nZ-Power and sinks the target into it at full force.\nThe power varies, depending on the original move.",
      "language": {
        "name": "en",
        "url": "https://pokeapi.co/api/v2/language/9/"
      },
      "version_group": {
        "name": "lets-go-pikachu-lets-go-eevee",
        "url": "https://pokeapi.co/api/v2/version-group/19/"
      }
    },
    {
      "flavor_text": "\uff3a\u30d1\u30ef\u30fc\u3067\u3000\u6bd2\u306e\u3000\u6cbc\u3092\u3000\u6e67\u304d\u3042\u304c\u3089\u305b\n\u5168\u529b\u3067\u3000\u76f8\u624b\u3092\u3000\u6c88\u3081\u308b\u3002\n\u5143\u306b\u306a\u3063\u305f\u3000\u6280\u3067\u3000\u5a01\u529b\u304c\u3000\u5909\u308f\u308b\u3002",
      "language": {
        "name": "ja",
        "url": "https://pokeapi.co/api/v2/language/11/"
      },
      "version_group": {
        "name": "lets-go-pikachu-lets-go-eevee",
        "url": "https://pokeapi.co/api/v2/version-group/19/"
      }
    },
    {
      "flavor_text": "\u901a\u8fc7\uff3a\u529b\u91cf\u4f7f\u6bd2\u6cbc\u6d8c\u8d77\uff0c\n\u5168\u529b\u8ba9\u5bf9\u624b\u6c89\u4e0b\u53bb\u3002\n\u5a01\u529b\u4f1a\u6839\u636e\u539f\u6765\u7684\u62db\u5f0f\u800c\u6539\u53d8\u3002",
      "language": {
        "name": "zh-Hans",
        "url": "https://pokeapi.co/api/v2/language/12/"
      },
      "version_group": {
        "name": "lets-go-pikachu-lets-go-eevee",
        "url": "https://pokeapi.co/api/v2/version-group/19/"
      }
    },
    {
      "flavor_text": "\u3053\u306e\u308f\u3056\u306f\u3000\u3064\u304b\u3048\u307e\u305b\u3093\n\u304a\u3082\u3044\u3060\u3059\u3053\u3068\u304c\u3000\u3067\u304d\u306a\u304f\u306a\u308a\u307e\u3059\u304c\n\u308f\u3056\u3092\u3000\u308f\u3059\u308c\u308b\u3053\u3068\u3092\u3000\u304a\u3059\u3059\u3081\u3057\u307e\u3059",
      "language": {
        "name": "ja-Hrkt",
        "url": "https://pokeapi.co/api/v2/language/1/"
      },
      "version_group": {
        "name": "sword-shield",
        "url": "https://pokeapi.co/api/v2/version-group/20/"
      }
    },
    {
      "flavor_text": "\uc0ac\uc6a9\ud560 \uc218 \uc5c6\ub294 \uae30\uc220\uc785\ub2c8\ub2e4.\n\ub2e4\uc2dc \ubc30\uc6b0\uac8c \ud560 \uc218 \uc5c6\uc9c0\ub9cc\n\uae30\uc220\uc744 \uc78a\uac8c \ud558\ub294 \uac83\uc744 \uad8c\uc7a5\ud569\ub2c8\ub2e4.",
      "language": {
        "name": "ko",
        "url": "https://pokeapi.co/api/v2/language/3/"
      },
      "version_group": {
        "name": "sword-shield",
        "url": "https://pokeapi.co/api/v2/version-group/20/"
      }
    },
    {
      "flavor_text": "\u7121\u6cd5\u4f7f\u7528\u6b64\u62db\u5f0f\u3002\n\u96d6\u7136\u5fd8\u8a18\u5f8c\u5c07\u7121\u6cd5\u518d\u60f3\u8d77\u4f86\uff0c\n\u4f46\u9084\u662f\u5efa\u8b70\u5fd8\u8a18\u6b64\u62db\u5f0f\u3002",
      "language": {
        "name": "zh-Hant",
        "url": "https://pokeapi.co/api/v2/language/4/"
      },
      "version_group": {
        "name": "sword-shield",
        "url": "https://pokeapi.co/api/v2/version-group/20/"
      }
    },
    {
      "flavor_text": "Cette capacit\u00e9 ne peut pas \u00eatre utilis\u00e9e.\nIl est recommand\u00e9 de l\u2019oublier, m\u00eame s\u2019il sera\nimpossible de se la rem\u00e9morer une fois oubli\u00e9e.",
      "language": {
        "name": "fr",
        "url": "https://pokeapi.co/api/v2/language/5/"
      },
      "version_group": {
        "name": "sword-shield",
        "url": "https://pokeapi.co/api/v2/version-group/20/"
      }
    },
    {
      "flavor_text": "Diese Attacke kann nicht eingesetzt werden. Du solltest\ndein Pok\u00e9mon sie vergessen lassen. Beachte aber,\ndass es sich danach nicht wieder an sie erinnern kann.",
      "language": {
        "name": "de",
        "url": "https://pokeapi.co/api/v2/language/6/"
      },
      "version_group": {
        "name": "sword-shield",
        "url": "https://pokeapi.co/api/v2/version-group/20/"
      }
    },
    {
      "flavor_text": "Este movimiento no se puede usar, por lo que ser\u00eda\nmejor olvidarlo, aunque eso implique que no se pueda\nrecordar posteriormente.",
      "language": {
        "name": "es",
        "url": "https://pokeapi.co/api/v2/language/7/"
      },
      "version_group": {
        "name": "sword-shield",
        "url": "https://pokeapi.co/api/v2/version-group/20/"
      }
    },
    {
      "flavor_text": "Questa mossa non pu\u00f2 essere usata.\n\u00c8 consigliabile farla dimenticare al Pok\u00e9mon. Tuttavia,\nuna volta dimenticata, non potr\u00e0 pi\u00f9 essere ricordata.",
      "language": {
        "name": "it",
        "url": "https://pokeapi.co/api/v2/language/8/"
      },
      "version_group": {
        "name": "sword-shield",
        "url": "https://pokeapi.co/api/v2/version-group/20/"
      }
    },
    {
      "flavor_text": "This move can\u2019t be used.\nIt\u2019s recommended that this move is forgotten.\nOnce forgotten, this move can\u2019t be remembered.",
      "language": {
        "name": "en",
        "url": "https://pokeapi.co/api/v2/language/9/"
      },
      "version_group": {
        "name": "sword-shield",
        "url": "https://pokeapi.co/api/v2/version-group/20/"
      }
    },
    {
      "flavor_text": "\u3053\u306e\u6280\u306f\u3000\u4f7f\u3048\u307e\u305b\u3093\n\u601d\u3044\u51fa\u3059\u3053\u3068\u304c\u3000\u3067\u304d\u306a\u304f\u306a\u308a\u307e\u3059\u304c\n\u6280\u3092\u3000\u5fd8\u308c\u308b\u3053\u3068\u3092\u3000\u304a\u3059\u3059\u3081\u3057\u307e\u3059",
      "language": {
        "name": "ja",
        "url": "https://pokeapi.co/api/v2/language/11/"
      },
      "version_group": {
        "name": "sword-shield",
        "url": "https://pokeapi.co/api/v2/version-group/20/"
      }
    },
    {
      "flavor_text": "\u65e0\u6cd5\u4f7f\u7528\u8fd9\u4e2a\u62db\u5f0f\u3002\n\u867d\u7136\u5fd8\u8bb0\u4e4b\u540e\u5c31\u518d\u4e5f\u60f3\u4e0d\u8d77\u6765\u4e86\uff0c\n\u4f46\u8fd8\u662f\u5efa\u8bae\u5fd8\u8bb0\u8fd9\u4e2a\u62db\u5f0f\u3002",
      "language": {
        "name": "zh-Hans",
        "url": "https://pokeapi.co/api/v2/language/12/"
      },
      "version_group": {
        "name": "sword-shield",
        "url": "https://pokeapi.co/api/v2/version-group/20/"
      }
    }
  ],
  "generation": {
    "name": "generation-vii",
    "url": "https://pokeapi.co/api/v2/generation/7/"
  },
  "id": 628,
  "learned_by_pokemon": [],
  "machines": [],
  "meta": {
    "ailment": {
      "name": "none",
      "url": "https://pokeapi.co/api/v2/move-ailment/0/"
    },
    "ailment_chance": 0,
    "category": {
      "name": "damage",
      "url": "https://pokeapi.co/api/v2/move-category/0/"
    },
    "crit_rate": 0,
    "drain": 0,
    "flinch_chance": 0,
    "healing": 0,
    "max_hits": null,
    "max_turns": null,
    "min_hits": null,
    "min_turns": null,
    "stat_chance": 0
  },
  "name": "acid-downpour--physical",
  "names": [
    {
      "language": {
        "name": "ja-Hrkt",
        "url": "https://pokeapi.co/api/v2/language/1/"
      },
      "name": "\u30a2\u30b7\u30c3\u30c9\u30dd\u30a4\u30ba\u30f3\u30c7\u30ea\u30fc\u30c8"
    },
    {
      "language": {
        "name": "ko",
        "url": "https://pokeapi.co/api/v2/language/3/"
      },
      "name": "\uc560\uc2dc\ub4dc\ud3ec\uc774\uc98c\ub51c\ub9ac\ud2b8"
    },
    {
      "language": {
        "name": "zh-Hant",
        "url": "https://pokeapi.co/api/v2/language/4/"
      },
      "name": "\u5f37\u9178\u5287\u6bd2\u6ec5\u7d55\u96e8"
    },
    {
      "language": {
        "name": "fr",
        "url": "https://pokeapi.co/api/v2/language/5/"
      },
      "name": "D\u00e9luge Causti-Toxique"
    },
    {
      "language": {
        "name": "de",
        "url": "https://pokeapi.co/api/v2/language/6/"
      },
      "name": "Vernichtender S\u00e4ureregen"
    },
    {
      "language": {
        "name": "es",
        "url": "https://pokeapi.co/api/v2/language/7/"
      },
      "name": "Diluvio Corrosivo"
    },
    {
      "language": {
        "name": "it",
        "url": "https://pokeapi.co/api/v2/language/8/"
      },
      "name": "Acidiluvio Corrosivo"
    },
    {
      "language": {
        "name": "en",
        "url": "https://pokeapi.co/api/v2/language/9/"
      },
      "name": "Acid Downpour"
    },
    {
      "language": {
        "name": "ja",
        "url": "https://pokeapi.co/api/v2/language/11/"
      },
      "name": "\u30a2\u30b7\u30c3\u30c9\u30dd\u30a4\u30ba\u30f3\u30c7\u30ea\u30fc\u30c8"
    },
    {
      "language": {
        "name": "zh-Hans",
        "url": "https://pokeapi.co/api/v2/language/12/"
      },
      "name": "\u5f3a\u9178\u5267\u6bd2\u706d\u7edd\u96e8"
    }
  ],
  "past_values": [],
  "power": null,
  "pp": 1,
  "priority": 0,
  "stat_changes": [],
  "super_contest_effect": null,
  "target": {
    "name": "selected-pokemon",
    "url": "https://pokeapi.co/api/v2/move-target/10/"
  },
  "type": {
    "name": "poison",
    "url": "https://pokeapi.co/api/v2/type/4/"
  }
}