{
  "accuracy": null,
  "contest_combos": null,
  "contest_effect": null,
  "contest_type": null,
  "damage_class": {
    "name": "physical",
    "url": "https://pokeapi.co/api/v2/move-damage-class/2/"
  },
  "effect_chance": null,
  "effect_changes": [],
  "effect_entries": [
    {
      "effect": "Inflicts regular damage.",
      "language": {
        "name": "en",
        "url": "https://pokeapi.co/api/v2/language/9/"
      },
      "short_effect": "Inflicts regular damage with no additional effect."
    }
  ],
  "flavor_text_entries": [
    {
      "flavor_text": "\u30c0\u30a4\u30de\u30c3\u30af\u30b9\u3057\u305f\u3000\u30dd\u30b1\u30e2\u30f3\u304c\n\u304f\u308a\u3060\u3059\u3000\u30ce\u30fc\u30de\u30eb\u30bf\u30a4\u30d7\u306e\u3000\u3053\u3046\u3052\u304d\u3002\n\u3042\u3044\u3066\u306e\u3000\u3059\u3070\u3084\u3055\u3092\u3000\u3055\u3052\u308b\u3002",
      "language": {
        "name": "ja-Hrkt",
        "url": "https://pokeapi.co/api/v2/language/1/"
      },
      "version_group": {
        "name": "sword-shield",
        "url": "https://pokeapi.co/api/v2/version-group/20/"
      }
    },
    {
      "flavor_text": "\ub2e4\uc774\ub9e5\uc2a4\ud55c \ud3ec\ucf13\ubaac\uc774 \ub0a0\ub9ac\ub294\n\ub178\ub9d0\ud0c0\uc785\uc758 \uacf5\uaca9.\n\uc0c1\ub300\uc758 \uc2a4\ud53c\ub4dc\ub97c \ub5a8\uc5b4\ub728\ub9b0\ub2e4.",
      "language": {
        "name": "ko",
        "url": "https://pokeapi.co/api/v2/language/3/"
      },
      "version_group": {
        "name": "sword-shield",
        "url": "https://pokeapi.co/api/v2/version-group/20/"
      }
    },
    {
      "flavor_text": "\u6975\u5de8\u5316\u5bf6\u53ef\u5922\n\u6240\u4f7f\u51fa\u7684\u4e00\u822c\u5c6c\u6027\u653b\u64ca\u3002\n\u53ef\u964d\u4f4e\u5c0d\u624b\u7684\u901f\u5ea6\u3002",
      "language": {
        "name": "zh-Hant",
        "url": "https://pokeapi.co/api/v2/language/4/"
      },
      "version_group": {
        "name": "sword-shield",
        "url": "https://pokeapi.co/api/v2/version-group/20/"
      }
    },
    {
      "flavor_text": "Une attaque de type Normal que seuls\nles Pok\u00e9mon Dynamax peuvent utiliser.\nBaisse la Vitesse de la cible.",
      "language": {
        "name": "fr",
        "url": "https://pokeapi.co/api/v2/language/5/"
      },
      "version_group": {
        "name": "sword-shield",
        "url": "https://pokeapi.co/api/v2/version-group/20/"
      }
    },
    {
      "flavor_text": "Eine Normal-Attacke, die nur Dynamax-Pok\u00e9mon\neinsetzen k\u00f6nnen. Senkt die Initiative des Zieles.",
      "language": {
        "name": "de",
        "url": "https://pokeapi.co/api/v2/language/6/"
      },
      "version_group": {
        "name": "sword-shield",
        "url": "https://pokeapi.co/api/v2/version-group/20/"
      }
    },
    {
      "flavor_text": "Ataque de tipo Normal ejecutado por un Pok\u00e9mon\nDinamax. Reduce la Velocidad del objetivo.",
      "language": {
        "name": "es",
        "url": "https://pokeapi.co/api/v2/language/7/"
      },
      "version_group": {
        "name": "sword-shield",
        "url": "https://pokeapi.co/api/v2/version-group/20/"
      }
    },
    {
      "flavor_text": "Un attacco di tipo Normale che pu\u00f2 essere eseguito\ndai Pok\u00e9mon dynamaxizzati. Riduce la Velocit\u00e0\ndei nemici intorno.",
      "language": {
        "name": "it",
        "url": "https://pokeapi.co/api/v2/language/8/"
      },
      "version_group": {
        "name": "sword-shield",
        "url": "https://pokeapi.co/api/v2/version-group/20/"
      }
    },
    {
      "flavor_text": "This is a Normal-type attack Dynamax Pok\u00e9mon use.\nThis lowers the target\u2019s Speed stat.",
      "language": {
        "name": "en",
        "url": "https://pokeapi.co/api/v2/language/9/"
      },
      "version_group": {
        "name": "sword-shield",
        "url": "https://pokeapi.co/api/v2/version-group/20/"
      }
    },
    {
      "flavor_text": "\u30c0\u30a4\u30de\u30c3\u30af\u30b9\u3057\u305f\u3000\u30dd\u30b1\u30e2\u30f3\u304c\n\u7e70\u308a\u3060\u3059\u3000\u30ce\u30fc\u30de\u30eb\u30bf\u30a4\u30d7\u306e\u3000\u653b\u6483\u3002\n\u76f8\u624b\u306e\u3000\u7d20\u65e9\u3055\u3092\u3000\u4e0b\u3052\u308b\u3002",
      "language": {
        "name": "ja",
        "url": "https://pokeapi.co/api/v2/language/11/"
      },
      "version_group": {
        "name": "sword-shield",
        "url": "https://pokeapi.co/api/v2/version-group/20/"
      }
    },
    {
      "flavor_text": "\u6781\u5de8\u5316\u5b9d\u53ef\u68a6\u4f7f\u51fa\u7684\u4e00\u822c\u5c5e\u6027\u653b\u51fb\u3002\n\u4f1a\u964d\u4f4e\u5bf9\u624b\u7684\u901f\u5ea6\u3002",
      "language": {
        "name": "zh-Hans",
        "url": "https://pokeapi.co/api/v2/language/12/"
      },
      "version_group": {
        "name": "sword-shield",
        "url": "https://pokeapi.co/api/v2/version-group/20/"
      }
    }
  ],
  "generation": {
    "name": "generation-viii",
    "url": "https://pokeapi.co/api/v2/generation/8/"
  },
  "id": 760,
  "learned_by_pokemon": [],
  "machines": [],
  "meta": {
    "ailment": {
      "name": "none",
      "url": "https://pokeapi.co/api/v2/move-ailment/0/"
    },
    "ailment_chance": 0,
    "category": {
      "name": "damage",
      "url": "https://pokeapi.co/api/v2/move-category/0/"
    },
    "crit_rate": 0,
    "drain": 0,
    "flinch_chance": 0,
    "healing": 0,
    "max_hits": null,
    "max_turns": null,
    "min_hits": null,
    "min_turns": null,
    "stat_chance": 0
  },
  "name": "max-strike",
  "names": [
    {
      "language": {
        "name": "ja-Hrkt",
        "url": "https://pokeapi.co/api/v2/language/1/"
      },
      "name": "\u30c0\u30a4\u30a2\u30bf\u30c3\u30af"
    },
    {
      "language": {
        "name": "ko",
        "url": "https://pokeapi.co/api/v2/language/3/"
      },
      "name": "\ub2e4\uc774\uc5b4\ud0dd"
    },
    {
      "language": {
        "name": "zh-Hant",
        "url": "https://pokeapi.co/api/v2/language/4/"
      },
      "name": "\u6975\u5de8\u653b\u64ca"
    },
    {
      "language": {
        "name": "fr",
        "url": "https://pokeapi.co/api/v2/language/5/"
      },
      "name": "Normalomax"
    },
    {
      "language": {
        "name": "de",
        "url": "https://pokeapi.co/api/v2/language/6/"
      },
      "name": "Dyna-Angriff"
    },
    {
      "language": {
        "name": "es",
        "url": "https://pokeapi.co/api/v2/language/7/"
      },
      "name": "Maxiataque"
    },
    {
      "language": {
        "name": "it",
        "url": "https://pokeapi.co/api/v2/language/8/"
      },
      "name": "Dynattacco"
    },
    {
      "language": {
        "name": "en",
        "url": "https://pokeapi.co/api/v2/language/9/"
      },
      "name": "Max Strike"
    },
    {
      "language": {
        "name": "ja",
        "url": "https://pokeapi.co/api/v2/language/11/"
      },
      "name": "\u30c0\u30a4\u30a2\u30bf\u30c3\u30af"
    },
    {
      "language": {
        "name": "zh-Hans",
        "url": "https://pokeapi.co/api/v2/language/12/"
      },
      "name": "\u6781\u5de8\u653b\u51fb"
    }
  ],
  "past_values": [],
  "power": 10,
  "pp": 10,
  "priority": 0,
  "stat_changes": [],
  "super_contest_effect": null,
  "target": {
    "name": "selected-pokemon-me-first",
    "url": "https://pokeapi.co/api/v2/move-target/2/"
  },
  "type": {
    "name": "normal",
    "url": "https://pokeapi.co/api/v2/type/1/"
  }
}