{
  "accuracy": 100,
  "contest_combos": null,
  "contest_effect": null,
  "contest_type": null,
  "damage_class": {
    "name": "special",
    "url": "https://pokeapi.co/api/v2/move-damage-class/3/"
  },
  "effect_chance": null,
  "effect_changes": [],
  "effect_entries": [
    {
      "effect": "Inflicts regular damage.",
      "language": {
        "name": "en",
        "url": "https://pokeapi.co/api/v2/language/9/"
      },
      "short_effect": "Inflicts regular damage with no additional effect."
    }
  ],
  "flavor_text_entries": [
    {
      "flavor_text": "\u30d5\u30a3\u30fc\u30eb\u30c9\u306e\u3000\u3061\u304b\u3089\u3092\u3000\u304b\u308a\u3066\u3000\u3053\u3046\u3052\u304d\u3002\n\u3064\u304b\u3063\u305f\u3068\u304d\u306e\u3000\u30d5\u30a3\u30fc\u30eb\u30c9\u306e\u3058\u3087\u3046\u305f\u3044\u306b\u3000\u3088\u3063\u3066\n\u308f\u3056\u306e\u3000\u30bf\u30a4\u30d7\u3068\u3000\u3044\u308a\u3087\u304f\u304c\u3000\u304b\u308f\u308b\u3002",
      "language": {
        "name": "ja-Hrkt",
        "url": "https://pokeapi.co/api/v2/language/1/"
      },
      "version_group": {
        "name": "sword-shield",
        "url": "https://pokeapi.co/api/v2/version-group/20/"
      }
    },
    {
      "flavor_text": "\ud544\ub4dc\uc758 \ud798\uc744 \ube4c\ub824\uc11c \uacf5\uaca9\ud55c\ub2e4.\n\uc0ac\uc6a9\ud588\uc744 \ub54c\uc758 \ud544\ub4dc \uc0c1\ud0dc\uc5d0 \ub530\ub77c\uc11c\n\uae30\uc220 \ud0c0\uc785\uacfc \uc704\ub825\uc774 \ubc14\ub010\ub2e4.",
      "language": {
        "name": "ko",
        "url": "https://pokeapi.co/api/v2/language/3/"
      },
      "version_group": {
        "name": "sword-shield",
        "url": "https://pokeapi.co/api/v2/version-group/20/"
      }
    },
    {
      "flavor_text": "\u85c9\u52a9\u5834\u5730\u7684\u529b\u91cf\u9032\u884c\u653b\u64ca\u3002\n\u8996\u4f7f\u51fa\u62db\u5f0f\u6642\u5834\u5730\u72c0\u614b\u4e0d\u540c\uff0c\n\u62db\u5f0f\u7684\u5c6c\u6027\u548c\u5a01\u529b\u6703\u6709\u6240\u8b8a\u5316\u3002",
      "language": {
        "name": "zh-Hant",
        "url": "https://pokeapi.co/api/v2/language/4/"
      },
      "version_group": {
        "name": "sword-shield",
        "url": "https://pokeapi.co/api/v2/version-group/20/"
      }
    },
    {
      "flavor_text": "Une attaque qui tire sa force des champs.\nSon type et sa puissance varient selon le champ actif.",
      "language": {
        "name": "fr",
        "url": "https://pokeapi.co/api/v2/language/5/"
      },
      "version_group": {
        "name": "sword-shield",
        "url": "https://pokeapi.co/api/v2/version-group/20/"
      }
    },
    {
      "flavor_text": "Der Anwender nutzt die Kraft des aktiven Feldes f\u00fcr\nseinen Angriff. Der Typ und die St\u00e4rke der Attacke\n\u00e4ndern sich je nach Art des aktiven Feldes.",
      "language": {
        "name": "de",
        "url": "https://pokeapi.co/api/v2/language/6/"
      },
      "version_group": {
        "name": "sword-shield",
        "url": "https://pokeapi.co/api/v2/version-group/20/"
      }
    },
    {
      "flavor_text": "El usuario ataca aprovechando la energ\u00eda del campo\nactivo, que determina tanto el tipo como la potencia\ndel movimiento.",
      "language": {
        "name": "es",
        "url": "https://pokeapi.co/api/v2/language/7/"
      },
      "version_group": {
        "name": "sword-shield",
        "url": "https://pokeapi.co/api/v2/version-group/20/"
      }
    },
    {
      "flavor_text": "Chi la usa attacca sfruttando l\u2019energia del terreno\ndi lotta. Il tipo e la potenza della mossa variano\na seconda dello stato del terreno stesso.",
      "language": {
        "name": "it",
        "url": "https://pokeapi.co/api/v2/language/8/"
      },
      "version_group": {
        "name": "sword-shield",
        "url": "https://pokeapi.co/api/v2/version-group/20/"
      }
    },
    {
      "flavor_text": "The user utilizes the power of the terrain to attack.\nThis move\u2019s type and power changes depending on\nthe terrain when it\u2019s used.",
      "language": {
        "name": "en",
        "url": "https://pokeapi.co/api/v2/language/9/"
      },
      "version_group": {
        "name": "sword-shield",
        "url": "https://pokeapi.co/api/v2/version-group/20/"
      }
    },
    {
      "flavor_text": "\u30d5\u30a3\u30fc\u30eb\u30c9\u306e\u529b\u3092\u3000\u501f\u308a\u3066\u3000\u653b\u6483\u3002\n\u4f7f\u3063\u305f\u6642\u306e\u3000\u30d5\u30a3\u30fc\u30eb\u30c9\u306e\u72b6\u614b\u306b\u3000\u3088\u3063\u3066\n\u6280\u306e\u3000\u30bf\u30a4\u30d7\u3068\u3000\u5a01\u529b\u304c\u3000\u5909\u308f\u308b\u3002",
      "language": {
        "name": "ja",
        "url": "https://pokeapi.co/api/v2/language/11/"
      },
      "version_group": {
        "name": "sword-shield",
        "url": "https://pokeapi.co/api/v2/version-group/20/"
      }
    },
    {
      "flavor_text": "\u501f\u52a9\u573a\u5730\u7684\u529b\u91cf\u8fdb\u884c\u653b\u51fb\u3002\n\u89c6\u4f7f\u51fa\u62db\u5f0f\u65f6\u573a\u5730\u72b6\u6001\u4e0d\u540c\uff0c\n\u62db\u5f0f\u7684\u5c5e\u6027\u548c\u5a01\u529b\u4f1a\u6709\u6240\u53d8\u5316\u3002",
      "language": {
        "name": "zh-Hans",
        "url": "https://pokeapi.co/api/v2/language/12/"
      },
      "version_group": {
        "name": "sword-shield",
        "url": "https://pokeapi.co/api/v2/version-group/20/"
      }
    },
    {
      "flavor_text": "The user utilizes the power of the terrain to attack. This move's type and power changes depending on the terrain when it's used.",
      "language": {
        "name": "en",
        "url": "https://pokeapi.co/api/v2/language/9/"
      },
      "version_group": {
        "name": "legends-arceus",
        "url": "https://pokeapi.co/api/v2/version-group/24/"
      }
    },
    {
      "flavor_text": "The user utilizes the energy of the terrain to attack. This move\u2019s type and power change depending on the terrain at the time the move is used.",
      "language": {
        "name": "en",
        "url": "https://pokeapi.co/api/v2/language/9/"
      },
      "version_group": {
        "name": "scarlet-violet",
        "url": "https://pokeapi.co/api/v2/version-group/25/"
      }
    }
  ],
  "generation": {
    "name": "generation-viii",
    "url": "https://pokeapi.co/api/v2/generation/8/"
  },
  "id": 805,
  "learned_by_pokemon": [
    {
      "name": "venusaur",
      "url": "https://pokeapi.co/api/v2/pokemon/3/"
    },
    {
      "name": "blastoise",
      "url": "https://pokeapi.co/api/v2/pokemon/9/"
    },
    {
      "name": "exeggutor",
      "url": "https://pokeapi.co/api/v2/pokemon/103/"
    },
    {
      "name": "lickitung",
      "url": "https://pokeapi.co/api/v2/pokemon/108/"
    },
    {
      "name": "kangaskhan",
      "url": "https://pokeapi.co/api/v2/pokemon/115/"
    },
    {
      "name": "snorlax",
      "url": "https://pokeapi.co/api/v2/pokemon/143/"
    },
    {
      "name": "mew",
      "url": "https://pokeapi.co/api/v2/pokemon/151/"
    },
    {
      "name": "dunsparce",
      "url": "https://pokeapi.co/api/v2/pokemon/206/"
    },
    {
      "name": "exploud",
      "url": "https://pokeapi.co/api/v2/pokemon/295/"
    },
    {
      "name": "lucario",
      "url": "https://pokeapi.co/api/v2/pokemon/448/"
    },
    {
      "name": "lickilicky",
      "url": "https://pokeapi.co/api/v2/pokemon/463/"
    },
    {
      "name": "regigigas",
      "url": "https://pokeapi.co/api/v2/pokemon/486/"
    },
    {
      "name": "clauncher",
      "url": "https://pokeapi.co/api/v2/pokemon/692/"
    },
    {
      "name": "clawitzer",
      "url": "https://pokeapi.co/api/v2/pokemon/693/"
    },
    {
      "name": "carbink",
      "url": "https://pokeapi.co/api/v2/pokemon/703/"
    },
    {
      "name": "xerneas",
      "url": "https://pokeapi.co/api/v2/pokemon/716/"
    },
    {
      "name": "diancie",
      "url": "https://pokeapi.co/api/v2/pokemon/719/"
    },
    {
      "name": "oranguru",
      "url": "https://pokeapi.co/api/v2/pokemon/765/"
    },
    {
      "name": "palossand",
      "url": "https://pokeapi.co/api/v2/pokemon/770/"
    },
    {
      "name": "type-null",
      "url": "https://pokeapi.co/api/v2/pokemon/772/"
    },
    {
      "name": "silvally",
      "url": "https://pokeapi.co/api/v2/pokemon/773/"
    },
    {
      "name": "indeedee-male",
      "url": "https://pokeapi.co/api/v2/pokemon/876/"
    },
    {
      "name": "smoliv",
      "url": "https://pokeapi.co/api/v2/pokemon/928/"
    },
    {
      "name": "dolliv",
      "url": "https://pokeapi.co/api/v2/pokemon/929/"
    },
    {
      "name": "arboliva",
      "url": "https://pokeapi.co/api/v2/pokemon/930/"
    },
    {
      "name": "exeggutor-alola",
      "url": "https://pokeapi.co/api/v2/pokemon/10114/"
    },
    {
      "name": "stunfisk-galar",
      "url": "https://pokeapi.co/api/v2/pokemon/10180/"
    },
    {
      "name": "indeedee-female",
      "url": "https://pokeapi.co/api/v2/pokemon/10186/"
    }
  ],
  "machines": [],
  "meta": {
    "ailment": {
      "name": "none",
      "url": "https://pokeapi.co/api/v2/move-ailment/0/"
    },
    "ailment_chance": 0,
    "category": {
      "name": "damage",
      "url": "https://pokeapi.co/api/v2/move-category/0/"
    },
    "crit_rate": 0,
    "drain": 0,
    "flinch_chance": 0,
    "healing": 0,
    "max_hits": null,
    "max_turns": null,
    "min_hits": null,
    "min_turns": null,
    "stat_chance": 0
  },
  "name": "terrain-pulse",
  "names": [
    {
      "language": {
        "name": "ja-Hrkt",
        "url": "https://pokeapi.co/api/v2/language/1/"
      },
      "name": "\u3060\u3044\u3061\u306e\u306f\u3069\u3046"
    },
    {
      "language": {
        "name": "ko",
        "url": "https://pokeapi.co/api/v2/language/3/"
      },
      "name": "\ub300\uc9c0\uc758\ud30c\ub3d9"
    },
    {
      "language": {
        "name": "zh-Hant",
        "url": "https://pokeapi.co/api/v2/language/4/"
      },
      "name": "\u5927\u5730\u6ce2\u52d5"
    },
    {
      "language": {
        "name": "fr",
        "url": "https://pokeapi.co/api/v2/language/5/"
      },
      "name": "Champlification"
    },
    {
      "language": {
        "name": "de",
        "url": "https://pokeapi.co/api/v2/language/6/"
      },
      "name": "Feldimpuls"
    },
    {
      "language": {
        "name": "es",
        "url": "https://pokeapi.co/api/v2/language/7/"
      },
      "name": "Pulso de Campo"
    },
    {
      "language": {
        "name": "it",
        "url": "https://pokeapi.co/api/v2/language/8/"
      },
      "name": "Campopulsar"
    },
    {
      "language": {
        "name": "en",
        "url": "https://pokeapi.co/api/v2/language/9/"
      },
      "name": "Terrain Pulse"
    },
    {
      "language": {
        "name": "ja",
        "url": "https://pokeapi.co/api/v2/language/11/"
      },
      "name": "\u3060\u3044\u3061\u306e\u306f\u3069\u3046"
    },
    {
      "language": {
        "name": "zh-Hans",
        "url": "https://pokeapi.co/api/v2/language/12/"
      },
      "name": "\u5927\u5730\u6ce2\u52a8"
    }
  ],
  "past_values": [],
  "power": 50,
  "pp": 10,
  "priority": 0,
  "stat_changes": [],
  "super_contest_effect": null,
  "target": {
    "name": "selected-pokemon",
    "url": "https://pokeapi.co/api/v2/move-target/10/"
  },
  "type": {
    "name": "normal",
    "url": "https://pokeapi.co/api/v2/type/1/"
  }
}