{
  "accuracy": 100,
  "contest_combos": null,
  "contest_effect": null,
  "contest_type": {
    "name": "cute",
    "url": "https://pokeapi.co/api/v2/contest-type/3/"
  },
  "damage_class": {
    "name": "special",
    "url": "https://pokeapi.co/api/v2/move-damage-class/3/"
  },
  "effect_chance": 10,
  "effect_changes": [],
  "effect_entries": [
    {
      "effect": "Inflicts regular damage.  Has a 10% chance to lower the target\u2019s Special Defense by one stage.",
      "language": {
        "name": "en",
        "url": "https://pokeapi.co/api/v2/language/9/"
      },
      "short_effect": "Has a 10% chance to lower the target\u2019s Special Defense by one stage."
    }
  ],
  "flavor_text_entries": [
    {
      "flavor_text": "The user vibrates its\nwings to generate a\ndamaging sound wave.\nIt may also lower the\nfoe\u2019s Sp. Def stat.",
      "language": {
        "name": "en",
        "url": "https://pokeapi.co/api/v2/language/9/"
      },
      "version_group": {
        "name": "diamond-pearl",
        "url": "https://pokeapi.co/api/v2/version-group/8/"
      }
    },
    {
      "flavor_text": "The user vibrates its\nwings to generate a\ndamaging sound wave.\nIt may also lower the\nfoe\u2019s Sp. Def stat.",
      "language": {
        "name": "en",
        "url": "https://pokeapi.co/api/v2/language/9/"
      },
      "version_group": {
        "name": "platinum",
        "url": "https://pokeapi.co/api/v2/version-group/9/"
      }
    },
    {
      "flavor_text": "The user vibrates its\nwings to generate a\ndamaging sound wave.\nIt may also lower the\nfoe\u2019s Sp. Def stat.",
      "language": {
        "name": "en",
        "url": "https://pokeapi.co/api/v2/language/9/"
      },
      "version_group": {
        "name": "heartgold-soulsilver",
        "url": "https://pokeapi.co/api/v2/version-group/10/"
      }
    },
    {
      "flavor_text": "Le lanceur fait vibrer ses ailes pour\nlancer une vague sonique. Peut aussi\nbaisser la D\u00e9fense Sp\u00e9ciale de l\u2019ennemi.",
      "language": {
        "name": "fr",
        "url": "https://pokeapi.co/api/v2/language/5/"
      },
      "version_group": {
        "name": "black-white",
        "url": "https://pokeapi.co/api/v2/version-group/11/"
      }
    },
    {
      "flavor_text": "The user vibrates its wings to generate a\ndamaging sound wave. It may also lower\nthe target\u2019s Sp. Def stat.",
      "language": {
        "name": "en",
        "url": "https://pokeapi.co/api/v2/language/9/"
      },
      "version_group": {
        "name": "black-white",
        "url": "https://pokeapi.co/api/v2/version-group/11/"
      }
    },
    {
      "flavor_text": "The user vibrates its wings to generate a\ndamaging sound wave. It may also lower\nthe target\u2019s Sp. Def stat.",
      "language": {
        "name": "en",
        "url": "https://pokeapi.co/api/v2/language/9/"
      },
      "version_group": {
        "name": "black-2-white-2",
        "url": "https://pokeapi.co/api/v2/version-group/14/"
      }
    },
    {
      "flavor_text": "\u306f\u306d\u306e\u3000\u3057\u3093\u3069\u3046\u3067\u3000\u304a\u3093\u3071\u3092\u3000\u304a\u3053\u3057\u3066\n\u3053\u3046\u3052\u304d\u3059\u308b\u3002\u3042\u3044\u3066\u306e\u3000\u3068\u304f\u307c\u3046\u3092\n\u3055\u3052\u308b\u3053\u3068\u304c\u3000\u3042\u308b\u3002",
      "language": {
        "name": "ja-Hrkt",
        "url": "https://pokeapi.co/api/v2/language/1/"
      },
      "version_group": {
        "name": "x-y",
        "url": "https://pokeapi.co/api/v2/version-group/15/"
      }
    },
    {
      "flavor_text": "\ub0a0\uac1c\uc758 \uc9c4\ub3d9\uc73c\ub85c \uc74c\ud30c\ub97c \uc77c\uc73c\ucf1c\uc11c\n\uacf5\uaca9\ud55c\ub2e4. \uc0c1\ub300\uc758 \ud2b9\uc218\ubc29\uc5b4\ub97c\n\ub5a8\uc5b4\ub728\ub9b4 \ub54c\uac00 \uc788\ub2e4.",
      "language": {
        "name": "ko",
        "url": "https://pokeapi.co/api/v2/language/3/"
      },
      "version_group": {
        "name": "x-y",
        "url": "https://pokeapi.co/api/v2/version-group/15/"
      }
    },
    {
      "flavor_text": "Le lanceur fait vibrer ses ailes pour lancer une\nvague sonique. Peut aussi baisser la D\u00e9fense\nSp\u00e9ciale de l\u2019ennemi.",
      "language": {
        "name": "fr",
        "url": "https://pokeapi.co/api/v2/language/5/"
      },
      "version_group": {
        "name": "x-y",
        "url": "https://pokeapi.co/api/v2/version-group/15/"
      }
    },
    {
      "flavor_text": "Anwender schl\u00e4gt mit den Fl\u00fcgeln und\nerzeugt eine Schockwelle. Senkt eventuell\nSpezial-Verteidigung des Zieles.",
      "language": {
        "name": "de",
        "url": "https://pokeapi.co/api/v2/language/6/"
      },
      "version_group": {
        "name": "x-y",
        "url": "https://pokeapi.co/api/v2/version-group/15/"
      }
    },
    {
      "flavor_text": "El movimiento de las alas crea una onda s\u00f3nica\nda\u00f1ina. Tambi\u00e9n puede disminuir la Defensa\nEspecial del objetivo.",
      "language": {
        "name": "es",
        "url": "https://pokeapi.co/api/v2/language/7/"
      },
      "version_group": {
        "name": "x-y",
        "url": "https://pokeapi.co/api/v2/version-group/15/"
      }
    },
    {
      "flavor_text": "Chi la usa fa vibrare le ali creando un\u2019onda sonora\npericolosa. Pu\u00f2 anche ridurre la Difesa Speciale\ndel bersaglio.",
      "language": {
        "name": "it",
        "url": "https://pokeapi.co/api/v2/language/8/"
      },
      "version_group": {
        "name": "x-y",
        "url": "https://pokeapi.co/api/v2/version-group/15/"
      }
    },
    {
      "flavor_text": "The user vibrates its wings to generate a\ndamaging sound wave. This may also lower\nthe target\u2019s Sp. Def stat.",
      "language": {
        "name": "en",
        "url": "https://pokeapi.co/api/v2/language/9/"
      },
      "version_group": {
        "name": "x-y",
        "url": "https://pokeapi.co/api/v2/version-group/15/"
      }
    },
    {
      "flavor_text": "\u306f\u306d\u306e\u3000\u632f\u52d5\u3067\u3000\u97f3\u6ce2\u3092\u3000\u304a\u3053\u3057\u3066\n\u653b\u6483\u3059\u308b\u3002\u76f8\u624b\u306e\u3000\u7279\u9632\u3092\n\u3055\u3052\u308b\u3053\u3068\u304c\u3000\u3042\u308b\u3002",
      "language": {
        "name": "ja",
        "url": "https://pokeapi.co/api/v2/language/11/"
      },
      "version_group": {
        "name": "x-y",
        "url": "https://pokeapi.co/api/v2/version-group/15/"
      }
    },
    {
      "flavor_text": "\u306f\u306d\u306e\u3000\u3057\u3093\u3069\u3046\u3067\u3000\u304a\u3093\u3071\u3092\u3000\u304a\u3053\u3057\u3066\n\u3053\u3046\u3052\u304d\u3059\u308b\u3002\u3042\u3044\u3066\u306e\u3000\u3068\u304f\u307c\u3046\u3092\n\u3055\u3052\u308b\u3053\u3068\u304c\u3000\u3042\u308b\u3002",
      "language": {
        "name": "ja-Hrkt",
        "url": "https://pokeapi.co/api/v2/language/1/"
      },
      "version_group": {
        "name": "omega-ruby-alpha-sapphire",
        "url": "https://pokeapi.co/api/v2/version-group/16/"
      }
    },
    {
      "flavor_text": "\ub0a0\uac1c\uc758 \uc9c4\ub3d9\uc73c\ub85c \uc74c\ud30c\ub97c \uc77c\uc73c\ucf1c\uc11c\n\uacf5\uaca9\ud55c\ub2e4. \uc0c1\ub300\uc758 \ud2b9\uc218\ubc29\uc5b4\ub97c\n\ub5a8\uc5b4\ub728\ub9b4 \ub54c\uac00 \uc788\ub2e4.",
      "language": {
        "name": "ko",
        "url": "https://pokeapi.co/api/v2/language/3/"
      },
      "version_group": {
        "name": "omega-ruby-alpha-sapphire",
        "url": "https://pokeapi.co/api/v2/version-group/16/"
      }
    },
    {
      "flavor_text": "Le lanceur fait vibrer son corps pour\nlancer une vague sonique. Peut aussi\nbaisser la D\u00e9fense Sp\u00e9ciale de l\u2019ennemi.",
      "language": {
        "name": "fr",
        "url": "https://pokeapi.co/api/v2/language/5/"
      },
      "version_group": {
        "name": "omega-ruby-alpha-sapphire",
        "url": "https://pokeapi.co/api/v2/version-group/16/"
      }
    },
    {
      "flavor_text": "Anwender schl\u00e4gt mit den Fl\u00fcgeln und\nerzeugt eine Schockwelle. Senkt eventuell\nSpezial-Verteidigung des Zieles.",
      "language": {
        "name": "de",
        "url": "https://pokeapi.co/api/v2/language/6/"
      },
      "version_group": {
        "name": "omega-ruby-alpha-sapphire",
        "url": "https://pokeapi.co/api/v2/version-group/16/"
      }
    },
    {
      "flavor_text": "El usuario crea una onda s\u00f3nica da\u00f1ina moviendo\nsu cuerpo que tambi\u00e9n puede disminuir la Defensa\nEspecial del objetivo.",
      "language": {
        "name": "es",
        "url": "https://pokeapi.co/api/v2/language/7/"
      },
      "version_group": {
        "name": "omega-ruby-alpha-sapphire",
        "url": "https://pokeapi.co/api/v2/version-group/16/"
      }
    },
    {
      "flavor_text": "Chi la usa fa vibrare le ali creando un\u2019onda sonora\npericolosa. Pu\u00f2 anche ridurre la Difesa Speciale\ndel bersaglio.",
      "language": {
        "name": "it",
        "url": "https://pokeapi.co/api/v2/language/8/"
      },
      "version_group": {
        "name": "omega-ruby-alpha-sapphire",
        "url": "https://pokeapi.co/api/v2/version-group/16/"
      }
    },
    {
      "flavor_text": "The user vibrates its wings to generate a\ndamaging sound wave. This may also lower\nthe target\u2019s Sp. Def stat.",
      "language": {
        "name": "en",
        "url": "https://pokeapi.co/api/v2/language/9/"
      },
      "version_group": {
        "name": "omega-ruby-alpha-sapphire",
        "url": "https://pokeapi.co/api/v2/version-group/16/"
      }
    },
    {
      "flavor_text": "\u306f\u306d\u306e\u3000\u632f\u52d5\u3067\u3000\u97f3\u6ce2\u3092\u3000\u304a\u3053\u3057\u3066\n\u653b\u6483\u3059\u308b\u3002\u76f8\u624b\u306e\u3000\u7279\u9632\u3092\n\u3055\u3052\u308b\u3053\u3068\u304c\u3000\u3042\u308b\u3002",
      "language": {
        "name": "ja",
        "url": "https://pokeapi.co/api/v2/language/11/"
      },
      "version_group": {
        "name": "omega-ruby-alpha-sapphire",
        "url": "https://pokeapi.co/api/v2/version-group/16/"
      }
    },
    {
      "flavor_text": "\u3057\u3093\u3069\u3046\u3067\u3000\u304a\u3093\u3071\u3092\u3000\u304a\u3053\u3057\u3066\n\u3053\u3046\u3052\u304d\u3059\u308b\u3002\u3042\u3044\u3066\u306e\u3000\u3068\u304f\u307c\u3046\u3092\n\u3055\u3052\u308b\u3053\u3068\u304c\u3000\u3042\u308b\u3002",
      "language": {
        "name": "ja-Hrkt",
        "url": "https://pokeapi.co/api/v2/language/1/"
      },
      "version_group": {
        "name": "sun-moon",
        "url": "https://pokeapi.co/api/v2/version-group/17/"
      }
    },
    {
      "flavor_text": "\uc9c4\ub3d9\uc73c\ub85c \uc74c\ud30c\ub97c \uc77c\uc73c\ucf1c\uc11c\n\uacf5\uaca9\ud55c\ub2e4. \uc0c1\ub300\uc758 \ud2b9\uc218\ubc29\uc5b4\ub97c\n\ub5a8\uc5b4\ub728\ub9b4 \ub54c\uac00 \uc788\ub2e4.",
      "language": {
        "name": "ko",
        "url": "https://pokeapi.co/api/v2/language/3/"
      },
      "version_group": {
        "name": "sun-moon",
        "url": "https://pokeapi.co/api/v2/version-group/17/"
      }
    },
    {
      "flavor_text": "\u5229\u7528\u632f\u52d5\u7522\u751f\u51fa\u7684\u97f3\u6ce2\u9032\u884c\u653b\u64ca\u3002\n\u6709\u6642\u6703\u964d\u4f4e\u5c0d\u624b\u7684\u7279\u9632\u3002",
      "language": {
        "name": "zh-Hant",
        "url": "https://pokeapi.co/api/v2/language/4/"
      },
      "version_group": {
        "name": "sun-moon",
        "url": "https://pokeapi.co/api/v2/version-group/17/"
      }
    },
    {
      "flavor_text": "Le lanceur fait vibrer son corps pour\nlancer une vague sonique. Peut aussi\nbaisser la D\u00e9fense Sp\u00e9ciale de l\u2019ennemi.",
      "language": {
        "name": "fr",
        "url": "https://pokeapi.co/api/v2/language/5/"
      },
      "version_group": {
        "name": "sun-moon",
        "url": "https://pokeapi.co/api/v2/version-group/17/"
      }
    },
    {
      "flavor_text": "Anwender erzeugt Schallwellen, die beim Ziel\nSchaden verursachen und eventuell dessen\nSpezial-Verteidigung senken.",
      "language": {
        "name": "de",
        "url": "https://pokeapi.co/api/v2/language/6/"
      },
      "version_group": {
        "name": "sun-moon",
        "url": "https://pokeapi.co/api/v2/version-group/17/"
      }
    },
    {
      "flavor_text": "El usuario crea una onda s\u00f3nica da\u00f1ina moviendo\nsu cuerpo que tambi\u00e9n puede disminuir la Defensa\nEspecial del objetivo.",
      "language": {
        "name": "es",
        "url": "https://pokeapi.co/api/v2/language/7/"
      },
      "version_group": {
        "name": "sun-moon",
        "url": "https://pokeapi.co/api/v2/version-group/17/"
      }
    },
    {
      "flavor_text": "Chi la usa crea un\u2019onda sonora che infligge danni.\nPu\u00f2 anche ridurre la Difesa Speciale del bersaglio.",
      "language": {
        "name": "it",
        "url": "https://pokeapi.co/api/v2/language/8/"
      },
      "version_group": {
        "name": "sun-moon",
        "url": "https://pokeapi.co/api/v2/version-group/17/"
      }
    },
    {
      "flavor_text": "The user generates a damaging sound wave by\nvibration. This may also lower the target\u2019s\nSp. Def stat.",
      "language": {
        "name": "en",
        "url": "https://pokeapi.co/api/v2/language/9/"
      },
      "version_group": {
        "name": "sun-moon",
        "url": "https://pokeapi.co/api/v2/version-group/17/"
      }
    },
    {
      "flavor_text": "\u632f\u52d5\u3067\u3000\u97f3\u6ce2\u3092\u3000\u304a\u3053\u3057\u3066\n\u653b\u6483\u3059\u308b\u3002\u76f8\u624b\u306e\u3000\u7279\u9632\u3092\n\u3055\u3052\u308b\u3053\u3068\u304c\u3000\u3042\u308b\u3002",
      "language": {
        "name": "ja",
        "url": "https://pokeapi.co/api/v2/language/11/"
      },
      "version_group": {
        "name": "sun-moon",
        "url": "https://pokeapi.co/api/v2/version-group/17/"
      }
    },
    {
      "flavor_text": "\u5229\u7528\u632f\u52a8\u53d1\u51fa\u97f3\u6ce2\u8fdb\u884c\u653b\u51fb\u3002\n\u6709\u65f6\u4f1a\u964d\u4f4e\u5bf9\u624b\u7684\u7279\u9632\u3002",
      "language": {
        "name": "zh-Hans",
        "url": "https://pokeapi.co/api/v2/language/12/"
      },
      "version_group": {
        "name": "sun-moon",
        "url": "https://pokeapi.co/api/v2/version-group/17/"
      }
    },
    {
      "flavor_text": "\u3057\u3093\u3069\u3046\u3067\u3000\u304a\u3093\u3071\u3092\u3000\u304a\u3053\u3057\u3066\n\u3053\u3046\u3052\u304d\u3059\u308b\u3002\u3042\u3044\u3066\u306e\u3000\u3068\u304f\u307c\u3046\u3092\n\u3055\u3052\u308b\u3053\u3068\u304c\u3000\u3042\u308b\u3002",
      "language": {
        "name": "ja-Hrkt",
        "url": "https://pokeapi.co/api/v2/language/1/"
      },
      "version_group": {
        "name": "ultra-sun-ultra-moon",
        "url": "https://pokeapi.co/api/v2/version-group/18/"
      }
    },
    {
      "flavor_text": "\uc9c4\ub3d9\uc73c\ub85c \uc74c\ud30c\ub97c \uc77c\uc73c\ucf1c\uc11c\n\uacf5\uaca9\ud55c\ub2e4. \uc0c1\ub300\uc758 \ud2b9\uc218\ubc29\uc5b4\ub97c\n\ub5a8\uc5b4\ub728\ub9b4 \ub54c\uac00 \uc788\ub2e4.",
      "language": {
        "name": "ko",
        "url": "https://pokeapi.co/api/v2/language/3/"
      },
      "version_group": {
        "name": "ultra-sun-ultra-moon",
        "url": "https://pokeapi.co/api/v2/version-group/18/"
      }
    },
    {
      "flavor_text": "\u5229\u7528\u632f\u52d5\u7522\u751f\u51fa\u7684\u97f3\u6ce2\u9032\u884c\u653b\u64ca\u3002\n\u6709\u6642\u6703\u964d\u4f4e\u5c0d\u624b\u7684\u7279\u9632\u3002",
      "language": {
        "name": "zh-Hant",
        "url": "https://pokeapi.co/api/v2/language/4/"
      },
      "version_group": {
        "name": "ultra-sun-ultra-moon",
        "url": "https://pokeapi.co/api/v2/version-group/18/"
      }
    },
    {
      "flavor_text": "Le lanceur fait vibrer son corps pour\nlancer une vague sonique. Peut aussi\nbaisser la D\u00e9fense Sp\u00e9ciale de l\u2019ennemi.",
      "language": {
        "name": "fr",
        "url": "https://pokeapi.co/api/v2/language/5/"
      },
      "version_group": {
        "name": "ultra-sun-ultra-moon",
        "url": "https://pokeapi.co/api/v2/version-group/18/"
      }
    },
    {
      "flavor_text": "Anwender erzeugt Schallwellen, die beim Ziel\nSchaden verursachen und eventuell dessen\nSpezial-Verteidigung senken.",
      "language": {
        "name": "de",
        "url": "https://pokeapi.co/api/v2/language/6/"
      },
      "version_group": {
        "name": "ultra-sun-ultra-moon",
        "url": "https://pokeapi.co/api/v2/version-group/18/"
      }
    },
    {
      "flavor_text": "El usuario crea una onda s\u00f3nica da\u00f1ina moviendo\nsu cuerpo que tambi\u00e9n puede disminuir la Defensa\nEspecial del objetivo.",
      "language": {
        "name": "es",
        "url": "https://pokeapi.co/api/v2/language/7/"
      },
      "version_group": {
        "name": "ultra-sun-ultra-moon",
        "url": "https://pokeapi.co/api/v2/version-group/18/"
      }
    },
    {
      "flavor_text": "Chi la usa crea un\u2019onda sonora che infligge danni.\nPu\u00f2 anche ridurre la Difesa Speciale del bersaglio.",
      "language": {
        "name": "it",
        "url": "https://pokeapi.co/api/v2/language/8/"
      },
      "version_group": {
        "name": "ultra-sun-ultra-moon",
        "url": "https://pokeapi.co/api/v2/version-group/18/"
      }
    },
    {
      "flavor_text": "The user generates a damaging sound wave by\nvibration. This may also lower the target\u2019s\nSp. Def stat.",
      "language": {
        "name": "en",
        "url": "https://pokeapi.co/api/v2/language/9/"
      },
      "version_group": {
        "name": "ultra-sun-ultra-moon",
        "url": "https://pokeapi.co/api/v2/version-group/18/"
      }
    },
    {
      "flavor_text": "\u632f\u52d5\u3067\u3000\u97f3\u6ce2\u3092\u3000\u304a\u3053\u3057\u3066\n\u653b\u6483\u3059\u308b\u3002\u76f8\u624b\u306e\u3000\u7279\u9632\u3092\n\u3055\u3052\u308b\u3053\u3068\u304c\u3000\u3042\u308b\u3002",
      "language": {
        "name": "ja",
        "url": "https://pokeapi.co/api/v2/language/11/"
      },
      "version_group": {
        "name": "ultra-sun-ultra-moon",
        "url": "https://pokeapi.co/api/v2/version-group/18/"
      }
    },
    {
      "flavor_text": "\u5229\u7528\u632f\u52a8\u53d1\u51fa\u97f3\u6ce2\u8fdb\u884c\u653b\u51fb\u3002\n\u6709\u65f6\u4f1a\u964d\u4f4e\u5bf9\u624b\u7684\u7279\u9632\u3002",
      "language": {
        "name": "zh-Hans",
        "url": "https://pokeapi.co/api/v2/language/12/"
      },
      "version_group": {
        "name": "ultra-sun-ultra-moon",
        "url": "https://pokeapi.co/api/v2/version-group/18/"
      }
    },
    {
      "flavor_text": "\u3057\u3093\u3069\u3046\u3067\u3000\u304a\u3093\u3071\u3092\u3000\u304a\u3053\u3057\u3066\n\u3053\u3046\u3052\u304d\u3059\u308b\u3002\u3042\u3044\u3066\u306e\u3000\u3068\u304f\u307c\u3046\u3092\n\u3055\u3052\u308b\u3053\u3068\u304c\u3000\u3042\u308b\u3002",
      "language": {
        "name": "ja-Hrkt",
        "url": "https://pokeapi.co/api/v2/language/1/"
      },
      "version_group": {
        "name": "lets-go-pikachu-lets-go-eevee",
        "url": "https://pokeapi.co/api/v2/version-group/19/"
      }
    },
    {
      "flavor_text": "\uc9c4\ub3d9\uc73c\ub85c \uc74c\ud30c\ub97c \uc77c\uc73c\ucf1c\uc11c\n\uacf5\uaca9\ud55c\ub2e4. \uc0c1\ub300\uc758 \ud2b9\uc218\ubc29\uc5b4\ub97c\n\ub5a8\uc5b4\ub728\ub9b4 \ub54c\uac00 \uc788\ub2e4.",
      "language": {
        "name": "ko",
        "url": "https://pokeapi.co/api/v2/language/3/"
      },
      "version_group": {
        "name": "lets-go-pikachu-lets-go-eevee",
        "url": "https://pokeapi.co/api/v2/version-group/19/"
      }
    },
    {
      "flavor_text": "\u5229\u7528\u632f\u52d5\u7522\u751f\u51fa\u7684\u97f3\u6ce2\u9032\u884c\u653b\u64ca\u3002\n\u6709\u6642\u6703\u964d\u4f4e\u5c0d\u624b\u7684\u7279\u9632\u3002",
      "language": {
        "name": "zh-Hant",
        "url": "https://pokeapi.co/api/v2/language/4/"
      },
      "version_group": {
        "name": "lets-go-pikachu-lets-go-eevee",
        "url": "https://pokeapi.co/api/v2/version-group/19/"
      }
    },
    {
      "flavor_text": "Le lanceur fait vibrer son corps pour lancer une vague\nsonique. Peut aussi baisser la D\u00e9fense Sp\u00e9ciale de\nl\u2019ennemi.",
      "language": {
        "name": "fr",
        "url": "https://pokeapi.co/api/v2/language/5/"
      },
      "version_group": {
        "name": "lets-go-pikachu-lets-go-eevee",
        "url": "https://pokeapi.co/api/v2/version-group/19/"
      }
    },
    {
      "flavor_text": "Anwender erzeugt Schallwellen, die beim Ziel\nSchaden verursachen und eventuell dessen\nSpezial-Verteidigung senken.",
      "language": {
        "name": "de",
        "url": "https://pokeapi.co/api/v2/language/6/"
      },
      "version_group": {
        "name": "lets-go-pikachu-lets-go-eevee",
        "url": "https://pokeapi.co/api/v2/version-group/19/"
      }
    },
    {
      "flavor_text": "El usuario crea una onda s\u00f3nica da\u00f1ina moviendo\nsu cuerpo que tambi\u00e9n puede disminuir la Defensa\nEspecial del objetivo.",
      "language": {
        "name": "es",
        "url": "https://pokeapi.co/api/v2/language/7/"
      },
      "version_group": {
        "name": "lets-go-pikachu-lets-go-eevee",
        "url": "https://pokeapi.co/api/v2/version-group/19/"
      }
    },
    {
      "flavor_text": "Chi la usa crea un\u2019onda sonora che infligge danni.\nPu\u00f2 anche ridurre la Difesa Speciale del bersaglio.",
      "language": {
        "name": "it",
        "url": "https://pokeapi.co/api/v2/language/8/"
      },
      "version_group": {
        "name": "lets-go-pikachu-lets-go-eevee",
        "url": "https://pokeapi.co/api/v2/version-group/19/"
      }
    },
    {
      "flavor_text": "The user generates a damaging sound wave by\nvibration. This may also lower the target\u2019s\nSp. Def stat.",
      "language": {
        "name": "en",
        "url": "https://pokeapi.co/api/v2/language/9/"
      },
      "version_group": {
        "name": "lets-go-pikachu-lets-go-eevee",
        "url": "https://pokeapi.co/api/v2/version-group/19/"
      }
    },
    {
      "flavor_text": "\u632f\u52d5\u3067\u3000\u97f3\u6ce2\u3092\u3000\u304a\u3053\u3057\u3066\n\u653b\u6483\u3059\u308b\u3002\u76f8\u624b\u306e\u3000\u7279\u9632\u3092\n\u3055\u3052\u308b\u3053\u3068\u304c\u3000\u3042\u308b\u3002",
      "language": {
        "name": "ja",
        "url": "https://pokeapi.co/api/v2/language/11/"
      },
      "version_group": {
        "name": "lets-go-pikachu-lets-go-eevee",
        "url": "https://pokeapi.co/api/v2/version-group/19/"
      }
    },
    {
      "flavor_text": "\u5229\u7528\u632f\u52a8\u53d1\u51fa\u97f3\u6ce2\u8fdb\u884c\u653b\u51fb\u3002\n\u6709\u65f6\u4f1a\u964d\u4f4e\u5bf9\u624b\u7684\u7279\u9632\u3002",
      "language": {
        "name": "zh-Hans",
        "url": "https://pokeapi.co/api/v2/language/12/"
      },
      "version_group": {
        "name": "lets-go-pikachu-lets-go-eevee",
        "url": "https://pokeapi.co/api/v2/version-group/19/"
      }
    },
    {
      "flavor_text": "\u3057\u3093\u3069\u3046\u3067\u3000\u304a\u3093\u3071\u3092\u3000\u304a\u3053\u3057\u3066\n\u3053\u3046\u3052\u304d\u3059\u308b\u3002\u3042\u3044\u3066\u306e\u3000\u3068\u304f\u307c\u3046\u3092\n\u3055\u3052\u308b\u3053\u3068\u304c\u3000\u3042\u308b\u3002",
      "language": {
        "name": "ja-Hrkt",
        "url": "https://pokeapi.co/api/v2/language/1/"
      },
      "version_group": {
        "name": "sword-shield",
        "url": "https://pokeapi.co/api/v2/version-group/20/"
      }
    },
    {
      "flavor_text": "\uc9c4\ub3d9\uc73c\ub85c \uc74c\ud30c\ub97c \uc77c\uc73c\ucf1c\uc11c\n\uacf5\uaca9\ud55c\ub2e4. \uc0c1\ub300\uc758 \ud2b9\uc218\ubc29\uc5b4\ub97c\n\ub5a8\uc5b4\ub728\ub9b4 \ub54c\uac00 \uc788\ub2e4.",
      "language": {
        "name": "ko",
        "url": "https://pokeapi.co/api/v2/language/3/"
      },
      "version_group": {
        "name": "sword-shield",
        "url": "https://pokeapi.co/api/v2/version-group/20/"
      }
    },
    {
      "flavor_text": "\u5229\u7528\u632f\u52d5\u7522\u751f\u51fa\u7684\u97f3\u6ce2\u9032\u884c\u653b\u64ca\u3002\n\u6709\u6642\u6703\u964d\u4f4e\u5c0d\u624b\u7684\u7279\u9632\u3002",
      "language": {
        "name": "zh-Hant",
        "url": "https://pokeapi.co/api/v2/language/4/"
      },
      "version_group": {
        "name": "sword-shield",
        "url": "https://pokeapi.co/api/v2/version-group/20/"
      }
    },
    {
      "flavor_text": "Le lanceur fait vibrer son corps pour lancer une vague\nsonique. Peut aussi baisser la D\u00e9fense Sp\u00e9ciale\nde l\u2019ennemi.",
      "language": {
        "name": "fr",
        "url": "https://pokeapi.co/api/v2/language/5/"
      },
      "version_group": {
        "name": "sword-shield",
        "url": "https://pokeapi.co/api/v2/version-group/20/"
      }
    },
    {
      "flavor_text": "Anwender erzeugt Schallwellen, die beim Ziel Schaden\nverursachen und eventuell dessen Spezial-Verteidigung\nsenken.",
      "language": {
        "name": "de",
        "url": "https://pokeapi.co/api/v2/language/6/"
      },
      "version_group": {
        "name": "sword-shield",
        "url": "https://pokeapi.co/api/v2/version-group/20/"
      }
    },
    {
      "flavor_text": "El usuario crea una onda s\u00f3nica da\u00f1ina moviendo\nsu cuerpo que tambi\u00e9n puede disminuir la Defensa\nEspecial del objetivo.",
      "language": {
        "name": "es",
        "url": "https://pokeapi.co/api/v2/language/7/"
      },
      "version_group": {
        "name": "sword-shield",
        "url": "https://pokeapi.co/api/v2/version-group/20/"
      }
    },
    {
      "flavor_text": "Chi la usa crea un\u2019onda sonora che infligge danni.\nPu\u00f2 anche ridurre la Difesa Speciale del bersaglio.",
      "language": {
        "name": "it",
        "url": "https://pokeapi.co/api/v2/language/8/"
      },
      "version_group": {
        "name": "sword-shield",
        "url": "https://pokeapi.co/api/v2/version-group/20/"
      }
    },
    {
      "flavor_text": "The user generates a damaging sound wave by\nvibration. This may also lower the target\u2019s\nSp. Def stat.",
      "language": {
        "name": "en",
        "url": "https://pokeapi.co/api/v2/language/9/"
      },
      "version_group": {
        "name": "sword-shield",
        "url": "https://pokeapi.co/api/v2/version-group/20/"
      }
    },
    {
      "flavor_text": "\u632f\u52d5\u3067\u3000\u97f3\u6ce2\u3092\u3000\u304a\u3053\u3057\u3066\n\u653b\u6483\u3059\u308b\u3002\u76f8\u624b\u306e\u3000\u7279\u9632\u3092\n\u3055\u3052\u308b\u3053\u3068\u304c\u3000\u3042\u308b\u3002",
      "language": {
        "name": "ja",
        "url": "https://pokeapi.co/api/v2/language/11/"
      },
      "version_group": {
        "name": "sword-shield",
        "url": "https://pokeapi.co/api/v2/version-group/20/"
      }
    },
    {
      "flavor_text": "\u5229\u7528\u632f\u52a8\u53d1\u51fa\u97f3\u6ce2\u8fdb\u884c\u653b\u51fb\u3002\n\u6709\u65f6\u4f1a\u964d\u4f4e\u5bf9\u624b\u7684\u7279\u9632\u3002",
      "language": {
        "name": "zh-Hans",
        "url": "https://pokeapi.co/api/v2/language/12/"
      },
      "version_group": {
        "name": "sword-shield",
        "url": "https://pokeapi.co/api/v2/version-group/20/"
      }
    },
    {
      "flavor_text": "The user vibrates to generate a damaging sound wave. This may also lower the target\u2019s defensive stats.",
      "language": {
        "name": "en",
        "url": "https://pokeapi.co/api/v2/language/9/"
      },
      "version_group": {
        "name": "legends-arceus",
        "url": "https://pokeapi.co/api/v2/version-group/24/"
      }
    },
    {
      "flavor_text": "The user vibrates to generate a damaging sound wave. This may also lower the target's Sp. Def stat.",
      "language": {
        "name": "en",
        "url": "https://pokeapi.co/api/v2/language/9/"
      },
      "version_group": {
        "name": "scarlet-violet",
        "url": "https://pokeapi.co/api/v2/version-group/25/"
      }
    }
  ],
  "generation": {
    "name": "generation-iv",
    "url": "https://pokeapi.co/api/v2/generation/4/"
  },
  "id": 405,
  "learned_by_pokemon": [
    {
      "name": "butterfree",
      "url": "https://pokeapi.co/api/v2/pokemon/12/"
    },
    {
      "name": "venonat",
      "url": "https://pokeapi.co/api/v2/pokemon/48/"
    },
    {
      "name": "venomoth",
      "url": "https://pokeapi.co/api/v2/pokemon/49/"
    },
    {
      "name": "scyther",
      "url": "https://pokeapi.co/api/v2/pokemon/123/"
    },
    {
      "name": "mew",
      "url": "https://pokeapi.co/api/v2/pokemon/151/"
    },
    {
      "name": "ledyba",
      "url": "https://pokeapi.co/api/v2/pokemon/165/"
    },
    {
      "name": "ledian",
      "url": "https://pokeapi.co/api/v2/pokemon/166/"
    },
    {
      "name": "spinarak",
      "url": "https://pokeapi.co/api/v2/pokemon/167/"
    },
    {
      "name": "ariados",
      "url": "https://pokeapi.co/api/v2/pokemon/168/"
    },
    {
      "name": "yanma",
      "url": "https://pokeapi.co/api/v2/pokemon/193/"
    },
    {
      "name": "pineco",
      "url": "https://pokeapi.co/api/v2/pokemon/204/"
    },
    {
      "name": "forretress",
      "url": "https://pokeapi.co/api/v2/pokemon/205/"
    },
    {
      "name": "scizor",
      "url": "https://pokeapi.co/api/v2/pokemon/212/"
    },
    {
      "name": "heracross",
      "url": "https://pokeapi.co/api/v2/pokemon/214/"
    },
    {
      "name": "beautifly",
      "url": "https://pokeapi.co/api/v2/pokemon/267/"
    },
    {
      "name": "dustox",
      "url": "https://pokeapi.co/api/v2/pokemon/269/"
    },
    {
      "name": "surskit",
      "url": "https://pokeapi.co/api/v2/pokemon/283/"
    },
    {
      "name": "masquerain",
      "url": "https://pokeapi.co/api/v2/pokemon/284/"
    },
    {
      "name": "nincada",
      "url": "https://pokeapi.co/api/v2/pokemon/290/"
    },
    {
      "name": "ninjask",
      "url": "https://pokeapi.co/api/v2/pokemon/291/"
    },
    {
      "name": "shedinja",
      "url": "https://pokeapi.co/api/v2/pokemon/292/"
    },
    {
      "name": "volbeat",
      "url": "https://pokeapi.co/api/v2/pokemon/313/"
    },
    {
      "name": "illumise",
      "url": "https://pokeapi.co/api/v2/pokemon/314/"
    },
    {
      "name": "vibrava",
      "url": "https://pokeapi.co/api/v2/pokemon/329/"
    },
    {
      "name": "flygon",
      "url": "https://pokeapi.co/api/v2/pokemon/330/"
    },
    {
      "name": "kricketune",
      "url": "https://pokeapi.co/api/v2/pokemon/402/"
    },
    {
      "name": "wormadam-plant",
      "url": "https://pokeapi.co/api/v2/pokemon/413/"
    },
    {
      "name": "mothim",
      "url": "https://pokeapi.co/api/v2/pokemon/414/"
    },
    {
      "name": "combee",
      "url": "https://pokeapi.co/api/v2/pokemon/415/"
    },
    {
      "name": "vespiquen",
      "url": "https://pokeapi.co/api/v2/pokemon/416/"
    },
    {
      "name": "skorupi",
      "url": "https://pokeapi.co/api/v2/pokemon/451/"
    },
    {
      "name": "drapion",
      "url": "https://pokeapi.co/api/v2/pokemon/452/"
    },
    {
      "name": "yanmega",
      "url": "https://pokeapi.co/api/v2/pokemon/469/"
    },
    {
      "name": "arceus",
      "url": "https://pokeapi.co/api/v2/pokemon/493/"
    },
    {
      "name": "sewaddle",
      "url": "https://pokeapi.co/api/v2/pokemon/540/"
    },
    {
      "name": "swadloon",
      "url": "https://pokeapi.co/api/v2/pokemon/541/"
    },
    {
      "name": "leavanny",
      "url": "https://pokeapi.co/api/v2/pokemon/542/"
    },
    {
      "name": "karrablast",
      "url": "https://pokeapi.co/api/v2/pokemon/588/"
    },
    {
      "name": "escavalier",
      "url": "https://pokeapi.co/api/v2/pokemon/589/"
    },
    {
      "name": "joltik",
      "url": "https://pokeapi.co/api/v2/pokemon/595/"
    },
    {
      "name": "galvantula",
      "url": "https://pokeapi.co/api/v2/pokemon/596/"
    },
    {
      "name": "shelmet",
      "url": "https://pokeapi.co/api/v2/pokemon/616/"
    },
    {
      "name": "accelgor",
      "url": "https://pokeapi.co/api/v2/pokemon/617/"
    },
    {
      "name": "larvesta",
      "url": "https://pokeapi.co/api/v2/pokemon/636/"
    },
    {
      "name": "volcarona",
      "url": "https://pokeapi.co/api/v2/pokemon/637/"
    },
    {
      "name": "genesect",
      "url": "https://pokeapi.co/api/v2/pokemon/649/"
    },
    {
      "name": "vivillon",
      "url": "https://pokeapi.co/api/v2/pokemon/666/"
    },
    {
      "name": "vikavolt",
      "url": "https://pokeapi.co/api/v2/pokemon/738/"
    },
    {
      "name": "cutiefly",
      "url": "https://pokeapi.co/api/v2/pokemon/742/"
    },
    {
      "name": "ribombee",
      "url": "https://pokeapi.co/api/v2/pokemon/743/"
    },
    {
      "name": "dewpider",
      "url": "https://pokeapi.co/api/v2/pokemon/751/"
    },
    {
      "name": "araquanid",
      "url": "https://pokeapi.co/api/v2/pokemon/752/"
    },
    {
      "name": "wimpod",
      "url": "https://pokeapi.co/api/v2/pokemon/767/"
    },
    {
      "name": "golisopod",
      "url": "https://pokeapi.co/api/v2/pokemon/768/"
    },
    {
      "name": "pheromosa",
      "url": "https://pokeapi.co/api/v2/pokemon/795/"
    },
    {
      "name": "dottler",
      "url": "https://pokeapi.co/api/v2/pokemon/825/"
    },
    {
      "name": "orbeetle",
      "url": "https://pokeapi.co/api/v2/pokemon/826/"
    },
    {
      "name": "sizzlipede",
      "url": "https://pokeapi.co/api/v2/pokemon/850/"
    },
    {
      "name": "centiskorch",
      "url": "https://pokeapi.co/api/v2/pokemon/851/"
    },
    {
      "name": "snom",
      "url": "https://pokeapi.co/api/v2/pokemon/872/"
    },
    {
      "name": "frosmoth",
      "url": "https://pokeapi.co/api/v2/pokemon/873/"
    },
    {
      "name": "kleavor",
      "url": "https://pokeapi.co/api/v2/pokemon/900/"
    },
    {
      "name": "tarountula",
      "url": "https://pokeapi.co/api/v2/pokemon/917/"
    },
    {
      "name": "spidops",
      "url": "https://pokeapi.co/api/v2/pokemon/918/"
    },
    {
      "name": "nymble",
      "url": "https://pokeapi.co/api/v2/pokemon/919/"
    },
    {
      "name": "lokix",
      "url": "https://pokeapi.co/api/v2/pokemon/920/"
    },
    {
      "name": "rellor",
      "url": "https://pokeapi.co/api/v2/pokemon/953/"
    },
    {
      "name": "rabsca",
      "url": "https://pokeapi.co/api/v2/pokemon/954/"
    },
    {
      "name": "slither-wing",
      "url": "https://pokeapi.co/api/v2/pokemon/988/"
    },
    {
      "name": "iron-moth",
      "url": "https://pokeapi.co/api/v2/pokemon/994/"
    },
    {
      "name": "terapagos",
      "url": "https://pokeapi.co/api/v2/pokemon/1024/"
    },
    {
      "name": "wormadam-sandy",
      "url": "https://pokeapi.co/api/v2/pokemon/10004/"
    },
    {
      "name": "wormadam-trash",
      "url": "https://pokeapi.co/api/v2/pokemon/10005/"
    },
    {
      "name": "vikavolt-totem",
      "url": "https://pokeapi.co/api/v2/pokemon/10122/"
    },
    {
      "name": "ribombee-totem",
      "url": "https://pokeapi.co/api/v2/pokemon/10150/"
    },
    {
      "name": "terapagos-terastal",
      "url": "https://pokeapi.co/api/v2/pokemon/10276/"
    },
    {
      "name": "terapagos-stellar",
      "url": "https://pokeapi.co/api/v2/pokemon/10277/"
    }
  ],
  "machines": [
    {
      "machine": {
        "url": "https://pokeapi.co/api/v2/machine/1650/"
      },
      "version_group": {
        "name": "sword-shield",
        "url": "https://pokeapi.co/api/v2/version-group/20/"
      }
    },
    {
      "machine": {
        "url": "https://pokeapi.co/api/v2/machine/1694/"
      },
      "version_group": {
        "name": "brilliant-diamond-and-shining-pearl",
        "url": "https://pokeapi.co/api/v2/version-group/23/"
      }
    },
    {
      "machine": {
        "url": "https://pokeapi.co/api/v2/machine/1867/"
      },
      "version_group": {
        "name": "scarlet-violet",
        "url": "https://pokeapi.co/api/v2/version-group/25/"
      }
    },
    {
      "machine": {
        "url": "https://pokeapi.co/api/v2/machine/2055/"
      },
      "version_group": {
        "name": "the-indigo-disk",
        "url": "https://pokeapi.co/api/v2/version-group/27/"
      }
    }
  ],
  "meta": {
    "ailment": {
      "name": "none",
      "url": "https://pokeapi.co/api/v2/move-ailment/0/"
    },
    "ailment_chance": 0,
    "category": {
      "name": "damage+lower",
      "url": "https://pokeapi.co/api/v2/move-category/6/"
    },
    "crit_rate": 0,
    "drain": 0,
    "flinch_chance": 0,
    "healing": 0,
    "max_hits": null,
    "max_turns": null,
    "min_hits": null,
    "min_turns": null,
    "stat_chance": 10
  },
  "name": "bug-buzz",
  "names": [
    {
      "language": {
        "name": "ja-Hrkt",
        "url": "https://pokeapi.co/api/v2/language/1/"
      },
      "name": "\u3080\u3057\u306e\u3055\u3056\u3081\u304d"
    },
    {
      "language": {
        "name": "ko",
        "url": "https://pokeapi.co/api/v2/language/3/"
      },
      "name": "\ubc8c\ub808\uc758\uc57c\ub2e8\ubc95\uc11d"
    },
    {
      "language": {
        "name": "zh-Hant",
        "url": "https://pokeapi.co/api/v2/language/4/"
      },
      "name": "\u87f2\u9cf4"
    },
    {
      "language": {
        "name": "fr",
        "url": "https://pokeapi.co/api/v2/language/5/"
      },
      "name": "Bourdon"
    },
    {
      "language": {
        "name": "de",
        "url": "https://pokeapi.co/api/v2/language/6/"
      },
      "name": "K\u00e4fergebrumm"
    },
    {
      "language": {
        "name": "es",
        "url": "https://pokeapi.co/api/v2/language/7/"
      },
      "name": "Zumbido"
    },
    {
      "language": {
        "name": "it",
        "url": "https://pokeapi.co/api/v2/language/8/"
      },
      "name": "Ronzio"
    },
    {
      "language": {
        "name": "en",
        "url": "https://pokeapi.co/api/v2/language/9/"
      },
      "name": "Bug Buzz"
    },
    {
      "language": {
        "name": "ja",
        "url": "https://pokeapi.co/api/v2/language/11/"
      },
      "name": "\u3080\u3057\u306e\u3055\u3056\u3081\u304d"
    },
    {
      "language": {
        "name": "zh-Hans",
        "url": "https://pokeapi.co/api/v2/language/12/"
      },
      "name": "\u866b\u9e23"
    }
  ],
  "past_values": [],
  "power": 90,
  "pp": 10,
  "priority": 0,
  "stat_changes": [
    {
      "change": -1,
      "stat": {
        "name": "special-defense",
        "url": "https://pokeapi.co/api/v2/stat/5/"
      }
    }
  ],
  "super_contest_effect": {
    "url": "https://pokeapi.co/api/v2/super-contest-effect/4/"
  },
  "target": {
    "name": "selected-pokemon",
    "url": "https://pokeapi.co/api/v2/move-target/10/"
  },
  "type": {
    "name": "bug",
    "url": "https://pokeapi.co/api/v2/type/7/"
  }
}