{
  "accuracy": 95,
  "contest_combos": {
    "normal": {
      "use_after": [
        {
          "name": "swords-dance",
          "url": "https://pokeapi.co/api/v2/move/14/"
        }
      ],
      "use_before": null
    },
    "super": {
      "use_after": null,
      "use_before": null
    }
  },
  "contest_effect": {
    "url": "https://pokeapi.co/api/v2/contest-effect/4/"
  },
  "contest_type": {
    "name": "cool",
    "url": "https://pokeapi.co/api/v2/contest-type/1/"
  },
  "damage_class": {
    "name": "physical",
    "url": "https://pokeapi.co/api/v2/move-damage-class/2/"
  },
  "effect_chance": 50,
  "effect_changes": [],
  "effect_entries": [
    {
      "effect": "Inflicts regular damage.  Has a 50% chance to lower the target\u2019s Defense by one stage.",
      "language": {
        "name": "en",
        "url": "https://pokeapi.co/api/v2/language/9/"
      },
      "short_effect": "Has a 50% chance to lower the target\u2019s Defense by one stage."
    }
  ],
  "flavor_text_entries": [
    {
      "flavor_text": "Tears at the foe with sharp\nclaws. May lower DEFENSE.",
      "language": {
        "name": "en",
        "url": "https://pokeapi.co/api/v2/language/9/"
      },
      "version_group": {
        "name": "ruby-sapphire",
        "url": "https://pokeapi.co/api/v2/version-group/5/"
      }
    },
    {
      "flavor_text": "Tears at the foe with sharp\nclaws. May lower DEFENSE.",
      "language": {
        "name": "en",
        "url": "https://pokeapi.co/api/v2/language/9/"
      },
      "version_group": {
        "name": "emerald",
        "url": "https://pokeapi.co/api/v2/version-group/6/"
      }
    },
    {
      "flavor_text": "The foe is attacked\nwith sharp claws.\nIt may also lower\nthe foe\u2019s DEFENSE.",
      "language": {
        "name": "en",
        "url": "https://pokeapi.co/api/v2/language/9/"
      },
      "version_group": {
        "name": "firered-leafgreen",
        "url": "https://pokeapi.co/api/v2/version-group/7/"
      }
    },
    {
      "flavor_text": "The user slashes the\nfoe with hard and\nsharp claws.\nIt may also lower the\ntarget\u2019s Defense.",
      "language": {
        "name": "en",
        "url": "https://pokeapi.co/api/v2/language/9/"
      },
      "version_group": {
        "name": "diamond-pearl",
        "url": "https://pokeapi.co/api/v2/version-group/8/"
      }
    },
    {
      "flavor_text": "The user slashes the\nfoe with hard and\nsharp claws.\nIt may also lower the\ntarget\u2019s Defense.",
      "language": {
        "name": "en",
        "url": "https://pokeapi.co/api/v2/language/9/"
      },
      "version_group": {
        "name": "platinum",
        "url": "https://pokeapi.co/api/v2/version-group/9/"
      }
    },
    {
      "flavor_text": "The user slashes the\nfoe with hard and\nsharp claws.\nIt may also lower the\ntarget\u2019s Defense.",
      "language": {
        "name": "en",
        "url": "https://pokeapi.co/api/v2/language/9/"
      },
      "version_group": {
        "name": "heartgold-soulsilver",
        "url": "https://pokeapi.co/api/v2/version-group/10/"
      }
    },
    {
      "flavor_text": "Lac\u00e8re l\u2019ennemi avec des griffes\nsolides et aiguis\u00e9es.\nPeut aussi baisser sa D\u00e9fense.",
      "language": {
        "name": "fr",
        "url": "https://pokeapi.co/api/v2/language/5/"
      },
      "version_group": {
        "name": "black-white",
        "url": "https://pokeapi.co/api/v2/version-group/11/"
      }
    },
    {
      "flavor_text": "The user slashes the target with hard\nand sharp claws.\nIt may also lower the target\u2019s Defense.",
      "language": {
        "name": "en",
        "url": "https://pokeapi.co/api/v2/language/9/"
      },
      "version_group": {
        "name": "black-white",
        "url": "https://pokeapi.co/api/v2/version-group/11/"
      }
    },
    {
      "flavor_text": "The user slashes the target with hard\nand sharp claws.\nIt may also lower the target\u2019s Defense.",
      "language": {
        "name": "en",
        "url": "https://pokeapi.co/api/v2/language/9/"
      },
      "version_group": {
        "name": "black-2-white-2",
        "url": "https://pokeapi.co/api/v2/version-group/14/"
      }
    },
    {
      "flavor_text": "\u304b\u305f\u304f\u3000\u3059\u308b\u3069\u3044\u3000\u30c4\u30e1\u3067\u3000\u304d\u308a\u3055\u3044\u3066\n\u3053\u3046\u3052\u304d\u3059\u308b\u3002\u3042\u3044\u3066\u306e\u3000\u307c\u3046\u304e\u3087\u3092\n\u3055\u3052\u308b\u3053\u3068\u304c\u3000\u3042\u308b\u3002",
      "language": {
        "name": "ja-Hrkt",
        "url": "https://pokeapi.co/api/v2/language/1/"
      },
      "version_group": {
        "name": "x-y",
        "url": "https://pokeapi.co/api/v2/version-group/15/"
      }
    },
    {
      "flavor_text": "\ub2e8\ub2e8\ud558\uace0 \ub0a0\uce74\ub85c\uc6b4 \uc190\ud1b1\uc73c\ub85c\n\ubca0\uc5b4 \uac08\ub77c\uc11c \uacf5\uaca9\ud55c\ub2e4.\n\uc0c1\ub300\uc758 \ubc29\uc5b4\ub97c \ub5a8\uc5b4\ub728\ub9b4 \ub54c\uac00 \uc788\ub2e4.",
      "language": {
        "name": "ko",
        "url": "https://pokeapi.co/api/v2/language/3/"
      },
      "version_group": {
        "name": "x-y",
        "url": "https://pokeapi.co/api/v2/version-group/15/"
      }
    },
    {
      "flavor_text": "Lac\u00e8re l\u2019ennemi avec des griffes solides et\naiguis\u00e9es. Peut aussi baisser sa D\u00e9fense.",
      "language": {
        "name": "fr",
        "url": "https://pokeapi.co/api/v2/language/5/"
      },
      "version_group": {
        "name": "x-y",
        "url": "https://pokeapi.co/api/v2/version-group/15/"
      }
    },
    {
      "flavor_text": "Angriff mit scharfen Klauen.\nSenkt eventuell den Verteidigungs-Wert.",
      "language": {
        "name": "de",
        "url": "https://pokeapi.co/api/v2/language/6/"
      },
      "version_group": {
        "name": "x-y",
        "url": "https://pokeapi.co/api/v2/version-group/15/"
      }
    },
    {
      "flavor_text": "Hace trizas al objetivo con garras afiladas y puede\nbajar su Defensa.",
      "language": {
        "name": "es",
        "url": "https://pokeapi.co/api/v2/language/7/"
      },
      "version_group": {
        "name": "x-y",
        "url": "https://pokeapi.co/api/v2/version-group/15/"
      }
    },
    {
      "flavor_text": "Colpisce il bersaglio con artigli robusti e affilati\nche possono ridurne la Difesa.",
      "language": {
        "name": "it",
        "url": "https://pokeapi.co/api/v2/language/8/"
      },
      "version_group": {
        "name": "x-y",
        "url": "https://pokeapi.co/api/v2/version-group/15/"
      }
    },
    {
      "flavor_text": "The user slashes the target with hard\nand sharp claws. This may also lower\nthe target\u2019s Defense stat.",
      "language": {
        "name": "en",
        "url": "https://pokeapi.co/api/v2/language/9/"
      },
      "version_group": {
        "name": "x-y",
        "url": "https://pokeapi.co/api/v2/version-group/15/"
      }
    },
    {
      "flavor_text": "\u786c\u304f\u3000\u92ed\u3044\u3000\u30c4\u30e1\u3067\n\u5207\u308a\u88c2\u3044\u3066\u3000\u653b\u6483\u3059\u308b\u3002\n\u76f8\u624b\u306e\u3000\u9632\u5fa1\u3092\u3000\u3055\u3052\u308b\u3053\u3068\u304c\u3000\u3042\u308b\u3002",
      "language": {
        "name": "ja",
        "url": "https://pokeapi.co/api/v2/language/11/"
      },
      "version_group": {
        "name": "x-y",
        "url": "https://pokeapi.co/api/v2/version-group/15/"
      }
    },
    {
      "flavor_text": "\u304b\u305f\u304f\u3000\u3059\u308b\u3069\u3044\u3000\u30c4\u30e1\u3067\u3000\u304d\u308a\u3055\u3044\u3066\n\u3053\u3046\u3052\u304d\u3059\u308b\u3002\u3042\u3044\u3066\u306e\u3000\u307c\u3046\u304e\u3087\u3092\n\u3055\u3052\u308b\u3053\u3068\u304c\u3000\u3042\u308b\u3002",
      "language": {
        "name": "ja-Hrkt",
        "url": "https://pokeapi.co/api/v2/language/1/"
      },
      "version_group": {
        "name": "omega-ruby-alpha-sapphire",
        "url": "https://pokeapi.co/api/v2/version-group/16/"
      }
    },
    {
      "flavor_text": "\ub2e8\ub2e8\ud558\uace0 \ub0a0\uce74\ub85c\uc6b4 \uc190\ud1b1\uc73c\ub85c\n\ubca0\uc5b4 \uac08\ub77c\uc11c \uacf5\uaca9\ud55c\ub2e4.\n\uc0c1\ub300\uc758 \ubc29\uc5b4\ub97c \ub5a8\uc5b4\ub728\ub9b4 \ub54c\uac00 \uc788\ub2e4.",
      "language": {
        "name": "ko",
        "url": "https://pokeapi.co/api/v2/language/3/"
      },
      "version_group": {
        "name": "omega-ruby-alpha-sapphire",
        "url": "https://pokeapi.co/api/v2/version-group/16/"
      }
    },
    {
      "flavor_text": "Lac\u00e8re l\u2019ennemi avec des griffes solides et\naiguis\u00e9es. Peut aussi baisser sa D\u00e9fense.",
      "language": {
        "name": "fr",
        "url": "https://pokeapi.co/api/v2/language/5/"
      },
      "version_group": {
        "name": "omega-ruby-alpha-sapphire",
        "url": "https://pokeapi.co/api/v2/version-group/16/"
      }
    },
    {
      "flavor_text": "Angriff mit scharfen Klauen.\nSenkt eventuell den Verteidigungs-Wert.",
      "language": {
        "name": "de",
        "url": "https://pokeapi.co/api/v2/language/6/"
      },
      "version_group": {
        "name": "omega-ruby-alpha-sapphire",
        "url": "https://pokeapi.co/api/v2/version-group/16/"
      }
    },
    {
      "flavor_text": "Hace trizas al objetivo con garras afiladas y puede \nbajar su Defensa.",
      "language": {
        "name": "es",
        "url": "https://pokeapi.co/api/v2/language/7/"
      },
      "version_group": {
        "name": "omega-ruby-alpha-sapphire",
        "url": "https://pokeapi.co/api/v2/version-group/16/"
      }
    },
    {
      "flavor_text": "Colpisce il bersaglio con artigli robusti e affilati\nche possono ridurne la Difesa.",
      "language": {
        "name": "it",
        "url": "https://pokeapi.co/api/v2/language/8/"
      },
      "version_group": {
        "name": "omega-ruby-alpha-sapphire",
        "url": "https://pokeapi.co/api/v2/version-group/16/"
      }
    },
    {
      "flavor_text": "The user slashes the target with hard\nand sharp claws. This may also lower\nthe target\u2019s Defense stat.",
      "language": {
        "name": "en",
        "url": "https://pokeapi.co/api/v2/language/9/"
      },
      "version_group": {
        "name": "omega-ruby-alpha-sapphire",
        "url": "https://pokeapi.co/api/v2/version-group/16/"
      }
    },
    {
      "flavor_text": "\u786c\u304f\u3000\u92ed\u3044\u3000\u30c4\u30e1\u3067\n\u5207\u308a\u88c2\u3044\u3066\u3000\u653b\u6483\u3059\u308b\u3002\n\u76f8\u624b\u306e\u3000\u9632\u5fa1\u3092\u3000\u3055\u3052\u308b\u3053\u3068\u304c\u3000\u3042\u308b\u3002",
      "language": {
        "name": "ja",
        "url": "https://pokeapi.co/api/v2/language/11/"
      },
      "version_group": {
        "name": "omega-ruby-alpha-sapphire",
        "url": "https://pokeapi.co/api/v2/version-group/16/"
      }
    },
    {
      "flavor_text": "\u304b\u305f\u304f\u3000\u3059\u308b\u3069\u3044\u3000\u30c4\u30e1\u3067\u3000\u304d\u308a\u3055\u3044\u3066\n\u3053\u3046\u3052\u304d\u3059\u308b\u3002\u3042\u3044\u3066\u306e\u3000\u307c\u3046\u304e\u3087\u3092\n\u3055\u3052\u308b\u3053\u3068\u304c\u3000\u3042\u308b\u3002",
      "language": {
        "name": "ja-Hrkt",
        "url": "https://pokeapi.co/api/v2/language/1/"
      },
      "version_group": {
        "name": "sun-moon",
        "url": "https://pokeapi.co/api/v2/version-group/17/"
      }
    },
    {
      "flavor_text": "\ub2e8\ub2e8\ud558\uace0 \ub0a0\uce74\ub85c\uc6b4 \uc190\ud1b1\uc73c\ub85c\n\ubca0\uc5b4 \uac08\ub77c\uc11c \uacf5\uaca9\ud55c\ub2e4.\n\uc0c1\ub300\uc758 \ubc29\uc5b4\ub97c \ub5a8\uc5b4\ub728\ub9b4 \ub54c\uac00 \uc788\ub2e4.",
      "language": {
        "name": "ko",
        "url": "https://pokeapi.co/api/v2/language/3/"
      },
      "version_group": {
        "name": "sun-moon",
        "url": "https://pokeapi.co/api/v2/version-group/17/"
      }
    },
    {
      "flavor_text": "\u7528\u5805\u786c\u7684\u92b3\u722a\n\u6495\u88c2\u5c0d\u624b\u9032\u884c\u653b\u64ca\u3002\n\u6709\u6642\u6703\u964d\u4f4e\u5c0d\u624b\u7684\u9632\u79a6\u3002",
      "language": {
        "name": "zh-Hant",
        "url": "https://pokeapi.co/api/v2/language/4/"
      },
      "version_group": {
        "name": "sun-moon",
        "url": "https://pokeapi.co/api/v2/version-group/17/"
      }
    },
    {
      "flavor_text": "Lac\u00e8re l\u2019ennemi avec des griffes solides et\naiguis\u00e9es. Peut aussi baisser sa D\u00e9fense.",
      "language": {
        "name": "fr",
        "url": "https://pokeapi.co/api/v2/language/5/"
      },
      "version_group": {
        "name": "sun-moon",
        "url": "https://pokeapi.co/api/v2/version-group/17/"
      }
    },
    {
      "flavor_text": "Angriff mit scharfen Klauen. Senkt eventuell den\nVerteidigungs-Wert.",
      "language": {
        "name": "de",
        "url": "https://pokeapi.co/api/v2/language/6/"
      },
      "version_group": {
        "name": "sun-moon",
        "url": "https://pokeapi.co/api/v2/version-group/17/"
      }
    },
    {
      "flavor_text": "Hace trizas al objetivo con garras afiladas y puede \nbajar su Defensa.",
      "language": {
        "name": "es",
        "url": "https://pokeapi.co/api/v2/language/7/"
      },
      "version_group": {
        "name": "sun-moon",
        "url": "https://pokeapi.co/api/v2/version-group/17/"
      }
    },
    {
      "flavor_text": "Colpisce il bersaglio con artigli robusti e affilati\nche possono ridurne la Difesa.",
      "language": {
        "name": "it",
        "url": "https://pokeapi.co/api/v2/language/8/"
      },
      "version_group": {
        "name": "sun-moon",
        "url": "https://pokeapi.co/api/v2/version-group/17/"
      }
    },
    {
      "flavor_text": "The user slashes the target with hard and sharp\nclaws. This may also lower the target\u2019s Defense stat.",
      "language": {
        "name": "en",
        "url": "https://pokeapi.co/api/v2/language/9/"
      },
      "version_group": {
        "name": "sun-moon",
        "url": "https://pokeapi.co/api/v2/version-group/17/"
      }
    },
    {
      "flavor_text": "\u786c\u304f\u3000\u92ed\u3044\u3000\u30c4\u30e1\u3067\n\u5207\u308a\u88c2\u3044\u3066\u3000\u653b\u6483\u3059\u308b\u3002\n\u76f8\u624b\u306e\u3000\u9632\u5fa1\u3092\u3000\u3055\u3052\u308b\u3053\u3068\u304c\u3000\u3042\u308b\u3002",
      "language": {
        "name": "ja",
        "url": "https://pokeapi.co/api/v2/language/11/"
      },
      "version_group": {
        "name": "sun-moon",
        "url": "https://pokeapi.co/api/v2/version-group/17/"
      }
    },
    {
      "flavor_text": "\u7528\u575a\u786c\u7684\u9510\u722a\n\u5288\u5f00\u5bf9\u624b\u8fdb\u884c\u653b\u51fb\u3002\n\u6709\u65f6\u4f1a\u964d\u4f4e\u5bf9\u624b\u7684\u9632\u5fa1\u3002",
      "language": {
        "name": "zh-Hans",
        "url": "https://pokeapi.co/api/v2/language/12/"
      },
      "version_group": {
        "name": "sun-moon",
        "url": "https://pokeapi.co/api/v2/version-group/17/"
      }
    },
    {
      "flavor_text": "\u304b\u305f\u304f\u3000\u3059\u308b\u3069\u3044\u3000\u30c4\u30e1\u3067\u3000\u304d\u308a\u3055\u3044\u3066\n\u3053\u3046\u3052\u304d\u3059\u308b\u3002\u3042\u3044\u3066\u306e\u3000\u307c\u3046\u304e\u3087\u3092\n\u3055\u3052\u308b\u3053\u3068\u304c\u3000\u3042\u308b\u3002",
      "language": {
        "name": "ja-Hrkt",
        "url": "https://pokeapi.co/api/v2/language/1/"
      },
      "version_group": {
        "name": "ultra-sun-ultra-moon",
        "url": "https://pokeapi.co/api/v2/version-group/18/"
      }
    },
    {
      "flavor_text": "\ub2e8\ub2e8\ud558\uace0 \ub0a0\uce74\ub85c\uc6b4 \uc190\ud1b1\uc73c\ub85c\n\ubca0\uc5b4 \uac08\ub77c\uc11c \uacf5\uaca9\ud55c\ub2e4.\n\uc0c1\ub300\uc758 \ubc29\uc5b4\ub97c \ub5a8\uc5b4\ub728\ub9b4 \ub54c\uac00 \uc788\ub2e4.",
      "language": {
        "name": "ko",
        "url": "https://pokeapi.co/api/v2/language/3/"
      },
      "version_group": {
        "name": "ultra-sun-ultra-moon",
        "url": "https://pokeapi.co/api/v2/version-group/18/"
      }
    },
    {
      "flavor_text": "\u7528\u5805\u786c\u7684\u92b3\u722a\n\u6495\u88c2\u5c0d\u624b\u9032\u884c\u653b\u64ca\u3002\n\u6709\u6642\u6703\u964d\u4f4e\u5c0d\u624b\u7684\u9632\u79a6\u3002",
      "language": {
        "name": "zh-Hant",
        "url": "https://pokeapi.co/api/v2/language/4/"
      },
      "version_group": {
        "name": "ultra-sun-ultra-moon",
        "url": "https://pokeapi.co/api/v2/version-group/18/"
      }
    },
    {
      "flavor_text": "Lac\u00e8re l\u2019ennemi avec des griffes solides et\naiguis\u00e9es. Peut aussi baisser sa D\u00e9fense.",
      "language": {
        "name": "fr",
        "url": "https://pokeapi.co/api/v2/language/5/"
      },
      "version_group": {
        "name": "ultra-sun-ultra-moon",
        "url": "https://pokeapi.co/api/v2/version-group/18/"
      }
    },
    {
      "flavor_text": "Angriff mit scharfen Klauen. Senkt eventuell den\nVerteidigungs-Wert.",
      "language": {
        "name": "de",
        "url": "https://pokeapi.co/api/v2/language/6/"
      },
      "version_group": {
        "name": "ultra-sun-ultra-moon",
        "url": "https://pokeapi.co/api/v2/version-group/18/"
      }
    },
    {
      "flavor_text": "Hace trizas al objetivo con garras afiladas y puede \nbajar su Defensa.",
      "language": {
        "name": "es",
        "url": "https://pokeapi.co/api/v2/language/7/"
      },
      "version_group": {
        "name": "ultra-sun-ultra-moon",
        "url": "https://pokeapi.co/api/v2/version-group/18/"
      }
    },
    {
      "flavor_text": "Colpisce il bersaglio con artigli robusti e affilati\nche possono ridurne la Difesa.",
      "language": {
        "name": "it",
        "url": "https://pokeapi.co/api/v2/language/8/"
      },
      "version_group": {
        "name": "ultra-sun-ultra-moon",
        "url": "https://pokeapi.co/api/v2/version-group/18/"
      }
    },
    {
      "flavor_text": "The user slashes the target with hard and sharp\nclaws. This may also lower the target\u2019s Defense stat.",
      "language": {
        "name": "en",
        "url": "https://pokeapi.co/api/v2/language/9/"
      },
      "version_group": {
        "name": "ultra-sun-ultra-moon",
        "url": "https://pokeapi.co/api/v2/version-group/18/"
      }
    },
    {
      "flavor_text": "\u786c\u304f\u3000\u92ed\u3044\u3000\u30c4\u30e1\u3067\n\u5207\u308a\u88c2\u3044\u3066\u3000\u653b\u6483\u3059\u308b\u3002\n\u76f8\u624b\u306e\u3000\u9632\u5fa1\u3092\u3000\u3055\u3052\u308b\u3053\u3068\u304c\u3000\u3042\u308b\u3002",
      "language": {
        "name": "ja",
        "url": "https://pokeapi.co/api/v2/language/11/"
      },
      "version_group": {
        "name": "ultra-sun-ultra-moon",
        "url": "https://pokeapi.co/api/v2/version-group/18/"
      }
    },
    {
      "flavor_text": "\u7528\u575a\u786c\u7684\u9510\u722a\n\u5288\u5f00\u5bf9\u624b\u8fdb\u884c\u653b\u51fb\u3002\n\u6709\u65f6\u4f1a\u964d\u4f4e\u5bf9\u624b\u7684\u9632\u5fa1\u3002",
      "language": {
        "name": "zh-Hans",
        "url": "https://pokeapi.co/api/v2/language/12/"
      },
      "version_group": {
        "name": "ultra-sun-ultra-moon",
        "url": "https://pokeapi.co/api/v2/version-group/18/"
      }
    },
    {
      "flavor_text": "\u304b\u305f\u304f\u3000\u3059\u308b\u3069\u3044\u3000\u30c4\u30e1\u3067\u3000\u304d\u308a\u3055\u3044\u3066\n\u3053\u3046\u3052\u304d\u3059\u308b\u3002\u3042\u3044\u3066\u306e\u3000\u307c\u3046\u304e\u3087\u3092\n\u3055\u3052\u308b\u3053\u3068\u304c\u3000\u3042\u308b\u3002",
      "language": {
        "name": "ja-Hrkt",
        "url": "https://pokeapi.co/api/v2/language/1/"
      },
      "version_group": {
        "name": "lets-go-pikachu-lets-go-eevee",
        "url": "https://pokeapi.co/api/v2/version-group/19/"
      }
    },
    {
      "flavor_text": "\ub2e8\ub2e8\ud558\uace0 \ub0a0\uce74\ub85c\uc6b4 \uc190\ud1b1\uc73c\ub85c\n\ubca0\uc5b4 \uac08\ub77c\uc11c \uacf5\uaca9\ud55c\ub2e4.\n\uc0c1\ub300\uc758 \ubc29\uc5b4\ub97c \ub5a8\uc5b4\ub728\ub9b4 \ub54c\uac00 \uc788\ub2e4.",
      "language": {
        "name": "ko",
        "url": "https://pokeapi.co/api/v2/language/3/"
      },
      "version_group": {
        "name": "lets-go-pikachu-lets-go-eevee",
        "url": "https://pokeapi.co/api/v2/version-group/19/"
      }
    },
    {
      "flavor_text": "\u7528\u5805\u786c\u7684\u92b3\u722a\n\u6495\u88c2\u5c0d\u624b\u9032\u884c\u653b\u64ca\u3002\n\u6709\u6642\u6703\u964d\u4f4e\u5c0d\u624b\u7684\u9632\u79a6\u3002",
      "language": {
        "name": "zh-Hant",
        "url": "https://pokeapi.co/api/v2/language/4/"
      },
      "version_group": {
        "name": "lets-go-pikachu-lets-go-eevee",
        "url": "https://pokeapi.co/api/v2/version-group/19/"
      }
    },
    {
      "flavor_text": "Lac\u00e8re l\u2019ennemi avec des griffes solides et aiguis\u00e9es.\nPeut aussi baisser sa D\u00e9fense.",
      "language": {
        "name": "fr",
        "url": "https://pokeapi.co/api/v2/language/5/"
      },
      "version_group": {
        "name": "lets-go-pikachu-lets-go-eevee",
        "url": "https://pokeapi.co/api/v2/version-group/19/"
      }
    },
    {
      "flavor_text": "Angriff mit scharfen Klauen. Senkt eventuell den\nVerteidigungs-Wert.",
      "language": {
        "name": "de",
        "url": "https://pokeapi.co/api/v2/language/6/"
      },
      "version_group": {
        "name": "lets-go-pikachu-lets-go-eevee",
        "url": "https://pokeapi.co/api/v2/version-group/19/"
      }
    },
    {
      "flavor_text": "Hace trizas al objetivo con garras afiladas y puede \nbajar su Defensa.",
      "language": {
        "name": "es",
        "url": "https://pokeapi.co/api/v2/language/7/"
      },
      "version_group": {
        "name": "lets-go-pikachu-lets-go-eevee",
        "url": "https://pokeapi.co/api/v2/version-group/19/"
      }
    },
    {
      "flavor_text": "Colpisce il bersaglio con artigli robusti e affilati\nche possono ridurne la Difesa.",
      "language": {
        "name": "it",
        "url": "https://pokeapi.co/api/v2/language/8/"
      },
      "version_group": {
        "name": "lets-go-pikachu-lets-go-eevee",
        "url": "https://pokeapi.co/api/v2/version-group/19/"
      }
    },
    {
      "flavor_text": "The user slashes the target with hard and sharp\nclaws. This may also lower the target\u2019s Defense stat.",
      "language": {
        "name": "en",
        "url": "https://pokeapi.co/api/v2/language/9/"
      },
      "version_group": {
        "name": "lets-go-pikachu-lets-go-eevee",
        "url": "https://pokeapi.co/api/v2/version-group/19/"
      }
    },
    {
      "flavor_text": "\u786c\u304f\u3000\u92ed\u3044\u3000\u30c4\u30e1\u3067\n\u5207\u308a\u88c2\u3044\u3066\u3000\u653b\u6483\u3059\u308b\u3002\n\u76f8\u624b\u306e\u3000\u9632\u5fa1\u3092\u3000\u3055\u3052\u308b\u3053\u3068\u304c\u3000\u3042\u308b\u3002",
      "language": {
        "name": "ja",
        "url": "https://pokeapi.co/api/v2/language/11/"
      },
      "version_group": {
        "name": "lets-go-pikachu-lets-go-eevee",
        "url": "https://pokeapi.co/api/v2/version-group/19/"
      }
    },
    {
      "flavor_text": "\u7528\u575a\u786c\u7684\u9510\u722a\n\u5288\u5f00\u5bf9\u624b\u8fdb\u884c\u653b\u51fb\u3002\n\u6709\u65f6\u4f1a\u964d\u4f4e\u5bf9\u624b\u7684\u9632\u5fa1\u3002",
      "language": {
        "name": "zh-Hans",
        "url": "https://pokeapi.co/api/v2/language/12/"
      },
      "version_group": {
        "name": "lets-go-pikachu-lets-go-eevee",
        "url": "https://pokeapi.co/api/v2/version-group/19/"
      }
    },
    {
      "flavor_text": "\u304b\u305f\u304f\u3000\u3059\u308b\u3069\u3044\u3000\u30c4\u30e1\u3067\u3000\u304d\u308a\u3055\u3044\u3066\n\u3053\u3046\u3052\u304d\u3059\u308b\u3002\u3042\u3044\u3066\u306e\u3000\u307c\u3046\u304e\u3087\u3092\n\u3055\u3052\u308b\u3053\u3068\u304c\u3000\u3042\u308b\u3002",
      "language": {
        "name": "ja-Hrkt",
        "url": "https://pokeapi.co/api/v2/language/1/"
      },
      "version_group": {
        "name": "sword-shield",
        "url": "https://pokeapi.co/api/v2/version-group/20/"
      }
    },
    {
      "flavor_text": "\ub2e8\ub2e8\ud558\uace0 \ub0a0\uce74\ub85c\uc6b4 \uc190\ud1b1\uc73c\ub85c\n\ubca0\uc5b4 \uac08\ub77c\uc11c \uacf5\uaca9\ud55c\ub2e4.\n\uc0c1\ub300\uc758 \ubc29\uc5b4\ub97c \ub5a8\uc5b4\ub728\ub9b4 \ub54c\uac00 \uc788\ub2e4.",
      "language": {
        "name": "ko",
        "url": "https://pokeapi.co/api/v2/language/3/"
      },
      "version_group": {
        "name": "sword-shield",
        "url": "https://pokeapi.co/api/v2/version-group/20/"
      }
    },
    {
      "flavor_text": "\u7528\u5805\u786c\u7684\u92b3\u722a\n\u6495\u88c2\u5c0d\u624b\u9032\u884c\u653b\u64ca\u3002\n\u6709\u6642\u6703\u964d\u4f4e\u5c0d\u624b\u7684\u9632\u79a6\u3002",
      "language": {
        "name": "zh-Hant",
        "url": "https://pokeapi.co/api/v2/language/4/"
      },
      "version_group": {
        "name": "sword-shield",
        "url": "https://pokeapi.co/api/v2/version-group/20/"
      }
    },
    {
      "flavor_text": "Lac\u00e8re l\u2019ennemi avec des griffes solides et aiguis\u00e9es.\nPeut aussi baisser sa D\u00e9fense.",
      "language": {
        "name": "fr",
        "url": "https://pokeapi.co/api/v2/language/5/"
      },
      "version_group": {
        "name": "sword-shield",
        "url": "https://pokeapi.co/api/v2/version-group/20/"
      }
    },
    {
      "flavor_text": "Angriff mit scharfen Klauen. Senkt eventuell den\nVerteidigungs-Wert.",
      "language": {
        "name": "de",
        "url": "https://pokeapi.co/api/v2/language/6/"
      },
      "version_group": {
        "name": "sword-shield",
        "url": "https://pokeapi.co/api/v2/version-group/20/"
      }
    },
    {
      "flavor_text": "Hace trizas al objetivo con garras afiladas y puede bajar\nsu Defensa.",
      "language": {
        "name": "es",
        "url": "https://pokeapi.co/api/v2/language/7/"
      },
      "version_group": {
        "name": "sword-shield",
        "url": "https://pokeapi.co/api/v2/version-group/20/"
      }
    },
    {
      "flavor_text": "Colpisce il bersaglio con artigli robusti e affilati\nche possono ridurne la Difesa.",
      "language": {
        "name": "it",
        "url": "https://pokeapi.co/api/v2/language/8/"
      },
      "version_group": {
        "name": "sword-shield",
        "url": "https://pokeapi.co/api/v2/version-group/20/"
      }
    },
    {
      "flavor_text": "The user slashes the target with hard and sharp\nclaws. This may also lower the target\u2019s Defense stat.",
      "language": {
        "name": "en",
        "url": "https://pokeapi.co/api/v2/language/9/"
      },
      "version_group": {
        "name": "sword-shield",
        "url": "https://pokeapi.co/api/v2/version-group/20/"
      }
    },
    {
      "flavor_text": "\u786c\u304f\u3000\u92ed\u3044\u3000\u30c4\u30e1\u3067\n\u5207\u308a\u88c2\u3044\u3066\u3000\u653b\u6483\u3059\u308b\u3002\n\u76f8\u624b\u306e\u3000\u9632\u5fa1\u3092\u3000\u3055\u3052\u308b\u3053\u3068\u304c\u3000\u3042\u308b\u3002",
      "language": {
        "name": "ja",
        "url": "https://pokeapi.co/api/v2/language/11/"
      },
      "version_group": {
        "name": "sword-shield",
        "url": "https://pokeapi.co/api/v2/version-group/20/"
      }
    },
    {
      "flavor_text": "\u7528\u575a\u786c\u7684\u9510\u722a\n\u5288\u5f00\u5bf9\u624b\u8fdb\u884c\u653b\u51fb\u3002\n\u6709\u65f6\u4f1a\u964d\u4f4e\u5bf9\u624b\u7684\u9632\u5fa1\u3002",
      "language": {
        "name": "zh-Hans",
        "url": "https://pokeapi.co/api/v2/language/12/"
      },
      "version_group": {
        "name": "sword-shield",
        "url": "https://pokeapi.co/api/v2/version-group/20/"
      }
    },
    {
      "flavor_text": "The user slashes the target with hard and sharp claws. This may also lower the target's Defense stat.",
      "language": {
        "name": "en",
        "url": "https://pokeapi.co/api/v2/language/9/"
      },
      "version_group": {
        "name": "legends-arceus",
        "url": "https://pokeapi.co/api/v2/version-group/24/"
      }
    },
    {
      "flavor_text": "The user slashes the target with hard and sharp claws. This may also lower the target's Defense stat.",
      "language": {
        "name": "en",
        "url": "https://pokeapi.co/api/v2/language/9/"
      },
      "version_group": {
        "name": "scarlet-violet",
        "url": "https://pokeapi.co/api/v2/version-group/25/"
      }
    }
  ],
  "generation": {
    "name": "generation-iii",
    "url": "https://pokeapi.co/api/v2/generation/3/"
  },
  "id": 306,
  "learned_by_pokemon": [
    {
      "name": "sandshrew",
      "url": "https://pokeapi.co/api/v2/pokemon/27/"
    },
    {
      "name": "sandslash",
      "url": "https://pokeapi.co/api/v2/pokemon/28/"
    },
    {
      "name": "rhyhorn",
      "url": "https://pokeapi.co/api/v2/pokemon/111/"
    },
    {
      "name": "kangaskhan",
      "url": "https://pokeapi.co/api/v2/pokemon/115/"
    },
    {
      "name": "cyndaquil",
      "url": "https://pokeapi.co/api/v2/pokemon/155/"
    },
    {
      "name": "sneasel",
      "url": "https://pokeapi.co/api/v2/pokemon/215/"
    },
    {
      "name": "treecko",
      "url": "https://pokeapi.co/api/v2/pokemon/252/"
    },
    {
      "name": "torchic",
      "url": "https://pokeapi.co/api/v2/pokemon/255/"
    },
    {
      "name": "combusken",
      "url": "https://pokeapi.co/api/v2/pokemon/256/"
    },
    {
      "name": "blaziken",
      "url": "https://pokeapi.co/api/v2/pokemon/257/"
    },
    {
      "name": "slakoth",
      "url": "https://pokeapi.co/api/v2/pokemon/287/"
    },
    {
      "name": "zangoose",
      "url": "https://pokeapi.co/api/v2/pokemon/335/"
    },
    {
      "name": "anorith",
      "url": "https://pokeapi.co/api/v2/pokemon/347/"
    },
    {
      "name": "armaldo",
      "url": "https://pokeapi.co/api/v2/pokemon/348/"
    },
    {
      "name": "drilbur",
      "url": "https://pokeapi.co/api/v2/pokemon/529/"
    },
    {
      "name": "excadrill",
      "url": "https://pokeapi.co/api/v2/pokemon/530/"
    },
    {
      "name": "eelektross",
      "url": "https://pokeapi.co/api/v2/pokemon/604/"
    },
    {
      "name": "druddigon",
      "url": "https://pokeapi.co/api/v2/pokemon/621/"
    },
    {
      "name": "rufflet",
      "url": "https://pokeapi.co/api/v2/pokemon/627/"
    },
    {
      "name": "braviary",
      "url": "https://pokeapi.co/api/v2/pokemon/628/"
    },
    {
      "name": "rockruff",
      "url": "https://pokeapi.co/api/v2/pokemon/744/"
    },
    {
      "name": "type-null",
      "url": "https://pokeapi.co/api/v2/pokemon/772/"
    },
    {
      "name": "silvally",
      "url": "https://pokeapi.co/api/v2/pokemon/773/"
    },
    {
      "name": "gouging-fire",
      "url": "https://pokeapi.co/api/v2/pokemon/1020/"
    },
    {
      "name": "kangaskhan-mega",
      "url": "https://pokeapi.co/api/v2/pokemon/10039/"
    },
    {
      "name": "pikachu-sinnoh-cap",
      "url": "https://pokeapi.co/api/v2/pokemon/10096/"
    },
    {
      "name": "sandshrew-alola",
      "url": "https://pokeapi.co/api/v2/pokemon/10101/"
    },
    {
      "name": "sandslash-alola",
      "url": "https://pokeapi.co/api/v2/pokemon/10102/"
    },
    {
      "name": "rockruff-own-tempo",
      "url": "https://pokeapi.co/api/v2/pokemon/10151/"
    },
    {
      "name": "lycanroc-dusk",
      "url": "https://pokeapi.co/api/v2/pokemon/10152/"
    },
    {
      "name": "braviary-hisui",
      "url": "https://pokeapi.co/api/v2/pokemon/10240/"
    }
  ],
  "machines": [],
  "meta": {
    "ailment": {
      "name": "none",
      "url": "https://pokeapi.co/api/v2/move-ailment/0/"
    },
    "ailment_chance": 0,
    "category": {
      "name": "damage+lower",
      "url": "https://pokeapi.co/api/v2/move-category/6/"
    },
    "crit_rate": 0,
    "drain": 0,
    "flinch_chance": 0,
    "healing": 0,
    "max_hits": null,
    "max_turns": null,
    "min_hits": null,
    "min_turns": null,
    "stat_chance": 50
  },
  "name": "crush-claw",
  "names": [
    {
      "language": {
        "name": "ja-Hrkt",
        "url": "https://pokeapi.co/api/v2/language/1/"
      },
      "name": "\u30d6\u30ec\u30a4\u30af\u30af\u30ed\u30fc"
    },
    {
      "language": {
        "name": "ko",
        "url": "https://pokeapi.co/api/v2/language/3/"
      },
      "name": "\ube0c\ub808\uc774\ud06c\ud06c\ub8e8"
    },
    {
      "language": {
        "name": "zh-Hant",
        "url": "https://pokeapi.co/api/v2/language/4/"
      },
      "name": "\u6495\u88c2\u722a"
    },
    {
      "language": {
        "name": "fr",
        "url": "https://pokeapi.co/api/v2/language/5/"
      },
      "name": "\u00c9clate Griffe"
    },
    {
      "language": {
        "name": "de",
        "url": "https://pokeapi.co/api/v2/language/6/"
      },
      "name": "Zermalmklaue"
    },
    {
      "language": {
        "name": "es",
        "url": "https://pokeapi.co/api/v2/language/7/"
      },
      "name": "Garra Brutal"
    },
    {
      "language": {
        "name": "it",
        "url": "https://pokeapi.co/api/v2/language/8/"
      },
      "name": "Tritartigli"
    },
    {
      "language": {
        "name": "en",
        "url": "https://pokeapi.co/api/v2/language/9/"
      },
      "name": "Crush Claw"
    },
    {
      "language": {
        "name": "ja",
        "url": "https://pokeapi.co/api/v2/language/11/"
      },
      "name": "\u30d6\u30ec\u30a4\u30af\u30af\u30ed\u30fc"
    },
    {
      "language": {
        "name": "zh-Hans",
        "url": "https://pokeapi.co/api/v2/language/12/"
      },
      "name": "\u6495\u88c2\u722a"
    }
  ],
  "past_values": [],
  "power": 75,
  "pp": 10,
  "priority": 0,
  "stat_changes": [
    {
      "change": -1,
      "stat": {
        "name": "defense",
        "url": "https://pokeapi.co/api/v2/stat/3/"
      }
    }
  ],
  "super_contest_effect": {
    "url": "https://pokeapi.co/api/v2/super-contest-effect/5/"
  },
  "target": {
    "name": "selected-pokemon",
    "url": "https://pokeapi.co/api/v2/move-target/10/"
  },
  "type": {
    "name": "normal",
    "url": "https://pokeapi.co/api/v2/type/1/"
  }
}